fusion_name,file_name,kind,qty,bodies,children,material,mass_g,bbox_x_mm,bbox_y_mm,bbox_z_mm,linked,out_of_date,path
000_left_arm_long_wrist_latest,000_left_arm_long_wrist_latest,subassembly,1,0,163,,4610.3,111.1,202.2,523.8,True,,000_left_arm_long_wrist_latest:1
001_left_wrist_long_latest,001_left_wrist_long_latest,subassembly,1,0,4,,867.6,77.9,75.1,217.3,True,,000_left_arm_long_wrist_latest:1+001_left_wrist_long_latest:1
3DP_arm11_x2_wrist_roll,3DP_arm11_x2_wrist_roll,part,1,1,0,Nylon 12 (with Formlabs Fuse 1 3D Printer),72.1,68.6,47.1,122.3,False,,000_left_arm_long_wrist_latest:1+001_left_wrist_long_latest:1+3DP_arm11_x2_wrist_roll:1
robstride00,robstride00,subassembly,2,0,4,,310.0,80.7,80.7,165.4,True,,000_left_arm_long_wrist_latest:1+001_left_wrist_long_latest:1+robstride00:1
CORE,CORE,part,2,1,0,core-material,177.5,43.2,43.2,31.0,False,,000_left_arm_long_wrist_latest:1+001_left_wrist_long_latest:1+robstride00:1+CORE:1
FL57BLW12-24V-10N.m-DE.stp,FL57BLW12-24V-10N.m-DE.stp,subassembly,2,0,19,,106.5,69.0,62.4,165.4,False,,000_left_arm_long_wrist_latest:1+001_left_wrist_long_latest:1+robstride00:1+FL57BLW12-24V-10N.m-DE.stp:1
10NM_PCB_2024-10-30_ASM_ASM_ASM.stp,10NM_PCB_2024-10-30_ASM_ASM_ASM.stp,subassembly,2,0,1,,11.1,51.6,54.3,5.3,False,,000_left_arm_long_wrist_latest:1+001_left_wrist_long_latest:1+robstride00:1+FL57BLW12-24V-10N.m-DE.stp:1+10NM_PCB_2024-10-30_ASM_ASM_ASM.stp:1
10NM_PCB_2024-10-30_ASM_ASM_1_ASM.stp,10NM_PCB_2024-10-30_ASM_ASM_1_ASM.stp,subassembly,2,0,1,,11.1,51.6,54.3,5.3,False,,000_left_arm_long_wrist_latest:1+001_left_wrist_long_latest:1+robstride00:1+FL57BLW12-24V-10N.m-DE.stp:1+10NM_PCB_2024-10-30_ASM_ASM_ASM.stp:1+10NM_PCB_2024-10-30_ASM_ASM_1_ASM.stp:1
10NM_PCB_2024-10-30_ASM_1_ASM_1_ASM.stp,10NM_PCB_2024-10-30_ASM_1_ASM_1_ASM.stp,subassembly,2,0,1,,11.1,51.6,54.3,5.3,False,,000_left_arm_long_wrist_latest:1+001_left_wrist_long_latest:1+robstride00:1+FL57BLW12-24V-10N.m-DE.stp:1+10NM_PCB_2024-10-30_ASM_ASM_ASM.stp:1+10NM_PCB_2024-10-30_ASM_ASM_1_ASM.stp:1+10NM_PCB_2024-10-30_ASM_1_ASM_1_ASM.stp:1
10NM_PCB_2024-10-30_1_ASM_1_ASM_ASM.stp,10NM_PCB_2024-10-30_1_ASM_1_ASM_ASM.stp,subassembly,2,0,3,,11.1,51.6,54.3,5.3,False,,000_left_arm_long_wrist_latest:1+001_left_wrist_long_latest:1+robstride00:1+FL57BLW12-24V-10N.m-DE.stp:1+10NM_PCB_2024-10-30_ASM_ASM_ASM.stp:1+10NM_PCB_2024-10-30_ASM_ASM_1_ASM.stp:1+10NM_PCB_2024-10-30_ASM_1_ASM_1_ASM.stp:1+10NM_PCB_2024-10-30_1_ASM_1_ASM_ASM.stp:1
BOARD_3D_KMMV03_2024-10-21_2__2.stp,BOARD_3D_KMMV03_2024-10-21_2__2.stp,part,2,1,0,FR4,5.2,51.6,48.5,1.6,False,,000_left_arm_long_wrist_latest:1+001_left_wrist_long_latest:1+robstride00:1+FL57BLW12-24V-10N.m-DE.stp:1+10NM_PCB_2024-10-30_ASM_ASM_ASM.stp:1+10NM_PCB_2024-10-30_ASM_ASM_1_ASM.stp:1+10NM_PCB_2024-10-30_ASM_1_ASM_1_ASM.stp:1+10NM_PCB_2024-10-30_1_ASM_1_ASM_ASM.stp:1+BOARD_3D_KMMV03_2024-10-21_2__2.stp:1
VHZD-CN1_3D_KMMV03_2024-10-21_3_ASM.stp,VHZD-CN1_3D_KMMV03_2024-10-21_3_ASM.stp,subassembly,2,0,1,,2.9,15.5,5.2,11.3,False,,000_left_arm_long_wrist_latest:1+001_left_wrist_long_latest:1+robstride00:1+FL57BLW12-24V-10N.m-DE.stp:1+10NM_PCB_2024-10-30_ASM_ASM_ASM.stp:1+10NM_PCB_2024-10-30_ASM_ASM_1_ASM.stp:1+10NM_PCB_2024-10-30_ASM_1_ASM_1_ASM.stp:1+10NM_PCB_2024-10-30_1_ASM_1_ASM_ASM.stp:1+VHZD-CN1_3D_KMMV03_2024-10-21_3_ASM.stp:1
CON_P4_11_438X3_2_HD_STEP_ASM_2_ASM.stp,CON_P4_11_438X3_2_HD_STEP_ASM_2_ASM.stp,subassembly,2,0,1,,2.9,15.5,5.2,11.3,False,,000_left_arm_long_wrist_latest:1+001_left_wrist_long_latest:1+robstride00:1+FL57BLW12-24V-10N.m-DE.stp:1+10NM_PCB_2024-10-30_ASM_ASM_ASM.stp:1+10NM_PCB_2024-10-30_ASM_ASM_1_ASM.stp:1+10NM_PCB_2024-10-30_ASM_1_ASM_1_ASM.stp:1+10NM_PCB_2024-10-30_1_ASM_1_ASM_ASM.stp:1+VHZD-CN1_3D_KMMV03_2024-10-21_3_ASM.stp:1+CON_P4_11_438X3_2_HD_STEP_ASM_2_ASM.stp:1
SOLID-17_CON_P4_11_438X3_2_HD_3.stp,SOLID-17_CON_P4_11_438X3_2_HD_3.stp,part,2,1,0,Steel,2.9,15.5,5.2,11.3,False,,000_left_arm_long_wrist_latest:1+001_left_wrist_long_latest:1+robstride00:1+FL57BLW12-24V-10N.m-DE.stp:1+10NM_PCB_2024-10-30_ASM_ASM_ASM.stp:1+10NM_PCB_2024-10-30_ASM_ASM_1_ASM.stp:1+10NM_PCB_2024-10-30_ASM_1_ASM_1_ASM.stp:1+10NM_PCB_2024-10-30_1_ASM_1_ASM_ASM.stp:1+VHZD-CN1_3D_KMMV03_2024-10-21_3_ASM.stp:1+CON_P4_11_438X3_2_HD_STEP_ASM_2_ASM.stp:1+SOLID-17_CON_P4_11_438X3_2_HD_3.stp:1
VHZD-CN2_3D_KMMV03_2024-10-21_3_ASM.stp,VHZD-CN2_3D_KMMV03_2024-10-21_3_ASM.stp,subassembly,2,0,1,,2.9,15.5,5.2,11.3,False,,000_left_arm_long_wrist_latest:1+001_left_wrist_long_latest:1+robstride00:1+FL57BLW12-24V-10N.m-DE.stp:1+10NM_PCB_2024-10-30_ASM_ASM_ASM.stp:1+10NM_PCB_2024-10-30_ASM_ASM_1_ASM.stp:1+10NM_PCB_2024-10-30_ASM_1_ASM_1_ASM.stp:1+10NM_PCB_2024-10-30_1_ASM_1_ASM_ASM.stp:1+VHZD-CN2_3D_KMMV03_2024-10-21_3_ASM.stp:1
CON_P4_11_438X3_2_HD_VHZD-CN2_2_ASM.stp,CON_P4_11_438X3_2_HD_VHZD-CN2_2_ASM.stp,subassembly,2,0,1,,2.9,15.5,5.2,11.3,False,,000_left_arm_long_wrist_latest:1+001_left_wrist_long_latest:1+robstride00:1+FL57BLW12-24V-10N.m-DE.stp:1+10NM_PCB_2024-10-30_ASM_ASM_ASM.stp:1+10NM_PCB_2024-10-30_ASM_ASM_1_ASM.stp:1+10NM_PCB_2024-10-30_ASM_1_ASM_1_ASM.stp:1+10NM_PCB_2024-10-30_1_ASM_1_ASM_ASM.stp:1+VHZD-CN2_3D_KMMV03_2024-10-21_3_ASM.stp:1+CON_P4_11_438X3_2_HD_VHZD-CN2_2_ASM.stp:1
SOLID-17_CON_P4_11_438X3_2_HD_2.stp,SOLID-17_CON_P4_11_438X3_2_HD_2.stp,part,2,1,0,Steel,2.9,15.5,5.2,11.3,False,,000_left_arm_long_wrist_latest:1+001_left_wrist_long_latest:1+robstride00:1+FL57BLW12-24V-10N.m-DE.stp:1+10NM_PCB_2024-10-30_ASM_ASM_ASM.stp:1+10NM_PCB_2024-10-30_ASM_ASM_1_ASM.stp:1+10NM_PCB_2024-10-30_ASM_1_ASM_1_ASM.stp:1+10NM_PCB_2024-10-30_1_ASM_1_ASM_ASM.stp:1+VHZD-CN2_3D_KMMV03_2024-10-21_3_ASM.stp:1+CON_P4_11_438X3_2_HD_VHZD-CN2_2_ASM.stp:1+SOLID-17_CON_P4_11_438X3_2_HD_2.stp:1
1_1_02_EB571-960.stp,1_1_02_EB571-960.stp,part,2,7,0,Aluminum A356 T6; Steel,16.2,57.0,6.4,57.0,False,,000_left_arm_long_wrist_latest:1+001_left_wrist_long_latest:1+robstride00:1+FL57BLW12-24V-10N.m-DE.stp:1+1_1_02_EB571-960.stp:1
1_1_04_EB572-5105.stp,1_1_04_EB572-5105.stp,part,2,9,0,Aluminum A356 T6; Steel,13.5,57.0,57.0,8.2,False,,000_left_arm_long_wrist_latest:1+001_left_wrist_long_latest:1+robstride00:1+FL57BLW12-24V-10N.m-DE.stp:1+1_1_04_EB572-5105.stp:1
1_1_06_EB573-643.stp,1_1_06_EB573-643.stp,part,2,14,0,Aluminum A356 T6; Steel,36.1,57.0,57.0,30.8,False,,000_left_arm_long_wrist_latest:1+001_left_wrist_long_latest:1+robstride00:1+FL57BLW12-24V-10N.m-DE.stp:1+1_1_06_EB573-643.stp:1
1_1_14_PL574-570.stp,1_1_14_PL574-570.stp,part,2,1,0,Steel,2.0,12.5,2.2,17.9,False,,000_left_arm_long_wrist_latest:1+001_left_wrist_long_latest:1+robstride00:1+FL57BLW12-24V-10N.m-DE.stp:1+1_1_14_PL574-570.stp:1
1_1_30_GR-2087_ASM.stp,1_1_30_GR-2087_ASM.stp,subassembly,2,0,1,,22.3,5.5,44.0,44.0,False,,000_left_arm_long_wrist_latest:1+001_left_wrist_long_latest:1+robstride00:1+FL57BLW12-24V-10N.m-DE.stp:1+1_1_30_GR-2087_ASM.stp:1
XXL-15547_ASM.stp,XXL-15547_ASM.stp,subassembly,2,0,2,,22.3,5.5,44.0,44.0,False,,000_left_arm_long_wrist_latest:1+001_left_wrist_long_latest:1+robstride00:1+FL57BLW12-24V-10N.m-DE.stp:1+1_1_30_GR-2087_ASM.stp:1+XXL-15547_ASM.stp:1
1_21_121000022__SGQZC619-4_4-.stp,1_21_121000022__SGQZC619-4_4-.stp,part,2,1,0,Steel,1.9,4.0,11.0,11.0,False,,000_left_arm_long_wrist_latest:1+001_left_wrist_long_latest:1+robstride00:1+FL57BLW12-24V-10N.m-DE.stp:1+1_1_30_GR-2087_ASM.stp:1+XXL-15547_ASM.stp:1+1_21_121000022__SGQZC619-4_4-.stp:1
SGQZC__35.stp,SGQZC__35.stp,part,2,1,0,Steel,20.4,5.0,44.0,44.0,False,,000_left_arm_long_wrist_latest:1+001_left_wrist_long_latest:1+robstride00:1+FL57BLW12-24V-10N.m-DE.stp:1+1_1_30_GR-2087_ASM.stp:1+XXL-15547_ASM.stp:1+SGQZC__35.stp:1
1_2_04_000306.stp,1_2_04_000306.stp,part,2,1,0,Steel,0.9,9.0,2.4,9.0,False,,000_left_arm_long_wrist_latest:1+001_left_wrist_long_latest:1+robstride00:1+FL57BLW12-24V-10N.m-DE.stp:1+1_2_04_000306.stp:1
1_2_05_000314.stp,1_2_05_000314.stp,part,2,1,0,Steel,0.2,2.3,6.0,2.5,False,,000_left_arm_long_wrist_latest:1+001_left_wrist_long_latest:1+robstride00:1+FL57BLW12-24V-10N.m-DE.stp:1+1_2_05_000314.stp:1
1_2_05_020068.stp,1_2_05_020068.stp,part,14,1,0,Steel,0.4,7.8,4.6,4.6,False,,000_left_arm_long_wrist_latest:1+001_left_wrist_long_latest:1+robstride00:1+FL57BLW12-24V-10N.m-DE.stp:1+1_2_05_020068.stp:1
1_2_05_025121.stp,1_2_05_025121.stp,part,8,1,0,Steel,0.4,12.2,4.7,4.7,False,,000_left_arm_long_wrist_latest:1+001_left_wrist_long_latest:1+robstride00:1+FL57BLW12-24V-10N.m-DE.stp:1+1_2_05_025121.stp:1
OUTPUT-SHAFT.stp,OUTPUT-SHAFT.stp,part,2,1,0,Aluminum A356 T6,11.7,6.7,35.0,35.0,False,,000_left_arm_long_wrist_latest:1+001_left_wrist_long_latest:1+robstride00:1+OUTPUT-SHAFT.stp:1
back_lid_1_1_06_EB573-642.stp,back_lid_1_1_06_EB573-642.stp,part,2,5,0,Aluminum A356 T6; Steel,14.4,57.0,57.0,10.5,False,,000_left_arm_long_wrist_latest:1+001_left_wrist_long_latest:1+robstride00:1+back_lid_1_1_06_EB573-642.stp:1
v15_right_end_effector_attachment,v15_right_end_effector_attachment,part,2,1,0,Nylon 12 (with Formlabs Fuse 1 3D Printer),130.2,66.0,55.5,98.0,True,,000_left_arm_long_wrist_latest:1+001_left_wrist_long_latest:1+v15_right_end_effector_attachment:1
wrist_3-left,wrist_3-left,subassembly,2,0,4,,355.2,71.5,71.9,131.1,True,,000_left_arm_long_wrist_latest:1+001_left_wrist_long_latest:1+wrist_3-left:1
Component5,Component5,part,2,1,0,Nylon 12 (with Formlabs Fuse 1 3D Printer),138.0,71.9,68.0,131.1,False,,000_left_arm_long_wrist_latest:1+001_left_wrist_long_latest:1+wrist_3-left:1+Component5:1
bearing_30x37x4_6706_0.9kN_8g,bearing_30x37x4_6706_0.9kN_8g,subassembly,2,0,2,,8.2,37.1,37.1,4.1,True,,000_left_arm_long_wrist_latest:1+001_left_wrist_long_latest:1+wrist_3-left:1+bearing_30x37x4_6706_0.9kN_8g:1
half-bearing_30x37x4_6706_0.9kN_8g,half-bearing_30x37x4_6706_0.9kN_8g,part,4,30,0,half steel,4.1,37.0,37.0,4.0,False,,000_left_arm_long_wrist_latest:1+001_left_wrist_long_latest:1+wrist_3-left:1+bearing_30x37x4_6706_0.9kN_8g:1+half-bearing_30x37x4_6706_0.9kN_8g:1
robstride05,robstride05,subassembly,2,0,3,,194.1,56.1,65.1,215.6,True,,000_left_arm_long_wrist_latest:1+001_left_wrist_long_latest:1+wrist_3-left:1+robstride05:1
1_1_30_GR-2202_ASM^FL46BLW10-48V-5N.m-DE(2)_FL46BLW10-48V-5N.m-DE,1_1_30_GR-2202_ASM_FL46BLW10-48V-5N.m-DE_2__FL46BLW10-48V-5N.m-DE,subassembly,2,0,1,,23.9,37.0,37.0,14.0,False,,000_left_arm_long_wrist_latest:1+001_left_wrist_long_latest:1+wrist_3-left:1+robstride05:1+1_1_30_GR-2202_ASM^FL46BLW10-48V-5N.m-DE(2)_FL46BLW10-48V-5N.m-DE:1
1_1_30_GR-2202_ASM_1_ASM^1_1_30_GR-2202_ASM_FL46BLW10-48V-5N.m-DE(2)_FL46BLW10-48V-5N.m-DE,1_1_30_GR-2202_ASM_1_ASM_1_1_30_GR-2202_ASM_FL46BLW10-48V-5N.m-DE_2__FL46BLW10-48V-5N.m-DE,subassembly,2,0,3,,23.9,37.0,37.0,14.0,False,,000_left_arm_long_wrist_latest:1+001_left_wrist_long_latest:1+wrist_3-left:1+robstride05:1+1_1_30_GR-2202_ASM^FL46BLW10-48V-5N.m-DE(2)_FL46BLW10-48V-5N.m-DE:1+1_1_30_GR-2202_ASM_1_ASM^1_1_30_GR-2202_ASM_FL46BLW10-48V-5N.m-DE(2)_FL46BLW10-48V-5N.m-DE:1
0001755652^1_1_30_GR-2202_ASM_1_ASM_1_1_30_GR-2202_ASM_FL46BLW10-48V-5N.m-DE(2)_FL46BLW10-48V-5N.m-DE,0001755652_1_1_30_GR-2202_ASM_1_ASM_1_1_30_GR-2202_ASM_FL46BLW10-48V-5N.m-DE_2__FL46BLW10-48V-5N.m-DE,part,4,1,0,Steel,1.4,4.0,4.0,14.0,False,,000_left_arm_long_wrist_latest:1+001_left_wrist_long_latest:1+wrist_3-left:1+robstride05:1+1_1_30_GR-2202_ASM^FL46BLW10-48V-5N.m-DE(2)_FL46BLW10-48V-5N.m-DE:1+1_1_30_GR-2202_ASM_1_ASM^1_1_30_GR-2202_ASM_FL46BLW10-48V-5N.m-DE(2)_FL46BLW10-48V-5N.m-DE:1+0001755652^1_1_30_GR-2202_ASM_1_ASM_1_1_30_GR-2202_ASM_FL46BLW10-48V-5N.m-DE(2)_FL46BLW10-48V-5N.m-DE:1
00MINI-_20250103_A0001_ASM_1_AS_ASM^1_1_30_GR-2202_ASM_1_ASM_1_1_30_GR-2202_ASM_FL46BLW10-48V-5N.m-DE(2)_FL46BLW10-48V-5N.m-DE,00MINI-_20250103_A0001_ASM_1_AS_ASM_1_1_30_GR-2202_ASM_1_ASM_1_1_30_GR-2202_ASM_FL46BLW10-48V-5N.m-DE_2__FL46BLW10-48V-5N.m-DE,subassembly,2,0,1,,21.2,37.0,37.0,14.0,False,,000_left_arm_long_wrist_latest:1+001_left_wrist_long_latest:1+wrist_3-left:1+robstride05:1+1_1_30_GR-2202_ASM^FL46BLW10-48V-5N.m-DE(2)_FL46BLW10-48V-5N.m-DE:1+1_1_30_GR-2202_ASM_1_ASM^1_1_30_GR-2202_ASM_FL46BLW10-48V-5N.m-DE(2)_FL46BLW10-48V-5N.m-DE:1+00MINI-_20250103_A0001_ASM_1_AS_ASM^1_1_30_GR-2202_ASM_1_ASM_1_1_30_GR-2202_ASM_FL46BLW10-48V-5N.m-DE(2)_FL46BLW10-48V-5N.m-DE:1
00MINI-000_ASM_1_ASM_1_ASM^00MINI-_20250103_A0001_ASM_1_AS_ASM_1_1_30_GR-2202_ASM_1_ASM_1_1_30_GR-2202_ASM_FL46BLW10-48V-5N.m-DE(2)_FL46BLW10-48V-5N.m-DE,00MINI-000_ASM_1_ASM_1_ASM_00MINI-_20250103_A0001_ASM_1_AS_ASM_1_1_30_GR-2202_ASM_1_ASM_1_1_30_GR-2202_ASM_FL46BLW10-48V-5N.m-DE_2__FL46BLW10-48V-5N.m-DE,subassembly,2,0,4,,21.2,37.0,37.0,14.0,False,,000_left_arm_long_wrist_latest:1+001_left_wrist_long_latest:1+wrist_3-left:1+robstride05:1+1_1_30_GR-2202_ASM^FL46BLW10-48V-5N.m-DE(2)_FL46BLW10-48V-5N.m-DE:1+1_1_30_GR-2202_ASM_1_ASM^1_1_30_GR-2202_ASM_FL46BLW10-48V-5N.m-DE(2)_FL46BLW10-48V-5N.m-DE:1+00MINI-_20250103_A0001_ASM_1_AS_ASM^1_1_30_GR-2202_ASM_1_ASM_1_1_30_GR-2202_ASM_FL46BLW10-48V-5N.m-DE(2)_FL46BLW10-48V-5N.m-DE:1+00MINI-000_ASM_1_ASM_1_ASM^00MINI-_20250103_A0001_ASM_1_AS_ASM_1_1_30_GR-2202_ASM_1_ASM_1_1_30_GR-2202_ASM_FL46BLW10-48V-5N.m-DE(2)_FL46BLW10-48V-5N.m-DE:1
0001755650^00MINI-000_ASM_1_ASM_1_ASM_00MINI-_20250103_A0001_ASM_1_AS_ASM_1_1_30_GR-2202_ASM_1_ASM_1_1_30_GR-2202_ASM_FL46BLW10-48V-5N.m-DE(2)_FL46BLW10-48V-5N.m-DE,0001755650_00MINI-000_ASM_1_ASM_1_ASM_00MINI-_20250103_A0001_ASM_1_AS_ASM_1_1_30_GR-2202_ASM_1_ASM_1_1_30_GR-2202_ASM_FL46BLW10-48V-5N.m-DE_2__FL46BLW10-48V-5N.m-DE,part,2,1,0,Aluminum A356 T6,8.1,32.0,32.0,8.0,False,,000_left_arm_long_wrist_latest:1+001_left_wrist_long_latest:1+wrist_3-left:1+robstride05:1+1_1_30_GR-2202_ASM^FL46BLW10-48V-5N.m-DE(2)_FL46BLW10-48V-5N.m-DE:1+1_1_30_GR-2202_ASM_1_ASM^1_1_30_GR-2202_ASM_FL46BLW10-48V-5N.m-DE(2)_FL46BLW10-48V-5N.m-DE:1+00MINI-_20250103_A0001_ASM_1_AS_ASM^1_1_30_GR-2202_ASM_1_ASM_1_1_30_GR-2202_ASM_FL46BLW10-48V-5N.m-DE(2)_FL46BLW10-48V-5N.m-DE:1+00MINI-000_ASM_1_ASM_1_ASM^00MINI-_20250103_A0001_ASM_1_AS_ASM_1_1_30_GR-2202_ASM_1_ASM_1_1_30_GR-2202_ASM_FL46BLW10-48V-5N.m-DE(2)_FL46BLW10-48V-5N.m-DE:1+0001755650^00MINI-000_ASM_1_ASM_1_ASM_00MINI-_20250103_A0001_ASM_1_AS_ASM_1_1_30_GR-2202_ASM_1_ASM_1_1_30_GR-2202_ASM_FL46BLW10-48V-5N.m-DE(2)_FL46BLW10-48V-5N.m-DE:1
0001755652^00MINI-000_ASM_1_ASM_1_ASM_00MINI-_20250103_A0001_ASM_1_AS_ASM_1_1_30_GR-2202_ASM_1_ASM_1_1_30_GR-2202_ASM_FL46BLW10-48V-5N.m-DE(2)_FL46BLW10-48V-5N.m-DE,0001755652_00MINI-000_ASM_1_ASM_1_ASM_00MINI-_20250103_A0001_ASM_1_AS_ASM_1_1_30_GR-2202_ASM_1_ASM_1_1_30_GR-2202_ASM_FL46BLW10-48V-5N.m-DE_2__FL46BLW10-48V-5N.m-DE,part,2,1,0,Steel,1.4,4.0,4.0,14.0,False,,000_left_arm_long_wrist_latest:1+001_left_wrist_long_latest:1+wrist_3-left:1+robstride05:1+1_1_30_GR-2202_ASM^FL46BLW10-48V-5N.m-DE(2)_FL46BLW10-48V-5N.m-DE:1+1_1_30_GR-2202_ASM_1_ASM^1_1_30_GR-2202_ASM_FL46BLW10-48V-5N.m-DE(2)_FL46BLW10-48V-5N.m-DE:1+00MINI-_20250103_A0001_ASM_1_AS_ASM^1_1_30_GR-2202_ASM_1_ASM_1_1_30_GR-2202_ASM_FL46BLW10-48V-5N.m-DE(2)_FL46BLW10-48V-5N.m-DE:1+00MINI-000_ASM_1_ASM_1_ASM^00MINI-_20250103_A0001_ASM_1_AS_ASM_1_1_30_GR-2202_ASM_1_ASM_1_1_30_GR-2202_ASM_FL46BLW10-48V-5N.m-DE(2)_FL46BLW10-48V-5N.m-DE:1+0001755652^00MINI-000_ASM_1_ASM_1_ASM_00MINI-_20250103_A0001_ASM_1_AS_ASM_1_1_30_GR-2202_ASM_1_ASM_1_1_30_GR-2202_ASM_FL46BLW10-48V-5N.m-DE(2)_FL46BLW10-48V-5N.m-DE:1
1_21_121000022__610001_1_1^00MINI-000_ASM_1_ASM_1_ASM_00MINI-_20250103_A0001_ASM_1_AS_ASM_1_1_30_GR-2202_ASM_1_ASM_1_1_30_GR-2202_ASM_FL46BLW10-48V-5N.m-DE(2)_FL46BLW10-48V-5N.m-DE,1_21_121000022__610001_1_1_00MINI-000_ASM_1_ASM_1_ASM_00MINI-_20250103_A0001_ASM_1_AS_ASM_1_1_30_GR-2202_ASM_1_ASM_1_1_30_GR-2202_ASM_FL46BLW10-48V-5N.m-DE_2__FL46BLW10-48V-5N.m-DE,part,2,1,0,Steel,1.9,4.0,11.0,11.0,False,,000_left_arm_long_wrist_latest:1+001_left_wrist_long_latest:1+wrist_3-left:1+robstride05:1+1_1_30_GR-2202_ASM^FL46BLW10-48V-5N.m-DE(2)_FL46BLW10-48V-5N.m-DE:1+1_1_30_GR-2202_ASM_1_ASM^1_1_30_GR-2202_ASM_FL46BLW10-48V-5N.m-DE(2)_FL46BLW10-48V-5N.m-DE:1+00MINI-_20250103_A0001_ASM_1_AS_ASM^1_1_30_GR-2202_ASM_1_ASM_1_1_30_GR-2202_ASM_FL46BLW10-48V-5N.m-DE(2)_FL46BLW10-48V-5N.m-DE:1+00MINI-000_ASM_1_ASM_1_ASM^00MINI-_20250103_A0001_ASM_1_AS_ASM_1_1_30_GR-2202_ASM_1_ASM_1_1_30_GR-2202_ASM_FL46BLW10-48V-5N.m-DE(2)_FL46BLW10-48V-5N.m-DE:1+1_21_121000022__610001_1_1^00MINI-000_ASM_1_ASM_1_ASM_00MINI-_20250103_A0001_ASM_1_AS_ASM_1_1_30_GR-2202_ASM_1_ASM_1_1_30_GR-2202_ASM_FL46BLW10-48V-5N.m-DE(2)_FL46BLW10-48V-5N.m-DE:1
6706__300001_1_1^00MINI-000_ASM_1_ASM_1_ASM_00MINI-_20250103_A0001_ASM_1_AS_ASM_1_1_30_GR-2202_ASM_1_ASM_1_1_30_GR-2202_ASM_FL46BLW10-48V-5N.m-DE(2)_FL46BLW10-48V-5N.m-DE,6706__300001_1_1_00MINI-000_ASM_1_ASM_1_ASM_00MINI-_20250103_A0001_ASM_1_AS_ASM_1_1_30_GR-2202_ASM_1_ASM_1_1_30_GR-2202_ASM_FL46BLW10-48V-5N.m-DE_2__FL46BLW10-48V-5N.m-DE,part,2,1,0,Steel,9.9,37.0,37.0,4.0,False,,000_left_arm_long_wrist_latest:1+001_left_wrist_long_latest:1+wrist_3-left:1+robstride05:1+1_1_30_GR-2202_ASM^FL46BLW10-48V-5N.m-DE(2)_FL46BLW10-48V-5N.m-DE:1+1_1_30_GR-2202_ASM_1_ASM^1_1_30_GR-2202_ASM_FL46BLW10-48V-5N.m-DE(2)_FL46BLW10-48V-5N.m-DE:1+00MINI-_20250103_A0001_ASM_1_AS_ASM^1_1_30_GR-2202_ASM_1_ASM_1_1_30_GR-2202_ASM_FL46BLW10-48V-5N.m-DE(2)_FL46BLW10-48V-5N.m-DE:1+00MINI-000_ASM_1_ASM_1_ASM^00MINI-_20250103_A0001_ASM_1_AS_ASM_1_1_30_GR-2202_ASM_1_ASM_1_1_30_GR-2202_ASM_FL46BLW10-48V-5N.m-DE(2)_FL46BLW10-48V-5N.m-DE:1+6706__300001_1_1^00MINI-000_ASM_1_ASM_1_ASM_00MINI-_20250103_A0001_ASM_1_AS_ASM_1_1_30_GR-2202_ASM_1_ASM_1_1_30_GR-2202_ASM_FL46BLW10-48V-5N.m-DE(2)_FL46BLW10-48V-5N.m-DE:1
Component20,Component20,part,2,1,0,CORE,120.3,34.0,34.0,29.0,False,,000_left_arm_long_wrist_latest:1+001_left_wrist_long_latest:1+wrist_3-left:1+robstride05:1+Component20:1
FL46BLW10-48V-5N.m-DE(2)^FL46BLW10-48V-5N.m-DE,FL46BLW10-48V-5N.m-DE_2_FL46BLW10-48V-5N.m-DE,subassembly,2,0,28,,49.8,44.0,65.1,65.1,False,,000_left_arm_long_wrist_latest:1+001_left_wrist_long_latest:1+wrist_3-left:1+robstride05:1+FL46BLW10-48V-5N.m-DE(2)^FL46BLW10-48V-5N.m-DE:1
1_1_02_EB461-502^FL46BLW10-48V-5N.m-DE(2)_FL46BLW10-48V-5N.m-DE,1_1_02_EB461-502_FL46BLW10-48V-5N.m-DE_2__FL46BLW10-48V-5N.m-DE,part,2,1,0,Aluminum A356 T6,10.0,46.0,46.0,9.0,False,,000_left_arm_long_wrist_latest:1+001_left_wrist_long_latest:1+wrist_3-left:1+robstride05:1+FL46BLW10-48V-5N.m-DE(2)^FL46BLW10-48V-5N.m-DE:1+1_1_02_EB461-502^FL46BLW10-48V-5N.m-DE(2)_FL46BLW10-48V-5N.m-DE:1
1_1_06_EB463-507^FL46BLW10-48V-5N.m-DE(2)_FL46BLW10-48V-5N.m-DE,1_1_06_EB463-507_FL46BLW10-48V-5N.m-DE_2__FL46BLW10-48V-5N.m-DE,part,2,1,0,Aluminum A356 T6,21.8,46.0,46.0,35.1,False,,000_left_arm_long_wrist_latest:1+001_left_wrist_long_latest:1+wrist_3-left:1+robstride05:1+FL46BLW10-48V-5N.m-DE(2)^FL46BLW10-48V-5N.m-DE:1+1_1_06_EB463-507^FL46BLW10-48V-5N.m-DE(2)_FL46BLW10-48V-5N.m-DE:1
1_1_06_EB463-509^FL46BLW10-48V-5N.m-DE(2)_FL46BLW10-48V-5N.m-DE,1_1_06_EB463-509_FL46BLW10-48V-5N.m-DE_2__FL46BLW10-48V-5N.m-DE,part,2,1,0,Aluminum A356 T6,6.3,46.0,46.0,4.7,False,,000_left_arm_long_wrist_latest:1+001_left_wrist_long_latest:1+wrist_3-left:1+robstride05:1+FL46BLW10-48V-5N.m-DE(2)^FL46BLW10-48V-5N.m-DE:1+1_1_06_EB463-509^FL46BLW10-48V-5N.m-DE(2)_FL46BLW10-48V-5N.m-DE:1
1_1_31_EB463-510^FL46BLW10-48V-5N.m-DE(2)_FL46BLW10-48V-5N.m-DE,1_1_31_EB463-510_FL46BLW10-48V-5N.m-DE_2__FL46BLW10-48V-5N.m-DE,part,2,1,0,Aluminum A356 T6,3.6,46.0,46.0,2.5,False,,000_left_arm_long_wrist_latest:1+001_left_wrist_long_latest:1+wrist_3-left:1+robstride05:1+FL46BLW10-48V-5N.m-DE(2)^FL46BLW10-48V-5N.m-DE:1+1_1_31_EB463-510^FL46BLW10-48V-5N.m-DE(2)_FL46BLW10-48V-5N.m-DE:1
1_2_05_000438^FL46BLW10-48V-5N.m-DE(2)_FL46BLW10-48V-5N.m-DE,1_2_05_000438_FL46BLW10-48V-5N.m-DE_2__FL46BLW10-48V-5N.m-DE,part,16,1,0,Steel,0.1,4.1,3.8,3.8,False,,000_left_arm_long_wrist_latest:1+001_left_wrist_long_latest:1+wrist_3-left:1+robstride05:1+FL46BLW10-48V-5N.m-DE(2)^FL46BLW10-48V-5N.m-DE:1+1_2_05_000438^FL46BLW10-48V-5N.m-DE(2)_FL46BLW10-48V-5N.m-DE:1
1_2_05_000555^FL46BLW10-48V-5N.m-DE(2)_FL46BLW10-48V-5N.m-DE,1_2_05_000555_FL46BLW10-48V-5N.m-DE_2__FL46BLW10-48V-5N.m-DE,part,16,1,0,Steel,0.1,6.1,3.8,3.8,False,,000_left_arm_long_wrist_latest:1+001_left_wrist_long_latest:1+wrist_3-left:1+robstride05:1+FL46BLW10-48V-5N.m-DE(2)^FL46BLW10-48V-5N.m-DE:1+1_2_05_000555^FL46BLW10-48V-5N.m-DE(2)_FL46BLW10-48V-5N.m-DE:1
1_2_05_000608^FL46BLW10-48V-5N.m-DE(2)_FL46BLW10-48V-5N.m-DE,1_2_05_000608_FL46BLW10-48V-5N.m-DE_2__FL46BLW10-48V-5N.m-DE,part,8,1,0,Steel,0.4,10.2,4.7,4.7,False,,000_left_arm_long_wrist_latest:1+001_left_wrist_long_latest:1+wrist_3-left:1+robstride05:1+FL46BLW10-48V-5N.m-DE(2)^FL46BLW10-48V-5N.m-DE:1+1_2_05_000608^FL46BLW10-48V-5N.m-DE(2)_FL46BLW10-48V-5N.m-DE:1
1_2_05_020051^FL46BLW10-48V-5N.m-DE(2)_FL46BLW10-48V-5N.m-DE,1_2_05_020051_FL46BLW10-48V-5N.m-DE_2__FL46BLW10-48V-5N.m-DE,part,6,2,0,Steel,0.2,4.0,4.0,6.6,False,,000_left_arm_long_wrist_latest:1+001_left_wrist_long_latest:1+wrist_3-left:1+robstride05:1+FL46BLW10-48V-5N.m-DE(2)^FL46BLW10-48V-5N.m-DE:1+1_2_05_020051^FL46BLW10-48V-5N.m-DE(2)_FL46BLW10-48V-5N.m-DE:1
1_2_16_001425^FL46BLW10-48V-5N.m-DE(2)_FL46BLW10-48V-5N.m-DE,1_2_16_001425_FL46BLW10-48V-5N.m-DE_2__FL46BLW10-48V-5N.m-DE,part,2,1,0,FR4,3.9,40.7,40.6,6.8,False,,000_left_arm_long_wrist_latest:1+001_left_wrist_long_latest:1+wrist_3-left:1+robstride05:1+FL46BLW10-48V-5N.m-DE(2)^FL46BLW10-48V-5N.m-DE:1+1_2_16_001425^FL46BLW10-48V-5N.m-DE(2)_FL46BLW10-48V-5N.m-DE:1
Robstride 03 - full,Robstride_03_-_full,subassembly,1,0,2,,909.0,99.6,98.6,56.6,False,,000_left_arm_long_wrist_latest:1+Robstride 03 - full:1
3_1_02_090_0073_ASM_1_1_ASM,3_1_02_090_0073_ASM_1_1_ASM,subassembly,1,0,12,,884.2,99.6,55.4,98.6,False,,000_left_arm_long_wrist_latest:1+Robstride 03 - full:1+3_1_02_090_0073_ASM_1_1_ASM:1
1_1_02_EB901-547_1_rotor,1_1_02_EB901-547_1_rotor,part,1,1,0,Aluminum A356 T6,37.1,47.0,47.0,11.5,False,,000_left_arm_long_wrist_latest:1+Robstride 03 - full:1+3_1_02_090_0073_ASM_1_1_ASM:1+1_1_02_EB901-547_1_rotor:1
1_1_06_EB903-534_ASM_1_1_ASM,1_1_06_EB903-534_ASM_1_1_ASM,subassembly,1,0,1,,153.6,99.5,98.6,39.5,False,,000_left_arm_long_wrist_latest:1+Robstride 03 - full:1+3_1_02_090_0073_ASM_1_1_ASM:1+1_1_06_EB903-534_ASM_1_1_ASM:1
1_1_06_EB903-537_1_1,1_1_06_EB903-537_1_1,part,1,1,0,matching A356,153.6,99.5,98.6,39.5,False,,000_left_arm_long_wrist_latest:1+Robstride 03 - full:1+3_1_02_090_0073_ASM_1_1_ASM:1+1_1_06_EB903-534_ASM_1_1_ASM:1+1_1_06_EB903-537_1_1:1
1_1_31_QT-942_1,1_1_31_QT-942_1,part,1,1,0,matching A356,53.9,98.6,99.5,14.2,False,,000_left_arm_long_wrist_latest:1+Robstride 03 - full:1+3_1_02_090_0073_ASM_1_1_ASM:1+1_1_31_QT-942_1:1
1_2_04_635000_1_1,1_2_04_635000_1_1,part,1,1,0,Steel,11.7,19.0,6.0,19.0,False,,000_left_arm_long_wrist_latest:1+Robstride 03 - full:1+3_1_02_090_0073_ASM_1_1_ASM:1+1_2_04_635000_1_1:1
1_2_04_680902_1_1,1_2_04_680902_1_1,part,1,1,0,Steel,52.1,58.0,58.0,7.0,False,,000_left_arm_long_wrist_latest:1+Robstride 03 - full:1+3_1_02_090_0073_ASM_1_1_ASM:1+1_2_04_680902_1_1:1
1_2_05_130001_1_1,1_2_05_130001_1_1,part,3,1,0,Steel,0.7,5.6,8.4,5.6,False,,000_left_arm_long_wrist_latest:1+Robstride 03 - full:1+3_1_02_090_0073_ASM_1_1_ASM:1+1_2_05_130001_1_1:1
1_2_06_000004_AF0_1_1,1_2_06_000004_AF0_1_1,part,1,1,0,Steel,0.2,18.7,18.6,1.1,False,,000_left_arm_long_wrist_latest:1+Robstride 03 - full:1+3_1_02_090_0073_ASM_1_1_ASM:1+1_2_06_000004_AF0_1_1:1
1_3_03_000357_1_1,1_3_03_000357_1_1,part,1,1,0,Steel,4.2,60.5,60.6,0.8,False,,000_left_arm_long_wrist_latest:1+Robstride 03 - full:1+3_1_02_090_0073_ASM_1_1_ASM:1+1_3_03_000357_1_1:1
CORE,CORE,part,1,1,0,core material,526.1,84.0,84.0,33.0,False,,000_left_arm_long_wrist_latest:1+Robstride 03 - full:1+3_1_02_090_0073_ASM_1_1_ASM:1+CORE:1
PBC,PBC,part,1,7,0,FR4; Steel; Discrete Component,43.4,68.0,76.0,6.7,False,,000_left_arm_long_wrist_latest:1+Robstride 03 - full:1+3_1_02_090_0073_ASM_1_1_ASM:1+PBC:1
BACK_COVER1_1_06_EB903-538_1,BACK_COVER1_1_06_EB903-538_1,subassembly,1,1,8,,24.7,97.6,79.5,24.6,False,,000_left_arm_long_wrist_latest:1+Robstride 03 - full:1+BACK_COVER1_1_06_EB903-538_1:1
1_2_05_020108_1_1,1_2_05_020108_1_1,part,4,1,0,Steel,0.4,12.1,3.8,3.8,False,,000_left_arm_long_wrist_latest:1+Robstride 03 - full:1+BACK_COVER1_1_06_EB903-538_1:1+1_2_05_020108_1_1:1
1_2_05_140095_1_1,1_2_05_140095_1_1,part,4,2,0,Steel,2.0,14.0,7.0,7.0,False,,000_left_arm_long_wrist_latest:1+Robstride 03 - full:1+BACK_COVER1_1_06_EB903-538_1:1+1_2_05_140095_1_1:1
Robstride 06-No Back Cover,Robstride_06-No_Back_Cover,subassembly,1,0,1,,598.8,84.5,82.0,43.0,False,,000_left_arm_long_wrist_latest:1+Robstride 06-No Back Cover:1
R06,R06,subassembly,1,0,5,,598.8,84.5,82.0,43.0,False,,000_left_arm_long_wrist_latest:1+Robstride 06-No Back Cover:1+R06:1
1_1_31_QT-1040^FL82BLW33-48V-35N.m(开模版)(1)_FL82BLW33-48V-35N.m(开模版)(1).STEP,1_1_31_QT-1040_FL82BLW33-48V-35N.m_1__FL82BLW33-48V-35N.m_1_.STEP,part,1,9,0,matching A356,32.5,82.0,84.5,12.0,False,,000_left_arm_long_wrist_latest:1+Robstride 06-No Back Cover:1+R06:1+1_1_31_QT-1040^FL82BLW33-48V-35N.m(开模版)(1)_FL82BLW33-48V-35N.m(开模版)(1).STEP:1
MAIN,MAIN,subassembly,1,0,1,,80.9,84.5,82.0,32.5,False,,000_left_arm_long_wrist_latest:1+Robstride 06-No Back Cover:1+R06:1+MAIN:1
1_1_06_EB823-507_AF0^1_1_06_EB823-509_ASM_FL82BLW33-48V-35N.m(开模版)(1)_FL82BLW33-48V-35N.m(开模版)(1).STEP,1_1_06_EB823-507_AF0_1_1_06_EB823-509_ASM_FL82BLW33-48V-35N.m_1__FL82BLW33-48V-35N.m_1_.STEP,part,1,1,0,matching A356,80.9,84.5,82.0,32.5,False,,000_left_arm_long_wrist_latest:1+Robstride 06-No Back Cover:1+R06:1+MAIN:1+1_1_06_EB823-507_AF0^1_1_06_EB823-509_ASM_FL82BLW33-48V-35N.m(开模版)(1)_FL82BLW33-48V-35N.m(开模版)(1).STEP:1
R06-ROTOR,R06-ROTOR,part,1,1,0,matching A356,20.2,37.0,37.0,10.5,False,,000_left_arm_long_wrist_latest:1+Robstride 06-No Back Cover:1+R06:1+R06-ROTOR:1
weight,weight,part,1,2,0,Steel; ABS Plastic,450.1,65.0,65.0,30.0,False,,000_left_arm_long_wrist_latest:1+Robstride 06-No Back Cover:1+R06:1+weight:1
bearings,bearings,subassembly,1,0,6,,89.7,366.6,61.5,61.5,False,,000_left_arm_long_wrist_latest:1+bearings:2
bearing_35x44x5_6707_1.6kN_15g,bearing_35x44x5_6707_1.6kN_15g,subassembly,7,0,2,,15.0,44.1,44.1,5.1,False,,000_left_arm_long_wrist_latest:1+bearings:2+bearing_35x44x5_6707_1.6kN_15g:2
half-bearing_35x44x5_6707_1.6kN_15g,half-bearing_35x44x5_6707_1.6kN_15g,part,14,28,0,half-steel,7.5,44.0,44.0,5.0,False,,000_left_arm_long_wrist_latest:1+bearings:2+bearing_35x44x5_6707_1.6kN_15g:2+half-bearing_35x44x5_6707_1.6kN_15g:1
elbow:wrist_roll,elbow_wrist_roll,subassembly,1,0,4,,189.1,111.1,111.1,156.8,False,,000_left_arm_long_wrist_latest:1+elbow:wrist_roll:2
CNC_arm09_x2_elbow_roll_output_shaft,CNC_arm09_x2_elbow_roll_output_shaft,part,1,1,0,Aluminum 6061,44.7,38.6,16.5,79.8,False,,000_left_arm_long_wrist_latest:1+elbow:wrist_roll:2+CNC_arm09_x2_elbow_roll_output_shaft:1
protections,protections,subassembly,1,0,6,,106.7,87.6,90.8,348.6,False,,000_left_arm_long_wrist_latest:1+protections:1
elbow_motor_protection,elbow_motor_protection,subassembly,1,0,2,,12.2,87.6,31.3,78.2,False,,000_left_arm_long_wrist_latest:1+protections:1+elbow_motor_protection:1
Component38,Component38,part,1,1,0,elbow_protection,6.1,43.8,31.3,78.2,False,,000_left_arm_long_wrist_latest:1+protections:1+elbow_motor_protection:1+Component38:1
Component39,Component39,part,1,1,0,elbow_protection,6.1,43.8,31.3,78.2,False,,000_left_arm_long_wrist_latest:1+protections:1+elbow_motor_protection:1+Component39:1
elbow_shaft,elbow_shaft,subassembly,1,0,2,,15.2,46.6,84.0,82.3,False,,000_left_arm_long_wrist_latest:1+protections:1+elbow_shaft:1
Component42,Component42,part,1,1,0,shoulder_protection,7.6,46.6,11.0,82.3,False,,000_left_arm_long_wrist_latest:1+protections:1+elbow_shaft:1+Component42:1
Component43,Component43,part,1,1,0,shoulder_protection,7.6,46.6,11.0,82.3,False,,000_left_arm_long_wrist_latest:1+protections:1+elbow_shaft:1+Component43:1
shoulder_pitch_protection,shoulder_pitch_protection,subassembly,1,0,2,,24.9,38.5,86.2,95.1,False,,000_left_arm_long_wrist_latest:1+protections:1+shoulder_pitch_protection:1
Component34,Component34,part,1,1,0,measured_shoulder_protection,12.5,38.5,86.2,47.5,False,,000_left_arm_long_wrist_latest:1+protections:1+shoulder_pitch_protection:1+Component34:1
Component35,Component35,part,1,1,0,measured_shoulder_protection,12.5,38.5,86.2,47.5,False,,000_left_arm_long_wrist_latest:1+protections:1+shoulder_pitch_protection:1+Component35:1
shoulder_roll_shaft,shoulder_roll_shaft,subassembly,1,0,2,,15.9,84.0,46.6,82.3,False,,000_left_arm_long_wrist_latest:1+protections:1+shoulder_roll_shaft:1
Component40,Component40,part,1,1,0,shoulder_protection,7.9,11.5,46.6,82.3,False,,000_left_arm_long_wrist_latest:1+protections:1+shoulder_roll_shaft:1+Component40:1
Component41,Component41,part,1,1,0,shoulder_protection,7.9,11.5,46.6,82.3,False,,000_left_arm_long_wrist_latest:1+protections:1+shoulder_roll_shaft:1+Component41:1
shoulder_yaw_protection,shoulder_yaw_protection,subassembly,2,12,2,,19.2,86.5,86.5,32.0,False,,000_left_arm_long_wrist_latest:1+protections:1+shoulder_yaw_protection:1
Component36,Component36,part,2,1,0,shoulder_yaw_protection,8.3,43.3,86.5,32.0,False,,000_left_arm_long_wrist_latest:1+protections:1+shoulder_yaw_protection:1+Component36:1
Component37,Component37,part,2,1,0,shoulder_yaw_protection,8.3,43.3,86.5,32.0,False,,000_left_arm_long_wrist_latest:1+protections:1+shoulder_yaw_protection:1+Component37:1
schematics,schematics,subassembly,1,0,5,,0.0,0.0,0.0,0.0,False,,000_left_arm_long_wrist_latest:1+schematics:2
robstride02_sketch,robstride02_sketch,empty,3,0,0,,0.0,0.0,0.0,0.0,False,,000_left_arm_long_wrist_latest:1+schematics:2+robstride02_sketch:1
robstride03_cross_section,robstride03_cross_section,empty,1,0,0,,0.0,0.0,0.0,0.0,False,,000_left_arm_long_wrist_latest:1+schematics:2+robstride03_cross_section:1
robstride06_cross_section,robstride06_cross_section,empty,1,0,0,,0.0,0.0,0.0,0.0,False,,000_left_arm_long_wrist_latest:1+schematics:2+robstride06_cross_section:1
shoulder_pitch:shoulder_roll,shoulder_pitch_shoulder_roll,subassembly,1,0,3,,175.7,59.5,134.2,82.8,False,,000_left_arm_long_wrist_latest:1+shoulder_pitch:shoulder_roll:2
CNC_arm01_x2_shoulder_roll_front_bearing_retainer,CNC_arm01_x2_shoulder_roll_front_bearing_retainer,part,1,1,0,Aluminum 6061,55.7,10.8,123.4,82.8,False,,000_left_arm_long_wrist_latest:1+shoulder_pitch:shoulder_roll:2+CNC_arm01_x2_shoulder_roll_front_bearing_retainer:1
CNC_arm02_x2_shoulder_roll_back_bearing_retainer,CNC_arm02_x2_shoulder_roll_back_bearing_retainer,part,1,1,0,Aluminum 6061,68.2,20.0,123.4,82.8,False,,000_left_arm_long_wrist_latest:1+shoulder_pitch:shoulder_roll:2+CNC_arm02_x2_shoulder_roll_back_bearing_retainer:1
CNC_leg02_x7_RS03_shaft_coupler,CNC_leg02_x7_RS03_shaft_coupler,part,1,1,0,Aluminum 6061,51.8,50.0,50.0,22.1,False,,000_left_arm_long_wrist_latest:1+shoulder_pitch:shoulder_roll:2+CNC_leg02_x7_RS03_shaft_coupler:1
shoulder_roll:shoulder_yaw,shoulder_roll_shoulder_yaw,subassembly,1,0,5,,580.8,110.6,110.6,156.8,False,,000_left_arm_long_wrist_latest:1+shoulder_roll:shoulder_yaw:2
3DP_arm05_x4_RS02_shaft_bearing_retainer,3DP_arm05_x4_RS02_shaft_bearing_retainer,part,2,1,0,Nylon 12 (with Formlabs Fuse 1 3D Printer),70.6,79.5,79.5,45.5,False,,000_left_arm_long_wrist_latest:1+shoulder_roll:shoulder_yaw:2+3DP_arm05_x4_RS02_shaft_bearing_retainer:1
CNC_arm03_x2_shoulder_roll_output_shaft,CNC_arm03_x2_shoulder_roll_output_shaft,part,1,1,0,Aluminum 6061,42.2,16.1,38.6,79.8,False,,000_left_arm_long_wrist_latest:1+shoulder_roll:shoulder_yaw:2+CNC_arm03_x2_shoulder_roll_output_shaft:1
CNC_arm04_x4_shoulder_elbow_support_shaft,CNC_arm04_x4_shoulder_elbow_support_shaft,part,2,1,0,Aluminum 6061,35.0,13.3,38.6,79.8,False,,000_left_arm_long_wrist_latest:1+shoulder_roll:shoulder_yaw:2+CNC_arm04_x4_shoulder_elbow_support_shaft:1
CNC_arm10_x4_r03_back_cover,CNC_arm10_x4_r03_back_cover,part,2,1,0,Aluminum 6061,38.7,78.5,78.5,20.0,False,,000_left_arm_long_wrist_latest:1+shoulder_roll:shoulder_yaw:2+CNC_arm10_x4_r03_back_cover:1
robstride_02-No_back_cover,robstride_02-No_back_cover,subassembly,3,0,2,,394.2,95.1,95.1,43.2,False,,000_left_arm_long_wrist_latest:1+shoulder_roll:shoulder_yaw:2+robstride_02-No_back_cover:1
02-3D-20211009(1).stp,02-3D-20211009_1_.stp,subassembly,3,0,1,,112.9,95.1,95.1,43.2,False,,000_left_arm_long_wrist_latest:1+shoulder_roll:shoulder_yaw:2+robstride_02-No_back_cover:1+02-3D-20211009(1).stp:1
3_1_02_067_0020_ASM_1_ASM.stp,3_1_02_067_0020_ASM_1_ASM.stp,subassembly,3,0,15,,112.9,110.6,110.6,43.2,False,,000_left_arm_long_wrist_latest:1+shoulder_roll:shoulder_yaw:2+robstride_02-No_back_cover:1+02-3D-20211009(1).stp:1+3_1_02_067_0020_ASM_1_ASM.stp:1
1_1_04_EB672-503_1.stp,1_1_04_EB672-503_1.stp,part,3,1,0,Aluminum A356 T6,21.4,78.5,78.5,12.0,False,,000_left_arm_long_wrist_latest:1+shoulder_roll:shoulder_yaw:2+robstride_02-No_back_cover:1+02-3D-20211009(1).stp:1+3_1_02_067_0020_ASM_1_ASM.stp:1+1_1_04_EB672-503_1.stp:1
1_1_06_EB673-516_1.stp,1_1_06_EB673-516_1.stp,part,3,19,0,Aluminum A356 T6; Steel,60.3,78.5,78.5,30.0,False,,000_left_arm_long_wrist_latest:1+shoulder_roll:shoulder_yaw:2+robstride_02-No_back_cover:1+02-3D-20211009(1).stp:1+3_1_02_067_0020_ASM_1_ASM.stp:1+1_1_06_EB673-516_1.stp:1
1_1_31_PL674-504_1.stp,1_1_31_PL674-504_1.stp,part,3,1,0,Steel,0.9,6.0,5.0,19.8,False,,000_left_arm_long_wrist_latest:1+shoulder_roll:shoulder_yaw:2+robstride_02-No_back_cover:1+02-3D-20211009(1).stp:1+3_1_02_067_0020_ASM_1_ASM.stp:1+1_1_31_PL674-504_1.stp:1
1_2_04_670601_1.stp,1_2_04_670601_1.stp,part,3,1,0,Steel,7.8,37.0,37.0,3.0,False,,000_left_arm_long_wrist_latest:1+shoulder_roll:shoulder_yaw:2+robstride_02-No_back_cover:1+02-3D-20211009(1).stp:1+3_1_02_067_0020_ASM_1_ASM.stp:1+1_2_04_670601_1.stp:1
1_2_05_030080_1.stp,1_2_05_030080_1.stp,part,3,2,0,Steel,0.8,5.6,10.4,5.6,False,,000_left_arm_long_wrist_latest:1+shoulder_roll:shoulder_yaw:2+robstride_02-No_back_cover:1+02-3D-20211009(1).stp:1+3_1_02_067_0020_ASM_1_ASM.stp:1+1_2_05_030080_1.stp:1
1_2_05_QT-170_1.stp,1_2_05_QT-170_1.stp,part,12,2,0,Steel,0.2,4.0,4.0,5.6,False,,000_left_arm_long_wrist_latest:1+shoulder_roll:shoulder_yaw:2+robstride_02-No_back_cover:1+02-3D-20211009(1).stp:1+3_1_02_067_0020_ASM_1_ASM.stp:1+1_2_05_QT-170_1.stp:1
1_2_05_QT-647_1.stp,1_2_05_QT-647_1.stp,part,9,1,0,Steel,0.0,3.0,15.7,3.0,False,,000_left_arm_long_wrist_latest:1+shoulder_roll:shoulder_yaw:2+robstride_02-No_back_cover:1+02-3D-20211009(1).stp:1+3_1_02_067_0020_ASM_1_ASM.stp:1+1_2_05_QT-647_1.stp:1
1_2_06_000392_1.stp,1_2_06_000392_1.stp,part,3,1,0,Steel,1.2,38.5,38.2,0.7,False,,000_left_arm_long_wrist_latest:1+shoulder_roll:shoulder_yaw:2+robstride_02-No_back_cover:1+02-3D-20211009(1).stp:1+3_1_02_067_0020_ASM_1_ASM.stp:1+1_2_06_000392_1.stp:1
1_2_16_001330_ASM_1_ASM.stp,1_2_16_001330_ASM_1_ASM.stp,subassembly,3,0,1,,12.4,59.8,69.9,7.2,False,,000_left_arm_long_wrist_latest:1+shoulder_roll:shoulder_yaw:2+robstride_02-No_back_cover:1+02-3D-20211009(1).stp:1+3_1_02_067_0020_ASM_1_ASM.stp:1+1_2_16_001330_ASM_1_ASM.stp:1
PCBMODEL_ASM_1_ASM.stp,PCBMODEL_ASM_1_ASM.stp,subassembly,3,0,3,,12.4,59.8,69.9,7.2,False,,000_left_arm_long_wrist_latest:1+shoulder_roll:shoulder_yaw:2+robstride_02-No_back_cover:1+02-3D-20211009(1).stp:1+3_1_02_067_0020_ASM_1_ASM.stp:1+1_2_16_001330_ASM_1_ASM.stp:1+PCBMODEL_ASM_1_ASM.stp:1
BOARD-17_1.stp,BOARD-17_1.stp,part,3,1,0,FR4,7.7,59.8,57.3,1.6,False,,000_left_arm_long_wrist_latest:1+shoulder_roll:shoulder_yaw:2+robstride_02-No_back_cover:1+02-3D-20211009(1).stp:1+3_1_02_067_0020_ASM_1_ASM.stp:1+1_2_16_001330_ASM_1_ASM.stp:1+PCBMODEL_ASM_1_ASM.stp:1+BOARD-17_1.stp:1
JRZS-J1_ASM_1_ASM.stp,JRZS-J1_ASM_1_ASM.stp,subassembly,3,0,1,,2.4,15.5,12.6,7.2,False,,000_left_arm_long_wrist_latest:1+shoulder_roll:shoulder_yaw:2+robstride_02-No_back_cover:1+02-3D-20211009(1).stp:1+3_1_02_067_0020_ASM_1_ASM.stp:1+1_2_16_001330_ASM_1_ASM.stp:1+PCBMODEL_ASM_1_ASM.stp:1+JRZS-J1_ASM_1_ASM.stp:1
JRZS-J2_ASM_1_ASM.stp,JRZS-J2_ASM_1_ASM.stp,subassembly,3,0,1,,2.4,15.5,12.6,7.2,False,,000_left_arm_long_wrist_latest:1+shoulder_roll:shoulder_yaw:2+robstride_02-No_back_cover:1+02-3D-20211009(1).stp:1+3_1_02_067_0020_ASM_1_ASM.stp:1+1_2_16_001330_ASM_1_ASM.stp:1+PCBMODEL_ASM_1_ASM.stp:1+JRZS-J2_ASM_1_ASM.stp:1
CONN-TH_4P-XT30PW-M_ASM_1_ASM.stp,CONN-TH_4P-XT30PW-M_ASM_1_ASM.stp,subassembly,6,0,1,,2.4,15.5,12.6,7.2,False,,000_left_arm_long_wrist_latest:1+shoulder_roll:shoulder_yaw:2+robstride_02-No_back_cover:1+02-3D-20211009(1).stp:1+3_1_02_067_0020_ASM_1_ASM.stp:1+1_2_16_001330_ASM_1_ASM.stp:1+PCBMODEL_ASM_1_ASM.stp:1+JRZS-J2_ASM_1_ASM.stp:1+CONN-TH_4P-XT30PW-M_ASM_1_ASM.stp:1
SOLID-183013_1.stp,SOLID-183013_1.stp,part,6,1,0,Discrete Component,2.4,15.5,12.6,7.2,False,,000_left_arm_long_wrist_latest:1+shoulder_roll:shoulder_yaw:2+robstride_02-No_back_cover:1+02-3D-20211009(1).stp:1+3_1_02_067_0020_ASM_1_ASM.stp:1+1_2_16_001330_ASM_1_ASM.stp:1+PCBMODEL_ASM_1_ASM.stp:1+JRZS-J2_ASM_1_ASM.stp:1+CONN-TH_4P-XT30PW-M_ASM_1_ASM.stp:1+SOLID-183013_1.stp:1
shaft 1_1_02_EB671-502_1.stp,shaft_1_1_02_EB671-502_1.stp,part,3,1,0,Aluminum A356 T6,7.3,30.0,30.0,5.5,False,,000_left_arm_long_wrist_latest:1+shoulder_roll:shoulder_yaw:2+robstride_02-No_back_cover:1+02-3D-20211009(1).stp:1+3_1_02_067_0020_ASM_1_ASM.stp:1+shaft 1_1_02_EB671-502_1.stp:1
Component21,Component21,part,3,1,0,core_material,281.3,68.0,68.0,24.0,False,,000_left_arm_long_wrist_latest:1+shoulder_roll:shoulder_yaw:2+robstride_02-No_back_cover:1+Component21:1
shoulder_yaw:elbow,shoulder_yaw_elbow,subassembly,1,0,3,,147.6,79.3,59.5,152.8,False,,000_left_arm_long_wrist_latest:1+shoulder_yaw:elbow:2
3DP_arm06_x4_RS02_shaft_coupler,3DP_arm06_x4_RS02_shaft_coupler,subassembly,1,1,6,,67.5,40.0,55.0,71.2,False,,000_left_arm_long_wrist_latest:1+shoulder_yaw:elbow:2+3DP_arm06_x4_RS02_shaft_coupler:1
Knurled Insert M3xH8,Knurled_Insert_M3xH8,part,6,1,0,Brass,0.5,4.2,8.5,4.2,False,,000_left_arm_long_wrist_latest:1+shoulder_yaw:elbow:2+3DP_arm06_x4_RS02_shaft_coupler:1+Knurled Insert M3xH8:1
CNC_arm07_x2_elbow_front_bearing_retainer,CNC_arm07_x2_elbow_front_bearing_retainer,part,1,1,0,Aluminum 6061,33.6,79.3,15.3,90.7,False,,000_left_arm_long_wrist_latest:1+shoulder_yaw:elbow:2+CNC_arm07_x2_elbow_front_bearing_retainer:1
CNC_arm08_x2_elbow_back_bearing_retainer,CNC_arm08_x2_elbow_back_bearing_retainer,part,1,1,0,Aluminum 6061,46.5,78.2,21.3,91.5,False,,000_left_arm_long_wrist_latest:1+shoulder_yaw:elbow:2+CNC_arm08_x2_elbow_back_bearing_retainer:1
000_right_arm_long_wrist_latest,000_right_arm_long_wrist_latest,subassembly,1,0,157,,4599.7,336.0,482.3,522.0,True,,000_right_arm_long_wrist_latest:1
001_right_wrist_long_latest,001_right_wrist_long_latest,subassembly,1,0,4,,867.6,80.7,75.1,217.3,True,,000_right_arm_long_wrist_latest:1+001_right_wrist_long_latest:1
3DP_arm11_x2_wrist_roll,3DP_arm11_x2_wrist_roll,part,1,1,0,Nylon 12 (with Formlabs Fuse 1 3D Printer),72.1,68.6,47.1,122.3,False,,000_right_arm_long_wrist_latest:1+001_right_wrist_long_latest:1+3DP_arm11_x2_wrist_roll:1
bearings,bearings,subassembly,1,0,6,,89.7,301.0,137.1,102.3,False,,000_right_arm_long_wrist_latest:1+bearings:1
elbow:wrist_roll,elbow_wrist_roll,subassembly,1,0,4,,189.1,211.5,187.2,143.0,False,,000_right_arm_long_wrist_latest:1+elbow:wrist_roll:1
CNC_arm09_x2_elbow_roll_output_shaft,CNC_arm09_x2_elbow_roll_output_shaft,part,1,1,0,Aluminum 6061,44.7,38.6,16.5,79.8,False,,000_right_arm_long_wrist_latest:1+elbow:wrist_roll:1+CNC_arm09_x2_elbow_roll_output_shaft:1
protections,protections,subassembly,1,0,6,,106.7,87.6,90.8,313.6,False,,000_right_arm_long_wrist_latest:1+protections:1
elbow_motor_protection,elbow_motor_protection,subassembly,1,0,2,,12.2,87.6,31.3,78.2,False,,000_right_arm_long_wrist_latest:1+protections:1+elbow_motor_protection:1
Component38,Component38,part,1,1,0,elbow_protection,6.1,43.8,31.3,78.2,False,,000_right_arm_long_wrist_latest:1+protections:1+elbow_motor_protection:1+Component38:1
Component39,Component39,part,1,1,0,elbow_protection,6.1,43.8,31.3,78.2,False,,000_right_arm_long_wrist_latest:1+protections:1+elbow_motor_protection:1+Component39:1
elbow_shaft,elbow_shaft,subassembly,1,0,2,,15.2,46.6,84.0,82.3,False,,000_right_arm_long_wrist_latest:1+protections:1+elbow_shaft:1
Component42,Component42,part,1,1,0,shoulder_protection,7.6,46.6,11.0,82.3,False,,000_right_arm_long_wrist_latest:1+protections:1+elbow_shaft:1+Component42:1
Component43,Component43,part,1,1,0,shoulder_protection,7.6,46.6,11.0,82.3,False,,000_right_arm_long_wrist_latest:1+protections:1+elbow_shaft:1+Component43:1
shoulder_pitch_protection,shoulder_pitch_protection,subassembly,1,0,2,,24.9,38.5,86.2,95.1,False,,000_right_arm_long_wrist_latest:1+protections:1+shoulder_pitch_protection:1
Component34,Component34,part,1,1,0,measured_shoulder_protection,12.5,38.5,86.2,47.5,False,,000_right_arm_long_wrist_latest:1+protections:1+shoulder_pitch_protection:1+Component34:1
Component35,Component35,part,1,1,0,measured_shoulder_protection,12.5,38.5,86.2,47.5,False,,000_right_arm_long_wrist_latest:1+protections:1+shoulder_pitch_protection:1+Component35:1
shoulder_roll_shaft,shoulder_roll_shaft,subassembly,1,0,2,,15.9,84.0,46.6,82.3,False,,000_right_arm_long_wrist_latest:1+protections:1+shoulder_roll_shaft:1
Component40,Component40,part,1,1,0,shoulder_protection,7.9,11.5,46.6,82.3,False,,000_right_arm_long_wrist_latest:1+protections:1+shoulder_roll_shaft:1+Component40:1
Component41,Component41,part,1,1,0,shoulder_protection,7.9,11.5,46.6,82.3,False,,000_right_arm_long_wrist_latest:1+protections:1+shoulder_roll_shaft:1+Component41:1
shoulder_yaw_protection,shoulder_yaw_protection,subassembly,2,12,2,,19.2,86.5,86.5,32.0,False,,000_right_arm_long_wrist_latest:1+protections:1+shoulder_yaw_protection:1
Component36,Component36,part,2,1,0,shoulder_yaw_protection,8.3,43.3,86.5,32.0,False,,000_right_arm_long_wrist_latest:1+protections:1+shoulder_yaw_protection:1+Component36:1
Component37,Component37,part,2,1,0,shoulder_yaw_protection,8.3,43.3,86.5,32.0,False,,000_right_arm_long_wrist_latest:1+protections:1+shoulder_yaw_protection:1+Component37:1
schematics,schematics,subassembly,1,0,5,,0.0,0.0,0.0,0.0,False,,000_right_arm_long_wrist_latest:1+schematics:1
shoulder_pitch:shoulder_roll,shoulder_pitch_shoulder_roll,subassembly,1,0,3,,175.7,59.5,289.7,282.0,False,,000_right_arm_long_wrist_latest:1+shoulder_pitch:shoulder_roll:1
CNC_arm01_x2_shoulder_roll_front_bearing_retainer,CNC_arm01_x2_shoulder_roll_front_bearing_retainer,part,1,1,0,Aluminum 6061,55.7,10.8,123.4,82.8,False,,000_right_arm_long_wrist_latest:1+shoulder_pitch:shoulder_roll:1+CNC_arm01_x2_shoulder_roll_front_bearing_retainer:1
CNC_arm02_x2_shoulder_roll_back_bearing_retainer,CNC_arm02_x2_shoulder_roll_back_bearing_retainer,part,1,1,0,Aluminum 6061,68.2,20.0,123.4,82.8,False,,000_right_arm_long_wrist_latest:1+shoulder_pitch:shoulder_roll:1+CNC_arm02_x2_shoulder_roll_back_bearing_retainer:1
shoulder_roll:shoulder_yaw,shoulder_roll_shoulder_yaw,subassembly,1,0,5,,580.8,95.1,177.3,156.8,False,,000_right_arm_long_wrist_latest:1+shoulder_roll:shoulder_yaw:1
3DP_arm05_x4_RS02_shaft_bearing_retainer,3DP_arm05_x4_RS02_shaft_bearing_retainer,part,2,1,0,Nylon 12 (with Formlabs Fuse 1 3D Printer),70.6,79.5,79.5,45.5,False,,000_right_arm_long_wrist_latest:1+shoulder_roll:shoulder_yaw:1+3DP_arm05_x4_RS02_shaft_bearing_retainer:1
CNC_arm03_x2_shoulder_roll_output_shaft,CNC_arm03_x2_shoulder_roll_output_shaft,part,1,1,0,Aluminum 6061,42.2,16.1,38.6,79.8,False,,000_right_arm_long_wrist_latest:1+shoulder_roll:shoulder_yaw:1+CNC_arm03_x2_shoulder_roll_output_shaft:1
CNC_arm04_x4_shoulder_elbow_support_shaft,CNC_arm04_x4_shoulder_elbow_support_shaft,part,2,1,0,Aluminum 6061,35.0,13.3,38.6,79.8,False,,000_right_arm_long_wrist_latest:1+shoulder_roll:shoulder_yaw:1+CNC_arm04_x4_shoulder_elbow_support_shaft:1
CNC_arm10_x4_r03_back_cover,CNC_arm10_x4_r03_back_cover,part,2,1,0,Aluminum 6061,38.7,78.5,78.5,20.0,False,,000_right_arm_long_wrist_latest:1+shoulder_roll:shoulder_yaw:1+CNC_arm10_x4_r03_back_cover:1
robstride_02-No_back_cover,robstride_02-No_back_cover,subassembly,3,0,2,,394.2,135.7,121.8,43.7,True,,000_right_arm_long_wrist_latest:1+shoulder_roll:shoulder_yaw:1+robstride_02-No_back_cover:3
02-3D-20211009(1).stp,02-3D-20211009_1_.stp,subassembly,3,0,1,,112.9,95.1,95.1,43.2,False,,000_right_arm_long_wrist_latest:1+shoulder_roll:shoulder_yaw:1+robstride_02-No_back_cover:3+02-3D-20211009(1).stp:1
3_1_02_067_0020_ASM_1_ASM.stp,3_1_02_067_0020_ASM_1_ASM.stp,subassembly,3,0,15,,112.9,95.1,95.1,43.2,False,,000_right_arm_long_wrist_latest:1+shoulder_roll:shoulder_yaw:1+robstride_02-No_back_cover:3+02-3D-20211009(1).stp:1+3_1_02_067_0020_ASM_1_ASM.stp:1
1_1_04_EB672-503_1.stp,1_1_04_EB672-503_1.stp,part,3,1,0,Aluminum A356 T6,21.4,78.5,78.5,12.0,False,,000_right_arm_long_wrist_latest:1+shoulder_roll:shoulder_yaw:1+robstride_02-No_back_cover:3+02-3D-20211009(1).stp:1+3_1_02_067_0020_ASM_1_ASM.stp:1+1_1_04_EB672-503_1.stp:1
1_1_06_EB673-516_1.stp,1_1_06_EB673-516_1.stp,part,3,19,0,Aluminum A356 T6; Steel,60.3,78.5,78.5,30.0,False,,000_right_arm_long_wrist_latest:1+shoulder_roll:shoulder_yaw:1+robstride_02-No_back_cover:3+02-3D-20211009(1).stp:1+3_1_02_067_0020_ASM_1_ASM.stp:1+1_1_06_EB673-516_1.stp:1
1_1_31_PL674-504_1.stp,1_1_31_PL674-504_1.stp,part,3,1,0,Steel,0.9,6.0,5.0,19.8,False,,000_right_arm_long_wrist_latest:1+shoulder_roll:shoulder_yaw:1+robstride_02-No_back_cover:3+02-3D-20211009(1).stp:1+3_1_02_067_0020_ASM_1_ASM.stp:1+1_1_31_PL674-504_1.stp:1
1_2_04_670601_1.stp,1_2_04_670601_1.stp,part,3,1,0,Steel,7.8,37.0,37.0,3.0,False,,000_right_arm_long_wrist_latest:1+shoulder_roll:shoulder_yaw:1+robstride_02-No_back_cover:3+02-3D-20211009(1).stp:1+3_1_02_067_0020_ASM_1_ASM.stp:1+1_2_04_670601_1.stp:1
1_2_05_030080_1.stp,1_2_05_030080_1.stp,part,3,2,0,Steel,0.8,5.6,10.4,5.6,False,,000_right_arm_long_wrist_latest:1+shoulder_roll:shoulder_yaw:1+robstride_02-No_back_cover:3+02-3D-20211009(1).stp:1+3_1_02_067_0020_ASM_1_ASM.stp:1+1_2_05_030080_1.stp:1
1_2_05_QT-170_1.stp,1_2_05_QT-170_1.stp,part,12,2,0,Steel,0.2,4.0,4.0,5.6,False,,000_right_arm_long_wrist_latest:1+shoulder_roll:shoulder_yaw:1+robstride_02-No_back_cover:3+02-3D-20211009(1).stp:1+3_1_02_067_0020_ASM_1_ASM.stp:1+1_2_05_QT-170_1.stp:1
1_2_05_QT-647_1.stp,1_2_05_QT-647_1.stp,part,9,1,0,Steel,0.0,3.0,15.7,3.0,False,,000_right_arm_long_wrist_latest:1+shoulder_roll:shoulder_yaw:1+robstride_02-No_back_cover:3+02-3D-20211009(1).stp:1+3_1_02_067_0020_ASM_1_ASM.stp:1+1_2_05_QT-647_1.stp:1
1_2_06_000392_1.stp,1_2_06_000392_1.stp,part,3,1,0,Steel,1.2,38.5,38.2,0.7,False,,000_right_arm_long_wrist_latest:1+shoulder_roll:shoulder_yaw:1+robstride_02-No_back_cover:3+02-3D-20211009(1).stp:1+3_1_02_067_0020_ASM_1_ASM.stp:1+1_2_06_000392_1.stp:1
1_2_16_001330_ASM_1_ASM.stp,1_2_16_001330_ASM_1_ASM.stp,subassembly,3,0,1,,12.4,59.8,69.9,7.2,False,,000_right_arm_long_wrist_latest:1+shoulder_roll:shoulder_yaw:1+robstride_02-No_back_cover:3+02-3D-20211009(1).stp:1+3_1_02_067_0020_ASM_1_ASM.stp:1+1_2_16_001330_ASM_1_ASM.stp:1
PCBMODEL_ASM_1_ASM.stp,PCBMODEL_ASM_1_ASM.stp,subassembly,3,0,3,,12.4,59.8,69.9,7.2,False,,000_right_arm_long_wrist_latest:1+shoulder_roll:shoulder_yaw:1+robstride_02-No_back_cover:3+02-3D-20211009(1).stp:1+3_1_02_067_0020_ASM_1_ASM.stp:1+1_2_16_001330_ASM_1_ASM.stp:1+PCBMODEL_ASM_1_ASM.stp:1
BOARD-17_1.stp,BOARD-17_1.stp,part,3,1,0,FR4,7.7,59.8,57.3,1.6,False,,000_right_arm_long_wrist_latest:1+shoulder_roll:shoulder_yaw:1+robstride_02-No_back_cover:3+02-3D-20211009(1).stp:1+3_1_02_067_0020_ASM_1_ASM.stp:1+1_2_16_001330_ASM_1_ASM.stp:1+PCBMODEL_ASM_1_ASM.stp:1+BOARD-17_1.stp:1
JRZS-J1_ASM_1_ASM.stp,JRZS-J1_ASM_1_ASM.stp,subassembly,3,0,1,,2.4,15.5,12.6,7.2,False,,000_right_arm_long_wrist_latest:1+shoulder_roll:shoulder_yaw:1+robstride_02-No_back_cover:3+02-3D-20211009(1).stp:1+3_1_02_067_0020_ASM_1_ASM.stp:1+1_2_16_001330_ASM_1_ASM.stp:1+PCBMODEL_ASM_1_ASM.stp:1+JRZS-J1_ASM_1_ASM.stp:1
JRZS-J2_ASM_1_ASM.stp,JRZS-J2_ASM_1_ASM.stp,subassembly,3,0,1,,2.4,15.5,12.6,7.2,False,,000_right_arm_long_wrist_latest:1+shoulder_roll:shoulder_yaw:1+robstride_02-No_back_cover:3+02-3D-20211009(1).stp:1+3_1_02_067_0020_ASM_1_ASM.stp:1+1_2_16_001330_ASM_1_ASM.stp:1+PCBMODEL_ASM_1_ASM.stp:1+JRZS-J2_ASM_1_ASM.stp:1
CONN-TH_4P-XT30PW-M_ASM_1_ASM.stp,CONN-TH_4P-XT30PW-M_ASM_1_ASM.stp,subassembly,6,0,1,,2.4,15.5,12.6,7.2,False,,000_right_arm_long_wrist_latest:1+shoulder_roll:shoulder_yaw:1+robstride_02-No_back_cover:3+02-3D-20211009(1).stp:1+3_1_02_067_0020_ASM_1_ASM.stp:1+1_2_16_001330_ASM_1_ASM.stp:1+PCBMODEL_ASM_1_ASM.stp:1+JRZS-J2_ASM_1_ASM.stp:1+CONN-TH_4P-XT30PW-M_ASM_1_ASM.stp:1
SOLID-183013_1.stp,SOLID-183013_1.stp,part,6,1,0,Discrete Component,2.4,15.5,12.6,7.2,False,,000_right_arm_long_wrist_latest:1+shoulder_roll:shoulder_yaw:1+robstride_02-No_back_cover:3+02-3D-20211009(1).stp:1+3_1_02_067_0020_ASM_1_ASM.stp:1+1_2_16_001330_ASM_1_ASM.stp:1+PCBMODEL_ASM_1_ASM.stp:1+JRZS-J2_ASM_1_ASM.stp:1+CONN-TH_4P-XT30PW-M_ASM_1_ASM.stp:1+SOLID-183013_1.stp:1
shaft 1_1_02_EB671-502_1.stp,shaft_1_1_02_EB671-502_1.stp,part,3,1,0,Aluminum A356 T6,7.3,30.0,30.0,5.5,False,,000_right_arm_long_wrist_latest:1+shoulder_roll:shoulder_yaw:1+robstride_02-No_back_cover:3+02-3D-20211009(1).stp:1+3_1_02_067_0020_ASM_1_ASM.stp:1+shaft 1_1_02_EB671-502_1.stp:1
Component21,Component21,part,3,1,0,core_material,281.3,68.0,68.0,24.0,False,,000_right_arm_long_wrist_latest:1+shoulder_roll:shoulder_yaw:1+robstride_02-No_back_cover:3+Component21:1
shoulder_yaw:elbow,shoulder_yaw_elbow,subassembly,1,0,3,,147.6,79.3,385.1,248.2,False,,000_right_arm_long_wrist_latest:1+shoulder_yaw:elbow:1
3DP_arm06_x4_RS02_shaft_coupler,3DP_arm06_x4_RS02_shaft_coupler,subassembly,1,1,6,,67.5,40.0,385.0,166.6,False,,000_right_arm_long_wrist_latest:1+shoulder_yaw:elbow:1+3DP_arm06_x4_RS02_shaft_coupler:1
Knurled Insert M3xH8,Knurled_Insert_M3xH8,part,6,1,0,Brass,0.5,4.2,8.5,4.2,True,,000_right_arm_long_wrist_latest:1+shoulder_yaw:elbow:1+3DP_arm06_x4_RS02_shaft_coupler:1+Knurled Insert M3xH8:1
CNC_arm07_x2_elbow_front_bearing_retainer,CNC_arm07_x2_elbow_front_bearing_retainer,part,1,1,0,Aluminum 6061,33.6,79.3,15.3,90.7,False,,000_right_arm_long_wrist_latest:1+shoulder_yaw:elbow:1+CNC_arm07_x2_elbow_front_bearing_retainer:1
CNC_arm08_x2_elbow_back_bearing_retainer,CNC_arm08_x2_elbow_back_bearing_retainer,part,1,1,0,Aluminum 6061,46.5,78.2,21.3,91.5,False,,000_right_arm_long_wrist_latest:1+shoulder_yaw:elbow:1+CNC_arm08_x2_elbow_back_bearing_retainer:1
body_LATEST,body_LATEST,subassembly,1,0,142,,7845.1,803.8,1200.1,1064.3,True,,body_LATEST:1
3DP_body_05_x1_interior_plate,3DP_body_05_x1_interior_plate,subassembly,1,1,36,,4637.4,251.5,369.9,412.1,False,,body_LATEST:1+3DP_body_05_x1_interior_plate:1
150A relay,150A_relay,part,1,1,0,ABS Plastic,87.6,80.0,74.0,45.6,True,,body_LATEST:1+3DP_body_05_x1_interior_plate:1+150A relay:1
CAN_Isolated,CAN_Isolated,subassembly,6,1,1,,33.3,95.0,32.0,12.8,True,,body_LATEST:1+3DP_body_05_x1_interior_plate:1+CAN_Isolated:1
USB-C Cable,USB-C_Cable,part,12,1,0,USB C to A,5.4,12.5,7.0,37.0,True,,body_LATEST:1+3DP_body_05_x1_interior_plate:1+CAN_Isolated:1+USB-C Cable:1
IMU_syd_dynamics_TM171,IMU_syd_dynamics_TM171,subassembly,1,0,2,,24.1,34.0,70.0,12.6,True,,body_LATEST:1+3DP_body_05_x1_interior_plate:1+IMU_syd_dynamics_TM171:4
Component1,Component1,part,1,1,0,IMU,21.0,34.0,40.0,12.6,False,,body_LATEST:1+3DP_body_05_x1_interior_plate:1+IMU_syd_dynamics_TM171:4+Component1:1
Component2,Component2,part,1,1,0,IMU,3.1,11.0,30.0,6.0,False,,body_LATEST:1+3DP_body_05_x1_interior_plate:1+IMU_syd_dynamics_TM171:4+Component2:1
MINISFORUM AI X1,MINISFORUM_AI_X1,part,1,1,0,CUSTOM-600G,641.3,128.2,126.2,52.0,True,,body_LATEST:1+3DP_body_05_x1_interior_plate:1+MINISFORUM AI X1:1
VEMONT USB-C Hub Long,VEMONT_USB-C_Hub_Long,part,2,1,0,USB HUB,62.9,172.0,32.8,12.5,True,,body_LATEST:1+3DP_body_05_x1_interior_plate:1+VEMONT USB-C Hub Long:1
Vention USB Hub,Vention_USB_Hub,subassembly,1,0,3,,43.8,125.5,41.2,40.5,True,,body_LATEST:1+3DP_body_05_x1_interior_plate:1+Vention USB Hub:1
Hub,Hub,part,1,1,0,PAHT-CF (for Bambu H2D) (1),33.0,125.5,24.3,10.6,False,,body_LATEST:1+3DP_body_05_x1_interior_plate:1+Vention USB Hub:1+Hub:1
USB Straight,USB_Straight,part,13,1,0,USB Straight,5.4,14.0,6.0,40.5,True,,body_LATEST:1+3DP_body_05_x1_interior_plate:1+Vention USB Hub:1+USB Straight:1
battery_tester,battery_tester,part,2,1,0,ABS Plastic,16.0,28.5,13.3,40.0,True,,body_LATEST:1+3DP_body_05_x1_interior_plate:1+battery_tester:1
battery_zeee_10000mah,battery_zeee_10000mah,part,2,1,0,BATTERY,1095.6,174.0,49.6,64.1,True,,body_LATEST:1+3DP_body_05_x1_interior_plate:1+battery_zeee_10000mah:1
lumped_wires,lumped_wires,part,1,4,0,main wires; bottom wires; AWG 8,742.1,100.7,154.9,370.0,False,,body_LATEST:1+3DP_body_05_x1_interior_plate:1+lumped_wires:1
power_block_casing,power_block_casing,subassembly,2,0,3,,42.5,52.3,55.0,14.2,True,,body_LATEST:1+3DP_body_05_x1_interior_plate:1+power_block_casing:5
6x10-7holes,6x10-7holes,subassembly,4,0,1,,16.9,52.3,6.1,10.1,True,,body_LATEST:1+3DP_body_05_x1_interior_plate:1+power_block_casing:5+6x10-7holes:1
block,block,part,4,1,0,Steel,16.9,52.3,6.1,10.1,False,,body_LATEST:1+3DP_body_05_x1_interior_plate:1+power_block_casing:5+6x10-7holes:1+block:1
casing,casing,part,2,1,0,ABS Plastic,8.7,21.4,55.0,14.2,False,,body_LATEST:1+3DP_body_05_x1_interior_plate:1+power_block_casing:5+casing:1
3DP_body_06_x1_front_plate_fixed,3DP_body_06_x1_front_plate_fixed,part,1,2,0,ABS Plastic 60%infill,73.9,11.3,174.8,351.4,False,,body_LATEST:1+3DP_body_06_x1_front_plate_fixed:1
3DP_body_07_x1_front_plate_removable,3DP_body_07_x1_front_plate_removable,subassembly,1,1,8,,96.9,128.1,306.6,254.7,False,,body_LATEST:1+3DP_body_07_x1_front_plate_removable:1
magnet_1/2inD_1/16inT,magnet_1_2inD_1_16inT,part,22,1,0,Steel,1.6,12.7,12.7,1.6,True,,body_LATEST:1+3DP_body_07_x1_front_plate_removable:1+magnet_1/2inD_1/16inT:9
3DP_body_08_x1_back_plate_fixed,3DP_body_08_x1_back_plate_fixed,part,1,2,0,ABS Plastic 60%infill,73.2,11.3,174.8,332.7,False,,body_LATEST:1+3DP_body_08_x1_back_plate_fixed:1
3DP_body_09_x1_back_plate_removable,3DP_body_09_x1_back_plate_removable,subassembly,1,1,14,,113.8,106.3,294.0,314.9,False,,body_LATEST:1+3DP_body_09_x1_back_plate_removable:1
BEARING,BEARING,subassembly,1,0,2,,79.8,58.1,227.1,58.1,False,,body_LATEST:1+BEARING:1
bearing_45x58x7_6809_5.4kN_40g,bearing_45x58x7_6809_5.4kN_40g,subassembly,13,0,2,,39.9,58.1,58.1,7.1,True,,body_LATEST:1+BEARING:1+bearing_45x58x7_6809_5.4kN_40g:2
half-bearing-45x58x7_6809_5.4kN_40g,half-bearing-45x58x7_6809_5.4kN_40g,part,26,26,0,half-steel,19.9,58.0,58.0,7.0,False,,body_LATEST:1+BEARING:1+bearing_45x58x7_6809_5.4kN_40g:2+half-bearing-45x58x7_6809_5.4kN_40g:1
CNC_body01_x1_bottom_plate,CNC_body01_x1_bottom_plate,part,1,1,0,Aluminum 6061,215.4,130.0,180.0,10.2,False,,body_LATEST:1+CNC_body01_x1_bottom_plate:1
CNC_body02_x2_side_plate,CNC_body02_x2_side_plate,part,2,1,0,Aluminum 6061,411.7,107.5,12.0,407.0,False,,body_LATEST:1+CNC_body02_x2_side_plate:1
CNC_body03_x1_top_plate,CNC_body03_x1_top_plate,part,1,1,0,Aluminum 6061,163.4,130.0,180.0,8.0,False,,body_LATEST:1+CNC_body03_x1_top_plate:1
CNC_body04_x4_front_plate,CNC_body04_x4_front_plate,part,4,1,0,Aluminum 6061,48.3,11.3,174.8,46.5,False,,body_LATEST:1+CNC_body04_x4_front_plate:1
Hexalobular Socket Pan Head Screw ISO 14583 - M3x10 Steel 4.6 Plain,Hexalobular_Socket_Pan_Head_Screw_ISO_14583_-_M3x10_Steel_4.6_Plain,part,771,1,0,"Steel 4.6, Plain",0.9,5.6,5.6,12.3,True,,body_LATEST:1+Hexalobular Socket Pan Head Screw ISO 14583 - M3x10 Steel 4.6 Plain:1
WIRES,WIRES,subassembly,1,0,2,,69.3,6.0,100.0,35.0,False,,body_LATEST:1+WIRES:1
8AWG_midplate,8AWG_midplate,empty,1,0,0,,0.0,0.0,0.0,0.0,False,,body_LATEST:1+WIRES:1+8AWG_midplate:1
Small Wires Midplate Rough,Small_Wires_Midplate_Rough,part,1,1,0,AWG 8,69.3,6.0,100.0,35.0,False,,body_LATEST:1+WIRES:1+Small Wires Midplate Rough:1
twincities_v2_nolock (1),twincities_v2_nolock_1,subassembly,1,0,9,,585.2,665.1,1200.0,764.5,False,,body_LATEST:1+twincities_v2_nolock (1):1
IntelRealsense_D435_Multibody v9 (1),IntelRealsense_D435_Multibody_v9_1,subassembly,1,3,8,,71.0,1200.0,764.5,625.0,False,,body_LATEST:1+twincities_v2_nolock (1):1+IntelRealsense_D435_Multibody v9 (1):1
Component31 (1),Component31_1,part,1,1,0,Steel,1.6,10.8,24.5,6.5,False,,body_LATEST:1+twincities_v2_nolock (1):1+IntelRealsense_D435_Multibody v9 (1):1+Component31 (1):1
Component32 (1),Component32_1,part,1,1,0,Steel,0.0,4.2,4.2,0.5,False,,body_LATEST:1+twincities_v2_nolock (1):1+IntelRealsense_D435_Multibody v9 (1):1+Component32 (1):1
Component33 (1),Component33_1,part,1,1,0,Steel,0.0,4.2,4.2,0.5,False,,body_LATEST:1+twincities_v2_nolock (1):1+IntelRealsense_D435_Multibody v9 (1):1+Component33 (1):1
Component34 (1),Component34_1,part,1,1,0,Steel,0.0,8.2,8.2,0.5,False,,body_LATEST:1+twincities_v2_nolock (1):1+IntelRealsense_D435_Multibody v9 (1):1+Component34 (1):1
Component35 (1),Component35_1,part,1,1,0,Steel,68.5,90.1,25.3,25.0,False,,body_LATEST:1+twincities_v2_nolock (1):1+IntelRealsense_D435_Multibody v9 (1):1+Component35 (1):1
Component36 (1),Component36_1,part,1,1,0,Steel,0.0,2.2,2.2,0.5,False,,body_LATEST:1+twincities_v2_nolock (1):1+IntelRealsense_D435_Multibody v9 (1):1+Component36 (1):1
Component37 (1),Component37_1,part,1,1,0,Steel,0.0,2.2,2.2,0.5,False,,body_LATEST:1+twincities_v2_nolock (1):1+IntelRealsense_D435_Multibody v9 (1):1+Component37 (1):1
glass (1),glass_1,part,1,1,0,Steel,0.8,82.0,17.0,0.4,False,,body_LATEST:1+twincities_v2_nolock (1):1+IntelRealsense_D435_Multibody v9 (1):1+glass (1):1
U-joint_type_C_adapter v3 (1),U-joint_type_C_adapter_v3_1,part,1,1,0,Stainless Steel,8.0,24.8,12.3,14.4,False,,body_LATEST:1+twincities_v2_nolock (1):1+U-joint_type_C_adapter v3 (1):1
bearing (1),bearing_1,part,1,2,0,Steel,2.5,15.0,15.0,4.0,False,,body_LATEST:1+twincities_v2_nolock (1):1+bearing (1):1
gimbal_arm (1),gimbal_arm_1,subassembly,1,1,1,,26.0,35.0,74.0,61.5,False,,body_LATEST:1+twincities_v2_nolock (1):1+gimbal_arm (1):1
Component92 (1),Component92_1,part,1,1,0,Arm,9.5,35.0,70.0,61.5,False,,body_LATEST:1+twincities_v2_nolock (1):1+gimbal_arm (1):1+Component92 (1):1
gimbal_mount (1),gimbal_mount_1,part,1,1,0,Base,52.0,80.1,66.3,84.0,False,,body_LATEST:1+twincities_v2_nolock (1):1+gimbal_mount (1):1
gimbal_neck (1),gimbal_neck_1,part,1,1,0,Neck,37.6,46.0,56.0,112.5,False,,body_LATEST:1+twincities_v2_nolock (1):1+gimbal_neck (1):1
robstride05 v16 (1) (1),robstride05_v16_1_1,subassembly,1,0,3,,194.1,65.1,65.1,47.1,False,,body_LATEST:1+twincities_v2_nolock (1):1+robstride05 v16 (1) (1):1
1_1_30_GR-2202_ASM^FL46BLW10-48V-5N.m-DE(2)_FL46BLW10-48V-5N.m-DE (1) (1),1_1_30_GR-2202_ASM_FL46BLW10-48V-5N.m-DE_2__FL46BLW10-48V-5N.m-DE_1_1,subassembly,1,0,1,,23.9,37.0,37.0,14.0,False,,body_LATEST:1+twincities_v2_nolock (1):1+robstride05 v16 (1) (1):1+1_1_30_GR-2202_ASM^FL46BLW10-48V-5N.m-DE(2)_FL46BLW10-48V-5N.m-DE (1) (1):1
1_1_30_GR-2202_ASM_1_ASM^1_1_30_GR-2202_ASM_FL46BLW10-48V-5N.m-DE(2)_FL46BLW10-48V-5N.m-DE (1) (1),1_1_30_GR-2202_ASM_1_ASM_1_1_30_GR-2202_ASM_FL46BLW10-48V-5N.m-DE_2__FL46BLW10-48V-5N.m-DE_1_1,subassembly,1,0,3,,23.9,37.0,37.0,14.0,False,,body_LATEST:1+twincities_v2_nolock (1):1+robstride05 v16 (1) (1):1+1_1_30_GR-2202_ASM^FL46BLW10-48V-5N.m-DE(2)_FL46BLW10-48V-5N.m-DE (1) (1):1+1_1_30_GR-2202_ASM_1_ASM^1_1_30_GR-2202_ASM_FL46BLW10-48V-5N.m-DE(2)_FL46BLW10-48V-5N.m-DE (1) (1):1
0001755652^1_1_30_GR-2202_ASM_1_ASM_1_1_30_GR-2202_ASM_FL46BLW10-48V-5N.m-DE(2)_FL46BLW10-48V-5N.m-DE (1) (1),0001755652_1_1_30_GR-2202_ASM_1_ASM_1_1_30_GR-2202_ASM_FL46BLW10-48V-5N.m-DE_2__FL46BLW10-48V-5N.m-DE_1_1,part,2,1,0,Steel,1.4,4.0,4.0,14.0,False,,body_LATEST:1+twincities_v2_nolock (1):1+robstride05 v16 (1) (1):1+1_1_30_GR-2202_ASM^FL46BLW10-48V-5N.m-DE(2)_FL46BLW10-48V-5N.m-DE (1) (1):1+1_1_30_GR-2202_ASM_1_ASM^1_1_30_GR-2202_ASM_FL46BLW10-48V-5N.m-DE(2)_FL46BLW10-48V-5N.m-DE (1) (1):1+0001755652^1_1_30_GR-2202_ASM_1_ASM_1_1_30_GR-2202_ASM_FL46BLW10-48V-5N.m-DE(2)_FL46BLW10-48V-5N.m-DE (1) (1):1
00MINI-_20250103_A0001_ASM_1_AS_ASM^1_1_30_GR-2202_ASM_1_ASM_1_1_30_GR-2202_ASM_FL46BLW10-48V-5N.m-DE(2)_FL46BLW10-48V-5N.m-DE (1) (1),00MINI-_20250103_A0001_ASM_1_AS_ASM_1_1_30_GR-2202_ASM_1_ASM_1_1_30_GR-2202_ASM_FL46BLW10-48V-5N.m-DE_2__FL46BLW10-48V-5N.m-DE_1_1,subassembly,1,0,1,,21.2,37.0,37.0,14.0,False,,body_LATEST:1+twincities_v2_nolock (1):1+robstride05 v16 (1) (1):1+1_1_30_GR-2202_ASM^FL46BLW10-48V-5N.m-DE(2)_FL46BLW10-48V-5N.m-DE (1) (1):1+1_1_30_GR-2202_ASM_1_ASM^1_1_30_GR-2202_ASM_FL46BLW10-48V-5N.m-DE(2)_FL46BLW10-48V-5N.m-DE (1) (1):1+00MINI-_20250103_A0001_ASM_1_AS_ASM^1_1_30_GR-2202_ASM_1_ASM_1_1_30_GR-2202_ASM_FL46BLW10-48V-5N.m-DE(2)_FL46BLW10-48V-5N.m-DE (1) (1):1
00MINI-000_ASM_1_ASM_1_ASM^00MINI-_20250103_A0001_ASM_1_AS_ASM_1_1_30_GR-2202_ASM_1_ASM_1_1_30_GR-2202_ASM_FL46BLW10-48V-5N.m-DE(2)_FL46BLW10-48V-5N.m-DE (1) (1),00MINI-000_ASM_1_ASM_1_ASM_00MINI-_20250103_A0001_ASM_1_AS_ASM_1_1_30_GR-2202_ASM_1_ASM_1_1_30_GR-2202_ASM_FL46BLW10-48V-5N.m-DE_2__FL46BLW10-48V-5N.m-DE_1_1,subassembly,1,0,4,,21.2,37.0,37.0,14.0,False,,body_LATEST:1+twincities_v2_nolock (1):1+robstride05 v16 (1) (1):1+1_1_30_GR-2202_ASM^FL46BLW10-48V-5N.m-DE(2)_FL46BLW10-48V-5N.m-DE (1) (1):1+1_1_30_GR-2202_ASM_1_ASM^1_1_30_GR-2202_ASM_FL46BLW10-48V-5N.m-DE(2)_FL46BLW10-48V-5N.m-DE (1) (1):1+00MINI-_20250103_A0001_ASM_1_AS_ASM^1_1_30_GR-2202_ASM_1_ASM_1_1_30_GR-2202_ASM_FL46BLW10-48V-5N.m-DE(2)_FL46BLW10-48V-5N.m-DE (1) (1):1+00MINI-000_ASM_1_ASM_1_ASM^00MINI-_20250103_A0001_ASM_1_AS_ASM_1_1_30_GR-2202_ASM_1_ASM_1_1_30_GR-2202_ASM_FL46BLW10-48V-5N.m-DE(2)_FL46BLW10-48V-5N.m-DE (1) (1):1
0001755650^00MINI-000_ASM_1_ASM_1_ASM_00MINI-_20250103_A0001_ASM_1_AS_ASM_1_1_30_GR-2202_ASM_1_ASM_1_1_30_GR-2202_ASM_FL46BLW10-48V-5N.m-DE(2)_FL46BLW10-48V-5N.m-DE (1) (1),0001755650_00MINI-000_ASM_1_ASM_1_ASM_00MINI-_20250103_A0001_ASM_1_AS_ASM_1_1_30_GR-2202_ASM_1_ASM_1_1_30_GR-2202_ASM_FL46BLW10-48V-5N.m-DE_2__FL46BLW10-48V-5N.m-DE_1_1,part,1,1,0,Aluminum A356 T6,8.1,32.0,32.0,8.0,False,,body_LATEST:1+twincities_v2_nolock (1):1+robstride05 v16 (1) (1):1+1_1_30_GR-2202_ASM^FL46BLW10-48V-5N.m-DE(2)_FL46BLW10-48V-5N.m-DE (1) (1):1+1_1_30_GR-2202_ASM_1_ASM^1_1_30_GR-2202_ASM_FL46BLW10-48V-5N.m-DE(2)_FL46BLW10-48V-5N.m-DE (1) (1):1+00MINI-_20250103_A0001_ASM_1_AS_ASM^1_1_30_GR-2202_ASM_1_ASM_1_1_30_GR-2202_ASM_FL46BLW10-48V-5N.m-DE(2)_FL46BLW10-48V-5N.m-DE (1) (1):1+00MINI-000_ASM_1_ASM_1_ASM^00MINI-_20250103_A0001_ASM_1_AS_ASM_1_1_30_GR-2202_ASM_1_ASM_1_1_30_GR-2202_ASM_FL46BLW10-48V-5N.m-DE(2)_FL46BLW10-48V-5N.m-DE (1) (1):1+0001755650^00MINI-000_ASM_1_ASM_1_ASM_00MINI-_20250103_A0001_ASM_1_AS_ASM_1_1_30_GR-2202_ASM_1_ASM_1_1_30_GR-2202_ASM_FL46BLW10-48V-5N.m-DE(2)_FL46BLW10-48V-5N.m-DE (1) (1):1
0001755652^00MINI-000_ASM_1_ASM_1_ASM_00MINI-_20250103_A0001_ASM_1_AS_ASM_1_1_30_GR-2202_ASM_1_ASM_1_1_30_GR-2202_ASM_FL46BLW10-48V-5N.m-DE(2)_FL46BLW10-48V-5N.m-DE (1) (1),0001755652_00MINI-000_ASM_1_ASM_1_ASM_00MINI-_20250103_A0001_ASM_1_AS_ASM_1_1_30_GR-2202_ASM_1_ASM_1_1_30_GR-2202_ASM_FL46BLW10-48V-5N.m-DE_2__FL46BLW10-48V-5N.m-DE_1_1,part,1,1,0,Steel,1.4,4.0,4.0,14.0,False,,body_LATEST:1+twincities_v2_nolock (1):1+robstride05 v16 (1) (1):1+1_1_30_GR-2202_ASM^FL46BLW10-48V-5N.m-DE(2)_FL46BLW10-48V-5N.m-DE (1) (1):1+1_1_30_GR-2202_ASM_1_ASM^1_1_30_GR-2202_ASM_FL46BLW10-48V-5N.m-DE(2)_FL46BLW10-48V-5N.m-DE (1) (1):1+00MINI-_20250103_A0001_ASM_1_AS_ASM^1_1_30_GR-2202_ASM_1_ASM_1_1_30_GR-2202_ASM_FL46BLW10-48V-5N.m-DE(2)_FL46BLW10-48V-5N.m-DE (1) (1):1+00MINI-000_ASM_1_ASM_1_ASM^00MINI-_20250103_A0001_ASM_1_AS_ASM_1_1_30_GR-2202_ASM_1_ASM_1_1_30_GR-2202_ASM_FL46BLW10-48V-5N.m-DE(2)_FL46BLW10-48V-5N.m-DE (1) (1):1+0001755652^00MINI-000_ASM_1_ASM_1_ASM_00MINI-_20250103_A0001_ASM_1_AS_ASM_1_1_30_GR-2202_ASM_1_ASM_1_1_30_GR-2202_ASM_FL46BLW10-48V-5N.m-DE(2)_FL46BLW10-48V-5N.m-DE (1) (1):1
1_21_121000022__610001_1_1^00MINI-000_ASM_1_ASM_1_ASM_00MINI-_20250103_A0001_ASM_1_AS_ASM_1_1_30_GR-2202_ASM_1_ASM_1_1_30_GR-2202_ASM_FL46BLW10-48V-5N.m-DE(2)_FL46BLW10-48V-5N.m-DE (1) (1),1_21_121000022__610001_1_1_00MINI-000_ASM_1_ASM_1_ASM_00MINI-_20250103_A0001_ASM_1_AS_ASM_1_1_30_GR-2202_ASM_1_ASM_1_1_30_GR-2202_ASM_FL46BLW10-48V-5N.m-DE_2__FL46BLW10-48V-5N.m-DE_1_1,part,1,1,0,Steel,1.9,4.0,11.0,11.0,False,,body_LATEST:1+twincities_v2_nolock (1):1+robstride05 v16 (1) (1):1+1_1_30_GR-2202_ASM^FL46BLW10-48V-5N.m-DE(2)_FL46BLW10-48V-5N.m-DE (1) (1):1+1_1_30_GR-2202_ASM_1_ASM^1_1_30_GR-2202_ASM_FL46BLW10-48V-5N.m-DE(2)_FL46BLW10-48V-5N.m-DE (1) (1):1+00MINI-_20250103_A0001_ASM_1_AS_ASM^1_1_30_GR-2202_ASM_1_ASM_1_1_30_GR-2202_ASM_FL46BLW10-48V-5N.m-DE(2)_FL46BLW10-48V-5N.m-DE (1) (1):1+00MINI-000_ASM_1_ASM_1_ASM^00MINI-_20250103_A0001_ASM_1_AS_ASM_1_1_30_GR-2202_ASM_1_ASM_1_1_30_GR-2202_ASM_FL46BLW10-48V-5N.m-DE(2)_FL46BLW10-48V-5N.m-DE (1) (1):1+1_21_121000022__610001_1_1^00MINI-000_ASM_1_ASM_1_ASM_00MINI-_20250103_A0001_ASM_1_AS_ASM_1_1_30_GR-2202_ASM_1_ASM_1_1_30_GR-2202_ASM_FL46BLW10-48V-5N.m-DE(2)_FL46BLW10-48V-5N.m-DE (1) (1):1
6706__300001_1_1^00MINI-000_ASM_1_ASM_1_ASM_00MINI-_20250103_A0001_ASM_1_AS_ASM_1_1_30_GR-2202_ASM_1_ASM_1_1_30_GR-2202_ASM_FL46BLW10-48V-5N.m-DE(2)_FL46BLW10-48V-5N.m-DE (1) (1),6706__300001_1_1_00MINI-000_ASM_1_ASM_1_ASM_00MINI-_20250103_A0001_ASM_1_AS_ASM_1_1_30_GR-2202_ASM_1_ASM_1_1_30_GR-2202_ASM_FL46BLW10-48V-5N.m-DE_2__FL46BLW10-48V-5N.m-DE_1_1,part,1,1,0,Steel,9.9,37.0,37.0,4.0,False,,body_LATEST:1+twincities_v2_nolock (1):1+robstride05 v16 (1) (1):1+1_1_30_GR-2202_ASM^FL46BLW10-48V-5N.m-DE(2)_FL46BLW10-48V-5N.m-DE (1) (1):1+1_1_30_GR-2202_ASM_1_ASM^1_1_30_GR-2202_ASM_FL46BLW10-48V-5N.m-DE(2)_FL46BLW10-48V-5N.m-DE (1) (1):1+00MINI-_20250103_A0001_ASM_1_AS_ASM^1_1_30_GR-2202_ASM_1_ASM_1_1_30_GR-2202_ASM_FL46BLW10-48V-5N.m-DE(2)_FL46BLW10-48V-5N.m-DE (1) (1):1+00MINI-000_ASM_1_ASM_1_ASM^00MINI-_20250103_A0001_ASM_1_AS_ASM_1_1_30_GR-2202_ASM_1_ASM_1_1_30_GR-2202_ASM_FL46BLW10-48V-5N.m-DE(2)_FL46BLW10-48V-5N.m-DE (1) (1):1+6706__300001_1_1^00MINI-000_ASM_1_ASM_1_ASM_00MINI-_20250103_A0001_ASM_1_AS_ASM_1_1_30_GR-2202_ASM_1_ASM_1_1_30_GR-2202_ASM_FL46BLW10-48V-5N.m-DE(2)_FL46BLW10-48V-5N.m-DE (1) (1):1
Component59 (1),Component59_1,part,1,1,0,CORE,120.3,34.0,34.0,29.0,False,,body_LATEST:1+twincities_v2_nolock (1):1+robstride05 v16 (1) (1):1+Component59 (1):1
FL46BLW10-48V-5N.m-DE(2)^FL46BLW10-48V-5N.m-DE (1) (1),FL46BLW10-48V-5N.m-DE_2_FL46BLW10-48V-5N.m-DE_1_1,subassembly,1,0,28,,49.8,65.1,65.1,44.0,False,,body_LATEST:1+twincities_v2_nolock (1):1+robstride05 v16 (1) (1):1+FL46BLW10-48V-5N.m-DE(2)^FL46BLW10-48V-5N.m-DE (1) (1):1
1_1_02_EB461-502^FL46BLW10-48V-5N.m-DE(2)_FL46BLW10-48V-5N.m-DE (1) (1),1_1_02_EB461-502_FL46BLW10-48V-5N.m-DE_2__FL46BLW10-48V-5N.m-DE_1_1,part,1,1,0,Aluminum A356 T6,10.0,46.0,46.0,9.0,False,,body_LATEST:1+twincities_v2_nolock (1):1+robstride05 v16 (1) (1):1+FL46BLW10-48V-5N.m-DE(2)^FL46BLW10-48V-5N.m-DE (1) (1):1+1_1_02_EB461-502^FL46BLW10-48V-5N.m-DE(2)_FL46BLW10-48V-5N.m-DE (1) (1):1
1_1_06_EB463-507^FL46BLW10-48V-5N.m-DE(2)_FL46BLW10-48V-5N.m-DE (1) (1),1_1_06_EB463-507_FL46BLW10-48V-5N.m-DE_2__FL46BLW10-48V-5N.m-DE_1_1,part,1,1,0,Aluminum A356 T6,21.8,46.0,46.0,35.1,False,,body_LATEST:1+twincities_v2_nolock (1):1+robstride05 v16 (1) (1):1+FL46BLW10-48V-5N.m-DE(2)^FL46BLW10-48V-5N.m-DE (1) (1):1+1_1_06_EB463-507^FL46BLW10-48V-5N.m-DE(2)_FL46BLW10-48V-5N.m-DE (1) (1):1
1_1_06_EB463-509^FL46BLW10-48V-5N.m-DE(2)_FL46BLW10-48V-5N.m-DE (1) (1),1_1_06_EB463-509_FL46BLW10-48V-5N.m-DE_2__FL46BLW10-48V-5N.m-DE_1_1,part,1,1,0,Aluminum A356 T6,6.3,46.0,46.0,4.7,False,,body_LATEST:1+twincities_v2_nolock (1):1+robstride05 v16 (1) (1):1+FL46BLW10-48V-5N.m-DE(2)^FL46BLW10-48V-5N.m-DE (1) (1):1+1_1_06_EB463-509^FL46BLW10-48V-5N.m-DE(2)_FL46BLW10-48V-5N.m-DE (1) (1):1
1_1_31_EB463-510^FL46BLW10-48V-5N.m-DE(2)_FL46BLW10-48V-5N.m-DE (1) (1),1_1_31_EB463-510_FL46BLW10-48V-5N.m-DE_2__FL46BLW10-48V-5N.m-DE_1_1,part,1,1,0,Aluminum A356 T6,3.6,46.0,46.0,2.5,False,,body_LATEST:1+twincities_v2_nolock (1):1+robstride05 v16 (1) (1):1+FL46BLW10-48V-5N.m-DE(2)^FL46BLW10-48V-5N.m-DE (1) (1):1+1_1_31_EB463-510^FL46BLW10-48V-5N.m-DE(2)_FL46BLW10-48V-5N.m-DE (1) (1):1
1_2_05_000438^FL46BLW10-48V-5N.m-DE(2)_FL46BLW10-48V-5N.m-DE (1) (1),1_2_05_000438_FL46BLW10-48V-5N.m-DE_2__FL46BLW10-48V-5N.m-DE_1_1,part,8,1,0,Steel,0.1,4.1,3.8,3.8,False,,body_LATEST:1+twincities_v2_nolock (1):1+robstride05 v16 (1) (1):1+FL46BLW10-48V-5N.m-DE(2)^FL46BLW10-48V-5N.m-DE (1) (1):1+1_2_05_000438^FL46BLW10-48V-5N.m-DE(2)_FL46BLW10-48V-5N.m-DE (1) (1):1
1_2_05_000555^FL46BLW10-48V-5N.m-DE(2)_FL46BLW10-48V-5N.m-DE (1) (1),1_2_05_000555_FL46BLW10-48V-5N.m-DE_2__FL46BLW10-48V-5N.m-DE_1_1,part,8,1,0,Steel,0.1,6.1,3.8,3.8,False,,body_LATEST:1+twincities_v2_nolock (1):1+robstride05 v16 (1) (1):1+FL46BLW10-48V-5N.m-DE(2)^FL46BLW10-48V-5N.m-DE (1) (1):1+1_2_05_000555^FL46BLW10-48V-5N.m-DE(2)_FL46BLW10-48V-5N.m-DE (1) (1):1
1_2_05_000608^FL46BLW10-48V-5N.m-DE(2)_FL46BLW10-48V-5N.m-DE (1) (1),1_2_05_000608_FL46BLW10-48V-5N.m-DE_2__FL46BLW10-48V-5N.m-DE_1_1,part,4,1,0,Steel,0.4,10.2,4.7,4.7,False,,body_LATEST:1+twincities_v2_nolock (1):1+robstride05 v16 (1) (1):1+FL46BLW10-48V-5N.m-DE(2)^FL46BLW10-48V-5N.m-DE (1) (1):1+1_2_05_000608^FL46BLW10-48V-5N.m-DE(2)_FL46BLW10-48V-5N.m-DE (1) (1):1
1_2_05_020051^FL46BLW10-48V-5N.m-DE(2)_FL46BLW10-48V-5N.m-DE (1) (1),1_2_05_020051_FL46BLW10-48V-5N.m-DE_2__FL46BLW10-48V-5N.m-DE_1_1,part,3,2,0,Steel,0.2,4.0,4.0,6.6,False,,body_LATEST:1+twincities_v2_nolock (1):1+robstride05 v16 (1) (1):1+FL46BLW10-48V-5N.m-DE(2)^FL46BLW10-48V-5N.m-DE (1) (1):1+1_2_05_020051^FL46BLW10-48V-5N.m-DE(2)_FL46BLW10-48V-5N.m-DE (1) (1):1
1_2_16_001425^FL46BLW10-48V-5N.m-DE(2)_FL46BLW10-48V-5N.m-DE (1) (1),1_2_16_001425_FL46BLW10-48V-5N.m-DE_2__FL46BLW10-48V-5N.m-DE_1_1,part,1,1,0,FR4,3.9,40.7,40.6,6.8,False,,body_LATEST:1+twincities_v2_nolock (1):1+robstride05 v16 (1) (1):1+FL46BLW10-48V-5N.m-DE(2)^FL46BLW10-48V-5N.m-DE (1) (1):1+1_2_16_001425^FL46BLW10-48V-5N.m-DE(2)_FL46BLW10-48V-5N.m-DE (1) (1):1
robstride05 v16 (2) (1),robstride05_v16_2_1,subassembly,1,0,3,,194.1,65.1,65.1,47.1,False,,body_LATEST:1+twincities_v2_nolock (1):1+robstride05 v16 (2) (1):1
1_1_30_GR-2202_ASM^FL46BLW10-48V-5N.m-DE(2)_FL46BLW10-48V-5N.m-DE (2) (1),1_1_30_GR-2202_ASM_FL46BLW10-48V-5N.m-DE_2__FL46BLW10-48V-5N.m-DE_2_1,subassembly,1,0,1,,23.9,37.0,37.0,14.0,False,,body_LATEST:1+twincities_v2_nolock (1):1+robstride05 v16 (2) (1):1+1_1_30_GR-2202_ASM^FL46BLW10-48V-5N.m-DE(2)_FL46BLW10-48V-5N.m-DE (2) (1):1
1_1_30_GR-2202_ASM_1_ASM^1_1_30_GR-2202_ASM_FL46BLW10-48V-5N.m-DE(2)_FL46BLW10-48V-5N.m-DE (2) (1),1_1_30_GR-2202_ASM_1_ASM_1_1_30_GR-2202_ASM_FL46BLW10-48V-5N.m-DE_2__FL46BLW10-48V-5N.m-DE_2_1,subassembly,1,0,3,,23.9,37.0,37.0,14.0,False,,body_LATEST:1+twincities_v2_nolock (1):1+robstride05 v16 (2) (1):1+1_1_30_GR-2202_ASM^FL46BLW10-48V-5N.m-DE(2)_FL46BLW10-48V-5N.m-DE (2) (1):1+1_1_30_GR-2202_ASM_1_ASM^1_1_30_GR-2202_ASM_FL46BLW10-48V-5N.m-DE(2)_FL46BLW10-48V-5N.m-DE (2) (1):1
0001755652^1_1_30_GR-2202_ASM_1_ASM_1_1_30_GR-2202_ASM_FL46BLW10-48V-5N.m-DE(2)_FL46BLW10-48V-5N.m-DE (2) (1),0001755652_1_1_30_GR-2202_ASM_1_ASM_1_1_30_GR-2202_ASM_FL46BLW10-48V-5N.m-DE_2__FL46BLW10-48V-5N.m-DE_2_1,part,2,1,0,Steel,1.4,4.0,4.0,14.0,False,,body_LATEST:1+twincities_v2_nolock (1):1+robstride05 v16 (2) (1):1+1_1_30_GR-2202_ASM^FL46BLW10-48V-5N.m-DE(2)_FL46BLW10-48V-5N.m-DE (2) (1):1+1_1_30_GR-2202_ASM_1_ASM^1_1_30_GR-2202_ASM_FL46BLW10-48V-5N.m-DE(2)_FL46BLW10-48V-5N.m-DE (2) (1):1+0001755652^1_1_30_GR-2202_ASM_1_ASM_1_1_30_GR-2202_ASM_FL46BLW10-48V-5N.m-DE(2)_FL46BLW10-48V-5N.m-DE (2) (1):1
00MINI-_20250103_A0001_ASM_1_AS_ASM^1_1_30_GR-2202_ASM_1_ASM_1_1_30_GR-2202_ASM_FL46BLW10-48V-5N.m-DE(2)_FL46BLW10-48V-5N.m-DE (2) (1),00MINI-_20250103_A0001_ASM_1_AS_ASM_1_1_30_GR-2202_ASM_1_ASM_1_1_30_GR-2202_ASM_FL46BLW10-48V-5N.m-DE_2__FL46BLW10-48V-5N.m-DE_2_1,subassembly,1,0,1,,21.2,37.0,37.0,14.0,False,,body_LATEST:1+twincities_v2_nolock (1):1+robstride05 v16 (2) (1):1+1_1_30_GR-2202_ASM^FL46BLW10-48V-5N.m-DE(2)_FL46BLW10-48V-5N.m-DE (2) (1):1+1_1_30_GR-2202_ASM_1_ASM^1_1_30_GR-2202_ASM_FL46BLW10-48V-5N.m-DE(2)_FL46BLW10-48V-5N.m-DE (2) (1):1+00MINI-_20250103_A0001_ASM_1_AS_ASM^1_1_30_GR-2202_ASM_1_ASM_1_1_30_GR-2202_ASM_FL46BLW10-48V-5N.m-DE(2)_FL46BLW10-48V-5N.m-DE (2) (1):1
00MINI-000_ASM_1_ASM_1_ASM^00MINI-_20250103_A0001_ASM_1_AS_ASM_1_1_30_GR-2202_ASM_1_ASM_1_1_30_GR-2202_ASM_FL46BLW10-48V-5N.m-DE(2)_FL46BLW10-48V-5N.m-DE (2) (1),00MINI-000_ASM_1_ASM_1_ASM_00MINI-_20250103_A0001_ASM_1_AS_ASM_1_1_30_GR-2202_ASM_1_ASM_1_1_30_GR-2202_ASM_FL46BLW10-48V-5N.m-DE_2__FL46BLW10-48V-5N.m-DE_2_1,subassembly,1,0,4,,21.2,37.0,37.0,14.0,False,,body_LATEST:1+twincities_v2_nolock (1):1+robstride05 v16 (2) (1):1+1_1_30_GR-2202_ASM^FL46BLW10-48V-5N.m-DE(2)_FL46BLW10-48V-5N.m-DE (2) (1):1+1_1_30_GR-2202_ASM_1_ASM^1_1_30_GR-2202_ASM_FL46BLW10-48V-5N.m-DE(2)_FL46BLW10-48V-5N.m-DE (2) (1):1+00MINI-_20250103_A0001_ASM_1_AS_ASM^1_1_30_GR-2202_ASM_1_ASM_1_1_30_GR-2202_ASM_FL46BLW10-48V-5N.m-DE(2)_FL46BLW10-48V-5N.m-DE (2) (1):1+00MINI-000_ASM_1_ASM_1_ASM^00MINI-_20250103_A0001_ASM_1_AS_ASM_1_1_30_GR-2202_ASM_1_ASM_1_1_30_GR-2202_ASM_FL46BLW10-48V-5N.m-DE(2)_FL46BLW10-48V-5N.m-DE (2) (1):1
0001755650^00MINI-000_ASM_1_ASM_1_ASM_00MINI-_20250103_A0001_ASM_1_AS_ASM_1_1_30_GR-2202_ASM_1_ASM_1_1_30_GR-2202_ASM_FL46BLW10-48V-5N.m-DE(2)_FL46BLW10-48V-5N.m-DE (2) (1),0001755650_00MINI-000_ASM_1_ASM_1_ASM_00MINI-_20250103_A0001_ASM_1_AS_ASM_1_1_30_GR-2202_ASM_1_ASM_1_1_30_GR-2202_ASM_FL46BLW10-48V-5N.m-DE_2__FL46BLW10-48V-5N.m-DE_2_1,part,1,1,0,Aluminum A356 T6,8.1,32.0,32.0,8.0,False,,body_LATEST:1+twincities_v2_nolock (1):1+robstride05 v16 (2) (1):1+1_1_30_GR-2202_ASM^FL46BLW10-48V-5N.m-DE(2)_FL46BLW10-48V-5N.m-DE (2) (1):1+1_1_30_GR-2202_ASM_1_ASM^1_1_30_GR-2202_ASM_FL46BLW10-48V-5N.m-DE(2)_FL46BLW10-48V-5N.m-DE (2) (1):1+00MINI-_20250103_A0001_ASM_1_AS_ASM^1_1_30_GR-2202_ASM_1_ASM_1_1_30_GR-2202_ASM_FL46BLW10-48V-5N.m-DE(2)_FL46BLW10-48V-5N.m-DE (2) (1):1+00MINI-000_ASM_1_ASM_1_ASM^00MINI-_20250103_A0001_ASM_1_AS_ASM_1_1_30_GR-2202_ASM_1_ASM_1_1_30_GR-2202_ASM_FL46BLW10-48V-5N.m-DE(2)_FL46BLW10-48V-5N.m-DE (2) (1):1+0001755650^00MINI-000_ASM_1_ASM_1_ASM_00MINI-_20250103_A0001_ASM_1_AS_ASM_1_1_30_GR-2202_ASM_1_ASM_1_1_30_GR-2202_ASM_FL46BLW10-48V-5N.m-DE(2)_FL46BLW10-48V-5N.m-DE (2) (1):1
0001755652^00MINI-000_ASM_1_ASM_1_ASM_00MINI-_20250103_A0001_ASM_1_AS_ASM_1_1_30_GR-2202_ASM_1_ASM_1_1_30_GR-2202_ASM_FL46BLW10-48V-5N.m-DE(2)_FL46BLW10-48V-5N.m-DE (2) (1),0001755652_00MINI-000_ASM_1_ASM_1_ASM_00MINI-_20250103_A0001_ASM_1_AS_ASM_1_1_30_GR-2202_ASM_1_ASM_1_1_30_GR-2202_ASM_FL46BLW10-48V-5N.m-DE_2__FL46BLW10-48V-5N.m-DE_2_1,part,1,1,0,Steel,1.4,4.0,4.0,14.0,False,,body_LATEST:1+twincities_v2_nolock (1):1+robstride05 v16 (2) (1):1+1_1_30_GR-2202_ASM^FL46BLW10-48V-5N.m-DE(2)_FL46BLW10-48V-5N.m-DE (2) (1):1+1_1_30_GR-2202_ASM_1_ASM^1_1_30_GR-2202_ASM_FL46BLW10-48V-5N.m-DE(2)_FL46BLW10-48V-5N.m-DE (2) (1):1+00MINI-_20250103_A0001_ASM_1_AS_ASM^1_1_30_GR-2202_ASM_1_ASM_1_1_30_GR-2202_ASM_FL46BLW10-48V-5N.m-DE(2)_FL46BLW10-48V-5N.m-DE (2) (1):1+00MINI-000_ASM_1_ASM_1_ASM^00MINI-_20250103_A0001_ASM_1_AS_ASM_1_1_30_GR-2202_ASM_1_ASM_1_1_30_GR-2202_ASM_FL46BLW10-48V-5N.m-DE(2)_FL46BLW10-48V-5N.m-DE (2) (1):1+0001755652^00MINI-000_ASM_1_ASM_1_ASM_00MINI-_20250103_A0001_ASM_1_AS_ASM_1_1_30_GR-2202_ASM_1_ASM_1_1_30_GR-2202_ASM_FL46BLW10-48V-5N.m-DE(2)_FL46BLW10-48V-5N.m-DE (2) (1):1
1_21_121000022__610001_1_1^00MINI-000_ASM_1_ASM_1_ASM_00MINI-_20250103_A0001_ASM_1_AS_ASM_1_1_30_GR-2202_ASM_1_ASM_1_1_30_GR-2202_ASM_FL46BLW10-48V-5N.m-DE(2)_FL46BLW10-48V-5N.m-DE (2) (1),1_21_121000022__610001_1_1_00MINI-000_ASM_1_ASM_1_ASM_00MINI-_20250103_A0001_ASM_1_AS_ASM_1_1_30_GR-2202_ASM_1_ASM_1_1_30_GR-2202_ASM_FL46BLW10-48V-5N.m-DE_2__FL46BLW10-48V-5N.m-DE_2_1,part,1,1,0,Steel,1.9,4.0,11.0,11.0,False,,body_LATEST:1+twincities_v2_nolock (1):1+robstride05 v16 (2) (1):1+1_1_30_GR-2202_ASM^FL46BLW10-48V-5N.m-DE(2)_FL46BLW10-48V-5N.m-DE (2) (1):1+1_1_30_GR-2202_ASM_1_ASM^1_1_30_GR-2202_ASM_FL46BLW10-48V-5N.m-DE(2)_FL46BLW10-48V-5N.m-DE (2) (1):1+00MINI-_20250103_A0001_ASM_1_AS_ASM^1_1_30_GR-2202_ASM_1_ASM_1_1_30_GR-2202_ASM_FL46BLW10-48V-5N.m-DE(2)_FL46BLW10-48V-5N.m-DE (2) (1):1+00MINI-000_ASM_1_ASM_1_ASM^00MINI-_20250103_A0001_ASM_1_AS_ASM_1_1_30_GR-2202_ASM_1_ASM_1_1_30_GR-2202_ASM_FL46BLW10-48V-5N.m-DE(2)_FL46BLW10-48V-5N.m-DE (2) (1):1+1_21_121000022__610001_1_1^00MINI-000_ASM_1_ASM_1_ASM_00MINI-_20250103_A0001_ASM_1_AS_ASM_1_1_30_GR-2202_ASM_1_ASM_1_1_30_GR-2202_ASM_FL46BLW10-48V-5N.m-DE(2)_FL46BLW10-48V-5N.m-DE (2) (1):1
6706__300001_1_1^00MINI-000_ASM_1_ASM_1_ASM_00MINI-_20250103_A0001_ASM_1_AS_ASM_1_1_30_GR-2202_ASM_1_ASM_1_1_30_GR-2202_ASM_FL46BLW10-48V-5N.m-DE(2)_FL46BLW10-48V-5N.m-DE (2) (1),6706__300001_1_1_00MINI-000_ASM_1_ASM_1_ASM_00MINI-_20250103_A0001_ASM_1_AS_ASM_1_1_30_GR-2202_ASM_1_ASM_1_1_30_GR-2202_ASM_FL46BLW10-48V-5N.m-DE_2__FL46BLW10-48V-5N.m-DE_2_1,part,1,1,0,Steel,9.9,37.0,37.0,4.0,False,,body_LATEST:1+twincities_v2_nolock (1):1+robstride05 v16 (2) (1):1+1_1_30_GR-2202_ASM^FL46BLW10-48V-5N.m-DE(2)_FL46BLW10-48V-5N.m-DE (2) (1):1+1_1_30_GR-2202_ASM_1_ASM^1_1_30_GR-2202_ASM_FL46BLW10-48V-5N.m-DE(2)_FL46BLW10-48V-5N.m-DE (2) (1):1+00MINI-_20250103_A0001_ASM_1_AS_ASM^1_1_30_GR-2202_ASM_1_ASM_1_1_30_GR-2202_ASM_FL46BLW10-48V-5N.m-DE(2)_FL46BLW10-48V-5N.m-DE (2) (1):1+00MINI-000_ASM_1_ASM_1_ASM^00MINI-_20250103_A0001_ASM_1_AS_ASM_1_1_30_GR-2202_ASM_1_ASM_1_1_30_GR-2202_ASM_FL46BLW10-48V-5N.m-DE(2)_FL46BLW10-48V-5N.m-DE (2) (1):1+6706__300001_1_1^00MINI-000_ASM_1_ASM_1_ASM_00MINI-_20250103_A0001_ASM_1_AS_ASM_1_1_30_GR-2202_ASM_1_ASM_1_1_30_GR-2202_ASM_FL46BLW10-48V-5N.m-DE(2)_FL46BLW10-48V-5N.m-DE (2) (1):1
Component80 (1),Component80_1,part,1,1,0,CORE,120.3,34.0,34.0,29.0,False,,body_LATEST:1+twincities_v2_nolock (1):1+robstride05 v16 (2) (1):1+Component80 (1):1
FL46BLW10-48V-5N.m-DE(2)^FL46BLW10-48V-5N.m-DE (2) (1),FL46BLW10-48V-5N.m-DE_2_FL46BLW10-48V-5N.m-DE_2_1,subassembly,1,0,28,,49.8,64.4,64.4,44.0,False,,body_LATEST:1+twincities_v2_nolock (1):1+robstride05 v16 (2) (1):1+FL46BLW10-48V-5N.m-DE(2)^FL46BLW10-48V-5N.m-DE (2) (1):1
1_1_02_EB461-502^FL46BLW10-48V-5N.m-DE(2)_FL46BLW10-48V-5N.m-DE (2) (1),1_1_02_EB461-502_FL46BLW10-48V-5N.m-DE_2__FL46BLW10-48V-5N.m-DE_2_1,part,1,1,0,Aluminum A356 T6,10.0,46.0,46.0,9.0,False,,body_LATEST:1+twincities_v2_nolock (1):1+robstride05 v16 (2) (1):1+FL46BLW10-48V-5N.m-DE(2)^FL46BLW10-48V-5N.m-DE (2) (1):1+1_1_02_EB461-502^FL46BLW10-48V-5N.m-DE(2)_FL46BLW10-48V-5N.m-DE (2) (1):1
1_1_06_EB463-507^FL46BLW10-48V-5N.m-DE(2)_FL46BLW10-48V-5N.m-DE (2) (1),1_1_06_EB463-507_FL46BLW10-48V-5N.m-DE_2__FL46BLW10-48V-5N.m-DE_2_1,part,1,1,0,Aluminum A356 T6,21.8,46.0,46.0,35.1,False,,body_LATEST:1+twincities_v2_nolock (1):1+robstride05 v16 (2) (1):1+FL46BLW10-48V-5N.m-DE(2)^FL46BLW10-48V-5N.m-DE (2) (1):1+1_1_06_EB463-507^FL46BLW10-48V-5N.m-DE(2)_FL46BLW10-48V-5N.m-DE (2) (1):1
1_1_06_EB463-509^FL46BLW10-48V-5N.m-DE(2)_FL46BLW10-48V-5N.m-DE (2) (1),1_1_06_EB463-509_FL46BLW10-48V-5N.m-DE_2__FL46BLW10-48V-5N.m-DE_2_1,part,1,1,0,Aluminum A356 T6,6.3,46.0,46.0,4.7,False,,body_LATEST:1+twincities_v2_nolock (1):1+robstride05 v16 (2) (1):1+FL46BLW10-48V-5N.m-DE(2)^FL46BLW10-48V-5N.m-DE (2) (1):1+1_1_06_EB463-509^FL46BLW10-48V-5N.m-DE(2)_FL46BLW10-48V-5N.m-DE (2) (1):1
1_1_31_EB463-510^FL46BLW10-48V-5N.m-DE(2)_FL46BLW10-48V-5N.m-DE (2) (1),1_1_31_EB463-510_FL46BLW10-48V-5N.m-DE_2__FL46BLW10-48V-5N.m-DE_2_1,part,1,1,0,Aluminum A356 T6,3.6,46.0,46.0,2.5,False,,body_LATEST:1+twincities_v2_nolock (1):1+robstride05 v16 (2) (1):1+FL46BLW10-48V-5N.m-DE(2)^FL46BLW10-48V-5N.m-DE (2) (1):1+1_1_31_EB463-510^FL46BLW10-48V-5N.m-DE(2)_FL46BLW10-48V-5N.m-DE (2) (1):1
1_2_05_000438^FL46BLW10-48V-5N.m-DE(2)_FL46BLW10-48V-5N.m-DE (2) (1),1_2_05_000438_FL46BLW10-48V-5N.m-DE_2__FL46BLW10-48V-5N.m-DE_2_1,part,8,1,0,Steel,0.1,4.1,3.8,3.8,False,,body_LATEST:1+twincities_v2_nolock (1):1+robstride05 v16 (2) (1):1+FL46BLW10-48V-5N.m-DE(2)^FL46BLW10-48V-5N.m-DE (2) (1):1+1_2_05_000438^FL46BLW10-48V-5N.m-DE(2)_FL46BLW10-48V-5N.m-DE (2) (1):1
1_2_05_000555^FL46BLW10-48V-5N.m-DE(2)_FL46BLW10-48V-5N.m-DE (2) (1),1_2_05_000555_FL46BLW10-48V-5N.m-DE_2__FL46BLW10-48V-5N.m-DE_2_1,part,8,1,0,Steel,0.1,6.1,3.8,3.8,False,,body_LATEST:1+twincities_v2_nolock (1):1+robstride05 v16 (2) (1):1+FL46BLW10-48V-5N.m-DE(2)^FL46BLW10-48V-5N.m-DE (2) (1):1+1_2_05_000555^FL46BLW10-48V-5N.m-DE(2)_FL46BLW10-48V-5N.m-DE (2) (1):1
1_2_05_000608^FL46BLW10-48V-5N.m-DE(2)_FL46BLW10-48V-5N.m-DE (2) (1),1_2_05_000608_FL46BLW10-48V-5N.m-DE_2__FL46BLW10-48V-5N.m-DE_2_1,part,4,1,0,Steel,0.4,10.2,4.7,4.7,False,,body_LATEST:1+twincities_v2_nolock (1):1+robstride05 v16 (2) (1):1+FL46BLW10-48V-5N.m-DE(2)^FL46BLW10-48V-5N.m-DE (2) (1):1+1_2_05_000608^FL46BLW10-48V-5N.m-DE(2)_FL46BLW10-48V-5N.m-DE (2) (1):1
1_2_05_020051^FL46BLW10-48V-5N.m-DE(2)_FL46BLW10-48V-5N.m-DE (2) (1),1_2_05_020051_FL46BLW10-48V-5N.m-DE_2__FL46BLW10-48V-5N.m-DE_2_1,part,3,2,0,Steel,0.2,4.0,4.0,6.6,False,,body_LATEST:1+twincities_v2_nolock (1):1+robstride05 v16 (2) (1):1+FL46BLW10-48V-5N.m-DE(2)^FL46BLW10-48V-5N.m-DE (2) (1):1+1_2_05_020051^FL46BLW10-48V-5N.m-DE(2)_FL46BLW10-48V-5N.m-DE (2) (1):1
1_2_16_001425^FL46BLW10-48V-5N.m-DE(2)_FL46BLW10-48V-5N.m-DE (2) (1),1_2_16_001425_FL46BLW10-48V-5N.m-DE_2__FL46BLW10-48V-5N.m-DE_2_1,part,1,1,0,FR4,3.9,40.7,40.6,6.8,False,,body_LATEST:1+twincities_v2_nolock (1):1+robstride05 v16 (2) (1):1+FL46BLW10-48V-5N.m-DE(2)^FL46BLW10-48V-5N.m-DE (2) (1):1+1_2_16_001425^FL46BLW10-48V-5N.m-DE(2)_FL46BLW10-48V-5N.m-DE (2) (1):1
schematics (1),schematics_1,subassembly,1,1,2,,0.0,0.0,0.0,0.0,False,,body_LATEST:1+twincities_v2_nolock (1):1+schematics (1):1
robstride05_cross_section (1),robstride05_cross_section_1,empty,2,0,0,,0.0,0.0,0.0,0.0,False,,body_LATEST:1+twincities_v2_nolock (1):1+schematics (1):1+robstride05_cross_section (1):1
twincities_v2_nolock,twincities_v2_nolock,subassembly,1,0,9,,585.2,665.1,1200.0,764.5,False,,body_LATEST:1+twincities_v2_nolock:1
IntelRealsense_D435_Multibody v9,IntelRealsense_D435_Multibody,subassembly,1,3,8,,71.0,1200.0,764.5,625.0,False,,body_LATEST:1+twincities_v2_nolock:1+IntelRealsense_D435_Multibody v9:1
Component31,Component31,part,1,1,0,Steel,1.6,10.8,24.5,6.5,False,,body_LATEST:1+twincities_v2_nolock:1+IntelRealsense_D435_Multibody v9:1+Component31:1
Component32,Component32,part,1,1,0,Steel,0.0,4.2,4.2,0.5,False,,body_LATEST:1+twincities_v2_nolock:1+IntelRealsense_D435_Multibody v9:1+Component32:1
Component33,Component33,part,1,1,0,Steel,0.0,4.2,4.2,0.5,False,,body_LATEST:1+twincities_v2_nolock:1+IntelRealsense_D435_Multibody v9:1+Component33:1
Component34,Component34,part,1,1,0,Steel,0.0,8.2,8.2,0.5,False,,body_LATEST:1+twincities_v2_nolock:1+IntelRealsense_D435_Multibody v9:1+Component34:1
Component35,Component35,part,1,1,0,Steel,68.5,90.1,25.3,25.0,False,,body_LATEST:1+twincities_v2_nolock:1+IntelRealsense_D435_Multibody v9:1+Component35:1
Component36,Component36,part,1,1,0,Steel,0.0,2.2,2.2,0.5,False,,body_LATEST:1+twincities_v2_nolock:1+IntelRealsense_D435_Multibody v9:1+Component36:1
Component37,Component37,part,1,1,0,Steel,0.0,2.2,2.2,0.5,False,,body_LATEST:1+twincities_v2_nolock:1+IntelRealsense_D435_Multibody v9:1+Component37:1
glass,glass,part,1,1,0,Steel,0.8,82.0,17.0,0.4,False,,body_LATEST:1+twincities_v2_nolock:1+IntelRealsense_D435_Multibody v9:1+glass:1
U-joint_type_C_adapter v3,U-joint_type_C_adapter,part,1,1,0,Stainless Steel,8.0,24.8,12.3,14.4,False,,body_LATEST:1+twincities_v2_nolock:1+U-joint_type_C_adapter v3:1
bearing,bearing,part,1,2,0,Steel,2.5,15.0,15.0,4.0,False,,body_LATEST:1+twincities_v2_nolock:1+bearing:1
gimbal_arm,gimbal_arm,subassembly,1,1,1,,26.0,35.0,74.0,61.5,False,,body_LATEST:1+twincities_v2_nolock:1+gimbal_arm:1
Component92,Component92,part,1,1,0,Arm,9.5,35.0,70.0,61.5,False,,body_LATEST:1+twincities_v2_nolock:1+gimbal_arm:1+Component92:1
gimbal_mount,gimbal_mount,part,1,1,0,Base,52.0,80.1,66.3,84.0,False,,body_LATEST:1+twincities_v2_nolock:1+gimbal_mount:1
gimbal_neck,gimbal_neck,part,1,1,0,Neck,37.6,46.0,56.0,112.5,False,,body_LATEST:1+twincities_v2_nolock:1+gimbal_neck:1
robstride05 v16 (1),robstride05_v16_1,subassembly,1,0,3,,194.1,65.1,65.1,47.1,False,,body_LATEST:1+twincities_v2_nolock:1+robstride05 v16 (1):1
1_1_30_GR-2202_ASM^FL46BLW10-48V-5N.m-DE(2)_FL46BLW10-48V-5N.m-DE (1),1_1_30_GR-2202_ASM_FL46BLW10-48V-5N.m-DE_2__FL46BLW10-48V-5N.m-DE_1,subassembly,1,0,1,,23.9,37.0,37.0,14.0,False,,body_LATEST:1+twincities_v2_nolock:1+robstride05 v16 (1):1+1_1_30_GR-2202_ASM^FL46BLW10-48V-5N.m-DE(2)_FL46BLW10-48V-5N.m-DE (1):1
1_1_30_GR-2202_ASM_1_ASM^1_1_30_GR-2202_ASM_FL46BLW10-48V-5N.m-DE(2)_FL46BLW10-48V-5N.m-DE (1),1_1_30_GR-2202_ASM_1_ASM_1_1_30_GR-2202_ASM_FL46BLW10-48V-5N.m-DE_2__FL46BLW10-48V-5N.m-DE_1,subassembly,1,0,3,,23.9,37.0,37.0,14.0,False,,body_LATEST:1+twincities_v2_nolock:1+robstride05 v16 (1):1+1_1_30_GR-2202_ASM^FL46BLW10-48V-5N.m-DE(2)_FL46BLW10-48V-5N.m-DE (1):1+1_1_30_GR-2202_ASM_1_ASM^1_1_30_GR-2202_ASM_FL46BLW10-48V-5N.m-DE(2)_FL46BLW10-48V-5N.m-DE (1):1
0001755652^1_1_30_GR-2202_ASM_1_ASM_1_1_30_GR-2202_ASM_FL46BLW10-48V-5N.m-DE(2)_FL46BLW10-48V-5N.m-DE (1),0001755652_1_1_30_GR-2202_ASM_1_ASM_1_1_30_GR-2202_ASM_FL46BLW10-48V-5N.m-DE_2__FL46BLW10-48V-5N.m-DE_1,part,2,1,0,Steel,1.4,4.0,4.0,14.0,False,,body_LATEST:1+twincities_v2_nolock:1+robstride05 v16 (1):1+1_1_30_GR-2202_ASM^FL46BLW10-48V-5N.m-DE(2)_FL46BLW10-48V-5N.m-DE (1):1+1_1_30_GR-2202_ASM_1_ASM^1_1_30_GR-2202_ASM_FL46BLW10-48V-5N.m-DE(2)_FL46BLW10-48V-5N.m-DE (1):1+0001755652^1_1_30_GR-2202_ASM_1_ASM_1_1_30_GR-2202_ASM_FL46BLW10-48V-5N.m-DE(2)_FL46BLW10-48V-5N.m-DE (1):1
00MINI-_20250103_A0001_ASM_1_AS_ASM^1_1_30_GR-2202_ASM_1_ASM_1_1_30_GR-2202_ASM_FL46BLW10-48V-5N.m-DE(2)_FL46BLW10-48V-5N.m-DE (1),00MINI-_20250103_A0001_ASM_1_AS_ASM_1_1_30_GR-2202_ASM_1_ASM_1_1_30_GR-2202_ASM_FL46BLW10-48V-5N.m-DE_2__FL46BLW10-48V-5N.m-DE_1,subassembly,1,0,1,,21.2,37.0,37.0,14.0,False,,body_LATEST:1+twincities_v2_nolock:1+robstride05 v16 (1):1+1_1_30_GR-2202_ASM^FL46BLW10-48V-5N.m-DE(2)_FL46BLW10-48V-5N.m-DE (1):1+1_1_30_GR-2202_ASM_1_ASM^1_1_30_GR-2202_ASM_FL46BLW10-48V-5N.m-DE(2)_FL46BLW10-48V-5N.m-DE (1):1+00MINI-_20250103_A0001_ASM_1_AS_ASM^1_1_30_GR-2202_ASM_1_ASM_1_1_30_GR-2202_ASM_FL46BLW10-48V-5N.m-DE(2)_FL46BLW10-48V-5N.m-DE (1):1
00MINI-000_ASM_1_ASM_1_ASM^00MINI-_20250103_A0001_ASM_1_AS_ASM_1_1_30_GR-2202_ASM_1_ASM_1_1_30_GR-2202_ASM_FL46BLW10-48V-5N.m-DE(2)_FL46BLW10-48V-5N.m-DE (1),00MINI-000_ASM_1_ASM_1_ASM_00MINI-_20250103_A0001_ASM_1_AS_ASM_1_1_30_GR-2202_ASM_1_ASM_1_1_30_GR-2202_ASM_FL46BLW10-48V-5N.m-DE_2__FL46BLW10-48V-5N.m-DE_1,subassembly,1,0,4,,21.2,37.0,37.0,14.0,False,,body_LATEST:1+twincities_v2_nolock:1+robstride05 v16 (1):1+1_1_30_GR-2202_ASM^FL46BLW10-48V-5N.m-DE(2)_FL46BLW10-48V-5N.m-DE (1):1+1_1_30_GR-2202_ASM_1_ASM^1_1_30_GR-2202_ASM_FL46BLW10-48V-5N.m-DE(2)_FL46BLW10-48V-5N.m-DE (1):1+00MINI-_20250103_A0001_ASM_1_AS_ASM^1_1_30_GR-2202_ASM_1_ASM_1_1_30_GR-2202_ASM_FL46BLW10-48V-5N.m-DE(2)_FL46BLW10-48V-5N.m-DE (1):1+00MINI-000_ASM_1_ASM_1_ASM^00MINI-_20250103_A0001_ASM_1_AS_ASM_1_1_30_GR-2202_ASM_1_ASM_1_1_30_GR-2202_ASM_FL46BLW10-48V-5N.m-DE(2)_FL46BLW10-48V-5N.m-DE (1):1
0001755650^00MINI-000_ASM_1_ASM_1_ASM_00MINI-_20250103_A0001_ASM_1_AS_ASM_1_1_30_GR-2202_ASM_1_ASM_1_1_30_GR-2202_ASM_FL46BLW10-48V-5N.m-DE(2)_FL46BLW10-48V-5N.m-DE (1),0001755650_00MINI-000_ASM_1_ASM_1_ASM_00MINI-_20250103_A0001_ASM_1_AS_ASM_1_1_30_GR-2202_ASM_1_ASM_1_1_30_GR-2202_ASM_FL46BLW10-48V-5N.m-DE_2__FL46BLW10-48V-5N.m-DE_1,part,1,1,0,Aluminum A356 T6,8.1,32.0,32.0,8.0,False,,body_LATEST:1+twincities_v2_nolock:1+robstride05 v16 (1):1+1_1_30_GR-2202_ASM^FL46BLW10-48V-5N.m-DE(2)_FL46BLW10-48V-5N.m-DE (1):1+1_1_30_GR-2202_ASM_1_ASM^1_1_30_GR-2202_ASM_FL46BLW10-48V-5N.m-DE(2)_FL46BLW10-48V-5N.m-DE (1):1+00MINI-_20250103_A0001_ASM_1_AS_ASM^1_1_30_GR-2202_ASM_1_ASM_1_1_30_GR-2202_ASM_FL46BLW10-48V-5N.m-DE(2)_FL46BLW10-48V-5N.m-DE (1):1+00MINI-000_ASM_1_ASM_1_ASM^00MINI-_20250103_A0001_ASM_1_AS_ASM_1_1_30_GR-2202_ASM_1_ASM_1_1_30_GR-2202_ASM_FL46BLW10-48V-5N.m-DE(2)_FL46BLW10-48V-5N.m-DE (1):1+0001755650^00MINI-000_ASM_1_ASM_1_ASM_00MINI-_20250103_A0001_ASM_1_AS_ASM_1_1_30_GR-2202_ASM_1_ASM_1_1_30_GR-2202_ASM_FL46BLW10-48V-5N.m-DE(2)_FL46BLW10-48V-5N.m-DE (1):1
0001755652^00MINI-000_ASM_1_ASM_1_ASM_00MINI-_20250103_A0001_ASM_1_AS_ASM_1_1_30_GR-2202_ASM_1_ASM_1_1_30_GR-2202_ASM_FL46BLW10-48V-5N.m-DE(2)_FL46BLW10-48V-5N.m-DE (1),0001755652_00MINI-000_ASM_1_ASM_1_ASM_00MINI-_20250103_A0001_ASM_1_AS_ASM_1_1_30_GR-2202_ASM_1_ASM_1_1_30_GR-2202_ASM_FL46BLW10-48V-5N.m-DE_2__FL46BLW10-48V-5N.m-DE_1,part,1,1,0,Steel,1.4,4.0,4.0,14.0,False,,body_LATEST:1+twincities_v2_nolock:1+robstride05 v16 (1):1+1_1_30_GR-2202_ASM^FL46BLW10-48V-5N.m-DE(2)_FL46BLW10-48V-5N.m-DE (1):1+1_1_30_GR-2202_ASM_1_ASM^1_1_30_GR-2202_ASM_FL46BLW10-48V-5N.m-DE(2)_FL46BLW10-48V-5N.m-DE (1):1+00MINI-_20250103_A0001_ASM_1_AS_ASM^1_1_30_GR-2202_ASM_1_ASM_1_1_30_GR-2202_ASM_FL46BLW10-48V-5N.m-DE(2)_FL46BLW10-48V-5N.m-DE (1):1+00MINI-000_ASM_1_ASM_1_ASM^00MINI-_20250103_A0001_ASM_1_AS_ASM_1_1_30_GR-2202_ASM_1_ASM_1_1_30_GR-2202_ASM_FL46BLW10-48V-5N.m-DE(2)_FL46BLW10-48V-5N.m-DE (1):1+0001755652^00MINI-000_ASM_1_ASM_1_ASM_00MINI-_20250103_A0001_ASM_1_AS_ASM_1_1_30_GR-2202_ASM_1_ASM_1_1_30_GR-2202_ASM_FL46BLW10-48V-5N.m-DE(2)_FL46BLW10-48V-5N.m-DE (1):1
1_21_121000022__610001_1_1^00MINI-000_ASM_1_ASM_1_ASM_00MINI-_20250103_A0001_ASM_1_AS_ASM_1_1_30_GR-2202_ASM_1_ASM_1_1_30_GR-2202_ASM_FL46BLW10-48V-5N.m-DE(2)_FL46BLW10-48V-5N.m-DE (1),1_21_121000022__610001_1_1_00MINI-000_ASM_1_ASM_1_ASM_00MINI-_20250103_A0001_ASM_1_AS_ASM_1_1_30_GR-2202_ASM_1_ASM_1_1_30_GR-2202_ASM_FL46BLW10-48V-5N.m-DE_2__FL46BLW10-48V-5N.m-DE_1,part,1,1,0,Steel,1.9,4.0,11.0,11.0,False,,body_LATEST:1+twincities_v2_nolock:1+robstride05 v16 (1):1+1_1_30_GR-2202_ASM^FL46BLW10-48V-5N.m-DE(2)_FL46BLW10-48V-5N.m-DE (1):1+1_1_30_GR-2202_ASM_1_ASM^1_1_30_GR-2202_ASM_FL46BLW10-48V-5N.m-DE(2)_FL46BLW10-48V-5N.m-DE (1):1+00MINI-_20250103_A0001_ASM_1_AS_ASM^1_1_30_GR-2202_ASM_1_ASM_1_1_30_GR-2202_ASM_FL46BLW10-48V-5N.m-DE(2)_FL46BLW10-48V-5N.m-DE (1):1+00MINI-000_ASM_1_ASM_1_ASM^00MINI-_20250103_A0001_ASM_1_AS_ASM_1_1_30_GR-2202_ASM_1_ASM_1_1_30_GR-2202_ASM_FL46BLW10-48V-5N.m-DE(2)_FL46BLW10-48V-5N.m-DE (1):1+1_21_121000022__610001_1_1^00MINI-000_ASM_1_ASM_1_ASM_00MINI-_20250103_A0001_ASM_1_AS_ASM_1_1_30_GR-2202_ASM_1_ASM_1_1_30_GR-2202_ASM_FL46BLW10-48V-5N.m-DE(2)_FL46BLW10-48V-5N.m-DE (1):1
6706__300001_1_1^00MINI-000_ASM_1_ASM_1_ASM_00MINI-_20250103_A0001_ASM_1_AS_ASM_1_1_30_GR-2202_ASM_1_ASM_1_1_30_GR-2202_ASM_FL46BLW10-48V-5N.m-DE(2)_FL46BLW10-48V-5N.m-DE (1),6706__300001_1_1_00MINI-000_ASM_1_ASM_1_ASM_00MINI-_20250103_A0001_ASM_1_AS_ASM_1_1_30_GR-2202_ASM_1_ASM_1_1_30_GR-2202_ASM_FL46BLW10-48V-5N.m-DE_2__FL46BLW10-48V-5N.m-DE_1,part,1,1,0,Steel,9.9,37.0,37.0,4.0,False,,body_LATEST:1+twincities_v2_nolock:1+robstride05 v16 (1):1+1_1_30_GR-2202_ASM^FL46BLW10-48V-5N.m-DE(2)_FL46BLW10-48V-5N.m-DE (1):1+1_1_30_GR-2202_ASM_1_ASM^1_1_30_GR-2202_ASM_FL46BLW10-48V-5N.m-DE(2)_FL46BLW10-48V-5N.m-DE (1):1+00MINI-_20250103_A0001_ASM_1_AS_ASM^1_1_30_GR-2202_ASM_1_ASM_1_1_30_GR-2202_ASM_FL46BLW10-48V-5N.m-DE(2)_FL46BLW10-48V-5N.m-DE (1):1+00MINI-000_ASM_1_ASM_1_ASM^00MINI-_20250103_A0001_ASM_1_AS_ASM_1_1_30_GR-2202_ASM_1_ASM_1_1_30_GR-2202_ASM_FL46BLW10-48V-5N.m-DE(2)_FL46BLW10-48V-5N.m-DE (1):1+6706__300001_1_1^00MINI-000_ASM_1_ASM_1_ASM_00MINI-_20250103_A0001_ASM_1_AS_ASM_1_1_30_GR-2202_ASM_1_ASM_1_1_30_GR-2202_ASM_FL46BLW10-48V-5N.m-DE(2)_FL46BLW10-48V-5N.m-DE (1):1
Component59,Component59,part,1,1,0,CORE,120.3,34.0,34.0,29.0,False,,body_LATEST:1+twincities_v2_nolock:1+robstride05 v16 (1):1+Component59:1
FL46BLW10-48V-5N.m-DE(2)^FL46BLW10-48V-5N.m-DE (1),FL46BLW10-48V-5N.m-DE_2_FL46BLW10-48V-5N.m-DE_1,subassembly,1,0,28,,49.8,65.1,65.1,44.0,False,,body_LATEST:1+twincities_v2_nolock:1+robstride05 v16 (1):1+FL46BLW10-48V-5N.m-DE(2)^FL46BLW10-48V-5N.m-DE (1):1
1_1_02_EB461-502^FL46BLW10-48V-5N.m-DE(2)_FL46BLW10-48V-5N.m-DE (1),1_1_02_EB461-502_FL46BLW10-48V-5N.m-DE_2__FL46BLW10-48V-5N.m-DE_1,part,1,1,0,Aluminum A356 T6,10.0,46.0,46.0,9.0,False,,body_LATEST:1+twincities_v2_nolock:1+robstride05 v16 (1):1+FL46BLW10-48V-5N.m-DE(2)^FL46BLW10-48V-5N.m-DE (1):1+1_1_02_EB461-502^FL46BLW10-48V-5N.m-DE(2)_FL46BLW10-48V-5N.m-DE (1):1
1_1_06_EB463-507^FL46BLW10-48V-5N.m-DE(2)_FL46BLW10-48V-5N.m-DE (1),1_1_06_EB463-507_FL46BLW10-48V-5N.m-DE_2__FL46BLW10-48V-5N.m-DE_1,part,1,1,0,Aluminum A356 T6,21.8,46.0,46.0,35.1,False,,body_LATEST:1+twincities_v2_nolock:1+robstride05 v16 (1):1+FL46BLW10-48V-5N.m-DE(2)^FL46BLW10-48V-5N.m-DE (1):1+1_1_06_EB463-507^FL46BLW10-48V-5N.m-DE(2)_FL46BLW10-48V-5N.m-DE (1):1
1_1_06_EB463-509^FL46BLW10-48V-5N.m-DE(2)_FL46BLW10-48V-5N.m-DE (1),1_1_06_EB463-509_FL46BLW10-48V-5N.m-DE_2__FL46BLW10-48V-5N.m-DE_1,part,1,1,0,Aluminum A356 T6,6.3,46.0,46.0,4.7,False,,body_LATEST:1+twincities_v2_nolock:1+robstride05 v16 (1):1+FL46BLW10-48V-5N.m-DE(2)^FL46BLW10-48V-5N.m-DE (1):1+1_1_06_EB463-509^FL46BLW10-48V-5N.m-DE(2)_FL46BLW10-48V-5N.m-DE (1):1
1_1_31_EB463-510^FL46BLW10-48V-5N.m-DE(2)_FL46BLW10-48V-5N.m-DE (1),1_1_31_EB463-510_FL46BLW10-48V-5N.m-DE_2__FL46BLW10-48V-5N.m-DE_1,part,1,1,0,Aluminum A356 T6,3.6,46.0,46.0,2.5,False,,body_LATEST:1+twincities_v2_nolock:1+robstride05 v16 (1):1+FL46BLW10-48V-5N.m-DE(2)^FL46BLW10-48V-5N.m-DE (1):1+1_1_31_EB463-510^FL46BLW10-48V-5N.m-DE(2)_FL46BLW10-48V-5N.m-DE (1):1
1_2_05_000438^FL46BLW10-48V-5N.m-DE(2)_FL46BLW10-48V-5N.m-DE (1),1_2_05_000438_FL46BLW10-48V-5N.m-DE_2__FL46BLW10-48V-5N.m-DE_1,part,8,1,0,Steel,0.1,4.1,3.8,3.8,False,,body_LATEST:1+twincities_v2_nolock:1+robstride05 v16 (1):1+FL46BLW10-48V-5N.m-DE(2)^FL46BLW10-48V-5N.m-DE (1):1+1_2_05_000438^FL46BLW10-48V-5N.m-DE(2)_FL46BLW10-48V-5N.m-DE (1):1
1_2_05_000555^FL46BLW10-48V-5N.m-DE(2)_FL46BLW10-48V-5N.m-DE (1),1_2_05_000555_FL46BLW10-48V-5N.m-DE_2__FL46BLW10-48V-5N.m-DE_1,part,8,1,0,Steel,0.1,6.1,3.8,3.8,False,,body_LATEST:1+twincities_v2_nolock:1+robstride05 v16 (1):1+FL46BLW10-48V-5N.m-DE(2)^FL46BLW10-48V-5N.m-DE (1):1+1_2_05_000555^FL46BLW10-48V-5N.m-DE(2)_FL46BLW10-48V-5N.m-DE (1):1
1_2_05_000608^FL46BLW10-48V-5N.m-DE(2)_FL46BLW10-48V-5N.m-DE (1),1_2_05_000608_FL46BLW10-48V-5N.m-DE_2__FL46BLW10-48V-5N.m-DE_1,part,4,1,0,Steel,0.4,10.2,4.7,4.7,False,,body_LATEST:1+twincities_v2_nolock:1+robstride05 v16 (1):1+FL46BLW10-48V-5N.m-DE(2)^FL46BLW10-48V-5N.m-DE (1):1+1_2_05_000608^FL46BLW10-48V-5N.m-DE(2)_FL46BLW10-48V-5N.m-DE (1):1
1_2_05_020051^FL46BLW10-48V-5N.m-DE(2)_FL46BLW10-48V-5N.m-DE (1),1_2_05_020051_FL46BLW10-48V-5N.m-DE_2__FL46BLW10-48V-5N.m-DE_1,part,3,2,0,Steel,0.2,4.0,4.0,6.6,False,,body_LATEST:1+twincities_v2_nolock:1+robstride05 v16 (1):1+FL46BLW10-48V-5N.m-DE(2)^FL46BLW10-48V-5N.m-DE (1):1+1_2_05_020051^FL46BLW10-48V-5N.m-DE(2)_FL46BLW10-48V-5N.m-DE (1):1
1_2_16_001425^FL46BLW10-48V-5N.m-DE(2)_FL46BLW10-48V-5N.m-DE (1),1_2_16_001425_FL46BLW10-48V-5N.m-DE_2__FL46BLW10-48V-5N.m-DE_1,part,1,1,0,FR4,3.9,40.7,40.6,6.8,False,,body_LATEST:1+twincities_v2_nolock:1+robstride05 v16 (1):1+FL46BLW10-48V-5N.m-DE(2)^FL46BLW10-48V-5N.m-DE (1):1+1_2_16_001425^FL46BLW10-48V-5N.m-DE(2)_FL46BLW10-48V-5N.m-DE (1):1
robstride05 v16 (2),robstride05_v16_2,subassembly,1,0,3,,194.1,65.1,65.1,47.1,False,,body_LATEST:1+twincities_v2_nolock:1+robstride05 v16 (2):1
1_1_30_GR-2202_ASM^FL46BLW10-48V-5N.m-DE(2)_FL46BLW10-48V-5N.m-DE (2),1_1_30_GR-2202_ASM_FL46BLW10-48V-5N.m-DE_2__FL46BLW10-48V-5N.m-DE_2,subassembly,1,0,1,,23.9,37.0,37.0,14.0,False,,body_LATEST:1+twincities_v2_nolock:1+robstride05 v16 (2):1+1_1_30_GR-2202_ASM^FL46BLW10-48V-5N.m-DE(2)_FL46BLW10-48V-5N.m-DE (2):1
1_1_30_GR-2202_ASM_1_ASM^1_1_30_GR-2202_ASM_FL46BLW10-48V-5N.m-DE(2)_FL46BLW10-48V-5N.m-DE (2),1_1_30_GR-2202_ASM_1_ASM_1_1_30_GR-2202_ASM_FL46BLW10-48V-5N.m-DE_2__FL46BLW10-48V-5N.m-DE_2,subassembly,1,0,3,,23.9,37.0,37.0,14.0,False,,body_LATEST:1+twincities_v2_nolock:1+robstride05 v16 (2):1+1_1_30_GR-2202_ASM^FL46BLW10-48V-5N.m-DE(2)_FL46BLW10-48V-5N.m-DE (2):1+1_1_30_GR-2202_ASM_1_ASM^1_1_30_GR-2202_ASM_FL46BLW10-48V-5N.m-DE(2)_FL46BLW10-48V-5N.m-DE (2):1
0001755652^1_1_30_GR-2202_ASM_1_ASM_1_1_30_GR-2202_ASM_FL46BLW10-48V-5N.m-DE(2)_FL46BLW10-48V-5N.m-DE (2),0001755652_1_1_30_GR-2202_ASM_1_ASM_1_1_30_GR-2202_ASM_FL46BLW10-48V-5N.m-DE_2__FL46BLW10-48V-5N.m-DE_2,part,2,1,0,Steel,1.4,4.0,4.0,14.0,False,,body_LATEST:1+twincities_v2_nolock:1+robstride05 v16 (2):1+1_1_30_GR-2202_ASM^FL46BLW10-48V-5N.m-DE(2)_FL46BLW10-48V-5N.m-DE (2):1+1_1_30_GR-2202_ASM_1_ASM^1_1_30_GR-2202_ASM_FL46BLW10-48V-5N.m-DE(2)_FL46BLW10-48V-5N.m-DE (2):1+0001755652^1_1_30_GR-2202_ASM_1_ASM_1_1_30_GR-2202_ASM_FL46BLW10-48V-5N.m-DE(2)_FL46BLW10-48V-5N.m-DE (2):1
00MINI-_20250103_A0001_ASM_1_AS_ASM^1_1_30_GR-2202_ASM_1_ASM_1_1_30_GR-2202_ASM_FL46BLW10-48V-5N.m-DE(2)_FL46BLW10-48V-5N.m-DE (2),00MINI-_20250103_A0001_ASM_1_AS_ASM_1_1_30_GR-2202_ASM_1_ASM_1_1_30_GR-2202_ASM_FL46BLW10-48V-5N.m-DE_2__FL46BLW10-48V-5N.m-DE_2,subassembly,1,0,1,,21.2,37.0,37.0,14.0,False,,body_LATEST:1+twincities_v2_nolock:1+robstride05 v16 (2):1+1_1_30_GR-2202_ASM^FL46BLW10-48V-5N.m-DE(2)_FL46BLW10-48V-5N.m-DE (2):1+1_1_30_GR-2202_ASM_1_ASM^1_1_30_GR-2202_ASM_FL46BLW10-48V-5N.m-DE(2)_FL46BLW10-48V-5N.m-DE (2):1+00MINI-_20250103_A0001_ASM_1_AS_ASM^1_1_30_GR-2202_ASM_1_ASM_1_1_30_GR-2202_ASM_FL46BLW10-48V-5N.m-DE(2)_FL46BLW10-48V-5N.m-DE (2):1
00MINI-000_ASM_1_ASM_1_ASM^00MINI-_20250103_A0001_ASM_1_AS_ASM_1_1_30_GR-2202_ASM_1_ASM_1_1_30_GR-2202_ASM_FL46BLW10-48V-5N.m-DE(2)_FL46BLW10-48V-5N.m-DE (2),00MINI-000_ASM_1_ASM_1_ASM_00MINI-_20250103_A0001_ASM_1_AS_ASM_1_1_30_GR-2202_ASM_1_ASM_1_1_30_GR-2202_ASM_FL46BLW10-48V-5N.m-DE_2__FL46BLW10-48V-5N.m-DE_2,subassembly,1,0,4,,21.2,37.0,37.0,14.0,False,,body_LATEST:1+twincities_v2_nolock:1+robstride05 v16 (2):1+1_1_30_GR-2202_ASM^FL46BLW10-48V-5N.m-DE(2)_FL46BLW10-48V-5N.m-DE (2):1+1_1_30_GR-2202_ASM_1_ASM^1_1_30_GR-2202_ASM_FL46BLW10-48V-5N.m-DE(2)_FL46BLW10-48V-5N.m-DE (2):1+00MINI-_20250103_A0001_ASM_1_AS_ASM^1_1_30_GR-2202_ASM_1_ASM_1_1_30_GR-2202_ASM_FL46BLW10-48V-5N.m-DE(2)_FL46BLW10-48V-5N.m-DE (2):1+00MINI-000_ASM_1_ASM_1_ASM^00MINI-_20250103_A0001_ASM_1_AS_ASM_1_1_30_GR-2202_ASM_1_ASM_1_1_30_GR-2202_ASM_FL46BLW10-48V-5N.m-DE(2)_FL46BLW10-48V-5N.m-DE (2):1
0001755650^00MINI-000_ASM_1_ASM_1_ASM_00MINI-_20250103_A0001_ASM_1_AS_ASM_1_1_30_GR-2202_ASM_1_ASM_1_1_30_GR-2202_ASM_FL46BLW10-48V-5N.m-DE(2)_FL46BLW10-48V-5N.m-DE (2),0001755650_00MINI-000_ASM_1_ASM_1_ASM_00MINI-_20250103_A0001_ASM_1_AS_ASM_1_1_30_GR-2202_ASM_1_ASM_1_1_30_GR-2202_ASM_FL46BLW10-48V-5N.m-DE_2__FL46BLW10-48V-5N.m-DE_2,part,1,1,0,Aluminum A356 T6,8.1,32.0,32.0,8.0,False,,body_LATEST:1+twincities_v2_nolock:1+robstride05 v16 (2):1+1_1_30_GR-2202_ASM^FL46BLW10-48V-5N.m-DE(2)_FL46BLW10-48V-5N.m-DE (2):1+1_1_30_GR-2202_ASM_1_ASM^1_1_30_GR-2202_ASM_FL46BLW10-48V-5N.m-DE(2)_FL46BLW10-48V-5N.m-DE (2):1+00MINI-_20250103_A0001_ASM_1_AS_ASM^1_1_30_GR-2202_ASM_1_ASM_1_1_30_GR-2202_ASM_FL46BLW10-48V-5N.m-DE(2)_FL46BLW10-48V-5N.m-DE (2):1+00MINI-000_ASM_1_ASM_1_ASM^00MINI-_20250103_A0001_ASM_1_AS_ASM_1_1_30_GR-2202_ASM_1_ASM_1_1_30_GR-2202_ASM_FL46BLW10-48V-5N.m-DE(2)_FL46BLW10-48V-5N.m-DE (2):1+0001755650^00MINI-000_ASM_1_ASM_1_ASM_00MINI-_20250103_A0001_ASM_1_AS_ASM_1_1_30_GR-2202_ASM_1_ASM_1_1_30_GR-2202_ASM_FL46BLW10-48V-5N.m-DE(2)_FL46BLW10-48V-5N.m-DE (2):1
0001755652^00MINI-000_ASM_1_ASM_1_ASM_00MINI-_20250103_A0001_ASM_1_AS_ASM_1_1_30_GR-2202_ASM_1_ASM_1_1_30_GR-2202_ASM_FL46BLW10-48V-5N.m-DE(2)_FL46BLW10-48V-5N.m-DE (2),0001755652_00MINI-000_ASM_1_ASM_1_ASM_00MINI-_20250103_A0001_ASM_1_AS_ASM_1_1_30_GR-2202_ASM_1_ASM_1_1_30_GR-2202_ASM_FL46BLW10-48V-5N.m-DE_2__FL46BLW10-48V-5N.m-DE_2,part,1,1,0,Steel,1.4,4.0,4.0,14.0,False,,body_LATEST:1+twincities_v2_nolock:1+robstride05 v16 (2):1+1_1_30_GR-2202_ASM^FL46BLW10-48V-5N.m-DE(2)_FL46BLW10-48V-5N.m-DE (2):1+1_1_30_GR-2202_ASM_1_ASM^1_1_30_GR-2202_ASM_FL46BLW10-48V-5N.m-DE(2)_FL46BLW10-48V-5N.m-DE (2):1+00MINI-_20250103_A0001_ASM_1_AS_ASM^1_1_30_GR-2202_ASM_1_ASM_1_1_30_GR-2202_ASM_FL46BLW10-48V-5N.m-DE(2)_FL46BLW10-48V-5N.m-DE (2):1+00MINI-000_ASM_1_ASM_1_ASM^00MINI-_20250103_A0001_ASM_1_AS_ASM_1_1_30_GR-2202_ASM_1_ASM_1_1_30_GR-2202_ASM_FL46BLW10-48V-5N.m-DE(2)_FL46BLW10-48V-5N.m-DE (2):1+0001755652^00MINI-000_ASM_1_ASM_1_ASM_00MINI-_20250103_A0001_ASM_1_AS_ASM_1_1_30_GR-2202_ASM_1_ASM_1_1_30_GR-2202_ASM_FL46BLW10-48V-5N.m-DE(2)_FL46BLW10-48V-5N.m-DE (2):1
1_21_121000022__610001_1_1^00MINI-000_ASM_1_ASM_1_ASM_00MINI-_20250103_A0001_ASM_1_AS_ASM_1_1_30_GR-2202_ASM_1_ASM_1_1_30_GR-2202_ASM_FL46BLW10-48V-5N.m-DE(2)_FL46BLW10-48V-5N.m-DE (2),1_21_121000022__610001_1_1_00MINI-000_ASM_1_ASM_1_ASM_00MINI-_20250103_A0001_ASM_1_AS_ASM_1_1_30_GR-2202_ASM_1_ASM_1_1_30_GR-2202_ASM_FL46BLW10-48V-5N.m-DE_2__FL46BLW10-48V-5N.m-DE_2,part,1,1,0,Steel,1.9,4.0,11.0,11.0,False,,body_LATEST:1+twincities_v2_nolock:1+robstride05 v16 (2):1+1_1_30_GR-2202_ASM^FL46BLW10-48V-5N.m-DE(2)_FL46BLW10-48V-5N.m-DE (2):1+1_1_30_GR-2202_ASM_1_ASM^1_1_30_GR-2202_ASM_FL46BLW10-48V-5N.m-DE(2)_FL46BLW10-48V-5N.m-DE (2):1+00MINI-_20250103_A0001_ASM_1_AS_ASM^1_1_30_GR-2202_ASM_1_ASM_1_1_30_GR-2202_ASM_FL46BLW10-48V-5N.m-DE(2)_FL46BLW10-48V-5N.m-DE (2):1+00MINI-000_ASM_1_ASM_1_ASM^00MINI-_20250103_A0001_ASM_1_AS_ASM_1_1_30_GR-2202_ASM_1_ASM_1_1_30_GR-2202_ASM_FL46BLW10-48V-5N.m-DE(2)_FL46BLW10-48V-5N.m-DE (2):1+1_21_121000022__610001_1_1^00MINI-000_ASM_1_ASM_1_ASM_00MINI-_20250103_A0001_ASM_1_AS_ASM_1_1_30_GR-2202_ASM_1_ASM_1_1_30_GR-2202_ASM_FL46BLW10-48V-5N.m-DE(2)_FL46BLW10-48V-5N.m-DE (2):1
6706__300001_1_1^00MINI-000_ASM_1_ASM_1_ASM_00MINI-_20250103_A0001_ASM_1_AS_ASM_1_1_30_GR-2202_ASM_1_ASM_1_1_30_GR-2202_ASM_FL46BLW10-48V-5N.m-DE(2)_FL46BLW10-48V-5N.m-DE (2),6706__300001_1_1_00MINI-000_ASM_1_ASM_1_ASM_00MINI-_20250103_A0001_ASM_1_AS_ASM_1_1_30_GR-2202_ASM_1_ASM_1_1_30_GR-2202_ASM_FL46BLW10-48V-5N.m-DE_2__FL46BLW10-48V-5N.m-DE_2,part,1,1,0,Steel,9.9,37.0,37.0,4.0,False,,body_LATEST:1+twincities_v2_nolock:1+robstride05 v16 (2):1+1_1_30_GR-2202_ASM^FL46BLW10-48V-5N.m-DE(2)_FL46BLW10-48V-5N.m-DE (2):1+1_1_30_GR-2202_ASM_1_ASM^1_1_30_GR-2202_ASM_FL46BLW10-48V-5N.m-DE(2)_FL46BLW10-48V-5N.m-DE (2):1+00MINI-_20250103_A0001_ASM_1_AS_ASM^1_1_30_GR-2202_ASM_1_ASM_1_1_30_GR-2202_ASM_FL46BLW10-48V-5N.m-DE(2)_FL46BLW10-48V-5N.m-DE (2):1+00MINI-000_ASM_1_ASM_1_ASM^00MINI-_20250103_A0001_ASM_1_AS_ASM_1_1_30_GR-2202_ASM_1_ASM_1_1_30_GR-2202_ASM_FL46BLW10-48V-5N.m-DE(2)_FL46BLW10-48V-5N.m-DE (2):1+6706__300001_1_1^00MINI-000_ASM_1_ASM_1_ASM_00MINI-_20250103_A0001_ASM_1_AS_ASM_1_1_30_GR-2202_ASM_1_ASM_1_1_30_GR-2202_ASM_FL46BLW10-48V-5N.m-DE(2)_FL46BLW10-48V-5N.m-DE (2):1
Component80,Component80,part,1,1,0,CORE,120.3,34.0,34.0,29.0,False,,body_LATEST:1+twincities_v2_nolock:1+robstride05 v16 (2):1+Component80:1
FL46BLW10-48V-5N.m-DE(2)^FL46BLW10-48V-5N.m-DE (2),FL46BLW10-48V-5N.m-DE_2_FL46BLW10-48V-5N.m-DE_2,subassembly,1,0,28,,49.8,64.4,64.4,44.0,False,,body_LATEST:1+twincities_v2_nolock:1+robstride05 v16 (2):1+FL46BLW10-48V-5N.m-DE(2)^FL46BLW10-48V-5N.m-DE (2):1
1_1_02_EB461-502^FL46BLW10-48V-5N.m-DE(2)_FL46BLW10-48V-5N.m-DE (2),1_1_02_EB461-502_FL46BLW10-48V-5N.m-DE_2__FL46BLW10-48V-5N.m-DE_2,part,1,1,0,Aluminum A356 T6,10.0,46.0,46.0,9.0,False,,body_LATEST:1+twincities_v2_nolock:1+robstride05 v16 (2):1+FL46BLW10-48V-5N.m-DE(2)^FL46BLW10-48V-5N.m-DE (2):1+1_1_02_EB461-502^FL46BLW10-48V-5N.m-DE(2)_FL46BLW10-48V-5N.m-DE (2):1
1_1_06_EB463-507^FL46BLW10-48V-5N.m-DE(2)_FL46BLW10-48V-5N.m-DE (2),1_1_06_EB463-507_FL46BLW10-48V-5N.m-DE_2__FL46BLW10-48V-5N.m-DE_2,part,1,1,0,Aluminum A356 T6,21.8,46.0,46.0,35.1,False,,body_LATEST:1+twincities_v2_nolock:1+robstride05 v16 (2):1+FL46BLW10-48V-5N.m-DE(2)^FL46BLW10-48V-5N.m-DE (2):1+1_1_06_EB463-507^FL46BLW10-48V-5N.m-DE(2)_FL46BLW10-48V-5N.m-DE (2):1
1_1_06_EB463-509^FL46BLW10-48V-5N.m-DE(2)_FL46BLW10-48V-5N.m-DE (2),1_1_06_EB463-509_FL46BLW10-48V-5N.m-DE_2__FL46BLW10-48V-5N.m-DE_2,part,1,1,0,Aluminum A356 T6,6.3,46.0,46.0,4.7,False,,body_LATEST:1+twincities_v2_nolock:1+robstride05 v16 (2):1+FL46BLW10-48V-5N.m-DE(2)^FL46BLW10-48V-5N.m-DE (2):1+1_1_06_EB463-509^FL46BLW10-48V-5N.m-DE(2)_FL46BLW10-48V-5N.m-DE (2):1
1_1_31_EB463-510^FL46BLW10-48V-5N.m-DE(2)_FL46BLW10-48V-5N.m-DE (2),1_1_31_EB463-510_FL46BLW10-48V-5N.m-DE_2__FL46BLW10-48V-5N.m-DE_2,part,1,1,0,Aluminum A356 T6,3.6,46.0,46.0,2.5,False,,body_LATEST:1+twincities_v2_nolock:1+robstride05 v16 (2):1+FL46BLW10-48V-5N.m-DE(2)^FL46BLW10-48V-5N.m-DE (2):1+1_1_31_EB463-510^FL46BLW10-48V-5N.m-DE(2)_FL46BLW10-48V-5N.m-DE (2):1
1_2_05_000438^FL46BLW10-48V-5N.m-DE(2)_FL46BLW10-48V-5N.m-DE (2),1_2_05_000438_FL46BLW10-48V-5N.m-DE_2__FL46BLW10-48V-5N.m-DE_2,part,8,1,0,Steel,0.1,4.1,3.8,3.8,False,,body_LATEST:1+twincities_v2_nolock:1+robstride05 v16 (2):1+FL46BLW10-48V-5N.m-DE(2)^FL46BLW10-48V-5N.m-DE (2):1+1_2_05_000438^FL46BLW10-48V-5N.m-DE(2)_FL46BLW10-48V-5N.m-DE (2):1
1_2_05_000555^FL46BLW10-48V-5N.m-DE(2)_FL46BLW10-48V-5N.m-DE (2),1_2_05_000555_FL46BLW10-48V-5N.m-DE_2__FL46BLW10-48V-5N.m-DE_2,part,8,1,0,Steel,0.1,6.1,3.8,3.8,False,,body_LATEST:1+twincities_v2_nolock:1+robstride05 v16 (2):1+FL46BLW10-48V-5N.m-DE(2)^FL46BLW10-48V-5N.m-DE (2):1+1_2_05_000555^FL46BLW10-48V-5N.m-DE(2)_FL46BLW10-48V-5N.m-DE (2):1
1_2_05_000608^FL46BLW10-48V-5N.m-DE(2)_FL46BLW10-48V-5N.m-DE (2),1_2_05_000608_FL46BLW10-48V-5N.m-DE_2__FL46BLW10-48V-5N.m-DE_2,part,4,1,0,Steel,0.4,10.2,4.7,4.7,False,,body_LATEST:1+twincities_v2_nolock:1+robstride05 v16 (2):1+FL46BLW10-48V-5N.m-DE(2)^FL46BLW10-48V-5N.m-DE (2):1+1_2_05_000608^FL46BLW10-48V-5N.m-DE(2)_FL46BLW10-48V-5N.m-DE (2):1
1_2_05_020051^FL46BLW10-48V-5N.m-DE(2)_FL46BLW10-48V-5N.m-DE (2),1_2_05_020051_FL46BLW10-48V-5N.m-DE_2__FL46BLW10-48V-5N.m-DE_2,part,3,2,0,Steel,0.2,4.0,4.0,6.6,False,,body_LATEST:1+twincities_v2_nolock:1+robstride05 v16 (2):1+FL46BLW10-48V-5N.m-DE(2)^FL46BLW10-48V-5N.m-DE (2):1+1_2_05_020051^FL46BLW10-48V-5N.m-DE(2)_FL46BLW10-48V-5N.m-DE (2):1
1_2_16_001425^FL46BLW10-48V-5N.m-DE(2)_FL46BLW10-48V-5N.m-DE (2),1_2_16_001425_FL46BLW10-48V-5N.m-DE_2__FL46BLW10-48V-5N.m-DE_2,part,1,1,0,FR4,3.9,40.7,40.6,6.8,False,,body_LATEST:1+twincities_v2_nolock:1+robstride05 v16 (2):1+FL46BLW10-48V-5N.m-DE(2)^FL46BLW10-48V-5N.m-DE (2):1+1_2_16_001425^FL46BLW10-48V-5N.m-DE(2)_FL46BLW10-48V-5N.m-DE (2):1
schematics,schematics,subassembly,1,1,2,,0.0,0.0,0.0,0.0,False,,body_LATEST:1+twincities_v2_nolock:1+schematics:1
robstride05_cross_section,robstride05_cross_section,empty,2,0,0,,0.0,0.0,0.0,0.0,False,,body_LATEST:1+twincities_v2_nolock:1+schematics:1+robstride05_cross_section:1
dovetail_umi_gripper,dovetail_umi_gripper,subassembly,2,1,20,,351.1,193.1,368.7,190.4,True,,dovetail_umi_gripper:1
CNC_arm13_x2_RS05_shaft_coupler,CNC_arm13_x2_RS05_shaft_coupler,part,2,1,0,Aluminum 6061,22.1,36.0,36.0,18.0,True,,dovetail_umi_gripper:1+CNC_arm13_x2_RS05_shaft_coupler:1
FEETECH_HL_3915_Servo_Motor,FEETECH_HL_3915_Servo_Motor,subassembly,2,0,1,,37.0,20.0,34.0,28.7,True,,dovetail_umi_gripper:1+FEETECH_HL_3915_Servo_Motor:1
HL-3608_ASM_121_ASM,HL-3608_ASM_121_ASM,subassembly,2,0,10,,37.0,20.0,34.0,28.7,False,,dovetail_umi_gripper:1+FEETECH_HL_3915_Servo_Motor:1+HL-3608_ASM_121_ASM:1
1215BLUSHMOTORASSEMBLY_ASM_18_ASM,1215BLUSHMOTORASSEMBLY_ASM_18_ASM,subassembly,2,0,2,,0.6,16.9,5.8,5.6,False,,dovetail_umi_gripper:1+FEETECH_HL_3915_Servo_Motor:1+HL-3608_ASM_121_ASM:1+1215BLUSHMOTORASSEMBLY_ASM_18_ASM:1
125-3PINSEAT_1_ASM,125-3PINSEAT_1_ASM,subassembly,4,0,4,,0.3,5.6,4.7,5.8,False,,dovetail_umi_gripper:1+FEETECH_HL_3915_Servo_Motor:1+HL-3608_ASM_121_ASM:1+1215BLUSHMOTORASSEMBLY_ASM_18_ASM:1+125-3PINSEAT_1_ASM:1
MANIFOLD_SOLID_BREP_102855,MANIFOLD_SOLID_BREP_102855,part,4,1,0,0.057g/mm3,0.3,3.3,4.7,5.8,False,,dovetail_umi_gripper:1+FEETECH_HL_3915_Servo_Motor:1+HL-3608_ASM_121_ASM:1+1215BLUSHMOTORASSEMBLY_ASM_18_ASM:1+125-3PINSEAT_1_ASM:1+MANIFOLD_SOLID_BREP_102855:1
MANIFOLD_SOLID_BREP_102995,MANIFOLD_SOLID_BREP_102995,part,4,1,0,0.057g/mm3,0.0,3.3,0.5,0.5,False,,dovetail_umi_gripper:1+FEETECH_HL_3915_Servo_Motor:1+HL-3608_ASM_121_ASM:1+1215BLUSHMOTORASSEMBLY_ASM_18_ASM:1+125-3PINSEAT_1_ASM:1+MANIFOLD_SOLID_BREP_102995:1
MANIFOLD_SOLID_BREP_103135,MANIFOLD_SOLID_BREP_103135,part,4,1,0,0.057g/mm3,0.0,3.3,0.5,0.5,False,,dovetail_umi_gripper:1+FEETECH_HL_3915_Servo_Motor:1+HL-3608_ASM_121_ASM:1+1215BLUSHMOTORASSEMBLY_ASM_18_ASM:1+125-3PINSEAT_1_ASM:1+MANIFOLD_SOLID_BREP_103135:1
MANIFOLD_SOLID_BREP_103275,MANIFOLD_SOLID_BREP_103275,part,4,1,0,0.057g/mm3,0.0,3.3,0.5,0.5,False,,dovetail_umi_gripper:1+FEETECH_HL_3915_Servo_Motor:1+HL-3608_ASM_121_ASM:1+1215BLUSHMOTORASSEMBLY_ASM_18_ASM:1+125-3PINSEAT_1_ASM:1+MANIFOLD_SOLID_BREP_103275:1
DC15_A01_DUMMY_ASSY_IDLE_ASM_9__ASM,DC15_A01_DUMMY_ASSY_IDLE_ASM_9__ASM,subassembly,2,0,7,,28.3,20.0,34.0,25.8,False,,dovetail_umi_gripper:1+FEETECH_HL_3915_Servo_Motor:1+HL-3608_ASM_121_ASM:1+DC15_A01_DUMMY_ASSY_IDLE_ASM_9__ASM:1
PHS_1_7X20_5_DC10_3_3,PHS_1_7X20_5_DC10_3_3,part,8,1,0,0.057g/mm3,0.2,2.8,21.3,2.8,False,,dovetail_umi_gripper:1+FEETECH_HL_3915_Servo_Motor:1+HL-3608_ASM_121_ASM:1+DC15_A01_DUMMY_ASSY_IDLE_ASM_9__ASM:1+PHS_1_7X20_5_DC10_3_3:1
WJ-WK00-0412-TOPCABINET_74,WJ-WK00-0412-TOPCABINET_74,part,2,1,0,0.057g/mm3,11.9,20.0,34.0,4.2,False,,dovetail_umi_gripper:1+FEETECH_HL_3915_Servo_Motor:1+HL-3608_ASM_121_ASM:1+DC15_A01_DUMMY_ASSY_IDLE_ASM_9__ASM:1+WJ-WK00-0412-TOPCABINET_74:1
WJ-WK00-0413-MIDDLECASE_80,WJ-WK00-0413-MIDDLECASE_80,part,2,1,0,0.057g/mm3,9.0,20.0,34.0,15.0,False,,dovetail_umi_gripper:1+FEETECH_HL_3915_Servo_Motor:1+HL-3608_ASM_121_ASM:1+DC15_A01_DUMMY_ASSY_IDLE_ASM_9__ASM:1+WJ-WK00-0413-MIDDLECASE_80:1
WJ-WK00-414-BOTTOMCASE_48,WJ-WK00-414-BOTTOMCASE_48,part,2,1,0,0.057g/mm3,6.6,20.0,34.0,7.7,False,,dovetail_umi_gripper:1+FEETECH_HL_3915_Servo_Motor:1+HL-3608_ASM_121_ASM:1+DC15_A01_DUMMY_ASSY_IDLE_ASM_9__ASM:1+WJ-WK00-414-BOTTOMCASE_48:1
M2-10-6_2,M2-10-6_2,part,4,1,0,0.057g/mm3,0.2,3.2,7.0,3.2,False,,dovetail_umi_gripper:1+FEETECH_HL_3915_Servo_Motor:1+HL-3608_ASM_121_ASM:1+M2-10-6_2:1
M2-4LOUSI_1,M2-4LOUSI_1,part,4,1,0,0.057g/mm3,0.1,3.5,5.6,3.5,False,,dovetail_umi_gripper:1+FEETECH_HL_3915_Servo_Motor:1+HL-3608_ASM_121_ASM:1+M2-4LOUSI_1:1
MF85ZZ_1,MF85ZZ_1,part,2,1,0,0.057g/mm3,0.5,9.2,2.5,9.2,False,,dovetail_umi_gripper:1+FEETECH_HL_3915_Servo_Motor:1+HL-3608_ASM_121_ASM:1+MF85ZZ_1:1
OUTGEAR_ASM_11_ASM,OUTGEAR_ASM_11_ASM,subassembly,2,0,1,,3.1,16.3,16.3,12.1,False,,dovetail_umi_gripper:1+FEETECH_HL_3915_Servo_Motor:1+HL-3608_ASM_121_ASM:1+OUTGEAR_ASM_11_ASM:1
OUTPUTGEAR_40,OUTPUTGEAR_40,part,2,1,0,0.057g/mm3,3.1,16.3,16.3,12.1,False,,dovetail_umi_gripper:1+FEETECH_HL_3915_Servo_Motor:1+HL-3608_ASM_121_ASM:1+OUTGEAR_ASM_11_ASM:1+OUTPUTGEAR_40:1
PCBA_1,PCBA_1,part,2,1,0,0.057g/mm3,1.3,13.0,16.2,2.7,False,,dovetail_umi_gripper:1+FEETECH_HL_3915_Servo_Motor:1+HL-3608_ASM_121_ASM:1+PCBA_1:1
WJ-BB00-0235_HORN_22,WJ-BB00-0235_HORN_22,part,2,1,0,0.057g/mm3,2.6,16.0,4.0,16.0,False,,dovetail_umi_gripper:1+FEETECH_HL_3915_Servo_Motor:1+HL-3608_ASM_121_ASM:1+WJ-BB00-0235_HORN_22:1
apriltag,apriltag,part,16,1,0,"Plastic, Opaque White",0.8,20.0,20.0,2.0,False,,dovetail_umi_gripper:1+apriltag:1
base,base,subassembly,2,1,1,,76.7,48.8,129.0,48.0,False,,dovetail_umi_gripper:1+base:1
apriltag_holder,apriltag_holder,part,4,1,0,rail,3.3,35.0,49.0,3.0,False,,dovetail_umi_gripper:1+base:1+apriltag_holder:1
buck_converter_48_to_12,buck_converter_48_to_12,part,2,1,0,Steel,11.0,43.0,20.5,8.0,True,,dovetail_umi_gripper:1+buck_converter_48_to_12:1
custom_umi_gripper v6,custom_umi_gripper,part,4,1,0,rail,30.2,25.8,84.3,40.0,False,,dovetail_umi_gripper:1+custom_umi_gripper v6:1
double_helix_pinion_16teeth_6mm,double_helix_pinion_16teeth_6mm,subassembly,2,0,1,,1.3,18.0,18.0,9.5,True,,dovetail_umi_gripper:1+double_helix_pinion_16teeth_6mm:1
Component9,Component9,part,2,1,0,Nylon 12 (with Formlabs Fuse 1 3D Printer),1.3,18.0,18.0,9.5,False,,dovetail_umi_gripper:1+double_helix_pinion_16teeth_6mm:1+Component9:1
double_helix_rack_30teeth_6mm v2,double_helix_rack_30teeth_6mm,subassembly,2,0,1,,0.0,0.0,0.0,0.0,False,,dovetail_umi_gripper:1+double_helix_rack_30teeth_6mm v2:1
Component115,Component115,empty,2,0,0,,0.0,0.0,0.0,0.0,False,,dovetail_umi_gripper:1+double_helix_rack_30teeth_6mm v2:1+Component115:1
rail,rail,part,4,1,0,rail,44.9,67.7,129.0,40.0,False,,dovetail_umi_gripper:1+rail:1
wareshare_st_servo_controller v7,wareshare_st_servo_controller,subassembly,2,0,38,,41.9,42.1,58.9,14.6,False,,dovetail_umi_gripper:1+wareshare_st_servo_controller v7:1
Board,Board,part,2,1,0,servo_board,21.4,42.0,33.0,1.6,False,,dovetail_umi_gripper:1+wareshare_st_servo_controller v7:1+Board:1
C10,C10,subassembly,2,0,1,,0.0,0.9,1.6,0.9,False,,dovetail_umi_gripper:1+wareshare_st_servo_controller v7:1+C10:1
C1,C1,subassembly,2,0,1,,0.0,0.8,1.6,0.3,False,,dovetail_umi_gripper:1+wareshare_st_servo_controller v7:1+C1:1
User_Library-0603_SMD_Capacitor,User_Library-0603_SMD_Capacitor,part,14,1,0,servo_board,0.0,1.6,0.3,0.8,False,,dovetail_umi_gripper:1+wareshare_st_servo_controller v7:1+C1:1+User_Library-0603_SMD_Capacitor:1
C2,C2,subassembly,2,0,1,,0.0,1.6,0.8,0.3,False,,dovetail_umi_gripper:1+wareshare_st_servo_controller v7:1+C2:1
C3,C3,subassembly,2,0,1,,0.0,1.6,0.8,0.3,False,,dovetail_umi_gripper:1+wareshare_st_servo_controller v7:1+C3:1
C4,C4,subassembly,2,0,1,,0.0,0.8,1.6,0.3,False,,dovetail_umi_gripper:1+wareshare_st_servo_controller v7:1+C4:1
C5,C5,subassembly,2,0,1,,0.0,0.8,1.6,0.3,False,,dovetail_umi_gripper:1+wareshare_st_servo_controller v7:1+C5:1
C6,C6,subassembly,2,0,1,,0.0,1.6,0.8,0.3,False,,dovetail_umi_gripper:1+wareshare_st_servo_controller v7:1+C6:1
C7,C7,subassembly,2,0,1,,0.0,0.9,1.6,0.9,False,,dovetail_umi_gripper:1+wareshare_st_servo_controller v7:1+C7:1
C_0603,C_0603,subassembly,6,0,1,,0.0,1.6,0.9,0.9,False,,dovetail_umi_gripper:1+wareshare_st_servo_controller v7:1+C7:1+C_0603:1
C_0603-7177_AF0_ASM,C_0603-7177_AF0_ASM,subassembly,6,0,1,,0.0,1.6,0.9,0.9,False,,dovetail_umi_gripper:1+wareshare_st_servo_controller v7:1+C7:1+C_0603:1+C_0603-7177_AF0_ASM:1
C_0603-683_AF0_ASM,C_0603-683_AF0_ASM,subassembly,6,0,3,,0.0,1.6,0.9,0.9,False,,dovetail_umi_gripper:1+wareshare_st_servo_controller v7:1+C7:1+C_0603:1+C_0603-7177_AF0_ASM:1+C_0603-683_AF0_ASM:1
2_1_200,2_1_200,part,6,1,0,servo_board,0.0,0.3,0.8,0.8,False,,dovetail_umi_gripper:1+wareshare_st_servo_controller v7:1+C7:1+C_0603:1+C_0603-7177_AF0_ASM:1+C_0603-683_AF0_ASM:1+2_1_200:1
3_1_2_A,3_1_2_A,part,6,1,0,servo_board,0.0,0.3,0.8,0.8,False,,dovetail_umi_gripper:1+wareshare_st_servo_controller v7:1+C7:1+C_0603:1+C_0603-7177_AF0_ASM:1+C_0603-683_AF0_ASM:1+3_1_2_A:1
_1_1_20001,1_1_20001,part,6,1,0,servo_board,0.0,1.0,0.8,0.8,False,,dovetail_umi_gripper:1+wareshare_st_servo_controller v7:1+C7:1+C_0603:1+C_0603-7177_AF0_ASM:1+C_0603-683_AF0_ASM:1+_1_1_20001:1
C8,C8,subassembly,2,0,1,,0.0,0.8,1.6,0.3,False,,dovetail_umi_gripper:1+wareshare_st_servo_controller v7:1+C8:1
C9,C9,subassembly,2,0,1,,0.0,0.9,1.6,0.9,False,,dovetail_umi_gripper:1+wareshare_st_servo_controller v7:1+C9:1
D1,D1,subassembly,2,0,1,,0.0,1.3,2.7,1.1,False,,dovetail_umi_gripper:1+wareshare_st_servo_controller v7:1+D1:1
D2,D2,subassembly,2,0,1,,0.0,1.3,2.7,1.1,False,,dovetail_umi_gripper:1+wareshare_st_servo_controller v7:1+D2:1
SOD323,SOD323,part,8,1,0,servo_board,0.0,2.7,1.3,1.1,False,,dovetail_umi_gripper:1+wareshare_st_servo_controller v7:1+D2:1+SOD323:1
D3,D3,subassembly,2,0,1,,0.0,2.7,1.3,1.1,False,,dovetail_umi_gripper:1+wareshare_st_servo_controller v7:1+D3:1
D4,D4,subassembly,2,0,1,,0.0,2.7,1.3,1.1,False,,dovetail_umi_gripper:1+wareshare_st_servo_controller v7:1+D4:1
DC1,DC1,subassembly,2,0,1,,9.5,9.4,14.0,14.6,False,,dovetail_umi_gripper:1+wareshare_st_servo_controller v7:1+DC1:1
dc-005-5a-20,dc-005-5a-20,part,2,1,0,servo_board,9.5,9.4,14.6,14.0,False,,dovetail_umi_gripper:1+wareshare_st_servo_controller v7:1+DC1:1+dc-005-5a-20:1
H1,H1,subassembly,2,0,1,,3.1,8.0,6.8,11.8,False,,dovetail_umi_gripper:1+wareshare_st_servo_controller v7:1+H1:1
"User_Library-DG350-3,5-02P",User_Library-DG350-3_5-02P,part,2,5,0,servo_board,3.1,8.0,6.8,11.8,False,,"dovetail_umi_gripper:1+wareshare_st_servo_controller v7:1+H1:1+User_Library-DG350-3,5-02P:1"
H2,H2,subassembly,2,0,6,,0.7,7.4,2.4,11.2,False,,dovetail_umi_gripper:1+wareshare_st_servo_controller v7:1+H2:1
840721632,840721632,subassembly,10,0,1,,0.1,4.9,2.3,1.1,False,,dovetail_umi_gripper:1+wareshare_st_servo_controller v7:1+H2:1+840721632:1
Extruded (3),Extruded_3,part,10,1,0,servo_board,0.1,4.9,2.3,1.1,False,,dovetail_umi_gripper:1+wareshare_st_servo_controller v7:1+H2:1+840721632:1+Extruded (3):1
840721760,840721760,subassembly,18,0,1,,0.1,1.1,1.1,11.2,False,,dovetail_umi_gripper:1+wareshare_st_servo_controller v7:1+H2:1+840721760:1
Extruded (2),Extruded_2,part,18,1,0,servo_board,0.1,1.1,1.1,11.2,False,,dovetail_umi_gripper:1+wareshare_st_servo_controller v7:1+H2:1+840721760:1+Extruded (2):1
H3,H3,subassembly,2,0,1,,1.5,10.0,4.7,9.4,False,,dovetail_umi_gripper:1+wareshare_st_servo_controller v7:1+H3:1
X2564WV-03-N0SN,X2564WV-03-N0SN,part,4,1,0,servo_board,1.5,10.0,9.4,4.7,False,,dovetail_umi_gripper:1+wareshare_st_servo_controller v7:1+H3:1+X2564WV-03-N0SN:1
H4,H4,subassembly,2,0,9,,1.0,4.9,7.4,11.2,False,,dovetail_umi_gripper:1+wareshare_st_servo_controller v7:1+H4:1
1653246912,1653246912,subassembly,2,0,1,,0.1,1.1,1.1,11.2,False,,dovetail_umi_gripper:1+wareshare_st_servo_controller v7:1+H4:1+1653246912:1
Extruded (4),Extruded_4,part,2,1,0,servo_board,0.1,1.1,1.1,11.2,False,,dovetail_umi_gripper:1+wareshare_st_servo_controller v7:1+H4:1+1653246912:1+Extruded (4):1
H5,H5,subassembly,2,0,1,,1.5,10.0,4.7,9.4,False,,dovetail_umi_gripper:1+wareshare_st_servo_controller v7:1+H5:1
LED1,LED1,subassembly,2,0,1,,0.0,0.8,1.6,0.6,False,,dovetail_umi_gripper:1+wareshare_st_servo_controller v7:1+LED1:1
User_Library-LED_0603_R,User_Library-LED_0603_R,subassembly,2,0,5,,0.0,1.6,0.8,0.6,False,,dovetail_umi_gripper:1+wareshare_st_servo_controller v7:1+LED1:1+User_Library-LED_0603_R:1
User_Library-LED_0603_R_Fillet,User_Library-LED_0603_R_Fillet,part,2,1,0,servo_board,0.0,1.0,0.7,0.4,False,,dovetail_umi_gripper:1+wareshare_st_servo_controller v7:1+LED1:1+User_Library-LED_0603_R:1+User_Library-LED_0603_R_Fillet:1
User_Library-LED_0603_R_Pad004,User_Library-LED_0603_R_Pad004,part,2,1,0,servo_board,0.0,0.4,0.8,0.0,False,,dovetail_umi_gripper:1+wareshare_st_servo_controller v7:1+LED1:1+User_Library-LED_0603_R:1+User_Library-LED_0603_R_Pad004:1
User_Library-LED_0603_R_Pad,User_Library-LED_0603_R_Pad,part,2,1,0,servo_board,0.0,0.8,0.8,0.2,False,,dovetail_umi_gripper:1+wareshare_st_servo_controller v7:1+LED1:1+User_Library-LED_0603_R:1+User_Library-LED_0603_R_Pad:1
User_Library-LED_0603_R_Pocket001,User_Library-LED_0603_R_Pocket001,part,2,1,0,servo_board,0.0,0.4,0.8,0.2,False,,dovetail_umi_gripper:1+wareshare_st_servo_controller v7:1+LED1:1+User_Library-LED_0603_R:1+User_Library-LED_0603_R_Pocket001:1
User_Library-LED_0603_R_Pocket002,User_Library-LED_0603_R_Pocket002,part,2,1,0,servo_board,0.0,0.4,0.8,0.2,False,,dovetail_umi_gripper:1+wareshare_st_servo_controller v7:1+LED1:1+User_Library-LED_0603_R:1+User_Library-LED_0603_R_Pocket002:1
M1,M1,subassembly,2,0,1,,0.3,5.0,6.1,1.6,False,,dovetail_umi_gripper:1+wareshare_st_servo_controller v7:1+M1:1
User_Library-sop-8,User_Library-sop-8,part,2,1,0,servo_board,0.3,5.0,6.1,1.6,False,,dovetail_umi_gripper:1+wareshare_st_servo_controller v7:1+M1:1+User_Library-sop-8:1
Q1,Q1,subassembly,2,0,1,,0.1,3.0,3.0,1.3,False,,dovetail_umi_gripper:1+wareshare_st_servo_controller v7:1+Q1:1
SOT-23,SOT-23,part,2,1,0,servo_board,0.1,3.0,1.3,3.0,False,,dovetail_umi_gripper:1+wareshare_st_servo_controller v7:1+Q1:1+SOT-23:1
R1,R1,subassembly,2,0,1,,0.0,0.8,1.6,0.4,False,,dovetail_umi_gripper:1+wareshare_st_servo_controller v7:1+R1:1
R2,R2,subassembly,2,0,1,,0.0,0.8,1.6,0.4,False,,dovetail_umi_gripper:1+wareshare_st_servo_controller v7:1+R2:1
R0603,R0603,subassembly,18,0,1,,0.0,1.6,0.8,0.4,False,,dovetail_umi_gripper:1+wareshare_st_servo_controller v7:1+R2:1+R0603:1
R_0603-3615_AF0_ASM,R_0603-3615_AF0_ASM,subassembly,18,0,1,,0.0,1.6,0.8,0.4,False,,dovetail_umi_gripper:1+wareshare_st_servo_controller v7:1+R2:1+R0603:1+R_0603-3615_AF0_ASM:1
R_0603-3601_AF0_ASM,R_0603-3601_AF0_ASM,subassembly,18,0,3,,0.0,1.6,0.8,0.4,False,,dovetail_umi_gripper:1+wareshare_st_servo_controller v7:1+R2:1+R0603:1+R_0603-3615_AF0_ASM:1+R_0603-3601_AF0_ASM:1
5_1_2_3_400,5_1_2_3_400,part,18,1,0,servo_board,0.0,0.3,0.8,0.4,False,,dovetail_umi_gripper:1+wareshare_st_servo_controller v7:1+R2:1+R0603:1+R_0603-3615_AF0_ASM:1+R_0603-3601_AF0_ASM:1+5_1_2_3_400:1
_2_1_2_3_4_AF0,2_1_2_3_4_AF0,part,18,1,0,servo_board,0.0,0.3,0.8,0.4,False,,dovetail_umi_gripper:1+wareshare_st_servo_controller v7:1+R2:1+R0603:1+R_0603-3615_AF0_ASM:1+R_0603-3601_AF0_ASM:1+_2_1_2_3_4_AF0:1
_7_1_2_AF0,7_1_2_AF0,part,18,1,0,servo_board,0.0,1.5,0.8,0.4,False,,dovetail_umi_gripper:1+wareshare_st_servo_controller v7:1+R2:1+R0603:1+R_0603-3615_AF0_ASM:1+R_0603-3601_AF0_ASM:1+_7_1_2_AF0:1
R3,R3,subassembly,2,0,1,,0.0,0.8,1.6,0.4,False,,dovetail_umi_gripper:1+wareshare_st_servo_controller v7:1+R3:1
R4,R4,subassembly,2,0,1,,0.0,1.6,0.8,0.4,False,,dovetail_umi_gripper:1+wareshare_st_servo_controller v7:1+R4:1
R5,R5,subassembly,2,0,1,,0.0,0.8,1.6,0.4,False,,dovetail_umi_gripper:1+wareshare_st_servo_controller v7:1+R5:1
R6,R6,subassembly,2,0,1,,0.0,1.6,0.8,0.4,False,,dovetail_umi_gripper:1+wareshare_st_servo_controller v7:1+R6:1
R7,R7,subassembly,2,0,1,,0.0,0.8,1.6,0.4,False,,dovetail_umi_gripper:1+wareshare_st_servo_controller v7:1+R7:1
R8,R8,subassembly,2,0,1,,0.0,0.8,1.6,0.4,False,,dovetail_umi_gripper:1+wareshare_st_servo_controller v7:1+R8:1
R9,R9,subassembly,2,0,1,,0.0,0.8,1.6,0.4,False,,dovetail_umi_gripper:1+wareshare_st_servo_controller v7:1+R9:1
Type_C1,Type_C1,subassembly,2,0,1,,2.2,9.6,32.7,4.2,False,,dovetail_umi_gripper:1+wareshare_st_servo_controller v7:1+Type_C1:1
698b116-264-211,698b116-264-211,subassembly,2,0,22,,2.2,9.6,4.2,32.7,False,,dovetail_umi_gripper:1+wareshare_st_servo_controller v7:1+Type_C1:1+698b116-264-211:1
SOLID (1),SOLID_1,part,2,1,0,servo_board,0.0,0.3,1.5,0.9,False,,dovetail_umi_gripper:1+wareshare_st_servo_controller v7:1+Type_C1:1+698b116-264-211:1+SOLID (1):1
SOLID (10),SOLID_10,part,2,1,0,servo_board,0.0,0.3,0.3,5.7,False,,dovetail_umi_gripper:1+wareshare_st_servo_controller v7:1+Type_C1:1+698b116-264-211:1+SOLID (10):1
SOLID (11),SOLID_11,part,2,1,0,servo_board,0.0,0.9,1.6,7.2,False,,dovetail_umi_gripper:1+wareshare_st_servo_controller v7:1+Type_C1:1+698b116-264-211:1+SOLID (11):1
SOLID (12),SOLID_12,part,2,1,0,servo_board,0.0,0.4,2.0,6.8,False,,dovetail_umi_gripper:1+wareshare_st_servo_controller v7:1+Type_C1:1+698b116-264-211:1+SOLID (12):1
SOLID (13),SOLID_13,part,2,1,0,servo_board,0.0,0.4,0.3,5.9,False,,dovetail_umi_gripper:1+wareshare_st_servo_controller v7:1+Type_C1:1+698b116-264-211:1+SOLID (13):1
SOLID (14),SOLID_14,part,2,1,0,servo_board,0.0,0.4,2.0,6.8,False,,dovetail_umi_gripper:1+wareshare_st_servo_controller v7:1+Type_C1:1+698b116-264-211:1+SOLID (14):1
SOLID (15),SOLID_15,part,2,1,0,servo_board,0.0,0.4,0.3,5.9,False,,dovetail_umi_gripper:1+wareshare_st_servo_controller v7:1+Type_C1:1+698b116-264-211:1+SOLID (15):1
SOLID (16),SOLID_16,part,2,1,0,servo_board,0.0,0.9,1.6,7.2,False,,dovetail_umi_gripper:1+wareshare_st_servo_controller v7:1+Type_C1:1+698b116-264-211:1+SOLID (16):1
SOLID (17),SOLID_17,part,2,1,0,servo_board,0.0,0.3,0.3,4.2,False,,dovetail_umi_gripper:1+wareshare_st_servo_controller v7:1+Type_C1:1+698b116-264-211:1+SOLID (17):1
SOLID (18),SOLID_18,part,2,1,0,servo_board,0.0,0.3,0.3,4.2,False,,dovetail_umi_gripper:1+wareshare_st_servo_controller v7:1+Type_C1:1+698b116-264-211:1+SOLID (18):1
SOLID (19),SOLID_19,part,2,1,0,servo_board,0.0,1.1,2.0,7.2,False,,dovetail_umi_gripper:1+wareshare_st_servo_controller v7:1+Type_C1:1+698b116-264-211:1+SOLID (19):1
SOLID (2),SOLID_2,part,2,1,0,servo_board,0.0,0.3,1.5,0.9,False,,dovetail_umi_gripper:1+wareshare_st_servo_controller v7:1+Type_C1:1+698b116-264-211:1+SOLID (2):1
SOLID (20),SOLID_20,part,2,1,0,servo_board,0.0,1.1,2.0,7.2,False,,dovetail_umi_gripper:1+wareshare_st_servo_controller v7:1+Type_C1:1+698b116-264-211:1+SOLID (20):1
SOLID (21),SOLID_21,part,2,1,0,servo_board,1.5,9.6,4.2,32.6,False,,dovetail_umi_gripper:1+wareshare_st_servo_controller v7:1+Type_C1:1+698b116-264-211:1+SOLID (21):1
SOLID (3),SOLID_3,part,2,1,0,servo_board,0.0,0.3,1.5,0.9,False,,dovetail_umi_gripper:1+wareshare_st_servo_controller v7:1+Type_C1:1+698b116-264-211:1+SOLID (3):1
SOLID (4),SOLID_4,part,2,1,0,servo_board,0.0,0.3,1.5,0.9,False,,dovetail_umi_gripper:1+wareshare_st_servo_controller v7:1+Type_C1:1+698b116-264-211:1+SOLID (4):1
SOLID (5),SOLID_5,part,2,1,0,servo_board,0.0,0.3,2.0,6.6,False,,dovetail_umi_gripper:1+wareshare_st_servo_controller v7:1+Type_C1:1+698b116-264-211:1+SOLID (5):1
SOLID (6),SOLID_6,part,2,1,0,servo_board,0.0,0.3,2.0,6.6,False,,dovetail_umi_gripper:1+wareshare_st_servo_controller v7:1+Type_C1:1+698b116-264-211:1+SOLID (6):1
SOLID (7),SOLID_7,part,2,1,0,servo_board,0.0,0.3,1.6,6.6,False,,dovetail_umi_gripper:1+wareshare_st_servo_controller v7:1+Type_C1:1+698b116-264-211:1+SOLID (7):1
SOLID (8),SOLID_8,part,2,1,0,servo_board,0.0,0.3,1.6,6.6,False,,dovetail_umi_gripper:1+wareshare_st_servo_controller v7:1+Type_C1:1+698b116-264-211:1+SOLID (8):1
SOLID (9),SOLID_9,part,2,1,0,servo_board,0.0,0.3,0.3,5.7,False,,dovetail_umi_gripper:1+wareshare_st_servo_controller v7:1+Type_C1:1+698b116-264-211:1+SOLID (9):1
SOLID,SOLID,part,2,1,0,servo_board,0.7,8.4,3.6,7.1,False,,dovetail_umi_gripper:1+wareshare_st_servo_controller v7:1+Type_C1:1+698b116-264-211:1+SOLID:1
U1,U1,subassembly,2,0,1,,0.1,3.0,3.0,0.9,False,,dovetail_umi_gripper:1+wareshare_st_servo_controller v7:1+U1:1
User_Library-QFN-16,User_Library-QFN-16,part,2,1,0,servo_board,0.1,3.0,3.0,0.9,False,,dovetail_umi_gripper:1+wareshare_st_servo_controller v7:1+U1:1+User_Library-QFN-16:1
U2,U2,subassembly,2,0,1,,0.4,7.0,6.5,1.7,False,,dovetail_umi_gripper:1+wareshare_st_servo_controller v7:1+U2:1
TO-223,TO-223,subassembly,2,0,5,,0.4,6.5,1.7,7.0,False,,dovetail_umi_gripper:1+wareshare_st_servo_controller v7:1+U2:1+TO-223:1
User_Library-TO-223_1_1,User_Library-TO-223_1_1,part,2,1,0,servo_board,0.3,6.5,1.6,3.5,False,,dovetail_umi_gripper:1+wareshare_st_servo_controller v7:1+U2:1+TO-223:1+User_Library-TO-223_1_1:1
User_Library-TO-223_2_1,User_Library-TO-223_2_1,part,2,1,0,servo_board,0.0,3.1,0.8,1.8,False,,dovetail_umi_gripper:1+wareshare_st_servo_controller v7:1+U2:1+TO-223:1+User_Library-TO-223_2_1:1
User_Library-TO-223_3_1,User_Library-TO-223_3_1,part,2,1,0,servo_board,0.0,0.8,0.8,1.8,False,,dovetail_umi_gripper:1+wareshare_st_servo_controller v7:1+U2:1+TO-223:1+User_Library-TO-223_3_1:1
User_Library-TO-223_4_1,User_Library-TO-223_4_1,part,2,1,0,servo_board,0.0,0.8,0.8,1.8,False,,dovetail_umi_gripper:1+wareshare_st_servo_controller v7:1+U2:1+TO-223:1+User_Library-TO-223_4_1:1
User_Library-TO-223_5_1,User_Library-TO-223_5_1,part,2,1,0,servo_board,0.0,0.8,0.8,1.8,False,,dovetail_umi_gripper:1+wareshare_st_servo_controller v7:1+U2:1+TO-223:1+User_Library-TO-223_5_1:1
U3,U3,subassembly,2,0,6,,0.0,2.6,3.0,0.7,False,,dovetail_umi_gripper:1+wareshare_st_servo_controller v7:1+U3:1
1653192640,1653192640,subassembly,20,0,1,,0.0,1.2,0.4,0.2,False,,dovetail_umi_gripper:1+wareshare_st_servo_controller v7:1+U3:1+1653192640:1
Extruded,Extruded,part,20,1,0,servo_board,0.0,1.2,0.4,0.2,False,,dovetail_umi_gripper:1+wareshare_st_servo_controller v7:1+U3:1+1653192640:1+Extruded:1
736125216,736125216,subassembly,4,0,1,,0.0,1.4,3.0,0.7,False,,dovetail_umi_gripper:1+wareshare_st_servo_controller v7:1+U3:1+736125216:1
Extruded (1),Extruded_1,part,4,1,0,servo_board,0.0,1.4,3.0,0.7,False,,dovetail_umi_gripper:1+wareshare_st_servo_controller v7:1+U3:1+736125216:1+Extruded (1):1
U4,U4,subassembly,2,0,6,,0.0,2.6,3.0,0.7,False,,dovetail_umi_gripper:1+wareshare_st_servo_controller v7:1+U4:1
v2.1_lower_body_latest,v2.1_lower_body_latest,subassembly,1,0,173,,17512.0,235.1,552.9,638.2,True,,v2.1_lower_body_latest:1
CNC_leg03_x5_RS03_shaft_bearing_retainer,CNC_leg03_x5_RS03_shaft_bearing_retainer,part,4,1,0,Aluminum 6061,35.6,99.2,99.2,9.5,True,,v2.1_lower_body_latest:1+CNC_leg03_x5_RS03_shaft_bearing_retainer:4
Robstride 03 - no back cover,Robstride_03_-_no_back_cover,subassembly,10,0,1,,884.2,99.6,98.6,55.4,True,,v2.1_lower_body_latest:1+Robstride 03 - no back cover:1
3_1_02_090_0073_ASM_1_1_ASM,3_1_02_090_0073_ASM_1_1_ASM,subassembly,10,0,12,,884.2,99.6,98.6,55.4,False,,v2.1_lower_body_latest:1+Robstride 03 - no back cover:1+3_1_02_090_0073_ASM_1_1_ASM:1
1_1_02_EB901-547_1_rotor,1_1_02_EB901-547_1_rotor,part,10,1,0,Aluminum A356 T6,37.1,47.0,47.0,11.5,False,,v2.1_lower_body_latest:1+Robstride 03 - no back cover:1+3_1_02_090_0073_ASM_1_1_ASM:1+1_1_02_EB901-547_1_rotor:1
1_1_06_EB903-534_ASM_1_1_ASM,1_1_06_EB903-534_ASM_1_1_ASM,subassembly,10,0,1,,153.6,99.5,98.6,39.5,False,,v2.1_lower_body_latest:1+Robstride 03 - no back cover:1+3_1_02_090_0073_ASM_1_1_ASM:1+1_1_06_EB903-534_ASM_1_1_ASM:1
1_1_06_EB903-537_1_1,1_1_06_EB903-537_1_1,part,10,1,0,matching A356,153.6,99.5,98.6,39.5,False,,v2.1_lower_body_latest:1+Robstride 03 - no back cover:1+3_1_02_090_0073_ASM_1_1_ASM:1+1_1_06_EB903-534_ASM_1_1_ASM:1+1_1_06_EB903-537_1_1:1
1_1_31_QT-942_1,1_1_31_QT-942_1,part,10,1,0,matching A356,53.9,98.6,99.5,14.2,False,,v2.1_lower_body_latest:1+Robstride 03 - no back cover:1+3_1_02_090_0073_ASM_1_1_ASM:1+1_1_31_QT-942_1:1
1_2_04_635000_1_1,1_2_04_635000_1_1,part,10,1,0,Steel,11.7,19.0,6.0,19.0,False,,v2.1_lower_body_latest:1+Robstride 03 - no back cover:1+3_1_02_090_0073_ASM_1_1_ASM:1+1_2_04_635000_1_1:1
1_2_04_680902_1_1,1_2_04_680902_1_1,part,10,1,0,Steel,52.1,58.0,58.0,7.0,False,,v2.1_lower_body_latest:1+Robstride 03 - no back cover:1+3_1_02_090_0073_ASM_1_1_ASM:1+1_2_04_680902_1_1:1
1_2_05_130001_1_1,1_2_05_130001_1_1,part,30,1,0,Steel,0.7,5.6,8.4,5.6,False,,v2.1_lower_body_latest:1+Robstride 03 - no back cover:1+3_1_02_090_0073_ASM_1_1_ASM:1+1_2_05_130001_1_1:1
1_2_06_000004_AF0_1_1,1_2_06_000004_AF0_1_1,part,10,1,0,Steel,0.2,18.7,18.6,1.1,False,,v2.1_lower_body_latest:1+Robstride 03 - no back cover:1+3_1_02_090_0073_ASM_1_1_ASM:1+1_2_06_000004_AF0_1_1:1
1_3_03_000357_1_1,1_3_03_000357_1_1,part,10,1,0,Steel,4.2,60.5,60.6,0.8,False,,v2.1_lower_body_latest:1+Robstride 03 - no back cover:1+3_1_02_090_0073_ASM_1_1_ASM:1+1_3_03_000357_1_1:1
CORE,CORE,part,10,1,0,core material,526.1,84.0,84.0,33.0,False,,v2.1_lower_body_latest:1+Robstride 03 - no back cover:1+3_1_02_090_0073_ASM_1_1_ASM:1+CORE:1
PBC,PBC,part,10,7,0,FR4; Steel; Discrete Component,43.4,68.0,76.0,6.7,False,,v2.1_lower_body_latest:1+Robstride 03 - no back cover:1+3_1_02_090_0073_ASM_1_1_ASM:1+PBC:1
bearings,bearings,subassembly,1,0,7,,279.3,65.9,60.1,28.4,False,,v2.1_lower_body_latest:1+bearings:1
hip_center,hip_center,subassembly,1,0,2,,123.8,99.2,161.3,298.3,False,,v2.1_lower_body_latest:1+hip_center:1
CNC_leg01_x2_hip_center_back,CNC_leg01_x2_hip_center_back,part,2,1,0,Aluminum 6061,71.9,99.2,35.6,122.2,False,,v2.1_lower_body_latest:1+hip_center:1+CNC_leg01_x2_hip_center_back:1
CNC_leg02_x7_RS03_shaft_coupler,CNC_leg02_x7_RS03_shaft_coupler,part,5,1,0,Aluminum 6061,51.8,50.0,50.0,22.1,True,,v2.1_lower_body_latest:1+hip_center:1+CNC_leg02_x7_RS03_shaft_coupler:1
hip_pitch:hip_roll_L,hip_pitch_hip_roll_L,subassembly,1,0,4,,217.5,99.2,99.2,121.3,False,,v2.1_lower_body_latest:1+hip_pitch:hip_roll_L:1
CNC_leg04_x2_hip_roll_front_bearing_retainer,CNC_leg04_x2_hip_roll_front_bearing_retainer,part,2,1,0,Aluminum 6061,56.2,15.5,99.2,110.5,False,,v2.1_lower_body_latest:1+hip_pitch:hip_roll_L:1+CNC_leg04_x2_hip_roll_front_bearing_retainer:1
CNC_leg05_x2_hip_roll_back_bearing_retainer,CNC_leg05_x2_hip_roll_back_bearing_retainer,part,2,1,0,Aluminum 6061,73.8,22.4,99.2,110.5,False,,v2.1_lower_body_latest:1+hip_pitch:hip_roll_L:1+CNC_leg05_x2_hip_roll_back_bearing_retainer:1
hip_pitch:hip_roll_R,hip_pitch_hip_roll_R,subassembly,1,0,4,,217.5,99.2,102.2,135.8,False,,v2.1_lower_body_latest:1+hip_pitch:hip_roll_R:1
hip_roll:hip_yaw_L,hip_roll_hip_yaw_L,subassembly,1,0,2,,163.1,100.0,99.2,102.5,False,,v2.1_lower_body_latest:1+hip_roll:hip_yaw_L:1
CNC_leg06_x2_hip_roll_output_shaft,CNC_leg06_x2_hip_roll_output_shaft,part,2,1,0,Aluminum 6061,83.8,35.5,99.2,102.5,False,,v2.1_lower_body_latest:1+hip_roll:hip_yaw_L:1+CNC_leg06_x2_hip_roll_output_shaft:1
CNC_leg07_x2_hip_roll_support_shaft,CNC_leg07_x2_hip_roll_support_shaft,part,2,1,0,Aluminum 6061,79.3,35.5,99.2,102.5,False,,v2.1_lower_body_latest:1+hip_roll:hip_yaw_L:1+CNC_leg07_x2_hip_roll_support_shaft:1
hip_roll:hip_yaw_R,hip_roll_hip_yaw_R,subassembly,1,0,2,,163.1,100.0,207.5,105.0,False,,v2.1_lower_body_latest:1+hip_roll:hip_yaw_R:1
protections,protections,subassembly,1,0,6,,352.6,113.1,552.9,268.1,False,,v2.1_lower_body_latest:1+protections:1
hip_pitch_motor(Mirror),hip_pitch_motor_Mirror,subassembly,1,0,2,,62.2,113.1,69.4,119.5,False,,v2.1_lower_body_latest:1+protections:1+hip_pitch_motor(Mirror):1
Component198,Component198,part,1,1,0,hip3_protection,31.1,57.0,69.4,119.5,False,,v2.1_lower_body_latest:1+protections:1+hip_pitch_motor(Mirror):1+Component198:1
Component199,Component199,part,1,1,0,hip3_protection,31.1,57.0,69.4,119.5,False,,v2.1_lower_body_latest:1+protections:1+hip_pitch_motor(Mirror):1+Component199:1
hip_pitch_motor,hip_pitch_motor,subassembly,3,0,2,,62.2,113.1,69.4,119.5,False,,v2.1_lower_body_latest:1+protections:1+hip_pitch_motor:1
Component194,Component194,part,3,1,0,hip3_protection,31.1,57.0,69.4,119.5,False,,v2.1_lower_body_latest:1+protections:1+hip_pitch_motor:1+Component194:1
Component195,Component195,part,3,1,0,hip3_protection,31.1,57.0,69.4,119.5,False,,v2.1_lower_body_latest:1+protections:1+hip_pitch_motor:1+Component195:1
hip_roll_motor,hip_roll_motor,subassembly,2,0,2,,51.9,46.6,111.3,113.0,False,,v2.1_lower_body_latest:1+protections:1+hip_roll_motor:1
Component196,Component196,part,2,1,0,hip2_protection,26.0,46.5,109.3,46.4,False,,v2.1_lower_body_latest:1+protections:1+hip_roll_motor:1+Component196:1
Component197,Component197,part,2,1,0,hip2_protection,26.0,46.5,97.3,71.1,False,,v2.1_lower_body_latest:1+protections:1+hip_roll_motor:1+Component197:1
robstride03_cross_section,robstride03_cross_section,empty,22,0,0,,0.0,0.0,0.0,0.0,True,,v2.1_lower_body_latest:1+robstride03_cross_section:1
robstride03_face,robstride03_face,empty,7,0,0,,0.0,0.0,0.0,0.0,True,,v2.1_lower_body_latest:1+robstride03_face:1
v2.1_lower_leg_L_copy,v2.1_lower_leg_L_copy,subassembly,1,0,129,,5528.2,235.1,234.3,566.3,True,,v2.1_lower_body_latest:1+v2.1_lower_leg_L_copy:1
CNC_leg08_x2_knee_front_bearing_retainer,CNC_leg08_x2_knee_front_bearing_retainer,part,1,1,0,Aluminum 6061,55.8,114.6,15.0,126.2,True,,v2.1_lower_body_latest:1+v2.1_lower_leg_L_copy:1+CNC_leg08_x2_knee_front_bearing_retainer:1
CNC_leg09_x2_knee_motor_back_cover,CNC_leg09_x2_knee_motor_back_cover,part,1,1,0,Aluminum 6061,102.9,114.6,32.5,126.2,True,,v2.1_lower_body_latest:1+v2.1_lower_leg_L_copy:1+CNC_leg09_x2_knee_motor_back_cover:1
CNC_leg10_x2_knee_output_shank,CNC_leg10_x2_knee_output_shank,part,1,1,0,Aluminum 6061,249.9,54.4,27.8,249.9,True,,v2.1_lower_body_latest:1+v2.1_lower_leg_L_copy:1+CNC_leg10_x2_knee_output_shank:1
CNC_leg11_x2_knee_support_shank,CNC_leg11_x2_knee_support_shank,part,1,1,0,Aluminum 6061,179.9,54.4,15.6,249.0,True,,v2.1_lower_body_latest:1+v2.1_lower_leg_L_copy:1+CNC_leg11_x2_knee_support_shank:1
CNC_leg12_x4_lower_leg_bearing_cap,CNC_leg12_x4_lower_leg_bearing_cap,part,2,1,0,Aluminum 6061,6.4,43.0,3.0,43.0,True,,v2.1_lower_body_latest:1+v2.1_lower_leg_L_copy:1+CNC_leg12_x4_lower_leg_bearing_cap:1
CNC_leg13_x2_ankle_pitch_front,CNC_leg13_x2_ankle_pitch_front,part,1,1,0,Aluminum 6061,67.8,124.5,41.4,99.2,True,,v2.1_lower_body_latest:1+v2.1_lower_leg_L_copy:1+CNC_leg13_x2_ankle_pitch_front:1
CNC_leg14_x2_ankle_pitch_back,CNC_leg14_x2_ankle_pitch_back,part,1,1,0,Aluminum 6061,92.0,124.5,46.5,99.2,True,,v2.1_lower_body_latest:1+v2.1_lower_leg_L_copy:1+CNC_leg14_x2_ankle_pitch_back:1
CNC_leg15_x2_RS06_shaft_bearing_retainer,CNC_leg15_x2_RS06_shaft_bearing_retainer,part,1,1,0,Aluminum 6061,23.5,8.5,82.8,82.8,True,,v2.1_lower_body_latest:1+v2.1_lower_leg_L_copy:1+CNC_leg15_x2_RS06_shaft_bearing_retainer:1
CNC_leg16_x2_ankle_roll_output_shaft,CNC_leg16_x2_ankle_roll_output_shaft,part,1,1,0,Aluminum 6061,64.1,15.3,54.4,86.0,True,,v2.1_lower_body_latest:1+v2.1_lower_leg_L_copy:1+CNC_leg16_x2_ankle_roll_output_shaft:1
CNC_leg17_x2_ankle_roll_support_shaft,CNC_leg17_x2_ankle_roll_support_shaft,part,1,1,0,Aluminum 6061,59.0,12.7,54.4,86.0,True,,v2.1_lower_body_latest:1+v2.1_lower_leg_L_copy:1+CNC_leg17_x2_ankle_roll_support_shaft:1
CNC_leg18_x2_foot_plate,CNC_leg18_x2_foot_plate,subassembly,1,1,1,,202.0,235.0,72.1,102.0,True,,v2.1_lower_body_latest:1+v2.1_lower_leg_L_copy:1+CNC_leg18_x2_foot_plate:1
symmetric_sole,symmetric_sole,part,1,1,0,foot_protection_USING,118.4,235.0,72.0,102.0,False,,v2.1_lower_body_latest:1+v2.1_lower_leg_L_copy:1+CNC_leg18_x2_foot_plate:1+symmetric_sole:1
ankle_roll_motor_protection,ankle_roll_motor_protection,subassembly,1,0,1,,33.4,35.5,94.1,94.1,True,,v2.1_lower_body_latest:1+v2.1_lower_leg_L_copy:1+ankle_roll_motor_protection:1
ankle_roll_motor,ankle_roll_motor,subassembly,1,0,2,,33.4,35.5,94.1,94.1,False,,v2.1_lower_body_latest:1+v2.1_lower_leg_L_copy:1+ankle_roll_motor_protection:1+ankle_roll_motor:1
Component46,Component46,part,1,1,0,ANKLE_1_PROTECTION,16.7,35.5,94.0,47.0,False,,v2.1_lower_body_latest:1+v2.1_lower_leg_L_copy:1+ankle_roll_motor_protection:1+ankle_roll_motor:1+Component46:1
Component47,Component47,part,1,1,0,ANKLE_1_PROTECTION,16.7,35.5,94.0,47.0,False,,v2.1_lower_body_latest:1+v2.1_lower_leg_L_copy:1+ankle_roll_motor_protection:1+ankle_roll_motor:1+Component47:1
ankle_roll_structural_part_protection,ankle_roll_structural_part_protection,subassembly,1,0,1,,13.9,9.5,72.0,85.5,True,,v2.1_lower_body_latest:1+v2.1_lower_leg_L_copy:1+ankle_roll_structural_part_protection:1
foot_front,foot_front,part,1,1,0,foot_protection_USING,13.9,9.5,72.0,85.5,False,,v2.1_lower_body_latest:1+v2.1_lower_leg_L_copy:1+ankle_roll_structural_part_protection:1+foot_front:1
foot_sole,foot_sole,empty,1,0,0,,0.0,0.0,0.0,0.0,True,,v2.1_lower_body_latest:1+v2.1_lower_leg_L_copy:1+foot_sole:1
knee_motor_protection,knee_motor_protection,subassembly,1,0,1,,52.3,132.1,44.4,126.2,True,,v2.1_lower_body_latest:1+v2.1_lower_leg_L_copy:1+knee_motor_protection:1
knee_motor,knee_motor,subassembly,1,0,2,,52.3,132.1,44.4,126.2,False,,v2.1_lower_body_latest:1+v2.1_lower_leg_L_copy:1+knee_motor_protection:1+knee_motor:1
Component44,Component44,part,1,1,0,knee protection,26.2,66.0,44.4,126.1,False,,v2.1_lower_body_latest:1+v2.1_lower_leg_L_copy:1+knee_motor_protection:1+knee_motor:1+Component44:1
Component45,Component45,part,1,1,0,knee protection,26.2,66.0,44.4,126.1,False,,v2.1_lower_body_latest:1+v2.1_lower_leg_L_copy:1+knee_motor_protection:1+knee_motor:1+Component45:1
lower_leg_output_shank_protection,lower_leg_output_shank_protection,empty,1,0,0,,0.0,0.0,0.0,0.0,True,,v2.1_lower_body_latest:1+v2.1_lower_leg_L_copy:1+lower_leg_output_shank_protection:1
lower_leg_support_shank_protection,lower_leg_support_shank_protection,empty,1,0,0,,0.0,0.0,0.0,0.0,True,,v2.1_lower_body_latest:1+v2.1_lower_leg_L_copy:1+lower_leg_support_shank_protection:1
v2.1_lower_leg_R,v2.1_lower_leg_R,subassembly,1,0,115,,5701.9,235.1,243.1,566.7,True,,v2.1_lower_body_latest:1+v2.1_lower_leg_R:1
CNC_leg13_x2_ankle_pitch_front,CNC_leg13_x2_ankle_pitch_front,part,1,1,0,Aluminum 6061,67.8,124.5,41.4,99.2,False,,v2.1_lower_body_latest:1+v2.1_lower_leg_R:1+CNC_leg13_x2_ankle_pitch_front:1
CNC_leg14_x2_ankle_pitch_back,CNC_leg14_x2_ankle_pitch_back,part,1,1,0,Aluminum 6061,92.0,124.5,46.5,99.2,False,,v2.1_lower_body_latest:1+v2.1_lower_leg_R:1+CNC_leg14_x2_ankle_pitch_back:1
BACK_COVER1_1_06_EB903-538_1,BACK_COVER1_1_06_EB903-538_1,subassembly,3,1,8,,24.7,97.6,79.5,24.6,False,,v2.1_lower_body_latest:1+v2.1_lower_leg_R:1+Robstride 03 - full:1+BACK_COVER1_1_06_EB903-538_1:1
1_2_05_020108_1_1,1_2_05_020108_1_1,part,12,1,0,Steel,0.4,12.1,3.8,3.8,False,,v2.1_lower_body_latest:1+v2.1_lower_leg_R:1+Robstride 03 - full:1+BACK_COVER1_1_06_EB903-538_1:1+1_2_05_020108_1_1:3
1_2_05_140095_1_1,1_2_05_140095_1_1,part,12,2,0,Steel,2.0,14.0,7.0,7.0,False,,v2.1_lower_body_latest:1+v2.1_lower_leg_R:1+Robstride 03 - full:1+BACK_COVER1_1_06_EB903-538_1:1+1_2_05_140095_1_1:1
Robstride 06-No Back Cover,Robstride_06-No_Back_Cover,subassembly,3,0,1,,598.8,84.5,82.0,43.0,True,,v2.1_lower_body_latest:1+v2.1_lower_leg_R:1+Robstride 06-No Back Cover:1
R06,R06,subassembly,3,0,5,,598.8,84.5,82.0,43.0,False,,v2.1_lower_body_latest:1+v2.1_lower_leg_R:1+Robstride 06-No Back Cover:1+R06:1
1_1_31_QT-1040^FL82BLW33-48V-35N.m(开模版)(1)_FL82BLW33-48V-35N.m(开模版)(1).STEP,1_1_31_QT-1040_FL82BLW33-48V-35N.m_1__FL82BLW33-48V-35N.m_1_.STEP,part,3,9,0,matching A356,32.5,82.0,84.5,12.0,False,,v2.1_lower_body_latest:1+v2.1_lower_leg_R:1+Robstride 06-No Back Cover:1+R06:1+1_1_31_QT-1040^FL82BLW33-48V-35N.m(开模版)(1)_FL82BLW33-48V-35N.m(开模版)(1).STEP:1
MAIN,MAIN,subassembly,3,0,1,,80.9,84.5,82.0,32.5,False,,v2.1_lower_body_latest:1+v2.1_lower_leg_R:1+Robstride 06-No Back Cover:1+R06:1+MAIN:1
1_1_06_EB823-507_AF0^1_1_06_EB823-509_ASM_FL82BLW33-48V-35N.m(开模版)(1)_FL82BLW33-48V-35N.m(开模版)(1).STEP,1_1_06_EB823-507_AF0_1_1_06_EB823-509_ASM_FL82BLW33-48V-35N.m_1__FL82BLW33-48V-35N.m_1_.STEP,part,3,1,0,matching A356,80.9,84.5,82.0,32.5,False,,v2.1_lower_body_latest:1+v2.1_lower_leg_R:1+Robstride 06-No Back Cover:1+R06:1+MAIN:1+1_1_06_EB823-507_AF0^1_1_06_EB823-509_ASM_FL82BLW33-48V-35N.m(开模版)(1)_FL82BLW33-48V-35N.m(开模版)(1).STEP:1
R06-ROTOR,R06-ROTOR,part,3,1,0,matching A356,20.2,37.0,37.0,10.5,False,,v2.1_lower_body_latest:1+v2.1_lower_leg_R:1+Robstride 06-No Back Cover:1+R06:1+R06-ROTOR:1
bearing_35x44x5_6707_1.6kN_15g,bearing_35x44x5_6707_1.6kN_15g,subassembly,19,0,2,,15.0,44.0,44.0,5.0,True,,v2.1_lower_body_latest:1+v2.1_lower_leg_R:1+Robstride 06-No Back Cover:1+R06:1+bearing_35x44x5_6707_1.6kN_15g:1
half-bearing_35x44x5_6707_1.6kN_15g,half-bearing_35x44x5_6707_1.6kN_15g,part,38,28,0,half-steel,7.5,44.0,44.0,5.0,False,,v2.1_lower_body_latest:1+v2.1_lower_leg_R:1+Robstride 06-No Back Cover:1+R06:1+bearing_35x44x5_6707_1.6kN_15g:1+half-bearing_35x44x5_6707_1.6kN_15g:1
weight,weight,part,3,2,0,Steel; ABS Plastic,450.1,65.0,65.0,30.0,False,,v2.1_lower_body_latest:1+v2.1_lower_leg_R:1+Robstride 06-No Back Cover:1+R06:1+weight:1
bearings,bearings,subassembly,1,0,9,,250.0,166.1,80.6,303.5,False,,v2.1_lower_body_latest:1+v2.1_lower_leg_R:1+bearings:1
bearing_35x47x7_6807_4.0kN_29g,bearing_35x47x7_6807_4.0kN_29g,subassembly,4,0,2,,29.2,47.0,47.0,7.1,True,,v2.1_lower_body_latest:1+v2.1_lower_leg_R:1+bearings:1+bearing_35x47x7_6807_4.0kN_29g:1
half-bearing_35x47x7_6807_4.0kN_29g,half-bearing_35x47x7_6807_4.0kN_29g,part,8,23,0,Steel_half_density,14.6,47.0,47.0,7.0,False,,v2.1_lower_body_latest:1+v2.1_lower_leg_R:1+bearings:1+bearing_35x47x7_6807_4.0kN_29g:1+half-bearing_35x47x7_6807_4.0kN_29g:1
bearing_50x65x7_6810_6.1kN_52g,bearing_50x65x7_6810_6.1kN_52g,subassembly,2,0,2,,52.0,65.0,65.0,7.1,True,,v2.1_lower_body_latest:1+v2.1_lower_leg_R:1+bearings:1+bearing_50x65x7_6810_6.1kN_52g:1
half-bearing_50x65x7_6810_6.1kN_52g,half-bearing_50x65x7_6810_6.1kN_52g,part,4,27,0,half-stainless steel,26.0,65.0,65.0,7.0,False,,v2.1_lower_body_latest:1+v2.1_lower_leg_R:1+bearings:1+bearing_50x65x7_6810_6.1kN_52g:1+half-bearing_50x65x7_6810_6.1kN_52g:1
foot_assembly,foot_assembly,subassembly,1,0,4,,348.5,235.1,82.8,109.8,False,,v2.1_lower_body_latest:1+v2.1_lower_leg_R:1+foot_assembly:1
CNC_leg15_x2_RS06_shaft_bearing_retainer,CNC_leg15_x2_RS06_shaft_bearing_retainer,part,1,1,0,Aluminum 6061,23.5,8.5,82.8,82.8,False,,v2.1_lower_body_latest:1+v2.1_lower_leg_R:1+foot_assembly:1+CNC_leg15_x2_RS06_shaft_bearing_retainer:1
CNC_leg16_x2_ankle_roll_output_shaft,CNC_leg16_x2_ankle_roll_output_shaft,part,1,1,0,Aluminum 6061,64.1,15.3,54.4,86.0,False,,v2.1_lower_body_latest:1+v2.1_lower_leg_R:1+foot_assembly:1+CNC_leg16_x2_ankle_roll_output_shaft:1
CNC_leg17_x2_ankle_roll_support_shaft,CNC_leg17_x2_ankle_roll_support_shaft,part,1,1,0,Aluminum 6061,59.0,12.7,54.4,86.0,False,,v2.1_lower_body_latest:1+v2.1_lower_leg_R:1+foot_assembly:1+CNC_leg17_x2_ankle_roll_support_shaft:1
CNC_leg18_x2_foot_plate,CNC_leg18_x2_foot_plate,subassembly,1,1,1,,202.0,235.0,72.1,102.0,False,,v2.1_lower_body_latest:1+v2.1_lower_leg_R:1+foot_assembly:1+CNC_leg18_x2_foot_plate:1
symmetric_sole,symmetric_sole,part,1,1,0,foot_protection_USING,118.4,235.0,72.0,102.0,False,,v2.1_lower_body_latest:1+v2.1_lower_leg_R:1+foot_assembly:1+CNC_leg18_x2_foot_plate:1+symmetric_sole:1
knee_assembly,knee_assembly,subassembly,1,0,4,,246.2,114.6,99.2,137.0,False,,v2.1_lower_body_latest:1+v2.1_lower_leg_R:1+knee_assembly:1
CNC_leg02_x7_RS03_shaft_coupler,CNC_leg02_x7_RS03_shaft_coupler,part,1,1,0,Aluminum 6061,51.8,50.0,50.0,22.1,False,,v2.1_lower_body_latest:1+v2.1_lower_leg_R:1+knee_assembly:1+CNC_leg02_x7_RS03_shaft_coupler:1
CNC_leg03_x4_RS03_shaft_bearing_retainer,CNC_leg03_x4_RS03_shaft_bearing_retainer,part,1,1,0,Aluminum 6061,35.6,99.2,99.2,9.5,False,,v2.1_lower_body_latest:1+v2.1_lower_leg_R:1+knee_assembly:1+CNC_leg03_x4_RS03_shaft_bearing_retainer:1
CNC_leg08_x2_knee_front_bearing_retainer,CNC_leg08_x2_knee_front_bearing_retainer,part,1,1,0,Aluminum 6061,55.8,114.6,15.0,126.2,False,,v2.1_lower_body_latest:1+v2.1_lower_leg_R:1+knee_assembly:1+CNC_leg08_x2_knee_front_bearing_retainer:1
CNC_leg09_x8_knee_back,CNC_leg09_x8_knee_back,part,1,1,0,Aluminum 6061,102.9,114.6,32.5,126.2,False,,v2.1_lower_body_latest:1+v2.1_lower_leg_R:1+knee_assembly:1+CNC_leg09_x8_knee_back:1
leg_schematics_latest,leg_schematics_latest,subassembly,2,0,12,,0.0,0.0,0.0,0.0,True,,v2.1_lower_body_latest:1+v2.1_lower_leg_R:1+leg_schematics_latest:1
robstride06_cross_section,robstride06_cross_section,empty,5,0,0,,0.0,0.0,0.0,0.0,True,,v2.1_lower_body_latest:1+v2.1_lower_leg_R:1+leg_schematics_latest:1+robstride06_cross_section:1
protections,protections,subassembly,1,0,5,,272.6,183.6,121.1,309.6,False,,v2.1_lower_body_latest:1+v2.1_lower_leg_R:1+protections:1
ankle_roll_motor,ankle_roll_motor,subassembly,1,0,2,,33.4,35.5,94.1,94.1,False,,v2.1_lower_body_latest:1+v2.1_lower_leg_R:1+protections:1+ankle_roll_motor:1
Component46,Component46,part,1,1,0,ANKLE_1_PROTECTION,16.7,35.5,94.0,47.0,False,,v2.1_lower_body_latest:1+v2.1_lower_leg_R:1+protections:1+ankle_roll_motor:1+Component46:1
Component47,Component47,part,1,1,0,ANKLE_1_PROTECTION,16.7,35.5,94.0,47.0,False,,v2.1_lower_body_latest:1+v2.1_lower_leg_R:1+protections:1+ankle_roll_motor:1+Component47:1
ankle_top_cover,ankle_top_cover,subassembly,1,1,1,,61.4,47.5,21.0,22.0,False,,v2.1_lower_body_latest:1+v2.1_lower_leg_R:1+protections:1+ankle_top_cover:1
WIRES,WIRES,empty,1,0,0,,0.0,0.0,0.0,0.0,False,,v2.1_lower_body_latest:1+v2.1_lower_leg_R:1+protections:1+ankle_top_cover:1+WIRES:1
foot_front,foot_front,part,1,1,0,foot_protection_USING,13.9,9.5,72.0,85.5,False,,v2.1_lower_body_latest:1+v2.1_lower_leg_R:1+protections:1+foot_front:1
knee_motor,knee_motor,subassembly,1,0,2,,52.3,132.1,44.4,126.2,False,,v2.1_lower_body_latest:1+v2.1_lower_leg_R:1+protections:1+knee_motor:1
Component44,Component44,part,1,1,0,knee protection,26.2,66.0,44.4,126.1,False,,v2.1_lower_body_latest:1+v2.1_lower_leg_R:1+protections:1+knee_motor:1+Component44:1
Component45,Component45,part,1,1,0,knee protection,26.2,66.0,44.4,126.1,False,,v2.1_lower_body_latest:1+v2.1_lower_leg_R:1+protections:1+knee_motor:1+Component45:1
output_shank,output_shank,subassembly,1,0,3,,111.5,66.1,121.1,261.0,False,,v2.1_lower_body_latest:1+v2.1_lower_leg_R:1+protections:1+output_shank:1
Component42,Component42,part,1,1,0,shank protection,44.7,66.0,25.0,261.0,False,,v2.1_lower_body_latest:1+v2.1_lower_leg_R:1+protections:1+output_shank:1+Component42:1
Component43,Component43,part,1,1,0,shank protection,44.7,66.0,25.0,261.0,False,,v2.1_lower_body_latest:1+v2.1_lower_leg_R:1+protections:1+output_shank:1+Component43:1
cables,cables,part,1,2,0,Copper,22.1,7.0,3.0,175.0,False,,v2.1_lower_body_latest:1+v2.1_lower_leg_R:1+protections:1+output_shank:1+cables:1
robstride04,robstride04,subassembly,2,0,2,,1438.3,167.7,211.8,374.6,True,,v2.1_lower_body_latest:1+v2.1_lower_leg_R:1+robstride04:1
120WAIGUAN0310_ASM_1_ASM,120WAIGUAN0310_ASM_1_ASM,subassembly,2,0,2,,559.8,167.7,54.9,167.7,False,,v2.1_lower_body_latest:1+v2.1_lower_leg_R:1+robstride04:1+120WAIGUAN0310_ASM_1_ASM:1
FL120BLW38-48V-120NM_ASM_1_ASM__ASM,FL120BLW38-48V-120NM_ASM_1_ASM__ASM,subassembly,2,0,1,,555.8,167.7,54.6,167.7,False,,v2.1_lower_body_latest:1+v2.1_lower_leg_R:1+robstride04:1+120WAIGUAN0310_ASM_1_ASM:1+FL120BLW38-48V-120NM_ASM_1_ASM__ASM:1
3_1_02_120_0002_ASM_1_ASM_2_ASM_ASM,3_1_02_120_0002_ASM_1_ASM_2_ASM_ASM,subassembly,2,0,39,,555.8,167.7,54.6,167.7,False,,v2.1_lower_body_latest:1+v2.1_lower_leg_R:1+robstride04:1+120WAIGUAN0310_ASM_1_ASM:1+FL120BLW38-48V-120NM_ASM_1_ASM__ASM:1+3_1_02_120_0002_ASM_1_ASM_2_ASM_ASM:1
1_1_02_EB1201-501_1_1_1,1_1_02_EB1201-501_1_1_1,part,2,11,0,matching A356; Steel,99.2,120.0,120.0,7.0,False,,v2.1_lower_body_latest:1+v2.1_lower_leg_R:1+robstride04:1+120WAIGUAN0310_ASM_1_ASM:1+FL120BLW38-48V-120NM_ASM_1_ASM__ASM:1+3_1_02_120_0002_ASM_1_ASM_2_ASM_ASM:1+1_1_02_EB1201-501_1_1_1:1
1_1_06_EB1203-503_1_1_1,1_1_06_EB1203-503_1_1_1,part,2,34,0,matching A356; Steel,246.7,120.0,120.0,41.3,False,,v2.1_lower_body_latest:1+v2.1_lower_leg_R:1+robstride04:1+120WAIGUAN0310_ASM_1_ASM:1+FL120BLW38-48V-120NM_ASM_1_ASM__ASM:1+3_1_02_120_0002_ASM_1_ASM_2_ASM_ASM:1+1_1_06_EB1203-503_1_1_1:1
1_1_31_EB1203-505_1_1_1,1_1_31_EB1203-505_1_1_1,part,2,1,0,Steel,3.9,14.0,22.3,34.0,False,,v2.1_lower_body_latest:1+v2.1_lower_leg_R:1+robstride04:1+120WAIGUAN0310_ASM_1_ASM:1+FL120BLW38-48V-120NM_ASM_1_ASM__ASM:1+3_1_02_120_0002_ASM_1_ASM_2_ASM_ASM:1+1_1_31_EB1203-505_1_1_1:1
1_2_04_618030_1_1_1,1_2_04_618030_1_1_1,part,2,1,0,Steel,10.8,26.0,5.0,26.0,False,,v2.1_lower_body_latest:1+v2.1_lower_leg_R:1+robstride04:1+120WAIGUAN0310_ASM_1_ASM:1+FL120BLW38-48V-120NM_ASM_1_ASM__ASM:1+3_1_02_120_0002_ASM_1_ASM_2_ASM_ASM:1+1_2_04_618030_1_1_1:1
1_2_04_694000_1_1_1,1_2_04_694000_1_1_1,part,2,1,0,Steel,2.4,11.0,11.0,4.0,False,,v2.1_lower_body_latest:1+v2.1_lower_leg_R:1+robstride04:1+120WAIGUAN0310_ASM_1_ASM:1+FL120BLW38-48V-120NM_ASM_1_ASM__ASM:1+3_1_02_120_0002_ASM_1_ASM_2_ASM_ASM:1+1_2_04_694000_1_1_1:1
1_2_05_000438_1_1_1,1_2_05_000438_1_1_1,part,8,1,0,Steel,0.1,4.1,3.8,3.8,False,,v2.1_lower_body_latest:1+v2.1_lower_leg_R:1+robstride04:1+120WAIGUAN0310_ASM_1_ASM:1+FL120BLW38-48V-120NM_ASM_1_ASM__ASM:1+3_1_02_120_0002_ASM_1_ASM_2_ASM_ASM:1+1_2_05_000438_1_1_1:1
1_2_05_025081_1_1_1,1_2_05_025081_1_1_1,part,24,1,0,Steel,0.3,8.2,4.7,4.7,False,,v2.1_lower_body_latest:1+v2.1_lower_leg_R:1+robstride04:1+120WAIGUAN0310_ASM_1_ASM:1+FL120BLW38-48V-120NM_ASM_1_ASM__ASM:1+3_1_02_120_0002_ASM_1_ASM_2_ASM_ASM:1+1_2_05_025081_1_1_1:1
1_2_05_025121_1_1_1,1_2_05_025121_1_1_1,part,24,1,0,Steel,0.4,12.2,4.7,4.7,False,,v2.1_lower_body_latest:1+v2.1_lower_leg_R:1+robstride04:1+120WAIGUAN0310_ASM_1_ASM:1+FL120BLW38-48V-120NM_ASM_1_ASM__ASM:1+3_1_02_120_0002_ASM_1_ASM_2_ASM_ASM:1+1_2_05_025121_1_1_1:1
1_2_05_030050_1_1_1,1_2_05_030050_1_1_1,part,6,2,0,Steel,0.6,5.6,7.4,5.6,False,,v2.1_lower_body_latest:1+v2.1_lower_leg_R:1+robstride04:1+120WAIGUAN0310_ASM_1_ASM:1+FL120BLW38-48V-120NM_ASM_1_ASM__ASM:1+3_1_02_120_0002_ASM_1_ASM_2_ASM_ASM:1+1_2_05_030050_1_1_1:1
1_2_05_QT-104_1_1_1,1_2_05_QT-104_1_1_1,part,2,1,0,Steel,0.7,3.0,3.0,12.0,False,,v2.1_lower_body_latest:1+v2.1_lower_leg_R:1+robstride04:1+120WAIGUAN0310_ASM_1_ASM:1+FL120BLW38-48V-120NM_ASM_1_ASM__ASM:1+3_1_02_120_0002_ASM_1_ASM_2_ASM_ASM:1+1_2_05_QT-104_1_1_1:1
DIANJIBAN-2_SW0001_1_ASM_2_ASM__ASM,DIANJIBAN-2_SW0001_1_ASM_2_ASM__ASM,subassembly,2,0,1,,55.4,74.0,16.8,80.0,False,,v2.1_lower_body_latest:1+v2.1_lower_leg_R:1+robstride04:1+120WAIGUAN0310_ASM_1_ASM:1+FL120BLW38-48V-120NM_ASM_1_ASM__ASM:1+3_1_02_120_0002_ASM_1_ASM_2_ASM_ASM:1+DIANJIBAN-2_SW0001_1_ASM_2_ASM__ASM:1
DIANJIBAN-2_SW0001_1_1_2_1,DIANJIBAN-2_SW0001_1_1_2_1,part,2,1,0,Discrete Component,55.4,74.0,16.8,80.0,False,,v2.1_lower_body_latest:1+v2.1_lower_leg_R:1+robstride04:1+120WAIGUAN0310_ASM_1_ASM:1+FL120BLW38-48V-120NM_ASM_1_ASM__ASM:1+3_1_02_120_0002_ASM_1_ASM_2_ASM_ASM:1+DIANJIBAN-2_SW0001_1_ASM_2_ASM__ASM:1+DIANJIBAN-2_SW0001_1_1_2_1:1
GP72-9_00_40N_M___20240216_ASM__ASM,GP72-9_00_40N_M___20240216_ASM__ASM,subassembly,2,0,8,,125.6,65.0,65.0,27.5,False,,v2.1_lower_body_latest:1+v2.1_lower_leg_R:1+robstride04:1+120WAIGUAN0310_ASM_1_ASM:1+FL120BLW38-48V-120NM_ASM_1_ASM__ASM:1+3_1_02_120_0002_ASM_1_ASM_2_ASM_ASM:1+GP72-9_00_40N_M___20240216_ASM__ASM:1
1_21_121000046___61810_50__1_1_,1_21_121000046___61810_50__1_1,part,2,1,0,Steel,56.4,7.0,65.0,65.0,False,,v2.1_lower_body_latest:1+v2.1_lower_leg_R:1+robstride04:1+120WAIGUAN0310_ASM_1_ASM:1+FL120BLW38-48V-120NM_ASM_1_ASM__ASM:1+3_1_02_120_0002_ASM_1_ASM_2_ASM_ASM:1+GP72-9_00_40N_M___20240216_ASM__ASM:1+1_21_121000046___61810_50__1_1_:1
1_21_121000047___7_1_1_1,1_21_121000047___7_1_1_1,part,2,1,0,Steel,8.5,6.0,19.0,19.0,False,,v2.1_lower_body_latest:1+v2.1_lower_leg_R:1+robstride04:1+120WAIGUAN0310_ASM_1_ASM:1+FL120BLW38-48V-120NM_ASM_1_ASM__ASM:1+3_1_02_120_0002_ASM_1_ASM_2_ASM_ASM:1+GP72-9_00_40N_M___20240216_ASM__ASM:1+1_21_121000047___7_1_1_1:1
D19_1_1_1,D19_1_1_1,part,2,1,0,Steel,0.2,18.7,18.6,1.1,False,,v2.1_lower_body_latest:1+v2.1_lower_leg_R:1+robstride04:1+120WAIGUAN0310_ASM_1_ASM:1+FL120BLW38-48V-120NM_ASM_1_ASM__ASM:1+3_1_02_120_0002_ASM_1_ASM_2_ASM_ASM:1+GP72-9_00_40N_M___20240216_ASM__ASM:1+D19_1_1_1:1
ROTOR,ROTOR,part,2,1,0,matching A356,39.5,51.9,10.0,52.5,False,,v2.1_lower_body_latest:1+v2.1_lower_leg_R:1+robstride04:1+120WAIGUAN0310_ASM_1_ASM:1+FL120BLW38-48V-120NM_ASM_1_ASM__ASM:1+3_1_02_120_0002_ASM_1_ASM_2_ASM_ASM:1+GP72-9_00_40N_M___20240216_ASM__ASM:1+ROTOR:1
ZYDQHJ_1_1_1,ZYDQHJ_1_1_1,part,2,1,0,Steel,2.7,54.0,53.9,0.8,False,,v2.1_lower_body_latest:1+v2.1_lower_leg_R:1+robstride04:1+120WAIGUAN0310_ASM_1_ASM:1+FL120BLW38-48V-120NM_ASM_1_ASM__ASM:1+3_1_02_120_0002_ASM_1_ASM_2_ASM_ASM:1+GP72-9_00_40N_M___20240216_ASM__ASM:1+ZYDQHJ_1_1_1:1
_PIS72-D6X_1_1_1,PIS72-D6X_1_1_1,part,6,1,0,Steel,6.1,6.0,6.0,27.5,False,,v2.1_lower_body_latest:1+v2.1_lower_leg_R:1+robstride04:1+120WAIGUAN0310_ASM_1_ASM:1+FL120BLW38-48V-120NM_ASM_1_ASM__ASM:1+3_1_02_120_0002_ASM_1_ASM_2_ASM_ASM:1+GP72-9_00_40N_M___20240216_ASM__ASM:1+_PIS72-D6X_1_1_1:1
SR_1__1,SR_1__1,part,2,1,0,FR4,4.0,13.0,13.0,37.0,False,,v2.1_lower_body_latest:1+v2.1_lower_leg_R:1+robstride04:1+120WAIGUAN0310_ASM_1_ASM:1+SR_1__1:1
Component26,Component26,part,2,1,0,core material,878.6,100.0,100.0,33.0,False,,v2.1_lower_body_latest:1+v2.1_lower_leg_R:1+robstride04:1+Component26:1
shanks,shanks,subassembly,1,0,4,,442.5,54.4,101.1,249.9,False,,v2.1_lower_body_latest:1+v2.1_lower_leg_R:1+shanks:1
CNC_leg10_x2_lower_leg_output_shank,CNC_leg10_x2_lower_leg_output_shank,part,1,1,0,Aluminum 6061,249.9,54.4,27.8,249.9,False,,v2.1_lower_body_latest:1+v2.1_lower_leg_R:1+shanks:1+CNC_leg10_x2_lower_leg_output_shank:1
CNC_leg11_x2_lower_leg_support_shank,CNC_leg11_x2_lower_leg_support_shank,part,1,1,0,Aluminum 6061,179.9,54.4,15.6,249.0,False,,v2.1_lower_body_latest:1+v2.1_lower_leg_R:1+shanks:1+CNC_leg11_x2_lower_leg_support_shank:1
CNC_leg12_x4_lower_leg_bearing_cap (1),CNC_leg12_x4_lower_leg_bearing_cap_1,part,1,1,0,Aluminum 6061,6.4,43.0,3.0,43.0,False,,v2.1_lower_body_latest:1+v2.1_lower_leg_R:1+shanks:1+CNC_leg12_x4_lower_leg_bearing_cap (1):1
CNC_leg12_x4_lower_leg_bearing_cap,CNC_leg12_x4_lower_leg_bearing_cap,part,1,1,0,Aluminum 6061,6.4,43.0,3.0,43.0,False,,v2.1_lower_body_latest:1+v2.1_lower_leg_R:1+shanks:1+CNC_leg12_x4_lower_leg_bearing_cap:1
