ISO-10303-21;
HEADER;
/* Generated by software containing ST-Developer
 * from STEP Tools, Inc. (www.steptools.com) 
 */

FILE_DESCRIPTION(
/* description */ (''),
/* implementation_level */ '2;1');

FILE_NAME(
/* name */ 'foot_front~2.step',
/* time_stamp */ '2026-09-19T16:55:58-04:00',
/* author */ (''),
/* organization */ (''),
/* preprocessor_version */ 'ST-DEVELOPER v20.2',
/* originating_system */ 'Autodesk Translation Framework v15.15.0.0',
/* authorisation */ '');

FILE_SCHEMA (('AUTOMOTIVE_DESIGN { 1 0 10303 214 3 1 1 }'));
ENDSEC;

DATA;
#10=MECHANICAL_DESIGN_GEOMETRIC_PRESENTATION_REPRESENTATION('',(#13),#2086);
#11=SHAPE_REPRESENTATION_RELATIONSHIP('SRR','None',#2093,#12);
#12=ADVANCED_BREP_SHAPE_REPRESENTATION('',(#14),#2085);
#13=STYLED_ITEM('',(#2103),#14);
#14=MANIFOLD_SOLID_BREP('Body5',#1054);
#15=FACE_BOUND('',#163,.T.);
#16=FACE_BOUND('',#164,.T.);
#17=FACE_BOUND('',#165,.T.);
#18=FACE_BOUND('',#166,.T.);
#19=FACE_BOUND('',#186,.T.);
#20=FACE_BOUND('',#187,.T.);
#21=FACE_BOUND('',#188,.T.);
#22=FACE_BOUND('',#189,.T.);
#23=TOROIDAL_SURFACE('',#1080,105.,5.);
#24=TOROIDAL_SURFACE('',#1099,99.5,0.5);
#25=TOROIDAL_SURFACE('',#1104,100.5,0.5);
#26=TOROIDAL_SURFACE('',#1116,99.,1.);
#27=TOROIDAL_SURFACE('',#1119,101.,1.);
#28=TOROIDAL_SURFACE('',#1142,26.5000000000001,5.);
#29=TOROIDAL_SURFACE('',#1147,105.,5.);
#30=TOROIDAL_SURFACE('',#1173,99.5,0.5);
#31=TOROIDAL_SURFACE('',#1178,100.5,0.5);
#32=TOROIDAL_SURFACE('',#1190,99.,1.);
#33=TOROIDAL_SURFACE('',#1192,101.,1.);
#34=TOROIDAL_SURFACE('',#1196,24.0000000000001,1.);
#35=TOROIDAL_SURFACE('',#1200,24.5000000000001,0.5);
#36=B_SPLINE_CURVE_WITH_KNOTS('',3,(#1590,#1591,#1592,#1593),
 .UNSPECIFIED.,.F.,.F.,(4,4),(0.,0.124977610566859),.UNSPECIFIED.);
#37=B_SPLINE_CURVE_WITH_KNOTS('',3,(#1596,#1597,#1598,#1599),
 .UNSPECIFIED.,.F.,.F.,(4,4),(-0.124977610566859,0.),.UNSPECIFIED.);
#38=B_SPLINE_CURVE_WITH_KNOTS('',3,(#1651,#1652,#1653,#1654,#1655,#1656,
#1657,#1658,#1659,#1660),.UNSPECIFIED.,.F.,.F.,(4,2,1,1,1,1,4),(-0.00426062299848315,
0.,0.456964702620364,0.913929405240728,1.37089410786109,1.82785881048146,
2.28482351310182),.UNSPECIFIED.);
#39=B_SPLINE_CURVE_WITH_KNOTS('',3,(#1661,#1662,#1663,#1664,#1665,#1666,
#1667,#1668,#1669,#1670),.UNSPECIFIED.,.F.,.F.,(4,1,1,1,1,2,4),(-2.28482351310182,
-1.82785881048146,-1.37089410786109,-0.913929405240728,-0.456964702620364,
0.,0.00426062299848315),.UNSPECIFIED.);
#40=B_SPLINE_CURVE_WITH_KNOTS('',3,(#1753,#1754,#1755,#1756),
 .UNSPECIFIED.,.F.,.F.,(4,4),(-0.836940485751546,-0.157122946910098),
 .UNSPECIFIED.);
#41=B_SPLINE_CURVE_WITH_KNOTS('',3,(#1774,#1775,#1776,#1777,#1778,#1779),
 .UNSPECIFIED.,.F.,.F.,(4,2,4),(0.,0.429156446204342,0.894078570042841),
 .UNSPECIFIED.);
#42=B_SPLINE_CURVE_WITH_KNOTS('',3,(#1871,#1872,#1873,#1874),
 .UNSPECIFIED.,.F.,.F.,(4,4),(-0.124977610566859,0.),.UNSPECIFIED.);
#43=B_SPLINE_CURVE_WITH_KNOTS('',3,(#1877,#1878,#1879,#1880),
 .UNSPECIFIED.,.F.,.F.,(4,4),(0.,0.124977610566859),.UNSPECIFIED.);
#44=B_SPLINE_CURVE_WITH_KNOTS('',3,(#1932,#1933,#1934,#1935,#1936,#1937,
#1938,#1939,#1940,#1941),.UNSPECIFIED.,.F.,.F.,(4,1,1,1,1,2,4),(-2.28482351310182,
-1.82785881048146,-1.37089410786109,-0.913929405240728,-0.456964702620364,
0.,0.00426062299848315),.UNSPECIFIED.);
#45=B_SPLINE_CURVE_WITH_KNOTS('',3,(#1942,#1943,#1944,#1945,#1946,#1947,
#1948,#1949,#1950,#1951),.UNSPECIFIED.,.F.,.F.,(4,2,1,1,1,1,4),(-0.00426062299848315,
0.,0.456964702620364,0.913929405240728,1.37089410786109,1.82785881048146,
2.28482351310182),.UNSPECIFIED.);
#46=B_SPLINE_CURVE_WITH_KNOTS('',3,(#1991,#1992,#1993,#1994,#1995,#1996),
 .UNSPECIFIED.,.F.,.F.,(4,2,4),(0.,0.429156446204342,0.894078570042841),
 .UNSPECIFIED.);
#47=B_SPLINE_CURVE_WITH_KNOTS('',3,(#2050,#2051,#2052,#2053),
 .UNSPECIFIED.,.F.,.F.,(4,4),(-0.836940485751546,-0.157122946910098),
 .UNSPECIFIED.);
#48=B_SPLINE_SURFACE_WITH_KNOTS('',3,3,((#1562,#1563,#1564,#1565),(#1566,
#1567,#1568,#1569),(#1570,#1571,#1572,#1573),(#1574,#1575,#1576,#1577),
(#1578,#1579,#1580,#1581),(#1582,#1583,#1584,#1585)),.UNSPECIFIED.,.F.,
 .F.,.F.,(4,1,1,4),(4,4),(0.,0.285714285714286,0.571428571428571,1.),(0.,
0.124977610566859),.UNSPECIFIED.);
#49=B_SPLINE_SURFACE_WITH_KNOTS('',3,3,((#1600,#1601,#1602,#1603,#1604,
#1605,#1606,#1607,#1608,#1609),(#1610,#1611,#1612,#1613,#1614,#1615,#1616,
#1617,#1618,#1619),(#1620,#1621,#1622,#1623,#1624,#1625,#1626,#1627,#1628,
#1629),(#1630,#1631,#1632,#1633,#1634,#1635,#1636,#1637,#1638,#1639),(#1640,
#1641,#1642,#1643,#1644,#1645,#1646,#1647,#1648,#1649)),.UNSPECIFIED.,.F.,
 .F.,.F.,(4,1,4),(4,2,1,1,1,1,4),(0.,0.571428571428571,1.),(-0.00426062299848315,
0.,0.456964702620364,0.913929405240728,1.37089410786109,1.82785881048146,
2.28482351310182),.UNSPECIFIED.);
#50=B_SPLINE_SURFACE_WITH_KNOTS('',3,3,((#1757,#1758,#1759,#1760),(#1761,
#1762,#1763,#1764),(#1765,#1766,#1767,#1768),(#1769,#1770,#1771,#1772)),
 .UNSPECIFIED.,.F.,.F.,.F.,(4,4),(4,4),(0.666113305889724,1.),(0.157122946910098,
0.836940485751546),.UNSPECIFIED.);
#51=B_SPLINE_SURFACE_WITH_KNOTS('',3,3,((#1844,#1845,#1846,#1847),(#1848,
#1849,#1850,#1851),(#1852,#1853,#1854,#1855),(#1856,#1857,#1858,#1859),
(#1860,#1861,#1862,#1863),(#1864,#1865,#1866,#1867)),.UNSPECIFIED.,.F.,
 .F.,.F.,(4,1,1,4),(4,4),(0.,0.285714285714286,0.571428571428571,1.),(0.,
0.124977610566859),.UNSPECIFIED.);
#52=B_SPLINE_SURFACE_WITH_KNOTS('',3,3,((#1881,#1882,#1883,#1884,#1885,
#1886,#1887,#1888,#1889,#1890),(#1891,#1892,#1893,#1894,#1895,#1896,#1897,
#1898,#1899,#1900),(#1901,#1902,#1903,#1904,#1905,#1906,#1907,#1908,#1909,
#1910),(#1911,#1912,#1913,#1914,#1915,#1916,#1917,#1918,#1919,#1920),(#1921,
#1922,#1923,#1924,#1925,#1926,#1927,#1928,#1929,#1930)),.UNSPECIFIED.,.F.,
 .F.,.F.,(4,1,4),(4,2,1,1,1,1,4),(0.,0.571428571428571,1.),(-0.00426062299848315,
0.,0.456964702620364,0.913929405240728,1.37089410786109,1.82785881048146,
2.28482351310182),.UNSPECIFIED.);
#53=B_SPLINE_SURFACE_WITH_KNOTS('',3,3,((#2055,#2056,#2057,#2058),(#2059,
#2060,#2061,#2062),(#2063,#2064,#2065,#2066),(#2067,#2068,#2069,#2070)),
 .UNSPECIFIED.,.F.,.F.,.F.,(4,4),(4,4),(0.666113305889724,1.),(0.157122946910098,
0.836940485751546),.UNSPECIFIED.);
#54=PLANE('',#1074);
#55=PLANE('',#1092);
#56=PLANE('',#1095);
#57=PLANE('',#1111);
#58=PLANE('',#1133);
#59=PLANE('',#1134);
#60=PLANE('',#1138);
#61=PLANE('',#1139);
#62=PLANE('',#1159);
#63=PLANE('',#1160);
#64=PLANE('',#1167);
#65=PLANE('',#1169);
#66=PLANE('',#1183);
#67=PLANE('',#1186);
#68=FACE_OUTER_BOUND('',#130,.T.);
#69=FACE_OUTER_BOUND('',#131,.T.);
#70=FACE_OUTER_BOUND('',#132,.T.);
#71=FACE_OUTER_BOUND('',#133,.T.);
#72=FACE_OUTER_BOUND('',#134,.T.);
#73=FACE_OUTER_BOUND('',#135,.T.);
#74=FACE_OUTER_BOUND('',#136,.T.);
#75=FACE_OUTER_BOUND('',#137,.T.);
#76=FACE_OUTER_BOUND('',#138,.T.);
#77=FACE_OUTER_BOUND('',#139,.T.);
#78=FACE_OUTER_BOUND('',#140,.T.);
#79=FACE_OUTER_BOUND('',#141,.T.);
#80=FACE_OUTER_BOUND('',#142,.T.);
#81=FACE_OUTER_BOUND('',#143,.T.);
#82=FACE_OUTER_BOUND('',#144,.T.);
#83=FACE_OUTER_BOUND('',#145,.T.);
#84=FACE_OUTER_BOUND('',#146,.T.);
#85=FACE_OUTER_BOUND('',#147,.T.);
#86=FACE_OUTER_BOUND('',#148,.T.);
#87=FACE_OUTER_BOUND('',#149,.T.);
#88=FACE_OUTER_BOUND('',#150,.T.);
#89=FACE_OUTER_BOUND('',#151,.T.);
#90=FACE_OUTER_BOUND('',#152,.T.);
#91=FACE_OUTER_BOUND('',#153,.T.);
#92=FACE_OUTER_BOUND('',#154,.T.);
#93=FACE_OUTER_BOUND('',#155,.T.);
#94=FACE_OUTER_BOUND('',#156,.T.);
#95=FACE_OUTER_BOUND('',#157,.T.);
#96=FACE_OUTER_BOUND('',#158,.T.);
#97=FACE_OUTER_BOUND('',#159,.T.);
#98=FACE_OUTER_BOUND('',#160,.T.);
#99=FACE_OUTER_BOUND('',#161,.T.);
#100=FACE_OUTER_BOUND('',#162,.T.);
#101=FACE_OUTER_BOUND('',#167,.T.);
#102=FACE_OUTER_BOUND('',#168,.T.);
#103=FACE_OUTER_BOUND('',#169,.T.);
#104=FACE_OUTER_BOUND('',#170,.T.);
#105=FACE_OUTER_BOUND('',#171,.T.);
#106=FACE_OUTER_BOUND('',#172,.T.);
#107=FACE_OUTER_BOUND('',#173,.T.);
#108=FACE_OUTER_BOUND('',#174,.T.);
#109=FACE_OUTER_BOUND('',#175,.T.);
#110=FACE_OUTER_BOUND('',#176,.T.);
#111=FACE_OUTER_BOUND('',#177,.T.);
#112=FACE_OUTER_BOUND('',#178,.T.);
#113=FACE_OUTER_BOUND('',#179,.T.);
#114=FACE_OUTER_BOUND('',#180,.T.);
#115=FACE_OUTER_BOUND('',#181,.T.);
#116=FACE_OUTER_BOUND('',#182,.T.);
#117=FACE_OUTER_BOUND('',#183,.T.);
#118=FACE_OUTER_BOUND('',#184,.T.);
#119=FACE_OUTER_BOUND('',#185,.T.);
#120=FACE_OUTER_BOUND('',#190,.T.);
#121=FACE_OUTER_BOUND('',#191,.T.);
#122=FACE_OUTER_BOUND('',#192,.T.);
#123=FACE_OUTER_BOUND('',#193,.T.);
#124=FACE_OUTER_BOUND('',#194,.T.);
#125=FACE_OUTER_BOUND('',#195,.T.);
#126=FACE_OUTER_BOUND('',#196,.T.);
#127=FACE_OUTER_BOUND('',#197,.T.);
#128=FACE_OUTER_BOUND('',#198,.T.);
#129=FACE_OUTER_BOUND('',#199,.T.);
#130=EDGE_LOOP('',(#655,#656,#657,#658));
#131=EDGE_LOOP('',(#659,#660,#661,#662));
#132=EDGE_LOOP('',(#663,#664,#665,#666));
#133=EDGE_LOOP('',(#667,#668,#669,#670));
#134=EDGE_LOOP('',(#671,#672,#673,#674));
#135=EDGE_LOOP('',(#675,#676,#677));
#136=EDGE_LOOP('',(#678,#679,#680,#681));
#137=EDGE_LOOP('',(#682,#683,#684,#685));
#138=EDGE_LOOP('',(#686,#687,#688,#689,#690));
#139=EDGE_LOOP('',(#691,#692,#693));
#140=EDGE_LOOP('',(#694,#695,#696,#697));
#141=EDGE_LOOP('',(#698,#699,#700,#701));
#142=EDGE_LOOP('',(#702,#703,#704,#705,#706));
#143=EDGE_LOOP('',(#707,#708,#709,#710));
#144=EDGE_LOOP('',(#711,#712,#713,#714));
#145=EDGE_LOOP('',(#715,#716,#717,#718));
#146=EDGE_LOOP('',(#719,#720,#721,#722));
#147=EDGE_LOOP('',(#723,#724,#725,#726));
#148=EDGE_LOOP('',(#727,#728,#729,#730));
#149=EDGE_LOOP('',(#731,#732,#733,#734));
#150=EDGE_LOOP('',(#735,#736,#737,#738,#739,#740));
#151=EDGE_LOOP('',(#741,#742,#743));
#152=EDGE_LOOP('',(#744,#745,#746,#747));
#153=EDGE_LOOP('',(#748,#749,#750,#751));
#154=EDGE_LOOP('',(#752,#753,#754,#755));
#155=EDGE_LOOP('',(#756,#757,#758,#759));
#156=EDGE_LOOP('',(#760,#761,#762,#763));
#157=EDGE_LOOP('',(#764,#765,#766,#767));
#158=EDGE_LOOP('',(#768,#769,#770,#771));
#159=EDGE_LOOP('',(#772,#773,#774,#775));
#160=EDGE_LOOP('',(#776,#777,#778,#779));
#161=EDGE_LOOP('',(#780,#781,#782,#783));
#162=EDGE_LOOP('',(#784,#785,#786,#787,#788,#789));
#163=EDGE_LOOP('',(#790));
#164=EDGE_LOOP('',(#791));
#165=EDGE_LOOP('',(#792,#793,#794,#795,#796,#797,#798,#799));
#166=EDGE_LOOP('',(#800));
#167=EDGE_LOOP('',(#801,#802,#803,#804));
#168=EDGE_LOOP('',(#805,#806,#807,#808));
#169=EDGE_LOOP('',(#809,#810,#811));
#170=EDGE_LOOP('',(#812,#813,#814,#815));
#171=EDGE_LOOP('',(#816,#817,#818,#819,#820,#821));
#172=EDGE_LOOP('',(#822,#823,#824,#825));
#173=EDGE_LOOP('',(#826,#827,#828,#829,#830));
#174=EDGE_LOOP('',(#831,#832,#833));
#175=EDGE_LOOP('',(#834,#835,#836,#837));
#176=EDGE_LOOP('',(#838,#839,#840,#841));
#177=EDGE_LOOP('',(#842,#843,#844,#845,#846,#847,#848,#849,#850,#851,#852,
#853,#854,#855,#856,#857,#858,#859,#860,#861,#862,#863));
#178=EDGE_LOOP('',(#864,#865,#866,#867,#868));
#179=EDGE_LOOP('',(#869,#870,#871,#872,#873,#874,#875,#876,#877,#878,#879,
#880));
#180=EDGE_LOOP('',(#881,#882,#883,#884));
#181=EDGE_LOOP('',(#885,#886,#887,#888));
#182=EDGE_LOOP('',(#889,#890,#891,#892));
#183=EDGE_LOOP('',(#893,#894,#895,#896));
#184=EDGE_LOOP('',(#897,#898,#899,#900));
#185=EDGE_LOOP('',(#901,#902,#903,#904,#905,#906,#907,#908,#909,#910));
#186=EDGE_LOOP('',(#911));
#187=EDGE_LOOP('',(#912));
#188=EDGE_LOOP('',(#913));
#189=EDGE_LOOP('',(#914,#915,#916,#917,#918,#919,#920,#921));
#190=EDGE_LOOP('',(#922,#923,#924,#925));
#191=EDGE_LOOP('',(#926,#927,#928,#929));
#192=EDGE_LOOP('',(#930,#931,#932,#933,#934,#935));
#193=EDGE_LOOP('',(#936,#937,#938));
#194=EDGE_LOOP('',(#939,#940,#941,#942));
#195=EDGE_LOOP('',(#943,#944,#945,#946));
#196=EDGE_LOOP('',(#947,#948,#949,#950));
#197=EDGE_LOOP('',(#951,#952,#953,#954));
#198=EDGE_LOOP('',(#955,#956,#957,#958));
#199=EDGE_LOOP('',(#959,#960,#961,#962));
#200=LINE('',#1539,#265);
#201=LINE('',#1546,#266);
#202=LINE('',#1549,#267);
#203=LINE('',#1552,#268);
#204=LINE('',#1554,#269);
#205=LINE('',#1555,#270);
#206=LINE('',#1561,#271);
#207=LINE('',#1682,#272);
#208=LINE('',#1685,#273);
#209=LINE('',#1687,#274);
#210=LINE('',#1688,#275);
#211=LINE('',#1693,#276);
#212=LINE('',#1697,#277);
#213=LINE('',#1699,#278);
#214=LINE('',#1700,#279);
#215=LINE('',#1703,#280);
#216=LINE('',#1708,#281);
#217=LINE('',#1710,#282);
#218=LINE('',#1712,#283);
#219=LINE('',#1713,#284);
#220=LINE('',#1719,#285);
#221=LINE('',#1735,#286);
#222=LINE('',#1740,#287);
#223=LINE('',#1741,#288);
#224=LINE('',#1745,#289);
#225=LINE('',#1746,#290);
#226=LINE('',#1747,#291);
#227=LINE('',#1791,#292);
#228=LINE('',#1797,#293);
#229=LINE('',#1803,#294);
#230=LINE('',#1810,#295);
#231=LINE('',#1813,#296);
#232=LINE('',#1816,#297);
#233=LINE('',#1818,#298);
#234=LINE('',#1819,#299);
#235=LINE('',#1821,#300);
#236=LINE('',#1822,#301);
#237=LINE('',#1827,#302);
#238=LINE('',#1830,#303);
#239=LINE('',#1831,#304);
#240=LINE('',#1838,#305);
#241=LINE('',#1839,#306);
#242=LINE('',#1958,#307);
#243=LINE('',#1959,#308);
#244=LINE('',#1965,#309);
#245=LINE('',#1967,#310);
#246=LINE('',#1973,#311);
#247=LINE('',#1976,#312);
#248=LINE('',#1978,#313);
#249=LINE('',#1979,#314);
#250=LINE('',#1981,#315);
#251=LINE('',#1985,#316);
#252=LINE('',#2000,#317);
#253=LINE('',#2001,#318);
#254=LINE('',#2006,#319);
#255=LINE('',#2009,#320);
#256=LINE('',#2013,#321);
#257=LINE('',#2015,#322);
#258=LINE('',#2017,#323);
#259=LINE('',#2018,#324);
#260=LINE('',#2023,#325);
#261=LINE('',#2040,#326);
#262=LINE('',#2043,#327);
#263=LINE('',#2045,#328);
#264=LINE('',#2047,#329);
#265=VECTOR('',#1207,17.5);
#266=VECTOR('',#1214,10.);
#267=VECTOR('',#1217,10.);
#268=VECTOR('',#1220,10.);
#269=VECTOR('',#1221,10.);
#270=VECTOR('',#1222,10.);
#271=VECTOR('',#1229,10.);
#272=VECTOR('',#1246,10.);
#273=VECTOR('',#1249,10.);
#274=VECTOR('',#1252,10.);
#275=VECTOR('',#1253,10.);
#276=VECTOR('',#1260,100.);
#277=VECTOR('',#1265,10.);
#278=VECTOR('',#1266,10.);
#279=VECTOR('',#1267,10.);
#280=VECTOR('',#1270,10.);
#281=VECTOR('',#1275,10.);
#282=VECTOR('',#1276,10.);
#283=VECTOR('',#1277,10.);
#284=VECTOR('',#1278,100.);
#285=VECTOR('',#1285,10.);
#286=VECTOR('',#1306,10.);
#287=VECTOR('',#1311,10.);
#288=VECTOR('',#1312,10.);
#289=VECTOR('',#1315,10.);
#290=VECTOR('',#1316,10.);
#291=VECTOR('',#1317,10.);
#292=VECTOR('',#1340,10.);
#293=VECTOR('',#1347,2.25);
#294=VECTOR('',#1354,2.25);
#295=VECTOR('',#1361,10.);
#296=VECTOR('',#1364,10.);
#297=VECTOR('',#1367,10.);
#298=VECTOR('',#1368,10.);
#299=VECTOR('',#1369,10.);
#300=VECTOR('',#1372,10.);
#301=VECTOR('',#1373,10.);
#302=VECTOR('',#1378,10.);
#303=VECTOR('',#1383,10.);
#304=VECTOR('',#1384,10.);
#305=VECTOR('',#1391,10.);
#306=VECTOR('',#1392,10.);
#307=VECTOR('',#1411,10.);
#308=VECTOR('',#1412,10.);
#309=VECTOR('',#1419,10.);
#310=VECTOR('',#1422,10.);
#311=VECTOR('',#1431,100.);
#312=VECTOR('',#1434,10.);
#313=VECTOR('',#1435,10.);
#314=VECTOR('',#1436,10.);
#315=VECTOR('',#1439,10.);
#316=VECTOR('',#1442,10.);
#317=VECTOR('',#1449,10.);
#318=VECTOR('',#1450,10.);
#319=VECTOR('',#1457,10.);
#320=VECTOR('',#1460,10.);
#321=VECTOR('',#1463,10.);
#322=VECTOR('',#1464,100.);
#323=VECTOR('',#1465,10.);
#324=VECTOR('',#1466,10.);
#325=VECTOR('',#1471,10.);
#326=VECTOR('',#1494,10.);
#327=VECTOR('',#1499,10.);
#328=VECTOR('',#1502,10.);
#329=VECTOR('',#1505,10.);
#330=CIRCLE('',#1069,17.5);
#331=CIRCLE('',#1070,17.5);
#332=CIRCLE('',#1072,2.);
#333=CIRCLE('',#1073,2.00000000000003);
#334=CIRCLE('',#1076,2.);
#335=CIRCLE('',#1077,1.99999999999999);
#336=CIRCLE('',#1078,5.);
#337=CIRCLE('',#1079,5.00000000000001);
#338=CIRCLE('',#1081,100.);
#339=CIRCLE('',#1082,4.99999999999998);
#340=CIRCLE('',#1083,105.);
#341=CIRCLE('',#1085,99.9999999999997);
#342=CIRCLE('',#1086,100.);
#343=CIRCLE('',#1089,100.);
#344=CIRCLE('',#1091,100.);
#345=CIRCLE('',#1094,7.99999999999999);
#346=CIRCLE('',#1097,100.);
#347=CIRCLE('',#1098,100.);
#348=CIRCLE('',#1100,0.500000000000007);
#349=CIRCLE('',#1101,99.5);
#350=CIRCLE('',#1102,0.500000000000007);
#351=CIRCLE('',#1103,100.);
#352=CIRCLE('',#1105,100.5);
#353=CIRCLE('',#1106,0.500000000000007);
#354=CIRCLE('',#1108,0.500000000000078);
#355=CIRCLE('',#1110,0.5);
#356=CIRCLE('',#1113,100.);
#357=CIRCLE('',#1114,100.);
#358=CIRCLE('',#1115,0.999999999999996);
#359=CIRCLE('',#1117,99.8660254037399);
#360=CIRCLE('',#1118,0.999999999999996);
#361=CIRCLE('',#1120,100.13397459626);
#362=CIRCLE('',#1121,0.999999999999996);
#363=CIRCLE('',#1123,0.999999999999996);
#364=CIRCLE('',#1125,2.25);
#365=CIRCLE('',#1126,2.25);
#366=CIRCLE('',#1128,2.25);
#367=CIRCLE('',#1129,2.25);
#368=CIRCLE('',#1131,2.);
#369=CIRCLE('',#1132,2.00000000000003);
#370=CIRCLE('',#1136,2.);
#371=CIRCLE('',#1137,1.99999999999999);
#372=CIRCLE('',#1140,26.5000000000001);
#373=CIRCLE('',#1141,105.);
#374=CIRCLE('',#1143,31.5000000000001);
#375=CIRCLE('',#1144,4.99999999999998);
#376=CIRCLE('',#1145,5.);
#377=CIRCLE('',#1146,5.00000000000001);
#378=CIRCLE('',#1148,100.);
#379=CIRCLE('',#1150,31.5000000000001);
#380=CIRCLE('',#1152,99.9999999999997);
#381=CIRCLE('',#1153,100.);
#382=CIRCLE('',#1156,100.);
#383=CIRCLE('',#1158,100.);
#384=CIRCLE('',#1161,24.86602540374);
#385=CIRCLE('',#1162,100.13397459626);
#386=CIRCLE('',#1163,99.8660254037399);
#387=CIRCLE('',#1164,100.);
#388=CIRCLE('',#1166,7.99999999999999);
#389=CIRCLE('',#1168,0.5);
#390=CIRCLE('',#1171,100.);
#391=CIRCLE('',#1172,100.);
#392=CIRCLE('',#1174,0.500000000000007);
#393=CIRCLE('',#1175,100.);
#394=CIRCLE('',#1176,0.500000000000007);
#395=CIRCLE('',#1177,99.5);
#396=CIRCLE('',#1179,0.500000000000007);
#397=CIRCLE('',#1180,100.5);
#398=CIRCLE('',#1182,0.500000000000078);
#399=CIRCLE('',#1184,24.5000000000001);
#400=CIRCLE('',#1188,100.);
#401=CIRCLE('',#1189,0.999999999999996);
#402=CIRCLE('',#1191,0.999999999999996);
#403=CIRCLE('',#1193,0.999999999999996);
#404=CIRCLE('',#1195,0.999999999999996);
#405=CIRCLE('',#1197,25.0000000000001);
#406=CIRCLE('',#1199,25.0000000000001);
#407=VERTEX_POINT('',#1536);
#408=VERTEX_POINT('',#1538);
#409=VERTEX_POINT('',#1542);
#410=VERTEX_POINT('',#1543);
#411=VERTEX_POINT('',#1545);
#412=VERTEX_POINT('',#1547);
#413=VERTEX_POINT('',#1551);
#414=VERTEX_POINT('',#1553);
#415=VERTEX_POINT('',#1557);
#416=VERTEX_POINT('',#1559);
#417=VERTEX_POINT('',#1586);
#418=VERTEX_POINT('',#1587);
#419=VERTEX_POINT('',#1589);
#420=VERTEX_POINT('',#1594);
#421=VERTEX_POINT('',#1650);
#422=VERTEX_POINT('',#1672);
#423=VERTEX_POINT('',#1674);
#424=VERTEX_POINT('',#1678);
#425=VERTEX_POINT('',#1679);
#426=VERTEX_POINT('',#1681);
#427=VERTEX_POINT('',#1683);
#428=VERTEX_POINT('',#1692);
#429=VERTEX_POINT('',#1696);
#430=VERTEX_POINT('',#1698);
#431=VERTEX_POINT('',#1702);
#432=VERTEX_POINT('',#1706);
#433=VERTEX_POINT('',#1707);
#434=VERTEX_POINT('',#1709);
#435=VERTEX_POINT('',#1711);
#436=VERTEX_POINT('',#1715);
#437=VERTEX_POINT('',#1717);
#438=VERTEX_POINT('',#1721);
#439=VERTEX_POINT('',#1722);
#440=VERTEX_POINT('',#1724);
#441=VERTEX_POINT('',#1729);
#442=VERTEX_POINT('',#1733);
#443=VERTEX_POINT('',#1737);
#444=VERTEX_POINT('',#1738);
#445=VERTEX_POINT('',#1743);
#446=VERTEX_POINT('',#1744);
#447=VERTEX_POINT('',#1749);
#448=VERTEX_POINT('',#1751);
#449=VERTEX_POINT('',#1773);
#450=VERTEX_POINT('',#1782);
#451=VERTEX_POINT('',#1786);
#452=VERTEX_POINT('',#1790);
#453=VERTEX_POINT('',#1794);
#454=VERTEX_POINT('',#1796);
#455=VERTEX_POINT('',#1800);
#456=VERTEX_POINT('',#1802);
#457=VERTEX_POINT('',#1806);
#458=VERTEX_POINT('',#1807);
#459=VERTEX_POINT('',#1809);
#460=VERTEX_POINT('',#1811);
#461=VERTEX_POINT('',#1815);
#462=VERTEX_POINT('',#1817);
#463=VERTEX_POINT('',#1824);
#464=VERTEX_POINT('',#1826);
#465=VERTEX_POINT('',#1833);
#466=VERTEX_POINT('',#1835);
#467=VERTEX_POINT('',#1837);
#468=VERTEX_POINT('',#1841);
#469=VERTEX_POINT('',#1868);
#470=VERTEX_POINT('',#1870);
#471=VERTEX_POINT('',#1875);
#472=VERTEX_POINT('',#1931);
#473=VERTEX_POINT('',#1955);
#474=VERTEX_POINT('',#1957);
#475=VERTEX_POINT('',#1961);
#476=VERTEX_POINT('',#1963);
#477=VERTEX_POINT('',#1971);
#478=VERTEX_POINT('',#1975);
#479=VERTEX_POINT('',#1977);
#480=VERTEX_POINT('',#1982);
#481=VERTEX_POINT('',#1984);
#482=VERTEX_POINT('',#1986);
#483=VERTEX_POINT('',#1988);
#484=VERTEX_POINT('',#1990);
#485=VERTEX_POINT('',#1997);
#486=VERTEX_POINT('',#1999);
#487=VERTEX_POINT('',#2005);
#488=VERTEX_POINT('',#2007);
#489=VERTEX_POINT('',#2011);
#490=VERTEX_POINT('',#2012);
#491=VERTEX_POINT('',#2014);
#492=VERTEX_POINT('',#2016);
#493=VERTEX_POINT('',#2020);
#494=VERTEX_POINT('',#2022);
#495=VERTEX_POINT('',#2026);
#496=VERTEX_POINT('',#2027);
#497=VERTEX_POINT('',#2030);
#498=VERTEX_POINT('',#2034);
#499=VERTEX_POINT('',#2038);
#500=VERTEX_POINT('',#2049);
#501=EDGE_CURVE('',#407,#407,#330,.T.);
#502=EDGE_CURVE('',#407,#408,#200,.T.);
#503=EDGE_CURVE('',#408,#408,#331,.T.);
#504=EDGE_CURVE('',#409,#410,#332,.T.);
#505=EDGE_CURVE('',#411,#409,#201,.T.);
#506=EDGE_CURVE('',#411,#412,#333,.T.);
#507=EDGE_CURVE('',#412,#410,#202,.T.);
#508=EDGE_CURVE('',#413,#410,#203,.T.);
#509=EDGE_CURVE('',#412,#414,#204,.T.);
#510=EDGE_CURVE('',#414,#413,#205,.T.);
#511=EDGE_CURVE('',#413,#415,#334,.T.);
#512=EDGE_CURVE('',#414,#416,#335,.T.);
#513=EDGE_CURVE('',#416,#415,#206,.T.);
#514=EDGE_CURVE('',#417,#418,#336,.T.);
#515=EDGE_CURVE('',#419,#417,#36,.T.);
#516=EDGE_CURVE('',#420,#419,#337,.T.);
#517=EDGE_CURVE('',#418,#420,#37,.T.);
#518=EDGE_CURVE('',#421,#419,#38,.T.);
#519=EDGE_CURVE('',#420,#421,#39,.T.);
#520=EDGE_CURVE('',#422,#418,#338,.T.);
#521=EDGE_CURVE('',#422,#423,#339,.T.);
#522=EDGE_CURVE('',#417,#423,#340,.T.);
#523=EDGE_CURVE('',#424,#425,#341,.T.);
#524=EDGE_CURVE('',#426,#424,#207,.T.);
#525=EDGE_CURVE('',#427,#426,#342,.T.);
#526=EDGE_CURVE('',#425,#427,#208,.T.);
#527=EDGE_CURVE('',#424,#420,#209,.T.);
#528=EDGE_CURVE('',#422,#425,#210,.T.);
#529=EDGE_CURVE('',#421,#424,#343,.T.);
#530=EDGE_CURVE('',#428,#421,#211,.T.);
#531=EDGE_CURVE('',#426,#428,#344,.T.);
#532=EDGE_CURVE('',#429,#421,#212,.T.);
#533=EDGE_CURVE('',#430,#429,#213,.T.);
#534=EDGE_CURVE('',#430,#428,#214,.T.);
#535=EDGE_CURVE('',#417,#431,#215,.T.);
#536=EDGE_CURVE('',#431,#429,#345,.T.);
#537=EDGE_CURVE('',#432,#433,#216,.T.);
#538=EDGE_CURVE('',#433,#434,#217,.T.);
#539=EDGE_CURVE('',#434,#435,#218,.T.);
#540=EDGE_CURVE('',#435,#432,#219,.T.);
#541=EDGE_CURVE('',#436,#432,#346,.T.);
#542=EDGE_CURVE('',#435,#437,#347,.T.);
#543=EDGE_CURVE('',#437,#436,#220,.T.);
#544=EDGE_CURVE('',#438,#439,#348,.T.);
#545=EDGE_CURVE('',#440,#438,#349,.T.);
#546=EDGE_CURVE('',#440,#436,#350,.T.);
#547=EDGE_CURVE('',#439,#436,#351,.T.);
#548=EDGE_CURVE('',#441,#440,#352,.T.);
#549=EDGE_CURVE('',#441,#432,#353,.T.);
#550=EDGE_CURVE('',#433,#442,#354,.T.);
#551=EDGE_CURVE('',#442,#441,#221,.T.);
#552=EDGE_CURVE('',#443,#444,#355,.T.);
#553=EDGE_CURVE('',#438,#444,#222,.T.);
#554=EDGE_CURVE('',#443,#439,#223,.T.);
#555=EDGE_CURVE('',#445,#446,#224,.T.);
#556=EDGE_CURVE('',#446,#443,#225,.T.);
#557=EDGE_CURVE('',#439,#445,#226,.T.);
#558=EDGE_CURVE('',#447,#445,#356,.T.);
#559=EDGE_CURVE('',#437,#448,#357,.T.);
#560=EDGE_CURVE('',#448,#447,#40,.T.);
#561=EDGE_CURVE('',#449,#447,#41,.T.);
#562=EDGE_CURVE('',#449,#448,#358,.T.);
#563=EDGE_CURVE('',#450,#449,#359,.T.);
#564=EDGE_CURVE('',#450,#437,#360,.T.);
#565=EDGE_CURVE('',#451,#450,#361,.T.);
#566=EDGE_CURVE('',#451,#435,#362,.T.);
#567=EDGE_CURVE('',#452,#451,#227,.T.);
#568=EDGE_CURVE('',#452,#434,#363,.T.);
#569=EDGE_CURVE('',#453,#453,#364,.T.);
#570=EDGE_CURVE('',#453,#454,#228,.T.);
#571=EDGE_CURVE('',#454,#454,#365,.T.);
#572=EDGE_CURVE('',#455,#455,#366,.T.);
#573=EDGE_CURVE('',#455,#456,#229,.T.);
#574=EDGE_CURVE('',#456,#456,#367,.T.);
#575=EDGE_CURVE('',#457,#458,#368,.T.);
#576=EDGE_CURVE('',#459,#458,#230,.T.);
#577=EDGE_CURVE('',#460,#459,#369,.T.);
#578=EDGE_CURVE('',#460,#457,#231,.T.);
#579=EDGE_CURVE('',#461,#458,#232,.T.);
#580=EDGE_CURVE('',#462,#461,#233,.T.);
#581=EDGE_CURVE('',#459,#462,#234,.T.);
#582=EDGE_CURVE('',#457,#409,#235,.T.);
#583=EDGE_CURVE('',#411,#460,#236,.T.);
#584=EDGE_CURVE('',#461,#463,#370,.T.);
#585=EDGE_CURVE('',#464,#463,#237,.T.);
#586=EDGE_CURVE('',#462,#464,#371,.T.);
#587=EDGE_CURVE('',#463,#415,#238,.T.);
#588=EDGE_CURVE('',#416,#464,#239,.T.);
#589=EDGE_CURVE('',#465,#423,#372,.T.);
#590=EDGE_CURVE('',#466,#465,#373,.T.);
#591=EDGE_CURVE('',#466,#467,#240,.T.);
#592=EDGE_CURVE('',#467,#431,#241,.T.);
#593=EDGE_CURVE('',#422,#468,#374,.T.);
#594=EDGE_CURVE('',#468,#465,#375,.T.);
#595=EDGE_CURVE('',#466,#469,#376,.T.);
#596=EDGE_CURVE('',#469,#470,#42,.T.);
#597=EDGE_CURVE('',#470,#471,#377,.T.);
#598=EDGE_CURVE('',#471,#466,#43,.T.);
#599=EDGE_CURVE('',#470,#472,#44,.T.);
#600=EDGE_CURVE('',#472,#471,#45,.T.);
#601=EDGE_CURVE('',#468,#469,#378,.T.);
#602=EDGE_CURVE('',#473,#427,#379,.T.);
#603=EDGE_CURVE('',#474,#473,#242,.T.);
#604=EDGE_CURVE('',#468,#474,#243,.T.);
#605=EDGE_CURVE('',#475,#474,#380,.T.);
#606=EDGE_CURVE('',#473,#476,#381,.T.);
#607=EDGE_CURVE('',#476,#475,#244,.T.);
#608=EDGE_CURVE('',#475,#470,#245,.T.);
#609=EDGE_CURVE('',#472,#475,#382,.T.);
#610=EDGE_CURVE('',#476,#477,#383,.T.);
#611=EDGE_CURVE('',#477,#472,#246,.T.);
#612=EDGE_CURVE('',#478,#477,#247,.T.);
#613=EDGE_CURVE('',#478,#479,#248,.T.);
#614=EDGE_CURVE('',#479,#472,#249,.T.);
#615=EDGE_CURVE('',#446,#430,#250,.T.);
#616=EDGE_CURVE('',#452,#480,#384,.T.);
#617=EDGE_CURVE('',#480,#481,#251,.T.);
#618=EDGE_CURVE('',#481,#482,#385,.T.);
#619=EDGE_CURVE('',#482,#483,#386,.T.);
#620=EDGE_CURVE('',#483,#484,#46,.T.);
#621=EDGE_CURVE('',#484,#485,#387,.T.);
#622=EDGE_CURVE('',#485,#486,#252,.T.);
#623=EDGE_CURVE('',#486,#478,#253,.T.);
#624=EDGE_CURVE('',#467,#479,#388,.T.);
#625=EDGE_CURVE('',#486,#487,#254,.T.);
#626=EDGE_CURVE('',#487,#488,#389,.T.);
#627=EDGE_CURVE('',#444,#488,#255,.T.);
#628=EDGE_CURVE('',#489,#490,#256,.T.);
#629=EDGE_CURVE('',#491,#489,#257,.T.);
#630=EDGE_CURVE('',#492,#491,#258,.T.);
#631=EDGE_CURVE('',#490,#492,#259,.T.);
#632=EDGE_CURVE('',#493,#489,#390,.T.);
#633=EDGE_CURVE('',#494,#493,#260,.T.);
#634=EDGE_CURVE('',#491,#494,#391,.T.);
#635=EDGE_CURVE('',#495,#496,#392,.T.);
#636=EDGE_CURVE('',#496,#493,#393,.T.);
#637=EDGE_CURVE('',#497,#493,#394,.T.);
#638=EDGE_CURVE('',#497,#495,#395,.T.);
#639=EDGE_CURVE('',#498,#489,#396,.T.);
#640=EDGE_CURVE('',#498,#497,#397,.T.);
#641=EDGE_CURVE('',#490,#499,#398,.T.);
#642=EDGE_CURVE('',#499,#498,#261,.T.);
#643=EDGE_CURVE('',#442,#499,#399,.T.);
#644=EDGE_CURVE('',#495,#488,#262,.T.);
#645=EDGE_CURVE('',#487,#496,#263,.T.);
#646=EDGE_CURVE('',#496,#485,#264,.T.);
#647=EDGE_CURVE('',#500,#484,#47,.T.);
#648=EDGE_CURVE('',#494,#500,#400,.T.);
#649=EDGE_CURVE('',#483,#500,#401,.T.);
#650=EDGE_CURVE('',#482,#494,#402,.T.);
#651=EDGE_CURVE('',#481,#491,#403,.T.);
#652=EDGE_CURVE('',#480,#492,#404,.T.);
#653=EDGE_CURVE('',#492,#434,#405,.T.);
#654=EDGE_CURVE('',#490,#433,#406,.T.);
#655=ORIENTED_EDGE('',*,*,#501,.F.);
#656=ORIENTED_EDGE('',*,*,#502,.T.);
#657=ORIENTED_EDGE('',*,*,#503,.F.);
#658=ORIENTED_EDGE('',*,*,#502,.F.);
#659=ORIENTED_EDGE('',*,*,#504,.F.);
#660=ORIENTED_EDGE('',*,*,#505,.F.);
#661=ORIENTED_EDGE('',*,*,#506,.T.);
#662=ORIENTED_EDGE('',*,*,#507,.T.);
#663=ORIENTED_EDGE('',*,*,#508,.T.);
#664=ORIENTED_EDGE('',*,*,#507,.F.);
#665=ORIENTED_EDGE('',*,*,#509,.T.);
#666=ORIENTED_EDGE('',*,*,#510,.T.);
#667=ORIENTED_EDGE('',*,*,#511,.F.);
#668=ORIENTED_EDGE('',*,*,#510,.F.);
#669=ORIENTED_EDGE('',*,*,#512,.T.);
#670=ORIENTED_EDGE('',*,*,#513,.T.);
#671=ORIENTED_EDGE('',*,*,#514,.F.);
#672=ORIENTED_EDGE('',*,*,#515,.F.);
#673=ORIENTED_EDGE('',*,*,#516,.F.);
#674=ORIENTED_EDGE('',*,*,#517,.F.);
#675=ORIENTED_EDGE('',*,*,#516,.T.);
#676=ORIENTED_EDGE('',*,*,#518,.F.);
#677=ORIENTED_EDGE('',*,*,#519,.F.);
#678=ORIENTED_EDGE('',*,*,#514,.T.);
#679=ORIENTED_EDGE('',*,*,#520,.F.);
#680=ORIENTED_EDGE('',*,*,#521,.T.);
#681=ORIENTED_EDGE('',*,*,#522,.F.);
#682=ORIENTED_EDGE('',*,*,#523,.F.);
#683=ORIENTED_EDGE('',*,*,#524,.F.);
#684=ORIENTED_EDGE('',*,*,#525,.F.);
#685=ORIENTED_EDGE('',*,*,#526,.F.);
#686=ORIENTED_EDGE('',*,*,#520,.T.);
#687=ORIENTED_EDGE('',*,*,#517,.T.);
#688=ORIENTED_EDGE('',*,*,#527,.F.);
#689=ORIENTED_EDGE('',*,*,#523,.T.);
#690=ORIENTED_EDGE('',*,*,#528,.F.);
#691=ORIENTED_EDGE('',*,*,#519,.T.);
#692=ORIENTED_EDGE('',*,*,#529,.T.);
#693=ORIENTED_EDGE('',*,*,#527,.T.);
#694=ORIENTED_EDGE('',*,*,#524,.T.);
#695=ORIENTED_EDGE('',*,*,#529,.F.);
#696=ORIENTED_EDGE('',*,*,#530,.F.);
#697=ORIENTED_EDGE('',*,*,#531,.F.);
#698=ORIENTED_EDGE('',*,*,#530,.T.);
#699=ORIENTED_EDGE('',*,*,#532,.F.);
#700=ORIENTED_EDGE('',*,*,#533,.F.);
#701=ORIENTED_EDGE('',*,*,#534,.T.);
#702=ORIENTED_EDGE('',*,*,#518,.T.);
#703=ORIENTED_EDGE('',*,*,#515,.T.);
#704=ORIENTED_EDGE('',*,*,#535,.T.);
#705=ORIENTED_EDGE('',*,*,#536,.T.);
#706=ORIENTED_EDGE('',*,*,#532,.T.);
#707=ORIENTED_EDGE('',*,*,#537,.T.);
#708=ORIENTED_EDGE('',*,*,#538,.T.);
#709=ORIENTED_EDGE('',*,*,#539,.T.);
#710=ORIENTED_EDGE('',*,*,#540,.T.);
#711=ORIENTED_EDGE('',*,*,#541,.T.);
#712=ORIENTED_EDGE('',*,*,#540,.F.);
#713=ORIENTED_EDGE('',*,*,#542,.T.);
#714=ORIENTED_EDGE('',*,*,#543,.T.);
#715=ORIENTED_EDGE('',*,*,#544,.F.);
#716=ORIENTED_EDGE('',*,*,#545,.F.);
#717=ORIENTED_EDGE('',*,*,#546,.T.);
#718=ORIENTED_EDGE('',*,*,#547,.F.);
#719=ORIENTED_EDGE('',*,*,#546,.F.);
#720=ORIENTED_EDGE('',*,*,#548,.F.);
#721=ORIENTED_EDGE('',*,*,#549,.T.);
#722=ORIENTED_EDGE('',*,*,#541,.F.);
#723=ORIENTED_EDGE('',*,*,#550,.F.);
#724=ORIENTED_EDGE('',*,*,#537,.F.);
#725=ORIENTED_EDGE('',*,*,#549,.F.);
#726=ORIENTED_EDGE('',*,*,#551,.F.);
#727=ORIENTED_EDGE('',*,*,#552,.T.);
#728=ORIENTED_EDGE('',*,*,#553,.F.);
#729=ORIENTED_EDGE('',*,*,#544,.T.);
#730=ORIENTED_EDGE('',*,*,#554,.F.);
#731=ORIENTED_EDGE('',*,*,#555,.T.);
#732=ORIENTED_EDGE('',*,*,#556,.T.);
#733=ORIENTED_EDGE('',*,*,#554,.T.);
#734=ORIENTED_EDGE('',*,*,#557,.T.);
#735=ORIENTED_EDGE('',*,*,#558,.T.);
#736=ORIENTED_EDGE('',*,*,#557,.F.);
#737=ORIENTED_EDGE('',*,*,#547,.T.);
#738=ORIENTED_EDGE('',*,*,#543,.F.);
#739=ORIENTED_EDGE('',*,*,#559,.T.);
#740=ORIENTED_EDGE('',*,*,#560,.T.);
#741=ORIENTED_EDGE('',*,*,#561,.T.);
#742=ORIENTED_EDGE('',*,*,#560,.F.);
#743=ORIENTED_EDGE('',*,*,#562,.F.);
#744=ORIENTED_EDGE('',*,*,#563,.T.);
#745=ORIENTED_EDGE('',*,*,#562,.T.);
#746=ORIENTED_EDGE('',*,*,#559,.F.);
#747=ORIENTED_EDGE('',*,*,#564,.F.);
#748=ORIENTED_EDGE('',*,*,#565,.T.);
#749=ORIENTED_EDGE('',*,*,#564,.T.);
#750=ORIENTED_EDGE('',*,*,#542,.F.);
#751=ORIENTED_EDGE('',*,*,#566,.F.);
#752=ORIENTED_EDGE('',*,*,#567,.T.);
#753=ORIENTED_EDGE('',*,*,#566,.T.);
#754=ORIENTED_EDGE('',*,*,#539,.F.);
#755=ORIENTED_EDGE('',*,*,#568,.F.);
#756=ORIENTED_EDGE('',*,*,#569,.F.);
#757=ORIENTED_EDGE('',*,*,#570,.T.);
#758=ORIENTED_EDGE('',*,*,#571,.F.);
#759=ORIENTED_EDGE('',*,*,#570,.F.);
#760=ORIENTED_EDGE('',*,*,#572,.F.);
#761=ORIENTED_EDGE('',*,*,#573,.T.);
#762=ORIENTED_EDGE('',*,*,#574,.T.);
#763=ORIENTED_EDGE('',*,*,#573,.F.);
#764=ORIENTED_EDGE('',*,*,#575,.T.);
#765=ORIENTED_EDGE('',*,*,#576,.F.);
#766=ORIENTED_EDGE('',*,*,#577,.F.);
#767=ORIENTED_EDGE('',*,*,#578,.T.);
#768=ORIENTED_EDGE('',*,*,#579,.F.);
#769=ORIENTED_EDGE('',*,*,#580,.F.);
#770=ORIENTED_EDGE('',*,*,#581,.F.);
#771=ORIENTED_EDGE('',*,*,#576,.T.);
#772=ORIENTED_EDGE('',*,*,#582,.F.);
#773=ORIENTED_EDGE('',*,*,#578,.F.);
#774=ORIENTED_EDGE('',*,*,#583,.F.);
#775=ORIENTED_EDGE('',*,*,#505,.T.);
#776=ORIENTED_EDGE('',*,*,#584,.T.);
#777=ORIENTED_EDGE('',*,*,#585,.F.);
#778=ORIENTED_EDGE('',*,*,#586,.F.);
#779=ORIENTED_EDGE('',*,*,#580,.T.);
#780=ORIENTED_EDGE('',*,*,#587,.T.);
#781=ORIENTED_EDGE('',*,*,#513,.F.);
#782=ORIENTED_EDGE('',*,*,#588,.T.);
#783=ORIENTED_EDGE('',*,*,#585,.T.);
#784=ORIENTED_EDGE('',*,*,#589,.F.);
#785=ORIENTED_EDGE('',*,*,#590,.F.);
#786=ORIENTED_EDGE('',*,*,#591,.T.);
#787=ORIENTED_EDGE('',*,*,#592,.T.);
#788=ORIENTED_EDGE('',*,*,#535,.F.);
#789=ORIENTED_EDGE('',*,*,#522,.T.);
#790=ORIENTED_EDGE('',*,*,#503,.T.);
#791=ORIENTED_EDGE('',*,*,#574,.F.);
#792=ORIENTED_EDGE('',*,*,#583,.T.);
#793=ORIENTED_EDGE('',*,*,#577,.T.);
#794=ORIENTED_EDGE('',*,*,#581,.T.);
#795=ORIENTED_EDGE('',*,*,#586,.T.);
#796=ORIENTED_EDGE('',*,*,#588,.F.);
#797=ORIENTED_EDGE('',*,*,#512,.F.);
#798=ORIENTED_EDGE('',*,*,#509,.F.);
#799=ORIENTED_EDGE('',*,*,#506,.F.);
#800=ORIENTED_EDGE('',*,*,#571,.T.);
#801=ORIENTED_EDGE('',*,*,#593,.T.);
#802=ORIENTED_EDGE('',*,*,#594,.T.);
#803=ORIENTED_EDGE('',*,*,#589,.T.);
#804=ORIENTED_EDGE('',*,*,#521,.F.);
#805=ORIENTED_EDGE('',*,*,#595,.T.);
#806=ORIENTED_EDGE('',*,*,#596,.T.);
#807=ORIENTED_EDGE('',*,*,#597,.T.);
#808=ORIENTED_EDGE('',*,*,#598,.T.);
#809=ORIENTED_EDGE('',*,*,#597,.F.);
#810=ORIENTED_EDGE('',*,*,#599,.T.);
#811=ORIENTED_EDGE('',*,*,#600,.T.);
#812=ORIENTED_EDGE('',*,*,#595,.F.);
#813=ORIENTED_EDGE('',*,*,#590,.T.);
#814=ORIENTED_EDGE('',*,*,#594,.F.);
#815=ORIENTED_EDGE('',*,*,#601,.T.);
#816=ORIENTED_EDGE('',*,*,#593,.F.);
#817=ORIENTED_EDGE('',*,*,#528,.T.);
#818=ORIENTED_EDGE('',*,*,#526,.T.);
#819=ORIENTED_EDGE('',*,*,#602,.F.);
#820=ORIENTED_EDGE('',*,*,#603,.F.);
#821=ORIENTED_EDGE('',*,*,#604,.F.);
#822=ORIENTED_EDGE('',*,*,#605,.T.);
#823=ORIENTED_EDGE('',*,*,#603,.T.);
#824=ORIENTED_EDGE('',*,*,#606,.T.);
#825=ORIENTED_EDGE('',*,*,#607,.T.);
#826=ORIENTED_EDGE('',*,*,#601,.F.);
#827=ORIENTED_EDGE('',*,*,#604,.T.);
#828=ORIENTED_EDGE('',*,*,#605,.F.);
#829=ORIENTED_EDGE('',*,*,#608,.T.);
#830=ORIENTED_EDGE('',*,*,#596,.F.);
#831=ORIENTED_EDGE('',*,*,#599,.F.);
#832=ORIENTED_EDGE('',*,*,#608,.F.);
#833=ORIENTED_EDGE('',*,*,#609,.F.);
#834=ORIENTED_EDGE('',*,*,#607,.F.);
#835=ORIENTED_EDGE('',*,*,#610,.T.);
#836=ORIENTED_EDGE('',*,*,#611,.T.);
#837=ORIENTED_EDGE('',*,*,#609,.T.);
#838=ORIENTED_EDGE('',*,*,#611,.F.);
#839=ORIENTED_EDGE('',*,*,#612,.F.);
#840=ORIENTED_EDGE('',*,*,#613,.T.);
#841=ORIENTED_EDGE('',*,*,#614,.T.);
#842=ORIENTED_EDGE('',*,*,#602,.T.);
#843=ORIENTED_EDGE('',*,*,#525,.T.);
#844=ORIENTED_EDGE('',*,*,#531,.T.);
#845=ORIENTED_EDGE('',*,*,#534,.F.);
#846=ORIENTED_EDGE('',*,*,#615,.F.);
#847=ORIENTED_EDGE('',*,*,#555,.F.);
#848=ORIENTED_EDGE('',*,*,#558,.F.);
#849=ORIENTED_EDGE('',*,*,#561,.F.);
#850=ORIENTED_EDGE('',*,*,#563,.F.);
#851=ORIENTED_EDGE('',*,*,#565,.F.);
#852=ORIENTED_EDGE('',*,*,#567,.F.);
#853=ORIENTED_EDGE('',*,*,#616,.T.);
#854=ORIENTED_EDGE('',*,*,#617,.T.);
#855=ORIENTED_EDGE('',*,*,#618,.T.);
#856=ORIENTED_EDGE('',*,*,#619,.T.);
#857=ORIENTED_EDGE('',*,*,#620,.T.);
#858=ORIENTED_EDGE('',*,*,#621,.T.);
#859=ORIENTED_EDGE('',*,*,#622,.T.);
#860=ORIENTED_EDGE('',*,*,#623,.T.);
#861=ORIENTED_EDGE('',*,*,#612,.T.);
#862=ORIENTED_EDGE('',*,*,#610,.F.);
#863=ORIENTED_EDGE('',*,*,#606,.F.);
#864=ORIENTED_EDGE('',*,*,#600,.F.);
#865=ORIENTED_EDGE('',*,*,#614,.F.);
#866=ORIENTED_EDGE('',*,*,#624,.F.);
#867=ORIENTED_EDGE('',*,*,#591,.F.);
#868=ORIENTED_EDGE('',*,*,#598,.F.);
#869=ORIENTED_EDGE('',*,*,#624,.T.);
#870=ORIENTED_EDGE('',*,*,#613,.F.);
#871=ORIENTED_EDGE('',*,*,#623,.F.);
#872=ORIENTED_EDGE('',*,*,#625,.T.);
#873=ORIENTED_EDGE('',*,*,#626,.T.);
#874=ORIENTED_EDGE('',*,*,#627,.F.);
#875=ORIENTED_EDGE('',*,*,#552,.F.);
#876=ORIENTED_EDGE('',*,*,#556,.F.);
#877=ORIENTED_EDGE('',*,*,#615,.T.);
#878=ORIENTED_EDGE('',*,*,#533,.T.);
#879=ORIENTED_EDGE('',*,*,#536,.F.);
#880=ORIENTED_EDGE('',*,*,#592,.F.);
#881=ORIENTED_EDGE('',*,*,#628,.F.);
#882=ORIENTED_EDGE('',*,*,#629,.F.);
#883=ORIENTED_EDGE('',*,*,#630,.F.);
#884=ORIENTED_EDGE('',*,*,#631,.F.);
#885=ORIENTED_EDGE('',*,*,#632,.F.);
#886=ORIENTED_EDGE('',*,*,#633,.F.);
#887=ORIENTED_EDGE('',*,*,#634,.F.);
#888=ORIENTED_EDGE('',*,*,#629,.T.);
#889=ORIENTED_EDGE('',*,*,#635,.T.);
#890=ORIENTED_EDGE('',*,*,#636,.T.);
#891=ORIENTED_EDGE('',*,*,#637,.F.);
#892=ORIENTED_EDGE('',*,*,#638,.T.);
#893=ORIENTED_EDGE('',*,*,#637,.T.);
#894=ORIENTED_EDGE('',*,*,#632,.T.);
#895=ORIENTED_EDGE('',*,*,#639,.F.);
#896=ORIENTED_EDGE('',*,*,#640,.T.);
#897=ORIENTED_EDGE('',*,*,#641,.T.);
#898=ORIENTED_EDGE('',*,*,#642,.T.);
#899=ORIENTED_EDGE('',*,*,#639,.T.);
#900=ORIENTED_EDGE('',*,*,#628,.T.);
#901=ORIENTED_EDGE('',*,*,#643,.F.);
#902=ORIENTED_EDGE('',*,*,#551,.T.);
#903=ORIENTED_EDGE('',*,*,#548,.T.);
#904=ORIENTED_EDGE('',*,*,#545,.T.);
#905=ORIENTED_EDGE('',*,*,#553,.T.);
#906=ORIENTED_EDGE('',*,*,#627,.T.);
#907=ORIENTED_EDGE('',*,*,#644,.F.);
#908=ORIENTED_EDGE('',*,*,#638,.F.);
#909=ORIENTED_EDGE('',*,*,#640,.F.);
#910=ORIENTED_EDGE('',*,*,#642,.F.);
#911=ORIENTED_EDGE('',*,*,#501,.T.);
#912=ORIENTED_EDGE('',*,*,#569,.T.);
#913=ORIENTED_EDGE('',*,*,#572,.T.);
#914=ORIENTED_EDGE('',*,*,#582,.T.);
#915=ORIENTED_EDGE('',*,*,#504,.T.);
#916=ORIENTED_EDGE('',*,*,#508,.F.);
#917=ORIENTED_EDGE('',*,*,#511,.T.);
#918=ORIENTED_EDGE('',*,*,#587,.F.);
#919=ORIENTED_EDGE('',*,*,#584,.F.);
#920=ORIENTED_EDGE('',*,*,#579,.T.);
#921=ORIENTED_EDGE('',*,*,#575,.F.);
#922=ORIENTED_EDGE('',*,*,#626,.F.);
#923=ORIENTED_EDGE('',*,*,#645,.T.);
#924=ORIENTED_EDGE('',*,*,#635,.F.);
#925=ORIENTED_EDGE('',*,*,#644,.T.);
#926=ORIENTED_EDGE('',*,*,#622,.F.);
#927=ORIENTED_EDGE('',*,*,#646,.F.);
#928=ORIENTED_EDGE('',*,*,#645,.F.);
#929=ORIENTED_EDGE('',*,*,#625,.F.);
#930=ORIENTED_EDGE('',*,*,#621,.F.);
#931=ORIENTED_EDGE('',*,*,#647,.F.);
#932=ORIENTED_EDGE('',*,*,#648,.F.);
#933=ORIENTED_EDGE('',*,*,#633,.T.);
#934=ORIENTED_EDGE('',*,*,#636,.F.);
#935=ORIENTED_EDGE('',*,*,#646,.T.);
#936=ORIENTED_EDGE('',*,*,#620,.F.);
#937=ORIENTED_EDGE('',*,*,#649,.T.);
#938=ORIENTED_EDGE('',*,*,#647,.T.);
#939=ORIENTED_EDGE('',*,*,#619,.F.);
#940=ORIENTED_EDGE('',*,*,#650,.T.);
#941=ORIENTED_EDGE('',*,*,#648,.T.);
#942=ORIENTED_EDGE('',*,*,#649,.F.);
#943=ORIENTED_EDGE('',*,*,#618,.F.);
#944=ORIENTED_EDGE('',*,*,#651,.T.);
#945=ORIENTED_EDGE('',*,*,#634,.T.);
#946=ORIENTED_EDGE('',*,*,#650,.F.);
#947=ORIENTED_EDGE('',*,*,#617,.F.);
#948=ORIENTED_EDGE('',*,*,#652,.T.);
#949=ORIENTED_EDGE('',*,*,#630,.T.);
#950=ORIENTED_EDGE('',*,*,#651,.F.);
#951=ORIENTED_EDGE('',*,*,#653,.F.);
#952=ORIENTED_EDGE('',*,*,#652,.F.);
#953=ORIENTED_EDGE('',*,*,#616,.F.);
#954=ORIENTED_EDGE('',*,*,#568,.T.);
#955=ORIENTED_EDGE('',*,*,#654,.F.);
#956=ORIENTED_EDGE('',*,*,#631,.T.);
#957=ORIENTED_EDGE('',*,*,#653,.T.);
#958=ORIENTED_EDGE('',*,*,#538,.F.);
#959=ORIENTED_EDGE('',*,*,#643,.T.);
#960=ORIENTED_EDGE('',*,*,#641,.F.);
#961=ORIENTED_EDGE('',*,*,#654,.T.);
#962=ORIENTED_EDGE('',*,*,#550,.T.);
#963=CYLINDRICAL_SURFACE('',#1068,17.5);
#964=CYLINDRICAL_SURFACE('',#1071,2.00000000000003);
#965=CYLINDRICAL_SURFACE('',#1075,1.99999999999999);
#966=CYLINDRICAL_SURFACE('',#1084,100.);
#967=CYLINDRICAL_SURFACE('',#1087,100.);
#968=CYLINDRICAL_SURFACE('',#1088,100.);
#969=CYLINDRICAL_SURFACE('',#1090,100.);
#970=CYLINDRICAL_SURFACE('',#1093,7.99999999999999);
#971=CYLINDRICAL_SURFACE('',#1096,100.);
#972=CYLINDRICAL_SURFACE('',#1107,0.5);
#973=CYLINDRICAL_SURFACE('',#1109,0.5);
#974=CYLINDRICAL_SURFACE('',#1112,100.);
#975=CYLINDRICAL_SURFACE('',#1122,1.);
#976=CYLINDRICAL_SURFACE('',#1124,2.25);
#977=CYLINDRICAL_SURFACE('',#1127,2.25);
#978=CYLINDRICAL_SURFACE('',#1130,2.00000000000003);
#979=CYLINDRICAL_SURFACE('',#1135,1.99999999999999);
#980=CYLINDRICAL_SURFACE('',#1149,31.5000000000001);
#981=CYLINDRICAL_SURFACE('',#1151,100.);
#982=CYLINDRICAL_SURFACE('',#1154,100.);
#983=CYLINDRICAL_SURFACE('',#1155,100.);
#984=CYLINDRICAL_SURFACE('',#1157,100.);
#985=CYLINDRICAL_SURFACE('',#1165,7.99999999999999);
#986=CYLINDRICAL_SURFACE('',#1170,100.);
#987=CYLINDRICAL_SURFACE('',#1181,0.5);
#988=CYLINDRICAL_SURFACE('',#1185,0.5);
#989=CYLINDRICAL_SURFACE('',#1187,100.);
#990=CYLINDRICAL_SURFACE('',#1194,1.);
#991=CYLINDRICAL_SURFACE('',#1198,25.0000000000001);
#992=ADVANCED_FACE('',(#68),#963,.F.);
#993=ADVANCED_FACE('',(#69),#964,.F.);
#994=ADVANCED_FACE('',(#70),#54,.T.);
#995=ADVANCED_FACE('',(#71),#965,.F.);
#996=ADVANCED_FACE('',(#72),#48,.T.);
#997=ADVANCED_FACE('',(#73),#49,.T.);
#998=ADVANCED_FACE('',(#74),#23,.T.);
#999=ADVANCED_FACE('',(#75),#966,.F.);
#1000=ADVANCED_FACE('',(#76),#967,.F.);
#1001=ADVANCED_FACE('',(#77),#968,.T.);
#1002=ADVANCED_FACE('',(#78),#969,.T.);
#1003=ADVANCED_FACE('',(#79),#55,.F.);
#1004=ADVANCED_FACE('',(#80),#970,.T.);
#1005=ADVANCED_FACE('',(#81),#56,.F.);
#1006=ADVANCED_FACE('',(#82),#971,.T.);
#1007=ADVANCED_FACE('',(#83),#24,.F.);
#1008=ADVANCED_FACE('',(#84),#25,.F.);
#1009=ADVANCED_FACE('',(#85),#972,.F.);
#1010=ADVANCED_FACE('',(#86),#973,.F.);
#1011=ADVANCED_FACE('',(#87),#57,.F.);
#1012=ADVANCED_FACE('',(#88),#974,.F.);
#1013=ADVANCED_FACE('',(#89),#50,.T.);
#1014=ADVANCED_FACE('',(#90),#26,.F.);
#1015=ADVANCED_FACE('',(#91),#27,.F.);
#1016=ADVANCED_FACE('',(#92),#975,.F.);
#1017=ADVANCED_FACE('',(#93),#976,.F.);
#1018=ADVANCED_FACE('',(#94),#977,.F.);
#1019=ADVANCED_FACE('',(#95),#978,.F.);
#1020=ADVANCED_FACE('',(#96),#58,.F.);
#1021=ADVANCED_FACE('',(#97),#59,.F.);
#1022=ADVANCED_FACE('',(#98),#979,.F.);
#1023=ADVANCED_FACE('',(#99),#60,.F.);
#1024=ADVANCED_FACE('',(#100,#15,#16,#17,#18),#61,.T.);
#1025=ADVANCED_FACE('',(#101),#28,.T.);
#1026=ADVANCED_FACE('',(#102),#51,.F.);
#1027=ADVANCED_FACE('',(#103),#52,.F.);
#1028=ADVANCED_FACE('',(#104),#29,.T.);
#1029=ADVANCED_FACE('',(#105),#980,.T.);
#1030=ADVANCED_FACE('',(#106),#981,.F.);
#1031=ADVANCED_FACE('',(#107),#982,.F.);
#1032=ADVANCED_FACE('',(#108),#983,.T.);
#1033=ADVANCED_FACE('',(#109),#984,.T.);
#1034=ADVANCED_FACE('',(#110),#62,.T.);
#1035=ADVANCED_FACE('',(#111),#63,.F.);
#1036=ADVANCED_FACE('',(#112),#985,.T.);
#1037=ADVANCED_FACE('',(#113),#64,.T.);
#1038=ADVANCED_FACE('',(#114),#65,.T.);
#1039=ADVANCED_FACE('',(#115),#986,.T.);
#1040=ADVANCED_FACE('',(#116),#30,.F.);
#1041=ADVANCED_FACE('',(#117),#31,.F.);
#1042=ADVANCED_FACE('',(#118),#987,.F.);
#1043=ADVANCED_FACE('',(#119,#19,#20,#21,#22),#66,.F.);
#1044=ADVANCED_FACE('',(#120),#988,.F.);
#1045=ADVANCED_FACE('',(#121),#67,.T.);
#1046=ADVANCED_FACE('',(#122),#989,.F.);
#1047=ADVANCED_FACE('',(#123),#53,.F.);
#1048=ADVANCED_FACE('',(#124),#32,.F.);
#1049=ADVANCED_FACE('',(#125),#33,.F.);
#1050=ADVANCED_FACE('',(#126),#990,.F.);
#1051=ADVANCED_FACE('',(#127),#34,.F.);
#1052=ADVANCED_FACE('',(#128),#991,.F.);
#1053=ADVANCED_FACE('',(#129),#35,.F.);
#1054=CLOSED_SHELL('',(#992,#993,#994,#995,#996,#997,#998,#999,#1000,#1001,
#1002,#1003,#1004,#1005,#1006,#1007,#1008,#1009,#1010,#1011,#1012,#1013,
#1014,#1015,#1016,#1017,#1018,#1019,#1020,#1021,#1022,#1023,#1024,#1025,
#1026,#1027,#1028,#1029,#1030,#1031,#1032,#1033,#1034,#1035,#1036,#1037,
#1038,#1039,#1040,#1041,#1042,#1043,#1044,#1045,#1046,#1047,#1048,#1049,
#1050,#1051,#1052,#1053));
#1055=DERIVED_UNIT_ELEMENT(#1057,1.);
#1056=DERIVED_UNIT_ELEMENT(#2088,-3.);
#1057=(
MASS_UNIT()
NAMED_UNIT(*)
SI_UNIT(.KILO.,.GRAM.)
);
#1058=DERIVED_UNIT((#1055,#1056));
#1059=MEASURE_REPRESENTATION_ITEM('density measure',
POSITIVE_RATIO_MEASURE(7850.),#1058);
#1060=PROPERTY_DEFINITION_REPRESENTATION(#1065,#1062);
#1061=PROPERTY_DEFINITION_REPRESENTATION(#1066,#1063);
#1062=REPRESENTATION('material name',(#1064),#2085);
#1063=REPRESENTATION('density',(#1059),#2085);
#1064=DESCRIPTIVE_REPRESENTATION_ITEM('Steel','Steel');
#1065=PROPERTY_DEFINITION('material property','material name',#2095);
#1066=PROPERTY_DEFINITION('material property','density of part',#2095);
#1067=AXIS2_PLACEMENT_3D('',#1534,#1201,#1202);
#1068=AXIS2_PLACEMENT_3D('',#1535,#1203,#1204);
#1069=AXIS2_PLACEMENT_3D('',#1537,#1205,#1206);
#1070=AXIS2_PLACEMENT_3D('',#1540,#1208,#1209);
#1071=AXIS2_PLACEMENT_3D('',#1541,#1210,#1211);
#1072=AXIS2_PLACEMENT_3D('',#1544,#1212,#1213);
#1073=AXIS2_PLACEMENT_3D('',#1548,#1215,#1216);
#1074=AXIS2_PLACEMENT_3D('',#1550,#1218,#1219);
#1075=AXIS2_PLACEMENT_3D('',#1556,#1223,#1224);
#1076=AXIS2_PLACEMENT_3D('',#1558,#1225,#1226);
#1077=AXIS2_PLACEMENT_3D('',#1560,#1227,#1228);
#1078=AXIS2_PLACEMENT_3D('',#1588,#1230,#1231);
#1079=AXIS2_PLACEMENT_3D('',#1595,#1232,#1233);
#1080=AXIS2_PLACEMENT_3D('',#1671,#1234,#1235);
#1081=AXIS2_PLACEMENT_3D('',#1673,#1236,#1237);
#1082=AXIS2_PLACEMENT_3D('',#1675,#1238,#1239);
#1083=AXIS2_PLACEMENT_3D('',#1676,#1240,#1241);
#1084=AXIS2_PLACEMENT_3D('',#1677,#1242,#1243);
#1085=AXIS2_PLACEMENT_3D('',#1680,#1244,#1245);
#1086=AXIS2_PLACEMENT_3D('',#1684,#1247,#1248);
#1087=AXIS2_PLACEMENT_3D('',#1686,#1250,#1251);
#1088=AXIS2_PLACEMENT_3D('',#1689,#1254,#1255);
#1089=AXIS2_PLACEMENT_3D('',#1690,#1256,#1257);
#1090=AXIS2_PLACEMENT_3D('',#1691,#1258,#1259);
#1091=AXIS2_PLACEMENT_3D('',#1694,#1261,#1262);
#1092=AXIS2_PLACEMENT_3D('',#1695,#1263,#1264);
#1093=AXIS2_PLACEMENT_3D('',#1701,#1268,#1269);
#1094=AXIS2_PLACEMENT_3D('',#1704,#1271,#1272);
#1095=AXIS2_PLACEMENT_3D('',#1705,#1273,#1274);
#1096=AXIS2_PLACEMENT_3D('',#1714,#1279,#1280);
#1097=AXIS2_PLACEMENT_3D('',#1716,#1281,#1282);
#1098=AXIS2_PLACEMENT_3D('',#1718,#1283,#1284);
#1099=AXIS2_PLACEMENT_3D('',#1720,#1286,#1287);
#1100=AXIS2_PLACEMENT_3D('',#1723,#1288,#1289);
#1101=AXIS2_PLACEMENT_3D('',#1725,#1290,#1291);
#1102=AXIS2_PLACEMENT_3D('',#1726,#1292,#1293);
#1103=AXIS2_PLACEMENT_3D('',#1727,#1294,#1295);
#1104=AXIS2_PLACEMENT_3D('',#1728,#1296,#1297);
#1105=AXIS2_PLACEMENT_3D('',#1730,#1298,#1299);
#1106=AXIS2_PLACEMENT_3D('',#1731,#1300,#1301);
#1107=AXIS2_PLACEMENT_3D('',#1732,#1302,#1303);
#1108=AXIS2_PLACEMENT_3D('',#1734,#1304,#1305);
#1109=AXIS2_PLACEMENT_3D('',#1736,#1307,#1308);
#1110=AXIS2_PLACEMENT_3D('',#1739,#1309,#1310);
#1111=AXIS2_PLACEMENT_3D('',#1742,#1313,#1314);
#1112=AXIS2_PLACEMENT_3D('',#1748,#1318,#1319);
#1113=AXIS2_PLACEMENT_3D('',#1750,#1320,#1321);
#1114=AXIS2_PLACEMENT_3D('',#1752,#1322,#1323);
#1115=AXIS2_PLACEMENT_3D('',#1780,#1324,#1325);
#1116=AXIS2_PLACEMENT_3D('',#1781,#1326,#1327);
#1117=AXIS2_PLACEMENT_3D('',#1783,#1328,#1329);
#1118=AXIS2_PLACEMENT_3D('',#1784,#1330,#1331);
#1119=AXIS2_PLACEMENT_3D('',#1785,#1332,#1333);
#1120=AXIS2_PLACEMENT_3D('',#1787,#1334,#1335);
#1121=AXIS2_PLACEMENT_3D('',#1788,#1336,#1337);
#1122=AXIS2_PLACEMENT_3D('',#1789,#1338,#1339);
#1123=AXIS2_PLACEMENT_3D('',#1792,#1341,#1342);
#1124=AXIS2_PLACEMENT_3D('',#1793,#1343,#1344);
#1125=AXIS2_PLACEMENT_3D('',#1795,#1345,#1346);
#1126=AXIS2_PLACEMENT_3D('',#1798,#1348,#1349);
#1127=AXIS2_PLACEMENT_3D('',#1799,#1350,#1351);
#1128=AXIS2_PLACEMENT_3D('',#1801,#1352,#1353);
#1129=AXIS2_PLACEMENT_3D('',#1804,#1355,#1356);
#1130=AXIS2_PLACEMENT_3D('',#1805,#1357,#1358);
#1131=AXIS2_PLACEMENT_3D('',#1808,#1359,#1360);
#1132=AXIS2_PLACEMENT_3D('',#1812,#1362,#1363);
#1133=AXIS2_PLACEMENT_3D('',#1814,#1365,#1366);
#1134=AXIS2_PLACEMENT_3D('',#1820,#1370,#1371);
#1135=AXIS2_PLACEMENT_3D('',#1823,#1374,#1375);
#1136=AXIS2_PLACEMENT_3D('',#1825,#1376,#1377);
#1137=AXIS2_PLACEMENT_3D('',#1828,#1379,#1380);
#1138=AXIS2_PLACEMENT_3D('',#1829,#1381,#1382);
#1139=AXIS2_PLACEMENT_3D('',#1832,#1385,#1386);
#1140=AXIS2_PLACEMENT_3D('',#1834,#1387,#1388);
#1141=AXIS2_PLACEMENT_3D('',#1836,#1389,#1390);
#1142=AXIS2_PLACEMENT_3D('',#1840,#1393,#1394);
#1143=AXIS2_PLACEMENT_3D('',#1842,#1395,#1396);
#1144=AXIS2_PLACEMENT_3D('',#1843,#1397,#1398);
#1145=AXIS2_PLACEMENT_3D('',#1869,#1399,#1400);
#1146=AXIS2_PLACEMENT_3D('',#1876,#1401,#1402);
#1147=AXIS2_PLACEMENT_3D('',#1952,#1403,#1404);
#1148=AXIS2_PLACEMENT_3D('',#1953,#1405,#1406);
#1149=AXIS2_PLACEMENT_3D('',#1954,#1407,#1408);
#1150=AXIS2_PLACEMENT_3D('',#1956,#1409,#1410);
#1151=AXIS2_PLACEMENT_3D('',#1960,#1413,#1414);
#1152=AXIS2_PLACEMENT_3D('',#1962,#1415,#1416);
#1153=AXIS2_PLACEMENT_3D('',#1964,#1417,#1418);
#1154=AXIS2_PLACEMENT_3D('',#1966,#1420,#1421);
#1155=AXIS2_PLACEMENT_3D('',#1968,#1423,#1424);
#1156=AXIS2_PLACEMENT_3D('',#1969,#1425,#1426);
#1157=AXIS2_PLACEMENT_3D('',#1970,#1427,#1428);
#1158=AXIS2_PLACEMENT_3D('',#1972,#1429,#1430);
#1159=AXIS2_PLACEMENT_3D('',#1974,#1432,#1433);
#1160=AXIS2_PLACEMENT_3D('',#1980,#1437,#1438);
#1161=AXIS2_PLACEMENT_3D('',#1983,#1440,#1441);
#1162=AXIS2_PLACEMENT_3D('',#1987,#1443,#1444);
#1163=AXIS2_PLACEMENT_3D('',#1989,#1445,#1446);
#1164=AXIS2_PLACEMENT_3D('',#1998,#1447,#1448);
#1165=AXIS2_PLACEMENT_3D('',#2002,#1451,#1452);
#1166=AXIS2_PLACEMENT_3D('',#2003,#1453,#1454);
#1167=AXIS2_PLACEMENT_3D('',#2004,#1455,#1456);
#1168=AXIS2_PLACEMENT_3D('',#2008,#1458,#1459);
#1169=AXIS2_PLACEMENT_3D('',#2010,#1461,#1462);
#1170=AXIS2_PLACEMENT_3D('',#2019,#1467,#1468);
#1171=AXIS2_PLACEMENT_3D('',#2021,#1469,#1470);
#1172=AXIS2_PLACEMENT_3D('',#2024,#1472,#1473);
#1173=AXIS2_PLACEMENT_3D('',#2025,#1474,#1475);
#1174=AXIS2_PLACEMENT_3D('',#2028,#1476,#1477);
#1175=AXIS2_PLACEMENT_3D('',#2029,#1478,#1479);
#1176=AXIS2_PLACEMENT_3D('',#2031,#1480,#1481);
#1177=AXIS2_PLACEMENT_3D('',#2032,#1482,#1483);
#1178=AXIS2_PLACEMENT_3D('',#2033,#1484,#1485);
#1179=AXIS2_PLACEMENT_3D('',#2035,#1486,#1487);
#1180=AXIS2_PLACEMENT_3D('',#2036,#1488,#1489);
#1181=AXIS2_PLACEMENT_3D('',#2037,#1490,#1491);
#1182=AXIS2_PLACEMENT_3D('',#2039,#1492,#1493);
#1183=AXIS2_PLACEMENT_3D('',#2041,#1495,#1496);
#1184=AXIS2_PLACEMENT_3D('',#2042,#1497,#1498);
#1185=AXIS2_PLACEMENT_3D('',#2044,#1500,#1501);
#1186=AXIS2_PLACEMENT_3D('',#2046,#1503,#1504);
#1187=AXIS2_PLACEMENT_3D('',#2048,#1506,#1507);
#1188=AXIS2_PLACEMENT_3D('',#2054,#1508,#1509);
#1189=AXIS2_PLACEMENT_3D('',#2071,#1510,#1511);
#1190=AXIS2_PLACEMENT_3D('',#2072,#1512,#1513);
#1191=AXIS2_PLACEMENT_3D('',#2073,#1514,#1515);
#1192=AXIS2_PLACEMENT_3D('',#2074,#1516,#1517);
#1193=AXIS2_PLACEMENT_3D('',#2075,#1518,#1519);
#1194=AXIS2_PLACEMENT_3D('',#2076,#1520,#1521);
#1195=AXIS2_PLACEMENT_3D('',#2077,#1522,#1523);
#1196=AXIS2_PLACEMENT_3D('',#2078,#1524,#1525);
#1197=AXIS2_PLACEMENT_3D('',#2079,#1526,#1527);
#1198=AXIS2_PLACEMENT_3D('',#2080,#1528,#1529);
#1199=AXIS2_PLACEMENT_3D('',#2081,#1530,#1531);
#1200=AXIS2_PLACEMENT_3D('',#2082,#1532,#1533);
#1201=DIRECTION('axis',(0.,0.,1.));
#1202=DIRECTION('refdir',(1.,0.,0.));
#1203=DIRECTION('center_axis',(1.,0.,0.));
#1204=DIRECTION('ref_axis',(0.,-1.,0.));
#1205=DIRECTION('center_axis',(1.,0.,0.));
#1206=DIRECTION('ref_axis',(0.,-1.,0.));
#1207=DIRECTION('',(1.,0.,0.));
#1208=DIRECTION('center_axis',(-1.,0.,0.));
#1209=DIRECTION('ref_axis',(0.,-1.,0.));
#1210=DIRECTION('center_axis',(-1.,0.,0.));
#1211=DIRECTION('ref_axis',(0.,0.,-1.));
#1212=DIRECTION('center_axis',(1.,0.,0.));
#1213=DIRECTION('ref_axis',(-1.25607396694701E-14,0.707106781186541,-0.707106781186554));
#1214=DIRECTION('',(-1.,0.,0.));
#1215=DIRECTION('center_axis',(1.,0.,0.));
#1216=DIRECTION('ref_axis',(0.,0.,-1.));
#1217=DIRECTION('',(-1.,0.,0.));
#1218=DIRECTION('center_axis',(0.,-1.,0.));
#1219=DIRECTION('ref_axis',(0.,0.,-1.));
#1220=DIRECTION('',(0.,0.,-1.));
#1221=DIRECTION('',(0.,0.,1.));
#1222=DIRECTION('',(-1.,0.,0.));
#1223=DIRECTION('center_axis',(-1.,0.,0.));
#1224=DIRECTION('ref_axis',(0.,1.,0.));
#1225=DIRECTION('center_axis',(1.,0.,0.));
#1226=DIRECTION('ref_axis',(0.,0.707106781186541,0.707106781186554));
#1227=DIRECTION('center_axis',(1.,0.,0.));
#1228=DIRECTION('ref_axis',(0.,1.,0.));
#1229=DIRECTION('',(-1.,0.,0.));
#1230=DIRECTION('center_axis',(5.57275499617963E-13,-0.225605046271965,
0.974218847639802));
#1231=DIRECTION('ref_axis',(1.,3.83693077310454E-13,-4.83169060316868E-13));
#1232=DIRECTION('center_axis',(-0.0229626034801517,0.23712084483493,-0.971208743672637));
#1233=DIRECTION('ref_axis',(0.,0.971464895010717,0.237183384244801));
#1234=DIRECTION('center_axis',(-1.,0.,0.));
#1235=DIRECTION('ref_axis',(0.,0.,1.));
#1236=DIRECTION('center_axis',(1.,0.,0.));
#1237=DIRECTION('ref_axis',(0.,-0.999465704600492,-0.0326849403769101));
#1238=DIRECTION('center_axis',(0.,0.135179444477899,-0.990821133096507));
#1239=DIRECTION('ref_axis',(0.,0.990821133096507,0.135179444477899));
#1240=DIRECTION('center_axis',(-1.,0.,0.));
#1241=DIRECTION('ref_axis',(0.,-0.999465704600492,-0.0326849403769101));
#1242=DIRECTION('center_axis',(-1.,0.,0.));
#1243=DIRECTION('ref_axis',(0.,-0.982467717005679,-0.186432789609685));
#1244=DIRECTION('center_axis',(-1.,0.,0.));
#1245=DIRECTION('ref_axis',(0.,-0.971464895010915,-0.237183384243988));
#1246=DIRECTION('',(1.,0.,0.));
#1247=DIRECTION('center_axis',(1.,0.,0.));
#1248=DIRECTION('ref_axis',(0.,-0.982467717005679,-0.186432789609685));
#1249=DIRECTION('',(-1.,0.,0.));
#1250=DIRECTION('center_axis',(-1.,0.,0.));
#1251=DIRECTION('ref_axis',(0.,-0.982467717005679,-0.186432789609685));
#1252=DIRECTION('',(1.,0.,0.));
#1253=DIRECTION('',(-1.,0.,0.));
#1254=DIRECTION('center_axis',(-1.,0.,0.));
#1255=DIRECTION('ref_axis',(0.,0.954999999999922,0.296605798999528));
#1256=DIRECTION('center_axis',(1.,0.,0.));
#1257=DIRECTION('ref_axis',(0.,1.,0.));
#1258=DIRECTION('center_axis',(-1.,0.,0.));
#1259=DIRECTION('ref_axis',(0.,0.954999999999922,0.296605798999528));
#1260=DIRECTION('',(1.,0.,0.));
#1261=DIRECTION('center_axis',(-1.,0.,0.));
#1262=DIRECTION('ref_axis',(0.,0.954999999999922,0.296605798999528));
#1263=DIRECTION('center_axis',(0.,-1.,0.));
#1264=DIRECTION('ref_axis',(1.,0.,0.));
#1265=DIRECTION('',(0.,0.,1.));
#1266=DIRECTION('',(1.,0.,0.));
#1267=DIRECTION('',(0.,0.,1.));
#1268=DIRECTION('center_axis',(0.,0.,-1.));
#1269=DIRECTION('ref_axis',(1.,0.,0.));
#1270=DIRECTION('',(0.,0.,-1.));
#1271=DIRECTION('center_axis',(0.,1.42108547152027E-14,1.));
#1272=DIRECTION('ref_axis',(1.,0.,0.));
#1273=DIRECTION('center_axis',(0.,1.,0.));
#1274=DIRECTION('ref_axis',(0.,0.,1.));
#1275=DIRECTION('',(0.,0.,1.));
#1276=DIRECTION('',(-1.,0.,0.));
#1277=DIRECTION('',(0.,0.,-1.));
#1278=DIRECTION('',(1.,0.,0.));
#1279=DIRECTION('center_axis',(-1.,0.,0.));
#1280=DIRECTION('ref_axis',(0.,-0.98,-0.198997487421323));
#1281=DIRECTION('center_axis',(-1.,0.,0.));
#1282=DIRECTION('ref_axis',(0.,-0.997496867163,-0.0707106781186546));
#1283=DIRECTION('center_axis',(1.,0.,0.));
#1284=DIRECTION('ref_axis',(0.,-0.997496867163,-0.0707106781186539));
#1285=DIRECTION('',(1.,0.,0.));
#1286=DIRECTION('center_axis',(-1.,0.,0.));
#1287=DIRECTION('ref_axis',(0.,0.,1.));
#1288=DIRECTION('center_axis',(0.,0.,1.));
#1289=DIRECTION('ref_axis',(1.,0.,0.));
#1290=DIRECTION('center_axis',(-1.,0.,0.));
#1291=DIRECTION('ref_axis',(0.,0.997496867163,0.0707106781186532));
#1292=DIRECTION('center_axis',(0.,-0.141067359796665,0.989999999999999));
#1293=DIRECTION('ref_axis',(1.,0.,0.));
#1294=DIRECTION('center_axis',(1.,0.,0.));
#1295=DIRECTION('ref_axis',(0.,0.997496867163,0.0707106781186532));
#1296=DIRECTION('center_axis',(-1.,0.,0.));
#1297=DIRECTION('ref_axis',(0.,0.,1.));
#1298=DIRECTION('center_axis',(1.,0.,0.));
#1299=DIRECTION('ref_axis',(0.,-0.997496867163,-0.0707106781186546));
#1300=DIRECTION('center_axis',(0.,0.,1.));
#1301=DIRECTION('ref_axis',(1.,0.,0.));
#1302=DIRECTION('center_axis',(0.,0.,-1.));
#1303=DIRECTION('ref_axis',(0.707106781186548,0.707106781186548,0.));
#1304=DIRECTION('center_axis',(0.,0.,-1.));
#1305=DIRECTION('ref_axis',(0.,1.,0.));
#1306=DIRECTION('',(0.,0.,-1.));
#1307=DIRECTION('center_axis',(0.,0.,-1.));
#1308=DIRECTION('ref_axis',(0.707106781186573,0.707106781186522,0.));
#1309=DIRECTION('center_axis',(0.,-1.42108547152027E-14,-1.));
#1310=DIRECTION('ref_axis',(0.707106781186573,0.707106781186522,0.));
#1311=DIRECTION('',(0.,0.,-1.));
#1312=DIRECTION('',(0.,0.,1.));
#1313=DIRECTION('center_axis',(0.,1.,0.));
#1314=DIRECTION('ref_axis',(0.,0.,1.));
#1315=DIRECTION('',(0.,0.,-1.));
#1316=DIRECTION('',(1.,0.,0.));
#1317=DIRECTION('',(-1.,0.,0.));
#1318=DIRECTION('center_axis',(1.,0.,0.));
#1319=DIRECTION('ref_axis',(0.,0.997496867163,0.0707106781186535));
#1320=DIRECTION('center_axis',(-1.,0.,0.));
#1321=DIRECTION('ref_axis',(0.,0.997496867163,0.0707106781186535));
#1322=DIRECTION('center_axis',(-1.,0.,0.));
#1323=DIRECTION('ref_axis',(0.,0.993691294377234,0.112149950864447));
#1324=DIRECTION('center_axis',(0.,0.0839770021939043,-0.996467692954731));
#1325=DIRECTION('ref_axis',(-1.,0.,0.));
#1326=DIRECTION('center_axis',(1.,0.,0.));
#1327=DIRECTION('ref_axis',(0.,0.,-1.));
#1328=DIRECTION('center_axis',(-1.,0.,0.));
#1329=DIRECTION('ref_axis',(0.,0.,-1.));
#1330=DIRECTION('center_axis',(0.,0.141067359796667,-0.989999999999999));
#1331=DIRECTION('ref_axis',(-1.,0.,0.));
#1332=DIRECTION('center_axis',(-1.,0.,0.));
#1333=DIRECTION('ref_axis',(0.,0.,1.));
#1334=DIRECTION('center_axis',(1.,0.,0.));
#1335=DIRECTION('ref_axis',(0.,0.,1.));
#1336=DIRECTION('center_axis',(0.,0.,-1.));
#1337=DIRECTION('ref_axis',(-1.,0.,0.));
#1338=DIRECTION('center_axis',(0.,0.,1.));
#1339=DIRECTION('ref_axis',(-0.707106781186535,0.70710678118656,0.));
#1340=DIRECTION('',(0.,0.,-1.));
#1341=DIRECTION('center_axis',(0.,0.,-1.));
#1342=DIRECTION('ref_axis',(-1.,0.,0.));
#1343=DIRECTION('center_axis',(1.,0.,0.));
#1344=DIRECTION('ref_axis',(0.,-1.,0.));
#1345=DIRECTION('center_axis',(1.,0.,0.));
#1346=DIRECTION('ref_axis',(0.,-1.,0.));
#1347=DIRECTION('',(1.,0.,0.));
#1348=DIRECTION('center_axis',(-1.,0.,0.));
#1349=DIRECTION('ref_axis',(0.,-1.,0.));
#1350=DIRECTION('center_axis',(1.,0.,0.));
#1351=DIRECTION('ref_axis',(0.,-1.,0.));
#1352=DIRECTION('center_axis',(1.,0.,0.));
#1353=DIRECTION('ref_axis',(0.,-1.,0.));
#1354=DIRECTION('',(1.,0.,0.));
#1355=DIRECTION('center_axis',(1.,0.,0.));
#1356=DIRECTION('ref_axis',(0.,1.,0.));
#1357=DIRECTION('center_axis',(1.,0.,0.));
#1358=DIRECTION('ref_axis',(0.,0.,-1.));
#1359=DIRECTION('center_axis',(-1.,0.,0.));
#1360=DIRECTION('ref_axis',(-1.25607396694701E-14,-0.707106781186541,-0.707106781186554));
#1361=DIRECTION('',(-1.,0.,0.));
#1362=DIRECTION('center_axis',(-1.,0.,0.));
#1363=DIRECTION('ref_axis',(0.,0.,-1.));
#1364=DIRECTION('',(-1.,0.,0.));
#1365=DIRECTION('center_axis',(0.,-1.,0.));
#1366=DIRECTION('ref_axis',(0.,0.,-1.));
#1367=DIRECTION('',(0.,0.,-1.));
#1368=DIRECTION('',(-1.,0.,0.));
#1369=DIRECTION('',(0.,0.,1.));
#1370=DIRECTION('center_axis',(0.,0.,-1.));
#1371=DIRECTION('ref_axis',(0.,1.,0.));
#1372=DIRECTION('',(0.,1.,0.));
#1373=DIRECTION('',(0.,-1.,0.));
#1374=DIRECTION('center_axis',(1.,0.,0.));
#1375=DIRECTION('ref_axis',(0.,-1.,0.));
#1376=DIRECTION('center_axis',(-1.,0.,0.));
#1377=DIRECTION('ref_axis',(0.,-0.707106781186541,0.707106781186554));
#1378=DIRECTION('',(-1.,0.,0.));
#1379=DIRECTION('center_axis',(-1.,0.,0.));
#1380=DIRECTION('ref_axis',(0.,-1.,0.));
#1381=DIRECTION('center_axis',(0.,0.,1.));
#1382=DIRECTION('ref_axis',(0.,-1.,0.));
#1383=DIRECTION('',(0.,1.,0.));
#1384=DIRECTION('',(0.,-1.,0.));
#1385=DIRECTION('center_axis',(1.,0.,0.));
#1386=DIRECTION('ref_axis',(0.,1.,0.));
#1387=DIRECTION('center_axis',(-1.,0.,0.));
#1388=DIRECTION('ref_axis',(0.,-0.52051760426984,0.853850937602803));
#1389=DIRECTION('center_axis',(1.,0.,0.));
#1390=DIRECTION('ref_axis',(0.,0.999465704600492,-0.0326849403769101));
#1391=DIRECTION('',(0.,0.,-1.));
#1392=DIRECTION('',(0.,1.,1.42108547152027E-14));
#1393=DIRECTION('center_axis',(1.,0.,0.));
#1394=DIRECTION('ref_axis',(0.,0.,1.));
#1395=DIRECTION('center_axis',(1.,0.,0.));
#1396=DIRECTION('ref_axis',(0.,-0.52051760426984,0.853850937602804));
#1397=DIRECTION('center_axis',(0.,0.135179444477899,0.990821133096507));
#1398=DIRECTION('ref_axis',(0.,-0.990821133096507,0.135179444477899));
#1399=DIRECTION('center_axis',(-5.57275499617963E-13,-0.225605046271965,
-0.974218847639802));
#1400=DIRECTION('ref_axis',(1.,-3.83693077310454E-13,-4.83169060316868E-13));
#1401=DIRECTION('center_axis',(0.0229626034801517,0.23712084483493,0.971208743672637));
#1402=DIRECTION('ref_axis',(0.,-0.971464895010717,0.237183384244801));
#1403=DIRECTION('center_axis',(-1.,0.,0.));
#1404=DIRECTION('ref_axis',(0.,0.,1.));
#1405=DIRECTION('center_axis',(-1.,0.,0.));
#1406=DIRECTION('ref_axis',(0.,0.999465704600492,-0.0326849403769101));
#1407=DIRECTION('center_axis',(1.,0.,0.));
#1408=DIRECTION('ref_axis',(0.,1.,0.));
#1409=DIRECTION('center_axis',(-1.,0.,0.));
#1410=DIRECTION('ref_axis',(0.,1.,0.));
#1411=DIRECTION('',(-1.,0.,0.));
#1412=DIRECTION('',(-1.,0.,0.));
#1413=DIRECTION('center_axis',(1.,0.,0.));
#1414=DIRECTION('ref_axis',(0.,0.982467717005679,-0.186432789609685));
#1415=DIRECTION('center_axis',(1.,0.,0.));
#1416=DIRECTION('ref_axis',(0.,0.971464895010915,-0.237183384243988));
#1417=DIRECTION('center_axis',(-1.,0.,0.));
#1418=DIRECTION('ref_axis',(0.,0.982467717005679,-0.186432789609685));
#1419=DIRECTION('',(1.,0.,0.));
#1420=DIRECTION('center_axis',(1.,0.,0.));
#1421=DIRECTION('ref_axis',(0.,0.982467717005679,-0.186432789609685));
#1422=DIRECTION('',(1.,0.,0.));
#1423=DIRECTION('center_axis',(1.,0.,0.));
#1424=DIRECTION('ref_axis',(0.,-0.954999999999922,0.296605798999528));
#1425=DIRECTION('center_axis',(-1.,0.,0.));
#1426=DIRECTION('ref_axis',(0.,-1.,0.));
#1427=DIRECTION('center_axis',(1.,0.,0.));
#1428=DIRECTION('ref_axis',(0.,-0.954999999999922,0.296605798999528));
#1429=DIRECTION('center_axis',(1.,0.,0.));
#1430=DIRECTION('ref_axis',(0.,-0.954999999999922,0.296605798999528));
#1431=DIRECTION('',(1.,0.,0.));
#1432=DIRECTION('center_axis',(0.,-1.,0.));
#1433=DIRECTION('ref_axis',(1.,0.,0.));
#1434=DIRECTION('',(0.,0.,1.));
#1435=DIRECTION('',(1.,0.,0.));
#1436=DIRECTION('',(0.,0.,1.));
#1437=DIRECTION('center_axis',(1.,0.,0.));
#1438=DIRECTION('ref_axis',(0.,1.,0.));
#1439=DIRECTION('',(0.,1.,-1.42108547152027E-14));
#1440=DIRECTION('center_axis',(1.,0.,0.));
#1441=DIRECTION('ref_axis',(0.,0.,-1.));
#1442=DIRECTION('',(0.,0.,-1.));
#1443=DIRECTION('center_axis',(-1.,0.,0.));
#1444=DIRECTION('ref_axis',(0.,0.,1.));
#1445=DIRECTION('center_axis',(1.,0.,0.));
#1446=DIRECTION('ref_axis',(0.,0.,-1.));
#1447=DIRECTION('center_axis',(1.,0.,0.));
#1448=DIRECTION('ref_axis',(0.,-0.997496867163,0.0707106781186535));
#1449=DIRECTION('',(0.,0.,-1.));
#1450=DIRECTION('',(0.,-1.,-1.42108547152027E-14));
#1451=DIRECTION('center_axis',(0.,0.,1.));
#1452=DIRECTION('ref_axis',(1.,0.,0.));
#1453=DIRECTION('center_axis',(0.,1.42108547152027E-14,-1.));
#1454=DIRECTION('ref_axis',(1.,0.,0.));
#1455=DIRECTION('center_axis',(0.,1.42108547152027E-14,-1.));
#1456=DIRECTION('ref_axis',(0.,1.,1.42108547152027E-14));
#1457=DIRECTION('',(1.,0.,0.));
#1458=DIRECTION('center_axis',(0.,-1.42108547152027E-14,1.));
#1459=DIRECTION('ref_axis',(0.707106781186573,-0.707106781186522,0.));
#1460=DIRECTION('',(0.,-1.,1.42108547152027E-14));
#1461=DIRECTION('center_axis',(0.,1.,0.));
#1462=DIRECTION('ref_axis',(0.,0.,1.));
#1463=DIRECTION('',(0.,0.,1.));
#1464=DIRECTION('',(1.,0.,0.));
#1465=DIRECTION('',(0.,0.,-1.));
#1466=DIRECTION('',(-1.,0.,0.));
#1467=DIRECTION('center_axis',(1.,0.,0.));
#1468=DIRECTION('ref_axis',(0.,0.98,-0.198997487421323));
#1469=DIRECTION('center_axis',(1.,0.,0.));
#1470=DIRECTION('ref_axis',(0.,0.997496867163,-0.0707106781186546));
#1471=DIRECTION('',(1.,0.,0.));
#1472=DIRECTION('center_axis',(-1.,0.,0.));
#1473=DIRECTION('ref_axis',(0.,0.997496867163,-0.0707106781186539));
#1474=DIRECTION('center_axis',(-1.,0.,0.));
#1475=DIRECTION('ref_axis',(0.,0.,1.));
#1476=DIRECTION('center_axis',(0.,0.,-1.));
#1477=DIRECTION('ref_axis',(1.,0.,0.));
#1478=DIRECTION('center_axis',(-1.,0.,0.));
#1479=DIRECTION('ref_axis',(0.,-0.997496867163,0.0707106781186532));
#1480=DIRECTION('center_axis',(0.,-0.141067359796665,-0.989999999999999));
#1481=DIRECTION('ref_axis',(1.,0.,0.));
#1482=DIRECTION('center_axis',(1.,0.,0.));
#1483=DIRECTION('ref_axis',(0.,-0.997496867163,0.0707106781186532));
#1484=DIRECTION('center_axis',(-1.,0.,0.));
#1485=DIRECTION('ref_axis',(0.,0.,1.));
#1486=DIRECTION('center_axis',(0.,0.,-1.));
#1487=DIRECTION('ref_axis',(1.,0.,0.));
#1488=DIRECTION('center_axis',(-1.,0.,0.));
#1489=DIRECTION('ref_axis',(0.,0.997496867163,-0.0707106781186546));
#1490=DIRECTION('center_axis',(0.,0.,1.));
#1491=DIRECTION('ref_axis',(0.707106781186548,-0.707106781186548,0.));
#1492=DIRECTION('center_axis',(0.,0.,1.));
#1493=DIRECTION('ref_axis',(0.,-1.,0.));
#1494=DIRECTION('',(0.,0.,-1.));
#1495=DIRECTION('center_axis',(1.,0.,0.));
#1496=DIRECTION('ref_axis',(0.,0.,-1.));
#1497=DIRECTION('center_axis',(1.,0.,0.));
#1498=DIRECTION('ref_axis',(0.,-0.707106781186548,0.707106781186548));
#1499=DIRECTION('',(0.,0.,-1.));
#1500=DIRECTION('center_axis',(0.,0.,1.));
#1501=DIRECTION('ref_axis',(0.707106781186573,-0.707106781186522,0.));
#1502=DIRECTION('',(0.,0.,1.));
#1503=DIRECTION('center_axis',(0.,1.,0.));
#1504=DIRECTION('ref_axis',(0.,0.,1.));
#1505=DIRECTION('',(-1.,0.,0.));
#1506=DIRECTION('center_axis',(-1.,0.,0.));
#1507=DIRECTION('ref_axis',(0.,-0.997496867163,0.0707106781186535));
#1508=DIRECTION('center_axis',(1.,0.,0.));
#1509=DIRECTION('ref_axis',(0.,-0.993691294377234,0.112149950864447));
#1510=DIRECTION('center_axis',(0.,0.0839770021939043,0.996467692954731));
#1511=DIRECTION('ref_axis',(-1.,0.,0.));
#1512=DIRECTION('center_axis',(1.,0.,0.));
#1513=DIRECTION('ref_axis',(0.,0.,-1.));
#1514=DIRECTION('center_axis',(0.,0.141067359796667,0.989999999999999));
#1515=DIRECTION('ref_axis',(-1.,0.,0.));
#1516=DIRECTION('center_axis',(-1.,0.,0.));
#1517=DIRECTION('ref_axis',(0.,0.,1.));
#1518=DIRECTION('center_axis',(0.,0.,1.));
#1519=DIRECTION('ref_axis',(-1.,0.,0.));
#1520=DIRECTION('center_axis',(0.,0.,-1.));
#1521=DIRECTION('ref_axis',(-0.707106781186535,-0.70710678118656,0.));
#1522=DIRECTION('center_axis',(0.,0.,1.));
#1523=DIRECTION('ref_axis',(-1.,0.,0.));
#1524=DIRECTION('center_axis',(1.,0.,0.));
#1525=DIRECTION('ref_axis',(0.,0.,1.));
#1526=DIRECTION('center_axis',(-1.,0.,0.));
#1527=DIRECTION('ref_axis',(0.,0.707106781186548,0.707106781186547));
#1528=DIRECTION('center_axis',(1.,0.,0.));
#1529=DIRECTION('ref_axis',(0.,1.22464679914735E-16,1.));
#1530=DIRECTION('center_axis',(-1.,0.,0.));
#1531=DIRECTION('ref_axis',(0.,-0.707106781186548,0.707106781186548));
#1532=DIRECTION('center_axis',(1.,0.,0.));
#1533=DIRECTION('ref_axis',(0.,0.,1.));
#1534=CARTESIAN_POINT('',(0.,0.,0.));
#1535=CARTESIAN_POINT('Origin',(112.499999999584,133.297764027892,-495.717028224149));
#1536=CARTESIAN_POINT('',(112.499999999584,150.797764027892,-495.717028224149));
#1537=CARTESIAN_POINT('Origin',(112.499999999584,133.297764027892,-495.717028224149));
#1538=CARTESIAN_POINT('',(117.499999999984,150.797764027892,-495.717028224149));
#1539=CARTESIAN_POINT('',(112.499999999584,150.797764027892,-495.717028224149));
#1540=CARTESIAN_POINT('Origin',(117.499999999984,133.297764027892,-495.717028224149));
#1541=CARTESIAN_POINT('Origin',(112.499999999584,137.297764027892,-545.717028224148));
#1542=CARTESIAN_POINT('',(112.499999999584,137.297764027892,-547.717028224148));
#1543=CARTESIAN_POINT('',(112.499999999584,139.297764027892,-545.717028224148));
#1544=CARTESIAN_POINT('Origin',(112.499999999584,137.297764027892,-545.717028224148));
#1545=CARTESIAN_POINT('',(117.499999999984,137.297764027892,-547.717028224148));
#1546=CARTESIAN_POINT('',(112.499999999584,137.297764027892,-547.717028224148));
#1547=CARTESIAN_POINT('',(117.499999999984,139.297764027892,-545.717028224148));
#1548=CARTESIAN_POINT('Origin',(117.499999999984,137.297764027892,-545.717028224148));
#1549=CARTESIAN_POINT('',(112.499999999584,139.297764027892,-545.717028224148));
#1550=CARTESIAN_POINT('Origin',(112.499999999584,139.297764027892,-539.717028224148));
#1551=CARTESIAN_POINT('',(112.499999999584,139.297764027892,-539.717028224148));
#1552=CARTESIAN_POINT('',(112.499999999584,139.297764027892,-519.217028224148));
#1553=CARTESIAN_POINT('',(117.499999999984,139.297764027892,-539.717028224148));
#1554=CARTESIAN_POINT('',(117.499999999984,139.297764027892,-523.342028224148));
#1555=CARTESIAN_POINT('',(112.499999999584,139.297764027892,-539.717028224148));
#1556=CARTESIAN_POINT('Origin',(112.499999999584,137.297764027892,-539.717028224148));
#1557=CARTESIAN_POINT('',(112.499999999584,137.297764027892,-537.717028224148));
#1558=CARTESIAN_POINT('Origin',(112.499999999584,137.297764027892,-539.717028224148));
#1559=CARTESIAN_POINT('',(117.499999999984,137.297764027892,-537.717028224148));
#1560=CARTESIAN_POINT('Origin',(117.499999999984,137.297764027892,-539.717028224148));
#1561=CARTESIAN_POINT('',(112.499999999584,137.297764027892,-537.717028224148));
#1562=CARTESIAN_POINT('Ctrl Pts',(117.462750429439,162.068870764002,-502.845186620929));
#1563=CARTESIAN_POINT('Ctrl Pts',(117.488259863353,161.805450349754,-502.440588793777));
#1564=CARTESIAN_POINT('Ctrl Pts',(117.5,161.548385911603,-502.035304055085));
#1565=CARTESIAN_POINT('Ctrl Pts',(117.5,161.297764027909,-501.629461133859));
#1566=CARTESIAN_POINT('Ctrl Pts',(117.396908206402,162.748783369116,-502.677629068284));
#1567=CARTESIAN_POINT('Ctrl Pts',(117.443462219337,162.503086903004,-502.272618794736));
#1568=CARTESIAN_POINT('Ctrl Pts',(117.477108533113,162.262267766138,-501.866944761437));
#1569=CARTESIAN_POINT('Ctrl Pts',(117.499999999999,162.026478021892,-501.460708953864));
#1570=CARTESIAN_POINT('Ctrl Pts',(116.964618488872,164.077016068579,-502.343119974001));
#1571=CARTESIAN_POINT('Ctrl Pts',(117.038913904908,163.875292802777,-501.937317195389));
#1572=CARTESIAN_POINT('Ctrl Pts',(117.102585116409,163.676179829825,-501.530948317857));
#1573=CARTESIAN_POINT('Ctrl Pts',(117.157558331166,163.480636858503,-501.123961648661));
#1574=CARTESIAN_POINT('Ctrl Pts',(115.293393315253,165.898160304304,-501.858973858358));
#1575=CARTESIAN_POINT('Ctrl Pts',(115.363972995193,165.772915749899,-501.456368137775));
#1576=CARTESIAN_POINT('Ctrl Pts',(115.427353452169,165.649823334804,-501.053205615885));
#1577=CARTESIAN_POINT('Ctrl Pts',(115.484841376757,165.529162378416,-500.649573685598));
#1578=CARTESIAN_POINT('Ctrl Pts',(113.540768269929,166.449999508052,-501.682804303373));
#1579=CARTESIAN_POINT('Ctrl Pts',(113.573539076662,166.354267881053,-501.289430321522));
#1580=CARTESIAN_POINT('Ctrl Pts',(113.600043903264,166.259709635819,-500.895768934387));
#1581=CARTESIAN_POINT('Ctrl Pts',(113.621997376281,166.168858266102,-500.5014359025));
#1582=CARTESIAN_POINT('Ctrl Pts',(112.48603141104,166.444253528992,-501.659269699709));
#1583=CARTESIAN_POINT('Ctrl Pts',(112.495597448758,166.350174809618,-501.273938435754));
#1584=CARTESIAN_POINT('Ctrl Pts',(112.5,166.258366081707,-500.887952970334));
#1585=CARTESIAN_POINT('Ctrl Pts',(112.5,166.168858266102,-500.501435902499));
#1586=CARTESIAN_POINT('',(117.5,161.297764027905,-501.629461133862));
#1587=CARTESIAN_POINT('',(112.5,166.168858266102,-500.501435902499));
#1588=CARTESIAN_POINT('Origin',(112.5,161.297764027903,-501.629461133859));
#1589=CARTESIAN_POINT('',(117.462750429439,162.068870764002,-502.845186620929));
#1590=CARTESIAN_POINT('Ctrl Pts',(117.462750429439,162.068870764002,-502.845186620929));
#1591=CARTESIAN_POINT('Ctrl Pts',(117.488259863353,161.805450349754,-502.440588793777));
#1592=CARTESIAN_POINT('Ctrl Pts',(117.5,161.548385911603,-502.035304055085));
#1593=CARTESIAN_POINT('Ctrl Pts',(117.5,161.297764027909,-501.629461133859));
#1594=CARTESIAN_POINT('',(112.48603141104,166.444253528991,-501.659269699705));
#1595=CARTESIAN_POINT('Origin',(112.48603141104,161.586929053938,-502.845186620929));
#1596=CARTESIAN_POINT('Ctrl Pts',(112.5,166.168858266102,-500.501435902499));
#1597=CARTESIAN_POINT('Ctrl Pts',(112.5,166.258366081707,-500.887952970334));
#1598=CARTESIAN_POINT('Ctrl Pts',(112.495597448758,166.350174809618,-501.273938435754));
#1599=CARTESIAN_POINT('Ctrl Pts',(112.48603141104,166.444253528992,-501.659269699709));
#1600=CARTESIAN_POINT('Ctrl Pts',(109.5,169.297764027899,-525.3776081241));
#1601=CARTESIAN_POINT('Ctrl Pts',(109.506626255069,169.297764027899,-525.363625116408));
#1602=CARTESIAN_POINT('Ctrl Pts',(109.51325246397,169.297755798792,-525.349642103633));
#1603=CARTESIAN_POINT('Ctrl Pts',(110.230570475751,169.295972818221,-523.835939853685));
#1604=CARTESIAN_POINT('Ctrl Pts',(111.656317353129,169.102859028085,-520.826999796381));
#1605=CARTESIAN_POINT('Ctrl Pts',(113.685859692888,168.236535699884,-516.304011535061));
#1606=CARTESIAN_POINT('Ctrl Pts',(115.472697869825,166.790860514746,-511.789559930785));
#1607=CARTESIAN_POINT('Ctrl Pts',(116.857140031407,164.766769455476,-507.297873119216));
#1608=CARTESIAN_POINT('Ctrl Pts',(117.369478435923,163.03203393151,-504.324547003376));
#1609=CARTESIAN_POINT('Ctrl Pts',(117.462750429439,162.068870764002,-502.845186620927));
#1610=CARTESIAN_POINT('Ctrl Pts',(109.5,169.297764027899,-525.3776081241));
#1611=CARTESIAN_POINT('Ctrl Pts',(109.505837297312,169.297764461895,-525.363485049475));
#1612=CARTESIAN_POINT('Ctrl Pts',(109.511674885222,169.297757436841,-525.349361622624));
#1613=CARTESIAN_POINT('Ctrl Pts',(110.143601820512,169.296371922613,-523.820489930354));
#1614=CARTESIAN_POINT('Ctrl Pts',(111.399709279808,169.149535987677,-520.781367260401));
#1615=CARTESIAN_POINT('Ctrl Pts',(113.225860142003,168.485296715055,-516.20959132196));
#1616=CARTESIAN_POINT('Ctrl Pts',(114.915609466235,167.35680553061,-511.638426956745));
#1617=CARTESIAN_POINT('Ctrl Pts',(116.368827947218,165.730237351779,-507.075096010146));
#1618=CARTESIAN_POINT('Ctrl Pts',(117.083481607241,164.271291035197,-504.034156437345));
#1619=CARTESIAN_POINT('Ctrl Pts',(117.331065983365,163.428695974229,-502.510071515636));
#1620=CARTESIAN_POINT('Ctrl Pts',(109.5,169.297764027899,-525.3776081241));
#1621=CARTESIAN_POINT('Ctrl Pts',(109.50445665706,169.297764369707,-525.363239904221));
#1622=CARTESIAN_POINT('Ctrl Pts',(109.508914152951,169.297759885319,-525.348870811141));
#1623=CARTESIAN_POINT('Ctrl Pts',(109.991387166875,169.296917361549,-523.793450866541));
#1624=CARTESIAN_POINT('Ctrl Pts',(110.950474717715,169.206681585858,-520.701513080688));
#1625=CARTESIAN_POINT('Ctrl Pts',(112.36364714763,168.798874668359,-516.044360550694));
#1626=CARTESIAN_POINT('Ctrl Pts',(113.714879492115,168.106566495678,-511.374097581837));
#1627=CARTESIAN_POINT('Ctrl Pts',(114.96142355389,167.108183432572,-506.686124626448));
#1628=CARTESIAN_POINT('Ctrl Pts',(115.686353195163,166.207347722325,-503.528861329318));
#1629=CARTESIAN_POINT('Ctrl Pts',(116.004525873044,165.681233016591,-501.928750244862));
#1630=CARTESIAN_POINT('Ctrl Pts',(109.5,169.297764027899,-525.3776081241));
#1631=CARTESIAN_POINT('Ctrl Pts',(109.503076442181,169.297764079873,-525.362994415));
#1632=CARTESIAN_POINT('Ctrl Pts',(109.506152968484,169.297760781063,-525.348380362908));
#1633=CARTESIAN_POINT('Ctrl Pts',(109.839191597488,169.297066050658,-523.766395653928));
#1634=CARTESIAN_POINT('Ctrl Pts',(110.501166700198,169.221948315925,-520.621693633531));
#1635=CARTESIAN_POINT('Ctrl Pts',(111.457882688455,168.884512156062,-515.889512843453));
#1636=CARTESIAN_POINT('Ctrl Pts',(112.332226404179,168.319643351933,-511.154760678782));
#1637=CARTESIAN_POINT('Ctrl Pts',(113.069444409363,167.524418307972,-506.423249637287));
#1638=CARTESIAN_POINT('Ctrl Pts',(113.420969327856,166.836108846069,-503.266079620387));
#1639=CARTESIAN_POINT('Ctrl Pts',(113.540768269929,166.449999508052,-501.682804303372));
#1640=CARTESIAN_POINT('Ctrl Pts',(109.5,169.297764027899,-525.3776081241));
#1641=CARTESIAN_POINT('Ctrl Pts',(109.502484845648,169.297764027899,-525.362889168648));
#1642=CARTESIAN_POINT('Ctrl Pts',(109.504969673989,169.297760779567,-525.348170207819));
#1643=CARTESIAN_POINT('Ctrl Pts',(109.773963928406,169.297056971447,-523.7547994184));
#1644=CARTESIAN_POINT('Ctrl Pts',(110.308619007424,169.220827843762,-520.587494094922));
#1645=CARTESIAN_POINT('Ctrl Pts',(111.069697384833,168.878858108945,-515.826453819848));
#1646=CARTESIAN_POINT('Ctrl Pts',(111.739761701185,168.308196851655,-511.074399499558));
#1647=CARTESIAN_POINT('Ctrl Pts',(112.258927511778,167.509213538785,-506.346308118959));
#1648=CARTESIAN_POINT('Ctrl Pts',(112.451054413471,166.824449516167,-503.216491154917));
#1649=CARTESIAN_POINT('Ctrl Pts',(112.48603141104,166.444253528992,-501.659269699708));
#1650=CARTESIAN_POINT('',(109.5,169.297764027899,-525.3776081241));
#1651=CARTESIAN_POINT('Ctrl Pts',(109.5,169.297764027899,-525.3776081241));
#1652=CARTESIAN_POINT('Ctrl Pts',(109.506626255069,169.297764027899,-525.363625116408));
#1653=CARTESIAN_POINT('Ctrl Pts',(109.51325246397,169.297755798792,-525.349642103633));
#1654=CARTESIAN_POINT('Ctrl Pts',(110.230570475751,169.295972818221,-523.835939853685));
#1655=CARTESIAN_POINT('Ctrl Pts',(111.656317353129,169.102859028085,-520.826999796381));
#1656=CARTESIAN_POINT('Ctrl Pts',(113.685859692888,168.236535699884,-516.304011535061));
#1657=CARTESIAN_POINT('Ctrl Pts',(115.472697869825,166.790860514746,-511.789559930785));
#1658=CARTESIAN_POINT('Ctrl Pts',(116.857140031407,164.766769455476,-507.297873119216));
#1659=CARTESIAN_POINT('Ctrl Pts',(117.369478435923,163.03203393151,-504.324547003376));
#1660=CARTESIAN_POINT('Ctrl Pts',(117.462750429439,162.068870764002,-502.845186620927));
#1661=CARTESIAN_POINT('Ctrl Pts',(112.48603141104,166.444253528992,-501.659269699708));
#1662=CARTESIAN_POINT('Ctrl Pts',(112.451054413471,166.824449516167,-503.216491154917));
#1663=CARTESIAN_POINT('Ctrl Pts',(112.258927511778,167.509213538785,-506.346308118959));
#1664=CARTESIAN_POINT('Ctrl Pts',(111.739761701185,168.308196851655,-511.074399499558));
#1665=CARTESIAN_POINT('Ctrl Pts',(111.069697384833,168.878858108945,-515.826453819848));
#1666=CARTESIAN_POINT('Ctrl Pts',(110.308619007424,169.220827843762,-520.587494094922));
#1667=CARTESIAN_POINT('Ctrl Pts',(109.773963928406,169.297056971447,-523.7547994184));
#1668=CARTESIAN_POINT('Ctrl Pts',(109.504969673989,169.297760779567,-525.348170207819));
#1669=CARTESIAN_POINT('Ctrl Pts',(109.502484845648,169.297764027899,-525.362889168648));
#1670=CARTESIAN_POINT('Ctrl Pts',(109.5,169.297764027899,-525.3776081241));
#1671=CARTESIAN_POINT('Origin',(112.499999999984,263.590743030082,-477.940931275303));
#1672=CARTESIAN_POINT('',(112.499999999984,164.508629720432,-491.458875723094));
#1673=CARTESIAN_POINT('Origin',(112.499999999984,263.590743030082,-477.940931275303));
#1674=CARTESIAN_POINT('',(117.499999999984,159.554524054949,-492.134772945483));
#1675=CARTESIAN_POINT('Origin',(112.499999999984,159.554524054949,-492.134772945483));
#1676=CARTESIAN_POINT('Origin',(117.499999999984,263.590743030082,-477.940931275303));
#1677=CARTESIAN_POINT('Origin',(112.499999999584,263.590743030082,-477.940931275303));
#1678=CARTESIAN_POINT('',(109.5,166.444253528991,-501.659269699702));
#1679=CARTESIAN_POINT('',(109.5,164.508629720432,-491.458875723094));
#1680=CARTESIAN_POINT('Origin',(109.5,263.590743030082,-477.940931275303));
#1681=CARTESIAN_POINT('',(108.499999999584,166.444253528991,-501.659269699702));
#1682=CARTESIAN_POINT('',(112.499999999584,166.444253528991,-501.659269699702));
#1683=CARTESIAN_POINT('',(108.499999999584,164.508629720432,-491.458875723094));
#1684=CARTESIAN_POINT('Origin',(108.499999999584,263.590743030082,-477.940931275303));
#1685=CARTESIAN_POINT('',(112.499999999584,164.508629720432,-491.458875723094));
#1686=CARTESIAN_POINT('Origin',(112.499999999584,263.590743030082,-477.940931275303));
#1687=CARTESIAN_POINT('',(112.499999999584,166.444253528991,-501.659269699702));
#1688=CARTESIAN_POINT('',(112.499999999584,164.508629720432,-491.458875723094));
#1689=CARTESIAN_POINT('Origin',(112.499999999584,69.2977640278993,-525.3776081241));
#1690=CARTESIAN_POINT('Origin',(109.5,69.2977640278993,-525.3776081241));
#1691=CARTESIAN_POINT('Origin',(112.499999999584,69.2977640278993,-525.3776081241));
#1692=CARTESIAN_POINT('',(108.499999999584,169.297764027899,-525.3776081241));
#1693=CARTESIAN_POINT('',(112.499999999584,169.297764027899,-525.3776081241));
#1694=CARTESIAN_POINT('Origin',(108.499999999584,69.2977640278993,-525.3776081241));
#1695=CARTESIAN_POINT('Origin',(108.499999999584,169.297764027899,-549.717028224147));
#1696=CARTESIAN_POINT('',(109.5,169.297764027899,-549.717028224147));
#1697=CARTESIAN_POINT('',(109.5,169.297764027899,-549.717028224147));
#1698=CARTESIAN_POINT('',(108.499999999584,169.297764027899,-549.717028224147));
#1699=CARTESIAN_POINT('',(-61.5,169.297764027899,-549.717028224147));
#1700=CARTESIAN_POINT('',(108.499999999584,169.297764027899,-549.717028224147));
#1701=CARTESIAN_POINT('Origin',(109.5,161.297764027899,-549.717028224147));
#1702=CARTESIAN_POINT('',(117.5,161.297764027899,-549.717028224147));
#1703=CARTESIAN_POINT('',(117.499999999984,161.297764027899,-549.717028224147));
#1704=CARTESIAN_POINT('Origin',(109.5,161.297764027899,-549.717028224147));
#1705=CARTESIAN_POINT('Origin',(106.250000000001,158.297764027892,-526.217028224147));
#1706=CARTESIAN_POINT('',(111.999999999584,158.297764027892,-501.903159362063));
#1707=CARTESIAN_POINT('',(111.999999999584,158.297764027892,-495.717028224148));
#1708=CARTESIAN_POINT('',(111.999999999584,158.297764027892,-510.967028224147));
#1709=CARTESIAN_POINT('',(108.999999999661,158.297764027892,-495.717028224148));
#1710=CARTESIAN_POINT('',(110.25,158.297764027892,-495.717028224148));
#1711=CARTESIAN_POINT('',(108.999999999661,158.297764027892,-501.903159362063));
#1712=CARTESIAN_POINT('',(108.999999999661,158.297764027892,-523.467028224147));
#1713=CARTESIAN_POINT('',(107.125000000006,158.297764027892,-501.903159362063));
#1714=CARTESIAN_POINT('Origin',(107.125000000006,258.297764027892,-501.903159362063));
#1715=CARTESIAN_POINT('',(111.999999999584,159.297764027891,-516.009895341729));
#1716=CARTESIAN_POINT('Origin',(111.999999999584,258.297764027892,-501.903159362063));
#1717=CARTESIAN_POINT('',(108.999999999661,159.297764027891,-516.009895341729));
#1718=CARTESIAN_POINT('Origin',(108.999999999661,258.297764027892,-501.903159362063));
#1719=CARTESIAN_POINT('',(107.125000000006,159.297764027891,-516.009895341729));
#1720=CARTESIAN_POINT('Origin',(111.999999999584,60.2977640278915,-530.116631321395));
#1721=CARTESIAN_POINT('',(112.499999999584,159.797764027891,-530.116631321395));
#1722=CARTESIAN_POINT('',(111.999999999584,160.297764027892,-530.116631321395));
#1723=CARTESIAN_POINT('Origin',(111.999999999584,159.797764027891,-530.116631321395));
#1724=CARTESIAN_POINT('',(112.499999999584,158.802764027891,-516.080429021627));
#1725=CARTESIAN_POINT('Origin',(112.499999999584,60.2977640278915,-530.116631321395));
#1726=CARTESIAN_POINT('Origin',(111.999999999584,158.802764027891,-516.080429021627));
#1727=CARTESIAN_POINT('Origin',(111.999999999584,60.2977640278915,-530.116631321395));
#1728=CARTESIAN_POINT('Origin',(111.999999999584,258.297764027892,-501.903159362063));
#1729=CARTESIAN_POINT('',(112.499999999584,157.797764027892,-501.903159362063));
#1730=CARTESIAN_POINT('Origin',(112.499999999584,258.297764027892,-501.903159362063));
#1731=CARTESIAN_POINT('Origin',(111.999999999584,157.797764027892,-501.903159362063));
#1732=CARTESIAN_POINT('Origin',(111.999999999584,157.797764027892,-510.967028224147));
#1733=CARTESIAN_POINT('',(112.499999999584,157.797764027892,-495.717028224148));
#1734=CARTESIAN_POINT('Origin',(111.999999999584,157.797764027892,-495.717028224148));
#1735=CARTESIAN_POINT('',(112.499999999584,157.797764027892,-510.967028224147));
#1736=CARTESIAN_POINT('Origin',(111.999999999584,159.797764027892,-517.48849819416));
#1737=CARTESIAN_POINT('',(111.999999999584,160.297764027892,-549.717028224147));
#1738=CARTESIAN_POINT('',(112.499999999584,159.797764027892,-549.717028224147));
#1739=CARTESIAN_POINT('Origin',(111.999999999584,159.797764027892,-549.717028224147));
#1740=CARTESIAN_POINT('',(112.499999999584,159.797764027892,-517.48849819416));
#1741=CARTESIAN_POINT('',(111.999999999584,160.297764027892,-517.48849819416));
#1742=CARTESIAN_POINT('Origin',(106.250000000011,160.297764027892,-539.259968164171));
#1743=CARTESIAN_POINT('',(108.499999999584,160.297764027892,-530.116631321395));
#1744=CARTESIAN_POINT('',(108.499999999584,160.297764027892,-549.717028224147));
#1745=CARTESIAN_POINT('',(108.499999999584,160.297764027892,-523.11349819416));
#1746=CARTESIAN_POINT('',(109.374999999798,160.297764027892,-549.717028224147));
#1747=CARTESIAN_POINT('',(107.125000000006,160.297764027892,-530.116631321395));
#1748=CARTESIAN_POINT('Origin',(107.125000000006,60.2977640278915,-530.116631321395));
#1749=CARTESIAN_POINT('',(108.49999999954,160.285509269063,-528.551127700619));
#1750=CARTESIAN_POINT('Origin',(108.499999999584,60.2977640278915,-530.116631321395));
#1751=CARTESIAN_POINT('',(109.,159.944533323364,-521.718931102002));
#1752=CARTESIAN_POINT('Origin',(108.999999999661,60.2977640278915,-530.116631321395));
#1753=CARTESIAN_POINT('Ctrl Pts',(109.,159.944533323364,-521.718931102002));
#1754=CARTESIAN_POINT('Ctrl Pts',(109.,160.136752309731,-523.999793777286));
#1755=CARTESIAN_POINT('Ctrl Pts',(108.833165156121,160.250064877196,-526.287316376808));
#1756=CARTESIAN_POINT('Ctrl Pts',(108.499999999496,160.285509269062,-528.551127700612));
#1757=CARTESIAN_POINT('Ctrl Pts',(108.005347270478,160.150349749569,-528.479710501495));
#1758=CARTESIAN_POINT('Ctrl Pts',(108.335621368768,160.114100303144,-526.24344621244));
#1759=CARTESIAN_POINT('Ctrl Pts',(108.50043879981,160.001189032634,-523.983549851576));
#1760=CARTESIAN_POINT('Ctrl Pts',(108.499247424911,159.810598567244,-521.730218411553));
#1761=CARTESIAN_POINT('Ctrl Pts',(108.15487472511,160.237985440597,-528.50056663425));
#1762=CARTESIAN_POINT('Ctrl Pts',(108.486074004078,160.201818485626,-526.254924480305));
#1763=CARTESIAN_POINT('Ctrl Pts',(108.651487872565,160.088774055877,-523.985609445678));
#1764=CARTESIAN_POINT('Ctrl Pts',(108.650572256679,159.897832238139,-521.722866821307));
#1765=CARTESIAN_POINT('Ctrl Pts',(108.32733053406,160.285107477744,-528.525465538317));
#1766=CARTESIAN_POINT('Ctrl Pts',(108.659512851474,160.249214393792,-526.270214789561));
#1767=CARTESIAN_POINT('Ctrl Pts',(108.825636768951,160.136032148286,-523.991275369636));
#1768=CARTESIAN_POINT('Ctrl Pts',(108.825177335776,159.944533323364,-521.718931102002));
#1769=CARTESIAN_POINT('Ctrl Pts',(108.499999999496,160.285509269062,-528.551127700612));
#1770=CARTESIAN_POINT('Ctrl Pts',(108.833165156121,160.250064877196,-526.287316376808));
#1771=CARTESIAN_POINT('Ctrl Pts',(109.,160.136752309731,-523.999793777286));
#1772=CARTESIAN_POINT('Ctrl Pts',(109.,159.944533323364,-521.718931102002));
#1773=CARTESIAN_POINT('',(108.499999999584,159.81103196632,-521.730181886982));
#1774=CARTESIAN_POINT('Ctrl Pts',(108.499999999584,159.81103196632,-521.730181886982));
#1775=CARTESIAN_POINT('Ctrl Pts',(108.499999999584,159.931162872401,-523.155650333202));
#1776=CARTESIAN_POINT('Ctrl Pts',(108.499999999568,160.015121229007,-524.065398047724));
#1777=CARTESIAN_POINT('Ctrl Pts',(108.499999999568,160.187006671691,-526.215262754371));
#1778=CARTESIAN_POINT('Ctrl Pts',(108.499999999584,160.267662818278,-527.411285958853));
#1779=CARTESIAN_POINT('Ctrl Pts',(108.499999999584,160.285509269053,-528.551127700014));
#1780=CARTESIAN_POINT('Origin',(109.,158.94806563041,-521.802908104196));
#1781=CARTESIAN_POINT('Origin',(108.999999999661,60.2977640278915,-530.116631321395));
#1782=CARTESIAN_POINT('',(108.499999999584,159.165129177594,-516.028794784303));
#1783=CARTESIAN_POINT('Origin',(108.499999999584,60.2977640278915,-530.116631321395));
#1784=CARTESIAN_POINT('Origin',(108.999999999661,158.307764027891,-516.150962701526));
#1785=CARTESIAN_POINT('Origin',(108.999999999661,258.297764027892,-501.903159362063));
#1786=CARTESIAN_POINT('',(108.499999999584,158.163789431631,-501.903159362063));
#1787=CARTESIAN_POINT('Origin',(108.499999999584,258.297764027892,-501.903159362063));
#1788=CARTESIAN_POINT('Origin',(108.999999999661,157.297764027892,-501.903159362063));
#1789=CARTESIAN_POINT('Origin',(108.999999999661,157.297764027892,-523.467028224147));
#1790=CARTESIAN_POINT('',(108.499999999584,158.163789431631,-495.717028224147));
#1791=CARTESIAN_POINT('',(108.499999999584,158.163789431631,-523.467028224147));
#1792=CARTESIAN_POINT('Origin',(108.999999999661,157.297764027892,-495.717028224148));
#1793=CARTESIAN_POINT('Origin',(112.499999999584,133.297764027892,-523.717028224147));
#1794=CARTESIAN_POINT('',(112.499999999584,135.547764027892,-523.717028224147));
#1795=CARTESIAN_POINT('Origin',(112.499999999584,133.297764027892,-523.717028224147));
#1796=CARTESIAN_POINT('',(117.499999999984,135.547764027892,-523.717028224147));
#1797=CARTESIAN_POINT('',(112.499999999584,135.547764027892,-523.717028224147));
#1798=CARTESIAN_POINT('Origin',(117.499999999984,133.297764027892,-523.717028224147));
#1799=CARTESIAN_POINT('Origin',(112.499999999584,133.297764027892,-473.717028224148));
#1800=CARTESIAN_POINT('',(112.499999999584,135.547764027892,-473.717028224148));
#1801=CARTESIAN_POINT('Origin',(112.499999999584,133.297764027892,-473.717028224148));
#1802=CARTESIAN_POINT('',(117.499999999984,135.547764027892,-473.717028224148));
#1803=CARTESIAN_POINT('',(112.499999999584,135.547764027892,-473.717028224148));
#1804=CARTESIAN_POINT('Origin',(117.499999999984,133.297764027892,-473.717028224148));
#1805=CARTESIAN_POINT('Origin',(112.499999999584,129.297764027892,-545.717028224148));
#1806=CARTESIAN_POINT('',(112.499999999584,129.297764027892,-547.717028224148));
#1807=CARTESIAN_POINT('',(112.499999999584,127.297764027891,-545.717028224148));
#1808=CARTESIAN_POINT('Origin',(112.499999999584,129.297764027892,-545.717028224148));
#1809=CARTESIAN_POINT('',(117.499999999984,127.297764027892,-545.717028224148));
#1810=CARTESIAN_POINT('',(112.499999999584,127.297764027892,-545.717028224148));
#1811=CARTESIAN_POINT('',(117.499999999984,129.297764027892,-547.717028224148));
#1812=CARTESIAN_POINT('Origin',(117.499999999984,129.297764027892,-545.717028224148));
#1813=CARTESIAN_POINT('',(112.499999999584,129.297764027892,-547.717028224148));
#1814=CARTESIAN_POINT('Origin',(112.499999999584,127.297764027892,-539.717028224148));
#1815=CARTESIAN_POINT('',(112.499999999584,127.297764027891,-539.717028224148));
#1816=CARTESIAN_POINT('',(112.499999999584,127.297764027891,-519.217028224148));
#1817=CARTESIAN_POINT('',(117.499999999984,127.297764027892,-539.717028224148));
#1818=CARTESIAN_POINT('',(112.499999999584,127.297764027892,-539.717028224148));
#1819=CARTESIAN_POINT('',(117.499999999984,127.297764027891,-523.342028224148));
#1820=CARTESIAN_POINT('Origin',(112.499999999584,129.297764027892,-547.717028224148));
#1821=CARTESIAN_POINT('',(112.499999999584,133.297764027892,-547.717028224148));
#1822=CARTESIAN_POINT('',(117.499999999984,123.422764027892,-547.717028224148));
#1823=CARTESIAN_POINT('Origin',(112.499999999584,129.297764027892,-539.717028224148));
#1824=CARTESIAN_POINT('',(112.499999999584,129.297764027892,-537.717028224148));
#1825=CARTESIAN_POINT('Origin',(112.499999999584,129.297764027892,-539.717028224148));
#1826=CARTESIAN_POINT('',(117.499999999984,129.297764027892,-537.717028224148));
#1827=CARTESIAN_POINT('',(112.499999999584,129.297764027892,-537.717028224148));
#1828=CARTESIAN_POINT('Origin',(117.499999999984,129.297764027892,-539.717028224148));
#1829=CARTESIAN_POINT('Origin',(112.499999999584,133.297764027892,-537.717028224148));
#1830=CARTESIAN_POINT('',(112.499999999584,133.297764027892,-537.717028224148));
#1831=CARTESIAN_POINT('',(117.499999999984,141.172764027892,-537.717028224148));
#1832=CARTESIAN_POINT('Origin',(117.499999999984,117.547764027891,-506.967028224147));
#1833=CARTESIAN_POINT('',(117.499999999984,107.041004000834,-492.134772945483));
#1834=CARTESIAN_POINT('Origin',(117.499999999984,133.297764027892,-495.717028224148));
#1835=CARTESIAN_POINT('',(117.5,105.297764027878,-501.629461133862));
#1836=CARTESIAN_POINT('Origin',(117.499999999984,3.00478502570085,-477.940931275303));
#1837=CARTESIAN_POINT('',(117.5,105.297764027884,-549.717028224147));
#1838=CARTESIAN_POINT('',(117.499999999984,105.297764027884,-549.717028224147));
#1839=CARTESIAN_POINT('',(117.499999999984,106.797764027892,-549.717028224147));
#1840=CARTESIAN_POINT('Origin',(112.499999999984,133.297764027892,-495.717028224148));
#1841=CARTESIAN_POINT('',(112.499999999984,102.086898335351,-491.458875723094));
#1842=CARTESIAN_POINT('Origin',(112.499999999984,133.297764027892,-495.717028224148));
#1843=CARTESIAN_POINT('Origin',(112.499999999984,107.041004000834,-492.134772945483));
#1844=CARTESIAN_POINT('Ctrl Pts',(117.462750429439,104.526657291781,-502.845186620929));
#1845=CARTESIAN_POINT('Ctrl Pts',(117.488259863353,104.790077706029,-502.440588793777));
#1846=CARTESIAN_POINT('Ctrl Pts',(117.5,105.04714214418,-502.035304055085));
#1847=CARTESIAN_POINT('Ctrl Pts',(117.5,105.297764027874,-501.629461133859));
#1848=CARTESIAN_POINT('Ctrl Pts',(117.396908206402,103.846744686667,-502.677629068284));
#1849=CARTESIAN_POINT('Ctrl Pts',(117.443462219337,104.092441152779,-502.272618794736));
#1850=CARTESIAN_POINT('Ctrl Pts',(117.477108533113,104.333260289645,-501.866944761437));
#1851=CARTESIAN_POINT('Ctrl Pts',(117.499999999999,104.569050033891,-501.460708953864));
#1852=CARTESIAN_POINT('Ctrl Pts',(116.964619540292,102.518509946522,-502.343119500627));
#1853=CARTESIAN_POINT('Ctrl Pts',(117.038914956328,102.720233212324,-501.937316722015));
#1854=CARTESIAN_POINT('Ctrl Pts',(117.102586513542,102.91934568301,-501.530947728973));
#1855=CARTESIAN_POINT('Ctrl Pts',(117.157559728299,103.114888654332,-501.123961059777));
#1856=CARTESIAN_POINT('Ctrl Pts',(115.293394831325,100.697363510752,-501.858972858829));
#1857=CARTESIAN_POINT('Ctrl Pts',(115.363974511264,100.822608065157,-501.456367138245));
#1858=CARTESIAN_POINT('Ctrl Pts',(115.427355490082,100.945699354254,-501.053204373084));
#1859=CARTESIAN_POINT('Ctrl Pts',(115.484843414669,101.066360310641,-500.649572442797));
#1860=CARTESIAN_POINT('Ctrl Pts',(113.540768269929,100.145528547731,-501.682804303373));
#1861=CARTESIAN_POINT('Ctrl Pts',(113.573539076662,100.24126017473,-501.289430321522));
#1862=CARTESIAN_POINT('Ctrl Pts',(113.600043903264,100.335818419964,-500.895768934387));
#1863=CARTESIAN_POINT('Ctrl Pts',(113.621997376281,100.426669789681,-500.5014359025));
#1864=CARTESIAN_POINT('Ctrl Pts',(112.48603141104,100.151274526791,-501.659269699709));
#1865=CARTESIAN_POINT('Ctrl Pts',(112.495597448758,100.245353246165,-501.273938435754));
#1866=CARTESIAN_POINT('Ctrl Pts',(112.5,100.337161974076,-500.887952970334));
#1867=CARTESIAN_POINT('Ctrl Pts',(112.5,100.426669789681,-500.501435902499));
#1868=CARTESIAN_POINT('',(112.5,100.426669789681,-500.501435902499));
#1869=CARTESIAN_POINT('Origin',(112.5,105.29776402788,-501.629461133859));
#1870=CARTESIAN_POINT('',(112.48603141104,100.151274526792,-501.659269699705));
#1871=CARTESIAN_POINT('Ctrl Pts',(112.5,100.426669789681,-500.501435902499));
#1872=CARTESIAN_POINT('Ctrl Pts',(112.5,100.337161974076,-500.887952970334));
#1873=CARTESIAN_POINT('Ctrl Pts',(112.495597448758,100.245353246165,-501.273938435754));
#1874=CARTESIAN_POINT('Ctrl Pts',(112.48603141104,100.151274526791,-501.659269699709));
#1875=CARTESIAN_POINT('',(117.462750429439,104.526657291781,-502.845186620929));
#1876=CARTESIAN_POINT('Origin',(112.48603141104,105.008599001845,-502.845186620929));
#1877=CARTESIAN_POINT('Ctrl Pts',(117.462750429439,104.526657291781,-502.845186620929));
#1878=CARTESIAN_POINT('Ctrl Pts',(117.488259863353,104.790077706029,-502.440588793777));
#1879=CARTESIAN_POINT('Ctrl Pts',(117.5,105.04714214418,-502.035304055085));
#1880=CARTESIAN_POINT('Ctrl Pts',(117.5,105.297764027874,-501.629461133859));
#1881=CARTESIAN_POINT('Ctrl Pts',(109.5,97.2977640278837,-525.3776081241));
#1882=CARTESIAN_POINT('Ctrl Pts',(109.506626255069,97.2977640278837,-525.363625116408));
#1883=CARTESIAN_POINT('Ctrl Pts',(109.513252465121,97.2977722571567,-525.349642103394));
#1884=CARTESIAN_POINT('Ctrl Pts',(110.230570292163,97.2995552112085,-523.835939891698));
#1885=CARTESIAN_POINT('Ctrl Pts',(111.656315757319,97.4926688126362,-520.827000117687));
#1886=CARTESIAN_POINT('Ctrl Pts',(113.685857647346,98.3589921315024,-516.304011936312));
#1887=CARTESIAN_POINT('Ctrl Pts',(115.472695462123,99.8046672822112,-511.789560362118));
#1888=CARTESIAN_POINT('Ctrl Pts',(116.857136200319,101.828758300814,-507.29787358192));
#1889=CARTESIAN_POINT('Ctrl Pts',(117.369478435923,103.563494124273,-504.324547003376));
#1890=CARTESIAN_POINT('Ctrl Pts',(117.462750429439,104.526657291781,-502.845186620927));
#1891=CARTESIAN_POINT('Ctrl Pts',(109.5,97.2977640278837,-525.3776081241));
#1892=CARTESIAN_POINT('Ctrl Pts',(109.505837297314,97.2977635938878,-525.363485049475));
#1893=CARTESIAN_POINT('Ctrl Pts',(109.511674886372,97.2977706191072,-525.349361622385));
#1894=CARTESIAN_POINT('Ctrl Pts',(110.143601636924,97.2991561068169,-523.820489968367));
#1895=CARTESIAN_POINT('Ctrl Pts',(111.399707683997,97.4459918530436,-520.781367581707));
#1896=CARTESIAN_POINT('Ctrl Pts',(113.225858096462,98.1102311163305,-516.209591723211));
#1897=CARTESIAN_POINT('Ctrl Pts',(114.915607058532,99.238722266348,-511.638427388077));
#1898=CARTESIAN_POINT('Ctrl Pts',(116.368824116129,100.865290404511,-507.07509647285));
#1899=CARTESIAN_POINT('Ctrl Pts',(117.083481607241,102.324237020586,-504.034156437345));
#1900=CARTESIAN_POINT('Ctrl Pts',(117.331065983365,103.166832081554,-502.510071515636));
#1901=CARTESIAN_POINT('Ctrl Pts',(109.5,97.2977640278837,-525.3776081241));
#1902=CARTESIAN_POINT('Ctrl Pts',(109.504456657659,97.2977636870861,-525.363239903542));
#1903=CARTESIAN_POINT('Ctrl Pts',(109.508914153071,97.2977681697856,-525.348870811573));
#1904=CARTESIAN_POINT('Ctrl Pts',(109.991387066701,97.2986106320875,-523.793450880129));
#1905=CARTESIAN_POINT('Ctrl Pts',(110.950473725573,97.388846186405,-520.701513574799));
#1906=CARTESIAN_POINT('Ctrl Pts',(112.363646002081,97.7966532511911,-516.044360901698));
#1907=CARTESIAN_POINT('Ctrl Pts',(113.714878260696,98.4889602631692,-511.374098469444));
#1908=CARTESIAN_POINT('Ctrl Pts',(114.961422577574,99.4873422096036,-506.686124462845));
#1909=CARTESIAN_POINT('Ctrl Pts',(115.686356091405,100.388173403926,-503.528862194007));
#1910=CARTESIAN_POINT('Ctrl Pts',(116.004531312131,100.914288113327,-501.928748682509));
#1911=CARTESIAN_POINT('Ctrl Pts',(109.5,97.2977640278837,-525.3776081241));
#1912=CARTESIAN_POINT('Ctrl Pts',(109.50307644218,97.2977639759096,-525.362994415));
#1913=CARTESIAN_POINT('Ctrl Pts',(109.506152968917,97.2977672747854,-525.348380362657));
#1914=CARTESIAN_POINT('Ctrl Pts',(109.839191528643,97.2984619947218,-523.766395693944));
#1915=CARTESIAN_POINT('Ctrl Pts',(110.501166101769,97.3735796549646,-520.621693971748));
#1916=CARTESIAN_POINT('Ctrl Pts',(111.457881921377,97.7110158111424,-515.889513265823));
#1917=CARTESIAN_POINT('Ctrl Pts',(112.332225501291,98.2758846016816,-511.154761132816));
#1918=CARTESIAN_POINT('Ctrl Pts',(113.069442972705,99.0711096295903,-506.423250124345));
#1919=CARTESIAN_POINT('Ctrl Pts',(113.420969327856,99.7594192097137,-503.266079620387));
#1920=CARTESIAN_POINT('Ctrl Pts',(113.540768269929,100.145528547731,-501.682804303372));
#1921=CARTESIAN_POINT('Ctrl Pts',(109.5,97.2977640278837,-525.3776081241));
#1922=CARTESIAN_POINT('Ctrl Pts',(109.502484845648,97.2977640278837,-525.362889168648));
#1923=CARTESIAN_POINT('Ctrl Pts',(109.504969674421,97.2977672762809,-525.348170207568));
#1924=CARTESIAN_POINT('Ctrl Pts',(109.773963859562,97.2984710739329,-523.754799458416));
#1925=CARTESIAN_POINT('Ctrl Pts',(110.308618408995,97.3747001271281,-520.587494433139));
#1926=CARTESIAN_POINT('Ctrl Pts',(111.069696617755,97.7166698582594,-515.826454242218));
#1927=CARTESIAN_POINT('Ctrl Pts',(111.739760798296,98.2873311019603,-511.074399953592));
#1928=CARTESIAN_POINT('Ctrl Pts',(112.25892607512,99.0863143987774,-506.346308606016));
#1929=CARTESIAN_POINT('Ctrl Pts',(112.451054413471,99.7710785396163,-503.216491154917));
#1930=CARTESIAN_POINT('Ctrl Pts',(112.48603141104,100.151274526791,-501.659269699708));
#1931=CARTESIAN_POINT('',(109.5,97.2977640278837,-525.3776081241));
#1932=CARTESIAN_POINT('Ctrl Pts',(112.48603141104,100.151274526791,-501.659269699708));
#1933=CARTESIAN_POINT('Ctrl Pts',(112.451054413471,99.7710785396163,-503.216491154917));
#1934=CARTESIAN_POINT('Ctrl Pts',(112.25892607512,99.0863143987774,-506.346308606016));
#1935=CARTESIAN_POINT('Ctrl Pts',(111.739760798296,98.2873311019603,-511.074399953592));
#1936=CARTESIAN_POINT('Ctrl Pts',(111.069696617755,97.7166698582594,-515.826454242218));
#1937=CARTESIAN_POINT('Ctrl Pts',(110.308618408995,97.3747001271281,-520.587494433139));
#1938=CARTESIAN_POINT('Ctrl Pts',(109.773963859562,97.2984710739329,-523.754799458416));
#1939=CARTESIAN_POINT('Ctrl Pts',(109.504969674421,97.2977672762809,-525.348170207568));
#1940=CARTESIAN_POINT('Ctrl Pts',(109.502484845648,97.2977640278837,-525.362889168648));
#1941=CARTESIAN_POINT('Ctrl Pts',(109.5,97.2977640278837,-525.3776081241));
#1942=CARTESIAN_POINT('Ctrl Pts',(109.5,97.2977640278837,-525.3776081241));
#1943=CARTESIAN_POINT('Ctrl Pts',(109.506626255069,97.2977640278837,-525.363625116408));
#1944=CARTESIAN_POINT('Ctrl Pts',(109.513252465121,97.2977722571567,-525.349642103394));
#1945=CARTESIAN_POINT('Ctrl Pts',(110.230570292163,97.2995552112085,-523.835939891698));
#1946=CARTESIAN_POINT('Ctrl Pts',(111.656315757319,97.4926688126362,-520.827000117687));
#1947=CARTESIAN_POINT('Ctrl Pts',(113.685857647346,98.3589921315024,-516.304011936312));
#1948=CARTESIAN_POINT('Ctrl Pts',(115.472695462123,99.8046672822112,-511.789560362118));
#1949=CARTESIAN_POINT('Ctrl Pts',(116.857136200319,101.828758300814,-507.29787358192));
#1950=CARTESIAN_POINT('Ctrl Pts',(117.369478435923,103.563494124273,-504.324547003376));
#1951=CARTESIAN_POINT('Ctrl Pts',(117.462750429439,104.526657291781,-502.845186620927));
#1952=CARTESIAN_POINT('Origin',(112.499999999984,3.00478502570085,-477.940931275303));
#1953=CARTESIAN_POINT('Origin',(112.499999999984,3.00478502570085,-477.940931275303));
#1954=CARTESIAN_POINT('Origin',(112.499999999584,133.297764027892,-495.717028224148));
#1955=CARTESIAN_POINT('',(108.499999999584,102.086898335351,-491.458875723094));
#1956=CARTESIAN_POINT('Origin',(108.499999999584,133.297764027892,-495.717028224148));
#1957=CARTESIAN_POINT('',(109.5,102.086898335351,-491.458875723094));
#1958=CARTESIAN_POINT('',(112.499999999584,102.086898335351,-491.458875723094));
#1959=CARTESIAN_POINT('',(112.499999999584,102.086898335351,-491.458875723094));
#1960=CARTESIAN_POINT('Origin',(112.499999999584,3.00478502570085,-477.940931275303));
#1961=CARTESIAN_POINT('',(109.5,100.151274526792,-501.659269699702));
#1962=CARTESIAN_POINT('Origin',(109.5,3.00478502570085,-477.940931275303));
#1963=CARTESIAN_POINT('',(108.499999999584,100.151274526792,-501.659269699702));
#1964=CARTESIAN_POINT('Origin',(108.499999999584,3.00478502570085,-477.940931275303));
#1965=CARTESIAN_POINT('',(112.499999999584,100.151274526792,-501.659269699702));
#1966=CARTESIAN_POINT('Origin',(112.499999999584,3.00478502570085,-477.940931275303));
#1967=CARTESIAN_POINT('',(112.499999999584,100.151274526792,-501.659269699702));
#1968=CARTESIAN_POINT('Origin',(112.499999999584,197.297764027884,-525.3776081241));
#1969=CARTESIAN_POINT('Origin',(109.5,197.297764027884,-525.3776081241));
#1970=CARTESIAN_POINT('Origin',(112.499999999584,197.297764027884,-525.3776081241));
#1971=CARTESIAN_POINT('',(108.499999999584,97.2977640278837,-525.3776081241));
#1972=CARTESIAN_POINT('Origin',(108.499999999584,197.297764027884,-525.3776081241));
#1973=CARTESIAN_POINT('',(112.499999999584,97.2977640278837,-525.3776081241));
#1974=CARTESIAN_POINT('Origin',(108.499999999584,97.2977640278837,-549.717028224147));
#1975=CARTESIAN_POINT('',(108.499999999584,97.2977640278837,-549.717028224147));
#1976=CARTESIAN_POINT('',(108.499999999584,97.2977640278837,-549.717028224147));
#1977=CARTESIAN_POINT('',(109.5,97.2977640278837,-549.717028224147));
#1978=CARTESIAN_POINT('',(-61.5,97.2977640278837,-549.717028224147));
#1979=CARTESIAN_POINT('',(109.5,97.2977640278837,-549.717028224147));
#1980=CARTESIAN_POINT('Origin',(108.499999999584,117.547764027891,-506.967028224147));
#1981=CARTESIAN_POINT('',(108.499999999584,159.797764027891,-549.717028224147));
#1982=CARTESIAN_POINT('',(108.499999999584,108.431738624152,-495.717028224147));
#1983=CARTESIAN_POINT('Origin',(108.499999999584,133.297764027892,-495.717028224148));
#1984=CARTESIAN_POINT('',(108.499999999584,108.431738624152,-501.903159362063));
#1985=CARTESIAN_POINT('',(108.499999999584,108.431738624152,-523.467028224147));
#1986=CARTESIAN_POINT('',(108.499999999584,107.430398878189,-516.028794784303));
#1987=CARTESIAN_POINT('Origin',(108.499999999584,8.2977640278915,-501.903159362063));
#1988=CARTESIAN_POINT('',(108.499999999584,106.784496089463,-521.730181886982));
#1989=CARTESIAN_POINT('Origin',(108.499999999584,206.297764027892,-530.116631321395));
#1990=CARTESIAN_POINT('',(108.49999999954,106.31001878672,-528.551127700619));
#1991=CARTESIAN_POINT('Ctrl Pts',(108.499999999584,106.784496089463,-521.730181886982));
#1992=CARTESIAN_POINT('Ctrl Pts',(108.499999999584,106.664365183382,-523.155650333202));
#1993=CARTESIAN_POINT('Ctrl Pts',(108.499999999568,106.580406826776,-524.065398047724));
#1994=CARTESIAN_POINT('Ctrl Pts',(108.499999999568,106.408521384092,-526.215262754371));
#1995=CARTESIAN_POINT('Ctrl Pts',(108.499999999584,106.327865237505,-527.411285958853));
#1996=CARTESIAN_POINT('Ctrl Pts',(108.499999999584,106.31001878673,-528.551127700014));
#1997=CARTESIAN_POINT('',(108.499999999584,106.297764027892,-530.116631321395));
#1998=CARTESIAN_POINT('Origin',(108.499999999584,206.297764027892,-530.116631321395));
#1999=CARTESIAN_POINT('',(108.499999999584,106.297764027892,-549.717028224147));
#2000=CARTESIAN_POINT('',(108.499999999584,106.297764027892,-523.11349819416));
#2001=CARTESIAN_POINT('',(108.499999999584,106.797764027892,-549.717028224147));
#2002=CARTESIAN_POINT('Origin',(109.5,105.297764027884,-549.717028224147));
#2003=CARTESIAN_POINT('Origin',(109.5,105.297764027884,-549.717028224147));
#2004=CARTESIAN_POINT('Origin',(112.499999999584,101.797764027892,-549.717028224147));
#2005=CARTESIAN_POINT('',(111.999999999584,106.297764027892,-549.717028224147));
#2006=CARTESIAN_POINT('',(109.374999999798,106.297764027892,-549.717028224147));
#2007=CARTESIAN_POINT('',(112.499999999584,106.797764027892,-549.717028224147));
#2008=CARTESIAN_POINT('Origin',(111.999999999584,106.797764027892,-549.717028224147));
#2009=CARTESIAN_POINT('',(112.499999999584,149.047764027891,-549.717028224147));
#2010=CARTESIAN_POINT('Origin',(106.250000000001,108.297764027892,-526.217028224147));
#2011=CARTESIAN_POINT('',(111.999999999584,108.297764027892,-501.903159362063));
#2012=CARTESIAN_POINT('',(111.999999999584,108.297764027891,-495.717028224148));
#2013=CARTESIAN_POINT('',(111.999999999584,108.297764027892,-510.967028224147));
#2014=CARTESIAN_POINT('',(108.999999999661,108.297764027892,-501.903159362063));
#2015=CARTESIAN_POINT('',(107.125000000006,108.297764027892,-501.903159362063));
#2016=CARTESIAN_POINT('',(108.999999999661,108.297764027891,-495.717028224148));
#2017=CARTESIAN_POINT('',(108.999999999661,108.297764027892,-523.467028224147));
#2018=CARTESIAN_POINT('',(110.25,108.297764027891,-495.717028224148));
#2019=CARTESIAN_POINT('Origin',(107.125000000006,8.2977640278915,-501.903159362063));
#2020=CARTESIAN_POINT('',(111.999999999584,107.297764027892,-516.009895341729));
#2021=CARTESIAN_POINT('Origin',(111.999999999584,8.2977640278915,-501.903159362063));
#2022=CARTESIAN_POINT('',(108.999999999661,107.297764027892,-516.009895341729));
#2023=CARTESIAN_POINT('',(107.125000000006,107.297764027892,-516.009895341729));
#2024=CARTESIAN_POINT('Origin',(108.999999999661,8.2977640278915,-501.903159362063));
#2025=CARTESIAN_POINT('Origin',(111.999999999584,206.297764027892,-530.116631321395));
#2026=CARTESIAN_POINT('',(112.499999999584,106.797764027892,-530.116631321395));
#2027=CARTESIAN_POINT('',(111.999999999584,106.297764027892,-530.116631321395));
#2028=CARTESIAN_POINT('Origin',(111.999999999584,106.797764027892,-530.116631321395));
#2029=CARTESIAN_POINT('Origin',(111.999999999584,206.297764027892,-530.116631321395));
#2030=CARTESIAN_POINT('',(112.499999999584,107.792764027892,-516.080429021627));
#2031=CARTESIAN_POINT('Origin',(111.999999999584,107.792764027892,-516.080429021627));
#2032=CARTESIAN_POINT('Origin',(112.499999999584,206.297764027892,-530.116631321395));
#2033=CARTESIAN_POINT('Origin',(111.999999999584,8.2977640278915,-501.903159362063));
#2034=CARTESIAN_POINT('',(112.499999999584,108.797764027892,-501.903159362063));
#2035=CARTESIAN_POINT('Origin',(111.999999999584,108.797764027892,-501.903159362063));
#2036=CARTESIAN_POINT('Origin',(112.499999999584,8.2977640278915,-501.903159362063));
#2037=CARTESIAN_POINT('Origin',(111.999999999584,108.797764027892,-510.967028224147));
#2038=CARTESIAN_POINT('',(112.499999999584,108.797764027892,-495.717028224148));
#2039=CARTESIAN_POINT('Origin',(111.999999999584,108.797764027892,-495.717028224148));
#2040=CARTESIAN_POINT('',(112.499999999584,108.797764027892,-510.967028224147));
#2041=CARTESIAN_POINT('Origin',(112.499999999584,133.297764027892,-495.717028224148));
#2042=CARTESIAN_POINT('Origin',(112.499999999584,133.297764027892,-495.717028224148));
#2043=CARTESIAN_POINT('',(112.499999999584,106.797764027892,-517.48849819416));
#2044=CARTESIAN_POINT('Origin',(111.999999999584,106.797764027892,-517.48849819416));
#2045=CARTESIAN_POINT('',(111.999999999584,106.297764027892,-517.48849819416));
#2046=CARTESIAN_POINT('Origin',(106.250000000011,106.297764027892,-539.259968164171));
#2047=CARTESIAN_POINT('',(107.125000000006,106.297764027892,-530.116631321395));
#2048=CARTESIAN_POINT('Origin',(107.125000000006,206.297764027892,-530.116631321395));
#2049=CARTESIAN_POINT('',(109.,106.650994732419,-521.718931102002));
#2050=CARTESIAN_POINT('Ctrl Pts',(109.,106.650994732419,-521.718931102002));
#2051=CARTESIAN_POINT('Ctrl Pts',(109.,106.458775746052,-523.999793777286));
#2052=CARTESIAN_POINT('Ctrl Pts',(108.833165156121,106.345463178587,-526.287316376808));
#2053=CARTESIAN_POINT('Ctrl Pts',(108.499999999496,106.310018786721,-528.551127700612));
#2054=CARTESIAN_POINT('Origin',(108.999999999661,206.297764027892,-530.116631321395));
#2055=CARTESIAN_POINT('Ctrl Pts',(108.005347270478,106.445178306214,-528.479710501495));
#2056=CARTESIAN_POINT('Ctrl Pts',(108.335621368768,106.481427752639,-526.24344621244));
#2057=CARTESIAN_POINT('Ctrl Pts',(108.50043879981,106.594339023149,-523.983549851576));
#2058=CARTESIAN_POINT('Ctrl Pts',(108.499247424911,106.784929488539,-521.730218411553));
#2059=CARTESIAN_POINT('Ctrl Pts',(108.15487472511,106.357542615186,-528.50056663425));
#2060=CARTESIAN_POINT('Ctrl Pts',(108.486074004078,106.393709570157,-526.254924480305));
#2061=CARTESIAN_POINT('Ctrl Pts',(108.651487872565,106.506753999906,-523.985609445678));
#2062=CARTESIAN_POINT('Ctrl Pts',(108.650572256679,106.697695817644,-521.722866821307));
#2063=CARTESIAN_POINT('Ctrl Pts',(108.32733053406,106.310420578039,-528.525465538317));
#2064=CARTESIAN_POINT('Ctrl Pts',(108.659512851474,106.346313661992,-526.270214789561));
#2065=CARTESIAN_POINT('Ctrl Pts',(108.825636768951,106.459495907497,-523.991275369636));
#2066=CARTESIAN_POINT('Ctrl Pts',(108.825177335776,106.650994732419,-521.718931102002));
#2067=CARTESIAN_POINT('Ctrl Pts',(108.499999999496,106.310018786721,-528.551127700612));
#2068=CARTESIAN_POINT('Ctrl Pts',(108.833165156121,106.345463178587,-526.287316376808));
#2069=CARTESIAN_POINT('Ctrl Pts',(109.,106.458775746052,-523.999793777286));
#2070=CARTESIAN_POINT('Ctrl Pts',(109.,106.650994732419,-521.718931102002));
#2071=CARTESIAN_POINT('Origin',(109.,107.647462425373,-521.802908104196));
#2072=CARTESIAN_POINT('Origin',(108.999999999661,206.297764027892,-530.116631321395));
#2073=CARTESIAN_POINT('Origin',(108.999999999661,108.287764027892,-516.150962701526));
#2074=CARTESIAN_POINT('Origin',(108.999999999661,8.2977640278915,-501.903159362063));
#2075=CARTESIAN_POINT('Origin',(108.999999999661,109.297764027892,-501.903159362063));
#2076=CARTESIAN_POINT('Origin',(108.999999999661,109.297764027892,-523.467028224147));
#2077=CARTESIAN_POINT('Origin',(108.999999999661,109.297764027892,-495.717028224148));
#2078=CARTESIAN_POINT('Origin',(108.999999999661,133.297764027892,-495.717028224148));
#2079=CARTESIAN_POINT('Origin',(108.999999999661,133.297764027892,-495.717028224148));
#2080=CARTESIAN_POINT('Origin',(110.25,133.297764027892,-495.717028224148));
#2081=CARTESIAN_POINT('Origin',(111.999999999584,133.297764027892,-495.717028224148));
#2082=CARTESIAN_POINT('Origin',(111.999999999584,133.297764027892,-495.717028224148));
#2083=UNCERTAINTY_MEASURE_WITH_UNIT(LENGTH_MEASURE(0.01),#2087,
'DISTANCE_ACCURACY_VALUE',
'Maximum model space distance between geometric entities at asserted c
onnectivities');
#2084=UNCERTAINTY_MEASURE_WITH_UNIT(LENGTH_MEASURE(0.01),#2087,
'DISTANCE_ACCURACY_VALUE',
'Maximum model space distance between geometric entities at asserted c
onnectivities');
#2085=(
GEOMETRIC_REPRESENTATION_CONTEXT(3)
GLOBAL_UNCERTAINTY_ASSIGNED_CONTEXT((#2083))
GLOBAL_UNIT_ASSIGNED_CONTEXT((#2087,#2089,#2090))
REPRESENTATION_CONTEXT('','3D')
);
#2086=(
GEOMETRIC_REPRESENTATION_CONTEXT(3)
GLOBAL_UNCERTAINTY_ASSIGNED_CONTEXT((#2084))
GLOBAL_UNIT_ASSIGNED_CONTEXT((#2087,#2089,#2090))
REPRESENTATION_CONTEXT('','3D')
);
#2087=(
LENGTH_UNIT()
NAMED_UNIT(*)
SI_UNIT(.MILLI.,.METRE.)
);
#2088=(
LENGTH_UNIT()
NAMED_UNIT(*)
SI_UNIT($,.METRE.)
);
#2089=(
NAMED_UNIT(*)
PLANE_ANGLE_UNIT()
SI_UNIT($,.RADIAN.)
);
#2090=(
NAMED_UNIT(*)
SI_UNIT($,.STERADIAN.)
SOLID_ANGLE_UNIT()
);
#2091=SHAPE_DEFINITION_REPRESENTATION(#2092,#2093);
#2092=PRODUCT_DEFINITION_SHAPE('',$,#2095);
#2093=SHAPE_REPRESENTATION('',(#1067),#2085);
#2094=PRODUCT_DEFINITION_CONTEXT('part definition',#2099,'design');
#2095=PRODUCT_DEFINITION('2026-09-19-16-55-58-779','foot_front',#2096,#2094);
#2096=PRODUCT_DEFINITION_FORMATION('',$,#2101);
#2097=PRODUCT_RELATED_PRODUCT_CATEGORY('foot_front','foot_front',(#2101));
#2098=APPLICATION_PROTOCOL_DEFINITION('international standard',
'automotive_design',2009,#2099);
#2099=APPLICATION_CONTEXT(
'Core Data for Automotive Mechanical Design Process');
#2100=PRODUCT_CONTEXT('part definition',#2099,'mechanical');
#2101=PRODUCT('2026-09-19-16-55-58-779','foot_front',$,(#2100));
#2102=PRESENTATION_STYLE_ASSIGNMENT((#2104));
#2103=PRESENTATION_STYLE_ASSIGNMENT((#2105));
#2104=SURFACE_STYLE_USAGE(.BOTH.,#2106);
#2105=SURFACE_STYLE_USAGE(.BOTH.,#2107);
#2106=SURFACE_SIDE_STYLE('',(#2108));
#2107=SURFACE_SIDE_STYLE('',(#2109));
#2108=SURFACE_STYLE_FILL_AREA(#2110);
#2109=SURFACE_STYLE_FILL_AREA(#2111);
#2110=FILL_AREA_STYLE('Steel - Satin',(#2112));
#2111=FILL_AREA_STYLE('ABS (White)',(#2113));
#2112=FILL_AREA_STYLE_COLOUR('Steel - Satin',#2114);
#2113=FILL_AREA_STYLE_COLOUR('ABS (White)',#2115);
#2114=COLOUR_RGB('Steel - Satin',0.627450980392157,0.627450980392157,0.627450980392157);
#2115=COLOUR_RGB('ABS (White)',0.,0.,0.);
ENDSEC;
END-ISO-10303-21;
