ISO-10303-21;
HEADER;
/* Generated by software containing ST-Developer
 * from STEP Tools, Inc. (www.steptools.com) 
 */

FILE_DESCRIPTION(
/* description */ (''),
/* implementation_level */ '2;1');

FILE_NAME(
/* name */ 'Component35~2.step',
/* time_stamp */ '2026-09-19T17:01:26-04:00',
/* author */ (''),
/* organization */ (''),
/* preprocessor_version */ 'ST-DEVELOPER v20.2',
/* originating_system */ 'Autodesk Translation Framework v15.15.0.0',
/* authorisation */ '');

FILE_SCHEMA (('AUTOMOTIVE_DESIGN { 1 0 10303 214 3 1 1 }'));
ENDSEC;

DATA;
#10=MECHANICAL_DESIGN_GEOMETRIC_PRESENTATION_REPRESENTATION('',(#13),#8078);
#11=SHAPE_REPRESENTATION_RELATIONSHIP('SRR','None',#8085,#12);
#12=ADVANCED_BREP_SHAPE_REPRESENTATION('',(#14),#8077);
#13=STYLED_ITEM('',(#8095),#14);
#14=MANIFOLD_SOLID_BREP('Body1',#3651);
#15=TOROIDAL_SURFACE('',#3994,45.5,2.);
#16=TOROIDAL_SURFACE('',#4006,45.5,2.);
#17=CONICAL_SURFACE('',#3910,2.1,0.785398163397429);
#18=CONICAL_SURFACE('',#3912,3.39999999999999,0.785398163397459);
#19=CONICAL_SURFACE('',#3916,2.1,0.785398163397456);
#20=CONICAL_SURFACE('',#3917,29.4,0.785398163397426);
#21=CONICAL_SURFACE('',#3918,2.1,0.785398163397456);
#22=CONICAL_SURFACE('',#3920,3.4,0.785398163397447);
#23=CONICAL_SURFACE('',#3924,2.1,0.785398163397459);
#24=CONICAL_SURFACE('',#3925,29.4,0.785398163397459);
#25=CONICAL_SURFACE('',#3926,2.1,0.785398163397459);
#26=CONICAL_SURFACE('',#3928,3.4,0.785398163397439);
#27=CONICAL_SURFACE('',#3932,2.1,0.785398163397443);
#28=CONICAL_SURFACE('',#3936,1.9,0.785398163397429);
#29=CONICAL_SURFACE('',#3940,1.9,0.785398163397456);
#30=CONICAL_SURFACE('',#3942,29.6,0.785398163397426);
#31=CONICAL_SURFACE('',#3944,1.9,0.785398163397463);
#32=CONICAL_SURFACE('',#3950,1.9,0.785398163397448);
#33=CONICAL_SURFACE('',#3952,29.6,0.785398163397448);
#34=CONICAL_SURFACE('',#3954,1.9,0.785398163397459);
#35=CONICAL_SURFACE('',#3960,1.9,0.785398163397441);
#36=CONICAL_SURFACE('',#3998,29.4,0.785398163397426);
#37=CONICAL_SURFACE('',#4002,29.6,0.785398163397426);
#38=SPHERICAL_SURFACE('',#3882,1.99999999999999);
#39=SPHERICAL_SURFACE('',#3884,2.00000000000001);
#40=(
BOUNDED_SURFACE()
B_SPLINE_SURFACE(2,2,((#7743,#7744,#7745),(#7746,#7747,#7748),(#7749,#7750,
#7751)),.UNSPECIFIED.,.F.,.F.,.F.)
B_SPLINE_SURFACE_WITH_KNOTS((3,3),(3,3),(-3.14159265358979,-1.5707963267949),
(-3.14159265358979,-1.5707963267949),.UNSPECIFIED.)
GEOMETRIC_REPRESENTATION_ITEM()
RATIONAL_B_SPLINE_SURFACE(((1.,0.707106781186548,1.),(0.707106781186542,
0.499999999999996,0.707106781186542),(1.,0.707106781186548,1.)))
REPRESENTATION_ITEM('')
SURFACE()
);
#41=B_SPLINE_SURFACE_WITH_KNOTS('',3,3,((#5758,#5759,#5760,#5761,#5762),
(#5763,#5764,#5765,#5766,#5767),(#5768,#5769,#5770,#5771,#5772),(#5773,
#5774,#5775,#5776,#5777),(#5778,#5779,#5780,#5781,#5782)),.UNSPECIFIED.,
 .F.,.F.,.F.,(4,1,4),(4,1,4),(0.,0.571428571428571,1.),(5.56283494665241E-17,
0.202002612441868,0.471339429031024),.UNSPECIFIED.);
#42=B_SPLINE_SURFACE_WITH_KNOTS('',3,3,((#5798,#5799,#5800,#5801,#5802),
(#5803,#5804,#5805,#5806,#5807),(#5808,#5809,#5810,#5811,#5812),(#5813,
#5814,#5815,#5816,#5817),(#5818,#5819,#5820,#5821,#5822)),.UNSPECIFIED.,
 .F.,.F.,.F.,(4,1,4),(4,1,4),(0.,0.571428571428571,1.),(0.47134458322164,
0.673347195663507,0.942684012252663),.UNSPECIFIED.);
#43=B_SPLINE_SURFACE_WITH_KNOTS('',3,3,((#5872,#5873,#5874,#5875,#5876,
#5877,#5878,#5879,#5880),(#5881,#5882,#5883,#5884,#5885,#5886,#5887,#5888,
#5889),(#5890,#5891,#5892,#5893,#5894,#5895,#5896,#5897,#5898),(#5899,#5900,
#5901,#5902,#5903,#5904,#5905,#5906,#5907),(#5908,#5909,#5910,#5911,#5912,
#5913,#5914,#5915,#5916)),.UNSPECIFIED.,.F.,.F.,.F.,(4,1,4),(4,1,1,1,1,
1,4),(0.,0.571428571428571,1.),(0.,0.134669143989155,0.404007431967465,
0.53867657595662,0.673345719945775,0.80801486393493,0.942684007924086),
 .UNSPECIFIED.);
#44=B_SPLINE_SURFACE_WITH_KNOTS('',3,3,((#5934,#5935,#5936,#5937,#5938,
#5939,#5940,#5941,#5942),(#5943,#5944,#5945,#5946,#5947,#5948,#5949,#5950,
#5951),(#5952,#5953,#5954,#5955,#5956,#5957,#5958,#5959,#5960),(#5961,#5962,
#5963,#5964,#5965,#5966,#5967,#5968,#5969),(#5970,#5971,#5972,#5973,#5974,
#5975,#5976,#5977,#5978)),.UNSPECIFIED.,.F.,.F.,.F.,(4,1,4),(4,1,1,1,1,
1,4),(0.,0.571428571428571,1.),(0.,0.134669143989155,0.26933828797831,0.53867657595662,
0.673345719945775,0.80801486393493,0.942684007924085),.UNSPECIFIED.);
#45=B_SPLINE_SURFACE_WITH_KNOTS('',3,3,((#6024,#6025,#6026,#6027,#6028,
#6029,#6030,#6031,#6032),(#6033,#6034,#6035,#6036,#6037,#6038,#6039,#6040,
#6041),(#6042,#6043,#6044,#6045,#6046,#6047,#6048,#6049,#6050),(#6051,#6052,
#6053,#6054,#6055,#6056,#6057,#6058,#6059),(#6060,#6061,#6062,#6063,#6064,
#6065,#6066,#6067,#6068)),.UNSPECIFIED.,.F.,.F.,.F.,(4,1,4),(4,1,1,1,1,
1,4),(0.,0.571428571428571,1.),(2.67982385619388E-16,0.134669144003593,
0.404007432010778,0.538676576014371,0.673345720017963,0.808014864021556,
0.942684008025149),.UNSPECIFIED.);
#46=B_SPLINE_SURFACE_WITH_KNOTS('',3,3,((#6086,#6087,#6088,#6089,#6090,
#6091,#6092,#6093,#6094),(#6095,#6096,#6097,#6098,#6099,#6100,#6101,#6102,
#6103),(#6104,#6105,#6106,#6107,#6108,#6109,#6110,#6111,#6112),(#6113,#6114,
#6115,#6116,#6117,#6118,#6119,#6120,#6121),(#6122,#6123,#6124,#6125,#6126,
#6127,#6128,#6129,#6130)),.UNSPECIFIED.,.F.,.F.,.F.,(4,1,4),(4,1,1,1,1,
1,4),(0.,0.571428571428571,1.),(0.,0.134669144003593,0.269338288007185,
0.404007432010778,0.673345720017963,0.808014864021555,0.942684008025148),
 .UNSPECIFIED.);
#47=B_SPLINE_SURFACE_WITH_KNOTS('',3,3,((#6176,#6177,#6178,#6179,#6180,
#6181,#6182,#6183,#6184),(#6185,#6186,#6187,#6188,#6189,#6190,#6191,#6192,
#6193),(#6194,#6195,#6196,#6197,#6198,#6199,#6200,#6201,#6202),(#6203,#6204,
#6205,#6206,#6207,#6208,#6209,#6210,#6211),(#6212,#6213,#6214,#6215,#6216,
#6217,#6218,#6219,#6220)),.UNSPECIFIED.,.F.,.F.,.F.,(4,1,4),(4,1,1,1,1,
1,4),(0.,0.571428571428571,1.),(0.,0.134669144138487,0.404007432415461,
0.538676576553949,0.673345720692436,0.808014864830923,0.94268400896941),
 .UNSPECIFIED.);
#48=B_SPLINE_SURFACE_WITH_KNOTS('',3,3,((#6238,#6239,#6240,#6241,#6242,
#6243,#6244,#6245,#6246),(#6247,#6248,#6249,#6250,#6251,#6252,#6253,#6254,
#6255),(#6256,#6257,#6258,#6259,#6260,#6261,#6262,#6263,#6264),(#6265,#6266,
#6267,#6268,#6269,#6270,#6271,#6272,#6273),(#6274,#6275,#6276,#6277,#6278,
#6279,#6280,#6281,#6282)),.UNSPECIFIED.,.F.,.F.,.F.,(4,1,4),(4,1,1,1,1,
1,4),(0.,0.571428571428571,1.),(0.,0.134669144138487,0.404007432415462,
0.538676576553949,0.673345720692436,0.808014864830923,0.942684008969411),
 .UNSPECIFIED.);
#49=B_SPLINE_SURFACE_WITH_KNOTS('',3,3,((#6328,#6329,#6330,#6331,#6332,
#6333,#6334,#6335,#6336),(#6337,#6338,#6339,#6340,#6341,#6342,#6343,#6344,
#6345),(#6346,#6347,#6348,#6349,#6350,#6351,#6352,#6353,#6354),(#6355,#6356,
#6357,#6358,#6359,#6360,#6361,#6362,#6363),(#6364,#6365,#6366,#6367,#6368,
#6369,#6370,#6371,#6372)),.UNSPECIFIED.,.F.,.F.,.F.,(4,1,4),(4,1,1,1,1,
1,4),(0.,0.571428571428571,1.),(0.,0.134669144153079,0.269338288306158,
0.404007432459237,0.673345720765394,0.808014864918473,0.942684009071552),
 .UNSPECIFIED.);
#50=B_SPLINE_SURFACE_WITH_KNOTS('',3,3,((#6390,#6391,#6392,#6393,#6394,
#6395,#6396,#6397,#6398),(#6399,#6400,#6401,#6402,#6403,#6404,#6405,#6406,
#6407),(#6408,#6409,#6410,#6411,#6412,#6413,#6414,#6415,#6416),(#6417,#6418,
#6419,#6420,#6421,#6422,#6423,#6424,#6425),(#6426,#6427,#6428,#6429,#6430,
#6431,#6432,#6433,#6434)),.UNSPECIFIED.,.F.,.F.,.F.,(4,1,4),(4,1,1,1,1,
1,4),(0.,0.571428571428571,1.),(0.,0.134669144153079,0.269338288306158,
0.404007432459237,0.673345720765395,0.808014864918475,0.942684009071554),
 .UNSPECIFIED.);
#51=B_SPLINE_SURFACE_WITH_KNOTS('',3,3,((#6480,#6481,#6482,#6483,#6484,
#6485,#6486,#6487,#6488),(#6489,#6490,#6491,#6492,#6493,#6494,#6495,#6496,
#6497),(#6498,#6499,#6500,#6501,#6502,#6503,#6504,#6505,#6506),(#6507,#6508,
#6509,#6510,#6511,#6512,#6513,#6514,#6515),(#6516,#6517,#6518,#6519,#6520,
#6521,#6522,#6523,#6524)),.UNSPECIFIED.,.F.,.F.,.F.,(4,1,4),(4,1,1,1,1,
1,4),(0.,0.571428571428571,1.),(0.,0.134669144351835,0.404007433055504,
0.538676577407338,0.673345721759173,0.808014866111008,0.942684010462842),
 .UNSPECIFIED.);
#52=B_SPLINE_SURFACE_WITH_KNOTS('',3,3,((#6542,#6543,#6544,#6545,#6546,
#6547,#6548,#6549,#6550),(#6551,#6552,#6553,#6554,#6555,#6556,#6557,#6558,
#6559),(#6560,#6561,#6562,#6563,#6564,#6565,#6566,#6567,#6568),(#6569,#6570,
#6571,#6572,#6573,#6574,#6575,#6576,#6577),(#6578,#6579,#6580,#6581,#6582,
#6583,#6584,#6585,#6586)),.UNSPECIFIED.,.F.,.F.,.F.,(4,1,4),(4,1,1,1,1,
1,4),(0.,0.571428571428571,1.),(0.,0.134669144351834,0.404007433055503,
0.538676577407338,0.673345721759173,0.808014866111007,0.942684010462841),
 .UNSPECIFIED.);
#53=B_SPLINE_SURFACE_WITH_KNOTS('',3,3,((#6632,#6633,#6634,#6635,#6636,
#6637,#6638,#6639,#6640),(#6641,#6642,#6643,#6644,#6645,#6646,#6647,#6648,
#6649),(#6650,#6651,#6652,#6653,#6654,#6655,#6656,#6657,#6658),(#6659,#6660,
#6661,#6662,#6663,#6664,#6665,#6666,#6667),(#6668,#6669,#6670,#6671,#6672,
#6673,#6674,#6675,#6676)),.UNSPECIFIED.,.F.,.F.,.F.,(4,1,4),(4,1,1,1,1,
1,4),(0.,0.571428571428571,1.),(1.55206302069647E-15,0.134669144153081,
0.26933828830616,0.404007432459239,0.673345720765398,0.808014864918477,
0.942684009071556),.UNSPECIFIED.);
#54=B_SPLINE_SURFACE_WITH_KNOTS('',3,3,((#6694,#6695,#6696,#6697,#6698,
#6699,#6700,#6701,#6702),(#6703,#6704,#6705,#6706,#6707,#6708,#6709,#6710,
#6711),(#6712,#6713,#6714,#6715,#6716,#6717,#6718,#6719,#6720),(#6721,#6722,
#6723,#6724,#6725,#6726,#6727,#6728,#6729),(#6730,#6731,#6732,#6733,#6734,
#6735,#6736,#6737,#6738)),.UNSPECIFIED.,.F.,.F.,.F.,(4,1,4),(4,1,1,1,1,
1,4),(0.,0.571428571428571,1.),(0.,0.134669144153079,0.269338288306158,
0.404007432459237,0.538676576612317,0.808014864918475,0.942684009071554),
 .UNSPECIFIED.);
#55=B_SPLINE_SURFACE_WITH_KNOTS('',3,3,((#6784,#6785,#6786,#6787,#6788,
#6789,#6790,#6791,#6792),(#6793,#6794,#6795,#6796,#6797,#6798,#6799,#6800,
#6801),(#6802,#6803,#6804,#6805,#6806,#6807,#6808,#6809,#6810),(#6811,#6812,
#6813,#6814,#6815,#6816,#6817,#6818,#6819),(#6820,#6821,#6822,#6823,#6824,
#6825,#6826,#6827,#6828)),.UNSPECIFIED.,.F.,.F.,.F.,(4,1,4),(4,1,1,1,1,
1,4),(0.,0.571428571428571,1.),(2.56488599532737E-16,0.134669144138488,
0.404007432415462,0.538676576553949,0.673345720692437,0.808014864830924,
0.942684008969411),.UNSPECIFIED.);
#56=B_SPLINE_SURFACE_WITH_KNOTS('',3,3,((#6846,#6847,#6848,#6849,#6850,
#6851,#6852,#6853,#6854),(#6855,#6856,#6857,#6858,#6859,#6860,#6861,#6862,
#6863),(#6864,#6865,#6866,#6867,#6868,#6869,#6870,#6871,#6872),(#6873,#6874,
#6875,#6876,#6877,#6878,#6879,#6880,#6881),(#6882,#6883,#6884,#6885,#6886,
#6887,#6888,#6889,#6890)),.UNSPECIFIED.,.F.,.F.,.F.,(4,1,4),(4,1,1,1,1,
1,4),(0.,0.571428571428571,1.),(0.,0.134669144138487,0.269338288276974,
0.404007432415461,0.538676576553948,0.808014864830922,0.942684008969409),
 .UNSPECIFIED.);
#57=B_SPLINE_SURFACE_WITH_KNOTS('',3,3,((#6936,#6937,#6938,#6939,#6940,
#6941,#6942,#6943,#6944),(#6945,#6946,#6947,#6948,#6949,#6950,#6951,#6952,
#6953),(#6954,#6955,#6956,#6957,#6958,#6959,#6960,#6961,#6962),(#6963,#6964,
#6965,#6966,#6967,#6968,#6969,#6970,#6971),(#6972,#6973,#6974,#6975,#6976,
#6977,#6978,#6979,#6980)),.UNSPECIFIED.,.F.,.F.,.F.,(4,1,4),(4,1,1,1,1,
1,4),(0.,0.571428571428571,1.),(0.,0.134669144003592,0.404007432010777,
0.538676576014369,0.673345720017961,0.808014864021554,0.942684008025146),
 .UNSPECIFIED.);
#58=B_SPLINE_SURFACE_WITH_KNOTS('',3,3,((#6998,#6999,#7000,#7001,#7002,
#7003,#7004,#7005,#7006),(#7007,#7008,#7009,#7010,#7011,#7012,#7013,#7014,
#7015),(#7016,#7017,#7018,#7019,#7020,#7021,#7022,#7023,#7024),(#7025,#7026,
#7027,#7028,#7029,#7030,#7031,#7032,#7033),(#7034,#7035,#7036,#7037,#7038,
#7039,#7040,#7041,#7042)),.UNSPECIFIED.,.F.,.F.,.F.,(4,1,4),(4,1,1,1,1,
1,4),(0.,0.571428571428571,1.),(0.,0.134669144003593,0.404007432010777,
0.53867657601437,0.673345720017963,0.808014864021555,0.942684008025148),
 .UNSPECIFIED.);
#59=B_SPLINE_SURFACE_WITH_KNOTS('',3,3,((#7088,#7089,#7090,#7091,#7092,
#7093,#7094,#7095,#7096),(#7097,#7098,#7099,#7100,#7101,#7102,#7103,#7104,
#7105),(#7106,#7107,#7108,#7109,#7110,#7111,#7112,#7113,#7114),(#7115,#7116,
#7117,#7118,#7119,#7120,#7121,#7122,#7123),(#7124,#7125,#7126,#7127,#7128,
#7129,#7130,#7131,#7132)),.UNSPECIFIED.,.F.,.F.,.F.,(4,1,4),(4,1,1,1,1,
1,4),(0.,0.571428571428571,1.),(4.64987037073998E-16,0.134669143989156,
0.404007431967466,0.538676575956621,0.673345719945776,0.808014863934931,
0.942684007924086),.UNSPECIFIED.);
#60=B_SPLINE_SURFACE_WITH_KNOTS('',3,3,((#7150,#7151,#7152,#7153,#7154,
#7155,#7156,#7157,#7158),(#7159,#7160,#7161,#7162,#7163,#7164,#7165,#7166,
#7167),(#7168,#7169,#7170,#7171,#7172,#7173,#7174,#7175,#7176),(#7177,#7178,
#7179,#7180,#7181,#7182,#7183,#7184,#7185),(#7186,#7187,#7188,#7189,#7190,
#7191,#7192,#7193,#7194)),.UNSPECIFIED.,.F.,.F.,.F.,(4,1,4),(4,1,1,1,1,
1,4),(0.,0.571428571428571,1.),(0.,0.134669143989155,0.26933828797831,0.404007431967465,
0.673345719945774,0.808014863934929,0.942684007924084),.UNSPECIFIED.);
#61=B_SPLINE_SURFACE_WITH_KNOTS('',3,3,((#7240,#7241,#7242,#7243,#7244,
#7245,#7246,#7247,#7248),(#7249,#7250,#7251,#7252,#7253,#7254,#7255,#7256,
#7257),(#7258,#7259,#7260,#7261,#7262,#7263,#7264,#7265,#7266),(#7267,#7268,
#7269,#7270,#7271,#7272,#7273,#7274,#7275),(#7276,#7277,#7278,#7279,#7280,
#7281,#7282,#7283,#7284)),.UNSPECIFIED.,.F.,.F.,.F.,(4,1,4),(4,1,1,1,1,
1,4),(0.,0.571428571428571,1.),(0.,0.134669144003592,0.404007432010775,
0.538676576014367,0.673345720017959,0.808014864021551,0.942684008025143),
 .UNSPECIFIED.);
#62=B_SPLINE_SURFACE_WITH_KNOTS('',3,3,((#7302,#7303,#7304,#7305,#7306,
#7307,#7308,#7309,#7310),(#7311,#7312,#7313,#7314,#7315,#7316,#7317,#7318,
#7319),(#7320,#7321,#7322,#7323,#7324,#7325,#7326,#7327,#7328),(#7329,#7330,
#7331,#7332,#7333,#7334,#7335,#7336,#7337),(#7338,#7339,#7340,#7341,#7342,
#7343,#7344,#7345,#7346)),.UNSPECIFIED.,.F.,.F.,.F.,(4,1,4),(4,1,1,1,1,
1,4),(0.,0.571428571428571,1.),(0.,0.134669144003593,0.269338288007186,
0.538676576014371,0.673345720017964,0.808014864021557,0.94268400802515),
 .UNSPECIFIED.);
#63=B_SPLINE_SURFACE_WITH_KNOTS('',3,3,((#7392,#7393,#7394,#7395,#7396,
#7397,#7398,#7399,#7400),(#7401,#7402,#7403,#7404,#7405,#7406,#7407,#7408,
#7409),(#7410,#7411,#7412,#7413,#7414,#7415,#7416,#7417,#7418),(#7419,#7420,
#7421,#7422,#7423,#7424,#7425,#7426,#7427),(#7428,#7429,#7430,#7431,#7432,
#7433,#7434,#7435,#7436)),.UNSPECIFIED.,.F.,.F.,.F.,(4,1,4),(4,1,1,1,1,
1,4),(0.,0.571428571428571,1.),(0.,0.134669144138487,0.269338288276973,
0.40400743241546,0.673345720692433,0.80801486483092,0.942684008969407),
 .UNSPECIFIED.);
#64=B_SPLINE_SURFACE_WITH_KNOTS('',3,3,((#7454,#7455,#7456,#7457,#7458,
#7459,#7460,#7461,#7462),(#7463,#7464,#7465,#7466,#7467,#7468,#7469,#7470,
#7471),(#7472,#7473,#7474,#7475,#7476,#7477,#7478,#7479,#7480),(#7481,#7482,
#7483,#7484,#7485,#7486,#7487,#7488,#7489),(#7490,#7491,#7492,#7493,#7494,
#7495,#7496,#7497,#7498)),.UNSPECIFIED.,.F.,.F.,.F.,(4,1,4),(4,1,1,1,1,
1,4),(0.,0.571428571428571,1.),(0.,0.134669144138487,0.404007432415462,
0.53867657655395,0.673345720692437,0.808014864830924,0.942684008969412),
 .UNSPECIFIED.);
#65=B_SPLINE_SURFACE_WITH_KNOTS('',3,3,((#7592,#7593,#7594,#7595,#7596,
#7597,#7598,#7599,#7600),(#7601,#7602,#7603,#7604,#7605,#7606,#7607,#7608,
#7609),(#7610,#7611,#7612,#7613,#7614,#7615,#7616,#7617,#7618),(#7619,#7620,
#7621,#7622,#7623,#7624,#7625,#7626,#7627),(#7628,#7629,#7630,#7631,#7632,
#7633,#7634,#7635,#7636)),.UNSPECIFIED.,.F.,.F.,.F.,(4,1,4),(4,1,1,1,1,
1,4),(0.,0.571428571428571,1.),(0.,0.134669144157416,0.269338288314831,
0.404007432472247,0.673345720787079,0.808014864944494,0.94268400910191),
 .UNSPECIFIED.);
#66=B_SPLINE_SURFACE_WITH_KNOTS('',3,3,((#7654,#7655,#7656,#7657,#7658,
#7659,#7660,#7661,#7662),(#7663,#7664,#7665,#7666,#7667,#7668,#7669,#7670,
#7671),(#7672,#7673,#7674,#7675,#7676,#7677,#7678,#7679,#7680),(#7681,#7682,
#7683,#7684,#7685,#7686,#7687,#7688,#7689),(#7690,#7691,#7692,#7693,#7694,
#7695,#7696,#7697,#7698)),.UNSPECIFIED.,.F.,.F.,.F.,(4,1,4),(4,1,1,1,1,
1,4),(0.,0.571428571428571,1.),(0.,0.134669144157416,0.404007432472248,
0.538676576629664,0.67334572078708,0.808014864944496,0.942684009101912),
 .UNSPECIFIED.);
#67=ELLIPSE('',#3713,10.2516617909662,2.);
#68=ELLIPSE('',#3851,10.2516617909662,2.);
#69=ELLIPSE('',#3868,57.0667846198617,40.3523103852164);
#70=ELLIPSE('',#3935,11.3137084989847,8.);
#71=ELLIPSE('',#3939,11.3137084989841,8.);
#72=ELLIPSE('',#3947,11.3137084989849,8.);
#73=ELLIPSE('',#3949,11.3137084989847,8.);
#74=ELLIPSE('',#3957,11.3137084989851,8.);
#75=ELLIPSE('',#3959,11.3137084989848,8.);
#76=ELLIPSE('',#3963,11.3137084989844,8.);
#77=PLANE('',#3712);
#78=PLANE('',#3717);
#79=PLANE('',#3722);
#80=PLANE('',#3726);
#81=PLANE('',#3730);
#82=PLANE('',#3734);
#83=PLANE('',#3739);
#84=PLANE('',#3741);
#85=PLANE('',#3749);
#86=PLANE('',#3751);
#87=PLANE('',#3759);
#88=PLANE('',#3761);
#89=PLANE('',#3769);
#90=PLANE('',#3771);
#91=PLANE('',#3779);
#92=PLANE('',#3781);
#93=PLANE('',#3789);
#94=PLANE('',#3791);
#95=PLANE('',#3799);
#96=PLANE('',#3801);
#97=PLANE('',#3809);
#98=PLANE('',#3811);
#99=PLANE('',#3819);
#100=PLANE('',#3821);
#101=PLANE('',#3829);
#102=PLANE('',#3831);
#103=PLANE('',#3839);
#104=PLANE('',#3841);
#105=PLANE('',#3850);
#106=PLANE('',#3854);
#107=PLANE('',#3856);
#108=PLANE('',#3869);
#109=PLANE('',#3871);
#110=PLANE('',#3911);
#111=PLANE('',#3915);
#112=PLANE('',#3919);
#113=PLANE('',#3923);
#114=PLANE('',#3927);
#115=PLANE('',#3931);
#116=PLANE('',#3933);
#117=PLANE('',#3934);
#118=PLANE('',#3938);
#119=PLANE('',#3946);
#120=PLANE('',#3948);
#121=PLANE('',#3956);
#122=PLANE('',#3958);
#123=PLANE('',#3962);
#124=PLANE('',#3966);
#125=PLANE('',#3969);
#126=PLANE('',#3972);
#127=PLANE('',#3975);
#128=PLANE('',#3976);
#129=PLANE('',#3977);
#130=PLANE('',#3980);
#131=PLANE('',#3983);
#132=PLANE('',#3988);
#133=PLANE('',#3991);
#134=PLANE('',#3997);
#135=PLANE('',#4004);
#136=PLANE('',#4008);
#137=PLANE('',#4009);
#138=FACE_BOUND('',#367,.T.);
#139=FACE_BOUND('',#368,.T.);
#140=FACE_BOUND('',#371,.T.);
#141=FACE_BOUND('',#374,.T.);
#142=FACE_BOUND('',#375,.T.);
#143=FACE_BOUND('',#376,.T.);
#144=FACE_BOUND('',#379,.T.);
#145=FACE_BOUND('',#382,.T.);
#146=FACE_BOUND('',#383,.T.);
#147=FACE_BOUND('',#384,.T.);
#148=FACE_BOUND('',#387,.T.);
#149=FACE_BOUND('',#503,.T.);
#150=FACE_BOUND('',#504,.T.);
#151=FACE_BOUND('',#505,.T.);
#152=FACE_BOUND('',#506,.T.);
#153=FACE_BOUND('',#507,.T.);
#154=FACE_BOUND('',#508,.T.);
#155=FACE_BOUND('',#509,.T.);
#156=FACE_BOUND('',#510,.T.);
#157=FACE_BOUND('',#511,.T.);
#158=FACE_BOUND('',#512,.T.);
#159=FACE_BOUND('',#513,.T.);
#160=FACE_BOUND('',#514,.T.);
#161=FACE_OUTER_BOUND('',#366,.T.);
#162=FACE_OUTER_BOUND('',#369,.T.);
#163=FACE_OUTER_BOUND('',#370,.T.);
#164=FACE_OUTER_BOUND('',#372,.T.);
#165=FACE_OUTER_BOUND('',#373,.T.);
#166=FACE_OUTER_BOUND('',#377,.T.);
#167=FACE_OUTER_BOUND('',#378,.T.);
#168=FACE_OUTER_BOUND('',#380,.T.);
#169=FACE_OUTER_BOUND('',#381,.T.);
#170=FACE_OUTER_BOUND('',#385,.T.);
#171=FACE_OUTER_BOUND('',#386,.T.);
#172=FACE_OUTER_BOUND('',#388,.T.);
#173=FACE_OUTER_BOUND('',#389,.T.);
#174=FACE_OUTER_BOUND('',#390,.T.);
#175=FACE_OUTER_BOUND('',#391,.T.);
#176=FACE_OUTER_BOUND('',#392,.T.);
#177=FACE_OUTER_BOUND('',#393,.T.);
#178=FACE_OUTER_BOUND('',#394,.T.);
#179=FACE_OUTER_BOUND('',#395,.T.);
#180=FACE_OUTER_BOUND('',#396,.T.);
#181=FACE_OUTER_BOUND('',#397,.T.);
#182=FACE_OUTER_BOUND('',#398,.T.);
#183=FACE_OUTER_BOUND('',#399,.T.);
#184=FACE_OUTER_BOUND('',#400,.T.);
#185=FACE_OUTER_BOUND('',#401,.T.);
#186=FACE_OUTER_BOUND('',#402,.T.);
#187=FACE_OUTER_BOUND('',#403,.T.);
#188=FACE_OUTER_BOUND('',#404,.T.);
#189=FACE_OUTER_BOUND('',#405,.T.);
#190=FACE_OUTER_BOUND('',#406,.T.);
#191=FACE_OUTER_BOUND('',#407,.T.);
#192=FACE_OUTER_BOUND('',#408,.T.);
#193=FACE_OUTER_BOUND('',#409,.T.);
#194=FACE_OUTER_BOUND('',#410,.T.);
#195=FACE_OUTER_BOUND('',#411,.T.);
#196=FACE_OUTER_BOUND('',#412,.T.);
#197=FACE_OUTER_BOUND('',#413,.T.);
#198=FACE_OUTER_BOUND('',#414,.T.);
#199=FACE_OUTER_BOUND('',#415,.T.);
#200=FACE_OUTER_BOUND('',#416,.T.);
#201=FACE_OUTER_BOUND('',#417,.T.);
#202=FACE_OUTER_BOUND('',#418,.T.);
#203=FACE_OUTER_BOUND('',#419,.T.);
#204=FACE_OUTER_BOUND('',#420,.T.);
#205=FACE_OUTER_BOUND('',#421,.T.);
#206=FACE_OUTER_BOUND('',#422,.T.);
#207=FACE_OUTER_BOUND('',#423,.T.);
#208=FACE_OUTER_BOUND('',#424,.T.);
#209=FACE_OUTER_BOUND('',#425,.T.);
#210=FACE_OUTER_BOUND('',#426,.T.);
#211=FACE_OUTER_BOUND('',#427,.T.);
#212=FACE_OUTER_BOUND('',#428,.T.);
#213=FACE_OUTER_BOUND('',#429,.T.);
#214=FACE_OUTER_BOUND('',#430,.T.);
#215=FACE_OUTER_BOUND('',#431,.T.);
#216=FACE_OUTER_BOUND('',#432,.T.);
#217=FACE_OUTER_BOUND('',#433,.T.);
#218=FACE_OUTER_BOUND('',#434,.T.);
#219=FACE_OUTER_BOUND('',#435,.T.);
#220=FACE_OUTER_BOUND('',#436,.T.);
#221=FACE_OUTER_BOUND('',#437,.T.);
#222=FACE_OUTER_BOUND('',#438,.T.);
#223=FACE_OUTER_BOUND('',#439,.T.);
#224=FACE_OUTER_BOUND('',#440,.T.);
#225=FACE_OUTER_BOUND('',#441,.T.);
#226=FACE_OUTER_BOUND('',#442,.T.);
#227=FACE_OUTER_BOUND('',#443,.T.);
#228=FACE_OUTER_BOUND('',#444,.T.);
#229=FACE_OUTER_BOUND('',#445,.T.);
#230=FACE_OUTER_BOUND('',#446,.T.);
#231=FACE_OUTER_BOUND('',#447,.T.);
#232=FACE_OUTER_BOUND('',#448,.T.);
#233=FACE_OUTER_BOUND('',#449,.T.);
#234=FACE_OUTER_BOUND('',#450,.T.);
#235=FACE_OUTER_BOUND('',#451,.T.);
#236=FACE_OUTER_BOUND('',#452,.T.);
#237=FACE_OUTER_BOUND('',#453,.T.);
#238=FACE_OUTER_BOUND('',#454,.T.);
#239=FACE_OUTER_BOUND('',#455,.T.);
#240=FACE_OUTER_BOUND('',#456,.T.);
#241=FACE_OUTER_BOUND('',#457,.T.);
#242=FACE_OUTER_BOUND('',#458,.T.);
#243=FACE_OUTER_BOUND('',#459,.T.);
#244=FACE_OUTER_BOUND('',#460,.T.);
#245=FACE_OUTER_BOUND('',#461,.T.);
#246=FACE_OUTER_BOUND('',#462,.T.);
#247=FACE_OUTER_BOUND('',#463,.T.);
#248=FACE_OUTER_BOUND('',#464,.T.);
#249=FACE_OUTER_BOUND('',#465,.T.);
#250=FACE_OUTER_BOUND('',#466,.T.);
#251=FACE_OUTER_BOUND('',#467,.T.);
#252=FACE_OUTER_BOUND('',#468,.T.);
#253=FACE_OUTER_BOUND('',#469,.T.);
#254=FACE_OUTER_BOUND('',#470,.T.);
#255=FACE_OUTER_BOUND('',#471,.T.);
#256=FACE_OUTER_BOUND('',#472,.T.);
#257=FACE_OUTER_BOUND('',#473,.T.);
#258=FACE_OUTER_BOUND('',#474,.T.);
#259=FACE_OUTER_BOUND('',#475,.T.);
#260=FACE_OUTER_BOUND('',#476,.T.);
#261=FACE_OUTER_BOUND('',#477,.T.);
#262=FACE_OUTER_BOUND('',#478,.T.);
#263=FACE_OUTER_BOUND('',#479,.T.);
#264=FACE_OUTER_BOUND('',#480,.T.);
#265=FACE_OUTER_BOUND('',#481,.T.);
#266=FACE_OUTER_BOUND('',#482,.T.);
#267=FACE_OUTER_BOUND('',#483,.T.);
#268=FACE_OUTER_BOUND('',#484,.T.);
#269=FACE_OUTER_BOUND('',#485,.T.);
#270=FACE_OUTER_BOUND('',#486,.T.);
#271=FACE_OUTER_BOUND('',#487,.T.);
#272=FACE_OUTER_BOUND('',#488,.T.);
#273=FACE_OUTER_BOUND('',#489,.T.);
#274=FACE_OUTER_BOUND('',#490,.T.);
#275=FACE_OUTER_BOUND('',#491,.T.);
#276=FACE_OUTER_BOUND('',#492,.T.);
#277=FACE_OUTER_BOUND('',#493,.T.);
#278=FACE_OUTER_BOUND('',#494,.T.);
#279=FACE_OUTER_BOUND('',#495,.T.);
#280=FACE_OUTER_BOUND('',#496,.T.);
#281=FACE_OUTER_BOUND('',#497,.T.);
#282=FACE_OUTER_BOUND('',#498,.T.);
#283=FACE_OUTER_BOUND('',#499,.T.);
#284=FACE_OUTER_BOUND('',#500,.T.);
#285=FACE_OUTER_BOUND('',#501,.T.);
#286=FACE_OUTER_BOUND('',#502,.T.);
#287=FACE_OUTER_BOUND('',#515,.T.);
#288=FACE_OUTER_BOUND('',#516,.T.);
#289=FACE_OUTER_BOUND('',#517,.T.);
#290=FACE_OUTER_BOUND('',#518,.T.);
#291=FACE_OUTER_BOUND('',#519,.T.);
#292=FACE_OUTER_BOUND('',#520,.T.);
#293=FACE_OUTER_BOUND('',#521,.T.);
#294=FACE_OUTER_BOUND('',#522,.T.);
#295=FACE_OUTER_BOUND('',#523,.T.);
#296=FACE_OUTER_BOUND('',#524,.T.);
#297=FACE_OUTER_BOUND('',#525,.T.);
#298=FACE_OUTER_BOUND('',#526,.T.);
#299=FACE_OUTER_BOUND('',#527,.T.);
#300=FACE_OUTER_BOUND('',#528,.T.);
#301=FACE_OUTER_BOUND('',#529,.T.);
#302=FACE_OUTER_BOUND('',#530,.T.);
#303=FACE_OUTER_BOUND('',#531,.T.);
#304=FACE_OUTER_BOUND('',#532,.T.);
#305=FACE_OUTER_BOUND('',#533,.T.);
#306=FACE_OUTER_BOUND('',#534,.T.);
#307=FACE_OUTER_BOUND('',#535,.T.);
#308=FACE_OUTER_BOUND('',#536,.T.);
#309=FACE_OUTER_BOUND('',#537,.T.);
#310=FACE_OUTER_BOUND('',#538,.T.);
#311=FACE_OUTER_BOUND('',#539,.T.);
#312=FACE_OUTER_BOUND('',#540,.T.);
#313=FACE_OUTER_BOUND('',#541,.T.);
#314=FACE_OUTER_BOUND('',#542,.T.);
#315=FACE_OUTER_BOUND('',#543,.T.);
#316=FACE_OUTER_BOUND('',#544,.T.);
#317=FACE_OUTER_BOUND('',#545,.T.);
#318=FACE_OUTER_BOUND('',#546,.T.);
#319=FACE_OUTER_BOUND('',#547,.T.);
#320=FACE_OUTER_BOUND('',#548,.T.);
#321=FACE_OUTER_BOUND('',#549,.T.);
#322=FACE_OUTER_BOUND('',#550,.T.);
#323=FACE_OUTER_BOUND('',#551,.T.);
#324=FACE_OUTER_BOUND('',#552,.T.);
#325=FACE_OUTER_BOUND('',#553,.T.);
#326=FACE_OUTER_BOUND('',#554,.T.);
#327=FACE_OUTER_BOUND('',#555,.T.);
#328=FACE_OUTER_BOUND('',#556,.T.);
#329=FACE_OUTER_BOUND('',#557,.T.);
#330=FACE_OUTER_BOUND('',#558,.T.);
#331=FACE_OUTER_BOUND('',#559,.T.);
#332=FACE_OUTER_BOUND('',#560,.T.);
#333=FACE_OUTER_BOUND('',#561,.T.);
#334=FACE_OUTER_BOUND('',#562,.T.);
#335=FACE_OUTER_BOUND('',#563,.T.);
#336=FACE_OUTER_BOUND('',#564,.T.);
#337=FACE_OUTER_BOUND('',#565,.T.);
#338=FACE_OUTER_BOUND('',#566,.T.);
#339=FACE_OUTER_BOUND('',#567,.T.);
#340=FACE_OUTER_BOUND('',#568,.T.);
#341=FACE_OUTER_BOUND('',#569,.T.);
#342=FACE_OUTER_BOUND('',#570,.T.);
#343=FACE_OUTER_BOUND('',#571,.T.);
#344=FACE_OUTER_BOUND('',#572,.T.);
#345=FACE_OUTER_BOUND('',#573,.T.);
#346=FACE_OUTER_BOUND('',#574,.T.);
#347=FACE_OUTER_BOUND('',#575,.T.);
#348=FACE_OUTER_BOUND('',#576,.T.);
#349=FACE_OUTER_BOUND('',#577,.T.);
#350=FACE_OUTER_BOUND('',#578,.T.);
#351=FACE_OUTER_BOUND('',#579,.T.);
#352=FACE_OUTER_BOUND('',#580,.T.);
#353=FACE_OUTER_BOUND('',#581,.T.);
#354=FACE_OUTER_BOUND('',#582,.T.);
#355=FACE_OUTER_BOUND('',#583,.T.);
#356=FACE_OUTER_BOUND('',#584,.T.);
#357=FACE_OUTER_BOUND('',#585,.T.);
#358=FACE_OUTER_BOUND('',#586,.T.);
#359=FACE_OUTER_BOUND('',#587,.T.);
#360=FACE_OUTER_BOUND('',#588,.T.);
#361=FACE_OUTER_BOUND('',#589,.T.);
#362=FACE_OUTER_BOUND('',#590,.T.);
#363=FACE_OUTER_BOUND('',#591,.T.);
#364=FACE_OUTER_BOUND('',#592,.T.);
#365=FACE_OUTER_BOUND('',#593,.T.);
#366=EDGE_LOOP('',(#2270,#2271,#2272,#2273,#2274));
#367=EDGE_LOOP('',(#2275,#2276,#2277,#2278,#2279,#2280));
#368=EDGE_LOOP('',(#2281,#2282,#2283,#2284,#2285,#2286));
#369=EDGE_LOOP('',(#2287,#2288,#2289,#2290,#2291));
#370=EDGE_LOOP('',(#2292,#2293,#2294,#2295));
#371=EDGE_LOOP('',(#2296,#2297,#2298,#2299,#2300,#2301));
#372=EDGE_LOOP('',(#2302,#2303,#2304,#2305,#2306));
#373=EDGE_LOOP('',(#2307,#2308,#2309,#2310));
#374=EDGE_LOOP('',(#2311,#2312,#2313,#2314,#2315,#2316));
#375=EDGE_LOOP('',(#2317,#2318,#2319,#2320,#2321,#2322));
#376=EDGE_LOOP('',(#2323,#2324,#2325,#2326,#2327,#2328));
#377=EDGE_LOOP('',(#2329,#2330,#2331,#2332,#2333));
#378=EDGE_LOOP('',(#2334,#2335,#2336,#2337));
#379=EDGE_LOOP('',(#2338,#2339,#2340,#2341,#2342,#2343));
#380=EDGE_LOOP('',(#2344,#2345,#2346,#2347,#2348));
#381=EDGE_LOOP('',(#2349,#2350,#2351,#2352));
#382=EDGE_LOOP('',(#2353,#2354,#2355,#2356,#2357,#2358));
#383=EDGE_LOOP('',(#2359,#2360,#2361,#2362,#2363,#2364));
#384=EDGE_LOOP('',(#2365,#2366,#2367,#2368,#2369,#2370));
#385=EDGE_LOOP('',(#2371,#2372,#2373,#2374,#2375));
#386=EDGE_LOOP('',(#2376,#2377,#2378,#2379));
#387=EDGE_LOOP('',(#2380,#2381,#2382,#2383,#2384,#2385));
#388=EDGE_LOOP('',(#2386,#2387,#2388,#2389,#2390));
#389=EDGE_LOOP('',(#2391,#2392,#2393,#2394,#2395,#2396,#2397,#2398,#2399,
#2400));
#390=EDGE_LOOP('',(#2401,#2402,#2403,#2404));
#391=EDGE_LOOP('',(#2405,#2406,#2407,#2408));
#392=EDGE_LOOP('',(#2409,#2410,#2411,#2412,#2413,#2414,#2415,#2416));
#393=EDGE_LOOP('',(#2417,#2418,#2419,#2420,#2421,#2422,#2423,#2424,#2425,
#2426));
#394=EDGE_LOOP('',(#2427,#2428,#2429,#2430,#2431,#2432,#2433,#2434));
#395=EDGE_LOOP('',(#2435,#2436,#2437,#2438,#2439,#2440,#2441,#2442));
#396=EDGE_LOOP('',(#2443,#2444,#2445,#2446,#2447,#2448,#2449));
#397=EDGE_LOOP('',(#2450,#2451,#2452,#2453));
#398=EDGE_LOOP('',(#2454,#2455,#2456,#2457));
#399=EDGE_LOOP('',(#2458,#2459,#2460,#2461));
#400=EDGE_LOOP('',(#2462,#2463,#2464,#2465));
#401=EDGE_LOOP('',(#2466,#2467,#2468,#2469));
#402=EDGE_LOOP('',(#2470,#2471,#2472,#2473));
#403=EDGE_LOOP('',(#2474,#2475,#2476,#2477));
#404=EDGE_LOOP('',(#2478,#2479,#2480,#2481,#2482));
#405=EDGE_LOOP('',(#2483,#2484,#2485,#2486));
#406=EDGE_LOOP('',(#2487,#2488,#2489,#2490,#2491));
#407=EDGE_LOOP('',(#2492,#2493,#2494,#2495));
#408=EDGE_LOOP('',(#2496,#2497,#2498,#2499));
#409=EDGE_LOOP('',(#2500,#2501,#2502,#2503));
#410=EDGE_LOOP('',(#2504,#2505,#2506,#2507));
#411=EDGE_LOOP('',(#2508,#2509,#2510,#2511));
#412=EDGE_LOOP('',(#2512,#2513,#2514,#2515,#2516));
#413=EDGE_LOOP('',(#2517,#2518,#2519,#2520));
#414=EDGE_LOOP('',(#2521,#2522,#2523,#2524,#2525));
#415=EDGE_LOOP('',(#2526,#2527,#2528,#2529));
#416=EDGE_LOOP('',(#2530,#2531,#2532,#2533));
#417=EDGE_LOOP('',(#2534,#2535,#2536,#2537));
#418=EDGE_LOOP('',(#2538,#2539,#2540,#2541));
#419=EDGE_LOOP('',(#2542,#2543,#2544,#2545));
#420=EDGE_LOOP('',(#2546,#2547,#2548,#2549,#2550));
#421=EDGE_LOOP('',(#2551,#2552,#2553,#2554));
#422=EDGE_LOOP('',(#2555,#2556,#2557,#2558,#2559));
#423=EDGE_LOOP('',(#2560,#2561,#2562,#2563));
#424=EDGE_LOOP('',(#2564,#2565,#2566,#2567));
#425=EDGE_LOOP('',(#2568,#2569,#2570,#2571));
#426=EDGE_LOOP('',(#2572,#2573,#2574,#2575));
#427=EDGE_LOOP('',(#2576,#2577,#2578,#2579));
#428=EDGE_LOOP('',(#2580,#2581,#2582,#2583,#2584));
#429=EDGE_LOOP('',(#2585,#2586,#2587,#2588));
#430=EDGE_LOOP('',(#2589,#2590,#2591,#2592,#2593));
#431=EDGE_LOOP('',(#2594,#2595,#2596,#2597));
#432=EDGE_LOOP('',(#2598,#2599,#2600,#2601));
#433=EDGE_LOOP('',(#2602,#2603,#2604,#2605));
#434=EDGE_LOOP('',(#2606,#2607,#2608,#2609));
#435=EDGE_LOOP('',(#2610,#2611,#2612,#2613));
#436=EDGE_LOOP('',(#2614,#2615,#2616,#2617,#2618));
#437=EDGE_LOOP('',(#2619,#2620,#2621,#2622));
#438=EDGE_LOOP('',(#2623,#2624,#2625,#2626,#2627));
#439=EDGE_LOOP('',(#2628,#2629,#2630,#2631));
#440=EDGE_LOOP('',(#2632,#2633,#2634,#2635));
#441=EDGE_LOOP('',(#2636,#2637,#2638,#2639));
#442=EDGE_LOOP('',(#2640,#2641,#2642,#2643));
#443=EDGE_LOOP('',(#2644,#2645,#2646,#2647));
#444=EDGE_LOOP('',(#2648,#2649,#2650,#2651,#2652));
#445=EDGE_LOOP('',(#2653,#2654,#2655,#2656));
#446=EDGE_LOOP('',(#2657,#2658,#2659,#2660,#2661));
#447=EDGE_LOOP('',(#2662,#2663,#2664,#2665));
#448=EDGE_LOOP('',(#2666,#2667,#2668,#2669));
#449=EDGE_LOOP('',(#2670,#2671,#2672,#2673));
#450=EDGE_LOOP('',(#2674,#2675,#2676,#2677));
#451=EDGE_LOOP('',(#2678,#2679,#2680,#2681));
#452=EDGE_LOOP('',(#2682,#2683,#2684,#2685,#2686));
#453=EDGE_LOOP('',(#2687,#2688,#2689,#2690));
#454=EDGE_LOOP('',(#2691,#2692,#2693,#2694,#2695));
#455=EDGE_LOOP('',(#2696,#2697,#2698,#2699));
#456=EDGE_LOOP('',(#2700,#2701,#2702,#2703));
#457=EDGE_LOOP('',(#2704,#2705,#2706,#2707));
#458=EDGE_LOOP('',(#2708,#2709,#2710,#2711));
#459=EDGE_LOOP('',(#2712,#2713,#2714,#2715));
#460=EDGE_LOOP('',(#2716,#2717,#2718,#2719,#2720));
#461=EDGE_LOOP('',(#2721,#2722,#2723,#2724));
#462=EDGE_LOOP('',(#2725,#2726,#2727,#2728,#2729));
#463=EDGE_LOOP('',(#2730,#2731,#2732,#2733));
#464=EDGE_LOOP('',(#2734,#2735,#2736,#2737));
#465=EDGE_LOOP('',(#2738,#2739,#2740,#2741));
#466=EDGE_LOOP('',(#2742,#2743,#2744,#2745));
#467=EDGE_LOOP('',(#2746,#2747,#2748,#2749));
#468=EDGE_LOOP('',(#2750,#2751,#2752,#2753,#2754));
#469=EDGE_LOOP('',(#2755,#2756,#2757,#2758));
#470=EDGE_LOOP('',(#2759,#2760,#2761,#2762,#2763));
#471=EDGE_LOOP('',(#2764,#2765,#2766,#2767));
#472=EDGE_LOOP('',(#2768,#2769,#2770,#2771));
#473=EDGE_LOOP('',(#2772,#2773,#2774,#2775));
#474=EDGE_LOOP('',(#2776,#2777,#2778,#2779));
#475=EDGE_LOOP('',(#2780,#2781,#2782,#2783));
#476=EDGE_LOOP('',(#2784,#2785,#2786,#2787,#2788));
#477=EDGE_LOOP('',(#2789,#2790,#2791,#2792));
#478=EDGE_LOOP('',(#2793,#2794,#2795,#2796,#2797));
#479=EDGE_LOOP('',(#2798,#2799,#2800,#2801));
#480=EDGE_LOOP('',(#2802,#2803,#2804,#2805));
#481=EDGE_LOOP('',(#2806,#2807,#2808,#2809));
#482=EDGE_LOOP('',(#2810,#2811,#2812,#2813));
#483=EDGE_LOOP('',(#2814,#2815,#2816,#2817));
#484=EDGE_LOOP('',(#2818,#2819,#2820,#2821,#2822));
#485=EDGE_LOOP('',(#2823,#2824,#2825,#2826));
#486=EDGE_LOOP('',(#2827,#2828,#2829,#2830,#2831));
#487=EDGE_LOOP('',(#2832,#2833,#2834,#2835));
#488=EDGE_LOOP('',(#2836,#2837,#2838,#2839));
#489=EDGE_LOOP('',(#2840,#2841,#2842,#2843));
#490=EDGE_LOOP('',(#2844,#2845,#2846,#2847));
#491=EDGE_LOOP('',(#2848,#2849,#2850,#2851));
#492=EDGE_LOOP('',(#2852,#2853,#2854,#2855));
#493=EDGE_LOOP('',(#2856,#2857,#2858,#2859,#2860,#2861,#2862,#2863));
#494=EDGE_LOOP('',(#2864,#2865,#2866,#2867));
#495=EDGE_LOOP('',(#2868,#2869,#2870,#2871,#2872,#2873,#2874,#2875));
#496=EDGE_LOOP('',(#2876,#2877,#2878,#2879));
#497=EDGE_LOOP('',(#2880,#2881,#2882,#2883,#2884,#2885,#2886,#2887));
#498=EDGE_LOOP('',(#2888,#2889,#2890,#2891));
#499=EDGE_LOOP('',(#2892,#2893,#2894,#2895));
#500=EDGE_LOOP('',(#2896,#2897,#2898,#2899));
#501=EDGE_LOOP('',(#2900,#2901,#2902,#2903));
#502=EDGE_LOOP('',(#2904,#2905,#2906,#2907,#2908,#2909,#2910,#2911));
#503=EDGE_LOOP('',(#2912,#2913,#2914,#2915));
#504=EDGE_LOOP('',(#2916,#2917,#2918,#2919));
#505=EDGE_LOOP('',(#2920,#2921,#2922,#2923));
#506=EDGE_LOOP('',(#2924,#2925,#2926,#2927));
#507=EDGE_LOOP('',(#2928,#2929,#2930,#2931));
#508=EDGE_LOOP('',(#2932,#2933,#2934,#2935));
#509=EDGE_LOOP('',(#2936,#2937,#2938,#2939));
#510=EDGE_LOOP('',(#2940,#2941,#2942,#2943));
#511=EDGE_LOOP('',(#2944,#2945,#2946,#2947));
#512=EDGE_LOOP('',(#2948,#2949,#2950,#2951));
#513=EDGE_LOOP('',(#2952,#2953,#2954,#2955));
#514=EDGE_LOOP('',(#2956,#2957,#2958,#2959));
#515=EDGE_LOOP('',(#2960,#2961,#2962,#2963,#2964));
#516=EDGE_LOOP('',(#2965,#2966,#2967,#2968));
#517=EDGE_LOOP('',(#2969,#2970,#2971,#2972,#2973));
#518=EDGE_LOOP('',(#2974,#2975,#2976,#2977,#2978,#2979));
#519=EDGE_LOOP('',(#2980,#2981,#2982,#2983));
#520=EDGE_LOOP('',(#2984,#2985,#2986,#2987));
#521=EDGE_LOOP('',(#2988,#2989,#2990,#2991));
#522=EDGE_LOOP('',(#2992,#2993,#2994));
#523=EDGE_LOOP('',(#2995,#2996,#2997));
#524=EDGE_LOOP('',(#2998,#2999,#3000,#3001));
#525=EDGE_LOOP('',(#3002,#3003,#3004,#3005));
#526=EDGE_LOOP('',(#3006,#3007,#3008,#3009));
#527=EDGE_LOOP('',(#3010,#3011,#3012,#3013));
#528=EDGE_LOOP('',(#3014,#3015,#3016,#3017));
#529=EDGE_LOOP('',(#3018,#3019,#3020,#3021));
#530=EDGE_LOOP('',(#3022,#3023,#3024,#3025));
#531=EDGE_LOOP('',(#3026,#3027,#3028,#3029));
#532=EDGE_LOOP('',(#3030,#3031,#3032,#3033));
#533=EDGE_LOOP('',(#3034,#3035,#3036,#3037,#3038));
#534=EDGE_LOOP('',(#3039,#3040,#3041,#3042));
#535=EDGE_LOOP('',(#3043,#3044,#3045,#3046,#3047));
#536=EDGE_LOOP('',(#3048,#3049,#3050,#3051));
#537=EDGE_LOOP('',(#3052,#3053,#3054,#3055));
#538=EDGE_LOOP('',(#3056,#3057,#3058,#3059));
#539=EDGE_LOOP('',(#3060,#3061,#3062,#3063,#3064));
#540=EDGE_LOOP('',(#3065,#3066,#3067,#3068));
#541=EDGE_LOOP('',(#3069,#3070,#3071,#3072,#3073));
#542=EDGE_LOOP('',(#3074,#3075,#3076,#3077));
#543=EDGE_LOOP('',(#3078,#3079,#3080,#3081));
#544=EDGE_LOOP('',(#3082,#3083,#3084,#3085));
#545=EDGE_LOOP('',(#3086,#3087,#3088,#3089,#3090));
#546=EDGE_LOOP('',(#3091,#3092,#3093,#3094));
#547=EDGE_LOOP('',(#3095,#3096,#3097,#3098,#3099));
#548=EDGE_LOOP('',(#3100,#3101,#3102,#3103));
#549=EDGE_LOOP('',(#3104,#3105,#3106,#3107));
#550=EDGE_LOOP('',(#3108,#3109,#3110,#3111));
#551=EDGE_LOOP('',(#3112,#3113,#3114,#3115));
#552=EDGE_LOOP('',(#3116,#3117,#3118,#3119));
#553=EDGE_LOOP('',(#3120,#3121,#3122,#3123));
#554=EDGE_LOOP('',(#3124,#3125,#3126,#3127));
#555=EDGE_LOOP('',(#3128,#3129,#3130,#3131));
#556=EDGE_LOOP('',(#3132,#3133,#3134,#3135));
#557=EDGE_LOOP('',(#3136,#3137,#3138,#3139));
#558=EDGE_LOOP('',(#3140,#3141,#3142,#3143));
#559=EDGE_LOOP('',(#3144,#3145,#3146,#3147));
#560=EDGE_LOOP('',(#3148,#3149,#3150,#3151));
#561=EDGE_LOOP('',(#3152,#3153,#3154,#3155));
#562=EDGE_LOOP('',(#3156,#3157,#3158,#3159));
#563=EDGE_LOOP('',(#3160,#3161,#3162,#3163));
#564=EDGE_LOOP('',(#3164,#3165,#3166,#3167));
#565=EDGE_LOOP('',(#3168,#3169,#3170,#3171));
#566=EDGE_LOOP('',(#3172,#3173,#3174,#3175,#3176,#3177));
#567=EDGE_LOOP('',(#3178,#3179,#3180));
#568=EDGE_LOOP('',(#3181,#3182,#3183,#3184,#3185,#3186));
#569=EDGE_LOOP('',(#3187,#3188,#3189,#3190));
#570=EDGE_LOOP('',(#3191,#3192,#3193,#3194,#3195,#3196));
#571=EDGE_LOOP('',(#3197,#3198,#3199));
#572=EDGE_LOOP('',(#3200,#3201,#3202,#3203,#3204,#3205));
#573=EDGE_LOOP('',(#3206,#3207,#3208,#3209,#3210,#3211));
#574=EDGE_LOOP('',(#3212,#3213,#3214,#3215,#3216,#3217));
#575=EDGE_LOOP('',(#3218,#3219,#3220));
#576=EDGE_LOOP('',(#3221,#3222,#3223,#3224,#3225,#3226));
#577=EDGE_LOOP('',(#3227,#3228,#3229,#3230));
#578=EDGE_LOOP('',(#3231,#3232,#3233,#3234,#3235,#3236));
#579=EDGE_LOOP('',(#3237,#3238,#3239));
#580=EDGE_LOOP('',(#3240,#3241,#3242));
#581=EDGE_LOOP('',(#3243,#3244,#3245,#3246,#3247,#3248));
#582=EDGE_LOOP('',(#3249,#3250,#3251,#3252));
#583=EDGE_LOOP('',(#3253,#3254,#3255,#3256,#3257,#3258));
#584=EDGE_LOOP('',(#3259,#3260,#3261));
#585=EDGE_LOOP('',(#3262,#3263,#3264,#3265));
#586=EDGE_LOOP('',(#3266,#3267,#3268,#3269,#3270,#3271,#3272,#3273,#3274,
#3275,#3276,#3277,#3278,#3279,#3280,#3281,#3282,#3283,#3284,#3285));
#587=EDGE_LOOP('',(#3286,#3287,#3288,#3289));
#588=EDGE_LOOP('',(#3290,#3291,#3292,#3293));
#589=EDGE_LOOP('',(#3294,#3295,#3296,#3297));
#590=EDGE_LOOP('',(#3298,#3299,#3300,#3301,#3302,#3303,#3304,#3305,#3306,
#3307,#3308,#3309,#3310,#3311,#3312,#3313,#3314,#3315,#3316,#3317,#3318,
#3319,#3320,#3321,#3322,#3323,#3324,#3325,#3326,#3327,#3328,#3329,#3330,
#3331,#3332,#3333));
#591=EDGE_LOOP('',(#3334,#3335,#3336,#3337));
#592=EDGE_LOOP('',(#3338,#3339,#3340,#3341,#3342,#3343,#3344,#3345,#3346,
#3347));
#593=EDGE_LOOP('',(#3348,#3349,#3350,#3351,#3352,#3353));
#594=CIRCLE('',#3666,41.0000000000007);
#595=CIRCLE('',#3667,41.0000000000007);
#596=CIRCLE('',#3669,2.);
#597=CIRCLE('',#3670,2.);
#598=CIRCLE('',#3671,2.);
#599=CIRCLE('',#3673,3.0000000000024);
#600=CIRCLE('',#3674,3.0000000000024);
#601=CIRCLE('',#3676,1.99999999999998);
#602=CIRCLE('',#3677,1.99999999999998);
#603=CIRCLE('',#3678,1.99999999999998);
#604=CIRCLE('',#3680,41.0000000000027);
#605=CIRCLE('',#3681,41.0000000000027);
#606=CIRCLE('',#3683,1.99999999999998);
#607=CIRCLE('',#3684,1.99999999999998);
#608=CIRCLE('',#3685,1.99999999999998);
#609=CIRCLE('',#3687,3.0000000000071);
#610=CIRCLE('',#3688,3.0000000000071);
#611=CIRCLE('',#3690,2.00000000000009);
#612=CIRCLE('',#3691,2.00000000000009);
#613=CIRCLE('',#3692,2.00000000000009);
#614=CIRCLE('',#3694,41.0000000000006);
#615=CIRCLE('',#3695,41.0000000000006);
#616=CIRCLE('',#3697,1.99999999999997);
#617=CIRCLE('',#3698,1.99999999999997);
#618=CIRCLE('',#3699,1.99999999999997);
#619=CIRCLE('',#3701,3.00000000000239);
#620=CIRCLE('',#3702,3.00000000000239);
#621=CIRCLE('',#3704,1.99999999999998);
#622=CIRCLE('',#3705,1.99999999999998);
#623=CIRCLE('',#3706,1.99999999999998);
#624=CIRCLE('',#3708,41.0000000000027);
#625=CIRCLE('',#3709,41.0000000000027);
#626=CIRCLE('',#3711,1.);
#627=CIRCLE('',#3715,43.5);
#628=CIRCLE('',#3716,43.5);
#629=CIRCLE('',#3718,1.);
#630=CIRCLE('',#3719,1.);
#631=CIRCLE('',#3720,2.20000000000003);
#632=CIRCLE('',#3721,29.3);
#633=CIRCLE('',#3723,2.19999999999998);
#634=CIRCLE('',#3724,29.3);
#635=CIRCLE('',#3725,2.20000000000004);
#636=CIRCLE('',#3727,2.20000000000003);
#637=CIRCLE('',#3728,29.3);
#638=CIRCLE('',#3729,2.20000000000003);
#639=CIRCLE('',#3731,40.3523103852164);
#640=CIRCLE('',#3732,2.2);
#641=CIRCLE('',#3736,1.);
#642=CIRCLE('',#3737,1.);
#643=CIRCLE('',#3743,0.999999999999985);
#644=CIRCLE('',#3744,1.);
#645=CIRCLE('',#3746,1.);
#646=CIRCLE('',#3747,1.);
#647=CIRCLE('',#3753,1.00000000000001);
#648=CIRCLE('',#3754,1.);
#649=CIRCLE('',#3756,1.);
#650=CIRCLE('',#3757,1.00000000000001);
#651=CIRCLE('',#3763,1.00000000000001);
#652=CIRCLE('',#3764,1.);
#653=CIRCLE('',#3766,0.999999999999996);
#654=CIRCLE('',#3767,0.999999999999993);
#655=CIRCLE('',#3773,1.00000000000001);
#656=CIRCLE('',#3774,1.);
#657=CIRCLE('',#3776,1.00000000000001);
#658=CIRCLE('',#3777,0.999999999999988);
#659=CIRCLE('',#3783,0.999999999999996);
#660=CIRCLE('',#3784,1.);
#661=CIRCLE('',#3786,0.999999999999979);
#662=CIRCLE('',#3787,0.999999999999996);
#663=CIRCLE('',#3793,1.00000000000002);
#664=CIRCLE('',#3794,1.);
#665=CIRCLE('',#3796,1.00000000000002);
#666=CIRCLE('',#3797,0.999999999999987);
#667=CIRCLE('',#3803,0.999999999999996);
#668=CIRCLE('',#3804,0.99999999999999);
#669=CIRCLE('',#3806,1.00000000000001);
#670=CIRCLE('',#3807,1.00000000000002);
#671=CIRCLE('',#3813,0.999999999999994);
#672=CIRCLE('',#3814,1.00000000000001);
#673=CIRCLE('',#3816,1.00000000000001);
#674=CIRCLE('',#3817,1.00000000000001);
#675=CIRCLE('',#3823,0.999999999999982);
#676=CIRCLE('',#3824,0.99999999999999);
#677=CIRCLE('',#3826,1.);
#678=CIRCLE('',#3827,0.999999999999995);
#679=CIRCLE('',#3833,1.00000000000001);
#680=CIRCLE('',#3834,1.);
#681=CIRCLE('',#3836,0.999999999999993);
#682=CIRCLE('',#3837,0.999999999999999);
#683=CIRCLE('',#3843,1.);
#684=CIRCLE('',#3844,1.);
#685=CIRCLE('',#3846,0.999999999999997);
#686=CIRCLE('',#3847,1.00000000000001);
#687=CIRCLE('',#3853,1.);
#688=CIRCLE('',#3858,1.);
#689=CIRCLE('',#3859,1.00000000000001);
#690=CIRCLE('',#3861,1.);
#691=CIRCLE('',#3862,0.999999999999995);
#692=CIRCLE('',#3865,47.5);
#693=CIRCLE('',#3866,47.5);
#694=CIRCLE('',#3870,2.);
#695=CIRCLE('',#3872,2.);
#696=CIRCLE('',#3873,2.);
#697=CIRCLE('',#3874,2.);
#698=CIRCLE('',#3876,2.);
#699=CIRCLE('',#3878,2.);
#700=CIRCLE('',#3880,2.00000000000001);
#701=CIRCLE('',#3881,1.99999999999999);
#702=CIRCLE('',#3883,2.);
#703=CIRCLE('',#3885,2.);
#704=CIRCLE('',#3887,2.);
#705=CIRCLE('',#3888,2.);
#706=CIRCLE('',#3890,2.);
#707=CIRCLE('',#3891,2.);
#708=CIRCLE('',#3893,29.5);
#709=CIRCLE('',#3894,29.5);
#710=CIRCLE('',#3896,2.);
#711=CIRCLE('',#3897,2.);
#712=CIRCLE('',#3899,2.);
#713=CIRCLE('',#3900,2.);
#714=CIRCLE('',#3902,29.5);
#715=CIRCLE('',#3903,29.5);
#716=CIRCLE('',#3905,2.);
#717=CIRCLE('',#3906,2.);
#718=CIRCLE('',#3908,2.);
#719=CIRCLE('',#3909,2.);
#720=CIRCLE('',#3913,3.5);
#721=CIRCLE('',#3914,3.29999999999999);
#722=CIRCLE('',#3921,3.5);
#723=CIRCLE('',#3922,3.3);
#724=CIRCLE('',#3929,3.5);
#725=CIRCLE('',#3930,3.3);
#726=CIRCLE('',#3937,1.80000000000001);
#727=CIRCLE('',#3941,1.8);
#728=CIRCLE('',#3943,29.7);
#729=CIRCLE('',#3945,1.79999999999999);
#730=CIRCLE('',#3951,1.8);
#731=CIRCLE('',#3953,29.7);
#732=CIRCLE('',#3955,1.79999999999999);
#733=CIRCLE('',#3961,1.8);
#734=CIRCLE('',#3965,8.);
#735=CIRCLE('',#3968,8.);
#736=CIRCLE('',#3971,3.5);
#737=CIRCLE('',#3974,8.);
#738=CIRCLE('',#3979,8.);
#739=CIRCLE('',#3982,3.5);
#740=CIRCLE('',#3985,8.);
#741=CIRCLE('',#3987,8.);
#742=CIRCLE('',#3990,3.5);
#743=CIRCLE('',#3993,8.);
#744=CIRCLE('',#3995,2.);
#745=CIRCLE('',#3996,45.5);
#746=CIRCLE('',#3999,29.5);
#747=CIRCLE('',#4001,29.5);
#748=CIRCLE('',#4003,29.7);
#749=CIRCLE('',#4005,45.5);
#750=CIRCLE('',#4007,2.);
#751=LINE('',#4981,#1015);
#752=LINE('',#4985,#1016);
#753=LINE('',#4989,#1017);
#754=LINE('',#5013,#1018);
#755=LINE('',#5037,#1019);
#756=LINE('',#5061,#1020);
#757=LINE('',#5088,#1021);
#758=LINE('',#5095,#1022);
#759=LINE('',#5099,#1023);
#760=LINE('',#5123,#1024);
#761=LINE('',#5151,#1025);
#762=LINE('',#5157,#1026);
#763=LINE('',#5161,#1027);
#764=LINE('',#5185,#1028);
#765=LINE('',#5209,#1029);
#766=LINE('',#5233,#1030);
#767=LINE('',#5257,#1031);
#768=LINE('',#5281,#1032);
#769=LINE('',#5308,#1033);
#770=LINE('',#5315,#1034);
#771=LINE('',#5319,#1035);
#772=LINE('',#5343,#1036);
#773=LINE('',#5371,#1037);
#774=LINE('',#5377,#1038);
#775=LINE('',#5381,#1039);
#776=LINE('',#5405,#1040);
#777=LINE('',#5429,#1041);
#778=LINE('',#5453,#1042);
#779=LINE('',#5477,#1043);
#780=LINE('',#5501,#1044);
#781=LINE('',#5528,#1045);
#782=LINE('',#5535,#1046);
#783=LINE('',#5539,#1047);
#784=LINE('',#5563,#1048);
#785=LINE('',#5591,#1049);
#786=LINE('',#5601,#1050);
#787=LINE('',#5606,#1051);
#788=LINE('',#5624,#1052);
#789=LINE('',#5638,#1053);
#790=LINE('',#5655,#1054);
#791=LINE('',#5656,#1055);
#792=LINE('',#5661,#1056);
#793=LINE('',#5674,#1057);
#794=LINE('',#5687,#1058);
#795=LINE('',#5691,#1059);
#796=LINE('',#5695,#1060);
#797=LINE('',#5699,#1061);
#798=LINE('',#5702,#1062);
#799=LINE('',#5708,#1063);
#800=LINE('',#5715,#1064);
#801=LINE('',#5718,#1065);
#802=LINE('',#5725,#1066);
#803=LINE('',#5728,#1067);
#804=LINE('',#5732,#1068);
#805=LINE('',#5735,#1069);
#806=LINE('',#5738,#1070);
#807=LINE('',#5740,#1071);
#808=LINE('',#5748,#1072);
#809=LINE('',#5749,#1073);
#810=LINE('',#5752,#1074);
#811=LINE('',#5839,#1075);
#812=LINE('',#5843,#1076);
#813=LINE('',#5844,#1077);
#814=LINE('',#5845,#1078);
#815=LINE('',#5857,#1079);
#816=LINE('',#5860,#1080);
#817=LINE('',#5861,#1081);
#818=LINE('',#5932,#1082);
#819=LINE('',#5991,#1083);
#820=LINE('',#5995,#1084);
#821=LINE('',#5996,#1085);
#822=LINE('',#5997,#1086);
#823=LINE('',#6009,#1087);
#824=LINE('',#6012,#1088);
#825=LINE('',#6013,#1089);
#826=LINE('',#6084,#1090);
#827=LINE('',#6143,#1091);
#828=LINE('',#6147,#1092);
#829=LINE('',#6148,#1093);
#830=LINE('',#6149,#1094);
#831=LINE('',#6161,#1095);
#832=LINE('',#6164,#1096);
#833=LINE('',#6165,#1097);
#834=LINE('',#6236,#1098);
#835=LINE('',#6295,#1099);
#836=LINE('',#6299,#1100);
#837=LINE('',#6300,#1101);
#838=LINE('',#6301,#1102);
#839=LINE('',#6313,#1103);
#840=LINE('',#6316,#1104);
#841=LINE('',#6317,#1105);
#842=LINE('',#6388,#1106);
#843=LINE('',#6447,#1107);
#844=LINE('',#6451,#1108);
#845=LINE('',#6452,#1109);
#846=LINE('',#6453,#1110);
#847=LINE('',#6465,#1111);
#848=LINE('',#6468,#1112);
#849=LINE('',#6469,#1113);
#850=LINE('',#6540,#1114);
#851=LINE('',#6599,#1115);
#852=LINE('',#6603,#1116);
#853=LINE('',#6604,#1117);
#854=LINE('',#6605,#1118);
#855=LINE('',#6617,#1119);
#856=LINE('',#6620,#1120);
#857=LINE('',#6621,#1121);
#858=LINE('',#6692,#1122);
#859=LINE('',#6751,#1123);
#860=LINE('',#6755,#1124);
#861=LINE('',#6756,#1125);
#862=LINE('',#6757,#1126);
#863=LINE('',#6769,#1127);
#864=LINE('',#6772,#1128);
#865=LINE('',#6773,#1129);
#866=LINE('',#6844,#1130);
#867=LINE('',#6903,#1131);
#868=LINE('',#6907,#1132);
#869=LINE('',#6908,#1133);
#870=LINE('',#6909,#1134);
#871=LINE('',#6921,#1135);
#872=LINE('',#6924,#1136);
#873=LINE('',#6925,#1137);
#874=LINE('',#6996,#1138);
#875=LINE('',#7055,#1139);
#876=LINE('',#7059,#1140);
#877=LINE('',#7060,#1141);
#878=LINE('',#7061,#1142);
#879=LINE('',#7073,#1143);
#880=LINE('',#7076,#1144);
#881=LINE('',#7077,#1145);
#882=LINE('',#7148,#1146);
#883=LINE('',#7207,#1147);
#884=LINE('',#7211,#1148);
#885=LINE('',#7212,#1149);
#886=LINE('',#7213,#1150);
#887=LINE('',#7225,#1151);
#888=LINE('',#7228,#1152);
#889=LINE('',#7229,#1153);
#890=LINE('',#7300,#1154);
#891=LINE('',#7359,#1155);
#892=LINE('',#7363,#1156);
#893=LINE('',#7364,#1157);
#894=LINE('',#7365,#1158);
#895=LINE('',#7377,#1159);
#896=LINE('',#7380,#1160);
#897=LINE('',#7381,#1161);
#898=LINE('',#7452,#1162);
#899=LINE('',#7511,#1163);
#900=LINE('',#7514,#1164);
#901=LINE('',#7529,#1165);
#902=LINE('',#7546,#1166);
#903=LINE('',#7563,#1167);
#904=LINE('',#7564,#1168);
#905=LINE('',#7565,#1169);
#906=LINE('',#7577,#1170);
#907=LINE('',#7580,#1171);
#908=LINE('',#7581,#1172);
#909=LINE('',#7652,#1173);
#910=LINE('',#7711,#1174);
#911=LINE('',#7714,#1175);
#912=LINE('',#7718,#1176);
#913=LINE('',#7721,#1177);
#914=LINE('',#7726,#1178);
#915=LINE('',#7732,#1179);
#916=LINE('',#7736,#1180);
#917=LINE('',#7739,#1181);
#918=LINE('',#7741,#1182);
#919=LINE('',#7742,#1183);
#920=LINE('',#7766,#1184);
#921=LINE('',#7771,#1185);
#922=LINE('',#7784,#1186);
#923=LINE('',#7787,#1187);
#924=LINE('',#7793,#1188);
#925=LINE('',#7796,#1189);
#926=LINE('',#7801,#1190);
#927=LINE('',#7807,#1191);
#928=LINE('',#7814,#1192);
#929=LINE('',#7817,#1193);
#930=LINE('',#7822,#1194);
#931=LINE('',#7828,#1195);
#932=LINE('',#7835,#1196);
#933=LINE('',#7838,#1197);
#934=LINE('',#7840,#1198);
#935=LINE('',#7841,#1199);
#936=LINE('',#7844,#1200);
#937=LINE('',#7846,#1201);
#938=LINE('',#7847,#1202);
#939=LINE('',#7851,#1203);
#940=LINE('',#7855,#1204);
#941=LINE('',#7856,#1205);
#942=LINE('',#7857,#1206);
#943=LINE('',#7859,#1207);
#944=LINE('',#7861,#1208);
#945=LINE('',#7863,#1209);
#946=LINE('',#7866,#1210);
#947=LINE('',#7868,#1211);
#948=LINE('',#7869,#1212);
#949=LINE('',#7873,#1213);
#950=LINE('',#7877,#1214);
#951=LINE('',#7878,#1215);
#952=LINE('',#7879,#1216);
#953=LINE('',#7881,#1217);
#954=LINE('',#7883,#1218);
#955=LINE('',#7885,#1219);
#956=LINE('',#7888,#1220);
#957=LINE('',#7890,#1221);
#958=LINE('',#7891,#1222);
#959=LINE('',#7895,#1223);
#960=LINE('',#7899,#1224);
#961=LINE('',#7900,#1225);
#962=LINE('',#7901,#1226);
#963=LINE('',#7903,#1227);
#964=LINE('',#7905,#1228);
#965=LINE('',#7911,#1229);
#966=LINE('',#7912,#1230);
#967=LINE('',#7913,#1231);
#968=LINE('',#7916,#1232);
#969=LINE('',#7923,#1233);
#970=LINE('',#7924,#1234);
#971=LINE('',#7925,#1235);
#972=LINE('',#7928,#1236);
#973=LINE('',#7933,#1237);
#974=LINE('',#7936,#1238);
#975=LINE('',#7942,#1239);
#976=LINE('',#7943,#1240);
#977=LINE('',#7949,#1241);
#978=LINE('',#7950,#1242);
#979=LINE('',#7951,#1243);
#980=LINE('',#7954,#1244);
#981=LINE('',#7959,#1245);
#982=LINE('',#7962,#1246);
#983=LINE('',#7968,#1247);
#984=LINE('',#7969,#1248);
#985=LINE('',#7975,#1249);
#986=LINE('',#7976,#1250);
#987=LINE('',#7977,#1251);
#988=LINE('',#7980,#1252);
#989=LINE('',#7986,#1253);
#990=LINE('',#7987,#1254);
#991=LINE('',#7990,#1255);
#992=LINE('',#7995,#1256);
#993=LINE('',#7998,#1257);
#994=LINE('',#7999,#1258);
#995=LINE('',#8003,#1259);
#996=LINE('',#8006,#1260);
#997=LINE('',#8007,#1261);
#998=LINE('',#8016,#1262);
#999=LINE('',#8019,#1263);
#1000=LINE('',#8020,#1264);
#1001=LINE('',#8024,#1265);
#1002=LINE('',#8027,#1266);
#1003=LINE('',#8028,#1267);
#1004=LINE('',#8034,#1268);
#1005=LINE('',#8037,#1269);
#1006=LINE('',#8038,#1270);
#1007=LINE('',#8042,#1271);
#1008=LINE('',#8045,#1272);
#1009=LINE('',#8046,#1273);
#1010=LINE('',#8054,#1274);
#1011=LINE('',#8057,#1275);
#1012=LINE('',#8061,#1276);
#1013=LINE('',#8065,#1277);
#1014=LINE('',#8069,#1278);
#1015=VECTOR('',#4014,10.);
#1016=VECTOR('',#4017,10.);
#1017=VECTOR('',#4020,10.);
#1018=VECTOR('',#4021,10.);
#1019=VECTOR('',#4022,10.);
#1020=VECTOR('',#4023,10.);
#1021=VECTOR('',#4028,10.);
#1022=VECTOR('',#4037,10.);
#1023=VECTOR('',#4040,10.);
#1024=VECTOR('',#4041,10.);
#1025=VECTOR('',#4048,10.);
#1026=VECTOR('',#4055,10.);
#1027=VECTOR('',#4058,10.);
#1028=VECTOR('',#4059,10.);
#1029=VECTOR('',#4060,10.);
#1030=VECTOR('',#4061,10.);
#1031=VECTOR('',#4062,10.);
#1032=VECTOR('',#4063,10.);
#1033=VECTOR('',#4068,10.);
#1034=VECTOR('',#4077,10.);
#1035=VECTOR('',#4080,10.);
#1036=VECTOR('',#4081,10.);
#1037=VECTOR('',#4088,10.);
#1038=VECTOR('',#4095,10.);
#1039=VECTOR('',#4098,10.);
#1040=VECTOR('',#4099,10.);
#1041=VECTOR('',#4100,10.);
#1042=VECTOR('',#4101,10.);
#1043=VECTOR('',#4102,10.);
#1044=VECTOR('',#4103,10.);
#1045=VECTOR('',#4108,10.);
#1046=VECTOR('',#4117,10.);
#1047=VECTOR('',#4120,10.);
#1048=VECTOR('',#4121,10.);
#1049=VECTOR('',#4128,10.);
#1050=VECTOR('',#4133,10.);
#1051=VECTOR('',#4138,10.);
#1052=VECTOR('',#4139,10.);
#1053=VECTOR('',#4142,10.);
#1054=VECTOR('',#4147,10.);
#1055=VECTOR('',#4148,10.);
#1056=VECTOR('',#4153,10.);
#1057=VECTOR('',#4154,10.);
#1058=VECTOR('',#4155,10.);
#1059=VECTOR('',#4158,10.);
#1060=VECTOR('',#4163,10.);
#1061=VECTOR('',#4166,10.);
#1062=VECTOR('',#4169,10.);
#1063=VECTOR('',#4176,10.);
#1064=VECTOR('',#4183,10.);
#1065=VECTOR('',#4186,10.);
#1066=VECTOR('',#4193,10.);
#1067=VECTOR('',#4196,10.);
#1068=VECTOR('',#4199,10.);
#1069=VECTOR('',#4202,10.);
#1070=VECTOR('',#4205,10.);
#1071=VECTOR('',#4206,10.);
#1072=VECTOR('',#4209,10.);
#1073=VECTOR('',#4210,10.);
#1074=VECTOR('',#4213,10.);
#1075=VECTOR('',#4220,10.);
#1076=VECTOR('',#4223,10.);
#1077=VECTOR('',#4224,10.);
#1078=VECTOR('',#4225,10.);
#1079=VECTOR('',#4228,10.);
#1080=VECTOR('',#4231,10.);
#1081=VECTOR('',#4232,10.);
#1082=VECTOR('',#4241,10.);
#1083=VECTOR('',#4248,10.);
#1084=VECTOR('',#4251,10.);
#1085=VECTOR('',#4252,10.);
#1086=VECTOR('',#4253,10.);
#1087=VECTOR('',#4256,10.);
#1088=VECTOR('',#4259,10.);
#1089=VECTOR('',#4260,10.);
#1090=VECTOR('',#4269,10.);
#1091=VECTOR('',#4276,10.);
#1092=VECTOR('',#4279,10.);
#1093=VECTOR('',#4280,10.);
#1094=VECTOR('',#4281,10.);
#1095=VECTOR('',#4284,10.);
#1096=VECTOR('',#4287,10.);
#1097=VECTOR('',#4288,10.);
#1098=VECTOR('',#4297,10.);
#1099=VECTOR('',#4304,10.);
#1100=VECTOR('',#4307,10.);
#1101=VECTOR('',#4308,10.);
#1102=VECTOR('',#4309,10.);
#1103=VECTOR('',#4312,10.);
#1104=VECTOR('',#4315,10.);
#1105=VECTOR('',#4316,10.);
#1106=VECTOR('',#4325,10.);
#1107=VECTOR('',#4332,10.);
#1108=VECTOR('',#4335,10.);
#1109=VECTOR('',#4336,10.);
#1110=VECTOR('',#4337,10.);
#1111=VECTOR('',#4340,10.);
#1112=VECTOR('',#4343,10.);
#1113=VECTOR('',#4344,10.);
#1114=VECTOR('',#4353,10.);
#1115=VECTOR('',#4360,10.);
#1116=VECTOR('',#4363,10.);
#1117=VECTOR('',#4364,10.);
#1118=VECTOR('',#4365,10.);
#1119=VECTOR('',#4368,10.);
#1120=VECTOR('',#4371,10.);
#1121=VECTOR('',#4372,10.);
#1122=VECTOR('',#4381,10.);
#1123=VECTOR('',#4388,10.);
#1124=VECTOR('',#4391,10.);
#1125=VECTOR('',#4392,10.);
#1126=VECTOR('',#4393,10.);
#1127=VECTOR('',#4396,10.);
#1128=VECTOR('',#4399,10.);
#1129=VECTOR('',#4400,10.);
#1130=VECTOR('',#4409,10.);
#1131=VECTOR('',#4416,10.);
#1132=VECTOR('',#4419,10.);
#1133=VECTOR('',#4420,10.);
#1134=VECTOR('',#4421,10.);
#1135=VECTOR('',#4424,10.);
#1136=VECTOR('',#4427,10.);
#1137=VECTOR('',#4428,10.);
#1138=VECTOR('',#4437,10.);
#1139=VECTOR('',#4444,10.);
#1140=VECTOR('',#4447,10.);
#1141=VECTOR('',#4448,10.);
#1142=VECTOR('',#4449,10.);
#1143=VECTOR('',#4452,10.);
#1144=VECTOR('',#4455,10.);
#1145=VECTOR('',#4456,10.);
#1146=VECTOR('',#4465,10.);
#1147=VECTOR('',#4472,10.);
#1148=VECTOR('',#4475,10.);
#1149=VECTOR('',#4476,10.);
#1150=VECTOR('',#4477,10.);
#1151=VECTOR('',#4480,10.);
#1152=VECTOR('',#4483,10.);
#1153=VECTOR('',#4484,10.);
#1154=VECTOR('',#4493,10.);
#1155=VECTOR('',#4500,10.);
#1156=VECTOR('',#4503,10.);
#1157=VECTOR('',#4504,10.);
#1158=VECTOR('',#4505,10.);
#1159=VECTOR('',#4508,10.);
#1160=VECTOR('',#4511,10.);
#1161=VECTOR('',#4512,10.);
#1162=VECTOR('',#4521,10.);
#1163=VECTOR('',#4528,10.);
#1164=VECTOR('',#4531,10.);
#1165=VECTOR('',#4534,10.);
#1166=VECTOR('',#4539,10.);
#1167=VECTOR('',#4544,10.);
#1168=VECTOR('',#4545,10.);
#1169=VECTOR('',#4546,10.);
#1170=VECTOR('',#4549,10.);
#1171=VECTOR('',#4552,10.);
#1172=VECTOR('',#4553,10.);
#1173=VECTOR('',#4562,10.);
#1174=VECTOR('',#4569,10.);
#1175=VECTOR('',#4572,10.);
#1176=VECTOR('',#4575,10.);
#1177=VECTOR('',#4578,10.);
#1178=VECTOR('',#4583,10.);
#1179=VECTOR('',#4584,10.);
#1180=VECTOR('',#4589,10.);
#1181=VECTOR('',#4592,10.);
#1182=VECTOR('',#4593,10.);
#1183=VECTOR('',#4594,10.);
#1184=VECTOR('',#4603,10.);
#1185=VECTOR('',#4610,10.);
#1186=VECTOR('',#4629,10.);
#1187=VECTOR('',#4632,10.);
#1188=VECTOR('',#4637,10.);
#1189=VECTOR('',#4640,10.);
#1190=VECTOR('',#4645,10.);
#1191=VECTOR('',#4652,10.);
#1192=VECTOR('',#4659,10.);
#1193=VECTOR('',#4662,10.);
#1194=VECTOR('',#4667,10.);
#1195=VECTOR('',#4674,10.);
#1196=VECTOR('',#4681,10.);
#1197=VECTOR('',#4684,10.);
#1198=VECTOR('',#4687,10.);
#1199=VECTOR('',#4688,10.);
#1200=VECTOR('',#4691,10.);
#1201=VECTOR('',#4692,10.);
#1202=VECTOR('',#4693,10.);
#1203=VECTOR('',#4696,10.);
#1204=VECTOR('',#4703,10.);
#1205=VECTOR('',#4704,10.);
#1206=VECTOR('',#4705,10.);
#1207=VECTOR('',#4708,10.);
#1208=VECTOR('',#4711,10.);
#1209=VECTOR('',#4714,10.);
#1210=VECTOR('',#4717,10.);
#1211=VECTOR('',#4718,10.);
#1212=VECTOR('',#4719,10.);
#1213=VECTOR('',#4722,10.);
#1214=VECTOR('',#4729,10.);
#1215=VECTOR('',#4730,10.);
#1216=VECTOR('',#4731,10.);
#1217=VECTOR('',#4734,10.);
#1218=VECTOR('',#4737,10.);
#1219=VECTOR('',#4740,10.);
#1220=VECTOR('',#4743,10.);
#1221=VECTOR('',#4744,10.);
#1222=VECTOR('',#4745,10.);
#1223=VECTOR('',#4748,10.);
#1224=VECTOR('',#4755,10.);
#1225=VECTOR('',#4756,10.);
#1226=VECTOR('',#4757,10.);
#1227=VECTOR('',#4760,10.);
#1228=VECTOR('',#4763,10.);
#1229=VECTOR('',#4768,10.);
#1230=VECTOR('',#4769,10.);
#1231=VECTOR('',#4770,10.);
#1232=VECTOR('',#4773,10.);
#1233=VECTOR('',#4780,10.);
#1234=VECTOR('',#4781,10.);
#1235=VECTOR('',#4782,10.);
#1236=VECTOR('',#4785,10.);
#1237=VECTOR('',#4792,10.);
#1238=VECTOR('',#4795,10.);
#1239=VECTOR('',#4802,10.);
#1240=VECTOR('',#4803,10.);
#1241=VECTOR('',#4808,10.);
#1242=VECTOR('',#4809,10.);
#1243=VECTOR('',#4810,10.);
#1244=VECTOR('',#4813,10.);
#1245=VECTOR('',#4820,10.);
#1246=VECTOR('',#4823,10.);
#1247=VECTOR('',#4830,10.);
#1248=VECTOR('',#4831,10.);
#1249=VECTOR('',#4836,10.);
#1250=VECTOR('',#4837,10.);
#1251=VECTOR('',#4838,10.);
#1252=VECTOR('',#4841,10.);
#1253=VECTOR('',#4848,10.);
#1254=VECTOR('',#4849,10.);
#1255=VECTOR('',#4854,10.);
#1256=VECTOR('',#4861,10.);
#1257=VECTOR('',#4864,10.);
#1258=VECTOR('',#4865,10.);
#1259=VECTOR('',#4870,10.);
#1260=VECTOR('',#4873,10.);
#1261=VECTOR('',#4874,10.);
#1262=VECTOR('',#4889,10.);
#1263=VECTOR('',#4892,10.);
#1264=VECTOR('',#4893,10.);
#1265=VECTOR('',#4898,10.);
#1266=VECTOR('',#4901,10.);
#1267=VECTOR('',#4902,10.);
#1268=VECTOR('',#4911,10.);
#1269=VECTOR('',#4914,10.);
#1270=VECTOR('',#4915,10.);
#1271=VECTOR('',#4920,10.);
#1272=VECTOR('',#4923,10.);
#1273=VECTOR('',#4924,10.);
#1274=VECTOR('',#4937,10.);
#1275=VECTOR('',#4940,10.);
#1276=VECTOR('',#4945,10.);
#1277=VECTOR('',#4950,10.);
#1278=VECTOR('',#4955,10.);
#1279=B_SPLINE_CURVE_WITH_KNOTS('',3,(#4970,#4971,#4972,#4973,#4974,#4975,
#4976,#4977,#4978,#4979),.UNSPECIFIED.,.F.,.F.,(4,2,2,2,4),(0.706440355834692,
0.780671570461935,0.854902785089177,0.954569403332878,1.05423602157658),
 .UNSPECIFIED.);
#1280=B_SPLINE_CURVE_WITH_KNOTS('',3,(#4991,#4992,#4993,#4994,#4995,#4996,
#4997,#4998,#4999,#5000),.UNSPECIFIED.,.F.,.F.,(4,2,2,2,4),(0.301400658923722,
0.376750816445304,0.452100973966886,0.527451145907165,0.602801317847445),
 .UNSPECIFIED.);
#1281=B_SPLINE_CURVE_WITH_KNOTS('',3,(#5002,#5003,#5004,#5005,#5006,#5007,
#5008,#5009,#5010,#5011),.UNSPECIFIED.,.F.,.F.,(4,2,2,2,4),(0.602801317847445,
0.678151489787725,0.753501661728005,0.828851819249586,0.904201976771167),
 .UNSPECIFIED.);
#1282=B_SPLINE_CURVE_WITH_KNOTS('',3,(#5015,#5016,#5017,#5018,#5019,#5020,
#5021,#5022,#5023,#5024),.UNSPECIFIED.,.F.,.F.,(4,2,2,2,4),(-0.301400658923722,
-0.226050501402141,-0.150700343880559,-0.0753501719402796,0.),
 .UNSPECIFIED.);
#1283=B_SPLINE_CURVE_WITH_KNOTS('',3,(#5025,#5026,#5027,#5028,#5029,#5030,
#5031,#5032,#5033,#5034),.UNSPECIFIED.,.F.,.F.,(4,2,2,2,4),(0.,0.0753501719402797,
0.150700343880559,0.226050501402141,0.301400658923723),.UNSPECIFIED.);
#1284=B_SPLINE_CURVE_WITH_KNOTS('',3,(#5039,#5040,#5041,#5042,#5043,#5044,
#5045,#5046,#5047,#5048),.UNSPECIFIED.,.F.,.F.,(4,2,2,2,4),(0.301400658923722,
0.376750816445304,0.452100973966886,0.527451145907165,0.602801317847445),
 .UNSPECIFIED.);
#1285=B_SPLINE_CURVE_WITH_KNOTS('',3,(#5050,#5051,#5052,#5053,#5054,#5055,
#5056,#5057,#5058,#5059),.UNSPECIFIED.,.F.,.F.,(4,2,2,2,4),(0.602801317847446,
0.678151489787725,0.753501661728005,0.828851819249586,0.904201976771168),
 .UNSPECIFIED.);
#1286=B_SPLINE_CURVE_WITH_KNOTS('',3,(#5063,#5064,#5065,#5066,#5067,#5068,
#5069,#5070,#5071,#5072),.UNSPECIFIED.,.F.,.F.,(4,2,2,2,4),(-0.301400658923722,
-0.226050501402141,-0.15070034388056,-0.0753501719402798,0.),
 .UNSPECIFIED.);
#1287=B_SPLINE_CURVE_WITH_KNOTS('',3,(#5073,#5074,#5075,#5076,#5077,#5078,
#5079,#5080,#5081,#5082),.UNSPECIFIED.,.F.,.F.,(4,2,2,2,4),(0.,0.0753501719402795,
0.150700343880559,0.226050501402141,0.301400658923722),.UNSPECIFIED.);
#1288=B_SPLINE_CURVE_WITH_KNOTS('',3,(#5101,#5102,#5103,#5104,#5105,#5106,
#5107,#5108,#5109,#5110),.UNSPECIFIED.,.F.,.F.,(4,2,2,2,4),(0.313885742766561,
0.391923143756551,0.469960544746542,0.548866015139779,0.627771485533016),
 .UNSPECIFIED.);
#1289=B_SPLINE_CURVE_WITH_KNOTS('',3,(#5112,#5113,#5114,#5115,#5116,#5117,
#5118,#5119,#5120,#5121),.UNSPECIFIED.,.F.,.F.,(4,2,2,2,4),(0.627771485533017,
0.706676955926282,0.785582426319547,0.863619827309563,0.941657228299578),
 .UNSPECIFIED.);
#1290=B_SPLINE_CURVE_WITH_KNOTS('',3,(#5125,#5126,#5127,#5128,#5129,#5130,
#5131,#5132,#5133,#5134),.UNSPECIFIED.,.F.,.F.,(4,2,2,2,4),(-0.313885742766561,
-0.23584834177654,-0.157810940786518,-0.078905470393259,0.),
 .UNSPECIFIED.);
#1291=B_SPLINE_CURVE_WITH_KNOTS('',3,(#5135,#5136,#5137,#5138,#5139,#5140,
#5141,#5142,#5143,#5144),.UNSPECIFIED.,.F.,.F.,(4,2,2,2,4),(0.,0.0789054703932429,
0.157810940786486,0.235848341776471,0.313885742766455),.UNSPECIFIED.);
#1292=B_SPLINE_CURVE_WITH_KNOTS('',3,(#5163,#5164,#5165,#5166,#5167,#5168,
#5169,#5170,#5171,#5172),.UNSPECIFIED.,.F.,.F.,(4,2,2,2,4),(0.301400658923721,
0.376750816445303,0.452100973966885,0.527451145907165,0.602801317847445),
 .UNSPECIFIED.);
#1293=B_SPLINE_CURVE_WITH_KNOTS('',3,(#5174,#5175,#5176,#5177,#5178,#5179,
#5180,#5181,#5182,#5183),.UNSPECIFIED.,.F.,.F.,(4,2,2,2,4),(0.602801317847443,
0.678151489787723,0.753501661728003,0.828851819249584,0.904201976771165),
 .UNSPECIFIED.);
#1294=B_SPLINE_CURVE_WITH_KNOTS('',3,(#5187,#5188,#5189,#5190,#5191,#5192,
#5193,#5194,#5195,#5196),.UNSPECIFIED.,.F.,.F.,(4,2,2,2,4),(-0.301400658923722,
-0.226050501402141,-0.15070034388056,-0.07535017194028,0.),
 .UNSPECIFIED.);
#1295=B_SPLINE_CURVE_WITH_KNOTS('',3,(#5197,#5198,#5199,#5200,#5201,#5202,
#5203,#5204,#5205,#5206),.UNSPECIFIED.,.F.,.F.,(4,2,2,2,4),(0.,0.0753501719402799,
0.15070034388056,0.226050501402142,0.301400658923724),.UNSPECIFIED.);
#1296=B_SPLINE_CURVE_WITH_KNOTS('',3,(#5211,#5212,#5213,#5214,#5215,#5216,
#5217,#5218,#5219,#5220),.UNSPECIFIED.,.F.,.F.,(4,2,2,2,4),(0.301400658923723,
0.376750816445304,0.452100973966885,0.527451145907165,0.602801317847445),
 .UNSPECIFIED.);
#1297=B_SPLINE_CURVE_WITH_KNOTS('',3,(#5222,#5223,#5224,#5225,#5226,#5227,
#5228,#5229,#5230,#5231),.UNSPECIFIED.,.F.,.F.,(4,2,2,2,4),(0.602801317847444,
0.678151489787724,0.753501661728004,0.828851819249585,0.904201976771167),
 .UNSPECIFIED.);
#1298=B_SPLINE_CURVE_WITH_KNOTS('',3,(#5235,#5236,#5237,#5238,#5239,#5240,
#5241,#5242,#5243,#5244),.UNSPECIFIED.,.F.,.F.,(4,2,2,2,4),(-0.301400658923722,
-0.226050501402141,-0.15070034388056,-0.0753501719402798,0.),
 .UNSPECIFIED.);
#1299=B_SPLINE_CURVE_WITH_KNOTS('',3,(#5245,#5246,#5247,#5248,#5249,#5250,
#5251,#5252,#5253,#5254),.UNSPECIFIED.,.F.,.F.,(4,2,2,2,4),(0.,0.0753501719402793,
0.150700343880559,0.22605050140214,0.301400658923722),.UNSPECIFIED.);
#1300=B_SPLINE_CURVE_WITH_KNOTS('',3,(#5259,#5260,#5261,#5262,#5263,#5264,
#5265,#5266,#5267,#5268),.UNSPECIFIED.,.F.,.F.,(4,2,2,2,4),(0.301400658923722,
0.376750816445304,0.452100973966886,0.527451145907165,0.602801317847445),
 .UNSPECIFIED.);
#1301=B_SPLINE_CURVE_WITH_KNOTS('',3,(#5270,#5271,#5272,#5273,#5274,#5275,
#5276,#5277,#5278,#5279),.UNSPECIFIED.,.F.,.F.,(4,2,2,2,4),(0.602801317847445,
0.678151489787724,0.753501661728004,0.828851819249586,0.904201976771168),
 .UNSPECIFIED.);
#1302=B_SPLINE_CURVE_WITH_KNOTS('',3,(#5283,#5284,#5285,#5286,#5287,#5288,
#5289,#5290,#5291,#5292),.UNSPECIFIED.,.F.,.F.,(4,2,2,2,4),(-0.301400658923723,
-0.226050501402141,-0.150700343880559,-0.0753501719402794,0.),
 .UNSPECIFIED.);
#1303=B_SPLINE_CURVE_WITH_KNOTS('',3,(#5293,#5294,#5295,#5296,#5297,#5298,
#5299,#5300,#5301,#5302),.UNSPECIFIED.,.F.,.F.,(4,2,2,2,4),(0.,0.0753501719402799,
0.15070034388056,0.226050501402141,0.301400658923721),.UNSPECIFIED.);
#1304=B_SPLINE_CURVE_WITH_KNOTS('',3,(#5321,#5322,#5323,#5324,#5325,#5326,
#5327,#5328,#5329,#5330),.UNSPECIFIED.,.F.,.F.,(4,2,2,2,4),(0.313885742766403,
0.391923143756409,0.469960544746415,0.548866015139663,0.627771485532912),
 .UNSPECIFIED.);
#1305=B_SPLINE_CURVE_WITH_KNOTS('',3,(#5332,#5333,#5334,#5335,#5336,#5337,
#5338,#5339,#5340,#5341),.UNSPECIFIED.,.F.,.F.,(4,2,2,2,4),(0.627771485532908,
0.706676955926128,0.785582426319348,0.863619827309329,0.94165722829931),
 .UNSPECIFIED.);
#1306=B_SPLINE_CURVE_WITH_KNOTS('',3,(#5345,#5346,#5347,#5348,#5349,#5350,
#5351,#5352,#5353,#5354),.UNSPECIFIED.,.F.,.F.,(4,2,2,2,4),(-0.313885742766402,
-0.235848341776426,-0.157810940786451,-0.0789054703932255,0.),
 .UNSPECIFIED.);
#1307=B_SPLINE_CURVE_WITH_KNOTS('',3,(#5355,#5356,#5357,#5358,#5359,#5360,
#5361,#5362,#5363,#5364),.UNSPECIFIED.,.F.,.F.,(4,2,2,2,4),(0.,0.0789054703932414,
0.157810940786483,0.235848341776495,0.313885742766507),.UNSPECIFIED.);
#1308=B_SPLINE_CURVE_WITH_KNOTS('',3,(#5383,#5384,#5385,#5386,#5387,#5388,
#5389,#5390,#5391,#5392),.UNSPECIFIED.,.F.,.F.,(4,2,2,2,4),(0.301400658923723,
0.376750816445305,0.452100973966886,0.527451145907166,0.602801317847445),
 .UNSPECIFIED.);
#1309=B_SPLINE_CURVE_WITH_KNOTS('',3,(#5394,#5395,#5396,#5397,#5398,#5399,
#5400,#5401,#5402,#5403),.UNSPECIFIED.,.F.,.F.,(4,2,2,2,4),(0.602801317847446,
0.678151489787725,0.753501661728005,0.828851819249587,0.904201976771168),
 .UNSPECIFIED.);
#1310=B_SPLINE_CURVE_WITH_KNOTS('',3,(#5407,#5408,#5409,#5410,#5411,#5412,
#5413,#5414,#5415,#5416),.UNSPECIFIED.,.F.,.F.,(4,2,2,2,4),(-0.301400658923723,
-0.226050501402141,-0.150700343880559,-0.0753501719402796,0.),
 .UNSPECIFIED.);
#1311=B_SPLINE_CURVE_WITH_KNOTS('',3,(#5417,#5418,#5419,#5420,#5421,#5422,
#5423,#5424,#5425,#5426),.UNSPECIFIED.,.F.,.F.,(4,2,2,2,4),(0.,0.0753501719402793,
0.150700343880559,0.22605050140214,0.301400658923722),.UNSPECIFIED.);
#1312=B_SPLINE_CURVE_WITH_KNOTS('',3,(#5431,#5432,#5433,#5434,#5435,#5436,
#5437,#5438,#5439,#5440),.UNSPECIFIED.,.F.,.F.,(4,2,2,2,4),(0.301400658923722,
0.376750816445303,0.452100973966885,0.527451145907165,0.602801317847445),
 .UNSPECIFIED.);
#1313=B_SPLINE_CURVE_WITH_KNOTS('',3,(#5442,#5443,#5444,#5445,#5446,#5447,
#5448,#5449,#5450,#5451),.UNSPECIFIED.,.F.,.F.,(4,2,2,2,4),(0.602801317847445,
0.678151489787724,0.753501661728003,0.828851819249585,0.904201976771166),
 .UNSPECIFIED.);
#1314=B_SPLINE_CURVE_WITH_KNOTS('',3,(#5455,#5456,#5457,#5458,#5459,#5460,
#5461,#5462,#5463,#5464),.UNSPECIFIED.,.F.,.F.,(4,2,2,2,4),(-0.301400658923723,
-0.226050501402141,-0.150700343880559,-0.0753501719402796,0.),
 .UNSPECIFIED.);
#1315=B_SPLINE_CURVE_WITH_KNOTS('',3,(#5465,#5466,#5467,#5468,#5469,#5470,
#5471,#5472,#5473,#5474),.UNSPECIFIED.,.F.,.F.,(4,2,2,2,4),(0.,0.0753501719402804,
0.150700343880561,0.226050501402141,0.301400658923721),.UNSPECIFIED.);
#1316=B_SPLINE_CURVE_WITH_KNOTS('',3,(#5479,#5480,#5481,#5482,#5483,#5484,
#5485,#5486,#5487,#5488),.UNSPECIFIED.,.F.,.F.,(4,2,2,2,4),(0.301400658923723,
0.376750816445305,0.452100973966887,0.527451145907167,0.602801317847447),
 .UNSPECIFIED.);
#1317=B_SPLINE_CURVE_WITH_KNOTS('',3,(#5490,#5491,#5492,#5493,#5494,#5495,
#5496,#5497,#5498,#5499),.UNSPECIFIED.,.F.,.F.,(4,2,2,2,4),(0.602801317847445,
0.678151489787725,0.753501661728004,0.828851819249585,0.904201976771166),
 .UNSPECIFIED.);
#1318=B_SPLINE_CURVE_WITH_KNOTS('',3,(#5503,#5504,#5505,#5506,#5507,#5508,
#5509,#5510,#5511,#5512),.UNSPECIFIED.,.F.,.F.,(4,2,2,2,4),(-0.301400658923721,
-0.22605050140214,-0.150700343880558,-0.0753501719402792,0.),
 .UNSPECIFIED.);
#1319=B_SPLINE_CURVE_WITH_KNOTS('',3,(#5513,#5514,#5515,#5516,#5517,#5518,
#5519,#5520,#5521,#5522),.UNSPECIFIED.,.F.,.F.,(4,2,2,2,4),(0.,0.0753501719402798,
0.15070034388056,0.226050501402142,0.301400658923724),.UNSPECIFIED.);
#1320=B_SPLINE_CURVE_WITH_KNOTS('',3,(#5541,#5542,#5543,#5544,#5545,#5546,
#5547,#5548,#5549,#5550),.UNSPECIFIED.,.F.,.F.,(4,2,2,2,4),(0.31388574276656,
0.391923143756544,0.469960544746529,0.548866015139772,0.627771485533015),
 .UNSPECIFIED.);
#1321=B_SPLINE_CURVE_WITH_KNOTS('',3,(#5552,#5553,#5554,#5555,#5556,#5557,
#5558,#5559,#5560,#5561),.UNSPECIFIED.,.F.,.F.,(4,2,2,2,4),(0.627771485533017,
0.706676955926276,0.785582426319535,0.863619827309556,0.941657228299577),
 .UNSPECIFIED.);
#1322=B_SPLINE_CURVE_WITH_KNOTS('',3,(#5565,#5566,#5567,#5568,#5569,#5570,
#5571,#5572,#5573,#5574),.UNSPECIFIED.,.F.,.F.,(4,2,2,2,4),(-0.313885742766561,
-0.23584834177654,-0.157810940786518,-0.078905470393259,0.),
 .UNSPECIFIED.);
#1323=B_SPLINE_CURVE_WITH_KNOTS('',3,(#5575,#5576,#5577,#5578,#5579,#5580,
#5581,#5582,#5583,#5584),.UNSPECIFIED.,.F.,.F.,(4,2,2,2,4),(0.,0.078905470393243,
0.157810940786486,0.235848341776471,0.313885742766455),.UNSPECIFIED.);
#1324=B_SPLINE_CURVE_WITH_KNOTS('',3,(#5596,#5597,#5598,#5599),
 .UNSPECIFIED.,.F.,.F.,(4,4),(0.885183467212309,0.904201976771168),
 .UNSPECIFIED.);
#1325=B_SPLINE_CURVE_WITH_KNOTS('',3,(#5608,#5609,#5610,#5611),
 .UNSPECIFIED.,.F.,.F.,(4,4),(0.904201976771168,0.923220486424904),
 .UNSPECIFIED.);
#1326=B_SPLINE_CURVE_WITH_KNOTS('',3,(#5613,#5614,#5615,#5616,#5617,#5618,
#5619,#5620,#5621,#5622),.UNSPECIFIED.,.F.,.F.,(4,2,2,2,4),(0.,0.0753501719402797,
0.150700343880559,0.226050501402141,0.301400658923722),.UNSPECIFIED.);
#1327=B_SPLINE_CURVE_WITH_KNOTS('',3,(#5625,#5626,#5627,#5628,#5629,#5630,
#5631,#5632,#5633,#5634),.UNSPECIFIED.,.F.,.F.,(4,2,2,2,4),(0.301400658923722,
0.376750816445304,0.452100973966885,0.527451145907165,0.602801317847445),
 .UNSPECIFIED.);
#1328=B_SPLINE_CURVE_WITH_KNOTS('',3,(#5640,#5641,#5642,#5643,#5644,#5645,
#5646,#5647,#5648,#5649,#5650,#5651),.UNSPECIFIED.,.F.,.F.,(4,2,2,2,2,4),
(0.0193297156742197,0.0387365242247903,0.0774730484495806,0.116927909813435,
0.156382771177289,0.156854930306597),.UNSPECIFIED.);
#1329=B_SPLINE_CURVE_WITH_KNOTS('',3,(#5663,#5664,#5665,#5666,#5667,#5668,
#5669,#5670,#5671,#5672),.UNSPECIFIED.,.F.,.F.,(4,2,2,2,4),(0.,0.0753487371606523,
0.150697474321305,0.226046200105989,0.301394925890673),.UNSPECIFIED.);
#1330=B_SPLINE_CURVE_WITH_KNOTS('',3,(#5676,#5677,#5678,#5679,#5680,#5681,
#5682,#5683,#5684,#5685),.UNSPECIFIED.,.F.,.F.,(4,2,2,2,4),(0.301394925890673,
0.376743651675357,0.452092377460041,0.527441114620694,0.602789851781346),
 .UNSPECIFIED.);
#1331=B_SPLINE_CURVE_WITH_KNOTS('',3,(#5741,#5742,#5743,#5744,#5745),
 .UNSPECIFIED.,.F.,.F.,(4,1,4),(-0.471339429031024,-0.202002612441868,-5.56283494665241E-17),
 .UNSPECIFIED.);
#1332=B_SPLINE_CURVE_WITH_KNOTS('',3,(#5753,#5754,#5755,#5756,#5757),
 .UNSPECIFIED.,.F.,.F.,(4,1,4),(-0.942684012252663,-0.673347195663507,-0.47134458322164),
 .UNSPECIFIED.);
#1333=B_SPLINE_CURVE_WITH_KNOTS('',3,(#5784,#5785,#5786,#5787,#5788,#5789,
#5790),.UNSPECIFIED.,.F.,.F.,(4,3,4),(-0.157481414445738,-0.0899893796832786,
0.),.UNSPECIFIED.);
#1334=B_SPLINE_CURVE_WITH_KNOTS('',3,(#5793,#5794,#5795,#5796,#5797),
 .UNSPECIFIED.,.F.,.F.,(4,1,4),(5.56283494665241E-17,0.202002612441868,
0.471339429031024),.UNSPECIFIED.);
#1335=B_SPLINE_CURVE_WITH_KNOTS('',3,(#5824,#5825,#5826,#5827,#5828,#5829,
#5830),.UNSPECIFIED.,.F.,.F.,(4,3,4),(-0.157481414445737,-0.0674920347624587,
0.),.UNSPECIFIED.);
#1336=B_SPLINE_CURVE_WITH_KNOTS('',3,(#5832,#5833,#5834,#5835,#5836),
 .UNSPECIFIED.,.F.,.F.,(4,1,4),(0.47134458322164,0.673347195663507,0.942684012252663),
 .UNSPECIFIED.);
#1337=B_SPLINE_CURVE_WITH_KNOTS('',3,(#5848,#5849,#5850,#5851,#5852,#5853,
#5854,#5855,#5856),.UNSPECIFIED.,.F.,.F.,(4,1,1,1,1,1,4),(-0.942684007924086,
-0.80801486393493,-0.673345719945775,-0.53867657595662,-0.404007431967465,
-0.134669143989155,0.),.UNSPECIFIED.);
#1338=B_SPLINE_CURVE_WITH_KNOTS('',3,(#5863,#5864,#5865,#5866,#5867,#5868,
#5869,#5870,#5871),.UNSPECIFIED.,.F.,.F.,(4,1,1,1,1,1,4),(-0.942684007924085,
-0.80801486393493,-0.673345719945775,-0.53867657595662,-0.26933828797831,
-0.134669143989155,0.),.UNSPECIFIED.);
#1339=B_SPLINE_CURVE_WITH_KNOTS('',3,(#5921,#5922,#5923,#5924,#5925,#5926,
#5927,#5928,#5929),.UNSPECIFIED.,.F.,.F.,(4,1,1,1,1,1,4),(0.,0.134669143989155,
0.404007431967465,0.53867657595662,0.673345719945775,0.80801486393493,0.942684007924086),
 .UNSPECIFIED.);
#1340=B_SPLINE_CURVE_WITH_KNOTS('',3,(#5981,#5982,#5983,#5984,#5985,#5986,
#5987,#5988,#5989),.UNSPECIFIED.,.F.,.F.,(4,1,1,1,1,1,4),(0.,0.134669143989155,
0.26933828797831,0.53867657595662,0.673345719945775,0.80801486393493,0.942684007924085),
 .UNSPECIFIED.);
#1341=B_SPLINE_CURVE_WITH_KNOTS('',3,(#6000,#6001,#6002,#6003,#6004,#6005,
#6006,#6007,#6008),.UNSPECIFIED.,.F.,.F.,(4,1,1,1,1,1,4),(-0.942684008025149,
-0.808014864021556,-0.673345720017963,-0.538676576014371,-0.404007432010778,
-0.134669144003593,-2.67982385619388E-16),.UNSPECIFIED.);
#1342=B_SPLINE_CURVE_WITH_KNOTS('',3,(#6015,#6016,#6017,#6018,#6019,#6020,
#6021,#6022,#6023),.UNSPECIFIED.,.F.,.F.,(4,1,1,1,1,1,4),(-0.942684008025148,
-0.808014864021555,-0.673345720017963,-0.404007432010778,-0.269338288007185,
-0.134669144003593,0.),.UNSPECIFIED.);
#1343=B_SPLINE_CURVE_WITH_KNOTS('',3,(#6073,#6074,#6075,#6076,#6077,#6078,
#6079,#6080,#6081),.UNSPECIFIED.,.F.,.F.,(4,1,1,1,1,1,4),(2.67982385619388E-16,
0.134669144003593,0.404007432010778,0.538676576014371,0.673345720017963,
0.808014864021556,0.942684008025149),.UNSPECIFIED.);
#1344=B_SPLINE_CURVE_WITH_KNOTS('',3,(#6133,#6134,#6135,#6136,#6137,#6138,
#6139,#6140,#6141),.UNSPECIFIED.,.F.,.F.,(4,1,1,1,1,1,4),(0.,0.134669144003593,
0.269338288007185,0.404007432010778,0.673345720017963,0.808014864021555,
0.942684008025148),.UNSPECIFIED.);
#1345=B_SPLINE_CURVE_WITH_KNOTS('',3,(#6152,#6153,#6154,#6155,#6156,#6157,
#6158,#6159,#6160),.UNSPECIFIED.,.F.,.F.,(4,1,1,1,1,1,4),(-0.94268400896941,
-0.808014864830923,-0.673345720692436,-0.538676576553949,-0.404007432415461,
-0.134669144138487,0.),.UNSPECIFIED.);
#1346=B_SPLINE_CURVE_WITH_KNOTS('',3,(#6167,#6168,#6169,#6170,#6171,#6172,
#6173,#6174,#6175),.UNSPECIFIED.,.F.,.F.,(4,1,1,1,1,1,4),(-0.942684008969411,
-0.808014864830923,-0.673345720692436,-0.538676576553949,-0.404007432415462,
-0.134669144138487,0.),.UNSPECIFIED.);
#1347=B_SPLINE_CURVE_WITH_KNOTS('',3,(#6225,#6226,#6227,#6228,#6229,#6230,
#6231,#6232,#6233),.UNSPECIFIED.,.F.,.F.,(4,1,1,1,1,1,4),(0.,0.134669144138487,
0.404007432415461,0.538676576553949,0.673345720692436,0.808014864830923,
0.94268400896941),.UNSPECIFIED.);
#1348=B_SPLINE_CURVE_WITH_KNOTS('',3,(#6285,#6286,#6287,#6288,#6289,#6290,
#6291,#6292,#6293),.UNSPECIFIED.,.F.,.F.,(4,1,1,1,1,1,4),(0.,0.134669144138487,
0.404007432415462,0.538676576553949,0.673345720692436,0.808014864830923,
0.942684008969411),.UNSPECIFIED.);
#1349=B_SPLINE_CURVE_WITH_KNOTS('',3,(#6304,#6305,#6306,#6307,#6308,#6309,
#6310,#6311,#6312),.UNSPECIFIED.,.F.,.F.,(4,1,1,1,1,1,4),(-0.942684009071552,
-0.808014864918473,-0.673345720765394,-0.404007432459237,-0.269338288306158,
-0.134669144153079,0.),.UNSPECIFIED.);
#1350=B_SPLINE_CURVE_WITH_KNOTS('',3,(#6319,#6320,#6321,#6322,#6323,#6324,
#6325,#6326,#6327),.UNSPECIFIED.,.F.,.F.,(4,1,1,1,1,1,4),(-0.942684009071554,
-0.808014864918475,-0.673345720765395,-0.404007432459237,-0.269338288306158,
-0.134669144153079,0.),.UNSPECIFIED.);
#1351=B_SPLINE_CURVE_WITH_KNOTS('',3,(#6377,#6378,#6379,#6380,#6381,#6382,
#6383,#6384,#6385),.UNSPECIFIED.,.F.,.F.,(4,1,1,1,1,1,4),(0.,0.134669144153079,
0.269338288306158,0.404007432459237,0.673345720765394,0.808014864918473,
0.942684009071552),.UNSPECIFIED.);
#1352=B_SPLINE_CURVE_WITH_KNOTS('',3,(#6437,#6438,#6439,#6440,#6441,#6442,
#6443,#6444,#6445),.UNSPECIFIED.,.F.,.F.,(4,1,1,1,1,1,4),(0.,0.134669144153079,
0.269338288306158,0.404007432459237,0.673345720765395,0.808014864918475,
0.942684009071554),.UNSPECIFIED.);
#1353=B_SPLINE_CURVE_WITH_KNOTS('',3,(#6456,#6457,#6458,#6459,#6460,#6461,
#6462,#6463,#6464),.UNSPECIFIED.,.F.,.F.,(4,1,1,1,1,1,4),(-0.942684010462842,
-0.808014866111008,-0.673345721759173,-0.538676577407338,-0.404007433055504,
-0.134669144351835,0.),.UNSPECIFIED.);
#1354=B_SPLINE_CURVE_WITH_KNOTS('',3,(#6471,#6472,#6473,#6474,#6475,#6476,
#6477,#6478,#6479),.UNSPECIFIED.,.F.,.F.,(4,1,1,1,1,1,4),(-0.942684010462841,
-0.808014866111007,-0.673345721759173,-0.538676577407338,-0.404007433055503,
-0.134669144351834,0.),.UNSPECIFIED.);
#1355=B_SPLINE_CURVE_WITH_KNOTS('',3,(#6529,#6530,#6531,#6532,#6533,#6534,
#6535,#6536,#6537),.UNSPECIFIED.,.F.,.F.,(4,1,1,1,1,1,4),(0.,0.134669144351835,
0.404007433055504,0.538676577407338,0.673345721759173,0.808014866111008,
0.942684010462842),.UNSPECIFIED.);
#1356=B_SPLINE_CURVE_WITH_KNOTS('',3,(#6589,#6590,#6591,#6592,#6593,#6594,
#6595,#6596,#6597),.UNSPECIFIED.,.F.,.F.,(4,1,1,1,1,1,4),(0.,0.134669144351834,
0.404007433055503,0.538676577407338,0.673345721759173,0.808014866111007,
0.942684010462841),.UNSPECIFIED.);
#1357=B_SPLINE_CURVE_WITH_KNOTS('',3,(#6608,#6609,#6610,#6611,#6612,#6613,
#6614,#6615,#6616),.UNSPECIFIED.,.F.,.F.,(4,1,1,1,1,1,4),(-0.942684009071556,
-0.808014864918477,-0.673345720765398,-0.404007432459239,-0.26933828830616,
-0.134669144153081,-1.55206302069647E-15),.UNSPECIFIED.);
#1358=B_SPLINE_CURVE_WITH_KNOTS('',3,(#6623,#6624,#6625,#6626,#6627,#6628,
#6629,#6630,#6631),.UNSPECIFIED.,.F.,.F.,(4,1,1,1,1,1,4),(-0.942684009071554,
-0.808014864918475,-0.538676576612317,-0.404007432459237,-0.269338288306158,
-0.134669144153079,0.),.UNSPECIFIED.);
#1359=B_SPLINE_CURVE_WITH_KNOTS('',3,(#6681,#6682,#6683,#6684,#6685,#6686,
#6687,#6688,#6689),.UNSPECIFIED.,.F.,.F.,(4,1,1,1,1,1,4),(1.55206302069647E-15,
0.134669144153081,0.26933828830616,0.404007432459239,0.673345720765398,
0.808014864918477,0.942684009071556),.UNSPECIFIED.);
#1360=B_SPLINE_CURVE_WITH_KNOTS('',3,(#6741,#6742,#6743,#6744,#6745,#6746,
#6747,#6748,#6749),.UNSPECIFIED.,.F.,.F.,(4,1,1,1,1,1,4),(0.,0.134669144153079,
0.269338288306158,0.404007432459237,0.538676576612317,0.808014864918475,
0.942684009071554),.UNSPECIFIED.);
#1361=B_SPLINE_CURVE_WITH_KNOTS('',3,(#6760,#6761,#6762,#6763,#6764,#6765,
#6766,#6767,#6768),.UNSPECIFIED.,.F.,.F.,(4,1,1,1,1,1,4),(-0.942684008969411,
-0.808014864830924,-0.673345720692437,-0.538676576553949,-0.404007432415462,
-0.134669144138488,-2.56488599532737E-16),.UNSPECIFIED.);
#1362=B_SPLINE_CURVE_WITH_KNOTS('',3,(#6775,#6776,#6777,#6778,#6779,#6780,
#6781,#6782,#6783),.UNSPECIFIED.,.F.,.F.,(4,1,1,1,1,1,4),(-0.942684008969409,
-0.808014864830922,-0.538676576553948,-0.404007432415461,-0.269338288276974,
-0.134669144138487,0.),.UNSPECIFIED.);
#1363=B_SPLINE_CURVE_WITH_KNOTS('',3,(#6833,#6834,#6835,#6836,#6837,#6838,
#6839,#6840,#6841),.UNSPECIFIED.,.F.,.F.,(4,1,1,1,1,1,4),(2.56488599532737E-16,
0.134669144138488,0.404007432415462,0.538676576553949,0.673345720692437,
0.808014864830924,0.942684008969411),.UNSPECIFIED.);
#1364=B_SPLINE_CURVE_WITH_KNOTS('',3,(#6893,#6894,#6895,#6896,#6897,#6898,
#6899,#6900,#6901),.UNSPECIFIED.,.F.,.F.,(4,1,1,1,1,1,4),(0.,0.134669144138487,
0.269338288276974,0.404007432415461,0.538676576553948,0.808014864830922,
0.942684008969409),.UNSPECIFIED.);
#1365=B_SPLINE_CURVE_WITH_KNOTS('',3,(#6912,#6913,#6914,#6915,#6916,#6917,
#6918,#6919,#6920),.UNSPECIFIED.,.F.,.F.,(4,1,1,1,1,1,4),(-0.942684008025146,
-0.808014864021554,-0.673345720017961,-0.538676576014369,-0.404007432010777,
-0.134669144003592,0.),.UNSPECIFIED.);
#1366=B_SPLINE_CURVE_WITH_KNOTS('',3,(#6927,#6928,#6929,#6930,#6931,#6932,
#6933,#6934,#6935),.UNSPECIFIED.,.F.,.F.,(4,1,1,1,1,1,4),(-0.942684008025148,
-0.808014864021555,-0.673345720017963,-0.53867657601437,-0.404007432010777,
-0.134669144003593,0.),.UNSPECIFIED.);
#1367=B_SPLINE_CURVE_WITH_KNOTS('',3,(#6985,#6986,#6987,#6988,#6989,#6990,
#6991,#6992,#6993),.UNSPECIFIED.,.F.,.F.,(4,1,1,1,1,1,4),(0.,0.134669144003592,
0.404007432010777,0.538676576014369,0.673345720017961,0.808014864021554,
0.942684008025146),.UNSPECIFIED.);
#1368=B_SPLINE_CURVE_WITH_KNOTS('',3,(#7045,#7046,#7047,#7048,#7049,#7050,
#7051,#7052,#7053),.UNSPECIFIED.,.F.,.F.,(4,1,1,1,1,1,4),(0.,0.134669144003593,
0.404007432010777,0.53867657601437,0.673345720017963,0.808014864021555,
0.942684008025148),.UNSPECIFIED.);
#1369=B_SPLINE_CURVE_WITH_KNOTS('',3,(#7064,#7065,#7066,#7067,#7068,#7069,
#7070,#7071,#7072),.UNSPECIFIED.,.F.,.F.,(4,1,1,1,1,1,4),(-0.942684007924086,
-0.808014863934931,-0.673345719945776,-0.538676575956621,-0.404007431967466,
-0.134669143989156,-4.64987037073998E-16),.UNSPECIFIED.);
#1370=B_SPLINE_CURVE_WITH_KNOTS('',3,(#7079,#7080,#7081,#7082,#7083,#7084,
#7085,#7086,#7087),.UNSPECIFIED.,.F.,.F.,(4,1,1,1,1,1,4),(-0.942684007924084,
-0.808014863934929,-0.673345719945774,-0.404007431967465,-0.26933828797831,
-0.134669143989155,0.),.UNSPECIFIED.);
#1371=B_SPLINE_CURVE_WITH_KNOTS('',3,(#7137,#7138,#7139,#7140,#7141,#7142,
#7143,#7144,#7145),.UNSPECIFIED.,.F.,.F.,(4,1,1,1,1,1,4),(4.64987037073998E-16,
0.134669143989156,0.404007431967466,0.538676575956621,0.673345719945776,
0.808014863934931,0.942684007924086),.UNSPECIFIED.);
#1372=B_SPLINE_CURVE_WITH_KNOTS('',3,(#7197,#7198,#7199,#7200,#7201,#7202,
#7203,#7204,#7205),.UNSPECIFIED.,.F.,.F.,(4,1,1,1,1,1,4),(0.,0.134669143989155,
0.26933828797831,0.404007431967465,0.673345719945774,0.808014863934929,
0.942684007924084),.UNSPECIFIED.);
#1373=B_SPLINE_CURVE_WITH_KNOTS('',3,(#7216,#7217,#7218,#7219,#7220,#7221,
#7222,#7223,#7224),.UNSPECIFIED.,.F.,.F.,(4,1,1,1,1,1,4),(-0.942684008025143,
-0.808014864021551,-0.673345720017959,-0.538676576014367,-0.404007432010775,
-0.134669144003592,0.),.UNSPECIFIED.);
#1374=B_SPLINE_CURVE_WITH_KNOTS('',3,(#7231,#7232,#7233,#7234,#7235,#7236,
#7237,#7238,#7239),.UNSPECIFIED.,.F.,.F.,(4,1,1,1,1,1,4),(-0.94268400802515,
-0.808014864021557,-0.673345720017964,-0.538676576014371,-0.269338288007186,
-0.134669144003593,0.),.UNSPECIFIED.);
#1375=B_SPLINE_CURVE_WITH_KNOTS('',3,(#7289,#7290,#7291,#7292,#7293,#7294,
#7295,#7296,#7297),.UNSPECIFIED.,.F.,.F.,(4,1,1,1,1,1,4),(0.,0.134669144003592,
0.404007432010775,0.538676576014367,0.673345720017959,0.808014864021551,
0.942684008025143),.UNSPECIFIED.);
#1376=B_SPLINE_CURVE_WITH_KNOTS('',3,(#7349,#7350,#7351,#7352,#7353,#7354,
#7355,#7356,#7357),.UNSPECIFIED.,.F.,.F.,(4,1,1,1,1,1,4),(0.,0.134669144003593,
0.269338288007186,0.538676576014371,0.673345720017964,0.808014864021557,
0.94268400802515),.UNSPECIFIED.);
#1377=B_SPLINE_CURVE_WITH_KNOTS('',3,(#7368,#7369,#7370,#7371,#7372,#7373,
#7374,#7375,#7376),.UNSPECIFIED.,.F.,.F.,(4,1,1,1,1,1,4),(-0.942684008969407,
-0.80801486483092,-0.673345720692433,-0.40400743241546,-0.269338288276973,
-0.134669144138487,0.),.UNSPECIFIED.);
#1378=B_SPLINE_CURVE_WITH_KNOTS('',3,(#7383,#7384,#7385,#7386,#7387,#7388,
#7389,#7390,#7391),.UNSPECIFIED.,.F.,.F.,(4,1,1,1,1,1,4),(-0.942684008969412,
-0.808014864830924,-0.673345720692437,-0.53867657655395,-0.404007432415462,
-0.134669144138487,0.),.UNSPECIFIED.);
#1379=B_SPLINE_CURVE_WITH_KNOTS('',3,(#7441,#7442,#7443,#7444,#7445,#7446,
#7447,#7448,#7449),.UNSPECIFIED.,.F.,.F.,(4,1,1,1,1,1,4),(0.,0.134669144138487,
0.269338288276973,0.40400743241546,0.673345720692433,0.80801486483092,0.942684008969407),
 .UNSPECIFIED.);
#1380=B_SPLINE_CURVE_WITH_KNOTS('',3,(#7501,#7502,#7503,#7504,#7505,#7506,
#7507,#7508,#7509),.UNSPECIFIED.,.F.,.F.,(4,1,1,1,1,1,4),(0.,0.134669144138487,
0.404007432415462,0.53867657655395,0.673345720692437,0.808014864830924,
0.942684008969412),.UNSPECIFIED.);
#1381=B_SPLINE_CURVE_WITH_KNOTS('',3,(#7515,#7516,#7517,#7518,#7519,#7520,
#7521,#7522,#7523,#7524,#7525,#7526),.UNSPECIFIED.,.F.,.F.,(4,2,2,2,2,4),
(0.15179504376896,0.152267198134286,0.191383702780891,0.230500207427495,
0.269577703367537,0.289315736363888),.UNSPECIFIED.);
#1382=B_SPLINE_CURVE_WITH_KNOTS('',3,(#7533,#7534,#7535,#7536,#7537,#7538,
#7539,#7540,#7541,#7542,#7543,#7544),.UNSPECIFIED.,.F.,.F.,(4,2,2,2,2,4),
(0.620889316809346,0.665706960743991,0.710524604678636,0.752102696601301,
0.789977559506881,0.808445135805705),.UNSPECIFIED.);
#1383=B_SPLINE_CURVE_WITH_KNOTS('',3,(#7547,#7548,#7549,#7550,#7551,#7552,
#7553,#7554,#7555,#7556,#7557,#7558),.UNSPECIFIED.,.F.,.F.,(4,2,2,2,2,4),
(0.0194072874399507,0.0378748629055804,0.0757497258111608,0.117327817733826,
0.162145461668471,0.206963105603115),.UNSPECIFIED.);
#1384=B_SPLINE_CURVE_WITH_KNOTS('',3,(#7568,#7569,#7570,#7571,#7572,#7573,
#7574,#7575,#7576),.UNSPECIFIED.,.F.,.F.,(4,1,1,1,1,1,4),(-0.94268400910191,
-0.808014864944494,-0.673345720787079,-0.404007432472247,-0.269338288314831,
-0.134669144157416,0.),.UNSPECIFIED.);
#1385=B_SPLINE_CURVE_WITH_KNOTS('',3,(#7583,#7584,#7585,#7586,#7587,#7588,
#7589,#7590,#7591),.UNSPECIFIED.,.F.,.F.,(4,1,1,1,1,1,4),(-0.942684009101912,
-0.808014864944496,-0.67334572078708,-0.538676576629664,-0.404007432472248,
-0.134669144157416,0.),.UNSPECIFIED.);
#1386=B_SPLINE_CURVE_WITH_KNOTS('',3,(#7641,#7642,#7643,#7644,#7645,#7646,
#7647,#7648,#7649),.UNSPECIFIED.,.F.,.F.,(4,1,1,1,1,1,4),(0.,0.134669144157416,
0.269338288314831,0.404007432472247,0.673345720787079,0.808014864944494,
0.94268400910191),.UNSPECIFIED.);
#1387=B_SPLINE_CURVE_WITH_KNOTS('',3,(#7701,#7702,#7703,#7704,#7705,#7706,
#7707,#7708,#7709),.UNSPECIFIED.,.F.,.F.,(4,1,1,1,1,1,4),(0.,0.134669144157416,
0.404007432472248,0.538676576629664,0.67334572078708,0.808014864944496,
0.942684009101912),.UNSPECIFIED.);
#1388=B_SPLINE_CURVE_WITH_KNOTS('',3,(#7728,#7729,#7730,#7731),
 .UNSPECIFIED.,.F.,.F.,(4,4),(0.025417202258953,0.0323398816452872),
 .UNSPECIFIED.);
#1389=B_SPLINE_CURVE_WITH_KNOTS('',3,(#7758,#7759,#7760,#7761,#7762,#7763),
 .UNSPECIFIED.,.F.,.F.,(4,2,4),(-0.0856607561477455,-0.0428016062374568,
0.),.UNSPECIFIED.);
#1390=VERTEX_POINT('',#4968);
#1391=VERTEX_POINT('',#4969);
#1392=VERTEX_POINT('',#4980);
#1393=VERTEX_POINT('',#4982);
#1394=VERTEX_POINT('',#4984);
#1395=VERTEX_POINT('',#4987);
#1396=VERTEX_POINT('',#4988);
#1397=VERTEX_POINT('',#4990);
#1398=VERTEX_POINT('',#5001);
#1399=VERTEX_POINT('',#5012);
#1400=VERTEX_POINT('',#5014);
#1401=VERTEX_POINT('',#5035);
#1402=VERTEX_POINT('',#5036);
#1403=VERTEX_POINT('',#5038);
#1404=VERTEX_POINT('',#5049);
#1405=VERTEX_POINT('',#5060);
#1406=VERTEX_POINT('',#5062);
#1407=VERTEX_POINT('',#5084);
#1408=VERTEX_POINT('',#5085);
#1409=VERTEX_POINT('',#5087);
#1410=VERTEX_POINT('',#5092);
#1411=VERTEX_POINT('',#5094);
#1412=VERTEX_POINT('',#5097);
#1413=VERTEX_POINT('',#5098);
#1414=VERTEX_POINT('',#5100);
#1415=VERTEX_POINT('',#5111);
#1416=VERTEX_POINT('',#5122);
#1417=VERTEX_POINT('',#5124);
#1418=VERTEX_POINT('',#5146);
#1419=VERTEX_POINT('',#5148);
#1420=VERTEX_POINT('',#5150);
#1421=VERTEX_POINT('',#5154);
#1422=VERTEX_POINT('',#5156);
#1423=VERTEX_POINT('',#5159);
#1424=VERTEX_POINT('',#5160);
#1425=VERTEX_POINT('',#5162);
#1426=VERTEX_POINT('',#5173);
#1427=VERTEX_POINT('',#5184);
#1428=VERTEX_POINT('',#5186);
#1429=VERTEX_POINT('',#5207);
#1430=VERTEX_POINT('',#5208);
#1431=VERTEX_POINT('',#5210);
#1432=VERTEX_POINT('',#5221);
#1433=VERTEX_POINT('',#5232);
#1434=VERTEX_POINT('',#5234);
#1435=VERTEX_POINT('',#5255);
#1436=VERTEX_POINT('',#5256);
#1437=VERTEX_POINT('',#5258);
#1438=VERTEX_POINT('',#5269);
#1439=VERTEX_POINT('',#5280);
#1440=VERTEX_POINT('',#5282);
#1441=VERTEX_POINT('',#5304);
#1442=VERTEX_POINT('',#5305);
#1443=VERTEX_POINT('',#5307);
#1444=VERTEX_POINT('',#5312);
#1445=VERTEX_POINT('',#5314);
#1446=VERTEX_POINT('',#5317);
#1447=VERTEX_POINT('',#5318);
#1448=VERTEX_POINT('',#5320);
#1449=VERTEX_POINT('',#5331);
#1450=VERTEX_POINT('',#5342);
#1451=VERTEX_POINT('',#5344);
#1452=VERTEX_POINT('',#5366);
#1453=VERTEX_POINT('',#5368);
#1454=VERTEX_POINT('',#5370);
#1455=VERTEX_POINT('',#5374);
#1456=VERTEX_POINT('',#5376);
#1457=VERTEX_POINT('',#5379);
#1458=VERTEX_POINT('',#5380);
#1459=VERTEX_POINT('',#5382);
#1460=VERTEX_POINT('',#5393);
#1461=VERTEX_POINT('',#5404);
#1462=VERTEX_POINT('',#5406);
#1463=VERTEX_POINT('',#5427);
#1464=VERTEX_POINT('',#5428);
#1465=VERTEX_POINT('',#5430);
#1466=VERTEX_POINT('',#5441);
#1467=VERTEX_POINT('',#5452);
#1468=VERTEX_POINT('',#5454);
#1469=VERTEX_POINT('',#5475);
#1470=VERTEX_POINT('',#5476);
#1471=VERTEX_POINT('',#5478);
#1472=VERTEX_POINT('',#5489);
#1473=VERTEX_POINT('',#5500);
#1474=VERTEX_POINT('',#5502);
#1475=VERTEX_POINT('',#5524);
#1476=VERTEX_POINT('',#5525);
#1477=VERTEX_POINT('',#5527);
#1478=VERTEX_POINT('',#5532);
#1479=VERTEX_POINT('',#5534);
#1480=VERTEX_POINT('',#5537);
#1481=VERTEX_POINT('',#5538);
#1482=VERTEX_POINT('',#5540);
#1483=VERTEX_POINT('',#5551);
#1484=VERTEX_POINT('',#5562);
#1485=VERTEX_POINT('',#5564);
#1486=VERTEX_POINT('',#5586);
#1487=VERTEX_POINT('',#5588);
#1488=VERTEX_POINT('',#5590);
#1489=VERTEX_POINT('',#5594);
#1490=VERTEX_POINT('',#5595);
#1491=VERTEX_POINT('',#5600);
#1492=VERTEX_POINT('',#5603);
#1493=VERTEX_POINT('',#5605);
#1494=VERTEX_POINT('',#5607);
#1495=VERTEX_POINT('',#5612);
#1496=VERTEX_POINT('',#5623);
#1497=VERTEX_POINT('',#5636);
#1498=VERTEX_POINT('',#5637);
#1499=VERTEX_POINT('',#5653);
#1500=VERTEX_POINT('',#5654);
#1501=VERTEX_POINT('',#5659);
#1502=VERTEX_POINT('',#5660);
#1503=VERTEX_POINT('',#5662);
#1504=VERTEX_POINT('',#5673);
#1505=VERTEX_POINT('',#5675);
#1506=VERTEX_POINT('',#5686);
#1507=VERTEX_POINT('',#5688);
#1508=VERTEX_POINT('',#5690);
#1509=VERTEX_POINT('',#5694);
#1510=VERTEX_POINT('',#5696);
#1511=VERTEX_POINT('',#5698);
#1512=VERTEX_POINT('',#5701);
#1513=VERTEX_POINT('',#5703);
#1514=VERTEX_POINT('',#5707);
#1515=VERTEX_POINT('',#5709);
#1516=VERTEX_POINT('',#5711);
#1517=VERTEX_POINT('',#5713);
#1518=VERTEX_POINT('',#5717);
#1519=VERTEX_POINT('',#5719);
#1520=VERTEX_POINT('',#5721);
#1521=VERTEX_POINT('',#5723);
#1522=VERTEX_POINT('',#5727);
#1523=VERTEX_POINT('',#5729);
#1524=VERTEX_POINT('',#5731);
#1525=VERTEX_POINT('',#5733);
#1526=VERTEX_POINT('',#5737);
#1527=VERTEX_POINT('',#5739);
#1528=VERTEX_POINT('',#5747);
#1529=VERTEX_POINT('',#5751);
#1530=VERTEX_POINT('',#5783);
#1531=VERTEX_POINT('',#5791);
#1532=VERTEX_POINT('',#5823);
#1533=VERTEX_POINT('',#5831);
#1534=VERTEX_POINT('',#5841);
#1535=VERTEX_POINT('',#5842);
#1536=VERTEX_POINT('',#5847);
#1537=VERTEX_POINT('',#5859);
#1538=VERTEX_POINT('',#5917);
#1539=VERTEX_POINT('',#5919);
#1540=VERTEX_POINT('',#5931);
#1541=VERTEX_POINT('',#5979);
#1542=VERTEX_POINT('',#5993);
#1543=VERTEX_POINT('',#5994);
#1544=VERTEX_POINT('',#5999);
#1545=VERTEX_POINT('',#6011);
#1546=VERTEX_POINT('',#6069);
#1547=VERTEX_POINT('',#6071);
#1548=VERTEX_POINT('',#6083);
#1549=VERTEX_POINT('',#6131);
#1550=VERTEX_POINT('',#6145);
#1551=VERTEX_POINT('',#6146);
#1552=VERTEX_POINT('',#6151);
#1553=VERTEX_POINT('',#6163);
#1554=VERTEX_POINT('',#6221);
#1555=VERTEX_POINT('',#6223);
#1556=VERTEX_POINT('',#6235);
#1557=VERTEX_POINT('',#6283);
#1558=VERTEX_POINT('',#6297);
#1559=VERTEX_POINT('',#6298);
#1560=VERTEX_POINT('',#6303);
#1561=VERTEX_POINT('',#6315);
#1562=VERTEX_POINT('',#6373);
#1563=VERTEX_POINT('',#6375);
#1564=VERTEX_POINT('',#6387);
#1565=VERTEX_POINT('',#6435);
#1566=VERTEX_POINT('',#6449);
#1567=VERTEX_POINT('',#6450);
#1568=VERTEX_POINT('',#6455);
#1569=VERTEX_POINT('',#6467);
#1570=VERTEX_POINT('',#6525);
#1571=VERTEX_POINT('',#6527);
#1572=VERTEX_POINT('',#6539);
#1573=VERTEX_POINT('',#6587);
#1574=VERTEX_POINT('',#6601);
#1575=VERTEX_POINT('',#6602);
#1576=VERTEX_POINT('',#6607);
#1577=VERTEX_POINT('',#6619);
#1578=VERTEX_POINT('',#6677);
#1579=VERTEX_POINT('',#6679);
#1580=VERTEX_POINT('',#6691);
#1581=VERTEX_POINT('',#6739);
#1582=VERTEX_POINT('',#6753);
#1583=VERTEX_POINT('',#6754);
#1584=VERTEX_POINT('',#6759);
#1585=VERTEX_POINT('',#6771);
#1586=VERTEX_POINT('',#6829);
#1587=VERTEX_POINT('',#6831);
#1588=VERTEX_POINT('',#6843);
#1589=VERTEX_POINT('',#6891);
#1590=VERTEX_POINT('',#6905);
#1591=VERTEX_POINT('',#6906);
#1592=VERTEX_POINT('',#6911);
#1593=VERTEX_POINT('',#6923);
#1594=VERTEX_POINT('',#6981);
#1595=VERTEX_POINT('',#6983);
#1596=VERTEX_POINT('',#6995);
#1597=VERTEX_POINT('',#7043);
#1598=VERTEX_POINT('',#7057);
#1599=VERTEX_POINT('',#7058);
#1600=VERTEX_POINT('',#7063);
#1601=VERTEX_POINT('',#7075);
#1602=VERTEX_POINT('',#7133);
#1603=VERTEX_POINT('',#7135);
#1604=VERTEX_POINT('',#7147);
#1605=VERTEX_POINT('',#7195);
#1606=VERTEX_POINT('',#7209);
#1607=VERTEX_POINT('',#7210);
#1608=VERTEX_POINT('',#7215);
#1609=VERTEX_POINT('',#7227);
#1610=VERTEX_POINT('',#7285);
#1611=VERTEX_POINT('',#7287);
#1612=VERTEX_POINT('',#7299);
#1613=VERTEX_POINT('',#7347);
#1614=VERTEX_POINT('',#7361);
#1615=VERTEX_POINT('',#7362);
#1616=VERTEX_POINT('',#7367);
#1617=VERTEX_POINT('',#7379);
#1618=VERTEX_POINT('',#7437);
#1619=VERTEX_POINT('',#7439);
#1620=VERTEX_POINT('',#7451);
#1621=VERTEX_POINT('',#7499);
#1622=VERTEX_POINT('',#7513);
#1623=VERTEX_POINT('',#7528);
#1624=VERTEX_POINT('',#7532);
#1625=VERTEX_POINT('',#7545);
#1626=VERTEX_POINT('',#7561);
#1627=VERTEX_POINT('',#7562);
#1628=VERTEX_POINT('',#7567);
#1629=VERTEX_POINT('',#7579);
#1630=VERTEX_POINT('',#7637);
#1631=VERTEX_POINT('',#7639);
#1632=VERTEX_POINT('',#7651);
#1633=VERTEX_POINT('',#7699);
#1634=VERTEX_POINT('',#7713);
#1635=VERTEX_POINT('',#7715);
#1636=VERTEX_POINT('',#7717);
#1637=VERTEX_POINT('',#7719);
#1638=VERTEX_POINT('',#7723);
#1639=VERTEX_POINT('',#7725);
#1640=VERTEX_POINT('',#7727);
#1641=VERTEX_POINT('',#7734);
#1642=VERTEX_POINT('',#7738);
#1643=VERTEX_POINT('',#7740);
#1644=VERTEX_POINT('',#7752);
#1645=VERTEX_POINT('',#7754);
#1646=VERTEX_POINT('',#7756);
#1647=VERTEX_POINT('',#7765);
#1648=VERTEX_POINT('',#7769);
#1649=VERTEX_POINT('',#7780);
#1650=VERTEX_POINT('',#7781);
#1651=VERTEX_POINT('',#7783);
#1652=VERTEX_POINT('',#7785);
#1653=VERTEX_POINT('',#7789);
#1654=VERTEX_POINT('',#7790);
#1655=VERTEX_POINT('',#7792);
#1656=VERTEX_POINT('',#7794);
#1657=VERTEX_POINT('',#7798);
#1658=VERTEX_POINT('',#7800);
#1659=VERTEX_POINT('',#7804);
#1660=VERTEX_POINT('',#7806);
#1661=VERTEX_POINT('',#7810);
#1662=VERTEX_POINT('',#7811);
#1663=VERTEX_POINT('',#7813);
#1664=VERTEX_POINT('',#7815);
#1665=VERTEX_POINT('',#7819);
#1666=VERTEX_POINT('',#7821);
#1667=VERTEX_POINT('',#7825);
#1668=VERTEX_POINT('',#7827);
#1669=VERTEX_POINT('',#7831);
#1670=VERTEX_POINT('',#7832);
#1671=VERTEX_POINT('',#7834);
#1672=VERTEX_POINT('',#7836);
#1673=VERTEX_POINT('',#7843);
#1674=VERTEX_POINT('',#7845);
#1675=VERTEX_POINT('',#7849);
#1676=VERTEX_POINT('',#7850);
#1677=VERTEX_POINT('',#7865);
#1678=VERTEX_POINT('',#7867);
#1679=VERTEX_POINT('',#7871);
#1680=VERTEX_POINT('',#7872);
#1681=VERTEX_POINT('',#7887);
#1682=VERTEX_POINT('',#7889);
#1683=VERTEX_POINT('',#7893);
#1684=VERTEX_POINT('',#7894);
#1685=VERTEX_POINT('',#7907);
#1686=VERTEX_POINT('',#7908);
#1687=VERTEX_POINT('',#7910);
#1688=VERTEX_POINT('',#7915);
#1689=VERTEX_POINT('',#7919);
#1690=VERTEX_POINT('',#7920);
#1691=VERTEX_POINT('',#7922);
#1692=VERTEX_POINT('',#7927);
#1693=VERTEX_POINT('',#7931);
#1694=VERTEX_POINT('',#7935);
#1695=VERTEX_POINT('',#7939);
#1696=VERTEX_POINT('',#7940);
#1697=VERTEX_POINT('',#7945);
#1698=VERTEX_POINT('',#7946);
#1699=VERTEX_POINT('',#7948);
#1700=VERTEX_POINT('',#7953);
#1701=VERTEX_POINT('',#7957);
#1702=VERTEX_POINT('',#7961);
#1703=VERTEX_POINT('',#7965);
#1704=VERTEX_POINT('',#7966);
#1705=VERTEX_POINT('',#7971);
#1706=VERTEX_POINT('',#7972);
#1707=VERTEX_POINT('',#7974);
#1708=VERTEX_POINT('',#7979);
#1709=VERTEX_POINT('',#7983);
#1710=VERTEX_POINT('',#7984);
#1711=VERTEX_POINT('',#7993);
#1712=VERTEX_POINT('',#7997);
#1713=VERTEX_POINT('',#8001);
#1714=VERTEX_POINT('',#8005);
#1715=VERTEX_POINT('',#8014);
#1716=VERTEX_POINT('',#8018);
#1717=VERTEX_POINT('',#8022);
#1718=VERTEX_POINT('',#8026);
#1719=VERTEX_POINT('',#8032);
#1720=VERTEX_POINT('',#8036);
#1721=VERTEX_POINT('',#8040);
#1722=VERTEX_POINT('',#8044);
#1723=VERTEX_POINT('',#8050);
#1724=VERTEX_POINT('',#8056);
#1725=VERTEX_POINT('',#8060);
#1726=VERTEX_POINT('',#8064);
#1727=VERTEX_POINT('',#8068);
#1728=EDGE_CURVE('',#1390,#1391,#1279,.T.);
#1729=EDGE_CURVE('',#1392,#1390,#751,.T.);
#1730=EDGE_CURVE('',#1392,#1393,#594,.T.);
#1731=EDGE_CURVE('',#1393,#1394,#752,.T.);
#1732=EDGE_CURVE('',#1391,#1394,#595,.T.);
#1733=EDGE_CURVE('',#1395,#1396,#753,.T.);
#1734=EDGE_CURVE('',#1397,#1396,#1280,.T.);
#1735=EDGE_CURVE('',#1398,#1397,#1281,.T.);
#1736=EDGE_CURVE('',#1398,#1399,#754,.T.);
#1737=EDGE_CURVE('',#1400,#1399,#1282,.T.);
#1738=EDGE_CURVE('',#1395,#1400,#1283,.T.);
#1739=EDGE_CURVE('',#1401,#1402,#755,.T.);
#1740=EDGE_CURVE('',#1403,#1402,#1284,.T.);
#1741=EDGE_CURVE('',#1404,#1403,#1285,.T.);
#1742=EDGE_CURVE('',#1404,#1405,#756,.T.);
#1743=EDGE_CURVE('',#1406,#1405,#1286,.T.);
#1744=EDGE_CURVE('',#1401,#1406,#1287,.T.);
#1745=EDGE_CURVE('',#1407,#1408,#596,.T.);
#1746=EDGE_CURVE('',#1409,#1408,#757,.T.);
#1747=EDGE_CURVE('',#1394,#1409,#597,.T.);
#1748=EDGE_CURVE('',#1407,#1393,#598,.T.);
#1749=EDGE_CURVE('',#1408,#1410,#599,.T.);
#1750=EDGE_CURVE('',#1411,#1410,#758,.T.);
#1751=EDGE_CURVE('',#1409,#1411,#600,.T.);
#1752=EDGE_CURVE('',#1412,#1413,#759,.T.);
#1753=EDGE_CURVE('',#1414,#1413,#1288,.T.);
#1754=EDGE_CURVE('',#1415,#1414,#1289,.T.);
#1755=EDGE_CURVE('',#1415,#1416,#760,.T.);
#1756=EDGE_CURVE('',#1417,#1416,#1290,.T.);
#1757=EDGE_CURVE('',#1412,#1417,#1291,.T.);
#1758=EDGE_CURVE('',#1410,#1418,#601,.T.);
#1759=EDGE_CURVE('',#1419,#1418,#602,.T.);
#1760=EDGE_CURVE('',#1419,#1420,#761,.T.);
#1761=EDGE_CURVE('',#1411,#1420,#603,.T.);
#1762=EDGE_CURVE('',#1419,#1421,#604,.T.);
#1763=EDGE_CURVE('',#1421,#1422,#762,.T.);
#1764=EDGE_CURVE('',#1420,#1422,#605,.T.);
#1765=EDGE_CURVE('',#1423,#1424,#763,.T.);
#1766=EDGE_CURVE('',#1425,#1424,#1292,.T.);
#1767=EDGE_CURVE('',#1426,#1425,#1293,.T.);
#1768=EDGE_CURVE('',#1426,#1427,#764,.T.);
#1769=EDGE_CURVE('',#1428,#1427,#1294,.T.);
#1770=EDGE_CURVE('',#1423,#1428,#1295,.T.);
#1771=EDGE_CURVE('',#1429,#1430,#765,.T.);
#1772=EDGE_CURVE('',#1431,#1430,#1296,.T.);
#1773=EDGE_CURVE('',#1432,#1431,#1297,.T.);
#1774=EDGE_CURVE('',#1432,#1433,#766,.T.);
#1775=EDGE_CURVE('',#1434,#1433,#1298,.T.);
#1776=EDGE_CURVE('',#1429,#1434,#1299,.T.);
#1777=EDGE_CURVE('',#1435,#1436,#767,.T.);
#1778=EDGE_CURVE('',#1437,#1436,#1300,.T.);
#1779=EDGE_CURVE('',#1438,#1437,#1301,.T.);
#1780=EDGE_CURVE('',#1438,#1439,#768,.T.);
#1781=EDGE_CURVE('',#1440,#1439,#1302,.T.);
#1782=EDGE_CURVE('',#1435,#1440,#1303,.T.);
#1783=EDGE_CURVE('',#1441,#1442,#606,.T.);
#1784=EDGE_CURVE('',#1443,#1442,#769,.T.);
#1785=EDGE_CURVE('',#1422,#1443,#607,.T.);
#1786=EDGE_CURVE('',#1441,#1421,#608,.T.);
#1787=EDGE_CURVE('',#1442,#1444,#609,.T.);
#1788=EDGE_CURVE('',#1445,#1444,#770,.T.);
#1789=EDGE_CURVE('',#1443,#1445,#610,.T.);
#1790=EDGE_CURVE('',#1446,#1447,#771,.T.);
#1791=EDGE_CURVE('',#1448,#1447,#1304,.T.);
#1792=EDGE_CURVE('',#1449,#1448,#1305,.T.);
#1793=EDGE_CURVE('',#1449,#1450,#772,.T.);
#1794=EDGE_CURVE('',#1451,#1450,#1306,.T.);
#1795=EDGE_CURVE('',#1446,#1451,#1307,.T.);
#1796=EDGE_CURVE('',#1444,#1452,#611,.T.);
#1797=EDGE_CURVE('',#1453,#1452,#612,.T.);
#1798=EDGE_CURVE('',#1453,#1454,#773,.T.);
#1799=EDGE_CURVE('',#1445,#1454,#613,.T.);
#1800=EDGE_CURVE('',#1453,#1455,#614,.T.);
#1801=EDGE_CURVE('',#1455,#1456,#774,.T.);
#1802=EDGE_CURVE('',#1454,#1456,#615,.T.);
#1803=EDGE_CURVE('',#1457,#1458,#775,.T.);
#1804=EDGE_CURVE('',#1459,#1458,#1308,.T.);
#1805=EDGE_CURVE('',#1460,#1459,#1309,.T.);
#1806=EDGE_CURVE('',#1460,#1461,#776,.T.);
#1807=EDGE_CURVE('',#1462,#1461,#1310,.T.);
#1808=EDGE_CURVE('',#1457,#1462,#1311,.T.);
#1809=EDGE_CURVE('',#1463,#1464,#777,.T.);
#1810=EDGE_CURVE('',#1465,#1464,#1312,.T.);
#1811=EDGE_CURVE('',#1466,#1465,#1313,.T.);
#1812=EDGE_CURVE('',#1466,#1467,#778,.T.);
#1813=EDGE_CURVE('',#1468,#1467,#1314,.T.);
#1814=EDGE_CURVE('',#1463,#1468,#1315,.T.);
#1815=EDGE_CURVE('',#1469,#1470,#779,.T.);
#1816=EDGE_CURVE('',#1471,#1470,#1316,.T.);
#1817=EDGE_CURVE('',#1472,#1471,#1317,.T.);
#1818=EDGE_CURVE('',#1472,#1473,#780,.T.);
#1819=EDGE_CURVE('',#1474,#1473,#1318,.T.);
#1820=EDGE_CURVE('',#1469,#1474,#1319,.T.);
#1821=EDGE_CURVE('',#1475,#1476,#616,.T.);
#1822=EDGE_CURVE('',#1477,#1476,#781,.T.);
#1823=EDGE_CURVE('',#1456,#1477,#617,.T.);
#1824=EDGE_CURVE('',#1475,#1455,#618,.T.);
#1825=EDGE_CURVE('',#1476,#1478,#619,.T.);
#1826=EDGE_CURVE('',#1479,#1478,#782,.T.);
#1827=EDGE_CURVE('',#1477,#1479,#620,.T.);
#1828=EDGE_CURVE('',#1480,#1481,#783,.T.);
#1829=EDGE_CURVE('',#1482,#1481,#1320,.T.);
#1830=EDGE_CURVE('',#1483,#1482,#1321,.T.);
#1831=EDGE_CURVE('',#1483,#1484,#784,.T.);
#1832=EDGE_CURVE('',#1485,#1484,#1322,.T.);
#1833=EDGE_CURVE('',#1480,#1485,#1323,.T.);
#1834=EDGE_CURVE('',#1478,#1486,#621,.T.);
#1835=EDGE_CURVE('',#1487,#1486,#622,.T.);
#1836=EDGE_CURVE('',#1487,#1488,#785,.T.);
#1837=EDGE_CURVE('',#1479,#1488,#623,.T.);
#1838=EDGE_CURVE('',#1489,#1490,#1324,.F.);
#1839=EDGE_CURVE('',#1490,#1491,#786,.T.);
#1840=EDGE_CURVE('',#1488,#1491,#624,.T.);
#1841=EDGE_CURVE('',#1487,#1492,#625,.T.);
#1842=EDGE_CURVE('',#1493,#1492,#787,.F.);
#1843=EDGE_CURVE('',#1494,#1493,#1325,.T.);
#1844=EDGE_CURVE('',#1495,#1494,#1326,.T.);
#1845=EDGE_CURVE('',#1495,#1496,#788,.T.);
#1846=EDGE_CURVE('',#1489,#1496,#1327,.T.);
#1847=EDGE_CURVE('',#1497,#1498,#789,.T.);
#1848=EDGE_CURVE('',#1491,#1498,#626,.T.);
#1849=EDGE_CURVE('',#1490,#1497,#1328,.F.);
#1850=EDGE_CURVE('',#1499,#1500,#790,.T.);
#1851=EDGE_CURVE('',#1498,#1500,#791,.T.);
#1852=EDGE_CURVE('',#1499,#1497,#67,.T.);
#1853=EDGE_CURVE('',#1501,#1502,#792,.T.);
#1854=EDGE_CURVE('',#1503,#1501,#1329,.T.);
#1855=EDGE_CURVE('',#1503,#1504,#793,.T.);
#1856=EDGE_CURVE('',#1505,#1504,#1330,.T.);
#1857=EDGE_CURVE('',#1506,#1505,#794,.T.);
#1858=EDGE_CURVE('',#1507,#1506,#627,.T.);
#1859=EDGE_CURVE('',#1508,#1507,#795,.T.);
#1860=EDGE_CURVE('',#1508,#1502,#628,.T.);
#1861=EDGE_CURVE('',#1502,#1509,#796,.T.);
#1862=EDGE_CURVE('',#1510,#1508,#629,.T.);
#1863=EDGE_CURVE('',#1511,#1510,#797,.T.);
#1864=EDGE_CURVE('',#1511,#1492,#630,.T.);
#1865=EDGE_CURVE('',#1512,#1486,#798,.T.);
#1866=EDGE_CURVE('',#1513,#1512,#631,.T.);
#1867=EDGE_CURVE('',#1513,#1509,#632,.T.);
#1868=EDGE_CURVE('',#1514,#1452,#799,.T.);
#1869=EDGE_CURVE('',#1515,#1514,#633,.T.);
#1870=EDGE_CURVE('',#1515,#1516,#634,.T.);
#1871=EDGE_CURVE('',#1517,#1516,#635,.T.);
#1872=EDGE_CURVE('',#1475,#1517,#800,.T.);
#1873=EDGE_CURVE('',#1518,#1418,#801,.T.);
#1874=EDGE_CURVE('',#1519,#1518,#636,.T.);
#1875=EDGE_CURVE('',#1519,#1520,#637,.T.);
#1876=EDGE_CURVE('',#1521,#1520,#638,.T.);
#1877=EDGE_CURVE('',#1441,#1521,#802,.T.);
#1878=EDGE_CURVE('',#1392,#1522,#803,.T.);
#1879=EDGE_CURVE('',#1523,#1522,#639,.T.);
#1880=EDGE_CURVE('',#1524,#1523,#804,.T.);
#1881=EDGE_CURVE('',#1525,#1524,#640,.T.);
#1882=EDGE_CURVE('',#1407,#1525,#805,.T.);
#1883=EDGE_CURVE('',#1505,#1526,#806,.T.);
#1884=EDGE_CURVE('',#1504,#1527,#807,.T.);
#1885=EDGE_CURVE('',#1526,#1527,#1331,.T.);
#1886=EDGE_CURVE('',#1527,#1528,#808,.T.);
#1887=EDGE_CURVE('',#1528,#1503,#809,.T.);
#1888=EDGE_CURVE('',#1529,#1501,#810,.T.);
#1889=EDGE_CURVE('',#1528,#1529,#1332,.T.);
#1890=EDGE_CURVE('',#1526,#1530,#1333,.T.);
#1891=EDGE_CURVE('',#1531,#1527,#641,.T.);
#1892=EDGE_CURVE('',#1531,#1530,#1334,.T.);
#1893=EDGE_CURVE('',#1532,#1529,#1335,.T.);
#1894=EDGE_CURVE('',#1532,#1533,#1336,.T.);
#1895=EDGE_CURVE('',#1528,#1533,#642,.T.);
#1896=EDGE_CURVE('',#1533,#1531,#811,.T.);
#1897=EDGE_CURVE('',#1534,#1535,#812,.T.);
#1898=EDGE_CURVE('',#1405,#1534,#813,.T.);
#1899=EDGE_CURVE('',#1535,#1404,#814,.T.);
#1900=EDGE_CURVE('',#1535,#1536,#1337,.T.);
#1901=EDGE_CURVE('',#1402,#1536,#815,.T.);
#1902=EDGE_CURVE('',#1536,#1537,#816,.T.);
#1903=EDGE_CURVE('',#1537,#1401,#817,.T.);
#1904=EDGE_CURVE('',#1537,#1534,#1338,.T.);
#1905=EDGE_CURVE('',#1535,#1538,#643,.T.);
#1906=EDGE_CURVE('',#1539,#1536,#644,.T.);
#1907=EDGE_CURVE('',#1539,#1538,#1339,.T.);
#1908=EDGE_CURVE('',#1538,#1540,#818,.T.);
#1909=EDGE_CURVE('',#1534,#1540,#645,.T.);
#1910=EDGE_CURVE('',#1537,#1541,#646,.T.);
#1911=EDGE_CURVE('',#1540,#1541,#1340,.T.);
#1912=EDGE_CURVE('',#1541,#1539,#819,.T.);
#1913=EDGE_CURVE('',#1542,#1543,#820,.T.);
#1914=EDGE_CURVE('',#1399,#1542,#821,.T.);
#1915=EDGE_CURVE('',#1543,#1398,#822,.T.);
#1916=EDGE_CURVE('',#1543,#1544,#1341,.T.);
#1917=EDGE_CURVE('',#1396,#1544,#823,.T.);
#1918=EDGE_CURVE('',#1544,#1545,#824,.T.);
#1919=EDGE_CURVE('',#1545,#1395,#825,.T.);
#1920=EDGE_CURVE('',#1545,#1542,#1342,.T.);
#1921=EDGE_CURVE('',#1543,#1546,#647,.T.);
#1922=EDGE_CURVE('',#1547,#1544,#648,.T.);
#1923=EDGE_CURVE('',#1547,#1546,#1343,.T.);
#1924=EDGE_CURVE('',#1546,#1548,#826,.T.);
#1925=EDGE_CURVE('',#1542,#1548,#649,.T.);
#1926=EDGE_CURVE('',#1545,#1549,#650,.T.);
#1927=EDGE_CURVE('',#1548,#1549,#1344,.T.);
#1928=EDGE_CURVE('',#1549,#1547,#827,.T.);
#1929=EDGE_CURVE('',#1550,#1551,#828,.T.);
#1930=EDGE_CURVE('',#1416,#1550,#829,.T.);
#1931=EDGE_CURVE('',#1551,#1415,#830,.T.);
#1932=EDGE_CURVE('',#1551,#1552,#1345,.T.);
#1933=EDGE_CURVE('',#1413,#1552,#831,.T.);
#1934=EDGE_CURVE('',#1552,#1553,#832,.T.);
#1935=EDGE_CURVE('',#1553,#1412,#833,.T.);
#1936=EDGE_CURVE('',#1553,#1550,#1346,.T.);
#1937=EDGE_CURVE('',#1551,#1554,#651,.T.);
#1938=EDGE_CURVE('',#1555,#1552,#652,.T.);
#1939=EDGE_CURVE('',#1555,#1554,#1347,.T.);
#1940=EDGE_CURVE('',#1554,#1556,#834,.T.);
#1941=EDGE_CURVE('',#1550,#1556,#653,.T.);
#1942=EDGE_CURVE('',#1553,#1557,#654,.T.);
#1943=EDGE_CURVE('',#1556,#1557,#1348,.T.);
#1944=EDGE_CURVE('',#1557,#1555,#835,.T.);
#1945=EDGE_CURVE('',#1558,#1559,#836,.T.);
#1946=EDGE_CURVE('',#1439,#1558,#837,.T.);
#1947=EDGE_CURVE('',#1559,#1438,#838,.T.);
#1948=EDGE_CURVE('',#1559,#1560,#1349,.T.);
#1949=EDGE_CURVE('',#1436,#1560,#839,.T.);
#1950=EDGE_CURVE('',#1560,#1561,#840,.T.);
#1951=EDGE_CURVE('',#1561,#1435,#841,.T.);
#1952=EDGE_CURVE('',#1561,#1558,#1350,.T.);
#1953=EDGE_CURVE('',#1559,#1562,#655,.T.);
#1954=EDGE_CURVE('',#1563,#1560,#656,.T.);
#1955=EDGE_CURVE('',#1563,#1562,#1351,.T.);
#1956=EDGE_CURVE('',#1562,#1564,#842,.T.);
#1957=EDGE_CURVE('',#1558,#1564,#657,.T.);
#1958=EDGE_CURVE('',#1561,#1565,#658,.T.);
#1959=EDGE_CURVE('',#1564,#1565,#1352,.T.);
#1960=EDGE_CURVE('',#1565,#1563,#843,.T.);
#1961=EDGE_CURVE('',#1566,#1567,#844,.T.);
#1962=EDGE_CURVE('',#1433,#1566,#845,.T.);
#1963=EDGE_CURVE('',#1567,#1432,#846,.T.);
#1964=EDGE_CURVE('',#1567,#1568,#1353,.T.);
#1965=EDGE_CURVE('',#1430,#1568,#847,.T.);
#1966=EDGE_CURVE('',#1568,#1569,#848,.T.);
#1967=EDGE_CURVE('',#1569,#1429,#849,.T.);
#1968=EDGE_CURVE('',#1569,#1566,#1354,.T.);
#1969=EDGE_CURVE('',#1567,#1570,#659,.T.);
#1970=EDGE_CURVE('',#1571,#1568,#660,.T.);
#1971=EDGE_CURVE('',#1571,#1570,#1355,.T.);
#1972=EDGE_CURVE('',#1570,#1572,#850,.T.);
#1973=EDGE_CURVE('',#1566,#1572,#661,.T.);
#1974=EDGE_CURVE('',#1569,#1573,#662,.T.);
#1975=EDGE_CURVE('',#1572,#1573,#1356,.T.);
#1976=EDGE_CURVE('',#1573,#1571,#851,.T.);
#1977=EDGE_CURVE('',#1574,#1575,#852,.T.);
#1978=EDGE_CURVE('',#1427,#1574,#853,.T.);
#1979=EDGE_CURVE('',#1575,#1426,#854,.T.);
#1980=EDGE_CURVE('',#1575,#1576,#1357,.T.);
#1981=EDGE_CURVE('',#1424,#1576,#855,.T.);
#1982=EDGE_CURVE('',#1576,#1577,#856,.T.);
#1983=EDGE_CURVE('',#1577,#1423,#857,.T.);
#1984=EDGE_CURVE('',#1577,#1574,#1358,.T.);
#1985=EDGE_CURVE('',#1575,#1578,#663,.T.);
#1986=EDGE_CURVE('',#1579,#1576,#664,.T.);
#1987=EDGE_CURVE('',#1579,#1578,#1359,.T.);
#1988=EDGE_CURVE('',#1578,#1580,#858,.T.);
#1989=EDGE_CURVE('',#1574,#1580,#665,.T.);
#1990=EDGE_CURVE('',#1577,#1581,#666,.T.);
#1991=EDGE_CURVE('',#1580,#1581,#1360,.T.);
#1992=EDGE_CURVE('',#1581,#1579,#859,.T.);
#1993=EDGE_CURVE('',#1582,#1583,#860,.T.);
#1994=EDGE_CURVE('',#1450,#1582,#861,.T.);
#1995=EDGE_CURVE('',#1583,#1449,#862,.T.);
#1996=EDGE_CURVE('',#1583,#1584,#1361,.T.);
#1997=EDGE_CURVE('',#1447,#1584,#863,.T.);
#1998=EDGE_CURVE('',#1584,#1585,#864,.T.);
#1999=EDGE_CURVE('',#1585,#1446,#865,.T.);
#2000=EDGE_CURVE('',#1585,#1582,#1362,.T.);
#2001=EDGE_CURVE('',#1583,#1586,#667,.T.);
#2002=EDGE_CURVE('',#1587,#1584,#668,.T.);
#2003=EDGE_CURVE('',#1587,#1586,#1363,.T.);
#2004=EDGE_CURVE('',#1586,#1588,#866,.T.);
#2005=EDGE_CURVE('',#1582,#1588,#669,.T.);
#2006=EDGE_CURVE('',#1585,#1589,#670,.T.);
#2007=EDGE_CURVE('',#1588,#1589,#1364,.T.);
#2008=EDGE_CURVE('',#1589,#1587,#867,.T.);
#2009=EDGE_CURVE('',#1590,#1591,#868,.T.);
#2010=EDGE_CURVE('',#1473,#1590,#869,.T.);
#2011=EDGE_CURVE('',#1591,#1472,#870,.T.);
#2012=EDGE_CURVE('',#1591,#1592,#1365,.T.);
#2013=EDGE_CURVE('',#1470,#1592,#871,.T.);
#2014=EDGE_CURVE('',#1592,#1593,#872,.T.);
#2015=EDGE_CURVE('',#1593,#1469,#873,.T.);
#2016=EDGE_CURVE('',#1593,#1590,#1366,.T.);
#2017=EDGE_CURVE('',#1591,#1594,#671,.T.);
#2018=EDGE_CURVE('',#1595,#1592,#672,.T.);
#2019=EDGE_CURVE('',#1595,#1594,#1367,.T.);
#2020=EDGE_CURVE('',#1594,#1596,#874,.T.);
#2021=EDGE_CURVE('',#1590,#1596,#673,.T.);
#2022=EDGE_CURVE('',#1593,#1597,#674,.T.);
#2023=EDGE_CURVE('',#1596,#1597,#1368,.T.);
#2024=EDGE_CURVE('',#1597,#1595,#875,.T.);
#2025=EDGE_CURVE('',#1598,#1599,#876,.T.);
#2026=EDGE_CURVE('',#1467,#1598,#877,.T.);
#2027=EDGE_CURVE('',#1599,#1466,#878,.T.);
#2028=EDGE_CURVE('',#1599,#1600,#1369,.T.);
#2029=EDGE_CURVE('',#1464,#1600,#879,.T.);
#2030=EDGE_CURVE('',#1600,#1601,#880,.T.);
#2031=EDGE_CURVE('',#1601,#1463,#881,.T.);
#2032=EDGE_CURVE('',#1601,#1598,#1370,.T.);
#2033=EDGE_CURVE('',#1599,#1602,#675,.T.);
#2034=EDGE_CURVE('',#1603,#1600,#676,.T.);
#2035=EDGE_CURVE('',#1603,#1602,#1371,.T.);
#2036=EDGE_CURVE('',#1602,#1604,#882,.T.);
#2037=EDGE_CURVE('',#1598,#1604,#677,.T.);
#2038=EDGE_CURVE('',#1601,#1605,#678,.T.);
#2039=EDGE_CURVE('',#1604,#1605,#1372,.T.);
#2040=EDGE_CURVE('',#1605,#1603,#883,.T.);
#2041=EDGE_CURVE('',#1606,#1607,#884,.T.);
#2042=EDGE_CURVE('',#1461,#1606,#885,.T.);
#2043=EDGE_CURVE('',#1607,#1460,#886,.T.);
#2044=EDGE_CURVE('',#1607,#1608,#1373,.T.);
#2045=EDGE_CURVE('',#1458,#1608,#887,.T.);
#2046=EDGE_CURVE('',#1608,#1609,#888,.T.);
#2047=EDGE_CURVE('',#1609,#1457,#889,.T.);
#2048=EDGE_CURVE('',#1609,#1606,#1374,.T.);
#2049=EDGE_CURVE('',#1607,#1610,#679,.T.);
#2050=EDGE_CURVE('',#1611,#1608,#680,.T.);
#2051=EDGE_CURVE('',#1611,#1610,#1375,.T.);
#2052=EDGE_CURVE('',#1610,#1612,#890,.T.);
#2053=EDGE_CURVE('',#1606,#1612,#681,.T.);
#2054=EDGE_CURVE('',#1609,#1613,#682,.T.);
#2055=EDGE_CURVE('',#1612,#1613,#1376,.T.);
#2056=EDGE_CURVE('',#1613,#1611,#891,.T.);
#2057=EDGE_CURVE('',#1614,#1615,#892,.T.);
#2058=EDGE_CURVE('',#1484,#1614,#893,.T.);
#2059=EDGE_CURVE('',#1615,#1483,#894,.T.);
#2060=EDGE_CURVE('',#1615,#1616,#1377,.T.);
#2061=EDGE_CURVE('',#1481,#1616,#895,.T.);
#2062=EDGE_CURVE('',#1616,#1617,#896,.T.);
#2063=EDGE_CURVE('',#1617,#1480,#897,.T.);
#2064=EDGE_CURVE('',#1617,#1614,#1378,.T.);
#2065=EDGE_CURVE('',#1615,#1618,#683,.T.);
#2066=EDGE_CURVE('',#1619,#1616,#684,.T.);
#2067=EDGE_CURVE('',#1619,#1618,#1379,.T.);
#2068=EDGE_CURVE('',#1618,#1620,#898,.T.);
#2069=EDGE_CURVE('',#1614,#1620,#685,.T.);
#2070=EDGE_CURVE('',#1617,#1621,#686,.T.);
#2071=EDGE_CURVE('',#1620,#1621,#1380,.T.);
#2072=EDGE_CURVE('',#1621,#1619,#899,.T.);
#2073=EDGE_CURVE('',#1622,#1511,#900,.F.);
#2074=EDGE_CURVE('',#1622,#1493,#1381,.F.);
#2075=EDGE_CURVE('',#1623,#1510,#901,.T.);
#2076=EDGE_CURVE('',#1623,#1622,#68,.F.);
#2077=EDGE_CURVE('',#1624,#1499,#1382,.T.);
#2078=EDGE_CURVE('',#1624,#1625,#902,.T.);
#2079=EDGE_CURVE('',#1625,#1623,#1383,.F.);
#2080=EDGE_CURVE('',#1500,#1507,#687,.T.);
#2081=EDGE_CURVE('',#1626,#1627,#903,.T.);
#2082=EDGE_CURVE('',#1625,#1626,#904,.T.);
#2083=EDGE_CURVE('',#1627,#1624,#905,.T.);
#2084=EDGE_CURVE('',#1627,#1628,#1384,.T.);
#2085=EDGE_CURVE('',#1496,#1628,#906,.T.);
#2086=EDGE_CURVE('',#1628,#1629,#907,.T.);
#2087=EDGE_CURVE('',#1629,#1495,#908,.T.);
#2088=EDGE_CURVE('',#1629,#1626,#1385,.T.);
#2089=EDGE_CURVE('',#1627,#1630,#688,.T.);
#2090=EDGE_CURVE('',#1631,#1628,#689,.T.);
#2091=EDGE_CURVE('',#1631,#1630,#1386,.T.);
#2092=EDGE_CURVE('',#1630,#1632,#909,.T.);
#2093=EDGE_CURVE('',#1626,#1632,#690,.T.);
#2094=EDGE_CURVE('',#1629,#1633,#691,.T.);
#2095=EDGE_CURVE('',#1632,#1633,#1387,.T.);
#2096=EDGE_CURVE('',#1633,#1631,#910,.T.);
#2097=EDGE_CURVE('',#1634,#1532,#911,.T.);
#2098=EDGE_CURVE('',#1635,#1634,#692,.T.);
#2099=EDGE_CURVE('',#1636,#1635,#912,.T.);
#2100=EDGE_CURVE('',#1637,#1636,#693,.T.);
#2101=EDGE_CURVE('',#1530,#1637,#913,.T.);
#2102=EDGE_CURVE('',#1638,#1523,#69,.T.);
#2103=EDGE_CURVE('',#1522,#1639,#914,.T.);
#2104=EDGE_CURVE('',#1640,#1639,#1388,.T.);
#2105=EDGE_CURVE('',#1640,#1638,#915,.T.);
#2106=EDGE_CURVE('',#1639,#1641,#694,.T.);
#2107=EDGE_CURVE('',#1392,#1641,#916,.T.);
#2108=EDGE_CURVE('',#1642,#1390,#917,.T.);
#2109=EDGE_CURVE('',#1643,#1642,#918,.T.);
#2110=EDGE_CURVE('',#1641,#1643,#919,.T.);
#2111=EDGE_CURVE('',#1644,#1640,#695,.T.);
#2112=EDGE_CURVE('',#1645,#1641,#696,.T.);
#2113=EDGE_CURVE('',#1645,#1646,#697,.T.);
#2114=EDGE_CURVE('',#1646,#1644,#1389,.T.);
#2115=EDGE_CURVE('',#1391,#1647,#920,.T.);
#2116=EDGE_CURVE('',#1647,#1642,#698,.F.);
#2117=EDGE_CURVE('',#1643,#1648,#699,.F.);
#2118=EDGE_CURVE('',#1648,#1645,#921,.T.);
#2119=EDGE_CURVE('',#1642,#1636,#700,.F.);
#2120=EDGE_CURVE('',#1635,#1643,#701,.F.);
#2121=EDGE_CURVE('',#1648,#1635,#702,.F.);
#2122=EDGE_CURVE('',#1636,#1647,#703,.F.);
#2123=EDGE_CURVE('',#1649,#1650,#704,.T.);
#2124=EDGE_CURVE('',#1651,#1650,#922,.T.);
#2125=EDGE_CURVE('',#1651,#1652,#705,.T.);
#2126=EDGE_CURVE('',#1649,#1652,#923,.T.);
#2127=EDGE_CURVE('',#1653,#1654,#706,.T.);
#2128=EDGE_CURVE('',#1655,#1654,#924,.T.);
#2129=EDGE_CURVE('',#1655,#1656,#707,.T.);
#2130=EDGE_CURVE('',#1653,#1656,#925,.T.);
#2131=EDGE_CURVE('',#1654,#1657,#708,.T.);
#2132=EDGE_CURVE('',#1657,#1658,#926,.T.);
#2133=EDGE_CURVE('',#1658,#1655,#709,.T.);
#2134=EDGE_CURVE('',#1657,#1659,#710,.T.);
#2135=EDGE_CURVE('',#1660,#1659,#927,.T.);
#2136=EDGE_CURVE('',#1660,#1658,#711,.T.);
#2137=EDGE_CURVE('',#1661,#1662,#712,.T.);
#2138=EDGE_CURVE('',#1663,#1662,#928,.T.);
#2139=EDGE_CURVE('',#1663,#1664,#713,.T.);
#2140=EDGE_CURVE('',#1661,#1664,#929,.T.);
#2141=EDGE_CURVE('',#1662,#1665,#714,.T.);
#2142=EDGE_CURVE('',#1665,#1666,#930,.T.);
#2143=EDGE_CURVE('',#1666,#1663,#715,.T.);
#2144=EDGE_CURVE('',#1665,#1667,#716,.T.);
#2145=EDGE_CURVE('',#1668,#1667,#931,.T.);
#2146=EDGE_CURVE('',#1668,#1666,#717,.T.);
#2147=EDGE_CURVE('',#1669,#1670,#718,.T.);
#2148=EDGE_CURVE('',#1671,#1670,#932,.T.);
#2149=EDGE_CURVE('',#1671,#1672,#719,.T.);
#2150=EDGE_CURVE('',#1669,#1672,#933,.T.);
#2151=EDGE_CURVE('',#1513,#1671,#934,.T.);
#2152=EDGE_CURVE('',#1512,#1672,#935,.T.);
#2153=EDGE_CURVE('',#1673,#1486,#936,.T.);
#2154=EDGE_CURVE('',#1673,#1674,#937,.T.);
#2155=EDGE_CURVE('',#1672,#1674,#938,.T.);
#2156=EDGE_CURVE('',#1675,#1676,#939,.T.);
#2157=EDGE_CURVE('',#1674,#1676,#720,.T.);
#2158=EDGE_CURVE('',#1675,#1673,#721,.T.);
#2159=EDGE_CURVE('',#1517,#1668,#940,.T.);
#2160=EDGE_CURVE('',#1676,#1668,#941,.T.);
#2161=EDGE_CURVE('',#1475,#1675,#942,.T.);
#2162=EDGE_CURVE('',#1516,#1666,#943,.T.);
#2163=EDGE_CURVE('',#1515,#1663,#944,.T.);
#2164=EDGE_CURVE('',#1514,#1664,#945,.T.);
#2165=EDGE_CURVE('',#1677,#1452,#946,.T.);
#2166=EDGE_CURVE('',#1677,#1678,#947,.T.);
#2167=EDGE_CURVE('',#1664,#1678,#948,.T.);
#2168=EDGE_CURVE('',#1679,#1680,#949,.T.);
#2169=EDGE_CURVE('',#1678,#1680,#722,.T.);
#2170=EDGE_CURVE('',#1679,#1677,#723,.T.);
#2171=EDGE_CURVE('',#1521,#1660,#950,.T.);
#2172=EDGE_CURVE('',#1680,#1660,#951,.T.);
#2173=EDGE_CURVE('',#1441,#1679,#952,.T.);
#2174=EDGE_CURVE('',#1520,#1658,#953,.T.);
#2175=EDGE_CURVE('',#1519,#1655,#954,.T.);
#2176=EDGE_CURVE('',#1518,#1656,#955,.T.);
#2177=EDGE_CURVE('',#1681,#1418,#956,.T.);
#2178=EDGE_CURVE('',#1681,#1682,#957,.T.);
#2179=EDGE_CURVE('',#1656,#1682,#958,.T.);
#2180=EDGE_CURVE('',#1683,#1684,#959,.T.);
#2181=EDGE_CURVE('',#1682,#1684,#724,.T.);
#2182=EDGE_CURVE('',#1683,#1681,#725,.T.);
#2183=EDGE_CURVE('',#1525,#1651,#960,.T.);
#2184=EDGE_CURVE('',#1684,#1651,#961,.T.);
#2185=EDGE_CURVE('',#1407,#1683,#962,.T.);
#2186=EDGE_CURVE('',#1524,#1652,#963,.T.);
#2187=EDGE_CURVE('',#1652,#1638,#964,.T.);
#2188=EDGE_CURVE('',#1685,#1686,#70,.T.);
#2189=EDGE_CURVE('',#1687,#1685,#965,.T.);
#2190=EDGE_CURVE('',#1687,#1669,#966,.T.);
#2191=EDGE_CURVE('',#1686,#1669,#967,.T.);
#2192=EDGE_CURVE('',#1688,#1670,#968,.T.);
#2193=EDGE_CURVE('',#1688,#1687,#726,.T.);
#2194=EDGE_CURVE('',#1689,#1690,#71,.T.);
#2195=EDGE_CURVE('',#1691,#1689,#969,.T.);
#2196=EDGE_CURVE('',#1691,#1661,#970,.T.);
#2197=EDGE_CURVE('',#1690,#1661,#971,.T.);
#2198=EDGE_CURVE('',#1692,#1662,#972,.T.);
#2199=EDGE_CURVE('',#1692,#1691,#727,.T.);
#2200=EDGE_CURVE('',#1693,#1692,#728,.T.);
#2201=EDGE_CURVE('',#1693,#1665,#973,.T.);
#2202=EDGE_CURVE('',#1694,#1667,#974,.T.);
#2203=EDGE_CURVE('',#1694,#1693,#729,.T.);
#2204=EDGE_CURVE('',#1695,#1696,#72,.T.);
#2205=EDGE_CURVE('',#1667,#1695,#975,.T.);
#2206=EDGE_CURVE('',#1696,#1694,#976,.T.);
#2207=EDGE_CURVE('',#1697,#1698,#73,.T.);
#2208=EDGE_CURVE('',#1699,#1697,#977,.T.);
#2209=EDGE_CURVE('',#1699,#1653,#978,.T.);
#2210=EDGE_CURVE('',#1698,#1653,#979,.T.);
#2211=EDGE_CURVE('',#1700,#1654,#980,.T.);
#2212=EDGE_CURVE('',#1700,#1699,#730,.T.);
#2213=EDGE_CURVE('',#1701,#1700,#731,.T.);
#2214=EDGE_CURVE('',#1701,#1657,#981,.T.);
#2215=EDGE_CURVE('',#1702,#1659,#982,.T.);
#2216=EDGE_CURVE('',#1702,#1701,#732,.T.);
#2217=EDGE_CURVE('',#1703,#1704,#74,.T.);
#2218=EDGE_CURVE('',#1659,#1703,#983,.T.);
#2219=EDGE_CURVE('',#1704,#1702,#984,.T.);
#2220=EDGE_CURVE('',#1705,#1706,#75,.T.);
#2221=EDGE_CURVE('',#1707,#1705,#985,.T.);
#2222=EDGE_CURVE('',#1707,#1649,#986,.T.);
#2223=EDGE_CURVE('',#1706,#1649,#987,.T.);
#2224=EDGE_CURVE('',#1708,#1650,#988,.T.);
#2225=EDGE_CURVE('',#1708,#1707,#733,.T.);
#2226=EDGE_CURVE('',#1709,#1710,#76,.T.);
#2227=EDGE_CURVE('',#1650,#1709,#989,.T.);
#2228=EDGE_CURVE('',#1710,#1708,#990,.T.);
#2229=EDGE_CURVE('',#1705,#1646,#734,.T.);
#2230=EDGE_CURVE('',#1644,#1706,#991,.T.);
#2231=EDGE_CURVE('',#1711,#1710,#735,.T.);
#2232=EDGE_CURVE('',#1709,#1711,#992,.T.);
#2233=EDGE_CURVE('',#1712,#1711,#993,.T.);
#2234=EDGE_CURVE('',#1684,#1712,#994,.T.);
#2235=EDGE_CURVE('',#1713,#1712,#736,.T.);
#2236=EDGE_CURVE('',#1682,#1713,#995,.T.);
#2237=EDGE_CURVE('',#1714,#1713,#996,.T.);
#2238=EDGE_CURVE('',#1714,#1698,#997,.T.);
#2239=EDGE_CURVE('',#1697,#1714,#737,.T.);
#2240=EDGE_CURVE('',#1715,#1704,#738,.T.);
#2241=EDGE_CURVE('',#1703,#1715,#998,.T.);
#2242=EDGE_CURVE('',#1716,#1715,#999,.T.);
#2243=EDGE_CURVE('',#1680,#1716,#1000,.T.);
#2244=EDGE_CURVE('',#1717,#1716,#739,.T.);
#2245=EDGE_CURVE('',#1678,#1717,#1001,.T.);
#2246=EDGE_CURVE('',#1718,#1717,#1002,.T.);
#2247=EDGE_CURVE('',#1718,#1690,#1003,.T.);
#2248=EDGE_CURVE('',#1689,#1718,#740,.T.);
#2249=EDGE_CURVE('',#1719,#1696,#741,.T.);
#2250=EDGE_CURVE('',#1695,#1719,#1004,.T.);
#2251=EDGE_CURVE('',#1720,#1719,#1005,.T.);
#2252=EDGE_CURVE('',#1676,#1720,#1006,.T.);
#2253=EDGE_CURVE('',#1721,#1720,#742,.T.);
#2254=EDGE_CURVE('',#1674,#1721,#1007,.T.);
#2255=EDGE_CURVE('',#1722,#1721,#1008,.T.);
#2256=EDGE_CURVE('',#1722,#1686,#1009,.T.);
#2257=EDGE_CURVE('',#1685,#1722,#743,.T.);
#2258=EDGE_CURVE('',#1637,#1723,#744,.T.);
#2259=EDGE_CURVE('',#1647,#1723,#745,.T.);
#2260=EDGE_CURVE('',#1723,#1506,#1010,.T.);
#2261=EDGE_CURVE('',#1509,#1724,#1011,.T.);
#2262=EDGE_CURVE('',#1724,#1671,#746,.T.);
#2263=EDGE_CURVE('',#1724,#1725,#1012,.T.);
#2264=EDGE_CURVE('',#1670,#1725,#747,.T.);
#2265=EDGE_CURVE('',#1725,#1726,#1013,.T.);
#2266=EDGE_CURVE('',#1726,#1688,#748,.T.);
#2267=EDGE_CURVE('',#1726,#1727,#1014,.T.);
#2268=EDGE_CURVE('',#1727,#1648,#749,.T.);
#2269=EDGE_CURVE('',#1727,#1634,#750,.T.);
#2270=ORIENTED_EDGE('',*,*,#1728,.F.);
#2271=ORIENTED_EDGE('',*,*,#1729,.F.);
#2272=ORIENTED_EDGE('',*,*,#1730,.T.);
#2273=ORIENTED_EDGE('',*,*,#1731,.T.);
#2274=ORIENTED_EDGE('',*,*,#1732,.F.);
#2275=ORIENTED_EDGE('',*,*,#1733,.T.);
#2276=ORIENTED_EDGE('',*,*,#1734,.F.);
#2277=ORIENTED_EDGE('',*,*,#1735,.F.);
#2278=ORIENTED_EDGE('',*,*,#1736,.T.);
#2279=ORIENTED_EDGE('',*,*,#1737,.F.);
#2280=ORIENTED_EDGE('',*,*,#1738,.F.);
#2281=ORIENTED_EDGE('',*,*,#1739,.T.);
#2282=ORIENTED_EDGE('',*,*,#1740,.F.);
#2283=ORIENTED_EDGE('',*,*,#1741,.F.);
#2284=ORIENTED_EDGE('',*,*,#1742,.T.);
#2285=ORIENTED_EDGE('',*,*,#1743,.F.);
#2286=ORIENTED_EDGE('',*,*,#1744,.F.);
#2287=ORIENTED_EDGE('',*,*,#1745,.T.);
#2288=ORIENTED_EDGE('',*,*,#1746,.F.);
#2289=ORIENTED_EDGE('',*,*,#1747,.F.);
#2290=ORIENTED_EDGE('',*,*,#1731,.F.);
#2291=ORIENTED_EDGE('',*,*,#1748,.F.);
#2292=ORIENTED_EDGE('',*,*,#1749,.T.);
#2293=ORIENTED_EDGE('',*,*,#1750,.F.);
#2294=ORIENTED_EDGE('',*,*,#1751,.F.);
#2295=ORIENTED_EDGE('',*,*,#1746,.T.);
#2296=ORIENTED_EDGE('',*,*,#1752,.T.);
#2297=ORIENTED_EDGE('',*,*,#1753,.F.);
#2298=ORIENTED_EDGE('',*,*,#1754,.F.);
#2299=ORIENTED_EDGE('',*,*,#1755,.T.);
#2300=ORIENTED_EDGE('',*,*,#1756,.F.);
#2301=ORIENTED_EDGE('',*,*,#1757,.F.);
#2302=ORIENTED_EDGE('',*,*,#1758,.T.);
#2303=ORIENTED_EDGE('',*,*,#1759,.F.);
#2304=ORIENTED_EDGE('',*,*,#1760,.T.);
#2305=ORIENTED_EDGE('',*,*,#1761,.F.);
#2306=ORIENTED_EDGE('',*,*,#1750,.T.);
#2307=ORIENTED_EDGE('',*,*,#1762,.T.);
#2308=ORIENTED_EDGE('',*,*,#1763,.T.);
#2309=ORIENTED_EDGE('',*,*,#1764,.F.);
#2310=ORIENTED_EDGE('',*,*,#1760,.F.);
#2311=ORIENTED_EDGE('',*,*,#1765,.T.);
#2312=ORIENTED_EDGE('',*,*,#1766,.F.);
#2313=ORIENTED_EDGE('',*,*,#1767,.F.);
#2314=ORIENTED_EDGE('',*,*,#1768,.T.);
#2315=ORIENTED_EDGE('',*,*,#1769,.F.);
#2316=ORIENTED_EDGE('',*,*,#1770,.F.);
#2317=ORIENTED_EDGE('',*,*,#1771,.T.);
#2318=ORIENTED_EDGE('',*,*,#1772,.F.);
#2319=ORIENTED_EDGE('',*,*,#1773,.F.);
#2320=ORIENTED_EDGE('',*,*,#1774,.T.);
#2321=ORIENTED_EDGE('',*,*,#1775,.F.);
#2322=ORIENTED_EDGE('',*,*,#1776,.F.);
#2323=ORIENTED_EDGE('',*,*,#1777,.T.);
#2324=ORIENTED_EDGE('',*,*,#1778,.F.);
#2325=ORIENTED_EDGE('',*,*,#1779,.F.);
#2326=ORIENTED_EDGE('',*,*,#1780,.T.);
#2327=ORIENTED_EDGE('',*,*,#1781,.F.);
#2328=ORIENTED_EDGE('',*,*,#1782,.F.);
#2329=ORIENTED_EDGE('',*,*,#1783,.T.);
#2330=ORIENTED_EDGE('',*,*,#1784,.F.);
#2331=ORIENTED_EDGE('',*,*,#1785,.F.);
#2332=ORIENTED_EDGE('',*,*,#1763,.F.);
#2333=ORIENTED_EDGE('',*,*,#1786,.F.);
#2334=ORIENTED_EDGE('',*,*,#1787,.T.);
#2335=ORIENTED_EDGE('',*,*,#1788,.F.);
#2336=ORIENTED_EDGE('',*,*,#1789,.F.);
#2337=ORIENTED_EDGE('',*,*,#1784,.T.);
#2338=ORIENTED_EDGE('',*,*,#1790,.T.);
#2339=ORIENTED_EDGE('',*,*,#1791,.F.);
#2340=ORIENTED_EDGE('',*,*,#1792,.F.);
#2341=ORIENTED_EDGE('',*,*,#1793,.T.);
#2342=ORIENTED_EDGE('',*,*,#1794,.F.);
#2343=ORIENTED_EDGE('',*,*,#1795,.F.);
#2344=ORIENTED_EDGE('',*,*,#1796,.T.);
#2345=ORIENTED_EDGE('',*,*,#1797,.F.);
#2346=ORIENTED_EDGE('',*,*,#1798,.T.);
#2347=ORIENTED_EDGE('',*,*,#1799,.F.);
#2348=ORIENTED_EDGE('',*,*,#1788,.T.);
#2349=ORIENTED_EDGE('',*,*,#1800,.T.);
#2350=ORIENTED_EDGE('',*,*,#1801,.T.);
#2351=ORIENTED_EDGE('',*,*,#1802,.F.);
#2352=ORIENTED_EDGE('',*,*,#1798,.F.);
#2353=ORIENTED_EDGE('',*,*,#1803,.T.);
#2354=ORIENTED_EDGE('',*,*,#1804,.F.);
#2355=ORIENTED_EDGE('',*,*,#1805,.F.);
#2356=ORIENTED_EDGE('',*,*,#1806,.T.);
#2357=ORIENTED_EDGE('',*,*,#1807,.F.);
#2358=ORIENTED_EDGE('',*,*,#1808,.F.);
#2359=ORIENTED_EDGE('',*,*,#1809,.T.);
#2360=ORIENTED_EDGE('',*,*,#1810,.F.);
#2361=ORIENTED_EDGE('',*,*,#1811,.F.);
#2362=ORIENTED_EDGE('',*,*,#1812,.T.);
#2363=ORIENTED_EDGE('',*,*,#1813,.F.);
#2364=ORIENTED_EDGE('',*,*,#1814,.F.);
#2365=ORIENTED_EDGE('',*,*,#1815,.T.);
#2366=ORIENTED_EDGE('',*,*,#1816,.F.);
#2367=ORIENTED_EDGE('',*,*,#1817,.F.);
#2368=ORIENTED_EDGE('',*,*,#1818,.T.);
#2369=ORIENTED_EDGE('',*,*,#1819,.F.);
#2370=ORIENTED_EDGE('',*,*,#1820,.F.);
#2371=ORIENTED_EDGE('',*,*,#1821,.T.);
#2372=ORIENTED_EDGE('',*,*,#1822,.F.);
#2373=ORIENTED_EDGE('',*,*,#1823,.F.);
#2374=ORIENTED_EDGE('',*,*,#1801,.F.);
#2375=ORIENTED_EDGE('',*,*,#1824,.F.);
#2376=ORIENTED_EDGE('',*,*,#1825,.T.);
#2377=ORIENTED_EDGE('',*,*,#1826,.F.);
#2378=ORIENTED_EDGE('',*,*,#1827,.F.);
#2379=ORIENTED_EDGE('',*,*,#1822,.T.);
#2380=ORIENTED_EDGE('',*,*,#1828,.T.);
#2381=ORIENTED_EDGE('',*,*,#1829,.F.);
#2382=ORIENTED_EDGE('',*,*,#1830,.F.);
#2383=ORIENTED_EDGE('',*,*,#1831,.T.);
#2384=ORIENTED_EDGE('',*,*,#1832,.F.);
#2385=ORIENTED_EDGE('',*,*,#1833,.F.);
#2386=ORIENTED_EDGE('',*,*,#1834,.T.);
#2387=ORIENTED_EDGE('',*,*,#1835,.F.);
#2388=ORIENTED_EDGE('',*,*,#1836,.T.);
#2389=ORIENTED_EDGE('',*,*,#1837,.F.);
#2390=ORIENTED_EDGE('',*,*,#1826,.T.);
#2391=ORIENTED_EDGE('',*,*,#1838,.T.);
#2392=ORIENTED_EDGE('',*,*,#1839,.T.);
#2393=ORIENTED_EDGE('',*,*,#1840,.F.);
#2394=ORIENTED_EDGE('',*,*,#1836,.F.);
#2395=ORIENTED_EDGE('',*,*,#1841,.T.);
#2396=ORIENTED_EDGE('',*,*,#1842,.F.);
#2397=ORIENTED_EDGE('',*,*,#1843,.F.);
#2398=ORIENTED_EDGE('',*,*,#1844,.F.);
#2399=ORIENTED_EDGE('',*,*,#1845,.T.);
#2400=ORIENTED_EDGE('',*,*,#1846,.F.);
#2401=ORIENTED_EDGE('',*,*,#1847,.T.);
#2402=ORIENTED_EDGE('',*,*,#1848,.F.);
#2403=ORIENTED_EDGE('',*,*,#1839,.F.);
#2404=ORIENTED_EDGE('',*,*,#1849,.T.);
#2405=ORIENTED_EDGE('',*,*,#1850,.T.);
#2406=ORIENTED_EDGE('',*,*,#1851,.F.);
#2407=ORIENTED_EDGE('',*,*,#1847,.F.);
#2408=ORIENTED_EDGE('',*,*,#1852,.F.);
#2409=ORIENTED_EDGE('',*,*,#1853,.F.);
#2410=ORIENTED_EDGE('',*,*,#1854,.F.);
#2411=ORIENTED_EDGE('',*,*,#1855,.T.);
#2412=ORIENTED_EDGE('',*,*,#1856,.F.);
#2413=ORIENTED_EDGE('',*,*,#1857,.F.);
#2414=ORIENTED_EDGE('',*,*,#1858,.F.);
#2415=ORIENTED_EDGE('',*,*,#1859,.F.);
#2416=ORIENTED_EDGE('',*,*,#1860,.T.);
#2417=ORIENTED_EDGE('',*,*,#1861,.F.);
#2418=ORIENTED_EDGE('',*,*,#1860,.F.);
#2419=ORIENTED_EDGE('',*,*,#1862,.F.);
#2420=ORIENTED_EDGE('',*,*,#1863,.F.);
#2421=ORIENTED_EDGE('',*,*,#1864,.T.);
#2422=ORIENTED_EDGE('',*,*,#1841,.F.);
#2423=ORIENTED_EDGE('',*,*,#1835,.T.);
#2424=ORIENTED_EDGE('',*,*,#1865,.F.);
#2425=ORIENTED_EDGE('',*,*,#1866,.F.);
#2426=ORIENTED_EDGE('',*,*,#1867,.T.);
#2427=ORIENTED_EDGE('',*,*,#1824,.T.);
#2428=ORIENTED_EDGE('',*,*,#1800,.F.);
#2429=ORIENTED_EDGE('',*,*,#1797,.T.);
#2430=ORIENTED_EDGE('',*,*,#1868,.F.);
#2431=ORIENTED_EDGE('',*,*,#1869,.F.);
#2432=ORIENTED_EDGE('',*,*,#1870,.T.);
#2433=ORIENTED_EDGE('',*,*,#1871,.F.);
#2434=ORIENTED_EDGE('',*,*,#1872,.F.);
#2435=ORIENTED_EDGE('',*,*,#1786,.T.);
#2436=ORIENTED_EDGE('',*,*,#1762,.F.);
#2437=ORIENTED_EDGE('',*,*,#1759,.T.);
#2438=ORIENTED_EDGE('',*,*,#1873,.F.);
#2439=ORIENTED_EDGE('',*,*,#1874,.F.);
#2440=ORIENTED_EDGE('',*,*,#1875,.T.);
#2441=ORIENTED_EDGE('',*,*,#1876,.F.);
#2442=ORIENTED_EDGE('',*,*,#1877,.F.);
#2443=ORIENTED_EDGE('',*,*,#1748,.T.);
#2444=ORIENTED_EDGE('',*,*,#1730,.F.);
#2445=ORIENTED_EDGE('',*,*,#1878,.T.);
#2446=ORIENTED_EDGE('',*,*,#1879,.F.);
#2447=ORIENTED_EDGE('',*,*,#1880,.F.);
#2448=ORIENTED_EDGE('',*,*,#1881,.F.);
#2449=ORIENTED_EDGE('',*,*,#1882,.F.);
#2450=ORIENTED_EDGE('',*,*,#1883,.F.);
#2451=ORIENTED_EDGE('',*,*,#1856,.T.);
#2452=ORIENTED_EDGE('',*,*,#1884,.T.);
#2453=ORIENTED_EDGE('',*,*,#1885,.F.);
#2454=ORIENTED_EDGE('',*,*,#1886,.F.);
#2455=ORIENTED_EDGE('',*,*,#1884,.F.);
#2456=ORIENTED_EDGE('',*,*,#1855,.F.);
#2457=ORIENTED_EDGE('',*,*,#1887,.F.);
#2458=ORIENTED_EDGE('',*,*,#1888,.F.);
#2459=ORIENTED_EDGE('',*,*,#1889,.F.);
#2460=ORIENTED_EDGE('',*,*,#1887,.T.);
#2461=ORIENTED_EDGE('',*,*,#1854,.T.);
#2462=ORIENTED_EDGE('',*,*,#1890,.F.);
#2463=ORIENTED_EDGE('',*,*,#1885,.T.);
#2464=ORIENTED_EDGE('',*,*,#1891,.F.);
#2465=ORIENTED_EDGE('',*,*,#1892,.T.);
#2466=ORIENTED_EDGE('',*,*,#1893,.F.);
#2467=ORIENTED_EDGE('',*,*,#1894,.T.);
#2468=ORIENTED_EDGE('',*,*,#1895,.F.);
#2469=ORIENTED_EDGE('',*,*,#1889,.T.);
#2470=ORIENTED_EDGE('',*,*,#1891,.T.);
#2471=ORIENTED_EDGE('',*,*,#1886,.T.);
#2472=ORIENTED_EDGE('',*,*,#1895,.T.);
#2473=ORIENTED_EDGE('',*,*,#1896,.T.);
#2474=ORIENTED_EDGE('',*,*,#1897,.F.);
#2475=ORIENTED_EDGE('',*,*,#1898,.F.);
#2476=ORIENTED_EDGE('',*,*,#1742,.F.);
#2477=ORIENTED_EDGE('',*,*,#1899,.F.);
#2478=ORIENTED_EDGE('',*,*,#1900,.F.);
#2479=ORIENTED_EDGE('',*,*,#1899,.T.);
#2480=ORIENTED_EDGE('',*,*,#1741,.T.);
#2481=ORIENTED_EDGE('',*,*,#1740,.T.);
#2482=ORIENTED_EDGE('',*,*,#1901,.T.);
#2483=ORIENTED_EDGE('',*,*,#1902,.F.);
#2484=ORIENTED_EDGE('',*,*,#1901,.F.);
#2485=ORIENTED_EDGE('',*,*,#1739,.F.);
#2486=ORIENTED_EDGE('',*,*,#1903,.F.);
#2487=ORIENTED_EDGE('',*,*,#1904,.F.);
#2488=ORIENTED_EDGE('',*,*,#1903,.T.);
#2489=ORIENTED_EDGE('',*,*,#1744,.T.);
#2490=ORIENTED_EDGE('',*,*,#1743,.T.);
#2491=ORIENTED_EDGE('',*,*,#1898,.T.);
#2492=ORIENTED_EDGE('',*,*,#1905,.F.);
#2493=ORIENTED_EDGE('',*,*,#1900,.T.);
#2494=ORIENTED_EDGE('',*,*,#1906,.F.);
#2495=ORIENTED_EDGE('',*,*,#1907,.T.);
#2496=ORIENTED_EDGE('',*,*,#1905,.T.);
#2497=ORIENTED_EDGE('',*,*,#1908,.T.);
#2498=ORIENTED_EDGE('',*,*,#1909,.F.);
#2499=ORIENTED_EDGE('',*,*,#1897,.T.);
#2500=ORIENTED_EDGE('',*,*,#1910,.F.);
#2501=ORIENTED_EDGE('',*,*,#1904,.T.);
#2502=ORIENTED_EDGE('',*,*,#1909,.T.);
#2503=ORIENTED_EDGE('',*,*,#1911,.T.);
#2504=ORIENTED_EDGE('',*,*,#1906,.T.);
#2505=ORIENTED_EDGE('',*,*,#1902,.T.);
#2506=ORIENTED_EDGE('',*,*,#1910,.T.);
#2507=ORIENTED_EDGE('',*,*,#1912,.T.);
#2508=ORIENTED_EDGE('',*,*,#1913,.F.);
#2509=ORIENTED_EDGE('',*,*,#1914,.F.);
#2510=ORIENTED_EDGE('',*,*,#1736,.F.);
#2511=ORIENTED_EDGE('',*,*,#1915,.F.);
#2512=ORIENTED_EDGE('',*,*,#1916,.F.);
#2513=ORIENTED_EDGE('',*,*,#1915,.T.);
#2514=ORIENTED_EDGE('',*,*,#1735,.T.);
#2515=ORIENTED_EDGE('',*,*,#1734,.T.);
#2516=ORIENTED_EDGE('',*,*,#1917,.T.);
#2517=ORIENTED_EDGE('',*,*,#1918,.F.);
#2518=ORIENTED_EDGE('',*,*,#1917,.F.);
#2519=ORIENTED_EDGE('',*,*,#1733,.F.);
#2520=ORIENTED_EDGE('',*,*,#1919,.F.);
#2521=ORIENTED_EDGE('',*,*,#1920,.F.);
#2522=ORIENTED_EDGE('',*,*,#1919,.T.);
#2523=ORIENTED_EDGE('',*,*,#1738,.T.);
#2524=ORIENTED_EDGE('',*,*,#1737,.T.);
#2525=ORIENTED_EDGE('',*,*,#1914,.T.);
#2526=ORIENTED_EDGE('',*,*,#1921,.F.);
#2527=ORIENTED_EDGE('',*,*,#1916,.T.);
#2528=ORIENTED_EDGE('',*,*,#1922,.F.);
#2529=ORIENTED_EDGE('',*,*,#1923,.T.);
#2530=ORIENTED_EDGE('',*,*,#1921,.T.);
#2531=ORIENTED_EDGE('',*,*,#1924,.T.);
#2532=ORIENTED_EDGE('',*,*,#1925,.F.);
#2533=ORIENTED_EDGE('',*,*,#1913,.T.);
#2534=ORIENTED_EDGE('',*,*,#1926,.F.);
#2535=ORIENTED_EDGE('',*,*,#1920,.T.);
#2536=ORIENTED_EDGE('',*,*,#1925,.T.);
#2537=ORIENTED_EDGE('',*,*,#1927,.T.);
#2538=ORIENTED_EDGE('',*,*,#1922,.T.);
#2539=ORIENTED_EDGE('',*,*,#1918,.T.);
#2540=ORIENTED_EDGE('',*,*,#1926,.T.);
#2541=ORIENTED_EDGE('',*,*,#1928,.T.);
#2542=ORIENTED_EDGE('',*,*,#1929,.F.);
#2543=ORIENTED_EDGE('',*,*,#1930,.F.);
#2544=ORIENTED_EDGE('',*,*,#1755,.F.);
#2545=ORIENTED_EDGE('',*,*,#1931,.F.);
#2546=ORIENTED_EDGE('',*,*,#1932,.F.);
#2547=ORIENTED_EDGE('',*,*,#1931,.T.);
#2548=ORIENTED_EDGE('',*,*,#1754,.T.);
#2549=ORIENTED_EDGE('',*,*,#1753,.T.);
#2550=ORIENTED_EDGE('',*,*,#1933,.T.);
#2551=ORIENTED_EDGE('',*,*,#1934,.F.);
#2552=ORIENTED_EDGE('',*,*,#1933,.F.);
#2553=ORIENTED_EDGE('',*,*,#1752,.F.);
#2554=ORIENTED_EDGE('',*,*,#1935,.F.);
#2555=ORIENTED_EDGE('',*,*,#1936,.F.);
#2556=ORIENTED_EDGE('',*,*,#1935,.T.);
#2557=ORIENTED_EDGE('',*,*,#1757,.T.);
#2558=ORIENTED_EDGE('',*,*,#1756,.T.);
#2559=ORIENTED_EDGE('',*,*,#1930,.T.);
#2560=ORIENTED_EDGE('',*,*,#1937,.F.);
#2561=ORIENTED_EDGE('',*,*,#1932,.T.);
#2562=ORIENTED_EDGE('',*,*,#1938,.F.);
#2563=ORIENTED_EDGE('',*,*,#1939,.T.);
#2564=ORIENTED_EDGE('',*,*,#1937,.T.);
#2565=ORIENTED_EDGE('',*,*,#1940,.T.);
#2566=ORIENTED_EDGE('',*,*,#1941,.F.);
#2567=ORIENTED_EDGE('',*,*,#1929,.T.);
#2568=ORIENTED_EDGE('',*,*,#1942,.F.);
#2569=ORIENTED_EDGE('',*,*,#1936,.T.);
#2570=ORIENTED_EDGE('',*,*,#1941,.T.);
#2571=ORIENTED_EDGE('',*,*,#1943,.T.);
#2572=ORIENTED_EDGE('',*,*,#1938,.T.);
#2573=ORIENTED_EDGE('',*,*,#1934,.T.);
#2574=ORIENTED_EDGE('',*,*,#1942,.T.);
#2575=ORIENTED_EDGE('',*,*,#1944,.T.);
#2576=ORIENTED_EDGE('',*,*,#1945,.F.);
#2577=ORIENTED_EDGE('',*,*,#1946,.F.);
#2578=ORIENTED_EDGE('',*,*,#1780,.F.);
#2579=ORIENTED_EDGE('',*,*,#1947,.F.);
#2580=ORIENTED_EDGE('',*,*,#1948,.F.);
#2581=ORIENTED_EDGE('',*,*,#1947,.T.);
#2582=ORIENTED_EDGE('',*,*,#1779,.T.);
#2583=ORIENTED_EDGE('',*,*,#1778,.T.);
#2584=ORIENTED_EDGE('',*,*,#1949,.T.);
#2585=ORIENTED_EDGE('',*,*,#1950,.F.);
#2586=ORIENTED_EDGE('',*,*,#1949,.F.);
#2587=ORIENTED_EDGE('',*,*,#1777,.F.);
#2588=ORIENTED_EDGE('',*,*,#1951,.F.);
#2589=ORIENTED_EDGE('',*,*,#1952,.F.);
#2590=ORIENTED_EDGE('',*,*,#1951,.T.);
#2591=ORIENTED_EDGE('',*,*,#1782,.T.);
#2592=ORIENTED_EDGE('',*,*,#1781,.T.);
#2593=ORIENTED_EDGE('',*,*,#1946,.T.);
#2594=ORIENTED_EDGE('',*,*,#1953,.F.);
#2595=ORIENTED_EDGE('',*,*,#1948,.T.);
#2596=ORIENTED_EDGE('',*,*,#1954,.F.);
#2597=ORIENTED_EDGE('',*,*,#1955,.T.);
#2598=ORIENTED_EDGE('',*,*,#1953,.T.);
#2599=ORIENTED_EDGE('',*,*,#1956,.T.);
#2600=ORIENTED_EDGE('',*,*,#1957,.F.);
#2601=ORIENTED_EDGE('',*,*,#1945,.T.);
#2602=ORIENTED_EDGE('',*,*,#1958,.F.);
#2603=ORIENTED_EDGE('',*,*,#1952,.T.);
#2604=ORIENTED_EDGE('',*,*,#1957,.T.);
#2605=ORIENTED_EDGE('',*,*,#1959,.T.);
#2606=ORIENTED_EDGE('',*,*,#1954,.T.);
#2607=ORIENTED_EDGE('',*,*,#1950,.T.);
#2608=ORIENTED_EDGE('',*,*,#1958,.T.);
#2609=ORIENTED_EDGE('',*,*,#1960,.T.);
#2610=ORIENTED_EDGE('',*,*,#1961,.F.);
#2611=ORIENTED_EDGE('',*,*,#1962,.F.);
#2612=ORIENTED_EDGE('',*,*,#1774,.F.);
#2613=ORIENTED_EDGE('',*,*,#1963,.F.);
#2614=ORIENTED_EDGE('',*,*,#1964,.F.);
#2615=ORIENTED_EDGE('',*,*,#1963,.T.);
#2616=ORIENTED_EDGE('',*,*,#1773,.T.);
#2617=ORIENTED_EDGE('',*,*,#1772,.T.);
#2618=ORIENTED_EDGE('',*,*,#1965,.T.);
#2619=ORIENTED_EDGE('',*,*,#1966,.F.);
#2620=ORIENTED_EDGE('',*,*,#1965,.F.);
#2621=ORIENTED_EDGE('',*,*,#1771,.F.);
#2622=ORIENTED_EDGE('',*,*,#1967,.F.);
#2623=ORIENTED_EDGE('',*,*,#1968,.F.);
#2624=ORIENTED_EDGE('',*,*,#1967,.T.);
#2625=ORIENTED_EDGE('',*,*,#1776,.T.);
#2626=ORIENTED_EDGE('',*,*,#1775,.T.);
#2627=ORIENTED_EDGE('',*,*,#1962,.T.);
#2628=ORIENTED_EDGE('',*,*,#1969,.F.);
#2629=ORIENTED_EDGE('',*,*,#1964,.T.);
#2630=ORIENTED_EDGE('',*,*,#1970,.F.);
#2631=ORIENTED_EDGE('',*,*,#1971,.T.);
#2632=ORIENTED_EDGE('',*,*,#1969,.T.);
#2633=ORIENTED_EDGE('',*,*,#1972,.T.);
#2634=ORIENTED_EDGE('',*,*,#1973,.F.);
#2635=ORIENTED_EDGE('',*,*,#1961,.T.);
#2636=ORIENTED_EDGE('',*,*,#1974,.F.);
#2637=ORIENTED_EDGE('',*,*,#1968,.T.);
#2638=ORIENTED_EDGE('',*,*,#1973,.T.);
#2639=ORIENTED_EDGE('',*,*,#1975,.T.);
#2640=ORIENTED_EDGE('',*,*,#1970,.T.);
#2641=ORIENTED_EDGE('',*,*,#1966,.T.);
#2642=ORIENTED_EDGE('',*,*,#1974,.T.);
#2643=ORIENTED_EDGE('',*,*,#1976,.T.);
#2644=ORIENTED_EDGE('',*,*,#1977,.F.);
#2645=ORIENTED_EDGE('',*,*,#1978,.F.);
#2646=ORIENTED_EDGE('',*,*,#1768,.F.);
#2647=ORIENTED_EDGE('',*,*,#1979,.F.);
#2648=ORIENTED_EDGE('',*,*,#1980,.F.);
#2649=ORIENTED_EDGE('',*,*,#1979,.T.);
#2650=ORIENTED_EDGE('',*,*,#1767,.T.);
#2651=ORIENTED_EDGE('',*,*,#1766,.T.);
#2652=ORIENTED_EDGE('',*,*,#1981,.T.);
#2653=ORIENTED_EDGE('',*,*,#1982,.F.);
#2654=ORIENTED_EDGE('',*,*,#1981,.F.);
#2655=ORIENTED_EDGE('',*,*,#1765,.F.);
#2656=ORIENTED_EDGE('',*,*,#1983,.F.);
#2657=ORIENTED_EDGE('',*,*,#1984,.F.);
#2658=ORIENTED_EDGE('',*,*,#1983,.T.);
#2659=ORIENTED_EDGE('',*,*,#1770,.T.);
#2660=ORIENTED_EDGE('',*,*,#1769,.T.);
#2661=ORIENTED_EDGE('',*,*,#1978,.T.);
#2662=ORIENTED_EDGE('',*,*,#1985,.F.);
#2663=ORIENTED_EDGE('',*,*,#1980,.T.);
#2664=ORIENTED_EDGE('',*,*,#1986,.F.);
#2665=ORIENTED_EDGE('',*,*,#1987,.T.);
#2666=ORIENTED_EDGE('',*,*,#1985,.T.);
#2667=ORIENTED_EDGE('',*,*,#1988,.T.);
#2668=ORIENTED_EDGE('',*,*,#1989,.F.);
#2669=ORIENTED_EDGE('',*,*,#1977,.T.);
#2670=ORIENTED_EDGE('',*,*,#1990,.F.);
#2671=ORIENTED_EDGE('',*,*,#1984,.T.);
#2672=ORIENTED_EDGE('',*,*,#1989,.T.);
#2673=ORIENTED_EDGE('',*,*,#1991,.T.);
#2674=ORIENTED_EDGE('',*,*,#1986,.T.);
#2675=ORIENTED_EDGE('',*,*,#1982,.T.);
#2676=ORIENTED_EDGE('',*,*,#1990,.T.);
#2677=ORIENTED_EDGE('',*,*,#1992,.T.);
#2678=ORIENTED_EDGE('',*,*,#1993,.F.);
#2679=ORIENTED_EDGE('',*,*,#1994,.F.);
#2680=ORIENTED_EDGE('',*,*,#1793,.F.);
#2681=ORIENTED_EDGE('',*,*,#1995,.F.);
#2682=ORIENTED_EDGE('',*,*,#1996,.F.);
#2683=ORIENTED_EDGE('',*,*,#1995,.T.);
#2684=ORIENTED_EDGE('',*,*,#1792,.T.);
#2685=ORIENTED_EDGE('',*,*,#1791,.T.);
#2686=ORIENTED_EDGE('',*,*,#1997,.T.);
#2687=ORIENTED_EDGE('',*,*,#1998,.F.);
#2688=ORIENTED_EDGE('',*,*,#1997,.F.);
#2689=ORIENTED_EDGE('',*,*,#1790,.F.);
#2690=ORIENTED_EDGE('',*,*,#1999,.F.);
#2691=ORIENTED_EDGE('',*,*,#2000,.F.);
#2692=ORIENTED_EDGE('',*,*,#1999,.T.);
#2693=ORIENTED_EDGE('',*,*,#1795,.T.);
#2694=ORIENTED_EDGE('',*,*,#1794,.T.);
#2695=ORIENTED_EDGE('',*,*,#1994,.T.);
#2696=ORIENTED_EDGE('',*,*,#2001,.F.);
#2697=ORIENTED_EDGE('',*,*,#1996,.T.);
#2698=ORIENTED_EDGE('',*,*,#2002,.F.);
#2699=ORIENTED_EDGE('',*,*,#2003,.T.);
#2700=ORIENTED_EDGE('',*,*,#2001,.T.);
#2701=ORIENTED_EDGE('',*,*,#2004,.T.);
#2702=ORIENTED_EDGE('',*,*,#2005,.F.);
#2703=ORIENTED_EDGE('',*,*,#1993,.T.);
#2704=ORIENTED_EDGE('',*,*,#2006,.F.);
#2705=ORIENTED_EDGE('',*,*,#2000,.T.);
#2706=ORIENTED_EDGE('',*,*,#2005,.T.);
#2707=ORIENTED_EDGE('',*,*,#2007,.T.);
#2708=ORIENTED_EDGE('',*,*,#2002,.T.);
#2709=ORIENTED_EDGE('',*,*,#1998,.T.);
#2710=ORIENTED_EDGE('',*,*,#2006,.T.);
#2711=ORIENTED_EDGE('',*,*,#2008,.T.);
#2712=ORIENTED_EDGE('',*,*,#2009,.F.);
#2713=ORIENTED_EDGE('',*,*,#2010,.F.);
#2714=ORIENTED_EDGE('',*,*,#1818,.F.);
#2715=ORIENTED_EDGE('',*,*,#2011,.F.);
#2716=ORIENTED_EDGE('',*,*,#2012,.F.);
#2717=ORIENTED_EDGE('',*,*,#2011,.T.);
#2718=ORIENTED_EDGE('',*,*,#1817,.T.);
#2719=ORIENTED_EDGE('',*,*,#1816,.T.);
#2720=ORIENTED_EDGE('',*,*,#2013,.T.);
#2721=ORIENTED_EDGE('',*,*,#2014,.F.);
#2722=ORIENTED_EDGE('',*,*,#2013,.F.);
#2723=ORIENTED_EDGE('',*,*,#1815,.F.);
#2724=ORIENTED_EDGE('',*,*,#2015,.F.);
#2725=ORIENTED_EDGE('',*,*,#2016,.F.);
#2726=ORIENTED_EDGE('',*,*,#2015,.T.);
#2727=ORIENTED_EDGE('',*,*,#1820,.T.);
#2728=ORIENTED_EDGE('',*,*,#1819,.T.);
#2729=ORIENTED_EDGE('',*,*,#2010,.T.);
#2730=ORIENTED_EDGE('',*,*,#2017,.F.);
#2731=ORIENTED_EDGE('',*,*,#2012,.T.);
#2732=ORIENTED_EDGE('',*,*,#2018,.F.);
#2733=ORIENTED_EDGE('',*,*,#2019,.T.);
#2734=ORIENTED_EDGE('',*,*,#2017,.T.);
#2735=ORIENTED_EDGE('',*,*,#2020,.T.);
#2736=ORIENTED_EDGE('',*,*,#2021,.F.);
#2737=ORIENTED_EDGE('',*,*,#2009,.T.);
#2738=ORIENTED_EDGE('',*,*,#2022,.F.);
#2739=ORIENTED_EDGE('',*,*,#2016,.T.);
#2740=ORIENTED_EDGE('',*,*,#2021,.T.);
#2741=ORIENTED_EDGE('',*,*,#2023,.T.);
#2742=ORIENTED_EDGE('',*,*,#2018,.T.);
#2743=ORIENTED_EDGE('',*,*,#2014,.T.);
#2744=ORIENTED_EDGE('',*,*,#2022,.T.);
#2745=ORIENTED_EDGE('',*,*,#2024,.T.);
#2746=ORIENTED_EDGE('',*,*,#2025,.F.);
#2747=ORIENTED_EDGE('',*,*,#2026,.F.);
#2748=ORIENTED_EDGE('',*,*,#1812,.F.);
#2749=ORIENTED_EDGE('',*,*,#2027,.F.);
#2750=ORIENTED_EDGE('',*,*,#2028,.F.);
#2751=ORIENTED_EDGE('',*,*,#2027,.T.);
#2752=ORIENTED_EDGE('',*,*,#1811,.T.);
#2753=ORIENTED_EDGE('',*,*,#1810,.T.);
#2754=ORIENTED_EDGE('',*,*,#2029,.T.);
#2755=ORIENTED_EDGE('',*,*,#2030,.F.);
#2756=ORIENTED_EDGE('',*,*,#2029,.F.);
#2757=ORIENTED_EDGE('',*,*,#1809,.F.);
#2758=ORIENTED_EDGE('',*,*,#2031,.F.);
#2759=ORIENTED_EDGE('',*,*,#2032,.F.);
#2760=ORIENTED_EDGE('',*,*,#2031,.T.);
#2761=ORIENTED_EDGE('',*,*,#1814,.T.);
#2762=ORIENTED_EDGE('',*,*,#1813,.T.);
#2763=ORIENTED_EDGE('',*,*,#2026,.T.);
#2764=ORIENTED_EDGE('',*,*,#2033,.F.);
#2765=ORIENTED_EDGE('',*,*,#2028,.T.);
#2766=ORIENTED_EDGE('',*,*,#2034,.F.);
#2767=ORIENTED_EDGE('',*,*,#2035,.T.);
#2768=ORIENTED_EDGE('',*,*,#2033,.T.);
#2769=ORIENTED_EDGE('',*,*,#2036,.T.);
#2770=ORIENTED_EDGE('',*,*,#2037,.F.);
#2771=ORIENTED_EDGE('',*,*,#2025,.T.);
#2772=ORIENTED_EDGE('',*,*,#2038,.F.);
#2773=ORIENTED_EDGE('',*,*,#2032,.T.);
#2774=ORIENTED_EDGE('',*,*,#2037,.T.);
#2775=ORIENTED_EDGE('',*,*,#2039,.T.);
#2776=ORIENTED_EDGE('',*,*,#2034,.T.);
#2777=ORIENTED_EDGE('',*,*,#2030,.T.);
#2778=ORIENTED_EDGE('',*,*,#2038,.T.);
#2779=ORIENTED_EDGE('',*,*,#2040,.T.);
#2780=ORIENTED_EDGE('',*,*,#2041,.F.);
#2781=ORIENTED_EDGE('',*,*,#2042,.F.);
#2782=ORIENTED_EDGE('',*,*,#1806,.F.);
#2783=ORIENTED_EDGE('',*,*,#2043,.F.);
#2784=ORIENTED_EDGE('',*,*,#2044,.F.);
#2785=ORIENTED_EDGE('',*,*,#2043,.T.);
#2786=ORIENTED_EDGE('',*,*,#1805,.T.);
#2787=ORIENTED_EDGE('',*,*,#1804,.T.);
#2788=ORIENTED_EDGE('',*,*,#2045,.T.);
#2789=ORIENTED_EDGE('',*,*,#2046,.F.);
#2790=ORIENTED_EDGE('',*,*,#2045,.F.);
#2791=ORIENTED_EDGE('',*,*,#1803,.F.);
#2792=ORIENTED_EDGE('',*,*,#2047,.F.);
#2793=ORIENTED_EDGE('',*,*,#2048,.F.);
#2794=ORIENTED_EDGE('',*,*,#2047,.T.);
#2795=ORIENTED_EDGE('',*,*,#1808,.T.);
#2796=ORIENTED_EDGE('',*,*,#1807,.T.);
#2797=ORIENTED_EDGE('',*,*,#2042,.T.);
#2798=ORIENTED_EDGE('',*,*,#2049,.F.);
#2799=ORIENTED_EDGE('',*,*,#2044,.T.);
#2800=ORIENTED_EDGE('',*,*,#2050,.F.);
#2801=ORIENTED_EDGE('',*,*,#2051,.T.);
#2802=ORIENTED_EDGE('',*,*,#2049,.T.);
#2803=ORIENTED_EDGE('',*,*,#2052,.T.);
#2804=ORIENTED_EDGE('',*,*,#2053,.F.);
#2805=ORIENTED_EDGE('',*,*,#2041,.T.);
#2806=ORIENTED_EDGE('',*,*,#2054,.F.);
#2807=ORIENTED_EDGE('',*,*,#2048,.T.);
#2808=ORIENTED_EDGE('',*,*,#2053,.T.);
#2809=ORIENTED_EDGE('',*,*,#2055,.T.);
#2810=ORIENTED_EDGE('',*,*,#2050,.T.);
#2811=ORIENTED_EDGE('',*,*,#2046,.T.);
#2812=ORIENTED_EDGE('',*,*,#2054,.T.);
#2813=ORIENTED_EDGE('',*,*,#2056,.T.);
#2814=ORIENTED_EDGE('',*,*,#2057,.F.);
#2815=ORIENTED_EDGE('',*,*,#2058,.F.);
#2816=ORIENTED_EDGE('',*,*,#1831,.F.);
#2817=ORIENTED_EDGE('',*,*,#2059,.F.);
#2818=ORIENTED_EDGE('',*,*,#2060,.F.);
#2819=ORIENTED_EDGE('',*,*,#2059,.T.);
#2820=ORIENTED_EDGE('',*,*,#1830,.T.);
#2821=ORIENTED_EDGE('',*,*,#1829,.T.);
#2822=ORIENTED_EDGE('',*,*,#2061,.T.);
#2823=ORIENTED_EDGE('',*,*,#2062,.F.);
#2824=ORIENTED_EDGE('',*,*,#2061,.F.);
#2825=ORIENTED_EDGE('',*,*,#1828,.F.);
#2826=ORIENTED_EDGE('',*,*,#2063,.F.);
#2827=ORIENTED_EDGE('',*,*,#2064,.F.);
#2828=ORIENTED_EDGE('',*,*,#2063,.T.);
#2829=ORIENTED_EDGE('',*,*,#1833,.T.);
#2830=ORIENTED_EDGE('',*,*,#1832,.T.);
#2831=ORIENTED_EDGE('',*,*,#2058,.T.);
#2832=ORIENTED_EDGE('',*,*,#2065,.F.);
#2833=ORIENTED_EDGE('',*,*,#2060,.T.);
#2834=ORIENTED_EDGE('',*,*,#2066,.F.);
#2835=ORIENTED_EDGE('',*,*,#2067,.T.);
#2836=ORIENTED_EDGE('',*,*,#2065,.T.);
#2837=ORIENTED_EDGE('',*,*,#2068,.T.);
#2838=ORIENTED_EDGE('',*,*,#2069,.F.);
#2839=ORIENTED_EDGE('',*,*,#2057,.T.);
#2840=ORIENTED_EDGE('',*,*,#2070,.F.);
#2841=ORIENTED_EDGE('',*,*,#2064,.T.);
#2842=ORIENTED_EDGE('',*,*,#2069,.T.);
#2843=ORIENTED_EDGE('',*,*,#2071,.T.);
#2844=ORIENTED_EDGE('',*,*,#2066,.T.);
#2845=ORIENTED_EDGE('',*,*,#2062,.T.);
#2846=ORIENTED_EDGE('',*,*,#2070,.T.);
#2847=ORIENTED_EDGE('',*,*,#2072,.T.);
#2848=ORIENTED_EDGE('',*,*,#1842,.T.);
#2849=ORIENTED_EDGE('',*,*,#1864,.F.);
#2850=ORIENTED_EDGE('',*,*,#2073,.F.);
#2851=ORIENTED_EDGE('',*,*,#2074,.T.);
#2852=ORIENTED_EDGE('',*,*,#2073,.T.);
#2853=ORIENTED_EDGE('',*,*,#1863,.T.);
#2854=ORIENTED_EDGE('',*,*,#2075,.F.);
#2855=ORIENTED_EDGE('',*,*,#2076,.T.);
#2856=ORIENTED_EDGE('',*,*,#1850,.F.);
#2857=ORIENTED_EDGE('',*,*,#2077,.F.);
#2858=ORIENTED_EDGE('',*,*,#2078,.T.);
#2859=ORIENTED_EDGE('',*,*,#2079,.T.);
#2860=ORIENTED_EDGE('',*,*,#2075,.T.);
#2861=ORIENTED_EDGE('',*,*,#1862,.T.);
#2862=ORIENTED_EDGE('',*,*,#1859,.T.);
#2863=ORIENTED_EDGE('',*,*,#2080,.F.);
#2864=ORIENTED_EDGE('',*,*,#2081,.F.);
#2865=ORIENTED_EDGE('',*,*,#2082,.F.);
#2866=ORIENTED_EDGE('',*,*,#2078,.F.);
#2867=ORIENTED_EDGE('',*,*,#2083,.F.);
#2868=ORIENTED_EDGE('',*,*,#2084,.F.);
#2869=ORIENTED_EDGE('',*,*,#2083,.T.);
#2870=ORIENTED_EDGE('',*,*,#2077,.T.);
#2871=ORIENTED_EDGE('',*,*,#1852,.T.);
#2872=ORIENTED_EDGE('',*,*,#1849,.F.);
#2873=ORIENTED_EDGE('',*,*,#1838,.F.);
#2874=ORIENTED_EDGE('',*,*,#1846,.T.);
#2875=ORIENTED_EDGE('',*,*,#2085,.T.);
#2876=ORIENTED_EDGE('',*,*,#2086,.F.);
#2877=ORIENTED_EDGE('',*,*,#2085,.F.);
#2878=ORIENTED_EDGE('',*,*,#1845,.F.);
#2879=ORIENTED_EDGE('',*,*,#2087,.F.);
#2880=ORIENTED_EDGE('',*,*,#2088,.F.);
#2881=ORIENTED_EDGE('',*,*,#2087,.T.);
#2882=ORIENTED_EDGE('',*,*,#1844,.T.);
#2883=ORIENTED_EDGE('',*,*,#1843,.T.);
#2884=ORIENTED_EDGE('',*,*,#2074,.F.);
#2885=ORIENTED_EDGE('',*,*,#2076,.F.);
#2886=ORIENTED_EDGE('',*,*,#2079,.F.);
#2887=ORIENTED_EDGE('',*,*,#2082,.T.);
#2888=ORIENTED_EDGE('',*,*,#2089,.F.);
#2889=ORIENTED_EDGE('',*,*,#2084,.T.);
#2890=ORIENTED_EDGE('',*,*,#2090,.F.);
#2891=ORIENTED_EDGE('',*,*,#2091,.T.);
#2892=ORIENTED_EDGE('',*,*,#2089,.T.);
#2893=ORIENTED_EDGE('',*,*,#2092,.T.);
#2894=ORIENTED_EDGE('',*,*,#2093,.F.);
#2895=ORIENTED_EDGE('',*,*,#2081,.T.);
#2896=ORIENTED_EDGE('',*,*,#2094,.F.);
#2897=ORIENTED_EDGE('',*,*,#2088,.T.);
#2898=ORIENTED_EDGE('',*,*,#2093,.T.);
#2899=ORIENTED_EDGE('',*,*,#2095,.T.);
#2900=ORIENTED_EDGE('',*,*,#2090,.T.);
#2901=ORIENTED_EDGE('',*,*,#2086,.T.);
#2902=ORIENTED_EDGE('',*,*,#2094,.T.);
#2903=ORIENTED_EDGE('',*,*,#2096,.T.);
#2904=ORIENTED_EDGE('',*,*,#2097,.F.);
#2905=ORIENTED_EDGE('',*,*,#2098,.F.);
#2906=ORIENTED_EDGE('',*,*,#2099,.F.);
#2907=ORIENTED_EDGE('',*,*,#2100,.F.);
#2908=ORIENTED_EDGE('',*,*,#2101,.F.);
#2909=ORIENTED_EDGE('',*,*,#1892,.F.);
#2910=ORIENTED_EDGE('',*,*,#1896,.F.);
#2911=ORIENTED_EDGE('',*,*,#1894,.F.);
#2912=ORIENTED_EDGE('',*,*,#2096,.F.);
#2913=ORIENTED_EDGE('',*,*,#2095,.F.);
#2914=ORIENTED_EDGE('',*,*,#2092,.F.);
#2915=ORIENTED_EDGE('',*,*,#2091,.F.);
#2916=ORIENTED_EDGE('',*,*,#2056,.F.);
#2917=ORIENTED_EDGE('',*,*,#2055,.F.);
#2918=ORIENTED_EDGE('',*,*,#2052,.F.);
#2919=ORIENTED_EDGE('',*,*,#2051,.F.);
#2920=ORIENTED_EDGE('',*,*,#2024,.F.);
#2921=ORIENTED_EDGE('',*,*,#2023,.F.);
#2922=ORIENTED_EDGE('',*,*,#2020,.F.);
#2923=ORIENTED_EDGE('',*,*,#2019,.F.);
#2924=ORIENTED_EDGE('',*,*,#1992,.F.);
#2925=ORIENTED_EDGE('',*,*,#1991,.F.);
#2926=ORIENTED_EDGE('',*,*,#1988,.F.);
#2927=ORIENTED_EDGE('',*,*,#1987,.F.);
#2928=ORIENTED_EDGE('',*,*,#1960,.F.);
#2929=ORIENTED_EDGE('',*,*,#1959,.F.);
#2930=ORIENTED_EDGE('',*,*,#1956,.F.);
#2931=ORIENTED_EDGE('',*,*,#1955,.F.);
#2932=ORIENTED_EDGE('',*,*,#1928,.F.);
#2933=ORIENTED_EDGE('',*,*,#1927,.F.);
#2934=ORIENTED_EDGE('',*,*,#1924,.F.);
#2935=ORIENTED_EDGE('',*,*,#1923,.F.);
#2936=ORIENTED_EDGE('',*,*,#1912,.F.);
#2937=ORIENTED_EDGE('',*,*,#1911,.F.);
#2938=ORIENTED_EDGE('',*,*,#1908,.F.);
#2939=ORIENTED_EDGE('',*,*,#1907,.F.);
#2940=ORIENTED_EDGE('',*,*,#1944,.F.);
#2941=ORIENTED_EDGE('',*,*,#1943,.F.);
#2942=ORIENTED_EDGE('',*,*,#1940,.F.);
#2943=ORIENTED_EDGE('',*,*,#1939,.F.);
#2944=ORIENTED_EDGE('',*,*,#1976,.F.);
#2945=ORIENTED_EDGE('',*,*,#1975,.F.);
#2946=ORIENTED_EDGE('',*,*,#1972,.F.);
#2947=ORIENTED_EDGE('',*,*,#1971,.F.);
#2948=ORIENTED_EDGE('',*,*,#2008,.F.);
#2949=ORIENTED_EDGE('',*,*,#2007,.F.);
#2950=ORIENTED_EDGE('',*,*,#2004,.F.);
#2951=ORIENTED_EDGE('',*,*,#2003,.F.);
#2952=ORIENTED_EDGE('',*,*,#2040,.F.);
#2953=ORIENTED_EDGE('',*,*,#2039,.F.);
#2954=ORIENTED_EDGE('',*,*,#2036,.F.);
#2955=ORIENTED_EDGE('',*,*,#2035,.F.);
#2956=ORIENTED_EDGE('',*,*,#2072,.F.);
#2957=ORIENTED_EDGE('',*,*,#2071,.F.);
#2958=ORIENTED_EDGE('',*,*,#2068,.F.);
#2959=ORIENTED_EDGE('',*,*,#2067,.F.);
#2960=ORIENTED_EDGE('',*,*,#2102,.T.);
#2961=ORIENTED_EDGE('',*,*,#1879,.T.);
#2962=ORIENTED_EDGE('',*,*,#2103,.T.);
#2963=ORIENTED_EDGE('',*,*,#2104,.F.);
#2964=ORIENTED_EDGE('',*,*,#2105,.T.);
#2965=ORIENTED_EDGE('',*,*,#2106,.F.);
#2966=ORIENTED_EDGE('',*,*,#2103,.F.);
#2967=ORIENTED_EDGE('',*,*,#1878,.F.);
#2968=ORIENTED_EDGE('',*,*,#2107,.T.);
#2969=ORIENTED_EDGE('',*,*,#2107,.F.);
#2970=ORIENTED_EDGE('',*,*,#1729,.T.);
#2971=ORIENTED_EDGE('',*,*,#2108,.F.);
#2972=ORIENTED_EDGE('',*,*,#2109,.F.);
#2973=ORIENTED_EDGE('',*,*,#2110,.F.);
#2974=ORIENTED_EDGE('',*,*,#2111,.T.);
#2975=ORIENTED_EDGE('',*,*,#2104,.T.);
#2976=ORIENTED_EDGE('',*,*,#2106,.T.);
#2977=ORIENTED_EDGE('',*,*,#2112,.F.);
#2978=ORIENTED_EDGE('',*,*,#2113,.T.);
#2979=ORIENTED_EDGE('',*,*,#2114,.T.);
#2980=ORIENTED_EDGE('',*,*,#1728,.T.);
#2981=ORIENTED_EDGE('',*,*,#2115,.T.);
#2982=ORIENTED_EDGE('',*,*,#2116,.T.);
#2983=ORIENTED_EDGE('',*,*,#2108,.T.);
#2984=ORIENTED_EDGE('',*,*,#2112,.T.);
#2985=ORIENTED_EDGE('',*,*,#2110,.T.);
#2986=ORIENTED_EDGE('',*,*,#2117,.T.);
#2987=ORIENTED_EDGE('',*,*,#2118,.T.);
#2988=ORIENTED_EDGE('',*,*,#2119,.T.);
#2989=ORIENTED_EDGE('',*,*,#2099,.T.);
#2990=ORIENTED_EDGE('',*,*,#2120,.T.);
#2991=ORIENTED_EDGE('',*,*,#2109,.T.);
#2992=ORIENTED_EDGE('',*,*,#2117,.F.);
#2993=ORIENTED_EDGE('',*,*,#2120,.F.);
#2994=ORIENTED_EDGE('',*,*,#2121,.F.);
#2995=ORIENTED_EDGE('',*,*,#2122,.F.);
#2996=ORIENTED_EDGE('',*,*,#2119,.F.);
#2997=ORIENTED_EDGE('',*,*,#2116,.F.);
#2998=ORIENTED_EDGE('',*,*,#2123,.T.);
#2999=ORIENTED_EDGE('',*,*,#2124,.F.);
#3000=ORIENTED_EDGE('',*,*,#2125,.T.);
#3001=ORIENTED_EDGE('',*,*,#2126,.F.);
#3002=ORIENTED_EDGE('',*,*,#2127,.T.);
#3003=ORIENTED_EDGE('',*,*,#2128,.F.);
#3004=ORIENTED_EDGE('',*,*,#2129,.T.);
#3005=ORIENTED_EDGE('',*,*,#2130,.F.);
#3006=ORIENTED_EDGE('',*,*,#2131,.T.);
#3007=ORIENTED_EDGE('',*,*,#2132,.T.);
#3008=ORIENTED_EDGE('',*,*,#2133,.T.);
#3009=ORIENTED_EDGE('',*,*,#2128,.T.);
#3010=ORIENTED_EDGE('',*,*,#2134,.T.);
#3011=ORIENTED_EDGE('',*,*,#2135,.F.);
#3012=ORIENTED_EDGE('',*,*,#2136,.T.);
#3013=ORIENTED_EDGE('',*,*,#2132,.F.);
#3014=ORIENTED_EDGE('',*,*,#2137,.T.);
#3015=ORIENTED_EDGE('',*,*,#2138,.F.);
#3016=ORIENTED_EDGE('',*,*,#2139,.T.);
#3017=ORIENTED_EDGE('',*,*,#2140,.F.);
#3018=ORIENTED_EDGE('',*,*,#2141,.T.);
#3019=ORIENTED_EDGE('',*,*,#2142,.T.);
#3020=ORIENTED_EDGE('',*,*,#2143,.T.);
#3021=ORIENTED_EDGE('',*,*,#2138,.T.);
#3022=ORIENTED_EDGE('',*,*,#2144,.T.);
#3023=ORIENTED_EDGE('',*,*,#2145,.F.);
#3024=ORIENTED_EDGE('',*,*,#2146,.T.);
#3025=ORIENTED_EDGE('',*,*,#2142,.F.);
#3026=ORIENTED_EDGE('',*,*,#2147,.T.);
#3027=ORIENTED_EDGE('',*,*,#2148,.F.);
#3028=ORIENTED_EDGE('',*,*,#2149,.T.);
#3029=ORIENTED_EDGE('',*,*,#2150,.F.);
#3030=ORIENTED_EDGE('',*,*,#2151,.F.);
#3031=ORIENTED_EDGE('',*,*,#1866,.T.);
#3032=ORIENTED_EDGE('',*,*,#2152,.T.);
#3033=ORIENTED_EDGE('',*,*,#2149,.F.);
#3034=ORIENTED_EDGE('',*,*,#2152,.F.);
#3035=ORIENTED_EDGE('',*,*,#1865,.T.);
#3036=ORIENTED_EDGE('',*,*,#2153,.F.);
#3037=ORIENTED_EDGE('',*,*,#2154,.T.);
#3038=ORIENTED_EDGE('',*,*,#2155,.F.);
#3039=ORIENTED_EDGE('',*,*,#2156,.T.);
#3040=ORIENTED_EDGE('',*,*,#2157,.F.);
#3041=ORIENTED_EDGE('',*,*,#2154,.F.);
#3042=ORIENTED_EDGE('',*,*,#2158,.F.);
#3043=ORIENTED_EDGE('',*,*,#2159,.T.);
#3044=ORIENTED_EDGE('',*,*,#2160,.F.);
#3045=ORIENTED_EDGE('',*,*,#2156,.F.);
#3046=ORIENTED_EDGE('',*,*,#2161,.F.);
#3047=ORIENTED_EDGE('',*,*,#1872,.T.);
#3048=ORIENTED_EDGE('',*,*,#2159,.F.);
#3049=ORIENTED_EDGE('',*,*,#1871,.T.);
#3050=ORIENTED_EDGE('',*,*,#2162,.T.);
#3051=ORIENTED_EDGE('',*,*,#2146,.F.);
#3052=ORIENTED_EDGE('',*,*,#2162,.F.);
#3053=ORIENTED_EDGE('',*,*,#1870,.F.);
#3054=ORIENTED_EDGE('',*,*,#2163,.T.);
#3055=ORIENTED_EDGE('',*,*,#2143,.F.);
#3056=ORIENTED_EDGE('',*,*,#2163,.F.);
#3057=ORIENTED_EDGE('',*,*,#1869,.T.);
#3058=ORIENTED_EDGE('',*,*,#2164,.T.);
#3059=ORIENTED_EDGE('',*,*,#2139,.F.);
#3060=ORIENTED_EDGE('',*,*,#2164,.F.);
#3061=ORIENTED_EDGE('',*,*,#1868,.T.);
#3062=ORIENTED_EDGE('',*,*,#2165,.F.);
#3063=ORIENTED_EDGE('',*,*,#2166,.T.);
#3064=ORIENTED_EDGE('',*,*,#2167,.F.);
#3065=ORIENTED_EDGE('',*,*,#2168,.T.);
#3066=ORIENTED_EDGE('',*,*,#2169,.F.);
#3067=ORIENTED_EDGE('',*,*,#2166,.F.);
#3068=ORIENTED_EDGE('',*,*,#2170,.F.);
#3069=ORIENTED_EDGE('',*,*,#2171,.T.);
#3070=ORIENTED_EDGE('',*,*,#2172,.F.);
#3071=ORIENTED_EDGE('',*,*,#2168,.F.);
#3072=ORIENTED_EDGE('',*,*,#2173,.F.);
#3073=ORIENTED_EDGE('',*,*,#1877,.T.);
#3074=ORIENTED_EDGE('',*,*,#2171,.F.);
#3075=ORIENTED_EDGE('',*,*,#1876,.T.);
#3076=ORIENTED_EDGE('',*,*,#2174,.T.);
#3077=ORIENTED_EDGE('',*,*,#2136,.F.);
#3078=ORIENTED_EDGE('',*,*,#2174,.F.);
#3079=ORIENTED_EDGE('',*,*,#1875,.F.);
#3080=ORIENTED_EDGE('',*,*,#2175,.T.);
#3081=ORIENTED_EDGE('',*,*,#2133,.F.);
#3082=ORIENTED_EDGE('',*,*,#2175,.F.);
#3083=ORIENTED_EDGE('',*,*,#1874,.T.);
#3084=ORIENTED_EDGE('',*,*,#2176,.T.);
#3085=ORIENTED_EDGE('',*,*,#2129,.F.);
#3086=ORIENTED_EDGE('',*,*,#2176,.F.);
#3087=ORIENTED_EDGE('',*,*,#1873,.T.);
#3088=ORIENTED_EDGE('',*,*,#2177,.F.);
#3089=ORIENTED_EDGE('',*,*,#2178,.T.);
#3090=ORIENTED_EDGE('',*,*,#2179,.F.);
#3091=ORIENTED_EDGE('',*,*,#2180,.T.);
#3092=ORIENTED_EDGE('',*,*,#2181,.F.);
#3093=ORIENTED_EDGE('',*,*,#2178,.F.);
#3094=ORIENTED_EDGE('',*,*,#2182,.F.);
#3095=ORIENTED_EDGE('',*,*,#2183,.T.);
#3096=ORIENTED_EDGE('',*,*,#2184,.F.);
#3097=ORIENTED_EDGE('',*,*,#2180,.F.);
#3098=ORIENTED_EDGE('',*,*,#2185,.F.);
#3099=ORIENTED_EDGE('',*,*,#1882,.T.);
#3100=ORIENTED_EDGE('',*,*,#2183,.F.);
#3101=ORIENTED_EDGE('',*,*,#1881,.T.);
#3102=ORIENTED_EDGE('',*,*,#2186,.T.);
#3103=ORIENTED_EDGE('',*,*,#2125,.F.);
#3104=ORIENTED_EDGE('',*,*,#2102,.F.);
#3105=ORIENTED_EDGE('',*,*,#2187,.F.);
#3106=ORIENTED_EDGE('',*,*,#2186,.F.);
#3107=ORIENTED_EDGE('',*,*,#1880,.T.);
#3108=ORIENTED_EDGE('',*,*,#2188,.F.);
#3109=ORIENTED_EDGE('',*,*,#2189,.F.);
#3110=ORIENTED_EDGE('',*,*,#2190,.T.);
#3111=ORIENTED_EDGE('',*,*,#2191,.F.);
#3112=ORIENTED_EDGE('',*,*,#2192,.T.);
#3113=ORIENTED_EDGE('',*,*,#2147,.F.);
#3114=ORIENTED_EDGE('',*,*,#2190,.F.);
#3115=ORIENTED_EDGE('',*,*,#2193,.F.);
#3116=ORIENTED_EDGE('',*,*,#2194,.F.);
#3117=ORIENTED_EDGE('',*,*,#2195,.F.);
#3118=ORIENTED_EDGE('',*,*,#2196,.T.);
#3119=ORIENTED_EDGE('',*,*,#2197,.F.);
#3120=ORIENTED_EDGE('',*,*,#2198,.T.);
#3121=ORIENTED_EDGE('',*,*,#2137,.F.);
#3122=ORIENTED_EDGE('',*,*,#2196,.F.);
#3123=ORIENTED_EDGE('',*,*,#2199,.F.);
#3124=ORIENTED_EDGE('',*,*,#2198,.F.);
#3125=ORIENTED_EDGE('',*,*,#2200,.F.);
#3126=ORIENTED_EDGE('',*,*,#2201,.T.);
#3127=ORIENTED_EDGE('',*,*,#2141,.F.);
#3128=ORIENTED_EDGE('',*,*,#2202,.T.);
#3129=ORIENTED_EDGE('',*,*,#2144,.F.);
#3130=ORIENTED_EDGE('',*,*,#2201,.F.);
#3131=ORIENTED_EDGE('',*,*,#2203,.F.);
#3132=ORIENTED_EDGE('',*,*,#2204,.F.);
#3133=ORIENTED_EDGE('',*,*,#2205,.F.);
#3134=ORIENTED_EDGE('',*,*,#2202,.F.);
#3135=ORIENTED_EDGE('',*,*,#2206,.F.);
#3136=ORIENTED_EDGE('',*,*,#2207,.F.);
#3137=ORIENTED_EDGE('',*,*,#2208,.F.);
#3138=ORIENTED_EDGE('',*,*,#2209,.T.);
#3139=ORIENTED_EDGE('',*,*,#2210,.F.);
#3140=ORIENTED_EDGE('',*,*,#2211,.T.);
#3141=ORIENTED_EDGE('',*,*,#2127,.F.);
#3142=ORIENTED_EDGE('',*,*,#2209,.F.);
#3143=ORIENTED_EDGE('',*,*,#2212,.F.);
#3144=ORIENTED_EDGE('',*,*,#2211,.F.);
#3145=ORIENTED_EDGE('',*,*,#2213,.F.);
#3146=ORIENTED_EDGE('',*,*,#2214,.T.);
#3147=ORIENTED_EDGE('',*,*,#2131,.F.);
#3148=ORIENTED_EDGE('',*,*,#2215,.T.);
#3149=ORIENTED_EDGE('',*,*,#2134,.F.);
#3150=ORIENTED_EDGE('',*,*,#2214,.F.);
#3151=ORIENTED_EDGE('',*,*,#2216,.F.);
#3152=ORIENTED_EDGE('',*,*,#2217,.F.);
#3153=ORIENTED_EDGE('',*,*,#2218,.F.);
#3154=ORIENTED_EDGE('',*,*,#2215,.F.);
#3155=ORIENTED_EDGE('',*,*,#2219,.F.);
#3156=ORIENTED_EDGE('',*,*,#2220,.F.);
#3157=ORIENTED_EDGE('',*,*,#2221,.F.);
#3158=ORIENTED_EDGE('',*,*,#2222,.T.);
#3159=ORIENTED_EDGE('',*,*,#2223,.F.);
#3160=ORIENTED_EDGE('',*,*,#2224,.T.);
#3161=ORIENTED_EDGE('',*,*,#2123,.F.);
#3162=ORIENTED_EDGE('',*,*,#2222,.F.);
#3163=ORIENTED_EDGE('',*,*,#2225,.F.);
#3164=ORIENTED_EDGE('',*,*,#2226,.F.);
#3165=ORIENTED_EDGE('',*,*,#2227,.F.);
#3166=ORIENTED_EDGE('',*,*,#2224,.F.);
#3167=ORIENTED_EDGE('',*,*,#2228,.F.);
#3168=ORIENTED_EDGE('',*,*,#2229,.F.);
#3169=ORIENTED_EDGE('',*,*,#2220,.T.);
#3170=ORIENTED_EDGE('',*,*,#2230,.F.);
#3171=ORIENTED_EDGE('',*,*,#2114,.F.);
#3172=ORIENTED_EDGE('',*,*,#2105,.F.);
#3173=ORIENTED_EDGE('',*,*,#2111,.F.);
#3174=ORIENTED_EDGE('',*,*,#2230,.T.);
#3175=ORIENTED_EDGE('',*,*,#2223,.T.);
#3176=ORIENTED_EDGE('',*,*,#2126,.T.);
#3177=ORIENTED_EDGE('',*,*,#2187,.T.);
#3178=ORIENTED_EDGE('',*,*,#2231,.F.);
#3179=ORIENTED_EDGE('',*,*,#2232,.F.);
#3180=ORIENTED_EDGE('',*,*,#2226,.T.);
#3181=ORIENTED_EDGE('',*,*,#2233,.F.);
#3182=ORIENTED_EDGE('',*,*,#2234,.F.);
#3183=ORIENTED_EDGE('',*,*,#2184,.T.);
#3184=ORIENTED_EDGE('',*,*,#2124,.T.);
#3185=ORIENTED_EDGE('',*,*,#2227,.T.);
#3186=ORIENTED_EDGE('',*,*,#2232,.T.);
#3187=ORIENTED_EDGE('',*,*,#2235,.F.);
#3188=ORIENTED_EDGE('',*,*,#2236,.F.);
#3189=ORIENTED_EDGE('',*,*,#2181,.T.);
#3190=ORIENTED_EDGE('',*,*,#2234,.T.);
#3191=ORIENTED_EDGE('',*,*,#2237,.F.);
#3192=ORIENTED_EDGE('',*,*,#2238,.T.);
#3193=ORIENTED_EDGE('',*,*,#2210,.T.);
#3194=ORIENTED_EDGE('',*,*,#2130,.T.);
#3195=ORIENTED_EDGE('',*,*,#2179,.T.);
#3196=ORIENTED_EDGE('',*,*,#2236,.T.);
#3197=ORIENTED_EDGE('',*,*,#2239,.F.);
#3198=ORIENTED_EDGE('',*,*,#2207,.T.);
#3199=ORIENTED_EDGE('',*,*,#2238,.F.);
#3200=ORIENTED_EDGE('',*,*,#1834,.F.);
#3201=ORIENTED_EDGE('',*,*,#1825,.F.);
#3202=ORIENTED_EDGE('',*,*,#1821,.F.);
#3203=ORIENTED_EDGE('',*,*,#2161,.T.);
#3204=ORIENTED_EDGE('',*,*,#2158,.T.);
#3205=ORIENTED_EDGE('',*,*,#2153,.T.);
#3206=ORIENTED_EDGE('',*,*,#1796,.F.);
#3207=ORIENTED_EDGE('',*,*,#1787,.F.);
#3208=ORIENTED_EDGE('',*,*,#1783,.F.);
#3209=ORIENTED_EDGE('',*,*,#2173,.T.);
#3210=ORIENTED_EDGE('',*,*,#2170,.T.);
#3211=ORIENTED_EDGE('',*,*,#2165,.T.);
#3212=ORIENTED_EDGE('',*,*,#1758,.F.);
#3213=ORIENTED_EDGE('',*,*,#1749,.F.);
#3214=ORIENTED_EDGE('',*,*,#1745,.F.);
#3215=ORIENTED_EDGE('',*,*,#2185,.T.);
#3216=ORIENTED_EDGE('',*,*,#2182,.T.);
#3217=ORIENTED_EDGE('',*,*,#2177,.T.);
#3218=ORIENTED_EDGE('',*,*,#2240,.F.);
#3219=ORIENTED_EDGE('',*,*,#2241,.F.);
#3220=ORIENTED_EDGE('',*,*,#2217,.T.);
#3221=ORIENTED_EDGE('',*,*,#2242,.F.);
#3222=ORIENTED_EDGE('',*,*,#2243,.F.);
#3223=ORIENTED_EDGE('',*,*,#2172,.T.);
#3224=ORIENTED_EDGE('',*,*,#2135,.T.);
#3225=ORIENTED_EDGE('',*,*,#2218,.T.);
#3226=ORIENTED_EDGE('',*,*,#2241,.T.);
#3227=ORIENTED_EDGE('',*,*,#2244,.F.);
#3228=ORIENTED_EDGE('',*,*,#2245,.F.);
#3229=ORIENTED_EDGE('',*,*,#2169,.T.);
#3230=ORIENTED_EDGE('',*,*,#2243,.T.);
#3231=ORIENTED_EDGE('',*,*,#2246,.F.);
#3232=ORIENTED_EDGE('',*,*,#2247,.T.);
#3233=ORIENTED_EDGE('',*,*,#2197,.T.);
#3234=ORIENTED_EDGE('',*,*,#2140,.T.);
#3235=ORIENTED_EDGE('',*,*,#2167,.T.);
#3236=ORIENTED_EDGE('',*,*,#2245,.T.);
#3237=ORIENTED_EDGE('',*,*,#2248,.F.);
#3238=ORIENTED_EDGE('',*,*,#2194,.T.);
#3239=ORIENTED_EDGE('',*,*,#2247,.F.);
#3240=ORIENTED_EDGE('',*,*,#2249,.F.);
#3241=ORIENTED_EDGE('',*,*,#2250,.F.);
#3242=ORIENTED_EDGE('',*,*,#2204,.T.);
#3243=ORIENTED_EDGE('',*,*,#2251,.F.);
#3244=ORIENTED_EDGE('',*,*,#2252,.F.);
#3245=ORIENTED_EDGE('',*,*,#2160,.T.);
#3246=ORIENTED_EDGE('',*,*,#2145,.T.);
#3247=ORIENTED_EDGE('',*,*,#2205,.T.);
#3248=ORIENTED_EDGE('',*,*,#2250,.T.);
#3249=ORIENTED_EDGE('',*,*,#2253,.F.);
#3250=ORIENTED_EDGE('',*,*,#2254,.F.);
#3251=ORIENTED_EDGE('',*,*,#2157,.T.);
#3252=ORIENTED_EDGE('',*,*,#2252,.T.);
#3253=ORIENTED_EDGE('',*,*,#2255,.F.);
#3254=ORIENTED_EDGE('',*,*,#2256,.T.);
#3255=ORIENTED_EDGE('',*,*,#2191,.T.);
#3256=ORIENTED_EDGE('',*,*,#2150,.T.);
#3257=ORIENTED_EDGE('',*,*,#2155,.T.);
#3258=ORIENTED_EDGE('',*,*,#2254,.T.);
#3259=ORIENTED_EDGE('',*,*,#2257,.F.);
#3260=ORIENTED_EDGE('',*,*,#2188,.T.);
#3261=ORIENTED_EDGE('',*,*,#2256,.F.);
#3262=ORIENTED_EDGE('',*,*,#2258,.F.);
#3263=ORIENTED_EDGE('',*,*,#2100,.T.);
#3264=ORIENTED_EDGE('',*,*,#2122,.T.);
#3265=ORIENTED_EDGE('',*,*,#2259,.T.);
#3266=ORIENTED_EDGE('',*,*,#2260,.F.);
#3267=ORIENTED_EDGE('',*,*,#2259,.F.);
#3268=ORIENTED_EDGE('',*,*,#2115,.F.);
#3269=ORIENTED_EDGE('',*,*,#1732,.T.);
#3270=ORIENTED_EDGE('',*,*,#1747,.T.);
#3271=ORIENTED_EDGE('',*,*,#1751,.T.);
#3272=ORIENTED_EDGE('',*,*,#1761,.T.);
#3273=ORIENTED_EDGE('',*,*,#1764,.T.);
#3274=ORIENTED_EDGE('',*,*,#1785,.T.);
#3275=ORIENTED_EDGE('',*,*,#1789,.T.);
#3276=ORIENTED_EDGE('',*,*,#1799,.T.);
#3277=ORIENTED_EDGE('',*,*,#1802,.T.);
#3278=ORIENTED_EDGE('',*,*,#1823,.T.);
#3279=ORIENTED_EDGE('',*,*,#1827,.T.);
#3280=ORIENTED_EDGE('',*,*,#1837,.T.);
#3281=ORIENTED_EDGE('',*,*,#1840,.T.);
#3282=ORIENTED_EDGE('',*,*,#1848,.T.);
#3283=ORIENTED_EDGE('',*,*,#1851,.T.);
#3284=ORIENTED_EDGE('',*,*,#2080,.T.);
#3285=ORIENTED_EDGE('',*,*,#1858,.T.);
#3286=ORIENTED_EDGE('',*,*,#2261,.F.);
#3287=ORIENTED_EDGE('',*,*,#1867,.F.);
#3288=ORIENTED_EDGE('',*,*,#2151,.T.);
#3289=ORIENTED_EDGE('',*,*,#2262,.F.);
#3290=ORIENTED_EDGE('',*,*,#2263,.F.);
#3291=ORIENTED_EDGE('',*,*,#2262,.T.);
#3292=ORIENTED_EDGE('',*,*,#2148,.T.);
#3293=ORIENTED_EDGE('',*,*,#2264,.T.);
#3294=ORIENTED_EDGE('',*,*,#2265,.F.);
#3295=ORIENTED_EDGE('',*,*,#2264,.F.);
#3296=ORIENTED_EDGE('',*,*,#2192,.F.);
#3297=ORIENTED_EDGE('',*,*,#2266,.F.);
#3298=ORIENTED_EDGE('',*,*,#2267,.F.);
#3299=ORIENTED_EDGE('',*,*,#2266,.T.);
#3300=ORIENTED_EDGE('',*,*,#2193,.T.);
#3301=ORIENTED_EDGE('',*,*,#2189,.T.);
#3302=ORIENTED_EDGE('',*,*,#2257,.T.);
#3303=ORIENTED_EDGE('',*,*,#2255,.T.);
#3304=ORIENTED_EDGE('',*,*,#2253,.T.);
#3305=ORIENTED_EDGE('',*,*,#2251,.T.);
#3306=ORIENTED_EDGE('',*,*,#2249,.T.);
#3307=ORIENTED_EDGE('',*,*,#2206,.T.);
#3308=ORIENTED_EDGE('',*,*,#2203,.T.);
#3309=ORIENTED_EDGE('',*,*,#2200,.T.);
#3310=ORIENTED_EDGE('',*,*,#2199,.T.);
#3311=ORIENTED_EDGE('',*,*,#2195,.T.);
#3312=ORIENTED_EDGE('',*,*,#2248,.T.);
#3313=ORIENTED_EDGE('',*,*,#2246,.T.);
#3314=ORIENTED_EDGE('',*,*,#2244,.T.);
#3315=ORIENTED_EDGE('',*,*,#2242,.T.);
#3316=ORIENTED_EDGE('',*,*,#2240,.T.);
#3317=ORIENTED_EDGE('',*,*,#2219,.T.);
#3318=ORIENTED_EDGE('',*,*,#2216,.T.);
#3319=ORIENTED_EDGE('',*,*,#2213,.T.);
#3320=ORIENTED_EDGE('',*,*,#2212,.T.);
#3321=ORIENTED_EDGE('',*,*,#2208,.T.);
#3322=ORIENTED_EDGE('',*,*,#2239,.T.);
#3323=ORIENTED_EDGE('',*,*,#2237,.T.);
#3324=ORIENTED_EDGE('',*,*,#2235,.T.);
#3325=ORIENTED_EDGE('',*,*,#2233,.T.);
#3326=ORIENTED_EDGE('',*,*,#2231,.T.);
#3327=ORIENTED_EDGE('',*,*,#2228,.T.);
#3328=ORIENTED_EDGE('',*,*,#2225,.T.);
#3329=ORIENTED_EDGE('',*,*,#2221,.T.);
#3330=ORIENTED_EDGE('',*,*,#2229,.T.);
#3331=ORIENTED_EDGE('',*,*,#2113,.F.);
#3332=ORIENTED_EDGE('',*,*,#2118,.F.);
#3333=ORIENTED_EDGE('',*,*,#2268,.F.);
#3334=ORIENTED_EDGE('',*,*,#2269,.F.);
#3335=ORIENTED_EDGE('',*,*,#2268,.T.);
#3336=ORIENTED_EDGE('',*,*,#2121,.T.);
#3337=ORIENTED_EDGE('',*,*,#2098,.T.);
#3338=ORIENTED_EDGE('',*,*,#2261,.T.);
#3339=ORIENTED_EDGE('',*,*,#2263,.T.);
#3340=ORIENTED_EDGE('',*,*,#2265,.T.);
#3341=ORIENTED_EDGE('',*,*,#2267,.T.);
#3342=ORIENTED_EDGE('',*,*,#2269,.T.);
#3343=ORIENTED_EDGE('',*,*,#2097,.T.);
#3344=ORIENTED_EDGE('',*,*,#1893,.T.);
#3345=ORIENTED_EDGE('',*,*,#1888,.T.);
#3346=ORIENTED_EDGE('',*,*,#1853,.T.);
#3347=ORIENTED_EDGE('',*,*,#1861,.T.);
#3348=ORIENTED_EDGE('',*,*,#2258,.T.);
#3349=ORIENTED_EDGE('',*,*,#2260,.T.);
#3350=ORIENTED_EDGE('',*,*,#1857,.T.);
#3351=ORIENTED_EDGE('',*,*,#1883,.T.);
#3352=ORIENTED_EDGE('',*,*,#1890,.T.);
#3353=ORIENTED_EDGE('',*,*,#2101,.T.);
#3354=CYLINDRICAL_SURFACE('',#3665,41.0000000000007);
#3355=CYLINDRICAL_SURFACE('',#3668,2.);
#3356=CYLINDRICAL_SURFACE('',#3672,3.0000000000024);
#3357=CYLINDRICAL_SURFACE('',#3675,1.99999999999998);
#3358=CYLINDRICAL_SURFACE('',#3679,41.0000000000027);
#3359=CYLINDRICAL_SURFACE('',#3682,1.99999999999998);
#3360=CYLINDRICAL_SURFACE('',#3686,3.0000000000071);
#3361=CYLINDRICAL_SURFACE('',#3689,2.00000000000009);
#3362=CYLINDRICAL_SURFACE('',#3693,41.0000000000006);
#3363=CYLINDRICAL_SURFACE('',#3696,1.99999999999997);
#3364=CYLINDRICAL_SURFACE('',#3700,3.00000000000239);
#3365=CYLINDRICAL_SURFACE('',#3703,1.99999999999998);
#3366=CYLINDRICAL_SURFACE('',#3707,41.0000000000027);
#3367=CYLINDRICAL_SURFACE('',#3710,1.);
#3368=CYLINDRICAL_SURFACE('',#3714,43.5);
#3369=CYLINDRICAL_SURFACE('',#3733,2.);
#3370=CYLINDRICAL_SURFACE('',#3735,2.);
#3371=CYLINDRICAL_SURFACE('',#3738,1.);
#3372=CYLINDRICAL_SURFACE('',#3740,2.);
#3373=CYLINDRICAL_SURFACE('',#3742,2.);
#3374=CYLINDRICAL_SURFACE('',#3745,1.);
#3375=CYLINDRICAL_SURFACE('',#3748,1.);
#3376=CYLINDRICAL_SURFACE('',#3750,2.);
#3377=CYLINDRICAL_SURFACE('',#3752,2.);
#3378=CYLINDRICAL_SURFACE('',#3755,1.);
#3379=CYLINDRICAL_SURFACE('',#3758,1.);
#3380=CYLINDRICAL_SURFACE('',#3760,2.);
#3381=CYLINDRICAL_SURFACE('',#3762,2.);
#3382=CYLINDRICAL_SURFACE('',#3765,1.);
#3383=CYLINDRICAL_SURFACE('',#3768,1.);
#3384=CYLINDRICAL_SURFACE('',#3770,2.);
#3385=CYLINDRICAL_SURFACE('',#3772,2.);
#3386=CYLINDRICAL_SURFACE('',#3775,1.);
#3387=CYLINDRICAL_SURFACE('',#3778,1.);
#3388=CYLINDRICAL_SURFACE('',#3780,2.);
#3389=CYLINDRICAL_SURFACE('',#3782,2.);
#3390=CYLINDRICAL_SURFACE('',#3785,1.);
#3391=CYLINDRICAL_SURFACE('',#3788,1.);
#3392=CYLINDRICAL_SURFACE('',#3790,2.);
#3393=CYLINDRICAL_SURFACE('',#3792,2.);
#3394=CYLINDRICAL_SURFACE('',#3795,1.);
#3395=CYLINDRICAL_SURFACE('',#3798,1.);
#3396=CYLINDRICAL_SURFACE('',#3800,2.);
#3397=CYLINDRICAL_SURFACE('',#3802,2.);
#3398=CYLINDRICAL_SURFACE('',#3805,1.);
#3399=CYLINDRICAL_SURFACE('',#3808,1.);
#3400=CYLINDRICAL_SURFACE('',#3810,2.);
#3401=CYLINDRICAL_SURFACE('',#3812,2.);
#3402=CYLINDRICAL_SURFACE('',#3815,1.);
#3403=CYLINDRICAL_SURFACE('',#3818,1.);
#3404=CYLINDRICAL_SURFACE('',#3820,2.);
#3405=CYLINDRICAL_SURFACE('',#3822,2.);
#3406=CYLINDRICAL_SURFACE('',#3825,1.);
#3407=CYLINDRICAL_SURFACE('',#3828,1.);
#3408=CYLINDRICAL_SURFACE('',#3830,2.);
#3409=CYLINDRICAL_SURFACE('',#3832,2.);
#3410=CYLINDRICAL_SURFACE('',#3835,1.);
#3411=CYLINDRICAL_SURFACE('',#3838,1.);
#3412=CYLINDRICAL_SURFACE('',#3840,2.);
#3413=CYLINDRICAL_SURFACE('',#3842,2.);
#3414=CYLINDRICAL_SURFACE('',#3845,1.);
#3415=CYLINDRICAL_SURFACE('',#3848,1.);
#3416=CYLINDRICAL_SURFACE('',#3849,1.);
#3417=CYLINDRICAL_SURFACE('',#3852,1.);
#3418=CYLINDRICAL_SURFACE('',#3855,2.);
#3419=CYLINDRICAL_SURFACE('',#3857,2.);
#3420=CYLINDRICAL_SURFACE('',#3860,1.);
#3421=CYLINDRICAL_SURFACE('',#3863,1.);
#3422=CYLINDRICAL_SURFACE('',#3864,47.5);
#3423=CYLINDRICAL_SURFACE('',#3867,40.3523103852164);
#3424=CYLINDRICAL_SURFACE('',#3875,2.);
#3425=CYLINDRICAL_SURFACE('',#3877,2.);
#3426=CYLINDRICAL_SURFACE('',#3879,2.);
#3427=CYLINDRICAL_SURFACE('',#3886,2.);
#3428=CYLINDRICAL_SURFACE('',#3889,2.);
#3429=CYLINDRICAL_SURFACE('',#3892,29.5);
#3430=CYLINDRICAL_SURFACE('',#3895,2.);
#3431=CYLINDRICAL_SURFACE('',#3898,2.);
#3432=CYLINDRICAL_SURFACE('',#3901,29.5);
#3433=CYLINDRICAL_SURFACE('',#3904,2.);
#3434=CYLINDRICAL_SURFACE('',#3907,2.);
#3435=CYLINDRICAL_SURFACE('',#3964,8.);
#3436=CYLINDRICAL_SURFACE('',#3967,8.);
#3437=CYLINDRICAL_SURFACE('',#3970,3.5);
#3438=CYLINDRICAL_SURFACE('',#3973,8.);
#3439=CYLINDRICAL_SURFACE('',#3978,8.);
#3440=CYLINDRICAL_SURFACE('',#3981,3.5);
#3441=CYLINDRICAL_SURFACE('',#3984,8.);
#3442=CYLINDRICAL_SURFACE('',#3986,8.);
#3443=CYLINDRICAL_SURFACE('',#3989,3.5);
#3444=CYLINDRICAL_SURFACE('',#3992,8.);
#3445=CYLINDRICAL_SURFACE('',#4000,29.5);
#3446=ADVANCED_FACE('',(#161,#138,#139),#3354,.F.);
#3447=ADVANCED_FACE('',(#162),#3355,.T.);
#3448=ADVANCED_FACE('',(#163,#140),#3356,.F.);
#3449=ADVANCED_FACE('',(#164),#3357,.T.);
#3450=ADVANCED_FACE('',(#165,#141,#142,#143),#3358,.F.);
#3451=ADVANCED_FACE('',(#166),#3359,.T.);
#3452=ADVANCED_FACE('',(#167,#144),#3360,.F.);
#3453=ADVANCED_FACE('',(#168),#3361,.T.);
#3454=ADVANCED_FACE('',(#169,#145,#146,#147),#3362,.F.);
#3455=ADVANCED_FACE('',(#170),#3363,.T.);
#3456=ADVANCED_FACE('',(#171,#148),#3364,.F.);
#3457=ADVANCED_FACE('',(#172),#3365,.T.);
#3458=ADVANCED_FACE('',(#173),#3366,.F.);
#3459=ADVANCED_FACE('',(#174),#3367,.T.);
#3460=ADVANCED_FACE('',(#175),#77,.T.);
#3461=ADVANCED_FACE('',(#176),#3368,.F.);
#3462=ADVANCED_FACE('',(#177),#78,.F.);
#3463=ADVANCED_FACE('',(#178),#79,.F.);
#3464=ADVANCED_FACE('',(#179),#80,.F.);
#3465=ADVANCED_FACE('',(#180),#81,.F.);
#3466=ADVANCED_FACE('',(#181),#3369,.F.);
#3467=ADVANCED_FACE('',(#182),#82,.F.);
#3468=ADVANCED_FACE('',(#183),#3370,.F.);
#3469=ADVANCED_FACE('',(#184),#41,.F.);
#3470=ADVANCED_FACE('',(#185),#42,.F.);
#3471=ADVANCED_FACE('',(#186),#3371,.T.);
#3472=ADVANCED_FACE('',(#187),#83,.F.);
#3473=ADVANCED_FACE('',(#188),#3372,.F.);
#3474=ADVANCED_FACE('',(#189),#84,.F.);
#3475=ADVANCED_FACE('',(#190),#3373,.F.);
#3476=ADVANCED_FACE('',(#191),#43,.F.);
#3477=ADVANCED_FACE('',(#192),#3374,.T.);
#3478=ADVANCED_FACE('',(#193),#44,.F.);
#3479=ADVANCED_FACE('',(#194),#3375,.T.);
#3480=ADVANCED_FACE('',(#195),#85,.F.);
#3481=ADVANCED_FACE('',(#196),#3376,.F.);
#3482=ADVANCED_FACE('',(#197),#86,.F.);
#3483=ADVANCED_FACE('',(#198),#3377,.F.);
#3484=ADVANCED_FACE('',(#199),#45,.F.);
#3485=ADVANCED_FACE('',(#200),#3378,.T.);
#3486=ADVANCED_FACE('',(#201),#46,.F.);
#3487=ADVANCED_FACE('',(#202),#3379,.T.);
#3488=ADVANCED_FACE('',(#203),#87,.F.);
#3489=ADVANCED_FACE('',(#204),#3380,.F.);
#3490=ADVANCED_FACE('',(#205),#88,.F.);
#3491=ADVANCED_FACE('',(#206),#3381,.F.);
#3492=ADVANCED_FACE('',(#207),#47,.F.);
#3493=ADVANCED_FACE('',(#208),#3382,.T.);
#3494=ADVANCED_FACE('',(#209),#48,.F.);
#3495=ADVANCED_FACE('',(#210),#3383,.T.);
#3496=ADVANCED_FACE('',(#211),#89,.F.);
#3497=ADVANCED_FACE('',(#212),#3384,.F.);
#3498=ADVANCED_FACE('',(#213),#90,.F.);
#3499=ADVANCED_FACE('',(#214),#3385,.F.);
#3500=ADVANCED_FACE('',(#215),#49,.F.);
#3501=ADVANCED_FACE('',(#216),#3386,.T.);
#3502=ADVANCED_FACE('',(#217),#50,.F.);
#3503=ADVANCED_FACE('',(#218),#3387,.T.);
#3504=ADVANCED_FACE('',(#219),#91,.F.);
#3505=ADVANCED_FACE('',(#220),#3388,.F.);
#3506=ADVANCED_FACE('',(#221),#92,.F.);
#3507=ADVANCED_FACE('',(#222),#3389,.F.);
#3508=ADVANCED_FACE('',(#223),#51,.F.);
#3509=ADVANCED_FACE('',(#224),#3390,.T.);
#3510=ADVANCED_FACE('',(#225),#52,.F.);
#3511=ADVANCED_FACE('',(#226),#3391,.T.);
#3512=ADVANCED_FACE('',(#227),#93,.F.);
#3513=ADVANCED_FACE('',(#228),#3392,.F.);
#3514=ADVANCED_FACE('',(#229),#94,.F.);
#3515=ADVANCED_FACE('',(#230),#3393,.F.);
#3516=ADVANCED_FACE('',(#231),#53,.F.);
#3517=ADVANCED_FACE('',(#232),#3394,.T.);
#3518=ADVANCED_FACE('',(#233),#54,.F.);
#3519=ADVANCED_FACE('',(#234),#3395,.T.);
#3520=ADVANCED_FACE('',(#235),#95,.F.);
#3521=ADVANCED_FACE('',(#236),#3396,.F.);
#3522=ADVANCED_FACE('',(#237),#96,.F.);
#3523=ADVANCED_FACE('',(#238),#3397,.F.);
#3524=ADVANCED_FACE('',(#239),#55,.F.);
#3525=ADVANCED_FACE('',(#240),#3398,.T.);
#3526=ADVANCED_FACE('',(#241),#56,.F.);
#3527=ADVANCED_FACE('',(#242),#3399,.T.);
#3528=ADVANCED_FACE('',(#243),#97,.F.);
#3529=ADVANCED_FACE('',(#244),#3400,.F.);
#3530=ADVANCED_FACE('',(#245),#98,.F.);
#3531=ADVANCED_FACE('',(#246),#3401,.F.);
#3532=ADVANCED_FACE('',(#247),#57,.F.);
#3533=ADVANCED_FACE('',(#248),#3402,.T.);
#3534=ADVANCED_FACE('',(#249),#58,.F.);
#3535=ADVANCED_FACE('',(#250),#3403,.T.);
#3536=ADVANCED_FACE('',(#251),#99,.F.);
#3537=ADVANCED_FACE('',(#252),#3404,.F.);
#3538=ADVANCED_FACE('',(#253),#100,.F.);
#3539=ADVANCED_FACE('',(#254),#3405,.F.);
#3540=ADVANCED_FACE('',(#255),#59,.F.);
#3541=ADVANCED_FACE('',(#256),#3406,.T.);
#3542=ADVANCED_FACE('',(#257),#60,.F.);
#3543=ADVANCED_FACE('',(#258),#3407,.T.);
#3544=ADVANCED_FACE('',(#259),#101,.F.);
#3545=ADVANCED_FACE('',(#260),#3408,.F.);
#3546=ADVANCED_FACE('',(#261),#102,.F.);
#3547=ADVANCED_FACE('',(#262),#3409,.F.);
#3548=ADVANCED_FACE('',(#263),#61,.F.);
#3549=ADVANCED_FACE('',(#264),#3410,.T.);
#3550=ADVANCED_FACE('',(#265),#62,.F.);
#3551=ADVANCED_FACE('',(#266),#3411,.T.);
#3552=ADVANCED_FACE('',(#267),#103,.F.);
#3553=ADVANCED_FACE('',(#268),#3412,.F.);
#3554=ADVANCED_FACE('',(#269),#104,.F.);
#3555=ADVANCED_FACE('',(#270),#3413,.F.);
#3556=ADVANCED_FACE('',(#271),#63,.F.);
#3557=ADVANCED_FACE('',(#272),#3414,.T.);
#3558=ADVANCED_FACE('',(#273),#64,.F.);
#3559=ADVANCED_FACE('',(#274),#3415,.T.);
#3560=ADVANCED_FACE('',(#275),#3416,.T.);
#3561=ADVANCED_FACE('',(#276),#105,.T.);
#3562=ADVANCED_FACE('',(#277),#3417,.F.);
#3563=ADVANCED_FACE('',(#278),#106,.F.);
#3564=ADVANCED_FACE('',(#279),#3418,.F.);
#3565=ADVANCED_FACE('',(#280),#107,.F.);
#3566=ADVANCED_FACE('',(#281),#3419,.F.);
#3567=ADVANCED_FACE('',(#282),#65,.F.);
#3568=ADVANCED_FACE('',(#283),#3420,.T.);
#3569=ADVANCED_FACE('',(#284),#66,.F.);
#3570=ADVANCED_FACE('',(#285),#3421,.T.);
#3571=ADVANCED_FACE('',(#286,#149,#150,#151,#152,#153,#154,#155,#156,#157,
#158,#159,#160),#3422,.T.);
#3572=ADVANCED_FACE('',(#287),#3423,.T.);
#3573=ADVANCED_FACE('',(#288),#108,.T.);
#3574=ADVANCED_FACE('',(#289),#109,.T.);
#3575=ADVANCED_FACE('',(#290),#40,.T.);
#3576=ADVANCED_FACE('',(#291),#3424,.T.);
#3577=ADVANCED_FACE('',(#292),#3425,.T.);
#3578=ADVANCED_FACE('',(#293),#3426,.T.);
#3579=ADVANCED_FACE('',(#294),#38,.T.);
#3580=ADVANCED_FACE('',(#295),#39,.T.);
#3581=ADVANCED_FACE('',(#296),#3427,.T.);
#3582=ADVANCED_FACE('',(#297),#3428,.T.);
#3583=ADVANCED_FACE('',(#298),#3429,.F.);
#3584=ADVANCED_FACE('',(#299),#3430,.T.);
#3585=ADVANCED_FACE('',(#300),#3431,.T.);
#3586=ADVANCED_FACE('',(#301),#3432,.F.);
#3587=ADVANCED_FACE('',(#302),#3433,.T.);
#3588=ADVANCED_FACE('',(#303),#3434,.T.);
#3589=ADVANCED_FACE('',(#304),#17,.T.);
#3590=ADVANCED_FACE('',(#305),#110,.F.);
#3591=ADVANCED_FACE('',(#306),#18,.F.);
#3592=ADVANCED_FACE('',(#307),#111,.F.);
#3593=ADVANCED_FACE('',(#308),#19,.T.);
#3594=ADVANCED_FACE('',(#309),#20,.F.);
#3595=ADVANCED_FACE('',(#310),#21,.T.);
#3596=ADVANCED_FACE('',(#311),#112,.F.);
#3597=ADVANCED_FACE('',(#312),#22,.F.);
#3598=ADVANCED_FACE('',(#313),#113,.F.);
#3599=ADVANCED_FACE('',(#314),#23,.T.);
#3600=ADVANCED_FACE('',(#315),#24,.F.);
#3601=ADVANCED_FACE('',(#316),#25,.T.);
#3602=ADVANCED_FACE('',(#317),#114,.F.);
#3603=ADVANCED_FACE('',(#318),#26,.F.);
#3604=ADVANCED_FACE('',(#319),#115,.F.);
#3605=ADVANCED_FACE('',(#320),#27,.T.);
#3606=ADVANCED_FACE('',(#321),#116,.F.);
#3607=ADVANCED_FACE('',(#322),#117,.F.);
#3608=ADVANCED_FACE('',(#323),#28,.T.);
#3609=ADVANCED_FACE('',(#324),#118,.F.);
#3610=ADVANCED_FACE('',(#325),#29,.T.);
#3611=ADVANCED_FACE('',(#326),#30,.F.);
#3612=ADVANCED_FACE('',(#327),#31,.T.);
#3613=ADVANCED_FACE('',(#328),#119,.F.);
#3614=ADVANCED_FACE('',(#329),#120,.F.);
#3615=ADVANCED_FACE('',(#330),#32,.T.);
#3616=ADVANCED_FACE('',(#331),#33,.F.);
#3617=ADVANCED_FACE('',(#332),#34,.T.);
#3618=ADVANCED_FACE('',(#333),#121,.F.);
#3619=ADVANCED_FACE('',(#334),#122,.F.);
#3620=ADVANCED_FACE('',(#335),#35,.T.);
#3621=ADVANCED_FACE('',(#336),#123,.F.);
#3622=ADVANCED_FACE('',(#337),#3435,.T.);
#3623=ADVANCED_FACE('',(#338),#124,.F.);
#3624=ADVANCED_FACE('',(#339),#3436,.T.);
#3625=ADVANCED_FACE('',(#340),#125,.F.);
#3626=ADVANCED_FACE('',(#341),#3437,.F.);
#3627=ADVANCED_FACE('',(#342),#126,.F.);
#3628=ADVANCED_FACE('',(#343),#3438,.T.);
#3629=ADVANCED_FACE('',(#344),#127,.F.);
#3630=ADVANCED_FACE('',(#345),#128,.F.);
#3631=ADVANCED_FACE('',(#346),#129,.F.);
#3632=ADVANCED_FACE('',(#347),#3439,.T.);
#3633=ADVANCED_FACE('',(#348),#130,.F.);
#3634=ADVANCED_FACE('',(#349),#3440,.F.);
#3635=ADVANCED_FACE('',(#350),#131,.F.);
#3636=ADVANCED_FACE('',(#351),#3441,.T.);
#3637=ADVANCED_FACE('',(#352),#3442,.T.);
#3638=ADVANCED_FACE('',(#353),#132,.F.);
#3639=ADVANCED_FACE('',(#354),#3443,.F.);
#3640=ADVANCED_FACE('',(#355),#133,.F.);
#3641=ADVANCED_FACE('',(#356),#3444,.T.);
#3642=ADVANCED_FACE('',(#357),#15,.T.);
#3643=ADVANCED_FACE('',(#358),#134,.F.);
#3644=ADVANCED_FACE('',(#359),#36,.F.);
#3645=ADVANCED_FACE('',(#360),#3445,.F.);
#3646=ADVANCED_FACE('',(#361),#37,.F.);
#3647=ADVANCED_FACE('',(#362),#135,.T.);
#3648=ADVANCED_FACE('',(#363),#16,.T.);
#3649=ADVANCED_FACE('',(#364),#136,.T.);
#3650=ADVANCED_FACE('',(#365),#137,.T.);
#3651=CLOSED_SHELL('',(#3446,#3447,#3448,#3449,#3450,#3451,#3452,#3453,
#3454,#3455,#3456,#3457,#3458,#3459,#3460,#3461,#3462,#3463,#3464,#3465,
#3466,#3467,#3468,#3469,#3470,#3471,#3472,#3473,#3474,#3475,#3476,#3477,
#3478,#3479,#3480,#3481,#3482,#3483,#3484,#3485,#3486,#3487,#3488,#3489,
#3490,#3491,#3492,#3493,#3494,#3495,#3496,#3497,#3498,#3499,#3500,#3501,
#3502,#3503,#3504,#3505,#3506,#3507,#3508,#3509,#3510,#3511,#3512,#3513,
#3514,#3515,#3516,#3517,#3518,#3519,#3520,#3521,#3522,#3523,#3524,#3525,
#3526,#3527,#3528,#3529,#3530,#3531,#3532,#3533,#3534,#3535,#3536,#3537,
#3538,#3539,#3540,#3541,#3542,#3543,#3544,#3545,#3546,#3547,#3548,#3549,
#3550,#3551,#3552,#3553,#3554,#3555,#3556,#3557,#3558,#3559,#3560,#3561,
#3562,#3563,#3564,#3565,#3566,#3567,#3568,#3569,#3570,#3571,#3572,#3573,
#3574,#3575,#3576,#3577,#3578,#3579,#3580,#3581,#3582,#3583,#3584,#3585,
#3586,#3587,#3588,#3589,#3590,#3591,#3592,#3593,#3594,#3595,#3596,#3597,
#3598,#3599,#3600,#3601,#3602,#3603,#3604,#3605,#3606,#3607,#3608,#3609,
#3610,#3611,#3612,#3613,#3614,#3615,#3616,#3617,#3618,#3619,#3620,#3621,
#3622,#3623,#3624,#3625,#3626,#3627,#3628,#3629,#3630,#3631,#3632,#3633,
#3634,#3635,#3636,#3637,#3638,#3639,#3640,#3641,#3642,#3643,#3644,#3645,
#3646,#3647,#3648,#3649,#3650));
#3652=DERIVED_UNIT_ELEMENT(#3654,1.);
#3653=DERIVED_UNIT_ELEMENT(#8080,-3.);
#3654=(
MASS_UNIT()
NAMED_UNIT(*)
SI_UNIT(.KILO.,.GRAM.)
);
#3655=DERIVED_UNIT((#3652,#3653));
#3656=MEASURE_REPRESENTATION_ITEM('density measure',
POSITIVE_RATIO_MEASURE(7850.),#3655);
#3657=PROPERTY_DEFINITION_REPRESENTATION(#3662,#3659);
#3658=PROPERTY_DEFINITION_REPRESENTATION(#3663,#3660);
#3659=REPRESENTATION('material name',(#3661),#8077);
#3660=REPRESENTATION('density',(#3656),#8077);
#3661=DESCRIPTIVE_REPRESENTATION_ITEM('Steel','Steel');
#3662=PROPERTY_DEFINITION('material property','material name',#8087);
#3663=PROPERTY_DEFINITION('material property','density of part',#8087);
#3664=AXIS2_PLACEMENT_3D('',#4966,#4010,#4011);
#3665=AXIS2_PLACEMENT_3D('',#4967,#4012,#4013);
#3666=AXIS2_PLACEMENT_3D('',#4983,#4015,#4016);
#3667=AXIS2_PLACEMENT_3D('',#4986,#4018,#4019);
#3668=AXIS2_PLACEMENT_3D('',#5083,#4024,#4025);
#3669=AXIS2_PLACEMENT_3D('',#5086,#4026,#4027);
#3670=AXIS2_PLACEMENT_3D('',#5089,#4029,#4030);
#3671=AXIS2_PLACEMENT_3D('',#5090,#4031,#4032);
#3672=AXIS2_PLACEMENT_3D('',#5091,#4033,#4034);
#3673=AXIS2_PLACEMENT_3D('',#5093,#4035,#4036);
#3674=AXIS2_PLACEMENT_3D('',#5096,#4038,#4039);
#3675=AXIS2_PLACEMENT_3D('',#5145,#4042,#4043);
#3676=AXIS2_PLACEMENT_3D('',#5147,#4044,#4045);
#3677=AXIS2_PLACEMENT_3D('',#5149,#4046,#4047);
#3678=AXIS2_PLACEMENT_3D('',#5152,#4049,#4050);
#3679=AXIS2_PLACEMENT_3D('',#5153,#4051,#4052);
#3680=AXIS2_PLACEMENT_3D('',#5155,#4053,#4054);
#3681=AXIS2_PLACEMENT_3D('',#5158,#4056,#4057);
#3682=AXIS2_PLACEMENT_3D('',#5303,#4064,#4065);
#3683=AXIS2_PLACEMENT_3D('',#5306,#4066,#4067);
#3684=AXIS2_PLACEMENT_3D('',#5309,#4069,#4070);
#3685=AXIS2_PLACEMENT_3D('',#5310,#4071,#4072);
#3686=AXIS2_PLACEMENT_3D('',#5311,#4073,#4074);
#3687=AXIS2_PLACEMENT_3D('',#5313,#4075,#4076);
#3688=AXIS2_PLACEMENT_3D('',#5316,#4078,#4079);
#3689=AXIS2_PLACEMENT_3D('',#5365,#4082,#4083);
#3690=AXIS2_PLACEMENT_3D('',#5367,#4084,#4085);
#3691=AXIS2_PLACEMENT_3D('',#5369,#4086,#4087);
#3692=AXIS2_PLACEMENT_3D('',#5372,#4089,#4090);
#3693=AXIS2_PLACEMENT_3D('',#5373,#4091,#4092);
#3694=AXIS2_PLACEMENT_3D('',#5375,#4093,#4094);
#3695=AXIS2_PLACEMENT_3D('',#5378,#4096,#4097);
#3696=AXIS2_PLACEMENT_3D('',#5523,#4104,#4105);
#3697=AXIS2_PLACEMENT_3D('',#5526,#4106,#4107);
#3698=AXIS2_PLACEMENT_3D('',#5529,#4109,#4110);
#3699=AXIS2_PLACEMENT_3D('',#5530,#4111,#4112);
#3700=AXIS2_PLACEMENT_3D('',#5531,#4113,#4114);
#3701=AXIS2_PLACEMENT_3D('',#5533,#4115,#4116);
#3702=AXIS2_PLACEMENT_3D('',#5536,#4118,#4119);
#3703=AXIS2_PLACEMENT_3D('',#5585,#4122,#4123);
#3704=AXIS2_PLACEMENT_3D('',#5587,#4124,#4125);
#3705=AXIS2_PLACEMENT_3D('',#5589,#4126,#4127);
#3706=AXIS2_PLACEMENT_3D('',#5592,#4129,#4130);
#3707=AXIS2_PLACEMENT_3D('',#5593,#4131,#4132);
#3708=AXIS2_PLACEMENT_3D('',#5602,#4134,#4135);
#3709=AXIS2_PLACEMENT_3D('',#5604,#4136,#4137);
#3710=AXIS2_PLACEMENT_3D('',#5635,#4140,#4141);
#3711=AXIS2_PLACEMENT_3D('',#5639,#4143,#4144);
#3712=AXIS2_PLACEMENT_3D('',#5652,#4145,#4146);
#3713=AXIS2_PLACEMENT_3D('',#5657,#4149,#4150);
#3714=AXIS2_PLACEMENT_3D('',#5658,#4151,#4152);
#3715=AXIS2_PLACEMENT_3D('',#5689,#4156,#4157);
#3716=AXIS2_PLACEMENT_3D('',#5692,#4159,#4160);
#3717=AXIS2_PLACEMENT_3D('',#5693,#4161,#4162);
#3718=AXIS2_PLACEMENT_3D('',#5697,#4164,#4165);
#3719=AXIS2_PLACEMENT_3D('',#5700,#4167,#4168);
#3720=AXIS2_PLACEMENT_3D('',#5704,#4170,#4171);
#3721=AXIS2_PLACEMENT_3D('',#5705,#4172,#4173);
#3722=AXIS2_PLACEMENT_3D('',#5706,#4174,#4175);
#3723=AXIS2_PLACEMENT_3D('',#5710,#4177,#4178);
#3724=AXIS2_PLACEMENT_3D('',#5712,#4179,#4180);
#3725=AXIS2_PLACEMENT_3D('',#5714,#4181,#4182);
#3726=AXIS2_PLACEMENT_3D('',#5716,#4184,#4185);
#3727=AXIS2_PLACEMENT_3D('',#5720,#4187,#4188);
#3728=AXIS2_PLACEMENT_3D('',#5722,#4189,#4190);
#3729=AXIS2_PLACEMENT_3D('',#5724,#4191,#4192);
#3730=AXIS2_PLACEMENT_3D('',#5726,#4194,#4195);
#3731=AXIS2_PLACEMENT_3D('',#5730,#4197,#4198);
#3732=AXIS2_PLACEMENT_3D('',#5734,#4200,#4201);
#3733=AXIS2_PLACEMENT_3D('',#5736,#4203,#4204);
#3734=AXIS2_PLACEMENT_3D('',#5746,#4207,#4208);
#3735=AXIS2_PLACEMENT_3D('',#5750,#4211,#4212);
#3736=AXIS2_PLACEMENT_3D('',#5792,#4214,#4215);
#3737=AXIS2_PLACEMENT_3D('',#5837,#4216,#4217);
#3738=AXIS2_PLACEMENT_3D('',#5838,#4218,#4219);
#3739=AXIS2_PLACEMENT_3D('',#5840,#4221,#4222);
#3740=AXIS2_PLACEMENT_3D('',#5846,#4226,#4227);
#3741=AXIS2_PLACEMENT_3D('',#5858,#4229,#4230);
#3742=AXIS2_PLACEMENT_3D('',#5862,#4233,#4234);
#3743=AXIS2_PLACEMENT_3D('',#5918,#4235,#4236);
#3744=AXIS2_PLACEMENT_3D('',#5920,#4237,#4238);
#3745=AXIS2_PLACEMENT_3D('',#5930,#4239,#4240);
#3746=AXIS2_PLACEMENT_3D('',#5933,#4242,#4243);
#3747=AXIS2_PLACEMENT_3D('',#5980,#4244,#4245);
#3748=AXIS2_PLACEMENT_3D('',#5990,#4246,#4247);
#3749=AXIS2_PLACEMENT_3D('',#5992,#4249,#4250);
#3750=AXIS2_PLACEMENT_3D('',#5998,#4254,#4255);
#3751=AXIS2_PLACEMENT_3D('',#6010,#4257,#4258);
#3752=AXIS2_PLACEMENT_3D('',#6014,#4261,#4262);
#3753=AXIS2_PLACEMENT_3D('',#6070,#4263,#4264);
#3754=AXIS2_PLACEMENT_3D('',#6072,#4265,#4266);
#3755=AXIS2_PLACEMENT_3D('',#6082,#4267,#4268);
#3756=AXIS2_PLACEMENT_3D('',#6085,#4270,#4271);
#3757=AXIS2_PLACEMENT_3D('',#6132,#4272,#4273);
#3758=AXIS2_PLACEMENT_3D('',#6142,#4274,#4275);
#3759=AXIS2_PLACEMENT_3D('',#6144,#4277,#4278);
#3760=AXIS2_PLACEMENT_3D('',#6150,#4282,#4283);
#3761=AXIS2_PLACEMENT_3D('',#6162,#4285,#4286);
#3762=AXIS2_PLACEMENT_3D('',#6166,#4289,#4290);
#3763=AXIS2_PLACEMENT_3D('',#6222,#4291,#4292);
#3764=AXIS2_PLACEMENT_3D('',#6224,#4293,#4294);
#3765=AXIS2_PLACEMENT_3D('',#6234,#4295,#4296);
#3766=AXIS2_PLACEMENT_3D('',#6237,#4298,#4299);
#3767=AXIS2_PLACEMENT_3D('',#6284,#4300,#4301);
#3768=AXIS2_PLACEMENT_3D('',#6294,#4302,#4303);
#3769=AXIS2_PLACEMENT_3D('',#6296,#4305,#4306);
#3770=AXIS2_PLACEMENT_3D('',#6302,#4310,#4311);
#3771=AXIS2_PLACEMENT_3D('',#6314,#4313,#4314);
#3772=AXIS2_PLACEMENT_3D('',#6318,#4317,#4318);
#3773=AXIS2_PLACEMENT_3D('',#6374,#4319,#4320);
#3774=AXIS2_PLACEMENT_3D('',#6376,#4321,#4322);
#3775=AXIS2_PLACEMENT_3D('',#6386,#4323,#4324);
#3776=AXIS2_PLACEMENT_3D('',#6389,#4326,#4327);
#3777=AXIS2_PLACEMENT_3D('',#6436,#4328,#4329);
#3778=AXIS2_PLACEMENT_3D('',#6446,#4330,#4331);
#3779=AXIS2_PLACEMENT_3D('',#6448,#4333,#4334);
#3780=AXIS2_PLACEMENT_3D('',#6454,#4338,#4339);
#3781=AXIS2_PLACEMENT_3D('',#6466,#4341,#4342);
#3782=AXIS2_PLACEMENT_3D('',#6470,#4345,#4346);
#3783=AXIS2_PLACEMENT_3D('',#6526,#4347,#4348);
#3784=AXIS2_PLACEMENT_3D('',#6528,#4349,#4350);
#3785=AXIS2_PLACEMENT_3D('',#6538,#4351,#4352);
#3786=AXIS2_PLACEMENT_3D('',#6541,#4354,#4355);
#3787=AXIS2_PLACEMENT_3D('',#6588,#4356,#4357);
#3788=AXIS2_PLACEMENT_3D('',#6598,#4358,#4359);
#3789=AXIS2_PLACEMENT_3D('',#6600,#4361,#4362);
#3790=AXIS2_PLACEMENT_3D('',#6606,#4366,#4367);
#3791=AXIS2_PLACEMENT_3D('',#6618,#4369,#4370);
#3792=AXIS2_PLACEMENT_3D('',#6622,#4373,#4374);
#3793=AXIS2_PLACEMENT_3D('',#6678,#4375,#4376);
#3794=AXIS2_PLACEMENT_3D('',#6680,#4377,#4378);
#3795=AXIS2_PLACEMENT_3D('',#6690,#4379,#4380);
#3796=AXIS2_PLACEMENT_3D('',#6693,#4382,#4383);
#3797=AXIS2_PLACEMENT_3D('',#6740,#4384,#4385);
#3798=AXIS2_PLACEMENT_3D('',#6750,#4386,#4387);
#3799=AXIS2_PLACEMENT_3D('',#6752,#4389,#4390);
#3800=AXIS2_PLACEMENT_3D('',#6758,#4394,#4395);
#3801=AXIS2_PLACEMENT_3D('',#6770,#4397,#4398);
#3802=AXIS2_PLACEMENT_3D('',#6774,#4401,#4402);
#3803=AXIS2_PLACEMENT_3D('',#6830,#4403,#4404);
#3804=AXIS2_PLACEMENT_3D('',#6832,#4405,#4406);
#3805=AXIS2_PLACEMENT_3D('',#6842,#4407,#4408);
#3806=AXIS2_PLACEMENT_3D('',#6845,#4410,#4411);
#3807=AXIS2_PLACEMENT_3D('',#6892,#4412,#4413);
#3808=AXIS2_PLACEMENT_3D('',#6902,#4414,#4415);
#3809=AXIS2_PLACEMENT_3D('',#6904,#4417,#4418);
#3810=AXIS2_PLACEMENT_3D('',#6910,#4422,#4423);
#3811=AXIS2_PLACEMENT_3D('',#6922,#4425,#4426);
#3812=AXIS2_PLACEMENT_3D('',#6926,#4429,#4430);
#3813=AXIS2_PLACEMENT_3D('',#6982,#4431,#4432);
#3814=AXIS2_PLACEMENT_3D('',#6984,#4433,#4434);
#3815=AXIS2_PLACEMENT_3D('',#6994,#4435,#4436);
#3816=AXIS2_PLACEMENT_3D('',#6997,#4438,#4439);
#3817=AXIS2_PLACEMENT_3D('',#7044,#4440,#4441);
#3818=AXIS2_PLACEMENT_3D('',#7054,#4442,#4443);
#3819=AXIS2_PLACEMENT_3D('',#7056,#4445,#4446);
#3820=AXIS2_PLACEMENT_3D('',#7062,#4450,#4451);
#3821=AXIS2_PLACEMENT_3D('',#7074,#4453,#4454);
#3822=AXIS2_PLACEMENT_3D('',#7078,#4457,#4458);
#3823=AXIS2_PLACEMENT_3D('',#7134,#4459,#4460);
#3824=AXIS2_PLACEMENT_3D('',#7136,#4461,#4462);
#3825=AXIS2_PLACEMENT_3D('',#7146,#4463,#4464);
#3826=AXIS2_PLACEMENT_3D('',#7149,#4466,#4467);
#3827=AXIS2_PLACEMENT_3D('',#7196,#4468,#4469);
#3828=AXIS2_PLACEMENT_3D('',#7206,#4470,#4471);
#3829=AXIS2_PLACEMENT_3D('',#7208,#4473,#4474);
#3830=AXIS2_PLACEMENT_3D('',#7214,#4478,#4479);
#3831=AXIS2_PLACEMENT_3D('',#7226,#4481,#4482);
#3832=AXIS2_PLACEMENT_3D('',#7230,#4485,#4486);
#3833=AXIS2_PLACEMENT_3D('',#7286,#4487,#4488);
#3834=AXIS2_PLACEMENT_3D('',#7288,#4489,#4490);
#3835=AXIS2_PLACEMENT_3D('',#7298,#4491,#4492);
#3836=AXIS2_PLACEMENT_3D('',#7301,#4494,#4495);
#3837=AXIS2_PLACEMENT_3D('',#7348,#4496,#4497);
#3838=AXIS2_PLACEMENT_3D('',#7358,#4498,#4499);
#3839=AXIS2_PLACEMENT_3D('',#7360,#4501,#4502);
#3840=AXIS2_PLACEMENT_3D('',#7366,#4506,#4507);
#3841=AXIS2_PLACEMENT_3D('',#7378,#4509,#4510);
#3842=AXIS2_PLACEMENT_3D('',#7382,#4513,#4514);
#3843=AXIS2_PLACEMENT_3D('',#7438,#4515,#4516);
#3844=AXIS2_PLACEMENT_3D('',#7440,#4517,#4518);
#3845=AXIS2_PLACEMENT_3D('',#7450,#4519,#4520);
#3846=AXIS2_PLACEMENT_3D('',#7453,#4522,#4523);
#3847=AXIS2_PLACEMENT_3D('',#7500,#4524,#4525);
#3848=AXIS2_PLACEMENT_3D('',#7510,#4526,#4527);
#3849=AXIS2_PLACEMENT_3D('',#7512,#4529,#4530);
#3850=AXIS2_PLACEMENT_3D('',#7527,#4532,#4533);
#3851=AXIS2_PLACEMENT_3D('',#7530,#4535,#4536);
#3852=AXIS2_PLACEMENT_3D('',#7531,#4537,#4538);
#3853=AXIS2_PLACEMENT_3D('',#7559,#4540,#4541);
#3854=AXIS2_PLACEMENT_3D('',#7560,#4542,#4543);
#3855=AXIS2_PLACEMENT_3D('',#7566,#4547,#4548);
#3856=AXIS2_PLACEMENT_3D('',#7578,#4550,#4551);
#3857=AXIS2_PLACEMENT_3D('',#7582,#4554,#4555);
#3858=AXIS2_PLACEMENT_3D('',#7638,#4556,#4557);
#3859=AXIS2_PLACEMENT_3D('',#7640,#4558,#4559);
#3860=AXIS2_PLACEMENT_3D('',#7650,#4560,#4561);
#3861=AXIS2_PLACEMENT_3D('',#7653,#4563,#4564);
#3862=AXIS2_PLACEMENT_3D('',#7700,#4565,#4566);
#3863=AXIS2_PLACEMENT_3D('',#7710,#4567,#4568);
#3864=AXIS2_PLACEMENT_3D('',#7712,#4570,#4571);
#3865=AXIS2_PLACEMENT_3D('',#7716,#4573,#4574);
#3866=AXIS2_PLACEMENT_3D('',#7720,#4576,#4577);
#3867=AXIS2_PLACEMENT_3D('',#7722,#4579,#4580);
#3868=AXIS2_PLACEMENT_3D('',#7724,#4581,#4582);
#3869=AXIS2_PLACEMENT_3D('',#7733,#4585,#4586);
#3870=AXIS2_PLACEMENT_3D('',#7735,#4587,#4588);
#3871=AXIS2_PLACEMENT_3D('',#7737,#4590,#4591);
#3872=AXIS2_PLACEMENT_3D('',#7753,#4595,#4596);
#3873=AXIS2_PLACEMENT_3D('',#7755,#4597,#4598);
#3874=AXIS2_PLACEMENT_3D('',#7757,#4599,#4600);
#3875=AXIS2_PLACEMENT_3D('',#7764,#4601,#4602);
#3876=AXIS2_PLACEMENT_3D('',#7767,#4604,#4605);
#3877=AXIS2_PLACEMENT_3D('',#7768,#4606,#4607);
#3878=AXIS2_PLACEMENT_3D('',#7770,#4608,#4609);
#3879=AXIS2_PLACEMENT_3D('',#7772,#4611,#4612);
#3880=AXIS2_PLACEMENT_3D('',#7773,#4613,#4614);
#3881=AXIS2_PLACEMENT_3D('',#7774,#4615,#4616);
#3882=AXIS2_PLACEMENT_3D('',#7775,#4617,#4618);
#3883=AXIS2_PLACEMENT_3D('',#7776,#4619,#4620);
#3884=AXIS2_PLACEMENT_3D('',#7777,#4621,#4622);
#3885=AXIS2_PLACEMENT_3D('',#7778,#4623,#4624);
#3886=AXIS2_PLACEMENT_3D('',#7779,#4625,#4626);
#3887=AXIS2_PLACEMENT_3D('',#7782,#4627,#4628);
#3888=AXIS2_PLACEMENT_3D('',#7786,#4630,#4631);
#3889=AXIS2_PLACEMENT_3D('',#7788,#4633,#4634);
#3890=AXIS2_PLACEMENT_3D('',#7791,#4635,#4636);
#3891=AXIS2_PLACEMENT_3D('',#7795,#4638,#4639);
#3892=AXIS2_PLACEMENT_3D('',#7797,#4641,#4642);
#3893=AXIS2_PLACEMENT_3D('',#7799,#4643,#4644);
#3894=AXIS2_PLACEMENT_3D('',#7802,#4646,#4647);
#3895=AXIS2_PLACEMENT_3D('',#7803,#4648,#4649);
#3896=AXIS2_PLACEMENT_3D('',#7805,#4650,#4651);
#3897=AXIS2_PLACEMENT_3D('',#7808,#4653,#4654);
#3898=AXIS2_PLACEMENT_3D('',#7809,#4655,#4656);
#3899=AXIS2_PLACEMENT_3D('',#7812,#4657,#4658);
#3900=AXIS2_PLACEMENT_3D('',#7816,#4660,#4661);
#3901=AXIS2_PLACEMENT_3D('',#7818,#4663,#4664);
#3902=AXIS2_PLACEMENT_3D('',#7820,#4665,#4666);
#3903=AXIS2_PLACEMENT_3D('',#7823,#4668,#4669);
#3904=AXIS2_PLACEMENT_3D('',#7824,#4670,#4671);
#3905=AXIS2_PLACEMENT_3D('',#7826,#4672,#4673);
#3906=AXIS2_PLACEMENT_3D('',#7829,#4675,#4676);
#3907=AXIS2_PLACEMENT_3D('',#7830,#4677,#4678);
#3908=AXIS2_PLACEMENT_3D('',#7833,#4679,#4680);
#3909=AXIS2_PLACEMENT_3D('',#7837,#4682,#4683);
#3910=AXIS2_PLACEMENT_3D('',#7839,#4685,#4686);
#3911=AXIS2_PLACEMENT_3D('',#7842,#4689,#4690);
#3912=AXIS2_PLACEMENT_3D('',#7848,#4694,#4695);
#3913=AXIS2_PLACEMENT_3D('',#7852,#4697,#4698);
#3914=AXIS2_PLACEMENT_3D('',#7853,#4699,#4700);
#3915=AXIS2_PLACEMENT_3D('',#7854,#4701,#4702);
#3916=AXIS2_PLACEMENT_3D('',#7858,#4706,#4707);
#3917=AXIS2_PLACEMENT_3D('',#7860,#4709,#4710);
#3918=AXIS2_PLACEMENT_3D('',#7862,#4712,#4713);
#3919=AXIS2_PLACEMENT_3D('',#7864,#4715,#4716);
#3920=AXIS2_PLACEMENT_3D('',#7870,#4720,#4721);
#3921=AXIS2_PLACEMENT_3D('',#7874,#4723,#4724);
#3922=AXIS2_PLACEMENT_3D('',#7875,#4725,#4726);
#3923=AXIS2_PLACEMENT_3D('',#7876,#4727,#4728);
#3924=AXIS2_PLACEMENT_3D('',#7880,#4732,#4733);
#3925=AXIS2_PLACEMENT_3D('',#7882,#4735,#4736);
#3926=AXIS2_PLACEMENT_3D('',#7884,#4738,#4739);
#3927=AXIS2_PLACEMENT_3D('',#7886,#4741,#4742);
#3928=AXIS2_PLACEMENT_3D('',#7892,#4746,#4747);
#3929=AXIS2_PLACEMENT_3D('',#7896,#4749,#4750);
#3930=AXIS2_PLACEMENT_3D('',#7897,#4751,#4752);
#3931=AXIS2_PLACEMENT_3D('',#7898,#4753,#4754);
#3932=AXIS2_PLACEMENT_3D('',#7902,#4758,#4759);
#3933=AXIS2_PLACEMENT_3D('',#7904,#4761,#4762);
#3934=AXIS2_PLACEMENT_3D('',#7906,#4764,#4765);
#3935=AXIS2_PLACEMENT_3D('',#7909,#4766,#4767);
#3936=AXIS2_PLACEMENT_3D('',#7914,#4771,#4772);
#3937=AXIS2_PLACEMENT_3D('',#7917,#4774,#4775);
#3938=AXIS2_PLACEMENT_3D('',#7918,#4776,#4777);
#3939=AXIS2_PLACEMENT_3D('',#7921,#4778,#4779);
#3940=AXIS2_PLACEMENT_3D('',#7926,#4783,#4784);
#3941=AXIS2_PLACEMENT_3D('',#7929,#4786,#4787);
#3942=AXIS2_PLACEMENT_3D('',#7930,#4788,#4789);
#3943=AXIS2_PLACEMENT_3D('',#7932,#4790,#4791);
#3944=AXIS2_PLACEMENT_3D('',#7934,#4793,#4794);
#3945=AXIS2_PLACEMENT_3D('',#7937,#4796,#4797);
#3946=AXIS2_PLACEMENT_3D('',#7938,#4798,#4799);
#3947=AXIS2_PLACEMENT_3D('',#7941,#4800,#4801);
#3948=AXIS2_PLACEMENT_3D('',#7944,#4804,#4805);
#3949=AXIS2_PLACEMENT_3D('',#7947,#4806,#4807);
#3950=AXIS2_PLACEMENT_3D('',#7952,#4811,#4812);
#3951=AXIS2_PLACEMENT_3D('',#7955,#4814,#4815);
#3952=AXIS2_PLACEMENT_3D('',#7956,#4816,#4817);
#3953=AXIS2_PLACEMENT_3D('',#7958,#4818,#4819);
#3954=AXIS2_PLACEMENT_3D('',#7960,#4821,#4822);
#3955=AXIS2_PLACEMENT_3D('',#7963,#4824,#4825);
#3956=AXIS2_PLACEMENT_3D('',#7964,#4826,#4827);
#3957=AXIS2_PLACEMENT_3D('',#7967,#4828,#4829);
#3958=AXIS2_PLACEMENT_3D('',#7970,#4832,#4833);
#3959=AXIS2_PLACEMENT_3D('',#7973,#4834,#4835);
#3960=AXIS2_PLACEMENT_3D('',#7978,#4839,#4840);
#3961=AXIS2_PLACEMENT_3D('',#7981,#4842,#4843);
#3962=AXIS2_PLACEMENT_3D('',#7982,#4844,#4845);
#3963=AXIS2_PLACEMENT_3D('',#7985,#4846,#4847);
#3964=AXIS2_PLACEMENT_3D('',#7988,#4850,#4851);
#3965=AXIS2_PLACEMENT_3D('',#7989,#4852,#4853);
#3966=AXIS2_PLACEMENT_3D('',#7991,#4855,#4856);
#3967=AXIS2_PLACEMENT_3D('',#7992,#4857,#4858);
#3968=AXIS2_PLACEMENT_3D('',#7994,#4859,#4860);
#3969=AXIS2_PLACEMENT_3D('',#7996,#4862,#4863);
#3970=AXIS2_PLACEMENT_3D('',#8000,#4866,#4867);
#3971=AXIS2_PLACEMENT_3D('',#8002,#4868,#4869);
#3972=AXIS2_PLACEMENT_3D('',#8004,#4871,#4872);
#3973=AXIS2_PLACEMENT_3D('',#8008,#4875,#4876);
#3974=AXIS2_PLACEMENT_3D('',#8009,#4877,#4878);
#3975=AXIS2_PLACEMENT_3D('',#8010,#4879,#4880);
#3976=AXIS2_PLACEMENT_3D('',#8011,#4881,#4882);
#3977=AXIS2_PLACEMENT_3D('',#8012,#4883,#4884);
#3978=AXIS2_PLACEMENT_3D('',#8013,#4885,#4886);
#3979=AXIS2_PLACEMENT_3D('',#8015,#4887,#4888);
#3980=AXIS2_PLACEMENT_3D('',#8017,#4890,#4891);
#3981=AXIS2_PLACEMENT_3D('',#8021,#4894,#4895);
#3982=AXIS2_PLACEMENT_3D('',#8023,#4896,#4897);
#3983=AXIS2_PLACEMENT_3D('',#8025,#4899,#4900);
#3984=AXIS2_PLACEMENT_3D('',#8029,#4903,#4904);
#3985=AXIS2_PLACEMENT_3D('',#8030,#4905,#4906);
#3986=AXIS2_PLACEMENT_3D('',#8031,#4907,#4908);
#3987=AXIS2_PLACEMENT_3D('',#8033,#4909,#4910);
#3988=AXIS2_PLACEMENT_3D('',#8035,#4912,#4913);
#3989=AXIS2_PLACEMENT_3D('',#8039,#4916,#4917);
#3990=AXIS2_PLACEMENT_3D('',#8041,#4918,#4919);
#3991=AXIS2_PLACEMENT_3D('',#8043,#4921,#4922);
#3992=AXIS2_PLACEMENT_3D('',#8047,#4925,#4926);
#3993=AXIS2_PLACEMENT_3D('',#8048,#4927,#4928);
#3994=AXIS2_PLACEMENT_3D('',#8049,#4929,#4930);
#3995=AXIS2_PLACEMENT_3D('',#8051,#4931,#4932);
#3996=AXIS2_PLACEMENT_3D('',#8052,#4933,#4934);
#3997=AXIS2_PLACEMENT_3D('',#8053,#4935,#4936);
#3998=AXIS2_PLACEMENT_3D('',#8055,#4938,#4939);
#3999=AXIS2_PLACEMENT_3D('',#8058,#4941,#4942);
#4000=AXIS2_PLACEMENT_3D('',#8059,#4943,#4944);
#4001=AXIS2_PLACEMENT_3D('',#8062,#4946,#4947);
#4002=AXIS2_PLACEMENT_3D('',#8063,#4948,#4949);
#4003=AXIS2_PLACEMENT_3D('',#8066,#4951,#4952);
#4004=AXIS2_PLACEMENT_3D('',#8067,#4953,#4954);
#4005=AXIS2_PLACEMENT_3D('',#8070,#4956,#4957);
#4006=AXIS2_PLACEMENT_3D('',#8071,#4958,#4959);
#4007=AXIS2_PLACEMENT_3D('',#8072,#4960,#4961);
#4008=AXIS2_PLACEMENT_3D('',#8073,#4962,#4963);
#4009=AXIS2_PLACEMENT_3D('',#8074,#4964,#4965);
#4010=DIRECTION('axis',(0.,0.,1.));
#4011=DIRECTION('refdir',(1.,0.,0.));
#4012=DIRECTION('center_axis',(-1.,0.,0.));
#4013=DIRECTION('ref_axis',(0.,0.87667333800657,0.481086123712187));
#4014=DIRECTION('',(-1.,0.,0.));
#4015=DIRECTION('center_axis',(1.,0.,0.));
#4016=DIRECTION('ref_axis',(0.,0.87667333800657,0.481086123712187));
#4017=DIRECTION('',(-1.,0.,0.));
#4018=DIRECTION('center_axis',(1.,0.,0.));
#4019=DIRECTION('ref_axis',(0.,0.87667333800657,0.481086123712187));
#4020=DIRECTION('',(-1.,0.,0.));
#4021=DIRECTION('',(1.,0.,0.));
#4022=DIRECTION('',(-1.,0.,0.));
#4023=DIRECTION('',(1.,0.,0.));
#4024=DIRECTION('center_axis',(-1.,0.,0.));
#4025=DIRECTION('ref_axis',(0.,-0.999336518531561,0.0364214597348767));
#4026=DIRECTION('center_axis',(-1.,0.,0.));
#4027=DIRECTION('ref_axis',(0.,-0.999336518531561,0.0364214597348767));
#4028=DIRECTION('',(1.,0.,0.));
#4029=DIRECTION('center_axis',(-1.,0.,0.));
#4030=DIRECTION('ref_axis',(0.,-0.999336518531561,0.0364214597348767));
#4031=DIRECTION('center_axis',(1.,0.,0.));
#4032=DIRECTION('ref_axis',(0.,-0.999336518531561,0.0364214597348767));
#4033=DIRECTION('center_axis',(-1.,0.,0.));
#4034=DIRECTION('ref_axis',(0.,0.999336518531494,-0.0364214597367231));
#4035=DIRECTION('center_axis',(1.,0.,0.));
#4036=DIRECTION('ref_axis',(0.,0.999336518531494,-0.0364214597367231));
#4037=DIRECTION('',(1.,0.,0.));
#4038=DIRECTION('center_axis',(1.,0.,0.));
#4039=DIRECTION('ref_axis',(0.,0.999336518531494,-0.0364214597367231));
#4040=DIRECTION('',(-1.,0.,0.));
#4041=DIRECTION('',(1.,0.,0.));
#4042=DIRECTION('center_axis',(-1.,0.,0.));
#4043=DIRECTION('ref_axis',(0.,-0.279722401774325,-0.960080922602675));
#4044=DIRECTION('center_axis',(-1.,0.,0.));
#4045=DIRECTION('ref_axis',(0.,-0.279722401774325,-0.960080922602675));
#4046=DIRECTION('center_axis',(1.,0.,0.));
#4047=DIRECTION('ref_axis',(0.,-0.279722401774325,-0.960080922602675));
#4048=DIRECTION('',(-1.,0.,0.));
#4049=DIRECTION('center_axis',(-1.,0.,0.));
#4050=DIRECTION('ref_axis',(0.,-0.279722401774325,-0.960080922602675));
#4051=DIRECTION('center_axis',(-1.,0.,0.));
#4052=DIRECTION('ref_axis',(0.,0.279722401778308,0.960080922601514));
#4053=DIRECTION('center_axis',(1.,0.,0.));
#4054=DIRECTION('ref_axis',(0.,0.279722401778308,0.960080922601514));
#4055=DIRECTION('',(-1.,0.,0.));
#4056=DIRECTION('center_axis',(1.,0.,0.));
#4057=DIRECTION('ref_axis',(0.,0.279722401778308,0.960080922601514));
#4058=DIRECTION('',(-1.,0.,0.));
#4059=DIRECTION('',(1.,0.,0.));
#4060=DIRECTION('',(-1.,0.,0.));
#4061=DIRECTION('',(1.,0.,0.));
#4062=DIRECTION('',(-1.,0.,0.));
#4063=DIRECTION('',(1.,0.,0.));
#4064=DIRECTION('center_axis',(-1.,0.,0.));
#4065=DIRECTION('ref_axis',(0.,-0.732391490098541,-0.680883767783635));
#4066=DIRECTION('center_axis',(-1.,0.,0.));
#4067=DIRECTION('ref_axis',(0.,-0.732391490098541,-0.680883767783635));
#4068=DIRECTION('',(1.,0.,0.));
#4069=DIRECTION('center_axis',(-1.,0.,0.));
#4070=DIRECTION('ref_axis',(0.,-0.732391490098541,-0.680883767783635));
#4071=DIRECTION('center_axis',(1.,0.,0.));
#4072=DIRECTION('ref_axis',(0.,-0.732391490098541,-0.680883767783635));
#4073=DIRECTION('center_axis',(-1.,0.,0.));
#4074=DIRECTION('ref_axis',(0.,0.732391490102576,0.680883767779295));
#4075=DIRECTION('center_axis',(1.,0.,0.));
#4076=DIRECTION('ref_axis',(0.,0.732391490102576,0.680883767779295));
#4077=DIRECTION('',(1.,0.,0.));
#4078=DIRECTION('center_axis',(1.,0.,0.));
#4079=DIRECTION('ref_axis',(0.,0.732391490102576,0.680883767779295));
#4080=DIRECTION('',(-1.,0.,0.));
#4081=DIRECTION('',(1.,0.,0.));
#4082=DIRECTION('center_axis',(-1.,0.,0.));
#4083=DIRECTION('ref_axis',(0.,0.481086123715044,-0.876673338005003));
#4084=DIRECTION('center_axis',(-1.,0.,0.));
#4085=DIRECTION('ref_axis',(0.,0.481086123715044,-0.876673338005003));
#4086=DIRECTION('center_axis',(1.,0.,0.));
#4087=DIRECTION('ref_axis',(0.,0.481086123715044,-0.876673338005003));
#4088=DIRECTION('',(-1.,0.,0.));
#4089=DIRECTION('center_axis',(-1.,0.,0.));
#4090=DIRECTION('ref_axis',(0.,0.481086123715044,-0.876673338005003));
#4091=DIRECTION('center_axis',(-1.,0.,0.));
#4092=DIRECTION('ref_axis',(0.,-0.481086123712187,0.876673338006571));
#4093=DIRECTION('center_axis',(1.,0.,0.));
#4094=DIRECTION('ref_axis',(0.,-0.481086123712187,0.876673338006571));
#4095=DIRECTION('',(-1.,0.,0.));
#4096=DIRECTION('center_axis',(1.,0.,0.));
#4097=DIRECTION('ref_axis',(0.,-0.481086123712187,0.876673338006571));
#4098=DIRECTION('',(-1.,0.,0.));
#4099=DIRECTION('',(1.,0.,0.));
#4100=DIRECTION('',(-1.,0.,0.));
#4101=DIRECTION('',(1.,0.,0.));
#4102=DIRECTION('',(-1.,0.,0.));
#4103=DIRECTION('',(1.,0.,0.));
#4104=DIRECTION('center_axis',(-1.,0.,0.));
#4105=DIRECTION('ref_axis',(0.,-0.036421459734886,-0.999336518531561));
#4106=DIRECTION('center_axis',(-1.,0.,0.));
#4107=DIRECTION('ref_axis',(0.,-0.036421459734886,-0.999336518531561));
#4108=DIRECTION('',(1.,0.,0.));
#4109=DIRECTION('center_axis',(-1.,0.,0.));
#4110=DIRECTION('ref_axis',(0.,-0.036421459734886,-0.999336518531561));
#4111=DIRECTION('center_axis',(1.,0.,0.));
#4112=DIRECTION('ref_axis',(0.,-0.036421459734886,-0.999336518531561));
#4113=DIRECTION('center_axis',(-1.,0.,0.));
#4114=DIRECTION('ref_axis',(0.,0.0364214597367217,0.999336518531494));
#4115=DIRECTION('center_axis',(1.,0.,0.));
#4116=DIRECTION('ref_axis',(0.,0.0364214597367217,0.999336518531494));
#4117=DIRECTION('',(1.,0.,0.));
#4118=DIRECTION('center_axis',(1.,0.,0.));
#4119=DIRECTION('ref_axis',(0.,0.0364214597367217,0.999336518531494));
#4120=DIRECTION('',(-1.,0.,0.));
#4121=DIRECTION('',(1.,0.,0.));
#4122=DIRECTION('center_axis',(-1.,0.,0.));
#4123=DIRECTION('ref_axis',(0.,0.960080922602673,-0.27972240177433));
#4124=DIRECTION('center_axis',(-1.,0.,0.));
#4125=DIRECTION('ref_axis',(0.,0.960080922602673,-0.27972240177433));
#4126=DIRECTION('center_axis',(1.,0.,0.));
#4127=DIRECTION('ref_axis',(0.,0.960080922602673,-0.27972240177433));
#4128=DIRECTION('',(-1.,0.,0.));
#4129=DIRECTION('center_axis',(-1.,0.,0.));
#4130=DIRECTION('ref_axis',(0.,0.960080922602673,-0.27972240177433));
#4131=DIRECTION('center_axis',(-1.,0.,0.));
#4132=DIRECTION('ref_axis',(0.,-0.960080922601514,0.279722401778307));
#4133=DIRECTION('',(-1.,0.,0.));
#4134=DIRECTION('center_axis',(1.,0.,0.));
#4135=DIRECTION('ref_axis',(0.,-0.960080922601514,0.279722401778307));
#4136=DIRECTION('center_axis',(1.,0.,0.));
#4137=DIRECTION('ref_axis',(0.,-0.960080922601514,0.279722401778307));
#4138=DIRECTION('',(-1.,0.,0.));
#4139=DIRECTION('',(-1.,0.,0.));
#4140=DIRECTION('center_axis',(-1.,0.,0.));
#4141=DIRECTION('ref_axis',(0.,0.,-1.));
#4142=DIRECTION('',(-1.,0.,0.));
#4143=DIRECTION('center_axis',(-1.,0.,0.));
#4144=DIRECTION('ref_axis',(0.,0.,-1.));
#4145=DIRECTION('center_axis',(0.,-3.94964702602498E-15,-1.));
#4146=DIRECTION('ref_axis',(0.,-1.,3.94964702602498E-15));
#4147=DIRECTION('',(-1.,0.,0.));
#4148=DIRECTION('',(0.,-1.,3.94964702602498E-15));
#4149=DIRECTION('center_axis',(0.,-3.94964702602498E-15,-1.));
#4150=DIRECTION('ref_axis',(2.70742209229798E-17,-1.,3.94373923325623E-15));
#4151=DIRECTION('center_axis',(-1.,0.,0.));
#4152=DIRECTION('ref_axis',(0.,-0.989984446419361,0.141176470588237));
#4153=DIRECTION('',(1.,0.,0.));
#4154=DIRECTION('',(-1.,0.,0.));
#4155=DIRECTION('',(1.,0.,0.));
#4156=DIRECTION('center_axis',(1.,0.,0.));
#4157=DIRECTION('ref_axis',(0.,-0.989984446419361,0.141176470588237));
#4158=DIRECTION('',(-1.,0.,0.));
#4159=DIRECTION('center_axis',(1.,0.,0.));
#4160=DIRECTION('ref_axis',(0.,-0.989984446419361,0.141176470588237));
#4161=DIRECTION('center_axis',(1.,0.,0.));
#4162=DIRECTION('ref_axis',(0.,1.,0.));
#4163=DIRECTION('',(0.,1.,-7.75819887803987E-17));
#4164=DIRECTION('center_axis',(1.,0.,0.));
#4165=DIRECTION('ref_axis',(0.,1.77635683940025E-14,1.));
#4166=DIRECTION('',(0.,-1.,3.94964702602498E-15));
#4167=DIRECTION('center_axis',(1.,0.,0.));
#4168=DIRECTION('ref_axis',(0.,0.,-1.));
#4169=DIRECTION('',(0.,-0.770424495380418,0.637531251718555));
#4170=DIRECTION('center_axis',(1.,0.,0.));
#4171=DIRECTION('ref_axis',(0.,0.995011783360865,-0.0997574607386832));
#4172=DIRECTION('center_axis',(1.,0.,0.));
#4173=DIRECTION('ref_axis',(0.,-0.995011783360863,0.0997574607387039));
#4174=DIRECTION('center_axis',(1.,0.,0.));
#4175=DIRECTION('ref_axis',(0.,1.,0.));
#4176=DIRECTION('',(0.,-0.0939697137671797,0.995575056384256));
#4177=DIRECTION('center_axis',(1.,0.,0.));
#4178=DIRECTION('ref_axis',(0.,0.633040402412701,-0.774118756337272));
#4179=DIRECTION('center_axis',(1.,0.,0.));
#4180=DIRECTION('ref_axis',(0.,-0.633040402412699,0.774118756337275));
#4181=DIRECTION('center_axis',(1.,0.,0.));
#4182=DIRECTION('ref_axis',(0.,-0.0939697137671174,-0.995575056384262));
#4183=DIRECTION('',(0.,0.995575056384261,-0.0939697137671271));
#4184=DIRECTION('center_axis',(1.,0.,0.));
#4185=DIRECTION('ref_axis',(0.,1.,0.));
#4186=DIRECTION('',(0.,0.637531251718554,0.77042449538042));
#4187=DIRECTION('center_axis',(1.,0.,0.));
#4188=DIRECTION('ref_axis',(0.,-0.0997574607386945,-0.995011783360864));
#4189=DIRECTION('center_axis',(1.,0.,0.));
#4190=DIRECTION('ref_axis',(0.,0.0997574607387036,0.995011783360864));
#4191=DIRECTION('center_axis',(1.,0.,0.));
#4192=DIRECTION('ref_axis',(0.,-0.770424495380379,-0.637531251718603));
#4193=DIRECTION('',(0.,0.637531251718596,-0.770424495380384));
#4194=DIRECTION('center_axis',(1.,0.,0.));
#4195=DIRECTION('ref_axis',(0.,1.,0.));
#4196=DIRECTION('',(0.,-0.997707971573408,0.0676668564282102));
#4197=DIRECTION('center_axis',(1.,0.,0.));
#4198=DIRECTION('ref_axis',(0.,1.,0.));
#4199=DIRECTION('',(0.,1.,-4.98629843733051E-16));
#4200=DIRECTION('center_axis',(1.,0.,0.));
#4201=DIRECTION('ref_axis',(0.,-0.995575056384261,0.0939697137671292));
#4202=DIRECTION('',(0.,-0.0939697137671266,-0.995575056384261));
#4203=DIRECTION('center_axis',(0.,-1.,7.75819887803987E-17));
#4204=DIRECTION('ref_axis',(-0.707106781186547,0.,-0.707106781186548));
#4205=DIRECTION('',(0.,-1.,7.75819887803987E-17));
#4206=DIRECTION('',(0.,-1.,7.75819887803987E-17));
#4207=DIRECTION('center_axis',(0.,7.75819887803987E-17,1.));
#4208=DIRECTION('ref_axis',(0.,1.,-7.75819887803987E-17));
#4209=DIRECTION('',(1.,0.,0.));
#4210=DIRECTION('',(0.,1.,-7.75819887803987E-17));
#4211=DIRECTION('center_axis',(0.,-1.,7.75819887803987E-17));
#4212=DIRECTION('ref_axis',(0.707106781186547,0.,0.707106781186548));
#4213=DIRECTION('',(0.,1.,-7.75819887803987E-17));
#4214=DIRECTION('center_axis',(1.,-7.17768271302469E-17,-1.11022302462515E-15));
#4215=DIRECTION('ref_axis',(0.,-0.997916664403743,0.064516129032258));
#4216=DIRECTION('center_axis',(-1.,0.,0.));
#4217=DIRECTION('ref_axis',(0.,0.,-1.));
#4218=DIRECTION('center_axis',(1.,0.,0.));
#4219=DIRECTION('ref_axis',(0.,-0.72956018567088,-0.683916614423039));
#4220=DIRECTION('',(-1.,0.,0.));
#4221=DIRECTION('center_axis',(0.,-0.707106781186547,0.707106781186548));
#4222=DIRECTION('ref_axis',(0.,0.707106781186548,0.707106781186547));
#4223=DIRECTION('',(-1.,0.,0.));
#4224=DIRECTION('',(0.,0.707106781186548,0.707106781186547));
#4225=DIRECTION('',(0.,-0.707106781186548,-0.707106781186547));
#4226=DIRECTION('center_axis',(0.,0.707106781186548,0.707106781186547));
#4227=DIRECTION('ref_axis',(-0.707106781186548,-0.5,0.5));
#4228=DIRECTION('',(0.,0.707106781186548,0.707106781186547));
#4229=DIRECTION('center_axis',(0.,0.707106781186547,-0.707106781186548));
#4230=DIRECTION('ref_axis',(0.,-0.707106781186548,-0.707106781186547));
#4231=DIRECTION('',(1.,0.,0.));
#4232=DIRECTION('',(0.,-0.707106781186548,-0.707106781186547));
#4233=DIRECTION('center_axis',(0.,0.707106781186548,0.707106781186547));
#4234=DIRECTION('ref_axis',(0.707106781186547,0.499999999999999,-0.500000000000002));
#4235=DIRECTION('center_axis',(1.,8.35800110537751E-16,-7.34292348146047E-16));
#4236=DIRECTION('ref_axis',(-1.11022302462517E-15,0.707106781186548,-0.707106781186548));
#4237=DIRECTION('center_axis',(1.,-7.34292348146029E-16,8.3580011053774E-16));
#4238=DIRECTION('ref_axis',(0.,0.751253432793566,0.660013848124328));
#4239=DIRECTION('center_axis',(-1.,0.,0.));
#4240=DIRECTION('ref_axis',(0.,0.999479030396272,0.0322748787469256));
#4241=DIRECTION('',(1.,0.,0.));
#4242=DIRECTION('center_axis',(1.,-5.01480066322641E-15,4.4057540888762E-15));
#4243=DIRECTION('ref_axis',(6.66133814775091E-15,0.707106781186552,-0.707106781186543));
#4244=DIRECTION('center_axis',(-1.,0.,0.));
#4245=DIRECTION('ref_axis',(0.,-0.707106781186552,0.707106781186543));
#4246=DIRECTION('center_axis',(1.,0.,0.));
#4247=DIRECTION('ref_axis',(0.,0.032274878746925,0.999479030396272));
#4248=DIRECTION('',(-1.,0.,0.));
#4249=DIRECTION('center_axis',(0.,-0.831469612302545,0.555570233019602));
#4250=DIRECTION('ref_axis',(0.,0.555570233019602,0.831469612302545));
#4251=DIRECTION('',(-1.,0.,0.));
#4252=DIRECTION('',(0.,0.555570233019602,0.831469612302545));
#4253=DIRECTION('',(0.,-0.555570233019602,-0.831469612302545));
#4254=DIRECTION('center_axis',(0.,0.555570233019602,0.831469612302545));
#4255=DIRECTION('ref_axis',(-0.707106781186547,-0.58793780120968,0.392847479193551));
#4256=DIRECTION('',(0.,0.555570233019602,0.831469612302545));
#4257=DIRECTION('center_axis',(0.,0.831469612302545,-0.555570233019602));
#4258=DIRECTION('ref_axis',(0.,-0.555570233019602,-0.831469612302545));
#4259=DIRECTION('',(1.,0.,0.));
#4260=DIRECTION('',(0.,-0.555570233019602,-0.831469612302545));
#4261=DIRECTION('center_axis',(0.,0.555570233019602,0.831469612302545));
#4262=DIRECTION('ref_axis',(0.707106781186547,0.58793780120968,-0.392847479193551));
#4263=DIRECTION('center_axis',(1.,-9.62993776428587E-16,5.57126613868429E-16));
#4264=DIRECTION('ref_axis',(1.11022302462515E-15,0.831469612302549,-0.555570233019598));
#4265=DIRECTION('center_axis',(1.,8.83239639280268E-16,-6.76487115121014E-16));
#4266=DIRECTION('ref_axis',(0.,0.608055994570647,0.793894141222054));
#4267=DIRECTION('center_axis',(-1.,0.,0.));
#4268=DIRECTION('ref_axis',(0.,0.973977804596589,0.226643411890153));
#4269=DIRECTION('',(1.,0.,0.));
#4270=DIRECTION('center_axis',(1.,-3.85197510571436E-15,2.22850645547375E-15));
#4271=DIRECTION('ref_axis',(4.44089209850061E-15,0.831469612302544,-0.555570233019605));
#4272=DIRECTION('center_axis',(-1.,0.,0.));
#4273=DIRECTION('ref_axis',(0.,-0.831469612302547,0.555570233019601));
#4274=DIRECTION('center_axis',(1.,0.,0.));
#4275=DIRECTION('ref_axis',(0.,-0.163333959886598,0.986570837572124));
#4276=DIRECTION('',(-1.,0.,0.));
#4277=DIRECTION('center_axis',(0.,-0.923879532511287,0.38268343236509));
#4278=DIRECTION('ref_axis',(0.,0.38268343236509,0.923879532511286));
#4279=DIRECTION('',(-1.,0.,0.));
#4280=DIRECTION('',(0.,0.38268343236509,0.923879532511286));
#4281=DIRECTION('',(0.,-0.38268343236509,-0.923879532511286));
#4282=DIRECTION('center_axis',(0.,0.38268343236509,0.923879532511287));
#4283=DIRECTION('ref_axis',(-0.707106781186549,-0.653281482438187,0.270598050073099));
#4284=DIRECTION('',(0.,0.38268343236509,0.923879532511286));
#4285=DIRECTION('center_axis',(0.,0.923879532511287,-0.38268343236509));
#4286=DIRECTION('ref_axis',(0.,-0.38268343236509,-0.923879532511286));
#4287=DIRECTION('',(1.,0.,0.));
#4288=DIRECTION('',(0.,-0.38268343236509,-0.923879532511286));
#4289=DIRECTION('center_axis',(0.,0.38268343236509,0.923879532511287));
#4290=DIRECTION('ref_axis',(0.707106781186548,0.653281482438187,-0.270598050073099));
#4291=DIRECTION('center_axis',(1.,1.05318013154442E-15,-3.58550816260066E-16));
#4292=DIRECTION('ref_axis',(-1.11022302462514E-15,0.923879532511289,-0.382683432365085));
#4293=DIRECTION('center_axis',(1.,-9.98244526403485E-16,4.91177099248548E-16));
#4294=DIRECTION('ref_axis',(0.,0.441491305478107,0.897265527693579));
#4295=DIRECTION('center_axis',(-1.,0.,0.));
#4296=DIRECTION('ref_axis',(0.,0.911047157979306,0.412302165817534));
#4297=DIRECTION('',(1.,0.,0.));
#4298=DIRECTION('center_axis',(1.,-4.21272052617777E-15,1.43420326504025E-15));
#4299=DIRECTION('ref_axis',(4.44089209850064E-15,0.923879532511286,-0.382683432365091));
#4300=DIRECTION('center_axis',(-1.,0.,0.));
#4301=DIRECTION('ref_axis',(0.,-0.923879532511289,0.382683432365084));
#4302=DIRECTION('center_axis',(1.,0.,0.));
#4303=DIRECTION('ref_axis',(0.,-0.352665966040407,0.935749280735383));
#4304=DIRECTION('',(-1.,0.,0.));
#4305=DIRECTION('center_axis',(0.,-0.98078528040323,0.195090322016129));
#4306=DIRECTION('ref_axis',(0.,0.195090322016129,0.98078528040323));
#4307=DIRECTION('',(-1.,0.,0.));
#4308=DIRECTION('',(0.,0.195090322016129,0.98078528040323));
#4309=DIRECTION('',(0.,-0.195090322016129,-0.98078528040323));
#4310=DIRECTION('center_axis',(0.,0.195090322016129,0.98078528040323));
#4311=DIRECTION('ref_axis',(-0.707106781186545,-0.693519922661076,0.137949689641473));
#4312=DIRECTION('',(0.,0.195090322016129,0.98078528040323));
#4313=DIRECTION('center_axis',(0.,0.98078528040323,-0.195090322016129));
#4314=DIRECTION('ref_axis',(0.,-0.195090322016129,-0.98078528040323));
#4315=DIRECTION('',(1.,0.,0.));
#4316=DIRECTION('',(0.,-0.195090322016129,-0.98078528040323));
#4317=DIRECTION('center_axis',(0.,0.195090322016129,0.98078528040323));
#4318=DIRECTION('ref_axis',(0.707106781186545,0.693519922661076,-0.137949689641473));
#4319=DIRECTION('center_axis',(1.,1.10289336483524E-15,-1.4619611186045E-16));
#4320=DIRECTION('ref_axis',(-1.11022302462515E-15,0.98078528040323,-0.19509032201613));
#4321=DIRECTION('center_axis',(1.,-1.07488743619898E-15,2.86991422907237E-16));
#4322=DIRECTION('ref_axis',(0.,0.25796035310722,0.966155503128145));
#4323=DIRECTION('center_axis',(-1.,0.,0.));
#4324=DIRECTION('ref_axis',(0.,0.813105480002012,0.582116378734268));
#4325=DIRECTION('',(1.,0.,0.));
#4326=DIRECTION('center_axis',(1.,0.,0.));
#4327=DIRECTION('ref_axis',(0.,0.98078528040323,-0.19509032201613));
#4328=DIRECTION('center_axis',(-1.,0.,0.));
#4329=DIRECTION('ref_axis',(0.,-0.980785280403229,0.195090322016134));
#4330=DIRECTION('center_axis',(1.,0.,0.));
#4331=DIRECTION('ref_axis',(0.,-0.528445216896649,0.848967403814218));
#4332=DIRECTION('',(-1.,0.,0.));
#4333=DIRECTION('center_axis',(0.,-1.,2.61279008652502E-16));
#4334=DIRECTION('ref_axis',(0.,2.61279008652502E-16,1.));
#4335=DIRECTION('',(-1.,0.,0.));
#4336=DIRECTION('',(0.,2.61279008652502E-16,1.));
#4337=DIRECTION('',(0.,-2.61279008652502E-16,-1.));
#4338=DIRECTION('center_axis',(0.,2.61279008652502E-16,1.));
#4339=DIRECTION('ref_axis',(-0.707106781186549,-0.707106781186546,0.));
#4340=DIRECTION('',(0.,2.61279008652502E-16,1.));
#4341=DIRECTION('center_axis',(0.,1.,-2.61279008652502E-16));
#4342=DIRECTION('ref_axis',(0.,-2.61279008652502E-16,-1.));
#4343=DIRECTION('',(1.,0.,0.));
#4344=DIRECTION('',(0.,-2.61279008652502E-16,-1.));
#4345=DIRECTION('center_axis',(0.,2.61279008652502E-16,1.));
#4346=DIRECTION('ref_axis',(0.707106781186548,0.707106781186547,0.));
#4347=DIRECTION('center_axis',(1.,1.11022302462516E-15,7.17768271302425E-17));
#4348=DIRECTION('ref_axis',(-1.11022302462516E-15,1.,0.));
#4349=DIRECTION('center_axis',(1.,-1.11022302462516E-15,7.17768271302413E-17));
#4350=DIRECTION('ref_axis',(0.,0.0645161290322525,0.997916664403744));
#4351=DIRECTION('center_axis',(-1.,0.,0.));
#4352=DIRECTION('ref_axis',(0.,0.683916614423045,0.729560185670874));
#4353=DIRECTION('',(1.,0.,0.));
#4354=DIRECTION('center_axis',(1.,0.,0.));
#4355=DIRECTION('ref_axis',(0.,1.,0.));
#4356=DIRECTION('center_axis',(-1.,0.,0.));
#4357=DIRECTION('ref_axis',(0.,-1.,0.));
#4358=DIRECTION('center_axis',(1.,0.,0.));
#4359=DIRECTION('ref_axis',(0.,-0.683916614423038,0.72956018567088));
#4360=DIRECTION('',(-1.,0.,0.));
#4361=DIRECTION('center_axis',(0.,-0.98078528040323,-0.195090322016128));
#4362=DIRECTION('ref_axis',(0.,-0.195090322016128,0.98078528040323));
#4363=DIRECTION('',(-1.,0.,0.));
#4364=DIRECTION('',(0.,-0.195090322016128,0.98078528040323));
#4365=DIRECTION('',(0.,0.195090322016128,-0.98078528040323));
#4366=DIRECTION('center_axis',(0.,-0.195090322016128,0.98078528040323));
#4367=DIRECTION('ref_axis',(-0.707106781186552,-0.693519922661069,-0.137949689641475));
#4368=DIRECTION('',(0.,-0.195090322016128,0.98078528040323));
#4369=DIRECTION('center_axis',(0.,0.98078528040323,0.195090322016128));
#4370=DIRECTION('ref_axis',(0.,0.195090322016128,-0.98078528040323));
#4371=DIRECTION('',(1.,0.,0.));
#4372=DIRECTION('',(0.,0.195090322016128,-0.98078528040323));
#4373=DIRECTION('center_axis',(0.,-0.195090322016128,0.98078528040323));
#4374=DIRECTION('ref_axis',(0.707106781186551,0.693519922661069,0.137949689641475));
#4375=DIRECTION('center_axis',(1.,1.07488743619894E-15,2.86991422907237E-16));
#4376=DIRECTION('ref_axis',(-1.11022302462513E-15,0.980785280403231,0.195090322016127));
#4377=DIRECTION('center_axis',(1.,-1.10289336483526E-15,-1.46196111860452E-16));
#4378=DIRECTION('ref_axis',(0.,-0.131407413700355,0.991328447904419));
#4379=DIRECTION('center_axis',(-1.,0.,0.));
#4380=DIRECTION('ref_axis',(0.,0.528445216896639,0.848967403814224));
#4381=DIRECTION('',(1.,0.,0.));
#4382=DIRECTION('center_axis',(1.,-2.14977487239789E-15,-5.7398284581448E-16));
#4383=DIRECTION('ref_axis',(2.22044604925027E-15,0.980785280403232,0.195090322016118));
#4384=DIRECTION('center_axis',(-1.,0.,0.));
#4385=DIRECTION('ref_axis',(0.,-0.980785280403231,-0.195090322016125));
#4386=DIRECTION('center_axis',(1.,0.,0.));
#4387=DIRECTION('ref_axis',(0.,-0.813105480002006,0.582116378734277));
#4388=DIRECTION('',(-1.,0.,0.));
#4389=DIRECTION('center_axis',(0.,-0.923879532511287,-0.38268343236509));
#4390=DIRECTION('ref_axis',(0.,-0.38268343236509,0.923879532511287));
#4391=DIRECTION('',(-1.,0.,0.));
#4392=DIRECTION('',(0.,-0.38268343236509,0.923879532511287));
#4393=DIRECTION('',(0.,0.38268343236509,-0.923879532511287));
#4394=DIRECTION('center_axis',(0.,-0.38268343236509,0.923879532511287));
#4395=DIRECTION('ref_axis',(-0.707106781186549,-0.653281482438187,-0.270598050073099));
#4396=DIRECTION('',(0.,-0.38268343236509,0.923879532511287));
#4397=DIRECTION('center_axis',(0.,0.923879532511287,0.38268343236509));
#4398=DIRECTION('ref_axis',(0.,0.38268343236509,-0.923879532511287));
#4399=DIRECTION('',(1.,0.,0.));
#4400=DIRECTION('',(0.,0.38268343236509,-0.923879532511287));
#4401=DIRECTION('center_axis',(0.,-0.38268343236509,0.923879532511287));
#4402=DIRECTION('ref_axis',(0.707106781186548,0.653281482438187,0.270598050073099));
#4403=DIRECTION('center_axis',(1.,9.98244526403478E-16,4.91177099248554E-16));
#4404=DIRECTION('ref_axis',(-1.11022302462516E-15,0.923879532511286,0.382683432365091));
#4405=DIRECTION('center_axis',(1.,-1.05318013154442E-15,-3.58550816260059E-16));
#4406=DIRECTION('ref_axis',(0.,-0.322281043218581,0.946644035095528));
#4407=DIRECTION('center_axis',(-1.,0.,0.));
#4408=DIRECTION('ref_axis',(0.,0.352665966040418,0.935749280735379));
#4409=DIRECTION('',(1.,0.,0.));
#4410=DIRECTION('center_axis',(1.,-1.99648905280694E-15,-9.82354198497071E-16));
#4411=DIRECTION('ref_axis',(2.22044604925029E-15,0.923879532511292,0.382683432365077));
#4412=DIRECTION('center_axis',(-1.,0.,0.));
#4413=DIRECTION('ref_axis',(0.,-0.923879532511286,-0.382683432365092));
#4414=DIRECTION('center_axis',(1.,0.,0.));
#4415=DIRECTION('ref_axis',(0.,-0.911047157979304,0.412302165817539));
#4416=DIRECTION('',(-1.,0.,0.));
#4417=DIRECTION('center_axis',(0.,-0.831469612302546,-0.555570233019602));
#4418=DIRECTION('ref_axis',(0.,-0.555570233019602,0.831469612302545));
#4419=DIRECTION('',(-1.,0.,0.));
#4420=DIRECTION('',(0.,-0.555570233019602,0.831469612302545));
#4421=DIRECTION('',(0.,0.555570233019602,-0.831469612302545));
#4422=DIRECTION('center_axis',(0.,-0.555570233019602,0.831469612302546));
#4423=DIRECTION('ref_axis',(-0.707106781186544,-0.587937801209684,-0.392847479193549));
#4424=DIRECTION('',(0.,-0.555570233019602,0.831469612302545));
#4425=DIRECTION('center_axis',(0.,0.831469612302546,0.555570233019602));
#4426=DIRECTION('ref_axis',(0.,0.555570233019602,-0.831469612302545));
#4427=DIRECTION('',(1.,0.,0.));
#4428=DIRECTION('',(0.,0.555570233019602,-0.831469612302545));
#4429=DIRECTION('center_axis',(0.,-0.555570233019602,0.831469612302546));
#4430=DIRECTION('ref_axis',(0.70710678118655,0.587937801209677,0.39284747919355));
#4431=DIRECTION('center_axis',(1.,8.83239639280285E-16,6.76487115121022E-16));
#4432=DIRECTION('ref_axis',(-1.11022302462516E-15,0.831469612302543,0.555570233019606));
#4433=DIRECTION('center_axis',(1.,-9.62993776428595E-16,-5.57126613868418E-16));
#4434=DIRECTION('ref_axis',(0.,-0.500769592983211,0.865580622902009));
#4435=DIRECTION('center_axis',(-1.,0.,0.));
#4436=DIRECTION('ref_axis',(0.,0.163333959886599,0.986570837572124));
#4437=DIRECTION('',(1.,0.,0.));
#4438=DIRECTION('center_axis',(1.,0.,0.));
#4439=DIRECTION('ref_axis',(0.,0.831469612302551,0.555570233019594));
#4440=DIRECTION('center_axis',(-1.,0.,0.));
#4441=DIRECTION('ref_axis',(0.,-0.831469612302549,-0.555570233019598));
#4442=DIRECTION('center_axis',(1.,0.,0.));
#4443=DIRECTION('ref_axis',(0.,-0.973977804596585,0.226643411890168));
#4444=DIRECTION('',(-1.,0.,0.));
#4445=DIRECTION('center_axis',(0.,-0.707106781186548,-0.707106781186547));
#4446=DIRECTION('ref_axis',(0.,-0.707106781186547,0.707106781186548));
#4447=DIRECTION('',(-1.,0.,0.));
#4448=DIRECTION('',(0.,-0.707106781186547,0.707106781186548));
#4449=DIRECTION('',(0.,0.707106781186547,-0.707106781186548));
#4450=DIRECTION('center_axis',(0.,-0.707106781186547,0.707106781186548));
#4451=DIRECTION('ref_axis',(-0.707106781186548,-0.5,-0.5));
#4452=DIRECTION('',(0.,-0.707106781186547,0.707106781186548));
#4453=DIRECTION('center_axis',(0.,0.707106781186548,0.707106781186547));
#4454=DIRECTION('ref_axis',(0.,0.707106781186547,-0.707106781186548));
#4455=DIRECTION('',(1.,0.,0.));
#4456=DIRECTION('',(0.,0.707106781186547,-0.707106781186548));
#4457=DIRECTION('center_axis',(0.,-0.707106781186547,0.707106781186548));
#4458=DIRECTION('ref_axis',(0.707106781186549,0.500000000000001,0.499999999999998));
#4459=DIRECTION('center_axis',(1.,7.34292348146044E-16,8.35800110537757E-16));
#4460=DIRECTION('ref_axis',(-1.11022302462518E-15,0.707106781186541,0.707106781186554));
#4461=DIRECTION('center_axis',(1.,-8.35800110537743E-16,-7.3429234814604E-16));
#4462=DIRECTION('ref_axis',(0.,-0.660013848124332,0.751253432793562));
#4463=DIRECTION('center_axis',(-1.,0.,0.));
#4464=DIRECTION('ref_axis',(0.,-0.0322748787469514,0.999479030396271));
#4465=DIRECTION('',(1.,0.,0.));
#4466=DIRECTION('center_axis',(1.,0.,0.));
#4467=DIRECTION('ref_axis',(0.,0.707106781186543,0.707106781186552));
#4468=DIRECTION('center_axis',(-1.,0.,0.));
#4469=DIRECTION('ref_axis',(0.,-0.70710678118655,-0.707106781186545));
#4470=DIRECTION('center_axis',(1.,0.,0.));
#4471=DIRECTION('ref_axis',(0.,-0.999479030396272,0.0322748787469183));
#4472=DIRECTION('',(-1.,0.,0.));
#4473=DIRECTION('center_axis',(0.,-0.555570233019602,-0.831469612302545));
#4474=DIRECTION('ref_axis',(0.,-0.831469612302545,0.555570233019602));
#4475=DIRECTION('',(-1.,0.,0.));
#4476=DIRECTION('',(0.,-0.831469612302545,0.555570233019602));
#4477=DIRECTION('',(0.,0.831469612302545,-0.555570233019602));
#4478=DIRECTION('center_axis',(0.,-0.831469612302545,0.555570233019602));
#4479=DIRECTION('ref_axis',(-0.707106781186543,-0.392847479193558,-0.58793780120968));
#4480=DIRECTION('',(0.,-0.831469612302545,0.555570233019602));
#4481=DIRECTION('center_axis',(0.,0.555570233019602,0.831469612302545));
#4482=DIRECTION('ref_axis',(0.,0.831469612302545,-0.555570233019602));
#4483=DIRECTION('',(1.,0.,0.));
#4484=DIRECTION('',(0.,0.831469612302545,-0.555570233019602));
#4485=DIRECTION('center_axis',(0.,-0.831469612302545,0.555570233019602));
#4486=DIRECTION('ref_axis',(0.707106781186544,0.392847479193559,0.587937801209678));
#4487=DIRECTION('center_axis',(1.,-5.57126613868427E-16,-9.6299377642859E-16));
#4488=DIRECTION('ref_axis',(1.11022302462515E-15,0.555570233019611,0.83146961230254));
#4489=DIRECTION('center_axis',(1.,6.76487115121017E-16,8.83239639280283E-16));
#4490=DIRECTION('ref_axis',(0.,-0.793894141222057,0.608055994570642));
#4491=DIRECTION('center_axis',(-1.,0.,0.));
#4492=DIRECTION('ref_axis',(0.,-0.226643411890128,0.973977804596594));
#4493=DIRECTION('',(1.,0.,0.));
#4494=DIRECTION('center_axis',(1.,-2.22850645547375E-15,-3.85197510571441E-15));
#4495=DIRECTION('ref_axis',(4.44089209850066E-15,0.555570233019584,0.831469612302557));
#4496=DIRECTION('center_axis',(-1.,0.,0.));
#4497=DIRECTION('ref_axis',(0.,-0.555570233019599,-0.831469612302548));
#4498=DIRECTION('center_axis',(1.,0.,0.));
#4499=DIRECTION('ref_axis',(0.,-0.986570837572124,-0.163333959886598));
#4500=DIRECTION('',(-1.,0.,0.));
#4501=DIRECTION('center_axis',(0.,-0.38268343236509,-0.923879532511287));
#4502=DIRECTION('ref_axis',(0.,-0.923879532511286,0.38268343236509));
#4503=DIRECTION('',(-1.,0.,0.));
#4504=DIRECTION('',(0.,-0.923879532511286,0.38268343236509));
#4505=DIRECTION('',(0.,0.923879532511286,-0.38268343236509));
#4506=DIRECTION('center_axis',(0.,-0.923879532511287,0.38268343236509));
#4507=DIRECTION('ref_axis',(-0.707106781186546,-0.270598050073104,-0.653281482438187));
#4508=DIRECTION('',(0.,-0.923879532511286,0.38268343236509));
#4509=DIRECTION('center_axis',(0.,0.38268343236509,0.923879532511287));
#4510=DIRECTION('ref_axis',(0.,0.923879532511286,-0.38268343236509));
#4511=DIRECTION('',(1.,0.,0.));
#4512=DIRECTION('',(0.,0.923879532511286,-0.38268343236509));
#4513=DIRECTION('center_axis',(0.,-0.923879532511287,0.38268343236509));
#4514=DIRECTION('ref_axis',(0.707106781186546,0.270598050073104,0.653281482438188));
#4515=DIRECTION('center_axis',(1.,-3.58550816260071E-16,-1.05318013154443E-15));
#4516=DIRECTION('ref_axis',(1.11022302462515E-15,0.382683432365097,0.923879532511284));
#4517=DIRECTION('center_axis',(1.,4.91177099248541E-16,9.98244526403471E-16));
#4518=DIRECTION('ref_axis',(0.,-0.897265527693579,0.441491305478107));
#4519=DIRECTION('center_axis',(-1.,0.,0.));
#4520=DIRECTION('ref_axis',(0.,-0.412302165817526,0.91104715797931));
#4521=DIRECTION('',(1.,0.,0.));
#4522=DIRECTION('center_axis',(1.,0.,0.));
#4523=DIRECTION('ref_axis',(0.,0.382683432365082,0.92387953251129));
#4524=DIRECTION('center_axis',(-1.,0.,0.));
#4525=DIRECTION('ref_axis',(0.,-0.382683432365096,-0.923879532511284));
#4526=DIRECTION('center_axis',(1.,0.,0.));
#4527=DIRECTION('ref_axis',(0.,-0.935749280735379,-0.352665966040418));
#4528=DIRECTION('',(-1.,0.,0.));
#4529=DIRECTION('center_axis',(-1.,0.,0.));
#4530=DIRECTION('ref_axis',(0.,0.,-1.));
#4531=DIRECTION('',(-1.,0.,0.));
#4532=DIRECTION('center_axis',(0.,-3.94964702602498E-15,-1.));
#4533=DIRECTION('ref_axis',(0.,-1.,3.94964702602498E-15));
#4534=DIRECTION('',(1.,0.,0.));
#4535=DIRECTION('center_axis',(0.,-3.94964702602498E-15,-1.));
#4536=DIRECTION('ref_axis',(2.70742209229797E-17,-1.,3.98202796367619E-15));
#4537=DIRECTION('center_axis',(-1.,0.,0.));
#4538=DIRECTION('ref_axis',(0.,1.77635683940025E-14,1.));
#4539=DIRECTION('',(1.,0.,0.));
#4540=DIRECTION('center_axis',(1.,0.,0.));
#4541=DIRECTION('ref_axis',(0.,1.77635683940025E-14,1.));
#4542=DIRECTION('center_axis',(0.,-0.195090322016129,-0.98078528040323));
#4543=DIRECTION('ref_axis',(0.,-0.98078528040323,0.195090322016129));
#4544=DIRECTION('',(-1.,0.,0.));
#4545=DIRECTION('',(0.,-0.98078528040323,0.195090322016129));
#4546=DIRECTION('',(0.,0.98078528040323,-0.195090322016129));
#4547=DIRECTION('center_axis',(0.,-0.98078528040323,0.195090322016129));
#4548=DIRECTION('ref_axis',(-0.707106781186548,-0.137949689641474,-0.693519922661073));
#4549=DIRECTION('',(0.,-0.98078528040323,0.195090322016129));
#4550=DIRECTION('center_axis',(0.,0.195090322016129,0.98078528040323));
#4551=DIRECTION('ref_axis',(0.,0.98078528040323,-0.195090322016129));
#4552=DIRECTION('',(1.,0.,0.));
#4553=DIRECTION('',(0.,0.98078528040323,-0.195090322016129));
#4554=DIRECTION('center_axis',(0.,-0.98078528040323,0.195090322016129));
#4555=DIRECTION('ref_axis',(0.707106781186547,0.137949689641474,0.693519922661074));
#4556=DIRECTION('center_axis',(1.,-1.46196111860449E-16,-1.10289336483524E-15));
#4557=DIRECTION('ref_axis',(1.11022302462516E-15,0.195090322016131,0.98078528040323));
#4558=DIRECTION('center_axis',(1.,2.86991422907233E-16,1.07488743619898E-15));
#4559=DIRECTION('ref_axis',(0.,-0.966155503128145,0.257960353107218));
#4560=DIRECTION('center_axis',(-1.,0.,0.));
#4561=DIRECTION('ref_axis',(0.,-0.582116378734271,0.81310548000201));
#4562=DIRECTION('',(1.,0.,0.));
#4563=DIRECTION('center_axis',(1.,0.,0.));
#4564=DIRECTION('ref_axis',(0.,0.195090322016131,0.98078528040323));
#4565=DIRECTION('center_axis',(-1.,0.,0.));
#4566=DIRECTION('ref_axis',(0.,-0.195090322016133,-0.98078528040323));
#4567=DIRECTION('center_axis',(1.,0.,0.));
#4568=DIRECTION('ref_axis',(0.,-0.848967403814227,-0.528445216896635));
#4569=DIRECTION('',(-1.,0.,0.));
#4570=DIRECTION('center_axis',(-1.,0.,0.));
#4571=DIRECTION('ref_axis',(0.,1.,0.));
#4572=DIRECTION('',(-1.,0.,0.));
#4573=DIRECTION('center_axis',(1.,0.,0.));
#4574=DIRECTION('ref_axis',(0.,-1.,1.22464679914735E-16));
#4575=DIRECTION('',(1.,0.,0.));
#4576=DIRECTION('center_axis',(-1.,0.,0.));
#4577=DIRECTION('ref_axis',(0.,-1.,1.22464679914735E-16));
#4578=DIRECTION('',(-1.,0.,0.));
#4579=DIRECTION('center_axis',(1.,0.,0.));
#4580=DIRECTION('ref_axis',(0.,1.,0.));
#4581=DIRECTION('center_axis',(-0.707106781186548,0.,0.707106781186548));
#4582=DIRECTION('ref_axis',(0.707106781186547,0.,0.707106781186547));
#4583=DIRECTION('',(1.,0.,0.));
#4584=DIRECTION('',(-1.,0.,0.));
#4585=DIRECTION('center_axis',(0.,-0.0676668564282102,-0.997707971573408));
#4586=DIRECTION('ref_axis',(0.,0.997707971573408,-0.0676668564282102));
#4587=DIRECTION('center_axis',(0.,0.0676668564282102,0.997707971573408));
#4588=DIRECTION('ref_axis',(0.,-0.997707971573408,0.0676668564282102));
#4589=DIRECTION('',(1.,0.,0.));
#4590=DIRECTION('center_axis',(0.,0.,-1.));
#4591=DIRECTION('ref_axis',(0.,-1.,0.));
#4592=DIRECTION('',(0.,-1.,0.));
#4593=DIRECTION('',(-1.,0.,0.));
#4594=DIRECTION('',(0.,1.,0.));
#4595=DIRECTION('center_axis',(0.,0.,1.));
#4596=DIRECTION('ref_axis',(0.,-1.,0.));
#4597=DIRECTION('center_axis',(0.,1.,0.));
#4598=DIRECTION('ref_axis',(1.,0.,0.));
#4599=DIRECTION('center_axis',(1.,0.,0.));
#4600=DIRECTION('ref_axis',(0.,0.,-1.));
#4601=DIRECTION('center_axis',(0.,-1.,0.));
#4602=DIRECTION('ref_axis',(-0.707106781186547,0.,-0.707106781186548));
#4603=DIRECTION('',(0.,1.,0.));
#4604=DIRECTION('center_axis',(0.,1.,0.));
#4605=DIRECTION('ref_axis',(-1.,0.,0.));
#4606=DIRECTION('center_axis',(0.,1.,0.));
#4607=DIRECTION('ref_axis',(0.707106781186548,0.,-0.707106781186548));
#4608=DIRECTION('center_axis',(0.,1.,0.));
#4609=DIRECTION('ref_axis',(0.,0.,-1.));
#4610=DIRECTION('',(0.,-1.,0.));
#4611=DIRECTION('center_axis',(-1.,0.,0.));
#4612=DIRECTION('ref_axis',(0.,0.892582375303979,-0.450884356899535));
#4613=DIRECTION('center_axis',(-1.,0.,0.));
#4614=DIRECTION('ref_axis',(0.,0.,-1.));
#4615=DIRECTION('center_axis',(1.,0.,0.));
#4616=DIRECTION('ref_axis',(0.,0.804902860537581,0.593406593406594));
#4617=DIRECTION('center_axis',(-0.235221905953968,-0.18933078496345,-0.953322877531273));
#4618=DIRECTION('ref_axis',(0.742640661097379,0.597753592468798,-0.301952796270367));
#4619=DIRECTION('center_axis',(0.,0.593406593406594,-0.804902860537582));
#4620=DIRECTION('ref_axis',(1.,0.,0.));
#4621=DIRECTION('center_axis',(0.235221905953969,-0.189330784963448,-0.953322877531273));
#4622=DIRECTION('ref_axis',(-0.74264066109738,0.597753592468796,-0.301952796270368));
#4623=DIRECTION('center_axis',(0.,0.593406593406594,-0.804902860537582));
#4624=DIRECTION('ref_axis',(0.,0.804902860537582,0.593406593406594));
#4625=DIRECTION('center_axis',(1.,0.,0.));
#4626=DIRECTION('ref_axis',(0.,-0.739584245967667,-0.673063996300825));
#4627=DIRECTION('center_axis',(-1.,0.,0.));
#4628=DIRECTION('ref_axis',(0.,-0.739584245967667,-0.673063996300825));
#4629=DIRECTION('',(1.,0.,0.));
#4630=DIRECTION('center_axis',(1.,0.,0.));
#4631=DIRECTION('ref_axis',(0.,-0.739584245967667,-0.673063996300825));
#4632=DIRECTION('',(-1.,0.,0.));
#4633=DIRECTION('center_axis',(-1.,0.,0.));
#4634=DIRECTION('ref_axis',(0.,0.379995592691011,-0.924988296972133));
#4635=DIRECTION('center_axis',(-1.,0.,0.));
#4636=DIRECTION('ref_axis',(0.,0.379995592691011,-0.924988296972133));
#4637=DIRECTION('',(1.,0.,0.));
#4638=DIRECTION('center_axis',(1.,0.,0.));
#4639=DIRECTION('ref_axis',(0.,0.379995592691011,-0.924988296972133));
#4640=DIRECTION('',(-1.,0.,0.));
#4641=DIRECTION('center_axis',(1.,0.,0.));
#4642=DIRECTION('ref_axis',(0.,1.,0.));
#4643=DIRECTION('center_axis',(1.,0.,0.));
#4644=DIRECTION('ref_axis',(0.,1.,0.));
#4645=DIRECTION('',(-1.,0.,0.));
#4646=DIRECTION('center_axis',(-1.,0.,0.));
#4647=DIRECTION('ref_axis',(0.,1.,0.));
#4648=DIRECTION('center_axis',(1.,0.,0.));
#4649=DIRECTION('ref_axis',(0.,-0.37999559269096,-0.924988296972154));
#4650=DIRECTION('center_axis',(-1.,0.,0.));
#4651=DIRECTION('ref_axis',(0.,-0.37999559269096,-0.924988296972154));
#4652=DIRECTION('',(1.,0.,0.));
#4653=DIRECTION('center_axis',(1.,0.,0.));
#4654=DIRECTION('ref_axis',(0.,-0.37999559269096,-0.924988296972154));
#4655=DIRECTION('center_axis',(-1.,0.,0.));
#4656=DIRECTION('ref_axis',(0.,0.922762957720009,-0.385368036894372));
#4657=DIRECTION('center_axis',(-1.,0.,0.));
#4658=DIRECTION('ref_axis',(0.,0.922762957720009,-0.385368036894372));
#4659=DIRECTION('',(1.,0.,0.));
#4660=DIRECTION('center_axis',(1.,0.,0.));
#4661=DIRECTION('ref_axis',(0.,0.922762957720009,-0.385368036894372));
#4662=DIRECTION('',(-1.,0.,0.));
#4663=DIRECTION('center_axis',(1.,0.,0.));
#4664=DIRECTION('ref_axis',(0.,1.,0.));
#4665=DIRECTION('center_axis',(1.,0.,0.));
#4666=DIRECTION('ref_axis',(0.,-1.,0.));
#4667=DIRECTION('',(-1.,0.,0.));
#4668=DIRECTION('center_axis',(-1.,0.,0.));
#4669=DIRECTION('ref_axis',(0.,-1.,0.));
#4670=DIRECTION('center_axis',(1.,0.,0.));
#4671=DIRECTION('ref_axis',(0.,0.385368036894429,-0.922762957719985));
#4672=DIRECTION('center_axis',(-1.,0.,0.));
#4673=DIRECTION('ref_axis',(0.,0.385368036894429,-0.922762957719985));
#4674=DIRECTION('',(1.,0.,0.));
#4675=DIRECTION('center_axis',(1.,0.,0.));
#4676=DIRECTION('ref_axis',(0.,0.385368036894429,-0.922762957719985));
#4677=DIRECTION('center_axis',(-1.,0.,0.));
#4678=DIRECTION('ref_axis',(0.,0.924988296972133,0.379995592691011));
#4679=DIRECTION('center_axis',(-1.,0.,0.));
#4680=DIRECTION('ref_axis',(0.,0.924988296972133,0.379995592691011));
#4681=DIRECTION('',(1.,0.,0.));
#4682=DIRECTION('center_axis',(1.,0.,0.));
#4683=DIRECTION('ref_axis',(0.,0.924988296972133,0.379995592691011));
#4684=DIRECTION('',(-1.,0.,0.));
#4685=DIRECTION('center_axis',(-1.,0.,0.));
#4686=DIRECTION('ref_axis',(0.,0.924988296972133,0.379995592691011));
#4687=DIRECTION('',(0.707106781186551,-0.703579579374983,0.070539176962286));
#4688=DIRECTION('',(0.707106781186545,-0.450802671308547,-0.544772385075714));
#4689=DIRECTION('center_axis',(-0.707106781186552,-0.450802671308534,-0.544772385075715));
#4690=DIRECTION('ref_axis',(-0.610304684386362,0.,0.792166770456868));
#4691=DIRECTION('',(0.,0.77042449538042,-0.637531251718553));
#4692=DIRECTION('',(0.707106781186476,-0.450802671308566,-0.544772385075787));
#4693=DIRECTION('',(0.,-0.77042449538042,0.637531251718553));
#4694=DIRECTION('center_axis',(1.,0.,0.));
#4695=DIRECTION('ref_axis',(0.,-1.,0.));
#4696=DIRECTION('',(0.70710678118655,0.0664466218308718,0.70397787354949));
#4697=DIRECTION('center_axis',(-1.,0.,0.));
#4698=DIRECTION('ref_axis',(0.,-1.,0.));
#4699=DIRECTION('center_axis',(1.,0.,0.));
#4700=DIRECTION('ref_axis',(0.,-1.,0.));
#4701=DIRECTION('center_axis',(-0.707106781186545,0.0664466218308936,0.703977873549493));
#4702=DIRECTION('ref_axis',(0.705537123905446,0.,0.70867296180342));
#4703=DIRECTION('',(0.70710678118652,0.0664466218309317,0.703977873549514));
#4704=DIRECTION('',(0.,0.995575056384261,-0.0939697137671255));
#4705=DIRECTION('',(0.,-0.995575056384261,0.0939697137671255));
#4706=DIRECTION('center_axis',(-1.,0.,0.));
#4707=DIRECTION('ref_axis',(0.,0.385368036894429,-0.922762957719984));
#4708=DIRECTION('',(0.707106781186584,-0.54738462204977,0.44762716131104));
#4709=DIRECTION('center_axis',(1.,0.,0.));
#4710=DIRECTION('ref_axis',(0.,-1.,0.));
#4711=DIRECTION('',(0.707106781186566,-0.447627161311045,0.547384622049788));
#4712=DIRECTION('center_axis',(-1.,0.,0.));
#4713=DIRECTION('ref_axis',(0.,0.922762957720008,-0.385368036894372));
#4714=DIRECTION('',(0.707106781186571,-0.703977873549463,-0.0664466218309365));
#4715=DIRECTION('center_axis',(-0.707106781186556,-0.703977873549479,-0.0664466218309324));
#4716=DIRECTION('ref_axis',(-0.0935575506966444,0.,0.995613873300109));
#4717=DIRECTION('',(0.,0.0939697137671819,-0.995575056384256));
#4718=DIRECTION('',(0.707106781186476,-0.703977873549557,-0.0664466218309433));
#4719=DIRECTION('',(0.,-0.0939697137671819,0.995575056384256));
#4720=DIRECTION('center_axis',(1.,0.,0.));
#4721=DIRECTION('ref_axis',(0.,-1.,0.));
#4722=DIRECTION('',(0.707106781186561,0.544772385075672,0.450802671308573));
#4723=DIRECTION('center_axis',(-1.,0.,0.));
#4724=DIRECTION('ref_axis',(0.,-1.,0.));
#4725=DIRECTION('center_axis',(1.,0.,0.));
#4726=DIRECTION('ref_axis',(0.,-1.,0.));
#4727=DIRECTION('center_axis',(-0.707106781186529,0.544772385075707,0.45080267130858));
#4728=DIRECTION('ref_axis',(0.537576075694194,0.,0.843215252969982));
#4729=DIRECTION('',(0.707106781186532,0.544772385075712,0.45080267130857));
#4730=DIRECTION('',(0.,0.637531251718597,-0.770424495380384));
#4731=DIRECTION('',(0.,-0.637531251718597,0.770424495380384));
#4732=DIRECTION('center_axis',(-1.,0.,0.));
#4733=DIRECTION('ref_axis',(0.,-0.37999559269096,-0.924988296972154));
#4734=DIRECTION('',(0.707106781186534,-0.0705391769623099,0.703579579374998));
#4735=DIRECTION('center_axis',(1.,0.,0.));
#4736=DIRECTION('ref_axis',(0.,1.,0.));
#4737=DIRECTION('',(0.707106781186553,0.0705391769622489,0.703579579374985));
#4738=DIRECTION('center_axis',(-1.,0.,0.));
#4739=DIRECTION('ref_axis',(0.,0.379995592691011,-0.924988296972133));
#4740=DIRECTION('',(0.707106781186547,-0.544772385075724,0.450802671308532));
#4741=DIRECTION('center_axis',(-0.707106781186548,-0.544772385075718,0.450802671308536));
#4742=DIRECTION('ref_axis',(0.537576075694147,0.,0.843215252970012));
#4743=DIRECTION('',(0.,-0.637531251718553,-0.77042449538042));
#4744=DIRECTION('',(0.707106781186507,-0.544772385075756,0.450802671308554));
#4745=DIRECTION('',(0.,0.637531251718553,0.77042449538042));
#4746=DIRECTION('center_axis',(1.,0.,0.));
#4747=DIRECTION('ref_axis',(0.,1.,0.));
#4748=DIRECTION('',(0.707106781186526,0.703977873549513,-0.0664466218308852));
#4749=DIRECTION('center_axis',(-1.,0.,0.));
#4750=DIRECTION('ref_axis',(0.,1.,0.));
#4751=DIRECTION('center_axis',(1.,0.,0.));
#4752=DIRECTION('ref_axis',(0.,1.,0.));
#4753=DIRECTION('center_axis',(-0.707106781186554,0.703977873549484,-0.0664466218308927));
#4754=DIRECTION('ref_axis',(-0.0935575506965892,0.,0.995613873300114));
#4755=DIRECTION('',(0.707106781186525,0.703977873549512,-0.0664466218309008));
#4756=DIRECTION('',(0.,-0.0939697137671255,-0.995575056384261));
#4757=DIRECTION('',(0.,0.0939697137671255,0.995575056384261));
#4758=DIRECTION('center_axis',(-1.,0.,0.));
#4759=DIRECTION('ref_axis',(0.,-0.739584245967667,-0.673063996300825));
#4760=DIRECTION('',(0.707106781186548,0.,0.707106781186548));
#4761=DIRECTION('center_axis',(-0.707106781186548,0.,0.707106781186548));
#4762=DIRECTION('ref_axis',(0.707106781186548,0.,0.707106781186548));
#4763=DIRECTION('',(0.,1.,0.));
#4764=DIRECTION('center_axis',(-0.707106781186553,-0.450802671308533,-0.544772385075714));
#4765=DIRECTION('ref_axis',(-0.61030468438636,0.,0.792166770456869));
#4766=DIRECTION('center_axis',(0.707106781186553,0.450802671308533,0.544772385075714));
#4767=DIRECTION('ref_axis',(-0.707106781186542,0.450802671308541,0.544772385075723));
#4768=DIRECTION('',(0.,-0.77042449538042,0.637531251718553));
#4769=DIRECTION('',(-0.70710678118656,0.450802671308556,0.544772385075687));
#4770=DIRECTION('',(0.,0.77042449538042,-0.637531251718553));
#4771=DIRECTION('center_axis',(-1.,0.,0.));
#4772=DIRECTION('ref_axis',(0.,0.924988296972133,0.379995592691011));
#4773=DIRECTION('',(-0.707106781186551,0.703579579374983,-0.0705391769622841));
#4774=DIRECTION('center_axis',(1.,0.,0.));
#4775=DIRECTION('ref_axis',(0.,0.924988296972133,0.379995592691011));
#4776=DIRECTION('center_axis',(-0.707106781186588,-0.703977873549447,-0.0664466218309294));
#4777=DIRECTION('ref_axis',(-0.093557550696636,0.,0.995613873300109));
#4778=DIRECTION('center_axis',(0.707106781186588,0.703977873549447,0.0664466218309294));
#4779=DIRECTION('ref_axis',(-0.707106781186508,0.703977873549526,0.0664466218309369));
#4780=DIRECTION('',(0.,-0.0939697137671819,0.995575056384256));
#4781=DIRECTION('',(-0.707106781186571,0.703977873549463,0.0664466218309365));
#4782=DIRECTION('',(0.,0.0939697137671819,-0.995575056384256));
#4783=DIRECTION('center_axis',(-1.,0.,0.));
#4784=DIRECTION('ref_axis',(0.,0.922762957720008,-0.385368036894372));
#4785=DIRECTION('',(-0.707106781186566,0.447627161311045,-0.547384622049788));
#4786=DIRECTION('center_axis',(1.,0.,0.));
#4787=DIRECTION('ref_axis',(0.,0.922762957720008,-0.385368036894372));
#4788=DIRECTION('center_axis',(1.,0.,0.));
#4789=DIRECTION('ref_axis',(0.,-1.,0.));
#4790=DIRECTION('center_axis',(-1.,0.,0.));
#4791=DIRECTION('ref_axis',(0.,-1.,0.));
#4792=DIRECTION('',(-0.707106781186539,0.547384622049799,-0.447627161311075));
#4793=DIRECTION('center_axis',(-1.,0.,0.));
#4794=DIRECTION('ref_axis',(0.,0.385368036894429,-0.922762957719984));
#4795=DIRECTION('',(-0.707106781186558,-0.0664466218308725,-0.703977873549482));
#4796=DIRECTION('center_axis',(1.,0.,0.));
#4797=DIRECTION('ref_axis',(0.,0.385368036894429,-0.922762957719985));
#4798=DIRECTION('center_axis',(-0.707106781186537,0.0664466218308943,0.703977873549501));
#4799=DIRECTION('ref_axis',(0.705537123905454,0.,0.708672961803412));
#4800=DIRECTION('center_axis',(0.707106781186537,-0.0664466218308943,-0.703977873549501));
#4801=DIRECTION('ref_axis',(-0.707106781186558,-0.0664466218308923,-0.70397787354948));
#4802=DIRECTION('',(0.,-0.995575056384261,0.0939697137671255));
#4803=DIRECTION('',(0.,0.995575056384261,-0.0939697137671255));
#4804=DIRECTION('center_axis',(-0.707106781186553,-0.544772385075714,0.450802671308533));
#4805=DIRECTION('ref_axis',(0.537576075694141,0.,0.843215252970015));
#4806=DIRECTION('center_axis',(0.707106781186553,0.544772385075714,-0.450802671308533));
#4807=DIRECTION('ref_axis',(-0.707106781186542,0.544772385075723,-0.450802671308541));
#4808=DIRECTION('',(0.,0.637531251718553,0.77042449538042));
#4809=DIRECTION('',(-0.707106781186542,0.54477238507572,-0.450802671308545));
#4810=DIRECTION('',(0.,-0.637531251718553,-0.77042449538042));
#4811=DIRECTION('center_axis',(-1.,0.,0.));
#4812=DIRECTION('ref_axis',(0.,0.379995592691011,-0.924988296972133));
#4813=DIRECTION('',(-0.707106781186542,-0.0705391769623106,-0.70357957937499));
#4814=DIRECTION('center_axis',(1.,0.,0.));
#4815=DIRECTION('ref_axis',(0.,0.379995592691011,-0.924988296972133));
#4816=DIRECTION('center_axis',(1.,0.,0.));
#4817=DIRECTION('ref_axis',(0.,1.,0.));
#4818=DIRECTION('center_axis',(-1.,0.,0.));
#4819=DIRECTION('ref_axis',(0.,1.,0.));
#4820=DIRECTION('',(-0.707106781186542,0.0705391769623106,-0.70357957937499));
#4821=DIRECTION('center_axis',(-1.,0.,0.));
#4822=DIRECTION('ref_axis',(0.,-0.37999559269096,-0.924988296972154));
#4823=DIRECTION('',(-0.707106781186571,-0.54477238507568,-0.450802671308548));
#4824=DIRECTION('center_axis',(1.,0.,0.));
#4825=DIRECTION('ref_axis',(0.,-0.37999559269096,-0.924988296972154));
#4826=DIRECTION('center_axis',(-0.707106781186524,0.544772385075711,0.450802671308583));
#4827=DIRECTION('ref_axis',(0.537576075694199,0.,0.843215252969978));
#4828=DIRECTION('center_axis',(0.707106781186524,-0.544772385075711,-0.450802671308583));
#4829=DIRECTION('ref_axis',(-0.707106781186571,-0.544772385075675,-0.450802671308553));
#4830=DIRECTION('',(0.,-0.637531251718597,0.770424495380384));
#4831=DIRECTION('',(0.,0.637531251718597,-0.770424495380384));
#4832=DIRECTION('center_axis',(-0.707106781186548,0.,0.707106781186548));
#4833=DIRECTION('ref_axis',(0.707106781186548,0.,0.707106781186548));
#4834=DIRECTION('center_axis',(0.707106781186548,0.,-0.707106781186548));
#4835=DIRECTION('ref_axis',(-0.707106781186547,4.9065389333868E-17,-0.707106781186547));
#4836=DIRECTION('',(0.,1.,0.));
#4837=DIRECTION('',(-0.707106781186548,0.,-0.707106781186548));
#4838=DIRECTION('',(0.,-1.,0.));
#4839=DIRECTION('center_axis',(-1.,0.,0.));
#4840=DIRECTION('ref_axis',(0.,-0.739584245967667,-0.673063996300825));
#4841=DIRECTION('',(-0.707106781186525,-0.703977873549512,0.0664466218309008));
#4842=DIRECTION('center_axis',(1.,0.,0.));
#4843=DIRECTION('ref_axis',(0.,-0.739584245967667,-0.673063996300825));
#4844=DIRECTION('center_axis',(-0.70710678118657,0.703977873549468,-0.0664466218308912));
#4845=DIRECTION('ref_axis',(-0.093557550696585,0.,0.995613873300114));
#4846=DIRECTION('center_axis',(0.70710678118657,-0.703977873549468,0.0664466218308912));
#4847=DIRECTION('ref_axis',(-0.707106781186525,-0.703977873549512,0.0664466218308954));
#4848=DIRECTION('',(0.,0.0939697137671255,0.995575056384261));
#4849=DIRECTION('',(0.,-0.0939697137671255,-0.995575056384261));
#4850=DIRECTION('center_axis',(1.,0.,0.));
#4851=DIRECTION('ref_axis',(0.,-0.370624658330551,-0.928782731664065));
#4852=DIRECTION('center_axis',(1.,0.,0.));
#4853=DIRECTION('ref_axis',(0.,-0.370624658330551,-0.928782731664065));
#4854=DIRECTION('',(-1.,0.,0.));
#4855=DIRECTION('center_axis',(0.,0.,1.));
#4856=DIRECTION('ref_axis',(1.,0.,0.));
#4857=DIRECTION('center_axis',(-1.,0.,0.));
#4858=DIRECTION('ref_axis',(0.,-0.913441149927319,-0.406970841239833));
#4859=DIRECTION('center_axis',(1.,0.,0.));
#4860=DIRECTION('ref_axis',(0.,-0.913441149927319,-0.406970841239833));
#4861=DIRECTION('',(1.,0.,0.));
#4862=DIRECTION('center_axis',(0.,0.995575056384261,-0.0939697137671255));
#4863=DIRECTION('ref_axis',(0.,0.0939697137671255,0.995575056384261));
#4864=DIRECTION('',(0.,-0.0939697137671255,-0.995575056384261));
#4865=DIRECTION('',(1.,0.,0.));
#4866=DIRECTION('center_axis',(1.,0.,0.));
#4867=DIRECTION('ref_axis',(0.,0.382683432365069,0.923879532511295));
#4868=DIRECTION('center_axis',(-1.,0.,0.));
#4869=DIRECTION('ref_axis',(0.,-1.,0.));
#4870=DIRECTION('',(1.,0.,0.));
#4871=DIRECTION('center_axis',(0.,-0.77042449538042,0.637531251718553));
#4872=DIRECTION('ref_axis',(0.,-0.637531251718553,-0.77042449538042));
#4873=DIRECTION('',(0.,0.637531251718553,0.77042449538042));
#4874=DIRECTION('',(-1.,0.,0.));
#4875=DIRECTION('center_axis',(1.,0.,0.));
#4876=DIRECTION('ref_axis',(0.,0.358128589742619,-0.933672272914304));
#4877=DIRECTION('center_axis',(1.,0.,0.));
#4878=DIRECTION('ref_axis',(0.,0.358128589742619,-0.933672272914304));
#4879=DIRECTION('center_axis',(-1.,0.,0.));
#4880=DIRECTION('ref_axis',(0.,0.,1.));
#4881=DIRECTION('center_axis',(-1.,0.,0.));
#4882=DIRECTION('ref_axis',(0.,0.,1.));
#4883=DIRECTION('center_axis',(-1.,0.,0.));
#4884=DIRECTION('ref_axis',(0.,0.,1.));
#4885=DIRECTION('center_axis',(-1.,0.,0.));
#4886=DIRECTION('ref_axis',(0.,-0.358128589742566,-0.933672272914325));
#4887=DIRECTION('center_axis',(1.,0.,0.));
#4888=DIRECTION('ref_axis',(0.,-0.358128589742566,-0.933672272914325));
#4889=DIRECTION('',(1.,0.,0.));
#4890=DIRECTION('center_axis',(0.,0.770424495380384,0.637531251718597));
#4891=DIRECTION('ref_axis',(0.,-0.637531251718597,0.770424495380384));
#4892=DIRECTION('',(0.,0.637531251718597,-0.770424495380384));
#4893=DIRECTION('',(1.,0.,0.));
#4894=DIRECTION('center_axis',(1.,0.,0.));
#4895=DIRECTION('ref_axis',(0.,-1.,0.));
#4896=DIRECTION('center_axis',(-1.,0.,0.));
#4897=DIRECTION('ref_axis',(0.,-1.,0.));
#4898=DIRECTION('',(1.,0.,0.));
#4899=DIRECTION('center_axis',(0.,-0.995575056384256,-0.0939697137671819));
#4900=DIRECTION('ref_axis',(0.,0.0939697137671819,-0.995575056384256));
#4901=DIRECTION('',(0.,-0.0939697137671819,0.995575056384256));
#4902=DIRECTION('',(-1.,0.,0.));
#4903=DIRECTION('center_axis',(1.,0.,0.));
#4904=DIRECTION('ref_axis',(0.,0.913441149927342,-0.406970841239781));
#4905=DIRECTION('center_axis',(1.,0.,0.));
#4906=DIRECTION('ref_axis',(0.,0.913441149927342,-0.406970841239781));
#4907=DIRECTION('center_axis',(-1.,0.,0.));
#4908=DIRECTION('ref_axis',(0.,0.406970841239835,-0.913441149927318));
#4909=DIRECTION('center_axis',(1.,0.,0.));
#4910=DIRECTION('ref_axis',(0.,0.406970841239835,-0.913441149927318));
#4911=DIRECTION('',(1.,0.,0.));
#4912=DIRECTION('center_axis',(0.,0.0939697137671255,0.995575056384261));
#4913=DIRECTION('ref_axis',(0.,-0.995575056384261,0.0939697137671255));
#4914=DIRECTION('',(0.,0.995575056384261,-0.0939697137671255));
#4915=DIRECTION('',(1.,0.,0.));
#4916=DIRECTION('center_axis',(1.,0.,0.));
#4917=DIRECTION('ref_axis',(0.,-1.,0.));
#4918=DIRECTION('center_axis',(-1.,0.,0.));
#4919=DIRECTION('ref_axis',(0.,-1.,0.));
#4920=DIRECTION('',(1.,0.,0.));
#4921=DIRECTION('center_axis',(0.,-0.637531251718553,-0.77042449538042));
#4922=DIRECTION('ref_axis',(0.,0.77042449538042,-0.637531251718553));
#4923=DIRECTION('',(0.,-0.77042449538042,0.637531251718553));
#4924=DIRECTION('',(-1.,0.,0.));
#4925=DIRECTION('center_axis',(1.,0.,0.));
#4926=DIRECTION('ref_axis',(0.,0.933672272914305,0.358128589742617));
#4927=DIRECTION('center_axis',(1.,0.,0.));
#4928=DIRECTION('ref_axis',(0.,0.933672272914305,0.358128589742617));
#4929=DIRECTION('center_axis',(-1.,0.,0.));
#4930=DIRECTION('ref_axis',(0.,0.,1.));
#4931=DIRECTION('center_axis',(0.,-7.75819887803987E-17,-1.));
#4932=DIRECTION('ref_axis',(0.,-1.,7.75819887803987E-17));
#4933=DIRECTION('center_axis',(1.,0.,0.));
#4934=DIRECTION('ref_axis',(0.,-1.,1.22464679914735E-16));
#4935=DIRECTION('center_axis',(1.,0.,0.));
#4936=DIRECTION('ref_axis',(0.,1.,0.));
#4937=DIRECTION('',(0.,1.,-7.75819887803987E-17));
#4938=DIRECTION('center_axis',(1.,0.,0.));
#4939=DIRECTION('ref_axis',(0.,-1.,0.));
#4940=DIRECTION('',(0.707106781186563,-0.707106781186532,5.48587503645573E-17));
#4941=DIRECTION('center_axis',(-1.,0.,0.));
#4942=DIRECTION('ref_axis',(0.,-1.,0.));
#4943=DIRECTION('center_axis',(1.,0.,0.));
#4944=DIRECTION('ref_axis',(0.,1.,0.));
#4945=DIRECTION('',(1.,0.,0.));
#4946=DIRECTION('center_axis',(1.,0.,0.));
#4947=DIRECTION('ref_axis',(0.,-1.,0.));
#4948=DIRECTION('center_axis',(1.,0.,0.));
#4949=DIRECTION('ref_axis',(0.,-1.,0.));
#4950=DIRECTION('',(0.707106781186563,-0.707106781186532,5.48587503645573E-17));
#4951=DIRECTION('center_axis',(-1.,0.,0.));
#4952=DIRECTION('ref_axis',(0.,-1.,0.));
#4953=DIRECTION('center_axis',(1.,0.,0.));
#4954=DIRECTION('ref_axis',(0.,1.,0.));
#4955=DIRECTION('',(0.,-1.,7.75819887803987E-17));
#4956=DIRECTION('center_axis',(-1.,0.,0.));
#4957=DIRECTION('ref_axis',(0.,-1.,1.22464679914735E-16));
#4958=DIRECTION('center_axis',(1.,0.,0.));
#4959=DIRECTION('ref_axis',(0.,-0.312327664050448,0.949974436639634));
#4960=DIRECTION('center_axis',(0.,-7.75819887803987E-17,-1.));
#4961=DIRECTION('ref_axis',(0.,-1.,7.75819887803987E-17));
#4962=DIRECTION('center_axis',(0.,-7.75819887803987E-17,-1.));
#4963=DIRECTION('ref_axis',(-1.,0.,0.));
#4964=DIRECTION('center_axis',(0.,-7.75819887803987E-17,-1.));
#4965=DIRECTION('ref_axis',(-1.,0.,0.));
#4966=CARTESIAN_POINT('',(0.,0.,0.));
#4967=CARTESIAN_POINT('Origin',(23.25,-90.,0.));
#4968=CARTESIAN_POINT('',(-10.75,-57.5038463814553,25.));
#4969=CARTESIAN_POINT('',(-12.75,-59.1455027589161,27.));
#4970=CARTESIAN_POINT('Ctrl Pts',(-10.75,-57.5038463814553,25.));
#4971=CARTESIAN_POINT('Ctrl Pts',(-10.9974373820908,-57.5038463814553,25.));
#4972=CARTESIAN_POINT('Ctrl Pts',(-11.2562499735772,-57.5413553195259,25.0489550481706));
#4973=CARTESIAN_POINT('Ctrl Pts',(-11.7221985016459,-57.6852379296324,25.2343003942749));
#4974=CARTESIAN_POINT('Ctrl Pts',(-11.929571976487,-57.7914854364646,25.3701910404846));
#4975=CARTESIAN_POINT('Ctrl Pts',(-12.3089182787347,-58.0642606286331,25.7132583039406));
#4976=CARTESIAN_POINT('Ctrl Pts',(-12.4802214165057,-58.2621076800792,25.9580404170636));
#4977=CARTESIAN_POINT('Ctrl Pts',(-12.7007080435998,-58.6932879516927,26.4764697842706));
#4978=CARTESIAN_POINT('Ctrl Pts',(-12.75,-58.9267223774056,26.74998671564));
#4979=CARTESIAN_POINT('Ctrl Pts',(-12.75,-59.1455027589161,27.));
#4980=CARTESIAN_POINT('',(23.25,-57.5038463814553,25.));
#4981=CARTESIAN_POINT('',(23.25,-57.5038463814553,25.));
#4982=CARTESIAN_POINT('',(23.25,-70.2754689278,35.94360685827));
#4983=CARTESIAN_POINT('Origin',(23.25,-90.,0.));
#4984=CARTESIAN_POINT('',(-12.75,-70.2754689278,35.94360685827));
#4985=CARTESIAN_POINT('',(23.25,-70.2754689278,35.94360685827));
#4986=CARTESIAN_POINT('Origin',(-12.75,-90.,0.));
#4987=CARTESIAN_POINT('',(19.25,-65.5857983497208,32.9385299881394));
#4988=CARTESIAN_POINT('',(-5.74999999999997,-65.5857983497208,32.9385299881394));
#4989=CARTESIAN_POINT('',(23.25,-65.5857983497208,32.9385299881394));
#4990=CARTESIAN_POINT('',(-7.74999999999996,-67.2216204461959,34.0902541044049));
#4991=CARTESIAN_POINT('Ctrl Pts',(-7.74999999999996,-67.2216204461959,34.0902541044049));
#4992=CARTESIAN_POINT('Ctrl Pts',(-7.74999999999996,-67.0127825586579,33.9507130891638));
#4993=CARTESIAN_POINT('Ctrl Pts',(-7.69979602247703,-66.791461183196,33.799769925765));
#4994=CARTESIAN_POINT('Ctrl Pts',(-7.49567628017762,-66.3868686756971,33.5183643710023));
#4995=CARTESIAN_POINT('Ctrl Pts',(-7.34176272124955,-66.203521648272,33.3880095140484));
#4996=CARTESIAN_POINT('Ctrl Pts',(-6.98666436952149,-65.9150770644305,33.1805371935748));
#4997=CARTESIAN_POINT('Ctrl Pts',(-6.76179562500948,-65.7907290349026,33.0896001297492));
#4998=CARTESIAN_POINT('Ctrl Pts',(-6.26904874884825,-65.626125584062,32.9685408135547));
#4999=CARTESIAN_POINT('Ctrl Pts',(-6.0011672398009,-65.5857983497208,32.9385299881394));
#5000=CARTESIAN_POINT('Ctrl Pts',(-5.74999999999997,-65.5857983497208,32.9385299881394));
#5001=CARTESIAN_POINT('',(-5.74999999999997,-68.911676798931,35.1608109202178));
#5002=CARTESIAN_POINT('Ctrl Pts',(-5.74999999999997,-68.911676798931,35.1608109202178));
#5003=CARTESIAN_POINT('Ctrl Pts',(-6.0011672398009,-68.911676798931,35.1608109202178));
#5004=CARTESIAN_POINT('Ctrl Pts',(-6.26904874884824,-68.8685178471206,35.1350380594852));
#5005=CARTESIAN_POINT('Ctrl Pts',(-6.76179562500947,-68.6936826091219,35.029291694914));
#5006=CARTESIAN_POINT('Ctrl Pts',(-6.98666436952149,-68.5620817863591,34.949209203239));
#5007=CARTESIAN_POINT('Ctrl Pts',(-7.34176272124955,-68.2600193925194,34.7621173756837));
#5008=CARTESIAN_POINT('Ctrl Pts',(-7.49567628017762,-68.0694233384473,34.6426114537835));
#5009=CARTESIAN_POINT('Ctrl Pts',(-7.69979602247702,-67.6546076565882,34.376505960681));
#5010=CARTESIAN_POINT('Ctrl Pts',(-7.74999999999996,-67.430458333734,34.229795119646));
#5011=CARTESIAN_POINT('Ctrl Pts',(-7.74999999999996,-67.2216204461959,34.0902541044049));
#5012=CARTESIAN_POINT('',(19.25,-68.911676798931,35.1608109202178));
#5013=CARTESIAN_POINT('',(23.25,-68.911676798931,35.1608109202178));
#5014=CARTESIAN_POINT('',(21.25,-67.2216204461959,34.0902541044049));
#5015=CARTESIAN_POINT('Ctrl Pts',(21.25,-67.2216204461959,34.0902541044049));
#5016=CARTESIAN_POINT('Ctrl Pts',(21.25,-67.430458333734,34.229795119646));
#5017=CARTESIAN_POINT('Ctrl Pts',(21.1997960224771,-67.6546076565882,34.376505960681));
#5018=CARTESIAN_POINT('Ctrl Pts',(20.9956762801777,-68.0694233384473,34.6426114537835));
#5019=CARTESIAN_POINT('Ctrl Pts',(20.8417627212496,-68.2600193925194,34.7621173756837));
#5020=CARTESIAN_POINT('Ctrl Pts',(20.4866643695216,-68.5620817863591,34.949209203239));
#5021=CARTESIAN_POINT('Ctrl Pts',(20.2617956250096,-68.6936826091219,35.029291694914));
#5022=CARTESIAN_POINT('Ctrl Pts',(19.7690487488483,-68.8685178471206,35.1350380594852));
#5023=CARTESIAN_POINT('Ctrl Pts',(19.501167239801,-68.911676798931,35.1608109202178));
#5024=CARTESIAN_POINT('Ctrl Pts',(19.25,-68.911676798931,35.1608109202178));
#5025=CARTESIAN_POINT('Ctrl Pts',(19.25,-65.5857983497208,32.9385299881394));
#5026=CARTESIAN_POINT('Ctrl Pts',(19.501167239801,-65.5857983497208,32.9385299881394));
#5027=CARTESIAN_POINT('Ctrl Pts',(19.7690487488483,-65.6261255840621,32.9685408135547));
#5028=CARTESIAN_POINT('Ctrl Pts',(20.2617956250096,-65.7907290349026,33.0896001297492));
#5029=CARTESIAN_POINT('Ctrl Pts',(20.4866643695216,-65.9150770644305,33.1805371935748));
#5030=CARTESIAN_POINT('Ctrl Pts',(20.8417627212496,-66.203521648272,33.3880095140484));
#5031=CARTESIAN_POINT('Ctrl Pts',(20.9956762801777,-66.3868686756971,33.5183643710023));
#5032=CARTESIAN_POINT('Ctrl Pts',(21.1997960224771,-66.791461183196,33.799769925765));
#5033=CARTESIAN_POINT('Ctrl Pts',(21.25,-67.0127825586579,33.9507130891638));
#5034=CARTESIAN_POINT('Ctrl Pts',(21.25,-67.2216204461959,34.0902541044049));
#5035=CARTESIAN_POINT('',(19.25,-59.6289219664859,27.5426509087679));
#5036=CARTESIAN_POINT('',(-5.74999999999996,-59.6289219664859,27.5426509087679));
#5037=CARTESIAN_POINT('',(23.25,-59.6289219664859,27.5426509087679));
#5038=CARTESIAN_POINT('',(-7.74999999999996,-61.0086219713511,28.9913780286489));
#5039=CARTESIAN_POINT('Ctrl Pts',(-7.74999999999996,-61.0086219713511,28.9913780286489));
#5040=CARTESIAN_POINT('Ctrl Pts',(-7.74999999999996,-60.8310199468611,28.813776004159));
#5041=CARTESIAN_POINT('Ctrl Pts',(-7.69979602247702,-60.6433987499231,28.622555512912));
#5042=CARTESIAN_POINT('Ctrl Pts',(-7.49567628017762,-60.3014798743025,28.2676250044038));
#5043=CARTESIAN_POINT('Ctrl Pts',(-7.34176272124955,-60.1470867796179,28.1040056488532));
#5044=CARTESIAN_POINT('Ctrl Pts',(-6.98666436952149,-59.9046604193847,27.8442471040962));
#5045=CARTESIAN_POINT('Ctrl Pts',(-6.76179562500947,-59.8004426434415,27.7307982733303));
#5046=CARTESIAN_POINT('Ctrl Pts',(-6.26904874884824,-59.6626195027329,27.5799525377216));
#5047=CARTESIAN_POINT('Ctrl Pts',(-6.0011672398009,-59.6289219664859,27.5426509087679));
#5048=CARTESIAN_POINT('Ctrl Pts',(-5.74999999999996,-59.6289219664859,27.5426509087679));
#5049=CARTESIAN_POINT('',(-5.74999999999996,-62.4573490912321,30.3710780335141));
#5050=CARTESIAN_POINT('Ctrl Pts',(-5.74999999999996,-62.4573490912321,30.3710780335141));
#5051=CARTESIAN_POINT('Ctrl Pts',(-6.00116723980089,-62.4573490912321,30.3710780335141));
#5052=CARTESIAN_POINT('Ctrl Pts',(-6.26904874884824,-62.4200474622784,30.3373804972671));
#5053=CARTESIAN_POINT('Ctrl Pts',(-6.76179562500947,-62.2692017266697,30.1995573565585));
#5054=CARTESIAN_POINT('Ctrl Pts',(-6.98666436952148,-62.1557528959038,30.0953395806153));
#5055=CARTESIAN_POINT('Ctrl Pts',(-7.34176272124954,-61.8959943511468,29.8529132203821));
#5056=CARTESIAN_POINT('Ctrl Pts',(-7.49567628017762,-61.7323749955963,29.6985201256975));
#5057=CARTESIAN_POINT('Ctrl Pts',(-7.69979602247702,-61.377444487088,29.3566012500769));
#5058=CARTESIAN_POINT('Ctrl Pts',(-7.74999999999996,-61.186223995841,29.1689800531388));
#5059=CARTESIAN_POINT('Ctrl Pts',(-7.74999999999996,-61.0086219713511,28.9913780286489));
#5060=CARTESIAN_POINT('',(19.25,-62.4573490912321,30.3710780335141));
#5061=CARTESIAN_POINT('',(23.25,-62.4573490912321,30.3710780335141));
#5062=CARTESIAN_POINT('',(21.25,-61.0086219713511,28.9913780286489));
#5063=CARTESIAN_POINT('Ctrl Pts',(21.25,-61.0086219713511,28.9913780286489));
#5064=CARTESIAN_POINT('Ctrl Pts',(21.25,-61.186223995841,29.1689800531388));
#5065=CARTESIAN_POINT('Ctrl Pts',(21.1997960224771,-61.377444487088,29.3566012500769));
#5066=CARTESIAN_POINT('Ctrl Pts',(20.9956762801777,-61.7323749955963,29.6985201256975));
#5067=CARTESIAN_POINT('Ctrl Pts',(20.8417627212496,-61.8959943511468,29.8529132203821));
#5068=CARTESIAN_POINT('Ctrl Pts',(20.4866643695216,-62.1557528959038,30.0953395806153));
#5069=CARTESIAN_POINT('Ctrl Pts',(20.2617956250096,-62.2692017266697,30.1995573565585));
#5070=CARTESIAN_POINT('Ctrl Pts',(19.7690487488483,-62.4200474622784,30.3373804972671));
#5071=CARTESIAN_POINT('Ctrl Pts',(19.501167239801,-62.4573490912321,30.3710780335141));
#5072=CARTESIAN_POINT('Ctrl Pts',(19.25,-62.4573490912321,30.3710780335141));
#5073=CARTESIAN_POINT('Ctrl Pts',(19.25,-59.6289219664859,27.5426509087679));
#5074=CARTESIAN_POINT('Ctrl Pts',(19.501167239801,-59.6289219664859,27.5426509087679));
#5075=CARTESIAN_POINT('Ctrl Pts',(19.7690487488483,-59.6626195027329,27.5799525377216));
#5076=CARTESIAN_POINT('Ctrl Pts',(20.2617956250096,-59.8004426434415,27.7307982733303));
#5077=CARTESIAN_POINT('Ctrl Pts',(20.4866643695216,-59.9046604193847,27.8442471040962));
#5078=CARTESIAN_POINT('Ctrl Pts',(20.8417627212496,-60.1470867796178,28.1040056488532));
#5079=CARTESIAN_POINT('Ctrl Pts',(20.9956762801777,-60.3014798743025,28.2676250044037));
#5080=CARTESIAN_POINT('Ctrl Pts',(21.1997960224771,-60.6433987499231,28.622555512912));
#5081=CARTESIAN_POINT('Ctrl Pts',(21.25,-60.8310199468611,28.813776004159));
#5082=CARTESIAN_POINT('Ctrl Pts',(21.25,-61.0086219713511,28.9913780286489));
#5083=CARTESIAN_POINT('Origin',(23.25,-69.31329668037,37.69695353428));
#5084=CARTESIAN_POINT('',(23.25,-71.0977492149096,36.7937762803728));
#5085=CARTESIAN_POINT('',(23.25,-71.3119697174331,37.7697964537497));
#5086=CARTESIAN_POINT('Origin',(23.25,-69.31329668037,37.69695353428));
#5087=CARTESIAN_POINT('',(-12.75,-71.3119697174331,37.7697964537497));
#5088=CARTESIAN_POINT('',(23.25,-71.3119697174331,37.7697964537497));
#5089=CARTESIAN_POINT('Origin',(-12.75,-69.31329668037,37.69695353428));
#5090=CARTESIAN_POINT('Origin',(23.25,-69.31329668037,37.69695353428));
#5091=CARTESIAN_POINT('Origin',(23.25,-74.30997927303,37.87906083296));
#5092=CARTESIAN_POINT('',(23.25,-76.507153743338,39.9217121363081));
#5093=CARTESIAN_POINT('Origin',(23.25,-74.30997927303,37.87906083296));
#5094=CARTESIAN_POINT('',(-12.75,-76.507153743338,39.9217121363081));
#5095=CARTESIAN_POINT('',(23.25,-76.507153743338,39.9217121363081));
#5096=CARTESIAN_POINT('Origin',(-12.75,-74.30997927303,37.87906083296));
#5097=CARTESIAN_POINT('',(19.25,-71.6065140393762,39.1795514059515));
#5098=CARTESIAN_POINT('',(-5.74999999999996,-71.6065140393762,39.1795514059515));
#5099=CARTESIAN_POINT('',(23.25,-71.6065140393762,39.1795514059515));
#5100=CARTESIAN_POINT('',(-7.74999999999996,-73.1619289759359,40.6506994304969));
#5101=CARTESIAN_POINT('Ctrl Pts',(-7.74999999999996,-73.1619289759359,40.6506994304969));
#5102=CARTESIAN_POINT('Ctrl Pts',(-7.74999999999996,-72.9216051174524,40.5511540289515));
#5103=CARTESIAN_POINT('Ctrl Pts',(-7.69624453140305,-72.6844085274654,40.413241789877));
#5104=CARTESIAN_POINT('Ctrl Pts',(-7.48918232877707,-72.2813731115693,40.1037653686999));
#5105=CARTESIAN_POINT('Ctrl Pts',(-7.33626985902424,-72.1146957919329,39.9330306263953));
#5106=CARTESIAN_POINT('Ctrl Pts',(-6.9902433525871,-71.8657897098777,39.6297322290975));
#5107=CARTESIAN_POINT('Ctrl Pts',(-6.77133350899648,-71.7659870478175,39.4744028774743));
#5108=CARTESIAN_POINT('Ctrl Pts',(-6.2833179602068,-71.6371215124271,39.2475804966929));
#5109=CARTESIAN_POINT('Ctrl Pts',(-6.01301823464409,-71.6065140393762,39.1795514059515));
#5110=CARTESIAN_POINT('Ctrl Pts',(-5.74999999999996,-71.6065140393762,39.1795514059515));
#5111=CARTESIAN_POINT('',(-5.74999999999996,-75.3020321694229,40.7102851354081));
#5112=CARTESIAN_POINT('Ctrl Pts',(-5.74999999999996,-75.3020321694229,40.7102851354081));
#5113=CARTESIAN_POINT('Ctrl Pts',(-6.01301823464418,-75.3020321694229,40.7102851354081));
#5114=CARTESIAN_POINT('Ctrl Pts',(-6.28331796020689,-75.2322855862923,40.7367462150402));
#5115=CARTESIAN_POINT('Ctrl Pts',(-6.77133350899653,-74.9807762487809,40.8060121646805));
#5116=CARTESIAN_POINT('Ctrl Pts',(-6.99024335258712,-74.8003706718074,40.8452754634077));
#5117=CARTESIAN_POINT('Ctrl Pts',(-7.33626985902421,-74.4099031398551,40.8837366383608));
#5118=CARTESIAN_POINT('Ctrl Pts',(-7.48918232877702,-74.1713167828023,40.8866056694441));
#5119=CARTESIAN_POINT('Ctrl Pts',(-7.69624453140302,-73.6674948311319,40.8204494698381));
#5120=CARTESIAN_POINT('Ctrl Pts',(-7.74999999999997,-73.4022528344194,40.7502448320425));
#5121=CARTESIAN_POINT('Ctrl Pts',(-7.74999999999996,-73.1619289759359,40.6506994304969));
#5122=CARTESIAN_POINT('',(19.25,-75.3020321694229,40.7102851354081));
#5123=CARTESIAN_POINT('',(23.25,-75.3020321694229,40.7102851354081));
#5124=CARTESIAN_POINT('',(21.25,-73.1619289759359,40.6506994304969));
#5125=CARTESIAN_POINT('Ctrl Pts',(21.25,-73.1619289759359,40.6506994304969));
#5126=CARTESIAN_POINT('Ctrl Pts',(21.25,-73.4022528344195,40.7502448320425));
#5127=CARTESIAN_POINT('Ctrl Pts',(21.1962445314031,-73.6674948311319,40.8204494698381));
#5128=CARTESIAN_POINT('Ctrl Pts',(20.9891823287771,-74.1713167828024,40.8866056694441));
#5129=CARTESIAN_POINT('Ctrl Pts',(20.8362698590242,-74.4099031398551,40.8837366383608));
#5130=CARTESIAN_POINT('Ctrl Pts',(20.4902433525871,-74.8003706718074,40.8452754634077));
#5131=CARTESIAN_POINT('Ctrl Pts',(20.2713335089965,-74.9807762487809,40.8060121646805));
#5132=CARTESIAN_POINT('Ctrl Pts',(19.7833179602069,-75.2322855862923,40.7367462150402));
#5133=CARTESIAN_POINT('Ctrl Pts',(19.5130182346442,-75.3020321694229,40.7102851354081));
#5134=CARTESIAN_POINT('Ctrl Pts',(19.25,-75.3020321694229,40.7102851354081));
#5135=CARTESIAN_POINT('Ctrl Pts',(19.25,-71.6065140393762,39.1795514059515));
#5136=CARTESIAN_POINT('Ctrl Pts',(19.5130182346442,-71.6065140393762,39.1795514059515));
#5137=CARTESIAN_POINT('Ctrl Pts',(19.7833179602069,-71.6371215124271,39.2475804966929));
#5138=CARTESIAN_POINT('Ctrl Pts',(20.2713335089966,-71.7659870478175,39.4744028774744));
#5139=CARTESIAN_POINT('Ctrl Pts',(20.4902433525872,-71.8657897098778,39.6297322290976));
#5140=CARTESIAN_POINT('Ctrl Pts',(20.8362698590244,-72.114695791933,39.9330306263954));
#5141=CARTESIAN_POINT('Ctrl Pts',(20.9891823287772,-72.2813731115694,40.1037653687));
#5142=CARTESIAN_POINT('Ctrl Pts',(21.1962445314031,-72.6844085274654,40.413241789877));
#5143=CARTESIAN_POINT('Ctrl Pts',(21.25,-72.9216051174524,40.5511540289515));
#5144=CARTESIAN_POINT('Ctrl Pts',(21.25,-73.1619289759359,40.6506994304969));
#5145=CARTESIAN_POINT('Origin',(23.25,-77.97193672354,41.28347967187));
#5146=CARTESIAN_POINT('',(23.25,-77.3487809965159,39.3830384231393));
#5147=CARTESIAN_POINT('Origin',(23.25,-77.97193672354,41.28347967187));
#5148=CARTESIAN_POINT('',(23.25,-78.5313815270886,39.3633178266647));
#5149=CARTESIAN_POINT('Origin',(23.25,-77.97193672354,41.28347967187));
#5150=CARTESIAN_POINT('',(-12.75,-78.5313815270886,39.3633178266647));
#5151=CARTESIAN_POINT('',(23.25,-78.5313815270886,39.3633178266647));
#5152=CARTESIAN_POINT('Origin',(-12.75,-77.97193672354,41.28347967187));
#5153=CARTESIAN_POINT('Origin',(23.25,-90.,0.));
#5154=CARTESIAN_POINT('',(23.25,-101.468618472911,39.3633178266647));
#5155=CARTESIAN_POINT('Origin',(23.25,-90.,0.));
#5156=CARTESIAN_POINT('',(-12.75,-101.468618472911,39.3633178266647));
#5157=CARTESIAN_POINT('',(23.25,-101.468618472911,39.3633178266647));
#5158=CARTESIAN_POINT('Origin',(-12.75,-90.,0.));
#5159=CARTESIAN_POINT('',(19.25,-96.027610372762,40.5545054611));
#5160=CARTESIAN_POINT('',(-5.74999999999996,-96.027610372762,40.5545054611));
#5161=CARTESIAN_POINT('',(23.25,-96.027610372762,40.5545054611));
#5162=CARTESIAN_POINT('',(-7.74999999999996,-97.9987032026618,40.2121964965351));
#5163=CARTESIAN_POINT('Ctrl Pts',(-7.74999999999996,-97.9987032026618,40.2121964965351));
#5164=CARTESIAN_POINT('Ctrl Pts',(-7.74999999999997,-97.7523621180843,40.2611967848512));
#5165=CARTESIAN_POINT('Ctrl Pts',(-7.69979602247703,-97.4891313382606,40.3109616958488));
#5166=CARTESIAN_POINT('Ctrl Pts',(-7.49567628017763,-97.0040574565546,40.3980680254823));
#5167=CARTESIAN_POINT('Ctrl Pts',(-7.34176272124955,-96.7822367268392,40.4355391485723));
#5168=CARTESIAN_POINT('Ctrl Pts',(-6.98666436952149,-96.431570520893,40.4927951850877));
#5169=CARTESIAN_POINT('Ctrl Pts',(-6.76179562500948,-96.2793409714943,40.5164203055019));
#5170=CARTESIAN_POINT('Ctrl Pts',(-6.26904874884824,-96.0773468917913,40.547210658391));
#5171=CARTESIAN_POINT('Ctrl Pts',(-6.00116723980089,-96.027610372762,40.5545054611));
#5172=CARTESIAN_POINT('Ctrl Pts',(-5.74999999999996,-96.027610372762,40.5545054611));
#5173=CARTESIAN_POINT('',(-5.74999999999996,-99.950751494375,39.7741441730355));
#5174=CARTESIAN_POINT('Ctrl Pts',(-5.74999999999996,-99.950751494375,39.7741441730355));
#5175=CARTESIAN_POINT('Ctrl Pts',(-6.0011672398009,-99.950751494375,39.7741441730355));
#5176=CARTESIAN_POINT('Ctrl Pts',(-6.26904874884824,-99.9020093422863,39.7864379959349));
#5177=CARTESIAN_POINT('Ctrl Pts',(-6.76179562500947,-99.7036081884329,39.8352912068401));
#5178=CARTESIAN_POINT('Ctrl Pts',(-6.98666436952149,-99.5539254813299,39.8717201681076));
#5179=CARTESIAN_POINT('Ctrl Pts',(-7.34176272124954,-99.2080412143355,39.9530166351642));
#5180=CARTESIAN_POINT('Ctrl Pts',(-7.49567628017763,-98.9887660042661,40.0032849496984));
#5181=CARTESIAN_POINT('Ctrl Pts',(-7.69979602247702,-98.5072820239972,40.1084389325997));
#5182=CARTESIAN_POINT('Ctrl Pts',(-7.74999999999996,-98.2450442872392,40.1631962082189));
#5183=CARTESIAN_POINT('Ctrl Pts',(-7.74999999999996,-97.9987032026618,40.2121964965351));
#5184=CARTESIAN_POINT('',(19.25,-99.950751494375,39.7741441730355));
#5185=CARTESIAN_POINT('',(23.25,-99.950751494375,39.7741441730355));
#5186=CARTESIAN_POINT('',(21.25,-97.9987032026618,40.2121964965351));
#5187=CARTESIAN_POINT('Ctrl Pts',(21.25,-97.9987032026618,40.2121964965351));
#5188=CARTESIAN_POINT('Ctrl Pts',(21.25,-98.2450442872392,40.1631962082189));
#5189=CARTESIAN_POINT('Ctrl Pts',(21.1997960224771,-98.5072820239972,40.1084389325997));
#5190=CARTESIAN_POINT('Ctrl Pts',(20.9956762801777,-98.9887660042661,40.0032849496984));
#5191=CARTESIAN_POINT('Ctrl Pts',(20.8417627212496,-99.2080412143355,39.9530166351642));
#5192=CARTESIAN_POINT('Ctrl Pts',(20.4866643695216,-99.5539254813299,39.8717201681076));
#5193=CARTESIAN_POINT('Ctrl Pts',(20.2617956250096,-99.7036081884329,39.8352912068401));
#5194=CARTESIAN_POINT('Ctrl Pts',(19.7690487488483,-99.9020093422863,39.7864379959349));
#5195=CARTESIAN_POINT('Ctrl Pts',(19.501167239801,-99.950751494375,39.7741441730355));
#5196=CARTESIAN_POINT('Ctrl Pts',(19.25,-99.950751494375,39.7741441730355));
#5197=CARTESIAN_POINT('Ctrl Pts',(19.25,-96.027610372762,40.5545054611));
#5198=CARTESIAN_POINT('Ctrl Pts',(19.501167239801,-96.027610372762,40.5545054611));
#5199=CARTESIAN_POINT('Ctrl Pts',(19.7690487488483,-96.0773468917913,40.547210658391));
#5200=CARTESIAN_POINT('Ctrl Pts',(20.2617956250096,-96.2793409714943,40.5164203055019));
#5201=CARTESIAN_POINT('Ctrl Pts',(20.4866643695216,-96.431570520893,40.4927951850877));
#5202=CARTESIAN_POINT('Ctrl Pts',(20.8417627212496,-96.7822367268392,40.4355391485723));
#5203=CARTESIAN_POINT('Ctrl Pts',(20.9956762801777,-97.0040574565546,40.3980680254823));
#5204=CARTESIAN_POINT('Ctrl Pts',(21.1997960224771,-97.4891313382606,40.3109616958488));
#5205=CARTESIAN_POINT('Ctrl Pts',(21.25,-97.7523621180843,40.2611967848512));
#5206=CARTESIAN_POINT('Ctrl Pts',(21.25,-97.9987032026618,40.2121964965351));
#5207=CARTESIAN_POINT('',(19.25,-88.,40.9511904588892));
#5208=CARTESIAN_POINT('',(-5.74999999999996,-88.,40.9511904588892));
#5209=CARTESIAN_POINT('',(23.25,-88.,40.9511904588892));
#5210=CARTESIAN_POINT('',(-7.74999999999996,-90.,41.0000000000027));
#5211=CARTESIAN_POINT('Ctrl Pts',(-7.74999999999996,-90.,41.0000000000027));
#5212=CARTESIAN_POINT('Ctrl Pts',(-7.74999999999996,-89.7488328082614,41.0000000000027));
#5213=CARTESIAN_POINT('Ctrl Pts',(-7.69979602247702,-89.4809512815496,40.9974549145893));
#5214=CARTESIAN_POINT('Ctrl Pts',(-7.49567628017762,-88.9882043565664,40.9882543007402));
#5215=CARTESIAN_POINT('Ctrl Pts',(-7.34176272124955,-88.7633355965034,40.9817303491169));
#5216=CARTESIAN_POINT('Ctrl Pts',(-6.98666436952149,-88.4082372447753,40.9694746439073));
#5217=CARTESIAN_POINT('Ctrl Pts',(-6.76179562500948,-88.2543237111335,40.9629473024447));
#5218=CARTESIAN_POINT('Ctrl Pts',(-6.26904874884824,-88.050203991172,40.9537389372821));
#5219=CARTESIAN_POINT('Ctrl Pts',(-6.00116723980089,-88.,40.9511904588892));
#5220=CARTESIAN_POINT('Ctrl Pts',(-5.74999999999996,-88.,40.9511904588892));
#5221=CARTESIAN_POINT('',(-5.74999999999996,-92.,40.9511904588892));
#5222=CARTESIAN_POINT('Ctrl Pts',(-5.74999999999996,-92.,40.9511904588892));
#5223=CARTESIAN_POINT('Ctrl Pts',(-6.0011672398009,-92.,40.9511904588892));
#5224=CARTESIAN_POINT('Ctrl Pts',(-6.26904874884825,-91.949796008828,40.9537389372821));
#5225=CARTESIAN_POINT('Ctrl Pts',(-6.76179562500948,-91.7456762888665,40.9629473024447));
#5226=CARTESIAN_POINT('Ctrl Pts',(-6.98666436952149,-91.5917627552246,40.9694746439073));
#5227=CARTESIAN_POINT('Ctrl Pts',(-7.34176272124954,-91.2366644034966,40.9817303491169));
#5228=CARTESIAN_POINT('Ctrl Pts',(-7.49567628017763,-91.0117956434335,40.9882543007402));
#5229=CARTESIAN_POINT('Ctrl Pts',(-7.69979602247702,-90.5190487184504,40.9974549145893));
#5230=CARTESIAN_POINT('Ctrl Pts',(-7.74999999999997,-90.2511671917386,41.0000000000027));
#5231=CARTESIAN_POINT('Ctrl Pts',(-7.74999999999996,-90.,41.0000000000027));
#5232=CARTESIAN_POINT('',(19.25,-92.,40.9511904588892));
#5233=CARTESIAN_POINT('',(23.25,-92.,40.9511904588892));
#5234=CARTESIAN_POINT('',(21.25,-90.,41.0000000000027));
#5235=CARTESIAN_POINT('Ctrl Pts',(21.25,-90.,41.0000000000027));
#5236=CARTESIAN_POINT('Ctrl Pts',(21.25,-90.2511671917386,41.0000000000027));
#5237=CARTESIAN_POINT('Ctrl Pts',(21.1997960224771,-90.5190487184504,40.9974549145893));
#5238=CARTESIAN_POINT('Ctrl Pts',(20.9956762801777,-91.0117956434335,40.9882543007402));
#5239=CARTESIAN_POINT('Ctrl Pts',(20.8417627212496,-91.2366644034965,40.9817303491169));
#5240=CARTESIAN_POINT('Ctrl Pts',(20.4866643695216,-91.5917627552246,40.9694746439073));
#5241=CARTESIAN_POINT('Ctrl Pts',(20.2617956250096,-91.7456762888665,40.9629473024447));
#5242=CARTESIAN_POINT('Ctrl Pts',(19.7690487488483,-91.949796008828,40.9537389372821));
#5243=CARTESIAN_POINT('Ctrl Pts',(19.501167239801,-92.,40.9511904588892));
#5244=CARTESIAN_POINT('Ctrl Pts',(19.25,-92.,40.9511904588892));
#5245=CARTESIAN_POINT('Ctrl Pts',(19.25,-88.,40.9511904588892));
#5246=CARTESIAN_POINT('Ctrl Pts',(19.501167239801,-88.,40.9511904588892));
#5247=CARTESIAN_POINT('Ctrl Pts',(19.7690487488483,-88.050203991172,40.9537389372821));
#5248=CARTESIAN_POINT('Ctrl Pts',(20.2617956250096,-88.2543237111335,40.9629473024447));
#5249=CARTESIAN_POINT('Ctrl Pts',(20.4866643695216,-88.4082372447753,40.9694746439073));
#5250=CARTESIAN_POINT('Ctrl Pts',(20.8417627212496,-88.7633355965034,40.9817303491169));
#5251=CARTESIAN_POINT('Ctrl Pts',(20.9956762801777,-88.9882043565664,40.9882543007402));
#5252=CARTESIAN_POINT('Ctrl Pts',(21.1997960224771,-89.4809512815496,40.9974549145893));
#5253=CARTESIAN_POINT('Ctrl Pts',(21.25,-89.7488328082614,41.0000000000027));
#5254=CARTESIAN_POINT('Ctrl Pts',(21.25,-90.,41.0000000000027));
#5255=CARTESIAN_POINT('',(19.25,-80.049248505625,39.7741441730355));
#5256=CARTESIAN_POINT('',(-5.74999999999996,-80.049248505625,39.7741441730355));
#5257=CARTESIAN_POINT('',(23.25,-80.049248505625,39.7741441730355));
#5258=CARTESIAN_POINT('',(-7.74999999999996,-82.0012967973382,40.2121964965351));
#5259=CARTESIAN_POINT('Ctrl Pts',(-7.74999999999996,-82.0012967973382,40.2121964965351));
#5260=CARTESIAN_POINT('Ctrl Pts',(-7.74999999999996,-81.7549557127608,40.1631962082189));
#5261=CARTESIAN_POINT('Ctrl Pts',(-7.69979602247702,-81.4927179760028,40.1084389325997));
#5262=CARTESIAN_POINT('Ctrl Pts',(-7.49567628017763,-81.0112339957339,40.0032849496984));
#5263=CARTESIAN_POINT('Ctrl Pts',(-7.34176272124955,-80.7919587856645,39.9530166351642));
#5264=CARTESIAN_POINT('Ctrl Pts',(-6.98666436952149,-80.4460745186701,39.8717201681076));
#5265=CARTESIAN_POINT('Ctrl Pts',(-6.76179562500947,-80.2963918115671,39.8352912068401));
#5266=CARTESIAN_POINT('Ctrl Pts',(-6.26904874884824,-80.0979906577137,39.7864379959349));
#5267=CARTESIAN_POINT('Ctrl Pts',(-6.0011672398009,-80.049248505625,39.7741441730355));
#5268=CARTESIAN_POINT('Ctrl Pts',(-5.74999999999996,-80.049248505625,39.7741441730355));
#5269=CARTESIAN_POINT('',(-5.74999999999996,-83.9723896272379,40.5545054611));
#5270=CARTESIAN_POINT('Ctrl Pts',(-5.74999999999996,-83.9723896272379,40.5545054611));
#5271=CARTESIAN_POINT('Ctrl Pts',(-6.00116723980089,-83.9723896272379,40.5545054611));
#5272=CARTESIAN_POINT('Ctrl Pts',(-6.26904874884824,-83.9226531082086,40.547210658391));
#5273=CARTESIAN_POINT('Ctrl Pts',(-6.76179562500947,-83.7206590285056,40.5164203055019));
#5274=CARTESIAN_POINT('Ctrl Pts',(-6.98666436952149,-83.568429479107,40.4927951850877));
#5275=CARTESIAN_POINT('Ctrl Pts',(-7.34176272124955,-83.2177632731607,40.4355391485723));
#5276=CARTESIAN_POINT('Ctrl Pts',(-7.49567628017762,-82.9959425434454,40.3980680254823));
#5277=CARTESIAN_POINT('Ctrl Pts',(-7.69979602247703,-82.5108686617394,40.3109616958488));
#5278=CARTESIAN_POINT('Ctrl Pts',(-7.74999999999996,-82.2476378819156,40.2611967848512));
#5279=CARTESIAN_POINT('Ctrl Pts',(-7.74999999999996,-82.0012967973382,40.2121964965351));
#5280=CARTESIAN_POINT('',(19.25,-83.9723896272379,40.5545054611));
#5281=CARTESIAN_POINT('',(23.25,-83.9723896272379,40.5545054611));
#5282=CARTESIAN_POINT('',(21.25,-82.0012967973382,40.2121964965351));
#5283=CARTESIAN_POINT('Ctrl Pts',(21.25,-82.0012967973382,40.2121964965351));
#5284=CARTESIAN_POINT('Ctrl Pts',(21.25,-82.2476378819156,40.2611967848512));
#5285=CARTESIAN_POINT('Ctrl Pts',(21.1997960224771,-82.5108686617394,40.3109616958488));
#5286=CARTESIAN_POINT('Ctrl Pts',(20.9956762801777,-82.9959425434454,40.3980680254823));
#5287=CARTESIAN_POINT('Ctrl Pts',(20.8417627212496,-83.2177632731607,40.4355391485723));
#5288=CARTESIAN_POINT('Ctrl Pts',(20.4866643695216,-83.5684294791069,40.4927951850877));
#5289=CARTESIAN_POINT('Ctrl Pts',(20.2617956250095,-83.7206590285056,40.5164203055018));
#5290=CARTESIAN_POINT('Ctrl Pts',(19.7690487488483,-83.9226531082086,40.547210658391));
#5291=CARTESIAN_POINT('Ctrl Pts',(19.501167239801,-83.9723896272379,40.5545054611));
#5292=CARTESIAN_POINT('Ctrl Pts',(19.25,-83.9723896272379,40.5545054611));
#5293=CARTESIAN_POINT('Ctrl Pts',(19.25,-80.049248505625,39.7741441730355));
#5294=CARTESIAN_POINT('Ctrl Pts',(19.501167239801,-80.049248505625,39.7741441730355));
#5295=CARTESIAN_POINT('Ctrl Pts',(19.7690487488483,-80.0979906577137,39.7864379959349));
#5296=CARTESIAN_POINT('Ctrl Pts',(20.2617956250096,-80.2963918115671,39.8352912068401));
#5297=CARTESIAN_POINT('Ctrl Pts',(20.4866643695216,-80.4460745186701,39.8717201681076));
#5298=CARTESIAN_POINT('Ctrl Pts',(20.8417627212496,-80.7919587856645,39.9530166351642));
#5299=CARTESIAN_POINT('Ctrl Pts',(20.9956762801777,-81.0112339957339,40.0032849496984));
#5300=CARTESIAN_POINT('Ctrl Pts',(21.1997960224771,-81.4927179760028,40.1084389325997));
#5301=CARTESIAN_POINT('Ctrl Pts',(21.25,-81.7549557127608,40.1631962082189));
#5302=CARTESIAN_POINT('Ctrl Pts',(21.25,-82.0012967973382,40.2121964965351));
#5303=CARTESIAN_POINT('Origin',(23.25,-102.02806327646,41.28347967187));
#5304=CARTESIAN_POINT('',(23.25,-102.651219003488,39.3830384231406));
#5305=CARTESIAN_POINT('',(23.25,-103.492846256657,39.9217121363027));
#5306=CARTESIAN_POINT('Origin',(23.25,-102.02806327646,41.28347967187));
#5307=CARTESIAN_POINT('',(-12.75,-103.492846256657,39.9217121363027));
#5308=CARTESIAN_POINT('',(23.25,-103.492846256657,39.9217121363027));
#5309=CARTESIAN_POINT('Origin',(-12.75,-102.02806327646,41.28347967187));
#5310=CARTESIAN_POINT('Origin',(23.25,-102.02806327646,41.28347967187));
#5311=CARTESIAN_POINT('Origin',(23.25,-105.69002072697,37.87906083296));
#5312=CARTESIAN_POINT('',(23.25,-108.688030282567,37.7697964537497));
#5313=CARTESIAN_POINT('Origin',(23.25,-105.69002072697,37.87906083296));
#5314=CARTESIAN_POINT('',(-12.75,-108.688030282567,37.7697964537497));
#5315=CARTESIAN_POINT('',(23.25,-108.688030282567,37.7697964537497));
#5316=CARTESIAN_POINT('Origin',(-12.75,-105.69002072697,37.87906083296));
#5317=CARTESIAN_POINT('',(19.25,-104.69796783058,40.710285135414));
#5318=CARTESIAN_POINT('',(-5.74999999999996,-104.69796783058,40.710285135414));
#5319=CARTESIAN_POINT('',(23.25,-104.69796783058,40.710285135414));
#5320=CARTESIAN_POINT('',(-7.74999999999996,-106.838071024066,40.6506994305013));
#5321=CARTESIAN_POINT('Ctrl Pts',(-7.74999999999997,-106.838071024066,40.6506994305013));
#5322=CARTESIAN_POINT('Ctrl Pts',(-7.74999999999997,-106.597747165582,40.7502448320468));
#5323=CARTESIAN_POINT('Ctrl Pts',(-7.69624453140304,-106.33250516887,40.8204494698425));
#5324=CARTESIAN_POINT('Ctrl Pts',(-7.48918232877705,-105.8286832172,40.8866056694487));
#5325=CARTESIAN_POINT('Ctrl Pts',(-7.33626985902424,-105.590096860147,40.8837366383656));
#5326=CARTESIAN_POINT('Ctrl Pts',(-6.99024335258712,-105.199629328195,40.8452754634128));
#5327=CARTESIAN_POINT('Ctrl Pts',(-6.77133350899651,-105.019223751221,40.8060121646858));
#5328=CARTESIAN_POINT('Ctrl Pts',(-6.28331796020684,-104.76771441371,40.7367462150459));
#5329=CARTESIAN_POINT('Ctrl Pts',(-6.01301823464412,-104.697967830579,40.7102851354139));
#5330=CARTESIAN_POINT('Ctrl Pts',(-5.74999999999996,-104.697967830579,40.7102851354139));
#5331=CARTESIAN_POINT('',(-5.74999999999996,-108.393485960626,39.1795514059573));
#5332=CARTESIAN_POINT('Ctrl Pts',(-5.74999999999996,-108.393485960626,39.1795514059573));
#5333=CARTESIAN_POINT('Ctrl Pts',(-6.01301823464403,-108.393485960626,39.1795514059573));
#5334=CARTESIAN_POINT('Ctrl Pts',(-6.28331796020674,-108.362878487575,39.2475804966986));
#5335=CARTESIAN_POINT('Ctrl Pts',(-6.77133350899645,-108.234012952185,39.4744028774797));
#5336=CARTESIAN_POINT('Ctrl Pts',(-6.9902433525871,-108.134210290124,39.6297322291027));
#5337=CARTESIAN_POINT('Ctrl Pts',(-7.33626985902427,-107.885304208069,39.9330306264001));
#5338=CARTESIAN_POINT('Ctrl Pts',(-7.48918232877709,-107.718626888433,40.1037653687046));
#5339=CARTESIAN_POINT('Ctrl Pts',(-7.69624453140306,-107.315591472536,40.4132417898815));
#5340=CARTESIAN_POINT('Ctrl Pts',(-7.74999999999997,-107.078394882549,40.5511540289558));
#5341=CARTESIAN_POINT('Ctrl Pts',(-7.74999999999997,-106.838071024066,40.6506994305013));
#5342=CARTESIAN_POINT('',(19.25,-108.393485960626,39.1795514059573));
#5343=CARTESIAN_POINT('',(23.25,-108.393485960626,39.1795514059573));
#5344=CARTESIAN_POINT('',(21.25,-106.838071024066,40.6506994305013));
#5345=CARTESIAN_POINT('Ctrl Pts',(21.25,-106.838071024066,40.6506994305013));
#5346=CARTESIAN_POINT('Ctrl Pts',(21.25,-107.078394882549,40.5511540289558));
#5347=CARTESIAN_POINT('Ctrl Pts',(21.1962445314031,-107.315591472536,40.4132417898815));
#5348=CARTESIAN_POINT('Ctrl Pts',(20.9891823287772,-107.718626888432,40.1037653687046));
#5349=CARTESIAN_POINT('Ctrl Pts',(20.8362698590244,-107.885304208069,39.9330306264002));
#5350=CARTESIAN_POINT('Ctrl Pts',(20.4902433525872,-108.134210290124,39.6297322291027));
#5351=CARTESIAN_POINT('Ctrl Pts',(20.2713335089966,-108.234012952185,39.4744028774797));
#5352=CARTESIAN_POINT('Ctrl Pts',(19.7833179602068,-108.362878487575,39.2475804966986));
#5353=CARTESIAN_POINT('Ctrl Pts',(19.5130182346441,-108.393485960626,39.1795514059573));
#5354=CARTESIAN_POINT('Ctrl Pts',(19.25,-108.393485960626,39.1795514059573));
#5355=CARTESIAN_POINT('Ctrl Pts',(19.25,-104.697967830579,40.7102851354139));
#5356=CARTESIAN_POINT('Ctrl Pts',(19.5130182346442,-104.697967830579,40.7102851354139));
#5357=CARTESIAN_POINT('Ctrl Pts',(19.7833179602069,-104.76771441371,40.7367462150459));
#5358=CARTESIAN_POINT('Ctrl Pts',(20.2713335089965,-105.019223751221,40.8060121646858));
#5359=CARTESIAN_POINT('Ctrl Pts',(20.4902433525871,-105.199629328195,40.8452754634128));
#5360=CARTESIAN_POINT('Ctrl Pts',(20.8362698590243,-105.590096860147,40.8837366383656));
#5361=CARTESIAN_POINT('Ctrl Pts',(20.9891823287771,-105.828683217199,40.8866056694487));
#5362=CARTESIAN_POINT('Ctrl Pts',(21.1962445314031,-106.33250516887,40.8204494698425));
#5363=CARTESIAN_POINT('Ctrl Pts',(21.25,-106.597747165582,40.7502448320468));
#5364=CARTESIAN_POINT('Ctrl Pts',(21.25,-106.838071024066,40.6506994305013));
#5365=CARTESIAN_POINT('Origin',(23.25,-110.68670331963,37.69695353428));
#5366=CARTESIAN_POINT('',(23.25,-108.902250785092,36.7937762803694));
#5367=CARTESIAN_POINT('Origin',(23.25,-110.68670331963,37.69695353428));
#5368=CARTESIAN_POINT('',(23.25,-109.7245310722,35.94360685827));
#5369=CARTESIAN_POINT('Origin',(23.25,-110.68670331963,37.69695353428));
#5370=CARTESIAN_POINT('',(-12.75,-109.7245310722,35.94360685827));
#5371=CARTESIAN_POINT('',(23.25,-109.7245310722,35.94360685827));
#5372=CARTESIAN_POINT('Origin',(-12.75,-110.68670331963,37.69695353428));
#5373=CARTESIAN_POINT('Origin',(23.25,-90.,0.));
#5374=CARTESIAN_POINT('',(23.25,-125.94360685827,19.7245310722));
#5375=CARTESIAN_POINT('Origin',(23.25,-90.,0.));
#5376=CARTESIAN_POINT('',(-12.75,-125.94360685827,19.7245310722));
#5377=CARTESIAN_POINT('',(23.25,-125.94360685827,19.7245310722));
#5378=CARTESIAN_POINT('Origin',(-12.75,-90.,0.));
#5379=CARTESIAN_POINT('',(19.25,-122.938529988139,24.4142016502792));
#5380=CARTESIAN_POINT('',(-5.74999999999997,-122.938529988139,24.4142016502792));
#5381=CARTESIAN_POINT('',(23.25,-122.938529988139,24.4142016502792));
#5382=CARTESIAN_POINT('',(-7.74999999999996,-124.090254104405,22.7783795538041));
#5383=CARTESIAN_POINT('Ctrl Pts',(-7.74999999999996,-124.090254104405,22.7783795538041));
#5384=CARTESIAN_POINT('Ctrl Pts',(-7.74999999999996,-123.950713089164,22.9872174413421));
#5385=CARTESIAN_POINT('Ctrl Pts',(-7.69979602247702,-123.799769925765,23.208538816804));
#5386=CARTESIAN_POINT('Ctrl Pts',(-7.49567628017762,-123.518364371002,23.6131313243029));
#5387=CARTESIAN_POINT('Ctrl Pts',(-7.34176272124955,-123.388009514048,23.796478351728));
#5388=CARTESIAN_POINT('Ctrl Pts',(-6.98666436952149,-123.180537193575,24.0849229355694));
#5389=CARTESIAN_POINT('Ctrl Pts',(-6.76179562500947,-123.089600129749,24.2092709650974));
#5390=CARTESIAN_POINT('Ctrl Pts',(-6.26904874884824,-122.968540813555,24.3738744159379));
#5391=CARTESIAN_POINT('Ctrl Pts',(-6.0011672398009,-122.938529988139,24.4142016502792));
#5392=CARTESIAN_POINT('Ctrl Pts',(-5.74999999999997,-122.938529988139,24.4142016502792));
#5393=CARTESIAN_POINT('',(-5.74999999999997,-125.160810920218,21.088323201069));
#5394=CARTESIAN_POINT('Ctrl Pts',(-5.74999999999997,-125.160810920218,21.088323201069));
#5395=CARTESIAN_POINT('Ctrl Pts',(-6.0011672398009,-125.160810920218,21.088323201069));
#5396=CARTESIAN_POINT('Ctrl Pts',(-6.26904874884824,-125.135038059485,21.1314821528794));
#5397=CARTESIAN_POINT('Ctrl Pts',(-6.76179562500948,-125.029291694914,21.3063173908781));
#5398=CARTESIAN_POINT('Ctrl Pts',(-6.98666436952149,-124.949209203239,21.4379182136409));
#5399=CARTESIAN_POINT('Ctrl Pts',(-7.34176272124955,-124.762117375684,21.7399806074806));
#5400=CARTESIAN_POINT('Ctrl Pts',(-7.49567628017762,-124.642611453783,21.9305766615527));
#5401=CARTESIAN_POINT('Ctrl Pts',(-7.69979602247702,-124.376505960681,22.3453923434118));
#5402=CARTESIAN_POINT('Ctrl Pts',(-7.74999999999996,-124.229795119646,22.569541666266));
#5403=CARTESIAN_POINT('Ctrl Pts',(-7.74999999999996,-124.090254104405,22.7783795538041));
#5404=CARTESIAN_POINT('',(19.25,-125.160810920218,21.088323201069));
#5405=CARTESIAN_POINT('',(23.25,-125.160810920218,21.088323201069));
#5406=CARTESIAN_POINT('',(21.25,-124.090254104405,22.7783795538041));
#5407=CARTESIAN_POINT('Ctrl Pts',(21.25,-124.090254104405,22.7783795538041));
#5408=CARTESIAN_POINT('Ctrl Pts',(21.25,-124.229795119646,22.569541666266));
#5409=CARTESIAN_POINT('Ctrl Pts',(21.1997960224771,-124.376505960681,22.3453923434118));
#5410=CARTESIAN_POINT('Ctrl Pts',(20.9956762801777,-124.642611453783,21.9305766615527));
#5411=CARTESIAN_POINT('Ctrl Pts',(20.8417627212496,-124.762117375684,21.7399806074806));
#5412=CARTESIAN_POINT('Ctrl Pts',(20.4866643695216,-124.949209203239,21.4379182136409));
#5413=CARTESIAN_POINT('Ctrl Pts',(20.2617956250096,-125.029291694914,21.3063173908781));
#5414=CARTESIAN_POINT('Ctrl Pts',(19.7690487488483,-125.135038059485,21.1314821528794));
#5415=CARTESIAN_POINT('Ctrl Pts',(19.501167239801,-125.160810920218,21.088323201069));
#5416=CARTESIAN_POINT('Ctrl Pts',(19.25,-125.160810920218,21.088323201069));
#5417=CARTESIAN_POINT('Ctrl Pts',(19.25,-122.938529988139,24.4142016502792));
#5418=CARTESIAN_POINT('Ctrl Pts',(19.501167239801,-122.938529988139,24.4142016502792));
#5419=CARTESIAN_POINT('Ctrl Pts',(19.7690487488483,-122.968540813555,24.3738744159379));
#5420=CARTESIAN_POINT('Ctrl Pts',(20.2617956250095,-123.089600129749,24.2092709650974));
#5421=CARTESIAN_POINT('Ctrl Pts',(20.4866643695216,-123.180537193575,24.0849229355694));
#5422=CARTESIAN_POINT('Ctrl Pts',(20.8417627212496,-123.388009514048,23.796478351728));
#5423=CARTESIAN_POINT('Ctrl Pts',(20.9956762801777,-123.518364371002,23.6131313243029));
#5424=CARTESIAN_POINT('Ctrl Pts',(21.1997960224771,-123.799769925765,23.208538816804));
#5425=CARTESIAN_POINT('Ctrl Pts',(21.25,-123.950713089164,22.9872174413421));
#5426=CARTESIAN_POINT('Ctrl Pts',(21.25,-124.090254104405,22.7783795538041));
#5427=CARTESIAN_POINT('',(19.25,-117.542650908768,30.3710780335141));
#5428=CARTESIAN_POINT('',(-5.74999999999996,-117.542650908768,30.3710780335141));
#5429=CARTESIAN_POINT('',(23.25,-117.542650908768,30.3710780335141));
#5430=CARTESIAN_POINT('',(-7.74999999999996,-118.991378028649,28.9913780286489));
#5431=CARTESIAN_POINT('Ctrl Pts',(-7.74999999999997,-118.991378028649,28.9913780286489));
#5432=CARTESIAN_POINT('Ctrl Pts',(-7.74999999999997,-118.813776004159,29.1689800531389));
#5433=CARTESIAN_POINT('Ctrl Pts',(-7.69979602247703,-118.622555512912,29.3566012500769));
#5434=CARTESIAN_POINT('Ctrl Pts',(-7.49567628017763,-118.267625004404,29.6985201256975));
#5435=CARTESIAN_POINT('Ctrl Pts',(-7.34176272124955,-118.104005648853,29.8529132203821));
#5436=CARTESIAN_POINT('Ctrl Pts',(-6.98666436952149,-117.844247104096,30.0953395806153));
#5437=CARTESIAN_POINT('Ctrl Pts',(-6.76179562500948,-117.73079827333,30.1995573565585));
#5438=CARTESIAN_POINT('Ctrl Pts',(-6.26904874884824,-117.579952537722,30.3373804972671));
#5439=CARTESIAN_POINT('Ctrl Pts',(-6.0011672398009,-117.542650908768,30.3710780335141));
#5440=CARTESIAN_POINT('Ctrl Pts',(-5.74999999999996,-117.542650908768,30.3710780335141));
#5441=CARTESIAN_POINT('',(-5.74999999999996,-120.371078033514,27.5426509087679));
#5442=CARTESIAN_POINT('Ctrl Pts',(-5.74999999999996,-120.371078033514,27.5426509087679));
#5443=CARTESIAN_POINT('Ctrl Pts',(-6.00116723980089,-120.371078033514,27.5426509087679));
#5444=CARTESIAN_POINT('Ctrl Pts',(-6.26904874884824,-120.337380497267,27.5799525377216));
#5445=CARTESIAN_POINT('Ctrl Pts',(-6.76179562500947,-120.199557356559,27.7307982733303));
#5446=CARTESIAN_POINT('Ctrl Pts',(-6.98666436952148,-120.095339580615,27.8442471040962));
#5447=CARTESIAN_POINT('Ctrl Pts',(-7.34176272124954,-119.852913220382,28.1040056488532));
#5448=CARTESIAN_POINT('Ctrl Pts',(-7.49567628017762,-119.698520125698,28.2676250044037));
#5449=CARTESIAN_POINT('Ctrl Pts',(-7.69979602247702,-119.356601250077,28.622555512912));
#5450=CARTESIAN_POINT('Ctrl Pts',(-7.74999999999997,-119.168980053139,28.813776004159));
#5451=CARTESIAN_POINT('Ctrl Pts',(-7.74999999999997,-118.991378028649,28.9913780286489));
#5452=CARTESIAN_POINT('',(19.25,-120.371078033514,27.5426509087679));
#5453=CARTESIAN_POINT('',(23.25,-120.371078033514,27.5426509087679));
#5454=CARTESIAN_POINT('',(21.25,-118.991378028649,28.9913780286489));
#5455=CARTESIAN_POINT('Ctrl Pts',(21.25,-118.991378028649,28.9913780286489));
#5456=CARTESIAN_POINT('Ctrl Pts',(21.25,-119.168980053139,28.813776004159));
#5457=CARTESIAN_POINT('Ctrl Pts',(21.1997960224771,-119.356601250077,28.622555512912));
#5458=CARTESIAN_POINT('Ctrl Pts',(20.9956762801777,-119.698520125698,28.2676250044037));
#5459=CARTESIAN_POINT('Ctrl Pts',(20.8417627212496,-119.852913220382,28.1040056488532));
#5460=CARTESIAN_POINT('Ctrl Pts',(20.4866643695216,-120.095339580615,27.8442471040962));
#5461=CARTESIAN_POINT('Ctrl Pts',(20.2617956250096,-120.199557356559,27.7307982733303));
#5462=CARTESIAN_POINT('Ctrl Pts',(19.7690487488483,-120.337380497267,27.5799525377216));
#5463=CARTESIAN_POINT('Ctrl Pts',(19.501167239801,-120.371078033514,27.5426509087679));
#5464=CARTESIAN_POINT('Ctrl Pts',(19.25,-120.371078033514,27.5426509087679));
#5465=CARTESIAN_POINT('Ctrl Pts',(19.25,-117.542650908768,30.3710780335141));
#5466=CARTESIAN_POINT('Ctrl Pts',(19.501167239801,-117.542650908768,30.3710780335141));
#5467=CARTESIAN_POINT('Ctrl Pts',(19.7690487488483,-117.579952537722,30.3373804972671));
#5468=CARTESIAN_POINT('Ctrl Pts',(20.2617956250096,-117.73079827333,30.1995573565585));
#5469=CARTESIAN_POINT('Ctrl Pts',(20.4866643695216,-117.844247104096,30.0953395806153));
#5470=CARTESIAN_POINT('Ctrl Pts',(20.8417627212496,-118.104005648853,29.8529132203821));
#5471=CARTESIAN_POINT('Ctrl Pts',(20.9956762801777,-118.267625004404,29.6985201256975));
#5472=CARTESIAN_POINT('Ctrl Pts',(21.1997960224771,-118.622555512912,29.3566012500769));
#5473=CARTESIAN_POINT('Ctrl Pts',(21.25,-118.813776004159,29.1689800531389));
#5474=CARTESIAN_POINT('Ctrl Pts',(21.25,-118.991378028649,28.9913780286489));
#5475=CARTESIAN_POINT('',(19.25,-111.088323201069,35.1608109202178));
#5476=CARTESIAN_POINT('',(-5.74999999999996,-111.088323201069,35.1608109202178));
#5477=CARTESIAN_POINT('',(23.25,-111.088323201069,35.1608109202178));
#5478=CARTESIAN_POINT('',(-7.74999999999996,-112.778379553804,34.0902541044049));
#5479=CARTESIAN_POINT('Ctrl Pts',(-7.74999999999996,-112.778379553804,34.0902541044049));
#5480=CARTESIAN_POINT('Ctrl Pts',(-7.74999999999996,-112.569541666266,34.229795119646));
#5481=CARTESIAN_POINT('Ctrl Pts',(-7.69979602247703,-112.345392343412,34.376505960681));
#5482=CARTESIAN_POINT('Ctrl Pts',(-7.49567628017763,-111.930576661553,34.6426114537835));
#5483=CARTESIAN_POINT('Ctrl Pts',(-7.34176272124955,-111.739980607481,34.7621173756837));
#5484=CARTESIAN_POINT('Ctrl Pts',(-6.98666436952149,-111.437918213641,34.949209203239));
#5485=CARTESIAN_POINT('Ctrl Pts',(-6.76179562500948,-111.306317390878,35.029291694914));
#5486=CARTESIAN_POINT('Ctrl Pts',(-6.26904874884824,-111.131482152879,35.1350380594852));
#5487=CARTESIAN_POINT('Ctrl Pts',(-6.00116723980089,-111.088323201069,35.1608109202178));
#5488=CARTESIAN_POINT('Ctrl Pts',(-5.74999999999996,-111.088323201069,35.1608109202178));
#5489=CARTESIAN_POINT('',(-5.74999999999996,-114.414201650279,32.9385299881394));
#5490=CARTESIAN_POINT('Ctrl Pts',(-5.74999999999996,-114.414201650279,32.9385299881394));
#5491=CARTESIAN_POINT('Ctrl Pts',(-6.00116723980089,-114.414201650279,32.9385299881394));
#5492=CARTESIAN_POINT('Ctrl Pts',(-6.26904874884824,-114.373874415938,32.9685408135547));
#5493=CARTESIAN_POINT('Ctrl Pts',(-6.76179562500947,-114.209270965097,33.0896001297492));
#5494=CARTESIAN_POINT('Ctrl Pts',(-6.98666436952149,-114.084922935569,33.1805371935748));
#5495=CARTESIAN_POINT('Ctrl Pts',(-7.34176272124954,-113.796478351728,33.3880095140484));
#5496=CARTESIAN_POINT('Ctrl Pts',(-7.49567628017761,-113.613131324303,33.5183643710023));
#5497=CARTESIAN_POINT('Ctrl Pts',(-7.69979602247702,-113.208538816804,33.799769925765));
#5498=CARTESIAN_POINT('Ctrl Pts',(-7.74999999999996,-112.987217441342,33.9507130891638));
#5499=CARTESIAN_POINT('Ctrl Pts',(-7.74999999999996,-112.778379553804,34.0902541044049));
#5500=CARTESIAN_POINT('',(19.25,-114.414201650279,32.9385299881394));
#5501=CARTESIAN_POINT('',(23.25,-114.414201650279,32.9385299881394));
#5502=CARTESIAN_POINT('',(21.25,-112.778379553804,34.0902541044049));
#5503=CARTESIAN_POINT('Ctrl Pts',(21.25,-112.778379553804,34.0902541044049));
#5504=CARTESIAN_POINT('Ctrl Pts',(21.25,-112.987217441342,33.9507130891638));
#5505=CARTESIAN_POINT('Ctrl Pts',(21.1997960224771,-113.208538816804,33.799769925765));
#5506=CARTESIAN_POINT('Ctrl Pts',(20.9956762801777,-113.613131324303,33.5183643710023));
#5507=CARTESIAN_POINT('Ctrl Pts',(20.8417627212496,-113.796478351728,33.3880095140484));
#5508=CARTESIAN_POINT('Ctrl Pts',(20.4866643695216,-114.084922935569,33.1805371935748));
#5509=CARTESIAN_POINT('Ctrl Pts',(20.2617956250095,-114.209270965097,33.0896001297492));
#5510=CARTESIAN_POINT('Ctrl Pts',(19.7690487488483,-114.373874415938,32.9685408135547));
#5511=CARTESIAN_POINT('Ctrl Pts',(19.501167239801,-114.414201650279,32.9385299881394));
#5512=CARTESIAN_POINT('Ctrl Pts',(19.25,-114.414201650279,32.9385299881394));
#5513=CARTESIAN_POINT('Ctrl Pts',(19.25,-111.088323201069,35.1608109202178));
#5514=CARTESIAN_POINT('Ctrl Pts',(19.501167239801,-111.088323201069,35.1608109202178));
#5515=CARTESIAN_POINT('Ctrl Pts',(19.7690487488483,-111.131482152879,35.1350380594852));
#5516=CARTESIAN_POINT('Ctrl Pts',(20.2617956250096,-111.306317390878,35.029291694914));
#5517=CARTESIAN_POINT('Ctrl Pts',(20.4866643695216,-111.437918213641,34.949209203239));
#5518=CARTESIAN_POINT('Ctrl Pts',(20.8417627212496,-111.739980607481,34.7621173756837));
#5519=CARTESIAN_POINT('Ctrl Pts',(20.9956762801777,-111.930576661553,34.6426114537835));
#5520=CARTESIAN_POINT('Ctrl Pts',(21.1997960224771,-112.345392343412,34.376505960681));
#5521=CARTESIAN_POINT('Ctrl Pts',(21.25,-112.569541666266,34.229795119646));
#5522=CARTESIAN_POINT('Ctrl Pts',(21.25,-112.778379553804,34.0902541044049));
#5523=CARTESIAN_POINT('Origin',(23.25,-127.69695353428,20.68670331963));
#5524=CARTESIAN_POINT('',(23.25,-126.793776280373,18.9022507850904));
#5525=CARTESIAN_POINT('',(23.25,-127.76979645375,18.6880302825669));
#5526=CARTESIAN_POINT('Origin',(23.25,-127.69695353428,20.68670331963));
#5527=CARTESIAN_POINT('',(-12.75,-127.76979645375,18.6880302825669));
#5528=CARTESIAN_POINT('',(23.25,-127.76979645375,18.6880302825669));
#5529=CARTESIAN_POINT('Origin',(-12.75,-127.69695353428,20.68670331963));
#5530=CARTESIAN_POINT('Origin',(23.25,-127.69695353428,20.68670331963));
#5531=CARTESIAN_POINT('Origin',(23.25,-127.87906083296,15.69002072697));
#5532=CARTESIAN_POINT('',(23.25,-129.921712136308,13.492846256662));
#5533=CARTESIAN_POINT('Origin',(23.25,-127.87906083296,15.69002072697));
#5534=CARTESIAN_POINT('',(-12.75,-129.921712136308,13.492846256662));
#5535=CARTESIAN_POINT('',(23.25,-129.921712136308,13.492846256662));
#5536=CARTESIAN_POINT('Origin',(-12.75,-127.87906083296,15.69002072697));
#5537=CARTESIAN_POINT('',(19.25,-129.179551405951,18.3934859606238));
#5538=CARTESIAN_POINT('',(-5.74999999999997,-129.179551405951,18.3934859606238));
#5539=CARTESIAN_POINT('',(23.25,-129.179551405951,18.3934859606238));
#5540=CARTESIAN_POINT('',(-7.74999999999996,-130.650699430497,16.8380710240641));
#5541=CARTESIAN_POINT('Ctrl Pts',(-7.74999999999997,-130.650699430497,16.8380710240641));
#5542=CARTESIAN_POINT('Ctrl Pts',(-7.74999999999997,-130.551154028951,17.0783948825476));
#5543=CARTESIAN_POINT('Ctrl Pts',(-7.69624453140306,-130.413241789877,17.3155914725346));
#5544=CARTESIAN_POINT('Ctrl Pts',(-7.4891823287771,-130.1037653687,17.7186268884306));
#5545=CARTESIAN_POINT('Ctrl Pts',(-7.3362698590243,-129.933030626395,17.885304208067));
#5546=CARTESIAN_POINT('Ctrl Pts',(-6.99024335258717,-129.629732229098,18.1342102901223));
#5547=CARTESIAN_POINT('Ctrl Pts',(-6.77133350899654,-129.474402877474,18.2340129521825));
#5548=CARTESIAN_POINT('Ctrl Pts',(-6.28331796020683,-129.247580496693,18.3628784875729));
#5549=CARTESIAN_POINT('Ctrl Pts',(-6.01301823464411,-129.179551405951,18.3934859606238));
#5550=CARTESIAN_POINT('Ctrl Pts',(-5.74999999999997,-129.179551405951,18.3934859606238));
#5551=CARTESIAN_POINT('',(-5.74999999999997,-130.710285135408,14.6979678305771));
#5552=CARTESIAN_POINT('Ctrl Pts',(-5.74999999999997,-130.710285135408,14.6979678305771));
#5553=CARTESIAN_POINT('Ctrl Pts',(-6.01301823464416,-130.710285135408,14.6979678305771));
#5554=CARTESIAN_POINT('Ctrl Pts',(-6.28331796020685,-130.73674621504,14.7677144137077));
#5555=CARTESIAN_POINT('Ctrl Pts',(-6.77133350899647,-130.806012164681,15.0192237512191));
#5556=CARTESIAN_POINT('Ctrl Pts',(-6.99024335258705,-130.845275463408,15.1996293281926));
#5557=CARTESIAN_POINT('Ctrl Pts',(-7.33626985902416,-130.883736638361,15.5900968601449));
#5558=CARTESIAN_POINT('Ctrl Pts',(-7.48918232877699,-130.886605669444,15.8286832171976));
#5559=CARTESIAN_POINT('Ctrl Pts',(-7.69624453140302,-130.820449469838,16.332505168868));
#5560=CARTESIAN_POINT('Ctrl Pts',(-7.74999999999997,-130.750244832042,16.5977471655805));
#5561=CARTESIAN_POINT('Ctrl Pts',(-7.74999999999997,-130.650699430497,16.8380710240641));
#5562=CARTESIAN_POINT('',(19.25,-130.710285135408,14.6979678305771));
#5563=CARTESIAN_POINT('',(23.25,-130.710285135408,14.6979678305771));
#5564=CARTESIAN_POINT('',(21.25,-130.650699430497,16.8380710240641));
#5565=CARTESIAN_POINT('Ctrl Pts',(21.25,-130.650699430497,16.8380710240641));
#5566=CARTESIAN_POINT('Ctrl Pts',(21.25,-130.750244832042,16.5977471655805));
#5567=CARTESIAN_POINT('Ctrl Pts',(21.1962445314031,-130.820449469838,16.332505168868));
#5568=CARTESIAN_POINT('Ctrl Pts',(20.9891823287771,-130.886605669444,15.8286832171976));
#5569=CARTESIAN_POINT('Ctrl Pts',(20.8362698590242,-130.883736638361,15.5900968601449));
#5570=CARTESIAN_POINT('Ctrl Pts',(20.4902433525871,-130.845275463408,15.1996293281926));
#5571=CARTESIAN_POINT('Ctrl Pts',(20.2713335089965,-130.806012164681,15.0192237512191));
#5572=CARTESIAN_POINT('Ctrl Pts',(19.7833179602069,-130.73674621504,14.7677144137077));
#5573=CARTESIAN_POINT('Ctrl Pts',(19.5130182346442,-130.710285135408,14.6979678305771));
#5574=CARTESIAN_POINT('Ctrl Pts',(19.25,-130.710285135408,14.6979678305771));
#5575=CARTESIAN_POINT('Ctrl Pts',(19.25,-129.179551405951,18.3934859606238));
#5576=CARTESIAN_POINT('Ctrl Pts',(19.5130182346442,-129.179551405951,18.3934859606238));
#5577=CARTESIAN_POINT('Ctrl Pts',(19.7833179602069,-129.247580496693,18.3628784875729));
#5578=CARTESIAN_POINT('Ctrl Pts',(20.2713335089966,-129.474402877474,18.2340129521825));
#5579=CARTESIAN_POINT('Ctrl Pts',(20.4902433525872,-129.629732229098,18.1342102901223));
#5580=CARTESIAN_POINT('Ctrl Pts',(20.8362698590244,-129.933030626395,17.885304208067));
#5581=CARTESIAN_POINT('Ctrl Pts',(20.9891823287772,-130.1037653687,17.7186268884306));
#5582=CARTESIAN_POINT('Ctrl Pts',(21.1962445314031,-130.413241789877,17.3155914725346));
#5583=CARTESIAN_POINT('Ctrl Pts',(21.25,-130.551154028951,17.0783948825476));
#5584=CARTESIAN_POINT('Ctrl Pts',(21.25,-130.650699430497,16.8380710240641));
#5585=CARTESIAN_POINT('Origin',(23.25,-131.28347967187,12.02806327646));
#5586=CARTESIAN_POINT('',(23.25,-129.383038423139,12.6512190034841));
#5587=CARTESIAN_POINT('Origin',(23.25,-131.28347967187,12.02806327646));
#5588=CARTESIAN_POINT('',(23.25,-129.363317826665,11.4686184729114));
#5589=CARTESIAN_POINT('Origin',(23.25,-131.28347967187,12.02806327646));
#5590=CARTESIAN_POINT('',(-12.75,-129.363317826665,11.4686184729114));
#5591=CARTESIAN_POINT('',(23.25,-129.363317826665,11.4686184729114));
#5592=CARTESIAN_POINT('Origin',(-12.75,-131.28347967187,12.02806327646));
#5593=CARTESIAN_POINT('Origin',(23.25,-90.,0.));
#5594=CARTESIAN_POINT('',(-7.74999999999996,-130.212196496535,7.99870320266181));
#5595=CARTESIAN_POINT('',(-7.74068578813734,-130.249364440327,7.80952381070871));
#5596=CARTESIAN_POINT('Ctrl Pts',(-7.74068578813734,-130.249364440326,7.80952381070865));
#5597=CARTESIAN_POINT('Ctrl Pts',(-7.74697353683312,-130.236997947022,7.87325925834056));
#5598=CARTESIAN_POINT('Ctrl Pts',(-7.74999999999996,-130.224564253715,7.93652628856002));
#5599=CARTESIAN_POINT('Ctrl Pts',(-7.74999999999996,-130.212196496535,7.99870320266181));
#5600=CARTESIAN_POINT('',(-12.75,-130.249364440556,7.80952380952525));
#5601=CARTESIAN_POINT('',(23.25,-130.249364440556,7.80952380952525));
#5602=CARTESIAN_POINT('Origin',(-12.75,-90.,0.));
#5603=CARTESIAN_POINT('',(23.25,-130.249364440556,7.80952380952525));
#5604=CARTESIAN_POINT('Origin',(23.25,-90.,0.));
#5605=CARTESIAN_POINT('',(21.2406857880433,-130.249364440512,7.80952380975469));
#5606=CARTESIAN_POINT('',(23.25,-130.249364440556,7.8095238095237));
#5607=CARTESIAN_POINT('',(21.25,-130.212196496535,7.9987032026618));
#5608=CARTESIAN_POINT('Ctrl Pts',(21.25,-130.212196496535,7.99870320266181));
#5609=CARTESIAN_POINT('Ctrl Pts',(21.25,-130.224564253777,7.93652628824984));
#5610=CARTESIAN_POINT('Ctrl Pts',(21.2469735368029,-130.236997947146,7.87325925770926));
#5611=CARTESIAN_POINT('Ctrl Pts',(21.2406857880433,-130.249364440511,7.80952380975463));
#5612=CARTESIAN_POINT('',(19.25,-129.774144173035,9.95075149437498));
#5613=CARTESIAN_POINT('Ctrl Pts',(19.25,-129.774144173035,9.95075149437498));
#5614=CARTESIAN_POINT('Ctrl Pts',(19.501167239801,-129.774144173035,9.95075149437498));
#5615=CARTESIAN_POINT('Ctrl Pts',(19.7690487488483,-129.786437995935,9.90200934228633));
#5616=CARTESIAN_POINT('Ctrl Pts',(20.2617956250096,-129.83529120684,9.7036081884329));
#5617=CARTESIAN_POINT('Ctrl Pts',(20.4866643695216,-129.871720168108,9.55392548132994));
#5618=CARTESIAN_POINT('Ctrl Pts',(20.8417627212496,-129.953016635164,9.20804121433549));
#5619=CARTESIAN_POINT('Ctrl Pts',(20.9956762801777,-130.003284949698,8.98876600426613));
#5620=CARTESIAN_POINT('Ctrl Pts',(21.1997960224771,-130.1084389326,8.50728202399725));
#5621=CARTESIAN_POINT('Ctrl Pts',(21.25,-130.163196208219,8.24504428723924));
#5622=CARTESIAN_POINT('Ctrl Pts',(21.25,-130.212196496535,7.9987032026618));
#5623=CARTESIAN_POINT('',(-5.74999999999996,-129.774144173035,9.95075149437498));
#5624=CARTESIAN_POINT('',(23.25,-129.774144173035,9.95075149437498));
#5625=CARTESIAN_POINT('Ctrl Pts',(-7.74999999999996,-130.212196496535,7.9987032026618));
#5626=CARTESIAN_POINT('Ctrl Pts',(-7.74999999999996,-130.163196208219,8.24504428723924));
#5627=CARTESIAN_POINT('Ctrl Pts',(-7.69979602247702,-130.1084389326,8.50728202399724));
#5628=CARTESIAN_POINT('Ctrl Pts',(-7.49567628017763,-130.003284949698,8.98876600426612));
#5629=CARTESIAN_POINT('Ctrl Pts',(-7.34176272124954,-129.953016635164,9.20804121433549));
#5630=CARTESIAN_POINT('Ctrl Pts',(-6.98666436952148,-129.871720168108,9.55392548132994));
#5631=CARTESIAN_POINT('Ctrl Pts',(-6.76179562500947,-129.83529120684,9.7036081884329));
#5632=CARTESIAN_POINT('Ctrl Pts',(-6.26904874884824,-129.786437995935,9.90200934228632));
#5633=CARTESIAN_POINT('Ctrl Pts',(-6.00116723980089,-129.774144173035,9.95075149437498));
#5634=CARTESIAN_POINT('Ctrl Pts',(-5.74999999999996,-129.774144173035,9.95075149437498));
#5635=CARTESIAN_POINT('Origin',(23.25,-131.23105625618,8.));
#5636=CARTESIAN_POINT('',(-7.3660597096419,-131.23105625618,6.99999999999999));
#5637=CARTESIAN_POINT('',(-12.75,-131.23105625618,6.99999999999999));
#5638=CARTESIAN_POINT('',(23.25,-131.23105625618,6.99999999999999));
#5639=CARTESIAN_POINT('Origin',(-12.75,-131.23105625618,8.));
#5640=CARTESIAN_POINT('Ctrl Pts',(-7.3660597096419,-131.23105625618,6.99999999999999));
#5641=CARTESIAN_POINT('Ctrl Pts',(-7.37549750603378,-131.164705994494,6.99999999999999));
#5642=CARTESIAN_POINT('Ctrl Pts',(-7.3895499304227,-131.098070902637,7.00668420455334));
#5643=CARTESIAN_POINT('Ctrl Pts',(-7.44108486618085,-130.904114331066,7.04580608130764));
#5644=CARTESIAN_POINT('Ctrl Pts',(-7.48787879277789,-130.782251801372,7.0981419943737));
#5645=CARTESIAN_POINT('Ctrl Pts',(-7.57584482421465,-130.577395543981,7.2331532276993));
#5646=CARTESIAN_POINT('Ctrl Pts',(-7.62358685066398,-130.479874723185,7.3264348575889));
#5647=CARTESIAN_POINT('Ctrl Pts',(-7.69951404524286,-130.329018392454,7.54801388799953));
#5648=CARTESIAN_POINT('Ctrl Pts',(-7.72723768560596,-130.275803110251,7.67655097002575));
#5649=CARTESIAN_POINT('Ctrl Pts',(-7.74038018337652,-130.249965430909,7.80644575576221));
#5650=CARTESIAN_POINT('Ctrl Pts',(-7.74053386119693,-130.249663244171,7.80798381093699));
#5651=CARTESIAN_POINT('Ctrl Pts',(-7.74068578813734,-130.249364440327,7.80952381070877));
#5652=CARTESIAN_POINT('Origin',(23.25,-131.23105625618,6.99999999999999));
#5653=CARTESIAN_POINT('',(-7.23219089197135,-132.074338964364,7.));
#5654=CARTESIAN_POINT('',(-12.75,-132.07433897282,7.));
#5655=CARTESIAN_POINT('',(23.25,-132.07433897282,7.));
#5656=CARTESIAN_POINT('',(-12.75,-131.23105625618,6.99999999999999));
#5657=CARTESIAN_POINT('Origin',(-5.74999999999996,-125.191376444881,6.99999999999997));
#5658=CARTESIAN_POINT('Origin',(23.25,-90.,0.));
#5659=CARTESIAN_POINT('',(21.25,-133.5,7.46450127639822E-15));
#5660=CARTESIAN_POINT('',(23.25,-133.5,9.56270595499922E-15));
#5661=CARTESIAN_POINT('',(23.25,-133.5,9.56270595499922E-15));
#5662=CARTESIAN_POINT('',(19.25,-133.453998665255,2.00000000000001));
#5663=CARTESIAN_POINT('Ctrl Pts',(19.25,-133.453998665255,2.00000000000001));
#5664=CARTESIAN_POINT('Ctrl Pts',(19.5011624572022,-133.453998665255,2.00000000000001));
#5665=CARTESIAN_POINT('Ctrl Pts',(19.7690419088705,-133.456400255258,1.9497978768756));
#5666=CARTESIAN_POINT('Ctrl Pts',(20.2617901030916,-133.465078371424,1.74567954169329));
#5667=CARTESIAN_POINT('Ctrl Pts',(20.4866618446377,-133.471230040804,1.59176528010851));
#5668=CARTESIAN_POINT('Ctrl Pts',(20.8417652533022,-133.482780791638,1.23666187144402));
#5669=CARTESIAN_POINT('Ctrl Pts',(20.9956795346735,-133.488929623096,1.01179011755129));
#5670=CARTESIAN_POINT('Ctrl Pts',(21.1997978878151,-133.497601250253,0.519041884948691));
#5671=CARTESIAN_POINT('Ctrl Pts',(21.25,-133.5,0.251162419282288));
#5672=CARTESIAN_POINT('Ctrl Pts',(21.25,-133.5,7.47665818146004E-15));
#5673=CARTESIAN_POINT('',(-5.74999999999996,-133.453998665255,2.00000000000001));
#5674=CARTESIAN_POINT('',(23.25,-133.453998665255,2.00000000000001));
#5675=CARTESIAN_POINT('',(-7.74999999999996,-133.5,1.16278376187426E-14));
#5676=CARTESIAN_POINT('Ctrl Pts',(-7.74999999999996,-133.5,7.33788030338189E-15));
#5677=CARTESIAN_POINT('Ctrl Pts',(-7.74999999999996,-133.5,0.251162419282288));
#5678=CARTESIAN_POINT('Ctrl Pts',(-7.69979788781501,-133.497601250253,0.51904188494869));
#5679=CARTESIAN_POINT('Ctrl Pts',(-7.49567953467338,-133.488929623096,1.01179011755129));
#5680=CARTESIAN_POINT('Ctrl Pts',(-7.34176525330215,-133.482780791638,1.23666187144402));
#5681=CARTESIAN_POINT('Ctrl Pts',(-6.98666184463765,-133.471230040804,1.59176528010852));
#5682=CARTESIAN_POINT('Ctrl Pts',(-6.76179010309152,-133.465078371424,1.74567954169329));
#5683=CARTESIAN_POINT('Ctrl Pts',(-6.26904190887038,-133.456400255258,1.9497978768756));
#5684=CARTESIAN_POINT('Ctrl Pts',(-6.00116245720214,-133.453998665255,2.00000000000001));
#5685=CARTESIAN_POINT('Ctrl Pts',(-5.74999999999996,-133.453998665255,2.00000000000001));
#5686=CARTESIAN_POINT('',(-12.75,-133.5,9.56270595499922E-15));
#5687=CARTESIAN_POINT('',(23.25,-133.5,9.56270595499922E-15));
#5688=CARTESIAN_POINT('',(-12.75,-133.064323419239,6.14117647058792));
#5689=CARTESIAN_POINT('Origin',(-12.75,-90.,0.));
#5690=CARTESIAN_POINT('',(23.25,-133.064323419239,6.14117647058792));
#5691=CARTESIAN_POINT('',(23.25,-133.064323419239,6.14117647058792));
#5692=CARTESIAN_POINT('Origin',(23.25,-90.,0.));
#5693=CARTESIAN_POINT('Origin',(23.25,-93.5556319732456,0.));
#5694=CARTESIAN_POINT('',(23.25,-119.3,8.46104171431756E-15));
#5695=CARTESIAN_POINT('',(23.25,-94.0001972428334,6.49823270066476E-15));
#5696=CARTESIAN_POINT('',(23.25,-132.07433897282,7.));
#5697=CARTESIAN_POINT('Origin',(23.25,-132.07433897282,6.));
#5698=CARTESIAN_POINT('',(23.25,-131.23105625618,6.99999999999999));
#5699=CARTESIAN_POINT('',(23.25,-131.23105625618,6.99999999999999));
#5700=CARTESIAN_POINT('Origin',(23.25,-131.23105625618,8.));
#5701=CARTESIAN_POINT('',(23.25,-119.940302422086,4.83729390310606));
#5702=CARTESIAN_POINT('',(23.25,-119.940302422086,4.83729390310606));
#5703=CARTESIAN_POINT('',(23.25,-119.153845252473,2.92289359964403));
#5704=CARTESIAN_POINT('Origin',(23.25,-121.342871175867,3.14236001326913));
#5705=CARTESIAN_POINT('Origin',(23.25,-90.,0.));
#5706=CARTESIAN_POINT('Origin',(23.25,-93.5556319732456,0.));
#5707=CARTESIAN_POINT('',(23.25,-107.750507551955,24.591474194912));
#5708=CARTESIAN_POINT('',(23.25,-107.750507551955,24.591474194912));
#5709=CARTESIAN_POINT('',(23.25,-108.548083790692,22.6816795606822));
#5710=CARTESIAN_POINT('Origin',(23.25,-109.940772676,24.3847408246242));
#5711=CARTESIAN_POINT('',(23.25,-112.681679560683,18.5480837906908));
#5712=CARTESIAN_POINT('Origin',(23.25,-90.,0.));
#5713=CARTESIAN_POINT('',(23.25,-114.591474194913,17.7505075519533));
#5714=CARTESIAN_POINT('Origin',(23.25,-114.384740824625,19.9407726759987));
#5715=CARTESIAN_POINT('',(23.25,-127.568960777524,18.9754184130326));
#5716=CARTESIAN_POINT('Origin',(23.25,-93.5556319732456,0.));
#5717=CARTESIAN_POINT('',(23.25,-85.1627060968939,29.9403024220864));
#5718=CARTESIAN_POINT('',(23.25,-85.1627060968939,29.9403024220864));
#5719=CARTESIAN_POINT('',(23.25,-87.077106400356,29.1538452524733));
#5720=CARTESIAN_POINT('Origin',(23.25,-86.8576399867308,31.3428711758672));
#5721=CARTESIAN_POINT('',(23.25,-92.9228935996456,29.1538452524731));
#5722=CARTESIAN_POINT('Origin',(23.25,-90.,0.));
#5723=CARTESIAN_POINT('',(23.25,-94.8372939031077,29.9403024220861));
#5724=CARTESIAN_POINT('Origin',(23.25,-93.1423600132709,31.3428711758671));
#5725=CARTESIAN_POINT('',(23.25,-103.147619892211,39.9829139636261));
#5726=CARTESIAN_POINT('Origin',(23.25,-93.5556319732456,0.));
#5727=CARTESIAN_POINT('',(23.25,-58.3714805408654,25.0588449503961));
#5728=CARTESIAN_POINT('',(23.25,-57.5038463814553,25.));
#5729=CARTESIAN_POINT('',(23.25,-58.1681142025037,24.8));
#5730=CARTESIAN_POINT('Origin',(23.25,-90.,-2.22044604925031E-15));
#5731=CARTESIAN_POINT('',(23.25,-69.8123798818513,24.8));
#5732=CARTESIAN_POINT('',(23.25,-69.8123798818513,24.8));
#5733=CARTESIAN_POINT('',(23.25,-72.0026450058967,27.2067333702877));
#5734=CARTESIAN_POINT('Origin',(23.25,-69.8123798818513,27.));
#5735=CARTESIAN_POINT('',(23.25,-71.0245815869674,37.5689607775241));
#5736=CARTESIAN_POINT('Origin',(-5.74999999999996,-132.102037339135,1.15193808952719E-14));
#5737=CARTESIAN_POINT('',(-7.74999999999996,-136.5,9.7896461629248E-15));
#5738=CARTESIAN_POINT('',(-7.74999999999996,-132.102037339135,9.45424923152859E-15));
#5739=CARTESIAN_POINT('',(-5.74999999999996,-136.403124894774,2.00000000000001));
#5740=CARTESIAN_POINT('',(-5.74999999999996,-135.67961714238,2.00000000000001));
#5741=CARTESIAN_POINT('Ctrl Pts',(-7.74999999999995,-136.5,9.21484906081698E-15));
#5742=CARTESIAN_POINT('Ctrl Pts',(-7.74999999999995,-136.5,0.598527308325884));
#5743=CARTESIAN_POINT('Ctrl Pts',(-7.24731230313032,-136.444458823855,1.6338031186438));
#5744=CARTESIAN_POINT('Ctrl Pts',(-6.19889469431545,-136.403124894774,2.00000000000001));
#5745=CARTESIAN_POINT('Ctrl Pts',(-5.74999999999996,-136.403124894774,2.00000000000001));
#5746=CARTESIAN_POINT('Origin',(21.25,-137.457876058669,2.00000000000001));
#5747=CARTESIAN_POINT('',(19.25,-136.403124894774,2.00000000000001));
#5748=CARTESIAN_POINT('',(23.25,-136.403124894774,2.00000000000001));
#5749=CARTESIAN_POINT('',(19.25,-135.67961714238,2.00000000000001));
#5750=CARTESIAN_POINT('Origin',(19.25,-135.67961714238,7.63360030908388E-15));
#5751=CARTESIAN_POINT('',(21.25,-136.5,9.85903510196388E-15));
#5752=CARTESIAN_POINT('',(21.25,-135.67961714238,9.73180498768488E-15));
#5753=CARTESIAN_POINT('Ctrl Pts',(19.25,-136.403124894774,2.00000000000001));
#5754=CARTESIAN_POINT('Ctrl Pts',(19.8485262590873,-136.403124894774,2.));
#5755=CARTESIAN_POINT('Ctrl Pts',(20.8837978852815,-136.458767488074,1.4973100635619));
#5756=CARTESIAN_POINT('Ctrl Pts',(21.25,-136.5,0.448895481244396));
#5757=CARTESIAN_POINT('Ctrl Pts',(21.25,-136.5,8.29891764429424E-15));
#5758=CARTESIAN_POINT('Ctrl Pts',(-5.74999999999996,-137.401041559178,3.06451612903227));
#5759=CARTESIAN_POINT('Ctrl Pts',(-6.42334204147285,-137.401041559178,3.06451612903227));
#5760=CARTESIAN_POINT('Ctrl Pts',(-7.99596845469549,-137.443264389959,2.50340800437359));
#5761=CARTESIAN_POINT('Ctrl Pts',(-8.74999999999996,-137.5,0.917098295015404));
#5762=CARTESIAN_POINT('Ctrl Pts',(-8.74999999999996,-137.5,8.60422844084496E-15));
#5763=CARTESIAN_POINT('Ctrl Pts',(-5.74999999999996,-137.421138115812,2.75366845321421));
#5764=CARTESIAN_POINT('Ctrl Pts',(-6.35292483891142,-137.421138115812,2.75366845321421));
#5765=CARTESIAN_POINT('Ctrl Pts',(-7.76356101844269,-137.454315280056,2.2558080390619));
#5766=CARTESIAN_POINT('Ctrl Pts',(-8.45080069965807,-137.5,0.827232567145225));
#5767=CARTESIAN_POINT('Ctrl Pts',(-8.45080069965807,-137.5,8.95301467921057E-15));
#5768=CARTESIAN_POINT('Ctrl Pts',(-5.74999999999996,-137.182674458126,2.19908239654716));
#5769=CARTESIAN_POINT('Ctrl Pts',(-6.23236233067948,-137.182674458126,2.19908239654716));
#5770=CARTESIAN_POINT('Ctrl Pts',(-7.36394785521433,-137.210064931104,1.81414029482246));
#5771=CARTESIAN_POINT('Ctrl Pts',(-7.93299045350401,-137.248712148788,0.667835451072613));
#5772=CARTESIAN_POINT('Ctrl Pts',(-7.932990453504,-137.248712148788,9.4171499424663E-15));
#5773=CARTESIAN_POINT('Ctrl Pts',(-5.74999999999996,-136.636747365647,2.00000000000001));
#5774=CARTESIAN_POINT('Ctrl Pts',(-6.19528949512425,-136.636747365647,2.00000000000001));
#5775=CARTESIAN_POINT('Ctrl Pts',(-7.23782846997041,-136.673914520379,1.64162870095503));
#5776=CARTESIAN_POINT('Ctrl Pts',(-7.74999999999995,-136.724399475256,0.602607776173104));
#5777=CARTESIAN_POINT('Ctrl Pts',(-7.74999999999995,-136.724399475256,9.33941579288871E-15));
#5778=CARTESIAN_POINT('Ctrl Pts',(-5.74999999999996,-136.403124894774,2.00000000000001));
#5779=CARTESIAN_POINT('Ctrl Pts',(-6.19889469431545,-136.403124894774,2.00000000000001));
#5780=CARTESIAN_POINT('Ctrl Pts',(-7.24731230313032,-136.444458823855,1.6338031186438));
#5781=CARTESIAN_POINT('Ctrl Pts',(-7.74999999999995,-136.5,0.598527308325884));
#5782=CARTESIAN_POINT('Ctrl Pts',(-7.74999999999995,-136.5,9.21484906081698E-15));
#5783=CARTESIAN_POINT('',(-8.74999999999996,-137.5,1.00366039744322E-14));
#5784=CARTESIAN_POINT('Ctrl Pts',(-7.74999999999995,-136.5,9.60603124822157E-15));
#5785=CARTESIAN_POINT('Ctrl Pts',(-7.74999999999995,-136.724399475256,9.72023387705671E-15));
#5786=CARTESIAN_POINT('Ctrl Pts',(-7.82842448007312,-136.94910490677,1.03740284393837E-14));
#5787=CARTESIAN_POINT('Ctrl Pts',(-7.968346473082,-137.123662921939,1.02695629777827E-14));
#5788=CARTESIAN_POINT('Ctrl Pts',(-8.15490913042718,-137.356406942164,1.02300222955166E-14));
#5789=CARTESIAN_POINT('Ctrl Pts',(-8.45080069965807,-137.5,9.71445146547012E-15));
#5790=CARTESIAN_POINT('Ctrl Pts',(-8.74999999999996,-137.5,9.43689570931383E-15));
#5791=CARTESIAN_POINT('',(-5.74999999999996,-137.401041559178,3.06451612903227));
#5792=CARTESIAN_POINT('Origin',(-5.74999999999996,-136.403124894774,3.00000000000001));
#5793=CARTESIAN_POINT('Ctrl Pts',(-5.74999999999996,-137.401041559178,3.06451612903227));
#5794=CARTESIAN_POINT('Ctrl Pts',(-6.42334204147285,-137.401041559178,3.06451612903227));
#5795=CARTESIAN_POINT('Ctrl Pts',(-7.99596845469549,-137.443264389959,2.50340800437359));
#5796=CARTESIAN_POINT('Ctrl Pts',(-8.74999999999996,-137.5,0.917098295015404));
#5797=CARTESIAN_POINT('Ctrl Pts',(-8.74999999999996,-137.5,8.60422844084496E-15));
#5798=CARTESIAN_POINT('Ctrl Pts',(22.25,-137.5,9.29811783123569E-15));
#5799=CARTESIAN_POINT('Ctrl Pts',(22.25,-137.5,0.687823721261556));
#5800=CARTESIAN_POINT('Ctrl Pts',(21.7006968279223,-137.457880767387,2.29426541997388));
#5801=CARTESIAN_POINT('Ctrl Pts',(20.1477893886306,-137.401041559178,3.06451612903227));
#5802=CARTESIAN_POINT('Ctrl Pts',(19.25,-137.401041559178,3.06451612903226));
#5803=CARTESIAN_POINT('Ctrl Pts',(21.9508006996582,-137.5,9.20676905452089E-15));
#5804=CARTESIAN_POINT('Ctrl Pts',(21.9508006996582,-137.5,0.620424425358916));
#5805=CARTESIAN_POINT('Ctrl Pts',(21.4493245609115,-137.466058962735,2.06858692515662));
#5806=CARTESIAN_POINT('Ctrl Pts',(20.0538997852153,-137.421138115812,2.75366845321421));
#5807=CARTESIAN_POINT('Ctrl Pts',(19.25,-137.421138115812,2.75366845321421));
#5808=CARTESIAN_POINT('Ctrl Pts',(21.4329966864169,-137.248706954083,8.87430832034038E-15));
#5809=CARTESIAN_POINT('Ctrl Pts',(21.4329966864169,-137.248706954083,0.500876588304447));
#5810=CARTESIAN_POINT('Ctrl Pts',(21.015846314798,-137.219794135271,1.66688647010979));
#5811=CARTESIAN_POINT('Ctrl Pts',(19.8931497742393,-137.182668206107,2.19908948378145));
#5812=CARTESIAN_POINT('Ctrl Pts',(19.25,-137.182668206107,2.19908948378145));
#5813=CARTESIAN_POINT('Ctrl Pts',(21.25,-136.724399475256,8.45462605938391E-15));
#5814=CARTESIAN_POINT('Ctrl Pts',(21.25,-136.724399475256,0.451955832129811));
#5815=CARTESIAN_POINT('Ctrl Pts',(20.8758313224282,-136.686849345931,1.50615892888371));
#5816=CARTESIAN_POINT('Ctrl Pts',(19.8437193268323,-136.636747365647,2.));
#5817=CARTESIAN_POINT('Ctrl Pts',(19.25,-136.636747365647,2.00000000000001));
#5818=CARTESIAN_POINT('Ctrl Pts',(21.25,-136.5,8.29891764429424E-15));
#5819=CARTESIAN_POINT('Ctrl Pts',(21.25,-136.5,0.448895481244396));
#5820=CARTESIAN_POINT('Ctrl Pts',(20.8837978852815,-136.458767488074,1.4973100635619));
#5821=CARTESIAN_POINT('Ctrl Pts',(19.8485262590873,-136.403124894774,2.));
#5822=CARTESIAN_POINT('Ctrl Pts',(19.25,-136.403124894774,2.00000000000001));
#5823=CARTESIAN_POINT('',(22.25,-137.5,1.01753818525104E-14));
#5824=CARTESIAN_POINT('Ctrl Pts',(22.25,-137.5,9.29811783123569E-15));
#5825=CARTESIAN_POINT('Ctrl Pts',(21.9508006996582,-137.5,9.20676905452089E-15));
#5826=CARTESIAN_POINT('Ctrl Pts',(21.6549126920917,-137.356403973762,9.01679149213202E-15));
#5827=CARTESIAN_POINT('Ctrl Pts',(21.4683495259373,-137.123660377594,8.79833343120407E-15));
#5828=CARTESIAN_POINT('Ctrl Pts',(21.3284271513216,-136.949102680468,8.63448988550811E-15));
#5829=CARTESIAN_POINT('Ctrl Pts',(21.25,-136.724399475256,8.45462605938391E-15));
#5830=CARTESIAN_POINT('Ctrl Pts',(21.25,-136.5,8.29891764429424E-15));
#5831=CARTESIAN_POINT('',(19.25,-137.401041559178,3.06451612903227));
#5832=CARTESIAN_POINT('Ctrl Pts',(22.25,-137.5,9.29811783123569E-15));
#5833=CARTESIAN_POINT('Ctrl Pts',(22.25,-137.5,0.687823721261556));
#5834=CARTESIAN_POINT('Ctrl Pts',(21.7006968279223,-137.457880767387,2.29426541997388));
#5835=CARTESIAN_POINT('Ctrl Pts',(20.1477893886306,-137.401041559178,3.06451612903227));
#5836=CARTESIAN_POINT('Ctrl Pts',(19.25,-137.401041559178,3.06451612903226));
#5837=CARTESIAN_POINT('Origin',(19.25,-136.403124894774,3.00000000000001));
#5838=CARTESIAN_POINT('Origin',(23.25,-136.403124894774,3.00000000000001));
#5839=CARTESIAN_POINT('',(23.25,-137.401041559178,3.06451612903227));
#5840=CARTESIAN_POINT('Origin',(21.25,-62.9158894587978,29.9125376659484));
#5841=CARTESIAN_POINT('',(19.25,-58.602249281032,34.2261778437141));
#5842=CARTESIAN_POINT('',(-5.74999999999996,-58.602249281032,34.2261778437141));
#5843=CARTESIAN_POINT('',(23.25,-58.602249281032,34.2261778437141));
#5844=CARTESIAN_POINT('',(19.25,-61.6435774581013,31.1848496666448));
#5845=CARTESIAN_POINT('',(-5.74999999999996,-61.6435774581013,31.1848496666448));
#5846=CARTESIAN_POINT('Origin',(-5.74999999999996,-60.2293638957283,29.7706361042717));
#5847=CARTESIAN_POINT('',(-5.74999999999996,-55.7738221562859,31.397750718968));
#5848=CARTESIAN_POINT('Ctrl Pts',(-5.74999999999996,-58.602249281032,34.2261778437141));
#5849=CARTESIAN_POINT('Ctrl Pts',(-6.04926476442031,-58.602249281032,34.2261778437141));
#5850=CARTESIAN_POINT('Ctrl Pts',(-6.64716123899541,-58.4958762682167,34.1395349826137));
#5851=CARTESIAN_POINT('Ctrl Pts',(-7.36790168400202,-58.0564902965909,33.7665716634814));
#5852=CARTESIAN_POINT('Ctrl Pts',(-7.76505886344149,-57.444917685696,33.2077974889981));
#5853=CARTESIAN_POINT('Ctrl Pts',(-7.77107292650522,-56.5728849958779,32.336733856399));
#5854=CARTESIAN_POINT('Ctrl Pts',(-6.95334903967025,-55.8996687946664,31.5542391778233));
#5855=CARTESIAN_POINT('Ctrl Pts',(-6.04926476442033,-55.7738221562858,31.3977507189679));
#5856=CARTESIAN_POINT('Ctrl Pts',(-5.74999999999996,-55.7738221562858,31.3977507189679));
#5857=CARTESIAN_POINT('',(-5.74999999999996,-56.285419394245,30.8861534810088));
#5858=CARTESIAN_POINT('Origin',(21.25,-55.0280004558313,32.1435724194225));
#5859=CARTESIAN_POINT('',(19.25,-55.7738221562859,31.397750718968));
#5860=CARTESIAN_POINT('',(23.25,-55.7738221562859,31.397750718968));
#5861=CARTESIAN_POINT('',(19.25,-56.285419394245,30.8861534810088));
#5862=CARTESIAN_POINT('Origin',(19.25,-57.6996329566181,32.3003670433819));
#5863=CARTESIAN_POINT('Ctrl Pts',(19.25,-55.7738221562859,31.397750718968));
#5864=CARTESIAN_POINT('Ctrl Pts',(19.5492647644205,-55.7738221562859,31.397750718968));
#5865=CARTESIAN_POINT('Ctrl Pts',(20.1489287235561,-55.860525421913,31.5049387593587));
#5866=CARTESIAN_POINT('Ctrl Pts',(20.8648723304635,-56.233313579884,31.9421419880558));
#5867=CARTESIAN_POINT('Ctrl Pts',(21.4069636513132,-56.9787846317263,32.7633543992754));
#5868=CARTESIAN_POINT('Ctrl Pts',(21.1134342631685,-57.9101902212729,33.6455159232462));
#5869=CARTESIAN_POINT('Ctrl Pts',(20.1445650258375,-58.4958674877183,34.138091707887));
#5870=CARTESIAN_POINT('Ctrl Pts',(19.5492647644204,-58.602249281032,34.2261778437141));
#5871=CARTESIAN_POINT('Ctrl Pts',(19.25,-58.602249281032,34.2261778437141));
#5872=CARTESIAN_POINT('Ctrl Pts',(-5.74999999999996,-54.3154619423057,31.3506577859057));
#5873=CARTESIAN_POINT('Ctrl Pts',(-6.19889714663048,-54.3154619423057,31.3506577859057));
#5874=CARTESIAN_POINT('Ctrl Pts',(-7.55502355950539,-54.5161166649455,31.5826132929015));
#5875=CARTESIAN_POINT('Ctrl Pts',(-8.78160938975778,-55.5755647564514,32.7536899365535));
#5876=CARTESIAN_POINT('Ctrl Pts',(-8.77258829516222,-56.911496403657,34.0886316866001));
#5877=CARTESIAN_POINT('Ctrl Pts',(-8.17685252600299,-57.8350999970736,34.9583013933597));
#5878=CARTESIAN_POINT('Ctrl Pts',(-7.09574185849308,-58.4913899213743,35.5467402210272));
#5879=CARTESIAN_POINT('Ctrl Pts',(-6.19889714663048,-58.6493422140942,35.6845380576942));
#5880=CARTESIAN_POINT('Ctrl Pts',(-5.74999999999996,-58.6493422140942,35.6845380576942));
#5881=CARTESIAN_POINT('Ctrl Pts',(-5.74999999999996,-54.5210540303182,31.5846706968673));
#5882=CARTESIAN_POINT('Ctrl Pts',(-6.151952088463,-54.5210540303182,31.5846706968673));
#5883=CARTESIAN_POINT('Ctrl Pts',(-7.36628381436732,-54.7005369078988,31.7885322020956));
#5884=CARTESIAN_POINT('Ctrl Pts',(-8.4782449633964,-55.6571443268214,32.8339205615354));
#5885=CARTESIAN_POINT('Ctrl Pts',(-8.47054606329608,-56.8636532441165,34.0397920966602));
#5886=CARTESIAN_POINT('Ctrl Pts',(-7.92957537978647,-57.6923823731022,34.8253550612275));
#5887=CARTESIAN_POINT('Ctrl Pts',(-6.95540609753209,-58.2757947515315,35.3552587965548));
#5888=CARTESIAN_POINT('Ctrl Pts',(-6.15195208846299,-58.4153293031326,35.4789459696818));
#5889=CARTESIAN_POINT('Ctrl Pts',(-5.74999999999996,-58.4153293031326,35.4789459696818));
#5890=CARTESIAN_POINT('Ctrl Pts',(-5.74999999999997,-55.0818279818595,31.808252829796));
#5891=CARTESIAN_POINT('Ctrl Pts',(-6.07157664388567,-55.0818279818595,31.808252829796));
#5892=CARTESIAN_POINT('Ctrl Pts',(-7.04252107084448,-55.219378310293,31.965840251236));
#5893=CARTESIAN_POINT('Ctrl Pts',(-7.95590362238657,-55.9781909062455,32.7999893995321));
#5894=CARTESIAN_POINT('Ctrl Pts',(-7.95030347581435,-56.9546415449029,33.7760022598865));
#5895=CARTESIAN_POINT('Ctrl Pts',(-7.50442061844068,-57.6207233829486,34.4052102941812));
#5896=CARTESIAN_POINT('Ctrl Pts',(-6.71434750307984,-58.0831585491859,34.8226297568457));
#5897=CARTESIAN_POINT('Ctrl Pts',(-6.07157664388566,-58.191747170204,34.9181720181405));
#5898=CARTESIAN_POINT('Ctrl Pts',(-5.74999999999997,-58.191747170204,34.9181720181405));
#5899=CARTESIAN_POINT('Ctrl Pts',(-5.74999999999996,-55.6086261228938,31.5629467523599));
#5900=CARTESIAN_POINT('Ctrl Pts',(-6.0468612851627,-55.6086261228938,31.5629467523599));
#5901=CARTESIAN_POINT('Ctrl Pts',(-6.94357015335041,-55.7327211913671,31.7145191217636));
#5902=CARTESIAN_POINT('Ctrl Pts',(-7.77035812485778,-56.4094344749485,32.4903940271507));
#5903=CARTESIAN_POINT('Ctrl Pts',(-7.7648256585023,-57.2892253349454,33.3693728080048));
#5904=CARTESIAN_POINT('Ctrl Pts',(-7.3621975103157,-57.9002417530103,33.9323381944514));
#5905=CARTESIAN_POINT('Ctrl Pts',(-6.64027527247799,-58.3333150789121,34.3053675082134));
#5906=CARTESIAN_POINT('Ctrl Pts',(-6.04686128516268,-58.43705324764,34.3913738771061));
#5907=CARTESIAN_POINT('Ctrl Pts',(-5.74999999999996,-58.43705324764,34.3913738771061));
#5908=CARTESIAN_POINT('Ctrl Pts',(-5.74999999999996,-55.7738221562858,31.3977507189679));
#5909=CARTESIAN_POINT('Ctrl Pts',(-6.04926476442033,-55.7738221562858,31.3977507189679));
#5910=CARTESIAN_POINT('Ctrl Pts',(-6.95334903967025,-55.8996687946664,31.5542391778233));
#5911=CARTESIAN_POINT('Ctrl Pts',(-7.77107292650522,-56.5728849958779,32.336733856399));
#5912=CARTESIAN_POINT('Ctrl Pts',(-7.76505886344149,-57.444917685696,33.2077974889981));
#5913=CARTESIAN_POINT('Ctrl Pts',(-7.36790168400202,-58.0564902965909,33.7665716634814));
#5914=CARTESIAN_POINT('Ctrl Pts',(-6.64716123899541,-58.4958762682167,34.1395349826137));
#5915=CARTESIAN_POINT('Ctrl Pts',(-6.04926476442031,-58.602249281032,34.2261778437141));
#5916=CARTESIAN_POINT('Ctrl Pts',(-5.74999999999996,-58.602249281032,34.2261778437141));
#5917=CARTESIAN_POINT('',(-5.74999999999996,-58.6493422140942,35.6845380576942));
#5918=CARTESIAN_POINT('Origin',(-5.74999999999996,-59.3093560622186,34.9332846249007));
#5919=CARTESIAN_POINT('',(-5.74999999999996,-54.3154619423057,31.3506577859057));
#5920=CARTESIAN_POINT('Origin',(-5.74999999999996,-55.0667153750993,30.6906439377814));
#5921=CARTESIAN_POINT('Ctrl Pts',(-5.74999999999996,-54.3154619423057,31.3506577859057));
#5922=CARTESIAN_POINT('Ctrl Pts',(-6.19889714663048,-54.3154619423057,31.3506577859057));
#5923=CARTESIAN_POINT('Ctrl Pts',(-7.55502355950539,-54.5161166649455,31.5826132929015));
#5924=CARTESIAN_POINT('Ctrl Pts',(-8.78160938975778,-55.5755647564514,32.7536899365535));
#5925=CARTESIAN_POINT('Ctrl Pts',(-8.77258829516222,-56.911496403657,34.0886316866001));
#5926=CARTESIAN_POINT('Ctrl Pts',(-8.17685252600299,-57.8350999970736,34.9583013933597));
#5927=CARTESIAN_POINT('Ctrl Pts',(-7.09574185849308,-58.4913899213743,35.5467402210272));
#5928=CARTESIAN_POINT('Ctrl Pts',(-6.19889714663048,-58.6493422140942,35.6845380576942));
#5929=CARTESIAN_POINT('Ctrl Pts',(-5.74999999999996,-58.6493422140942,35.6845380576942));
#5930=CARTESIAN_POINT('Origin',(23.25,-59.3093560622186,34.9332846249007));
#5931=CARTESIAN_POINT('',(19.25,-58.6493422140943,35.6845380576943));
#5932=CARTESIAN_POINT('',(23.25,-58.6493422140942,35.6845380576942));
#5933=CARTESIAN_POINT('Origin',(19.25,-59.3093560622186,34.9332846249007));
#5934=CARTESIAN_POINT('Ctrl Pts',(19.25,-58.6493422140943,35.6845380576943));
#5935=CARTESIAN_POINT('Ctrl Pts',(19.6988971466305,-58.6493422140943,35.6845380576943));
#5936=CARTESIAN_POINT('Ctrl Pts',(20.5918475387562,-58.4910101314932,35.5448950875794));
#5937=CARTESIAN_POINT('Ctrl Pts',(22.0451513947526,-57.6173773328308,34.766365953126));
#5938=CARTESIAN_POINT('Ctrl Pts',(22.4854454769696,-56.2027993763471,33.4020910743811));
#5939=CARTESIAN_POINT('Ctrl Pts',(21.6723084956951,-55.0412027938447,32.1631242860631));
#5940=CARTESIAN_POINT('Ctrl Pts',(20.5983930853342,-54.4535450471714,31.5096661983256));
#5941=CARTESIAN_POINT('Ctrl Pts',(19.6988971466306,-54.3154619423057,31.3506577859057));
#5942=CARTESIAN_POINT('Ctrl Pts',(19.25,-54.3154619423057,31.3506577859057));
#5943=CARTESIAN_POINT('Ctrl Pts',(19.25,-58.4153293031327,35.4789459696818));
#5944=CARTESIAN_POINT('Ctrl Pts',(19.6519520884631,-58.4153293031327,35.4789459696818));
#5945=CARTESIAN_POINT('Ctrl Pts',(20.4515293396245,-58.2752443464772,35.3534747610909));
#5946=CARTESIAN_POINT('Ctrl Pts',(21.7620869245484,-57.4993856738557,34.652755459547));
#5947=CARTESIAN_POINT('Ctrl Pts',(22.1642191710168,-56.2243844170865,33.4181866068113));
#5948=CARTESIAN_POINT('Ctrl Pts',(21.4252063906689,-55.1739466761327,32.3058295283315));
#5949=CARTESIAN_POINT('Ctrl Pts',(20.457855303535,-54.6451781635023,31.7252308871556));
#5950=CARTESIAN_POINT('Ctrl Pts',(19.6519520884631,-54.5210540303182,31.5846706968673));
#5951=CARTESIAN_POINT('Ctrl Pts',(19.25,-54.5210540303182,31.5846706968673));
#5952=CARTESIAN_POINT('Ctrl Pts',(19.25,-58.1917654493133,34.9181731626558));
#5953=CARTESIAN_POINT('Ctrl Pts',(19.5715766438857,-58.1917654493133,34.9181731626558));
#5954=CARTESIAN_POINT('Ctrl Pts',(20.2107001460953,-58.0823915533586,34.8207904869538));
#5955=CARTESIAN_POINT('Ctrl Pts',(21.2754455384384,-57.4684451910469,34.2702441705754));
#5956=CARTESIAN_POINT('Ctrl Pts',(21.6109028231268,-56.4363454694421,33.2728638474531));
#5957=CARTESIAN_POINT('Ctrl Pts',(21.0006873808745,-55.5939678072831,32.3775798407579));
#5958=CARTESIAN_POINT('Ctrl Pts',(20.2165789346448,-55.177847865079,31.9178380331453));
#5959=CARTESIAN_POINT('Ctrl Pts',(19.5715766438859,-55.0818268373442,31.8082345506867));
#5960=CARTESIAN_POINT('Ctrl Pts',(19.25,-55.0818268373442,31.8082345506867));
#5961=CARTESIAN_POINT('Ctrl Pts',(19.25,-58.4370532476401,34.3913738771061));
#5962=CARTESIAN_POINT('Ctrl Pts',(19.5468612851628,-58.4370532476401,34.3913738771061));
#5963=CARTESIAN_POINT('Ctrl Pts',(20.1372725260598,-58.3330279597148,34.303760585697));
#5964=CARTESIAN_POINT('Ctrl Pts',(21.1089257094713,-57.7566661765114,33.8116513895401));
#5965=CARTESIAN_POINT('Ctrl Pts',(21.4091807091172,-56.8195791918163,32.9194785369302));
#5966=CARTESIAN_POINT('Ctrl Pts',(20.8589007865994,-56.0672372101736,32.0982023396554));
#5967=CARTESIAN_POINT('Ctrl Pts',(20.1421406299914,-55.6948710972216,31.6676146466091));
#5968=CARTESIAN_POINT('Ctrl Pts',(19.5468612851629,-55.6086261228939,31.56294675236));
#5969=CARTESIAN_POINT('Ctrl Pts',(19.25,-55.6086261228939,31.56294675236));
#5970=CARTESIAN_POINT('Ctrl Pts',(19.25,-58.602249281032,34.2261778437141));
#5971=CARTESIAN_POINT('Ctrl Pts',(19.5492647644204,-58.602249281032,34.2261778437141));
#5972=CARTESIAN_POINT('Ctrl Pts',(20.1445650258375,-58.4958674877183,34.138091707887));
#5973=CARTESIAN_POINT('Ctrl Pts',(21.1134342631685,-57.9101902212729,33.6455159232462));
#5974=CARTESIAN_POINT('Ctrl Pts',(21.4069636513132,-56.9787846317263,32.7633543992754));
#5975=CARTESIAN_POINT('Ctrl Pts',(20.8648723304635,-56.233313579884,31.9421419880558));
#5976=CARTESIAN_POINT('Ctrl Pts',(20.1489287235561,-55.860525421913,31.5049387593587));
#5977=CARTESIAN_POINT('Ctrl Pts',(19.5492647644205,-55.7738221562859,31.397750718968));
#5978=CARTESIAN_POINT('Ctrl Pts',(19.25,-55.7738221562859,31.397750718968));
#5979=CARTESIAN_POINT('',(19.25,-54.3154619423057,31.3506577859057));
#5980=CARTESIAN_POINT('Origin',(19.25,-55.0667153750993,30.6906439377814));
#5981=CARTESIAN_POINT('Ctrl Pts',(19.25,-58.6493422140943,35.6845380576943));
#5982=CARTESIAN_POINT('Ctrl Pts',(19.6988971466305,-58.6493422140943,35.6845380576943));
#5983=CARTESIAN_POINT('Ctrl Pts',(20.5918475387562,-58.4910101314932,35.5448950875794));
#5984=CARTESIAN_POINT('Ctrl Pts',(22.0451513947526,-57.6173773328308,34.766365953126));
#5985=CARTESIAN_POINT('Ctrl Pts',(22.4854454769696,-56.2027993763471,33.4020910743811));
#5986=CARTESIAN_POINT('Ctrl Pts',(21.6723084956951,-55.0412027938447,32.1631242860631));
#5987=CARTESIAN_POINT('Ctrl Pts',(20.5983930853342,-54.4535450471714,31.5096661983256));
#5988=CARTESIAN_POINT('Ctrl Pts',(19.6988971466306,-54.3154619423057,31.3506577859057));
#5989=CARTESIAN_POINT('Ctrl Pts',(19.25,-54.3154619423057,31.3506577859057));
#5990=CARTESIAN_POINT('Origin',(23.25,-55.0667153750993,30.6906439377814));
#5991=CARTESIAN_POINT('',(23.25,-54.3154619423057,31.3506577859057));
#5992=CARTESIAN_POINT('Origin',(21.25,-69.2719496539443,34.621624489273));
#5993=CARTESIAN_POINT('',(19.25,-65.8827443139778,39.6939287319236));
#5994=CARTESIAN_POINT('',(-5.74999999999997,-65.8827443139777,39.6939287319236));
#5995=CARTESIAN_POINT('',(23.25,-65.8827443139777,39.6939287319236));
#5996=CARTESIAN_POINT('',(19.25,-68.2723005295017,36.1177051295572));
#5997=CARTESIAN_POINT('',(-5.74999999999997,-68.2723005295017,36.1177051295572));
#5998=CARTESIAN_POINT('Origin',(-5.74999999999997,-66.6093613048966,35.006564663518));
#5999=CARTESIAN_POINT('',(-5.74999999999997,-62.5568658647676,37.4716477998452));
#6000=CARTESIAN_POINT('Ctrl Pts',(-5.74999999999997,-65.8827443139778,39.6939287319236));
#6001=CARTESIAN_POINT('Ctrl Pts',(-6.0492647644524,-65.8827443139778,39.6939287319236));
#6002=CARTESIAN_POINT('Ctrl Pts',(-6.64716300792861,-65.761508094859,39.6297026406683));
#6003=CARTESIAN_POINT('Ctrl Pts',(-7.36790341237016,-65.2578043812879,39.3496261988972));
#6004=CARTESIAN_POINT('Ctrl Pts',(-7.76506276303624,-64.548969513625,38.9209001898577));
#6005=CARTESIAN_POINT('Ctrl Pts',(-7.77107488904812,-63.52375870136,38.2366997342503));
#6006=CARTESIAN_POINT('Ctrl Pts',(-6.95335718419973,-62.7108179925608,37.6005767250111));
#6007=CARTESIAN_POINT('Ctrl Pts',(-6.04926476445241,-62.5568658647676,37.4716477998452));
#6008=CARTESIAN_POINT('Ctrl Pts',(-5.74999999999997,-62.5568658647676,37.4716477998452));
#6009=CARTESIAN_POINT('',(-5.74999999999997,-62.9588252353568,36.8700730894639));
#6010=CARTESIAN_POINT('Origin',(21.25,-61.9708775148647,38.3486413411646));
#6011=CARTESIAN_POINT('',(19.25,-62.5568658647676,37.4716477998452));
#6012=CARTESIAN_POINT('',(23.25,-62.5568658647676,37.4716477998452));
#6013=CARTESIAN_POINT('',(19.25,-62.9588252353568,36.8700730894639));
#6014=CARTESIAN_POINT('Origin',(19.25,-64.6217644599619,37.9812135555031));
#6015=CARTESIAN_POINT('Ctrl Pts',(19.25,-62.5568658647676,37.4716477998452));
#6016=CARTESIAN_POINT('Ctrl Pts',(19.5492647644523,-62.5568658647676,37.4716477998452));
#6017=CARTESIAN_POINT('Ctrl Pts',(20.1445976144187,-62.6640321009583,37.5588142532126));
#6018=CARTESIAN_POINT('Ctrl Pts',(21.113435132577,-63.2614158672354,38.037148414088));
#6019=CARTESIAN_POINT('Ctrl Pts',(21.4069496676608,-64.3083408199811,38.7785573097017));
#6020=CARTESIAN_POINT('Ctrl Pts',(20.8648564248434,-65.2591982359994,39.3494886970679));
#6021=CARTESIAN_POINT('Ctrl Pts',(20.1488861813749,-65.7607172363798,39.6298125762714));
#6022=CARTESIAN_POINT('Ctrl Pts',(19.5492647644525,-65.8827443139778,39.6939287319236));
#6023=CARTESIAN_POINT('Ctrl Pts',(19.25,-65.8827443139778,39.6939287319236));
#6024=CARTESIAN_POINT('Ctrl Pts',(-5.74999999999996,-61.1173402578944,37.7099717080476));
#6025=CARTESIAN_POINT('Ctrl Pts',(-6.19889714667861,-61.1173402578944,37.7099717080476));
#6026=CARTESIAN_POINT('Ctrl Pts',(-7.5550357762996,-61.359383495696,37.8983216913722));
#6027=CARTESIAN_POINT('Ctrl Pts',(-8.78161233357223,-62.6269448767406,38.8402110897693));
#6028=CARTESIAN_POINT('Ctrl Pts',(-8.77259414455434,-64.197638115554,39.8888735402962));
#6029=CARTESIAN_POINT('Ctrl Pts',(-8.17685511855531,-65.2731619432676,40.5616476381843));
#6030=CARTESIAN_POINT('Ctrl Pts',(-7.09574451189295,-66.0316385023142,41.0107430653084));
#6031=CARTESIAN_POINT('Ctrl Pts',(-6.19889714667861,-66.2134443332971,41.1150795878452));
#6032=CARTESIAN_POINT('Ctrl Pts',(-5.74999999999997,-66.2134443332971,41.1150795878452));
#6033=CARTESIAN_POINT('Ctrl Pts',(-5.74999999999996,-61.3646356057398,37.8993790998888));
#6034=CARTESIAN_POINT('Ctrl Pts',(-6.15195208850609,-61.3646356057398,37.8993790998888));
#6035=CARTESIAN_POINT('Ctrl Pts',(-7.36627536204009,-61.5804389406453,38.0643012803813));
#6036=CARTESIAN_POINT('Ctrl Pts',(-8.47821107484765,-62.7226235223155,38.9029746997044));
#6037=CARTESIAN_POINT('Ctrl Pts',(-8.4705108718772,-64.1411998438968,39.8502939378071));
#6038=CARTESIAN_POINT('Ctrl Pts',(-7.92954924534426,-65.1072585625769,40.4590901374641));
#6039=CARTESIAN_POINT('Ctrl Pts',(-6.95538604415353,-65.7828344501334,40.8649949150522));
#6040=CARTESIAN_POINT('Ctrl Pts',(-6.15195208850609,-65.9438188881473,40.9590915483107));
#6041=CARTESIAN_POINT('Ctrl Pts',(-5.74999999999997,-65.9438188881473,40.9590915483107));
#6042=CARTESIAN_POINT('Ctrl Pts',(-5.74999999999997,-61.9582486151891,38.0092464575011));
#6043=CARTESIAN_POINT('Ctrl Pts',(-6.07157664392015,-61.9582486151891,38.0092464575011));
#6044=CARTESIAN_POINT('Ctrl Pts',(-7.04253590252736,-62.1238922973732,38.1369695855724));
#6045=CARTESIAN_POINT('Ctrl Pts',(-7.95591860821362,-63.0308721747989,38.8070657315808));
#6046=CARTESIAN_POINT('Ctrl Pts',(-7.9503215014292,-64.1789716625979,39.5738296604744));
#6047=CARTESIAN_POINT('Ctrl Pts',(-7.50443231283356,-64.9550145643334,40.0610039826384));
#6048=CARTESIAN_POINT('Ctrl Pts',(-6.71435721350132,-65.4900007259399,40.3801864661249));
#6049=CARTESIAN_POINT('Ctrl Pts',(-6.07157664392014,-65.6151488212056,40.452709056164));
#6050=CARTESIAN_POINT('Ctrl Pts',(-5.74999999999997,-65.6151488212056,40.452709056164));
#6051=CARTESIAN_POINT('Ctrl Pts',(-5.74999999999997,-62.4270721741859,37.6658977851273));
#6052=CARTESIAN_POINT('Ctrl Pts',(-6.04686128519452,-62.4270721741859,37.6658977851273));
#6053=CARTESIAN_POINT('Ctrl Pts',(-6.94356601416831,-62.5783478192649,37.7903477171095));
#6054=CARTESIAN_POINT('Ctrl Pts',(-7.77033705208246,-63.3934293771393,38.4192991210396));
#6055=CARTESIAN_POINT('Ctrl Pts',(-7.76480397523964,-64.4277919381998,39.1097481730422));
#6056=CARTESIAN_POINT('Ctrl Pts',(-7.36218131276812,-65.1368981664963,39.5426920585881));
#6057=CARTESIAN_POINT('Ctrl Pts',(-6.64026300470251,-65.6344223123396,39.8240634009648));
#6058=CARTESIAN_POINT('Ctrl Pts',(-6.04686128519451,-65.7529506233961,39.8881787172057));
#6059=CARTESIAN_POINT('Ctrl Pts',(-5.74999999999997,-65.7529506233961,39.8881787172057));
#6060=CARTESIAN_POINT('Ctrl Pts',(-5.74999999999997,-62.5568658647676,37.4716477998452));
#6061=CARTESIAN_POINT('Ctrl Pts',(-6.04926476445241,-62.5568658647676,37.4716477998452));
#6062=CARTESIAN_POINT('Ctrl Pts',(-6.95335718419973,-62.7108179925608,37.6005767250111));
#6063=CARTESIAN_POINT('Ctrl Pts',(-7.77107488904812,-63.52375870136,38.2366997342503));
#6064=CARTESIAN_POINT('Ctrl Pts',(-7.76506276303624,-64.548969513625,38.9209001898577));
#6065=CARTESIAN_POINT('Ctrl Pts',(-7.36790341237016,-65.2578043812879,39.3496261988972));
#6066=CARTESIAN_POINT('Ctrl Pts',(-6.64716300792861,-65.761508094859,39.6297026406683));
#6067=CARTESIAN_POINT('Ctrl Pts',(-6.0492647644524,-65.8827443139778,39.6939287319236));
#6068=CARTESIAN_POINT('Ctrl Pts',(-5.74999999999997,-65.8827443139778,39.6939287319236));
#6069=CARTESIAN_POINT('',(-5.74999999999997,-66.2134443332971,41.1150795878452));
#6070=CARTESIAN_POINT('Origin',(-5.74999999999997,-66.7142139262803,40.2494989649432));
#6071=CARTESIAN_POINT('',(-5.74999999999997,-61.1173402578944,37.7099717080476));
#6072=CARTESIAN_POINT('Origin',(-5.74999999999997,-61.725396252465,36.9160775668256));
#6073=CARTESIAN_POINT('Ctrl Pts',(-5.74999999999996,-61.1173402578944,37.7099717080476));
#6074=CARTESIAN_POINT('Ctrl Pts',(-6.19889714667861,-61.1173402578944,37.7099717080476));
#6075=CARTESIAN_POINT('Ctrl Pts',(-7.5550357762996,-61.359383495696,37.8983216913722));
#6076=CARTESIAN_POINT('Ctrl Pts',(-8.78161233357223,-62.6269448767406,38.8402110897693));
#6077=CARTESIAN_POINT('Ctrl Pts',(-8.77259414455434,-64.197638115554,39.8888735402962));
#6078=CARTESIAN_POINT('Ctrl Pts',(-8.17685511855531,-65.2731619432676,40.5616476381843));
#6079=CARTESIAN_POINT('Ctrl Pts',(-7.09574451189295,-66.0316385023142,41.0107430653084));
#6080=CARTESIAN_POINT('Ctrl Pts',(-6.19889714667861,-66.2134443332971,41.1150795878452));
#6081=CARTESIAN_POINT('Ctrl Pts',(-5.74999999999997,-66.2134443332971,41.1150795878452));
#6082=CARTESIAN_POINT('Origin',(23.25,-66.7142139262803,40.2494989649432));
#6083=CARTESIAN_POINT('',(19.25,-66.2134443332971,41.1150795878452));
#6084=CARTESIAN_POINT('',(23.25,-66.2134443332971,41.1150795878452));
#6085=CARTESIAN_POINT('Origin',(19.25,-66.7142139262803,40.2494989649432));
#6086=CARTESIAN_POINT('Ctrl Pts',(19.25,-66.2134443332971,41.1150795878452));
#6087=CARTESIAN_POINT('Ctrl Pts',(19.6988971466787,-66.2134443332971,41.1150795878452));
#6088=CARTESIAN_POINT('Ctrl Pts',(20.5983292720623,-66.0305773182011,41.0106861034921));
#6089=CARTESIAN_POINT('Ctrl Pts',(21.6722846372651,-65.2750455081494,40.561814364299));
#6090=CARTESIAN_POINT('Ctrl Pts',(22.4854245014912,-63.8332835541575,39.6642562390512));
#6091=CARTESIAN_POINT('Ctrl Pts',(22.0451526988656,-62.2192442539276,38.5430130919074));
#6092=CARTESIAN_POINT('Ctrl Pts',(20.5918964216282,-61.2852178291118,37.838038807885));
#6093=CARTESIAN_POINT('Ctrl Pts',(19.6988971466787,-61.1173402578944,37.7099717080476));
#6094=CARTESIAN_POINT('Ctrl Pts',(19.25,-61.1173402578944,37.7099717080476));
#6095=CARTESIAN_POINT('Ctrl Pts',(19.25,-65.9438188881473,40.9590915483107));
#6096=CARTESIAN_POINT('Ctrl Pts',(19.6519520885062,-65.9438188881473,40.9590915483107));
#6097=CARTESIAN_POINT('Ctrl Pts',(20.4577798792771,-65.7817680977355,40.8647822306855));
#6098=CARTESIAN_POINT('Ctrl Pts',(21.4251652918942,-65.1091841181936,40.4594523331482));
#6099=CARTESIAN_POINT('Ctrl Pts',(22.1641638780301,-63.8132886594704,39.6462102957614));
#6100=CARTESIAN_POINT('Ctrl Pts',(21.7620633693556,-62.353691919368,38.6365623442981));
#6101=CARTESIAN_POINT('Ctrl Pts',(20.4515551422158,-61.5150553264175,38.012308155854));
#6102=CARTESIAN_POINT('Ctrl Pts',(19.6519520885061,-61.3646356057398,37.8993790998888));
#6103=CARTESIAN_POINT('Ctrl Pts',(19.25,-61.3646356057398,37.8993790998888));
#6104=CARTESIAN_POINT('Ctrl Pts',(19.25,-65.61516355698,40.4527070723985));
#6105=CARTESIAN_POINT('Ctrl Pts',(19.5715766439202,-65.61516355698,40.4527070723985));
#6106=CARTESIAN_POINT('Ctrl Pts',(20.2165383090602,-65.4889486710606,40.3799247305464));
#6107=CARTESIAN_POINT('Ctrl Pts',(21.0006752433675,-64.9568704521753,40.0614990549493));
#6108=CARTESIAN_POINT('Ctrl Pts',(21.6108957542462,-63.914456005614,39.4099740904476));
#6109=CARTESIAN_POINT('Ctrl Pts',(21.2754524827378,-62.734876794572,38.5922784477153));
#6110=CARTESIAN_POINT('Ctrl Pts',(20.2107393581858,-62.0751163160354,38.0975229200502));
#6111=CARTESIAN_POINT('Ctrl Pts',(19.5715766439201,-61.9582448088126,38.0092320842665));
#6112=CARTESIAN_POINT('Ctrl Pts',(19.25,-61.9582448088126,38.0092320842665));
#6113=CARTESIAN_POINT('Ctrl Pts',(19.25,-65.7529506233961,39.8881787172057));
#6114=CARTESIAN_POINT('Ctrl Pts',(19.5468612851946,-65.7529506233961,39.8881787172057));
#6115=CARTESIAN_POINT('Ctrl Pts',(20.1420868569096,-65.6334831238292,39.8240203058957));
#6116=CARTESIAN_POINT('Ctrl Pts',(20.8588723746286,-65.1385352624727,39.542820184074));
#6117=CARTESIAN_POINT('Ctrl Pts',(21.4091431009292,-64.1862755363972,38.9651640114515));
#6118=CARTESIAN_POINT('Ctrl Pts',(21.1089106480637,-63.1284239909277,38.2201355222709));
#6119=CARTESIAN_POINT('Ctrl Pts',(20.1372933226929,-62.5333155405768,37.7508463286855));
#6120=CARTESIAN_POINT('Ctrl Pts',(19.5468612851944,-62.4270721741859,37.6658977851273));
#6121=CARTESIAN_POINT('Ctrl Pts',(19.25,-62.4270721741859,37.6658977851273));
#6122=CARTESIAN_POINT('Ctrl Pts',(19.25,-65.8827443139778,39.6939287319236));
#6123=CARTESIAN_POINT('Ctrl Pts',(19.5492647644525,-65.8827443139778,39.6939287319236));
#6124=CARTESIAN_POINT('Ctrl Pts',(20.1488861813749,-65.7607172363798,39.6298125762714));
#6125=CARTESIAN_POINT('Ctrl Pts',(20.8648564248434,-65.2591982359994,39.3494886970679));
#6126=CARTESIAN_POINT('Ctrl Pts',(21.4069496676608,-64.3083408199811,38.7785573097017));
#6127=CARTESIAN_POINT('Ctrl Pts',(21.113435132577,-63.2614158672354,38.037148414088));
#6128=CARTESIAN_POINT('Ctrl Pts',(20.1445976144187,-62.6640321009583,37.5588142532126));
#6129=CARTESIAN_POINT('Ctrl Pts',(19.5492647644523,-62.5568658647676,37.4716477998452));
#6130=CARTESIAN_POINT('Ctrl Pts',(19.25,-62.5568658647676,37.4716477998452));
#6131=CARTESIAN_POINT('',(19.25,-61.1173402578944,37.7099717080476));
#6132=CARTESIAN_POINT('Origin',(19.25,-61.725396252465,36.9160775668256));
#6133=CARTESIAN_POINT('Ctrl Pts',(19.25,-66.2134443332971,41.1150795878452));
#6134=CARTESIAN_POINT('Ctrl Pts',(19.6988971466787,-66.2134443332971,41.1150795878452));
#6135=CARTESIAN_POINT('Ctrl Pts',(20.5983292720623,-66.0305773182011,41.0106861034921));
#6136=CARTESIAN_POINT('Ctrl Pts',(21.6722846372651,-65.2750455081494,40.561814364299));
#6137=CARTESIAN_POINT('Ctrl Pts',(22.4854245014912,-63.8332835541575,39.6642562390512));
#6138=CARTESIAN_POINT('Ctrl Pts',(22.0451526988656,-62.2192442539276,38.5430130919074));
#6139=CARTESIAN_POINT('Ctrl Pts',(20.5918964216282,-61.2852178291118,37.838038807885));
#6140=CARTESIAN_POINT('Ctrl Pts',(19.6988971466787,-61.1173402578944,37.7099717080476));
#6141=CARTESIAN_POINT('Ctrl Pts',(19.25,-61.1173402578944,37.7099717080476));
#6142=CARTESIAN_POINT('Origin',(23.25,-61.725396252465,36.9160775668256));
#6143=CARTESIAN_POINT('',(23.25,-61.1173402578944,37.7099717080476));
#6144=CARTESIAN_POINT('Origin',(21.25,-76.4245771994652,38.0002216995054));
#6145=CARTESIAN_POINT('',(19.25,-74.0900519578245,43.6362641995769));
#6146=CARTESIAN_POINT('',(-5.74999999999996,-74.0900519578244,43.6362641995769));
#6147=CARTESIAN_POINT('',(23.25,-74.0900519578245,43.6362641995769));
#6148=CARTESIAN_POINT('',(19.25,-75.7360069065191,39.6625774393832));
#6149=CARTESIAN_POINT('',(-5.74999999999996,-75.7360069065191,39.6625774393832));
#6150=CARTESIAN_POINT('Origin',(-5.74999999999996,-73.8882478414965,38.897210574653));
#6151=CARTESIAN_POINT('',(-5.74999999999996,-70.3945338277793,42.1055304701165));
#6152=CARTESIAN_POINT('Ctrl Pts',(-5.74999999999997,-74.0900519578245,43.6362641995769));
#6153=CARTESIAN_POINT('Ctrl Pts',(-6.04926476475216,-74.0900519578245,43.6362641995769));
#6154=CARTESIAN_POINT('Ctrl Pts',(-6.64716476268492,-73.9586115578085,43.5969245926242));
#6155=CARTESIAN_POINT('Ctrl Pts',(-7.36790517714206,-73.4099472156141,43.4204977558044));
#6156=CARTESIAN_POINT('Ctrl Pts',(-7.76506660333357,-72.631090135121,43.1382964231311));
#6157=CARTESIAN_POINT('Ctrl Pts',(-7.77107694139297,-71.4920996290541,42.6672517258301));
#6158=CARTESIAN_POINT('Ctrl Pts',(-6.95336481184606,-70.5706750140604,42.2019474736791));
#6159=CARTESIAN_POINT('Ctrl Pts',(-6.04926476475212,-70.3945338277793,42.1055304701165));
#6160=CARTESIAN_POINT('Ctrl Pts',(-5.74999999999996,-70.3945338277793,42.1055304701165));
#6161=CARTESIAN_POINT('',(-5.74999999999996,-70.6714082578084,41.4370964660661));
#6162=CARTESIAN_POINT('Origin',(21.25,-69.9908980320889,43.0799934823316));
#6163=CARTESIAN_POINT('',(19.25,-70.3945338277793,42.1055304701165));
#6164=CARTESIAN_POINT('',(23.25,-70.3945338277793,42.1055304701165));
#6165=CARTESIAN_POINT('',(19.25,-70.6714082578084,41.4370964660661));
#6166=CARTESIAN_POINT('Origin',(19.25,-72.5191673228309,42.2024633307963));
#6167=CARTESIAN_POINT('Ctrl Pts',(19.25,-70.3945338277793,42.1055304701165));
#6168=CARTESIAN_POINT('Ctrl Pts',(19.5492647647521,-70.3945338277793,42.1055304701165));
#6169=CARTESIAN_POINT('Ctrl Pts',(20.1472070064369,-70.5153138109492,42.17066742027));
#6170=CARTESIAN_POINT('Ctrl Pts',(20.8679220121128,-71.028037025152,42.4338816442339));
#6171=CARTESIAN_POINT('Ctrl Pts',(21.2650751564617,-71.7783319877454,42.7850753911935));
#6172=CARTESIAN_POINT('Ctrl Pts',(21.2710709022146,-72.9167956882224,43.2573800607936));
#6173=CARTESIAN_POINT('Ctrl Pts',(20.4533177430412,-73.8973510884506,43.5799007014386));
#6174=CARTESIAN_POINT('Ctrl Pts',(19.5492647647523,-74.0900519578245,43.6362641995769));
#6175=CARTESIAN_POINT('Ctrl Pts',(19.25,-74.0900519578245,43.6362641995769));
#6176=CARTESIAN_POINT('Ctrl Pts',(-5.74999999999997,-69.0291629897899,42.620112565445));
#6177=CARTESIAN_POINT('Ctrl Pts',(-6.19889714712826,-69.0291629897899,42.620112565445));
#6178=CARTESIAN_POINT('Ctrl Pts',(-7.55504721776902,-69.303292557512,42.7576221357772));
#6179=CARTESIAN_POINT('Ctrl Pts',(-8.78161541208948,-70.7302560084701,43.4341260898741));
#6180=CARTESIAN_POINT('Ctrl Pts',(-8.77259990500032,-72.4753496572753,44.1562110018313));
#6181=CARTESIAN_POINT('Ctrl Pts',(-8.17685776571309,-73.6614621980194,44.606233997809));
#6182=CARTESIAN_POINT('Ctrl Pts',(-7.09574714402739,-74.4929774320516,44.8987282332776));
#6183=CARTESIAN_POINT('Ctrl Pts',(-6.19889714712826,-74.6916504471172,44.9655916670375));
#6184=CARTESIAN_POINT('Ctrl Pts',(-5.74999999999997,-74.6916504471172,44.9655916670375));
#6185=CARTESIAN_POINT('Ctrl Pts',(-5.74999999999997,-69.3086581759354,42.7576356183181));
#6186=CARTESIAN_POINT('Ctrl Pts',(-6.1519520889087,-69.3086581759354,42.7576356183181));
#6187=CARTESIAN_POINT('Ctrl Pts',(-7.3662667185364,-69.5524864826307,42.8772816200615));
#6188=CARTESIAN_POINT('Ctrl Pts',(-8.47817773034985,-70.8363526662653,43.4770052431155));
#6189=CARTESIAN_POINT('Ctrl Pts',(-8.47047605083889,-72.4124802772812,44.1293688199274));
#6190=CARTESIAN_POINT('Ctrl Pts',(-7.92952349886026,-73.4787452893101,44.5380033610725));
#6191=CARTESIAN_POINT('Ctrl Pts',(-6.95536626887074,-74.2205234648852,44.8043126103626));
#6192=CARTESIAN_POINT('Ctrl Pts',(-6.15195208890871,-74.3967740224286,44.8652022088611));
#6193=CARTESIAN_POINT('Ctrl Pts',(-5.74999999999997,-74.3967740224286,44.8652022088611));
#6194=CARTESIAN_POINT('Ctrl Pts',(-5.74999999999996,-69.9122930865832,42.7495713944392));
#6195=CARTESIAN_POINT('Ctrl Pts',(-6.07157664424222,-69.9122930865832,42.7495713944392));
#6196=CARTESIAN_POINT('Ctrl Pts',(-7.04254941835189,-70.0996639510093,42.8425246526969));
#6197=CARTESIAN_POINT('Ctrl Pts',(-7.95593222482777,-71.1199583530706,43.3228099827741));
#6198=CARTESIAN_POINT('Ctrl Pts',(-7.95033788205868,-72.3955857893194,43.8508583002197));
#6199=CARTESIAN_POINT('Ctrl Pts',(-7.50444292184866,-73.2517667458392,44.1772739145251));
#6200=CARTESIAN_POINT('Ctrl Pts',(-6.71436601424719,-73.8387443262573,44.3859524805809));
#6201=CARTESIAN_POINT('Ctrl Pts',(-6.07157664424225,-73.9756419511385,44.4326656027913));
#6202=CARTESIAN_POINT('Ctrl Pts',(-5.74999999999997,-73.9756419511385,44.4326656027913));
#6203=CARTESIAN_POINT('Ctrl Pts',(-5.74999999999996,-70.3051303787479,42.321369489291));
#6204=CARTESIAN_POINT('Ctrl Pts',(-6.04686128549183,-70.3051303787479,42.321369489291));
#6205=CARTESIAN_POINT('Ctrl Pts',(-6.94356167874622,-70.4777733947471,42.4139165326031));
#6206=CARTESIAN_POINT('Ctrl Pts',(-7.77031633417496,-71.3999014495873,42.8717718968602));
#6207=CARTESIAN_POINT('Ctrl Pts',(-7.76478252159499,-72.5490853659707,43.3471591657881));
#6208=CARTESIAN_POINT('Ctrl Pts',(-7.36216536302219,-73.3290304510936,43.6334432864927));
#6209=CARTESIAN_POINT('Ctrl Pts',(-6.64025090161935,-73.8718853230846,43.8123446470185));
#6210=CARTESIAN_POINT('Ctrl Pts',(-6.04686128549186,-74.0006485087931,43.8521032187514));
#6211=CARTESIAN_POINT('Ctrl Pts',(-5.74999999999997,-74.0006485087931,43.8521032187514));
#6212=CARTESIAN_POINT('Ctrl Pts',(-5.74999999999996,-70.3945338277793,42.1055304701165));
#6213=CARTESIAN_POINT('Ctrl Pts',(-6.04926476475212,-70.3945338277793,42.1055304701165));
#6214=CARTESIAN_POINT('Ctrl Pts',(-6.95336481184606,-70.5706750140604,42.2019474736791));
#6215=CARTESIAN_POINT('Ctrl Pts',(-7.77107694139297,-71.4920996290541,42.6672517258301));
#6216=CARTESIAN_POINT('Ctrl Pts',(-7.76506660333357,-72.631090135121,43.1382964231311));
#6217=CARTESIAN_POINT('Ctrl Pts',(-7.36790517714206,-73.4099472156141,43.4204977558044));
#6218=CARTESIAN_POINT('Ctrl Pts',(-6.64716476268492,-73.9586115578085,43.5969245926242));
#6219=CARTESIAN_POINT('Ctrl Pts',(-6.04926476475216,-74.0900519578245,43.6362641995769));
#6220=CARTESIAN_POINT('Ctrl Pts',(-5.74999999999997,-74.0900519578245,43.6362641995769));
#6221=CARTESIAN_POINT('',(-5.74999999999996,-74.6916504471172,44.9655916670375));
#6222=CARTESIAN_POINT('Origin',(-5.74999999999996,-75.0139314903358,44.018947631942));
#6223=CARTESIAN_POINT('',(-5.74999999999996,-69.0291629897899,42.620112565445));
#6224=CARTESIAN_POINT('Origin',(-5.74999999999996,-69.470654295268,41.7228470377514));
#6225=CARTESIAN_POINT('Ctrl Pts',(-5.74999999999997,-69.0291629897899,42.620112565445));
#6226=CARTESIAN_POINT('Ctrl Pts',(-6.19889714712826,-69.0291629897899,42.620112565445));
#6227=CARTESIAN_POINT('Ctrl Pts',(-7.55504721776902,-69.303292557512,42.7576221357772));
#6228=CARTESIAN_POINT('Ctrl Pts',(-8.78161541208948,-70.7302560084701,43.4341260898741));
#6229=CARTESIAN_POINT('Ctrl Pts',(-8.77259990500032,-72.4753496572753,44.1562110018313));
#6230=CARTESIAN_POINT('Ctrl Pts',(-8.17685776571309,-73.6614621980194,44.606233997809));
#6231=CARTESIAN_POINT('Ctrl Pts',(-7.09574714402739,-74.4929774320516,44.8987282332776));
#6232=CARTESIAN_POINT('Ctrl Pts',(-6.19889714712826,-74.6916504471172,44.9655916670375));
#6233=CARTESIAN_POINT('Ctrl Pts',(-5.74999999999997,-74.6916504471172,44.9655916670375));
#6234=CARTESIAN_POINT('Origin',(23.25,-75.0139314903358,44.018947631942));
#6235=CARTESIAN_POINT('',(19.25,-74.6916504471172,44.9655916670375));
#6236=CARTESIAN_POINT('',(23.25,-74.6916504471172,44.9655916670375));
#6237=CARTESIAN_POINT('Origin',(19.25,-75.0139314903357,44.018947631942));
#6238=CARTESIAN_POINT('Ctrl Pts',(19.25,-74.6916504471172,44.9655916670375));
#6239=CARTESIAN_POINT('Ctrl Pts',(19.6988971471283,-74.6916504471172,44.9655916670375));
#6240=CARTESIAN_POINT('Ctrl Pts',(21.0549766145619,-74.4006185983041,44.8690025697525));
#6241=CARTESIAN_POINT('Ctrl Pts',(22.281606353322,-72.9132580174593,44.3383550316385));
#6242=CARTESIAN_POINT('Ctrl Pts',(22.2726127346926,-71.1687046430515,43.6149839374779));
#6243=CARTESIAN_POINT('Ctrl Pts',(21.6768830181692,-70.0117617125547,43.0944820247857));
#6244=CARTESIAN_POINT('Ctrl Pts',(20.5958105096555,-69.2169573145569,42.7133326732144));
#6245=CARTESIAN_POINT('Ctrl Pts',(19.6988971471283,-69.0291629897899,42.620112565445));
#6246=CARTESIAN_POINT('Ctrl Pts',(19.25,-69.0291629897899,42.620112565445));
#6247=CARTESIAN_POINT('Ctrl Pts',(19.25,-74.3967740224286,44.8652022088611));
#6248=CARTESIAN_POINT('Ctrl Pts',(19.6519520889088,-74.3967740224286,44.8652022088611));
#6249=CARTESIAN_POINT('Ctrl Pts',(20.8661900615676,-74.1397957732584,44.7774017518464));
#6250=CARTESIAN_POINT('Ctrl Pts',(21.9781437182659,-72.8079111615633,44.2936394464683));
#6251=CARTESIAN_POINT('Ctrl Pts',(21.9704594653812,-71.2321363397898,43.6404437499106));
#6252=CARTESIAN_POINT('Ctrl Pts',(21.4295265653421,-70.1892060250355,43.175425649337));
#6253=CARTESIAN_POINT('Ctrl Pts',(20.4554075202332,-69.4763720702757,42.8392176493216));
#6254=CARTESIAN_POINT('Ctrl Pts',(19.6519520889088,-69.3086581759354,42.7576356183181));
#6255=CARTESIAN_POINT('Ctrl Pts',(19.25,-69.3086581759354,42.7576356183181));
#6256=CARTESIAN_POINT('Ctrl Pts',(19.25,-73.9756536989065,44.432661576691));
#6257=CARTESIAN_POINT('Ctrl Pts',(19.5715766442424,-73.9756536989065,44.432661576691));
#6258=CARTESIAN_POINT('Ctrl Pts',(20.5425020560106,-73.777463115717,44.3659102887854));
#6259=CARTESIAN_POINT('Ctrl Pts',(21.4559329912146,-72.7163961942853,43.9840701112512));
#6260=CARTESIAN_POINT('Ctrl Pts',(21.4503564611993,-71.4410065306812,43.4554548714133));
#6261=CARTESIAN_POINT('Ctrl Pts',(21.0044681534348,-70.6047662316452,43.0808458984795));
#6262=CARTESIAN_POINT('Ctrl Pts',(20.214416749606,-70.0421432628619,42.8133435864292));
#6263=CARTESIAN_POINT('Ctrl Pts',(19.5715766442422,-69.9122876265397,42.7495602406299));
#6264=CARTESIAN_POINT('Ctrl Pts',(19.25,-69.9122876265397,42.7495602406299));
#6265=CARTESIAN_POINT('Ctrl Pts',(19.25,-74.0006485087931,43.8521032187514));
#6266=CARTESIAN_POINT('Ctrl Pts',(19.546861285492,-74.0006485087931,43.8521032187514));
#6267=CARTESIAN_POINT('Ctrl Pts',(20.4435064052143,-73.813156444415,43.7954769523142));
#6268=CARTESIAN_POINT('Ctrl Pts',(21.2702938250298,-72.8373688563652,43.4671917938838));
#6269=CARTESIAN_POINT('Ctrl Pts',(21.2647733832048,-71.6886277030002,42.9907502212317));
#6270=CARTESIAN_POINT('Ctrl Pts',(20.8621699341887,-70.9346772022285,42.6416738412948));
#6271=CARTESIAN_POINT('Ctrl Pts',(20.1402831894896,-70.4243130791398,42.3843172814004));
#6272=CARTESIAN_POINT('Ctrl Pts',(19.5468612854919,-70.3051303787479,42.321369489291));
#6273=CARTESIAN_POINT('Ctrl Pts',(19.25,-70.3051303787479,42.321369489291));
#6274=CARTESIAN_POINT('Ctrl Pts',(19.25,-74.0900519578245,43.6362641995769));
#6275=CARTESIAN_POINT('Ctrl Pts',(19.5492647647523,-74.0900519578245,43.6362641995769));
#6276=CARTESIAN_POINT('Ctrl Pts',(20.4533177430412,-73.8973510884506,43.5799007014386));
#6277=CARTESIAN_POINT('Ctrl Pts',(21.2710709022146,-72.9167956882224,43.2573800607936));
#6278=CARTESIAN_POINT('Ctrl Pts',(21.2650751564617,-71.7783319877454,42.7850753911935));
#6279=CARTESIAN_POINT('Ctrl Pts',(20.8679220121128,-71.028037025152,42.4338816442339));
#6280=CARTESIAN_POINT('Ctrl Pts',(20.1472070064369,-70.5153138109492,42.17066742027));
#6281=CARTESIAN_POINT('Ctrl Pts',(19.5492647647521,-70.3945338277793,42.1055304701165));
#6282=CARTESIAN_POINT('Ctrl Pts',(19.25,-70.3945338277793,42.1055304701165));
#6283=CARTESIAN_POINT('',(19.25,-69.0291629897899,42.620112565445));
#6284=CARTESIAN_POINT('Origin',(19.25,-69.470654295268,41.7228470377514));
#6285=CARTESIAN_POINT('Ctrl Pts',(19.25,-74.6916504471172,44.9655916670375));
#6286=CARTESIAN_POINT('Ctrl Pts',(19.6988971471283,-74.6916504471172,44.9655916670375));
#6287=CARTESIAN_POINT('Ctrl Pts',(21.0549766145619,-74.4006185983041,44.8690025697525));
#6288=CARTESIAN_POINT('Ctrl Pts',(22.281606353322,-72.9132580174593,44.3383550316385));
#6289=CARTESIAN_POINT('Ctrl Pts',(22.2726127346926,-71.1687046430515,43.6149839374779));
#6290=CARTESIAN_POINT('Ctrl Pts',(21.6768830181692,-70.0117617125547,43.0944820247857));
#6291=CARTESIAN_POINT('Ctrl Pts',(20.5958105096555,-69.2169573145569,42.7133326732144));
#6292=CARTESIAN_POINT('Ctrl Pts',(19.6988971471283,-69.0291629897899,42.620112565445));
#6293=CARTESIAN_POINT('Ctrl Pts',(19.25,-69.0291629897899,42.620112565445));
#6294=CARTESIAN_POINT('Origin',(23.25,-69.470654295268,41.7228470377514));
#6295=CARTESIAN_POINT('',(23.25,-69.0291629897899,42.620112565445));
#6296=CARTESIAN_POINT('Origin',(21.25,-84.0989006300259,39.9184917005958));
#6297=CARTESIAN_POINT('',(19.25,-82.9087699825303,45.9016825055394));
#6298=CARTESIAN_POINT('',(-5.74999999999996,-82.9087699825303,45.9016825055394));
#6299=CARTESIAN_POINT('',(23.25,-82.9087699825303,45.9016825055394));
#6300=CARTESIAN_POINT('',(19.25,-83.7478705387795,41.6832391412433));
#6301=CARTESIAN_POINT('',(-5.74999999999996,-83.7478705387795,41.6832391412433));
#6302=CARTESIAN_POINT('Origin',(-5.74999999999996,-81.786299977973,41.293058497211));
#6303=CARTESIAN_POINT('',(-5.74999999999996,-78.9856288609174,45.1213212174749));
#6304=CARTESIAN_POINT('Ctrl Pts',(-5.74999999999997,-82.9087699825303,45.9016825055394));
#6305=CARTESIAN_POINT('Ctrl Pts',(-6.04926476478463,-82.9087699825303,45.9016825055394));
#6306=CARTESIAN_POINT('Ctrl Pts',(-6.64454970858194,-82.7713703372106,45.8875401328142));
#6307=CARTESIAN_POINT('Ctrl Pts',(-7.61341117351019,-82.0107370489626,45.8033602493979));
#6308=CARTESIAN_POINT('Ctrl Pts',(-7.90693771793853,-80.7461984381756,45.5873314985861));
#6309=CARTESIAN_POINT('Ctrl Pts',(-7.36487157737199,-79.6701300214079,45.3186887685834));
#6310=CARTESIAN_POINT('Ctrl Pts',(-6.64892525807135,-79.1172720416154,45.1622774858697));
#6311=CARTESIAN_POINT('Ctrl Pts',(-6.04926476478454,-78.9856288609174,45.1213212174749));
#6312=CARTESIAN_POINT('Ctrl Pts',(-5.74999999999996,-78.9856288609174,45.1213212174749));
#6313=CARTESIAN_POINT('',(-5.74999999999996,-79.1267782213132,44.4117154636688));
#6314=CARTESIAN_POINT('Origin',(21.25,-78.7798571167063,46.1558056335113));
#6315=CARTESIAN_POINT('',(19.25,-78.9856288609174,45.1213212174749));
#6316=CARTESIAN_POINT('',(23.25,-78.9856288609174,45.1213212174749));
#6317=CARTESIAN_POINT('',(19.25,-79.1267782213132,44.4117154636688));
#6318=CARTESIAN_POINT('Origin',(19.25,-81.0883487821197,44.801896107701));
#6319=CARTESIAN_POINT('Ctrl Pts',(19.25,-78.9856288609174,45.1213212174749));
#6320=CARTESIAN_POINT('Ctrl Pts',(19.5492647647847,-78.9856288609174,45.1213212174749));
#6321=CARTESIAN_POINT('Ctrl Pts',(20.1445842714286,-79.1180026524001,45.1608413543375));
#6322=CARTESIAN_POINT('Ctrl Pts',(21.1134152115273,-79.8529648213361,45.3741533488259));
#6323=CARTESIAN_POINT('Ctrl Pts',(21.4069272483509,-81.103922558618,45.6584855808424));
#6324=CARTESIAN_POINT('Ctrl Pts',(20.8648555453463,-82.2008760672293,45.8220839583022));
#6325=CARTESIAN_POINT('Ctrl Pts',(20.1488831264769,-82.771493653064,45.889146017748));
#6326=CARTESIAN_POINT('Ctrl Pts',(19.549264764785,-82.9087699825303,45.9016825055394));
#6327=CARTESIAN_POINT('Ctrl Pts',(19.25,-82.9087699825303,45.9016825055394));
#6328=CARTESIAN_POINT('Ctrl Pts',(-5.74999999999997,-77.746883227407,45.8923863985869));
#6329=CARTESIAN_POINT('Ctrl Pts',(-6.1988971471769,-77.746883227407,45.8923863985869));
#6330=CARTESIAN_POINT('Ctrl Pts',(-7.09838788710692,-77.9500380789239,45.9478848745835));
#6331=CARTESIAN_POINT('Ctrl Pts',(-8.17230736605802,-78.8016977761115,46.1647302453164));
#6332=CARTESIAN_POINT('Ctrl Pts',(-8.98540657690761,-80.4558481933388,46.5495348155112));
#6333=CARTESIAN_POINT('Ctrl Pts',(-8.54511676026526,-82.389977969533,46.8979900115461));
#6334=CARTESIAN_POINT('Ctrl Pts',(-7.09182456287277,-83.5489049867335,47.0599520137231));
#6335=CARTESIAN_POINT('Ctrl Pts',(-6.1988971471769,-83.7581478492332,47.0881012754599));
#6336=CARTESIAN_POINT('Ctrl Pts',(-5.74999999999997,-83.7581478492332,47.0881012754599));
#6337=CARTESIAN_POINT('Ctrl Pts',(-5.74999999999997,-78.0478374085917,45.9727401786938));
#6338=CARTESIAN_POINT('Ctrl Pts',(-6.15195208895225,-78.0478374085917,45.9727401786938));
#6339=CARTESIAN_POINT('Ctrl Pts',(-6.95780824865142,-78.2291426883536,46.0206410490506));
#6340=CARTESIAN_POINT('Ctrl Pts',(-7.92516017454645,-78.9913586147188,46.2096201345596));
#6341=CARTESIAN_POINT('Ctrl Pts',(-8.66409913053431,-80.4827466311195,46.5508930578812));
#6342=CARTESIAN_POINT('Ctrl Pts',(-8.26199706743155,-82.2287570163842,46.869057708091));
#6343=CARTESIAN_POINT('Ctrl Pts',(-6.95146646155534,-83.263155382639,47.0206515042755));
#6344=CARTESIAN_POINT('Ctrl Pts',(-6.15195208895228,-83.4493523806381,47.0471683092203));
#6345=CARTESIAN_POINT('Ctrl Pts',(-5.74999999999997,-83.4493523806381,47.0471683092203));
#6346=CARTESIAN_POINT('Ctrl Pts',(-5.74999999999997,-78.6382940020606,45.8470591999235));
#6347=CARTESIAN_POINT('Ctrl Pts',(-6.07157664427705,-78.6382940020606,45.8470591999235));
#6348=CARTESIAN_POINT('Ctrl Pts',(-6.71658661980045,-78.7790271441615,45.8848495671038));
#6349=CARTESIAN_POINT('Ctrl Pts',(-7.50069908123038,-79.3804388979722,46.0359283976881));
#6350=CARTESIAN_POINT('Ctrl Pts',(-8.11089168032152,-80.5782379419711,46.3123276899813));
#6351=CARTESIAN_POINT('Ctrl Pts',(-7.77543045729304,-81.9905238670057,46.568214389072));
#6352=CARTESIAN_POINT('Ctrl Pts',(-6.71069150730738,-82.8068779915754,46.6848883525922));
#6353=CARTESIAN_POINT('Ctrl Pts',(-6.07157664427713,-82.9519376474347,46.705096269457));
#6354=CARTESIAN_POINT('Ctrl Pts',(-5.74999999999997,-82.9519376474347,46.705096269457));
#6355=CARTESIAN_POINT('Ctrl Pts',(-5.74999999999996,-78.9400513778446,45.3504546980787));
#6356=CARTESIAN_POINT('Ctrl Pts',(-6.04686128552398,-78.9400513778446,45.3504546980787));
#6357=CARTESIAN_POINT('Ctrl Pts',(-6.64211049475158,-79.0699154241658,45.3895720201296));
#6358=CARTESIAN_POINT('Ctrl Pts',(-7.35887154218099,-79.6187462589087,45.5407173535359));
#6359=CARTESIAN_POINT('Ctrl Pts',(-7.90909969568598,-80.7005601522571,45.8055980232839));
#6360=CARTESIAN_POINT('Ctrl Pts',(-7.60886437295889,-81.9753833634464,46.0267927924878));
#6361=CARTESIAN_POINT('Ctrl Pts',(-6.63723002767869,-82.7280113639817,46.1157586096046));
#6362=CARTESIAN_POINT('Ctrl Pts',(-6.04686128552408,-82.8631924994575,46.1308159861432));
#6363=CARTESIAN_POINT('Ctrl Pts',(-5.74999999999997,-82.8631924994575,46.1308159861432));
#6364=CARTESIAN_POINT('Ctrl Pts',(-5.74999999999996,-78.9856288609174,45.1213212174749));
#6365=CARTESIAN_POINT('Ctrl Pts',(-6.04926476478454,-78.9856288609174,45.1213212174749));
#6366=CARTESIAN_POINT('Ctrl Pts',(-6.64892525807135,-79.1172720416154,45.1622774858697));
#6367=CARTESIAN_POINT('Ctrl Pts',(-7.36487157737199,-79.6701300214079,45.3186887685834));
#6368=CARTESIAN_POINT('Ctrl Pts',(-7.90693771793853,-80.7461984381756,45.5873314985861));
#6369=CARTESIAN_POINT('Ctrl Pts',(-7.61341117351019,-82.0107370489626,45.8033602493979));
#6370=CARTESIAN_POINT('Ctrl Pts',(-6.64454970858194,-82.7713703372106,45.8875401328142));
#6371=CARTESIAN_POINT('Ctrl Pts',(-6.04926476478463,-82.9087699825303,45.9016825055394));
#6372=CARTESIAN_POINT('Ctrl Pts',(-5.74999999999997,-82.9087699825303,45.9016825055394));
#6373=CARTESIAN_POINT('',(-5.74999999999996,-83.7581478492332,47.0881012754599));
#6374=CARTESIAN_POINT('Origin',(-5.74999999999996,-83.8895552629336,46.0967728275555));
#6375=CARTESIAN_POINT('',(-5.74999999999996,-77.746883227407,45.8923863985869));
#6376=CARTESIAN_POINT('Origin',(-5.74999999999996,-78.0048435805142,44.9262308954587));
#6377=CARTESIAN_POINT('Ctrl Pts',(-5.74999999999997,-77.746883227407,45.8923863985869));
#6378=CARTESIAN_POINT('Ctrl Pts',(-6.1988971471769,-77.746883227407,45.8923863985869));
#6379=CARTESIAN_POINT('Ctrl Pts',(-7.09838788710692,-77.9500380789239,45.9478848745835));
#6380=CARTESIAN_POINT('Ctrl Pts',(-8.17230736605802,-78.8016977761115,46.1647302453164));
#6381=CARTESIAN_POINT('Ctrl Pts',(-8.98540657690761,-80.4558481933388,46.5495348155112));
#6382=CARTESIAN_POINT('Ctrl Pts',(-8.54511676026526,-82.389977969533,46.8979900115461));
#6383=CARTESIAN_POINT('Ctrl Pts',(-7.09182456287277,-83.5489049867335,47.0599520137231));
#6384=CARTESIAN_POINT('Ctrl Pts',(-6.1988971471769,-83.7581478492332,47.0881012754599));
#6385=CARTESIAN_POINT('Ctrl Pts',(-5.74999999999997,-83.7581478492332,47.0881012754599));
#6386=CARTESIAN_POINT('Origin',(23.25,-83.8895552629336,46.0967728275555));
#6387=CARTESIAN_POINT('',(19.25,-83.7581478492332,47.0881012754599));
#6388=CARTESIAN_POINT('',(23.25,-83.7581478492332,47.0881012754599));
#6389=CARTESIAN_POINT('Origin',(19.25,-83.8895552629336,46.0967728275555));
#6390=CARTESIAN_POINT('Ctrl Pts',(19.25,-83.7581478492332,47.0881012754599));
#6391=CARTESIAN_POINT('Ctrl Pts',(19.698897147177,-83.7581478492332,47.0881012754599));
#6392=CARTESIAN_POINT('Ctrl Pts',(20.5983246897152,-83.5492484816602,47.0616357026512));
#6393=CARTESIAN_POINT('Ctrl Pts',(21.6722833180192,-82.6794536677161,46.9360623201396));
#6394=CARTESIAN_POINT('Ctrl Pts',(22.4853908725262,-81.00397369861,46.6585620520749));
#6395=CARTESIAN_POINT('Ctrl Pts',(22.0451228172909,-79.0837141389644,46.240333941973));
#6396=CARTESIAN_POINT('Ctrl Pts',(20.5918764071428,-77.9510030098924,45.9464613423617));
#6397=CARTESIAN_POINT('Ctrl Pts',(19.6988971471769,-77.746883227407,45.8923863985869));
#6398=CARTESIAN_POINT('Ctrl Pts',(19.25,-77.746883227407,45.8923863985869));
#6399=CARTESIAN_POINT('Ctrl Pts',(19.25,-83.4493523806381,47.0471683092203));
#6400=CARTESIAN_POINT('Ctrl Pts',(19.6519520889524,-83.4493523806381,47.0471683092203));
#6401=CARTESIAN_POINT('Ctrl Pts',(20.4577390770066,-83.2635433930921,47.0220402682575));
#6402=CARTESIAN_POINT('Ctrl Pts',(21.4251249840639,-82.4870465567768,46.9049494184497));
#6403=CARTESIAN_POINT('Ctrl Pts',(22.1640598984021,-80.978598637415,46.6495124021276));
#6404=CARTESIAN_POINT('Ctrl Pts',(21.7619856471314,-79.243731053721,46.2752928736272));
#6405=CARTESIAN_POINT('Ctrl Pts',(20.4515005926846,-78.2300391061431,46.0194992610014));
#6406=CARTESIAN_POINT('Ctrl Pts',(19.6519520889523,-78.0478374085917,45.9727401786938));
#6407=CARTESIAN_POINT('Ctrl Pts',(19.25,-78.0478374085917,45.9727401786938));
#6408=CARTESIAN_POINT('Ctrl Pts',(19.25,-82.9519468797314,46.7050909032053));
#6409=CARTESIAN_POINT('Ctrl Pts',(19.5715766442774,-82.9519468797314,46.7050909032053));
#6410=CARTESIAN_POINT('Ctrl Pts',(20.2165444217025,-82.8074838849608,46.6861522378395));
#6411=CARTESIAN_POINT('Ctrl Pts',(21.0006845942319,-82.1940496714198,46.5955832424825));
#6412=CARTESIAN_POINT('Ctrl Pts',(21.6108853625384,-80.9816615860744,46.3925675003559));
#6413=CARTESIAN_POINT('Ctrl Pts',(21.2754390059104,-79.5789450528901,46.0885162450491));
#6414=CARTESIAN_POINT('Ctrl Pts',(20.2107313992758,-78.7800633056127,45.8838995208793));
#6415=CARTESIAN_POINT('Ctrl Pts',(19.5715766442772,-78.6382875261063,45.8470507091063));
#6416=CARTESIAN_POINT('Ctrl Pts',(19.25,-78.6382875261063,45.8470507091063));
#6417=CARTESIAN_POINT('Ctrl Pts',(19.25,-82.8631924994575,46.1308159861432));
#6418=CARTESIAN_POINT('Ctrl Pts',(19.5468612855244,-82.8631924994575,46.1308159861432));
#6419=CARTESIAN_POINT('Ctrl Pts',(20.1420607023218,-82.7282625604652,46.1172617979069));
#6420=CARTESIAN_POINT('Ctrl Pts',(20.8588468185837,-82.1633811734576,46.0468759483008));
#6421=CARTESIAN_POINT('Ctrl Pts',(21.409072942961,-81.0625602167997,45.8776040142763));
#6422=CARTESIAN_POINT('Ctrl Pts',(21.1088576135954,-79.8001240188797,45.5941082177484));
#6423=CARTESIAN_POINT('Ctrl Pts',(20.1372564442201,-79.0707262148171,45.3882809295471));
#6424=CARTESIAN_POINT('Ctrl Pts',(19.5468612855241,-78.9400513778446,45.3504546980787));
#6425=CARTESIAN_POINT('Ctrl Pts',(19.25,-78.9400513778446,45.3504546980787));
#6426=CARTESIAN_POINT('Ctrl Pts',(19.25,-82.9087699825303,45.9016825055394));
#6427=CARTESIAN_POINT('Ctrl Pts',(19.549264764785,-82.9087699825303,45.9016825055394));
#6428=CARTESIAN_POINT('Ctrl Pts',(20.1488831264769,-82.771493653064,45.889146017748));
#6429=CARTESIAN_POINT('Ctrl Pts',(20.8648555453463,-82.2008760672293,45.8220839583022));
#6430=CARTESIAN_POINT('Ctrl Pts',(21.4069272483509,-81.103922558618,45.6584855808424));
#6431=CARTESIAN_POINT('Ctrl Pts',(21.1134152115273,-79.8529648213361,45.3741533488259));
#6432=CARTESIAN_POINT('Ctrl Pts',(20.1445842714286,-79.1180026524001,45.1608413543375));
#6433=CARTESIAN_POINT('Ctrl Pts',(19.5492647647847,-78.9856288609174,45.1213212174749));
#6434=CARTESIAN_POINT('Ctrl Pts',(19.25,-78.9856288609174,45.1213212174749));
#6435=CARTESIAN_POINT('',(19.25,-77.746883227407,45.8923863985869));
#6436=CARTESIAN_POINT('Origin',(19.25,-78.0048435805142,44.9262308954587));
#6437=CARTESIAN_POINT('Ctrl Pts',(19.25,-83.7581478492332,47.0881012754599));
#6438=CARTESIAN_POINT('Ctrl Pts',(19.698897147177,-83.7581478492332,47.0881012754599));
#6439=CARTESIAN_POINT('Ctrl Pts',(20.5983246897152,-83.5492484816602,47.0616357026512));
#6440=CARTESIAN_POINT('Ctrl Pts',(21.6722833180192,-82.6794536677161,46.9360623201396));
#6441=CARTESIAN_POINT('Ctrl Pts',(22.4853908725262,-81.00397369861,46.6585620520749));
#6442=CARTESIAN_POINT('Ctrl Pts',(22.0451228172909,-79.0837141389644,46.240333941973));
#6443=CARTESIAN_POINT('Ctrl Pts',(20.5918764071428,-77.9510030098924,45.9464613423617));
#6444=CARTESIAN_POINT('Ctrl Pts',(19.6988971471769,-77.746883227407,45.8923863985869));
#6445=CARTESIAN_POINT('Ctrl Pts',(19.25,-77.746883227407,45.8923863985869));
#6446=CARTESIAN_POINT('Origin',(23.25,-78.0048435805142,44.9262308954587));
#6447=CARTESIAN_POINT('',(23.25,-77.746883227407,45.8923863985869));
#6448=CARTESIAN_POINT('Origin',(21.25,-92.,40.3027164521803));
#6449=CARTESIAN_POINT('',(19.25,-92.,46.4031248947741));
#6450=CARTESIAN_POINT('',(-5.74999999999996,-92.,46.4031248947741));
#6451=CARTESIAN_POINT('',(23.25,-92.,46.4031248947741));
#6452=CARTESIAN_POINT('',(19.25,-92.,42.1020373391352));
#6453=CARTESIAN_POINT('',(-5.74999999999996,-92.,42.1020373391352));
#6454=CARTESIAN_POINT('Origin',(-5.74999999999996,-90.,42.1020373391352));
#6455=CARTESIAN_POINT('',(-5.74999999999996,-88.,46.4031248947741));
#6456=CARTESIAN_POINT('Ctrl Pts',(-5.74999999999996,-92.,46.4031248947741));
#6457=CARTESIAN_POINT('Ctrl Pts',(-6.04926476522625,-92.,46.4031248947741));
#6458=CARTESIAN_POINT('Ctrl Pts',(-6.64716822499733,-91.8635038894632,46.4170833795526));
#6459=CARTESIAN_POINT('Ctrl Pts',(-7.36790878165527,-91.2890903129339,46.4640508329411));
#6460=CARTESIAN_POINT('Ctrl Pts',(-7.76507410711515,-90.4615229622962,46.5013879898159));
#6461=CARTESIAN_POINT('Ctrl Pts',(-7.77108124548852,-89.2289756041015,46.5020713329784));
#6462=CARTESIAN_POINT('Ctrl Pts',(-6.95337871261448,-88.199620944254,46.4248002275947));
#6463=CARTESIAN_POINT('Ctrl Pts',(-6.04926476522626,-88.,46.4031248947741));
#6464=CARTESIAN_POINT('Ctrl Pts',(-5.74999999999996,-88.,46.4031248947741));
#6465=CARTESIAN_POINT('',(-5.74999999999996,-88.,45.6796171423796));
#6466=CARTESIAN_POINT('Origin',(21.25,-88.,47.4578760586691));
#6467=CARTESIAN_POINT('',(19.25,-88.,46.4031248947741));
#6468=CARTESIAN_POINT('',(23.25,-88.,46.4031248947741));
#6469=CARTESIAN_POINT('',(19.25,-88.,45.6796171423796));
#6470=CARTESIAN_POINT('Origin',(19.25,-90.,45.6796171423796));
#6471=CARTESIAN_POINT('Ctrl Pts',(19.25,-88.,46.4031248947741));
#6472=CARTESIAN_POINT('Ctrl Pts',(19.5492647652263,-88.,46.4031248947741));
#6473=CARTESIAN_POINT('Ctrl Pts',(20.1472099707191,-88.1365187946954,46.4170862171775));
#6474=CARTESIAN_POINT('Ctrl Pts',(20.8679251697804,-88.710939468488,46.4640536618092));
#6475=CARTESIAN_POINT('Ctrl Pts',(21.2650817846332,-89.5385208271025,46.501390276671));
#6476=CARTESIAN_POINT('Ctrl Pts',(21.2710747739984,-90.7710640908124,46.5020708972353));
#6477=CARTESIAN_POINT('Ctrl Pts',(20.4533300249187,-91.8004066285775,46.4247987507855));
#6478=CARTESIAN_POINT('Ctrl Pts',(19.5492647652265,-92.,46.4031248947741));
#6479=CARTESIAN_POINT('Ctrl Pts',(19.25,-92.,46.4031248947741));
#6480=CARTESIAN_POINT('Ctrl Pts',(-5.74999999999997,-86.9354838709677,47.4010415591778));
#6481=CARTESIAN_POINT('Ctrl Pts',(-6.19889714783942,-86.9354838709677,47.4010415591778));
#6482=CARTESIAN_POINT('Ctrl Pts',(-7.55506806892169,-87.2413546726472,47.4231830281882));
#6483=CARTESIAN_POINT('Ctrl Pts',(-8.78162186823281,-88.818591651446,47.5021158777736));
#6484=CARTESIAN_POINT('Ctrl Pts',(-8.77261116067271,-90.7071722809377,47.5014178390592));
#6485=CARTESIAN_POINT('Ctrl Pts',(-8.17686317248294,-91.9752190278826,47.4632777325742));
#6486=CARTESIAN_POINT('Ctrl Pts',(-7.09575233749601,-92.8553688628872,47.4153002264246));
#6487=CARTESIAN_POINT('Ctrl Pts',(-6.19889714783939,-93.0645161290322,47.4010415591778));
#6488=CARTESIAN_POINT('Ctrl Pts',(-5.74999999999996,-93.0645161290322,47.4010415591778));
#6489=CARTESIAN_POINT('Ctrl Pts',(-5.74999999999997,-87.2463315467858,47.4211381158121));
#6490=CARTESIAN_POINT('Ctrl Pts',(-6.1519520895455,-87.2463315467858,47.4211381158121));
#6491=CARTESIAN_POINT('Ctrl Pts',(-7.36624906227495,-87.5173766447733,47.438358700361));
#6492=CARTESIAN_POINT('Ctrl Pts',(-8.47811272644066,-88.9330331404145,47.5010981922188));
#6493=CARTESIAN_POINT('Ctrl Pts',(-8.47040769005641,-90.6388255210578,47.5006436612425));
#6494=CARTESIAN_POINT('Ctrl Pts',(-7.92947323044059,-91.7803046676996,47.4701406196702));
#6495=CARTESIAN_POINT('Ctrl Pts',(-6.95532761510562,-92.5675240512771,47.4323192819404));
#6496=CARTESIAN_POINT('Ctrl Pts',(-6.15195208954547,-92.7536684532142,47.4211381158121));
#6497=CARTESIAN_POINT('Ctrl Pts',(-5.74999999999996,-92.7536684532142,47.4211381158121));
#6498=CARTESIAN_POINT('Ctrl Pts',(-5.74999999999997,-87.8009176034532,47.1826744581268));
#6499=CARTESIAN_POINT('Ctrl Pts',(-6.0715766447517,-87.8009176034532,47.1826744581268));
#6500=CARTESIAN_POINT('Ctrl Pts',(-7.04257338330062,-88.0095833768146,47.1968533550732));
#6501=CARTESIAN_POINT('Ctrl Pts',(-7.95595653933573,-89.1360320770632,47.2501340562169));
#6502=CARTESIAN_POINT('Ctrl Pts',(-7.9503670886897,-90.5166331429744,47.2498266307126));
#6503=CARTESIAN_POINT('Ctrl Pts',(-7.50446182315634,-91.4325650124904,47.2237455668718));
#6504=CARTESIAN_POINT('Ctrl Pts',(-6.71438165471088,-92.0547211399528,47.1919111679246));
#6505=CARTESIAN_POINT('Ctrl Pts',(-6.07157664475167,-92.1990823965467,47.1826744581268));
#6506=CARTESIAN_POINT('Ctrl Pts',(-5.74999999999996,-92.1990823965467,47.1826744581268));
#6507=CARTESIAN_POINT('Ctrl Pts',(-5.74999999999996,-88.,46.6367473656473));
#6508=CARTESIAN_POINT('Ctrl Pts',(-6.04686128596216,-88.,46.6367473656473));
#6509=CARTESIAN_POINT('Ctrl Pts',(-6.94355257679798,-88.1949100121017,46.6561869996907));
#6510=CARTESIAN_POINT('Ctrl Pts',(-7.77027598683802,-89.222070707027,46.7263095126073));
#6511=CARTESIAN_POINT('Ctrl Pts',(-7.76474040882343,-90.4656945341697,46.725737518488));
#6512=CARTESIAN_POINT('Ctrl Pts',(-7.36213424093128,-91.2958268869635,46.6917547759692));
#6513=CARTESIAN_POINT('Ctrl Pts',(-6.64022723130651,-91.8658172569471,46.6492957205566));
#6514=CARTESIAN_POINT('Ctrl Pts',(-6.04686128596214,-92.,46.6367473656473));
#6515=CARTESIAN_POINT('Ctrl Pts',(-5.74999999999996,-92.,46.6367473656473));
#6516=CARTESIAN_POINT('Ctrl Pts',(-5.74999999999996,-88.,46.4031248947741));
#6517=CARTESIAN_POINT('Ctrl Pts',(-6.04926476522626,-88.,46.4031248947741));
#6518=CARTESIAN_POINT('Ctrl Pts',(-6.95337871261448,-88.199620944254,46.4248002275947));
#6519=CARTESIAN_POINT('Ctrl Pts',(-7.77108124548852,-89.2289756041015,46.5020713329784));
#6520=CARTESIAN_POINT('Ctrl Pts',(-7.76507410711515,-90.4615229622962,46.5013879898159));
#6521=CARTESIAN_POINT('Ctrl Pts',(-7.36790878165527,-91.2890903129339,46.4640508329411));
#6522=CARTESIAN_POINT('Ctrl Pts',(-6.64716822499733,-91.8635038894632,46.4170833795526));
#6523=CARTESIAN_POINT('Ctrl Pts',(-6.04926476522625,-92.,46.4031248947741));
#6524=CARTESIAN_POINT('Ctrl Pts',(-5.74999999999996,-92.,46.4031248947741));
#6525=CARTESIAN_POINT('',(-5.74999999999996,-93.0645161290322,47.4010415591778));
#6526=CARTESIAN_POINT('Origin',(-5.74999999999996,-93.,46.4031248947741));
#6527=CARTESIAN_POINT('',(-5.74999999999996,-86.9354838709677,47.4010415591778));
#6528=CARTESIAN_POINT('Origin',(-5.74999999999996,-87.,46.4031248947741));
#6529=CARTESIAN_POINT('Ctrl Pts',(-5.74999999999997,-86.9354838709677,47.4010415591778));
#6530=CARTESIAN_POINT('Ctrl Pts',(-6.19889714783942,-86.9354838709677,47.4010415591778));
#6531=CARTESIAN_POINT('Ctrl Pts',(-7.55506806892169,-87.2413546726472,47.4231830281882));
#6532=CARTESIAN_POINT('Ctrl Pts',(-8.78162186823281,-88.818591651446,47.5021158777736));
#6533=CARTESIAN_POINT('Ctrl Pts',(-8.77261116067271,-90.7071722809377,47.5014178390592));
#6534=CARTESIAN_POINT('Ctrl Pts',(-8.17686317248294,-91.9752190278826,47.4632777325742));
#6535=CARTESIAN_POINT('Ctrl Pts',(-7.09575233749601,-92.8553688628872,47.4153002264246));
#6536=CARTESIAN_POINT('Ctrl Pts',(-6.19889714783939,-93.0645161290322,47.4010415591778));
#6537=CARTESIAN_POINT('Ctrl Pts',(-5.74999999999996,-93.0645161290322,47.4010415591778));
#6538=CARTESIAN_POINT('Origin',(23.25,-93.,46.4031248947741));
#6539=CARTESIAN_POINT('',(19.25,-93.0645161290322,47.4010415591778));
#6540=CARTESIAN_POINT('',(23.25,-93.0645161290322,47.4010415591778));
#6541=CARTESIAN_POINT('Origin',(19.25,-93.,46.4031248947741));
#6542=CARTESIAN_POINT('Ctrl Pts',(19.25,-93.0645161290322,47.4010415591778));
#6543=CARTESIAN_POINT('Ctrl Pts',(19.6988971478395,-93.0645161290322,47.4010415591778));
#6544=CARTESIAN_POINT('Ctrl Pts',(21.0549950373781,-92.7586875760462,47.4231815196196));
#6545=CARTESIAN_POINT('Ctrl Pts',(22.2816121609975,-91.1814691714062,47.5021154326598));
#6546=CARTESIAN_POINT('Ctrl Pts',(22.2726226769499,-89.2928948157214,47.501420175094));
#6547=CARTESIAN_POINT('Ctrl Pts',(21.6768877546707,-88.0248266049412,47.4632806222782));
#6548=CARTESIAN_POINT('Ctrl Pts',(20.5958149560788,-87.1446658950978,47.4153031250738));
#6549=CARTESIAN_POINT('Ctrl Pts',(19.6988971478395,-86.9354838709677,47.4010415591778));
#6550=CARTESIAN_POINT('Ctrl Pts',(19.25,-86.9354838709677,47.4010415591778));
#6551=CARTESIAN_POINT('Ctrl Pts',(19.25,-92.7536684532142,47.4211381158121));
#6552=CARTESIAN_POINT('Ctrl Pts',(19.6519520895456,-92.7536684532142,47.4211381158121));
#6553=CARTESIAN_POINT('Ctrl Pts',(20.8661739195121,-92.4826600095986,47.4383543209448));
#6554=CARTESIAN_POINT('Ctrl Pts',(21.9780848437993,-91.0670188443159,47.5010897103748));
#6555=CARTESIAN_POINT('Ctrl Pts',(21.9703973461105,-89.3612328995578,47.5006366822996));
#6556=CARTESIAN_POINT('Ctrl Pts',(21.4294809269005,-88.2197351602805,47.4701369858461));
#6557=CARTESIAN_POINT('Ctrl Pts',(20.4553723332694,-87.4325068216815,47.4323174842935));
#6558=CARTESIAN_POINT('Ctrl Pts',(19.6519520895456,-87.2463315467858,47.4211381158121));
#6559=CARTESIAN_POINT('Ctrl Pts',(19.25,-87.2463315467858,47.4211381158121));
#6560=CARTESIAN_POINT('Ctrl Pts',(19.25,-92.1990894735994,47.1826682150889));
#6561=CARTESIAN_POINT('Ctrl Pts',(19.5715766447519,-92.1990894735994,47.1826682150889));
#6562=CARTESIAN_POINT('Ctrl Pts',(20.54252303843,-91.9904530708323,47.1968467777064));
#6563=CARTESIAN_POINT('Ctrl Pts',(21.45595424272,-90.8640122822876,47.2501293867232));
#6564=CARTESIAN_POINT('Ctrl Pts',(21.4503819433624,-89.483414031039,47.2498240034999));
#6565=CARTESIAN_POINT('Ctrl Pts',(21.0044845920806,-88.5674634033996,47.2237426243032));
#6566=CARTESIAN_POINT('Ctrl Pts',(20.2144302788696,-87.9452974108342,47.1919077222279));
#6567=CARTESIAN_POINT('Ctrl Pts',(19.5715766447517,-87.8009105264005,47.1826682150889));
#6568=CARTESIAN_POINT('Ctrl Pts',(19.25,-87.8009105264005,47.1826682150889));
#6569=CARTESIAN_POINT('Ctrl Pts',(19.25,-92.,46.6367473656473));
#6570=CARTESIAN_POINT('Ctrl Pts',(19.5468612859624,-92.,46.6367473656473));
#6571=CARTESIAN_POINT('Ctrl Pts',(20.4434980214181,-91.8051166166938,46.6561860353535));
#6572=CARTESIAN_POINT('Ctrl Pts',(21.270257277646,-90.7779670306384,46.7263101210044));
#6573=CARTESIAN_POINT('Ctrl Pts',(21.2647350919349,-89.5343479732047,46.7257406852613));
#6574=CARTESIAN_POINT('Ctrl Pts',(20.8621416604136,-88.7042019512341,46.6917580690024));
#6575=CARTESIAN_POINT('Ctrl Pts',(20.1402616078442,-88.1342050022648,46.6492987664635));
#6576=CARTESIAN_POINT('Ctrl Pts',(19.5468612859622,-88.,46.6367473656473));
#6577=CARTESIAN_POINT('Ctrl Pts',(19.25,-88.,46.6367473656473));
#6578=CARTESIAN_POINT('Ctrl Pts',(19.25,-92.,46.4031248947741));
#6579=CARTESIAN_POINT('Ctrl Pts',(19.5492647652265,-92.,46.4031248947741));
#6580=CARTESIAN_POINT('Ctrl Pts',(20.4533300249187,-91.8004066285775,46.4247987507855));
#6581=CARTESIAN_POINT('Ctrl Pts',(21.2710747739984,-90.7710640908124,46.5020708972353));
#6582=CARTESIAN_POINT('Ctrl Pts',(21.2650817846332,-89.5385208271025,46.501390276671));
#6583=CARTESIAN_POINT('Ctrl Pts',(20.8679251697804,-88.710939468488,46.4640536618092));
#6584=CARTESIAN_POINT('Ctrl Pts',(20.1472099707191,-88.1365187946954,46.4170862171775));
#6585=CARTESIAN_POINT('Ctrl Pts',(19.5492647652263,-88.,46.4031248947741));
#6586=CARTESIAN_POINT('Ctrl Pts',(19.25,-88.,46.4031248947741));
#6587=CARTESIAN_POINT('',(19.25,-86.9354838709677,47.4010415591778));
#6588=CARTESIAN_POINT('Origin',(19.25,-87.,46.4031248947741));
#6589=CARTESIAN_POINT('Ctrl Pts',(19.25,-93.0645161290322,47.4010415591778));
#6590=CARTESIAN_POINT('Ctrl Pts',(19.6988971478395,-93.0645161290322,47.4010415591778));
#6591=CARTESIAN_POINT('Ctrl Pts',(21.0549950373781,-92.7586875760462,47.4231815196196));
#6592=CARTESIAN_POINT('Ctrl Pts',(22.2816121609975,-91.1814691714062,47.5021154326598));
#6593=CARTESIAN_POINT('Ctrl Pts',(22.2726226769499,-89.2928948157214,47.501420175094));
#6594=CARTESIAN_POINT('Ctrl Pts',(21.6768877546707,-88.0248266049412,47.4632806222782));
#6595=CARTESIAN_POINT('Ctrl Pts',(20.5958149560788,-87.1446658950978,47.4153031250738));
#6596=CARTESIAN_POINT('Ctrl Pts',(19.6988971478395,-86.9354838709677,47.4010415591778));
#6597=CARTESIAN_POINT('Ctrl Pts',(19.25,-86.9354838709677,47.4010415591778));
#6598=CARTESIAN_POINT('Origin',(23.25,-87.,46.4031248947741));
#6599=CARTESIAN_POINT('',(23.25,-86.9354838709677,47.4010415591778));
#6600=CARTESIAN_POINT('Origin',(21.25,-99.824240491587,39.1381304125313));
#6601=CARTESIAN_POINT('',(19.25,-101.014371139083,45.1213212174749));
#6602=CARTESIAN_POINT('',(-5.74999999999996,-101.014371139083,45.1213212174749));
#6603=CARTESIAN_POINT('',(23.25,-101.014371139083,45.1213212174749));
#6604=CARTESIAN_POINT('',(19.25,-100.175270582833,40.9028778531788));
#6605=CARTESIAN_POINT('',(-5.74999999999996,-100.175270582833,40.9028778531788));
#6606=CARTESIAN_POINT('Origin',(-5.74999999999996,-98.213700022027,41.293058497211));
#6607=CARTESIAN_POINT('',(-5.74999999999996,-97.0912300174696,45.9016825055394));
#6608=CARTESIAN_POINT('Ctrl Pts',(-5.74999999999997,-101.014371139083,45.1213212174748));
#6609=CARTESIAN_POINT('Ctrl Pts',(-6.04926476478465,-101.014371139083,45.1213212174748));
#6610=CARTESIAN_POINT('Ctrl Pts',(-6.64454399628771,-100.882014965638,45.1608357419254));
#6611=CARTESIAN_POINT('Ctrl Pts',(-7.61340262475304,-100.147066752517,45.3741444705641));
#6612=CARTESIAN_POINT('Ctrl Pts',(-7.90692801057408,-98.8961146484023,45.6584781370563));
#6613=CARTESIAN_POINT('Ctrl Pts',(-7.36487104135238,-97.7991563021618,45.8220798405985));
#6614=CARTESIAN_POINT('Ctrl Pts',(-6.64892381235556,-97.22852649425,45.889144072254));
#6615=CARTESIAN_POINT('Ctrl Pts',(-6.04926476478462,-97.0912300174697,45.9016825055394));
#6616=CARTESIAN_POINT('Ctrl Pts',(-5.74999999999997,-97.0912300174697,45.9016825055394));
#6617=CARTESIAN_POINT('',(-5.74999999999996,-96.9500806570738,45.1920767517333));
#6618=CARTESIAN_POINT('Origin',(21.25,-97.2970017616808,46.9361669215758));
#6619=CARTESIAN_POINT('',(19.25,-97.0912300174696,45.9016825055394));
#6620=CARTESIAN_POINT('',(23.25,-97.0912300174696,45.9016825055394));
#6621=CARTESIAN_POINT('',(19.25,-96.9500806570738,45.1920767517333));
#6622=CARTESIAN_POINT('Origin',(19.25,-98.9116512178803,44.801896107701));
#6623=CARTESIAN_POINT('Ctrl Pts',(19.25,-97.0912300174696,45.9016825055394));
#6624=CARTESIAN_POINT('Ctrl Pts',(19.5492647647847,-97.0912300174696,45.9016825055394));
#6625=CARTESIAN_POINT('Ctrl Pts',(20.4533808780782,-97.291242629064,45.883998136872));
#6626=CARTESIAN_POINT('Ctrl Pts',(21.2710819808427,-98.315894087649,45.7589672491348));
#6627=CARTESIAN_POINT('Ctrl Pts',(21.2650753358481,-99.5246245376191,45.517839228161));
#6628=CARTESIAN_POINT('Ctrl Pts',(20.8679093877106,-100.329006807883,45.3197687626883));
#6629=CARTESIAN_POINT('Ctrl Pts',(20.1471687954378,-100.883220032161,45.1616413132154));
#6630=CARTESIAN_POINT('Ctrl Pts',(19.5492647647849,-101.014371139083,45.1213212174749));
#6631=CARTESIAN_POINT('Ctrl Pts',(19.25,-101.014371139083,45.1213212174749));
#6632=CARTESIAN_POINT('Ctrl Pts',(-5.74999999999996,-96.2418521507668,47.0881012754599));
#6633=CARTESIAN_POINT('Ctrl Pts',(-6.19889714717689,-96.2418521507668,47.0881012754599));
#6634=CARTESIAN_POINT('Ctrl Pts',(-7.09838571853331,-96.450782187703,47.0616317085367));
#6635=CARTESIAN_POINT('Ctrl Pts',(-8.17230656202862,-97.3205957037203,46.9360548704321));
#6636=CARTESIAN_POINT('Ctrl Pts',(-8.98539201586105,-98.9960833163347,46.6585506673262));
#6637=CARTESIAN_POINT('Ctrl Pts',(-8.54510393712953,-100.916334494208,46.2403216145342));
#6638=CARTESIAN_POINT('Ctrl Pts',(-7.09181599443161,-102.049024191497,45.94645377837));
#6639=CARTESIAN_POINT('Ctrl Pts',(-6.19889714717689,-102.253116772593,45.8923863985869));
#6640=CARTESIAN_POINT('Ctrl Pts',(-5.74999999999996,-102.253116772593,45.8923863985869));
#6641=CARTESIAN_POINT('Ctrl Pts',(-5.74999999999996,-96.5506476193619,47.0471683092203));
#6642=CARTESIAN_POINT('Ctrl Pts',(-6.15195208895227,-96.5506476193619,47.0471683092203));
#6643=CARTESIAN_POINT('Ctrl Pts',(-6.95779034812075,-96.7364839243791,47.0220352754929));
#6644=CARTESIAN_POINT('Ctrl Pts',(-7.92514244021544,-97.5129976022703,46.9049410913091));
#6645=CARTESIAN_POINT('Ctrl Pts',(-8.66405392653431,-99.0214523911573,46.6494992935008));
#6646=CARTESIAN_POINT('Ctrl Pts',(-8.26196340988446,-100.756312231565,46.2752802237468));
#6647=CARTESIAN_POINT('Ctrl Pts',(-6.95144285686243,-101.769984632153,46.019491679632));
#6648=CARTESIAN_POINT('Ctrl Pts',(-6.15195208895227,-101.952162591408,45.9727401786938));
#6649=CARTESIAN_POINT('Ctrl Pts',(-5.74999999999996,-101.952162591408,45.9727401786938));
#6650=CARTESIAN_POINT('Ctrl Pts',(-5.74999999999996,-97.0480505564378,46.7050894129844));
#6651=CARTESIAN_POINT('Ctrl Pts',(-6.07157664427712,-97.0480505564378,46.7050894129844));
#6652=CARTESIAN_POINT('Ctrl Pts',(-6.7165894118423,-97.1925352861189,46.6861480500111));
#6653=CARTESIAN_POINT('Ctrl Pts',(-7.50070325342483,-97.8059837619878,46.5955765016384));
#6654=CARTESIAN_POINT('Ctrl Pts',(-8.11088778841567,-99.0183793470678,46.3925579545338));
#6655=CARTESIAN_POINT('Ctrl Pts',(-7.77542512859461,-100.421090249105,46.0885058061208));
#6656=CARTESIAN_POINT('Ctrl Pts',(-6.71068842350519,-101.219956696675,45.8838923582734));
#6657=CARTESIAN_POINT('Ctrl Pts',(-6.07157664427714,-101.361714272282,45.8470483511861));
#6658=CARTESIAN_POINT('Ctrl Pts',(-5.74999999999996,-101.361714272282,45.8470483511861));
#6659=CARTESIAN_POINT('Ctrl Pts',(-5.74999999999997,-97.1368075005425,46.1308159861432));
#6660=CARTESIAN_POINT('Ctrl Pts',(-6.04686128552406,-97.1368075005425,46.1308159861432));
#6661=CARTESIAN_POINT('Ctrl Pts',(-6.64209899889087,-97.2717574586185,46.1172598130698));
#6662=CARTESIAN_POINT('Ctrl Pts',(-7.35886026995648,-97.8366512330782,46.0468717782832));
#6663=CARTESIAN_POINT('Ctrl Pts',(-7.90906920387973,-98.9374773550006,45.8775968477278));
#6664=CARTESIAN_POINT('Ctrl Pts',(-7.60884142009372,-100.199907483465,45.5940998095991));
#6665=CARTESIAN_POINT('Ctrl Pts',(-6.63721407616958,-100.929290899569,45.3882757553889));
#6666=CARTESIAN_POINT('Ctrl Pts',(-6.04686128552409,-101.059948622155,45.3504546980787));
#6667=CARTESIAN_POINT('Ctrl Pts',(-5.74999999999997,-101.059948622155,45.3504546980787));
#6668=CARTESIAN_POINT('Ctrl Pts',(-5.74999999999997,-97.0912300174697,45.9016825055394));
#6669=CARTESIAN_POINT('Ctrl Pts',(-6.04926476478462,-97.0912300174697,45.9016825055394));
#6670=CARTESIAN_POINT('Ctrl Pts',(-6.64892381235556,-97.22852649425,45.889144072254));
#6671=CARTESIAN_POINT('Ctrl Pts',(-7.36487104135238,-97.7991563021618,45.8220798405985));
#6672=CARTESIAN_POINT('Ctrl Pts',(-7.90692801057408,-98.8961146484023,45.6584781370563));
#6673=CARTESIAN_POINT('Ctrl Pts',(-7.61340262475304,-100.147066752517,45.3741444705641));
#6674=CARTESIAN_POINT('Ctrl Pts',(-6.64454399628771,-100.882014965638,45.1608357419254));
#6675=CARTESIAN_POINT('Ctrl Pts',(-6.04926476478465,-101.014371139083,45.1213212174748));
#6676=CARTESIAN_POINT('Ctrl Pts',(-5.74999999999997,-101.014371139083,45.1213212174748));
#6677=CARTESIAN_POINT('',(-5.74999999999996,-102.253116772593,45.8923863985869));
#6678=CARTESIAN_POINT('Origin',(-5.74999999999996,-101.995156419486,44.9262308954587));
#6679=CARTESIAN_POINT('',(-5.74999999999996,-96.2418521507668,47.0881012754599));
#6680=CARTESIAN_POINT('Origin',(-5.74999999999996,-96.1104447370664,46.0967728275555));
#6681=CARTESIAN_POINT('Ctrl Pts',(-5.74999999999996,-96.2418521507668,47.0881012754599));
#6682=CARTESIAN_POINT('Ctrl Pts',(-6.19889714717689,-96.2418521507668,47.0881012754599));
#6683=CARTESIAN_POINT('Ctrl Pts',(-7.09838571853331,-96.450782187703,47.0616317085367));
#6684=CARTESIAN_POINT('Ctrl Pts',(-8.17230656202862,-97.3205957037203,46.9360548704321));
#6685=CARTESIAN_POINT('Ctrl Pts',(-8.98539201586105,-98.9960833163347,46.6585506673262));
#6686=CARTESIAN_POINT('Ctrl Pts',(-8.54510393712953,-100.916334494208,46.2403216145342));
#6687=CARTESIAN_POINT('Ctrl Pts',(-7.09181599443161,-102.049024191497,45.94645377837));
#6688=CARTESIAN_POINT('Ctrl Pts',(-6.19889714717689,-102.253116772593,45.8923863985869));
#6689=CARTESIAN_POINT('Ctrl Pts',(-5.74999999999996,-102.253116772593,45.8923863985869));
#6690=CARTESIAN_POINT('Origin',(23.25,-101.995156419486,44.9262308954587));
#6691=CARTESIAN_POINT('',(19.25,-102.253116772593,45.8923863985869));
#6692=CARTESIAN_POINT('',(23.25,-102.253116772593,45.8923863985869));
#6693=CARTESIAN_POINT('Origin',(19.25,-101.995156419486,44.9262308954587));
#6694=CARTESIAN_POINT('Ctrl Pts',(19.25,-102.253116772593,45.8923863985869));
#6695=CARTESIAN_POINT('Ctrl Pts',(19.698897147177,-102.253116772593,45.8923863985869));
#6696=CARTESIAN_POINT('Ctrl Pts',(20.5957531931566,-102.050768511555,45.9471745644717));
#6697=CARTESIAN_POINT('Ctrl Pts',(21.6768640815656,-101.196890857116,46.165938815705));
#6698=CARTESIAN_POINT('Ctrl Pts',(22.272613003772,-99.9606492294093,46.4507301340153));
#6699=CARTESIAN_POINT('Ctrl Pts',(22.2816229712639,-98.1084941734883,46.8198582469256));
#6700=CARTESIAN_POINT('Ctrl Pts',(21.0550713171172,-96.5461632326001,47.050145933172));
#6701=CARTESIAN_POINT('Ctrl Pts',(19.698897147177,-96.2418521507668,47.0881012754599));
#6702=CARTESIAN_POINT('Ctrl Pts',(19.25,-96.2418521507668,47.0881012754599));
#6703=CARTESIAN_POINT('Ctrl Pts',(19.25,-101.952162591408,45.9727401786939));
#6704=CARTESIAN_POINT('Ctrl Pts',(19.6519520889524,-101.952162591408,45.9727401786939));
#6705=CARTESIAN_POINT('Ctrl Pts',(20.4553213117013,-101.771774517541,46.0200197249445));
#6706=CARTESIAN_POINT('Ctrl Pts',(21.4294650366358,-101.007060654287,46.210691898355));
#6707=CARTESIAN_POINT('Ctrl Pts',(21.9703965104871,-99.8934650586962,46.4632988404675));
#6708=CARTESIAN_POINT('Ctrl Pts',(21.9781021416392,-98.2205390188018,46.796528294088));
#6709=CARTESIAN_POINT('Ctrl Pts',(20.8662461125589,-96.8198425394927,47.0111785722667));
#6710=CARTESIAN_POINT('Ctrl Pts',(19.6519520889523,-96.5506476193619,47.0471683092203));
#6711=CARTESIAN_POINT('Ctrl Pts',(19.25,-96.5506476193619,47.0471683092203));
#6712=CARTESIAN_POINT('Ctrl Pts',(19.25,-101.361719491004,45.8470415087632));
#6713=CARTESIAN_POINT('Ctrl Pts',(19.5715766442774,-101.361719491004,45.8470415087632));
#6714=CARTESIAN_POINT('Ctrl Pts',(20.2143850575456,-101.221930519416,45.8842659688576));
#6715=CARTESIAN_POINT('Ctrl Pts',(21.0044660121567,-100.617937826213,46.0368659814246));
#6716=CARTESIAN_POINT('Ctrl Pts',(21.4503734134651,-99.7246895620961,46.2411367870654));
#6717=CARTESIAN_POINT('Ctrl Pts',(21.4559619370316,-98.3706746356154,46.5107803582928));
#6718=CARTESIAN_POINT('Ctrl Pts',(20.5425778463645,-97.2554657853314,46.6782837395226));
#6719=CARTESIAN_POINT('Ctrl Pts',(19.5715766442772,-97.048043116485,46.7050850885284));
#6720=CARTESIAN_POINT('Ctrl Pts',(19.25,-97.048043116485,46.7050850885284));
#6721=CARTESIAN_POINT('Ctrl Pts',(19.25,-101.059948622155,45.3504546980787));
#6722=CARTESIAN_POINT('Ctrl Pts',(19.5468612855244,-101.059948622155,45.3504546980787));
#6723=CARTESIAN_POINT('Ctrl Pts',(20.1402233701414,-100.930791450681,45.3889406689487));
#6724=CARTESIAN_POINT('Ctrl Pts',(20.8621291701858,-100.380037374665,45.5417834826616));
#6725=CARTESIAN_POINT('Ctrl Pts',(21.2647335231931,-99.572485423206,45.7370645089287));
#6726=CARTESIAN_POINT('Ctrl Pts',(21.2702694216808,-98.3528700248571,45.9802441172431));
#6727=CARTESIAN_POINT('Ctrl Pts',(20.4435510332823,-97.3317638831522,46.1118580331752));
#6728=CARTESIAN_POINT('Ctrl Pts',(19.5468612855241,-97.1368075005425,46.1308159861432));
#6729=CARTESIAN_POINT('Ctrl Pts',(19.25,-97.1368075005425,46.1308159861432));
#6730=CARTESIAN_POINT('Ctrl Pts',(19.25,-101.014371139083,45.1213212174749));
#6731=CARTESIAN_POINT('Ctrl Pts',(19.5492647647849,-101.014371139083,45.1213212174749));
#6732=CARTESIAN_POINT('Ctrl Pts',(20.1471687954378,-100.883220032161,45.1616413132154));
#6733=CARTESIAN_POINT('Ctrl Pts',(20.8679093877106,-100.329006807883,45.3197687626883));
#6734=CARTESIAN_POINT('Ctrl Pts',(21.2650753358481,-99.5246245376191,45.517839228161));
#6735=CARTESIAN_POINT('Ctrl Pts',(21.2710819808427,-98.315894087649,45.7589672491348));
#6736=CARTESIAN_POINT('Ctrl Pts',(20.4533808780782,-97.291242629064,45.883998136872));
#6737=CARTESIAN_POINT('Ctrl Pts',(19.5492647647847,-97.0912300174696,45.9016825055394));
#6738=CARTESIAN_POINT('Ctrl Pts',(19.25,-97.0912300174696,45.9016825055394));
#6739=CARTESIAN_POINT('',(19.25,-96.2418521507668,47.0881012754599));
#6740=CARTESIAN_POINT('Origin',(19.25,-96.1104447370664,46.0967728275555));
#6741=CARTESIAN_POINT('Ctrl Pts',(19.25,-102.253116772593,45.8923863985869));
#6742=CARTESIAN_POINT('Ctrl Pts',(19.698897147177,-102.253116772593,45.8923863985869));
#6743=CARTESIAN_POINT('Ctrl Pts',(20.5957531931566,-102.050768511555,45.9471745644717));
#6744=CARTESIAN_POINT('Ctrl Pts',(21.6768640815656,-101.196890857116,46.165938815705));
#6745=CARTESIAN_POINT('Ctrl Pts',(22.272613003772,-99.9606492294093,46.4507301340153));
#6746=CARTESIAN_POINT('Ctrl Pts',(22.2816229712639,-98.1084941734883,46.8198582469256));
#6747=CARTESIAN_POINT('Ctrl Pts',(21.0550713171172,-96.5461632326001,47.050145933172));
#6748=CARTESIAN_POINT('Ctrl Pts',(19.698897147177,-96.2418521507668,47.0881012754599));
#6749=CARTESIAN_POINT('Ctrl Pts',(19.25,-96.2418521507668,47.0881012754599));
#6750=CARTESIAN_POINT('Origin',(23.25,-96.1104447370664,46.0967728275555));
#6751=CARTESIAN_POINT('',(23.25,-96.2418521507668,47.0881012754599));
#6752=CARTESIAN_POINT('Origin',(21.25,-107.27094093058,36.4694879700451));
#6753=CARTESIAN_POINT('',(19.25,-109.605466172221,42.1055304701165));
#6754=CARTESIAN_POINT('',(-5.74999999999996,-109.605466172221,42.1055304701165));
#6755=CARTESIAN_POINT('',(23.25,-109.605466172221,42.1055304701165));
#6756=CARTESIAN_POINT('',(19.25,-107.959511223526,38.1318437099228));
#6757=CARTESIAN_POINT('',(-5.74999999999996,-107.959511223526,38.1318437099228));
#6758=CARTESIAN_POINT('Origin',(-5.74999999999996,-106.111752158503,38.897210574653));
#6759=CARTESIAN_POINT('',(-5.74999999999996,-105.909948042176,43.6362641995769));
#6760=CARTESIAN_POINT('Ctrl Pts',(-5.74999999999996,-109.605466172221,42.1055304701165));
#6761=CARTESIAN_POINT('Ctrl Pts',(-6.04926476475218,-109.605466172221,42.1055304701165));
#6762=CARTESIAN_POINT('Ctrl Pts',(-6.64716764936894,-109.484702634054,42.1706603025017));
#6763=CARTESIAN_POINT('Ctrl Pts',(-7.36790817115102,-108.971987114502,42.4338712488777));
#6764=CARTESIAN_POINT('Ctrl Pts',(-7.76507286693584,-108.221703301569,42.7850621596272));
#6765=CARTESIAN_POINT('Ctrl Pts',(-7.77108050786805,-107.083239060296,43.2573692912108));
#6766=CARTESIAN_POINT('Ctrl Pts',(-6.95337650411284,-106.10266970397,43.5798967940267));
#6767=CARTESIAN_POINT('Ctrl Pts',(-6.04926476475201,-105.909948042176,43.6362641995769));
#6768=CARTESIAN_POINT('Ctrl Pts',(-5.74999999999996,-105.909948042176,43.6362641995769));
#6769=CARTESIAN_POINT('',(-5.74999999999996,-105.633073612146,42.9678301955264));
#6770=CARTESIAN_POINT('Origin',(21.25,-106.313583837866,44.610727211792));
#6771=CARTESIAN_POINT('',(19.25,-105.909948042176,43.6362641995769));
#6772=CARTESIAN_POINT('',(23.25,-105.909948042176,43.6362641995769));
#6773=CARTESIAN_POINT('',(19.25,-105.633073612146,42.9678301955264));
#6774=CARTESIAN_POINT('Origin',(19.25,-107.480832677169,42.2024633307963));
#6775=CARTESIAN_POINT('Ctrl Pts',(19.25,-105.909948042176,43.6362641995769));
#6776=CARTESIAN_POINT('Ctrl Pts',(19.5492647647524,-105.909948042176,43.6362641995769));
#6777=CARTESIAN_POINT('Ctrl Pts',(20.4533798704875,-106.102667946045,43.5798985717782));
#6778=CARTESIAN_POINT('Ctrl Pts',(21.2710816344233,-107.083238380663,43.2573706526015));
#6779=CARTESIAN_POINT('Ctrl Pts',(21.2650747606623,-108.22170188873,42.7850640638776));
#6780=CARTESIAN_POINT('Ctrl Pts',(20.8679091024664,-108.971986353026,42.4338724755707));
#6781=CARTESIAN_POINT('Ctrl Pts',(20.1471685280084,-109.48470149977,42.1706617119473));
#6782=CARTESIAN_POINT('Ctrl Pts',(19.5492647647523,-109.605466172221,42.1055304701165));
#6783=CARTESIAN_POINT('Ctrl Pts',(19.25,-109.605466172221,42.1055304701165));
#6784=CARTESIAN_POINT('Ctrl Pts',(-5.74999999999996,-105.308349552883,44.9655916670375));
#6785=CARTESIAN_POINT('Ctrl Pts',(-6.19889714712824,-105.308349552883,44.9655916670375));
#6786=CARTESIAN_POINT('Ctrl Pts',(-7.55506475616922,-105.599412411412,44.8689945313829));
#6787=CARTESIAN_POINT('Ctrl Pts',(-8.781620761802,-107.086794571873,44.3383369500786));
#6788=CARTESIAN_POINT('Ctrl Pts',(-8.77260930040372,-108.831349179049,43.6149630591811));
#6789=CARTESIAN_POINT('Ctrl Pts',(-8.17686225672655,-109.988275347203,43.0944662692229));
#6790=CARTESIAN_POINT('Ctrl Pts',(-7.09575147405346,-110.783067938694,42.7133219003695));
#6791=CARTESIAN_POINT('Ctrl Pts',(-6.19889714712825,-110.97083701021,42.620112565445));
#6792=CARTESIAN_POINT('Ctrl Pts',(-5.74999999999996,-110.97083701021,42.620112565445));
#6793=CARTESIAN_POINT('Ctrl Pts',(-5.74999999999996,-105.603225977571,44.8652022088611));
#6794=CARTESIAN_POINT('Ctrl Pts',(-6.15195208890865,-105.603225977571,44.8652022088611));
#6795=CARTESIAN_POINT('Ctrl Pts',(-7.36625206758798,-105.860230983811,44.7773882824969));
#6796=CARTESIAN_POINT('Ctrl Pts',(-8.47812348821352,-107.192135474738,44.2936074208467));
#6797=CARTESIAN_POINT('Ctrl Pts',(-8.47041905220378,-108.767909533381,43.6404088160025));
#6798=CARTESIAN_POINT('Ctrl Pts',(-7.92948155886109,-109.810824986252,43.175401080194));
#6799=CARTESIAN_POINT('Ctrl Pts',(-6.95533402426049,-110.523647737345,42.839201435045));
#6800=CARTESIAN_POINT('Ctrl Pts',(-6.15195208890871,-110.691341824065,42.7576356183181));
#6801=CARTESIAN_POINT('Ctrl Pts',(-5.74999999999996,-110.691341824065,42.7576356183181));
#6802=CARTESIAN_POINT('Ctrl Pts',(-5.74999999999996,-106.024331518253,44.4326565104349));
#6803=CARTESIAN_POINT('Ctrl Pts',(-6.07157664424212,-106.024331518253,44.4326565104349));
#6804=CARTESIAN_POINT('Ctrl Pts',(-7.04257045761043,-106.22254354309,44.3659007617565));
#6805=CARTESIAN_POINT('Ctrl Pts',(-7.95595441798304,-107.283639284262,43.9840504711588));
#6806=CARTESIAN_POINT('Ctrl Pts',(-7.95036438678519,-108.559032479635,43.4554324011784));
#6807=CARTESIAN_POINT('Ctrl Pts',(-7.50446017543636,-109.395263720797,43.0808246548401));
#6808=CARTESIAN_POINT('Ctrl Pts',(-6.7143802346995,-109.957879897594,42.8133243282085));
#6809=CARTESIAN_POINT('Ctrl Pts',(-6.07157664424226,-110.087719244123,42.7495462051988));
#6810=CARTESIAN_POINT('Ctrl Pts',(-5.74999999999996,-110.087719244123,42.7495462051988));
#6811=CARTESIAN_POINT('Ctrl Pts',(-5.74999999999996,-105.999351491207,43.8521032187514));
#6812=CARTESIAN_POINT('Ctrl Pts',(-6.04686128549171,-105.999351491207,43.8521032187514));
#6813=CARTESIAN_POINT('Ctrl Pts',(-6.94355414915066,-106.186864890803,43.7954730629622));
#6814=CARTESIAN_POINT('Ctrl Pts',(-7.77028266313924,-107.162670483958,43.4671807550434));
#6815=CARTESIAN_POINT('Ctrl Pts',(-7.76474740849228,-108.311411057372,42.9907375156415));
#6816=CARTESIAN_POINT('Ctrl Pts',(-7.36213939562907,-109.065348773846,42.6416641200334));
#6817=CARTESIAN_POINT('Ctrl Pts',(-6.64023115735661,-109.57570356518,42.3843110417235));
#6818=CARTESIAN_POINT('Ctrl Pts',(-6.04686128549188,-109.694869621252,42.321369489291));
#6819=CARTESIAN_POINT('Ctrl Pts',(-5.74999999999996,-109.694869621252,42.321369489291));
#6820=CARTESIAN_POINT('Ctrl Pts',(-5.74999999999996,-105.909948042176,43.6362641995769));
#6821=CARTESIAN_POINT('Ctrl Pts',(-6.04926476475201,-105.909948042176,43.6362641995769));
#6822=CARTESIAN_POINT('Ctrl Pts',(-6.95337650411284,-106.10266970397,43.5798967940267));
#6823=CARTESIAN_POINT('Ctrl Pts',(-7.77108050786805,-107.083239060296,43.2573692912108));
#6824=CARTESIAN_POINT('Ctrl Pts',(-7.76507286693584,-108.221703301569,42.7850621596272));
#6825=CARTESIAN_POINT('Ctrl Pts',(-7.36790817115102,-108.971987114502,42.4338712488777));
#6826=CARTESIAN_POINT('Ctrl Pts',(-6.64716764936894,-109.484702634054,42.1706603025017));
#6827=CARTESIAN_POINT('Ctrl Pts',(-6.04926476475218,-109.605466172221,42.1055304701165));
#6828=CARTESIAN_POINT('Ctrl Pts',(-5.74999999999996,-109.605466172221,42.1055304701165));
#6829=CARTESIAN_POINT('',(-5.74999999999996,-110.97083701021,42.620112565445));
#6830=CARTESIAN_POINT('Origin',(-5.74999999999996,-110.529345704732,41.7228470377515));
#6831=CARTESIAN_POINT('',(-5.74999999999996,-105.308349552883,44.9655916670375));
#6832=CARTESIAN_POINT('Origin',(-5.74999999999996,-104.986068509664,44.018947631942));
#6833=CARTESIAN_POINT('Ctrl Pts',(-5.74999999999996,-105.308349552883,44.9655916670375));
#6834=CARTESIAN_POINT('Ctrl Pts',(-6.19889714712824,-105.308349552883,44.9655916670375));
#6835=CARTESIAN_POINT('Ctrl Pts',(-7.55506475616922,-105.599412411412,44.8689945313829));
#6836=CARTESIAN_POINT('Ctrl Pts',(-8.781620761802,-107.086794571873,44.3383369500786));
#6837=CARTESIAN_POINT('Ctrl Pts',(-8.77260930040372,-108.831349179049,43.6149630591811));
#6838=CARTESIAN_POINT('Ctrl Pts',(-8.17686225672655,-109.988275347203,43.0944662692229));
#6839=CARTESIAN_POINT('Ctrl Pts',(-7.09575147405346,-110.783067938694,42.7133219003695));
#6840=CARTESIAN_POINT('Ctrl Pts',(-6.19889714712825,-110.97083701021,42.620112565445));
#6841=CARTESIAN_POINT('Ctrl Pts',(-5.74999999999996,-110.97083701021,42.620112565445));
#6842=CARTESIAN_POINT('Origin',(23.25,-110.529345704732,41.7228470377515));
#6843=CARTESIAN_POINT('',(19.25,-110.97083701021,42.620112565445));
#6844=CARTESIAN_POINT('',(23.25,-110.97083701021,42.620112565445));
#6845=CARTESIAN_POINT('Origin',(19.25,-110.529345704732,41.7228470377515));
#6846=CARTESIAN_POINT('Ctrl Pts',(19.25,-110.97083701021,42.620112565445));
#6847=CARTESIAN_POINT('Ctrl Pts',(19.6988971471283,-110.97083701021,42.620112565445));
#6848=CARTESIAN_POINT('Ctrl Pts',(20.5957527920125,-110.783066031005,42.7133236503766));
#6849=CARTESIAN_POINT('Ctrl Pts',(21.6768636536995,-109.988274015867,43.0944677515567));
#6850=CARTESIAN_POINT('Ctrl Pts',(22.2726121409935,-108.831346776026,43.6149654019455));
#6851=CARTESIAN_POINT('Ctrl Pts',(22.2816224516349,-107.086793335496,44.338338565303));
#6852=CARTESIAN_POINT('Ctrl Pts',(21.0550698057313,-105.599409528283,44.868996797781));
#6853=CARTESIAN_POINT('Ctrl Pts',(19.6988971471283,-105.308349552883,44.9655916670375));
#6854=CARTESIAN_POINT('Ctrl Pts',(19.25,-105.308349552883,44.9655916670375));
#6855=CARTESIAN_POINT('Ctrl Pts',(19.25,-110.691341824065,42.7576356183181));
#6856=CARTESIAN_POINT('Ctrl Pts',(19.6519520889088,-110.691341824065,42.7576356183181));
#6857=CARTESIAN_POINT('Ctrl Pts',(20.4553242745963,-110.523644588268,42.8391993195108));
#6858=CARTESIAN_POINT('Ctrl Pts',(21.4294688867458,-109.810822568909,43.1753967272972));
#6859=CARTESIAN_POINT('Ctrl Pts',(21.9704017676888,-108.767905928288,43.6404022835794));
#6860=CARTESIAN_POINT('Ctrl Pts',(21.9781071149346,-107.192133922242,44.2936005906031));
#6861=CARTESIAN_POINT('Ctrl Pts',(20.8662475097574,-105.860228031452,44.7773870593873));
#6862=CARTESIAN_POINT('Ctrl Pts',(19.6519520889088,-105.603225977571,44.8652022088611));
#6863=CARTESIAN_POINT('Ctrl Pts',(19.25,-105.603225977571,44.8652022088611));
#6864=CARTESIAN_POINT('Ctrl Pts',(19.25,-110.087722786004,42.7495389698248));
#6865=CARTESIAN_POINT('Ctrl Pts',(19.5715766442424,-110.087722786004,42.7495389698248));
#6866=CARTESIAN_POINT('Ctrl Pts',(20.2143843061718,-109.957881407006,42.813319472802));
#6867=CARTESIAN_POINT('Ctrl Pts',(21.0044651269421,-109.395264556899,43.0808205402137));
#6868=CARTESIAN_POINT('Ctrl Pts',(21.4503719899985,-108.559030683161,43.4554303423261));
#6869=CARTESIAN_POINT('Ctrl Pts',(21.4559607961989,-107.283636963166,43.9840483447865));
#6870=CARTESIAN_POINT('Ctrl Pts',(20.5425764347224,-106.222533923056,44.3659003454217));
#6871=CARTESIAN_POINT('Ctrl Pts',(19.5715766442425,-106.024323897583,44.4326538987404));
#6872=CARTESIAN_POINT('Ctrl Pts',(19.25,-106.024323897583,44.4326538987404));
#6873=CARTESIAN_POINT('Ctrl Pts',(19.25,-109.694869621252,42.321369489291));
#6874=CARTESIAN_POINT('Ctrl Pts',(19.546861285492,-109.694869621252,42.321369489291));
#6875=CARTESIAN_POINT('Ctrl Pts',(20.1402251852458,-109.575702673742,42.3843127584332));
#6876=CARTESIAN_POINT('Ctrl Pts',(20.8621315527735,-109.065349002688,42.6416655989873));
#6877=CARTESIAN_POINT('Ctrl Pts',(21.264736761515,-108.311411351947,42.9907397091186));
#6878=CARTESIAN_POINT('Ctrl Pts',(21.2702725062116,-107.162672113217,43.4671821030229));
#6879=CARTESIAN_POINT('Ctrl Pts',(20.4435517670738,-106.186863686813,43.7954748857543));
#6880=CARTESIAN_POINT('Ctrl Pts',(19.5468612854921,-105.999351491207,43.8521032187514));
#6881=CARTESIAN_POINT('Ctrl Pts',(19.25,-105.999351491207,43.8521032187514));
#6882=CARTESIAN_POINT('Ctrl Pts',(19.25,-109.605466172221,42.1055304701165));
#6883=CARTESIAN_POINT('Ctrl Pts',(19.5492647647523,-109.605466172221,42.1055304701165));
#6884=CARTESIAN_POINT('Ctrl Pts',(20.1471685280084,-109.48470149977,42.1706617119473));
#6885=CARTESIAN_POINT('Ctrl Pts',(20.8679091024664,-108.971986353026,42.4338724755707));
#6886=CARTESIAN_POINT('Ctrl Pts',(21.2650747606623,-108.22170188873,42.7850640638776));
#6887=CARTESIAN_POINT('Ctrl Pts',(21.2710816344233,-107.083238380663,43.2573706526015));
#6888=CARTESIAN_POINT('Ctrl Pts',(20.4533798704875,-106.102667946045,43.5798985717782));
#6889=CARTESIAN_POINT('Ctrl Pts',(19.5492647647524,-105.909948042176,43.6362641995769));
#6890=CARTESIAN_POINT('Ctrl Pts',(19.25,-105.909948042176,43.6362641995769));
#6891=CARTESIAN_POINT('',(19.25,-105.308349552883,44.9655916670375));
#6892=CARTESIAN_POINT('Origin',(19.25,-104.986068509664,44.018947631942));
#6893=CARTESIAN_POINT('Ctrl Pts',(19.25,-110.97083701021,42.620112565445));
#6894=CARTESIAN_POINT('Ctrl Pts',(19.6988971471283,-110.97083701021,42.620112565445));
#6895=CARTESIAN_POINT('Ctrl Pts',(20.5957527920125,-110.783066031005,42.7133236503766));
#6896=CARTESIAN_POINT('Ctrl Pts',(21.6768636536995,-109.988274015867,43.0944677515567));
#6897=CARTESIAN_POINT('Ctrl Pts',(22.2726121409935,-108.831346776026,43.6149654019455));
#6898=CARTESIAN_POINT('Ctrl Pts',(22.2816224516349,-107.086793335496,44.338338565303));
#6899=CARTESIAN_POINT('Ctrl Pts',(21.0550698057313,-105.599409528283,44.868996797781));
#6900=CARTESIAN_POINT('Ctrl Pts',(19.6988971471283,-105.308349552883,44.9655916670375));
#6901=CARTESIAN_POINT('Ctrl Pts',(19.25,-105.308349552883,44.9655916670375));
#6902=CARTESIAN_POINT('Origin',(23.25,-104.986068509664,44.018947631942));
#6903=CARTESIAN_POINT('',(23.25,-105.308349552883,44.9655916670375));
#6904=CARTESIAN_POINT('Origin',(21.25,-114.053928795266,32.3993435571946));
#6905=CARTESIAN_POINT('',(19.25,-117.443134135232,37.4716477998452));
#6906=CARTESIAN_POINT('',(-5.74999999999996,-117.443134135232,37.4716477998452));
#6907=CARTESIAN_POINT('',(23.25,-117.443134135232,37.4716477998452));
#6908=CARTESIAN_POINT('',(19.25,-115.053577919708,33.8954241974789));
#6909=CARTESIAN_POINT('',(-5.74999999999996,-115.053577919708,33.8954241974789));
#6910=CARTESIAN_POINT('Origin',(-5.74999999999996,-113.390638695103,35.0065646635181));
#6911=CARTESIAN_POINT('',(-5.74999999999996,-114.117255686022,39.6939287319236));
#6912=CARTESIAN_POINT('Ctrl Pts',(-5.74999999999997,-117.443134135232,37.4716477998452));
#6913=CARTESIAN_POINT('Ctrl Pts',(-6.04926476445235,-117.443134135232,37.4716477998452));
#6914=CARTESIAN_POINT('Ctrl Pts',(-6.64716752817337,-117.337397350252,37.5590857552254));
#6915=CARTESIAN_POINT('Ctrl Pts',(-7.3679080425362,-116.885883381193,37.9172650463912));
#6916=CARTESIAN_POINT('Ctrl Pts',(-7.76507260598418,-116.218530071163,38.4080809287315));
#6917=CARTESIAN_POINT('Ctrl Pts',(-7.77108035291075,-115.194083573639,39.0934162557411));
#6918=CARTESIAN_POINT('Ctrl Pts',(-6.95337603713352,-114.29527771806,39.6010459835978));
#6919=CARTESIAN_POINT('Ctrl Pts',(-6.04926476445242,-114.117255686022,39.6939287319236));
#6920=CARTESIAN_POINT('Ctrl Pts',(-5.74999999999997,-114.117255686022,39.6939287319236));
#6921=CARTESIAN_POINT('',(-5.74999999999996,-113.715296315433,39.0923540215423));
#6922=CARTESIAN_POINT('Origin',(21.25,-114.703244035925,40.5709222732431));
#6923=CARTESIAN_POINT('',(19.25,-114.117255686022,39.6939287319236));
#6924=CARTESIAN_POINT('',(23.25,-114.117255686022,39.6939287319236));
#6925=CARTESIAN_POINT('',(19.25,-113.715296315433,39.0923540215423));
#6926=CARTESIAN_POINT('Origin',(19.25,-115.378235540038,37.9812135555031));
#6927=CARTESIAN_POINT('Ctrl Pts',(19.25,-114.117255686022,39.6939287319236));
#6928=CARTESIAN_POINT('Ctrl Pts',(19.5492647644521,-114.117255686022,39.6939287319236));
#6929=CARTESIAN_POINT('Ctrl Pts',(20.1472092586717,-114.238521846484,39.6296915165998));
#6930=CARTESIAN_POINT('Ctrl Pts',(20.867924408241,-114.742229208262,39.3496123061074));
#6931=CARTESIAN_POINT('Ctrl Pts',(21.2650801853149,-115.451080242984,38.9208771590559));
#6932=CARTESIAN_POINT('Ctrl Pts',(21.2710738223131,-116.476281364233,38.2366784738112));
#6933=CARTESIAN_POINT('Ctrl Pts',(20.4533271547739,-117.289217573696,37.6005574879352));
#6934=CARTESIAN_POINT('Ctrl Pts',(19.5492647644528,-117.443134135232,37.4716477998452));
#6935=CARTESIAN_POINT('Ctrl Pts',(19.25,-117.443134135232,37.4716477998452));
#6936=CARTESIAN_POINT('Ctrl Pts',(-5.74999999999998,-113.786555666703,41.1150795878452));
#6937=CARTESIAN_POINT('Ctrl Pts',(-6.19889714667862,-113.786555666703,41.1150795878452));
#6938=CARTESIAN_POINT('Ctrl Pts',(-7.55506405570025,-114.053181009961,40.9635545969294));
#6939=CARTESIAN_POINT('Ctrl Pts',(-8.78162052936613,-115.408457165398,40.1529197281095));
#6940=CARTESIAN_POINT('Ctrl Pts',(-8.77260890897623,-116.978367527642,39.1030994201919));
#6941=CARTESIAN_POINT('Ctrl Pts',(-8.17686206380431,-118.011519687773,38.3668988688979));
#6942=CARTESIAN_POINT('Ctrl Pts',(-7.09575129226006,-118.716683051475,37.8380216900153));
#6943=CARTESIAN_POINT('Ctrl Pts',(-6.19889714667862,-118.882659742106,37.7099717080476));
#6944=CARTESIAN_POINT('Ctrl Pts',(-5.74999999999998,-118.882659742106,37.7099717080476));
#6945=CARTESIAN_POINT('Ctrl Pts',(-5.74999999999997,-114.056181111853,40.9590915483107));
#6946=CARTESIAN_POINT('Ctrl Pts',(-6.1519520885061,-114.056181111853,40.9590915483107));
#6947=CARTESIAN_POINT('Ctrl Pts',(-7.36625270798487,-114.291116637068,40.8228258324916));
#6948=CARTESIAN_POINT('Ctrl Pts',(-8.4781257689945,-115.503047944924,40.0884998195123));
#6949=CARTESIAN_POINT('Ctrl Pts',(-8.47042146051005,-116.921111484141,39.140433883008));
#6950=CARTESIAN_POINT('Ctrl Pts',(-7.92948332359913,-117.853268890873,38.4808981547487));
#6951=CARTESIAN_POINT('Ctrl Pts',(-6.95533538289206,-118.486805691113,38.0120933469595));
#6952=CARTESIAN_POINT('Ctrl Pts',(-6.15195208850608,-118.63536439426,37.8993790998888));
#6953=CARTESIAN_POINT('Ctrl Pts',(-5.74999999999998,-118.63536439426,37.8993790998888));
#6954=CARTESIAN_POINT('Ctrl Pts',(-5.74999999999997,-114.384807541613,40.4527031816214));
#6955=CARTESIAN_POINT('Ctrl Pts',(-6.07157664392015,-114.384807541613,40.4527031816214));
#6956=CARTESIAN_POINT('Ctrl Pts',(-7.04256985968875,-114.566188338127,40.348560192172));
#6957=CARTESIAN_POINT('Ctrl Pts',(-7.95595401299184,-115.532400797192,39.7670369394359));
#6958=CARTESIAN_POINT('Ctrl Pts',(-7.95036386427093,-116.680159752781,38.999758976898));
#6959=CARTESIAN_POINT('Ctrl Pts',(-7.5044598606154,-117.4272410146,38.4692084989815));
#6960=CARTESIAN_POINT('Ctrl Pts',(-6.71437996077785,-117.926860242671,38.0970870046474));
#6961=CARTESIAN_POINT('Ctrl Pts',(-6.07157664392009,-118.041762656668,38.0092038939119));
#6962=CARTESIAN_POINT('Ctrl Pts',(-5.74999999999997,-118.041762656668,38.0092038939119));
#6963=CARTESIAN_POINT('Ctrl Pts',(-5.74999999999997,-114.247049376604,39.8881787172057));
#6964=CARTESIAN_POINT('Ctrl Pts',(-6.04686128519453,-114.247049376604,39.8881787172057));
#6965=CARTESIAN_POINT('Ctrl Pts',(-6.94355448474612,-114.419911885213,39.7960543577003));
#6966=CARTESIAN_POINT('Ctrl Pts',(-7.77028407825964,-115.312920614478,39.2837000144706));
#6967=CARTESIAN_POINT('Ctrl Pts',(-7.76474889245707,-116.346639148225,38.5923031822251));
#6968=CARTESIAN_POINT('Ctrl Pts',(-7.36214048796229,-117.017989359024,38.102851271789));
#6969=CARTESIAN_POINT('Ctrl Pts',(-6.64023198966492,-117.468330875445,37.7508778184389));
#6970=CARTESIAN_POINT('Ctrl Pts',(-6.04686128519446,-117.572927825814,37.6658977851273));
#6971=CARTESIAN_POINT('Ctrl Pts',(-5.74999999999997,-117.572927825814,37.6658977851273));
#6972=CARTESIAN_POINT('Ctrl Pts',(-5.74999999999997,-114.117255686022,39.6939287319236));
#6973=CARTESIAN_POINT('Ctrl Pts',(-6.04926476445242,-114.117255686022,39.6939287319236));
#6974=CARTESIAN_POINT('Ctrl Pts',(-6.95337603713352,-114.29527771806,39.6010459835978));
#6975=CARTESIAN_POINT('Ctrl Pts',(-7.77108035291075,-115.194083573639,39.0934162557411));
#6976=CARTESIAN_POINT('Ctrl Pts',(-7.76507260598418,-116.218530071163,38.4080809287315));
#6977=CARTESIAN_POINT('Ctrl Pts',(-7.3679080425362,-116.885883381193,37.9172650463912));
#6978=CARTESIAN_POINT('Ctrl Pts',(-6.64716752817337,-117.337397350252,37.5590857552254));
#6979=CARTESIAN_POINT('Ctrl Pts',(-6.04926476445235,-117.443134135232,37.4716477998452));
#6980=CARTESIAN_POINT('Ctrl Pts',(-5.74999999999997,-117.443134135232,37.4716477998452));
#6981=CARTESIAN_POINT('',(-5.74999999999996,-118.882659742106,37.7099717080476));
#6982=CARTESIAN_POINT('Origin',(-5.74999999999996,-118.274603747535,36.9160775668256));
#6983=CARTESIAN_POINT('',(-5.74999999999996,-113.786555666703,41.1150795878452));
#6984=CARTESIAN_POINT('Origin',(-5.74999999999996,-113.28578607372,40.2494989649432));
#6985=CARTESIAN_POINT('Ctrl Pts',(-5.74999999999998,-113.786555666703,41.1150795878452));
#6986=CARTESIAN_POINT('Ctrl Pts',(-6.19889714667862,-113.786555666703,41.1150795878452));
#6987=CARTESIAN_POINT('Ctrl Pts',(-7.55506405570025,-114.053181009961,40.9635545969294));
#6988=CARTESIAN_POINT('Ctrl Pts',(-8.78162052936613,-115.408457165398,40.1529197281095));
#6989=CARTESIAN_POINT('Ctrl Pts',(-8.77260890897623,-116.978367527642,39.1030994201919));
#6990=CARTESIAN_POINT('Ctrl Pts',(-8.17686206380431,-118.011519687773,38.3668988688979));
#6991=CARTESIAN_POINT('Ctrl Pts',(-7.09575129226006,-118.716683051475,37.8380216900153));
#6992=CARTESIAN_POINT('Ctrl Pts',(-6.19889714667862,-118.882659742106,37.7099717080476));
#6993=CARTESIAN_POINT('Ctrl Pts',(-5.74999999999998,-118.882659742106,37.7099717080476));
#6994=CARTESIAN_POINT('Origin',(23.25,-118.274603747535,36.9160775668256));
#6995=CARTESIAN_POINT('',(19.25,-118.882659742106,37.7099717080477));
#6996=CARTESIAN_POINT('',(23.25,-118.882659742106,37.7099717080476));
#6997=CARTESIAN_POINT('Origin',(19.25,-118.274603747535,36.9160775668256));
#6998=CARTESIAN_POINT('Ctrl Pts',(19.25,-118.882659742106,37.7099717080477));
#6999=CARTESIAN_POINT('Ctrl Pts',(19.6988971466787,-118.882659742106,37.7099717080477));
#7000=CARTESIAN_POINT('Ctrl Pts',(21.0549907321609,-118.640669932775,37.898290616513));
#7001=CARTESIAN_POINT('Ctrl Pts',(22.2816107334695,-117.373115213948,38.8401765674948));
#7002=CARTESIAN_POINT('Ctrl Pts',(22.2726202779725,-115.802435714197,39.8888346440233));
#7003=CARTESIAN_POINT('Ctrl Pts',(21.6768866123617,-114.726887507086,40.5616233314369));
#7004=CARTESIAN_POINT('Ctrl Pts',(20.5958138880078,-113.968405279934,41.010722884055));
#7005=CARTESIAN_POINT('Ctrl Pts',(19.6988971466787,-113.786555666703,41.1150795878452));
#7006=CARTESIAN_POINT('Ctrl Pts',(19.25,-113.786555666703,41.1150795878452));
#7007=CARTESIAN_POINT('Ctrl Pts',(19.25,-118.63536439426,37.8993790998888));
#7008=CARTESIAN_POINT('Ctrl Pts',(19.6519520885063,-118.63536439426,37.8993790998888));
#7009=CARTESIAN_POINT('Ctrl Pts',(20.8661778628256,-118.419593419618,38.0642607627845));
#7010=CARTESIAN_POINT('Ctrl Pts',(21.9780989961612,-117.277389281541,38.9029131792125));
#7011=CARTESIAN_POINT('Ctrl Pts',(21.970412306188,-115.858827264534,39.8502216976562));
#7012=CARTESIAN_POINT('Ctrl Pts',(21.4294919148288,-114.892760912226,40.4590423709163));
#7013=CARTESIAN_POINT('Ctrl Pts',(20.455380801788,-114.21719113523,40.8649566962188));
#7014=CARTESIAN_POINT('Ctrl Pts',(19.6519520885061,-114.056181111853,40.9590915483107));
#7015=CARTESIAN_POINT('Ctrl Pts',(19.25,-114.056181111853,40.9590915483107));
#7016=CARTESIAN_POINT('Ctrl Pts',(19.25,-118.04176463982,38.0091964053416));
#7017=CARTESIAN_POINT('Ctrl Pts',(19.5715766439205,-118.04176463982,38.0091964053416));
#7018=CARTESIAN_POINT('Ctrl Pts',(20.5425190571954,-117.876161931066,38.1368998708842));
#7019=CARTESIAN_POINT('Ctrl Pts',(21.4559511146176,-116.969159404889,38.8070210256151));
#7020=CARTESIAN_POINT('Ctrl Pts',(21.4503780219026,-115.821062301684,39.5737874676922));
#7021=CARTESIAN_POINT('Ctrl Pts',(21.0044821902771,-115.044986662171,40.0609775983865));
#7022=CARTESIAN_POINT('Ctrl Pts',(20.2144282424783,-114.50998692725,40.3801658300068));
#7023=CARTESIAN_POINT('Ctrl Pts',(19.5715766439199,-114.384799864156,40.4527021480637));
#7024=CARTESIAN_POINT('Ctrl Pts',(19.25,-114.384799864156,40.4527021480637));
#7025=CARTESIAN_POINT('Ctrl Pts',(19.25,-117.572927825814,37.6658977851273));
#7026=CARTESIAN_POINT('Ctrl Pts',(19.5468612851949,-117.572927825814,37.6658977851273));
#7027=CARTESIAN_POINT('Ctrl Pts',(20.443500088502,-117.421685908055,37.7903318328751));
#7028=CARTESIAN_POINT('Ctrl Pts',(21.2702660601655,-116.606602691612,38.4192898659287));
#7029=CARTESIAN_POINT('Ctrl Pts',(21.2647443122043,-115.572253663226,39.1097346559152));
#7030=CARTESIAN_POINT('Ctrl Pts',(20.8621484679076,-114.863133255337,39.5426839313591));
#7031=CARTESIAN_POINT('Ctrl Pts',(20.1402668037092,-114.365608284268,39.8240543388573));
#7032=CARTESIAN_POINT('Ctrl Pts',(19.5468612851942,-114.247049376604,39.8881787172057));
#7033=CARTESIAN_POINT('Ctrl Pts',(19.25,-114.247049376604,39.8881787172057));
#7034=CARTESIAN_POINT('Ctrl Pts',(19.25,-117.443134135232,37.4716477998452));
#7035=CARTESIAN_POINT('Ctrl Pts',(19.5492647644528,-117.443134135232,37.4716477998452));
#7036=CARTESIAN_POINT('Ctrl Pts',(20.4533271547739,-117.289217573696,37.6005574879352));
#7037=CARTESIAN_POINT('Ctrl Pts',(21.2710738223131,-116.476281364233,38.2366784738112));
#7038=CARTESIAN_POINT('Ctrl Pts',(21.2650801853149,-115.451080242984,38.9208771590559));
#7039=CARTESIAN_POINT('Ctrl Pts',(20.867924408241,-114.742229208262,39.3496123061074));
#7040=CARTESIAN_POINT('Ctrl Pts',(20.1472092586717,-114.238521846484,39.6296915165998));
#7041=CARTESIAN_POINT('Ctrl Pts',(19.5492647644521,-114.117255686022,39.6939287319236));
#7042=CARTESIAN_POINT('Ctrl Pts',(19.25,-114.117255686022,39.6939287319236));
#7043=CARTESIAN_POINT('',(19.25,-113.786555666703,41.1150795878452));
#7044=CARTESIAN_POINT('Origin',(19.25,-113.28578607372,40.2494989649432));
#7045=CARTESIAN_POINT('Ctrl Pts',(19.25,-118.882659742106,37.7099717080477));
#7046=CARTESIAN_POINT('Ctrl Pts',(19.6988971466787,-118.882659742106,37.7099717080477));
#7047=CARTESIAN_POINT('Ctrl Pts',(21.0549907321609,-118.640669932775,37.898290616513));
#7048=CARTESIAN_POINT('Ctrl Pts',(22.2816107334695,-117.373115213948,38.8401765674948));
#7049=CARTESIAN_POINT('Ctrl Pts',(22.2726202779725,-115.802435714197,39.8888346440233));
#7050=CARTESIAN_POINT('Ctrl Pts',(21.6768866123617,-114.726887507086,40.5616233314369));
#7051=CARTESIAN_POINT('Ctrl Pts',(20.5958138880078,-113.968405279934,41.010722884055));
#7052=CARTESIAN_POINT('Ctrl Pts',(19.6988971466787,-113.786555666703,41.1150795878452));
#7053=CARTESIAN_POINT('Ctrl Pts',(19.25,-113.786555666703,41.1150795878452));
#7054=CARTESIAN_POINT('Origin',(23.25,-113.28578607372,40.2494989649432));
#7055=CARTESIAN_POINT('',(23.25,-113.786555666703,41.1150795878452));
#7056=CARTESIAN_POINT('Origin',(21.25,-119.912537665948,27.0841105412022));
#7057=CARTESIAN_POINT('',(19.25,-124.226177843714,31.397750718968));
#7058=CARTESIAN_POINT('',(-5.74999999999996,-124.226177843714,31.397750718968));
#7059=CARTESIAN_POINT('',(23.25,-124.226177843714,31.397750718968));
#7060=CARTESIAN_POINT('',(19.25,-121.184849666645,28.3564225418986));
#7061=CARTESIAN_POINT('',(-5.74999999999996,-121.184849666645,28.3564225418986));
#7062=CARTESIAN_POINT('Origin',(-5.74999999999996,-119.770636104272,29.7706361042717));
#7063=CARTESIAN_POINT('',(-5.74999999999996,-121.397750718968,34.2261778437141));
#7064=CARTESIAN_POINT('Ctrl Pts',(-5.74999999999996,-124.226177843714,31.397750718968));
#7065=CARTESIAN_POINT('Ctrl Pts',(-6.04926476442018,-124.226177843714,31.397750718968));
#7066=CARTESIAN_POINT('Ctrl Pts',(-6.64716751035759,-124.139531070609,31.5041367664875));
#7067=CARTESIAN_POINT('Ctrl Pts',(-7.36790802367795,-123.766570123755,31.9435197548594));
#7068=CARTESIAN_POINT('Ctrl Pts',(-7.76507256758664,-123.207793255238,32.5550989027009));
#7069=CARTESIAN_POINT('Ctrl Pts',(-7.77108033020033,-122.336733490571,33.4271253160478));
#7070=CARTESIAN_POINT('Ctrl Pts',(-6.95337596818494,-121.554231602256,34.1003493876295));
#7071=CARTESIAN_POINT('Ctrl Pts',(-6.04926476442048,-121.397750718968,34.2261778437142));
#7072=CARTESIAN_POINT('Ctrl Pts',(-5.74999999999996,-121.397750718968,34.2261778437142));
#7073=CARTESIAN_POINT('',(-5.74999999999996,-120.886153481009,33.714580605755));
#7074=CARTESIAN_POINT('Origin',(21.25,-122.143572419423,34.9719995441687));
#7075=CARTESIAN_POINT('',(19.25,-121.397750718968,34.2261778437141));
#7076=CARTESIAN_POINT('',(23.25,-121.397750718968,34.2261778437141));
#7077=CARTESIAN_POINT('',(19.25,-120.886153481009,33.714580605755));
#7078=CARTESIAN_POINT('Origin',(19.25,-122.300367043382,32.3003670433819));
#7079=CARTESIAN_POINT('Ctrl Pts',(19.25,-121.397750718968,34.2261778437141));
#7080=CARTESIAN_POINT('Ctrl Pts',(19.5492647644206,-121.397750718968,34.2261778437141));
#7081=CARTESIAN_POINT('Ctrl Pts',(20.1445810504216,-121.5041544128,34.1380676322424));
#7082=CARTESIAN_POINT('Ctrl Pts',(21.1134104221495,-122.089839665977,33.64547821035));
#7083=CARTESIAN_POINT('Ctrl Pts',(21.4069218091612,-123.021248294078,32.763311405154));
#7084=CARTESIAN_POINT('Ctrl Pts',(20.8648552228889,-123.766709528526,31.9421207886775));
#7085=CARTESIAN_POINT('Ctrl Pts',(20.1488823202039,-124.139487540248,31.5049274127617));
#7086=CARTESIAN_POINT('Ctrl Pts',(19.5492647644206,-124.226177843714,31.397750718968));
#7087=CARTESIAN_POINT('Ctrl Pts',(19.25,-124.226177843714,31.397750718968));
#7088=CARTESIAN_POINT('Ctrl Pts',(-5.74999999999997,-121.350657785906,35.6845380576943));
#7089=CARTESIAN_POINT('Ctrl Pts',(-6.19889714663049,-121.350657785906,35.6845380576943));
#7090=CARTESIAN_POINT('Ctrl Pts',(-7.55506395227739,-121.582598976469,35.4839084863165));
#7091=CARTESIAN_POINT('Ctrl Pts',(-8.78162049530048,-122.753686836013,34.4244485040817));
#7092=CARTESIAN_POINT('Ctrl Pts',(-8.77260885137997,-124.088622044304,33.088525858966));
#7093=CARTESIAN_POINT('Ctrl Pts',(-8.17686203551701,-124.958296860409,32.164913230649));
#7094=CARTESIAN_POINT('Ctrl Pts',(-7.09575126553643,-125.546731897105,31.5086277214346));
#7095=CARTESIAN_POINT('Ctrl Pts',(-6.19889714663048,-125.684538057694,31.3506577859057));
#7096=CARTESIAN_POINT('Ctrl Pts',(-5.74999999999996,-125.684538057694,31.3506577859057));
#7097=CARTESIAN_POINT('Ctrl Pts',(-5.74999999999997,-121.584670696867,35.4789459696818));
#7098=CARTESIAN_POINT('Ctrl Pts',(-6.15195208846305,-121.584670696867,35.4789459696818));
#7099=CARTESIAN_POINT('Ctrl Pts',(-7.36625280144518,-121.788507945698,35.2994649129645));
#7100=CARTESIAN_POINT('Ctrl Pts',(-8.47812610366268,-122.83389245129,34.342812817501));
#7101=CARTESIAN_POINT('Ctrl Pts',(-8.47042181369892,-124.039749844159,33.1363132084603));
#7102=CARTESIAN_POINT('Ctrl Pts',(-7.9294835825392,-124.825327031695,32.3075953526047));
#7103=CARTESIAN_POINT('Ctrl Pts',(-6.95533558219456,-125.355231315106,31.7242015513746));
#7104=CARTESIAN_POINT('Ctrl Pts',(-6.15195208846295,-125.478945969682,31.5846706968673));
#7105=CARTESIAN_POINT('Ctrl Pts',(-5.74999999999996,-125.478945969682,31.5846706968673));
#7106=CARTESIAN_POINT('Ctrl Pts',(-5.74999999999997,-121.808190466855,34.9181759228897));
#7107=CARTESIAN_POINT('Ctrl Pts',(-6.07157664388581,-121.808190466855,34.9181759228897));
#7108=CARTESIAN_POINT('Ctrl Pts',(-7.04256980024648,-121.965768938006,34.7806482028865));
#7109=CARTESIAN_POINT('Ctrl Pts',(-7.95595401301124,-122.799966583388,34.0217997919843));
#7110=CARTESIAN_POINT('Ctrl Pts',(-7.95036385327995,-123.775983255415,33.0453481033332));
#7111=CARTESIAN_POINT('Ctrl Pts',(-7.5044598605522,-124.405204400399,32.3792435923973));
#7112=CARTESIAN_POINT('Ctrl Pts',(-6.71437995658828,-124.822626357159,31.9168013641296));
#7113=CARTESIAN_POINT('Ctrl Pts',(-6.07157664388555,-124.91817592289,31.8081904668555));
#7114=CARTESIAN_POINT('Ctrl Pts',(-5.74999999999996,-124.91817592289,31.8081904668555));
#7115=CARTESIAN_POINT('Ctrl Pts',(-5.74999999999996,-121.56294675236,34.3913738771061));
#7116=CARTESIAN_POINT('Ctrl Pts',(-6.04686128516286,-121.56294675236,34.3913738771061));
#7117=CARTESIAN_POINT('Ctrl Pts',(-6.94355453360582,-121.714515194588,34.2672958141603));
#7118=CARTESIAN_POINT('Ctrl Pts',(-7.77028428590967,-122.49040958708,33.5905688876287));
#7119=CARTESIAN_POINT('Ctrl Pts',(-7.76474911006955,-123.369380696606,32.7107885440115));
#7120=CARTESIAN_POINT('Ctrl Pts',(-7.36214064824202,-123.932343778154,32.0997673981393));
#7121=CARTESIAN_POINT('Ctrl Pts',(-6.64023211175122,-124.305365513433,31.6666997313389));
#7122=CARTESIAN_POINT('Ctrl Pts',(-6.04686128516255,-124.391373877106,31.56294675236));
#7123=CARTESIAN_POINT('Ctrl Pts',(-5.74999999999996,-124.391373877106,31.56294675236));
#7124=CARTESIAN_POINT('Ctrl Pts',(-5.74999999999996,-121.397750718968,34.2261778437142));
#7125=CARTESIAN_POINT('Ctrl Pts',(-6.04926476442048,-121.397750718968,34.2261778437142));
#7126=CARTESIAN_POINT('Ctrl Pts',(-6.95337596818494,-121.554231602256,34.1003493876295));
#7127=CARTESIAN_POINT('Ctrl Pts',(-7.77108033020033,-122.336733490571,33.4271253160478));
#7128=CARTESIAN_POINT('Ctrl Pts',(-7.76507256758664,-123.207793255238,32.5550989027009));
#7129=CARTESIAN_POINT('Ctrl Pts',(-7.36790802367795,-123.766570123755,31.9435197548594));
#7130=CARTESIAN_POINT('Ctrl Pts',(-6.64716751035759,-124.139531070609,31.5041367664875));
#7131=CARTESIAN_POINT('Ctrl Pts',(-6.04926476442018,-124.226177843714,31.397750718968));
#7132=CARTESIAN_POINT('Ctrl Pts',(-5.74999999999996,-124.226177843714,31.397750718968));
#7133=CARTESIAN_POINT('',(-5.74999999999996,-125.684538057694,31.3506577859058));
#7134=CARTESIAN_POINT('Origin',(-5.74999999999996,-124.933284624901,30.6906439377814));
#7135=CARTESIAN_POINT('',(-5.74999999999996,-121.350657785906,35.6845380576942));
#7136=CARTESIAN_POINT('Origin',(-5.74999999999996,-120.690643937781,34.9332846249007));
#7137=CARTESIAN_POINT('Ctrl Pts',(-5.74999999999997,-121.350657785906,35.6845380576943));
#7138=CARTESIAN_POINT('Ctrl Pts',(-6.19889714663049,-121.350657785906,35.6845380576943));
#7139=CARTESIAN_POINT('Ctrl Pts',(-7.55506395227739,-121.582598976469,35.4839084863165));
#7140=CARTESIAN_POINT('Ctrl Pts',(-8.78162049530048,-122.753686836013,34.4244485040817));
#7141=CARTESIAN_POINT('Ctrl Pts',(-8.77260885137997,-124.088622044304,33.088525858966));
#7142=CARTESIAN_POINT('Ctrl Pts',(-8.17686203551701,-124.958296860409,32.164913230649));
#7143=CARTESIAN_POINT('Ctrl Pts',(-7.09575126553643,-125.546731897105,31.5086277214346));
#7144=CARTESIAN_POINT('Ctrl Pts',(-6.19889714663048,-125.684538057694,31.3506577859057));
#7145=CARTESIAN_POINT('Ctrl Pts',(-5.74999999999996,-125.684538057694,31.3506577859057));
#7146=CARTESIAN_POINT('Origin',(23.25,-124.933284624901,30.6906439377814));
#7147=CARTESIAN_POINT('',(19.25,-125.684538057694,31.3506577859057));
#7148=CARTESIAN_POINT('',(23.25,-125.684538057694,31.3506577859058));
#7149=CARTESIAN_POINT('Origin',(19.25,-124.933284624901,30.6906439377814));
#7150=CARTESIAN_POINT('Ctrl Pts',(19.25,-125.684538057694,31.3506577859057));
#7151=CARTESIAN_POINT('Ctrl Pts',(19.6988971466306,-125.684538057694,31.3506577859057));
#7152=CARTESIAN_POINT('Ctrl Pts',(20.5983234803057,-125.546474401627,31.5096483998341));
#7153=CARTESIAN_POINT('Ctrl Pts',(21.6722828343331,-124.958832126681,32.1630913156234));
#7154=CARTESIAN_POINT('Ctrl Pts',(22.4853827137416,-123.797253645692,33.4020277675019));
#7155=CARTESIAN_POINT('Ctrl Pts',(22.045115633224,-122.382670460633,34.7663101657217));
#7156=CARTESIAN_POINT('Ctrl Pts',(20.5918715756323,-121.509023981228,35.5448587529548));
#7157=CARTESIAN_POINT('Ctrl Pts',(19.6988971466306,-121.350657785906,35.6845380576943));
#7158=CARTESIAN_POINT('Ctrl Pts',(19.25,-121.350657785906,35.6845380576943));
#7159=CARTESIAN_POINT('Ctrl Pts',(19.25,-125.478945969682,31.5846706968673));
#7160=CARTESIAN_POINT('Ctrl Pts',(19.6519520884631,-125.478945969682,31.5846706968673));
#7161=CARTESIAN_POINT('Ctrl Pts',(20.4577290512501,-125.354820083743,31.7252037373585));
#7162=CARTESIAN_POINT('Ctrl Pts',(21.4251150164913,-124.826064123229,32.3057843095781));
#7163=CARTESIAN_POINT('Ctrl Pts',(22.1640345529994,-123.77562612659,33.4180939535913));
#7164=CARTESIAN_POINT('Ctrl Pts',(21.7619667835431,-122.50063514494,34.6526798620279));
#7165=CARTESIAN_POINT('Ctrl Pts',(20.4514873369198,-121.724775214897,35.3534241274477));
#7166=CARTESIAN_POINT('Ctrl Pts',(19.6519520884631,-121.584670696867,35.4789459696818));
#7167=CARTESIAN_POINT('Ctrl Pts',(19.25,-121.584670696867,35.4789459696818));
#7168=CARTESIAN_POINT('Ctrl Pts',(19.25,-124.918176400765,31.8081828346795));
#7169=CARTESIAN_POINT('Ctrl Pts',(19.5715766438859,-124.918176400765,31.8081828346795));
#7170=CARTESIAN_POINT('Ctrl Pts',(20.2165466319264,-124.822168226846,31.9177809467784));
#7171=CARTESIAN_POINT('Ctrl Pts',(21.0006875923006,-124.406056317853,32.377516450273));
#7172=CARTESIAN_POINT('Ctrl Pts',(21.6108844855535,-123.563684749936,33.2727941192043));
#7173=CARTESIAN_POINT('Ctrl Pts',(21.2754369122761,-122.53156312106,34.2701921744054));
#7174=CARTESIAN_POINT('Ctrl Pts',(20.2107302859571,-121.917592319876,34.8207622840158));
#7175=CARTESIAN_POINT('Ctrl Pts',(19.5715766438859,-121.80818283468,34.9181764007654));
#7176=CARTESIAN_POINT('Ctrl Pts',(19.25,-121.80818283468,34.9181764007654));
#7177=CARTESIAN_POINT('Ctrl Pts',(19.25,-124.391373877106,31.56294675236));
#7178=CARTESIAN_POINT('Ctrl Pts',(19.5468612851629,-124.391373877106,31.56294675236));
#7179=CARTESIAN_POINT('Ctrl Pts',(20.1420542620142,-124.305140869673,31.6676076321749));
#7180=CARTESIAN_POINT('Ctrl Pts',(20.8588404776078,-123.932786245302,32.0981848769004));
#7181=CARTESIAN_POINT('Ctrl Pts',(21.4090558484161,-123.180459727604,32.919439149713));
#7182=CARTESIAN_POINT('Ctrl Pts',(21.1088447514999,-122.243369491214,33.8116142172179));
#7183=CARTESIAN_POINT('Ctrl Pts',(20.1372474844075,-121.666998848043,34.3037350116401));
#7184=CARTESIAN_POINT('Ctrl Pts',(19.5468612851629,-121.56294675236,34.3913738771061));
#7185=CARTESIAN_POINT('Ctrl Pts',(19.25,-121.56294675236,34.3913738771061));
#7186=CARTESIAN_POINT('Ctrl Pts',(19.25,-124.226177843714,31.397750718968));
#7187=CARTESIAN_POINT('Ctrl Pts',(19.5492647644206,-124.226177843714,31.397750718968));
#7188=CARTESIAN_POINT('Ctrl Pts',(20.1488823202039,-124.139487540248,31.5049274127617));
#7189=CARTESIAN_POINT('Ctrl Pts',(20.8648552228889,-123.766709528526,31.9421207886775));
#7190=CARTESIAN_POINT('Ctrl Pts',(21.4069218091612,-123.021248294078,32.763311405154));
#7191=CARTESIAN_POINT('Ctrl Pts',(21.1134104221495,-122.089839665977,33.64547821035));
#7192=CARTESIAN_POINT('Ctrl Pts',(20.1445810504216,-121.5041544128,34.1380676322424));
#7193=CARTESIAN_POINT('Ctrl Pts',(19.5492647644206,-121.397750718968,34.2261778437141));
#7194=CARTESIAN_POINT('Ctrl Pts',(19.25,-121.397750718968,34.2261778437141));
#7195=CARTESIAN_POINT('',(19.25,-121.350657785906,35.6845380576942));
#7196=CARTESIAN_POINT('Origin',(19.25,-120.690643937781,34.9332846249007));
#7197=CARTESIAN_POINT('Ctrl Pts',(19.25,-125.684538057694,31.3506577859057));
#7198=CARTESIAN_POINT('Ctrl Pts',(19.6988971466306,-125.684538057694,31.3506577859057));
#7199=CARTESIAN_POINT('Ctrl Pts',(20.5983234803057,-125.546474401627,31.5096483998341));
#7200=CARTESIAN_POINT('Ctrl Pts',(21.6722828343331,-124.958832126681,32.1630913156234));
#7201=CARTESIAN_POINT('Ctrl Pts',(22.4853827137416,-123.797253645692,33.4020277675019));
#7202=CARTESIAN_POINT('Ctrl Pts',(22.045115633224,-122.382670460633,34.7663101657217));
#7203=CARTESIAN_POINT('Ctrl Pts',(20.5918715756323,-121.509023981228,35.5448587529548));
#7204=CARTESIAN_POINT('Ctrl Pts',(19.6988971466306,-121.350657785906,35.6845380576943));
#7205=CARTESIAN_POINT('Ctrl Pts',(19.25,-121.350657785906,35.6845380576943));
#7206=CARTESIAN_POINT('Origin',(23.25,-120.690643937781,34.9332846249007));
#7207=CARTESIAN_POINT('',(23.25,-121.350657785906,35.6845380576942));
#7208=CARTESIAN_POINT('Origin',(21.25,-124.621624489273,20.7280503460557));
#7209=CARTESIAN_POINT('',(19.25,-129.693928731924,24.1172556860223));
#7210=CARTESIAN_POINT('',(-5.74999999999997,-129.693928731924,24.1172556860223));
#7211=CARTESIAN_POINT('',(23.25,-129.693928731924,24.1172556860223));
#7212=CARTESIAN_POINT('',(19.25,-126.117705129557,21.7276994704983));
#7213=CARTESIAN_POINT('',(-5.74999999999997,-126.117705129557,21.7276994704983));
#7214=CARTESIAN_POINT('Origin',(-5.74999999999997,-125.006564663518,23.3906386951034));
#7215=CARTESIAN_POINT('',(-5.74999999999997,-127.471647799845,27.4431341352324));
#7216=CARTESIAN_POINT('Ctrl Pts',(-5.74999999999997,-129.693928731924,24.1172556860223));
#7217=CARTESIAN_POINT('Ctrl Pts',(-6.04926476445233,-129.693928731924,24.1172556860223));
#7218=CARTESIAN_POINT('Ctrl Pts',(-6.6471675280847,-129.629701737347,24.2385015389831));
#7219=CARTESIAN_POINT('Ctrl Pts',(-7.36790804244271,-129.349626503214,24.7422029705387));
#7220=CARTESIAN_POINT('Ctrl Pts',(-7.7650726057926,-128.920899545655,25.4510427736525));
#7221=CARTESIAN_POINT('Ctrl Pts',(-7.77108035279821,-128.236700869668,26.4762487572191));
#7222=CARTESIAN_POINT('Ctrl Pts',(-6.95337603678809,-127.600574022693,27.2891955826227));
#7223=CARTESIAN_POINT('Ctrl Pts',(-6.04926476445265,-127.471647799845,27.4431341352324));
#7224=CARTESIAN_POINT('Ctrl Pts',(-5.74999999999998,-127.471647799845,27.4431341352324));
#7225=CARTESIAN_POINT('',(-5.74999999999997,-126.870073089464,27.0411747646432));
#7226=CARTESIAN_POINT('Origin',(21.25,-128.348641341165,28.0291224851353));
#7227=CARTESIAN_POINT('',(19.25,-127.471647799845,27.4431341352324));
#7228=CARTESIAN_POINT('',(23.25,-127.471647799845,27.4431341352324));
#7229=CARTESIAN_POINT('',(19.25,-126.870073089464,27.0411747646432));
#7230=CARTESIAN_POINT('Origin',(19.25,-127.981213555503,25.3782355400381));
#7231=CARTESIAN_POINT('Ctrl Pts',(19.25,-127.471647799845,27.4431341352324));
#7232=CARTESIAN_POINT('Ctrl Pts',(19.5492647644524,-127.471647799845,27.4431341352324));
#7233=CARTESIAN_POINT('Ctrl Pts',(20.1489232816007,-127.559865375385,27.3371848191309));
#7234=CARTESIAN_POINT('Ctrl Pts',(20.8648708230442,-127.915939964307,26.8862671670716));
#7235=CARTESIAN_POINT('Ctrl Pts',(21.406924551465,-128.575921266901,25.9949172939171));
#7236=CARTESIAN_POINT('Ctrl Pts',(21.1133995927166,-129.259423706246,24.9093062120603));
#7237=CARTESIAN_POINT('Ctrl Pts',(20.1445419638099,-129.628278871005,24.2387874222207));
#7238=CARTESIAN_POINT('Ctrl Pts',(19.5492647644525,-129.693928731924,24.1172556860223));
#7239=CARTESIAN_POINT('Ctrl Pts',(19.25,-129.693928731924,24.1172556860223));
#7240=CARTESIAN_POINT('Ctrl Pts',(-5.74999999999999,-127.709971708048,28.8826597421056));
#7241=CARTESIAN_POINT('Ctrl Pts',(-6.19889714667863,-127.709971708048,28.8826597421056));
#7242=CARTESIAN_POINT('Ctrl Pts',(-7.55506405518223,-127.898315302037,28.640635802464));
#7243=CARTESIAN_POINT('Ctrl Pts',(-8.78162052919726,-128.840210668846,27.3730651080098));
#7244=CARTESIAN_POINT('Ctrl Pts',(-8.77260890868891,-129.888869881659,25.8023789266523));
#7245=CARTESIAN_POINT('Ctrl Pts',(-8.17686206366418,-130.561646262453,24.7268480908273));
#7246=CARTESIAN_POINT('Ctrl Pts',(-7.09575129212709,-131.010739727174,23.9683749535885));
#7247=CARTESIAN_POINT('Ctrl Pts',(-6.19889714667863,-131.115079587845,23.7865556667029));
#7248=CARTESIAN_POINT('Ctrl Pts',(-5.74999999999999,-131.115079587845,23.7865556667029));
#7249=CARTESIAN_POINT('Ctrl Pts',(-5.74999999999999,-127.899379099889,28.6353643942602));
#7250=CARTESIAN_POINT('Ctrl Pts',(-6.15195208850618,-127.899379099889,28.6353643942602));
#7251=CARTESIAN_POINT('Ctrl Pts',(-7.36625270844224,-128.06428459157,28.4195653551914));
#7252=CARTESIAN_POINT('Ctrl Pts',(-8.4781257706515,-128.90294872278,27.2773505494853));
#7253=CARTESIAN_POINT('Ctrl Pts',(-8.470421462257,-129.850259475931,25.8587824126344));
#7254=CARTESIAN_POINT('Ctrl Pts',(-7.92948332488124,-130.459067228609,24.8927296563066));
#7255=CARTESIAN_POINT('Ctrl Pts',(-6.95533538387834,-130.864975078427,24.2171664521692));
#7256=CARTESIAN_POINT('Ctrl Pts',(-6.15195208850608,-130.959091548311,24.0561811118527));
#7257=CARTESIAN_POINT('Ctrl Pts',(-5.74999999999998,-130.959091548311,24.0561811118527));
#7258=CARTESIAN_POINT('Ctrl Pts',(-5.74999999999998,-128.009203894008,28.0417626566423));
#7259=CARTESIAN_POINT('Ctrl Pts',(-6.07157664392036,-128.009203894008,28.0417626566423));
#7260=CARTESIAN_POINT('Ctrl Pts',(-7.04256985912639,-128.136924102966,27.8761356540495));
#7261=CARTESIAN_POINT('Ctrl Pts',(-7.95595401244714,-128.807048703312,26.9691247231606));
#7262=CARTESIAN_POINT('Ctrl Pts',(-7.9503638636118,-129.573815146371,25.8210239811034));
#7263=CARTESIAN_POINT('Ctrl Pts',(-7.50445986019226,-130.060995355334,25.0449636322498));
#7264=CARTESIAN_POINT('Ctrl Pts',(-6.71437996042623,-130.380178603525,24.5099721989711));
#7265=CARTESIAN_POINT('Ctrl Pts',(-6.07157664392008,-130.452703181635,24.3848075417112));
#7266=CARTESIAN_POINT('Ctrl Pts',(-5.74999999999998,-130.452703181635,24.3848075417112));
#7267=CARTESIAN_POINT('Ctrl Pts',(-5.74999999999998,-127.665897785127,27.5729278258141));
#7268=CARTESIAN_POINT('Ctrl Pts',(-6.04686128519477,-127.665897785127,27.5729278258141));
#7269=CARTESIAN_POINT('Ctrl Pts',(-6.94355448498399,-127.79034745267,27.4216643972753));
#7270=CARTESIAN_POINT('Ctrl Pts',(-7.77028407928776,-128.419310421124,26.6065710607297));
#7271=CARTESIAN_POINT('Ctrl Pts',(-7.76474889353315,-129.109755704006,25.5722167218328));
#7272=CARTESIAN_POINT('Ctrl Pts',(-7.36214048875583,-129.542697285892,24.8631075167014));
#7273=CARTESIAN_POINT('Ctrl Pts',(-6.64023199026899,-129.824064186407,24.3655882098383));
#7274=CARTESIAN_POINT('Ctrl Pts',(-6.04686128519444,-129.888178717206,24.2470493766039));
#7275=CARTESIAN_POINT('Ctrl Pts',(-5.74999999999997,-129.888178717206,24.2470493766039));
#7276=CARTESIAN_POINT('Ctrl Pts',(-5.74999999999998,-127.471647799845,27.4431341352324));
#7277=CARTESIAN_POINT('Ctrl Pts',(-6.04926476445265,-127.471647799845,27.4431341352324));
#7278=CARTESIAN_POINT('Ctrl Pts',(-6.95337603678809,-127.600574022693,27.2891955826227));
#7279=CARTESIAN_POINT('Ctrl Pts',(-7.77108035279821,-128.236700869668,26.4762487572191));
#7280=CARTESIAN_POINT('Ctrl Pts',(-7.7650726057926,-128.920899545655,25.4510427736525));
#7281=CARTESIAN_POINT('Ctrl Pts',(-7.36790804244271,-129.349626503214,24.7422029705387));
#7282=CARTESIAN_POINT('Ctrl Pts',(-6.6471675280847,-129.629701737347,24.2385015389831));
#7283=CARTESIAN_POINT('Ctrl Pts',(-6.04926476445233,-129.693928731924,24.1172556860223));
#7284=CARTESIAN_POINT('Ctrl Pts',(-5.74999999999997,-129.693928731924,24.1172556860223));
#7285=CARTESIAN_POINT('',(-5.74999999999997,-131.115079587845,23.7865556667029));
#7286=CARTESIAN_POINT('Origin',(-5.74999999999997,-130.249498964943,23.2857860737197));
#7287=CARTESIAN_POINT('',(-5.74999999999997,-127.709971708048,28.8826597421056));
#7288=CARTESIAN_POINT('Origin',(-5.74999999999997,-126.916077566826,28.274603747535));
#7289=CARTESIAN_POINT('Ctrl Pts',(-5.74999999999999,-127.709971708048,28.8826597421056));
#7290=CARTESIAN_POINT('Ctrl Pts',(-6.19889714667863,-127.709971708048,28.8826597421056));
#7291=CARTESIAN_POINT('Ctrl Pts',(-7.55506405518223,-127.898315302037,28.640635802464));
#7292=CARTESIAN_POINT('Ctrl Pts',(-8.78162052919726,-128.840210668846,27.3730651080098));
#7293=CARTESIAN_POINT('Ctrl Pts',(-8.77260890868891,-129.888869881659,25.8023789266523));
#7294=CARTESIAN_POINT('Ctrl Pts',(-8.17686206366418,-130.561646262453,24.7268480908273));
#7295=CARTESIAN_POINT('Ctrl Pts',(-7.09575129212709,-131.010739727174,23.9683749535885));
#7296=CARTESIAN_POINT('Ctrl Pts',(-6.19889714667863,-131.115079587845,23.7865556667029));
#7297=CARTESIAN_POINT('Ctrl Pts',(-5.74999999999999,-131.115079587845,23.7865556667029));
#7298=CARTESIAN_POINT('Origin',(23.25,-130.249498964943,23.2857860737197));
#7299=CARTESIAN_POINT('',(19.25,-131.115079587845,23.7865556667029));
#7300=CARTESIAN_POINT('',(23.25,-131.115079587845,23.7865556667029));
#7301=CARTESIAN_POINT('Origin',(19.25,-130.249498964943,23.2857860737197));
#7302=CARTESIAN_POINT('Ctrl Pts',(19.25,-131.115079587845,23.7865556667029));
#7303=CARTESIAN_POINT('Ctrl Pts',(19.6988971466787,-131.115079587845,23.7865556667029));
#7304=CARTESIAN_POINT('Ctrl Pts',(20.5918129457148,-131.008994499028,23.9691036383344));
#7305=CARTESIAN_POINT('Ctrl Pts',(22.0450993890749,-130.41585749179,24.9778320556525));
#7306=CARTESIAN_POINT('Ctrl Pts',(22.4853868271974,-129.353767452487,26.6313874221886));
#7307=CARTESIAN_POINT('Ctrl Pts',(21.6723062345664,-128.36524584454,28.012359879548));
#7308=CARTESIAN_POINT('Ctrl Pts',(20.5983849224011,-127.838991125746,28.7162069628437));
#7309=CARTESIAN_POINT('Ctrl Pts',(19.6988971466787,-127.709971708048,28.8826597421056));
#7310=CARTESIAN_POINT('Ctrl Pts',(19.25,-127.709971708048,28.8826597421056));
#7311=CARTESIAN_POINT('Ctrl Pts',(19.25,-130.959091548311,24.0561811118527));
#7312=CARTESIAN_POINT('Ctrl Pts',(19.6519520885062,-130.959091548311,24.0561811118527));
#7313=CARTESIAN_POINT('Ctrl Pts',(20.4514344385862,-130.863327687492,24.2180592031112));
#7314=CARTESIAN_POINT('Ctrl Pts',(21.7619514183134,-130.327421704429,25.1157027325487));
#7315=CARTESIAN_POINT('Ctrl Pts',(22.164037786963,-129.365302211488,26.6070457095598));
#7316=CARTESIAN_POINT('Ctrl Pts',(21.4251360735683,-128.479291986037,27.8543088966995));
#7317=CARTESIAN_POINT('Ctrl Pts',(20.4577839386297,-128.013012447705,28.4861849648395));
#7318=CARTESIAN_POINT('Ctrl Pts',(19.6519520885061,-127.899379099889,28.6353643942602));
#7319=CARTESIAN_POINT('Ctrl Pts',(19.25,-127.899379099889,28.6353643942602));
#7320=CARTESIAN_POINT('Ctrl Pts',(19.25,-130.452702148064,24.3847998641572));
#7321=CARTESIAN_POINT('Ctrl Pts',(19.5715766439202,-130.452702148064,24.3847998641572));
#7322=CARTESIAN_POINT('Ctrl Pts',(20.2106879206301,-130.378514824373,24.5110939920997));
#7323=CARTESIAN_POINT('Ctrl Pts',(21.2754240742147,-129.958312622364,25.2206643618164));
#7324=CARTESIAN_POINT('Ctrl Pts',(21.6108876161923,-129.181441391775,26.4275321788528));
#7325=CARTESIAN_POINT('Ctrl Pts',(21.00070535178,-128.467701673456,27.428384682738));
#7326=CARTESIAN_POINT('Ctrl Pts',(20.2165909907806,-128.097971182942,27.9262027837226));
#7327=CARTESIAN_POINT('Ctrl Pts',(19.5715766439202,-128.009196405343,28.0417646398201));
#7328=CARTESIAN_POINT('Ctrl Pts',(19.25,-128.009196405343,28.0417646398201));
#7329=CARTESIAN_POINT('Ctrl Pts',(19.25,-129.888178717206,24.2470493766039));
#7330=CARTESIAN_POINT('Ctrl Pts',(19.5468612851946,-129.888178717206,24.2470493766039));
#7331=CARTESIAN_POINT('Ctrl Pts',(20.1372083876317,-129.82253234596,24.3661831393797));
#7332=CARTESIAN_POINT('Ctrl Pts',(21.1088332452778,-129.45231982555,25.0274745786383));
#7333=CARTESIAN_POINT('Ctrl Pts',(21.409058319004,-128.76010987681,26.1206102038984));
#7334=CARTESIAN_POINT('Ctrl Pts',(20.8588562177137,-128.101405097132,27.0187061256305));
#7335=CARTESIAN_POINT('Ctrl Pts',(20.1420948791102,-127.751736796308,27.4679179687735));
#7336=CARTESIAN_POINT('Ctrl Pts',(19.5468612851945,-127.665897785127,27.5729278258141));
#7337=CARTESIAN_POINT('Ctrl Pts',(19.25,-127.665897785127,27.5729278258141));
#7338=CARTESIAN_POINT('Ctrl Pts',(19.25,-129.693928731924,24.1172556860223));
#7339=CARTESIAN_POINT('Ctrl Pts',(19.5492647644525,-129.693928731924,24.1172556860223));
#7340=CARTESIAN_POINT('Ctrl Pts',(20.1445419638099,-129.628278871005,24.2387874222207));
#7341=CARTESIAN_POINT('Ctrl Pts',(21.1133995927166,-129.259423706246,24.9093062120603));
#7342=CARTESIAN_POINT('Ctrl Pts',(21.406924551465,-128.575921266901,25.9949172939171));
#7343=CARTESIAN_POINT('Ctrl Pts',(20.8648708230442,-127.915939964307,26.8862671670716));
#7344=CARTESIAN_POINT('Ctrl Pts',(20.1489232816007,-127.559865375385,27.3371848191309));
#7345=CARTESIAN_POINT('Ctrl Pts',(19.5492647644524,-127.471647799845,27.4431341352324));
#7346=CARTESIAN_POINT('Ctrl Pts',(19.25,-127.471647799845,27.4431341352324));
#7347=CARTESIAN_POINT('',(19.25,-127.709971708048,28.8826597421056));
#7348=CARTESIAN_POINT('Origin',(19.25,-126.916077566826,28.274603747535));
#7349=CARTESIAN_POINT('Ctrl Pts',(19.25,-131.115079587845,23.7865556667029));
#7350=CARTESIAN_POINT('Ctrl Pts',(19.6988971466787,-131.115079587845,23.7865556667029));
#7351=CARTESIAN_POINT('Ctrl Pts',(20.5918129457148,-131.008994499028,23.9691036383344));
#7352=CARTESIAN_POINT('Ctrl Pts',(22.0450993890749,-130.41585749179,24.9778320556525));
#7353=CARTESIAN_POINT('Ctrl Pts',(22.4853868271974,-129.353767452487,26.6313874221886));
#7354=CARTESIAN_POINT('Ctrl Pts',(21.6723062345664,-128.36524584454,28.012359879548));
#7355=CARTESIAN_POINT('Ctrl Pts',(20.5983849224011,-127.838991125746,28.7162069628437));
#7356=CARTESIAN_POINT('Ctrl Pts',(19.6988971466787,-127.709971708048,28.8826597421056));
#7357=CARTESIAN_POINT('Ctrl Pts',(19.25,-127.709971708048,28.8826597421056));
#7358=CARTESIAN_POINT('Origin',(23.25,-126.916077566826,28.274603747535));
#7359=CARTESIAN_POINT('',(23.25,-127.709971708048,28.8826597421056));
#7360=CARTESIAN_POINT('Origin',(21.25,-128.000221699505,13.5754228005348));
#7361=CARTESIAN_POINT('',(19.25,-133.636264199577,15.9099480421755));
#7362=CARTESIAN_POINT('',(-5.74999999999997,-133.636264199577,15.9099480421756));
#7363=CARTESIAN_POINT('',(23.25,-133.636264199577,15.9099480421756));
#7364=CARTESIAN_POINT('',(19.25,-129.662577439383,14.2639930934809));
#7365=CARTESIAN_POINT('',(-5.74999999999997,-129.662577439383,14.2639930934809));
#7366=CARTESIAN_POINT('Origin',(-5.74999999999997,-128.897210574653,16.1117521585035));
#7367=CARTESIAN_POINT('',(-5.74999999999997,-132.105530470117,19.6054661722207));
#7368=CARTESIAN_POINT('Ctrl Pts',(-5.74999999999997,-133.636264199577,15.9099480421756));
#7369=CARTESIAN_POINT('Ctrl Pts',(-6.04926476475213,-133.636264199577,15.9099480421756));
#7370=CARTESIAN_POINT('Ctrl Pts',(-6.64454501781886,-133.59558654209,16.0419507875799));
#7371=CARTESIAN_POINT('Ctrl Pts',(-7.61340415149973,-133.364631102766,16.7715459013));
#7372=CARTESIAN_POINT('Ctrl Pts',(-7.90692974807349,-132.90605413496,17.9696418394954));
#7373=CARTESIAN_POINT('Ctrl Pts',(-7.3648711475112,-132.432645899903,18.9726220864669));
#7374=CARTESIAN_POINT('Ctrl Pts',(-6.64892407726594,-132.171382823698,19.4843423950764));
#7375=CARTESIAN_POINT('Ctrl Pts',(-6.04926476475217,-132.105530470117,19.6054661722207));
#7376=CARTESIAN_POINT('Ctrl Pts',(-5.74999999999997,-132.105530470117,19.6054661722207));
#7377=CARTESIAN_POINT('',(-5.74999999999997,-131.437096466066,19.3285917421916));
#7378=CARTESIAN_POINT('Origin',(21.25,-133.079993482332,20.0091019679111));
#7379=CARTESIAN_POINT('',(19.25,-132.105530470117,19.6054661722207));
#7380=CARTESIAN_POINT('',(23.25,-132.105530470117,19.6054661722207));
#7381=CARTESIAN_POINT('',(19.25,-131.437096466066,19.3285917421916));
#7382=CARTESIAN_POINT('Origin',(19.25,-132.202463330796,17.4808326771691));
#7383=CARTESIAN_POINT('Ctrl Pts',(19.25,-132.105530470117,19.6054661722207));
#7384=CARTESIAN_POINT('Ctrl Pts',(19.549264764752,-132.105530470117,19.6054661722207));
#7385=CARTESIAN_POINT('Ctrl Pts',(20.1472093834568,-132.17067152941,19.4846828337785));
#7386=CARTESIAN_POINT('Ctrl Pts',(20.8679245396237,-132.433885191181,18.9719607287893));
#7387=CARTESIAN_POINT('Ctrl Pts',(21.2650804699043,-132.785080909749,18.2216638365294));
#7388=CARTESIAN_POINT('Ctrl Pts',(21.2710739887587,-133.257383984734,17.0832023016268));
#7389=CARTESIAN_POINT('Ctrl Pts',(20.4533276684966,-133.579905910303,16.1026437263349));
#7390=CARTESIAN_POINT('Ctrl Pts',(19.5492647647523,-133.636264199577,15.9099480421755));
#7391=CARTESIAN_POINT('Ctrl Pts',(19.25,-133.636264199577,15.9099480421755));
#7392=CARTESIAN_POINT('Ctrl Pts',(-5.74999999999999,-132.620112565445,20.9708370102101));
#7393=CARTESIAN_POINT('Ctrl Pts',(-6.19889714712828,-132.620112565445,20.9708370102101));
#7394=CARTESIAN_POINT('Ctrl Pts',(-7.09838611589893,-132.714179054154,20.7824124330882));
#7395=CARTESIAN_POINT('Ctrl Pts',(-8.17230672126687,-133.093008252819,19.9894220649739));
#7396=CARTESIAN_POINT('Ctrl Pts',(-8.98539462211031,-133.793123811753,18.4421311335069));
#7397=CARTESIAN_POINT('Ctrl Pts',(-8.54510622724969,-134.51221347087,16.6131450796985));
#7398=CARTESIAN_POINT('Ctrl Pts',(-7.0918175267284,-134.897159776561,15.5080837868452));
#7399=CARTESIAN_POINT('Ctrl Pts',(-6.19889714712828,-134.965591667038,15.3083495528829));
#7400=CARTESIAN_POINT('Ctrl Pts',(-5.74999999999999,-134.965591667038,15.3083495528828));
#7401=CARTESIAN_POINT('Ctrl Pts',(-5.74999999999998,-132.757635618318,20.6913418240646));
#7402=CARTESIAN_POINT('Ctrl Pts',(-6.15195208890873,-132.757635618318,20.6913418240646));
#7403=CARTESIAN_POINT('Ctrl Pts',(-6.95779356373381,-132.839984037921,20.5228621013361));
#7404=CARTESIAN_POINT('Ctrl Pts',(-7.92514563179411,-133.17403188543,19.8121604242642));
#7405=CARTESIAN_POINT('Ctrl Pts',(-8.66406202789597,-133.799694216504,18.4160098611669));
#7406=CARTESIAN_POINT('Ctrl Pts',(-8.26196943539107,-134.452378241255,16.7656212500529));
#7407=CARTESIAN_POINT('Ctrl Pts',(-6.95144708434702,-134.80286338456,15.7806746135605));
#7408=CARTESIAN_POINT('Ctrl Pts',(-6.15195208890871,-134.865202208861,15.6032259775714));
#7409=CARTESIAN_POINT('Ctrl Pts',(-5.74999999999998,-134.865202208861,15.6032259775714));
#7410=CARTESIAN_POINT('Ctrl Pts',(-5.74999999999998,-132.7495462052,20.0877192441229));
#7411=CARTESIAN_POINT('Ctrl Pts',(-6.07157664424227,-132.7495462052,20.0877192441229));
#7412=CARTESIAN_POINT('Ctrl Pts',(-6.71658942398317,-132.814068691326,19.9570601614907));
#7413=CARTESIAN_POINT('Ctrl Pts',(-7.5007030586409,-133.07957496687,19.3966772811728));
#7414=CARTESIAN_POINT('Ctrl Pts',(-8.11088948719674,-133.584343345273,18.2758134867644));
#7415=CARTESIAN_POINT('Ctrl Pts',(-7.77542675926035,-134.110838111955,16.940578951236));
#7416=CARTESIAN_POINT('Ctrl Pts',(-6.71068946491124,-134.384534845788,16.1626681389856));
#7417=CARTESIAN_POINT('Ctrl Pts',(-6.07157664424222,-134.432656510435,16.0243315182536));
#7418=CARTESIAN_POINT('Ctrl Pts',(-5.74999999999997,-134.432656510435,16.0243315182536));
#7419=CARTESIAN_POINT('Ctrl Pts',(-5.74999999999997,-132.321369489291,19.6948696212521));
#7420=CARTESIAN_POINT('Ctrl Pts',(-6.04686128549188,-132.321369489291,19.6948696212521));
#7421=CARTESIAN_POINT('Ctrl Pts',(-6.64210106524439,-132.385071819296,19.5751315743381));
#7422=CARTESIAN_POINT('Ctrl Pts',(-7.35886230052613,-132.640384482553,19.0663339436434));
#7423=CARTESIAN_POINT('Ctrl Pts',(-7.90907466796066,-133.11122431679,18.0569856678684));
#7424=CARTESIAN_POINT('Ctrl Pts',(-7.60884552838864,-133.576873889341,16.8498108507216));
#7425=CARTESIAN_POINT('Ctrl Pts',(-6.6372169328937,-133.810961074675,16.1290009480955));
#7426=CARTESIAN_POINT('Ctrl Pts',(-6.04686128549184,-133.852103218751,15.9993514912069));
#7427=CARTESIAN_POINT('Ctrl Pts',(-5.74999999999997,-133.852103218751,15.9993514912069));
#7428=CARTESIAN_POINT('Ctrl Pts',(-5.74999999999997,-132.105530470117,19.6054661722207));
#7429=CARTESIAN_POINT('Ctrl Pts',(-6.04926476475217,-132.105530470117,19.6054661722207));
#7430=CARTESIAN_POINT('Ctrl Pts',(-6.64892407726594,-132.171382823698,19.4843423950764));
#7431=CARTESIAN_POINT('Ctrl Pts',(-7.3648711475112,-132.432645899903,18.9726220864669));
#7432=CARTESIAN_POINT('Ctrl Pts',(-7.90692974807349,-132.90605413496,17.9696418394954));
#7433=CARTESIAN_POINT('Ctrl Pts',(-7.61340415149973,-133.364631102766,16.7715459013));
#7434=CARTESIAN_POINT('Ctrl Pts',(-6.64454501781886,-133.59558654209,16.0419507875799));
#7435=CARTESIAN_POINT('Ctrl Pts',(-6.04926476475213,-133.636264199577,15.9099480421756));
#7436=CARTESIAN_POINT('Ctrl Pts',(-5.74999999999997,-133.636264199577,15.9099480421756));
#7437=CARTESIAN_POINT('',(-5.74999999999997,-134.965591667038,15.3083495528828));
#7438=CARTESIAN_POINT('Origin',(-5.74999999999997,-134.018947631942,14.9860685096643));
#7439=CARTESIAN_POINT('',(-5.74999999999997,-132.620112565445,20.9708370102101));
#7440=CARTESIAN_POINT('Origin',(-5.74999999999997,-131.722847037751,20.529345704732));
#7441=CARTESIAN_POINT('Ctrl Pts',(-5.74999999999999,-132.620112565445,20.9708370102101));
#7442=CARTESIAN_POINT('Ctrl Pts',(-6.19889714712828,-132.620112565445,20.9708370102101));
#7443=CARTESIAN_POINT('Ctrl Pts',(-7.09838611589893,-132.714179054154,20.7824124330882));
#7444=CARTESIAN_POINT('Ctrl Pts',(-8.17230672126687,-133.093008252819,19.9894220649739));
#7445=CARTESIAN_POINT('Ctrl Pts',(-8.98539462211031,-133.793123811753,18.4421311335069));
#7446=CARTESIAN_POINT('Ctrl Pts',(-8.54510622724969,-134.51221347087,16.6131450796985));
#7447=CARTESIAN_POINT('Ctrl Pts',(-7.0918175267284,-134.897159776561,15.5080837868452));
#7448=CARTESIAN_POINT('Ctrl Pts',(-6.19889714712828,-134.965591667038,15.3083495528829));
#7449=CARTESIAN_POINT('Ctrl Pts',(-5.74999999999999,-134.965591667038,15.3083495528828));
#7450=CARTESIAN_POINT('Origin',(23.25,-134.018947631942,14.9860685096643));
#7451=CARTESIAN_POINT('',(19.25,-134.965591667038,15.3083495528828));
#7452=CARTESIAN_POINT('',(23.25,-134.965591667038,15.3083495528828));
#7453=CARTESIAN_POINT('Origin',(19.25,-134.018947631942,14.9860685096643));
#7454=CARTESIAN_POINT('Ctrl Pts',(19.25,-134.965591667038,15.3083495528828));
#7455=CARTESIAN_POINT('Ctrl Pts',(19.6988971471283,-134.965591667038,15.3083495528828));
#7456=CARTESIAN_POINT('Ctrl Pts',(21.054991502745,-134.869009216586,15.5993729038448));
#7457=CARTESIAN_POINT('Ctrl Pts',(22.281610983138,-134.338359696457,17.0867383442473));
#7458=CARTESIAN_POINT('Ctrl Pts',(22.2726207048566,-133.614990741535,18.8312882744642));
#7459=CARTESIAN_POINT('Ctrl Pts',(21.6768868094358,-133.094486318906,19.9882343734024));
#7460=CARTESIAN_POINT('Ctrl Pts',(20.5958140751852,-132.713337783967,20.7830370532463));
#7461=CARTESIAN_POINT('Ctrl Pts',(19.6988971471283,-132.620112565445,20.9708370102101));
#7462=CARTESIAN_POINT('Ctrl Pts',(19.25,-132.620112565445,20.9708370102101));
#7463=CARTESIAN_POINT('Ctrl Pts',(19.25,-134.865202208861,15.6032259775714));
#7464=CARTESIAN_POINT('Ctrl Pts',(19.6519520889088,-134.865202208861,15.6032259775714));
#7465=CARTESIAN_POINT('Ctrl Pts',(20.8661771690734,-134.777398354117,15.8601955556263));
#7466=CARTESIAN_POINT('Ctrl Pts',(21.9780964870318,-134.293619796533,17.1920843615439));
#7467=CARTESIAN_POINT('Ctrl Pts',(21.9704096588927,-133.640425042043,18.7678531340848));
#7468=CARTESIAN_POINT('Ctrl Pts',(21.4294899641477,-133.17541319497,19.810786929696));
#7469=CARTESIAN_POINT('Ctrl Pts',(20.4553792999633,-132.83921171529,20.523618694112));
#7470=CARTESIAN_POINT('Ctrl Pts',(19.6519520889087,-132.757635618318,20.6913418240646));
#7471=CARTESIAN_POINT('Ctrl Pts',(19.25,-132.757635618318,20.6913418240646));
#7472=CARTESIAN_POINT('Ctrl Pts',(19.25,-134.432653898741,16.0243238975839));
#7473=CARTESIAN_POINT('Ctrl Pts',(19.5715766442424,-134.432653898741,16.0243238975839));
#7474=CARTESIAN_POINT('Ctrl Pts',(20.5425197546012,-134.36590905634,16.2225085311845));
#7475=CARTESIAN_POINT('Ctrl Pts',(21.4559516381919,-133.984063790107,17.2835969107181));
#7476=CARTESIAN_POINT('Ctrl Pts',(21.4503786864417,-133.4554487363,18.5589881167181));
#7477=CARTESIAN_POINT('Ctrl Pts',(21.0044825898457,-133.080833732023,19.3952362012335));
#7478=CARTESIAN_POINT('Ctrl Pts',(20.2144285846668,-132.813329255221,19.9578611553942));
#7479=CARTESIAN_POINT('Ctrl Pts',(19.5715766442421,-132.749538969826,20.0877227860033));
#7480=CARTESIAN_POINT('Ctrl Pts',(19.25,-132.749538969826,20.0877227860033));
#7481=CARTESIAN_POINT('Ctrl Pts',(19.25,-133.852103218751,15.9993514912069));
#7482=CARTESIAN_POINT('Ctrl Pts',(19.546861285492,-133.852103218751,15.9993514912069));
#7483=CARTESIAN_POINT('Ctrl Pts',(20.4434997261273,-133.795482288831,16.1868399489106));
#7484=CARTESIAN_POINT('Ctrl Pts',(21.2702645027482,-133.467195660335,17.1626358261791));
#7485=CARTESIAN_POINT('Ctrl Pts',(21.2647426808061,-132.990756574075,18.3113730219096));
#7486=CARTESIAN_POINT('Ctrl Pts',(20.8621472588146,-132.641678118563,19.0653233803255));
#7487=CARTESIAN_POINT('Ctrl Pts',(20.1402658821114,-132.384322285643,19.5756842107315));
#7488=CARTESIAN_POINT('Ctrl Pts',(19.5468612854917,-132.321369489291,19.6948696212521));
#7489=CARTESIAN_POINT('Ctrl Pts',(19.25,-132.321369489291,19.6948696212521));
#7490=CARTESIAN_POINT('Ctrl Pts',(19.25,-133.636264199577,15.9099480421755));
#7491=CARTESIAN_POINT('Ctrl Pts',(19.5492647647523,-133.636264199577,15.9099480421755));
#7492=CARTESIAN_POINT('Ctrl Pts',(20.4533276684966,-133.579905910303,16.1026437263349));
#7493=CARTESIAN_POINT('Ctrl Pts',(21.2710739887587,-133.257383984734,17.0832023016268));
#7494=CARTESIAN_POINT('Ctrl Pts',(21.2650804699043,-132.785080909749,18.2216638365294));
#7495=CARTESIAN_POINT('Ctrl Pts',(20.8679245396237,-132.433885191181,18.9719607287893));
#7496=CARTESIAN_POINT('Ctrl Pts',(20.1472093834568,-132.17067152941,19.4846828337785));
#7497=CARTESIAN_POINT('Ctrl Pts',(19.549264764752,-132.105530470117,19.6054661722207));
#7498=CARTESIAN_POINT('Ctrl Pts',(19.25,-132.105530470117,19.6054661722207));
#7499=CARTESIAN_POINT('',(19.25,-132.620112565445,20.9708370102101));
#7500=CARTESIAN_POINT('Origin',(19.25,-131.722847037751,20.529345704732));
#7501=CARTESIAN_POINT('Ctrl Pts',(19.25,-134.965591667038,15.3083495528828));
#7502=CARTESIAN_POINT('Ctrl Pts',(19.6988971471283,-134.965591667038,15.3083495528828));
#7503=CARTESIAN_POINT('Ctrl Pts',(21.054991502745,-134.869009216586,15.5993729038448));
#7504=CARTESIAN_POINT('Ctrl Pts',(22.281610983138,-134.338359696457,17.0867383442473));
#7505=CARTESIAN_POINT('Ctrl Pts',(22.2726207048566,-133.614990741535,18.8312882744642));
#7506=CARTESIAN_POINT('Ctrl Pts',(21.6768868094358,-133.094486318906,19.9882343734024));
#7507=CARTESIAN_POINT('Ctrl Pts',(20.5958140751852,-132.713337783967,20.7830370532463));
#7508=CARTESIAN_POINT('Ctrl Pts',(19.6988971471283,-132.620112565445,20.9708370102101));
#7509=CARTESIAN_POINT('Ctrl Pts',(19.25,-132.620112565445,20.9708370102101));
#7510=CARTESIAN_POINT('Origin',(23.25,-131.722847037751,20.529345704732));
#7511=CARTESIAN_POINT('',(23.25,-132.620112565445,20.9708370102101));
#7512=CARTESIAN_POINT('Origin',(23.25,-131.23105625618,8.));
#7513=CARTESIAN_POINT('',(20.866059709642,-131.23105625618,6.99999999999999));
#7514=CARTESIAN_POINT('',(23.25,-131.23105625618,6.99999999999999));
#7515=CARTESIAN_POINT('Ctrl Pts',(21.2406857880433,-130.249364440512,7.80952380975476));
#7516=CARTESIAN_POINT('Ctrl Pts',(21.2405338596445,-130.249663247224,7.80798379520853));
#7517=CARTESIAN_POINT('Ctrl Pts',(21.2403801818085,-130.249965433992,7.80644574026352));
#7518=CARTESIAN_POINT('Ctrl Pts',(21.2273490601175,-130.275584151955,7.67765174771331));
#7519=CARTESIAN_POINT('Ctrl Pts',(21.1999729261139,-130.328149939782,7.55005793510781));
#7520=CARTESIAN_POINT('Ctrl Pts',(21.1249443315332,-130.477135366091,7.32970833577814));
#7521=CARTESIAN_POINT('Ctrl Pts',(21.0777427243398,-130.57343536961,7.23671845438534));
#7522=CARTESIAN_POINT('Ctrl Pts',(20.9897599572352,-130.77743490729,7.10041032116214));
#7523=CARTESIAN_POINT('Ctrl Pts',(20.942402125184,-130.900042432933,7.04706815636611));
#7524=CARTESIAN_POINT('Ctrl Pts',(20.8900071648001,-131.095918640682,7.00690363145721));
#7525=CARTESIAN_POINT('Ctrl Pts',(20.8756506904705,-131.163629066466,6.99999999999999));
#7526=CARTESIAN_POINT('Ctrl Pts',(20.866059709642,-131.23105625618,6.99999999999999));
#7527=CARTESIAN_POINT('Origin',(23.25,-131.23105625618,6.99999999999999));
#7528=CARTESIAN_POINT('',(20.7321908904768,-132.07433897282,7.));
#7529=CARTESIAN_POINT('',(23.25,-132.07433897282,7.));
#7530=CARTESIAN_POINT('Origin',(19.25,-125.191376444881,6.99999999999997));
#7531=CARTESIAN_POINT('Origin',(23.25,-132.07433897282,6.));
#7532=CARTESIAN_POINT('',(-5.74999999999996,-132.939229008527,6.50196137912678));
#7533=CARTESIAN_POINT('Ctrl Pts',(-5.74999999999996,-132.939229008527,6.50196137912677));
#7534=CARTESIAN_POINT('Ctrl Pts',(-5.89939214644878,-132.939229008527,6.50196137912677));
#7535=CARTESIAN_POINT('Ctrl Pts',(-6.06178947299316,-132.930394333082,6.51848001642215));
#7536=CARTESIAN_POINT('Ctrl Pts',(-6.3743253569801,-132.885486466263,6.586252822146));
#7537=CARTESIAN_POINT('Ctrl Pts',(-6.52440331831605,-132.848745683178,6.63734231125736));
#7538=CARTESIAN_POINT('Ctrl Pts',(-6.77132452275649,-132.746068992072,6.74422181794249));
#7539=CARTESIAN_POINT('Ctrl Pts',(-6.89907664895861,-132.665334939946,6.81365675673513));
#7540=CARTESIAN_POINT('Ctrl Pts',(-7.06886653992666,-132.489169768004,6.91504283356335));
#7541=CARTESIAN_POINT('Ctrl Pts',(-7.13796571035443,-132.379792591537,6.96020966527241));
#7542=CARTESIAN_POINT('Ctrl Pts',(-7.20465451078192,-132.19889229745,6.99404511477045));
#7543=CARTESIAN_POINT('Ctrl Pts',(-7.2211530043397,-132.13679052151,7.00000000052807));
#7544=CARTESIAN_POINT('Ctrl Pts',(-7.23219089197124,-132.074338964364,7.));
#7545=CARTESIAN_POINT('',(19.25,-132.939229008527,6.50196137912678));
#7546=CARTESIAN_POINT('',(23.25,-132.939229008527,6.50196137912678));
#7547=CARTESIAN_POINT('Ctrl Pts',(20.7321908904767,-132.074338972821,7.));
#7548=CARTESIAN_POINT('Ctrl Pts',(20.7211530028546,-132.136790527118,6.99999999999995));
#7549=CARTESIAN_POINT('Ctrl Pts',(20.7046545097958,-132.198892300125,6.99404511427009));
#7550=CARTESIAN_POINT('Ctrl Pts',(20.6379657103545,-132.379792591537,6.96020966527241));
#7551=CARTESIAN_POINT('Ctrl Pts',(20.5688665399267,-132.489169768005,6.91504283356335));
#7552=CARTESIAN_POINT('Ctrl Pts',(20.3990766489587,-132.665334939946,6.81365675673513));
#7553=CARTESIAN_POINT('Ctrl Pts',(20.2713245227566,-132.746068992072,6.74422181794249));
#7554=CARTESIAN_POINT('Ctrl Pts',(20.0244033183161,-132.848745683178,6.63734231125736));
#7555=CARTESIAN_POINT('Ctrl Pts',(19.8743253569802,-132.885486466263,6.586252822146));
#7556=CARTESIAN_POINT('Ctrl Pts',(19.5617894729932,-132.930394333082,6.51848001642215));
#7557=CARTESIAN_POINT('Ctrl Pts',(19.3993921464489,-132.939229008527,6.50196137912677));
#7558=CARTESIAN_POINT('Ctrl Pts',(19.25,-132.939229008527,6.50196137912677));
#7559=CARTESIAN_POINT('Origin',(-12.75,-132.07433897282,6.));
#7560=CARTESIAN_POINT('Origin',(21.25,-129.918491700596,5.90109936997413));
#7561=CARTESIAN_POINT('',(19.25,-135.901682505539,7.09123001746966));
#7562=CARTESIAN_POINT('',(-5.74999999999996,-135.901682505539,7.09123001746966));
#7563=CARTESIAN_POINT('',(23.25,-135.901682505539,7.09123001746966));
#7564=CARTESIAN_POINT('',(19.25,-131.683239141243,6.25212946122052));
#7565=CARTESIAN_POINT('',(-5.74999999999996,-131.683239141243,6.25212946122052));
#7566=CARTESIAN_POINT('Origin',(-5.74999999999996,-131.293058497211,8.21370002202698));
#7567=CARTESIAN_POINT('',(-5.74999999999996,-135.121321217475,11.0143711390826));
#7568=CARTESIAN_POINT('Ctrl Pts',(-5.74999999999997,-135.901682505539,7.09123001746965));
#7569=CARTESIAN_POINT('Ctrl Pts',(-6.04926476479425,-135.901682505539,7.09123001746966));
#7570=CARTESIAN_POINT('Ctrl Pts',(-6.6445439971511,-135.88753865139,7.22863273050921));
#7571=CARTESIAN_POINT('Ctrl Pts',(-7.61340262597476,-135.803357715225,7.98926605850976));
#7572=CARTESIAN_POINT('Ctrl Pts',(-7.90692801204466,-135.5873291252,9.25380488682426));
#7573=CARTESIAN_POINT('Ctrl Pts',(-7.36487104131031,-135.318689604916,10.3298699133008));
#7574=CARTESIAN_POINT('Ctrl Pts',(-6.64892381248113,-135.162278302465,10.8827274836368));
#7575=CARTESIAN_POINT('Ctrl Pts',(-6.04926476479421,-135.121321217475,11.0143711390826));
#7576=CARTESIAN_POINT('Ctrl Pts',(-5.74999999999996,-135.121321217475,11.0143711390826));
#7577=CARTESIAN_POINT('',(-5.74999999999996,-134.411715463669,10.8732217786868));
#7578=CARTESIAN_POINT('Origin',(21.25,-136.155805633511,11.2201428832938));
#7579=CARTESIAN_POINT('',(19.25,-135.121321217475,11.0143711390826));
#7580=CARTESIAN_POINT('',(23.25,-135.121321217475,11.0143711390826));
#7581=CARTESIAN_POINT('',(19.25,-134.411715463669,10.8732217786868));
#7582=CARTESIAN_POINT('Origin',(19.25,-134.801896107701,8.91165121788032));
#7583=CARTESIAN_POINT('Ctrl Pts',(19.25,-135.121321217475,11.0143711390826));
#7584=CARTESIAN_POINT('Ctrl Pts',(19.5492647647942,-135.121321217475,11.0143711390826));
#7585=CARTESIAN_POINT('Ctrl Pts',(20.147209636009,-135.161647302291,10.8831998020685));
#7586=CARTESIAN_POINT('Ctrl Pts',(20.8679248117668,-135.319776236564,10.3289791882355));
#7587=CARTESIAN_POINT('Ctrl Pts',(21.2650810318692,-135.517848329895,9.52458391632431));
#7588=CARTESIAN_POINT('Ctrl Pts',(21.2710743249722,-135.758973289206,8.31585608815076));
#7589=CARTESIAN_POINT('Ctrl Pts',(20.4533286811597,-135.884000610105,7.29121744043265));
#7590=CARTESIAN_POINT('Ctrl Pts',(19.5492647647943,-135.901682505539,7.09123001746967));
#7591=CARTESIAN_POINT('Ctrl Pts',(19.25,-135.901682505539,7.09123001746967));
#7592=CARTESIAN_POINT('Ctrl Pts',(-5.74999999999997,-135.892386398587,12.253116772593));
#7593=CARTESIAN_POINT('Ctrl Pts',(-6.19889714719135,-135.892386398587,12.253116772593));
#7594=CARTESIAN_POINT('Ctrl Pts',(-7.09838571872169,-135.94788577101,12.0499611230643));
#7595=CARTESIAN_POINT('Ctrl Pts',(-8.17230656196551,-136.164731122273,11.1983020433815));
#7596=CARTESIAN_POINT('Ctrl Pts',(-8.985392018067,-136.549532020001,9.54415706873012));
#7597=CARTESIAN_POINT('Ctrl Pts',(-8.54510393896215,-136.897987069924,7.6100269791695));
#7598=CARTESIAN_POINT('Ctrl Pts',(-7.09181599572665,-137.059950171839,6.45109979894751));
#7599=CARTESIAN_POINT('Ctrl Pts',(-6.19889714719136,-137.08810127546,6.24185215076679));
#7600=CARTESIAN_POINT('Ctrl Pts',(-5.74999999999997,-137.08810127546,6.24185215076678));
#7601=CARTESIAN_POINT('Ctrl Pts',(-5.74999999999997,-135.972740178694,11.9521625914083));
#7602=CARTESIAN_POINT('Ctrl Pts',(-6.1519520889652,-135.972740178694,11.9521625914083));
#7603=CARTESIAN_POINT('Ctrl Pts',(-6.95779035068562,-136.020636758965,11.7708542375856));
#7604=CARTESIAN_POINT('Ctrl Pts',(-7.92514244271203,-136.20961475844,11.0086391397825));
#7605=CARTESIAN_POINT('Ctrl Pts',(-8.66405393334304,-136.550877967451,9.51725528947164));
#7606=CARTESIAN_POINT('Ctrl Pts',(-8.26196341485587,-136.869046745944,7.77124635316993));
#7607=CARTESIAN_POINT('Ctrl Pts',(-6.95144286041493,-137.020644578343,6.73684913137662));
#7608=CARTESIAN_POINT('Ctrl Pts',(-6.15195208896522,-137.04716830922,6.55064761936188));
#7609=CARTESIAN_POINT('Ctrl Pts',(-5.74999999999997,-137.04716830922,6.55064761936188));
#7610=CARTESIAN_POINT('Ctrl Pts',(-5.74999999999996,-135.847048351185,11.3617142722824));
#7611=CARTESIAN_POINT('Ctrl Pts',(-6.07157664428744,-135.847048351185,11.3617142722824));
#7612=CARTESIAN_POINT('Ctrl Pts',(-6.71658941149854,-135.884840725723,11.2209792417102));
#7613=CARTESIAN_POINT('Ctrl Pts',(-7.50070325284895,-136.035920094168,10.6195665198839));
#7614=CARTESIAN_POINT('Ctrl Pts',(-8.11088778935536,-136.312319118008,9.42176721773621));
#7615=CARTESIAN_POINT('Ctrl Pts',(-7.77542512955824,-136.568205783932,8.00947560605213));
#7616=CARTESIAN_POINT('Ctrl Pts',(-6.71068842414204,-136.684880561506,7.19311706961399));
#7617=CARTESIAN_POINT('Ctrl Pts',(-6.07157664428747,-136.705089412984,7.04805055643671));
#7618=CARTESIAN_POINT('Ctrl Pts',(-5.74999999999997,-136.705089412984,7.04805055643671));
#7619=CARTESIAN_POINT('Ctrl Pts',(-5.74999999999996,-135.350454698079,11.0599486221555));
#7620=CARTESIAN_POINT('Ctrl Pts',(-6.04686128553358,-135.350454698079,11.0599486221555));
#7621=CARTESIAN_POINT('Ctrl Pts',(-6.6420990005267,-135.389573540172,10.9300833952605));
#7622=CARTESIAN_POINT('Ctrl Pts',(-7.35886027152613,-135.54071896396,10.3812532643956));
#7623=CARTESIAN_POINT('Ctrl Pts',(-7.90906920847317,-135.805597239474,9.29944382898509));
#7624=CARTESIAN_POINT('Ctrl Pts',(-7.60884142347869,-136.026791223169,8.02462085264794));
#7625=CARTESIAN_POINT('Ctrl Pts',(-6.63721407857096,-136.115757541305,7.27199298758886));
#7626=CARTESIAN_POINT('Ctrl Pts',(-6.04686128553362,-136.130815986143,7.13680750054251));
#7627=CARTESIAN_POINT('Ctrl Pts',(-5.74999999999997,-136.130815986143,7.13680750054251));
#7628=CARTESIAN_POINT('Ctrl Pts',(-5.74999999999996,-135.121321217475,11.0143711390826));
#7629=CARTESIAN_POINT('Ctrl Pts',(-6.04926476479421,-135.121321217475,11.0143711390826));
#7630=CARTESIAN_POINT('Ctrl Pts',(-6.64892381248113,-135.162278302465,10.8827274836368));
#7631=CARTESIAN_POINT('Ctrl Pts',(-7.36487104131031,-135.318689604916,10.3298699133008));
#7632=CARTESIAN_POINT('Ctrl Pts',(-7.90692801204466,-135.5873291252,9.25380488682426));
#7633=CARTESIAN_POINT('Ctrl Pts',(-7.61340262597476,-135.803357715225,7.98926605850976));
#7634=CARTESIAN_POINT('Ctrl Pts',(-6.6445439971511,-135.88753865139,7.22863273050921));
#7635=CARTESIAN_POINT('Ctrl Pts',(-6.04926476479425,-135.901682505539,7.09123001746966));
#7636=CARTESIAN_POINT('Ctrl Pts',(-5.74999999999997,-135.901682505539,7.09123001746965));
#7637=CARTESIAN_POINT('',(-5.74999999999996,-137.08810127546,6.24185215076678));
#7638=CARTESIAN_POINT('Origin',(-5.74999999999996,-136.096772827555,6.11044473706643));
#7639=CARTESIAN_POINT('',(-5.74999999999996,-135.892386398587,12.253116772593));
#7640=CARTESIAN_POINT('Origin',(-5.74999999999996,-134.926230895459,11.9951564194858));
#7641=CARTESIAN_POINT('Ctrl Pts',(-5.74999999999997,-135.892386398587,12.253116772593));
#7642=CARTESIAN_POINT('Ctrl Pts',(-6.19889714719135,-135.892386398587,12.253116772593));
#7643=CARTESIAN_POINT('Ctrl Pts',(-7.09838571872169,-135.94788577101,12.0499611230643));
#7644=CARTESIAN_POINT('Ctrl Pts',(-8.17230656196551,-136.164731122273,11.1983020433815));
#7645=CARTESIAN_POINT('Ctrl Pts',(-8.985392018067,-136.549532020001,9.54415706873012));
#7646=CARTESIAN_POINT('Ctrl Pts',(-8.54510393896215,-136.897987069924,7.6100269791695));
#7647=CARTESIAN_POINT('Ctrl Pts',(-7.09181599572665,-137.059950171839,6.45109979894751));
#7648=CARTESIAN_POINT('Ctrl Pts',(-6.19889714719136,-137.08810127546,6.24185215076679));
#7649=CARTESIAN_POINT('Ctrl Pts',(-5.74999999999997,-137.08810127546,6.24185215076678));
#7650=CARTESIAN_POINT('Origin',(23.25,-136.096772827555,6.11044473706643));
#7651=CARTESIAN_POINT('',(19.25,-137.08810127546,6.24185215076678));
#7652=CARTESIAN_POINT('',(23.25,-137.08810127546,6.24185215076678));
#7653=CARTESIAN_POINT('Origin',(19.25,-136.096772827555,6.11044473706643));
#7654=CARTESIAN_POINT('Ctrl Pts',(19.25,-137.08810127546,6.24185215076678));
#7655=CARTESIAN_POINT('Ctrl Pts',(19.6988971471914,-137.08810127546,6.24185215076678));
#7656=CARTESIAN_POINT('Ctrl Pts',(21.0549930217395,-137.050150969313,6.54612488506288));
#7657=CARTESIAN_POINT('Ctrl Pts',(22.2816114874584,-136.819868247933,8.10843609685077));
#7658=CARTESIAN_POINT('Ctrl Pts',(22.2726215478039,-136.450743578268,9.96058688725797));
#7659=CARTESIAN_POINT('Ctrl Pts',(21.6768872176503,-136.165949294818,11.1968483431888));
#7660=CARTESIAN_POINT('Ctrl Pts',(20.5958144540135,-135.947182775821,12.0507373217909));
#7661=CARTESIAN_POINT('Ctrl Pts',(19.6988971471914,-135.892386398587,12.253116772593));
#7662=CARTESIAN_POINT('Ctrl Pts',(19.25,-135.892386398587,12.253116772593));
#7663=CARTESIAN_POINT('Ctrl Pts',(19.25,-137.04716830922,6.55064761936188));
#7664=CARTESIAN_POINT('Ctrl Pts',(19.6519520889653,-137.04716830922,6.55064761936188));
#7665=CARTESIAN_POINT('Ctrl Pts',(20.8661757785956,-137.011183315111,6.81980848062212));
#7666=CARTESIAN_POINT('Ctrl Pts',(21.9780914997759,-136.796537465715,8.22048664606527));
#7667=CARTESIAN_POINT('Ctrl Pts',(21.9704043836637,-136.463310865946,9.89340882006251));
#7668=CARTESIAN_POINT('Ctrl Pts',(21.4294860962295,-136.210701098737,11.0070224775144));
#7669=CARTESIAN_POINT('Ctrl Pts',(20.4553763169235,-136.020026833057,11.7717466923899));
#7670=CARTESIAN_POINT('Ctrl Pts',(19.6519520889652,-135.972740178694,11.9521625914083));
#7671=CARTESIAN_POINT('Ctrl Pts',(19.25,-135.972740178694,11.9521625914083));
#7672=CARTESIAN_POINT('Ctrl Pts',(19.25,-136.705085088528,7.04804311648403));
#7673=CARTESIAN_POINT('Ctrl Pts',(19.5715766442875,-136.705085088528,7.04804311648403));
#7674=CARTESIAN_POINT('Ctrl Pts',(20.5425211717596,-136.678287330088,7.25543917903166));
#7675=CARTESIAN_POINT('Ctrl Pts',(21.4559527681875,-136.510787695967,8.37063232551653));
#7676=CARTESIAN_POINT('Ctrl Pts',(21.4503800959064,-136.241146526628,9.72464420992911));
#7677=CARTESIAN_POINT('Ctrl Pts',(21.0044834611009,-136.036873389545,10.6179074340783));
#7678=CARTESIAN_POINT('Ctrl Pts',(20.2144293202186,-135.88427161427,11.2219087403171));
#7679=CARTESIAN_POINT('Ctrl Pts',(19.5715766442874,-135.847041508762,11.3617194910048));
#7680=CARTESIAN_POINT('Ctrl Pts',(19.25,-135.847041508762,11.3617194910048));
#7681=CARTESIAN_POINT('Ctrl Pts',(19.25,-136.130815986143,7.13680750054253));
#7682=CARTESIAN_POINT('Ctrl Pts',(19.5468612855337,-136.130815986143,7.13680750054253));
#7683=CARTESIAN_POINT('Ctrl Pts',(20.4434989973186,-136.111860663687,7.3317391545297));
#7684=CARTESIAN_POINT('Ctrl Pts',(21.2702614079486,-135.980250337556,8.35283177754117));
#7685=CARTESIAN_POINT('Ctrl Pts',(21.2647394292265,-135.737073575129,9.5724445258202));
#7686=CARTESIAN_POINT('Ctrl Pts',(20.8621448631113,-135.541790764605,10.3800097952049));
#7687=CARTESIAN_POINT('Ctrl Pts',(20.1402640521718,-135.388946412912,10.9307714763718));
#7688=CARTESIAN_POINT('Ctrl Pts',(19.5468612855335,-135.350454698079,11.0599486221554));
#7689=CARTESIAN_POINT('Ctrl Pts',(19.25,-135.350454698079,11.0599486221554));
#7690=CARTESIAN_POINT('Ctrl Pts',(19.25,-135.901682505539,7.09123001746967));
#7691=CARTESIAN_POINT('Ctrl Pts',(19.5492647647943,-135.901682505539,7.09123001746967));
#7692=CARTESIAN_POINT('Ctrl Pts',(20.4533286811597,-135.884000610105,7.29121744043265));
#7693=CARTESIAN_POINT('Ctrl Pts',(21.2710743249722,-135.758973289206,8.31585608815076));
#7694=CARTESIAN_POINT('Ctrl Pts',(21.2650810318692,-135.517848329895,9.52458391632431));
#7695=CARTESIAN_POINT('Ctrl Pts',(20.8679248117668,-135.319776236564,10.3289791882355));
#7696=CARTESIAN_POINT('Ctrl Pts',(20.147209636009,-135.161647302291,10.8831998020685));
#7697=CARTESIAN_POINT('Ctrl Pts',(19.5492647647942,-135.121321217475,11.0143711390826));
#7698=CARTESIAN_POINT('Ctrl Pts',(19.25,-135.121321217475,11.0143711390826));
#7699=CARTESIAN_POINT('',(19.25,-135.892386398587,12.253116772593));
#7700=CARTESIAN_POINT('Origin',(19.25,-134.926230895459,11.9951564194858));
#7701=CARTESIAN_POINT('Ctrl Pts',(19.25,-137.08810127546,6.24185215076678));
#7702=CARTESIAN_POINT('Ctrl Pts',(19.6988971471914,-137.08810127546,6.24185215076678));
#7703=CARTESIAN_POINT('Ctrl Pts',(21.0549930217395,-137.050150969313,6.54612488506288));
#7704=CARTESIAN_POINT('Ctrl Pts',(22.2816114874584,-136.819868247933,8.10843609685077));
#7705=CARTESIAN_POINT('Ctrl Pts',(22.2726215478039,-136.450743578268,9.96058688725797));
#7706=CARTESIAN_POINT('Ctrl Pts',(21.6768872176503,-136.165949294818,11.1968483431888));
#7707=CARTESIAN_POINT('Ctrl Pts',(20.5958144540135,-135.947182775821,12.0507373217909));
#7708=CARTESIAN_POINT('Ctrl Pts',(19.6988971471914,-135.892386398587,12.253116772593));
#7709=CARTESIAN_POINT('Ctrl Pts',(19.25,-135.892386398587,12.253116772593));
#7710=CARTESIAN_POINT('Origin',(23.25,-134.926230895459,11.9951564194858));
#7711=CARTESIAN_POINT('',(23.25,-135.892386398587,12.253116772593));
#7712=CARTESIAN_POINT('Origin',(23.25,-90.,0.));
#7713=CARTESIAN_POINT('',(23.75,-137.5,9.87303391012082E-15));
#7714=CARTESIAN_POINT('',(23.25,-137.5,9.87303391012082E-15));
#7715=CARTESIAN_POINT('',(23.75,-51.7671141244649,28.1868131868132));
#7716=CARTESIAN_POINT('Origin',(23.75,-90.,0.));
#7717=CARTESIAN_POINT('',(-10.75,-51.7671141244649,28.1868131868132));
#7718=CARTESIAN_POINT('',(23.25,-51.7671141244649,28.1868131868132));
#7719=CARTESIAN_POINT('',(-10.75,-137.5,9.87303391012082E-15));
#7720=CARTESIAN_POINT('Origin',(-10.75,-90.,0.));
#7721=CARTESIAN_POINT('',(23.25,-137.5,9.87303391012082E-15));
#7722=CARTESIAN_POINT('Origin',(23.25,-90.,-2.22044604925031E-15));
#7723=CARTESIAN_POINT('',(23.45,-58.3249474597935,25.));
#7724=CARTESIAN_POINT('Origin',(-1.54999999999996,-90.,-2.22044604925031E-15));
#7725=CARTESIAN_POINT('',(25.3999265794238,-58.3714805408654,25.0588449503961));
#7726=CARTESIAN_POINT('',(23.25,-58.3714805408654,25.0588449503961));
#7727=CARTESIAN_POINT('',(25.3656105138636,-58.3249474597943,25.0000000000005));
#7728=CARTESIAN_POINT('Ctrl Pts',(25.3656105138636,-58.3249474597943,25.0000000000011));
#7729=CARTESIAN_POINT('Ctrl Pts',(25.3766825070398,-58.3401209647117,25.0192248626201));
#7730=CARTESIAN_POINT('Ctrl Pts',(25.3881528918968,-58.3556140493206,25.0388187425813));
#7731=CARTESIAN_POINT('Ctrl Pts',(25.3999265794238,-58.3714805408654,25.0588449503961));
#7732=CARTESIAN_POINT('',(23.25,-58.3249474597935,25.));
#7733=CARTESIAN_POINT('Origin',(23.25,-58.3714805408654,25.0588449503961));
#7734=CARTESIAN_POINT('',(23.75,-57.5038463814553,25.));
#7735=CARTESIAN_POINT('Origin',(23.75,-59.4992623246022,25.1353337128564));
#7736=CARTESIAN_POINT('',(23.25,-57.5038463814553,25.));
#7737=CARTESIAN_POINT('Origin',(23.25,-49.6112639464912,25.));
#7738=CARTESIAN_POINT('',(-10.75,-53.37691984554,25.));
#7739=CARTESIAN_POINT('',(-10.75,-71.5834479598684,25.));
#7740=CARTESIAN_POINT('',(23.75,-53.37691984554,25.));
#7741=CARTESIAN_POINT('',(23.25,-53.37691984554,25.));
#7742=CARTESIAN_POINT('',(23.75,-71.5834479598684,25.));
#7743=CARTESIAN_POINT('Ctrl Pts',(23.75,-57.5038463814553,25.));
#7744=CARTESIAN_POINT('Ctrl Pts',(23.75,-57.5038463814553,25.));
#7745=CARTESIAN_POINT('Ctrl Pts',(23.75,-57.5038463814553,25.));
#7746=CARTESIAN_POINT('Ctrl Pts',(25.75,-57.5038463814553,25.));
#7747=CARTESIAN_POINT('Ctrl Pts',(25.75,-57.5038463814553,25.));
#7748=CARTESIAN_POINT('Ctrl Pts',(25.75,-57.5038463814553,25.));
#7749=CARTESIAN_POINT('Ctrl Pts',(25.75,-57.5038463814553,27.));
#7750=CARTESIAN_POINT('Ctrl Pts',(25.75,-59.5038463814553,27.));
#7751=CARTESIAN_POINT('Ctrl Pts',(25.75,-59.5038463814553,25.));
#7752=CARTESIAN_POINT('',(25.5702094668595,-58.6750897846458,25.));
#7753=CARTESIAN_POINT('Origin',(23.75,-59.5038463814553,25.));
#7754=CARTESIAN_POINT('',(25.75,-57.5038463814553,27.));
#7755=CARTESIAN_POINT('Origin',(23.75,-57.5038463814553,27.));
#7756=CARTESIAN_POINT('',(25.75,-59.503384185294,25.0429950115728));
#7757=CARTESIAN_POINT('Origin',(25.75,-57.5038463814553,25.));
#7758=CARTESIAN_POINT('Ctrl Pts',(25.75,-59.503384185294,25.0429950115728));
#7759=CARTESIAN_POINT('Ctrl Pts',(25.75,-59.3612895021487,25.0282034875531));
#7760=CARTESIAN_POINT('Ctrl Pts',(25.7348059606447,-59.2193115440754,25.0173114409175));
#7761=CARTESIAN_POINT('Ctrl Pts',(25.67433785973,-58.9406149282947,25.0031920091878));
#7762=CARTESIAN_POINT('Ctrl Pts',(25.629329656065,-58.8049362660962,25.));
#7763=CARTESIAN_POINT('Ctrl Pts',(25.5702094668595,-58.6750897846458,25.));
#7764=CARTESIAN_POINT('Origin',(-10.75,-71.5834479598684,27.));
#7765=CARTESIAN_POINT('',(-12.75,-53.37691984554,27.));
#7766=CARTESIAN_POINT('',(-12.75,-71.5834479598684,27.));
#7767=CARTESIAN_POINT('Origin',(-10.75,-53.37691984554,27.));
#7768=CARTESIAN_POINT('Origin',(23.75,-71.5834479598684,27.));
#7769=CARTESIAN_POINT('',(25.75,-53.37691984554,27.));
#7770=CARTESIAN_POINT('Origin',(23.75,-53.37691984554,27.));
#7771=CARTESIAN_POINT('',(25.75,-71.5834479598684,27.));
#7772=CARTESIAN_POINT('Origin',(23.25,-53.37691984554,27.));
#7773=CARTESIAN_POINT('Origin',(-10.75,-53.37691984554,27.));
#7774=CARTESIAN_POINT('Origin',(23.75,-53.37691984554,27.));
#7775=CARTESIAN_POINT('Origin',(23.75,-53.37691984554,27.));
#7776=CARTESIAN_POINT('Origin',(23.75,-53.37691984554,27.));
#7777=CARTESIAN_POINT('Origin',(-10.75,-53.37691984554,27.));
#7778=CARTESIAN_POINT('Origin',(-10.75,-53.37691984554,27.));
#7779=CARTESIAN_POINT('Origin',(22.625,-69.8123798818513,27.));
#7780=CARTESIAN_POINT('',(25.55,-69.8123798818513,25.));
#7781=CARTESIAN_POINT('',(25.55,-71.8035299946198,27.1879394275343));
#7782=CARTESIAN_POINT('Origin',(25.55,-69.8123798818513,27.));
#7783=CARTESIAN_POINT('',(23.45,-71.8035299946198,27.1879394275343));
#7784=CARTESIAN_POINT('',(22.625,-71.8035299946198,27.1879394275343));
#7785=CARTESIAN_POINT('',(23.45,-69.8123798818513,25.));
#7786=CARTESIAN_POINT('Origin',(23.45,-69.8123798818513,27.));
#7787=CARTESIAN_POINT('',(22.625,-69.8123798818513,25.));
#7788=CARTESIAN_POINT('Origin',(25.,-86.8576399867308,31.3428711758672));
#7789=CARTESIAN_POINT('',(25.55,-85.31679099597,30.0678086724301));
#7790=CARTESIAN_POINT('',(25.55,-87.0571549082082,29.3528476091455));
#7791=CARTESIAN_POINT('Origin',(25.55,-86.8576399867308,31.3428711758672));
#7792=CARTESIAN_POINT('',(23.45,-87.0571549082082,29.3528476091455));
#7793=CARTESIAN_POINT('',(25.,-87.0571549082082,29.3528476091455));
#7794=CARTESIAN_POINT('',(23.45,-85.31679099597,30.0678086724301));
#7795=CARTESIAN_POINT('Origin',(23.45,-86.8576399867308,31.3428711758672));
#7796=CARTESIAN_POINT('',(25.,-85.31679099597,30.0678086724301));
#7797=CARTESIAN_POINT('Origin',(25.,-90.,0.));
#7798=CARTESIAN_POINT('',(25.55,-92.9428450917934,29.3528476091453));
#7799=CARTESIAN_POINT('Origin',(25.55,-90.,0.));
#7800=CARTESIAN_POINT('',(23.45,-92.9428450917934,29.3528476091453));
#7801=CARTESIAN_POINT('',(25.,-92.9428450917934,29.3528476091453));
#7802=CARTESIAN_POINT('Origin',(23.45,-90.,0.));
#7803=CARTESIAN_POINT('Origin',(25.,-93.1423600132709,31.342871175867));
#7804=CARTESIAN_POINT('',(25.55,-94.6832090040316,30.0678086724298));
#7805=CARTESIAN_POINT('Origin',(25.55,-93.1423600132709,31.342871175867));
#7806=CARTESIAN_POINT('',(23.45,-94.6832090040316,30.0678086724298));
#7807=CARTESIAN_POINT('',(25.,-94.6832090040316,30.0678086724298));
#7808=CARTESIAN_POINT('Origin',(23.45,-93.1423600132709,31.342871175867));
#7809=CARTESIAN_POINT('Origin',(25.,-109.940772676,24.3847408246242));
#7810=CARTESIAN_POINT('',(25.55,-107.949622563232,24.5726802521585));
#7811=CARTESIAN_POINT('',(25.55,-108.674691871175,22.8365033119496));
#7812=CARTESIAN_POINT('Origin',(25.55,-109.940772676,24.3847408246242));
#7813=CARTESIAN_POINT('',(23.45,-108.674691871175,22.8365033119496));
#7814=CARTESIAN_POINT('',(25.,-108.674691871175,22.8365033119496));
#7815=CARTESIAN_POINT('',(23.45,-107.949622563232,24.5726802521585));
#7816=CARTESIAN_POINT('Origin',(23.45,-109.940772676,24.3847408246242));
#7817=CARTESIAN_POINT('',(25.,-107.949622563232,24.5726802521585));
#7818=CARTESIAN_POINT('Origin',(25.,-90.,0.));
#7819=CARTESIAN_POINT('',(25.55,-112.836503311951,18.6746918711734));
#7820=CARTESIAN_POINT('Origin',(25.55,-90.,0.));
#7821=CARTESIAN_POINT('',(23.45,-112.836503311951,18.6746918711734));
#7822=CARTESIAN_POINT('',(25.,-112.836503311951,18.6746918711734));
#7823=CARTESIAN_POINT('Origin',(23.45,-90.,0.));
#7824=CARTESIAN_POINT('Origin',(25.,-114.384740824625,19.9407726759987));
#7825=CARTESIAN_POINT('',(25.55,-114.57268025216,17.9496225632302));
#7826=CARTESIAN_POINT('Origin',(25.55,-114.384740824625,19.9407726759987));
#7827=CARTESIAN_POINT('',(23.45,-114.57268025216,17.9496225632302));
#7828=CARTESIAN_POINT('',(25.,-114.57268025216,17.9496225632302));
#7829=CARTESIAN_POINT('Origin',(23.45,-114.384740824625,19.9407726759987));
#7830=CARTESIAN_POINT('Origin',(25.,-121.342871175867,3.14236001326915));
#7831=CARTESIAN_POINT('',(25.55,-120.06780867243,4.68320900402998));
#7832=CARTESIAN_POINT('',(25.55,-119.352847609145,2.94284509179174));
#7833=CARTESIAN_POINT('Origin',(25.55,-121.342871175867,3.14236001326915));
#7834=CARTESIAN_POINT('',(23.45,-119.352847609145,2.94284509179174));
#7835=CARTESIAN_POINT('',(25.,-119.352847609145,2.94284509179174));
#7836=CARTESIAN_POINT('',(23.45,-120.06780867243,4.68320900402998));
#7837=CARTESIAN_POINT('Origin',(23.45,-121.342871175867,3.14236001326915));
#7838=CARTESIAN_POINT('',(25.,-120.06780867243,4.68320900402998));
#7839=CARTESIAN_POINT('Origin',(23.35,-121.342871175867,3.14236001326915));
#7840=CARTESIAN_POINT('',(23.25,-119.153845252473,2.922893599644));
#7841=CARTESIAN_POINT('',(23.25,-119.940302422086,4.83729390310606));
#7842=CARTESIAN_POINT('Origin',(23.35,-106.196883486107,-6.66527270826799));
#7843=CARTESIAN_POINT('',(23.25,-129.982913963627,13.1476198922091));
#7844=CARTESIAN_POINT('',(23.25,-106.133130360935,-6.58823025872995));
#7845=CARTESIAN_POINT('',(23.45,-130.110420213971,12.993534993133));
#7846=CARTESIAN_POINT('',(23.25,-129.982913963627,13.1476198922091));
#7847=CARTESIAN_POINT('',(23.45,-106.260636611279,-6.74231515780603));
#7848=CARTESIAN_POINT('Origin',(23.35,-127.879060832956,15.6900207269645));
#7849=CARTESIAN_POINT('',(23.25,-127.568960777524,18.9754184130326));
#7850=CARTESIAN_POINT('',(23.45,-127.550166834771,19.1745334243094));
#7851=CARTESIAN_POINT('',(23.25,-127.568960777524,18.9754184130326));
#7852=CARTESIAN_POINT('Origin',(23.45,-127.879060832956,15.6900207269645));
#7853=CARTESIAN_POINT('Origin',(23.25,-127.879060832956,15.6900207269645));
#7854=CARTESIAN_POINT('Origin',(23.35,-86.4029027302508,15.1903068160133));
#7855=CARTESIAN_POINT('',(23.25,-114.591474194913,17.7505075519533));
#7856=CARTESIAN_POINT('',(23.45,-86.3935057588741,15.2898643216518));
#7857=CARTESIAN_POINT('',(23.25,-86.4122997016275,15.0907493103749));
#7858=CARTESIAN_POINT('Origin',(23.35,-114.384740824625,19.9407726759987));
#7859=CARTESIAN_POINT('',(23.25,-112.681679560683,18.5480837906908));
#7860=CARTESIAN_POINT('Origin',(23.35,-90.,0.));
#7861=CARTESIAN_POINT('',(23.25,-108.548083790692,22.6816795606822));
#7862=CARTESIAN_POINT('Origin',(23.35,-109.940772676,24.3847408246242));
#7863=CARTESIAN_POINT('',(23.25,-107.750507551955,24.591474194912));
#7864=CARTESIAN_POINT('Origin',(23.35,-107.103588045107,16.6734238499941));
#7865=CARTESIAN_POINT('',(23.25,-108.975418413035,37.5689607775231));
#7866=CARTESIAN_POINT('',(23.25,-107.004030539468,16.6828208213708));
#7867=CARTESIAN_POINT('',(23.45,-109.174533424312,37.5501668347696));
#7868=CARTESIAN_POINT('',(23.25,-108.975418413035,37.5689607775231));
#7869=CARTESIAN_POINT('',(23.45,-107.203145550745,16.6640268786174));
#7870=CARTESIAN_POINT('Origin',(23.35,-105.690020726967,37.8790608329548));
#7871=CARTESIAN_POINT('',(23.25,-103.147619892211,39.9829139636261));
#7872=CARTESIAN_POINT('',(23.45,-102.993534993135,40.1104202139698));
#7873=CARTESIAN_POINT('',(23.25,-103.147619892211,39.9829139636261));
#7874=CARTESIAN_POINT('Origin',(23.45,-105.690020726967,37.8790608329548));
#7875=CARTESIAN_POINT('Origin',(23.25,-105.690020726967,37.8790608329548));
#7876=CARTESIAN_POINT('Origin',(23.35,-80.0821948657047,12.2663614195009));
#7877=CARTESIAN_POINT('',(23.25,-94.8372939031077,29.9403024220861));
#7878=CARTESIAN_POINT('',(23.45,-80.0051524161666,12.3301145446727));
#7879=CARTESIAN_POINT('',(23.25,-80.1592373152427,12.202608294329));
#7880=CARTESIAN_POINT('Origin',(23.35,-93.1423600132709,31.342871175867));
#7881=CARTESIAN_POINT('',(23.25,-92.9228935996456,29.1538452524731));
#7882=CARTESIAN_POINT('Origin',(23.35,-90.,0.));
#7883=CARTESIAN_POINT('',(23.25,-87.077106400356,29.1538452524733));
#7884=CARTESIAN_POINT('Origin',(23.35,-86.8576399867308,31.3428711758672));
#7885=CARTESIAN_POINT('',(23.25,-85.1627060968939,29.9403024220864));
#7886=CARTESIAN_POINT('Origin',(23.35,-83.425439808536,32.196556526763));
#7887=CARTESIAN_POINT('',(23.25,-76.8523801077909,39.9829139636269));
#7888=CARTESIAN_POINT('',(23.25,-83.3483973589979,32.1328034015911));
#7889=CARTESIAN_POINT('',(23.45,-77.006465006867,40.1104202139706));
#7890=CARTESIAN_POINT('',(23.25,-76.8523801077909,39.9829139636269));
#7891=CARTESIAN_POINT('',(23.45,-83.502482258074,32.2603096519348));
#7892=CARTESIAN_POINT('Origin',(23.35,-74.3099792730355,37.8790608329556));
#7893=CARTESIAN_POINT('',(23.25,-71.0245815869674,37.5689607775241));
#7894=CARTESIAN_POINT('',(23.45,-70.8254665756906,37.5501668347707));
#7895=CARTESIAN_POINT('',(23.25,-71.0245815869674,37.5689607775241));
#7896=CARTESIAN_POINT('Origin',(23.45,-74.3099792730355,37.8790608329556));
#7897=CARTESIAN_POINT('Origin',(23.25,-74.3099792730355,37.8790608329556));
#7898=CARTESIAN_POINT('Origin',(23.35,-73.2282065316994,13.1581805735331));
#7899=CARTESIAN_POINT('',(23.25,-72.0026450058967,27.2067333702877));
#7900=CARTESIAN_POINT('',(23.45,-73.1286490260609,13.1487836021563));
#7901=CARTESIAN_POINT('',(23.25,-73.3277640373378,13.1675775449098));
#7902=CARTESIAN_POINT('Origin',(23.35,-69.8123798818513,27.));
#7903=CARTESIAN_POINT('',(23.25,-69.8123798818513,24.8));
#7904=CARTESIAN_POINT('Origin',(23.35,-40.5,24.9));
#7905=CARTESIAN_POINT('',(23.45,-40.5,25.));
#7906=CARTESIAN_POINT('Origin',(25.65,-119.684025677799,4.23582752145462));
#7907=CARTESIAN_POINT('',(25.75,-128.667124893043,11.5396016365656));
#7908=CARTESIAN_POINT('',(25.55,-129.90915518246,12.8269868781195));
#7909=CARTESIAN_POINT('Origin',(33.5499999999999,-135.009405196209,6.66359091507617));
#7910=CARTESIAN_POINT('',(25.75,-120.195314922774,4.52912410495391));
#7911=CARTESIAN_POINT('',(25.75,-110.953218719234,-3.11877026558574));
#7912=CARTESIAN_POINT('',(25.75,-120.195314922774,4.52912410495391));
#7913=CARTESIAN_POINT('',(25.55,-119.620272552627,4.31286997099266));
#7914=CARTESIAN_POINT('Origin',(25.65,-121.342871175867,3.14236001326915));
#7915=CARTESIAN_POINT('',(25.75,-119.551849965818,2.96279658393948));
#7916=CARTESIAN_POINT('',(25.75,-119.551849965818,2.96279658393948));
#7917=CARTESIAN_POINT('Origin',(25.75,-121.342871175867,3.14236001326915));
#7918=CARTESIAN_POINT('Origin',(25.65,-108.310017927585,27.3267658485888));
#7919=CARTESIAN_POINT('',(25.75,-109.182055651451,35.501516790265));
#7920=CARTESIAN_POINT('',(25.55,-109.149984857235,37.2900836646532));
#7921=CARTESIAN_POINT('Origin',(33.5499999999991,-117.114585308309,36.5383259545157));
#7922=CARTESIAN_POINT('',(25.75,-108.148737574508,24.5538863094051));
#7923=CARTESIAN_POINT('',(25.75,-107.066169751785,13.0844726234344));
#7924=CARTESIAN_POINT('',(25.75,-108.148737574508,24.5538863094051));
#7925=CARTESIAN_POINT('',(25.55,-108.210460421947,27.3361628199655));
#7926=CARTESIAN_POINT('Origin',(25.65,-109.940772676,24.3847408246242));
#7927=CARTESIAN_POINT('',(25.75,-108.801299951657,22.9913270632171));
#7928=CARTESIAN_POINT('',(25.75,-108.801299951657,22.9913270632171));
#7929=CARTESIAN_POINT('Origin',(25.75,-109.940772676,24.3847408246242));
#7930=CARTESIAN_POINT('Origin',(25.65,-90.,0.));
#7931=CARTESIAN_POINT('',(25.75,-112.991327063218,18.8012999516559));
#7932=CARTESIAN_POINT('Origin',(25.75,-90.,0.));
#7933=CARTESIAN_POINT('',(25.75,-112.991327063218,18.8012999516559));
#7934=CARTESIAN_POINT('Origin',(25.65,-114.384740824625,19.9407726759987));
#7935=CARTESIAN_POINT('',(25.75,-114.553886309406,18.148737574507));
#7936=CARTESIAN_POINT('',(25.75,-114.553886309406,18.148737574507));
#7937=CARTESIAN_POINT('Origin',(25.75,-114.384740824625,19.9407726759987));
#7938=CARTESIAN_POINT('Origin',(25.65,-101.880929599086,16.8521260268653));
#7939=CARTESIAN_POINT('',(25.55,-127.290083664654,19.1499848572328));
#7940=CARTESIAN_POINT('',(25.75,-125.501516790266,19.1820556514493));
#7941=CARTESIAN_POINT('Origin',(33.5500000000003,-126.538325954517,27.1145853083069));
#7942=CARTESIAN_POINT('',(25.55,-101.890326570463,16.7525685212269));
#7943=CARTESIAN_POINT('',(25.75,-96.9573501996572,16.4878467647961));
#7944=CARTESIAN_POINT('Origin',(25.65,-84.9698887662639,30.643877648308));
#7945=CARTESIAN_POINT('',(25.75,-78.4603983634343,38.6671248930435));
#7946=CARTESIAN_POINT('',(25.55,-77.1730131218805,39.9091551824604));
#7947=CARTESIAN_POINT('Origin',(33.5499999999999,-83.3364090849239,45.0094051962089));
#7948=CARTESIAN_POINT('',(25.75,-85.4708758950461,30.1953149227738));
#7949=CARTESIAN_POINT('',(25.75,-94.3174241104185,19.5047057544948));
#7950=CARTESIAN_POINT('',(25.75,-85.4708758950461,30.1953149227738));
#7951=CARTESIAN_POINT('',(25.55,-84.8928463167259,30.5801245231361));
#7952=CARTESIAN_POINT('Origin',(25.65,-86.8576399867308,31.3428711758672));
#7953=CARTESIAN_POINT('',(25.75,-87.0372034160605,29.5518499658177));
#7954=CARTESIAN_POINT('',(25.75,-87.0372034160605,29.5518499658177));
#7955=CARTESIAN_POINT('Origin',(25.75,-86.8576399867308,31.3428711758672));
#7956=CARTESIAN_POINT('Origin',(25.65,-90.,0.));
#7957=CARTESIAN_POINT('',(25.75,-92.9627965839411,29.5518499658175));
#7958=CARTESIAN_POINT('Origin',(25.75,-90.,0.));
#7959=CARTESIAN_POINT('',(25.75,-92.9627965839411,29.5518499658175));
#7960=CARTESIAN_POINT('Origin',(25.65,-93.1423600132709,31.342871175867));
#7961=CARTESIAN_POINT('',(25.75,-94.5291241049556,30.1953149227736));
#7962=CARTESIAN_POINT('',(25.75,-94.5291241049556,30.1953149227736));
#7963=CARTESIAN_POINT('Origin',(25.75,-93.1423600132709,31.342871175867));
#7964=CARTESIAN_POINT('Origin',(25.65,-90.5279057670535,25.2031884814337));
#7965=CARTESIAN_POINT('',(25.55,-102.826986878122,39.9091551824597));
#7966=CARTESIAN_POINT('',(25.75,-101.539601636568,38.6671248930429));
#7967=CARTESIAN_POINT('Origin',(33.5500000000006,-96.6635909150786,45.0094051962085));
#7968=CARTESIAN_POINT('',(25.55,-90.6049482165916,25.1394353562618));
#7969=CARTESIAN_POINT('',(25.75,-84.8766458938426,18.5307798354029));
#7970=CARTESIAN_POINT('Origin',(25.65,-55.25,25.1));
#7971=CARTESIAN_POINT('',(25.75,-60.4527286681089,25.2));
#7972=CARTESIAN_POINT('',(25.55,-58.6750897846458,25.));
#7973=CARTESIAN_POINT('Origin',(33.55,-58.6750897846458,33.));
#7974=CARTESIAN_POINT('',(25.75,-69.8123798818513,25.2));
#7975=CARTESIAN_POINT('',(25.75,-74.4028159866228,25.2));
#7976=CARTESIAN_POINT('',(25.75,-69.8123798818513,25.2));
#7977=CARTESIAN_POINT('',(25.55,-55.25,25.));
#7978=CARTESIAN_POINT('Origin',(25.65,-69.8123798818513,27.));
#7979=CARTESIAN_POINT('',(25.75,-71.6044149833429,27.1691454847808));
#7980=CARTESIAN_POINT('',(25.75,-71.6044149833429,27.1691454847808));
#7981=CARTESIAN_POINT('Origin',(25.75,-69.8123798818513,27.));
#7982=CARTESIAN_POINT('Origin',(25.65,-72.2822707088334,21.0516824312045));
#7983=CARTESIAN_POINT('',(25.55,-70.8500151427672,37.2900836646543));
#7984=CARTESIAN_POINT('',(25.75,-70.8179443485507,35.5015167902661));
#7985=CARTESIAN_POINT('Origin',(33.5499999999995,-62.8854146916931,36.5383259545173));
#7986=CARTESIAN_POINT('',(25.55,-72.3818282144718,21.0610794025813));
#7987=CARTESIAN_POINT('',(25.75,-73.2613718887024,9.61428766572194));
#7988=CARTESIAN_POINT('Origin',(26.75,-58.6750897846458,33.));
#7989=CARTESIAN_POINT('Origin',(25.75,-58.6750897846458,33.));
#7990=CARTESIAN_POINT('',(26.75,-58.6750897846458,25.));
#7991=CARTESIAN_POINT('Origin',(22.,-20.5,25.));
#7992=CARTESIAN_POINT('Origin',(26.75,-62.8854146916931,36.5383259545173));
#7993=CARTESIAN_POINT('',(25.75,-70.8500151427672,37.2900836646543));
#7994=CARTESIAN_POINT('Origin',(25.75,-62.8854146916931,36.5383259545173));
#7995=CARTESIAN_POINT('',(26.75,-70.8500151427672,37.2900836646543));
#7996=CARTESIAN_POINT('Origin',(23.25,-72.0100438485244,25.));
#7997=CARTESIAN_POINT('',(25.75,-70.8254665756906,37.5501668347707));
#7998=CARTESIAN_POINT('',(25.75,-73.2745947170056,11.6025419071847));
#7999=CARTESIAN_POINT('',(23.25,-70.8254665756906,37.5501668347707));
#8000=CARTESIAN_POINT('Origin',(23.25,-74.3099792730355,37.8790608329556));
#8001=CARTESIAN_POINT('',(25.75,-77.006465006867,40.1104202139706));
#8002=CARTESIAN_POINT('Origin',(25.75,-74.3099792730355,37.8790608329556));
#8003=CARTESIAN_POINT('',(23.25,-77.006465006867,40.1104202139706));
#8004=CARTESIAN_POINT('Origin',(23.25,-77.006465006867,40.1104202139706));
#8005=CARTESIAN_POINT('',(25.75,-77.1730131218805,39.9091551824604));
#8006=CARTESIAN_POINT('',(25.75,-90.2201485564129,24.1423473495683));
#8007=CARTESIAN_POINT('',(26.75,-77.1730131218805,39.9091551824604));
#8008=CARTESIAN_POINT('Origin',(26.75,-83.3364090849239,45.0094051962089));
#8009=CARTESIAN_POINT('Origin',(25.75,-83.3364090849239,45.0094051962089));
#8010=CARTESIAN_POINT('Origin',(23.25,-60.5,0.));
#8011=CARTESIAN_POINT('Origin',(23.25,-60.5,0.));
#8012=CARTESIAN_POINT('Origin',(23.25,-60.5,0.));
#8013=CARTESIAN_POINT('Origin',(26.75,-96.6635909150786,45.0094051962085));
#8014=CARTESIAN_POINT('',(25.75,-102.826986878122,39.9091551824597));
#8015=CARTESIAN_POINT('Origin',(25.75,-96.6635909150786,45.0094051962085));
#8016=CARTESIAN_POINT('',(26.75,-102.826986878122,39.9091551824597));
#8017=CARTESIAN_POINT('Origin',(23.25,-93.9891240597671,29.2290418802223));
#8018=CARTESIAN_POINT('',(25.75,-102.993534993135,40.1104202139698));
#8019=CARTESIAN_POINT('',(25.75,-86.7228187145064,20.4480768470395));
#8020=CARTESIAN_POINT('',(23.25,-102.993534993135,40.1104202139698));
#8021=CARTESIAN_POINT('Origin',(23.25,-105.690020726967,37.8790608329548));
#8022=CARTESIAN_POINT('',(25.75,-109.174533424312,37.5501668347696));
#8023=CARTESIAN_POINT('Origin',(25.75,-105.690020726967,37.8790608329548));
#8024=CARTESIAN_POINT('',(23.25,-109.174533424312,37.5501668347696));
#8025=CARTESIAN_POINT('Origin',(23.25,-109.174533424312,37.5501668347696));
#8026=CARTESIAN_POINT('',(25.75,-109.149984857235,37.2900836646532));
#8027=CARTESIAN_POINT('',(25.75,-107.34909124169,18.2102685735899));
#8028=CARTESIAN_POINT('',(26.75,-109.149984857235,37.2900836646532));
#8029=CARTESIAN_POINT('Origin',(26.75,-117.114585308309,36.5383259545157));
#8030=CARTESIAN_POINT('Origin',(25.75,-117.114585308309,36.5383259545157));
#8031=CARTESIAN_POINT('Origin',(26.75,-126.538325954517,27.1145853083069));
#8032=CARTESIAN_POINT('',(25.75,-127.290083664654,19.1499848572328));
#8033=CARTESIAN_POINT('Origin',(25.75,-126.538325954517,27.1145853083069));
#8034=CARTESIAN_POINT('',(26.75,-127.290083664654,19.1499848572328));
#8035=CARTESIAN_POINT('Origin',(23.25,-113.488790394747,17.847317047435));
#8036=CARTESIAN_POINT('',(25.75,-127.550166834771,19.1745334243094));
#8037=CARTESIAN_POINT('',(25.75,-102.775376054552,16.8361060166234));
#8038=CARTESIAN_POINT('',(23.25,-127.550166834771,19.1745334243094));
#8039=CARTESIAN_POINT('Origin',(23.25,-127.879060832956,15.6900207269645));
#8040=CARTESIAN_POINT('',(25.75,-130.110420213971,12.993534993133));
#8041=CARTESIAN_POINT('Origin',(25.75,-127.879060832956,15.6900207269645));
#8042=CARTESIAN_POINT('',(23.25,-130.110420213971,12.993534993133));
#8043=CARTESIAN_POINT('Origin',(23.25,-130.110420213971,12.993534993133));
#8044=CARTESIAN_POINT('',(25.75,-129.90915518246,12.8269868781195));
#8045=CARTESIAN_POINT('',(25.75,-116.070786299563,1.37564714456053));
#8046=CARTESIAN_POINT('',(26.75,-129.90915518246,12.8269868781195));
#8047=CARTESIAN_POINT('Origin',(26.75,-135.009405196209,6.66359091507617));
#8048=CARTESIAN_POINT('Origin',(25.75,-135.009405196209,6.66359091507617));
#8049=CARTESIAN_POINT('Origin',(-10.75,-90.,0.));
#8050=CARTESIAN_POINT('',(-12.75,-135.5,9.71786993256002E-15));
#8051=CARTESIAN_POINT('Origin',(-10.75,-135.5,3.52998048950814E-15));
#8052=CARTESIAN_POINT('Origin',(-12.75,-90.,0.));
#8053=CARTESIAN_POINT('Origin',(-12.75,-93.5556319732456,0.));
#8054=CARTESIAN_POINT('',(-12.75,-94.0001972428334,6.49823270066476E-15));
#8055=CARTESIAN_POINT('Origin',(23.35,-90.,0.));
#8056=CARTESIAN_POINT('',(23.45,-119.5,8.47655811207364E-15));
#8057=CARTESIAN_POINT('',(23.35,-119.4,8.4687999131956E-15));
#8058=CARTESIAN_POINT('Origin',(23.45,-90.,0.));
#8059=CARTESIAN_POINT('Origin',(25.,-90.,0.));
#8060=CARTESIAN_POINT('',(25.55,-119.5,8.47655811207364E-15));
#8061=CARTESIAN_POINT('',(25.,-119.5,8.47655811207364E-15));
#8062=CARTESIAN_POINT('Origin',(25.55,-90.,0.));
#8063=CARTESIAN_POINT('Origin',(25.65,-90.,0.));
#8064=CARTESIAN_POINT('',(25.75,-119.7,8.49207450982972E-15));
#8065=CARTESIAN_POINT('',(25.65,-119.6,8.48431631095168E-15));
#8066=CARTESIAN_POINT('Origin',(25.75,-90.,0.));
#8067=CARTESIAN_POINT('Origin',(25.75,-93.5556319732456,0.));
#8068=CARTESIAN_POINT('',(25.75,-135.5,9.71786993256002E-15));
#8069=CARTESIAN_POINT('',(25.75,-94.0001972428334,6.49823270066476E-15));
#8070=CARTESIAN_POINT('Origin',(25.75,-90.,0.));
#8071=CARTESIAN_POINT('Origin',(23.75,-90.,0.));
#8072=CARTESIAN_POINT('Origin',(23.75,-135.5,3.52998048950814E-15));
#8073=CARTESIAN_POINT('Origin',(6.49911924404845,-94.4447625124212,6.53272295842208E-15));
#8074=CARTESIAN_POINT('Origin',(6.49911924404845,-94.4447625124212,6.53272295842208E-15));
#8075=UNCERTAINTY_MEASURE_WITH_UNIT(LENGTH_MEASURE(0.01),#8079,
'DISTANCE_ACCURACY_VALUE',
'Maximum model space distance between geometric entities at asserted c
onnectivities');
#8076=UNCERTAINTY_MEASURE_WITH_UNIT(LENGTH_MEASURE(0.01),#8079,
'DISTANCE_ACCURACY_VALUE',
'Maximum model space distance between geometric entities at asserted c
onnectivities');
#8077=(
GEOMETRIC_REPRESENTATION_CONTEXT(3)
GLOBAL_UNCERTAINTY_ASSIGNED_CONTEXT((#8075))
GLOBAL_UNIT_ASSIGNED_CONTEXT((#8079,#8081,#8082))
REPRESENTATION_CONTEXT('','3D')
);
#8078=(
GEOMETRIC_REPRESENTATION_CONTEXT(3)
GLOBAL_UNCERTAINTY_ASSIGNED_CONTEXT((#8076))
GLOBAL_UNIT_ASSIGNED_CONTEXT((#8079,#8081,#8082))
REPRESENTATION_CONTEXT('','3D')
);
#8079=(
LENGTH_UNIT()
NAMED_UNIT(*)
SI_UNIT(.MILLI.,.METRE.)
);
#8080=(
LENGTH_UNIT()
NAMED_UNIT(*)
SI_UNIT($,.METRE.)
);
#8081=(
NAMED_UNIT(*)
PLANE_ANGLE_UNIT()
SI_UNIT($,.RADIAN.)
);
#8082=(
NAMED_UNIT(*)
SI_UNIT($,.STERADIAN.)
SOLID_ANGLE_UNIT()
);
#8083=SHAPE_DEFINITION_REPRESENTATION(#8084,#8085);
#8084=PRODUCT_DEFINITION_SHAPE('',$,#8087);
#8085=SHAPE_REPRESENTATION('',(#3664),#8077);
#8086=PRODUCT_DEFINITION_CONTEXT('part definition',#8091,'design');
#8087=PRODUCT_DEFINITION('2026-09-19-17-01-26-128','Component35',#8088,
#8086);
#8088=PRODUCT_DEFINITION_FORMATION('',$,#8093);
#8089=PRODUCT_RELATED_PRODUCT_CATEGORY('Component35','Component35',(#8093));
#8090=APPLICATION_PROTOCOL_DEFINITION('international standard',
'automotive_design',2009,#8091);
#8091=APPLICATION_CONTEXT(
'Core Data for Automotive Mechanical Design Process');
#8092=PRODUCT_CONTEXT('part definition',#8091,'mechanical');
#8093=PRODUCT('2026-09-19-17-01-26-128','Component35',$,(#8092));
#8094=PRESENTATION_STYLE_ASSIGNMENT((#8096));
#8095=PRESENTATION_STYLE_ASSIGNMENT((#8097));
#8096=SURFACE_STYLE_USAGE(.BOTH.,#8098);
#8097=SURFACE_STYLE_USAGE(.BOTH.,#8099);
#8098=SURFACE_SIDE_STYLE('',(#8100));
#8099=SURFACE_SIDE_STYLE('',(#8101));
#8100=SURFACE_STYLE_FILL_AREA(#8102);
#8101=SURFACE_STYLE_FILL_AREA(#8103);
#8102=FILL_AREA_STYLE('Steel - Satin',(#8104));
#8103=FILL_AREA_STYLE('Silicone (White)',(#8105));
#8104=FILL_AREA_STYLE_COLOUR('Steel - Satin',#8106);
#8105=FILL_AREA_STYLE_COLOUR('Silicone (White)',#8107);
#8106=COLOUR_RGB('Steel - Satin',0.627450980392157,0.627450980392157,0.627450980392157);
#8107=COLOUR_RGB('Silicone (White)',0.,0.,0.);
ENDSEC;
END-ISO-10303-21;
