ISO-10303-21;
HEADER;
/* Generated by software containing ST-Developer
 * from STEP Tools, Inc. (www.steptools.com) 
 */

FILE_DESCRIPTION(
/* description */ (''),
/* implementation_level */ '2;1');

FILE_NAME(
/* name */ 'CNC_arm02_x2_shoulder_roll_back_bearing_retainer.step',
/* time_stamp */ '2026-09-19T17:00:13-04:00',
/* author */ (''),
/* organization */ (''),
/* preprocessor_version */ 'ST-DEVELOPER v20.2',
/* originating_system */ 'Autodesk Translation Framework v15.15.0.0',
/* authorisation */ '');

FILE_SCHEMA (('AUTOMOTIVE_DESIGN { 1 0 10303 214 3 1 1 }'));
ENDSEC;

DATA;
#10=MECHANICAL_DESIGN_GEOMETRIC_PRESENTATION_REPRESENTATION('',(#13),#11142);
#11=SHAPE_REPRESENTATION_RELATIONSHIP('SRR','None',#11149,#12);
#12=ADVANCED_BREP_SHAPE_REPRESENTATION('',(#14),#11141);
#13=STYLED_ITEM('',(#11159),#14);
#14=MANIFOLD_SOLID_BREP('Body1',#5679);
#15=(
BOUNDED_SURFACE()
B_SPLINE_SURFACE(2,2,((#9028,#9029,#9030),(#9031,#9032,#9033),(#9034,#9035,
#9036)),.UNSPECIFIED.,.F.,.F.,.F.)
B_SPLINE_SURFACE_WITH_KNOTS((3,3),(3,3),(-1.5707963267949,0.),(1.33302026572284,
2.10925719676302),.UNSPECIFIED.)
GEOMETRIC_REPRESENTATION_ITEM()
RATIONAL_B_SPLINE_SURFACE(((1.,0.925622759879065,1.),(0.707106781186549,
0.654514130331096,0.707106781186549),(1.,0.925622759879065,1.)))
REPRESENTATION_ITEM('')
SURFACE()
);
#16=(
BOUNDED_SURFACE()
B_SPLINE_SURFACE(2,2,((#9048,#9049,#9050),(#9051,#9052,#9053),(#9054,#9055,
#9056)),.UNSPECIFIED.,.F.,.F.,.F.)
B_SPLINE_SURFACE_WITH_KNOTS((3,3),(3,3),(-1.5707963267949,0.),(2.15402847126783,
3.14159265358979),.UNSPECIFIED.)
GEOMETRIC_REPRESENTATION_ITEM()
RATIONAL_B_SPLINE_SURFACE(((1.,0.880546602310508,1.),(0.707106781186545,
0.622640473644532,0.707106781186545),(1.,0.880546602310508,1.)))
REPRESENTATION_ITEM('')
SURFACE()
);
#17=(
BOUNDED_SURFACE()
B_SPLINE_SURFACE(2,2,((#9074,#9075,#9076),(#9077,#9078,#9079),(#9080,#9081,
#9082)),.UNSPECIFIED.,.F.,.F.,.F.)
B_SPLINE_SURFACE_WITH_KNOTS((3,3),(3,3),(-1.5707963267949,0.),(1.5707963267949,
2.51271772809474),.UNSPECIFIED.)
GEOMETRIC_REPRESENTATION_ITEM()
RATIONAL_B_SPLINE_SURFACE(((1.,0.891132788679007,1.),(0.707106781186545,
0.630126037812603,0.707106781186545),(1.,0.891132788679007,1.)))
REPRESENTATION_ITEM('')
SURFACE()
);
#18=(
BOUNDED_SURFACE()
B_SPLINE_SURFACE(2,2,((#9127,#9128,#9129),(#9130,#9131,#9132),(#9133,#9134,
#9135)),.UNSPECIFIED.,.F.,.F.,.F.)
B_SPLINE_SURFACE_WITH_KNOTS((3,3),(3,3),(-1.5707963267949,0.),(-3.14159265358979,
-2.40921953317923),.UNSPECIFIED.)
GEOMETRIC_REPRESENTATION_ITEM()
RATIONAL_B_SPLINE_SURFACE(((1.,0.933699561847852,1.),(0.707106781186545,
0.660225291773522,0.707106781186545),(1.,0.933699561847852,1.)))
REPRESENTATION_ITEM('')
SURFACE()
);
#19=(
BOUNDED_SURFACE()
B_SPLINE_SURFACE(2,2,((#10624,#10625,#10626),(#10627,#10628,#10629),(#10630,
#10631,#10632)),.UNSPECIFIED.,.F.,.F.,.F.)
B_SPLINE_SURFACE_WITH_KNOTS((3,3),(3,3),(-1.5707963267949,0.),(1.33302026572284,
2.10925719676302),.UNSPECIFIED.)
GEOMETRIC_REPRESENTATION_ITEM()
RATIONAL_B_SPLINE_SURFACE(((1.,0.925622759879065,1.),(0.707106781186549,
0.654514130331096,0.707106781186549),(1.,0.925622759879065,1.)))
REPRESENTATION_ITEM('')
SURFACE()
);
#20=(
BOUNDED_SURFACE()
B_SPLINE_SURFACE(2,2,((#10644,#10645,#10646),(#10647,#10648,#10649),(#10650,
#10651,#10652)),.UNSPECIFIED.,.F.,.F.,.F.)
B_SPLINE_SURFACE_WITH_KNOTS((3,3),(3,3),(-1.5707963267949,0.),(2.15402847126783,
3.14159265358979),.UNSPECIFIED.)
GEOMETRIC_REPRESENTATION_ITEM()
RATIONAL_B_SPLINE_SURFACE(((1.,0.880546602310508,1.),(0.707106781186545,
0.622640473644532,0.707106781186545),(1.,0.880546602310508,1.)))
REPRESENTATION_ITEM('')
SURFACE()
);
#21=(
BOUNDED_SURFACE()
B_SPLINE_SURFACE(2,2,((#10677,#10678,#10679),(#10680,#10681,#10682),(#10683,
#10684,#10685)),.UNSPECIFIED.,.F.,.F.,.F.)
B_SPLINE_SURFACE_WITH_KNOTS((3,3),(3,3),(-1.5707963267949,0.),(1.5707963267949,
2.51271772809474),.UNSPECIFIED.)
GEOMETRIC_REPRESENTATION_ITEM()
RATIONAL_B_SPLINE_SURFACE(((1.,0.891132788679007,1.),(0.707106781186545,
0.630126037812603,0.707106781186545),(1.,0.891132788679007,1.)))
REPRESENTATION_ITEM('')
SURFACE()
);
#22=(
BOUNDED_SURFACE()
B_SPLINE_SURFACE(2,2,((#10744,#10745,#10746),(#10747,#10748,#10749),(#10750,
#10751,#10752)),.UNSPECIFIED.,.F.,.F.,.F.)
B_SPLINE_SURFACE_WITH_KNOTS((3,3),(3,3),(-1.5707963267949,0.),(-3.14159265358979,
-2.40921953317923),.UNSPECIFIED.)
GEOMETRIC_REPRESENTATION_ITEM()
RATIONAL_B_SPLINE_SURFACE(((1.,0.933699561847852,1.),(0.707106781186545,
0.660225291773522,0.707106781186545),(1.,0.933699561847852,1.)))
REPRESENTATION_ITEM('')
SURFACE()
);
#23=SPHERICAL_SURFACE('',#5797,2.);
#24=SPHERICAL_SURFACE('',#5802,2.);
#25=SPHERICAL_SURFACE('',#5807,2.);
#26=SPHERICAL_SURFACE('',#5809,2.);
#27=SPHERICAL_SURFACE('',#5923,2.);
#28=SPHERICAL_SURFACE('',#6128,2.);
#29=SPHERICAL_SURFACE('',#6133,2.);
#30=SPHERICAL_SURFACE('',#6138,2.);
#31=SPHERICAL_SURFACE('',#6140,2.);
#32=SPHERICAL_SURFACE('',#6278,2.);
#33=FACE_BOUND('',#836,.T.);
#34=FACE_BOUND('',#872,.T.);
#35=FACE_BOUND('',#873,.T.);
#36=FACE_BOUND('',#934,.T.);
#37=FACE_BOUND('',#952,.T.);
#38=FACE_BOUND('',#992,.T.);
#39=FACE_BOUND('',#993,.T.);
#40=FACE_BOUND('',#994,.T.);
#41=FACE_BOUND('',#995,.T.);
#42=FACE_BOUND('',#1000,.T.);
#43=FACE_BOUND('',#1013,.T.);
#44=FACE_BOUND('',#1014,.T.);
#45=FACE_BOUND('',#1015,.T.);
#46=FACE_BOUND('',#1016,.T.);
#47=FACE_BOUND('',#1030,.T.);
#48=FACE_BOUND('',#1033,.T.);
#49=FACE_BOUND('',#1034,.T.);
#50=FACE_BOUND('',#1035,.T.);
#51=FACE_BOUND('',#1036,.T.);
#52=FACE_BOUND('',#1039,.T.);
#53=FACE_BOUND('',#1040,.T.);
#54=FACE_BOUND('',#1041,.T.);
#55=FACE_BOUND('',#1042,.T.);
#56=FACE_BOUND('',#1061,.T.);
#57=FACE_BOUND('',#1062,.T.);
#58=FACE_BOUND('',#1073,.T.);
#59=FACE_BOUND('',#1104,.T.);
#60=FACE_BOUND('',#1105,.T.);
#61=FACE_BOUND('',#1106,.T.);
#62=FACE_BOUND('',#1107,.T.);
#63=FACE_BOUND('',#1108,.T.);
#64=FACE_BOUND('',#1109,.T.);
#65=FACE_BOUND('',#1141,.T.);
#66=FACE_BOUND('',#1144,.T.);
#67=FACE_BOUND('',#1145,.T.);
#68=FACE_BOUND('',#1146,.T.);
#69=FACE_BOUND('',#1147,.T.);
#70=FACE_BOUND('',#1148,.T.);
#71=FACE_BOUND('',#1149,.T.);
#72=FACE_BOUND('',#1150,.T.);
#73=FACE_BOUND('',#1171,.T.);
#74=TOROIDAL_SURFACE('',#5741,37.,2.);
#75=TOROIDAL_SURFACE('',#5823,6.5,2.);
#76=TOROIDAL_SURFACE('',#5831,36.5,2.);
#77=TOROIDAL_SURFACE('',#5840,6.,2.);
#78=TOROIDAL_SURFACE('',#5921,43.,2.);
#79=TOROIDAL_SURFACE('',#6046,37.,2.);
#80=TOROIDAL_SURFACE('',#6051,37.,2.);
#81=TOROIDAL_SURFACE('',#6154,6.5,2.);
#82=TOROIDAL_SURFACE('',#6162,36.5,2.);
#83=TOROIDAL_SURFACE('',#6171,6.,2.);
#84=TOROIDAL_SURFACE('',#6175,31.03,2.);
#85=TOROIDAL_SURFACE('',#6193,26.9396078054371,2.);
#86=TOROIDAL_SURFACE('',#6276,43.,2.);
#87=CYLINDRICAL_SURFACE('',#5737,3.5);
#88=CYLINDRICAL_SURFACE('',#5739,7.99999999999999);
#89=CYLINDRICAL_SURFACE('',#5748,2.);
#90=CYLINDRICAL_SURFACE('',#5754,8.);
#91=CYLINDRICAL_SURFACE('',#5756,41.);
#92=CYLINDRICAL_SURFACE('',#5759,8.);
#93=CYLINDRICAL_SURFACE('',#5761,41.);
#94=CYLINDRICAL_SURFACE('',#5763,8.);
#95=CYLINDRICAL_SURFACE('',#5765,2.);
#96=CYLINDRICAL_SURFACE('',#5789,2.);
#97=CYLINDRICAL_SURFACE('',#5794,2.);
#98=CYLINDRICAL_SURFACE('',#5799,2.);
#99=CYLINDRICAL_SURFACE('',#5804,2.);
#100=CYLINDRICAL_SURFACE('',#5812,4.);
#101=CYLINDRICAL_SURFACE('',#5814,4.5);
#102=CYLINDRICAL_SURFACE('',#5816,2.);
#103=CYLINDRICAL_SURFACE('',#5838,2.);
#104=CYLINDRICAL_SURFACE('',#5847,33.03);
#105=CYLINDRICAL_SURFACE('',#5850,2.);
#106=CYLINDRICAL_SURFACE('',#5853,2.);
#107=CYLINDRICAL_SURFACE('',#5855,4.);
#108=CYLINDRICAL_SURFACE('',#5856,1.5);
#109=CYLINDRICAL_SURFACE('',#5860,1.5);
#110=CYLINDRICAL_SURFACE('',#5863,1.5);
#111=CYLINDRICAL_SURFACE('',#5866,39.8);
#112=CYLINDRICAL_SURFACE('',#5869,1.5);
#113=CYLINDRICAL_SURFACE('',#5876,35.);
#114=CYLINDRICAL_SURFACE('',#5878,1.5);
#115=CYLINDRICAL_SURFACE('',#5881,1.5);
#116=CYLINDRICAL_SURFACE('',#5883,1.5);
#117=CYLINDRICAL_SURFACE('',#5893,1.5);
#118=CYLINDRICAL_SURFACE('',#5895,1.5);
#119=CYLINDRICAL_SURFACE('',#5898,1.5);
#120=CYLINDRICAL_SURFACE('',#5900,8.);
#121=CYLINDRICAL_SURFACE('',#5902,4.);
#122=CYLINDRICAL_SURFACE('',#5905,4.);
#123=CYLINDRICAL_SURFACE('',#5907,4.);
#124=CYLINDRICAL_SURFACE('',#5909,38.5);
#125=CYLINDRICAL_SURFACE('',#5911,4.);
#126=CYLINDRICAL_SURFACE('',#5913,4.5);
#127=CYLINDRICAL_SURFACE('',#5915,2.);
#128=CYLINDRICAL_SURFACE('',#5919,2.);
#129=CYLINDRICAL_SURFACE('',#5927,2.);
#130=CYLINDRICAL_SURFACE('',#5933,2.);
#131=CYLINDRICAL_SURFACE('',#5934,2.);
#132=CYLINDRICAL_SURFACE('',#5936,20.);
#133=CYLINDRICAL_SURFACE('',#5939,2.);
#134=CYLINDRICAL_SURFACE('',#5941,4.);
#135=CYLINDRICAL_SURFACE('',#5944,1.65);
#136=CYLINDRICAL_SURFACE('',#5946,1.65);
#137=CYLINDRICAL_SURFACE('',#5948,3.5);
#138=CYLINDRICAL_SURFACE('',#5953,3.5);
#139=CYLINDRICAL_SURFACE('',#5955,1.6);
#140=CYLINDRICAL_SURFACE('',#5957,1.6);
#141=CYLINDRICAL_SURFACE('',#5960,1.6);
#142=CYLINDRICAL_SURFACE('',#5963,1.6);
#143=CYLINDRICAL_SURFACE('',#5965,1.6);
#144=CYLINDRICAL_SURFACE('',#5968,1.6);
#145=CYLINDRICAL_SURFACE('',#5974,35.);
#146=CYLINDRICAL_SURFACE('',#5977,39.8);
#147=CYLINDRICAL_SURFACE('',#5979,3.5);
#148=CYLINDRICAL_SURFACE('',#6036,3.5);
#149=CYLINDRICAL_SURFACE('',#6038,7.99999999999999);
#150=CYLINDRICAL_SURFACE('',#6040,41.);
#151=CYLINDRICAL_SURFACE('',#6048,35.);
#152=CYLINDRICAL_SURFACE('',#6057,2.);
#153=CYLINDRICAL_SURFACE('',#6063,8.);
#154=CYLINDRICAL_SURFACE('',#6065,41.);
#155=CYLINDRICAL_SURFACE('',#6068,8.);
#156=CYLINDRICAL_SURFACE('',#6070,41.);
#157=CYLINDRICAL_SURFACE('',#6072,8.);
#158=CYLINDRICAL_SURFACE('',#6074,2.);
#159=CYLINDRICAL_SURFACE('',#6077,25.);
#160=CYLINDRICAL_SURFACE('',#6105,20.);
#161=CYLINDRICAL_SURFACE('',#6110,20.);
#162=CYLINDRICAL_SURFACE('',#6120,2.);
#163=CYLINDRICAL_SURFACE('',#6125,2.);
#164=CYLINDRICAL_SURFACE('',#6130,2.);
#165=CYLINDRICAL_SURFACE('',#6135,2.);
#166=CYLINDRICAL_SURFACE('',#6143,4.);
#167=CYLINDRICAL_SURFACE('',#6145,4.5);
#168=CYLINDRICAL_SURFACE('',#6147,2.);
#169=CYLINDRICAL_SURFACE('',#6169,2.);
#170=CYLINDRICAL_SURFACE('',#6183,2.);
#171=CYLINDRICAL_SURFACE('',#6186,33.03);
#172=CYLINDRICAL_SURFACE('',#6188,33.03);
#173=CYLINDRICAL_SURFACE('',#6190,2.);
#174=CYLINDRICAL_SURFACE('',#6192,2.);
#175=CYLINDRICAL_SURFACE('',#6199,4.);
#176=CYLINDRICAL_SURFACE('',#6200,1.5);
#177=CYLINDRICAL_SURFACE('',#6204,1.5);
#178=CYLINDRICAL_SURFACE('',#6207,35.);
#179=CYLINDRICAL_SURFACE('',#6210,1.5);
#180=CYLINDRICAL_SURFACE('',#6213,39.8);
#181=CYLINDRICAL_SURFACE('',#6216,1.5);
#182=CYLINDRICAL_SURFACE('',#6223,35.);
#183=CYLINDRICAL_SURFACE('',#6225,1.5);
#184=CYLINDRICAL_SURFACE('',#6228,1.5);
#185=CYLINDRICAL_SURFACE('',#6230,1.5);
#186=CYLINDRICAL_SURFACE('',#6240,1.5);
#187=CYLINDRICAL_SURFACE('',#6242,1.5);
#188=CYLINDRICAL_SURFACE('',#6245,1.5);
#189=CYLINDRICAL_SURFACE('',#6247,8.);
#190=CYLINDRICAL_SURFACE('',#6263,8.);
#191=CYLINDRICAL_SURFACE('',#6265,4.);
#192=CYLINDRICAL_SURFACE('',#6267,4.);
#193=CYLINDRICAL_SURFACE('',#6268,4.);
#194=CYLINDRICAL_SURFACE('',#6269,38.5);
#195=CYLINDRICAL_SURFACE('',#6270,4.);
#196=CYLINDRICAL_SURFACE('',#6271,4.5);
#197=CYLINDRICAL_SURFACE('',#6272,2.);
#198=CYLINDRICAL_SURFACE('',#6274,2.);
#199=CYLINDRICAL_SURFACE('',#6282,2.);
#200=CYLINDRICAL_SURFACE('',#6288,2.);
#201=CYLINDRICAL_SURFACE('',#6289,2.);
#202=CYLINDRICAL_SURFACE('',#6291,20.);
#203=CYLINDRICAL_SURFACE('',#6294,2.);
#204=CYLINDRICAL_SURFACE('',#6296,2.);
#205=CYLINDRICAL_SURFACE('',#6298,4.);
#206=CYLINDRICAL_SURFACE('',#6300,1.65);
#207=CYLINDRICAL_SURFACE('',#6301,1.65);
#208=CYLINDRICAL_SURFACE('',#6302,3.5);
#209=CYLINDRICAL_SURFACE('',#6306,3.5);
#210=CYLINDRICAL_SURFACE('',#6312,1.6);
#211=CYLINDRICAL_SURFACE('',#6313,1.6);
#212=CYLINDRICAL_SURFACE('',#6314,1.6);
#213=CYLINDRICAL_SURFACE('',#6315,1.6);
#214=CYLINDRICAL_SURFACE('',#6316,1.6);
#215=CYLINDRICAL_SURFACE('',#6317,1.6);
#216=CYLINDRICAL_SURFACE('',#6323,39.8);
#217=CYLINDRICAL_SURFACE('',#6325,35.);
#218=CYLINDRICAL_SURFACE('',#6327,39.8);
#219=CYLINDRICAL_SURFACE('',#6328,3.5);
#220=CYLINDRICAL_SURFACE('',#6331,20.);
#221=CYLINDRICAL_SURFACE('',#6335,22.03);
#222=ELLIPSE('',#5736,2.82842712474619,2.);
#223=ELLIPSE('',#5771,35.3553390593275,25.);
#224=ELLIPSE('',#5786,2.00967585981528,2.);
#225=ELLIPSE('',#5788,4.00484669638231,4.);
#226=ELLIPSE('',#5792,6.53144654439965,6.5);
#227=ELLIPSE('',#5793,4.54530460611279,4.5);
#228=ELLIPSE('',#5821,1.6579825843476,1.65);
#229=ELLIPSE('',#5822,1.6579825843476,1.65);
#230=ELLIPSE('',#5920,2.15568444474821,2.);
#231=ELLIPSE('',#5931,4.00484669638231,4.);
#232=ELLIPSE('',#5932,2.00967585981528,2.);
#233=ELLIPSE('',#5935,2.15568444474821,2.);
#234=ELLIPSE('',#5940,2.15568444474821,2.);
#235=ELLIPSE('',#5945,1.6579825843476,1.65);
#236=ELLIPSE('',#5947,1.6579825843476,1.65);
#237=ELLIPSE('',#5950,3.51693275467673,3.5);
#238=ELLIPSE('',#6035,2.82842712474619,2.);
#239=ELLIPSE('',#6079,35.3553390593275,25.);
#240=ELLIPSE('',#6107,3.51693275467673,3.5);
#241=ELLIPSE('',#6108,1.6579825843476,1.65);
#242=ELLIPSE('',#6109,1.6579825843476,1.65);
#243=ELLIPSE('',#6117,4.00484669638231,4.);
#244=ELLIPSE('',#6119,2.00967585981528,2.);
#245=ELLIPSE('',#6123,4.54530460611279,4.5);
#246=ELLIPSE('',#6124,6.53144654439965,6.5);
#247=ELLIPSE('',#6152,1.6579825843476,1.65);
#248=ELLIPSE('',#6153,1.6579825843476,1.65);
#249=ELLIPSE('',#6275,2.15568444474821,2.);
#250=ELLIPSE('',#6286,2.00967585981528,2.);
#251=ELLIPSE('',#6287,4.00484669638231,4.);
#252=ELLIPSE('',#6290,2.15568444474821,2.);
#253=ELLIPSE('',#6297,2.15568444474821,2.);
#254=B_SPLINE_CURVE_WITH_KNOTS('',3,(#8117,#8118,#8119,#8120,#8121,#8122,
#8123,#8124,#8125,#8126,#8127),.UNSPECIFIED.,.F.,.F.,(4,1,1,1,2,1,1,4),
(-0.610072102074429,-0.551029805240765,-0.491987508407101,-0.477226934198685,
-0.462466359990268,-0.417183980518759,-0.371901601047251,-0.311525095085239),
 .UNSPECIFIED.);
#255=B_SPLINE_CURVE_WITH_KNOTS('',3,(#8130,#8131,#8132,#8133,#8134,#8135,
#8136,#8137,#8138,#8139,#8140),.UNSPECIFIED.,.F.,.F.,(4,1,1,2,1,1,1,4),
(0.311525095085239,0.371901601047251,0.417183980518759,0.462466359990268,
0.477226934198685,0.491987508407101,0.551029805240765,0.610072102074429),
 .UNSPECIFIED.);
#256=B_SPLINE_CURVE_WITH_KNOTS('',3,(#8186,#8187,#8188,#8189,#8190,#8191,
#8192,#8193,#8194),.UNSPECIFIED.,.F.,.F.,(4,1,2,2,4),(-2.77555756156311E-17,
0.0752550177870567,0.150510035574113,0.230038097375206,0.3034759930242),
 .UNSPECIFIED.);
#257=B_SPLINE_CURVE_WITH_KNOTS('',3,(#8195,#8196,#8197,#8198,#8199,#8200,
#8201,#8202,#8203),.UNSPECIFIED.,.F.,.F.,(4,2,2,1,4),(-0.3034759930242,
-0.230038097375206,-0.150510035574113,-0.0752550177870567,2.77555756156311E-17),
 .UNSPECIFIED.);
#258=B_SPLINE_CURVE_WITH_KNOTS('',3,(#8220,#8221,#8222,#8223),
 .UNSPECIFIED.,.F.,.F.,(4,4),(0.304586479191104,0.3115250951061),
 .UNSPECIFIED.);
#259=B_SPLINE_CURVE_WITH_KNOTS('',3,(#8224,#8225,#8226,#8227),
 .UNSPECIFIED.,.F.,.F.,(4,4),(-0.3115250951061,-0.304586479191104),
 .UNSPECIFIED.);
#260=B_SPLINE_CURVE_WITH_KNOTS('',3,(#8253,#8254,#8255,#8256),
 .UNSPECIFIED.,.F.,.F.,(4,4),(0.3034759930242,0.309566159176302),
 .UNSPECIFIED.);
#261=B_SPLINE_CURVE_WITH_KNOTS('',3,(#8257,#8258,#8259,#8260),
 .UNSPECIFIED.,.F.,.F.,(4,4),(-0.309566159176302,-0.3034759930242),
 .UNSPECIFIED.);
#262=B_SPLINE_CURVE_WITH_KNOTS('',3,(#8297,#8298,#8299,#8300,#8301,#8302,
#8303,#8304),.UNSPECIFIED.,.F.,.F.,(4,2,2,4),(-2.14090093913649E-16,0.0752550177870567,
0.230038097375206,0.303475993024198),.UNSPECIFIED.);
#263=B_SPLINE_CURVE_WITH_KNOTS('',3,(#8307,#8308,#8309,#8310,#8311,#8312,
#8313,#8314),.UNSPECIFIED.,.F.,.F.,(4,2,2,4),(-0.303475993024198,-0.230038097375206,
-0.0752550177870567,2.14090093913649E-16),.UNSPECIFIED.);
#264=B_SPLINE_CURVE_WITH_KNOTS('',3,(#8376,#8377,#8378,#8379,#8380,#8381,
#8382,#8383,#8384,#8385,#8386,#8387,#8388),.UNSPECIFIED.,.F.,.F.,(4,1,2,
1,1,1,1,2,4),(0.610072102074429,0.639102661385669,0.682648500352528,0.713231039837008,
0.743813579321487,0.774396118805966,0.804978658290446,0.835561197774925,
0.908619109063619),.UNSPECIFIED.);
#265=B_SPLINE_CURVE_WITH_KNOTS('',3,(#8389,#8390,#8391,#8392,#8393,#8394,
#8395,#8396,#8397,#8398,#8399,#8400,#8401),.UNSPECIFIED.,.F.,.F.,(4,2,1,
1,1,1,2,1,4),(-0.908619109063619,-0.835561197774925,-0.804978658290446,
-0.774396118805966,-0.743813579321487,-0.713231039837008,-0.682648500352528,
-0.639102661385669,-0.610072102074429),.UNSPECIFIED.);
#266=B_SPLINE_CURVE_WITH_KNOTS('',3,(#8418,#8419,#8420,#8421),
 .UNSPECIFIED.,.F.,.F.,(4,4),(-0.309566159176298,-0.303475993024198),
 .UNSPECIFIED.);
#267=B_SPLINE_CURVE_WITH_KNOTS('',3,(#8422,#8423,#8424,#8425),
 .UNSPECIFIED.,.F.,.F.,(4,4),(0.303475993024198,0.309566159176298),
 .UNSPECIFIED.);
#268=B_SPLINE_CURVE_WITH_KNOTS('',3,(#8469,#8470,#8471,#8472),
 .UNSPECIFIED.,.F.,.F.,(4,4),(0.908619109042759,0.915557724957754),
 .UNSPECIFIED.);
#269=B_SPLINE_CURVE_WITH_KNOTS('',3,(#8473,#8474,#8475,#8476),
 .UNSPECIFIED.,.F.,.F.,(4,4),(-0.915557724957754,-0.908619109042759),
 .UNSPECIFIED.);
#270=B_SPLINE_CURVE_WITH_KNOTS('',3,(#8517,#8518,#8519,#8520,#8521,#8522,
#8523,#8524,#8525),.UNSPECIFIED.,.F.,.F.,(4,1,1,1,2,4),(-0.347795665741889,
-0.265726330407495,-0.183656995073101,-0.128944104850172,-0.0742312146272424,
2.95964445527889E-32),.UNSPECIFIED.);
#271=B_SPLINE_CURVE_WITH_KNOTS('',3,(#8528,#8529,#8530,#8531,#8532,#8533,
#8534,#8535,#8536),.UNSPECIFIED.,.F.,.F.,(4,2,1,1,1,4),(-2.95964445527889E-32,
0.0742312146272424,0.128944104850172,0.183656995073101,0.265726330407495,
0.347795665741889),.UNSPECIFIED.);
#272=B_SPLINE_CURVE_WITH_KNOTS('',3,(#8594,#8595,#8596,#8597,#8598,#8599,
#8600,#8601,#8602,#8603,#8604,#8605),.UNSPECIFIED.,.F.,.F.,(4,1,1,1,1,2,
2,4),(-0.662210684637891,-0.632893871190143,-0.603577057742395,-0.574260244294646,
-0.544943430846898,-0.51562661739915,-0.426710848537746,-0.352124354755588),
 .UNSPECIFIED.);
#273=B_SPLINE_CURVE_WITH_KNOTS('',3,(#8606,#8607,#8608,#8609,#8610,#8611,
#8612,#8613,#8614,#8615,#8616,#8617),.UNSPECIFIED.,.F.,.F.,(4,2,2,1,1,1,
1,4),(0.352124354755588,0.426710848537746,0.51562661739915,0.544943430846898,
0.574260244294646,0.603577057742395,0.632893871190143,0.662210684637891),
 .UNSPECIFIED.);
#274=B_SPLINE_CURVE_WITH_KNOTS('',3,(#8634,#8635,#8636,#8637),
 .UNSPECIFIED.,.F.,.F.,(4,4),(-0.723170169109691,-0.71887249109398),
 .UNSPECIFIED.);
#275=B_SPLINE_CURVE_WITH_KNOTS('',3,(#8638,#8639,#8640,#8641),
 .UNSPECIFIED.,.F.,.F.,(4,4),(0.71887249109398,0.723170169109691),
 .UNSPECIFIED.);
#276=B_SPLINE_CURVE_WITH_KNOTS('',3,(#8661,#8662,#8663,#8664),
 .UNSPECIFIED.,.F.,.F.,(4,4),(-0.352124354755903,-0.329115609049981),
 .UNSPECIFIED.);
#277=B_SPLINE_CURVE_WITH_KNOTS('',3,(#8665,#8666,#8667,#8668),
 .UNSPECIFIED.,.F.,.F.,(4,4),(0.329115609049981,0.352124354755903),
 .UNSPECIFIED.);
#278=B_SPLINE_CURVE_WITH_KNOTS('',3,(#8688,#8689,#8690,#8691),
 .UNSPECIFIED.,.F.,.F.,(4,4),(0.94857113690718,0.95),.UNSPECIFIED.);
#279=B_SPLINE_CURVE_WITH_KNOTS('',3,(#8692,#8693,#8694,#8695),
 .UNSPECIFIED.,.F.,.F.,(4,4),(-0.95,-0.94857113690718),.UNSPECIFIED.);
#280=B_SPLINE_CURVE_WITH_KNOTS('',3,(#8739,#8740,#8741,#8742),
 .UNSPECIFIED.,.F.,.F.,(4,4),(0.,0.0058076116142381),.UNSPECIFIED.);
#281=B_SPLINE_CURVE_WITH_KNOTS('',3,(#8743,#8744,#8745,#8746),
 .UNSPECIFIED.,.F.,.F.,(4,4),(-0.0058076116142381,0.),.UNSPECIFIED.);
#282=B_SPLINE_CURVE_WITH_KNOTS('',3,(#8813,#8814,#8815,#8816),
 .UNSPECIFIED.,.F.,.F.,(4,4),(0.,0.132620033292585),.UNSPECIFIED.);
#283=B_SPLINE_CURVE_WITH_KNOTS('',3,(#9001,#9002,#9003,#9004,#9005,#9006),
 .UNSPECIFIED.,.F.,.F.,(4,2,4),(0.817828214293762,0.834176113048628,0.909533378142915),
 .UNSPECIFIED.);
#284=B_SPLINE_CURVE_WITH_KNOTS('',3,(#9092,#9093,#9094,#9095,#9096,#9097,
#9098,#9099,#9100,#9101),.UNSPECIFIED.,.F.,.F.,(4,2,2,2,4),(-0.310681670566584,
-0.230589039343772,-0.15049640812096,-0.0752482040604801,0.),
 .UNSPECIFIED.);
#285=B_SPLINE_CURVE_WITH_KNOTS('',3,(#9111,#9112,#9113,#9114,#9115,#9116,
#9117,#9118,#9119,#9120),.UNSPECIFIED.,.F.,.F.,(4,2,2,2,4),(0.,0.0752482040604801,
0.15049640812096,0.230589039343771,0.310681670566583),.UNSPECIFIED.);
#286=B_SPLINE_CURVE_WITH_KNOTS('',3,(#9302,#9303,#9304,#9305,#9306,#9307),
 .UNSPECIFIED.,.F.,.F.,(4,2,4),(0.,0.0821071400400409,0.118237328334776),
 .UNSPECIFIED.);
#287=B_SPLINE_CURVE_WITH_KNOTS('',3,(#9344,#9345,#9346,#9347),
 .UNSPECIFIED.,.F.,.F.,(4,4),(-0.288345569236225,-0.11780809463062),
 .UNSPECIFIED.);
#288=B_SPLINE_CURVE_WITH_KNOTS('',3,(#9350,#9351,#9352,#9353),
 .UNSPECIFIED.,.F.,.F.,(4,4),(0.11780809463062,0.288345569236225),
 .UNSPECIFIED.);
#289=B_SPLINE_CURVE_WITH_KNOTS('',3,(#9385,#9386,#9387,#9388,#9389,#9390),
 .UNSPECIFIED.,.F.,.F.,(4,2,4),(0.252094339749197,0.302406932729683,0.368900367806541),
 .UNSPECIFIED.);
#290=B_SPLINE_CURVE_WITH_KNOTS('',3,(#9415,#9416,#9417,#9418),
 .UNSPECIFIED.,.F.,.F.,(4,4),(-0.132620033292585,-0.0220730271294959),
 .UNSPECIFIED.);
#291=B_SPLINE_CURVE_WITH_KNOTS('',3,(#9428,#9429,#9430,#9431,#9432,#9433),
 .UNSPECIFIED.,.F.,.F.,(4,2,4),(-0.118237328334776,-0.0821071400400413,
0.),.UNSPECIFIED.);
#292=B_SPLINE_CURVE_WITH_KNOTS('',3,(#9456,#9457,#9458,#9459,#9460,#9461,
#9462,#9463),.UNSPECIFIED.,.F.,.F.,(4,2,2,4),(0.,0.131827834168358,0.263655668336715,
0.335765195774371),.UNSPECIFIED.);
#293=B_SPLINE_CURVE_WITH_KNOTS('',3,(#9466,#9467,#9468,#9469,#9470,#9471,
#9472,#9473),.UNSPECIFIED.,.F.,.F.,(4,2,2,4),(-0.335765195859622,-0.263655668336715,
-0.131827834168358,0.),.UNSPECIFIED.);
#294=B_SPLINE_CURVE_WITH_KNOTS('',3,(#9642,#9643,#9644,#9645,#9646,#9647,
#9648,#9649,#9650,#9651,#9652),.UNSPECIFIED.,.F.,.F.,(4,1,1,2,1,1,1,4),
(0.311525095085239,0.371901601047251,0.417183980518759,0.462466359990268,
0.477226934198685,0.491987508407101,0.551029805240765,0.610072102074429),
 .UNSPECIFIED.);
#295=B_SPLINE_CURVE_WITH_KNOTS('',3,(#9655,#9656,#9657,#9658,#9659,#9660,
#9661,#9662,#9663,#9664,#9665),.UNSPECIFIED.,.F.,.F.,(4,1,1,1,2,1,1,4),
(-0.610072102074429,-0.551029805240765,-0.491987508407101,-0.477226934198685,
-0.462466359990268,-0.417183980518759,-0.371901601047251,-0.311525095085239),
 .UNSPECIFIED.);
#296=B_SPLINE_CURVE_WITH_KNOTS('',3,(#9711,#9712,#9713,#9714,#9715,#9716,
#9717,#9718,#9719),.UNSPECIFIED.,.F.,.F.,(4,2,2,1,4),(-0.3034759930242,
-0.230038097375206,-0.150510035574113,-0.0752550177870567,2.77555756156311E-17),
 .UNSPECIFIED.);
#297=B_SPLINE_CURVE_WITH_KNOTS('',3,(#9720,#9721,#9722,#9723,#9724,#9725,
#9726,#9727,#9728),.UNSPECIFIED.,.F.,.F.,(4,1,2,2,4),(-2.77555756156311E-17,
0.0752550177870567,0.150510035574113,0.230038097375206,0.3034759930242),
 .UNSPECIFIED.);
#298=B_SPLINE_CURVE_WITH_KNOTS('',3,(#9745,#9746,#9747,#9748),
 .UNSPECIFIED.,.F.,.F.,(4,4),(-0.3115250951061,-0.304586479191104),
 .UNSPECIFIED.);
#299=B_SPLINE_CURVE_WITH_KNOTS('',3,(#9749,#9750,#9751,#9752),
 .UNSPECIFIED.,.F.,.F.,(4,4),(0.304586479191104,0.3115250951061),
 .UNSPECIFIED.);
#300=B_SPLINE_CURVE_WITH_KNOTS('',3,(#9778,#9779,#9780,#9781),
 .UNSPECIFIED.,.F.,.F.,(4,4),(-0.309566159176302,-0.3034759930242),
 .UNSPECIFIED.);
#301=B_SPLINE_CURVE_WITH_KNOTS('',3,(#9782,#9783,#9784,#9785),
 .UNSPECIFIED.,.F.,.F.,(4,4),(0.3034759930242,0.309566159176302),
 .UNSPECIFIED.);
#302=B_SPLINE_CURVE_WITH_KNOTS('',3,(#9822,#9823,#9824,#9825,#9826,#9827,
#9828,#9829),.UNSPECIFIED.,.F.,.F.,(4,2,2,4),(-0.303475993024198,-0.230038097375206,
-0.0752550177870567,2.14090093913649E-16),.UNSPECIFIED.);
#303=B_SPLINE_CURVE_WITH_KNOTS('',3,(#9832,#9833,#9834,#9835,#9836,#9837,
#9838,#9839),.UNSPECIFIED.,.F.,.F.,(4,2,2,4),(-2.14090093913649E-16,0.0752550177870567,
0.230038097375206,0.303475993024198),.UNSPECIFIED.);
#304=B_SPLINE_CURVE_WITH_KNOTS('',3,(#9901,#9902,#9903,#9904,#9905,#9906,
#9907,#9908,#9909,#9910,#9911,#9912,#9913),.UNSPECIFIED.,.F.,.F.,(4,2,1,
1,1,1,2,1,4),(-0.908619109063619,-0.835561197774925,-0.804978658290446,
-0.774396118805966,-0.743813579321487,-0.713231039837008,-0.682648500352528,
-0.639102661385669,-0.610072102074429),.UNSPECIFIED.);
#305=B_SPLINE_CURVE_WITH_KNOTS('',3,(#9914,#9915,#9916,#9917,#9918,#9919,
#9920,#9921,#9922,#9923,#9924,#9925,#9926),.UNSPECIFIED.,.F.,.F.,(4,1,2,
1,1,1,1,2,4),(0.610072102074429,0.639102661385669,0.682648500352528,0.713231039837008,
0.743813579321487,0.774396118805966,0.804978658290446,0.835561197774925,
0.908619109063619),.UNSPECIFIED.);
#306=B_SPLINE_CURVE_WITH_KNOTS('',3,(#9943,#9944,#9945,#9946),
 .UNSPECIFIED.,.F.,.F.,(4,4),(0.303475993024198,0.309566159176298),
 .UNSPECIFIED.);
#307=B_SPLINE_CURVE_WITH_KNOTS('',3,(#9947,#9948,#9949,#9950),
 .UNSPECIFIED.,.F.,.F.,(4,4),(-0.309566159176298,-0.303475993024198),
 .UNSPECIFIED.);
#308=B_SPLINE_CURVE_WITH_KNOTS('',3,(#9994,#9995,#9996,#9997),
 .UNSPECIFIED.,.F.,.F.,(4,4),(-0.915557724957754,-0.908619109042759),
 .UNSPECIFIED.);
#309=B_SPLINE_CURVE_WITH_KNOTS('',3,(#9998,#9999,#10000,#10001),
 .UNSPECIFIED.,.F.,.F.,(4,4),(0.908619109042759,0.915557724957754),
 .UNSPECIFIED.);
#310=B_SPLINE_CURVE_WITH_KNOTS('',3,(#10042,#10043,#10044,#10045,#10046,
#10047,#10048,#10049,#10050),.UNSPECIFIED.,.F.,.F.,(4,2,1,1,1,4),(-2.95964445527889E-32,
0.0742312146272424,0.128944104850172,0.183656995073101,0.265726330407495,
0.347795665741889),.UNSPECIFIED.);
#311=B_SPLINE_CURVE_WITH_KNOTS('',3,(#10053,#10054,#10055,#10056,#10057,
#10058,#10059,#10060,#10061),.UNSPECIFIED.,.F.,.F.,(4,1,1,1,2,4),(-0.347795665741889,
-0.265726330407495,-0.183656995073101,-0.128944104850172,-0.0742312146272424,
2.95964445527889E-32),.UNSPECIFIED.);
#312=B_SPLINE_CURVE_WITH_KNOTS('',3,(#10119,#10120,#10121,#10122,#10123,
#10124,#10125,#10126,#10127,#10128,#10129,#10130),.UNSPECIFIED.,.F.,.F.,
(4,2,2,1,1,1,1,4),(0.352124354755588,0.426710848537746,0.51562661739915,
0.544943430846898,0.574260244294646,0.603577057742395,0.632893871190143,
0.662210684637891),.UNSPECIFIED.);
#313=B_SPLINE_CURVE_WITH_KNOTS('',3,(#10131,#10132,#10133,#10134,#10135,
#10136,#10137,#10138,#10139,#10140,#10141,#10142),.UNSPECIFIED.,.F.,.F.,
(4,1,1,1,1,2,2,4),(-0.662210684637891,-0.632893871190143,-0.603577057742395,
-0.574260244294646,-0.544943430846898,-0.51562661739915,-0.426710848537746,
-0.352124354755588),.UNSPECIFIED.);
#314=B_SPLINE_CURVE_WITH_KNOTS('',3,(#10159,#10160,#10161,#10162),
 .UNSPECIFIED.,.F.,.F.,(4,4),(0.71887249109398,0.723170169109691),
 .UNSPECIFIED.);
#315=B_SPLINE_CURVE_WITH_KNOTS('',3,(#10163,#10164,#10165,#10166),
 .UNSPECIFIED.,.F.,.F.,(4,4),(-0.723170169109691,-0.71887249109398),
 .UNSPECIFIED.);
#316=B_SPLINE_CURVE_WITH_KNOTS('',3,(#10186,#10187,#10188,#10189),
 .UNSPECIFIED.,.F.,.F.,(4,4),(0.329115609049981,0.352124354755903),
 .UNSPECIFIED.);
#317=B_SPLINE_CURVE_WITH_KNOTS('',3,(#10190,#10191,#10192,#10193),
 .UNSPECIFIED.,.F.,.F.,(4,4),(-0.352124354755903,-0.329115609049981),
 .UNSPECIFIED.);
#318=B_SPLINE_CURVE_WITH_KNOTS('',3,(#10213,#10214,#10215,#10216),
 .UNSPECIFIED.,.F.,.F.,(4,4),(-0.95,-0.94857113690718),.UNSPECIFIED.);
#319=B_SPLINE_CURVE_WITH_KNOTS('',3,(#10217,#10218,#10219,#10220),
 .UNSPECIFIED.,.F.,.F.,(4,4),(0.94857113690718,0.95),.UNSPECIFIED.);
#320=B_SPLINE_CURVE_WITH_KNOTS('',3,(#10264,#10265,#10266,#10267),
 .UNSPECIFIED.,.F.,.F.,(4,4),(-0.0058076116142381,0.),.UNSPECIFIED.);
#321=B_SPLINE_CURVE_WITH_KNOTS('',3,(#10268,#10269,#10270,#10271),
 .UNSPECIFIED.,.F.,.F.,(4,4),(0.,0.0058076116142381),.UNSPECIFIED.);
#322=B_SPLINE_CURVE_WITH_KNOTS('',3,(#10354,#10355,#10356,#10357),
 .UNSPECIFIED.,.F.,.F.,(4,4),(0.,0.132620033292585),.UNSPECIFIED.);
#323=B_SPLINE_CURVE_WITH_KNOTS('',3,(#10448,#10449,#10450,#10451,#10452,
#10453,#10454,#10455),.UNSPECIFIED.,.F.,.F.,(4,2,2,4),(-0.335765195859622,
-0.263655668336715,-0.131827834168358,0.),.UNSPECIFIED.);
#324=B_SPLINE_CURVE_WITH_KNOTS('',3,(#10457,#10458,#10459,#10460,#10461,
#10462,#10463,#10464),.UNSPECIFIED.,.F.,.F.,(4,2,2,4),(0.,0.131827834168358,
0.263655668336715,0.335765195774371),.UNSPECIFIED.);
#325=B_SPLINE_CURVE_WITH_KNOTS('',3,(#10597,#10598,#10599,#10600,#10601,
#10602),.UNSPECIFIED.,.F.,.F.,(4,2,4),(0.817828214293762,0.834176113048628,
0.909533378142915),.UNSPECIFIED.);
#326=B_SPLINE_CURVE_WITH_KNOTS('',3,(#10704,#10705,#10706,#10707,#10708,
#10709,#10710,#10711,#10712,#10713),.UNSPECIFIED.,.F.,.F.,(4,2,2,2,4),(-0.310681670566584,
-0.230589039343772,-0.15049640812096,-0.0752482040604801,0.),
 .UNSPECIFIED.);
#327=B_SPLINE_CURVE_WITH_KNOTS('',3,(#10716,#10717,#10718,#10719,#10720,
#10721,#10722,#10723,#10724,#10725),.UNSPECIFIED.,.F.,.F.,(4,2,2,2,4),(0.,
0.0752482040604801,0.15049640812096,0.230589039343771,0.310681670566583),
 .UNSPECIFIED.);
#328=B_SPLINE_CURVE_WITH_KNOTS('',3,(#10938,#10939,#10940,#10941,#10942,
#10943),.UNSPECIFIED.,.F.,.F.,(4,2,4),(0.,0.0821071400400409,0.118237328334776),
 .UNSPECIFIED.);
#329=B_SPLINE_CURVE_WITH_KNOTS('',3,(#10980,#10981,#10982,#10983),
 .UNSPECIFIED.,.F.,.F.,(4,4),(0.11780809463062,0.288345569236225),
 .UNSPECIFIED.);
#330=B_SPLINE_CURVE_WITH_KNOTS('',3,(#10986,#10987,#10988,#10989),
 .UNSPECIFIED.,.F.,.F.,(4,4),(-0.288345569236225,-0.11780809463062),
 .UNSPECIFIED.);
#331=B_SPLINE_CURVE_WITH_KNOTS('',3,(#11021,#11022,#11023,#11024,#11025,
#11026),.UNSPECIFIED.,.F.,.F.,(4,2,4),(0.252094339749197,0.302406932729683,
0.368900367806541),.UNSPECIFIED.);
#332=B_SPLINE_CURVE_WITH_KNOTS('',3,(#11051,#11052,#11053,#11054),
 .UNSPECIFIED.,.F.,.F.,(4,4),(-0.132620033292585,-0.0220730271294959),
 .UNSPECIFIED.);
#333=B_SPLINE_CURVE_WITH_KNOTS('',3,(#11064,#11065,#11066,#11067,#11068,
#11069),.UNSPECIFIED.,.F.,.F.,(4,2,4),(-0.118237328334776,-0.0821071400400413,
0.),.UNSPECIFIED.);
#334=B_SPLINE_SURFACE_WITH_KNOTS('',3,3,((#8069,#8070,#8071,#8072,#8073,
#8074,#8075,#8076,#8077,#8078,#8079),(#8080,#8081,#8082,#8083,#8084,#8085,
#8086,#8087,#8088,#8089,#8090),(#8091,#8092,#8093,#8094,#8095,#8096,#8097,
#8098,#8099,#8100,#8101),(#8102,#8103,#8104,#8105,#8106,#8107,#8108,#8109,
#8110,#8111,#8112)),.UNSPECIFIED.,.F.,.F.,.F.,(4,4),(4,1,1,2,1,1,1,4),(0.,
1.),(0.311525095085239,0.371901601047251,0.417183980518759,0.462466359990268,
0.477226934198685,0.491987508407101,0.551029805240765,0.610072102074429),
 .UNSPECIFIED.);
#335=B_SPLINE_SURFACE_WITH_KNOTS('',3,3,((#8147,#8148,#8149,#8150,#8151,
#8152,#8153,#8154,#8155),(#8156,#8157,#8158,#8159,#8160,#8161,#8162,#8163,
#8164),(#8165,#8166,#8167,#8168,#8169,#8170,#8171,#8172,#8173),(#8174,#8175,
#8176,#8177,#8178,#8179,#8180,#8181,#8182)),.UNSPECIFIED.,.F.,.F.,.F.,(4,
4),(4,2,2,1,4),(0.,1.),(-0.3034759930242,-0.230038097375206,-0.150510035574113,
-0.0752550177870567,2.77555756156311E-17),.UNSPECIFIED.);
#336=B_SPLINE_SURFACE_WITH_KNOTS('',3,3,((#8204,#8205,#8206,#8207),(#8208,
#8209,#8210,#8211),(#8212,#8213,#8214,#8215),(#8216,#8217,#8218,#8219)),
 .UNSPECIFIED.,.F.,.F.,.F.,(4,4),(4,4),(0.,1.),(0.304586479191104,0.311525099767343),
 .UNSPECIFIED.);
#337=B_SPLINE_SURFACE_WITH_KNOTS('',3,3,((#8237,#8238,#8239,#8240),(#8241,
#8242,#8243,#8244),(#8245,#8246,#8247,#8248),(#8249,#8250,#8251,#8252)),
 .UNSPECIFIED.,.F.,.F.,.F.,(4,4),(4,4),(0.,1.),(0.3034759930242,0.309566159176302),
 .UNSPECIFIED.);
#338=B_SPLINE_SURFACE_WITH_KNOTS('',3,3,((#8261,#8262,#8263,#8264,#8265,
#8266,#8267,#8268),(#8269,#8270,#8271,#8272,#8273,#8274,#8275,#8276),(#8277,
#8278,#8279,#8280,#8281,#8282,#8283,#8284),(#8285,#8286,#8287,#8288,#8289,
#8290,#8291,#8292)),.UNSPECIFIED.,.F.,.F.,.F.,(4,4),(4,2,2,4),(0.,1.),(-2.14090093913649E-16,
0.0752550177870567,0.230038097375206,0.303475993024198),.UNSPECIFIED.);
#339=B_SPLINE_SURFACE_WITH_KNOTS('',3,3,((#8321,#8322,#8323,#8324,#8325,
#8326,#8327,#8328,#8329,#8330,#8331,#8332,#8333),(#8334,#8335,#8336,#8337,
#8338,#8339,#8340,#8341,#8342,#8343,#8344,#8345,#8346),(#8347,#8348,#8349,
#8350,#8351,#8352,#8353,#8354,#8355,#8356,#8357,#8358,#8359),(#8360,#8361,
#8362,#8363,#8364,#8365,#8366,#8367,#8368,#8369,#8370,#8371,#8372)),
 .UNSPECIFIED.,.F.,.F.,.F.,(4,4),(4,1,2,1,1,1,1,2,4),(0.,1.),(0.610072102074429,
0.639102661385669,0.682648500352528,0.713231039837008,0.743813579321487,
0.774396118805966,0.804978658290446,0.835561197774925,0.908619109063619),
 .UNSPECIFIED.);
#340=B_SPLINE_SURFACE_WITH_KNOTS('',3,3,((#8402,#8403,#8404,#8405),(#8406,
#8407,#8408,#8409),(#8410,#8411,#8412,#8413),(#8414,#8415,#8416,#8417)),
 .UNSPECIFIED.,.F.,.F.,.F.,(4,4),(4,4),(0.,1.),(-0.309566159176298,-0.303475993024198),
 .UNSPECIFIED.);
#341=B_SPLINE_SURFACE_WITH_KNOTS('',3,3,((#8453,#8454,#8455,#8456),(#8457,
#8458,#8459,#8460),(#8461,#8462,#8463,#8464),(#8465,#8466,#8467,#8468)),
 .UNSPECIFIED.,.F.,.F.,.F.,(4,4),(4,4),(0.,1.),(0.908619109042759,0.915557724957754),
 .UNSPECIFIED.);
#342=B_SPLINE_SURFACE_WITH_KNOTS('',3,3,((#8477,#8478,#8479,#8480,#8481,
#8482,#8483,#8484,#8485),(#8486,#8487,#8488,#8489,#8490,#8491,#8492,#8493,
#8494),(#8495,#8496,#8497,#8498,#8499,#8500,#8501,#8502,#8503),(#8504,#8505,
#8506,#8507,#8508,#8509,#8510,#8511,#8512)),.UNSPECIFIED.,.F.,.F.,.F.,(4,
4),(4,1,1,1,2,4),(0.,1.),(-0.347795665741889,-0.265726330407495,-0.183656995073101,
-0.128944104850172,-0.0742312146272424,2.95964445527889E-32),
 .UNSPECIFIED.);
#343=B_SPLINE_SURFACE_WITH_KNOTS('',3,3,((#8543,#8544,#8545,#8546,#8547,
#8548,#8549,#8550,#8551,#8552,#8553,#8554),(#8555,#8556,#8557,#8558,#8559,
#8560,#8561,#8562,#8563,#8564,#8565,#8566),(#8567,#8568,#8569,#8570,#8571,
#8572,#8573,#8574,#8575,#8576,#8577,#8578),(#8579,#8580,#8581,#8582,#8583,
#8584,#8585,#8586,#8587,#8588,#8589,#8590)),.UNSPECIFIED.,.F.,.F.,.F.,(4,
4),(4,2,2,1,1,1,1,4),(0.,1.),(0.352124354755588,0.426710848537746,0.51562661739915,
0.544943430846898,0.574260244294646,0.603577057742395,0.632893871190143,
0.662210684637891),.UNSPECIFIED.);
#344=B_SPLINE_SURFACE_WITH_KNOTS('',3,3,((#8618,#8619,#8620,#8621),(#8622,
#8623,#8624,#8625),(#8626,#8627,#8628,#8629),(#8630,#8631,#8632,#8633)),
 .UNSPECIFIED.,.F.,.F.,.F.,(4,4),(4,4),(0.,1.),(-0.723170169109691,-0.71887249109398),
 .UNSPECIFIED.);
#345=B_SPLINE_SURFACE_WITH_KNOTS('',3,3,((#8642,#8643,#8644,#8645),(#8646,
#8647,#8648,#8649),(#8650,#8651,#8652,#8653),(#8654,#8655,#8656,#8657)),
 .UNSPECIFIED.,.F.,.F.,.F.,(4,4),(4,4),(0.,1.),(-0.352124354755903,-0.329115609049981),
 .UNSPECIFIED.);
#346=B_SPLINE_SURFACE_WITH_KNOTS('',3,3,((#8669,#8670,#8671,#8672),(#8673,
#8674,#8675,#8676),(#8677,#8678,#8679,#8680),(#8681,#8682,#8683,#8684)),
 .UNSPECIFIED.,.F.,.F.,.F.,(4,4),(4,4),(0.,1.),(0.94857113690718,0.95),
 .UNSPECIFIED.);
#347=B_SPLINE_SURFACE_WITH_KNOTS('',3,3,((#8723,#8724,#8725,#8726),(#8727,
#8728,#8729,#8730),(#8731,#8732,#8733,#8734),(#8735,#8736,#8737,#8738)),
 .UNSPECIFIED.,.F.,.F.,.F.,(4,4),(4,4),(0.,1.),(0.,0.0058076116142381),
 .UNSPECIFIED.);
#348=B_SPLINE_SURFACE_WITH_KNOTS('',3,3,((#8888,#8889,#8890,#8891),(#8892,
#8893,#8894,#8895),(#8896,#8897,#8898,#8899),(#8900,#8901,#8902,#8903),
(#8904,#8905,#8906,#8907)),.UNSPECIFIED.,.F.,.F.,.F.,(4,1,4),(4,4),(0.,
0.571428571428571,1.),(-0.941921401299849,-3.77475828372553E-15),
 .UNSPECIFIED.);
#349=B_SPLINE_SURFACE_WITH_KNOTS('',3,3,((#8922,#8923,#8924,#8925,#8926),
(#8927,#8928,#8929,#8930,#8931),(#8932,#8933,#8934,#8935,#8936),(#8937,
#8938,#8939,#8940,#8941),(#8942,#8943,#8944,#8945,#8946)),.UNSPECIFIED.,
 .F.,.F.,.F.,(4,1,4),(4,1,4),(0.,0.571428571428571,1.),(-0.0477072136319082,
0.517794852043379,0.941921401299845),.UNSPECIFIED.);
#350=B_SPLINE_SURFACE_WITH_KNOTS('',3,3,((#9321,#9322,#9323,#9324),(#9325,
#9326,#9327,#9328),(#9329,#9330,#9331,#9332),(#9333,#9334,#9335,#9336),
(#9337,#9338,#9339,#9340)),.UNSPECIFIED.,.F.,.F.,.F.,(4,1,4),(4,4),(0.,
0.571428571428571,1.),(0.11780809463062,0.288345569236225),
 .UNSPECIFIED.);
#351=B_SPLINE_SURFACE_WITH_KNOTS('',3,3,((#9354,#9355,#9356,#9357),(#9358,
#9359,#9360,#9361),(#9362,#9363,#9364,#9365),(#9366,#9367,#9368,#9369),
(#9370,#9371,#9372,#9373)),.UNSPECIFIED.,.F.,.F.,.F.,(4,1,4),(4,4),(0.,
0.571428571428571,1.),(-4.84292886972734,-4.71238898038468),
 .UNSPECIFIED.);
#352=B_SPLINE_SURFACE_WITH_KNOTS('',3,3,((#9395,#9396,#9397,#9398),(#9399,
#9400,#9401,#9402),(#9403,#9404,#9405,#9406),(#9407,#9408,#9409,#9410),
(#9411,#9412,#9413,#9414)),.UNSPECIFIED.,.F.,.F.,.F.,(4,1,4),(4,4),(0.,
0.571428571428571,1.),(0.,0.132620033292585),.UNSPECIFIED.);
#353=B_SPLINE_SURFACE_WITH_KNOTS('',3,3,((#9594,#9595,#9596,#9597,#9598,
#9599,#9600,#9601,#9602,#9603,#9604),(#9605,#9606,#9607,#9608,#9609,#9610,
#9611,#9612,#9613,#9614,#9615),(#9616,#9617,#9618,#9619,#9620,#9621,#9622,
#9623,#9624,#9625,#9626),(#9627,#9628,#9629,#9630,#9631,#9632,#9633,#9634,
#9635,#9636,#9637)),.UNSPECIFIED.,.F.,.F.,.F.,(4,4),(4,1,1,2,1,1,1,4),(0.,
1.),(0.311525095085239,0.371901601047251,0.417183980518759,0.462466359990268,
0.477226934198685,0.491987508407101,0.551029805240765,0.610072102074429),
 .UNSPECIFIED.);
#354=B_SPLINE_SURFACE_WITH_KNOTS('',3,3,((#9672,#9673,#9674,#9675,#9676,
#9677,#9678,#9679,#9680),(#9681,#9682,#9683,#9684,#9685,#9686,#9687,#9688,
#9689),(#9690,#9691,#9692,#9693,#9694,#9695,#9696,#9697,#9698),(#9699,#9700,
#9701,#9702,#9703,#9704,#9705,#9706,#9707)),.UNSPECIFIED.,.F.,.F.,.F.,(4,
4),(4,2,2,1,4),(0.,1.),(-0.3034759930242,-0.230038097375206,-0.150510035574113,
-0.0752550177870567,2.77555756156311E-17),.UNSPECIFIED.);
#355=B_SPLINE_SURFACE_WITH_KNOTS('',3,3,((#9729,#9730,#9731,#9732),(#9733,
#9734,#9735,#9736),(#9737,#9738,#9739,#9740),(#9741,#9742,#9743,#9744)),
 .UNSPECIFIED.,.F.,.F.,.F.,(4,4),(4,4),(0.,1.),(0.304586479191104,0.311525099767343),
 .UNSPECIFIED.);
#356=B_SPLINE_SURFACE_WITH_KNOTS('',3,3,((#9762,#9763,#9764,#9765),(#9766,
#9767,#9768,#9769),(#9770,#9771,#9772,#9773),(#9774,#9775,#9776,#9777)),
 .UNSPECIFIED.,.F.,.F.,.F.,(4,4),(4,4),(0.,1.),(0.3034759930242,0.309566159176302),
 .UNSPECIFIED.);
#357=B_SPLINE_SURFACE_WITH_KNOTS('',3,3,((#9786,#9787,#9788,#9789,#9790,
#9791,#9792,#9793),(#9794,#9795,#9796,#9797,#9798,#9799,#9800,#9801),(#9802,
#9803,#9804,#9805,#9806,#9807,#9808,#9809),(#9810,#9811,#9812,#9813,#9814,
#9815,#9816,#9817)),.UNSPECIFIED.,.F.,.F.,.F.,(4,4),(4,2,2,4),(0.,1.),(-2.14090093913649E-16,
0.0752550177870567,0.230038097375206,0.303475993024198),.UNSPECIFIED.);
#358=B_SPLINE_SURFACE_WITH_KNOTS('',3,3,((#9846,#9847,#9848,#9849,#9850,
#9851,#9852,#9853,#9854,#9855,#9856,#9857,#9858),(#9859,#9860,#9861,#9862,
#9863,#9864,#9865,#9866,#9867,#9868,#9869,#9870,#9871),(#9872,#9873,#9874,
#9875,#9876,#9877,#9878,#9879,#9880,#9881,#9882,#9883,#9884),(#9885,#9886,
#9887,#9888,#9889,#9890,#9891,#9892,#9893,#9894,#9895,#9896,#9897)),
 .UNSPECIFIED.,.F.,.F.,.F.,(4,4),(4,1,2,1,1,1,1,2,4),(0.,1.),(0.610072102074429,
0.639102661385669,0.682648500352528,0.713231039837008,0.743813579321487,
0.774396118805966,0.804978658290446,0.835561197774925,0.908619109063619),
 .UNSPECIFIED.);
#359=B_SPLINE_SURFACE_WITH_KNOTS('',3,3,((#9927,#9928,#9929,#9930),(#9931,
#9932,#9933,#9934),(#9935,#9936,#9937,#9938),(#9939,#9940,#9941,#9942)),
 .UNSPECIFIED.,.F.,.F.,.F.,(4,4),(4,4),(0.,1.),(-0.309566159176298,-0.303475993024198),
 .UNSPECIFIED.);
#360=B_SPLINE_SURFACE_WITH_KNOTS('',3,3,((#9978,#9979,#9980,#9981),(#9982,
#9983,#9984,#9985),(#9986,#9987,#9988,#9989),(#9990,#9991,#9992,#9993)),
 .UNSPECIFIED.,.F.,.F.,.F.,(4,4),(4,4),(0.,1.),(0.908619109042759,0.915557724957754),
 .UNSPECIFIED.);
#361=B_SPLINE_SURFACE_WITH_KNOTS('',3,3,((#10002,#10003,#10004,#10005,#10006,
#10007,#10008,#10009,#10010),(#10011,#10012,#10013,#10014,#10015,#10016,
#10017,#10018,#10019),(#10020,#10021,#10022,#10023,#10024,#10025,#10026,
#10027,#10028),(#10029,#10030,#10031,#10032,#10033,#10034,#10035,#10036,
#10037)),.UNSPECIFIED.,.F.,.F.,.F.,(4,4),(4,1,1,1,2,4),(0.,1.),(-0.347795665741889,
-0.265726330407495,-0.183656995073101,-0.128944104850172,-0.0742312146272424,
2.95964445527889E-32),.UNSPECIFIED.);
#362=B_SPLINE_SURFACE_WITH_KNOTS('',3,3,((#10068,#10069,#10070,#10071,#10072,
#10073,#10074,#10075,#10076,#10077,#10078,#10079),(#10080,#10081,#10082,
#10083,#10084,#10085,#10086,#10087,#10088,#10089,#10090,#10091),(#10092,
#10093,#10094,#10095,#10096,#10097,#10098,#10099,#10100,#10101,#10102,#10103),
(#10104,#10105,#10106,#10107,#10108,#10109,#10110,#10111,#10112,#10113,
#10114,#10115)),.UNSPECIFIED.,.F.,.F.,.F.,(4,4),(4,2,2,1,1,1,1,4),(0.,1.),
(0.352124354755588,0.426710848537746,0.51562661739915,0.544943430846898,
0.574260244294646,0.603577057742395,0.632893871190143,0.662210684637891),
 .UNSPECIFIED.);
#363=B_SPLINE_SURFACE_WITH_KNOTS('',3,3,((#10143,#10144,#10145,#10146),
(#10147,#10148,#10149,#10150),(#10151,#10152,#10153,#10154),(#10155,#10156,
#10157,#10158)),.UNSPECIFIED.,.F.,.F.,.F.,(4,4),(4,4),(0.,1.),(-0.723170169109691,
-0.71887249109398),.UNSPECIFIED.);
#364=B_SPLINE_SURFACE_WITH_KNOTS('',3,3,((#10167,#10168,#10169,#10170),
(#10171,#10172,#10173,#10174),(#10175,#10176,#10177,#10178),(#10179,#10180,
#10181,#10182)),.UNSPECIFIED.,.F.,.F.,.F.,(4,4),(4,4),(0.,1.),(-0.352124354755903,
-0.329115609049981),.UNSPECIFIED.);
#365=B_SPLINE_SURFACE_WITH_KNOTS('',3,3,((#10194,#10195,#10196,#10197),
(#10198,#10199,#10200,#10201),(#10202,#10203,#10204,#10205),(#10206,#10207,
#10208,#10209)),.UNSPECIFIED.,.F.,.F.,.F.,(4,4),(4,4),(0.,1.),(0.94857113690718,
0.95),.UNSPECIFIED.);
#366=B_SPLINE_SURFACE_WITH_KNOTS('',3,3,((#10248,#10249,#10250,#10251),
(#10252,#10253,#10254,#10255),(#10256,#10257,#10258,#10259),(#10260,#10261,
#10262,#10263)),.UNSPECIFIED.,.F.,.F.,.F.,(4,4),(4,4),(0.,1.),(0.,0.0058076116142381),
 .UNSPECIFIED.);
#367=B_SPLINE_SURFACE_WITH_KNOTS('',3,3,((#10484,#10485,#10486,#10487),
(#10488,#10489,#10490,#10491),(#10492,#10493,#10494,#10495),(#10496,#10497,
#10498,#10499),(#10500,#10501,#10502,#10503)),.UNSPECIFIED.,.F.,.F.,.F.,
(4,1,4),(4,4),(0.,0.571428571428571,1.),(-0.941921401299849,-3.77475828372553E-15),
 .UNSPECIFIED.);
#368=B_SPLINE_SURFACE_WITH_KNOTS('',3,3,((#10518,#10519,#10520,#10521,#10522),
(#10523,#10524,#10525,#10526,#10527),(#10528,#10529,#10530,#10531,#10532),
(#10533,#10534,#10535,#10536,#10537),(#10538,#10539,#10540,#10541,#10542)),
 .UNSPECIFIED.,.F.,.F.,.F.,(4,1,4),(4,1,4),(0.,0.571428571428571,1.),(-0.0477072136319082,
0.517794852043379,0.941921401299845),.UNSPECIFIED.);
#369=B_SPLINE_SURFACE_WITH_KNOTS('',3,3,((#10957,#10958,#10959,#10960),
(#10961,#10962,#10963,#10964),(#10965,#10966,#10967,#10968),(#10969,#10970,
#10971,#10972),(#10973,#10974,#10975,#10976)),.UNSPECIFIED.,.F.,.F.,.F.,
(4,1,4),(4,4),(0.,0.571428571428571,1.),(0.11780809463062,0.288345569236225),
 .UNSPECIFIED.);
#370=B_SPLINE_SURFACE_WITH_KNOTS('',3,3,((#10990,#10991,#10992,#10993),
(#10994,#10995,#10996,#10997),(#10998,#10999,#11000,#11001),(#11002,#11003,
#11004,#11005),(#11006,#11007,#11008,#11009)),.UNSPECIFIED.,.F.,.F.,.F.,
(4,1,4),(4,4),(0.,0.571428571428571,1.),(-4.84292886972734,-4.71238898038468),
 .UNSPECIFIED.);
#371=B_SPLINE_SURFACE_WITH_KNOTS('',3,3,((#11031,#11032,#11033,#11034),
(#11035,#11036,#11037,#11038),(#11039,#11040,#11041,#11042),(#11043,#11044,
#11045,#11046),(#11047,#11048,#11049,#11050)),.UNSPECIFIED.,.F.,.F.,.F.,
(4,1,4),(4,4),(0.,0.571428571428571,1.),(0.,0.132620033292585),
 .UNSPECIFIED.);
#372=PLANE('',#5711);
#373=PLANE('',#5712);
#374=PLANE('',#5716);
#375=PLANE('',#5717);
#376=PLANE('',#5727);
#377=PLANE('',#5731);
#378=PLANE('',#5735);
#379=PLANE('',#5745);
#380=PLANE('',#5750);
#381=PLANE('',#5768);
#382=PLANE('',#5770);
#383=PLANE('',#5772);
#384=PLANE('',#5773);
#385=PLANE('',#5776);
#386=PLANE('',#5779);
#387=PLANE('',#5783);
#388=PLANE('',#5784);
#389=PLANE('',#5811);
#390=PLANE('',#5818);
#391=PLANE('',#5820);
#392=PLANE('',#5851);
#393=PLANE('',#5859);
#394=PLANE('',#5872);
#395=PLANE('',#5880);
#396=PLANE('',#5886);
#397=PLANE('',#5892);
#398=PLANE('',#5897);
#399=PLANE('',#5904);
#400=PLANE('',#5917);
#401=PLANE('',#5937);
#402=PLANE('',#5938);
#403=PLANE('',#5943);
#404=PLANE('',#5951);
#405=PLANE('',#5971);
#406=PLANE('',#5972);
#407=PLANE('',#5973);
#408=PLANE('',#5976);
#409=PLANE('',#5981);
#410=PLANE('',#5985);
#411=PLANE('',#6010);
#412=PLANE('',#6011);
#413=PLANE('',#6015);
#414=PLANE('',#6016);
#415=PLANE('',#6026);
#416=PLANE('',#6030);
#417=PLANE('',#6034);
#418=PLANE('',#6042);
#419=PLANE('',#6054);
#420=PLANE('',#6059);
#421=PLANE('',#6081);
#422=PLANE('',#6082);
#423=PLANE('',#6083);
#424=PLANE('',#6086);
#425=PLANE('',#6087);
#426=PLANE('',#6088);
#427=PLANE('',#6089);
#428=PLANE('',#6090);
#429=PLANE('',#6093);
#430=PLANE('',#6096);
#431=PLANE('',#6102);
#432=PLANE('',#6103);
#433=PLANE('',#6106);
#434=PLANE('',#6111);
#435=PLANE('',#6114);
#436=PLANE('',#6115);
#437=PLANE('',#6142);
#438=PLANE('',#6149);
#439=PLANE('',#6151);
#440=PLANE('',#6184);
#441=PLANE('',#6191);
#442=PLANE('',#6203);
#443=PLANE('',#6219);
#444=PLANE('',#6227);
#445=PLANE('',#6233);
#446=PLANE('',#6239);
#447=PLANE('',#6244);
#448=PLANE('',#6249);
#449=PLANE('',#6266);
#450=PLANE('',#6273);
#451=PLANE('',#6292);
#452=PLANE('',#6293);
#453=PLANE('',#6295);
#454=PLANE('',#6299);
#455=PLANE('',#6304);
#456=PLANE('',#6307);
#457=PLANE('',#6318);
#458=PLANE('',#6319);
#459=PLANE('',#6320);
#460=PLANE('',#6321);
#461=PLANE('',#6324);
#462=PLANE('',#6326);
#463=PLANE('',#6329);
#464=PLANE('',#6330);
#465=PLANE('',#6333);
#466=FACE_OUTER_BOUND('',#799,.T.);
#467=FACE_OUTER_BOUND('',#800,.T.);
#468=FACE_OUTER_BOUND('',#801,.T.);
#469=FACE_OUTER_BOUND('',#802,.T.);
#470=FACE_OUTER_BOUND('',#803,.T.);
#471=FACE_OUTER_BOUND('',#804,.T.);
#472=FACE_OUTER_BOUND('',#805,.T.);
#473=FACE_OUTER_BOUND('',#806,.T.);
#474=FACE_OUTER_BOUND('',#807,.T.);
#475=FACE_OUTER_BOUND('',#808,.T.);
#476=FACE_OUTER_BOUND('',#809,.T.);
#477=FACE_OUTER_BOUND('',#810,.T.);
#478=FACE_OUTER_BOUND('',#811,.T.);
#479=FACE_OUTER_BOUND('',#812,.T.);
#480=FACE_OUTER_BOUND('',#813,.T.);
#481=FACE_OUTER_BOUND('',#814,.T.);
#482=FACE_OUTER_BOUND('',#815,.T.);
#483=FACE_OUTER_BOUND('',#816,.T.);
#484=FACE_OUTER_BOUND('',#817,.T.);
#485=FACE_OUTER_BOUND('',#818,.T.);
#486=FACE_OUTER_BOUND('',#819,.T.);
#487=FACE_OUTER_BOUND('',#820,.T.);
#488=FACE_OUTER_BOUND('',#821,.T.);
#489=FACE_OUTER_BOUND('',#822,.T.);
#490=FACE_OUTER_BOUND('',#823,.T.);
#491=FACE_OUTER_BOUND('',#824,.T.);
#492=FACE_OUTER_BOUND('',#825,.T.);
#493=FACE_OUTER_BOUND('',#826,.T.);
#494=FACE_OUTER_BOUND('',#827,.T.);
#495=FACE_OUTER_BOUND('',#828,.T.);
#496=FACE_OUTER_BOUND('',#829,.T.);
#497=FACE_OUTER_BOUND('',#830,.T.);
#498=FACE_OUTER_BOUND('',#831,.T.);
#499=FACE_OUTER_BOUND('',#832,.T.);
#500=FACE_OUTER_BOUND('',#833,.T.);
#501=FACE_OUTER_BOUND('',#834,.T.);
#502=FACE_OUTER_BOUND('',#835,.T.);
#503=FACE_OUTER_BOUND('',#837,.T.);
#504=FACE_OUTER_BOUND('',#838,.T.);
#505=FACE_OUTER_BOUND('',#839,.T.);
#506=FACE_OUTER_BOUND('',#840,.T.);
#507=FACE_OUTER_BOUND('',#841,.T.);
#508=FACE_OUTER_BOUND('',#842,.T.);
#509=FACE_OUTER_BOUND('',#843,.T.);
#510=FACE_OUTER_BOUND('',#844,.T.);
#511=FACE_OUTER_BOUND('',#845,.T.);
#512=FACE_OUTER_BOUND('',#846,.T.);
#513=FACE_OUTER_BOUND('',#847,.T.);
#514=FACE_OUTER_BOUND('',#848,.T.);
#515=FACE_OUTER_BOUND('',#849,.T.);
#516=FACE_OUTER_BOUND('',#850,.T.);
#517=FACE_OUTER_BOUND('',#851,.T.);
#518=FACE_OUTER_BOUND('',#852,.T.);
#519=FACE_OUTER_BOUND('',#853,.T.);
#520=FACE_OUTER_BOUND('',#854,.T.);
#521=FACE_OUTER_BOUND('',#855,.T.);
#522=FACE_OUTER_BOUND('',#856,.T.);
#523=FACE_OUTER_BOUND('',#857,.T.);
#524=FACE_OUTER_BOUND('',#858,.T.);
#525=FACE_OUTER_BOUND('',#859,.T.);
#526=FACE_OUTER_BOUND('',#860,.T.);
#527=FACE_OUTER_BOUND('',#861,.T.);
#528=FACE_OUTER_BOUND('',#862,.T.);
#529=FACE_OUTER_BOUND('',#863,.T.);
#530=FACE_OUTER_BOUND('',#864,.T.);
#531=FACE_OUTER_BOUND('',#865,.T.);
#532=FACE_OUTER_BOUND('',#866,.T.);
#533=FACE_OUTER_BOUND('',#867,.T.);
#534=FACE_OUTER_BOUND('',#868,.T.);
#535=FACE_OUTER_BOUND('',#869,.T.);
#536=FACE_OUTER_BOUND('',#870,.T.);
#537=FACE_OUTER_BOUND('',#871,.T.);
#538=FACE_OUTER_BOUND('',#874,.T.);
#539=FACE_OUTER_BOUND('',#875,.T.);
#540=FACE_OUTER_BOUND('',#876,.T.);
#541=FACE_OUTER_BOUND('',#877,.T.);
#542=FACE_OUTER_BOUND('',#878,.T.);
#543=FACE_OUTER_BOUND('',#879,.T.);
#544=FACE_OUTER_BOUND('',#880,.T.);
#545=FACE_OUTER_BOUND('',#881,.T.);
#546=FACE_OUTER_BOUND('',#882,.T.);
#547=FACE_OUTER_BOUND('',#883,.T.);
#548=FACE_OUTER_BOUND('',#884,.T.);
#549=FACE_OUTER_BOUND('',#885,.T.);
#550=FACE_OUTER_BOUND('',#886,.T.);
#551=FACE_OUTER_BOUND('',#887,.T.);
#552=FACE_OUTER_BOUND('',#888,.T.);
#553=FACE_OUTER_BOUND('',#889,.T.);
#554=FACE_OUTER_BOUND('',#890,.T.);
#555=FACE_OUTER_BOUND('',#891,.T.);
#556=FACE_OUTER_BOUND('',#892,.T.);
#557=FACE_OUTER_BOUND('',#893,.T.);
#558=FACE_OUTER_BOUND('',#894,.T.);
#559=FACE_OUTER_BOUND('',#895,.T.);
#560=FACE_OUTER_BOUND('',#896,.T.);
#561=FACE_OUTER_BOUND('',#897,.T.);
#562=FACE_OUTER_BOUND('',#898,.T.);
#563=FACE_OUTER_BOUND('',#899,.T.);
#564=FACE_OUTER_BOUND('',#900,.T.);
#565=FACE_OUTER_BOUND('',#901,.T.);
#566=FACE_OUTER_BOUND('',#902,.T.);
#567=FACE_OUTER_BOUND('',#903,.T.);
#568=FACE_OUTER_BOUND('',#904,.T.);
#569=FACE_OUTER_BOUND('',#905,.T.);
#570=FACE_OUTER_BOUND('',#906,.T.);
#571=FACE_OUTER_BOUND('',#907,.T.);
#572=FACE_OUTER_BOUND('',#908,.T.);
#573=FACE_OUTER_BOUND('',#909,.T.);
#574=FACE_OUTER_BOUND('',#910,.T.);
#575=FACE_OUTER_BOUND('',#911,.T.);
#576=FACE_OUTER_BOUND('',#912,.T.);
#577=FACE_OUTER_BOUND('',#913,.T.);
#578=FACE_OUTER_BOUND('',#914,.T.);
#579=FACE_OUTER_BOUND('',#915,.T.);
#580=FACE_OUTER_BOUND('',#916,.T.);
#581=FACE_OUTER_BOUND('',#917,.T.);
#582=FACE_OUTER_BOUND('',#918,.T.);
#583=FACE_OUTER_BOUND('',#919,.T.);
#584=FACE_OUTER_BOUND('',#920,.T.);
#585=FACE_OUTER_BOUND('',#921,.T.);
#586=FACE_OUTER_BOUND('',#922,.T.);
#587=FACE_OUTER_BOUND('',#923,.T.);
#588=FACE_OUTER_BOUND('',#924,.T.);
#589=FACE_OUTER_BOUND('',#925,.T.);
#590=FACE_OUTER_BOUND('',#926,.T.);
#591=FACE_OUTER_BOUND('',#927,.T.);
#592=FACE_OUTER_BOUND('',#928,.T.);
#593=FACE_OUTER_BOUND('',#929,.T.);
#594=FACE_OUTER_BOUND('',#930,.T.);
#595=FACE_OUTER_BOUND('',#931,.T.);
#596=FACE_OUTER_BOUND('',#932,.T.);
#597=FACE_OUTER_BOUND('',#933,.T.);
#598=FACE_OUTER_BOUND('',#935,.T.);
#599=FACE_OUTER_BOUND('',#936,.T.);
#600=FACE_OUTER_BOUND('',#937,.T.);
#601=FACE_OUTER_BOUND('',#938,.T.);
#602=FACE_OUTER_BOUND('',#939,.T.);
#603=FACE_OUTER_BOUND('',#940,.T.);
#604=FACE_OUTER_BOUND('',#941,.T.);
#605=FACE_OUTER_BOUND('',#942,.T.);
#606=FACE_OUTER_BOUND('',#943,.T.);
#607=FACE_OUTER_BOUND('',#944,.T.);
#608=FACE_OUTER_BOUND('',#945,.T.);
#609=FACE_OUTER_BOUND('',#946,.T.);
#610=FACE_OUTER_BOUND('',#947,.T.);
#611=FACE_OUTER_BOUND('',#948,.T.);
#612=FACE_OUTER_BOUND('',#949,.T.);
#613=FACE_OUTER_BOUND('',#950,.T.);
#614=FACE_OUTER_BOUND('',#951,.T.);
#615=FACE_OUTER_BOUND('',#953,.T.);
#616=FACE_OUTER_BOUND('',#954,.T.);
#617=FACE_OUTER_BOUND('',#955,.T.);
#618=FACE_OUTER_BOUND('',#956,.T.);
#619=FACE_OUTER_BOUND('',#957,.T.);
#620=FACE_OUTER_BOUND('',#958,.T.);
#621=FACE_OUTER_BOUND('',#959,.T.);
#622=FACE_OUTER_BOUND('',#960,.T.);
#623=FACE_OUTER_BOUND('',#961,.T.);
#624=FACE_OUTER_BOUND('',#962,.T.);
#625=FACE_OUTER_BOUND('',#963,.T.);
#626=FACE_OUTER_BOUND('',#964,.T.);
#627=FACE_OUTER_BOUND('',#965,.T.);
#628=FACE_OUTER_BOUND('',#966,.T.);
#629=FACE_OUTER_BOUND('',#967,.T.);
#630=FACE_OUTER_BOUND('',#968,.T.);
#631=FACE_OUTER_BOUND('',#969,.T.);
#632=FACE_OUTER_BOUND('',#970,.T.);
#633=FACE_OUTER_BOUND('',#971,.T.);
#634=FACE_OUTER_BOUND('',#972,.T.);
#635=FACE_OUTER_BOUND('',#973,.T.);
#636=FACE_OUTER_BOUND('',#974,.T.);
#637=FACE_OUTER_BOUND('',#975,.T.);
#638=FACE_OUTER_BOUND('',#976,.T.);
#639=FACE_OUTER_BOUND('',#977,.T.);
#640=FACE_OUTER_BOUND('',#978,.T.);
#641=FACE_OUTER_BOUND('',#979,.T.);
#642=FACE_OUTER_BOUND('',#980,.T.);
#643=FACE_OUTER_BOUND('',#981,.T.);
#644=FACE_OUTER_BOUND('',#982,.T.);
#645=FACE_OUTER_BOUND('',#983,.T.);
#646=FACE_OUTER_BOUND('',#984,.T.);
#647=FACE_OUTER_BOUND('',#985,.T.);
#648=FACE_OUTER_BOUND('',#986,.T.);
#649=FACE_OUTER_BOUND('',#987,.T.);
#650=FACE_OUTER_BOUND('',#988,.T.);
#651=FACE_OUTER_BOUND('',#989,.T.);
#652=FACE_OUTER_BOUND('',#990,.T.);
#653=FACE_OUTER_BOUND('',#991,.T.);
#654=FACE_OUTER_BOUND('',#996,.T.);
#655=FACE_OUTER_BOUND('',#997,.T.);
#656=FACE_OUTER_BOUND('',#998,.T.);
#657=FACE_OUTER_BOUND('',#999,.T.);
#658=FACE_OUTER_BOUND('',#1001,.T.);
#659=FACE_OUTER_BOUND('',#1002,.T.);
#660=FACE_OUTER_BOUND('',#1003,.T.);
#661=FACE_OUTER_BOUND('',#1004,.T.);
#662=FACE_OUTER_BOUND('',#1005,.T.);
#663=FACE_OUTER_BOUND('',#1006,.T.);
#664=FACE_OUTER_BOUND('',#1007,.T.);
#665=FACE_OUTER_BOUND('',#1008,.T.);
#666=FACE_OUTER_BOUND('',#1009,.T.);
#667=FACE_OUTER_BOUND('',#1010,.T.);
#668=FACE_OUTER_BOUND('',#1011,.T.);
#669=FACE_OUTER_BOUND('',#1012,.T.);
#670=FACE_OUTER_BOUND('',#1017,.T.);
#671=FACE_OUTER_BOUND('',#1018,.T.);
#672=FACE_OUTER_BOUND('',#1019,.T.);
#673=FACE_OUTER_BOUND('',#1020,.T.);
#674=FACE_OUTER_BOUND('',#1021,.T.);
#675=FACE_OUTER_BOUND('',#1022,.T.);
#676=FACE_OUTER_BOUND('',#1023,.T.);
#677=FACE_OUTER_BOUND('',#1024,.T.);
#678=FACE_OUTER_BOUND('',#1025,.T.);
#679=FACE_OUTER_BOUND('',#1026,.T.);
#680=FACE_OUTER_BOUND('',#1027,.T.);
#681=FACE_OUTER_BOUND('',#1028,.T.);
#682=FACE_OUTER_BOUND('',#1029,.T.);
#683=FACE_OUTER_BOUND('',#1031,.T.);
#684=FACE_OUTER_BOUND('',#1032,.T.);
#685=FACE_OUTER_BOUND('',#1037,.T.);
#686=FACE_OUTER_BOUND('',#1038,.T.);
#687=FACE_OUTER_BOUND('',#1043,.T.);
#688=FACE_OUTER_BOUND('',#1044,.T.);
#689=FACE_OUTER_BOUND('',#1045,.T.);
#690=FACE_OUTER_BOUND('',#1046,.T.);
#691=FACE_OUTER_BOUND('',#1047,.T.);
#692=FACE_OUTER_BOUND('',#1048,.T.);
#693=FACE_OUTER_BOUND('',#1049,.T.);
#694=FACE_OUTER_BOUND('',#1050,.T.);
#695=FACE_OUTER_BOUND('',#1051,.T.);
#696=FACE_OUTER_BOUND('',#1052,.T.);
#697=FACE_OUTER_BOUND('',#1053,.T.);
#698=FACE_OUTER_BOUND('',#1054,.T.);
#699=FACE_OUTER_BOUND('',#1055,.T.);
#700=FACE_OUTER_BOUND('',#1056,.T.);
#701=FACE_OUTER_BOUND('',#1057,.T.);
#702=FACE_OUTER_BOUND('',#1058,.T.);
#703=FACE_OUTER_BOUND('',#1059,.T.);
#704=FACE_OUTER_BOUND('',#1060,.T.);
#705=FACE_OUTER_BOUND('',#1063,.T.);
#706=FACE_OUTER_BOUND('',#1064,.T.);
#707=FACE_OUTER_BOUND('',#1065,.T.);
#708=FACE_OUTER_BOUND('',#1066,.T.);
#709=FACE_OUTER_BOUND('',#1067,.T.);
#710=FACE_OUTER_BOUND('',#1068,.T.);
#711=FACE_OUTER_BOUND('',#1069,.T.);
#712=FACE_OUTER_BOUND('',#1070,.T.);
#713=FACE_OUTER_BOUND('',#1071,.T.);
#714=FACE_OUTER_BOUND('',#1072,.T.);
#715=FACE_OUTER_BOUND('',#1074,.T.);
#716=FACE_OUTER_BOUND('',#1075,.T.);
#717=FACE_OUTER_BOUND('',#1076,.T.);
#718=FACE_OUTER_BOUND('',#1077,.T.);
#719=FACE_OUTER_BOUND('',#1078,.T.);
#720=FACE_OUTER_BOUND('',#1079,.T.);
#721=FACE_OUTER_BOUND('',#1080,.T.);
#722=FACE_OUTER_BOUND('',#1081,.T.);
#723=FACE_OUTER_BOUND('',#1082,.T.);
#724=FACE_OUTER_BOUND('',#1083,.T.);
#725=FACE_OUTER_BOUND('',#1084,.T.);
#726=FACE_OUTER_BOUND('',#1085,.T.);
#727=FACE_OUTER_BOUND('',#1086,.T.);
#728=FACE_OUTER_BOUND('',#1087,.T.);
#729=FACE_OUTER_BOUND('',#1088,.T.);
#730=FACE_OUTER_BOUND('',#1089,.T.);
#731=FACE_OUTER_BOUND('',#1090,.T.);
#732=FACE_OUTER_BOUND('',#1091,.T.);
#733=FACE_OUTER_BOUND('',#1092,.T.);
#734=FACE_OUTER_BOUND('',#1093,.T.);
#735=FACE_OUTER_BOUND('',#1094,.T.);
#736=FACE_OUTER_BOUND('',#1095,.T.);
#737=FACE_OUTER_BOUND('',#1096,.T.);
#738=FACE_OUTER_BOUND('',#1097,.T.);
#739=FACE_OUTER_BOUND('',#1098,.T.);
#740=FACE_OUTER_BOUND('',#1099,.T.);
#741=FACE_OUTER_BOUND('',#1100,.T.);
#742=FACE_OUTER_BOUND('',#1101,.T.);
#743=FACE_OUTER_BOUND('',#1102,.T.);
#744=FACE_OUTER_BOUND('',#1103,.T.);
#745=FACE_OUTER_BOUND('',#1110,.T.);
#746=FACE_OUTER_BOUND('',#1111,.T.);
#747=FACE_OUTER_BOUND('',#1112,.T.);
#748=FACE_OUTER_BOUND('',#1113,.T.);
#749=FACE_OUTER_BOUND('',#1114,.T.);
#750=FACE_OUTER_BOUND('',#1115,.T.);
#751=FACE_OUTER_BOUND('',#1116,.T.);
#752=FACE_OUTER_BOUND('',#1117,.T.);
#753=FACE_OUTER_BOUND('',#1118,.T.);
#754=FACE_OUTER_BOUND('',#1119,.T.);
#755=FACE_OUTER_BOUND('',#1120,.T.);
#756=FACE_OUTER_BOUND('',#1121,.T.);
#757=FACE_OUTER_BOUND('',#1122,.T.);
#758=FACE_OUTER_BOUND('',#1123,.T.);
#759=FACE_OUTER_BOUND('',#1124,.T.);
#760=FACE_OUTER_BOUND('',#1125,.T.);
#761=FACE_OUTER_BOUND('',#1126,.T.);
#762=FACE_OUTER_BOUND('',#1127,.T.);
#763=FACE_OUTER_BOUND('',#1128,.T.);
#764=FACE_OUTER_BOUND('',#1129,.T.);
#765=FACE_OUTER_BOUND('',#1130,.T.);
#766=FACE_OUTER_BOUND('',#1131,.T.);
#767=FACE_OUTER_BOUND('',#1132,.T.);
#768=FACE_OUTER_BOUND('',#1133,.T.);
#769=FACE_OUTER_BOUND('',#1134,.T.);
#770=FACE_OUTER_BOUND('',#1135,.T.);
#771=FACE_OUTER_BOUND('',#1136,.T.);
#772=FACE_OUTER_BOUND('',#1137,.T.);
#773=FACE_OUTER_BOUND('',#1138,.T.);
#774=FACE_OUTER_BOUND('',#1139,.T.);
#775=FACE_OUTER_BOUND('',#1140,.T.);
#776=FACE_OUTER_BOUND('',#1142,.T.);
#777=FACE_OUTER_BOUND('',#1143,.T.);
#778=FACE_OUTER_BOUND('',#1151,.T.);
#779=FACE_OUTER_BOUND('',#1152,.T.);
#780=FACE_OUTER_BOUND('',#1153,.T.);
#781=FACE_OUTER_BOUND('',#1154,.T.);
#782=FACE_OUTER_BOUND('',#1155,.T.);
#783=FACE_OUTER_BOUND('',#1156,.T.);
#784=FACE_OUTER_BOUND('',#1157,.T.);
#785=FACE_OUTER_BOUND('',#1158,.T.);
#786=FACE_OUTER_BOUND('',#1159,.T.);
#787=FACE_OUTER_BOUND('',#1160,.T.);
#788=FACE_OUTER_BOUND('',#1161,.T.);
#789=FACE_OUTER_BOUND('',#1162,.T.);
#790=FACE_OUTER_BOUND('',#1163,.T.);
#791=FACE_OUTER_BOUND('',#1164,.T.);
#792=FACE_OUTER_BOUND('',#1165,.T.);
#793=FACE_OUTER_BOUND('',#1166,.T.);
#794=FACE_OUTER_BOUND('',#1167,.T.);
#795=FACE_OUTER_BOUND('',#1168,.T.);
#796=FACE_OUTER_BOUND('',#1169,.T.);
#797=FACE_OUTER_BOUND('',#1170,.T.);
#798=FACE_OUTER_BOUND('',#1172,.T.);
#799=EDGE_LOOP('',(#3641,#3642,#3643,#3644));
#800=EDGE_LOOP('',(#3645,#3646,#3647,#3648));
#801=EDGE_LOOP('',(#3649,#3650,#3651,#3652));
#802=EDGE_LOOP('',(#3653,#3654,#3655,#3656));
#803=EDGE_LOOP('',(#3657,#3658,#3659,#3660));
#804=EDGE_LOOP('',(#3661,#3662,#3663,#3664));
#805=EDGE_LOOP('',(#3665,#3666,#3667,#3668));
#806=EDGE_LOOP('',(#3669,#3670,#3671,#3672));
#807=EDGE_LOOP('',(#3673,#3674,#3675,#3676));
#808=EDGE_LOOP('',(#3677,#3678,#3679,#3680));
#809=EDGE_LOOP('',(#3681,#3682,#3683,#3684));
#810=EDGE_LOOP('',(#3685,#3686,#3687,#3688));
#811=EDGE_LOOP('',(#3689,#3690,#3691,#3692));
#812=EDGE_LOOP('',(#3693,#3694,#3695,#3696));
#813=EDGE_LOOP('',(#3697,#3698,#3699,#3700));
#814=EDGE_LOOP('',(#3701,#3702,#3703,#3704));
#815=EDGE_LOOP('',(#3705,#3706,#3707,#3708));
#816=EDGE_LOOP('',(#3709,#3710,#3711,#3712));
#817=EDGE_LOOP('',(#3713,#3714,#3715,#3716));
#818=EDGE_LOOP('',(#3717,#3718,#3719,#3720));
#819=EDGE_LOOP('',(#3721,#3722,#3723,#3724));
#820=EDGE_LOOP('',(#3725,#3726,#3727,#3728));
#821=EDGE_LOOP('',(#3729,#3730,#3731,#3732));
#822=EDGE_LOOP('',(#3733,#3734,#3735,#3736));
#823=EDGE_LOOP('',(#3737,#3738,#3739,#3740));
#824=EDGE_LOOP('',(#3741,#3742,#3743,#3744));
#825=EDGE_LOOP('',(#3745,#3746,#3747,#3748));
#826=EDGE_LOOP('',(#3749,#3750,#3751,#3752));
#827=EDGE_LOOP('',(#3753,#3754,#3755,#3756));
#828=EDGE_LOOP('',(#3757,#3758,#3759,#3760));
#829=EDGE_LOOP('',(#3761,#3762,#3763,#3764));
#830=EDGE_LOOP('',(#3765,#3766,#3767,#3768));
#831=EDGE_LOOP('',(#3769,#3770,#3771,#3772));
#832=EDGE_LOOP('',(#3773,#3774,#3775,#3776));
#833=EDGE_LOOP('',(#3777,#3778,#3779,#3780));
#834=EDGE_LOOP('',(#3781,#3782,#3783,#3784));
#835=EDGE_LOOP('',(#3785,#3786,#3787,#3788,#3789,#3790,#3791,#3792));
#836=EDGE_LOOP('',(#3793));
#837=EDGE_LOOP('',(#3794,#3795,#3796,#3797,#3798));
#838=EDGE_LOOP('',(#3799,#3800,#3801,#3802,#3803,#3804,#3805,#3806,#3807,
#3808,#3809,#3810,#3811,#3812,#3813,#3814,#3815,#3816,#3817,#3818,#3819,
#3820,#3821,#3822,#3823));
#839=EDGE_LOOP('',(#3824,#3825,#3826,#3827));
#840=EDGE_LOOP('',(#3828,#3829,#3830,#3831,#3832,#3833,#3834,#3835,#3836));
#841=EDGE_LOOP('',(#3837,#3838,#3839,#3840));
#842=EDGE_LOOP('',(#3841,#3842,#3843,#3844));
#843=EDGE_LOOP('',(#3845,#3846,#3847,#3848));
#844=EDGE_LOOP('',(#3849,#3850,#3851,#3852));
#845=EDGE_LOOP('',(#3853,#3854,#3855,#3856,#3857));
#846=EDGE_LOOP('',(#3858,#3859,#3860,#3861));
#847=EDGE_LOOP('',(#3862,#3863,#3864));
#848=EDGE_LOOP('',(#3865,#3866,#3867,#3868));
#849=EDGE_LOOP('',(#3869,#3870,#3871,#3872));
#850=EDGE_LOOP('',(#3873,#3874,#3875,#3876));
#851=EDGE_LOOP('',(#3877,#3878,#3879,#3880));
#852=EDGE_LOOP('',(#3881,#3882,#3883,#3884));
#853=EDGE_LOOP('',(#3885,#3886,#3887,#3888));
#854=EDGE_LOOP('',(#3889,#3890,#3891,#3892));
#855=EDGE_LOOP('',(#3893,#3894,#3895,#3896,#3897));
#856=EDGE_LOOP('',(#3898,#3899,#3900,#3901));
#857=EDGE_LOOP('',(#3902,#3903,#3904,#3905));
#858=EDGE_LOOP('',(#3906,#3907,#3908,#3909));
#859=EDGE_LOOP('',(#3910,#3911,#3912,#3913));
#860=EDGE_LOOP('',(#3914,#3915,#3916));
#861=EDGE_LOOP('',(#3917,#3918,#3919,#3920));
#862=EDGE_LOOP('',(#3921,#3922,#3923));
#863=EDGE_LOOP('',(#3924,#3925,#3926,#3927));
#864=EDGE_LOOP('',(#3928,#3929,#3930));
#865=EDGE_LOOP('',(#3931,#3932,#3933));
#866=EDGE_LOOP('',(#3934,#3935,#3936,#3937));
#867=EDGE_LOOP('',(#3938,#3939,#3940,#3941));
#868=EDGE_LOOP('',(#3942,#3943,#3944,#3945));
#869=EDGE_LOOP('',(#3946,#3947,#3948,#3949,#3950));
#870=EDGE_LOOP('',(#3951,#3952,#3953,#3954,#3955));
#871=EDGE_LOOP('',(#3956,#3957,#3958,#3959,#3960,#3961));
#872=EDGE_LOOP('',(#3962));
#873=EDGE_LOOP('',(#3963));
#874=EDGE_LOOP('',(#3964,#3965,#3966,#3967));
#875=EDGE_LOOP('',(#3968,#3969,#3970,#3971));
#876=EDGE_LOOP('',(#3972,#3973,#3974,#3975));
#877=EDGE_LOOP('',(#3976,#3977,#3978,#3979));
#878=EDGE_LOOP('',(#3980,#3981,#3982,#3983));
#879=EDGE_LOOP('',(#3984,#3985,#3986,#3987));
#880=EDGE_LOOP('',(#3988,#3989,#3990,#3991));
#881=EDGE_LOOP('',(#3992,#3993,#3994,#3995,#3996));
#882=EDGE_LOOP('',(#3997,#3998,#3999,#4000));
#883=EDGE_LOOP('',(#4001,#4002,#4003,#4004,#4005,#4006));
#884=EDGE_LOOP('',(#4007,#4008,#4009,#4010));
#885=EDGE_LOOP('',(#4011,#4012,#4013,#4014));
#886=EDGE_LOOP('',(#4015,#4016,#4017,#4018));
#887=EDGE_LOOP('',(#4019,#4020,#4021,#4022));
#888=EDGE_LOOP('',(#4023,#4024,#4025,#4026));
#889=EDGE_LOOP('',(#4027,#4028,#4029,#4030));
#890=EDGE_LOOP('',(#4031,#4032,#4033,#4034));
#891=EDGE_LOOP('',(#4035,#4036,#4037,#4038));
#892=EDGE_LOOP('',(#4039,#4040,#4041,#4042));
#893=EDGE_LOOP('',(#4043,#4044,#4045,#4046,#4047,#4048,#4049,#4050));
#894=EDGE_LOOP('',(#4051,#4052,#4053,#4054));
#895=EDGE_LOOP('',(#4055,#4056,#4057,#4058));
#896=EDGE_LOOP('',(#4059,#4060,#4061,#4062));
#897=EDGE_LOOP('',(#4063,#4064,#4065,#4066));
#898=EDGE_LOOP('',(#4067,#4068,#4069,#4070));
#899=EDGE_LOOP('',(#4071,#4072,#4073,#4074,#4075,#4076,#4077,#4078));
#900=EDGE_LOOP('',(#4079,#4080,#4081,#4082));
#901=EDGE_LOOP('',(#4083,#4084,#4085,#4086));
#902=EDGE_LOOP('',(#4087,#4088,#4089,#4090));
#903=EDGE_LOOP('',(#4091,#4092,#4093,#4094));
#904=EDGE_LOOP('',(#4095,#4096,#4097,#4098));
#905=EDGE_LOOP('',(#4099,#4100,#4101,#4102,#4103));
#906=EDGE_LOOP('',(#4104,#4105,#4106,#4107));
#907=EDGE_LOOP('',(#4108,#4109,#4110,#4111));
#908=EDGE_LOOP('',(#4112,#4113,#4114,#4115));
#909=EDGE_LOOP('',(#4116,#4117,#4118,#4119));
#910=EDGE_LOOP('',(#4120,#4121,#4122,#4123));
#911=EDGE_LOOP('',(#4124,#4125,#4126,#4127));
#912=EDGE_LOOP('',(#4128,#4129,#4130,#4131));
#913=EDGE_LOOP('',(#4132,#4133,#4134,#4135));
#914=EDGE_LOOP('',(#4136,#4137,#4138,#4139,#4140,#4141));
#915=EDGE_LOOP('',(#4142,#4143,#4144,#4145,#4146));
#916=EDGE_LOOP('',(#4147,#4148,#4149));
#917=EDGE_LOOP('',(#4150,#4151,#4152));
#918=EDGE_LOOP('',(#4153,#4154,#4155,#4156));
#919=EDGE_LOOP('',(#4157,#4158,#4159,#4160));
#920=EDGE_LOOP('',(#4161,#4162,#4163,#4164));
#921=EDGE_LOOP('',(#4165,#4166,#4167,#4168));
#922=EDGE_LOOP('',(#4169,#4170,#4171,#4172,#4173));
#923=EDGE_LOOP('',(#4174,#4175,#4176,#4177,#4178,#4179,#4180));
#924=EDGE_LOOP('',(#4181,#4182,#4183,#4184));
#925=EDGE_LOOP('',(#4185,#4186,#4187,#4188,#4189));
#926=EDGE_LOOP('',(#4190,#4191,#4192,#4193));
#927=EDGE_LOOP('',(#4194,#4195,#4196,#4197,#4198));
#928=EDGE_LOOP('',(#4199,#4200,#4201,#4202,#4203));
#929=EDGE_LOOP('',(#4204,#4205,#4206,#4207,#4208,#4209));
#930=EDGE_LOOP('',(#4210,#4211,#4212,#4213));
#931=EDGE_LOOP('',(#4214,#4215,#4216,#4217));
#932=EDGE_LOOP('',(#4218,#4219,#4220,#4221,#4222,#4223));
#933=EDGE_LOOP('',(#4224));
#934=EDGE_LOOP('',(#4225));
#935=EDGE_LOOP('',(#4226,#4227,#4228,#4229));
#936=EDGE_LOOP('',(#4230,#4231,#4232,#4233));
#937=EDGE_LOOP('',(#4234,#4235,#4236,#4237));
#938=EDGE_LOOP('',(#4238,#4239,#4240,#4241));
#939=EDGE_LOOP('',(#4242,#4243,#4244,#4245));
#940=EDGE_LOOP('',(#4246,#4247,#4248,#4249));
#941=EDGE_LOOP('',(#4250,#4251,#4252,#4253));
#942=EDGE_LOOP('',(#4254,#4255,#4256,#4257,#4258,#4259));
#943=EDGE_LOOP('',(#4260,#4261,#4262,#4263));
#944=EDGE_LOOP('',(#4264,#4265,#4266,#4267));
#945=EDGE_LOOP('',(#4268,#4269,#4270,#4271));
#946=EDGE_LOOP('',(#4272,#4273,#4274,#4275,#4276,#4277,#4278,#4279));
#947=EDGE_LOOP('',(#4280,#4281,#4282,#4283));
#948=EDGE_LOOP('',(#4284,#4285,#4286,#4287));
#949=EDGE_LOOP('',(#4288,#4289,#4290,#4291,#4292,#4293,#4294,#4295));
#950=EDGE_LOOP('',(#4296,#4297,#4298,#4299));
#951=EDGE_LOOP('',(#4300));
#952=EDGE_LOOP('',(#4301));
#953=EDGE_LOOP('',(#4302,#4303,#4304,#4305));
#954=EDGE_LOOP('',(#4306,#4307,#4308,#4309));
#955=EDGE_LOOP('',(#4310,#4311,#4312,#4313));
#956=EDGE_LOOP('',(#4314,#4315,#4316,#4317));
#957=EDGE_LOOP('',(#4318,#4319,#4320,#4321));
#958=EDGE_LOOP('',(#4322,#4323,#4324,#4325));
#959=EDGE_LOOP('',(#4326,#4327,#4328,#4329));
#960=EDGE_LOOP('',(#4330,#4331,#4332,#4333));
#961=EDGE_LOOP('',(#4334,#4335,#4336,#4337));
#962=EDGE_LOOP('',(#4338,#4339,#4340,#4341));
#963=EDGE_LOOP('',(#4342,#4343,#4344,#4345));
#964=EDGE_LOOP('',(#4346,#4347,#4348,#4349));
#965=EDGE_LOOP('',(#4350,#4351,#4352,#4353));
#966=EDGE_LOOP('',(#4354,#4355,#4356,#4357));
#967=EDGE_LOOP('',(#4358,#4359,#4360,#4361));
#968=EDGE_LOOP('',(#4362,#4363,#4364,#4365));
#969=EDGE_LOOP('',(#4366,#4367,#4368,#4369));
#970=EDGE_LOOP('',(#4370,#4371,#4372,#4373));
#971=EDGE_LOOP('',(#4374,#4375,#4376,#4377));
#972=EDGE_LOOP('',(#4378,#4379,#4380,#4381));
#973=EDGE_LOOP('',(#4382,#4383,#4384,#4385));
#974=EDGE_LOOP('',(#4386,#4387,#4388,#4389));
#975=EDGE_LOOP('',(#4390,#4391,#4392,#4393));
#976=EDGE_LOOP('',(#4394,#4395,#4396,#4397));
#977=EDGE_LOOP('',(#4398,#4399,#4400,#4401));
#978=EDGE_LOOP('',(#4402,#4403,#4404,#4405));
#979=EDGE_LOOP('',(#4406,#4407,#4408,#4409));
#980=EDGE_LOOP('',(#4410,#4411,#4412,#4413));
#981=EDGE_LOOP('',(#4414,#4415,#4416,#4417));
#982=EDGE_LOOP('',(#4418,#4419,#4420,#4421));
#983=EDGE_LOOP('',(#4422,#4423,#4424,#4425));
#984=EDGE_LOOP('',(#4426,#4427,#4428,#4429));
#985=EDGE_LOOP('',(#4430,#4431,#4432,#4433));
#986=EDGE_LOOP('',(#4434,#4435,#4436,#4437));
#987=EDGE_LOOP('',(#4438,#4439,#4440,#4441));
#988=EDGE_LOOP('',(#4442,#4443,#4444,#4445));
#989=EDGE_LOOP('',(#4446,#4447,#4448,#4449));
#990=EDGE_LOOP('',(#4450,#4451,#4452,#4453));
#991=EDGE_LOOP('',(#4454,#4455,#4456,#4457,#4458,#4459,#4460,#4461,#4462,
#4463,#4464,#4465,#4466,#4467,#4468,#4469,#4470,#4471));
#992=EDGE_LOOP('',(#4472));
#993=EDGE_LOOP('',(#4473));
#994=EDGE_LOOP('',(#4474));
#995=EDGE_LOOP('',(#4475));
#996=EDGE_LOOP('',(#4476,#4477,#4478,#4479));
#997=EDGE_LOOP('',(#4480,#4481,#4482,#4483,#4484,#4485,#4486,#4487,#4488,
#4489,#4490,#4491,#4492,#4493,#4494,#4495,#4496,#4497,#4498,#4499));
#998=EDGE_LOOP('',(#4500,#4501,#4502,#4503));
#999=EDGE_LOOP('',(#4504,#4505,#4506,#4507,#4508,#4509,#4510,#4511));
#1000=EDGE_LOOP('',(#4512));
#1001=EDGE_LOOP('',(#4513,#4514,#4515,#4516,#4517));
#1002=EDGE_LOOP('',(#4518,#4519,#4520,#4521,#4522,#4523,#4524,#4525,#4526,
#4527,#4528,#4529,#4530,#4531,#4532,#4533,#4534,#4535,#4536,#4537,#4538,
#4539,#4540,#4541,#4542));
#1003=EDGE_LOOP('',(#4543,#4544,#4545,#4546));
#1004=EDGE_LOOP('',(#4547,#4548,#4549,#4550,#4551,#4552,#4553,#4554,#4555));
#1005=EDGE_LOOP('',(#4556,#4557,#4558,#4559));
#1006=EDGE_LOOP('',(#4560,#4561,#4562,#4563));
#1007=EDGE_LOOP('',(#4564,#4565,#4566,#4567));
#1008=EDGE_LOOP('',(#4568,#4569,#4570,#4571));
#1009=EDGE_LOOP('',(#4572,#4573,#4574,#4575,#4576,#4577,#4578));
#1010=EDGE_LOOP('',(#4579,#4580,#4581,#4582,#4583));
#1011=EDGE_LOOP('',(#4584,#4585,#4586,#4587));
#1012=EDGE_LOOP('',(#4588,#4589,#4590,#4591,#4592));
#1013=EDGE_LOOP('',(#4593));
#1014=EDGE_LOOP('',(#4594));
#1015=EDGE_LOOP('',(#4595));
#1016=EDGE_LOOP('',(#4596));
#1017=EDGE_LOOP('',(#4597,#4598,#4599,#4600));
#1018=EDGE_LOOP('',(#4601,#4602,#4603,#4604));
#1019=EDGE_LOOP('',(#4605,#4606,#4607));
#1020=EDGE_LOOP('',(#4608,#4609,#4610,#4611));
#1021=EDGE_LOOP('',(#4612,#4613,#4614,#4615));
#1022=EDGE_LOOP('',(#4616,#4617,#4618,#4619));
#1023=EDGE_LOOP('',(#4620,#4621,#4622,#4623));
#1024=EDGE_LOOP('',(#4624,#4625,#4626,#4627));
#1025=EDGE_LOOP('',(#4628,#4629,#4630,#4631));
#1026=EDGE_LOOP('',(#4632,#4633,#4634,#4635));
#1027=EDGE_LOOP('',(#4636,#4637,#4638,#4639));
#1028=EDGE_LOOP('',(#4640,#4641,#4642,#4643));
#1029=EDGE_LOOP('',(#4644,#4645,#4646,#4647,#4648,#4649));
#1030=EDGE_LOOP('',(#4650));
#1031=EDGE_LOOP('',(#4651,#4652,#4653,#4654,#4655,#4656,#4657,#4658,#4659,
#4660));
#1032=EDGE_LOOP('',(#4661,#4662,#4663,#4664,#4665,#4666,#4667,#4668));
#1033=EDGE_LOOP('',(#4669));
#1034=EDGE_LOOP('',(#4670));
#1035=EDGE_LOOP('',(#4671));
#1036=EDGE_LOOP('',(#4672));
#1037=EDGE_LOOP('',(#4673,#4674,#4675,#4676));
#1038=EDGE_LOOP('',(#4677,#4678,#4679,#4680));
#1039=EDGE_LOOP('',(#4681));
#1040=EDGE_LOOP('',(#4682));
#1041=EDGE_LOOP('',(#4683));
#1042=EDGE_LOOP('',(#4684));
#1043=EDGE_LOOP('',(#4685,#4686,#4687,#4688,#4689,#4690,#4691,#4692));
#1044=EDGE_LOOP('',(#4693,#4694,#4695,#4696,#4697));
#1045=EDGE_LOOP('',(#4698,#4699,#4700,#4701));
#1046=EDGE_LOOP('',(#4702,#4703,#4704,#4705));
#1047=EDGE_LOOP('',(#4706,#4707,#4708,#4709));
#1048=EDGE_LOOP('',(#4710,#4711,#4712,#4713));
#1049=EDGE_LOOP('',(#4714,#4715,#4716));
#1050=EDGE_LOOP('',(#4717,#4718,#4719,#4720));
#1051=EDGE_LOOP('',(#4721,#4722,#4723));
#1052=EDGE_LOOP('',(#4724,#4725,#4726,#4727));
#1053=EDGE_LOOP('',(#4728,#4729,#4730));
#1054=EDGE_LOOP('',(#4731,#4732,#4733));
#1055=EDGE_LOOP('',(#4734,#4735,#4736,#4737));
#1056=EDGE_LOOP('',(#4738,#4739,#4740,#4741));
#1057=EDGE_LOOP('',(#4742,#4743,#4744,#4745));
#1058=EDGE_LOOP('',(#4746,#4747,#4748,#4749,#4750));
#1059=EDGE_LOOP('',(#4751,#4752,#4753,#4754,#4755));
#1060=EDGE_LOOP('',(#4756,#4757,#4758,#4759,#4760,#4761));
#1061=EDGE_LOOP('',(#4762));
#1062=EDGE_LOOP('',(#4763));
#1063=EDGE_LOOP('',(#4764,#4765,#4766,#4767));
#1064=EDGE_LOOP('',(#4768,#4769,#4770,#4771));
#1065=EDGE_LOOP('',(#4772,#4773,#4774,#4775));
#1066=EDGE_LOOP('',(#4776,#4777,#4778,#4779));
#1067=EDGE_LOOP('',(#4780,#4781,#4782,#4783));
#1068=EDGE_LOOP('',(#4784,#4785,#4786,#4787));
#1069=EDGE_LOOP('',(#4788,#4789,#4790,#4791,#4792,#4793,#4794,#4795));
#1070=EDGE_LOOP('',(#4796,#4797,#4798,#4799));
#1071=EDGE_LOOP('',(#4800,#4801,#4802,#4803));
#1072=EDGE_LOOP('',(#4804,#4805,#4806,#4807,#4808,#4809,#4810,#4811,#4812,
#4813,#4814,#4815,#4816,#4817,#4818,#4819));
#1073=EDGE_LOOP('',(#4820));
#1074=EDGE_LOOP('',(#4821,#4822,#4823,#4824,#4825));
#1075=EDGE_LOOP('',(#4826,#4827,#4828,#4829,#4830,#4831));
#1076=EDGE_LOOP('',(#4832,#4833,#4834,#4835));
#1077=EDGE_LOOP('',(#4836,#4837,#4838,#4839,#4840,#4841));
#1078=EDGE_LOOP('',(#4842,#4843,#4844,#4845));
#1079=EDGE_LOOP('',(#4846,#4847,#4848,#4849,#4850));
#1080=EDGE_LOOP('',(#4851,#4852,#4853,#4854,#4855));
#1081=EDGE_LOOP('',(#4856,#4857,#4858,#4859));
#1082=EDGE_LOOP('',(#4860,#4861,#4862,#4863));
#1083=EDGE_LOOP('',(#4864,#4865,#4866,#4867));
#1084=EDGE_LOOP('',(#4868,#4869,#4870,#4871));
#1085=EDGE_LOOP('',(#4872,#4873,#4874,#4875));
#1086=EDGE_LOOP('',(#4876,#4877,#4878,#4879));
#1087=EDGE_LOOP('',(#4880,#4881,#4882,#4883));
#1088=EDGE_LOOP('',(#4884,#4885,#4886,#4887));
#1089=EDGE_LOOP('',(#4888,#4889,#4890,#4891));
#1090=EDGE_LOOP('',(#4892,#4893,#4894,#4895,#4896,#4897,#4898,#4899));
#1091=EDGE_LOOP('',(#4900,#4901,#4902,#4903));
#1092=EDGE_LOOP('',(#4904,#4905,#4906,#4907));
#1093=EDGE_LOOP('',(#4908,#4909,#4910,#4911));
#1094=EDGE_LOOP('',(#4912,#4913,#4914,#4915));
#1095=EDGE_LOOP('',(#4916,#4917,#4918,#4919));
#1096=EDGE_LOOP('',(#4920,#4921,#4922,#4923,#4924,#4925,#4926,#4927));
#1097=EDGE_LOOP('',(#4928,#4929,#4930,#4931));
#1098=EDGE_LOOP('',(#4932,#4933,#4934,#4935));
#1099=EDGE_LOOP('',(#4936,#4937,#4938,#4939));
#1100=EDGE_LOOP('',(#4940,#4941,#4942,#4943));
#1101=EDGE_LOOP('',(#4944,#4945,#4946,#4947));
#1102=EDGE_LOOP('',(#4948,#4949,#4950,#4951,#4952));
#1103=EDGE_LOOP('',(#4953,#4954,#4955,#4956,#4957,#4958,#4959,#4960,#4961,
#4962,#4963,#4964,#4965,#4966,#4967,#4968,#4969,#4970,#4971,#4972,#4973,
#4974,#4975,#4976,#4977,#4978,#4979,#4980,#4981,#4982,#4983,#4984,#4985,
#4986,#4987,#4988,#4989,#4990,#4991,#4992,#4993,#4994,#4995,#4996));
#1104=EDGE_LOOP('',(#4997));
#1105=EDGE_LOOP('',(#4998));
#1106=EDGE_LOOP('',(#4999,#5000,#5001,#5002,#5003,#5004,#5005,#5006));
#1107=EDGE_LOOP('',(#5007,#5008,#5009,#5010,#5011,#5012,#5013,#5014));
#1108=EDGE_LOOP('',(#5015));
#1109=EDGE_LOOP('',(#5016));
#1110=EDGE_LOOP('',(#5017,#5018,#5019,#5020));
#1111=EDGE_LOOP('',(#5021,#5022,#5023,#5024));
#1112=EDGE_LOOP('',(#5025,#5026,#5027,#5028));
#1113=EDGE_LOOP('',(#5029,#5030,#5031,#5032));
#1114=EDGE_LOOP('',(#5033,#5034,#5035,#5036));
#1115=EDGE_LOOP('',(#5037,#5038,#5039,#5040));
#1116=EDGE_LOOP('',(#5041,#5042,#5043,#5044));
#1117=EDGE_LOOP('',(#5045,#5046,#5047,#5048));
#1118=EDGE_LOOP('',(#5049,#5050,#5051,#5052));
#1119=EDGE_LOOP('',(#5053,#5054,#5055,#5056,#5057,#5058));
#1120=EDGE_LOOP('',(#5059,#5060,#5061,#5062,#5063));
#1121=EDGE_LOOP('',(#5064,#5065,#5066));
#1122=EDGE_LOOP('',(#5067,#5068,#5069));
#1123=EDGE_LOOP('',(#5070,#5071,#5072,#5073));
#1124=EDGE_LOOP('',(#5074,#5075,#5076,#5077));
#1125=EDGE_LOOP('',(#5078,#5079,#5080,#5081));
#1126=EDGE_LOOP('',(#5082,#5083,#5084,#5085));
#1127=EDGE_LOOP('',(#5086,#5087,#5088,#5089,#5090));
#1128=EDGE_LOOP('',(#5091,#5092,#5093,#5094,#5095,#5096,#5097));
#1129=EDGE_LOOP('',(#5098,#5099,#5100,#5101));
#1130=EDGE_LOOP('',(#5102,#5103,#5104,#5105,#5106));
#1131=EDGE_LOOP('',(#5107,#5108,#5109,#5110));
#1132=EDGE_LOOP('',(#5111,#5112,#5113,#5114,#5115,#5116,#5117,#5118,#5119,
#5120,#5121,#5122,#5123,#5124,#5125,#5126,#5127,#5128));
#1133=EDGE_LOOP('',(#5129,#5130,#5131,#5132));
#1134=EDGE_LOOP('',(#5133,#5134,#5135,#5136,#5137));
#1135=EDGE_LOOP('',(#5138,#5139,#5140,#5141,#5142));
#1136=EDGE_LOOP('',(#5143,#5144,#5145,#5146,#5147,#5148));
#1137=EDGE_LOOP('',(#5149,#5150,#5151,#5152));
#1138=EDGE_LOOP('',(#5153,#5154,#5155,#5156));
#1139=EDGE_LOOP('',(#5157,#5158,#5159,#5160,#5161,#5162));
#1140=EDGE_LOOP('',(#5163));
#1141=EDGE_LOOP('',(#5164));
#1142=EDGE_LOOP('',(#5165,#5166,#5167,#5168));
#1143=EDGE_LOOP('',(#5169,#5170,#5171,#5172,#5173,#5174,#5175,#5176,#5177,
#5178,#5179,#5180,#5181,#5182,#5183,#5184));
#1144=EDGE_LOOP('',(#5185,#5186,#5187,#5188,#5189,#5190,#5191,#5192));
#1145=EDGE_LOOP('',(#5193,#5194,#5195,#5196,#5197,#5198,#5199,#5200));
#1146=EDGE_LOOP('',(#5201));
#1147=EDGE_LOOP('',(#5202));
#1148=EDGE_LOOP('',(#5203));
#1149=EDGE_LOOP('',(#5204));
#1150=EDGE_LOOP('',(#5205,#5206,#5207,#5208,#5209,#5210,#5211,#5212));
#1151=EDGE_LOOP('',(#5213,#5214,#5215,#5216));
#1152=EDGE_LOOP('',(#5217,#5218,#5219,#5220));
#1153=EDGE_LOOP('',(#5221,#5222,#5223,#5224));
#1154=EDGE_LOOP('',(#5225,#5226,#5227,#5228));
#1155=EDGE_LOOP('',(#5229,#5230,#5231,#5232));
#1156=EDGE_LOOP('',(#5233,#5234,#5235,#5236));
#1157=EDGE_LOOP('',(#5237,#5238,#5239,#5240,#5241,#5242));
#1158=EDGE_LOOP('',(#5243,#5244,#5245,#5246,#5247,#5248));
#1159=EDGE_LOOP('',(#5249,#5250,#5251,#5252));
#1160=EDGE_LOOP('',(#5253,#5254,#5255,#5256,#5257,#5258,#5259,#5260));
#1161=EDGE_LOOP('',(#5261,#5262,#5263,#5264));
#1162=EDGE_LOOP('',(#5265,#5266,#5267,#5268));
#1163=EDGE_LOOP('',(#5269,#5270,#5271,#5272));
#1164=EDGE_LOOP('',(#5273,#5274,#5275,#5276,#5277,#5278,#5279,#5280));
#1165=EDGE_LOOP('',(#5281,#5282,#5283,#5284));
#1166=EDGE_LOOP('',(#5285,#5286,#5287,#5288));
#1167=EDGE_LOOP('',(#5289,#5290,#5291,#5292,#5293,#5294,#5295,#5296));
#1168=EDGE_LOOP('',(#5297,#5298,#5299,#5300));
#1169=EDGE_LOOP('',(#5301,#5302,#5303,#5304));
#1170=EDGE_LOOP('',(#5305));
#1171=EDGE_LOOP('',(#5306));
#1172=EDGE_LOOP('',(#5307,#5308,#5309,#5310));
#1173=CIRCLE('',#5694,8.19999999999999);
#1174=CIRCLE('',#5695,7.99999999999999);
#1175=CIRCLE('',#5697,3.5);
#1176=CIRCLE('',#5698,3.29999999999999);
#1177=CIRCLE('',#5700,8.20000000000001);
#1178=CIRCLE('',#5701,8.);
#1179=CIRCLE('',#5703,41.);
#1180=CIRCLE('',#5704,40.8);
#1181=CIRCLE('',#5706,8.2);
#1182=CIRCLE('',#5707,8.);
#1183=CIRCLE('',#5709,3.5);
#1184=CIRCLE('',#5710,3.3);
#1185=CIRCLE('',#5714,34.8);
#1186=CIRCLE('',#5715,35.);
#1187=CIRCLE('',#5719,3.5);
#1188=CIRCLE('',#5720,3.3);
#1189=CIRCLE('',#5722,8.2);
#1190=CIRCLE('',#5723,8.);
#1191=CIRCLE('',#5725,41.);
#1192=CIRCLE('',#5726,40.8);
#1193=CIRCLE('',#5729,19.8);
#1194=CIRCLE('',#5730,20.);
#1195=CIRCLE('',#5733,2.2);
#1196=CIRCLE('',#5734,2.);
#1197=CIRCLE('',#5738,3.5);
#1198=CIRCLE('',#5740,7.99999999999999);
#1199=CIRCLE('',#5742,35.);
#1200=CIRCLE('',#5743,2.);
#1201=CIRCLE('',#5744,37.);
#1202=CIRCLE('',#5746,2.);
#1203=CIRCLE('',#5747,1.6);
#1204=CIRCLE('',#5749,2.);
#1205=CIRCLE('',#5751,21.);
#1206=CIRCLE('',#5752,19.);
#1207=CIRCLE('',#5753,2.);
#1208=CIRCLE('',#5755,8.);
#1209=CIRCLE('',#5757,41.);
#1210=CIRCLE('',#5758,41.);
#1211=CIRCLE('',#5760,8.);
#1212=CIRCLE('',#5762,41.);
#1213=CIRCLE('',#5764,8.);
#1214=CIRCLE('',#5766,2.);
#1215=CIRCLE('',#5767,2.);
#1216=CIRCLE('',#5769,25.);
#1217=CIRCLE('',#5775,20.);
#1218=CIRCLE('',#5778,20.);
#1219=CIRCLE('',#5781,5.);
#1220=CIRCLE('',#5782,4.);
#1221=CIRCLE('',#5785,2.00000000000001);
#1222=CIRCLE('',#5787,2.);
#1223=CIRCLE('',#5790,2.);
#1224=CIRCLE('',#5791,2.);
#1225=CIRCLE('',#5795,2.);
#1226=CIRCLE('',#5796,2.);
#1227=CIRCLE('',#5798,2.);
#1228=CIRCLE('',#5800,2.);
#1229=CIRCLE('',#5801,2.);
#1230=CIRCLE('',#5803,2.);
#1231=CIRCLE('',#5805,2.);
#1232=CIRCLE('',#5806,2.);
#1233=CIRCLE('',#5808,2.);
#1234=CIRCLE('',#5810,2.);
#1235=CIRCLE('',#5813,4.);
#1236=CIRCLE('',#5815,4.5);
#1237=CIRCLE('',#5817,2.);
#1238=CIRCLE('',#5819,8.);
#1239=CIRCLE('',#5824,2.);
#1240=CIRCLE('',#5825,6.5);
#1241=CIRCLE('',#5826,2.);
#1242=CIRCLE('',#5827,4.5);
#1243=CIRCLE('',#5828,2.);
#1244=CIRCLE('',#5829,4.);
#1245=CIRCLE('',#5830,2.);
#1246=CIRCLE('',#5832,2.00000000000001);
#1247=CIRCLE('',#5833,38.5);
#1248=CIRCLE('',#5834,36.5);
#1249=CIRCLE('',#5835,2.);
#1250=CIRCLE('',#5836,4.);
#1251=CIRCLE('',#5837,2.);
#1252=CIRCLE('',#5839,2.);
#1253=CIRCLE('',#5841,2.00000000000001);
#1254=CIRCLE('',#5842,4.);
#1255=CIRCLE('',#5843,6.);
#1256=CIRCLE('',#5844,2.);
#1257=CIRCLE('',#5845,2.);
#1258=CIRCLE('',#5846,4.);
#1259=CIRCLE('',#5848,33.03);
#1260=CIRCLE('',#5849,33.03);
#1261=CIRCLE('',#5852,33.03);
#1262=CIRCLE('',#5854,4.);
#1263=CIRCLE('',#5857,1.5);
#1264=CIRCLE('',#5858,1.5);
#1265=CIRCLE('',#5861,1.5);
#1266=CIRCLE('',#5862,1.5);
#1267=CIRCLE('',#5864,1.5);
#1268=CIRCLE('',#5865,1.5);
#1269=CIRCLE('',#5867,39.8);
#1270=CIRCLE('',#5868,39.8);
#1271=CIRCLE('',#5870,1.5);
#1272=CIRCLE('',#5871,1.5);
#1273=CIRCLE('',#5873,1.5);
#1274=CIRCLE('',#5874,1.5);
#1275=CIRCLE('',#5875,35.);
#1276=CIRCLE('',#5877,35.);
#1277=CIRCLE('',#5879,1.5);
#1278=CIRCLE('',#5882,1.5);
#1279=CIRCLE('',#5884,1.5);
#1280=CIRCLE('',#5885,1.5);
#1281=CIRCLE('',#5887,39.8);
#1282=CIRCLE('',#5888,1.5);
#1283=CIRCLE('',#5889,1.5);
#1284=CIRCLE('',#5890,35.);
#1285=CIRCLE('',#5891,1.5);
#1286=CIRCLE('',#5894,1.5);
#1287=CIRCLE('',#5896,1.5);
#1288=CIRCLE('',#5899,1.5);
#1289=CIRCLE('',#5901,8.);
#1290=CIRCLE('',#5903,4.);
#1291=CIRCLE('',#5906,4.);
#1292=CIRCLE('',#5908,4.);
#1293=CIRCLE('',#5910,38.5);
#1294=CIRCLE('',#5912,4.);
#1295=CIRCLE('',#5914,4.5);
#1296=CIRCLE('',#5916,2.);
#1297=CIRCLE('',#5918,8.);
#1298=CIRCLE('',#5922,2.);
#1299=CIRCLE('',#5924,2.);
#1300=CIRCLE('',#5925,2.00000000000001);
#1301=CIRCLE('',#5926,2.);
#1302=CIRCLE('',#5928,2.);
#1303=CIRCLE('',#5929,1.99999999999999);
#1304=CIRCLE('',#5930,2.);
#1305=CIRCLE('',#5942,4.);
#1306=CIRCLE('',#5949,3.5);
#1307=CIRCLE('',#5952,1.6);
#1308=CIRCLE('',#5954,3.5);
#1309=CIRCLE('',#5956,1.6);
#1310=CIRCLE('',#5958,1.6);
#1311=CIRCLE('',#5959,1.6);
#1312=CIRCLE('',#5961,1.6);
#1313=CIRCLE('',#5962,1.6);
#1314=CIRCLE('',#5964,1.6);
#1315=CIRCLE('',#5966,1.6);
#1316=CIRCLE('',#5967,1.6);
#1317=CIRCLE('',#5969,1.6);
#1318=CIRCLE('',#5970,1.6);
#1319=CIRCLE('',#5975,35.);
#1320=CIRCLE('',#5978,39.8);
#1321=CIRCLE('',#5980,3.5);
#1322=CIRCLE('',#5983,22.23);
#1323=CIRCLE('',#5984,22.03);
#1324=CIRCLE('',#5986,24.3);
#1325=CIRCLE('',#5988,24.5392232270276);
#1326=CIRCLE('',#5990,41.);
#1327=CIRCLE('',#5991,40.8);
#1328=CIRCLE('',#5993,7.99999999999999);
#1329=CIRCLE('',#5994,8.19999999999999);
#1330=CIRCLE('',#5996,3.29999999999999);
#1331=CIRCLE('',#5997,3.5);
#1332=CIRCLE('',#5999,8.);
#1333=CIRCLE('',#6000,8.20000000000001);
#1334=CIRCLE('',#6002,40.8);
#1335=CIRCLE('',#6003,41.);
#1336=CIRCLE('',#6005,8.);
#1337=CIRCLE('',#6006,8.2);
#1338=CIRCLE('',#6008,3.3);
#1339=CIRCLE('',#6009,3.5);
#1340=CIRCLE('',#6013,35.);
#1341=CIRCLE('',#6014,34.8);
#1342=CIRCLE('',#6018,3.3);
#1343=CIRCLE('',#6019,3.5);
#1344=CIRCLE('',#6021,8.);
#1345=CIRCLE('',#6022,8.2);
#1346=CIRCLE('',#6024,40.8);
#1347=CIRCLE('',#6025,41.);
#1348=CIRCLE('',#6028,20.);
#1349=CIRCLE('',#6029,19.8);
#1350=CIRCLE('',#6032,2.);
#1351=CIRCLE('',#6033,2.2);
#1352=CIRCLE('',#6037,3.5);
#1353=CIRCLE('',#6039,7.99999999999999);
#1354=CIRCLE('',#6041,41.);
#1355=CIRCLE('',#6043,37.);
#1356=CIRCLE('',#6044,1.6);
#1357=CIRCLE('',#6045,1.6);
#1358=CIRCLE('',#6047,35.);
#1359=CIRCLE('',#6049,35.);
#1360=CIRCLE('',#6050,35.);
#1361=CIRCLE('',#6052,37.);
#1362=CIRCLE('',#6053,2.);
#1363=CIRCLE('',#6055,2.);
#1364=CIRCLE('',#6056,1.6);
#1365=CIRCLE('',#6058,2.);
#1366=CIRCLE('',#6060,2.);
#1367=CIRCLE('',#6061,19.);
#1368=CIRCLE('',#6062,21.);
#1369=CIRCLE('',#6064,8.);
#1370=CIRCLE('',#6066,41.);
#1371=CIRCLE('',#6067,41.);
#1372=CIRCLE('',#6069,8.);
#1373=CIRCLE('',#6071,41.);
#1374=CIRCLE('',#6073,8.);
#1375=CIRCLE('',#6075,2.);
#1376=CIRCLE('',#6076,2.);
#1377=CIRCLE('',#6078,25.);
#1378=CIRCLE('',#6080,25.);
#1379=CIRCLE('',#6084,1.6);
#1380=CIRCLE('',#6085,1.6);
#1381=CIRCLE('',#6092,20.);
#1382=CIRCLE('',#6095,20.);
#1383=CIRCLE('',#6098,4.);
#1384=CIRCLE('',#6099,5.);
#1385=CIRCLE('',#6101,34.);
#1386=CIRCLE('',#6104,26.9396078054371);
#1387=CIRCLE('',#6112,1.6);
#1388=CIRCLE('',#6113,1.6);
#1389=CIRCLE('',#6116,2.00000000000001);
#1390=CIRCLE('',#6118,2.);
#1391=CIRCLE('',#6121,2.);
#1392=CIRCLE('',#6122,2.);
#1393=CIRCLE('',#6126,2.);
#1394=CIRCLE('',#6127,2.);
#1395=CIRCLE('',#6129,2.);
#1396=CIRCLE('',#6131,2.);
#1397=CIRCLE('',#6132,2.);
#1398=CIRCLE('',#6134,2.);
#1399=CIRCLE('',#6136,2.);
#1400=CIRCLE('',#6137,2.);
#1401=CIRCLE('',#6139,2.);
#1402=CIRCLE('',#6141,2.);
#1403=CIRCLE('',#6144,4.);
#1404=CIRCLE('',#6146,4.5);
#1405=CIRCLE('',#6148,2.);
#1406=CIRCLE('',#6150,8.);
#1407=CIRCLE('',#6155,2.);
#1408=CIRCLE('',#6156,4.5);
#1409=CIRCLE('',#6157,2.);
#1410=CIRCLE('',#6158,6.5);
#1411=CIRCLE('',#6159,2.);
#1412=CIRCLE('',#6160,2.);
#1413=CIRCLE('',#6161,4.);
#1414=CIRCLE('',#6163,2.00000000000001);
#1415=CIRCLE('',#6164,36.5);
#1416=CIRCLE('',#6165,38.5);
#1417=CIRCLE('',#6166,2.);
#1418=CIRCLE('',#6167,2.);
#1419=CIRCLE('',#6168,4.);
#1420=CIRCLE('',#6170,2.);
#1421=CIRCLE('',#6172,2.00000000000001);
#1422=CIRCLE('',#6173,6.);
#1423=CIRCLE('',#6174,4.);
#1424=CIRCLE('',#6176,31.03);
#1425=CIRCLE('',#6177,33.03);
#1426=CIRCLE('',#6178,33.03);
#1427=CIRCLE('',#6179,33.03);
#1428=CIRCLE('',#6180,2.);
#1429=CIRCLE('',#6181,4.);
#1430=CIRCLE('',#6182,2.);
#1431=CIRCLE('',#6185,20.);
#1432=CIRCLE('',#6187,33.03);
#1433=CIRCLE('',#6189,33.03);
#1434=CIRCLE('',#6194,24.9784464540553);
#1435=CIRCLE('',#6195,2.);
#1436=CIRCLE('',#6196,24.9784464540553);
#1437=CIRCLE('',#6198,4.);
#1438=CIRCLE('',#6201,1.5);
#1439=CIRCLE('',#6202,1.5);
#1440=CIRCLE('',#6205,1.5);
#1441=CIRCLE('',#6206,1.5);
#1442=CIRCLE('',#6208,35.);
#1443=CIRCLE('',#6209,35.);
#1444=CIRCLE('',#6211,1.5);
#1445=CIRCLE('',#6212,1.5);
#1446=CIRCLE('',#6214,39.8);
#1447=CIRCLE('',#6215,39.8);
#1448=CIRCLE('',#6217,1.5);
#1449=CIRCLE('',#6218,1.5);
#1450=CIRCLE('',#6220,35.);
#1451=CIRCLE('',#6221,1.5);
#1452=CIRCLE('',#6222,1.5);
#1453=CIRCLE('',#6224,35.);
#1454=CIRCLE('',#6226,1.5);
#1455=CIRCLE('',#6229,1.5);
#1456=CIRCLE('',#6231,1.5);
#1457=CIRCLE('',#6232,1.5);
#1458=CIRCLE('',#6234,1.5);
#1459=CIRCLE('',#6235,35.);
#1460=CIRCLE('',#6236,1.5);
#1461=CIRCLE('',#6237,1.5);
#1462=CIRCLE('',#6238,39.8);
#1463=CIRCLE('',#6241,1.5);
#1464=CIRCLE('',#6243,1.5);
#1465=CIRCLE('',#6246,1.5);
#1466=CIRCLE('',#6248,8.);
#1467=CIRCLE('',#6250,4.);
#1468=CIRCLE('',#6251,3.5);
#1469=CIRCLE('',#6252,4.);
#1470=CIRCLE('',#6253,4.);
#1471=CIRCLE('',#6254,38.5);
#1472=CIRCLE('',#6255,4.);
#1473=CIRCLE('',#6256,4.5);
#1474=CIRCLE('',#6257,4.);
#1475=CIRCLE('',#6258,2.);
#1476=CIRCLE('',#6259,39.8);
#1477=CIRCLE('',#6260,35.);
#1478=CIRCLE('',#6261,1.6);
#1479=CIRCLE('',#6262,1.6);
#1480=CIRCLE('',#6264,8.);
#1481=CIRCLE('',#6277,2.);
#1482=CIRCLE('',#6279,2.);
#1483=CIRCLE('',#6280,2.);
#1484=CIRCLE('',#6281,2.00000000000001);
#1485=CIRCLE('',#6283,2.);
#1486=CIRCLE('',#6284,1.99999999999999);
#1487=CIRCLE('',#6285,2.);
#1488=CIRCLE('',#6303,3.5);
#1489=CIRCLE('',#6305,1.6);
#1490=CIRCLE('',#6308,3.5);
#1491=CIRCLE('',#6309,39.8);
#1492=CIRCLE('',#6310,1.6);
#1493=CIRCLE('',#6311,1.6);
#1494=CIRCLE('',#6322,39.8);
#1495=CIRCLE('',#6332,20.);
#1496=CIRCLE('',#6334,22.03);
#1497=LINE('',#8027,#1896);
#1498=LINE('',#8031,#1897);
#1499=LINE('',#8036,#1898);
#1500=LINE('',#8043,#1899);
#1501=LINE('',#8048,#1900);
#1502=LINE('',#8055,#1901);
#1503=LINE('',#8060,#1902);
#1504=LINE('',#8066,#1903);
#1505=LINE('',#8067,#1904);
#1506=LINE('',#8068,#1905);
#1507=LINE('',#8115,#1906);
#1508=LINE('',#8129,#1907);
#1509=LINE('',#8144,#1908);
#1510=LINE('',#8145,#1909);
#1511=LINE('',#8146,#1910);
#1512=LINE('',#8185,#1911);
#1513=LINE('',#8231,#1912);
#1514=LINE('',#8235,#1913);
#1515=LINE('',#8295,#1914);
#1516=LINE('',#8306,#1915);
#1517=LINE('',#8318,#1916);
#1518=LINE('',#8319,#1917);
#1519=LINE('',#8320,#1918);
#1520=LINE('',#8375,#1919);
#1521=LINE('',#8429,#1920);
#1522=LINE('',#8431,#1921);
#1523=LINE('',#8433,#1922);
#1524=LINE('',#8434,#1923);
#1525=LINE('',#8438,#1924);
#1526=LINE('',#8445,#1925);
#1527=LINE('',#8450,#1926);
#1528=LINE('',#8515,#1927);
#1529=LINE('',#8527,#1928);
#1530=LINE('',#8540,#1929);
#1531=LINE('',#8541,#1930);
#1532=LINE('',#8542,#1931);
#1533=LINE('',#8593,#1932);
#1534=LINE('',#8660,#1933);
#1535=LINE('',#8687,#1934);
#1536=LINE('',#8699,#1935);
#1537=LINE('',#8703,#1936);
#1538=LINE('',#8708,#1937);
#1539=LINE('',#8709,#1938);
#1540=LINE('',#8710,#1939);
#1541=LINE('',#8715,#1940);
#1542=LINE('',#8721,#1941);
#1543=LINE('',#8722,#1942);
#1544=LINE('',#8749,#1943);
#1545=LINE('',#8752,#1944);
#1546=LINE('',#8756,#1945);
#1547=LINE('',#8766,#1946);
#1548=LINE('',#8772,#1947);
#1549=LINE('',#8775,#1948);
#1550=LINE('',#8777,#1949);
#1551=LINE('',#8781,#1950);
#1552=LINE('',#8785,#1951);
#1553=LINE('',#8787,#1952);
#1554=LINE('',#8789,#1953);
#1555=LINE('',#8791,#1954);
#1556=LINE('',#8793,#1955);
#1557=LINE('',#8795,#1956);
#1558=LINE('',#8797,#1957);
#1559=LINE('',#8799,#1958);
#1560=LINE('',#8801,#1959);
#1561=LINE('',#8805,#1960);
#1562=LINE('',#8808,#1961);
#1563=LINE('',#8818,#1962);
#1564=LINE('',#8822,#1963);
#1565=LINE('',#8826,#1964);
#1566=LINE('',#8830,#1965);
#1567=LINE('',#8837,#1966);
#1568=LINE('',#8840,#1967);
#1569=LINE('',#8844,#1968);
#1570=LINE('',#8845,#1969);
#1571=LINE('',#8849,#1970);
#1572=LINE('',#8852,#1971);
#1573=LINE('',#8854,#1972);
#1574=LINE('',#8855,#1973);
#1575=LINE('',#8858,#1974);
#1576=LINE('',#8859,#1975);
#1577=LINE('',#8862,#1976);
#1578=LINE('',#8866,#1977);
#1579=LINE('',#8867,#1978);
#1580=LINE('',#8870,#1979);
#1581=LINE('',#8874,#1980);
#1582=LINE('',#8875,#1981);
#1583=LINE('',#8879,#1982);
#1584=LINE('',#8884,#1983);
#1585=LINE('',#8885,#1984);
#1586=LINE('',#8887,#1985);
#1587=LINE('',#8920,#1986);
#1588=LINE('',#8921,#1987);
#1589=LINE('',#8956,#1988);
#1590=LINE('',#8959,#1989);
#1591=LINE('',#8966,#1990);
#1592=LINE('',#8969,#1991);
#1593=LINE('',#8975,#1992);
#1594=LINE('',#8978,#1993);
#1595=LINE('',#8985,#1994);
#1596=LINE('',#8987,#1995);
#1597=LINE('',#8988,#1996);
#1598=LINE('',#8992,#1997);
#1599=LINE('',#8996,#1998);
#1600=LINE('',#9007,#1999);
#1601=LINE('',#9012,#2000);
#1602=LINE('',#9013,#2001);
#1603=LINE('',#9066,#2002);
#1604=LINE('',#9067,#2003);
#1605=LINE('',#9103,#2004);
#1606=LINE('',#9106,#2005);
#1607=LINE('',#9109,#2006);
#1608=LINE('',#9121,#2007);
#1609=LINE('',#9123,#2008);
#1610=LINE('',#9126,#2009);
#1611=LINE('',#9138,#2010);
#1612=LINE('',#9144,#2011);
#1613=LINE('',#9147,#2012);
#1614=LINE('',#9150,#2013);
#1615=LINE('',#9152,#2014);
#1616=LINE('',#9153,#2015);
#1617=LINE('',#9159,#2016);
#1618=LINE('',#9165,#2017);
#1619=LINE('',#9168,#2018);
#1620=LINE('',#9173,#2019);
#1621=LINE('',#9180,#2020);
#1622=LINE('',#9183,#2021);
#1623=LINE('',#9188,#2022);
#1624=LINE('',#9192,#2023);
#1625=LINE('',#9195,#2024);
#1626=LINE('',#9200,#2025);
#1627=LINE('',#9203,#2026);
#1628=LINE('',#9204,#2027);
#1629=LINE('',#9212,#2028);
#1630=LINE('',#9215,#2029);
#1631=LINE('',#9222,#2030);
#1632=LINE('',#9229,#2031);
#1633=LINE('',#9232,#2032);
#1634=LINE('',#9233,#2033);
#1635=LINE('',#9236,#2034);
#1636=LINE('',#9240,#2035);
#1637=LINE('',#9243,#2036);
#1638=LINE('',#9246,#2037);
#1639=LINE('',#9247,#2038);
#1640=LINE('',#9250,#2039);
#1641=LINE('',#9256,#2040);
#1642=LINE('',#9257,#2041);
#1643=LINE('',#9261,#2042);
#1644=LINE('',#9264,#2043);
#1645=LINE('',#9265,#2044);
#1646=LINE('',#9269,#2045);
#1647=LINE('',#9272,#2046);
#1648=LINE('',#9275,#2047);
#1649=LINE('',#9280,#2048);
#1650=LINE('',#9283,#2049);
#1651=LINE('',#9288,#2050);
#1652=LINE('',#9292,#2051);
#1653=LINE('',#9294,#2052);
#1654=LINE('',#9297,#2053);
#1655=LINE('',#9300,#2054);
#1656=LINE('',#9319,#2055);
#1657=LINE('',#9320,#2056);
#1658=LINE('',#9380,#2057);
#1659=LINE('',#9381,#2058);
#1660=LINE('',#9393,#2059);
#1661=LINE('',#9394,#2060);
#1662=LINE('',#9420,#2061);
#1663=LINE('',#9423,#2062);
#1664=LINE('',#9434,#2063);
#1665=LINE('',#9437,#2064);
#1666=LINE('',#9440,#2065);
#1667=LINE('',#9441,#2066);
#1668=LINE('',#9444,#2067);
#1669=LINE('',#9448,#2068);
#1670=LINE('',#9454,#2069);
#1671=LINE('',#9480,#2070);
#1672=LINE('',#9484,#2071);
#1673=LINE('',#9489,#2072);
#1674=LINE('',#9495,#2073);
#1675=LINE('',#9500,#2074);
#1676=LINE('',#9505,#2075);
#1677=LINE('',#9511,#2076);
#1678=LINE('',#9514,#2077);
#1679=LINE('',#9516,#2078);
#1680=LINE('',#9518,#2079);
#1681=LINE('',#9522,#2080);
#1682=LINE('',#9527,#2081);
#1683=LINE('',#9531,#2082);
#1684=LINE('',#9532,#2083);
#1685=LINE('',#9537,#2084);
#1686=LINE('',#9545,#2085);
#1687=LINE('',#9550,#2086);
#1688=LINE('',#9556,#2087);
#1689=LINE('',#9561,#2088);
#1690=LINE('',#9568,#2089);
#1691=LINE('',#9573,#2090);
#1692=LINE('',#9580,#2091);
#1693=LINE('',#9585,#2092);
#1694=LINE('',#9591,#2093);
#1695=LINE('',#9592,#2094);
#1696=LINE('',#9593,#2095);
#1697=LINE('',#9640,#2096);
#1698=LINE('',#9654,#2097);
#1699=LINE('',#9669,#2098);
#1700=LINE('',#9670,#2099);
#1701=LINE('',#9671,#2100);
#1702=LINE('',#9710,#2101);
#1703=LINE('',#9756,#2102);
#1704=LINE('',#9760,#2103);
#1705=LINE('',#9820,#2104);
#1706=LINE('',#9831,#2105);
#1707=LINE('',#9843,#2106);
#1708=LINE('',#9844,#2107);
#1709=LINE('',#9845,#2108);
#1710=LINE('',#9900,#2109);
#1711=LINE('',#9954,#2110);
#1712=LINE('',#9956,#2111);
#1713=LINE('',#9958,#2112);
#1714=LINE('',#9959,#2113);
#1715=LINE('',#9963,#2114);
#1716=LINE('',#9970,#2115);
#1717=LINE('',#9975,#2116);
#1718=LINE('',#10040,#2117);
#1719=LINE('',#10052,#2118);
#1720=LINE('',#10065,#2119);
#1721=LINE('',#10066,#2120);
#1722=LINE('',#10067,#2121);
#1723=LINE('',#10118,#2122);
#1724=LINE('',#10185,#2123);
#1725=LINE('',#10212,#2124);
#1726=LINE('',#10224,#2125);
#1727=LINE('',#10228,#2126);
#1728=LINE('',#10233,#2127);
#1729=LINE('',#10234,#2128);
#1730=LINE('',#10235,#2129);
#1731=LINE('',#10240,#2130);
#1732=LINE('',#10246,#2131);
#1733=LINE('',#10247,#2132);
#1734=LINE('',#10274,#2133);
#1735=LINE('',#10277,#2134);
#1736=LINE('',#10280,#2135);
#1737=LINE('',#10296,#2136);
#1738=LINE('',#10304,#2137);
#1739=LINE('',#10310,#2138);
#1740=LINE('',#10316,#2139);
#1741=LINE('',#10318,#2140);
#1742=LINE('',#10320,#2141);
#1743=LINE('',#10322,#2142);
#1744=LINE('',#10324,#2143);
#1745=LINE('',#10326,#2144);
#1746=LINE('',#10328,#2145);
#1747=LINE('',#10330,#2146);
#1748=LINE('',#10332,#2147);
#1749=LINE('',#10336,#2148);
#1750=LINE('',#10340,#2149);
#1751=LINE('',#10341,#2150);
#1752=LINE('',#10344,#2151);
#1753=LINE('',#10347,#2152);
#1754=LINE('',#10352,#2153);
#1755=LINE('',#10362,#2154);
#1756=LINE('',#10366,#2155);
#1757=LINE('',#10370,#2156);
#1758=LINE('',#10376,#2157);
#1759=LINE('',#10379,#2158);
#1760=LINE('',#10386,#2159);
#1761=LINE('',#10387,#2160);
#1762=LINE('',#10389,#2161);
#1763=LINE('',#10390,#2162);
#1764=LINE('',#10392,#2163);
#1765=LINE('',#10399,#2164);
#1766=LINE('',#10402,#2165);
#1767=LINE('',#10404,#2166);
#1768=LINE('',#10405,#2167);
#1769=LINE('',#10407,#2168);
#1770=LINE('',#10408,#2169);
#1771=LINE('',#10411,#2170);
#1772=LINE('',#10412,#2171);
#1773=LINE('',#10416,#2172);
#1774=LINE('',#10419,#2173);
#1775=LINE('',#10420,#2174);
#1776=LINE('',#10424,#2175);
#1777=LINE('',#10427,#2176);
#1778=LINE('',#10428,#2177);
#1779=LINE('',#10431,#2178);
#1780=LINE('',#10438,#2179);
#1781=LINE('',#10439,#2180);
#1782=LINE('',#10441,#2181);
#1783=LINE('',#10446,#2182);
#1784=LINE('',#10465,#2183);
#1785=LINE('',#10466,#2184);
#1786=LINE('',#10468,#2185);
#1787=LINE('',#10475,#2186);
#1788=LINE('',#10482,#2187);
#1789=LINE('',#10516,#2188);
#1790=LINE('',#10517,#2189);
#1791=LINE('',#10552,#2190);
#1792=LINE('',#10555,#2191);
#1793=LINE('',#10562,#2192);
#1794=LINE('',#10565,#2193);
#1795=LINE('',#10572,#2194);
#1796=LINE('',#10574,#2195);
#1797=LINE('',#10581,#2196);
#1798=LINE('',#10583,#2197);
#1799=LINE('',#10584,#2198);
#1800=LINE('',#10587,#2199);
#1801=LINE('',#10591,#2200);
#1802=LINE('',#10595,#2201);
#1803=LINE('',#10606,#2202);
#1804=LINE('',#10608,#2203);
#1805=LINE('',#10662,#2204);
#1806=LINE('',#10663,#2205);
#1807=LINE('',#10692,#2206);
#1808=LINE('',#10693,#2207);
#1809=LINE('',#10699,#2208);
#1810=LINE('',#10703,#2209);
#1811=LINE('',#10727,#2210);
#1812=LINE('',#10730,#2211);
#1813=LINE('',#10731,#2212);
#1814=LINE('',#10733,#2213);
#1815=LINE('',#10735,#2214);
#1816=LINE('',#10743,#2215);
#1817=LINE('',#10760,#2216);
#1818=LINE('',#10763,#2217);
#1819=LINE('',#10766,#2218);
#1820=LINE('',#10768,#2219);
#1821=LINE('',#10769,#2220);
#1822=LINE('',#10774,#2221);
#1823=LINE('',#10784,#2222);
#1824=LINE('',#10787,#2223);
#1825=LINE('',#10792,#2224);
#1826=LINE('',#10799,#2225);
#1827=LINE('',#10802,#2226);
#1828=LINE('',#10804,#2227);
#1829=LINE('',#10810,#2228);
#1830=LINE('',#10815,#2229);
#1831=LINE('',#10818,#2230);
#1832=LINE('',#10822,#2231);
#1833=LINE('',#10823,#2232);
#1834=LINE('',#10831,#2233);
#1835=LINE('',#10834,#2234);
#1836=LINE('',#10837,#2235);
#1837=LINE('',#10845,#2236);
#1838=LINE('',#10851,#2237);
#1839=LINE('',#10852,#2238);
#1840=LINE('',#10856,#2239);
#1841=LINE('',#10859,#2240);
#1842=LINE('',#10862,#2241);
#1843=LINE('',#10865,#2242);
#1844=LINE('',#10866,#2243);
#1845=LINE('',#10870,#2244);
#1846=LINE('',#10875,#2245);
#1847=LINE('',#10876,#2246);
#1848=LINE('',#10879,#2247);
#1849=LINE('',#10883,#2248);
#1850=LINE('',#10887,#2249);
#1851=LINE('',#10898,#2250);
#1852=LINE('',#10900,#2251);
#1853=LINE('',#10902,#2252);
#1854=LINE('',#10912,#2253);
#1855=LINE('',#10915,#2254);
#1856=LINE('',#10917,#2255);
#1857=LINE('',#10919,#2256);
#1858=LINE('',#10921,#2257);
#1859=LINE('',#10922,#2258);
#1860=LINE('',#10925,#2259);
#1861=LINE('',#10926,#2260);
#1862=LINE('',#10929,#2261);
#1863=LINE('',#10932,#2262);
#1864=LINE('',#10933,#2263);
#1865=LINE('',#10944,#2264);
#1866=LINE('',#10955,#2265);
#1867=LINE('',#10956,#2266);
#1868=LINE('',#11016,#2267);
#1869=LINE('',#11017,#2268);
#1870=LINE('',#11027,#2269);
#1871=LINE('',#11029,#2270);
#1872=LINE('',#11056,#2271);
#1873=LINE('',#11059,#2272);
#1874=LINE('',#11062,#2273);
#1875=LINE('',#11070,#2274);
#1876=LINE('',#11071,#2275);
#1877=LINE('',#11072,#2276);
#1878=LINE('',#11075,#2277);
#1879=LINE('',#11078,#2278);
#1880=LINE('',#11080,#2279);
#1881=LINE('',#11082,#2280);
#1882=LINE('',#11084,#2281);
#1883=LINE('',#11088,#2282);
#1884=LINE('',#11093,#2283);
#1885=LINE('',#11096,#2284);
#1886=LINE('',#11103,#2285);
#1887=LINE('',#11105,#2286);
#1888=LINE('',#11107,#2287);
#1889=LINE('',#11109,#2288);
#1890=LINE('',#11111,#2289);
#1891=LINE('',#11113,#2290);
#1892=LINE('',#11115,#2291);
#1893=LINE('',#11127,#2292);
#1894=LINE('',#11132,#2293);
#1895=LINE('',#11138,#2294);
#1896=VECTOR('',#6340,10.);
#1897=VECTOR('',#6343,10.);
#1898=VECTOR('',#6348,10.);
#1899=VECTOR('',#6357,10.);
#1900=VECTOR('',#6362,10.);
#1901=VECTOR('',#6371,10.);
#1902=VECTOR('',#6376,10.);
#1903=VECTOR('',#6383,10.);
#1904=VECTOR('',#6384,10.);
#1905=VECTOR('',#6385,10.);
#1906=VECTOR('',#6386,10.);
#1907=VECTOR('',#6387,10.);
#1908=VECTOR('',#6390,10.);
#1909=VECTOR('',#6391,10.);
#1910=VECTOR('',#6392,10.);
#1911=VECTOR('',#6393,10.);
#1912=VECTOR('',#6396,10.);
#1913=VECTOR('',#6399,10.);
#1914=VECTOR('',#6402,10.);
#1915=VECTOR('',#6403,10.);
#1916=VECTOR('',#6406,10.);
#1917=VECTOR('',#6407,10.);
#1918=VECTOR('',#6408,10.);
#1919=VECTOR('',#6409,10.);
#1920=VECTOR('',#6412,10.);
#1921=VECTOR('',#6413,10.);
#1922=VECTOR('',#6414,10.);
#1923=VECTOR('',#6415,10.);
#1924=VECTOR('',#6418,10.);
#1925=VECTOR('',#6427,10.);
#1926=VECTOR('',#6432,10.);
#1927=VECTOR('',#6437,10.);
#1928=VECTOR('',#6438,10.);
#1929=VECTOR('',#6441,10.);
#1930=VECTOR('',#6442,10.);
#1931=VECTOR('',#6443,10.);
#1932=VECTOR('',#6444,10.);
#1933=VECTOR('',#6445,10.);
#1934=VECTOR('',#6446,10.);
#1935=VECTOR('',#6449,10.);
#1936=VECTOR('',#6452,10.);
#1937=VECTOR('',#6457,10.);
#1938=VECTOR('',#6458,10.);
#1939=VECTOR('',#6459,10.);
#1940=VECTOR('',#6464,10.);
#1941=VECTOR('',#6471,10.);
#1942=VECTOR('',#6472,10.);
#1943=VECTOR('',#6475,10.);
#1944=VECTOR('',#6478,7.99999999999999);
#1945=VECTOR('',#6483,7.99999999999999);
#1946=VECTOR('',#6496,10.);
#1947=VECTOR('',#6503,10.);
#1948=VECTOR('',#6506,10.);
#1949=VECTOR('',#6507,10.);
#1950=VECTOR('',#6510,10.);
#1951=VECTOR('',#6513,10.);
#1952=VECTOR('',#6514,10.);
#1953=VECTOR('',#6515,10.);
#1954=VECTOR('',#6516,10.);
#1955=VECTOR('',#6517,10.);
#1956=VECTOR('',#6518,10.);
#1957=VECTOR('',#6519,10.);
#1958=VECTOR('',#6520,10.);
#1959=VECTOR('',#6521,10.);
#1960=VECTOR('',#6526,10.);
#1961=VECTOR('',#6529,10.);
#1962=VECTOR('',#6534,10.);
#1963=VECTOR('',#6539,10.);
#1964=VECTOR('',#6544,8.);
#1965=VECTOR('',#6549,8.);
#1966=VECTOR('',#6556,10.);
#1967=VECTOR('',#6559,10.);
#1968=VECTOR('',#6564,10.);
#1969=VECTOR('',#6565,10.);
#1970=VECTOR('',#6570,10.);
#1971=VECTOR('',#6573,10.);
#1972=VECTOR('',#6574,10.);
#1973=VECTOR('',#6575,10.);
#1974=VECTOR('',#6578,10.);
#1975=VECTOR('',#6579,10.);
#1976=VECTOR('',#6582,10.);
#1977=VECTOR('',#6587,10.);
#1978=VECTOR('',#6588,10.);
#1979=VECTOR('',#6591,10.);
#1980=VECTOR('',#6596,10.);
#1981=VECTOR('',#6597,10.);
#1982=VECTOR('',#6600,10.);
#1983=VECTOR('',#6607,10.);
#1984=VECTOR('',#6608,10.);
#1985=VECTOR('',#6611,10.);
#1986=VECTOR('',#6624,10.);
#1987=VECTOR('',#6625,10.);
#1988=VECTOR('',#6636,10.);
#1989=VECTOR('',#6639,10.);
#1990=VECTOR('',#6648,10.);
#1991=VECTOR('',#6651,10.);
#1992=VECTOR('',#6660,10.);
#1993=VECTOR('',#6663,10.);
#1994=VECTOR('',#6674,10.);
#1995=VECTOR('',#6675,10.);
#1996=VECTOR('',#6676,10.);
#1997=VECTOR('',#6681,10.);
#1998=VECTOR('',#6686,10.);
#1999=VECTOR('',#6691,10.);
#2000=VECTOR('',#6696,10.);
#2001=VECTOR('',#6697,10.);
#2002=VECTOR('',#6738,10.);
#2003=VECTOR('',#6739,10.);
#2004=VECTOR('',#6758,10.);
#2005=VECTOR('',#6761,10.);
#2006=VECTOR('',#6764,10.);
#2007=VECTOR('',#6765,10.);
#2008=VECTOR('',#6768,10.);
#2009=VECTOR('',#6773,10.);
#2010=VECTOR('',#6778,10.);
#2011=VECTOR('',#6783,10.);
#2012=VECTOR('',#6786,10.);
#2013=VECTOR('',#6789,10.);
#2014=VECTOR('',#6790,10.);
#2015=VECTOR('',#6791,10.);
#2016=VECTOR('',#6798,10.);
#2017=VECTOR('',#6803,10.);
#2018=VECTOR('',#6806,10.);
#2019=VECTOR('',#6811,10.);
#2020=VECTOR('',#6818,10.);
#2021=VECTOR('',#6821,10.);
#2022=VECTOR('',#6826,10.);
#2023=VECTOR('',#6831,10.);
#2024=VECTOR('',#6834,10.);
#2025=VECTOR('',#6841,10.);
#2026=VECTOR('',#6844,10.);
#2027=VECTOR('',#6845,10.);
#2028=VECTOR('',#6854,10.);
#2029=VECTOR('',#6857,10.);
#2030=VECTOR('',#6864,10.);
#2031=VECTOR('',#6871,10.);
#2032=VECTOR('',#6874,10.);
#2033=VECTOR('',#6875,10.);
#2034=VECTOR('',#6878,10.);
#2035=VECTOR('',#6883,10.);
#2036=VECTOR('',#6886,10.);
#2037=VECTOR('',#6889,10.);
#2038=VECTOR('',#6890,10.);
#2039=VECTOR('',#6893,10.);
#2040=VECTOR('',#6900,10.);
#2041=VECTOR('',#6901,10.);
#2042=VECTOR('',#6906,10.);
#2043=VECTOR('',#6909,10.);
#2044=VECTOR('',#6910,10.);
#2045=VECTOR('',#6915,10.);
#2046=VECTOR('',#6918,10.);
#2047=VECTOR('',#6921,10.);
#2048=VECTOR('',#6928,10.);
#2049=VECTOR('',#6931,10.);
#2050=VECTOR('',#6938,10.);
#2051=VECTOR('',#6943,10.);
#2052=VECTOR('',#6944,10.);
#2053=VECTOR('',#6947,10.);
#2054=VECTOR('',#6950,10.);
#2055=VECTOR('',#6967,10.);
#2056=VECTOR('',#6968,10.);
#2057=VECTOR('',#6981,10.);
#2058=VECTOR('',#6982,10.);
#2059=VECTOR('',#6987,10.);
#2060=VECTOR('',#6988,10.);
#2061=VECTOR('',#6991,10.);
#2062=VECTOR('',#6996,10.);
#2063=VECTOR('',#7001,10.);
#2064=VECTOR('',#7004,10.);
#2065=VECTOR('',#7009,10.);
#2066=VECTOR('',#7010,10.);
#2067=VECTOR('',#7013,1.65);
#2068=VECTOR('',#7018,1.65);
#2069=VECTOR('',#7025,3.5);
#2070=VECTOR('',#7036,10.);
#2071=VECTOR('',#7041,1.6);
#2072=VECTOR('',#7046,1.6);
#2073=VECTOR('',#7053,1.6);
#2074=VECTOR('',#7060,1.6);
#2075=VECTOR('',#7065,1.6);
#2076=VECTOR('',#7072,1.6);
#2077=VECTOR('',#7077,10.);
#2078=VECTOR('',#7080,10.);
#2079=VECTOR('',#7083,10.);
#2080=VECTOR('',#7090,10.);
#2081=VECTOR('',#7097,10.);
#2082=VECTOR('',#7102,10.);
#2083=VECTOR('',#7103,10.);
#2084=VECTOR('',#7108,22.13);
#2085=VECTOR('',#7119,24.4196116135138);
#2086=VECTOR('',#7124,10.);
#2087=VECTOR('',#7131,10.);
#2088=VECTOR('',#7136,10.);
#2089=VECTOR('',#7145,10.);
#2090=VECTOR('',#7150,10.);
#2091=VECTOR('',#7159,10.);
#2092=VECTOR('',#7164,10.);
#2093=VECTOR('',#7171,10.);
#2094=VECTOR('',#7172,10.);
#2095=VECTOR('',#7173,10.);
#2096=VECTOR('',#7174,10.);
#2097=VECTOR('',#7175,10.);
#2098=VECTOR('',#7178,10.);
#2099=VECTOR('',#7179,10.);
#2100=VECTOR('',#7180,10.);
#2101=VECTOR('',#7181,10.);
#2102=VECTOR('',#7184,10.);
#2103=VECTOR('',#7187,10.);
#2104=VECTOR('',#7190,10.);
#2105=VECTOR('',#7191,10.);
#2106=VECTOR('',#7194,10.);
#2107=VECTOR('',#7195,10.);
#2108=VECTOR('',#7196,10.);
#2109=VECTOR('',#7197,10.);
#2110=VECTOR('',#7200,10.);
#2111=VECTOR('',#7201,10.);
#2112=VECTOR('',#7202,10.);
#2113=VECTOR('',#7203,10.);
#2114=VECTOR('',#7206,10.);
#2115=VECTOR('',#7215,10.);
#2116=VECTOR('',#7220,10.);
#2117=VECTOR('',#7225,10.);
#2118=VECTOR('',#7226,10.);
#2119=VECTOR('',#7229,10.);
#2120=VECTOR('',#7230,10.);
#2121=VECTOR('',#7231,10.);
#2122=VECTOR('',#7232,10.);
#2123=VECTOR('',#7233,10.);
#2124=VECTOR('',#7234,10.);
#2125=VECTOR('',#7237,10.);
#2126=VECTOR('',#7240,10.);
#2127=VECTOR('',#7245,10.);
#2128=VECTOR('',#7246,10.);
#2129=VECTOR('',#7247,10.);
#2130=VECTOR('',#7252,10.);
#2131=VECTOR('',#7259,10.);
#2132=VECTOR('',#7260,10.);
#2133=VECTOR('',#7263,7.99999999999999);
#2134=VECTOR('',#7266,10.);
#2135=VECTOR('',#7269,7.99999999999999);
#2136=VECTOR('',#7292,10.);
#2137=VECTOR('',#7303,10.);
#2138=VECTOR('',#7310,10.);
#2139=VECTOR('',#7317,10.);
#2140=VECTOR('',#7318,10.);
#2141=VECTOR('',#7319,10.);
#2142=VECTOR('',#7320,10.);
#2143=VECTOR('',#7321,10.);
#2144=VECTOR('',#7322,10.);
#2145=VECTOR('',#7323,10.);
#2146=VECTOR('',#7324,10.);
#2147=VECTOR('',#7325,10.);
#2148=VECTOR('',#7328,10.);
#2149=VECTOR('',#7331,10.);
#2150=VECTOR('',#7332,10.);
#2151=VECTOR('',#7335,10.);
#2152=VECTOR('',#7338,10.);
#2153=VECTOR('',#7343,10.);
#2154=VECTOR('',#7350,10.);
#2155=VECTOR('',#7355,8.);
#2156=VECTOR('',#7360,8.);
#2157=VECTOR('',#7365,10.);
#2158=VECTOR('',#7368,10.);
#2159=VECTOR('',#7379,10.);
#2160=VECTOR('',#7380,10.);
#2161=VECTOR('',#7383,10.);
#2162=VECTOR('',#7384,10.);
#2163=VECTOR('',#7387,10.);
#2164=VECTOR('',#7396,10.);
#2165=VECTOR('',#7399,10.);
#2166=VECTOR('',#7400,10.);
#2167=VECTOR('',#7401,10.);
#2168=VECTOR('',#7404,10.);
#2169=VECTOR('',#7405,10.);
#2170=VECTOR('',#7408,10.);
#2171=VECTOR('',#7409,10.);
#2172=VECTOR('',#7414,10.);
#2173=VECTOR('',#7417,10.);
#2174=VECTOR('',#7418,10.);
#2175=VECTOR('',#7423,10.);
#2176=VECTOR('',#7426,10.);
#2177=VECTOR('',#7427,10.);
#2178=VECTOR('',#7430,10.);
#2179=VECTOR('',#7441,10.);
#2180=VECTOR('',#7442,10.);
#2181=VECTOR('',#7445,10.);
#2182=VECTOR('',#7450,10.);
#2183=VECTOR('',#7451,10.);
#2184=VECTOR('',#7452,10.);
#2185=VECTOR('',#7455,10.);
#2186=VECTOR('',#7464,10.);
#2187=VECTOR('',#7473,10.);
#2188=VECTOR('',#7488,10.);
#2189=VECTOR('',#7489,10.);
#2190=VECTOR('',#7500,10.);
#2191=VECTOR('',#7503,10.);
#2192=VECTOR('',#7512,10.);
#2193=VECTOR('',#7515,10.);
#2194=VECTOR('',#7524,10.);
#2195=VECTOR('',#7527,10.);
#2196=VECTOR('',#7538,10.);
#2197=VECTOR('',#7539,10.);
#2198=VECTOR('',#7540,10.);
#2199=VECTOR('',#7543,10.);
#2200=VECTOR('',#7548,10.);
#2201=VECTOR('',#7553,10.);
#2202=VECTOR('',#7558,10.);
#2203=VECTOR('',#7559,10.);
#2204=VECTOR('',#7602,10.);
#2205=VECTOR('',#7603,10.);
#2206=VECTOR('',#7630,10.);
#2207=VECTOR('',#7631,10.);
#2208=VECTOR('',#7638,10.);
#2209=VECTOR('',#7641,10.);
#2210=VECTOR('',#7644,10.);
#2211=VECTOR('',#7649,10.);
#2212=VECTOR('',#7650,10.);
#2213=VECTOR('',#7653,10.);
#2214=VECTOR('',#7656,10.);
#2215=VECTOR('',#7667,24.9);
#2216=VECTOR('',#7676,10.);
#2217=VECTOR('',#7679,10.);
#2218=VECTOR('',#7682,10.);
#2219=VECTOR('',#7683,10.);
#2220=VECTOR('',#7684,10.);
#2221=VECTOR('',#7689,10.);
#2222=VECTOR('',#7702,10.);
#2223=VECTOR('',#7705,10.);
#2224=VECTOR('',#7710,10.);
#2225=VECTOR('',#7717,10.);
#2226=VECTOR('',#7720,10.);
#2227=VECTOR('',#7723,10.);
#2228=VECTOR('',#7728,10.);
#2229=VECTOR('',#7735,10.);
#2230=VECTOR('',#7738,10.);
#2231=VECTOR('',#7743,10.);
#2232=VECTOR('',#7744,10.);
#2233=VECTOR('',#7753,10.);
#2234=VECTOR('',#7756,10.);
#2235=VECTOR('',#7759,10.);
#2236=VECTOR('',#7766,10.);
#2237=VECTOR('',#7773,10.);
#2238=VECTOR('',#7774,10.);
#2239=VECTOR('',#7779,10.);
#2240=VECTOR('',#7782,10.);
#2241=VECTOR('',#7785,10.);
#2242=VECTOR('',#7788,10.);
#2243=VECTOR('',#7789,10.);
#2244=VECTOR('',#7794,10.);
#2245=VECTOR('',#7799,10.);
#2246=VECTOR('',#7800,10.);
#2247=VECTOR('',#7803,10.);
#2248=VECTOR('',#7808,10.);
#2249=VECTOR('',#7811,10.);
#2250=VECTOR('',#7822,10.);
#2251=VECTOR('',#7823,10.);
#2252=VECTOR('',#7824,10.);
#2253=VECTOR('',#7837,10.);
#2254=VECTOR('',#7842,10.);
#2255=VECTOR('',#7845,10.);
#2256=VECTOR('',#7848,10.);
#2257=VECTOR('',#7851,10.);
#2258=VECTOR('',#7852,10.);
#2259=VECTOR('',#7857,10.);
#2260=VECTOR('',#7858,10.);
#2261=VECTOR('',#7863,10.);
#2262=VECTOR('',#7866,10.);
#2263=VECTOR('',#7867,10.);
#2264=VECTOR('',#7872,10.);
#2265=VECTOR('',#7887,10.);
#2266=VECTOR('',#7888,10.);
#2267=VECTOR('',#7901,10.);
#2268=VECTOR('',#7902,10.);
#2269=VECTOR('',#7905,10.);
#2270=VECTOR('',#7906,10.);
#2271=VECTOR('',#7911,10.);
#2272=VECTOR('',#7916,10.);
#2273=VECTOR('',#7919,10.);
#2274=VECTOR('',#7920,10.);
#2275=VECTOR('',#7921,2.);
#2276=VECTOR('',#7922,10.);
#2277=VECTOR('',#7927,10.);
#2278=VECTOR('',#7932,10.);
#2279=VECTOR('',#7935,10.);
#2280=VECTOR('',#7938,1.65);
#2281=VECTOR('',#7941,1.65);
#2282=VECTOR('',#7946,3.5);
#2283=VECTOR('',#7953,10.);
#2284=VECTOR('',#7956,10.);
#2285=VECTOR('',#7965,10.);
#2286=VECTOR('',#7968,1.6);
#2287=VECTOR('',#7971,1.6);
#2288=VECTOR('',#7974,1.6);
#2289=VECTOR('',#7977,1.6);
#2290=VECTOR('',#7980,1.6);
#2291=VECTOR('',#7983,1.6);
#2292=VECTOR('',#8006,10.);
#2293=VECTOR('',#8013,20.);
#2294=VECTOR('',#8022,22.);
#2295=VERTEX_POINT('',#8025);
#2296=VERTEX_POINT('',#8026);
#2297=VERTEX_POINT('',#8028);
#2298=VERTEX_POINT('',#8030);
#2299=VERTEX_POINT('',#8034);
#2300=VERTEX_POINT('',#8035);
#2301=VERTEX_POINT('',#8040);
#2302=VERTEX_POINT('',#8042);
#2303=VERTEX_POINT('',#8046);
#2304=VERTEX_POINT('',#8047);
#2305=VERTEX_POINT('',#8052);
#2306=VERTEX_POINT('',#8054);
#2307=VERTEX_POINT('',#8058);
#2308=VERTEX_POINT('',#8059);
#2309=VERTEX_POINT('',#8064);
#2310=VERTEX_POINT('',#8065);
#2311=VERTEX_POINT('',#8113);
#2312=VERTEX_POINT('',#8114);
#2313=VERTEX_POINT('',#8116);
#2314=VERTEX_POINT('',#8128);
#2315=VERTEX_POINT('',#8142);
#2316=VERTEX_POINT('',#8143);
#2317=VERTEX_POINT('',#8183);
#2318=VERTEX_POINT('',#8184);
#2319=VERTEX_POINT('',#8229);
#2320=VERTEX_POINT('',#8230);
#2321=VERTEX_POINT('',#8232);
#2322=VERTEX_POINT('',#8234);
#2323=VERTEX_POINT('',#8293);
#2324=VERTEX_POINT('',#8294);
#2325=VERTEX_POINT('',#8296);
#2326=VERTEX_POINT('',#8305);
#2327=VERTEX_POINT('',#8316);
#2328=VERTEX_POINT('',#8317);
#2329=VERTEX_POINT('',#8373);
#2330=VERTEX_POINT('',#8374);
#2331=VERTEX_POINT('',#8427);
#2332=VERTEX_POINT('',#8428);
#2333=VERTEX_POINT('',#8430);
#2334=VERTEX_POINT('',#8432);
#2335=VERTEX_POINT('',#8436);
#2336=VERTEX_POINT('',#8437);
#2337=VERTEX_POINT('',#8442);
#2338=VERTEX_POINT('',#8444);
#2339=VERTEX_POINT('',#8448);
#2340=VERTEX_POINT('',#8449);
#2341=VERTEX_POINT('',#8513);
#2342=VERTEX_POINT('',#8514);
#2343=VERTEX_POINT('',#8516);
#2344=VERTEX_POINT('',#8526);
#2345=VERTEX_POINT('',#8538);
#2346=VERTEX_POINT('',#8539);
#2347=VERTEX_POINT('',#8591);
#2348=VERTEX_POINT('',#8592);
#2349=VERTEX_POINT('',#8658);
#2350=VERTEX_POINT('',#8659);
#2351=VERTEX_POINT('',#8685);
#2352=VERTEX_POINT('',#8686);
#2353=VERTEX_POINT('',#8697);
#2354=VERTEX_POINT('',#8698);
#2355=VERTEX_POINT('',#8700);
#2356=VERTEX_POINT('',#8702);
#2357=VERTEX_POINT('',#8706);
#2358=VERTEX_POINT('',#8707);
#2359=VERTEX_POINT('',#8712);
#2360=VERTEX_POINT('',#8714);
#2361=VERTEX_POINT('',#8718);
#2362=VERTEX_POINT('',#8719);
#2363=VERTEX_POINT('',#8748);
#2364=VERTEX_POINT('',#8750);
#2365=VERTEX_POINT('',#8754);
#2366=VERTEX_POINT('',#8758);
#2367=VERTEX_POINT('',#8760);
#2368=VERTEX_POINT('',#8764);
#2369=VERTEX_POINT('',#8767);
#2370=VERTEX_POINT('',#8770);
#2371=VERTEX_POINT('',#8774);
#2372=VERTEX_POINT('',#8776);
#2373=VERTEX_POINT('',#8778);
#2374=VERTEX_POINT('',#8780);
#2375=VERTEX_POINT('',#8782);
#2376=VERTEX_POINT('',#8784);
#2377=VERTEX_POINT('',#8786);
#2378=VERTEX_POINT('',#8788);
#2379=VERTEX_POINT('',#8790);
#2380=VERTEX_POINT('',#8792);
#2381=VERTEX_POINT('',#8794);
#2382=VERTEX_POINT('',#8796);
#2383=VERTEX_POINT('',#8798);
#2384=VERTEX_POINT('',#8800);
#2385=VERTEX_POINT('',#8804);
#2386=VERTEX_POINT('',#8806);
#2387=VERTEX_POINT('',#8810);
#2388=VERTEX_POINT('',#8812);
#2389=VERTEX_POINT('',#8817);
#2390=VERTEX_POINT('',#8821);
#2391=VERTEX_POINT('',#8825);
#2392=VERTEX_POINT('',#8829);
#2393=VERTEX_POINT('',#8833);
#2394=VERTEX_POINT('',#8834);
#2395=VERTEX_POINT('',#8836);
#2396=VERTEX_POINT('',#8838);
#2397=VERTEX_POINT('',#8842);
#2398=VERTEX_POINT('',#8847);
#2399=VERTEX_POINT('',#8851);
#2400=VERTEX_POINT('',#8853);
#2401=VERTEX_POINT('',#8857);
#2402=VERTEX_POINT('',#8861);
#2403=VERTEX_POINT('',#8865);
#2404=VERTEX_POINT('',#8869);
#2405=VERTEX_POINT('',#8873);
#2406=VERTEX_POINT('',#8877);
#2407=VERTEX_POINT('',#8878);
#2408=VERTEX_POINT('',#8883);
#2409=VERTEX_POINT('',#8908);
#2410=VERTEX_POINT('',#8909);
#2411=VERTEX_POINT('',#8911);
#2412=VERTEX_POINT('',#8913);
#2413=VERTEX_POINT('',#8917);
#2414=VERTEX_POINT('',#8918);
#2415=VERTEX_POINT('',#8947);
#2416=VERTEX_POINT('',#8948);
#2417=VERTEX_POINT('',#8953);
#2418=VERTEX_POINT('',#8955);
#2419=VERTEX_POINT('',#8957);
#2420=VERTEX_POINT('',#8963);
#2421=VERTEX_POINT('',#8965);
#2422=VERTEX_POINT('',#8967);
#2423=VERTEX_POINT('',#8973);
#2424=VERTEX_POINT('',#8976);
#2425=VERTEX_POINT('',#8984);
#2426=VERTEX_POINT('',#8986);
#2427=VERTEX_POINT('',#8990);
#2428=VERTEX_POINT('',#8994);
#2429=VERTEX_POINT('',#8998);
#2430=VERTEX_POINT('',#9000);
#2431=VERTEX_POINT('',#9009);
#2432=VERTEX_POINT('',#9011);
#2433=VERTEX_POINT('',#9015);
#2434=VERTEX_POINT('',#9017);
#2435=VERTEX_POINT('',#9020);
#2436=VERTEX_POINT('',#9021);
#2437=VERTEX_POINT('',#9023);
#2438=VERTEX_POINT('',#9025);
#2439=VERTEX_POINT('',#9037);
#2440=VERTEX_POINT('',#9038);
#2441=VERTEX_POINT('',#9043);
#2442=VERTEX_POINT('',#9044);
#2443=VERTEX_POINT('',#9057);
#2444=VERTEX_POINT('',#9058);
#2445=VERTEX_POINT('',#9063);
#2446=VERTEX_POINT('',#9064);
#2447=VERTEX_POINT('',#9069);
#2448=VERTEX_POINT('',#9070);
#2449=VERTEX_POINT('',#9083);
#2450=VERTEX_POINT('',#9084);
#2451=VERTEX_POINT('',#9089);
#2452=VERTEX_POINT('',#9091);
#2453=VERTEX_POINT('',#9102);
#2454=VERTEX_POINT('',#9104);
#2455=VERTEX_POINT('',#9108);
#2456=VERTEX_POINT('',#9110);
#2457=VERTEX_POINT('',#9140);
#2458=VERTEX_POINT('',#9141);
#2459=VERTEX_POINT('',#9143);
#2460=VERTEX_POINT('',#9145);
#2461=VERTEX_POINT('',#9149);
#2462=VERTEX_POINT('',#9151);
#2463=VERTEX_POINT('',#9155);
#2464=VERTEX_POINT('',#9157);
#2465=VERTEX_POINT('',#9161);
#2466=VERTEX_POINT('',#9162);
#2467=VERTEX_POINT('',#9164);
#2468=VERTEX_POINT('',#9166);
#2469=VERTEX_POINT('',#9170);
#2470=VERTEX_POINT('',#9172);
#2471=VERTEX_POINT('',#9176);
#2472=VERTEX_POINT('',#9177);
#2473=VERTEX_POINT('',#9179);
#2474=VERTEX_POINT('',#9181);
#2475=VERTEX_POINT('',#9185);
#2476=VERTEX_POINT('',#9187);
#2477=VERTEX_POINT('',#9189);
#2478=VERTEX_POINT('',#9194);
#2479=VERTEX_POINT('',#9198);
#2480=VERTEX_POINT('',#9202);
#2481=VERTEX_POINT('',#9208);
#2482=VERTEX_POINT('',#9209);
#2483=VERTEX_POINT('',#9211);
#2484=VERTEX_POINT('',#9213);
#2485=VERTEX_POINT('',#9217);
#2486=VERTEX_POINT('',#9219);
#2487=VERTEX_POINT('',#9221);
#2488=VERTEX_POINT('',#9223);
#2489=VERTEX_POINT('',#9225);
#2490=VERTEX_POINT('',#9227);
#2491=VERTEX_POINT('',#9231);
#2492=VERTEX_POINT('',#9235);
#2493=VERTEX_POINT('',#9239);
#2494=VERTEX_POINT('',#9241);
#2495=VERTEX_POINT('',#9245);
#2496=VERTEX_POINT('',#9249);
#2497=VERTEX_POINT('',#9253);
#2498=VERTEX_POINT('',#9254);
#2499=VERTEX_POINT('',#9259);
#2500=VERTEX_POINT('',#9263);
#2501=VERTEX_POINT('',#9267);
#2502=VERTEX_POINT('',#9271);
#2503=VERTEX_POINT('',#9273);
#2504=VERTEX_POINT('',#9279);
#2505=VERTEX_POINT('',#9281);
#2506=VERTEX_POINT('',#9287);
#2507=VERTEX_POINT('',#9291);
#2508=VERTEX_POINT('',#9293);
#2509=VERTEX_POINT('',#9295);
#2510=VERTEX_POINT('',#9299);
#2511=VERTEX_POINT('',#9301);
#2512=VERTEX_POINT('',#9312);
#2513=VERTEX_POINT('',#9313);
#2514=VERTEX_POINT('',#9315);
#2515=VERTEX_POINT('',#9341);
#2516=VERTEX_POINT('',#9343);
#2517=VERTEX_POINT('',#9348);
#2518=VERTEX_POINT('',#9374);
#2519=VERTEX_POINT('',#9375);
#2520=VERTEX_POINT('',#9383);
#2521=VERTEX_POINT('',#9384);
#2522=VERTEX_POINT('',#9391);
#2523=VERTEX_POINT('',#9425);
#2524=VERTEX_POINT('',#9427);
#2525=VERTEX_POINT('',#9436);
#2526=VERTEX_POINT('',#9443);
#2527=VERTEX_POINT('',#9447);
#2528=VERTEX_POINT('',#9451);
#2529=VERTEX_POINT('',#9453);
#2530=VERTEX_POINT('',#9455);
#2531=VERTEX_POINT('',#9464);
#2532=VERTEX_POINT('',#9475);
#2533=VERTEX_POINT('',#9478);
#2534=VERTEX_POINT('',#9482);
#2535=VERTEX_POINT('',#9486);
#2536=VERTEX_POINT('',#9488);
#2537=VERTEX_POINT('',#9492);
#2538=VERTEX_POINT('',#9494);
#2539=VERTEX_POINT('',#9498);
#2540=VERTEX_POINT('',#9502);
#2541=VERTEX_POINT('',#9504);
#2542=VERTEX_POINT('',#9508);
#2543=VERTEX_POINT('',#9510);
#2544=VERTEX_POINT('',#9526);
#2545=VERTEX_POINT('',#9530);
#2546=VERTEX_POINT('',#9534);
#2547=VERTEX_POINT('',#9536);
#2548=VERTEX_POINT('',#9540);
#2549=VERTEX_POINT('',#9543);
#2550=VERTEX_POINT('',#9547);
#2551=VERTEX_POINT('',#9549);
#2552=VERTEX_POINT('',#9553);
#2553=VERTEX_POINT('',#9555);
#2554=VERTEX_POINT('',#9559);
#2555=VERTEX_POINT('',#9560);
#2556=VERTEX_POINT('',#9565);
#2557=VERTEX_POINT('',#9567);
#2558=VERTEX_POINT('',#9571);
#2559=VERTEX_POINT('',#9572);
#2560=VERTEX_POINT('',#9577);
#2561=VERTEX_POINT('',#9579);
#2562=VERTEX_POINT('',#9583);
#2563=VERTEX_POINT('',#9584);
#2564=VERTEX_POINT('',#9589);
#2565=VERTEX_POINT('',#9590);
#2566=VERTEX_POINT('',#9638);
#2567=VERTEX_POINT('',#9639);
#2568=VERTEX_POINT('',#9641);
#2569=VERTEX_POINT('',#9653);
#2570=VERTEX_POINT('',#9667);
#2571=VERTEX_POINT('',#9668);
#2572=VERTEX_POINT('',#9708);
#2573=VERTEX_POINT('',#9709);
#2574=VERTEX_POINT('',#9754);
#2575=VERTEX_POINT('',#9755);
#2576=VERTEX_POINT('',#9757);
#2577=VERTEX_POINT('',#9759);
#2578=VERTEX_POINT('',#9818);
#2579=VERTEX_POINT('',#9819);
#2580=VERTEX_POINT('',#9821);
#2581=VERTEX_POINT('',#9830);
#2582=VERTEX_POINT('',#9841);
#2583=VERTEX_POINT('',#9842);
#2584=VERTEX_POINT('',#9898);
#2585=VERTEX_POINT('',#9899);
#2586=VERTEX_POINT('',#9952);
#2587=VERTEX_POINT('',#9953);
#2588=VERTEX_POINT('',#9955);
#2589=VERTEX_POINT('',#9957);
#2590=VERTEX_POINT('',#9961);
#2591=VERTEX_POINT('',#9962);
#2592=VERTEX_POINT('',#9967);
#2593=VERTEX_POINT('',#9969);
#2594=VERTEX_POINT('',#9973);
#2595=VERTEX_POINT('',#9974);
#2596=VERTEX_POINT('',#10038);
#2597=VERTEX_POINT('',#10039);
#2598=VERTEX_POINT('',#10041);
#2599=VERTEX_POINT('',#10051);
#2600=VERTEX_POINT('',#10063);
#2601=VERTEX_POINT('',#10064);
#2602=VERTEX_POINT('',#10116);
#2603=VERTEX_POINT('',#10117);
#2604=VERTEX_POINT('',#10183);
#2605=VERTEX_POINT('',#10184);
#2606=VERTEX_POINT('',#10210);
#2607=VERTEX_POINT('',#10211);
#2608=VERTEX_POINT('',#10222);
#2609=VERTEX_POINT('',#10223);
#2610=VERTEX_POINT('',#10225);
#2611=VERTEX_POINT('',#10227);
#2612=VERTEX_POINT('',#10231);
#2613=VERTEX_POINT('',#10232);
#2614=VERTEX_POINT('',#10237);
#2615=VERTEX_POINT('',#10239);
#2616=VERTEX_POINT('',#10243);
#2617=VERTEX_POINT('',#10244);
#2618=VERTEX_POINT('',#10273);
#2619=VERTEX_POINT('',#10275);
#2620=VERTEX_POINT('',#10279);
#2621=VERTEX_POINT('',#10286);
#2622=VERTEX_POINT('',#10288);
#2623=VERTEX_POINT('',#10293);
#2624=VERTEX_POINT('',#10295);
#2625=VERTEX_POINT('',#10299);
#2626=VERTEX_POINT('',#10303);
#2627=VERTEX_POINT('',#10306);
#2628=VERTEX_POINT('',#10309);
#2629=VERTEX_POINT('',#10313);
#2630=VERTEX_POINT('',#10315);
#2631=VERTEX_POINT('',#10317);
#2632=VERTEX_POINT('',#10319);
#2633=VERTEX_POINT('',#10321);
#2634=VERTEX_POINT('',#10323);
#2635=VERTEX_POINT('',#10325);
#2636=VERTEX_POINT('',#10327);
#2637=VERTEX_POINT('',#10329);
#2638=VERTEX_POINT('',#10331);
#2639=VERTEX_POINT('',#10333);
#2640=VERTEX_POINT('',#10335);
#2641=VERTEX_POINT('',#10337);
#2642=VERTEX_POINT('',#10339);
#2643=VERTEX_POINT('',#10343);
#2644=VERTEX_POINT('',#10345);
#2645=VERTEX_POINT('',#10349);
#2646=VERTEX_POINT('',#10351);
#2647=VERTEX_POINT('',#10353);
#2648=VERTEX_POINT('',#10360);
#2649=VERTEX_POINT('',#10364);
#2650=VERTEX_POINT('',#10368);
#2651=VERTEX_POINT('',#10372);
#2652=VERTEX_POINT('',#10373);
#2653=VERTEX_POINT('',#10375);
#2654=VERTEX_POINT('',#10377);
#2655=VERTEX_POINT('',#10381);
#2656=VERTEX_POINT('',#10393);
#2657=VERTEX_POINT('',#10395);
#2658=VERTEX_POINT('',#10401);
#2659=VERTEX_POINT('',#10403);
#2660=VERTEX_POINT('',#10410);
#2661=VERTEX_POINT('',#10414);
#2662=VERTEX_POINT('',#10418);
#2663=VERTEX_POINT('',#10422);
#2664=VERTEX_POINT('',#10426);
#2665=VERTEX_POINT('',#10430);
#2666=VERTEX_POINT('',#10437);
#2667=VERTEX_POINT('',#10442);
#2668=VERTEX_POINT('',#10445);
#2669=VERTEX_POINT('',#10447);
#2670=VERTEX_POINT('',#10456);
#2671=VERTEX_POINT('',#10470);
#2672=VERTEX_POINT('',#10472);
#2673=VERTEX_POINT('',#10477);
#2674=VERTEX_POINT('',#10479);
#2675=VERTEX_POINT('',#10504);
#2676=VERTEX_POINT('',#10505);
#2677=VERTEX_POINT('',#10507);
#2678=VERTEX_POINT('',#10509);
#2679=VERTEX_POINT('',#10513);
#2680=VERTEX_POINT('',#10514);
#2681=VERTEX_POINT('',#10543);
#2682=VERTEX_POINT('',#10544);
#2683=VERTEX_POINT('',#10549);
#2684=VERTEX_POINT('',#10551);
#2685=VERTEX_POINT('',#10553);
#2686=VERTEX_POINT('',#10559);
#2687=VERTEX_POINT('',#10561);
#2688=VERTEX_POINT('',#10563);
#2689=VERTEX_POINT('',#10569);
#2690=VERTEX_POINT('',#10571);
#2691=VERTEX_POINT('',#10580);
#2692=VERTEX_POINT('',#10582);
#2693=VERTEX_POINT('',#10586);
#2694=VERTEX_POINT('',#10590);
#2695=VERTEX_POINT('',#10594);
#2696=VERTEX_POINT('',#10596);
#2697=VERTEX_POINT('',#10605);
#2698=VERTEX_POINT('',#10607);
#2699=VERTEX_POINT('',#10611);
#2700=VERTEX_POINT('',#10613);
#2701=VERTEX_POINT('',#10616);
#2702=VERTEX_POINT('',#10617);
#2703=VERTEX_POINT('',#10619);
#2704=VERTEX_POINT('',#10621);
#2705=VERTEX_POINT('',#10633);
#2706=VERTEX_POINT('',#10634);
#2707=VERTEX_POINT('',#10639);
#2708=VERTEX_POINT('',#10640);
#2709=VERTEX_POINT('',#10653);
#2710=VERTEX_POINT('',#10654);
#2711=VERTEX_POINT('',#10659);
#2712=VERTEX_POINT('',#10660);
#2713=VERTEX_POINT('',#10665);
#2714=VERTEX_POINT('',#10666);
#2715=VERTEX_POINT('',#10672);
#2716=VERTEX_POINT('',#10674);
#2717=VERTEX_POINT('',#10686);
#2718=VERTEX_POINT('',#10687);
#2719=VERTEX_POINT('',#10695);
#2720=VERTEX_POINT('',#10698);
#2721=VERTEX_POINT('',#10700);
#2722=VERTEX_POINT('',#10702);
#2723=VERTEX_POINT('',#10715);
#2724=VERTEX_POINT('',#10726);
#2725=VERTEX_POINT('',#10737);
#2726=VERTEX_POINT('',#10738);
#2727=VERTEX_POINT('',#10756);
#2728=VERTEX_POINT('',#10757);
#2729=VERTEX_POINT('',#10759);
#2730=VERTEX_POINT('',#10761);
#2731=VERTEX_POINT('',#10765);
#2732=VERTEX_POINT('',#10767);
#2733=VERTEX_POINT('',#10771);
#2734=VERTEX_POINT('',#10773);
#2735=VERTEX_POINT('',#10780);
#2736=VERTEX_POINT('',#10781);
#2737=VERTEX_POINT('',#10783);
#2738=VERTEX_POINT('',#10785);
#2739=VERTEX_POINT('',#10789);
#2740=VERTEX_POINT('',#10791);
#2741=VERTEX_POINT('',#10795);
#2742=VERTEX_POINT('',#10796);
#2743=VERTEX_POINT('',#10798);
#2744=VERTEX_POINT('',#10800);
#2745=VERTEX_POINT('',#10805);
#2746=VERTEX_POINT('',#10807);
#2747=VERTEX_POINT('',#10809);
#2748=VERTEX_POINT('',#10813);
#2749=VERTEX_POINT('',#10817);
#2750=VERTEX_POINT('',#10821);
#2751=VERTEX_POINT('',#10827);
#2752=VERTEX_POINT('',#10828);
#2753=VERTEX_POINT('',#10830);
#2754=VERTEX_POINT('',#10832);
#2755=VERTEX_POINT('',#10836);
#2756=VERTEX_POINT('',#10838);
#2757=VERTEX_POINT('',#10840);
#2758=VERTEX_POINT('',#10842);
#2759=VERTEX_POINT('',#10844);
#2760=VERTEX_POINT('',#10846);
#2761=VERTEX_POINT('',#10850);
#2762=VERTEX_POINT('',#10854);
#2763=VERTEX_POINT('',#10858);
#2764=VERTEX_POINT('',#10860);
#2765=VERTEX_POINT('',#10864);
#2766=VERTEX_POINT('',#10868);
#2767=VERTEX_POINT('',#10872);
#2768=VERTEX_POINT('',#10873);
#2769=VERTEX_POINT('',#10878);
#2770=VERTEX_POINT('',#10881);
#2771=VERTEX_POINT('',#10884);
#2772=VERTEX_POINT('',#10886);
#2773=VERTEX_POINT('',#10888);
#2774=VERTEX_POINT('',#10890);
#2775=VERTEX_POINT('',#10892);
#2776=VERTEX_POINT('',#10894);
#2777=VERTEX_POINT('',#10896);
#2778=VERTEX_POINT('',#10899);
#2779=VERTEX_POINT('',#10901);
#2780=VERTEX_POINT('',#10906);
#2781=VERTEX_POINT('',#10908);
#2782=VERTEX_POINT('',#10911);
#2783=VERTEX_POINT('',#10931);
#2784=VERTEX_POINT('',#10935);
#2785=VERTEX_POINT('',#10937);
#2786=VERTEX_POINT('',#10948);
#2787=VERTEX_POINT('',#10949);
#2788=VERTEX_POINT('',#10951);
#2789=VERTEX_POINT('',#10977);
#2790=VERTEX_POINT('',#10979);
#2791=VERTEX_POINT('',#10984);
#2792=VERTEX_POINT('',#11010);
#2793=VERTEX_POINT('',#11011);
#2794=VERTEX_POINT('',#11019);
#2795=VERTEX_POINT('',#11020);
#2796=VERTEX_POINT('',#11028);
#2797=VERTEX_POINT('',#11061);
#2798=VERTEX_POINT('',#11063);
#2799=VERTEX_POINT('',#11086);
#2800=VERTEX_POINT('',#11090);
#2801=VERTEX_POINT('',#11095);
#2802=VERTEX_POINT('',#11099);
#2803=VERTEX_POINT('',#11101);
#2804=VERTEX_POINT('',#11131);
#2805=VERTEX_POINT('',#11135);
#2806=EDGE_CURVE('',#2295,#2296,#1497,.T.);
#2807=EDGE_CURVE('',#2297,#2296,#1173,.T.);
#2808=EDGE_CURVE('',#2298,#2297,#1498,.T.);
#2809=EDGE_CURVE('',#2295,#2298,#1174,.T.);
#2810=EDGE_CURVE('',#2299,#2300,#1499,.T.);
#2811=EDGE_CURVE('',#2298,#2299,#1175,.T.);
#2812=EDGE_CURVE('',#2300,#2297,#1176,.T.);
#2813=EDGE_CURVE('',#2301,#2300,#1177,.T.);
#2814=EDGE_CURVE('',#2302,#2301,#1500,.T.);
#2815=EDGE_CURVE('',#2299,#2302,#1178,.T.);
#2816=EDGE_CURVE('',#2303,#2304,#1501,.T.);
#2817=EDGE_CURVE('',#2302,#2303,#1179,.T.);
#2818=EDGE_CURVE('',#2304,#2301,#1180,.T.);
#2819=EDGE_CURVE('',#2305,#2304,#1181,.T.);
#2820=EDGE_CURVE('',#2306,#2305,#1502,.T.);
#2821=EDGE_CURVE('',#2303,#2306,#1182,.T.);
#2822=EDGE_CURVE('',#2307,#2308,#1503,.T.);
#2823=EDGE_CURVE('',#2306,#2307,#1183,.T.);
#2824=EDGE_CURVE('',#2308,#2305,#1184,.T.);
#2825=EDGE_CURVE('',#2309,#2310,#1504,.T.);
#2826=EDGE_CURVE('',#2307,#2309,#1505,.T.);
#2827=EDGE_CURVE('',#2310,#2308,#1506,.T.);
#2828=EDGE_CURVE('',#2311,#2312,#1507,.T.);
#2829=EDGE_CURVE('',#2313,#2311,#254,.T.);
#2830=EDGE_CURVE('',#2314,#2313,#1508,.T.);
#2831=EDGE_CURVE('',#2312,#2314,#255,.T.);
#2832=EDGE_CURVE('',#2315,#2316,#1509,.T.);
#2833=EDGE_CURVE('',#2314,#2315,#1510,.T.);
#2834=EDGE_CURVE('',#2316,#2313,#1511,.T.);
#2835=EDGE_CURVE('',#2317,#2318,#1512,.T.);
#2836=EDGE_CURVE('',#2315,#2317,#256,.T.);
#2837=EDGE_CURVE('',#2318,#2316,#257,.T.);
#2838=EDGE_CURVE('',#2309,#2312,#258,.T.);
#2839=EDGE_CURVE('',#2311,#2310,#259,.T.);
#2840=EDGE_CURVE('',#2319,#2320,#1513,.T.);
#2841=EDGE_CURVE('',#2321,#2319,#1185,.T.);
#2842=EDGE_CURVE('',#2322,#2321,#1514,.T.);
#2843=EDGE_CURVE('',#2320,#2322,#1186,.T.);
#2844=EDGE_CURVE('',#2317,#2321,#260,.T.);
#2845=EDGE_CURVE('',#2322,#2318,#261,.T.);
#2846=EDGE_CURVE('',#2323,#2324,#1515,.T.);
#2847=EDGE_CURVE('',#2325,#2323,#262,.T.);
#2848=EDGE_CURVE('',#2326,#2325,#1516,.T.);
#2849=EDGE_CURVE('',#2324,#2326,#263,.T.);
#2850=EDGE_CURVE('',#2327,#2328,#1517,.T.);
#2851=EDGE_CURVE('',#2326,#2327,#1518,.T.);
#2852=EDGE_CURVE('',#2328,#2325,#1519,.T.);
#2853=EDGE_CURVE('',#2329,#2330,#1520,.T.);
#2854=EDGE_CURVE('',#2327,#2329,#264,.T.);
#2855=EDGE_CURVE('',#2330,#2328,#265,.T.);
#2856=EDGE_CURVE('',#2319,#2324,#266,.T.);
#2857=EDGE_CURVE('',#2323,#2320,#267,.T.);
#2858=EDGE_CURVE('',#2331,#2332,#1521,.T.);
#2859=EDGE_CURVE('',#2333,#2331,#1522,.T.);
#2860=EDGE_CURVE('',#2334,#2333,#1523,.T.);
#2861=EDGE_CURVE('',#2332,#2334,#1524,.T.);
#2862=EDGE_CURVE('',#2335,#2336,#1525,.T.);
#2863=EDGE_CURVE('',#2331,#2335,#1187,.T.);
#2864=EDGE_CURVE('',#2336,#2332,#1188,.T.);
#2865=EDGE_CURVE('',#2337,#2336,#1189,.T.);
#2866=EDGE_CURVE('',#2338,#2337,#1526,.T.);
#2867=EDGE_CURVE('',#2335,#2338,#1190,.T.);
#2868=EDGE_CURVE('',#2339,#2340,#1527,.T.);
#2869=EDGE_CURVE('',#2338,#2339,#1191,.T.);
#2870=EDGE_CURVE('',#2340,#2337,#1192,.T.);
#2871=EDGE_CURVE('',#2329,#2333,#268,.T.);
#2872=EDGE_CURVE('',#2334,#2330,#269,.T.);
#2873=EDGE_CURVE('',#2341,#2342,#1528,.T.);
#2874=EDGE_CURVE('',#2343,#2341,#270,.T.);
#2875=EDGE_CURVE('',#2344,#2343,#1529,.T.);
#2876=EDGE_CURVE('',#2342,#2344,#271,.T.);
#2877=EDGE_CURVE('',#2345,#2346,#1530,.T.);
#2878=EDGE_CURVE('',#2341,#2345,#1531,.T.);
#2879=EDGE_CURVE('',#2346,#2342,#1532,.T.);
#2880=EDGE_CURVE('',#2347,#2348,#1533,.T.);
#2881=EDGE_CURVE('',#2345,#2347,#272,.T.);
#2882=EDGE_CURVE('',#2348,#2346,#273,.T.);
#2883=EDGE_CURVE('',#2339,#2343,#274,.T.);
#2884=EDGE_CURVE('',#2344,#2340,#275,.T.);
#2885=EDGE_CURVE('',#2349,#2350,#1534,.T.);
#2886=EDGE_CURVE('',#2347,#2349,#276,.T.);
#2887=EDGE_CURVE('',#2350,#2348,#277,.T.);
#2888=EDGE_CURVE('',#2351,#2352,#1535,.T.);
#2889=EDGE_CURVE('',#2349,#2351,#278,.T.);
#2890=EDGE_CURVE('',#2352,#2350,#279,.T.);
#2891=EDGE_CURVE('',#2353,#2354,#1536,.T.);
#2892=EDGE_CURVE('',#2355,#2353,#1193,.T.);
#2893=EDGE_CURVE('',#2356,#2355,#1537,.T.);
#2894=EDGE_CURVE('',#2354,#2356,#1194,.T.);
#2895=EDGE_CURVE('',#2357,#2358,#1538,.T.);
#2896=EDGE_CURVE('',#2356,#2357,#1539,.T.);
#2897=EDGE_CURVE('',#2358,#2355,#1540,.T.);
#2898=EDGE_CURVE('',#2359,#2358,#1195,.T.);
#2899=EDGE_CURVE('',#2360,#2359,#1541,.T.);
#2900=EDGE_CURVE('',#2357,#2360,#1196,.T.);
#2901=EDGE_CURVE('',#2361,#2362,#222,.T.);
#2902=EDGE_CURVE('',#2360,#2361,#1542,.T.);
#2903=EDGE_CURVE('',#2362,#2359,#1543,.T.);
#2904=EDGE_CURVE('',#2351,#2354,#280,.T.);
#2905=EDGE_CURVE('',#2353,#2352,#281,.T.);
#2906=EDGE_CURVE('',#2299,#2363,#1544,.T.);
#2907=EDGE_CURVE('',#2363,#2364,#1197,.T.);
#2908=EDGE_CURVE('',#2364,#2298,#1545,.T.);
#2909=EDGE_CURVE('',#2364,#2365,#1198,.F.);
#2910=EDGE_CURVE('',#2295,#2365,#1546,.T.);
#2911=EDGE_CURVE('',#2366,#2328,#1199,.T.);
#2912=EDGE_CURVE('',#2367,#2366,#1200,.T.);
#2913=EDGE_CURVE('',#2330,#2367,#1201,.T.);
#2914=EDGE_CURVE('',#2367,#2368,#1202,.T.);
#2915=EDGE_CURVE('',#2368,#2340,#1547,.T.);
#2916=EDGE_CURVE('',#2369,#2369,#1203,.T.);
#2917=EDGE_CURVE('',#2368,#2370,#1204,.T.);
#2918=EDGE_CURVE('',#2342,#2370,#1548,.T.);
#2919=EDGE_CURVE('',#2370,#2371,#1549,.T.);
#2920=EDGE_CURVE('',#2371,#2372,#1550,.T.);
#2921=EDGE_CURVE('',#2372,#2373,#1205,.T.);
#2922=EDGE_CURVE('',#2373,#2374,#1551,.T.);
#2923=EDGE_CURVE('',#2374,#2375,#1206,.T.);
#2924=EDGE_CURVE('',#2375,#2376,#1552,.T.);
#2925=EDGE_CURVE('',#2376,#2377,#1553,.T.);
#2926=EDGE_CURVE('',#2378,#2377,#1554,.T.);
#2927=EDGE_CURVE('',#2379,#2378,#1555,.F.);
#2928=EDGE_CURVE('',#2379,#2380,#1556,.T.);
#2929=EDGE_CURVE('',#2381,#2380,#1557,.T.);
#2930=EDGE_CURVE('',#2381,#2382,#1558,.T.);
#2931=EDGE_CURVE('',#2383,#2382,#1559,.F.);
#2932=EDGE_CURVE('',#2384,#2383,#1560,.T.);
#2933=EDGE_CURVE('',#2384,#2362,#1207,.T.);
#2934=EDGE_CURVE('',#2385,#2338,#1561,.T.);
#2935=EDGE_CURVE('',#2386,#2385,#1208,.T.);
#2936=EDGE_CURVE('',#2335,#2386,#1562,.T.);
#2937=EDGE_CURVE('',#2345,#2387,#1209,.T.);
#2938=EDGE_CURVE('',#2387,#2388,#282,.T.);
#2939=EDGE_CURVE('',#2388,#2389,#1563,.T.);
#2940=EDGE_CURVE('',#2389,#2385,#1210,.T.);
#2941=EDGE_CURVE('',#2390,#2302,#1564,.T.);
#2942=EDGE_CURVE('',#2363,#2390,#1211,.T.);
#2943=EDGE_CURVE('',#2303,#2391,#1565,.T.);
#2944=EDGE_CURVE('',#2391,#2390,#1212,.T.);
#2945=EDGE_CURVE('',#2392,#2306,#1566,.T.);
#2946=EDGE_CURVE('',#2392,#2391,#1213,.F.);
#2947=EDGE_CURVE('',#2393,#2394,#1214,.T.);
#2948=EDGE_CURVE('',#2395,#2393,#1567,.T.);
#2949=EDGE_CURVE('',#2396,#2395,#1215,.T.);
#2950=EDGE_CURVE('',#2394,#2396,#1568,.T.);
#2951=EDGE_CURVE('',#2397,#2395,#1216,.F.);
#2952=EDGE_CURVE('',#2397,#2379,#1569,.T.);
#2953=EDGE_CURVE('',#2396,#2378,#1570,.T.);
#2954=EDGE_CURVE('',#2397,#2398,#223,.F.);
#2955=EDGE_CURVE('',#2380,#2398,#1571,.T.);
#2956=EDGE_CURVE('',#2399,#2376,#1572,.T.);
#2957=EDGE_CURVE('',#2376,#2400,#1573,.T.);
#2958=EDGE_CURVE('',#2400,#2399,#1574,.T.);
#2959=EDGE_CURVE('',#2401,#2375,#1575,.T.);
#2960=EDGE_CURVE('',#2400,#2401,#1576,.T.);
#2961=EDGE_CURVE('',#2402,#2374,#1577,.T.);
#2962=EDGE_CURVE('',#2401,#2402,#1217,.T.);
#2963=EDGE_CURVE('',#2403,#2373,#1578,.T.);
#2964=EDGE_CURVE('',#2402,#2403,#1579,.T.);
#2965=EDGE_CURVE('',#2404,#2372,#1580,.T.);
#2966=EDGE_CURVE('',#2403,#2404,#1218,.T.);
#2967=EDGE_CURVE('',#2405,#2371,#1581,.T.);
#2968=EDGE_CURVE('',#2404,#2405,#1582,.T.);
#2969=EDGE_CURVE('',#2406,#2407,#1583,.T.);
#2970=EDGE_CURVE('',#2405,#2406,#1219,.T.);
#2971=EDGE_CURVE('',#2407,#2371,#1220,.T.);
#2972=EDGE_CURVE('',#2377,#2408,#1584,.T.);
#2973=EDGE_CURVE('',#2408,#2399,#1585,.T.);
#2974=EDGE_CURVE('',#2394,#2408,#1586,.T.);
#2975=EDGE_CURVE('',#2409,#2410,#1221,.T.);
#2976=EDGE_CURVE('',#2411,#2409,#224,.T.);
#2977=EDGE_CURVE('',#2412,#2411,#1222,.T.);
#2978=EDGE_CURVE('',#2410,#2412,#225,.T.);
#2979=EDGE_CURVE('',#2413,#2414,#1223,.T.);
#2980=EDGE_CURVE('',#2412,#2413,#1587,.T.);
#2981=EDGE_CURVE('',#2414,#2411,#1588,.T.);
#2982=EDGE_CURVE('',#2415,#2416,#1224,.T.);
#2983=EDGE_CURVE('',#2409,#2415,#226,.T.);
#2984=EDGE_CURVE('',#2416,#2410,#227,.T.);
#2985=EDGE_CURVE('',#2414,#2417,#1225,.T.);
#2986=EDGE_CURVE('',#2418,#2414,#1589,.T.);
#2987=EDGE_CURVE('',#2419,#2418,#1226,.T.);
#2988=EDGE_CURVE('',#2417,#2419,#1590,.T.);
#2989=EDGE_CURVE('',#2413,#2417,#1227,.T.);
#2990=EDGE_CURVE('',#2418,#2420,#1228,.T.);
#2991=EDGE_CURVE('',#2421,#2418,#1591,.T.);
#2992=EDGE_CURVE('',#2422,#2421,#1229,.T.);
#2993=EDGE_CURVE('',#2420,#2422,#1592,.T.);
#2994=EDGE_CURVE('',#2419,#2420,#1230,.T.);
#2995=EDGE_CURVE('',#2421,#2423,#1231,.T.);
#2996=EDGE_CURVE('',#2415,#2421,#1593,.T.);
#2997=EDGE_CURVE('',#2424,#2415,#1232,.T.);
#2998=EDGE_CURVE('',#2423,#2424,#1594,.T.);
#2999=EDGE_CURVE('',#2422,#2423,#1233,.T.);
#3000=EDGE_CURVE('',#2424,#2416,#1234,.T.);
#3001=EDGE_CURVE('',#2413,#2425,#1595,.T.);
#3002=EDGE_CURVE('',#2425,#2426,#1596,.T.);
#3003=EDGE_CURVE('',#2426,#2412,#1597,.T.);
#3004=EDGE_CURVE('',#2427,#2426,#1235,.T.);
#3005=EDGE_CURVE('',#2410,#2427,#1598,.T.);
#3006=EDGE_CURVE('',#2427,#2428,#1236,.T.);
#3007=EDGE_CURVE('',#2428,#2416,#1599,.T.);
#3008=EDGE_CURVE('',#2429,#2428,#1237,.T.);
#3009=EDGE_CURVE('',#2429,#2430,#283,.T.);
#3010=EDGE_CURVE('',#2424,#2430,#1600,.T.);
#3011=EDGE_CURVE('',#2430,#2431,#1238,.T.);
#3012=EDGE_CURVE('',#2432,#2431,#1601,.T.);
#3013=EDGE_CURVE('',#2432,#2423,#1602,.T.);
#3014=EDGE_CURVE('',#2433,#2433,#228,.T.);
#3015=EDGE_CURVE('',#2434,#2434,#229,.T.);
#3016=EDGE_CURVE('',#2435,#2436,#1239,.T.);
#3017=EDGE_CURVE('',#2437,#2435,#1240,.T.);
#3018=EDGE_CURVE('',#2438,#2437,#1241,.T.);
#3019=EDGE_CURVE('',#2436,#2438,#1242,.T.);
#3020=EDGE_CURVE('',#2439,#2440,#1243,.T.);
#3021=EDGE_CURVE('',#2438,#2439,#1244,.T.);
#3022=EDGE_CURVE('',#2440,#2437,#1245,.T.);
#3023=EDGE_CURVE('',#2441,#2442,#1246,.T.);
#3024=EDGE_CURVE('',#2439,#2441,#1247,.T.);
#3025=EDGE_CURVE('',#2442,#2440,#1248,.T.);
#3026=EDGE_CURVE('',#2443,#2444,#1249,.T.);
#3027=EDGE_CURVE('',#2441,#2443,#1250,.T.);
#3028=EDGE_CURVE('',#2444,#2442,#1251,.T.);
#3029=EDGE_CURVE('',#2445,#2446,#1252,.T.);
#3030=EDGE_CURVE('',#2443,#2445,#1603,.T.);
#3031=EDGE_CURVE('',#2446,#2444,#1604,.T.);
#3032=EDGE_CURVE('',#2447,#2448,#1253,.T.);
#3033=EDGE_CURVE('',#2445,#2447,#1254,.T.);
#3034=EDGE_CURVE('',#2448,#2446,#1255,.T.);
#3035=EDGE_CURVE('',#2449,#2450,#1256,.T.);
#3036=EDGE_CURVE('',#2435,#2449,#1257,.T.);
#3037=EDGE_CURVE('',#2450,#2436,#1258,.T.);
#3038=EDGE_CURVE('',#2447,#2451,#1259,.T.);
#3039=EDGE_CURVE('',#2451,#2452,#284,.T.);
#3040=EDGE_CURVE('',#2453,#2452,#1605,.T.);
#3041=EDGE_CURVE('',#2454,#2453,#1260,.T.);
#3042=EDGE_CURVE('',#2454,#2447,#1606,.T.);
#3043=EDGE_CURVE('',#2455,#2317,#1607,.T.);
#3044=EDGE_CURVE('',#2456,#2455,#285,.T.);
#3045=EDGE_CURVE('',#2315,#2456,#1608,.T.);
#3046=EDGE_CURVE('',#2324,#2451,#1609,.T.);
#3047=EDGE_CURVE('',#2451,#2455,#1261,.T.);
#3048=EDGE_CURVE('',#2452,#2326,#1610,.T.);
#3049=EDGE_CURVE('',#2370,#2366,#1262,.T.);
#3050=EDGE_CURVE('',#2407,#2366,#1611,.T.);
#3051=EDGE_CURVE('',#2457,#2458,#1263,.T.);
#3052=EDGE_CURVE('',#2459,#2458,#1612,.T.);
#3053=EDGE_CURVE('',#2460,#2459,#1264,.T.);
#3054=EDGE_CURVE('',#2457,#2460,#1613,.T.);
#3055=EDGE_CURVE('',#2460,#2461,#1614,.T.);
#3056=EDGE_CURVE('',#2461,#2462,#1615,.T.);
#3057=EDGE_CURVE('',#2457,#2462,#1616,.T.);
#3058=EDGE_CURVE('',#2463,#2462,#1265,.T.);
#3059=EDGE_CURVE('',#2464,#2461,#1266,.T.);
#3060=EDGE_CURVE('',#2463,#2464,#1617,.T.);
#3061=EDGE_CURVE('',#2465,#2466,#1267,.T.);
#3062=EDGE_CURVE('',#2467,#2466,#1618,.T.);
#3063=EDGE_CURVE('',#2468,#2467,#1268,.T.);
#3064=EDGE_CURVE('',#2465,#2468,#1619,.T.);
#3065=EDGE_CURVE('',#2469,#2468,#1269,.T.);
#3066=EDGE_CURVE('',#2469,#2470,#1620,.T.);
#3067=EDGE_CURVE('',#2465,#2470,#1270,.T.);
#3068=EDGE_CURVE('',#2471,#2472,#1271,.T.);
#3069=EDGE_CURVE('',#2473,#2472,#1621,.T.);
#3070=EDGE_CURVE('',#2474,#2473,#1272,.T.);
#3071=EDGE_CURVE('',#2471,#2474,#1622,.T.);
#3072=EDGE_CURVE('',#2475,#2470,#1273,.T.);
#3073=EDGE_CURVE('',#2475,#2476,#1623,.T.);
#3074=EDGE_CURVE('',#2477,#2476,#1274,.T.);
#3075=EDGE_CURVE('',#2477,#2472,#1275,.T.);
#3076=EDGE_CURVE('',#2471,#2466,#1624,.T.);
#3077=EDGE_CURVE('',#2477,#2478,#1625,.T.);
#3078=EDGE_CURVE('',#2478,#2473,#1276,.T.);
#3079=EDGE_CURVE('',#2479,#2469,#1277,.T.);
#3080=EDGE_CURVE('',#2475,#2479,#1626,.T.);
#3081=EDGE_CURVE('',#2479,#2480,#1627,.T.);
#3082=EDGE_CURVE('',#2480,#2476,#1628,.T.);
#3083=EDGE_CURVE('',#2478,#2480,#1278,.T.);
#3084=EDGE_CURVE('',#2481,#2482,#1279,.T.);
#3085=EDGE_CURVE('',#2483,#2482,#1629,.T.);
#3086=EDGE_CURVE('',#2484,#2483,#1280,.T.);
#3087=EDGE_CURVE('',#2481,#2484,#1630,.T.);
#3088=EDGE_CURVE('',#2481,#2485,#1281,.T.);
#3089=EDGE_CURVE('',#2486,#2485,#1282,.T.);
#3090=EDGE_CURVE('',#2486,#2487,#1631,.T.);
#3091=EDGE_CURVE('',#2488,#2487,#1283,.T.);
#3092=EDGE_CURVE('',#2488,#2489,#1284,.T.);
#3093=EDGE_CURVE('',#2490,#2489,#1285,.T.);
#3094=EDGE_CURVE('',#2490,#2482,#1632,.T.);
#3095=EDGE_CURVE('',#2490,#2491,#1633,.T.);
#3096=EDGE_CURVE('',#2483,#2491,#1634,.T.);
#3097=EDGE_CURVE('',#2492,#2489,#1635,.T.);
#3098=EDGE_CURVE('',#2491,#2492,#1286,.T.);
#3099=EDGE_CURVE('',#2493,#2487,#1636,.T.);
#3100=EDGE_CURVE('',#2494,#2493,#1287,.T.);
#3101=EDGE_CURVE('',#2488,#2494,#1637,.T.);
#3102=EDGE_CURVE('',#2486,#2495,#1638,.T.);
#3103=EDGE_CURVE('',#2495,#2493,#1639,.T.);
#3104=EDGE_CURVE('',#2496,#2485,#1640,.T.);
#3105=EDGE_CURVE('',#2495,#2496,#1288,.T.);
#3106=EDGE_CURVE('',#2497,#2498,#1289,.T.);
#3107=EDGE_CURVE('',#2431,#2497,#1641,.T.);
#3108=EDGE_CURVE('',#2498,#2429,#1642,.T.);
#3109=EDGE_CURVE('',#2499,#2454,#1290,.T.);
#3110=EDGE_CURVE('',#2445,#2499,#1643,.T.);
#3111=EDGE_CURVE('',#2499,#2500,#1644,.T.);
#3112=EDGE_CURVE('',#2500,#2443,#1645,.T.);
#3113=EDGE_CURVE('',#2501,#2500,#1291,.T.);
#3114=EDGE_CURVE('',#2441,#2501,#1646,.T.);
#3115=EDGE_CURVE('',#2502,#2439,#1647,.T.);
#3116=EDGE_CURVE('',#2503,#2502,#1292,.T.);
#3117=EDGE_CURVE('',#2438,#2503,#1648,.T.);
#3118=EDGE_CURVE('',#2502,#2501,#1293,.T.);
#3119=EDGE_CURVE('',#2504,#2436,#1649,.T.);
#3120=EDGE_CURVE('',#2505,#2504,#1294,.T.);
#3121=EDGE_CURVE('',#2450,#2505,#1650,.T.);
#3122=EDGE_CURVE('',#2503,#2504,#1295,.T.);
#3123=EDGE_CURVE('',#2506,#2417,#1651,.T.);
#3124=EDGE_CURVE('',#2425,#2506,#1296,.T.);
#3125=EDGE_CURVE('',#2419,#2507,#1652,.T.);
#3126=EDGE_CURVE('',#2508,#2507,#1653,.T.);
#3127=EDGE_CURVE('',#2508,#2509,#1297,.T.);
#3128=EDGE_CURVE('',#2506,#2509,#1654,.T.);
#3129=EDGE_CURVE('',#2510,#2420,#1655,.T.);
#3130=EDGE_CURVE('',#2510,#2511,#286,.T.);
#3131=EDGE_CURVE('',#2507,#2511,#230,.T.);
#3132=EDGE_CURVE('',#2387,#2347,#1298,.T.);
#3133=EDGE_CURVE('',#2512,#2513,#1299,.F.);
#3134=EDGE_CURVE('',#2513,#2514,#1300,.F.);
#3135=EDGE_CURVE('',#2514,#2512,#1301,.F.);
#3136=EDGE_CURVE('',#2512,#2360,#1656,.T.);
#3137=EDGE_CURVE('',#2357,#2514,#1657,.T.);
#3138=EDGE_CURVE('',#2515,#2388,#1302,.T.);
#3139=EDGE_CURVE('',#2516,#2515,#287,.T.);
#3140=EDGE_CURVE('',#2517,#2516,#1303,.T.);
#3141=EDGE_CURVE('',#2388,#2517,#288,.T.);
#3142=EDGE_CURVE('',#2518,#2519,#1304,.T.);
#3143=EDGE_CURVE('',#2517,#2518,#231,.T.);
#3144=EDGE_CURVE('',#2519,#2516,#232,.T.);
#3145=EDGE_CURVE('',#2518,#2513,#1658,.T.);
#3146=EDGE_CURVE('',#2514,#2519,#1659,.T.);
#3147=EDGE_CURVE('',#2520,#2521,#289,.F.);
#3148=EDGE_CURVE('',#2522,#2521,#233,.T.);
#3149=EDGE_CURVE('',#2513,#2522,#1660,.T.);
#3150=EDGE_CURVE('',#2520,#2512,#1661,.T.);
#3151=EDGE_CURVE('',#2515,#2354,#290,.T.);
#3152=EDGE_CURVE('',#2516,#2356,#1662,.T.);
#3153=EDGE_CURVE('',#2520,#2361,#1663,.F.);
#3154=EDGE_CURVE('',#2432,#2523,#234,.F.);
#3155=EDGE_CURVE('',#2523,#2524,#291,.T.);
#3156=EDGE_CURVE('',#2422,#2524,#1664,.T.);
#3157=EDGE_CURVE('',#2525,#2518,#1665,.T.);
#3158=EDGE_CURVE('',#2389,#2525,#1305,.T.);
#3159=EDGE_CURVE('',#2525,#2498,#1666,.T.);
#3160=EDGE_CURVE('',#2497,#2522,#1667,.T.);
#3161=EDGE_CURVE('',#2434,#2526,#1668,.T.);
#3162=EDGE_CURVE('',#2526,#2526,#235,.T.);
#3163=EDGE_CURVE('',#2433,#2527,#1669,.T.);
#3164=EDGE_CURVE('',#2527,#2527,#236,.T.);
#3165=EDGE_CURVE('',#2528,#2528,#1306,.T.);
#3166=EDGE_CURVE('',#2528,#2529,#1670,.T.);
#3167=EDGE_CURVE('',#2529,#2530,#292,.T.);
#3168=EDGE_CURVE('',#2530,#2531,#237,.T.);
#3169=EDGE_CURVE('',#2531,#2529,#293,.T.);
#3170=EDGE_CURVE('',#2532,#2532,#1307,.T.);
#3171=EDGE_CURVE('',#2386,#2533,#1308,.T.);
#3172=EDGE_CURVE('',#2533,#2331,#1671,.T.);
#3173=EDGE_CURVE('',#2534,#2534,#1309,.T.);
#3174=EDGE_CURVE('',#2534,#2369,#1672,.T.);
#3175=EDGE_CURVE('',#2535,#2535,#1310,.T.);
#3176=EDGE_CURVE('',#2535,#2536,#1673,.T.);
#3177=EDGE_CURVE('',#2536,#2536,#1311,.T.);
#3178=EDGE_CURVE('',#2537,#2537,#1312,.T.);
#3179=EDGE_CURVE('',#2537,#2538,#1674,.T.);
#3180=EDGE_CURVE('',#2538,#2538,#1313,.T.);
#3181=EDGE_CURVE('',#2539,#2539,#1314,.T.);
#3182=EDGE_CURVE('',#2539,#2532,#1675,.T.);
#3183=EDGE_CURVE('',#2540,#2540,#1315,.T.);
#3184=EDGE_CURVE('',#2540,#2541,#1676,.T.);
#3185=EDGE_CURVE('',#2541,#2541,#1316,.T.);
#3186=EDGE_CURVE('',#2542,#2542,#1317,.T.);
#3187=EDGE_CURVE('',#2542,#2543,#1677,.T.);
#3188=EDGE_CURVE('',#2543,#2543,#1318,.T.);
#3189=EDGE_CURVE('',#2521,#2523,#1678,.T.);
#3190=EDGE_CURVE('',#2524,#2510,#1679,.T.);
#3191=EDGE_CURVE('',#2467,#2474,#1680,.T.);
#3192=EDGE_CURVE('',#2494,#2492,#1319,.T.);
#3193=EDGE_CURVE('',#2533,#2453,#1681,.T.);
#3194=EDGE_CURVE('',#2496,#2484,#1320,.T.);
#3195=EDGE_CURVE('',#2544,#2307,#1682,.T.);
#3196=EDGE_CURVE('',#2544,#2392,#1321,.T.);
#3197=EDGE_CURVE('',#2456,#2545,#1683,.T.);
#3198=EDGE_CURVE('',#2544,#2545,#1684,.T.);
#3199=EDGE_CURVE('',#2546,#2546,#1322,.T.);
#3200=EDGE_CURVE('',#2546,#2547,#1685,.T.);
#3201=EDGE_CURVE('',#2547,#2547,#1323,.T.);
#3202=EDGE_CURVE('',#2548,#2548,#1324,.T.);
#3203=EDGE_CURVE('',#2549,#2549,#1325,.T.);
#3204=EDGE_CURVE('',#2549,#2548,#1686,.T.);
#3205=EDGE_CURVE('',#2295,#2550,#1326,.T.);
#3206=EDGE_CURVE('',#2550,#2551,#1687,.T.);
#3207=EDGE_CURVE('',#2551,#2296,#1327,.T.);
#3208=EDGE_CURVE('',#2550,#2552,#1328,.T.);
#3209=EDGE_CURVE('',#2552,#2553,#1688,.T.);
#3210=EDGE_CURVE('',#2553,#2551,#1329,.T.);
#3211=EDGE_CURVE('',#2554,#2555,#1689,.T.);
#3212=EDGE_CURVE('',#2555,#2553,#1330,.T.);
#3213=EDGE_CURVE('',#2552,#2554,#1331,.T.);
#3214=EDGE_CURVE('',#2554,#2556,#1332,.T.);
#3215=EDGE_CURVE('',#2556,#2557,#1690,.T.);
#3216=EDGE_CURVE('',#2557,#2555,#1333,.T.);
#3217=EDGE_CURVE('',#2558,#2559,#1691,.T.);
#3218=EDGE_CURVE('',#2559,#2557,#1334,.T.);
#3219=EDGE_CURVE('',#2556,#2558,#1335,.T.);
#3220=EDGE_CURVE('',#2558,#2560,#1336,.T.);
#3221=EDGE_CURVE('',#2560,#2561,#1692,.T.);
#3222=EDGE_CURVE('',#2561,#2559,#1337,.T.);
#3223=EDGE_CURVE('',#2562,#2563,#1693,.T.);
#3224=EDGE_CURVE('',#2563,#2561,#1338,.T.);
#3225=EDGE_CURVE('',#2560,#2562,#1339,.T.);
#3226=EDGE_CURVE('',#2564,#2565,#1694,.T.);
#3227=EDGE_CURVE('',#2565,#2563,#1695,.T.);
#3228=EDGE_CURVE('',#2562,#2564,#1696,.T.);
#3229=EDGE_CURVE('',#2566,#2567,#1697,.T.);
#3230=EDGE_CURVE('',#2567,#2568,#294,.T.);
#3231=EDGE_CURVE('',#2568,#2569,#1698,.T.);
#3232=EDGE_CURVE('',#2569,#2566,#295,.T.);
#3233=EDGE_CURVE('',#2570,#2571,#1699,.T.);
#3234=EDGE_CURVE('',#2571,#2569,#1700,.T.);
#3235=EDGE_CURVE('',#2568,#2570,#1701,.T.);
#3236=EDGE_CURVE('',#2572,#2573,#1702,.T.);
#3237=EDGE_CURVE('',#2573,#2571,#296,.T.);
#3238=EDGE_CURVE('',#2570,#2572,#297,.T.);
#3239=EDGE_CURVE('',#2566,#2565,#298,.T.);
#3240=EDGE_CURVE('',#2564,#2567,#299,.T.);
#3241=EDGE_CURVE('',#2574,#2575,#1703,.T.);
#3242=EDGE_CURVE('',#2575,#2576,#1340,.T.);
#3243=EDGE_CURVE('',#2576,#2577,#1704,.T.);
#3244=EDGE_CURVE('',#2577,#2574,#1341,.T.);
#3245=EDGE_CURVE('',#2576,#2573,#300,.T.);
#3246=EDGE_CURVE('',#2572,#2577,#301,.T.);
#3247=EDGE_CURVE('',#2578,#2579,#1705,.T.);
#3248=EDGE_CURVE('',#2579,#2580,#302,.T.);
#3249=EDGE_CURVE('',#2580,#2581,#1706,.T.);
#3250=EDGE_CURVE('',#2581,#2578,#303,.T.);
#3251=EDGE_CURVE('',#2582,#2583,#1707,.T.);
#3252=EDGE_CURVE('',#2583,#2581,#1708,.T.);
#3253=EDGE_CURVE('',#2580,#2582,#1709,.T.);
#3254=EDGE_CURVE('',#2584,#2585,#1710,.T.);
#3255=EDGE_CURVE('',#2585,#2583,#304,.T.);
#3256=EDGE_CURVE('',#2582,#2584,#305,.T.);
#3257=EDGE_CURVE('',#2578,#2575,#306,.T.);
#3258=EDGE_CURVE('',#2574,#2579,#307,.T.);
#3259=EDGE_CURVE('',#2586,#2587,#1711,.T.);
#3260=EDGE_CURVE('',#2587,#2588,#1712,.T.);
#3261=EDGE_CURVE('',#2588,#2589,#1713,.T.);
#3262=EDGE_CURVE('',#2589,#2586,#1714,.T.);
#3263=EDGE_CURVE('',#2590,#2591,#1715,.T.);
#3264=EDGE_CURVE('',#2591,#2587,#1342,.T.);
#3265=EDGE_CURVE('',#2586,#2590,#1343,.T.);
#3266=EDGE_CURVE('',#2590,#2592,#1344,.T.);
#3267=EDGE_CURVE('',#2592,#2593,#1716,.T.);
#3268=EDGE_CURVE('',#2593,#2591,#1345,.T.);
#3269=EDGE_CURVE('',#2594,#2595,#1717,.T.);
#3270=EDGE_CURVE('',#2595,#2593,#1346,.T.);
#3271=EDGE_CURVE('',#2592,#2594,#1347,.T.);
#3272=EDGE_CURVE('',#2588,#2585,#308,.T.);
#3273=EDGE_CURVE('',#2584,#2589,#309,.T.);
#3274=EDGE_CURVE('',#2596,#2597,#1718,.T.);
#3275=EDGE_CURVE('',#2597,#2598,#310,.T.);
#3276=EDGE_CURVE('',#2598,#2599,#1719,.T.);
#3277=EDGE_CURVE('',#2599,#2596,#311,.T.);
#3278=EDGE_CURVE('',#2600,#2601,#1720,.T.);
#3279=EDGE_CURVE('',#2601,#2597,#1721,.T.);
#3280=EDGE_CURVE('',#2596,#2600,#1722,.T.);
#3281=EDGE_CURVE('',#2602,#2603,#1723,.T.);
#3282=EDGE_CURVE('',#2603,#2601,#312,.T.);
#3283=EDGE_CURVE('',#2600,#2602,#313,.T.);
#3284=EDGE_CURVE('',#2598,#2595,#314,.T.);
#3285=EDGE_CURVE('',#2594,#2599,#315,.T.);
#3286=EDGE_CURVE('',#2604,#2605,#1724,.T.);
#3287=EDGE_CURVE('',#2605,#2603,#316,.T.);
#3288=EDGE_CURVE('',#2602,#2604,#317,.T.);
#3289=EDGE_CURVE('',#2606,#2607,#1725,.T.);
#3290=EDGE_CURVE('',#2607,#2605,#318,.T.);
#3291=EDGE_CURVE('',#2604,#2606,#319,.T.);
#3292=EDGE_CURVE('',#2608,#2609,#1726,.T.);
#3293=EDGE_CURVE('',#2609,#2610,#1348,.T.);
#3294=EDGE_CURVE('',#2610,#2611,#1727,.T.);
#3295=EDGE_CURVE('',#2611,#2608,#1349,.T.);
#3296=EDGE_CURVE('',#2612,#2613,#1728,.T.);
#3297=EDGE_CURVE('',#2613,#2611,#1729,.T.);
#3298=EDGE_CURVE('',#2610,#2612,#1730,.T.);
#3299=EDGE_CURVE('',#2612,#2614,#1350,.T.);
#3300=EDGE_CURVE('',#2614,#2615,#1731,.T.);
#3301=EDGE_CURVE('',#2615,#2613,#1351,.T.);
#3302=EDGE_CURVE('',#2616,#2617,#238,.T.);
#3303=EDGE_CURVE('',#2617,#2615,#1732,.T.);
#3304=EDGE_CURVE('',#2614,#2616,#1733,.T.);
#3305=EDGE_CURVE('',#2608,#2607,#320,.T.);
#3306=EDGE_CURVE('',#2606,#2609,#321,.T.);
#3307=EDGE_CURVE('',#2618,#2552,#1734,.T.);
#3308=EDGE_CURVE('',#2619,#2618,#1352,.T.);
#3309=EDGE_CURVE('',#2554,#2619,#1735,.T.);
#3310=EDGE_CURVE('',#2550,#2620,#1736,.T.);
#3311=EDGE_CURVE('',#2618,#2620,#1353,.F.);
#3312=EDGE_CURVE('',#2620,#2365,#1354,.T.);
#3313=EDGE_CURVE('',#2311,#2566,#1355,.T.);
#3314=EDGE_CURVE('',#2621,#2621,#1356,.T.);
#3315=EDGE_CURVE('',#2622,#2622,#1357,.T.);
#3316=EDGE_CURVE('',#2569,#2313,#1358,.T.);
#3317=EDGE_CURVE('',#2623,#2583,#1359,.T.);
#3318=EDGE_CURVE('',#2624,#2623,#1737,.T.);
#3319=EDGE_CURVE('',#2407,#2624,#1360,.T.);
#3320=EDGE_CURVE('',#2585,#2625,#1361,.T.);
#3321=EDGE_CURVE('',#2625,#2623,#1362,.T.);
#3322=EDGE_CURVE('',#2626,#2595,#1738,.T.);
#3323=EDGE_CURVE('',#2625,#2626,#1363,.T.);
#3324=EDGE_CURVE('',#2627,#2627,#1364,.T.);
#3325=EDGE_CURVE('',#2597,#2628,#1739,.T.);
#3326=EDGE_CURVE('',#2626,#2628,#1365,.T.);
#3327=EDGE_CURVE('',#2629,#2617,#1366,.T.);
#3328=EDGE_CURVE('',#2629,#2630,#1740,.T.);
#3329=EDGE_CURVE('',#2630,#2631,#1741,.F.);
#3330=EDGE_CURVE('',#2632,#2631,#1742,.T.);
#3331=EDGE_CURVE('',#2632,#2633,#1743,.T.);
#3332=EDGE_CURVE('',#2634,#2633,#1744,.T.);
#3333=EDGE_CURVE('',#2634,#2635,#1745,.F.);
#3334=EDGE_CURVE('',#2635,#2636,#1746,.T.);
#3335=EDGE_CURVE('',#2637,#2636,#1747,.T.);
#3336=EDGE_CURVE('',#2638,#2637,#1748,.T.);
#3337=EDGE_CURVE('',#2639,#2638,#1367,.T.);
#3338=EDGE_CURVE('',#2640,#2639,#1749,.T.);
#3339=EDGE_CURVE('',#2641,#2640,#1368,.T.);
#3340=EDGE_CURVE('',#2642,#2641,#1750,.T.);
#3341=EDGE_CURVE('',#2628,#2642,#1751,.T.);
#3342=EDGE_CURVE('',#2590,#2643,#1752,.T.);
#3343=EDGE_CURVE('',#2643,#2644,#1369,.T.);
#3344=EDGE_CURVE('',#2644,#2592,#1753,.T.);
#3345=EDGE_CURVE('',#2645,#2644,#1370,.T.);
#3346=EDGE_CURVE('',#2646,#2645,#1754,.T.);
#3347=EDGE_CURVE('',#2647,#2646,#322,.T.);
#3348=EDGE_CURVE('',#2600,#2647,#1371,.T.);
#3349=EDGE_CURVE('',#2619,#2648,#1372,.T.);
#3350=EDGE_CURVE('',#2648,#2556,#1755,.T.);
#3351=EDGE_CURVE('',#2649,#2648,#1373,.T.);
#3352=EDGE_CURVE('',#2558,#2649,#1756,.T.);
#3353=EDGE_CURVE('',#2650,#2649,#1374,.F.);
#3354=EDGE_CURVE('',#2650,#2560,#1757,.T.);
#3355=EDGE_CURVE('',#2651,#2652,#1375,.T.);
#3356=EDGE_CURVE('',#2652,#2653,#1758,.T.);
#3357=EDGE_CURVE('',#2653,#2654,#1376,.T.);
#3358=EDGE_CURVE('',#2654,#2651,#1759,.T.);
#3359=EDGE_CURVE('',#2655,#2654,#1377,.F.);
#3360=EDGE_CURVE('',#2655,#2398,#239,.F.);
#3361=EDGE_CURVE('',#2651,#2393,#1378,.T.);
#3362=EDGE_CURVE('',#2653,#2635,#1760,.T.);
#3363=EDGE_CURVE('',#2655,#2634,#1761,.T.);
#3364=EDGE_CURVE('',#2381,#2632,#1762,.T.);
#3365=EDGE_CURVE('',#2631,#2382,#1763,.T.);
#3366=EDGE_CURVE('',#2633,#2398,#1764,.T.);
#3367=EDGE_CURVE('',#2656,#2656,#1379,.T.);
#3368=EDGE_CURVE('',#2657,#2657,#1380,.T.);
#3369=EDGE_CURVE('',#2383,#2630,#1765,.F.);
#3370=EDGE_CURVE('',#2658,#2637,#1766,.T.);
#3371=EDGE_CURVE('',#2659,#2658,#1767,.T.);
#3372=EDGE_CURVE('',#2637,#2659,#1768,.T.);
#3373=EDGE_CURVE('',#2659,#2400,#1769,.T.);
#3374=EDGE_CURVE('',#2658,#2399,#1770,.T.);
#3375=EDGE_CURVE('',#2660,#2638,#1771,.T.);
#3376=EDGE_CURVE('',#2659,#2660,#1772,.T.);
#3377=EDGE_CURVE('',#2660,#2661,#1381,.T.);
#3378=EDGE_CURVE('',#2661,#2639,#1773,.T.);
#3379=EDGE_CURVE('',#2662,#2640,#1774,.T.);
#3380=EDGE_CURVE('',#2661,#2662,#1775,.T.);
#3381=EDGE_CURVE('',#2662,#2663,#1382,.T.);
#3382=EDGE_CURVE('',#2663,#2641,#1776,.T.);
#3383=EDGE_CURVE('',#2664,#2642,#1777,.T.);
#3384=EDGE_CURVE('',#2663,#2664,#1778,.T.);
#3385=EDGE_CURVE('',#2665,#2624,#1779,.T.);
#3386=EDGE_CURVE('',#2624,#2642,#1383,.T.);
#3387=EDGE_CURVE('',#2664,#2665,#1384,.T.);
#3388=EDGE_CURVE('',#2665,#2406,#1385,.T.);
#3389=EDGE_CURVE('',#2636,#2666,#1780,.T.);
#3390=EDGE_CURVE('',#2666,#2658,#1781,.T.);
#3391=EDGE_CURVE('',#2663,#2404,#1782,.T.);
#3392=EDGE_CURVE('',#2667,#2667,#1386,.T.);
#3393=EDGE_CURVE('',#2662,#2668,#1783,.T.);
#3394=EDGE_CURVE('',#2668,#2669,#323,.T.);
#3395=EDGE_CURVE('',#2669,#2670,#324,.T.);
#3396=EDGE_CURVE('',#2670,#2530,#1784,.T.);
#3397=EDGE_CURVE('',#2403,#2531,#1785,.T.);
#3398=EDGE_CURVE('',#2661,#2402,#1786,.T.);
#3399=EDGE_CURVE('',#2670,#2668,#240,.T.);
#3400=EDGE_CURVE('',#2671,#2671,#241,.T.);
#3401=EDGE_CURVE('',#2672,#2672,#242,.T.);
#3402=EDGE_CURVE('',#2660,#2401,#1787,.T.);
#3403=EDGE_CURVE('',#2673,#2673,#1387,.T.);
#3404=EDGE_CURVE('',#2674,#2674,#1388,.T.);
#3405=EDGE_CURVE('',#2652,#2666,#1788,.T.);
#3406=EDGE_CURVE('',#2675,#2676,#1389,.T.);
#3407=EDGE_CURVE('',#2676,#2677,#243,.T.);
#3408=EDGE_CURVE('',#2677,#2678,#1390,.T.);
#3409=EDGE_CURVE('',#2678,#2675,#244,.T.);
#3410=EDGE_CURVE('',#2679,#2680,#1391,.T.);
#3411=EDGE_CURVE('',#2680,#2678,#1789,.T.);
#3412=EDGE_CURVE('',#2677,#2679,#1790,.T.);
#3413=EDGE_CURVE('',#2681,#2682,#1392,.T.);
#3414=EDGE_CURVE('',#2682,#2676,#245,.T.);
#3415=EDGE_CURVE('',#2675,#2681,#246,.T.);
#3416=EDGE_CURVE('',#2680,#2683,#1393,.T.);
#3417=EDGE_CURVE('',#2683,#2684,#1791,.T.);
#3418=EDGE_CURVE('',#2684,#2685,#1394,.T.);
#3419=EDGE_CURVE('',#2685,#2680,#1792,.T.);
#3420=EDGE_CURVE('',#2679,#2683,#1395,.T.);
#3421=EDGE_CURVE('',#2685,#2686,#1396,.T.);
#3422=EDGE_CURVE('',#2686,#2687,#1793,.T.);
#3423=EDGE_CURVE('',#2687,#2688,#1397,.T.);
#3424=EDGE_CURVE('',#2688,#2685,#1794,.T.);
#3425=EDGE_CURVE('',#2684,#2686,#1398,.T.);
#3426=EDGE_CURVE('',#2688,#2689,#1399,.T.);
#3427=EDGE_CURVE('',#2689,#2690,#1795,.T.);
#3428=EDGE_CURVE('',#2690,#2681,#1400,.T.);
#3429=EDGE_CURVE('',#2681,#2688,#1796,.T.);
#3430=EDGE_CURVE('',#2687,#2689,#1401,.T.);
#3431=EDGE_CURVE('',#2690,#2682,#1402,.T.);
#3432=EDGE_CURVE('',#2691,#2677,#1797,.T.);
#3433=EDGE_CURVE('',#2692,#2691,#1798,.T.);
#3434=EDGE_CURVE('',#2679,#2692,#1799,.T.);
#3435=EDGE_CURVE('',#2676,#2693,#1800,.T.);
#3436=EDGE_CURVE('',#2693,#2691,#1403,.T.);
#3437=EDGE_CURVE('',#2694,#2682,#1801,.T.);
#3438=EDGE_CURVE('',#2693,#2694,#1404,.T.);
#3439=EDGE_CURVE('',#2690,#2695,#1802,.T.);
#3440=EDGE_CURVE('',#2696,#2695,#325,.T.);
#3441=EDGE_CURVE('',#2696,#2694,#1405,.T.);
#3442=EDGE_CURVE('',#2697,#2689,#1803,.T.);
#3443=EDGE_CURVE('',#2697,#2698,#1804,.T.);
#3444=EDGE_CURVE('',#2695,#2698,#1406,.T.);
#3445=EDGE_CURVE('',#2699,#2699,#247,.T.);
#3446=EDGE_CURVE('',#2700,#2700,#248,.T.);
#3447=EDGE_CURVE('',#2701,#2702,#1407,.T.);
#3448=EDGE_CURVE('',#2702,#2703,#1408,.T.);
#3449=EDGE_CURVE('',#2703,#2704,#1409,.T.);
#3450=EDGE_CURVE('',#2704,#2701,#1410,.T.);
#3451=EDGE_CURVE('',#2705,#2706,#1411,.T.);
#3452=EDGE_CURVE('',#2706,#2704,#1412,.T.);
#3453=EDGE_CURVE('',#2703,#2705,#1413,.T.);
#3454=EDGE_CURVE('',#2707,#2708,#1414,.T.);
#3455=EDGE_CURVE('',#2708,#2706,#1415,.T.);
#3456=EDGE_CURVE('',#2705,#2707,#1416,.T.);
#3457=EDGE_CURVE('',#2709,#2710,#1417,.T.);
#3458=EDGE_CURVE('',#2710,#2708,#1418,.T.);
#3459=EDGE_CURVE('',#2707,#2709,#1419,.T.);
#3460=EDGE_CURVE('',#2711,#2712,#1420,.T.);
#3461=EDGE_CURVE('',#2712,#2710,#1805,.T.);
#3462=EDGE_CURVE('',#2709,#2711,#1806,.T.);
#3463=EDGE_CURVE('',#2713,#2714,#1421,.T.);
#3464=EDGE_CURVE('',#2714,#2712,#1422,.T.);
#3465=EDGE_CURVE('',#2711,#2713,#1423,.T.);
#3466=EDGE_CURVE('',#2448,#2714,#1424,.T.);
#3467=EDGE_CURVE('',#2713,#2715,#1425,.T.);
#3468=EDGE_CURVE('',#2715,#2716,#1426,.T.);
#3469=EDGE_CURVE('',#2716,#2455,#1427,.T.);
#3470=EDGE_CURVE('',#2717,#2718,#1428,.T.);
#3471=EDGE_CURVE('',#2718,#2702,#1429,.T.);
#3472=EDGE_CURVE('',#2701,#2717,#1430,.T.);
#3473=EDGE_CURVE('',#2450,#2718,#1807,.T.);
#3474=EDGE_CURVE('',#2717,#2449,#1808,.T.);
#3475=EDGE_CURVE('',#2719,#2719,#1431,.T.);
#3476=EDGE_CURVE('',#2720,#2713,#1809,.T.);
#3477=EDGE_CURVE('',#2720,#2721,#1432,.T.);
#3478=EDGE_CURVE('',#2721,#2722,#1810,.T.);
#3479=EDGE_CURVE('',#2715,#2722,#326,.T.);
#3480=EDGE_CURVE('',#2723,#2716,#327,.T.);
#3481=EDGE_CURVE('',#2723,#2724,#1811,.T.);
#3482=EDGE_CURVE('',#2724,#2545,#1433,.T.);
#3483=EDGE_CURVE('',#2570,#2723,#1812,.T.);
#3484=EDGE_CURVE('',#2716,#2572,#1813,.T.);
#3485=EDGE_CURVE('',#2579,#2715,#1814,.T.);
#3486=EDGE_CURVE('',#2722,#2580,#1815,.T.);
#3487=EDGE_CURVE('',#2725,#2726,#1434,.T.);
#3488=EDGE_CURVE('',#2726,#2667,#1435,.T.);
#3489=EDGE_CURVE('',#2726,#2725,#1436,.T.);
#3490=EDGE_CURVE('',#2725,#2549,#1816,.T.);
#3491=EDGE_CURVE('',#2628,#2623,#1437,.T.);
#3492=EDGE_CURVE('',#2727,#2728,#1438,.T.);
#3493=EDGE_CURVE('',#2727,#2729,#1817,.T.);
#3494=EDGE_CURVE('',#2729,#2730,#1439,.T.);
#3495=EDGE_CURVE('',#2730,#2728,#1818,.T.);
#3496=EDGE_CURVE('',#2727,#2731,#1819,.T.);
#3497=EDGE_CURVE('',#2732,#2731,#1820,.T.);
#3498=EDGE_CURVE('',#2729,#2732,#1821,.T.);
#3499=EDGE_CURVE('',#2733,#2731,#1440,.T.);
#3500=EDGE_CURVE('',#2733,#2734,#1822,.T.);
#3501=EDGE_CURVE('',#2734,#2732,#1441,.T.);
#3502=EDGE_CURVE('',#2733,#2463,#1442,.T.);
#3503=EDGE_CURVE('',#2734,#2464,#1443,.T.);
#3504=EDGE_CURVE('',#2735,#2736,#1444,.T.);
#3505=EDGE_CURVE('',#2735,#2737,#1823,.T.);
#3506=EDGE_CURVE('',#2737,#2738,#1445,.T.);
#3507=EDGE_CURVE('',#2738,#2736,#1824,.T.);
#3508=EDGE_CURVE('',#2735,#2739,#1446,.T.);
#3509=EDGE_CURVE('',#2740,#2739,#1825,.T.);
#3510=EDGE_CURVE('',#2740,#2737,#1447,.T.);
#3511=EDGE_CURVE('',#2741,#2742,#1448,.T.);
#3512=EDGE_CURVE('',#2741,#2743,#1826,.T.);
#3513=EDGE_CURVE('',#2743,#2744,#1449,.T.);
#3514=EDGE_CURVE('',#2744,#2742,#1827,.T.);
#3515=EDGE_CURVE('',#2741,#2736,#1828,.T.);
#3516=EDGE_CURVE('',#2745,#2742,#1450,.T.);
#3517=EDGE_CURVE('',#2745,#2746,#1451,.T.);
#3518=EDGE_CURVE('',#2747,#2746,#1829,.T.);
#3519=EDGE_CURVE('',#2747,#2739,#1452,.T.);
#3520=EDGE_CURVE('',#2748,#2744,#1453,.T.);
#3521=EDGE_CURVE('',#2745,#2748,#1830,.T.);
#3522=EDGE_CURVE('',#2747,#2749,#1831,.T.);
#3523=EDGE_CURVE('',#2749,#2740,#1454,.T.);
#3524=EDGE_CURVE('',#2750,#2746,#1832,.T.);
#3525=EDGE_CURVE('',#2749,#2750,#1833,.T.);
#3526=EDGE_CURVE('',#2748,#2750,#1455,.T.);
#3527=EDGE_CURVE('',#2751,#2752,#1456,.T.);
#3528=EDGE_CURVE('',#2751,#2753,#1834,.T.);
#3529=EDGE_CURVE('',#2753,#2754,#1457,.T.);
#3530=EDGE_CURVE('',#2754,#2752,#1835,.T.);
#3531=EDGE_CURVE('',#2755,#2752,#1836,.T.);
#3532=EDGE_CURVE('',#2755,#2756,#1458,.T.);
#3533=EDGE_CURVE('',#2757,#2756,#1459,.T.);
#3534=EDGE_CURVE('',#2757,#2758,#1460,.T.);
#3535=EDGE_CURVE('',#2759,#2758,#1837,.T.);
#3536=EDGE_CURVE('',#2759,#2760,#1461,.T.);
#3537=EDGE_CURVE('',#2751,#2760,#1462,.T.);
#3538=EDGE_CURVE('',#2754,#2761,#1838,.T.);
#3539=EDGE_CURVE('',#2755,#2761,#1839,.T.);
#3540=EDGE_CURVE('',#2761,#2762,#1463,.T.);
#3541=EDGE_CURVE('',#2762,#2756,#1840,.T.);
#3542=EDGE_CURVE('',#2757,#2763,#1841,.T.);
#3543=EDGE_CURVE('',#2763,#2764,#1464,.T.);
#3544=EDGE_CURVE('',#2764,#2758,#1842,.T.);
#3545=EDGE_CURVE('',#2765,#2764,#1843,.T.);
#3546=EDGE_CURVE('',#2759,#2765,#1844,.T.);
#3547=EDGE_CURVE('',#2765,#2766,#1465,.T.);
#3548=EDGE_CURVE('',#2766,#2760,#1845,.T.);
#3549=EDGE_CURVE('',#2767,#2768,#1466,.T.);
#3550=EDGE_CURVE('',#2768,#2696,#1846,.T.);
#3551=EDGE_CURVE('',#2698,#2767,#1847,.T.);
#3552=EDGE_CURVE('',#2769,#2768,#1848,.T.);
#3553=EDGE_CURVE('',#2645,#2769,#1467,.T.);
#3554=EDGE_CURVE('',#2643,#2770,#1468,.T.);
#3555=EDGE_CURVE('',#2770,#2721,#1849,.T.);
#3556=EDGE_CURVE('',#2771,#2720,#1469,.T.);
#3557=EDGE_CURVE('',#2771,#2772,#1850,.T.);
#3558=EDGE_CURVE('',#2773,#2772,#1470,.T.);
#3559=EDGE_CURVE('',#2774,#2773,#1471,.T.);
#3560=EDGE_CURVE('',#2775,#2774,#1472,.T.);
#3561=EDGE_CURVE('',#2775,#2776,#1473,.T.);
#3562=EDGE_CURVE('',#2777,#2776,#1474,.T.);
#3563=EDGE_CURVE('',#2777,#2505,#1851,.T.);
#3564=EDGE_CURVE('',#2778,#2509,#1852,.T.);
#3565=EDGE_CURVE('',#2779,#2778,#1853,.T.);
#3566=EDGE_CURVE('',#2692,#2779,#1475,.T.);
#3567=EDGE_CURVE('',#2766,#2753,#1476,.T.);
#3568=EDGE_CURVE('',#2763,#2762,#1477,.T.);
#3569=EDGE_CURVE('',#2780,#2780,#1478,.T.);
#3570=EDGE_CURVE('',#2781,#2781,#1479,.T.);
#3571=EDGE_CURVE('',#2508,#2782,#1854,.T.);
#3572=EDGE_CURVE('',#2782,#2778,#1480,.T.);
#3573=EDGE_CURVE('',#2711,#2771,#1855,.T.);
#3574=EDGE_CURVE('',#2772,#2709,#1856,.T.);
#3575=EDGE_CURVE('',#2707,#2773,#1857,.T.);
#3576=EDGE_CURVE('',#2703,#2775,#1858,.T.);
#3577=EDGE_CURVE('',#2774,#2705,#1859,.T.);
#3578=EDGE_CURVE('',#2718,#2777,#1860,.T.);
#3579=EDGE_CURVE('',#2776,#2702,#1861,.T.);
#3580=EDGE_CURVE('',#2779,#2683,#1862,.T.);
#3581=EDGE_CURVE('',#2782,#2783,#1863,.T.);
#3582=EDGE_CURVE('',#2684,#2783,#1864,.T.);
#3583=EDGE_CURVE('',#2783,#2784,#249,.T.);
#3584=EDGE_CURVE('',#2785,#2784,#328,.T.);
#3585=EDGE_CURVE('',#2785,#2686,#1865,.T.);
#3586=EDGE_CURVE('',#2647,#2602,#1481,.T.);
#3587=EDGE_CURVE('',#2786,#2787,#1482,.F.);
#3588=EDGE_CURVE('',#2788,#2786,#1483,.F.);
#3589=EDGE_CURVE('',#2787,#2788,#1484,.F.);
#3590=EDGE_CURVE('',#2612,#2788,#1866,.T.);
#3591=EDGE_CURVE('',#2786,#2614,#1867,.T.);
#3592=EDGE_CURVE('',#2789,#2646,#1485,.T.);
#3593=EDGE_CURVE('',#2646,#2790,#329,.T.);
#3594=EDGE_CURVE('',#2790,#2791,#1486,.T.);
#3595=EDGE_CURVE('',#2791,#2789,#330,.T.);
#3596=EDGE_CURVE('',#2792,#2793,#1487,.T.);
#3597=EDGE_CURVE('',#2793,#2791,#250,.T.);
#3598=EDGE_CURVE('',#2790,#2792,#251,.T.);
#3599=EDGE_CURVE('',#2788,#2793,#1868,.T.);
#3600=EDGE_CURVE('',#2792,#2787,#1869,.T.);
#3601=EDGE_CURVE('',#2794,#2795,#331,.F.);
#3602=EDGE_CURVE('',#2794,#2786,#1870,.T.);
#3603=EDGE_CURVE('',#2787,#2796,#1871,.T.);
#3604=EDGE_CURVE('',#2796,#2795,#252,.T.);
#3605=EDGE_CURVE('',#2789,#2609,#332,.T.);
#3606=EDGE_CURVE('',#2791,#2610,#1872,.T.);
#3607=EDGE_CURVE('',#2794,#2616,#1873,.F.);
#3608=EDGE_CURVE('',#2795,#2797,#1874,.T.);
#3609=EDGE_CURVE('',#2797,#2798,#333,.T.);
#3610=EDGE_CURVE('',#2798,#2785,#1875,.T.);
#3611=EDGE_CURVE('',#2784,#2511,#1876,.T.);
#3612=EDGE_CURVE('',#2384,#2629,#1877,.T.);
#3613=EDGE_CURVE('',#2687,#2798,#1878,.T.);
#3614=EDGE_CURVE('',#2697,#2797,#253,.F.);
#3615=EDGE_CURVE('',#2769,#2792,#1879,.T.);
#3616=EDGE_CURVE('',#2767,#2796,#1880,.T.);
#3617=EDGE_CURVE('',#2700,#2672,#1881,.T.);
#3618=EDGE_CURVE('',#2699,#2671,#1882,.T.);
#3619=EDGE_CURVE('',#2799,#2799,#1488,.T.);
#3620=EDGE_CURVE('',#2799,#2669,#1883,.T.);
#3621=EDGE_CURVE('',#2800,#2800,#1489,.T.);
#3622=EDGE_CURVE('',#2770,#2586,#1884,.T.);
#3623=EDGE_CURVE('',#2801,#2724,#1885,.T.);
#3624=EDGE_CURVE('',#2801,#2650,#1490,.T.);
#3625=EDGE_CURVE('',#2730,#2459,#1491,.T.);
#3626=EDGE_CURVE('',#2802,#2802,#1492,.T.);
#3627=EDGE_CURVE('',#2803,#2803,#1493,.T.);
#3628=EDGE_CURVE('',#2738,#2743,#1886,.T.);
#3629=EDGE_CURVE('',#2781,#2627,#1887,.T.);
#3630=EDGE_CURVE('',#2802,#2622,#1888,.T.);
#3631=EDGE_CURVE('',#2803,#2621,#1889,.T.);
#3632=EDGE_CURVE('',#2780,#2800,#1890,.T.);
#3633=EDGE_CURVE('',#2674,#2657,#1891,.T.);
#3634=EDGE_CURVE('',#2673,#2656,#1892,.T.);
#3635=EDGE_CURVE('',#2458,#2728,#1494,.T.);
#3636=EDGE_CURVE('',#2801,#2562,#1893,.T.);
#3637=EDGE_CURVE('',#2719,#2804,#1894,.T.);
#3638=EDGE_CURVE('',#2804,#2804,#1495,.T.);
#3639=EDGE_CURVE('',#2805,#2805,#1496,.F.);
#3640=EDGE_CURVE('',#2805,#2547,#1895,.T.);
#3641=ORIENTED_EDGE('',*,*,#2806,.T.);
#3642=ORIENTED_EDGE('',*,*,#2807,.F.);
#3643=ORIENTED_EDGE('',*,*,#2808,.F.);
#3644=ORIENTED_EDGE('',*,*,#2809,.F.);
#3645=ORIENTED_EDGE('',*,*,#2810,.F.);
#3646=ORIENTED_EDGE('',*,*,#2811,.F.);
#3647=ORIENTED_EDGE('',*,*,#2808,.T.);
#3648=ORIENTED_EDGE('',*,*,#2812,.F.);
#3649=ORIENTED_EDGE('',*,*,#2810,.T.);
#3650=ORIENTED_EDGE('',*,*,#2813,.F.);
#3651=ORIENTED_EDGE('',*,*,#2814,.F.);
#3652=ORIENTED_EDGE('',*,*,#2815,.F.);
#3653=ORIENTED_EDGE('',*,*,#2816,.F.);
#3654=ORIENTED_EDGE('',*,*,#2817,.F.);
#3655=ORIENTED_EDGE('',*,*,#2814,.T.);
#3656=ORIENTED_EDGE('',*,*,#2818,.F.);
#3657=ORIENTED_EDGE('',*,*,#2816,.T.);
#3658=ORIENTED_EDGE('',*,*,#2819,.F.);
#3659=ORIENTED_EDGE('',*,*,#2820,.F.);
#3660=ORIENTED_EDGE('',*,*,#2821,.F.);
#3661=ORIENTED_EDGE('',*,*,#2822,.F.);
#3662=ORIENTED_EDGE('',*,*,#2823,.F.);
#3663=ORIENTED_EDGE('',*,*,#2820,.T.);
#3664=ORIENTED_EDGE('',*,*,#2824,.F.);
#3665=ORIENTED_EDGE('',*,*,#2825,.F.);
#3666=ORIENTED_EDGE('',*,*,#2826,.F.);
#3667=ORIENTED_EDGE('',*,*,#2822,.T.);
#3668=ORIENTED_EDGE('',*,*,#2827,.F.);
#3669=ORIENTED_EDGE('',*,*,#2828,.F.);
#3670=ORIENTED_EDGE('',*,*,#2829,.F.);
#3671=ORIENTED_EDGE('',*,*,#2830,.F.);
#3672=ORIENTED_EDGE('',*,*,#2831,.F.);
#3673=ORIENTED_EDGE('',*,*,#2832,.F.);
#3674=ORIENTED_EDGE('',*,*,#2833,.F.);
#3675=ORIENTED_EDGE('',*,*,#2830,.T.);
#3676=ORIENTED_EDGE('',*,*,#2834,.F.);
#3677=ORIENTED_EDGE('',*,*,#2835,.F.);
#3678=ORIENTED_EDGE('',*,*,#2836,.F.);
#3679=ORIENTED_EDGE('',*,*,#2832,.T.);
#3680=ORIENTED_EDGE('',*,*,#2837,.F.);
#3681=ORIENTED_EDGE('',*,*,#2828,.T.);
#3682=ORIENTED_EDGE('',*,*,#2838,.F.);
#3683=ORIENTED_EDGE('',*,*,#2825,.T.);
#3684=ORIENTED_EDGE('',*,*,#2839,.F.);
#3685=ORIENTED_EDGE('',*,*,#2840,.F.);
#3686=ORIENTED_EDGE('',*,*,#2841,.F.);
#3687=ORIENTED_EDGE('',*,*,#2842,.F.);
#3688=ORIENTED_EDGE('',*,*,#2843,.F.);
#3689=ORIENTED_EDGE('',*,*,#2842,.T.);
#3690=ORIENTED_EDGE('',*,*,#2844,.F.);
#3691=ORIENTED_EDGE('',*,*,#2835,.T.);
#3692=ORIENTED_EDGE('',*,*,#2845,.F.);
#3693=ORIENTED_EDGE('',*,*,#2846,.F.);
#3694=ORIENTED_EDGE('',*,*,#2847,.F.);
#3695=ORIENTED_EDGE('',*,*,#2848,.F.);
#3696=ORIENTED_EDGE('',*,*,#2849,.F.);
#3697=ORIENTED_EDGE('',*,*,#2850,.F.);
#3698=ORIENTED_EDGE('',*,*,#2851,.F.);
#3699=ORIENTED_EDGE('',*,*,#2848,.T.);
#3700=ORIENTED_EDGE('',*,*,#2852,.F.);
#3701=ORIENTED_EDGE('',*,*,#2853,.F.);
#3702=ORIENTED_EDGE('',*,*,#2854,.F.);
#3703=ORIENTED_EDGE('',*,*,#2850,.T.);
#3704=ORIENTED_EDGE('',*,*,#2855,.F.);
#3705=ORIENTED_EDGE('',*,*,#2846,.T.);
#3706=ORIENTED_EDGE('',*,*,#2856,.F.);
#3707=ORIENTED_EDGE('',*,*,#2840,.T.);
#3708=ORIENTED_EDGE('',*,*,#2857,.F.);
#3709=ORIENTED_EDGE('',*,*,#2858,.F.);
#3710=ORIENTED_EDGE('',*,*,#2859,.F.);
#3711=ORIENTED_EDGE('',*,*,#2860,.F.);
#3712=ORIENTED_EDGE('',*,*,#2861,.F.);
#3713=ORIENTED_EDGE('',*,*,#2862,.F.);
#3714=ORIENTED_EDGE('',*,*,#2863,.F.);
#3715=ORIENTED_EDGE('',*,*,#2858,.T.);
#3716=ORIENTED_EDGE('',*,*,#2864,.F.);
#3717=ORIENTED_EDGE('',*,*,#2862,.T.);
#3718=ORIENTED_EDGE('',*,*,#2865,.F.);
#3719=ORIENTED_EDGE('',*,*,#2866,.F.);
#3720=ORIENTED_EDGE('',*,*,#2867,.F.);
#3721=ORIENTED_EDGE('',*,*,#2868,.F.);
#3722=ORIENTED_EDGE('',*,*,#2869,.F.);
#3723=ORIENTED_EDGE('',*,*,#2866,.T.);
#3724=ORIENTED_EDGE('',*,*,#2870,.F.);
#3725=ORIENTED_EDGE('',*,*,#2860,.T.);
#3726=ORIENTED_EDGE('',*,*,#2871,.F.);
#3727=ORIENTED_EDGE('',*,*,#2853,.T.);
#3728=ORIENTED_EDGE('',*,*,#2872,.F.);
#3729=ORIENTED_EDGE('',*,*,#2873,.F.);
#3730=ORIENTED_EDGE('',*,*,#2874,.F.);
#3731=ORIENTED_EDGE('',*,*,#2875,.F.);
#3732=ORIENTED_EDGE('',*,*,#2876,.F.);
#3733=ORIENTED_EDGE('',*,*,#2877,.F.);
#3734=ORIENTED_EDGE('',*,*,#2878,.F.);
#3735=ORIENTED_EDGE('',*,*,#2873,.T.);
#3736=ORIENTED_EDGE('',*,*,#2879,.F.);
#3737=ORIENTED_EDGE('',*,*,#2880,.F.);
#3738=ORIENTED_EDGE('',*,*,#2881,.F.);
#3739=ORIENTED_EDGE('',*,*,#2877,.T.);
#3740=ORIENTED_EDGE('',*,*,#2882,.F.);
#3741=ORIENTED_EDGE('',*,*,#2875,.T.);
#3742=ORIENTED_EDGE('',*,*,#2883,.F.);
#3743=ORIENTED_EDGE('',*,*,#2868,.T.);
#3744=ORIENTED_EDGE('',*,*,#2884,.F.);
#3745=ORIENTED_EDGE('',*,*,#2885,.F.);
#3746=ORIENTED_EDGE('',*,*,#2886,.F.);
#3747=ORIENTED_EDGE('',*,*,#2880,.T.);
#3748=ORIENTED_EDGE('',*,*,#2887,.F.);
#3749=ORIENTED_EDGE('',*,*,#2888,.F.);
#3750=ORIENTED_EDGE('',*,*,#2889,.F.);
#3751=ORIENTED_EDGE('',*,*,#2885,.T.);
#3752=ORIENTED_EDGE('',*,*,#2890,.F.);
#3753=ORIENTED_EDGE('',*,*,#2891,.F.);
#3754=ORIENTED_EDGE('',*,*,#2892,.F.);
#3755=ORIENTED_EDGE('',*,*,#2893,.F.);
#3756=ORIENTED_EDGE('',*,*,#2894,.F.);
#3757=ORIENTED_EDGE('',*,*,#2895,.F.);
#3758=ORIENTED_EDGE('',*,*,#2896,.F.);
#3759=ORIENTED_EDGE('',*,*,#2893,.T.);
#3760=ORIENTED_EDGE('',*,*,#2897,.F.);
#3761=ORIENTED_EDGE('',*,*,#2895,.T.);
#3762=ORIENTED_EDGE('',*,*,#2898,.F.);
#3763=ORIENTED_EDGE('',*,*,#2899,.F.);
#3764=ORIENTED_EDGE('',*,*,#2900,.F.);
#3765=ORIENTED_EDGE('',*,*,#2901,.F.);
#3766=ORIENTED_EDGE('',*,*,#2902,.F.);
#3767=ORIENTED_EDGE('',*,*,#2899,.T.);
#3768=ORIENTED_EDGE('',*,*,#2903,.F.);
#3769=ORIENTED_EDGE('',*,*,#2891,.T.);
#3770=ORIENTED_EDGE('',*,*,#2904,.F.);
#3771=ORIENTED_EDGE('',*,*,#2888,.T.);
#3772=ORIENTED_EDGE('',*,*,#2905,.F.);
#3773=ORIENTED_EDGE('',*,*,#2811,.T.);
#3774=ORIENTED_EDGE('',*,*,#2906,.T.);
#3775=ORIENTED_EDGE('',*,*,#2907,.T.);
#3776=ORIENTED_EDGE('',*,*,#2908,.T.);
#3777=ORIENTED_EDGE('',*,*,#2809,.T.);
#3778=ORIENTED_EDGE('',*,*,#2908,.F.);
#3779=ORIENTED_EDGE('',*,*,#2909,.T.);
#3780=ORIENTED_EDGE('',*,*,#2910,.F.);
#3781=ORIENTED_EDGE('',*,*,#2855,.T.);
#3782=ORIENTED_EDGE('',*,*,#2911,.F.);
#3783=ORIENTED_EDGE('',*,*,#2912,.F.);
#3784=ORIENTED_EDGE('',*,*,#2913,.F.);
#3785=ORIENTED_EDGE('',*,*,#2872,.T.);
#3786=ORIENTED_EDGE('',*,*,#2913,.T.);
#3787=ORIENTED_EDGE('',*,*,#2914,.T.);
#3788=ORIENTED_EDGE('',*,*,#2915,.T.);
#3789=ORIENTED_EDGE('',*,*,#2870,.T.);
#3790=ORIENTED_EDGE('',*,*,#2865,.T.);
#3791=ORIENTED_EDGE('',*,*,#2864,.T.);
#3792=ORIENTED_EDGE('',*,*,#2861,.T.);
#3793=ORIENTED_EDGE('',*,*,#2916,.F.);
#3794=ORIENTED_EDGE('',*,*,#2884,.T.);
#3795=ORIENTED_EDGE('',*,*,#2915,.F.);
#3796=ORIENTED_EDGE('',*,*,#2917,.T.);
#3797=ORIENTED_EDGE('',*,*,#2918,.F.);
#3798=ORIENTED_EDGE('',*,*,#2876,.T.);
#3799=ORIENTED_EDGE('',*,*,#2879,.T.);
#3800=ORIENTED_EDGE('',*,*,#2918,.T.);
#3801=ORIENTED_EDGE('',*,*,#2919,.T.);
#3802=ORIENTED_EDGE('',*,*,#2920,.T.);
#3803=ORIENTED_EDGE('',*,*,#2921,.T.);
#3804=ORIENTED_EDGE('',*,*,#2922,.T.);
#3805=ORIENTED_EDGE('',*,*,#2923,.T.);
#3806=ORIENTED_EDGE('',*,*,#2924,.T.);
#3807=ORIENTED_EDGE('',*,*,#2925,.T.);
#3808=ORIENTED_EDGE('',*,*,#2926,.F.);
#3809=ORIENTED_EDGE('',*,*,#2927,.F.);
#3810=ORIENTED_EDGE('',*,*,#2928,.T.);
#3811=ORIENTED_EDGE('',*,*,#2929,.F.);
#3812=ORIENTED_EDGE('',*,*,#2930,.T.);
#3813=ORIENTED_EDGE('',*,*,#2931,.F.);
#3814=ORIENTED_EDGE('',*,*,#2932,.F.);
#3815=ORIENTED_EDGE('',*,*,#2933,.T.);
#3816=ORIENTED_EDGE('',*,*,#2903,.T.);
#3817=ORIENTED_EDGE('',*,*,#2898,.T.);
#3818=ORIENTED_EDGE('',*,*,#2897,.T.);
#3819=ORIENTED_EDGE('',*,*,#2892,.T.);
#3820=ORIENTED_EDGE('',*,*,#2905,.T.);
#3821=ORIENTED_EDGE('',*,*,#2890,.T.);
#3822=ORIENTED_EDGE('',*,*,#2887,.T.);
#3823=ORIENTED_EDGE('',*,*,#2882,.T.);
#3824=ORIENTED_EDGE('',*,*,#2867,.T.);
#3825=ORIENTED_EDGE('',*,*,#2934,.F.);
#3826=ORIENTED_EDGE('',*,*,#2935,.F.);
#3827=ORIENTED_EDGE('',*,*,#2936,.F.);
#3828=ORIENTED_EDGE('',*,*,#2869,.T.);
#3829=ORIENTED_EDGE('',*,*,#2883,.T.);
#3830=ORIENTED_EDGE('',*,*,#2874,.T.);
#3831=ORIENTED_EDGE('',*,*,#2878,.T.);
#3832=ORIENTED_EDGE('',*,*,#2937,.T.);
#3833=ORIENTED_EDGE('',*,*,#2938,.T.);
#3834=ORIENTED_EDGE('',*,*,#2939,.T.);
#3835=ORIENTED_EDGE('',*,*,#2940,.T.);
#3836=ORIENTED_EDGE('',*,*,#2934,.T.);
#3837=ORIENTED_EDGE('',*,*,#2815,.T.);
#3838=ORIENTED_EDGE('',*,*,#2941,.F.);
#3839=ORIENTED_EDGE('',*,*,#2942,.F.);
#3840=ORIENTED_EDGE('',*,*,#2906,.F.);
#3841=ORIENTED_EDGE('',*,*,#2817,.T.);
#3842=ORIENTED_EDGE('',*,*,#2943,.T.);
#3843=ORIENTED_EDGE('',*,*,#2944,.T.);
#3844=ORIENTED_EDGE('',*,*,#2941,.T.);
#3845=ORIENTED_EDGE('',*,*,#2821,.T.);
#3846=ORIENTED_EDGE('',*,*,#2945,.F.);
#3847=ORIENTED_EDGE('',*,*,#2946,.T.);
#3848=ORIENTED_EDGE('',*,*,#2943,.F.);
#3849=ORIENTED_EDGE('',*,*,#2947,.F.);
#3850=ORIENTED_EDGE('',*,*,#2948,.F.);
#3851=ORIENTED_EDGE('',*,*,#2949,.F.);
#3852=ORIENTED_EDGE('',*,*,#2950,.F.);
#3853=ORIENTED_EDGE('',*,*,#2949,.T.);
#3854=ORIENTED_EDGE('',*,*,#2951,.F.);
#3855=ORIENTED_EDGE('',*,*,#2952,.T.);
#3856=ORIENTED_EDGE('',*,*,#2927,.T.);
#3857=ORIENTED_EDGE('',*,*,#2953,.F.);
#3858=ORIENTED_EDGE('',*,*,#2954,.T.);
#3859=ORIENTED_EDGE('',*,*,#2955,.F.);
#3860=ORIENTED_EDGE('',*,*,#2928,.F.);
#3861=ORIENTED_EDGE('',*,*,#2952,.F.);
#3862=ORIENTED_EDGE('',*,*,#2956,.T.);
#3863=ORIENTED_EDGE('',*,*,#2957,.T.);
#3864=ORIENTED_EDGE('',*,*,#2958,.T.);
#3865=ORIENTED_EDGE('',*,*,#2959,.F.);
#3866=ORIENTED_EDGE('',*,*,#2960,.F.);
#3867=ORIENTED_EDGE('',*,*,#2957,.F.);
#3868=ORIENTED_EDGE('',*,*,#2924,.F.);
#3869=ORIENTED_EDGE('',*,*,#2959,.T.);
#3870=ORIENTED_EDGE('',*,*,#2923,.F.);
#3871=ORIENTED_EDGE('',*,*,#2961,.F.);
#3872=ORIENTED_EDGE('',*,*,#2962,.F.);
#3873=ORIENTED_EDGE('',*,*,#2963,.F.);
#3874=ORIENTED_EDGE('',*,*,#2964,.F.);
#3875=ORIENTED_EDGE('',*,*,#2961,.T.);
#3876=ORIENTED_EDGE('',*,*,#2922,.F.);
#3877=ORIENTED_EDGE('',*,*,#2963,.T.);
#3878=ORIENTED_EDGE('',*,*,#2921,.F.);
#3879=ORIENTED_EDGE('',*,*,#2965,.F.);
#3880=ORIENTED_EDGE('',*,*,#2966,.F.);
#3881=ORIENTED_EDGE('',*,*,#2967,.F.);
#3882=ORIENTED_EDGE('',*,*,#2968,.F.);
#3883=ORIENTED_EDGE('',*,*,#2965,.T.);
#3884=ORIENTED_EDGE('',*,*,#2920,.F.);
#3885=ORIENTED_EDGE('',*,*,#2969,.F.);
#3886=ORIENTED_EDGE('',*,*,#2970,.F.);
#3887=ORIENTED_EDGE('',*,*,#2967,.T.);
#3888=ORIENTED_EDGE('',*,*,#2971,.F.);
#3889=ORIENTED_EDGE('',*,*,#2972,.F.);
#3890=ORIENTED_EDGE('',*,*,#2925,.F.);
#3891=ORIENTED_EDGE('',*,*,#2956,.F.);
#3892=ORIENTED_EDGE('',*,*,#2973,.F.);
#3893=ORIENTED_EDGE('',*,*,#2950,.T.);
#3894=ORIENTED_EDGE('',*,*,#2953,.T.);
#3895=ORIENTED_EDGE('',*,*,#2926,.T.);
#3896=ORIENTED_EDGE('',*,*,#2972,.T.);
#3897=ORIENTED_EDGE('',*,*,#2974,.F.);
#3898=ORIENTED_EDGE('',*,*,#2975,.F.);
#3899=ORIENTED_EDGE('',*,*,#2976,.F.);
#3900=ORIENTED_EDGE('',*,*,#2977,.F.);
#3901=ORIENTED_EDGE('',*,*,#2978,.F.);
#3902=ORIENTED_EDGE('',*,*,#2979,.F.);
#3903=ORIENTED_EDGE('',*,*,#2980,.F.);
#3904=ORIENTED_EDGE('',*,*,#2977,.T.);
#3905=ORIENTED_EDGE('',*,*,#2981,.F.);
#3906=ORIENTED_EDGE('',*,*,#2982,.F.);
#3907=ORIENTED_EDGE('',*,*,#2983,.F.);
#3908=ORIENTED_EDGE('',*,*,#2975,.T.);
#3909=ORIENTED_EDGE('',*,*,#2984,.F.);
#3910=ORIENTED_EDGE('',*,*,#2985,.F.);
#3911=ORIENTED_EDGE('',*,*,#2986,.F.);
#3912=ORIENTED_EDGE('',*,*,#2987,.F.);
#3913=ORIENTED_EDGE('',*,*,#2988,.F.);
#3914=ORIENTED_EDGE('',*,*,#2985,.T.);
#3915=ORIENTED_EDGE('',*,*,#2989,.F.);
#3916=ORIENTED_EDGE('',*,*,#2979,.T.);
#3917=ORIENTED_EDGE('',*,*,#2990,.F.);
#3918=ORIENTED_EDGE('',*,*,#2991,.F.);
#3919=ORIENTED_EDGE('',*,*,#2992,.F.);
#3920=ORIENTED_EDGE('',*,*,#2993,.F.);
#3921=ORIENTED_EDGE('',*,*,#2990,.T.);
#3922=ORIENTED_EDGE('',*,*,#2994,.F.);
#3923=ORIENTED_EDGE('',*,*,#2987,.T.);
#3924=ORIENTED_EDGE('',*,*,#2995,.F.);
#3925=ORIENTED_EDGE('',*,*,#2996,.F.);
#3926=ORIENTED_EDGE('',*,*,#2997,.F.);
#3927=ORIENTED_EDGE('',*,*,#2998,.F.);
#3928=ORIENTED_EDGE('',*,*,#2995,.T.);
#3929=ORIENTED_EDGE('',*,*,#2999,.F.);
#3930=ORIENTED_EDGE('',*,*,#2992,.T.);
#3931=ORIENTED_EDGE('',*,*,#2982,.T.);
#3932=ORIENTED_EDGE('',*,*,#3000,.F.);
#3933=ORIENTED_EDGE('',*,*,#2997,.T.);
#3934=ORIENTED_EDGE('',*,*,#2980,.T.);
#3935=ORIENTED_EDGE('',*,*,#3001,.T.);
#3936=ORIENTED_EDGE('',*,*,#3002,.T.);
#3937=ORIENTED_EDGE('',*,*,#3003,.T.);
#3938=ORIENTED_EDGE('',*,*,#2978,.T.);
#3939=ORIENTED_EDGE('',*,*,#3003,.F.);
#3940=ORIENTED_EDGE('',*,*,#3004,.F.);
#3941=ORIENTED_EDGE('',*,*,#3005,.F.);
#3942=ORIENTED_EDGE('',*,*,#2984,.T.);
#3943=ORIENTED_EDGE('',*,*,#3005,.T.);
#3944=ORIENTED_EDGE('',*,*,#3006,.T.);
#3945=ORIENTED_EDGE('',*,*,#3007,.T.);
#3946=ORIENTED_EDGE('',*,*,#3000,.T.);
#3947=ORIENTED_EDGE('',*,*,#3007,.F.);
#3948=ORIENTED_EDGE('',*,*,#3008,.F.);
#3949=ORIENTED_EDGE('',*,*,#3009,.T.);
#3950=ORIENTED_EDGE('',*,*,#3010,.F.);
#3951=ORIENTED_EDGE('',*,*,#2998,.T.);
#3952=ORIENTED_EDGE('',*,*,#3010,.T.);
#3953=ORIENTED_EDGE('',*,*,#3011,.T.);
#3954=ORIENTED_EDGE('',*,*,#3012,.F.);
#3955=ORIENTED_EDGE('',*,*,#3013,.T.);
#3956=ORIENTED_EDGE('',*,*,#2976,.T.);
#3957=ORIENTED_EDGE('',*,*,#2983,.T.);
#3958=ORIENTED_EDGE('',*,*,#2996,.T.);
#3959=ORIENTED_EDGE('',*,*,#2991,.T.);
#3960=ORIENTED_EDGE('',*,*,#2986,.T.);
#3961=ORIENTED_EDGE('',*,*,#2981,.T.);
#3962=ORIENTED_EDGE('',*,*,#3014,.F.);
#3963=ORIENTED_EDGE('',*,*,#3015,.F.);
#3964=ORIENTED_EDGE('',*,*,#3016,.F.);
#3965=ORIENTED_EDGE('',*,*,#3017,.F.);
#3966=ORIENTED_EDGE('',*,*,#3018,.F.);
#3967=ORIENTED_EDGE('',*,*,#3019,.F.);
#3968=ORIENTED_EDGE('',*,*,#3020,.F.);
#3969=ORIENTED_EDGE('',*,*,#3021,.F.);
#3970=ORIENTED_EDGE('',*,*,#3018,.T.);
#3971=ORIENTED_EDGE('',*,*,#3022,.F.);
#3972=ORIENTED_EDGE('',*,*,#3023,.F.);
#3973=ORIENTED_EDGE('',*,*,#3024,.F.);
#3974=ORIENTED_EDGE('',*,*,#3020,.T.);
#3975=ORIENTED_EDGE('',*,*,#3025,.F.);
#3976=ORIENTED_EDGE('',*,*,#3026,.F.);
#3977=ORIENTED_EDGE('',*,*,#3027,.F.);
#3978=ORIENTED_EDGE('',*,*,#3023,.T.);
#3979=ORIENTED_EDGE('',*,*,#3028,.F.);
#3980=ORIENTED_EDGE('',*,*,#3029,.F.);
#3981=ORIENTED_EDGE('',*,*,#3030,.F.);
#3982=ORIENTED_EDGE('',*,*,#3026,.T.);
#3983=ORIENTED_EDGE('',*,*,#3031,.F.);
#3984=ORIENTED_EDGE('',*,*,#3032,.F.);
#3985=ORIENTED_EDGE('',*,*,#3033,.F.);
#3986=ORIENTED_EDGE('',*,*,#3029,.T.);
#3987=ORIENTED_EDGE('',*,*,#3034,.F.);
#3988=ORIENTED_EDGE('',*,*,#3035,.F.);
#3989=ORIENTED_EDGE('',*,*,#3036,.F.);
#3990=ORIENTED_EDGE('',*,*,#3016,.T.);
#3991=ORIENTED_EDGE('',*,*,#3037,.F.);
#3992=ORIENTED_EDGE('',*,*,#3038,.T.);
#3993=ORIENTED_EDGE('',*,*,#3039,.T.);
#3994=ORIENTED_EDGE('',*,*,#3040,.F.);
#3995=ORIENTED_EDGE('',*,*,#3041,.F.);
#3996=ORIENTED_EDGE('',*,*,#3042,.T.);
#3997=ORIENTED_EDGE('',*,*,#2836,.T.);
#3998=ORIENTED_EDGE('',*,*,#3043,.F.);
#3999=ORIENTED_EDGE('',*,*,#3044,.F.);
#4000=ORIENTED_EDGE('',*,*,#3045,.F.);
#4001=ORIENTED_EDGE('',*,*,#2844,.T.);
#4002=ORIENTED_EDGE('',*,*,#2841,.T.);
#4003=ORIENTED_EDGE('',*,*,#2856,.T.);
#4004=ORIENTED_EDGE('',*,*,#3046,.T.);
#4005=ORIENTED_EDGE('',*,*,#3047,.T.);
#4006=ORIENTED_EDGE('',*,*,#3043,.T.);
#4007=ORIENTED_EDGE('',*,*,#2849,.T.);
#4008=ORIENTED_EDGE('',*,*,#3048,.F.);
#4009=ORIENTED_EDGE('',*,*,#3039,.F.);
#4010=ORIENTED_EDGE('',*,*,#3046,.F.);
#4011=ORIENTED_EDGE('',*,*,#2917,.F.);
#4012=ORIENTED_EDGE('',*,*,#2914,.F.);
#4013=ORIENTED_EDGE('',*,*,#2912,.T.);
#4014=ORIENTED_EDGE('',*,*,#3049,.F.);
#4015=ORIENTED_EDGE('',*,*,#2971,.T.);
#4016=ORIENTED_EDGE('',*,*,#2919,.F.);
#4017=ORIENTED_EDGE('',*,*,#3049,.T.);
#4018=ORIENTED_EDGE('',*,*,#3050,.F.);
#4019=ORIENTED_EDGE('',*,*,#3051,.T.);
#4020=ORIENTED_EDGE('',*,*,#3052,.F.);
#4021=ORIENTED_EDGE('',*,*,#3053,.F.);
#4022=ORIENTED_EDGE('',*,*,#3054,.F.);
#4023=ORIENTED_EDGE('',*,*,#3054,.T.);
#4024=ORIENTED_EDGE('',*,*,#3055,.T.);
#4025=ORIENTED_EDGE('',*,*,#3056,.T.);
#4026=ORIENTED_EDGE('',*,*,#3057,.F.);
#4027=ORIENTED_EDGE('',*,*,#3058,.T.);
#4028=ORIENTED_EDGE('',*,*,#3056,.F.);
#4029=ORIENTED_EDGE('',*,*,#3059,.F.);
#4030=ORIENTED_EDGE('',*,*,#3060,.F.);
#4031=ORIENTED_EDGE('',*,*,#3061,.T.);
#4032=ORIENTED_EDGE('',*,*,#3062,.F.);
#4033=ORIENTED_EDGE('',*,*,#3063,.F.);
#4034=ORIENTED_EDGE('',*,*,#3064,.F.);
#4035=ORIENTED_EDGE('',*,*,#3064,.T.);
#4036=ORIENTED_EDGE('',*,*,#3065,.F.);
#4037=ORIENTED_EDGE('',*,*,#3066,.T.);
#4038=ORIENTED_EDGE('',*,*,#3067,.F.);
#4039=ORIENTED_EDGE('',*,*,#3068,.T.);
#4040=ORIENTED_EDGE('',*,*,#3069,.F.);
#4041=ORIENTED_EDGE('',*,*,#3070,.F.);
#4042=ORIENTED_EDGE('',*,*,#3071,.F.);
#4043=ORIENTED_EDGE('',*,*,#3061,.F.);
#4044=ORIENTED_EDGE('',*,*,#3067,.T.);
#4045=ORIENTED_EDGE('',*,*,#3072,.F.);
#4046=ORIENTED_EDGE('',*,*,#3073,.T.);
#4047=ORIENTED_EDGE('',*,*,#3074,.F.);
#4048=ORIENTED_EDGE('',*,*,#3075,.T.);
#4049=ORIENTED_EDGE('',*,*,#3068,.F.);
#4050=ORIENTED_EDGE('',*,*,#3076,.T.);
#4051=ORIENTED_EDGE('',*,*,#3069,.T.);
#4052=ORIENTED_EDGE('',*,*,#3075,.F.);
#4053=ORIENTED_EDGE('',*,*,#3077,.T.);
#4054=ORIENTED_EDGE('',*,*,#3078,.T.);
#4055=ORIENTED_EDGE('',*,*,#3072,.T.);
#4056=ORIENTED_EDGE('',*,*,#3066,.F.);
#4057=ORIENTED_EDGE('',*,*,#3079,.F.);
#4058=ORIENTED_EDGE('',*,*,#3080,.F.);
#4059=ORIENTED_EDGE('',*,*,#3080,.T.);
#4060=ORIENTED_EDGE('',*,*,#3081,.T.);
#4061=ORIENTED_EDGE('',*,*,#3082,.T.);
#4062=ORIENTED_EDGE('',*,*,#3073,.F.);
#4063=ORIENTED_EDGE('',*,*,#3074,.T.);
#4064=ORIENTED_EDGE('',*,*,#3082,.F.);
#4065=ORIENTED_EDGE('',*,*,#3083,.F.);
#4066=ORIENTED_EDGE('',*,*,#3077,.F.);
#4067=ORIENTED_EDGE('',*,*,#3084,.T.);
#4068=ORIENTED_EDGE('',*,*,#3085,.F.);
#4069=ORIENTED_EDGE('',*,*,#3086,.F.);
#4070=ORIENTED_EDGE('',*,*,#3087,.F.);
#4071=ORIENTED_EDGE('',*,*,#3084,.F.);
#4072=ORIENTED_EDGE('',*,*,#3088,.T.);
#4073=ORIENTED_EDGE('',*,*,#3089,.F.);
#4074=ORIENTED_EDGE('',*,*,#3090,.T.);
#4075=ORIENTED_EDGE('',*,*,#3091,.F.);
#4076=ORIENTED_EDGE('',*,*,#3092,.T.);
#4077=ORIENTED_EDGE('',*,*,#3093,.F.);
#4078=ORIENTED_EDGE('',*,*,#3094,.T.);
#4079=ORIENTED_EDGE('',*,*,#3085,.T.);
#4080=ORIENTED_EDGE('',*,*,#3094,.F.);
#4081=ORIENTED_EDGE('',*,*,#3095,.T.);
#4082=ORIENTED_EDGE('',*,*,#3096,.F.);
#4083=ORIENTED_EDGE('',*,*,#3093,.T.);
#4084=ORIENTED_EDGE('',*,*,#3097,.F.);
#4085=ORIENTED_EDGE('',*,*,#3098,.F.);
#4086=ORIENTED_EDGE('',*,*,#3095,.F.);
#4087=ORIENTED_EDGE('',*,*,#3091,.T.);
#4088=ORIENTED_EDGE('',*,*,#3099,.F.);
#4089=ORIENTED_EDGE('',*,*,#3100,.F.);
#4090=ORIENTED_EDGE('',*,*,#3101,.F.);
#4091=ORIENTED_EDGE('',*,*,#3099,.T.);
#4092=ORIENTED_EDGE('',*,*,#3090,.F.);
#4093=ORIENTED_EDGE('',*,*,#3102,.T.);
#4094=ORIENTED_EDGE('',*,*,#3103,.T.);
#4095=ORIENTED_EDGE('',*,*,#3089,.T.);
#4096=ORIENTED_EDGE('',*,*,#3104,.F.);
#4097=ORIENTED_EDGE('',*,*,#3105,.F.);
#4098=ORIENTED_EDGE('',*,*,#3102,.F.);
#4099=ORIENTED_EDGE('',*,*,#3106,.F.);
#4100=ORIENTED_EDGE('',*,*,#3107,.F.);
#4101=ORIENTED_EDGE('',*,*,#3011,.F.);
#4102=ORIENTED_EDGE('',*,*,#3009,.F.);
#4103=ORIENTED_EDGE('',*,*,#3108,.F.);
#4104=ORIENTED_EDGE('',*,*,#3033,.T.);
#4105=ORIENTED_EDGE('',*,*,#3042,.F.);
#4106=ORIENTED_EDGE('',*,*,#3109,.F.);
#4107=ORIENTED_EDGE('',*,*,#3110,.F.);
#4108=ORIENTED_EDGE('',*,*,#3030,.T.);
#4109=ORIENTED_EDGE('',*,*,#3110,.T.);
#4110=ORIENTED_EDGE('',*,*,#3111,.T.);
#4111=ORIENTED_EDGE('',*,*,#3112,.T.);
#4112=ORIENTED_EDGE('',*,*,#3027,.T.);
#4113=ORIENTED_EDGE('',*,*,#3112,.F.);
#4114=ORIENTED_EDGE('',*,*,#3113,.F.);
#4115=ORIENTED_EDGE('',*,*,#3114,.F.);
#4116=ORIENTED_EDGE('',*,*,#3021,.T.);
#4117=ORIENTED_EDGE('',*,*,#3115,.F.);
#4118=ORIENTED_EDGE('',*,*,#3116,.F.);
#4119=ORIENTED_EDGE('',*,*,#3117,.F.);
#4120=ORIENTED_EDGE('',*,*,#3024,.T.);
#4121=ORIENTED_EDGE('',*,*,#3114,.T.);
#4122=ORIENTED_EDGE('',*,*,#3118,.F.);
#4123=ORIENTED_EDGE('',*,*,#3115,.T.);
#4124=ORIENTED_EDGE('',*,*,#3037,.T.);
#4125=ORIENTED_EDGE('',*,*,#3119,.F.);
#4126=ORIENTED_EDGE('',*,*,#3120,.F.);
#4127=ORIENTED_EDGE('',*,*,#3121,.F.);
#4128=ORIENTED_EDGE('',*,*,#3019,.T.);
#4129=ORIENTED_EDGE('',*,*,#3117,.T.);
#4130=ORIENTED_EDGE('',*,*,#3122,.T.);
#4131=ORIENTED_EDGE('',*,*,#3119,.T.);
#4132=ORIENTED_EDGE('',*,*,#2989,.T.);
#4133=ORIENTED_EDGE('',*,*,#3123,.F.);
#4134=ORIENTED_EDGE('',*,*,#3124,.F.);
#4135=ORIENTED_EDGE('',*,*,#3001,.F.);
#4136=ORIENTED_EDGE('',*,*,#2988,.T.);
#4137=ORIENTED_EDGE('',*,*,#3125,.T.);
#4138=ORIENTED_EDGE('',*,*,#3126,.F.);
#4139=ORIENTED_EDGE('',*,*,#3127,.T.);
#4140=ORIENTED_EDGE('',*,*,#3128,.F.);
#4141=ORIENTED_EDGE('',*,*,#3123,.T.);
#4142=ORIENTED_EDGE('',*,*,#2994,.T.);
#4143=ORIENTED_EDGE('',*,*,#3129,.F.);
#4144=ORIENTED_EDGE('',*,*,#3130,.T.);
#4145=ORIENTED_EDGE('',*,*,#3131,.F.);
#4146=ORIENTED_EDGE('',*,*,#3125,.F.);
#4147=ORIENTED_EDGE('',*,*,#2881,.T.);
#4148=ORIENTED_EDGE('',*,*,#3132,.F.);
#4149=ORIENTED_EDGE('',*,*,#2937,.F.);
#4150=ORIENTED_EDGE('',*,*,#3133,.T.);
#4151=ORIENTED_EDGE('',*,*,#3134,.T.);
#4152=ORIENTED_EDGE('',*,*,#3135,.T.);
#4153=ORIENTED_EDGE('',*,*,#2900,.T.);
#4154=ORIENTED_EDGE('',*,*,#3136,.F.);
#4155=ORIENTED_EDGE('',*,*,#3135,.F.);
#4156=ORIENTED_EDGE('',*,*,#3137,.F.);
#4157=ORIENTED_EDGE('',*,*,#3138,.F.);
#4158=ORIENTED_EDGE('',*,*,#3139,.F.);
#4159=ORIENTED_EDGE('',*,*,#3140,.F.);
#4160=ORIENTED_EDGE('',*,*,#3141,.F.);
#4161=ORIENTED_EDGE('',*,*,#3142,.F.);
#4162=ORIENTED_EDGE('',*,*,#3143,.F.);
#4163=ORIENTED_EDGE('',*,*,#3140,.T.);
#4164=ORIENTED_EDGE('',*,*,#3144,.F.);
#4165=ORIENTED_EDGE('',*,*,#3134,.F.);
#4166=ORIENTED_EDGE('',*,*,#3145,.F.);
#4167=ORIENTED_EDGE('',*,*,#3142,.T.);
#4168=ORIENTED_EDGE('',*,*,#3146,.F.);
#4169=ORIENTED_EDGE('',*,*,#3147,.T.);
#4170=ORIENTED_EDGE('',*,*,#3148,.F.);
#4171=ORIENTED_EDGE('',*,*,#3149,.F.);
#4172=ORIENTED_EDGE('',*,*,#3133,.F.);
#4173=ORIENTED_EDGE('',*,*,#3150,.F.);
#4174=ORIENTED_EDGE('',*,*,#2886,.T.);
#4175=ORIENTED_EDGE('',*,*,#2889,.T.);
#4176=ORIENTED_EDGE('',*,*,#2904,.T.);
#4177=ORIENTED_EDGE('',*,*,#3151,.F.);
#4178=ORIENTED_EDGE('',*,*,#3138,.T.);
#4179=ORIENTED_EDGE('',*,*,#2938,.F.);
#4180=ORIENTED_EDGE('',*,*,#3132,.T.);
#4181=ORIENTED_EDGE('',*,*,#2894,.T.);
#4182=ORIENTED_EDGE('',*,*,#3152,.F.);
#4183=ORIENTED_EDGE('',*,*,#3139,.T.);
#4184=ORIENTED_EDGE('',*,*,#3151,.T.);
#4185=ORIENTED_EDGE('',*,*,#2896,.T.);
#4186=ORIENTED_EDGE('',*,*,#3137,.T.);
#4187=ORIENTED_EDGE('',*,*,#3146,.T.);
#4188=ORIENTED_EDGE('',*,*,#3144,.T.);
#4189=ORIENTED_EDGE('',*,*,#3152,.T.);
#4190=ORIENTED_EDGE('',*,*,#2902,.T.);
#4191=ORIENTED_EDGE('',*,*,#3153,.F.);
#4192=ORIENTED_EDGE('',*,*,#3150,.T.);
#4193=ORIENTED_EDGE('',*,*,#3136,.T.);
#4194=ORIENTED_EDGE('',*,*,#2999,.T.);
#4195=ORIENTED_EDGE('',*,*,#3013,.F.);
#4196=ORIENTED_EDGE('',*,*,#3154,.T.);
#4197=ORIENTED_EDGE('',*,*,#3155,.T.);
#4198=ORIENTED_EDGE('',*,*,#3156,.F.);
#4199=ORIENTED_EDGE('',*,*,#3141,.T.);
#4200=ORIENTED_EDGE('',*,*,#3143,.T.);
#4201=ORIENTED_EDGE('',*,*,#3157,.F.);
#4202=ORIENTED_EDGE('',*,*,#3158,.F.);
#4203=ORIENTED_EDGE('',*,*,#2939,.F.);
#4204=ORIENTED_EDGE('',*,*,#3106,.T.);
#4205=ORIENTED_EDGE('',*,*,#3159,.F.);
#4206=ORIENTED_EDGE('',*,*,#3157,.T.);
#4207=ORIENTED_EDGE('',*,*,#3145,.T.);
#4208=ORIENTED_EDGE('',*,*,#3149,.T.);
#4209=ORIENTED_EDGE('',*,*,#3160,.F.);
#4210=ORIENTED_EDGE('',*,*,#3015,.T.);
#4211=ORIENTED_EDGE('',*,*,#3161,.T.);
#4212=ORIENTED_EDGE('',*,*,#3162,.T.);
#4213=ORIENTED_EDGE('',*,*,#3161,.F.);
#4214=ORIENTED_EDGE('',*,*,#3014,.T.);
#4215=ORIENTED_EDGE('',*,*,#3163,.T.);
#4216=ORIENTED_EDGE('',*,*,#3164,.T.);
#4217=ORIENTED_EDGE('',*,*,#3163,.F.);
#4218=ORIENTED_EDGE('',*,*,#3165,.F.);
#4219=ORIENTED_EDGE('',*,*,#3166,.T.);
#4220=ORIENTED_EDGE('',*,*,#3167,.T.);
#4221=ORIENTED_EDGE('',*,*,#3168,.T.);
#4222=ORIENTED_EDGE('',*,*,#3169,.T.);
#4223=ORIENTED_EDGE('',*,*,#3166,.F.);
#4224=ORIENTED_EDGE('',*,*,#3165,.T.);
#4225=ORIENTED_EDGE('',*,*,#3170,.T.);
#4226=ORIENTED_EDGE('',*,*,#2863,.T.);
#4227=ORIENTED_EDGE('',*,*,#2936,.T.);
#4228=ORIENTED_EDGE('',*,*,#3171,.T.);
#4229=ORIENTED_EDGE('',*,*,#3172,.T.);
#4230=ORIENTED_EDGE('',*,*,#3173,.T.);
#4231=ORIENTED_EDGE('',*,*,#3174,.T.);
#4232=ORIENTED_EDGE('',*,*,#2916,.T.);
#4233=ORIENTED_EDGE('',*,*,#3174,.F.);
#4234=ORIENTED_EDGE('',*,*,#3175,.T.);
#4235=ORIENTED_EDGE('',*,*,#3176,.T.);
#4236=ORIENTED_EDGE('',*,*,#3177,.T.);
#4237=ORIENTED_EDGE('',*,*,#3176,.F.);
#4238=ORIENTED_EDGE('',*,*,#3178,.T.);
#4239=ORIENTED_EDGE('',*,*,#3179,.T.);
#4240=ORIENTED_EDGE('',*,*,#3180,.T.);
#4241=ORIENTED_EDGE('',*,*,#3179,.F.);
#4242=ORIENTED_EDGE('',*,*,#3181,.T.);
#4243=ORIENTED_EDGE('',*,*,#3182,.T.);
#4244=ORIENTED_EDGE('',*,*,#3170,.F.);
#4245=ORIENTED_EDGE('',*,*,#3182,.F.);
#4246=ORIENTED_EDGE('',*,*,#3183,.T.);
#4247=ORIENTED_EDGE('',*,*,#3184,.T.);
#4248=ORIENTED_EDGE('',*,*,#3185,.T.);
#4249=ORIENTED_EDGE('',*,*,#3184,.F.);
#4250=ORIENTED_EDGE('',*,*,#3186,.T.);
#4251=ORIENTED_EDGE('',*,*,#3187,.T.);
#4252=ORIENTED_EDGE('',*,*,#3188,.T.);
#4253=ORIENTED_EDGE('',*,*,#3187,.F.);
#4254=ORIENTED_EDGE('',*,*,#3107,.T.);
#4255=ORIENTED_EDGE('',*,*,#3160,.T.);
#4256=ORIENTED_EDGE('',*,*,#3148,.T.);
#4257=ORIENTED_EDGE('',*,*,#3189,.T.);
#4258=ORIENTED_EDGE('',*,*,#3154,.F.);
#4259=ORIENTED_EDGE('',*,*,#3012,.T.);
#4260=ORIENTED_EDGE('',*,*,#2993,.T.);
#4261=ORIENTED_EDGE('',*,*,#3156,.T.);
#4262=ORIENTED_EDGE('',*,*,#3190,.T.);
#4263=ORIENTED_EDGE('',*,*,#3129,.T.);
#4264=ORIENTED_EDGE('',*,*,#3062,.T.);
#4265=ORIENTED_EDGE('',*,*,#3076,.F.);
#4266=ORIENTED_EDGE('',*,*,#3071,.T.);
#4267=ORIENTED_EDGE('',*,*,#3191,.F.);
#4268=ORIENTED_EDGE('',*,*,#3097,.T.);
#4269=ORIENTED_EDGE('',*,*,#3092,.F.);
#4270=ORIENTED_EDGE('',*,*,#3101,.T.);
#4271=ORIENTED_EDGE('',*,*,#3192,.T.);
#4272=ORIENTED_EDGE('',*,*,#2851,.T.);
#4273=ORIENTED_EDGE('',*,*,#2854,.T.);
#4274=ORIENTED_EDGE('',*,*,#2871,.T.);
#4275=ORIENTED_EDGE('',*,*,#2859,.T.);
#4276=ORIENTED_EDGE('',*,*,#3172,.F.);
#4277=ORIENTED_EDGE('',*,*,#3193,.T.);
#4278=ORIENTED_EDGE('',*,*,#3040,.T.);
#4279=ORIENTED_EDGE('',*,*,#3048,.T.);
#4280=ORIENTED_EDGE('',*,*,#3087,.T.);
#4281=ORIENTED_EDGE('',*,*,#3194,.F.);
#4282=ORIENTED_EDGE('',*,*,#3104,.T.);
#4283=ORIENTED_EDGE('',*,*,#3088,.F.);
#4284=ORIENTED_EDGE('',*,*,#2823,.T.);
#4285=ORIENTED_EDGE('',*,*,#3195,.F.);
#4286=ORIENTED_EDGE('',*,*,#3196,.T.);
#4287=ORIENTED_EDGE('',*,*,#2945,.T.);
#4288=ORIENTED_EDGE('',*,*,#2826,.T.);
#4289=ORIENTED_EDGE('',*,*,#2838,.T.);
#4290=ORIENTED_EDGE('',*,*,#2831,.T.);
#4291=ORIENTED_EDGE('',*,*,#2833,.T.);
#4292=ORIENTED_EDGE('',*,*,#3045,.T.);
#4293=ORIENTED_EDGE('',*,*,#3197,.T.);
#4294=ORIENTED_EDGE('',*,*,#3198,.F.);
#4295=ORIENTED_EDGE('',*,*,#3195,.T.);
#4296=ORIENTED_EDGE('',*,*,#3199,.T.);
#4297=ORIENTED_EDGE('',*,*,#3200,.T.);
#4298=ORIENTED_EDGE('',*,*,#3201,.T.);
#4299=ORIENTED_EDGE('',*,*,#3200,.F.);
#4300=ORIENTED_EDGE('',*,*,#3202,.F.);
#4301=ORIENTED_EDGE('',*,*,#3199,.F.);
#4302=ORIENTED_EDGE('',*,*,#3203,.T.);
#4303=ORIENTED_EDGE('',*,*,#3204,.T.);
#4304=ORIENTED_EDGE('',*,*,#3202,.T.);
#4305=ORIENTED_EDGE('',*,*,#3204,.F.);
#4306=ORIENTED_EDGE('',*,*,#3205,.T.);
#4307=ORIENTED_EDGE('',*,*,#3206,.T.);
#4308=ORIENTED_EDGE('',*,*,#3207,.T.);
#4309=ORIENTED_EDGE('',*,*,#2806,.F.);
#4310=ORIENTED_EDGE('',*,*,#3206,.F.);
#4311=ORIENTED_EDGE('',*,*,#3208,.T.);
#4312=ORIENTED_EDGE('',*,*,#3209,.T.);
#4313=ORIENTED_EDGE('',*,*,#3210,.T.);
#4314=ORIENTED_EDGE('',*,*,#3211,.T.);
#4315=ORIENTED_EDGE('',*,*,#3212,.T.);
#4316=ORIENTED_EDGE('',*,*,#3209,.F.);
#4317=ORIENTED_EDGE('',*,*,#3213,.T.);
#4318=ORIENTED_EDGE('',*,*,#3211,.F.);
#4319=ORIENTED_EDGE('',*,*,#3214,.T.);
#4320=ORIENTED_EDGE('',*,*,#3215,.T.);
#4321=ORIENTED_EDGE('',*,*,#3216,.T.);
#4322=ORIENTED_EDGE('',*,*,#3217,.T.);
#4323=ORIENTED_EDGE('',*,*,#3218,.T.);
#4324=ORIENTED_EDGE('',*,*,#3215,.F.);
#4325=ORIENTED_EDGE('',*,*,#3219,.T.);
#4326=ORIENTED_EDGE('',*,*,#3217,.F.);
#4327=ORIENTED_EDGE('',*,*,#3220,.T.);
#4328=ORIENTED_EDGE('',*,*,#3221,.T.);
#4329=ORIENTED_EDGE('',*,*,#3222,.T.);
#4330=ORIENTED_EDGE('',*,*,#3223,.T.);
#4331=ORIENTED_EDGE('',*,*,#3224,.T.);
#4332=ORIENTED_EDGE('',*,*,#3221,.F.);
#4333=ORIENTED_EDGE('',*,*,#3225,.T.);
#4334=ORIENTED_EDGE('',*,*,#3226,.T.);
#4335=ORIENTED_EDGE('',*,*,#3227,.T.);
#4336=ORIENTED_EDGE('',*,*,#3223,.F.);
#4337=ORIENTED_EDGE('',*,*,#3228,.T.);
#4338=ORIENTED_EDGE('',*,*,#3229,.T.);
#4339=ORIENTED_EDGE('',*,*,#3230,.T.);
#4340=ORIENTED_EDGE('',*,*,#3231,.T.);
#4341=ORIENTED_EDGE('',*,*,#3232,.T.);
#4342=ORIENTED_EDGE('',*,*,#3233,.T.);
#4343=ORIENTED_EDGE('',*,*,#3234,.T.);
#4344=ORIENTED_EDGE('',*,*,#3231,.F.);
#4345=ORIENTED_EDGE('',*,*,#3235,.T.);
#4346=ORIENTED_EDGE('',*,*,#3236,.T.);
#4347=ORIENTED_EDGE('',*,*,#3237,.T.);
#4348=ORIENTED_EDGE('',*,*,#3233,.F.);
#4349=ORIENTED_EDGE('',*,*,#3238,.T.);
#4350=ORIENTED_EDGE('',*,*,#3229,.F.);
#4351=ORIENTED_EDGE('',*,*,#3239,.T.);
#4352=ORIENTED_EDGE('',*,*,#3226,.F.);
#4353=ORIENTED_EDGE('',*,*,#3240,.T.);
#4354=ORIENTED_EDGE('',*,*,#3241,.T.);
#4355=ORIENTED_EDGE('',*,*,#3242,.T.);
#4356=ORIENTED_EDGE('',*,*,#3243,.T.);
#4357=ORIENTED_EDGE('',*,*,#3244,.T.);
#4358=ORIENTED_EDGE('',*,*,#3243,.F.);
#4359=ORIENTED_EDGE('',*,*,#3245,.T.);
#4360=ORIENTED_EDGE('',*,*,#3236,.F.);
#4361=ORIENTED_EDGE('',*,*,#3246,.T.);
#4362=ORIENTED_EDGE('',*,*,#3247,.T.);
#4363=ORIENTED_EDGE('',*,*,#3248,.T.);
#4364=ORIENTED_EDGE('',*,*,#3249,.T.);
#4365=ORIENTED_EDGE('',*,*,#3250,.T.);
#4366=ORIENTED_EDGE('',*,*,#3251,.T.);
#4367=ORIENTED_EDGE('',*,*,#3252,.T.);
#4368=ORIENTED_EDGE('',*,*,#3249,.F.);
#4369=ORIENTED_EDGE('',*,*,#3253,.T.);
#4370=ORIENTED_EDGE('',*,*,#3254,.T.);
#4371=ORIENTED_EDGE('',*,*,#3255,.T.);
#4372=ORIENTED_EDGE('',*,*,#3251,.F.);
#4373=ORIENTED_EDGE('',*,*,#3256,.T.);
#4374=ORIENTED_EDGE('',*,*,#3247,.F.);
#4375=ORIENTED_EDGE('',*,*,#3257,.T.);
#4376=ORIENTED_EDGE('',*,*,#3241,.F.);
#4377=ORIENTED_EDGE('',*,*,#3258,.T.);
#4378=ORIENTED_EDGE('',*,*,#3259,.T.);
#4379=ORIENTED_EDGE('',*,*,#3260,.T.);
#4380=ORIENTED_EDGE('',*,*,#3261,.T.);
#4381=ORIENTED_EDGE('',*,*,#3262,.T.);
#4382=ORIENTED_EDGE('',*,*,#3263,.T.);
#4383=ORIENTED_EDGE('',*,*,#3264,.T.);
#4384=ORIENTED_EDGE('',*,*,#3259,.F.);
#4385=ORIENTED_EDGE('',*,*,#3265,.T.);
#4386=ORIENTED_EDGE('',*,*,#3263,.F.);
#4387=ORIENTED_EDGE('',*,*,#3266,.T.);
#4388=ORIENTED_EDGE('',*,*,#3267,.T.);
#4389=ORIENTED_EDGE('',*,*,#3268,.T.);
#4390=ORIENTED_EDGE('',*,*,#3269,.T.);
#4391=ORIENTED_EDGE('',*,*,#3270,.T.);
#4392=ORIENTED_EDGE('',*,*,#3267,.F.);
#4393=ORIENTED_EDGE('',*,*,#3271,.T.);
#4394=ORIENTED_EDGE('',*,*,#3261,.F.);
#4395=ORIENTED_EDGE('',*,*,#3272,.T.);
#4396=ORIENTED_EDGE('',*,*,#3254,.F.);
#4397=ORIENTED_EDGE('',*,*,#3273,.T.);
#4398=ORIENTED_EDGE('',*,*,#3274,.T.);
#4399=ORIENTED_EDGE('',*,*,#3275,.T.);
#4400=ORIENTED_EDGE('',*,*,#3276,.T.);
#4401=ORIENTED_EDGE('',*,*,#3277,.T.);
#4402=ORIENTED_EDGE('',*,*,#3278,.T.);
#4403=ORIENTED_EDGE('',*,*,#3279,.T.);
#4404=ORIENTED_EDGE('',*,*,#3274,.F.);
#4405=ORIENTED_EDGE('',*,*,#3280,.T.);
#4406=ORIENTED_EDGE('',*,*,#3281,.T.);
#4407=ORIENTED_EDGE('',*,*,#3282,.T.);
#4408=ORIENTED_EDGE('',*,*,#3278,.F.);
#4409=ORIENTED_EDGE('',*,*,#3283,.T.);
#4410=ORIENTED_EDGE('',*,*,#3276,.F.);
#4411=ORIENTED_EDGE('',*,*,#3284,.T.);
#4412=ORIENTED_EDGE('',*,*,#3269,.F.);
#4413=ORIENTED_EDGE('',*,*,#3285,.T.);
#4414=ORIENTED_EDGE('',*,*,#3286,.T.);
#4415=ORIENTED_EDGE('',*,*,#3287,.T.);
#4416=ORIENTED_EDGE('',*,*,#3281,.F.);
#4417=ORIENTED_EDGE('',*,*,#3288,.T.);
#4418=ORIENTED_EDGE('',*,*,#3289,.T.);
#4419=ORIENTED_EDGE('',*,*,#3290,.T.);
#4420=ORIENTED_EDGE('',*,*,#3286,.F.);
#4421=ORIENTED_EDGE('',*,*,#3291,.T.);
#4422=ORIENTED_EDGE('',*,*,#3292,.T.);
#4423=ORIENTED_EDGE('',*,*,#3293,.T.);
#4424=ORIENTED_EDGE('',*,*,#3294,.T.);
#4425=ORIENTED_EDGE('',*,*,#3295,.T.);
#4426=ORIENTED_EDGE('',*,*,#3296,.T.);
#4427=ORIENTED_EDGE('',*,*,#3297,.T.);
#4428=ORIENTED_EDGE('',*,*,#3294,.F.);
#4429=ORIENTED_EDGE('',*,*,#3298,.T.);
#4430=ORIENTED_EDGE('',*,*,#3296,.F.);
#4431=ORIENTED_EDGE('',*,*,#3299,.T.);
#4432=ORIENTED_EDGE('',*,*,#3300,.T.);
#4433=ORIENTED_EDGE('',*,*,#3301,.T.);
#4434=ORIENTED_EDGE('',*,*,#3302,.T.);
#4435=ORIENTED_EDGE('',*,*,#3303,.T.);
#4436=ORIENTED_EDGE('',*,*,#3300,.F.);
#4437=ORIENTED_EDGE('',*,*,#3304,.T.);
#4438=ORIENTED_EDGE('',*,*,#3292,.F.);
#4439=ORIENTED_EDGE('',*,*,#3305,.T.);
#4440=ORIENTED_EDGE('',*,*,#3289,.F.);
#4441=ORIENTED_EDGE('',*,*,#3306,.T.);
#4442=ORIENTED_EDGE('',*,*,#3213,.F.);
#4443=ORIENTED_EDGE('',*,*,#3307,.F.);
#4444=ORIENTED_EDGE('',*,*,#3308,.F.);
#4445=ORIENTED_EDGE('',*,*,#3309,.F.);
#4446=ORIENTED_EDGE('',*,*,#3208,.F.);
#4447=ORIENTED_EDGE('',*,*,#3310,.T.);
#4448=ORIENTED_EDGE('',*,*,#3311,.F.);
#4449=ORIENTED_EDGE('',*,*,#3307,.T.);
#4450=ORIENTED_EDGE('',*,*,#3205,.F.);
#4451=ORIENTED_EDGE('',*,*,#2910,.T.);
#4452=ORIENTED_EDGE('',*,*,#3312,.F.);
#4453=ORIENTED_EDGE('',*,*,#3310,.F.);
#4454=ORIENTED_EDGE('',*,*,#3207,.F.);
#4455=ORIENTED_EDGE('',*,*,#3210,.F.);
#4456=ORIENTED_EDGE('',*,*,#3212,.F.);
#4457=ORIENTED_EDGE('',*,*,#3216,.F.);
#4458=ORIENTED_EDGE('',*,*,#3218,.F.);
#4459=ORIENTED_EDGE('',*,*,#3222,.F.);
#4460=ORIENTED_EDGE('',*,*,#3224,.F.);
#4461=ORIENTED_EDGE('',*,*,#3227,.F.);
#4462=ORIENTED_EDGE('',*,*,#3239,.F.);
#4463=ORIENTED_EDGE('',*,*,#3313,.F.);
#4464=ORIENTED_EDGE('',*,*,#2839,.T.);
#4465=ORIENTED_EDGE('',*,*,#2827,.T.);
#4466=ORIENTED_EDGE('',*,*,#2824,.T.);
#4467=ORIENTED_EDGE('',*,*,#2819,.T.);
#4468=ORIENTED_EDGE('',*,*,#2818,.T.);
#4469=ORIENTED_EDGE('',*,*,#2813,.T.);
#4470=ORIENTED_EDGE('',*,*,#2812,.T.);
#4471=ORIENTED_EDGE('',*,*,#2807,.T.);
#4472=ORIENTED_EDGE('',*,*,#3177,.F.);
#4473=ORIENTED_EDGE('',*,*,#3180,.F.);
#4474=ORIENTED_EDGE('',*,*,#3314,.T.);
#4475=ORIENTED_EDGE('',*,*,#3315,.T.);
#4476=ORIENTED_EDGE('',*,*,#3232,.F.);
#4477=ORIENTED_EDGE('',*,*,#3316,.T.);
#4478=ORIENTED_EDGE('',*,*,#2829,.T.);
#4479=ORIENTED_EDGE('',*,*,#3313,.T.);
#4480=ORIENTED_EDGE('',*,*,#3234,.F.);
#4481=ORIENTED_EDGE('',*,*,#3237,.F.);
#4482=ORIENTED_EDGE('',*,*,#3245,.F.);
#4483=ORIENTED_EDGE('',*,*,#3242,.F.);
#4484=ORIENTED_EDGE('',*,*,#3257,.F.);
#4485=ORIENTED_EDGE('',*,*,#3250,.F.);
#4486=ORIENTED_EDGE('',*,*,#3252,.F.);
#4487=ORIENTED_EDGE('',*,*,#3317,.F.);
#4488=ORIENTED_EDGE('',*,*,#3318,.F.);
#4489=ORIENTED_EDGE('',*,*,#3319,.F.);
#4490=ORIENTED_EDGE('',*,*,#3050,.T.);
#4491=ORIENTED_EDGE('',*,*,#2911,.T.);
#4492=ORIENTED_EDGE('',*,*,#2852,.T.);
#4493=ORIENTED_EDGE('',*,*,#2847,.T.);
#4494=ORIENTED_EDGE('',*,*,#2857,.T.);
#4495=ORIENTED_EDGE('',*,*,#2843,.T.);
#4496=ORIENTED_EDGE('',*,*,#2845,.T.);
#4497=ORIENTED_EDGE('',*,*,#2837,.T.);
#4498=ORIENTED_EDGE('',*,*,#2834,.T.);
#4499=ORIENTED_EDGE('',*,*,#3316,.F.);
#4500=ORIENTED_EDGE('',*,*,#3255,.F.);
#4501=ORIENTED_EDGE('',*,*,#3320,.T.);
#4502=ORIENTED_EDGE('',*,*,#3321,.T.);
#4503=ORIENTED_EDGE('',*,*,#3317,.T.);
#4504=ORIENTED_EDGE('',*,*,#3272,.F.);
#4505=ORIENTED_EDGE('',*,*,#3260,.F.);
#4506=ORIENTED_EDGE('',*,*,#3264,.F.);
#4507=ORIENTED_EDGE('',*,*,#3268,.F.);
#4508=ORIENTED_EDGE('',*,*,#3270,.F.);
#4509=ORIENTED_EDGE('',*,*,#3322,.F.);
#4510=ORIENTED_EDGE('',*,*,#3323,.F.);
#4511=ORIENTED_EDGE('',*,*,#3320,.F.);
#4512=ORIENTED_EDGE('',*,*,#3324,.T.);
#4513=ORIENTED_EDGE('',*,*,#3284,.F.);
#4514=ORIENTED_EDGE('',*,*,#3275,.F.);
#4515=ORIENTED_EDGE('',*,*,#3325,.T.);
#4516=ORIENTED_EDGE('',*,*,#3326,.F.);
#4517=ORIENTED_EDGE('',*,*,#3322,.T.);
#4518=ORIENTED_EDGE('',*,*,#3279,.F.);
#4519=ORIENTED_EDGE('',*,*,#3282,.F.);
#4520=ORIENTED_EDGE('',*,*,#3287,.F.);
#4521=ORIENTED_EDGE('',*,*,#3290,.F.);
#4522=ORIENTED_EDGE('',*,*,#3305,.F.);
#4523=ORIENTED_EDGE('',*,*,#3295,.F.);
#4524=ORIENTED_EDGE('',*,*,#3297,.F.);
#4525=ORIENTED_EDGE('',*,*,#3301,.F.);
#4526=ORIENTED_EDGE('',*,*,#3303,.F.);
#4527=ORIENTED_EDGE('',*,*,#3327,.F.);
#4528=ORIENTED_EDGE('',*,*,#3328,.T.);
#4529=ORIENTED_EDGE('',*,*,#3329,.T.);
#4530=ORIENTED_EDGE('',*,*,#3330,.F.);
#4531=ORIENTED_EDGE('',*,*,#3331,.T.);
#4532=ORIENTED_EDGE('',*,*,#3332,.F.);
#4533=ORIENTED_EDGE('',*,*,#3333,.T.);
#4534=ORIENTED_EDGE('',*,*,#3334,.T.);
#4535=ORIENTED_EDGE('',*,*,#3335,.F.);
#4536=ORIENTED_EDGE('',*,*,#3336,.F.);
#4537=ORIENTED_EDGE('',*,*,#3337,.F.);
#4538=ORIENTED_EDGE('',*,*,#3338,.F.);
#4539=ORIENTED_EDGE('',*,*,#3339,.F.);
#4540=ORIENTED_EDGE('',*,*,#3340,.F.);
#4541=ORIENTED_EDGE('',*,*,#3341,.F.);
#4542=ORIENTED_EDGE('',*,*,#3325,.F.);
#4543=ORIENTED_EDGE('',*,*,#3266,.F.);
#4544=ORIENTED_EDGE('',*,*,#3342,.T.);
#4545=ORIENTED_EDGE('',*,*,#3343,.T.);
#4546=ORIENTED_EDGE('',*,*,#3344,.T.);
#4547=ORIENTED_EDGE('',*,*,#3271,.F.);
#4548=ORIENTED_EDGE('',*,*,#3344,.F.);
#4549=ORIENTED_EDGE('',*,*,#3345,.F.);
#4550=ORIENTED_EDGE('',*,*,#3346,.F.);
#4551=ORIENTED_EDGE('',*,*,#3347,.F.);
#4552=ORIENTED_EDGE('',*,*,#3348,.F.);
#4553=ORIENTED_EDGE('',*,*,#3280,.F.);
#4554=ORIENTED_EDGE('',*,*,#3277,.F.);
#4555=ORIENTED_EDGE('',*,*,#3285,.F.);
#4556=ORIENTED_EDGE('',*,*,#3214,.F.);
#4557=ORIENTED_EDGE('',*,*,#3309,.T.);
#4558=ORIENTED_EDGE('',*,*,#3349,.T.);
#4559=ORIENTED_EDGE('',*,*,#3350,.T.);
#4560=ORIENTED_EDGE('',*,*,#3219,.F.);
#4561=ORIENTED_EDGE('',*,*,#3350,.F.);
#4562=ORIENTED_EDGE('',*,*,#3351,.F.);
#4563=ORIENTED_EDGE('',*,*,#3352,.F.);
#4564=ORIENTED_EDGE('',*,*,#3220,.F.);
#4565=ORIENTED_EDGE('',*,*,#3352,.T.);
#4566=ORIENTED_EDGE('',*,*,#3353,.F.);
#4567=ORIENTED_EDGE('',*,*,#3354,.T.);
#4568=ORIENTED_EDGE('',*,*,#3355,.T.);
#4569=ORIENTED_EDGE('',*,*,#3356,.T.);
#4570=ORIENTED_EDGE('',*,*,#3357,.T.);
#4571=ORIENTED_EDGE('',*,*,#3358,.T.);
#4572=ORIENTED_EDGE('',*,*,#3358,.F.);
#4573=ORIENTED_EDGE('',*,*,#3359,.F.);
#4574=ORIENTED_EDGE('',*,*,#3360,.T.);
#4575=ORIENTED_EDGE('',*,*,#2954,.F.);
#4576=ORIENTED_EDGE('',*,*,#2951,.T.);
#4577=ORIENTED_EDGE('',*,*,#2948,.T.);
#4578=ORIENTED_EDGE('',*,*,#3361,.F.);
#4579=ORIENTED_EDGE('',*,*,#3357,.F.);
#4580=ORIENTED_EDGE('',*,*,#3362,.T.);
#4581=ORIENTED_EDGE('',*,*,#3333,.F.);
#4582=ORIENTED_EDGE('',*,*,#3363,.F.);
#4583=ORIENTED_EDGE('',*,*,#3359,.T.);
#4584=ORIENTED_EDGE('',*,*,#3364,.T.);
#4585=ORIENTED_EDGE('',*,*,#3330,.T.);
#4586=ORIENTED_EDGE('',*,*,#3365,.T.);
#4587=ORIENTED_EDGE('',*,*,#2930,.F.);
#4588=ORIENTED_EDGE('',*,*,#3364,.F.);
#4589=ORIENTED_EDGE('',*,*,#2929,.T.);
#4590=ORIENTED_EDGE('',*,*,#2955,.T.);
#4591=ORIENTED_EDGE('',*,*,#3366,.F.);
#4592=ORIENTED_EDGE('',*,*,#3331,.F.);
#4593=ORIENTED_EDGE('',*,*,#3185,.F.);
#4594=ORIENTED_EDGE('',*,*,#3188,.F.);
#4595=ORIENTED_EDGE('',*,*,#3367,.T.);
#4596=ORIENTED_EDGE('',*,*,#3368,.T.);
#4597=ORIENTED_EDGE('',*,*,#3360,.F.);
#4598=ORIENTED_EDGE('',*,*,#3363,.T.);
#4599=ORIENTED_EDGE('',*,*,#3332,.T.);
#4600=ORIENTED_EDGE('',*,*,#3366,.T.);
#4601=ORIENTED_EDGE('',*,*,#3365,.F.);
#4602=ORIENTED_EDGE('',*,*,#3329,.F.);
#4603=ORIENTED_EDGE('',*,*,#3369,.F.);
#4604=ORIENTED_EDGE('',*,*,#2931,.T.);
#4605=ORIENTED_EDGE('',*,*,#3370,.F.);
#4606=ORIENTED_EDGE('',*,*,#3371,.F.);
#4607=ORIENTED_EDGE('',*,*,#3372,.F.);
#4608=ORIENTED_EDGE('',*,*,#3373,.F.);
#4609=ORIENTED_EDGE('',*,*,#3371,.T.);
#4610=ORIENTED_EDGE('',*,*,#3374,.T.);
#4611=ORIENTED_EDGE('',*,*,#2958,.F.);
#4612=ORIENTED_EDGE('',*,*,#3375,.T.);
#4613=ORIENTED_EDGE('',*,*,#3336,.T.);
#4614=ORIENTED_EDGE('',*,*,#3372,.T.);
#4615=ORIENTED_EDGE('',*,*,#3376,.T.);
#4616=ORIENTED_EDGE('',*,*,#3375,.F.);
#4617=ORIENTED_EDGE('',*,*,#3377,.T.);
#4618=ORIENTED_EDGE('',*,*,#3378,.T.);
#4619=ORIENTED_EDGE('',*,*,#3337,.T.);
#4620=ORIENTED_EDGE('',*,*,#3379,.T.);
#4621=ORIENTED_EDGE('',*,*,#3338,.T.);
#4622=ORIENTED_EDGE('',*,*,#3378,.F.);
#4623=ORIENTED_EDGE('',*,*,#3380,.T.);
#4624=ORIENTED_EDGE('',*,*,#3379,.F.);
#4625=ORIENTED_EDGE('',*,*,#3381,.T.);
#4626=ORIENTED_EDGE('',*,*,#3382,.T.);
#4627=ORIENTED_EDGE('',*,*,#3339,.T.);
#4628=ORIENTED_EDGE('',*,*,#3383,.T.);
#4629=ORIENTED_EDGE('',*,*,#3340,.T.);
#4630=ORIENTED_EDGE('',*,*,#3382,.F.);
#4631=ORIENTED_EDGE('',*,*,#3384,.T.);
#4632=ORIENTED_EDGE('',*,*,#3385,.T.);
#4633=ORIENTED_EDGE('',*,*,#3386,.T.);
#4634=ORIENTED_EDGE('',*,*,#3383,.F.);
#4635=ORIENTED_EDGE('',*,*,#3387,.T.);
#4636=ORIENTED_EDGE('',*,*,#3319,.T.);
#4637=ORIENTED_EDGE('',*,*,#3385,.F.);
#4638=ORIENTED_EDGE('',*,*,#3388,.T.);
#4639=ORIENTED_EDGE('',*,*,#2969,.T.);
#4640=ORIENTED_EDGE('',*,*,#3389,.T.);
#4641=ORIENTED_EDGE('',*,*,#3390,.T.);
#4642=ORIENTED_EDGE('',*,*,#3370,.T.);
#4643=ORIENTED_EDGE('',*,*,#3335,.T.);
#4644=ORIENTED_EDGE('',*,*,#3391,.T.);
#4645=ORIENTED_EDGE('',*,*,#2968,.T.);
#4646=ORIENTED_EDGE('',*,*,#2970,.T.);
#4647=ORIENTED_EDGE('',*,*,#3388,.F.);
#4648=ORIENTED_EDGE('',*,*,#3387,.F.);
#4649=ORIENTED_EDGE('',*,*,#3384,.F.);
#4650=ORIENTED_EDGE('',*,*,#3392,.F.);
#4651=ORIENTED_EDGE('',*,*,#3381,.F.);
#4652=ORIENTED_EDGE('',*,*,#3393,.T.);
#4653=ORIENTED_EDGE('',*,*,#3394,.T.);
#4654=ORIENTED_EDGE('',*,*,#3395,.T.);
#4655=ORIENTED_EDGE('',*,*,#3396,.T.);
#4656=ORIENTED_EDGE('',*,*,#3167,.F.);
#4657=ORIENTED_EDGE('',*,*,#3169,.F.);
#4658=ORIENTED_EDGE('',*,*,#3397,.F.);
#4659=ORIENTED_EDGE('',*,*,#2966,.T.);
#4660=ORIENTED_EDGE('',*,*,#3391,.F.);
#4661=ORIENTED_EDGE('',*,*,#3380,.F.);
#4662=ORIENTED_EDGE('',*,*,#3398,.T.);
#4663=ORIENTED_EDGE('',*,*,#2964,.T.);
#4664=ORIENTED_EDGE('',*,*,#3397,.T.);
#4665=ORIENTED_EDGE('',*,*,#3168,.F.);
#4666=ORIENTED_EDGE('',*,*,#3396,.F.);
#4667=ORIENTED_EDGE('',*,*,#3399,.T.);
#4668=ORIENTED_EDGE('',*,*,#3393,.F.);
#4669=ORIENTED_EDGE('',*,*,#3162,.F.);
#4670=ORIENTED_EDGE('',*,*,#3164,.F.);
#4671=ORIENTED_EDGE('',*,*,#3400,.T.);
#4672=ORIENTED_EDGE('',*,*,#3401,.T.);
#4673=ORIENTED_EDGE('',*,*,#3377,.F.);
#4674=ORIENTED_EDGE('',*,*,#3402,.T.);
#4675=ORIENTED_EDGE('',*,*,#2962,.T.);
#4676=ORIENTED_EDGE('',*,*,#3398,.F.);
#4677=ORIENTED_EDGE('',*,*,#3376,.F.);
#4678=ORIENTED_EDGE('',*,*,#3373,.T.);
#4679=ORIENTED_EDGE('',*,*,#2960,.T.);
#4680=ORIENTED_EDGE('',*,*,#3402,.F.);
#4681=ORIENTED_EDGE('',*,*,#3183,.F.);
#4682=ORIENTED_EDGE('',*,*,#3186,.F.);
#4683=ORIENTED_EDGE('',*,*,#3403,.T.);
#4684=ORIENTED_EDGE('',*,*,#3404,.T.);
#4685=ORIENTED_EDGE('',*,*,#3355,.F.);
#4686=ORIENTED_EDGE('',*,*,#3361,.T.);
#4687=ORIENTED_EDGE('',*,*,#2947,.T.);
#4688=ORIENTED_EDGE('',*,*,#2974,.T.);
#4689=ORIENTED_EDGE('',*,*,#2973,.T.);
#4690=ORIENTED_EDGE('',*,*,#3374,.F.);
#4691=ORIENTED_EDGE('',*,*,#3390,.F.);
#4692=ORIENTED_EDGE('',*,*,#3405,.F.);
#4693=ORIENTED_EDGE('',*,*,#3356,.F.);
#4694=ORIENTED_EDGE('',*,*,#3405,.T.);
#4695=ORIENTED_EDGE('',*,*,#3389,.F.);
#4696=ORIENTED_EDGE('',*,*,#3334,.F.);
#4697=ORIENTED_EDGE('',*,*,#3362,.F.);
#4698=ORIENTED_EDGE('',*,*,#3406,.T.);
#4699=ORIENTED_EDGE('',*,*,#3407,.T.);
#4700=ORIENTED_EDGE('',*,*,#3408,.T.);
#4701=ORIENTED_EDGE('',*,*,#3409,.T.);
#4702=ORIENTED_EDGE('',*,*,#3410,.T.);
#4703=ORIENTED_EDGE('',*,*,#3411,.T.);
#4704=ORIENTED_EDGE('',*,*,#3408,.F.);
#4705=ORIENTED_EDGE('',*,*,#3412,.T.);
#4706=ORIENTED_EDGE('',*,*,#3413,.T.);
#4707=ORIENTED_EDGE('',*,*,#3414,.T.);
#4708=ORIENTED_EDGE('',*,*,#3406,.F.);
#4709=ORIENTED_EDGE('',*,*,#3415,.T.);
#4710=ORIENTED_EDGE('',*,*,#3416,.T.);
#4711=ORIENTED_EDGE('',*,*,#3417,.T.);
#4712=ORIENTED_EDGE('',*,*,#3418,.T.);
#4713=ORIENTED_EDGE('',*,*,#3419,.T.);
#4714=ORIENTED_EDGE('',*,*,#3416,.F.);
#4715=ORIENTED_EDGE('',*,*,#3410,.F.);
#4716=ORIENTED_EDGE('',*,*,#3420,.T.);
#4717=ORIENTED_EDGE('',*,*,#3421,.T.);
#4718=ORIENTED_EDGE('',*,*,#3422,.T.);
#4719=ORIENTED_EDGE('',*,*,#3423,.T.);
#4720=ORIENTED_EDGE('',*,*,#3424,.T.);
#4721=ORIENTED_EDGE('',*,*,#3421,.F.);
#4722=ORIENTED_EDGE('',*,*,#3418,.F.);
#4723=ORIENTED_EDGE('',*,*,#3425,.T.);
#4724=ORIENTED_EDGE('',*,*,#3426,.T.);
#4725=ORIENTED_EDGE('',*,*,#3427,.T.);
#4726=ORIENTED_EDGE('',*,*,#3428,.T.);
#4727=ORIENTED_EDGE('',*,*,#3429,.T.);
#4728=ORIENTED_EDGE('',*,*,#3426,.F.);
#4729=ORIENTED_EDGE('',*,*,#3423,.F.);
#4730=ORIENTED_EDGE('',*,*,#3430,.T.);
#4731=ORIENTED_EDGE('',*,*,#3413,.F.);
#4732=ORIENTED_EDGE('',*,*,#3428,.F.);
#4733=ORIENTED_EDGE('',*,*,#3431,.T.);
#4734=ORIENTED_EDGE('',*,*,#3412,.F.);
#4735=ORIENTED_EDGE('',*,*,#3432,.F.);
#4736=ORIENTED_EDGE('',*,*,#3433,.F.);
#4737=ORIENTED_EDGE('',*,*,#3434,.F.);
#4738=ORIENTED_EDGE('',*,*,#3407,.F.);
#4739=ORIENTED_EDGE('',*,*,#3435,.T.);
#4740=ORIENTED_EDGE('',*,*,#3436,.T.);
#4741=ORIENTED_EDGE('',*,*,#3432,.T.);
#4742=ORIENTED_EDGE('',*,*,#3414,.F.);
#4743=ORIENTED_EDGE('',*,*,#3437,.F.);
#4744=ORIENTED_EDGE('',*,*,#3438,.F.);
#4745=ORIENTED_EDGE('',*,*,#3435,.F.);
#4746=ORIENTED_EDGE('',*,*,#3431,.F.);
#4747=ORIENTED_EDGE('',*,*,#3439,.T.);
#4748=ORIENTED_EDGE('',*,*,#3440,.F.);
#4749=ORIENTED_EDGE('',*,*,#3441,.T.);
#4750=ORIENTED_EDGE('',*,*,#3437,.T.);
#4751=ORIENTED_EDGE('',*,*,#3427,.F.);
#4752=ORIENTED_EDGE('',*,*,#3442,.F.);
#4753=ORIENTED_EDGE('',*,*,#3443,.T.);
#4754=ORIENTED_EDGE('',*,*,#3444,.F.);
#4755=ORIENTED_EDGE('',*,*,#3439,.F.);
#4756=ORIENTED_EDGE('',*,*,#3409,.F.);
#4757=ORIENTED_EDGE('',*,*,#3411,.F.);
#4758=ORIENTED_EDGE('',*,*,#3419,.F.);
#4759=ORIENTED_EDGE('',*,*,#3424,.F.);
#4760=ORIENTED_EDGE('',*,*,#3429,.F.);
#4761=ORIENTED_EDGE('',*,*,#3415,.F.);
#4762=ORIENTED_EDGE('',*,*,#3445,.T.);
#4763=ORIENTED_EDGE('',*,*,#3446,.T.);
#4764=ORIENTED_EDGE('',*,*,#3447,.T.);
#4765=ORIENTED_EDGE('',*,*,#3448,.T.);
#4766=ORIENTED_EDGE('',*,*,#3449,.T.);
#4767=ORIENTED_EDGE('',*,*,#3450,.T.);
#4768=ORIENTED_EDGE('',*,*,#3451,.T.);
#4769=ORIENTED_EDGE('',*,*,#3452,.T.);
#4770=ORIENTED_EDGE('',*,*,#3449,.F.);
#4771=ORIENTED_EDGE('',*,*,#3453,.T.);
#4772=ORIENTED_EDGE('',*,*,#3454,.T.);
#4773=ORIENTED_EDGE('',*,*,#3455,.T.);
#4774=ORIENTED_EDGE('',*,*,#3451,.F.);
#4775=ORIENTED_EDGE('',*,*,#3456,.T.);
#4776=ORIENTED_EDGE('',*,*,#3457,.T.);
#4777=ORIENTED_EDGE('',*,*,#3458,.T.);
#4778=ORIENTED_EDGE('',*,*,#3454,.F.);
#4779=ORIENTED_EDGE('',*,*,#3459,.T.);
#4780=ORIENTED_EDGE('',*,*,#3460,.T.);
#4781=ORIENTED_EDGE('',*,*,#3461,.T.);
#4782=ORIENTED_EDGE('',*,*,#3457,.F.);
#4783=ORIENTED_EDGE('',*,*,#3462,.T.);
#4784=ORIENTED_EDGE('',*,*,#3463,.T.);
#4785=ORIENTED_EDGE('',*,*,#3464,.T.);
#4786=ORIENTED_EDGE('',*,*,#3460,.F.);
#4787=ORIENTED_EDGE('',*,*,#3465,.T.);
#4788=ORIENTED_EDGE('',*,*,#3466,.T.);
#4789=ORIENTED_EDGE('',*,*,#3463,.F.);
#4790=ORIENTED_EDGE('',*,*,#3467,.T.);
#4791=ORIENTED_EDGE('',*,*,#3468,.T.);
#4792=ORIENTED_EDGE('',*,*,#3469,.T.);
#4793=ORIENTED_EDGE('',*,*,#3047,.F.);
#4794=ORIENTED_EDGE('',*,*,#3038,.F.);
#4795=ORIENTED_EDGE('',*,*,#3032,.T.);
#4796=ORIENTED_EDGE('',*,*,#3470,.T.);
#4797=ORIENTED_EDGE('',*,*,#3471,.T.);
#4798=ORIENTED_EDGE('',*,*,#3447,.F.);
#4799=ORIENTED_EDGE('',*,*,#3472,.T.);
#4800=ORIENTED_EDGE('',*,*,#3473,.T.);
#4801=ORIENTED_EDGE('',*,*,#3470,.F.);
#4802=ORIENTED_EDGE('',*,*,#3474,.T.);
#4803=ORIENTED_EDGE('',*,*,#3035,.T.);
#4804=ORIENTED_EDGE('',*,*,#3474,.F.);
#4805=ORIENTED_EDGE('',*,*,#3472,.F.);
#4806=ORIENTED_EDGE('',*,*,#3450,.F.);
#4807=ORIENTED_EDGE('',*,*,#3452,.F.);
#4808=ORIENTED_EDGE('',*,*,#3455,.F.);
#4809=ORIENTED_EDGE('',*,*,#3458,.F.);
#4810=ORIENTED_EDGE('',*,*,#3461,.F.);
#4811=ORIENTED_EDGE('',*,*,#3464,.F.);
#4812=ORIENTED_EDGE('',*,*,#3466,.F.);
#4813=ORIENTED_EDGE('',*,*,#3034,.T.);
#4814=ORIENTED_EDGE('',*,*,#3031,.T.);
#4815=ORIENTED_EDGE('',*,*,#3028,.T.);
#4816=ORIENTED_EDGE('',*,*,#3025,.T.);
#4817=ORIENTED_EDGE('',*,*,#3022,.T.);
#4818=ORIENTED_EDGE('',*,*,#3017,.T.);
#4819=ORIENTED_EDGE('',*,*,#3036,.T.);
#4820=ORIENTED_EDGE('',*,*,#3475,.F.);
#4821=ORIENTED_EDGE('',*,*,#3467,.F.);
#4822=ORIENTED_EDGE('',*,*,#3476,.F.);
#4823=ORIENTED_EDGE('',*,*,#3477,.T.);
#4824=ORIENTED_EDGE('',*,*,#3478,.T.);
#4825=ORIENTED_EDGE('',*,*,#3479,.F.);
#4826=ORIENTED_EDGE('',*,*,#3469,.F.);
#4827=ORIENTED_EDGE('',*,*,#3480,.F.);
#4828=ORIENTED_EDGE('',*,*,#3481,.T.);
#4829=ORIENTED_EDGE('',*,*,#3482,.T.);
#4830=ORIENTED_EDGE('',*,*,#3197,.F.);
#4831=ORIENTED_EDGE('',*,*,#3044,.T.);
#4832=ORIENTED_EDGE('',*,*,#3238,.F.);
#4833=ORIENTED_EDGE('',*,*,#3483,.T.);
#4834=ORIENTED_EDGE('',*,*,#3480,.T.);
#4835=ORIENTED_EDGE('',*,*,#3484,.T.);
#4836=ORIENTED_EDGE('',*,*,#3246,.F.);
#4837=ORIENTED_EDGE('',*,*,#3484,.F.);
#4838=ORIENTED_EDGE('',*,*,#3468,.F.);
#4839=ORIENTED_EDGE('',*,*,#3485,.F.);
#4840=ORIENTED_EDGE('',*,*,#3258,.F.);
#4841=ORIENTED_EDGE('',*,*,#3244,.F.);
#4842=ORIENTED_EDGE('',*,*,#3248,.F.);
#4843=ORIENTED_EDGE('',*,*,#3485,.T.);
#4844=ORIENTED_EDGE('',*,*,#3479,.T.);
#4845=ORIENTED_EDGE('',*,*,#3486,.T.);
#4846=ORIENTED_EDGE('',*,*,#3487,.T.);
#4847=ORIENTED_EDGE('',*,*,#3488,.T.);
#4848=ORIENTED_EDGE('',*,*,#3392,.T.);
#4849=ORIENTED_EDGE('',*,*,#3488,.F.);
#4850=ORIENTED_EDGE('',*,*,#3489,.T.);
#4851=ORIENTED_EDGE('',*,*,#3487,.F.);
#4852=ORIENTED_EDGE('',*,*,#3490,.T.);
#4853=ORIENTED_EDGE('',*,*,#3203,.F.);
#4854=ORIENTED_EDGE('',*,*,#3490,.F.);
#4855=ORIENTED_EDGE('',*,*,#3489,.F.);
#4856=ORIENTED_EDGE('',*,*,#3326,.T.);
#4857=ORIENTED_EDGE('',*,*,#3491,.T.);
#4858=ORIENTED_EDGE('',*,*,#3321,.F.);
#4859=ORIENTED_EDGE('',*,*,#3323,.T.);
#4860=ORIENTED_EDGE('',*,*,#3386,.F.);
#4861=ORIENTED_EDGE('',*,*,#3318,.T.);
#4862=ORIENTED_EDGE('',*,*,#3491,.F.);
#4863=ORIENTED_EDGE('',*,*,#3341,.T.);
#4864=ORIENTED_EDGE('',*,*,#3492,.F.);
#4865=ORIENTED_EDGE('',*,*,#3493,.T.);
#4866=ORIENTED_EDGE('',*,*,#3494,.T.);
#4867=ORIENTED_EDGE('',*,*,#3495,.T.);
#4868=ORIENTED_EDGE('',*,*,#3493,.F.);
#4869=ORIENTED_EDGE('',*,*,#3496,.T.);
#4870=ORIENTED_EDGE('',*,*,#3497,.F.);
#4871=ORIENTED_EDGE('',*,*,#3498,.F.);
#4872=ORIENTED_EDGE('',*,*,#3499,.F.);
#4873=ORIENTED_EDGE('',*,*,#3500,.T.);
#4874=ORIENTED_EDGE('',*,*,#3501,.T.);
#4875=ORIENTED_EDGE('',*,*,#3497,.T.);
#4876=ORIENTED_EDGE('',*,*,#3500,.F.);
#4877=ORIENTED_EDGE('',*,*,#3502,.T.);
#4878=ORIENTED_EDGE('',*,*,#3060,.T.);
#4879=ORIENTED_EDGE('',*,*,#3503,.F.);
#4880=ORIENTED_EDGE('',*,*,#3504,.F.);
#4881=ORIENTED_EDGE('',*,*,#3505,.T.);
#4882=ORIENTED_EDGE('',*,*,#3506,.T.);
#4883=ORIENTED_EDGE('',*,*,#3507,.T.);
#4884=ORIENTED_EDGE('',*,*,#3505,.F.);
#4885=ORIENTED_EDGE('',*,*,#3508,.T.);
#4886=ORIENTED_EDGE('',*,*,#3509,.F.);
#4887=ORIENTED_EDGE('',*,*,#3510,.T.);
#4888=ORIENTED_EDGE('',*,*,#3511,.F.);
#4889=ORIENTED_EDGE('',*,*,#3512,.T.);
#4890=ORIENTED_EDGE('',*,*,#3513,.T.);
#4891=ORIENTED_EDGE('',*,*,#3514,.T.);
#4892=ORIENTED_EDGE('',*,*,#3504,.T.);
#4893=ORIENTED_EDGE('',*,*,#3515,.F.);
#4894=ORIENTED_EDGE('',*,*,#3511,.T.);
#4895=ORIENTED_EDGE('',*,*,#3516,.F.);
#4896=ORIENTED_EDGE('',*,*,#3517,.T.);
#4897=ORIENTED_EDGE('',*,*,#3518,.F.);
#4898=ORIENTED_EDGE('',*,*,#3519,.T.);
#4899=ORIENTED_EDGE('',*,*,#3508,.F.);
#4900=ORIENTED_EDGE('',*,*,#3514,.F.);
#4901=ORIENTED_EDGE('',*,*,#3520,.F.);
#4902=ORIENTED_EDGE('',*,*,#3521,.F.);
#4903=ORIENTED_EDGE('',*,*,#3516,.T.);
#4904=ORIENTED_EDGE('',*,*,#3519,.F.);
#4905=ORIENTED_EDGE('',*,*,#3522,.T.);
#4906=ORIENTED_EDGE('',*,*,#3523,.T.);
#4907=ORIENTED_EDGE('',*,*,#3509,.T.);
#4908=ORIENTED_EDGE('',*,*,#3522,.F.);
#4909=ORIENTED_EDGE('',*,*,#3518,.T.);
#4910=ORIENTED_EDGE('',*,*,#3524,.F.);
#4911=ORIENTED_EDGE('',*,*,#3525,.F.);
#4912=ORIENTED_EDGE('',*,*,#3517,.F.);
#4913=ORIENTED_EDGE('',*,*,#3521,.T.);
#4914=ORIENTED_EDGE('',*,*,#3526,.T.);
#4915=ORIENTED_EDGE('',*,*,#3524,.T.);
#4916=ORIENTED_EDGE('',*,*,#3527,.F.);
#4917=ORIENTED_EDGE('',*,*,#3528,.T.);
#4918=ORIENTED_EDGE('',*,*,#3529,.T.);
#4919=ORIENTED_EDGE('',*,*,#3530,.T.);
#4920=ORIENTED_EDGE('',*,*,#3527,.T.);
#4921=ORIENTED_EDGE('',*,*,#3531,.F.);
#4922=ORIENTED_EDGE('',*,*,#3532,.T.);
#4923=ORIENTED_EDGE('',*,*,#3533,.F.);
#4924=ORIENTED_EDGE('',*,*,#3534,.T.);
#4925=ORIENTED_EDGE('',*,*,#3535,.F.);
#4926=ORIENTED_EDGE('',*,*,#3536,.T.);
#4927=ORIENTED_EDGE('',*,*,#3537,.F.);
#4928=ORIENTED_EDGE('',*,*,#3530,.F.);
#4929=ORIENTED_EDGE('',*,*,#3538,.T.);
#4930=ORIENTED_EDGE('',*,*,#3539,.F.);
#4931=ORIENTED_EDGE('',*,*,#3531,.T.);
#4932=ORIENTED_EDGE('',*,*,#3532,.F.);
#4933=ORIENTED_EDGE('',*,*,#3539,.T.);
#4934=ORIENTED_EDGE('',*,*,#3540,.T.);
#4935=ORIENTED_EDGE('',*,*,#3541,.T.);
#4936=ORIENTED_EDGE('',*,*,#3534,.F.);
#4937=ORIENTED_EDGE('',*,*,#3542,.T.);
#4938=ORIENTED_EDGE('',*,*,#3543,.T.);
#4939=ORIENTED_EDGE('',*,*,#3544,.T.);
#4940=ORIENTED_EDGE('',*,*,#3544,.F.);
#4941=ORIENTED_EDGE('',*,*,#3545,.F.);
#4942=ORIENTED_EDGE('',*,*,#3546,.F.);
#4943=ORIENTED_EDGE('',*,*,#3535,.T.);
#4944=ORIENTED_EDGE('',*,*,#3536,.F.);
#4945=ORIENTED_EDGE('',*,*,#3546,.T.);
#4946=ORIENTED_EDGE('',*,*,#3547,.T.);
#4947=ORIENTED_EDGE('',*,*,#3548,.T.);
#4948=ORIENTED_EDGE('',*,*,#3549,.T.);
#4949=ORIENTED_EDGE('',*,*,#3550,.T.);
#4950=ORIENTED_EDGE('',*,*,#3440,.T.);
#4951=ORIENTED_EDGE('',*,*,#3444,.T.);
#4952=ORIENTED_EDGE('',*,*,#3551,.T.);
#4953=ORIENTED_EDGE('',*,*,#3550,.F.);
#4954=ORIENTED_EDGE('',*,*,#3552,.F.);
#4955=ORIENTED_EDGE('',*,*,#3553,.F.);
#4956=ORIENTED_EDGE('',*,*,#3345,.T.);
#4957=ORIENTED_EDGE('',*,*,#3343,.F.);
#4958=ORIENTED_EDGE('',*,*,#3554,.T.);
#4959=ORIENTED_EDGE('',*,*,#3555,.T.);
#4960=ORIENTED_EDGE('',*,*,#3477,.F.);
#4961=ORIENTED_EDGE('',*,*,#3556,.F.);
#4962=ORIENTED_EDGE('',*,*,#3557,.T.);
#4963=ORIENTED_EDGE('',*,*,#3558,.F.);
#4964=ORIENTED_EDGE('',*,*,#3559,.F.);
#4965=ORIENTED_EDGE('',*,*,#3560,.F.);
#4966=ORIENTED_EDGE('',*,*,#3561,.T.);
#4967=ORIENTED_EDGE('',*,*,#3562,.F.);
#4968=ORIENTED_EDGE('',*,*,#3563,.T.);
#4969=ORIENTED_EDGE('',*,*,#3120,.T.);
#4970=ORIENTED_EDGE('',*,*,#3122,.F.);
#4971=ORIENTED_EDGE('',*,*,#3116,.T.);
#4972=ORIENTED_EDGE('',*,*,#3118,.T.);
#4973=ORIENTED_EDGE('',*,*,#3113,.T.);
#4974=ORIENTED_EDGE('',*,*,#3111,.F.);
#4975=ORIENTED_EDGE('',*,*,#3109,.T.);
#4976=ORIENTED_EDGE('',*,*,#3041,.T.);
#4977=ORIENTED_EDGE('',*,*,#3193,.F.);
#4978=ORIENTED_EDGE('',*,*,#3171,.F.);
#4979=ORIENTED_EDGE('',*,*,#2935,.T.);
#4980=ORIENTED_EDGE('',*,*,#2940,.F.);
#4981=ORIENTED_EDGE('',*,*,#3158,.T.);
#4982=ORIENTED_EDGE('',*,*,#3159,.T.);
#4983=ORIENTED_EDGE('',*,*,#3108,.T.);
#4984=ORIENTED_EDGE('',*,*,#3008,.T.);
#4985=ORIENTED_EDGE('',*,*,#3006,.F.);
#4986=ORIENTED_EDGE('',*,*,#3004,.T.);
#4987=ORIENTED_EDGE('',*,*,#3002,.F.);
#4988=ORIENTED_EDGE('',*,*,#3124,.T.);
#4989=ORIENTED_EDGE('',*,*,#3128,.T.);
#4990=ORIENTED_EDGE('',*,*,#3564,.F.);
#4991=ORIENTED_EDGE('',*,*,#3565,.F.);
#4992=ORIENTED_EDGE('',*,*,#3566,.F.);
#4993=ORIENTED_EDGE('',*,*,#3433,.T.);
#4994=ORIENTED_EDGE('',*,*,#3436,.F.);
#4995=ORIENTED_EDGE('',*,*,#3438,.T.);
#4996=ORIENTED_EDGE('',*,*,#3441,.F.);
#4997=ORIENTED_EDGE('',*,*,#3173,.F.);
#4998=ORIENTED_EDGE('',*,*,#3181,.F.);
#4999=ORIENTED_EDGE('',*,*,#3194,.T.);
#5000=ORIENTED_EDGE('',*,*,#3086,.T.);
#5001=ORIENTED_EDGE('',*,*,#3096,.T.);
#5002=ORIENTED_EDGE('',*,*,#3098,.T.);
#5003=ORIENTED_EDGE('',*,*,#3192,.F.);
#5004=ORIENTED_EDGE('',*,*,#3100,.T.);
#5005=ORIENTED_EDGE('',*,*,#3103,.F.);
#5006=ORIENTED_EDGE('',*,*,#3105,.T.);
#5007=ORIENTED_EDGE('',*,*,#3567,.F.);
#5008=ORIENTED_EDGE('',*,*,#3547,.F.);
#5009=ORIENTED_EDGE('',*,*,#3545,.T.);
#5010=ORIENTED_EDGE('',*,*,#3543,.F.);
#5011=ORIENTED_EDGE('',*,*,#3568,.T.);
#5012=ORIENTED_EDGE('',*,*,#3540,.F.);
#5013=ORIENTED_EDGE('',*,*,#3538,.F.);
#5014=ORIENTED_EDGE('',*,*,#3529,.F.);
#5015=ORIENTED_EDGE('',*,*,#3569,.T.);
#5016=ORIENTED_EDGE('',*,*,#3570,.T.);
#5017=ORIENTED_EDGE('',*,*,#3571,.T.);
#5018=ORIENTED_EDGE('',*,*,#3572,.T.);
#5019=ORIENTED_EDGE('',*,*,#3564,.T.);
#5020=ORIENTED_EDGE('',*,*,#3127,.F.);
#5021=ORIENTED_EDGE('',*,*,#3465,.F.);
#5022=ORIENTED_EDGE('',*,*,#3573,.T.);
#5023=ORIENTED_EDGE('',*,*,#3556,.T.);
#5024=ORIENTED_EDGE('',*,*,#3476,.T.);
#5025=ORIENTED_EDGE('',*,*,#3462,.F.);
#5026=ORIENTED_EDGE('',*,*,#3574,.F.);
#5027=ORIENTED_EDGE('',*,*,#3557,.F.);
#5028=ORIENTED_EDGE('',*,*,#3573,.F.);
#5029=ORIENTED_EDGE('',*,*,#3459,.F.);
#5030=ORIENTED_EDGE('',*,*,#3575,.T.);
#5031=ORIENTED_EDGE('',*,*,#3558,.T.);
#5032=ORIENTED_EDGE('',*,*,#3574,.T.);
#5033=ORIENTED_EDGE('',*,*,#3453,.F.);
#5034=ORIENTED_EDGE('',*,*,#3576,.T.);
#5035=ORIENTED_EDGE('',*,*,#3560,.T.);
#5036=ORIENTED_EDGE('',*,*,#3577,.T.);
#5037=ORIENTED_EDGE('',*,*,#3456,.F.);
#5038=ORIENTED_EDGE('',*,*,#3577,.F.);
#5039=ORIENTED_EDGE('',*,*,#3559,.T.);
#5040=ORIENTED_EDGE('',*,*,#3575,.F.);
#5041=ORIENTED_EDGE('',*,*,#3471,.F.);
#5042=ORIENTED_EDGE('',*,*,#3578,.T.);
#5043=ORIENTED_EDGE('',*,*,#3562,.T.);
#5044=ORIENTED_EDGE('',*,*,#3579,.T.);
#5045=ORIENTED_EDGE('',*,*,#3448,.F.);
#5046=ORIENTED_EDGE('',*,*,#3579,.F.);
#5047=ORIENTED_EDGE('',*,*,#3561,.F.);
#5048=ORIENTED_EDGE('',*,*,#3576,.F.);
#5049=ORIENTED_EDGE('',*,*,#3420,.F.);
#5050=ORIENTED_EDGE('',*,*,#3434,.T.);
#5051=ORIENTED_EDGE('',*,*,#3566,.T.);
#5052=ORIENTED_EDGE('',*,*,#3580,.T.);
#5053=ORIENTED_EDGE('',*,*,#3417,.F.);
#5054=ORIENTED_EDGE('',*,*,#3580,.F.);
#5055=ORIENTED_EDGE('',*,*,#3565,.T.);
#5056=ORIENTED_EDGE('',*,*,#3572,.F.);
#5057=ORIENTED_EDGE('',*,*,#3581,.T.);
#5058=ORIENTED_EDGE('',*,*,#3582,.F.);
#5059=ORIENTED_EDGE('',*,*,#3425,.F.);
#5060=ORIENTED_EDGE('',*,*,#3582,.T.);
#5061=ORIENTED_EDGE('',*,*,#3583,.T.);
#5062=ORIENTED_EDGE('',*,*,#3584,.F.);
#5063=ORIENTED_EDGE('',*,*,#3585,.T.);
#5064=ORIENTED_EDGE('',*,*,#3283,.F.);
#5065=ORIENTED_EDGE('',*,*,#3348,.T.);
#5066=ORIENTED_EDGE('',*,*,#3586,.T.);
#5067=ORIENTED_EDGE('',*,*,#3587,.F.);
#5068=ORIENTED_EDGE('',*,*,#3588,.F.);
#5069=ORIENTED_EDGE('',*,*,#3589,.F.);
#5070=ORIENTED_EDGE('',*,*,#3299,.F.);
#5071=ORIENTED_EDGE('',*,*,#3590,.T.);
#5072=ORIENTED_EDGE('',*,*,#3588,.T.);
#5073=ORIENTED_EDGE('',*,*,#3591,.T.);
#5074=ORIENTED_EDGE('',*,*,#3592,.T.);
#5075=ORIENTED_EDGE('',*,*,#3593,.T.);
#5076=ORIENTED_EDGE('',*,*,#3594,.T.);
#5077=ORIENTED_EDGE('',*,*,#3595,.T.);
#5078=ORIENTED_EDGE('',*,*,#3596,.T.);
#5079=ORIENTED_EDGE('',*,*,#3597,.T.);
#5080=ORIENTED_EDGE('',*,*,#3594,.F.);
#5081=ORIENTED_EDGE('',*,*,#3598,.T.);
#5082=ORIENTED_EDGE('',*,*,#3589,.T.);
#5083=ORIENTED_EDGE('',*,*,#3599,.T.);
#5084=ORIENTED_EDGE('',*,*,#3596,.F.);
#5085=ORIENTED_EDGE('',*,*,#3600,.T.);
#5086=ORIENTED_EDGE('',*,*,#3601,.F.);
#5087=ORIENTED_EDGE('',*,*,#3602,.T.);
#5088=ORIENTED_EDGE('',*,*,#3587,.T.);
#5089=ORIENTED_EDGE('',*,*,#3603,.T.);
#5090=ORIENTED_EDGE('',*,*,#3604,.T.);
#5091=ORIENTED_EDGE('',*,*,#3288,.F.);
#5092=ORIENTED_EDGE('',*,*,#3586,.F.);
#5093=ORIENTED_EDGE('',*,*,#3347,.T.);
#5094=ORIENTED_EDGE('',*,*,#3592,.F.);
#5095=ORIENTED_EDGE('',*,*,#3605,.T.);
#5096=ORIENTED_EDGE('',*,*,#3306,.F.);
#5097=ORIENTED_EDGE('',*,*,#3291,.F.);
#5098=ORIENTED_EDGE('',*,*,#3293,.F.);
#5099=ORIENTED_EDGE('',*,*,#3605,.F.);
#5100=ORIENTED_EDGE('',*,*,#3595,.F.);
#5101=ORIENTED_EDGE('',*,*,#3606,.T.);
#5102=ORIENTED_EDGE('',*,*,#3298,.F.);
#5103=ORIENTED_EDGE('',*,*,#3606,.F.);
#5104=ORIENTED_EDGE('',*,*,#3597,.F.);
#5105=ORIENTED_EDGE('',*,*,#3599,.F.);
#5106=ORIENTED_EDGE('',*,*,#3590,.F.);
#5107=ORIENTED_EDGE('',*,*,#3304,.F.);
#5108=ORIENTED_EDGE('',*,*,#3591,.F.);
#5109=ORIENTED_EDGE('',*,*,#3602,.F.);
#5110=ORIENTED_EDGE('',*,*,#3607,.T.);
#5111=ORIENTED_EDGE('',*,*,#3302,.F.);
#5112=ORIENTED_EDGE('',*,*,#3607,.F.);
#5113=ORIENTED_EDGE('',*,*,#3601,.T.);
#5114=ORIENTED_EDGE('',*,*,#3608,.T.);
#5115=ORIENTED_EDGE('',*,*,#3609,.T.);
#5116=ORIENTED_EDGE('',*,*,#3610,.T.);
#5117=ORIENTED_EDGE('',*,*,#3584,.T.);
#5118=ORIENTED_EDGE('',*,*,#3611,.T.);
#5119=ORIENTED_EDGE('',*,*,#3130,.F.);
#5120=ORIENTED_EDGE('',*,*,#3190,.F.);
#5121=ORIENTED_EDGE('',*,*,#3155,.F.);
#5122=ORIENTED_EDGE('',*,*,#3189,.F.);
#5123=ORIENTED_EDGE('',*,*,#3147,.F.);
#5124=ORIENTED_EDGE('',*,*,#3153,.T.);
#5125=ORIENTED_EDGE('',*,*,#2901,.T.);
#5126=ORIENTED_EDGE('',*,*,#2933,.F.);
#5127=ORIENTED_EDGE('',*,*,#3612,.T.);
#5128=ORIENTED_EDGE('',*,*,#3327,.T.);
#5129=ORIENTED_EDGE('',*,*,#3612,.F.);
#5130=ORIENTED_EDGE('',*,*,#2932,.T.);
#5131=ORIENTED_EDGE('',*,*,#3369,.T.);
#5132=ORIENTED_EDGE('',*,*,#3328,.F.);
#5133=ORIENTED_EDGE('',*,*,#3430,.F.);
#5134=ORIENTED_EDGE('',*,*,#3613,.T.);
#5135=ORIENTED_EDGE('',*,*,#3609,.F.);
#5136=ORIENTED_EDGE('',*,*,#3614,.F.);
#5137=ORIENTED_EDGE('',*,*,#3442,.T.);
#5138=ORIENTED_EDGE('',*,*,#3593,.F.);
#5139=ORIENTED_EDGE('',*,*,#3346,.T.);
#5140=ORIENTED_EDGE('',*,*,#3553,.T.);
#5141=ORIENTED_EDGE('',*,*,#3615,.T.);
#5142=ORIENTED_EDGE('',*,*,#3598,.F.);
#5143=ORIENTED_EDGE('',*,*,#3549,.F.);
#5144=ORIENTED_EDGE('',*,*,#3616,.T.);
#5145=ORIENTED_EDGE('',*,*,#3603,.F.);
#5146=ORIENTED_EDGE('',*,*,#3600,.F.);
#5147=ORIENTED_EDGE('',*,*,#3615,.F.);
#5148=ORIENTED_EDGE('',*,*,#3552,.T.);
#5149=ORIENTED_EDGE('',*,*,#3446,.F.);
#5150=ORIENTED_EDGE('',*,*,#3617,.T.);
#5151=ORIENTED_EDGE('',*,*,#3401,.F.);
#5152=ORIENTED_EDGE('',*,*,#3617,.F.);
#5153=ORIENTED_EDGE('',*,*,#3445,.F.);
#5154=ORIENTED_EDGE('',*,*,#3618,.T.);
#5155=ORIENTED_EDGE('',*,*,#3400,.F.);
#5156=ORIENTED_EDGE('',*,*,#3618,.F.);
#5157=ORIENTED_EDGE('',*,*,#3619,.T.);
#5158=ORIENTED_EDGE('',*,*,#3620,.T.);
#5159=ORIENTED_EDGE('',*,*,#3394,.F.);
#5160=ORIENTED_EDGE('',*,*,#3399,.F.);
#5161=ORIENTED_EDGE('',*,*,#3395,.F.);
#5162=ORIENTED_EDGE('',*,*,#3620,.F.);
#5163=ORIENTED_EDGE('',*,*,#3619,.F.);
#5164=ORIENTED_EDGE('',*,*,#3621,.F.);
#5165=ORIENTED_EDGE('',*,*,#3265,.F.);
#5166=ORIENTED_EDGE('',*,*,#3622,.F.);
#5167=ORIENTED_EDGE('',*,*,#3554,.F.);
#5168=ORIENTED_EDGE('',*,*,#3342,.F.);
#5169=ORIENTED_EDGE('',*,*,#3312,.T.);
#5170=ORIENTED_EDGE('',*,*,#2909,.F.);
#5171=ORIENTED_EDGE('',*,*,#2907,.F.);
#5172=ORIENTED_EDGE('',*,*,#2942,.T.);
#5173=ORIENTED_EDGE('',*,*,#2944,.F.);
#5174=ORIENTED_EDGE('',*,*,#2946,.F.);
#5175=ORIENTED_EDGE('',*,*,#3196,.F.);
#5176=ORIENTED_EDGE('',*,*,#3198,.T.);
#5177=ORIENTED_EDGE('',*,*,#3482,.F.);
#5178=ORIENTED_EDGE('',*,*,#3623,.F.);
#5179=ORIENTED_EDGE('',*,*,#3624,.T.);
#5180=ORIENTED_EDGE('',*,*,#3353,.T.);
#5181=ORIENTED_EDGE('',*,*,#3351,.T.);
#5182=ORIENTED_EDGE('',*,*,#3349,.F.);
#5183=ORIENTED_EDGE('',*,*,#3308,.T.);
#5184=ORIENTED_EDGE('',*,*,#3311,.T.);
#5185=ORIENTED_EDGE('',*,*,#3625,.F.);
#5186=ORIENTED_EDGE('',*,*,#3494,.F.);
#5187=ORIENTED_EDGE('',*,*,#3498,.T.);
#5188=ORIENTED_EDGE('',*,*,#3501,.F.);
#5189=ORIENTED_EDGE('',*,*,#3503,.T.);
#5190=ORIENTED_EDGE('',*,*,#3059,.T.);
#5191=ORIENTED_EDGE('',*,*,#3055,.F.);
#5192=ORIENTED_EDGE('',*,*,#3053,.T.);
#5193=ORIENTED_EDGE('',*,*,#3063,.T.);
#5194=ORIENTED_EDGE('',*,*,#3191,.T.);
#5195=ORIENTED_EDGE('',*,*,#3070,.T.);
#5196=ORIENTED_EDGE('',*,*,#3078,.F.);
#5197=ORIENTED_EDGE('',*,*,#3083,.T.);
#5198=ORIENTED_EDGE('',*,*,#3081,.F.);
#5199=ORIENTED_EDGE('',*,*,#3079,.T.);
#5200=ORIENTED_EDGE('',*,*,#3065,.T.);
#5201=ORIENTED_EDGE('',*,*,#3178,.F.);
#5202=ORIENTED_EDGE('',*,*,#3175,.F.);
#5203=ORIENTED_EDGE('',*,*,#3626,.T.);
#5204=ORIENTED_EDGE('',*,*,#3627,.T.);
#5205=ORIENTED_EDGE('',*,*,#3506,.F.);
#5206=ORIENTED_EDGE('',*,*,#3510,.F.);
#5207=ORIENTED_EDGE('',*,*,#3523,.F.);
#5208=ORIENTED_EDGE('',*,*,#3525,.T.);
#5209=ORIENTED_EDGE('',*,*,#3526,.F.);
#5210=ORIENTED_EDGE('',*,*,#3520,.T.);
#5211=ORIENTED_EDGE('',*,*,#3513,.F.);
#5212=ORIENTED_EDGE('',*,*,#3628,.F.);
#5213=ORIENTED_EDGE('',*,*,#3570,.F.);
#5214=ORIENTED_EDGE('',*,*,#3629,.T.);
#5215=ORIENTED_EDGE('',*,*,#3324,.F.);
#5216=ORIENTED_EDGE('',*,*,#3629,.F.);
#5217=ORIENTED_EDGE('',*,*,#3626,.F.);
#5218=ORIENTED_EDGE('',*,*,#3630,.T.);
#5219=ORIENTED_EDGE('',*,*,#3315,.F.);
#5220=ORIENTED_EDGE('',*,*,#3630,.F.);
#5221=ORIENTED_EDGE('',*,*,#3627,.F.);
#5222=ORIENTED_EDGE('',*,*,#3631,.T.);
#5223=ORIENTED_EDGE('',*,*,#3314,.F.);
#5224=ORIENTED_EDGE('',*,*,#3631,.F.);
#5225=ORIENTED_EDGE('',*,*,#3569,.F.);
#5226=ORIENTED_EDGE('',*,*,#3632,.T.);
#5227=ORIENTED_EDGE('',*,*,#3621,.T.);
#5228=ORIENTED_EDGE('',*,*,#3632,.F.);
#5229=ORIENTED_EDGE('',*,*,#3404,.F.);
#5230=ORIENTED_EDGE('',*,*,#3633,.T.);
#5231=ORIENTED_EDGE('',*,*,#3368,.F.);
#5232=ORIENTED_EDGE('',*,*,#3633,.F.);
#5233=ORIENTED_EDGE('',*,*,#3403,.F.);
#5234=ORIENTED_EDGE('',*,*,#3634,.T.);
#5235=ORIENTED_EDGE('',*,*,#3367,.F.);
#5236=ORIENTED_EDGE('',*,*,#3634,.F.);
#5237=ORIENTED_EDGE('',*,*,#3571,.F.);
#5238=ORIENTED_EDGE('',*,*,#3126,.T.);
#5239=ORIENTED_EDGE('',*,*,#3131,.T.);
#5240=ORIENTED_EDGE('',*,*,#3611,.F.);
#5241=ORIENTED_EDGE('',*,*,#3583,.F.);
#5242=ORIENTED_EDGE('',*,*,#3581,.F.);
#5243=ORIENTED_EDGE('',*,*,#3551,.F.);
#5244=ORIENTED_EDGE('',*,*,#3443,.F.);
#5245=ORIENTED_EDGE('',*,*,#3614,.T.);
#5246=ORIENTED_EDGE('',*,*,#3608,.F.);
#5247=ORIENTED_EDGE('',*,*,#3604,.F.);
#5248=ORIENTED_EDGE('',*,*,#3616,.F.);
#5249=ORIENTED_EDGE('',*,*,#3422,.F.);
#5250=ORIENTED_EDGE('',*,*,#3585,.F.);
#5251=ORIENTED_EDGE('',*,*,#3610,.F.);
#5252=ORIENTED_EDGE('',*,*,#3613,.F.);
#5253=ORIENTED_EDGE('',*,*,#3492,.T.);
#5254=ORIENTED_EDGE('',*,*,#3635,.F.);
#5255=ORIENTED_EDGE('',*,*,#3051,.F.);
#5256=ORIENTED_EDGE('',*,*,#3057,.T.);
#5257=ORIENTED_EDGE('',*,*,#3058,.F.);
#5258=ORIENTED_EDGE('',*,*,#3502,.F.);
#5259=ORIENTED_EDGE('',*,*,#3499,.T.);
#5260=ORIENTED_EDGE('',*,*,#3496,.F.);
#5261=ORIENTED_EDGE('',*,*,#3495,.F.);
#5262=ORIENTED_EDGE('',*,*,#3625,.T.);
#5263=ORIENTED_EDGE('',*,*,#3052,.T.);
#5264=ORIENTED_EDGE('',*,*,#3635,.T.);
#5265=ORIENTED_EDGE('',*,*,#3507,.F.);
#5266=ORIENTED_EDGE('',*,*,#3628,.T.);
#5267=ORIENTED_EDGE('',*,*,#3512,.F.);
#5268=ORIENTED_EDGE('',*,*,#3515,.T.);
#5269=ORIENTED_EDGE('',*,*,#3541,.F.);
#5270=ORIENTED_EDGE('',*,*,#3568,.F.);
#5271=ORIENTED_EDGE('',*,*,#3542,.F.);
#5272=ORIENTED_EDGE('',*,*,#3533,.T.);
#5273=ORIENTED_EDGE('',*,*,#3253,.F.);
#5274=ORIENTED_EDGE('',*,*,#3486,.F.);
#5275=ORIENTED_EDGE('',*,*,#3478,.F.);
#5276=ORIENTED_EDGE('',*,*,#3555,.F.);
#5277=ORIENTED_EDGE('',*,*,#3622,.T.);
#5278=ORIENTED_EDGE('',*,*,#3262,.F.);
#5279=ORIENTED_EDGE('',*,*,#3273,.F.);
#5280=ORIENTED_EDGE('',*,*,#3256,.F.);
#5281=ORIENTED_EDGE('',*,*,#3528,.F.);
#5282=ORIENTED_EDGE('',*,*,#3537,.T.);
#5283=ORIENTED_EDGE('',*,*,#3548,.F.);
#5284=ORIENTED_EDGE('',*,*,#3567,.T.);
#5285=ORIENTED_EDGE('',*,*,#3225,.F.);
#5286=ORIENTED_EDGE('',*,*,#3354,.F.);
#5287=ORIENTED_EDGE('',*,*,#3624,.F.);
#5288=ORIENTED_EDGE('',*,*,#3636,.T.);
#5289=ORIENTED_EDGE('',*,*,#3228,.F.);
#5290=ORIENTED_EDGE('',*,*,#3636,.F.);
#5291=ORIENTED_EDGE('',*,*,#3623,.T.);
#5292=ORIENTED_EDGE('',*,*,#3481,.F.);
#5293=ORIENTED_EDGE('',*,*,#3483,.F.);
#5294=ORIENTED_EDGE('',*,*,#3235,.F.);
#5295=ORIENTED_EDGE('',*,*,#3230,.F.);
#5296=ORIENTED_EDGE('',*,*,#3240,.F.);
#5297=ORIENTED_EDGE('',*,*,#3473,.F.);
#5298=ORIENTED_EDGE('',*,*,#3121,.T.);
#5299=ORIENTED_EDGE('',*,*,#3563,.F.);
#5300=ORIENTED_EDGE('',*,*,#3578,.F.);
#5301=ORIENTED_EDGE('',*,*,#3475,.T.);
#5302=ORIENTED_EDGE('',*,*,#3637,.T.);
#5303=ORIENTED_EDGE('',*,*,#3638,.F.);
#5304=ORIENTED_EDGE('',*,*,#3637,.F.);
#5305=ORIENTED_EDGE('',*,*,#3639,.F.);
#5306=ORIENTED_EDGE('',*,*,#3638,.T.);
#5307=ORIENTED_EDGE('',*,*,#3639,.T.);
#5308=ORIENTED_EDGE('',*,*,#3640,.T.);
#5309=ORIENTED_EDGE('',*,*,#3201,.F.);
#5310=ORIENTED_EDGE('',*,*,#3640,.F.);
#5311=CONICAL_SURFACE('',#5693,8.09999999999999,0.785398163397447);
#5312=CONICAL_SURFACE('',#5696,3.39999999999999,0.785398163397465);
#5313=CONICAL_SURFACE('',#5699,8.10000000000001,0.785398163397479);
#5314=CONICAL_SURFACE('',#5702,40.9,0.785398163397437);
#5315=CONICAL_SURFACE('',#5705,8.1,0.785398163397462);
#5316=CONICAL_SURFACE('',#5708,3.4,0.785398163397445);
#5317=CONICAL_SURFACE('',#5713,34.9,0.785398163397448);
#5318=CONICAL_SURFACE('',#5718,3.4,0.785398163397445);
#5319=CONICAL_SURFACE('',#5721,8.1,0.785398163397444);
#5320=CONICAL_SURFACE('',#5724,40.9,0.785398163397437);
#5321=CONICAL_SURFACE('',#5728,19.9,0.785398163397443);
#5322=CONICAL_SURFACE('',#5732,2.1,0.785398163397454);
#5323=CONICAL_SURFACE('',#5774,19.5,0.785398163397447);
#5324=CONICAL_SURFACE('',#5777,20.5,0.785398163397447);
#5325=CONICAL_SURFACE('',#5780,4.5,0.785398163397448);
#5326=CONICAL_SURFACE('',#5982,22.13,0.785398163397448);
#5327=CONICAL_SURFACE('',#5987,24.4196116135138,0.884095943322367);
#5328=CONICAL_SURFACE('',#5989,40.9,0.785398163397459);
#5329=CONICAL_SURFACE('',#5992,8.09999999999999,0.785398163397447);
#5330=CONICAL_SURFACE('',#5995,3.39999999999999,0.785398163397465);
#5331=CONICAL_SURFACE('',#5998,8.10000000000001,0.785398163397479);
#5332=CONICAL_SURFACE('',#6001,40.9,0.785398163397437);
#5333=CONICAL_SURFACE('',#6004,8.1,0.785398163397462);
#5334=CONICAL_SURFACE('',#6007,3.4,0.785398163397445);
#5335=CONICAL_SURFACE('',#6012,34.9,0.785398163397448);
#5336=CONICAL_SURFACE('',#6017,3.4,0.785398163397445);
#5337=CONICAL_SURFACE('',#6020,8.1,0.785398163397444);
#5338=CONICAL_SURFACE('',#6023,40.9,0.785398163397437);
#5339=CONICAL_SURFACE('',#6027,19.9,0.785398163397443);
#5340=CONICAL_SURFACE('',#6031,2.1,0.785398163397454);
#5341=CONICAL_SURFACE('',#6091,19.5,0.785398163397447);
#5342=CONICAL_SURFACE('',#6094,20.5,0.785398163397447);
#5343=CONICAL_SURFACE('',#6097,4.5,0.785398163397448);
#5344=CONICAL_SURFACE('',#6100,34.5,0.785398163397448);
#5345=CONICAL_SURFACE('',#6197,24.9,0.197395559849879);
#5346=ADVANCED_FACE('',(#466),#5311,.F.);
#5347=ADVANCED_FACE('',(#467),#5312,.T.);
#5348=ADVANCED_FACE('',(#468),#5313,.F.);
#5349=ADVANCED_FACE('',(#469),#5314,.T.);
#5350=ADVANCED_FACE('',(#470),#5315,.F.);
#5351=ADVANCED_FACE('',(#471),#5316,.T.);
#5352=ADVANCED_FACE('',(#472),#372,.F.);
#5353=ADVANCED_FACE('',(#473),#334,.F.);
#5354=ADVANCED_FACE('',(#474),#373,.F.);
#5355=ADVANCED_FACE('',(#475),#335,.F.);
#5356=ADVANCED_FACE('',(#476),#336,.F.);
#5357=ADVANCED_FACE('',(#477),#5317,.T.);
#5358=ADVANCED_FACE('',(#478),#337,.F.);
#5359=ADVANCED_FACE('',(#479),#338,.F.);
#5360=ADVANCED_FACE('',(#480),#374,.F.);
#5361=ADVANCED_FACE('',(#481),#339,.F.);
#5362=ADVANCED_FACE('',(#482),#340,.F.);
#5363=ADVANCED_FACE('',(#483),#375,.F.);
#5364=ADVANCED_FACE('',(#484),#5318,.T.);
#5365=ADVANCED_FACE('',(#485),#5319,.F.);
#5366=ADVANCED_FACE('',(#486),#5320,.T.);
#5367=ADVANCED_FACE('',(#487),#341,.F.);
#5368=ADVANCED_FACE('',(#488),#342,.F.);
#5369=ADVANCED_FACE('',(#489),#376,.F.);
#5370=ADVANCED_FACE('',(#490),#343,.F.);
#5371=ADVANCED_FACE('',(#491),#344,.F.);
#5372=ADVANCED_FACE('',(#492),#345,.F.);
#5373=ADVANCED_FACE('',(#493),#346,.F.);
#5374=ADVANCED_FACE('',(#494),#5321,.T.);
#5375=ADVANCED_FACE('',(#495),#377,.F.);
#5376=ADVANCED_FACE('',(#496),#5322,.F.);
#5377=ADVANCED_FACE('',(#497),#378,.F.);
#5378=ADVANCED_FACE('',(#498),#347,.F.);
#5379=ADVANCED_FACE('',(#499),#87,.T.);
#5380=ADVANCED_FACE('',(#500),#88,.F.);
#5381=ADVANCED_FACE('',(#501),#74,.F.);
#5382=ADVANCED_FACE('',(#502,#33),#379,.T.);
#5383=ADVANCED_FACE('',(#503),#89,.F.);
#5384=ADVANCED_FACE('',(#504),#380,.F.);
#5385=ADVANCED_FACE('',(#505),#90,.F.);
#5386=ADVANCED_FACE('',(#506),#91,.T.);
#5387=ADVANCED_FACE('',(#507),#92,.F.);
#5388=ADVANCED_FACE('',(#508),#93,.T.);
#5389=ADVANCED_FACE('',(#509),#94,.F.);
#5390=ADVANCED_FACE('',(#510),#95,.T.);
#5391=ADVANCED_FACE('',(#511),#381,.F.);
#5392=ADVANCED_FACE('',(#512),#382,.F.);
#5393=ADVANCED_FACE('',(#513),#383,.F.);
#5394=ADVANCED_FACE('',(#514),#384,.F.);
#5395=ADVANCED_FACE('',(#515),#5323,.T.);
#5396=ADVANCED_FACE('',(#516),#385,.F.);
#5397=ADVANCED_FACE('',(#517),#5324,.F.);
#5398=ADVANCED_FACE('',(#518),#386,.F.);
#5399=ADVANCED_FACE('',(#519),#5325,.F.);
#5400=ADVANCED_FACE('',(#520),#387,.F.);
#5401=ADVANCED_FACE('',(#521),#388,.F.);
#5402=ADVANCED_FACE('',(#522),#348,.F.);
#5403=ADVANCED_FACE('',(#523),#96,.F.);
#5404=ADVANCED_FACE('',(#524),#349,.F.);
#5405=ADVANCED_FACE('',(#525),#97,.F.);
#5406=ADVANCED_FACE('',(#526),#23,.F.);
#5407=ADVANCED_FACE('',(#527),#98,.F.);
#5408=ADVANCED_FACE('',(#528),#24,.F.);
#5409=ADVANCED_FACE('',(#529),#99,.F.);
#5410=ADVANCED_FACE('',(#530),#25,.F.);
#5411=ADVANCED_FACE('',(#531),#26,.F.);
#5412=ADVANCED_FACE('',(#532),#389,.F.);
#5413=ADVANCED_FACE('',(#533),#100,.F.);
#5414=ADVANCED_FACE('',(#534),#101,.T.);
#5415=ADVANCED_FACE('',(#535),#102,.F.);
#5416=ADVANCED_FACE('',(#536),#390,.T.);
#5417=ADVANCED_FACE('',(#537,#34,#35),#391,.F.);
#5418=ADVANCED_FACE('',(#538),#75,.F.);
#5419=ADVANCED_FACE('',(#539),#15,.F.);
#5420=ADVANCED_FACE('',(#540),#76,.F.);
#5421=ADVANCED_FACE('',(#541),#16,.F.);
#5422=ADVANCED_FACE('',(#542),#103,.F.);
#5423=ADVANCED_FACE('',(#543),#77,.F.);
#5424=ADVANCED_FACE('',(#544),#17,.F.);
#5425=ADVANCED_FACE('',(#545),#104,.F.);
#5426=ADVANCED_FACE('',(#546),#105,.F.);
#5427=ADVANCED_FACE('',(#547),#392,.F.);
#5428=ADVANCED_FACE('',(#548),#106,.F.);
#5429=ADVANCED_FACE('',(#549),#18,.F.);
#5430=ADVANCED_FACE('',(#550),#107,.F.);
#5431=ADVANCED_FACE('',(#551),#108,.F.);
#5432=ADVANCED_FACE('',(#552),#393,.F.);
#5433=ADVANCED_FACE('',(#553),#109,.F.);
#5434=ADVANCED_FACE('',(#554),#110,.F.);
#5435=ADVANCED_FACE('',(#555),#111,.F.);
#5436=ADVANCED_FACE('',(#556),#112,.F.);
#5437=ADVANCED_FACE('',(#557),#394,.T.);
#5438=ADVANCED_FACE('',(#558),#113,.T.);
#5439=ADVANCED_FACE('',(#559),#114,.F.);
#5440=ADVANCED_FACE('',(#560),#395,.F.);
#5441=ADVANCED_FACE('',(#561),#115,.F.);
#5442=ADVANCED_FACE('',(#562),#116,.F.);
#5443=ADVANCED_FACE('',(#563),#396,.T.);
#5444=ADVANCED_FACE('',(#564),#397,.F.);
#5445=ADVANCED_FACE('',(#565),#117,.F.);
#5446=ADVANCED_FACE('',(#566),#118,.F.);
#5447=ADVANCED_FACE('',(#567),#398,.F.);
#5448=ADVANCED_FACE('',(#568),#119,.F.);
#5449=ADVANCED_FACE('',(#569),#120,.T.);
#5450=ADVANCED_FACE('',(#570),#121,.T.);
#5451=ADVANCED_FACE('',(#571),#399,.T.);
#5452=ADVANCED_FACE('',(#572),#122,.F.);
#5453=ADVANCED_FACE('',(#573),#123,.F.);
#5454=ADVANCED_FACE('',(#574),#124,.F.);
#5455=ADVANCED_FACE('',(#575),#125,.F.);
#5456=ADVANCED_FACE('',(#576),#126,.T.);
#5457=ADVANCED_FACE('',(#577),#127,.F.);
#5458=ADVANCED_FACE('',(#578),#400,.F.);
#5459=ADVANCED_FACE('',(#579),#128,.F.);
#5460=ADVANCED_FACE('',(#580),#78,.F.);
#5461=ADVANCED_FACE('',(#581),#27,.F.);
#5462=ADVANCED_FACE('',(#582),#129,.F.);
#5463=ADVANCED_FACE('',(#583),#350,.F.);
#5464=ADVANCED_FACE('',(#584),#351,.F.);
#5465=ADVANCED_FACE('',(#585),#130,.F.);
#5466=ADVANCED_FACE('',(#586),#131,.F.);
#5467=ADVANCED_FACE('',(#587),#352,.F.);
#5468=ADVANCED_FACE('',(#588),#132,.T.);
#5469=ADVANCED_FACE('',(#589),#401,.F.);
#5470=ADVANCED_FACE('',(#590),#402,.F.);
#5471=ADVANCED_FACE('',(#591),#133,.F.);
#5472=ADVANCED_FACE('',(#592),#134,.F.);
#5473=ADVANCED_FACE('',(#593),#403,.F.);
#5474=ADVANCED_FACE('',(#594),#135,.F.);
#5475=ADVANCED_FACE('',(#595),#136,.F.);
#5476=ADVANCED_FACE('',(#596),#137,.F.);
#5477=ADVANCED_FACE('',(#597,#36),#404,.F.);
#5478=ADVANCED_FACE('',(#598),#138,.T.);
#5479=ADVANCED_FACE('',(#599),#139,.F.);
#5480=ADVANCED_FACE('',(#600),#140,.F.);
#5481=ADVANCED_FACE('',(#601),#141,.F.);
#5482=ADVANCED_FACE('',(#602),#142,.F.);
#5483=ADVANCED_FACE('',(#603),#143,.F.);
#5484=ADVANCED_FACE('',(#604),#144,.F.);
#5485=ADVANCED_FACE('',(#605),#405,.F.);
#5486=ADVANCED_FACE('',(#606),#406,.F.);
#5487=ADVANCED_FACE('',(#607),#407,.F.);
#5488=ADVANCED_FACE('',(#608),#145,.T.);
#5489=ADVANCED_FACE('',(#609),#408,.F.);
#5490=ADVANCED_FACE('',(#610),#146,.F.);
#5491=ADVANCED_FACE('',(#611),#147,.T.);
#5492=ADVANCED_FACE('',(#612),#409,.F.);
#5493=ADVANCED_FACE('',(#613),#5326,.F.);
#5494=ADVANCED_FACE('',(#614,#37),#410,.T.);
#5495=ADVANCED_FACE('',(#615),#5327,.T.);
#5496=ADVANCED_FACE('',(#616),#5328,.T.);
#5497=ADVANCED_FACE('',(#617),#5329,.F.);
#5498=ADVANCED_FACE('',(#618),#5330,.T.);
#5499=ADVANCED_FACE('',(#619),#5331,.F.);
#5500=ADVANCED_FACE('',(#620),#5332,.T.);
#5501=ADVANCED_FACE('',(#621),#5333,.F.);
#5502=ADVANCED_FACE('',(#622),#5334,.T.);
#5503=ADVANCED_FACE('',(#623),#411,.T.);
#5504=ADVANCED_FACE('',(#624),#353,.T.);
#5505=ADVANCED_FACE('',(#625),#412,.T.);
#5506=ADVANCED_FACE('',(#626),#354,.T.);
#5507=ADVANCED_FACE('',(#627),#355,.T.);
#5508=ADVANCED_FACE('',(#628),#5335,.T.);
#5509=ADVANCED_FACE('',(#629),#356,.T.);
#5510=ADVANCED_FACE('',(#630),#357,.T.);
#5511=ADVANCED_FACE('',(#631),#413,.T.);
#5512=ADVANCED_FACE('',(#632),#358,.T.);
#5513=ADVANCED_FACE('',(#633),#359,.T.);
#5514=ADVANCED_FACE('',(#634),#414,.T.);
#5515=ADVANCED_FACE('',(#635),#5336,.T.);
#5516=ADVANCED_FACE('',(#636),#5337,.F.);
#5517=ADVANCED_FACE('',(#637),#5338,.T.);
#5518=ADVANCED_FACE('',(#638),#360,.T.);
#5519=ADVANCED_FACE('',(#639),#361,.T.);
#5520=ADVANCED_FACE('',(#640),#415,.T.);
#5521=ADVANCED_FACE('',(#641),#362,.T.);
#5522=ADVANCED_FACE('',(#642),#363,.T.);
#5523=ADVANCED_FACE('',(#643),#364,.T.);
#5524=ADVANCED_FACE('',(#644),#365,.T.);
#5525=ADVANCED_FACE('',(#645),#5339,.T.);
#5526=ADVANCED_FACE('',(#646),#416,.T.);
#5527=ADVANCED_FACE('',(#647),#5340,.F.);
#5528=ADVANCED_FACE('',(#648),#417,.T.);
#5529=ADVANCED_FACE('',(#649),#366,.T.);
#5530=ADVANCED_FACE('',(#650),#148,.T.);
#5531=ADVANCED_FACE('',(#651),#149,.F.);
#5532=ADVANCED_FACE('',(#652),#150,.T.);
#5533=ADVANCED_FACE('',(#653,#38,#39,#40,#41),#418,.F.);
#5534=ADVANCED_FACE('',(#654),#79,.F.);
#5535=ADVANCED_FACE('',(#655),#151,.T.);
#5536=ADVANCED_FACE('',(#656),#80,.F.);
#5537=ADVANCED_FACE('',(#657,#42),#419,.F.);
#5538=ADVANCED_FACE('',(#658),#152,.F.);
#5539=ADVANCED_FACE('',(#659),#420,.T.);
#5540=ADVANCED_FACE('',(#660),#153,.F.);
#5541=ADVANCED_FACE('',(#661),#154,.T.);
#5542=ADVANCED_FACE('',(#662),#155,.F.);
#5543=ADVANCED_FACE('',(#663),#156,.T.);
#5544=ADVANCED_FACE('',(#664),#157,.F.);
#5545=ADVANCED_FACE('',(#665),#158,.T.);
#5546=ADVANCED_FACE('',(#666),#159,.F.);
#5547=ADVANCED_FACE('',(#667),#421,.T.);
#5548=ADVANCED_FACE('',(#668),#422,.T.);
#5549=ADVANCED_FACE('',(#669,#43,#44,#45,#46),#423,.T.);
#5550=ADVANCED_FACE('',(#670),#424,.T.);
#5551=ADVANCED_FACE('',(#671),#425,.T.);
#5552=ADVANCED_FACE('',(#672),#426,.T.);
#5553=ADVANCED_FACE('',(#673),#427,.T.);
#5554=ADVANCED_FACE('',(#674),#428,.T.);
#5555=ADVANCED_FACE('',(#675),#5341,.T.);
#5556=ADVANCED_FACE('',(#676),#429,.T.);
#5557=ADVANCED_FACE('',(#677),#5342,.F.);
#5558=ADVANCED_FACE('',(#678),#430,.T.);
#5559=ADVANCED_FACE('',(#679),#5343,.F.);
#5560=ADVANCED_FACE('',(#680),#5344,.T.);
#5561=ADVANCED_FACE('',(#681),#431,.T.);
#5562=ADVANCED_FACE('',(#682,#47),#432,.T.);
#5563=ADVANCED_FACE('',(#683),#160,.F.);
#5564=ADVANCED_FACE('',(#684,#48,#49,#50,#51),#433,.T.);
#5565=ADVANCED_FACE('',(#685),#161,.T.);
#5566=ADVANCED_FACE('',(#686,#52,#53,#54,#55),#434,.T.);
#5567=ADVANCED_FACE('',(#687),#435,.T.);
#5568=ADVANCED_FACE('',(#688),#436,.T.);
#5569=ADVANCED_FACE('',(#689),#367,.T.);
#5570=ADVANCED_FACE('',(#690),#162,.F.);
#5571=ADVANCED_FACE('',(#691),#368,.T.);
#5572=ADVANCED_FACE('',(#692),#163,.F.);
#5573=ADVANCED_FACE('',(#693),#28,.F.);
#5574=ADVANCED_FACE('',(#694),#164,.F.);
#5575=ADVANCED_FACE('',(#695),#29,.F.);
#5576=ADVANCED_FACE('',(#696),#165,.F.);
#5577=ADVANCED_FACE('',(#697),#30,.F.);
#5578=ADVANCED_FACE('',(#698),#31,.F.);
#5579=ADVANCED_FACE('',(#699),#437,.T.);
#5580=ADVANCED_FACE('',(#700),#166,.F.);
#5581=ADVANCED_FACE('',(#701),#167,.T.);
#5582=ADVANCED_FACE('',(#702),#168,.F.);
#5583=ADVANCED_FACE('',(#703),#438,.F.);
#5584=ADVANCED_FACE('',(#704,#56,#57),#439,.T.);
#5585=ADVANCED_FACE('',(#705),#81,.F.);
#5586=ADVANCED_FACE('',(#706),#19,.T.);
#5587=ADVANCED_FACE('',(#707),#82,.F.);
#5588=ADVANCED_FACE('',(#708),#20,.T.);
#5589=ADVANCED_FACE('',(#709),#169,.F.);
#5590=ADVANCED_FACE('',(#710),#83,.F.);
#5591=ADVANCED_FACE('',(#711),#84,.F.);
#5592=ADVANCED_FACE('',(#712),#21,.T.);
#5593=ADVANCED_FACE('',(#713),#170,.F.);
#5594=ADVANCED_FACE('',(#714,#58),#440,.T.);
#5595=ADVANCED_FACE('',(#715),#171,.F.);
#5596=ADVANCED_FACE('',(#716),#172,.F.);
#5597=ADVANCED_FACE('',(#717),#173,.F.);
#5598=ADVANCED_FACE('',(#718),#441,.T.);
#5599=ADVANCED_FACE('',(#719),#174,.F.);
#5600=ADVANCED_FACE('',(#720),#85,.F.);
#5601=ADVANCED_FACE('',(#721),#5345,.T.);
#5602=ADVANCED_FACE('',(#722),#22,.T.);
#5603=ADVANCED_FACE('',(#723),#175,.F.);
#5604=ADVANCED_FACE('',(#724),#176,.F.);
#5605=ADVANCED_FACE('',(#725),#442,.T.);
#5606=ADVANCED_FACE('',(#726),#177,.F.);
#5607=ADVANCED_FACE('',(#727),#178,.T.);
#5608=ADVANCED_FACE('',(#728),#179,.F.);
#5609=ADVANCED_FACE('',(#729),#180,.F.);
#5610=ADVANCED_FACE('',(#730),#181,.F.);
#5611=ADVANCED_FACE('',(#731),#443,.F.);
#5612=ADVANCED_FACE('',(#732),#182,.T.);
#5613=ADVANCED_FACE('',(#733),#183,.F.);
#5614=ADVANCED_FACE('',(#734),#444,.T.);
#5615=ADVANCED_FACE('',(#735),#184,.F.);
#5616=ADVANCED_FACE('',(#736),#185,.F.);
#5617=ADVANCED_FACE('',(#737),#445,.F.);
#5618=ADVANCED_FACE('',(#738),#446,.T.);
#5619=ADVANCED_FACE('',(#739),#186,.F.);
#5620=ADVANCED_FACE('',(#740),#187,.F.);
#5621=ADVANCED_FACE('',(#741),#447,.T.);
#5622=ADVANCED_FACE('',(#742),#188,.F.);
#5623=ADVANCED_FACE('',(#743),#189,.T.);
#5624=ADVANCED_FACE('',(#744,#59,#60,#61,#62,#63,#64),#448,.T.);
#5625=ADVANCED_FACE('',(#745),#190,.T.);
#5626=ADVANCED_FACE('',(#746),#191,.T.);
#5627=ADVANCED_FACE('',(#747),#449,.F.);
#5628=ADVANCED_FACE('',(#748),#192,.F.);
#5629=ADVANCED_FACE('',(#749),#193,.F.);
#5630=ADVANCED_FACE('',(#750),#194,.F.);
#5631=ADVANCED_FACE('',(#751),#195,.F.);
#5632=ADVANCED_FACE('',(#752),#196,.T.);
#5633=ADVANCED_FACE('',(#753),#197,.F.);
#5634=ADVANCED_FACE('',(#754),#450,.T.);
#5635=ADVANCED_FACE('',(#755),#198,.F.);
#5636=ADVANCED_FACE('',(#756),#86,.F.);
#5637=ADVANCED_FACE('',(#757),#32,.F.);
#5638=ADVANCED_FACE('',(#758),#199,.F.);
#5639=ADVANCED_FACE('',(#759),#369,.T.);
#5640=ADVANCED_FACE('',(#760),#370,.T.);
#5641=ADVANCED_FACE('',(#761),#200,.F.);
#5642=ADVANCED_FACE('',(#762),#201,.F.);
#5643=ADVANCED_FACE('',(#763),#371,.T.);
#5644=ADVANCED_FACE('',(#764),#202,.T.);
#5645=ADVANCED_FACE('',(#765),#451,.T.);
#5646=ADVANCED_FACE('',(#766),#452,.T.);
#5647=ADVANCED_FACE('',(#767),#203,.F.);
#5648=ADVANCED_FACE('',(#768),#453,.T.);
#5649=ADVANCED_FACE('',(#769),#204,.F.);
#5650=ADVANCED_FACE('',(#770),#205,.F.);
#5651=ADVANCED_FACE('',(#771),#454,.T.);
#5652=ADVANCED_FACE('',(#772),#206,.F.);
#5653=ADVANCED_FACE('',(#773),#207,.F.);
#5654=ADVANCED_FACE('',(#774),#208,.F.);
#5655=ADVANCED_FACE('',(#775,#65),#455,.T.);
#5656=ADVANCED_FACE('',(#776),#209,.T.);
#5657=ADVANCED_FACE('',(#777,#66,#67,#68,#69,#70,#71,#72),#456,.T.);
#5658=ADVANCED_FACE('',(#778),#210,.F.);
#5659=ADVANCED_FACE('',(#779),#211,.F.);
#5660=ADVANCED_FACE('',(#780),#212,.F.);
#5661=ADVANCED_FACE('',(#781),#213,.F.);
#5662=ADVANCED_FACE('',(#782),#214,.F.);
#5663=ADVANCED_FACE('',(#783),#215,.F.);
#5664=ADVANCED_FACE('',(#784),#457,.T.);
#5665=ADVANCED_FACE('',(#785),#458,.T.);
#5666=ADVANCED_FACE('',(#786),#459,.T.);
#5667=ADVANCED_FACE('',(#787),#460,.F.);
#5668=ADVANCED_FACE('',(#788),#216,.F.);
#5669=ADVANCED_FACE('',(#789),#461,.T.);
#5670=ADVANCED_FACE('',(#790),#217,.T.);
#5671=ADVANCED_FACE('',(#791),#462,.T.);
#5672=ADVANCED_FACE('',(#792),#218,.F.);
#5673=ADVANCED_FACE('',(#793),#219,.T.);
#5674=ADVANCED_FACE('',(#794),#463,.T.);
#5675=ADVANCED_FACE('',(#795),#464,.T.);
#5676=ADVANCED_FACE('',(#796),#220,.F.);
#5677=ADVANCED_FACE('',(#797,#73),#465,.T.);
#5678=ADVANCED_FACE('',(#798),#221,.F.);
#5679=CLOSED_SHELL('',(#5346,#5347,#5348,#5349,#5350,#5351,#5352,#5353,
#5354,#5355,#5356,#5357,#5358,#5359,#5360,#5361,#5362,#5363,#5364,#5365,
#5366,#5367,#5368,#5369,#5370,#5371,#5372,#5373,#5374,#5375,#5376,#5377,
#5378,#5379,#5380,#5381,#5382,#5383,#5384,#5385,#5386,#5387,#5388,#5389,
#5390,#5391,#5392,#5393,#5394,#5395,#5396,#5397,#5398,#5399,#5400,#5401,
#5402,#5403,#5404,#5405,#5406,#5407,#5408,#5409,#5410,#5411,#5412,#5413,
#5414,#5415,#5416,#5417,#5418,#5419,#5420,#5421,#5422,#5423,#5424,#5425,
#5426,#5427,#5428,#5429,#5430,#5431,#5432,#5433,#5434,#5435,#5436,#5437,
#5438,#5439,#5440,#5441,#5442,#5443,#5444,#5445,#5446,#5447,#5448,#5449,
#5450,#5451,#5452,#5453,#5454,#5455,#5456,#5457,#5458,#5459,#5460,#5461,
#5462,#5463,#5464,#5465,#5466,#5467,#5468,#5469,#5470,#5471,#5472,#5473,
#5474,#5475,#5476,#5477,#5478,#5479,#5480,#5481,#5482,#5483,#5484,#5485,
#5486,#5487,#5488,#5489,#5490,#5491,#5492,#5493,#5494,#5495,#5496,#5497,
#5498,#5499,#5500,#5501,#5502,#5503,#5504,#5505,#5506,#5507,#5508,#5509,
#5510,#5511,#5512,#5513,#5514,#5515,#5516,#5517,#5518,#5519,#5520,#5521,
#5522,#5523,#5524,#5525,#5526,#5527,#5528,#5529,#5530,#5531,#5532,#5533,
#5534,#5535,#5536,#5537,#5538,#5539,#5540,#5541,#5542,#5543,#5544,#5545,
#5546,#5547,#5548,#5549,#5550,#5551,#5552,#5553,#5554,#5555,#5556,#5557,
#5558,#5559,#5560,#5561,#5562,#5563,#5564,#5565,#5566,#5567,#5568,#5569,
#5570,#5571,#5572,#5573,#5574,#5575,#5576,#5577,#5578,#5579,#5580,#5581,
#5582,#5583,#5584,#5585,#5586,#5587,#5588,#5589,#5590,#5591,#5592,#5593,
#5594,#5595,#5596,#5597,#5598,#5599,#5600,#5601,#5602,#5603,#5604,#5605,
#5606,#5607,#5608,#5609,#5610,#5611,#5612,#5613,#5614,#5615,#5616,#5617,
#5618,#5619,#5620,#5621,#5622,#5623,#5624,#5625,#5626,#5627,#5628,#5629,
#5630,#5631,#5632,#5633,#5634,#5635,#5636,#5637,#5638,#5639,#5640,#5641,
#5642,#5643,#5644,#5645,#5646,#5647,#5648,#5649,#5650,#5651,#5652,#5653,
#5654,#5655,#5656,#5657,#5658,#5659,#5660,#5661,#5662,#5663,#5664,#5665,
#5666,#5667,#5668,#5669,#5670,#5671,#5672,#5673,#5674,#5675,#5676,#5677,
#5678));
#5680=DERIVED_UNIT_ELEMENT(#5682,1.);
#5681=DERIVED_UNIT_ELEMENT(#11144,-3.);
#5682=(
MASS_UNIT()
NAMED_UNIT(*)
SI_UNIT(.KILO.,.GRAM.)
);
#5683=DERIVED_UNIT((#5680,#5681));
#5684=MEASURE_REPRESENTATION_ITEM('density measure',
POSITIVE_RATIO_MEASURE(7850.),#5683);
#5685=PROPERTY_DEFINITION_REPRESENTATION(#5690,#5687);
#5686=PROPERTY_DEFINITION_REPRESENTATION(#5691,#5688);
#5687=REPRESENTATION('material name',(#5689),#11141);
#5688=REPRESENTATION('density',(#5684),#11141);
#5689=DESCRIPTIVE_REPRESENTATION_ITEM('Steel','Steel');
#5690=PROPERTY_DEFINITION('material property','material name',#11151);
#5691=PROPERTY_DEFINITION('material property','density of part',#11151);
#5692=AXIS2_PLACEMENT_3D('',#8023,#6336,#6337);
#5693=AXIS2_PLACEMENT_3D('',#8024,#6338,#6339);
#5694=AXIS2_PLACEMENT_3D('',#8029,#6341,#6342);
#5695=AXIS2_PLACEMENT_3D('',#8032,#6344,#6345);
#5696=AXIS2_PLACEMENT_3D('',#8033,#6346,#6347);
#5697=AXIS2_PLACEMENT_3D('',#8037,#6349,#6350);
#5698=AXIS2_PLACEMENT_3D('',#8038,#6351,#6352);
#5699=AXIS2_PLACEMENT_3D('',#8039,#6353,#6354);
#5700=AXIS2_PLACEMENT_3D('',#8041,#6355,#6356);
#5701=AXIS2_PLACEMENT_3D('',#8044,#6358,#6359);
#5702=AXIS2_PLACEMENT_3D('',#8045,#6360,#6361);
#5703=AXIS2_PLACEMENT_3D('',#8049,#6363,#6364);
#5704=AXIS2_PLACEMENT_3D('',#8050,#6365,#6366);
#5705=AXIS2_PLACEMENT_3D('',#8051,#6367,#6368);
#5706=AXIS2_PLACEMENT_3D('',#8053,#6369,#6370);
#5707=AXIS2_PLACEMENT_3D('',#8056,#6372,#6373);
#5708=AXIS2_PLACEMENT_3D('',#8057,#6374,#6375);
#5709=AXIS2_PLACEMENT_3D('',#8061,#6377,#6378);
#5710=AXIS2_PLACEMENT_3D('',#8062,#6379,#6380);
#5711=AXIS2_PLACEMENT_3D('',#8063,#6381,#6382);
#5712=AXIS2_PLACEMENT_3D('',#8141,#6388,#6389);
#5713=AXIS2_PLACEMENT_3D('',#8228,#6394,#6395);
#5714=AXIS2_PLACEMENT_3D('',#8233,#6397,#6398);
#5715=AXIS2_PLACEMENT_3D('',#8236,#6400,#6401);
#5716=AXIS2_PLACEMENT_3D('',#8315,#6404,#6405);
#5717=AXIS2_PLACEMENT_3D('',#8426,#6410,#6411);
#5718=AXIS2_PLACEMENT_3D('',#8435,#6416,#6417);
#5719=AXIS2_PLACEMENT_3D('',#8439,#6419,#6420);
#5720=AXIS2_PLACEMENT_3D('',#8440,#6421,#6422);
#5721=AXIS2_PLACEMENT_3D('',#8441,#6423,#6424);
#5722=AXIS2_PLACEMENT_3D('',#8443,#6425,#6426);
#5723=AXIS2_PLACEMENT_3D('',#8446,#6428,#6429);
#5724=AXIS2_PLACEMENT_3D('',#8447,#6430,#6431);
#5725=AXIS2_PLACEMENT_3D('',#8451,#6433,#6434);
#5726=AXIS2_PLACEMENT_3D('',#8452,#6435,#6436);
#5727=AXIS2_PLACEMENT_3D('',#8537,#6439,#6440);
#5728=AXIS2_PLACEMENT_3D('',#8696,#6447,#6448);
#5729=AXIS2_PLACEMENT_3D('',#8701,#6450,#6451);
#5730=AXIS2_PLACEMENT_3D('',#8704,#6453,#6454);
#5731=AXIS2_PLACEMENT_3D('',#8705,#6455,#6456);
#5732=AXIS2_PLACEMENT_3D('',#8711,#6460,#6461);
#5733=AXIS2_PLACEMENT_3D('',#8713,#6462,#6463);
#5734=AXIS2_PLACEMENT_3D('',#8716,#6465,#6466);
#5735=AXIS2_PLACEMENT_3D('',#8717,#6467,#6468);
#5736=AXIS2_PLACEMENT_3D('',#8720,#6469,#6470);
#5737=AXIS2_PLACEMENT_3D('',#8747,#6473,#6474);
#5738=AXIS2_PLACEMENT_3D('',#8751,#6476,#6477);
#5739=AXIS2_PLACEMENT_3D('',#8753,#6479,#6480);
#5740=AXIS2_PLACEMENT_3D('',#8755,#6481,#6482);
#5741=AXIS2_PLACEMENT_3D('',#8757,#6484,#6485);
#5742=AXIS2_PLACEMENT_3D('',#8759,#6486,#6487);
#5743=AXIS2_PLACEMENT_3D('',#8761,#6488,#6489);
#5744=AXIS2_PLACEMENT_3D('',#8762,#6490,#6491);
#5745=AXIS2_PLACEMENT_3D('',#8763,#6492,#6493);
#5746=AXIS2_PLACEMENT_3D('',#8765,#6494,#6495);
#5747=AXIS2_PLACEMENT_3D('',#8768,#6497,#6498);
#5748=AXIS2_PLACEMENT_3D('',#8769,#6499,#6500);
#5749=AXIS2_PLACEMENT_3D('',#8771,#6501,#6502);
#5750=AXIS2_PLACEMENT_3D('',#8773,#6504,#6505);
#5751=AXIS2_PLACEMENT_3D('',#8779,#6508,#6509);
#5752=AXIS2_PLACEMENT_3D('',#8783,#6511,#6512);
#5753=AXIS2_PLACEMENT_3D('',#8802,#6522,#6523);
#5754=AXIS2_PLACEMENT_3D('',#8803,#6524,#6525);
#5755=AXIS2_PLACEMENT_3D('',#8807,#6527,#6528);
#5756=AXIS2_PLACEMENT_3D('',#8809,#6530,#6531);
#5757=AXIS2_PLACEMENT_3D('',#8811,#6532,#6533);
#5758=AXIS2_PLACEMENT_3D('',#8819,#6535,#6536);
#5759=AXIS2_PLACEMENT_3D('',#8820,#6537,#6538);
#5760=AXIS2_PLACEMENT_3D('',#8823,#6540,#6541);
#5761=AXIS2_PLACEMENT_3D('',#8824,#6542,#6543);
#5762=AXIS2_PLACEMENT_3D('',#8827,#6545,#6546);
#5763=AXIS2_PLACEMENT_3D('',#8828,#6547,#6548);
#5764=AXIS2_PLACEMENT_3D('',#8831,#6550,#6551);
#5765=AXIS2_PLACEMENT_3D('',#8832,#6552,#6553);
#5766=AXIS2_PLACEMENT_3D('',#8835,#6554,#6555);
#5767=AXIS2_PLACEMENT_3D('',#8839,#6557,#6558);
#5768=AXIS2_PLACEMENT_3D('',#8841,#6560,#6561);
#5769=AXIS2_PLACEMENT_3D('',#8843,#6562,#6563);
#5770=AXIS2_PLACEMENT_3D('',#8846,#6566,#6567);
#5771=AXIS2_PLACEMENT_3D('',#8848,#6568,#6569);
#5772=AXIS2_PLACEMENT_3D('',#8850,#6571,#6572);
#5773=AXIS2_PLACEMENT_3D('',#8856,#6576,#6577);
#5774=AXIS2_PLACEMENT_3D('',#8860,#6580,#6581);
#5775=AXIS2_PLACEMENT_3D('',#8863,#6583,#6584);
#5776=AXIS2_PLACEMENT_3D('',#8864,#6585,#6586);
#5777=AXIS2_PLACEMENT_3D('',#8868,#6589,#6590);
#5778=AXIS2_PLACEMENT_3D('',#8871,#6592,#6593);
#5779=AXIS2_PLACEMENT_3D('',#8872,#6594,#6595);
#5780=AXIS2_PLACEMENT_3D('',#8876,#6598,#6599);
#5781=AXIS2_PLACEMENT_3D('',#8880,#6601,#6602);
#5782=AXIS2_PLACEMENT_3D('',#8881,#6603,#6604);
#5783=AXIS2_PLACEMENT_3D('',#8882,#6605,#6606);
#5784=AXIS2_PLACEMENT_3D('',#8886,#6609,#6610);
#5785=AXIS2_PLACEMENT_3D('',#8910,#6612,#6613);
#5786=AXIS2_PLACEMENT_3D('',#8912,#6614,#6615);
#5787=AXIS2_PLACEMENT_3D('',#8914,#6616,#6617);
#5788=AXIS2_PLACEMENT_3D('',#8915,#6618,#6619);
#5789=AXIS2_PLACEMENT_3D('',#8916,#6620,#6621);
#5790=AXIS2_PLACEMENT_3D('',#8919,#6622,#6623);
#5791=AXIS2_PLACEMENT_3D('',#8949,#6626,#6627);
#5792=AXIS2_PLACEMENT_3D('',#8950,#6628,#6629);
#5793=AXIS2_PLACEMENT_3D('',#8951,#6630,#6631);
#5794=AXIS2_PLACEMENT_3D('',#8952,#6632,#6633);
#5795=AXIS2_PLACEMENT_3D('',#8954,#6634,#6635);
#5796=AXIS2_PLACEMENT_3D('',#8958,#6637,#6638);
#5797=AXIS2_PLACEMENT_3D('',#8960,#6640,#6641);
#5798=AXIS2_PLACEMENT_3D('',#8961,#6642,#6643);
#5799=AXIS2_PLACEMENT_3D('',#8962,#6644,#6645);
#5800=AXIS2_PLACEMENT_3D('',#8964,#6646,#6647);
#5801=AXIS2_PLACEMENT_3D('',#8968,#6649,#6650);
#5802=AXIS2_PLACEMENT_3D('',#8970,#6652,#6653);
#5803=AXIS2_PLACEMENT_3D('',#8971,#6654,#6655);
#5804=AXIS2_PLACEMENT_3D('',#8972,#6656,#6657);
#5805=AXIS2_PLACEMENT_3D('',#8974,#6658,#6659);
#5806=AXIS2_PLACEMENT_3D('',#8977,#6661,#6662);
#5807=AXIS2_PLACEMENT_3D('',#8979,#6664,#6665);
#5808=AXIS2_PLACEMENT_3D('',#8980,#6666,#6667);
#5809=AXIS2_PLACEMENT_3D('',#8981,#6668,#6669);
#5810=AXIS2_PLACEMENT_3D('',#8982,#6670,#6671);
#5811=AXIS2_PLACEMENT_3D('',#8983,#6672,#6673);
#5812=AXIS2_PLACEMENT_3D('',#8989,#6677,#6678);
#5813=AXIS2_PLACEMENT_3D('',#8991,#6679,#6680);
#5814=AXIS2_PLACEMENT_3D('',#8993,#6682,#6683);
#5815=AXIS2_PLACEMENT_3D('',#8995,#6684,#6685);
#5816=AXIS2_PLACEMENT_3D('',#8997,#6687,#6688);
#5817=AXIS2_PLACEMENT_3D('',#8999,#6689,#6690);
#5818=AXIS2_PLACEMENT_3D('',#9008,#6692,#6693);
#5819=AXIS2_PLACEMENT_3D('',#9010,#6694,#6695);
#5820=AXIS2_PLACEMENT_3D('',#9014,#6698,#6699);
#5821=AXIS2_PLACEMENT_3D('',#9016,#6700,#6701);
#5822=AXIS2_PLACEMENT_3D('',#9018,#6702,#6703);
#5823=AXIS2_PLACEMENT_3D('',#9019,#6704,#6705);
#5824=AXIS2_PLACEMENT_3D('',#9022,#6706,#6707);
#5825=AXIS2_PLACEMENT_3D('',#9024,#6708,#6709);
#5826=AXIS2_PLACEMENT_3D('',#9026,#6710,#6711);
#5827=AXIS2_PLACEMENT_3D('',#9027,#6712,#6713);
#5828=AXIS2_PLACEMENT_3D('',#9039,#6714,#6715);
#5829=AXIS2_PLACEMENT_3D('',#9040,#6716,#6717);
#5830=AXIS2_PLACEMENT_3D('',#9041,#6718,#6719);
#5831=AXIS2_PLACEMENT_3D('',#9042,#6720,#6721);
#5832=AXIS2_PLACEMENT_3D('',#9045,#6722,#6723);
#5833=AXIS2_PLACEMENT_3D('',#9046,#6724,#6725);
#5834=AXIS2_PLACEMENT_3D('',#9047,#6726,#6727);
#5835=AXIS2_PLACEMENT_3D('',#9059,#6728,#6729);
#5836=AXIS2_PLACEMENT_3D('',#9060,#6730,#6731);
#5837=AXIS2_PLACEMENT_3D('',#9061,#6732,#6733);
#5838=AXIS2_PLACEMENT_3D('',#9062,#6734,#6735);
#5839=AXIS2_PLACEMENT_3D('',#9065,#6736,#6737);
#5840=AXIS2_PLACEMENT_3D('',#9068,#6740,#6741);
#5841=AXIS2_PLACEMENT_3D('',#9071,#6742,#6743);
#5842=AXIS2_PLACEMENT_3D('',#9072,#6744,#6745);
#5843=AXIS2_PLACEMENT_3D('',#9073,#6746,#6747);
#5844=AXIS2_PLACEMENT_3D('',#9085,#6748,#6749);
#5845=AXIS2_PLACEMENT_3D('',#9086,#6750,#6751);
#5846=AXIS2_PLACEMENT_3D('',#9087,#6752,#6753);
#5847=AXIS2_PLACEMENT_3D('',#9088,#6754,#6755);
#5848=AXIS2_PLACEMENT_3D('',#9090,#6756,#6757);
#5849=AXIS2_PLACEMENT_3D('',#9105,#6759,#6760);
#5850=AXIS2_PLACEMENT_3D('',#9107,#6762,#6763);
#5851=AXIS2_PLACEMENT_3D('',#9122,#6766,#6767);
#5852=AXIS2_PLACEMENT_3D('',#9124,#6769,#6770);
#5853=AXIS2_PLACEMENT_3D('',#9125,#6771,#6772);
#5854=AXIS2_PLACEMENT_3D('',#9136,#6774,#6775);
#5855=AXIS2_PLACEMENT_3D('',#9137,#6776,#6777);
#5856=AXIS2_PLACEMENT_3D('',#9139,#6779,#6780);
#5857=AXIS2_PLACEMENT_3D('',#9142,#6781,#6782);
#5858=AXIS2_PLACEMENT_3D('',#9146,#6784,#6785);
#5859=AXIS2_PLACEMENT_3D('',#9148,#6787,#6788);
#5860=AXIS2_PLACEMENT_3D('',#9154,#6792,#6793);
#5861=AXIS2_PLACEMENT_3D('',#9156,#6794,#6795);
#5862=AXIS2_PLACEMENT_3D('',#9158,#6796,#6797);
#5863=AXIS2_PLACEMENT_3D('',#9160,#6799,#6800);
#5864=AXIS2_PLACEMENT_3D('',#9163,#6801,#6802);
#5865=AXIS2_PLACEMENT_3D('',#9167,#6804,#6805);
#5866=AXIS2_PLACEMENT_3D('',#9169,#6807,#6808);
#5867=AXIS2_PLACEMENT_3D('',#9171,#6809,#6810);
#5868=AXIS2_PLACEMENT_3D('',#9174,#6812,#6813);
#5869=AXIS2_PLACEMENT_3D('',#9175,#6814,#6815);
#5870=AXIS2_PLACEMENT_3D('',#9178,#6816,#6817);
#5871=AXIS2_PLACEMENT_3D('',#9182,#6819,#6820);
#5872=AXIS2_PLACEMENT_3D('',#9184,#6822,#6823);
#5873=AXIS2_PLACEMENT_3D('',#9186,#6824,#6825);
#5874=AXIS2_PLACEMENT_3D('',#9190,#6827,#6828);
#5875=AXIS2_PLACEMENT_3D('',#9191,#6829,#6830);
#5876=AXIS2_PLACEMENT_3D('',#9193,#6832,#6833);
#5877=AXIS2_PLACEMENT_3D('',#9196,#6835,#6836);
#5878=AXIS2_PLACEMENT_3D('',#9197,#6837,#6838);
#5879=AXIS2_PLACEMENT_3D('',#9199,#6839,#6840);
#5880=AXIS2_PLACEMENT_3D('',#9201,#6842,#6843);
#5881=AXIS2_PLACEMENT_3D('',#9205,#6846,#6847);
#5882=AXIS2_PLACEMENT_3D('',#9206,#6848,#6849);
#5883=AXIS2_PLACEMENT_3D('',#9207,#6850,#6851);
#5884=AXIS2_PLACEMENT_3D('',#9210,#6852,#6853);
#5885=AXIS2_PLACEMENT_3D('',#9214,#6855,#6856);
#5886=AXIS2_PLACEMENT_3D('',#9216,#6858,#6859);
#5887=AXIS2_PLACEMENT_3D('',#9218,#6860,#6861);
#5888=AXIS2_PLACEMENT_3D('',#9220,#6862,#6863);
#5889=AXIS2_PLACEMENT_3D('',#9224,#6865,#6866);
#5890=AXIS2_PLACEMENT_3D('',#9226,#6867,#6868);
#5891=AXIS2_PLACEMENT_3D('',#9228,#6869,#6870);
#5892=AXIS2_PLACEMENT_3D('',#9230,#6872,#6873);
#5893=AXIS2_PLACEMENT_3D('',#9234,#6876,#6877);
#5894=AXIS2_PLACEMENT_3D('',#9237,#6879,#6880);
#5895=AXIS2_PLACEMENT_3D('',#9238,#6881,#6882);
#5896=AXIS2_PLACEMENT_3D('',#9242,#6884,#6885);
#5897=AXIS2_PLACEMENT_3D('',#9244,#6887,#6888);
#5898=AXIS2_PLACEMENT_3D('',#9248,#6891,#6892);
#5899=AXIS2_PLACEMENT_3D('',#9251,#6894,#6895);
#5900=AXIS2_PLACEMENT_3D('',#9252,#6896,#6897);
#5901=AXIS2_PLACEMENT_3D('',#9255,#6898,#6899);
#5902=AXIS2_PLACEMENT_3D('',#9258,#6902,#6903);
#5903=AXIS2_PLACEMENT_3D('',#9260,#6904,#6905);
#5904=AXIS2_PLACEMENT_3D('',#9262,#6907,#6908);
#5905=AXIS2_PLACEMENT_3D('',#9266,#6911,#6912);
#5906=AXIS2_PLACEMENT_3D('',#9268,#6913,#6914);
#5907=AXIS2_PLACEMENT_3D('',#9270,#6916,#6917);
#5908=AXIS2_PLACEMENT_3D('',#9274,#6919,#6920);
#5909=AXIS2_PLACEMENT_3D('',#9276,#6922,#6923);
#5910=AXIS2_PLACEMENT_3D('',#9277,#6924,#6925);
#5911=AXIS2_PLACEMENT_3D('',#9278,#6926,#6927);
#5912=AXIS2_PLACEMENT_3D('',#9282,#6929,#6930);
#5913=AXIS2_PLACEMENT_3D('',#9284,#6932,#6933);
#5914=AXIS2_PLACEMENT_3D('',#9285,#6934,#6935);
#5915=AXIS2_PLACEMENT_3D('',#9286,#6936,#6937);
#5916=AXIS2_PLACEMENT_3D('',#9289,#6939,#6940);
#5917=AXIS2_PLACEMENT_3D('',#9290,#6941,#6942);
#5918=AXIS2_PLACEMENT_3D('',#9296,#6945,#6946);
#5919=AXIS2_PLACEMENT_3D('',#9298,#6948,#6949);
#5920=AXIS2_PLACEMENT_3D('',#9308,#6951,#6952);
#5921=AXIS2_PLACEMENT_3D('',#9309,#6953,#6954);
#5922=AXIS2_PLACEMENT_3D('',#9310,#6955,#6956);
#5923=AXIS2_PLACEMENT_3D('',#9311,#6957,#6958);
#5924=AXIS2_PLACEMENT_3D('',#9314,#6959,#6960);
#5925=AXIS2_PLACEMENT_3D('',#9316,#6961,#6962);
#5926=AXIS2_PLACEMENT_3D('',#9317,#6963,#6964);
#5927=AXIS2_PLACEMENT_3D('',#9318,#6965,#6966);
#5928=AXIS2_PLACEMENT_3D('',#9342,#6969,#6970);
#5929=AXIS2_PLACEMENT_3D('',#9349,#6971,#6972);
#5930=AXIS2_PLACEMENT_3D('',#9376,#6973,#6974);
#5931=AXIS2_PLACEMENT_3D('',#9377,#6975,#6976);
#5932=AXIS2_PLACEMENT_3D('',#9378,#6977,#6978);
#5933=AXIS2_PLACEMENT_3D('',#9379,#6979,#6980);
#5934=AXIS2_PLACEMENT_3D('',#9382,#6983,#6984);
#5935=AXIS2_PLACEMENT_3D('',#9392,#6985,#6986);
#5936=AXIS2_PLACEMENT_3D('',#9419,#6989,#6990);
#5937=AXIS2_PLACEMENT_3D('',#9421,#6992,#6993);
#5938=AXIS2_PLACEMENT_3D('',#9422,#6994,#6995);
#5939=AXIS2_PLACEMENT_3D('',#9424,#6997,#6998);
#5940=AXIS2_PLACEMENT_3D('',#9426,#6999,#7000);
#5941=AXIS2_PLACEMENT_3D('',#9435,#7002,#7003);
#5942=AXIS2_PLACEMENT_3D('',#9438,#7005,#7006);
#5943=AXIS2_PLACEMENT_3D('',#9439,#7007,#7008);
#5944=AXIS2_PLACEMENT_3D('',#9442,#7011,#7012);
#5945=AXIS2_PLACEMENT_3D('',#9445,#7014,#7015);
#5946=AXIS2_PLACEMENT_3D('',#9446,#7016,#7017);
#5947=AXIS2_PLACEMENT_3D('',#9449,#7019,#7020);
#5948=AXIS2_PLACEMENT_3D('',#9450,#7021,#7022);
#5949=AXIS2_PLACEMENT_3D('',#9452,#7023,#7024);
#5950=AXIS2_PLACEMENT_3D('',#9465,#7026,#7027);
#5951=AXIS2_PLACEMENT_3D('',#9474,#7028,#7029);
#5952=AXIS2_PLACEMENT_3D('',#9476,#7030,#7031);
#5953=AXIS2_PLACEMENT_3D('',#9477,#7032,#7033);
#5954=AXIS2_PLACEMENT_3D('',#9479,#7034,#7035);
#5955=AXIS2_PLACEMENT_3D('',#9481,#7037,#7038);
#5956=AXIS2_PLACEMENT_3D('',#9483,#7039,#7040);
#5957=AXIS2_PLACEMENT_3D('',#9485,#7042,#7043);
#5958=AXIS2_PLACEMENT_3D('',#9487,#7044,#7045);
#5959=AXIS2_PLACEMENT_3D('',#9490,#7047,#7048);
#5960=AXIS2_PLACEMENT_3D('',#9491,#7049,#7050);
#5961=AXIS2_PLACEMENT_3D('',#9493,#7051,#7052);
#5962=AXIS2_PLACEMENT_3D('',#9496,#7054,#7055);
#5963=AXIS2_PLACEMENT_3D('',#9497,#7056,#7057);
#5964=AXIS2_PLACEMENT_3D('',#9499,#7058,#7059);
#5965=AXIS2_PLACEMENT_3D('',#9501,#7061,#7062);
#5966=AXIS2_PLACEMENT_3D('',#9503,#7063,#7064);
#5967=AXIS2_PLACEMENT_3D('',#9506,#7066,#7067);
#5968=AXIS2_PLACEMENT_3D('',#9507,#7068,#7069);
#5969=AXIS2_PLACEMENT_3D('',#9509,#7070,#7071);
#5970=AXIS2_PLACEMENT_3D('',#9512,#7073,#7074);
#5971=AXIS2_PLACEMENT_3D('',#9513,#7075,#7076);
#5972=AXIS2_PLACEMENT_3D('',#9515,#7078,#7079);
#5973=AXIS2_PLACEMENT_3D('',#9517,#7081,#7082);
#5974=AXIS2_PLACEMENT_3D('',#9519,#7084,#7085);
#5975=AXIS2_PLACEMENT_3D('',#9520,#7086,#7087);
#5976=AXIS2_PLACEMENT_3D('',#9521,#7088,#7089);
#5977=AXIS2_PLACEMENT_3D('',#9523,#7091,#7092);
#5978=AXIS2_PLACEMENT_3D('',#9524,#7093,#7094);
#5979=AXIS2_PLACEMENT_3D('',#9525,#7095,#7096);
#5980=AXIS2_PLACEMENT_3D('',#9528,#7098,#7099);
#5981=AXIS2_PLACEMENT_3D('',#9529,#7100,#7101);
#5982=AXIS2_PLACEMENT_3D('',#9533,#7104,#7105);
#5983=AXIS2_PLACEMENT_3D('',#9535,#7106,#7107);
#5984=AXIS2_PLACEMENT_3D('',#9538,#7109,#7110);
#5985=AXIS2_PLACEMENT_3D('',#9539,#7111,#7112);
#5986=AXIS2_PLACEMENT_3D('',#9541,#7113,#7114);
#5987=AXIS2_PLACEMENT_3D('',#9542,#7115,#7116);
#5988=AXIS2_PLACEMENT_3D('',#9544,#7117,#7118);
#5989=AXIS2_PLACEMENT_3D('',#9546,#7120,#7121);
#5990=AXIS2_PLACEMENT_3D('',#9548,#7122,#7123);
#5991=AXIS2_PLACEMENT_3D('',#9551,#7125,#7126);
#5992=AXIS2_PLACEMENT_3D('',#9552,#7127,#7128);
#5993=AXIS2_PLACEMENT_3D('',#9554,#7129,#7130);
#5994=AXIS2_PLACEMENT_3D('',#9557,#7132,#7133);
#5995=AXIS2_PLACEMENT_3D('',#9558,#7134,#7135);
#5996=AXIS2_PLACEMENT_3D('',#9562,#7137,#7138);
#5997=AXIS2_PLACEMENT_3D('',#9563,#7139,#7140);
#5998=AXIS2_PLACEMENT_3D('',#9564,#7141,#7142);
#5999=AXIS2_PLACEMENT_3D('',#9566,#7143,#7144);
#6000=AXIS2_PLACEMENT_3D('',#9569,#7146,#7147);
#6001=AXIS2_PLACEMENT_3D('',#9570,#7148,#7149);
#6002=AXIS2_PLACEMENT_3D('',#9574,#7151,#7152);
#6003=AXIS2_PLACEMENT_3D('',#9575,#7153,#7154);
#6004=AXIS2_PLACEMENT_3D('',#9576,#7155,#7156);
#6005=AXIS2_PLACEMENT_3D('',#9578,#7157,#7158);
#6006=AXIS2_PLACEMENT_3D('',#9581,#7160,#7161);
#6007=AXIS2_PLACEMENT_3D('',#9582,#7162,#7163);
#6008=AXIS2_PLACEMENT_3D('',#9586,#7165,#7166);
#6009=AXIS2_PLACEMENT_3D('',#9587,#7167,#7168);
#6010=AXIS2_PLACEMENT_3D('',#9588,#7169,#7170);
#6011=AXIS2_PLACEMENT_3D('',#9666,#7176,#7177);
#6012=AXIS2_PLACEMENT_3D('',#9753,#7182,#7183);
#6013=AXIS2_PLACEMENT_3D('',#9758,#7185,#7186);
#6014=AXIS2_PLACEMENT_3D('',#9761,#7188,#7189);
#6015=AXIS2_PLACEMENT_3D('',#9840,#7192,#7193);
#6016=AXIS2_PLACEMENT_3D('',#9951,#7198,#7199);
#6017=AXIS2_PLACEMENT_3D('',#9960,#7204,#7205);
#6018=AXIS2_PLACEMENT_3D('',#9964,#7207,#7208);
#6019=AXIS2_PLACEMENT_3D('',#9965,#7209,#7210);
#6020=AXIS2_PLACEMENT_3D('',#9966,#7211,#7212);
#6021=AXIS2_PLACEMENT_3D('',#9968,#7213,#7214);
#6022=AXIS2_PLACEMENT_3D('',#9971,#7216,#7217);
#6023=AXIS2_PLACEMENT_3D('',#9972,#7218,#7219);
#6024=AXIS2_PLACEMENT_3D('',#9976,#7221,#7222);
#6025=AXIS2_PLACEMENT_3D('',#9977,#7223,#7224);
#6026=AXIS2_PLACEMENT_3D('',#10062,#7227,#7228);
#6027=AXIS2_PLACEMENT_3D('',#10221,#7235,#7236);
#6028=AXIS2_PLACEMENT_3D('',#10226,#7238,#7239);
#6029=AXIS2_PLACEMENT_3D('',#10229,#7241,#7242);
#6030=AXIS2_PLACEMENT_3D('',#10230,#7243,#7244);
#6031=AXIS2_PLACEMENT_3D('',#10236,#7248,#7249);
#6032=AXIS2_PLACEMENT_3D('',#10238,#7250,#7251);
#6033=AXIS2_PLACEMENT_3D('',#10241,#7253,#7254);
#6034=AXIS2_PLACEMENT_3D('',#10242,#7255,#7256);
#6035=AXIS2_PLACEMENT_3D('',#10245,#7257,#7258);
#6036=AXIS2_PLACEMENT_3D('',#10272,#7261,#7262);
#6037=AXIS2_PLACEMENT_3D('',#10276,#7264,#7265);
#6038=AXIS2_PLACEMENT_3D('',#10278,#7267,#7268);
#6039=AXIS2_PLACEMENT_3D('',#10281,#7270,#7271);
#6040=AXIS2_PLACEMENT_3D('',#10282,#7272,#7273);
#6041=AXIS2_PLACEMENT_3D('',#10283,#7274,#7275);
#6042=AXIS2_PLACEMENT_3D('',#10284,#7276,#7277);
#6043=AXIS2_PLACEMENT_3D('',#10285,#7278,#7279);
#6044=AXIS2_PLACEMENT_3D('',#10287,#7280,#7281);
#6045=AXIS2_PLACEMENT_3D('',#10289,#7282,#7283);
#6046=AXIS2_PLACEMENT_3D('',#10290,#7284,#7285);
#6047=AXIS2_PLACEMENT_3D('',#10291,#7286,#7287);
#6048=AXIS2_PLACEMENT_3D('',#10292,#7288,#7289);
#6049=AXIS2_PLACEMENT_3D('',#10294,#7290,#7291);
#6050=AXIS2_PLACEMENT_3D('',#10297,#7293,#7294);
#6051=AXIS2_PLACEMENT_3D('',#10298,#7295,#7296);
#6052=AXIS2_PLACEMENT_3D('',#10300,#7297,#7298);
#6053=AXIS2_PLACEMENT_3D('',#10301,#7299,#7300);
#6054=AXIS2_PLACEMENT_3D('',#10302,#7301,#7302);
#6055=AXIS2_PLACEMENT_3D('',#10305,#7304,#7305);
#6056=AXIS2_PLACEMENT_3D('',#10307,#7306,#7307);
#6057=AXIS2_PLACEMENT_3D('',#10308,#7308,#7309);
#6058=AXIS2_PLACEMENT_3D('',#10311,#7311,#7312);
#6059=AXIS2_PLACEMENT_3D('',#10312,#7313,#7314);
#6060=AXIS2_PLACEMENT_3D('',#10314,#7315,#7316);
#6061=AXIS2_PLACEMENT_3D('',#10334,#7326,#7327);
#6062=AXIS2_PLACEMENT_3D('',#10338,#7329,#7330);
#6063=AXIS2_PLACEMENT_3D('',#10342,#7333,#7334);
#6064=AXIS2_PLACEMENT_3D('',#10346,#7336,#7337);
#6065=AXIS2_PLACEMENT_3D('',#10348,#7339,#7340);
#6066=AXIS2_PLACEMENT_3D('',#10350,#7341,#7342);
#6067=AXIS2_PLACEMENT_3D('',#10358,#7344,#7345);
#6068=AXIS2_PLACEMENT_3D('',#10359,#7346,#7347);
#6069=AXIS2_PLACEMENT_3D('',#10361,#7348,#7349);
#6070=AXIS2_PLACEMENT_3D('',#10363,#7351,#7352);
#6071=AXIS2_PLACEMENT_3D('',#10365,#7353,#7354);
#6072=AXIS2_PLACEMENT_3D('',#10367,#7356,#7357);
#6073=AXIS2_PLACEMENT_3D('',#10369,#7358,#7359);
#6074=AXIS2_PLACEMENT_3D('',#10371,#7361,#7362);
#6075=AXIS2_PLACEMENT_3D('',#10374,#7363,#7364);
#6076=AXIS2_PLACEMENT_3D('',#10378,#7366,#7367);
#6077=AXIS2_PLACEMENT_3D('',#10380,#7369,#7370);
#6078=AXIS2_PLACEMENT_3D('',#10382,#7371,#7372);
#6079=AXIS2_PLACEMENT_3D('',#10383,#7373,#7374);
#6080=AXIS2_PLACEMENT_3D('',#10384,#7375,#7376);
#6081=AXIS2_PLACEMENT_3D('',#10385,#7377,#7378);
#6082=AXIS2_PLACEMENT_3D('',#10388,#7381,#7382);
#6083=AXIS2_PLACEMENT_3D('',#10391,#7385,#7386);
#6084=AXIS2_PLACEMENT_3D('',#10394,#7388,#7389);
#6085=AXIS2_PLACEMENT_3D('',#10396,#7390,#7391);
#6086=AXIS2_PLACEMENT_3D('',#10397,#7392,#7393);
#6087=AXIS2_PLACEMENT_3D('',#10398,#7394,#7395);
#6088=AXIS2_PLACEMENT_3D('',#10400,#7397,#7398);
#6089=AXIS2_PLACEMENT_3D('',#10406,#7402,#7403);
#6090=AXIS2_PLACEMENT_3D('',#10409,#7406,#7407);
#6091=AXIS2_PLACEMENT_3D('',#10413,#7410,#7411);
#6092=AXIS2_PLACEMENT_3D('',#10415,#7412,#7413);
#6093=AXIS2_PLACEMENT_3D('',#10417,#7415,#7416);
#6094=AXIS2_PLACEMENT_3D('',#10421,#7419,#7420);
#6095=AXIS2_PLACEMENT_3D('',#10423,#7421,#7422);
#6096=AXIS2_PLACEMENT_3D('',#10425,#7424,#7425);
#6097=AXIS2_PLACEMENT_3D('',#10429,#7428,#7429);
#6098=AXIS2_PLACEMENT_3D('',#10432,#7431,#7432);
#6099=AXIS2_PLACEMENT_3D('',#10433,#7433,#7434);
#6100=AXIS2_PLACEMENT_3D('',#10434,#7435,#7436);
#6101=AXIS2_PLACEMENT_3D('',#10435,#7437,#7438);
#6102=AXIS2_PLACEMENT_3D('',#10436,#7439,#7440);
#6103=AXIS2_PLACEMENT_3D('',#10440,#7443,#7444);
#6104=AXIS2_PLACEMENT_3D('',#10443,#7446,#7447);
#6105=AXIS2_PLACEMENT_3D('',#10444,#7448,#7449);
#6106=AXIS2_PLACEMENT_3D('',#10467,#7453,#7454);
#6107=AXIS2_PLACEMENT_3D('',#10469,#7456,#7457);
#6108=AXIS2_PLACEMENT_3D('',#10471,#7458,#7459);
#6109=AXIS2_PLACEMENT_3D('',#10473,#7460,#7461);
#6110=AXIS2_PLACEMENT_3D('',#10474,#7462,#7463);
#6111=AXIS2_PLACEMENT_3D('',#10476,#7465,#7466);
#6112=AXIS2_PLACEMENT_3D('',#10478,#7467,#7468);
#6113=AXIS2_PLACEMENT_3D('',#10480,#7469,#7470);
#6114=AXIS2_PLACEMENT_3D('',#10481,#7471,#7472);
#6115=AXIS2_PLACEMENT_3D('',#10483,#7474,#7475);
#6116=AXIS2_PLACEMENT_3D('',#10506,#7476,#7477);
#6117=AXIS2_PLACEMENT_3D('',#10508,#7478,#7479);
#6118=AXIS2_PLACEMENT_3D('',#10510,#7480,#7481);
#6119=AXIS2_PLACEMENT_3D('',#10511,#7482,#7483);
#6120=AXIS2_PLACEMENT_3D('',#10512,#7484,#7485);
#6121=AXIS2_PLACEMENT_3D('',#10515,#7486,#7487);
#6122=AXIS2_PLACEMENT_3D('',#10545,#7490,#7491);
#6123=AXIS2_PLACEMENT_3D('',#10546,#7492,#7493);
#6124=AXIS2_PLACEMENT_3D('',#10547,#7494,#7495);
#6125=AXIS2_PLACEMENT_3D('',#10548,#7496,#7497);
#6126=AXIS2_PLACEMENT_3D('',#10550,#7498,#7499);
#6127=AXIS2_PLACEMENT_3D('',#10554,#7501,#7502);
#6128=AXIS2_PLACEMENT_3D('',#10556,#7504,#7505);
#6129=AXIS2_PLACEMENT_3D('',#10557,#7506,#7507);
#6130=AXIS2_PLACEMENT_3D('',#10558,#7508,#7509);
#6131=AXIS2_PLACEMENT_3D('',#10560,#7510,#7511);
#6132=AXIS2_PLACEMENT_3D('',#10564,#7513,#7514);
#6133=AXIS2_PLACEMENT_3D('',#10566,#7516,#7517);
#6134=AXIS2_PLACEMENT_3D('',#10567,#7518,#7519);
#6135=AXIS2_PLACEMENT_3D('',#10568,#7520,#7521);
#6136=AXIS2_PLACEMENT_3D('',#10570,#7522,#7523);
#6137=AXIS2_PLACEMENT_3D('',#10573,#7525,#7526);
#6138=AXIS2_PLACEMENT_3D('',#10575,#7528,#7529);
#6139=AXIS2_PLACEMENT_3D('',#10576,#7530,#7531);
#6140=AXIS2_PLACEMENT_3D('',#10577,#7532,#7533);
#6141=AXIS2_PLACEMENT_3D('',#10578,#7534,#7535);
#6142=AXIS2_PLACEMENT_3D('',#10579,#7536,#7537);
#6143=AXIS2_PLACEMENT_3D('',#10585,#7541,#7542);
#6144=AXIS2_PLACEMENT_3D('',#10588,#7544,#7545);
#6145=AXIS2_PLACEMENT_3D('',#10589,#7546,#7547);
#6146=AXIS2_PLACEMENT_3D('',#10592,#7549,#7550);
#6147=AXIS2_PLACEMENT_3D('',#10593,#7551,#7552);
#6148=AXIS2_PLACEMENT_3D('',#10603,#7554,#7555);
#6149=AXIS2_PLACEMENT_3D('',#10604,#7556,#7557);
#6150=AXIS2_PLACEMENT_3D('',#10609,#7560,#7561);
#6151=AXIS2_PLACEMENT_3D('',#10610,#7562,#7563);
#6152=AXIS2_PLACEMENT_3D('',#10612,#7564,#7565);
#6153=AXIS2_PLACEMENT_3D('',#10614,#7566,#7567);
#6154=AXIS2_PLACEMENT_3D('',#10615,#7568,#7569);
#6155=AXIS2_PLACEMENT_3D('',#10618,#7570,#7571);
#6156=AXIS2_PLACEMENT_3D('',#10620,#7572,#7573);
#6157=AXIS2_PLACEMENT_3D('',#10622,#7574,#7575);
#6158=AXIS2_PLACEMENT_3D('',#10623,#7576,#7577);
#6159=AXIS2_PLACEMENT_3D('',#10635,#7578,#7579);
#6160=AXIS2_PLACEMENT_3D('',#10636,#7580,#7581);
#6161=AXIS2_PLACEMENT_3D('',#10637,#7582,#7583);
#6162=AXIS2_PLACEMENT_3D('',#10638,#7584,#7585);
#6163=AXIS2_PLACEMENT_3D('',#10641,#7586,#7587);
#6164=AXIS2_PLACEMENT_3D('',#10642,#7588,#7589);
#6165=AXIS2_PLACEMENT_3D('',#10643,#7590,#7591);
#6166=AXIS2_PLACEMENT_3D('',#10655,#7592,#7593);
#6167=AXIS2_PLACEMENT_3D('',#10656,#7594,#7595);
#6168=AXIS2_PLACEMENT_3D('',#10657,#7596,#7597);
#6169=AXIS2_PLACEMENT_3D('',#10658,#7598,#7599);
#6170=AXIS2_PLACEMENT_3D('',#10661,#7600,#7601);
#6171=AXIS2_PLACEMENT_3D('',#10664,#7604,#7605);
#6172=AXIS2_PLACEMENT_3D('',#10667,#7606,#7607);
#6173=AXIS2_PLACEMENT_3D('',#10668,#7608,#7609);
#6174=AXIS2_PLACEMENT_3D('',#10669,#7610,#7611);
#6175=AXIS2_PLACEMENT_3D('',#10670,#7612,#7613);
#6176=AXIS2_PLACEMENT_3D('',#10671,#7614,#7615);
#6177=AXIS2_PLACEMENT_3D('',#10673,#7616,#7617);
#6178=AXIS2_PLACEMENT_3D('',#10675,#7618,#7619);
#6179=AXIS2_PLACEMENT_3D('',#10676,#7620,#7621);
#6180=AXIS2_PLACEMENT_3D('',#10688,#7622,#7623);
#6181=AXIS2_PLACEMENT_3D('',#10689,#7624,#7625);
#6182=AXIS2_PLACEMENT_3D('',#10690,#7626,#7627);
#6183=AXIS2_PLACEMENT_3D('',#10691,#7628,#7629);
#6184=AXIS2_PLACEMENT_3D('',#10694,#7632,#7633);
#6185=AXIS2_PLACEMENT_3D('',#10696,#7634,#7635);
#6186=AXIS2_PLACEMENT_3D('',#10697,#7636,#7637);
#6187=AXIS2_PLACEMENT_3D('',#10701,#7639,#7640);
#6188=AXIS2_PLACEMENT_3D('',#10714,#7642,#7643);
#6189=AXIS2_PLACEMENT_3D('',#10728,#7645,#7646);
#6190=AXIS2_PLACEMENT_3D('',#10729,#7647,#7648);
#6191=AXIS2_PLACEMENT_3D('',#10732,#7651,#7652);
#6192=AXIS2_PLACEMENT_3D('',#10734,#7654,#7655);
#6193=AXIS2_PLACEMENT_3D('',#10736,#7657,#7658);
#6194=AXIS2_PLACEMENT_3D('',#10739,#7659,#7660);
#6195=AXIS2_PLACEMENT_3D('',#10740,#7661,#7662);
#6196=AXIS2_PLACEMENT_3D('',#10741,#7663,#7664);
#6197=AXIS2_PLACEMENT_3D('',#10742,#7665,#7666);
#6198=AXIS2_PLACEMENT_3D('',#10753,#7668,#7669);
#6199=AXIS2_PLACEMENT_3D('',#10754,#7670,#7671);
#6200=AXIS2_PLACEMENT_3D('',#10755,#7672,#7673);
#6201=AXIS2_PLACEMENT_3D('',#10758,#7674,#7675);
#6202=AXIS2_PLACEMENT_3D('',#10762,#7677,#7678);
#6203=AXIS2_PLACEMENT_3D('',#10764,#7680,#7681);
#6204=AXIS2_PLACEMENT_3D('',#10770,#7685,#7686);
#6205=AXIS2_PLACEMENT_3D('',#10772,#7687,#7688);
#6206=AXIS2_PLACEMENT_3D('',#10775,#7690,#7691);
#6207=AXIS2_PLACEMENT_3D('',#10776,#7692,#7693);
#6208=AXIS2_PLACEMENT_3D('',#10777,#7694,#7695);
#6209=AXIS2_PLACEMENT_3D('',#10778,#7696,#7697);
#6210=AXIS2_PLACEMENT_3D('',#10779,#7698,#7699);
#6211=AXIS2_PLACEMENT_3D('',#10782,#7700,#7701);
#6212=AXIS2_PLACEMENT_3D('',#10786,#7703,#7704);
#6213=AXIS2_PLACEMENT_3D('',#10788,#7706,#7707);
#6214=AXIS2_PLACEMENT_3D('',#10790,#7708,#7709);
#6215=AXIS2_PLACEMENT_3D('',#10793,#7711,#7712);
#6216=AXIS2_PLACEMENT_3D('',#10794,#7713,#7714);
#6217=AXIS2_PLACEMENT_3D('',#10797,#7715,#7716);
#6218=AXIS2_PLACEMENT_3D('',#10801,#7718,#7719);
#6219=AXIS2_PLACEMENT_3D('',#10803,#7721,#7722);
#6220=AXIS2_PLACEMENT_3D('',#10806,#7724,#7725);
#6221=AXIS2_PLACEMENT_3D('',#10808,#7726,#7727);
#6222=AXIS2_PLACEMENT_3D('',#10811,#7729,#7730);
#6223=AXIS2_PLACEMENT_3D('',#10812,#7731,#7732);
#6224=AXIS2_PLACEMENT_3D('',#10814,#7733,#7734);
#6225=AXIS2_PLACEMENT_3D('',#10816,#7736,#7737);
#6226=AXIS2_PLACEMENT_3D('',#10819,#7739,#7740);
#6227=AXIS2_PLACEMENT_3D('',#10820,#7741,#7742);
#6228=AXIS2_PLACEMENT_3D('',#10824,#7745,#7746);
#6229=AXIS2_PLACEMENT_3D('',#10825,#7747,#7748);
#6230=AXIS2_PLACEMENT_3D('',#10826,#7749,#7750);
#6231=AXIS2_PLACEMENT_3D('',#10829,#7751,#7752);
#6232=AXIS2_PLACEMENT_3D('',#10833,#7754,#7755);
#6233=AXIS2_PLACEMENT_3D('',#10835,#7757,#7758);
#6234=AXIS2_PLACEMENT_3D('',#10839,#7760,#7761);
#6235=AXIS2_PLACEMENT_3D('',#10841,#7762,#7763);
#6236=AXIS2_PLACEMENT_3D('',#10843,#7764,#7765);
#6237=AXIS2_PLACEMENT_3D('',#10847,#7767,#7768);
#6238=AXIS2_PLACEMENT_3D('',#10848,#7769,#7770);
#6239=AXIS2_PLACEMENT_3D('',#10849,#7771,#7772);
#6240=AXIS2_PLACEMENT_3D('',#10853,#7775,#7776);
#6241=AXIS2_PLACEMENT_3D('',#10855,#7777,#7778);
#6242=AXIS2_PLACEMENT_3D('',#10857,#7780,#7781);
#6243=AXIS2_PLACEMENT_3D('',#10861,#7783,#7784);
#6244=AXIS2_PLACEMENT_3D('',#10863,#7786,#7787);
#6245=AXIS2_PLACEMENT_3D('',#10867,#7790,#7791);
#6246=AXIS2_PLACEMENT_3D('',#10869,#7792,#7793);
#6247=AXIS2_PLACEMENT_3D('',#10871,#7795,#7796);
#6248=AXIS2_PLACEMENT_3D('',#10874,#7797,#7798);
#6249=AXIS2_PLACEMENT_3D('',#10877,#7801,#7802);
#6250=AXIS2_PLACEMENT_3D('',#10880,#7804,#7805);
#6251=AXIS2_PLACEMENT_3D('',#10882,#7806,#7807);
#6252=AXIS2_PLACEMENT_3D('',#10885,#7809,#7810);
#6253=AXIS2_PLACEMENT_3D('',#10889,#7812,#7813);
#6254=AXIS2_PLACEMENT_3D('',#10891,#7814,#7815);
#6255=AXIS2_PLACEMENT_3D('',#10893,#7816,#7817);
#6256=AXIS2_PLACEMENT_3D('',#10895,#7818,#7819);
#6257=AXIS2_PLACEMENT_3D('',#10897,#7820,#7821);
#6258=AXIS2_PLACEMENT_3D('',#10903,#7825,#7826);
#6259=AXIS2_PLACEMENT_3D('',#10904,#7827,#7828);
#6260=AXIS2_PLACEMENT_3D('',#10905,#7829,#7830);
#6261=AXIS2_PLACEMENT_3D('',#10907,#7831,#7832);
#6262=AXIS2_PLACEMENT_3D('',#10909,#7833,#7834);
#6263=AXIS2_PLACEMENT_3D('',#10910,#7835,#7836);
#6264=AXIS2_PLACEMENT_3D('',#10913,#7838,#7839);
#6265=AXIS2_PLACEMENT_3D('',#10914,#7840,#7841);
#6266=AXIS2_PLACEMENT_3D('',#10916,#7843,#7844);
#6267=AXIS2_PLACEMENT_3D('',#10918,#7846,#7847);
#6268=AXIS2_PLACEMENT_3D('',#10920,#7849,#7850);
#6269=AXIS2_PLACEMENT_3D('',#10923,#7853,#7854);
#6270=AXIS2_PLACEMENT_3D('',#10924,#7855,#7856);
#6271=AXIS2_PLACEMENT_3D('',#10927,#7859,#7860);
#6272=AXIS2_PLACEMENT_3D('',#10928,#7861,#7862);
#6273=AXIS2_PLACEMENT_3D('',#10930,#7864,#7865);
#6274=AXIS2_PLACEMENT_3D('',#10934,#7868,#7869);
#6275=AXIS2_PLACEMENT_3D('',#10936,#7870,#7871);
#6276=AXIS2_PLACEMENT_3D('',#10945,#7873,#7874);
#6277=AXIS2_PLACEMENT_3D('',#10946,#7875,#7876);
#6278=AXIS2_PLACEMENT_3D('',#10947,#7877,#7878);
#6279=AXIS2_PLACEMENT_3D('',#10950,#7879,#7880);
#6280=AXIS2_PLACEMENT_3D('',#10952,#7881,#7882);
#6281=AXIS2_PLACEMENT_3D('',#10953,#7883,#7884);
#6282=AXIS2_PLACEMENT_3D('',#10954,#7885,#7886);
#6283=AXIS2_PLACEMENT_3D('',#10978,#7889,#7890);
#6284=AXIS2_PLACEMENT_3D('',#10985,#7891,#7892);
#6285=AXIS2_PLACEMENT_3D('',#11012,#7893,#7894);
#6286=AXIS2_PLACEMENT_3D('',#11013,#7895,#7896);
#6287=AXIS2_PLACEMENT_3D('',#11014,#7897,#7898);
#6288=AXIS2_PLACEMENT_3D('',#11015,#7899,#7900);
#6289=AXIS2_PLACEMENT_3D('',#11018,#7903,#7904);
#6290=AXIS2_PLACEMENT_3D('',#11030,#7907,#7908);
#6291=AXIS2_PLACEMENT_3D('',#11055,#7909,#7910);
#6292=AXIS2_PLACEMENT_3D('',#11057,#7912,#7913);
#6293=AXIS2_PLACEMENT_3D('',#11058,#7914,#7915);
#6294=AXIS2_PLACEMENT_3D('',#11060,#7917,#7918);
#6295=AXIS2_PLACEMENT_3D('',#11073,#7923,#7924);
#6296=AXIS2_PLACEMENT_3D('',#11074,#7925,#7926);
#6297=AXIS2_PLACEMENT_3D('',#11076,#7928,#7929);
#6298=AXIS2_PLACEMENT_3D('',#11077,#7930,#7931);
#6299=AXIS2_PLACEMENT_3D('',#11079,#7933,#7934);
#6300=AXIS2_PLACEMENT_3D('',#11081,#7936,#7937);
#6301=AXIS2_PLACEMENT_3D('',#11083,#7939,#7940);
#6302=AXIS2_PLACEMENT_3D('',#11085,#7942,#7943);
#6303=AXIS2_PLACEMENT_3D('',#11087,#7944,#7945);
#6304=AXIS2_PLACEMENT_3D('',#11089,#7947,#7948);
#6305=AXIS2_PLACEMENT_3D('',#11091,#7949,#7950);
#6306=AXIS2_PLACEMENT_3D('',#11092,#7951,#7952);
#6307=AXIS2_PLACEMENT_3D('',#11094,#7954,#7955);
#6308=AXIS2_PLACEMENT_3D('',#11097,#7957,#7958);
#6309=AXIS2_PLACEMENT_3D('',#11098,#7959,#7960);
#6310=AXIS2_PLACEMENT_3D('',#11100,#7961,#7962);
#6311=AXIS2_PLACEMENT_3D('',#11102,#7963,#7964);
#6312=AXIS2_PLACEMENT_3D('',#11104,#7966,#7967);
#6313=AXIS2_PLACEMENT_3D('',#11106,#7969,#7970);
#6314=AXIS2_PLACEMENT_3D('',#11108,#7972,#7973);
#6315=AXIS2_PLACEMENT_3D('',#11110,#7975,#7976);
#6316=AXIS2_PLACEMENT_3D('',#11112,#7978,#7979);
#6317=AXIS2_PLACEMENT_3D('',#11114,#7981,#7982);
#6318=AXIS2_PLACEMENT_3D('',#11116,#7984,#7985);
#6319=AXIS2_PLACEMENT_3D('',#11117,#7986,#7987);
#6320=AXIS2_PLACEMENT_3D('',#11118,#7988,#7989);
#6321=AXIS2_PLACEMENT_3D('',#11119,#7990,#7991);
#6322=AXIS2_PLACEMENT_3D('',#11120,#7992,#7993);
#6323=AXIS2_PLACEMENT_3D('',#11121,#7994,#7995);
#6324=AXIS2_PLACEMENT_3D('',#11122,#7996,#7997);
#6325=AXIS2_PLACEMENT_3D('',#11123,#7998,#7999);
#6326=AXIS2_PLACEMENT_3D('',#11124,#8000,#8001);
#6327=AXIS2_PLACEMENT_3D('',#11125,#8002,#8003);
#6328=AXIS2_PLACEMENT_3D('',#11126,#8004,#8005);
#6329=AXIS2_PLACEMENT_3D('',#11128,#8007,#8008);
#6330=AXIS2_PLACEMENT_3D('',#11129,#8009,#8010);
#6331=AXIS2_PLACEMENT_3D('',#11130,#8011,#8012);
#6332=AXIS2_PLACEMENT_3D('',#11133,#8014,#8015);
#6333=AXIS2_PLACEMENT_3D('',#11134,#8016,#8017);
#6334=AXIS2_PLACEMENT_3D('',#11136,#8018,#8019);
#6335=AXIS2_PLACEMENT_3D('',#11137,#8020,#8021);
#6336=DIRECTION('axis',(0.,0.,1.));
#6337=DIRECTION('refdir',(1.,0.,0.));
#6338=DIRECTION('center_axis',(-1.,0.,0.));
#6339=DIRECTION('ref_axis',(0.,0.978420699773776,0.206622685720117));
#6340=DIRECTION('',(-0.707106781186512,0.691847911663359,0.146104302219678));
#6341=DIRECTION('center_axis',(1.,0.,0.));
#6342=DIRECTION('ref_axis',(0.,0.978420699773776,0.206622685720117));
#6343=DIRECTION('',(-0.707106781186556,0.61878320795974,-0.342209499498539));
#6344=DIRECTION('center_axis',(-1.,0.,0.));
#6345=DIRECTION('ref_axis',(0.,0.978420699773776,0.206622685720117));
#6346=DIRECTION('center_axis',(1.,0.,0.));
#6347=DIRECTION('ref_axis',(0.,-1.,0.));
#6348=DIRECTION('',(-0.707106781186537,0.195567144750833,0.679524460114587));
#6349=DIRECTION('center_axis',(1.,0.,0.));
#6350=DIRECTION('ref_axis',(0.,-1.,0.));
#6351=DIRECTION('center_axis',(-1.,0.,0.));
#6352=DIRECTION('ref_axis',(0.,-1.,0.));
#6353=DIRECTION('center_axis',(-1.,0.,0.));
#6354=DIRECTION('ref_axis',(0.,0.594684757871595,0.803958978278869));
#6355=DIRECTION('center_axis',(1.,0.,0.));
#6356=DIRECTION('ref_axis',(0.,0.594684757871595,0.803958978278869));
#6357=DIRECTION('',(-0.707106781186525,0.592521692746968,0.385899007026838));
#6358=DIRECTION('center_axis',(-1.,0.,0.));
#6359=DIRECTION('ref_axis',(0.,0.594684757871594,0.803958978278869));
#6360=DIRECTION('center_axis',(1.,0.,0.));
#6361=DIRECTION('ref_axis',(0.,-1.,1.08314441426845E-16));
#6362=DIRECTION('',(-0.707106781186545,0.385899007026849,0.592521692746937));
#6363=DIRECTION('center_axis',(1.,0.,0.));
#6364=DIRECTION('ref_axis',(0.,-1.,1.08314441426845E-16));
#6365=DIRECTION('center_axis',(-1.,0.,0.));
#6366=DIRECTION('ref_axis',(0.,-1.,1.08314441426845E-16));
#6367=DIRECTION('center_axis',(-1.,0.,0.));
#6368=DIRECTION('ref_axis',(0.,0.545743609443652,0.837952213882996));
#6369=DIRECTION('center_axis',(1.,0.,0.));
#6370=DIRECTION('ref_axis',(0.,0.545743609443652,0.837952213882996));
#6371=DIRECTION('',(-0.707106781186524,0.679524460114598,0.195567144750845));
#6372=DIRECTION('center_axis',(-1.,0.,0.));
#6373=DIRECTION('ref_axis',(0.,0.545743609443652,0.837952213882996));
#6374=DIRECTION('center_axis',(1.,0.,0.));
#6375=DIRECTION('ref_axis',(0.,1.,0.));
#6376=DIRECTION('',(-0.707106781186587,-0.707106781186508,0.));
#6377=DIRECTION('center_axis',(1.,0.,0.));
#6378=DIRECTION('ref_axis',(0.,1.,0.));
#6379=DIRECTION('center_axis',(-1.,0.,0.));
#6380=DIRECTION('ref_axis',(0.,1.,0.));
#6381=DIRECTION('center_axis',(0.707106781186544,-0.707106781186551,0.));
#6382=DIRECTION('ref_axis',(0.,0.,-1.));
#6383=DIRECTION('',(-0.707106781186551,-0.707106781186544,0.));
#6384=DIRECTION('',(0.,0.,1.));
#6385=DIRECTION('',(0.,0.,-1.));
#6386=DIRECTION('',(0.704803635149826,0.709057505136658,0.0221199070741555));
#6387=DIRECTION('',(0.,-0.821876857236596,-0.56966519249371));
#6388=DIRECTION('center_axis',(0.,-0.569665192493711,0.821876857236596));
#6389=DIRECTION('ref_axis',(1.,0.,0.));
#6390=DIRECTION('',(0.,-0.821876857236596,-0.56966519249371));
#6391=DIRECTION('',(-1.,0.,0.));
#6392=DIRECTION('',(1.,0.,0.));
#6393=DIRECTION('',(-0.705314131102772,-0.226377675814217,-0.671777585484731));
#6394=DIRECTION('center_axis',(-1.,0.,0.));
#6395=DIRECTION('ref_axis',(0.,1.,0.));
#6396=DIRECTION('',(-0.707106781186544,0.205869507327739,-0.676474497636562));
#6397=DIRECTION('center_axis',(1.,0.,0.));
#6398=DIRECTION('ref_axis',(0.,1.,0.));
#6399=DIRECTION('',(0.707106781186547,0.205869507327771,0.676474497636549));
#6400=DIRECTION('center_axis',(-1.,0.,0.));
#6401=DIRECTION('ref_axis',(0.,1.,0.));
#6402=DIRECTION('',(0.705314131102754,-0.226377675814279,0.671777585484729));
#6403=DIRECTION('',(1.9489044429153E-14,0.821876857236618,-0.569665192493679));
#6404=DIRECTION('center_axis',(0.,0.569665192493674,0.821876857236621));
#6405=DIRECTION('ref_axis',(1.,0.,0.));
#6406=DIRECTION('',(0.,0.821876857236621,-0.569665192493674));
#6407=DIRECTION('',(1.,0.,0.));
#6408=DIRECTION('',(-1.,0.,0.));
#6409=DIRECTION('',(-0.704803635149838,0.709057505136646,-0.0221199070741404));
#6410=DIRECTION('center_axis',(0.707106781186544,0.707106781186551,1.74138765496472E-15));
#6411=DIRECTION('ref_axis',(2.46269403900021E-15,0.,-1.));
#6412=DIRECTION('',(-0.707106781186551,0.707106781186544,0.));
#6413=DIRECTION('',(0.,2.46269403900018E-15,-1.));
#6414=DIRECTION('',(0.707106781186551,-0.707106781186544,0.));
#6415=DIRECTION('',(0.,-2.46269403900018E-15,1.));
#6416=DIRECTION('center_axis',(1.,0.,0.));
#6417=DIRECTION('ref_axis',(0.,-1.,0.));
#6418=DIRECTION('',(-0.707106781186541,-0.679524460114583,0.195567144750834));
#6419=DIRECTION('center_axis',(1.,0.,0.));
#6420=DIRECTION('ref_axis',(0.,-1.,0.));
#6421=DIRECTION('center_axis',(-1.,0.,0.));
#6422=DIRECTION('ref_axis',(0.,-1.,0.));
#6423=DIRECTION('center_axis',(-1.,0.,0.));
#6424=DIRECTION('ref_axis',(0.,-0.803958978278868,0.594684757871595));
#6425=DIRECTION('center_axis',(1.,0.,0.));
#6426=DIRECTION('ref_axis',(0.,-0.803958978278868,0.594684757871595));
#6427=DIRECTION('',(-0.70710678118654,-0.385899007026815,0.592521692746965));
#6428=DIRECTION('center_axis',(-1.,0.,0.));
#6429=DIRECTION('ref_axis',(0.,-0.803958978278868,0.594684757871596));
#6430=DIRECTION('center_axis',(1.,0.,0.));
#6431=DIRECTION('ref_axis',(0.,1.,-1.08314441426845E-16));
#6432=DIRECTION('',(-0.70710678118655,-0.530126151990479,0.467938311079317));
#6433=DIRECTION('center_axis',(1.,0.,0.));
#6434=DIRECTION('ref_axis',(0.,1.,-1.08314441426845E-16));
#6435=DIRECTION('center_axis',(-1.,0.,0.));
#6436=DIRECTION('ref_axis',(0.,1.,-1.08314441426845E-16));
#6437=DIRECTION('',(0.,-0.896610601016507,-0.442819861958357));
#6438=DIRECTION('',(0.714736612953004,0.52632784321279,-0.460576351502594));
#6439=DIRECTION('center_axis',(0.,-0.442819861958357,0.896610601016507));
#6440=DIRECTION('ref_axis',(1.,0.,0.));
#6441=DIRECTION('',(0.,-0.896610601016502,-0.442819861958367));
#6442=DIRECTION('',(-1.,0.,0.));
#6443=DIRECTION('',(1.,0.,0.));
#6444=DIRECTION('',(-0.730268544410563,-0.0576714953053428,-0.680721566922721));
#6445=DIRECTION('',(-0.712764087760909,0.,-0.701403846010527));
#6446=DIRECTION('',(-0.711603588480361,0.,-0.702581193074418));
#6447=DIRECTION('center_axis',(0.,0.,1.));
#6448=DIRECTION('ref_axis',(1.,0.,0.));
#6449=DIRECTION('',(0.707094928635156,0.00410657888938716,0.707106708996789));
#6450=DIRECTION('center_axis',(0.,0.,-1.));
#6451=DIRECTION('ref_axis',(1.,0.,0.));
#6452=DIRECTION('',(-0.703702318692861,-0.0693040162348623,-0.707106781186553));
#6453=DIRECTION('center_axis',(0.,0.,1.));
#6454=DIRECTION('ref_axis',(1.,0.,0.));
#6455=DIRECTION('center_axis',(-0.703702318692867,-0.0693040162348488,0.707106781186549));
#6456=DIRECTION('ref_axis',(0.708811056368706,0.,0.70539838840862));
#6457=DIRECTION('',(-0.703702318692869,-0.0693040162348616,-0.707106781186546));
#6458=DIRECTION('',(-0.0980106796862486,0.995185362968849,0.));
#6459=DIRECTION('',(0.0980106796862486,-0.995185362968849,0.));
#6460=DIRECTION('center_axis',(0.,0.,-1.));
#6461=DIRECTION('ref_axis',(-0.740948945503755,0.67156135993435,0.));
#6462=DIRECTION('center_axis',(0.,0.,1.));
#6463=DIRECTION('ref_axis',(-0.740948945503755,0.67156135993435,0.));
#6464=DIRECTION('',(0.,0.707106781186548,-0.707106781186548));
#6465=DIRECTION('center_axis',(0.,0.,-1.));
#6466=DIRECTION('ref_axis',(-0.740948945503755,0.67156135993435,0.));
#6467=DIRECTION('center_axis',(-7.85046229341888E-16,0.707106781186548,
0.707106781186548));
#6468=DIRECTION('ref_axis',(1.,0.,1.11022302462516E-15));
#6469=DIRECTION('center_axis',(7.85046229341888E-16,-0.707106781186548,
-0.707106781186548));
#6470=DIRECTION('ref_axis',(7.11448145341086E-16,-0.707106781186547,0.707106781186547));
#6471=DIRECTION('',(1.,1.11022302462516E-15,0.));
#6472=DIRECTION('',(-1.,-1.11022302462516E-15,0.));
#6473=DIRECTION('center_axis',(1.,0.,0.));
#6474=DIRECTION('ref_axis',(0.,-0.923879532511287,-0.38268343236509));
#6475=DIRECTION('',(1.,0.,0.));
#6476=DIRECTION('center_axis',(-1.,0.,0.));
#6477=DIRECTION('ref_axis',(0.,1.,0.));
#6478=DIRECTION('',(-1.,0.,0.));
#6479=DIRECTION('center_axis',(-1.,0.,0.));
#6480=DIRECTION('ref_axis',(0.,-0.978420699773776,-0.206622685720117));
#6481=DIRECTION('center_axis',(-1.,0.,0.));
#6482=DIRECTION('ref_axis',(0.,-0.978420699773776,-0.206622685720117));
#6483=DIRECTION('',(1.,0.,0.));
#6484=DIRECTION('center_axis',(-1.,0.,0.));
#6485=DIRECTION('ref_axis',(0.,0.,-1.));
#6486=DIRECTION('center_axis',(-1.,0.,0.));
#6487=DIRECTION('ref_axis',(0.,0.51761209283032,-0.855615405048212));
#6488=DIRECTION('center_axis',(0.,-0.743589743589743,-0.668636144123349));
#6489=DIRECTION('ref_axis',(1.,0.,0.));
#6490=DIRECTION('center_axis',(1.,0.,0.));
#6491=DIRECTION('ref_axis',(0.,0.51761209283032,-0.855615405048213));
#6492=DIRECTION('center_axis',(-1.,0.,0.));
#6493=DIRECTION('ref_axis',(0.,1.,0.));
#6494=DIRECTION('center_axis',(-1.,0.,0.));
#6495=DIRECTION('ref_axis',(0.,-0.358057437019716,0.933699561847853));
#6496=DIRECTION('',(0.,1.,0.));
#6497=DIRECTION('center_axis',(-1.,0.,0.));
#6498=DIRECTION('ref_axis',(0.,1.,0.));
#6499=DIRECTION('center_axis',(0.,-1.,0.));
#6500=DIRECTION('ref_axis',(0.707106781186548,0.,0.707106781186548));
#6501=DIRECTION('center_axis',(0.,-1.,0.));
#6502=DIRECTION('ref_axis',(1.,0.,0.));
#6503=DIRECTION('',(0.,-1.,0.));
#6504=DIRECTION('center_axis',(0.,0.,1.));
#6505=DIRECTION('ref_axis',(1.,0.,0.));
#6506=DIRECTION('',(-1.,0.,0.));
#6507=DIRECTION('',(0.,1.,0.));
#6508=DIRECTION('center_axis',(0.,0.,1.));
#6509=DIRECTION('ref_axis',(0.998795615471165,0.049064432286287,0.));
#6510=DIRECTION('',(-0.0980106796862504,0.995185362968849,0.));
#6511=DIRECTION('center_axis',(0.,0.,-1.));
#6512=DIRECTION('ref_axis',(-0.998795615471165,-0.0490644322862868,0.));
#6513=DIRECTION('',(0.,1.,0.));
#6514=DIRECTION('',(1.,-1.33226762955019E-16,0.));
#6515=DIRECTION('',(-7.40148683083433E-16,1.,0.));
#6516=DIRECTION('',(-1.,-1.07193947205188E-15,0.));
#6517=DIRECTION('',(-0.707106781186546,-0.707106781186549,0.));
#6518=DIRECTION('',(0.,1.,0.));
#6519=DIRECTION('',(0.707106781186548,-0.707106781186547,0.));
#6520=DIRECTION('',(1.,-2.22044604925031E-16,0.));
#6521=DIRECTION('',(0.,1.,0.));
#6522=DIRECTION('center_axis',(0.,0.,1.));
#6523=DIRECTION('ref_axis',(-0.981778889550964,-0.190026871868364,0.));
#6524=DIRECTION('center_axis',(1.,0.,0.));
#6525=DIRECTION('ref_axis',(0.,-0.803958978278868,0.594684757871596));
#6526=DIRECTION('',(-1.,0.,0.));
#6527=DIRECTION('center_axis',(-1.,0.,0.));
#6528=DIRECTION('ref_axis',(0.,-0.803958978278868,0.594684757871596));
#6529=DIRECTION('',(1.,0.,0.));
#6530=DIRECTION('center_axis',(1.,0.,0.));
#6531=DIRECTION('ref_axis',(0.,1.,-1.08314441426845E-16));
#6532=DIRECTION('center_axis',(1.,0.,0.));
#6533=DIRECTION('ref_axis',(0.,0.812486352987021,-0.582980210821817));
#6534=DIRECTION('',(1.,0.,0.));
#6535=DIRECTION('center_axis',(-1.,0.,0.));
#6536=DIRECTION('ref_axis',(0.,1.,-1.08314441426845E-16));
#6537=DIRECTION('center_axis',(1.,0.,0.));
#6538=DIRECTION('ref_axis',(0.,0.594684757871594,0.803958978278869));
#6539=DIRECTION('',(-1.,0.,0.));
#6540=DIRECTION('center_axis',(-1.,0.,0.));
#6541=DIRECTION('ref_axis',(0.,0.594684757871594,0.803958978278869));
#6542=DIRECTION('center_axis',(1.,0.,0.));
#6543=DIRECTION('ref_axis',(0.,1.,-1.08314441426845E-16));
#6544=DIRECTION('',(1.,0.,0.));
#6545=DIRECTION('center_axis',(-1.,0.,0.));
#6546=DIRECTION('ref_axis',(0.,1.,-1.08314441426845E-16));
#6547=DIRECTION('center_axis',(-1.,0.,0.));
#6548=DIRECTION('ref_axis',(0.,-0.545743609443652,-0.837952213882996));
#6549=DIRECTION('',(-1.,0.,0.));
#6550=DIRECTION('center_axis',(-1.,0.,0.));
#6551=DIRECTION('ref_axis',(0.,-0.545743609443652,-0.837952213882996));
#6552=DIRECTION('center_axis',(0.,-1.,0.));
#6553=DIRECTION('ref_axis',(0.942809041582063,0.,0.333333333333334));
#6554=DIRECTION('center_axis',(1.33226762955019E-16,1.,0.));
#6555=DIRECTION('ref_axis',(0.942809041582063,0.,0.333333333333334));
#6556=DIRECTION('',(0.,1.,0.));
#6557=DIRECTION('center_axis',(1.07193947205188E-15,-1.,0.));
#6558=DIRECTION('ref_axis',(0.942809041582063,0.,0.333333333333334));
#6559=DIRECTION('',(7.40148683083433E-16,-1.,0.));
#6560=DIRECTION('center_axis',(-1.07193947205188E-15,1.,0.));
#6561=DIRECTION('ref_axis',(1.,1.07193947205188E-15,0.));
#6562=DIRECTION('center_axis',(-1.07193947205188E-15,1.,0.));
#6563=DIRECTION('ref_axis',(-1.,0.,0.));
#6564=DIRECTION('',(0.,0.,-1.));
#6565=DIRECTION('',(0.,0.,-1.));
#6566=DIRECTION('center_axis',(-0.707106781186549,0.707106781186546,0.));
#6567=DIRECTION('ref_axis',(0.,0.,1.));
#6568=DIRECTION('center_axis',(0.707106781186549,-0.707106781186546,0.));
#6569=DIRECTION('ref_axis',(-0.707106781186546,-0.707106781186549,0.));
#6570=DIRECTION('',(0.,0.,1.));
#6571=DIRECTION('center_axis',(0.577350269180007,-0.577350269194435,0.577350269194436));
#6572=DIRECTION('ref_axis',(0.707106781195383,0.,-0.707106781177712));
#6573=DIRECTION('',(0.,-0.707106781186547,-0.707106781186547));
#6574=DIRECTION('',(-0.707106781186547,1.76713906224859E-11,0.707106781186547));
#6575=DIRECTION('',(0.707106781195383,0.707106781177712,0.));
#6576=DIRECTION('center_axis',(0.707106781186548,0.,0.707106781186548));
#6577=DIRECTION('ref_axis',(0.707106781186548,0.,-0.707106781186548));
#6578=DIRECTION('',(0.707106781186547,0.,-0.707106781186547));
#6579=DIRECTION('',(0.,-1.,0.));
#6580=DIRECTION('center_axis',(0.,0.,1.));
#6581=DIRECTION('ref_axis',(-0.998795615471166,-0.0490644322862868,0.));
#6582=DIRECTION('',(0.703702318692867,0.0693040162348494,-0.707106781186549));
#6583=DIRECTION('center_axis',(0.,0.,1.));
#6584=DIRECTION('ref_axis',(-0.998795615471166,-0.0490644322862868,0.));
#6585=DIRECTION('center_axis',(0.703702318692869,0.0693040162348503,0.707106781186547));
#6586=DIRECTION('ref_axis',(0.708811056368704,0.,-0.705398388408623));
#6587=DIRECTION('',(0.70370231869287,0.0693040162348491,-0.707106781186546));
#6588=DIRECTION('',(0.0980106796862504,-0.995185362968849,0.));
#6589=DIRECTION('center_axis',(0.,0.,-1.));
#6590=DIRECTION('ref_axis',(0.998795615471166,0.049064432286287,0.));
#6591=DIRECTION('',(0.707106781186546,0.,-0.707106781186549));
#6592=DIRECTION('center_axis',(0.,0.,-1.));
#6593=DIRECTION('ref_axis',(0.998795615471166,0.049064432286287,0.));
#6594=DIRECTION('center_axis',(0.707106781186548,0.,0.707106781186548));
#6595=DIRECTION('ref_axis',(0.707106781186548,0.,-0.707106781186548));
#6596=DIRECTION('',(0.707106781186547,0.,-0.707106781186547));
#6597=DIRECTION('',(0.,-1.,0.));
#6598=DIRECTION('center_axis',(-1.,0.,0.));
#6599=DIRECTION('ref_axis',(0.,-0.358057437019717,0.933699561847853));
#6600=DIRECTION('',(0.707106781186549,0.47279715165604,-0.525797350113076));
#6601=DIRECTION('center_axis',(1.,0.,0.));
#6602=DIRECTION('ref_axis',(0.,-0.358057437019717,0.933699561847853));
#6603=DIRECTION('center_axis',(-1.,0.,0.));
#6604=DIRECTION('ref_axis',(0.,-0.358057437019717,0.933699561847852));
#6605=DIRECTION('center_axis',(-9.42055475210265E-17,-0.707106781186548,
0.707106781186548));
#6606=DIRECTION('ref_axis',(1.,0.,1.33226762955019E-16));
#6607=DIRECTION('',(-5.23364152894588E-16,0.707106781186548,0.707106781186548));
#6608=DIRECTION('',(-1.,1.33226762955019E-16,0.));
#6609=DIRECTION('center_axis',(-1.,-7.40148683083433E-16,0.));
#6610=DIRECTION('ref_axis',(-7.40148683083433E-16,1.,0.));
#6611=DIRECTION('',(0.,0.,-1.));
#6612=DIRECTION('center_axis',(0.079392295908664,-0.806137158457803,0.586378499865002));
#6613=DIRECTION('ref_axis',(-0.995185362968849,-0.0980106796862532,0.));
#6614=DIRECTION('center_axis',(0.995185362968849,0.0980106796862486,0.));
#6615=DIRECTION('ref_axis',(0.0980106796862486,-0.995185362968849,3.79801710659924E-15));
#6616=DIRECTION('center_axis',(0.,0.,-1.));
#6617=DIRECTION('ref_axis',(2.22044604925031E-15,-1.,0.));
#6618=DIRECTION('center_axis',(-0.998789792281766,-0.0491828306805023,2.18415644150937E-16));
#6619=DIRECTION('ref_axis',(0.0491828306805023,-0.998789792281766,3.88107798453128E-15));
#6620=DIRECTION('center_axis',(0.,0.,-1.));
#6621=DIRECTION('ref_axis',(-0.671561359934353,-0.740948945503753,0.));
#6622=DIRECTION('center_axis',(0.,0.,-1.));
#6623=DIRECTION('ref_axis',(0.,-1.,0.));
#6624=DIRECTION('',(0.,0.,1.));
#6625=DIRECTION('',(0.,0.,-1.));
#6626=DIRECTION('center_axis',(-0.00469660385207908,0.0476885929596097,
0.998851210147833));
#6627=DIRECTION('ref_axis',(-0.995185362968849,-0.098010679686249,0.));
#6628=DIRECTION('center_axis',(-0.995185362968849,-0.0980106796862486,0.));
#6629=DIRECTION('ref_axis',(-0.0980106796862486,0.995185362968849,0.));
#6630=DIRECTION('center_axis',(0.990032657865908,0.140837979107076,0.));
#6631=DIRECTION('ref_axis',(-0.140837979107076,0.990032657865908,0.));
#6632=DIRECTION('center_axis',(0.0980106796862486,-0.995185362968849,0.));
#6633=DIRECTION('ref_axis',(-0.703702318692867,-0.0693040162348494,0.707106781186549));
#6634=DIRECTION('center_axis',(-0.0980106796862492,0.995185362968849,0.));
#6635=DIRECTION('ref_axis',(-0.995185362968849,-0.0980106796862492,0.));
#6636=DIRECTION('',(0.0980106796862486,-0.995185362968849,0.));
#6637=DIRECTION('center_axis',(0.0980106796862492,-0.995185362968849,0.));
#6638=DIRECTION('ref_axis',(0.,0.,1.));
#6639=DIRECTION('',(-0.0980106796862486,0.995185362968849,0.));
#6640=DIRECTION('center_axis',(-0.830732579323918,0.411566131062031,-0.374828896181259));
#6641=DIRECTION('ref_axis',(-0.556671700061922,-0.614188566764747,0.559364838728389));
#6642=DIRECTION('center_axis',(-1.,0.,0.));
#6643=DIRECTION('ref_axis',(0.,-0.70710678118655,0.707106781186545));
#6644=DIRECTION('center_axis',(0.,0.,1.));
#6645=DIRECTION('ref_axis',(-0.740948945503755,0.67156135993435,0.));
#6646=DIRECTION('center_axis',(0.,0.,-1.));
#6647=DIRECTION('ref_axis',(-0.995185362968849,-0.0980106796862488,0.));
#6648=DIRECTION('',(0.,0.,1.));
#6649=DIRECTION('center_axis',(0.,0.,1.));
#6650=DIRECTION('ref_axis',(-2.22044604925032E-15,1.,0.));
#6651=DIRECTION('',(0.,0.,-1.));
#6652=DIRECTION('center_axis',(-0.379969299366096,-0.84252377738331,0.381807564203484));
#6653=DIRECTION('ref_axis',(-0.594314914762131,0.538659154330229,0.597190168662816));
#6654=DIRECTION('center_axis',(-1.,-1.11022302462516E-15,0.));
#6655=DIRECTION('ref_axis',(0.,0.707106781186549,0.707106781186546));
#6656=DIRECTION('center_axis',(-0.0980106796862486,0.995185362968849,0.));
#6657=DIRECTION('ref_axis',(-0.703702318692867,-0.0693040162348494,-0.707106781186549));
#6658=DIRECTION('center_axis',(0.0980106796862492,-0.995185362968849,0.));
#6659=DIRECTION('ref_axis',(-0.995185362968849,-0.0980106796862492,0.));
#6660=DIRECTION('',(-0.0980106796862486,0.995185362968849,0.));
#6661=DIRECTION('center_axis',(-0.0980106796862492,0.995185362968849,0.));
#6662=DIRECTION('ref_axis',(0.,0.,-1.));
#6663=DIRECTION('',(0.0980106796862486,-0.995185362968849,0.));
#6664=DIRECTION('center_axis',(-0.379969299366097,-0.84252377738331,-0.381807564203482));
#6665=DIRECTION('ref_axis',(-0.594314914762134,0.53865915433023,-0.597190168662813));
#6666=DIRECTION('center_axis',(-1.,-1.11022302462516E-15,0.));
#6667=DIRECTION('ref_axis',(0.,0.707106781186549,-0.707106781186546));
#6668=DIRECTION('center_axis',(-0.824961443374026,0.426782000704677,0.370534398970942));
#6669=DIRECTION('ref_axis',(-0.565189009930522,-0.622939740726142,-0.540839590338766));
#6670=DIRECTION('center_axis',(-1.,0.,0.));
#6671=DIRECTION('ref_axis',(0.,-0.723771068407646,-0.69004017313201));
#6672=DIRECTION('center_axis',(0.,-1.,0.));
#6673=DIRECTION('ref_axis',(0.,0.,1.));
#6674=DIRECTION('',(1.,0.,0.));
#6675=DIRECTION('',(0.,0.,-1.));
#6676=DIRECTION('',(-1.,0.,0.));
#6677=DIRECTION('center_axis',(1.,0.,0.));
#6678=DIRECTION('ref_axis',(0.,-0.891132788679007,-0.453742606486514));
#6679=DIRECTION('center_axis',(-1.,0.,0.));
#6680=DIRECTION('ref_axis',(0.,-0.891132788679007,-0.453742606486514));
#6681=DIRECTION('',(1.,0.,0.));
#6682=DIRECTION('center_axis',(1.,0.,0.));
#6683=DIRECTION('ref_axis',(0.,1.,0.));
#6684=DIRECTION('center_axis',(-1.,0.,0.));
#6685=DIRECTION('ref_axis',(0.,1.,0.));
#6686=DIRECTION('',(-1.,0.,0.));
#6687=DIRECTION('center_axis',(-1.,0.,0.));
#6688=DIRECTION('ref_axis',(0.,-0.723771068407647,-0.690040173132009));
#6689=DIRECTION('center_axis',(-1.,0.,0.));
#6690=DIRECTION('ref_axis',(0.,-0.723771068407647,-0.690040173132009));
#6691=DIRECTION('',(1.,0.,0.));
#6692=DIRECTION('center_axis',(0.,0.,1.));
#6693=DIRECTION('ref_axis',(1.,0.,0.));
#6694=DIRECTION('center_axis',(0.,0.,1.));
#6695=DIRECTION('ref_axis',(0.981778889550964,0.190026871868365,0.));
#6696=DIRECTION('',(0.373128742495533,-0.927779575935848,0.));
#6697=DIRECTION('',(-1.,-1.11022302462516E-15,0.));
#6698=DIRECTION('center_axis',(-0.995185362968849,-0.0980106796862486,0.));
#6699=DIRECTION('ref_axis',(-0.0980106796862486,0.995185362968849,0.));
#6700=DIRECTION('center_axis',(0.995185362968849,0.0980106796862486,0.));
#6701=DIRECTION('ref_axis',(0.0980106796862486,-0.995185362968849,0.));
#6702=DIRECTION('center_axis',(0.995185362968849,0.0980106796862486,0.));
#6703=DIRECTION('ref_axis',(0.0980106796862486,-0.995185362968849,0.));
#6704=DIRECTION('center_axis',(-1.,0.,0.));
#6705=DIRECTION('ref_axis',(0.,0.,-1.));
#6706=DIRECTION('center_axis',(0.,-0.808689828521617,-0.58823529411765));
#6707=DIRECTION('ref_axis',(-1.,0.,0.));
#6708=DIRECTION('center_axis',(-1.,0.,0.));
#6709=DIRECTION('ref_axis',(0.,-0.949424994048446,0.313993918215161));
#6710=DIRECTION('center_axis',(0.,-0.235541844046371,0.971864208469082));
#6711=DIRECTION('ref_axis',(0.,0.971864208469082,0.235541844046371));
#6712=DIRECTION('center_axis',(1.,0.,0.));
#6713=DIRECTION('ref_axis',(0.,-0.949424994048446,0.313993918215161));
#6714=DIRECTION('center_axis',(0.,0.512815258010517,0.858498987274655));
#6715=DIRECTION('ref_axis',(0.,0.858498987274655,-0.512815258010516));
#6716=DIRECTION('center_axis',(-1.,0.,0.));
#6717=DIRECTION('ref_axis',(0.,0.988719851693619,-0.149776683322033));
#6718=DIRECTION('center_axis',(1.,0.,0.));
#6719=DIRECTION('ref_axis',(0.,0.988719851693619,-0.149776683322033));
#6720=DIRECTION('center_axis',(1.,0.,0.));
#6721=DIRECTION('ref_axis',(0.,0.,1.));
#6722=DIRECTION('center_axis',(0.,0.550724637681159,0.8346869913033));
#6723=DIRECTION('ref_axis',(0.,0.834686991303301,-0.550724637681159));
#6724=DIRECTION('center_axis',(-1.,0.,0.));
#6725=DIRECTION('ref_axis',(0.,0.846805154554458,-0.531903215087106));
#6726=DIRECTION('center_axis',(1.,0.,0.));
#6727=DIRECTION('ref_axis',(0.,0.846805154554458,-0.531903215087106));
#6728=DIRECTION('center_axis',(0.,1.,0.));
#6729=DIRECTION('ref_axis',(0.,0.,-1.));
#6730=DIRECTION('center_axis',(-1.,0.,0.));
#6731=DIRECTION('ref_axis',(0.,0.473959577558487,-0.880546602310508));
#6732=DIRECTION('center_axis',(1.,0.,0.));
#6733=DIRECTION('ref_axis',(0.,0.473959577558487,-0.880546602310508));
#6734=DIRECTION('center_axis',(0.,1.,6.72111827703904E-16));
#6735=DIRECTION('ref_axis',(-0.707106781186549,0.,-0.707106781186546));
#6736=DIRECTION('center_axis',(0.,1.,0.));
#6737=DIRECTION('ref_axis',(0.,0.,-1.));
#6738=DIRECTION('',(0.,-1.,-6.72111827703904E-16));
#6739=DIRECTION('',(0.,1.,6.72111827703904E-16));
#6740=DIRECTION('center_axis',(1.,0.,0.));
#6741=DIRECTION('ref_axis',(0.,0.,1.));
#6742=DIRECTION('center_axis',(0.,0.7291385363219,0.684366126317162));
#6743=DIRECTION('ref_axis',(0.,0.684366126317162,-0.7291385363219));
#6744=DIRECTION('center_axis',(1.,0.,0.));
#6745=DIRECTION('ref_axis',(0.,-0.368009146406782,0.929822170181455));
#6746=DIRECTION('center_axis',(-1.,0.,0.));
#6747=DIRECTION('ref_axis',(0.,-0.368009146406782,0.929822170181455));
#6748=DIRECTION('center_axis',(0.,0.,-1.));
#6749=DIRECTION('ref_axis',(-1.,0.,0.));
#6750=DIRECTION('center_axis',(1.,0.,0.));
#6751=DIRECTION('ref_axis',(0.,0.527549443448767,-0.849524328502072));
#6752=DIRECTION('center_axis',(-1.,0.,0.));
#6753=DIRECTION('ref_axis',(0.,0.527549443448767,-0.849524328502072));
#6754=DIRECTION('center_axis',(-1.,0.,0.));
#6755=DIRECTION('ref_axis',(0.,1.,0.));
#6756=DIRECTION('center_axis',(-1.,0.,0.));
#6757=DIRECTION('ref_axis',(0.,-0.397261798869989,-0.917705324795809));
#6758=DIRECTION('',(-1.,0.,0.));
#6759=DIRECTION('center_axis',(-1.,0.,0.));
#6760=DIRECTION('ref_axis',(0.,1.,0.));
#6761=DIRECTION('',(-1.,0.,0.));
#6762=DIRECTION('center_axis',(0.,0.,1.));
#6763=DIRECTION('ref_axis',(-0.707106781186548,-0.707106781186547,0.));
#6764=DIRECTION('',(0.,0.,-1.));
#6765=DIRECTION('',(0.,0.,1.));
#6766=DIRECTION('center_axis',(-1.,0.,0.));
#6767=DIRECTION('ref_axis',(0.,1.,0.));
#6768=DIRECTION('',(0.,-2.46269403900018E-15,1.));
#6769=DIRECTION('center_axis',(-1.,0.,0.));
#6770=DIRECTION('ref_axis',(0.,1.,0.));
#6771=DIRECTION('center_axis',(0.,2.46269403900018E-15,-1.));
#6772=DIRECTION('ref_axis',(-0.707106781186548,0.707106781186547,3.14018491736756E-15));
#6773=DIRECTION('',(0.,2.46269403900018E-15,-1.));
#6774=DIRECTION('center_axis',(1.,0.,0.));
#6775=DIRECTION('ref_axis',(0.,-0.358057437019716,0.933699561847853));
#6776=DIRECTION('center_axis',(1.,0.,0.));
#6777=DIRECTION('ref_axis',(0.,-0.358057437019717,0.933699561847852));
#6778=DIRECTION('',(1.,0.,0.));
#6779=DIRECTION('center_axis',(1.,0.,0.));
#6780=DIRECTION('ref_axis',(0.,-0.442298690984773,-0.896867809631473));
#6781=DIRECTION('center_axis',(-1.,0.,0.));
#6782=DIRECTION('ref_axis',(0.,-0.442298690984773,-0.896867809631473));
#6783=DIRECTION('',(-1.,0.,0.));
#6784=DIRECTION('center_axis',(-1.,0.,0.));
#6785=DIRECTION('ref_axis',(0.,-0.442298690984773,-0.896867809631473));
#6786=DIRECTION('',(1.,0.,0.));
#6787=DIRECTION('center_axis',(0.,0.382683432365088,-0.923879532511287));
#6788=DIRECTION('ref_axis',(0.,-0.923879532511288,-0.382683432365088));
#6789=DIRECTION('',(0.,0.923879532511288,0.382683432365088));
#6790=DIRECTION('',(-1.,0.,0.));
#6791=DIRECTION('',(0.,0.923879532511288,0.382683432365088));
#6792=DIRECTION('center_axis',(1.,0.,0.));
#6793=DIRECTION('ref_axis',(0.,0.895426407320442,-0.445209556358807));
#6794=DIRECTION('center_axis',(-1.,0.,0.));
#6795=DIRECTION('ref_axis',(0.,0.895426407320442,-0.445209556358807));
#6796=DIRECTION('center_axis',(-1.,0.,0.));
#6797=DIRECTION('ref_axis',(0.,0.895426407320442,-0.445209556358807));
#6798=DIRECTION('',(1.,0.,0.));
#6799=DIRECTION('center_axis',(1.,0.,0.));
#6800=DIRECTION('ref_axis',(0.,-0.946933713723667,0.321428906312896));
#6801=DIRECTION('center_axis',(-1.,0.,0.));
#6802=DIRECTION('ref_axis',(0.,-0.946933713723667,0.321428906312896));
#6803=DIRECTION('',(-1.,0.,0.));
#6804=DIRECTION('center_axis',(-1.,0.,0.));
#6805=DIRECTION('ref_axis',(0.,-0.946933713723667,0.321428906312896));
#6806=DIRECTION('',(1.,0.,0.));
#6807=DIRECTION('center_axis',(1.,0.,0.));
#6808=DIRECTION('ref_axis',(0.,0.778099772898328,-0.628140703517588));
#6809=DIRECTION('center_axis',(-1.,0.,0.));
#6810=DIRECTION('ref_axis',(0.,0.778099772898328,-0.628140703517588));
#6811=DIRECTION('',(-1.,0.,0.));
#6812=DIRECTION('center_axis',(1.,0.,0.));
#6813=DIRECTION('ref_axis',(0.,0.778099772898328,-0.628140703517588));
#6814=DIRECTION('center_axis',(-1.,0.,0.));
#6815=DIRECTION('ref_axis',(0.,0.318351388319275,0.94797278102021));
#6816=DIRECTION('center_axis',(-1.,0.,0.));
#6817=DIRECTION('ref_axis',(0.,0.318351388319275,0.94797278102021));
#6818=DIRECTION('',(-1.,0.,0.));
#6819=DIRECTION('center_axis',(-1.,0.,0.));
#6820=DIRECTION('ref_axis',(0.,0.318351388319275,0.94797278102021));
#6821=DIRECTION('',(1.,0.,0.));
#6822=DIRECTION('center_axis',(1.,0.,0.));
#6823=DIRECTION('ref_axis',(0.,0.,-1.));
#6824=DIRECTION('center_axis',(-1.,0.,0.));
#6825=DIRECTION('ref_axis',(0.,0.479473972985651,-0.877556100331686));
#6826=DIRECTION('',(0.,0.,1.));
#6827=DIRECTION('center_axis',(-1.,0.,0.));
#6828=DIRECTION('ref_axis',(0.,0.885112954071584,0.465376254803222));
#6829=DIRECTION('center_axis',(-1.,0.,0.));
#6830=DIRECTION('ref_axis',(0.,1.,0.));
#6831=DIRECTION('',(0.,-0.923879532511135,-0.382683432365455));
#6832=DIRECTION('center_axis',(-1.,0.,0.));
#6833=DIRECTION('ref_axis',(0.,1.,0.));
#6834=DIRECTION('',(1.,0.,0.));
#6835=DIRECTION('center_axis',(-1.,0.,0.));
#6836=DIRECTION('ref_axis',(0.,1.,0.));
#6837=DIRECTION('center_axis',(1.,0.,0.));
#6838=DIRECTION('ref_axis',(0.,0.479473972985651,-0.877556100331686));
#6839=DIRECTION('center_axis',(-1.,0.,0.));
#6840=DIRECTION('ref_axis',(0.,0.479473972985651,-0.877556100331686));
#6841=DIRECTION('',(1.,0.,0.));
#6842=DIRECTION('center_axis',(0.,1.,0.));
#6843=DIRECTION('ref_axis',(0.,0.,-1.));
#6844=DIRECTION('',(0.,0.,1.));
#6845=DIRECTION('',(-1.,0.,0.));
#6846=DIRECTION('center_axis',(1.,0.,0.));
#6847=DIRECTION('ref_axis',(0.,0.885112954071584,0.465376254803222));
#6848=DIRECTION('center_axis',(-1.,0.,0.));
#6849=DIRECTION('ref_axis',(0.,0.885112954071584,0.465376254803222));
#6850=DIRECTION('center_axis',(1.,0.,0.));
#6851=DIRECTION('ref_axis',(0.,-0.479473972985651,-0.877556100331686));
#6852=DIRECTION('center_axis',(-1.,0.,0.));
#6853=DIRECTION('ref_axis',(0.,-0.479473972985651,-0.877556100331686));
#6854=DIRECTION('',(-1.,0.,0.));
#6855=DIRECTION('center_axis',(-1.,0.,0.));
#6856=DIRECTION('ref_axis',(0.,-0.479473972985651,-0.877556100331686));
#6857=DIRECTION('',(1.,0.,0.));
#6858=DIRECTION('center_axis',(1.,0.,0.));
#6859=DIRECTION('ref_axis',(0.,0.,-1.));
#6860=DIRECTION('center_axis',(1.,0.,0.));
#6861=DIRECTION('ref_axis',(0.,0.778099772898328,-0.628140703517588));
#6862=DIRECTION('center_axis',(-1.,0.,0.));
#6863=DIRECTION('ref_axis',(0.,0.919757034553675,0.392488213057449));
#6864=DIRECTION('',(0.,-1.,0.));
#6865=DIRECTION('center_axis',(-1.,0.,0.));
#6866=DIRECTION('ref_axis',(0.,-0.370116605098805,0.928985305927997));
#6867=DIRECTION('center_axis',(-1.,0.,0.));
#6868=DIRECTION('ref_axis',(0.,1.,0.));
#6869=DIRECTION('center_axis',(-1.,0.,0.));
#6870=DIRECTION('ref_axis',(0.,-0.885112954071584,0.465376254803222));
#6871=DIRECTION('',(0.,0.,-1.));
#6872=DIRECTION('center_axis',(0.,-1.,0.));
#6873=DIRECTION('ref_axis',(0.,0.,1.));
#6874=DIRECTION('',(1.,0.,0.));
#6875=DIRECTION('',(0.,0.,1.));
#6876=DIRECTION('center_axis',(-1.,0.,0.));
#6877=DIRECTION('ref_axis',(0.,-0.885112954071584,0.465376254803222));
#6878=DIRECTION('',(-1.,0.,0.));
#6879=DIRECTION('center_axis',(-1.,0.,0.));
#6880=DIRECTION('ref_axis',(0.,-0.885112954071584,0.465376254803222));
#6881=DIRECTION('center_axis',(1.,0.,0.));
#6882=DIRECTION('ref_axis',(0.,-0.370116605098805,0.928985305927997));
#6883=DIRECTION('',(-1.,0.,0.));
#6884=DIRECTION('center_axis',(-1.,0.,0.));
#6885=DIRECTION('ref_axis',(0.,-0.370116605098805,0.928985305927997));
#6886=DIRECTION('',(1.,0.,0.));
#6887=DIRECTION('center_axis',(0.,0.,1.));
#6888=DIRECTION('ref_axis',(1.,0.,0.));
#6889=DIRECTION('',(1.,0.,0.));
#6890=DIRECTION('',(0.,-1.,0.));
#6891=DIRECTION('center_axis',(1.,0.,0.));
#6892=DIRECTION('ref_axis',(0.,0.919757034553675,0.392488213057449));
#6893=DIRECTION('',(-1.,0.,0.));
#6894=DIRECTION('center_axis',(-1.,0.,0.));
#6895=DIRECTION('ref_axis',(0.,0.919757034553675,0.392488213057449));
#6896=DIRECTION('center_axis',(0.,0.,1.));
#6897=DIRECTION('ref_axis',(0.981778889550964,0.190026871868365,0.));
#6898=DIRECTION('center_axis',(0.,0.,-1.));
#6899=DIRECTION('ref_axis',(0.981778889550964,0.190026871868365,0.));
#6900=DIRECTION('',(0.,0.,-1.));
#6901=DIRECTION('',(0.,0.,1.));
#6902=DIRECTION('center_axis',(-1.,0.,0.));
#6903=DIRECTION('ref_axis',(0.,-0.368009146406783,0.929822170181455));
#6904=DIRECTION('center_axis',(1.,0.,0.));
#6905=DIRECTION('ref_axis',(0.,-0.368009146406783,0.929822170181455));
#6906=DIRECTION('',(1.,0.,0.));
#6907=DIRECTION('center_axis',(0.,-6.72111827703904E-16,1.));
#6908=DIRECTION('ref_axis',(0.,1.,6.72111827703904E-16));
#6909=DIRECTION('',(0.,1.,6.72111827703904E-16));
#6910=DIRECTION('',(-1.,0.,0.));
#6911=DIRECTION('center_axis',(1.,0.,0.));
#6912=DIRECTION('ref_axis',(0.,0.473959577558488,-0.880546602310508));
#6913=DIRECTION('center_axis',(-1.,0.,0.));
#6914=DIRECTION('ref_axis',(0.,0.473959577558488,-0.880546602310508));
#6915=DIRECTION('',(1.,0.,0.));
#6916=DIRECTION('center_axis',(1.,0.,0.));
#6917=DIRECTION('ref_axis',(0.,0.988719851693619,-0.149776683322033));
#6918=DIRECTION('',(-1.,0.,0.));
#6919=DIRECTION('center_axis',(-1.,0.,0.));
#6920=DIRECTION('ref_axis',(0.,0.988719851693619,-0.149776683322033));
#6921=DIRECTION('',(1.,0.,0.));
#6922=DIRECTION('center_axis',(1.,0.,0.));
#6923=DIRECTION('ref_axis',(0.,0.883782765173352,-0.467897450284294));
#6924=DIRECTION('center_axis',(-1.,0.,0.));
#6925=DIRECTION('ref_axis',(0.,0.883782765173352,-0.467897450284294));
#6926=DIRECTION('center_axis',(1.,0.,0.));
#6927=DIRECTION('ref_axis',(0.,0.891132788679008,-0.453742606486513));
#6928=DIRECTION('',(-1.,0.,0.));
#6929=DIRECTION('center_axis',(-1.,0.,0.));
#6930=DIRECTION('ref_axis',(0.,0.891132788679008,-0.453742606486513));
#6931=DIRECTION('',(1.,0.,0.));
#6932=DIRECTION('center_axis',(1.,0.,0.));
#6933=DIRECTION('ref_axis',(0.,-0.938659981564877,0.344844079271522));
#6934=DIRECTION('center_axis',(-1.,0.,0.));
#6935=DIRECTION('ref_axis',(0.,1.,0.));
#6936=DIRECTION('center_axis',(1.,0.,0.));
#6937=DIRECTION('ref_axis',(0.,-0.707106781186549,0.707106781186546));
#6938=DIRECTION('',(-1.,0.,0.));
#6939=DIRECTION('center_axis',(-1.,0.,0.));
#6940=DIRECTION('ref_axis',(0.,-0.707106781186549,0.707106781186546));
#6941=DIRECTION('center_axis',(0.,0.,1.));
#6942=DIRECTION('ref_axis',(1.,0.,0.));
#6943=DIRECTION('',(1.,1.11022302462516E-15,0.));
#6944=DIRECTION('',(-0.373128742495533,0.927779575935848,0.));
#6945=DIRECTION('center_axis',(0.,0.,-1.));
#6946=DIRECTION('ref_axis',(0.981778889550964,0.190026871868365,0.));
#6947=DIRECTION('',(0.,1.,0.));
#6948=DIRECTION('center_axis',(-1.,-1.11022302462516E-15,0.));
#6949=DIRECTION('ref_axis',(-3.14018491736754E-15,0.707106781186549,0.707106781186546));
#6950=DIRECTION('',(-1.,-1.11022302462516E-15,0.));
#6951=DIRECTION('center_axis',(-0.927779575935848,-0.373128742495533,0.));
#6952=DIRECTION('ref_axis',(-0.373128742495533,0.927779575935848,1.28755280872618E-16));
#6953=DIRECTION('center_axis',(-1.,0.,0.));
#6954=DIRECTION('ref_axis',(0.,0.,-1.));
#6955=DIRECTION('center_axis',(-1.80733980752932E-15,-0.580930046362643,
-0.813953488372092));
#6956=DIRECTION('ref_axis',(0.,-0.813953488372092,0.580930046362643));
#6957=DIRECTION('center_axis',(-0.379969299366093,-0.842523777383313,0.38180756420348));
#6958=DIRECTION('ref_axis',(-0.594314914762134,0.538659154330226,0.597190168662817));
#6959=DIRECTION('center_axis',(-1.,0.,0.));
#6960=DIRECTION('ref_axis',(0.,1.,0.));
#6961=DIRECTION('center_axis',(-0.098010679686249,0.995185362968849,0.));
#6962=DIRECTION('ref_axis',(0.,0.,1.));
#6963=DIRECTION('center_axis',(2.18680292729025E-16,-2.22044604925031E-15,
1.));
#6964=DIRECTION('ref_axis',(-0.995185362968849,-0.0980106796862488,0.));
#6965=DIRECTION('center_axis',(0.,0.,1.));
#6966=DIRECTION('ref_axis',(-0.740948945503755,0.67156135993435,0.));
#6967=DIRECTION('',(0.,0.,-1.));
#6968=DIRECTION('',(0.,0.,1.));
#6969=DIRECTION('center_axis',(-0.0190384066116682,0.555454862839793,0.831328716225607));
#6970=DIRECTION('ref_axis',(-0.999413117441254,-0.0342552285987808,0.));
#6971=DIRECTION('center_axis',(0.0971846908788953,-0.98679840029123,-0.129553282634765));
#6972=DIRECTION('ref_axis',(0.,-0.130169457428649,0.991491761111877));
#6973=DIRECTION('center_axis',(0.098010679686249,-0.995185362968849,0.));
#6974=DIRECTION('ref_axis',(0.,0.,1.));
#6975=DIRECTION('center_axis',(-0.998789792281766,-0.0491828306805023,-4.36831288301874E-16));
#6976=DIRECTION('ref_axis',(0.0491828306805023,-0.998789792281766,-6.65327654491076E-15));
#6977=DIRECTION('center_axis',(0.995185362968849,0.0980106796862486,0.));
#6978=DIRECTION('ref_axis',(0.0980106796862486,-0.995185362968849,-6.69832107891138E-15));
#6979=DIRECTION('center_axis',(0.0980106796862486,-0.995185362968849,0.));
#6980=DIRECTION('ref_axis',(-0.703702318692867,-0.0693040162348491,0.707106781186549));
#6981=DIRECTION('',(-0.0980106796862486,0.995185362968849,0.));
#6982=DIRECTION('',(0.0980106796862486,-0.995185362968849,0.));
#6983=DIRECTION('center_axis',(-1.,-1.11022302462516E-15,0.));
#6984=DIRECTION('ref_axis',(-1.57009245868377E-15,0.707106781186548,0.707106781186548));
#6985=DIRECTION('center_axis',(-0.927779575935848,-0.373128742495533,0.));
#6986=DIRECTION('ref_axis',(-0.373128742495533,0.927779575935848,0.));
#6987=DIRECTION('',(1.,1.11022302462516E-15,0.));
#6988=DIRECTION('',(-1.,-1.11022302462516E-15,0.));
#6989=DIRECTION('center_axis',(0.,0.,1.));
#6990=DIRECTION('ref_axis',(1.,0.,0.));
#6991=DIRECTION('',(0.,0.,-1.));
#6992=DIRECTION('center_axis',(-0.995185362968849,-0.0980106796862486,0.));
#6993=DIRECTION('ref_axis',(-0.0980106796862486,0.995185362968849,0.));
#6994=DIRECTION('center_axis',(-1.11022302462516E-15,1.,0.));
#6995=DIRECTION('ref_axis',(1.,1.11022302462516E-15,0.));
#6996=DIRECTION('',(0.,0.,1.));
#6997=DIRECTION('center_axis',(1.,1.11022302462516E-15,0.));
#6998=DIRECTION('ref_axis',(-3.14018491736754E-15,0.707106781186549,-0.707106781186546));
#6999=DIRECTION('center_axis',(-0.927779575935848,-0.373128742495533,0.));
#7000=DIRECTION('ref_axis',(-0.373128742495533,0.927779575935848,1.28755280872618E-16));
#7001=DIRECTION('',(1.,1.11022302462516E-15,0.));
#7002=DIRECTION('center_axis',(1.,0.,0.));
#7003=DIRECTION('ref_axis',(0.,-0.471404520791032,0.881917103688197));
#7004=DIRECTION('',(-1.,0.,0.));
#7005=DIRECTION('center_axis',(-1.,0.,0.));
#7006=DIRECTION('ref_axis',(0.,-0.471404520791032,0.881917103688197));
#7007=DIRECTION('center_axis',(0.,0.,1.));
#7008=DIRECTION('ref_axis',(0.,1.,0.));
#7009=DIRECTION('',(0.,1.,0.));
#7010=DIRECTION('',(-0.373128742495533,0.927779575935848,0.));
#7011=DIRECTION('center_axis',(1.,0.,0.));
#7012=DIRECTION('ref_axis',(0.,-1.,0.));
#7013=DIRECTION('',(-1.,0.,0.));
#7014=DIRECTION('center_axis',(-0.995185362968849,-0.0980106796862504,0.));
#7015=DIRECTION('ref_axis',(0.0980106796862504,-0.995185362968849,0.));
#7016=DIRECTION('center_axis',(1.,0.,0.));
#7017=DIRECTION('ref_axis',(0.,-1.,0.));
#7018=DIRECTION('',(-1.,0.,0.));
#7019=DIRECTION('center_axis',(-0.995185362968849,-0.0980106796862504,0.));
#7020=DIRECTION('ref_axis',(0.0980106796862504,-0.995185362968849,0.));
#7021=DIRECTION('center_axis',(1.,0.,0.));
#7022=DIRECTION('ref_axis',(0.,1.,0.));
#7023=DIRECTION('center_axis',(-1.,0.,0.));
#7024=DIRECTION('ref_axis',(0.,1.,0.));
#7025=DIRECTION('',(-1.,0.,0.));
#7026=DIRECTION('center_axis',(-0.995185362968849,-0.0980106796862504,0.));
#7027=DIRECTION('ref_axis',(-0.0980106796862504,0.995185362968849,0.));
#7028=DIRECTION('center_axis',(1.,0.,0.));
#7029=DIRECTION('ref_axis',(0.,0.,-1.));
#7030=DIRECTION('center_axis',(1.,0.,0.));
#7031=DIRECTION('ref_axis',(0.,1.,0.));
#7032=DIRECTION('center_axis',(1.,0.,0.));
#7033=DIRECTION('ref_axis',(0.,1.,0.));
#7034=DIRECTION('center_axis',(-1.,0.,0.));
#7035=DIRECTION('ref_axis',(0.,1.,0.));
#7036=DIRECTION('',(-1.,0.,0.));
#7037=DIRECTION('center_axis',(1.,0.,0.));
#7038=DIRECTION('ref_axis',(0.,1.,0.));
#7039=DIRECTION('center_axis',(1.,0.,0.));
#7040=DIRECTION('ref_axis',(0.,1.,0.));
#7041=DIRECTION('',(-1.,0.,0.));
#7042=DIRECTION('center_axis',(1.,0.,0.));
#7043=DIRECTION('ref_axis',(0.,1.,0.));
#7044=DIRECTION('center_axis',(1.,0.,0.));
#7045=DIRECTION('ref_axis',(0.,1.,0.));
#7046=DIRECTION('',(-1.,0.,0.));
#7047=DIRECTION('center_axis',(-1.,0.,0.));
#7048=DIRECTION('ref_axis',(0.,1.,0.));
#7049=DIRECTION('center_axis',(1.,0.,0.));
#7050=DIRECTION('ref_axis',(0.,1.,0.));
#7051=DIRECTION('center_axis',(1.,0.,0.));
#7052=DIRECTION('ref_axis',(0.,1.,0.));
#7053=DIRECTION('',(-1.,0.,0.));
#7054=DIRECTION('center_axis',(-1.,0.,0.));
#7055=DIRECTION('ref_axis',(0.,1.,0.));
#7056=DIRECTION('center_axis',(1.,0.,0.));
#7057=DIRECTION('ref_axis',(0.,1.,0.));
#7058=DIRECTION('center_axis',(1.,0.,0.));
#7059=DIRECTION('ref_axis',(0.,1.,0.));
#7060=DIRECTION('',(-1.,0.,0.));
#7061=DIRECTION('center_axis',(-1.,0.,0.));
#7062=DIRECTION('ref_axis',(0.,-1.,0.));
#7063=DIRECTION('center_axis',(-1.,0.,0.));
#7064=DIRECTION('ref_axis',(0.,-1.,0.));
#7065=DIRECTION('',(1.,0.,0.));
#7066=DIRECTION('center_axis',(1.,0.,0.));
#7067=DIRECTION('ref_axis',(0.,-1.,0.));
#7068=DIRECTION('center_axis',(-1.,0.,0.));
#7069=DIRECTION('ref_axis',(0.,-1.,0.));
#7070=DIRECTION('center_axis',(-1.,0.,0.));
#7071=DIRECTION('ref_axis',(0.,-1.,0.));
#7072=DIRECTION('',(1.,0.,0.));
#7073=DIRECTION('center_axis',(1.,0.,0.));
#7074=DIRECTION('ref_axis',(0.,-1.,0.));
#7075=DIRECTION('center_axis',(-0.927779575935848,-0.373128742495533,0.));
#7076=DIRECTION('ref_axis',(-0.373128742495533,0.927779575935848,0.));
#7077=DIRECTION('',(0.,0.,1.));
#7078=DIRECTION('center_axis',(-1.11022302462516E-15,1.,0.));
#7079=DIRECTION('ref_axis',(1.,1.11022302462516E-15,0.));
#7080=DIRECTION('',(0.,0.,1.));
#7081=DIRECTION('center_axis',(0.,-0.382683432365455,0.923879532511135));
#7082=DIRECTION('ref_axis',(0.,0.923879532511135,0.382683432365455));
#7083=DIRECTION('',(0.,0.923879532511135,0.382683432365455));
#7084=DIRECTION('center_axis',(-1.,0.,0.));
#7085=DIRECTION('ref_axis',(0.,1.,0.));
#7086=DIRECTION('center_axis',(-1.,0.,0.));
#7087=DIRECTION('ref_axis',(0.,1.,0.));
#7088=DIRECTION('center_axis',(0.,1.,2.46269403900018E-15));
#7089=DIRECTION('ref_axis',(0.,2.46269403900018E-15,-1.));
#7090=DIRECTION('',(0.,-2.46269403900018E-15,1.));
#7091=DIRECTION('center_axis',(1.,0.,0.));
#7092=DIRECTION('ref_axis',(0.,0.778099772898328,-0.628140703517588));
#7093=DIRECTION('center_axis',(-1.,0.,0.));
#7094=DIRECTION('ref_axis',(0.,0.778099772898328,-0.628140703517588));
#7095=DIRECTION('center_axis',(1.,0.,0.));
#7096=DIRECTION('ref_axis',(0.,1.,0.));
#7097=DIRECTION('',(-1.,0.,0.));
#7098=DIRECTION('center_axis',(-1.,0.,0.));
#7099=DIRECTION('ref_axis',(0.,1.,0.));
#7100=DIRECTION('center_axis',(0.,-1.,0.));
#7101=DIRECTION('ref_axis',(0.,0.,1.));
#7102=DIRECTION('',(1.,0.,0.));
#7103=DIRECTION('',(0.,0.,1.));
#7104=DIRECTION('center_axis',(-1.,0.,0.));
#7105=DIRECTION('ref_axis',(0.,1.,0.));
#7106=DIRECTION('center_axis',(-1.,0.,0.));
#7107=DIRECTION('ref_axis',(0.,1.,0.));
#7108=DIRECTION('',(0.707106781186547,0.707106781186547,-8.65956056235493E-17));
#7109=DIRECTION('center_axis',(1.,0.,0.));
#7110=DIRECTION('ref_axis',(0.,1.,0.));
#7111=DIRECTION('center_axis',(-1.,0.,0.));
#7112=DIRECTION('ref_axis',(0.,0.,1.));
#7113=DIRECTION('center_axis',(1.,0.,0.));
#7114=DIRECTION('ref_axis',(0.,1.,0.));
#7115=DIRECTION('center_axis',(1.,0.,-7.66175642747771E-15));
#7116=DIRECTION('ref_axis',(0.,1.,3.07661334403769E-17));
#7117=DIRECTION('center_axis',(-1.,0.,0.));
#7118=DIRECTION('ref_axis',(0.,1.,6.12323399573677E-17));
#7119=DIRECTION('',(-0.633988905605555,0.773342141337888,4.97596841779191E-15));
#7120=DIRECTION('center_axis',(1.,0.,0.));
#7121=DIRECTION('ref_axis',(0.,-1.,-1.08314441426845E-16));
#7122=DIRECTION('center_axis',(-1.,0.,0.));
#7123=DIRECTION('ref_axis',(0.,-1.,-1.08314441426845E-16));
#7124=DIRECTION('',(-0.707106781186512,0.691847911663359,-0.146104302219678));
#7125=DIRECTION('center_axis',(1.,0.,0.));
#7126=DIRECTION('ref_axis',(0.,-1.,-1.08314441426845E-16));
#7127=DIRECTION('center_axis',(-1.,0.,0.));
#7128=DIRECTION('ref_axis',(0.,0.978420699773776,-0.206622685720117));
#7129=DIRECTION('center_axis',(1.,0.,0.));
#7130=DIRECTION('ref_axis',(0.,0.978420699773776,-0.206622685720117));
#7131=DIRECTION('',(-0.707106781186556,0.61878320795974,0.342209499498539));
#7132=DIRECTION('center_axis',(-1.,0.,0.));
#7133=DIRECTION('ref_axis',(0.,0.978420699773776,-0.206622685720117));
#7134=DIRECTION('center_axis',(1.,0.,0.));
#7135=DIRECTION('ref_axis',(0.,-1.,0.));
#7136=DIRECTION('',(-0.707106781186537,0.195567144750833,-0.679524460114587));
#7137=DIRECTION('center_axis',(1.,0.,0.));
#7138=DIRECTION('ref_axis',(0.,-1.,0.));
#7139=DIRECTION('center_axis',(-1.,0.,0.));
#7140=DIRECTION('ref_axis',(0.,-1.,0.));
#7141=DIRECTION('center_axis',(-1.,0.,0.));
#7142=DIRECTION('ref_axis',(0.,0.594684757871595,-0.803958978278869));
#7143=DIRECTION('center_axis',(1.,0.,0.));
#7144=DIRECTION('ref_axis',(0.,0.594684757871594,-0.803958978278869));
#7145=DIRECTION('',(-0.707106781186525,0.592521692746968,-0.385899007026838));
#7146=DIRECTION('center_axis',(-1.,0.,0.));
#7147=DIRECTION('ref_axis',(0.,0.594684757871595,-0.803958978278869));
#7148=DIRECTION('center_axis',(1.,0.,0.));
#7149=DIRECTION('ref_axis',(0.,-1.,-1.08314441426845E-16));
#7150=DIRECTION('',(-0.707106781186545,0.385899007026849,-0.592521692746937));
#7151=DIRECTION('center_axis',(1.,0.,0.));
#7152=DIRECTION('ref_axis',(0.,-1.,-1.08314441426845E-16));
#7153=DIRECTION('center_axis',(-1.,0.,0.));
#7154=DIRECTION('ref_axis',(0.,-1.,-1.08314441426845E-16));
#7155=DIRECTION('center_axis',(-1.,0.,0.));
#7156=DIRECTION('ref_axis',(0.,0.545743609443652,-0.837952213882996));
#7157=DIRECTION('center_axis',(1.,0.,0.));
#7158=DIRECTION('ref_axis',(0.,0.545743609443652,-0.837952213882996));
#7159=DIRECTION('',(-0.707106781186524,0.679524460114598,-0.195567144750845));
#7160=DIRECTION('center_axis',(-1.,0.,0.));
#7161=DIRECTION('ref_axis',(0.,0.545743609443652,-0.837952213882996));
#7162=DIRECTION('center_axis',(1.,0.,0.));
#7163=DIRECTION('ref_axis',(0.,1.,0.));
#7164=DIRECTION('',(-0.707106781186587,-0.707106781186508,0.));
#7165=DIRECTION('center_axis',(1.,0.,0.));
#7166=DIRECTION('ref_axis',(0.,1.,0.));
#7167=DIRECTION('center_axis',(-1.,0.,0.));
#7168=DIRECTION('ref_axis',(0.,1.,0.));
#7169=DIRECTION('center_axis',(-0.707106781186544,0.707106781186551,0.));
#7170=DIRECTION('ref_axis',(0.,0.,1.));
#7171=DIRECTION('',(-0.707106781186551,-0.707106781186544,0.));
#7172=DIRECTION('',(0.,0.,1.));
#7173=DIRECTION('',(0.,0.,-1.));
#7174=DIRECTION('',(0.704803635149826,0.709057505136658,-0.0221199070741555));
#7175=DIRECTION('',(0.,-0.821876857236596,0.56966519249371));
#7176=DIRECTION('center_axis',(0.,0.569665192493711,0.821876857236596));
#7177=DIRECTION('ref_axis',(1.,0.,0.));
#7178=DIRECTION('',(0.,-0.821876857236596,0.56966519249371));
#7179=DIRECTION('',(1.,0.,0.));
#7180=DIRECTION('',(-1.,0.,0.));
#7181=DIRECTION('',(-0.705314131102772,-0.226377675814217,0.671777585484731));
#7182=DIRECTION('center_axis',(-1.,0.,0.));
#7183=DIRECTION('ref_axis',(0.,1.,0.));
#7184=DIRECTION('',(-0.707106781186544,0.205869507327739,0.676474497636562));
#7185=DIRECTION('center_axis',(1.,0.,0.));
#7186=DIRECTION('ref_axis',(0.,1.,0.));
#7187=DIRECTION('',(0.707106781186547,0.205869507327771,-0.676474497636549));
#7188=DIRECTION('center_axis',(-1.,0.,0.));
#7189=DIRECTION('ref_axis',(0.,1.,0.));
#7190=DIRECTION('',(0.705314131102754,-0.226377675814279,-0.671777585484729));
#7191=DIRECTION('',(1.9489044429153E-14,0.821876857236618,0.569665192493679));
#7192=DIRECTION('center_axis',(0.,-0.569665192493674,0.821876857236621));
#7193=DIRECTION('ref_axis',(1.,0.,0.));
#7194=DIRECTION('',(0.,0.821876857236621,0.569665192493674));
#7195=DIRECTION('',(-1.,0.,0.));
#7196=DIRECTION('',(1.,0.,0.));
#7197=DIRECTION('',(-0.704803635149838,0.709057505136646,0.0221199070741404));
#7198=DIRECTION('center_axis',(-0.707106781186544,-0.707106781186551,1.74138765496472E-15));
#7199=DIRECTION('ref_axis',(2.46269403900021E-15,0.,1.));
#7200=DIRECTION('',(-0.707106781186551,0.707106781186544,0.));
#7201=DIRECTION('',(0.,-2.46269403900018E-15,-1.));
#7202=DIRECTION('',(0.707106781186551,-0.707106781186544,0.));
#7203=DIRECTION('',(0.,2.46269403900018E-15,1.));
#7204=DIRECTION('center_axis',(1.,0.,0.));
#7205=DIRECTION('ref_axis',(0.,-1.,0.));
#7206=DIRECTION('',(-0.707106781186541,-0.679524460114583,-0.195567144750834));
#7207=DIRECTION('center_axis',(1.,0.,0.));
#7208=DIRECTION('ref_axis',(0.,-1.,0.));
#7209=DIRECTION('center_axis',(-1.,0.,0.));
#7210=DIRECTION('ref_axis',(0.,-1.,0.));
#7211=DIRECTION('center_axis',(-1.,0.,0.));
#7212=DIRECTION('ref_axis',(0.,-0.803958978278868,-0.594684757871595));
#7213=DIRECTION('center_axis',(1.,0.,0.));
#7214=DIRECTION('ref_axis',(0.,-0.803958978278868,-0.594684757871596));
#7215=DIRECTION('',(-0.70710678118654,-0.385899007026815,-0.592521692746965));
#7216=DIRECTION('center_axis',(-1.,0.,0.));
#7217=DIRECTION('ref_axis',(0.,-0.803958978278868,-0.594684757871595));
#7218=DIRECTION('center_axis',(1.,0.,0.));
#7219=DIRECTION('ref_axis',(0.,1.,1.08314441426845E-16));
#7220=DIRECTION('',(-0.70710678118655,-0.530126151990479,-0.467938311079317));
#7221=DIRECTION('center_axis',(1.,0.,0.));
#7222=DIRECTION('ref_axis',(0.,1.,1.08314441426845E-16));
#7223=DIRECTION('center_axis',(-1.,0.,0.));
#7224=DIRECTION('ref_axis',(0.,1.,1.08314441426845E-16));
#7225=DIRECTION('',(0.,-0.896610601016507,0.442819861958357));
#7226=DIRECTION('',(0.714736612953004,0.52632784321279,0.460576351502594));
#7227=DIRECTION('center_axis',(0.,0.442819861958357,0.896610601016507));
#7228=DIRECTION('ref_axis',(1.,0.,0.));
#7229=DIRECTION('',(0.,-0.896610601016502,0.442819861958367));
#7230=DIRECTION('',(1.,0.,0.));
#7231=DIRECTION('',(-1.,0.,0.));
#7232=DIRECTION('',(-0.730268544410563,-0.0576714953053428,0.680721566922721));
#7233=DIRECTION('',(-0.712764087760909,0.,0.701403846010527));
#7234=DIRECTION('',(-0.711603588480361,0.,0.702581193074418));
#7235=DIRECTION('center_axis',(0.,0.,-1.));
#7236=DIRECTION('ref_axis',(1.,0.,0.));
#7237=DIRECTION('',(0.707094928635156,0.00410657888938716,-0.707106708996789));
#7238=DIRECTION('center_axis',(0.,0.,1.));
#7239=DIRECTION('ref_axis',(1.,0.,0.));
#7240=DIRECTION('',(-0.703702318692861,-0.0693040162348623,0.707106781186553));
#7241=DIRECTION('center_axis',(0.,0.,-1.));
#7242=DIRECTION('ref_axis',(1.,0.,0.));
#7243=DIRECTION('center_axis',(0.703702318692867,0.0693040162348488,0.707106781186549));
#7244=DIRECTION('ref_axis',(0.708811056368706,0.,-0.70539838840862));
#7245=DIRECTION('',(-0.703702318692869,-0.0693040162348616,0.707106781186546));
#7246=DIRECTION('',(0.0980106796862486,-0.995185362968849,0.));
#7247=DIRECTION('',(-0.0980106796862486,0.995185362968849,0.));
#7248=DIRECTION('center_axis',(0.,0.,1.));
#7249=DIRECTION('ref_axis',(-0.740948945503755,0.67156135993435,0.));
#7250=DIRECTION('center_axis',(0.,0.,-1.));
#7251=DIRECTION('ref_axis',(-0.740948945503755,0.67156135993435,0.));
#7252=DIRECTION('',(0.,0.707106781186548,0.707106781186548));
#7253=DIRECTION('center_axis',(0.,0.,1.));
#7254=DIRECTION('ref_axis',(-0.740948945503755,0.67156135993435,0.));
#7255=DIRECTION('center_axis',(7.85046229341888E-16,-0.707106781186548,
0.707106781186548));
#7256=DIRECTION('ref_axis',(1.,0.,-1.11022302462516E-15));
#7257=DIRECTION('center_axis',(-7.85046229341888E-16,0.707106781186548,
-0.707106781186548));
#7258=DIRECTION('ref_axis',(7.11448145341086E-16,-0.707106781186547,-0.707106781186547));
#7259=DIRECTION('',(-1.,-1.11022302462516E-15,0.));
#7260=DIRECTION('',(1.,1.11022302462516E-15,0.));
#7261=DIRECTION('center_axis',(-1.,0.,0.));
#7262=DIRECTION('ref_axis',(0.,-0.923879532511287,0.38268343236509));
#7263=DIRECTION('',(-1.,0.,0.));
#7264=DIRECTION('center_axis',(1.,0.,0.));
#7265=DIRECTION('ref_axis',(0.,1.,0.));
#7266=DIRECTION('',(1.,0.,0.));
#7267=DIRECTION('center_axis',(1.,0.,0.));
#7268=DIRECTION('ref_axis',(0.,-0.978420699773776,0.206622685720117));
#7269=DIRECTION('',(1.,0.,0.));
#7270=DIRECTION('center_axis',(1.,0.,0.));
#7271=DIRECTION('ref_axis',(0.,-0.978420699773776,0.206622685720117));
#7272=DIRECTION('center_axis',(-1.,0.,0.));
#7273=DIRECTION('ref_axis',(0.,-1.,-2.3077912134158E-16));
#7274=DIRECTION('center_axis',(1.,0.,0.));
#7275=DIRECTION('ref_axis',(0.,1.,1.08314441426845E-16));
#7276=DIRECTION('center_axis',(1.,0.,0.));
#7277=DIRECTION('ref_axis',(0.,1.,0.));
#7278=DIRECTION('center_axis',(-1.,0.,0.));
#7279=DIRECTION('ref_axis',(0.,-0.821062210336348,0.570838722195324));
#7280=DIRECTION('center_axis',(1.,0.,0.));
#7281=DIRECTION('ref_axis',(0.,1.,0.));
#7282=DIRECTION('center_axis',(1.,0.,0.));
#7283=DIRECTION('ref_axis',(0.,1.,0.));
#7284=DIRECTION('center_axis',(-1.,0.,0.));
#7285=DIRECTION('ref_axis',(0.,0.,1.));
#7286=DIRECTION('center_axis',(1.,0.,0.));
#7287=DIRECTION('ref_axis',(0.,-0.821062210336348,0.570838722195324));
#7288=DIRECTION('center_axis',(1.,0.,0.));
#7289=DIRECTION('ref_axis',(0.,-1.,1.22464679914735E-16));
#7290=DIRECTION('center_axis',(1.,0.,0.));
#7291=DIRECTION('ref_axis',(0.,0.51761209283032,0.855615405048212));
#7292=DIRECTION('',(1.,0.,0.));
#7293=DIRECTION('center_axis',(-1.,0.,0.));
#7294=DIRECTION('ref_axis',(0.,-1.,0.));
#7295=DIRECTION('center_axis',(-1.,0.,0.));
#7296=DIRECTION('ref_axis',(0.,0.,1.));
#7297=DIRECTION('center_axis',(-1.,0.,0.));
#7298=DIRECTION('ref_axis',(0.,0.51761209283032,0.855615405048213));
#7299=DIRECTION('center_axis',(0.,0.743589743589743,-0.668636144123349));
#7300=DIRECTION('ref_axis',(1.,0.,0.));
#7301=DIRECTION('center_axis',(1.,0.,0.));
#7302=DIRECTION('ref_axis',(0.,1.,0.));
#7303=DIRECTION('',(0.,1.,0.));
#7304=DIRECTION('center_axis',(1.,0.,0.));
#7305=DIRECTION('ref_axis',(0.,-0.358057437019716,-0.933699561847853));
#7306=DIRECTION('center_axis',(1.,0.,0.));
#7307=DIRECTION('ref_axis',(0.,1.,0.));
#7308=DIRECTION('center_axis',(0.,1.,0.));
#7309=DIRECTION('ref_axis',(0.707106781186548,0.,-0.707106781186548));
#7310=DIRECTION('',(0.,-1.,0.));
#7311=DIRECTION('center_axis',(0.,1.,0.));
#7312=DIRECTION('ref_axis',(1.,0.,0.));
#7313=DIRECTION('center_axis',(0.,0.,1.));
#7314=DIRECTION('ref_axis',(1.,0.,0.));
#7315=DIRECTION('center_axis',(0.,0.,1.));
#7316=DIRECTION('ref_axis',(-0.981778889550964,-0.190026871868364,0.));
#7317=DIRECTION('',(0.,1.,0.));
#7318=DIRECTION('',(1.,-2.22044604925031E-16,0.));
#7319=DIRECTION('',(0.707106781186548,-0.707106781186547,0.));
#7320=DIRECTION('',(0.,1.,0.));
#7321=DIRECTION('',(-0.707106781186546,-0.707106781186549,0.));
#7322=DIRECTION('',(-1.,-1.07193947205188E-15,0.));
#7323=DIRECTION('',(-7.40148683083433E-16,1.,0.));
#7324=DIRECTION('',(1.,-1.33226762955019E-16,0.));
#7325=DIRECTION('',(0.,1.,0.));
#7326=DIRECTION('center_axis',(0.,0.,-1.));
#7327=DIRECTION('ref_axis',(-0.998795615471165,-0.0490644322862868,0.));
#7328=DIRECTION('',(-0.0980106796862504,0.995185362968849,0.));
#7329=DIRECTION('center_axis',(0.,0.,1.));
#7330=DIRECTION('ref_axis',(0.998795615471165,0.049064432286287,0.));
#7331=DIRECTION('',(0.,1.,0.));
#7332=DIRECTION('',(-1.,0.,0.));
#7333=DIRECTION('center_axis',(-1.,0.,0.));
#7334=DIRECTION('ref_axis',(0.,-0.803958978278868,-0.594684757871596));
#7335=DIRECTION('',(1.,0.,0.));
#7336=DIRECTION('center_axis',(1.,0.,0.));
#7337=DIRECTION('ref_axis',(0.,-0.803958978278868,-0.594684757871596));
#7338=DIRECTION('',(-1.,0.,0.));
#7339=DIRECTION('center_axis',(-1.,0.,0.));
#7340=DIRECTION('ref_axis',(0.,1.,1.08314441426845E-16));
#7341=DIRECTION('center_axis',(1.,0.,0.));
#7342=DIRECTION('ref_axis',(0.,1.,1.08314441426845E-16));
#7343=DIRECTION('',(1.,0.,0.));
#7344=DIRECTION('center_axis',(-1.,0.,0.));
#7345=DIRECTION('ref_axis',(0.,0.812486352987021,0.582980210821817));
#7346=DIRECTION('center_axis',(-1.,0.,0.));
#7347=DIRECTION('ref_axis',(0.,0.594684757871594,-0.803958978278869));
#7348=DIRECTION('center_axis',(1.,0.,0.));
#7349=DIRECTION('ref_axis',(0.,0.594684757871594,-0.803958978278869));
#7350=DIRECTION('',(-1.,0.,0.));
#7351=DIRECTION('center_axis',(-1.,0.,0.));
#7352=DIRECTION('ref_axis',(0.,1.,1.08314441426845E-16));
#7353=DIRECTION('center_axis',(1.,0.,0.));
#7354=DIRECTION('ref_axis',(0.,1.,1.08314441426845E-16));
#7355=DIRECTION('',(1.,0.,0.));
#7356=DIRECTION('center_axis',(1.,0.,0.));
#7357=DIRECTION('ref_axis',(0.,-0.545743609443652,0.837952213882996));
#7358=DIRECTION('center_axis',(1.,0.,0.));
#7359=DIRECTION('ref_axis',(0.,-0.545743609443652,0.837952213882996));
#7360=DIRECTION('',(-1.,0.,0.));
#7361=DIRECTION('center_axis',(0.,1.,0.));
#7362=DIRECTION('ref_axis',(0.942809041582063,0.,-0.333333333333334));
#7363=DIRECTION('center_axis',(-1.33226762955019E-16,-1.,0.));
#7364=DIRECTION('ref_axis',(0.942809041582063,0.,-0.333333333333334));
#7365=DIRECTION('',(7.40148683083433E-16,-1.,0.));
#7366=DIRECTION('center_axis',(-1.07193947205188E-15,1.,0.));
#7367=DIRECTION('ref_axis',(0.942809041582063,0.,-0.333333333333334));
#7368=DIRECTION('',(0.,1.,0.));
#7369=DIRECTION('center_axis',(0.,1.,0.));
#7370=DIRECTION('ref_axis',(-1.,0.,0.));
#7371=DIRECTION('center_axis',(1.07193947205188E-15,-1.,0.));
#7372=DIRECTION('ref_axis',(-1.,0.,0.));
#7373=DIRECTION('center_axis',(-0.707106781186549,0.707106781186546,0.));
#7374=DIRECTION('ref_axis',(-0.707106781186546,-0.707106781186549,0.));
#7375=DIRECTION('center_axis',(-1.33226762955019E-16,-1.,0.));
#7376=DIRECTION('ref_axis',(-1.,0.,0.));
#7377=DIRECTION('center_axis',(1.07193947205188E-15,-1.,0.));
#7378=DIRECTION('ref_axis',(1.,1.07193947205188E-15,0.));
#7379=DIRECTION('',(0.,0.,1.));
#7380=DIRECTION('',(0.,0.,1.));
#7381=DIRECTION('center_axis',(0.707106781186547,0.707106781186548,0.));
#7382=DIRECTION('ref_axis',(0.,0.,-1.));
#7383=DIRECTION('',(0.,0.,1.));
#7384=DIRECTION('',(0.,0.,-1.));
#7385=DIRECTION('center_axis',(1.,0.,0.));
#7386=DIRECTION('ref_axis',(0.,1.,0.));
#7387=DIRECTION('',(0.,0.,-1.));
#7388=DIRECTION('center_axis',(-1.,0.,0.));
#7389=DIRECTION('ref_axis',(0.,-1.,0.));
#7390=DIRECTION('center_axis',(-1.,0.,0.));
#7391=DIRECTION('ref_axis',(0.,-1.,0.));
#7392=DIRECTION('center_axis',(0.707106781186549,-0.707106781186546,0.));
#7393=DIRECTION('ref_axis',(0.,0.,-1.));
#7394=DIRECTION('center_axis',(2.22044604925031E-16,1.,0.));
#7395=DIRECTION('ref_axis',(-1.,2.22044604925031E-16,0.));
#7396=DIRECTION('',(0.,0.,-1.));
#7397=DIRECTION('center_axis',(-0.577350269180007,0.577350269194435,0.577350269194436));
#7398=DIRECTION('ref_axis',(0.707106781195383,0.,0.707106781177712));
#7399=DIRECTION('',(0.,-0.707106781186547,0.707106781186547));
#7400=DIRECTION('',(0.707106781195383,0.707106781177712,0.));
#7401=DIRECTION('',(-0.707106781186547,1.76713906224859E-11,-0.707106781186547));
#7402=DIRECTION('center_axis',(-0.707106781177712,0.707106781195383,0.));
#7403=DIRECTION('ref_axis',(0.,0.,1.));
#7404=DIRECTION('',(0.,0.,-1.));
#7405=DIRECTION('',(0.,0.,-1.));
#7406=DIRECTION('center_axis',(-0.707106781186548,0.,0.707106781186548));
#7407=DIRECTION('ref_axis',(0.707106781186548,0.,0.707106781186548));
#7408=DIRECTION('',(0.707106781186547,0.,0.707106781186547));
#7409=DIRECTION('',(0.,-1.,0.));
#7410=DIRECTION('center_axis',(0.,0.,-1.));
#7411=DIRECTION('ref_axis',(-0.998795615471166,-0.0490644322862868,0.));
#7412=DIRECTION('center_axis',(0.,0.,1.));
#7413=DIRECTION('ref_axis',(-0.998795615471166,-0.0490644322862868,0.));
#7414=DIRECTION('',(0.703702318692867,0.0693040162348494,0.707106781186549));
#7415=DIRECTION('center_axis',(-0.703702318692869,-0.0693040162348503,0.707106781186547));
#7416=DIRECTION('ref_axis',(0.708811056368704,0.,0.705398388408623));
#7417=DIRECTION('',(0.70370231869287,0.0693040162348491,0.707106781186546));
#7418=DIRECTION('',(0.0980106796862504,-0.995185362968849,0.));
#7419=DIRECTION('center_axis',(0.,0.,1.));
#7420=DIRECTION('ref_axis',(0.998795615471166,0.049064432286287,0.));
#7421=DIRECTION('center_axis',(0.,0.,-1.));
#7422=DIRECTION('ref_axis',(0.998795615471166,0.049064432286287,0.));
#7423=DIRECTION('',(0.707106781186546,0.,0.707106781186549));
#7424=DIRECTION('center_axis',(-0.707106781186548,0.,0.707106781186548));
#7425=DIRECTION('ref_axis',(0.707106781186548,0.,0.707106781186548));
#7426=DIRECTION('',(0.707106781186547,0.,0.707106781186547));
#7427=DIRECTION('',(0.,-1.,0.));
#7428=DIRECTION('center_axis',(-1.,0.,0.));
#7429=DIRECTION('ref_axis',(0.,-0.358057437019717,-0.933699561847853));
#7430=DIRECTION('',(0.707106781186549,0.47279715165604,0.525797350113076));
#7431=DIRECTION('center_axis',(1.,0.,0.));
#7432=DIRECTION('ref_axis',(0.,-0.358057437019717,-0.933699561847852));
#7433=DIRECTION('center_axis',(-1.,0.,0.));
#7434=DIRECTION('ref_axis',(0.,-0.358057437019717,-0.933699561847853));
#7435=DIRECTION('center_axis',(1.,0.,0.));
#7436=DIRECTION('ref_axis',(0.,-1.,0.));
#7437=DIRECTION('center_axis',(1.,0.,0.));
#7438=DIRECTION('ref_axis',(0.,-1.,0.));
#7439=DIRECTION('center_axis',(9.42055475210265E-17,0.707106781186548,0.707106781186548));
#7440=DIRECTION('ref_axis',(1.,0.,-1.33226762955019E-16));
#7441=DIRECTION('',(-5.23364152894588E-16,0.707106781186548,-0.707106781186548));
#7442=DIRECTION('',(-1.,1.33226762955019E-16,0.));
#7443=DIRECTION('center_axis',(-1.,0.,0.));
#7444=DIRECTION('ref_axis',(0.,0.,1.));
#7445=DIRECTION('',(0.,0.,-1.));
#7446=DIRECTION('center_axis',(-1.,0.,0.));
#7447=DIRECTION('ref_axis',(0.,0.,1.));
#7448=DIRECTION('center_axis',(0.,0.,1.));
#7449=DIRECTION('ref_axis',(0.998795615471166,0.049064432286287,0.));
#7450=DIRECTION('',(0.,0.,-1.));
#7451=DIRECTION('',(0.,0.,-1.));
#7452=DIRECTION('',(0.,0.,1.));
#7453=DIRECTION('center_axis',(-0.995185362968849,-0.0980106796862504,0.));
#7454=DIRECTION('ref_axis',(0.0980106796862504,-0.995185362968849,0.));
#7455=DIRECTION('',(0.,0.,-1.));
#7456=DIRECTION('center_axis',(0.995185362968849,0.0980106796862504,0.));
#7457=DIRECTION('ref_axis',(-0.0980106796862504,0.995185362968849,0.));
#7458=DIRECTION('center_axis',(0.995185362968849,0.0980106796862504,0.));
#7459=DIRECTION('ref_axis',(0.0980106796862504,-0.995185362968849,0.));
#7460=DIRECTION('center_axis',(0.995185362968849,0.0980106796862504,0.));
#7461=DIRECTION('ref_axis',(0.0980106796862504,-0.995185362968849,0.));
#7462=DIRECTION('center_axis',(0.,0.,1.));
#7463=DIRECTION('ref_axis',(-0.998795615471166,-0.0490644322862868,0.));
#7464=DIRECTION('',(0.,0.,-1.));
#7465=DIRECTION('center_axis',(-1.,0.,0.));
#7466=DIRECTION('ref_axis',(0.,-1.,0.));
#7467=DIRECTION('center_axis',(1.,0.,0.));
#7468=DIRECTION('ref_axis',(0.,-1.,0.));
#7469=DIRECTION('center_axis',(1.,0.,0.));
#7470=DIRECTION('ref_axis',(0.,-1.,0.));
#7471=DIRECTION('center_axis',(1.33226762955019E-16,1.,0.));
#7472=DIRECTION('ref_axis',(-1.,1.33226762955019E-16,0.));
#7473=DIRECTION('',(0.,0.,1.));
#7474=DIRECTION('center_axis',(1.,7.40148683083433E-16,0.));
#7475=DIRECTION('ref_axis',(-7.40148683083433E-16,1.,0.));
#7476=DIRECTION('center_axis',(-0.079392295908664,0.806137158457803,0.586378499865002));
#7477=DIRECTION('ref_axis',(-0.995185362968849,-0.0980106796862532,0.));
#7478=DIRECTION('center_axis',(0.998789792281766,0.0491828306805023,2.18415644150937E-16));
#7479=DIRECTION('ref_axis',(0.0491828306805023,-0.998789792281766,-3.88107798453128E-15));
#7480=DIRECTION('center_axis',(0.,0.,-1.));
#7481=DIRECTION('ref_axis',(2.22044604925031E-15,-1.,0.));
#7482=DIRECTION('center_axis',(-0.995185362968849,-0.0980106796862486,0.));
#7483=DIRECTION('ref_axis',(0.0980106796862486,-0.995185362968849,-3.79801710659924E-15));
#7484=DIRECTION('center_axis',(0.,0.,-1.));
#7485=DIRECTION('ref_axis',(-0.671561359934353,-0.740948945503753,0.));
#7486=DIRECTION('center_axis',(0.,0.,-1.));
#7487=DIRECTION('ref_axis',(0.,-1.,0.));
#7488=DIRECTION('',(0.,0.,1.));
#7489=DIRECTION('',(0.,0.,-1.));
#7490=DIRECTION('center_axis',(0.00469660385207908,-0.0476885929596097,
0.998851210147833));
#7491=DIRECTION('ref_axis',(-0.995185362968849,-0.098010679686249,0.));
#7492=DIRECTION('center_axis',(-0.990032657865908,-0.140837979107076,0.));
#7493=DIRECTION('ref_axis',(-0.140837979107076,0.990032657865908,0.));
#7494=DIRECTION('center_axis',(0.995185362968849,0.0980106796862486,0.));
#7495=DIRECTION('ref_axis',(-0.0980106796862486,0.995185362968849,0.));
#7496=DIRECTION('center_axis',(-0.0980106796862486,0.995185362968849,0.));
#7497=DIRECTION('ref_axis',(-0.703702318692867,-0.0693040162348494,-0.707106781186549));
#7498=DIRECTION('center_axis',(0.0980106796862492,-0.995185362968849,0.));
#7499=DIRECTION('ref_axis',(-0.995185362968849,-0.0980106796862492,0.));
#7500=DIRECTION('',(-0.0980106796862486,0.995185362968849,0.));
#7501=DIRECTION('center_axis',(-0.0980106796862492,0.995185362968849,0.));
#7502=DIRECTION('ref_axis',(0.,0.,-1.));
#7503=DIRECTION('',(0.0980106796862486,-0.995185362968849,0.));
#7504=DIRECTION('center_axis',(-0.830732579323918,0.411566131062031,0.374828896181259));
#7505=DIRECTION('ref_axis',(-0.556671700061922,-0.614188566764747,-0.559364838728389));
#7506=DIRECTION('center_axis',(1.,0.,0.));
#7507=DIRECTION('ref_axis',(0.,-0.70710678118655,-0.707106781186545));
#7508=DIRECTION('center_axis',(0.,0.,1.));
#7509=DIRECTION('ref_axis',(-0.740948945503755,0.67156135993435,0.));
#7510=DIRECTION('center_axis',(0.,0.,-1.));
#7511=DIRECTION('ref_axis',(-0.995185362968849,-0.0980106796862488,0.));
#7512=DIRECTION('',(0.,0.,1.));
#7513=DIRECTION('center_axis',(0.,0.,1.));
#7514=DIRECTION('ref_axis',(-2.22044604925032E-15,1.,0.));
#7515=DIRECTION('',(0.,0.,-1.));
#7516=DIRECTION('center_axis',(-0.379969299366096,-0.84252377738331,-0.381807564203484));
#7517=DIRECTION('ref_axis',(-0.594314914762131,0.538659154330229,-0.597190168662816));
#7518=DIRECTION('center_axis',(1.,1.11022302462516E-15,0.));
#7519=DIRECTION('ref_axis',(0.,0.707106781186549,-0.707106781186546));
#7520=DIRECTION('center_axis',(0.0980106796862486,-0.995185362968849,0.));
#7521=DIRECTION('ref_axis',(-0.703702318692867,-0.0693040162348494,0.707106781186549));
#7522=DIRECTION('center_axis',(-0.0980106796862492,0.995185362968849,0.));
#7523=DIRECTION('ref_axis',(-0.995185362968849,-0.0980106796862492,0.));
#7524=DIRECTION('',(0.0980106796862486,-0.995185362968849,0.));
#7525=DIRECTION('center_axis',(0.0980106796862492,-0.995185362968849,0.));
#7526=DIRECTION('ref_axis',(0.,0.,1.));
#7527=DIRECTION('',(-0.0980106796862486,0.995185362968849,0.));
#7528=DIRECTION('center_axis',(-0.379969299366097,-0.84252377738331,0.381807564203482));
#7529=DIRECTION('ref_axis',(-0.594314914762134,0.53865915433023,0.597190168662813));
#7530=DIRECTION('center_axis',(1.,1.11022302462516E-15,0.));
#7531=DIRECTION('ref_axis',(0.,0.707106781186549,0.707106781186546));
#7532=DIRECTION('center_axis',(-0.824961443374026,0.426782000704677,-0.370534398970942));
#7533=DIRECTION('ref_axis',(-0.565189009930522,-0.622939740726142,0.540839590338766));
#7534=DIRECTION('center_axis',(1.,0.,0.));
#7535=DIRECTION('ref_axis',(0.,-0.723771068407646,0.69004017313201));
#7536=DIRECTION('center_axis',(0.,1.,0.));
#7537=DIRECTION('ref_axis',(0.,0.,-1.));
#7538=DIRECTION('',(-1.,0.,0.));
#7539=DIRECTION('',(0.,0.,1.));
#7540=DIRECTION('',(1.,0.,0.));
#7541=DIRECTION('center_axis',(-1.,0.,0.));
#7542=DIRECTION('ref_axis',(0.,-0.891132788679007,0.453742606486514));
#7543=DIRECTION('',(1.,0.,0.));
#7544=DIRECTION('center_axis',(1.,0.,0.));
#7545=DIRECTION('ref_axis',(0.,-0.891132788679007,0.453742606486514));
#7546=DIRECTION('center_axis',(-1.,0.,0.));
#7547=DIRECTION('ref_axis',(0.,1.,0.));
#7548=DIRECTION('',(-1.,0.,0.));
#7549=DIRECTION('center_axis',(1.,0.,0.));
#7550=DIRECTION('ref_axis',(0.,1.,0.));
#7551=DIRECTION('center_axis',(1.,0.,0.));
#7552=DIRECTION('ref_axis',(0.,-0.723771068407647,0.690040173132009));
#7553=DIRECTION('',(1.,0.,0.));
#7554=DIRECTION('center_axis',(1.,0.,0.));
#7555=DIRECTION('ref_axis',(0.,-0.723771068407647,0.690040173132009));
#7556=DIRECTION('center_axis',(0.,0.,1.));
#7557=DIRECTION('ref_axis',(1.,0.,0.));
#7558=DIRECTION('',(-1.,-1.11022302462516E-15,0.));
#7559=DIRECTION('',(0.373128742495533,-0.927779575935848,0.));
#7560=DIRECTION('center_axis',(0.,0.,1.));
#7561=DIRECTION('ref_axis',(0.981778889550964,0.190026871868365,0.));
#7562=DIRECTION('center_axis',(0.995185362968849,0.0980106796862486,0.));
#7563=DIRECTION('ref_axis',(-0.0980106796862486,0.995185362968849,0.));
#7564=DIRECTION('center_axis',(-0.995185362968849,-0.0980106796862486,0.));
#7565=DIRECTION('ref_axis',(0.0980106796862486,-0.995185362968849,0.));
#7566=DIRECTION('center_axis',(-0.995185362968849,-0.0980106796862486,0.));
#7567=DIRECTION('ref_axis',(0.0980106796862486,-0.995185362968849,0.));
#7568=DIRECTION('center_axis',(-1.,0.,0.));
#7569=DIRECTION('ref_axis',(0.,0.,1.));
#7570=DIRECTION('center_axis',(0.,0.808689828521617,-0.58823529411765));
#7571=DIRECTION('ref_axis',(-1.,0.,0.));
#7572=DIRECTION('center_axis',(-1.,0.,0.));
#7573=DIRECTION('ref_axis',(0.,-0.949424994048446,-0.313993918215161));
#7574=DIRECTION('center_axis',(0.,0.235541844046371,0.971864208469082));
#7575=DIRECTION('ref_axis',(0.,0.971864208469082,-0.235541844046371));
#7576=DIRECTION('center_axis',(1.,0.,0.));
#7577=DIRECTION('ref_axis',(0.,-0.949424994048446,-0.313993918215161));
#7578=DIRECTION('center_axis',(0.,-0.512815258010517,0.858498987274655));
#7579=DIRECTION('ref_axis',(0.,0.858498987274655,0.512815258010516));
#7580=DIRECTION('center_axis',(-1.,0.,0.));
#7581=DIRECTION('ref_axis',(0.,0.988719851693619,0.149776683322033));
#7582=DIRECTION('center_axis',(1.,0.,0.));
#7583=DIRECTION('ref_axis',(0.,0.988719851693619,0.149776683322033));
#7584=DIRECTION('center_axis',(1.,0.,0.));
#7585=DIRECTION('ref_axis',(0.,0.,-1.));
#7586=DIRECTION('center_axis',(0.,-0.550724637681159,0.8346869913033));
#7587=DIRECTION('ref_axis',(0.,0.834686991303301,0.550724637681159));
#7588=DIRECTION('center_axis',(-1.,0.,0.));
#7589=DIRECTION('ref_axis',(0.,0.846805154554458,0.531903215087106));
#7590=DIRECTION('center_axis',(1.,0.,0.));
#7591=DIRECTION('ref_axis',(0.,0.846805154554458,0.531903215087106));
#7592=DIRECTION('center_axis',(0.,-1.,0.));
#7593=DIRECTION('ref_axis',(0.,0.,1.));
#7594=DIRECTION('center_axis',(-1.,0.,0.));
#7595=DIRECTION('ref_axis',(0.,0.473959577558487,0.880546602310508));
#7596=DIRECTION('center_axis',(1.,0.,0.));
#7597=DIRECTION('ref_axis',(0.,0.473959577558487,0.880546602310508));
#7598=DIRECTION('center_axis',(0.,-1.,6.72111827703904E-16));
#7599=DIRECTION('ref_axis',(-0.707106781186549,0.,0.707106781186546));
#7600=DIRECTION('center_axis',(0.,-1.,0.));
#7601=DIRECTION('ref_axis',(0.,0.,1.));
#7602=DIRECTION('',(0.,1.,-6.72111827703904E-16));
#7603=DIRECTION('',(0.,-1.,6.72111827703904E-16));
#7604=DIRECTION('center_axis',(1.,0.,0.));
#7605=DIRECTION('ref_axis',(0.,0.,-1.));
#7606=DIRECTION('center_axis',(0.,-0.7291385363219,0.684366126317162));
#7607=DIRECTION('ref_axis',(0.,0.684366126317162,0.7291385363219));
#7608=DIRECTION('center_axis',(1.,0.,0.));
#7609=DIRECTION('ref_axis',(0.,-0.368009146406782,-0.929822170181455));
#7610=DIRECTION('center_axis',(-1.,0.,0.));
#7611=DIRECTION('ref_axis',(0.,-0.368009146406782,-0.929822170181455));
#7612=DIRECTION('center_axis',(1.,0.,0.));
#7613=DIRECTION('ref_axis',(0.,-1.,-6.12323399573677E-17));
#7614=DIRECTION('center_axis',(-1.,0.,0.));
#7615=DIRECTION('ref_axis',(0.,-0.397261798869989,0.917705324795809));
#7616=DIRECTION('center_axis',(1.,0.,0.));
#7617=DIRECTION('ref_axis',(0.,-0.397261798869989,0.917705324795809));
#7618=DIRECTION('center_axis',(1.,0.,0.));
#7619=DIRECTION('ref_axis',(0.,1.,0.));
#7620=DIRECTION('center_axis',(1.,0.,0.));
#7621=DIRECTION('ref_axis',(0.,-0.397261798869989,0.917705324795809));
#7622=DIRECTION('center_axis',(0.,0.,-1.));
#7623=DIRECTION('ref_axis',(-1.,0.,0.));
#7624=DIRECTION('center_axis',(1.,0.,0.));
#7625=DIRECTION('ref_axis',(0.,0.527549443448767,0.849524328502072));
#7626=DIRECTION('center_axis',(-1.,0.,0.));
#7627=DIRECTION('ref_axis',(0.,0.527549443448767,0.849524328502072));
#7628=DIRECTION('center_axis',(0.,-3.86164530304403E-16,1.));
#7629=DIRECTION('ref_axis',(-0.707106781186546,0.707106781186549,2.73059558031961E-16));
#7630=DIRECTION('',(0.,-3.86164530304403E-16,1.));
#7631=DIRECTION('',(0.,3.86164530304403E-16,-1.));
#7632=DIRECTION('center_axis',(1.,0.,0.));
#7633=DIRECTION('ref_axis',(0.,0.,-1.));
#7634=DIRECTION('center_axis',(1.,0.,0.));
#7635=DIRECTION('ref_axis',(0.,1.,0.));
#7636=DIRECTION('center_axis',(1.,0.,0.));
#7637=DIRECTION('ref_axis',(0.,1.,0.));
#7638=DIRECTION('',(-1.,0.,0.));
#7639=DIRECTION('center_axis',(1.,0.,0.));
#7640=DIRECTION('ref_axis',(0.,1.,0.));
#7641=DIRECTION('',(-1.,0.,0.));
#7642=DIRECTION('center_axis',(1.,0.,0.));
#7643=DIRECTION('ref_axis',(0.,-1.,1.22464679914735E-16));
#7644=DIRECTION('',(1.,0.,0.));
#7645=DIRECTION('center_axis',(1.,0.,0.));
#7646=DIRECTION('ref_axis',(0.,1.,0.));
#7647=DIRECTION('center_axis',(0.,0.,1.));
#7648=DIRECTION('ref_axis',(-0.707106781186548,-0.707106781186547,0.));
#7649=DIRECTION('',(0.,0.,-1.));
#7650=DIRECTION('',(0.,0.,1.));
#7651=DIRECTION('center_axis',(1.,0.,0.));
#7652=DIRECTION('ref_axis',(0.,1.,0.));
#7653=DIRECTION('',(0.,-2.46269403900018E-15,-1.));
#7654=DIRECTION('center_axis',(0.,-2.46269403900018E-15,-1.));
#7655=DIRECTION('ref_axis',(-0.707106781186548,0.707106781186547,-3.14018491736756E-15));
#7656=DIRECTION('',(0.,2.46269403900018E-15,1.));
#7657=DIRECTION('center_axis',(1.,0.,0.));
#7658=DIRECTION('ref_axis',(0.,0.,-1.));
#7659=DIRECTION('center_axis',(1.,0.,0.));
#7660=DIRECTION('ref_axis',(0.,0.,1.));
#7661=DIRECTION('center_axis',(0.,-1.,0.));
#7662=DIRECTION('ref_axis',(0.,0.,1.));
#7663=DIRECTION('center_axis',(1.,0.,0.));
#7664=DIRECTION('ref_axis',(0.,0.,1.));
#7665=DIRECTION('center_axis',(1.,0.,0.));
#7666=DIRECTION('ref_axis',(0.,1.,0.));
#7667=DIRECTION('',(-0.98058067569092,0.196116135138182,2.40172997158125E-17));
#7668=DIRECTION('center_axis',(-1.,0.,0.));
#7669=DIRECTION('ref_axis',(0.,-0.358057437019716,-0.933699561847853));
#7670=DIRECTION('center_axis',(-1.,0.,0.));
#7671=DIRECTION('ref_axis',(0.,-0.358057437019717,-0.933699561847852));
#7672=DIRECTION('center_axis',(-1.,0.,0.));
#7673=DIRECTION('ref_axis',(0.,-0.442298690984773,0.896867809631473));
#7674=DIRECTION('center_axis',(1.,0.,0.));
#7675=DIRECTION('ref_axis',(0.,-0.442298690984773,0.896867809631473));
#7676=DIRECTION('',(1.,0.,0.));
#7677=DIRECTION('center_axis',(1.,0.,0.));
#7678=DIRECTION('ref_axis',(0.,-0.442298690984773,0.896867809631473));
#7679=DIRECTION('',(-1.,0.,0.));
#7680=DIRECTION('center_axis',(0.,-0.382683432365088,-0.923879532511287));
#7681=DIRECTION('ref_axis',(0.,-0.923879532511288,0.382683432365088));
#7682=DIRECTION('',(0.,0.923879532511288,-0.382683432365088));
#7683=DIRECTION('',(-1.,0.,0.));
#7684=DIRECTION('',(0.,0.923879532511288,-0.382683432365088));
#7685=DIRECTION('center_axis',(-1.,0.,0.));
#7686=DIRECTION('ref_axis',(0.,0.895426407320442,0.445209556358807));
#7687=DIRECTION('center_axis',(1.,0.,0.));
#7688=DIRECTION('ref_axis',(0.,0.895426407320442,0.445209556358807));
#7689=DIRECTION('',(1.,0.,0.));
#7690=DIRECTION('center_axis',(1.,0.,0.));
#7691=DIRECTION('ref_axis',(0.,0.895426407320442,0.445209556358807));
#7692=DIRECTION('center_axis',(1.,0.,0.));
#7693=DIRECTION('ref_axis',(0.,-1.,1.22464679914735E-16));
#7694=DIRECTION('center_axis',(1.,0.,0.));
#7695=DIRECTION('ref_axis',(0.,1.,0.));
#7696=DIRECTION('center_axis',(1.,0.,0.));
#7697=DIRECTION('ref_axis',(0.,1.,0.));
#7698=DIRECTION('center_axis',(-1.,0.,0.));
#7699=DIRECTION('ref_axis',(0.,-0.946933713723667,-0.321428906312896));
#7700=DIRECTION('center_axis',(1.,0.,0.));
#7701=DIRECTION('ref_axis',(0.,-0.946933713723667,-0.321428906312896));
#7702=DIRECTION('',(1.,0.,0.));
#7703=DIRECTION('center_axis',(1.,0.,0.));
#7704=DIRECTION('ref_axis',(0.,-0.946933713723667,-0.321428906312896));
#7705=DIRECTION('',(-1.,0.,0.));
#7706=DIRECTION('center_axis',(-1.,0.,0.));
#7707=DIRECTION('ref_axis',(0.,0.778099772898328,0.628140703517588));
#7708=DIRECTION('center_axis',(-1.,0.,0.));
#7709=DIRECTION('ref_axis',(0.,0.778099772898328,0.628140703517588));
#7710=DIRECTION('',(-1.,0.,0.));
#7711=DIRECTION('center_axis',(1.,0.,0.));
#7712=DIRECTION('ref_axis',(0.,0.778099772898328,0.628140703517588));
#7713=DIRECTION('center_axis',(1.,0.,0.));
#7714=DIRECTION('ref_axis',(0.,0.318351388319275,-0.94797278102021));
#7715=DIRECTION('center_axis',(1.,0.,0.));
#7716=DIRECTION('ref_axis',(0.,0.318351388319275,-0.94797278102021));
#7717=DIRECTION('',(1.,0.,0.));
#7718=DIRECTION('center_axis',(1.,0.,0.));
#7719=DIRECTION('ref_axis',(0.,0.318351388319275,-0.94797278102021));
#7720=DIRECTION('',(-1.,0.,0.));
#7721=DIRECTION('center_axis',(-1.,0.,0.));
#7722=DIRECTION('ref_axis',(0.,0.,1.));
#7723=DIRECTION('',(0.,-0.923879532511135,0.382683432365455));
#7724=DIRECTION('center_axis',(1.,0.,0.));
#7725=DIRECTION('ref_axis',(0.,1.,0.));
#7726=DIRECTION('center_axis',(1.,0.,0.));
#7727=DIRECTION('ref_axis',(0.,0.885112954071584,-0.465376254803222));
#7728=DIRECTION('',(0.,0.,-1.));
#7729=DIRECTION('center_axis',(1.,0.,0.));
#7730=DIRECTION('ref_axis',(0.,0.479473972985651,0.877556100331686));
#7731=DIRECTION('center_axis',(1.,0.,0.));
#7732=DIRECTION('ref_axis',(0.,1.,0.));
#7733=DIRECTION('center_axis',(1.,0.,0.));
#7734=DIRECTION('ref_axis',(0.,1.,0.));
#7735=DIRECTION('',(1.,0.,0.));
#7736=DIRECTION('center_axis',(-1.,0.,0.));
#7737=DIRECTION('ref_axis',(0.,0.479473972985651,0.877556100331686));
#7738=DIRECTION('',(1.,0.,0.));
#7739=DIRECTION('center_axis',(1.,0.,0.));
#7740=DIRECTION('ref_axis',(0.,0.479473972985651,0.877556100331686));
#7741=DIRECTION('center_axis',(0.,-1.,0.));
#7742=DIRECTION('ref_axis',(0.,0.,1.));
#7743=DIRECTION('',(-1.,0.,0.));
#7744=DIRECTION('',(0.,0.,-1.));
#7745=DIRECTION('center_axis',(-1.,0.,0.));
#7746=DIRECTION('ref_axis',(0.,0.885112954071584,-0.465376254803222));
#7747=DIRECTION('center_axis',(1.,0.,0.));
#7748=DIRECTION('ref_axis',(0.,0.885112954071584,-0.465376254803222));
#7749=DIRECTION('center_axis',(-1.,0.,0.));
#7750=DIRECTION('ref_axis',(0.,-0.479473972985651,0.877556100331686));
#7751=DIRECTION('center_axis',(1.,0.,0.));
#7752=DIRECTION('ref_axis',(0.,-0.479473972985651,0.877556100331686));
#7753=DIRECTION('',(1.,0.,0.));
#7754=DIRECTION('center_axis',(1.,0.,0.));
#7755=DIRECTION('ref_axis',(0.,-0.479473972985651,0.877556100331686));
#7756=DIRECTION('',(-1.,0.,0.));
#7757=DIRECTION('center_axis',(-1.,0.,0.));
#7758=DIRECTION('ref_axis',(0.,0.,1.));
#7759=DIRECTION('',(0.,0.,1.));
#7760=DIRECTION('center_axis',(1.,0.,0.));
#7761=DIRECTION('ref_axis',(0.,-0.885112954071584,-0.465376254803222));
#7762=DIRECTION('center_axis',(1.,0.,0.));
#7763=DIRECTION('ref_axis',(0.,1.,0.));
#7764=DIRECTION('center_axis',(1.,0.,0.));
#7765=DIRECTION('ref_axis',(0.,-0.370116605098805,-0.928985305927997));
#7766=DIRECTION('',(0.,-1.,0.));
#7767=DIRECTION('center_axis',(1.,0.,0.));
#7768=DIRECTION('ref_axis',(0.,0.919757034553675,-0.392488213057449));
#7769=DIRECTION('center_axis',(-1.,0.,0.));
#7770=DIRECTION('ref_axis',(0.,0.778099772898328,0.628140703517588));
#7771=DIRECTION('center_axis',(0.,1.,0.));
#7772=DIRECTION('ref_axis',(0.,0.,-1.));
#7773=DIRECTION('',(0.,0.,-1.));
#7774=DIRECTION('',(1.,0.,0.));
#7775=DIRECTION('center_axis',(1.,0.,0.));
#7776=DIRECTION('ref_axis',(0.,-0.885112954071584,-0.465376254803222));
#7777=DIRECTION('center_axis',(1.,0.,0.));
#7778=DIRECTION('ref_axis',(0.,-0.885112954071584,-0.465376254803222));
#7779=DIRECTION('',(-1.,0.,0.));
#7780=DIRECTION('center_axis',(-1.,0.,0.));
#7781=DIRECTION('ref_axis',(0.,-0.370116605098805,-0.928985305927997));
#7782=DIRECTION('',(1.,0.,0.));
#7783=DIRECTION('center_axis',(1.,0.,0.));
#7784=DIRECTION('ref_axis',(0.,-0.370116605098805,-0.928985305927997));
#7785=DIRECTION('',(-1.,0.,0.));
#7786=DIRECTION('center_axis',(0.,0.,1.));
#7787=DIRECTION('ref_axis',(1.,0.,0.));
#7788=DIRECTION('',(0.,-1.,0.));
#7789=DIRECTION('',(1.,0.,0.));
#7790=DIRECTION('center_axis',(-1.,0.,0.));
#7791=DIRECTION('ref_axis',(0.,0.919757034553675,-0.392488213057449));
#7792=DIRECTION('center_axis',(1.,0.,0.));
#7793=DIRECTION('ref_axis',(0.,0.919757034553675,-0.392488213057449));
#7794=DIRECTION('',(-1.,0.,0.));
#7795=DIRECTION('center_axis',(0.,0.,1.));
#7796=DIRECTION('ref_axis',(0.981778889550964,0.190026871868365,0.));
#7797=DIRECTION('center_axis',(0.,0.,-1.));
#7798=DIRECTION('ref_axis',(0.981778889550964,0.190026871868365,0.));
#7799=DIRECTION('',(0.,0.,-1.));
#7800=DIRECTION('',(0.,0.,1.));
#7801=DIRECTION('center_axis',(1.,0.,0.));
#7802=DIRECTION('ref_axis',(0.,0.,-1.));
#7803=DIRECTION('',(0.,1.,0.));
#7804=DIRECTION('center_axis',(1.,0.,0.));
#7805=DIRECTION('ref_axis',(0.,-0.471404520791032,-0.881917103688197));
#7806=DIRECTION('center_axis',(1.,0.,0.));
#7807=DIRECTION('ref_axis',(0.,1.,0.));
#7808=DIRECTION('',(0.,-2.46269403900018E-15,-1.));
#7809=DIRECTION('center_axis',(-1.,0.,0.));
#7810=DIRECTION('ref_axis',(0.,-0.368009146406783,-0.929822170181455));
#7811=DIRECTION('',(0.,1.,-6.72111827703904E-16));
#7812=DIRECTION('center_axis',(1.,0.,0.));
#7813=DIRECTION('ref_axis',(0.,0.473959577558488,0.880546602310508));
#7814=DIRECTION('center_axis',(1.,0.,0.));
#7815=DIRECTION('ref_axis',(0.,0.883782765173352,0.467897450284294));
#7816=DIRECTION('center_axis',(1.,0.,0.));
#7817=DIRECTION('ref_axis',(0.,0.988719851693619,0.149776683322033));
#7818=DIRECTION('center_axis',(1.,0.,0.));
#7819=DIRECTION('ref_axis',(0.,1.,0.));
#7820=DIRECTION('center_axis',(1.,0.,0.));
#7821=DIRECTION('ref_axis',(0.,0.891132788679008,0.453742606486513));
#7822=DIRECTION('',(0.,3.86164530304403E-16,-1.));
#7823=DIRECTION('',(0.,0.,-1.));
#7824=DIRECTION('',(0.,1.,0.));
#7825=DIRECTION('center_axis',(1.,0.,0.));
#7826=DIRECTION('ref_axis',(0.,-0.707106781186549,-0.707106781186546));
#7827=DIRECTION('center_axis',(1.,0.,0.));
#7828=DIRECTION('ref_axis',(0.,0.778099772898328,0.628140703517588));
#7829=DIRECTION('center_axis',(1.,0.,0.));
#7830=DIRECTION('ref_axis',(0.,1.,0.));
#7831=DIRECTION('center_axis',(-1.,0.,0.));
#7832=DIRECTION('ref_axis',(0.,1.,0.));
#7833=DIRECTION('center_axis',(-1.,0.,0.));
#7834=DIRECTION('ref_axis',(0.,1.,0.));
#7835=DIRECTION('center_axis',(0.,0.,1.));
#7836=DIRECTION('ref_axis',(0.981778889550964,0.190026871868365,0.));
#7837=DIRECTION('',(0.,0.,1.));
#7838=DIRECTION('center_axis',(0.,0.,-1.));
#7839=DIRECTION('ref_axis',(0.981778889550964,0.190026871868365,0.));
#7840=DIRECTION('center_axis',(1.,0.,0.));
#7841=DIRECTION('ref_axis',(0.,-0.368009146406783,-0.929822170181455));
#7842=DIRECTION('',(1.,0.,0.));
#7843=DIRECTION('center_axis',(0.,6.72111827703904E-16,1.));
#7844=DIRECTION('ref_axis',(0.,1.,-6.72111827703904E-16));
#7845=DIRECTION('',(-1.,0.,0.));
#7846=DIRECTION('center_axis',(-1.,0.,0.));
#7847=DIRECTION('ref_axis',(0.,0.473959577558488,0.880546602310508));
#7848=DIRECTION('',(1.,0.,0.));
#7849=DIRECTION('center_axis',(-1.,0.,0.));
#7850=DIRECTION('ref_axis',(0.,0.988719851693619,0.149776683322033));
#7851=DIRECTION('',(1.,0.,0.));
#7852=DIRECTION('',(-1.,0.,0.));
#7853=DIRECTION('center_axis',(-1.,0.,0.));
#7854=DIRECTION('ref_axis',(0.,0.883782765173352,0.467897450284294));
#7855=DIRECTION('center_axis',(-1.,0.,0.));
#7856=DIRECTION('ref_axis',(0.,0.891132788679008,0.453742606486513));
#7857=DIRECTION('',(1.,0.,0.));
#7858=DIRECTION('',(-1.,0.,0.));
#7859=DIRECTION('center_axis',(-1.,0.,0.));
#7860=DIRECTION('ref_axis',(0.,-0.938659981564877,-0.344844079271522));
#7861=DIRECTION('center_axis',(-1.,0.,0.));
#7862=DIRECTION('ref_axis',(0.,-0.707106781186549,-0.707106781186546));
#7863=DIRECTION('',(-1.,0.,0.));
#7864=DIRECTION('center_axis',(0.,0.,1.));
#7865=DIRECTION('ref_axis',(1.,0.,0.));
#7866=DIRECTION('',(-0.373128742495533,0.927779575935848,0.));
#7867=DIRECTION('',(1.,1.11022302462516E-15,0.));
#7868=DIRECTION('center_axis',(1.,1.11022302462516E-15,0.));
#7869=DIRECTION('ref_axis',(-3.14018491736754E-15,0.707106781186549,-0.707106781186546));
#7870=DIRECTION('center_axis',(0.927779575935848,0.373128742495533,0.));
#7871=DIRECTION('ref_axis',(-0.373128742495533,0.927779575935848,-1.28755280872618E-16));
#7872=DIRECTION('',(-1.,-1.11022302462516E-15,0.));
#7873=DIRECTION('center_axis',(-1.,0.,0.));
#7874=DIRECTION('ref_axis',(0.,0.,1.));
#7875=DIRECTION('center_axis',(1.80733980752932E-15,0.580930046362643,-0.813953488372092));
#7876=DIRECTION('ref_axis',(0.,-0.813953488372092,-0.580930046362643));
#7877=DIRECTION('center_axis',(-0.379969299366093,-0.842523777383313,-0.38180756420348));
#7878=DIRECTION('ref_axis',(-0.594314914762134,0.538659154330226,-0.597190168662817));
#7879=DIRECTION('center_axis',(1.,0.,0.));
#7880=DIRECTION('ref_axis',(0.,1.,0.));
#7881=DIRECTION('center_axis',(-2.18680292729025E-16,2.22044604925031E-15,
1.));
#7882=DIRECTION('ref_axis',(-0.995185362968849,-0.0980106796862488,0.));
#7883=DIRECTION('center_axis',(0.098010679686249,-0.995185362968849,0.));
#7884=DIRECTION('ref_axis',(0.,0.,-1.));
#7885=DIRECTION('center_axis',(0.,0.,1.));
#7886=DIRECTION('ref_axis',(-0.740948945503755,0.67156135993435,0.));
#7887=DIRECTION('',(0.,0.,-1.));
#7888=DIRECTION('',(0.,0.,1.));
#7889=DIRECTION('center_axis',(0.0190384066116682,-0.555454862839793,0.831328716225607));
#7890=DIRECTION('ref_axis',(-0.999413117441254,-0.0342552285987808,0.));
#7891=DIRECTION('center_axis',(-0.0971846908788953,0.98679840029123,-0.129553282634765));
#7892=DIRECTION('ref_axis',(0.,-0.130169457428649,-0.991491761111877));
#7893=DIRECTION('center_axis',(-0.098010679686249,0.995185362968849,0.));
#7894=DIRECTION('ref_axis',(0.,0.,-1.));
#7895=DIRECTION('center_axis',(-0.995185362968849,-0.0980106796862486,0.));
#7896=DIRECTION('ref_axis',(0.0980106796862486,-0.995185362968849,6.69832107891138E-15));
#7897=DIRECTION('center_axis',(0.998789792281766,0.0491828306805023,-4.36831288301874E-16));
#7898=DIRECTION('ref_axis',(0.0491828306805023,-0.998789792281766,6.65327654491076E-15));
#7899=DIRECTION('center_axis',(-0.0980106796862486,0.995185362968849,0.));
#7900=DIRECTION('ref_axis',(-0.703702318692867,-0.0693040162348491,-0.707106781186549));
#7901=DIRECTION('',(0.0980106796862486,-0.995185362968849,0.));
#7902=DIRECTION('',(-0.0980106796862486,0.995185362968849,0.));
#7903=DIRECTION('center_axis',(1.,1.11022302462516E-15,0.));
#7904=DIRECTION('ref_axis',(-1.57009245868377E-15,0.707106781186548,-0.707106781186548));
#7905=DIRECTION('',(-1.,-1.11022302462516E-15,0.));
#7906=DIRECTION('',(1.,1.11022302462516E-15,0.));
#7907=DIRECTION('center_axis',(0.927779575935848,0.373128742495533,0.));
#7908=DIRECTION('ref_axis',(-0.373128742495533,0.927779575935848,0.));
#7909=DIRECTION('center_axis',(0.,0.,1.));
#7910=DIRECTION('ref_axis',(1.,0.,0.));
#7911=DIRECTION('',(0.,0.,1.));
#7912=DIRECTION('center_axis',(0.995185362968849,0.0980106796862486,0.));
#7913=DIRECTION('ref_axis',(-0.0980106796862486,0.995185362968849,0.));
#7914=DIRECTION('center_axis',(1.11022302462516E-15,-1.,0.));
#7915=DIRECTION('ref_axis',(1.,1.11022302462516E-15,0.));
#7916=DIRECTION('',(0.,0.,-1.));
#7917=DIRECTION('center_axis',(0.,0.,1.));
#7918=DIRECTION('ref_axis',(-0.981778889550964,-0.190026871868364,0.));
#7919=DIRECTION('',(0.,0.,-1.));
#7920=DIRECTION('',(0.,0.,-1.));
#7921=DIRECTION('',(0.,0.,-1.));
#7922=DIRECTION('',(0.,0.,1.));
#7923=DIRECTION('center_axis',(1.,0.,0.));
#7924=DIRECTION('ref_axis',(0.,1.,0.));
#7925=DIRECTION('center_axis',(-1.,-1.11022302462516E-15,0.));
#7926=DIRECTION('ref_axis',(-3.14018491736754E-15,0.707106781186549,0.707106781186546));
#7927=DIRECTION('',(1.,1.11022302462516E-15,0.));
#7928=DIRECTION('center_axis',(0.927779575935848,0.373128742495533,0.));
#7929=DIRECTION('ref_axis',(-0.373128742495533,0.927779575935848,-1.28755280872618E-16));
#7930=DIRECTION('center_axis',(-1.,0.,0.));
#7931=DIRECTION('ref_axis',(0.,-0.471404520791032,-0.881917103688197));
#7932=DIRECTION('',(-1.,0.,0.));
#7933=DIRECTION('center_axis',(0.,0.,1.));
#7934=DIRECTION('ref_axis',(0.,1.,0.));
#7935=DIRECTION('',(-0.373128742495533,0.927779575935848,0.));
#7936=DIRECTION('center_axis',(-1.,0.,0.));
#7937=DIRECTION('ref_axis',(0.,-1.,0.));
#7938=DIRECTION('',(-1.,0.,0.));
#7939=DIRECTION('center_axis',(-1.,0.,0.));
#7940=DIRECTION('ref_axis',(0.,-1.,0.));
#7941=DIRECTION('',(-1.,0.,0.));
#7942=DIRECTION('center_axis',(-1.,0.,0.));
#7943=DIRECTION('ref_axis',(0.,1.,0.));
#7944=DIRECTION('center_axis',(1.,0.,0.));
#7945=DIRECTION('ref_axis',(0.,1.,0.));
#7946=DIRECTION('',(-1.,0.,0.));
#7947=DIRECTION('center_axis',(-1.,0.,0.));
#7948=DIRECTION('ref_axis',(0.,0.,1.));
#7949=DIRECTION('center_axis',(-1.,0.,0.));
#7950=DIRECTION('ref_axis',(0.,1.,0.));
#7951=DIRECTION('center_axis',(-1.,0.,0.));
#7952=DIRECTION('ref_axis',(0.,1.,0.));
#7953=DIRECTION('',(-1.,0.,0.));
#7954=DIRECTION('center_axis',(1.,0.,0.));
#7955=DIRECTION('ref_axis',(0.,0.,-1.));
#7956=DIRECTION('',(0.,0.,-1.));
#7957=DIRECTION('center_axis',(1.,0.,0.));
#7958=DIRECTION('ref_axis',(0.,1.,0.));
#7959=DIRECTION('center_axis',(1.,0.,0.));
#7960=DIRECTION('ref_axis',(0.,0.778099772898328,0.628140703517588));
#7961=DIRECTION('center_axis',(-1.,0.,0.));
#7962=DIRECTION('ref_axis',(0.,1.,0.));
#7963=DIRECTION('center_axis',(-1.,0.,0.));
#7964=DIRECTION('ref_axis',(0.,1.,0.));
#7965=DIRECTION('',(0.,0.923879532511135,-0.382683432365455));
#7966=DIRECTION('center_axis',(-1.,0.,0.));
#7967=DIRECTION('ref_axis',(0.,1.,0.));
#7968=DIRECTION('',(-1.,0.,0.));
#7969=DIRECTION('center_axis',(-1.,0.,0.));
#7970=DIRECTION('ref_axis',(0.,1.,0.));
#7971=DIRECTION('',(-1.,0.,0.));
#7972=DIRECTION('center_axis',(-1.,0.,0.));
#7973=DIRECTION('ref_axis',(0.,1.,0.));
#7974=DIRECTION('',(-1.,0.,0.));
#7975=DIRECTION('center_axis',(-1.,0.,0.));
#7976=DIRECTION('ref_axis',(0.,1.,0.));
#7977=DIRECTION('',(-1.,0.,0.));
#7978=DIRECTION('center_axis',(1.,0.,0.));
#7979=DIRECTION('ref_axis',(0.,-1.,0.));
#7980=DIRECTION('',(1.,0.,0.));
#7981=DIRECTION('center_axis',(1.,0.,0.));
#7982=DIRECTION('ref_axis',(0.,-1.,0.));
#7983=DIRECTION('',(1.,0.,0.));
#7984=DIRECTION('center_axis',(0.927779575935848,0.373128742495533,0.));
#7985=DIRECTION('ref_axis',(-0.373128742495533,0.927779575935848,0.));
#7986=DIRECTION('center_axis',(0.927779575935848,0.373128742495533,0.));
#7987=DIRECTION('ref_axis',(-0.373128742495533,0.927779575935848,0.));
#7988=DIRECTION('center_axis',(1.11022302462516E-15,-1.,0.));
#7989=DIRECTION('ref_axis',(1.,1.11022302462516E-15,0.));
#7990=DIRECTION('center_axis',(-1.,0.,0.));
#7991=DIRECTION('ref_axis',(0.,0.,1.));
#7992=DIRECTION('center_axis',(-1.,0.,0.));
#7993=DIRECTION('ref_axis',(0.,0.778099772898328,0.628140703517588));
#7994=DIRECTION('center_axis',(-1.,0.,0.));
#7995=DIRECTION('ref_axis',(0.,0.778099772898328,0.628140703517588));
#7996=DIRECTION('center_axis',(0.,0.382683432365455,0.923879532511135));
#7997=DIRECTION('ref_axis',(0.,0.923879532511135,-0.382683432365455));
#7998=DIRECTION('center_axis',(1.,0.,0.));
#7999=DIRECTION('ref_axis',(0.,1.,0.));
#8000=DIRECTION('center_axis',(0.,-1.,2.46269403900018E-15));
#8001=DIRECTION('ref_axis',(0.,2.46269403900018E-15,1.));
#8002=DIRECTION('center_axis',(-1.,0.,0.));
#8003=DIRECTION('ref_axis',(0.,0.778099772898328,0.628140703517588));
#8004=DIRECTION('center_axis',(-1.,0.,0.));
#8005=DIRECTION('ref_axis',(0.,1.,0.));
#8006=DIRECTION('',(-1.,0.,0.));
#8007=DIRECTION('center_axis',(0.,1.,0.));
#8008=DIRECTION('ref_axis',(0.,0.,-1.));
#8009=DIRECTION('center_axis',(0.,-1.,-3.86164530304403E-16));
#8010=DIRECTION('ref_axis',(0.,-3.86164530304403E-16,1.));
#8011=DIRECTION('center_axis',(1.,0.,0.));
#8012=DIRECTION('ref_axis',(0.,1.,0.));
#8013=DIRECTION('',(-1.,0.,0.));
#8014=DIRECTION('center_axis',(1.,0.,0.));
#8015=DIRECTION('ref_axis',(0.,1.,0.));
#8016=DIRECTION('center_axis',(-1.,0.,0.));
#8017=DIRECTION('ref_axis',(0.,0.,1.));
#8018=DIRECTION('center_axis',(-1.,0.,0.));
#8019=DIRECTION('ref_axis',(0.,1.,0.));
#8020=DIRECTION('center_axis',(1.,0.,0.));
#8021=DIRECTION('ref_axis',(0.,1.,0.));
#8022=DIRECTION('',(-1.,0.,0.));
#8023=CARTESIAN_POINT('',(0.,0.,0.));
#8024=CARTESIAN_POINT('Origin',(-12.65,-137.942614288915,-10.1245116002857));
#8025=CARTESIAN_POINT('',(-12.55,-130.115248690725,-8.47153011452481));
#8026=CARTESIAN_POINT('',(-12.75,-129.91956455077,-8.43020557738079));
#8027=CARTESIAN_POINT('',(-12.55,-130.115248690725,-8.47153011452481));
#8028=CARTESIAN_POINT('',(-12.75,-130.766863129019,-14.0929615862684));
#8029=CARTESIAN_POINT('Origin',(-12.75,-137.942614288915,-10.1245116002857));
#8030=CARTESIAN_POINT('',(-12.55,-130.941881449992,-13.9961701231956));
#8031=CARTESIAN_POINT('',(-12.55,-130.941881449992,-13.9961701231956));
#8032=CARTESIAN_POINT('Origin',(-12.55,-137.942614288915,-10.1245116002857));
#8033=CARTESIAN_POINT('Origin',(-12.65,-127.879060832963,-15.6900207269687));
#8034=CARTESIAN_POINT('',(-12.55,-128.847068812577,-19.0534952030727));
#8035=CARTESIAN_POINT('',(-12.75,-128.791754070885,-18.861296661581));
#8036=CARTESIAN_POINT('',(-12.55,-128.847068812577,-19.0534952030727));
#8037=CARTESIAN_POINT('Origin',(-12.55,-127.879060832963,-15.6900207269687));
#8038=CARTESIAN_POINT('Origin',(-12.75,-127.879060832963,-15.6900207269687));
#8039=CARTESIAN_POINT('Origin',(-12.65,-131.059658480267,-26.741436862739));
#8040=CARTESIAN_POINT('',(-12.75,-124.188450326426,-22.266339265301));
#8041=CARTESIAN_POINT('Origin',(-12.75,-131.059658480267,-26.741436862739));
#8042=CARTESIAN_POINT('',(-12.55,-124.356040769203,-22.3754879871898));
#8043=CARTESIAN_POINT('',(-12.55,-124.356040769203,-22.3754879871898));
#8044=CARTESIAN_POINT('Origin',(-12.55,-131.059658480267,-26.741436862739));
#8045=CARTESIAN_POINT('Origin',(-12.65,-90.,0.));
#8046=CARTESIAN_POINT('',(-12.55,-112.37548798719,-34.3560407692028));
#8047=CARTESIAN_POINT('',(-12.75,-112.266339265301,-34.1884503264262));
#8048=CARTESIAN_POINT('',(-12.55,-112.37548798719,-34.3560407692028));
#8049=CARTESIAN_POINT('Origin',(-12.55,-90.,0.));
#8050=CARTESIAN_POINT('Origin',(-12.75,-90.,0.));
#8051=CARTESIAN_POINT('Origin',(-12.65,-116.741436862739,-41.0596584802668));
#8052=CARTESIAN_POINT('',(-12.75,-108.861296661581,-38.7917540708848));
#8053=CARTESIAN_POINT('Origin',(-12.75,-116.741436862739,-41.0596584802668));
#8054=CARTESIAN_POINT('',(-12.55,-109.053495203073,-38.847068812577));
#8055=CARTESIAN_POINT('',(-12.55,-109.053495203073,-38.847068812577));
#8056=CARTESIAN_POINT('Origin',(-12.55,-116.741436862739,-41.0596584802668));
#8057=CARTESIAN_POINT('Origin',(-12.65,-105.690020726969,-37.8790608329628));
#8058=CARTESIAN_POINT('',(-12.55,-102.190020726969,-37.8790608329628));
#8059=CARTESIAN_POINT('',(-12.75,-102.390020726969,-37.8790608329628));
#8060=CARTESIAN_POINT('',(-12.55,-102.190020726969,-37.8790608329628));
#8061=CARTESIAN_POINT('Origin',(-12.55,-105.690020726969,-37.8790608329628));
#8062=CARTESIAN_POINT('Origin',(-12.75,-105.690020726969,-37.8790608329628));
#8063=CARTESIAN_POINT('Origin',(-12.65,-102.290020726969,-29.2842956247221));
#8064=CARTESIAN_POINT('',(-12.55,-102.190020726969,-34.9342724938716));
#8065=CARTESIAN_POINT('',(-12.75,-102.390020726969,-34.9342724938716));
#8066=CARTESIAN_POINT('',(-12.55,-102.190020726969,-34.9342724938716));
#8067=CARTESIAN_POINT('',(-12.55,-102.190020726969,-29.2842956247221));
#8068=CARTESIAN_POINT('',(-12.75,-102.390020726969,-29.2842956247221));
#8069=CARTESIAN_POINT('Ctrl Pts',(-12.75,-102.390017674207,-34.8638418048638));
#8070=CARTESIAN_POINT('Ctrl Pts',(-12.7499999955646,-102.389981758059,-34.6566194273438));
#8071=CARTESIAN_POINT('Ctrl Pts',(-12.8103618129489,-102.389246810596,-34.2596715290221));
#8072=CARTESIAN_POINT('Ctrl Pts',(-13.0114355565589,-102.38696710398,-33.7835279746055));
#8073=CARTESIAN_POINT('Ctrl Pts',(-13.2164441375371,-102.38490921889,-33.4931937588449));
#8074=CARTESIAN_POINT('Ctrl Pts',(-13.3554844079951,-102.383660065432,-33.3437593297261));
#8075=CARTESIAN_POINT('Ctrl Pts',(-13.4269746594283,-102.383025488316,-33.2698909837552));
#8076=CARTESIAN_POINT('Ctrl Pts',(-13.6835185838951,-102.380978597584,-33.0516701683413));
#8077=CARTESIAN_POINT('Ctrl Pts',(-14.0875047260022,-102.378342572054,-32.8192780993516));
#8078=CARTESIAN_POINT('Ctrl Pts',(-14.5458237604217,-102.377298582202,-32.7383945820044));
#8079=CARTESIAN_POINT('Ctrl Pts',(-14.75,-102.377298582202,-32.7383945820044));
#8080=CARTESIAN_POINT('Ctrl Pts',(-12.6837343046592,-102.323352025128,-34.8617620894012));
#8081=CARTESIAN_POINT('Ctrl Pts',(-12.686104869961,-102.323321868171,-34.6483460761911));
#8082=CARTESIAN_POINT('Ctrl Pts',(-12.7526817292189,-102.322837504414,-34.2413006556326));
#8083=CARTESIAN_POINT('Ctrl Pts',(-12.9639986035716,-102.321314871107,-33.7553084094975));
#8084=CARTESIAN_POINT('Ctrl Pts',(-13.1767505288363,-102.319946731586,-33.459892266601));
#8085=CARTESIAN_POINT('Ctrl Pts',(-13.3203043932167,-102.319112741397,-33.308268791655));
#8086=CARTESIAN_POINT('Ctrl Pts',(-13.3940121268697,-102.318684919377,-33.2332485189164));
#8087=CARTESIAN_POINT('Ctrl Pts',(-13.6583345737873,-102.31733137568,-33.0119232760974));
#8088=CARTESIAN_POINT('Ctrl Pts',(-14.0727469867428,-102.315570279114,-32.7768008593292));
#8089=CARTESIAN_POINT('Ctrl Pts',(-14.5411755440589,-102.314881793384,-32.6951129401461));
#8090=CARTESIAN_POINT('Ctrl Pts',(-14.75,-102.314872630458,-32.6951254577992));
#8091=CARTESIAN_POINT('Ctrl Pts',(-12.6174686093184,-102.256686376048,-34.8596823739386));
#8092=CARTESIAN_POINT('Ctrl Pts',(-12.6221706453767,-102.256680616856,-34.6405225180871));
#8093=CARTESIAN_POINT('Ctrl Pts',(-12.6950741288412,-102.25643003315,-34.2230430633254));
#8094=CARTESIAN_POINT('Ctrl Pts',(-12.9166918908422,-102.255672959841,-33.7272127405763));
#8095=CARTESIAN_POINT('Ctrl Pts',(-13.1371382073985,-102.254983214273,-33.4269094113453));
#8096=CARTESIAN_POINT('Ctrl Pts',(-13.2853578488575,-102.254568051004,-33.2727029497917));
#8097=CARTESIAN_POINT('Ctrl Pts',(-13.3615285071148,-102.254361295908,-33.1966115762679));
#8098=CARTESIAN_POINT('Ctrl Pts',(-13.6331668127369,-102.253667948873,-32.9722107131796));
#8099=CARTESIAN_POINT('Ctrl Pts',(-14.0579403516676,-102.252793019909,-32.7343672750454));
#8100=CARTESIAN_POINT('Ctrl Pts',(-14.5368452399706,-102.252437515787,-32.6518688512472));
#8101=CARTESIAN_POINT('Ctrl Pts',(-14.75,-102.252446678713,-32.651856333594));
#8102=CARTESIAN_POINT('Ctrl Pts',(-12.5512029139776,-102.190020726969,-34.857602658476));
#8103=CARTESIAN_POINT('Ctrl Pts',(-12.5582755197731,-102.190020726969,-34.6322491669344));
#8104=CARTESIAN_POINT('Ctrl Pts',(-12.6373940451112,-102.190020726969,-34.204672189936));
#8105=CARTESIAN_POINT('Ctrl Pts',(-12.8692549378549,-102.190020726969,-33.6989931754683));
#8106=CARTESIAN_POINT('Ctrl Pts',(-13.0974445986978,-102.190020726969,-33.3936079191015));
#8107=CARTESIAN_POINT('Ctrl Pts',(-13.2501778340791,-102.190020726969,-33.2372124117206));
#8108=CARTESIAN_POINT('Ctrl Pts',(-13.3285659745561,-102.190020726969,-33.1599691114291));
#8109=CARTESIAN_POINT('Ctrl Pts',(-13.607982802629,-102.190020726969,-32.9324638209356));
#8110=CARTESIAN_POINT('Ctrl Pts',(-14.0431826124082,-102.190020726969,-32.6918900350231));
#8111=CARTESIAN_POINT('Ctrl Pts',(-14.5321970236079,-102.190020726969,-32.6085872093889));
#8112=CARTESIAN_POINT('Ctrl Pts',(-14.75,-102.190020726969,-32.6085872093889));
#8113=CARTESIAN_POINT('',(-12.75,-102.390017660595,-34.8638418046514));
#8114=CARTESIAN_POINT('',(-12.5512029139849,-102.190020726969,-34.8576026582424));
#8115=CARTESIAN_POINT('',(-12.75,-102.390017660595,-34.8638418046514));
#8116=CARTESIAN_POINT('',(-14.75,-102.377298582202,-32.7383945820044));
#8117=CARTESIAN_POINT('Ctrl Pts',(-14.75,-102.377298582202,-32.7383945820044));
#8118=CARTESIAN_POINT('Ctrl Pts',(-14.5458237604217,-102.377298582202,-32.7383945820044));
#8119=CARTESIAN_POINT('Ctrl Pts',(-14.0875047260022,-102.378342572054,-32.8192780993516));
#8120=CARTESIAN_POINT('Ctrl Pts',(-13.6835185838951,-102.380978597584,-33.0516701683413));
#8121=CARTESIAN_POINT('Ctrl Pts',(-13.4269746594283,-102.383025488316,-33.2698909837552));
#8122=CARTESIAN_POINT('Ctrl Pts',(-13.3554844079951,-102.383660065432,-33.3437593297261));
#8123=CARTESIAN_POINT('Ctrl Pts',(-13.2164441375371,-102.38490921889,-33.4931937588449));
#8124=CARTESIAN_POINT('Ctrl Pts',(-13.0114355565589,-102.38696710398,-33.7835279746055));
#8125=CARTESIAN_POINT('Ctrl Pts',(-12.8103618129489,-102.389246810596,-34.2596715290221));
#8126=CARTESIAN_POINT('Ctrl Pts',(-12.7499999955646,-102.389981758059,-34.6566194273438));
#8127=CARTESIAN_POINT('Ctrl Pts',(-12.75,-102.390017674207,-34.8638418048638));
#8128=CARTESIAN_POINT('',(-14.75,-102.190020726969,-32.6085872093889));
#8129=CARTESIAN_POINT('',(-14.75,-102.190020726969,-32.6085872093889));
#8130=CARTESIAN_POINT('Ctrl Pts',(-12.5512029139776,-102.190020726969,-34.857602658476));
#8131=CARTESIAN_POINT('Ctrl Pts',(-12.5582755197731,-102.190020726969,-34.6322491669344));
#8132=CARTESIAN_POINT('Ctrl Pts',(-12.6373940451112,-102.190020726969,-34.204672189936));
#8133=CARTESIAN_POINT('Ctrl Pts',(-12.8692549378549,-102.190020726969,-33.6989931754683));
#8134=CARTESIAN_POINT('Ctrl Pts',(-13.0974445986978,-102.190020726969,-33.3936079191015));
#8135=CARTESIAN_POINT('Ctrl Pts',(-13.2501778340791,-102.190020726969,-33.2372124117206));
#8136=CARTESIAN_POINT('Ctrl Pts',(-13.3285659745561,-102.190020726969,-33.1599691114291));
#8137=CARTESIAN_POINT('Ctrl Pts',(-13.607982802629,-102.190020726969,-32.9324638209356));
#8138=CARTESIAN_POINT('Ctrl Pts',(-14.0431826124082,-102.190020726969,-32.6918900350231));
#8139=CARTESIAN_POINT('Ctrl Pts',(-14.5321970236079,-102.190020726969,-32.6085872093889));
#8140=CARTESIAN_POINT('Ctrl Pts',(-14.75,-102.190020726969,-32.6085872093889));
#8141=CARTESIAN_POINT('Origin',(-17.75,-102.283659654585,-32.6734908956966));
#8142=CARTESIAN_POINT('',(-19.75,-102.190020726969,-32.6085872093889));
#8143=CARTESIAN_POINT('',(-19.75,-102.377298582202,-32.7383945820044));
#8144=CARTESIAN_POINT('',(-19.75,-102.190020726969,-32.6085872093889));
#8145=CARTESIAN_POINT('',(-17.75,-102.190020726969,-32.6085872093889));
#8146=CARTESIAN_POINT('',(-17.75,-102.377298582202,-32.7383945820044));
#8147=CARTESIAN_POINT('Ctrl Pts',(-21.75,-100.190020726969,-33.2746691261097));
#8148=CARTESIAN_POINT('Ctrl Pts',(-21.75,-100.425301500922,-33.2026478889585));
#8149=CARTESIAN_POINT('Ctrl Pts',(-21.7065641818981,-100.674622892662,-33.1238002441676));
#8150=CARTESIAN_POINT('Ctrl Pts',(-21.5191478357078,-101.161890484824,-32.9649566682056));
#8151=CARTESIAN_POINT('Ctrl Pts',(-21.3665355943798,-101.397097931414,-32.8855801059999));
#8152=CARTESIAN_POINT('Ctrl Pts',(-21.0098395139941,-101.763000976482,-32.7598605689116));
#8153=CARTESIAN_POINT('Ctrl Pts',(-20.5621540060505,-102.081051949958,-32.6479021550382));
#8154=CARTESIAN_POINT('Ctrl Pts',(-20.0101703857115,-102.190020726969,-32.6085872093889));
#8155=CARTESIAN_POINT('Ctrl Pts',(-19.75,-102.190020726969,-32.6085872093889));
#8156=CARTESIAN_POINT('Ctrl Pts',(-21.8163549145648,-100.211318005267,-33.3378689718603));
#8157=CARTESIAN_POINT('Ctrl Pts',(-21.8138502661286,-100.454182839782,-33.2635079557149));
#8158=CARTESIAN_POINT('Ctrl Pts',(-21.7662827075959,-100.710438579163,-33.1821744182752));
#8159=CARTESIAN_POINT('Ctrl Pts',(-21.5684398867865,-101.209342543742,-33.0184642106485));
#8160=CARTESIAN_POINT('Ctrl Pts',(-21.4094660232031,-101.448967621115,-32.9367471416264));
#8161=CARTESIAN_POINT('Ctrl Pts',(-21.0407462976828,-101.820761661641,-32.8073747202224));
#8162=CARTESIAN_POINT('Ctrl Pts',(-20.5803117419531,-102.142656476614,-32.6922584501397));
#8163=CARTESIAN_POINT('Ctrl Pts',(-20.0159892785083,-102.252427449618,-32.6518455294287));
#8164=CARTESIAN_POINT('Ctrl Pts',(-19.75,-102.252446678713,-32.651856333594));
#8165=CARTESIAN_POINT('Ctrl Pts',(-21.8827098291297,-100.232615283566,-33.4010688176109));
#8166=CARTESIAN_POINT('Ctrl Pts',(-21.8776612687301,-100.482962155317,-33.3243750084656));
#8167=CARTESIAN_POINT('Ctrl Pts',(-21.825975033742,-100.746287795092,-33.24054521572));
#8168=CARTESIAN_POINT('Ctrl Pts',(-21.6177231087125,-101.256774697609,-33.0719810781199));
#8169=CARTESIAN_POINT('Ctrl Pts',(-21.4523416294118,-101.500897433611,-32.9879091234755));
#8170=CARTESIAN_POINT('Ctrl Pts',(-21.0716534975559,-101.878527825777,-32.8549090613864));
#8171=CARTESIAN_POINT('Ctrl Pts',(-20.5984576561045,-102.204252398637,-32.7366107063135));
#8172=CARTESIAN_POINT('Ctrl Pts',(-20.0217915880358,-102.314891859553,-32.6951362619645));
#8173=CARTESIAN_POINT('Ctrl Pts',(-19.75,-102.314872630458,-32.6951254577992));
#8174=CARTESIAN_POINT('Ctrl Pts',(-21.9490647436945,-100.253912561865,-33.4642686633615));
#8175=CARTESIAN_POINT('Ctrl Pts',(-21.9415115348587,-100.511843494177,-33.385235075222));
#8176=CARTESIAN_POINT('Ctrl Pts',(-21.8856935594399,-100.782103481592,-33.2989193898275));
#8177=CARTESIAN_POINT('Ctrl Pts',(-21.6670151597912,-101.304226756527,-33.1254886205628));
#8178=CARTESIAN_POINT('Ctrl Pts',(-21.4952720582351,-101.552767123313,-33.039076159102));
#8179=CARTESIAN_POINT('Ctrl Pts',(-21.1025602812446,-101.936288510937,-32.9024232126973));
#8180=CARTESIAN_POINT('Ctrl Pts',(-20.6166153920071,-102.265856925292,-32.780967001415));
#8181=CARTESIAN_POINT('Ctrl Pts',(-20.0276104808327,-102.377298582202,-32.7383945820044));
#8182=CARTESIAN_POINT('Ctrl Pts',(-19.75,-102.377298582202,-32.7383945820044));
#8183=CARTESIAN_POINT('',(-21.75,-100.190020726969,-33.2746691261097));
#8184=CARTESIAN_POINT('',(-21.9490647436945,-100.253912561865,-33.4642686633615));
#8185=CARTESIAN_POINT('',(-21.75,-100.190020726969,-33.2746691261097));
#8186=CARTESIAN_POINT('Ctrl Pts',(-19.75,-102.190020726969,-32.6085872093889));
#8187=CARTESIAN_POINT('Ctrl Pts',(-20.0101703857115,-102.190020726969,-32.6085872093889));
#8188=CARTESIAN_POINT('Ctrl Pts',(-20.5621540060505,-102.081051949958,-32.6479021550382));
#8189=CARTESIAN_POINT('Ctrl Pts',(-21.0098395139941,-101.763000976482,-32.7598605689116));
#8190=CARTESIAN_POINT('Ctrl Pts',(-21.3665355943798,-101.397097931414,-32.8855801059999));
#8191=CARTESIAN_POINT('Ctrl Pts',(-21.5191478357078,-101.161890484824,-32.9649566682056));
#8192=CARTESIAN_POINT('Ctrl Pts',(-21.7065641818981,-100.674622892662,-33.1238002441676));
#8193=CARTESIAN_POINT('Ctrl Pts',(-21.75,-100.425301500922,-33.2026478889585));
#8194=CARTESIAN_POINT('Ctrl Pts',(-21.75,-100.190020726969,-33.2746691261097));
#8195=CARTESIAN_POINT('Ctrl Pts',(-21.9490647436945,-100.253912561865,-33.4642686633615));
#8196=CARTESIAN_POINT('Ctrl Pts',(-21.9415115348587,-100.511843494177,-33.385235075222));
#8197=CARTESIAN_POINT('Ctrl Pts',(-21.8856935594399,-100.782103481592,-33.2989193898275));
#8198=CARTESIAN_POINT('Ctrl Pts',(-21.6670151597912,-101.304226756527,-33.1254886205628));
#8199=CARTESIAN_POINT('Ctrl Pts',(-21.4952720582351,-101.552767123313,-33.039076159102));
#8200=CARTESIAN_POINT('Ctrl Pts',(-21.1025602812446,-101.936288510937,-32.9024232126973));
#8201=CARTESIAN_POINT('Ctrl Pts',(-20.6166153920071,-102.265856925292,-32.780967001415));
#8202=CARTESIAN_POINT('Ctrl Pts',(-20.0276104808327,-102.377298582202,-32.7383945820044));
#8203=CARTESIAN_POINT('Ctrl Pts',(-19.75,-102.377298582202,-32.7383945820044));
#8204=CARTESIAN_POINT('Ctrl Pts',(-12.75,-102.390020726969,-34.9342724938716));
#8205=CARTESIAN_POINT('Ctrl Pts',(-12.75,-102.390020726969,-34.9111437586175));
#8206=CARTESIAN_POINT('Ctrl Pts',(-12.75,-102.390021801779,-34.8876562761481));
#8207=CARTESIAN_POINT('Ctrl Pts',(-12.75,-102.390017674199,-34.8638417566545));
#8208=CARTESIAN_POINT('Ctrl Pts',(-12.6833333333334,-102.323354060302,-34.9342724938716));
#8209=CARTESIAN_POINT('Ctrl Pts',(-12.6833333333334,-102.323354060302,-34.9104564835501));
#8210=CARTESIAN_POINT('Ctrl Pts',(-12.68346337111,-102.323354776842,-34.8862711170876));
#8211=CARTESIAN_POINT('Ctrl Pts',(-12.6837343052077,-102.323352025122,-34.8617620397859));
#8212=CARTESIAN_POINT('Ctrl Pts',(-12.6166666666667,-102.256687393635,-34.9342724938716));
#8213=CARTESIAN_POINT('Ctrl Pts',(-12.6166666666667,-102.256687393635,-34.9097692084826));
#8214=CARTESIAN_POINT('Ctrl Pts',(-12.61692674222,-102.256687751905,-34.8848859580271));
#8215=CARTESIAN_POINT('Ctrl Pts',(-12.6174686104154,-102.256686376045,-34.8596823229172));
#8216=CARTESIAN_POINT('Ctrl Pts',(-12.55,-102.190020726969,-34.9342724938716));
#8217=CARTESIAN_POINT('Ctrl Pts',(-12.55,-102.190020726969,-34.9090819334152));
#8218=CARTESIAN_POINT('Ctrl Pts',(-12.5503901133299,-102.190020726969,-34.8835007989666));
#8219=CARTESIAN_POINT('Ctrl Pts',(-12.551202915623,-102.190020726969,-34.8576026060486));
#8220=CARTESIAN_POINT('Ctrl Pts',(-12.55,-102.190020726969,-34.9342724938716));
#8221=CARTESIAN_POINT('Ctrl Pts',(-12.55,-102.190020726969,-34.9090819503378));
#8222=CARTESIAN_POINT('Ctrl Pts',(-12.5503901128058,-102.190020726969,-34.8835008333365));
#8223=CARTESIAN_POINT('Ctrl Pts',(-12.5512029139849,-102.190020726969,-34.8576026582424));
#8224=CARTESIAN_POINT('Ctrl Pts',(-12.75,-102.390017674207,-34.863841804649));
#8225=CARTESIAN_POINT('Ctrl Pts',(-12.75,-102.390021801777,-34.8876563077051));
#8226=CARTESIAN_POINT('Ctrl Pts',(-12.75,-102.390020726969,-34.911143774155));
#8227=CARTESIAN_POINT('Ctrl Pts',(-12.75,-102.390020726969,-34.9342724938716));
#8228=CARTESIAN_POINT('Origin',(-21.85,-90.,0.));
#8229=CARTESIAN_POINT('',(-21.75,-79.8682079628997,-33.2924434386687));
#8230=CARTESIAN_POINT('',(-21.95,-79.8099792730313,-33.4837793205001));
#8231=CARTESIAN_POINT('',(-21.75,-79.8682079628997,-33.2924434386687));
#8232=CARTESIAN_POINT('',(-21.75,-100.1317920371,-33.2924434386686));
#8233=CARTESIAN_POINT('Origin',(-21.75,-90.,0.));
#8234=CARTESIAN_POINT('',(-21.95,-100.190020726969,-33.4837793205001));
#8235=CARTESIAN_POINT('',(-21.95,-100.190020726969,-33.4837793205001));
#8236=CARTESIAN_POINT('Origin',(-21.95,-90.,0.));
#8237=CARTESIAN_POINT('Ctrl Pts',(-21.9490647436945,-100.253912561865,-33.4642686633615));
#8238=CARTESIAN_POINT('Ctrl Pts',(-21.9496911273399,-100.232522484989,-33.4708228773557));
#8239=CARTESIAN_POINT('Ctrl Pts',(-21.95,-100.211219338824,-33.4773280088929));
#8240=CARTESIAN_POINT('Ctrl Pts',(-21.95,-100.190020726969,-33.4837793205001));
#8241=CARTESIAN_POINT('Ctrl Pts',(-21.8827098291297,-100.232615283566,-33.4010688176109));
#8242=CARTESIAN_POINT('Ctrl Pts',(-21.8831274182266,-100.211851328606,-33.4074291880758));
#8243=CARTESIAN_POINT('Ctrl Pts',(-21.8833333333334,-100.191180286254,-33.4137409522491));
#8244=CARTESIAN_POINT('Ctrl Pts',(-21.8833333333334,-100.170611163679,-33.4200006932229));
#8245=CARTESIAN_POINT('Ctrl Pts',(-21.8163549145648,-100.211318005267,-33.3378689718603));
#8246=CARTESIAN_POINT('Ctrl Pts',(-21.8165637091133,-100.191180172223,-33.3440354987959));
#8247=CARTESIAN_POINT('Ctrl Pts',(-21.8166666666667,-100.171141233684,-33.3501538956053));
#8248=CARTESIAN_POINT('Ctrl Pts',(-21.8166666666667,-100.15120160039,-33.3562220659458));
#8249=CARTESIAN_POINT('Ctrl Pts',(-21.75,-100.190020726969,-33.2746691261097));
#8250=CARTESIAN_POINT('Ctrl Pts',(-21.75,-100.17050901584,-33.280641809516));
#8251=CARTESIAN_POINT('Ctrl Pts',(-21.75,-100.151102181115,-33.2865668389616));
#8252=CARTESIAN_POINT('Ctrl Pts',(-21.75,-100.1317920371,-33.2924434386687));
#8253=CARTESIAN_POINT('Ctrl Pts',(-21.75,-100.190020726969,-33.2746691261097));
#8254=CARTESIAN_POINT('Ctrl Pts',(-21.75,-100.17050901584,-33.280641809516));
#8255=CARTESIAN_POINT('Ctrl Pts',(-21.75,-100.151102181115,-33.2865668389616));
#8256=CARTESIAN_POINT('Ctrl Pts',(-21.75,-100.1317920371,-33.2924434386687));
#8257=CARTESIAN_POINT('Ctrl Pts',(-21.95,-100.190020726969,-33.4837793205001));
#8258=CARTESIAN_POINT('Ctrl Pts',(-21.95,-100.211219338824,-33.4773280088929));
#8259=CARTESIAN_POINT('Ctrl Pts',(-21.9496911273399,-100.232522484989,-33.4708228773557));
#8260=CARTESIAN_POINT('Ctrl Pts',(-21.9490647436945,-100.253912561865,-33.4642686633615));
#8261=CARTESIAN_POINT('Ctrl Pts',(-19.75,-77.8099792730313,-32.6085872093889));
#8262=CARTESIAN_POINT('Ctrl Pts',(-20.0101703857115,-77.8099792730313,-32.6085872093889));
#8263=CARTESIAN_POINT('Ctrl Pts',(-20.2860864884855,-77.8632899106972,-32.6277808616193));
#8264=CARTESIAN_POINT('Ctrl Pts',(-21.0540264095356,-78.1959848688902,-32.7456894246696));
#8265=CARTESIAN_POINT('Ctrl Pts',(-21.4232957626544,-78.5966136778731,-32.8861670497103));
#8266=CARTESIAN_POINT('Ctrl Pts',(-21.7066364912963,-79.3251714198473,-33.1237260231676));
#8267=CARTESIAN_POINT('Ctrl Pts',(-21.75,-79.5746984990778,-33.2026478889585));
#8268=CARTESIAN_POINT('Ctrl Pts',(-21.75,-79.8099792730313,-33.2746691261098));
#8269=CARTESIAN_POINT('Ctrl Pts',(-19.75,-77.7475533212868,-32.651856333594));
#8270=CARTESIAN_POINT('Ctrl Pts',(-20.0159978450642,-77.7475812270008,-32.6518642366008));
#8271=CARTESIAN_POINT('Ctrl Pts',(-20.2980533650233,-77.8012618960893,-32.6715597308593));
#8272=CARTESIAN_POINT('Ctrl Pts',(-21.0852775579219,-78.1376126496639,-32.792831645182));
#8273=CARTESIAN_POINT('Ctrl Pts',(-21.4671461244645,-78.5433566966186,-32.9372373430734));
#8274=CARTESIAN_POINT('Ctrl Pts',(-21.7664613086472,-79.2893804309726,-33.1821133617247));
#8275=CARTESIAN_POINT('Ctrl Pts',(-21.8137792815307,-79.5458014835908,-33.2634996296612));
#8276=CARTESIAN_POINT('Ctrl Pts',(-21.8163549145648,-79.7886819947327,-33.3378689718603));
#8277=CARTESIAN_POINT('Ctrl Pts',(-19.75,-77.6851273695423,-32.6951254577992));
#8278=CARTESIAN_POINT('Ctrl Pts',(-20.0217830214799,-77.6850994638283,-32.6951175547925));
#8279=CARTESIAN_POINT('Ctrl Pts',(-20.3101456127642,-77.739325636128,-32.7154033093257));
#8280=CARTESIAN_POINT('Ctrl Pts',(-21.1164440274206,-78.0791345267157,-32.8398859710818));
#8281=CARTESIAN_POINT('Ctrl Pts',(-21.5114437341086,-78.4903144689854,-32.9883977375598));
#8282=CARTESIAN_POINT('Ctrl Pts',(-21.825995005783,-79.2534867324332,-33.2404517441094));
#8283=CARTESIAN_POINT('Ctrl Pts',(-21.8777322533281,-79.5170535213104,-33.3243833345194));
#8284=CARTESIAN_POINT('Ctrl Pts',(-21.8827098291296,-79.7673847164341,-33.4010688176109));
#8285=CARTESIAN_POINT('Ctrl Pts',(-19.75,-77.6227014177978,-32.7383945820044));
#8286=CARTESIAN_POINT('Ctrl Pts',(-20.0276104808327,-77.6227014177978,-32.7383945820044));
#8287=CARTESIAN_POINT('Ctrl Pts',(-20.322112489302,-77.6772976215201,-32.7591821785657));
#8288=CARTESIAN_POINT('Ctrl Pts',(-21.1476951758069,-78.0207623074894,-32.8870281915942));
#8289=CARTESIAN_POINT('Ctrl Pts',(-21.5552940959188,-78.4370574877309,-33.0394680309229));
#8290=CARTESIAN_POINT('Ctrl Pts',(-21.8858198231339,-79.2176957435586,-33.2988390826666));
#8291=CARTESIAN_POINT('Ctrl Pts',(-21.9415115348587,-79.4881565058235,-33.3852350752221));
#8292=CARTESIAN_POINT('Ctrl Pts',(-21.9490647436945,-79.7460874381355,-33.4642686633615));
#8293=CARTESIAN_POINT('',(-21.9490647436945,-79.7460874381355,-33.4642686633615));
#8294=CARTESIAN_POINT('',(-21.75,-79.8099792730313,-33.2746691261098));
#8295=CARTESIAN_POINT('',(-21.9490647436945,-79.7460874381355,-33.4642686633615));
#8296=CARTESIAN_POINT('',(-19.75,-77.6227014177978,-32.7383945820044));
#8297=CARTESIAN_POINT('Ctrl Pts',(-19.75,-77.6227014177978,-32.7383945820044));
#8298=CARTESIAN_POINT('Ctrl Pts',(-20.0276104808327,-77.6227014177978,-32.7383945820044));
#8299=CARTESIAN_POINT('Ctrl Pts',(-20.322112489302,-77.6772976215201,-32.7591821785657));
#8300=CARTESIAN_POINT('Ctrl Pts',(-21.1476951758069,-78.0207623074894,-32.8870281915942));
#8301=CARTESIAN_POINT('Ctrl Pts',(-21.5552940959188,-78.4370574877309,-33.0394680309229));
#8302=CARTESIAN_POINT('Ctrl Pts',(-21.8858198231339,-79.2176957435586,-33.2988390826666));
#8303=CARTESIAN_POINT('Ctrl Pts',(-21.9415115348587,-79.4881565058235,-33.3852350752221));
#8304=CARTESIAN_POINT('Ctrl Pts',(-21.9490647436945,-79.7460874381355,-33.4642686633615));
#8305=CARTESIAN_POINT('',(-19.75,-77.8099792730313,-32.6085872093889));
#8306=CARTESIAN_POINT('',(-19.75,-77.8099792730313,-32.6085872093889));
#8307=CARTESIAN_POINT('Ctrl Pts',(-21.75,-79.8099792730313,-33.2746691261098));
#8308=CARTESIAN_POINT('Ctrl Pts',(-21.75,-79.5746984990778,-33.2026478889585));
#8309=CARTESIAN_POINT('Ctrl Pts',(-21.7066364912963,-79.3251714198473,-33.1237260231676));
#8310=CARTESIAN_POINT('Ctrl Pts',(-21.4232957626544,-78.5966136778731,-32.8861670497103));
#8311=CARTESIAN_POINT('Ctrl Pts',(-21.0540264095356,-78.1959848688902,-32.7456894246696));
#8312=CARTESIAN_POINT('Ctrl Pts',(-20.2860864884855,-77.8632899106972,-32.6277808616193));
#8313=CARTESIAN_POINT('Ctrl Pts',(-20.0101703857115,-77.8099792730313,-32.6085872093889));
#8314=CARTESIAN_POINT('Ctrl Pts',(-19.75,-77.8099792730313,-32.6085872093889));
#8315=CARTESIAN_POINT('Origin',(-17.75,-77.7163403454146,-32.6734908956966));
#8316=CARTESIAN_POINT('',(-14.75,-77.8099792730313,-32.6085872093889));
#8317=CARTESIAN_POINT('',(-14.75,-77.6227014177978,-32.7383945820044));
#8318=CARTESIAN_POINT('',(-14.75,-77.8099792730313,-32.6085872093889));
#8319=CARTESIAN_POINT('',(-17.75,-77.8099792730313,-32.6085872093889));
#8320=CARTESIAN_POINT('',(-17.75,-77.6227014177978,-32.7383945820044));
#8321=CARTESIAN_POINT('Ctrl Pts',(-14.75,-77.6227014177978,-32.7383945820044));
#8322=CARTESIAN_POINT('Ctrl Pts',(-14.6496084036208,-77.6227014177978,-32.7383945820044));
#8323=CARTESIAN_POINT('Ctrl Pts',(-14.3801399366854,-77.6224380397493,-32.7590916281968));
#8324=CARTESIAN_POINT('Ctrl Pts',(-14.1127729624017,-77.6214158013455,-32.8426498987232));
#8325=CARTESIAN_POINT('Ctrl Pts',(-13.8798513329882,-77.620225538509,-32.9471371137537));
#8326=CARTESIAN_POINT('Ctrl Pts',(-13.6806879851588,-77.6190244647248,-33.054981279916));
#8327=CARTESIAN_POINT('Ctrl Pts',(-13.4098506014472,-77.6168937340346,-33.2746292404554));
#8328=CARTESIAN_POINT('Ctrl Pts',(-13.2010928838244,-77.6149719328422,-33.5063091264334));
#8329=CARTESIAN_POINT('Ctrl Pts',(-13.0097823977402,-77.6130134259042,-33.7964750274514));
#8330=CARTESIAN_POINT('Ctrl Pts',(-12.9211794029443,-77.6120212573049,-33.9991143661795));
#8331=CARTESIAN_POINT('Ctrl Pts',(-12.7998555090997,-77.6106437953738,-34.3274052120744));
#8332=CARTESIAN_POINT('Ctrl Pts',(-12.7499999946329,-77.6100257857237,-34.6130946999649));
#8333=CARTESIAN_POINT('Ctrl Pts',(-12.75,-77.609982325793,-34.8638418048638));
#8334=CARTESIAN_POINT('Ctrl Pts',(-14.75,-77.6851273695423,-32.6951254577992));
#8335=CARTESIAN_POINT('Ctrl Pts',(-14.6473767349665,-77.685127577661,-32.6951256846758));
#8336=CARTESIAN_POINT('Ctrl Pts',(-14.3719223796729,-77.6849512326365,-32.7160333710606));
#8337=CARTESIAN_POINT('Ctrl Pts',(-14.098325835706,-77.6842706903201,-32.8004800701374));
#8338=CARTESIAN_POINT('Ctrl Pts',(-13.8596452750664,-77.6834777739901,-32.9061976746374));
#8339=CARTESIAN_POINT('Ctrl Pts',(-13.6553749612063,-77.6826766575246,-33.0153296276673));
#8340=CARTESIAN_POINT('Ctrl Pts',(-13.376663854138,-77.6812566040629,-33.2380044065692));
#8341=CARTESIAN_POINT('Ctrl Pts',(-13.1609579462111,-77.6799748128019,-33.4733004882951));
#8342=CARTESIAN_POINT('Ctrl Pts',(-12.9621484956445,-77.6786712687609,-33.7686100989022));
#8343=CARTESIAN_POINT('Ctrl Pts',(-12.8691479346887,-77.6780074192833,-33.9754267698264));
#8344=CARTESIAN_POINT('Ctrl Pts',(-12.7411175642836,-77.6770924079055,-34.3108291478709));
#8345=CARTESIAN_POINT('Ctrl Pts',(-12.6865431214094,-77.6766859513995,-34.6036423301171));
#8346=CARTESIAN_POINT('Ctrl Pts',(-12.6837343046592,-77.6766479748725,-34.8617620894012));
#8347=CARTESIAN_POINT('Ctrl Pts',(-14.75,-77.7475533212868,-32.6518563335941));
#8348=CARTESIAN_POINT('Ctrl Pts',(-14.6451399299619,-77.7475531131681,-32.6518561067175));
#8349=CARTESIAN_POINT('Ctrl Pts',(-14.363705357498,-77.7474660801442,-32.6729742727128));
#8350=CARTESIAN_POINT('Ctrl Pts',(-14.0838783129253,-77.7471243840568,-32.7583291112853));
#8351=CARTESIAN_POINT('Ctrl Pts',(-13.8394378835299,-77.7467270375502,-32.8652552366462));
#8352=CARTESIAN_POINT('Ctrl Pts',(-13.6300684372077,-77.7463270802316,-32.9756914755104));
#8353=CARTESIAN_POINT('Ctrl Pts',(-13.3434806463935,-77.7456164030031,-33.2013867604223));
#8354=CARTESIAN_POINT('Ctrl Pts',(-13.1208231256241,-77.7449763930718,-33.4402962647715));
#8355=CARTESIAN_POINT('Ctrl Pts',(-12.9145525307183,-77.7443214301747,-33.74077574183));
#8356=CARTESIAN_POINT('Ctrl Pts',(-12.8171178930085,-77.743993111053,-33.9517330686068));
#8357=CARTESIAN_POINT('Ctrl Pts',(-12.6824357344074,-77.7435306604997,-34.2943015589409));
#8358=CARTESIAN_POINT('Ctrl Pts',(-12.6232179142168,-77.7433191073555,-34.5943685730327));
#8359=CARTESIAN_POINT('Ctrl Pts',(-12.6174686093184,-77.7433136239519,-34.8596823739386));
#8360=CARTESIAN_POINT('Ctrl Pts',(-14.75,-77.8099792730313,-32.6085872093889));
#8361=CARTESIAN_POINT('Ctrl Pts',(-14.6429082613075,-77.8099792730313,-32.6085872093889));
#8362=CARTESIAN_POINT('Ctrl Pts',(-14.3554878004854,-77.8099792730313,-32.6299160155766));
#8363=CARTESIAN_POINT('Ctrl Pts',(-14.0694311862296,-77.8099792730314,-32.7161592826996));
#8364=CARTESIAN_POINT('Ctrl Pts',(-13.8192318256082,-77.8099792730314,-32.8243157975299));
#8365=CARTESIAN_POINT('Ctrl Pts',(-13.6047554132552,-77.8099792730314,-32.9360398232616));
#8366=CARTESIAN_POINT('Ctrl Pts',(-13.3102938990844,-77.8099792730314,-33.164761926536));
#8367=CARTESIAN_POINT('Ctrl Pts',(-13.0806881880108,-77.8099792730314,-33.4072876266332));
#8368=CARTESIAN_POINT('Ctrl Pts',(-12.8669186286226,-77.8099792730314,-33.7129108132809));
#8369=CARTESIAN_POINT('Ctrl Pts',(-12.7650864247529,-77.8099792730314,-33.9280454722537));
#8370=CARTESIAN_POINT('Ctrl Pts',(-12.6236977895913,-77.8099792730314,-34.2777254947374));
#8371=CARTESIAN_POINT('Ctrl Pts',(-12.5597610409933,-77.8099792730313,-34.5849162031849));
#8372=CARTESIAN_POINT('Ctrl Pts',(-12.5512029139776,-77.8099792730313,-34.857602658476));
#8373=CARTESIAN_POINT('',(-12.5512029139849,-77.8099792730313,-34.8576026582424));
#8374=CARTESIAN_POINT('',(-12.75,-77.6099823394055,-34.8638418046514));
#8375=CARTESIAN_POINT('',(-12.5512029139849,-77.8099792730313,-34.8576026582424));
#8376=CARTESIAN_POINT('Ctrl Pts',(-14.75,-77.8099792730313,-32.6085872093889));
#8377=CARTESIAN_POINT('Ctrl Pts',(-14.6429082613075,-77.8099792730313,-32.6085872093889));
#8378=CARTESIAN_POINT('Ctrl Pts',(-14.3554878004854,-77.8099792730313,-32.6299160155766));
#8379=CARTESIAN_POINT('Ctrl Pts',(-14.0694311862296,-77.8099792730314,-32.7161592826996));
#8380=CARTESIAN_POINT('Ctrl Pts',(-13.8192318256082,-77.8099792730314,-32.8243157975299));
#8381=CARTESIAN_POINT('Ctrl Pts',(-13.6047554132552,-77.8099792730314,-32.9360398232616));
#8382=CARTESIAN_POINT('Ctrl Pts',(-13.3102938990844,-77.8099792730314,-33.164761926536));
#8383=CARTESIAN_POINT('Ctrl Pts',(-13.0806881880108,-77.8099792730314,-33.4072876266332));
#8384=CARTESIAN_POINT('Ctrl Pts',(-12.8669186286226,-77.8099792730314,-33.7129108132809));
#8385=CARTESIAN_POINT('Ctrl Pts',(-12.7650864247529,-77.8099792730314,-33.9280454722537));
#8386=CARTESIAN_POINT('Ctrl Pts',(-12.6236977895913,-77.8099792730314,-34.2777254947374));
#8387=CARTESIAN_POINT('Ctrl Pts',(-12.5597610409933,-77.8099792730313,-34.5849162031849));
#8388=CARTESIAN_POINT('Ctrl Pts',(-12.5512029139776,-77.8099792730313,-34.857602658476));
#8389=CARTESIAN_POINT('Ctrl Pts',(-12.75,-77.609982325793,-34.8638418048638));
#8390=CARTESIAN_POINT('Ctrl Pts',(-12.7499999946329,-77.6100257857237,-34.6130946999649));
#8391=CARTESIAN_POINT('Ctrl Pts',(-12.7998555090997,-77.6106437953738,-34.3274052120744));
#8392=CARTESIAN_POINT('Ctrl Pts',(-12.9211794029443,-77.6120212573049,-33.9991143661795));
#8393=CARTESIAN_POINT('Ctrl Pts',(-13.0097823977402,-77.6130134259042,-33.7964750274514));
#8394=CARTESIAN_POINT('Ctrl Pts',(-13.2010928838244,-77.6149719328422,-33.5063091264334));
#8395=CARTESIAN_POINT('Ctrl Pts',(-13.4098506014472,-77.6168937340346,-33.2746292404554));
#8396=CARTESIAN_POINT('Ctrl Pts',(-13.6806879851588,-77.6190244647248,-33.054981279916));
#8397=CARTESIAN_POINT('Ctrl Pts',(-13.8798513329882,-77.620225538509,-32.9471371137537));
#8398=CARTESIAN_POINT('Ctrl Pts',(-14.1127729624017,-77.6214158013455,-32.8426498987232));
#8399=CARTESIAN_POINT('Ctrl Pts',(-14.3801399366854,-77.6224380397493,-32.7590916281968));
#8400=CARTESIAN_POINT('Ctrl Pts',(-14.6496084036208,-77.6227014177978,-32.7383945820044));
#8401=CARTESIAN_POINT('Ctrl Pts',(-14.75,-77.6227014177978,-32.7383945820044));
#8402=CARTESIAN_POINT('Ctrl Pts',(-21.95,-79.8099792730313,-33.4837793205001));
#8403=CARTESIAN_POINT('Ctrl Pts',(-21.95,-79.7887806611765,-33.4773280088929));
#8404=CARTESIAN_POINT('Ctrl Pts',(-21.9496911273399,-79.7674775150115,-33.4708228773557));
#8405=CARTESIAN_POINT('Ctrl Pts',(-21.9490647436945,-79.7460874381355,-33.4642686633615));
#8406=CARTESIAN_POINT('Ctrl Pts',(-21.8833333333334,-79.8293888363208,-33.4200006932229));
#8407=CARTESIAN_POINT('Ctrl Pts',(-21.8833333333334,-79.8088197137461,-33.4137409522491));
#8408=CARTESIAN_POINT('Ctrl Pts',(-21.8831274182266,-79.7881486713942,-33.4074291880758));
#8409=CARTESIAN_POINT('Ctrl Pts',(-21.8827098291296,-79.7673847164341,-33.4010688176109));
#8410=CARTESIAN_POINT('Ctrl Pts',(-21.8166666666667,-79.8487983996103,-33.3562220659458));
#8411=CARTESIAN_POINT('Ctrl Pts',(-21.8166666666667,-79.8288587663157,-33.3501538956053));
#8412=CARTESIAN_POINT('Ctrl Pts',(-21.8165637091133,-79.8088198277769,-33.3440354987959));
#8413=CARTESIAN_POINT('Ctrl Pts',(-21.8163549145648,-79.7886819947327,-33.3378689718603));
#8414=CARTESIAN_POINT('Ctrl Pts',(-21.75,-79.8682079628997,-33.2924434386687));
#8415=CARTESIAN_POINT('Ctrl Pts',(-21.75,-79.8488978188853,-33.2865668389616));
#8416=CARTESIAN_POINT('Ctrl Pts',(-21.75,-79.8294909841596,-33.280641809516));
#8417=CARTESIAN_POINT('Ctrl Pts',(-21.75,-79.8099792730313,-33.2746691261098));
#8418=CARTESIAN_POINT('Ctrl Pts',(-21.75,-79.8682079628997,-33.2924434386687));
#8419=CARTESIAN_POINT('Ctrl Pts',(-21.75,-79.8488978188853,-33.2865668389616));
#8420=CARTESIAN_POINT('Ctrl Pts',(-21.75,-79.8294909841596,-33.280641809516));
#8421=CARTESIAN_POINT('Ctrl Pts',(-21.75,-79.8099792730313,-33.2746691261098));
#8422=CARTESIAN_POINT('Ctrl Pts',(-21.9490647436945,-79.7460874381355,-33.4642686633615));
#8423=CARTESIAN_POINT('Ctrl Pts',(-21.9496911273399,-79.7674775150115,-33.4708228773557));
#8424=CARTESIAN_POINT('Ctrl Pts',(-21.95,-79.7887806611765,-33.4773280088929));
#8425=CARTESIAN_POINT('Ctrl Pts',(-21.95,-79.8099792730313,-33.4837793205001));
#8426=CARTESIAN_POINT('Origin',(-12.65,-77.7099792730313,-32.9990588129351));
#8427=CARTESIAN_POINT('',(-12.55,-77.8099792730313,-37.8790608329628));
#8428=CARTESIAN_POINT('',(-12.75,-77.6099792730313,-37.8790608329628));
#8429=CARTESIAN_POINT('',(-12.55,-77.8099792730313,-37.8790608329628));
#8430=CARTESIAN_POINT('',(-12.55,-77.8099792730313,-34.9342724938716));
#8431=CARTESIAN_POINT('',(-12.55,-77.8099792730313,-32.9990588129351));
#8432=CARTESIAN_POINT('',(-12.75,-77.6099792730313,-34.9342724938716));
#8433=CARTESIAN_POINT('',(-12.75,-77.6099792730313,-34.9342724938716));
#8434=CARTESIAN_POINT('',(-12.75,-77.6099792730313,-32.9990588129351));
#8435=CARTESIAN_POINT('Origin',(-12.65,-74.3099792730313,-37.8790608329628));
#8436=CARTESIAN_POINT('',(-12.55,-70.9465047969273,-38.847068812577));
#8437=CARTESIAN_POINT('',(-12.75,-71.138703338419,-38.7917540708848));
#8438=CARTESIAN_POINT('',(-12.55,-70.9465047969273,-38.847068812577));
#8439=CARTESIAN_POINT('Origin',(-12.55,-74.3099792730313,-37.8790608329628));
#8440=CARTESIAN_POINT('Origin',(-12.75,-74.3099792730313,-37.8790608329628));
#8441=CARTESIAN_POINT('Origin',(-12.65,-63.258563137261,-41.0596584802668));
#8442=CARTESIAN_POINT('',(-12.75,-67.733660734699,-34.1884503264262));
#8443=CARTESIAN_POINT('Origin',(-12.75,-63.258563137261,-41.0596584802668));
#8444=CARTESIAN_POINT('',(-12.55,-67.6245120128102,-34.3560407692028));
#8445=CARTESIAN_POINT('',(-12.55,-67.6245120128102,-34.3560407692028));
#8446=CARTESIAN_POINT('Origin',(-12.55,-63.258563137261,-41.0596584802668));
#8447=CARTESIAN_POINT('Origin',(-12.65,-90.,0.));
#8448=CARTESIAN_POINT('',(-12.55,-59.2618246495432,-27.1323529411765));
#8449=CARTESIAN_POINT('',(-12.75,-59.4117669683259,-27.));
#8450=CARTESIAN_POINT('',(-12.55,-59.2618246495432,-27.1323529411765));
#8451=CARTESIAN_POINT('Origin',(-12.55,-90.,0.));
#8452=CARTESIAN_POINT('Origin',(-12.75,-90.,0.));
#8453=CARTESIAN_POINT('Ctrl Pts',(-12.75,-77.6099823257931,-34.863841804649));
#8454=CARTESIAN_POINT('Ctrl Pts',(-12.75,-77.6099781982242,-34.8876563077053));
#8455=CARTESIAN_POINT('Ctrl Pts',(-12.75,-77.6099792730313,-34.911143774155));
#8456=CARTESIAN_POINT('Ctrl Pts',(-12.75,-77.6099792730313,-34.9342724938716));
#8457=CARTESIAN_POINT('Ctrl Pts',(-12.6837343046617,-77.6766479748725,-34.8617620891802));
#8458=CARTESIAN_POINT('Ctrl Pts',(-12.683463370935,-77.6766452231599,-34.8862711495826));
#8459=CARTESIAN_POINT('Ctrl Pts',(-12.6833333333334,-77.676645939698,-34.9104564995492));
#8460=CARTESIAN_POINT('Ctrl Pts',(-12.6833333333334,-77.676645939698,-34.9342724938716));
#8461=CARTESIAN_POINT('Ctrl Pts',(-12.6174686093233,-77.7433136239519,-34.8596823737113));
#8462=CARTESIAN_POINT('Ctrl Pts',(-12.61692674187,-77.7433122480956,-34.88488599146));
#8463=CARTESIAN_POINT('Ctrl Pts',(-12.6166666666667,-77.7433126063646,-34.9097692249435));
#8464=CARTESIAN_POINT('Ctrl Pts',(-12.6166666666667,-77.7433126063646,-34.9342724938716));
#8465=CARTESIAN_POINT('Ctrl Pts',(-12.5512029139849,-77.8099792730313,-34.8576026582424));
#8466=CARTESIAN_POINT('Ctrl Pts',(-12.550390112805,-77.8099792730313,-34.8835008333374));
#8467=CARTESIAN_POINT('Ctrl Pts',(-12.55,-77.8099792730313,-34.9090819503378));
#8468=CARTESIAN_POINT('Ctrl Pts',(-12.55,-77.8099792730313,-34.9342724938716));
#8469=CARTESIAN_POINT('Ctrl Pts',(-12.5512029139849,-77.8099792730313,-34.8576026582424));
#8470=CARTESIAN_POINT('Ctrl Pts',(-12.550390112805,-77.8099792730313,-34.8835008333374));
#8471=CARTESIAN_POINT('Ctrl Pts',(-12.55,-77.8099792730313,-34.9090819503378));
#8472=CARTESIAN_POINT('Ctrl Pts',(-12.55,-77.8099792730313,-34.9342724938716));
#8473=CARTESIAN_POINT('Ctrl Pts',(-12.75,-77.6099792730313,-34.9342724938716));
#8474=CARTESIAN_POINT('Ctrl Pts',(-12.75,-77.6099792730313,-34.911143774155));
#8475=CARTESIAN_POINT('Ctrl Pts',(-12.75,-77.6099781982242,-34.8876563077053));
#8476=CARTESIAN_POINT('Ctrl Pts',(-12.75,-77.6099823257931,-34.863841804649));
#8477=CARTESIAN_POINT('Ctrl Pts',(-12.7543393703582,-59.2959770709013,-26.8683236874083));
#8478=CARTESIAN_POINT('Ctrl Pts',(-12.7678273259845,-59.1167045366273,-26.6639028505248));
#8479=CARTESIAN_POINT('Ctrl Pts',(-12.8604558310935,-58.74083068616,-26.2308355338163));
#8480=CARTESIAN_POINT('Ctrl Pts',(-13.1950191604242,-58.2891970574993,-25.6991240508052));
#8481=CARTESIAN_POINT('Ctrl Pts',(-13.596573722879,-57.9903835103091,-25.3432849358022));
#8482=CARTESIAN_POINT('Ctrl Pts',(-13.8996587544473,-57.8552664809169,-25.1815405977148));
#8483=CARTESIAN_POINT('Ctrl Pts',(-14.2822233189715,-57.7381927194681,-25.041234077713));
#8484=CARTESIAN_POINT('Ctrl Pts',(-14.5215985155877,-57.7038463814562,-25.));
#8485=CARTESIAN_POINT('Ctrl Pts',(-14.75,-57.7038463814562,-25.));
#8486=CARTESIAN_POINT('Ctrl Pts',(-12.6862262469055,-59.2458189669065,-26.9122157916055));
#8487=CARTESIAN_POINT('Ctrl Pts',(-12.6952706144717,-59.0628281109757,-26.7033925879073));
#8488=CARTESIAN_POINT('Ctrl Pts',(-12.7795310832059,-58.6784141263575,-26.2584688527669));
#8489=CARTESIAN_POINT('Ctrl Pts',(-13.1126583397294,-58.212371584417,-25.7020499243917));
#8490=CARTESIAN_POINT('Ctrl Pts',(-13.5250790825708,-57.9004682104557,-25.3223071713159));
#8491=CARTESIAN_POINT('Ctrl Pts',(-13.8427669969816,-57.7578476727002,-25.1466747972674));
#8492=CARTESIAN_POINT('Ctrl Pts',(-14.248167456274,-57.6335334157803,-24.9929623794915));
#8493=CARTESIAN_POINT('Ctrl Pts',(-14.5047258036822,-57.5965987050021,-24.9469522026867));
#8494=CARTESIAN_POINT('Ctrl Pts',(-14.75,-57.5966583054755,-24.947061735657));
#8495=CARTESIAN_POINT('Ctrl Pts',(-12.6181131234528,-59.1956608629117,-26.9561078958028));
#8496=CARTESIAN_POINT('Ctrl Pts',(-12.6225567115129,-59.0090244333624,-26.7429806275834));
#8497=CARTESIAN_POINT('Ctrl Pts',(-12.6985843292449,-58.6160424946291,-26.2861796715183));
#8498=CARTESIAN_POINT('Ctrl Pts',(-13.0305028650194,-58.1355250744429,-25.7049088535914));
#8499=CARTESIAN_POINT('Ctrl Pts',(-13.4534131671965,-57.8106648383788,-25.3015336793233));
#8500=CARTESIAN_POINT('Ctrl Pts',(-13.7860755200249,-57.6604360155794,-25.1118120952458));
#8501=CARTESIAN_POINT('Ctrl Pts',(-14.2139168580809,-57.5289519039508,-24.9448381487783));
#8502=CARTESIAN_POINT('Ctrl Pts',(-14.4882165504802,-57.4895298299682,-24.8942330042842));
#8503=CARTESIAN_POINT('Ctrl Pts',(-14.75,-57.4894702294948,-24.894123471314));
#8504=CARTESIAN_POINT('Ctrl Pts',(-12.55,-59.145502758917,-27.));
#8505=CARTESIAN_POINT('Ctrl Pts',(-12.55,-58.9551480077108,-26.782470364966));
#8506=CARTESIAN_POINT('Ctrl Pts',(-12.6176595813573,-58.5536259348265,-26.313812990469));
#8507=CARTESIAN_POINT('Ctrl Pts',(-12.9481420443245,-58.0586996013606,-25.7078347271778));
#8508=CARTESIAN_POINT('Ctrl Pts',(-13.3819185268882,-57.7207495385254,-25.2805559148369));
#8509=CARTESIAN_POINT('Ctrl Pts',(-13.7291837625593,-57.5630172073627,-25.0769462947983));
#8510=CARTESIAN_POINT('Ctrl Pts',(-14.1798609953834,-57.4242926002629,-24.8965664505567));
#8511=CARTESIAN_POINT('Ctrl Pts',(-14.4713438385746,-57.3822821535141,-24.841185206971));
#8512=CARTESIAN_POINT('Ctrl Pts',(-14.75,-57.3822821535141,-24.841185206971));
#8513=CARTESIAN_POINT('',(-14.75,-57.3822821535141,-24.841185206971));
#8514=CARTESIAN_POINT('',(-14.75,-57.7038463814562,-25.));
#8515=CARTESIAN_POINT('',(-14.75,-57.3822821535141,-24.841185206971));
#8516=CARTESIAN_POINT('',(-12.55,-59.145502758917,-27.));
#8517=CARTESIAN_POINT('Ctrl Pts',(-12.55,-59.145502758917,-27.));
#8518=CARTESIAN_POINT('Ctrl Pts',(-12.55,-58.9551480077108,-26.782470364966));
#8519=CARTESIAN_POINT('Ctrl Pts',(-12.6176595813573,-58.5536259348265,-26.313812990469));
#8520=CARTESIAN_POINT('Ctrl Pts',(-12.9481420443245,-58.0586996013606,-25.7078347271778));
#8521=CARTESIAN_POINT('Ctrl Pts',(-13.3819185268882,-57.7207495385254,-25.2805559148369));
#8522=CARTESIAN_POINT('Ctrl Pts',(-13.7291837625593,-57.5630172073627,-25.0769462947983));
#8523=CARTESIAN_POINT('Ctrl Pts',(-14.1798609953834,-57.4242926002629,-24.8965664505567));
#8524=CARTESIAN_POINT('Ctrl Pts',(-14.4713438385746,-57.3822821535141,-24.841185206971));
#8525=CARTESIAN_POINT('Ctrl Pts',(-14.75,-57.3822821535141,-24.841185206971));
#8526=CARTESIAN_POINT('',(-12.7543393703582,-59.2959770709013,-26.8683236874083));
#8527=CARTESIAN_POINT('',(-12.7543393703582,-59.2959770709013,-26.8683236874083));
#8528=CARTESIAN_POINT('Ctrl Pts',(-14.75,-57.7038463814562,-25.));
#8529=CARTESIAN_POINT('Ctrl Pts',(-14.5215985155877,-57.7038463814562,-25.));
#8530=CARTESIAN_POINT('Ctrl Pts',(-14.2822233189715,-57.7381927194681,-25.041234077713));
#8531=CARTESIAN_POINT('Ctrl Pts',(-13.8996587544473,-57.8552664809169,-25.1815405977148));
#8532=CARTESIAN_POINT('Ctrl Pts',(-13.596573722879,-57.9903835103091,-25.3432849358022));
#8533=CARTESIAN_POINT('Ctrl Pts',(-13.1950191604242,-58.2891970574993,-25.6991240508052));
#8534=CARTESIAN_POINT('Ctrl Pts',(-12.8604558310935,-58.74083068616,-26.2308355338163));
#8535=CARTESIAN_POINT('Ctrl Pts',(-12.7678273259845,-59.1167045366273,-26.6639028505248));
#8536=CARTESIAN_POINT('Ctrl Pts',(-12.7543393703582,-59.2959770709013,-26.8683236874083));
#8537=CARTESIAN_POINT('Origin',(-9.75000000000002,-57.5430642674851,-24.9205926034855));
#8538=CARTESIAN_POINT('',(-21.75,-57.3822821535141,-24.841185206971));
#8539=CARTESIAN_POINT('',(-21.75,-57.7038463814561,-25.));
#8540=CARTESIAN_POINT('',(-21.75,-57.3822821535141,-24.841185206971));
#8541=CARTESIAN_POINT('',(-9.75000000000002,-57.3822821535141,-24.841185206971));
#8542=CARTESIAN_POINT('',(-9.75000000000002,-57.7038463814561,-25.));
#8543=CARTESIAN_POINT('Ctrl Pts',(-23.7259996981257,-55.2514381152353,-24.8005370766526));
#8544=CARTESIAN_POINT('Ctrl Pts',(-23.6927210868304,-55.5136246893363,-24.8014574867271));
#8545=CARTESIAN_POINT('Ctrl Pts',(-23.6182966630138,-55.7867874435379,-24.8038015205008));
#8546=CARTESIAN_POINT('Ctrl Pts',(-23.4133780687715,-56.2819910880135,-24.8102975456022));
#8547=CARTESIAN_POINT('Ctrl Pts',(-23.2304345157185,-56.5759323649321,-24.8161243954483));
#8548=CARTESIAN_POINT('Ctrl Pts',(-22.9697384812679,-56.8511892307372,-24.823320648318));
#8549=CARTESIAN_POINT('Ctrl Pts',(-22.8258961317115,-56.9886976153636,-24.8271655084552));
#8550=CARTESIAN_POINT('Ctrl Pts',(-22.5700687864084,-57.1637770715026,-24.8328883136976));
#8551=CARTESIAN_POINT('Ctrl Pts',(-22.3223766942855,-57.2825727245846,-24.837221671925));
#8552=CARTESIAN_POINT('Ctrl Pts',(-22.0350619851324,-57.3658415814658,-24.8404989220775));
#8553=CARTESIAN_POINT('Ctrl Pts',(-21.8402285472494,-57.3822821535141,-24.841185206971));
#8554=CARTESIAN_POINT('Ctrl Pts',(-21.75,-57.3822821535141,-24.841185206971));
#8555=CARTESIAN_POINT('Ctrl Pts',(-23.7973267065387,-55.2570710228311,-24.8670247177684));
#8556=CARTESIAN_POINT('Ctrl Pts',(-23.7677935801929,-55.5257694328761,-24.8676610341205));
#8557=CARTESIAN_POINT('Ctrl Pts',(-23.696121551712,-55.8072746168888,-24.8691974394183));
#8558=CARTESIAN_POINT('Ctrl Pts',(-23.4934445883846,-56.3203132885343,-24.873541088392));
#8559=CARTESIAN_POINT('Ctrl Pts',(-23.3092444124086,-56.6275277070147,-24.8774287001146));
#8560=CARTESIAN_POINT('Ctrl Pts',(-23.0408178678847,-56.9186271391674,-24.882209016608));
#8561=CARTESIAN_POINT('Ctrl Pts',(-22.8922935572542,-57.0644779758787,-24.8847808208514));
#8562=CARTESIAN_POINT('Ctrl Pts',(-22.6244897693052,-57.2521427831504,-24.8885896604282));
#8563=CARTESIAN_POINT('Ctrl Pts',(-22.3625323719383,-57.3806333273998,-24.8914820826784));
#8564=CARTESIAN_POINT('Ctrl Pts',(-22.0559927466172,-57.4714230447519,-24.8936652050574));
#8565=CARTESIAN_POINT('Ctrl Pts',(-21.8467580281944,-57.4894881260853,-24.8941218026359));
#8566=CARTESIAN_POINT('Ctrl Pts',(-21.75,-57.4894702294948,-24.894123471314));
#8567=CARTESIAN_POINT('Ctrl Pts',(-23.8686537149517,-55.2627039304268,-24.9335123588842));
#8568=CARTESIAN_POINT('Ctrl Pts',(-23.8426440733017,-55.5381132276247,-24.9337964526066));
#8569=CARTESIAN_POINT('Ctrl Pts',(-23.7739805175258,-55.82771665276,-24.9346040810825));
#8570=CARTESIAN_POINT('Ctrl Pts',(-23.573459941386,-56.3587225596289,-24.9367564572102));
#8571=CARTESIAN_POINT('Ctrl Pts',(-23.3877286659597,-56.6792619028779,-24.9386956953337));
#8572=CARTESIAN_POINT('Ctrl Pts',(-23.1121201989496,-56.9859905909112,-24.94111163171));
#8573=CARTESIAN_POINT('Ctrl Pts',(-22.9586790744195,-57.1402908920637,-24.9423846876038));
#8574=CARTESIAN_POINT('Ctrl Pts',(-22.6791136960994,-57.3404504397983,-24.9442986532695));
#8575=CARTESIAN_POINT('Ctrl Pts',(-22.4028501036564,-57.478687725905,-24.9457395892466));
#8576=CARTESIAN_POINT('Ctrl Pts',(-22.0769135928711,-57.5769894082068,-24.9468337170201));
#8577=CARTESIAN_POINT('Ctrl Pts',(-21.8535227856642,-57.5966404088849,-24.947063404335));
#8578=CARTESIAN_POINT('Ctrl Pts',(-21.75,-57.5966583054755,-24.947061735657));
#8579=CARTESIAN_POINT('Ctrl Pts',(-23.9399807233647,-55.2683368380226,-25.));
#8580=CARTESIAN_POINT('Ctrl Pts',(-23.9177165666642,-55.5502579711645,-25.));
#8581=CARTESIAN_POINT('Ctrl Pts',(-23.851805406224,-55.8482038261109,-25.));
#8582=CARTESIAN_POINT('Ctrl Pts',(-23.6535264609991,-56.3970447601497,-25.));
#8583=CARTESIAN_POINT('Ctrl Pts',(-23.4665385626498,-56.7308572449604,-25.));
#8584=CARTESIAN_POINT('Ctrl Pts',(-23.1831995855664,-57.0534284993414,-25.));
#8585=CARTESIAN_POINT('Ctrl Pts',(-23.0250764999622,-57.2160712525789,-25.));
#8586=CARTESIAN_POINT('Ctrl Pts',(-22.7335346789963,-57.4288161514462,-25.));
#8587=CARTESIAN_POINT('Ctrl Pts',(-22.4430057813092,-57.5767483287202,-25.));
#8588=CARTESIAN_POINT('Ctrl Pts',(-22.0978443543559,-57.6825708714929,-25.));
#8589=CARTESIAN_POINT('Ctrl Pts',(-21.8600522666092,-57.7038463814562,-25.));
#8590=CARTESIAN_POINT('Ctrl Pts',(-21.75,-57.7038463814562,-25.));
#8591=CARTESIAN_POINT('',(-23.7259996981124,-55.2514381152376,-24.8005370765095));
#8592=CARTESIAN_POINT('',(-23.9399807233644,-55.2683368380262,-25.));
#8593=CARTESIAN_POINT('',(-23.7259996981124,-55.2514381152376,-24.8005370765095));
#8594=CARTESIAN_POINT('Ctrl Pts',(-21.75,-57.3822821535141,-24.841185206971));
#8595=CARTESIAN_POINT('Ctrl Pts',(-21.8402285472494,-57.3822821535141,-24.841185206971));
#8596=CARTESIAN_POINT('Ctrl Pts',(-22.0350619851324,-57.3658415814658,-24.8404989220775));
#8597=CARTESIAN_POINT('Ctrl Pts',(-22.3223766942855,-57.2825727245846,-24.837221671925));
#8598=CARTESIAN_POINT('Ctrl Pts',(-22.5700687864084,-57.1637770715026,-24.8328883136976));
#8599=CARTESIAN_POINT('Ctrl Pts',(-22.8258961317115,-56.9886976153636,-24.8271655084552));
#8600=CARTESIAN_POINT('Ctrl Pts',(-22.9697384812679,-56.8511892307372,-24.823320648318));
#8601=CARTESIAN_POINT('Ctrl Pts',(-23.2304345157185,-56.5759323649321,-24.8161243954483));
#8602=CARTESIAN_POINT('Ctrl Pts',(-23.4133780687715,-56.2819910880135,-24.8102975456022));
#8603=CARTESIAN_POINT('Ctrl Pts',(-23.6182966630138,-55.7867874435379,-24.8038015205008));
#8604=CARTESIAN_POINT('Ctrl Pts',(-23.6927210868304,-55.5136246893363,-24.8014574867271));
#8605=CARTESIAN_POINT('Ctrl Pts',(-23.7259996981257,-55.2514381152353,-24.8005370766526));
#8606=CARTESIAN_POINT('Ctrl Pts',(-23.9399807233647,-55.2683368380226,-25.));
#8607=CARTESIAN_POINT('Ctrl Pts',(-23.9177165666642,-55.5502579711645,-25.));
#8608=CARTESIAN_POINT('Ctrl Pts',(-23.851805406224,-55.8482038261109,-25.));
#8609=CARTESIAN_POINT('Ctrl Pts',(-23.6535264609991,-56.3970447601497,-25.));
#8610=CARTESIAN_POINT('Ctrl Pts',(-23.4665385626498,-56.7308572449604,-25.));
#8611=CARTESIAN_POINT('Ctrl Pts',(-23.1831995855664,-57.0534284993414,-25.));
#8612=CARTESIAN_POINT('Ctrl Pts',(-23.0250764999622,-57.2160712525789,-25.));
#8613=CARTESIAN_POINT('Ctrl Pts',(-22.7335346789963,-57.4288161514462,-25.));
#8614=CARTESIAN_POINT('Ctrl Pts',(-22.4430057813092,-57.5767483287202,-25.));
#8615=CARTESIAN_POINT('Ctrl Pts',(-22.0978443543559,-57.6825708714929,-25.));
#8616=CARTESIAN_POINT('Ctrl Pts',(-21.8600522666092,-57.7038463814562,-25.));
#8617=CARTESIAN_POINT('Ctrl Pts',(-21.75,-57.7038463814562,-25.));
#8618=CARTESIAN_POINT('Ctrl Pts',(-12.75,-59.4117669683259,-27.));
#8619=CARTESIAN_POINT('Ctrl Pts',(-12.75,-59.3730878661845,-26.9561805411201));
#8620=CARTESIAN_POINT('Ctrl Pts',(-12.7514398942612,-59.3345148925243,-26.912267584223));
#8621=CARTESIAN_POINT('Ctrl Pts',(-12.7543393703582,-59.2959770709013,-26.8683236874083));
#8622=CARTESIAN_POINT('Ctrl Pts',(-12.6833333333334,-59.3617861953983,-27.0441176470588));
#8623=CARTESIAN_POINT('Ctrl Pts',(-12.6833333333334,-59.3230438921096,-27.0002265877559));
#8624=CARTESIAN_POINT('Ctrl Pts',(-12.6842932628408,-59.2844038820357,-26.9562453555352));
#8625=CARTESIAN_POINT('Ctrl Pts',(-12.6862262469055,-59.2458189669065,-26.9122157916055));
#8626=CARTESIAN_POINT('Ctrl Pts',(-12.6166666666667,-59.3118054224707,-27.0882352941176));
#8627=CARTESIAN_POINT('Ctrl Pts',(-12.6166666666667,-59.2729999180348,-27.0442726343917));
#8628=CARTESIAN_POINT('Ctrl Pts',(-12.6171466314204,-59.234292871547,-27.0002231268474));
#8629=CARTESIAN_POINT('Ctrl Pts',(-12.6181131234528,-59.1956608629117,-26.9561078958028));
#8630=CARTESIAN_POINT('Ctrl Pts',(-12.55,-59.2618246495432,-27.1323529411765));
#8631=CARTESIAN_POINT('Ctrl Pts',(-12.55,-59.2229559439599,-27.0883186810276));
#8632=CARTESIAN_POINT('Ctrl Pts',(-12.55,-59.1841818610584,-27.0442008981596));
#8633=CARTESIAN_POINT('Ctrl Pts',(-12.55,-59.145502758917,-27.));
#8634=CARTESIAN_POINT('Ctrl Pts',(-12.55,-59.2618246495432,-27.1323529411765));
#8635=CARTESIAN_POINT('Ctrl Pts',(-12.55,-59.2229559439599,-27.0883186810276));
#8636=CARTESIAN_POINT('Ctrl Pts',(-12.55,-59.1841818610584,-27.0442008981596));
#8637=CARTESIAN_POINT('Ctrl Pts',(-12.55,-59.145502758917,-27.));
#8638=CARTESIAN_POINT('Ctrl Pts',(-12.7543393703582,-59.2959770709013,-26.8683236874083));
#8639=CARTESIAN_POINT('Ctrl Pts',(-12.7514398942612,-59.3345148925243,-26.912267584223));
#8640=CARTESIAN_POINT('Ctrl Pts',(-12.75,-59.3730878661845,-26.9561805411201));
#8641=CARTESIAN_POINT('Ctrl Pts',(-12.75,-59.4117669683259,-27.));
#8642=CARTESIAN_POINT('Ctrl Pts',(-23.9399807233644,-55.2683368380261,-25.));
#8643=CARTESIAN_POINT('Ctrl Pts',(-23.9468488611988,-55.1813686574258,-25.));
#8644=CARTESIAN_POINT('Ctrl Pts',(-23.95,-55.0960615555445,-25.));
#8645=CARTESIAN_POINT('Ctrl Pts',(-23.95,-55.0142886309282,-25.));
#8646=CARTESIAN_POINT('Ctrl Pts',(-23.8686537149513,-55.2627039304303,-24.9335123588842));
#8647=CARTESIAN_POINT('Ctrl Pts',(-23.8766544474062,-55.1777650155749,-24.9334177149334));
#8648=CARTESIAN_POINT('Ctrl Pts',(-23.8810207363981,-55.0943419986217,-24.9333618858848));
#8649=CARTESIAN_POINT('Ctrl Pts',(-23.8822623140265,-55.0142886309282,-24.9333419370062));
#8650=CARTESIAN_POINT('Ctrl Pts',(-23.7973267065383,-55.2570710228345,-24.8670247177684));
#8651=CARTESIAN_POINT('Ctrl Pts',(-23.8064600336136,-55.1741613737239,-24.8668354298668));
#8652=CARTESIAN_POINT('Ctrl Pts',(-23.8120414727961,-55.0926224416989,-24.8667237717697));
#8653=CARTESIAN_POINT('Ctrl Pts',(-23.8145246280529,-55.0142886309282,-24.8666838740123));
#8654=CARTESIAN_POINT('Ctrl Pts',(-23.7259996981253,-55.2514381152386,-24.8005370766526));
#8655=CARTESIAN_POINT('Ctrl Pts',(-23.736265619821,-55.170557731873,-24.8002531448002));
#8656=CARTESIAN_POINT('Ctrl Pts',(-23.7430622091941,-55.0909028847762,-24.8000856576545));
#8657=CARTESIAN_POINT('Ctrl Pts',(-23.7467869420794,-55.0142886309282,-24.8000258110185));
#8658=CARTESIAN_POINT('',(-23.7467869420794,-55.0142886309282,-24.8000258110185));
#8659=CARTESIAN_POINT('',(-23.95,-55.0142886309282,-25.));
#8660=CARTESIAN_POINT('',(-23.7467869420794,-55.0142886309282,-24.8000258110185));
#8661=CARTESIAN_POINT('Ctrl Pts',(-23.7259996981253,-55.2514381152386,-24.8005370766526));
#8662=CARTESIAN_POINT('Ctrl Pts',(-23.736265619821,-55.170557731873,-24.8002531448002));
#8663=CARTESIAN_POINT('Ctrl Pts',(-23.7430622091941,-55.0909028847762,-24.8000856576545));
#8664=CARTESIAN_POINT('Ctrl Pts',(-23.7467869420794,-55.0142886309282,-24.8000258110185));
#8665=CARTESIAN_POINT('Ctrl Pts',(-23.95,-55.0142886309282,-25.));
#8666=CARTESIAN_POINT('Ctrl Pts',(-23.95,-55.0960615555445,-25.));
#8667=CARTESIAN_POINT('Ctrl Pts',(-23.9468488611988,-55.1813686574258,-25.));
#8668=CARTESIAN_POINT('Ctrl Pts',(-23.9399807233644,-55.2683368380261,-25.));
#8669=CARTESIAN_POINT('Ctrl Pts',(-23.95,-55.0142886309282,-25.));
#8670=CARTESIAN_POINT('Ctrl Pts',(-23.95,-55.0095257539521,-25.));
#8671=CARTESIAN_POINT('Ctrl Pts',(-23.95,-55.0047628769761,-25.));
#8672=CARTESIAN_POINT('Ctrl Pts',(-23.95,-55.,-25.));
#8673=CARTESIAN_POINT('Ctrl Pts',(-23.8822623140265,-55.0142886309282,-24.9333419370062));
#8674=CARTESIAN_POINT('Ctrl Pts',(-23.8823394991612,-55.0095257539521,-24.9333406968446));
#8675=CARTESIAN_POINT('Ctrl Pts',(-23.8824129651685,-55.0047628769761,-24.9333396502247));
#8676=CARTESIAN_POINT('Ctrl Pts',(-23.8824827110483,-55.,-24.9333387602413));
#8677=CARTESIAN_POINT('Ctrl Pts',(-23.8145246280529,-55.0142886309282,-24.8666838740124));
#8678=CARTESIAN_POINT('Ctrl Pts',(-23.8146789983223,-55.0095257539521,-24.8666813936892));
#8679=CARTESIAN_POINT('Ctrl Pts',(-23.8148259303369,-55.0047628769761,-24.8666793004494));
#8680=CARTESIAN_POINT('Ctrl Pts',(-23.8149654220965,-55.,-24.8666775204825));
#8681=CARTESIAN_POINT('Ctrl Pts',(-23.7467869420794,-55.0142886309282,-24.8000258110185));
#8682=CARTESIAN_POINT('Ctrl Pts',(-23.7470184974834,-55.0095257539521,-24.8000220905338));
#8683=CARTESIAN_POINT('Ctrl Pts',(-23.7472388955053,-55.0047628769761,-24.8000189506741));
#8684=CARTESIAN_POINT('Ctrl Pts',(-23.7474481331448,-55.,-24.8000162807238));
#8685=CARTESIAN_POINT('',(-23.7474481331448,-55.,-24.8000162807238));
#8686=CARTESIAN_POINT('',(-23.95,-55.,-25.));
#8687=CARTESIAN_POINT('',(-23.7474481331448,-55.,-24.8000162807238));
#8688=CARTESIAN_POINT('Ctrl Pts',(-23.7467869420794,-55.0142886309282,-24.8000258110185));
#8689=CARTESIAN_POINT('Ctrl Pts',(-23.7470184974834,-55.0095257539521,-24.8000220905338));
#8690=CARTESIAN_POINT('Ctrl Pts',(-23.7472388955053,-55.0047628769761,-24.8000189506741));
#8691=CARTESIAN_POINT('Ctrl Pts',(-23.7474481331448,-55.,-24.8000162807238));
#8692=CARTESIAN_POINT('Ctrl Pts',(-23.95,-55.,-25.));
#8693=CARTESIAN_POINT('Ctrl Pts',(-23.95,-55.0047628769761,-25.));
#8694=CARTESIAN_POINT('Ctrl Pts',(-23.95,-55.0095257539521,-25.));
#8695=CARTESIAN_POINT('Ctrl Pts',(-23.95,-55.0142886309282,-25.));
#8696=CARTESIAN_POINT('Origin',(-43.75,-55.,-24.9));
#8697=CARTESIAN_POINT('',(-23.9503339097529,-54.8850099364449,-25.));
#8698=CARTESIAN_POINT('',(-23.7503372825787,-54.8838484206514,-24.8000000408367));
#8699=CARTESIAN_POINT('',(-23.9503339097529,-54.8850099364449,-25.));
#8700=CARTESIAN_POINT('',(-24.0453298132168,-53.0593885422123,-25.));
#8701=CARTESIAN_POINT('Origin',(-43.75,-55.,-25.));
#8702=CARTESIAN_POINT('',(-23.8462927406231,-53.039786406275,-24.8));
#8703=CARTESIAN_POINT('',(-23.8462927406231,-53.039786406275,-24.8));
#8704=CARTESIAN_POINT('Origin',(-43.75,-55.,-24.8));
#8705=CARTESIAN_POINT('Origin',(-24.6800308528878,-45.5944348567183,-24.9));
#8706=CARTESIAN_POINT('',(-26.6869665710001,-24.1960213593475,-24.8));
#8707=CARTESIAN_POINT('',(-26.8860036435938,-24.2156234952848,-25.));
#8708=CARTESIAN_POINT('',(-26.6869665710001,-24.1960213593475,-24.8));
#8709=CARTESIAN_POINT('',(-24.5805123165909,-45.5846337887496,-24.8));
#8710=CARTESIAN_POINT('',(-24.7795493891847,-45.6042359246869,-25.));
#8711=CARTESIAN_POINT('Origin',(-24.6965958450624,-23.999999999975,-24.9));
#8712=CARTESIAN_POINT('',(-24.6965958450624,-21.799999999975,-25.));
#8713=CARTESIAN_POINT('Origin',(-24.6965958450624,-23.999999999975,-25.));
#8714=CARTESIAN_POINT('',(-24.6965958450624,-21.999999999975,-24.8));
#8715=CARTESIAN_POINT('',(-24.6965958450624,-21.999999999975,-24.8));
#8716=CARTESIAN_POINT('Origin',(-24.6965958450624,-23.999999999975,-24.8));
#8717=CARTESIAN_POINT('Origin',(-25.4516207009236,-21.899999999975,-24.9));
#8718=CARTESIAN_POINT('',(-18.9621793911474,-21.999999999975,-24.8));
#8719=CARTESIAN_POINT('',(-18.9912284826842,-21.799999999975,-25.));
#8720=CARTESIAN_POINT('Origin',(-17.,-21.612892731952,-25.187107268023));
#8721=CARTESIAN_POINT('',(-25.4516207009236,-21.999999999975,-24.8));
#8722=CARTESIAN_POINT('',(-25.4516207009236,-21.799999999975,-25.));
#8723=CARTESIAN_POINT('Ctrl Pts',(-23.95,-55.,-25.));
#8724=CARTESIAN_POINT('Ctrl Pts',(-23.95,-54.961669763346,-25.));
#8725=CARTESIAN_POINT('Ctrl Pts',(-23.9501113038767,-54.9233395266928,-25.));
#8726=CARTESIAN_POINT('Ctrl Pts',(-23.9503339097529,-54.8850099364449,-25.));
#8727=CARTESIAN_POINT('Ctrl Pts',(-23.8824827110483,-55.,-24.9333387602413));
#8728=CARTESIAN_POINT('Ctrl Pts',(-23.8830497474094,-54.9615390586155,-24.9333315246458));
#8729=CARTESIAN_POINT('Ctrl Pts',(-23.8834450117145,-54.9230814106195,-24.9333333333333));
#8730=CARTESIAN_POINT('Ctrl Pts',(-23.8836683673615,-54.8846227645137,-24.9333333333333));
#8731=CARTESIAN_POINT('Ctrl Pts',(-23.8149654220965,-55.,-24.8666775204825));
#8732=CARTESIAN_POINT('Ctrl Pts',(-23.8160994948187,-54.961408353885,-24.8666630492916));
#8733=CARTESIAN_POINT('Ctrl Pts',(-23.8167787195523,-54.9228232945463,-24.8666666666667));
#8734=CARTESIAN_POINT('Ctrl Pts',(-23.8170028249701,-54.8842355925825,-24.8666666666667));
#8735=CARTESIAN_POINT('Ctrl Pts',(-23.7474481331448,-55.,-24.8000162807238));
#8736=CARTESIAN_POINT('Ctrl Pts',(-23.749149242228,-54.9612776491545,-24.7999945739373));
#8737=CARTESIAN_POINT('Ctrl Pts',(-23.7501124273901,-54.9225651784731,-24.8));
#8738=CARTESIAN_POINT('Ctrl Pts',(-23.7503372825787,-54.8838484206514,-24.8));
#8739=CARTESIAN_POINT('Ctrl Pts',(-23.7474481331448,-55.,-24.8000162807238));
#8740=CARTESIAN_POINT('Ctrl Pts',(-23.749149242228,-54.9612776491545,-24.7999945739373));
#8741=CARTESIAN_POINT('Ctrl Pts',(-23.7501124273901,-54.9225651784731,-24.8));
#8742=CARTESIAN_POINT('Ctrl Pts',(-23.7503372825787,-54.8838484206514,-24.8));
#8743=CARTESIAN_POINT('Ctrl Pts',(-23.9503339097529,-54.8850099364449,-25.));
#8744=CARTESIAN_POINT('Ctrl Pts',(-23.9501113038767,-54.9233395266928,-25.));
#8745=CARTESIAN_POINT('Ctrl Pts',(-23.95,-54.961669763346,-25.));
#8746=CARTESIAN_POINT('Ctrl Pts',(-23.95,-55.,-25.));
#8747=CARTESIAN_POINT('Origin',(-9.75000000000002,-127.879060832963,-15.6900207269687));
#8748=CARTESIAN_POINT('',(-9.75000000000002,-128.847068812577,-19.0534952030727));
#8749=CARTESIAN_POINT('',(-9.75000000000002,-128.847068812577,-19.0534952030727));
#8750=CARTESIAN_POINT('',(-9.75000000000002,-130.941881449992,-13.9961701231956));
#8751=CARTESIAN_POINT('Origin',(-9.75000000000002,-127.879060832963,-15.6900207269687));
#8752=CARTESIAN_POINT('',(-9.75000000000002,-130.941881449992,-13.9961701231956));
#8753=CARTESIAN_POINT('Origin',(-9.75000000000002,-137.942614288915,-10.1245116002857));
#8754=CARTESIAN_POINT('',(-9.75000000000002,-130.115248690725,-8.47153011452481));
#8755=CARTESIAN_POINT('Origin',(-9.75000000000002,-137.942614288915,-10.1245116002857));
#8756=CARTESIAN_POINT('',(-9.75000000000002,-130.115248690725,-8.47153011452481));
#8757=CARTESIAN_POINT('Origin',(-14.75,-90.,0.));
#8758=CARTESIAN_POINT('',(-14.75,-66.5977349556828,-26.025641025641));
#8759=CARTESIAN_POINT('Origin',(-14.75,-90.,0.));
#8760=CARTESIAN_POINT('',(-12.75,-65.2604626674361,-27.5128205128205));
#8761=CARTESIAN_POINT('Origin',(-14.75,-65.2604626674361,-27.5128205128205));
#8762=CARTESIAN_POINT('Origin',(-12.75,-90.,0.));
#8763=CARTESIAN_POINT('Origin',(-12.75,-67.6569128272437,-33.1895304164814));
#8764=CARTESIAN_POINT('',(-12.75,-63.9231903791894,-27.));
#8765=CARTESIAN_POINT('Origin',(-12.75,-63.9231903791894,-29.));
#8766=CARTESIAN_POINT('',(-12.75,-52.8284564136156,-27.));
#8767=CARTESIAN_POINT('',(-12.75,-75.9099792730313,-37.8790608329628));
#8768=CARTESIAN_POINT('Origin',(-12.75,-74.3099792730313,-37.8790608329628));
#8769=CARTESIAN_POINT('Origin',(-14.75,-52.8284564136156,-27.));
#8770=CARTESIAN_POINT('',(-14.75,-63.9231903791894,-25.));
#8771=CARTESIAN_POINT('Origin',(-14.75,-63.9231903791894,-27.));
#8772=CARTESIAN_POINT('',(-14.75,-52.8284564136156,-25.));
#8773=CARTESIAN_POINT('Origin',(-24.,-37.9999999999875,-25.));
#8774=CARTESIAN_POINT('',(-24.75,-63.9231903791894,-25.));
#8775=CARTESIAN_POINT('',(-17.75,-63.9231903791894,-25.));
#8776=CARTESIAN_POINT('',(-24.75,-55.9824719197058,-25.));
#8777=CARTESIAN_POINT('',(-24.75,-46.4999999999937,-25.));
#8778=CARTESIAN_POINT('',(-24.8511073776542,-53.9242476462946,-25.));
#8779=CARTESIAN_POINT('Origin',(-45.75,-55.9824719197058,-25.));
#8780=CARTESIAN_POINT('',(-27.9085218964081,-22.8797309943079,-25.));
#8781=CARTESIAN_POINT('',(-27.2004890529921,-30.0689875582304,-25.));
#8782=CARTESIAN_POINT('',(-28.,-21.0175280802692,-25.));
#8783=CARTESIAN_POINT('Origin',(-9.,-21.0175280802692,-25.));
#8784=CARTESIAN_POINT('',(-28.,-9.,-25.));
#8785=CARTESIAN_POINT('',(-28.,-22.9999999999813,-25.));
#8786=CARTESIAN_POINT('',(-19.,-9.,-25.));
#8787=CARTESIAN_POINT('',(-21.5,-9.,-25.));
#8788=CARTESIAN_POINT('',(-19.,-10.97,-25.));
#8789=CARTESIAN_POINT('',(-19.,-8.,-25.));
#8790=CARTESIAN_POINT('',(-24.,-10.97,-25.));
#8791=CARTESIAN_POINT('',(-24.5,-10.97,-25.));
#8792=CARTESIAN_POINT('',(-25.,-11.97,-25.));
#8793=CARTESIAN_POINT('',(-31.0074999999969,-17.9774999999969,-25.));
#8794=CARTESIAN_POINT('',(-25.,-18.03,-25.));
#8795=CARTESIAN_POINT('',(-25.,-21.999999999975,-25.));
#8796=CARTESIAN_POINT('',(-24.,-19.03,-25.));
#8797=CARTESIAN_POINT('',(-19.5075000000031,-23.5224999999969,-25.));
#8798=CARTESIAN_POINT('',(-19.,-19.03,-25.));
#8799=CARTESIAN_POINT('',(-21.5,-19.03,-25.));
#8800=CARTESIAN_POINT('',(-19.,-21.612892731952,-25.));
#8801=CARTESIAN_POINT('',(-19.,-19.,-25.));
#8802=CARTESIAN_POINT('Origin',(-17.,-21.612892731952,-25.));
#8803=CARTESIAN_POINT('Origin',(-9.75000000000002,-63.258563137261,-41.0596584802668));
#8804=CARTESIAN_POINT('',(-9.75000000000002,-67.6245120128102,-34.3560407692028));
#8805=CARTESIAN_POINT('',(-9.75000000000002,-67.6245120128102,-34.3560407692028));
#8806=CARTESIAN_POINT('',(-9.75000000000002,-70.9465047969273,-38.847068812577));
#8807=CARTESIAN_POINT('Origin',(-9.75000000000002,-63.258563137261,-41.0596584802668));
#8808=CARTESIAN_POINT('',(-9.75000000000002,-70.9465047969273,-38.847068812577));
#8809=CARTESIAN_POINT('Origin',(-9.75000000000002,-90.,0.));
#8810=CARTESIAN_POINT('',(-21.75,-56.6279069767442,-23.8181319008683));
#8811=CARTESIAN_POINT('Origin',(-21.75,-90.,0.));
#8812=CARTESIAN_POINT('',(-21.7629114162925,-55.909343809393,-22.7777777777778));
#8813=CARTESIAN_POINT('Ctrl Pts',(-21.75,-56.6279069767442,-23.8181319008683));
#8814=CARTESIAN_POINT('Ctrl Pts',(-21.75,-56.3830417483984,-23.4750460025902));
#8815=CARTESIAN_POINT('Ctrl Pts',(-21.754495187078,-56.1434706104507,-23.1281866876256));
#8816=CARTESIAN_POINT('Ctrl Pts',(-21.7629114162925,-55.909343809393,-22.7777777777778));
#8817=CARTESIAN_POINT('',(-9.75000000000002,-55.909343809393,-22.7777777777778));
#8818=CARTESIAN_POINT('',(-9.75000000000002,-55.909343809393,-22.7777777777778));
#8819=CARTESIAN_POINT('Origin',(-9.75000000000002,-90.,0.));
#8820=CARTESIAN_POINT('Origin',(-9.75000000000002,-131.059658480267,-26.741436862739));
#8821=CARTESIAN_POINT('',(-9.75000000000002,-124.356040769203,-22.3754879871898));
#8822=CARTESIAN_POINT('',(-9.75000000000002,-124.356040769203,-22.3754879871898));
#8823=CARTESIAN_POINT('Origin',(-9.75000000000002,-131.059658480267,-26.741436862739));
#8824=CARTESIAN_POINT('Origin',(-9.75000000000002,-90.,0.));
#8825=CARTESIAN_POINT('',(-9.75000000000002,-112.37548798719,-34.3560407692028));
#8826=CARTESIAN_POINT('',(-9.75000000000002,-112.37548798719,-34.3560407692028));
#8827=CARTESIAN_POINT('Origin',(-9.75000000000002,-90.,0.));
#8828=CARTESIAN_POINT('Origin',(-9.75000000000002,-116.741436862739,-41.0596584802668));
#8829=CARTESIAN_POINT('',(-9.75000000000002,-109.053495203073,-38.847068812577));
#8830=CARTESIAN_POINT('',(-9.75000000000002,-109.053495203073,-38.847068812577));
#8831=CARTESIAN_POINT('Origin',(-9.75000000000002,-116.741436862739,-41.0596584802668));
#8832=CARTESIAN_POINT('Origin',(-21.,-9.50000000000001,-16.9705627484771));
#8833=CARTESIAN_POINT('',(-19.4444444444444,-8.,-15.7134840263677));
#8834=CARTESIAN_POINT('',(-19.,-8.,-16.9705627484771));
#8835=CARTESIAN_POINT('Origin',(-21.,-8.,-16.9705627484771));
#8836=CARTESIAN_POINT('',(-19.4444444444444,-10.97,-15.7134840263677));
#8837=CARTESIAN_POINT('',(-19.4444444444444,-9.50000000000001,-15.7134840263677));
#8838=CARTESIAN_POINT('',(-19.,-10.97,-16.9705627484771));
#8839=CARTESIAN_POINT('Origin',(-21.,-10.97,-16.9705627484771));
#8840=CARTESIAN_POINT('',(-19.,-9.50000000000001,-16.9705627484771));
#8841=CARTESIAN_POINT('Origin',(-25.,-10.97,0.));
#8842=CARTESIAN_POINT('',(-24.,-10.9700000000001,-6.99999999999999));
#8843=CARTESIAN_POINT('Origin',(0.,-10.97,0.));
#8844=CARTESIAN_POINT('',(-24.,-10.97,0.));
#8845=CARTESIAN_POINT('',(-19.,-10.97,0.));
#8846=CARTESIAN_POINT('Origin',(-24.5,-11.47,0.));
#8847=CARTESIAN_POINT('',(-25.,-11.97,0.));
#8848=CARTESIAN_POINT('Origin',(0.,13.0300000000001,0.));
#8849=CARTESIAN_POINT('',(-25.,-11.97,0.));
#8850=CARTESIAN_POINT('Origin',(-29.,-8.99999999997501,-24.));
#8851=CARTESIAN_POINT('',(-28.,-8.,-24.));
#8852=CARTESIAN_POINT('',(-28.,-8.,-24.));
#8853=CARTESIAN_POINT('',(-29.,-8.99999999997501,-24.));
#8854=CARTESIAN_POINT('',(-28.,-9.,-25.));
#8855=CARTESIAN_POINT('',(-29.,-8.99999999997501,-24.));
#8856=CARTESIAN_POINT('Origin',(-28.5,-22.9999999999813,-24.5));
#8857=CARTESIAN_POINT('',(-29.,-21.0175280802692,-24.));
#8858=CARTESIAN_POINT('',(-29.,-21.0175280802692,-24.));
#8859=CARTESIAN_POINT('',(-29.,-22.9999999999813,-24.));
#8860=CARTESIAN_POINT('Origin',(-9.,-21.0175280802692,-24.5));
#8861=CARTESIAN_POINT('',(-28.903707259377,-22.9777416739942,-24.));
#8862=CARTESIAN_POINT('',(-28.903707259377,-22.9777416739942,-24.));
#8863=CARTESIAN_POINT('Origin',(-9.,-21.0175280802692,-24.));
#8864=CARTESIAN_POINT('Origin',(-27.6980817344765,-30.1179928980735,-24.5));
#8865=CARTESIAN_POINT('',(-25.8462927406231,-54.0222583259808,-24.));
#8866=CARTESIAN_POINT('',(-25.8462927406231,-54.0222583259808,-24.));
#8867=CARTESIAN_POINT('',(-28.1956744159609,-30.1669982379167,-24.));
#8868=CARTESIAN_POINT('Origin',(-45.75,-55.9824719197058,-24.5));
#8869=CARTESIAN_POINT('',(-25.75,-55.9824719197058,-24.));
#8870=CARTESIAN_POINT('',(-25.75,-55.9824719197058,-24.));
#8871=CARTESIAN_POINT('Origin',(-45.75,-55.9824719197058,-24.));
#8872=CARTESIAN_POINT('Origin',(-25.25,-46.4999999999937,-24.5));
#8873=CARTESIAN_POINT('',(-25.75,-63.9231903791894,-24.));
#8874=CARTESIAN_POINT('',(-25.75,-63.9231903791894,-24.));
#8875=CARTESIAN_POINT('',(-25.75,-46.4999999999937,-24.));
#8876=CARTESIAN_POINT('Origin',(-25.25,-63.9231903791894,-29.));
#8877=CARTESIAN_POINT('',(-25.75,-67.2663710998061,-25.2820512820513));
#8878=CARTESIAN_POINT('',(-24.75,-66.5977349556828,-26.025641025641));
#8879=CARTESIAN_POINT('',(-25.75,-67.2663710998061,-25.2820512820513));
#8880=CARTESIAN_POINT('Origin',(-25.75,-63.9231903791894,-29.));
#8881=CARTESIAN_POINT('Origin',(-24.75,-63.9231903791894,-29.));
#8882=CARTESIAN_POINT('Origin',(-21.5,-8.5,-24.5));
#8883=CARTESIAN_POINT('',(-19.,-8.,-24.));
#8884=CARTESIAN_POINT('',(-19.,-3.,-19.));
#8885=CARTESIAN_POINT('',(-21.5,-8.,-24.));
#8886=CARTESIAN_POINT('Origin',(-19.,-11.,0.));
#8887=CARTESIAN_POINT('',(-19.,-8.,0.));
#8888=CARTESIAN_POINT('Ctrl Pts',(-24.2940398526772,-48.493431114645,-10.4335368415782));
#8889=CARTESIAN_POINT('Ctrl Pts',(-24.2440277853314,-49.0012459523104,-10.0641558998919));
#8890=CARTESIAN_POINT('Ctrl Pts',(-24.2129346833368,-49.3169605264097,-9.44410478540149));
#8891=CARTESIAN_POINT('Ctrl Pts',(-24.2129346833368,-49.3169605264097,-8.81615718453492));
#8892=CARTESIAN_POINT('Ctrl Pts',(-24.2609120279677,-48.8298059501575,-10.9004611032998));
#8893=CARTESIAN_POINT('Ctrl Pts',(-24.1966974729494,-49.4781758165644,-10.4168678966392));
#8894=CARTESIAN_POINT('Ctrl Pts',(-24.1579505782183,-49.8752606706907,-9.62170718226319));
#8895=CARTESIAN_POINT('Ctrl Pts',(-24.1579505782183,-49.8752606706907,-8.81615718453492));
#8896=CARTESIAN_POINT('Ctrl Pts',(-23.7419292715125,-49.3676396317301,-11.7101274680575));
#8897=CARTESIAN_POINT('Ctrl Pts',(-23.6703272114638,-50.2603528809892,-11.030714075625));
#8898=CARTESIAN_POINT('Ctrl Pts',(-23.6266497449989,-50.8013638796065,-9.92804973167403));
#8899=CARTESIAN_POINT('Ctrl Pts',(-23.6266497449989,-50.8013638796065,-8.81615718453492));
#8900=CARTESIAN_POINT('Ctrl Pts',(-22.7346219233109,-49.5016367402042,-12.0307266908626));
#8901=CARTESIAN_POINT('Ctrl Pts',(-22.6781972857438,-50.5044611623286,-11.2878495718397));
#8902=CARTESIAN_POINT('Ctrl Pts',(-22.6433148283339,-51.1209391670372,-10.0594137049836));
#8903=CARTESIAN_POINT('Ctrl Pts',(-22.6433148283339,-51.1209391670372,-8.81615718453492));
#8904=CARTESIAN_POINT('Ctrl Pts',(-22.3036691267395,-49.4738803435078,-12.0509164986214));
#8905=CARTESIAN_POINT('Ctrl Pts',(-22.2536570593937,-50.4895100188385,-11.312154615249));
#8906=CARTESIAN_POINT('Ctrl Pts',(-22.2225639573991,-51.1209391670372,-10.0720523862681));
#8907=CARTESIAN_POINT('Ctrl Pts',(-22.2225639573991,-51.1209391670372,-8.81615718453492));
#8908=CARTESIAN_POINT('',(-24.2940398526772,-48.493431114645,-10.4335368415782));
#8909=CARTESIAN_POINT('',(-22.3036691267395,-49.4738803435078,-12.0509164986214));
#8910=CARTESIAN_POINT('Origin',(-22.3036691267395,-48.2974097552725,-10.4335368415782));
#8911=CARTESIAN_POINT('',(-24.2129346833368,-49.3169605264097,-8.81615718453492));
#8912=CARTESIAN_POINT('Origin',(-24.4099043803063,-47.3169605264097,-8.81615718453492));
#8913=CARTESIAN_POINT('',(-22.2225639573991,-51.1209391670372,-8.81615718453492));
#8914=CARTESIAN_POINT('Origin',(-22.2225639573991,-49.1209391670372,-8.81615718453492));
#8915=CARTESIAN_POINT('Origin',(-22.4195336543686,-47.1209391670372,-8.81615718453492));
#8916=CARTESIAN_POINT('Origin',(-22.2225639573991,-49.1209391670372,-5.65126926663631));
#8917=CARTESIAN_POINT('',(-22.2225639573991,-51.1209391670372,-3.));
#8918=CARTESIAN_POINT('',(-24.2129346833368,-49.3169605264097,-3.));
#8919=CARTESIAN_POINT('Origin',(-22.2225639573991,-49.1209391670372,-3.));
#8920=CARTESIAN_POINT('',(-22.2225639573991,-51.1209391670372,-5.65126926663631));
#8921=CARTESIAN_POINT('',(-24.2129346833368,-49.3169605264097,-5.65126926663631));
#8922=CARTESIAN_POINT('Ctrl Pts',(-24.5569033057341,-45.8243560528344,-16.));
#8923=CARTESIAN_POINT('Ctrl Pts',(-24.5626579040922,-45.7659247464291,-14.7761395861935));
#8924=CARTESIAN_POINT('Ctrl Pts',(-24.5113709120761,-46.286684973054,-12.6083660620918));
#8925=CARTESIAN_POINT('Ctrl Pts',(-24.3672276982072,-47.7502929908007,-10.9740902867089));
#8926=CARTESIAN_POINT('Ctrl Pts',(-24.2940398526772,-48.493431114645,-10.4335368415782));
#8927=CARTESIAN_POINT('Ctrl Pts',(-24.5019781868429,-46.3820572600374,-15.973115167589));
#8928=CARTESIAN_POINT('Ctrl Pts',(-24.5072538159865,-46.328368952367,-14.8557818527508));
#8929=CARTESIAN_POINT('Ctrl Pts',(-24.4598365143305,-46.8076363341457,-12.8752379150562));
#8930=CARTESIAN_POINT('Ctrl Pts',(-24.3277048047807,-48.149956673173,-11.3895872703588));
#8931=CARTESIAN_POINT('Ctrl Pts',(-24.2609120279676,-48.8298059501575,-10.9004611032998));
#8932=CARTESIAN_POINT('Ctrl Pts',(-23.9707040393174,-47.3071059901498,-15.9264521049703));
#8933=CARTESIAN_POINT('Ctrl Pts',(-23.9757377495234,-47.2616901448894,-14.9928626642472));
#8934=CARTESIAN_POINT('Ctrl Pts',(-23.9308909779369,-47.6675044795377,-13.3390716796941));
#8935=CARTESIAN_POINT('Ctrl Pts',(-23.8053888178633,-48.7978088136157,-12.1110755110801));
#8936=CARTESIAN_POINT('Ctrl Pts',(-23.7419224725464,-49.3676356241186,-11.7101228790438));
#8937=CARTESIAN_POINT('Ctrl Pts',(-22.987310824962,-47.6261533925159,-15.9065957641425));
#8938=CARTESIAN_POINT('Ctrl Pts',(-22.9928512821538,-47.5849646838545,-15.0517538502849));
#8939=CARTESIAN_POINT('Ctrl Pts',(-22.9435065969469,-47.9528409623125,-13.536594328291));
#8940=CARTESIAN_POINT('Ctrl Pts',(-22.8049223291076,-48.9813905759393,-12.4031029986699));
#8941=CARTESIAN_POINT('Ctrl Pts',(-22.7346219233109,-49.5016367402042,-12.0307266908626));
#8942=CARTESIAN_POINT('Ctrl Pts',(-22.5665325797964,-47.6260591468697,-15.9046217621442));
#8943=CARTESIAN_POINT('Ctrl Pts',(-22.5722871781545,-47.5856067039737,-15.0573337833551));
#8944=CARTESIAN_POINT('Ctrl Pts',(-22.5210001861384,-47.946133014714,-13.5565674974385));
#8945=CARTESIAN_POINT('Ctrl Pts',(-22.3768569722695,-48.9594001039233,-12.4251458067889));
#8946=CARTESIAN_POINT('Ctrl Pts',(-22.3036691267395,-49.4738803435078,-12.0509164986214));
#8947=CARTESIAN_POINT('',(-24.5569033057341,-45.8243560528344,-16.));
#8948=CARTESIAN_POINT('',(-22.5665325797964,-47.6260591468697,-15.9046217621442));
#8949=CARTESIAN_POINT('Origin',(-22.5665325797964,-45.6283346934619,-16.));
#8950=CARTESIAN_POINT('Origin',(-23.9174801378825,-52.3169605264097,-15.6900207269687));
#8951=CARTESIAN_POINT('Origin',(-21.9271094119448,-52.1209391670372,-15.6900207269687));
#8952=CARTESIAN_POINT('Origin',(-22.5872767835838,-45.4177012396201,-3.));
#8953=CARTESIAN_POINT('',(-22.2225639573991,-49.1209391670372,-1.));
#8954=CARTESIAN_POINT('Origin',(-22.2225639573991,-49.1209391670372,-3.));
#8955=CARTESIAN_POINT('',(-26.686966571,-24.1960213593475,-3.));
#8956=CARTESIAN_POINT('',(-24.5776475095215,-45.6137225989926,-3.));
#8957=CARTESIAN_POINT('',(-24.6965958450624,-23.999999999975,-1.));
#8958=CARTESIAN_POINT('Origin',(-24.6965958450624,-23.999999999975,-3.));
#8959=CARTESIAN_POINT('',(-22.5872767835838,-45.4177012396201,-1.));
#8960=CARTESIAN_POINT('Origin',(-22.2225639573991,-49.1209391670372,-3.));
#8961=CARTESIAN_POINT('Origin',(-22.2225639573991,-49.1209391670372,-3.));
#8962=CARTESIAN_POINT('Origin',(-24.6965958450624,-23.999999999975,0.));
#8963=CARTESIAN_POINT('',(-24.6965958450624,-21.999999999975,-3.));
#8964=CARTESIAN_POINT('Origin',(-24.6965958450624,-23.999999999975,-3.));
#8965=CARTESIAN_POINT('',(-26.6869665710001,-24.1960213593475,-16.));
#8966=CARTESIAN_POINT('',(-26.6869665710001,-24.1960213593475,0.));
#8967=CARTESIAN_POINT('',(-24.6965958450624,-21.999999999975,-16.));
#8968=CARTESIAN_POINT('Origin',(-24.6965958450624,-23.999999999975,-16.));
#8969=CARTESIAN_POINT('',(-24.6965958450624,-21.999999999975,0.));
#8970=CARTESIAN_POINT('Origin',(-24.6965958450624,-23.999999999975,-3.));
#8971=CARTESIAN_POINT('Origin',(-24.6965958450624,-23.999999999975,-3.));
#8972=CARTESIAN_POINT('Origin',(-22.5872767835838,-45.4177012396201,-16.));
#8973=CARTESIAN_POINT('',(-24.6965958450624,-23.999999999975,-18.));
#8974=CARTESIAN_POINT('Origin',(-24.6965958450624,-23.999999999975,-16.));
#8975=CARTESIAN_POINT('',(-24.5776475095215,-45.6137225989926,-16.));
#8976=CARTESIAN_POINT('',(-22.5665325797964,-45.6283346934619,-18.));
#8977=CARTESIAN_POINT('Origin',(-22.5665325797964,-45.6283346934619,-16.));
#8978=CARTESIAN_POINT('',(-22.5872767835838,-45.4177012396201,-18.));
#8979=CARTESIAN_POINT('Origin',(-24.6965958450624,-23.999999999975,-16.));
#8980=CARTESIAN_POINT('Origin',(-24.6965958450624,-23.999999999975,-16.));
#8981=CARTESIAN_POINT('Origin',(-22.5665325797964,-45.6283346934619,-16.));
#8982=CARTESIAN_POINT('Origin',(-22.5665325797964,-45.6283346934619,-16.));
#8983=CARTESIAN_POINT('Origin',(-9.75000000000002,-51.1209391670372,-11.3025385332726));
#8984=CARTESIAN_POINT('',(-9.75000000000002,-51.1209391670372,-3.));
#8985=CARTESIAN_POINT('',(-14.0383103504618,-51.1209391670372,-3.));
#8986=CARTESIAN_POINT('',(-9.75000000000002,-51.1209391670372,-8.81615718453492));
#8987=CARTESIAN_POINT('',(-9.75000000000002,-51.1209391670372,-4.44089209850063E-15));
#8988=CARTESIAN_POINT('',(-9.75000000000002,-51.1209391670372,-8.81615718453492));
#8989=CARTESIAN_POINT('Origin',(-9.75000000000002,-47.1209391670372,-8.81615718453492));
#8990=CARTESIAN_POINT('',(-9.75000000000002,-49.4738803435078,-12.0509164986214));
#8991=CARTESIAN_POINT('Origin',(-9.75000000000002,-47.1209391670372,-8.81615718453492));
#8992=CARTESIAN_POINT('',(-9.75000000000002,-49.4738803435078,-12.0509164986214));
#8993=CARTESIAN_POINT('Origin',(-9.75000000000002,-52.1209391670372,-15.6900207269687));
#8994=CARTESIAN_POINT('',(-9.75000000000002,-47.6260591468697,-15.9046217621442));
#8995=CARTESIAN_POINT('Origin',(-9.75000000000002,-52.1209391670372,-15.6900207269687));
#8996=CARTESIAN_POINT('',(-9.75000000000002,-47.6260591468697,-15.9046217621442));
#8997=CARTESIAN_POINT('Origin',(-9.75000000000002,-45.6283346934619,-16.));
#8998=CARTESIAN_POINT('',(-9.75000000000002,-46.548429072092,-17.7757889329572));
#8999=CARTESIAN_POINT('Origin',(-9.75000000000002,-45.6283346934619,-16.));
#9000=CARTESIAN_POINT('',(-9.80308699340348,-45.6283346934619,-18.));
#9001=CARTESIAN_POINT('Ctrl Pts',(-9.75000000000002,-46.548429072092,-17.7757889329572));
#9002=CARTESIAN_POINT('Ctrl Pts',(-9.75000000000002,-46.4972136015891,-17.8023253448212));
#9003=CARTESIAN_POINT('Ctrl Pts',(-9.75049369037331,-46.4447340194954,-17.8266994291091));
#9004=CARTESIAN_POINT('Ctrl Pts',(-9.75637876447189,-46.1451183191147,-17.9503527729602));
#9005=CARTESIAN_POINT('Ctrl Pts',(-9.77419707840257,-45.8778587060116,-18.));
#9006=CARTESIAN_POINT('Ctrl Pts',(-9.80308699340348,-45.6283346934619,-18.));
#9007=CARTESIAN_POINT('',(-9.75000000000002,-45.6283346934619,-18.));
#9008=CARTESIAN_POINT('Origin',(-18.3266207009236,-37.4999999999875,-18.));
#9009=CARTESIAN_POINT('',(-10.3277633925132,-43.5633991321278,-18.));
#9010=CARTESIAN_POINT('Origin',(-17.75,-46.548429072092,-18.));
#9011=CARTESIAN_POINT('',(-18.1956521739139,-23.999999999975,-18.));
#9012=CARTESIAN_POINT('',(-19.,-21.999999999975,-18.));
#9013=CARTESIAN_POINT('',(-22.6149310513854,-23.999999999975,-18.));
#9014=CARTESIAN_POINT('Origin',(-23.8462927406231,-53.039786406275,0.));
#9015=CARTESIAN_POINT('',(-26.474832310936,-26.35,-11.5));
#9016=CARTESIAN_POINT('Origin',(-26.3123323109361,-28.,-11.5));
#9017=CARTESIAN_POINT('',(-25.2930141291187,-38.35,-11.5));
#9018=CARTESIAN_POINT('Origin',(-25.1305141291188,-40.,-11.5));
#9019=CARTESIAN_POINT('Origin',(-21.75,-52.1209391670372,-15.6900207269687));
#9020=CARTESIAN_POINT('',(-23.75,-55.944468578802,-10.4335368415782));
#9021=CARTESIAN_POINT('',(-21.75,-54.7679979905667,-12.0509164986214));
#9022=CARTESIAN_POINT('Origin',(-21.75,-55.944468578802,-10.4335368415782));
#9023=CARTESIAN_POINT('',(-23.75,-58.4380565220863,-17.2210427132701));
#9024=CARTESIAN_POINT('Origin',(-23.75,-52.1209391670372,-15.6900207269687));
#9025=CARTESIAN_POINT('',(-21.75,-56.4943281051481,-16.7499590251774));
#9026=CARTESIAN_POINT('Origin',(-21.75,-58.4380565220863,-17.2210427132701));
#9027=CARTESIAN_POINT('Origin',(-21.75,-52.1209391670372,-15.6900207269687));
#9028=CARTESIAN_POINT('Ctrl Pts',(-23.75,-58.4380565220863,-17.2210427132701));
#9029=CARTESIAN_POINT('Ctrl Pts',(-23.75,-58.2454505822012,-18.0157499979598));
#9030=CARTESIAN_POINT('Ctrl Pts',(-23.75,-58.6647869644751,-18.7177569173839));
#9031=CARTESIAN_POINT('Ctrl Pts',(-23.75,-56.4943281051481,-16.7499590251774));
#9032=CARTESIAN_POINT('Ctrl Pts',(-23.75,-56.1091162253779,-18.3393735945568));
#9033=CARTESIAN_POINT('Ctrl Pts',(-23.75,-56.9477889899258,-19.7433874334049));
#9034=CARTESIAN_POINT('Ctrl Pts',(-21.75,-56.4943281051481,-16.7499590251774));
#9035=CARTESIAN_POINT('Ctrl Pts',(-21.75,-56.1091162253779,-18.3393735945568));
#9036=CARTESIAN_POINT('Ctrl Pts',(-21.75,-56.9477889899258,-19.7433874334049));
#9037=CARTESIAN_POINT('',(-21.75,-56.9477889899258,-19.7433874334049));
#9038=CARTESIAN_POINT('',(-23.75,-58.6647869644751,-18.7177569173839));
#9039=CARTESIAN_POINT('Origin',(-21.75,-58.6647869644751,-18.7177569173839));
#9040=CARTESIAN_POINT('Origin',(-21.75,-60.3817849390244,-17.6921264013628));
#9041=CARTESIAN_POINT('Origin',(-23.75,-60.3817849390244,-17.6921264013628));
#9042=CARTESIAN_POINT('Origin',(-21.75,-90.,0.));
#9043=CARTESIAN_POINT('',(-21.75,-57.8645508348229,-21.2028985507246));
#9044=CARTESIAN_POINT('',(-23.75,-59.5339248174295,-20.1014492753623));
#9045=CARTESIAN_POINT('Origin',(-21.75,-59.5339248174295,-20.1014492753623));
#9046=CARTESIAN_POINT('Origin',(-21.75,-90.,0.));
#9047=CARTESIAN_POINT('Origin',(-23.75,-90.,0.));
#9048=CARTESIAN_POINT('Ctrl Pts',(-23.75,-59.5339248174295,-20.1014492753623));
#9049=CARTESIAN_POINT('Ctrl Pts',(-23.75,-60.126786605645,-21.));
#9050=CARTESIAN_POINT('Ctrl Pts',(-23.75,-61.2032988000361,-21.));
#9051=CARTESIAN_POINT('Ctrl Pts',(-23.7500000000001,-57.8645508348229,-21.2028985507246));
#9052=CARTESIAN_POINT('Ctrl Pts',(-23.7500000000001,-59.0502744112538,-23.));
#9053=CARTESIAN_POINT('Ctrl Pts',(-23.7500000000001,-61.2032988000361,-23.));
#9054=CARTESIAN_POINT('Ctrl Pts',(-21.75,-57.8645508348229,-21.2028985507246));
#9055=CARTESIAN_POINT('Ctrl Pts',(-21.75,-59.0502744112538,-23.));
#9056=CARTESIAN_POINT('Ctrl Pts',(-21.75,-61.2032988000361,-23.));
#9057=CARTESIAN_POINT('',(-21.75,-61.2032988000361,-23.));
#9058=CARTESIAN_POINT('',(-23.75,-61.2032988000361,-21.));
#9059=CARTESIAN_POINT('Origin',(-21.75,-61.2032988000361,-21.));
#9060=CARTESIAN_POINT('Origin',(-21.75,-61.2032988000361,-19.));
#9061=CARTESIAN_POINT('Origin',(-23.75,-61.2032988000361,-19.));
#9062=CARTESIAN_POINT('Origin',(-21.75,-68.1678404338007,-21.));
#9063=CARTESIAN_POINT('',(-21.75,-64.6579223424755,-23.));
#9064=CARTESIAN_POINT('',(-23.75,-64.6579223424755,-21.));
#9065=CARTESIAN_POINT('Origin',(-21.75,-64.6579223424755,-21.));
#9066=CARTESIAN_POINT('',(-21.75,-68.1678404338007,-23.));
#9067=CARTESIAN_POINT('',(-23.75,-68.1678404338007,-21.));
#9068=CARTESIAN_POINT('Origin',(-21.75,-64.6579223424755,-27.));
#9069=CARTESIAN_POINT('',(-21.75,-67.3953868477442,-24.0834458547124));
#9070=CARTESIAN_POINT('',(-23.75,-68.7641191003785,-22.6251687820686));
#9071=CARTESIAN_POINT('Origin',(-21.75,-68.7641191003785,-22.6251687820686));
#9072=CARTESIAN_POINT('Origin',(-21.75,-64.6579223424755,-27.));
#9073=CARTESIAN_POINT('Origin',(-23.75,-64.6579223424755,-27.));
#9074=CARTESIAN_POINT('Ctrl Pts',(-23.75,-55.1209391670373,-8.81615718453493));
#9075=CARTESIAN_POINT('Ctrl Pts',(-23.75,-55.1209391670373,-9.83450733896956));
#9076=CARTESIAN_POINT('Ctrl Pts',(-23.75,-55.944468578802,-10.4335368415782));
#9077=CARTESIAN_POINT('Ctrl Pts',(-23.75,-53.1209391670372,-8.81615718453493));
#9078=CARTESIAN_POINT('Ctrl Pts',(-23.75,-53.1209391670372,-10.8528574934042));
#9079=CARTESIAN_POINT('Ctrl Pts',(-23.75,-54.7679979905667,-12.0509164986214));
#9080=CARTESIAN_POINT('Ctrl Pts',(-21.75,-53.1209391670372,-8.81615718453493));
#9081=CARTESIAN_POINT('Ctrl Pts',(-21.75,-53.1209391670372,-10.8528574934042));
#9082=CARTESIAN_POINT('Ctrl Pts',(-21.75,-54.7679979905667,-12.0509164986214));
#9083=CARTESIAN_POINT('',(-23.75,-55.1209391670373,-8.81615718453493));
#9084=CARTESIAN_POINT('',(-21.75,-53.1209391670372,-8.81615718453493));
#9085=CARTESIAN_POINT('Origin',(-21.75,-55.1209391670373,-8.81615718453493));
#9086=CARTESIAN_POINT('Origin',(-23.75,-57.1209391670373,-8.81615718453493));
#9087=CARTESIAN_POINT('Origin',(-21.75,-57.1209391670373,-8.81615718453493));
#9088=CARTESIAN_POINT('Origin',(-16.75,-90.,0.));
#9089=CARTESIAN_POINT('',(-21.75,-79.8099792730313,-31.4188538553517));
#9090=CARTESIAN_POINT('Origin',(-21.75,-90.,0.));
#9091=CARTESIAN_POINT('',(-19.75,-77.8099792730313,-30.6982783666458));
#9092=CARTESIAN_POINT('Ctrl Pts',(-21.75,-79.8099792730313,-31.4188538553517));
#9093=CARTESIAN_POINT('Ctrl Pts',(-21.75,-79.5560264346743,-31.3364897850885));
#9094=CARTESIAN_POINT('Ctrl Pts',(-21.6988418948944,-79.2855808268486,-31.2450294954415));
#9095=CARTESIAN_POINT('Ctrl Pts',(-21.4898788778635,-78.787335683384,-31.0697088064464));
#9096=CARTESIAN_POINT('Ctrl Pts',(-21.332067429116,-78.5594831557888,-30.9860068363563));
#9097=CARTESIAN_POINT('Ctrl Pts',(-20.973752606777,-78.2095776605447,-30.8544912255119));
#9098=CARTESIAN_POINT('Ctrl Pts',(-20.7533158515306,-78.059981060169,-30.7965641584314));
#9099=CARTESIAN_POINT('Ctrl Pts',(-20.2668993594304,-77.8601199599391,-30.7183288766556));
#9100=CARTESIAN_POINT('Ctrl Pts',(-20.0008273468683,-77.8099792730313,-30.6982783666458));
#9101=CARTESIAN_POINT('Ctrl Pts',(-19.75,-77.8099792730313,-30.6982783666458));
#9102=CARTESIAN_POINT('',(-9.75000000000002,-77.8099792730313,-30.6982783666458));
#9103=CARTESIAN_POINT('',(-16.75,-77.8099792730313,-30.6982783666458));
#9104=CARTESIAN_POINT('',(-9.75000000000002,-67.3953868477442,-24.0834458547124));
#9105=CARTESIAN_POINT('Origin',(-9.75000000000002,-90.,0.));
#9106=CARTESIAN_POINT('',(-16.75,-67.3953868477442,-24.0834458547124));
#9107=CARTESIAN_POINT('Origin',(-19.75,-100.190020726969,-36.8560297588967));
#9108=CARTESIAN_POINT('',(-21.75,-100.190020726969,-31.4188538553517));
#9109=CARTESIAN_POINT('',(-21.75,-100.190020726969,-36.8560297588967));
#9110=CARTESIAN_POINT('',(-19.75,-102.190020726969,-30.6982783666458));
#9111=CARTESIAN_POINT('Ctrl Pts',(-19.75,-102.190020726969,-30.6982783666458));
#9112=CARTESIAN_POINT('Ctrl Pts',(-20.0008273468683,-102.190020726969,-30.6982783666458));
#9113=CARTESIAN_POINT('Ctrl Pts',(-20.2668993594304,-102.139880040061,-30.7183288766556));
#9114=CARTESIAN_POINT('Ctrl Pts',(-20.7533158515307,-101.940018939831,-30.7965641584314));
#9115=CARTESIAN_POINT('Ctrl Pts',(-20.973752606777,-101.790422339455,-30.8544912255119));
#9116=CARTESIAN_POINT('Ctrl Pts',(-21.332067429116,-101.440516844211,-30.9860068363563));
#9117=CARTESIAN_POINT('Ctrl Pts',(-21.4898788778635,-101.212664316616,-31.0697088064464));
#9118=CARTESIAN_POINT('Ctrl Pts',(-21.6988418948944,-100.714419173151,-31.2450294954415));
#9119=CARTESIAN_POINT('Ctrl Pts',(-21.75,-100.443973565326,-31.3364897850885));
#9120=CARTESIAN_POINT('Ctrl Pts',(-21.75,-100.190020726969,-31.4188538553517));
#9121=CARTESIAN_POINT('',(-19.75,-102.190020726969,-36.8560297588967));
#9122=CARTESIAN_POINT('Origin',(-21.75,-90.,-35.8329986848307));
#9123=CARTESIAN_POINT('',(-21.75,-79.8099792730313,-34.3207929471098));
#9124=CARTESIAN_POINT('Origin',(-21.75,-90.,0.));
#9125=CARTESIAN_POINT('Origin',(-19.75,-79.8099792730313,-34.3207929471098));
#9126=CARTESIAN_POINT('',(-19.75,-77.8099792730313,-34.3207929471097));
#9127=CARTESIAN_POINT('Ctrl Pts',(-12.75,-63.9231903791894,-27.));
#9128=CARTESIAN_POINT('Ctrl Pts',(-12.75,-64.6901553680368,-27.));
#9129=CARTESIAN_POINT('Ctrl Pts',(-12.75,-65.2604626674361,-27.5128205128205));
#9130=CARTESIAN_POINT('Ctrl Pts',(-12.75,-63.9231903791894,-25.));
#9131=CARTESIAN_POINT('Ctrl Pts',(-12.75,-65.4571203568841,-25.));
#9132=CARTESIAN_POINT('Ctrl Pts',(-12.75,-66.5977349556828,-26.025641025641));
#9133=CARTESIAN_POINT('Ctrl Pts',(-14.75,-63.9231903791894,-25.));
#9134=CARTESIAN_POINT('Ctrl Pts',(-14.75,-65.4571203568841,-25.));
#9135=CARTESIAN_POINT('Ctrl Pts',(-14.75,-66.5977349556828,-26.025641025641));
#9136=CARTESIAN_POINT('Origin',(-14.75,-63.9231903791894,-29.));
#9137=CARTESIAN_POINT('Origin',(-17.75,-63.9231903791894,-29.));
#9138=CARTESIAN_POINT('',(-17.75,-66.5977349556828,-26.025641025641));
#9139=CARTESIAN_POINT('Origin',(-9.75000000000002,-126.995180207068,-9.91194438274223));
#9140=CARTESIAN_POINT('',(-11.55,-126.42115505852,-11.2977636815092));
#9141=CARTESIAN_POINT('',(-11.55,-128.444077604212,-10.300140637941));
#9142=CARTESIAN_POINT('Origin',(-11.55,-126.995180207068,-9.91194438274223));
#9143=CARTESIAN_POINT('',(-9.75000000000002,-128.444077604212,-10.300140637941));
#9144=CARTESIAN_POINT('',(-9.75000000000002,-128.444077604212,-10.300140637941));
#9145=CARTESIAN_POINT('',(-9.75000000000002,-126.42115505852,-11.2977636815092));
#9146=CARTESIAN_POINT('Origin',(-9.75000000000002,-126.995180207068,-9.91194438274223));
#9147=CARTESIAN_POINT('',(-9.75000000000002,-126.42115505852,-11.2977636815092));
#9148=CARTESIAN_POINT('Origin',(-9.75000000000002,-123.513090501981,-10.0932039019342));
#9149=CARTESIAN_POINT('',(-9.75000000000002,-124.743099440045,-10.6026902859203));
#9150=CARTESIAN_POINT('',(-9.75000000000002,-129.218452846241,-12.4564423631792));
#9151=CARTESIAN_POINT('',(-11.55,-124.743099440045,-10.6026902859203));
#9152=CARTESIAN_POINT('',(-17.75,-124.743099440045,-10.6026902859203));
#9153=CARTESIAN_POINT('',(-11.55,-112.588930583119,-5.56826870600903));
#9154=CARTESIAN_POINT('Origin',(-17.75,-125.317124588593,-9.2168709871534));
#9155=CARTESIAN_POINT('',(-11.55,-123.86573590687,-8.83809546713339));
#9156=CARTESIAN_POINT('Origin',(-11.55,-125.317124588593,-9.2168709871534));
#9157=CARTESIAN_POINT('',(-9.75000000000002,-123.86573590687,-8.83809546713339));
#9158=CARTESIAN_POINT('Origin',(-9.75000000000002,-125.317124588593,-9.2168709871534));
#9159=CARTESIAN_POINT('',(-17.75,-123.86573590687,-8.83809546713339));
#9160=CARTESIAN_POINT('Origin',(-9.75000000000002,-123.168345883418,-19.1507397078541));
#9161=CARTESIAN_POINT('',(-11.55,-124.467367262664,-19.9007686781356));
#9162=CARTESIAN_POINT('',(-11.55,-123.742371031966,-17.7649204090874));
#9163=CARTESIAN_POINT('Origin',(-11.55,-123.168345883418,-19.1507397078541));
#9164=CARTESIAN_POINT('',(-9.75000000000002,-123.742371031966,-17.7649204090873));
#9165=CARTESIAN_POINT('',(-9.75000000000002,-123.742371031966,-17.7649204090874));
#9166=CARTESIAN_POINT('',(-9.75000000000002,-124.467367262664,-19.9007686781356));
#9167=CARTESIAN_POINT('Origin',(-9.75000000000002,-123.168345883418,-19.1507397078541));
#9168=CARTESIAN_POINT('',(-9.75000000000002,-124.467367262664,-19.9007686781355));
#9169=CARTESIAN_POINT('Origin',(-9.75000000000002,-90.,0.));
#9170=CARTESIAN_POINT('',(-9.75000000000002,-111.500334854657,-33.4929186715286));
#9171=CARTESIAN_POINT('Origin',(-9.75000000000002,-90.,0.));
#9172=CARTESIAN_POINT('',(-11.55,-111.500334854657,-33.4929186715286));
#9173=CARTESIAN_POINT('',(-9.75000000000002,-111.500334854657,-33.4929186715286));
#9174=CARTESIAN_POINT('Origin',(-11.55,-90.,0.));
#9175=CARTESIAN_POINT('Origin',(-17.75,-121.490290264943,-18.4556663122646));
#9176=CARTESIAN_POINT('',(-11.55,-122.064315413491,-17.0698470134979));
#9177=CARTESIAN_POINT('',(-11.55,-120.196168747205,-17.6972142720346));
#9178=CARTESIAN_POINT('Origin',(-11.55,-121.490290264943,-18.4556663122646));
#9179=CARTESIAN_POINT('',(-9.75000000000002,-120.196168747205,-17.6972142720346));
#9180=CARTESIAN_POINT('',(-17.75,-120.196168747205,-17.6972142720346));
#9181=CARTESIAN_POINT('',(-9.75000000000002,-122.064315413491,-17.0698470134979));
#9182=CARTESIAN_POINT('Origin',(-9.75000000000002,-121.490290264943,-18.4556663122646));
#9183=CARTESIAN_POINT('',(-17.75,-122.064315413491,-17.0698470134979));
#9184=CARTESIAN_POINT('Origin',(-11.55,-94.2519231907281,-18.9395304164814));
#9185=CARTESIAN_POINT('',(-11.55,-109.190020726969,-32.2306227416972));
#9186=CARTESIAN_POINT('Origin',(-11.55,-110.690020726969,-32.2306227416972));
#9187=CARTESIAN_POINT('',(-11.55,-109.190020726969,-30.0694702699866));
#9188=CARTESIAN_POINT('',(-11.55,-109.190020726969,-24.1048523663217));
#9189=CARTESIAN_POINT('',(-11.55,-109.839745902573,-28.8337386150556));
#9190=CARTESIAN_POINT('Origin',(-11.55,-110.690020726969,-30.0694702699866));
#9191=CARTESIAN_POINT('Origin',(-11.55,-90.,0.));
#9192=CARTESIAN_POINT('',(-11.55,-112.137272056934,-12.9579310209418));
#9193=CARTESIAN_POINT('Origin',(-17.75,-90.,0.));
#9194=CARTESIAN_POINT('',(-9.75000000000002,-109.839745902573,-28.8337386150556));
#9195=CARTESIAN_POINT('',(-17.75,-109.839745902573,-28.8337386150556));
#9196=CARTESIAN_POINT('Origin',(-9.75000000000002,-90.,0.));
#9197=CARTESIAN_POINT('Origin',(-9.75000000000002,-110.690020726969,-32.2306227416972));
#9198=CARTESIAN_POINT('',(-9.75000000000002,-109.190020726969,-32.2306227416972));
#9199=CARTESIAN_POINT('Origin',(-9.75000000000002,-110.690020726969,-32.2306227416972));
#9200=CARTESIAN_POINT('',(-9.75000000000002,-109.190020726969,-32.2306227416972));
#9201=CARTESIAN_POINT('Origin',(-9.75000000000002,-109.190020726969,-29.270174316162));
#9202=CARTESIAN_POINT('',(-9.75000000000002,-109.190020726969,-30.0694702699866));
#9203=CARTESIAN_POINT('',(-9.75000000000002,-109.190020726969,-37.8790608329628));
#9204=CARTESIAN_POINT('',(-17.75,-109.190020726969,-30.0694702699866));
#9205=CARTESIAN_POINT('Origin',(-17.75,-110.690020726969,-30.0694702699866));
#9206=CARTESIAN_POINT('Origin',(-9.75000000000002,-110.690020726969,-30.0694702699866));
#9207=CARTESIAN_POINT('Origin',(-9.75000000000002,-69.3099792730313,-32.2306227416972));
#9208=CARTESIAN_POINT('',(-11.55,-68.4996651453432,-33.4929186715287));
#9209=CARTESIAN_POINT('',(-11.55,-70.8099792730313,-32.2306227416972));
#9210=CARTESIAN_POINT('Origin',(-11.55,-69.3099792730313,-32.2306227416972));
#9211=CARTESIAN_POINT('',(-9.75000000000002,-70.8099792730313,-32.2306227416972));
#9212=CARTESIAN_POINT('',(-9.75000000000002,-70.8099792730313,-32.2306227416972));
#9213=CARTESIAN_POINT('',(-9.75000000000002,-68.4996651453432,-33.4929186715287));
#9214=CARTESIAN_POINT('Origin',(-9.75000000000002,-69.3099792730313,-32.2306227416972));
#9215=CARTESIAN_POINT('',(-9.75000000000002,-68.4996651453432,-33.4929186715287));
#9216=CARTESIAN_POINT('Origin',(-11.55,-94.2519231907281,-18.9395304164814));
#9217=CARTESIAN_POINT('',(-11.55,-61.264893922856,-27.5378590078329));
#9218=CARTESIAN_POINT('Origin',(-11.55,-90.,0.));
#9219=CARTESIAN_POINT('',(-11.55,-62.347875307673,-25.));
#9220=CARTESIAN_POINT('Origin',(-11.55,-62.347875307673,-26.5));
#9221=CARTESIAN_POINT('',(-11.55,-64.9001992039777,-25.));
#9222=CARTESIAN_POINT('',(-11.55,-66.1259615953578,-25.));
#9223=CARTESIAN_POINT('',(-11.55,-65.9316978668279,-25.4109589041096));
#9224=CARTESIAN_POINT('Origin',(-11.55,-64.9001992039777,-26.5));
#9225=CARTESIAN_POINT('',(-11.55,-70.1602540974273,-28.8337386150556));
#9226=CARTESIAN_POINT('Origin',(-11.55,-90.,0.));
#9227=CARTESIAN_POINT('',(-11.55,-70.8099792730313,-30.0694702699866));
#9228=CARTESIAN_POINT('Origin',(-11.55,-69.3099792730313,-30.0694702699866));
#9229=CARTESIAN_POINT('',(-11.55,-70.8099792730313,-26.9038059367875));
#9230=CARTESIAN_POINT('Origin',(-9.75000000000002,-70.8099792730313,-34.8680814570936));
#9231=CARTESIAN_POINT('',(-9.75000000000002,-70.8099792730313,-30.0694702699866));
#9232=CARTESIAN_POINT('',(-17.75,-70.8099792730313,-30.0694702699866));
#9233=CARTESIAN_POINT('',(-9.75000000000002,-70.8099792730313,-37.8790608329628));
#9234=CARTESIAN_POINT('Origin',(-17.75,-69.3099792730313,-30.0694702699866));
#9235=CARTESIAN_POINT('',(-9.75000000000002,-70.1602540974273,-28.8337386150556));
#9236=CARTESIAN_POINT('',(-17.75,-70.1602540974273,-28.8337386150556));
#9237=CARTESIAN_POINT('Origin',(-9.75000000000002,-69.3099792730313,-30.0694702699866));
#9238=CARTESIAN_POINT('Origin',(-17.75,-64.9001992039777,-26.5));
#9239=CARTESIAN_POINT('',(-9.75000000000002,-64.9001992039777,-25.));
#9240=CARTESIAN_POINT('',(-17.75,-64.9001992039777,-25.));
#9241=CARTESIAN_POINT('',(-9.75000000000002,-65.9316978668279,-25.4109589041096));
#9242=CARTESIAN_POINT('Origin',(-9.75000000000002,-64.9001992039777,-26.5));
#9243=CARTESIAN_POINT('',(-17.75,-65.9316978668279,-25.4109589041096));
#9244=CARTESIAN_POINT('Origin',(-24.,-37.9999999999875,-25.));
#9245=CARTESIAN_POINT('',(-9.75000000000002,-62.347875307673,-25.));
#9246=CARTESIAN_POINT('',(-9.75000000000002,-62.347875307673,-25.));
#9247=CARTESIAN_POINT('',(-9.75000000000002,-7.99999866355193,-25.));
#9248=CARTESIAN_POINT('Origin',(-9.75000000000002,-62.347875307673,-26.5));
#9249=CARTESIAN_POINT('',(-9.75000000000002,-61.264893922856,-27.5378590078329));
#9250=CARTESIAN_POINT('',(-9.75000000000002,-61.264893922856,-27.5378590078329));
#9251=CARTESIAN_POINT('Origin',(-9.75000000000002,-62.347875307673,-26.5));
#9252=CARTESIAN_POINT('Origin',(-17.75,-46.548429072092,-9.));
#9253=CARTESIAN_POINT('',(-10.3277633925132,-43.5633991321278,-21.));
#9254=CARTESIAN_POINT('',(-9.75000000000002,-46.548429072092,-21.));
#9255=CARTESIAN_POINT('Origin',(-17.75,-46.548429072092,-21.));
#9256=CARTESIAN_POINT('',(-10.3277633925132,-43.5633991321278,-9.));
#9257=CARTESIAN_POINT('',(-9.75000000000002,-46.548429072092,-9.));
#9258=CARTESIAN_POINT('Origin',(-16.75,-64.6579223424755,-27.));
#9259=CARTESIAN_POINT('',(-9.75000000000002,-64.6579223424755,-23.));
#9260=CARTESIAN_POINT('Origin',(-9.75000000000002,-64.6579223424755,-27.));
#9261=CARTESIAN_POINT('',(-16.75,-64.6579223424755,-23.));
#9262=CARTESIAN_POINT('Origin',(-9.75000000000002,-66.3356808676015,-23.));
#9263=CARTESIAN_POINT('',(-9.75000000000002,-61.2032988000361,-23.));
#9264=CARTESIAN_POINT('',(-9.75000000000002,-66.3356808676015,-23.));
#9265=CARTESIAN_POINT('',(-9.75000000000002,-61.2032988000361,-23.));
#9266=CARTESIAN_POINT('Origin',(-9.75000000000002,-61.2032988000361,-19.));
#9267=CARTESIAN_POINT('',(-9.75000000000002,-57.8645508348229,-21.2028985507246));
#9268=CARTESIAN_POINT('Origin',(-9.75000000000002,-61.2032988000361,-19.));
#9269=CARTESIAN_POINT('',(-9.75000000000002,-57.8645508348229,-21.2028985507246));
#9270=CARTESIAN_POINT('Origin',(-9.75000000000002,-60.3817849390244,-17.6921264013628));
#9271=CARTESIAN_POINT('',(-9.75000000000002,-56.9477889899258,-19.7433874334049));
#9272=CARTESIAN_POINT('',(-9.75000000000002,-56.9477889899258,-19.7433874334049));
#9273=CARTESIAN_POINT('',(-9.75000000000002,-56.4943281051481,-16.7499590251774));
#9274=CARTESIAN_POINT('Origin',(-9.75000000000002,-60.3817849390244,-17.6921264013628));
#9275=CARTESIAN_POINT('',(-9.75000000000002,-56.4943281051481,-16.7499590251774));
#9276=CARTESIAN_POINT('Origin',(-9.75000000000002,-90.,0.));
#9277=CARTESIAN_POINT('Origin',(-9.75000000000002,-90.,0.));
#9278=CARTESIAN_POINT('Origin',(-9.75000000000002,-57.1209391670373,-8.81615718453493));
#9279=CARTESIAN_POINT('',(-9.75000000000002,-54.7679979905667,-12.0509164986214));
#9280=CARTESIAN_POINT('',(-9.75000000000002,-54.7679979905667,-12.0509164986214));
#9281=CARTESIAN_POINT('',(-9.75000000000002,-53.1209391670372,-8.81615718453493));
#9282=CARTESIAN_POINT('Origin',(-9.75000000000002,-57.1209391670373,-8.81615718453493));
#9283=CARTESIAN_POINT('',(-9.75000000000002,-53.1209391670372,-8.81615718453493));
#9284=CARTESIAN_POINT('Origin',(-9.75000000000002,-52.1209391670372,-15.6900207269687));
#9285=CARTESIAN_POINT('Origin',(-9.75000000000002,-52.1209391670372,-15.6900207269687));
#9286=CARTESIAN_POINT('Origin',(-14.0383103504618,-49.1209391670372,-3.));
#9287=CARTESIAN_POINT('',(-9.75000000000002,-49.1209391670372,-1.));
#9288=CARTESIAN_POINT('',(-14.0383103504618,-49.1209391670372,-1.));
#9289=CARTESIAN_POINT('Origin',(-9.75000000000002,-49.1209391670372,-3.));
#9290=CARTESIAN_POINT('Origin',(-18.3266207009236,-37.4999999999875,-1.));
#9291=CARTESIAN_POINT('',(-18.1956521739139,-23.999999999975,-1.));
#9292=CARTESIAN_POINT('',(-22.6149310513854,-23.999999999975,-1.));
#9293=CARTESIAN_POINT('',(-10.3277633925132,-43.5633991321278,-1.));
#9294=CARTESIAN_POINT('',(-19.,-21.999999999975,-1.));
#9295=CARTESIAN_POINT('',(-9.75000000000002,-46.548429072092,-1.));
#9296=CARTESIAN_POINT('Origin',(-17.75,-46.548429072092,-1.));
#9297=CARTESIAN_POINT('',(-9.75000000000002,-55.,-1.));
#9298=CARTESIAN_POINT('Origin',(-22.6149310513854,-23.999999999975,-3.));
#9299=CARTESIAN_POINT('',(-18.9621793911474,-21.999999999975,-3.));
#9300=CARTESIAN_POINT('',(-22.6149310513854,-21.999999999975,-3.));
#9301=CARTESIAN_POINT('',(-18.8555591518717,-22.3591502169431,-1.85649136884584));
#9302=CARTESIAN_POINT('Ctrl Pts',(-18.9621793911474,-21.999999999975,-3.));
#9303=CARTESIAN_POINT('Ctrl Pts',(-18.9621793911474,-21.999999999975,-2.72630953319986));
#9304=CARTESIAN_POINT('Ctrl Pts',(-18.9531609860096,-22.0600409614569,-2.43686002553133));
#9305=CARTESIAN_POINT('Ctrl Pts',(-18.9038085148897,-22.2280153323082,-2.06422770544524));
#9306=CARTESIAN_POINT('Ctrl Pts',(-18.8834400680735,-22.2898246955765,-1.95596833263397));
#9307=CARTESIAN_POINT('Ctrl Pts',(-18.8555591518714,-22.3591502169439,-1.85649136884472));
#9308=CARTESIAN_POINT('Origin',(-18.1956521739139,-23.999999999975,-3.));
#9309=CARTESIAN_POINT('Origin',(-21.75,-90.,0.));
#9310=CARTESIAN_POINT('Origin',(-21.75,-55.,-24.9799919935936));
#9311=CARTESIAN_POINT('Origin',(-24.6965958450624,-23.999999999975,-23.));
#9312=CARTESIAN_POINT('',(-24.6965958450624,-21.999999999975,-23.));
#9313=CARTESIAN_POINT('',(-24.6965958450624,-23.999999999975,-21.));
#9314=CARTESIAN_POINT('Origin',(-24.6965958450624,-23.999999999975,-23.));
#9315=CARTESIAN_POINT('',(-26.6869665710001,-24.1960213593475,-23.));
#9316=CARTESIAN_POINT('Origin',(-24.6965958450624,-23.999999999975,-23.));
#9317=CARTESIAN_POINT('Origin',(-24.6965958450624,-23.999999999975,-23.));
#9318=CARTESIAN_POINT('Origin',(-24.6965958450624,-23.999999999975,0.));
#9319=CARTESIAN_POINT('',(-24.6965958450624,-21.999999999975,0.));
#9320=CARTESIAN_POINT('',(-26.6869665710001,-24.1960213593475,0.));
#9321=CARTESIAN_POINT('Ctrl Pts',(-23.761737651175,-54.3148954280243,-23.8888888888889));
#9322=CARTESIAN_POINT('Ctrl Pts',(-23.7715765218541,-54.0278415439959,-23.4163036832349));
#9323=CARTESIAN_POINT('Ctrl Pts',(-23.796069614055,-53.5497443068638,-23.0906621099339));
#9324=CARTESIAN_POINT('Ctrl Pts',(-23.8462927406038,-53.0397864064708,-23.0170164777762));
#9325=CARTESIAN_POINT('Ctrl Pts',(-23.7450058765125,-54.8030531709377,-23.5623415999946));
#9326=CARTESIAN_POINT('Ctrl Pts',(-23.7509709283899,-54.4205073901509,-22.9516407089118));
#9327=CARTESIAN_POINT('Ctrl Pts',(-23.77393202489,-53.7908704156749,-22.5332235341813));
#9328=CARTESIAN_POINT('Ctrl Pts',(-23.838756225809,-53.1163110182407,-22.4284802648158));
#9329=CARTESIAN_POINT('Ctrl Pts',(-23.2333523462168,-55.6323470438299,-22.9965288556557));
#9330=CARTESIAN_POINT('Ctrl Pts',(-23.2375117935486,-55.0787860923471,-22.148127259157));
#9331=CARTESIAN_POINT('Ctrl Pts',(-23.2606827681204,-54.1728418180701,-21.5661820785185));
#9332=CARTESIAN_POINT('Ctrl Pts',(-23.3346454940069,-53.2004898943103,-21.4091357663848));
#9333=CARTESIAN_POINT('Ctrl Pts',(-22.2034915356734,-55.9140046227385,-22.7847534444509));
#9334=CARTESIAN_POINT('Ctrl Pts',(-22.2123336766056,-55.2881250960892,-21.8437964033886));
#9335=CARTESIAN_POINT('Ctrl Pts',(-22.2381726339006,-54.2543472851463,-21.1974769265887));
#9336=CARTESIAN_POINT('Ctrl Pts',(-22.2989685287817,-53.1469980031599,-21.0396643629801));
#9337=CARTESIAN_POINT('Ctrl Pts',(-21.7629114162925,-55.909343809393,-22.7777777777778));
#9338=CARTESIAN_POINT('Ctrl Pts',(-21.7737341740395,-55.2778252645304,-21.8326073664699));
#9339=CARTESIAN_POINT('Ctrl Pts',(-21.8006765754603,-54.2260113428419,-21.181324219868));
#9340=CARTESIAN_POINT('Ctrl Pts',(-21.8559220146642,-53.1041039619752,-21.0340329555525));
#9341=CARTESIAN_POINT('',(-23.761737651175,-54.3148954280243,-23.8888888888889));
#9342=CARTESIAN_POINT('Origin',(-21.7629114162925,-54.2463849708268,-23.8888888888889));
#9343=CARTESIAN_POINT('',(-23.8462927406134,-53.0397864063729,-23.0170164777762));
#9344=CARTESIAN_POINT('Ctrl Pts',(-23.8462927406038,-53.0397864064708,-23.0170164777762));
#9345=CARTESIAN_POINT('Ctrl Pts',(-23.796069614055,-53.5497443068638,-23.0906621099339));
#9346=CARTESIAN_POINT('Ctrl Pts',(-23.7715765218541,-54.0278415439959,-23.4163036832349));
#9347=CARTESIAN_POINT('Ctrl Pts',(-23.761737651175,-54.3148954280243,-23.8888888888889));
#9348=CARTESIAN_POINT('',(-21.8559220146642,-53.1041039619752,-21.0340329555525));
#9349=CARTESIAN_POINT('Origin',(-21.8559220146642,-52.8437650471179,-23.0170164777762));
#9350=CARTESIAN_POINT('Ctrl Pts',(-21.7629114162925,-55.909343809393,-22.7777777777778));
#9351=CARTESIAN_POINT('Ctrl Pts',(-21.7737341740395,-55.2778252645304,-21.8326073664699));
#9352=CARTESIAN_POINT('Ctrl Pts',(-21.8006765754603,-54.2260113428419,-21.181324219868));
#9353=CARTESIAN_POINT('Ctrl Pts',(-21.8559220146642,-53.1041039619752,-21.0340329555525));
#9354=CARTESIAN_POINT('Ctrl Pts',(-23.8462927406075,-53.0397864064326,-23.0170164777687));
#9355=CARTESIAN_POINT('Ctrl Pts',(-23.8547906190022,-52.9535002565792,-23.0056882733922));
#9356=CARTESIAN_POINT('Ctrl Pts',(-23.8633613783708,-52.8664740845282,-23.));
#9357=CARTESIAN_POINT('Ctrl Pts',(-23.8719321791863,-52.7794474916331,-23.));
#9358=CARTESIAN_POINT('Ctrl Pts',(-23.8387562258137,-53.1163110181855,-22.4284802648054));
#9359=CARTESIAN_POINT('Ctrl Pts',(-23.8498078821253,-53.0047666300287,-22.4121754314508));
#9360=CARTESIAN_POINT('Ctrl Pts',(-23.8607426455401,-52.8923707018193,-22.4032622724647));
#9361=CARTESIAN_POINT('Ctrl Pts',(-23.8719321791863,-52.7794474916331,-22.4016013993162));
#9362=CARTESIAN_POINT('Ctrl Pts',(-23.3346505083436,-53.2004909340419,-21.4091316076344));
#9363=CARTESIAN_POINT('Ctrl Pts',(-23.3470748384363,-53.0452148041418,-21.3844736056945));
#9364=CARTESIAN_POINT('Ctrl Pts',(-23.3597090329249,-52.8879483428635,-21.3698306086011));
#9365=CARTESIAN_POINT('Ctrl Pts',(-23.3723193494319,-52.7302431977937,-21.3655267395151));
#9366=CARTESIAN_POINT('Ctrl Pts',(-22.2989685287874,-53.146998003049,-21.0396643629643));
#9367=CARTESIAN_POINT('Ctrl Pts',(-22.3086325204637,-52.9749666572967,-21.0151640689764));
#9368=CARTESIAN_POINT('Ctrl Pts',(-22.318429126743,-52.8014151020139,-21.0019308684587));
#9369=CARTESIAN_POINT('Ctrl Pts',(-22.3281995997147,-52.6274132224428,-21.));
#9370=CARTESIAN_POINT('Ctrl Pts',(-21.8559220146698,-53.1041039618597,-21.0340329555373));
#9371=CARTESIAN_POINT('Ctrl Pts',(-21.8644198930645,-52.9315316621528,-21.0113765467843));
#9372=CARTESIAN_POINT('Ctrl Pts',(-21.8729906524332,-52.7574793180508,-21.));
#9373=CARTESIAN_POINT('Ctrl Pts',(-21.8815614532486,-52.5834261322606,-21.));
#9374=CARTESIAN_POINT('',(-21.8815614532486,-52.5834261322606,-21.));
#9375=CARTESIAN_POINT('',(-23.8719321791863,-52.7794474916331,-23.));
#9376=CARTESIAN_POINT('Origin',(-21.8815614532486,-52.5834261322606,-23.));
#9377=CARTESIAN_POINT('Origin',(-21.8815614532486,-52.5834261322606,-25.));
#9378=CARTESIAN_POINT('Origin',(-23.8719321791863,-52.7794474916331,-25.));
#9379=CARTESIAN_POINT('Origin',(-21.7030372158797,-54.3961337732386,-23.));
#9380=CARTESIAN_POINT('',(-21.7030372158797,-54.3961337732386,-21.));
#9381=CARTESIAN_POINT('',(-23.6934079418174,-54.5921551326111,-23.));
#9382=CARTESIAN_POINT('Origin',(-18.3266207009236,-23.999999999975,-23.));
#9383=CARTESIAN_POINT('',(-18.9621793911474,-21.999999999975,-23.));
#9384=CARTESIAN_POINT('',(-18.8555591518717,-22.3591502169431,-21.8564913688458));
#9385=CARTESIAN_POINT('Ctrl Pts',(-18.8555591518717,-22.3591502169431,-21.8564913688458));
#9386=CARTESIAN_POINT('Ctrl Pts',(-18.8941538599321,-22.2631849969009,-21.9941943176429));
#9387=CARTESIAN_POINT('Ctrl Pts',(-18.9189729646631,-22.1798651348819,-22.1522073099206));
#9388=CARTESIAN_POINT('Ctrl Pts',(-18.9557548425361,-22.039343256149,-22.5405482734683));
#9389=CARTESIAN_POINT('Ctrl Pts',(-18.9621793911474,-21.999999999975,-22.7783552164105));
#9390=CARTESIAN_POINT('Ctrl Pts',(-18.9621793911474,-21.999999999975,-23.));
#9391=CARTESIAN_POINT('',(-18.1956521739139,-23.999999999975,-21.));
#9392=CARTESIAN_POINT('Origin',(-18.1956521739139,-23.999999999975,-23.));
#9393=CARTESIAN_POINT('',(-18.3266207009236,-23.999999999975,-21.));
#9394=CARTESIAN_POINT('',(-18.3266207009236,-21.999999999975,-23.));
#9395=CARTESIAN_POINT('Ctrl Pts',(-23.75,-55.,-24.9799919935936));
#9396=CARTESIAN_POINT('Ctrl Pts',(-23.75,-54.7665364785173,-24.6201701978385));
#9397=CARTESIAN_POINT('Ctrl Pts',(-23.7540865337073,-54.5381205376803,-24.2563909162902));
#9398=CARTESIAN_POINT('Ctrl Pts',(-23.761737651175,-54.3148954280243,-23.8888888888889));
#9399=CARTESIAN_POINT('Ctrl Pts',(-23.75,-55.4870686284635,-24.632364266755));
#9400=CARTESIAN_POINT('Ctrl Pts',(-23.7441375324512,-55.254258987663,-24.2797217708473));
#9401=CARTESIAN_POINT('Ctrl Pts',(-23.7429834384748,-55.0261545596462,-23.9228391161703));
#9402=CARTESIAN_POINT('Ctrl Pts',(-23.7450058765125,-54.8030531709377,-23.5623415999946));
#9403=CARTESIAN_POINT('Ctrl Pts',(-23.2479606559238,-56.3303788233737,-24.0304819262701));
#9404=CARTESIAN_POINT('Ctrl Pts',(-23.2389175304179,-56.0929848755108,-23.6898989458891));
#9405=CARTESIAN_POINT('Ctrl Pts',(-23.2341203347,-55.8602357388764,-23.3452225793179));
#9406=CARTESIAN_POINT('Ctrl Pts',(-23.2333484873222,-55.6323442410802,-22.9965306399484));
#9407=CARTESIAN_POINT('Ctrl Pts',(-22.1987989505129,-56.6279069767442,-23.8181319008683));
#9408=CARTESIAN_POINT('Ctrl Pts',(-22.1961132855214,-56.3847753672386,-23.4775578772816));
#9409=CARTESIAN_POINT('Ctrl Pts',(-22.1978054072324,-56.1468154946149,-23.1329580229493));
#9410=CARTESIAN_POINT('Ctrl Pts',(-22.2034915356734,-55.9140046227385,-22.7847534444509));
#9411=CARTESIAN_POINT('Ctrl Pts',(-21.75,-56.6279069767442,-23.8181319008683));
#9412=CARTESIAN_POINT('Ctrl Pts',(-21.75,-56.3830417483984,-23.4750460025902));
#9413=CARTESIAN_POINT('Ctrl Pts',(-21.754495187078,-56.1434706104507,-23.1281866876256));
#9414=CARTESIAN_POINT('Ctrl Pts',(-21.7629114162925,-55.909343809393,-22.7777777777778));
#9415=CARTESIAN_POINT('Ctrl Pts',(-23.761737651175,-54.3148954280243,-23.8888888888889));
#9416=CARTESIAN_POINT('Ctrl Pts',(-23.7553599712057,-54.500967373267,-24.1952245749798));
#9417=CARTESIAN_POINT('Ctrl Pts',(-23.7514590546859,-54.6906460400248,-24.498973602577));
#9418=CARTESIAN_POINT('Ctrl Pts',(-23.7503372045872,-54.8838484604524,-24.8000000150013));
#9419=CARTESIAN_POINT('Origin',(-43.75,-55.,0.));
#9420=CARTESIAN_POINT('',(-23.8462927406231,-53.039786406275,0.));
#9421=CARTESIAN_POINT('Origin',(-23.8462927406231,-53.039786406275,0.));
#9422=CARTESIAN_POINT('Origin',(-26.9032414018472,-21.999999999975,0.));
#9423=CARTESIAN_POINT('',(-18.9621793911474,-21.999999999975,-9.));
#9424=CARTESIAN_POINT('Origin',(-22.6149310513854,-23.999999999975,-16.));
#9425=CARTESIAN_POINT('',(-18.8555591518717,-22.3591502169431,-17.1435086311542));
#9426=CARTESIAN_POINT('Origin',(-18.1956521739139,-23.999999999975,-16.));
#9427=CARTESIAN_POINT('',(-18.9621793911474,-21.999999999975,-16.));
#9428=CARTESIAN_POINT('Ctrl Pts',(-18.8555591518714,-22.3591502169439,-17.1435086311553));
#9429=CARTESIAN_POINT('Ctrl Pts',(-18.8834400680735,-22.2898246955765,-17.044031667366));
#9430=CARTESIAN_POINT('Ctrl Pts',(-18.9038085148897,-22.2280153323082,-16.9357722945548));
#9431=CARTESIAN_POINT('Ctrl Pts',(-18.9531609860096,-22.0600409614569,-16.5631399744687));
#9432=CARTESIAN_POINT('Ctrl Pts',(-18.9621793911474,-21.999999999975,-16.2736904668001));
#9433=CARTESIAN_POINT('Ctrl Pts',(-18.9621793911474,-21.999999999975,-16.));
#9434=CARTESIAN_POINT('',(-22.6149310513854,-21.999999999975,-16.));
#9435=CARTESIAN_POINT('Origin',(-9.75000000000002,-52.5834261322606,-25.));
#9436=CARTESIAN_POINT('',(-9.75000000000002,-52.5834261322606,-21.));
#9437=CARTESIAN_POINT('',(-9.75000000000002,-52.5834261322606,-21.));
#9438=CARTESIAN_POINT('Origin',(-9.75000000000002,-52.5834261322606,-25.));
#9439=CARTESIAN_POINT('Origin',(-9.75000000000002,-54.786366276682,-21.));
#9440=CARTESIAN_POINT('',(-9.75000000000002,-54.786366276682,-21.));
#9441=CARTESIAN_POINT('',(-19.,-21.999999999975,-21.));
#9442=CARTESIAN_POINT('Origin',(23.25,-40.,-11.5));
#9443=CARTESIAN_POINT('',(-27.3897727272715,-38.35,-11.5));
#9444=CARTESIAN_POINT('',(23.25,-38.35,-11.5));
#9445=CARTESIAN_POINT('Origin',(-27.2272727272716,-40.,-11.5));
#9446=CARTESIAN_POINT('Origin',(23.25,-28.,-11.5));
#9447=CARTESIAN_POINT('',(-28.5715909090888,-26.35,-11.5));
#9448=CARTESIAN_POINT('',(23.25,-26.35,-11.5));
#9449=CARTESIAN_POINT('Origin',(-28.4090909090889,-28.,-11.5));
#9450=CARTESIAN_POINT('Origin',(-12.75,-52.1209391670372,-15.6900207269687));
#9451=CARTESIAN_POINT('',(-12.75,-55.6209391670372,-15.6900207269687));
#9452=CARTESIAN_POINT('Origin',(-12.75,-52.1209391670372,-15.6900207269687));
#9453=CARTESIAN_POINT('',(-25.7532679152631,-55.6209391670372,-15.6900207269687));
#9454=CARTESIAN_POINT('',(-12.75,-55.6209391670372,-15.6900207269687));
#9455=CARTESIAN_POINT('',(-25.8462927406231,-54.0222583259808,-12.7514861507158));
#9456=CARTESIAN_POINT('Ctrl Pts',(-25.7532679152631,-55.6209391670372,-15.6900207269687));
#9457=CARTESIAN_POINT('Ctrl Pts',(-25.7532679152631,-55.6209391670372,-15.2505946130742));
#9458=CARTESIAN_POINT('Ctrl Pts',(-25.7542510536986,-55.5331165935352,-14.7818888248026));
#9459=CARTESIAN_POINT('Ctrl Pts',(-25.7654643583289,-55.1761026483954,-13.9198132963446));
#9460=CARTESIAN_POINT('Ctrl Pts',(-25.7765207259264,-54.9069074153437,-13.5264560999801));
#9461=CARTESIAN_POINT('Ctrl Pts',(-25.8098560628773,-54.42696652852,-13.0461836946297));
#9462=CARTESIAN_POINT('Ctrl Pts',(-25.8255001547354,-54.2333830442249,-12.8880901148031));
#9463=CARTESIAN_POINT('Ctrl Pts',(-25.8462927406231,-54.0222583259808,-12.7514861507158));
#9464=CARTESIAN_POINT('',(-25.8462927406231,-54.0222583259808,-18.6285553032216));
#9465=CARTESIAN_POINT('Origin',(-26.0335438699128,-52.1209391670372,-15.6900207269687));
#9466=CARTESIAN_POINT('Ctrl Pts',(-25.8462927406231,-54.0222583259808,-18.6285553032216));
#9467=CARTESIAN_POINT('Ctrl Pts',(-25.8255001547303,-54.2333830442764,-18.4919513391009));
#9468=CARTESIAN_POINT('Ctrl Pts',(-25.8098560628912,-54.4269665283194,-18.3338577595085));
#9469=CARTESIAN_POINT('Ctrl Pts',(-25.7765207259264,-54.9069074153437,-17.8535853539573));
#9470=CARTESIAN_POINT('Ctrl Pts',(-25.7654643583289,-55.1761026483954,-17.4602281575927));
#9471=CARTESIAN_POINT('Ctrl Pts',(-25.7542510536986,-55.5331165935352,-16.5981526291348));
#9472=CARTESIAN_POINT('Ctrl Pts',(-25.7532679152631,-55.6209391670372,-16.1294468408632));
#9473=CARTESIAN_POINT('Ctrl Pts',(-25.7532679152631,-55.6209391670372,-15.6900207269687));
#9474=CARTESIAN_POINT('Origin',(-12.75,-52.1209391670372,-15.6900207269687));
#9475=CARTESIAN_POINT('',(-12.75,-53.7209391670372,-15.6900207269687));
#9476=CARTESIAN_POINT('Origin',(-12.75,-52.1209391670372,-15.6900207269687));
#9477=CARTESIAN_POINT('Origin',(-9.75000000000002,-74.3099792730313,-37.8790608329628));
#9478=CARTESIAN_POINT('',(-9.75000000000002,-77.8099792730313,-37.8790608329628));
#9479=CARTESIAN_POINT('Origin',(-9.75000000000002,-74.3099792730313,-37.8790608329628));
#9480=CARTESIAN_POINT('',(-9.75000000000002,-77.8099792730313,-37.8790608329628));
#9481=CARTESIAN_POINT('Origin',(-20.75,-74.3099792730313,-37.8790608329628));
#9482=CARTESIAN_POINT('',(-9.75000000000002,-75.9099792730313,-37.8790608329628));
#9483=CARTESIAN_POINT('Origin',(-9.75000000000002,-74.3099792730313,-37.8790608329628));
#9484=CARTESIAN_POINT('',(-20.75,-75.9099792730313,-37.8790608329628));
#9485=CARTESIAN_POINT('Origin',(-20.75,-127.879060832963,-15.6900207269687));
#9486=CARTESIAN_POINT('',(-9.75000000000002,-129.479060832963,-15.6900207269687));
#9487=CARTESIAN_POINT('Origin',(-9.75000000000002,-127.879060832963,-15.6900207269687));
#9488=CARTESIAN_POINT('',(-12.75,-129.479060832963,-15.6900207269687));
#9489=CARTESIAN_POINT('',(-20.75,-129.479060832963,-15.6900207269687));
#9490=CARTESIAN_POINT('Origin',(-12.75,-127.879060832963,-15.6900207269687));
#9491=CARTESIAN_POINT('Origin',(-20.75,-105.690020726969,-37.8790608329628));
#9492=CARTESIAN_POINT('',(-9.75000000000002,-107.290020726969,-37.8790608329628));
#9493=CARTESIAN_POINT('Origin',(-9.75000000000002,-105.690020726969,-37.8790608329628));
#9494=CARTESIAN_POINT('',(-12.75,-107.290020726969,-37.8790608329628));
#9495=CARTESIAN_POINT('',(-20.75,-107.290020726969,-37.8790608329628));
#9496=CARTESIAN_POINT('Origin',(-12.75,-105.690020726969,-37.8790608329628));
#9497=CARTESIAN_POINT('Origin',(-20.75,-52.1209391670372,-15.6900207269687));
#9498=CARTESIAN_POINT('',(-9.75000000000002,-53.7209391670372,-15.6900207269687));
#9499=CARTESIAN_POINT('Origin',(-9.75000000000002,-52.1209391670372,-15.6900207269687));
#9500=CARTESIAN_POINT('',(-20.75,-53.7209391670372,-15.6900207269687));
#9501=CARTESIAN_POINT('Origin',(-18.4125000000001,-14.9999978812409,-18.));
#9502=CARTESIAN_POINT('',(-29.,-13.3999978812409,-18.));
#9503=CARTESIAN_POINT('Origin',(-29.,-14.9999978812409,-18.));
#9504=CARTESIAN_POINT('',(-25.,-13.3999978812409,-18.));
#9505=CARTESIAN_POINT('',(-18.4125000000001,-13.3999978812409,-18.));
#9506=CARTESIAN_POINT('Origin',(-25.,-14.9999978812409,-18.));
#9507=CARTESIAN_POINT('Origin',(-18.4125000000001,-14.9999986635519,-6.));
#9508=CARTESIAN_POINT('',(-29.,-13.3999986635519,-6.));
#9509=CARTESIAN_POINT('Origin',(-29.,-14.9999986635519,-6.));
#9510=CARTESIAN_POINT('',(-25.,-13.3999986635519,-6.));
#9511=CARTESIAN_POINT('',(-18.4125000000001,-13.3999986635519,-6.));
#9512=CARTESIAN_POINT('Origin',(-25.,-14.9999986635519,-6.));
#9513=CARTESIAN_POINT('Origin',(-9.75000000000002,-45.,-18.));
#9514=CARTESIAN_POINT('',(-18.8555591518717,-22.3591502169431,-9.));
#9515=CARTESIAN_POINT('Origin',(-26.9032414018472,-21.999999999975,0.));
#9516=CARTESIAN_POINT('',(-18.9621793911474,-21.999999999975,-9.));
#9517=CARTESIAN_POINT('Origin',(-9.75000000000002,-125.288557476157,-18.4053718042297));
#9518=CARTESIAN_POINT('',(-9.75000000000002,-126.539668819685,-18.9235990907582));
#9519=CARTESIAN_POINT('Origin',(-17.75,-90.,0.));
#9520=CARTESIAN_POINT('Origin',(-9.75000000000002,-90.,0.));
#9521=CARTESIAN_POINT('Origin',(-9.75000000000002,-77.8099792730313,-32.8085872093889));
#9522=CARTESIAN_POINT('',(-9.75000000000002,-77.8099792730314,-18.9395304164814));
#9523=CARTESIAN_POINT('Origin',(-9.75000000000002,-90.,0.));
#9524=CARTESIAN_POINT('Origin',(-9.75000000000002,-90.,0.));
#9525=CARTESIAN_POINT('Origin',(-9.75000000000002,-105.690020726969,-37.8790608329628));
#9526=CARTESIAN_POINT('',(-9.75000000000002,-102.190020726969,-37.8790608329628));
#9527=CARTESIAN_POINT('',(-9.75000000000002,-102.190020726969,-37.8790608329628));
#9528=CARTESIAN_POINT('Origin',(-9.75000000000002,-105.690020726969,-37.8790608329628));
#9529=CARTESIAN_POINT('Origin',(-9.75000000000002,-102.190020726969,-37.8790608329628));
#9530=CARTESIAN_POINT('',(-9.75000000000002,-102.190020726969,-30.6982783666458));
#9531=CARTESIAN_POINT('',(-16.75,-102.190020726969,-30.6982783666458));
#9532=CARTESIAN_POINT('',(-9.75000000000002,-102.190020726969,-37.8790608329628));
#9533=CARTESIAN_POINT('Origin',(-29.65,-90.,0.));
#9534=CARTESIAN_POINT('',(-29.75,-112.23,2.72238983450457E-15));
#9535=CARTESIAN_POINT('Origin',(-29.75,-90.,0.));
#9536=CARTESIAN_POINT('',(-29.55,-112.03,2.69789689852162E-15));
#9537=CARTESIAN_POINT('',(-29.65,-112.13,2.71014336651309E-15));
#9538=CARTESIAN_POINT('Origin',(-29.55,-90.,0.));
#9539=CARTESIAN_POINT('Origin',(-29.75,-65.5,0.));
#9540=CARTESIAN_POINT('',(-29.7500000000001,-114.3,-3.72350876452864E-15));
#9541=CARTESIAN_POINT('Origin',(-29.75,-90.,0.));
#9542=CARTESIAN_POINT('Origin',(-29.651941932431,-90.,-7.51297029463545E-16));
#9543=CARTESIAN_POINT('',(-29.5538838648618,-114.539223227028,-5.26275919310779E-15));
#9544=CARTESIAN_POINT('Origin',(-29.5538838648619,-90.,-1.50259405892709E-15));
#9545=CARTESIAN_POINT('',(-29.651941932431,-114.419611613514,-4.49313397881821E-15));
#9546=CARTESIAN_POINT('Origin',(-12.65,-90.,0.));
#9547=CARTESIAN_POINT('',(-12.55,-130.115248690725,8.47153011452481));
#9548=CARTESIAN_POINT('Origin',(-12.55,-90.,0.));
#9549=CARTESIAN_POINT('',(-12.75,-129.91956455077,8.43020557738079));
#9550=CARTESIAN_POINT('',(-12.55,-130.115248690725,8.47153011452481));
#9551=CARTESIAN_POINT('Origin',(-12.75,-90.,0.));
#9552=CARTESIAN_POINT('Origin',(-12.65,-137.942614288915,10.1245116002857));
#9553=CARTESIAN_POINT('',(-12.55,-130.941881449992,13.9961701231956));
#9554=CARTESIAN_POINT('Origin',(-12.55,-137.942614288915,10.1245116002857));
#9555=CARTESIAN_POINT('',(-12.75,-130.766863129019,14.0929615862684));
#9556=CARTESIAN_POINT('',(-12.55,-130.941881449992,13.9961701231956));
#9557=CARTESIAN_POINT('Origin',(-12.75,-137.942614288915,10.1245116002857));
#9558=CARTESIAN_POINT('Origin',(-12.65,-127.879060832963,15.6900207269687));
#9559=CARTESIAN_POINT('',(-12.55,-128.847068812577,19.0534952030727));
#9560=CARTESIAN_POINT('',(-12.75,-128.791754070885,18.861296661581));
#9561=CARTESIAN_POINT('',(-12.55,-128.847068812577,19.0534952030727));
#9562=CARTESIAN_POINT('Origin',(-12.75,-127.879060832963,15.6900207269687));
#9563=CARTESIAN_POINT('Origin',(-12.55,-127.879060832963,15.6900207269687));
#9564=CARTESIAN_POINT('Origin',(-12.65,-131.059658480267,26.741436862739));
#9565=CARTESIAN_POINT('',(-12.55,-124.356040769203,22.3754879871898));
#9566=CARTESIAN_POINT('Origin',(-12.55,-131.059658480267,26.741436862739));
#9567=CARTESIAN_POINT('',(-12.75,-124.188450326426,22.266339265301));
#9568=CARTESIAN_POINT('',(-12.55,-124.356040769203,22.3754879871898));
#9569=CARTESIAN_POINT('Origin',(-12.75,-131.059658480267,26.741436862739));
#9570=CARTESIAN_POINT('Origin',(-12.65,-90.,0.));
#9571=CARTESIAN_POINT('',(-12.55,-112.37548798719,34.3560407692028));
#9572=CARTESIAN_POINT('',(-12.75,-112.266339265301,34.1884503264262));
#9573=CARTESIAN_POINT('',(-12.55,-112.37548798719,34.3560407692028));
#9574=CARTESIAN_POINT('Origin',(-12.75,-90.,0.));
#9575=CARTESIAN_POINT('Origin',(-12.55,-90.,0.));
#9576=CARTESIAN_POINT('Origin',(-12.65,-116.741436862739,41.0596584802668));
#9577=CARTESIAN_POINT('',(-12.55,-109.053495203073,38.847068812577));
#9578=CARTESIAN_POINT('Origin',(-12.55,-116.741436862739,41.0596584802668));
#9579=CARTESIAN_POINT('',(-12.75,-108.861296661581,38.7917540708848));
#9580=CARTESIAN_POINT('',(-12.55,-109.053495203073,38.847068812577));
#9581=CARTESIAN_POINT('Origin',(-12.75,-116.741436862739,41.0596584802668));
#9582=CARTESIAN_POINT('Origin',(-12.65,-105.690020726969,37.8790608329628));
#9583=CARTESIAN_POINT('',(-12.55,-102.190020726969,37.8790608329628));
#9584=CARTESIAN_POINT('',(-12.75,-102.390020726969,37.8790608329628));
#9585=CARTESIAN_POINT('',(-12.55,-102.190020726969,37.8790608329628));
#9586=CARTESIAN_POINT('Origin',(-12.75,-105.690020726969,37.8790608329628));
#9587=CARTESIAN_POINT('Origin',(-12.55,-105.690020726969,37.8790608329628));
#9588=CARTESIAN_POINT('Origin',(-12.65,-102.290020726969,29.2842956247221));
#9589=CARTESIAN_POINT('',(-12.55,-102.190020726969,34.9342724938716));
#9590=CARTESIAN_POINT('',(-12.75,-102.390020726969,34.9342724938716));
#9591=CARTESIAN_POINT('',(-12.55,-102.190020726969,34.9342724938716));
#9592=CARTESIAN_POINT('',(-12.75,-102.390020726969,29.2842956247221));
#9593=CARTESIAN_POINT('',(-12.55,-102.190020726969,29.2842956247221));
#9594=CARTESIAN_POINT('Ctrl Pts',(-12.75,-102.390017674207,34.8638418048638));
#9595=CARTESIAN_POINT('Ctrl Pts',(-12.7499999955646,-102.389981758059,34.6566194273438));
#9596=CARTESIAN_POINT('Ctrl Pts',(-12.8103618129489,-102.389246810596,34.2596715290221));
#9597=CARTESIAN_POINT('Ctrl Pts',(-13.0114355565589,-102.38696710398,33.7835279746055));
#9598=CARTESIAN_POINT('Ctrl Pts',(-13.2164441375371,-102.38490921889,33.4931937588449));
#9599=CARTESIAN_POINT('Ctrl Pts',(-13.3554844079951,-102.383660065432,33.3437593297261));
#9600=CARTESIAN_POINT('Ctrl Pts',(-13.4269746594283,-102.383025488316,33.2698909837552));
#9601=CARTESIAN_POINT('Ctrl Pts',(-13.6835185838951,-102.380978597584,33.0516701683413));
#9602=CARTESIAN_POINT('Ctrl Pts',(-14.0875047260022,-102.378342572054,32.8192780993516));
#9603=CARTESIAN_POINT('Ctrl Pts',(-14.5458237604217,-102.377298582202,32.7383945820044));
#9604=CARTESIAN_POINT('Ctrl Pts',(-14.75,-102.377298582202,32.7383945820044));
#9605=CARTESIAN_POINT('Ctrl Pts',(-12.6837343046592,-102.323352025128,34.8617620894012));
#9606=CARTESIAN_POINT('Ctrl Pts',(-12.686104869961,-102.323321868171,34.6483460761911));
#9607=CARTESIAN_POINT('Ctrl Pts',(-12.7526817292189,-102.322837504414,34.2413006556326));
#9608=CARTESIAN_POINT('Ctrl Pts',(-12.9639986035716,-102.321314871107,33.7553084094975));
#9609=CARTESIAN_POINT('Ctrl Pts',(-13.1767505288363,-102.319946731586,33.459892266601));
#9610=CARTESIAN_POINT('Ctrl Pts',(-13.3203043932167,-102.319112741397,33.308268791655));
#9611=CARTESIAN_POINT('Ctrl Pts',(-13.3940121268697,-102.318684919377,33.2332485189164));
#9612=CARTESIAN_POINT('Ctrl Pts',(-13.6583345737873,-102.31733137568,33.0119232760974));
#9613=CARTESIAN_POINT('Ctrl Pts',(-14.0727469867428,-102.315570279114,32.7768008593292));
#9614=CARTESIAN_POINT('Ctrl Pts',(-14.5411755440589,-102.314881793384,32.6951129401461));
#9615=CARTESIAN_POINT('Ctrl Pts',(-14.75,-102.314872630458,32.6951254577992));
#9616=CARTESIAN_POINT('Ctrl Pts',(-12.6174686093184,-102.256686376048,34.8596823739386));
#9617=CARTESIAN_POINT('Ctrl Pts',(-12.6221706453767,-102.256680616856,34.6405225180871));
#9618=CARTESIAN_POINT('Ctrl Pts',(-12.6950741288412,-102.25643003315,34.2230430633254));
#9619=CARTESIAN_POINT('Ctrl Pts',(-12.9166918908422,-102.255672959841,33.7272127405763));
#9620=CARTESIAN_POINT('Ctrl Pts',(-13.1371382073985,-102.254983214273,33.4269094113453));
#9621=CARTESIAN_POINT('Ctrl Pts',(-13.2853578488575,-102.254568051004,33.2727029497917));
#9622=CARTESIAN_POINT('Ctrl Pts',(-13.3615285071148,-102.254361295908,33.1966115762679));
#9623=CARTESIAN_POINT('Ctrl Pts',(-13.6331668127369,-102.253667948873,32.9722107131796));
#9624=CARTESIAN_POINT('Ctrl Pts',(-14.0579403516676,-102.252793019909,32.7343672750454));
#9625=CARTESIAN_POINT('Ctrl Pts',(-14.5368452399706,-102.252437515787,32.6518688512472));
#9626=CARTESIAN_POINT('Ctrl Pts',(-14.75,-102.252446678713,32.651856333594));
#9627=CARTESIAN_POINT('Ctrl Pts',(-12.5512029139776,-102.190020726969,34.857602658476));
#9628=CARTESIAN_POINT('Ctrl Pts',(-12.5582755197731,-102.190020726969,34.6322491669344));
#9629=CARTESIAN_POINT('Ctrl Pts',(-12.6373940451112,-102.190020726969,34.204672189936));
#9630=CARTESIAN_POINT('Ctrl Pts',(-12.8692549378549,-102.190020726969,33.6989931754683));
#9631=CARTESIAN_POINT('Ctrl Pts',(-13.0974445986978,-102.190020726969,33.3936079191015));
#9632=CARTESIAN_POINT('Ctrl Pts',(-13.2501778340791,-102.190020726969,33.2372124117206));
#9633=CARTESIAN_POINT('Ctrl Pts',(-13.3285659745561,-102.190020726969,33.1599691114291));
#9634=CARTESIAN_POINT('Ctrl Pts',(-13.607982802629,-102.190020726969,32.9324638209356));
#9635=CARTESIAN_POINT('Ctrl Pts',(-14.0431826124082,-102.190020726969,32.6918900350231));
#9636=CARTESIAN_POINT('Ctrl Pts',(-14.5321970236079,-102.190020726969,32.6085872093889));
#9637=CARTESIAN_POINT('Ctrl Pts',(-14.75,-102.190020726969,32.6085872093889));
#9638=CARTESIAN_POINT('',(-12.75,-102.390017660595,34.8638418046514));
#9639=CARTESIAN_POINT('',(-12.5512029139849,-102.190020726969,34.8576026582424));
#9640=CARTESIAN_POINT('',(-12.75,-102.390017660595,34.8638418046514));
#9641=CARTESIAN_POINT('',(-14.75,-102.190020726969,32.6085872093889));
#9642=CARTESIAN_POINT('Ctrl Pts',(-12.5512029139776,-102.190020726969,34.857602658476));
#9643=CARTESIAN_POINT('Ctrl Pts',(-12.5582755197731,-102.190020726969,34.6322491669344));
#9644=CARTESIAN_POINT('Ctrl Pts',(-12.6373940451112,-102.190020726969,34.204672189936));
#9645=CARTESIAN_POINT('Ctrl Pts',(-12.8692549378549,-102.190020726969,33.6989931754683));
#9646=CARTESIAN_POINT('Ctrl Pts',(-13.0974445986978,-102.190020726969,33.3936079191015));
#9647=CARTESIAN_POINT('Ctrl Pts',(-13.2501778340791,-102.190020726969,33.2372124117206));
#9648=CARTESIAN_POINT('Ctrl Pts',(-13.3285659745561,-102.190020726969,33.1599691114291));
#9649=CARTESIAN_POINT('Ctrl Pts',(-13.607982802629,-102.190020726969,32.9324638209356));
#9650=CARTESIAN_POINT('Ctrl Pts',(-14.0431826124082,-102.190020726969,32.6918900350231));
#9651=CARTESIAN_POINT('Ctrl Pts',(-14.5321970236079,-102.190020726969,32.6085872093889));
#9652=CARTESIAN_POINT('Ctrl Pts',(-14.75,-102.190020726969,32.6085872093889));
#9653=CARTESIAN_POINT('',(-14.75,-102.377298582202,32.7383945820044));
#9654=CARTESIAN_POINT('',(-14.75,-102.190020726969,32.6085872093889));
#9655=CARTESIAN_POINT('Ctrl Pts',(-14.75,-102.377298582202,32.7383945820044));
#9656=CARTESIAN_POINT('Ctrl Pts',(-14.5458237604217,-102.377298582202,32.7383945820044));
#9657=CARTESIAN_POINT('Ctrl Pts',(-14.0875047260022,-102.378342572054,32.8192780993516));
#9658=CARTESIAN_POINT('Ctrl Pts',(-13.6835185838951,-102.380978597584,33.0516701683413));
#9659=CARTESIAN_POINT('Ctrl Pts',(-13.4269746594283,-102.383025488316,33.2698909837552));
#9660=CARTESIAN_POINT('Ctrl Pts',(-13.3554844079951,-102.383660065432,33.3437593297261));
#9661=CARTESIAN_POINT('Ctrl Pts',(-13.2164441375371,-102.38490921889,33.4931937588449));
#9662=CARTESIAN_POINT('Ctrl Pts',(-13.0114355565589,-102.38696710398,33.7835279746055));
#9663=CARTESIAN_POINT('Ctrl Pts',(-12.8103618129489,-102.389246810596,34.2596715290221));
#9664=CARTESIAN_POINT('Ctrl Pts',(-12.7499999955646,-102.389981758059,34.6566194273438));
#9665=CARTESIAN_POINT('Ctrl Pts',(-12.75,-102.390017674207,34.8638418048638));
#9666=CARTESIAN_POINT('Origin',(-17.75,-102.283659654585,32.6734908956966));
#9667=CARTESIAN_POINT('',(-19.75,-102.190020726969,32.6085872093889));
#9668=CARTESIAN_POINT('',(-19.75,-102.377298582202,32.7383945820044));
#9669=CARTESIAN_POINT('',(-19.75,-102.190020726969,32.6085872093889));
#9670=CARTESIAN_POINT('',(-17.75,-102.377298582202,32.7383945820044));
#9671=CARTESIAN_POINT('',(-17.75,-102.190020726969,32.6085872093889));
#9672=CARTESIAN_POINT('Ctrl Pts',(-21.75,-100.190020726969,33.2746691261097));
#9673=CARTESIAN_POINT('Ctrl Pts',(-21.75,-100.425301500922,33.2026478889585));
#9674=CARTESIAN_POINT('Ctrl Pts',(-21.7065641818981,-100.674622892662,33.1238002441676));
#9675=CARTESIAN_POINT('Ctrl Pts',(-21.5191478357078,-101.161890484824,32.9649566682056));
#9676=CARTESIAN_POINT('Ctrl Pts',(-21.3665355943798,-101.397097931414,32.8855801059999));
#9677=CARTESIAN_POINT('Ctrl Pts',(-21.0098395139941,-101.763000976482,32.7598605689116));
#9678=CARTESIAN_POINT('Ctrl Pts',(-20.5621540060505,-102.081051949958,32.6479021550382));
#9679=CARTESIAN_POINT('Ctrl Pts',(-20.0101703857115,-102.190020726969,32.6085872093889));
#9680=CARTESIAN_POINT('Ctrl Pts',(-19.75,-102.190020726969,32.6085872093889));
#9681=CARTESIAN_POINT('Ctrl Pts',(-21.8163549145648,-100.211318005267,33.3378689718603));
#9682=CARTESIAN_POINT('Ctrl Pts',(-21.8138502661286,-100.454182839782,33.2635079557149));
#9683=CARTESIAN_POINT('Ctrl Pts',(-21.7662827075959,-100.710438579163,33.1821744182752));
#9684=CARTESIAN_POINT('Ctrl Pts',(-21.5684398867865,-101.209342543742,33.0184642106485));
#9685=CARTESIAN_POINT('Ctrl Pts',(-21.4094660232031,-101.448967621115,32.9367471416264));
#9686=CARTESIAN_POINT('Ctrl Pts',(-21.0407462976828,-101.820761661641,32.8073747202224));
#9687=CARTESIAN_POINT('Ctrl Pts',(-20.5803117419531,-102.142656476614,32.6922584501397));
#9688=CARTESIAN_POINT('Ctrl Pts',(-20.0159892785083,-102.252427449618,32.6518455294287));
#9689=CARTESIAN_POINT('Ctrl Pts',(-19.75,-102.252446678713,32.651856333594));
#9690=CARTESIAN_POINT('Ctrl Pts',(-21.8827098291297,-100.232615283566,33.4010688176109));
#9691=CARTESIAN_POINT('Ctrl Pts',(-21.8776612687301,-100.482962155317,33.3243750084656));
#9692=CARTESIAN_POINT('Ctrl Pts',(-21.825975033742,-100.746287795092,33.24054521572));
#9693=CARTESIAN_POINT('Ctrl Pts',(-21.6177231087125,-101.256774697609,33.0719810781199));
#9694=CARTESIAN_POINT('Ctrl Pts',(-21.4523416294118,-101.500897433611,32.9879091234755));
#9695=CARTESIAN_POINT('Ctrl Pts',(-21.0716534975559,-101.878527825777,32.8549090613864));
#9696=CARTESIAN_POINT('Ctrl Pts',(-20.5984576561045,-102.204252398637,32.7366107063135));
#9697=CARTESIAN_POINT('Ctrl Pts',(-20.0217915880358,-102.314891859553,32.6951362619645));
#9698=CARTESIAN_POINT('Ctrl Pts',(-19.75,-102.314872630458,32.6951254577992));
#9699=CARTESIAN_POINT('Ctrl Pts',(-21.9490647436945,-100.253912561865,33.4642686633615));
#9700=CARTESIAN_POINT('Ctrl Pts',(-21.9415115348587,-100.511843494177,33.385235075222));
#9701=CARTESIAN_POINT('Ctrl Pts',(-21.8856935594399,-100.782103481592,33.2989193898275));
#9702=CARTESIAN_POINT('Ctrl Pts',(-21.6670151597912,-101.304226756527,33.1254886205628));
#9703=CARTESIAN_POINT('Ctrl Pts',(-21.4952720582351,-101.552767123313,33.039076159102));
#9704=CARTESIAN_POINT('Ctrl Pts',(-21.1025602812446,-101.936288510937,32.9024232126973));
#9705=CARTESIAN_POINT('Ctrl Pts',(-20.6166153920071,-102.265856925292,32.780967001415));
#9706=CARTESIAN_POINT('Ctrl Pts',(-20.0276104808327,-102.377298582202,32.7383945820044));
#9707=CARTESIAN_POINT('Ctrl Pts',(-19.75,-102.377298582202,32.7383945820044));
#9708=CARTESIAN_POINT('',(-21.75,-100.190020726969,33.2746691261097));
#9709=CARTESIAN_POINT('',(-21.9490647436945,-100.253912561865,33.4642686633615));
#9710=CARTESIAN_POINT('',(-21.75,-100.190020726969,33.2746691261097));
#9711=CARTESIAN_POINT('Ctrl Pts',(-21.9490647436945,-100.253912561865,33.4642686633615));
#9712=CARTESIAN_POINT('Ctrl Pts',(-21.9415115348587,-100.511843494177,33.385235075222));
#9713=CARTESIAN_POINT('Ctrl Pts',(-21.8856935594399,-100.782103481592,33.2989193898275));
#9714=CARTESIAN_POINT('Ctrl Pts',(-21.6670151597912,-101.304226756527,33.1254886205628));
#9715=CARTESIAN_POINT('Ctrl Pts',(-21.4952720582351,-101.552767123313,33.039076159102));
#9716=CARTESIAN_POINT('Ctrl Pts',(-21.1025602812446,-101.936288510937,32.9024232126973));
#9717=CARTESIAN_POINT('Ctrl Pts',(-20.6166153920071,-102.265856925292,32.780967001415));
#9718=CARTESIAN_POINT('Ctrl Pts',(-20.0276104808327,-102.377298582202,32.7383945820044));
#9719=CARTESIAN_POINT('Ctrl Pts',(-19.75,-102.377298582202,32.7383945820044));
#9720=CARTESIAN_POINT('Ctrl Pts',(-19.75,-102.190020726969,32.6085872093889));
#9721=CARTESIAN_POINT('Ctrl Pts',(-20.0101703857115,-102.190020726969,32.6085872093889));
#9722=CARTESIAN_POINT('Ctrl Pts',(-20.5621540060505,-102.081051949958,32.6479021550382));
#9723=CARTESIAN_POINT('Ctrl Pts',(-21.0098395139941,-101.763000976482,32.7598605689116));
#9724=CARTESIAN_POINT('Ctrl Pts',(-21.3665355943798,-101.397097931414,32.8855801059999));
#9725=CARTESIAN_POINT('Ctrl Pts',(-21.5191478357078,-101.161890484824,32.9649566682056));
#9726=CARTESIAN_POINT('Ctrl Pts',(-21.7065641818981,-100.674622892662,33.1238002441676));
#9727=CARTESIAN_POINT('Ctrl Pts',(-21.75,-100.425301500922,33.2026478889585));
#9728=CARTESIAN_POINT('Ctrl Pts',(-21.75,-100.190020726969,33.2746691261097));
#9729=CARTESIAN_POINT('Ctrl Pts',(-12.75,-102.390020726969,34.9342724938716));
#9730=CARTESIAN_POINT('Ctrl Pts',(-12.75,-102.390020726969,34.9111437586175));
#9731=CARTESIAN_POINT('Ctrl Pts',(-12.75,-102.390021801779,34.8876562761481));
#9732=CARTESIAN_POINT('Ctrl Pts',(-12.75,-102.390017674199,34.8638417566545));
#9733=CARTESIAN_POINT('Ctrl Pts',(-12.6833333333334,-102.323354060302,34.9342724938716));
#9734=CARTESIAN_POINT('Ctrl Pts',(-12.6833333333334,-102.323354060302,34.9104564835501));
#9735=CARTESIAN_POINT('Ctrl Pts',(-12.68346337111,-102.323354776842,34.8862711170876));
#9736=CARTESIAN_POINT('Ctrl Pts',(-12.6837343052077,-102.323352025122,34.8617620397859));
#9737=CARTESIAN_POINT('Ctrl Pts',(-12.6166666666667,-102.256687393635,34.9342724938716));
#9738=CARTESIAN_POINT('Ctrl Pts',(-12.6166666666667,-102.256687393635,34.9097692084826));
#9739=CARTESIAN_POINT('Ctrl Pts',(-12.61692674222,-102.256687751905,34.8848859580271));
#9740=CARTESIAN_POINT('Ctrl Pts',(-12.6174686104154,-102.256686376045,34.8596823229172));
#9741=CARTESIAN_POINT('Ctrl Pts',(-12.55,-102.190020726969,34.9342724938716));
#9742=CARTESIAN_POINT('Ctrl Pts',(-12.55,-102.190020726969,34.9090819334152));
#9743=CARTESIAN_POINT('Ctrl Pts',(-12.5503901133299,-102.190020726969,34.8835007989666));
#9744=CARTESIAN_POINT('Ctrl Pts',(-12.551202915623,-102.190020726969,34.8576026060486));
#9745=CARTESIAN_POINT('Ctrl Pts',(-12.75,-102.390017674207,34.863841804649));
#9746=CARTESIAN_POINT('Ctrl Pts',(-12.75,-102.390021801777,34.8876563077051));
#9747=CARTESIAN_POINT('Ctrl Pts',(-12.75,-102.390020726969,34.911143774155));
#9748=CARTESIAN_POINT('Ctrl Pts',(-12.75,-102.390020726969,34.9342724938716));
#9749=CARTESIAN_POINT('Ctrl Pts',(-12.55,-102.190020726969,34.9342724938716));
#9750=CARTESIAN_POINT('Ctrl Pts',(-12.55,-102.190020726969,34.9090819503378));
#9751=CARTESIAN_POINT('Ctrl Pts',(-12.5503901128058,-102.190020726969,34.8835008333365));
#9752=CARTESIAN_POINT('Ctrl Pts',(-12.5512029139849,-102.190020726969,34.8576026582424));
#9753=CARTESIAN_POINT('Origin',(-21.85,-90.,0.));
#9754=CARTESIAN_POINT('',(-21.75,-79.8682079628997,33.2924434386687));
#9755=CARTESIAN_POINT('',(-21.95,-79.8099792730313,33.4837793205001));
#9756=CARTESIAN_POINT('',(-21.75,-79.8682079628997,33.2924434386687));
#9757=CARTESIAN_POINT('',(-21.95,-100.190020726969,33.4837793205001));
#9758=CARTESIAN_POINT('Origin',(-21.95,-90.,0.));
#9759=CARTESIAN_POINT('',(-21.75,-100.1317920371,33.2924434386686));
#9760=CARTESIAN_POINT('',(-21.95,-100.190020726969,33.4837793205001));
#9761=CARTESIAN_POINT('Origin',(-21.75,-90.,0.));
#9762=CARTESIAN_POINT('Ctrl Pts',(-21.9490647436945,-100.253912561865,33.4642686633615));
#9763=CARTESIAN_POINT('Ctrl Pts',(-21.9496911273399,-100.232522484989,33.4708228773557));
#9764=CARTESIAN_POINT('Ctrl Pts',(-21.95,-100.211219338824,33.4773280088929));
#9765=CARTESIAN_POINT('Ctrl Pts',(-21.95,-100.190020726969,33.4837793205001));
#9766=CARTESIAN_POINT('Ctrl Pts',(-21.8827098291297,-100.232615283566,33.4010688176109));
#9767=CARTESIAN_POINT('Ctrl Pts',(-21.8831274182266,-100.211851328606,33.4074291880758));
#9768=CARTESIAN_POINT('Ctrl Pts',(-21.8833333333334,-100.191180286254,33.4137409522491));
#9769=CARTESIAN_POINT('Ctrl Pts',(-21.8833333333334,-100.170611163679,33.4200006932229));
#9770=CARTESIAN_POINT('Ctrl Pts',(-21.8163549145648,-100.211318005267,33.3378689718603));
#9771=CARTESIAN_POINT('Ctrl Pts',(-21.8165637091133,-100.191180172223,33.3440354987959));
#9772=CARTESIAN_POINT('Ctrl Pts',(-21.8166666666667,-100.171141233684,33.3501538956053));
#9773=CARTESIAN_POINT('Ctrl Pts',(-21.8166666666667,-100.15120160039,33.3562220659458));
#9774=CARTESIAN_POINT('Ctrl Pts',(-21.75,-100.190020726969,33.2746691261097));
#9775=CARTESIAN_POINT('Ctrl Pts',(-21.75,-100.17050901584,33.280641809516));
#9776=CARTESIAN_POINT('Ctrl Pts',(-21.75,-100.151102181115,33.2865668389616));
#9777=CARTESIAN_POINT('Ctrl Pts',(-21.75,-100.1317920371,33.2924434386687));
#9778=CARTESIAN_POINT('Ctrl Pts',(-21.95,-100.190020726969,33.4837793205001));
#9779=CARTESIAN_POINT('Ctrl Pts',(-21.95,-100.211219338824,33.4773280088929));
#9780=CARTESIAN_POINT('Ctrl Pts',(-21.9496911273399,-100.232522484989,33.4708228773557));
#9781=CARTESIAN_POINT('Ctrl Pts',(-21.9490647436945,-100.253912561865,33.4642686633615));
#9782=CARTESIAN_POINT('Ctrl Pts',(-21.75,-100.190020726969,33.2746691261097));
#9783=CARTESIAN_POINT('Ctrl Pts',(-21.75,-100.17050901584,33.280641809516));
#9784=CARTESIAN_POINT('Ctrl Pts',(-21.75,-100.151102181115,33.2865668389616));
#9785=CARTESIAN_POINT('Ctrl Pts',(-21.75,-100.1317920371,33.2924434386687));
#9786=CARTESIAN_POINT('Ctrl Pts',(-19.75,-77.8099792730313,32.6085872093889));
#9787=CARTESIAN_POINT('Ctrl Pts',(-20.0101703857115,-77.8099792730313,32.6085872093889));
#9788=CARTESIAN_POINT('Ctrl Pts',(-20.2860864884855,-77.8632899106972,32.6277808616193));
#9789=CARTESIAN_POINT('Ctrl Pts',(-21.0540264095356,-78.1959848688902,32.7456894246696));
#9790=CARTESIAN_POINT('Ctrl Pts',(-21.4232957626544,-78.5966136778731,32.8861670497103));
#9791=CARTESIAN_POINT('Ctrl Pts',(-21.7066364912963,-79.3251714198473,33.1237260231676));
#9792=CARTESIAN_POINT('Ctrl Pts',(-21.75,-79.5746984990778,33.2026478889585));
#9793=CARTESIAN_POINT('Ctrl Pts',(-21.75,-79.8099792730313,33.2746691261098));
#9794=CARTESIAN_POINT('Ctrl Pts',(-19.75,-77.7475533212868,32.651856333594));
#9795=CARTESIAN_POINT('Ctrl Pts',(-20.0159978450642,-77.7475812270008,32.6518642366008));
#9796=CARTESIAN_POINT('Ctrl Pts',(-20.2980533650233,-77.8012618960893,32.6715597308593));
#9797=CARTESIAN_POINT('Ctrl Pts',(-21.0852775579219,-78.1376126496639,32.792831645182));
#9798=CARTESIAN_POINT('Ctrl Pts',(-21.4671461244645,-78.5433566966186,32.9372373430734));
#9799=CARTESIAN_POINT('Ctrl Pts',(-21.7664613086472,-79.2893804309726,33.1821133617247));
#9800=CARTESIAN_POINT('Ctrl Pts',(-21.8137792815307,-79.5458014835908,33.2634996296612));
#9801=CARTESIAN_POINT('Ctrl Pts',(-21.8163549145648,-79.7886819947327,33.3378689718603));
#9802=CARTESIAN_POINT('Ctrl Pts',(-19.75,-77.6851273695423,32.6951254577992));
#9803=CARTESIAN_POINT('Ctrl Pts',(-20.0217830214799,-77.6850994638283,32.6951175547925));
#9804=CARTESIAN_POINT('Ctrl Pts',(-20.3101456127642,-77.739325636128,32.7154033093257));
#9805=CARTESIAN_POINT('Ctrl Pts',(-21.1164440274206,-78.0791345267157,32.8398859710818));
#9806=CARTESIAN_POINT('Ctrl Pts',(-21.5114437341086,-78.4903144689854,32.9883977375598));
#9807=CARTESIAN_POINT('Ctrl Pts',(-21.825995005783,-79.2534867324332,33.2404517441094));
#9808=CARTESIAN_POINT('Ctrl Pts',(-21.8777322533281,-79.5170535213104,33.3243833345194));
#9809=CARTESIAN_POINT('Ctrl Pts',(-21.8827098291296,-79.7673847164341,33.4010688176109));
#9810=CARTESIAN_POINT('Ctrl Pts',(-19.75,-77.6227014177978,32.7383945820044));
#9811=CARTESIAN_POINT('Ctrl Pts',(-20.0276104808327,-77.6227014177978,32.7383945820044));
#9812=CARTESIAN_POINT('Ctrl Pts',(-20.322112489302,-77.6772976215201,32.7591821785657));
#9813=CARTESIAN_POINT('Ctrl Pts',(-21.1476951758069,-78.0207623074894,32.8870281915942));
#9814=CARTESIAN_POINT('Ctrl Pts',(-21.5552940959188,-78.4370574877309,33.0394680309229));
#9815=CARTESIAN_POINT('Ctrl Pts',(-21.8858198231339,-79.2176957435586,33.2988390826666));
#9816=CARTESIAN_POINT('Ctrl Pts',(-21.9415115348587,-79.4881565058235,33.3852350752221));
#9817=CARTESIAN_POINT('Ctrl Pts',(-21.9490647436945,-79.7460874381355,33.4642686633615));
#9818=CARTESIAN_POINT('',(-21.9490647436945,-79.7460874381355,33.4642686633615));
#9819=CARTESIAN_POINT('',(-21.75,-79.8099792730313,33.2746691261098));
#9820=CARTESIAN_POINT('',(-21.9490647436945,-79.7460874381355,33.4642686633615));
#9821=CARTESIAN_POINT('',(-19.75,-77.8099792730313,32.6085872093889));
#9822=CARTESIAN_POINT('Ctrl Pts',(-21.75,-79.8099792730313,33.2746691261098));
#9823=CARTESIAN_POINT('Ctrl Pts',(-21.75,-79.5746984990778,33.2026478889585));
#9824=CARTESIAN_POINT('Ctrl Pts',(-21.7066364912963,-79.3251714198473,33.1237260231676));
#9825=CARTESIAN_POINT('Ctrl Pts',(-21.4232957626544,-78.5966136778731,32.8861670497103));
#9826=CARTESIAN_POINT('Ctrl Pts',(-21.0540264095356,-78.1959848688902,32.7456894246696));
#9827=CARTESIAN_POINT('Ctrl Pts',(-20.2860864884855,-77.8632899106972,32.6277808616193));
#9828=CARTESIAN_POINT('Ctrl Pts',(-20.0101703857115,-77.8099792730313,32.6085872093889));
#9829=CARTESIAN_POINT('Ctrl Pts',(-19.75,-77.8099792730313,32.6085872093889));
#9830=CARTESIAN_POINT('',(-19.75,-77.6227014177978,32.7383945820044));
#9831=CARTESIAN_POINT('',(-19.75,-77.8099792730313,32.6085872093889));
#9832=CARTESIAN_POINT('Ctrl Pts',(-19.75,-77.6227014177978,32.7383945820044));
#9833=CARTESIAN_POINT('Ctrl Pts',(-20.0276104808327,-77.6227014177978,32.7383945820044));
#9834=CARTESIAN_POINT('Ctrl Pts',(-20.322112489302,-77.6772976215201,32.7591821785657));
#9835=CARTESIAN_POINT('Ctrl Pts',(-21.1476951758069,-78.0207623074894,32.8870281915942));
#9836=CARTESIAN_POINT('Ctrl Pts',(-21.5552940959188,-78.4370574877309,33.0394680309229));
#9837=CARTESIAN_POINT('Ctrl Pts',(-21.8858198231339,-79.2176957435586,33.2988390826666));
#9838=CARTESIAN_POINT('Ctrl Pts',(-21.9415115348587,-79.4881565058235,33.3852350752221));
#9839=CARTESIAN_POINT('Ctrl Pts',(-21.9490647436945,-79.7460874381355,33.4642686633615));
#9840=CARTESIAN_POINT('Origin',(-17.75,-77.7163403454146,32.6734908956966));
#9841=CARTESIAN_POINT('',(-14.75,-77.8099792730313,32.6085872093889));
#9842=CARTESIAN_POINT('',(-14.75,-77.6227014177978,32.7383945820044));
#9843=CARTESIAN_POINT('',(-14.75,-77.8099792730313,32.6085872093889));
#9844=CARTESIAN_POINT('',(-17.75,-77.6227014177978,32.7383945820044));
#9845=CARTESIAN_POINT('',(-17.75,-77.8099792730313,32.6085872093889));
#9846=CARTESIAN_POINT('Ctrl Pts',(-14.75,-77.6227014177978,32.7383945820044));
#9847=CARTESIAN_POINT('Ctrl Pts',(-14.6496084036208,-77.6227014177978,32.7383945820044));
#9848=CARTESIAN_POINT('Ctrl Pts',(-14.3801399366854,-77.6224380397493,32.7590916281968));
#9849=CARTESIAN_POINT('Ctrl Pts',(-14.1127729624017,-77.6214158013455,32.8426498987232));
#9850=CARTESIAN_POINT('Ctrl Pts',(-13.8798513329882,-77.620225538509,32.9471371137537));
#9851=CARTESIAN_POINT('Ctrl Pts',(-13.6806879851588,-77.6190244647248,33.054981279916));
#9852=CARTESIAN_POINT('Ctrl Pts',(-13.4098506014472,-77.6168937340346,33.2746292404554));
#9853=CARTESIAN_POINT('Ctrl Pts',(-13.2010928838244,-77.6149719328422,33.5063091264334));
#9854=CARTESIAN_POINT('Ctrl Pts',(-13.0097823977402,-77.6130134259042,33.7964750274514));
#9855=CARTESIAN_POINT('Ctrl Pts',(-12.9211794029443,-77.6120212573049,33.9991143661795));
#9856=CARTESIAN_POINT('Ctrl Pts',(-12.7998555090997,-77.6106437953738,34.3274052120744));
#9857=CARTESIAN_POINT('Ctrl Pts',(-12.7499999946329,-77.6100257857237,34.6130946999649));
#9858=CARTESIAN_POINT('Ctrl Pts',(-12.75,-77.609982325793,34.8638418048638));
#9859=CARTESIAN_POINT('Ctrl Pts',(-14.75,-77.6851273695423,32.6951254577992));
#9860=CARTESIAN_POINT('Ctrl Pts',(-14.6473767349665,-77.685127577661,32.6951256846758));
#9861=CARTESIAN_POINT('Ctrl Pts',(-14.3719223796729,-77.6849512326365,32.7160333710606));
#9862=CARTESIAN_POINT('Ctrl Pts',(-14.098325835706,-77.6842706903201,32.8004800701374));
#9863=CARTESIAN_POINT('Ctrl Pts',(-13.8596452750664,-77.6834777739901,32.9061976746374));
#9864=CARTESIAN_POINT('Ctrl Pts',(-13.6553749612063,-77.6826766575246,33.0153296276673));
#9865=CARTESIAN_POINT('Ctrl Pts',(-13.376663854138,-77.6812566040629,33.2380044065692));
#9866=CARTESIAN_POINT('Ctrl Pts',(-13.1609579462111,-77.6799748128019,33.4733004882951));
#9867=CARTESIAN_POINT('Ctrl Pts',(-12.9621484956445,-77.6786712687609,33.7686100989022));
#9868=CARTESIAN_POINT('Ctrl Pts',(-12.8691479346887,-77.6780074192833,33.9754267698264));
#9869=CARTESIAN_POINT('Ctrl Pts',(-12.7411175642836,-77.6770924079055,34.3108291478709));
#9870=CARTESIAN_POINT('Ctrl Pts',(-12.6865431214094,-77.6766859513995,34.6036423301171));
#9871=CARTESIAN_POINT('Ctrl Pts',(-12.6837343046592,-77.6766479748725,34.8617620894012));
#9872=CARTESIAN_POINT('Ctrl Pts',(-14.75,-77.7475533212868,32.6518563335941));
#9873=CARTESIAN_POINT('Ctrl Pts',(-14.6451399299619,-77.7475531131681,32.6518561067175));
#9874=CARTESIAN_POINT('Ctrl Pts',(-14.363705357498,-77.7474660801442,32.6729742727128));
#9875=CARTESIAN_POINT('Ctrl Pts',(-14.0838783129253,-77.7471243840568,32.7583291112853));
#9876=CARTESIAN_POINT('Ctrl Pts',(-13.8394378835299,-77.7467270375502,32.8652552366462));
#9877=CARTESIAN_POINT('Ctrl Pts',(-13.6300684372077,-77.7463270802316,32.9756914755104));
#9878=CARTESIAN_POINT('Ctrl Pts',(-13.3434806463935,-77.7456164030031,33.2013867604223));
#9879=CARTESIAN_POINT('Ctrl Pts',(-13.1208231256241,-77.7449763930718,33.4402962647715));
#9880=CARTESIAN_POINT('Ctrl Pts',(-12.9145525307183,-77.7443214301747,33.74077574183));
#9881=CARTESIAN_POINT('Ctrl Pts',(-12.8171178930085,-77.743993111053,33.9517330686068));
#9882=CARTESIAN_POINT('Ctrl Pts',(-12.6824357344074,-77.7435306604997,34.2943015589409));
#9883=CARTESIAN_POINT('Ctrl Pts',(-12.6232179142168,-77.7433191073555,34.5943685730327));
#9884=CARTESIAN_POINT('Ctrl Pts',(-12.6174686093184,-77.7433136239519,34.8596823739386));
#9885=CARTESIAN_POINT('Ctrl Pts',(-14.75,-77.8099792730313,32.6085872093889));
#9886=CARTESIAN_POINT('Ctrl Pts',(-14.6429082613075,-77.8099792730313,32.6085872093889));
#9887=CARTESIAN_POINT('Ctrl Pts',(-14.3554878004854,-77.8099792730313,32.6299160155766));
#9888=CARTESIAN_POINT('Ctrl Pts',(-14.0694311862296,-77.8099792730314,32.7161592826996));
#9889=CARTESIAN_POINT('Ctrl Pts',(-13.8192318256082,-77.8099792730314,32.8243157975299));
#9890=CARTESIAN_POINT('Ctrl Pts',(-13.6047554132552,-77.8099792730314,32.9360398232616));
#9891=CARTESIAN_POINT('Ctrl Pts',(-13.3102938990844,-77.8099792730314,33.164761926536));
#9892=CARTESIAN_POINT('Ctrl Pts',(-13.0806881880108,-77.8099792730314,33.4072876266332));
#9893=CARTESIAN_POINT('Ctrl Pts',(-12.8669186286226,-77.8099792730314,33.7129108132809));
#9894=CARTESIAN_POINT('Ctrl Pts',(-12.7650864247529,-77.8099792730314,33.9280454722537));
#9895=CARTESIAN_POINT('Ctrl Pts',(-12.6236977895913,-77.8099792730314,34.2777254947374));
#9896=CARTESIAN_POINT('Ctrl Pts',(-12.5597610409933,-77.8099792730313,34.5849162031849));
#9897=CARTESIAN_POINT('Ctrl Pts',(-12.5512029139776,-77.8099792730313,34.857602658476));
#9898=CARTESIAN_POINT('',(-12.5512029139849,-77.8099792730313,34.8576026582424));
#9899=CARTESIAN_POINT('',(-12.75,-77.6099823394055,34.8638418046514));
#9900=CARTESIAN_POINT('',(-12.5512029139849,-77.8099792730313,34.8576026582424));
#9901=CARTESIAN_POINT('Ctrl Pts',(-12.75,-77.609982325793,34.8638418048638));
#9902=CARTESIAN_POINT('Ctrl Pts',(-12.7499999946329,-77.6100257857237,34.6130946999649));
#9903=CARTESIAN_POINT('Ctrl Pts',(-12.7998555090997,-77.6106437953738,34.3274052120744));
#9904=CARTESIAN_POINT('Ctrl Pts',(-12.9211794029443,-77.6120212573049,33.9991143661795));
#9905=CARTESIAN_POINT('Ctrl Pts',(-13.0097823977402,-77.6130134259042,33.7964750274514));
#9906=CARTESIAN_POINT('Ctrl Pts',(-13.2010928838244,-77.6149719328422,33.5063091264334));
#9907=CARTESIAN_POINT('Ctrl Pts',(-13.4098506014472,-77.6168937340346,33.2746292404554));
#9908=CARTESIAN_POINT('Ctrl Pts',(-13.6806879851588,-77.6190244647248,33.054981279916));
#9909=CARTESIAN_POINT('Ctrl Pts',(-13.8798513329882,-77.620225538509,32.9471371137537));
#9910=CARTESIAN_POINT('Ctrl Pts',(-14.1127729624017,-77.6214158013455,32.8426498987232));
#9911=CARTESIAN_POINT('Ctrl Pts',(-14.3801399366854,-77.6224380397493,32.7590916281968));
#9912=CARTESIAN_POINT('Ctrl Pts',(-14.6496084036208,-77.6227014177978,32.7383945820044));
#9913=CARTESIAN_POINT('Ctrl Pts',(-14.75,-77.6227014177978,32.7383945820044));
#9914=CARTESIAN_POINT('Ctrl Pts',(-14.75,-77.8099792730313,32.6085872093889));
#9915=CARTESIAN_POINT('Ctrl Pts',(-14.6429082613075,-77.8099792730313,32.6085872093889));
#9916=CARTESIAN_POINT('Ctrl Pts',(-14.3554878004854,-77.8099792730313,32.6299160155766));
#9917=CARTESIAN_POINT('Ctrl Pts',(-14.0694311862296,-77.8099792730314,32.7161592826996));
#9918=CARTESIAN_POINT('Ctrl Pts',(-13.8192318256082,-77.8099792730314,32.8243157975299));
#9919=CARTESIAN_POINT('Ctrl Pts',(-13.6047554132552,-77.8099792730314,32.9360398232616));
#9920=CARTESIAN_POINT('Ctrl Pts',(-13.3102938990844,-77.8099792730314,33.164761926536));
#9921=CARTESIAN_POINT('Ctrl Pts',(-13.0806881880108,-77.8099792730314,33.4072876266332));
#9922=CARTESIAN_POINT('Ctrl Pts',(-12.8669186286226,-77.8099792730314,33.7129108132809));
#9923=CARTESIAN_POINT('Ctrl Pts',(-12.7650864247529,-77.8099792730314,33.9280454722537));
#9924=CARTESIAN_POINT('Ctrl Pts',(-12.6236977895913,-77.8099792730314,34.2777254947374));
#9925=CARTESIAN_POINT('Ctrl Pts',(-12.5597610409933,-77.8099792730313,34.5849162031849));
#9926=CARTESIAN_POINT('Ctrl Pts',(-12.5512029139776,-77.8099792730313,34.857602658476));
#9927=CARTESIAN_POINT('Ctrl Pts',(-21.95,-79.8099792730313,33.4837793205001));
#9928=CARTESIAN_POINT('Ctrl Pts',(-21.95,-79.7887806611765,33.4773280088929));
#9929=CARTESIAN_POINT('Ctrl Pts',(-21.9496911273399,-79.7674775150115,33.4708228773557));
#9930=CARTESIAN_POINT('Ctrl Pts',(-21.9490647436945,-79.7460874381355,33.4642686633615));
#9931=CARTESIAN_POINT('Ctrl Pts',(-21.8833333333334,-79.8293888363208,33.4200006932229));
#9932=CARTESIAN_POINT('Ctrl Pts',(-21.8833333333334,-79.8088197137461,33.4137409522491));
#9933=CARTESIAN_POINT('Ctrl Pts',(-21.8831274182266,-79.7881486713942,33.4074291880758));
#9934=CARTESIAN_POINT('Ctrl Pts',(-21.8827098291296,-79.7673847164341,33.4010688176109));
#9935=CARTESIAN_POINT('Ctrl Pts',(-21.8166666666667,-79.8487983996103,33.3562220659458));
#9936=CARTESIAN_POINT('Ctrl Pts',(-21.8166666666667,-79.8288587663157,33.3501538956053));
#9937=CARTESIAN_POINT('Ctrl Pts',(-21.8165637091133,-79.8088198277769,33.3440354987959));
#9938=CARTESIAN_POINT('Ctrl Pts',(-21.8163549145648,-79.7886819947327,33.3378689718603));
#9939=CARTESIAN_POINT('Ctrl Pts',(-21.75,-79.8682079628997,33.2924434386687));
#9940=CARTESIAN_POINT('Ctrl Pts',(-21.75,-79.8488978188853,33.2865668389616));
#9941=CARTESIAN_POINT('Ctrl Pts',(-21.75,-79.8294909841596,33.280641809516));
#9942=CARTESIAN_POINT('Ctrl Pts',(-21.75,-79.8099792730313,33.2746691261098));
#9943=CARTESIAN_POINT('Ctrl Pts',(-21.9490647436945,-79.7460874381355,33.4642686633615));
#9944=CARTESIAN_POINT('Ctrl Pts',(-21.9496911273399,-79.7674775150115,33.4708228773557));
#9945=CARTESIAN_POINT('Ctrl Pts',(-21.95,-79.7887806611765,33.4773280088929));
#9946=CARTESIAN_POINT('Ctrl Pts',(-21.95,-79.8099792730313,33.4837793205001));
#9947=CARTESIAN_POINT('Ctrl Pts',(-21.75,-79.8682079628997,33.2924434386687));
#9948=CARTESIAN_POINT('Ctrl Pts',(-21.75,-79.8488978188853,33.2865668389616));
#9949=CARTESIAN_POINT('Ctrl Pts',(-21.75,-79.8294909841596,33.280641809516));
#9950=CARTESIAN_POINT('Ctrl Pts',(-21.75,-79.8099792730313,33.2746691261098));
#9951=CARTESIAN_POINT('Origin',(-12.65,-77.7099792730313,32.9990588129351));
#9952=CARTESIAN_POINT('',(-12.55,-77.8099792730313,37.8790608329628));
#9953=CARTESIAN_POINT('',(-12.75,-77.6099792730313,37.8790608329628));
#9954=CARTESIAN_POINT('',(-12.55,-77.8099792730313,37.8790608329628));
#9955=CARTESIAN_POINT('',(-12.75,-77.6099792730313,34.9342724938716));
#9956=CARTESIAN_POINT('',(-12.75,-77.6099792730313,32.9990588129351));
#9957=CARTESIAN_POINT('',(-12.55,-77.8099792730313,34.9342724938716));
#9958=CARTESIAN_POINT('',(-12.75,-77.6099792730313,34.9342724938716));
#9959=CARTESIAN_POINT('',(-12.55,-77.8099792730313,32.9990588129351));
#9960=CARTESIAN_POINT('Origin',(-12.65,-74.3099792730313,37.8790608329628));
#9961=CARTESIAN_POINT('',(-12.55,-70.9465047969273,38.847068812577));
#9962=CARTESIAN_POINT('',(-12.75,-71.138703338419,38.7917540708848));
#9963=CARTESIAN_POINT('',(-12.55,-70.9465047969273,38.847068812577));
#9964=CARTESIAN_POINT('Origin',(-12.75,-74.3099792730313,37.8790608329628));
#9965=CARTESIAN_POINT('Origin',(-12.55,-74.3099792730313,37.8790608329628));
#9966=CARTESIAN_POINT('Origin',(-12.65,-63.258563137261,41.0596584802668));
#9967=CARTESIAN_POINT('',(-12.55,-67.6245120128102,34.3560407692028));
#9968=CARTESIAN_POINT('Origin',(-12.55,-63.258563137261,41.0596584802668));
#9969=CARTESIAN_POINT('',(-12.75,-67.733660734699,34.1884503264262));
#9970=CARTESIAN_POINT('',(-12.55,-67.6245120128102,34.3560407692028));
#9971=CARTESIAN_POINT('Origin',(-12.75,-63.258563137261,41.0596584802668));
#9972=CARTESIAN_POINT('Origin',(-12.65,-90.,0.));
#9973=CARTESIAN_POINT('',(-12.55,-59.2618246495432,27.1323529411765));
#9974=CARTESIAN_POINT('',(-12.75,-59.4117669683259,27.));
#9975=CARTESIAN_POINT('',(-12.55,-59.2618246495432,27.1323529411765));
#9976=CARTESIAN_POINT('Origin',(-12.75,-90.,0.));
#9977=CARTESIAN_POINT('Origin',(-12.55,-90.,0.));
#9978=CARTESIAN_POINT('Ctrl Pts',(-12.75,-77.6099823257931,34.863841804649));
#9979=CARTESIAN_POINT('Ctrl Pts',(-12.75,-77.6099781982242,34.8876563077053));
#9980=CARTESIAN_POINT('Ctrl Pts',(-12.75,-77.6099792730313,34.911143774155));
#9981=CARTESIAN_POINT('Ctrl Pts',(-12.75,-77.6099792730313,34.9342724938716));
#9982=CARTESIAN_POINT('Ctrl Pts',(-12.6837343046617,-77.6766479748725,34.8617620891802));
#9983=CARTESIAN_POINT('Ctrl Pts',(-12.683463370935,-77.6766452231599,34.8862711495826));
#9984=CARTESIAN_POINT('Ctrl Pts',(-12.6833333333334,-77.676645939698,34.9104564995492));
#9985=CARTESIAN_POINT('Ctrl Pts',(-12.6833333333334,-77.676645939698,34.9342724938716));
#9986=CARTESIAN_POINT('Ctrl Pts',(-12.6174686093233,-77.7433136239519,34.8596823737113));
#9987=CARTESIAN_POINT('Ctrl Pts',(-12.61692674187,-77.7433122480956,34.88488599146));
#9988=CARTESIAN_POINT('Ctrl Pts',(-12.6166666666667,-77.7433126063646,34.9097692249435));
#9989=CARTESIAN_POINT('Ctrl Pts',(-12.6166666666667,-77.7433126063646,34.9342724938716));
#9990=CARTESIAN_POINT('Ctrl Pts',(-12.5512029139849,-77.8099792730313,34.8576026582424));
#9991=CARTESIAN_POINT('Ctrl Pts',(-12.550390112805,-77.8099792730313,34.8835008333374));
#9992=CARTESIAN_POINT('Ctrl Pts',(-12.55,-77.8099792730313,34.9090819503378));
#9993=CARTESIAN_POINT('Ctrl Pts',(-12.55,-77.8099792730313,34.9342724938716));
#9994=CARTESIAN_POINT('Ctrl Pts',(-12.75,-77.6099792730313,34.9342724938716));
#9995=CARTESIAN_POINT('Ctrl Pts',(-12.75,-77.6099792730313,34.911143774155));
#9996=CARTESIAN_POINT('Ctrl Pts',(-12.75,-77.6099781982242,34.8876563077053));
#9997=CARTESIAN_POINT('Ctrl Pts',(-12.75,-77.6099823257931,34.863841804649));
#9998=CARTESIAN_POINT('Ctrl Pts',(-12.5512029139849,-77.8099792730313,34.8576026582424));
#9999=CARTESIAN_POINT('Ctrl Pts',(-12.550390112805,-77.8099792730313,34.8835008333374));
#10000=CARTESIAN_POINT('Ctrl Pts',(-12.55,-77.8099792730313,34.9090819503378));
#10001=CARTESIAN_POINT('Ctrl Pts',(-12.55,-77.8099792730313,34.9342724938716));
#10002=CARTESIAN_POINT('Ctrl Pts',(-12.7543393703582,-59.2959770709013,
26.8683236874083));
#10003=CARTESIAN_POINT('Ctrl Pts',(-12.7678273259845,-59.1167045366273,
26.6639028505248));
#10004=CARTESIAN_POINT('Ctrl Pts',(-12.8604558310935,-58.74083068616,26.2308355338163));
#10005=CARTESIAN_POINT('Ctrl Pts',(-13.1950191604242,-58.2891970574993,
25.6991240508052));
#10006=CARTESIAN_POINT('Ctrl Pts',(-13.596573722879,-57.9903835103091,25.3432849358022));
#10007=CARTESIAN_POINT('Ctrl Pts',(-13.8996587544473,-57.8552664809169,
25.1815405977148));
#10008=CARTESIAN_POINT('Ctrl Pts',(-14.2822233189715,-57.7381927194681,
25.041234077713));
#10009=CARTESIAN_POINT('Ctrl Pts',(-14.5215985155877,-57.7038463814562,
25.));
#10010=CARTESIAN_POINT('Ctrl Pts',(-14.75,-57.7038463814562,25.));
#10011=CARTESIAN_POINT('Ctrl Pts',(-12.6862262469055,-59.2458189669065,
26.9122157916055));
#10012=CARTESIAN_POINT('Ctrl Pts',(-12.6952706144717,-59.0628281109757,
26.7033925879073));
#10013=CARTESIAN_POINT('Ctrl Pts',(-12.7795310832059,-58.6784141263575,
26.2584688527669));
#10014=CARTESIAN_POINT('Ctrl Pts',(-13.1126583397294,-58.212371584417,25.7020499243917));
#10015=CARTESIAN_POINT('Ctrl Pts',(-13.5250790825708,-57.9004682104557,
25.3223071713159));
#10016=CARTESIAN_POINT('Ctrl Pts',(-13.8427669969816,-57.7578476727002,
25.1466747972674));
#10017=CARTESIAN_POINT('Ctrl Pts',(-14.248167456274,-57.6335334157803,24.9929623794915));
#10018=CARTESIAN_POINT('Ctrl Pts',(-14.5047258036822,-57.5965987050021,
24.9469522026867));
#10019=CARTESIAN_POINT('Ctrl Pts',(-14.75,-57.5966583054755,24.947061735657));
#10020=CARTESIAN_POINT('Ctrl Pts',(-12.6181131234528,-59.1956608629117,
26.9561078958028));
#10021=CARTESIAN_POINT('Ctrl Pts',(-12.6225567115129,-59.0090244333624,
26.7429806275834));
#10022=CARTESIAN_POINT('Ctrl Pts',(-12.6985843292449,-58.6160424946291,
26.2861796715183));
#10023=CARTESIAN_POINT('Ctrl Pts',(-13.0305028650194,-58.1355250744429,
25.7049088535914));
#10024=CARTESIAN_POINT('Ctrl Pts',(-13.4534131671965,-57.8106648383788,
25.3015336793233));
#10025=CARTESIAN_POINT('Ctrl Pts',(-13.7860755200249,-57.6604360155794,
25.1118120952458));
#10026=CARTESIAN_POINT('Ctrl Pts',(-14.2139168580809,-57.5289519039508,
24.9448381487783));
#10027=CARTESIAN_POINT('Ctrl Pts',(-14.4882165504802,-57.4895298299682,
24.8942330042842));
#10028=CARTESIAN_POINT('Ctrl Pts',(-14.75,-57.4894702294948,24.894123471314));
#10029=CARTESIAN_POINT('Ctrl Pts',(-12.55,-59.145502758917,27.));
#10030=CARTESIAN_POINT('Ctrl Pts',(-12.55,-58.9551480077108,26.782470364966));
#10031=CARTESIAN_POINT('Ctrl Pts',(-12.6176595813573,-58.5536259348265,
26.313812990469));
#10032=CARTESIAN_POINT('Ctrl Pts',(-12.9481420443245,-58.0586996013606,
25.7078347271778));
#10033=CARTESIAN_POINT('Ctrl Pts',(-13.3819185268882,-57.7207495385254,
25.2805559148369));
#10034=CARTESIAN_POINT('Ctrl Pts',(-13.7291837625593,-57.5630172073627,
25.0769462947983));
#10035=CARTESIAN_POINT('Ctrl Pts',(-14.1798609953834,-57.4242926002629,
24.8965664505567));
#10036=CARTESIAN_POINT('Ctrl Pts',(-14.4713438385746,-57.3822821535141,
24.841185206971));
#10037=CARTESIAN_POINT('Ctrl Pts',(-14.75,-57.3822821535141,24.841185206971));
#10038=CARTESIAN_POINT('',(-14.75,-57.3822821535141,24.841185206971));
#10039=CARTESIAN_POINT('',(-14.75,-57.7038463814562,25.));
#10040=CARTESIAN_POINT('',(-14.75,-57.3822821535141,24.841185206971));
#10041=CARTESIAN_POINT('',(-12.7543393703582,-59.2959770709013,26.8683236874083));
#10042=CARTESIAN_POINT('Ctrl Pts',(-14.75,-57.7038463814562,25.));
#10043=CARTESIAN_POINT('Ctrl Pts',(-14.5215985155877,-57.7038463814562,
25.));
#10044=CARTESIAN_POINT('Ctrl Pts',(-14.2822233189715,-57.7381927194681,
25.041234077713));
#10045=CARTESIAN_POINT('Ctrl Pts',(-13.8996587544473,-57.8552664809169,
25.1815405977148));
#10046=CARTESIAN_POINT('Ctrl Pts',(-13.596573722879,-57.9903835103091,25.3432849358022));
#10047=CARTESIAN_POINT('Ctrl Pts',(-13.1950191604242,-58.2891970574993,
25.6991240508052));
#10048=CARTESIAN_POINT('Ctrl Pts',(-12.8604558310935,-58.74083068616,26.2308355338163));
#10049=CARTESIAN_POINT('Ctrl Pts',(-12.7678273259845,-59.1167045366273,
26.6639028505248));
#10050=CARTESIAN_POINT('Ctrl Pts',(-12.7543393703582,-59.2959770709013,
26.8683236874083));
#10051=CARTESIAN_POINT('',(-12.55,-59.145502758917,27.));
#10052=CARTESIAN_POINT('',(-12.7543393703582,-59.2959770709013,26.8683236874083));
#10053=CARTESIAN_POINT('Ctrl Pts',(-12.55,-59.145502758917,27.));
#10054=CARTESIAN_POINT('Ctrl Pts',(-12.55,-58.9551480077108,26.782470364966));
#10055=CARTESIAN_POINT('Ctrl Pts',(-12.6176595813573,-58.5536259348265,
26.313812990469));
#10056=CARTESIAN_POINT('Ctrl Pts',(-12.9481420443245,-58.0586996013606,
25.7078347271778));
#10057=CARTESIAN_POINT('Ctrl Pts',(-13.3819185268882,-57.7207495385254,
25.2805559148369));
#10058=CARTESIAN_POINT('Ctrl Pts',(-13.7291837625593,-57.5630172073627,
25.0769462947983));
#10059=CARTESIAN_POINT('Ctrl Pts',(-14.1798609953834,-57.4242926002629,
24.8965664505567));
#10060=CARTESIAN_POINT('Ctrl Pts',(-14.4713438385746,-57.3822821535141,
24.841185206971));
#10061=CARTESIAN_POINT('Ctrl Pts',(-14.75,-57.3822821535141,24.841185206971));
#10062=CARTESIAN_POINT('Origin',(-9.75000000000002,-57.5430642674851,24.9205926034855));
#10063=CARTESIAN_POINT('',(-21.75,-57.3822821535141,24.841185206971));
#10064=CARTESIAN_POINT('',(-21.75,-57.7038463814561,25.));
#10065=CARTESIAN_POINT('',(-21.75,-57.3822821535141,24.841185206971));
#10066=CARTESIAN_POINT('',(-9.75000000000002,-57.7038463814561,25.));
#10067=CARTESIAN_POINT('',(-9.75000000000002,-57.3822821535141,24.841185206971));
#10068=CARTESIAN_POINT('Ctrl Pts',(-23.7259996981257,-55.2514381152353,
24.8005370766526));
#10069=CARTESIAN_POINT('Ctrl Pts',(-23.6927210868304,-55.5136246893363,
24.8014574867271));
#10070=CARTESIAN_POINT('Ctrl Pts',(-23.6182966630138,-55.7867874435379,
24.8038015205008));
#10071=CARTESIAN_POINT('Ctrl Pts',(-23.4133780687715,-56.2819910880135,
24.8102975456022));
#10072=CARTESIAN_POINT('Ctrl Pts',(-23.2304345157185,-56.5759323649321,
24.8161243954483));
#10073=CARTESIAN_POINT('Ctrl Pts',(-22.9697384812679,-56.8511892307372,
24.823320648318));
#10074=CARTESIAN_POINT('Ctrl Pts',(-22.8258961317115,-56.9886976153636,
24.8271655084552));
#10075=CARTESIAN_POINT('Ctrl Pts',(-22.5700687864084,-57.1637770715026,
24.8328883136976));
#10076=CARTESIAN_POINT('Ctrl Pts',(-22.3223766942855,-57.2825727245846,
24.837221671925));
#10077=CARTESIAN_POINT('Ctrl Pts',(-22.0350619851324,-57.3658415814658,
24.8404989220775));
#10078=CARTESIAN_POINT('Ctrl Pts',(-21.8402285472494,-57.3822821535141,
24.841185206971));
#10079=CARTESIAN_POINT('Ctrl Pts',(-21.75,-57.3822821535141,24.841185206971));
#10080=CARTESIAN_POINT('Ctrl Pts',(-23.7973267065387,-55.2570710228311,
24.8670247177684));
#10081=CARTESIAN_POINT('Ctrl Pts',(-23.7677935801929,-55.5257694328761,
24.8676610341205));
#10082=CARTESIAN_POINT('Ctrl Pts',(-23.696121551712,-55.8072746168888,24.8691974394183));
#10083=CARTESIAN_POINT('Ctrl Pts',(-23.4934445883846,-56.3203132885343,
24.873541088392));
#10084=CARTESIAN_POINT('Ctrl Pts',(-23.3092444124086,-56.6275277070147,
24.8774287001146));
#10085=CARTESIAN_POINT('Ctrl Pts',(-23.0408178678847,-56.9186271391674,
24.882209016608));
#10086=CARTESIAN_POINT('Ctrl Pts',(-22.8922935572542,-57.0644779758787,
24.8847808208514));
#10087=CARTESIAN_POINT('Ctrl Pts',(-22.6244897693052,-57.2521427831504,
24.8885896604282));
#10088=CARTESIAN_POINT('Ctrl Pts',(-22.3625323719383,-57.3806333273998,
24.8914820826784));
#10089=CARTESIAN_POINT('Ctrl Pts',(-22.0559927466172,-57.4714230447519,
24.8936652050574));
#10090=CARTESIAN_POINT('Ctrl Pts',(-21.8467580281944,-57.4894881260853,
24.8941218026359));
#10091=CARTESIAN_POINT('Ctrl Pts',(-21.75,-57.4894702294948,24.894123471314));
#10092=CARTESIAN_POINT('Ctrl Pts',(-23.8686537149517,-55.2627039304268,
24.9335123588842));
#10093=CARTESIAN_POINT('Ctrl Pts',(-23.8426440733017,-55.5381132276247,
24.9337964526066));
#10094=CARTESIAN_POINT('Ctrl Pts',(-23.7739805175258,-55.82771665276,24.9346040810825));
#10095=CARTESIAN_POINT('Ctrl Pts',(-23.573459941386,-56.3587225596289,24.9367564572102));
#10096=CARTESIAN_POINT('Ctrl Pts',(-23.3877286659597,-56.6792619028779,
24.9386956953337));
#10097=CARTESIAN_POINT('Ctrl Pts',(-23.1121201989496,-56.9859905909112,
24.94111163171));
#10098=CARTESIAN_POINT('Ctrl Pts',(-22.9586790744195,-57.1402908920637,
24.9423846876038));
#10099=CARTESIAN_POINT('Ctrl Pts',(-22.6791136960994,-57.3404504397983,
24.9442986532695));
#10100=CARTESIAN_POINT('Ctrl Pts',(-22.4028501036564,-57.478687725905,24.9457395892466));
#10101=CARTESIAN_POINT('Ctrl Pts',(-22.0769135928711,-57.5769894082068,
24.9468337170201));
#10102=CARTESIAN_POINT('Ctrl Pts',(-21.8535227856642,-57.5966404088849,
24.947063404335));
#10103=CARTESIAN_POINT('Ctrl Pts',(-21.75,-57.5966583054755,24.947061735657));
#10104=CARTESIAN_POINT('Ctrl Pts',(-23.9399807233647,-55.2683368380226,
25.));
#10105=CARTESIAN_POINT('Ctrl Pts',(-23.9177165666642,-55.5502579711645,
25.));
#10106=CARTESIAN_POINT('Ctrl Pts',(-23.851805406224,-55.8482038261109,25.));
#10107=CARTESIAN_POINT('Ctrl Pts',(-23.6535264609991,-56.3970447601497,
25.));
#10108=CARTESIAN_POINT('Ctrl Pts',(-23.4665385626498,-56.7308572449604,
25.));
#10109=CARTESIAN_POINT('Ctrl Pts',(-23.1831995855664,-57.0534284993414,
25.));
#10110=CARTESIAN_POINT('Ctrl Pts',(-23.0250764999622,-57.2160712525789,
25.));
#10111=CARTESIAN_POINT('Ctrl Pts',(-22.7335346789963,-57.4288161514462,
25.));
#10112=CARTESIAN_POINT('Ctrl Pts',(-22.4430057813092,-57.5767483287202,
25.));
#10113=CARTESIAN_POINT('Ctrl Pts',(-22.0978443543559,-57.6825708714929,
25.));
#10114=CARTESIAN_POINT('Ctrl Pts',(-21.8600522666092,-57.7038463814562,
25.));
#10115=CARTESIAN_POINT('Ctrl Pts',(-21.75,-57.7038463814562,25.));
#10116=CARTESIAN_POINT('',(-23.7259996981124,-55.2514381152376,24.8005370765095));
#10117=CARTESIAN_POINT('',(-23.9399807233644,-55.2683368380262,25.));
#10118=CARTESIAN_POINT('',(-23.7259996981124,-55.2514381152376,24.8005370765095));
#10119=CARTESIAN_POINT('Ctrl Pts',(-23.9399807233647,-55.2683368380226,
25.));
#10120=CARTESIAN_POINT('Ctrl Pts',(-23.9177165666642,-55.5502579711645,
25.));
#10121=CARTESIAN_POINT('Ctrl Pts',(-23.851805406224,-55.8482038261109,25.));
#10122=CARTESIAN_POINT('Ctrl Pts',(-23.6535264609991,-56.3970447601497,
25.));
#10123=CARTESIAN_POINT('Ctrl Pts',(-23.4665385626498,-56.7308572449604,
25.));
#10124=CARTESIAN_POINT('Ctrl Pts',(-23.1831995855664,-57.0534284993414,
25.));
#10125=CARTESIAN_POINT('Ctrl Pts',(-23.0250764999622,-57.2160712525789,
25.));
#10126=CARTESIAN_POINT('Ctrl Pts',(-22.7335346789963,-57.4288161514462,
25.));
#10127=CARTESIAN_POINT('Ctrl Pts',(-22.4430057813092,-57.5767483287202,
25.));
#10128=CARTESIAN_POINT('Ctrl Pts',(-22.0978443543559,-57.6825708714929,
25.));
#10129=CARTESIAN_POINT('Ctrl Pts',(-21.8600522666092,-57.7038463814562,
25.));
#10130=CARTESIAN_POINT('Ctrl Pts',(-21.75,-57.7038463814562,25.));
#10131=CARTESIAN_POINT('Ctrl Pts',(-21.75,-57.3822821535141,24.841185206971));
#10132=CARTESIAN_POINT('Ctrl Pts',(-21.8402285472494,-57.3822821535141,
24.841185206971));
#10133=CARTESIAN_POINT('Ctrl Pts',(-22.0350619851324,-57.3658415814658,
24.8404989220775));
#10134=CARTESIAN_POINT('Ctrl Pts',(-22.3223766942855,-57.2825727245846,
24.837221671925));
#10135=CARTESIAN_POINT('Ctrl Pts',(-22.5700687864084,-57.1637770715026,
24.8328883136976));
#10136=CARTESIAN_POINT('Ctrl Pts',(-22.8258961317115,-56.9886976153636,
24.8271655084552));
#10137=CARTESIAN_POINT('Ctrl Pts',(-22.9697384812679,-56.8511892307372,
24.823320648318));
#10138=CARTESIAN_POINT('Ctrl Pts',(-23.2304345157185,-56.5759323649321,
24.8161243954483));
#10139=CARTESIAN_POINT('Ctrl Pts',(-23.4133780687715,-56.2819910880135,
24.8102975456022));
#10140=CARTESIAN_POINT('Ctrl Pts',(-23.6182966630138,-55.7867874435379,
24.8038015205008));
#10141=CARTESIAN_POINT('Ctrl Pts',(-23.6927210868304,-55.5136246893363,
24.8014574867271));
#10142=CARTESIAN_POINT('Ctrl Pts',(-23.7259996981257,-55.2514381152353,
24.8005370766526));
#10143=CARTESIAN_POINT('Ctrl Pts',(-12.75,-59.4117669683259,27.));
#10144=CARTESIAN_POINT('Ctrl Pts',(-12.75,-59.3730878661845,26.9561805411201));
#10145=CARTESIAN_POINT('Ctrl Pts',(-12.7514398942612,-59.3345148925243,
26.912267584223));
#10146=CARTESIAN_POINT('Ctrl Pts',(-12.7543393703582,-59.2959770709013,
26.8683236874083));
#10147=CARTESIAN_POINT('Ctrl Pts',(-12.6833333333334,-59.3617861953983,
27.0441176470588));
#10148=CARTESIAN_POINT('Ctrl Pts',(-12.6833333333334,-59.3230438921096,
27.0002265877559));
#10149=CARTESIAN_POINT('Ctrl Pts',(-12.6842932628408,-59.2844038820357,
26.9562453555352));
#10150=CARTESIAN_POINT('Ctrl Pts',(-12.6862262469055,-59.2458189669065,
26.9122157916055));
#10151=CARTESIAN_POINT('Ctrl Pts',(-12.6166666666667,-59.3118054224707,
27.0882352941176));
#10152=CARTESIAN_POINT('Ctrl Pts',(-12.6166666666667,-59.2729999180348,
27.0442726343917));
#10153=CARTESIAN_POINT('Ctrl Pts',(-12.6171466314204,-59.234292871547,27.0002231268474));
#10154=CARTESIAN_POINT('Ctrl Pts',(-12.6181131234528,-59.1956608629117,
26.9561078958028));
#10155=CARTESIAN_POINT('Ctrl Pts',(-12.55,-59.2618246495432,27.1323529411765));
#10156=CARTESIAN_POINT('Ctrl Pts',(-12.55,-59.2229559439599,27.0883186810276));
#10157=CARTESIAN_POINT('Ctrl Pts',(-12.55,-59.1841818610584,27.0442008981596));
#10158=CARTESIAN_POINT('Ctrl Pts',(-12.55,-59.145502758917,27.));
#10159=CARTESIAN_POINT('Ctrl Pts',(-12.7543393703582,-59.2959770709013,
26.8683236874083));
#10160=CARTESIAN_POINT('Ctrl Pts',(-12.7514398942612,-59.3345148925243,
26.912267584223));
#10161=CARTESIAN_POINT('Ctrl Pts',(-12.75,-59.3730878661845,26.9561805411201));
#10162=CARTESIAN_POINT('Ctrl Pts',(-12.75,-59.4117669683259,27.));
#10163=CARTESIAN_POINT('Ctrl Pts',(-12.55,-59.2618246495432,27.1323529411765));
#10164=CARTESIAN_POINT('Ctrl Pts',(-12.55,-59.2229559439599,27.0883186810276));
#10165=CARTESIAN_POINT('Ctrl Pts',(-12.55,-59.1841818610584,27.0442008981596));
#10166=CARTESIAN_POINT('Ctrl Pts',(-12.55,-59.145502758917,27.));
#10167=CARTESIAN_POINT('Ctrl Pts',(-23.9399807233644,-55.2683368380261,
25.));
#10168=CARTESIAN_POINT('Ctrl Pts',(-23.9468488611988,-55.1813686574258,
25.));
#10169=CARTESIAN_POINT('Ctrl Pts',(-23.95,-55.0960615555445,25.));
#10170=CARTESIAN_POINT('Ctrl Pts',(-23.95,-55.0142886309282,25.));
#10171=CARTESIAN_POINT('Ctrl Pts',(-23.8686537149513,-55.2627039304303,
24.9335123588842));
#10172=CARTESIAN_POINT('Ctrl Pts',(-23.8766544474062,-55.1777650155749,
24.9334177149334));
#10173=CARTESIAN_POINT('Ctrl Pts',(-23.8810207363981,-55.0943419986217,
24.9333618858848));
#10174=CARTESIAN_POINT('Ctrl Pts',(-23.8822623140265,-55.0142886309282,
24.9333419370062));
#10175=CARTESIAN_POINT('Ctrl Pts',(-23.7973267065383,-55.2570710228345,
24.8670247177684));
#10176=CARTESIAN_POINT('Ctrl Pts',(-23.8064600336136,-55.1741613737239,
24.8668354298668));
#10177=CARTESIAN_POINT('Ctrl Pts',(-23.8120414727961,-55.0926224416989,
24.8667237717697));
#10178=CARTESIAN_POINT('Ctrl Pts',(-23.8145246280529,-55.0142886309282,
24.8666838740123));
#10179=CARTESIAN_POINT('Ctrl Pts',(-23.7259996981253,-55.2514381152386,
24.8005370766526));
#10180=CARTESIAN_POINT('Ctrl Pts',(-23.736265619821,-55.170557731873,24.8002531448002));
#10181=CARTESIAN_POINT('Ctrl Pts',(-23.7430622091941,-55.0909028847762,
24.8000856576545));
#10182=CARTESIAN_POINT('Ctrl Pts',(-23.7467869420794,-55.0142886309282,
24.8000258110185));
#10183=CARTESIAN_POINT('',(-23.7467869420794,-55.0142886309282,24.8000258110185));
#10184=CARTESIAN_POINT('',(-23.95,-55.0142886309282,25.));
#10185=CARTESIAN_POINT('',(-23.7467869420794,-55.0142886309282,24.8000258110185));
#10186=CARTESIAN_POINT('Ctrl Pts',(-23.95,-55.0142886309282,25.));
#10187=CARTESIAN_POINT('Ctrl Pts',(-23.95,-55.0960615555445,25.));
#10188=CARTESIAN_POINT('Ctrl Pts',(-23.9468488611988,-55.1813686574258,
25.));
#10189=CARTESIAN_POINT('Ctrl Pts',(-23.9399807233644,-55.2683368380261,
25.));
#10190=CARTESIAN_POINT('Ctrl Pts',(-23.7259996981253,-55.2514381152386,
24.8005370766526));
#10191=CARTESIAN_POINT('Ctrl Pts',(-23.736265619821,-55.170557731873,24.8002531448002));
#10192=CARTESIAN_POINT('Ctrl Pts',(-23.7430622091941,-55.0909028847762,
24.8000856576545));
#10193=CARTESIAN_POINT('Ctrl Pts',(-23.7467869420794,-55.0142886309282,
24.8000258110185));
#10194=CARTESIAN_POINT('Ctrl Pts',(-23.95,-55.0142886309282,25.));
#10195=CARTESIAN_POINT('Ctrl Pts',(-23.95,-55.0095257539521,25.));
#10196=CARTESIAN_POINT('Ctrl Pts',(-23.95,-55.0047628769761,25.));
#10197=CARTESIAN_POINT('Ctrl Pts',(-23.95,-55.,25.));
#10198=CARTESIAN_POINT('Ctrl Pts',(-23.8822623140265,-55.0142886309282,
24.9333419370062));
#10199=CARTESIAN_POINT('Ctrl Pts',(-23.8823394991612,-55.0095257539521,
24.9333406968446));
#10200=CARTESIAN_POINT('Ctrl Pts',(-23.8824129651685,-55.0047628769761,
24.9333396502247));
#10201=CARTESIAN_POINT('Ctrl Pts',(-23.8824827110483,-55.,24.9333387602413));
#10202=CARTESIAN_POINT('Ctrl Pts',(-23.8145246280529,-55.0142886309282,
24.8666838740124));
#10203=CARTESIAN_POINT('Ctrl Pts',(-23.8146789983223,-55.0095257539521,
24.8666813936892));
#10204=CARTESIAN_POINT('Ctrl Pts',(-23.8148259303369,-55.0047628769761,
24.8666793004494));
#10205=CARTESIAN_POINT('Ctrl Pts',(-23.8149654220965,-55.,24.8666775204825));
#10206=CARTESIAN_POINT('Ctrl Pts',(-23.7467869420794,-55.0142886309282,
24.8000258110185));
#10207=CARTESIAN_POINT('Ctrl Pts',(-23.7470184974834,-55.0095257539521,
24.8000220905338));
#10208=CARTESIAN_POINT('Ctrl Pts',(-23.7472388955053,-55.0047628769761,
24.8000189506741));
#10209=CARTESIAN_POINT('Ctrl Pts',(-23.7474481331448,-55.,24.8000162807238));
#10210=CARTESIAN_POINT('',(-23.7474481331448,-55.,24.8000162807238));
#10211=CARTESIAN_POINT('',(-23.95,-55.,25.));
#10212=CARTESIAN_POINT('',(-23.7474481331448,-55.,24.8000162807238));
#10213=CARTESIAN_POINT('Ctrl Pts',(-23.95,-55.,25.));
#10214=CARTESIAN_POINT('Ctrl Pts',(-23.95,-55.0047628769761,25.));
#10215=CARTESIAN_POINT('Ctrl Pts',(-23.95,-55.0095257539521,25.));
#10216=CARTESIAN_POINT('Ctrl Pts',(-23.95,-55.0142886309282,25.));
#10217=CARTESIAN_POINT('Ctrl Pts',(-23.7467869420794,-55.0142886309282,
24.8000258110185));
#10218=CARTESIAN_POINT('Ctrl Pts',(-23.7470184974834,-55.0095257539521,
24.8000220905338));
#10219=CARTESIAN_POINT('Ctrl Pts',(-23.7472388955053,-55.0047628769761,
24.8000189506741));
#10220=CARTESIAN_POINT('Ctrl Pts',(-23.7474481331448,-55.,24.8000162807238));
#10221=CARTESIAN_POINT('Origin',(-43.75,-55.,24.9));
#10222=CARTESIAN_POINT('',(-23.9503339097529,-54.8850099364449,25.));
#10223=CARTESIAN_POINT('',(-23.7503372825787,-54.8838484206514,24.8000000408367));
#10224=CARTESIAN_POINT('',(-23.9503339097529,-54.8850099364449,25.));
#10225=CARTESIAN_POINT('',(-23.8462927406231,-53.039786406275,24.8));
#10226=CARTESIAN_POINT('Origin',(-43.75,-55.,24.8));
#10227=CARTESIAN_POINT('',(-24.0453298132168,-53.0593885422123,25.));
#10228=CARTESIAN_POINT('',(-23.8462927406231,-53.039786406275,24.8));
#10229=CARTESIAN_POINT('Origin',(-43.75,-55.,25.));
#10230=CARTESIAN_POINT('Origin',(-24.6800308528878,-45.5944348567183,24.9));
#10231=CARTESIAN_POINT('',(-26.6869665710001,-24.1960213593475,24.8));
#10232=CARTESIAN_POINT('',(-26.8860036435938,-24.2156234952848,25.));
#10233=CARTESIAN_POINT('',(-26.6869665710001,-24.1960213593475,24.8));
#10234=CARTESIAN_POINT('',(-24.7795493891847,-45.6042359246869,25.));
#10235=CARTESIAN_POINT('',(-24.5805123165909,-45.5846337887496,24.8));
#10236=CARTESIAN_POINT('Origin',(-24.6965958450624,-23.999999999975,24.9));
#10237=CARTESIAN_POINT('',(-24.6965958450624,-21.999999999975,24.8));
#10238=CARTESIAN_POINT('Origin',(-24.6965958450624,-23.999999999975,24.8));
#10239=CARTESIAN_POINT('',(-24.6965958450624,-21.799999999975,25.));
#10240=CARTESIAN_POINT('',(-24.6965958450624,-21.999999999975,24.8));
#10241=CARTESIAN_POINT('Origin',(-24.6965958450624,-23.999999999975,25.));
#10242=CARTESIAN_POINT('Origin',(-25.4516207009236,-21.899999999975,24.9));
#10243=CARTESIAN_POINT('',(-18.9621793911474,-21.999999999975,24.8));
#10244=CARTESIAN_POINT('',(-18.9912284826842,-21.799999999975,25.));
#10245=CARTESIAN_POINT('Origin',(-17.,-21.612892731952,25.187107268023));
#10246=CARTESIAN_POINT('',(-25.4516207009236,-21.799999999975,25.));
#10247=CARTESIAN_POINT('',(-25.4516207009236,-21.999999999975,24.8));
#10248=CARTESIAN_POINT('Ctrl Pts',(-23.95,-55.,25.));
#10249=CARTESIAN_POINT('Ctrl Pts',(-23.95,-54.961669763346,25.));
#10250=CARTESIAN_POINT('Ctrl Pts',(-23.9501113038767,-54.9233395266928,
25.));
#10251=CARTESIAN_POINT('Ctrl Pts',(-23.9503339097529,-54.8850099364449,
25.));
#10252=CARTESIAN_POINT('Ctrl Pts',(-23.8824827110483,-55.,24.9333387602413));
#10253=CARTESIAN_POINT('Ctrl Pts',(-23.8830497474094,-54.9615390586155,
24.9333315246458));
#10254=CARTESIAN_POINT('Ctrl Pts',(-23.8834450117145,-54.9230814106195,
24.9333333333333));
#10255=CARTESIAN_POINT('Ctrl Pts',(-23.8836683673615,-54.8846227645137,
24.9333333333333));
#10256=CARTESIAN_POINT('Ctrl Pts',(-23.8149654220965,-55.,24.8666775204825));
#10257=CARTESIAN_POINT('Ctrl Pts',(-23.8160994948187,-54.961408353885,24.8666630492916));
#10258=CARTESIAN_POINT('Ctrl Pts',(-23.8167787195523,-54.9228232945463,
24.8666666666667));
#10259=CARTESIAN_POINT('Ctrl Pts',(-23.8170028249701,-54.8842355925825,
24.8666666666667));
#10260=CARTESIAN_POINT('Ctrl Pts',(-23.7474481331448,-55.,24.8000162807238));
#10261=CARTESIAN_POINT('Ctrl Pts',(-23.749149242228,-54.9612776491545,24.7999945739373));
#10262=CARTESIAN_POINT('Ctrl Pts',(-23.7501124273901,-54.9225651784731,
24.8));
#10263=CARTESIAN_POINT('Ctrl Pts',(-23.7503372825787,-54.8838484206514,
24.8));
#10264=CARTESIAN_POINT('Ctrl Pts',(-23.9503339097529,-54.8850099364449,
25.));
#10265=CARTESIAN_POINT('Ctrl Pts',(-23.9501113038767,-54.9233395266928,
25.));
#10266=CARTESIAN_POINT('Ctrl Pts',(-23.95,-54.961669763346,25.));
#10267=CARTESIAN_POINT('Ctrl Pts',(-23.95,-55.,25.));
#10268=CARTESIAN_POINT('Ctrl Pts',(-23.7474481331448,-55.,24.8000162807238));
#10269=CARTESIAN_POINT('Ctrl Pts',(-23.749149242228,-54.9612776491545,24.7999945739373));
#10270=CARTESIAN_POINT('Ctrl Pts',(-23.7501124273901,-54.9225651784731,
24.8));
#10271=CARTESIAN_POINT('Ctrl Pts',(-23.7503372825787,-54.8838484206514,
24.8));
#10272=CARTESIAN_POINT('Origin',(-9.75000000000002,-127.879060832963,15.6900207269687));
#10273=CARTESIAN_POINT('',(-9.75000000000002,-130.941881449992,13.9961701231956));
#10274=CARTESIAN_POINT('',(-9.75000000000002,-130.941881449992,13.9961701231956));
#10275=CARTESIAN_POINT('',(-9.75000000000002,-128.847068812577,19.0534952030727));
#10276=CARTESIAN_POINT('Origin',(-9.75000000000002,-127.879060832963,15.6900207269687));
#10277=CARTESIAN_POINT('',(-9.75000000000002,-128.847068812577,19.0534952030727));
#10278=CARTESIAN_POINT('Origin',(-9.75000000000002,-137.942614288915,10.1245116002857));
#10279=CARTESIAN_POINT('',(-9.75000000000002,-130.115248690725,8.47153011452481));
#10280=CARTESIAN_POINT('',(-9.75000000000002,-130.115248690725,8.47153011452481));
#10281=CARTESIAN_POINT('Origin',(-9.75000000000002,-137.942614288915,10.1245116002857));
#10282=CARTESIAN_POINT('Origin',(-9.75000000000002,-90.,0.));
#10283=CARTESIAN_POINT('Origin',(-9.75000000000002,-90.,0.));
#10284=CARTESIAN_POINT('Origin',(-12.75,-116.784540779966,20.6895304164814));
#10285=CARTESIAN_POINT('Origin',(-12.75,-90.,0.));
#10286=CARTESIAN_POINT('',(-12.75,-107.290020726969,37.8790608329628));
#10287=CARTESIAN_POINT('Origin',(-12.75,-105.690020726969,37.8790608329628));
#10288=CARTESIAN_POINT('',(-12.75,-129.479060832963,15.6900207269687));
#10289=CARTESIAN_POINT('Origin',(-12.75,-127.879060832963,15.6900207269687));
#10290=CARTESIAN_POINT('Origin',(-14.75,-90.,0.));
#10291=CARTESIAN_POINT('Origin',(-14.75,-90.,0.));
#10292=CARTESIAN_POINT('Origin',(-17.75,-90.,0.));
#10293=CARTESIAN_POINT('',(-14.75,-66.5977349556828,26.025641025641));
#10294=CARTESIAN_POINT('Origin',(-14.75,-90.,0.));
#10295=CARTESIAN_POINT('',(-24.75,-66.5977349556828,26.025641025641));
#10296=CARTESIAN_POINT('',(-17.75,-66.5977349556828,26.025641025641));
#10297=CARTESIAN_POINT('Origin',(-24.75,-90.,0.));
#10298=CARTESIAN_POINT('Origin',(-14.75,-90.,0.));
#10299=CARTESIAN_POINT('',(-12.75,-65.2604626674361,27.5128205128205));
#10300=CARTESIAN_POINT('Origin',(-12.75,-90.,0.));
#10301=CARTESIAN_POINT('Origin',(-14.75,-65.2604626674361,27.5128205128205));
#10302=CARTESIAN_POINT('Origin',(-12.75,-67.6569128272437,33.1895304164814));
#10303=CARTESIAN_POINT('',(-12.75,-63.9231903791894,27.));
#10304=CARTESIAN_POINT('',(-12.75,-52.8284564136156,27.));
#10305=CARTESIAN_POINT('Origin',(-12.75,-63.9231903791894,29.));
#10306=CARTESIAN_POINT('',(-12.75,-75.9099792730313,37.8790608329628));
#10307=CARTESIAN_POINT('Origin',(-12.75,-74.3099792730313,37.8790608329628));
#10308=CARTESIAN_POINT('Origin',(-14.75,-52.8284564136156,27.));
#10309=CARTESIAN_POINT('',(-14.75,-63.9231903791894,25.));
#10310=CARTESIAN_POINT('',(-14.75,-52.8284564136156,25.));
#10311=CARTESIAN_POINT('Origin',(-14.75,-63.9231903791894,27.));
#10312=CARTESIAN_POINT('Origin',(-24.,-37.9999999999875,25.));
#10313=CARTESIAN_POINT('',(-19.,-21.612892731952,25.));
#10314=CARTESIAN_POINT('Origin',(-17.,-21.612892731952,25.));
#10315=CARTESIAN_POINT('',(-19.,-19.03,25.));
#10316=CARTESIAN_POINT('',(-19.,-19.,25.));
#10317=CARTESIAN_POINT('',(-24.,-19.03,25.));
#10318=CARTESIAN_POINT('',(-21.5,-19.03,25.));
#10319=CARTESIAN_POINT('',(-25.,-18.03,25.));
#10320=CARTESIAN_POINT('',(-19.5075000000031,-23.5224999999969,25.));
#10321=CARTESIAN_POINT('',(-25.,-11.97,25.));
#10322=CARTESIAN_POINT('',(-25.,-21.999999999975,25.));
#10323=CARTESIAN_POINT('',(-24.,-10.97,25.));
#10324=CARTESIAN_POINT('',(-31.0074999999969,-17.9774999999969,25.));
#10325=CARTESIAN_POINT('',(-19.,-10.97,25.));
#10326=CARTESIAN_POINT('',(-24.5,-10.97,25.));
#10327=CARTESIAN_POINT('',(-19.,-9.,25.));
#10328=CARTESIAN_POINT('',(-19.,-8.,25.));
#10329=CARTESIAN_POINT('',(-28.,-9.,25.));
#10330=CARTESIAN_POINT('',(-21.5,-9.,25.));
#10331=CARTESIAN_POINT('',(-28.,-21.0175280802692,25.));
#10332=CARTESIAN_POINT('',(-28.,-22.9999999999813,25.));
#10333=CARTESIAN_POINT('',(-27.9085218964081,-22.8797309943079,25.));
#10334=CARTESIAN_POINT('Origin',(-9.,-21.0175280802692,25.));
#10335=CARTESIAN_POINT('',(-24.8511073776542,-53.9242476462946,25.));
#10336=CARTESIAN_POINT('',(-27.2004890529921,-30.0689875582304,25.));
#10337=CARTESIAN_POINT('',(-24.75,-55.9824719197058,25.));
#10338=CARTESIAN_POINT('Origin',(-45.75,-55.9824719197058,25.));
#10339=CARTESIAN_POINT('',(-24.75,-63.9231903791894,25.));
#10340=CARTESIAN_POINT('',(-24.75,-46.4999999999937,25.));
#10341=CARTESIAN_POINT('',(-17.75,-63.9231903791894,25.));
#10342=CARTESIAN_POINT('Origin',(-9.75000000000002,-63.258563137261,41.0596584802668));
#10343=CARTESIAN_POINT('',(-9.75000000000002,-70.9465047969273,38.847068812577));
#10344=CARTESIAN_POINT('',(-9.75000000000002,-70.9465047969273,38.847068812577));
#10345=CARTESIAN_POINT('',(-9.75000000000002,-67.6245120128102,34.3560407692028));
#10346=CARTESIAN_POINT('Origin',(-9.75000000000002,-63.258563137261,41.0596584802668));
#10347=CARTESIAN_POINT('',(-9.75000000000002,-67.6245120128102,34.3560407692028));
#10348=CARTESIAN_POINT('Origin',(-9.75000000000002,-90.,0.));
#10349=CARTESIAN_POINT('',(-9.75000000000002,-55.909343809393,22.7777777777778));
#10350=CARTESIAN_POINT('Origin',(-9.75000000000002,-90.,0.));
#10351=CARTESIAN_POINT('',(-21.7629114162925,-55.909343809393,22.7777777777778));
#10352=CARTESIAN_POINT('',(-9.75000000000002,-55.909343809393,22.7777777777778));
#10353=CARTESIAN_POINT('',(-21.75,-56.6279069767442,23.8181319008683));
#10354=CARTESIAN_POINT('Ctrl Pts',(-21.75,-56.6279069767442,23.8181319008683));
#10355=CARTESIAN_POINT('Ctrl Pts',(-21.75,-56.3830417483984,23.4750460025902));
#10356=CARTESIAN_POINT('Ctrl Pts',(-21.754495187078,-56.1434706104507,23.1281866876256));
#10357=CARTESIAN_POINT('Ctrl Pts',(-21.7629114162925,-55.909343809393,22.7777777777778));
#10358=CARTESIAN_POINT('Origin',(-21.75,-90.,0.));
#10359=CARTESIAN_POINT('Origin',(-9.75000000000002,-131.059658480267,26.741436862739));
#10360=CARTESIAN_POINT('',(-9.75000000000002,-124.356040769203,22.3754879871898));
#10361=CARTESIAN_POINT('Origin',(-9.75000000000002,-131.059658480267,26.741436862739));
#10362=CARTESIAN_POINT('',(-9.75000000000002,-124.356040769203,22.3754879871898));
#10363=CARTESIAN_POINT('Origin',(-9.75000000000002,-90.,0.));
#10364=CARTESIAN_POINT('',(-9.75000000000002,-112.37548798719,34.3560407692028));
#10365=CARTESIAN_POINT('Origin',(-9.75000000000002,-90.,0.));
#10366=CARTESIAN_POINT('',(-9.75000000000002,-112.37548798719,34.3560407692028));
#10367=CARTESIAN_POINT('Origin',(-9.75000000000002,-116.741436862739,41.0596584802668));
#10368=CARTESIAN_POINT('',(-9.75000000000002,-109.053495203073,38.847068812577));
#10369=CARTESIAN_POINT('Origin',(-9.75000000000002,-116.741436862739,41.0596584802668));
#10370=CARTESIAN_POINT('',(-9.75000000000002,-109.053495203073,38.847068812577));
#10371=CARTESIAN_POINT('Origin',(-21.,-9.50000000000001,16.9705627484771));
#10372=CARTESIAN_POINT('',(-19.4444444444444,-8.,15.7134840263677));
#10373=CARTESIAN_POINT('',(-19.,-8.,16.9705627484771));
#10374=CARTESIAN_POINT('Origin',(-21.,-8.,16.9705627484771));
#10375=CARTESIAN_POINT('',(-19.,-10.97,16.9705627484771));
#10376=CARTESIAN_POINT('',(-19.,-9.50000000000001,16.9705627484771));
#10377=CARTESIAN_POINT('',(-19.4444444444444,-10.97,15.7134840263677));
#10378=CARTESIAN_POINT('Origin',(-21.,-10.97,16.9705627484771));
#10379=CARTESIAN_POINT('',(-19.4444444444444,-9.50000000000001,15.7134840263677));
#10380=CARTESIAN_POINT('Origin',(0.,-9.50000000000001,0.));
#10381=CARTESIAN_POINT('',(-24.,-10.9700000000001,6.99999999999999));
#10382=CARTESIAN_POINT('Origin',(0.,-10.97,0.));
#10383=CARTESIAN_POINT('Origin',(0.,13.0300000000001,0.));
#10384=CARTESIAN_POINT('Origin',(0.,-8.,0.));
#10385=CARTESIAN_POINT('Origin',(-25.,-10.97,0.));
#10386=CARTESIAN_POINT('',(-19.,-10.97,0.));
#10387=CARTESIAN_POINT('',(-24.,-10.97,0.));
#10388=CARTESIAN_POINT('Origin',(-24.5,-18.53,0.));
#10389=CARTESIAN_POINT('',(-25.,-18.03,0.));
#10390=CARTESIAN_POINT('',(-24.,-19.03,0.));
#10391=CARTESIAN_POINT('Origin',(-25.,-19.,0.));
#10392=CARTESIAN_POINT('',(-25.,-11.97,0.));
#10393=CARTESIAN_POINT('',(-25.,-13.3999986635519,6.));
#10394=CARTESIAN_POINT('Origin',(-25.,-14.9999986635519,6.));
#10395=CARTESIAN_POINT('',(-25.,-13.3999978812409,18.));
#10396=CARTESIAN_POINT('Origin',(-25.,-14.9999978812409,18.));
#10397=CARTESIAN_POINT('Origin',(-24.5,-11.47,0.));
#10398=CARTESIAN_POINT('Origin',(-19.,-19.03,0.));
#10399=CARTESIAN_POINT('',(-19.,-19.03,0.));
#10400=CARTESIAN_POINT('Origin',(-29.,-8.99999999997501,24.));
#10401=CARTESIAN_POINT('',(-28.,-8.,24.));
#10402=CARTESIAN_POINT('',(-28.,-8.,24.));
#10403=CARTESIAN_POINT('',(-29.,-8.99999999997501,24.));
#10404=CARTESIAN_POINT('',(-29.,-8.99999999997501,24.));
#10405=CARTESIAN_POINT('',(-28.,-9.,25.));
#10406=CARTESIAN_POINT('Origin',(-28.5,-8.4999999999875,0.));
#10407=CARTESIAN_POINT('',(-29.,-8.99999999997501,0.));
#10408=CARTESIAN_POINT('',(-28.,-8.,0.));
#10409=CARTESIAN_POINT('Origin',(-28.5,-22.9999999999813,24.5));
#10410=CARTESIAN_POINT('',(-29.,-21.0175280802692,24.));
#10411=CARTESIAN_POINT('',(-29.,-21.0175280802692,24.));
#10412=CARTESIAN_POINT('',(-29.,-22.9999999999813,24.));
#10413=CARTESIAN_POINT('Origin',(-9.,-21.0175280802692,24.5));
#10414=CARTESIAN_POINT('',(-28.903707259377,-22.9777416739942,24.));
#10415=CARTESIAN_POINT('Origin',(-9.,-21.0175280802692,24.));
#10416=CARTESIAN_POINT('',(-28.903707259377,-22.9777416739942,24.));
#10417=CARTESIAN_POINT('Origin',(-27.6980817344765,-30.1179928980735,24.5));
#10418=CARTESIAN_POINT('',(-25.8462927406231,-54.0222583259808,24.));
#10419=CARTESIAN_POINT('',(-25.8462927406231,-54.0222583259808,24.));
#10420=CARTESIAN_POINT('',(-28.1956744159609,-30.1669982379167,24.));
#10421=CARTESIAN_POINT('Origin',(-45.75,-55.9824719197058,24.5));
#10422=CARTESIAN_POINT('',(-25.75,-55.9824719197058,24.));
#10423=CARTESIAN_POINT('Origin',(-45.75,-55.9824719197058,24.));
#10424=CARTESIAN_POINT('',(-25.75,-55.9824719197058,24.));
#10425=CARTESIAN_POINT('Origin',(-25.25,-46.4999999999937,24.5));
#10426=CARTESIAN_POINT('',(-25.75,-63.9231903791894,24.));
#10427=CARTESIAN_POINT('',(-25.75,-63.9231903791894,24.));
#10428=CARTESIAN_POINT('',(-25.75,-46.4999999999937,24.));
#10429=CARTESIAN_POINT('Origin',(-25.25,-63.9231903791894,29.));
#10430=CARTESIAN_POINT('',(-25.75,-67.2663710998061,25.2820512820513));
#10431=CARTESIAN_POINT('',(-25.75,-67.2663710998061,25.2820512820513));
#10432=CARTESIAN_POINT('Origin',(-24.75,-63.9231903791894,29.));
#10433=CARTESIAN_POINT('Origin',(-25.75,-63.9231903791894,29.));
#10434=CARTESIAN_POINT('Origin',(-25.25,-90.,0.));
#10435=CARTESIAN_POINT('Origin',(-25.75,-90.,0.));
#10436=CARTESIAN_POINT('Origin',(-21.5,-8.5,24.5));
#10437=CARTESIAN_POINT('',(-19.,-8.,24.));
#10438=CARTESIAN_POINT('',(-19.,-3.,19.));
#10439=CARTESIAN_POINT('',(-21.5,-8.,24.));
#10440=CARTESIAN_POINT('Origin',(-25.75,-55.,0.));
#10441=CARTESIAN_POINT('',(-25.75,-55.9824719197058,0.));
#10442=CARTESIAN_POINT('',(-25.75,-90.,26.9396078054371));
#10443=CARTESIAN_POINT('Origin',(-25.75,-90.,0.));
#10444=CARTESIAN_POINT('Origin',(-45.75,-55.9824719197058,0.));
#10445=CARTESIAN_POINT('',(-25.8462927406231,-54.0222583259808,18.6285553032216));
#10446=CARTESIAN_POINT('',(-25.8462927406231,-54.0222583259808,0.));
#10447=CARTESIAN_POINT('',(-25.7532679152631,-55.6209391670372,15.6900207269687));
#10448=CARTESIAN_POINT('Ctrl Pts',(-25.8462927406231,-54.0222583259808,
18.6285553032216));
#10449=CARTESIAN_POINT('Ctrl Pts',(-25.8255001547303,-54.2333830442764,
18.4919513391009));
#10450=CARTESIAN_POINT('Ctrl Pts',(-25.8098560628912,-54.4269665283194,
18.3338577595085));
#10451=CARTESIAN_POINT('Ctrl Pts',(-25.7765207259264,-54.9069074153437,
17.8535853539573));
#10452=CARTESIAN_POINT('Ctrl Pts',(-25.7654643583289,-55.1761026483954,
17.4602281575927));
#10453=CARTESIAN_POINT('Ctrl Pts',(-25.7542510536986,-55.5331165935352,
16.5981526291348));
#10454=CARTESIAN_POINT('Ctrl Pts',(-25.7532679152631,-55.6209391670372,
16.1294468408632));
#10455=CARTESIAN_POINT('Ctrl Pts',(-25.7532679152631,-55.6209391670372,
15.6900207269687));
#10456=CARTESIAN_POINT('',(-25.8462927406231,-54.0222583259808,12.7514861507158));
#10457=CARTESIAN_POINT('Ctrl Pts',(-25.7532679152631,-55.6209391670372,
15.6900207269687));
#10458=CARTESIAN_POINT('Ctrl Pts',(-25.7532679152631,-55.6209391670372,
15.2505946130742));
#10459=CARTESIAN_POINT('Ctrl Pts',(-25.7542510536986,-55.5331165935352,
14.7818888248026));
#10460=CARTESIAN_POINT('Ctrl Pts',(-25.7654643583289,-55.1761026483954,
13.9198132963446));
#10461=CARTESIAN_POINT('Ctrl Pts',(-25.7765207259264,-54.9069074153437,
13.5264560999801));
#10462=CARTESIAN_POINT('Ctrl Pts',(-25.8098560628773,-54.42696652852,13.0461836946297));
#10463=CARTESIAN_POINT('Ctrl Pts',(-25.8255001547354,-54.2333830442249,
12.8880901148031));
#10464=CARTESIAN_POINT('Ctrl Pts',(-25.8462927406231,-54.0222583259808,
12.7514861507158));
#10465=CARTESIAN_POINT('',(-25.8462927406231,-54.0222583259808,0.));
#10466=CARTESIAN_POINT('',(-25.8462927406231,-54.0222583259808,0.));
#10467=CARTESIAN_POINT('Origin',(-29.,-21.999999999975,0.));
#10468=CARTESIAN_POINT('',(-28.903707259377,-22.9777416739942,0.));
#10469=CARTESIAN_POINT('Origin',(-26.0335438699128,-52.1209391670372,15.6900207269687));
#10470=CARTESIAN_POINT('',(-28.5715909090888,-26.35,11.5));
#10471=CARTESIAN_POINT('Origin',(-28.4090909090889,-28.,11.5));
#10472=CARTESIAN_POINT('',(-27.3897727272715,-38.35,11.5));
#10473=CARTESIAN_POINT('Origin',(-27.2272727272716,-40.,11.5));
#10474=CARTESIAN_POINT('Origin',(-9.,-21.0175280802692,0.));
#10475=CARTESIAN_POINT('',(-29.,-21.0175280802692,0.));
#10476=CARTESIAN_POINT('Origin',(-29.,-7.99999999997501,0.));
#10477=CARTESIAN_POINT('',(-29.,-13.3999986635519,6.));
#10478=CARTESIAN_POINT('Origin',(-29.,-14.9999986635519,6.));
#10479=CARTESIAN_POINT('',(-29.,-13.3999978812409,18.));
#10480=CARTESIAN_POINT('Origin',(-29.,-14.9999978812409,18.));
#10481=CARTESIAN_POINT('Origin',(-19.,-8.,0.));
#10482=CARTESIAN_POINT('',(-19.,-8.,0.));
#10483=CARTESIAN_POINT('Origin',(-19.,-11.,0.));
#10484=CARTESIAN_POINT('Ctrl Pts',(-24.2940398526772,-48.493431114645,10.4335368415782));
#10485=CARTESIAN_POINT('Ctrl Pts',(-24.2440277853314,-49.0012459523104,
10.0641558998919));
#10486=CARTESIAN_POINT('Ctrl Pts',(-24.2129346833368,-49.3169605264097,
9.44410478540149));
#10487=CARTESIAN_POINT('Ctrl Pts',(-24.2129346833368,-49.3169605264097,
8.81615718453492));
#10488=CARTESIAN_POINT('Ctrl Pts',(-24.2609120279677,-48.8298059501575,
10.9004611032998));
#10489=CARTESIAN_POINT('Ctrl Pts',(-24.1966974729494,-49.4781758165644,
10.4168678966392));
#10490=CARTESIAN_POINT('Ctrl Pts',(-24.1579505782183,-49.8752606706907,
9.62170718226319));
#10491=CARTESIAN_POINT('Ctrl Pts',(-24.1579505782183,-49.8752606706907,
8.81615718453492));
#10492=CARTESIAN_POINT('Ctrl Pts',(-23.7419292715125,-49.3676396317301,
11.7101274680575));
#10493=CARTESIAN_POINT('Ctrl Pts',(-23.6703272114638,-50.2603528809892,
11.030714075625));
#10494=CARTESIAN_POINT('Ctrl Pts',(-23.6266497449989,-50.8013638796065,
9.92804973167403));
#10495=CARTESIAN_POINT('Ctrl Pts',(-23.6266497449989,-50.8013638796065,
8.81615718453492));
#10496=CARTESIAN_POINT('Ctrl Pts',(-22.7346219233109,-49.5016367402042,
12.0307266908626));
#10497=CARTESIAN_POINT('Ctrl Pts',(-22.6781972857438,-50.5044611623286,
11.2878495718397));
#10498=CARTESIAN_POINT('Ctrl Pts',(-22.6433148283339,-51.1209391670372,
10.0594137049836));
#10499=CARTESIAN_POINT('Ctrl Pts',(-22.6433148283339,-51.1209391670372,
8.81615718453492));
#10500=CARTESIAN_POINT('Ctrl Pts',(-22.3036691267395,-49.4738803435078,
12.0509164986214));
#10501=CARTESIAN_POINT('Ctrl Pts',(-22.2536570593937,-50.4895100188385,
11.312154615249));
#10502=CARTESIAN_POINT('Ctrl Pts',(-22.2225639573991,-51.1209391670372,
10.0720523862681));
#10503=CARTESIAN_POINT('Ctrl Pts',(-22.2225639573991,-51.1209391670372,
8.81615718453492));
#10504=CARTESIAN_POINT('',(-24.2940398526772,-48.493431114645,10.4335368415782));
#10505=CARTESIAN_POINT('',(-22.3036691267395,-49.4738803435078,12.0509164986214));
#10506=CARTESIAN_POINT('Origin',(-22.3036691267395,-48.2974097552725,10.4335368415782));
#10507=CARTESIAN_POINT('',(-22.2225639573991,-51.1209391670372,8.81615718453492));
#10508=CARTESIAN_POINT('Origin',(-22.4195336543686,-47.1209391670372,8.81615718453492));
#10509=CARTESIAN_POINT('',(-24.2129346833368,-49.3169605264097,8.81615718453492));
#10510=CARTESIAN_POINT('Origin',(-22.2225639573991,-49.1209391670372,8.81615718453492));
#10511=CARTESIAN_POINT('Origin',(-24.4099043803063,-47.3169605264097,8.81615718453492));
#10512=CARTESIAN_POINT('Origin',(-22.2225639573991,-49.1209391670372,5.65126926663631));
#10513=CARTESIAN_POINT('',(-22.2225639573991,-51.1209391670372,3.));
#10514=CARTESIAN_POINT('',(-24.2129346833368,-49.3169605264097,3.));
#10515=CARTESIAN_POINT('Origin',(-22.2225639573991,-49.1209391670372,3.));
#10516=CARTESIAN_POINT('',(-24.2129346833368,-49.3169605264097,5.65126926663631));
#10517=CARTESIAN_POINT('',(-22.2225639573991,-51.1209391670372,5.65126926663631));
#10518=CARTESIAN_POINT('Ctrl Pts',(-24.5569033057341,-45.8243560528344,
16.));
#10519=CARTESIAN_POINT('Ctrl Pts',(-24.5626579040922,-45.7659247464291,
14.7761395861935));
#10520=CARTESIAN_POINT('Ctrl Pts',(-24.5113709120761,-46.286684973054,12.6083660620918));
#10521=CARTESIAN_POINT('Ctrl Pts',(-24.3672276982072,-47.7502929908007,
10.9740902867089));
#10522=CARTESIAN_POINT('Ctrl Pts',(-24.2940398526772,-48.493431114645,10.4335368415782));
#10523=CARTESIAN_POINT('Ctrl Pts',(-24.5019781868429,-46.3820572600374,
15.973115167589));
#10524=CARTESIAN_POINT('Ctrl Pts',(-24.5072538159865,-46.328368952367,14.8557818527508));
#10525=CARTESIAN_POINT('Ctrl Pts',(-24.4598365143305,-46.8076363341457,
12.8752379150562));
#10526=CARTESIAN_POINT('Ctrl Pts',(-24.3277048047807,-48.149956673173,11.3895872703588));
#10527=CARTESIAN_POINT('Ctrl Pts',(-24.2609120279676,-48.8298059501575,
10.9004611032998));
#10528=CARTESIAN_POINT('Ctrl Pts',(-23.9707040393174,-47.3071059901498,
15.9264521049703));
#10529=CARTESIAN_POINT('Ctrl Pts',(-23.9757377495234,-47.2616901448894,
14.9928626642472));
#10530=CARTESIAN_POINT('Ctrl Pts',(-23.9308909779369,-47.6675044795377,
13.3390716796941));
#10531=CARTESIAN_POINT('Ctrl Pts',(-23.8053888178633,-48.7978088136157,
12.1110755110801));
#10532=CARTESIAN_POINT('Ctrl Pts',(-23.7419224725464,-49.3676356241186,
11.7101228790438));
#10533=CARTESIAN_POINT('Ctrl Pts',(-22.987310824962,-47.6261533925159,15.9065957641425));
#10534=CARTESIAN_POINT('Ctrl Pts',(-22.9928512821538,-47.5849646838545,
15.0517538502849));
#10535=CARTESIAN_POINT('Ctrl Pts',(-22.9435065969469,-47.9528409623125,
13.536594328291));
#10536=CARTESIAN_POINT('Ctrl Pts',(-22.8049223291076,-48.9813905759393,
12.4031029986699));
#10537=CARTESIAN_POINT('Ctrl Pts',(-22.7346219233109,-49.5016367402042,
12.0307266908626));
#10538=CARTESIAN_POINT('Ctrl Pts',(-22.5665325797964,-47.6260591468697,
15.9046217621442));
#10539=CARTESIAN_POINT('Ctrl Pts',(-22.5722871781545,-47.5856067039737,
15.0573337833551));
#10540=CARTESIAN_POINT('Ctrl Pts',(-22.5210001861384,-47.946133014714,13.5565674974385));
#10541=CARTESIAN_POINT('Ctrl Pts',(-22.3768569722695,-48.9594001039233,
12.4251458067889));
#10542=CARTESIAN_POINT('Ctrl Pts',(-22.3036691267395,-49.4738803435078,
12.0509164986214));
#10543=CARTESIAN_POINT('',(-24.5569033057341,-45.8243560528344,16.));
#10544=CARTESIAN_POINT('',(-22.5665325797964,-47.6260591468697,15.9046217621442));
#10545=CARTESIAN_POINT('Origin',(-22.5665325797964,-45.6283346934619,16.));
#10546=CARTESIAN_POINT('Origin',(-21.9271094119448,-52.1209391670372,15.6900207269687));
#10547=CARTESIAN_POINT('Origin',(-23.9174801378825,-52.3169605264097,15.6900207269687));
#10548=CARTESIAN_POINT('Origin',(-22.5872767835838,-45.4177012396201,3.));
#10549=CARTESIAN_POINT('',(-22.2225639573991,-49.1209391670372,1.));
#10550=CARTESIAN_POINT('Origin',(-22.2225639573991,-49.1209391670372,3.));
#10551=CARTESIAN_POINT('',(-24.6965958450624,-23.999999999975,1.));
#10552=CARTESIAN_POINT('',(-22.5872767835838,-45.4177012396201,1.));
#10553=CARTESIAN_POINT('',(-26.686966571,-24.1960213593475,3.));
#10554=CARTESIAN_POINT('Origin',(-24.6965958450624,-23.999999999975,3.));
#10555=CARTESIAN_POINT('',(-24.5776475095215,-45.6137225989926,3.));
#10556=CARTESIAN_POINT('Origin',(-22.2225639573991,-49.1209391670372,3.));
#10557=CARTESIAN_POINT('Origin',(-22.2225639573991,-49.1209391670372,3.));
#10558=CARTESIAN_POINT('Origin',(-24.6965958450624,-23.999999999975,0.));
#10559=CARTESIAN_POINT('',(-24.6965958450624,-21.999999999975,3.));
#10560=CARTESIAN_POINT('Origin',(-24.6965958450624,-23.999999999975,3.));
#10561=CARTESIAN_POINT('',(-24.6965958450624,-21.999999999975,16.));
#10562=CARTESIAN_POINT('',(-24.6965958450624,-21.999999999975,0.));
#10563=CARTESIAN_POINT('',(-26.6869665710001,-24.1960213593475,16.));
#10564=CARTESIAN_POINT('Origin',(-24.6965958450624,-23.999999999975,16.));
#10565=CARTESIAN_POINT('',(-26.6869665710001,-24.1960213593475,0.));
#10566=CARTESIAN_POINT('Origin',(-24.6965958450624,-23.999999999975,3.));
#10567=CARTESIAN_POINT('Origin',(-24.6965958450624,-23.999999999975,3.));
#10568=CARTESIAN_POINT('Origin',(-22.5872767835838,-45.4177012396201,16.));
#10569=CARTESIAN_POINT('',(-24.6965958450624,-23.999999999975,18.));
#10570=CARTESIAN_POINT('Origin',(-24.6965958450624,-23.999999999975,16.));
#10571=CARTESIAN_POINT('',(-22.5665325797964,-45.6283346934619,18.));
#10572=CARTESIAN_POINT('',(-22.5872767835838,-45.4177012396201,18.));
#10573=CARTESIAN_POINT('Origin',(-22.5665325797964,-45.6283346934619,16.));
#10574=CARTESIAN_POINT('',(-24.5776475095215,-45.6137225989926,16.));
#10575=CARTESIAN_POINT('Origin',(-24.6965958450624,-23.999999999975,16.));
#10576=CARTESIAN_POINT('Origin',(-24.6965958450624,-23.999999999975,16.));
#10577=CARTESIAN_POINT('Origin',(-22.5665325797964,-45.6283346934619,16.));
#10578=CARTESIAN_POINT('Origin',(-22.5665325797964,-45.6283346934619,16.));
#10579=CARTESIAN_POINT('Origin',(-9.75000000000002,-51.1209391670372,11.3025385332726));
#10580=CARTESIAN_POINT('',(-9.75000000000002,-51.1209391670372,8.81615718453492));
#10581=CARTESIAN_POINT('',(-9.75000000000002,-51.1209391670372,8.81615718453492));
#10582=CARTESIAN_POINT('',(-9.75000000000002,-51.1209391670372,3.));
#10583=CARTESIAN_POINT('',(-9.75000000000002,-51.1209391670372,4.44089209850063E-15));
#10584=CARTESIAN_POINT('',(-14.0383103504618,-51.1209391670372,3.));
#10585=CARTESIAN_POINT('Origin',(-9.75000000000002,-47.1209391670372,8.81615718453492));
#10586=CARTESIAN_POINT('',(-9.75000000000002,-49.4738803435078,12.0509164986214));
#10587=CARTESIAN_POINT('',(-9.75000000000002,-49.4738803435078,12.0509164986214));
#10588=CARTESIAN_POINT('Origin',(-9.75000000000002,-47.1209391670372,8.81615718453492));
#10589=CARTESIAN_POINT('Origin',(-9.75000000000002,-52.1209391670372,15.6900207269687));
#10590=CARTESIAN_POINT('',(-9.75000000000002,-47.6260591468697,15.9046217621442));
#10591=CARTESIAN_POINT('',(-9.75000000000002,-47.6260591468697,15.9046217621442));
#10592=CARTESIAN_POINT('Origin',(-9.75000000000002,-52.1209391670372,15.6900207269687));
#10593=CARTESIAN_POINT('Origin',(-9.75000000000002,-45.6283346934619,16.));
#10594=CARTESIAN_POINT('',(-9.80308699340348,-45.6283346934619,18.));
#10595=CARTESIAN_POINT('',(-9.75000000000002,-45.6283346934619,18.));
#10596=CARTESIAN_POINT('',(-9.75000000000002,-46.548429072092,17.7757889329572));
#10597=CARTESIAN_POINT('Ctrl Pts',(-9.75000000000002,-46.548429072092,17.7757889329572));
#10598=CARTESIAN_POINT('Ctrl Pts',(-9.75000000000002,-46.4972136015891,
17.8023253448212));
#10599=CARTESIAN_POINT('Ctrl Pts',(-9.75049369037331,-46.4447340194954,
17.8266994291091));
#10600=CARTESIAN_POINT('Ctrl Pts',(-9.75637876447189,-46.1451183191147,
17.9503527729602));
#10601=CARTESIAN_POINT('Ctrl Pts',(-9.77419707840257,-45.8778587060116,
18.));
#10602=CARTESIAN_POINT('Ctrl Pts',(-9.80308699340348,-45.6283346934619,
18.));
#10603=CARTESIAN_POINT('Origin',(-9.75000000000002,-45.6283346934619,16.));
#10604=CARTESIAN_POINT('Origin',(-18.3266207009236,-37.4999999999875,18.));
#10605=CARTESIAN_POINT('',(-18.1956521739139,-23.999999999975,18.));
#10606=CARTESIAN_POINT('',(-22.6149310513854,-23.999999999975,18.));
#10607=CARTESIAN_POINT('',(-10.3277633925132,-43.5633991321278,18.));
#10608=CARTESIAN_POINT('',(-19.,-21.999999999975,18.));
#10609=CARTESIAN_POINT('Origin',(-17.75,-46.548429072092,18.));
#10610=CARTESIAN_POINT('Origin',(-23.8462927406231,-53.039786406275,0.));
#10611=CARTESIAN_POINT('',(-26.474832310936,-26.35,11.5));
#10612=CARTESIAN_POINT('Origin',(-26.3123323109361,-28.,11.5));
#10613=CARTESIAN_POINT('',(-25.2930141291187,-38.35,11.5));
#10614=CARTESIAN_POINT('Origin',(-25.1305141291188,-40.,11.5));
#10615=CARTESIAN_POINT('Origin',(-21.75,-52.1209391670372,15.6900207269687));
#10616=CARTESIAN_POINT('',(-23.75,-55.944468578802,10.4335368415782));
#10617=CARTESIAN_POINT('',(-21.75,-54.7679979905667,12.0509164986214));
#10618=CARTESIAN_POINT('Origin',(-21.75,-55.944468578802,10.4335368415782));
#10619=CARTESIAN_POINT('',(-21.75,-56.4943281051481,16.7499590251774));
#10620=CARTESIAN_POINT('Origin',(-21.75,-52.1209391670372,15.6900207269687));
#10621=CARTESIAN_POINT('',(-23.75,-58.4380565220863,17.2210427132701));
#10622=CARTESIAN_POINT('Origin',(-21.75,-58.4380565220863,17.2210427132701));
#10623=CARTESIAN_POINT('Origin',(-23.75,-52.1209391670372,15.6900207269687));
#10624=CARTESIAN_POINT('Ctrl Pts',(-23.75,-58.4380565220863,17.2210427132701));
#10625=CARTESIAN_POINT('Ctrl Pts',(-23.75,-58.2454505822012,18.0157499979598));
#10626=CARTESIAN_POINT('Ctrl Pts',(-23.75,-58.6647869644751,18.7177569173839));
#10627=CARTESIAN_POINT('Ctrl Pts',(-23.75,-56.4943281051481,16.7499590251774));
#10628=CARTESIAN_POINT('Ctrl Pts',(-23.75,-56.1091162253779,18.3393735945568));
#10629=CARTESIAN_POINT('Ctrl Pts',(-23.75,-56.9477889899258,19.7433874334049));
#10630=CARTESIAN_POINT('Ctrl Pts',(-21.75,-56.4943281051481,16.7499590251774));
#10631=CARTESIAN_POINT('Ctrl Pts',(-21.75,-56.1091162253779,18.3393735945568));
#10632=CARTESIAN_POINT('Ctrl Pts',(-21.75,-56.9477889899258,19.7433874334049));
#10633=CARTESIAN_POINT('',(-21.75,-56.9477889899258,19.7433874334049));
#10634=CARTESIAN_POINT('',(-23.75,-58.6647869644751,18.7177569173839));
#10635=CARTESIAN_POINT('Origin',(-21.75,-58.6647869644751,18.7177569173839));
#10636=CARTESIAN_POINT('Origin',(-23.75,-60.3817849390244,17.6921264013628));
#10637=CARTESIAN_POINT('Origin',(-21.75,-60.3817849390244,17.6921264013628));
#10638=CARTESIAN_POINT('Origin',(-21.75,-90.,0.));
#10639=CARTESIAN_POINT('',(-21.75,-57.8645508348229,21.2028985507246));
#10640=CARTESIAN_POINT('',(-23.75,-59.5339248174295,20.1014492753623));
#10641=CARTESIAN_POINT('Origin',(-21.75,-59.5339248174295,20.1014492753623));
#10642=CARTESIAN_POINT('Origin',(-23.75,-90.,0.));
#10643=CARTESIAN_POINT('Origin',(-21.75,-90.,0.));
#10644=CARTESIAN_POINT('Ctrl Pts',(-23.75,-59.5339248174295,20.1014492753623));
#10645=CARTESIAN_POINT('Ctrl Pts',(-23.75,-60.126786605645,21.));
#10646=CARTESIAN_POINT('Ctrl Pts',(-23.75,-61.2032988000361,21.));
#10647=CARTESIAN_POINT('Ctrl Pts',(-23.7500000000001,-57.8645508348229,
21.2028985507246));
#10648=CARTESIAN_POINT('Ctrl Pts',(-23.7500000000001,-59.0502744112538,
23.));
#10649=CARTESIAN_POINT('Ctrl Pts',(-23.7500000000001,-61.2032988000361,
23.));
#10650=CARTESIAN_POINT('Ctrl Pts',(-21.75,-57.8645508348229,21.2028985507246));
#10651=CARTESIAN_POINT('Ctrl Pts',(-21.75,-59.0502744112538,23.));
#10652=CARTESIAN_POINT('Ctrl Pts',(-21.75,-61.2032988000361,23.));
#10653=CARTESIAN_POINT('',(-21.75,-61.2032988000361,23.));
#10654=CARTESIAN_POINT('',(-23.75,-61.2032988000361,21.));
#10655=CARTESIAN_POINT('Origin',(-21.75,-61.2032988000361,21.));
#10656=CARTESIAN_POINT('Origin',(-23.75,-61.2032988000361,19.));
#10657=CARTESIAN_POINT('Origin',(-21.75,-61.2032988000361,19.));
#10658=CARTESIAN_POINT('Origin',(-21.75,-68.1678404338007,21.));
#10659=CARTESIAN_POINT('',(-21.75,-64.6579223424755,23.));
#10660=CARTESIAN_POINT('',(-23.75,-64.6579223424755,21.));
#10661=CARTESIAN_POINT('Origin',(-21.75,-64.6579223424755,21.));
#10662=CARTESIAN_POINT('',(-23.75,-68.1678404338007,21.));
#10663=CARTESIAN_POINT('',(-21.75,-68.1678404338007,23.));
#10664=CARTESIAN_POINT('Origin',(-21.75,-64.6579223424755,27.));
#10665=CARTESIAN_POINT('',(-21.75,-67.3953868477442,24.0834458547124));
#10666=CARTESIAN_POINT('',(-23.75,-68.7641191003785,22.6251687820686));
#10667=CARTESIAN_POINT('Origin',(-21.75,-68.7641191003785,22.6251687820686));
#10668=CARTESIAN_POINT('Origin',(-23.75,-64.6579223424755,27.));
#10669=CARTESIAN_POINT('Origin',(-21.75,-64.6579223424755,27.));
#10670=CARTESIAN_POINT('Origin',(-21.75,-90.,0.));
#10671=CARTESIAN_POINT('Origin',(-23.75,-90.,0.));
#10672=CARTESIAN_POINT('',(-21.75,-79.8099792730313,31.4188538553517));
#10673=CARTESIAN_POINT('Origin',(-21.75,-90.,0.));
#10674=CARTESIAN_POINT('',(-21.75,-100.190020726969,31.4188538553517));
#10675=CARTESIAN_POINT('Origin',(-21.75,-90.,0.));
#10676=CARTESIAN_POINT('Origin',(-21.75,-90.,0.));
#10677=CARTESIAN_POINT('Ctrl Pts',(-23.75,-55.1209391670373,8.81615718453493));
#10678=CARTESIAN_POINT('Ctrl Pts',(-23.75,-55.1209391670373,9.83450733896956));
#10679=CARTESIAN_POINT('Ctrl Pts',(-23.75,-55.944468578802,10.4335368415782));
#10680=CARTESIAN_POINT('Ctrl Pts',(-23.75,-53.1209391670372,8.81615718453493));
#10681=CARTESIAN_POINT('Ctrl Pts',(-23.75,-53.1209391670372,10.8528574934042));
#10682=CARTESIAN_POINT('Ctrl Pts',(-23.75,-54.7679979905667,12.0509164986214));
#10683=CARTESIAN_POINT('Ctrl Pts',(-21.75,-53.1209391670372,8.81615718453493));
#10684=CARTESIAN_POINT('Ctrl Pts',(-21.75,-53.1209391670372,10.8528574934042));
#10685=CARTESIAN_POINT('Ctrl Pts',(-21.75,-54.7679979905667,12.0509164986214));
#10686=CARTESIAN_POINT('',(-23.75,-55.1209391670373,8.81615718453493));
#10687=CARTESIAN_POINT('',(-21.75,-53.1209391670372,8.81615718453493));
#10688=CARTESIAN_POINT('Origin',(-21.75,-55.1209391670373,8.81615718453493));
#10689=CARTESIAN_POINT('Origin',(-21.75,-57.1209391670373,8.81615718453493));
#10690=CARTESIAN_POINT('Origin',(-23.75,-57.1209391670373,8.81615718453493));
#10691=CARTESIAN_POINT('Origin',(-21.75,-55.1209391670372,4.70716428791176E-15));
#10692=CARTESIAN_POINT('',(-21.75,-53.1209391670372,5.47949334852057E-15));
#10693=CARTESIAN_POINT('',(-23.75,-55.1209391670372,4.70716428791176E-15));
#10694=CARTESIAN_POINT('Origin',(-23.75,-70.,0.));
#10695=CARTESIAN_POINT('',(-23.75,-110.,-2.44929359829471E-15));
#10696=CARTESIAN_POINT('Origin',(-23.75,-90.,0.));
#10697=CARTESIAN_POINT('Origin',(-16.75,-90.,0.));
#10698=CARTESIAN_POINT('',(-9.75000000000002,-67.3953868477442,24.0834458547124));
#10699=CARTESIAN_POINT('',(-16.75,-67.3953868477442,24.0834458547124));
#10700=CARTESIAN_POINT('',(-9.75000000000002,-77.8099792730313,30.6982783666458));
#10701=CARTESIAN_POINT('Origin',(-9.75000000000002,-90.,0.));
#10702=CARTESIAN_POINT('',(-19.75,-77.8099792730313,30.6982783666458));
#10703=CARTESIAN_POINT('',(-16.75,-77.8099792730313,30.6982783666458));
#10704=CARTESIAN_POINT('Ctrl Pts',(-21.75,-79.8099792730313,31.4188538553517));
#10705=CARTESIAN_POINT('Ctrl Pts',(-21.75,-79.5560264346743,31.3364897850885));
#10706=CARTESIAN_POINT('Ctrl Pts',(-21.6988418948944,-79.2855808268486,
31.2450294954415));
#10707=CARTESIAN_POINT('Ctrl Pts',(-21.4898788778635,-78.787335683384,31.0697088064464));
#10708=CARTESIAN_POINT('Ctrl Pts',(-21.332067429116,-78.5594831557888,30.9860068363563));
#10709=CARTESIAN_POINT('Ctrl Pts',(-20.973752606777,-78.2095776605447,30.8544912255119));
#10710=CARTESIAN_POINT('Ctrl Pts',(-20.7533158515306,-78.059981060169,30.7965641584314));
#10711=CARTESIAN_POINT('Ctrl Pts',(-20.2668993594304,-77.8601199599391,
30.7183288766556));
#10712=CARTESIAN_POINT('Ctrl Pts',(-20.0008273468683,-77.8099792730313,
30.6982783666458));
#10713=CARTESIAN_POINT('Ctrl Pts',(-19.75,-77.8099792730313,30.6982783666458));
#10714=CARTESIAN_POINT('Origin',(-16.75,-90.,0.));
#10715=CARTESIAN_POINT('',(-19.75,-102.190020726969,30.6982783666458));
#10716=CARTESIAN_POINT('Ctrl Pts',(-19.75,-102.190020726969,30.6982783666458));
#10717=CARTESIAN_POINT('Ctrl Pts',(-20.0008273468683,-102.190020726969,
30.6982783666458));
#10718=CARTESIAN_POINT('Ctrl Pts',(-20.2668993594304,-102.139880040061,
30.7183288766556));
#10719=CARTESIAN_POINT('Ctrl Pts',(-20.7533158515307,-101.940018939831,
30.7965641584314));
#10720=CARTESIAN_POINT('Ctrl Pts',(-20.973752606777,-101.790422339455,30.8544912255119));
#10721=CARTESIAN_POINT('Ctrl Pts',(-21.332067429116,-101.440516844211,30.9860068363563));
#10722=CARTESIAN_POINT('Ctrl Pts',(-21.4898788778635,-101.212664316616,
31.0697088064464));
#10723=CARTESIAN_POINT('Ctrl Pts',(-21.6988418948944,-100.714419173151,
31.2450294954415));
#10724=CARTESIAN_POINT('Ctrl Pts',(-21.75,-100.443973565326,31.3364897850885));
#10725=CARTESIAN_POINT('Ctrl Pts',(-21.75,-100.190020726969,31.4188538553517));
#10726=CARTESIAN_POINT('',(-9.75000000000002,-102.190020726969,30.6982783666458));
#10727=CARTESIAN_POINT('',(-16.75,-102.190020726969,30.6982783666458));
#10728=CARTESIAN_POINT('Origin',(-9.75000000000002,-90.,0.));
#10729=CARTESIAN_POINT('Origin',(-19.75,-100.190020726969,36.8560297588967));
#10730=CARTESIAN_POINT('',(-19.75,-102.190020726969,36.8560297588967));
#10731=CARTESIAN_POINT('',(-21.75,-100.190020726969,36.8560297588967));
#10732=CARTESIAN_POINT('Origin',(-21.75,-90.,35.8329986848307));
#10733=CARTESIAN_POINT('',(-21.75,-79.8099792730313,34.3207929471098));
#10734=CARTESIAN_POINT('Origin',(-19.75,-79.8099792730313,34.3207929471098));
#10735=CARTESIAN_POINT('',(-19.75,-77.8099792730313,34.3207929471097));
#10736=CARTESIAN_POINT('Origin',(-27.75,-90.,0.));
#10737=CARTESIAN_POINT('',(-27.3577677297237,-114.978446454055,-3.05897744976323E-15));
#10738=CARTESIAN_POINT('',(-27.3577677297237,-90.,24.9784464540553));
#10739=CARTESIAN_POINT('Origin',(-27.3577677297237,-90.,0.));
#10740=CARTESIAN_POINT('Origin',(-27.75,-90.,26.9396078054371));
#10741=CARTESIAN_POINT('Origin',(-27.3577677297237,-90.,0.));
#10742=CARTESIAN_POINT('Origin',(-27.75,-90.,0.));
#10743=CARTESIAN_POINT('',(-27.75,-114.9,-3.04937052987691E-15));
#10744=CARTESIAN_POINT('Ctrl Pts',(-12.75,-63.9231903791894,27.));
#10745=CARTESIAN_POINT('Ctrl Pts',(-12.75,-64.6901553680368,27.));
#10746=CARTESIAN_POINT('Ctrl Pts',(-12.75,-65.2604626674361,27.5128205128205));
#10747=CARTESIAN_POINT('Ctrl Pts',(-12.75,-63.9231903791894,25.));
#10748=CARTESIAN_POINT('Ctrl Pts',(-12.75,-65.4571203568841,25.));
#10749=CARTESIAN_POINT('Ctrl Pts',(-12.75,-66.5977349556828,26.025641025641));
#10750=CARTESIAN_POINT('Ctrl Pts',(-14.75,-63.9231903791894,25.));
#10751=CARTESIAN_POINT('Ctrl Pts',(-14.75,-65.4571203568841,25.));
#10752=CARTESIAN_POINT('Ctrl Pts',(-14.75,-66.5977349556828,26.025641025641));
#10753=CARTESIAN_POINT('Origin',(-14.75,-63.9231903791894,29.));
#10754=CARTESIAN_POINT('Origin',(-17.75,-63.9231903791894,29.));
#10755=CARTESIAN_POINT('Origin',(-9.75000000000002,-126.995180207068,9.91194438274223));
#10756=CARTESIAN_POINT('',(-11.55,-126.42115505852,11.2977636815092));
#10757=CARTESIAN_POINT('',(-11.55,-128.444077604212,10.300140637941));
#10758=CARTESIAN_POINT('Origin',(-11.55,-126.995180207068,9.91194438274223));
#10759=CARTESIAN_POINT('',(-9.75000000000002,-126.42115505852,11.2977636815092));
#10760=CARTESIAN_POINT('',(-9.75000000000002,-126.42115505852,11.2977636815092));
#10761=CARTESIAN_POINT('',(-9.75000000000002,-128.444077604212,10.300140637941));
#10762=CARTESIAN_POINT('Origin',(-9.75000000000002,-126.995180207068,9.91194438274223));
#10763=CARTESIAN_POINT('',(-9.75000000000002,-128.444077604212,10.300140637941));
#10764=CARTESIAN_POINT('Origin',(-9.75000000000002,-123.513090501981,10.0932039019342));
#10765=CARTESIAN_POINT('',(-11.55,-124.743099440045,10.6026902859203));
#10766=CARTESIAN_POINT('',(-11.55,-112.588930583119,5.56826870600903));
#10767=CARTESIAN_POINT('',(-9.75000000000002,-124.743099440045,10.6026902859203));
#10768=CARTESIAN_POINT('',(-17.75,-124.743099440045,10.6026902859203));
#10769=CARTESIAN_POINT('',(-9.75000000000002,-129.218452846241,12.4564423631792));
#10770=CARTESIAN_POINT('Origin',(-17.75,-125.317124588593,9.2168709871534));
#10771=CARTESIAN_POINT('',(-11.55,-123.86573590687,8.83809546713339));
#10772=CARTESIAN_POINT('Origin',(-11.55,-125.317124588593,9.2168709871534));
#10773=CARTESIAN_POINT('',(-9.75000000000002,-123.86573590687,8.83809546713339));
#10774=CARTESIAN_POINT('',(-17.75,-123.86573590687,8.83809546713339));
#10775=CARTESIAN_POINT('Origin',(-9.75000000000002,-125.317124588593,9.2168709871534));
#10776=CARTESIAN_POINT('Origin',(-17.75,-90.,0.));
#10777=CARTESIAN_POINT('Origin',(-11.55,-90.,0.));
#10778=CARTESIAN_POINT('Origin',(-9.75000000000002,-90.,0.));
#10779=CARTESIAN_POINT('Origin',(-9.75000000000002,-123.168345883418,19.1507397078541));
#10780=CARTESIAN_POINT('',(-11.55,-124.467367262664,19.9007686781356));
#10781=CARTESIAN_POINT('',(-11.55,-123.742371031966,17.7649204090874));
#10782=CARTESIAN_POINT('Origin',(-11.55,-123.168345883418,19.1507397078541));
#10783=CARTESIAN_POINT('',(-9.75000000000002,-124.467367262664,19.9007686781356));
#10784=CARTESIAN_POINT('',(-9.75000000000002,-124.467367262664,19.9007686781355));
#10785=CARTESIAN_POINT('',(-9.75000000000002,-123.742371031966,17.7649204090873));
#10786=CARTESIAN_POINT('Origin',(-9.75000000000002,-123.168345883418,19.1507397078541));
#10787=CARTESIAN_POINT('',(-9.75000000000002,-123.742371031966,17.7649204090874));
#10788=CARTESIAN_POINT('Origin',(-9.75000000000002,-90.,0.));
#10789=CARTESIAN_POINT('',(-11.55,-111.500334854657,33.4929186715286));
#10790=CARTESIAN_POINT('Origin',(-11.55,-90.,0.));
#10791=CARTESIAN_POINT('',(-9.75000000000002,-111.500334854657,33.4929186715286));
#10792=CARTESIAN_POINT('',(-9.75000000000002,-111.500334854657,33.4929186715286));
#10793=CARTESIAN_POINT('Origin',(-9.75000000000002,-90.,0.));
#10794=CARTESIAN_POINT('Origin',(-17.75,-121.490290264943,18.4556663122646));
#10795=CARTESIAN_POINT('',(-11.55,-122.064315413491,17.0698470134979));
#10796=CARTESIAN_POINT('',(-11.55,-120.196168747205,17.6972142720346));
#10797=CARTESIAN_POINT('Origin',(-11.55,-121.490290264943,18.4556663122646));
#10798=CARTESIAN_POINT('',(-9.75000000000002,-122.064315413491,17.0698470134979));
#10799=CARTESIAN_POINT('',(-17.75,-122.064315413491,17.0698470134979));
#10800=CARTESIAN_POINT('',(-9.75000000000002,-120.196168747205,17.6972142720346));
#10801=CARTESIAN_POINT('Origin',(-9.75000000000002,-121.490290264943,18.4556663122646));
#10802=CARTESIAN_POINT('',(-17.75,-120.196168747205,17.6972142720346));
#10803=CARTESIAN_POINT('Origin',(-11.55,-94.2519231907281,18.9395304164814));
#10804=CARTESIAN_POINT('',(-11.55,-112.137272056934,12.9579310209418));
#10805=CARTESIAN_POINT('',(-11.55,-109.839745902573,28.8337386150556));
#10806=CARTESIAN_POINT('Origin',(-11.55,-90.,0.));
#10807=CARTESIAN_POINT('',(-11.55,-109.190020726969,30.0694702699866));
#10808=CARTESIAN_POINT('Origin',(-11.55,-110.690020726969,30.0694702699866));
#10809=CARTESIAN_POINT('',(-11.55,-109.190020726969,32.2306227416972));
#10810=CARTESIAN_POINT('',(-11.55,-109.190020726969,24.1048523663217));
#10811=CARTESIAN_POINT('Origin',(-11.55,-110.690020726969,32.2306227416972));
#10812=CARTESIAN_POINT('Origin',(-17.75,-90.,0.));
#10813=CARTESIAN_POINT('',(-9.75000000000002,-109.839745902573,28.8337386150556));
#10814=CARTESIAN_POINT('Origin',(-9.75000000000002,-90.,0.));
#10815=CARTESIAN_POINT('',(-17.75,-109.839745902573,28.8337386150556));
#10816=CARTESIAN_POINT('Origin',(-9.75000000000002,-110.690020726969,32.2306227416972));
#10817=CARTESIAN_POINT('',(-9.75000000000002,-109.190020726969,32.2306227416972));
#10818=CARTESIAN_POINT('',(-9.75000000000002,-109.190020726969,32.2306227416972));
#10819=CARTESIAN_POINT('Origin',(-9.75000000000002,-110.690020726969,32.2306227416972));
#10820=CARTESIAN_POINT('Origin',(-9.75000000000002,-109.190020726969,29.270174316162));
#10821=CARTESIAN_POINT('',(-9.75000000000002,-109.190020726969,30.0694702699866));
#10822=CARTESIAN_POINT('',(-17.75,-109.190020726969,30.0694702699866));
#10823=CARTESIAN_POINT('',(-9.75000000000002,-109.190020726969,37.8790608329628));
#10824=CARTESIAN_POINT('Origin',(-17.75,-110.690020726969,30.0694702699866));
#10825=CARTESIAN_POINT('Origin',(-9.75000000000002,-110.690020726969,30.0694702699866));
#10826=CARTESIAN_POINT('Origin',(-9.75000000000002,-69.3099792730313,32.2306227416972));
#10827=CARTESIAN_POINT('',(-11.55,-68.4996651453432,33.4929186715287));
#10828=CARTESIAN_POINT('',(-11.55,-70.8099792730313,32.2306227416972));
#10829=CARTESIAN_POINT('Origin',(-11.55,-69.3099792730313,32.2306227416972));
#10830=CARTESIAN_POINT('',(-9.75000000000002,-68.4996651453432,33.4929186715287));
#10831=CARTESIAN_POINT('',(-9.75000000000002,-68.4996651453432,33.4929186715287));
#10832=CARTESIAN_POINT('',(-9.75000000000002,-70.8099792730313,32.2306227416972));
#10833=CARTESIAN_POINT('Origin',(-9.75000000000002,-69.3099792730313,32.2306227416972));
#10834=CARTESIAN_POINT('',(-9.75000000000002,-70.8099792730313,32.2306227416972));
#10835=CARTESIAN_POINT('Origin',(-11.55,-94.2519231907281,18.9395304164814));
#10836=CARTESIAN_POINT('',(-11.55,-70.8099792730313,30.0694702699866));
#10837=CARTESIAN_POINT('',(-11.55,-70.8099792730313,26.9038059367875));
#10838=CARTESIAN_POINT('',(-11.55,-70.1602540974273,28.8337386150556));
#10839=CARTESIAN_POINT('Origin',(-11.55,-69.3099792730313,30.0694702699866));
#10840=CARTESIAN_POINT('',(-11.55,-65.9316978668279,25.4109589041096));
#10841=CARTESIAN_POINT('Origin',(-11.55,-90.,0.));
#10842=CARTESIAN_POINT('',(-11.55,-64.9001992039777,25.));
#10843=CARTESIAN_POINT('Origin',(-11.55,-64.9001992039777,26.5));
#10844=CARTESIAN_POINT('',(-11.55,-62.347875307673,25.));
#10845=CARTESIAN_POINT('',(-11.55,-66.1259615953578,25.));
#10846=CARTESIAN_POINT('',(-11.55,-61.264893922856,27.5378590078329));
#10847=CARTESIAN_POINT('Origin',(-11.55,-62.347875307673,26.5));
#10848=CARTESIAN_POINT('Origin',(-11.55,-90.,0.));
#10849=CARTESIAN_POINT('Origin',(-9.75000000000002,-70.8099792730313,34.8680814570936));
#10850=CARTESIAN_POINT('',(-9.75000000000002,-70.8099792730313,30.0694702699866));
#10851=CARTESIAN_POINT('',(-9.75000000000002,-70.8099792730313,37.8790608329628));
#10852=CARTESIAN_POINT('',(-17.75,-70.8099792730313,30.0694702699866));
#10853=CARTESIAN_POINT('Origin',(-17.75,-69.3099792730313,30.0694702699866));
#10854=CARTESIAN_POINT('',(-9.75000000000002,-70.1602540974273,28.8337386150556));
#10855=CARTESIAN_POINT('Origin',(-9.75000000000002,-69.3099792730313,30.0694702699866));
#10856=CARTESIAN_POINT('',(-17.75,-70.1602540974273,28.8337386150556));
#10857=CARTESIAN_POINT('Origin',(-17.75,-64.9001992039777,26.5));
#10858=CARTESIAN_POINT('',(-9.75000000000002,-65.9316978668279,25.4109589041096));
#10859=CARTESIAN_POINT('',(-17.75,-65.9316978668279,25.4109589041096));
#10860=CARTESIAN_POINT('',(-9.75000000000002,-64.9001992039777,25.));
#10861=CARTESIAN_POINT('Origin',(-9.75000000000002,-64.9001992039777,26.5));
#10862=CARTESIAN_POINT('',(-17.75,-64.9001992039777,25.));
#10863=CARTESIAN_POINT('Origin',(-24.,-37.9999999999875,25.));
#10864=CARTESIAN_POINT('',(-9.75000000000002,-62.347875307673,25.));
#10865=CARTESIAN_POINT('',(-9.75000000000002,-7.99999866355193,25.));
#10866=CARTESIAN_POINT('',(-9.75000000000002,-62.347875307673,25.));
#10867=CARTESIAN_POINT('Origin',(-9.75000000000002,-62.347875307673,26.5));
#10868=CARTESIAN_POINT('',(-9.75000000000002,-61.264893922856,27.5378590078329));
#10869=CARTESIAN_POINT('Origin',(-9.75000000000002,-62.347875307673,26.5));
#10870=CARTESIAN_POINT('',(-9.75000000000002,-61.264893922856,27.5378590078329));
#10871=CARTESIAN_POINT('Origin',(-17.75,-46.548429072092,9.));
#10872=CARTESIAN_POINT('',(-10.3277633925132,-43.5633991321278,21.));
#10873=CARTESIAN_POINT('',(-9.75000000000002,-46.548429072092,21.));
#10874=CARTESIAN_POINT('Origin',(-17.75,-46.548429072092,21.));
#10875=CARTESIAN_POINT('',(-9.75000000000002,-46.548429072092,9.));
#10876=CARTESIAN_POINT('',(-10.3277633925132,-43.5633991321278,9.));
#10877=CARTESIAN_POINT('Origin',(-9.75000000000002,-57.,0.));
#10878=CARTESIAN_POINT('',(-9.75000000000002,-52.5834261322606,21.));
#10879=CARTESIAN_POINT('',(-9.75000000000002,-54.786366276682,21.));
#10880=CARTESIAN_POINT('Origin',(-9.75000000000002,-52.5834261322606,25.));
#10881=CARTESIAN_POINT('',(-9.75000000000002,-77.8099792730313,37.8790608329628));
#10882=CARTESIAN_POINT('Origin',(-9.75000000000002,-74.3099792730313,37.8790608329628));
#10883=CARTESIAN_POINT('',(-9.75000000000002,-77.8099792730314,18.9395304164814));
#10884=CARTESIAN_POINT('',(-9.75000000000002,-64.6579223424755,23.));
#10885=CARTESIAN_POINT('Origin',(-9.75000000000002,-64.6579223424755,27.));
#10886=CARTESIAN_POINT('',(-9.75000000000002,-61.2032988000361,23.));
#10887=CARTESIAN_POINT('',(-9.75000000000002,-66.3356808676015,23.));
#10888=CARTESIAN_POINT('',(-9.75000000000002,-57.8645508348229,21.2028985507246));
#10889=CARTESIAN_POINT('Origin',(-9.75000000000002,-61.2032988000361,19.));
#10890=CARTESIAN_POINT('',(-9.75000000000002,-56.9477889899258,19.7433874334049));
#10891=CARTESIAN_POINT('Origin',(-9.75000000000002,-90.,0.));
#10892=CARTESIAN_POINT('',(-9.75000000000002,-56.4943281051481,16.7499590251774));
#10893=CARTESIAN_POINT('Origin',(-9.75000000000002,-60.3817849390244,17.6921264013628));
#10894=CARTESIAN_POINT('',(-9.75000000000002,-54.7679979905667,12.0509164986214));
#10895=CARTESIAN_POINT('Origin',(-9.75000000000002,-52.1209391670372,15.6900207269687));
#10896=CARTESIAN_POINT('',(-9.75000000000002,-53.1209391670372,8.81615718453493));
#10897=CARTESIAN_POINT('Origin',(-9.75000000000002,-57.1209391670373,8.81615718453493));
#10898=CARTESIAN_POINT('',(-9.75000000000002,-53.1209391670372,23.));
#10899=CARTESIAN_POINT('',(-9.75000000000002,-46.548429072092,1.));
#10900=CARTESIAN_POINT('',(-9.75000000000002,-46.548429072092,0.));
#10901=CARTESIAN_POINT('',(-9.75000000000002,-49.1209391670372,1.));
#10902=CARTESIAN_POINT('',(-9.75000000000002,-55.,1.));
#10903=CARTESIAN_POINT('Origin',(-9.75000000000002,-49.1209391670372,3.));
#10904=CARTESIAN_POINT('Origin',(-9.75000000000002,-90.,0.));
#10905=CARTESIAN_POINT('Origin',(-9.75000000000002,-90.,0.));
#10906=CARTESIAN_POINT('',(-9.75000000000002,-53.7209391670372,15.6900207269687));
#10907=CARTESIAN_POINT('Origin',(-9.75000000000002,-52.1209391670372,15.6900207269687));
#10908=CARTESIAN_POINT('',(-9.75000000000002,-75.9099792730313,37.8790608329628));
#10909=CARTESIAN_POINT('Origin',(-9.75000000000002,-74.3099792730313,37.8790608329628));
#10910=CARTESIAN_POINT('Origin',(-17.75,-46.548429072092,0.));
#10911=CARTESIAN_POINT('',(-10.3277633925132,-43.5633991321278,1.));
#10912=CARTESIAN_POINT('',(-10.3277633925132,-43.5633991321278,0.));
#10913=CARTESIAN_POINT('Origin',(-17.75,-46.548429072092,1.));
#10914=CARTESIAN_POINT('Origin',(-16.75,-64.6579223424755,27.));
#10915=CARTESIAN_POINT('',(-16.75,-64.6579223424755,23.));
#10916=CARTESIAN_POINT('Origin',(-9.75000000000002,-66.3356808676015,23.));
#10917=CARTESIAN_POINT('',(-9.75000000000002,-61.2032988000361,23.));
#10918=CARTESIAN_POINT('Origin',(-9.75000000000002,-61.2032988000361,19.));
#10919=CARTESIAN_POINT('',(-9.75000000000002,-57.8645508348229,21.2028985507246));
#10920=CARTESIAN_POINT('Origin',(-9.75000000000002,-60.3817849390244,17.6921264013628));
#10921=CARTESIAN_POINT('',(-9.75000000000002,-56.4943281051481,16.7499590251774));
#10922=CARTESIAN_POINT('',(-9.75000000000002,-56.9477889899258,19.7433874334049));
#10923=CARTESIAN_POINT('Origin',(-9.75000000000002,-90.,0.));
#10924=CARTESIAN_POINT('Origin',(-9.75000000000002,-57.1209391670373,8.81615718453493));
#10925=CARTESIAN_POINT('',(-9.75000000000002,-53.1209391670372,8.81615718453493));
#10926=CARTESIAN_POINT('',(-9.75000000000002,-54.7679979905667,12.0509164986214));
#10927=CARTESIAN_POINT('Origin',(-9.75000000000002,-52.1209391670372,15.6900207269687));
#10928=CARTESIAN_POINT('Origin',(-14.0383103504618,-49.1209391670372,3.));
#10929=CARTESIAN_POINT('',(-14.0383103504618,-49.1209391670372,1.));
#10930=CARTESIAN_POINT('Origin',(-18.3266207009236,-37.4999999999875,1.));
#10931=CARTESIAN_POINT('',(-18.1956521739139,-23.999999999975,1.));
#10932=CARTESIAN_POINT('',(-19.,-21.999999999975,1.));
#10933=CARTESIAN_POINT('',(-22.6149310513854,-23.999999999975,1.));
#10934=CARTESIAN_POINT('Origin',(-22.6149310513854,-23.999999999975,3.));
#10935=CARTESIAN_POINT('',(-18.8555591518717,-22.3591502169431,1.85649136884584));
#10936=CARTESIAN_POINT('Origin',(-18.1956521739139,-23.999999999975,3.));
#10937=CARTESIAN_POINT('',(-18.9621793911474,-21.999999999975,3.));
#10938=CARTESIAN_POINT('Ctrl Pts',(-18.9621793911474,-21.999999999975,3.));
#10939=CARTESIAN_POINT('Ctrl Pts',(-18.9621793911474,-21.999999999975,2.72630953319986));
#10940=CARTESIAN_POINT('Ctrl Pts',(-18.9531609860096,-22.0600409614569,
2.43686002553133));
#10941=CARTESIAN_POINT('Ctrl Pts',(-18.9038085148897,-22.2280153323082,
2.06422770544524));
#10942=CARTESIAN_POINT('Ctrl Pts',(-18.8834400680735,-22.2898246955765,
1.95596833263397));
#10943=CARTESIAN_POINT('Ctrl Pts',(-18.8555591518714,-22.3591502169439,
1.85649136884472));
#10944=CARTESIAN_POINT('',(-22.6149310513854,-21.999999999975,3.));
#10945=CARTESIAN_POINT('Origin',(-21.75,-90.,0.));
#10946=CARTESIAN_POINT('Origin',(-21.75,-55.,24.9799919935936));
#10947=CARTESIAN_POINT('Origin',(-24.6965958450624,-23.999999999975,23.));
#10948=CARTESIAN_POINT('',(-24.6965958450624,-21.999999999975,23.));
#10949=CARTESIAN_POINT('',(-24.6965958450624,-23.999999999975,21.));
#10950=CARTESIAN_POINT('Origin',(-24.6965958450624,-23.999999999975,23.));
#10951=CARTESIAN_POINT('',(-26.6869665710001,-24.1960213593475,23.));
#10952=CARTESIAN_POINT('Origin',(-24.6965958450624,-23.999999999975,23.));
#10953=CARTESIAN_POINT('Origin',(-24.6965958450624,-23.999999999975,23.));
#10954=CARTESIAN_POINT('Origin',(-24.6965958450624,-23.999999999975,0.));
#10955=CARTESIAN_POINT('',(-26.6869665710001,-24.1960213593475,0.));
#10956=CARTESIAN_POINT('',(-24.6965958450624,-21.999999999975,0.));
#10957=CARTESIAN_POINT('Ctrl Pts',(-23.761737651175,-54.3148954280243,23.8888888888889));
#10958=CARTESIAN_POINT('Ctrl Pts',(-23.7715765218541,-54.0278415439959,
23.4163036832349));
#10959=CARTESIAN_POINT('Ctrl Pts',(-23.796069614055,-53.5497443068638,23.0906621099339));
#10960=CARTESIAN_POINT('Ctrl Pts',(-23.8462927406038,-53.0397864064708,
23.0170164777762));
#10961=CARTESIAN_POINT('Ctrl Pts',(-23.7450058765125,-54.8030531709377,
23.5623415999946));
#10962=CARTESIAN_POINT('Ctrl Pts',(-23.7509709283899,-54.4205073901509,
22.9516407089118));
#10963=CARTESIAN_POINT('Ctrl Pts',(-23.77393202489,-53.7908704156749,22.5332235341813));
#10964=CARTESIAN_POINT('Ctrl Pts',(-23.838756225809,-53.1163110182407,22.4284802648158));
#10965=CARTESIAN_POINT('Ctrl Pts',(-23.2333523462168,-55.6323470438299,
22.9965288556557));
#10966=CARTESIAN_POINT('Ctrl Pts',(-23.2375117935486,-55.0787860923471,
22.148127259157));
#10967=CARTESIAN_POINT('Ctrl Pts',(-23.2606827681204,-54.1728418180701,
21.5661820785185));
#10968=CARTESIAN_POINT('Ctrl Pts',(-23.3346454940069,-53.2004898943103,
21.4091357663848));
#10969=CARTESIAN_POINT('Ctrl Pts',(-22.2034915356734,-55.9140046227385,
22.7847534444509));
#10970=CARTESIAN_POINT('Ctrl Pts',(-22.2123336766056,-55.2881250960892,
21.8437964033886));
#10971=CARTESIAN_POINT('Ctrl Pts',(-22.2381726339006,-54.2543472851463,
21.1974769265887));
#10972=CARTESIAN_POINT('Ctrl Pts',(-22.2989685287817,-53.1469980031599,
21.0396643629801));
#10973=CARTESIAN_POINT('Ctrl Pts',(-21.7629114162925,-55.909343809393,22.7777777777778));
#10974=CARTESIAN_POINT('Ctrl Pts',(-21.7737341740395,-55.2778252645304,
21.8326073664699));
#10975=CARTESIAN_POINT('Ctrl Pts',(-21.8006765754603,-54.2260113428419,
21.181324219868));
#10976=CARTESIAN_POINT('Ctrl Pts',(-21.8559220146642,-53.1041039619752,
21.0340329555525));
#10977=CARTESIAN_POINT('',(-23.761737651175,-54.3148954280243,23.8888888888889));
#10978=CARTESIAN_POINT('Origin',(-21.7629114162925,-54.2463849708268,23.8888888888889));
#10979=CARTESIAN_POINT('',(-21.8559220146642,-53.1041039619752,21.0340329555525));
#10980=CARTESIAN_POINT('Ctrl Pts',(-21.7629114162925,-55.909343809393,22.7777777777778));
#10981=CARTESIAN_POINT('Ctrl Pts',(-21.7737341740395,-55.2778252645304,
21.8326073664699));
#10982=CARTESIAN_POINT('Ctrl Pts',(-21.8006765754603,-54.2260113428419,
21.181324219868));
#10983=CARTESIAN_POINT('Ctrl Pts',(-21.8559220146642,-53.1041039619752,
21.0340329555525));
#10984=CARTESIAN_POINT('',(-23.8462927406134,-53.0397864063729,23.0170164777762));
#10985=CARTESIAN_POINT('Origin',(-21.8559220146642,-52.8437650471179,23.0170164777762));
#10986=CARTESIAN_POINT('Ctrl Pts',(-23.8462927406038,-53.0397864064708,
23.0170164777762));
#10987=CARTESIAN_POINT('Ctrl Pts',(-23.796069614055,-53.5497443068638,23.0906621099339));
#10988=CARTESIAN_POINT('Ctrl Pts',(-23.7715765218541,-54.0278415439959,
23.4163036832349));
#10989=CARTESIAN_POINT('Ctrl Pts',(-23.761737651175,-54.3148954280243,23.8888888888889));
#10990=CARTESIAN_POINT('Ctrl Pts',(-23.8462927406075,-53.0397864064326,
23.0170164777687));
#10991=CARTESIAN_POINT('Ctrl Pts',(-23.8547906190022,-52.9535002565792,
23.0056882733922));
#10992=CARTESIAN_POINT('Ctrl Pts',(-23.8633613783708,-52.8664740845282,
23.));
#10993=CARTESIAN_POINT('Ctrl Pts',(-23.8719321791863,-52.7794474916331,
23.));
#10994=CARTESIAN_POINT('Ctrl Pts',(-23.8387562258137,-53.1163110181855,
22.4284802648054));
#10995=CARTESIAN_POINT('Ctrl Pts',(-23.8498078821253,-53.0047666300287,
22.4121754314508));
#10996=CARTESIAN_POINT('Ctrl Pts',(-23.8607426455401,-52.8923707018193,
22.4032622724647));
#10997=CARTESIAN_POINT('Ctrl Pts',(-23.8719321791863,-52.7794474916331,
22.4016013993162));
#10998=CARTESIAN_POINT('Ctrl Pts',(-23.3346505083436,-53.2004909340419,
21.4091316076344));
#10999=CARTESIAN_POINT('Ctrl Pts',(-23.3470748384363,-53.0452148041418,
21.3844736056945));
#11000=CARTESIAN_POINT('Ctrl Pts',(-23.3597090329249,-52.8879483428635,
21.3698306086011));
#11001=CARTESIAN_POINT('Ctrl Pts',(-23.3723193494319,-52.7302431977937,
21.3655267395151));
#11002=CARTESIAN_POINT('Ctrl Pts',(-22.2989685287874,-53.146998003049,21.0396643629643));
#11003=CARTESIAN_POINT('Ctrl Pts',(-22.3086325204637,-52.9749666572967,
21.0151640689764));
#11004=CARTESIAN_POINT('Ctrl Pts',(-22.318429126743,-52.8014151020139,21.0019308684587));
#11005=CARTESIAN_POINT('Ctrl Pts',(-22.3281995997147,-52.6274132224428,
21.));
#11006=CARTESIAN_POINT('Ctrl Pts',(-21.8559220146698,-53.1041039618597,
21.0340329555373));
#11007=CARTESIAN_POINT('Ctrl Pts',(-21.8644198930645,-52.9315316621528,
21.0113765467843));
#11008=CARTESIAN_POINT('Ctrl Pts',(-21.8729906524332,-52.7574793180508,
21.));
#11009=CARTESIAN_POINT('Ctrl Pts',(-21.8815614532486,-52.5834261322606,
21.));
#11010=CARTESIAN_POINT('',(-21.8815614532486,-52.5834261322606,21.));
#11011=CARTESIAN_POINT('',(-23.8719321791863,-52.7794474916331,23.));
#11012=CARTESIAN_POINT('Origin',(-21.8815614532486,-52.5834261322606,23.));
#11013=CARTESIAN_POINT('Origin',(-23.8719321791863,-52.7794474916331,25.));
#11014=CARTESIAN_POINT('Origin',(-21.8815614532486,-52.5834261322606,25.));
#11015=CARTESIAN_POINT('Origin',(-21.7030372158797,-54.3961337732386,23.));
#11016=CARTESIAN_POINT('',(-23.6934079418174,-54.5921551326111,23.));
#11017=CARTESIAN_POINT('',(-21.7030372158797,-54.3961337732386,21.));
#11018=CARTESIAN_POINT('Origin',(-18.3266207009236,-23.999999999975,23.));
#11019=CARTESIAN_POINT('',(-18.9621793911474,-21.999999999975,23.));
#11020=CARTESIAN_POINT('',(-18.8555591518717,-22.3591502169431,21.8564913688458));
#11021=CARTESIAN_POINT('Ctrl Pts',(-18.8555591518717,-22.3591502169431,
21.8564913688458));
#11022=CARTESIAN_POINT('Ctrl Pts',(-18.8941538599321,-22.2631849969009,
21.9941943176429));
#11023=CARTESIAN_POINT('Ctrl Pts',(-18.9189729646631,-22.1798651348819,
22.1522073099206));
#11024=CARTESIAN_POINT('Ctrl Pts',(-18.9557548425361,-22.039343256149,22.5405482734683));
#11025=CARTESIAN_POINT('Ctrl Pts',(-18.9621793911474,-21.999999999975,22.7783552164105));
#11026=CARTESIAN_POINT('Ctrl Pts',(-18.9621793911474,-21.999999999975,23.));
#11027=CARTESIAN_POINT('',(-18.3266207009236,-21.999999999975,23.));
#11028=CARTESIAN_POINT('',(-18.1956521739139,-23.999999999975,21.));
#11029=CARTESIAN_POINT('',(-18.3266207009236,-23.999999999975,21.));
#11030=CARTESIAN_POINT('Origin',(-18.1956521739139,-23.999999999975,23.));
#11031=CARTESIAN_POINT('Ctrl Pts',(-23.75,-55.,24.9799919935936));
#11032=CARTESIAN_POINT('Ctrl Pts',(-23.75,-54.7665364785173,24.6201701978385));
#11033=CARTESIAN_POINT('Ctrl Pts',(-23.7540865337073,-54.5381205376803,
24.2563909162902));
#11034=CARTESIAN_POINT('Ctrl Pts',(-23.761737651175,-54.3148954280243,23.8888888888889));
#11035=CARTESIAN_POINT('Ctrl Pts',(-23.75,-55.4870686284635,24.632364266755));
#11036=CARTESIAN_POINT('Ctrl Pts',(-23.7441375324512,-55.254258987663,24.2797217708473));
#11037=CARTESIAN_POINT('Ctrl Pts',(-23.7429834384748,-55.0261545596462,
23.9228391161703));
#11038=CARTESIAN_POINT('Ctrl Pts',(-23.7450058765125,-54.8030531709377,
23.5623415999946));
#11039=CARTESIAN_POINT('Ctrl Pts',(-23.2479606559238,-56.3303788233737,
24.0304819262701));
#11040=CARTESIAN_POINT('Ctrl Pts',(-23.2389175304179,-56.0929848755108,
23.6898989458891));
#11041=CARTESIAN_POINT('Ctrl Pts',(-23.2341203347,-55.8602357388764,23.3452225793179));
#11042=CARTESIAN_POINT('Ctrl Pts',(-23.2333484873222,-55.6323442410802,
22.9965306399484));
#11043=CARTESIAN_POINT('Ctrl Pts',(-22.1987989505129,-56.6279069767442,
23.8181319008683));
#11044=CARTESIAN_POINT('Ctrl Pts',(-22.1961132855214,-56.3847753672386,
23.4775578772816));
#11045=CARTESIAN_POINT('Ctrl Pts',(-22.1978054072324,-56.1468154946149,
23.1329580229493));
#11046=CARTESIAN_POINT('Ctrl Pts',(-22.2034915356734,-55.9140046227385,
22.7847534444509));
#11047=CARTESIAN_POINT('Ctrl Pts',(-21.75,-56.6279069767442,23.8181319008683));
#11048=CARTESIAN_POINT('Ctrl Pts',(-21.75,-56.3830417483984,23.4750460025902));
#11049=CARTESIAN_POINT('Ctrl Pts',(-21.754495187078,-56.1434706104507,23.1281866876256));
#11050=CARTESIAN_POINT('Ctrl Pts',(-21.7629114162925,-55.909343809393,22.7777777777778));
#11051=CARTESIAN_POINT('Ctrl Pts',(-23.761737651175,-54.3148954280243,23.8888888888889));
#11052=CARTESIAN_POINT('Ctrl Pts',(-23.7553599712057,-54.500967373267,24.1952245749798));
#11053=CARTESIAN_POINT('Ctrl Pts',(-23.7514590546859,-54.6906460400248,
24.498973602577));
#11054=CARTESIAN_POINT('Ctrl Pts',(-23.7503372045872,-54.8838484604524,
24.8000000150013));
#11055=CARTESIAN_POINT('Origin',(-43.75,-55.,0.));
#11056=CARTESIAN_POINT('',(-23.8462927406231,-53.039786406275,0.));
#11057=CARTESIAN_POINT('Origin',(-23.8462927406231,-53.039786406275,0.));
#11058=CARTESIAN_POINT('Origin',(-26.9032414018472,-21.999999999975,0.));
#11059=CARTESIAN_POINT('',(-18.9621793911474,-21.999999999975,9.));
#11060=CARTESIAN_POINT('Origin',(-17.,-21.612892731952,9.));
#11061=CARTESIAN_POINT('',(-18.8555591518717,-22.3591502169431,17.1435086311542));
#11062=CARTESIAN_POINT('',(-18.8555591518717,-22.3591502169431,9.));
#11063=CARTESIAN_POINT('',(-18.9621793911474,-21.999999999975,16.));
#11064=CARTESIAN_POINT('Ctrl Pts',(-18.8555591518714,-22.3591502169439,
17.1435086311553));
#11065=CARTESIAN_POINT('Ctrl Pts',(-18.8834400680735,-22.2898246955765,
17.044031667366));
#11066=CARTESIAN_POINT('Ctrl Pts',(-18.9038085148897,-22.2280153323082,
16.9357722945548));
#11067=CARTESIAN_POINT('Ctrl Pts',(-18.9531609860096,-22.0600409614569,
16.5631399744687));
#11068=CARTESIAN_POINT('Ctrl Pts',(-18.9621793911474,-21.999999999975,16.2736904668001));
#11069=CARTESIAN_POINT('Ctrl Pts',(-18.9621793911474,-21.999999999975,16.));
#11070=CARTESIAN_POINT('',(-18.9621793911474,-21.999999999975,9.));
#11071=CARTESIAN_POINT('',(-18.8555591518717,-22.3591502169431,9.));
#11072=CARTESIAN_POINT('',(-19.,-21.612892731952,9.));
#11073=CARTESIAN_POINT('Origin',(-19.,-21.999999999975,0.));
#11074=CARTESIAN_POINT('Origin',(-22.6149310513854,-23.999999999975,16.));
#11075=CARTESIAN_POINT('',(-22.6149310513854,-21.999999999975,16.));
#11076=CARTESIAN_POINT('Origin',(-18.1956521739139,-23.999999999975,16.));
#11077=CARTESIAN_POINT('Origin',(-9.75000000000002,-52.5834261322606,25.));
#11078=CARTESIAN_POINT('',(-9.75000000000002,-52.5834261322606,21.));
#11079=CARTESIAN_POINT('Origin',(-9.75000000000002,-54.786366276682,21.));
#11080=CARTESIAN_POINT('',(-19.,-21.999999999975,21.));
#11081=CARTESIAN_POINT('Origin',(23.25,-40.,11.5));
#11082=CARTESIAN_POINT('',(23.25,-38.35,11.5));
#11083=CARTESIAN_POINT('Origin',(23.25,-28.,11.5));
#11084=CARTESIAN_POINT('',(23.25,-26.35,11.5));
#11085=CARTESIAN_POINT('Origin',(-12.75,-52.1209391670372,15.6900207269687));
#11086=CARTESIAN_POINT('',(-12.75,-55.6209391670372,15.6900207269687));
#11087=CARTESIAN_POINT('Origin',(-12.75,-52.1209391670372,15.6900207269687));
#11088=CARTESIAN_POINT('',(-12.75,-55.6209391670372,15.6900207269687));
#11089=CARTESIAN_POINT('Origin',(-12.75,-52.1209391670372,15.6900207269687));
#11090=CARTESIAN_POINT('',(-12.75,-53.7209391670372,15.6900207269687));
#11091=CARTESIAN_POINT('Origin',(-12.75,-52.1209391670372,15.6900207269687));
#11092=CARTESIAN_POINT('Origin',(-9.75000000000002,-74.3099792730313,37.8790608329628));
#11093=CARTESIAN_POINT('',(-9.75000000000002,-77.8099792730313,37.8790608329628));
#11094=CARTESIAN_POINT('Origin',(-9.75000000000002,-57.,0.));
#11095=CARTESIAN_POINT('',(-9.75000000000002,-102.190020726969,37.8790608329628));
#11096=CARTESIAN_POINT('',(-9.75000000000002,-102.190020726969,37.8790608329628));
#11097=CARTESIAN_POINT('Origin',(-9.75000000000002,-105.690020726969,37.8790608329628));
#11098=CARTESIAN_POINT('Origin',(-9.75000000000002,-90.,0.));
#11099=CARTESIAN_POINT('',(-9.75000000000002,-129.479060832963,15.6900207269687));
#11100=CARTESIAN_POINT('Origin',(-9.75000000000002,-127.879060832963,15.6900207269687));
#11101=CARTESIAN_POINT('',(-9.75000000000002,-107.290020726969,37.8790608329628));
#11102=CARTESIAN_POINT('Origin',(-9.75000000000002,-105.690020726969,37.8790608329628));
#11103=CARTESIAN_POINT('',(-9.75000000000002,-126.539668819685,18.9235990907582));
#11104=CARTESIAN_POINT('Origin',(-20.75,-74.3099792730313,37.8790608329628));
#11105=CARTESIAN_POINT('',(-20.75,-75.9099792730313,37.8790608329628));
#11106=CARTESIAN_POINT('Origin',(-20.75,-127.879060832963,15.6900207269687));
#11107=CARTESIAN_POINT('',(-20.75,-129.479060832963,15.6900207269687));
#11108=CARTESIAN_POINT('Origin',(-20.75,-105.690020726969,37.8790608329628));
#11109=CARTESIAN_POINT('',(-20.75,-107.290020726969,37.8790608329628));
#11110=CARTESIAN_POINT('Origin',(-20.75,-52.1209391670372,15.6900207269687));
#11111=CARTESIAN_POINT('',(-20.75,-53.7209391670372,15.6900207269687));
#11112=CARTESIAN_POINT('Origin',(-18.4125000000001,-14.9999978812409,18.));
#11113=CARTESIAN_POINT('',(-18.4125000000001,-13.3999978812409,18.));
#11114=CARTESIAN_POINT('Origin',(-18.4125000000001,-14.9999986635519,6.));
#11115=CARTESIAN_POINT('',(-18.4125000000001,-13.3999986635519,6.));
#11116=CARTESIAN_POINT('Origin',(-9.75000000000002,-45.,0.));
#11117=CARTESIAN_POINT('Origin',(-9.75000000000002,-45.,18.));
#11118=CARTESIAN_POINT('Origin',(-26.9032414018472,-21.999999999975,0.));
#11119=CARTESIAN_POINT('Origin',(-11.55,-94.2519231907281,18.9395304164814));
#11120=CARTESIAN_POINT('Origin',(-11.55,-90.,0.));
#11121=CARTESIAN_POINT('Origin',(-9.75000000000002,-90.,0.));
#11122=CARTESIAN_POINT('Origin',(-9.75000000000002,-125.288557476157,18.4053718042297));
#11123=CARTESIAN_POINT('Origin',(-17.75,-90.,0.));
#11124=CARTESIAN_POINT('Origin',(-9.75000000000002,-77.8099792730313,32.8085872093889));
#11125=CARTESIAN_POINT('Origin',(-9.75000000000002,-90.,0.));
#11126=CARTESIAN_POINT('Origin',(-9.75000000000002,-105.690020726969,37.8790608329628));
#11127=CARTESIAN_POINT('',(-9.75000000000002,-102.190020726969,37.8790608329628));
#11128=CARTESIAN_POINT('Origin',(-9.75000000000002,-102.190020726969,37.8790608329628));
#11129=CARTESIAN_POINT('Origin',(-9.75000000000002,-53.1209391670372,4.44089209850063E-15));
#11130=CARTESIAN_POINT('Origin',(-24.25,-90.,0.));
#11131=CARTESIAN_POINT('',(-24.75,-110.,-2.44929359829471E-15));
#11132=CARTESIAN_POINT('',(-24.25,-110.,-2.44929359829471E-15));
#11133=CARTESIAN_POINT('Origin',(-24.75,-90.,0.));
#11134=CARTESIAN_POINT('Origin',(-24.75,-68.,0.));
#11135=CARTESIAN_POINT('',(-24.75,-112.03,-2.69789689852162E-15));
#11136=CARTESIAN_POINT('Origin',(-24.75,-90.,0.));
#11137=CARTESIAN_POINT('Origin',(-27.25,-90.,0.));
#11138=CARTESIAN_POINT('',(-27.25,-112.03,-2.69789689852162E-15));
#11139=UNCERTAINTY_MEASURE_WITH_UNIT(LENGTH_MEASURE(0.01),#11143,
'DISTANCE_ACCURACY_VALUE',
'Maximum model space distance between geometric entities at asserted c
onnectivities');
#11140=UNCERTAINTY_MEASURE_WITH_UNIT(LENGTH_MEASURE(0.01),#11143,
'DISTANCE_ACCURACY_VALUE',
'Maximum model space distance between geometric entities at asserted c
onnectivities');
#11141=(
GEOMETRIC_REPRESENTATION_CONTEXT(3)
GLOBAL_UNCERTAINTY_ASSIGNED_CONTEXT((#11139))
GLOBAL_UNIT_ASSIGNED_CONTEXT((#11143,#11145,#11146))
REPRESENTATION_CONTEXT('','3D')
);
#11142=(
GEOMETRIC_REPRESENTATION_CONTEXT(3)
GLOBAL_UNCERTAINTY_ASSIGNED_CONTEXT((#11140))
GLOBAL_UNIT_ASSIGNED_CONTEXT((#11143,#11145,#11146))
REPRESENTATION_CONTEXT('','3D')
);
#11143=(
LENGTH_UNIT()
NAMED_UNIT(*)
SI_UNIT(.MILLI.,.METRE.)
);
#11144=(
LENGTH_UNIT()
NAMED_UNIT(*)
SI_UNIT($,.METRE.)
);
#11145=(
NAMED_UNIT(*)
PLANE_ANGLE_UNIT()
SI_UNIT($,.RADIAN.)
);
#11146=(
NAMED_UNIT(*)
SI_UNIT($,.STERADIAN.)
SOLID_ANGLE_UNIT()
);
#11147=SHAPE_DEFINITION_REPRESENTATION(#11148,#11149);
#11148=PRODUCT_DEFINITION_SHAPE('',$,#11151);
#11149=SHAPE_REPRESENTATION('',(#5692),#11141);
#11150=PRODUCT_DEFINITION_CONTEXT('part definition',#11155,'design');
#11151=PRODUCT_DEFINITION('2026-09-19-17-00-13-219',
'CNC_arm02_x2_shoulder_roll_back_bearing_retainer',#11152,#11150);
#11152=PRODUCT_DEFINITION_FORMATION('',$,#11157);
#11153=PRODUCT_RELATED_PRODUCT_CATEGORY(
'CNC_arm02_x2_shoulder_roll_back_bearing_retainer',
'CNC_arm02_x2_shoulder_roll_back_bearing_retainer',(#11157));
#11154=APPLICATION_PROTOCOL_DEFINITION('international standard',
'automotive_design',2009,#11155);
#11155=APPLICATION_CONTEXT(
'Core Data for Automotive Mechanical Design Process');
#11156=PRODUCT_CONTEXT('part definition',#11155,'mechanical');
#11157=PRODUCT('2026-09-19-17-00-13-219',
'CNC_arm02_x2_shoulder_roll_back_bearing_retainer',$,(#11156));
#11158=PRESENTATION_STYLE_ASSIGNMENT((#11160));
#11159=PRESENTATION_STYLE_ASSIGNMENT((#11161));
#11160=SURFACE_STYLE_USAGE(.BOTH.,#11162);
#11161=SURFACE_STYLE_USAGE(.BOTH.,#11163);
#11162=SURFACE_SIDE_STYLE('',(#11164));
#11163=SURFACE_SIDE_STYLE('',(#11165));
#11164=SURFACE_STYLE_FILL_AREA(#11166);
#11165=SURFACE_STYLE_FILL_AREA(#11167);
#11166=FILL_AREA_STYLE('Steel - Satin',(#11168));
#11167=FILL_AREA_STYLE('Aluminum - Satin',(#11169));
#11168=FILL_AREA_STYLE_COLOUR('Steel - Satin',#11170);
#11169=FILL_AREA_STYLE_COLOUR('Aluminum - Satin',#11171);
#11170=COLOUR_RGB('Steel - Satin',0.627450980392157,0.627450980392157,0.627450980392157);
#11171=COLOUR_RGB('Aluminum - Satin',0.96078431372549,0.96078431372549,
0.964705882352941);
ENDSEC;
END-ISO-10303-21;
