ISO-10303-21;
HEADER;
/* Generated by software containing ST-Developer
 * from STEP Tools, Inc. (www.steptools.com) 
 */

FILE_DESCRIPTION(
/* description */ (''),
/* implementation_level */ '2;1');

FILE_NAME(
/* name */ 'CNC_leg03_x5_RS03_shaft_bearing_retainer.step',
/* time_stamp */ '2026-09-19T16:53:49-04:00',
/* author */ (''),
/* organization */ (''),
/* preprocessor_version */ 'ST-DEVELOPER v20.2',
/* originating_system */ 'Autodesk Translation Framework v15.15.0.0',
/* authorisation */ '');

FILE_SCHEMA (('AUTOMOTIVE_DESIGN { 1 0 10303 214 3 1 1 }'));
ENDSEC;

DATA;
#10=MECHANICAL_DESIGN_GEOMETRIC_PRESENTATION_REPRESENTATION('',(#13),#16254);
#11=SHAPE_REPRESENTATION_RELATIONSHIP('SRR','None',#16261,#12);
#12=ADVANCED_BREP_SHAPE_REPRESENTATION('',(#14),#16253);
#13=STYLED_ITEM('',(#16271),#14);
#14=MANIFOLD_SOLID_BREP('Body1',#8504);
#15=FACE_BOUND('',#2035,.T.);
#16=FACE_BOUND('',#2218,.T.);
#17=FACE_BOUND('',#2219,.T.);
#18=FACE_BOUND('',#2220,.T.);
#19=FACE_BOUND('',#2221,.T.);
#20=FACE_BOUND('',#2222,.T.);
#21=FACE_BOUND('',#2223,.T.);
#22=FACE_BOUND('',#2224,.T.);
#23=FACE_BOUND('',#2225,.T.);
#24=FACE_BOUND('',#2226,.T.);
#25=FACE_BOUND('',#2319,.T.);
#26=FACE_BOUND('',#2321,.T.);
#27=FACE_BOUND('',#2322,.T.);
#28=FACE_BOUND('',#2323,.T.);
#29=FACE_BOUND('',#2324,.T.);
#30=FACE_BOUND('',#2325,.T.);
#31=FACE_BOUND('',#2326,.T.);
#32=FACE_BOUND('',#2327,.T.);
#33=FACE_BOUND('',#2328,.T.);
#34=FACE_BOUND('',#2329,.T.);
#35=FACE_BOUND('',#2330,.T.);
#36=FACE_BOUND('',#2331,.T.);
#37=FACE_BOUND('',#2332,.T.);
#38=FACE_BOUND('',#2333,.T.);
#39=FACE_BOUND('',#2334,.T.);
#40=FACE_BOUND('',#2335,.T.);
#41=FACE_BOUND('',#2336,.T.);
#42=FACE_BOUND('',#2337,.T.);
#43=SPHERICAL_SURFACE('',#8608,1.);
#44=SPHERICAL_SURFACE('',#8613,1.);
#45=SPHERICAL_SURFACE('',#8628,1.);
#46=SPHERICAL_SURFACE('',#8633,1.);
#47=SPHERICAL_SURFACE('',#8649,1.);
#48=SPHERICAL_SURFACE('',#8654,1.);
#49=SPHERICAL_SURFACE('',#8670,1.);
#50=SPHERICAL_SURFACE('',#8675,1.);
#51=SPHERICAL_SURFACE('',#8685,1.);
#52=SPHERICAL_SURFACE('',#8695,1.);
#53=SPHERICAL_SURFACE('',#8699,1.);
#54=SPHERICAL_SURFACE('',#8709,1.);
#55=SPHERICAL_SURFACE('',#8719,1.);
#56=SPHERICAL_SURFACE('',#8723,1.);
#57=SPHERICAL_SURFACE('',#8727,1.);
#58=SPHERICAL_SURFACE('',#8732,1.);
#59=SPHERICAL_SURFACE('',#8880,1.);
#60=SPHERICAL_SURFACE('',#8885,1.);
#61=SPHERICAL_SURFACE('',#8901,1.);
#62=SPHERICAL_SURFACE('',#8906,1.);
#63=SPHERICAL_SURFACE('',#8922,1.);
#64=SPHERICAL_SURFACE('',#8927,1.);
#65=SPHERICAL_SURFACE('',#8943,1.);
#66=SPHERICAL_SURFACE('',#8948,1.);
#67=SPHERICAL_SURFACE('',#8958,1.);
#68=SPHERICAL_SURFACE('',#8968,1.);
#69=SPHERICAL_SURFACE('',#8972,1.);
#70=SPHERICAL_SURFACE('',#8982,1.);
#71=SPHERICAL_SURFACE('',#8992,1.);
#72=SPHERICAL_SURFACE('',#8996,1.);
#73=SPHERICAL_SURFACE('',#9000,1.);
#74=SPHERICAL_SURFACE('',#9005,1.);
#75=SPHERICAL_SURFACE('',#9217,1.);
#76=SPHERICAL_SURFACE('',#9221,1.);
#77=SPHERICAL_SURFACE('',#9235,1.);
#78=SPHERICAL_SURFACE('',#9239,1.);
#79=SPHERICAL_SURFACE('',#9254,1.);
#80=SPHERICAL_SURFACE('',#9258,1.);
#81=SPHERICAL_SURFACE('',#9273,1.);
#82=SPHERICAL_SURFACE('',#9277,1.);
#83=SPHERICAL_SURFACE('',#9287,1.);
#84=SPHERICAL_SURFACE('',#9295,1.);
#85=SPHERICAL_SURFACE('',#9298,1.);
#86=SPHERICAL_SURFACE('',#9306,1.);
#87=SPHERICAL_SURFACE('',#9314,1.);
#88=SPHERICAL_SURFACE('',#9317,1.);
#89=SPHERICAL_SURFACE('',#9320,1.);
#90=SPHERICAL_SURFACE('',#9324,1.);
#91=SPHERICAL_SURFACE('',#9499,1.);
#92=SPHERICAL_SURFACE('',#9503,1.);
#93=SPHERICAL_SURFACE('',#9518,1.);
#94=SPHERICAL_SURFACE('',#9522,1.);
#95=SPHERICAL_SURFACE('',#9537,1.);
#96=SPHERICAL_SURFACE('',#9541,1.);
#97=SPHERICAL_SURFACE('',#9556,1.);
#98=SPHERICAL_SURFACE('',#9560,1.);
#99=SPHERICAL_SURFACE('',#9572,1.);
#100=SPHERICAL_SURFACE('',#9580,1.);
#101=SPHERICAL_SURFACE('',#9583,1.);
#102=SPHERICAL_SURFACE('',#9591,1.);
#103=SPHERICAL_SURFACE('',#9599,1.);
#104=SPHERICAL_SURFACE('',#9602,1.);
#105=SPHERICAL_SURFACE('',#9605,1.);
#106=SPHERICAL_SURFACE('',#9609,1.);
#107=TOROIDAL_SURFACE('',#8603,34.03,1.);
#108=TOROIDAL_SURFACE('',#8623,34.03,1.);
#109=TOROIDAL_SURFACE('',#8644,34.03,1.);
#110=TOROIDAL_SURFACE('',#8665,34.03,1.);
#111=TOROIDAL_SURFACE('',#8687,32.0000001300576,1.);
#112=TOROIDAL_SURFACE('',#8701,32.0000001300576,1.);
#113=TOROIDAL_SURFACE('',#8711,32.0000001300576,1.);
#114=TOROIDAL_SURFACE('',#8734,32.0000001300576,1.);
#115=TOROIDAL_SURFACE('',#8875,34.03,1.);
#116=TOROIDAL_SURFACE('',#8896,34.03,1.);
#117=TOROIDAL_SURFACE('',#8917,34.03,1.);
#118=TOROIDAL_SURFACE('',#8938,34.03,1.);
#119=TOROIDAL_SURFACE('',#8960,32.0000001300576,1.);
#120=TOROIDAL_SURFACE('',#8974,32.0000001300576,1.);
#121=TOROIDAL_SURFACE('',#8984,32.0000001300576,1.);
#122=TOROIDAL_SURFACE('',#9007,32.0000001300576,1.);
#123=TOROIDAL_SURFACE('',#9212,34.03,1.);
#124=TOROIDAL_SURFACE('',#9230,34.03,1.);
#125=TOROIDAL_SURFACE('',#9249,34.03,1.);
#126=TOROIDAL_SURFACE('',#9268,34.03,1.);
#127=TOROIDAL_SURFACE('',#9289,32.0000001300576,1.);
#128=TOROIDAL_SURFACE('',#9300,32.0000001300576,1.);
#129=TOROIDAL_SURFACE('',#9308,32.0000001300576,1.);
#130=TOROIDAL_SURFACE('',#9326,32.0000001300576,1.);
#131=TOROIDAL_SURFACE('',#9473,31.1715728752538,2.);
#132=TOROIDAL_SURFACE('',#9481,38.3284271247461,2.);
#133=TOROIDAL_SURFACE('',#9494,34.03,1.);
#134=TOROIDAL_SURFACE('',#9513,34.03,1.);
#135=TOROIDAL_SURFACE('',#9532,34.03,1.);
#136=TOROIDAL_SURFACE('',#9551,34.03,1.);
#137=TOROIDAL_SURFACE('',#9574,32.0000001300576,1.);
#138=TOROIDAL_SURFACE('',#9585,32.0000001300576,1.);
#139=TOROIDAL_SURFACE('',#9593,32.0000001300576,1.);
#140=TOROIDAL_SURFACE('',#9611,32.0000001300576,1.);
#141=CYLINDRICAL_SURFACE('',#8524,4.3);
#142=CYLINDRICAL_SURFACE('',#8536,4.3);
#143=CYLINDRICAL_SURFACE('',#8554,4.);
#144=CYLINDRICAL_SURFACE('',#8556,37.);
#145=CYLINDRICAL_SURFACE('',#8558,4.);
#146=CYLINDRICAL_SURFACE('',#8579,8.);
#147=CYLINDRICAL_SURFACE('',#8581,8.);
#148=CYLINDRICAL_SURFACE('',#8583,45.);
#149=CYLINDRICAL_SURFACE('',#8585,7.99999999999998);
#150=CYLINDRICAL_SURFACE('',#8587,8.);
#151=CYLINDRICAL_SURFACE('',#8589,2.125);
#152=CYLINDRICAL_SURFACE('',#8592,2.125);
#153=CYLINDRICAL_SURFACE('',#8595,4.);
#154=CYLINDRICAL_SURFACE('',#8598,4.);
#155=CYLINDRICAL_SURFACE('',#8600,1.);
#156=CYLINDRICAL_SURFACE('',#8610,1.);
#157=CYLINDRICAL_SURFACE('',#8620,1.);
#158=CYLINDRICAL_SURFACE('',#8630,1.);
#159=CYLINDRICAL_SURFACE('',#8641,1.);
#160=CYLINDRICAL_SURFACE('',#8651,1.);
#161=CYLINDRICAL_SURFACE('',#8662,1.);
#162=CYLINDRICAL_SURFACE('',#8672,1.);
#163=CYLINDRICAL_SURFACE('',#8682,1.);
#164=CYLINDRICAL_SURFACE('',#8690,31.0000001300576);
#165=CYLINDRICAL_SURFACE('',#8692,1.);
#166=CYLINDRICAL_SURFACE('',#8696,1.);
#167=CYLINDRICAL_SURFACE('',#8704,31.0000001300576);
#168=CYLINDRICAL_SURFACE('',#8706,1.);
#169=CYLINDRICAL_SURFACE('',#8714,31.0000001300576);
#170=CYLINDRICAL_SURFACE('',#8716,1.);
#171=CYLINDRICAL_SURFACE('',#8720,1.);
#172=CYLINDRICAL_SURFACE('',#8724,1.);
#173=CYLINDRICAL_SURFACE('',#8729,1.);
#174=CYLINDRICAL_SURFACE('',#8736,31.0000001300576);
#175=CYLINDRICAL_SURFACE('',#8753,37.735327733916);
#176=CYLINDRICAL_SURFACE('',#8755,0.999999999999986);
#177=CYLINDRICAL_SURFACE('',#8758,1.00000000000002);
#178=CYLINDRICAL_SURFACE('',#8760,0.999999999999996);
#179=CYLINDRICAL_SURFACE('',#8762,6.30000000000001);
#180=CYLINDRICAL_SURFACE('',#8764,0.999999999999985);
#181=CYLINDRICAL_SURFACE('',#8767,6.30000000000004);
#182=CYLINDRICAL_SURFACE('',#8769,1.00000000000003);
#183=CYLINDRICAL_SURFACE('',#8772,1.00000000000001);
#184=CYLINDRICAL_SURFACE('',#8774,0.999999999999987);
#185=CYLINDRICAL_SURFACE('',#8776,37.735327733916);
#186=CYLINDRICAL_SURFACE('',#8778,1.00000000000002);
#187=CYLINDRICAL_SURFACE('',#8787,4.3);
#188=CYLINDRICAL_SURFACE('',#8802,4.3);
#189=CYLINDRICAL_SURFACE('',#8823,4.);
#190=CYLINDRICAL_SURFACE('',#8825,37.);
#191=CYLINDRICAL_SURFACE('',#8827,4.);
#192=CYLINDRICAL_SURFACE('',#8851,45.);
#193=CYLINDRICAL_SURFACE('',#8852,8.);
#194=CYLINDRICAL_SURFACE('',#8853,8.);
#195=CYLINDRICAL_SURFACE('',#8855,45.);
#196=CYLINDRICAL_SURFACE('',#8857,7.99999999999999);
#197=CYLINDRICAL_SURFACE('',#8859,8.);
#198=CYLINDRICAL_SURFACE('',#8861,2.125);
#199=CYLINDRICAL_SURFACE('',#8864,2.125);
#200=CYLINDRICAL_SURFACE('',#8867,4.);
#201=CYLINDRICAL_SURFACE('',#8870,4.);
#202=CYLINDRICAL_SURFACE('',#8872,1.);
#203=CYLINDRICAL_SURFACE('',#8882,1.);
#204=CYLINDRICAL_SURFACE('',#8893,1.);
#205=CYLINDRICAL_SURFACE('',#8903,1.);
#206=CYLINDRICAL_SURFACE('',#8914,1.);
#207=CYLINDRICAL_SURFACE('',#8924,1.);
#208=CYLINDRICAL_SURFACE('',#8935,1.);
#209=CYLINDRICAL_SURFACE('',#8945,1.);
#210=CYLINDRICAL_SURFACE('',#8955,1.);
#211=CYLINDRICAL_SURFACE('',#8963,31.0000001300576);
#212=CYLINDRICAL_SURFACE('',#8965,1.);
#213=CYLINDRICAL_SURFACE('',#8969,1.);
#214=CYLINDRICAL_SURFACE('',#8977,31.0000001300576);
#215=CYLINDRICAL_SURFACE('',#8979,1.);
#216=CYLINDRICAL_SURFACE('',#8987,31.0000001300576);
#217=CYLINDRICAL_SURFACE('',#8989,1.);
#218=CYLINDRICAL_SURFACE('',#8993,1.);
#219=CYLINDRICAL_SURFACE('',#8997,1.);
#220=CYLINDRICAL_SURFACE('',#9002,1.);
#221=CYLINDRICAL_SURFACE('',#9009,31.0000001300576);
#222=CYLINDRICAL_SURFACE('',#9027,37.);
#223=CYLINDRICAL_SURFACE('',#9029,37.735327733916);
#224=CYLINDRICAL_SURFACE('',#9031,0.999999999999986);
#225=CYLINDRICAL_SURFACE('',#9034,1.00000000000002);
#226=CYLINDRICAL_SURFACE('',#9036,0.999999999999996);
#227=CYLINDRICAL_SURFACE('',#9038,6.30000000000001);
#228=CYLINDRICAL_SURFACE('',#9040,0.999999999999985);
#229=CYLINDRICAL_SURFACE('',#9043,6.30000000000004);
#230=CYLINDRICAL_SURFACE('',#9045,1.00000000000003);
#231=CYLINDRICAL_SURFACE('',#9048,1.00000000000001);
#232=CYLINDRICAL_SURFACE('',#9050,0.999999999999987);
#233=CYLINDRICAL_SURFACE('',#9052,37.735327733916);
#234=CYLINDRICAL_SURFACE('',#9054,1.00000000000002);
#235=CYLINDRICAL_SURFACE('',#9127,4.3);
#236=CYLINDRICAL_SURFACE('',#9139,4.3);
#237=CYLINDRICAL_SURFACE('',#9157,4.);
#238=CYLINDRICAL_SURFACE('',#9159,37.);
#239=CYLINDRICAL_SURFACE('',#9161,4.);
#240=CYLINDRICAL_SURFACE('',#9185,8.);
#241=CYLINDRICAL_SURFACE('',#9187,8.);
#242=CYLINDRICAL_SURFACE('',#9189,45.);
#243=CYLINDRICAL_SURFACE('',#9191,7.99999999999999);
#244=CYLINDRICAL_SURFACE('',#9193,8.);
#245=CYLINDRICAL_SURFACE('',#9195,45.);
#246=CYLINDRICAL_SURFACE('',#9197,2.125);
#247=CYLINDRICAL_SURFACE('',#9200,2.125);
#248=CYLINDRICAL_SURFACE('',#9203,4.);
#249=CYLINDRICAL_SURFACE('',#9206,4.);
#250=CYLINDRICAL_SURFACE('',#9208,37.);
#251=CYLINDRICAL_SURFACE('',#9210,1.);
#252=CYLINDRICAL_SURFACE('',#9219,1.);
#253=CYLINDRICAL_SURFACE('',#9228,1.);
#254=CYLINDRICAL_SURFACE('',#9237,1.);
#255=CYLINDRICAL_SURFACE('',#9247,1.);
#256=CYLINDRICAL_SURFACE('',#9256,1.);
#257=CYLINDRICAL_SURFACE('',#9266,1.);
#258=CYLINDRICAL_SURFACE('',#9275,1.);
#259=CYLINDRICAL_SURFACE('',#9285,1.);
#260=CYLINDRICAL_SURFACE('',#9292,31.0000001300576);
#261=CYLINDRICAL_SURFACE('',#9293,1.);
#262=CYLINDRICAL_SURFACE('',#9296,1.);
#263=CYLINDRICAL_SURFACE('',#9303,31.0000001300576);
#264=CYLINDRICAL_SURFACE('',#9304,1.);
#265=CYLINDRICAL_SURFACE('',#9311,31.0000001300576);
#266=CYLINDRICAL_SURFACE('',#9312,1.);
#267=CYLINDRICAL_SURFACE('',#9315,1.);
#268=CYLINDRICAL_SURFACE('',#9318,1.);
#269=CYLINDRICAL_SURFACE('',#9322,1.);
#270=CYLINDRICAL_SURFACE('',#9328,31.0000001300576);
#271=CYLINDRICAL_SURFACE('',#9345,37.735327733916);
#272=CYLINDRICAL_SURFACE('',#9347,0.999999999999986);
#273=CYLINDRICAL_SURFACE('',#9350,1.00000000000002);
#274=CYLINDRICAL_SURFACE('',#9352,0.999999999999996);
#275=CYLINDRICAL_SURFACE('',#9354,6.30000000000001);
#276=CYLINDRICAL_SURFACE('',#9356,0.999999999999985);
#277=CYLINDRICAL_SURFACE('',#9359,6.30000000000004);
#278=CYLINDRICAL_SURFACE('',#9361,1.00000000000003);
#279=CYLINDRICAL_SURFACE('',#9364,1.00000000000001);
#280=CYLINDRICAL_SURFACE('',#9366,0.999999999999987);
#281=CYLINDRICAL_SURFACE('',#9368,37.735327733916);
#282=CYLINDRICAL_SURFACE('',#9370,1.00000000000002);
#283=CYLINDRICAL_SURFACE('',#9382,4.3);
#284=CYLINDRICAL_SURFACE('',#9397,4.3);
#285=CYLINDRICAL_SURFACE('',#9418,4.);
#286=CYLINDRICAL_SURFACE('',#9420,37.);
#287=CYLINDRICAL_SURFACE('',#9422,4.);
#288=CYLINDRICAL_SURFACE('',#9427,29.03);
#289=CYLINDRICAL_SURFACE('',#9455,45.);
#290=CYLINDRICAL_SURFACE('',#9456,8.);
#291=CYLINDRICAL_SURFACE('',#9457,8.);
#292=CYLINDRICAL_SURFACE('',#9459,45.);
#293=CYLINDRICAL_SURFACE('',#9461,7.99999999999999);
#294=CYLINDRICAL_SURFACE('',#9463,8.);
#295=CYLINDRICAL_SURFACE('',#9465,45.);
#296=CYLINDRICAL_SURFACE('',#9467,2.125);
#297=CYLINDRICAL_SURFACE('',#9470,2.125);
#298=CYLINDRICAL_SURFACE('',#9485,4.);
#299=CYLINDRICAL_SURFACE('',#9488,4.);
#300=CYLINDRICAL_SURFACE('',#9490,37.);
#301=CYLINDRICAL_SURFACE('',#9492,1.);
#302=CYLINDRICAL_SURFACE('',#9501,1.);
#303=CYLINDRICAL_SURFACE('',#9511,1.);
#304=CYLINDRICAL_SURFACE('',#9520,1.);
#305=CYLINDRICAL_SURFACE('',#9530,1.);
#306=CYLINDRICAL_SURFACE('',#9539,1.);
#307=CYLINDRICAL_SURFACE('',#9549,1.);
#308=CYLINDRICAL_SURFACE('',#9558,1.);
#309=CYLINDRICAL_SURFACE('',#9568,35.03);
#310=CYLINDRICAL_SURFACE('',#9570,1.);
#311=CYLINDRICAL_SURFACE('',#9577,31.0000001300576);
#312=CYLINDRICAL_SURFACE('',#9578,1.);
#313=CYLINDRICAL_SURFACE('',#9581,1.);
#314=CYLINDRICAL_SURFACE('',#9588,31.0000001300576);
#315=CYLINDRICAL_SURFACE('',#9589,1.);
#316=CYLINDRICAL_SURFACE('',#9596,31.0000001300576);
#317=CYLINDRICAL_SURFACE('',#9597,1.);
#318=CYLINDRICAL_SURFACE('',#9600,1.);
#319=CYLINDRICAL_SURFACE('',#9603,1.);
#320=CYLINDRICAL_SURFACE('',#9607,1.);
#321=CYLINDRICAL_SURFACE('',#9613,31.0000001300576);
#322=CYLINDRICAL_SURFACE('',#9631,37.);
#323=CYLINDRICAL_SURFACE('',#9633,37.735327733916);
#324=CYLINDRICAL_SURFACE('',#9635,0.999999999999986);
#325=CYLINDRICAL_SURFACE('',#9638,1.00000000000002);
#326=CYLINDRICAL_SURFACE('',#9640,0.999999999999996);
#327=CYLINDRICAL_SURFACE('',#9642,6.30000000000001);
#328=CYLINDRICAL_SURFACE('',#9644,0.999999999999985);
#329=CYLINDRICAL_SURFACE('',#9647,6.30000000000004);
#330=CYLINDRICAL_SURFACE('',#9649,1.00000000000003);
#331=CYLINDRICAL_SURFACE('',#9652,1.00000000000001);
#332=CYLINDRICAL_SURFACE('',#9654,0.999999999999987);
#333=CYLINDRICAL_SURFACE('',#9656,37.735327733916);
#334=CYLINDRICAL_SURFACE('',#9658,1.00000000000002);
#335=B_SPLINE_CURVE_WITH_KNOTS('',3,(#12481,#12482,#12483,#12484,#12485,
#12486,#12487,#12488,#12489,#12490),.UNSPECIFIED.,.F.,.F.,(4,3,3,4),(0.0157435229557881,
0.0484221678357697,0.0819563500040346,0.12749258439575),.UNSPECIFIED.);
#336=B_SPLINE_CURVE_WITH_KNOTS('',3,(#12492,#12493,#12494,#12495),
 .UNSPECIFIED.,.F.,.F.,(4,4),(1.43613121809155,1.54454918867762),
 .UNSPECIFIED.);
#337=B_SPLINE_CURVE_WITH_KNOTS('',3,(#12499,#12500,#12501,#12502),
 .UNSPECIFIED.,.F.,.F.,(4,4),(1.57215600788073,1.60037621683805),
 .UNSPECIFIED.);
#338=B_SPLINE_CURVE_WITH_KNOTS('',3,(#12554,#12555,#12556,#12557,#12558,
#12559,#12560,#12561,#12562,#12563),.UNSPECIFIED.,.F.,.F.,(4,3,3,4),(0.,
0.0340798963814501,0.0861362017431505,0.111752846533478),.UNSPECIFIED.);
#339=B_SPLINE_CURVE_WITH_KNOTS('',3,(#12566,#12567,#12568,#12569),
 .UNSPECIFIED.,.F.,.F.,(4,4),(-0.878824624626368,-0.77040665404031),
 .UNSPECIFIED.);
#340=B_SPLINE_CURVE_WITH_KNOTS('',3,(#12572,#12573,#12574,#12575),
 .UNSPECIFIED.,.F.,.F.,(4,4),(1.60037621683805,1.62859642579538),
 .UNSPECIFIED.);
#341=B_SPLINE_CURVE_WITH_KNOTS('',3,(#12645,#12646,#12647,#12648,#12649,
#12650,#12651),.UNSPECIFIED.,.F.,.F.,(4,3,4),(0.,0.0415820247860966,0.111814189929236),
 .UNSPECIFIED.);
#342=B_SPLINE_CURVE_WITH_KNOTS('',3,(#12653,#12654,#12655,#12656),
 .UNSPECIFIED.,.F.,.F.,(4,4),(-1.0596700238898,-0.951252053303743),
 .UNSPECIFIED.);
#343=B_SPLINE_CURVE_WITH_KNOTS('',3,(#12658,#12659,#12660,#12661),
 .UNSPECIFIED.,.F.,.F.,(4,4),(1.60037621683809,1.62859642579541),
 .UNSPECIFIED.);
#344=B_SPLINE_CURVE_WITH_KNOTS('',3,(#12679,#12680,#12681,#12682,#12683,
#12684,#12685),.UNSPECIFIED.,.F.,.F.,(4,3,4),(0.0157468294248769,0.0796189656624479,
0.127543104096844),.UNSPECIFIED.);
#345=B_SPLINE_CURVE_WITH_KNOTS('',3,(#12686,#12687,#12688,#12689),
 .UNSPECIFIED.,.F.,.F.,(4,4),(1.616976617355,1.72539458794106),
 .UNSPECIFIED.);
#346=B_SPLINE_CURVE_WITH_KNOTS('',3,(#12692,#12693,#12694,#12695),
 .UNSPECIFIED.,.F.,.F.,(4,4),(1.57215600788075,1.60037621683808),
 .UNSPECIFIED.);
#347=B_SPLINE_CURVE_WITH_KNOTS('',3,(#12841,#12842,#12843,#12844),
 .UNSPECIFIED.,.F.,.F.,(4,4),(-0.287151295957646,0.),.UNSPECIFIED.);
#348=B_SPLINE_CURVE_WITH_KNOTS('',3,(#12847,#12848,#12849,#12850),
 .UNSPECIFIED.,.F.,.F.,(4,4),(0.,0.287151295957646),.UNSPECIFIED.);
#349=B_SPLINE_CURVE_WITH_KNOTS('',3,(#12853,#12854,#12855,#12856),
 .UNSPECIFIED.,.F.,.F.,(4,4),(-0.28290773787847,0.00424355808147174),
 .UNSPECIFIED.);
#350=B_SPLINE_CURVE_WITH_KNOTS('',3,(#12879,#12880,#12881,#12882),
 .UNSPECIFIED.,.F.,.F.,(4,4),(-0.00424355808147174,0.28290773787847),
 .UNSPECIFIED.);
#351=B_SPLINE_CURVE_WITH_KNOTS('',3,(#12919,#12920,#12921,#12922),
 .UNSPECIFIED.,.F.,.F.,(4,4),(0.,0.287151295962706),.UNSPECIFIED.);
#352=B_SPLINE_CURVE_WITH_KNOTS('',3,(#12947,#12948,#12949,#12950),
 .UNSPECIFIED.,.F.,.F.,(4,4),(-0.287151295962706,0.),.UNSPECIFIED.);
#353=B_SPLINE_CURVE_WITH_KNOTS('',3,(#12954,#12955,#12956,#12957),
 .UNSPECIFIED.,.F.,.F.,(4,4),(-0.282907737879292,0.00424355808378543),
 .UNSPECIFIED.);
#354=B_SPLINE_CURVE_WITH_KNOTS('',3,(#12980,#12981,#12982,#12983),
 .UNSPECIFIED.,.F.,.F.,(4,4),(-0.00424355808378543,0.282907737879292),
 .UNSPECIFIED.);
#355=B_SPLINE_CURVE_WITH_KNOTS('',3,(#13020,#13021,#13022,#13023),
 .UNSPECIFIED.,.F.,.F.,(4,4),(0.,0.287151295963041),.UNSPECIFIED.);
#356=B_SPLINE_CURVE_WITH_KNOTS('',3,(#13048,#13049,#13050,#13051),
 .UNSPECIFIED.,.F.,.F.,(4,4),(-0.287151295963041,0.),.UNSPECIFIED.);
#357=B_SPLINE_CURVE_WITH_KNOTS('',3,(#13055,#13056,#13057,#13058),
 .UNSPECIFIED.,.F.,.F.,(4,4),(-0.282907737879203,0.00424355808353099),
 .UNSPECIFIED.);
#358=B_SPLINE_CURVE_WITH_KNOTS('',3,(#13081,#13082,#13083,#13084),
 .UNSPECIFIED.,.F.,.F.,(4,4),(-0.00424355808353099,0.282907737879203),
 .UNSPECIFIED.);
#359=B_SPLINE_CURVE_WITH_KNOTS('',3,(#13121,#13122,#13123,#13124),
 .UNSPECIFIED.,.F.,.F.,(4,4),(0.,0.287151295959896),.UNSPECIFIED.);
#360=B_SPLINE_CURVE_WITH_KNOTS('',3,(#13149,#13150,#13151,#13152),
 .UNSPECIFIED.,.F.,.F.,(4,4),(-0.287151295959896,0.),.UNSPECIFIED.);
#361=B_SPLINE_CURVE_WITH_KNOTS('',3,(#13156,#13157,#13158,#13159),
 .UNSPECIFIED.,.F.,.F.,(4,4),(-0.282907737877882,0.00424355807980431),
 .UNSPECIFIED.);
#362=B_SPLINE_CURVE_WITH_KNOTS('',3,(#13182,#13183,#13184,#13185),
 .UNSPECIFIED.,.F.,.F.,(4,4),(-0.00424355807980431,0.282907737877882),
 .UNSPECIFIED.);
#363=B_SPLINE_CURVE_WITH_KNOTS('',3,(#13402,#13403,#13404,#13405,#13406,
#13407,#13408,#13409,#13410,#13411),.UNSPECIFIED.,.F.,.F.,(4,3,3,4),(0.0157435229557881,
0.0484221678357697,0.0819563500040346,0.12749258439575),.UNSPECIFIED.);
#364=B_SPLINE_CURVE_WITH_KNOTS('',3,(#13414,#13415,#13416,#13417),
 .UNSPECIFIED.,.F.,.F.,(4,4),(1.43613121809155,1.54454918867762),
 .UNSPECIFIED.);
#365=B_SPLINE_CURVE_WITH_KNOTS('',3,(#13420,#13421,#13422,#13423),
 .UNSPECIFIED.,.F.,.F.,(4,4),(1.57215600788073,1.60037621683805),
 .UNSPECIFIED.);
#366=B_SPLINE_CURVE_WITH_KNOTS('',3,(#13478,#13479,#13480,#13481,#13482,
#13483,#13484,#13485,#13486,#13487),.UNSPECIFIED.,.F.,.F.,(4,3,3,4),(0.,
0.0340798963814501,0.0861362017431505,0.111752846533478),.UNSPECIFIED.);
#367=B_SPLINE_CURVE_WITH_KNOTS('',3,(#13489,#13490,#13491,#13492),
 .UNSPECIFIED.,.F.,.F.,(4,4),(-0.878824624626368,-0.77040665404031),
 .UNSPECIFIED.);
#368=B_SPLINE_CURVE_WITH_KNOTS('',3,(#13496,#13497,#13498,#13499),
 .UNSPECIFIED.,.F.,.F.,(4,4),(1.60037621683805,1.62859642579538),
 .UNSPECIFIED.);
#369=B_SPLINE_CURVE_WITH_KNOTS('',3,(#13573,#13574,#13575,#13576,#13577,
#13578,#13579),.UNSPECIFIED.,.F.,.F.,(4,3,4),(0.,0.0415820247860966,0.111814189929236),
 .UNSPECIFIED.);
#370=B_SPLINE_CURVE_WITH_KNOTS('',3,(#13580,#13581,#13582,#13583),
 .UNSPECIFIED.,.F.,.F.,(4,4),(-1.0596700238898,-0.951252053303743),
 .UNSPECIFIED.);
#371=B_SPLINE_CURVE_WITH_KNOTS('',3,(#13586,#13587,#13588,#13589),
 .UNSPECIFIED.,.F.,.F.,(4,4),(1.60037621683809,1.62859642579541),
 .UNSPECIFIED.);
#372=B_SPLINE_CURVE_WITH_KNOTS('',3,(#13607,#13608,#13609,#13610,#13611,
#13612,#13613),.UNSPECIFIED.,.F.,.F.,(4,3,4),(0.0157468294248769,0.0796189656624479,
0.127543104096844),.UNSPECIFIED.);
#373=B_SPLINE_CURVE_WITH_KNOTS('',3,(#13615,#13616,#13617,#13618),
 .UNSPECIFIED.,.F.,.F.,(4,4),(1.616976617355,1.72539458794106),
 .UNSPECIFIED.);
#374=B_SPLINE_CURVE_WITH_KNOTS('',3,(#13620,#13621,#13622,#13623),
 .UNSPECIFIED.,.F.,.F.,(4,4),(1.57215600788075,1.60037621683808),
 .UNSPECIFIED.);
#375=B_SPLINE_CURVE_WITH_KNOTS('',3,(#13755,#13756,#13757,#13758),
 .UNSPECIFIED.,.F.,.F.,(4,4),(0.,0.287151295957646),.UNSPECIFIED.);
#376=B_SPLINE_CURVE_WITH_KNOTS('',3,(#13781,#13782,#13783,#13784),
 .UNSPECIFIED.,.F.,.F.,(4,4),(-0.287151295957646,0.),.UNSPECIFIED.);
#377=B_SPLINE_CURVE_WITH_KNOTS('',3,(#13788,#13789,#13790,#13791),
 .UNSPECIFIED.,.F.,.F.,(4,4),(-0.28290773787847,0.00424355808147174),
 .UNSPECIFIED.);
#378=B_SPLINE_CURVE_WITH_KNOTS('',3,(#13814,#13815,#13816,#13817),
 .UNSPECIFIED.,.F.,.F.,(4,4),(-0.00424355808147174,0.28290773787847),
 .UNSPECIFIED.);
#379=B_SPLINE_CURVE_WITH_KNOTS('',3,(#13856,#13857,#13858,#13859),
 .UNSPECIFIED.,.F.,.F.,(4,4),(0.,0.287151295962706),.UNSPECIFIED.);
#380=B_SPLINE_CURVE_WITH_KNOTS('',3,(#13882,#13883,#13884,#13885),
 .UNSPECIFIED.,.F.,.F.,(4,4),(-0.287151295962706,0.),.UNSPECIFIED.);
#381=B_SPLINE_CURVE_WITH_KNOTS('',3,(#13889,#13890,#13891,#13892),
 .UNSPECIFIED.,.F.,.F.,(4,4),(-0.282907737879292,0.00424355808378543),
 .UNSPECIFIED.);
#382=B_SPLINE_CURVE_WITH_KNOTS('',3,(#13915,#13916,#13917,#13918),
 .UNSPECIFIED.,.F.,.F.,(4,4),(-0.00424355808378543,0.282907737879292),
 .UNSPECIFIED.);
#383=B_SPLINE_CURVE_WITH_KNOTS('',3,(#13957,#13958,#13959,#13960),
 .UNSPECIFIED.,.F.,.F.,(4,4),(0.,0.287151295963041),.UNSPECIFIED.);
#384=B_SPLINE_CURVE_WITH_KNOTS('',3,(#13983,#13984,#13985,#13986),
 .UNSPECIFIED.,.F.,.F.,(4,4),(-0.287151295963041,0.),.UNSPECIFIED.);
#385=B_SPLINE_CURVE_WITH_KNOTS('',3,(#13990,#13991,#13992,#13993),
 .UNSPECIFIED.,.F.,.F.,(4,4),(-0.282907737879203,0.00424355808353099),
 .UNSPECIFIED.);
#386=B_SPLINE_CURVE_WITH_KNOTS('',3,(#14016,#14017,#14018,#14019),
 .UNSPECIFIED.,.F.,.F.,(4,4),(-0.00424355808353099,0.282907737879203),
 .UNSPECIFIED.);
#387=B_SPLINE_CURVE_WITH_KNOTS('',3,(#14058,#14059,#14060,#14061),
 .UNSPECIFIED.,.F.,.F.,(4,4),(0.,0.287151295959896),.UNSPECIFIED.);
#388=B_SPLINE_CURVE_WITH_KNOTS('',3,(#14084,#14085,#14086,#14087),
 .UNSPECIFIED.,.F.,.F.,(4,4),(-0.287151295959896,0.),.UNSPECIFIED.);
#389=B_SPLINE_CURVE_WITH_KNOTS('',3,(#14091,#14092,#14093,#14094),
 .UNSPECIFIED.,.F.,.F.,(4,4),(-0.282907737877882,0.00424355807980431),
 .UNSPECIFIED.);
#390=B_SPLINE_CURVE_WITH_KNOTS('',3,(#14117,#14118,#14119,#14120),
 .UNSPECIFIED.,.F.,.F.,(4,4),(-0.00424355807980431,0.282907737877882),
 .UNSPECIFIED.);
#391=B_SPLINE_CURVE_WITH_KNOTS('',3,(#14486,#14487,#14488,#14489,#14490,
#14491,#14492,#14493,#14494,#14495),.UNSPECIFIED.,.F.,.F.,(4,3,3,4),(0.0157435229557881,
0.0484221678357697,0.0819563500040346,0.12749258439575),.UNSPECIFIED.);
#392=B_SPLINE_CURVE_WITH_KNOTS('',3,(#14498,#14499,#14500,#14501),
 .UNSPECIFIED.,.F.,.F.,(4,4),(1.43613121809155,1.54454918867762),
 .UNSPECIFIED.);
#393=B_SPLINE_CURVE_WITH_KNOTS('',3,(#14504,#14505,#14506,#14507),
 .UNSPECIFIED.,.F.,.F.,(4,4),(1.57215600788073,1.60037621683805),
 .UNSPECIFIED.);
#394=B_SPLINE_CURVE_WITH_KNOTS('',3,(#14559,#14560,#14561,#14562,#14563,
#14564,#14565,#14566,#14567,#14568),.UNSPECIFIED.,.F.,.F.,(4,3,3,4),(0.,
0.0340798963814501,0.0861362017431505,0.111752846533478),.UNSPECIFIED.);
#395=B_SPLINE_CURVE_WITH_KNOTS('',3,(#14570,#14571,#14572,#14573),
 .UNSPECIFIED.,.F.,.F.,(4,4),(-0.878824624626368,-0.77040665404031),
 .UNSPECIFIED.);
#396=B_SPLINE_CURVE_WITH_KNOTS('',3,(#14577,#14578,#14579,#14580),
 .UNSPECIFIED.,.F.,.F.,(4,4),(1.60037621683805,1.62859642579538),
 .UNSPECIFIED.);
#397=B_SPLINE_CURVE_WITH_KNOTS('',3,(#14650,#14651,#14652,#14653,#14654,
#14655,#14656),.UNSPECIFIED.,.F.,.F.,(4,3,4),(0.,0.0415820247860966,0.111814189929236),
 .UNSPECIFIED.);
#398=B_SPLINE_CURVE_WITH_KNOTS('',3,(#14657,#14658,#14659,#14660),
 .UNSPECIFIED.,.F.,.F.,(4,4),(-1.0596700238898,-0.951252053303743),
 .UNSPECIFIED.);
#399=B_SPLINE_CURVE_WITH_KNOTS('',3,(#14663,#14664,#14665,#14666),
 .UNSPECIFIED.,.F.,.F.,(4,4),(1.60037621683809,1.62859642579541),
 .UNSPECIFIED.);
#400=B_SPLINE_CURVE_WITH_KNOTS('',3,(#14684,#14685,#14686,#14687,#14688,
#14689,#14690),.UNSPECIFIED.,.F.,.F.,(4,3,4),(0.0157468294248769,0.0796189656624479,
0.127543104096844),.UNSPECIFIED.);
#401=B_SPLINE_CURVE_WITH_KNOTS('',3,(#14692,#14693,#14694,#14695),
 .UNSPECIFIED.,.F.,.F.,(4,4),(1.616976617355,1.72539458794106),
 .UNSPECIFIED.);
#402=B_SPLINE_CURVE_WITH_KNOTS('',3,(#14697,#14698,#14699,#14700),
 .UNSPECIFIED.,.F.,.F.,(4,4),(1.57215600788075,1.60037621683808),
 .UNSPECIFIED.);
#403=B_SPLINE_CURVE_WITH_KNOTS('',3,(#14847,#14848,#14849,#14850),
 .UNSPECIFIED.,.F.,.F.,(4,4),(0.,0.287151295957646),.UNSPECIFIED.);
#404=B_SPLINE_CURVE_WITH_KNOTS('',3,(#14853,#14854,#14855,#14856),
 .UNSPECIFIED.,.F.,.F.,(4,4),(-0.287151295957646,0.),.UNSPECIFIED.);
#405=B_SPLINE_CURVE_WITH_KNOTS('',3,(#14860,#14861,#14862,#14863),
 .UNSPECIFIED.,.F.,.F.,(4,4),(-0.28290773787847,0.00424355808147174),
 .UNSPECIFIED.);
#406=B_SPLINE_CURVE_WITH_KNOTS('',3,(#14886,#14887,#14888,#14889),
 .UNSPECIFIED.,.F.,.F.,(4,4),(-0.00424355808147174,0.28290773787847),
 .UNSPECIFIED.);
#407=B_SPLINE_CURVE_WITH_KNOTS('',3,(#14918,#14919,#14920,#14921),
 .UNSPECIFIED.,.F.,.F.,(4,4),(0.,0.287151295962706),.UNSPECIFIED.);
#408=B_SPLINE_CURVE_WITH_KNOTS('',3,(#14944,#14945,#14946,#14947),
 .UNSPECIFIED.,.F.,.F.,(4,4),(-0.287151295962706,0.),.UNSPECIFIED.);
#409=B_SPLINE_CURVE_WITH_KNOTS('',3,(#14951,#14952,#14953,#14954),
 .UNSPECIFIED.,.F.,.F.,(4,4),(-0.282907737879292,0.00424355808378543),
 .UNSPECIFIED.);
#410=B_SPLINE_CURVE_WITH_KNOTS('',3,(#14977,#14978,#14979,#14980),
 .UNSPECIFIED.,.F.,.F.,(4,4),(-0.00424355808378543,0.282907737879292),
 .UNSPECIFIED.);
#411=B_SPLINE_CURVE_WITH_KNOTS('',3,(#15009,#15010,#15011,#15012),
 .UNSPECIFIED.,.F.,.F.,(4,4),(0.,0.287151295963041),.UNSPECIFIED.);
#412=B_SPLINE_CURVE_WITH_KNOTS('',3,(#15035,#15036,#15037,#15038),
 .UNSPECIFIED.,.F.,.F.,(4,4),(-0.287151295963041,0.),.UNSPECIFIED.);
#413=B_SPLINE_CURVE_WITH_KNOTS('',3,(#15042,#15043,#15044,#15045),
 .UNSPECIFIED.,.F.,.F.,(4,4),(-0.282907737879203,0.00424355808353099),
 .UNSPECIFIED.);
#414=B_SPLINE_CURVE_WITH_KNOTS('',3,(#15068,#15069,#15070,#15071),
 .UNSPECIFIED.,.F.,.F.,(4,4),(-0.00424355808353099,0.282907737879203),
 .UNSPECIFIED.);
#415=B_SPLINE_CURVE_WITH_KNOTS('',3,(#15100,#15101,#15102,#15103),
 .UNSPECIFIED.,.F.,.F.,(4,4),(0.,0.287151295959896),.UNSPECIFIED.);
#416=B_SPLINE_CURVE_WITH_KNOTS('',3,(#15126,#15127,#15128,#15129),
 .UNSPECIFIED.,.F.,.F.,(4,4),(-0.287151295959896,0.),.UNSPECIFIED.);
#417=B_SPLINE_CURVE_WITH_KNOTS('',3,(#15133,#15134,#15135,#15136),
 .UNSPECIFIED.,.F.,.F.,(4,4),(-0.282907737877882,0.00424355807980431),
 .UNSPECIFIED.);
#418=B_SPLINE_CURVE_WITH_KNOTS('',3,(#15159,#15160,#15161,#15162),
 .UNSPECIFIED.,.F.,.F.,(4,4),(-0.00424355807980431,0.282907737877882),
 .UNSPECIFIED.);
#419=B_SPLINE_CURVE_WITH_KNOTS('',3,(#15361,#15362,#15363,#15364,#15365,
#15366,#15367,#15368,#15369,#15370),.UNSPECIFIED.,.F.,.F.,(4,3,3,4),(0.0157435229557881,
0.0484221678357697,0.0819563500040346,0.12749258439575),.UNSPECIFIED.);
#420=B_SPLINE_CURVE_WITH_KNOTS('',3,(#15372,#15373,#15374,#15375),
 .UNSPECIFIED.,.F.,.F.,(4,4),(1.43613121809155,1.54454918867762),
 .UNSPECIFIED.);
#421=B_SPLINE_CURVE_WITH_KNOTS('',3,(#15379,#15380,#15381,#15382),
 .UNSPECIFIED.,.F.,.F.,(4,4),(1.57215600788073,1.60037621683805),
 .UNSPECIFIED.);
#422=B_SPLINE_CURVE_WITH_KNOTS('',3,(#15437,#15438,#15439,#15440,#15441,
#15442,#15443,#15444,#15445,#15446),.UNSPECIFIED.,.F.,.F.,(4,3,3,4),(0.,
0.0340798963814501,0.0861362017431505,0.111752846533478),.UNSPECIFIED.);
#423=B_SPLINE_CURVE_WITH_KNOTS('',3,(#15449,#15450,#15451,#15452),
 .UNSPECIFIED.,.F.,.F.,(4,4),(-0.878824624626368,-0.77040665404031),
 .UNSPECIFIED.);
#424=B_SPLINE_CURVE_WITH_KNOTS('',3,(#15455,#15456,#15457,#15458),
 .UNSPECIFIED.,.F.,.F.,(4,4),(1.60037621683805,1.62859642579538),
 .UNSPECIFIED.);
#425=B_SPLINE_CURVE_WITH_KNOTS('',3,(#15532,#15533,#15534,#15535,#15536,
#15537,#15538),.UNSPECIFIED.,.F.,.F.,(4,3,4),(0.,0.0415820247860966,0.111814189929236),
 .UNSPECIFIED.);
#426=B_SPLINE_CURVE_WITH_KNOTS('',3,(#15540,#15541,#15542,#15543),
 .UNSPECIFIED.,.F.,.F.,(4,4),(-1.0596700238898,-0.951252053303743),
 .UNSPECIFIED.);
#427=B_SPLINE_CURVE_WITH_KNOTS('',3,(#15545,#15546,#15547,#15548),
 .UNSPECIFIED.,.F.,.F.,(4,4),(1.60037621683809,1.62859642579541),
 .UNSPECIFIED.);
#428=B_SPLINE_CURVE_WITH_KNOTS('',3,(#15566,#15567,#15568,#15569,#15570,
#15571,#15572),.UNSPECIFIED.,.F.,.F.,(4,3,4),(0.0157468294248769,0.0796189656624479,
0.127543104096844),.UNSPECIFIED.);
#429=B_SPLINE_CURVE_WITH_KNOTS('',3,(#15573,#15574,#15575,#15576),
 .UNSPECIFIED.,.F.,.F.,(4,4),(1.616976617355,1.72539458794106),
 .UNSPECIFIED.);
#430=B_SPLINE_CURVE_WITH_KNOTS('',3,(#15579,#15580,#15581,#15582),
 .UNSPECIFIED.,.F.,.F.,(4,4),(1.57215600788075,1.60037621683808),
 .UNSPECIFIED.);
#431=B_SPLINE_CURVE_WITH_KNOTS('',3,(#15743,#15744,#15745,#15746),
 .UNSPECIFIED.,.F.,.F.,(4,4),(0.,0.287151295957646),.UNSPECIFIED.);
#432=B_SPLINE_CURVE_WITH_KNOTS('',3,(#15769,#15770,#15771,#15772),
 .UNSPECIFIED.,.F.,.F.,(4,4),(-0.287151295957646,0.),.UNSPECIFIED.);
#433=B_SPLINE_CURVE_WITH_KNOTS('',3,(#15776,#15777,#15778,#15779),
 .UNSPECIFIED.,.F.,.F.,(4,4),(-0.28290773787847,0.00424355808147174),
 .UNSPECIFIED.);
#434=B_SPLINE_CURVE_WITH_KNOTS('',3,(#15802,#15803,#15804,#15805),
 .UNSPECIFIED.,.F.,.F.,(4,4),(-0.00424355808147174,0.28290773787847),
 .UNSPECIFIED.);
#435=B_SPLINE_CURVE_WITH_KNOTS('',3,(#15834,#15835,#15836,#15837),
 .UNSPECIFIED.,.F.,.F.,(4,4),(0.,0.287151295962706),.UNSPECIFIED.);
#436=B_SPLINE_CURVE_WITH_KNOTS('',3,(#15860,#15861,#15862,#15863),
 .UNSPECIFIED.,.F.,.F.,(4,4),(-0.287151295962706,0.),.UNSPECIFIED.);
#437=B_SPLINE_CURVE_WITH_KNOTS('',3,(#15867,#15868,#15869,#15870),
 .UNSPECIFIED.,.F.,.F.,(4,4),(-0.282907737879292,0.00424355808378543),
 .UNSPECIFIED.);
#438=B_SPLINE_CURVE_WITH_KNOTS('',3,(#15893,#15894,#15895,#15896),
 .UNSPECIFIED.,.F.,.F.,(4,4),(-0.00424355808378543,0.282907737879292),
 .UNSPECIFIED.);
#439=B_SPLINE_CURVE_WITH_KNOTS('',3,(#15925,#15926,#15927,#15928),
 .UNSPECIFIED.,.F.,.F.,(4,4),(0.,0.287151295963041),.UNSPECIFIED.);
#440=B_SPLINE_CURVE_WITH_KNOTS('',3,(#15951,#15952,#15953,#15954),
 .UNSPECIFIED.,.F.,.F.,(4,4),(-0.287151295963041,0.),.UNSPECIFIED.);
#441=B_SPLINE_CURVE_WITH_KNOTS('',3,(#15958,#15959,#15960,#15961),
 .UNSPECIFIED.,.F.,.F.,(4,4),(-0.282907737879203,0.00424355808353099),
 .UNSPECIFIED.);
#442=B_SPLINE_CURVE_WITH_KNOTS('',3,(#15984,#15985,#15986,#15987),
 .UNSPECIFIED.,.F.,.F.,(4,4),(-0.00424355808353099,0.282907737879203),
 .UNSPECIFIED.);
#443=B_SPLINE_CURVE_WITH_KNOTS('',3,(#16016,#16017,#16018,#16019),
 .UNSPECIFIED.,.F.,.F.,(4,4),(0.,0.287151295959896),.UNSPECIFIED.);
#444=B_SPLINE_CURVE_WITH_KNOTS('',3,(#16042,#16043,#16044,#16045),
 .UNSPECIFIED.,.F.,.F.,(4,4),(-0.287151295959896,0.),.UNSPECIFIED.);
#445=B_SPLINE_CURVE_WITH_KNOTS('',3,(#16049,#16050,#16051,#16052),
 .UNSPECIFIED.,.F.,.F.,(4,4),(-0.282907737877882,0.00424355807980431),
 .UNSPECIFIED.);
#446=B_SPLINE_CURVE_WITH_KNOTS('',3,(#16075,#16076,#16077,#16078),
 .UNSPECIFIED.,.F.,.F.,(4,4),(-0.00424355807980431,0.282907737877882),
 .UNSPECIFIED.);
#447=B_SPLINE_SURFACE_WITH_KNOTS('',3,3,((#12464,#12465,#12466,#12467),
(#12468,#12469,#12470,#12471),(#12472,#12473,#12474,#12475),(#12476,#12477,
#12478,#12479)),.UNSPECIFIED.,.F.,.F.,.F.,(4,4),(4,4),(0.,1.),(-1.54454918867762,
-1.43613121809155),.UNSPECIFIED.);
#448=B_SPLINE_SURFACE_WITH_KNOTS('',3,3,((#12537,#12538,#12539,#12540),
(#12541,#12542,#12543,#12544),(#12545,#12546,#12547,#12548),(#12549,#12550,
#12551,#12552)),.UNSPECIFIED.,.F.,.F.,.F.,(4,4),(4,4),(0.,1.),(-0.878824624626368,
-0.77040665404031),.UNSPECIFIED.);
#449=B_SPLINE_SURFACE_WITH_KNOTS('',3,3,((#12628,#12629,#12630,#12631),
(#12632,#12633,#12634,#12635),(#12636,#12637,#12638,#12639),(#12640,#12641,
#12642,#12643)),.UNSPECIFIED.,.F.,.F.,.F.,(4,4),(4,4),(0.,1.),(0.951252053303743,
1.0596700238898),.UNSPECIFIED.);
#450=B_SPLINE_SURFACE_WITH_KNOTS('',3,3,((#12662,#12663,#12664,#12665),
(#12666,#12667,#12668,#12669),(#12670,#12671,#12672,#12673),(#12674,#12675,
#12676,#12677)),.UNSPECIFIED.,.F.,.F.,.F.,(4,4),(4,4),(0.,1.),(-1.72539458794106,
-1.616976617355),.UNSPECIFIED.);
#451=B_SPLINE_SURFACE_WITH_KNOTS('',3,3,((#12820,#12821,#12822,#12823),
(#12824,#12825,#12826,#12827),(#12828,#12829,#12830,#12831),(#12832,#12833,
#12834,#12835),(#12836,#12837,#12838,#12839)),.UNSPECIFIED.,.F.,.F.,.F.,
(4,1,4),(4,4),(0.,0.571428571428571,1.),(0.,0.287151295957646),
 .UNSPECIFIED.);
#452=B_SPLINE_SURFACE_WITH_KNOTS('',3,3,((#12858,#12859,#12860,#12861),
(#12862,#12863,#12864,#12865),(#12866,#12867,#12868,#12869),(#12870,#12871,
#12872,#12873),(#12874,#12875,#12876,#12877)),.UNSPECIFIED.,.F.,.F.,.F.,
(4,1,4),(4,4),(0.,0.571428571428571,1.),(-0.00424355808147174,0.28290773787847),
 .UNSPECIFIED.);
#453=B_SPLINE_SURFACE_WITH_KNOTS('',3,3,((#12926,#12927,#12928,#12929),
(#12930,#12931,#12932,#12933),(#12934,#12935,#12936,#12937),(#12938,#12939,
#12940,#12941),(#12942,#12943,#12944,#12945)),.UNSPECIFIED.,.F.,.F.,.F.,
(4,1,4),(4,4),(0.,0.571428571428571,1.),(0.,0.287151295962706),
 .UNSPECIFIED.);
#454=B_SPLINE_SURFACE_WITH_KNOTS('',3,3,((#12959,#12960,#12961,#12962),
(#12963,#12964,#12965,#12966),(#12967,#12968,#12969,#12970),(#12971,#12972,
#12973,#12974),(#12975,#12976,#12977,#12978)),.UNSPECIFIED.,.F.,.F.,.F.,
(4,1,4),(4,4),(0.,0.571428571428571,1.),(-0.00424355808378543,0.282907737879292),
 .UNSPECIFIED.);
#455=B_SPLINE_SURFACE_WITH_KNOTS('',3,3,((#13027,#13028,#13029,#13030),
(#13031,#13032,#13033,#13034),(#13035,#13036,#13037,#13038),(#13039,#13040,
#13041,#13042),(#13043,#13044,#13045,#13046)),.UNSPECIFIED.,.F.,.F.,.F.,
(4,1,4),(4,4),(0.,0.571428571428571,1.),(0.,0.287151295963041),
 .UNSPECIFIED.);
#456=B_SPLINE_SURFACE_WITH_KNOTS('',3,3,((#13060,#13061,#13062,#13063),
(#13064,#13065,#13066,#13067),(#13068,#13069,#13070,#13071),(#13072,#13073,
#13074,#13075),(#13076,#13077,#13078,#13079)),.UNSPECIFIED.,.F.,.F.,.F.,
(4,1,4),(4,4),(0.,0.571428571428571,1.),(-0.00424355808353099,0.282907737879203),
 .UNSPECIFIED.);
#457=B_SPLINE_SURFACE_WITH_KNOTS('',3,3,((#13128,#13129,#13130,#13131),
(#13132,#13133,#13134,#13135),(#13136,#13137,#13138,#13139),(#13140,#13141,
#13142,#13143),(#13144,#13145,#13146,#13147)),.UNSPECIFIED.,.F.,.F.,.F.,
(4,1,4),(4,4),(0.,0.571428571428571,1.),(0.,0.287151295959896),
 .UNSPECIFIED.);
#458=B_SPLINE_SURFACE_WITH_KNOTS('',3,3,((#13161,#13162,#13163,#13164),
(#13165,#13166,#13167,#13168),(#13169,#13170,#13171,#13172),(#13173,#13174,
#13175,#13176),(#13177,#13178,#13179,#13180)),.UNSPECIFIED.,.F.,.F.,.F.,
(4,1,4),(4,4),(0.,0.571428571428571,1.),(-0.00424355807980431,0.282907737877882),
 .UNSPECIFIED.);
#459=B_SPLINE_SURFACE_WITH_KNOTS('',3,3,((#13385,#13386,#13387,#13388),
(#13389,#13390,#13391,#13392),(#13393,#13394,#13395,#13396),(#13397,#13398,
#13399,#13400)),.UNSPECIFIED.,.F.,.F.,.F.,(4,4),(4,4),(0.,1.),(-1.54454918867762,
-1.43613121809155),.UNSPECIFIED.);
#460=B_SPLINE_SURFACE_WITH_KNOTS('',3,3,((#13461,#13462,#13463,#13464),
(#13465,#13466,#13467,#13468),(#13469,#13470,#13471,#13472),(#13473,#13474,
#13475,#13476)),.UNSPECIFIED.,.F.,.F.,.F.,(4,4),(4,4),(0.,1.),(-0.878824624626368,
-0.77040665404031),.UNSPECIFIED.);
#461=B_SPLINE_SURFACE_WITH_KNOTS('',3,3,((#13556,#13557,#13558,#13559),
(#13560,#13561,#13562,#13563),(#13564,#13565,#13566,#13567),(#13568,#13569,
#13570,#13571)),.UNSPECIFIED.,.F.,.F.,.F.,(4,4),(4,4),(0.,1.),(0.951252053303743,
1.0596700238898),.UNSPECIFIED.);
#462=B_SPLINE_SURFACE_WITH_KNOTS('',3,3,((#13590,#13591,#13592,#13593),
(#13594,#13595,#13596,#13597),(#13598,#13599,#13600,#13601),(#13602,#13603,
#13604,#13605)),.UNSPECIFIED.,.F.,.F.,.F.,(4,4),(4,4),(0.,1.),(-1.72539458794106,
-1.616976617355),.UNSPECIFIED.);
#463=B_SPLINE_SURFACE_WITH_KNOTS('',3,3,((#13759,#13760,#13761,#13762),
(#13763,#13764,#13765,#13766),(#13767,#13768,#13769,#13770),(#13771,#13772,
#13773,#13774),(#13775,#13776,#13777,#13778)),.UNSPECIFIED.,.F.,.F.,.F.,
(4,1,4),(4,4),(0.,0.571428571428571,1.),(0.,0.287151295957646),
 .UNSPECIFIED.);
#464=B_SPLINE_SURFACE_WITH_KNOTS('',3,3,((#13792,#13793,#13794,#13795),
(#13796,#13797,#13798,#13799),(#13800,#13801,#13802,#13803),(#13804,#13805,
#13806,#13807),(#13808,#13809,#13810,#13811)),.UNSPECIFIED.,.F.,.F.,.F.,
(4,1,4),(4,4),(0.,0.571428571428571,1.),(-0.00424355808147174,0.28290773787847),
 .UNSPECIFIED.);
#465=B_SPLINE_SURFACE_WITH_KNOTS('',3,3,((#13860,#13861,#13862,#13863),
(#13864,#13865,#13866,#13867),(#13868,#13869,#13870,#13871),(#13872,#13873,
#13874,#13875),(#13876,#13877,#13878,#13879)),.UNSPECIFIED.,.F.,.F.,.F.,
(4,1,4),(4,4),(0.,0.571428571428571,1.),(0.,0.287151295962706),
 .UNSPECIFIED.);
#466=B_SPLINE_SURFACE_WITH_KNOTS('',3,3,((#13893,#13894,#13895,#13896),
(#13897,#13898,#13899,#13900),(#13901,#13902,#13903,#13904),(#13905,#13906,
#13907,#13908),(#13909,#13910,#13911,#13912)),.UNSPECIFIED.,.F.,.F.,.F.,
(4,1,4),(4,4),(0.,0.571428571428571,1.),(-0.00424355808378543,0.282907737879292),
 .UNSPECIFIED.);
#467=B_SPLINE_SURFACE_WITH_KNOTS('',3,3,((#13961,#13962,#13963,#13964),
(#13965,#13966,#13967,#13968),(#13969,#13970,#13971,#13972),(#13973,#13974,
#13975,#13976),(#13977,#13978,#13979,#13980)),.UNSPECIFIED.,.F.,.F.,.F.,
(4,1,4),(4,4),(0.,0.571428571428571,1.),(0.,0.287151295963041),
 .UNSPECIFIED.);
#468=B_SPLINE_SURFACE_WITH_KNOTS('',3,3,((#13994,#13995,#13996,#13997),
(#13998,#13999,#14000,#14001),(#14002,#14003,#14004,#14005),(#14006,#14007,
#14008,#14009),(#14010,#14011,#14012,#14013)),.UNSPECIFIED.,.F.,.F.,.F.,
(4,1,4),(4,4),(0.,0.571428571428571,1.),(-0.00424355808353099,0.282907737879203),
 .UNSPECIFIED.);
#469=B_SPLINE_SURFACE_WITH_KNOTS('',3,3,((#14062,#14063,#14064,#14065),
(#14066,#14067,#14068,#14069),(#14070,#14071,#14072,#14073),(#14074,#14075,
#14076,#14077),(#14078,#14079,#14080,#14081)),.UNSPECIFIED.,.F.,.F.,.F.,
(4,1,4),(4,4),(0.,0.571428571428571,1.),(0.,0.287151295959896),
 .UNSPECIFIED.);
#470=B_SPLINE_SURFACE_WITH_KNOTS('',3,3,((#14095,#14096,#14097,#14098),
(#14099,#14100,#14101,#14102),(#14103,#14104,#14105,#14106),(#14107,#14108,
#14109,#14110),(#14111,#14112,#14113,#14114)),.UNSPECIFIED.,.F.,.F.,.F.,
(4,1,4),(4,4),(0.,0.571428571428571,1.),(-0.00424355807980431,0.282907737877882),
 .UNSPECIFIED.);
#471=B_SPLINE_SURFACE_WITH_KNOTS('',3,3,((#14469,#14470,#14471,#14472),
(#14473,#14474,#14475,#14476),(#14477,#14478,#14479,#14480),(#14481,#14482,
#14483,#14484)),.UNSPECIFIED.,.F.,.F.,.F.,(4,4),(4,4),(0.,1.),(-1.54454918867762,
-1.43613121809155),.UNSPECIFIED.);
#472=B_SPLINE_SURFACE_WITH_KNOTS('',3,3,((#14542,#14543,#14544,#14545),
(#14546,#14547,#14548,#14549),(#14550,#14551,#14552,#14553),(#14554,#14555,
#14556,#14557)),.UNSPECIFIED.,.F.,.F.,.F.,(4,4),(4,4),(0.,1.),(-0.878824624626368,
-0.77040665404031),.UNSPECIFIED.);
#473=B_SPLINE_SURFACE_WITH_KNOTS('',3,3,((#14633,#14634,#14635,#14636),
(#14637,#14638,#14639,#14640),(#14641,#14642,#14643,#14644),(#14645,#14646,
#14647,#14648)),.UNSPECIFIED.,.F.,.F.,.F.,(4,4),(4,4),(0.,1.),(0.951252053303743,
1.0596700238898),.UNSPECIFIED.);
#474=B_SPLINE_SURFACE_WITH_KNOTS('',3,3,((#14667,#14668,#14669,#14670),
(#14671,#14672,#14673,#14674),(#14675,#14676,#14677,#14678),(#14679,#14680,
#14681,#14682)),.UNSPECIFIED.,.F.,.F.,.F.,(4,4),(4,4),(0.,1.),(-1.72539458794106,
-1.616976617355),.UNSPECIFIED.);
#475=B_SPLINE_SURFACE_WITH_KNOTS('',3,3,((#14826,#14827,#14828,#14829),
(#14830,#14831,#14832,#14833),(#14834,#14835,#14836,#14837),(#14838,#14839,
#14840,#14841),(#14842,#14843,#14844,#14845)),.UNSPECIFIED.,.F.,.F.,.F.,
(4,1,4),(4,4),(0.,0.571428571428571,1.),(0.,0.287151295957646),
 .UNSPECIFIED.);
#476=B_SPLINE_SURFACE_WITH_KNOTS('',3,3,((#14864,#14865,#14866,#14867),
(#14868,#14869,#14870,#14871),(#14872,#14873,#14874,#14875),(#14876,#14877,
#14878,#14879),(#14880,#14881,#14882,#14883)),.UNSPECIFIED.,.F.,.F.,.F.,
(4,1,4),(4,4),(0.,0.571428571428571,1.),(-0.00424355808147174,0.28290773787847),
 .UNSPECIFIED.);
#477=B_SPLINE_SURFACE_WITH_KNOTS('',3,3,((#14922,#14923,#14924,#14925),
(#14926,#14927,#14928,#14929),(#14930,#14931,#14932,#14933),(#14934,#14935,
#14936,#14937),(#14938,#14939,#14940,#14941)),.UNSPECIFIED.,.F.,.F.,.F.,
(4,1,4),(4,4),(0.,0.571428571428571,1.),(0.,0.287151295962706),
 .UNSPECIFIED.);
#478=B_SPLINE_SURFACE_WITH_KNOTS('',3,3,((#14955,#14956,#14957,#14958),
(#14959,#14960,#14961,#14962),(#14963,#14964,#14965,#14966),(#14967,#14968,
#14969,#14970),(#14971,#14972,#14973,#14974)),.UNSPECIFIED.,.F.,.F.,.F.,
(4,1,4),(4,4),(0.,0.571428571428571,1.),(-0.00424355808378543,0.282907737879292),
 .UNSPECIFIED.);
#479=B_SPLINE_SURFACE_WITH_KNOTS('',3,3,((#15013,#15014,#15015,#15016),
(#15017,#15018,#15019,#15020),(#15021,#15022,#15023,#15024),(#15025,#15026,
#15027,#15028),(#15029,#15030,#15031,#15032)),.UNSPECIFIED.,.F.,.F.,.F.,
(4,1,4),(4,4),(0.,0.571428571428571,1.),(0.,0.287151295963041),
 .UNSPECIFIED.);
#480=B_SPLINE_SURFACE_WITH_KNOTS('',3,3,((#15046,#15047,#15048,#15049),
(#15050,#15051,#15052,#15053),(#15054,#15055,#15056,#15057),(#15058,#15059,
#15060,#15061),(#15062,#15063,#15064,#15065)),.UNSPECIFIED.,.F.,.F.,.F.,
(4,1,4),(4,4),(0.,0.571428571428571,1.),(-0.00424355808353099,0.282907737879203),
 .UNSPECIFIED.);
#481=B_SPLINE_SURFACE_WITH_KNOTS('',3,3,((#15104,#15105,#15106,#15107),
(#15108,#15109,#15110,#15111),(#15112,#15113,#15114,#15115),(#15116,#15117,
#15118,#15119),(#15120,#15121,#15122,#15123)),.UNSPECIFIED.,.F.,.F.,.F.,
(4,1,4),(4,4),(0.,0.571428571428571,1.),(0.,0.287151295959896),
 .UNSPECIFIED.);
#482=B_SPLINE_SURFACE_WITH_KNOTS('',3,3,((#15137,#15138,#15139,#15140),
(#15141,#15142,#15143,#15144),(#15145,#15146,#15147,#15148),(#15149,#15150,
#15151,#15152),(#15153,#15154,#15155,#15156)),.UNSPECIFIED.,.F.,.F.,.F.,
(4,1,4),(4,4),(0.,0.571428571428571,1.),(-0.00424355807980431,0.282907737877882),
 .UNSPECIFIED.);
#483=B_SPLINE_SURFACE_WITH_KNOTS('',3,3,((#15344,#15345,#15346,#15347),
(#15348,#15349,#15350,#15351),(#15352,#15353,#15354,#15355),(#15356,#15357,
#15358,#15359)),.UNSPECIFIED.,.F.,.F.,.F.,(4,4),(4,4),(0.,1.),(-1.54454918867762,
-1.43613121809155),.UNSPECIFIED.);
#484=B_SPLINE_SURFACE_WITH_KNOTS('',3,3,((#15420,#15421,#15422,#15423),
(#15424,#15425,#15426,#15427),(#15428,#15429,#15430,#15431),(#15432,#15433,
#15434,#15435)),.UNSPECIFIED.,.F.,.F.,.F.,(4,4),(4,4),(0.,1.),(-0.878824624626368,
-0.77040665404031),.UNSPECIFIED.);
#485=B_SPLINE_SURFACE_WITH_KNOTS('',3,3,((#15515,#15516,#15517,#15518),
(#15519,#15520,#15521,#15522),(#15523,#15524,#15525,#15526),(#15527,#15528,
#15529,#15530)),.UNSPECIFIED.,.F.,.F.,.F.,(4,4),(4,4),(0.,1.),(0.951252053303743,
1.0596700238898),.UNSPECIFIED.);
#486=B_SPLINE_SURFACE_WITH_KNOTS('',3,3,((#15549,#15550,#15551,#15552),
(#15553,#15554,#15555,#15556),(#15557,#15558,#15559,#15560),(#15561,#15562,
#15563,#15564)),.UNSPECIFIED.,.F.,.F.,.F.,(4,4),(4,4),(0.,1.),(-1.72539458794106,
-1.616976617355),.UNSPECIFIED.);
#487=B_SPLINE_SURFACE_WITH_KNOTS('',3,3,((#15748,#15749,#15750,#15751),
(#15752,#15753,#15754,#15755),(#15756,#15757,#15758,#15759),(#15760,#15761,
#15762,#15763),(#15764,#15765,#15766,#15767)),.UNSPECIFIED.,.F.,.F.,.F.,
(4,1,4),(4,4),(0.,0.571428571428571,1.),(0.,0.287151295957646),
 .UNSPECIFIED.);
#488=B_SPLINE_SURFACE_WITH_KNOTS('',3,3,((#15781,#15782,#15783,#15784),
(#15785,#15786,#15787,#15788),(#15789,#15790,#15791,#15792),(#15793,#15794,
#15795,#15796),(#15797,#15798,#15799,#15800)),.UNSPECIFIED.,.F.,.F.,.F.,
(4,1,4),(4,4),(0.,0.571428571428571,1.),(-0.00424355808147174,0.28290773787847),
 .UNSPECIFIED.);
#489=B_SPLINE_SURFACE_WITH_KNOTS('',3,3,((#15839,#15840,#15841,#15842),
(#15843,#15844,#15845,#15846),(#15847,#15848,#15849,#15850),(#15851,#15852,
#15853,#15854),(#15855,#15856,#15857,#15858)),.UNSPECIFIED.,.F.,.F.,.F.,
(4,1,4),(4,4),(0.,0.571428571428571,1.),(0.,0.287151295962706),
 .UNSPECIFIED.);
#490=B_SPLINE_SURFACE_WITH_KNOTS('',3,3,((#15872,#15873,#15874,#15875),
(#15876,#15877,#15878,#15879),(#15880,#15881,#15882,#15883),(#15884,#15885,
#15886,#15887),(#15888,#15889,#15890,#15891)),.UNSPECIFIED.,.F.,.F.,.F.,
(4,1,4),(4,4),(0.,0.571428571428571,1.),(-0.00424355808378543,0.282907737879292),
 .UNSPECIFIED.);
#491=B_SPLINE_SURFACE_WITH_KNOTS('',3,3,((#15930,#15931,#15932,#15933),
(#15934,#15935,#15936,#15937),(#15938,#15939,#15940,#15941),(#15942,#15943,
#15944,#15945),(#15946,#15947,#15948,#15949)),.UNSPECIFIED.,.F.,.F.,.F.,
(4,1,4),(4,4),(0.,0.571428571428571,1.),(0.,0.287151295963041),
 .UNSPECIFIED.);
#492=B_SPLINE_SURFACE_WITH_KNOTS('',3,3,((#15963,#15964,#15965,#15966),
(#15967,#15968,#15969,#15970),(#15971,#15972,#15973,#15974),(#15975,#15976,
#15977,#15978),(#15979,#15980,#15981,#15982)),.UNSPECIFIED.,.F.,.F.,.F.,
(4,1,4),(4,4),(0.,0.571428571428571,1.),(-0.00424355808353099,0.282907737879203),
 .UNSPECIFIED.);
#493=B_SPLINE_SURFACE_WITH_KNOTS('',3,3,((#16021,#16022,#16023,#16024),
(#16025,#16026,#16027,#16028),(#16029,#16030,#16031,#16032),(#16033,#16034,
#16035,#16036),(#16037,#16038,#16039,#16040)),.UNSPECIFIED.,.F.,.F.,.F.,
(4,1,4),(4,4),(0.,0.571428571428571,1.),(0.,0.287151295959896),
 .UNSPECIFIED.);
#494=B_SPLINE_SURFACE_WITH_KNOTS('',3,3,((#16054,#16055,#16056,#16057),
(#16058,#16059,#16060,#16061),(#16062,#16063,#16064,#16065),(#16066,#16067,
#16068,#16069),(#16070,#16071,#16072,#16073)),.UNSPECIFIED.,.F.,.F.,.F.,
(4,1,4),(4,4),(0.,0.571428571428571,1.),(-0.00424355807980431,0.282907737877882),
 .UNSPECIFIED.);
#495=CIRCLE('',#8520,3.8);
#496=CIRCLE('',#8521,4.);
#497=CIRCLE('',#8523,4.3);
#498=CIRCLE('',#8525,4.3);
#499=CIRCLE('',#8526,4.3);
#500=CIRCLE('',#8527,4.3);
#501=CIRCLE('',#8530,3.8);
#502=CIRCLE('',#8531,4.);
#503=CIRCLE('',#8534,4.3);
#504=CIRCLE('',#8537,4.3);
#505=CIRCLE('',#8538,4.3);
#506=CIRCLE('',#8539,4.3);
#507=CIRCLE('',#8542,3.80000000000001);
#508=CIRCLE('',#8543,4.);
#509=CIRCLE('',#8545,37.);
#510=CIRCLE('',#8546,37.2);
#511=CIRCLE('',#8548,3.79999999999999);
#512=CIRCLE('',#8549,4.);
#513=CIRCLE('',#8555,4.);
#514=CIRCLE('',#8557,37.);
#515=CIRCLE('',#8559,4.);
#516=CIRCLE('',#8561,4.09999999999999);
#517=CIRCLE('',#8563,8.2);
#518=CIRCLE('',#8564,8.);
#519=CIRCLE('',#8566,8.);
#520=CIRCLE('',#8567,8.2);
#521=CIRCLE('',#8569,45.);
#522=CIRCLE('',#8570,44.8);
#523=CIRCLE('',#8572,7.99999999999998);
#524=CIRCLE('',#8573,8.19999999999999);
#525=CIRCLE('',#8575,4.1);
#526=CIRCLE('',#8577,8.2);
#527=CIRCLE('',#8578,8.);
#528=CIRCLE('',#8580,8.);
#529=CIRCLE('',#8582,8.);
#530=CIRCLE('',#8584,45.);
#531=CIRCLE('',#8586,7.99999999999998);
#532=CIRCLE('',#8588,8.);
#533=CIRCLE('',#8590,2.125);
#534=CIRCLE('',#8591,2.125);
#535=CIRCLE('',#8593,2.125);
#536=CIRCLE('',#8594,2.125);
#537=CIRCLE('',#8596,4.);
#538=CIRCLE('',#8599,4.);
#539=CIRCLE('',#8601,1.00000000000001);
#540=CIRCLE('',#8602,1.);
#541=CIRCLE('',#8604,1.00000000000014);
#542=CIRCLE('',#8605,35.03);
#543=CIRCLE('',#8606,0.999999999999992);
#544=CIRCLE('',#8607,34.7371067811866);
#545=CIRCLE('',#8609,1.00000000000001);
#546=CIRCLE('',#8611,1.);
#547=CIRCLE('',#8612,1.);
#548=CIRCLE('',#8614,1.00000000000001);
#549=CIRCLE('',#8615,0.999999999937893);
#550=CIRCLE('',#8617,32.7071069112441);
#551=CIRCLE('',#8618,1.);
#552=CIRCLE('',#8621,1.);
#553=CIRCLE('',#8622,1.);
#554=CIRCLE('',#8624,1.00000000000016);
#555=CIRCLE('',#8625,35.03);
#556=CIRCLE('',#8626,1.00000000000003);
#557=CIRCLE('',#8627,34.7371067811865);
#558=CIRCLE('',#8629,1.);
#559=CIRCLE('',#8631,1.00000000000001);
#560=CIRCLE('',#8632,1.);
#561=CIRCLE('',#8634,0.999999999999974);
#562=CIRCLE('',#8636,0.999999999950509);
#563=CIRCLE('',#8638,32.7071069112441);
#564=CIRCLE('',#8639,1.);
#565=CIRCLE('',#8642,1.00000000000001);
#566=CIRCLE('',#8643,1.);
#567=CIRCLE('',#8645,1.00000000000015);
#568=CIRCLE('',#8646,35.03);
#569=CIRCLE('',#8647,1.);
#570=CIRCLE('',#8648,34.7371067811865);
#571=CIRCLE('',#8650,0.999999999999976);
#572=CIRCLE('',#8652,0.999999999999995);
#573=CIRCLE('',#8653,1.);
#574=CIRCLE('',#8655,1.00000000000002);
#575=CIRCLE('',#8657,0.999999999951348);
#576=CIRCLE('',#8659,32.7071069112441);
#577=CIRCLE('',#8660,1.);
#578=CIRCLE('',#8663,0.999999999999998);
#579=CIRCLE('',#8664,1.);
#580=CIRCLE('',#8666,1.00000000000014);
#581=CIRCLE('',#8667,35.03);
#582=CIRCLE('',#8668,0.999999999999998);
#583=CIRCLE('',#8669,34.7371067811865);
#584=CIRCLE('',#8671,1.00000000000002);
#585=CIRCLE('',#8673,1.00000000000001);
#586=CIRCLE('',#8674,1.);
#587=CIRCLE('',#8676,0.999999999999984);
#588=CIRCLE('',#8678,0.999999999943508);
#589=CIRCLE('',#8680,32.7071069112441);
#590=CIRCLE('',#8681,0.999999999999999);
#591=CIRCLE('',#8683,1.);
#592=CIRCLE('',#8684,1.);
#593=CIRCLE('',#8686,1.);
#594=CIRCLE('',#8688,31.0000001300576);
#595=CIRCLE('',#8689,1.);
#596=CIRCLE('',#8691,31.0000001300576);
#597=CIRCLE('',#8693,0.999999999999998);
#598=CIRCLE('',#8694,1.);
#599=CIRCLE('',#8697,0.999999999999997);
#600=CIRCLE('',#8698,1.);
#601=CIRCLE('',#8700,1.);
#602=CIRCLE('',#8702,31.0000001300576);
#603=CIRCLE('',#8703,1.);
#604=CIRCLE('',#8705,31.0000001300576);
#605=CIRCLE('',#8707,1.00000000000001);
#606=CIRCLE('',#8708,1.);
#607=CIRCLE('',#8710,1.);
#608=CIRCLE('',#8712,31.0000001300576);
#609=CIRCLE('',#8713,1.);
#610=CIRCLE('',#8715,31.0000001300576);
#611=CIRCLE('',#8717,1.00000000000001);
#612=CIRCLE('',#8718,1.);
#613=CIRCLE('',#8721,1.00000000000001);
#614=CIRCLE('',#8722,1.);
#615=CIRCLE('',#8725,1.);
#616=CIRCLE('',#8726,1.);
#617=CIRCLE('',#8728,1.);
#618=CIRCLE('',#8730,1.00000000000001);
#619=CIRCLE('',#8731,1.);
#620=CIRCLE('',#8733,1.);
#621=CIRCLE('',#8735,31.0000001300576);
#622=CIRCLE('',#8737,31.0000001300576);
#623=CIRCLE('',#8739,0.999999999999987);
#624=CIRCLE('',#8740,0.999999999999985);
#625=CIRCLE('',#8741,6.30000000000001);
#626=CIRCLE('',#8742,0.999999999999996);
#627=CIRCLE('',#8743,1.00000000000002);
#628=CIRCLE('',#8744,37.735327733916);
#629=CIRCLE('',#8746,6.30000000000004);
#630=CIRCLE('',#8747,1.00000000000002);
#631=CIRCLE('',#8748,0.999999999999986);
#632=CIRCLE('',#8749,37.735327733916);
#633=CIRCLE('',#8750,1.00000000000001);
#634=CIRCLE('',#8751,1.00000000000003);
#635=CIRCLE('',#8754,37.735327733916);
#636=CIRCLE('',#8756,0.999999999999986);
#637=CIRCLE('',#8759,1.00000000000002);
#638=CIRCLE('',#8761,0.999999999999996);
#639=CIRCLE('',#8763,6.30000000000001);
#640=CIRCLE('',#8765,0.999999999999985);
#641=CIRCLE('',#8768,6.30000000000004);
#642=CIRCLE('',#8770,1.00000000000003);
#643=CIRCLE('',#8773,1.00000000000001);
#644=CIRCLE('',#8775,0.999999999999987);
#645=CIRCLE('',#8777,37.735327733916);
#646=CIRCLE('',#8779,1.00000000000002);
#647=CIRCLE('',#8783,4.);
#648=CIRCLE('',#8784,3.8);
#649=CIRCLE('',#8786,4.3);
#650=CIRCLE('',#8788,4.3);
#651=CIRCLE('',#8789,4.3);
#652=CIRCLE('',#8790,4.3);
#653=CIRCLE('',#8793,4.);
#654=CIRCLE('',#8794,3.8);
#655=CIRCLE('',#8797,37.2);
#656=CIRCLE('',#8798,37.);
#657=CIRCLE('',#8800,4.3);
#658=CIRCLE('',#8803,4.3);
#659=CIRCLE('',#8804,4.3);
#660=CIRCLE('',#8805,4.3);
#661=CIRCLE('',#8807,8.);
#662=CIRCLE('',#8808,45.);
#663=CIRCLE('',#8811,4.);
#664=CIRCLE('',#8812,3.80000000000001);
#665=CIRCLE('',#8814,37.2);
#666=CIRCLE('',#8815,37.);
#667=CIRCLE('',#8817,4.);
#668=CIRCLE('',#8818,3.8);
#669=CIRCLE('',#8824,4.);
#670=CIRCLE('',#8826,37.);
#671=CIRCLE('',#8828,4.);
#672=CIRCLE('',#8830,4.09999999999999);
#673=CIRCLE('',#8832,8.);
#674=CIRCLE('',#8833,8.2);
#675=CIRCLE('',#8835,8.20000000000001);
#676=CIRCLE('',#8836,8.);
#677=CIRCLE('',#8838,44.8);
#678=CIRCLE('',#8839,45.);
#679=CIRCLE('',#8841,44.8);
#680=CIRCLE('',#8842,45.);
#681=CIRCLE('',#8844,8.19999999999999);
#682=CIRCLE('',#8845,7.99999999999999);
#683=CIRCLE('',#8847,4.1);
#684=CIRCLE('',#8849,8.);
#685=CIRCLE('',#8850,8.19999999999999);
#686=CIRCLE('',#8854,8.);
#687=CIRCLE('',#8856,45.);
#688=CIRCLE('',#8858,7.99999999999999);
#689=CIRCLE('',#8860,8.);
#690=CIRCLE('',#8862,2.125);
#691=CIRCLE('',#8863,2.125);
#692=CIRCLE('',#8865,2.125);
#693=CIRCLE('',#8866,2.125);
#694=CIRCLE('',#8868,4.);
#695=CIRCLE('',#8871,4.);
#696=CIRCLE('',#8873,1.00000000000001);
#697=CIRCLE('',#8874,1.);
#698=CIRCLE('',#8876,1.00000000000014);
#699=CIRCLE('',#8877,34.7371067811865);
#700=CIRCLE('',#8878,0.999999999999992);
#701=CIRCLE('',#8879,35.03);
#702=CIRCLE('',#8881,1.00000000000001);
#703=CIRCLE('',#8883,1.);
#704=CIRCLE('',#8884,1.);
#705=CIRCLE('',#8886,1.00000000000001);
#706=CIRCLE('',#8888,0.999999999937893);
#707=CIRCLE('',#8890,32.7071069112441);
#708=CIRCLE('',#8891,1.);
#709=CIRCLE('',#8894,1.);
#710=CIRCLE('',#8895,1.);
#711=CIRCLE('',#8897,1.00000000000016);
#712=CIRCLE('',#8898,34.7371067811865);
#713=CIRCLE('',#8899,1.00000000000003);
#714=CIRCLE('',#8900,35.03);
#715=CIRCLE('',#8902,1.);
#716=CIRCLE('',#8904,1.00000000000001);
#717=CIRCLE('',#8905,1.);
#718=CIRCLE('',#8907,0.999999999999974);
#719=CIRCLE('',#8909,0.999999999950509);
#720=CIRCLE('',#8911,32.7071069112441);
#721=CIRCLE('',#8912,1.);
#722=CIRCLE('',#8915,1.00000000000001);
#723=CIRCLE('',#8916,1.);
#724=CIRCLE('',#8918,1.00000000000015);
#725=CIRCLE('',#8919,34.7371067811865);
#726=CIRCLE('',#8920,1.);
#727=CIRCLE('',#8921,35.03);
#728=CIRCLE('',#8923,0.999999999999975);
#729=CIRCLE('',#8925,0.999999999999996);
#730=CIRCLE('',#8926,1.);
#731=CIRCLE('',#8928,1.00000000000002);
#732=CIRCLE('',#8930,0.999999999951348);
#733=CIRCLE('',#8932,32.7071069112441);
#734=CIRCLE('',#8933,1.);
#735=CIRCLE('',#8936,0.999999999999998);
#736=CIRCLE('',#8937,1.);
#737=CIRCLE('',#8939,1.00000000000014);
#738=CIRCLE('',#8940,34.7371067811865);
#739=CIRCLE('',#8941,0.999999999999998);
#740=CIRCLE('',#8942,35.03);
#741=CIRCLE('',#8944,1.00000000000002);
#742=CIRCLE('',#8946,1.00000000000001);
#743=CIRCLE('',#8947,1.);
#744=CIRCLE('',#8949,0.999999999999984);
#745=CIRCLE('',#8951,0.999999999943508);
#746=CIRCLE('',#8953,32.7071069112441);
#747=CIRCLE('',#8954,0.999999999999999);
#748=CIRCLE('',#8956,1.);
#749=CIRCLE('',#8957,1.);
#750=CIRCLE('',#8959,1.);
#751=CIRCLE('',#8961,1.);
#752=CIRCLE('',#8962,31.0000001300576);
#753=CIRCLE('',#8964,31.0000001300576);
#754=CIRCLE('',#8966,0.999999999999998);
#755=CIRCLE('',#8967,1.);
#756=CIRCLE('',#8970,0.999999999999997);
#757=CIRCLE('',#8971,1.);
#758=CIRCLE('',#8973,1.);
#759=CIRCLE('',#8975,1.);
#760=CIRCLE('',#8976,31.0000001300576);
#761=CIRCLE('',#8978,31.0000001300576);
#762=CIRCLE('',#8980,1.00000000000001);
#763=CIRCLE('',#8981,1.);
#764=CIRCLE('',#8983,1.);
#765=CIRCLE('',#8985,1.);
#766=CIRCLE('',#8986,31.0000001300576);
#767=CIRCLE('',#8988,31.0000001300576);
#768=CIRCLE('',#8990,1.00000000000001);
#769=CIRCLE('',#8991,1.);
#770=CIRCLE('',#8994,1.00000000000001);
#771=CIRCLE('',#8995,1.);
#772=CIRCLE('',#8998,1.);
#773=CIRCLE('',#8999,1.);
#774=CIRCLE('',#9001,1.);
#775=CIRCLE('',#9003,1.00000000000001);
#776=CIRCLE('',#9004,1.);
#777=CIRCLE('',#9006,1.);
#778=CIRCLE('',#9008,31.0000001300576);
#779=CIRCLE('',#9010,31.0000001300576);
#780=CIRCLE('',#9013,0.999999999999987);
#781=CIRCLE('',#9014,37.735327733916);
#782=CIRCLE('',#9015,1.00000000000002);
#783=CIRCLE('',#9016,0.999999999999996);
#784=CIRCLE('',#9017,6.30000000000001);
#785=CIRCLE('',#9018,0.999999999999985);
#786=CIRCLE('',#9020,6.30000000000004);
#787=CIRCLE('',#9021,1.00000000000003);
#788=CIRCLE('',#9022,1.00000000000001);
#789=CIRCLE('',#9023,37.735327733916);
#790=CIRCLE('',#9024,0.999999999999986);
#791=CIRCLE('',#9025,1.00000000000002);
#792=CIRCLE('',#9028,37.);
#793=CIRCLE('',#9030,37.735327733916);
#794=CIRCLE('',#9032,0.999999999999986);
#795=CIRCLE('',#9035,1.00000000000002);
#796=CIRCLE('',#9037,0.999999999999996);
#797=CIRCLE('',#9039,6.30000000000001);
#798=CIRCLE('',#9041,0.999999999999985);
#799=CIRCLE('',#9044,6.30000000000004);
#800=CIRCLE('',#9046,1.00000000000003);
#801=CIRCLE('',#9049,1.00000000000001);
#802=CIRCLE('',#9051,0.999999999999987);
#803=CIRCLE('',#9053,37.735327733916);
#804=CIRCLE('',#9055,1.00000000000002);
#805=CIRCLE('',#9060,35.03);
#806=CIRCLE('',#9061,1.);
#807=CIRCLE('',#9062,1.);
#808=CIRCLE('',#9063,31.0000001300576);
#809=CIRCLE('',#9064,1.);
#810=CIRCLE('',#9065,1.);
#811=CIRCLE('',#9066,35.03);
#812=CIRCLE('',#9067,1.);
#813=CIRCLE('',#9068,1.);
#814=CIRCLE('',#9069,31.0000001300576);
#815=CIRCLE('',#9070,1.);
#816=CIRCLE('',#9071,1.);
#817=CIRCLE('',#9072,35.03);
#818=CIRCLE('',#9073,1.);
#819=CIRCLE('',#9074,1.);
#820=CIRCLE('',#9075,31.0000001300576);
#821=CIRCLE('',#9076,1.);
#822=CIRCLE('',#9077,1.);
#823=CIRCLE('',#9078,35.03);
#824=CIRCLE('',#9079,1.);
#825=CIRCLE('',#9080,1.);
#826=CIRCLE('',#9081,31.0000001300576);
#827=CIRCLE('',#9082,1.);
#828=CIRCLE('',#9083,1.);
#829=CIRCLE('',#9084,35.03);
#830=CIRCLE('',#9085,1.);
#831=CIRCLE('',#9086,1.);
#832=CIRCLE('',#9087,31.0000001300576);
#833=CIRCLE('',#9088,1.);
#834=CIRCLE('',#9089,1.);
#835=CIRCLE('',#9090,35.03);
#836=CIRCLE('',#9091,1.);
#837=CIRCLE('',#9092,1.);
#838=CIRCLE('',#9093,31.0000001300576);
#839=CIRCLE('',#9094,1.);
#840=CIRCLE('',#9095,1.);
#841=CIRCLE('',#9096,35.03);
#842=CIRCLE('',#9097,1.);
#843=CIRCLE('',#9098,1.);
#844=CIRCLE('',#9099,31.0000001300576);
#845=CIRCLE('',#9100,1.);
#846=CIRCLE('',#9101,1.);
#847=CIRCLE('',#9102,35.03);
#848=CIRCLE('',#9103,1.);
#849=CIRCLE('',#9104,1.);
#850=CIRCLE('',#9105,31.0000001300576);
#851=CIRCLE('',#9106,1.);
#852=CIRCLE('',#9107,1.);
#853=CIRCLE('',#9108,35.03);
#854=CIRCLE('',#9109,35.03);
#855=CIRCLE('',#9110,35.03);
#856=CIRCLE('',#9111,35.03);
#857=CIRCLE('',#9112,35.03);
#858=CIRCLE('',#9113,35.03);
#859=CIRCLE('',#9114,35.03);
#860=CIRCLE('',#9115,35.03);
#861=CIRCLE('',#9116,35.03);
#862=CIRCLE('',#9117,29.23);
#863=CIRCLE('',#9120,4.);
#864=CIRCLE('',#9121,3.8);
#865=CIRCLE('',#9123,37.2);
#866=CIRCLE('',#9124,37.);
#867=CIRCLE('',#9126,4.3);
#868=CIRCLE('',#9128,4.3);
#869=CIRCLE('',#9129,4.3);
#870=CIRCLE('',#9130,4.3);
#871=CIRCLE('',#9133,4.);
#872=CIRCLE('',#9134,3.8);
#873=CIRCLE('',#9137,4.3);
#874=CIRCLE('',#9140,4.3);
#875=CIRCLE('',#9141,4.3);
#876=CIRCLE('',#9142,4.3);
#877=CIRCLE('',#9145,4.);
#878=CIRCLE('',#9146,3.80000000000001);
#879=CIRCLE('',#9148,37.2);
#880=CIRCLE('',#9149,37.);
#881=CIRCLE('',#9151,4.);
#882=CIRCLE('',#9152,3.79999999999999);
#883=CIRCLE('',#9158,4.);
#884=CIRCLE('',#9160,37.);
#885=CIRCLE('',#9162,4.);
#886=CIRCLE('',#9164,4.09999999999999);
#887=CIRCLE('',#9166,8.);
#888=CIRCLE('',#9167,8.2);
#889=CIRCLE('',#9169,8.2);
#890=CIRCLE('',#9170,8.);
#891=CIRCLE('',#9172,44.8);
#892=CIRCLE('',#9173,45.);
#893=CIRCLE('',#9175,8.19999999999999);
#894=CIRCLE('',#9176,7.99999999999999);
#895=CIRCLE('',#9178,4.1);
#896=CIRCLE('',#9180,8.);
#897=CIRCLE('',#9181,8.2);
#898=CIRCLE('',#9183,44.8);
#899=CIRCLE('',#9184,45.);
#900=CIRCLE('',#9186,8.);
#901=CIRCLE('',#9188,8.);
#902=CIRCLE('',#9190,45.);
#903=CIRCLE('',#9192,7.99999999999999);
#904=CIRCLE('',#9194,8.);
#905=CIRCLE('',#9196,45.);
#906=CIRCLE('',#9198,2.125);
#907=CIRCLE('',#9199,2.125);
#908=CIRCLE('',#9201,2.125);
#909=CIRCLE('',#9202,2.125);
#910=CIRCLE('',#9204,4.);
#911=CIRCLE('',#9207,4.);
#912=CIRCLE('',#9209,37.);
#913=CIRCLE('',#9211,1.00000000000001);
#914=CIRCLE('',#9213,1.00000000000014);
#915=CIRCLE('',#9214,34.7371067811865);
#916=CIRCLE('',#9215,0.999999999999992);
#917=CIRCLE('',#9216,35.03);
#918=CIRCLE('',#9218,1.00000000000001);
#919=CIRCLE('',#9220,1.);
#920=CIRCLE('',#9222,1.00000000000001);
#921=CIRCLE('',#9223,0.999999999937893);
#922=CIRCLE('',#9225,32.7071069112441);
#923=CIRCLE('',#9226,1.);
#924=CIRCLE('',#9229,1.);
#925=CIRCLE('',#9231,1.00000000000016);
#926=CIRCLE('',#9232,34.7371067811865);
#927=CIRCLE('',#9233,1.00000000000003);
#928=CIRCLE('',#9234,35.03);
#929=CIRCLE('',#9236,1.);
#930=CIRCLE('',#9238,1.00000000000001);
#931=CIRCLE('',#9240,0.999999999999974);
#932=CIRCLE('',#9242,0.999999999950509);
#933=CIRCLE('',#9244,32.7071069112441);
#934=CIRCLE('',#9245,1.);
#935=CIRCLE('',#9248,1.00000000000001);
#936=CIRCLE('',#9250,1.00000000000015);
#937=CIRCLE('',#9251,34.7371067811865);
#938=CIRCLE('',#9252,1.);
#939=CIRCLE('',#9253,35.03);
#940=CIRCLE('',#9255,0.999999999999976);
#941=CIRCLE('',#9257,0.999999999999996);
#942=CIRCLE('',#9259,1.00000000000002);
#943=CIRCLE('',#9261,0.999999999951348);
#944=CIRCLE('',#9263,32.7071069112441);
#945=CIRCLE('',#9264,1.);
#946=CIRCLE('',#9267,0.999999999999998);
#947=CIRCLE('',#9269,1.00000000000014);
#948=CIRCLE('',#9270,34.7371067811865);
#949=CIRCLE('',#9271,0.999999999999998);
#950=CIRCLE('',#9272,35.03);
#951=CIRCLE('',#9274,1.00000000000002);
#952=CIRCLE('',#9276,1.00000000000001);
#953=CIRCLE('',#9278,0.999999999999984);
#954=CIRCLE('',#9280,0.999999999943508);
#955=CIRCLE('',#9282,32.7071069112441);
#956=CIRCLE('',#9283,0.999999999999999);
#957=CIRCLE('',#9286,1.);
#958=CIRCLE('',#9288,1.);
#959=CIRCLE('',#9290,1.);
#960=CIRCLE('',#9291,31.0000001300576);
#961=CIRCLE('',#9294,0.999999999999998);
#962=CIRCLE('',#9297,0.999999999999997);
#963=CIRCLE('',#9299,1.);
#964=CIRCLE('',#9301,1.);
#965=CIRCLE('',#9302,31.0000001300576);
#966=CIRCLE('',#9305,1.00000000000001);
#967=CIRCLE('',#9307,1.);
#968=CIRCLE('',#9309,1.);
#969=CIRCLE('',#9310,31.0000001300576);
#970=CIRCLE('',#9313,1.00000000000001);
#971=CIRCLE('',#9316,1.00000000000001);
#972=CIRCLE('',#9319,1.);
#973=CIRCLE('',#9321,1.);
#974=CIRCLE('',#9323,1.00000000000001);
#975=CIRCLE('',#9325,1.);
#976=CIRCLE('',#9327,31.0000001300576);
#977=CIRCLE('',#9330,0.999999999999987);
#978=CIRCLE('',#9331,37.735327733916);
#979=CIRCLE('',#9332,1.00000000000002);
#980=CIRCLE('',#9333,0.999999999999996);
#981=CIRCLE('',#9334,6.30000000000001);
#982=CIRCLE('',#9335,0.999999999999985);
#983=CIRCLE('',#9337,6.30000000000004);
#984=CIRCLE('',#9338,1.00000000000003);
#985=CIRCLE('',#9339,1.00000000000001);
#986=CIRCLE('',#9340,37.735327733916);
#987=CIRCLE('',#9341,0.999999999999986);
#988=CIRCLE('',#9342,1.00000000000002);
#989=CIRCLE('',#9346,37.735327733916);
#990=CIRCLE('',#9348,0.999999999999986);
#991=CIRCLE('',#9351,1.00000000000002);
#992=CIRCLE('',#9353,0.999999999999996);
#993=CIRCLE('',#9355,6.30000000000001);
#994=CIRCLE('',#9357,0.999999999999985);
#995=CIRCLE('',#9360,6.30000000000004);
#996=CIRCLE('',#9362,1.00000000000003);
#997=CIRCLE('',#9365,1.00000000000001);
#998=CIRCLE('',#9367,0.999999999999987);
#999=CIRCLE('',#9369,37.735327733916);
#1000=CIRCLE('',#9371,1.00000000000002);
#1001=CIRCLE('',#9375,3.8);
#1002=CIRCLE('',#9376,4.);
#1003=CIRCLE('',#9378,37.);
#1004=CIRCLE('',#9379,37.2);
#1005=CIRCLE('',#9381,4.3);
#1006=CIRCLE('',#9383,4.3);
#1007=CIRCLE('',#9384,4.3);
#1008=CIRCLE('',#9385,4.3);
#1009=CIRCLE('',#9388,3.8);
#1010=CIRCLE('',#9389,4.);
#1011=CIRCLE('',#9392,37.2);
#1012=CIRCLE('',#9393,37.);
#1013=CIRCLE('',#9395,4.3);
#1014=CIRCLE('',#9398,4.3);
#1015=CIRCLE('',#9399,4.3);
#1016=CIRCLE('',#9400,4.3);
#1017=CIRCLE('',#9402,45.);
#1018=CIRCLE('',#9403,8.);
#1019=CIRCLE('',#9406,3.80000000000001);
#1020=CIRCLE('',#9407,4.);
#1021=CIRCLE('',#9409,37.);
#1022=CIRCLE('',#9410,37.2);
#1023=CIRCLE('',#9412,3.79999999999999);
#1024=CIRCLE('',#9413,4.);
#1025=CIRCLE('',#9419,4.);
#1026=CIRCLE('',#9421,37.);
#1027=CIRCLE('',#9423,4.);
#1028=CIRCLE('',#9425,29.23);
#1029=CIRCLE('',#9426,29.03);
#1030=CIRCLE('',#9428,29.03);
#1031=CIRCLE('',#9431,4.09999999999999);
#1032=CIRCLE('',#9433,8.2);
#1033=CIRCLE('',#9434,8.);
#1034=CIRCLE('',#9436,8.);
#1035=CIRCLE('',#9437,8.2);
#1036=CIRCLE('',#9439,45.);
#1037=CIRCLE('',#9440,44.8);
#1038=CIRCLE('',#9442,44.8);
#1039=CIRCLE('',#9443,45.);
#1040=CIRCLE('',#9445,7.99999999999999);
#1041=CIRCLE('',#9446,8.19999999999999);
#1042=CIRCLE('',#9448,4.1);
#1043=CIRCLE('',#9450,8.2);
#1044=CIRCLE('',#9451,8.);
#1045=CIRCLE('',#9453,45.);
#1046=CIRCLE('',#9454,44.8);
#1047=CIRCLE('',#9458,8.);
#1048=CIRCLE('',#9460,45.);
#1049=CIRCLE('',#9462,7.99999999999999);
#1050=CIRCLE('',#9464,8.);
#1051=CIRCLE('',#9466,45.);
#1052=CIRCLE('',#9468,2.125);
#1053=CIRCLE('',#9469,2.125);
#1054=CIRCLE('',#9471,2.125);
#1055=CIRCLE('',#9472,2.125);
#1056=CIRCLE('',#9474,32.5857864376269);
#1057=CIRCLE('',#9475,32.5857864376269);
#1058=CIRCLE('',#9476,2.);
#1059=CIRCLE('',#9477,31.1715728752538);
#1060=CIRCLE('',#9479,36.914213562373);
#1061=CIRCLE('',#9480,36.914213562373);
#1062=CIRCLE('',#9482,38.3284271247461);
#1063=CIRCLE('',#9483,2.);
#1064=CIRCLE('',#9486,4.);
#1065=CIRCLE('',#9489,4.);
#1066=CIRCLE('',#9491,37.);
#1067=CIRCLE('',#9493,1.00000000000001);
#1068=CIRCLE('',#9495,1.00000000000014);
#1069=CIRCLE('',#9496,35.03);
#1070=CIRCLE('',#9497,0.999999999999992);
#1071=CIRCLE('',#9498,34.7371067811865);
#1072=CIRCLE('',#9500,1.00000000000001);
#1073=CIRCLE('',#9502,1.);
#1074=CIRCLE('',#9504,1.00000000000001);
#1075=CIRCLE('',#9506,0.999999999937893);
#1076=CIRCLE('',#9508,32.7071069112441);
#1077=CIRCLE('',#9509,1.);
#1078=CIRCLE('',#9512,1.);
#1079=CIRCLE('',#9514,1.00000000000016);
#1080=CIRCLE('',#9515,35.03);
#1081=CIRCLE('',#9516,1.00000000000003);
#1082=CIRCLE('',#9517,34.7371067811865);
#1083=CIRCLE('',#9519,1.);
#1084=CIRCLE('',#9521,1.00000000000001);
#1085=CIRCLE('',#9523,0.999999999999974);
#1086=CIRCLE('',#9525,0.999999999950509);
#1087=CIRCLE('',#9527,32.7071069112441);
#1088=CIRCLE('',#9528,1.);
#1089=CIRCLE('',#9531,1.00000000000001);
#1090=CIRCLE('',#9533,1.00000000000015);
#1091=CIRCLE('',#9534,35.03);
#1092=CIRCLE('',#9535,1.);
#1093=CIRCLE('',#9536,34.7371067811865);
#1094=CIRCLE('',#9538,0.999999999999976);
#1095=CIRCLE('',#9540,0.999999999999996);
#1096=CIRCLE('',#9542,1.00000000000002);
#1097=CIRCLE('',#9544,0.999999999951348);
#1098=CIRCLE('',#9546,32.7071069112441);
#1099=CIRCLE('',#9547,1.);
#1100=CIRCLE('',#9550,0.999999999999998);
#1101=CIRCLE('',#9552,1.00000000000014);
#1102=CIRCLE('',#9553,35.03);
#1103=CIRCLE('',#9554,0.999999999999998);
#1104=CIRCLE('',#9555,34.7371067811865);
#1105=CIRCLE('',#9557,1.00000000000002);
#1106=CIRCLE('',#9559,1.00000000000001);
#1107=CIRCLE('',#9561,0.999999999999984);
#1108=CIRCLE('',#9563,0.999999999943508);
#1109=CIRCLE('',#9565,32.7071069112441);
#1110=CIRCLE('',#9566,0.999999999999999);
#1111=CIRCLE('',#9569,35.03);
#1112=CIRCLE('',#9571,1.);
#1113=CIRCLE('',#9573,1.);
#1114=CIRCLE('',#9575,31.0000001300576);
#1115=CIRCLE('',#9576,1.);
#1116=CIRCLE('',#9579,0.999999999999998);
#1117=CIRCLE('',#9582,0.999999999999997);
#1118=CIRCLE('',#9584,1.);
#1119=CIRCLE('',#9586,31.0000001300576);
#1120=CIRCLE('',#9587,1.);
#1121=CIRCLE('',#9590,1.00000000000001);
#1122=CIRCLE('',#9592,1.);
#1123=CIRCLE('',#9594,31.0000001300576);
#1124=CIRCLE('',#9595,1.);
#1125=CIRCLE('',#9598,1.00000000000001);
#1126=CIRCLE('',#9601,1.00000000000001);
#1127=CIRCLE('',#9604,1.);
#1128=CIRCLE('',#9606,1.);
#1129=CIRCLE('',#9608,1.00000000000001);
#1130=CIRCLE('',#9610,1.);
#1131=CIRCLE('',#9612,31.0000001300576);
#1132=CIRCLE('',#9616,0.999999999999987);
#1133=CIRCLE('',#9617,0.999999999999985);
#1134=CIRCLE('',#9618,6.30000000000001);
#1135=CIRCLE('',#9619,0.999999999999996);
#1136=CIRCLE('',#9620,1.00000000000002);
#1137=CIRCLE('',#9621,37.735327733916);
#1138=CIRCLE('',#9623,6.30000000000004);
#1139=CIRCLE('',#9624,1.00000000000002);
#1140=CIRCLE('',#9625,0.999999999999986);
#1141=CIRCLE('',#9626,37.735327733916);
#1142=CIRCLE('',#9627,1.00000000000001);
#1143=CIRCLE('',#9628,1.00000000000003);
#1144=CIRCLE('',#9632,37.);
#1145=CIRCLE('',#9634,37.735327733916);
#1146=CIRCLE('',#9636,0.999999999999986);
#1147=CIRCLE('',#9639,1.00000000000002);
#1148=CIRCLE('',#9641,0.999999999999996);
#1149=CIRCLE('',#9643,6.30000000000001);
#1150=CIRCLE('',#9645,0.999999999999985);
#1151=CIRCLE('',#9648,6.30000000000004);
#1152=CIRCLE('',#9650,1.00000000000003);
#1153=CIRCLE('',#9653,1.00000000000001);
#1154=CIRCLE('',#9655,0.999999999999987);
#1155=CIRCLE('',#9657,37.735327733916);
#1156=CIRCLE('',#9659,1.00000000000002);
#1157=CONICAL_SURFACE('',#8519,3.9,0.785398163397461);
#1158=CONICAL_SURFACE('',#8522,4.39999999999999,0.785398163397441);
#1159=CONICAL_SURFACE('',#8529,3.9,0.785398163397456);
#1160=CONICAL_SURFACE('',#8533,4.4,0.785398163397441);
#1161=CONICAL_SURFACE('',#8541,3.9,0.785398163397446);
#1162=CONICAL_SURFACE('',#8544,37.1,0.785398163397459);
#1163=CONICAL_SURFACE('',#8547,3.9,0.785398163397473);
#1164=CONICAL_SURFACE('',#8551,4.4,0.785398163397454);
#1165=CONICAL_SURFACE('',#8552,4.4,0.785398163397454);
#1166=CONICAL_SURFACE('',#8560,4.2,0.785398163397475);
#1167=CONICAL_SURFACE('',#8562,8.1,0.785398163397462);
#1168=CONICAL_SURFACE('',#8565,8.1,0.785398163397475);
#1169=CONICAL_SURFACE('',#8568,44.9,0.785398163397448);
#1170=CONICAL_SURFACE('',#8571,8.09999999999999,0.785398163397461);
#1171=CONICAL_SURFACE('',#8574,4.2,0.785398163397458);
#1172=CONICAL_SURFACE('',#8576,8.09999999999999,0.785398163397454);
#1173=CONICAL_SURFACE('',#8616,33.0000001140871,0.785398163397451);
#1174=CONICAL_SURFACE('',#8637,33.0000001140871,0.785398163397451);
#1175=CONICAL_SURFACE('',#8658,33.0000001140871,0.785398163397451);
#1176=CONICAL_SURFACE('',#8679,33.0000001140871,0.785398163397451);
#1177=CONICAL_SURFACE('',#8782,3.9,0.785398163397461);
#1178=CONICAL_SURFACE('',#8785,4.39999999999999,0.785398163397441);
#1179=CONICAL_SURFACE('',#8792,3.9,0.785398163397456);
#1180=CONICAL_SURFACE('',#8796,37.1,0.785398163397459);
#1181=CONICAL_SURFACE('',#8799,4.4,0.785398163397441);
#1182=CONICAL_SURFACE('',#8810,3.9,0.785398163397446);
#1183=CONICAL_SURFACE('',#8813,37.1,0.785398163397459);
#1184=CONICAL_SURFACE('',#8816,3.9,0.785398163397473);
#1185=CONICAL_SURFACE('',#8820,4.4,0.785398163397454);
#1186=CONICAL_SURFACE('',#8821,4.4,0.785398163397454);
#1187=CONICAL_SURFACE('',#8829,4.2,0.785398163397475);
#1188=CONICAL_SURFACE('',#8831,8.1,0.785398163397462);
#1189=CONICAL_SURFACE('',#8834,8.1,0.785398163397475);
#1190=CONICAL_SURFACE('',#8837,44.9,0.785398163397448);
#1191=CONICAL_SURFACE('',#8840,44.9,0.785398163397448);
#1192=CONICAL_SURFACE('',#8843,8.09999999999999,0.785398163397461);
#1193=CONICAL_SURFACE('',#8846,4.2,0.785398163397458);
#1194=CONICAL_SURFACE('',#8848,8.09999999999999,0.785398163397454);
#1195=CONICAL_SURFACE('',#8889,33.0000001140871,0.785398163397451);
#1196=CONICAL_SURFACE('',#8910,33.0000001140871,0.785398163397451);
#1197=CONICAL_SURFACE('',#8931,33.0000001140871,0.785398163397451);
#1198=CONICAL_SURFACE('',#8952,33.0000001140871,0.785398163397451);
#1199=CONICAL_SURFACE('',#9119,3.9,0.785398163397461);
#1200=CONICAL_SURFACE('',#9122,37.1,0.78539816339747);
#1201=CONICAL_SURFACE('',#9125,4.39999999999999,0.785398163397441);
#1202=CONICAL_SURFACE('',#9132,3.9,0.785398163397456);
#1203=CONICAL_SURFACE('',#9136,4.4,0.785398163397441);
#1204=CONICAL_SURFACE('',#9144,3.9,0.785398163397446);
#1205=CONICAL_SURFACE('',#9147,37.1,0.785398163397459);
#1206=CONICAL_SURFACE('',#9150,3.9,0.785398163397473);
#1207=CONICAL_SURFACE('',#9154,4.4,0.785398163397454);
#1208=CONICAL_SURFACE('',#9155,4.4,0.785398163397454);
#1209=CONICAL_SURFACE('',#9163,4.2,0.785398163397475);
#1210=CONICAL_SURFACE('',#9165,8.1,0.785398163397462);
#1211=CONICAL_SURFACE('',#9168,8.1,0.785398163397475);
#1212=CONICAL_SURFACE('',#9171,44.9,0.785398163397448);
#1213=CONICAL_SURFACE('',#9174,8.09999999999999,0.785398163397461);
#1214=CONICAL_SURFACE('',#9177,4.2,0.785398163397458);
#1215=CONICAL_SURFACE('',#9179,8.09999999999999,0.785398163397454);
#1216=CONICAL_SURFACE('',#9182,44.9,0.785398163397448);
#1217=CONICAL_SURFACE('',#9224,33.0000001140871,0.785398163397451);
#1218=CONICAL_SURFACE('',#9243,33.0000001140871,0.785398163397451);
#1219=CONICAL_SURFACE('',#9262,33.0000001140871,0.785398163397451);
#1220=CONICAL_SURFACE('',#9281,33.0000001140871,0.785398163397451);
#1221=CONICAL_SURFACE('',#9374,3.9,0.785398163397461);
#1222=CONICAL_SURFACE('',#9377,37.1,0.78539816339747);
#1223=CONICAL_SURFACE('',#9380,4.39999999999999,0.785398163397441);
#1224=CONICAL_SURFACE('',#9387,3.9,0.785398163397456);
#1225=CONICAL_SURFACE('',#9391,37.1,0.785398163397459);
#1226=CONICAL_SURFACE('',#9394,4.4,0.785398163397441);
#1227=CONICAL_SURFACE('',#9405,3.9,0.785398163397446);
#1228=CONICAL_SURFACE('',#9408,37.1,0.785398163397459);
#1229=CONICAL_SURFACE('',#9411,3.9,0.785398163397473);
#1230=CONICAL_SURFACE('',#9415,4.4,0.785398163397454);
#1231=CONICAL_SURFACE('',#9416,4.4,0.785398163397454);
#1232=CONICAL_SURFACE('',#9424,29.13,0.785398163397448);
#1233=CONICAL_SURFACE('',#9429,29.13,0.785398163397448);
#1234=CONICAL_SURFACE('',#9430,4.2,0.785398163397475);
#1235=CONICAL_SURFACE('',#9432,8.1,0.785398163397462);
#1236=CONICAL_SURFACE('',#9435,8.1,0.785398163397475);
#1237=CONICAL_SURFACE('',#9438,44.9,0.785398163397448);
#1238=CONICAL_SURFACE('',#9441,44.9,0.785398163397448);
#1239=CONICAL_SURFACE('',#9444,8.09999999999999,0.785398163397461);
#1240=CONICAL_SURFACE('',#9447,4.2,0.785398163397458);
#1241=CONICAL_SURFACE('',#9449,8.09999999999999,0.785398163397454);
#1242=CONICAL_SURFACE('',#9452,44.9,0.785398163397448);
#1243=CONICAL_SURFACE('',#9478,34.9999999999999,0.785398163397439);
#1244=CONICAL_SURFACE('',#9507,33.0000001140871,0.785398163397451);
#1245=CONICAL_SURFACE('',#9526,33.0000001140871,0.785398163397451);
#1246=CONICAL_SURFACE('',#9545,33.0000001140871,0.785398163397451);
#1247=CONICAL_SURFACE('',#9564,33.0000001140871,0.785398163397451);
#1248=FACE_OUTER_BOUND('',#1779,.T.);
#1249=FACE_OUTER_BOUND('',#1780,.T.);
#1250=FACE_OUTER_BOUND('',#1781,.T.);
#1251=FACE_OUTER_BOUND('',#1782,.T.);
#1252=FACE_OUTER_BOUND('',#1783,.T.);
#1253=FACE_OUTER_BOUND('',#1784,.T.);
#1254=FACE_OUTER_BOUND('',#1785,.T.);
#1255=FACE_OUTER_BOUND('',#1786,.T.);
#1256=FACE_OUTER_BOUND('',#1787,.T.);
#1257=FACE_OUTER_BOUND('',#1788,.T.);
#1258=FACE_OUTER_BOUND('',#1789,.T.);
#1259=FACE_OUTER_BOUND('',#1790,.T.);
#1260=FACE_OUTER_BOUND('',#1791,.T.);
#1261=FACE_OUTER_BOUND('',#1792,.T.);
#1262=FACE_OUTER_BOUND('',#1793,.T.);
#1263=FACE_OUTER_BOUND('',#1794,.T.);
#1264=FACE_OUTER_BOUND('',#1795,.T.);
#1265=FACE_OUTER_BOUND('',#1796,.T.);
#1266=FACE_OUTER_BOUND('',#1797,.T.);
#1267=FACE_OUTER_BOUND('',#1798,.T.);
#1268=FACE_OUTER_BOUND('',#1799,.T.);
#1269=FACE_OUTER_BOUND('',#1800,.T.);
#1270=FACE_OUTER_BOUND('',#1801,.T.);
#1271=FACE_OUTER_BOUND('',#1802,.T.);
#1272=FACE_OUTER_BOUND('',#1803,.T.);
#1273=FACE_OUTER_BOUND('',#1804,.T.);
#1274=FACE_OUTER_BOUND('',#1805,.T.);
#1275=FACE_OUTER_BOUND('',#1806,.T.);
#1276=FACE_OUTER_BOUND('',#1807,.T.);
#1277=FACE_OUTER_BOUND('',#1808,.T.);
#1278=FACE_OUTER_BOUND('',#1809,.T.);
#1279=FACE_OUTER_BOUND('',#1810,.T.);
#1280=FACE_OUTER_BOUND('',#1811,.T.);
#1281=FACE_OUTER_BOUND('',#1812,.T.);
#1282=FACE_OUTER_BOUND('',#1813,.T.);
#1283=FACE_OUTER_BOUND('',#1814,.T.);
#1284=FACE_OUTER_BOUND('',#1815,.T.);
#1285=FACE_OUTER_BOUND('',#1816,.T.);
#1286=FACE_OUTER_BOUND('',#1817,.T.);
#1287=FACE_OUTER_BOUND('',#1818,.T.);
#1288=FACE_OUTER_BOUND('',#1819,.T.);
#1289=FACE_OUTER_BOUND('',#1820,.T.);
#1290=FACE_OUTER_BOUND('',#1821,.T.);
#1291=FACE_OUTER_BOUND('',#1822,.T.);
#1292=FACE_OUTER_BOUND('',#1823,.T.);
#1293=FACE_OUTER_BOUND('',#1824,.T.);
#1294=FACE_OUTER_BOUND('',#1825,.T.);
#1295=FACE_OUTER_BOUND('',#1826,.T.);
#1296=FACE_OUTER_BOUND('',#1827,.T.);
#1297=FACE_OUTER_BOUND('',#1828,.T.);
#1298=FACE_OUTER_BOUND('',#1829,.T.);
#1299=FACE_OUTER_BOUND('',#1830,.T.);
#1300=FACE_OUTER_BOUND('',#1831,.T.);
#1301=FACE_OUTER_BOUND('',#1832,.T.);
#1302=FACE_OUTER_BOUND('',#1833,.T.);
#1303=FACE_OUTER_BOUND('',#1834,.T.);
#1304=FACE_OUTER_BOUND('',#1835,.T.);
#1305=FACE_OUTER_BOUND('',#1836,.T.);
#1306=FACE_OUTER_BOUND('',#1837,.T.);
#1307=FACE_OUTER_BOUND('',#1838,.T.);
#1308=FACE_OUTER_BOUND('',#1839,.T.);
#1309=FACE_OUTER_BOUND('',#1840,.T.);
#1310=FACE_OUTER_BOUND('',#1841,.T.);
#1311=FACE_OUTER_BOUND('',#1842,.T.);
#1312=FACE_OUTER_BOUND('',#1843,.T.);
#1313=FACE_OUTER_BOUND('',#1844,.T.);
#1314=FACE_OUTER_BOUND('',#1845,.T.);
#1315=FACE_OUTER_BOUND('',#1846,.T.);
#1316=FACE_OUTER_BOUND('',#1847,.T.);
#1317=FACE_OUTER_BOUND('',#1848,.T.);
#1318=FACE_OUTER_BOUND('',#1849,.T.);
#1319=FACE_OUTER_BOUND('',#1850,.T.);
#1320=FACE_OUTER_BOUND('',#1851,.T.);
#1321=FACE_OUTER_BOUND('',#1852,.T.);
#1322=FACE_OUTER_BOUND('',#1853,.T.);
#1323=FACE_OUTER_BOUND('',#1854,.T.);
#1324=FACE_OUTER_BOUND('',#1855,.T.);
#1325=FACE_OUTER_BOUND('',#1856,.T.);
#1326=FACE_OUTER_BOUND('',#1857,.T.);
#1327=FACE_OUTER_BOUND('',#1858,.T.);
#1328=FACE_OUTER_BOUND('',#1859,.T.);
#1329=FACE_OUTER_BOUND('',#1860,.T.);
#1330=FACE_OUTER_BOUND('',#1861,.T.);
#1331=FACE_OUTER_BOUND('',#1862,.T.);
#1332=FACE_OUTER_BOUND('',#1863,.T.);
#1333=FACE_OUTER_BOUND('',#1864,.T.);
#1334=FACE_OUTER_BOUND('',#1865,.T.);
#1335=FACE_OUTER_BOUND('',#1866,.T.);
#1336=FACE_OUTER_BOUND('',#1867,.T.);
#1337=FACE_OUTER_BOUND('',#1868,.T.);
#1338=FACE_OUTER_BOUND('',#1869,.T.);
#1339=FACE_OUTER_BOUND('',#1870,.T.);
#1340=FACE_OUTER_BOUND('',#1871,.T.);
#1341=FACE_OUTER_BOUND('',#1872,.T.);
#1342=FACE_OUTER_BOUND('',#1873,.T.);
#1343=FACE_OUTER_BOUND('',#1874,.T.);
#1344=FACE_OUTER_BOUND('',#1875,.T.);
#1345=FACE_OUTER_BOUND('',#1876,.T.);
#1346=FACE_OUTER_BOUND('',#1877,.T.);
#1347=FACE_OUTER_BOUND('',#1878,.T.);
#1348=FACE_OUTER_BOUND('',#1879,.T.);
#1349=FACE_OUTER_BOUND('',#1880,.T.);
#1350=FACE_OUTER_BOUND('',#1881,.T.);
#1351=FACE_OUTER_BOUND('',#1882,.T.);
#1352=FACE_OUTER_BOUND('',#1883,.T.);
#1353=FACE_OUTER_BOUND('',#1884,.T.);
#1354=FACE_OUTER_BOUND('',#1885,.T.);
#1355=FACE_OUTER_BOUND('',#1886,.T.);
#1356=FACE_OUTER_BOUND('',#1887,.T.);
#1357=FACE_OUTER_BOUND('',#1888,.T.);
#1358=FACE_OUTER_BOUND('',#1889,.T.);
#1359=FACE_OUTER_BOUND('',#1890,.T.);
#1360=FACE_OUTER_BOUND('',#1891,.T.);
#1361=FACE_OUTER_BOUND('',#1892,.T.);
#1362=FACE_OUTER_BOUND('',#1893,.T.);
#1363=FACE_OUTER_BOUND('',#1894,.T.);
#1364=FACE_OUTER_BOUND('',#1895,.T.);
#1365=FACE_OUTER_BOUND('',#1896,.T.);
#1366=FACE_OUTER_BOUND('',#1897,.T.);
#1367=FACE_OUTER_BOUND('',#1898,.T.);
#1368=FACE_OUTER_BOUND('',#1899,.T.);
#1369=FACE_OUTER_BOUND('',#1900,.T.);
#1370=FACE_OUTER_BOUND('',#1901,.T.);
#1371=FACE_OUTER_BOUND('',#1902,.T.);
#1372=FACE_OUTER_BOUND('',#1903,.T.);
#1373=FACE_OUTER_BOUND('',#1904,.T.);
#1374=FACE_OUTER_BOUND('',#1905,.T.);
#1375=FACE_OUTER_BOUND('',#1906,.T.);
#1376=FACE_OUTER_BOUND('',#1907,.T.);
#1377=FACE_OUTER_BOUND('',#1908,.T.);
#1378=FACE_OUTER_BOUND('',#1909,.T.);
#1379=FACE_OUTER_BOUND('',#1910,.T.);
#1380=FACE_OUTER_BOUND('',#1911,.T.);
#1381=FACE_OUTER_BOUND('',#1912,.T.);
#1382=FACE_OUTER_BOUND('',#1913,.T.);
#1383=FACE_OUTER_BOUND('',#1914,.T.);
#1384=FACE_OUTER_BOUND('',#1915,.T.);
#1385=FACE_OUTER_BOUND('',#1916,.T.);
#1386=FACE_OUTER_BOUND('',#1917,.T.);
#1387=FACE_OUTER_BOUND('',#1918,.T.);
#1388=FACE_OUTER_BOUND('',#1919,.T.);
#1389=FACE_OUTER_BOUND('',#1920,.T.);
#1390=FACE_OUTER_BOUND('',#1921,.T.);
#1391=FACE_OUTER_BOUND('',#1922,.T.);
#1392=FACE_OUTER_BOUND('',#1923,.T.);
#1393=FACE_OUTER_BOUND('',#1924,.T.);
#1394=FACE_OUTER_BOUND('',#1925,.T.);
#1395=FACE_OUTER_BOUND('',#1926,.T.);
#1396=FACE_OUTER_BOUND('',#1927,.T.);
#1397=FACE_OUTER_BOUND('',#1928,.T.);
#1398=FACE_OUTER_BOUND('',#1929,.T.);
#1399=FACE_OUTER_BOUND('',#1930,.T.);
#1400=FACE_OUTER_BOUND('',#1931,.T.);
#1401=FACE_OUTER_BOUND('',#1932,.T.);
#1402=FACE_OUTER_BOUND('',#1933,.T.);
#1403=FACE_OUTER_BOUND('',#1934,.T.);
#1404=FACE_OUTER_BOUND('',#1935,.T.);
#1405=FACE_OUTER_BOUND('',#1936,.T.);
#1406=FACE_OUTER_BOUND('',#1937,.T.);
#1407=FACE_OUTER_BOUND('',#1938,.T.);
#1408=FACE_OUTER_BOUND('',#1939,.T.);
#1409=FACE_OUTER_BOUND('',#1940,.T.);
#1410=FACE_OUTER_BOUND('',#1941,.T.);
#1411=FACE_OUTER_BOUND('',#1942,.T.);
#1412=FACE_OUTER_BOUND('',#1943,.T.);
#1413=FACE_OUTER_BOUND('',#1944,.T.);
#1414=FACE_OUTER_BOUND('',#1945,.T.);
#1415=FACE_OUTER_BOUND('',#1946,.T.);
#1416=FACE_OUTER_BOUND('',#1947,.T.);
#1417=FACE_OUTER_BOUND('',#1948,.T.);
#1418=FACE_OUTER_BOUND('',#1949,.T.);
#1419=FACE_OUTER_BOUND('',#1950,.T.);
#1420=FACE_OUTER_BOUND('',#1951,.T.);
#1421=FACE_OUTER_BOUND('',#1952,.T.);
#1422=FACE_OUTER_BOUND('',#1953,.T.);
#1423=FACE_OUTER_BOUND('',#1954,.T.);
#1424=FACE_OUTER_BOUND('',#1955,.T.);
#1425=FACE_OUTER_BOUND('',#1956,.T.);
#1426=FACE_OUTER_BOUND('',#1957,.T.);
#1427=FACE_OUTER_BOUND('',#1958,.T.);
#1428=FACE_OUTER_BOUND('',#1959,.T.);
#1429=FACE_OUTER_BOUND('',#1960,.T.);
#1430=FACE_OUTER_BOUND('',#1961,.T.);
#1431=FACE_OUTER_BOUND('',#1962,.T.);
#1432=FACE_OUTER_BOUND('',#1963,.T.);
#1433=FACE_OUTER_BOUND('',#1964,.T.);
#1434=FACE_OUTER_BOUND('',#1965,.T.);
#1435=FACE_OUTER_BOUND('',#1966,.T.);
#1436=FACE_OUTER_BOUND('',#1967,.T.);
#1437=FACE_OUTER_BOUND('',#1968,.T.);
#1438=FACE_OUTER_BOUND('',#1969,.T.);
#1439=FACE_OUTER_BOUND('',#1970,.T.);
#1440=FACE_OUTER_BOUND('',#1971,.T.);
#1441=FACE_OUTER_BOUND('',#1972,.T.);
#1442=FACE_OUTER_BOUND('',#1973,.T.);
#1443=FACE_OUTER_BOUND('',#1974,.T.);
#1444=FACE_OUTER_BOUND('',#1975,.T.);
#1445=FACE_OUTER_BOUND('',#1976,.T.);
#1446=FACE_OUTER_BOUND('',#1977,.T.);
#1447=FACE_OUTER_BOUND('',#1978,.T.);
#1448=FACE_OUTER_BOUND('',#1979,.T.);
#1449=FACE_OUTER_BOUND('',#1980,.T.);
#1450=FACE_OUTER_BOUND('',#1981,.T.);
#1451=FACE_OUTER_BOUND('',#1982,.T.);
#1452=FACE_OUTER_BOUND('',#1983,.T.);
#1453=FACE_OUTER_BOUND('',#1984,.T.);
#1454=FACE_OUTER_BOUND('',#1985,.T.);
#1455=FACE_OUTER_BOUND('',#1986,.T.);
#1456=FACE_OUTER_BOUND('',#1987,.T.);
#1457=FACE_OUTER_BOUND('',#1988,.T.);
#1458=FACE_OUTER_BOUND('',#1989,.T.);
#1459=FACE_OUTER_BOUND('',#1990,.T.);
#1460=FACE_OUTER_BOUND('',#1991,.T.);
#1461=FACE_OUTER_BOUND('',#1992,.T.);
#1462=FACE_OUTER_BOUND('',#1993,.T.);
#1463=FACE_OUTER_BOUND('',#1994,.T.);
#1464=FACE_OUTER_BOUND('',#1995,.T.);
#1465=FACE_OUTER_BOUND('',#1996,.T.);
#1466=FACE_OUTER_BOUND('',#1997,.T.);
#1467=FACE_OUTER_BOUND('',#1998,.T.);
#1468=FACE_OUTER_BOUND('',#1999,.T.);
#1469=FACE_OUTER_BOUND('',#2000,.T.);
#1470=FACE_OUTER_BOUND('',#2001,.T.);
#1471=FACE_OUTER_BOUND('',#2002,.T.);
#1472=FACE_OUTER_BOUND('',#2003,.T.);
#1473=FACE_OUTER_BOUND('',#2004,.T.);
#1474=FACE_OUTER_BOUND('',#2005,.T.);
#1475=FACE_OUTER_BOUND('',#2006,.T.);
#1476=FACE_OUTER_BOUND('',#2007,.T.);
#1477=FACE_OUTER_BOUND('',#2008,.T.);
#1478=FACE_OUTER_BOUND('',#2009,.T.);
#1479=FACE_OUTER_BOUND('',#2010,.T.);
#1480=FACE_OUTER_BOUND('',#2011,.T.);
#1481=FACE_OUTER_BOUND('',#2012,.T.);
#1482=FACE_OUTER_BOUND('',#2013,.T.);
#1483=FACE_OUTER_BOUND('',#2014,.T.);
#1484=FACE_OUTER_BOUND('',#2015,.T.);
#1485=FACE_OUTER_BOUND('',#2016,.T.);
#1486=FACE_OUTER_BOUND('',#2017,.T.);
#1487=FACE_OUTER_BOUND('',#2018,.T.);
#1488=FACE_OUTER_BOUND('',#2019,.T.);
#1489=FACE_OUTER_BOUND('',#2020,.T.);
#1490=FACE_OUTER_BOUND('',#2021,.T.);
#1491=FACE_OUTER_BOUND('',#2022,.T.);
#1492=FACE_OUTER_BOUND('',#2023,.T.);
#1493=FACE_OUTER_BOUND('',#2024,.T.);
#1494=FACE_OUTER_BOUND('',#2025,.T.);
#1495=FACE_OUTER_BOUND('',#2026,.T.);
#1496=FACE_OUTER_BOUND('',#2027,.T.);
#1497=FACE_OUTER_BOUND('',#2028,.T.);
#1498=FACE_OUTER_BOUND('',#2029,.T.);
#1499=FACE_OUTER_BOUND('',#2030,.T.);
#1500=FACE_OUTER_BOUND('',#2031,.T.);
#1501=FACE_OUTER_BOUND('',#2032,.T.);
#1502=FACE_OUTER_BOUND('',#2033,.T.);
#1503=FACE_OUTER_BOUND('',#2034,.T.);
#1504=FACE_OUTER_BOUND('',#2036,.T.);
#1505=FACE_OUTER_BOUND('',#2037,.T.);
#1506=FACE_OUTER_BOUND('',#2038,.T.);
#1507=FACE_OUTER_BOUND('',#2039,.T.);
#1508=FACE_OUTER_BOUND('',#2040,.T.);
#1509=FACE_OUTER_BOUND('',#2041,.T.);
#1510=FACE_OUTER_BOUND('',#2042,.T.);
#1511=FACE_OUTER_BOUND('',#2043,.T.);
#1512=FACE_OUTER_BOUND('',#2044,.T.);
#1513=FACE_OUTER_BOUND('',#2045,.T.);
#1514=FACE_OUTER_BOUND('',#2046,.T.);
#1515=FACE_OUTER_BOUND('',#2047,.T.);
#1516=FACE_OUTER_BOUND('',#2048,.T.);
#1517=FACE_OUTER_BOUND('',#2049,.T.);
#1518=FACE_OUTER_BOUND('',#2050,.T.);
#1519=FACE_OUTER_BOUND('',#2051,.T.);
#1520=FACE_OUTER_BOUND('',#2052,.T.);
#1521=FACE_OUTER_BOUND('',#2053,.T.);
#1522=FACE_OUTER_BOUND('',#2054,.T.);
#1523=FACE_OUTER_BOUND('',#2055,.T.);
#1524=FACE_OUTER_BOUND('',#2056,.T.);
#1525=FACE_OUTER_BOUND('',#2057,.T.);
#1526=FACE_OUTER_BOUND('',#2058,.T.);
#1527=FACE_OUTER_BOUND('',#2059,.T.);
#1528=FACE_OUTER_BOUND('',#2060,.T.);
#1529=FACE_OUTER_BOUND('',#2061,.T.);
#1530=FACE_OUTER_BOUND('',#2062,.T.);
#1531=FACE_OUTER_BOUND('',#2063,.T.);
#1532=FACE_OUTER_BOUND('',#2064,.T.);
#1533=FACE_OUTER_BOUND('',#2065,.T.);
#1534=FACE_OUTER_BOUND('',#2066,.T.);
#1535=FACE_OUTER_BOUND('',#2067,.T.);
#1536=FACE_OUTER_BOUND('',#2068,.T.);
#1537=FACE_OUTER_BOUND('',#2069,.T.);
#1538=FACE_OUTER_BOUND('',#2070,.T.);
#1539=FACE_OUTER_BOUND('',#2071,.T.);
#1540=FACE_OUTER_BOUND('',#2072,.T.);
#1541=FACE_OUTER_BOUND('',#2073,.T.);
#1542=FACE_OUTER_BOUND('',#2074,.T.);
#1543=FACE_OUTER_BOUND('',#2075,.T.);
#1544=FACE_OUTER_BOUND('',#2076,.T.);
#1545=FACE_OUTER_BOUND('',#2077,.T.);
#1546=FACE_OUTER_BOUND('',#2078,.T.);
#1547=FACE_OUTER_BOUND('',#2079,.T.);
#1548=FACE_OUTER_BOUND('',#2080,.T.);
#1549=FACE_OUTER_BOUND('',#2081,.T.);
#1550=FACE_OUTER_BOUND('',#2082,.T.);
#1551=FACE_OUTER_BOUND('',#2083,.T.);
#1552=FACE_OUTER_BOUND('',#2084,.T.);
#1553=FACE_OUTER_BOUND('',#2085,.T.);
#1554=FACE_OUTER_BOUND('',#2086,.T.);
#1555=FACE_OUTER_BOUND('',#2087,.T.);
#1556=FACE_OUTER_BOUND('',#2088,.T.);
#1557=FACE_OUTER_BOUND('',#2089,.T.);
#1558=FACE_OUTER_BOUND('',#2090,.T.);
#1559=FACE_OUTER_BOUND('',#2091,.T.);
#1560=FACE_OUTER_BOUND('',#2092,.T.);
#1561=FACE_OUTER_BOUND('',#2093,.T.);
#1562=FACE_OUTER_BOUND('',#2094,.T.);
#1563=FACE_OUTER_BOUND('',#2095,.T.);
#1564=FACE_OUTER_BOUND('',#2096,.T.);
#1565=FACE_OUTER_BOUND('',#2097,.T.);
#1566=FACE_OUTER_BOUND('',#2098,.T.);
#1567=FACE_OUTER_BOUND('',#2099,.T.);
#1568=FACE_OUTER_BOUND('',#2100,.T.);
#1569=FACE_OUTER_BOUND('',#2101,.T.);
#1570=FACE_OUTER_BOUND('',#2102,.T.);
#1571=FACE_OUTER_BOUND('',#2103,.T.);
#1572=FACE_OUTER_BOUND('',#2104,.T.);
#1573=FACE_OUTER_BOUND('',#2105,.T.);
#1574=FACE_OUTER_BOUND('',#2106,.T.);
#1575=FACE_OUTER_BOUND('',#2107,.T.);
#1576=FACE_OUTER_BOUND('',#2108,.T.);
#1577=FACE_OUTER_BOUND('',#2109,.T.);
#1578=FACE_OUTER_BOUND('',#2110,.T.);
#1579=FACE_OUTER_BOUND('',#2111,.T.);
#1580=FACE_OUTER_BOUND('',#2112,.T.);
#1581=FACE_OUTER_BOUND('',#2113,.T.);
#1582=FACE_OUTER_BOUND('',#2114,.T.);
#1583=FACE_OUTER_BOUND('',#2115,.T.);
#1584=FACE_OUTER_BOUND('',#2116,.T.);
#1585=FACE_OUTER_BOUND('',#2117,.T.);
#1586=FACE_OUTER_BOUND('',#2118,.T.);
#1587=FACE_OUTER_BOUND('',#2119,.T.);
#1588=FACE_OUTER_BOUND('',#2120,.T.);
#1589=FACE_OUTER_BOUND('',#2121,.T.);
#1590=FACE_OUTER_BOUND('',#2122,.T.);
#1591=FACE_OUTER_BOUND('',#2123,.T.);
#1592=FACE_OUTER_BOUND('',#2124,.T.);
#1593=FACE_OUTER_BOUND('',#2125,.T.);
#1594=FACE_OUTER_BOUND('',#2126,.T.);
#1595=FACE_OUTER_BOUND('',#2127,.T.);
#1596=FACE_OUTER_BOUND('',#2128,.T.);
#1597=FACE_OUTER_BOUND('',#2129,.T.);
#1598=FACE_OUTER_BOUND('',#2130,.T.);
#1599=FACE_OUTER_BOUND('',#2131,.T.);
#1600=FACE_OUTER_BOUND('',#2132,.T.);
#1601=FACE_OUTER_BOUND('',#2133,.T.);
#1602=FACE_OUTER_BOUND('',#2134,.T.);
#1603=FACE_OUTER_BOUND('',#2135,.T.);
#1604=FACE_OUTER_BOUND('',#2136,.T.);
#1605=FACE_OUTER_BOUND('',#2137,.T.);
#1606=FACE_OUTER_BOUND('',#2138,.T.);
#1607=FACE_OUTER_BOUND('',#2139,.T.);
#1608=FACE_OUTER_BOUND('',#2140,.T.);
#1609=FACE_OUTER_BOUND('',#2141,.T.);
#1610=FACE_OUTER_BOUND('',#2142,.T.);
#1611=FACE_OUTER_BOUND('',#2143,.T.);
#1612=FACE_OUTER_BOUND('',#2144,.T.);
#1613=FACE_OUTER_BOUND('',#2145,.T.);
#1614=FACE_OUTER_BOUND('',#2146,.T.);
#1615=FACE_OUTER_BOUND('',#2147,.T.);
#1616=FACE_OUTER_BOUND('',#2148,.T.);
#1617=FACE_OUTER_BOUND('',#2149,.T.);
#1618=FACE_OUTER_BOUND('',#2150,.T.);
#1619=FACE_OUTER_BOUND('',#2151,.T.);
#1620=FACE_OUTER_BOUND('',#2152,.T.);
#1621=FACE_OUTER_BOUND('',#2153,.T.);
#1622=FACE_OUTER_BOUND('',#2154,.T.);
#1623=FACE_OUTER_BOUND('',#2155,.T.);
#1624=FACE_OUTER_BOUND('',#2156,.T.);
#1625=FACE_OUTER_BOUND('',#2157,.T.);
#1626=FACE_OUTER_BOUND('',#2158,.T.);
#1627=FACE_OUTER_BOUND('',#2159,.T.);
#1628=FACE_OUTER_BOUND('',#2160,.T.);
#1629=FACE_OUTER_BOUND('',#2161,.T.);
#1630=FACE_OUTER_BOUND('',#2162,.T.);
#1631=FACE_OUTER_BOUND('',#2163,.T.);
#1632=FACE_OUTER_BOUND('',#2164,.T.);
#1633=FACE_OUTER_BOUND('',#2165,.T.);
#1634=FACE_OUTER_BOUND('',#2166,.T.);
#1635=FACE_OUTER_BOUND('',#2167,.T.);
#1636=FACE_OUTER_BOUND('',#2168,.T.);
#1637=FACE_OUTER_BOUND('',#2169,.T.);
#1638=FACE_OUTER_BOUND('',#2170,.T.);
#1639=FACE_OUTER_BOUND('',#2171,.T.);
#1640=FACE_OUTER_BOUND('',#2172,.T.);
#1641=FACE_OUTER_BOUND('',#2173,.T.);
#1642=FACE_OUTER_BOUND('',#2174,.T.);
#1643=FACE_OUTER_BOUND('',#2175,.T.);
#1644=FACE_OUTER_BOUND('',#2176,.T.);
#1645=FACE_OUTER_BOUND('',#2177,.T.);
#1646=FACE_OUTER_BOUND('',#2178,.T.);
#1647=FACE_OUTER_BOUND('',#2179,.T.);
#1648=FACE_OUTER_BOUND('',#2180,.T.);
#1649=FACE_OUTER_BOUND('',#2181,.T.);
#1650=FACE_OUTER_BOUND('',#2182,.T.);
#1651=FACE_OUTER_BOUND('',#2183,.T.);
#1652=FACE_OUTER_BOUND('',#2184,.T.);
#1653=FACE_OUTER_BOUND('',#2185,.T.);
#1654=FACE_OUTER_BOUND('',#2186,.T.);
#1655=FACE_OUTER_BOUND('',#2187,.T.);
#1656=FACE_OUTER_BOUND('',#2188,.T.);
#1657=FACE_OUTER_BOUND('',#2189,.T.);
#1658=FACE_OUTER_BOUND('',#2190,.T.);
#1659=FACE_OUTER_BOUND('',#2191,.T.);
#1660=FACE_OUTER_BOUND('',#2192,.T.);
#1661=FACE_OUTER_BOUND('',#2193,.T.);
#1662=FACE_OUTER_BOUND('',#2194,.T.);
#1663=FACE_OUTER_BOUND('',#2195,.T.);
#1664=FACE_OUTER_BOUND('',#2196,.T.);
#1665=FACE_OUTER_BOUND('',#2197,.T.);
#1666=FACE_OUTER_BOUND('',#2198,.T.);
#1667=FACE_OUTER_BOUND('',#2199,.T.);
#1668=FACE_OUTER_BOUND('',#2200,.T.);
#1669=FACE_OUTER_BOUND('',#2201,.T.);
#1670=FACE_OUTER_BOUND('',#2202,.T.);
#1671=FACE_OUTER_BOUND('',#2203,.T.);
#1672=FACE_OUTER_BOUND('',#2204,.T.);
#1673=FACE_OUTER_BOUND('',#2205,.T.);
#1674=FACE_OUTER_BOUND('',#2206,.T.);
#1675=FACE_OUTER_BOUND('',#2207,.T.);
#1676=FACE_OUTER_BOUND('',#2208,.T.);
#1677=FACE_OUTER_BOUND('',#2209,.T.);
#1678=FACE_OUTER_BOUND('',#2210,.T.);
#1679=FACE_OUTER_BOUND('',#2211,.T.);
#1680=FACE_OUTER_BOUND('',#2212,.T.);
#1681=FACE_OUTER_BOUND('',#2213,.T.);
#1682=FACE_OUTER_BOUND('',#2214,.T.);
#1683=FACE_OUTER_BOUND('',#2215,.T.);
#1684=FACE_OUTER_BOUND('',#2216,.T.);
#1685=FACE_OUTER_BOUND('',#2217,.T.);
#1686=FACE_OUTER_BOUND('',#2227,.T.);
#1687=FACE_OUTER_BOUND('',#2228,.T.);
#1688=FACE_OUTER_BOUND('',#2229,.T.);
#1689=FACE_OUTER_BOUND('',#2230,.T.);
#1690=FACE_OUTER_BOUND('',#2231,.T.);
#1691=FACE_OUTER_BOUND('',#2232,.T.);
#1692=FACE_OUTER_BOUND('',#2233,.T.);
#1693=FACE_OUTER_BOUND('',#2234,.T.);
#1694=FACE_OUTER_BOUND('',#2235,.T.);
#1695=FACE_OUTER_BOUND('',#2236,.T.);
#1696=FACE_OUTER_BOUND('',#2237,.T.);
#1697=FACE_OUTER_BOUND('',#2238,.T.);
#1698=FACE_OUTER_BOUND('',#2239,.T.);
#1699=FACE_OUTER_BOUND('',#2240,.T.);
#1700=FACE_OUTER_BOUND('',#2241,.T.);
#1701=FACE_OUTER_BOUND('',#2242,.T.);
#1702=FACE_OUTER_BOUND('',#2243,.T.);
#1703=FACE_OUTER_BOUND('',#2244,.T.);
#1704=FACE_OUTER_BOUND('',#2245,.T.);
#1705=FACE_OUTER_BOUND('',#2246,.T.);
#1706=FACE_OUTER_BOUND('',#2247,.T.);
#1707=FACE_OUTER_BOUND('',#2248,.T.);
#1708=FACE_OUTER_BOUND('',#2249,.T.);
#1709=FACE_OUTER_BOUND('',#2250,.T.);
#1710=FACE_OUTER_BOUND('',#2251,.T.);
#1711=FACE_OUTER_BOUND('',#2252,.T.);
#1712=FACE_OUTER_BOUND('',#2253,.T.);
#1713=FACE_OUTER_BOUND('',#2254,.T.);
#1714=FACE_OUTER_BOUND('',#2255,.T.);
#1715=FACE_OUTER_BOUND('',#2256,.T.);
#1716=FACE_OUTER_BOUND('',#2257,.T.);
#1717=FACE_OUTER_BOUND('',#2258,.T.);
#1718=FACE_OUTER_BOUND('',#2259,.T.);
#1719=FACE_OUTER_BOUND('',#2260,.T.);
#1720=FACE_OUTER_BOUND('',#2261,.T.);
#1721=FACE_OUTER_BOUND('',#2262,.T.);
#1722=FACE_OUTER_BOUND('',#2263,.T.);
#1723=FACE_OUTER_BOUND('',#2264,.T.);
#1724=FACE_OUTER_BOUND('',#2265,.T.);
#1725=FACE_OUTER_BOUND('',#2266,.T.);
#1726=FACE_OUTER_BOUND('',#2267,.T.);
#1727=FACE_OUTER_BOUND('',#2268,.T.);
#1728=FACE_OUTER_BOUND('',#2269,.T.);
#1729=FACE_OUTER_BOUND('',#2270,.T.);
#1730=FACE_OUTER_BOUND('',#2271,.T.);
#1731=FACE_OUTER_BOUND('',#2272,.T.);
#1732=FACE_OUTER_BOUND('',#2273,.T.);
#1733=FACE_OUTER_BOUND('',#2274,.T.);
#1734=FACE_OUTER_BOUND('',#2275,.T.);
#1735=FACE_OUTER_BOUND('',#2276,.T.);
#1736=FACE_OUTER_BOUND('',#2277,.T.);
#1737=FACE_OUTER_BOUND('',#2278,.T.);
#1738=FACE_OUTER_BOUND('',#2279,.T.);
#1739=FACE_OUTER_BOUND('',#2280,.T.);
#1740=FACE_OUTER_BOUND('',#2281,.T.);
#1741=FACE_OUTER_BOUND('',#2282,.T.);
#1742=FACE_OUTER_BOUND('',#2283,.T.);
#1743=FACE_OUTER_BOUND('',#2284,.T.);
#1744=FACE_OUTER_BOUND('',#2285,.T.);
#1745=FACE_OUTER_BOUND('',#2286,.T.);
#1746=FACE_OUTER_BOUND('',#2287,.T.);
#1747=FACE_OUTER_BOUND('',#2288,.T.);
#1748=FACE_OUTER_BOUND('',#2289,.T.);
#1749=FACE_OUTER_BOUND('',#2290,.T.);
#1750=FACE_OUTER_BOUND('',#2291,.T.);
#1751=FACE_OUTER_BOUND('',#2292,.T.);
#1752=FACE_OUTER_BOUND('',#2293,.T.);
#1753=FACE_OUTER_BOUND('',#2294,.T.);
#1754=FACE_OUTER_BOUND('',#2295,.T.);
#1755=FACE_OUTER_BOUND('',#2296,.T.);
#1756=FACE_OUTER_BOUND('',#2297,.T.);
#1757=FACE_OUTER_BOUND('',#2298,.T.);
#1758=FACE_OUTER_BOUND('',#2299,.T.);
#1759=FACE_OUTER_BOUND('',#2300,.T.);
#1760=FACE_OUTER_BOUND('',#2301,.T.);
#1761=FACE_OUTER_BOUND('',#2302,.T.);
#1762=FACE_OUTER_BOUND('',#2303,.T.);
#1763=FACE_OUTER_BOUND('',#2304,.T.);
#1764=FACE_OUTER_BOUND('',#2305,.T.);
#1765=FACE_OUTER_BOUND('',#2306,.T.);
#1766=FACE_OUTER_BOUND('',#2307,.T.);
#1767=FACE_OUTER_BOUND('',#2308,.T.);
#1768=FACE_OUTER_BOUND('',#2309,.T.);
#1769=FACE_OUTER_BOUND('',#2310,.T.);
#1770=FACE_OUTER_BOUND('',#2311,.T.);
#1771=FACE_OUTER_BOUND('',#2312,.T.);
#1772=FACE_OUTER_BOUND('',#2313,.T.);
#1773=FACE_OUTER_BOUND('',#2314,.T.);
#1774=FACE_OUTER_BOUND('',#2315,.T.);
#1775=FACE_OUTER_BOUND('',#2316,.T.);
#1776=FACE_OUTER_BOUND('',#2317,.T.);
#1777=FACE_OUTER_BOUND('',#2318,.T.);
#1778=FACE_OUTER_BOUND('',#2320,.T.);
#1779=EDGE_LOOP('',(#5339,#5340,#5341,#5342));
#1780=EDGE_LOOP('',(#5343,#5344,#5345,#5346));
#1781=EDGE_LOOP('',(#5347,#5348,#5349,#5350));
#1782=EDGE_LOOP('',(#5351,#5352,#5353));
#1783=EDGE_LOOP('',(#5354,#5355,#5356,#5357,#5358,#5359,#5360,#5361));
#1784=EDGE_LOOP('',(#5362,#5363,#5364,#5365,#5366));
#1785=EDGE_LOOP('',(#5367,#5368,#5369,#5370));
#1786=EDGE_LOOP('',(#5371,#5372,#5373,#5374));
#1787=EDGE_LOOP('',(#5375,#5376,#5377,#5378));
#1788=EDGE_LOOP('',(#5379,#5380,#5381));
#1789=EDGE_LOOP('',(#5382,#5383,#5384,#5385,#5386));
#1790=EDGE_LOOP('',(#5387,#5388,#5389,#5390,#5391,#5392,#5393,#5394));
#1791=EDGE_LOOP('',(#5395,#5396,#5397,#5398));
#1792=EDGE_LOOP('',(#5399,#5400,#5401,#5402));
#1793=EDGE_LOOP('',(#5403,#5404,#5405,#5406));
#1794=EDGE_LOOP('',(#5407,#5408,#5409,#5410));
#1795=EDGE_LOOP('',(#5411,#5412,#5413,#5414));
#1796=EDGE_LOOP('',(#5415,#5416,#5417,#5418));
#1797=EDGE_LOOP('',(#5419,#5420,#5421));
#1798=EDGE_LOOP('',(#5422,#5423,#5424,#5425));
#1799=EDGE_LOOP('',(#5426,#5427,#5428));
#1800=EDGE_LOOP('',(#5429,#5430,#5431,#5432,#5433));
#1801=EDGE_LOOP('',(#5434,#5435,#5436,#5437));
#1802=EDGE_LOOP('',(#5438,#5439,#5440,#5441));
#1803=EDGE_LOOP('',(#5442,#5443,#5444,#5445));
#1804=EDGE_LOOP('',(#5446,#5447,#5448,#5449));
#1805=EDGE_LOOP('',(#5450,#5451,#5452,#5453));
#1806=EDGE_LOOP('',(#5454,#5455,#5456,#5457));
#1807=EDGE_LOOP('',(#5458,#5459,#5460,#5461));
#1808=EDGE_LOOP('',(#5462,#5463,#5464,#5465));
#1809=EDGE_LOOP('',(#5466,#5467,#5468,#5469));
#1810=EDGE_LOOP('',(#5470,#5471,#5472,#5473));
#1811=EDGE_LOOP('',(#5474,#5475,#5476,#5477,#5478,#5479));
#1812=EDGE_LOOP('',(#5480,#5481,#5482,#5483,#5484,#5485));
#1813=EDGE_LOOP('',(#5486,#5487,#5488,#5489));
#1814=EDGE_LOOP('',(#5490,#5491,#5492,#5493,#5494,#5495));
#1815=EDGE_LOOP('',(#5496,#5497,#5498,#5499,#5500,#5501));
#1816=EDGE_LOOP('',(#5502,#5503,#5504,#5505));
#1817=EDGE_LOOP('',(#5506,#5507,#5508,#5509));
#1818=EDGE_LOOP('',(#5510,#5511,#5512,#5513));
#1819=EDGE_LOOP('',(#5514,#5515,#5516,#5517,#5518));
#1820=EDGE_LOOP('',(#5519,#5520,#5521,#5522));
#1821=EDGE_LOOP('',(#5523,#5524,#5525,#5526));
#1822=EDGE_LOOP('',(#5527,#5528,#5529,#5530));
#1823=EDGE_LOOP('',(#5531,#5532,#5533));
#1824=EDGE_LOOP('',(#5534,#5535,#5536,#5537));
#1825=EDGE_LOOP('',(#5538,#5539,#5540));
#1826=EDGE_LOOP('',(#5541,#5542,#5543,#5544));
#1827=EDGE_LOOP('',(#5545,#5546,#5547,#5548));
#1828=EDGE_LOOP('',(#5549,#5550,#5551,#5552));
#1829=EDGE_LOOP('',(#5553,#5554,#5555,#5556));
#1830=EDGE_LOOP('',(#5557,#5558,#5559,#5560));
#1831=EDGE_LOOP('',(#5561,#5562,#5563,#5564));
#1832=EDGE_LOOP('',(#5565,#5566,#5567));
#1833=EDGE_LOOP('',(#5568,#5569,#5570,#5571));
#1834=EDGE_LOOP('',(#5572,#5573,#5574));
#1835=EDGE_LOOP('',(#5575,#5576,#5577,#5578));
#1836=EDGE_LOOP('',(#5579,#5580,#5581,#5582));
#1837=EDGE_LOOP('',(#5583,#5584,#5585,#5586));
#1838=EDGE_LOOP('',(#5587,#5588,#5589,#5590));
#1839=EDGE_LOOP('',(#5591,#5592,#5593,#5594));
#1840=EDGE_LOOP('',(#5595,#5596,#5597,#5598));
#1841=EDGE_LOOP('',(#5599,#5600,#5601,#5602));
#1842=EDGE_LOOP('',(#5603,#5604,#5605));
#1843=EDGE_LOOP('',(#5606,#5607,#5608,#5609));
#1844=EDGE_LOOP('',(#5610,#5611,#5612));
#1845=EDGE_LOOP('',(#5613,#5614,#5615,#5616));
#1846=EDGE_LOOP('',(#5617,#5618,#5619,#5620));
#1847=EDGE_LOOP('',(#5621,#5622,#5623,#5624));
#1848=EDGE_LOOP('',(#5625,#5626,#5627,#5628));
#1849=EDGE_LOOP('',(#5629,#5630,#5631,#5632));
#1850=EDGE_LOOP('',(#5633,#5634,#5635,#5636));
#1851=EDGE_LOOP('',(#5637,#5638,#5639,#5640));
#1852=EDGE_LOOP('',(#5641,#5642,#5643));
#1853=EDGE_LOOP('',(#5644,#5645,#5646,#5647));
#1854=EDGE_LOOP('',(#5648,#5649,#5650));
#1855=EDGE_LOOP('',(#5651,#5652,#5653,#5654));
#1856=EDGE_LOOP('',(#5655,#5656,#5657,#5658));
#1857=EDGE_LOOP('',(#5659,#5660,#5661,#5662));
#1858=EDGE_LOOP('',(#5663,#5664,#5665,#5666));
#1859=EDGE_LOOP('',(#5667,#5668,#5669,#5670));
#1860=EDGE_LOOP('',(#5671,#5672,#5673));
#1861=EDGE_LOOP('',(#5674,#5675,#5676,#5677));
#1862=EDGE_LOOP('',(#5678,#5679,#5680,#5681));
#1863=EDGE_LOOP('',(#5682,#5683,#5684,#5685));
#1864=EDGE_LOOP('',(#5686,#5687,#5688));
#1865=EDGE_LOOP('',(#5689,#5690,#5691,#5692));
#1866=EDGE_LOOP('',(#5693,#5694,#5695));
#1867=EDGE_LOOP('',(#5696,#5697,#5698,#5699));
#1868=EDGE_LOOP('',(#5700,#5701,#5702,#5703));
#1869=EDGE_LOOP('',(#5704,#5705,#5706,#5707));
#1870=EDGE_LOOP('',(#5708,#5709,#5710));
#1871=EDGE_LOOP('',(#5711,#5712,#5713,#5714));
#1872=EDGE_LOOP('',(#5715,#5716,#5717,#5718));
#1873=EDGE_LOOP('',(#5719,#5720,#5721,#5722));
#1874=EDGE_LOOP('',(#5723,#5724,#5725));
#1875=EDGE_LOOP('',(#5726,#5727,#5728,#5729));
#1876=EDGE_LOOP('',(#5730,#5731,#5732));
#1877=EDGE_LOOP('',(#5733,#5734,#5735,#5736));
#1878=EDGE_LOOP('',(#5737,#5738,#5739));
#1879=EDGE_LOOP('',(#5740,#5741,#5742,#5743));
#1880=EDGE_LOOP('',(#5744,#5745,#5746));
#1881=EDGE_LOOP('',(#5747,#5748,#5749,#5750));
#1882=EDGE_LOOP('',(#5751,#5752,#5753,#5754));
#1883=EDGE_LOOP('',(#5755,#5756,#5757,#5758,#5759,#5760,#5761,#5762));
#1884=EDGE_LOOP('',(#5763,#5764,#5765,#5766,#5767,#5768,#5769,#5770));
#1885=EDGE_LOOP('',(#5771,#5772,#5773,#5774,#5775,#5776,#5777,#5778));
#1886=EDGE_LOOP('',(#5779,#5780,#5781,#5782));
#1887=EDGE_LOOP('',(#5783,#5784,#5785,#5786));
#1888=EDGE_LOOP('',(#5787,#5788,#5789,#5790));
#1889=EDGE_LOOP('',(#5791,#5792,#5793,#5794));
#1890=EDGE_LOOP('',(#5795,#5796,#5797,#5798));
#1891=EDGE_LOOP('',(#5799,#5800,#5801,#5802));
#1892=EDGE_LOOP('',(#5803,#5804,#5805,#5806));
#1893=EDGE_LOOP('',(#5807,#5808,#5809,#5810));
#1894=EDGE_LOOP('',(#5811,#5812,#5813,#5814));
#1895=EDGE_LOOP('',(#5815,#5816,#5817,#5818));
#1896=EDGE_LOOP('',(#5819,#5820,#5821,#5822));
#1897=EDGE_LOOP('',(#5823,#5824,#5825,#5826));
#1898=EDGE_LOOP('',(#5827,#5828,#5829,#5830));
#1899=EDGE_LOOP('',(#5831,#5832,#5833,#5834));
#1900=EDGE_LOOP('',(#5835,#5836,#5837,#5838));
#1901=EDGE_LOOP('',(#5839,#5840,#5841,#5842));
#1902=EDGE_LOOP('',(#5843,#5844,#5845,#5846));
#1903=EDGE_LOOP('',(#5847,#5848,#5849,#5850));
#1904=EDGE_LOOP('',(#5851,#5852,#5853,#5854));
#1905=EDGE_LOOP('',(#5855,#5856,#5857));
#1906=EDGE_LOOP('',(#5858,#5859,#5860,#5861,#5862,#5863,#5864,#5865));
#1907=EDGE_LOOP('',(#5866,#5867,#5868,#5869,#5870));
#1908=EDGE_LOOP('',(#5871,#5872,#5873,#5874));
#1909=EDGE_LOOP('',(#5875,#5876,#5877,#5878));
#1910=EDGE_LOOP('',(#5879,#5880,#5881,#5882));
#1911=EDGE_LOOP('',(#5883,#5884,#5885,#5886));
#1912=EDGE_LOOP('',(#5887,#5888,#5889));
#1913=EDGE_LOOP('',(#5890,#5891,#5892,#5893,#5894));
#1914=EDGE_LOOP('',(#5895,#5896,#5897,#5898,#5899,#5900,#5901,#5902));
#1915=EDGE_LOOP('',(#5903,#5904,#5905,#5906,#5907,#5908,#5909,#5910));
#1916=EDGE_LOOP('',(#5911,#5912,#5913,#5914));
#1917=EDGE_LOOP('',(#5915,#5916,#5917,#5918));
#1918=EDGE_LOOP('',(#5919,#5920,#5921,#5922));
#1919=EDGE_LOOP('',(#5923,#5924,#5925,#5926));
#1920=EDGE_LOOP('',(#5927,#5928,#5929,#5930));
#1921=EDGE_LOOP('',(#5931,#5932,#5933,#5934));
#1922=EDGE_LOOP('',(#5935,#5936,#5937));
#1923=EDGE_LOOP('',(#5938,#5939,#5940,#5941));
#1924=EDGE_LOOP('',(#5942,#5943,#5944));
#1925=EDGE_LOOP('',(#5945,#5946,#5947,#5948,#5949));
#1926=EDGE_LOOP('',(#5950,#5951,#5952,#5953));
#1927=EDGE_LOOP('',(#5954,#5955,#5956,#5957));
#1928=EDGE_LOOP('',(#5958,#5959,#5960,#5961));
#1929=EDGE_LOOP('',(#5962,#5963,#5964,#5965));
#1930=EDGE_LOOP('',(#5966,#5967,#5968,#5969));
#1931=EDGE_LOOP('',(#5970,#5971,#5972,#5973));
#1932=EDGE_LOOP('',(#5974,#5975,#5976,#5977));
#1933=EDGE_LOOP('',(#5978,#5979,#5980,#5981));
#1934=EDGE_LOOP('',(#5982,#5983,#5984,#5985));
#1935=EDGE_LOOP('',(#5986,#5987,#5988,#5989));
#1936=EDGE_LOOP('',(#5990,#5991,#5992,#5993));
#1937=EDGE_LOOP('',(#5994,#5995,#5996,#5997));
#1938=EDGE_LOOP('',(#5998,#5999,#6000,#6001,#6002,#6003));
#1939=EDGE_LOOP('',(#6004,#6005,#6006,#6007,#6008,#6009));
#1940=EDGE_LOOP('',(#6010,#6011,#6012,#6013));
#1941=EDGE_LOOP('',(#6014,#6015,#6016,#6017,#6018,#6019));
#1942=EDGE_LOOP('',(#6020,#6021,#6022,#6023,#6024,#6025));
#1943=EDGE_LOOP('',(#6026,#6027,#6028,#6029));
#1944=EDGE_LOOP('',(#6030,#6031,#6032,#6033));
#1945=EDGE_LOOP('',(#6034,#6035,#6036,#6037));
#1946=EDGE_LOOP('',(#6038,#6039,#6040,#6041,#6042));
#1947=EDGE_LOOP('',(#6043,#6044,#6045,#6046));
#1948=EDGE_LOOP('',(#6047,#6048,#6049,#6050));
#1949=EDGE_LOOP('',(#6051,#6052,#6053,#6054));
#1950=EDGE_LOOP('',(#6055,#6056,#6057));
#1951=EDGE_LOOP('',(#6058,#6059,#6060,#6061));
#1952=EDGE_LOOP('',(#6062,#6063,#6064));
#1953=EDGE_LOOP('',(#6065,#6066,#6067,#6068));
#1954=EDGE_LOOP('',(#6069,#6070,#6071,#6072));
#1955=EDGE_LOOP('',(#6073,#6074,#6075,#6076));
#1956=EDGE_LOOP('',(#6077,#6078,#6079,#6080));
#1957=EDGE_LOOP('',(#6081,#6082,#6083,#6084));
#1958=EDGE_LOOP('',(#6085,#6086,#6087,#6088));
#1959=EDGE_LOOP('',(#6089,#6090,#6091,#6092));
#1960=EDGE_LOOP('',(#6093,#6094,#6095));
#1961=EDGE_LOOP('',(#6096,#6097,#6098,#6099));
#1962=EDGE_LOOP('',(#6100,#6101,#6102));
#1963=EDGE_LOOP('',(#6103,#6104,#6105,#6106));
#1964=EDGE_LOOP('',(#6107,#6108,#6109,#6110));
#1965=EDGE_LOOP('',(#6111,#6112,#6113,#6114));
#1966=EDGE_LOOP('',(#6115,#6116,#6117,#6118));
#1967=EDGE_LOOP('',(#6119,#6120,#6121,#6122));
#1968=EDGE_LOOP('',(#6123,#6124,#6125,#6126));
#1969=EDGE_LOOP('',(#6127,#6128,#6129,#6130));
#1970=EDGE_LOOP('',(#6131,#6132,#6133));
#1971=EDGE_LOOP('',(#6134,#6135,#6136,#6137));
#1972=EDGE_LOOP('',(#6138,#6139,#6140));
#1973=EDGE_LOOP('',(#6141,#6142,#6143,#6144));
#1974=EDGE_LOOP('',(#6145,#6146,#6147,#6148));
#1975=EDGE_LOOP('',(#6149,#6150,#6151,#6152));
#1976=EDGE_LOOP('',(#6153,#6154,#6155,#6156));
#1977=EDGE_LOOP('',(#6157,#6158,#6159,#6160));
#1978=EDGE_LOOP('',(#6161,#6162,#6163,#6164));
#1979=EDGE_LOOP('',(#6165,#6166,#6167,#6168));
#1980=EDGE_LOOP('',(#6169,#6170,#6171));
#1981=EDGE_LOOP('',(#6172,#6173,#6174,#6175));
#1982=EDGE_LOOP('',(#6176,#6177,#6178));
#1983=EDGE_LOOP('',(#6179,#6180,#6181,#6182));
#1984=EDGE_LOOP('',(#6183,#6184,#6185,#6186));
#1985=EDGE_LOOP('',(#6187,#6188,#6189,#6190));
#1986=EDGE_LOOP('',(#6191,#6192,#6193,#6194));
#1987=EDGE_LOOP('',(#6195,#6196,#6197,#6198));
#1988=EDGE_LOOP('',(#6199,#6200,#6201));
#1989=EDGE_LOOP('',(#6202,#6203,#6204,#6205));
#1990=EDGE_LOOP('',(#6206,#6207,#6208,#6209));
#1991=EDGE_LOOP('',(#6210,#6211,#6212,#6213));
#1992=EDGE_LOOP('',(#6214,#6215,#6216));
#1993=EDGE_LOOP('',(#6217,#6218,#6219,#6220));
#1994=EDGE_LOOP('',(#6221,#6222,#6223));
#1995=EDGE_LOOP('',(#6224,#6225,#6226,#6227));
#1996=EDGE_LOOP('',(#6228,#6229,#6230,#6231));
#1997=EDGE_LOOP('',(#6232,#6233,#6234,#6235));
#1998=EDGE_LOOP('',(#6236,#6237,#6238));
#1999=EDGE_LOOP('',(#6239,#6240,#6241,#6242));
#2000=EDGE_LOOP('',(#6243,#6244,#6245,#6246));
#2001=EDGE_LOOP('',(#6247,#6248,#6249,#6250));
#2002=EDGE_LOOP('',(#6251,#6252,#6253));
#2003=EDGE_LOOP('',(#6254,#6255,#6256,#6257));
#2004=EDGE_LOOP('',(#6258,#6259,#6260));
#2005=EDGE_LOOP('',(#6261,#6262,#6263,#6264));
#2006=EDGE_LOOP('',(#6265,#6266,#6267));
#2007=EDGE_LOOP('',(#6268,#6269,#6270,#6271));
#2008=EDGE_LOOP('',(#6272,#6273,#6274));
#2009=EDGE_LOOP('',(#6275,#6276,#6277,#6278));
#2010=EDGE_LOOP('',(#6279,#6280,#6281,#6282));
#2011=EDGE_LOOP('',(#6283,#6284,#6285,#6286));
#2012=EDGE_LOOP('',(#6287,#6288,#6289,#6290,#6291,#6292,#6293,#6294));
#2013=EDGE_LOOP('',(#6295,#6296,#6297,#6298,#6299,#6300,#6301,#6302));
#2014=EDGE_LOOP('',(#6303,#6304,#6305,#6306,#6307,#6308,#6309,#6310));
#2015=EDGE_LOOP('',(#6311,#6312,#6313,#6314));
#2016=EDGE_LOOP('',(#6315,#6316,#6317,#6318));
#2017=EDGE_LOOP('',(#6319,#6320,#6321,#6322));
#2018=EDGE_LOOP('',(#6323,#6324,#6325,#6326));
#2019=EDGE_LOOP('',(#6327,#6328,#6329,#6330));
#2020=EDGE_LOOP('',(#6331,#6332,#6333,#6334));
#2021=EDGE_LOOP('',(#6335,#6336,#6337,#6338));
#2022=EDGE_LOOP('',(#6339,#6340,#6341,#6342));
#2023=EDGE_LOOP('',(#6343,#6344,#6345,#6346));
#2024=EDGE_LOOP('',(#6347,#6348,#6349,#6350));
#2025=EDGE_LOOP('',(#6351,#6352,#6353,#6354));
#2026=EDGE_LOOP('',(#6355,#6356,#6357,#6358));
#2027=EDGE_LOOP('',(#6359,#6360,#6361,#6362));
#2028=EDGE_LOOP('',(#6363,#6364,#6365,#6366));
#2029=EDGE_LOOP('',(#6367,#6368,#6369,#6370));
#2030=EDGE_LOOP('',(#6371,#6372,#6373,#6374));
#2031=EDGE_LOOP('',(#6375,#6376,#6377,#6378));
#2032=EDGE_LOOP('',(#6379,#6380,#6381,#6382));
#2033=EDGE_LOOP('',(#6383,#6384,#6385,#6386));
#2034=EDGE_LOOP('',(#6387,#6388,#6389,#6390,#6391,#6392,#6393,#6394,#6395,
#6396,#6397,#6398,#6399,#6400,#6401,#6402,#6403,#6404,#6405,#6406,#6407,
#6408,#6409,#6410,#6411,#6412,#6413,#6414,#6415,#6416,#6417,#6418,#6419,
#6420,#6421,#6422,#6423,#6424,#6425,#6426,#6427,#6428,#6429,#6430,#6431,
#6432,#6433,#6434,#6435,#6436,#6437,#6438,#6439,#6440,#6441,#6442,#6443,
#6444,#6445,#6446,#6447,#6448,#6449,#6450,#6451,#6452,#6453,#6454,#6455,
#6456,#6457,#6458,#6459,#6460,#6461,#6462,#6463,#6464,#6465,#6466,#6467,
#6468,#6469,#6470,#6471,#6472,#6473,#6474,#6475,#6476,#6477,#6478,#6479,
#6480,#6481,#6482,#6483,#6484,#6485,#6486,#6487,#6488,#6489,#6490,#6491,
#6492,#6493,#6494,#6495,#6496,#6497,#6498,#6499,#6500,#6501,#6502,#6503,
#6504,#6505,#6506,#6507,#6508,#6509,#6510,#6511,#6512,#6513,#6514,#6515));
#2035=EDGE_LOOP('',(#6516));
#2036=EDGE_LOOP('',(#6517,#6518,#6519,#6520));
#2037=EDGE_LOOP('',(#6521,#6522,#6523,#6524));
#2038=EDGE_LOOP('',(#6525,#6526,#6527,#6528));
#2039=EDGE_LOOP('',(#6529,#6530,#6531,#6532));
#2040=EDGE_LOOP('',(#6533,#6534,#6535));
#2041=EDGE_LOOP('',(#6536,#6537,#6538,#6539,#6540,#6541,#6542,#6543));
#2042=EDGE_LOOP('',(#6544,#6545,#6546,#6547,#6548));
#2043=EDGE_LOOP('',(#6549,#6550,#6551,#6552));
#2044=EDGE_LOOP('',(#6553,#6554,#6555,#6556));
#2045=EDGE_LOOP('',(#6557,#6558,#6559,#6560));
#2046=EDGE_LOOP('',(#6561,#6562,#6563));
#2047=EDGE_LOOP('',(#6564,#6565,#6566,#6567,#6568));
#2048=EDGE_LOOP('',(#6569,#6570,#6571,#6572,#6573,#6574,#6575,#6576));
#2049=EDGE_LOOP('',(#6577,#6578,#6579,#6580));
#2050=EDGE_LOOP('',(#6581,#6582,#6583,#6584));
#2051=EDGE_LOOP('',(#6585,#6586,#6587,#6588));
#2052=EDGE_LOOP('',(#6589,#6590,#6591,#6592));
#2053=EDGE_LOOP('',(#6593,#6594,#6595,#6596));
#2054=EDGE_LOOP('',(#6597,#6598,#6599,#6600));
#2055=EDGE_LOOP('',(#6601,#6602,#6603));
#2056=EDGE_LOOP('',(#6604,#6605,#6606,#6607));
#2057=EDGE_LOOP('',(#6608,#6609,#6610));
#2058=EDGE_LOOP('',(#6611,#6612,#6613,#6614,#6615));
#2059=EDGE_LOOP('',(#6616,#6617,#6618,#6619));
#2060=EDGE_LOOP('',(#6620,#6621,#6622,#6623));
#2061=EDGE_LOOP('',(#6624,#6625,#6626,#6627));
#2062=EDGE_LOOP('',(#6628,#6629,#6630,#6631));
#2063=EDGE_LOOP('',(#6632,#6633,#6634,#6635));
#2064=EDGE_LOOP('',(#6636,#6637,#6638,#6639));
#2065=EDGE_LOOP('',(#6640,#6641,#6642,#6643));
#2066=EDGE_LOOP('',(#6644,#6645,#6646,#6647));
#2067=EDGE_LOOP('',(#6648,#6649,#6650,#6651));
#2068=EDGE_LOOP('',(#6652,#6653,#6654,#6655));
#2069=EDGE_LOOP('',(#6656,#6657,#6658,#6659));
#2070=EDGE_LOOP('',(#6660,#6661,#6662,#6663,#6664,#6665));
#2071=EDGE_LOOP('',(#6666,#6667,#6668,#6669,#6670,#6671));
#2072=EDGE_LOOP('',(#6672,#6673,#6674,#6675));
#2073=EDGE_LOOP('',(#6676,#6677,#6678,#6679,#6680,#6681));
#2074=EDGE_LOOP('',(#6682,#6683,#6684,#6685,#6686,#6687));
#2075=EDGE_LOOP('',(#6688,#6689,#6690,#6691));
#2076=EDGE_LOOP('',(#6692,#6693,#6694,#6695));
#2077=EDGE_LOOP('',(#6696,#6697,#6698,#6699));
#2078=EDGE_LOOP('',(#6700,#6701,#6702,#6703));
#2079=EDGE_LOOP('',(#6704,#6705,#6706,#6707,#6708));
#2080=EDGE_LOOP('',(#6709,#6710,#6711,#6712));
#2081=EDGE_LOOP('',(#6713,#6714,#6715,#6716));
#2082=EDGE_LOOP('',(#6717,#6718,#6719,#6720));
#2083=EDGE_LOOP('',(#6721,#6722,#6723,#6724));
#2084=EDGE_LOOP('',(#6725,#6726,#6727));
#2085=EDGE_LOOP('',(#6728,#6729,#6730,#6731));
#2086=EDGE_LOOP('',(#6732,#6733,#6734));
#2087=EDGE_LOOP('',(#6735,#6736,#6737,#6738));
#2088=EDGE_LOOP('',(#6739,#6740,#6741,#6742));
#2089=EDGE_LOOP('',(#6743,#6744,#6745,#6746));
#2090=EDGE_LOOP('',(#6747,#6748,#6749,#6750));
#2091=EDGE_LOOP('',(#6751,#6752,#6753,#6754));
#2092=EDGE_LOOP('',(#6755,#6756,#6757,#6758));
#2093=EDGE_LOOP('',(#6759,#6760,#6761));
#2094=EDGE_LOOP('',(#6762,#6763,#6764,#6765));
#2095=EDGE_LOOP('',(#6766,#6767,#6768));
#2096=EDGE_LOOP('',(#6769,#6770,#6771,#6772));
#2097=EDGE_LOOP('',(#6773,#6774,#6775,#6776));
#2098=EDGE_LOOP('',(#6777,#6778,#6779,#6780));
#2099=EDGE_LOOP('',(#6781,#6782,#6783,#6784));
#2100=EDGE_LOOP('',(#6785,#6786,#6787,#6788));
#2101=EDGE_LOOP('',(#6789,#6790,#6791,#6792));
#2102=EDGE_LOOP('',(#6793,#6794,#6795,#6796));
#2103=EDGE_LOOP('',(#6797,#6798,#6799));
#2104=EDGE_LOOP('',(#6800,#6801,#6802,#6803));
#2105=EDGE_LOOP('',(#6804,#6805,#6806));
#2106=EDGE_LOOP('',(#6807,#6808,#6809,#6810));
#2107=EDGE_LOOP('',(#6811,#6812,#6813,#6814));
#2108=EDGE_LOOP('',(#6815,#6816,#6817,#6818));
#2109=EDGE_LOOP('',(#6819,#6820,#6821,#6822));
#2110=EDGE_LOOP('',(#6823,#6824,#6825,#6826));
#2111=EDGE_LOOP('',(#6827,#6828,#6829,#6830));
#2112=EDGE_LOOP('',(#6831,#6832,#6833,#6834));
#2113=EDGE_LOOP('',(#6835,#6836,#6837));
#2114=EDGE_LOOP('',(#6838,#6839,#6840,#6841));
#2115=EDGE_LOOP('',(#6842,#6843,#6844));
#2116=EDGE_LOOP('',(#6845,#6846,#6847,#6848));
#2117=EDGE_LOOP('',(#6849,#6850,#6851,#6852));
#2118=EDGE_LOOP('',(#6853,#6854,#6855,#6856));
#2119=EDGE_LOOP('',(#6857,#6858,#6859,#6860));
#2120=EDGE_LOOP('',(#6861,#6862,#6863,#6864));
#2121=EDGE_LOOP('',(#6865,#6866,#6867,#6868));
#2122=EDGE_LOOP('',(#6869,#6870,#6871));
#2123=EDGE_LOOP('',(#6872,#6873,#6874,#6875));
#2124=EDGE_LOOP('',(#6876,#6877,#6878,#6879));
#2125=EDGE_LOOP('',(#6880,#6881,#6882,#6883));
#2126=EDGE_LOOP('',(#6884,#6885,#6886));
#2127=EDGE_LOOP('',(#6887,#6888,#6889,#6890));
#2128=EDGE_LOOP('',(#6891,#6892,#6893));
#2129=EDGE_LOOP('',(#6894,#6895,#6896,#6897));
#2130=EDGE_LOOP('',(#6898,#6899,#6900,#6901));
#2131=EDGE_LOOP('',(#6902,#6903,#6904,#6905));
#2132=EDGE_LOOP('',(#6906,#6907,#6908));
#2133=EDGE_LOOP('',(#6909,#6910,#6911,#6912));
#2134=EDGE_LOOP('',(#6913,#6914,#6915,#6916));
#2135=EDGE_LOOP('',(#6917,#6918,#6919,#6920));
#2136=EDGE_LOOP('',(#6921,#6922,#6923));
#2137=EDGE_LOOP('',(#6924,#6925,#6926,#6927));
#2138=EDGE_LOOP('',(#6928,#6929,#6930));
#2139=EDGE_LOOP('',(#6931,#6932,#6933,#6934));
#2140=EDGE_LOOP('',(#6935,#6936,#6937));
#2141=EDGE_LOOP('',(#6938,#6939,#6940,#6941));
#2142=EDGE_LOOP('',(#6942,#6943,#6944));
#2143=EDGE_LOOP('',(#6945,#6946,#6947,#6948));
#2144=EDGE_LOOP('',(#6949,#6950,#6951,#6952));
#2145=EDGE_LOOP('',(#6953,#6954,#6955,#6956,#6957,#6958,#6959,#6960));
#2146=EDGE_LOOP('',(#6961,#6962,#6963,#6964,#6965,#6966,#6967,#6968));
#2147=EDGE_LOOP('',(#6969,#6970,#6971,#6972,#6973,#6974,#6975,#6976));
#2148=EDGE_LOOP('',(#6977,#6978,#6979,#6980,#6981,#6982,#6983,#6984));
#2149=EDGE_LOOP('',(#6985,#6986,#6987,#6988));
#2150=EDGE_LOOP('',(#6989,#6990,#6991,#6992));
#2151=EDGE_LOOP('',(#6993,#6994,#6995,#6996));
#2152=EDGE_LOOP('',(#6997,#6998,#6999,#7000));
#2153=EDGE_LOOP('',(#7001,#7002,#7003,#7004));
#2154=EDGE_LOOP('',(#7005,#7006,#7007,#7008));
#2155=EDGE_LOOP('',(#7009,#7010,#7011,#7012));
#2156=EDGE_LOOP('',(#7013,#7014,#7015,#7016));
#2157=EDGE_LOOP('',(#7017,#7018,#7019,#7020));
#2158=EDGE_LOOP('',(#7021,#7022,#7023,#7024));
#2159=EDGE_LOOP('',(#7025,#7026,#7027,#7028));
#2160=EDGE_LOOP('',(#7029,#7030,#7031,#7032));
#2161=EDGE_LOOP('',(#7033,#7034,#7035,#7036));
#2162=EDGE_LOOP('',(#7037,#7038,#7039,#7040));
#2163=EDGE_LOOP('',(#7041,#7042,#7043,#7044));
#2164=EDGE_LOOP('',(#7045,#7046,#7047,#7048));
#2165=EDGE_LOOP('',(#7049,#7050,#7051,#7052));
#2166=EDGE_LOOP('',(#7053,#7054,#7055,#7056));
#2167=EDGE_LOOP('',(#7057,#7058,#7059,#7060));
#2168=EDGE_LOOP('',(#7061,#7062,#7063,#7064));
#2169=EDGE_LOOP('',(#7065,#7066,#7067));
#2170=EDGE_LOOP('',(#7068,#7069,#7070,#7071,#7072,#7073,#7074,#7075));
#2171=EDGE_LOOP('',(#7076,#7077,#7078,#7079,#7080));
#2172=EDGE_LOOP('',(#7081,#7082,#7083,#7084));
#2173=EDGE_LOOP('',(#7085,#7086,#7087,#7088));
#2174=EDGE_LOOP('',(#7089,#7090,#7091,#7092));
#2175=EDGE_LOOP('',(#7093,#7094,#7095,#7096));
#2176=EDGE_LOOP('',(#7097,#7098,#7099));
#2177=EDGE_LOOP('',(#7100,#7101,#7102,#7103,#7104));
#2178=EDGE_LOOP('',(#7105,#7106,#7107,#7108,#7109,#7110,#7111,#7112));
#2179=EDGE_LOOP('',(#7113,#7114,#7115,#7116,#7117,#7118,#7119,#7120));
#2180=EDGE_LOOP('',(#7121,#7122,#7123,#7124));
#2181=EDGE_LOOP('',(#7125,#7126,#7127,#7128));
#2182=EDGE_LOOP('',(#7129,#7130,#7131,#7132));
#2183=EDGE_LOOP('',(#7133,#7134,#7135,#7136));
#2184=EDGE_LOOP('',(#7137,#7138,#7139,#7140));
#2185=EDGE_LOOP('',(#7141,#7142,#7143,#7144));
#2186=EDGE_LOOP('',(#7145,#7146,#7147));
#2187=EDGE_LOOP('',(#7148,#7149,#7150,#7151));
#2188=EDGE_LOOP('',(#7152,#7153,#7154));
#2189=EDGE_LOOP('',(#7155,#7156,#7157,#7158,#7159));
#2190=EDGE_LOOP('',(#7160,#7161,#7162,#7163));
#2191=EDGE_LOOP('',(#7164,#7165,#7166,#7167));
#2192=EDGE_LOOP('',(#7168,#7169,#7170,#7171));
#2193=EDGE_LOOP('',(#7172,#7173,#7174,#7175));
#2194=EDGE_LOOP('',(#7176,#7177,#7178,#7179));
#2195=EDGE_LOOP('',(#7180,#7181,#7182,#7183));
#2196=EDGE_LOOP('',(#7184,#7185,#7186,#7187));
#2197=EDGE_LOOP('',(#7188,#7189,#7190,#7191));
#2198=EDGE_LOOP('',(#7192,#7193,#7194,#7195));
#2199=EDGE_LOOP('',(#7196,#7197,#7198,#7199));
#2200=EDGE_LOOP('',(#7200,#7201,#7202,#7203));
#2201=EDGE_LOOP('',(#7204,#7205,#7206,#7207));
#2202=EDGE_LOOP('',(#7208,#7209,#7210,#7211));
#2203=EDGE_LOOP('',(#7212,#7213,#7214,#7215));
#2204=EDGE_LOOP('',(#7216,#7217,#7218,#7219));
#2205=EDGE_LOOP('',(#7220,#7221,#7222,#7223));
#2206=EDGE_LOOP('',(#7224,#7225,#7226,#7227,#7228,#7229));
#2207=EDGE_LOOP('',(#7230,#7231,#7232,#7233,#7234,#7235));
#2208=EDGE_LOOP('',(#7236,#7237,#7238,#7239));
#2209=EDGE_LOOP('',(#7240,#7241,#7242,#7243,#7244,#7245));
#2210=EDGE_LOOP('',(#7246,#7247,#7248,#7249,#7250,#7251));
#2211=EDGE_LOOP('',(#7252,#7253,#7254,#7255));
#2212=EDGE_LOOP('',(#7256,#7257,#7258,#7259));
#2213=EDGE_LOOP('',(#7260,#7261,#7262,#7263));
#2214=EDGE_LOOP('',(#7264,#7265,#7266,#7267,#7268));
#2215=EDGE_LOOP('',(#7269,#7270,#7271,#7272,#7273,#7274));
#2216=EDGE_LOOP('',(#7275,#7276,#7277,#7278,#7279));
#2217=EDGE_LOOP('',(#7280,#7281,#7282,#7283,#7284,#7285,#7286,#7287,#7288,
#7289,#7290,#7291,#7292,#7293,#7294,#7295,#7296,#7297,#7298,#7299,#7300,
#7301,#7302,#7303,#7304,#7305,#7306,#7307,#7308,#7309,#7310,#7311));
#2218=EDGE_LOOP('',(#7312));
#2219=EDGE_LOOP('',(#7313));
#2220=EDGE_LOOP('',(#7314));
#2221=EDGE_LOOP('',(#7315));
#2222=EDGE_LOOP('',(#7316));
#2223=EDGE_LOOP('',(#7317));
#2224=EDGE_LOOP('',(#7318));
#2225=EDGE_LOOP('',(#7319));
#2226=EDGE_LOOP('',(#7320));
#2227=EDGE_LOOP('',(#7321,#7322,#7323,#7324));
#2228=EDGE_LOOP('',(#7325,#7326,#7327,#7328,#7329));
#2229=EDGE_LOOP('',(#7330,#7331,#7332,#7333));
#2230=EDGE_LOOP('',(#7334,#7335,#7336,#7337));
#2231=EDGE_LOOP('',(#7338,#7339,#7340,#7341));
#2232=EDGE_LOOP('',(#7342,#7343,#7344,#7345));
#2233=EDGE_LOOP('',(#7346,#7347,#7348));
#2234=EDGE_LOOP('',(#7349,#7350,#7351,#7352));
#2235=EDGE_LOOP('',(#7353,#7354,#7355));
#2236=EDGE_LOOP('',(#7356,#7357,#7358,#7359));
#2237=EDGE_LOOP('',(#7360,#7361,#7362,#7363));
#2238=EDGE_LOOP('',(#7364,#7365,#7366,#7367));
#2239=EDGE_LOOP('',(#7368,#7369,#7370,#7371));
#2240=EDGE_LOOP('',(#7372,#7373,#7374,#7375));
#2241=EDGE_LOOP('',(#7376,#7377,#7378,#7379));
#2242=EDGE_LOOP('',(#7380,#7381,#7382,#7383));
#2243=EDGE_LOOP('',(#7384,#7385,#7386));
#2244=EDGE_LOOP('',(#7387,#7388,#7389,#7390));
#2245=EDGE_LOOP('',(#7391,#7392,#7393));
#2246=EDGE_LOOP('',(#7394,#7395,#7396,#7397));
#2247=EDGE_LOOP('',(#7398,#7399,#7400,#7401));
#2248=EDGE_LOOP('',(#7402,#7403,#7404,#7405));
#2249=EDGE_LOOP('',(#7406,#7407,#7408,#7409));
#2250=EDGE_LOOP('',(#7410,#7411,#7412,#7413));
#2251=EDGE_LOOP('',(#7414,#7415,#7416,#7417));
#2252=EDGE_LOOP('',(#7418,#7419,#7420,#7421));
#2253=EDGE_LOOP('',(#7422,#7423,#7424));
#2254=EDGE_LOOP('',(#7425,#7426,#7427,#7428));
#2255=EDGE_LOOP('',(#7429,#7430,#7431));
#2256=EDGE_LOOP('',(#7432,#7433,#7434,#7435));
#2257=EDGE_LOOP('',(#7436,#7437,#7438,#7439));
#2258=EDGE_LOOP('',(#7440,#7441,#7442,#7443));
#2259=EDGE_LOOP('',(#7444,#7445,#7446,#7447));
#2260=EDGE_LOOP('',(#7448,#7449,#7450,#7451));
#2261=EDGE_LOOP('',(#7452,#7453,#7454,#7455));
#2262=EDGE_LOOP('',(#7456,#7457,#7458,#7459));
#2263=EDGE_LOOP('',(#7460,#7461,#7462));
#2264=EDGE_LOOP('',(#7463,#7464,#7465,#7466));
#2265=EDGE_LOOP('',(#7467,#7468,#7469));
#2266=EDGE_LOOP('',(#7470,#7471,#7472,#7473));
#2267=EDGE_LOOP('',(#7474,#7475,#7476,#7477));
#2268=EDGE_LOOP('',(#7478,#7479,#7480,#7481));
#2269=EDGE_LOOP('',(#7482,#7483,#7484,#7485));
#2270=EDGE_LOOP('',(#7486,#7487,#7488,#7489));
#2271=EDGE_LOOP('',(#7490,#7491,#7492,#7493,#7494,#7495,#7496,#7497,#7498,
#7499,#7500,#7501,#7502,#7503,#7504,#7505,#7506,#7507,#7508,#7509,#7510,
#7511,#7512,#7513,#7514,#7515,#7516,#7517,#7518,#7519,#7520,#7521,#7522,
#7523,#7524,#7525,#7526,#7527,#7528,#7529,#7530,#7531,#7532,#7533,#7534,
#7535,#7536,#7537,#7538,#7539,#7540,#7541,#7542,#7543,#7544,#7545,#7546,
#7547,#7548,#7549,#7550,#7551,#7552,#7553,#7554,#7555,#7556,#7557));
#2272=EDGE_LOOP('',(#7558,#7559,#7560,#7561));
#2273=EDGE_LOOP('',(#7562,#7563,#7564));
#2274=EDGE_LOOP('',(#7565,#7566,#7567,#7568));
#2275=EDGE_LOOP('',(#7569,#7570,#7571,#7572));
#2276=EDGE_LOOP('',(#7573,#7574,#7575,#7576));
#2277=EDGE_LOOP('',(#7577,#7578,#7579));
#2278=EDGE_LOOP('',(#7580,#7581,#7582,#7583));
#2279=EDGE_LOOP('',(#7584,#7585,#7586));
#2280=EDGE_LOOP('',(#7587,#7588,#7589,#7590));
#2281=EDGE_LOOP('',(#7591,#7592,#7593,#7594));
#2282=EDGE_LOOP('',(#7595,#7596,#7597,#7598));
#2283=EDGE_LOOP('',(#7599,#7600,#7601));
#2284=EDGE_LOOP('',(#7602,#7603,#7604,#7605));
#2285=EDGE_LOOP('',(#7606,#7607,#7608,#7609));
#2286=EDGE_LOOP('',(#7610,#7611,#7612,#7613));
#2287=EDGE_LOOP('',(#7614,#7615,#7616));
#2288=EDGE_LOOP('',(#7617,#7618,#7619,#7620));
#2289=EDGE_LOOP('',(#7621,#7622,#7623));
#2290=EDGE_LOOP('',(#7624,#7625,#7626,#7627));
#2291=EDGE_LOOP('',(#7628,#7629,#7630));
#2292=EDGE_LOOP('',(#7631,#7632,#7633,#7634));
#2293=EDGE_LOOP('',(#7635,#7636,#7637));
#2294=EDGE_LOOP('',(#7638,#7639,#7640,#7641));
#2295=EDGE_LOOP('',(#7642,#7643,#7644,#7645));
#2296=EDGE_LOOP('',(#7646,#7647,#7648,#7649));
#2297=EDGE_LOOP('',(#7650,#7651,#7652,#7653,#7654,#7655,#7656,#7657));
#2298=EDGE_LOOP('',(#7658,#7659,#7660,#7661,#7662,#7663,#7664,#7665));
#2299=EDGE_LOOP('',(#7666,#7667,#7668,#7669,#7670,#7671,#7672,#7673));
#2300=EDGE_LOOP('',(#7674,#7675,#7676,#7677,#7678,#7679,#7680,#7681));
#2301=EDGE_LOOP('',(#7682,#7683,#7684,#7685));
#2302=EDGE_LOOP('',(#7686,#7687,#7688,#7689));
#2303=EDGE_LOOP('',(#7690,#7691,#7692,#7693));
#2304=EDGE_LOOP('',(#7694,#7695,#7696,#7697));
#2305=EDGE_LOOP('',(#7698,#7699,#7700,#7701));
#2306=EDGE_LOOP('',(#7702,#7703,#7704,#7705));
#2307=EDGE_LOOP('',(#7706,#7707,#7708,#7709));
#2308=EDGE_LOOP('',(#7710,#7711,#7712,#7713));
#2309=EDGE_LOOP('',(#7714,#7715,#7716,#7717));
#2310=EDGE_LOOP('',(#7718,#7719,#7720,#7721));
#2311=EDGE_LOOP('',(#7722,#7723,#7724,#7725));
#2312=EDGE_LOOP('',(#7726,#7727,#7728,#7729));
#2313=EDGE_LOOP('',(#7730,#7731,#7732,#7733));
#2314=EDGE_LOOP('',(#7734,#7735,#7736,#7737));
#2315=EDGE_LOOP('',(#7738,#7739,#7740,#7741));
#2316=EDGE_LOOP('',(#7742,#7743,#7744,#7745));
#2317=EDGE_LOOP('',(#7746,#7747,#7748,#7749));
#2318=EDGE_LOOP('',(#7750));
#2319=EDGE_LOOP('',(#7751));
#2320=EDGE_LOOP('',(#7752,#7753,#7754,#7755,#7756,#7757,#7758,#7759,#7760,
#7761,#7762,#7763,#7764,#7765,#7766,#7767,#7768,#7769,#7770,#7771,#7772,
#7773,#7774,#7775,#7776,#7777,#7778,#7779,#7780,#7781,#7782,#7783,#7784,
#7785,#7786,#7787,#7788,#7789,#7790,#7791,#7792,#7793,#7794,#7795,#7796,
#7797,#7798,#7799));
#2321=EDGE_LOOP('',(#7800,#7801,#7802,#7803,#7804,#7805,#7806,#7807));
#2322=EDGE_LOOP('',(#7808,#7809,#7810,#7811,#7812,#7813,#7814,#7815));
#2323=EDGE_LOOP('',(#7816));
#2324=EDGE_LOOP('',(#7817));
#2325=EDGE_LOOP('',(#7818));
#2326=EDGE_LOOP('',(#7819));
#2327=EDGE_LOOP('',(#7820,#7821,#7822,#7823,#7824,#7825,#7826,#7827));
#2328=EDGE_LOOP('',(#7828,#7829,#7830,#7831,#7832,#7833,#7834,#7835));
#2329=EDGE_LOOP('',(#7836,#7837,#7838,#7839,#7840,#7841,#7842,#7843));
#2330=EDGE_LOOP('',(#7844,#7845,#7846,#7847,#7848,#7849,#7850,#7851));
#2331=EDGE_LOOP('',(#7852));
#2332=EDGE_LOOP('',(#7853));
#2333=EDGE_LOOP('',(#7854));
#2334=EDGE_LOOP('',(#7855));
#2335=EDGE_LOOP('',(#7856,#7857,#7858,#7859,#7860,#7861,#7862,#7863));
#2336=EDGE_LOOP('',(#7864,#7865,#7866,#7867,#7868,#7869,#7870,#7871));
#2337=EDGE_LOOP('',(#7872));
#2338=LINE('',#12452,#2831);
#2339=LINE('',#12454,#2832);
#2340=LINE('',#12456,#2833);
#2341=LINE('',#12457,#2834);
#2342=LINE('',#12462,#2835);
#2343=LINE('',#12496,#2836);
#2344=LINE('',#12506,#2837);
#2345=LINE('',#12508,#2838);
#2346=LINE('',#12512,#2839);
#2347=LINE('',#12516,#2840);
#2348=LINE('',#12520,#2841);
#2349=LINE('',#12521,#2842);
#2350=LINE('',#12525,#2843);
#2351=LINE('',#12529,#2844);
#2352=LINE('',#12534,#2845);
#2353=LINE('',#12535,#2846);
#2354=LINE('',#12536,#2847);
#2355=LINE('',#12565,#2848);
#2356=LINE('',#12579,#2849);
#2357=LINE('',#12581,#2850);
#2358=LINE('',#12582,#2851);
#2359=LINE('',#12585,#2852);
#2360=LINE('',#12589,#2853);
#2361=LINE('',#12593,#2854);
#2362=LINE('',#12598,#2855);
#2363=LINE('',#12600,#2856);
#2364=LINE('',#12602,#2857);
#2365=LINE('',#12603,#2858);
#2366=LINE('',#12607,#2859);
#2367=LINE('',#12614,#2860);
#2368=LINE('',#12619,#2861);
#2369=LINE('',#12625,#2862);
#2370=LINE('',#12626,#2863);
#2371=LINE('',#12627,#2864);
#2372=LINE('',#12652,#2865);
#2373=LINE('',#12690,#2866);
#2374=LINE('',#12698,#2867);
#2375=LINE('',#12699,#2868);
#2376=LINE('',#12702,#2869);
#2377=LINE('',#12706,#2870);
#2378=LINE('',#12710,#2871);
#2379=LINE('',#12714,#2872);
#2380=LINE('',#12717,#2873);
#2381=LINE('',#12722,#2874);
#2382=LINE('',#12728,#2875);
#2383=LINE('',#12733,#2876);
#2384=LINE('',#12738,#2877);
#2385=LINE('',#12744,#2878);
#2386=LINE('',#12749,#2879);
#2387=LINE('',#12754,#2880);
#2388=LINE('',#12757,#2881);
#2389=LINE('',#12761,#2882);
#2390=LINE('',#12767,#2883);
#2391=LINE('',#12773,#2884);
#2392=LINE('',#12779,#2885);
#2393=LINE('',#12784,#2886);
#2394=LINE('',#12786,#2887);
#2395=LINE('',#12789,#2888);
#2396=LINE('',#12796,#2889);
#2397=LINE('',#12799,#2890);
#2398=LINE('',#12814,#2891);
#2399=LINE('',#12817,#2892);
#2400=LINE('',#12886,#2893);
#2401=LINE('',#12887,#2894);
#2402=LINE('',#12893,#2895);
#2403=LINE('',#12896,#2896);
#2404=LINE('',#12911,#2897);
#2405=LINE('',#12914,#2898);
#2406=LINE('',#12924,#2899);
#2407=LINE('',#12925,#2900);
#2408=LINE('',#12987,#2901);
#2409=LINE('',#12988,#2902);
#2410=LINE('',#12994,#2903);
#2411=LINE('',#12997,#2904);
#2412=LINE('',#13012,#2905);
#2413=LINE('',#13015,#2906);
#2414=LINE('',#13025,#2907);
#2415=LINE('',#13026,#2908);
#2416=LINE('',#13088,#2909);
#2417=LINE('',#13089,#2910);
#2418=LINE('',#13095,#2911);
#2419=LINE('',#13098,#2912);
#2420=LINE('',#13113,#2913);
#2421=LINE('',#13116,#2914);
#2422=LINE('',#13126,#2915);
#2423=LINE('',#13127,#2916);
#2424=LINE('',#13191,#2917);
#2425=LINE('',#13194,#2918);
#2426=LINE('',#13204,#2919);
#2427=LINE('',#13214,#2920);
#2428=LINE('',#13224,#2921);
#2429=LINE('',#13230,#2922);
#2430=LINE('',#13240,#2923);
#2431=LINE('',#13253,#2924);
#2432=LINE('',#13256,#2925);
#2433=LINE('',#13264,#2926);
#2434=LINE('',#13276,#2927);
#2435=LINE('',#13284,#2928);
#2436=LINE('',#13295,#2929);
#2437=LINE('',#13303,#2930);
#2438=LINE('',#13308,#2931);
#2439=LINE('',#13311,#2932);
#2440=LINE('',#13314,#2933);
#2441=LINE('',#13318,#2934);
#2442=LINE('',#13319,#2935);
#2443=LINE('',#13322,#2936);
#2444=LINE('',#13326,#2937);
#2445=LINE('',#13329,#2938);
#2446=LINE('',#13332,#2939);
#2447=LINE('',#13336,#2940);
#2448=LINE('',#13340,#2941);
#2449=LINE('',#13341,#2942);
#2450=LINE('',#13344,#2943);
#2451=LINE('',#13348,#2944);
#2452=LINE('',#13352,#2945);
#2453=LINE('',#13353,#2946);
#2454=LINE('',#13358,#2947);
#2455=LINE('',#13362,#2948);
#2456=LINE('',#13366,#2949);
#2457=LINE('',#13369,#2950);
#2458=LINE('',#13373,#2951);
#2459=LINE('',#13375,#2952);
#2460=LINE('',#13377,#2953);
#2461=LINE('',#13378,#2954);
#2462=LINE('',#13383,#2955);
#2463=LINE('',#13413,#2956);
#2464=LINE('',#13427,#2957);
#2465=LINE('',#13431,#2958);
#2466=LINE('',#13435,#2959);
#2467=LINE('',#13438,#2960);
#2468=LINE('',#13441,#2961);
#2469=LINE('',#13442,#2962);
#2470=LINE('',#13446,#2963);
#2471=LINE('',#13450,#2964);
#2472=LINE('',#13455,#2965);
#2473=LINE('',#13456,#2966);
#2474=LINE('',#13457,#2967);
#2475=LINE('',#13493,#2968);
#2476=LINE('',#13503,#2969);
#2477=LINE('',#13505,#2970);
#2478=LINE('',#13506,#2971);
#2479=LINE('',#13511,#2972);
#2480=LINE('',#13515,#2973);
#2481=LINE('',#13518,#2974);
#2482=LINE('',#13526,#2975);
#2483=LINE('',#13528,#2976);
#2484=LINE('',#13530,#2977);
#2485=LINE('',#13531,#2978);
#2486=LINE('',#13535,#2979);
#2487=LINE('',#13542,#2980);
#2488=LINE('',#13547,#2981);
#2489=LINE('',#13553,#2982);
#2490=LINE('',#13554,#2983);
#2491=LINE('',#13555,#2984);
#2492=LINE('',#13584,#2985);
#2493=LINE('',#13614,#2986);
#2494=LINE('',#13626,#2987);
#2495=LINE('',#13627,#2988);
#2496=LINE('',#13631,#2989);
#2497=LINE('',#13635,#2990);
#2498=LINE('',#13639,#2991);
#2499=LINE('',#13642,#2992);
#2500=LINE('',#13644,#2993);
#2501=LINE('',#13650,#2994);
#2502=LINE('',#13656,#2995);
#2503=LINE('',#13661,#2996);
#2504=LINE('',#13669,#2997);
#2505=LINE('',#13674,#2998);
#2506=LINE('',#13680,#2999);
#2507=LINE('',#13683,#3000);
#2508=LINE('',#13688,#3001);
#2509=LINE('',#13692,#3002);
#2510=LINE('',#13698,#3003);
#2511=LINE('',#13703,#3004);
#2512=LINE('',#13709,#3005);
#2513=LINE('',#13713,#3006);
#2514=LINE('',#13716,#3007);
#2515=LINE('',#13720,#3008);
#2516=LINE('',#13726,#3009);
#2517=LINE('',#13729,#3010);
#2518=LINE('',#13744,#3011);
#2519=LINE('',#13747,#3012);
#2520=LINE('',#13752,#3013);
#2521=LINE('',#13754,#3014);
#2522=LINE('',#13820,#3015);
#2523=LINE('',#13821,#3016);
#2524=LINE('',#13827,#3017);
#2525=LINE('',#13830,#3018);
#2526=LINE('',#13845,#3019);
#2527=LINE('',#13848,#3020);
#2528=LINE('',#13853,#3021);
#2529=LINE('',#13855,#3022);
#2530=LINE('',#13921,#3023);
#2531=LINE('',#13922,#3024);
#2532=LINE('',#13928,#3025);
#2533=LINE('',#13931,#3026);
#2534=LINE('',#13946,#3027);
#2535=LINE('',#13949,#3028);
#2536=LINE('',#13954,#3029);
#2537=LINE('',#13956,#3030);
#2538=LINE('',#14022,#3031);
#2539=LINE('',#14023,#3032);
#2540=LINE('',#14029,#3033);
#2541=LINE('',#14032,#3034);
#2542=LINE('',#14047,#3035);
#2543=LINE('',#14050,#3036);
#2544=LINE('',#14055,#3037);
#2545=LINE('',#14057,#3038);
#2546=LINE('',#14125,#3039);
#2547=LINE('',#14128,#3040);
#2548=LINE('',#14137,#3041);
#2549=LINE('',#14147,#3042);
#2550=LINE('',#14157,#3043);
#2551=LINE('',#14163,#3044);
#2552=LINE('',#14173,#3045);
#2553=LINE('',#14188,#3046);
#2554=LINE('',#14195,#3047);
#2555=LINE('',#14204,#3048);
#2556=LINE('',#14214,#3049);
#2557=LINE('',#14221,#3050);
#2558=LINE('',#14229,#3051);
#2559=LINE('',#14237,#3052);
#2560=LINE('',#14244,#3053);
#2561=LINE('',#14247,#3054);
#2562=LINE('',#14251,#3055);
#2563=LINE('',#14254,#3056);
#2564=LINE('',#14255,#3057);
#2565=LINE('',#14259,#3058);
#2566=LINE('',#14262,#3059);
#2567=LINE('',#14265,#3060);
#2568=LINE('',#14269,#3061);
#2569=LINE('',#14273,#3062);
#2570=LINE('',#14276,#3063);
#2571=LINE('',#14277,#3064);
#2572=LINE('',#14281,#3065);
#2573=LINE('',#14285,#3066);
#2574=LINE('',#14288,#3067);
#2575=LINE('',#14289,#3068);
#2576=LINE('',#14295,#3069);
#2577=LINE('',#14299,#3070);
#2578=LINE('',#14303,#3071);
#2579=LINE('',#14305,#3072);
#2580=LINE('',#14307,#3073);
#2581=LINE('',#14309,#3074);
#2582=LINE('',#14316,#3075);
#2583=LINE('',#14324,#3076);
#2584=LINE('',#14332,#3077);
#2585=LINE('',#14340,#3078);
#2586=LINE('',#14348,#3079);
#2587=LINE('',#14356,#3080);
#2588=LINE('',#14364,#3081);
#2589=LINE('',#14372,#3082);
#2590=LINE('',#14380,#3083);
#2591=LINE('',#14388,#3084);
#2592=LINE('',#14396,#3085);
#2593=LINE('',#14404,#3086);
#2594=LINE('',#14412,#3087);
#2595=LINE('',#14420,#3088);
#2596=LINE('',#14428,#3089);
#2597=LINE('',#14436,#3090);
#2598=LINE('',#14454,#3091);
#2599=LINE('',#14456,#3092);
#2600=LINE('',#14458,#3093);
#2601=LINE('',#14459,#3094);
#2602=LINE('',#14464,#3095);
#2603=LINE('',#14497,#3096);
#2604=LINE('',#14511,#3097);
#2605=LINE('',#14515,#3098);
#2606=LINE('',#14519,#3099);
#2607=LINE('',#14522,#3100);
#2608=LINE('',#14525,#3101);
#2609=LINE('',#14526,#3102);
#2610=LINE('',#14530,#3103);
#2611=LINE('',#14534,#3104);
#2612=LINE('',#14539,#3105);
#2613=LINE('',#14540,#3106);
#2614=LINE('',#14541,#3107);
#2615=LINE('',#14574,#3108);
#2616=LINE('',#14584,#3109);
#2617=LINE('',#14586,#3110);
#2618=LINE('',#14587,#3111);
#2619=LINE('',#14592,#3112);
#2620=LINE('',#14596,#3113);
#2621=LINE('',#14599,#3114);
#2622=LINE('',#14603,#3115);
#2623=LINE('',#14605,#3116);
#2624=LINE('',#14607,#3117);
#2625=LINE('',#14608,#3118);
#2626=LINE('',#14612,#3119);
#2627=LINE('',#14619,#3120);
#2628=LINE('',#14624,#3121);
#2629=LINE('',#14630,#3122);
#2630=LINE('',#14631,#3123);
#2631=LINE('',#14632,#3124);
#2632=LINE('',#14661,#3125);
#2633=LINE('',#14691,#3126);
#2634=LINE('',#14703,#3127);
#2635=LINE('',#14704,#3128);
#2636=LINE('',#14708,#3129);
#2637=LINE('',#14712,#3130);
#2638=LINE('',#14716,#3131);
#2639=LINE('',#14719,#3132);
#2640=LINE('',#14721,#3133);
#2641=LINE('',#14727,#3134);
#2642=LINE('',#14733,#3135);
#2643=LINE('',#14738,#3136);
#2644=LINE('',#14743,#3137);
#2645=LINE('',#14748,#3138);
#2646=LINE('',#14754,#3139);
#2647=LINE('',#14761,#3140);
#2648=LINE('',#14766,#3141);
#2649=LINE('',#14770,#3142);
#2650=LINE('',#14776,#3143);
#2651=LINE('',#14783,#3144);
#2652=LINE('',#14789,#3145);
#2653=LINE('',#14793,#3146);
#2654=LINE('',#14796,#3147);
#2655=LINE('',#14800,#3148);
#2656=LINE('',#14807,#3149);
#2657=LINE('',#14808,#3150);
#2658=LINE('',#14822,#3151);
#2659=LINE('',#14823,#3152);
#2660=LINE('',#14891,#3153);
#2661=LINE('',#14896,#3154);
#2662=LINE('',#14897,#3155);
#2663=LINE('',#14911,#3156);
#2664=LINE('',#14912,#3157);
#2665=LINE('',#14917,#3158);
#2666=LINE('',#14982,#3159);
#2667=LINE('',#14987,#3160);
#2668=LINE('',#14988,#3161);
#2669=LINE('',#15002,#3162);
#2670=LINE('',#15003,#3163);
#2671=LINE('',#15008,#3164);
#2672=LINE('',#15073,#3165);
#2673=LINE('',#15078,#3166);
#2674=LINE('',#15079,#3167);
#2675=LINE('',#15093,#3168);
#2676=LINE('',#15094,#3169);
#2677=LINE('',#15099,#3170);
#2678=LINE('',#15164,#3171);
#2679=LINE('',#15168,#3172);
#2680=LINE('',#15176,#3173);
#2681=LINE('',#15183,#3174);
#2682=LINE('',#15191,#3175);
#2683=LINE('',#15195,#3176);
#2684=LINE('',#15203,#3177);
#2685=LINE('',#15213,#3178);
#2686=LINE('',#15214,#3179);
#2687=LINE('',#15220,#3180);
#2688=LINE('',#15235,#3181);
#2689=LINE('',#15242,#3182);
#2690=LINE('',#15250,#3183);
#2691=LINE('',#15258,#3184);
#2692=LINE('',#15264,#3185);
#2693=LINE('',#15267,#3186);
#2694=LINE('',#15271,#3187);
#2695=LINE('',#15274,#3188);
#2696=LINE('',#15275,#3189);
#2697=LINE('',#15279,#3190);
#2698=LINE('',#15282,#3191);
#2699=LINE('',#15285,#3192);
#2700=LINE('',#15289,#3193);
#2701=LINE('',#15293,#3194);
#2702=LINE('',#15296,#3195);
#2703=LINE('',#15297,#3196);
#2704=LINE('',#15301,#3197);
#2705=LINE('',#15305,#3198);
#2706=LINE('',#15308,#3199);
#2707=LINE('',#15309,#3200);
#2708=LINE('',#15315,#3201);
#2709=LINE('',#15319,#3202);
#2710=LINE('',#15323,#3203);
#2711=LINE('',#15325,#3204);
#2712=LINE('',#15329,#3205);
#2713=LINE('',#15331,#3206);
#2714=LINE('',#15333,#3207);
#2715=LINE('',#15334,#3208);
#2716=LINE('',#15339,#3209);
#2717=LINE('',#15376,#3210);
#2718=LINE('',#15386,#3211);
#2719=LINE('',#15388,#3212);
#2720=LINE('',#15392,#3213);
#2721=LINE('',#15396,#3214);
#2722=LINE('',#15400,#3215);
#2723=LINE('',#15401,#3216);
#2724=LINE('',#15405,#3217);
#2725=LINE('',#15409,#3218);
#2726=LINE('',#15414,#3219);
#2727=LINE('',#15415,#3220);
#2728=LINE('',#15416,#3221);
#2729=LINE('',#15448,#3222);
#2730=LINE('',#15462,#3223);
#2731=LINE('',#15464,#3224);
#2732=LINE('',#15465,#3225);
#2733=LINE('',#15468,#3226);
#2734=LINE('',#15472,#3227);
#2735=LINE('',#15476,#3228);
#2736=LINE('',#15485,#3229);
#2737=LINE('',#15487,#3230);
#2738=LINE('',#15489,#3231);
#2739=LINE('',#15490,#3232);
#2740=LINE('',#15494,#3233);
#2741=LINE('',#15501,#3234);
#2742=LINE('',#15506,#3235);
#2743=LINE('',#15512,#3236);
#2744=LINE('',#15513,#3237);
#2745=LINE('',#15514,#3238);
#2746=LINE('',#15539,#3239);
#2747=LINE('',#15577,#3240);
#2748=LINE('',#15585,#3241);
#2749=LINE('',#15586,#3242);
#2750=LINE('',#15589,#3243);
#2751=LINE('',#15593,#3244);
#2752=LINE('',#15597,#3245);
#2753=LINE('',#15603,#3246);
#2754=LINE('',#15608,#3247);
#2755=LINE('',#15610,#3248);
#2756=LINE('',#15613,#3249);
#2757=LINE('',#15616,#3250);
#2758=LINE('',#15621,#3251);
#2759=LINE('',#15627,#3252);
#2760=LINE('',#15632,#3253);
#2761=LINE('',#15640,#3254);
#2762=LINE('',#15646,#3255);
#2763=LINE('',#15651,#3256);
#2764=LINE('',#15657,#3257);
#2765=LINE('',#15661,#3258);
#2766=LINE('',#15665,#3259);
#2767=LINE('',#15671,#3260);
#2768=LINE('',#15679,#3261);
#2769=LINE('',#15685,#3262);
#2770=LINE('',#15699,#3263);
#2771=LINE('',#15709,#3264);
#2772=LINE('',#15711,#3265);
#2773=LINE('',#15714,#3266);
#2774=LINE('',#15722,#3267);
#2775=LINE('',#15723,#3268);
#2776=LINE('',#15737,#3269);
#2777=LINE('',#15738,#3270);
#2778=LINE('',#15747,#3271);
#2779=LINE('',#15808,#3272);
#2780=LINE('',#15813,#3273);
#2781=LINE('',#15814,#3274);
#2782=LINE('',#15828,#3275);
#2783=LINE('',#15829,#3276);
#2784=LINE('',#15838,#3277);
#2785=LINE('',#15899,#3278);
#2786=LINE('',#15904,#3279);
#2787=LINE('',#15905,#3280);
#2788=LINE('',#15919,#3281);
#2789=LINE('',#15920,#3282);
#2790=LINE('',#15929,#3283);
#2791=LINE('',#15990,#3284);
#2792=LINE('',#15995,#3285);
#2793=LINE('',#15996,#3286);
#2794=LINE('',#16010,#3287);
#2795=LINE('',#16011,#3288);
#2796=LINE('',#16020,#3289);
#2797=LINE('',#16081,#3290);
#2798=LINE('',#16085,#3291);
#2799=LINE('',#16089,#3292);
#2800=LINE('',#16097,#3293);
#2801=LINE('',#16104,#3294);
#2802=LINE('',#16112,#3295);
#2803=LINE('',#16116,#3296);
#2804=LINE('',#16124,#3297);
#2805=LINE('',#16134,#3298);
#2806=LINE('',#16140,#3299);
#2807=LINE('',#16152,#3300);
#2808=LINE('',#16160,#3301);
#2809=LINE('',#16171,#3302);
#2810=LINE('',#16179,#3303);
#2811=LINE('',#16187,#3304);
#2812=LINE('',#16190,#3305);
#2813=LINE('',#16193,#3306);
#2814=LINE('',#16197,#3307);
#2815=LINE('',#16198,#3308);
#2816=LINE('',#16201,#3309);
#2817=LINE('',#16205,#3310);
#2818=LINE('',#16208,#3311);
#2819=LINE('',#16211,#3312);
#2820=LINE('',#16215,#3313);
#2821=LINE('',#16219,#3314);
#2822=LINE('',#16220,#3315);
#2823=LINE('',#16223,#3316);
#2824=LINE('',#16227,#3317);
#2825=LINE('',#16231,#3318);
#2826=LINE('',#16232,#3319);
#2827=LINE('',#16237,#3320);
#2828=LINE('',#16241,#3321);
#2829=LINE('',#16245,#3322);
#2830=LINE('',#16248,#3323);
#2831=VECTOR('',#9667,10.);
#2832=VECTOR('',#9668,10.);
#2833=VECTOR('',#9669,10.);
#2834=VECTOR('',#9670,10.);
#2835=VECTOR('',#9675,10.);
#2836=VECTOR('',#9678,10.);
#2837=VECTOR('',#9685,10.);
#2838=VECTOR('',#9686,10.);
#2839=VECTOR('',#9689,10.);
#2840=VECTOR('',#9692,10.);
#2841=VECTOR('',#9697,10.);
#2842=VECTOR('',#9698,10.);
#2843=VECTOR('',#9701,10.);
#2844=VECTOR('',#9704,10.);
#2845=VECTOR('',#9709,10.);
#2846=VECTOR('',#9710,10.);
#2847=VECTOR('',#9711,10.);
#2848=VECTOR('',#9712,10.);
#2849=VECTOR('',#9719,10.);
#2850=VECTOR('',#9720,10.);
#2851=VECTOR('',#9721,10.);
#2852=VECTOR('',#9724,10.);
#2853=VECTOR('',#9727,10.);
#2854=VECTOR('',#9730,10.);
#2855=VECTOR('',#9735,10.);
#2856=VECTOR('',#9736,10.);
#2857=VECTOR('',#9737,10.);
#2858=VECTOR('',#9738,10.);
#2859=VECTOR('',#9741,10.);
#2860=VECTOR('',#9750,10.);
#2861=VECTOR('',#9755,10.);
#2862=VECTOR('',#9762,10.);
#2863=VECTOR('',#9763,10.);
#2864=VECTOR('',#9764,10.);
#2865=VECTOR('',#9765,10.);
#2866=VECTOR('',#9768,10.);
#2867=VECTOR('',#9773,10.);
#2868=VECTOR('',#9774,10.);
#2869=VECTOR('',#9777,10.);
#2870=VECTOR('',#9782,10.);
#2871=VECTOR('',#9787,10.);
#2872=VECTOR('',#9792,10.);
#2873=VECTOR('',#9795,10.);
#2874=VECTOR('',#9800,10.);
#2875=VECTOR('',#9807,10.);
#2876=VECTOR('',#9812,10.);
#2877=VECTOR('',#9819,10.);
#2878=VECTOR('',#9828,10.);
#2879=VECTOR('',#9833,10.);
#2880=VECTOR('',#9840,8.);
#2881=VECTOR('',#9843,8.);
#2882=VECTOR('',#9848,7.99999999999999);
#2883=VECTOR('',#9857,8.);
#2884=VECTOR('',#9864,2.125);
#2885=VECTOR('',#9871,2.125);
#2886=VECTOR('',#9878,10.);
#2887=VECTOR('',#9881,10.);
#2888=VECTOR('',#9884,10.);
#2889=VECTOR('',#9891,10.);
#2890=VECTOR('',#9894,10.);
#2891=VECTOR('',#9913,10.);
#2892=VECTOR('',#9916,10.);
#2893=VECTOR('',#9931,10.);
#2894=VECTOR('',#9932,10.);
#2895=VECTOR('',#9937,10.);
#2896=VECTOR('',#9940,10.);
#2897=VECTOR('',#9959,10.);
#2898=VECTOR('',#9962,10.);
#2899=VECTOR('',#9969,10.);
#2900=VECTOR('',#9970,10.);
#2901=VECTOR('',#9981,10.);
#2902=VECTOR('',#9982,10.);
#2903=VECTOR('',#9987,10.);
#2904=VECTOR('',#9990,10.);
#2905=VECTOR('',#10009,10.);
#2906=VECTOR('',#10012,10.);
#2907=VECTOR('',#10019,10.);
#2908=VECTOR('',#10020,10.);
#2909=VECTOR('',#10031,10.);
#2910=VECTOR('',#10032,10.);
#2911=VECTOR('',#10037,10.);
#2912=VECTOR('',#10040,10.);
#2913=VECTOR('',#10059,10.);
#2914=VECTOR('',#10062,10.);
#2915=VECTOR('',#10069,10.);
#2916=VECTOR('',#10070,10.);
#2917=VECTOR('',#10083,10.);
#2918=VECTOR('',#10086,10.);
#2919=VECTOR('',#10101,10.);
#2920=VECTOR('',#10116,10.);
#2921=VECTOR('',#10131,10.);
#2922=VECTOR('',#10138,10.);
#2923=VECTOR('',#10153,10.);
#2924=VECTOR('',#10174,10.);
#2925=VECTOR('',#10177,10.);
#2926=VECTOR('',#10188,10.);
#2927=VECTOR('',#10205,10.);
#2928=VECTOR('',#10212,10.);
#2929=VECTOR('',#10223,10.);
#2930=VECTOR('',#10230,10.);
#2931=VECTOR('',#10237,10.);
#2932=VECTOR('',#10240,10.);
#2933=VECTOR('',#10243,10.);
#2934=VECTOR('',#10248,10.);
#2935=VECTOR('',#10249,10.);
#2936=VECTOR('',#10252,10.);
#2937=VECTOR('',#10257,10.);
#2938=VECTOR('',#10260,10.);
#2939=VECTOR('',#10263,10.);
#2940=VECTOR('',#10268,10.);
#2941=VECTOR('',#10273,10.);
#2942=VECTOR('',#10274,10.);
#2943=VECTOR('',#10277,10.);
#2944=VECTOR('',#10282,10.);
#2945=VECTOR('',#10287,10.);
#2946=VECTOR('',#10288,10.);
#2947=VECTOR('',#10295,10.);
#2948=VECTOR('',#10300,10.);
#2949=VECTOR('',#10305,10.);
#2950=VECTOR('',#10310,10.);
#2951=VECTOR('',#10313,10.);
#2952=VECTOR('',#10314,10.);
#2953=VECTOR('',#10315,10.);
#2954=VECTOR('',#10316,10.);
#2955=VECTOR('',#10321,10.);
#2956=VECTOR('',#10324,10.);
#2957=VECTOR('',#10331,10.);
#2958=VECTOR('',#10334,10.);
#2959=VECTOR('',#10337,10.);
#2960=VECTOR('',#10340,10.);
#2961=VECTOR('',#10343,10.);
#2962=VECTOR('',#10344,10.);
#2963=VECTOR('',#10347,10.);
#2964=VECTOR('',#10350,10.);
#2965=VECTOR('',#10355,10.);
#2966=VECTOR('',#10356,10.);
#2967=VECTOR('',#10357,10.);
#2968=VECTOR('',#10364,10.);
#2969=VECTOR('',#10371,10.);
#2970=VECTOR('',#10372,10.);
#2971=VECTOR('',#10373,10.);
#2972=VECTOR('',#10378,10.);
#2973=VECTOR('',#10381,10.);
#2974=VECTOR('',#10384,10.);
#2975=VECTOR('',#10393,10.);
#2976=VECTOR('',#10394,10.);
#2977=VECTOR('',#10395,10.);
#2978=VECTOR('',#10396,10.);
#2979=VECTOR('',#10399,10.);
#2980=VECTOR('',#10408,10.);
#2981=VECTOR('',#10413,10.);
#2982=VECTOR('',#10420,10.);
#2983=VECTOR('',#10421,10.);
#2984=VECTOR('',#10422,10.);
#2985=VECTOR('',#10423,10.);
#2986=VECTOR('',#10426,10.);
#2987=VECTOR('',#10431,10.);
#2988=VECTOR('',#10432,10.);
#2989=VECTOR('',#10437,10.);
#2990=VECTOR('',#10442,10.);
#2991=VECTOR('',#10447,10.);
#2992=VECTOR('',#10450,10.);
#2993=VECTOR('',#10451,10.);
#2994=VECTOR('',#10458,10.);
#2995=VECTOR('',#10465,10.);
#2996=VECTOR('',#10470,10.);
#2997=VECTOR('',#10483,10.);
#2998=VECTOR('',#10490,10.);
#2999=VECTOR('',#10497,10.);
#3000=VECTOR('',#10502,8.);
#3001=VECTOR('',#10509,8.);
#3002=VECTOR('',#10514,7.99999999999999);
#3003=VECTOR('',#10523,8.);
#3004=VECTOR('',#10528,2.125);
#3005=VECTOR('',#10535,2.125);
#3006=VECTOR('',#10540,10.);
#3007=VECTOR('',#10545,10.);
#3008=VECTOR('',#10550,10.);
#3009=VECTOR('',#10555,10.);
#3010=VECTOR('',#10558,10.);
#3011=VECTOR('',#10577,10.);
#3012=VECTOR('',#10580,10.);
#3013=VECTOR('',#10587,10.);
#3014=VECTOR('',#10588,10.);
#3015=VECTOR('',#10599,10.);
#3016=VECTOR('',#10600,10.);
#3017=VECTOR('',#10605,10.);
#3018=VECTOR('',#10608,10.);
#3019=VECTOR('',#10627,10.);
#3020=VECTOR('',#10630,10.);
#3021=VECTOR('',#10637,10.);
#3022=VECTOR('',#10638,10.);
#3023=VECTOR('',#10649,10.);
#3024=VECTOR('',#10650,10.);
#3025=VECTOR('',#10655,10.);
#3026=VECTOR('',#10658,10.);
#3027=VECTOR('',#10677,10.);
#3028=VECTOR('',#10680,10.);
#3029=VECTOR('',#10687,10.);
#3030=VECTOR('',#10688,10.);
#3031=VECTOR('',#10699,10.);
#3032=VECTOR('',#10700,10.);
#3033=VECTOR('',#10705,10.);
#3034=VECTOR('',#10708,10.);
#3035=VECTOR('',#10727,10.);
#3036=VECTOR('',#10730,10.);
#3037=VECTOR('',#10737,10.);
#3038=VECTOR('',#10738,10.);
#3039=VECTOR('',#10751,10.);
#3040=VECTOR('',#10754,10.);
#3041=VECTOR('',#10767,10.);
#3042=VECTOR('',#10782,10.);
#3043=VECTOR('',#10797,10.);
#3044=VECTOR('',#10804,10.);
#3045=VECTOR('',#10819,10.);
#3046=VECTOR('',#10844,10.);
#3047=VECTOR('',#10853,10.);
#3048=VECTOR('',#10870,10.);
#3049=VECTOR('',#10879,10.);
#3050=VECTOR('',#10886,10.);
#3051=VECTOR('',#10893,10.);
#3052=VECTOR('',#10900,10.);
#3053=VECTOR('',#10911,10.);
#3054=VECTOR('',#10914,10.);
#3055=VECTOR('',#10919,10.);
#3056=VECTOR('',#10922,10.);
#3057=VECTOR('',#10923,10.);
#3058=VECTOR('',#10928,10.);
#3059=VECTOR('',#10931,10.);
#3060=VECTOR('',#10934,10.);
#3061=VECTOR('',#10939,10.);
#3062=VECTOR('',#10944,10.);
#3063=VECTOR('',#10947,10.);
#3064=VECTOR('',#10948,10.);
#3065=VECTOR('',#10953,10.);
#3066=VECTOR('',#10958,10.);
#3067=VECTOR('',#10961,10.);
#3068=VECTOR('',#10962,10.);
#3069=VECTOR('',#10971,10.);
#3070=VECTOR('',#10976,10.);
#3071=VECTOR('',#10981,10.);
#3072=VECTOR('',#10984,10.);
#3073=VECTOR('',#10987,10.);
#3074=VECTOR('',#10990,10.);
#3075=VECTOR('',#10997,10.);
#3076=VECTOR('',#11004,10.);
#3077=VECTOR('',#11011,10.);
#3078=VECTOR('',#11018,10.);
#3079=VECTOR('',#11025,10.);
#3080=VECTOR('',#11032,10.);
#3081=VECTOR('',#11039,10.);
#3082=VECTOR('',#11046,10.);
#3083=VECTOR('',#11053,10.);
#3084=VECTOR('',#11060,10.);
#3085=VECTOR('',#11067,10.);
#3086=VECTOR('',#11074,10.);
#3087=VECTOR('',#11081,10.);
#3088=VECTOR('',#11088,10.);
#3089=VECTOR('',#11095,10.);
#3090=VECTOR('',#11102,10.);
#3091=VECTOR('',#11127,10.);
#3092=VECTOR('',#11128,10.);
#3093=VECTOR('',#11129,10.);
#3094=VECTOR('',#11130,10.);
#3095=VECTOR('',#11135,10.);
#3096=VECTOR('',#11144,10.);
#3097=VECTOR('',#11151,10.);
#3098=VECTOR('',#11154,10.);
#3099=VECTOR('',#11157,10.);
#3100=VECTOR('',#11160,10.);
#3101=VECTOR('',#11163,10.);
#3102=VECTOR('',#11164,10.);
#3103=VECTOR('',#11167,10.);
#3104=VECTOR('',#11170,10.);
#3105=VECTOR('',#11175,10.);
#3106=VECTOR('',#11176,10.);
#3107=VECTOR('',#11177,10.);
#3108=VECTOR('',#11178,10.);
#3109=VECTOR('',#11185,10.);
#3110=VECTOR('',#11186,10.);
#3111=VECTOR('',#11187,10.);
#3112=VECTOR('',#11192,10.);
#3113=VECTOR('',#11195,10.);
#3114=VECTOR('',#11198,10.);
#3115=VECTOR('',#11201,10.);
#3116=VECTOR('',#11202,10.);
#3117=VECTOR('',#11203,10.);
#3118=VECTOR('',#11204,10.);
#3119=VECTOR('',#11207,10.);
#3120=VECTOR('',#11216,10.);
#3121=VECTOR('',#11221,10.);
#3122=VECTOR('',#11228,10.);
#3123=VECTOR('',#11229,10.);
#3124=VECTOR('',#11230,10.);
#3125=VECTOR('',#11231,10.);
#3126=VECTOR('',#11234,10.);
#3127=VECTOR('',#11239,10.);
#3128=VECTOR('',#11240,10.);
#3129=VECTOR('',#11245,10.);
#3130=VECTOR('',#11250,10.);
#3131=VECTOR('',#11255,10.);
#3132=VECTOR('',#11258,10.);
#3133=VECTOR('',#11259,10.);
#3134=VECTOR('',#11266,10.);
#3135=VECTOR('',#11273,10.);
#3136=VECTOR('',#11278,10.);
#3137=VECTOR('',#11285,10.);
#3138=VECTOR('',#11292,10.);
#3139=VECTOR('',#11299,10.);
#3140=VECTOR('',#11310,8.);
#3141=VECTOR('',#11317,8.);
#3142=VECTOR('',#11322,7.99999999999999);
#3143=VECTOR('',#11331,8.);
#3144=VECTOR('',#11340,2.125);
#3145=VECTOR('',#11347,2.125);
#3146=VECTOR('',#11352,10.);
#3147=VECTOR('',#11357,10.);
#3148=VECTOR('',#11362,10.);
#3149=VECTOR('',#11371,10.);
#3150=VECTOR('',#11372,10.);
#3151=VECTOR('',#11391,10.);
#3152=VECTOR('',#11392,10.);
#3153=VECTOR('',#11407,10.);
#3154=VECTOR('',#11412,10.);
#3155=VECTOR('',#11413,10.);
#3156=VECTOR('',#11432,10.);
#3157=VECTOR('',#11433,10.);
#3158=VECTOR('',#11440,10.);
#3159=VECTOR('',#11451,10.);
#3160=VECTOR('',#11456,10.);
#3161=VECTOR('',#11457,10.);
#3162=VECTOR('',#11476,10.);
#3163=VECTOR('',#11477,10.);
#3164=VECTOR('',#11484,10.);
#3165=VECTOR('',#11495,10.);
#3166=VECTOR('',#11500,10.);
#3167=VECTOR('',#11501,10.);
#3168=VECTOR('',#11520,10.);
#3169=VECTOR('',#11521,10.);
#3170=VECTOR('',#11528,10.);
#3171=VECTOR('',#11539,10.);
#3172=VECTOR('',#11544,10.);
#3173=VECTOR('',#11557,10.);
#3174=VECTOR('',#11568,10.);
#3175=VECTOR('',#11581,10.);
#3176=VECTOR('',#11586,10.);
#3177=VECTOR('',#11599,10.);
#3178=VECTOR('',#11616,10.);
#3179=VECTOR('',#11617,10.);
#3180=VECTOR('',#11626,10.);
#3181=VECTOR('',#11645,10.);
#3182=VECTOR('',#11652,10.);
#3183=VECTOR('',#11659,10.);
#3184=VECTOR('',#11666,10.);
#3185=VECTOR('',#11675,10.);
#3186=VECTOR('',#11678,10.);
#3187=VECTOR('',#11683,10.);
#3188=VECTOR('',#11686,10.);
#3189=VECTOR('',#11687,10.);
#3190=VECTOR('',#11692,10.);
#3191=VECTOR('',#11695,10.);
#3192=VECTOR('',#11698,10.);
#3193=VECTOR('',#11703,10.);
#3194=VECTOR('',#11708,10.);
#3195=VECTOR('',#11711,10.);
#3196=VECTOR('',#11712,10.);
#3197=VECTOR('',#11717,10.);
#3198=VECTOR('',#11722,10.);
#3199=VECTOR('',#11725,10.);
#3200=VECTOR('',#11726,10.);
#3201=VECTOR('',#11735,10.);
#3202=VECTOR('',#11740,10.);
#3203=VECTOR('',#11745,10.);
#3204=VECTOR('',#11748,10.);
#3205=VECTOR('',#11751,10.);
#3206=VECTOR('',#11752,10.);
#3207=VECTOR('',#11753,10.);
#3208=VECTOR('',#11754,10.);
#3209=VECTOR('',#11759,10.);
#3210=VECTOR('',#11768,10.);
#3211=VECTOR('',#11775,10.);
#3212=VECTOR('',#11776,10.);
#3213=VECTOR('',#11779,10.);
#3214=VECTOR('',#11782,10.);
#3215=VECTOR('',#11787,10.);
#3216=VECTOR('',#11788,10.);
#3217=VECTOR('',#11791,10.);
#3218=VECTOR('',#11794,10.);
#3219=VECTOR('',#11799,10.);
#3220=VECTOR('',#11800,10.);
#3221=VECTOR('',#11801,10.);
#3222=VECTOR('',#11808,10.);
#3223=VECTOR('',#11815,10.);
#3224=VECTOR('',#11816,10.);
#3225=VECTOR('',#11817,10.);
#3226=VECTOR('',#11820,10.);
#3227=VECTOR('',#11823,10.);
#3228=VECTOR('',#11826,10.);
#3229=VECTOR('',#11837,10.);
#3230=VECTOR('',#11838,10.);
#3231=VECTOR('',#11839,10.);
#3232=VECTOR('',#11840,10.);
#3233=VECTOR('',#11843,10.);
#3234=VECTOR('',#11852,10.);
#3235=VECTOR('',#11857,10.);
#3236=VECTOR('',#11864,10.);
#3237=VECTOR('',#11865,10.);
#3238=VECTOR('',#11866,10.);
#3239=VECTOR('',#11867,10.);
#3240=VECTOR('',#11870,10.);
#3241=VECTOR('',#11875,10.);
#3242=VECTOR('',#11876,10.);
#3243=VECTOR('',#11879,10.);
#3244=VECTOR('',#11884,10.);
#3245=VECTOR('',#11889,10.);
#3246=VECTOR('',#11896,29.13);
#3247=VECTOR('',#11903,29.);
#3248=VECTOR('',#11906,29.13);
#3249=VECTOR('',#11909,10.);
#3250=VECTOR('',#11912,10.);
#3251=VECTOR('',#11917,10.);
#3252=VECTOR('',#11924,10.);
#3253=VECTOR('',#11929,10.);
#3254=VECTOR('',#11942,10.);
#3255=VECTOR('',#11951,10.);
#3256=VECTOR('',#11956,10.);
#3257=VECTOR('',#11967,8.);
#3258=VECTOR('',#11972,8.);
#3259=VECTOR('',#11977,7.99999999999999);
#3260=VECTOR('',#11986,8.);
#3261=VECTOR('',#11997,2.125);
#3262=VECTOR('',#12004,2.125);
#3263=VECTOR('',#12021,34.9999999999999);
#3264=VECTOR('',#12036,10.);
#3265=VECTOR('',#12039,10.);
#3266=VECTOR('',#12042,10.);
#3267=VECTOR('',#12053,10.);
#3268=VECTOR('',#12054,10.);
#3269=VECTOR('',#12073,10.);
#3270=VECTOR('',#12074,10.);
#3271=VECTOR('',#12081,10.);
#3272=VECTOR('',#12092,10.);
#3273=VECTOR('',#12097,10.);
#3274=VECTOR('',#12098,10.);
#3275=VECTOR('',#12117,10.);
#3276=VECTOR('',#12118,10.);
#3277=VECTOR('',#12125,10.);
#3278=VECTOR('',#12136,10.);
#3279=VECTOR('',#12141,10.);
#3280=VECTOR('',#12142,10.);
#3281=VECTOR('',#12161,10.);
#3282=VECTOR('',#12162,10.);
#3283=VECTOR('',#12169,10.);
#3284=VECTOR('',#12180,10.);
#3285=VECTOR('',#12185,10.);
#3286=VECTOR('',#12186,10.);
#3287=VECTOR('',#12205,10.);
#3288=VECTOR('',#12206,10.);
#3289=VECTOR('',#12213,10.);
#3290=VECTOR('',#12224,10.);
#3291=VECTOR('',#12229,35.);
#3292=VECTOR('',#12234,10.);
#3293=VECTOR('',#12247,10.);
#3294=VECTOR('',#12258,10.);
#3295=VECTOR('',#12271,10.);
#3296=VECTOR('',#12276,10.);
#3297=VECTOR('',#12289,10.);
#3298=VECTOR('',#12306,10.);
#3299=VECTOR('',#12315,10.);
#3300=VECTOR('',#12332,10.);
#3301=VECTOR('',#12339,10.);
#3302=VECTOR('',#12350,10.);
#3303=VECTOR('',#12357,10.);
#3304=VECTOR('',#12370,10.);
#3305=VECTOR('',#12373,10.);
#3306=VECTOR('',#12376,10.);
#3307=VECTOR('',#12381,10.);
#3308=VECTOR('',#12382,10.);
#3309=VECTOR('',#12385,10.);
#3310=VECTOR('',#12390,10.);
#3311=VECTOR('',#12393,10.);
#3312=VECTOR('',#12396,10.);
#3313=VECTOR('',#12401,10.);
#3314=VECTOR('',#12406,10.);
#3315=VECTOR('',#12407,10.);
#3316=VECTOR('',#12410,10.);
#3317=VECTOR('',#12415,10.);
#3318=VECTOR('',#12420,10.);
#3319=VECTOR('',#12421,10.);
#3320=VECTOR('',#12428,10.);
#3321=VECTOR('',#12433,10.);
#3322=VECTOR('',#12438,10.);
#3323=VECTOR('',#12443,10.);
#3324=VERTEX_POINT('',#12450);
#3325=VERTEX_POINT('',#12451);
#3326=VERTEX_POINT('',#12453);
#3327=VERTEX_POINT('',#12455);
#3328=VERTEX_POINT('',#12459);
#3329=VERTEX_POINT('',#12461);
#3330=VERTEX_POINT('',#12480);
#3331=VERTEX_POINT('',#12491);
#3332=VERTEX_POINT('',#12498);
#3333=VERTEX_POINT('',#12505);
#3334=VERTEX_POINT('',#12507);
#3335=VERTEX_POINT('',#12509);
#3336=VERTEX_POINT('',#12511);
#3337=VERTEX_POINT('',#12513);
#3338=VERTEX_POINT('',#12515);
#3339=VERTEX_POINT('',#12519);
#3340=VERTEX_POINT('',#12523);
#3341=VERTEX_POINT('',#12524);
#3342=VERTEX_POINT('',#12526);
#3343=VERTEX_POINT('',#12528);
#3344=VERTEX_POINT('',#12532);
#3345=VERTEX_POINT('',#12533);
#3346=VERTEX_POINT('',#12553);
#3347=VERTEX_POINT('',#12564);
#3348=VERTEX_POINT('',#12571);
#3349=VERTEX_POINT('',#12578);
#3350=VERTEX_POINT('',#12580);
#3351=VERTEX_POINT('',#12584);
#3352=VERTEX_POINT('',#12586);
#3353=VERTEX_POINT('',#12588);
#3354=VERTEX_POINT('',#12590);
#3355=VERTEX_POINT('',#12592);
#3356=VERTEX_POINT('',#12596);
#3357=VERTEX_POINT('',#12597);
#3358=VERTEX_POINT('',#12599);
#3359=VERTEX_POINT('',#12601);
#3360=VERTEX_POINT('',#12605);
#3361=VERTEX_POINT('',#12606);
#3362=VERTEX_POINT('',#12611);
#3363=VERTEX_POINT('',#12613);
#3364=VERTEX_POINT('',#12617);
#3365=VERTEX_POINT('',#12618);
#3366=VERTEX_POINT('',#12623);
#3367=VERTEX_POINT('',#12624);
#3368=VERTEX_POINT('',#12644);
#3369=VERTEX_POINT('',#12678);
#3370=VERTEX_POINT('',#12697);
#3371=VERTEX_POINT('',#12701);
#3372=VERTEX_POINT('',#12705);
#3373=VERTEX_POINT('',#12709);
#3374=VERTEX_POINT('',#12713);
#3375=VERTEX_POINT('',#12715);
#3376=VERTEX_POINT('',#12719);
#3377=VERTEX_POINT('',#12721);
#3378=VERTEX_POINT('',#12725);
#3379=VERTEX_POINT('',#12727);
#3380=VERTEX_POINT('',#12731);
#3381=VERTEX_POINT('',#12732);
#3382=VERTEX_POINT('',#12737);
#3383=VERTEX_POINT('',#12742);
#3384=VERTEX_POINT('',#12746);
#3385=VERTEX_POINT('',#12748);
#3386=VERTEX_POINT('',#12752);
#3387=VERTEX_POINT('',#12756);
#3388=VERTEX_POINT('',#12760);
#3389=VERTEX_POINT('',#12766);
#3390=VERTEX_POINT('',#12770);
#3391=VERTEX_POINT('',#12772);
#3392=VERTEX_POINT('',#12776);
#3393=VERTEX_POINT('',#12778);
#3394=VERTEX_POINT('',#12782);
#3395=VERTEX_POINT('',#12788);
#3396=VERTEX_POINT('',#12792);
#3397=VERTEX_POINT('',#12793);
#3398=VERTEX_POINT('',#12795);
#3399=VERTEX_POINT('',#12797);
#3400=VERTEX_POINT('',#12801);
#3401=VERTEX_POINT('',#12803);
#3402=VERTEX_POINT('',#12805);
#3403=VERTEX_POINT('',#12811);
#3404=VERTEX_POINT('',#12813);
#3405=VERTEX_POINT('',#12815);
#3406=VERTEX_POINT('',#12840);
#3407=VERTEX_POINT('',#12845);
#3408=VERTEX_POINT('',#12852);
#3409=VERTEX_POINT('',#12878);
#3410=VERTEX_POINT('',#12885);
#3411=VERTEX_POINT('',#12889);
#3412=VERTEX_POINT('',#12890);
#3413=VERTEX_POINT('',#12892);
#3414=VERTEX_POINT('',#12894);
#3415=VERTEX_POINT('',#12898);
#3416=VERTEX_POINT('',#12900);
#3417=VERTEX_POINT('',#12902);
#3418=VERTEX_POINT('',#12908);
#3419=VERTEX_POINT('',#12910);
#3420=VERTEX_POINT('',#12912);
#3421=VERTEX_POINT('',#12918);
#3422=VERTEX_POINT('',#12923);
#3423=VERTEX_POINT('',#12946);
#3424=VERTEX_POINT('',#12953);
#3425=VERTEX_POINT('',#12979);
#3426=VERTEX_POINT('',#12986);
#3427=VERTEX_POINT('',#12990);
#3428=VERTEX_POINT('',#12991);
#3429=VERTEX_POINT('',#12993);
#3430=VERTEX_POINT('',#12995);
#3431=VERTEX_POINT('',#12999);
#3432=VERTEX_POINT('',#13001);
#3433=VERTEX_POINT('',#13003);
#3434=VERTEX_POINT('',#13009);
#3435=VERTEX_POINT('',#13011);
#3436=VERTEX_POINT('',#13013);
#3437=VERTEX_POINT('',#13019);
#3438=VERTEX_POINT('',#13024);
#3439=VERTEX_POINT('',#13047);
#3440=VERTEX_POINT('',#13054);
#3441=VERTEX_POINT('',#13080);
#3442=VERTEX_POINT('',#13087);
#3443=VERTEX_POINT('',#13091);
#3444=VERTEX_POINT('',#13092);
#3445=VERTEX_POINT('',#13094);
#3446=VERTEX_POINT('',#13096);
#3447=VERTEX_POINT('',#13100);
#3448=VERTEX_POINT('',#13102);
#3449=VERTEX_POINT('',#13104);
#3450=VERTEX_POINT('',#13110);
#3451=VERTEX_POINT('',#13112);
#3452=VERTEX_POINT('',#13114);
#3453=VERTEX_POINT('',#13120);
#3454=VERTEX_POINT('',#13125);
#3455=VERTEX_POINT('',#13148);
#3456=VERTEX_POINT('',#13155);
#3457=VERTEX_POINT('',#13181);
#3458=VERTEX_POINT('',#13188);
#3459=VERTEX_POINT('',#13190);
#3460=VERTEX_POINT('',#13192);
#3461=VERTEX_POINT('',#13198);
#3462=VERTEX_POINT('',#13202);
#3463=VERTEX_POINT('',#13210);
#3464=VERTEX_POINT('',#13212);
#3465=VERTEX_POINT('',#13218);
#3466=VERTEX_POINT('',#13222);
#3467=VERTEX_POINT('',#13226);
#3468=VERTEX_POINT('',#13228);
#3469=VERTEX_POINT('',#13234);
#3470=VERTEX_POINT('',#13238);
#3471=VERTEX_POINT('',#13250);
#3472=VERTEX_POINT('',#13252);
#3473=VERTEX_POINT('',#13254);
#3474=VERTEX_POINT('',#13260);
#3475=VERTEX_POINT('',#13262);
#3476=VERTEX_POINT('',#13272);
#3477=VERTEX_POINT('',#13273);
#3478=VERTEX_POINT('',#13275);
#3479=VERTEX_POINT('',#13277);
#3480=VERTEX_POINT('',#13279);
#3481=VERTEX_POINT('',#13281);
#3482=VERTEX_POINT('',#13283);
#3483=VERTEX_POINT('',#13285);
#3484=VERTEX_POINT('',#13289);
#3485=VERTEX_POINT('',#13290);
#3486=VERTEX_POINT('',#13292);
#3487=VERTEX_POINT('',#13294);
#3488=VERTEX_POINT('',#13296);
#3489=VERTEX_POINT('',#13298);
#3490=VERTEX_POINT('',#13300);
#3491=VERTEX_POINT('',#13302);
#3492=VERTEX_POINT('',#13307);
#3493=VERTEX_POINT('',#13309);
#3494=VERTEX_POINT('',#13313);
#3495=VERTEX_POINT('',#13317);
#3496=VERTEX_POINT('',#13321);
#3497=VERTEX_POINT('',#13325);
#3498=VERTEX_POINT('',#13327);
#3499=VERTEX_POINT('',#13331);
#3500=VERTEX_POINT('',#13335);
#3501=VERTEX_POINT('',#13339);
#3502=VERTEX_POINT('',#13343);
#3503=VERTEX_POINT('',#13347);
#3504=VERTEX_POINT('',#13351);
#3505=VERTEX_POINT('',#13357);
#3506=VERTEX_POINT('',#13361);
#3507=VERTEX_POINT('',#13365);
#3508=VERTEX_POINT('',#13371);
#3509=VERTEX_POINT('',#13372);
#3510=VERTEX_POINT('',#13374);
#3511=VERTEX_POINT('',#13376);
#3512=VERTEX_POINT('',#13380);
#3513=VERTEX_POINT('',#13382);
#3514=VERTEX_POINT('',#13401);
#3515=VERTEX_POINT('',#13412);
#3516=VERTEX_POINT('',#13419);
#3517=VERTEX_POINT('',#13426);
#3518=VERTEX_POINT('',#13428);
#3519=VERTEX_POINT('',#13430);
#3520=VERTEX_POINT('',#13432);
#3521=VERTEX_POINT('',#13434);
#3522=VERTEX_POINT('',#13436);
#3523=VERTEX_POINT('',#13440);
#3524=VERTEX_POINT('',#13444);
#3525=VERTEX_POINT('',#13445);
#3526=VERTEX_POINT('',#13447);
#3527=VERTEX_POINT('',#13449);
#3528=VERTEX_POINT('',#13453);
#3529=VERTEX_POINT('',#13454);
#3530=VERTEX_POINT('',#13477);
#3531=VERTEX_POINT('',#13488);
#3532=VERTEX_POINT('',#13495);
#3533=VERTEX_POINT('',#13502);
#3534=VERTEX_POINT('',#13504);
#3535=VERTEX_POINT('',#13508);
#3536=VERTEX_POINT('',#13510);
#3537=VERTEX_POINT('',#13512);
#3538=VERTEX_POINT('',#13514);
#3539=VERTEX_POINT('',#13516);
#3540=VERTEX_POINT('',#13520);
#3541=VERTEX_POINT('',#13524);
#3542=VERTEX_POINT('',#13525);
#3543=VERTEX_POINT('',#13527);
#3544=VERTEX_POINT('',#13529);
#3545=VERTEX_POINT('',#13533);
#3546=VERTEX_POINT('',#13534);
#3547=VERTEX_POINT('',#13539);
#3548=VERTEX_POINT('',#13541);
#3549=VERTEX_POINT('',#13545);
#3550=VERTEX_POINT('',#13546);
#3551=VERTEX_POINT('',#13551);
#3552=VERTEX_POINT('',#13552);
#3553=VERTEX_POINT('',#13572);
#3554=VERTEX_POINT('',#13606);
#3555=VERTEX_POINT('',#13625);
#3556=VERTEX_POINT('',#13629);
#3557=VERTEX_POINT('',#13633);
#3558=VERTEX_POINT('',#13637);
#3559=VERTEX_POINT('',#13641);
#3560=VERTEX_POINT('',#13643);
#3561=VERTEX_POINT('',#13647);
#3562=VERTEX_POINT('',#13649);
#3563=VERTEX_POINT('',#13653);
#3564=VERTEX_POINT('',#13655);
#3565=VERTEX_POINT('',#13659);
#3566=VERTEX_POINT('',#13660);
#3567=VERTEX_POINT('',#13668);
#3568=VERTEX_POINT('',#13673);
#3569=VERTEX_POINT('',#13677);
#3570=VERTEX_POINT('',#13679);
#3571=VERTEX_POINT('',#13686);
#3572=VERTEX_POINT('',#13690);
#3573=VERTEX_POINT('',#13696);
#3574=VERTEX_POINT('',#13700);
#3575=VERTEX_POINT('',#13702);
#3576=VERTEX_POINT('',#13706);
#3577=VERTEX_POINT('',#13708);
#3578=VERTEX_POINT('',#13712);
#3579=VERTEX_POINT('',#13718);
#3580=VERTEX_POINT('',#13722);
#3581=VERTEX_POINT('',#13723);
#3582=VERTEX_POINT('',#13725);
#3583=VERTEX_POINT('',#13727);
#3584=VERTEX_POINT('',#13731);
#3585=VERTEX_POINT('',#13733);
#3586=VERTEX_POINT('',#13735);
#3587=VERTEX_POINT('',#13741);
#3588=VERTEX_POINT('',#13743);
#3589=VERTEX_POINT('',#13745);
#3590=VERTEX_POINT('',#13751);
#3591=VERTEX_POINT('',#13753);
#3592=VERTEX_POINT('',#13779);
#3593=VERTEX_POINT('',#13786);
#3594=VERTEX_POINT('',#13812);
#3595=VERTEX_POINT('',#13819);
#3596=VERTEX_POINT('',#13823);
#3597=VERTEX_POINT('',#13824);
#3598=VERTEX_POINT('',#13826);
#3599=VERTEX_POINT('',#13828);
#3600=VERTEX_POINT('',#13832);
#3601=VERTEX_POINT('',#13834);
#3602=VERTEX_POINT('',#13836);
#3603=VERTEX_POINT('',#13842);
#3604=VERTEX_POINT('',#13844);
#3605=VERTEX_POINT('',#13846);
#3606=VERTEX_POINT('',#13852);
#3607=VERTEX_POINT('',#13854);
#3608=VERTEX_POINT('',#13880);
#3609=VERTEX_POINT('',#13887);
#3610=VERTEX_POINT('',#13913);
#3611=VERTEX_POINT('',#13920);
#3612=VERTEX_POINT('',#13924);
#3613=VERTEX_POINT('',#13925);
#3614=VERTEX_POINT('',#13927);
#3615=VERTEX_POINT('',#13929);
#3616=VERTEX_POINT('',#13933);
#3617=VERTEX_POINT('',#13935);
#3618=VERTEX_POINT('',#13937);
#3619=VERTEX_POINT('',#13943);
#3620=VERTEX_POINT('',#13945);
#3621=VERTEX_POINT('',#13947);
#3622=VERTEX_POINT('',#13953);
#3623=VERTEX_POINT('',#13955);
#3624=VERTEX_POINT('',#13981);
#3625=VERTEX_POINT('',#13988);
#3626=VERTEX_POINT('',#14014);
#3627=VERTEX_POINT('',#14021);
#3628=VERTEX_POINT('',#14025);
#3629=VERTEX_POINT('',#14026);
#3630=VERTEX_POINT('',#14028);
#3631=VERTEX_POINT('',#14030);
#3632=VERTEX_POINT('',#14034);
#3633=VERTEX_POINT('',#14036);
#3634=VERTEX_POINT('',#14038);
#3635=VERTEX_POINT('',#14044);
#3636=VERTEX_POINT('',#14046);
#3637=VERTEX_POINT('',#14048);
#3638=VERTEX_POINT('',#14054);
#3639=VERTEX_POINT('',#14056);
#3640=VERTEX_POINT('',#14082);
#3641=VERTEX_POINT('',#14089);
#3642=VERTEX_POINT('',#14115);
#3643=VERTEX_POINT('',#14122);
#3644=VERTEX_POINT('',#14124);
#3645=VERTEX_POINT('',#14126);
#3646=VERTEX_POINT('',#14132);
#3647=VERTEX_POINT('',#14136);
#3648=VERTEX_POINT('',#14144);
#3649=VERTEX_POINT('',#14146);
#3650=VERTEX_POINT('',#14152);
#3651=VERTEX_POINT('',#14156);
#3652=VERTEX_POINT('',#14160);
#3653=VERTEX_POINT('',#14162);
#3654=VERTEX_POINT('',#14168);
#3655=VERTEX_POINT('',#14172);
#3656=VERTEX_POINT('',#14184);
#3657=VERTEX_POINT('',#14186);
#3658=VERTEX_POINT('',#14192);
#3659=VERTEX_POINT('',#14194);
#3660=VERTEX_POINT('',#14206);
#3661=VERTEX_POINT('',#14207);
#3662=VERTEX_POINT('',#14209);
#3663=VERTEX_POINT('',#14211);
#3664=VERTEX_POINT('',#14213);
#3665=VERTEX_POINT('',#14215);
#3666=VERTEX_POINT('',#14217);
#3667=VERTEX_POINT('',#14219);
#3668=VERTEX_POINT('',#14223);
#3669=VERTEX_POINT('',#14224);
#3670=VERTEX_POINT('',#14226);
#3671=VERTEX_POINT('',#14228);
#3672=VERTEX_POINT('',#14230);
#3673=VERTEX_POINT('',#14232);
#3674=VERTEX_POINT('',#14234);
#3675=VERTEX_POINT('',#14236);
#3676=VERTEX_POINT('',#14243);
#3677=VERTEX_POINT('',#14245);
#3678=VERTEX_POINT('',#14249);
#3679=VERTEX_POINT('',#14253);
#3680=VERTEX_POINT('',#14257);
#3681=VERTEX_POINT('',#14261);
#3682=VERTEX_POINT('',#14263);
#3683=VERTEX_POINT('',#14267);
#3684=VERTEX_POINT('',#14271);
#3685=VERTEX_POINT('',#14275);
#3686=VERTEX_POINT('',#14279);
#3687=VERTEX_POINT('',#14283);
#3688=VERTEX_POINT('',#14287);
#3689=VERTEX_POINT('',#14293);
#3690=VERTEX_POINT('',#14297);
#3691=VERTEX_POINT('',#14301);
#3692=VERTEX_POINT('',#14311);
#3693=VERTEX_POINT('',#14313);
#3694=VERTEX_POINT('',#14315);
#3695=VERTEX_POINT('',#14317);
#3696=VERTEX_POINT('',#14319);
#3697=VERTEX_POINT('',#14321);
#3698=VERTEX_POINT('',#14323);
#3699=VERTEX_POINT('',#14325);
#3700=VERTEX_POINT('',#14327);
#3701=VERTEX_POINT('',#14329);
#3702=VERTEX_POINT('',#14331);
#3703=VERTEX_POINT('',#14333);
#3704=VERTEX_POINT('',#14335);
#3705=VERTEX_POINT('',#14337);
#3706=VERTEX_POINT('',#14339);
#3707=VERTEX_POINT('',#14341);
#3708=VERTEX_POINT('',#14343);
#3709=VERTEX_POINT('',#14345);
#3710=VERTEX_POINT('',#14347);
#3711=VERTEX_POINT('',#14349);
#3712=VERTEX_POINT('',#14351);
#3713=VERTEX_POINT('',#14353);
#3714=VERTEX_POINT('',#14355);
#3715=VERTEX_POINT('',#14357);
#3716=VERTEX_POINT('',#14359);
#3717=VERTEX_POINT('',#14361);
#3718=VERTEX_POINT('',#14363);
#3719=VERTEX_POINT('',#14365);
#3720=VERTEX_POINT('',#14367);
#3721=VERTEX_POINT('',#14369);
#3722=VERTEX_POINT('',#14371);
#3723=VERTEX_POINT('',#14373);
#3724=VERTEX_POINT('',#14375);
#3725=VERTEX_POINT('',#14377);
#3726=VERTEX_POINT('',#14379);
#3727=VERTEX_POINT('',#14381);
#3728=VERTEX_POINT('',#14383);
#3729=VERTEX_POINT('',#14385);
#3730=VERTEX_POINT('',#14387);
#3731=VERTEX_POINT('',#14389);
#3732=VERTEX_POINT('',#14391);
#3733=VERTEX_POINT('',#14393);
#3734=VERTEX_POINT('',#14395);
#3735=VERTEX_POINT('',#14397);
#3736=VERTEX_POINT('',#14399);
#3737=VERTEX_POINT('',#14401);
#3738=VERTEX_POINT('',#14403);
#3739=VERTEX_POINT('',#14405);
#3740=VERTEX_POINT('',#14407);
#3741=VERTEX_POINT('',#14409);
#3742=VERTEX_POINT('',#14411);
#3743=VERTEX_POINT('',#14413);
#3744=VERTEX_POINT('',#14415);
#3745=VERTEX_POINT('',#14417);
#3746=VERTEX_POINT('',#14419);
#3747=VERTEX_POINT('',#14421);
#3748=VERTEX_POINT('',#14423);
#3749=VERTEX_POINT('',#14425);
#3750=VERTEX_POINT('',#14427);
#3751=VERTEX_POINT('',#14429);
#3752=VERTEX_POINT('',#14431);
#3753=VERTEX_POINT('',#14433);
#3754=VERTEX_POINT('',#14435);
#3755=VERTEX_POINT('',#14437);
#3756=VERTEX_POINT('',#14443);
#3757=VERTEX_POINT('',#14449);
#3758=VERTEX_POINT('',#14452);
#3759=VERTEX_POINT('',#14453);
#3760=VERTEX_POINT('',#14455);
#3761=VERTEX_POINT('',#14457);
#3762=VERTEX_POINT('',#14461);
#3763=VERTEX_POINT('',#14463);
#3764=VERTEX_POINT('',#14485);
#3765=VERTEX_POINT('',#14496);
#3766=VERTEX_POINT('',#14503);
#3767=VERTEX_POINT('',#14510);
#3768=VERTEX_POINT('',#14512);
#3769=VERTEX_POINT('',#14514);
#3770=VERTEX_POINT('',#14516);
#3771=VERTEX_POINT('',#14518);
#3772=VERTEX_POINT('',#14520);
#3773=VERTEX_POINT('',#14524);
#3774=VERTEX_POINT('',#14528);
#3775=VERTEX_POINT('',#14529);
#3776=VERTEX_POINT('',#14531);
#3777=VERTEX_POINT('',#14533);
#3778=VERTEX_POINT('',#14537);
#3779=VERTEX_POINT('',#14538);
#3780=VERTEX_POINT('',#14558);
#3781=VERTEX_POINT('',#14569);
#3782=VERTEX_POINT('',#14576);
#3783=VERTEX_POINT('',#14583);
#3784=VERTEX_POINT('',#14585);
#3785=VERTEX_POINT('',#14589);
#3786=VERTEX_POINT('',#14591);
#3787=VERTEX_POINT('',#14593);
#3788=VERTEX_POINT('',#14595);
#3789=VERTEX_POINT('',#14597);
#3790=VERTEX_POINT('',#14601);
#3791=VERTEX_POINT('',#14602);
#3792=VERTEX_POINT('',#14604);
#3793=VERTEX_POINT('',#14606);
#3794=VERTEX_POINT('',#14610);
#3795=VERTEX_POINT('',#14611);
#3796=VERTEX_POINT('',#14616);
#3797=VERTEX_POINT('',#14618);
#3798=VERTEX_POINT('',#14622);
#3799=VERTEX_POINT('',#14623);
#3800=VERTEX_POINT('',#14628);
#3801=VERTEX_POINT('',#14629);
#3802=VERTEX_POINT('',#14649);
#3803=VERTEX_POINT('',#14683);
#3804=VERTEX_POINT('',#14702);
#3805=VERTEX_POINT('',#14706);
#3806=VERTEX_POINT('',#14710);
#3807=VERTEX_POINT('',#14714);
#3808=VERTEX_POINT('',#14718);
#3809=VERTEX_POINT('',#14720);
#3810=VERTEX_POINT('',#14724);
#3811=VERTEX_POINT('',#14726);
#3812=VERTEX_POINT('',#14730);
#3813=VERTEX_POINT('',#14732);
#3814=VERTEX_POINT('',#14736);
#3815=VERTEX_POINT('',#14737);
#3816=VERTEX_POINT('',#14742);
#3817=VERTEX_POINT('',#14747);
#3818=VERTEX_POINT('',#14751);
#3819=VERTEX_POINT('',#14753);
#3820=VERTEX_POINT('',#14760);
#3821=VERTEX_POINT('',#14764);
#3822=VERTEX_POINT('',#14768);
#3823=VERTEX_POINT('',#14774);
#3824=VERTEX_POINT('',#14780);
#3825=VERTEX_POINT('',#14782);
#3826=VERTEX_POINT('',#14786);
#3827=VERTEX_POINT('',#14788);
#3828=VERTEX_POINT('',#14792);
#3829=VERTEX_POINT('',#14798);
#3830=VERTEX_POINT('',#14804);
#3831=VERTEX_POINT('',#14805);
#3832=VERTEX_POINT('',#14810);
#3833=VERTEX_POINT('',#14812);
#3834=VERTEX_POINT('',#14814);
#3835=VERTEX_POINT('',#14820);
#3836=VERTEX_POINT('',#14846);
#3837=VERTEX_POINT('',#14851);
#3838=VERTEX_POINT('',#14858);
#3839=VERTEX_POINT('',#14884);
#3840=VERTEX_POINT('',#14893);
#3841=VERTEX_POINT('',#14894);
#3842=VERTEX_POINT('',#14899);
#3843=VERTEX_POINT('',#14901);
#3844=VERTEX_POINT('',#14903);
#3845=VERTEX_POINT('',#14909);
#3846=VERTEX_POINT('',#14916);
#3847=VERTEX_POINT('',#14942);
#3848=VERTEX_POINT('',#14949);
#3849=VERTEX_POINT('',#14975);
#3850=VERTEX_POINT('',#14984);
#3851=VERTEX_POINT('',#14985);
#3852=VERTEX_POINT('',#14990);
#3853=VERTEX_POINT('',#14992);
#3854=VERTEX_POINT('',#14994);
#3855=VERTEX_POINT('',#15000);
#3856=VERTEX_POINT('',#15007);
#3857=VERTEX_POINT('',#15033);
#3858=VERTEX_POINT('',#15040);
#3859=VERTEX_POINT('',#15066);
#3860=VERTEX_POINT('',#15075);
#3861=VERTEX_POINT('',#15076);
#3862=VERTEX_POINT('',#15081);
#3863=VERTEX_POINT('',#15083);
#3864=VERTEX_POINT('',#15085);
#3865=VERTEX_POINT('',#15091);
#3866=VERTEX_POINT('',#15098);
#3867=VERTEX_POINT('',#15124);
#3868=VERTEX_POINT('',#15131);
#3869=VERTEX_POINT('',#15157);
#3870=VERTEX_POINT('',#15166);
#3871=VERTEX_POINT('',#15172);
#3872=VERTEX_POINT('',#15181);
#3873=VERTEX_POINT('',#15187);
#3874=VERTEX_POINT('',#15193);
#3875=VERTEX_POINT('',#15199);
#3876=VERTEX_POINT('',#15211);
#3877=VERTEX_POINT('',#15218);
#3878=VERTEX_POINT('',#15227);
#3879=VERTEX_POINT('',#15228);
#3880=VERTEX_POINT('',#15230);
#3881=VERTEX_POINT('',#15232);
#3882=VERTEX_POINT('',#15234);
#3883=VERTEX_POINT('',#15236);
#3884=VERTEX_POINT('',#15238);
#3885=VERTEX_POINT('',#15240);
#3886=VERTEX_POINT('',#15244);
#3887=VERTEX_POINT('',#15245);
#3888=VERTEX_POINT('',#15247);
#3889=VERTEX_POINT('',#15249);
#3890=VERTEX_POINT('',#15251);
#3891=VERTEX_POINT('',#15253);
#3892=VERTEX_POINT('',#15255);
#3893=VERTEX_POINT('',#15257);
#3894=VERTEX_POINT('',#15263);
#3895=VERTEX_POINT('',#15265);
#3896=VERTEX_POINT('',#15269);
#3897=VERTEX_POINT('',#15273);
#3898=VERTEX_POINT('',#15277);
#3899=VERTEX_POINT('',#15281);
#3900=VERTEX_POINT('',#15283);
#3901=VERTEX_POINT('',#15287);
#3902=VERTEX_POINT('',#15291);
#3903=VERTEX_POINT('',#15295);
#3904=VERTEX_POINT('',#15299);
#3905=VERTEX_POINT('',#15303);
#3906=VERTEX_POINT('',#15307);
#3907=VERTEX_POINT('',#15313);
#3908=VERTEX_POINT('',#15317);
#3909=VERTEX_POINT('',#15321);
#3910=VERTEX_POINT('',#15327);
#3911=VERTEX_POINT('',#15328);
#3912=VERTEX_POINT('',#15330);
#3913=VERTEX_POINT('',#15332);
#3914=VERTEX_POINT('',#15336);
#3915=VERTEX_POINT('',#15338);
#3916=VERTEX_POINT('',#15360);
#3917=VERTEX_POINT('',#15371);
#3918=VERTEX_POINT('',#15378);
#3919=VERTEX_POINT('',#15385);
#3920=VERTEX_POINT('',#15387);
#3921=VERTEX_POINT('',#15389);
#3922=VERTEX_POINT('',#15391);
#3923=VERTEX_POINT('',#15393);
#3924=VERTEX_POINT('',#15395);
#3925=VERTEX_POINT('',#15399);
#3926=VERTEX_POINT('',#15403);
#3927=VERTEX_POINT('',#15404);
#3928=VERTEX_POINT('',#15406);
#3929=VERTEX_POINT('',#15408);
#3930=VERTEX_POINT('',#15412);
#3931=VERTEX_POINT('',#15413);
#3932=VERTEX_POINT('',#15436);
#3933=VERTEX_POINT('',#15447);
#3934=VERTEX_POINT('',#15454);
#3935=VERTEX_POINT('',#15461);
#3936=VERTEX_POINT('',#15463);
#3937=VERTEX_POINT('',#15467);
#3938=VERTEX_POINT('',#15469);
#3939=VERTEX_POINT('',#15471);
#3940=VERTEX_POINT('',#15473);
#3941=VERTEX_POINT('',#15475);
#3942=VERTEX_POINT('',#15479);
#3943=VERTEX_POINT('',#15483);
#3944=VERTEX_POINT('',#15484);
#3945=VERTEX_POINT('',#15486);
#3946=VERTEX_POINT('',#15488);
#3947=VERTEX_POINT('',#15492);
#3948=VERTEX_POINT('',#15493);
#3949=VERTEX_POINT('',#15498);
#3950=VERTEX_POINT('',#15500);
#3951=VERTEX_POINT('',#15504);
#3952=VERTEX_POINT('',#15505);
#3953=VERTEX_POINT('',#15510);
#3954=VERTEX_POINT('',#15511);
#3955=VERTEX_POINT('',#15531);
#3956=VERTEX_POINT('',#15565);
#3957=VERTEX_POINT('',#15584);
#3958=VERTEX_POINT('',#15588);
#3959=VERTEX_POINT('',#15592);
#3960=VERTEX_POINT('',#15596);
#3961=VERTEX_POINT('',#15600);
#3962=VERTEX_POINT('',#15602);
#3963=VERTEX_POINT('',#15606);
#3964=VERTEX_POINT('',#15612);
#3965=VERTEX_POINT('',#15614);
#3966=VERTEX_POINT('',#15618);
#3967=VERTEX_POINT('',#15620);
#3968=VERTEX_POINT('',#15624);
#3969=VERTEX_POINT('',#15626);
#3970=VERTEX_POINT('',#15630);
#3971=VERTEX_POINT('',#15631);
#3972=VERTEX_POINT('',#15639);
#3973=VERTEX_POINT('',#15644);
#3974=VERTEX_POINT('',#15648);
#3975=VERTEX_POINT('',#15650);
#3976=VERTEX_POINT('',#15660);
#3977=VERTEX_POINT('',#15664);
#3978=VERTEX_POINT('',#15670);
#3979=VERTEX_POINT('',#15676);
#3980=VERTEX_POINT('',#15678);
#3981=VERTEX_POINT('',#15682);
#3982=VERTEX_POINT('',#15684);
#3983=VERTEX_POINT('',#15688);
#3984=VERTEX_POINT('',#15689);
#3985=VERTEX_POINT('',#15692);
#3986=VERTEX_POINT('',#15696);
#3987=VERTEX_POINT('',#15697);
#3988=VERTEX_POINT('',#15702);
#3989=VERTEX_POINT('',#15707);
#3990=VERTEX_POINT('',#15713);
#3991=VERTEX_POINT('',#15719);
#3992=VERTEX_POINT('',#15720);
#3993=VERTEX_POINT('',#15725);
#3994=VERTEX_POINT('',#15727);
#3995=VERTEX_POINT('',#15729);
#3996=VERTEX_POINT('',#15735);
#3997=VERTEX_POINT('',#15742);
#3998=VERTEX_POINT('',#15768);
#3999=VERTEX_POINT('',#15775);
#4000=VERTEX_POINT('',#15801);
#4001=VERTEX_POINT('',#15810);
#4002=VERTEX_POINT('',#15811);
#4003=VERTEX_POINT('',#15816);
#4004=VERTEX_POINT('',#15818);
#4005=VERTEX_POINT('',#15820);
#4006=VERTEX_POINT('',#15826);
#4007=VERTEX_POINT('',#15833);
#4008=VERTEX_POINT('',#15859);
#4009=VERTEX_POINT('',#15866);
#4010=VERTEX_POINT('',#15892);
#4011=VERTEX_POINT('',#15901);
#4012=VERTEX_POINT('',#15902);
#4013=VERTEX_POINT('',#15907);
#4014=VERTEX_POINT('',#15909);
#4015=VERTEX_POINT('',#15911);
#4016=VERTEX_POINT('',#15917);
#4017=VERTEX_POINT('',#15924);
#4018=VERTEX_POINT('',#15950);
#4019=VERTEX_POINT('',#15957);
#4020=VERTEX_POINT('',#15983);
#4021=VERTEX_POINT('',#15992);
#4022=VERTEX_POINT('',#15993);
#4023=VERTEX_POINT('',#15998);
#4024=VERTEX_POINT('',#16000);
#4025=VERTEX_POINT('',#16002);
#4026=VERTEX_POINT('',#16008);
#4027=VERTEX_POINT('',#16015);
#4028=VERTEX_POINT('',#16041);
#4029=VERTEX_POINT('',#16048);
#4030=VERTEX_POINT('',#16074);
#4031=VERTEX_POINT('',#16083);
#4032=VERTEX_POINT('',#16087);
#4033=VERTEX_POINT('',#16093);
#4034=VERTEX_POINT('',#16102);
#4035=VERTEX_POINT('',#16108);
#4036=VERTEX_POINT('',#16114);
#4037=VERTEX_POINT('',#16120);
#4038=VERTEX_POINT('',#16132);
#4039=VERTEX_POINT('',#16138);
#4040=VERTEX_POINT('',#16148);
#4041=VERTEX_POINT('',#16149);
#4042=VERTEX_POINT('',#16151);
#4043=VERTEX_POINT('',#16153);
#4044=VERTEX_POINT('',#16155);
#4045=VERTEX_POINT('',#16157);
#4046=VERTEX_POINT('',#16159);
#4047=VERTEX_POINT('',#16161);
#4048=VERTEX_POINT('',#16165);
#4049=VERTEX_POINT('',#16166);
#4050=VERTEX_POINT('',#16168);
#4051=VERTEX_POINT('',#16170);
#4052=VERTEX_POINT('',#16172);
#4053=VERTEX_POINT('',#16174);
#4054=VERTEX_POINT('',#16176);
#4055=VERTEX_POINT('',#16178);
#4056=VERTEX_POINT('',#16186);
#4057=VERTEX_POINT('',#16188);
#4058=VERTEX_POINT('',#16192);
#4059=VERTEX_POINT('',#16196);
#4060=VERTEX_POINT('',#16200);
#4061=VERTEX_POINT('',#16204);
#4062=VERTEX_POINT('',#16206);
#4063=VERTEX_POINT('',#16210);
#4064=VERTEX_POINT('',#16214);
#4065=VERTEX_POINT('',#16218);
#4066=VERTEX_POINT('',#16222);
#4067=VERTEX_POINT('',#16226);
#4068=VERTEX_POINT('',#16230);
#4069=VERTEX_POINT('',#16236);
#4070=VERTEX_POINT('',#16240);
#4071=VERTEX_POINT('',#16244);
#4072=EDGE_CURVE('',#3324,#3325,#2338,.T.);
#4073=EDGE_CURVE('',#3325,#3326,#2339,.T.);
#4074=EDGE_CURVE('',#3326,#3327,#2340,.T.);
#4075=EDGE_CURVE('',#3327,#3324,#2341,.T.);
#4076=EDGE_CURVE('',#3326,#3328,#495,.T.);
#4077=EDGE_CURVE('',#3328,#3329,#2342,.T.);
#4078=EDGE_CURVE('',#3329,#3327,#496,.T.);
#4079=EDGE_CURVE('',#3330,#3325,#335,.T.);
#4080=EDGE_CURVE('',#3324,#3331,#336,.T.);
#4081=EDGE_CURVE('',#3331,#3330,#2343,.T.);
#4082=EDGE_CURVE('',#3332,#3330,#337,.F.);
#4083=EDGE_CURVE('',#3331,#3332,#497,.T.);
#4084=EDGE_CURVE('',#3332,#3333,#2344,.T.);
#4085=EDGE_CURVE('',#3334,#3331,#2345,.T.);
#4086=EDGE_CURVE('',#3335,#3334,#498,.T.);
#4087=EDGE_CURVE('',#3335,#3336,#2346,.T.);
#4088=EDGE_CURVE('',#3337,#3336,#499,.T.);
#4089=EDGE_CURVE('',#3338,#3337,#2347,.T.);
#4090=EDGE_CURVE('',#3333,#3338,#500,.T.);
#4091=EDGE_CURVE('',#3339,#3327,#2348,.T.);
#4092=EDGE_CURVE('',#3334,#3339,#2349,.T.);
#4093=EDGE_CURVE('',#3340,#3341,#2350,.T.);
#4094=EDGE_CURVE('',#3341,#3342,#501,.T.);
#4095=EDGE_CURVE('',#3342,#3343,#2351,.T.);
#4096=EDGE_CURVE('',#3343,#3340,#502,.T.);
#4097=EDGE_CURVE('',#3344,#3345,#2352,.T.);
#4098=EDGE_CURVE('',#3345,#3343,#2353,.T.);
#4099=EDGE_CURVE('',#3342,#3344,#2354,.T.);
#4100=EDGE_CURVE('',#3346,#3344,#338,.F.);
#4101=EDGE_CURVE('',#3346,#3347,#2355,.T.);
#4102=EDGE_CURVE('',#3347,#3345,#339,.T.);
#4103=EDGE_CURVE('',#3348,#3346,#340,.T.);
#4104=EDGE_CURVE('',#3348,#3347,#503,.T.);
#4105=EDGE_CURVE('',#3349,#3347,#2356,.T.);
#4106=EDGE_CURVE('',#3349,#3350,#2357,.T.);
#4107=EDGE_CURVE('',#3343,#3350,#2358,.T.);
#4108=EDGE_CURVE('',#3351,#3348,#2359,.T.);
#4109=EDGE_CURVE('',#3352,#3351,#504,.T.);
#4110=EDGE_CURVE('',#3353,#3352,#2360,.T.);
#4111=EDGE_CURVE('',#3354,#3353,#505,.T.);
#4112=EDGE_CURVE('',#3355,#3354,#2361,.T.);
#4113=EDGE_CURVE('',#3349,#3355,#506,.T.);
#4114=EDGE_CURVE('',#3356,#3357,#2362,.T.);
#4115=EDGE_CURVE('',#3357,#3358,#2363,.T.);
#4116=EDGE_CURVE('',#3358,#3359,#2364,.T.);
#4117=EDGE_CURVE('',#3359,#3356,#2365,.T.);
#4118=EDGE_CURVE('',#3360,#3361,#2366,.T.);
#4119=EDGE_CURVE('',#3361,#3359,#507,.T.);
#4120=EDGE_CURVE('',#3358,#3360,#508,.T.);
#4121=EDGE_CURVE('',#3360,#3362,#509,.T.);
#4122=EDGE_CURVE('',#3362,#3363,#2367,.T.);
#4123=EDGE_CURVE('',#3363,#3361,#510,.T.);
#4124=EDGE_CURVE('',#3364,#3365,#2368,.T.);
#4125=EDGE_CURVE('',#3365,#3363,#511,.T.);
#4126=EDGE_CURVE('',#3362,#3364,#512,.T.);
#4127=EDGE_CURVE('',#3366,#3367,#2369,.T.);
#4128=EDGE_CURVE('',#3367,#3365,#2370,.T.);
#4129=EDGE_CURVE('',#3364,#3366,#2371,.T.);
#4130=EDGE_CURVE('',#3368,#3356,#341,.F.);
#4131=EDGE_CURVE('',#3368,#3336,#2372,.T.);
#4132=EDGE_CURVE('',#3336,#3357,#342,.T.);
#4133=EDGE_CURVE('',#3337,#3368,#343,.T.);
#4134=EDGE_CURVE('',#3369,#3367,#344,.T.);
#4135=EDGE_CURVE('',#3366,#3354,#345,.T.);
#4136=EDGE_CURVE('',#3354,#3369,#2373,.T.);
#4137=EDGE_CURVE('',#3353,#3369,#346,.F.);
#4138=EDGE_CURVE('',#3370,#3364,#2374,.T.);
#4139=EDGE_CURVE('',#3355,#3370,#2375,.T.);
#4140=EDGE_CURVE('',#3362,#3371,#2376,.T.);
#4141=EDGE_CURVE('',#3371,#3370,#513,.T.);
#4142=EDGE_CURVE('',#3372,#3360,#2377,.T.);
#4143=EDGE_CURVE('',#3371,#3372,#514,.T.);
#4144=EDGE_CURVE('',#3358,#3373,#2378,.T.);
#4145=EDGE_CURVE('',#3373,#3372,#515,.T.);
#4146=EDGE_CURVE('',#3351,#3374,#2379,.T.);
#4147=EDGE_CURVE('',#3374,#3375,#516,.T.);
#4148=EDGE_CURVE('',#3375,#3352,#2380,.T.);
#4149=EDGE_CURVE('',#3375,#3376,#517,.T.);
#4150=EDGE_CURVE('',#3376,#3377,#2381,.T.);
#4151=EDGE_CURVE('',#3377,#3352,#518,.T.);
#4152=EDGE_CURVE('',#3351,#3378,#519,.T.);
#4153=EDGE_CURVE('',#3378,#3379,#2382,.T.);
#4154=EDGE_CURVE('',#3379,#3374,#520,.T.);
#4155=EDGE_CURVE('',#3380,#3381,#2383,.T.);
#4156=EDGE_CURVE('',#3381,#3377,#521,.T.);
#4157=EDGE_CURVE('',#3376,#3380,#522,.T.);
#4158=EDGE_CURVE('',#3382,#3338,#2384,.T.);
#4159=EDGE_CURVE('',#3338,#3381,#523,.T.);
#4160=EDGE_CURVE('',#3380,#3382,#524,.T.);
#4161=EDGE_CURVE('',#3382,#3383,#525,.T.);
#4162=EDGE_CURVE('',#3383,#3333,#2385,.T.);
#4163=EDGE_CURVE('',#3383,#3384,#526,.T.);
#4164=EDGE_CURVE('',#3384,#3385,#2386,.T.);
#4165=EDGE_CURVE('',#3385,#3333,#527,.T.);
#4166=EDGE_CURVE('',#3344,#3386,#528,.T.);
#4167=EDGE_CURVE('',#3386,#3378,#2387,.T.);
#4168=EDGE_CURVE('',#3377,#3387,#2388,.T.);
#4169=EDGE_CURVE('',#3367,#3387,#529,.F.);
#4170=EDGE_CURVE('',#3388,#3381,#2389,.T.);
#4171=EDGE_CURVE('',#3387,#3388,#530,.T.);
#4172=EDGE_CURVE('',#3356,#3388,#531,.T.);
#4173=EDGE_CURVE('',#3385,#3389,#2390,.T.);
#4174=EDGE_CURVE('',#3325,#3389,#532,.F.);
#4175=EDGE_CURVE('',#3390,#3390,#533,.T.);
#4176=EDGE_CURVE('',#3390,#3391,#2391,.T.);
#4177=EDGE_CURVE('',#3391,#3391,#534,.T.);
#4178=EDGE_CURVE('',#3392,#3392,#535,.T.);
#4179=EDGE_CURVE('',#3392,#3393,#2392,.T.);
#4180=EDGE_CURVE('',#3393,#3393,#536,.T.);
#4181=EDGE_CURVE('',#3350,#3394,#537,.T.);
#4182=EDGE_CURVE('',#3394,#3340,#2393,.T.);
#4183=EDGE_CURVE('',#3335,#3373,#2394,.T.);
#4184=EDGE_CURVE('',#3329,#3395,#2395,.T.);
#4185=EDGE_CURVE('',#3395,#3339,#538,.T.);
#4186=EDGE_CURVE('',#3396,#3397,#539,.T.);
#4187=EDGE_CURVE('',#3398,#3397,#2396,.T.);
#4188=EDGE_CURVE('',#3398,#3399,#540,.T.);
#4189=EDGE_CURVE('',#3399,#3396,#2397,.T.);
#4190=EDGE_CURVE('',#3400,#3396,#541,.T.);
#4191=EDGE_CURVE('',#3396,#3401,#542,.T.);
#4192=EDGE_CURVE('',#3401,#3402,#543,.T.);
#4193=EDGE_CURVE('',#3402,#3400,#544,.T.);
#4194=EDGE_CURVE('',#3400,#3397,#545,.T.);
#4195=EDGE_CURVE('',#3403,#3401,#546,.T.);
#4196=EDGE_CURVE('',#3401,#3404,#2398,.T.);
#4197=EDGE_CURVE('',#3404,#3405,#547,.T.);
#4198=EDGE_CURVE('',#3405,#3403,#2399,.T.);
#4199=EDGE_CURVE('',#3403,#3402,#548,.T.);
#4200=EDGE_CURVE('',#3400,#3406,#347,.T.);
#4201=EDGE_CURVE('',#3406,#3407,#549,.T.);
#4202=EDGE_CURVE('',#3407,#3397,#348,.T.);
#4203=EDGE_CURVE('',#3408,#3402,#349,.T.);
#4204=EDGE_CURVE('',#3406,#3408,#550,.T.);
#4205=EDGE_CURVE('',#3403,#3409,#350,.T.);
#4206=EDGE_CURVE('',#3409,#3408,#551,.T.);
#4207=EDGE_CURVE('',#3405,#3410,#2400,.T.);
#4208=EDGE_CURVE('',#3409,#3410,#2401,.T.);
#4209=EDGE_CURVE('',#3411,#3412,#552,.T.);
#4210=EDGE_CURVE('',#3412,#3413,#2402,.T.);
#4211=EDGE_CURVE('',#3413,#3414,#553,.T.);
#4212=EDGE_CURVE('',#3414,#3411,#2403,.T.);
#4213=EDGE_CURVE('',#3415,#3411,#554,.T.);
#4214=EDGE_CURVE('',#3411,#3416,#555,.T.);
#4215=EDGE_CURVE('',#3416,#3417,#556,.T.);
#4216=EDGE_CURVE('',#3417,#3415,#557,.T.);
#4217=EDGE_CURVE('',#3415,#3412,#558,.T.);
#4218=EDGE_CURVE('',#3418,#3416,#559,.T.);
#4219=EDGE_CURVE('',#3416,#3419,#2404,.T.);
#4220=EDGE_CURVE('',#3419,#3420,#560,.T.);
#4221=EDGE_CURVE('',#3420,#3418,#2405,.T.);
#4222=EDGE_CURVE('',#3418,#3417,#561,.T.);
#4223=EDGE_CURVE('',#3421,#3412,#351,.T.);
#4224=EDGE_CURVE('',#3422,#3421,#2406,.T.);
#4225=EDGE_CURVE('',#3422,#3413,#2407,.F.);
#4226=EDGE_CURVE('',#3415,#3423,#352,.T.);
#4227=EDGE_CURVE('',#3423,#3421,#562,.T.);
#4228=EDGE_CURVE('',#3424,#3417,#353,.T.);
#4229=EDGE_CURVE('',#3423,#3424,#563,.T.);
#4230=EDGE_CURVE('',#3418,#3425,#354,.T.);
#4231=EDGE_CURVE('',#3425,#3424,#564,.T.);
#4232=EDGE_CURVE('',#3420,#3426,#2408,.T.);
#4233=EDGE_CURVE('',#3425,#3426,#2409,.T.);
#4234=EDGE_CURVE('',#3427,#3428,#565,.T.);
#4235=EDGE_CURVE('',#3428,#3429,#2410,.T.);
#4236=EDGE_CURVE('',#3429,#3430,#566,.T.);
#4237=EDGE_CURVE('',#3430,#3427,#2411,.T.);
#4238=EDGE_CURVE('',#3431,#3427,#567,.T.);
#4239=EDGE_CURVE('',#3427,#3432,#568,.T.);
#4240=EDGE_CURVE('',#3432,#3433,#569,.T.);
#4241=EDGE_CURVE('',#3433,#3431,#570,.T.);
#4242=EDGE_CURVE('',#3431,#3428,#571,.T.);
#4243=EDGE_CURVE('',#3434,#3432,#572,.T.);
#4244=EDGE_CURVE('',#3432,#3435,#2412,.T.);
#4245=EDGE_CURVE('',#3435,#3436,#573,.T.);
#4246=EDGE_CURVE('',#3436,#3434,#2413,.T.);
#4247=EDGE_CURVE('',#3434,#3433,#574,.T.);
#4248=EDGE_CURVE('',#3437,#3428,#355,.T.);
#4249=EDGE_CURVE('',#3438,#3437,#2414,.T.);
#4250=EDGE_CURVE('',#3438,#3429,#2415,.F.);
#4251=EDGE_CURVE('',#3431,#3439,#356,.T.);
#4252=EDGE_CURVE('',#3439,#3437,#575,.T.);
#4253=EDGE_CURVE('',#3440,#3433,#357,.T.);
#4254=EDGE_CURVE('',#3439,#3440,#576,.T.);
#4255=EDGE_CURVE('',#3434,#3441,#358,.T.);
#4256=EDGE_CURVE('',#3441,#3440,#577,.T.);
#4257=EDGE_CURVE('',#3436,#3442,#2416,.T.);
#4258=EDGE_CURVE('',#3441,#3442,#2417,.T.);
#4259=EDGE_CURVE('',#3443,#3444,#578,.T.);
#4260=EDGE_CURVE('',#3444,#3445,#2418,.T.);
#4261=EDGE_CURVE('',#3445,#3446,#579,.T.);
#4262=EDGE_CURVE('',#3446,#3443,#2419,.T.);
#4263=EDGE_CURVE('',#3447,#3443,#580,.T.);
#4264=EDGE_CURVE('',#3443,#3448,#581,.T.);
#4265=EDGE_CURVE('',#3448,#3449,#582,.T.);
#4266=EDGE_CURVE('',#3449,#3447,#583,.T.);
#4267=EDGE_CURVE('',#3447,#3444,#584,.T.);
#4268=EDGE_CURVE('',#3450,#3448,#585,.T.);
#4269=EDGE_CURVE('',#3448,#3451,#2420,.T.);
#4270=EDGE_CURVE('',#3451,#3452,#586,.T.);
#4271=EDGE_CURVE('',#3452,#3450,#2421,.T.);
#4272=EDGE_CURVE('',#3450,#3449,#587,.T.);
#4273=EDGE_CURVE('',#3453,#3444,#359,.T.);
#4274=EDGE_CURVE('',#3454,#3453,#2422,.T.);
#4275=EDGE_CURVE('',#3454,#3445,#2423,.F.);
#4276=EDGE_CURVE('',#3447,#3455,#360,.T.);
#4277=EDGE_CURVE('',#3455,#3453,#588,.T.);
#4278=EDGE_CURVE('',#3456,#3449,#361,.T.);
#4279=EDGE_CURVE('',#3455,#3456,#589,.T.);
#4280=EDGE_CURVE('',#3450,#3457,#362,.T.);
#4281=EDGE_CURVE('',#3457,#3456,#590,.T.);
#4282=EDGE_CURVE('',#3458,#3457,#591,.T.);
#4283=EDGE_CURVE('',#3459,#3457,#2424,.T.);
#4284=EDGE_CURVE('',#3459,#3460,#592,.F.);
#4285=EDGE_CURVE('',#3460,#3458,#2425,.T.);
#4286=EDGE_CURVE('',#3458,#3456,#593,.T.);
#4287=EDGE_CURVE('',#3458,#3461,#594,.T.);
#4288=EDGE_CURVE('',#3455,#3461,#595,.T.);
#4289=EDGE_CURVE('',#3462,#3460,#596,.T.);
#4290=EDGE_CURVE('',#3461,#3462,#2426,.T.);
#4291=EDGE_CURVE('',#3453,#3461,#597,.T.);
#4292=EDGE_CURVE('',#3462,#3454,#598,.F.);
#4293=EDGE_CURVE('',#3463,#3441,#599,.T.);
#4294=EDGE_CURVE('',#3442,#3464,#600,.F.);
#4295=EDGE_CURVE('',#3464,#3463,#2427,.T.);
#4296=EDGE_CURVE('',#3463,#3440,#601,.T.);
#4297=EDGE_CURVE('',#3463,#3465,#602,.T.);
#4298=EDGE_CURVE('',#3439,#3465,#603,.T.);
#4299=EDGE_CURVE('',#3466,#3464,#604,.T.);
#4300=EDGE_CURVE('',#3465,#3466,#2428,.T.);
#4301=EDGE_CURVE('',#3467,#3425,#605,.T.);
#4302=EDGE_CURVE('',#3426,#3468,#606,.F.);
#4303=EDGE_CURVE('',#3468,#3467,#2429,.T.);
#4304=EDGE_CURVE('',#3467,#3424,#607,.T.);
#4305=EDGE_CURVE('',#3467,#3469,#608,.T.);
#4306=EDGE_CURVE('',#3423,#3469,#609,.T.);
#4307=EDGE_CURVE('',#3470,#3468,#610,.T.);
#4308=EDGE_CURVE('',#3469,#3470,#2430,.T.);
#4309=EDGE_CURVE('',#3437,#3465,#611,.T.);
#4310=EDGE_CURVE('',#3466,#3438,#612,.F.);
#4311=EDGE_CURVE('',#3421,#3469,#613,.T.);
#4312=EDGE_CURVE('',#3470,#3422,#614,.F.);
#4313=EDGE_CURVE('',#3407,#3471,#615,.T.);
#4314=EDGE_CURVE('',#3471,#3472,#2431,.T.);
#4315=EDGE_CURVE('',#3472,#3473,#616,.F.);
#4316=EDGE_CURVE('',#3473,#3407,#2432,.T.);
#4317=EDGE_CURVE('',#3406,#3471,#617,.T.);
#4318=EDGE_CURVE('',#3474,#3409,#618,.T.);
#4319=EDGE_CURVE('',#3410,#3475,#619,.F.);
#4320=EDGE_CURVE('',#3475,#3474,#2433,.T.);
#4321=EDGE_CURVE('',#3474,#3408,#620,.T.);
#4322=EDGE_CURVE('',#3474,#3471,#621,.T.);
#4323=EDGE_CURVE('',#3472,#3475,#622,.T.);
#4324=EDGE_CURVE('',#3476,#3477,#623,.T.);
#4325=EDGE_CURVE('',#3478,#3476,#2434,.T.);
#4326=EDGE_CURVE('',#3479,#3478,#624,.T.);
#4327=EDGE_CURVE('',#3480,#3479,#625,.T.);
#4328=EDGE_CURVE('',#3481,#3480,#626,.T.);
#4329=EDGE_CURVE('',#3482,#3481,#2435,.T.);
#4330=EDGE_CURVE('',#3483,#3482,#627,.T.);
#4331=EDGE_CURVE('',#3477,#3483,#628,.T.);
#4332=EDGE_CURVE('',#3484,#3485,#629,.T.);
#4333=EDGE_CURVE('',#3486,#3484,#630,.T.);
#4334=EDGE_CURVE('',#3487,#3486,#2436,.T.);
#4335=EDGE_CURVE('',#3488,#3487,#631,.T.);
#4336=EDGE_CURVE('',#3489,#3488,#632,.T.);
#4337=EDGE_CURVE('',#3490,#3489,#633,.T.);
#4338=EDGE_CURVE('',#3491,#3490,#2437,.T.);
#4339=EDGE_CURVE('',#3485,#3491,#634,.T.);
#4340=EDGE_CURVE('',#3492,#3488,#2438,.T.);
#4341=EDGE_CURVE('',#3493,#3492,#635,.T.);
#4342=EDGE_CURVE('',#3493,#3489,#2439,.T.);
#4343=EDGE_CURVE('',#3494,#3487,#2440,.T.);
#4344=EDGE_CURVE('',#3492,#3494,#636,.T.);
#4345=EDGE_CURVE('',#3495,#3486,#2441,.T.);
#4346=EDGE_CURVE('',#3494,#3495,#2442,.T.);
#4347=EDGE_CURVE('',#3496,#3484,#2443,.T.);
#4348=EDGE_CURVE('',#3495,#3496,#637,.T.);
#4349=EDGE_CURVE('',#3497,#3480,#2444,.T.);
#4350=EDGE_CURVE('',#3498,#3497,#638,.T.);
#4351=EDGE_CURVE('',#3498,#3481,#2445,.T.);
#4352=EDGE_CURVE('',#3499,#3479,#2446,.T.);
#4353=EDGE_CURVE('',#3497,#3499,#639,.T.);
#4354=EDGE_CURVE('',#3500,#3478,#2447,.T.);
#4355=EDGE_CURVE('',#3499,#3500,#640,.T.);
#4356=EDGE_CURVE('',#3501,#3476,#2448,.T.);
#4357=EDGE_CURVE('',#3500,#3501,#2449,.T.);
#4358=EDGE_CURVE('',#3502,#3485,#2450,.T.);
#4359=EDGE_CURVE('',#3496,#3502,#641,.T.);
#4360=EDGE_CURVE('',#3503,#3491,#2451,.T.);
#4361=EDGE_CURVE('',#3502,#3503,#642,.T.);
#4362=EDGE_CURVE('',#3504,#3490,#2452,.T.);
#4363=EDGE_CURVE('',#3503,#3504,#2453,.T.);
#4364=EDGE_CURVE('',#3504,#3493,#643,.T.);
#4365=EDGE_CURVE('',#3505,#3477,#2454,.T.);
#4366=EDGE_CURVE('',#3501,#3505,#644,.T.);
#4367=EDGE_CURVE('',#3506,#3483,#2455,.T.);
#4368=EDGE_CURVE('',#3505,#3506,#645,.T.);
#4369=EDGE_CURVE('',#3507,#3482,#2456,.T.);
#4370=EDGE_CURVE('',#3506,#3507,#646,.T.);
#4371=EDGE_CURVE('',#3507,#3498,#2457,.T.);
#4372=EDGE_CURVE('',#3508,#3509,#2458,.T.);
#4373=EDGE_CURVE('',#3510,#3508,#2459,.T.);
#4374=EDGE_CURVE('',#3511,#3510,#2460,.T.);
#4375=EDGE_CURVE('',#3509,#3511,#2461,.T.);
#4376=EDGE_CURVE('',#3512,#3510,#647,.T.);
#4377=EDGE_CURVE('',#3513,#3512,#2462,.T.);
#4378=EDGE_CURVE('',#3511,#3513,#648,.T.);
#4379=EDGE_CURVE('',#3514,#3509,#363,.T.);
#4380=EDGE_CURVE('',#3515,#3514,#2463,.T.);
#4381=EDGE_CURVE('',#3508,#3515,#364,.T.);
#4382=EDGE_CURVE('',#3516,#3514,#365,.F.);
#4383=EDGE_CURVE('',#3515,#3516,#649,.T.);
#4384=EDGE_CURVE('',#3516,#3517,#2464,.T.);
#4385=EDGE_CURVE('',#3517,#3518,#650,.T.);
#4386=EDGE_CURVE('',#3518,#3519,#2465,.T.);
#4387=EDGE_CURVE('',#3519,#3520,#651,.T.);
#4388=EDGE_CURVE('',#3521,#3520,#2466,.T.);
#4389=EDGE_CURVE('',#3521,#3522,#652,.T.);
#4390=EDGE_CURVE('',#3522,#3515,#2467,.T.);
#4391=EDGE_CURVE('',#3522,#3523,#2468,.T.);
#4392=EDGE_CURVE('',#3523,#3510,#2469,.T.);
#4393=EDGE_CURVE('',#3524,#3525,#2470,.T.);
#4394=EDGE_CURVE('',#3526,#3524,#653,.T.);
#4395=EDGE_CURVE('',#3527,#3526,#2471,.T.);
#4396=EDGE_CURVE('',#3525,#3527,#654,.T.);
#4397=EDGE_CURVE('',#3528,#3529,#2472,.T.);
#4398=EDGE_CURVE('',#3527,#3528,#2473,.T.);
#4399=EDGE_CURVE('',#3529,#3526,#2474,.T.);
#4400=EDGE_CURVE('',#3525,#3341,#655,.T.);
#4401=EDGE_CURVE('',#3524,#3340,#656,.T.);
#4402=EDGE_CURVE('',#3530,#3528,#366,.F.);
#4403=EDGE_CURVE('',#3531,#3529,#367,.T.);
#4404=EDGE_CURVE('',#3530,#3531,#2475,.T.);
#4405=EDGE_CURVE('',#3532,#3530,#368,.T.);
#4406=EDGE_CURVE('',#3532,#3531,#657,.T.);
#4407=EDGE_CURVE('',#3526,#3533,#2476,.T.);
#4408=EDGE_CURVE('',#3534,#3533,#2477,.T.);
#4409=EDGE_CURVE('',#3534,#3531,#2478,.T.);
#4410=EDGE_CURVE('',#3534,#3535,#658,.T.);
#4411=EDGE_CURVE('',#3535,#3536,#2479,.T.);
#4412=EDGE_CURVE('',#3536,#3537,#659,.T.);
#4413=EDGE_CURVE('',#3537,#3538,#2480,.T.);
#4414=EDGE_CURVE('',#3538,#3539,#660,.T.);
#4415=EDGE_CURVE('',#3539,#3532,#2481,.T.);
#4416=EDGE_CURVE('',#3528,#3540,#661,.T.);
#4417=EDGE_CURVE('',#3540,#3386,#662,.T.);
#4418=EDGE_CURVE('',#3541,#3542,#2482,.T.);
#4419=EDGE_CURVE('',#3543,#3541,#2483,.T.);
#4420=EDGE_CURVE('',#3544,#3543,#2484,.T.);
#4421=EDGE_CURVE('',#3542,#3544,#2485,.T.);
#4422=EDGE_CURVE('',#3545,#3546,#2486,.T.);
#4423=EDGE_CURVE('',#3544,#3545,#663,.T.);
#4424=EDGE_CURVE('',#3546,#3543,#664,.T.);
#4425=EDGE_CURVE('',#3547,#3546,#665,.T.);
#4426=EDGE_CURVE('',#3548,#3547,#2487,.T.);
#4427=EDGE_CURVE('',#3545,#3548,#666,.T.);
#4428=EDGE_CURVE('',#3549,#3550,#2488,.T.);
#4429=EDGE_CURVE('',#3548,#3549,#667,.T.);
#4430=EDGE_CURVE('',#3550,#3547,#668,.T.);
#4431=EDGE_CURVE('',#3551,#3552,#2489,.T.);
#4432=EDGE_CURVE('',#3549,#3551,#2490,.T.);
#4433=EDGE_CURVE('',#3552,#3550,#2491,.T.);
#4434=EDGE_CURVE('',#3553,#3541,#369,.F.);
#4435=EDGE_CURVE('',#3520,#3542,#370,.T.);
#4436=EDGE_CURVE('',#3553,#3520,#2492,.T.);
#4437=EDGE_CURVE('',#3519,#3553,#371,.T.);
#4438=EDGE_CURVE('',#3554,#3552,#372,.T.);
#4439=EDGE_CURVE('',#3536,#3554,#2493,.T.);
#4440=EDGE_CURVE('',#3551,#3536,#373,.T.);
#4441=EDGE_CURVE('',#3537,#3554,#374,.F.);
#4442=EDGE_CURVE('',#3535,#3555,#2494,.T.);
#4443=EDGE_CURVE('',#3555,#3549,#2495,.T.);
#4444=EDGE_CURVE('',#3556,#3555,#669,.T.);
#4445=EDGE_CURVE('',#3548,#3556,#2496,.T.);
#4446=EDGE_CURVE('',#3556,#3557,#670,.T.);
#4447=EDGE_CURVE('',#3557,#3545,#2497,.T.);
#4448=EDGE_CURVE('',#3558,#3557,#671,.T.);
#4449=EDGE_CURVE('',#3544,#3558,#2498,.T.);
#4450=EDGE_CURVE('',#3539,#3559,#2499,.T.);
#4451=EDGE_CURVE('',#3560,#3538,#2500,.T.);
#4452=EDGE_CURVE('',#3559,#3560,#672,.T.);
#4453=EDGE_CURVE('',#3561,#3538,#673,.T.);
#4454=EDGE_CURVE('',#3562,#3561,#2501,.T.);
#4455=EDGE_CURVE('',#3560,#3562,#674,.T.);
#4456=EDGE_CURVE('',#3563,#3559,#675,.T.);
#4457=EDGE_CURVE('',#3564,#3563,#2502,.T.);
#4458=EDGE_CURVE('',#3539,#3564,#676,.T.);
#4459=EDGE_CURVE('',#3565,#3566,#2503,.T.);
#4460=EDGE_CURVE('',#3562,#3565,#677,.T.);
#4461=EDGE_CURVE('',#3566,#3561,#678,.T.);
#4462=EDGE_CURVE('',#3379,#3563,#679,.T.);
#4463=EDGE_CURVE('',#3564,#3378,#680,.T.);
#4464=EDGE_CURVE('',#3567,#3518,#2504,.T.);
#4465=EDGE_CURVE('',#3565,#3567,#681,.T.);
#4466=EDGE_CURVE('',#3518,#3566,#682,.T.);
#4467=EDGE_CURVE('',#3568,#3517,#2505,.T.);
#4468=EDGE_CURVE('',#3567,#3568,#683,.T.);
#4469=EDGE_CURVE('',#3569,#3517,#684,.T.);
#4470=EDGE_CURVE('',#3570,#3569,#2506,.T.);
#4471=EDGE_CURVE('',#3568,#3570,#685,.T.);
#4472=EDGE_CURVE('',#3540,#3564,#2507,.T.);
#4473=EDGE_CURVE('',#3552,#3571,#686,.F.);
#4474=EDGE_CURVE('',#3561,#3571,#2508,.T.);
#4475=EDGE_CURVE('',#3571,#3572,#687,.T.);
#4476=EDGE_CURVE('',#3572,#3566,#2509,.T.);
#4477=EDGE_CURVE('',#3541,#3572,#688,.T.);
#4478=EDGE_CURVE('',#3509,#3573,#689,.F.);
#4479=EDGE_CURVE('',#3569,#3573,#2510,.T.);
#4480=EDGE_CURVE('',#3574,#3574,#690,.T.);
#4481=EDGE_CURVE('',#3574,#3575,#2511,.T.);
#4482=EDGE_CURVE('',#3575,#3575,#691,.T.);
#4483=EDGE_CURVE('',#3576,#3576,#692,.T.);
#4484=EDGE_CURVE('',#3576,#3577,#2512,.T.);
#4485=EDGE_CURVE('',#3577,#3577,#693,.T.);
#4486=EDGE_CURVE('',#3578,#3524,#2513,.T.);
#4487=EDGE_CURVE('',#3533,#3578,#694,.T.);
#4488=EDGE_CURVE('',#3521,#3558,#2514,.T.);
#4489=EDGE_CURVE('',#3579,#3523,#695,.T.);
#4490=EDGE_CURVE('',#3512,#3579,#2515,.T.);
#4491=EDGE_CURVE('',#3580,#3581,#696,.T.);
#4492=EDGE_CURVE('',#3582,#3580,#2516,.T.);
#4493=EDGE_CURVE('',#3583,#3582,#697,.T.);
#4494=EDGE_CURVE('',#3581,#3583,#2517,.T.);
#4495=EDGE_CURVE('',#3584,#3580,#698,.T.);
#4496=EDGE_CURVE('',#3585,#3584,#699,.T.);
#4497=EDGE_CURVE('',#3586,#3585,#700,.T.);
#4498=EDGE_CURVE('',#3580,#3586,#701,.T.);
#4499=EDGE_CURVE('',#3584,#3581,#702,.T.);
#4500=EDGE_CURVE('',#3587,#3586,#703,.T.);
#4501=EDGE_CURVE('',#3588,#3587,#2518,.T.);
#4502=EDGE_CURVE('',#3589,#3588,#704,.T.);
#4503=EDGE_CURVE('',#3586,#3589,#2519,.T.);
#4504=EDGE_CURVE('',#3587,#3585,#705,.T.);
#4505=EDGE_CURVE('',#3590,#3583,#2520,.F.);
#4506=EDGE_CURVE('',#3590,#3591,#2521,.T.);
#4507=EDGE_CURVE('',#3591,#3581,#375,.T.);
#4508=EDGE_CURVE('',#3592,#3591,#706,.T.);
#4509=EDGE_CURVE('',#3584,#3592,#376,.T.);
#4510=EDGE_CURVE('',#3592,#3593,#707,.T.);
#4511=EDGE_CURVE('',#3593,#3585,#377,.T.);
#4512=EDGE_CURVE('',#3594,#3593,#708,.T.);
#4513=EDGE_CURVE('',#3587,#3594,#378,.T.);
#4514=EDGE_CURVE('',#3594,#3595,#2522,.T.);
#4515=EDGE_CURVE('',#3588,#3595,#2523,.T.);
#4516=EDGE_CURVE('',#3596,#3597,#709,.T.);
#4517=EDGE_CURVE('',#3598,#3596,#2524,.T.);
#4518=EDGE_CURVE('',#3599,#3598,#710,.T.);
#4519=EDGE_CURVE('',#3597,#3599,#2525,.T.);
#4520=EDGE_CURVE('',#3600,#3596,#711,.T.);
#4521=EDGE_CURVE('',#3601,#3600,#712,.T.);
#4522=EDGE_CURVE('',#3602,#3601,#713,.T.);
#4523=EDGE_CURVE('',#3596,#3602,#714,.T.);
#4524=EDGE_CURVE('',#3600,#3597,#715,.T.);
#4525=EDGE_CURVE('',#3603,#3602,#716,.T.);
#4526=EDGE_CURVE('',#3604,#3603,#2526,.T.);
#4527=EDGE_CURVE('',#3605,#3604,#717,.T.);
#4528=EDGE_CURVE('',#3602,#3605,#2527,.T.);
#4529=EDGE_CURVE('',#3603,#3601,#718,.T.);
#4530=EDGE_CURVE('',#3606,#3599,#2528,.F.);
#4531=EDGE_CURVE('',#3606,#3607,#2529,.T.);
#4532=EDGE_CURVE('',#3607,#3597,#379,.T.);
#4533=EDGE_CURVE('',#3608,#3607,#719,.T.);
#4534=EDGE_CURVE('',#3600,#3608,#380,.T.);
#4535=EDGE_CURVE('',#3608,#3609,#720,.T.);
#4536=EDGE_CURVE('',#3609,#3601,#381,.T.);
#4537=EDGE_CURVE('',#3610,#3609,#721,.T.);
#4538=EDGE_CURVE('',#3603,#3610,#382,.T.);
#4539=EDGE_CURVE('',#3610,#3611,#2530,.T.);
#4540=EDGE_CURVE('',#3604,#3611,#2531,.T.);
#4541=EDGE_CURVE('',#3612,#3613,#722,.T.);
#4542=EDGE_CURVE('',#3614,#3612,#2532,.T.);
#4543=EDGE_CURVE('',#3615,#3614,#723,.T.);
#4544=EDGE_CURVE('',#3613,#3615,#2533,.T.);
#4545=EDGE_CURVE('',#3616,#3612,#724,.T.);
#4546=EDGE_CURVE('',#3617,#3616,#725,.T.);
#4547=EDGE_CURVE('',#3618,#3617,#726,.T.);
#4548=EDGE_CURVE('',#3612,#3618,#727,.T.);
#4549=EDGE_CURVE('',#3616,#3613,#728,.T.);
#4550=EDGE_CURVE('',#3619,#3618,#729,.T.);
#4551=EDGE_CURVE('',#3620,#3619,#2534,.T.);
#4552=EDGE_CURVE('',#3621,#3620,#730,.T.);
#4553=EDGE_CURVE('',#3618,#3621,#2535,.T.);
#4554=EDGE_CURVE('',#3619,#3617,#731,.T.);
#4555=EDGE_CURVE('',#3622,#3615,#2536,.F.);
#4556=EDGE_CURVE('',#3622,#3623,#2537,.T.);
#4557=EDGE_CURVE('',#3623,#3613,#383,.T.);
#4558=EDGE_CURVE('',#3624,#3623,#732,.T.);
#4559=EDGE_CURVE('',#3616,#3624,#384,.T.);
#4560=EDGE_CURVE('',#3624,#3625,#733,.T.);
#4561=EDGE_CURVE('',#3625,#3617,#385,.T.);
#4562=EDGE_CURVE('',#3626,#3625,#734,.T.);
#4563=EDGE_CURVE('',#3619,#3626,#386,.T.);
#4564=EDGE_CURVE('',#3626,#3627,#2538,.T.);
#4565=EDGE_CURVE('',#3620,#3627,#2539,.T.);
#4566=EDGE_CURVE('',#3628,#3629,#735,.T.);
#4567=EDGE_CURVE('',#3630,#3628,#2540,.T.);
#4568=EDGE_CURVE('',#3631,#3630,#736,.T.);
#4569=EDGE_CURVE('',#3629,#3631,#2541,.T.);
#4570=EDGE_CURVE('',#3632,#3628,#737,.T.);
#4571=EDGE_CURVE('',#3633,#3632,#738,.T.);
#4572=EDGE_CURVE('',#3634,#3633,#739,.T.);
#4573=EDGE_CURVE('',#3628,#3634,#740,.T.);
#4574=EDGE_CURVE('',#3632,#3629,#741,.T.);
#4575=EDGE_CURVE('',#3635,#3634,#742,.T.);
#4576=EDGE_CURVE('',#3635,#3636,#2542,.T.);
#4577=EDGE_CURVE('',#3637,#3636,#743,.T.);
#4578=EDGE_CURVE('',#3634,#3637,#2543,.T.);
#4579=EDGE_CURVE('',#3635,#3633,#744,.T.);
#4580=EDGE_CURVE('',#3638,#3631,#2544,.F.);
#4581=EDGE_CURVE('',#3638,#3639,#2545,.T.);
#4582=EDGE_CURVE('',#3639,#3629,#387,.T.);
#4583=EDGE_CURVE('',#3640,#3639,#745,.T.);
#4584=EDGE_CURVE('',#3632,#3640,#388,.T.);
#4585=EDGE_CURVE('',#3640,#3641,#746,.T.);
#4586=EDGE_CURVE('',#3641,#3633,#389,.T.);
#4587=EDGE_CURVE('',#3642,#3641,#747,.T.);
#4588=EDGE_CURVE('',#3635,#3642,#390,.T.);
#4589=EDGE_CURVE('',#3643,#3642,#748,.T.);
#4590=EDGE_CURVE('',#3644,#3643,#2546,.T.);
#4591=EDGE_CURVE('',#3645,#3644,#749,.F.);
#4592=EDGE_CURVE('',#3642,#3645,#2547,.T.);
#4593=EDGE_CURVE('',#3643,#3641,#750,.T.);
#4594=EDGE_CURVE('',#3640,#3646,#751,.T.);
#4595=EDGE_CURVE('',#3643,#3646,#752,.T.);
#4596=EDGE_CURVE('',#3646,#3647,#2548,.T.);
#4597=EDGE_CURVE('',#3647,#3644,#753,.T.);
#4598=EDGE_CURVE('',#3639,#3646,#754,.T.);
#4599=EDGE_CURVE('',#3647,#3638,#755,.F.);
#4600=EDGE_CURVE('',#3648,#3626,#756,.T.);
#4601=EDGE_CURVE('',#3649,#3648,#2549,.T.);
#4602=EDGE_CURVE('',#3627,#3649,#757,.F.);
#4603=EDGE_CURVE('',#3648,#3625,#758,.T.);
#4604=EDGE_CURVE('',#3624,#3650,#759,.T.);
#4605=EDGE_CURVE('',#3648,#3650,#760,.T.);
#4606=EDGE_CURVE('',#3650,#3651,#2550,.T.);
#4607=EDGE_CURVE('',#3651,#3649,#761,.T.);
#4608=EDGE_CURVE('',#3652,#3610,#762,.T.);
#4609=EDGE_CURVE('',#3653,#3652,#2551,.T.);
#4610=EDGE_CURVE('',#3611,#3653,#763,.F.);
#4611=EDGE_CURVE('',#3652,#3609,#764,.T.);
#4612=EDGE_CURVE('',#3608,#3654,#765,.T.);
#4613=EDGE_CURVE('',#3652,#3654,#766,.T.);
#4614=EDGE_CURVE('',#3654,#3655,#2552,.T.);
#4615=EDGE_CURVE('',#3655,#3653,#767,.T.);
#4616=EDGE_CURVE('',#3623,#3650,#768,.T.);
#4617=EDGE_CURVE('',#3651,#3622,#769,.F.);
#4618=EDGE_CURVE('',#3607,#3654,#770,.T.);
#4619=EDGE_CURVE('',#3655,#3606,#771,.F.);
#4620=EDGE_CURVE('',#3591,#3656,#772,.T.);
#4621=EDGE_CURVE('',#3657,#3590,#773,.F.);
#4622=EDGE_CURVE('',#3656,#3657,#2553,.T.);
#4623=EDGE_CURVE('',#3592,#3656,#774,.T.);
#4624=EDGE_CURVE('',#3658,#3594,#775,.T.);
#4625=EDGE_CURVE('',#3659,#3658,#2554,.T.);
#4626=EDGE_CURVE('',#3595,#3659,#776,.F.);
#4627=EDGE_CURVE('',#3658,#3593,#777,.T.);
#4628=EDGE_CURVE('',#3658,#3656,#778,.T.);
#4629=EDGE_CURVE('',#3657,#3659,#779,.T.);
#4630=EDGE_CURVE('',#3398,#3473,#2555,.T.);
#4631=EDGE_CURVE('',#3660,#3661,#780,.T.);
#4632=EDGE_CURVE('',#3661,#3662,#781,.T.);
#4633=EDGE_CURVE('',#3662,#3663,#782,.T.);
#4634=EDGE_CURVE('',#3663,#3664,#2556,.T.);
#4635=EDGE_CURVE('',#3664,#3665,#783,.T.);
#4636=EDGE_CURVE('',#3665,#3666,#784,.T.);
#4637=EDGE_CURVE('',#3666,#3667,#785,.T.);
#4638=EDGE_CURVE('',#3667,#3660,#2557,.T.);
#4639=EDGE_CURVE('',#3668,#3669,#786,.T.);
#4640=EDGE_CURVE('',#3669,#3670,#787,.T.);
#4641=EDGE_CURVE('',#3670,#3671,#2558,.T.);
#4642=EDGE_CURVE('',#3671,#3672,#788,.T.);
#4643=EDGE_CURVE('',#3672,#3673,#789,.T.);
#4644=EDGE_CURVE('',#3673,#3674,#790,.T.);
#4645=EDGE_CURVE('',#3674,#3675,#2559,.T.);
#4646=EDGE_CURVE('',#3675,#3668,#791,.T.);
#4647=EDGE_CURVE('',#3394,#3578,#792,.T.);
#4648=EDGE_CURVE('',#3676,#3672,#2560,.T.);
#4649=EDGE_CURVE('',#3676,#3677,#793,.T.);
#4650=EDGE_CURVE('',#3677,#3673,#2561,.T.);
#4651=EDGE_CURVE('',#3677,#3678,#794,.T.);
#4652=EDGE_CURVE('',#3678,#3674,#2562,.T.);
#4653=EDGE_CURVE('',#3678,#3679,#2563,.T.);
#4654=EDGE_CURVE('',#3679,#3675,#2564,.T.);
#4655=EDGE_CURVE('',#3679,#3680,#795,.T.);
#4656=EDGE_CURVE('',#3680,#3668,#2565,.T.);
#4657=EDGE_CURVE('',#3681,#3664,#2566,.T.);
#4658=EDGE_CURVE('',#3681,#3682,#796,.T.);
#4659=EDGE_CURVE('',#3682,#3665,#2567,.T.);
#4660=EDGE_CURVE('',#3682,#3683,#797,.T.);
#4661=EDGE_CURVE('',#3683,#3666,#2568,.T.);
#4662=EDGE_CURVE('',#3683,#3684,#798,.T.);
#4663=EDGE_CURVE('',#3684,#3667,#2569,.T.);
#4664=EDGE_CURVE('',#3684,#3685,#2570,.T.);
#4665=EDGE_CURVE('',#3685,#3660,#2571,.T.);
#4666=EDGE_CURVE('',#3680,#3686,#799,.T.);
#4667=EDGE_CURVE('',#3686,#3669,#2572,.T.);
#4668=EDGE_CURVE('',#3686,#3687,#800,.T.);
#4669=EDGE_CURVE('',#3687,#3670,#2573,.T.);
#4670=EDGE_CURVE('',#3687,#3688,#2574,.T.);
#4671=EDGE_CURVE('',#3688,#3671,#2575,.T.);
#4672=EDGE_CURVE('',#3688,#3676,#801,.T.);
#4673=EDGE_CURVE('',#3685,#3689,#802,.T.);
#4674=EDGE_CURVE('',#3689,#3661,#2576,.T.);
#4675=EDGE_CURVE('',#3689,#3690,#803,.T.);
#4676=EDGE_CURVE('',#3690,#3662,#2577,.T.);
#4677=EDGE_CURVE('',#3690,#3691,#804,.T.);
#4678=EDGE_CURVE('',#3691,#3663,#2578,.T.);
#4679=EDGE_CURVE('',#3691,#3681,#2579,.T.);
#4680=EDGE_CURVE('',#3459,#3452,#2580,.F.);
#4681=EDGE_CURVE('',#3645,#3636,#2581,.F.);
#4682=EDGE_CURVE('',#3692,#3451,#805,.T.);
#4683=EDGE_CURVE('',#3692,#3693,#806,.T.);
#4684=EDGE_CURVE('',#3693,#3694,#2582,.T.);
#4685=EDGE_CURVE('',#3694,#3695,#807,.F.);
#4686=EDGE_CURVE('',#3696,#3695,#808,.T.);
#4687=EDGE_CURVE('',#3696,#3697,#809,.F.);
#4688=EDGE_CURVE('',#3697,#3698,#2583,.F.);
#4689=EDGE_CURVE('',#3698,#3699,#810,.T.);
#4690=EDGE_CURVE('',#3699,#3700,#811,.T.);
#4691=EDGE_CURVE('',#3700,#3701,#812,.T.);
#4692=EDGE_CURVE('',#3701,#3702,#2584,.T.);
#4693=EDGE_CURVE('',#3702,#3703,#813,.F.);
#4694=EDGE_CURVE('',#3704,#3703,#814,.T.);
#4695=EDGE_CURVE('',#3704,#3705,#815,.F.);
#4696=EDGE_CURVE('',#3705,#3706,#2585,.F.);
#4697=EDGE_CURVE('',#3706,#3707,#816,.T.);
#4698=EDGE_CURVE('',#3707,#3708,#817,.T.);
#4699=EDGE_CURVE('',#3708,#3709,#818,.T.);
#4700=EDGE_CURVE('',#3709,#3710,#2586,.T.);
#4701=EDGE_CURVE('',#3710,#3711,#819,.F.);
#4702=EDGE_CURVE('',#3712,#3711,#820,.T.);
#4703=EDGE_CURVE('',#3712,#3713,#821,.F.);
#4704=EDGE_CURVE('',#3713,#3714,#2587,.F.);
#4705=EDGE_CURVE('',#3714,#3715,#822,.T.);
#4706=EDGE_CURVE('',#3715,#3716,#823,.T.);
#4707=EDGE_CURVE('',#3716,#3717,#824,.T.);
#4708=EDGE_CURVE('',#3717,#3718,#2588,.T.);
#4709=EDGE_CURVE('',#3718,#3719,#825,.F.);
#4710=EDGE_CURVE('',#3720,#3719,#826,.T.);
#4711=EDGE_CURVE('',#3720,#3721,#827,.F.);
#4712=EDGE_CURVE('',#3722,#3721,#2589,.T.);
#4713=EDGE_CURVE('',#3722,#3723,#828,.T.);
#4714=EDGE_CURVE('',#3724,#3723,#829,.T.);
#4715=EDGE_CURVE('',#3725,#3724,#830,.T.);
#4716=EDGE_CURVE('',#3726,#3725,#2590,.F.);
#4717=EDGE_CURVE('',#3727,#3726,#831,.F.);
#4718=EDGE_CURVE('',#3727,#3728,#832,.T.);
#4719=EDGE_CURVE('',#3729,#3728,#833,.F.);
#4720=EDGE_CURVE('',#3730,#3729,#2591,.T.);
#4721=EDGE_CURVE('',#3731,#3730,#834,.T.);
#4722=EDGE_CURVE('',#3732,#3731,#835,.T.);
#4723=EDGE_CURVE('',#3733,#3732,#836,.T.);
#4724=EDGE_CURVE('',#3734,#3733,#2592,.F.);
#4725=EDGE_CURVE('',#3735,#3734,#837,.F.);
#4726=EDGE_CURVE('',#3735,#3736,#838,.T.);
#4727=EDGE_CURVE('',#3737,#3736,#839,.F.);
#4728=EDGE_CURVE('',#3738,#3737,#2593,.T.);
#4729=EDGE_CURVE('',#3739,#3738,#840,.T.);
#4730=EDGE_CURVE('',#3740,#3739,#841,.T.);
#4731=EDGE_CURVE('',#3741,#3740,#842,.T.);
#4732=EDGE_CURVE('',#3742,#3741,#2594,.F.);
#4733=EDGE_CURVE('',#3743,#3742,#843,.F.);
#4734=EDGE_CURVE('',#3743,#3744,#844,.T.);
#4735=EDGE_CURVE('',#3745,#3744,#845,.F.);
#4736=EDGE_CURVE('',#3746,#3745,#2595,.T.);
#4737=EDGE_CURVE('',#3747,#3746,#846,.T.);
#4738=EDGE_CURVE('',#3748,#3747,#847,.T.);
#4739=EDGE_CURVE('',#3749,#3748,#848,.T.);
#4740=EDGE_CURVE('',#3750,#3749,#2596,.F.);
#4741=EDGE_CURVE('',#3751,#3750,#849,.F.);
#4742=EDGE_CURVE('',#3751,#3752,#850,.T.);
#4743=EDGE_CURVE('',#3753,#3752,#851,.F.);
#4744=EDGE_CURVE('',#3754,#3753,#2597,.T.);
#4745=EDGE_CURVE('',#3755,#3754,#852,.T.);
#4746=EDGE_CURVE('',#3637,#3755,#853,.T.);
#4747=EDGE_CURVE('',#3630,#3621,#854,.T.);
#4748=EDGE_CURVE('',#3614,#3605,#855,.T.);
#4749=EDGE_CURVE('',#3598,#3589,#856,.T.);
#4750=EDGE_CURVE('',#3582,#3756,#857,.T.);
#4751=EDGE_CURVE('',#3756,#3399,#858,.T.);
#4752=EDGE_CURVE('',#3414,#3404,#859,.T.);
#4753=EDGE_CURVE('',#3430,#3419,#860,.T.);
#4754=EDGE_CURVE('',#3446,#3435,#861,.T.);
#4755=EDGE_CURVE('',#3757,#3757,#862,.T.);
#4756=EDGE_CURVE('',#3758,#3759,#2598,.T.);
#4757=EDGE_CURVE('',#3760,#3758,#2599,.T.);
#4758=EDGE_CURVE('',#3761,#3760,#2600,.T.);
#4759=EDGE_CURVE('',#3759,#3761,#2601,.T.);
#4760=EDGE_CURVE('',#3762,#3760,#863,.T.);
#4761=EDGE_CURVE('',#3763,#3762,#2602,.T.);
#4762=EDGE_CURVE('',#3761,#3763,#864,.T.);
#4763=EDGE_CURVE('',#3763,#3328,#865,.T.);
#4764=EDGE_CURVE('',#3329,#3762,#866,.T.);
#4765=EDGE_CURVE('',#3764,#3759,#391,.T.);
#4766=EDGE_CURVE('',#3765,#3764,#2603,.T.);
#4767=EDGE_CURVE('',#3758,#3765,#392,.T.);
#4768=EDGE_CURVE('',#3766,#3764,#393,.F.);
#4769=EDGE_CURVE('',#3765,#3766,#867,.T.);
#4770=EDGE_CURVE('',#3766,#3767,#2604,.T.);
#4771=EDGE_CURVE('',#3767,#3768,#868,.T.);
#4772=EDGE_CURVE('',#3768,#3769,#2605,.T.);
#4773=EDGE_CURVE('',#3769,#3770,#869,.T.);
#4774=EDGE_CURVE('',#3771,#3770,#2606,.T.);
#4775=EDGE_CURVE('',#3771,#3772,#870,.T.);
#4776=EDGE_CURVE('',#3772,#3765,#2607,.T.);
#4777=EDGE_CURVE('',#3772,#3773,#2608,.T.);
#4778=EDGE_CURVE('',#3773,#3760,#2609,.T.);
#4779=EDGE_CURVE('',#3774,#3775,#2610,.T.);
#4780=EDGE_CURVE('',#3776,#3774,#871,.T.);
#4781=EDGE_CURVE('',#3777,#3776,#2611,.T.);
#4782=EDGE_CURVE('',#3775,#3777,#872,.T.);
#4783=EDGE_CURVE('',#3778,#3779,#2612,.T.);
#4784=EDGE_CURVE('',#3777,#3778,#2613,.T.);
#4785=EDGE_CURVE('',#3779,#3776,#2614,.T.);
#4786=EDGE_CURVE('',#3780,#3778,#394,.F.);
#4787=EDGE_CURVE('',#3781,#3779,#395,.T.);
#4788=EDGE_CURVE('',#3780,#3781,#2615,.T.);
#4789=EDGE_CURVE('',#3782,#3780,#396,.T.);
#4790=EDGE_CURVE('',#3782,#3781,#873,.T.);
#4791=EDGE_CURVE('',#3776,#3783,#2616,.T.);
#4792=EDGE_CURVE('',#3784,#3783,#2617,.T.);
#4793=EDGE_CURVE('',#3784,#3781,#2618,.T.);
#4794=EDGE_CURVE('',#3784,#3785,#874,.T.);
#4795=EDGE_CURVE('',#3785,#3786,#2619,.T.);
#4796=EDGE_CURVE('',#3786,#3787,#875,.T.);
#4797=EDGE_CURVE('',#3787,#3788,#2620,.T.);
#4798=EDGE_CURVE('',#3788,#3789,#876,.T.);
#4799=EDGE_CURVE('',#3789,#3782,#2621,.T.);
#4800=EDGE_CURVE('',#3790,#3791,#2622,.T.);
#4801=EDGE_CURVE('',#3792,#3790,#2623,.T.);
#4802=EDGE_CURVE('',#3793,#3792,#2624,.T.);
#4803=EDGE_CURVE('',#3791,#3793,#2625,.T.);
#4804=EDGE_CURVE('',#3794,#3795,#2626,.T.);
#4805=EDGE_CURVE('',#3793,#3794,#877,.T.);
#4806=EDGE_CURVE('',#3795,#3792,#878,.T.);
#4807=EDGE_CURVE('',#3796,#3795,#879,.T.);
#4808=EDGE_CURVE('',#3797,#3796,#2627,.T.);
#4809=EDGE_CURVE('',#3794,#3797,#880,.T.);
#4810=EDGE_CURVE('',#3798,#3799,#2628,.T.);
#4811=EDGE_CURVE('',#3797,#3798,#881,.T.);
#4812=EDGE_CURVE('',#3799,#3796,#882,.T.);
#4813=EDGE_CURVE('',#3800,#3801,#2629,.T.);
#4814=EDGE_CURVE('',#3798,#3800,#2630,.T.);
#4815=EDGE_CURVE('',#3801,#3799,#2631,.T.);
#4816=EDGE_CURVE('',#3802,#3790,#397,.F.);
#4817=EDGE_CURVE('',#3770,#3791,#398,.T.);
#4818=EDGE_CURVE('',#3802,#3770,#2632,.T.);
#4819=EDGE_CURVE('',#3769,#3802,#399,.T.);
#4820=EDGE_CURVE('',#3803,#3801,#400,.T.);
#4821=EDGE_CURVE('',#3786,#3803,#2633,.T.);
#4822=EDGE_CURVE('',#3800,#3786,#401,.T.);
#4823=EDGE_CURVE('',#3787,#3803,#402,.F.);
#4824=EDGE_CURVE('',#3785,#3804,#2634,.T.);
#4825=EDGE_CURVE('',#3804,#3798,#2635,.T.);
#4826=EDGE_CURVE('',#3805,#3804,#883,.T.);
#4827=EDGE_CURVE('',#3797,#3805,#2636,.T.);
#4828=EDGE_CURVE('',#3805,#3806,#884,.T.);
#4829=EDGE_CURVE('',#3806,#3794,#2637,.T.);
#4830=EDGE_CURVE('',#3807,#3806,#885,.T.);
#4831=EDGE_CURVE('',#3793,#3807,#2638,.T.);
#4832=EDGE_CURVE('',#3789,#3808,#2639,.T.);
#4833=EDGE_CURVE('',#3809,#3788,#2640,.T.);
#4834=EDGE_CURVE('',#3808,#3809,#886,.T.);
#4835=EDGE_CURVE('',#3810,#3788,#887,.T.);
#4836=EDGE_CURVE('',#3811,#3810,#2641,.T.);
#4837=EDGE_CURVE('',#3809,#3811,#888,.T.);
#4838=EDGE_CURVE('',#3812,#3808,#889,.T.);
#4839=EDGE_CURVE('',#3813,#3812,#2642,.T.);
#4840=EDGE_CURVE('',#3789,#3813,#890,.T.);
#4841=EDGE_CURVE('',#3814,#3815,#2643,.T.);
#4842=EDGE_CURVE('',#3811,#3814,#891,.T.);
#4843=EDGE_CURVE('',#3815,#3810,#892,.T.);
#4844=EDGE_CURVE('',#3816,#3768,#2644,.T.);
#4845=EDGE_CURVE('',#3814,#3816,#893,.T.);
#4846=EDGE_CURVE('',#3768,#3815,#894,.T.);
#4847=EDGE_CURVE('',#3817,#3767,#2645,.T.);
#4848=EDGE_CURVE('',#3816,#3817,#895,.T.);
#4849=EDGE_CURVE('',#3818,#3767,#896,.T.);
#4850=EDGE_CURVE('',#3819,#3818,#2646,.T.);
#4851=EDGE_CURVE('',#3817,#3819,#897,.T.);
#4852=EDGE_CURVE('',#3384,#3819,#898,.T.);
#4853=EDGE_CURVE('',#3385,#3818,#899,.T.);
#4854=EDGE_CURVE('',#3820,#3813,#2647,.T.);
#4855=EDGE_CURVE('',#3778,#3820,#900,.T.);
#4856=EDGE_CURVE('',#3801,#3821,#901,.F.);
#4857=EDGE_CURVE('',#3810,#3821,#2648,.T.);
#4858=EDGE_CURVE('',#3821,#3822,#902,.T.);
#4859=EDGE_CURVE('',#3822,#3815,#2649,.T.);
#4860=EDGE_CURVE('',#3790,#3822,#903,.T.);
#4861=EDGE_CURVE('',#3759,#3823,#904,.F.);
#4862=EDGE_CURVE('',#3818,#3823,#2650,.T.);
#4863=EDGE_CURVE('',#3823,#3389,#905,.T.);
#4864=EDGE_CURVE('',#3824,#3824,#906,.T.);
#4865=EDGE_CURVE('',#3824,#3825,#2651,.T.);
#4866=EDGE_CURVE('',#3825,#3825,#907,.T.);
#4867=EDGE_CURVE('',#3826,#3826,#908,.T.);
#4868=EDGE_CURVE('',#3826,#3827,#2652,.T.);
#4869=EDGE_CURVE('',#3827,#3827,#909,.T.);
#4870=EDGE_CURVE('',#3828,#3774,#2653,.T.);
#4871=EDGE_CURVE('',#3783,#3828,#910,.T.);
#4872=EDGE_CURVE('',#3771,#3807,#2654,.T.);
#4873=EDGE_CURVE('',#3829,#3773,#911,.T.);
#4874=EDGE_CURVE('',#3762,#3829,#2655,.T.);
#4875=EDGE_CURVE('',#3829,#3395,#912,.T.);
#4876=EDGE_CURVE('',#3830,#3831,#913,.T.);
#4877=EDGE_CURVE('',#3723,#3830,#2656,.T.);
#4878=EDGE_CURVE('',#3722,#3831,#2657,.T.);
#4879=EDGE_CURVE('',#3832,#3830,#914,.T.);
#4880=EDGE_CURVE('',#3833,#3832,#915,.T.);
#4881=EDGE_CURVE('',#3834,#3833,#916,.T.);
#4882=EDGE_CURVE('',#3830,#3834,#917,.T.);
#4883=EDGE_CURVE('',#3832,#3831,#918,.T.);
#4884=EDGE_CURVE('',#3835,#3834,#919,.T.);
#4885=EDGE_CURVE('',#3717,#3835,#2658,.T.);
#4886=EDGE_CURVE('',#3834,#3716,#2659,.T.);
#4887=EDGE_CURVE('',#3835,#3833,#920,.T.);
#4888=EDGE_CURVE('',#3836,#3831,#403,.T.);
#4889=EDGE_CURVE('',#3837,#3836,#921,.T.);
#4890=EDGE_CURVE('',#3832,#3837,#404,.T.);
#4891=EDGE_CURVE('',#3837,#3838,#922,.T.);
#4892=EDGE_CURVE('',#3838,#3833,#405,.T.);
#4893=EDGE_CURVE('',#3839,#3838,#923,.T.);
#4894=EDGE_CURVE('',#3835,#3839,#406,.T.);
#4895=EDGE_CURVE('',#3839,#3718,#2660,.T.);
#4896=EDGE_CURVE('',#3840,#3841,#924,.T.);
#4897=EDGE_CURVE('',#3715,#3840,#2661,.T.);
#4898=EDGE_CURVE('',#3841,#3714,#2662,.T.);
#4899=EDGE_CURVE('',#3842,#3840,#925,.T.);
#4900=EDGE_CURVE('',#3843,#3842,#926,.T.);
#4901=EDGE_CURVE('',#3844,#3843,#927,.T.);
#4902=EDGE_CURVE('',#3840,#3844,#928,.T.);
#4903=EDGE_CURVE('',#3842,#3841,#929,.T.);
#4904=EDGE_CURVE('',#3845,#3844,#930,.T.);
#4905=EDGE_CURVE('',#3709,#3845,#2663,.T.);
#4906=EDGE_CURVE('',#3844,#3708,#2664,.T.);
#4907=EDGE_CURVE('',#3845,#3843,#931,.T.);
#4908=EDGE_CURVE('',#3713,#3846,#2665,.T.);
#4909=EDGE_CURVE('',#3846,#3841,#407,.T.);
#4910=EDGE_CURVE('',#3847,#3846,#932,.T.);
#4911=EDGE_CURVE('',#3842,#3847,#408,.T.);
#4912=EDGE_CURVE('',#3847,#3848,#933,.T.);
#4913=EDGE_CURVE('',#3848,#3843,#409,.T.);
#4914=EDGE_CURVE('',#3849,#3848,#934,.T.);
#4915=EDGE_CURVE('',#3845,#3849,#410,.T.);
#4916=EDGE_CURVE('',#3849,#3710,#2666,.T.);
#4917=EDGE_CURVE('',#3850,#3851,#935,.T.);
#4918=EDGE_CURVE('',#3707,#3850,#2667,.T.);
#4919=EDGE_CURVE('',#3851,#3706,#2668,.T.);
#4920=EDGE_CURVE('',#3852,#3850,#936,.T.);
#4921=EDGE_CURVE('',#3853,#3852,#937,.T.);
#4922=EDGE_CURVE('',#3854,#3853,#938,.T.);
#4923=EDGE_CURVE('',#3850,#3854,#939,.T.);
#4924=EDGE_CURVE('',#3852,#3851,#940,.T.);
#4925=EDGE_CURVE('',#3855,#3854,#941,.T.);
#4926=EDGE_CURVE('',#3701,#3855,#2669,.T.);
#4927=EDGE_CURVE('',#3854,#3700,#2670,.T.);
#4928=EDGE_CURVE('',#3855,#3853,#942,.T.);
#4929=EDGE_CURVE('',#3705,#3856,#2671,.T.);
#4930=EDGE_CURVE('',#3856,#3851,#411,.T.);
#4931=EDGE_CURVE('',#3857,#3856,#943,.T.);
#4932=EDGE_CURVE('',#3852,#3857,#412,.T.);
#4933=EDGE_CURVE('',#3857,#3858,#944,.T.);
#4934=EDGE_CURVE('',#3858,#3853,#413,.T.);
#4935=EDGE_CURVE('',#3859,#3858,#945,.T.);
#4936=EDGE_CURVE('',#3855,#3859,#414,.T.);
#4937=EDGE_CURVE('',#3859,#3702,#2672,.T.);
#4938=EDGE_CURVE('',#3860,#3861,#946,.T.);
#4939=EDGE_CURVE('',#3699,#3860,#2673,.T.);
#4940=EDGE_CURVE('',#3861,#3698,#2674,.T.);
#4941=EDGE_CURVE('',#3862,#3860,#947,.T.);
#4942=EDGE_CURVE('',#3863,#3862,#948,.T.);
#4943=EDGE_CURVE('',#3864,#3863,#949,.T.);
#4944=EDGE_CURVE('',#3860,#3864,#950,.T.);
#4945=EDGE_CURVE('',#3862,#3861,#951,.T.);
#4946=EDGE_CURVE('',#3865,#3864,#952,.T.);
#4947=EDGE_CURVE('',#3693,#3865,#2675,.T.);
#4948=EDGE_CURVE('',#3864,#3692,#2676,.T.);
#4949=EDGE_CURVE('',#3865,#3863,#953,.T.);
#4950=EDGE_CURVE('',#3697,#3866,#2677,.T.);
#4951=EDGE_CURVE('',#3866,#3861,#415,.T.);
#4952=EDGE_CURVE('',#3867,#3866,#954,.T.);
#4953=EDGE_CURVE('',#3862,#3867,#416,.T.);
#4954=EDGE_CURVE('',#3867,#3868,#955,.T.);
#4955=EDGE_CURVE('',#3868,#3863,#417,.T.);
#4956=EDGE_CURVE('',#3869,#3868,#956,.T.);
#4957=EDGE_CURVE('',#3865,#3869,#418,.T.);
#4958=EDGE_CURVE('',#3869,#3694,#2678,.T.);
#4959=EDGE_CURVE('',#3870,#3869,#957,.T.);
#4960=EDGE_CURVE('',#3695,#3870,#2679,.T.);
#4961=EDGE_CURVE('',#3870,#3868,#958,.T.);
#4962=EDGE_CURVE('',#3867,#3871,#959,.T.);
#4963=EDGE_CURVE('',#3870,#3871,#960,.T.);
#4964=EDGE_CURVE('',#3871,#3696,#2680,.T.);
#4965=EDGE_CURVE('',#3866,#3871,#961,.T.);
#4966=EDGE_CURVE('',#3872,#3859,#962,.T.);
#4967=EDGE_CURVE('',#3703,#3872,#2681,.T.);
#4968=EDGE_CURVE('',#3872,#3858,#963,.T.);
#4969=EDGE_CURVE('',#3857,#3873,#964,.T.);
#4970=EDGE_CURVE('',#3872,#3873,#965,.T.);
#4971=EDGE_CURVE('',#3873,#3704,#2682,.T.);
#4972=EDGE_CURVE('',#3874,#3849,#966,.T.);
#4973=EDGE_CURVE('',#3711,#3874,#2683,.T.);
#4974=EDGE_CURVE('',#3874,#3848,#967,.T.);
#4975=EDGE_CURVE('',#3847,#3875,#968,.T.);
#4976=EDGE_CURVE('',#3874,#3875,#969,.T.);
#4977=EDGE_CURVE('',#3875,#3712,#2684,.T.);
#4978=EDGE_CURVE('',#3856,#3873,#970,.T.);
#4979=EDGE_CURVE('',#3846,#3875,#971,.T.);
#4980=EDGE_CURVE('',#3836,#3876,#972,.T.);
#4981=EDGE_CURVE('',#3721,#3836,#2685,.T.);
#4982=EDGE_CURVE('',#3876,#3720,#2686,.T.);
#4983=EDGE_CURVE('',#3837,#3876,#973,.T.);
#4984=EDGE_CURVE('',#3877,#3839,#974,.T.);
#4985=EDGE_CURVE('',#3719,#3877,#2687,.T.);
#4986=EDGE_CURVE('',#3877,#3838,#975,.T.);
#4987=EDGE_CURVE('',#3877,#3876,#976,.T.);
#4988=EDGE_CURVE('',#3878,#3879,#977,.T.);
#4989=EDGE_CURVE('',#3879,#3880,#978,.T.);
#4990=EDGE_CURVE('',#3880,#3881,#979,.T.);
#4991=EDGE_CURVE('',#3881,#3882,#2688,.T.);
#4992=EDGE_CURVE('',#3882,#3883,#980,.T.);
#4993=EDGE_CURVE('',#3883,#3884,#981,.T.);
#4994=EDGE_CURVE('',#3884,#3885,#982,.T.);
#4995=EDGE_CURVE('',#3885,#3878,#2689,.T.);
#4996=EDGE_CURVE('',#3886,#3887,#983,.T.);
#4997=EDGE_CURVE('',#3887,#3888,#984,.T.);
#4998=EDGE_CURVE('',#3888,#3889,#2690,.T.);
#4999=EDGE_CURVE('',#3889,#3890,#985,.T.);
#5000=EDGE_CURVE('',#3890,#3891,#986,.T.);
#5001=EDGE_CURVE('',#3891,#3892,#987,.T.);
#5002=EDGE_CURVE('',#3892,#3893,#2691,.T.);
#5003=EDGE_CURVE('',#3893,#3886,#988,.T.);
#5004=EDGE_CURVE('',#3894,#3890,#2692,.T.);
#5005=EDGE_CURVE('',#3894,#3895,#989,.T.);
#5006=EDGE_CURVE('',#3895,#3891,#2693,.T.);
#5007=EDGE_CURVE('',#3895,#3896,#990,.T.);
#5008=EDGE_CURVE('',#3896,#3892,#2694,.T.);
#5009=EDGE_CURVE('',#3896,#3897,#2695,.T.);
#5010=EDGE_CURVE('',#3897,#3893,#2696,.T.);
#5011=EDGE_CURVE('',#3897,#3898,#991,.T.);
#5012=EDGE_CURVE('',#3898,#3886,#2697,.T.);
#5013=EDGE_CURVE('',#3899,#3882,#2698,.T.);
#5014=EDGE_CURVE('',#3899,#3900,#992,.T.);
#5015=EDGE_CURVE('',#3900,#3883,#2699,.T.);
#5016=EDGE_CURVE('',#3900,#3901,#993,.T.);
#5017=EDGE_CURVE('',#3901,#3884,#2700,.T.);
#5018=EDGE_CURVE('',#3901,#3902,#994,.T.);
#5019=EDGE_CURVE('',#3902,#3885,#2701,.T.);
#5020=EDGE_CURVE('',#3902,#3903,#2702,.T.);
#5021=EDGE_CURVE('',#3903,#3878,#2703,.T.);
#5022=EDGE_CURVE('',#3898,#3904,#995,.T.);
#5023=EDGE_CURVE('',#3904,#3887,#2704,.T.);
#5024=EDGE_CURVE('',#3904,#3905,#996,.T.);
#5025=EDGE_CURVE('',#3905,#3888,#2705,.T.);
#5026=EDGE_CURVE('',#3905,#3906,#2706,.T.);
#5027=EDGE_CURVE('',#3906,#3889,#2707,.T.);
#5028=EDGE_CURVE('',#3906,#3894,#997,.T.);
#5029=EDGE_CURVE('',#3903,#3907,#998,.T.);
#5030=EDGE_CURVE('',#3907,#3879,#2708,.T.);
#5031=EDGE_CURVE('',#3907,#3908,#999,.T.);
#5032=EDGE_CURVE('',#3908,#3880,#2709,.T.);
#5033=EDGE_CURVE('',#3908,#3909,#1000,.T.);
#5034=EDGE_CURVE('',#3909,#3881,#2710,.T.);
#5035=EDGE_CURVE('',#3909,#3899,#2711,.T.);
#5036=EDGE_CURVE('',#3910,#3911,#2712,.T.);
#5037=EDGE_CURVE('',#3911,#3912,#2713,.T.);
#5038=EDGE_CURVE('',#3912,#3913,#2714,.T.);
#5039=EDGE_CURVE('',#3913,#3910,#2715,.T.);
#5040=EDGE_CURVE('',#3912,#3914,#1001,.T.);
#5041=EDGE_CURVE('',#3914,#3915,#2716,.T.);
#5042=EDGE_CURVE('',#3915,#3913,#1002,.T.);
#5043=EDGE_CURVE('',#3512,#3915,#1003,.T.);
#5044=EDGE_CURVE('',#3914,#3513,#1004,.T.);
#5045=EDGE_CURVE('',#3916,#3911,#419,.T.);
#5046=EDGE_CURVE('',#3910,#3917,#420,.T.);
#5047=EDGE_CURVE('',#3917,#3916,#2717,.T.);
#5048=EDGE_CURVE('',#3918,#3916,#421,.F.);
#5049=EDGE_CURVE('',#3917,#3918,#1005,.T.);
#5050=EDGE_CURVE('',#3918,#3919,#2718,.T.);
#5051=EDGE_CURVE('',#3920,#3917,#2719,.T.);
#5052=EDGE_CURVE('',#3921,#3920,#1006,.T.);
#5053=EDGE_CURVE('',#3921,#3922,#2720,.T.);
#5054=EDGE_CURVE('',#3923,#3922,#1007,.T.);
#5055=EDGE_CURVE('',#3924,#3923,#2721,.T.);
#5056=EDGE_CURVE('',#3919,#3924,#1008,.T.);
#5057=EDGE_CURVE('',#3925,#3913,#2722,.T.);
#5058=EDGE_CURVE('',#3920,#3925,#2723,.T.);
#5059=EDGE_CURVE('',#3926,#3927,#2724,.T.);
#5060=EDGE_CURVE('',#3927,#3928,#1009,.T.);
#5061=EDGE_CURVE('',#3928,#3929,#2725,.T.);
#5062=EDGE_CURVE('',#3929,#3926,#1010,.T.);
#5063=EDGE_CURVE('',#3930,#3931,#2726,.T.);
#5064=EDGE_CURVE('',#3931,#3929,#2727,.T.);
#5065=EDGE_CURVE('',#3928,#3930,#2728,.T.);
#5066=EDGE_CURVE('',#3927,#3775,#1011,.T.);
#5067=EDGE_CURVE('',#3926,#3774,#1012,.T.);
#5068=EDGE_CURVE('',#3932,#3930,#422,.F.);
#5069=EDGE_CURVE('',#3932,#3933,#2729,.T.);
#5070=EDGE_CURVE('',#3933,#3931,#423,.T.);
#5071=EDGE_CURVE('',#3934,#3932,#424,.T.);
#5072=EDGE_CURVE('',#3934,#3933,#1013,.T.);
#5073=EDGE_CURVE('',#3935,#3933,#2730,.T.);
#5074=EDGE_CURVE('',#3935,#3936,#2731,.T.);
#5075=EDGE_CURVE('',#3929,#3936,#2732,.T.);
#5076=EDGE_CURVE('',#3937,#3934,#2733,.T.);
#5077=EDGE_CURVE('',#3938,#3937,#1014,.T.);
#5078=EDGE_CURVE('',#3939,#3938,#2734,.T.);
#5079=EDGE_CURVE('',#3940,#3939,#1015,.T.);
#5080=EDGE_CURVE('',#3941,#3940,#2735,.T.);
#5081=EDGE_CURVE('',#3935,#3941,#1016,.T.);
#5082=EDGE_CURVE('',#3942,#3820,#1017,.T.);
#5083=EDGE_CURVE('',#3930,#3942,#1018,.T.);
#5084=EDGE_CURVE('',#3943,#3944,#2736,.T.);
#5085=EDGE_CURVE('',#3944,#3945,#2737,.T.);
#5086=EDGE_CURVE('',#3945,#3946,#2738,.T.);
#5087=EDGE_CURVE('',#3946,#3943,#2739,.T.);
#5088=EDGE_CURVE('',#3947,#3948,#2740,.T.);
#5089=EDGE_CURVE('',#3948,#3946,#1019,.T.);
#5090=EDGE_CURVE('',#3945,#3947,#1020,.T.);
#5091=EDGE_CURVE('',#3947,#3949,#1021,.T.);
#5092=EDGE_CURVE('',#3949,#3950,#2741,.T.);
#5093=EDGE_CURVE('',#3950,#3948,#1022,.T.);
#5094=EDGE_CURVE('',#3951,#3952,#2742,.T.);
#5095=EDGE_CURVE('',#3952,#3950,#1023,.T.);
#5096=EDGE_CURVE('',#3949,#3951,#1024,.T.);
#5097=EDGE_CURVE('',#3953,#3954,#2743,.T.);
#5098=EDGE_CURVE('',#3954,#3952,#2744,.T.);
#5099=EDGE_CURVE('',#3951,#3953,#2745,.T.);
#5100=EDGE_CURVE('',#3955,#3943,#425,.F.);
#5101=EDGE_CURVE('',#3955,#3922,#2746,.T.);
#5102=EDGE_CURVE('',#3922,#3944,#426,.T.);
#5103=EDGE_CURVE('',#3923,#3955,#427,.T.);
#5104=EDGE_CURVE('',#3956,#3954,#428,.T.);
#5105=EDGE_CURVE('',#3953,#3940,#429,.T.);
#5106=EDGE_CURVE('',#3940,#3956,#2747,.T.);
#5107=EDGE_CURVE('',#3939,#3956,#430,.F.);
#5108=EDGE_CURVE('',#3957,#3951,#2748,.T.);
#5109=EDGE_CURVE('',#3941,#3957,#2749,.T.);
#5110=EDGE_CURVE('',#3949,#3958,#2750,.T.);
#5111=EDGE_CURVE('',#3958,#3957,#1025,.T.);
#5112=EDGE_CURVE('',#3959,#3947,#2751,.T.);
#5113=EDGE_CURVE('',#3958,#3959,#1026,.T.);
#5114=EDGE_CURVE('',#3945,#3960,#2752,.T.);
#5115=EDGE_CURVE('',#3960,#3959,#1027,.T.);
#5116=EDGE_CURVE('',#3961,#3961,#1028,.T.);
#5117=EDGE_CURVE('',#3961,#3962,#2753,.T.);
#5118=EDGE_CURVE('',#3962,#3962,#1029,.T.);
#5119=EDGE_CURVE('',#3963,#3963,#1030,.T.);
#5120=EDGE_CURVE('',#3963,#3962,#2754,.T.);
#5121=EDGE_CURVE('',#3963,#3757,#2755,.T.);
#5122=EDGE_CURVE('',#3937,#3964,#2756,.T.);
#5123=EDGE_CURVE('',#3964,#3965,#1031,.T.);
#5124=EDGE_CURVE('',#3965,#3938,#2757,.T.);
#5125=EDGE_CURVE('',#3965,#3966,#1032,.T.);
#5126=EDGE_CURVE('',#3966,#3967,#2758,.T.);
#5127=EDGE_CURVE('',#3967,#3938,#1033,.T.);
#5128=EDGE_CURVE('',#3937,#3968,#1034,.T.);
#5129=EDGE_CURVE('',#3968,#3969,#2759,.T.);
#5130=EDGE_CURVE('',#3969,#3964,#1035,.T.);
#5131=EDGE_CURVE('',#3970,#3971,#2760,.T.);
#5132=EDGE_CURVE('',#3971,#3967,#1036,.T.);
#5133=EDGE_CURVE('',#3966,#3970,#1037,.T.);
#5134=EDGE_CURVE('',#3812,#3969,#1038,.T.);
#5135=EDGE_CURVE('',#3968,#3813,#1039,.T.);
#5136=EDGE_CURVE('',#3972,#3924,#2761,.T.);
#5137=EDGE_CURVE('',#3924,#3971,#1040,.T.);
#5138=EDGE_CURVE('',#3970,#3972,#1041,.T.);
#5139=EDGE_CURVE('',#3972,#3973,#1042,.T.);
#5140=EDGE_CURVE('',#3973,#3919,#2762,.T.);
#5141=EDGE_CURVE('',#3973,#3974,#1043,.T.);
#5142=EDGE_CURVE('',#3974,#3975,#2763,.T.);
#5143=EDGE_CURVE('',#3975,#3919,#1044,.T.);
#5144=EDGE_CURVE('',#3975,#3569,#1045,.T.);
#5145=EDGE_CURVE('',#3974,#3570,#1046,.T.);
#5146=EDGE_CURVE('',#3942,#3968,#2764,.T.);
#5147=EDGE_CURVE('',#3967,#3976,#2765,.T.);
#5148=EDGE_CURVE('',#3954,#3976,#1047,.F.);
#5149=EDGE_CURVE('',#3977,#3971,#2766,.T.);
#5150=EDGE_CURVE('',#3976,#3977,#1048,.T.);
#5151=EDGE_CURVE('',#3943,#3977,#1049,.T.);
#5152=EDGE_CURVE('',#3975,#3978,#2767,.T.);
#5153=EDGE_CURVE('',#3911,#3978,#1050,.F.);
#5154=EDGE_CURVE('',#3978,#3573,#1051,.T.);
#5155=EDGE_CURVE('',#3979,#3979,#1052,.T.);
#5156=EDGE_CURVE('',#3979,#3980,#2768,.T.);
#5157=EDGE_CURVE('',#3980,#3980,#1053,.T.);
#5158=EDGE_CURVE('',#3981,#3981,#1054,.T.);
#5159=EDGE_CURVE('',#3981,#3982,#2769,.T.);
#5160=EDGE_CURVE('',#3982,#3982,#1055,.T.);
#5161=EDGE_CURVE('',#3983,#3984,#1056,.T.);
#5162=EDGE_CURVE('',#3984,#3983,#1057,.T.);
#5163=EDGE_CURVE('',#3983,#3985,#1058,.T.);
#5164=EDGE_CURVE('',#3985,#3985,#1059,.T.);
#5165=EDGE_CURVE('',#3986,#3987,#1060,.T.);
#5166=EDGE_CURVE('',#3986,#3984,#2770,.T.);
#5167=EDGE_CURVE('',#3987,#3986,#1061,.T.);
#5168=EDGE_CURVE('',#3988,#3988,#1062,.T.);
#5169=EDGE_CURVE('',#3988,#3987,#1063,.T.);
#5170=EDGE_CURVE('',#3936,#3989,#1064,.T.);
#5171=EDGE_CURVE('',#3989,#3926,#2771,.T.);
#5172=EDGE_CURVE('',#3921,#3960,#2772,.T.);
#5173=EDGE_CURVE('',#3915,#3990,#2773,.T.);
#5174=EDGE_CURVE('',#3990,#3925,#1065,.T.);
#5175=EDGE_CURVE('',#3990,#3579,#1066,.T.);
#5176=EDGE_CURVE('',#3991,#3992,#1067,.T.);
#5177=EDGE_CURVE('',#3992,#3725,#2774,.T.);
#5178=EDGE_CURVE('',#3724,#3991,#2775,.T.);
#5179=EDGE_CURVE('',#3993,#3991,#1068,.T.);
#5180=EDGE_CURVE('',#3991,#3994,#1069,.T.);
#5181=EDGE_CURVE('',#3994,#3995,#1070,.T.);
#5182=EDGE_CURVE('',#3995,#3993,#1071,.T.);
#5183=EDGE_CURVE('',#3993,#3992,#1072,.T.);
#5184=EDGE_CURVE('',#3996,#3994,#1073,.T.);
#5185=EDGE_CURVE('',#3994,#3731,#2776,.T.);
#5186=EDGE_CURVE('',#3730,#3996,#2777,.T.);
#5187=EDGE_CURVE('',#3996,#3995,#1074,.T.);
#5188=EDGE_CURVE('',#3997,#3992,#431,.T.);
#5189=EDGE_CURVE('',#3726,#3997,#2778,.T.);
#5190=EDGE_CURVE('',#3993,#3998,#432,.T.);
#5191=EDGE_CURVE('',#3998,#3997,#1075,.T.);
#5192=EDGE_CURVE('',#3999,#3995,#433,.T.);
#5193=EDGE_CURVE('',#3998,#3999,#1076,.T.);
#5194=EDGE_CURVE('',#3996,#4000,#434,.T.);
#5195=EDGE_CURVE('',#4000,#3999,#1077,.T.);
#5196=EDGE_CURVE('',#4000,#3729,#2779,.T.);
#5197=EDGE_CURVE('',#4001,#4002,#1078,.T.);
#5198=EDGE_CURVE('',#4002,#3733,#2780,.T.);
#5199=EDGE_CURVE('',#3732,#4001,#2781,.T.);
#5200=EDGE_CURVE('',#4003,#4001,#1079,.T.);
#5201=EDGE_CURVE('',#4001,#4004,#1080,.T.);
#5202=EDGE_CURVE('',#4004,#4005,#1081,.T.);
#5203=EDGE_CURVE('',#4005,#4003,#1082,.T.);
#5204=EDGE_CURVE('',#4003,#4002,#1083,.T.);
#5205=EDGE_CURVE('',#4006,#4004,#1084,.T.);
#5206=EDGE_CURVE('',#4004,#3739,#2782,.T.);
#5207=EDGE_CURVE('',#3738,#4006,#2783,.T.);
#5208=EDGE_CURVE('',#4006,#4005,#1085,.T.);
#5209=EDGE_CURVE('',#4007,#4002,#435,.T.);
#5210=EDGE_CURVE('',#3734,#4007,#2784,.T.);
#5211=EDGE_CURVE('',#4003,#4008,#436,.T.);
#5212=EDGE_CURVE('',#4008,#4007,#1086,.T.);
#5213=EDGE_CURVE('',#4009,#4005,#437,.T.);
#5214=EDGE_CURVE('',#4008,#4009,#1087,.T.);
#5215=EDGE_CURVE('',#4006,#4010,#438,.T.);
#5216=EDGE_CURVE('',#4010,#4009,#1088,.T.);
#5217=EDGE_CURVE('',#4010,#3737,#2785,.T.);
#5218=EDGE_CURVE('',#4011,#4012,#1089,.T.);
#5219=EDGE_CURVE('',#4012,#3741,#2786,.T.);
#5220=EDGE_CURVE('',#3740,#4011,#2787,.T.);
#5221=EDGE_CURVE('',#4013,#4011,#1090,.T.);
#5222=EDGE_CURVE('',#4011,#4014,#1091,.T.);
#5223=EDGE_CURVE('',#4014,#4015,#1092,.T.);
#5224=EDGE_CURVE('',#4015,#4013,#1093,.T.);
#5225=EDGE_CURVE('',#4013,#4012,#1094,.T.);
#5226=EDGE_CURVE('',#4016,#4014,#1095,.T.);
#5227=EDGE_CURVE('',#4014,#3747,#2788,.T.);
#5228=EDGE_CURVE('',#3746,#4016,#2789,.T.);
#5229=EDGE_CURVE('',#4016,#4015,#1096,.T.);
#5230=EDGE_CURVE('',#4017,#4012,#439,.T.);
#5231=EDGE_CURVE('',#3742,#4017,#2790,.T.);
#5232=EDGE_CURVE('',#4013,#4018,#440,.T.);
#5233=EDGE_CURVE('',#4018,#4017,#1097,.T.);
#5234=EDGE_CURVE('',#4019,#4015,#441,.T.);
#5235=EDGE_CURVE('',#4018,#4019,#1098,.T.);
#5236=EDGE_CURVE('',#4016,#4020,#442,.T.);
#5237=EDGE_CURVE('',#4020,#4019,#1099,.T.);
#5238=EDGE_CURVE('',#4020,#3745,#2791,.T.);
#5239=EDGE_CURVE('',#4021,#4022,#1100,.T.);
#5240=EDGE_CURVE('',#4022,#3749,#2792,.T.);
#5241=EDGE_CURVE('',#3748,#4021,#2793,.T.);
#5242=EDGE_CURVE('',#4023,#4021,#1101,.T.);
#5243=EDGE_CURVE('',#4021,#4024,#1102,.T.);
#5244=EDGE_CURVE('',#4024,#4025,#1103,.T.);
#5245=EDGE_CURVE('',#4025,#4023,#1104,.T.);
#5246=EDGE_CURVE('',#4023,#4022,#1105,.T.);
#5247=EDGE_CURVE('',#4026,#4024,#1106,.T.);
#5248=EDGE_CURVE('',#4024,#3755,#2794,.T.);
#5249=EDGE_CURVE('',#3754,#4026,#2795,.T.);
#5250=EDGE_CURVE('',#4026,#4025,#1107,.T.);
#5251=EDGE_CURVE('',#4027,#4022,#443,.T.);
#5252=EDGE_CURVE('',#3750,#4027,#2796,.T.);
#5253=EDGE_CURVE('',#4023,#4028,#444,.T.);
#5254=EDGE_CURVE('',#4028,#4027,#1108,.T.);
#5255=EDGE_CURVE('',#4029,#4025,#445,.T.);
#5256=EDGE_CURVE('',#4028,#4029,#1109,.T.);
#5257=EDGE_CURVE('',#4026,#4030,#446,.T.);
#5258=EDGE_CURVE('',#4030,#4029,#1110,.T.);
#5259=EDGE_CURVE('',#4030,#3753,#2797,.T.);
#5260=EDGE_CURVE('',#4031,#4031,#1111,.T.);
#5261=EDGE_CURVE('',#4031,#3756,#2798,.T.);
#5262=EDGE_CURVE('',#4032,#4030,#1112,.T.);
#5263=EDGE_CURVE('',#3752,#4032,#2799,.T.);
#5264=EDGE_CURVE('',#4032,#4029,#1113,.T.);
#5265=EDGE_CURVE('',#4032,#4033,#1114,.T.);
#5266=EDGE_CURVE('',#4028,#4033,#1115,.T.);
#5267=EDGE_CURVE('',#4033,#3751,#2800,.T.);
#5268=EDGE_CURVE('',#4027,#4033,#1116,.T.);
#5269=EDGE_CURVE('',#4034,#4020,#1117,.T.);
#5270=EDGE_CURVE('',#3744,#4034,#2801,.T.);
#5271=EDGE_CURVE('',#4034,#4019,#1118,.T.);
#5272=EDGE_CURVE('',#4034,#4035,#1119,.T.);
#5273=EDGE_CURVE('',#4018,#4035,#1120,.T.);
#5274=EDGE_CURVE('',#4035,#3743,#2802,.T.);
#5275=EDGE_CURVE('',#4036,#4010,#1121,.T.);
#5276=EDGE_CURVE('',#3736,#4036,#2803,.T.);
#5277=EDGE_CURVE('',#4036,#4009,#1122,.T.);
#5278=EDGE_CURVE('',#4036,#4037,#1123,.T.);
#5279=EDGE_CURVE('',#4008,#4037,#1124,.T.);
#5280=EDGE_CURVE('',#4037,#3735,#2804,.T.);
#5281=EDGE_CURVE('',#4017,#4035,#1125,.T.);
#5282=EDGE_CURVE('',#4007,#4037,#1126,.T.);
#5283=EDGE_CURVE('',#3997,#4038,#1127,.T.);
#5284=EDGE_CURVE('',#4038,#3727,#2805,.T.);
#5285=EDGE_CURVE('',#3998,#4038,#1128,.T.);
#5286=EDGE_CURVE('',#4039,#4000,#1129,.T.);
#5287=EDGE_CURVE('',#3728,#4039,#2806,.T.);
#5288=EDGE_CURVE('',#4039,#3999,#1130,.T.);
#5289=EDGE_CURVE('',#4039,#4038,#1131,.T.);
#5290=EDGE_CURVE('',#4040,#4041,#1132,.T.);
#5291=EDGE_CURVE('',#4042,#4040,#2807,.T.);
#5292=EDGE_CURVE('',#4043,#4042,#1133,.T.);
#5293=EDGE_CURVE('',#4044,#4043,#1134,.T.);
#5294=EDGE_CURVE('',#4045,#4044,#1135,.T.);
#5295=EDGE_CURVE('',#4046,#4045,#2808,.T.);
#5296=EDGE_CURVE('',#4047,#4046,#1136,.T.);
#5297=EDGE_CURVE('',#4041,#4047,#1137,.T.);
#5298=EDGE_CURVE('',#4048,#4049,#1138,.T.);
#5299=EDGE_CURVE('',#4050,#4048,#1139,.T.);
#5300=EDGE_CURVE('',#4051,#4050,#2809,.T.);
#5301=EDGE_CURVE('',#4052,#4051,#1140,.T.);
#5302=EDGE_CURVE('',#4053,#4052,#1141,.T.);
#5303=EDGE_CURVE('',#4054,#4053,#1142,.T.);
#5304=EDGE_CURVE('',#4055,#4054,#2810,.T.);
#5305=EDGE_CURVE('',#4049,#4055,#1143,.T.);
#5306=EDGE_CURVE('',#3828,#3989,#1144,.T.);
#5307=EDGE_CURVE('',#4056,#4052,#2811,.T.);
#5308=EDGE_CURVE('',#4057,#4056,#1145,.T.);
#5309=EDGE_CURVE('',#4057,#4053,#2812,.T.);
#5310=EDGE_CURVE('',#4058,#4051,#2813,.T.);
#5311=EDGE_CURVE('',#4056,#4058,#1146,.T.);
#5312=EDGE_CURVE('',#4059,#4050,#2814,.T.);
#5313=EDGE_CURVE('',#4058,#4059,#2815,.T.);
#5314=EDGE_CURVE('',#4060,#4048,#2816,.T.);
#5315=EDGE_CURVE('',#4059,#4060,#1147,.T.);
#5316=EDGE_CURVE('',#4061,#4044,#2817,.T.);
#5317=EDGE_CURVE('',#4062,#4061,#1148,.T.);
#5318=EDGE_CURVE('',#4062,#4045,#2818,.T.);
#5319=EDGE_CURVE('',#4063,#4043,#2819,.T.);
#5320=EDGE_CURVE('',#4061,#4063,#1149,.T.);
#5321=EDGE_CURVE('',#4064,#4042,#2820,.T.);
#5322=EDGE_CURVE('',#4063,#4064,#1150,.T.);
#5323=EDGE_CURVE('',#4065,#4040,#2821,.T.);
#5324=EDGE_CURVE('',#4064,#4065,#2822,.T.);
#5325=EDGE_CURVE('',#4066,#4049,#2823,.T.);
#5326=EDGE_CURVE('',#4060,#4066,#1151,.T.);
#5327=EDGE_CURVE('',#4067,#4055,#2824,.T.);
#5328=EDGE_CURVE('',#4066,#4067,#1152,.T.);
#5329=EDGE_CURVE('',#4068,#4054,#2825,.T.);
#5330=EDGE_CURVE('',#4067,#4068,#2826,.T.);
#5331=EDGE_CURVE('',#4068,#4057,#1153,.T.);
#5332=EDGE_CURVE('',#4069,#4041,#2827,.T.);
#5333=EDGE_CURVE('',#4065,#4069,#1154,.T.);
#5334=EDGE_CURVE('',#4070,#4047,#2828,.T.);
#5335=EDGE_CURVE('',#4069,#4070,#1155,.T.);
#5336=EDGE_CURVE('',#4071,#4046,#2829,.T.);
#5337=EDGE_CURVE('',#4070,#4071,#1156,.T.);
#5338=EDGE_CURVE('',#4071,#4062,#2830,.T.);
#5339=ORIENTED_EDGE('',*,*,#4072,.T.);
#5340=ORIENTED_EDGE('',*,*,#4073,.T.);
#5341=ORIENTED_EDGE('',*,*,#4074,.T.);
#5342=ORIENTED_EDGE('',*,*,#4075,.T.);
#5343=ORIENTED_EDGE('',*,*,#4074,.F.);
#5344=ORIENTED_EDGE('',*,*,#4076,.T.);
#5345=ORIENTED_EDGE('',*,*,#4077,.T.);
#5346=ORIENTED_EDGE('',*,*,#4078,.T.);
#5347=ORIENTED_EDGE('',*,*,#4079,.T.);
#5348=ORIENTED_EDGE('',*,*,#4072,.F.);
#5349=ORIENTED_EDGE('',*,*,#4080,.T.);
#5350=ORIENTED_EDGE('',*,*,#4081,.T.);
#5351=ORIENTED_EDGE('',*,*,#4082,.T.);
#5352=ORIENTED_EDGE('',*,*,#4081,.F.);
#5353=ORIENTED_EDGE('',*,*,#4083,.T.);
#5354=ORIENTED_EDGE('',*,*,#4084,.F.);
#5355=ORIENTED_EDGE('',*,*,#4083,.F.);
#5356=ORIENTED_EDGE('',*,*,#4085,.F.);
#5357=ORIENTED_EDGE('',*,*,#4086,.F.);
#5358=ORIENTED_EDGE('',*,*,#4087,.T.);
#5359=ORIENTED_EDGE('',*,*,#4088,.F.);
#5360=ORIENTED_EDGE('',*,*,#4089,.F.);
#5361=ORIENTED_EDGE('',*,*,#4090,.F.);
#5362=ORIENTED_EDGE('',*,*,#4080,.F.);
#5363=ORIENTED_EDGE('',*,*,#4075,.F.);
#5364=ORIENTED_EDGE('',*,*,#4091,.F.);
#5365=ORIENTED_EDGE('',*,*,#4092,.F.);
#5366=ORIENTED_EDGE('',*,*,#4085,.T.);
#5367=ORIENTED_EDGE('',*,*,#4093,.T.);
#5368=ORIENTED_EDGE('',*,*,#4094,.T.);
#5369=ORIENTED_EDGE('',*,*,#4095,.T.);
#5370=ORIENTED_EDGE('',*,*,#4096,.T.);
#5371=ORIENTED_EDGE('',*,*,#4097,.T.);
#5372=ORIENTED_EDGE('',*,*,#4098,.T.);
#5373=ORIENTED_EDGE('',*,*,#4095,.F.);
#5374=ORIENTED_EDGE('',*,*,#4099,.T.);
#5375=ORIENTED_EDGE('',*,*,#4100,.F.);
#5376=ORIENTED_EDGE('',*,*,#4101,.T.);
#5377=ORIENTED_EDGE('',*,*,#4102,.T.);
#5378=ORIENTED_EDGE('',*,*,#4097,.F.);
#5379=ORIENTED_EDGE('',*,*,#4103,.F.);
#5380=ORIENTED_EDGE('',*,*,#4104,.T.);
#5381=ORIENTED_EDGE('',*,*,#4101,.F.);
#5382=ORIENTED_EDGE('',*,*,#4098,.F.);
#5383=ORIENTED_EDGE('',*,*,#4102,.F.);
#5384=ORIENTED_EDGE('',*,*,#4105,.F.);
#5385=ORIENTED_EDGE('',*,*,#4106,.T.);
#5386=ORIENTED_EDGE('',*,*,#4107,.F.);
#5387=ORIENTED_EDGE('',*,*,#4104,.F.);
#5388=ORIENTED_EDGE('',*,*,#4108,.F.);
#5389=ORIENTED_EDGE('',*,*,#4109,.F.);
#5390=ORIENTED_EDGE('',*,*,#4110,.F.);
#5391=ORIENTED_EDGE('',*,*,#4111,.F.);
#5392=ORIENTED_EDGE('',*,*,#4112,.F.);
#5393=ORIENTED_EDGE('',*,*,#4113,.F.);
#5394=ORIENTED_EDGE('',*,*,#4105,.T.);
#5395=ORIENTED_EDGE('',*,*,#4114,.T.);
#5396=ORIENTED_EDGE('',*,*,#4115,.T.);
#5397=ORIENTED_EDGE('',*,*,#4116,.T.);
#5398=ORIENTED_EDGE('',*,*,#4117,.T.);
#5399=ORIENTED_EDGE('',*,*,#4118,.T.);
#5400=ORIENTED_EDGE('',*,*,#4119,.T.);
#5401=ORIENTED_EDGE('',*,*,#4116,.F.);
#5402=ORIENTED_EDGE('',*,*,#4120,.T.);
#5403=ORIENTED_EDGE('',*,*,#4118,.F.);
#5404=ORIENTED_EDGE('',*,*,#4121,.T.);
#5405=ORIENTED_EDGE('',*,*,#4122,.T.);
#5406=ORIENTED_EDGE('',*,*,#4123,.T.);
#5407=ORIENTED_EDGE('',*,*,#4124,.T.);
#5408=ORIENTED_EDGE('',*,*,#4125,.T.);
#5409=ORIENTED_EDGE('',*,*,#4122,.F.);
#5410=ORIENTED_EDGE('',*,*,#4126,.T.);
#5411=ORIENTED_EDGE('',*,*,#4127,.T.);
#5412=ORIENTED_EDGE('',*,*,#4128,.T.);
#5413=ORIENTED_EDGE('',*,*,#4124,.F.);
#5414=ORIENTED_EDGE('',*,*,#4129,.T.);
#5415=ORIENTED_EDGE('',*,*,#4130,.F.);
#5416=ORIENTED_EDGE('',*,*,#4131,.T.);
#5417=ORIENTED_EDGE('',*,*,#4132,.T.);
#5418=ORIENTED_EDGE('',*,*,#4114,.F.);
#5419=ORIENTED_EDGE('',*,*,#4133,.F.);
#5420=ORIENTED_EDGE('',*,*,#4088,.T.);
#5421=ORIENTED_EDGE('',*,*,#4131,.F.);
#5422=ORIENTED_EDGE('',*,*,#4134,.T.);
#5423=ORIENTED_EDGE('',*,*,#4127,.F.);
#5424=ORIENTED_EDGE('',*,*,#4135,.T.);
#5425=ORIENTED_EDGE('',*,*,#4136,.T.);
#5426=ORIENTED_EDGE('',*,*,#4137,.T.);
#5427=ORIENTED_EDGE('',*,*,#4136,.F.);
#5428=ORIENTED_EDGE('',*,*,#4111,.T.);
#5429=ORIENTED_EDGE('',*,*,#4135,.F.);
#5430=ORIENTED_EDGE('',*,*,#4129,.F.);
#5431=ORIENTED_EDGE('',*,*,#4138,.F.);
#5432=ORIENTED_EDGE('',*,*,#4139,.F.);
#5433=ORIENTED_EDGE('',*,*,#4112,.T.);
#5434=ORIENTED_EDGE('',*,*,#4126,.F.);
#5435=ORIENTED_EDGE('',*,*,#4140,.T.);
#5436=ORIENTED_EDGE('',*,*,#4141,.T.);
#5437=ORIENTED_EDGE('',*,*,#4138,.T.);
#5438=ORIENTED_EDGE('',*,*,#4121,.F.);
#5439=ORIENTED_EDGE('',*,*,#4142,.F.);
#5440=ORIENTED_EDGE('',*,*,#4143,.F.);
#5441=ORIENTED_EDGE('',*,*,#4140,.F.);
#5442=ORIENTED_EDGE('',*,*,#4120,.F.);
#5443=ORIENTED_EDGE('',*,*,#4144,.T.);
#5444=ORIENTED_EDGE('',*,*,#4145,.T.);
#5445=ORIENTED_EDGE('',*,*,#4142,.T.);
#5446=ORIENTED_EDGE('',*,*,#4146,.T.);
#5447=ORIENTED_EDGE('',*,*,#4147,.T.);
#5448=ORIENTED_EDGE('',*,*,#4148,.T.);
#5449=ORIENTED_EDGE('',*,*,#4109,.T.);
#5450=ORIENTED_EDGE('',*,*,#4148,.F.);
#5451=ORIENTED_EDGE('',*,*,#4149,.T.);
#5452=ORIENTED_EDGE('',*,*,#4150,.T.);
#5453=ORIENTED_EDGE('',*,*,#4151,.T.);
#5454=ORIENTED_EDGE('',*,*,#4146,.F.);
#5455=ORIENTED_EDGE('',*,*,#4152,.T.);
#5456=ORIENTED_EDGE('',*,*,#4153,.T.);
#5457=ORIENTED_EDGE('',*,*,#4154,.T.);
#5458=ORIENTED_EDGE('',*,*,#4155,.T.);
#5459=ORIENTED_EDGE('',*,*,#4156,.T.);
#5460=ORIENTED_EDGE('',*,*,#4150,.F.);
#5461=ORIENTED_EDGE('',*,*,#4157,.T.);
#5462=ORIENTED_EDGE('',*,*,#4158,.T.);
#5463=ORIENTED_EDGE('',*,*,#4159,.T.);
#5464=ORIENTED_EDGE('',*,*,#4155,.F.);
#5465=ORIENTED_EDGE('',*,*,#4160,.T.);
#5466=ORIENTED_EDGE('',*,*,#4158,.F.);
#5467=ORIENTED_EDGE('',*,*,#4161,.T.);
#5468=ORIENTED_EDGE('',*,*,#4162,.T.);
#5469=ORIENTED_EDGE('',*,*,#4090,.T.);
#5470=ORIENTED_EDGE('',*,*,#4162,.F.);
#5471=ORIENTED_EDGE('',*,*,#4163,.T.);
#5472=ORIENTED_EDGE('',*,*,#4164,.T.);
#5473=ORIENTED_EDGE('',*,*,#4165,.T.);
#5474=ORIENTED_EDGE('',*,*,#4152,.F.);
#5475=ORIENTED_EDGE('',*,*,#4108,.T.);
#5476=ORIENTED_EDGE('',*,*,#4103,.T.);
#5477=ORIENTED_EDGE('',*,*,#4100,.T.);
#5478=ORIENTED_EDGE('',*,*,#4166,.T.);
#5479=ORIENTED_EDGE('',*,*,#4167,.T.);
#5480=ORIENTED_EDGE('',*,*,#4151,.F.);
#5481=ORIENTED_EDGE('',*,*,#4168,.T.);
#5482=ORIENTED_EDGE('',*,*,#4169,.F.);
#5483=ORIENTED_EDGE('',*,*,#4134,.F.);
#5484=ORIENTED_EDGE('',*,*,#4137,.F.);
#5485=ORIENTED_EDGE('',*,*,#4110,.T.);
#5486=ORIENTED_EDGE('',*,*,#4156,.F.);
#5487=ORIENTED_EDGE('',*,*,#4170,.F.);
#5488=ORIENTED_EDGE('',*,*,#4171,.F.);
#5489=ORIENTED_EDGE('',*,*,#4168,.F.);
#5490=ORIENTED_EDGE('',*,*,#4159,.F.);
#5491=ORIENTED_EDGE('',*,*,#4089,.T.);
#5492=ORIENTED_EDGE('',*,*,#4133,.T.);
#5493=ORIENTED_EDGE('',*,*,#4130,.T.);
#5494=ORIENTED_EDGE('',*,*,#4172,.T.);
#5495=ORIENTED_EDGE('',*,*,#4170,.T.);
#5496=ORIENTED_EDGE('',*,*,#4165,.F.);
#5497=ORIENTED_EDGE('',*,*,#4173,.T.);
#5498=ORIENTED_EDGE('',*,*,#4174,.F.);
#5499=ORIENTED_EDGE('',*,*,#4079,.F.);
#5500=ORIENTED_EDGE('',*,*,#4082,.F.);
#5501=ORIENTED_EDGE('',*,*,#4084,.T.);
#5502=ORIENTED_EDGE('',*,*,#4175,.F.);
#5503=ORIENTED_EDGE('',*,*,#4176,.T.);
#5504=ORIENTED_EDGE('',*,*,#4177,.F.);
#5505=ORIENTED_EDGE('',*,*,#4176,.F.);
#5506=ORIENTED_EDGE('',*,*,#4178,.F.);
#5507=ORIENTED_EDGE('',*,*,#4179,.T.);
#5508=ORIENTED_EDGE('',*,*,#4180,.F.);
#5509=ORIENTED_EDGE('',*,*,#4179,.F.);
#5510=ORIENTED_EDGE('',*,*,#4096,.F.);
#5511=ORIENTED_EDGE('',*,*,#4107,.T.);
#5512=ORIENTED_EDGE('',*,*,#4181,.T.);
#5513=ORIENTED_EDGE('',*,*,#4182,.T.);
#5514=ORIENTED_EDGE('',*,*,#4132,.F.);
#5515=ORIENTED_EDGE('',*,*,#4087,.F.);
#5516=ORIENTED_EDGE('',*,*,#4183,.T.);
#5517=ORIENTED_EDGE('',*,*,#4144,.F.);
#5518=ORIENTED_EDGE('',*,*,#4115,.F.);
#5519=ORIENTED_EDGE('',*,*,#4078,.F.);
#5520=ORIENTED_EDGE('',*,*,#4184,.T.);
#5521=ORIENTED_EDGE('',*,*,#4185,.T.);
#5522=ORIENTED_EDGE('',*,*,#4091,.T.);
#5523=ORIENTED_EDGE('',*,*,#4186,.T.);
#5524=ORIENTED_EDGE('',*,*,#4187,.F.);
#5525=ORIENTED_EDGE('',*,*,#4188,.T.);
#5526=ORIENTED_EDGE('',*,*,#4189,.T.);
#5527=ORIENTED_EDGE('',*,*,#4190,.T.);
#5528=ORIENTED_EDGE('',*,*,#4191,.T.);
#5529=ORIENTED_EDGE('',*,*,#4192,.T.);
#5530=ORIENTED_EDGE('',*,*,#4193,.T.);
#5531=ORIENTED_EDGE('',*,*,#4190,.F.);
#5532=ORIENTED_EDGE('',*,*,#4194,.T.);
#5533=ORIENTED_EDGE('',*,*,#4186,.F.);
#5534=ORIENTED_EDGE('',*,*,#4195,.T.);
#5535=ORIENTED_EDGE('',*,*,#4196,.T.);
#5536=ORIENTED_EDGE('',*,*,#4197,.T.);
#5537=ORIENTED_EDGE('',*,*,#4198,.T.);
#5538=ORIENTED_EDGE('',*,*,#4195,.F.);
#5539=ORIENTED_EDGE('',*,*,#4199,.T.);
#5540=ORIENTED_EDGE('',*,*,#4192,.F.);
#5541=ORIENTED_EDGE('',*,*,#4194,.F.);
#5542=ORIENTED_EDGE('',*,*,#4200,.T.);
#5543=ORIENTED_EDGE('',*,*,#4201,.T.);
#5544=ORIENTED_EDGE('',*,*,#4202,.T.);
#5545=ORIENTED_EDGE('',*,*,#4193,.F.);
#5546=ORIENTED_EDGE('',*,*,#4203,.F.);
#5547=ORIENTED_EDGE('',*,*,#4204,.F.);
#5548=ORIENTED_EDGE('',*,*,#4200,.F.);
#5549=ORIENTED_EDGE('',*,*,#4199,.F.);
#5550=ORIENTED_EDGE('',*,*,#4205,.T.);
#5551=ORIENTED_EDGE('',*,*,#4206,.T.);
#5552=ORIENTED_EDGE('',*,*,#4203,.T.);
#5553=ORIENTED_EDGE('',*,*,#4198,.F.);
#5554=ORIENTED_EDGE('',*,*,#4207,.T.);
#5555=ORIENTED_EDGE('',*,*,#4208,.F.);
#5556=ORIENTED_EDGE('',*,*,#4205,.F.);
#5557=ORIENTED_EDGE('',*,*,#4209,.T.);
#5558=ORIENTED_EDGE('',*,*,#4210,.T.);
#5559=ORIENTED_EDGE('',*,*,#4211,.T.);
#5560=ORIENTED_EDGE('',*,*,#4212,.T.);
#5561=ORIENTED_EDGE('',*,*,#4213,.T.);
#5562=ORIENTED_EDGE('',*,*,#4214,.T.);
#5563=ORIENTED_EDGE('',*,*,#4215,.T.);
#5564=ORIENTED_EDGE('',*,*,#4216,.T.);
#5565=ORIENTED_EDGE('',*,*,#4213,.F.);
#5566=ORIENTED_EDGE('',*,*,#4217,.T.);
#5567=ORIENTED_EDGE('',*,*,#4209,.F.);
#5568=ORIENTED_EDGE('',*,*,#4218,.T.);
#5569=ORIENTED_EDGE('',*,*,#4219,.T.);
#5570=ORIENTED_EDGE('',*,*,#4220,.T.);
#5571=ORIENTED_EDGE('',*,*,#4221,.T.);
#5572=ORIENTED_EDGE('',*,*,#4218,.F.);
#5573=ORIENTED_EDGE('',*,*,#4222,.T.);
#5574=ORIENTED_EDGE('',*,*,#4215,.F.);
#5575=ORIENTED_EDGE('',*,*,#4210,.F.);
#5576=ORIENTED_EDGE('',*,*,#4223,.F.);
#5577=ORIENTED_EDGE('',*,*,#4224,.F.);
#5578=ORIENTED_EDGE('',*,*,#4225,.T.);
#5579=ORIENTED_EDGE('',*,*,#4217,.F.);
#5580=ORIENTED_EDGE('',*,*,#4226,.T.);
#5581=ORIENTED_EDGE('',*,*,#4227,.T.);
#5582=ORIENTED_EDGE('',*,*,#4223,.T.);
#5583=ORIENTED_EDGE('',*,*,#4216,.F.);
#5584=ORIENTED_EDGE('',*,*,#4228,.F.);
#5585=ORIENTED_EDGE('',*,*,#4229,.F.);
#5586=ORIENTED_EDGE('',*,*,#4226,.F.);
#5587=ORIENTED_EDGE('',*,*,#4222,.F.);
#5588=ORIENTED_EDGE('',*,*,#4230,.T.);
#5589=ORIENTED_EDGE('',*,*,#4231,.T.);
#5590=ORIENTED_EDGE('',*,*,#4228,.T.);
#5591=ORIENTED_EDGE('',*,*,#4221,.F.);
#5592=ORIENTED_EDGE('',*,*,#4232,.T.);
#5593=ORIENTED_EDGE('',*,*,#4233,.F.);
#5594=ORIENTED_EDGE('',*,*,#4230,.F.);
#5595=ORIENTED_EDGE('',*,*,#4234,.T.);
#5596=ORIENTED_EDGE('',*,*,#4235,.T.);
#5597=ORIENTED_EDGE('',*,*,#4236,.T.);
#5598=ORIENTED_EDGE('',*,*,#4237,.T.);
#5599=ORIENTED_EDGE('',*,*,#4238,.T.);
#5600=ORIENTED_EDGE('',*,*,#4239,.T.);
#5601=ORIENTED_EDGE('',*,*,#4240,.T.);
#5602=ORIENTED_EDGE('',*,*,#4241,.T.);
#5603=ORIENTED_EDGE('',*,*,#4238,.F.);
#5604=ORIENTED_EDGE('',*,*,#4242,.T.);
#5605=ORIENTED_EDGE('',*,*,#4234,.F.);
#5606=ORIENTED_EDGE('',*,*,#4243,.T.);
#5607=ORIENTED_EDGE('',*,*,#4244,.T.);
#5608=ORIENTED_EDGE('',*,*,#4245,.T.);
#5609=ORIENTED_EDGE('',*,*,#4246,.T.);
#5610=ORIENTED_EDGE('',*,*,#4243,.F.);
#5611=ORIENTED_EDGE('',*,*,#4247,.T.);
#5612=ORIENTED_EDGE('',*,*,#4240,.F.);
#5613=ORIENTED_EDGE('',*,*,#4235,.F.);
#5614=ORIENTED_EDGE('',*,*,#4248,.F.);
#5615=ORIENTED_EDGE('',*,*,#4249,.F.);
#5616=ORIENTED_EDGE('',*,*,#4250,.T.);
#5617=ORIENTED_EDGE('',*,*,#4242,.F.);
#5618=ORIENTED_EDGE('',*,*,#4251,.T.);
#5619=ORIENTED_EDGE('',*,*,#4252,.T.);
#5620=ORIENTED_EDGE('',*,*,#4248,.T.);
#5621=ORIENTED_EDGE('',*,*,#4241,.F.);
#5622=ORIENTED_EDGE('',*,*,#4253,.F.);
#5623=ORIENTED_EDGE('',*,*,#4254,.F.);
#5624=ORIENTED_EDGE('',*,*,#4251,.F.);
#5625=ORIENTED_EDGE('',*,*,#4247,.F.);
#5626=ORIENTED_EDGE('',*,*,#4255,.T.);
#5627=ORIENTED_EDGE('',*,*,#4256,.T.);
#5628=ORIENTED_EDGE('',*,*,#4253,.T.);
#5629=ORIENTED_EDGE('',*,*,#4246,.F.);
#5630=ORIENTED_EDGE('',*,*,#4257,.T.);
#5631=ORIENTED_EDGE('',*,*,#4258,.F.);
#5632=ORIENTED_EDGE('',*,*,#4255,.F.);
#5633=ORIENTED_EDGE('',*,*,#4259,.T.);
#5634=ORIENTED_EDGE('',*,*,#4260,.T.);
#5635=ORIENTED_EDGE('',*,*,#4261,.T.);
#5636=ORIENTED_EDGE('',*,*,#4262,.T.);
#5637=ORIENTED_EDGE('',*,*,#4263,.T.);
#5638=ORIENTED_EDGE('',*,*,#4264,.T.);
#5639=ORIENTED_EDGE('',*,*,#4265,.T.);
#5640=ORIENTED_EDGE('',*,*,#4266,.T.);
#5641=ORIENTED_EDGE('',*,*,#4263,.F.);
#5642=ORIENTED_EDGE('',*,*,#4267,.T.);
#5643=ORIENTED_EDGE('',*,*,#4259,.F.);
#5644=ORIENTED_EDGE('',*,*,#4268,.T.);
#5645=ORIENTED_EDGE('',*,*,#4269,.T.);
#5646=ORIENTED_EDGE('',*,*,#4270,.T.);
#5647=ORIENTED_EDGE('',*,*,#4271,.T.);
#5648=ORIENTED_EDGE('',*,*,#4268,.F.);
#5649=ORIENTED_EDGE('',*,*,#4272,.T.);
#5650=ORIENTED_EDGE('',*,*,#4265,.F.);
#5651=ORIENTED_EDGE('',*,*,#4260,.F.);
#5652=ORIENTED_EDGE('',*,*,#4273,.F.);
#5653=ORIENTED_EDGE('',*,*,#4274,.F.);
#5654=ORIENTED_EDGE('',*,*,#4275,.T.);
#5655=ORIENTED_EDGE('',*,*,#4267,.F.);
#5656=ORIENTED_EDGE('',*,*,#4276,.T.);
#5657=ORIENTED_EDGE('',*,*,#4277,.T.);
#5658=ORIENTED_EDGE('',*,*,#4273,.T.);
#5659=ORIENTED_EDGE('',*,*,#4266,.F.);
#5660=ORIENTED_EDGE('',*,*,#4278,.F.);
#5661=ORIENTED_EDGE('',*,*,#4279,.F.);
#5662=ORIENTED_EDGE('',*,*,#4276,.F.);
#5663=ORIENTED_EDGE('',*,*,#4272,.F.);
#5664=ORIENTED_EDGE('',*,*,#4280,.T.);
#5665=ORIENTED_EDGE('',*,*,#4281,.T.);
#5666=ORIENTED_EDGE('',*,*,#4278,.T.);
#5667=ORIENTED_EDGE('',*,*,#4282,.T.);
#5668=ORIENTED_EDGE('',*,*,#4283,.F.);
#5669=ORIENTED_EDGE('',*,*,#4284,.T.);
#5670=ORIENTED_EDGE('',*,*,#4285,.T.);
#5671=ORIENTED_EDGE('',*,*,#4282,.F.);
#5672=ORIENTED_EDGE('',*,*,#4286,.T.);
#5673=ORIENTED_EDGE('',*,*,#4281,.F.);
#5674=ORIENTED_EDGE('',*,*,#4286,.F.);
#5675=ORIENTED_EDGE('',*,*,#4287,.T.);
#5676=ORIENTED_EDGE('',*,*,#4288,.F.);
#5677=ORIENTED_EDGE('',*,*,#4279,.T.);
#5678=ORIENTED_EDGE('',*,*,#4285,.F.);
#5679=ORIENTED_EDGE('',*,*,#4289,.F.);
#5680=ORIENTED_EDGE('',*,*,#4290,.F.);
#5681=ORIENTED_EDGE('',*,*,#4287,.F.);
#5682=ORIENTED_EDGE('',*,*,#4291,.T.);
#5683=ORIENTED_EDGE('',*,*,#4290,.T.);
#5684=ORIENTED_EDGE('',*,*,#4292,.T.);
#5685=ORIENTED_EDGE('',*,*,#4274,.T.);
#5686=ORIENTED_EDGE('',*,*,#4277,.F.);
#5687=ORIENTED_EDGE('',*,*,#4288,.T.);
#5688=ORIENTED_EDGE('',*,*,#4291,.F.);
#5689=ORIENTED_EDGE('',*,*,#4293,.T.);
#5690=ORIENTED_EDGE('',*,*,#4258,.T.);
#5691=ORIENTED_EDGE('',*,*,#4294,.T.);
#5692=ORIENTED_EDGE('',*,*,#4295,.T.);
#5693=ORIENTED_EDGE('',*,*,#4293,.F.);
#5694=ORIENTED_EDGE('',*,*,#4296,.T.);
#5695=ORIENTED_EDGE('',*,*,#4256,.F.);
#5696=ORIENTED_EDGE('',*,*,#4296,.F.);
#5697=ORIENTED_EDGE('',*,*,#4297,.T.);
#5698=ORIENTED_EDGE('',*,*,#4298,.F.);
#5699=ORIENTED_EDGE('',*,*,#4254,.T.);
#5700=ORIENTED_EDGE('',*,*,#4295,.F.);
#5701=ORIENTED_EDGE('',*,*,#4299,.F.);
#5702=ORIENTED_EDGE('',*,*,#4300,.F.);
#5703=ORIENTED_EDGE('',*,*,#4297,.F.);
#5704=ORIENTED_EDGE('',*,*,#4301,.T.);
#5705=ORIENTED_EDGE('',*,*,#4233,.T.);
#5706=ORIENTED_EDGE('',*,*,#4302,.T.);
#5707=ORIENTED_EDGE('',*,*,#4303,.T.);
#5708=ORIENTED_EDGE('',*,*,#4301,.F.);
#5709=ORIENTED_EDGE('',*,*,#4304,.T.);
#5710=ORIENTED_EDGE('',*,*,#4231,.F.);
#5711=ORIENTED_EDGE('',*,*,#4304,.F.);
#5712=ORIENTED_EDGE('',*,*,#4305,.T.);
#5713=ORIENTED_EDGE('',*,*,#4306,.F.);
#5714=ORIENTED_EDGE('',*,*,#4229,.T.);
#5715=ORIENTED_EDGE('',*,*,#4303,.F.);
#5716=ORIENTED_EDGE('',*,*,#4307,.F.);
#5717=ORIENTED_EDGE('',*,*,#4308,.F.);
#5718=ORIENTED_EDGE('',*,*,#4305,.F.);
#5719=ORIENTED_EDGE('',*,*,#4309,.T.);
#5720=ORIENTED_EDGE('',*,*,#4300,.T.);
#5721=ORIENTED_EDGE('',*,*,#4310,.T.);
#5722=ORIENTED_EDGE('',*,*,#4249,.T.);
#5723=ORIENTED_EDGE('',*,*,#4252,.F.);
#5724=ORIENTED_EDGE('',*,*,#4298,.T.);
#5725=ORIENTED_EDGE('',*,*,#4309,.F.);
#5726=ORIENTED_EDGE('',*,*,#4311,.T.);
#5727=ORIENTED_EDGE('',*,*,#4308,.T.);
#5728=ORIENTED_EDGE('',*,*,#4312,.T.);
#5729=ORIENTED_EDGE('',*,*,#4224,.T.);
#5730=ORIENTED_EDGE('',*,*,#4227,.F.);
#5731=ORIENTED_EDGE('',*,*,#4306,.T.);
#5732=ORIENTED_EDGE('',*,*,#4311,.F.);
#5733=ORIENTED_EDGE('',*,*,#4313,.T.);
#5734=ORIENTED_EDGE('',*,*,#4314,.T.);
#5735=ORIENTED_EDGE('',*,*,#4315,.T.);
#5736=ORIENTED_EDGE('',*,*,#4316,.T.);
#5737=ORIENTED_EDGE('',*,*,#4313,.F.);
#5738=ORIENTED_EDGE('',*,*,#4201,.F.);
#5739=ORIENTED_EDGE('',*,*,#4317,.T.);
#5740=ORIENTED_EDGE('',*,*,#4318,.T.);
#5741=ORIENTED_EDGE('',*,*,#4208,.T.);
#5742=ORIENTED_EDGE('',*,*,#4319,.T.);
#5743=ORIENTED_EDGE('',*,*,#4320,.T.);
#5744=ORIENTED_EDGE('',*,*,#4318,.F.);
#5745=ORIENTED_EDGE('',*,*,#4321,.T.);
#5746=ORIENTED_EDGE('',*,*,#4206,.F.);
#5747=ORIENTED_EDGE('',*,*,#4317,.F.);
#5748=ORIENTED_EDGE('',*,*,#4204,.T.);
#5749=ORIENTED_EDGE('',*,*,#4321,.F.);
#5750=ORIENTED_EDGE('',*,*,#4322,.T.);
#5751=ORIENTED_EDGE('',*,*,#4314,.F.);
#5752=ORIENTED_EDGE('',*,*,#4322,.F.);
#5753=ORIENTED_EDGE('',*,*,#4320,.F.);
#5754=ORIENTED_EDGE('',*,*,#4323,.F.);
#5755=ORIENTED_EDGE('',*,*,#4324,.F.);
#5756=ORIENTED_EDGE('',*,*,#4325,.F.);
#5757=ORIENTED_EDGE('',*,*,#4326,.F.);
#5758=ORIENTED_EDGE('',*,*,#4327,.F.);
#5759=ORIENTED_EDGE('',*,*,#4328,.F.);
#5760=ORIENTED_EDGE('',*,*,#4329,.F.);
#5761=ORIENTED_EDGE('',*,*,#4330,.F.);
#5762=ORIENTED_EDGE('',*,*,#4331,.F.);
#5763=ORIENTED_EDGE('',*,*,#4332,.F.);
#5764=ORIENTED_EDGE('',*,*,#4333,.F.);
#5765=ORIENTED_EDGE('',*,*,#4334,.F.);
#5766=ORIENTED_EDGE('',*,*,#4335,.F.);
#5767=ORIENTED_EDGE('',*,*,#4336,.F.);
#5768=ORIENTED_EDGE('',*,*,#4337,.F.);
#5769=ORIENTED_EDGE('',*,*,#4338,.F.);
#5770=ORIENTED_EDGE('',*,*,#4339,.F.);
#5771=ORIENTED_EDGE('',*,*,#4128,.F.);
#5772=ORIENTED_EDGE('',*,*,#4169,.T.);
#5773=ORIENTED_EDGE('',*,*,#4171,.T.);
#5774=ORIENTED_EDGE('',*,*,#4172,.F.);
#5775=ORIENTED_EDGE('',*,*,#4117,.F.);
#5776=ORIENTED_EDGE('',*,*,#4119,.F.);
#5777=ORIENTED_EDGE('',*,*,#4123,.F.);
#5778=ORIENTED_EDGE('',*,*,#4125,.F.);
#5779=ORIENTED_EDGE('',*,*,#4336,.T.);
#5780=ORIENTED_EDGE('',*,*,#4340,.F.);
#5781=ORIENTED_EDGE('',*,*,#4341,.F.);
#5782=ORIENTED_EDGE('',*,*,#4342,.T.);
#5783=ORIENTED_EDGE('',*,*,#4335,.T.);
#5784=ORIENTED_EDGE('',*,*,#4343,.F.);
#5785=ORIENTED_EDGE('',*,*,#4344,.F.);
#5786=ORIENTED_EDGE('',*,*,#4340,.T.);
#5787=ORIENTED_EDGE('',*,*,#4334,.T.);
#5788=ORIENTED_EDGE('',*,*,#4345,.F.);
#5789=ORIENTED_EDGE('',*,*,#4346,.F.);
#5790=ORIENTED_EDGE('',*,*,#4343,.T.);
#5791=ORIENTED_EDGE('',*,*,#4333,.T.);
#5792=ORIENTED_EDGE('',*,*,#4347,.F.);
#5793=ORIENTED_EDGE('',*,*,#4348,.F.);
#5794=ORIENTED_EDGE('',*,*,#4345,.T.);
#5795=ORIENTED_EDGE('',*,*,#4328,.T.);
#5796=ORIENTED_EDGE('',*,*,#4349,.F.);
#5797=ORIENTED_EDGE('',*,*,#4350,.F.);
#5798=ORIENTED_EDGE('',*,*,#4351,.T.);
#5799=ORIENTED_EDGE('',*,*,#4327,.T.);
#5800=ORIENTED_EDGE('',*,*,#4352,.F.);
#5801=ORIENTED_EDGE('',*,*,#4353,.F.);
#5802=ORIENTED_EDGE('',*,*,#4349,.T.);
#5803=ORIENTED_EDGE('',*,*,#4326,.T.);
#5804=ORIENTED_EDGE('',*,*,#4354,.F.);
#5805=ORIENTED_EDGE('',*,*,#4355,.F.);
#5806=ORIENTED_EDGE('',*,*,#4352,.T.);
#5807=ORIENTED_EDGE('',*,*,#4325,.T.);
#5808=ORIENTED_EDGE('',*,*,#4356,.F.);
#5809=ORIENTED_EDGE('',*,*,#4357,.F.);
#5810=ORIENTED_EDGE('',*,*,#4354,.T.);
#5811=ORIENTED_EDGE('',*,*,#4332,.T.);
#5812=ORIENTED_EDGE('',*,*,#4358,.F.);
#5813=ORIENTED_EDGE('',*,*,#4359,.F.);
#5814=ORIENTED_EDGE('',*,*,#4347,.T.);
#5815=ORIENTED_EDGE('',*,*,#4339,.T.);
#5816=ORIENTED_EDGE('',*,*,#4360,.F.);
#5817=ORIENTED_EDGE('',*,*,#4361,.F.);
#5818=ORIENTED_EDGE('',*,*,#4358,.T.);
#5819=ORIENTED_EDGE('',*,*,#4338,.T.);
#5820=ORIENTED_EDGE('',*,*,#4362,.F.);
#5821=ORIENTED_EDGE('',*,*,#4363,.F.);
#5822=ORIENTED_EDGE('',*,*,#4360,.T.);
#5823=ORIENTED_EDGE('',*,*,#4337,.T.);
#5824=ORIENTED_EDGE('',*,*,#4342,.F.);
#5825=ORIENTED_EDGE('',*,*,#4364,.F.);
#5826=ORIENTED_EDGE('',*,*,#4362,.T.);
#5827=ORIENTED_EDGE('',*,*,#4324,.T.);
#5828=ORIENTED_EDGE('',*,*,#4365,.F.);
#5829=ORIENTED_EDGE('',*,*,#4366,.F.);
#5830=ORIENTED_EDGE('',*,*,#4356,.T.);
#5831=ORIENTED_EDGE('',*,*,#4331,.T.);
#5832=ORIENTED_EDGE('',*,*,#4367,.F.);
#5833=ORIENTED_EDGE('',*,*,#4368,.F.);
#5834=ORIENTED_EDGE('',*,*,#4365,.T.);
#5835=ORIENTED_EDGE('',*,*,#4330,.T.);
#5836=ORIENTED_EDGE('',*,*,#4369,.F.);
#5837=ORIENTED_EDGE('',*,*,#4370,.F.);
#5838=ORIENTED_EDGE('',*,*,#4367,.T.);
#5839=ORIENTED_EDGE('',*,*,#4329,.T.);
#5840=ORIENTED_EDGE('',*,*,#4351,.F.);
#5841=ORIENTED_EDGE('',*,*,#4371,.F.);
#5842=ORIENTED_EDGE('',*,*,#4369,.T.);
#5843=ORIENTED_EDGE('',*,*,#4372,.F.);
#5844=ORIENTED_EDGE('',*,*,#4373,.F.);
#5845=ORIENTED_EDGE('',*,*,#4374,.F.);
#5846=ORIENTED_EDGE('',*,*,#4375,.F.);
#5847=ORIENTED_EDGE('',*,*,#4374,.T.);
#5848=ORIENTED_EDGE('',*,*,#4376,.F.);
#5849=ORIENTED_EDGE('',*,*,#4377,.F.);
#5850=ORIENTED_EDGE('',*,*,#4378,.F.);
#5851=ORIENTED_EDGE('',*,*,#4379,.F.);
#5852=ORIENTED_EDGE('',*,*,#4380,.F.);
#5853=ORIENTED_EDGE('',*,*,#4381,.F.);
#5854=ORIENTED_EDGE('',*,*,#4372,.T.);
#5855=ORIENTED_EDGE('',*,*,#4382,.F.);
#5856=ORIENTED_EDGE('',*,*,#4383,.F.);
#5857=ORIENTED_EDGE('',*,*,#4380,.T.);
#5858=ORIENTED_EDGE('',*,*,#4384,.T.);
#5859=ORIENTED_EDGE('',*,*,#4385,.T.);
#5860=ORIENTED_EDGE('',*,*,#4386,.T.);
#5861=ORIENTED_EDGE('',*,*,#4387,.T.);
#5862=ORIENTED_EDGE('',*,*,#4388,.F.);
#5863=ORIENTED_EDGE('',*,*,#4389,.T.);
#5864=ORIENTED_EDGE('',*,*,#4390,.T.);
#5865=ORIENTED_EDGE('',*,*,#4383,.T.);
#5866=ORIENTED_EDGE('',*,*,#4381,.T.);
#5867=ORIENTED_EDGE('',*,*,#4390,.F.);
#5868=ORIENTED_EDGE('',*,*,#4391,.T.);
#5869=ORIENTED_EDGE('',*,*,#4392,.T.);
#5870=ORIENTED_EDGE('',*,*,#4373,.T.);
#5871=ORIENTED_EDGE('',*,*,#4393,.F.);
#5872=ORIENTED_EDGE('',*,*,#4394,.F.);
#5873=ORIENTED_EDGE('',*,*,#4395,.F.);
#5874=ORIENTED_EDGE('',*,*,#4396,.F.);
#5875=ORIENTED_EDGE('',*,*,#4397,.F.);
#5876=ORIENTED_EDGE('',*,*,#4398,.F.);
#5877=ORIENTED_EDGE('',*,*,#4395,.T.);
#5878=ORIENTED_EDGE('',*,*,#4399,.F.);
#5879=ORIENTED_EDGE('',*,*,#4400,.T.);
#5880=ORIENTED_EDGE('',*,*,#4093,.F.);
#5881=ORIENTED_EDGE('',*,*,#4401,.F.);
#5882=ORIENTED_EDGE('',*,*,#4393,.T.);
#5883=ORIENTED_EDGE('',*,*,#4402,.T.);
#5884=ORIENTED_EDGE('',*,*,#4397,.T.);
#5885=ORIENTED_EDGE('',*,*,#4403,.F.);
#5886=ORIENTED_EDGE('',*,*,#4404,.F.);
#5887=ORIENTED_EDGE('',*,*,#4405,.T.);
#5888=ORIENTED_EDGE('',*,*,#4404,.T.);
#5889=ORIENTED_EDGE('',*,*,#4406,.F.);
#5890=ORIENTED_EDGE('',*,*,#4399,.T.);
#5891=ORIENTED_EDGE('',*,*,#4407,.T.);
#5892=ORIENTED_EDGE('',*,*,#4408,.F.);
#5893=ORIENTED_EDGE('',*,*,#4409,.T.);
#5894=ORIENTED_EDGE('',*,*,#4403,.T.);
#5895=ORIENTED_EDGE('',*,*,#4406,.T.);
#5896=ORIENTED_EDGE('',*,*,#4409,.F.);
#5897=ORIENTED_EDGE('',*,*,#4410,.T.);
#5898=ORIENTED_EDGE('',*,*,#4411,.T.);
#5899=ORIENTED_EDGE('',*,*,#4412,.T.);
#5900=ORIENTED_EDGE('',*,*,#4413,.T.);
#5901=ORIENTED_EDGE('',*,*,#4414,.T.);
#5902=ORIENTED_EDGE('',*,*,#4415,.T.);
#5903=ORIENTED_EDGE('',*,*,#4398,.T.);
#5904=ORIENTED_EDGE('',*,*,#4416,.T.);
#5905=ORIENTED_EDGE('',*,*,#4417,.T.);
#5906=ORIENTED_EDGE('',*,*,#4166,.F.);
#5907=ORIENTED_EDGE('',*,*,#4099,.F.);
#5908=ORIENTED_EDGE('',*,*,#4094,.F.);
#5909=ORIENTED_EDGE('',*,*,#4400,.F.);
#5910=ORIENTED_EDGE('',*,*,#4396,.T.);
#5911=ORIENTED_EDGE('',*,*,#4418,.F.);
#5912=ORIENTED_EDGE('',*,*,#4419,.F.);
#5913=ORIENTED_EDGE('',*,*,#4420,.F.);
#5914=ORIENTED_EDGE('',*,*,#4421,.F.);
#5915=ORIENTED_EDGE('',*,*,#4422,.F.);
#5916=ORIENTED_EDGE('',*,*,#4423,.F.);
#5917=ORIENTED_EDGE('',*,*,#4420,.T.);
#5918=ORIENTED_EDGE('',*,*,#4424,.F.);
#5919=ORIENTED_EDGE('',*,*,#4422,.T.);
#5920=ORIENTED_EDGE('',*,*,#4425,.F.);
#5921=ORIENTED_EDGE('',*,*,#4426,.F.);
#5922=ORIENTED_EDGE('',*,*,#4427,.F.);
#5923=ORIENTED_EDGE('',*,*,#4428,.F.);
#5924=ORIENTED_EDGE('',*,*,#4429,.F.);
#5925=ORIENTED_EDGE('',*,*,#4426,.T.);
#5926=ORIENTED_EDGE('',*,*,#4430,.F.);
#5927=ORIENTED_EDGE('',*,*,#4431,.F.);
#5928=ORIENTED_EDGE('',*,*,#4432,.F.);
#5929=ORIENTED_EDGE('',*,*,#4428,.T.);
#5930=ORIENTED_EDGE('',*,*,#4433,.F.);
#5931=ORIENTED_EDGE('',*,*,#4434,.T.);
#5932=ORIENTED_EDGE('',*,*,#4418,.T.);
#5933=ORIENTED_EDGE('',*,*,#4435,.F.);
#5934=ORIENTED_EDGE('',*,*,#4436,.F.);
#5935=ORIENTED_EDGE('',*,*,#4437,.T.);
#5936=ORIENTED_EDGE('',*,*,#4436,.T.);
#5937=ORIENTED_EDGE('',*,*,#4387,.F.);
#5938=ORIENTED_EDGE('',*,*,#4438,.F.);
#5939=ORIENTED_EDGE('',*,*,#4439,.F.);
#5940=ORIENTED_EDGE('',*,*,#4440,.F.);
#5941=ORIENTED_EDGE('',*,*,#4431,.T.);
#5942=ORIENTED_EDGE('',*,*,#4441,.F.);
#5943=ORIENTED_EDGE('',*,*,#4412,.F.);
#5944=ORIENTED_EDGE('',*,*,#4439,.T.);
#5945=ORIENTED_EDGE('',*,*,#4440,.T.);
#5946=ORIENTED_EDGE('',*,*,#4411,.F.);
#5947=ORIENTED_EDGE('',*,*,#4442,.T.);
#5948=ORIENTED_EDGE('',*,*,#4443,.T.);
#5949=ORIENTED_EDGE('',*,*,#4432,.T.);
#5950=ORIENTED_EDGE('',*,*,#4429,.T.);
#5951=ORIENTED_EDGE('',*,*,#4443,.F.);
#5952=ORIENTED_EDGE('',*,*,#4444,.F.);
#5953=ORIENTED_EDGE('',*,*,#4445,.F.);
#5954=ORIENTED_EDGE('',*,*,#4427,.T.);
#5955=ORIENTED_EDGE('',*,*,#4445,.T.);
#5956=ORIENTED_EDGE('',*,*,#4446,.T.);
#5957=ORIENTED_EDGE('',*,*,#4447,.T.);
#5958=ORIENTED_EDGE('',*,*,#4423,.T.);
#5959=ORIENTED_EDGE('',*,*,#4447,.F.);
#5960=ORIENTED_EDGE('',*,*,#4448,.F.);
#5961=ORIENTED_EDGE('',*,*,#4449,.F.);
#5962=ORIENTED_EDGE('',*,*,#4450,.F.);
#5963=ORIENTED_EDGE('',*,*,#4414,.F.);
#5964=ORIENTED_EDGE('',*,*,#4451,.F.);
#5965=ORIENTED_EDGE('',*,*,#4452,.F.);
#5966=ORIENTED_EDGE('',*,*,#4451,.T.);
#5967=ORIENTED_EDGE('',*,*,#4453,.F.);
#5968=ORIENTED_EDGE('',*,*,#4454,.F.);
#5969=ORIENTED_EDGE('',*,*,#4455,.F.);
#5970=ORIENTED_EDGE('',*,*,#4450,.T.);
#5971=ORIENTED_EDGE('',*,*,#4456,.F.);
#5972=ORIENTED_EDGE('',*,*,#4457,.F.);
#5973=ORIENTED_EDGE('',*,*,#4458,.F.);
#5974=ORIENTED_EDGE('',*,*,#4459,.F.);
#5975=ORIENTED_EDGE('',*,*,#4460,.F.);
#5976=ORIENTED_EDGE('',*,*,#4454,.T.);
#5977=ORIENTED_EDGE('',*,*,#4461,.F.);
#5978=ORIENTED_EDGE('',*,*,#4462,.F.);
#5979=ORIENTED_EDGE('',*,*,#4153,.F.);
#5980=ORIENTED_EDGE('',*,*,#4463,.F.);
#5981=ORIENTED_EDGE('',*,*,#4457,.T.);
#5982=ORIENTED_EDGE('',*,*,#4464,.F.);
#5983=ORIENTED_EDGE('',*,*,#4465,.F.);
#5984=ORIENTED_EDGE('',*,*,#4459,.T.);
#5985=ORIENTED_EDGE('',*,*,#4466,.F.);
#5986=ORIENTED_EDGE('',*,*,#4464,.T.);
#5987=ORIENTED_EDGE('',*,*,#4385,.F.);
#5988=ORIENTED_EDGE('',*,*,#4467,.F.);
#5989=ORIENTED_EDGE('',*,*,#4468,.F.);
#5990=ORIENTED_EDGE('',*,*,#4467,.T.);
#5991=ORIENTED_EDGE('',*,*,#4469,.F.);
#5992=ORIENTED_EDGE('',*,*,#4470,.F.);
#5993=ORIENTED_EDGE('',*,*,#4471,.F.);
#5994=ORIENTED_EDGE('',*,*,#4463,.T.);
#5995=ORIENTED_EDGE('',*,*,#4167,.F.);
#5996=ORIENTED_EDGE('',*,*,#4417,.F.);
#5997=ORIENTED_EDGE('',*,*,#4472,.T.);
#5998=ORIENTED_EDGE('',*,*,#4458,.T.);
#5999=ORIENTED_EDGE('',*,*,#4472,.F.);
#6000=ORIENTED_EDGE('',*,*,#4416,.F.);
#6001=ORIENTED_EDGE('',*,*,#4402,.F.);
#6002=ORIENTED_EDGE('',*,*,#4405,.F.);
#6003=ORIENTED_EDGE('',*,*,#4415,.F.);
#6004=ORIENTED_EDGE('',*,*,#4453,.T.);
#6005=ORIENTED_EDGE('',*,*,#4413,.F.);
#6006=ORIENTED_EDGE('',*,*,#4441,.T.);
#6007=ORIENTED_EDGE('',*,*,#4438,.T.);
#6008=ORIENTED_EDGE('',*,*,#4473,.T.);
#6009=ORIENTED_EDGE('',*,*,#4474,.F.);
#6010=ORIENTED_EDGE('',*,*,#4461,.T.);
#6011=ORIENTED_EDGE('',*,*,#4474,.T.);
#6012=ORIENTED_EDGE('',*,*,#4475,.T.);
#6013=ORIENTED_EDGE('',*,*,#4476,.T.);
#6014=ORIENTED_EDGE('',*,*,#4466,.T.);
#6015=ORIENTED_EDGE('',*,*,#4476,.F.);
#6016=ORIENTED_EDGE('',*,*,#4477,.F.);
#6017=ORIENTED_EDGE('',*,*,#4434,.F.);
#6018=ORIENTED_EDGE('',*,*,#4437,.F.);
#6019=ORIENTED_EDGE('',*,*,#4386,.F.);
#6020=ORIENTED_EDGE('',*,*,#4469,.T.);
#6021=ORIENTED_EDGE('',*,*,#4384,.F.);
#6022=ORIENTED_EDGE('',*,*,#4382,.T.);
#6023=ORIENTED_EDGE('',*,*,#4379,.T.);
#6024=ORIENTED_EDGE('',*,*,#4478,.T.);
#6025=ORIENTED_EDGE('',*,*,#4479,.F.);
#6026=ORIENTED_EDGE('',*,*,#4480,.T.);
#6027=ORIENTED_EDGE('',*,*,#4481,.T.);
#6028=ORIENTED_EDGE('',*,*,#4482,.T.);
#6029=ORIENTED_EDGE('',*,*,#4481,.F.);
#6030=ORIENTED_EDGE('',*,*,#4483,.T.);
#6031=ORIENTED_EDGE('',*,*,#4484,.T.);
#6032=ORIENTED_EDGE('',*,*,#4485,.T.);
#6033=ORIENTED_EDGE('',*,*,#4484,.F.);
#6034=ORIENTED_EDGE('',*,*,#4394,.T.);
#6035=ORIENTED_EDGE('',*,*,#4486,.F.);
#6036=ORIENTED_EDGE('',*,*,#4487,.F.);
#6037=ORIENTED_EDGE('',*,*,#4407,.F.);
#6038=ORIENTED_EDGE('',*,*,#4435,.T.);
#6039=ORIENTED_EDGE('',*,*,#4421,.T.);
#6040=ORIENTED_EDGE('',*,*,#4449,.T.);
#6041=ORIENTED_EDGE('',*,*,#4488,.F.);
#6042=ORIENTED_EDGE('',*,*,#4388,.T.);
#6043=ORIENTED_EDGE('',*,*,#4376,.T.);
#6044=ORIENTED_EDGE('',*,*,#4392,.F.);
#6045=ORIENTED_EDGE('',*,*,#4489,.F.);
#6046=ORIENTED_EDGE('',*,*,#4490,.F.);
#6047=ORIENTED_EDGE('',*,*,#4491,.F.);
#6048=ORIENTED_EDGE('',*,*,#4492,.F.);
#6049=ORIENTED_EDGE('',*,*,#4493,.F.);
#6050=ORIENTED_EDGE('',*,*,#4494,.F.);
#6051=ORIENTED_EDGE('',*,*,#4495,.F.);
#6052=ORIENTED_EDGE('',*,*,#4496,.F.);
#6053=ORIENTED_EDGE('',*,*,#4497,.F.);
#6054=ORIENTED_EDGE('',*,*,#4498,.F.);
#6055=ORIENTED_EDGE('',*,*,#4495,.T.);
#6056=ORIENTED_EDGE('',*,*,#4491,.T.);
#6057=ORIENTED_EDGE('',*,*,#4499,.F.);
#6058=ORIENTED_EDGE('',*,*,#4500,.F.);
#6059=ORIENTED_EDGE('',*,*,#4501,.F.);
#6060=ORIENTED_EDGE('',*,*,#4502,.F.);
#6061=ORIENTED_EDGE('',*,*,#4503,.F.);
#6062=ORIENTED_EDGE('',*,*,#4500,.T.);
#6063=ORIENTED_EDGE('',*,*,#4497,.T.);
#6064=ORIENTED_EDGE('',*,*,#4504,.F.);
#6065=ORIENTED_EDGE('',*,*,#4494,.T.);
#6066=ORIENTED_EDGE('',*,*,#4505,.F.);
#6067=ORIENTED_EDGE('',*,*,#4506,.T.);
#6068=ORIENTED_EDGE('',*,*,#4507,.T.);
#6069=ORIENTED_EDGE('',*,*,#4499,.T.);
#6070=ORIENTED_EDGE('',*,*,#4507,.F.);
#6071=ORIENTED_EDGE('',*,*,#4508,.F.);
#6072=ORIENTED_EDGE('',*,*,#4509,.F.);
#6073=ORIENTED_EDGE('',*,*,#4496,.T.);
#6074=ORIENTED_EDGE('',*,*,#4509,.T.);
#6075=ORIENTED_EDGE('',*,*,#4510,.T.);
#6076=ORIENTED_EDGE('',*,*,#4511,.T.);
#6077=ORIENTED_EDGE('',*,*,#4504,.T.);
#6078=ORIENTED_EDGE('',*,*,#4511,.F.);
#6079=ORIENTED_EDGE('',*,*,#4512,.F.);
#6080=ORIENTED_EDGE('',*,*,#4513,.F.);
#6081=ORIENTED_EDGE('',*,*,#4501,.T.);
#6082=ORIENTED_EDGE('',*,*,#4513,.T.);
#6083=ORIENTED_EDGE('',*,*,#4514,.T.);
#6084=ORIENTED_EDGE('',*,*,#4515,.F.);
#6085=ORIENTED_EDGE('',*,*,#4516,.F.);
#6086=ORIENTED_EDGE('',*,*,#4517,.F.);
#6087=ORIENTED_EDGE('',*,*,#4518,.F.);
#6088=ORIENTED_EDGE('',*,*,#4519,.F.);
#6089=ORIENTED_EDGE('',*,*,#4520,.F.);
#6090=ORIENTED_EDGE('',*,*,#4521,.F.);
#6091=ORIENTED_EDGE('',*,*,#4522,.F.);
#6092=ORIENTED_EDGE('',*,*,#4523,.F.);
#6093=ORIENTED_EDGE('',*,*,#4520,.T.);
#6094=ORIENTED_EDGE('',*,*,#4516,.T.);
#6095=ORIENTED_EDGE('',*,*,#4524,.F.);
#6096=ORIENTED_EDGE('',*,*,#4525,.F.);
#6097=ORIENTED_EDGE('',*,*,#4526,.F.);
#6098=ORIENTED_EDGE('',*,*,#4527,.F.);
#6099=ORIENTED_EDGE('',*,*,#4528,.F.);
#6100=ORIENTED_EDGE('',*,*,#4525,.T.);
#6101=ORIENTED_EDGE('',*,*,#4522,.T.);
#6102=ORIENTED_EDGE('',*,*,#4529,.F.);
#6103=ORIENTED_EDGE('',*,*,#4519,.T.);
#6104=ORIENTED_EDGE('',*,*,#4530,.F.);
#6105=ORIENTED_EDGE('',*,*,#4531,.T.);
#6106=ORIENTED_EDGE('',*,*,#4532,.T.);
#6107=ORIENTED_EDGE('',*,*,#4524,.T.);
#6108=ORIENTED_EDGE('',*,*,#4532,.F.);
#6109=ORIENTED_EDGE('',*,*,#4533,.F.);
#6110=ORIENTED_EDGE('',*,*,#4534,.F.);
#6111=ORIENTED_EDGE('',*,*,#4521,.T.);
#6112=ORIENTED_EDGE('',*,*,#4534,.T.);
#6113=ORIENTED_EDGE('',*,*,#4535,.T.);
#6114=ORIENTED_EDGE('',*,*,#4536,.T.);
#6115=ORIENTED_EDGE('',*,*,#4529,.T.);
#6116=ORIENTED_EDGE('',*,*,#4536,.F.);
#6117=ORIENTED_EDGE('',*,*,#4537,.F.);
#6118=ORIENTED_EDGE('',*,*,#4538,.F.);
#6119=ORIENTED_EDGE('',*,*,#4526,.T.);
#6120=ORIENTED_EDGE('',*,*,#4538,.T.);
#6121=ORIENTED_EDGE('',*,*,#4539,.T.);
#6122=ORIENTED_EDGE('',*,*,#4540,.F.);
#6123=ORIENTED_EDGE('',*,*,#4541,.F.);
#6124=ORIENTED_EDGE('',*,*,#4542,.F.);
#6125=ORIENTED_EDGE('',*,*,#4543,.F.);
#6126=ORIENTED_EDGE('',*,*,#4544,.F.);
#6127=ORIENTED_EDGE('',*,*,#4545,.F.);
#6128=ORIENTED_EDGE('',*,*,#4546,.F.);
#6129=ORIENTED_EDGE('',*,*,#4547,.F.);
#6130=ORIENTED_EDGE('',*,*,#4548,.F.);
#6131=ORIENTED_EDGE('',*,*,#4545,.T.);
#6132=ORIENTED_EDGE('',*,*,#4541,.T.);
#6133=ORIENTED_EDGE('',*,*,#4549,.F.);
#6134=ORIENTED_EDGE('',*,*,#4550,.F.);
#6135=ORIENTED_EDGE('',*,*,#4551,.F.);
#6136=ORIENTED_EDGE('',*,*,#4552,.F.);
#6137=ORIENTED_EDGE('',*,*,#4553,.F.);
#6138=ORIENTED_EDGE('',*,*,#4550,.T.);
#6139=ORIENTED_EDGE('',*,*,#4547,.T.);
#6140=ORIENTED_EDGE('',*,*,#4554,.F.);
#6141=ORIENTED_EDGE('',*,*,#4544,.T.);
#6142=ORIENTED_EDGE('',*,*,#4555,.F.);
#6143=ORIENTED_EDGE('',*,*,#4556,.T.);
#6144=ORIENTED_EDGE('',*,*,#4557,.T.);
#6145=ORIENTED_EDGE('',*,*,#4549,.T.);
#6146=ORIENTED_EDGE('',*,*,#4557,.F.);
#6147=ORIENTED_EDGE('',*,*,#4558,.F.);
#6148=ORIENTED_EDGE('',*,*,#4559,.F.);
#6149=ORIENTED_EDGE('',*,*,#4546,.T.);
#6150=ORIENTED_EDGE('',*,*,#4559,.T.);
#6151=ORIENTED_EDGE('',*,*,#4560,.T.);
#6152=ORIENTED_EDGE('',*,*,#4561,.T.);
#6153=ORIENTED_EDGE('',*,*,#4554,.T.);
#6154=ORIENTED_EDGE('',*,*,#4561,.F.);
#6155=ORIENTED_EDGE('',*,*,#4562,.F.);
#6156=ORIENTED_EDGE('',*,*,#4563,.F.);
#6157=ORIENTED_EDGE('',*,*,#4551,.T.);
#6158=ORIENTED_EDGE('',*,*,#4563,.T.);
#6159=ORIENTED_EDGE('',*,*,#4564,.T.);
#6160=ORIENTED_EDGE('',*,*,#4565,.F.);
#6161=ORIENTED_EDGE('',*,*,#4566,.F.);
#6162=ORIENTED_EDGE('',*,*,#4567,.F.);
#6163=ORIENTED_EDGE('',*,*,#4568,.F.);
#6164=ORIENTED_EDGE('',*,*,#4569,.F.);
#6165=ORIENTED_EDGE('',*,*,#4570,.F.);
#6166=ORIENTED_EDGE('',*,*,#4571,.F.);
#6167=ORIENTED_EDGE('',*,*,#4572,.F.);
#6168=ORIENTED_EDGE('',*,*,#4573,.F.);
#6169=ORIENTED_EDGE('',*,*,#4570,.T.);
#6170=ORIENTED_EDGE('',*,*,#4566,.T.);
#6171=ORIENTED_EDGE('',*,*,#4574,.F.);
#6172=ORIENTED_EDGE('',*,*,#4575,.F.);
#6173=ORIENTED_EDGE('',*,*,#4576,.T.);
#6174=ORIENTED_EDGE('',*,*,#4577,.F.);
#6175=ORIENTED_EDGE('',*,*,#4578,.F.);
#6176=ORIENTED_EDGE('',*,*,#4575,.T.);
#6177=ORIENTED_EDGE('',*,*,#4572,.T.);
#6178=ORIENTED_EDGE('',*,*,#4579,.F.);
#6179=ORIENTED_EDGE('',*,*,#4569,.T.);
#6180=ORIENTED_EDGE('',*,*,#4580,.F.);
#6181=ORIENTED_EDGE('',*,*,#4581,.T.);
#6182=ORIENTED_EDGE('',*,*,#4582,.T.);
#6183=ORIENTED_EDGE('',*,*,#4574,.T.);
#6184=ORIENTED_EDGE('',*,*,#4582,.F.);
#6185=ORIENTED_EDGE('',*,*,#4583,.F.);
#6186=ORIENTED_EDGE('',*,*,#4584,.F.);
#6187=ORIENTED_EDGE('',*,*,#4571,.T.);
#6188=ORIENTED_EDGE('',*,*,#4584,.T.);
#6189=ORIENTED_EDGE('',*,*,#4585,.T.);
#6190=ORIENTED_EDGE('',*,*,#4586,.T.);
#6191=ORIENTED_EDGE('',*,*,#4579,.T.);
#6192=ORIENTED_EDGE('',*,*,#4586,.F.);
#6193=ORIENTED_EDGE('',*,*,#4587,.F.);
#6194=ORIENTED_EDGE('',*,*,#4588,.F.);
#6195=ORIENTED_EDGE('',*,*,#4589,.F.);
#6196=ORIENTED_EDGE('',*,*,#4590,.F.);
#6197=ORIENTED_EDGE('',*,*,#4591,.F.);
#6198=ORIENTED_EDGE('',*,*,#4592,.F.);
#6199=ORIENTED_EDGE('',*,*,#4589,.T.);
#6200=ORIENTED_EDGE('',*,*,#4587,.T.);
#6201=ORIENTED_EDGE('',*,*,#4593,.F.);
#6202=ORIENTED_EDGE('',*,*,#4593,.T.);
#6203=ORIENTED_EDGE('',*,*,#4585,.F.);
#6204=ORIENTED_EDGE('',*,*,#4594,.T.);
#6205=ORIENTED_EDGE('',*,*,#4595,.F.);
#6206=ORIENTED_EDGE('',*,*,#4590,.T.);
#6207=ORIENTED_EDGE('',*,*,#4595,.T.);
#6208=ORIENTED_EDGE('',*,*,#4596,.T.);
#6209=ORIENTED_EDGE('',*,*,#4597,.T.);
#6210=ORIENTED_EDGE('',*,*,#4598,.F.);
#6211=ORIENTED_EDGE('',*,*,#4581,.F.);
#6212=ORIENTED_EDGE('',*,*,#4599,.F.);
#6213=ORIENTED_EDGE('',*,*,#4596,.F.);
#6214=ORIENTED_EDGE('',*,*,#4583,.T.);
#6215=ORIENTED_EDGE('',*,*,#4598,.T.);
#6216=ORIENTED_EDGE('',*,*,#4594,.F.);
#6217=ORIENTED_EDGE('',*,*,#4600,.F.);
#6218=ORIENTED_EDGE('',*,*,#4601,.F.);
#6219=ORIENTED_EDGE('',*,*,#4602,.F.);
#6220=ORIENTED_EDGE('',*,*,#4564,.F.);
#6221=ORIENTED_EDGE('',*,*,#4600,.T.);
#6222=ORIENTED_EDGE('',*,*,#4562,.T.);
#6223=ORIENTED_EDGE('',*,*,#4603,.F.);
#6224=ORIENTED_EDGE('',*,*,#4603,.T.);
#6225=ORIENTED_EDGE('',*,*,#4560,.F.);
#6226=ORIENTED_EDGE('',*,*,#4604,.T.);
#6227=ORIENTED_EDGE('',*,*,#4605,.F.);
#6228=ORIENTED_EDGE('',*,*,#4601,.T.);
#6229=ORIENTED_EDGE('',*,*,#4605,.T.);
#6230=ORIENTED_EDGE('',*,*,#4606,.T.);
#6231=ORIENTED_EDGE('',*,*,#4607,.T.);
#6232=ORIENTED_EDGE('',*,*,#4608,.F.);
#6233=ORIENTED_EDGE('',*,*,#4609,.F.);
#6234=ORIENTED_EDGE('',*,*,#4610,.F.);
#6235=ORIENTED_EDGE('',*,*,#4539,.F.);
#6236=ORIENTED_EDGE('',*,*,#4608,.T.);
#6237=ORIENTED_EDGE('',*,*,#4537,.T.);
#6238=ORIENTED_EDGE('',*,*,#4611,.F.);
#6239=ORIENTED_EDGE('',*,*,#4611,.T.);
#6240=ORIENTED_EDGE('',*,*,#4535,.F.);
#6241=ORIENTED_EDGE('',*,*,#4612,.T.);
#6242=ORIENTED_EDGE('',*,*,#4613,.F.);
#6243=ORIENTED_EDGE('',*,*,#4609,.T.);
#6244=ORIENTED_EDGE('',*,*,#4613,.T.);
#6245=ORIENTED_EDGE('',*,*,#4614,.T.);
#6246=ORIENTED_EDGE('',*,*,#4615,.T.);
#6247=ORIENTED_EDGE('',*,*,#4616,.F.);
#6248=ORIENTED_EDGE('',*,*,#4556,.F.);
#6249=ORIENTED_EDGE('',*,*,#4617,.F.);
#6250=ORIENTED_EDGE('',*,*,#4606,.F.);
#6251=ORIENTED_EDGE('',*,*,#4558,.T.);
#6252=ORIENTED_EDGE('',*,*,#4616,.T.);
#6253=ORIENTED_EDGE('',*,*,#4604,.F.);
#6254=ORIENTED_EDGE('',*,*,#4618,.F.);
#6255=ORIENTED_EDGE('',*,*,#4531,.F.);
#6256=ORIENTED_EDGE('',*,*,#4619,.F.);
#6257=ORIENTED_EDGE('',*,*,#4614,.F.);
#6258=ORIENTED_EDGE('',*,*,#4533,.T.);
#6259=ORIENTED_EDGE('',*,*,#4618,.T.);
#6260=ORIENTED_EDGE('',*,*,#4612,.F.);
#6261=ORIENTED_EDGE('',*,*,#4620,.F.);
#6262=ORIENTED_EDGE('',*,*,#4506,.F.);
#6263=ORIENTED_EDGE('',*,*,#4621,.F.);
#6264=ORIENTED_EDGE('',*,*,#4622,.F.);
#6265=ORIENTED_EDGE('',*,*,#4620,.T.);
#6266=ORIENTED_EDGE('',*,*,#4623,.F.);
#6267=ORIENTED_EDGE('',*,*,#4508,.T.);
#6268=ORIENTED_EDGE('',*,*,#4624,.F.);
#6269=ORIENTED_EDGE('',*,*,#4625,.F.);
#6270=ORIENTED_EDGE('',*,*,#4626,.F.);
#6271=ORIENTED_EDGE('',*,*,#4514,.F.);
#6272=ORIENTED_EDGE('',*,*,#4624,.T.);
#6273=ORIENTED_EDGE('',*,*,#4512,.T.);
#6274=ORIENTED_EDGE('',*,*,#4627,.F.);
#6275=ORIENTED_EDGE('',*,*,#4623,.T.);
#6276=ORIENTED_EDGE('',*,*,#4628,.F.);
#6277=ORIENTED_EDGE('',*,*,#4627,.T.);
#6278=ORIENTED_EDGE('',*,*,#4510,.F.);
#6279=ORIENTED_EDGE('',*,*,#4622,.T.);
#6280=ORIENTED_EDGE('',*,*,#4629,.T.);
#6281=ORIENTED_EDGE('',*,*,#4625,.T.);
#6282=ORIENTED_EDGE('',*,*,#4628,.T.);
#6283=ORIENTED_EDGE('',*,*,#4187,.T.);
#6284=ORIENTED_EDGE('',*,*,#4202,.F.);
#6285=ORIENTED_EDGE('',*,*,#4316,.F.);
#6286=ORIENTED_EDGE('',*,*,#4630,.F.);
#6287=ORIENTED_EDGE('',*,*,#4631,.T.);
#6288=ORIENTED_EDGE('',*,*,#4632,.T.);
#6289=ORIENTED_EDGE('',*,*,#4633,.T.);
#6290=ORIENTED_EDGE('',*,*,#4634,.T.);
#6291=ORIENTED_EDGE('',*,*,#4635,.T.);
#6292=ORIENTED_EDGE('',*,*,#4636,.T.);
#6293=ORIENTED_EDGE('',*,*,#4637,.T.);
#6294=ORIENTED_EDGE('',*,*,#4638,.T.);
#6295=ORIENTED_EDGE('',*,*,#4639,.T.);
#6296=ORIENTED_EDGE('',*,*,#4640,.T.);
#6297=ORIENTED_EDGE('',*,*,#4641,.T.);
#6298=ORIENTED_EDGE('',*,*,#4642,.T.);
#6299=ORIENTED_EDGE('',*,*,#4643,.T.);
#6300=ORIENTED_EDGE('',*,*,#4644,.T.);
#6301=ORIENTED_EDGE('',*,*,#4645,.T.);
#6302=ORIENTED_EDGE('',*,*,#4646,.T.);
#6303=ORIENTED_EDGE('',*,*,#4433,.T.);
#6304=ORIENTED_EDGE('',*,*,#4430,.T.);
#6305=ORIENTED_EDGE('',*,*,#4425,.T.);
#6306=ORIENTED_EDGE('',*,*,#4424,.T.);
#6307=ORIENTED_EDGE('',*,*,#4419,.T.);
#6308=ORIENTED_EDGE('',*,*,#4477,.T.);
#6309=ORIENTED_EDGE('',*,*,#4475,.F.);
#6310=ORIENTED_EDGE('',*,*,#4473,.F.);
#6311=ORIENTED_EDGE('',*,*,#4401,.T.);
#6312=ORIENTED_EDGE('',*,*,#4182,.F.);
#6313=ORIENTED_EDGE('',*,*,#4647,.T.);
#6314=ORIENTED_EDGE('',*,*,#4486,.T.);
#6315=ORIENTED_EDGE('',*,*,#4643,.F.);
#6316=ORIENTED_EDGE('',*,*,#4648,.F.);
#6317=ORIENTED_EDGE('',*,*,#4649,.T.);
#6318=ORIENTED_EDGE('',*,*,#4650,.T.);
#6319=ORIENTED_EDGE('',*,*,#4644,.F.);
#6320=ORIENTED_EDGE('',*,*,#4650,.F.);
#6321=ORIENTED_EDGE('',*,*,#4651,.T.);
#6322=ORIENTED_EDGE('',*,*,#4652,.T.);
#6323=ORIENTED_EDGE('',*,*,#4645,.F.);
#6324=ORIENTED_EDGE('',*,*,#4652,.F.);
#6325=ORIENTED_EDGE('',*,*,#4653,.T.);
#6326=ORIENTED_EDGE('',*,*,#4654,.T.);
#6327=ORIENTED_EDGE('',*,*,#4646,.F.);
#6328=ORIENTED_EDGE('',*,*,#4654,.F.);
#6329=ORIENTED_EDGE('',*,*,#4655,.T.);
#6330=ORIENTED_EDGE('',*,*,#4656,.T.);
#6331=ORIENTED_EDGE('',*,*,#4635,.F.);
#6332=ORIENTED_EDGE('',*,*,#4657,.F.);
#6333=ORIENTED_EDGE('',*,*,#4658,.T.);
#6334=ORIENTED_EDGE('',*,*,#4659,.T.);
#6335=ORIENTED_EDGE('',*,*,#4636,.F.);
#6336=ORIENTED_EDGE('',*,*,#4659,.F.);
#6337=ORIENTED_EDGE('',*,*,#4660,.T.);
#6338=ORIENTED_EDGE('',*,*,#4661,.T.);
#6339=ORIENTED_EDGE('',*,*,#4637,.F.);
#6340=ORIENTED_EDGE('',*,*,#4661,.F.);
#6341=ORIENTED_EDGE('',*,*,#4662,.T.);
#6342=ORIENTED_EDGE('',*,*,#4663,.T.);
#6343=ORIENTED_EDGE('',*,*,#4638,.F.);
#6344=ORIENTED_EDGE('',*,*,#4663,.F.);
#6345=ORIENTED_EDGE('',*,*,#4664,.T.);
#6346=ORIENTED_EDGE('',*,*,#4665,.T.);
#6347=ORIENTED_EDGE('',*,*,#4639,.F.);
#6348=ORIENTED_EDGE('',*,*,#4656,.F.);
#6349=ORIENTED_EDGE('',*,*,#4666,.T.);
#6350=ORIENTED_EDGE('',*,*,#4667,.T.);
#6351=ORIENTED_EDGE('',*,*,#4640,.F.);
#6352=ORIENTED_EDGE('',*,*,#4667,.F.);
#6353=ORIENTED_EDGE('',*,*,#4668,.T.);
#6354=ORIENTED_EDGE('',*,*,#4669,.T.);
#6355=ORIENTED_EDGE('',*,*,#4641,.F.);
#6356=ORIENTED_EDGE('',*,*,#4669,.F.);
#6357=ORIENTED_EDGE('',*,*,#4670,.T.);
#6358=ORIENTED_EDGE('',*,*,#4671,.T.);
#6359=ORIENTED_EDGE('',*,*,#4642,.F.);
#6360=ORIENTED_EDGE('',*,*,#4671,.F.);
#6361=ORIENTED_EDGE('',*,*,#4672,.T.);
#6362=ORIENTED_EDGE('',*,*,#4648,.T.);
#6363=ORIENTED_EDGE('',*,*,#4631,.F.);
#6364=ORIENTED_EDGE('',*,*,#4665,.F.);
#6365=ORIENTED_EDGE('',*,*,#4673,.T.);
#6366=ORIENTED_EDGE('',*,*,#4674,.T.);
#6367=ORIENTED_EDGE('',*,*,#4632,.F.);
#6368=ORIENTED_EDGE('',*,*,#4674,.F.);
#6369=ORIENTED_EDGE('',*,*,#4675,.T.);
#6370=ORIENTED_EDGE('',*,*,#4676,.T.);
#6371=ORIENTED_EDGE('',*,*,#4633,.F.);
#6372=ORIENTED_EDGE('',*,*,#4676,.F.);
#6373=ORIENTED_EDGE('',*,*,#4677,.T.);
#6374=ORIENTED_EDGE('',*,*,#4678,.T.);
#6375=ORIENTED_EDGE('',*,*,#4634,.F.);
#6376=ORIENTED_EDGE('',*,*,#4678,.F.);
#6377=ORIENTED_EDGE('',*,*,#4679,.T.);
#6378=ORIENTED_EDGE('',*,*,#4657,.T.);
#6379=ORIENTED_EDGE('',*,*,#4283,.T.);
#6380=ORIENTED_EDGE('',*,*,#4280,.F.);
#6381=ORIENTED_EDGE('',*,*,#4271,.F.);
#6382=ORIENTED_EDGE('',*,*,#4680,.F.);
#6383=ORIENTED_EDGE('',*,*,#4576,.F.);
#6384=ORIENTED_EDGE('',*,*,#4588,.T.);
#6385=ORIENTED_EDGE('',*,*,#4592,.T.);
#6386=ORIENTED_EDGE('',*,*,#4681,.T.);
#6387=ORIENTED_EDGE('',*,*,#4680,.T.);
#6388=ORIENTED_EDGE('',*,*,#4270,.F.);
#6389=ORIENTED_EDGE('',*,*,#4682,.F.);
#6390=ORIENTED_EDGE('',*,*,#4683,.T.);
#6391=ORIENTED_EDGE('',*,*,#4684,.T.);
#6392=ORIENTED_EDGE('',*,*,#4685,.T.);
#6393=ORIENTED_EDGE('',*,*,#4686,.F.);
#6394=ORIENTED_EDGE('',*,*,#4687,.T.);
#6395=ORIENTED_EDGE('',*,*,#4688,.T.);
#6396=ORIENTED_EDGE('',*,*,#4689,.T.);
#6397=ORIENTED_EDGE('',*,*,#4690,.T.);
#6398=ORIENTED_EDGE('',*,*,#4691,.T.);
#6399=ORIENTED_EDGE('',*,*,#4692,.T.);
#6400=ORIENTED_EDGE('',*,*,#4693,.T.);
#6401=ORIENTED_EDGE('',*,*,#4694,.F.);
#6402=ORIENTED_EDGE('',*,*,#4695,.T.);
#6403=ORIENTED_EDGE('',*,*,#4696,.T.);
#6404=ORIENTED_EDGE('',*,*,#4697,.T.);
#6405=ORIENTED_EDGE('',*,*,#4698,.T.);
#6406=ORIENTED_EDGE('',*,*,#4699,.T.);
#6407=ORIENTED_EDGE('',*,*,#4700,.T.);
#6408=ORIENTED_EDGE('',*,*,#4701,.T.);
#6409=ORIENTED_EDGE('',*,*,#4702,.F.);
#6410=ORIENTED_EDGE('',*,*,#4703,.T.);
#6411=ORIENTED_EDGE('',*,*,#4704,.T.);
#6412=ORIENTED_EDGE('',*,*,#4705,.T.);
#6413=ORIENTED_EDGE('',*,*,#4706,.T.);
#6414=ORIENTED_EDGE('',*,*,#4707,.T.);
#6415=ORIENTED_EDGE('',*,*,#4708,.T.);
#6416=ORIENTED_EDGE('',*,*,#4709,.T.);
#6417=ORIENTED_EDGE('',*,*,#4710,.F.);
#6418=ORIENTED_EDGE('',*,*,#4711,.T.);
#6419=ORIENTED_EDGE('',*,*,#4712,.F.);
#6420=ORIENTED_EDGE('',*,*,#4713,.T.);
#6421=ORIENTED_EDGE('',*,*,#4714,.F.);
#6422=ORIENTED_EDGE('',*,*,#4715,.F.);
#6423=ORIENTED_EDGE('',*,*,#4716,.F.);
#6424=ORIENTED_EDGE('',*,*,#4717,.F.);
#6425=ORIENTED_EDGE('',*,*,#4718,.T.);
#6426=ORIENTED_EDGE('',*,*,#4719,.F.);
#6427=ORIENTED_EDGE('',*,*,#4720,.F.);
#6428=ORIENTED_EDGE('',*,*,#4721,.F.);
#6429=ORIENTED_EDGE('',*,*,#4722,.F.);
#6430=ORIENTED_EDGE('',*,*,#4723,.F.);
#6431=ORIENTED_EDGE('',*,*,#4724,.F.);
#6432=ORIENTED_EDGE('',*,*,#4725,.F.);
#6433=ORIENTED_EDGE('',*,*,#4726,.T.);
#6434=ORIENTED_EDGE('',*,*,#4727,.F.);
#6435=ORIENTED_EDGE('',*,*,#4728,.F.);
#6436=ORIENTED_EDGE('',*,*,#4729,.F.);
#6437=ORIENTED_EDGE('',*,*,#4730,.F.);
#6438=ORIENTED_EDGE('',*,*,#4731,.F.);
#6439=ORIENTED_EDGE('',*,*,#4732,.F.);
#6440=ORIENTED_EDGE('',*,*,#4733,.F.);
#6441=ORIENTED_EDGE('',*,*,#4734,.T.);
#6442=ORIENTED_EDGE('',*,*,#4735,.F.);
#6443=ORIENTED_EDGE('',*,*,#4736,.F.);
#6444=ORIENTED_EDGE('',*,*,#4737,.F.);
#6445=ORIENTED_EDGE('',*,*,#4738,.F.);
#6446=ORIENTED_EDGE('',*,*,#4739,.F.);
#6447=ORIENTED_EDGE('',*,*,#4740,.F.);
#6448=ORIENTED_EDGE('',*,*,#4741,.F.);
#6449=ORIENTED_EDGE('',*,*,#4742,.T.);
#6450=ORIENTED_EDGE('',*,*,#4743,.F.);
#6451=ORIENTED_EDGE('',*,*,#4744,.F.);
#6452=ORIENTED_EDGE('',*,*,#4745,.F.);
#6453=ORIENTED_EDGE('',*,*,#4746,.F.);
#6454=ORIENTED_EDGE('',*,*,#4577,.T.);
#6455=ORIENTED_EDGE('',*,*,#4681,.F.);
#6456=ORIENTED_EDGE('',*,*,#4591,.T.);
#6457=ORIENTED_EDGE('',*,*,#4597,.F.);
#6458=ORIENTED_EDGE('',*,*,#4599,.T.);
#6459=ORIENTED_EDGE('',*,*,#4580,.T.);
#6460=ORIENTED_EDGE('',*,*,#4568,.T.);
#6461=ORIENTED_EDGE('',*,*,#4747,.T.);
#6462=ORIENTED_EDGE('',*,*,#4552,.T.);
#6463=ORIENTED_EDGE('',*,*,#4565,.T.);
#6464=ORIENTED_EDGE('',*,*,#4602,.T.);
#6465=ORIENTED_EDGE('',*,*,#4607,.F.);
#6466=ORIENTED_EDGE('',*,*,#4617,.T.);
#6467=ORIENTED_EDGE('',*,*,#4555,.T.);
#6468=ORIENTED_EDGE('',*,*,#4543,.T.);
#6469=ORIENTED_EDGE('',*,*,#4748,.T.);
#6470=ORIENTED_EDGE('',*,*,#4527,.T.);
#6471=ORIENTED_EDGE('',*,*,#4540,.T.);
#6472=ORIENTED_EDGE('',*,*,#4610,.T.);
#6473=ORIENTED_EDGE('',*,*,#4615,.F.);
#6474=ORIENTED_EDGE('',*,*,#4619,.T.);
#6475=ORIENTED_EDGE('',*,*,#4530,.T.);
#6476=ORIENTED_EDGE('',*,*,#4518,.T.);
#6477=ORIENTED_EDGE('',*,*,#4749,.T.);
#6478=ORIENTED_EDGE('',*,*,#4502,.T.);
#6479=ORIENTED_EDGE('',*,*,#4515,.T.);
#6480=ORIENTED_EDGE('',*,*,#4626,.T.);
#6481=ORIENTED_EDGE('',*,*,#4629,.F.);
#6482=ORIENTED_EDGE('',*,*,#4621,.T.);
#6483=ORIENTED_EDGE('',*,*,#4505,.T.);
#6484=ORIENTED_EDGE('',*,*,#4493,.T.);
#6485=ORIENTED_EDGE('',*,*,#4750,.T.);
#6486=ORIENTED_EDGE('',*,*,#4751,.T.);
#6487=ORIENTED_EDGE('',*,*,#4188,.F.);
#6488=ORIENTED_EDGE('',*,*,#4630,.T.);
#6489=ORIENTED_EDGE('',*,*,#4315,.F.);
#6490=ORIENTED_EDGE('',*,*,#4323,.T.);
#6491=ORIENTED_EDGE('',*,*,#4319,.F.);
#6492=ORIENTED_EDGE('',*,*,#4207,.F.);
#6493=ORIENTED_EDGE('',*,*,#4197,.F.);
#6494=ORIENTED_EDGE('',*,*,#4752,.F.);
#6495=ORIENTED_EDGE('',*,*,#4211,.F.);
#6496=ORIENTED_EDGE('',*,*,#4225,.F.);
#6497=ORIENTED_EDGE('',*,*,#4312,.F.);
#6498=ORIENTED_EDGE('',*,*,#4307,.T.);
#6499=ORIENTED_EDGE('',*,*,#4302,.F.);
#6500=ORIENTED_EDGE('',*,*,#4232,.F.);
#6501=ORIENTED_EDGE('',*,*,#4220,.F.);
#6502=ORIENTED_EDGE('',*,*,#4753,.F.);
#6503=ORIENTED_EDGE('',*,*,#4236,.F.);
#6504=ORIENTED_EDGE('',*,*,#4250,.F.);
#6505=ORIENTED_EDGE('',*,*,#4310,.F.);
#6506=ORIENTED_EDGE('',*,*,#4299,.T.);
#6507=ORIENTED_EDGE('',*,*,#4294,.F.);
#6508=ORIENTED_EDGE('',*,*,#4257,.F.);
#6509=ORIENTED_EDGE('',*,*,#4245,.F.);
#6510=ORIENTED_EDGE('',*,*,#4754,.F.);
#6511=ORIENTED_EDGE('',*,*,#4261,.F.);
#6512=ORIENTED_EDGE('',*,*,#4275,.F.);
#6513=ORIENTED_EDGE('',*,*,#4292,.F.);
#6514=ORIENTED_EDGE('',*,*,#4289,.T.);
#6515=ORIENTED_EDGE('',*,*,#4284,.F.);
#6516=ORIENTED_EDGE('',*,*,#4755,.T.);
#6517=ORIENTED_EDGE('',*,*,#4756,.F.);
#6518=ORIENTED_EDGE('',*,*,#4757,.F.);
#6519=ORIENTED_EDGE('',*,*,#4758,.F.);
#6520=ORIENTED_EDGE('',*,*,#4759,.F.);
#6521=ORIENTED_EDGE('',*,*,#4758,.T.);
#6522=ORIENTED_EDGE('',*,*,#4760,.F.);
#6523=ORIENTED_EDGE('',*,*,#4761,.F.);
#6524=ORIENTED_EDGE('',*,*,#4762,.F.);
#6525=ORIENTED_EDGE('',*,*,#4763,.F.);
#6526=ORIENTED_EDGE('',*,*,#4761,.T.);
#6527=ORIENTED_EDGE('',*,*,#4764,.F.);
#6528=ORIENTED_EDGE('',*,*,#4077,.F.);
#6529=ORIENTED_EDGE('',*,*,#4765,.F.);
#6530=ORIENTED_EDGE('',*,*,#4766,.F.);
#6531=ORIENTED_EDGE('',*,*,#4767,.F.);
#6532=ORIENTED_EDGE('',*,*,#4756,.T.);
#6533=ORIENTED_EDGE('',*,*,#4768,.F.);
#6534=ORIENTED_EDGE('',*,*,#4769,.F.);
#6535=ORIENTED_EDGE('',*,*,#4766,.T.);
#6536=ORIENTED_EDGE('',*,*,#4770,.T.);
#6537=ORIENTED_EDGE('',*,*,#4771,.T.);
#6538=ORIENTED_EDGE('',*,*,#4772,.T.);
#6539=ORIENTED_EDGE('',*,*,#4773,.T.);
#6540=ORIENTED_EDGE('',*,*,#4774,.F.);
#6541=ORIENTED_EDGE('',*,*,#4775,.T.);
#6542=ORIENTED_EDGE('',*,*,#4776,.T.);
#6543=ORIENTED_EDGE('',*,*,#4769,.T.);
#6544=ORIENTED_EDGE('',*,*,#4767,.T.);
#6545=ORIENTED_EDGE('',*,*,#4776,.F.);
#6546=ORIENTED_EDGE('',*,*,#4777,.T.);
#6547=ORIENTED_EDGE('',*,*,#4778,.T.);
#6548=ORIENTED_EDGE('',*,*,#4757,.T.);
#6549=ORIENTED_EDGE('',*,*,#4779,.F.);
#6550=ORIENTED_EDGE('',*,*,#4780,.F.);
#6551=ORIENTED_EDGE('',*,*,#4781,.F.);
#6552=ORIENTED_EDGE('',*,*,#4782,.F.);
#6553=ORIENTED_EDGE('',*,*,#4783,.F.);
#6554=ORIENTED_EDGE('',*,*,#4784,.F.);
#6555=ORIENTED_EDGE('',*,*,#4781,.T.);
#6556=ORIENTED_EDGE('',*,*,#4785,.F.);
#6557=ORIENTED_EDGE('',*,*,#4786,.T.);
#6558=ORIENTED_EDGE('',*,*,#4783,.T.);
#6559=ORIENTED_EDGE('',*,*,#4787,.F.);
#6560=ORIENTED_EDGE('',*,*,#4788,.F.);
#6561=ORIENTED_EDGE('',*,*,#4789,.T.);
#6562=ORIENTED_EDGE('',*,*,#4788,.T.);
#6563=ORIENTED_EDGE('',*,*,#4790,.F.);
#6564=ORIENTED_EDGE('',*,*,#4785,.T.);
#6565=ORIENTED_EDGE('',*,*,#4791,.T.);
#6566=ORIENTED_EDGE('',*,*,#4792,.F.);
#6567=ORIENTED_EDGE('',*,*,#4793,.T.);
#6568=ORIENTED_EDGE('',*,*,#4787,.T.);
#6569=ORIENTED_EDGE('',*,*,#4790,.T.);
#6570=ORIENTED_EDGE('',*,*,#4793,.F.);
#6571=ORIENTED_EDGE('',*,*,#4794,.T.);
#6572=ORIENTED_EDGE('',*,*,#4795,.T.);
#6573=ORIENTED_EDGE('',*,*,#4796,.T.);
#6574=ORIENTED_EDGE('',*,*,#4797,.T.);
#6575=ORIENTED_EDGE('',*,*,#4798,.T.);
#6576=ORIENTED_EDGE('',*,*,#4799,.T.);
#6577=ORIENTED_EDGE('',*,*,#4800,.F.);
#6578=ORIENTED_EDGE('',*,*,#4801,.F.);
#6579=ORIENTED_EDGE('',*,*,#4802,.F.);
#6580=ORIENTED_EDGE('',*,*,#4803,.F.);
#6581=ORIENTED_EDGE('',*,*,#4804,.F.);
#6582=ORIENTED_EDGE('',*,*,#4805,.F.);
#6583=ORIENTED_EDGE('',*,*,#4802,.T.);
#6584=ORIENTED_EDGE('',*,*,#4806,.F.);
#6585=ORIENTED_EDGE('',*,*,#4804,.T.);
#6586=ORIENTED_EDGE('',*,*,#4807,.F.);
#6587=ORIENTED_EDGE('',*,*,#4808,.F.);
#6588=ORIENTED_EDGE('',*,*,#4809,.F.);
#6589=ORIENTED_EDGE('',*,*,#4810,.F.);
#6590=ORIENTED_EDGE('',*,*,#4811,.F.);
#6591=ORIENTED_EDGE('',*,*,#4808,.T.);
#6592=ORIENTED_EDGE('',*,*,#4812,.F.);
#6593=ORIENTED_EDGE('',*,*,#4813,.F.);
#6594=ORIENTED_EDGE('',*,*,#4814,.F.);
#6595=ORIENTED_EDGE('',*,*,#4810,.T.);
#6596=ORIENTED_EDGE('',*,*,#4815,.F.);
#6597=ORIENTED_EDGE('',*,*,#4816,.T.);
#6598=ORIENTED_EDGE('',*,*,#4800,.T.);
#6599=ORIENTED_EDGE('',*,*,#4817,.F.);
#6600=ORIENTED_EDGE('',*,*,#4818,.F.);
#6601=ORIENTED_EDGE('',*,*,#4819,.T.);
#6602=ORIENTED_EDGE('',*,*,#4818,.T.);
#6603=ORIENTED_EDGE('',*,*,#4773,.F.);
#6604=ORIENTED_EDGE('',*,*,#4820,.F.);
#6605=ORIENTED_EDGE('',*,*,#4821,.F.);
#6606=ORIENTED_EDGE('',*,*,#4822,.F.);
#6607=ORIENTED_EDGE('',*,*,#4813,.T.);
#6608=ORIENTED_EDGE('',*,*,#4823,.F.);
#6609=ORIENTED_EDGE('',*,*,#4796,.F.);
#6610=ORIENTED_EDGE('',*,*,#4821,.T.);
#6611=ORIENTED_EDGE('',*,*,#4822,.T.);
#6612=ORIENTED_EDGE('',*,*,#4795,.F.);
#6613=ORIENTED_EDGE('',*,*,#4824,.T.);
#6614=ORIENTED_EDGE('',*,*,#4825,.T.);
#6615=ORIENTED_EDGE('',*,*,#4814,.T.);
#6616=ORIENTED_EDGE('',*,*,#4811,.T.);
#6617=ORIENTED_EDGE('',*,*,#4825,.F.);
#6618=ORIENTED_EDGE('',*,*,#4826,.F.);
#6619=ORIENTED_EDGE('',*,*,#4827,.F.);
#6620=ORIENTED_EDGE('',*,*,#4809,.T.);
#6621=ORIENTED_EDGE('',*,*,#4827,.T.);
#6622=ORIENTED_EDGE('',*,*,#4828,.T.);
#6623=ORIENTED_EDGE('',*,*,#4829,.T.);
#6624=ORIENTED_EDGE('',*,*,#4805,.T.);
#6625=ORIENTED_EDGE('',*,*,#4829,.F.);
#6626=ORIENTED_EDGE('',*,*,#4830,.F.);
#6627=ORIENTED_EDGE('',*,*,#4831,.F.);
#6628=ORIENTED_EDGE('',*,*,#4832,.F.);
#6629=ORIENTED_EDGE('',*,*,#4798,.F.);
#6630=ORIENTED_EDGE('',*,*,#4833,.F.);
#6631=ORIENTED_EDGE('',*,*,#4834,.F.);
#6632=ORIENTED_EDGE('',*,*,#4833,.T.);
#6633=ORIENTED_EDGE('',*,*,#4835,.F.);
#6634=ORIENTED_EDGE('',*,*,#4836,.F.);
#6635=ORIENTED_EDGE('',*,*,#4837,.F.);
#6636=ORIENTED_EDGE('',*,*,#4832,.T.);
#6637=ORIENTED_EDGE('',*,*,#4838,.F.);
#6638=ORIENTED_EDGE('',*,*,#4839,.F.);
#6639=ORIENTED_EDGE('',*,*,#4840,.F.);
#6640=ORIENTED_EDGE('',*,*,#4841,.F.);
#6641=ORIENTED_EDGE('',*,*,#4842,.F.);
#6642=ORIENTED_EDGE('',*,*,#4836,.T.);
#6643=ORIENTED_EDGE('',*,*,#4843,.F.);
#6644=ORIENTED_EDGE('',*,*,#4844,.F.);
#6645=ORIENTED_EDGE('',*,*,#4845,.F.);
#6646=ORIENTED_EDGE('',*,*,#4841,.T.);
#6647=ORIENTED_EDGE('',*,*,#4846,.F.);
#6648=ORIENTED_EDGE('',*,*,#4844,.T.);
#6649=ORIENTED_EDGE('',*,*,#4771,.F.);
#6650=ORIENTED_EDGE('',*,*,#4847,.F.);
#6651=ORIENTED_EDGE('',*,*,#4848,.F.);
#6652=ORIENTED_EDGE('',*,*,#4847,.T.);
#6653=ORIENTED_EDGE('',*,*,#4849,.F.);
#6654=ORIENTED_EDGE('',*,*,#4850,.F.);
#6655=ORIENTED_EDGE('',*,*,#4851,.F.);
#6656=ORIENTED_EDGE('',*,*,#4852,.T.);
#6657=ORIENTED_EDGE('',*,*,#4850,.T.);
#6658=ORIENTED_EDGE('',*,*,#4853,.F.);
#6659=ORIENTED_EDGE('',*,*,#4164,.F.);
#6660=ORIENTED_EDGE('',*,*,#4840,.T.);
#6661=ORIENTED_EDGE('',*,*,#4854,.F.);
#6662=ORIENTED_EDGE('',*,*,#4855,.F.);
#6663=ORIENTED_EDGE('',*,*,#4786,.F.);
#6664=ORIENTED_EDGE('',*,*,#4789,.F.);
#6665=ORIENTED_EDGE('',*,*,#4799,.F.);
#6666=ORIENTED_EDGE('',*,*,#4835,.T.);
#6667=ORIENTED_EDGE('',*,*,#4797,.F.);
#6668=ORIENTED_EDGE('',*,*,#4823,.T.);
#6669=ORIENTED_EDGE('',*,*,#4820,.T.);
#6670=ORIENTED_EDGE('',*,*,#4856,.T.);
#6671=ORIENTED_EDGE('',*,*,#4857,.F.);
#6672=ORIENTED_EDGE('',*,*,#4843,.T.);
#6673=ORIENTED_EDGE('',*,*,#4857,.T.);
#6674=ORIENTED_EDGE('',*,*,#4858,.T.);
#6675=ORIENTED_EDGE('',*,*,#4859,.T.);
#6676=ORIENTED_EDGE('',*,*,#4846,.T.);
#6677=ORIENTED_EDGE('',*,*,#4859,.F.);
#6678=ORIENTED_EDGE('',*,*,#4860,.F.);
#6679=ORIENTED_EDGE('',*,*,#4816,.F.);
#6680=ORIENTED_EDGE('',*,*,#4819,.F.);
#6681=ORIENTED_EDGE('',*,*,#4772,.F.);
#6682=ORIENTED_EDGE('',*,*,#4849,.T.);
#6683=ORIENTED_EDGE('',*,*,#4770,.F.);
#6684=ORIENTED_EDGE('',*,*,#4768,.T.);
#6685=ORIENTED_EDGE('',*,*,#4765,.T.);
#6686=ORIENTED_EDGE('',*,*,#4861,.T.);
#6687=ORIENTED_EDGE('',*,*,#4862,.F.);
#6688=ORIENTED_EDGE('',*,*,#4853,.T.);
#6689=ORIENTED_EDGE('',*,*,#4862,.T.);
#6690=ORIENTED_EDGE('',*,*,#4863,.T.);
#6691=ORIENTED_EDGE('',*,*,#4173,.F.);
#6692=ORIENTED_EDGE('',*,*,#4864,.T.);
#6693=ORIENTED_EDGE('',*,*,#4865,.T.);
#6694=ORIENTED_EDGE('',*,*,#4866,.T.);
#6695=ORIENTED_EDGE('',*,*,#4865,.F.);
#6696=ORIENTED_EDGE('',*,*,#4867,.T.);
#6697=ORIENTED_EDGE('',*,*,#4868,.T.);
#6698=ORIENTED_EDGE('',*,*,#4869,.T.);
#6699=ORIENTED_EDGE('',*,*,#4868,.F.);
#6700=ORIENTED_EDGE('',*,*,#4780,.T.);
#6701=ORIENTED_EDGE('',*,*,#4870,.F.);
#6702=ORIENTED_EDGE('',*,*,#4871,.F.);
#6703=ORIENTED_EDGE('',*,*,#4791,.F.);
#6704=ORIENTED_EDGE('',*,*,#4817,.T.);
#6705=ORIENTED_EDGE('',*,*,#4803,.T.);
#6706=ORIENTED_EDGE('',*,*,#4831,.T.);
#6707=ORIENTED_EDGE('',*,*,#4872,.F.);
#6708=ORIENTED_EDGE('',*,*,#4774,.T.);
#6709=ORIENTED_EDGE('',*,*,#4760,.T.);
#6710=ORIENTED_EDGE('',*,*,#4778,.F.);
#6711=ORIENTED_EDGE('',*,*,#4873,.F.);
#6712=ORIENTED_EDGE('',*,*,#4874,.F.);
#6713=ORIENTED_EDGE('',*,*,#4764,.T.);
#6714=ORIENTED_EDGE('',*,*,#4874,.T.);
#6715=ORIENTED_EDGE('',*,*,#4875,.T.);
#6716=ORIENTED_EDGE('',*,*,#4184,.F.);
#6717=ORIENTED_EDGE('',*,*,#4876,.F.);
#6718=ORIENTED_EDGE('',*,*,#4877,.F.);
#6719=ORIENTED_EDGE('',*,*,#4713,.F.);
#6720=ORIENTED_EDGE('',*,*,#4878,.T.);
#6721=ORIENTED_EDGE('',*,*,#4879,.F.);
#6722=ORIENTED_EDGE('',*,*,#4880,.F.);
#6723=ORIENTED_EDGE('',*,*,#4881,.F.);
#6724=ORIENTED_EDGE('',*,*,#4882,.F.);
#6725=ORIENTED_EDGE('',*,*,#4879,.T.);
#6726=ORIENTED_EDGE('',*,*,#4876,.T.);
#6727=ORIENTED_EDGE('',*,*,#4883,.F.);
#6728=ORIENTED_EDGE('',*,*,#4884,.F.);
#6729=ORIENTED_EDGE('',*,*,#4885,.F.);
#6730=ORIENTED_EDGE('',*,*,#4707,.F.);
#6731=ORIENTED_EDGE('',*,*,#4886,.F.);
#6732=ORIENTED_EDGE('',*,*,#4884,.T.);
#6733=ORIENTED_EDGE('',*,*,#4881,.T.);
#6734=ORIENTED_EDGE('',*,*,#4887,.F.);
#6735=ORIENTED_EDGE('',*,*,#4883,.T.);
#6736=ORIENTED_EDGE('',*,*,#4888,.F.);
#6737=ORIENTED_EDGE('',*,*,#4889,.F.);
#6738=ORIENTED_EDGE('',*,*,#4890,.F.);
#6739=ORIENTED_EDGE('',*,*,#4880,.T.);
#6740=ORIENTED_EDGE('',*,*,#4890,.T.);
#6741=ORIENTED_EDGE('',*,*,#4891,.T.);
#6742=ORIENTED_EDGE('',*,*,#4892,.T.);
#6743=ORIENTED_EDGE('',*,*,#4887,.T.);
#6744=ORIENTED_EDGE('',*,*,#4892,.F.);
#6745=ORIENTED_EDGE('',*,*,#4893,.F.);
#6746=ORIENTED_EDGE('',*,*,#4894,.F.);
#6747=ORIENTED_EDGE('',*,*,#4885,.T.);
#6748=ORIENTED_EDGE('',*,*,#4894,.T.);
#6749=ORIENTED_EDGE('',*,*,#4895,.T.);
#6750=ORIENTED_EDGE('',*,*,#4708,.F.);
#6751=ORIENTED_EDGE('',*,*,#4896,.F.);
#6752=ORIENTED_EDGE('',*,*,#4897,.F.);
#6753=ORIENTED_EDGE('',*,*,#4705,.F.);
#6754=ORIENTED_EDGE('',*,*,#4898,.F.);
#6755=ORIENTED_EDGE('',*,*,#4899,.F.);
#6756=ORIENTED_EDGE('',*,*,#4900,.F.);
#6757=ORIENTED_EDGE('',*,*,#4901,.F.);
#6758=ORIENTED_EDGE('',*,*,#4902,.F.);
#6759=ORIENTED_EDGE('',*,*,#4899,.T.);
#6760=ORIENTED_EDGE('',*,*,#4896,.T.);
#6761=ORIENTED_EDGE('',*,*,#4903,.F.);
#6762=ORIENTED_EDGE('',*,*,#4904,.F.);
#6763=ORIENTED_EDGE('',*,*,#4905,.F.);
#6764=ORIENTED_EDGE('',*,*,#4699,.F.);
#6765=ORIENTED_EDGE('',*,*,#4906,.F.);
#6766=ORIENTED_EDGE('',*,*,#4904,.T.);
#6767=ORIENTED_EDGE('',*,*,#4901,.T.);
#6768=ORIENTED_EDGE('',*,*,#4907,.F.);
#6769=ORIENTED_EDGE('',*,*,#4898,.T.);
#6770=ORIENTED_EDGE('',*,*,#4704,.F.);
#6771=ORIENTED_EDGE('',*,*,#4908,.T.);
#6772=ORIENTED_EDGE('',*,*,#4909,.T.);
#6773=ORIENTED_EDGE('',*,*,#4903,.T.);
#6774=ORIENTED_EDGE('',*,*,#4909,.F.);
#6775=ORIENTED_EDGE('',*,*,#4910,.F.);
#6776=ORIENTED_EDGE('',*,*,#4911,.F.);
#6777=ORIENTED_EDGE('',*,*,#4900,.T.);
#6778=ORIENTED_EDGE('',*,*,#4911,.T.);
#6779=ORIENTED_EDGE('',*,*,#4912,.T.);
#6780=ORIENTED_EDGE('',*,*,#4913,.T.);
#6781=ORIENTED_EDGE('',*,*,#4907,.T.);
#6782=ORIENTED_EDGE('',*,*,#4913,.F.);
#6783=ORIENTED_EDGE('',*,*,#4914,.F.);
#6784=ORIENTED_EDGE('',*,*,#4915,.F.);
#6785=ORIENTED_EDGE('',*,*,#4905,.T.);
#6786=ORIENTED_EDGE('',*,*,#4915,.T.);
#6787=ORIENTED_EDGE('',*,*,#4916,.T.);
#6788=ORIENTED_EDGE('',*,*,#4700,.F.);
#6789=ORIENTED_EDGE('',*,*,#4917,.F.);
#6790=ORIENTED_EDGE('',*,*,#4918,.F.);
#6791=ORIENTED_EDGE('',*,*,#4697,.F.);
#6792=ORIENTED_EDGE('',*,*,#4919,.F.);
#6793=ORIENTED_EDGE('',*,*,#4920,.F.);
#6794=ORIENTED_EDGE('',*,*,#4921,.F.);
#6795=ORIENTED_EDGE('',*,*,#4922,.F.);
#6796=ORIENTED_EDGE('',*,*,#4923,.F.);
#6797=ORIENTED_EDGE('',*,*,#4920,.T.);
#6798=ORIENTED_EDGE('',*,*,#4917,.T.);
#6799=ORIENTED_EDGE('',*,*,#4924,.F.);
#6800=ORIENTED_EDGE('',*,*,#4925,.F.);
#6801=ORIENTED_EDGE('',*,*,#4926,.F.);
#6802=ORIENTED_EDGE('',*,*,#4691,.F.);
#6803=ORIENTED_EDGE('',*,*,#4927,.F.);
#6804=ORIENTED_EDGE('',*,*,#4925,.T.);
#6805=ORIENTED_EDGE('',*,*,#4922,.T.);
#6806=ORIENTED_EDGE('',*,*,#4928,.F.);
#6807=ORIENTED_EDGE('',*,*,#4919,.T.);
#6808=ORIENTED_EDGE('',*,*,#4696,.F.);
#6809=ORIENTED_EDGE('',*,*,#4929,.T.);
#6810=ORIENTED_EDGE('',*,*,#4930,.T.);
#6811=ORIENTED_EDGE('',*,*,#4924,.T.);
#6812=ORIENTED_EDGE('',*,*,#4930,.F.);
#6813=ORIENTED_EDGE('',*,*,#4931,.F.);
#6814=ORIENTED_EDGE('',*,*,#4932,.F.);
#6815=ORIENTED_EDGE('',*,*,#4921,.T.);
#6816=ORIENTED_EDGE('',*,*,#4932,.T.);
#6817=ORIENTED_EDGE('',*,*,#4933,.T.);
#6818=ORIENTED_EDGE('',*,*,#4934,.T.);
#6819=ORIENTED_EDGE('',*,*,#4928,.T.);
#6820=ORIENTED_EDGE('',*,*,#4934,.F.);
#6821=ORIENTED_EDGE('',*,*,#4935,.F.);
#6822=ORIENTED_EDGE('',*,*,#4936,.F.);
#6823=ORIENTED_EDGE('',*,*,#4926,.T.);
#6824=ORIENTED_EDGE('',*,*,#4936,.T.);
#6825=ORIENTED_EDGE('',*,*,#4937,.T.);
#6826=ORIENTED_EDGE('',*,*,#4692,.F.);
#6827=ORIENTED_EDGE('',*,*,#4938,.F.);
#6828=ORIENTED_EDGE('',*,*,#4939,.F.);
#6829=ORIENTED_EDGE('',*,*,#4689,.F.);
#6830=ORIENTED_EDGE('',*,*,#4940,.F.);
#6831=ORIENTED_EDGE('',*,*,#4941,.F.);
#6832=ORIENTED_EDGE('',*,*,#4942,.F.);
#6833=ORIENTED_EDGE('',*,*,#4943,.F.);
#6834=ORIENTED_EDGE('',*,*,#4944,.F.);
#6835=ORIENTED_EDGE('',*,*,#4941,.T.);
#6836=ORIENTED_EDGE('',*,*,#4938,.T.);
#6837=ORIENTED_EDGE('',*,*,#4945,.F.);
#6838=ORIENTED_EDGE('',*,*,#4946,.F.);
#6839=ORIENTED_EDGE('',*,*,#4947,.F.);
#6840=ORIENTED_EDGE('',*,*,#4683,.F.);
#6841=ORIENTED_EDGE('',*,*,#4948,.F.);
#6842=ORIENTED_EDGE('',*,*,#4946,.T.);
#6843=ORIENTED_EDGE('',*,*,#4943,.T.);
#6844=ORIENTED_EDGE('',*,*,#4949,.F.);
#6845=ORIENTED_EDGE('',*,*,#4940,.T.);
#6846=ORIENTED_EDGE('',*,*,#4688,.F.);
#6847=ORIENTED_EDGE('',*,*,#4950,.T.);
#6848=ORIENTED_EDGE('',*,*,#4951,.T.);
#6849=ORIENTED_EDGE('',*,*,#4945,.T.);
#6850=ORIENTED_EDGE('',*,*,#4951,.F.);
#6851=ORIENTED_EDGE('',*,*,#4952,.F.);
#6852=ORIENTED_EDGE('',*,*,#4953,.F.);
#6853=ORIENTED_EDGE('',*,*,#4942,.T.);
#6854=ORIENTED_EDGE('',*,*,#4953,.T.);
#6855=ORIENTED_EDGE('',*,*,#4954,.T.);
#6856=ORIENTED_EDGE('',*,*,#4955,.T.);
#6857=ORIENTED_EDGE('',*,*,#4949,.T.);
#6858=ORIENTED_EDGE('',*,*,#4955,.F.);
#6859=ORIENTED_EDGE('',*,*,#4956,.F.);
#6860=ORIENTED_EDGE('',*,*,#4957,.F.);
#6861=ORIENTED_EDGE('',*,*,#4947,.T.);
#6862=ORIENTED_EDGE('',*,*,#4957,.T.);
#6863=ORIENTED_EDGE('',*,*,#4958,.T.);
#6864=ORIENTED_EDGE('',*,*,#4684,.F.);
#6865=ORIENTED_EDGE('',*,*,#4959,.F.);
#6866=ORIENTED_EDGE('',*,*,#4960,.F.);
#6867=ORIENTED_EDGE('',*,*,#4685,.F.);
#6868=ORIENTED_EDGE('',*,*,#4958,.F.);
#6869=ORIENTED_EDGE('',*,*,#4959,.T.);
#6870=ORIENTED_EDGE('',*,*,#4956,.T.);
#6871=ORIENTED_EDGE('',*,*,#4961,.F.);
#6872=ORIENTED_EDGE('',*,*,#4961,.T.);
#6873=ORIENTED_EDGE('',*,*,#4954,.F.);
#6874=ORIENTED_EDGE('',*,*,#4962,.T.);
#6875=ORIENTED_EDGE('',*,*,#4963,.F.);
#6876=ORIENTED_EDGE('',*,*,#4960,.T.);
#6877=ORIENTED_EDGE('',*,*,#4963,.T.);
#6878=ORIENTED_EDGE('',*,*,#4964,.T.);
#6879=ORIENTED_EDGE('',*,*,#4686,.T.);
#6880=ORIENTED_EDGE('',*,*,#4965,.F.);
#6881=ORIENTED_EDGE('',*,*,#4950,.F.);
#6882=ORIENTED_EDGE('',*,*,#4687,.F.);
#6883=ORIENTED_EDGE('',*,*,#4964,.F.);
#6884=ORIENTED_EDGE('',*,*,#4952,.T.);
#6885=ORIENTED_EDGE('',*,*,#4965,.T.);
#6886=ORIENTED_EDGE('',*,*,#4962,.F.);
#6887=ORIENTED_EDGE('',*,*,#4966,.F.);
#6888=ORIENTED_EDGE('',*,*,#4967,.F.);
#6889=ORIENTED_EDGE('',*,*,#4693,.F.);
#6890=ORIENTED_EDGE('',*,*,#4937,.F.);
#6891=ORIENTED_EDGE('',*,*,#4966,.T.);
#6892=ORIENTED_EDGE('',*,*,#4935,.T.);
#6893=ORIENTED_EDGE('',*,*,#4968,.F.);
#6894=ORIENTED_EDGE('',*,*,#4968,.T.);
#6895=ORIENTED_EDGE('',*,*,#4933,.F.);
#6896=ORIENTED_EDGE('',*,*,#4969,.T.);
#6897=ORIENTED_EDGE('',*,*,#4970,.F.);
#6898=ORIENTED_EDGE('',*,*,#4967,.T.);
#6899=ORIENTED_EDGE('',*,*,#4970,.T.);
#6900=ORIENTED_EDGE('',*,*,#4971,.T.);
#6901=ORIENTED_EDGE('',*,*,#4694,.T.);
#6902=ORIENTED_EDGE('',*,*,#4972,.F.);
#6903=ORIENTED_EDGE('',*,*,#4973,.F.);
#6904=ORIENTED_EDGE('',*,*,#4701,.F.);
#6905=ORIENTED_EDGE('',*,*,#4916,.F.);
#6906=ORIENTED_EDGE('',*,*,#4972,.T.);
#6907=ORIENTED_EDGE('',*,*,#4914,.T.);
#6908=ORIENTED_EDGE('',*,*,#4974,.F.);
#6909=ORIENTED_EDGE('',*,*,#4974,.T.);
#6910=ORIENTED_EDGE('',*,*,#4912,.F.);
#6911=ORIENTED_EDGE('',*,*,#4975,.T.);
#6912=ORIENTED_EDGE('',*,*,#4976,.F.);
#6913=ORIENTED_EDGE('',*,*,#4973,.T.);
#6914=ORIENTED_EDGE('',*,*,#4976,.T.);
#6915=ORIENTED_EDGE('',*,*,#4977,.T.);
#6916=ORIENTED_EDGE('',*,*,#4702,.T.);
#6917=ORIENTED_EDGE('',*,*,#4978,.F.);
#6918=ORIENTED_EDGE('',*,*,#4929,.F.);
#6919=ORIENTED_EDGE('',*,*,#4695,.F.);
#6920=ORIENTED_EDGE('',*,*,#4971,.F.);
#6921=ORIENTED_EDGE('',*,*,#4931,.T.);
#6922=ORIENTED_EDGE('',*,*,#4978,.T.);
#6923=ORIENTED_EDGE('',*,*,#4969,.F.);
#6924=ORIENTED_EDGE('',*,*,#4979,.F.);
#6925=ORIENTED_EDGE('',*,*,#4908,.F.);
#6926=ORIENTED_EDGE('',*,*,#4703,.F.);
#6927=ORIENTED_EDGE('',*,*,#4977,.F.);
#6928=ORIENTED_EDGE('',*,*,#4910,.T.);
#6929=ORIENTED_EDGE('',*,*,#4979,.T.);
#6930=ORIENTED_EDGE('',*,*,#4975,.F.);
#6931=ORIENTED_EDGE('',*,*,#4980,.F.);
#6932=ORIENTED_EDGE('',*,*,#4981,.F.);
#6933=ORIENTED_EDGE('',*,*,#4711,.F.);
#6934=ORIENTED_EDGE('',*,*,#4982,.F.);
#6935=ORIENTED_EDGE('',*,*,#4980,.T.);
#6936=ORIENTED_EDGE('',*,*,#4983,.F.);
#6937=ORIENTED_EDGE('',*,*,#4889,.T.);
#6938=ORIENTED_EDGE('',*,*,#4984,.F.);
#6939=ORIENTED_EDGE('',*,*,#4985,.F.);
#6940=ORIENTED_EDGE('',*,*,#4709,.F.);
#6941=ORIENTED_EDGE('',*,*,#4895,.F.);
#6942=ORIENTED_EDGE('',*,*,#4984,.T.);
#6943=ORIENTED_EDGE('',*,*,#4893,.T.);
#6944=ORIENTED_EDGE('',*,*,#4986,.F.);
#6945=ORIENTED_EDGE('',*,*,#4983,.T.);
#6946=ORIENTED_EDGE('',*,*,#4987,.F.);
#6947=ORIENTED_EDGE('',*,*,#4986,.T.);
#6948=ORIENTED_EDGE('',*,*,#4891,.F.);
#6949=ORIENTED_EDGE('',*,*,#4982,.T.);
#6950=ORIENTED_EDGE('',*,*,#4710,.T.);
#6951=ORIENTED_EDGE('',*,*,#4985,.T.);
#6952=ORIENTED_EDGE('',*,*,#4987,.T.);
#6953=ORIENTED_EDGE('',*,*,#4988,.T.);
#6954=ORIENTED_EDGE('',*,*,#4989,.T.);
#6955=ORIENTED_EDGE('',*,*,#4990,.T.);
#6956=ORIENTED_EDGE('',*,*,#4991,.T.);
#6957=ORIENTED_EDGE('',*,*,#4992,.T.);
#6958=ORIENTED_EDGE('',*,*,#4993,.T.);
#6959=ORIENTED_EDGE('',*,*,#4994,.T.);
#6960=ORIENTED_EDGE('',*,*,#4995,.T.);
#6961=ORIENTED_EDGE('',*,*,#4996,.T.);
#6962=ORIENTED_EDGE('',*,*,#4997,.T.);
#6963=ORIENTED_EDGE('',*,*,#4998,.T.);
#6964=ORIENTED_EDGE('',*,*,#4999,.T.);
#6965=ORIENTED_EDGE('',*,*,#5000,.T.);
#6966=ORIENTED_EDGE('',*,*,#5001,.T.);
#6967=ORIENTED_EDGE('',*,*,#5002,.T.);
#6968=ORIENTED_EDGE('',*,*,#5003,.T.);
#6969=ORIENTED_EDGE('',*,*,#4759,.T.);
#6970=ORIENTED_EDGE('',*,*,#4762,.T.);
#6971=ORIENTED_EDGE('',*,*,#4763,.T.);
#6972=ORIENTED_EDGE('',*,*,#4076,.F.);
#6973=ORIENTED_EDGE('',*,*,#4073,.F.);
#6974=ORIENTED_EDGE('',*,*,#4174,.T.);
#6975=ORIENTED_EDGE('',*,*,#4863,.F.);
#6976=ORIENTED_EDGE('',*,*,#4861,.F.);
#6977=ORIENTED_EDGE('',*,*,#4815,.T.);
#6978=ORIENTED_EDGE('',*,*,#4812,.T.);
#6979=ORIENTED_EDGE('',*,*,#4807,.T.);
#6980=ORIENTED_EDGE('',*,*,#4806,.T.);
#6981=ORIENTED_EDGE('',*,*,#4801,.T.);
#6982=ORIENTED_EDGE('',*,*,#4860,.T.);
#6983=ORIENTED_EDGE('',*,*,#4858,.F.);
#6984=ORIENTED_EDGE('',*,*,#4856,.F.);
#6985=ORIENTED_EDGE('',*,*,#5000,.F.);
#6986=ORIENTED_EDGE('',*,*,#5004,.F.);
#6987=ORIENTED_EDGE('',*,*,#5005,.T.);
#6988=ORIENTED_EDGE('',*,*,#5006,.T.);
#6989=ORIENTED_EDGE('',*,*,#5001,.F.);
#6990=ORIENTED_EDGE('',*,*,#5006,.F.);
#6991=ORIENTED_EDGE('',*,*,#5007,.T.);
#6992=ORIENTED_EDGE('',*,*,#5008,.T.);
#6993=ORIENTED_EDGE('',*,*,#5002,.F.);
#6994=ORIENTED_EDGE('',*,*,#5008,.F.);
#6995=ORIENTED_EDGE('',*,*,#5009,.T.);
#6996=ORIENTED_EDGE('',*,*,#5010,.T.);
#6997=ORIENTED_EDGE('',*,*,#5003,.F.);
#6998=ORIENTED_EDGE('',*,*,#5010,.F.);
#6999=ORIENTED_EDGE('',*,*,#5011,.T.);
#7000=ORIENTED_EDGE('',*,*,#5012,.T.);
#7001=ORIENTED_EDGE('',*,*,#4992,.F.);
#7002=ORIENTED_EDGE('',*,*,#5013,.F.);
#7003=ORIENTED_EDGE('',*,*,#5014,.T.);
#7004=ORIENTED_EDGE('',*,*,#5015,.T.);
#7005=ORIENTED_EDGE('',*,*,#4993,.F.);
#7006=ORIENTED_EDGE('',*,*,#5015,.F.);
#7007=ORIENTED_EDGE('',*,*,#5016,.T.);
#7008=ORIENTED_EDGE('',*,*,#5017,.T.);
#7009=ORIENTED_EDGE('',*,*,#4994,.F.);
#7010=ORIENTED_EDGE('',*,*,#5017,.F.);
#7011=ORIENTED_EDGE('',*,*,#5018,.T.);
#7012=ORIENTED_EDGE('',*,*,#5019,.T.);
#7013=ORIENTED_EDGE('',*,*,#4995,.F.);
#7014=ORIENTED_EDGE('',*,*,#5019,.F.);
#7015=ORIENTED_EDGE('',*,*,#5020,.T.);
#7016=ORIENTED_EDGE('',*,*,#5021,.T.);
#7017=ORIENTED_EDGE('',*,*,#4996,.F.);
#7018=ORIENTED_EDGE('',*,*,#5012,.F.);
#7019=ORIENTED_EDGE('',*,*,#5022,.T.);
#7020=ORIENTED_EDGE('',*,*,#5023,.T.);
#7021=ORIENTED_EDGE('',*,*,#4997,.F.);
#7022=ORIENTED_EDGE('',*,*,#5023,.F.);
#7023=ORIENTED_EDGE('',*,*,#5024,.T.);
#7024=ORIENTED_EDGE('',*,*,#5025,.T.);
#7025=ORIENTED_EDGE('',*,*,#4998,.F.);
#7026=ORIENTED_EDGE('',*,*,#5025,.F.);
#7027=ORIENTED_EDGE('',*,*,#5026,.T.);
#7028=ORIENTED_EDGE('',*,*,#5027,.T.);
#7029=ORIENTED_EDGE('',*,*,#4999,.F.);
#7030=ORIENTED_EDGE('',*,*,#5027,.F.);
#7031=ORIENTED_EDGE('',*,*,#5028,.T.);
#7032=ORIENTED_EDGE('',*,*,#5004,.T.);
#7033=ORIENTED_EDGE('',*,*,#4988,.F.);
#7034=ORIENTED_EDGE('',*,*,#5021,.F.);
#7035=ORIENTED_EDGE('',*,*,#5029,.T.);
#7036=ORIENTED_EDGE('',*,*,#5030,.T.);
#7037=ORIENTED_EDGE('',*,*,#4989,.F.);
#7038=ORIENTED_EDGE('',*,*,#5030,.F.);
#7039=ORIENTED_EDGE('',*,*,#5031,.T.);
#7040=ORIENTED_EDGE('',*,*,#5032,.T.);
#7041=ORIENTED_EDGE('',*,*,#4990,.F.);
#7042=ORIENTED_EDGE('',*,*,#5032,.F.);
#7043=ORIENTED_EDGE('',*,*,#5033,.T.);
#7044=ORIENTED_EDGE('',*,*,#5034,.T.);
#7045=ORIENTED_EDGE('',*,*,#4991,.F.);
#7046=ORIENTED_EDGE('',*,*,#5034,.F.);
#7047=ORIENTED_EDGE('',*,*,#5035,.T.);
#7048=ORIENTED_EDGE('',*,*,#5013,.T.);
#7049=ORIENTED_EDGE('',*,*,#5036,.T.);
#7050=ORIENTED_EDGE('',*,*,#5037,.T.);
#7051=ORIENTED_EDGE('',*,*,#5038,.T.);
#7052=ORIENTED_EDGE('',*,*,#5039,.T.);
#7053=ORIENTED_EDGE('',*,*,#5038,.F.);
#7054=ORIENTED_EDGE('',*,*,#5040,.T.);
#7055=ORIENTED_EDGE('',*,*,#5041,.T.);
#7056=ORIENTED_EDGE('',*,*,#5042,.T.);
#7057=ORIENTED_EDGE('',*,*,#5043,.T.);
#7058=ORIENTED_EDGE('',*,*,#5041,.F.);
#7059=ORIENTED_EDGE('',*,*,#5044,.T.);
#7060=ORIENTED_EDGE('',*,*,#4377,.T.);
#7061=ORIENTED_EDGE('',*,*,#5045,.T.);
#7062=ORIENTED_EDGE('',*,*,#5036,.F.);
#7063=ORIENTED_EDGE('',*,*,#5046,.T.);
#7064=ORIENTED_EDGE('',*,*,#5047,.T.);
#7065=ORIENTED_EDGE('',*,*,#5048,.T.);
#7066=ORIENTED_EDGE('',*,*,#5047,.F.);
#7067=ORIENTED_EDGE('',*,*,#5049,.T.);
#7068=ORIENTED_EDGE('',*,*,#5050,.F.);
#7069=ORIENTED_EDGE('',*,*,#5049,.F.);
#7070=ORIENTED_EDGE('',*,*,#5051,.F.);
#7071=ORIENTED_EDGE('',*,*,#5052,.F.);
#7072=ORIENTED_EDGE('',*,*,#5053,.T.);
#7073=ORIENTED_EDGE('',*,*,#5054,.F.);
#7074=ORIENTED_EDGE('',*,*,#5055,.F.);
#7075=ORIENTED_EDGE('',*,*,#5056,.F.);
#7076=ORIENTED_EDGE('',*,*,#5046,.F.);
#7077=ORIENTED_EDGE('',*,*,#5039,.F.);
#7078=ORIENTED_EDGE('',*,*,#5057,.F.);
#7079=ORIENTED_EDGE('',*,*,#5058,.F.);
#7080=ORIENTED_EDGE('',*,*,#5051,.T.);
#7081=ORIENTED_EDGE('',*,*,#5059,.T.);
#7082=ORIENTED_EDGE('',*,*,#5060,.T.);
#7083=ORIENTED_EDGE('',*,*,#5061,.T.);
#7084=ORIENTED_EDGE('',*,*,#5062,.T.);
#7085=ORIENTED_EDGE('',*,*,#5063,.T.);
#7086=ORIENTED_EDGE('',*,*,#5064,.T.);
#7087=ORIENTED_EDGE('',*,*,#5061,.F.);
#7088=ORIENTED_EDGE('',*,*,#5065,.T.);
#7089=ORIENTED_EDGE('',*,*,#5066,.F.);
#7090=ORIENTED_EDGE('',*,*,#5059,.F.);
#7091=ORIENTED_EDGE('',*,*,#5067,.T.);
#7092=ORIENTED_EDGE('',*,*,#4779,.T.);
#7093=ORIENTED_EDGE('',*,*,#5068,.F.);
#7094=ORIENTED_EDGE('',*,*,#5069,.T.);
#7095=ORIENTED_EDGE('',*,*,#5070,.T.);
#7096=ORIENTED_EDGE('',*,*,#5063,.F.);
#7097=ORIENTED_EDGE('',*,*,#5071,.F.);
#7098=ORIENTED_EDGE('',*,*,#5072,.T.);
#7099=ORIENTED_EDGE('',*,*,#5069,.F.);
#7100=ORIENTED_EDGE('',*,*,#5064,.F.);
#7101=ORIENTED_EDGE('',*,*,#5070,.F.);
#7102=ORIENTED_EDGE('',*,*,#5073,.F.);
#7103=ORIENTED_EDGE('',*,*,#5074,.T.);
#7104=ORIENTED_EDGE('',*,*,#5075,.F.);
#7105=ORIENTED_EDGE('',*,*,#5072,.F.);
#7106=ORIENTED_EDGE('',*,*,#5076,.F.);
#7107=ORIENTED_EDGE('',*,*,#5077,.F.);
#7108=ORIENTED_EDGE('',*,*,#5078,.F.);
#7109=ORIENTED_EDGE('',*,*,#5079,.F.);
#7110=ORIENTED_EDGE('',*,*,#5080,.F.);
#7111=ORIENTED_EDGE('',*,*,#5081,.F.);
#7112=ORIENTED_EDGE('',*,*,#5073,.T.);
#7113=ORIENTED_EDGE('',*,*,#5065,.F.);
#7114=ORIENTED_EDGE('',*,*,#5060,.F.);
#7115=ORIENTED_EDGE('',*,*,#5066,.T.);
#7116=ORIENTED_EDGE('',*,*,#4782,.T.);
#7117=ORIENTED_EDGE('',*,*,#4784,.T.);
#7118=ORIENTED_EDGE('',*,*,#4855,.T.);
#7119=ORIENTED_EDGE('',*,*,#5082,.F.);
#7120=ORIENTED_EDGE('',*,*,#5083,.F.);
#7121=ORIENTED_EDGE('',*,*,#5084,.T.);
#7122=ORIENTED_EDGE('',*,*,#5085,.T.);
#7123=ORIENTED_EDGE('',*,*,#5086,.T.);
#7124=ORIENTED_EDGE('',*,*,#5087,.T.);
#7125=ORIENTED_EDGE('',*,*,#5088,.T.);
#7126=ORIENTED_EDGE('',*,*,#5089,.T.);
#7127=ORIENTED_EDGE('',*,*,#5086,.F.);
#7128=ORIENTED_EDGE('',*,*,#5090,.T.);
#7129=ORIENTED_EDGE('',*,*,#5088,.F.);
#7130=ORIENTED_EDGE('',*,*,#5091,.T.);
#7131=ORIENTED_EDGE('',*,*,#5092,.T.);
#7132=ORIENTED_EDGE('',*,*,#5093,.T.);
#7133=ORIENTED_EDGE('',*,*,#5094,.T.);
#7134=ORIENTED_EDGE('',*,*,#5095,.T.);
#7135=ORIENTED_EDGE('',*,*,#5092,.F.);
#7136=ORIENTED_EDGE('',*,*,#5096,.T.);
#7137=ORIENTED_EDGE('',*,*,#5097,.T.);
#7138=ORIENTED_EDGE('',*,*,#5098,.T.);
#7139=ORIENTED_EDGE('',*,*,#5094,.F.);
#7140=ORIENTED_EDGE('',*,*,#5099,.T.);
#7141=ORIENTED_EDGE('',*,*,#5100,.F.);
#7142=ORIENTED_EDGE('',*,*,#5101,.T.);
#7143=ORIENTED_EDGE('',*,*,#5102,.T.);
#7144=ORIENTED_EDGE('',*,*,#5084,.F.);
#7145=ORIENTED_EDGE('',*,*,#5103,.F.);
#7146=ORIENTED_EDGE('',*,*,#5054,.T.);
#7147=ORIENTED_EDGE('',*,*,#5101,.F.);
#7148=ORIENTED_EDGE('',*,*,#5104,.T.);
#7149=ORIENTED_EDGE('',*,*,#5097,.F.);
#7150=ORIENTED_EDGE('',*,*,#5105,.T.);
#7151=ORIENTED_EDGE('',*,*,#5106,.T.);
#7152=ORIENTED_EDGE('',*,*,#5107,.T.);
#7153=ORIENTED_EDGE('',*,*,#5106,.F.);
#7154=ORIENTED_EDGE('',*,*,#5079,.T.);
#7155=ORIENTED_EDGE('',*,*,#5105,.F.);
#7156=ORIENTED_EDGE('',*,*,#5099,.F.);
#7157=ORIENTED_EDGE('',*,*,#5108,.F.);
#7158=ORIENTED_EDGE('',*,*,#5109,.F.);
#7159=ORIENTED_EDGE('',*,*,#5080,.T.);
#7160=ORIENTED_EDGE('',*,*,#5096,.F.);
#7161=ORIENTED_EDGE('',*,*,#5110,.T.);
#7162=ORIENTED_EDGE('',*,*,#5111,.T.);
#7163=ORIENTED_EDGE('',*,*,#5108,.T.);
#7164=ORIENTED_EDGE('',*,*,#5091,.F.);
#7165=ORIENTED_EDGE('',*,*,#5112,.F.);
#7166=ORIENTED_EDGE('',*,*,#5113,.F.);
#7167=ORIENTED_EDGE('',*,*,#5110,.F.);
#7168=ORIENTED_EDGE('',*,*,#5090,.F.);
#7169=ORIENTED_EDGE('',*,*,#5114,.T.);
#7170=ORIENTED_EDGE('',*,*,#5115,.T.);
#7171=ORIENTED_EDGE('',*,*,#5112,.T.);
#7172=ORIENTED_EDGE('',*,*,#5116,.T.);
#7173=ORIENTED_EDGE('',*,*,#5117,.T.);
#7174=ORIENTED_EDGE('',*,*,#5118,.F.);
#7175=ORIENTED_EDGE('',*,*,#5117,.F.);
#7176=ORIENTED_EDGE('',*,*,#5119,.F.);
#7177=ORIENTED_EDGE('',*,*,#5120,.T.);
#7178=ORIENTED_EDGE('',*,*,#5118,.T.);
#7179=ORIENTED_EDGE('',*,*,#5120,.F.);
#7180=ORIENTED_EDGE('',*,*,#5119,.T.);
#7181=ORIENTED_EDGE('',*,*,#5121,.T.);
#7182=ORIENTED_EDGE('',*,*,#4755,.F.);
#7183=ORIENTED_EDGE('',*,*,#5121,.F.);
#7184=ORIENTED_EDGE('',*,*,#5122,.T.);
#7185=ORIENTED_EDGE('',*,*,#5123,.T.);
#7186=ORIENTED_EDGE('',*,*,#5124,.T.);
#7187=ORIENTED_EDGE('',*,*,#5077,.T.);
#7188=ORIENTED_EDGE('',*,*,#5124,.F.);
#7189=ORIENTED_EDGE('',*,*,#5125,.T.);
#7190=ORIENTED_EDGE('',*,*,#5126,.T.);
#7191=ORIENTED_EDGE('',*,*,#5127,.T.);
#7192=ORIENTED_EDGE('',*,*,#5122,.F.);
#7193=ORIENTED_EDGE('',*,*,#5128,.T.);
#7194=ORIENTED_EDGE('',*,*,#5129,.T.);
#7195=ORIENTED_EDGE('',*,*,#5130,.T.);
#7196=ORIENTED_EDGE('',*,*,#5131,.T.);
#7197=ORIENTED_EDGE('',*,*,#5132,.T.);
#7198=ORIENTED_EDGE('',*,*,#5126,.F.);
#7199=ORIENTED_EDGE('',*,*,#5133,.T.);
#7200=ORIENTED_EDGE('',*,*,#5134,.T.);
#7201=ORIENTED_EDGE('',*,*,#5129,.F.);
#7202=ORIENTED_EDGE('',*,*,#5135,.T.);
#7203=ORIENTED_EDGE('',*,*,#4839,.T.);
#7204=ORIENTED_EDGE('',*,*,#5136,.T.);
#7205=ORIENTED_EDGE('',*,*,#5137,.T.);
#7206=ORIENTED_EDGE('',*,*,#5131,.F.);
#7207=ORIENTED_EDGE('',*,*,#5138,.T.);
#7208=ORIENTED_EDGE('',*,*,#5136,.F.);
#7209=ORIENTED_EDGE('',*,*,#5139,.T.);
#7210=ORIENTED_EDGE('',*,*,#5140,.T.);
#7211=ORIENTED_EDGE('',*,*,#5056,.T.);
#7212=ORIENTED_EDGE('',*,*,#5140,.F.);
#7213=ORIENTED_EDGE('',*,*,#5141,.T.);
#7214=ORIENTED_EDGE('',*,*,#5142,.T.);
#7215=ORIENTED_EDGE('',*,*,#5143,.T.);
#7216=ORIENTED_EDGE('',*,*,#5144,.F.);
#7217=ORIENTED_EDGE('',*,*,#5142,.F.);
#7218=ORIENTED_EDGE('',*,*,#5145,.T.);
#7219=ORIENTED_EDGE('',*,*,#4470,.T.);
#7220=ORIENTED_EDGE('',*,*,#5135,.F.);
#7221=ORIENTED_EDGE('',*,*,#5146,.F.);
#7222=ORIENTED_EDGE('',*,*,#5082,.T.);
#7223=ORIENTED_EDGE('',*,*,#4854,.T.);
#7224=ORIENTED_EDGE('',*,*,#5128,.F.);
#7225=ORIENTED_EDGE('',*,*,#5076,.T.);
#7226=ORIENTED_EDGE('',*,*,#5071,.T.);
#7227=ORIENTED_EDGE('',*,*,#5068,.T.);
#7228=ORIENTED_EDGE('',*,*,#5083,.T.);
#7229=ORIENTED_EDGE('',*,*,#5146,.T.);
#7230=ORIENTED_EDGE('',*,*,#5127,.F.);
#7231=ORIENTED_EDGE('',*,*,#5147,.T.);
#7232=ORIENTED_EDGE('',*,*,#5148,.F.);
#7233=ORIENTED_EDGE('',*,*,#5104,.F.);
#7234=ORIENTED_EDGE('',*,*,#5107,.F.);
#7235=ORIENTED_EDGE('',*,*,#5078,.T.);
#7236=ORIENTED_EDGE('',*,*,#5132,.F.);
#7237=ORIENTED_EDGE('',*,*,#5149,.F.);
#7238=ORIENTED_EDGE('',*,*,#5150,.F.);
#7239=ORIENTED_EDGE('',*,*,#5147,.F.);
#7240=ORIENTED_EDGE('',*,*,#5137,.F.);
#7241=ORIENTED_EDGE('',*,*,#5055,.T.);
#7242=ORIENTED_EDGE('',*,*,#5103,.T.);
#7243=ORIENTED_EDGE('',*,*,#5100,.T.);
#7244=ORIENTED_EDGE('',*,*,#5151,.T.);
#7245=ORIENTED_EDGE('',*,*,#5149,.T.);
#7246=ORIENTED_EDGE('',*,*,#5143,.F.);
#7247=ORIENTED_EDGE('',*,*,#5152,.T.);
#7248=ORIENTED_EDGE('',*,*,#5153,.F.);
#7249=ORIENTED_EDGE('',*,*,#5045,.F.);
#7250=ORIENTED_EDGE('',*,*,#5048,.F.);
#7251=ORIENTED_EDGE('',*,*,#5050,.T.);
#7252=ORIENTED_EDGE('',*,*,#5144,.T.);
#7253=ORIENTED_EDGE('',*,*,#4479,.T.);
#7254=ORIENTED_EDGE('',*,*,#5154,.F.);
#7255=ORIENTED_EDGE('',*,*,#5152,.F.);
#7256=ORIENTED_EDGE('',*,*,#5155,.F.);
#7257=ORIENTED_EDGE('',*,*,#5156,.T.);
#7258=ORIENTED_EDGE('',*,*,#5157,.F.);
#7259=ORIENTED_EDGE('',*,*,#5156,.F.);
#7260=ORIENTED_EDGE('',*,*,#5158,.F.);
#7261=ORIENTED_EDGE('',*,*,#5159,.T.);
#7262=ORIENTED_EDGE('',*,*,#5160,.F.);
#7263=ORIENTED_EDGE('',*,*,#5159,.F.);
#7264=ORIENTED_EDGE('',*,*,#5161,.T.);
#7265=ORIENTED_EDGE('',*,*,#5162,.T.);
#7266=ORIENTED_EDGE('',*,*,#5163,.T.);
#7267=ORIENTED_EDGE('',*,*,#5164,.T.);
#7268=ORIENTED_EDGE('',*,*,#5163,.F.);
#7269=ORIENTED_EDGE('',*,*,#5165,.F.);
#7270=ORIENTED_EDGE('',*,*,#5166,.T.);
#7271=ORIENTED_EDGE('',*,*,#5161,.F.);
#7272=ORIENTED_EDGE('',*,*,#5162,.F.);
#7273=ORIENTED_EDGE('',*,*,#5166,.F.);
#7274=ORIENTED_EDGE('',*,*,#5167,.F.);
#7275=ORIENTED_EDGE('',*,*,#5168,.T.);
#7276=ORIENTED_EDGE('',*,*,#5169,.T.);
#7277=ORIENTED_EDGE('',*,*,#5167,.T.);
#7278=ORIENTED_EDGE('',*,*,#5165,.T.);
#7279=ORIENTED_EDGE('',*,*,#5169,.F.);
#7280=ORIENTED_EDGE('',*,*,#4852,.F.);
#7281=ORIENTED_EDGE('',*,*,#4163,.F.);
#7282=ORIENTED_EDGE('',*,*,#4161,.F.);
#7283=ORIENTED_EDGE('',*,*,#4160,.F.);
#7284=ORIENTED_EDGE('',*,*,#4157,.F.);
#7285=ORIENTED_EDGE('',*,*,#4149,.F.);
#7286=ORIENTED_EDGE('',*,*,#4147,.F.);
#7287=ORIENTED_EDGE('',*,*,#4154,.F.);
#7288=ORIENTED_EDGE('',*,*,#4462,.T.);
#7289=ORIENTED_EDGE('',*,*,#4456,.T.);
#7290=ORIENTED_EDGE('',*,*,#4452,.T.);
#7291=ORIENTED_EDGE('',*,*,#4455,.T.);
#7292=ORIENTED_EDGE('',*,*,#4460,.T.);
#7293=ORIENTED_EDGE('',*,*,#4465,.T.);
#7294=ORIENTED_EDGE('',*,*,#4468,.T.);
#7295=ORIENTED_EDGE('',*,*,#4471,.T.);
#7296=ORIENTED_EDGE('',*,*,#5145,.F.);
#7297=ORIENTED_EDGE('',*,*,#5141,.F.);
#7298=ORIENTED_EDGE('',*,*,#5139,.F.);
#7299=ORIENTED_EDGE('',*,*,#5138,.F.);
#7300=ORIENTED_EDGE('',*,*,#5133,.F.);
#7301=ORIENTED_EDGE('',*,*,#5125,.F.);
#7302=ORIENTED_EDGE('',*,*,#5123,.F.);
#7303=ORIENTED_EDGE('',*,*,#5130,.F.);
#7304=ORIENTED_EDGE('',*,*,#5134,.F.);
#7305=ORIENTED_EDGE('',*,*,#4838,.T.);
#7306=ORIENTED_EDGE('',*,*,#4834,.T.);
#7307=ORIENTED_EDGE('',*,*,#4837,.T.);
#7308=ORIENTED_EDGE('',*,*,#4842,.T.);
#7309=ORIENTED_EDGE('',*,*,#4845,.T.);
#7310=ORIENTED_EDGE('',*,*,#4848,.T.);
#7311=ORIENTED_EDGE('',*,*,#4851,.T.);
#7312=ORIENTED_EDGE('',*,*,#5168,.F.);
#7313=ORIENTED_EDGE('',*,*,#4485,.F.);
#7314=ORIENTED_EDGE('',*,*,#4482,.F.);
#7315=ORIENTED_EDGE('',*,*,#4177,.T.);
#7316=ORIENTED_EDGE('',*,*,#4180,.T.);
#7317=ORIENTED_EDGE('',*,*,#4869,.F.);
#7318=ORIENTED_EDGE('',*,*,#4866,.F.);
#7319=ORIENTED_EDGE('',*,*,#5157,.T.);
#7320=ORIENTED_EDGE('',*,*,#5160,.T.);
#7321=ORIENTED_EDGE('',*,*,#5062,.F.);
#7322=ORIENTED_EDGE('',*,*,#5075,.T.);
#7323=ORIENTED_EDGE('',*,*,#5170,.T.);
#7324=ORIENTED_EDGE('',*,*,#5171,.T.);
#7325=ORIENTED_EDGE('',*,*,#5102,.F.);
#7326=ORIENTED_EDGE('',*,*,#5053,.F.);
#7327=ORIENTED_EDGE('',*,*,#5172,.T.);
#7328=ORIENTED_EDGE('',*,*,#5114,.F.);
#7329=ORIENTED_EDGE('',*,*,#5085,.F.);
#7330=ORIENTED_EDGE('',*,*,#5042,.F.);
#7331=ORIENTED_EDGE('',*,*,#5173,.T.);
#7332=ORIENTED_EDGE('',*,*,#5174,.T.);
#7333=ORIENTED_EDGE('',*,*,#5057,.T.);
#7334=ORIENTED_EDGE('',*,*,#5043,.F.);
#7335=ORIENTED_EDGE('',*,*,#4490,.T.);
#7336=ORIENTED_EDGE('',*,*,#5175,.F.);
#7337=ORIENTED_EDGE('',*,*,#5173,.F.);
#7338=ORIENTED_EDGE('',*,*,#5176,.T.);
#7339=ORIENTED_EDGE('',*,*,#5177,.T.);
#7340=ORIENTED_EDGE('',*,*,#4715,.T.);
#7341=ORIENTED_EDGE('',*,*,#5178,.T.);
#7342=ORIENTED_EDGE('',*,*,#5179,.T.);
#7343=ORIENTED_EDGE('',*,*,#5180,.T.);
#7344=ORIENTED_EDGE('',*,*,#5181,.T.);
#7345=ORIENTED_EDGE('',*,*,#5182,.T.);
#7346=ORIENTED_EDGE('',*,*,#5179,.F.);
#7347=ORIENTED_EDGE('',*,*,#5183,.T.);
#7348=ORIENTED_EDGE('',*,*,#5176,.F.);
#7349=ORIENTED_EDGE('',*,*,#5184,.T.);
#7350=ORIENTED_EDGE('',*,*,#5185,.T.);
#7351=ORIENTED_EDGE('',*,*,#4721,.T.);
#7352=ORIENTED_EDGE('',*,*,#5186,.T.);
#7353=ORIENTED_EDGE('',*,*,#5184,.F.);
#7354=ORIENTED_EDGE('',*,*,#5187,.T.);
#7355=ORIENTED_EDGE('',*,*,#5181,.F.);
#7356=ORIENTED_EDGE('',*,*,#5177,.F.);
#7357=ORIENTED_EDGE('',*,*,#5188,.F.);
#7358=ORIENTED_EDGE('',*,*,#5189,.F.);
#7359=ORIENTED_EDGE('',*,*,#4716,.T.);
#7360=ORIENTED_EDGE('',*,*,#5183,.F.);
#7361=ORIENTED_EDGE('',*,*,#5190,.T.);
#7362=ORIENTED_EDGE('',*,*,#5191,.T.);
#7363=ORIENTED_EDGE('',*,*,#5188,.T.);
#7364=ORIENTED_EDGE('',*,*,#5182,.F.);
#7365=ORIENTED_EDGE('',*,*,#5192,.F.);
#7366=ORIENTED_EDGE('',*,*,#5193,.F.);
#7367=ORIENTED_EDGE('',*,*,#5190,.F.);
#7368=ORIENTED_EDGE('',*,*,#5187,.F.);
#7369=ORIENTED_EDGE('',*,*,#5194,.T.);
#7370=ORIENTED_EDGE('',*,*,#5195,.T.);
#7371=ORIENTED_EDGE('',*,*,#5192,.T.);
#7372=ORIENTED_EDGE('',*,*,#5186,.F.);
#7373=ORIENTED_EDGE('',*,*,#4720,.T.);
#7374=ORIENTED_EDGE('',*,*,#5196,.F.);
#7375=ORIENTED_EDGE('',*,*,#5194,.F.);
#7376=ORIENTED_EDGE('',*,*,#5197,.T.);
#7377=ORIENTED_EDGE('',*,*,#5198,.T.);
#7378=ORIENTED_EDGE('',*,*,#4723,.T.);
#7379=ORIENTED_EDGE('',*,*,#5199,.T.);
#7380=ORIENTED_EDGE('',*,*,#5200,.T.);
#7381=ORIENTED_EDGE('',*,*,#5201,.T.);
#7382=ORIENTED_EDGE('',*,*,#5202,.T.);
#7383=ORIENTED_EDGE('',*,*,#5203,.T.);
#7384=ORIENTED_EDGE('',*,*,#5200,.F.);
#7385=ORIENTED_EDGE('',*,*,#5204,.T.);
#7386=ORIENTED_EDGE('',*,*,#5197,.F.);
#7387=ORIENTED_EDGE('',*,*,#5205,.T.);
#7388=ORIENTED_EDGE('',*,*,#5206,.T.);
#7389=ORIENTED_EDGE('',*,*,#4729,.T.);
#7390=ORIENTED_EDGE('',*,*,#5207,.T.);
#7391=ORIENTED_EDGE('',*,*,#5205,.F.);
#7392=ORIENTED_EDGE('',*,*,#5208,.T.);
#7393=ORIENTED_EDGE('',*,*,#5202,.F.);
#7394=ORIENTED_EDGE('',*,*,#5198,.F.);
#7395=ORIENTED_EDGE('',*,*,#5209,.F.);
#7396=ORIENTED_EDGE('',*,*,#5210,.F.);
#7397=ORIENTED_EDGE('',*,*,#4724,.T.);
#7398=ORIENTED_EDGE('',*,*,#5204,.F.);
#7399=ORIENTED_EDGE('',*,*,#5211,.T.);
#7400=ORIENTED_EDGE('',*,*,#5212,.T.);
#7401=ORIENTED_EDGE('',*,*,#5209,.T.);
#7402=ORIENTED_EDGE('',*,*,#5203,.F.);
#7403=ORIENTED_EDGE('',*,*,#5213,.F.);
#7404=ORIENTED_EDGE('',*,*,#5214,.F.);
#7405=ORIENTED_EDGE('',*,*,#5211,.F.);
#7406=ORIENTED_EDGE('',*,*,#5208,.F.);
#7407=ORIENTED_EDGE('',*,*,#5215,.T.);
#7408=ORIENTED_EDGE('',*,*,#5216,.T.);
#7409=ORIENTED_EDGE('',*,*,#5213,.T.);
#7410=ORIENTED_EDGE('',*,*,#5207,.F.);
#7411=ORIENTED_EDGE('',*,*,#4728,.T.);
#7412=ORIENTED_EDGE('',*,*,#5217,.F.);
#7413=ORIENTED_EDGE('',*,*,#5215,.F.);
#7414=ORIENTED_EDGE('',*,*,#5218,.T.);
#7415=ORIENTED_EDGE('',*,*,#5219,.T.);
#7416=ORIENTED_EDGE('',*,*,#4731,.T.);
#7417=ORIENTED_EDGE('',*,*,#5220,.T.);
#7418=ORIENTED_EDGE('',*,*,#5221,.T.);
#7419=ORIENTED_EDGE('',*,*,#5222,.T.);
#7420=ORIENTED_EDGE('',*,*,#5223,.T.);
#7421=ORIENTED_EDGE('',*,*,#5224,.T.);
#7422=ORIENTED_EDGE('',*,*,#5221,.F.);
#7423=ORIENTED_EDGE('',*,*,#5225,.T.);
#7424=ORIENTED_EDGE('',*,*,#5218,.F.);
#7425=ORIENTED_EDGE('',*,*,#5226,.T.);
#7426=ORIENTED_EDGE('',*,*,#5227,.T.);
#7427=ORIENTED_EDGE('',*,*,#4737,.T.);
#7428=ORIENTED_EDGE('',*,*,#5228,.T.);
#7429=ORIENTED_EDGE('',*,*,#5226,.F.);
#7430=ORIENTED_EDGE('',*,*,#5229,.T.);
#7431=ORIENTED_EDGE('',*,*,#5223,.F.);
#7432=ORIENTED_EDGE('',*,*,#5219,.F.);
#7433=ORIENTED_EDGE('',*,*,#5230,.F.);
#7434=ORIENTED_EDGE('',*,*,#5231,.F.);
#7435=ORIENTED_EDGE('',*,*,#4732,.T.);
#7436=ORIENTED_EDGE('',*,*,#5225,.F.);
#7437=ORIENTED_EDGE('',*,*,#5232,.T.);
#7438=ORIENTED_EDGE('',*,*,#5233,.T.);
#7439=ORIENTED_EDGE('',*,*,#5230,.T.);
#7440=ORIENTED_EDGE('',*,*,#5224,.F.);
#7441=ORIENTED_EDGE('',*,*,#5234,.F.);
#7442=ORIENTED_EDGE('',*,*,#5235,.F.);
#7443=ORIENTED_EDGE('',*,*,#5232,.F.);
#7444=ORIENTED_EDGE('',*,*,#5229,.F.);
#7445=ORIENTED_EDGE('',*,*,#5236,.T.);
#7446=ORIENTED_EDGE('',*,*,#5237,.T.);
#7447=ORIENTED_EDGE('',*,*,#5234,.T.);
#7448=ORIENTED_EDGE('',*,*,#5228,.F.);
#7449=ORIENTED_EDGE('',*,*,#4736,.T.);
#7450=ORIENTED_EDGE('',*,*,#5238,.F.);
#7451=ORIENTED_EDGE('',*,*,#5236,.F.);
#7452=ORIENTED_EDGE('',*,*,#5239,.T.);
#7453=ORIENTED_EDGE('',*,*,#5240,.T.);
#7454=ORIENTED_EDGE('',*,*,#4739,.T.);
#7455=ORIENTED_EDGE('',*,*,#5241,.T.);
#7456=ORIENTED_EDGE('',*,*,#5242,.T.);
#7457=ORIENTED_EDGE('',*,*,#5243,.T.);
#7458=ORIENTED_EDGE('',*,*,#5244,.T.);
#7459=ORIENTED_EDGE('',*,*,#5245,.T.);
#7460=ORIENTED_EDGE('',*,*,#5242,.F.);
#7461=ORIENTED_EDGE('',*,*,#5246,.T.);
#7462=ORIENTED_EDGE('',*,*,#5239,.F.);
#7463=ORIENTED_EDGE('',*,*,#5247,.T.);
#7464=ORIENTED_EDGE('',*,*,#5248,.T.);
#7465=ORIENTED_EDGE('',*,*,#4745,.T.);
#7466=ORIENTED_EDGE('',*,*,#5249,.T.);
#7467=ORIENTED_EDGE('',*,*,#5247,.F.);
#7468=ORIENTED_EDGE('',*,*,#5250,.T.);
#7469=ORIENTED_EDGE('',*,*,#5244,.F.);
#7470=ORIENTED_EDGE('',*,*,#5240,.F.);
#7471=ORIENTED_EDGE('',*,*,#5251,.F.);
#7472=ORIENTED_EDGE('',*,*,#5252,.F.);
#7473=ORIENTED_EDGE('',*,*,#4740,.T.);
#7474=ORIENTED_EDGE('',*,*,#5246,.F.);
#7475=ORIENTED_EDGE('',*,*,#5253,.T.);
#7476=ORIENTED_EDGE('',*,*,#5254,.T.);
#7477=ORIENTED_EDGE('',*,*,#5251,.T.);
#7478=ORIENTED_EDGE('',*,*,#5245,.F.);
#7479=ORIENTED_EDGE('',*,*,#5255,.F.);
#7480=ORIENTED_EDGE('',*,*,#5256,.F.);
#7481=ORIENTED_EDGE('',*,*,#5253,.F.);
#7482=ORIENTED_EDGE('',*,*,#5250,.F.);
#7483=ORIENTED_EDGE('',*,*,#5257,.T.);
#7484=ORIENTED_EDGE('',*,*,#5258,.T.);
#7485=ORIENTED_EDGE('',*,*,#5255,.T.);
#7486=ORIENTED_EDGE('',*,*,#5249,.F.);
#7487=ORIENTED_EDGE('',*,*,#4744,.T.);
#7488=ORIENTED_EDGE('',*,*,#5259,.F.);
#7489=ORIENTED_EDGE('',*,*,#5257,.F.);
#7490=ORIENTED_EDGE('',*,*,#5260,.T.);
#7491=ORIENTED_EDGE('',*,*,#5261,.T.);
#7492=ORIENTED_EDGE('',*,*,#4750,.F.);
#7493=ORIENTED_EDGE('',*,*,#4492,.T.);
#7494=ORIENTED_EDGE('',*,*,#4498,.T.);
#7495=ORIENTED_EDGE('',*,*,#4503,.T.);
#7496=ORIENTED_EDGE('',*,*,#4749,.F.);
#7497=ORIENTED_EDGE('',*,*,#4517,.T.);
#7498=ORIENTED_EDGE('',*,*,#4523,.T.);
#7499=ORIENTED_EDGE('',*,*,#4528,.T.);
#7500=ORIENTED_EDGE('',*,*,#4748,.F.);
#7501=ORIENTED_EDGE('',*,*,#4542,.T.);
#7502=ORIENTED_EDGE('',*,*,#4548,.T.);
#7503=ORIENTED_EDGE('',*,*,#4553,.T.);
#7504=ORIENTED_EDGE('',*,*,#4747,.F.);
#7505=ORIENTED_EDGE('',*,*,#4567,.T.);
#7506=ORIENTED_EDGE('',*,*,#4573,.T.);
#7507=ORIENTED_EDGE('',*,*,#4578,.T.);
#7508=ORIENTED_EDGE('',*,*,#4746,.T.);
#7509=ORIENTED_EDGE('',*,*,#5248,.F.);
#7510=ORIENTED_EDGE('',*,*,#5243,.F.);
#7511=ORIENTED_EDGE('',*,*,#5241,.F.);
#7512=ORIENTED_EDGE('',*,*,#4738,.T.);
#7513=ORIENTED_EDGE('',*,*,#5227,.F.);
#7514=ORIENTED_EDGE('',*,*,#5222,.F.);
#7515=ORIENTED_EDGE('',*,*,#5220,.F.);
#7516=ORIENTED_EDGE('',*,*,#4730,.T.);
#7517=ORIENTED_EDGE('',*,*,#5206,.F.);
#7518=ORIENTED_EDGE('',*,*,#5201,.F.);
#7519=ORIENTED_EDGE('',*,*,#5199,.F.);
#7520=ORIENTED_EDGE('',*,*,#4722,.T.);
#7521=ORIENTED_EDGE('',*,*,#5185,.F.);
#7522=ORIENTED_EDGE('',*,*,#5180,.F.);
#7523=ORIENTED_EDGE('',*,*,#5178,.F.);
#7524=ORIENTED_EDGE('',*,*,#4714,.T.);
#7525=ORIENTED_EDGE('',*,*,#4877,.T.);
#7526=ORIENTED_EDGE('',*,*,#4882,.T.);
#7527=ORIENTED_EDGE('',*,*,#4886,.T.);
#7528=ORIENTED_EDGE('',*,*,#4706,.F.);
#7529=ORIENTED_EDGE('',*,*,#4897,.T.);
#7530=ORIENTED_EDGE('',*,*,#4902,.T.);
#7531=ORIENTED_EDGE('',*,*,#4906,.T.);
#7532=ORIENTED_EDGE('',*,*,#4698,.F.);
#7533=ORIENTED_EDGE('',*,*,#4918,.T.);
#7534=ORIENTED_EDGE('',*,*,#4923,.T.);
#7535=ORIENTED_EDGE('',*,*,#4927,.T.);
#7536=ORIENTED_EDGE('',*,*,#4690,.F.);
#7537=ORIENTED_EDGE('',*,*,#4939,.T.);
#7538=ORIENTED_EDGE('',*,*,#4944,.T.);
#7539=ORIENTED_EDGE('',*,*,#4948,.T.);
#7540=ORIENTED_EDGE('',*,*,#4682,.T.);
#7541=ORIENTED_EDGE('',*,*,#4269,.F.);
#7542=ORIENTED_EDGE('',*,*,#4264,.F.);
#7543=ORIENTED_EDGE('',*,*,#4262,.F.);
#7544=ORIENTED_EDGE('',*,*,#4754,.T.);
#7545=ORIENTED_EDGE('',*,*,#4244,.F.);
#7546=ORIENTED_EDGE('',*,*,#4239,.F.);
#7547=ORIENTED_EDGE('',*,*,#4237,.F.);
#7548=ORIENTED_EDGE('',*,*,#4753,.T.);
#7549=ORIENTED_EDGE('',*,*,#4219,.F.);
#7550=ORIENTED_EDGE('',*,*,#4214,.F.);
#7551=ORIENTED_EDGE('',*,*,#4212,.F.);
#7552=ORIENTED_EDGE('',*,*,#4752,.T.);
#7553=ORIENTED_EDGE('',*,*,#4196,.F.);
#7554=ORIENTED_EDGE('',*,*,#4191,.F.);
#7555=ORIENTED_EDGE('',*,*,#4189,.F.);
#7556=ORIENTED_EDGE('',*,*,#4751,.F.);
#7557=ORIENTED_EDGE('',*,*,#5261,.F.);
#7558=ORIENTED_EDGE('',*,*,#5262,.T.);
#7559=ORIENTED_EDGE('',*,*,#5259,.T.);
#7560=ORIENTED_EDGE('',*,*,#4743,.T.);
#7561=ORIENTED_EDGE('',*,*,#5263,.T.);
#7562=ORIENTED_EDGE('',*,*,#5262,.F.);
#7563=ORIENTED_EDGE('',*,*,#5264,.T.);
#7564=ORIENTED_EDGE('',*,*,#5258,.F.);
#7565=ORIENTED_EDGE('',*,*,#5264,.F.);
#7566=ORIENTED_EDGE('',*,*,#5265,.T.);
#7567=ORIENTED_EDGE('',*,*,#5266,.F.);
#7568=ORIENTED_EDGE('',*,*,#5256,.T.);
#7569=ORIENTED_EDGE('',*,*,#5263,.F.);
#7570=ORIENTED_EDGE('',*,*,#4742,.F.);
#7571=ORIENTED_EDGE('',*,*,#5267,.F.);
#7572=ORIENTED_EDGE('',*,*,#5265,.F.);
#7573=ORIENTED_EDGE('',*,*,#5268,.T.);
#7574=ORIENTED_EDGE('',*,*,#5267,.T.);
#7575=ORIENTED_EDGE('',*,*,#4741,.T.);
#7576=ORIENTED_EDGE('',*,*,#5252,.T.);
#7577=ORIENTED_EDGE('',*,*,#5254,.F.);
#7578=ORIENTED_EDGE('',*,*,#5266,.T.);
#7579=ORIENTED_EDGE('',*,*,#5268,.F.);
#7580=ORIENTED_EDGE('',*,*,#5269,.T.);
#7581=ORIENTED_EDGE('',*,*,#5238,.T.);
#7582=ORIENTED_EDGE('',*,*,#4735,.T.);
#7583=ORIENTED_EDGE('',*,*,#5270,.T.);
#7584=ORIENTED_EDGE('',*,*,#5269,.F.);
#7585=ORIENTED_EDGE('',*,*,#5271,.T.);
#7586=ORIENTED_EDGE('',*,*,#5237,.F.);
#7587=ORIENTED_EDGE('',*,*,#5271,.F.);
#7588=ORIENTED_EDGE('',*,*,#5272,.T.);
#7589=ORIENTED_EDGE('',*,*,#5273,.F.);
#7590=ORIENTED_EDGE('',*,*,#5235,.T.);
#7591=ORIENTED_EDGE('',*,*,#5270,.F.);
#7592=ORIENTED_EDGE('',*,*,#4734,.F.);
#7593=ORIENTED_EDGE('',*,*,#5274,.F.);
#7594=ORIENTED_EDGE('',*,*,#5272,.F.);
#7595=ORIENTED_EDGE('',*,*,#5275,.T.);
#7596=ORIENTED_EDGE('',*,*,#5217,.T.);
#7597=ORIENTED_EDGE('',*,*,#4727,.T.);
#7598=ORIENTED_EDGE('',*,*,#5276,.T.);
#7599=ORIENTED_EDGE('',*,*,#5275,.F.);
#7600=ORIENTED_EDGE('',*,*,#5277,.T.);
#7601=ORIENTED_EDGE('',*,*,#5216,.F.);
#7602=ORIENTED_EDGE('',*,*,#5277,.F.);
#7603=ORIENTED_EDGE('',*,*,#5278,.T.);
#7604=ORIENTED_EDGE('',*,*,#5279,.F.);
#7605=ORIENTED_EDGE('',*,*,#5214,.T.);
#7606=ORIENTED_EDGE('',*,*,#5276,.F.);
#7607=ORIENTED_EDGE('',*,*,#4726,.F.);
#7608=ORIENTED_EDGE('',*,*,#5280,.F.);
#7609=ORIENTED_EDGE('',*,*,#5278,.F.);
#7610=ORIENTED_EDGE('',*,*,#5281,.T.);
#7611=ORIENTED_EDGE('',*,*,#5274,.T.);
#7612=ORIENTED_EDGE('',*,*,#4733,.T.);
#7613=ORIENTED_EDGE('',*,*,#5231,.T.);
#7614=ORIENTED_EDGE('',*,*,#5233,.F.);
#7615=ORIENTED_EDGE('',*,*,#5273,.T.);
#7616=ORIENTED_EDGE('',*,*,#5281,.F.);
#7617=ORIENTED_EDGE('',*,*,#5282,.T.);
#7618=ORIENTED_EDGE('',*,*,#5280,.T.);
#7619=ORIENTED_EDGE('',*,*,#4725,.T.);
#7620=ORIENTED_EDGE('',*,*,#5210,.T.);
#7621=ORIENTED_EDGE('',*,*,#5212,.F.);
#7622=ORIENTED_EDGE('',*,*,#5279,.T.);
#7623=ORIENTED_EDGE('',*,*,#5282,.F.);
#7624=ORIENTED_EDGE('',*,*,#5283,.T.);
#7625=ORIENTED_EDGE('',*,*,#5284,.T.);
#7626=ORIENTED_EDGE('',*,*,#4717,.T.);
#7627=ORIENTED_EDGE('',*,*,#5189,.T.);
#7628=ORIENTED_EDGE('',*,*,#5283,.F.);
#7629=ORIENTED_EDGE('',*,*,#5191,.F.);
#7630=ORIENTED_EDGE('',*,*,#5285,.T.);
#7631=ORIENTED_EDGE('',*,*,#5286,.T.);
#7632=ORIENTED_EDGE('',*,*,#5196,.T.);
#7633=ORIENTED_EDGE('',*,*,#4719,.T.);
#7634=ORIENTED_EDGE('',*,*,#5287,.T.);
#7635=ORIENTED_EDGE('',*,*,#5286,.F.);
#7636=ORIENTED_EDGE('',*,*,#5288,.T.);
#7637=ORIENTED_EDGE('',*,*,#5195,.F.);
#7638=ORIENTED_EDGE('',*,*,#5285,.F.);
#7639=ORIENTED_EDGE('',*,*,#5193,.T.);
#7640=ORIENTED_EDGE('',*,*,#5288,.F.);
#7641=ORIENTED_EDGE('',*,*,#5289,.T.);
#7642=ORIENTED_EDGE('',*,*,#5284,.F.);
#7643=ORIENTED_EDGE('',*,*,#5289,.F.);
#7644=ORIENTED_EDGE('',*,*,#5287,.F.);
#7645=ORIENTED_EDGE('',*,*,#4718,.F.);
#7646=ORIENTED_EDGE('',*,*,#4878,.F.);
#7647=ORIENTED_EDGE('',*,*,#4712,.T.);
#7648=ORIENTED_EDGE('',*,*,#4981,.T.);
#7649=ORIENTED_EDGE('',*,*,#4888,.T.);
#7650=ORIENTED_EDGE('',*,*,#5290,.F.);
#7651=ORIENTED_EDGE('',*,*,#5291,.F.);
#7652=ORIENTED_EDGE('',*,*,#5292,.F.);
#7653=ORIENTED_EDGE('',*,*,#5293,.F.);
#7654=ORIENTED_EDGE('',*,*,#5294,.F.);
#7655=ORIENTED_EDGE('',*,*,#5295,.F.);
#7656=ORIENTED_EDGE('',*,*,#5296,.F.);
#7657=ORIENTED_EDGE('',*,*,#5297,.F.);
#7658=ORIENTED_EDGE('',*,*,#5298,.F.);
#7659=ORIENTED_EDGE('',*,*,#5299,.F.);
#7660=ORIENTED_EDGE('',*,*,#5300,.F.);
#7661=ORIENTED_EDGE('',*,*,#5301,.F.);
#7662=ORIENTED_EDGE('',*,*,#5302,.F.);
#7663=ORIENTED_EDGE('',*,*,#5303,.F.);
#7664=ORIENTED_EDGE('',*,*,#5304,.F.);
#7665=ORIENTED_EDGE('',*,*,#5305,.F.);
#7666=ORIENTED_EDGE('',*,*,#5037,.F.);
#7667=ORIENTED_EDGE('',*,*,#5153,.T.);
#7668=ORIENTED_EDGE('',*,*,#5154,.T.);
#7669=ORIENTED_EDGE('',*,*,#4478,.F.);
#7670=ORIENTED_EDGE('',*,*,#4375,.T.);
#7671=ORIENTED_EDGE('',*,*,#4378,.T.);
#7672=ORIENTED_EDGE('',*,*,#5044,.F.);
#7673=ORIENTED_EDGE('',*,*,#5040,.F.);
#7674=ORIENTED_EDGE('',*,*,#5098,.F.);
#7675=ORIENTED_EDGE('',*,*,#5148,.T.);
#7676=ORIENTED_EDGE('',*,*,#5150,.T.);
#7677=ORIENTED_EDGE('',*,*,#5151,.F.);
#7678=ORIENTED_EDGE('',*,*,#5087,.F.);
#7679=ORIENTED_EDGE('',*,*,#5089,.F.);
#7680=ORIENTED_EDGE('',*,*,#5093,.F.);
#7681=ORIENTED_EDGE('',*,*,#5095,.F.);
#7682=ORIENTED_EDGE('',*,*,#5067,.F.);
#7683=ORIENTED_EDGE('',*,*,#5171,.F.);
#7684=ORIENTED_EDGE('',*,*,#5306,.F.);
#7685=ORIENTED_EDGE('',*,*,#4870,.T.);
#7686=ORIENTED_EDGE('',*,*,#5302,.T.);
#7687=ORIENTED_EDGE('',*,*,#5307,.F.);
#7688=ORIENTED_EDGE('',*,*,#5308,.F.);
#7689=ORIENTED_EDGE('',*,*,#5309,.T.);
#7690=ORIENTED_EDGE('',*,*,#5301,.T.);
#7691=ORIENTED_EDGE('',*,*,#5310,.F.);
#7692=ORIENTED_EDGE('',*,*,#5311,.F.);
#7693=ORIENTED_EDGE('',*,*,#5307,.T.);
#7694=ORIENTED_EDGE('',*,*,#5300,.T.);
#7695=ORIENTED_EDGE('',*,*,#5312,.F.);
#7696=ORIENTED_EDGE('',*,*,#5313,.F.);
#7697=ORIENTED_EDGE('',*,*,#5310,.T.);
#7698=ORIENTED_EDGE('',*,*,#5299,.T.);
#7699=ORIENTED_EDGE('',*,*,#5314,.F.);
#7700=ORIENTED_EDGE('',*,*,#5315,.F.);
#7701=ORIENTED_EDGE('',*,*,#5312,.T.);
#7702=ORIENTED_EDGE('',*,*,#5294,.T.);
#7703=ORIENTED_EDGE('',*,*,#5316,.F.);
#7704=ORIENTED_EDGE('',*,*,#5317,.F.);
#7705=ORIENTED_EDGE('',*,*,#5318,.T.);
#7706=ORIENTED_EDGE('',*,*,#5293,.T.);
#7707=ORIENTED_EDGE('',*,*,#5319,.F.);
#7708=ORIENTED_EDGE('',*,*,#5320,.F.);
#7709=ORIENTED_EDGE('',*,*,#5316,.T.);
#7710=ORIENTED_EDGE('',*,*,#5292,.T.);
#7711=ORIENTED_EDGE('',*,*,#5321,.F.);
#7712=ORIENTED_EDGE('',*,*,#5322,.F.);
#7713=ORIENTED_EDGE('',*,*,#5319,.T.);
#7714=ORIENTED_EDGE('',*,*,#5291,.T.);
#7715=ORIENTED_EDGE('',*,*,#5323,.F.);
#7716=ORIENTED_EDGE('',*,*,#5324,.F.);
#7717=ORIENTED_EDGE('',*,*,#5321,.T.);
#7718=ORIENTED_EDGE('',*,*,#5298,.T.);
#7719=ORIENTED_EDGE('',*,*,#5325,.F.);
#7720=ORIENTED_EDGE('',*,*,#5326,.F.);
#7721=ORIENTED_EDGE('',*,*,#5314,.T.);
#7722=ORIENTED_EDGE('',*,*,#5305,.T.);
#7723=ORIENTED_EDGE('',*,*,#5327,.F.);
#7724=ORIENTED_EDGE('',*,*,#5328,.F.);
#7725=ORIENTED_EDGE('',*,*,#5325,.T.);
#7726=ORIENTED_EDGE('',*,*,#5304,.T.);
#7727=ORIENTED_EDGE('',*,*,#5329,.F.);
#7728=ORIENTED_EDGE('',*,*,#5330,.F.);
#7729=ORIENTED_EDGE('',*,*,#5327,.T.);
#7730=ORIENTED_EDGE('',*,*,#5303,.T.);
#7731=ORIENTED_EDGE('',*,*,#5309,.F.);
#7732=ORIENTED_EDGE('',*,*,#5331,.F.);
#7733=ORIENTED_EDGE('',*,*,#5329,.T.);
#7734=ORIENTED_EDGE('',*,*,#5290,.T.);
#7735=ORIENTED_EDGE('',*,*,#5332,.F.);
#7736=ORIENTED_EDGE('',*,*,#5333,.F.);
#7737=ORIENTED_EDGE('',*,*,#5323,.T.);
#7738=ORIENTED_EDGE('',*,*,#5297,.T.);
#7739=ORIENTED_EDGE('',*,*,#5334,.F.);
#7740=ORIENTED_EDGE('',*,*,#5335,.F.);
#7741=ORIENTED_EDGE('',*,*,#5332,.T.);
#7742=ORIENTED_EDGE('',*,*,#5296,.T.);
#7743=ORIENTED_EDGE('',*,*,#5336,.F.);
#7744=ORIENTED_EDGE('',*,*,#5337,.F.);
#7745=ORIENTED_EDGE('',*,*,#5334,.T.);
#7746=ORIENTED_EDGE('',*,*,#5295,.T.);
#7747=ORIENTED_EDGE('',*,*,#5318,.F.);
#7748=ORIENTED_EDGE('',*,*,#5338,.F.);
#7749=ORIENTED_EDGE('',*,*,#5336,.T.);
#7750=ORIENTED_EDGE('',*,*,#5164,.F.);
#7751=ORIENTED_EDGE('',*,*,#5116,.F.);
#7752=ORIENTED_EDGE('',*,*,#4875,.F.);
#7753=ORIENTED_EDGE('',*,*,#4873,.T.);
#7754=ORIENTED_EDGE('',*,*,#4777,.F.);
#7755=ORIENTED_EDGE('',*,*,#4775,.F.);
#7756=ORIENTED_EDGE('',*,*,#4872,.T.);
#7757=ORIENTED_EDGE('',*,*,#4830,.T.);
#7758=ORIENTED_EDGE('',*,*,#4828,.F.);
#7759=ORIENTED_EDGE('',*,*,#4826,.T.);
#7760=ORIENTED_EDGE('',*,*,#4824,.F.);
#7761=ORIENTED_EDGE('',*,*,#4794,.F.);
#7762=ORIENTED_EDGE('',*,*,#4792,.T.);
#7763=ORIENTED_EDGE('',*,*,#4871,.T.);
#7764=ORIENTED_EDGE('',*,*,#5306,.T.);
#7765=ORIENTED_EDGE('',*,*,#5170,.F.);
#7766=ORIENTED_EDGE('',*,*,#5074,.F.);
#7767=ORIENTED_EDGE('',*,*,#5081,.T.);
#7768=ORIENTED_EDGE('',*,*,#5109,.T.);
#7769=ORIENTED_EDGE('',*,*,#5111,.F.);
#7770=ORIENTED_EDGE('',*,*,#5113,.T.);
#7771=ORIENTED_EDGE('',*,*,#5115,.F.);
#7772=ORIENTED_EDGE('',*,*,#5172,.F.);
#7773=ORIENTED_EDGE('',*,*,#5052,.T.);
#7774=ORIENTED_EDGE('',*,*,#5058,.T.);
#7775=ORIENTED_EDGE('',*,*,#5174,.F.);
#7776=ORIENTED_EDGE('',*,*,#5175,.T.);
#7777=ORIENTED_EDGE('',*,*,#4489,.T.);
#7778=ORIENTED_EDGE('',*,*,#4391,.F.);
#7779=ORIENTED_EDGE('',*,*,#4389,.F.);
#7780=ORIENTED_EDGE('',*,*,#4488,.T.);
#7781=ORIENTED_EDGE('',*,*,#4448,.T.);
#7782=ORIENTED_EDGE('',*,*,#4446,.F.);
#7783=ORIENTED_EDGE('',*,*,#4444,.T.);
#7784=ORIENTED_EDGE('',*,*,#4442,.F.);
#7785=ORIENTED_EDGE('',*,*,#4410,.F.);
#7786=ORIENTED_EDGE('',*,*,#4408,.T.);
#7787=ORIENTED_EDGE('',*,*,#4487,.T.);
#7788=ORIENTED_EDGE('',*,*,#4647,.F.);
#7789=ORIENTED_EDGE('',*,*,#4181,.F.);
#7790=ORIENTED_EDGE('',*,*,#4106,.F.);
#7791=ORIENTED_EDGE('',*,*,#4113,.T.);
#7792=ORIENTED_EDGE('',*,*,#4139,.T.);
#7793=ORIENTED_EDGE('',*,*,#4141,.F.);
#7794=ORIENTED_EDGE('',*,*,#4143,.T.);
#7795=ORIENTED_EDGE('',*,*,#4145,.F.);
#7796=ORIENTED_EDGE('',*,*,#4183,.F.);
#7797=ORIENTED_EDGE('',*,*,#4086,.T.);
#7798=ORIENTED_EDGE('',*,*,#4092,.T.);
#7799=ORIENTED_EDGE('',*,*,#4185,.F.);
#7800=ORIENTED_EDGE('',*,*,#4673,.F.);
#7801=ORIENTED_EDGE('',*,*,#4664,.F.);
#7802=ORIENTED_EDGE('',*,*,#4662,.F.);
#7803=ORIENTED_EDGE('',*,*,#4660,.F.);
#7804=ORIENTED_EDGE('',*,*,#4658,.F.);
#7805=ORIENTED_EDGE('',*,*,#4679,.F.);
#7806=ORIENTED_EDGE('',*,*,#4677,.F.);
#7807=ORIENTED_EDGE('',*,*,#4675,.F.);
#7808=ORIENTED_EDGE('',*,*,#4655,.F.);
#7809=ORIENTED_EDGE('',*,*,#4653,.F.);
#7810=ORIENTED_EDGE('',*,*,#4651,.F.);
#7811=ORIENTED_EDGE('',*,*,#4649,.F.);
#7812=ORIENTED_EDGE('',*,*,#4672,.F.);
#7813=ORIENTED_EDGE('',*,*,#4670,.F.);
#7814=ORIENTED_EDGE('',*,*,#4668,.F.);
#7815=ORIENTED_EDGE('',*,*,#4666,.F.);
#7816=ORIENTED_EDGE('',*,*,#4483,.F.);
#7817=ORIENTED_EDGE('',*,*,#4480,.F.);
#7818=ORIENTED_EDGE('',*,*,#4175,.T.);
#7819=ORIENTED_EDGE('',*,*,#4178,.T.);
#7820=ORIENTED_EDGE('',*,*,#4348,.T.);
#7821=ORIENTED_EDGE('',*,*,#4359,.T.);
#7822=ORIENTED_EDGE('',*,*,#4361,.T.);
#7823=ORIENTED_EDGE('',*,*,#4363,.T.);
#7824=ORIENTED_EDGE('',*,*,#4364,.T.);
#7825=ORIENTED_EDGE('',*,*,#4341,.T.);
#7826=ORIENTED_EDGE('',*,*,#4344,.T.);
#7827=ORIENTED_EDGE('',*,*,#4346,.T.);
#7828=ORIENTED_EDGE('',*,*,#4366,.T.);
#7829=ORIENTED_EDGE('',*,*,#4368,.T.);
#7830=ORIENTED_EDGE('',*,*,#4370,.T.);
#7831=ORIENTED_EDGE('',*,*,#4371,.T.);
#7832=ORIENTED_EDGE('',*,*,#4350,.T.);
#7833=ORIENTED_EDGE('',*,*,#4353,.T.);
#7834=ORIENTED_EDGE('',*,*,#4355,.T.);
#7835=ORIENTED_EDGE('',*,*,#4357,.T.);
#7836=ORIENTED_EDGE('',*,*,#5029,.F.);
#7837=ORIENTED_EDGE('',*,*,#5020,.F.);
#7838=ORIENTED_EDGE('',*,*,#5018,.F.);
#7839=ORIENTED_EDGE('',*,*,#5016,.F.);
#7840=ORIENTED_EDGE('',*,*,#5014,.F.);
#7841=ORIENTED_EDGE('',*,*,#5035,.F.);
#7842=ORIENTED_EDGE('',*,*,#5033,.F.);
#7843=ORIENTED_EDGE('',*,*,#5031,.F.);
#7844=ORIENTED_EDGE('',*,*,#5011,.F.);
#7845=ORIENTED_EDGE('',*,*,#5009,.F.);
#7846=ORIENTED_EDGE('',*,*,#5007,.F.);
#7847=ORIENTED_EDGE('',*,*,#5005,.F.);
#7848=ORIENTED_EDGE('',*,*,#5028,.F.);
#7849=ORIENTED_EDGE('',*,*,#5026,.F.);
#7850=ORIENTED_EDGE('',*,*,#5024,.F.);
#7851=ORIENTED_EDGE('',*,*,#5022,.F.);
#7852=ORIENTED_EDGE('',*,*,#4867,.F.);
#7853=ORIENTED_EDGE('',*,*,#4864,.F.);
#7854=ORIENTED_EDGE('',*,*,#5155,.T.);
#7855=ORIENTED_EDGE('',*,*,#5158,.T.);
#7856=ORIENTED_EDGE('',*,*,#5315,.T.);
#7857=ORIENTED_EDGE('',*,*,#5326,.T.);
#7858=ORIENTED_EDGE('',*,*,#5328,.T.);
#7859=ORIENTED_EDGE('',*,*,#5330,.T.);
#7860=ORIENTED_EDGE('',*,*,#5331,.T.);
#7861=ORIENTED_EDGE('',*,*,#5308,.T.);
#7862=ORIENTED_EDGE('',*,*,#5311,.T.);
#7863=ORIENTED_EDGE('',*,*,#5313,.T.);
#7864=ORIENTED_EDGE('',*,*,#5333,.T.);
#7865=ORIENTED_EDGE('',*,*,#5335,.T.);
#7866=ORIENTED_EDGE('',*,*,#5337,.T.);
#7867=ORIENTED_EDGE('',*,*,#5338,.T.);
#7868=ORIENTED_EDGE('',*,*,#5317,.T.);
#7869=ORIENTED_EDGE('',*,*,#5320,.T.);
#7870=ORIENTED_EDGE('',*,*,#5322,.T.);
#7871=ORIENTED_EDGE('',*,*,#5324,.T.);
#7872=ORIENTED_EDGE('',*,*,#5260,.F.);
#7873=PLANE('',#8518);
#7874=PLANE('',#8528);
#7875=PLANE('',#8532);
#7876=PLANE('',#8535);
#7877=PLANE('',#8540);
#7878=PLANE('',#8550);
#7879=PLANE('',#8553);
#7880=PLANE('',#8597);
#7881=PLANE('',#8619);
#7882=PLANE('',#8635);
#7883=PLANE('',#8640);
#7884=PLANE('',#8656);
#7885=PLANE('',#8661);
#7886=PLANE('',#8677);
#7887=PLANE('',#8738);
#7888=PLANE('',#8745);
#7889=PLANE('',#8752);
#7890=PLANE('',#8757);
#7891=PLANE('',#8766);
#7892=PLANE('',#8771);
#7893=PLANE('',#8780);
#7894=PLANE('',#8781);
#7895=PLANE('',#8791);
#7896=PLANE('',#8795);
#7897=PLANE('',#8801);
#7898=PLANE('',#8806);
#7899=PLANE('',#8809);
#7900=PLANE('',#8819);
#7901=PLANE('',#8822);
#7902=PLANE('',#8869);
#7903=PLANE('',#8887);
#7904=PLANE('',#8892);
#7905=PLANE('',#8908);
#7906=PLANE('',#8913);
#7907=PLANE('',#8929);
#7908=PLANE('',#8934);
#7909=PLANE('',#8950);
#7910=PLANE('',#9011);
#7911=PLANE('',#9012);
#7912=PLANE('',#9019);
#7913=PLANE('',#9026);
#7914=PLANE('',#9033);
#7915=PLANE('',#9042);
#7916=PLANE('',#9047);
#7917=PLANE('',#9056);
#7918=PLANE('',#9057);
#7919=PLANE('',#9058);
#7920=PLANE('',#9059);
#7921=PLANE('',#9118);
#7922=PLANE('',#9131);
#7923=PLANE('',#9135);
#7924=PLANE('',#9138);
#7925=PLANE('',#9143);
#7926=PLANE('',#9153);
#7927=PLANE('',#9156);
#7928=PLANE('',#9205);
#7929=PLANE('',#9227);
#7930=PLANE('',#9241);
#7931=PLANE('',#9246);
#7932=PLANE('',#9260);
#7933=PLANE('',#9265);
#7934=PLANE('',#9279);
#7935=PLANE('',#9284);
#7936=PLANE('',#9329);
#7937=PLANE('',#9336);
#7938=PLANE('',#9343);
#7939=PLANE('',#9344);
#7940=PLANE('',#9349);
#7941=PLANE('',#9358);
#7942=PLANE('',#9363);
#7943=PLANE('',#9372);
#7944=PLANE('',#9373);
#7945=PLANE('',#9386);
#7946=PLANE('',#9390);
#7947=PLANE('',#9396);
#7948=PLANE('',#9401);
#7949=PLANE('',#9404);
#7950=PLANE('',#9414);
#7951=PLANE('',#9417);
#7952=PLANE('',#9484);
#7953=PLANE('',#9487);
#7954=PLANE('',#9505);
#7955=PLANE('',#9510);
#7956=PLANE('',#9524);
#7957=PLANE('',#9529);
#7958=PLANE('',#9543);
#7959=PLANE('',#9548);
#7960=PLANE('',#9562);
#7961=PLANE('',#9567);
#7962=PLANE('',#9614);
#7963=PLANE('',#9615);
#7964=PLANE('',#9622);
#7965=PLANE('',#9629);
#7966=PLANE('',#9630);
#7967=PLANE('',#9637);
#7968=PLANE('',#9646);
#7969=PLANE('',#9651);
#7970=PLANE('',#9660);
#7971=PLANE('',#9661);
#7972=PLANE('',#9662);
#7973=ADVANCED_FACE('',(#1248),#7873,.T.);
#7974=ADVANCED_FACE('',(#1249),#1157,.F.);
#7975=ADVANCED_FACE('',(#1250),#447,.T.);
#7976=ADVANCED_FACE('',(#1251),#1158,.T.);
#7977=ADVANCED_FACE('',(#1252),#141,.T.);
#7978=ADVANCED_FACE('',(#1253),#7874,.T.);
#7979=ADVANCED_FACE('',(#1254),#1159,.F.);
#7980=ADVANCED_FACE('',(#1255),#7875,.T.);
#7981=ADVANCED_FACE('',(#1256),#448,.T.);
#7982=ADVANCED_FACE('',(#1257),#1160,.T.);
#7983=ADVANCED_FACE('',(#1258),#7876,.T.);
#7984=ADVANCED_FACE('',(#1259),#142,.T.);
#7985=ADVANCED_FACE('',(#1260),#7877,.T.);
#7986=ADVANCED_FACE('',(#1261),#1161,.F.);
#7987=ADVANCED_FACE('',(#1262),#1162,.T.);
#7988=ADVANCED_FACE('',(#1263),#1163,.F.);
#7989=ADVANCED_FACE('',(#1264),#7878,.T.);
#7990=ADVANCED_FACE('',(#1265),#449,.T.);
#7991=ADVANCED_FACE('',(#1266),#1164,.T.);
#7992=ADVANCED_FACE('',(#1267),#450,.T.);
#7993=ADVANCED_FACE('',(#1268),#1165,.T.);
#7994=ADVANCED_FACE('',(#1269),#7879,.T.);
#7995=ADVANCED_FACE('',(#1270),#143,.F.);
#7996=ADVANCED_FACE('',(#1271),#144,.T.);
#7997=ADVANCED_FACE('',(#1272),#145,.F.);
#7998=ADVANCED_FACE('',(#1273),#1166,.T.);
#7999=ADVANCED_FACE('',(#1274),#1167,.F.);
#8000=ADVANCED_FACE('',(#1275),#1168,.F.);
#8001=ADVANCED_FACE('',(#1276),#1169,.T.);
#8002=ADVANCED_FACE('',(#1277),#1170,.F.);
#8003=ADVANCED_FACE('',(#1278),#1171,.T.);
#8004=ADVANCED_FACE('',(#1279),#1172,.F.);
#8005=ADVANCED_FACE('',(#1280),#146,.F.);
#8006=ADVANCED_FACE('',(#1281),#147,.F.);
#8007=ADVANCED_FACE('',(#1282),#148,.T.);
#8008=ADVANCED_FACE('',(#1283),#149,.F.);
#8009=ADVANCED_FACE('',(#1284),#150,.F.);
#8010=ADVANCED_FACE('',(#1285),#151,.F.);
#8011=ADVANCED_FACE('',(#1286),#152,.F.);
#8012=ADVANCED_FACE('',(#1287),#153,.F.);
#8013=ADVANCED_FACE('',(#1288),#7880,.T.);
#8014=ADVANCED_FACE('',(#1289),#154,.F.);
#8015=ADVANCED_FACE('',(#1290),#155,.F.);
#8016=ADVANCED_FACE('',(#1291),#107,.F.);
#8017=ADVANCED_FACE('',(#1292),#43,.F.);
#8018=ADVANCED_FACE('',(#1293),#156,.F.);
#8019=ADVANCED_FACE('',(#1294),#44,.F.);
#8020=ADVANCED_FACE('',(#1295),#451,.T.);
#8021=ADVANCED_FACE('',(#1296),#1173,.F.);
#8022=ADVANCED_FACE('',(#1297),#452,.T.);
#8023=ADVANCED_FACE('',(#1298),#7881,.F.);
#8024=ADVANCED_FACE('',(#1299),#157,.F.);
#8025=ADVANCED_FACE('',(#1300),#108,.F.);
#8026=ADVANCED_FACE('',(#1301),#45,.F.);
#8027=ADVANCED_FACE('',(#1302),#158,.F.);
#8028=ADVANCED_FACE('',(#1303),#46,.F.);
#8029=ADVANCED_FACE('',(#1304),#7882,.T.);
#8030=ADVANCED_FACE('',(#1305),#453,.T.);
#8031=ADVANCED_FACE('',(#1306),#1174,.F.);
#8032=ADVANCED_FACE('',(#1307),#454,.T.);
#8033=ADVANCED_FACE('',(#1308),#7883,.F.);
#8034=ADVANCED_FACE('',(#1309),#159,.F.);
#8035=ADVANCED_FACE('',(#1310),#109,.F.);
#8036=ADVANCED_FACE('',(#1311),#47,.F.);
#8037=ADVANCED_FACE('',(#1312),#160,.F.);
#8038=ADVANCED_FACE('',(#1313),#48,.F.);
#8039=ADVANCED_FACE('',(#1314),#7884,.T.);
#8040=ADVANCED_FACE('',(#1315),#455,.T.);
#8041=ADVANCED_FACE('',(#1316),#1175,.F.);
#8042=ADVANCED_FACE('',(#1317),#456,.T.);
#8043=ADVANCED_FACE('',(#1318),#7885,.F.);
#8044=ADVANCED_FACE('',(#1319),#161,.F.);
#8045=ADVANCED_FACE('',(#1320),#110,.F.);
#8046=ADVANCED_FACE('',(#1321),#49,.F.);
#8047=ADVANCED_FACE('',(#1322),#162,.F.);
#8048=ADVANCED_FACE('',(#1323),#50,.F.);
#8049=ADVANCED_FACE('',(#1324),#7886,.T.);
#8050=ADVANCED_FACE('',(#1325),#457,.T.);
#8051=ADVANCED_FACE('',(#1326),#1176,.F.);
#8052=ADVANCED_FACE('',(#1327),#458,.T.);
#8053=ADVANCED_FACE('',(#1328),#163,.F.);
#8054=ADVANCED_FACE('',(#1329),#51,.F.);
#8055=ADVANCED_FACE('',(#1330),#111,.F.);
#8056=ADVANCED_FACE('',(#1331),#164,.T.);
#8057=ADVANCED_FACE('',(#1332),#165,.F.);
#8058=ADVANCED_FACE('',(#1333),#52,.F.);
#8059=ADVANCED_FACE('',(#1334),#166,.F.);
#8060=ADVANCED_FACE('',(#1335),#53,.F.);
#8061=ADVANCED_FACE('',(#1336),#112,.F.);
#8062=ADVANCED_FACE('',(#1337),#167,.T.);
#8063=ADVANCED_FACE('',(#1338),#168,.F.);
#8064=ADVANCED_FACE('',(#1339),#54,.F.);
#8065=ADVANCED_FACE('',(#1340),#113,.F.);
#8066=ADVANCED_FACE('',(#1341),#169,.T.);
#8067=ADVANCED_FACE('',(#1342),#170,.F.);
#8068=ADVANCED_FACE('',(#1343),#55,.F.);
#8069=ADVANCED_FACE('',(#1344),#171,.F.);
#8070=ADVANCED_FACE('',(#1345),#56,.F.);
#8071=ADVANCED_FACE('',(#1346),#172,.F.);
#8072=ADVANCED_FACE('',(#1347),#57,.F.);
#8073=ADVANCED_FACE('',(#1348),#173,.F.);
#8074=ADVANCED_FACE('',(#1349),#58,.F.);
#8075=ADVANCED_FACE('',(#1350),#114,.F.);
#8076=ADVANCED_FACE('',(#1351),#174,.T.);
#8077=ADVANCED_FACE('',(#1352),#7887,.F.);
#8078=ADVANCED_FACE('',(#1353),#7888,.F.);
#8079=ADVANCED_FACE('',(#1354),#7889,.F.);
#8080=ADVANCED_FACE('',(#1355),#175,.T.);
#8081=ADVANCED_FACE('',(#1356),#176,.F.);
#8082=ADVANCED_FACE('',(#1357),#7890,.T.);
#8083=ADVANCED_FACE('',(#1358),#177,.F.);
#8084=ADVANCED_FACE('',(#1359),#178,.F.);
#8085=ADVANCED_FACE('',(#1360),#179,.T.);
#8086=ADVANCED_FACE('',(#1361),#180,.F.);
#8087=ADVANCED_FACE('',(#1362),#7891,.T.);
#8088=ADVANCED_FACE('',(#1363),#181,.T.);
#8089=ADVANCED_FACE('',(#1364),#182,.F.);
#8090=ADVANCED_FACE('',(#1365),#7892,.T.);
#8091=ADVANCED_FACE('',(#1366),#183,.F.);
#8092=ADVANCED_FACE('',(#1367),#184,.F.);
#8093=ADVANCED_FACE('',(#1368),#185,.T.);
#8094=ADVANCED_FACE('',(#1369),#186,.F.);
#8095=ADVANCED_FACE('',(#1370),#7893,.T.);
#8096=ADVANCED_FACE('',(#1371),#7894,.F.);
#8097=ADVANCED_FACE('',(#1372),#1177,.F.);
#8098=ADVANCED_FACE('',(#1373),#459,.F.);
#8099=ADVANCED_FACE('',(#1374),#1178,.T.);
#8100=ADVANCED_FACE('',(#1375),#187,.T.);
#8101=ADVANCED_FACE('',(#1376),#7895,.F.);
#8102=ADVANCED_FACE('',(#1377),#1179,.F.);
#8103=ADVANCED_FACE('',(#1378),#7896,.F.);
#8104=ADVANCED_FACE('',(#1379),#1180,.T.);
#8105=ADVANCED_FACE('',(#1380),#460,.F.);
#8106=ADVANCED_FACE('',(#1381),#1181,.T.);
#8107=ADVANCED_FACE('',(#1382),#7897,.F.);
#8108=ADVANCED_FACE('',(#1383),#188,.T.);
#8109=ADVANCED_FACE('',(#1384),#7898,.T.);
#8110=ADVANCED_FACE('',(#1385),#7899,.F.);
#8111=ADVANCED_FACE('',(#1386),#1182,.F.);
#8112=ADVANCED_FACE('',(#1387),#1183,.T.);
#8113=ADVANCED_FACE('',(#1388),#1184,.F.);
#8114=ADVANCED_FACE('',(#1389),#7900,.F.);
#8115=ADVANCED_FACE('',(#1390),#461,.F.);
#8116=ADVANCED_FACE('',(#1391),#1185,.T.);
#8117=ADVANCED_FACE('',(#1392),#462,.F.);
#8118=ADVANCED_FACE('',(#1393),#1186,.T.);
#8119=ADVANCED_FACE('',(#1394),#7901,.F.);
#8120=ADVANCED_FACE('',(#1395),#189,.F.);
#8121=ADVANCED_FACE('',(#1396),#190,.T.);
#8122=ADVANCED_FACE('',(#1397),#191,.F.);
#8123=ADVANCED_FACE('',(#1398),#1187,.T.);
#8124=ADVANCED_FACE('',(#1399),#1188,.F.);
#8125=ADVANCED_FACE('',(#1400),#1189,.F.);
#8126=ADVANCED_FACE('',(#1401),#1190,.T.);
#8127=ADVANCED_FACE('',(#1402),#1191,.T.);
#8128=ADVANCED_FACE('',(#1403),#1192,.F.);
#8129=ADVANCED_FACE('',(#1404),#1193,.T.);
#8130=ADVANCED_FACE('',(#1405),#1194,.F.);
#8131=ADVANCED_FACE('',(#1406),#192,.T.);
#8132=ADVANCED_FACE('',(#1407),#193,.F.);
#8133=ADVANCED_FACE('',(#1408),#194,.F.);
#8134=ADVANCED_FACE('',(#1409),#195,.T.);
#8135=ADVANCED_FACE('',(#1410),#196,.F.);
#8136=ADVANCED_FACE('',(#1411),#197,.F.);
#8137=ADVANCED_FACE('',(#1412),#198,.F.);
#8138=ADVANCED_FACE('',(#1413),#199,.F.);
#8139=ADVANCED_FACE('',(#1414),#200,.F.);
#8140=ADVANCED_FACE('',(#1415),#7902,.F.);
#8141=ADVANCED_FACE('',(#1416),#201,.F.);
#8142=ADVANCED_FACE('',(#1417),#202,.F.);
#8143=ADVANCED_FACE('',(#1418),#115,.F.);
#8144=ADVANCED_FACE('',(#1419),#59,.F.);
#8145=ADVANCED_FACE('',(#1420),#203,.F.);
#8146=ADVANCED_FACE('',(#1421),#60,.F.);
#8147=ADVANCED_FACE('',(#1422),#7903,.F.);
#8148=ADVANCED_FACE('',(#1423),#463,.F.);
#8149=ADVANCED_FACE('',(#1424),#1195,.F.);
#8150=ADVANCED_FACE('',(#1425),#464,.F.);
#8151=ADVANCED_FACE('',(#1426),#7904,.T.);
#8152=ADVANCED_FACE('',(#1427),#204,.F.);
#8153=ADVANCED_FACE('',(#1428),#116,.F.);
#8154=ADVANCED_FACE('',(#1429),#61,.F.);
#8155=ADVANCED_FACE('',(#1430),#205,.F.);
#8156=ADVANCED_FACE('',(#1431),#62,.F.);
#8157=ADVANCED_FACE('',(#1432),#7905,.F.);
#8158=ADVANCED_FACE('',(#1433),#465,.F.);
#8159=ADVANCED_FACE('',(#1434),#1196,.F.);
#8160=ADVANCED_FACE('',(#1435),#466,.F.);
#8161=ADVANCED_FACE('',(#1436),#7906,.T.);
#8162=ADVANCED_FACE('',(#1437),#206,.F.);
#8163=ADVANCED_FACE('',(#1438),#117,.F.);
#8164=ADVANCED_FACE('',(#1439),#63,.F.);
#8165=ADVANCED_FACE('',(#1440),#207,.F.);
#8166=ADVANCED_FACE('',(#1441),#64,.F.);
#8167=ADVANCED_FACE('',(#1442),#7907,.F.);
#8168=ADVANCED_FACE('',(#1443),#467,.F.);
#8169=ADVANCED_FACE('',(#1444),#1197,.F.);
#8170=ADVANCED_FACE('',(#1445),#468,.F.);
#8171=ADVANCED_FACE('',(#1446),#7908,.T.);
#8172=ADVANCED_FACE('',(#1447),#208,.F.);
#8173=ADVANCED_FACE('',(#1448),#118,.F.);
#8174=ADVANCED_FACE('',(#1449),#65,.F.);
#8175=ADVANCED_FACE('',(#1450),#209,.F.);
#8176=ADVANCED_FACE('',(#1451),#66,.F.);
#8177=ADVANCED_FACE('',(#1452),#7909,.F.);
#8178=ADVANCED_FACE('',(#1453),#469,.F.);
#8179=ADVANCED_FACE('',(#1454),#1198,.F.);
#8180=ADVANCED_FACE('',(#1455),#470,.F.);
#8181=ADVANCED_FACE('',(#1456),#210,.F.);
#8182=ADVANCED_FACE('',(#1457),#67,.F.);
#8183=ADVANCED_FACE('',(#1458),#119,.F.);
#8184=ADVANCED_FACE('',(#1459),#211,.T.);
#8185=ADVANCED_FACE('',(#1460),#212,.F.);
#8186=ADVANCED_FACE('',(#1461),#68,.F.);
#8187=ADVANCED_FACE('',(#1462),#213,.F.);
#8188=ADVANCED_FACE('',(#1463),#69,.F.);
#8189=ADVANCED_FACE('',(#1464),#120,.F.);
#8190=ADVANCED_FACE('',(#1465),#214,.T.);
#8191=ADVANCED_FACE('',(#1466),#215,.F.);
#8192=ADVANCED_FACE('',(#1467),#70,.F.);
#8193=ADVANCED_FACE('',(#1468),#121,.F.);
#8194=ADVANCED_FACE('',(#1469),#216,.T.);
#8195=ADVANCED_FACE('',(#1470),#217,.F.);
#8196=ADVANCED_FACE('',(#1471),#71,.F.);
#8197=ADVANCED_FACE('',(#1472),#218,.F.);
#8198=ADVANCED_FACE('',(#1473),#72,.F.);
#8199=ADVANCED_FACE('',(#1474),#219,.F.);
#8200=ADVANCED_FACE('',(#1475),#73,.F.);
#8201=ADVANCED_FACE('',(#1476),#220,.F.);
#8202=ADVANCED_FACE('',(#1477),#74,.F.);
#8203=ADVANCED_FACE('',(#1478),#122,.F.);
#8204=ADVANCED_FACE('',(#1479),#221,.T.);
#8205=ADVANCED_FACE('',(#1480),#7910,.T.);
#8206=ADVANCED_FACE('',(#1481),#7911,.T.);
#8207=ADVANCED_FACE('',(#1482),#7912,.T.);
#8208=ADVANCED_FACE('',(#1483),#7913,.T.);
#8209=ADVANCED_FACE('',(#1484),#222,.T.);
#8210=ADVANCED_FACE('',(#1485),#223,.T.);
#8211=ADVANCED_FACE('',(#1486),#224,.F.);
#8212=ADVANCED_FACE('',(#1487),#7914,.F.);
#8213=ADVANCED_FACE('',(#1488),#225,.F.);
#8214=ADVANCED_FACE('',(#1489),#226,.F.);
#8215=ADVANCED_FACE('',(#1490),#227,.T.);
#8216=ADVANCED_FACE('',(#1491),#228,.F.);
#8217=ADVANCED_FACE('',(#1492),#7915,.F.);
#8218=ADVANCED_FACE('',(#1493),#229,.T.);
#8219=ADVANCED_FACE('',(#1494),#230,.F.);
#8220=ADVANCED_FACE('',(#1495),#7916,.F.);
#8221=ADVANCED_FACE('',(#1496),#231,.F.);
#8222=ADVANCED_FACE('',(#1497),#232,.F.);
#8223=ADVANCED_FACE('',(#1498),#233,.T.);
#8224=ADVANCED_FACE('',(#1499),#234,.F.);
#8225=ADVANCED_FACE('',(#1500),#7917,.F.);
#8226=ADVANCED_FACE('',(#1501),#7918,.F.);
#8227=ADVANCED_FACE('',(#1502),#7919,.T.);
#8228=ADVANCED_FACE('',(#1503,#15),#7920,.T.);
#8229=ADVANCED_FACE('',(#1504),#7921,.F.);
#8230=ADVANCED_FACE('',(#1505),#1199,.F.);
#8231=ADVANCED_FACE('',(#1506),#1200,.T.);
#8232=ADVANCED_FACE('',(#1507),#471,.F.);
#8233=ADVANCED_FACE('',(#1508),#1201,.T.);
#8234=ADVANCED_FACE('',(#1509),#235,.T.);
#8235=ADVANCED_FACE('',(#1510),#7922,.F.);
#8236=ADVANCED_FACE('',(#1511),#1202,.F.);
#8237=ADVANCED_FACE('',(#1512),#7923,.F.);
#8238=ADVANCED_FACE('',(#1513),#472,.F.);
#8239=ADVANCED_FACE('',(#1514),#1203,.T.);
#8240=ADVANCED_FACE('',(#1515),#7924,.F.);
#8241=ADVANCED_FACE('',(#1516),#236,.T.);
#8242=ADVANCED_FACE('',(#1517),#7925,.F.);
#8243=ADVANCED_FACE('',(#1518),#1204,.F.);
#8244=ADVANCED_FACE('',(#1519),#1205,.T.);
#8245=ADVANCED_FACE('',(#1520),#1206,.F.);
#8246=ADVANCED_FACE('',(#1521),#7926,.F.);
#8247=ADVANCED_FACE('',(#1522),#473,.F.);
#8248=ADVANCED_FACE('',(#1523),#1207,.T.);
#8249=ADVANCED_FACE('',(#1524),#474,.F.);
#8250=ADVANCED_FACE('',(#1525),#1208,.T.);
#8251=ADVANCED_FACE('',(#1526),#7927,.F.);
#8252=ADVANCED_FACE('',(#1527),#237,.F.);
#8253=ADVANCED_FACE('',(#1528),#238,.T.);
#8254=ADVANCED_FACE('',(#1529),#239,.F.);
#8255=ADVANCED_FACE('',(#1530),#1209,.T.);
#8256=ADVANCED_FACE('',(#1531),#1210,.F.);
#8257=ADVANCED_FACE('',(#1532),#1211,.F.);
#8258=ADVANCED_FACE('',(#1533),#1212,.T.);
#8259=ADVANCED_FACE('',(#1534),#1213,.F.);
#8260=ADVANCED_FACE('',(#1535),#1214,.T.);
#8261=ADVANCED_FACE('',(#1536),#1215,.F.);
#8262=ADVANCED_FACE('',(#1537),#1216,.T.);
#8263=ADVANCED_FACE('',(#1538),#240,.F.);
#8264=ADVANCED_FACE('',(#1539),#241,.F.);
#8265=ADVANCED_FACE('',(#1540),#242,.T.);
#8266=ADVANCED_FACE('',(#1541),#243,.F.);
#8267=ADVANCED_FACE('',(#1542),#244,.F.);
#8268=ADVANCED_FACE('',(#1543),#245,.T.);
#8269=ADVANCED_FACE('',(#1544),#246,.F.);
#8270=ADVANCED_FACE('',(#1545),#247,.F.);
#8271=ADVANCED_FACE('',(#1546),#248,.F.);
#8272=ADVANCED_FACE('',(#1547),#7928,.F.);
#8273=ADVANCED_FACE('',(#1548),#249,.F.);
#8274=ADVANCED_FACE('',(#1549),#250,.T.);
#8275=ADVANCED_FACE('',(#1550),#251,.F.);
#8276=ADVANCED_FACE('',(#1551),#123,.F.);
#8277=ADVANCED_FACE('',(#1552),#75,.F.);
#8278=ADVANCED_FACE('',(#1553),#252,.F.);
#8279=ADVANCED_FACE('',(#1554),#76,.F.);
#8280=ADVANCED_FACE('',(#1555),#475,.F.);
#8281=ADVANCED_FACE('',(#1556),#1217,.F.);
#8282=ADVANCED_FACE('',(#1557),#476,.F.);
#8283=ADVANCED_FACE('',(#1558),#7929,.T.);
#8284=ADVANCED_FACE('',(#1559),#253,.F.);
#8285=ADVANCED_FACE('',(#1560),#124,.F.);
#8286=ADVANCED_FACE('',(#1561),#77,.F.);
#8287=ADVANCED_FACE('',(#1562),#254,.F.);
#8288=ADVANCED_FACE('',(#1563),#78,.F.);
#8289=ADVANCED_FACE('',(#1564),#7930,.F.);
#8290=ADVANCED_FACE('',(#1565),#477,.F.);
#8291=ADVANCED_FACE('',(#1566),#1218,.F.);
#8292=ADVANCED_FACE('',(#1567),#478,.F.);
#8293=ADVANCED_FACE('',(#1568),#7931,.T.);
#8294=ADVANCED_FACE('',(#1569),#255,.F.);
#8295=ADVANCED_FACE('',(#1570),#125,.F.);
#8296=ADVANCED_FACE('',(#1571),#79,.F.);
#8297=ADVANCED_FACE('',(#1572),#256,.F.);
#8298=ADVANCED_FACE('',(#1573),#80,.F.);
#8299=ADVANCED_FACE('',(#1574),#7932,.F.);
#8300=ADVANCED_FACE('',(#1575),#479,.F.);
#8301=ADVANCED_FACE('',(#1576),#1219,.F.);
#8302=ADVANCED_FACE('',(#1577),#480,.F.);
#8303=ADVANCED_FACE('',(#1578),#7933,.T.);
#8304=ADVANCED_FACE('',(#1579),#257,.F.);
#8305=ADVANCED_FACE('',(#1580),#126,.F.);
#8306=ADVANCED_FACE('',(#1581),#81,.F.);
#8307=ADVANCED_FACE('',(#1582),#258,.F.);
#8308=ADVANCED_FACE('',(#1583),#82,.F.);
#8309=ADVANCED_FACE('',(#1584),#7934,.F.);
#8310=ADVANCED_FACE('',(#1585),#481,.F.);
#8311=ADVANCED_FACE('',(#1586),#1220,.F.);
#8312=ADVANCED_FACE('',(#1587),#482,.F.);
#8313=ADVANCED_FACE('',(#1588),#7935,.T.);
#8314=ADVANCED_FACE('',(#1589),#259,.F.);
#8315=ADVANCED_FACE('',(#1590),#83,.F.);
#8316=ADVANCED_FACE('',(#1591),#127,.F.);
#8317=ADVANCED_FACE('',(#1592),#260,.T.);
#8318=ADVANCED_FACE('',(#1593),#261,.F.);
#8319=ADVANCED_FACE('',(#1594),#84,.F.);
#8320=ADVANCED_FACE('',(#1595),#262,.F.);
#8321=ADVANCED_FACE('',(#1596),#85,.F.);
#8322=ADVANCED_FACE('',(#1597),#128,.F.);
#8323=ADVANCED_FACE('',(#1598),#263,.T.);
#8324=ADVANCED_FACE('',(#1599),#264,.F.);
#8325=ADVANCED_FACE('',(#1600),#86,.F.);
#8326=ADVANCED_FACE('',(#1601),#129,.F.);
#8327=ADVANCED_FACE('',(#1602),#265,.T.);
#8328=ADVANCED_FACE('',(#1603),#266,.F.);
#8329=ADVANCED_FACE('',(#1604),#87,.F.);
#8330=ADVANCED_FACE('',(#1605),#267,.F.);
#8331=ADVANCED_FACE('',(#1606),#88,.F.);
#8332=ADVANCED_FACE('',(#1607),#268,.F.);
#8333=ADVANCED_FACE('',(#1608),#89,.F.);
#8334=ADVANCED_FACE('',(#1609),#269,.F.);
#8335=ADVANCED_FACE('',(#1610),#90,.F.);
#8336=ADVANCED_FACE('',(#1611),#130,.F.);
#8337=ADVANCED_FACE('',(#1612),#270,.T.);
#8338=ADVANCED_FACE('',(#1613),#7936,.T.);
#8339=ADVANCED_FACE('',(#1614),#7937,.T.);
#8340=ADVANCED_FACE('',(#1615),#7938,.T.);
#8341=ADVANCED_FACE('',(#1616),#7939,.T.);
#8342=ADVANCED_FACE('',(#1617),#271,.T.);
#8343=ADVANCED_FACE('',(#1618),#272,.F.);
#8344=ADVANCED_FACE('',(#1619),#7940,.F.);
#8345=ADVANCED_FACE('',(#1620),#273,.F.);
#8346=ADVANCED_FACE('',(#1621),#274,.F.);
#8347=ADVANCED_FACE('',(#1622),#275,.T.);
#8348=ADVANCED_FACE('',(#1623),#276,.F.);
#8349=ADVANCED_FACE('',(#1624),#7941,.F.);
#8350=ADVANCED_FACE('',(#1625),#277,.T.);
#8351=ADVANCED_FACE('',(#1626),#278,.F.);
#8352=ADVANCED_FACE('',(#1627),#7942,.F.);
#8353=ADVANCED_FACE('',(#1628),#279,.F.);
#8354=ADVANCED_FACE('',(#1629),#280,.F.);
#8355=ADVANCED_FACE('',(#1630),#281,.T.);
#8356=ADVANCED_FACE('',(#1631),#282,.F.);
#8357=ADVANCED_FACE('',(#1632),#7943,.F.);
#8358=ADVANCED_FACE('',(#1633),#7944,.T.);
#8359=ADVANCED_FACE('',(#1634),#1221,.F.);
#8360=ADVANCED_FACE('',(#1635),#1222,.T.);
#8361=ADVANCED_FACE('',(#1636),#483,.T.);
#8362=ADVANCED_FACE('',(#1637),#1223,.T.);
#8363=ADVANCED_FACE('',(#1638),#283,.T.);
#8364=ADVANCED_FACE('',(#1639),#7945,.T.);
#8365=ADVANCED_FACE('',(#1640),#1224,.F.);
#8366=ADVANCED_FACE('',(#1641),#7946,.T.);
#8367=ADVANCED_FACE('',(#1642),#1225,.T.);
#8368=ADVANCED_FACE('',(#1643),#484,.T.);
#8369=ADVANCED_FACE('',(#1644),#1226,.T.);
#8370=ADVANCED_FACE('',(#1645),#7947,.T.);
#8371=ADVANCED_FACE('',(#1646),#284,.T.);
#8372=ADVANCED_FACE('',(#1647),#7948,.F.);
#8373=ADVANCED_FACE('',(#1648),#7949,.T.);
#8374=ADVANCED_FACE('',(#1649),#1227,.F.);
#8375=ADVANCED_FACE('',(#1650),#1228,.T.);
#8376=ADVANCED_FACE('',(#1651),#1229,.F.);
#8377=ADVANCED_FACE('',(#1652),#7950,.T.);
#8378=ADVANCED_FACE('',(#1653),#485,.T.);
#8379=ADVANCED_FACE('',(#1654),#1230,.T.);
#8380=ADVANCED_FACE('',(#1655),#486,.T.);
#8381=ADVANCED_FACE('',(#1656),#1231,.T.);
#8382=ADVANCED_FACE('',(#1657),#7951,.T.);
#8383=ADVANCED_FACE('',(#1658),#285,.F.);
#8384=ADVANCED_FACE('',(#1659),#286,.T.);
#8385=ADVANCED_FACE('',(#1660),#287,.F.);
#8386=ADVANCED_FACE('',(#1661),#1232,.F.);
#8387=ADVANCED_FACE('',(#1662),#288,.F.);
#8388=ADVANCED_FACE('',(#1663),#1233,.F.);
#8389=ADVANCED_FACE('',(#1664),#1234,.T.);
#8390=ADVANCED_FACE('',(#1665),#1235,.F.);
#8391=ADVANCED_FACE('',(#1666),#1236,.F.);
#8392=ADVANCED_FACE('',(#1667),#1237,.T.);
#8393=ADVANCED_FACE('',(#1668),#1238,.T.);
#8394=ADVANCED_FACE('',(#1669),#1239,.F.);
#8395=ADVANCED_FACE('',(#1670),#1240,.T.);
#8396=ADVANCED_FACE('',(#1671),#1241,.F.);
#8397=ADVANCED_FACE('',(#1672),#1242,.T.);
#8398=ADVANCED_FACE('',(#1673),#289,.T.);
#8399=ADVANCED_FACE('',(#1674),#290,.F.);
#8400=ADVANCED_FACE('',(#1675),#291,.F.);
#8401=ADVANCED_FACE('',(#1676),#292,.T.);
#8402=ADVANCED_FACE('',(#1677),#293,.F.);
#8403=ADVANCED_FACE('',(#1678),#294,.F.);
#8404=ADVANCED_FACE('',(#1679),#295,.T.);
#8405=ADVANCED_FACE('',(#1680),#296,.F.);
#8406=ADVANCED_FACE('',(#1681),#297,.F.);
#8407=ADVANCED_FACE('',(#1682),#131,.T.);
#8408=ADVANCED_FACE('',(#1683),#1243,.T.);
#8409=ADVANCED_FACE('',(#1684),#132,.F.);
#8410=ADVANCED_FACE('',(#1685,#16,#17,#18,#19,#20,#21,#22,#23,#24),#7952,
 .F.);
#8411=ADVANCED_FACE('',(#1686),#298,.F.);
#8412=ADVANCED_FACE('',(#1687),#7953,.T.);
#8413=ADVANCED_FACE('',(#1688),#299,.F.);
#8414=ADVANCED_FACE('',(#1689),#300,.T.);
#8415=ADVANCED_FACE('',(#1690),#301,.F.);
#8416=ADVANCED_FACE('',(#1691),#133,.F.);
#8417=ADVANCED_FACE('',(#1692),#91,.F.);
#8418=ADVANCED_FACE('',(#1693),#302,.F.);
#8419=ADVANCED_FACE('',(#1694),#92,.F.);
#8420=ADVANCED_FACE('',(#1695),#7954,.T.);
#8421=ADVANCED_FACE('',(#1696),#487,.T.);
#8422=ADVANCED_FACE('',(#1697),#1244,.F.);
#8423=ADVANCED_FACE('',(#1698),#488,.T.);
#8424=ADVANCED_FACE('',(#1699),#7955,.F.);
#8425=ADVANCED_FACE('',(#1700),#303,.F.);
#8426=ADVANCED_FACE('',(#1701),#134,.F.);
#8427=ADVANCED_FACE('',(#1702),#93,.F.);
#8428=ADVANCED_FACE('',(#1703),#304,.F.);
#8429=ADVANCED_FACE('',(#1704),#94,.F.);
#8430=ADVANCED_FACE('',(#1705),#7956,.T.);
#8431=ADVANCED_FACE('',(#1706),#489,.T.);
#8432=ADVANCED_FACE('',(#1707),#1245,.F.);
#8433=ADVANCED_FACE('',(#1708),#490,.T.);
#8434=ADVANCED_FACE('',(#1709),#7957,.F.);
#8435=ADVANCED_FACE('',(#1710),#305,.F.);
#8436=ADVANCED_FACE('',(#1711),#135,.F.);
#8437=ADVANCED_FACE('',(#1712),#95,.F.);
#8438=ADVANCED_FACE('',(#1713),#306,.F.);
#8439=ADVANCED_FACE('',(#1714),#96,.F.);
#8440=ADVANCED_FACE('',(#1715),#7958,.T.);
#8441=ADVANCED_FACE('',(#1716),#491,.T.);
#8442=ADVANCED_FACE('',(#1717),#1246,.F.);
#8443=ADVANCED_FACE('',(#1718),#492,.T.);
#8444=ADVANCED_FACE('',(#1719),#7959,.F.);
#8445=ADVANCED_FACE('',(#1720),#307,.F.);
#8446=ADVANCED_FACE('',(#1721),#136,.F.);
#8447=ADVANCED_FACE('',(#1722),#97,.F.);
#8448=ADVANCED_FACE('',(#1723),#308,.F.);
#8449=ADVANCED_FACE('',(#1724),#98,.F.);
#8450=ADVANCED_FACE('',(#1725),#7960,.T.);
#8451=ADVANCED_FACE('',(#1726),#493,.T.);
#8452=ADVANCED_FACE('',(#1727),#1247,.F.);
#8453=ADVANCED_FACE('',(#1728),#494,.T.);
#8454=ADVANCED_FACE('',(#1729),#7961,.F.);
#8455=ADVANCED_FACE('',(#1730),#309,.F.);
#8456=ADVANCED_FACE('',(#1731),#310,.F.);
#8457=ADVANCED_FACE('',(#1732),#99,.F.);
#8458=ADVANCED_FACE('',(#1733),#137,.F.);
#8459=ADVANCED_FACE('',(#1734),#311,.T.);
#8460=ADVANCED_FACE('',(#1735),#312,.F.);
#8461=ADVANCED_FACE('',(#1736),#100,.F.);
#8462=ADVANCED_FACE('',(#1737),#313,.F.);
#8463=ADVANCED_FACE('',(#1738),#101,.F.);
#8464=ADVANCED_FACE('',(#1739),#138,.F.);
#8465=ADVANCED_FACE('',(#1740),#314,.T.);
#8466=ADVANCED_FACE('',(#1741),#315,.F.);
#8467=ADVANCED_FACE('',(#1742),#102,.F.);
#8468=ADVANCED_FACE('',(#1743),#139,.F.);
#8469=ADVANCED_FACE('',(#1744),#316,.T.);
#8470=ADVANCED_FACE('',(#1745),#317,.F.);
#8471=ADVANCED_FACE('',(#1746),#103,.F.);
#8472=ADVANCED_FACE('',(#1747),#318,.F.);
#8473=ADVANCED_FACE('',(#1748),#104,.F.);
#8474=ADVANCED_FACE('',(#1749),#319,.F.);
#8475=ADVANCED_FACE('',(#1750),#105,.F.);
#8476=ADVANCED_FACE('',(#1751),#320,.F.);
#8477=ADVANCED_FACE('',(#1752),#106,.F.);
#8478=ADVANCED_FACE('',(#1753),#140,.F.);
#8479=ADVANCED_FACE('',(#1754),#321,.T.);
#8480=ADVANCED_FACE('',(#1755),#7962,.F.);
#8481=ADVANCED_FACE('',(#1756),#7963,.F.);
#8482=ADVANCED_FACE('',(#1757),#7964,.F.);
#8483=ADVANCED_FACE('',(#1758),#7965,.F.);
#8484=ADVANCED_FACE('',(#1759),#7966,.F.);
#8485=ADVANCED_FACE('',(#1760),#322,.T.);
#8486=ADVANCED_FACE('',(#1761),#323,.T.);
#8487=ADVANCED_FACE('',(#1762),#324,.F.);
#8488=ADVANCED_FACE('',(#1763),#7967,.T.);
#8489=ADVANCED_FACE('',(#1764),#325,.F.);
#8490=ADVANCED_FACE('',(#1765),#326,.F.);
#8491=ADVANCED_FACE('',(#1766),#327,.T.);
#8492=ADVANCED_FACE('',(#1767),#328,.F.);
#8493=ADVANCED_FACE('',(#1768),#7968,.T.);
#8494=ADVANCED_FACE('',(#1769),#329,.T.);
#8495=ADVANCED_FACE('',(#1770),#330,.F.);
#8496=ADVANCED_FACE('',(#1771),#7969,.T.);
#8497=ADVANCED_FACE('',(#1772),#331,.F.);
#8498=ADVANCED_FACE('',(#1773),#332,.F.);
#8499=ADVANCED_FACE('',(#1774),#333,.T.);
#8500=ADVANCED_FACE('',(#1775),#334,.F.);
#8501=ADVANCED_FACE('',(#1776),#7970,.T.);
#8502=ADVANCED_FACE('',(#1777,#25),#7971,.T.);
#8503=ADVANCED_FACE('',(#1778,#26,#27,#28,#29,#30,#31,#32,#33,#34,#35,#36,
#37,#38,#39,#40,#41,#42),#7972,.T.);
#8504=CLOSED_SHELL('',(#7973,#7974,#7975,#7976,#7977,#7978,#7979,#7980,
#7981,#7982,#7983,#7984,#7985,#7986,#7987,#7988,#7989,#7990,#7991,#7992,
#7993,#7994,#7995,#7996,#7997,#7998,#7999,#8000,#8001,#8002,#8003,#8004,
#8005,#8006,#8007,#8008,#8009,#8010,#8011,#8012,#8013,#8014,#8015,#8016,
#8017,#8018,#8019,#8020,#8021,#8022,#8023,#8024,#8025,#8026,#8027,#8028,
#8029,#8030,#8031,#8032,#8033,#8034,#8035,#8036,#8037,#8038,#8039,#8040,
#8041,#8042,#8043,#8044,#8045,#8046,#8047,#8048,#8049,#8050,#8051,#8052,
#8053,#8054,#8055,#8056,#8057,#8058,#8059,#8060,#8061,#8062,#8063,#8064,
#8065,#8066,#8067,#8068,#8069,#8070,#8071,#8072,#8073,#8074,#8075,#8076,
#8077,#8078,#8079,#8080,#8081,#8082,#8083,#8084,#8085,#8086,#8087,#8088,
#8089,#8090,#8091,#8092,#8093,#8094,#8095,#8096,#8097,#8098,#8099,#8100,
#8101,#8102,#8103,#8104,#8105,#8106,#8107,#8108,#8109,#8110,#8111,#8112,
#8113,#8114,#8115,#8116,#8117,#8118,#8119,#8120,#8121,#8122,#8123,#8124,
#8125,#8126,#8127,#8128,#8129,#8130,#8131,#8132,#8133,#8134,#8135,#8136,
#8137,#8138,#8139,#8140,#8141,#8142,#8143,#8144,#8145,#8146,#8147,#8148,
#8149,#8150,#8151,#8152,#8153,#8154,#8155,#8156,#8157,#8158,#8159,#8160,
#8161,#8162,#8163,#8164,#8165,#8166,#8167,#8168,#8169,#8170,#8171,#8172,
#8173,#8174,#8175,#8176,#8177,#8178,#8179,#8180,#8181,#8182,#8183,#8184,
#8185,#8186,#8187,#8188,#8189,#8190,#8191,#8192,#8193,#8194,#8195,#8196,
#8197,#8198,#8199,#8200,#8201,#8202,#8203,#8204,#8205,#8206,#8207,#8208,
#8209,#8210,#8211,#8212,#8213,#8214,#8215,#8216,#8217,#8218,#8219,#8220,
#8221,#8222,#8223,#8224,#8225,#8226,#8227,#8228,#8229,#8230,#8231,#8232,
#8233,#8234,#8235,#8236,#8237,#8238,#8239,#8240,#8241,#8242,#8243,#8244,
#8245,#8246,#8247,#8248,#8249,#8250,#8251,#8252,#8253,#8254,#8255,#8256,
#8257,#8258,#8259,#8260,#8261,#8262,#8263,#8264,#8265,#8266,#8267,#8268,
#8269,#8270,#8271,#8272,#8273,#8274,#8275,#8276,#8277,#8278,#8279,#8280,
#8281,#8282,#8283,#8284,#8285,#8286,#8287,#8288,#8289,#8290,#8291,#8292,
#8293,#8294,#8295,#8296,#8297,#8298,#8299,#8300,#8301,#8302,#8303,#8304,
#8305,#8306,#8307,#8308,#8309,#8310,#8311,#8312,#8313,#8314,#8315,#8316,
#8317,#8318,#8319,#8320,#8321,#8322,#8323,#8324,#8325,#8326,#8327,#8328,
#8329,#8330,#8331,#8332,#8333,#8334,#8335,#8336,#8337,#8338,#8339,#8340,
#8341,#8342,#8343,#8344,#8345,#8346,#8347,#8348,#8349,#8350,#8351,#8352,
#8353,#8354,#8355,#8356,#8357,#8358,#8359,#8360,#8361,#8362,#8363,#8364,
#8365,#8366,#8367,#8368,#8369,#8370,#8371,#8372,#8373,#8374,#8375,#8376,
#8377,#8378,#8379,#8380,#8381,#8382,#8383,#8384,#8385,#8386,#8387,#8388,
#8389,#8390,#8391,#8392,#8393,#8394,#8395,#8396,#8397,#8398,#8399,#8400,
#8401,#8402,#8403,#8404,#8405,#8406,#8407,#8408,#8409,#8410,#8411,#8412,
#8413,#8414,#8415,#8416,#8417,#8418,#8419,#8420,#8421,#8422,#8423,#8424,
#8425,#8426,#8427,#8428,#8429,#8430,#8431,#8432,#8433,#8434,#8435,#8436,
#8437,#8438,#8439,#8440,#8441,#8442,#8443,#8444,#8445,#8446,#8447,#8448,
#8449,#8450,#8451,#8452,#8453,#8454,#8455,#8456,#8457,#8458,#8459,#8460,
#8461,#8462,#8463,#8464,#8465,#8466,#8467,#8468,#8469,#8470,#8471,#8472,
#8473,#8474,#8475,#8476,#8477,#8478,#8479,#8480,#8481,#8482,#8483,#8484,
#8485,#8486,#8487,#8488,#8489,#8490,#8491,#8492,#8493,#8494,#8495,#8496,
#8497,#8498,#8499,#8500,#8501,#8502,#8503));
#8505=DERIVED_UNIT_ELEMENT(#8507,1.);
#8506=DERIVED_UNIT_ELEMENT(#16256,-3.);
#8507=(
MASS_UNIT()
NAMED_UNIT(*)
SI_UNIT(.KILO.,.GRAM.)
);
#8508=DERIVED_UNIT((#8505,#8506));
#8509=MEASURE_REPRESENTATION_ITEM('density measure',
POSITIVE_RATIO_MEASURE(7850.),#8508);
#8510=PROPERTY_DEFINITION_REPRESENTATION(#8515,#8512);
#8511=PROPERTY_DEFINITION_REPRESENTATION(#8516,#8513);
#8512=REPRESENTATION('material name',(#8514),#16253);
#8513=REPRESENTATION('density',(#8509),#16253);
#8514=DESCRIPTIVE_REPRESENTATION_ITEM('Steel','Steel');
#8515=PROPERTY_DEFINITION('material property','material name',#16263);
#8516=PROPERTY_DEFINITION('material property','density of part',#16263);
#8517=AXIS2_PLACEMENT_3D('',#12448,#9663,#9664);
#8518=AXIS2_PLACEMENT_3D('',#12449,#9665,#9666);
#8519=AXIS2_PLACEMENT_3D('',#12458,#9671,#9672);
#8520=AXIS2_PLACEMENT_3D('',#12460,#9673,#9674);
#8521=AXIS2_PLACEMENT_3D('',#12463,#9676,#9677);
#8522=AXIS2_PLACEMENT_3D('',#12497,#9679,#9680);
#8523=AXIS2_PLACEMENT_3D('',#12503,#9681,#9682);
#8524=AXIS2_PLACEMENT_3D('',#12504,#9683,#9684);
#8525=AXIS2_PLACEMENT_3D('',#12510,#9687,#9688);
#8526=AXIS2_PLACEMENT_3D('',#12514,#9690,#9691);
#8527=AXIS2_PLACEMENT_3D('',#12517,#9693,#9694);
#8528=AXIS2_PLACEMENT_3D('',#12518,#9695,#9696);
#8529=AXIS2_PLACEMENT_3D('',#12522,#9699,#9700);
#8530=AXIS2_PLACEMENT_3D('',#12527,#9702,#9703);
#8531=AXIS2_PLACEMENT_3D('',#12530,#9705,#9706);
#8532=AXIS2_PLACEMENT_3D('',#12531,#9707,#9708);
#8533=AXIS2_PLACEMENT_3D('',#12570,#9713,#9714);
#8534=AXIS2_PLACEMENT_3D('',#12576,#9715,#9716);
#8535=AXIS2_PLACEMENT_3D('',#12577,#9717,#9718);
#8536=AXIS2_PLACEMENT_3D('',#12583,#9722,#9723);
#8537=AXIS2_PLACEMENT_3D('',#12587,#9725,#9726);
#8538=AXIS2_PLACEMENT_3D('',#12591,#9728,#9729);
#8539=AXIS2_PLACEMENT_3D('',#12594,#9731,#9732);
#8540=AXIS2_PLACEMENT_3D('',#12595,#9733,#9734);
#8541=AXIS2_PLACEMENT_3D('',#12604,#9739,#9740);
#8542=AXIS2_PLACEMENT_3D('',#12608,#9742,#9743);
#8543=AXIS2_PLACEMENT_3D('',#12609,#9744,#9745);
#8544=AXIS2_PLACEMENT_3D('',#12610,#9746,#9747);
#8545=AXIS2_PLACEMENT_3D('',#12612,#9748,#9749);
#8546=AXIS2_PLACEMENT_3D('',#12615,#9751,#9752);
#8547=AXIS2_PLACEMENT_3D('',#12616,#9753,#9754);
#8548=AXIS2_PLACEMENT_3D('',#12620,#9756,#9757);
#8549=AXIS2_PLACEMENT_3D('',#12621,#9758,#9759);
#8550=AXIS2_PLACEMENT_3D('',#12622,#9760,#9761);
#8551=AXIS2_PLACEMENT_3D('',#12657,#9766,#9767);
#8552=AXIS2_PLACEMENT_3D('',#12691,#9769,#9770);
#8553=AXIS2_PLACEMENT_3D('',#12696,#9771,#9772);
#8554=AXIS2_PLACEMENT_3D('',#12700,#9775,#9776);
#8555=AXIS2_PLACEMENT_3D('',#12703,#9778,#9779);
#8556=AXIS2_PLACEMENT_3D('',#12704,#9780,#9781);
#8557=AXIS2_PLACEMENT_3D('',#12707,#9783,#9784);
#8558=AXIS2_PLACEMENT_3D('',#12708,#9785,#9786);
#8559=AXIS2_PLACEMENT_3D('',#12711,#9788,#9789);
#8560=AXIS2_PLACEMENT_3D('',#12712,#9790,#9791);
#8561=AXIS2_PLACEMENT_3D('',#12716,#9793,#9794);
#8562=AXIS2_PLACEMENT_3D('',#12718,#9796,#9797);
#8563=AXIS2_PLACEMENT_3D('',#12720,#9798,#9799);
#8564=AXIS2_PLACEMENT_3D('',#12723,#9801,#9802);
#8565=AXIS2_PLACEMENT_3D('',#12724,#9803,#9804);
#8566=AXIS2_PLACEMENT_3D('',#12726,#9805,#9806);
#8567=AXIS2_PLACEMENT_3D('',#12729,#9808,#9809);
#8568=AXIS2_PLACEMENT_3D('',#12730,#9810,#9811);
#8569=AXIS2_PLACEMENT_3D('',#12734,#9813,#9814);
#8570=AXIS2_PLACEMENT_3D('',#12735,#9815,#9816);
#8571=AXIS2_PLACEMENT_3D('',#12736,#9817,#9818);
#8572=AXIS2_PLACEMENT_3D('',#12739,#9820,#9821);
#8573=AXIS2_PLACEMENT_3D('',#12740,#9822,#9823);
#8574=AXIS2_PLACEMENT_3D('',#12741,#9824,#9825);
#8575=AXIS2_PLACEMENT_3D('',#12743,#9826,#9827);
#8576=AXIS2_PLACEMENT_3D('',#12745,#9829,#9830);
#8577=AXIS2_PLACEMENT_3D('',#12747,#9831,#9832);
#8578=AXIS2_PLACEMENT_3D('',#12750,#9834,#9835);
#8579=AXIS2_PLACEMENT_3D('',#12751,#9836,#9837);
#8580=AXIS2_PLACEMENT_3D('',#12753,#9838,#9839);
#8581=AXIS2_PLACEMENT_3D('',#12755,#9841,#9842);
#8582=AXIS2_PLACEMENT_3D('',#12758,#9844,#9845);
#8583=AXIS2_PLACEMENT_3D('',#12759,#9846,#9847);
#8584=AXIS2_PLACEMENT_3D('',#12762,#9849,#9850);
#8585=AXIS2_PLACEMENT_3D('',#12763,#9851,#9852);
#8586=AXIS2_PLACEMENT_3D('',#12764,#9853,#9854);
#8587=AXIS2_PLACEMENT_3D('',#12765,#9855,#9856);
#8588=AXIS2_PLACEMENT_3D('',#12768,#9858,#9859);
#8589=AXIS2_PLACEMENT_3D('',#12769,#9860,#9861);
#8590=AXIS2_PLACEMENT_3D('',#12771,#9862,#9863);
#8591=AXIS2_PLACEMENT_3D('',#12774,#9865,#9866);
#8592=AXIS2_PLACEMENT_3D('',#12775,#9867,#9868);
#8593=AXIS2_PLACEMENT_3D('',#12777,#9869,#9870);
#8594=AXIS2_PLACEMENT_3D('',#12780,#9872,#9873);
#8595=AXIS2_PLACEMENT_3D('',#12781,#9874,#9875);
#8596=AXIS2_PLACEMENT_3D('',#12783,#9876,#9877);
#8597=AXIS2_PLACEMENT_3D('',#12785,#9879,#9880);
#8598=AXIS2_PLACEMENT_3D('',#12787,#9882,#9883);
#8599=AXIS2_PLACEMENT_3D('',#12790,#9885,#9886);
#8600=AXIS2_PLACEMENT_3D('',#12791,#9887,#9888);
#8601=AXIS2_PLACEMENT_3D('',#12794,#9889,#9890);
#8602=AXIS2_PLACEMENT_3D('',#12798,#9892,#9893);
#8603=AXIS2_PLACEMENT_3D('',#12800,#9895,#9896);
#8604=AXIS2_PLACEMENT_3D('',#12802,#9897,#9898);
#8605=AXIS2_PLACEMENT_3D('',#12804,#9899,#9900);
#8606=AXIS2_PLACEMENT_3D('',#12806,#9901,#9902);
#8607=AXIS2_PLACEMENT_3D('',#12807,#9903,#9904);
#8608=AXIS2_PLACEMENT_3D('',#12808,#9905,#9906);
#8609=AXIS2_PLACEMENT_3D('',#12809,#9907,#9908);
#8610=AXIS2_PLACEMENT_3D('',#12810,#9909,#9910);
#8611=AXIS2_PLACEMENT_3D('',#12812,#9911,#9912);
#8612=AXIS2_PLACEMENT_3D('',#12816,#9914,#9915);
#8613=AXIS2_PLACEMENT_3D('',#12818,#9917,#9918);
#8614=AXIS2_PLACEMENT_3D('',#12819,#9919,#9920);
#8615=AXIS2_PLACEMENT_3D('',#12846,#9921,#9922);
#8616=AXIS2_PLACEMENT_3D('',#12851,#9923,#9924);
#8617=AXIS2_PLACEMENT_3D('',#12857,#9925,#9926);
#8618=AXIS2_PLACEMENT_3D('',#12883,#9927,#9928);
#8619=AXIS2_PLACEMENT_3D('',#12884,#9929,#9930);
#8620=AXIS2_PLACEMENT_3D('',#12888,#9933,#9934);
#8621=AXIS2_PLACEMENT_3D('',#12891,#9935,#9936);
#8622=AXIS2_PLACEMENT_3D('',#12895,#9938,#9939);
#8623=AXIS2_PLACEMENT_3D('',#12897,#9941,#9942);
#8624=AXIS2_PLACEMENT_3D('',#12899,#9943,#9944);
#8625=AXIS2_PLACEMENT_3D('',#12901,#9945,#9946);
#8626=AXIS2_PLACEMENT_3D('',#12903,#9947,#9948);
#8627=AXIS2_PLACEMENT_3D('',#12904,#9949,#9950);
#8628=AXIS2_PLACEMENT_3D('',#12905,#9951,#9952);
#8629=AXIS2_PLACEMENT_3D('',#12906,#9953,#9954);
#8630=AXIS2_PLACEMENT_3D('',#12907,#9955,#9956);
#8631=AXIS2_PLACEMENT_3D('',#12909,#9957,#9958);
#8632=AXIS2_PLACEMENT_3D('',#12913,#9960,#9961);
#8633=AXIS2_PLACEMENT_3D('',#12915,#9963,#9964);
#8634=AXIS2_PLACEMENT_3D('',#12916,#9965,#9966);
#8635=AXIS2_PLACEMENT_3D('',#12917,#9967,#9968);
#8636=AXIS2_PLACEMENT_3D('',#12951,#9971,#9972);
#8637=AXIS2_PLACEMENT_3D('',#12952,#9973,#9974);
#8638=AXIS2_PLACEMENT_3D('',#12958,#9975,#9976);
#8639=AXIS2_PLACEMENT_3D('',#12984,#9977,#9978);
#8640=AXIS2_PLACEMENT_3D('',#12985,#9979,#9980);
#8641=AXIS2_PLACEMENT_3D('',#12989,#9983,#9984);
#8642=AXIS2_PLACEMENT_3D('',#12992,#9985,#9986);
#8643=AXIS2_PLACEMENT_3D('',#12996,#9988,#9989);
#8644=AXIS2_PLACEMENT_3D('',#12998,#9991,#9992);
#8645=AXIS2_PLACEMENT_3D('',#13000,#9993,#9994);
#8646=AXIS2_PLACEMENT_3D('',#13002,#9995,#9996);
#8647=AXIS2_PLACEMENT_3D('',#13004,#9997,#9998);
#8648=AXIS2_PLACEMENT_3D('',#13005,#9999,#10000);
#8649=AXIS2_PLACEMENT_3D('',#13006,#10001,#10002);
#8650=AXIS2_PLACEMENT_3D('',#13007,#10003,#10004);
#8651=AXIS2_PLACEMENT_3D('',#13008,#10005,#10006);
#8652=AXIS2_PLACEMENT_3D('',#13010,#10007,#10008);
#8653=AXIS2_PLACEMENT_3D('',#13014,#10010,#10011);
#8654=AXIS2_PLACEMENT_3D('',#13016,#10013,#10014);
#8655=AXIS2_PLACEMENT_3D('',#13017,#10015,#10016);
#8656=AXIS2_PLACEMENT_3D('',#13018,#10017,#10018);
#8657=AXIS2_PLACEMENT_3D('',#13052,#10021,#10022);
#8658=AXIS2_PLACEMENT_3D('',#13053,#10023,#10024);
#8659=AXIS2_PLACEMENT_3D('',#13059,#10025,#10026);
#8660=AXIS2_PLACEMENT_3D('',#13085,#10027,#10028);
#8661=AXIS2_PLACEMENT_3D('',#13086,#10029,#10030);
#8662=AXIS2_PLACEMENT_3D('',#13090,#10033,#10034);
#8663=AXIS2_PLACEMENT_3D('',#13093,#10035,#10036);
#8664=AXIS2_PLACEMENT_3D('',#13097,#10038,#10039);
#8665=AXIS2_PLACEMENT_3D('',#13099,#10041,#10042);
#8666=AXIS2_PLACEMENT_3D('',#13101,#10043,#10044);
#8667=AXIS2_PLACEMENT_3D('',#13103,#10045,#10046);
#8668=AXIS2_PLACEMENT_3D('',#13105,#10047,#10048);
#8669=AXIS2_PLACEMENT_3D('',#13106,#10049,#10050);
#8670=AXIS2_PLACEMENT_3D('',#13107,#10051,#10052);
#8671=AXIS2_PLACEMENT_3D('',#13108,#10053,#10054);
#8672=AXIS2_PLACEMENT_3D('',#13109,#10055,#10056);
#8673=AXIS2_PLACEMENT_3D('',#13111,#10057,#10058);
#8674=AXIS2_PLACEMENT_3D('',#13115,#10060,#10061);
#8675=AXIS2_PLACEMENT_3D('',#13117,#10063,#10064);
#8676=AXIS2_PLACEMENT_3D('',#13118,#10065,#10066);
#8677=AXIS2_PLACEMENT_3D('',#13119,#10067,#10068);
#8678=AXIS2_PLACEMENT_3D('',#13153,#10071,#10072);
#8679=AXIS2_PLACEMENT_3D('',#13154,#10073,#10074);
#8680=AXIS2_PLACEMENT_3D('',#13160,#10075,#10076);
#8681=AXIS2_PLACEMENT_3D('',#13186,#10077,#10078);
#8682=AXIS2_PLACEMENT_3D('',#13187,#10079,#10080);
#8683=AXIS2_PLACEMENT_3D('',#13189,#10081,#10082);
#8684=AXIS2_PLACEMENT_3D('',#13193,#10084,#10085);
#8685=AXIS2_PLACEMENT_3D('',#13195,#10087,#10088);
#8686=AXIS2_PLACEMENT_3D('',#13196,#10089,#10090);
#8687=AXIS2_PLACEMENT_3D('',#13197,#10091,#10092);
#8688=AXIS2_PLACEMENT_3D('',#13199,#10093,#10094);
#8689=AXIS2_PLACEMENT_3D('',#13200,#10095,#10096);
#8690=AXIS2_PLACEMENT_3D('',#13201,#10097,#10098);
#8691=AXIS2_PLACEMENT_3D('',#13203,#10099,#10100);
#8692=AXIS2_PLACEMENT_3D('',#13205,#10102,#10103);
#8693=AXIS2_PLACEMENT_3D('',#13206,#10104,#10105);
#8694=AXIS2_PLACEMENT_3D('',#13207,#10106,#10107);
#8695=AXIS2_PLACEMENT_3D('',#13208,#10108,#10109);
#8696=AXIS2_PLACEMENT_3D('',#13209,#10110,#10111);
#8697=AXIS2_PLACEMENT_3D('',#13211,#10112,#10113);
#8698=AXIS2_PLACEMENT_3D('',#13213,#10114,#10115);
#8699=AXIS2_PLACEMENT_3D('',#13215,#10117,#10118);
#8700=AXIS2_PLACEMENT_3D('',#13216,#10119,#10120);
#8701=AXIS2_PLACEMENT_3D('',#13217,#10121,#10122);
#8702=AXIS2_PLACEMENT_3D('',#13219,#10123,#10124);
#8703=AXIS2_PLACEMENT_3D('',#13220,#10125,#10126);
#8704=AXIS2_PLACEMENT_3D('',#13221,#10127,#10128);
#8705=AXIS2_PLACEMENT_3D('',#13223,#10129,#10130);
#8706=AXIS2_PLACEMENT_3D('',#13225,#10132,#10133);
#8707=AXIS2_PLACEMENT_3D('',#13227,#10134,#10135);
#8708=AXIS2_PLACEMENT_3D('',#13229,#10136,#10137);
#8709=AXIS2_PLACEMENT_3D('',#13231,#10139,#10140);
#8710=AXIS2_PLACEMENT_3D('',#13232,#10141,#10142);
#8711=AXIS2_PLACEMENT_3D('',#13233,#10143,#10144);
#8712=AXIS2_PLACEMENT_3D('',#13235,#10145,#10146);
#8713=AXIS2_PLACEMENT_3D('',#13236,#10147,#10148);
#8714=AXIS2_PLACEMENT_3D('',#13237,#10149,#10150);
#8715=AXIS2_PLACEMENT_3D('',#13239,#10151,#10152);
#8716=AXIS2_PLACEMENT_3D('',#13241,#10154,#10155);
#8717=AXIS2_PLACEMENT_3D('',#13242,#10156,#10157);
#8718=AXIS2_PLACEMENT_3D('',#13243,#10158,#10159);
#8719=AXIS2_PLACEMENT_3D('',#13244,#10160,#10161);
#8720=AXIS2_PLACEMENT_3D('',#13245,#10162,#10163);
#8721=AXIS2_PLACEMENT_3D('',#13246,#10164,#10165);
#8722=AXIS2_PLACEMENT_3D('',#13247,#10166,#10167);
#8723=AXIS2_PLACEMENT_3D('',#13248,#10168,#10169);
#8724=AXIS2_PLACEMENT_3D('',#13249,#10170,#10171);
#8725=AXIS2_PLACEMENT_3D('',#13251,#10172,#10173);
#8726=AXIS2_PLACEMENT_3D('',#13255,#10175,#10176);
#8727=AXIS2_PLACEMENT_3D('',#13257,#10178,#10179);
#8728=AXIS2_PLACEMENT_3D('',#13258,#10180,#10181);
#8729=AXIS2_PLACEMENT_3D('',#13259,#10182,#10183);
#8730=AXIS2_PLACEMENT_3D('',#13261,#10184,#10185);
#8731=AXIS2_PLACEMENT_3D('',#13263,#10186,#10187);
#8732=AXIS2_PLACEMENT_3D('',#13265,#10189,#10190);
#8733=AXIS2_PLACEMENT_3D('',#13266,#10191,#10192);
#8734=AXIS2_PLACEMENT_3D('',#13267,#10193,#10194);
#8735=AXIS2_PLACEMENT_3D('',#13268,#10195,#10196);
#8736=AXIS2_PLACEMENT_3D('',#13269,#10197,#10198);
#8737=AXIS2_PLACEMENT_3D('',#13270,#10199,#10200);
#8738=AXIS2_PLACEMENT_3D('',#13271,#10201,#10202);
#8739=AXIS2_PLACEMENT_3D('',#13274,#10203,#10204);
#8740=AXIS2_PLACEMENT_3D('',#13278,#10206,#10207);
#8741=AXIS2_PLACEMENT_3D('',#13280,#10208,#10209);
#8742=AXIS2_PLACEMENT_3D('',#13282,#10210,#10211);
#8743=AXIS2_PLACEMENT_3D('',#13286,#10213,#10214);
#8744=AXIS2_PLACEMENT_3D('',#13287,#10215,#10216);
#8745=AXIS2_PLACEMENT_3D('',#13288,#10217,#10218);
#8746=AXIS2_PLACEMENT_3D('',#13291,#10219,#10220);
#8747=AXIS2_PLACEMENT_3D('',#13293,#10221,#10222);
#8748=AXIS2_PLACEMENT_3D('',#13297,#10224,#10225);
#8749=AXIS2_PLACEMENT_3D('',#13299,#10226,#10227);
#8750=AXIS2_PLACEMENT_3D('',#13301,#10228,#10229);
#8751=AXIS2_PLACEMENT_3D('',#13304,#10231,#10232);
#8752=AXIS2_PLACEMENT_3D('',#13305,#10233,#10234);
#8753=AXIS2_PLACEMENT_3D('',#13306,#10235,#10236);
#8754=AXIS2_PLACEMENT_3D('',#13310,#10238,#10239);
#8755=AXIS2_PLACEMENT_3D('',#13312,#10241,#10242);
#8756=AXIS2_PLACEMENT_3D('',#13315,#10244,#10245);
#8757=AXIS2_PLACEMENT_3D('',#13316,#10246,#10247);
#8758=AXIS2_PLACEMENT_3D('',#13320,#10250,#10251);
#8759=AXIS2_PLACEMENT_3D('',#13323,#10253,#10254);
#8760=AXIS2_PLACEMENT_3D('',#13324,#10255,#10256);
#8761=AXIS2_PLACEMENT_3D('',#13328,#10258,#10259);
#8762=AXIS2_PLACEMENT_3D('',#13330,#10261,#10262);
#8763=AXIS2_PLACEMENT_3D('',#13333,#10264,#10265);
#8764=AXIS2_PLACEMENT_3D('',#13334,#10266,#10267);
#8765=AXIS2_PLACEMENT_3D('',#13337,#10269,#10270);
#8766=AXIS2_PLACEMENT_3D('',#13338,#10271,#10272);
#8767=AXIS2_PLACEMENT_3D('',#13342,#10275,#10276);
#8768=AXIS2_PLACEMENT_3D('',#13345,#10278,#10279);
#8769=AXIS2_PLACEMENT_3D('',#13346,#10280,#10281);
#8770=AXIS2_PLACEMENT_3D('',#13349,#10283,#10284);
#8771=AXIS2_PLACEMENT_3D('',#13350,#10285,#10286);
#8772=AXIS2_PLACEMENT_3D('',#13354,#10289,#10290);
#8773=AXIS2_PLACEMENT_3D('',#13355,#10291,#10292);
#8774=AXIS2_PLACEMENT_3D('',#13356,#10293,#10294);
#8775=AXIS2_PLACEMENT_3D('',#13359,#10296,#10297);
#8776=AXIS2_PLACEMENT_3D('',#13360,#10298,#10299);
#8777=AXIS2_PLACEMENT_3D('',#13363,#10301,#10302);
#8778=AXIS2_PLACEMENT_3D('',#13364,#10303,#10304);
#8779=AXIS2_PLACEMENT_3D('',#13367,#10306,#10307);
#8780=AXIS2_PLACEMENT_3D('',#13368,#10308,#10309);
#8781=AXIS2_PLACEMENT_3D('',#13370,#10311,#10312);
#8782=AXIS2_PLACEMENT_3D('',#13379,#10317,#10318);
#8783=AXIS2_PLACEMENT_3D('',#13381,#10319,#10320);
#8784=AXIS2_PLACEMENT_3D('',#13384,#10322,#10323);
#8785=AXIS2_PLACEMENT_3D('',#13418,#10325,#10326);
#8786=AXIS2_PLACEMENT_3D('',#13424,#10327,#10328);
#8787=AXIS2_PLACEMENT_3D('',#13425,#10329,#10330);
#8788=AXIS2_PLACEMENT_3D('',#13429,#10332,#10333);
#8789=AXIS2_PLACEMENT_3D('',#13433,#10335,#10336);
#8790=AXIS2_PLACEMENT_3D('',#13437,#10338,#10339);
#8791=AXIS2_PLACEMENT_3D('',#13439,#10341,#10342);
#8792=AXIS2_PLACEMENT_3D('',#13443,#10345,#10346);
#8793=AXIS2_PLACEMENT_3D('',#13448,#10348,#10349);
#8794=AXIS2_PLACEMENT_3D('',#13451,#10351,#10352);
#8795=AXIS2_PLACEMENT_3D('',#13452,#10353,#10354);
#8796=AXIS2_PLACEMENT_3D('',#13458,#10358,#10359);
#8797=AXIS2_PLACEMENT_3D('',#13459,#10360,#10361);
#8798=AXIS2_PLACEMENT_3D('',#13460,#10362,#10363);
#8799=AXIS2_PLACEMENT_3D('',#13494,#10365,#10366);
#8800=AXIS2_PLACEMENT_3D('',#13500,#10367,#10368);
#8801=AXIS2_PLACEMENT_3D('',#13501,#10369,#10370);
#8802=AXIS2_PLACEMENT_3D('',#13507,#10374,#10375);
#8803=AXIS2_PLACEMENT_3D('',#13509,#10376,#10377);
#8804=AXIS2_PLACEMENT_3D('',#13513,#10379,#10380);
#8805=AXIS2_PLACEMENT_3D('',#13517,#10382,#10383);
#8806=AXIS2_PLACEMENT_3D('',#13519,#10385,#10386);
#8807=AXIS2_PLACEMENT_3D('',#13521,#10387,#10388);
#8808=AXIS2_PLACEMENT_3D('',#13522,#10389,#10390);
#8809=AXIS2_PLACEMENT_3D('',#13523,#10391,#10392);
#8810=AXIS2_PLACEMENT_3D('',#13532,#10397,#10398);
#8811=AXIS2_PLACEMENT_3D('',#13536,#10400,#10401);
#8812=AXIS2_PLACEMENT_3D('',#13537,#10402,#10403);
#8813=AXIS2_PLACEMENT_3D('',#13538,#10404,#10405);
#8814=AXIS2_PLACEMENT_3D('',#13540,#10406,#10407);
#8815=AXIS2_PLACEMENT_3D('',#13543,#10409,#10410);
#8816=AXIS2_PLACEMENT_3D('',#13544,#10411,#10412);
#8817=AXIS2_PLACEMENT_3D('',#13548,#10414,#10415);
#8818=AXIS2_PLACEMENT_3D('',#13549,#10416,#10417);
#8819=AXIS2_PLACEMENT_3D('',#13550,#10418,#10419);
#8820=AXIS2_PLACEMENT_3D('',#13585,#10424,#10425);
#8821=AXIS2_PLACEMENT_3D('',#13619,#10427,#10428);
#8822=AXIS2_PLACEMENT_3D('',#13624,#10429,#10430);
#8823=AXIS2_PLACEMENT_3D('',#13628,#10433,#10434);
#8824=AXIS2_PLACEMENT_3D('',#13630,#10435,#10436);
#8825=AXIS2_PLACEMENT_3D('',#13632,#10438,#10439);
#8826=AXIS2_PLACEMENT_3D('',#13634,#10440,#10441);
#8827=AXIS2_PLACEMENT_3D('',#13636,#10443,#10444);
#8828=AXIS2_PLACEMENT_3D('',#13638,#10445,#10446);
#8829=AXIS2_PLACEMENT_3D('',#13640,#10448,#10449);
#8830=AXIS2_PLACEMENT_3D('',#13645,#10452,#10453);
#8831=AXIS2_PLACEMENT_3D('',#13646,#10454,#10455);
#8832=AXIS2_PLACEMENT_3D('',#13648,#10456,#10457);
#8833=AXIS2_PLACEMENT_3D('',#13651,#10459,#10460);
#8834=AXIS2_PLACEMENT_3D('',#13652,#10461,#10462);
#8835=AXIS2_PLACEMENT_3D('',#13654,#10463,#10464);
#8836=AXIS2_PLACEMENT_3D('',#13657,#10466,#10467);
#8837=AXIS2_PLACEMENT_3D('',#13658,#10468,#10469);
#8838=AXIS2_PLACEMENT_3D('',#13662,#10471,#10472);
#8839=AXIS2_PLACEMENT_3D('',#13663,#10473,#10474);
#8840=AXIS2_PLACEMENT_3D('',#13664,#10475,#10476);
#8841=AXIS2_PLACEMENT_3D('',#13665,#10477,#10478);
#8842=AXIS2_PLACEMENT_3D('',#13666,#10479,#10480);
#8843=AXIS2_PLACEMENT_3D('',#13667,#10481,#10482);
#8844=AXIS2_PLACEMENT_3D('',#13670,#10484,#10485);
#8845=AXIS2_PLACEMENT_3D('',#13671,#10486,#10487);
#8846=AXIS2_PLACEMENT_3D('',#13672,#10488,#10489);
#8847=AXIS2_PLACEMENT_3D('',#13675,#10491,#10492);
#8848=AXIS2_PLACEMENT_3D('',#13676,#10493,#10494);
#8849=AXIS2_PLACEMENT_3D('',#13678,#10495,#10496);
#8850=AXIS2_PLACEMENT_3D('',#13681,#10498,#10499);
#8851=AXIS2_PLACEMENT_3D('',#13682,#10500,#10501);
#8852=AXIS2_PLACEMENT_3D('',#13684,#10503,#10504);
#8853=AXIS2_PLACEMENT_3D('',#13685,#10505,#10506);
#8854=AXIS2_PLACEMENT_3D('',#13687,#10507,#10508);
#8855=AXIS2_PLACEMENT_3D('',#13689,#10510,#10511);
#8856=AXIS2_PLACEMENT_3D('',#13691,#10512,#10513);
#8857=AXIS2_PLACEMENT_3D('',#13693,#10515,#10516);
#8858=AXIS2_PLACEMENT_3D('',#13694,#10517,#10518);
#8859=AXIS2_PLACEMENT_3D('',#13695,#10519,#10520);
#8860=AXIS2_PLACEMENT_3D('',#13697,#10521,#10522);
#8861=AXIS2_PLACEMENT_3D('',#13699,#10524,#10525);
#8862=AXIS2_PLACEMENT_3D('',#13701,#10526,#10527);
#8863=AXIS2_PLACEMENT_3D('',#13704,#10529,#10530);
#8864=AXIS2_PLACEMENT_3D('',#13705,#10531,#10532);
#8865=AXIS2_PLACEMENT_3D('',#13707,#10533,#10534);
#8866=AXIS2_PLACEMENT_3D('',#13710,#10536,#10537);
#8867=AXIS2_PLACEMENT_3D('',#13711,#10538,#10539);
#8868=AXIS2_PLACEMENT_3D('',#13714,#10541,#10542);
#8869=AXIS2_PLACEMENT_3D('',#13715,#10543,#10544);
#8870=AXIS2_PLACEMENT_3D('',#13717,#10546,#10547);
#8871=AXIS2_PLACEMENT_3D('',#13719,#10548,#10549);
#8872=AXIS2_PLACEMENT_3D('',#13721,#10551,#10552);
#8873=AXIS2_PLACEMENT_3D('',#13724,#10553,#10554);
#8874=AXIS2_PLACEMENT_3D('',#13728,#10556,#10557);
#8875=AXIS2_PLACEMENT_3D('',#13730,#10559,#10560);
#8876=AXIS2_PLACEMENT_3D('',#13732,#10561,#10562);
#8877=AXIS2_PLACEMENT_3D('',#13734,#10563,#10564);
#8878=AXIS2_PLACEMENT_3D('',#13736,#10565,#10566);
#8879=AXIS2_PLACEMENT_3D('',#13737,#10567,#10568);
#8880=AXIS2_PLACEMENT_3D('',#13738,#10569,#10570);
#8881=AXIS2_PLACEMENT_3D('',#13739,#10571,#10572);
#8882=AXIS2_PLACEMENT_3D('',#13740,#10573,#10574);
#8883=AXIS2_PLACEMENT_3D('',#13742,#10575,#10576);
#8884=AXIS2_PLACEMENT_3D('',#13746,#10578,#10579);
#8885=AXIS2_PLACEMENT_3D('',#13748,#10581,#10582);
#8886=AXIS2_PLACEMENT_3D('',#13749,#10583,#10584);
#8887=AXIS2_PLACEMENT_3D('',#13750,#10585,#10586);
#8888=AXIS2_PLACEMENT_3D('',#13780,#10589,#10590);
#8889=AXIS2_PLACEMENT_3D('',#13785,#10591,#10592);
#8890=AXIS2_PLACEMENT_3D('',#13787,#10593,#10594);
#8891=AXIS2_PLACEMENT_3D('',#13813,#10595,#10596);
#8892=AXIS2_PLACEMENT_3D('',#13818,#10597,#10598);
#8893=AXIS2_PLACEMENT_3D('',#13822,#10601,#10602);
#8894=AXIS2_PLACEMENT_3D('',#13825,#10603,#10604);
#8895=AXIS2_PLACEMENT_3D('',#13829,#10606,#10607);
#8896=AXIS2_PLACEMENT_3D('',#13831,#10609,#10610);
#8897=AXIS2_PLACEMENT_3D('',#13833,#10611,#10612);
#8898=AXIS2_PLACEMENT_3D('',#13835,#10613,#10614);
#8899=AXIS2_PLACEMENT_3D('',#13837,#10615,#10616);
#8900=AXIS2_PLACEMENT_3D('',#13838,#10617,#10618);
#8901=AXIS2_PLACEMENT_3D('',#13839,#10619,#10620);
#8902=AXIS2_PLACEMENT_3D('',#13840,#10621,#10622);
#8903=AXIS2_PLACEMENT_3D('',#13841,#10623,#10624);
#8904=AXIS2_PLACEMENT_3D('',#13843,#10625,#10626);
#8905=AXIS2_PLACEMENT_3D('',#13847,#10628,#10629);
#8906=AXIS2_PLACEMENT_3D('',#13849,#10631,#10632);
#8907=AXIS2_PLACEMENT_3D('',#13850,#10633,#10634);
#8908=AXIS2_PLACEMENT_3D('',#13851,#10635,#10636);
#8909=AXIS2_PLACEMENT_3D('',#13881,#10639,#10640);
#8910=AXIS2_PLACEMENT_3D('',#13886,#10641,#10642);
#8911=AXIS2_PLACEMENT_3D('',#13888,#10643,#10644);
#8912=AXIS2_PLACEMENT_3D('',#13914,#10645,#10646);
#8913=AXIS2_PLACEMENT_3D('',#13919,#10647,#10648);
#8914=AXIS2_PLACEMENT_3D('',#13923,#10651,#10652);
#8915=AXIS2_PLACEMENT_3D('',#13926,#10653,#10654);
#8916=AXIS2_PLACEMENT_3D('',#13930,#10656,#10657);
#8917=AXIS2_PLACEMENT_3D('',#13932,#10659,#10660);
#8918=AXIS2_PLACEMENT_3D('',#13934,#10661,#10662);
#8919=AXIS2_PLACEMENT_3D('',#13936,#10663,#10664);
#8920=AXIS2_PLACEMENT_3D('',#13938,#10665,#10666);
#8921=AXIS2_PLACEMENT_3D('',#13939,#10667,#10668);
#8922=AXIS2_PLACEMENT_3D('',#13940,#10669,#10670);
#8923=AXIS2_PLACEMENT_3D('',#13941,#10671,#10672);
#8924=AXIS2_PLACEMENT_3D('',#13942,#10673,#10674);
#8925=AXIS2_PLACEMENT_3D('',#13944,#10675,#10676);
#8926=AXIS2_PLACEMENT_3D('',#13948,#10678,#10679);
#8927=AXIS2_PLACEMENT_3D('',#13950,#10681,#10682);
#8928=AXIS2_PLACEMENT_3D('',#13951,#10683,#10684);
#8929=AXIS2_PLACEMENT_3D('',#13952,#10685,#10686);
#8930=AXIS2_PLACEMENT_3D('',#13982,#10689,#10690);
#8931=AXIS2_PLACEMENT_3D('',#13987,#10691,#10692);
#8932=AXIS2_PLACEMENT_3D('',#13989,#10693,#10694);
#8933=AXIS2_PLACEMENT_3D('',#14015,#10695,#10696);
#8934=AXIS2_PLACEMENT_3D('',#14020,#10697,#10698);
#8935=AXIS2_PLACEMENT_3D('',#14024,#10701,#10702);
#8936=AXIS2_PLACEMENT_3D('',#14027,#10703,#10704);
#8937=AXIS2_PLACEMENT_3D('',#14031,#10706,#10707);
#8938=AXIS2_PLACEMENT_3D('',#14033,#10709,#10710);
#8939=AXIS2_PLACEMENT_3D('',#14035,#10711,#10712);
#8940=AXIS2_PLACEMENT_3D('',#14037,#10713,#10714);
#8941=AXIS2_PLACEMENT_3D('',#14039,#10715,#10716);
#8942=AXIS2_PLACEMENT_3D('',#14040,#10717,#10718);
#8943=AXIS2_PLACEMENT_3D('',#14041,#10719,#10720);
#8944=AXIS2_PLACEMENT_3D('',#14042,#10721,#10722);
#8945=AXIS2_PLACEMENT_3D('',#14043,#10723,#10724);
#8946=AXIS2_PLACEMENT_3D('',#14045,#10725,#10726);
#8947=AXIS2_PLACEMENT_3D('',#14049,#10728,#10729);
#8948=AXIS2_PLACEMENT_3D('',#14051,#10731,#10732);
#8949=AXIS2_PLACEMENT_3D('',#14052,#10733,#10734);
#8950=AXIS2_PLACEMENT_3D('',#14053,#10735,#10736);
#8951=AXIS2_PLACEMENT_3D('',#14083,#10739,#10740);
#8952=AXIS2_PLACEMENT_3D('',#14088,#10741,#10742);
#8953=AXIS2_PLACEMENT_3D('',#14090,#10743,#10744);
#8954=AXIS2_PLACEMENT_3D('',#14116,#10745,#10746);
#8955=AXIS2_PLACEMENT_3D('',#14121,#10747,#10748);
#8956=AXIS2_PLACEMENT_3D('',#14123,#10749,#10750);
#8957=AXIS2_PLACEMENT_3D('',#14127,#10752,#10753);
#8958=AXIS2_PLACEMENT_3D('',#14129,#10755,#10756);
#8959=AXIS2_PLACEMENT_3D('',#14130,#10757,#10758);
#8960=AXIS2_PLACEMENT_3D('',#14131,#10759,#10760);
#8961=AXIS2_PLACEMENT_3D('',#14133,#10761,#10762);
#8962=AXIS2_PLACEMENT_3D('',#14134,#10763,#10764);
#8963=AXIS2_PLACEMENT_3D('',#14135,#10765,#10766);
#8964=AXIS2_PLACEMENT_3D('',#14138,#10768,#10769);
#8965=AXIS2_PLACEMENT_3D('',#14139,#10770,#10771);
#8966=AXIS2_PLACEMENT_3D('',#14140,#10772,#10773);
#8967=AXIS2_PLACEMENT_3D('',#14141,#10774,#10775);
#8968=AXIS2_PLACEMENT_3D('',#14142,#10776,#10777);
#8969=AXIS2_PLACEMENT_3D('',#14143,#10778,#10779);
#8970=AXIS2_PLACEMENT_3D('',#14145,#10780,#10781);
#8971=AXIS2_PLACEMENT_3D('',#14148,#10783,#10784);
#8972=AXIS2_PLACEMENT_3D('',#14149,#10785,#10786);
#8973=AXIS2_PLACEMENT_3D('',#14150,#10787,#10788);
#8974=AXIS2_PLACEMENT_3D('',#14151,#10789,#10790);
#8975=AXIS2_PLACEMENT_3D('',#14153,#10791,#10792);
#8976=AXIS2_PLACEMENT_3D('',#14154,#10793,#10794);
#8977=AXIS2_PLACEMENT_3D('',#14155,#10795,#10796);
#8978=AXIS2_PLACEMENT_3D('',#14158,#10798,#10799);
#8979=AXIS2_PLACEMENT_3D('',#14159,#10800,#10801);
#8980=AXIS2_PLACEMENT_3D('',#14161,#10802,#10803);
#8981=AXIS2_PLACEMENT_3D('',#14164,#10805,#10806);
#8982=AXIS2_PLACEMENT_3D('',#14165,#10807,#10808);
#8983=AXIS2_PLACEMENT_3D('',#14166,#10809,#10810);
#8984=AXIS2_PLACEMENT_3D('',#14167,#10811,#10812);
#8985=AXIS2_PLACEMENT_3D('',#14169,#10813,#10814);
#8986=AXIS2_PLACEMENT_3D('',#14170,#10815,#10816);
#8987=AXIS2_PLACEMENT_3D('',#14171,#10817,#10818);
#8988=AXIS2_PLACEMENT_3D('',#14174,#10820,#10821);
#8989=AXIS2_PLACEMENT_3D('',#14175,#10822,#10823);
#8990=AXIS2_PLACEMENT_3D('',#14176,#10824,#10825);
#8991=AXIS2_PLACEMENT_3D('',#14177,#10826,#10827);
#8992=AXIS2_PLACEMENT_3D('',#14178,#10828,#10829);
#8993=AXIS2_PLACEMENT_3D('',#14179,#10830,#10831);
#8994=AXIS2_PLACEMENT_3D('',#14180,#10832,#10833);
#8995=AXIS2_PLACEMENT_3D('',#14181,#10834,#10835);
#8996=AXIS2_PLACEMENT_3D('',#14182,#10836,#10837);
#8997=AXIS2_PLACEMENT_3D('',#14183,#10838,#10839);
#8998=AXIS2_PLACEMENT_3D('',#14185,#10840,#10841);
#8999=AXIS2_PLACEMENT_3D('',#14187,#10842,#10843);
#9000=AXIS2_PLACEMENT_3D('',#14189,#10845,#10846);
#9001=AXIS2_PLACEMENT_3D('',#14190,#10847,#10848);
#9002=AXIS2_PLACEMENT_3D('',#14191,#10849,#10850);
#9003=AXIS2_PLACEMENT_3D('',#14193,#10851,#10852);
#9004=AXIS2_PLACEMENT_3D('',#14196,#10854,#10855);
#9005=AXIS2_PLACEMENT_3D('',#14197,#10856,#10857);
#9006=AXIS2_PLACEMENT_3D('',#14198,#10858,#10859);
#9007=AXIS2_PLACEMENT_3D('',#14199,#10860,#10861);
#9008=AXIS2_PLACEMENT_3D('',#14200,#10862,#10863);
#9009=AXIS2_PLACEMENT_3D('',#14201,#10864,#10865);
#9010=AXIS2_PLACEMENT_3D('',#14202,#10866,#10867);
#9011=AXIS2_PLACEMENT_3D('',#14203,#10868,#10869);
#9012=AXIS2_PLACEMENT_3D('',#14205,#10871,#10872);
#9013=AXIS2_PLACEMENT_3D('',#14208,#10873,#10874);
#9014=AXIS2_PLACEMENT_3D('',#14210,#10875,#10876);
#9015=AXIS2_PLACEMENT_3D('',#14212,#10877,#10878);
#9016=AXIS2_PLACEMENT_3D('',#14216,#10880,#10881);
#9017=AXIS2_PLACEMENT_3D('',#14218,#10882,#10883);
#9018=AXIS2_PLACEMENT_3D('',#14220,#10884,#10885);
#9019=AXIS2_PLACEMENT_3D('',#14222,#10887,#10888);
#9020=AXIS2_PLACEMENT_3D('',#14225,#10889,#10890);
#9021=AXIS2_PLACEMENT_3D('',#14227,#10891,#10892);
#9022=AXIS2_PLACEMENT_3D('',#14231,#10894,#10895);
#9023=AXIS2_PLACEMENT_3D('',#14233,#10896,#10897);
#9024=AXIS2_PLACEMENT_3D('',#14235,#10898,#10899);
#9025=AXIS2_PLACEMENT_3D('',#14238,#10901,#10902);
#9026=AXIS2_PLACEMENT_3D('',#14239,#10903,#10904);
#9027=AXIS2_PLACEMENT_3D('',#14240,#10905,#10906);
#9028=AXIS2_PLACEMENT_3D('',#14241,#10907,#10908);
#9029=AXIS2_PLACEMENT_3D('',#14242,#10909,#10910);
#9030=AXIS2_PLACEMENT_3D('',#14246,#10912,#10913);
#9031=AXIS2_PLACEMENT_3D('',#14248,#10915,#10916);
#9032=AXIS2_PLACEMENT_3D('',#14250,#10917,#10918);
#9033=AXIS2_PLACEMENT_3D('',#14252,#10920,#10921);
#9034=AXIS2_PLACEMENT_3D('',#14256,#10924,#10925);
#9035=AXIS2_PLACEMENT_3D('',#14258,#10926,#10927);
#9036=AXIS2_PLACEMENT_3D('',#14260,#10929,#10930);
#9037=AXIS2_PLACEMENT_3D('',#14264,#10932,#10933);
#9038=AXIS2_PLACEMENT_3D('',#14266,#10935,#10936);
#9039=AXIS2_PLACEMENT_3D('',#14268,#10937,#10938);
#9040=AXIS2_PLACEMENT_3D('',#14270,#10940,#10941);
#9041=AXIS2_PLACEMENT_3D('',#14272,#10942,#10943);
#9042=AXIS2_PLACEMENT_3D('',#14274,#10945,#10946);
#9043=AXIS2_PLACEMENT_3D('',#14278,#10949,#10950);
#9044=AXIS2_PLACEMENT_3D('',#14280,#10951,#10952);
#9045=AXIS2_PLACEMENT_3D('',#14282,#10954,#10955);
#9046=AXIS2_PLACEMENT_3D('',#14284,#10956,#10957);
#9047=AXIS2_PLACEMENT_3D('',#14286,#10959,#10960);
#9048=AXIS2_PLACEMENT_3D('',#14290,#10963,#10964);
#9049=AXIS2_PLACEMENT_3D('',#14291,#10965,#10966);
#9050=AXIS2_PLACEMENT_3D('',#14292,#10967,#10968);
#9051=AXIS2_PLACEMENT_3D('',#14294,#10969,#10970);
#9052=AXIS2_PLACEMENT_3D('',#14296,#10972,#10973);
#9053=AXIS2_PLACEMENT_3D('',#14298,#10974,#10975);
#9054=AXIS2_PLACEMENT_3D('',#14300,#10977,#10978);
#9055=AXIS2_PLACEMENT_3D('',#14302,#10979,#10980);
#9056=AXIS2_PLACEMENT_3D('',#14304,#10982,#10983);
#9057=AXIS2_PLACEMENT_3D('',#14306,#10985,#10986);
#9058=AXIS2_PLACEMENT_3D('',#14308,#10988,#10989);
#9059=AXIS2_PLACEMENT_3D('',#14310,#10991,#10992);
#9060=AXIS2_PLACEMENT_3D('',#14312,#10993,#10994);
#9061=AXIS2_PLACEMENT_3D('',#14314,#10995,#10996);
#9062=AXIS2_PLACEMENT_3D('',#14318,#10998,#10999);
#9063=AXIS2_PLACEMENT_3D('',#14320,#11000,#11001);
#9064=AXIS2_PLACEMENT_3D('',#14322,#11002,#11003);
#9065=AXIS2_PLACEMENT_3D('',#14326,#11005,#11006);
#9066=AXIS2_PLACEMENT_3D('',#14328,#11007,#11008);
#9067=AXIS2_PLACEMENT_3D('',#14330,#11009,#11010);
#9068=AXIS2_PLACEMENT_3D('',#14334,#11012,#11013);
#9069=AXIS2_PLACEMENT_3D('',#14336,#11014,#11015);
#9070=AXIS2_PLACEMENT_3D('',#14338,#11016,#11017);
#9071=AXIS2_PLACEMENT_3D('',#14342,#11019,#11020);
#9072=AXIS2_PLACEMENT_3D('',#14344,#11021,#11022);
#9073=AXIS2_PLACEMENT_3D('',#14346,#11023,#11024);
#9074=AXIS2_PLACEMENT_3D('',#14350,#11026,#11027);
#9075=AXIS2_PLACEMENT_3D('',#14352,#11028,#11029);
#9076=AXIS2_PLACEMENT_3D('',#14354,#11030,#11031);
#9077=AXIS2_PLACEMENT_3D('',#14358,#11033,#11034);
#9078=AXIS2_PLACEMENT_3D('',#14360,#11035,#11036);
#9079=AXIS2_PLACEMENT_3D('',#14362,#11037,#11038);
#9080=AXIS2_PLACEMENT_3D('',#14366,#11040,#11041);
#9081=AXIS2_PLACEMENT_3D('',#14368,#11042,#11043);
#9082=AXIS2_PLACEMENT_3D('',#14370,#11044,#11045);
#9083=AXIS2_PLACEMENT_3D('',#14374,#11047,#11048);
#9084=AXIS2_PLACEMENT_3D('',#14376,#11049,#11050);
#9085=AXIS2_PLACEMENT_3D('',#14378,#11051,#11052);
#9086=AXIS2_PLACEMENT_3D('',#14382,#11054,#11055);
#9087=AXIS2_PLACEMENT_3D('',#14384,#11056,#11057);
#9088=AXIS2_PLACEMENT_3D('',#14386,#11058,#11059);
#9089=AXIS2_PLACEMENT_3D('',#14390,#11061,#11062);
#9090=AXIS2_PLACEMENT_3D('',#14392,#11063,#11064);
#9091=AXIS2_PLACEMENT_3D('',#14394,#11065,#11066);
#9092=AXIS2_PLACEMENT_3D('',#14398,#11068,#11069);
#9093=AXIS2_PLACEMENT_3D('',#14400,#11070,#11071);
#9094=AXIS2_PLACEMENT_3D('',#14402,#11072,#11073);
#9095=AXIS2_PLACEMENT_3D('',#14406,#11075,#11076);
#9096=AXIS2_PLACEMENT_3D('',#14408,#11077,#11078);
#9097=AXIS2_PLACEMENT_3D('',#14410,#11079,#11080);
#9098=AXIS2_PLACEMENT_3D('',#14414,#11082,#11083);
#9099=AXIS2_PLACEMENT_3D('',#14416,#11084,#11085);
#9100=AXIS2_PLACEMENT_3D('',#14418,#11086,#11087);
#9101=AXIS2_PLACEMENT_3D('',#14422,#11089,#11090);
#9102=AXIS2_PLACEMENT_3D('',#14424,#11091,#11092);
#9103=AXIS2_PLACEMENT_3D('',#14426,#11093,#11094);
#9104=AXIS2_PLACEMENT_3D('',#14430,#11096,#11097);
#9105=AXIS2_PLACEMENT_3D('',#14432,#11098,#11099);
#9106=AXIS2_PLACEMENT_3D('',#14434,#11100,#11101);
#9107=AXIS2_PLACEMENT_3D('',#14438,#11103,#11104);
#9108=AXIS2_PLACEMENT_3D('',#14439,#11105,#11106);
#9109=AXIS2_PLACEMENT_3D('',#14440,#11107,#11108);
#9110=AXIS2_PLACEMENT_3D('',#14441,#11109,#11110);
#9111=AXIS2_PLACEMENT_3D('',#14442,#11111,#11112);
#9112=AXIS2_PLACEMENT_3D('',#14444,#11113,#11114);
#9113=AXIS2_PLACEMENT_3D('',#14445,#11115,#11116);
#9114=AXIS2_PLACEMENT_3D('',#14446,#11117,#11118);
#9115=AXIS2_PLACEMENT_3D('',#14447,#11119,#11120);
#9116=AXIS2_PLACEMENT_3D('',#14448,#11121,#11122);
#9117=AXIS2_PLACEMENT_3D('',#14450,#11123,#11124);
#9118=AXIS2_PLACEMENT_3D('',#14451,#11125,#11126);
#9119=AXIS2_PLACEMENT_3D('',#14460,#11131,#11132);
#9120=AXIS2_PLACEMENT_3D('',#14462,#11133,#11134);
#9121=AXIS2_PLACEMENT_3D('',#14465,#11136,#11137);
#9122=AXIS2_PLACEMENT_3D('',#14466,#11138,#11139);
#9123=AXIS2_PLACEMENT_3D('',#14467,#11140,#11141);
#9124=AXIS2_PLACEMENT_3D('',#14468,#11142,#11143);
#9125=AXIS2_PLACEMENT_3D('',#14502,#11145,#11146);
#9126=AXIS2_PLACEMENT_3D('',#14508,#11147,#11148);
#9127=AXIS2_PLACEMENT_3D('',#14509,#11149,#11150);
#9128=AXIS2_PLACEMENT_3D('',#14513,#11152,#11153);
#9129=AXIS2_PLACEMENT_3D('',#14517,#11155,#11156);
#9130=AXIS2_PLACEMENT_3D('',#14521,#11158,#11159);
#9131=AXIS2_PLACEMENT_3D('',#14523,#11161,#11162);
#9132=AXIS2_PLACEMENT_3D('',#14527,#11165,#11166);
#9133=AXIS2_PLACEMENT_3D('',#14532,#11168,#11169);
#9134=AXIS2_PLACEMENT_3D('',#14535,#11171,#11172);
#9135=AXIS2_PLACEMENT_3D('',#14536,#11173,#11174);
#9136=AXIS2_PLACEMENT_3D('',#14575,#11179,#11180);
#9137=AXIS2_PLACEMENT_3D('',#14581,#11181,#11182);
#9138=AXIS2_PLACEMENT_3D('',#14582,#11183,#11184);
#9139=AXIS2_PLACEMENT_3D('',#14588,#11188,#11189);
#9140=AXIS2_PLACEMENT_3D('',#14590,#11190,#11191);
#9141=AXIS2_PLACEMENT_3D('',#14594,#11193,#11194);
#9142=AXIS2_PLACEMENT_3D('',#14598,#11196,#11197);
#9143=AXIS2_PLACEMENT_3D('',#14600,#11199,#11200);
#9144=AXIS2_PLACEMENT_3D('',#14609,#11205,#11206);
#9145=AXIS2_PLACEMENT_3D('',#14613,#11208,#11209);
#9146=AXIS2_PLACEMENT_3D('',#14614,#11210,#11211);
#9147=AXIS2_PLACEMENT_3D('',#14615,#11212,#11213);
#9148=AXIS2_PLACEMENT_3D('',#14617,#11214,#11215);
#9149=AXIS2_PLACEMENT_3D('',#14620,#11217,#11218);
#9150=AXIS2_PLACEMENT_3D('',#14621,#11219,#11220);
#9151=AXIS2_PLACEMENT_3D('',#14625,#11222,#11223);
#9152=AXIS2_PLACEMENT_3D('',#14626,#11224,#11225);
#9153=AXIS2_PLACEMENT_3D('',#14627,#11226,#11227);
#9154=AXIS2_PLACEMENT_3D('',#14662,#11232,#11233);
#9155=AXIS2_PLACEMENT_3D('',#14696,#11235,#11236);
#9156=AXIS2_PLACEMENT_3D('',#14701,#11237,#11238);
#9157=AXIS2_PLACEMENT_3D('',#14705,#11241,#11242);
#9158=AXIS2_PLACEMENT_3D('',#14707,#11243,#11244);
#9159=AXIS2_PLACEMENT_3D('',#14709,#11246,#11247);
#9160=AXIS2_PLACEMENT_3D('',#14711,#11248,#11249);
#9161=AXIS2_PLACEMENT_3D('',#14713,#11251,#11252);
#9162=AXIS2_PLACEMENT_3D('',#14715,#11253,#11254);
#9163=AXIS2_PLACEMENT_3D('',#14717,#11256,#11257);
#9164=AXIS2_PLACEMENT_3D('',#14722,#11260,#11261);
#9165=AXIS2_PLACEMENT_3D('',#14723,#11262,#11263);
#9166=AXIS2_PLACEMENT_3D('',#14725,#11264,#11265);
#9167=AXIS2_PLACEMENT_3D('',#14728,#11267,#11268);
#9168=AXIS2_PLACEMENT_3D('',#14729,#11269,#11270);
#9169=AXIS2_PLACEMENT_3D('',#14731,#11271,#11272);
#9170=AXIS2_PLACEMENT_3D('',#14734,#11274,#11275);
#9171=AXIS2_PLACEMENT_3D('',#14735,#11276,#11277);
#9172=AXIS2_PLACEMENT_3D('',#14739,#11279,#11280);
#9173=AXIS2_PLACEMENT_3D('',#14740,#11281,#11282);
#9174=AXIS2_PLACEMENT_3D('',#14741,#11283,#11284);
#9175=AXIS2_PLACEMENT_3D('',#14744,#11286,#11287);
#9176=AXIS2_PLACEMENT_3D('',#14745,#11288,#11289);
#9177=AXIS2_PLACEMENT_3D('',#14746,#11290,#11291);
#9178=AXIS2_PLACEMENT_3D('',#14749,#11293,#11294);
#9179=AXIS2_PLACEMENT_3D('',#14750,#11295,#11296);
#9180=AXIS2_PLACEMENT_3D('',#14752,#11297,#11298);
#9181=AXIS2_PLACEMENT_3D('',#14755,#11300,#11301);
#9182=AXIS2_PLACEMENT_3D('',#14756,#11302,#11303);
#9183=AXIS2_PLACEMENT_3D('',#14757,#11304,#11305);
#9184=AXIS2_PLACEMENT_3D('',#14758,#11306,#11307);
#9185=AXIS2_PLACEMENT_3D('',#14759,#11308,#11309);
#9186=AXIS2_PLACEMENT_3D('',#14762,#11311,#11312);
#9187=AXIS2_PLACEMENT_3D('',#14763,#11313,#11314);
#9188=AXIS2_PLACEMENT_3D('',#14765,#11315,#11316);
#9189=AXIS2_PLACEMENT_3D('',#14767,#11318,#11319);
#9190=AXIS2_PLACEMENT_3D('',#14769,#11320,#11321);
#9191=AXIS2_PLACEMENT_3D('',#14771,#11323,#11324);
#9192=AXIS2_PLACEMENT_3D('',#14772,#11325,#11326);
#9193=AXIS2_PLACEMENT_3D('',#14773,#11327,#11328);
#9194=AXIS2_PLACEMENT_3D('',#14775,#11329,#11330);
#9195=AXIS2_PLACEMENT_3D('',#14777,#11332,#11333);
#9196=AXIS2_PLACEMENT_3D('',#14778,#11334,#11335);
#9197=AXIS2_PLACEMENT_3D('',#14779,#11336,#11337);
#9198=AXIS2_PLACEMENT_3D('',#14781,#11338,#11339);
#9199=AXIS2_PLACEMENT_3D('',#14784,#11341,#11342);
#9200=AXIS2_PLACEMENT_3D('',#14785,#11343,#11344);
#9201=AXIS2_PLACEMENT_3D('',#14787,#11345,#11346);
#9202=AXIS2_PLACEMENT_3D('',#14790,#11348,#11349);
#9203=AXIS2_PLACEMENT_3D('',#14791,#11350,#11351);
#9204=AXIS2_PLACEMENT_3D('',#14794,#11353,#11354);
#9205=AXIS2_PLACEMENT_3D('',#14795,#11355,#11356);
#9206=AXIS2_PLACEMENT_3D('',#14797,#11358,#11359);
#9207=AXIS2_PLACEMENT_3D('',#14799,#11360,#11361);
#9208=AXIS2_PLACEMENT_3D('',#14801,#11363,#11364);
#9209=AXIS2_PLACEMENT_3D('',#14802,#11365,#11366);
#9210=AXIS2_PLACEMENT_3D('',#14803,#11367,#11368);
#9211=AXIS2_PLACEMENT_3D('',#14806,#11369,#11370);
#9212=AXIS2_PLACEMENT_3D('',#14809,#11373,#11374);
#9213=AXIS2_PLACEMENT_3D('',#14811,#11375,#11376);
#9214=AXIS2_PLACEMENT_3D('',#14813,#11377,#11378);
#9215=AXIS2_PLACEMENT_3D('',#14815,#11379,#11380);
#9216=AXIS2_PLACEMENT_3D('',#14816,#11381,#11382);
#9217=AXIS2_PLACEMENT_3D('',#14817,#11383,#11384);
#9218=AXIS2_PLACEMENT_3D('',#14818,#11385,#11386);
#9219=AXIS2_PLACEMENT_3D('',#14819,#11387,#11388);
#9220=AXIS2_PLACEMENT_3D('',#14821,#11389,#11390);
#9221=AXIS2_PLACEMENT_3D('',#14824,#11393,#11394);
#9222=AXIS2_PLACEMENT_3D('',#14825,#11395,#11396);
#9223=AXIS2_PLACEMENT_3D('',#14852,#11397,#11398);
#9224=AXIS2_PLACEMENT_3D('',#14857,#11399,#11400);
#9225=AXIS2_PLACEMENT_3D('',#14859,#11401,#11402);
#9226=AXIS2_PLACEMENT_3D('',#14885,#11403,#11404);
#9227=AXIS2_PLACEMENT_3D('',#14890,#11405,#11406);
#9228=AXIS2_PLACEMENT_3D('',#14892,#11408,#11409);
#9229=AXIS2_PLACEMENT_3D('',#14895,#11410,#11411);
#9230=AXIS2_PLACEMENT_3D('',#14898,#11414,#11415);
#9231=AXIS2_PLACEMENT_3D('',#14900,#11416,#11417);
#9232=AXIS2_PLACEMENT_3D('',#14902,#11418,#11419);
#9233=AXIS2_PLACEMENT_3D('',#14904,#11420,#11421);
#9234=AXIS2_PLACEMENT_3D('',#14905,#11422,#11423);
#9235=AXIS2_PLACEMENT_3D('',#14906,#11424,#11425);
#9236=AXIS2_PLACEMENT_3D('',#14907,#11426,#11427);
#9237=AXIS2_PLACEMENT_3D('',#14908,#11428,#11429);
#9238=AXIS2_PLACEMENT_3D('',#14910,#11430,#11431);
#9239=AXIS2_PLACEMENT_3D('',#14913,#11434,#11435);
#9240=AXIS2_PLACEMENT_3D('',#14914,#11436,#11437);
#9241=AXIS2_PLACEMENT_3D('',#14915,#11438,#11439);
#9242=AXIS2_PLACEMENT_3D('',#14943,#11441,#11442);
#9243=AXIS2_PLACEMENT_3D('',#14948,#11443,#11444);
#9244=AXIS2_PLACEMENT_3D('',#14950,#11445,#11446);
#9245=AXIS2_PLACEMENT_3D('',#14976,#11447,#11448);
#9246=AXIS2_PLACEMENT_3D('',#14981,#11449,#11450);
#9247=AXIS2_PLACEMENT_3D('',#14983,#11452,#11453);
#9248=AXIS2_PLACEMENT_3D('',#14986,#11454,#11455);
#9249=AXIS2_PLACEMENT_3D('',#14989,#11458,#11459);
#9250=AXIS2_PLACEMENT_3D('',#14991,#11460,#11461);
#9251=AXIS2_PLACEMENT_3D('',#14993,#11462,#11463);
#9252=AXIS2_PLACEMENT_3D('',#14995,#11464,#11465);
#9253=AXIS2_PLACEMENT_3D('',#14996,#11466,#11467);
#9254=AXIS2_PLACEMENT_3D('',#14997,#11468,#11469);
#9255=AXIS2_PLACEMENT_3D('',#14998,#11470,#11471);
#9256=AXIS2_PLACEMENT_3D('',#14999,#11472,#11473);
#9257=AXIS2_PLACEMENT_3D('',#15001,#11474,#11475);
#9258=AXIS2_PLACEMENT_3D('',#15004,#11478,#11479);
#9259=AXIS2_PLACEMENT_3D('',#15005,#11480,#11481);
#9260=AXIS2_PLACEMENT_3D('',#15006,#11482,#11483);
#9261=AXIS2_PLACEMENT_3D('',#15034,#11485,#11486);
#9262=AXIS2_PLACEMENT_3D('',#15039,#11487,#11488);
#9263=AXIS2_PLACEMENT_3D('',#15041,#11489,#11490);
#9264=AXIS2_PLACEMENT_3D('',#15067,#11491,#11492);
#9265=AXIS2_PLACEMENT_3D('',#15072,#11493,#11494);
#9266=AXIS2_PLACEMENT_3D('',#15074,#11496,#11497);
#9267=AXIS2_PLACEMENT_3D('',#15077,#11498,#11499);
#9268=AXIS2_PLACEMENT_3D('',#15080,#11502,#11503);
#9269=AXIS2_PLACEMENT_3D('',#15082,#11504,#11505);
#9270=AXIS2_PLACEMENT_3D('',#15084,#11506,#11507);
#9271=AXIS2_PLACEMENT_3D('',#15086,#11508,#11509);
#9272=AXIS2_PLACEMENT_3D('',#15087,#11510,#11511);
#9273=AXIS2_PLACEMENT_3D('',#15088,#11512,#11513);
#9274=AXIS2_PLACEMENT_3D('',#15089,#11514,#11515);
#9275=AXIS2_PLACEMENT_3D('',#15090,#11516,#11517);
#9276=AXIS2_PLACEMENT_3D('',#15092,#11518,#11519);
#9277=AXIS2_PLACEMENT_3D('',#15095,#11522,#11523);
#9278=AXIS2_PLACEMENT_3D('',#15096,#11524,#11525);
#9279=AXIS2_PLACEMENT_3D('',#15097,#11526,#11527);
#9280=AXIS2_PLACEMENT_3D('',#15125,#11529,#11530);
#9281=AXIS2_PLACEMENT_3D('',#15130,#11531,#11532);
#9282=AXIS2_PLACEMENT_3D('',#15132,#11533,#11534);
#9283=AXIS2_PLACEMENT_3D('',#15158,#11535,#11536);
#9284=AXIS2_PLACEMENT_3D('',#15163,#11537,#11538);
#9285=AXIS2_PLACEMENT_3D('',#15165,#11540,#11541);
#9286=AXIS2_PLACEMENT_3D('',#15167,#11542,#11543);
#9287=AXIS2_PLACEMENT_3D('',#15169,#11545,#11546);
#9288=AXIS2_PLACEMENT_3D('',#15170,#11547,#11548);
#9289=AXIS2_PLACEMENT_3D('',#15171,#11549,#11550);
#9290=AXIS2_PLACEMENT_3D('',#15173,#11551,#11552);
#9291=AXIS2_PLACEMENT_3D('',#15174,#11553,#11554);
#9292=AXIS2_PLACEMENT_3D('',#15175,#11555,#11556);
#9293=AXIS2_PLACEMENT_3D('',#15177,#11558,#11559);
#9294=AXIS2_PLACEMENT_3D('',#15178,#11560,#11561);
#9295=AXIS2_PLACEMENT_3D('',#15179,#11562,#11563);
#9296=AXIS2_PLACEMENT_3D('',#15180,#11564,#11565);
#9297=AXIS2_PLACEMENT_3D('',#15182,#11566,#11567);
#9298=AXIS2_PLACEMENT_3D('',#15184,#11569,#11570);
#9299=AXIS2_PLACEMENT_3D('',#15185,#11571,#11572);
#9300=AXIS2_PLACEMENT_3D('',#15186,#11573,#11574);
#9301=AXIS2_PLACEMENT_3D('',#15188,#11575,#11576);
#9302=AXIS2_PLACEMENT_3D('',#15189,#11577,#11578);
#9303=AXIS2_PLACEMENT_3D('',#15190,#11579,#11580);
#9304=AXIS2_PLACEMENT_3D('',#15192,#11582,#11583);
#9305=AXIS2_PLACEMENT_3D('',#15194,#11584,#11585);
#9306=AXIS2_PLACEMENT_3D('',#15196,#11587,#11588);
#9307=AXIS2_PLACEMENT_3D('',#15197,#11589,#11590);
#9308=AXIS2_PLACEMENT_3D('',#15198,#11591,#11592);
#9309=AXIS2_PLACEMENT_3D('',#15200,#11593,#11594);
#9310=AXIS2_PLACEMENT_3D('',#15201,#11595,#11596);
#9311=AXIS2_PLACEMENT_3D('',#15202,#11597,#11598);
#9312=AXIS2_PLACEMENT_3D('',#15204,#11600,#11601);
#9313=AXIS2_PLACEMENT_3D('',#15205,#11602,#11603);
#9314=AXIS2_PLACEMENT_3D('',#15206,#11604,#11605);
#9315=AXIS2_PLACEMENT_3D('',#15207,#11606,#11607);
#9316=AXIS2_PLACEMENT_3D('',#15208,#11608,#11609);
#9317=AXIS2_PLACEMENT_3D('',#15209,#11610,#11611);
#9318=AXIS2_PLACEMENT_3D('',#15210,#11612,#11613);
#9319=AXIS2_PLACEMENT_3D('',#15212,#11614,#11615);
#9320=AXIS2_PLACEMENT_3D('',#15215,#11618,#11619);
#9321=AXIS2_PLACEMENT_3D('',#15216,#11620,#11621);
#9322=AXIS2_PLACEMENT_3D('',#15217,#11622,#11623);
#9323=AXIS2_PLACEMENT_3D('',#15219,#11624,#11625);
#9324=AXIS2_PLACEMENT_3D('',#15221,#11627,#11628);
#9325=AXIS2_PLACEMENT_3D('',#15222,#11629,#11630);
#9326=AXIS2_PLACEMENT_3D('',#15223,#11631,#11632);
#9327=AXIS2_PLACEMENT_3D('',#15224,#11633,#11634);
#9328=AXIS2_PLACEMENT_3D('',#15225,#11635,#11636);
#9329=AXIS2_PLACEMENT_3D('',#15226,#11637,#11638);
#9330=AXIS2_PLACEMENT_3D('',#15229,#11639,#11640);
#9331=AXIS2_PLACEMENT_3D('',#15231,#11641,#11642);
#9332=AXIS2_PLACEMENT_3D('',#15233,#11643,#11644);
#9333=AXIS2_PLACEMENT_3D('',#15237,#11646,#11647);
#9334=AXIS2_PLACEMENT_3D('',#15239,#11648,#11649);
#9335=AXIS2_PLACEMENT_3D('',#15241,#11650,#11651);
#9336=AXIS2_PLACEMENT_3D('',#15243,#11653,#11654);
#9337=AXIS2_PLACEMENT_3D('',#15246,#11655,#11656);
#9338=AXIS2_PLACEMENT_3D('',#15248,#11657,#11658);
#9339=AXIS2_PLACEMENT_3D('',#15252,#11660,#11661);
#9340=AXIS2_PLACEMENT_3D('',#15254,#11662,#11663);
#9341=AXIS2_PLACEMENT_3D('',#15256,#11664,#11665);
#9342=AXIS2_PLACEMENT_3D('',#15259,#11667,#11668);
#9343=AXIS2_PLACEMENT_3D('',#15260,#11669,#11670);
#9344=AXIS2_PLACEMENT_3D('',#15261,#11671,#11672);
#9345=AXIS2_PLACEMENT_3D('',#15262,#11673,#11674);
#9346=AXIS2_PLACEMENT_3D('',#15266,#11676,#11677);
#9347=AXIS2_PLACEMENT_3D('',#15268,#11679,#11680);
#9348=AXIS2_PLACEMENT_3D('',#15270,#11681,#11682);
#9349=AXIS2_PLACEMENT_3D('',#15272,#11684,#11685);
#9350=AXIS2_PLACEMENT_3D('',#15276,#11688,#11689);
#9351=AXIS2_PLACEMENT_3D('',#15278,#11690,#11691);
#9352=AXIS2_PLACEMENT_3D('',#15280,#11693,#11694);
#9353=AXIS2_PLACEMENT_3D('',#15284,#11696,#11697);
#9354=AXIS2_PLACEMENT_3D('',#15286,#11699,#11700);
#9355=AXIS2_PLACEMENT_3D('',#15288,#11701,#11702);
#9356=AXIS2_PLACEMENT_3D('',#15290,#11704,#11705);
#9357=AXIS2_PLACEMENT_3D('',#15292,#11706,#11707);
#9358=AXIS2_PLACEMENT_3D('',#15294,#11709,#11710);
#9359=AXIS2_PLACEMENT_3D('',#15298,#11713,#11714);
#9360=AXIS2_PLACEMENT_3D('',#15300,#11715,#11716);
#9361=AXIS2_PLACEMENT_3D('',#15302,#11718,#11719);
#9362=AXIS2_PLACEMENT_3D('',#15304,#11720,#11721);
#9363=AXIS2_PLACEMENT_3D('',#15306,#11723,#11724);
#9364=AXIS2_PLACEMENT_3D('',#15310,#11727,#11728);
#9365=AXIS2_PLACEMENT_3D('',#15311,#11729,#11730);
#9366=AXIS2_PLACEMENT_3D('',#15312,#11731,#11732);
#9367=AXIS2_PLACEMENT_3D('',#15314,#11733,#11734);
#9368=AXIS2_PLACEMENT_3D('',#15316,#11736,#11737);
#9369=AXIS2_PLACEMENT_3D('',#15318,#11738,#11739);
#9370=AXIS2_PLACEMENT_3D('',#15320,#11741,#11742);
#9371=AXIS2_PLACEMENT_3D('',#15322,#11743,#11744);
#9372=AXIS2_PLACEMENT_3D('',#15324,#11746,#11747);
#9373=AXIS2_PLACEMENT_3D('',#15326,#11749,#11750);
#9374=AXIS2_PLACEMENT_3D('',#15335,#11755,#11756);
#9375=AXIS2_PLACEMENT_3D('',#15337,#11757,#11758);
#9376=AXIS2_PLACEMENT_3D('',#15340,#11760,#11761);
#9377=AXIS2_PLACEMENT_3D('',#15341,#11762,#11763);
#9378=AXIS2_PLACEMENT_3D('',#15342,#11764,#11765);
#9379=AXIS2_PLACEMENT_3D('',#15343,#11766,#11767);
#9380=AXIS2_PLACEMENT_3D('',#15377,#11769,#11770);
#9381=AXIS2_PLACEMENT_3D('',#15383,#11771,#11772);
#9382=AXIS2_PLACEMENT_3D('',#15384,#11773,#11774);
#9383=AXIS2_PLACEMENT_3D('',#15390,#11777,#11778);
#9384=AXIS2_PLACEMENT_3D('',#15394,#11780,#11781);
#9385=AXIS2_PLACEMENT_3D('',#15397,#11783,#11784);
#9386=AXIS2_PLACEMENT_3D('',#15398,#11785,#11786);
#9387=AXIS2_PLACEMENT_3D('',#15402,#11789,#11790);
#9388=AXIS2_PLACEMENT_3D('',#15407,#11792,#11793);
#9389=AXIS2_PLACEMENT_3D('',#15410,#11795,#11796);
#9390=AXIS2_PLACEMENT_3D('',#15411,#11797,#11798);
#9391=AXIS2_PLACEMENT_3D('',#15417,#11802,#11803);
#9392=AXIS2_PLACEMENT_3D('',#15418,#11804,#11805);
#9393=AXIS2_PLACEMENT_3D('',#15419,#11806,#11807);
#9394=AXIS2_PLACEMENT_3D('',#15453,#11809,#11810);
#9395=AXIS2_PLACEMENT_3D('',#15459,#11811,#11812);
#9396=AXIS2_PLACEMENT_3D('',#15460,#11813,#11814);
#9397=AXIS2_PLACEMENT_3D('',#15466,#11818,#11819);
#9398=AXIS2_PLACEMENT_3D('',#15470,#11821,#11822);
#9399=AXIS2_PLACEMENT_3D('',#15474,#11824,#11825);
#9400=AXIS2_PLACEMENT_3D('',#15477,#11827,#11828);
#9401=AXIS2_PLACEMENT_3D('',#15478,#11829,#11830);
#9402=AXIS2_PLACEMENT_3D('',#15480,#11831,#11832);
#9403=AXIS2_PLACEMENT_3D('',#15481,#11833,#11834);
#9404=AXIS2_PLACEMENT_3D('',#15482,#11835,#11836);
#9405=AXIS2_PLACEMENT_3D('',#15491,#11841,#11842);
#9406=AXIS2_PLACEMENT_3D('',#15495,#11844,#11845);
#9407=AXIS2_PLACEMENT_3D('',#15496,#11846,#11847);
#9408=AXIS2_PLACEMENT_3D('',#15497,#11848,#11849);
#9409=AXIS2_PLACEMENT_3D('',#15499,#11850,#11851);
#9410=AXIS2_PLACEMENT_3D('',#15502,#11853,#11854);
#9411=AXIS2_PLACEMENT_3D('',#15503,#11855,#11856);
#9412=AXIS2_PLACEMENT_3D('',#15507,#11858,#11859);
#9413=AXIS2_PLACEMENT_3D('',#15508,#11860,#11861);
#9414=AXIS2_PLACEMENT_3D('',#15509,#11862,#11863);
#9415=AXIS2_PLACEMENT_3D('',#15544,#11868,#11869);
#9416=AXIS2_PLACEMENT_3D('',#15578,#11871,#11872);
#9417=AXIS2_PLACEMENT_3D('',#15583,#11873,#11874);
#9418=AXIS2_PLACEMENT_3D('',#15587,#11877,#11878);
#9419=AXIS2_PLACEMENT_3D('',#15590,#11880,#11881);
#9420=AXIS2_PLACEMENT_3D('',#15591,#11882,#11883);
#9421=AXIS2_PLACEMENT_3D('',#15594,#11885,#11886);
#9422=AXIS2_PLACEMENT_3D('',#15595,#11887,#11888);
#9423=AXIS2_PLACEMENT_3D('',#15598,#11890,#11891);
#9424=AXIS2_PLACEMENT_3D('',#15599,#11892,#11893);
#9425=AXIS2_PLACEMENT_3D('',#15601,#11894,#11895);
#9426=AXIS2_PLACEMENT_3D('',#15604,#11897,#11898);
#9427=AXIS2_PLACEMENT_3D('',#15605,#11899,#11900);
#9428=AXIS2_PLACEMENT_3D('',#15607,#11901,#11902);
#9429=AXIS2_PLACEMENT_3D('',#15609,#11904,#11905);
#9430=AXIS2_PLACEMENT_3D('',#15611,#11907,#11908);
#9431=AXIS2_PLACEMENT_3D('',#15615,#11910,#11911);
#9432=AXIS2_PLACEMENT_3D('',#15617,#11913,#11914);
#9433=AXIS2_PLACEMENT_3D('',#15619,#11915,#11916);
#9434=AXIS2_PLACEMENT_3D('',#15622,#11918,#11919);
#9435=AXIS2_PLACEMENT_3D('',#15623,#11920,#11921);
#9436=AXIS2_PLACEMENT_3D('',#15625,#11922,#11923);
#9437=AXIS2_PLACEMENT_3D('',#15628,#11925,#11926);
#9438=AXIS2_PLACEMENT_3D('',#15629,#11927,#11928);
#9439=AXIS2_PLACEMENT_3D('',#15633,#11930,#11931);
#9440=AXIS2_PLACEMENT_3D('',#15634,#11932,#11933);
#9441=AXIS2_PLACEMENT_3D('',#15635,#11934,#11935);
#9442=AXIS2_PLACEMENT_3D('',#15636,#11936,#11937);
#9443=AXIS2_PLACEMENT_3D('',#15637,#11938,#11939);
#9444=AXIS2_PLACEMENT_3D('',#15638,#11940,#11941);
#9445=AXIS2_PLACEMENT_3D('',#15641,#11943,#11944);
#9446=AXIS2_PLACEMENT_3D('',#15642,#11945,#11946);
#9447=AXIS2_PLACEMENT_3D('',#15643,#11947,#11948);
#9448=AXIS2_PLACEMENT_3D('',#15645,#11949,#11950);
#9449=AXIS2_PLACEMENT_3D('',#15647,#11952,#11953);
#9450=AXIS2_PLACEMENT_3D('',#15649,#11954,#11955);
#9451=AXIS2_PLACEMENT_3D('',#15652,#11957,#11958);
#9452=AXIS2_PLACEMENT_3D('',#15653,#11959,#11960);
#9453=AXIS2_PLACEMENT_3D('',#15654,#11961,#11962);
#9454=AXIS2_PLACEMENT_3D('',#15655,#11963,#11964);
#9455=AXIS2_PLACEMENT_3D('',#15656,#11965,#11966);
#9456=AXIS2_PLACEMENT_3D('',#15658,#11968,#11969);
#9457=AXIS2_PLACEMENT_3D('',#15659,#11970,#11971);
#9458=AXIS2_PLACEMENT_3D('',#15662,#11973,#11974);
#9459=AXIS2_PLACEMENT_3D('',#15663,#11975,#11976);
#9460=AXIS2_PLACEMENT_3D('',#15666,#11978,#11979);
#9461=AXIS2_PLACEMENT_3D('',#15667,#11980,#11981);
#9462=AXIS2_PLACEMENT_3D('',#15668,#11982,#11983);
#9463=AXIS2_PLACEMENT_3D('',#15669,#11984,#11985);
#9464=AXIS2_PLACEMENT_3D('',#15672,#11987,#11988);
#9465=AXIS2_PLACEMENT_3D('',#15673,#11989,#11990);
#9466=AXIS2_PLACEMENT_3D('',#15674,#11991,#11992);
#9467=AXIS2_PLACEMENT_3D('',#15675,#11993,#11994);
#9468=AXIS2_PLACEMENT_3D('',#15677,#11995,#11996);
#9469=AXIS2_PLACEMENT_3D('',#15680,#11998,#11999);
#9470=AXIS2_PLACEMENT_3D('',#15681,#12000,#12001);
#9471=AXIS2_PLACEMENT_3D('',#15683,#12002,#12003);
#9472=AXIS2_PLACEMENT_3D('',#15686,#12005,#12006);
#9473=AXIS2_PLACEMENT_3D('',#15687,#12007,#12008);
#9474=AXIS2_PLACEMENT_3D('',#15690,#12009,#12010);
#9475=AXIS2_PLACEMENT_3D('',#15691,#12011,#12012);
#9476=AXIS2_PLACEMENT_3D('',#15693,#12013,#12014);
#9477=AXIS2_PLACEMENT_3D('',#15694,#12015,#12016);
#9478=AXIS2_PLACEMENT_3D('',#15695,#12017,#12018);
#9479=AXIS2_PLACEMENT_3D('',#15698,#12019,#12020);
#9480=AXIS2_PLACEMENT_3D('',#15700,#12022,#12023);
#9481=AXIS2_PLACEMENT_3D('',#15701,#12024,#12025);
#9482=AXIS2_PLACEMENT_3D('',#15703,#12026,#12027);
#9483=AXIS2_PLACEMENT_3D('',#15704,#12028,#12029);
#9484=AXIS2_PLACEMENT_3D('',#15705,#12030,#12031);
#9485=AXIS2_PLACEMENT_3D('',#15706,#12032,#12033);
#9486=AXIS2_PLACEMENT_3D('',#15708,#12034,#12035);
#9487=AXIS2_PLACEMENT_3D('',#15710,#12037,#12038);
#9488=AXIS2_PLACEMENT_3D('',#15712,#12040,#12041);
#9489=AXIS2_PLACEMENT_3D('',#15715,#12043,#12044);
#9490=AXIS2_PLACEMENT_3D('',#15716,#12045,#12046);
#9491=AXIS2_PLACEMENT_3D('',#15717,#12047,#12048);
#9492=AXIS2_PLACEMENT_3D('',#15718,#12049,#12050);
#9493=AXIS2_PLACEMENT_3D('',#15721,#12051,#12052);
#9494=AXIS2_PLACEMENT_3D('',#15724,#12055,#12056);
#9495=AXIS2_PLACEMENT_3D('',#15726,#12057,#12058);
#9496=AXIS2_PLACEMENT_3D('',#15728,#12059,#12060);
#9497=AXIS2_PLACEMENT_3D('',#15730,#12061,#12062);
#9498=AXIS2_PLACEMENT_3D('',#15731,#12063,#12064);
#9499=AXIS2_PLACEMENT_3D('',#15732,#12065,#12066);
#9500=AXIS2_PLACEMENT_3D('',#15733,#12067,#12068);
#9501=AXIS2_PLACEMENT_3D('',#15734,#12069,#12070);
#9502=AXIS2_PLACEMENT_3D('',#15736,#12071,#12072);
#9503=AXIS2_PLACEMENT_3D('',#15739,#12075,#12076);
#9504=AXIS2_PLACEMENT_3D('',#15740,#12077,#12078);
#9505=AXIS2_PLACEMENT_3D('',#15741,#12079,#12080);
#9506=AXIS2_PLACEMENT_3D('',#15773,#12082,#12083);
#9507=AXIS2_PLACEMENT_3D('',#15774,#12084,#12085);
#9508=AXIS2_PLACEMENT_3D('',#15780,#12086,#12087);
#9509=AXIS2_PLACEMENT_3D('',#15806,#12088,#12089);
#9510=AXIS2_PLACEMENT_3D('',#15807,#12090,#12091);
#9511=AXIS2_PLACEMENT_3D('',#15809,#12093,#12094);
#9512=AXIS2_PLACEMENT_3D('',#15812,#12095,#12096);
#9513=AXIS2_PLACEMENT_3D('',#15815,#12099,#12100);
#9514=AXIS2_PLACEMENT_3D('',#15817,#12101,#12102);
#9515=AXIS2_PLACEMENT_3D('',#15819,#12103,#12104);
#9516=AXIS2_PLACEMENT_3D('',#15821,#12105,#12106);
#9517=AXIS2_PLACEMENT_3D('',#15822,#12107,#12108);
#9518=AXIS2_PLACEMENT_3D('',#15823,#12109,#12110);
#9519=AXIS2_PLACEMENT_3D('',#15824,#12111,#12112);
#9520=AXIS2_PLACEMENT_3D('',#15825,#12113,#12114);
#9521=AXIS2_PLACEMENT_3D('',#15827,#12115,#12116);
#9522=AXIS2_PLACEMENT_3D('',#15830,#12119,#12120);
#9523=AXIS2_PLACEMENT_3D('',#15831,#12121,#12122);
#9524=AXIS2_PLACEMENT_3D('',#15832,#12123,#12124);
#9525=AXIS2_PLACEMENT_3D('',#15864,#12126,#12127);
#9526=AXIS2_PLACEMENT_3D('',#15865,#12128,#12129);
#9527=AXIS2_PLACEMENT_3D('',#15871,#12130,#12131);
#9528=AXIS2_PLACEMENT_3D('',#15897,#12132,#12133);
#9529=AXIS2_PLACEMENT_3D('',#15898,#12134,#12135);
#9530=AXIS2_PLACEMENT_3D('',#15900,#12137,#12138);
#9531=AXIS2_PLACEMENT_3D('',#15903,#12139,#12140);
#9532=AXIS2_PLACEMENT_3D('',#15906,#12143,#12144);
#9533=AXIS2_PLACEMENT_3D('',#15908,#12145,#12146);
#9534=AXIS2_PLACEMENT_3D('',#15910,#12147,#12148);
#9535=AXIS2_PLACEMENT_3D('',#15912,#12149,#12150);
#9536=AXIS2_PLACEMENT_3D('',#15913,#12151,#12152);
#9537=AXIS2_PLACEMENT_3D('',#15914,#12153,#12154);
#9538=AXIS2_PLACEMENT_3D('',#15915,#12155,#12156);
#9539=AXIS2_PLACEMENT_3D('',#15916,#12157,#12158);
#9540=AXIS2_PLACEMENT_3D('',#15918,#12159,#12160);
#9541=AXIS2_PLACEMENT_3D('',#15921,#12163,#12164);
#9542=AXIS2_PLACEMENT_3D('',#15922,#12165,#12166);
#9543=AXIS2_PLACEMENT_3D('',#15923,#12167,#12168);
#9544=AXIS2_PLACEMENT_3D('',#15955,#12170,#12171);
#9545=AXIS2_PLACEMENT_3D('',#15956,#12172,#12173);
#9546=AXIS2_PLACEMENT_3D('',#15962,#12174,#12175);
#9547=AXIS2_PLACEMENT_3D('',#15988,#12176,#12177);
#9548=AXIS2_PLACEMENT_3D('',#15989,#12178,#12179);
#9549=AXIS2_PLACEMENT_3D('',#15991,#12181,#12182);
#9550=AXIS2_PLACEMENT_3D('',#15994,#12183,#12184);
#9551=AXIS2_PLACEMENT_3D('',#15997,#12187,#12188);
#9552=AXIS2_PLACEMENT_3D('',#15999,#12189,#12190);
#9553=AXIS2_PLACEMENT_3D('',#16001,#12191,#12192);
#9554=AXIS2_PLACEMENT_3D('',#16003,#12193,#12194);
#9555=AXIS2_PLACEMENT_3D('',#16004,#12195,#12196);
#9556=AXIS2_PLACEMENT_3D('',#16005,#12197,#12198);
#9557=AXIS2_PLACEMENT_3D('',#16006,#12199,#12200);
#9558=AXIS2_PLACEMENT_3D('',#16007,#12201,#12202);
#9559=AXIS2_PLACEMENT_3D('',#16009,#12203,#12204);
#9560=AXIS2_PLACEMENT_3D('',#16012,#12207,#12208);
#9561=AXIS2_PLACEMENT_3D('',#16013,#12209,#12210);
#9562=AXIS2_PLACEMENT_3D('',#16014,#12211,#12212);
#9563=AXIS2_PLACEMENT_3D('',#16046,#12214,#12215);
#9564=AXIS2_PLACEMENT_3D('',#16047,#12216,#12217);
#9565=AXIS2_PLACEMENT_3D('',#16053,#12218,#12219);
#9566=AXIS2_PLACEMENT_3D('',#16079,#12220,#12221);
#9567=AXIS2_PLACEMENT_3D('',#16080,#12222,#12223);
#9568=AXIS2_PLACEMENT_3D('',#16082,#12225,#12226);
#9569=AXIS2_PLACEMENT_3D('',#16084,#12227,#12228);
#9570=AXIS2_PLACEMENT_3D('',#16086,#12230,#12231);
#9571=AXIS2_PLACEMENT_3D('',#16088,#12232,#12233);
#9572=AXIS2_PLACEMENT_3D('',#16090,#12235,#12236);
#9573=AXIS2_PLACEMENT_3D('',#16091,#12237,#12238);
#9574=AXIS2_PLACEMENT_3D('',#16092,#12239,#12240);
#9575=AXIS2_PLACEMENT_3D('',#16094,#12241,#12242);
#9576=AXIS2_PLACEMENT_3D('',#16095,#12243,#12244);
#9577=AXIS2_PLACEMENT_3D('',#16096,#12245,#12246);
#9578=AXIS2_PLACEMENT_3D('',#16098,#12248,#12249);
#9579=AXIS2_PLACEMENT_3D('',#16099,#12250,#12251);
#9580=AXIS2_PLACEMENT_3D('',#16100,#12252,#12253);
#9581=AXIS2_PLACEMENT_3D('',#16101,#12254,#12255);
#9582=AXIS2_PLACEMENT_3D('',#16103,#12256,#12257);
#9583=AXIS2_PLACEMENT_3D('',#16105,#12259,#12260);
#9584=AXIS2_PLACEMENT_3D('',#16106,#12261,#12262);
#9585=AXIS2_PLACEMENT_3D('',#16107,#12263,#12264);
#9586=AXIS2_PLACEMENT_3D('',#16109,#12265,#12266);
#9587=AXIS2_PLACEMENT_3D('',#16110,#12267,#12268);
#9588=AXIS2_PLACEMENT_3D('',#16111,#12269,#12270);
#9589=AXIS2_PLACEMENT_3D('',#16113,#12272,#12273);
#9590=AXIS2_PLACEMENT_3D('',#16115,#12274,#12275);
#9591=AXIS2_PLACEMENT_3D('',#16117,#12277,#12278);
#9592=AXIS2_PLACEMENT_3D('',#16118,#12279,#12280);
#9593=AXIS2_PLACEMENT_3D('',#16119,#12281,#12282);
#9594=AXIS2_PLACEMENT_3D('',#16121,#12283,#12284);
#9595=AXIS2_PLACEMENT_3D('',#16122,#12285,#12286);
#9596=AXIS2_PLACEMENT_3D('',#16123,#12287,#12288);
#9597=AXIS2_PLACEMENT_3D('',#16125,#12290,#12291);
#9598=AXIS2_PLACEMENT_3D('',#16126,#12292,#12293);
#9599=AXIS2_PLACEMENT_3D('',#16127,#12294,#12295);
#9600=AXIS2_PLACEMENT_3D('',#16128,#12296,#12297);
#9601=AXIS2_PLACEMENT_3D('',#16129,#12298,#12299);
#9602=AXIS2_PLACEMENT_3D('',#16130,#12300,#12301);
#9603=AXIS2_PLACEMENT_3D('',#16131,#12302,#12303);
#9604=AXIS2_PLACEMENT_3D('',#16133,#12304,#12305);
#9605=AXIS2_PLACEMENT_3D('',#16135,#12307,#12308);
#9606=AXIS2_PLACEMENT_3D('',#16136,#12309,#12310);
#9607=AXIS2_PLACEMENT_3D('',#16137,#12311,#12312);
#9608=AXIS2_PLACEMENT_3D('',#16139,#12313,#12314);
#9609=AXIS2_PLACEMENT_3D('',#16141,#12316,#12317);
#9610=AXIS2_PLACEMENT_3D('',#16142,#12318,#12319);
#9611=AXIS2_PLACEMENT_3D('',#16143,#12320,#12321);
#9612=AXIS2_PLACEMENT_3D('',#16144,#12322,#12323);
#9613=AXIS2_PLACEMENT_3D('',#16145,#12324,#12325);
#9614=AXIS2_PLACEMENT_3D('',#16146,#12326,#12327);
#9615=AXIS2_PLACEMENT_3D('',#16147,#12328,#12329);
#9616=AXIS2_PLACEMENT_3D('',#16150,#12330,#12331);
#9617=AXIS2_PLACEMENT_3D('',#16154,#12333,#12334);
#9618=AXIS2_PLACEMENT_3D('',#16156,#12335,#12336);
#9619=AXIS2_PLACEMENT_3D('',#16158,#12337,#12338);
#9620=AXIS2_PLACEMENT_3D('',#16162,#12340,#12341);
#9621=AXIS2_PLACEMENT_3D('',#16163,#12342,#12343);
#9622=AXIS2_PLACEMENT_3D('',#16164,#12344,#12345);
#9623=AXIS2_PLACEMENT_3D('',#16167,#12346,#12347);
#9624=AXIS2_PLACEMENT_3D('',#16169,#12348,#12349);
#9625=AXIS2_PLACEMENT_3D('',#16173,#12351,#12352);
#9626=AXIS2_PLACEMENT_3D('',#16175,#12353,#12354);
#9627=AXIS2_PLACEMENT_3D('',#16177,#12355,#12356);
#9628=AXIS2_PLACEMENT_3D('',#16180,#12358,#12359);
#9629=AXIS2_PLACEMENT_3D('',#16181,#12360,#12361);
#9630=AXIS2_PLACEMENT_3D('',#16182,#12362,#12363);
#9631=AXIS2_PLACEMENT_3D('',#16183,#12364,#12365);
#9632=AXIS2_PLACEMENT_3D('',#16184,#12366,#12367);
#9633=AXIS2_PLACEMENT_3D('',#16185,#12368,#12369);
#9634=AXIS2_PLACEMENT_3D('',#16189,#12371,#12372);
#9635=AXIS2_PLACEMENT_3D('',#16191,#12374,#12375);
#9636=AXIS2_PLACEMENT_3D('',#16194,#12377,#12378);
#9637=AXIS2_PLACEMENT_3D('',#16195,#12379,#12380);
#9638=AXIS2_PLACEMENT_3D('',#16199,#12383,#12384);
#9639=AXIS2_PLACEMENT_3D('',#16202,#12386,#12387);
#9640=AXIS2_PLACEMENT_3D('',#16203,#12388,#12389);
#9641=AXIS2_PLACEMENT_3D('',#16207,#12391,#12392);
#9642=AXIS2_PLACEMENT_3D('',#16209,#12394,#12395);
#9643=AXIS2_PLACEMENT_3D('',#16212,#12397,#12398);
#9644=AXIS2_PLACEMENT_3D('',#16213,#12399,#12400);
#9645=AXIS2_PLACEMENT_3D('',#16216,#12402,#12403);
#9646=AXIS2_PLACEMENT_3D('',#16217,#12404,#12405);
#9647=AXIS2_PLACEMENT_3D('',#16221,#12408,#12409);
#9648=AXIS2_PLACEMENT_3D('',#16224,#12411,#12412);
#9649=AXIS2_PLACEMENT_3D('',#16225,#12413,#12414);
#9650=AXIS2_PLACEMENT_3D('',#16228,#12416,#12417);
#9651=AXIS2_PLACEMENT_3D('',#16229,#12418,#12419);
#9652=AXIS2_PLACEMENT_3D('',#16233,#12422,#12423);
#9653=AXIS2_PLACEMENT_3D('',#16234,#12424,#12425);
#9654=AXIS2_PLACEMENT_3D('',#16235,#12426,#12427);
#9655=AXIS2_PLACEMENT_3D('',#16238,#12429,#12430);
#9656=AXIS2_PLACEMENT_3D('',#16239,#12431,#12432);
#9657=AXIS2_PLACEMENT_3D('',#16242,#12434,#12435);
#9658=AXIS2_PLACEMENT_3D('',#16243,#12436,#12437);
#9659=AXIS2_PLACEMENT_3D('',#16246,#12439,#12440);
#9660=AXIS2_PLACEMENT_3D('',#16247,#12441,#12442);
#9661=AXIS2_PLACEMENT_3D('',#16249,#12444,#12445);
#9662=AXIS2_PLACEMENT_3D('',#16250,#12446,#12447);
#9663=DIRECTION('axis',(0.,0.,1.));
#9664=DIRECTION('refdir',(1.,0.,0.));
#9665=DIRECTION('center_axis',(-0.364619252446343,-0.605848826643623,0.707106781186559));
#9666=DIRECTION('ref_axis',(-0.888794300397409,-1.0884590950821E-16,-0.45830632941416));
#9667=DIRECTION('',(-0.364619252446364,-0.605848826643635,-0.707106781186537));
#9668=DIRECTION('',(0.856799627387251,-0.515649491911965,0.));
#9669=DIRECTION('',(0.364619252446364,0.605848826643635,0.707106781186537));
#9670=DIRECTION('',(-0.856799627387251,0.515649491911965,0.));
#9671=DIRECTION('center_axis',(0.,0.,1.));
#9672=DIRECTION('ref_axis',(0.905391961445281,0.424576725869739,0.));
#9673=DIRECTION('center_axis',(0.,0.,-1.));
#9674=DIRECTION('ref_axis',(0.90539196144528,0.424576725869739,0.));
#9675=DIRECTION('',(0.698949485669974,-0.107096295368618,0.707106781186545));
#9676=DIRECTION('center_axis',(0.,0.,1.));
#9677=DIRECTION('ref_axis',(0.905391961445281,0.424576725869739,0.));
#9678=DIRECTION('',(-0.364619252446337,-0.605848826643642,-0.707106781186545));
#9679=DIRECTION('center_axis',(0.,0.,-1.));
#9680=DIRECTION('ref_axis',(-1.,-1.22464679914735E-16,0.));
#9681=DIRECTION('center_axis',(0.,0.,-1.));
#9682=DIRECTION('ref_axis',(-1.,-1.22464679914735E-16,0.));
#9683=DIRECTION('center_axis',(0.,0.,-1.));
#9684=DIRECTION('ref_axis',(-0.923879532511287,0.382683432365089,0.));
#9685=DIRECTION('',(0.,0.,-1.));
#9686=DIRECTION('',(0.,0.,-1.));
#9687=DIRECTION('center_axis',(0.,0.,1.));
#9688=DIRECTION('ref_axis',(1.,1.22464679914735E-16,0.));
#9689=DIRECTION('',(0.,0.,-1.));
#9690=DIRECTION('center_axis',(0.,0.,-1.));
#9691=DIRECTION('ref_axis',(1.,1.22464679914735E-16,0.));
#9692=DIRECTION('',(0.,0.,1.));
#9693=DIRECTION('center_axis',(0.,0.,-1.));
#9694=DIRECTION('ref_axis',(-1.,-1.22464679914735E-16,0.));
#9695=DIRECTION('center_axis',(-0.515649491911965,-0.856799627387251,0.));
#9696=DIRECTION('ref_axis',(-0.856799627387251,0.515649491911965,0.));
#9697=DIRECTION('',(0.,0.,-1.));
#9698=DIRECTION('',(0.856799627387251,-0.515649491911965,0.));
#9699=DIRECTION('center_axis',(0.,0.,1.));
#9700=DIRECTION('ref_axis',(-0.424576725869739,-0.905391961445281,0.));
#9701=DIRECTION('',(-0.107096295368673,0.698949485669994,-0.707106781186517));
#9702=DIRECTION('center_axis',(0.,0.,-1.));
#9703=DIRECTION('ref_axis',(-0.424576725869739,-0.905391961445281,0.));
#9704=DIRECTION('',(-0.60584882664364,-0.364619252446338,0.707106781186546));
#9705=DIRECTION('center_axis',(0.,0.,1.));
#9706=DIRECTION('ref_axis',(-0.424576725869739,-0.905391961445281,0.));
#9707=DIRECTION('center_axis',(0.605848826643643,0.364619252446352,0.707106781186537));
#9708=DIRECTION('ref_axis',(-0.759385376128603,-9.29978870195203E-17,0.650641107310336));
#9709=DIRECTION('',(-0.605848826643617,-0.364619252446346,0.707106781186562));
#9710=DIRECTION('',(0.515649491911962,-0.856799627387253,0.));
#9711=DIRECTION('',(-0.515649491911962,0.856799627387253,0.));
#9712=DIRECTION('',(-0.605848826643637,-0.364619252446339,0.707106781186548));
#9713=DIRECTION('center_axis',(0.,0.,-1.));
#9714=DIRECTION('ref_axis',(1.,1.22464679914735E-16,0.));
#9715=DIRECTION('center_axis',(0.,0.,-1.));
#9716=DIRECTION('ref_axis',(1.,1.22464679914735E-16,0.));
#9717=DIRECTION('center_axis',(0.856799627387253,0.515649491911962,0.));
#9718=DIRECTION('ref_axis',(0.515649491911962,-0.856799627387253,0.));
#9719=DIRECTION('',(0.,0.,-1.));
#9720=DIRECTION('',(0.515649491911962,-0.856799627387253,0.));
#9721=DIRECTION('',(0.,0.,1.));
#9722=DIRECTION('center_axis',(0.,0.,-1.));
#9723=DIRECTION('ref_axis',(-0.382683432365093,0.923879532511286,0.));
#9724=DIRECTION('',(0.,0.,1.));
#9725=DIRECTION('center_axis',(0.,0.,-1.));
#9726=DIRECTION('ref_axis',(-1.,-1.22464679914735E-16,0.));
#9727=DIRECTION('',(0.,0.,-1.));
#9728=DIRECTION('center_axis',(0.,0.,-1.));
#9729=DIRECTION('ref_axis',(-1.,-1.22464679914735E-16,0.));
#9730=DIRECTION('',(0.,0.,-1.));
#9731=DIRECTION('center_axis',(0.,0.,1.));
#9732=DIRECTION('ref_axis',(1.,1.22464679914735E-16,0.));
#9733=DIRECTION('center_axis',(0.17057506773765,0.686224559649615,0.707106781186539));
#9734=DIRECTION('ref_axis',(-0.972115399791972,-1.19049801275709E-16,0.234502983962452));
#9735=DIRECTION('',(-0.170575067737667,-0.686224559649629,0.707106781186521));
#9736=DIRECTION('',(0.970468079089979,-0.241229574197291,0.));
#9737=DIRECTION('',(0.170575067737643,0.686224559649599,-0.707106781186556));
#9738=DIRECTION('',(-0.970468079089979,0.241229574197291,0.));
#9739=DIRECTION('center_axis',(0.,0.,1.));
#9740=DIRECTION('ref_axis',(0.339987713573266,-0.940429877566224,0.));
#9741=DIRECTION('',(-0.569960437719231,0.418503404328924,-0.70710678118655));
#9742=DIRECTION('center_axis',(0.,0.,-1.));
#9743=DIRECTION('ref_axis',(0.339987713573266,-0.940429877566224,0.));
#9744=DIRECTION('center_axis',(0.,0.,1.));
#9745=DIRECTION('ref_axis',(0.339987713573266,-0.940429877566224,0.));
#9746=DIRECTION('center_axis',(0.,0.,-1.));
#9747=DIRECTION('ref_axis',(-1.22464679914735E-16,1.,0.));
#9748=DIRECTION('center_axis',(0.,0.,-1.));
#9749=DIRECTION('ref_axis',(-1.22464679914735E-16,1.,0.));
#9750=DIRECTION('',(-0.418503404328936,0.569960437719199,-0.707106781186569));
#9751=DIRECTION('center_axis',(0.,0.,1.));
#9752=DIRECTION('ref_axis',(-1.22464679914735E-16,1.,0.));
#9753=DIRECTION('center_axis',(0.,0.,1.));
#9754=DIRECTION('ref_axis',(0.940429877566222,-0.339987713573271,0.));
#9755=DIRECTION('',(-0.686224559649616,-0.17057506773764,-0.70710678118654));
#9756=DIRECTION('center_axis',(0.,0.,-1.));
#9757=DIRECTION('ref_axis',(0.940429877566222,-0.339987713573271,0.));
#9758=DIRECTION('center_axis',(0.,0.,1.));
#9759=DIRECTION('ref_axis',(0.940429877566222,-0.339987713573271,0.));
#9760=DIRECTION('center_axis',(-0.686224559649601,-0.170575067737643,0.707106781186555));
#9761=DIRECTION('ref_axis',(-0.717623784525451,-8.78835670711104E-17,-0.696430975677682));
#9762=DIRECTION('',(-0.686224559649616,-0.17057506773764,-0.70710678118654));
#9763=DIRECTION('',(0.241229574197287,-0.97046807908998,0.));
#9764=DIRECTION('',(-0.241229574197287,0.97046807908998,0.));
#9765=DIRECTION('',(-0.170575067737643,-0.686224559649599,0.707106781186556));
#9766=DIRECTION('center_axis',(0.,0.,-1.));
#9767=DIRECTION('ref_axis',(1.,1.22464679914735E-16,0.));
#9768=DIRECTION('',(-0.686224559649616,-0.17057506773764,-0.70710678118654));
#9769=DIRECTION('center_axis',(0.,0.,-1.));
#9770=DIRECTION('ref_axis',(-1.,-1.22464679914735E-16,0.));
#9771=DIRECTION('center_axis',(-0.97046807908998,-0.241229574197287,0.));
#9772=DIRECTION('ref_axis',(-0.241229574197287,0.97046807908998,0.));
#9773=DIRECTION('',(0.,0.,-1.));
#9774=DIRECTION('',(0.241229574197287,-0.97046807908998,0.));
#9775=DIRECTION('center_axis',(0.,0.,-1.));
#9776=DIRECTION('ref_axis',(0.940429877566222,-0.339987713573271,0.));
#9777=DIRECTION('',(0.,0.,1.));
#9778=DIRECTION('center_axis',(0.,0.,1.));
#9779=DIRECTION('ref_axis',(0.940429877566222,-0.339987713573271,0.));
#9780=DIRECTION('center_axis',(0.,0.,1.));
#9781=DIRECTION('ref_axis',(-1.22464679914735E-16,1.,0.));
#9782=DIRECTION('',(0.,0.,-1.));
#9783=DIRECTION('center_axis',(0.,0.,1.));
#9784=DIRECTION('ref_axis',(2.40851103613793E-16,1.,0.));
#9785=DIRECTION('center_axis',(0.,0.,1.));
#9786=DIRECTION('ref_axis',(0.339987713573266,-0.940429877566224,0.));
#9787=DIRECTION('',(0.,0.,1.));
#9788=DIRECTION('center_axis',(0.,0.,1.));
#9789=DIRECTION('ref_axis',(0.339987713573266,-0.940429877566224,0.));
#9790=DIRECTION('center_axis',(0.,0.,1.));
#9791=DIRECTION('ref_axis',(-1.,-1.22464679914735E-16,0.));
#9792=DIRECTION('',(-0.580666498095612,-0.403517555986604,-0.707106781186531));
#9793=DIRECTION('center_axis',(0.,0.,1.));
#9794=DIRECTION('ref_axis',(-1.,-1.22464679914735E-16,0.));
#9795=DIRECTION('',(-0.695923218577206,-0.125263218245301,0.707106781186528));
#9796=DIRECTION('center_axis',(0.,0.,-1.));
#9797=DIRECTION('ref_axis',(0.984184054082199,0.177148942108969,0.));
#9798=DIRECTION('center_axis',(0.,0.,-1.));
#9799=DIRECTION('ref_axis',(0.984184054082199,0.177148942108969,0.));
#9800=DIRECTION('',(-0.411682264944938,0.574906699151963,0.707106781186548));
#9801=DIRECTION('center_axis',(0.,0.,1.));
#9802=DIRECTION('ref_axis',(0.984184054082199,0.177148942108969,0.));
#9803=DIRECTION('center_axis',(0.,0.,-1.));
#9804=DIRECTION('ref_axis',(-0.821186436822466,-0.570660000331915,0.));
#9805=DIRECTION('center_axis',(0.,0.,1.));
#9806=DIRECTION('ref_axis',(-0.821186436822466,-0.570660000331915,0.));
#9807=DIRECTION('',(0.115417104283142,-0.697623746756716,-0.707106781186558));
#9808=DIRECTION('center_axis',(0.,0.,-1.));
#9809=DIRECTION('ref_axis',(-0.821186436822466,-0.570660000331915,0.));
#9810=DIRECTION('center_axis',(0.,0.,1.));
#9811=DIRECTION('ref_axis',(-1.,-1.22464679914735E-16,0.));
#9812=DIRECTION('',(-0.574906699151969,0.411682264944947,0.707106781186537));
#9813=DIRECTION('center_axis',(0.,0.,-1.));
#9814=DIRECTION('ref_axis',(-1.,-1.22464679914735E-16,0.));
#9815=DIRECTION('center_axis',(0.,0.,1.));
#9816=DIRECTION('ref_axis',(-1.,-1.22464679914735E-16,0.));
#9817=DIRECTION('center_axis',(0.,0.,-1.));
#9818=DIRECTION('ref_axis',(-0.177148942108967,-0.9841840540822,0.));
#9819=DIRECTION('',(0.125263218245274,0.695923218577184,0.707106781186554));
#9820=DIRECTION('center_axis',(0.,0.,1.));
#9821=DIRECTION('ref_axis',(-0.177148942108967,-0.9841840540822,0.));
#9822=DIRECTION('center_axis',(0.,0.,-1.));
#9823=DIRECTION('ref_axis',(-0.177148942108967,-0.9841840540822,0.));
#9824=DIRECTION('center_axis',(0.,0.,1.));
#9825=DIRECTION('ref_axis',(-1.,-1.22464679914735E-16,0.));
#9826=DIRECTION('center_axis',(0.,0.,1.));
#9827=DIRECTION('ref_axis',(-1.,-1.22464679914735E-16,0.));
#9828=DIRECTION('',(-0.403517555986629,-0.58066649809561,0.707106781186519));
#9829=DIRECTION('center_axis',(0.,0.,-1.));
#9830=DIRECTION('ref_axis',(0.570660000331916,0.821186436822466,0.));
#9831=DIRECTION('center_axis',(0.,0.,-1.));
#9832=DIRECTION('ref_axis',(0.570660000331916,0.821186436822466,0.));
#9833=DIRECTION('',(-0.697623746756735,0.115417104283108,0.707106781186545));
#9834=DIRECTION('center_axis',(0.,0.,1.));
#9835=DIRECTION('ref_axis',(0.570660000331916,0.821186436822466,0.));
#9836=DIRECTION('center_axis',(0.,0.,1.));
#9837=DIRECTION('ref_axis',(0.821186436822466,0.570660000331915,0.));
#9838=DIRECTION('center_axis',(0.,0.,1.));
#9839=DIRECTION('ref_axis',(0.821186436822466,0.570660000331915,0.));
#9840=DIRECTION('',(0.,0.,-1.));
#9841=DIRECTION('center_axis',(0.,0.,-1.));
#9842=DIRECTION('ref_axis',(-0.984184054082199,-0.177148942108969,0.));
#9843=DIRECTION('',(0.,0.,1.));
#9844=DIRECTION('center_axis',(0.,0.,1.));
#9845=DIRECTION('ref_axis',(-0.984184054082199,-0.177148942108969,0.));
#9846=DIRECTION('center_axis',(0.,0.,1.));
#9847=DIRECTION('ref_axis',(1.,1.22464679914735E-16,0.));
#9848=DIRECTION('',(0.,0.,-1.));
#9849=DIRECTION('center_axis',(0.,0.,1.));
#9850=DIRECTION('ref_axis',(1.,1.22464679914735E-16,0.));
#9851=DIRECTION('center_axis',(0.,0.,1.));
#9852=DIRECTION('ref_axis',(0.177148942108967,0.9841840540822,0.));
#9853=DIRECTION('center_axis',(0.,0.,1.));
#9854=DIRECTION('ref_axis',(0.177148942108967,0.9841840540822,0.));
#9855=DIRECTION('center_axis',(0.,0.,-1.));
#9856=DIRECTION('ref_axis',(-0.570660000331916,-0.821186436822466,0.));
#9857=DIRECTION('',(0.,0.,1.));
#9858=DIRECTION('center_axis',(0.,0.,1.));
#9859=DIRECTION('ref_axis',(-0.570660000331916,-0.821186436822466,0.));
#9860=DIRECTION('center_axis',(0.,0.,-1.));
#9861=DIRECTION('ref_axis',(-1.,-1.22464679914735E-16,0.));
#9862=DIRECTION('center_axis',(0.,0.,-1.));
#9863=DIRECTION('ref_axis',(-1.,-1.22464679914735E-16,0.));
#9864=DIRECTION('',(0.,0.,-1.));
#9865=DIRECTION('center_axis',(0.,0.,1.));
#9866=DIRECTION('ref_axis',(-1.,-1.22464679914735E-16,0.));
#9867=DIRECTION('center_axis',(0.,0.,-1.));
#9868=DIRECTION('ref_axis',(-1.,-1.22464679914735E-16,0.));
#9869=DIRECTION('center_axis',(0.,0.,-1.));
#9870=DIRECTION('ref_axis',(-1.,-1.22464679914735E-16,0.));
#9871=DIRECTION('',(0.,0.,-1.));
#9872=DIRECTION('center_axis',(0.,0.,1.));
#9873=DIRECTION('ref_axis',(-1.,-1.22464679914735E-16,0.));
#9874=DIRECTION('center_axis',(0.,0.,1.));
#9875=DIRECTION('ref_axis',(-0.424576725869739,-0.905391961445281,0.));
#9876=DIRECTION('center_axis',(0.,0.,1.));
#9877=DIRECTION('ref_axis',(-0.424576725869739,-0.905391961445281,0.));
#9878=DIRECTION('',(0.,0.,-1.));
#9879=DIRECTION('center_axis',(0.241229574197291,0.970468079089979,0.));
#9880=DIRECTION('ref_axis',(0.970468079089979,-0.241229574197291,0.));
#9881=DIRECTION('',(0.970468079089979,-0.241229574197291,0.));
#9882=DIRECTION('center_axis',(0.,0.,-1.));
#9883=DIRECTION('ref_axis',(0.905391961445281,0.424576725869739,0.));
#9884=DIRECTION('',(0.,0.,1.));
#9885=DIRECTION('center_axis',(0.,0.,1.));
#9886=DIRECTION('ref_axis',(0.905391961445281,0.424576725869739,0.));
#9887=DIRECTION('center_axis',(0.,0.,-1.));
#9888=DIRECTION('ref_axis',(0.651542971819177,0.758611729327352,0.));
#9889=DIRECTION('center_axis',(0.,0.,-1.));
#9890=DIRECTION('ref_axis',(-0.0903532008193119,0.995909784619925,0.));
#9891=DIRECTION('',(0.,0.,-1.));
#9892=DIRECTION('center_axis',(0.,0.,1.));
#9893=DIRECTION('ref_axis',(0.651542971819177,0.758611729327352,0.));
#9894=DIRECTION('',(0.,0.,-1.));
#9895=DIRECTION('center_axis',(0.,0.,1.));
#9896=DIRECTION('ref_axis',(-1.,0.,0.));
#9897=DIRECTION('center_axis',(0.995909784619925,0.090353200819313,-6.74649103340286E-16));
#9898=DIRECTION('ref_axis',(-0.0638893610012174,0.704214562154461,-0.707106781186871));
#9899=DIRECTION('center_axis',(0.,0.,1.));
#9900=DIRECTION('ref_axis',(-0.195090322016129,0.98078528040323,0.));
#9901=DIRECTION('center_axis',(-0.954677339252779,-0.297642701770484,-2.02394731002085E-15));
#9902=DIRECTION('ref_axis',(-0.297642701770484,0.954677339252779,0.));
#9903=DIRECTION('center_axis',(0.,0.,-1.));
#9904=DIRECTION('ref_axis',(-0.195090322016129,0.98078528040323,0.));
#9905=DIRECTION('center_axis',(0.,0.,1.));
#9906=DIRECTION('ref_axis',(-1.,0.,0.));
#9907=DIRECTION('center_axis',(0.0431771584573879,-0.705940300646945,-0.706954047240729));
#9908=DIRECTION('ref_axis',(-0.0638893610012484,0.704214562154788,-0.707106781186542));
#9909=DIRECTION('center_axis',(0.,0.,1.));
#9910=DIRECTION('ref_axis',(-0.89225535662673,0.451531149059406,0.));
#9911=DIRECTION('center_axis',(0.,0.,-1.));
#9912=DIRECTION('ref_axis',(-0.945518575598534,-0.325568154459431,0.));
#9913=DIRECTION('',(0.,0.,1.));
#9914=DIRECTION('center_axis',(0.,0.,1.));
#9915=DIRECTION('ref_axis',(-0.89225535662673,0.451531149059406,0.));
#9916=DIRECTION('',(0.,0.,-1.));
#9917=DIRECTION('center_axis',(0.,0.,1.));
#9918=DIRECTION('ref_axis',(-1.,0.,0.));
#9919=DIRECTION('center_axis',(0.23026116432564,-0.668726978140821,-0.706954047240729));
#9920=DIRECTION('ref_axis',(-0.210465172792595,0.675058820430782,-0.707106781186536));
#9921=DIRECTION('center_axis',(0.0431783791728382,-0.705960259168069,-0.706934042218479));
#9922=DIRECTION('ref_axis',(-0.0652026243901072,0.704094182414922,-0.707106781230462));
#9923=DIRECTION('center_axis',(0.,0.,1.));
#9924=DIRECTION('ref_axis',(-1.22464679914735E-16,1.,0.));
#9925=DIRECTION('center_axis',(0.,0.,1.));
#9926=DIRECTION('ref_axis',(-0.7283709698824,0.685182990326359,0.));
#9927=DIRECTION('center_axis',(0.230267674325692,-0.668745884553783,-0.70693404222248));
#9928=DIRECTION('ref_axis',(-0.945518575599316,-0.325568154457159,0.));
#9929=DIRECTION('center_axis',(-0.945518575599317,-0.325568154457157,0.));
#9930=DIRECTION('ref_axis',(0.325568154457157,-0.945518575599317,0.));
#9931=DIRECTION('',(0.325568154457157,-0.945518575599317,0.));
#9932=DIRECTION('',(0.,0.,1.));
#9933=DIRECTION('center_axis',(0.,0.,-1.));
#9934=DIRECTION('ref_axis',(0.3116390758039,0.950200550637649,0.));
#9935=DIRECTION('center_axis',(0.,0.,-1.));
#9936=DIRECTION('ref_axis',(-0.464593647638175,0.885523993223366,0.));
#9937=DIRECTION('',(0.,0.,1.));
#9938=DIRECTION('center_axis',(0.,0.,1.));
#9939=DIRECTION('ref_axis',(0.3116390758039,0.950200550637649,0.));
#9940=DIRECTION('',(0.,0.,-1.));
#9941=DIRECTION('center_axis',(0.,0.,1.));
#9942=DIRECTION('ref_axis',(-1.,0.,0.));
#9943=DIRECTION('center_axis',(0.885523993223366,0.464593647638175,-3.49590899003598E-15));
#9944=DIRECTION('ref_axis',(-0.328517318741003,0.626160020511354,-0.707106781186861));
#9945=DIRECTION('center_axis',(0.,0.,1.));
#9946=DIRECTION('ref_axis',(-0.555570233019603,0.831469612302545,0.));
#9947=DIRECTION('center_axis',(-0.768103923156037,-0.640325201153527,1.7786203633516E-15));
#9948=DIRECTION('ref_axis',(-0.640325201153527,0.768103923156037,0.));
#9949=DIRECTION('center_axis',(0.,0.,-1.));
#9950=DIRECTION('ref_axis',(-0.555570233019603,0.831469612302545,0.));
#9951=DIRECTION('center_axis',(0.,0.,1.));
#9952=DIRECTION('ref_axis',(-1.,0.,0.));
#9953=DIRECTION('center_axis',(0.310042150267194,-0.635680611744332,-0.706954047240729));
#9954=DIRECTION('ref_axis',(-0.328517318741157,0.62616002051163,-0.707106781186545));
#9955=DIRECTION('center_axis',(0.,0.,1.));
#9956=DIRECTION('ref_axis',(-0.997129951702801,0.0757090444872295,0.));
#9957=DIRECTION('center_axis',(0.,0.,-1.));
#9958=DIRECTION('ref_axis',(-0.748955720787418,-0.662620048217529,0.));
#9959=DIRECTION('',(0.,0.,1.));
#9960=DIRECTION('center_axis',(0.,0.,1.));
#9961=DIRECTION('ref_axis',(-0.997129951702801,0.0757090444872295,0.));
#9962=DIRECTION('',(0.,0.,-1.));
#9963=DIRECTION('center_axis',(0.,0.,1.));
#9964=DIRECTION('ref_axis',(-1.,0.,0.));
#9965=DIRECTION('center_axis',(0.46864431216274,-0.52970603523791,-0.706954047240729));
#9966=DIRECTION('ref_axis',(-0.452778291900299,0.543131492719603,-0.707106781186565));
#9967=DIRECTION('center_axis',(-0.898794046299167,-0.438371146789078,0.));
#9968=DIRECTION('ref_axis',(0.438371146789078,-0.898794046299167,0.));
#9969=DIRECTION('',(0.,0.,-1.));
#9970=DIRECTION('',(0.438371146789078,-0.898794046299167,0.));
#9971=DIRECTION('center_axis',(0.310050915852671,-0.635698583857905,-0.706934042227402));
#9972=DIRECTION('ref_axis',(-0.329684548579046,0.625546240000482,-0.707106781221542));
#9973=DIRECTION('center_axis',(0.,0.,1.));
#9974=DIRECTION('ref_axis',(-1.22464679914735E-16,1.,0.));
#9975=DIRECTION('center_axis',(0.,0.,1.));
#9976=DIRECTION('ref_axis',(-0.7283709698824,0.685182990326359,0.));
#9977=DIRECTION('center_axis',(0.468657561785907,-0.529721011212591,-0.706934042227986));
#9978=DIRECTION('ref_axis',(-0.748955720788998,-0.662620048215742,0.));
#9979=DIRECTION('center_axis',(-0.748955720789002,-0.662620048215738,0.));
#9980=DIRECTION('ref_axis',(0.662620048215738,-0.748955720789002,0.));
#9981=DIRECTION('',(0.662620048215738,-0.748955720789002,0.));
#9982=DIRECTION('',(0.,0.,1.));
#9983=DIRECTION('center_axis',(0.,0.,-1.));
#9984=DIRECTION('ref_axis',(-0.0757090444872546,0.997129951702799,0.));
#9985=DIRECTION('center_axis',(0.,0.,-1.));
#9986=DIRECTION('ref_axis',(-0.768103923156028,0.640325201153538,0.));
#9987=DIRECTION('',(0.,0.,1.));
#9988=DIRECTION('center_axis',(0.,0.,1.));
#9989=DIRECTION('ref_axis',(-0.0757090444872546,0.997129951702799,0.));
#9990=DIRECTION('',(0.,0.,-1.));
#9991=DIRECTION('center_axis',(0.,0.,1.));
#9992=DIRECTION('ref_axis',(-1.,0.,0.));
#9993=DIRECTION('center_axis',(0.640325201153542,0.768103923156025,-1.01197365501042E-14));
#9994=DIRECTION('ref_axis',(-0.543131492719375,0.452778291900099,-0.707106781186867));
#9995=DIRECTION('center_axis',(0.,0.,1.));
#9996=DIRECTION('ref_axis',(-0.831469612302545,0.555570233019602,0.));
#9997=DIRECTION('center_axis',(-0.464593647638178,-0.885523993223364,1.67435641101724E-14));
#9998=DIRECTION('ref_axis',(-0.885523993223364,0.464593647638178,0.));
#9999=DIRECTION('center_axis',(0.,0.,-1.));
#10000=DIRECTION('ref_axis',(-0.831469612302545,0.555570233019602,0.));
#10001=DIRECTION('center_axis',(0.,0.,1.));
#10002=DIRECTION('ref_axis',(-1.,0.,0.));
#10003=DIRECTION('center_axis',(0.52970603523791,-0.46864431216274,-0.706954047240729));
#10004=DIRECTION('ref_axis',(-0.543131492719633,0.45277829190032,-0.707106781186528));
#10005=DIRECTION('center_axis',(0.,0.,1.));
#10006=DIRECTION('ref_axis',(-0.950200550637648,-0.311639075803904,0.));
#10007=DIRECTION('center_axis',(0.,0.,-1.));
#10008=DIRECTION('ref_axis',(-0.438371146786915,-0.898794046300222,0.));
#10009=DIRECTION('',(0.,0.,1.));
#10010=DIRECTION('center_axis',(0.,0.,1.));
#10011=DIRECTION('ref_axis',(-0.950200550637648,-0.311639075803904,0.));
#10012=DIRECTION('',(0.,0.,-1.));
#10013=DIRECTION('center_axis',(0.,0.,1.));
#10014=DIRECTION('ref_axis',(-1.,0.,0.));
#10015=DIRECTION('center_axis',(0.635680611744332,-0.310042150267194,-0.706954047240729));
#10016=DIRECTION('ref_axis',(-0.626160020511614,0.328517318741136,-0.707106781186569));
#10017=DIRECTION('center_axis',(-0.662620048215737,-0.748955720789003,0.));
#10018=DIRECTION('ref_axis',(0.748955720789002,-0.662620048215737,0.));
#10019=DIRECTION('',(0.,0.,-1.));
#10020=DIRECTION('',(0.748955720789002,-0.662620048215737,0.));
#10021=DIRECTION('center_axis',(0.529721011212584,-0.4686575617859,-0.706934042227995));
#10022=DIRECTION('ref_axis',(-0.543974988844347,0.451764553128223,-0.707106781220948));
#10023=DIRECTION('center_axis',(0.,0.,1.));
#10024=DIRECTION('ref_axis',(-1.22464679914735E-16,1.,0.));
#10025=DIRECTION('center_axis',(0.,0.,1.));
#10026=DIRECTION('ref_axis',(-0.7283709698824,0.685182990326359,0.));
#10027=DIRECTION('center_axis',(0.635698583857918,-0.310050915852673,-0.70693404222739));
#10028=DIRECTION('ref_axis',(-0.438371146789075,-0.898794046299168,0.));
#10029=DIRECTION('center_axis',(-0.438371146789078,-0.898794046299167,0.));
#10030=DIRECTION('ref_axis',(0.898794046299167,-0.438371146789078,0.));
#10031=DIRECTION('',(0.898794046299167,-0.438371146789078,0.));
#10032=DIRECTION('',(0.,0.,1.));
#10033=DIRECTION('center_axis',(0.,0.,-1.));
#10034=DIRECTION('ref_axis',(-0.451531149059425,0.89225535662672,0.));
#10035=DIRECTION('center_axis',(0.,0.,-1.));
#10036=DIRECTION('ref_axis',(-0.954677339252778,0.297642701770489,0.));
#10037=DIRECTION('',(0.,0.,1.));
#10038=DIRECTION('center_axis',(0.,0.,1.));
#10039=DIRECTION('ref_axis',(-0.451531149059425,0.89225535662672,0.));
#10040=DIRECTION('',(0.,0.,-1.));
#10041=DIRECTION('center_axis',(0.,0.,1.));
#10042=DIRECTION('ref_axis',(-1.,0.,0.));
#10043=DIRECTION('center_axis',(0.297642701770488,0.954677339252778,-8.34111618675252E-15));
#10044=DIRECTION('ref_axis',(-0.675058820430461,0.210465172792495,-0.707106781186873));
#10045=DIRECTION('center_axis',(0.,0.,1.));
#10046=DIRECTION('ref_axis',(-0.98078528040323,0.195090322016128,0.));
#10047=DIRECTION('center_axis',(-0.0903532008192976,-0.995909784619926,
4.26255569837723E-15));
#10048=DIRECTION('ref_axis',(-0.995909784619926,0.0903532008192976,0.));
#10049=DIRECTION('center_axis',(0.,0.,-1.));
#10050=DIRECTION('ref_axis',(-0.98078528040323,0.195090322016128,0.));
#10051=DIRECTION('center_axis',(0.,0.,1.));
#10052=DIRECTION('ref_axis',(-1.,0.,0.));
#10053=DIRECTION('center_axis',(0.668726978140821,-0.230261164325639,-0.706954047240729));
#10054=DIRECTION('ref_axis',(-0.675058820430748,0.210465172792608,-0.707106781186564));
#10055=DIRECTION('center_axis',(0.,0.,1.));
#10056=DIRECTION('ref_axis',(-0.758611729327344,-0.651542971819187,0.));
#10057=DIRECTION('center_axis',(0.,0.,-1.));
#10058=DIRECTION('ref_axis',(-0.0610485395324636,-0.998134798422013,0.));
#10059=DIRECTION('',(0.,0.,1.));
#10060=DIRECTION('center_axis',(0.,0.,1.));
#10061=DIRECTION('ref_axis',(-0.758611729327344,-0.651542971819187,0.));
#10062=DIRECTION('',(0.,0.,-1.));
#10063=DIRECTION('center_axis',(0.,0.,1.));
#10064=DIRECTION('ref_axis',(-1.,0.,0.));
#10065=DIRECTION('center_axis',(0.705940300646945,-0.0431771584573876,-0.706954047240729));
#10066=DIRECTION('ref_axis',(-0.704214562154773,0.063889361001249,-0.707106781186557));
#10067=DIRECTION('center_axis',(-0.325568154457157,-0.945518575599317,0.));
#10068=DIRECTION('ref_axis',(0.945518575599317,-0.325568154457157,0.));
#10069=DIRECTION('',(0.,0.,-1.));
#10070=DIRECTION('',(0.945518575599317,-0.325568154457157,0.));
#10071=DIRECTION('center_axis',(0.668745884553811,-0.230267674325701,-0.706934042222451));
#10072=DIRECTION('ref_axis',(-0.675450168198025,0.209205808295968,-0.707106781226492));
#10073=DIRECTION('center_axis',(0.,0.,1.));
#10074=DIRECTION('ref_axis',(-1.22464679914735E-16,1.,0.));
#10075=DIRECTION('center_axis',(0.,0.,1.));
#10076=DIRECTION('ref_axis',(-0.7283709698824,0.685182990326359,0.));
#10077=DIRECTION('center_axis',(0.705960259168078,-0.0431783791728355,-0.706934042218471));
#10078=DIRECTION('ref_axis',(-0.0610485395348581,-0.998134798421867,0.));
#10079=DIRECTION('center_axis',(0.,0.,1.));
#10080=DIRECTION('ref_axis',(0.650835275062768,-0.759218970214767,0.));
#10081=DIRECTION('center_axis',(0.,0.,-1.));
#10082=DIRECTION('ref_axis',(0.995739542021004,-0.0922104357207049,0.));
#10083=DIRECTION('',(0.,0.,-1.));
#10084=DIRECTION('center_axis',(0.,0.,-1.));
#10085=DIRECTION('ref_axis',(0.650835275062768,-0.759218970214767,0.));
#10086=DIRECTION('',(0.,0.,-1.));
#10087=DIRECTION('center_axis',(0.983285552141983,0.149874793135581,0.10337828268743));
#10088=DIRECTION('ref_axis',(0.182070104489541,-0.809411952245758,-0.558303473581241));
#10089=DIRECTION('center_axis',(0.0922104357205354,0.995739542021019,0.));
#10090=DIRECTION('ref_axis',(0.995739542021019,-0.0922104357205354,0.));
#10091=DIRECTION('center_axis',(0.,0.,1.));
#10092=DIRECTION('ref_axis',(-1.,0.,0.));
#10093=DIRECTION('center_axis',(0.,0.,-1.));
#10094=DIRECTION('ref_axis',(-0.7283709698824,0.685182990326359,0.));
#10095=DIRECTION('center_axis',(-0.295861691435932,-0.955230788626848,0.));
#10096=DIRECTION('ref_axis',(0.955230788626848,-0.295861691435932,0.));
#10097=DIRECTION('center_axis',(0.,0.,1.));
#10098=DIRECTION('ref_axis',(-1.22464679914735E-16,1.,0.));
#10099=DIRECTION('center_axis',(0.,0.,1.));
#10100=DIRECTION('ref_axis',(-1.22464679914735E-16,1.,0.));
#10101=DIRECTION('',(0.,0.,1.));
#10102=DIRECTION('center_axis',(0.,0.,-1.));
#10103=DIRECTION('ref_axis',(0.891833911105312,0.45236299031044,0.));
#10104=DIRECTION('center_axis',(0.,0.,-1.));
#10105=DIRECTION('ref_axis',(0.325568154457155,0.945518575599317,0.));
#10106=DIRECTION('center_axis',(0.,0.,-1.));
#10107=DIRECTION('ref_axis',(0.891833911105312,0.45236299031044,0.));
#10108=DIRECTION('center_axis',(0.878381935267412,-0.36899175842976,0.303793117115563));
#10109=DIRECTION('ref_axis',(0.477959387182519,0.678123923410884,-0.558303473661002));
#10110=DIRECTION('center_axis',(0.,0.,1.));
#10111=DIRECTION('ref_axis',(0.310752868228356,-0.950490744241021,0.));
#10112=DIRECTION('center_axis',(0.,0.,-1.));
#10113=DIRECTION('ref_axis',(0.884655976543882,-0.466244359928557,0.));
#10114=DIRECTION('center_axis',(0.,0.,-1.));
#10115=DIRECTION('ref_axis',(0.310752868228356,-0.950490744241021,0.));
#10116=DIRECTION('',(0.,0.,-1.));
#10117=DIRECTION('center_axis',(0.989932866001568,-0.116880087438602,-0.0798245950209947));
#10118=DIRECTION('ref_axis',(-0.141537701019633,-0.81747434855234,-0.558303473613593));
#10119=DIRECTION('center_axis',(0.466244359928428,0.88465597654395,0.));
#10120=DIRECTION('ref_axis',(0.88465597654395,-0.466244359928428,0.));
#10121=DIRECTION('center_axis',(0.,0.,1.));
#10122=DIRECTION('ref_axis',(-1.,0.,0.));
#10123=DIRECTION('center_axis',(0.,0.,-1.));
#10124=DIRECTION('ref_axis',(-0.7283709698824,0.685182990326359,0.));
#10125=DIRECTION('center_axis',(-0.63889155806436,-0.769296806852917,0.));
#10126=DIRECTION('ref_axis',(0.769296806852917,-0.63889155806436,0.));
#10127=DIRECTION('center_axis',(0.,0.,1.));
#10128=DIRECTION('ref_axis',(-1.22464679914735E-16,1.,0.));
#10129=DIRECTION('center_axis',(0.,0.,1.));
#10130=DIRECTION('ref_axis',(-1.22464679914735E-16,1.,0.));
#10131=DIRECTION('',(0.,0.,1.));
#10132=DIRECTION('center_axis',(0.,0.,1.));
#10133=DIRECTION('ref_axis',(-0.0766388458120497,-0.997058918676623,0.));
#10134=DIRECTION('center_axis',(0.,0.,-1.));
#10135=DIRECTION('ref_axis',(0.638891558064359,-0.769296806852918,0.));
#10136=DIRECTION('center_axis',(0.,0.,-1.));
#10137=DIRECTION('ref_axis',(-0.0766388458120497,-0.997058918676623,0.));
#10138=DIRECTION('',(0.,0.,-1.));
#10139=DIRECTION('center_axis',(0.89622603347028,-0.347009661734487,-0.276338907128631));
#10140=DIRECTION('ref_axis',(-0.443597674622085,-0.701083685745457,-0.558303473615778));
#10141=DIRECTION('center_axis',(0.76929680685283,0.638891558064465,0.));
#10142=DIRECTION('ref_axis',(0.638891558064465,-0.76929680685283,0.));
#10143=DIRECTION('center_axis',(0.,0.,1.));
#10144=DIRECTION('ref_axis',(-1.,0.,0.));
#10145=DIRECTION('center_axis',(0.,0.,-1.));
#10146=DIRECTION('ref_axis',(-0.7283709698824,0.685182990326359,0.));
#10147=DIRECTION('center_axis',(-0.884655976543886,-0.46624435992855,0.));
#10148=DIRECTION('ref_axis',(0.46624435992855,-0.884655976543886,0.));
#10149=DIRECTION('center_axis',(0.,0.,1.));
#10150=DIRECTION('ref_axis',(-1.22464679914735E-16,1.,0.));
#10151=DIRECTION('center_axis',(0.,0.,1.));
#10152=DIRECTION('ref_axis',(-1.22464679914735E-16,1.,0.));
#10153=DIRECTION('',(0.,0.,1.));
#10154=DIRECTION('center_axis',(0.,0.,-1.));
#10155=DIRECTION('ref_axis',(0.997058918676623,0.0766388458120561,0.));
#10156=DIRECTION('center_axis',(0.,0.,-1.));
#10157=DIRECTION('ref_axis',(0.662620048215733,0.748955720789007,0.));
#10158=DIRECTION('center_axis',(0.,0.,-1.));
#10159=DIRECTION('ref_axis',(0.997058918676623,0.0766388458120561,0.));
#10160=DIRECTION('center_axis',(-0.471793746209826,-0.298518725964726,-0.829636806853273));
#10161=DIRECTION('ref_axis',(0.701083685767577,0.443597674516266,-0.558303473672079));
#10162=DIRECTION('center_axis',(0.,0.,-1.));
#10163=DIRECTION('ref_axis',(0.950490744241025,-0.310752868228345,0.));
#10164=DIRECTION('center_axis',(0.,0.,-1.));
#10165=DIRECTION('ref_axis',(0.898794046299167,0.438371146789078,0.));
#10166=DIRECTION('center_axis',(0.,0.,-1.));
#10167=DIRECTION('ref_axis',(0.950490744241025,-0.310752868228345,0.));
#10168=DIRECTION('center_axis',(-0.550118756366201,-0.0952476908226175,
-0.829636806854098));
#10169=DIRECTION('ref_axis',(0.817474348531948,0.141537700911527,-0.558303473670858));
#10170=DIRECTION('center_axis',(0.,0.,-1.));
#10171=DIRECTION('ref_axis',(0.759218970214774,-0.65083527506276,0.));
#10172=DIRECTION('center_axis',(0.,0.,-1.));
#10173=DIRECTION('ref_axis',(0.998134798421867,0.0610485395348626,0.));
#10174=DIRECTION('',(0.,0.,1.));
#10175=DIRECTION('center_axis',(0.,0.,-1.));
#10176=DIRECTION('ref_axis',(0.759218970214774,-0.65083527506276,0.));
#10177=DIRECTION('',(0.,0.,-1.));
#10178=DIRECTION('center_axis',(-0.544693172634848,0.122523941707271,-0.829636806918242));
#10179=DIRECTION('ref_axis',(0.809411952250381,-0.182070104486485,-0.558303473575535));
#10180=DIRECTION('center_axis',(-0.995739542021003,-0.0922104357207069,
0.));
#10181=DIRECTION('ref_axis',(0.0922104357207069,-0.995739542021003,0.));
#10182=DIRECTION('center_axis',(0.,0.,1.));
#10183=DIRECTION('ref_axis',(-0.452362990310427,-0.891833911105318,0.));
#10184=DIRECTION('center_axis',(0.,0.,-1.));
#10185=DIRECTION('ref_axis',(0.295861691435931,-0.955230788626848,0.));
#10186=DIRECTION('center_axis',(0.,0.,-1.));
#10187=DIRECTION('ref_axis',(-0.452362990310427,-0.891833911105318,0.));
#10188=DIRECTION('',(0.,0.,-1.));
#10189=DIRECTION('center_axis',(0.45634299114457,0.321642414899292,-0.829636806904671));
#10190=DIRECTION('ref_axis',(-0.678123923514532,-0.477959387111755,-0.558303473595689));
#10191=DIRECTION('center_axis',(0.955230788626801,0.295861691436081,0.));
#10192=DIRECTION('ref_axis',(0.295861691436081,-0.955230788626801,0.));
#10193=DIRECTION('center_axis',(0.,0.,1.));
#10194=DIRECTION('ref_axis',(-1.,0.,0.));
#10195=DIRECTION('center_axis',(0.,0.,-1.));
#10196=DIRECTION('ref_axis',(-0.7283709698824,0.685182990326359,0.));
#10197=DIRECTION('center_axis',(0.,0.,1.));
#10198=DIRECTION('ref_axis',(-1.22464679914735E-16,1.,0.));
#10199=DIRECTION('center_axis',(0.,0.,1.));
#10200=DIRECTION('ref_axis',(-1.22464679914735E-16,1.,0.));
#10201=DIRECTION('center_axis',(0.,0.,-1.));
#10202=DIRECTION('ref_axis',(1.,1.22464679914735E-16,0.));
#10203=DIRECTION('center_axis',(0.,0.,-1.));
#10204=DIRECTION('ref_axis',(0.898832493591837,-0.438292309382083,0.));
#10205=DIRECTION('',(0.970468079089981,-0.241229574197285,0.));
#10206=DIRECTION('center_axis',(0.,0.,-1.));
#10207=DIRECTION('ref_axis',(0.241229574197258,0.970468079089987,0.));
#10208=DIRECTION('center_axis',(0.,0.,1.));
#10209=DIRECTION('ref_axis',(0.79512957502035,-0.606439575661052,0.));
#10210=DIRECTION('center_axis',(0.,0.,-1.));
#10211=DIRECTION('ref_axis',(-0.795129575020307,0.606439575661109,0.));
#10212=DIRECTION('',(-0.85679962738724,0.515649491911983,0.));
#10213=DIRECTION('center_axis',(0.,0.,-1.));
#10214=DIRECTION('ref_axis',(-0.515649491911965,-0.856799627387251,0.));
#10215=DIRECTION('center_axis',(0.,0.,1.));
#10216=DIRECTION('ref_axis',(-0.898832493591846,0.438292309382065,0.));
#10217=DIRECTION('center_axis',(0.,0.,-1.));
#10218=DIRECTION('ref_axis',(1.,1.22464679914735E-16,0.));
#10219=DIRECTION('center_axis',(0.,0.,1.));
#10220=DIRECTION('ref_axis',(0.133423978089009,-0.991059050748694,0.));
#10221=DIRECTION('center_axis',(0.,0.,-1.));
#10222=DIRECTION('ref_axis',(-0.133423978089008,0.991059050748695,0.));
#10223=DIRECTION('',(-0.241229574197295,0.970468079089978,0.));
#10224=DIRECTION('center_axis',(0.,0.,-1.));
#10225=DIRECTION('ref_axis',(-0.970468079089982,-0.241229574197281,0.));
#10226=DIRECTION('center_axis',(0.,0.,1.));
#10227=DIRECTION('ref_axis',(-0.32565108726364,0.945490015475578,0.));
#10228=DIRECTION('center_axis',(0.,0.,-1.));
#10229=DIRECTION('ref_axis',(0.325651087263639,-0.945490015475579,0.));
#10230=DIRECTION('',(0.515649491911988,-0.856799627387237,0.));
#10231=DIRECTION('center_axis',(0.,0.,-1.));
#10232=DIRECTION('ref_axis',(0.856799627387253,0.515649491911962,0.));
#10233=DIRECTION('center_axis',(0.,0.,-1.));
#10234=DIRECTION('ref_axis',(1.,1.22464679914735E-16,0.));
#10235=DIRECTION('center_axis',(0.,0.,-1.));
#10236=DIRECTION('ref_axis',(-0.32565108726364,0.945490015475578,0.));
#10237=DIRECTION('',(0.,0.,-1.));
#10238=DIRECTION('center_axis',(0.,0.,1.));
#10239=DIRECTION('ref_axis',(-0.32565108726364,0.945490015475578,0.));
#10240=DIRECTION('',(0.,0.,-1.));
#10241=DIRECTION('center_axis',(0.,0.,-1.));
#10242=DIRECTION('ref_axis',(-0.970468079089982,-0.241229574197281,0.));
#10243=DIRECTION('',(0.,0.,-1.));
#10244=DIRECTION('center_axis',(0.,0.,-1.));
#10245=DIRECTION('ref_axis',(-0.970468079089982,-0.241229574197281,0.));
#10246=DIRECTION('center_axis',(0.970468079089978,0.241229574197295,0.));
#10247=DIRECTION('ref_axis',(0.241229574197295,-0.970468079089978,0.));
#10248=DIRECTION('',(0.,0.,-1.));
#10249=DIRECTION('',(-0.241229574197295,0.970468079089978,0.));
#10250=DIRECTION('center_axis',(0.,0.,-1.));
#10251=DIRECTION('ref_axis',(-0.133423978089008,0.991059050748695,0.));
#10252=DIRECTION('',(0.,0.,-1.));
#10253=DIRECTION('center_axis',(0.,0.,-1.));
#10254=DIRECTION('ref_axis',(-0.133423978089008,0.991059050748695,0.));
#10255=DIRECTION('center_axis',(0.,0.,-1.));
#10256=DIRECTION('ref_axis',(-0.795129575020307,0.606439575661109,0.));
#10257=DIRECTION('',(0.,0.,-1.));
#10258=DIRECTION('center_axis',(0.,0.,-1.));
#10259=DIRECTION('ref_axis',(-0.795129575020307,0.606439575661109,0.));
#10260=DIRECTION('',(0.,0.,-1.));
#10261=DIRECTION('center_axis',(0.,0.,-1.));
#10262=DIRECTION('ref_axis',(0.79512957502035,-0.606439575661052,0.));
#10263=DIRECTION('',(0.,0.,-1.));
#10264=DIRECTION('center_axis',(0.,0.,1.));
#10265=DIRECTION('ref_axis',(0.79512957502035,-0.606439575661052,0.));
#10266=DIRECTION('center_axis',(0.,0.,-1.));
#10267=DIRECTION('ref_axis',(0.241229574197258,0.970468079089987,0.));
#10268=DIRECTION('',(0.,0.,-1.));
#10269=DIRECTION('center_axis',(0.,0.,-1.));
#10270=DIRECTION('ref_axis',(0.241229574197258,0.970468079089987,0.));
#10271=DIRECTION('center_axis',(-0.241229574197285,-0.970468079089981,0.));
#10272=DIRECTION('ref_axis',(-0.970468079089981,0.241229574197285,0.));
#10273=DIRECTION('',(0.,0.,-1.));
#10274=DIRECTION('',(0.970468079089981,-0.241229574197285,0.));
#10275=DIRECTION('center_axis',(0.,0.,-1.));
#10276=DIRECTION('ref_axis',(0.133423978089009,-0.991059050748694,0.));
#10277=DIRECTION('',(0.,0.,-1.));
#10278=DIRECTION('center_axis',(0.,0.,1.));
#10279=DIRECTION('ref_axis',(0.133423978089009,-0.991059050748694,0.));
#10280=DIRECTION('center_axis',(0.,0.,-1.));
#10281=DIRECTION('ref_axis',(0.856799627387253,0.515649491911962,0.));
#10282=DIRECTION('',(0.,0.,-1.));
#10283=DIRECTION('center_axis',(0.,0.,-1.));
#10284=DIRECTION('ref_axis',(0.856799627387253,0.515649491911962,0.));
#10285=DIRECTION('center_axis',(-0.856799627387237,-0.515649491911988,0.));
#10286=DIRECTION('ref_axis',(-0.515649491911988,0.856799627387237,0.));
#10287=DIRECTION('',(0.,0.,-1.));
#10288=DIRECTION('',(0.515649491911988,-0.856799627387237,0.));
#10289=DIRECTION('center_axis',(0.,0.,-1.));
#10290=DIRECTION('ref_axis',(0.325651087263639,-0.945490015475579,0.));
#10291=DIRECTION('center_axis',(0.,0.,-1.));
#10292=DIRECTION('ref_axis',(0.325651087263639,-0.945490015475579,0.));
#10293=DIRECTION('center_axis',(0.,0.,-1.));
#10294=DIRECTION('ref_axis',(0.898832493591837,-0.438292309382083,0.));
#10295=DIRECTION('',(0.,0.,-1.));
#10296=DIRECTION('center_axis',(0.,0.,-1.));
#10297=DIRECTION('ref_axis',(0.898832493591837,-0.438292309382083,0.));
#10298=DIRECTION('center_axis',(0.,0.,-1.));
#10299=DIRECTION('ref_axis',(-0.898832493591846,0.438292309382065,0.));
#10300=DIRECTION('',(0.,0.,-1.));
#10301=DIRECTION('center_axis',(0.,0.,1.));
#10302=DIRECTION('ref_axis',(-0.898832493591846,0.438292309382065,0.));
#10303=DIRECTION('center_axis',(0.,0.,-1.));
#10304=DIRECTION('ref_axis',(-0.515649491911965,-0.856799627387251,0.));
#10305=DIRECTION('',(0.,0.,-1.));
#10306=DIRECTION('center_axis',(0.,0.,-1.));
#10307=DIRECTION('ref_axis',(-0.515649491911965,-0.856799627387251,0.));
#10308=DIRECTION('center_axis',(0.515649491911983,0.85679962738724,0.));
#10309=DIRECTION('ref_axis',(0.85679962738724,-0.515649491911983,0.));
#10310=DIRECTION('',(-0.85679962738724,0.515649491911983,0.));
#10311=DIRECTION('center_axis',(-0.364619252446343,0.605848826643623,-0.707106781186558));
#10312=DIRECTION('ref_axis',(0.888794300397409,1.0884590950821E-16,-0.45830632941416));
#10313=DIRECTION('',(0.364619252446364,-0.605848826643635,-0.707106781186537));
#10314=DIRECTION('',(0.856799627387251,0.515649491911965,0.));
#10315=DIRECTION('',(-0.364619252446364,0.605848826643635,0.707106781186537));
#10316=DIRECTION('',(-0.856799627387251,-0.515649491911965,0.));
#10317=DIRECTION('center_axis',(0.,0.,1.));
#10318=DIRECTION('ref_axis',(-0.905391961445281,0.424576725869739,0.));
#10319=DIRECTION('center_axis',(0.,0.,-1.));
#10320=DIRECTION('ref_axis',(-0.905391961445281,0.424576725869739,0.));
#10321=DIRECTION('',(-0.698949485669974,-0.107096295368618,0.707106781186545));
#10322=DIRECTION('center_axis',(0.,0.,1.));
#10323=DIRECTION('ref_axis',(-0.905391961445281,0.424576725869739,0.));
#10324=DIRECTION('',(0.364619252446337,-0.605848826643642,-0.707106781186545));
#10325=DIRECTION('center_axis',(0.,0.,-1.));
#10326=DIRECTION('ref_axis',(1.,1.22464679914735E-16,0.));
#10327=DIRECTION('center_axis',(0.,0.,1.));
#10328=DIRECTION('ref_axis',(1.,1.22464679914735E-16,0.));
#10329=DIRECTION('center_axis',(0.,0.,1.));
#10330=DIRECTION('ref_axis',(0.923879532511287,0.382683432365089,0.));
#10331=DIRECTION('',(0.,0.,-1.));
#10332=DIRECTION('center_axis',(0.,0.,1.));
#10333=DIRECTION('ref_axis',(1.,1.22464679914735E-16,0.));
#10334=DIRECTION('',(0.,0.,1.));
#10335=DIRECTION('center_axis',(0.,0.,1.));
#10336=DIRECTION('ref_axis',(-1.,-1.22464679914735E-16,0.));
#10337=DIRECTION('',(0.,0.,-1.));
#10338=DIRECTION('center_axis',(0.,0.,-1.));
#10339=DIRECTION('ref_axis',(-1.,-1.22464679914735E-16,0.));
#10340=DIRECTION('',(0.,0.,-1.));
#10341=DIRECTION('center_axis',(-0.515649491911965,0.856799627387251,0.));
#10342=DIRECTION('ref_axis',(0.856799627387251,0.515649491911965,0.));
#10343=DIRECTION('',(-0.856799627387251,-0.515649491911965,0.));
#10344=DIRECTION('',(0.,0.,-1.));
#10345=DIRECTION('center_axis',(0.,0.,1.));
#10346=DIRECTION('ref_axis',(0.424576725869739,-0.90539196144528,0.));
#10347=DIRECTION('',(0.107096295368673,0.698949485669994,-0.707106781186517));
#10348=DIRECTION('center_axis',(0.,0.,-1.));
#10349=DIRECTION('ref_axis',(0.424576725869739,-0.90539196144528,0.));
#10350=DIRECTION('',(0.60584882664364,-0.364619252446338,0.707106781186546));
#10351=DIRECTION('center_axis',(0.,0.,1.));
#10352=DIRECTION('ref_axis',(0.424576725869739,-0.90539196144528,0.));
#10353=DIRECTION('center_axis',(0.605848826643643,-0.364619252446352,-0.707106781186537));
#10354=DIRECTION('ref_axis',(0.759385376128603,9.29978870195203E-17,0.650641107310336));
#10355=DIRECTION('',(0.605848826643617,-0.364619252446346,0.707106781186562));
#10356=DIRECTION('',(0.515649491911962,0.856799627387253,0.));
#10357=DIRECTION('',(-0.515649491911962,-0.856799627387253,0.));
#10358=DIRECTION('center_axis',(0.,0.,-1.));
#10359=DIRECTION('ref_axis',(-1.22464679914735E-16,1.,0.));
#10360=DIRECTION('center_axis',(0.,0.,1.));
#10361=DIRECTION('ref_axis',(-1.22464679914735E-16,1.,0.));
#10362=DIRECTION('center_axis',(0.,0.,1.));
#10363=DIRECTION('ref_axis',(-1.22464679914735E-16,1.,0.));
#10364=DIRECTION('',(0.605848826643637,-0.364619252446339,0.707106781186548));
#10365=DIRECTION('center_axis',(0.,0.,-1.));
#10366=DIRECTION('ref_axis',(-1.,-1.22464679914735E-16,0.));
#10367=DIRECTION('center_axis',(0.,0.,1.));
#10368=DIRECTION('ref_axis',(-1.,-1.22464679914735E-16,0.));
#10369=DIRECTION('center_axis',(0.856799627387253,-0.515649491911962,0.));
#10370=DIRECTION('ref_axis',(-0.515649491911962,-0.856799627387253,0.));
#10371=DIRECTION('',(0.,0.,1.));
#10372=DIRECTION('',(-0.515649491911962,-0.856799627387253,0.));
#10373=DIRECTION('',(0.,0.,-1.));
#10374=DIRECTION('center_axis',(0.,0.,1.));
#10375=DIRECTION('ref_axis',(0.382683432365093,0.923879532511285,0.));
#10376=DIRECTION('center_axis',(0.,0.,-1.));
#10377=DIRECTION('ref_axis',(-1.,-1.22464679914735E-16,0.));
#10378=DIRECTION('',(0.,0.,-1.));
#10379=DIRECTION('center_axis',(0.,0.,1.));
#10380=DIRECTION('ref_axis',(1.,1.22464679914735E-16,0.));
#10381=DIRECTION('',(0.,0.,-1.));
#10382=DIRECTION('center_axis',(0.,0.,1.));
#10383=DIRECTION('ref_axis',(1.,1.22464679914735E-16,0.));
#10384=DIRECTION('',(0.,0.,1.));
#10385=DIRECTION('center_axis',(0.,0.,1.));
#10386=DIRECTION('ref_axis',(-1.,-1.22464679914735E-16,0.));
#10387=DIRECTION('center_axis',(0.,0.,-1.));
#10388=DIRECTION('ref_axis',(-0.821186436822467,0.570660000331915,0.));
#10389=DIRECTION('center_axis',(0.,0.,1.));
#10390=DIRECTION('ref_axis',(1.,1.22464679914735E-16,0.));
#10391=DIRECTION('center_axis',(0.17057506773765,-0.686224559649615,-0.707106781186539));
#10392=DIRECTION('ref_axis',(0.972115399791972,1.19049801275709E-16,0.234502983962452));
#10393=DIRECTION('',(0.170575067737667,-0.686224559649629,0.707106781186521));
#10394=DIRECTION('',(0.970468079089979,0.241229574197291,0.));
#10395=DIRECTION('',(-0.170575067737644,0.686224559649599,-0.707106781186556));
#10396=DIRECTION('',(-0.970468079089979,-0.241229574197291,0.));
#10397=DIRECTION('center_axis',(0.,0.,1.));
#10398=DIRECTION('ref_axis',(-0.339987713573266,-0.940429877566224,0.));
#10399=DIRECTION('',(0.569960437719231,0.418503404328924,-0.70710678118655));
#10400=DIRECTION('center_axis',(0.,0.,-1.));
#10401=DIRECTION('ref_axis',(-0.339987713573266,-0.940429877566224,0.));
#10402=DIRECTION('center_axis',(0.,0.,1.));
#10403=DIRECTION('ref_axis',(-0.339987713573266,-0.940429877566224,0.));
#10404=DIRECTION('center_axis',(0.,0.,-1.));
#10405=DIRECTION('ref_axis',(-1.22464679914735E-16,1.,0.));
#10406=DIRECTION('center_axis',(0.,0.,-1.));
#10407=DIRECTION('ref_axis',(-1.22464679914735E-16,1.,0.));
#10408=DIRECTION('',(0.418503404328936,0.569960437719199,-0.707106781186569));
#10409=DIRECTION('center_axis',(0.,0.,1.));
#10410=DIRECTION('ref_axis',(-1.22464679914735E-16,1.,0.));
#10411=DIRECTION('center_axis',(0.,0.,1.));
#10412=DIRECTION('ref_axis',(-0.940429877566222,-0.339987713573271,0.));
#10413=DIRECTION('',(0.686224559649616,-0.17057506773764,-0.70710678118654));
#10414=DIRECTION('center_axis',(0.,0.,-1.));
#10415=DIRECTION('ref_axis',(-0.940429877566222,-0.339987713573271,0.));
#10416=DIRECTION('center_axis',(0.,0.,1.));
#10417=DIRECTION('ref_axis',(-0.940429877566222,-0.339987713573271,0.));
#10418=DIRECTION('center_axis',(-0.686224559649601,0.170575067737643,-0.707106781186555));
#10419=DIRECTION('ref_axis',(0.717623784525451,8.78835670711104E-17,-0.696430975677682));
#10420=DIRECTION('',(0.686224559649616,-0.17057506773764,-0.70710678118654));
#10421=DIRECTION('',(0.241229574197287,0.97046807908998,0.));
#10422=DIRECTION('',(-0.241229574197287,-0.97046807908998,0.));
#10423=DIRECTION('',(0.170575067737644,-0.686224559649599,0.707106781186556));
#10424=DIRECTION('center_axis',(0.,0.,-1.));
#10425=DIRECTION('ref_axis',(-1.,-1.22464679914735E-16,0.));
#10426=DIRECTION('',(0.686224559649616,-0.17057506773764,-0.70710678118654));
#10427=DIRECTION('center_axis',(0.,0.,-1.));
#10428=DIRECTION('ref_axis',(1.,1.22464679914735E-16,0.));
#10429=DIRECTION('center_axis',(-0.97046807908998,0.241229574197287,0.));
#10430=DIRECTION('ref_axis',(0.241229574197287,0.97046807908998,0.));
#10431=DIRECTION('',(-0.241229574197287,-0.97046807908998,0.));
#10432=DIRECTION('',(0.,0.,-1.));
#10433=DIRECTION('center_axis',(0.,0.,1.));
#10434=DIRECTION('ref_axis',(-0.940429877566222,-0.339987713573271,0.));
#10435=DIRECTION('center_axis',(0.,0.,-1.));
#10436=DIRECTION('ref_axis',(-0.940429877566222,-0.339987713573271,0.));
#10437=DIRECTION('',(0.,0.,1.));
#10438=DIRECTION('center_axis',(0.,0.,-1.));
#10439=DIRECTION('ref_axis',(-1.22464679914735E-16,1.,0.));
#10440=DIRECTION('center_axis',(0.,0.,-1.));
#10441=DIRECTION('ref_axis',(-4.85780463443264E-16,1.,0.));
#10442=DIRECTION('',(0.,0.,-1.));
#10443=DIRECTION('center_axis',(0.,0.,-1.));
#10444=DIRECTION('ref_axis',(-0.339987713573266,-0.940429877566224,0.));
#10445=DIRECTION('center_axis',(0.,0.,-1.));
#10446=DIRECTION('ref_axis',(-0.339987713573266,-0.940429877566224,0.));
#10447=DIRECTION('',(0.,0.,1.));
#10448=DIRECTION('center_axis',(0.,0.,1.));
#10449=DIRECTION('ref_axis',(1.,1.22464679914735E-16,0.));
#10450=DIRECTION('',(0.580666498095612,-0.403517555986604,-0.707106781186531));
#10451=DIRECTION('',(0.695923218577206,-0.125263218245301,0.707106781186528));
#10452=DIRECTION('center_axis',(0.,0.,-1.));
#10453=DIRECTION('ref_axis',(1.,1.22464679914735E-16,0.));
#10454=DIRECTION('center_axis',(0.,0.,-1.));
#10455=DIRECTION('ref_axis',(-0.984184054082199,0.177148942108969,0.));
#10456=DIRECTION('center_axis',(0.,0.,-1.));
#10457=DIRECTION('ref_axis',(-0.984184054082199,0.177148942108969,0.));
#10458=DIRECTION('',(0.411682264944938,0.574906699151963,0.707106781186548));
#10459=DIRECTION('center_axis',(0.,0.,1.));
#10460=DIRECTION('ref_axis',(-0.984184054082199,0.177148942108969,0.));
#10461=DIRECTION('center_axis',(0.,0.,-1.));
#10462=DIRECTION('ref_axis',(0.821186436822466,-0.570660000331915,0.));
#10463=DIRECTION('center_axis',(0.,0.,1.));
#10464=DIRECTION('ref_axis',(0.821186436822466,-0.570660000331915,0.));
#10465=DIRECTION('',(-0.115417104283142,-0.697623746756717,-0.707106781186558));
#10466=DIRECTION('center_axis',(0.,0.,-1.));
#10467=DIRECTION('ref_axis',(0.821186436822467,-0.570660000331915,0.));
#10468=DIRECTION('center_axis',(0.,0.,1.));
#10469=DIRECTION('ref_axis',(1.,1.22464679914735E-16,0.));
#10470=DIRECTION('',(0.574906699151969,0.411682264944948,0.707106781186537));
#10471=DIRECTION('center_axis',(0.,0.,-1.));
#10472=DIRECTION('ref_axis',(1.,1.22464679914735E-16,0.));
#10473=DIRECTION('center_axis',(0.,0.,1.));
#10474=DIRECTION('ref_axis',(1.,1.22464679914735E-16,0.));
#10475=DIRECTION('center_axis',(0.,0.,1.));
#10476=DIRECTION('ref_axis',(1.,1.22464679914735E-16,0.));
#10477=DIRECTION('center_axis',(0.,0.,-1.));
#10478=DIRECTION('ref_axis',(1.,1.22464679914735E-16,0.));
#10479=DIRECTION('center_axis',(0.,0.,1.));
#10480=DIRECTION('ref_axis',(1.,1.22464679914735E-16,0.));
#10481=DIRECTION('center_axis',(0.,0.,-1.));
#10482=DIRECTION('ref_axis',(0.177148942108967,-0.9841840540822,0.));
#10483=DIRECTION('',(-0.125263218245274,0.695923218577184,0.707106781186554));
#10484=DIRECTION('center_axis',(0.,0.,1.));
#10485=DIRECTION('ref_axis',(0.177148942108967,-0.9841840540822,0.));
#10486=DIRECTION('center_axis',(0.,0.,-1.));
#10487=DIRECTION('ref_axis',(0.177148942108967,-0.9841840540822,0.));
#10488=DIRECTION('center_axis',(0.,0.,1.));
#10489=DIRECTION('ref_axis',(1.,1.22464679914735E-16,0.));
#10490=DIRECTION('',(0.403517555986629,-0.58066649809561,0.707106781186519));
#10491=DIRECTION('center_axis',(0.,0.,-1.));
#10492=DIRECTION('ref_axis',(1.,1.22464679914735E-16,0.));
#10493=DIRECTION('center_axis',(0.,0.,-1.));
#10494=DIRECTION('ref_axis',(-0.570660000331917,0.821186436822465,0.));
#10495=DIRECTION('center_axis',(0.,0.,-1.));
#10496=DIRECTION('ref_axis',(-0.570660000331917,0.821186436822465,0.));
#10497=DIRECTION('',(0.697623746756735,0.115417104283109,0.707106781186545));
#10498=DIRECTION('center_axis',(0.,0.,1.));
#10499=DIRECTION('ref_axis',(-0.570660000331917,0.821186436822466,0.));
#10500=DIRECTION('center_axis',(0.,0.,-1.));
#10501=DIRECTION('ref_axis',(-1.,-1.22464679914735E-16,0.));
#10502=DIRECTION('',(0.,0.,-1.));
#10503=DIRECTION('center_axis',(0.,0.,-1.));
#10504=DIRECTION('ref_axis',(-0.821186436822467,0.570660000331915,0.));
#10505=DIRECTION('center_axis',(0.,0.,1.));
#10506=DIRECTION('ref_axis',(0.984184054082199,-0.177148942108969,0.));
#10507=DIRECTION('center_axis',(0.,0.,-1.));
#10508=DIRECTION('ref_axis',(0.984184054082199,-0.177148942108969,0.));
#10509=DIRECTION('',(0.,0.,1.));
#10510=DIRECTION('center_axis',(0.,0.,-1.));
#10511=DIRECTION('ref_axis',(-1.,-1.22464679914735E-16,0.));
#10512=DIRECTION('center_axis',(0.,0.,-1.));
#10513=DIRECTION('ref_axis',(-1.,-1.22464679914735E-16,0.));
#10514=DIRECTION('',(0.,0.,-1.));
#10515=DIRECTION('center_axis',(0.,0.,-1.));
#10516=DIRECTION('ref_axis',(-0.177148942108967,0.9841840540822,0.));
#10517=DIRECTION('center_axis',(0.,0.,-1.));
#10518=DIRECTION('ref_axis',(-0.177148942108967,0.9841840540822,0.));
#10519=DIRECTION('center_axis',(0.,0.,1.));
#10520=DIRECTION('ref_axis',(0.570660000331917,-0.821186436822465,0.));
#10521=DIRECTION('center_axis',(0.,0.,-1.));
#10522=DIRECTION('ref_axis',(0.570660000331917,-0.821186436822465,0.));
#10523=DIRECTION('',(0.,0.,1.));
#10524=DIRECTION('center_axis',(0.,0.,1.));
#10525=DIRECTION('ref_axis',(1.,1.22464679914735E-16,0.));
#10526=DIRECTION('center_axis',(0.,0.,1.));
#10527=DIRECTION('ref_axis',(1.,1.22464679914735E-16,0.));
#10528=DIRECTION('',(0.,0.,-1.));
#10529=DIRECTION('center_axis',(0.,0.,-1.));
#10530=DIRECTION('ref_axis',(1.,1.22464679914735E-16,0.));
#10531=DIRECTION('center_axis',(0.,0.,1.));
#10532=DIRECTION('ref_axis',(1.,1.22464679914735E-16,0.));
#10533=DIRECTION('center_axis',(0.,0.,1.));
#10534=DIRECTION('ref_axis',(1.,1.22464679914735E-16,0.));
#10535=DIRECTION('',(0.,0.,-1.));
#10536=DIRECTION('center_axis',(0.,0.,-1.));
#10537=DIRECTION('ref_axis',(1.,1.22464679914735E-16,0.));
#10538=DIRECTION('center_axis',(0.,0.,-1.));
#10539=DIRECTION('ref_axis',(0.424576725869739,-0.90539196144528,0.));
#10540=DIRECTION('',(0.,0.,-1.));
#10541=DIRECTION('center_axis',(0.,0.,-1.));
#10542=DIRECTION('ref_axis',(0.424576725869739,-0.90539196144528,0.));
#10543=DIRECTION('center_axis',(0.241229574197291,-0.970468079089979,0.));
#10544=DIRECTION('ref_axis',(-0.970468079089979,-0.241229574197291,0.));
#10545=DIRECTION('',(-0.970468079089979,-0.241229574197291,0.));
#10546=DIRECTION('center_axis',(0.,0.,1.));
#10547=DIRECTION('ref_axis',(-0.905391961445281,0.424576725869739,0.));
#10548=DIRECTION('center_axis',(0.,0.,-1.));
#10549=DIRECTION('ref_axis',(-0.905391961445281,0.424576725869739,0.));
#10550=DIRECTION('',(0.,0.,1.));
#10551=DIRECTION('center_axis',(0.,0.,1.));
#10552=DIRECTION('ref_axis',(-0.651542971819177,0.758611729327352,0.));
#10553=DIRECTION('center_axis',(0.,0.,1.));
#10554=DIRECTION('ref_axis',(0.0903532008193117,0.995909784619925,0.));
#10555=DIRECTION('',(0.,0.,-1.));
#10556=DIRECTION('center_axis',(0.,0.,-1.));
#10557=DIRECTION('ref_axis',(-0.651542971819177,0.758611729327352,0.));
#10558=DIRECTION('',(0.,0.,1.));
#10559=DIRECTION('center_axis',(0.,0.,1.));
#10560=DIRECTION('ref_axis',(1.,0.,0.));
#10561=DIRECTION('center_axis',(0.995909784619925,-0.0903532008193127,6.74649103340286E-16));
#10562=DIRECTION('ref_axis',(0.0638893610012172,0.704214562154461,-0.707106781186871));
#10563=DIRECTION('center_axis',(0.,0.,1.));
#10564=DIRECTION('ref_axis',(0.195090322016128,0.98078528040323,0.));
#10565=DIRECTION('center_axis',(-0.95467733925278,0.297642701770484,2.02394731002085E-15));
#10566=DIRECTION('ref_axis',(0.297642701770484,0.95467733925278,0.));
#10567=DIRECTION('center_axis',(0.,0.,-1.));
#10568=DIRECTION('ref_axis',(0.195090322016128,0.98078528040323,0.));
#10569=DIRECTION('center_axis',(0.,0.,1.));
#10570=DIRECTION('ref_axis',(1.,0.,0.));
#10571=DIRECTION('center_axis',(0.0431771584573877,0.705940300646945,0.706954047240729));
#10572=DIRECTION('ref_axis',(0.0638893610012482,0.704214562154788,-0.707106781186542));
#10573=DIRECTION('center_axis',(0.,0.,-1.));
#10574=DIRECTION('ref_axis',(0.89225535662673,0.451531149059406,0.));
#10575=DIRECTION('center_axis',(0.,0.,1.));
#10576=DIRECTION('ref_axis',(0.945518575598534,-0.325568154459431,0.));
#10577=DIRECTION('',(0.,0.,-1.));
#10578=DIRECTION('center_axis',(0.,0.,-1.));
#10579=DIRECTION('ref_axis',(0.89225535662673,0.451531149059406,0.));
#10580=DIRECTION('',(0.,0.,1.));
#10581=DIRECTION('center_axis',(0.,0.,1.));
#10582=DIRECTION('ref_axis',(1.,0.,0.));
#10583=DIRECTION('center_axis',(0.23026116432564,0.668726978140821,0.706954047240729));
#10584=DIRECTION('ref_axis',(0.210465172792595,0.675058820430782,-0.707106781186536));
#10585=DIRECTION('center_axis',(-0.998134798421867,0.0610485395348568,0.));
#10586=DIRECTION('ref_axis',(-0.0610485395348568,-0.998134798421867,0.));
#10587=DIRECTION('',(-0.0610485395348568,-0.998134798421867,0.));
#10588=DIRECTION('',(0.,0.,-1.));
#10589=DIRECTION('center_axis',(0.043178379172838,0.705960259168069,0.706934042218479));
#10590=DIRECTION('ref_axis',(0.0652026243901071,0.704094182414922,-0.707106781230462));
#10591=DIRECTION('center_axis',(0.,0.,1.));
#10592=DIRECTION('ref_axis',(-1.22464679914735E-16,1.,0.));
#10593=DIRECTION('center_axis',(0.,0.,-1.));
#10594=DIRECTION('ref_axis',(0.7283709698824,0.685182990326359,0.));
#10595=DIRECTION('center_axis',(0.230267674325691,0.668745884553783,0.70693404222248));
#10596=DIRECTION('ref_axis',(0.945518575599316,-0.325568154457158,0.));
#10597=DIRECTION('center_axis',(-0.945518575599317,0.325568154457157,0.));
#10598=DIRECTION('ref_axis',(-0.325568154457157,-0.945518575599317,0.));
#10599=DIRECTION('',(0.,0.,1.));
#10600=DIRECTION('',(-0.325568154457157,-0.945518575599317,0.));
#10601=DIRECTION('center_axis',(0.,0.,1.));
#10602=DIRECTION('ref_axis',(-0.3116390758039,0.950200550637649,0.));
#10603=DIRECTION('center_axis',(0.,0.,1.));
#10604=DIRECTION('ref_axis',(0.464593647638174,0.885523993223366,0.));
#10605=DIRECTION('',(0.,0.,-1.));
#10606=DIRECTION('center_axis',(0.,0.,-1.));
#10607=DIRECTION('ref_axis',(-0.3116390758039,0.950200550637649,0.));
#10608=DIRECTION('',(0.,0.,1.));
#10609=DIRECTION('center_axis',(0.,0.,1.));
#10610=DIRECTION('ref_axis',(1.,0.,0.));
#10611=DIRECTION('center_axis',(0.885523993223366,-0.464593647638174,3.49590899003598E-15));
#10612=DIRECTION('ref_axis',(0.328517318741003,0.626160020511354,-0.707106781186861));
#10613=DIRECTION('center_axis',(0.,0.,1.));
#10614=DIRECTION('ref_axis',(0.555570233019603,0.831469612302545,0.));
#10615=DIRECTION('center_axis',(-0.768103923156037,0.640325201153527,-1.7786203633516E-15));
#10616=DIRECTION('ref_axis',(0.640325201153527,0.768103923156037,0.));
#10617=DIRECTION('center_axis',(0.,0.,-1.));
#10618=DIRECTION('ref_axis',(0.555570233019603,0.831469612302545,0.));
#10619=DIRECTION('center_axis',(0.,0.,1.));
#10620=DIRECTION('ref_axis',(1.,0.,0.));
#10621=DIRECTION('center_axis',(0.310042150267194,0.635680611744332,0.706954047240729));
#10622=DIRECTION('ref_axis',(0.328517318741157,0.62616002051163,-0.707106781186545));
#10623=DIRECTION('center_axis',(0.,0.,-1.));
#10624=DIRECTION('ref_axis',(0.997129951702801,0.0757090444872298,0.));
#10625=DIRECTION('center_axis',(0.,0.,1.));
#10626=DIRECTION('ref_axis',(0.748955720787418,-0.662620048217528,0.));
#10627=DIRECTION('',(0.,0.,-1.));
#10628=DIRECTION('center_axis',(0.,0.,-1.));
#10629=DIRECTION('ref_axis',(0.997129951702801,0.0757090444872298,0.));
#10630=DIRECTION('',(0.,0.,1.));
#10631=DIRECTION('center_axis',(0.,0.,1.));
#10632=DIRECTION('ref_axis',(1.,0.,0.));
#10633=DIRECTION('center_axis',(0.46864431216274,0.52970603523791,0.706954047240729));
#10634=DIRECTION('ref_axis',(0.452778291900298,0.543131492719603,-0.707106781186565));
#10635=DIRECTION('center_axis',(-0.898794046299167,0.438371146789078,0.));
#10636=DIRECTION('ref_axis',(-0.438371146789078,-0.898794046299167,0.));
#10637=DIRECTION('',(-0.438371146789078,-0.898794046299167,0.));
#10638=DIRECTION('',(0.,0.,-1.));
#10639=DIRECTION('center_axis',(0.310050915852671,0.635698583857905,0.706934042227402));
#10640=DIRECTION('ref_axis',(0.329684548579046,0.625546240000482,-0.707106781221542));
#10641=DIRECTION('center_axis',(0.,0.,1.));
#10642=DIRECTION('ref_axis',(-1.22464679914735E-16,1.,0.));
#10643=DIRECTION('center_axis',(0.,0.,-1.));
#10644=DIRECTION('ref_axis',(0.7283709698824,0.685182990326359,0.));
#10645=DIRECTION('center_axis',(0.468657561785907,0.529721011212591,0.706934042227986));
#10646=DIRECTION('ref_axis',(0.748955720788998,-0.662620048215742,0.));
#10647=DIRECTION('center_axis',(-0.748955720789002,0.662620048215738,0.));
#10648=DIRECTION('ref_axis',(-0.662620048215738,-0.748955720789002,0.));
#10649=DIRECTION('',(0.,0.,1.));
#10650=DIRECTION('',(-0.662620048215738,-0.748955720789002,0.));
#10651=DIRECTION('center_axis',(0.,0.,1.));
#10652=DIRECTION('ref_axis',(0.0757090444872544,0.997129951702799,0.));
#10653=DIRECTION('center_axis',(0.,0.,1.));
#10654=DIRECTION('ref_axis',(0.768103923156028,0.640325201153538,0.));
#10655=DIRECTION('',(0.,0.,-1.));
#10656=DIRECTION('center_axis',(0.,0.,-1.));
#10657=DIRECTION('ref_axis',(0.0757090444872544,0.997129951702799,0.));
#10658=DIRECTION('',(0.,0.,1.));
#10659=DIRECTION('center_axis',(0.,0.,1.));
#10660=DIRECTION('ref_axis',(1.,0.,0.));
#10661=DIRECTION('center_axis',(0.640325201153542,-0.768103923156024,1.01197365501042E-14));
#10662=DIRECTION('ref_axis',(0.543131492719374,0.452778291900099,-0.707106781186867));
#10663=DIRECTION('center_axis',(0.,0.,1.));
#10664=DIRECTION('ref_axis',(0.831469612302545,0.555570233019602,0.));
#10665=DIRECTION('center_axis',(-0.464593647638178,0.885523993223364,-1.67435641101724E-14));
#10666=DIRECTION('ref_axis',(0.885523993223364,0.464593647638178,0.));
#10667=DIRECTION('center_axis',(0.,0.,-1.));
#10668=DIRECTION('ref_axis',(0.831469612302545,0.555570233019602,0.));
#10669=DIRECTION('center_axis',(0.,0.,1.));
#10670=DIRECTION('ref_axis',(1.,0.,0.));
#10671=DIRECTION('center_axis',(0.52970603523791,0.46864431216274,0.706954047240729));
#10672=DIRECTION('ref_axis',(0.543131492719633,0.45277829190032,-0.707106781186528));
#10673=DIRECTION('center_axis',(0.,0.,-1.));
#10674=DIRECTION('ref_axis',(0.950200550637648,-0.311639075803904,0.));
#10675=DIRECTION('center_axis',(0.,0.,1.));
#10676=DIRECTION('ref_axis',(0.438371146786915,-0.898794046300222,0.));
#10677=DIRECTION('',(0.,0.,-1.));
#10678=DIRECTION('center_axis',(0.,0.,-1.));
#10679=DIRECTION('ref_axis',(0.950200550637648,-0.311639075803904,0.));
#10680=DIRECTION('',(0.,0.,1.));
#10681=DIRECTION('center_axis',(0.,0.,1.));
#10682=DIRECTION('ref_axis',(1.,0.,0.));
#10683=DIRECTION('center_axis',(0.635680611744332,0.310042150267194,0.706954047240729));
#10684=DIRECTION('ref_axis',(0.626160020511614,0.328517318741136,-0.707106781186569));
#10685=DIRECTION('center_axis',(-0.662620048215738,0.748955720789002,0.));
#10686=DIRECTION('ref_axis',(-0.748955720789002,-0.662620048215737,0.));
#10687=DIRECTION('',(-0.748955720789002,-0.662620048215737,0.));
#10688=DIRECTION('',(0.,0.,-1.));
#10689=DIRECTION('center_axis',(0.529721011212584,0.468657561785901,0.706934042227995));
#10690=DIRECTION('ref_axis',(0.543974988844347,0.451764553128223,-0.707106781220948));
#10691=DIRECTION('center_axis',(0.,0.,1.));
#10692=DIRECTION('ref_axis',(-1.22464679914735E-16,1.,0.));
#10693=DIRECTION('center_axis',(0.,0.,-1.));
#10694=DIRECTION('ref_axis',(0.7283709698824,0.685182990326359,0.));
#10695=DIRECTION('center_axis',(0.635698583857918,0.310050915852673,0.70693404222739));
#10696=DIRECTION('ref_axis',(0.438371146789076,-0.898794046299168,0.));
#10697=DIRECTION('center_axis',(-0.438371146789078,0.898794046299167,0.));
#10698=DIRECTION('ref_axis',(-0.898794046299167,-0.438371146789078,0.));
#10699=DIRECTION('',(0.,0.,1.));
#10700=DIRECTION('',(-0.898794046299167,-0.438371146789078,0.));
#10701=DIRECTION('center_axis',(0.,0.,1.));
#10702=DIRECTION('ref_axis',(0.451531149059425,0.89225535662672,0.));
#10703=DIRECTION('center_axis',(0.,0.,1.));
#10704=DIRECTION('ref_axis',(0.954677339252778,0.297642701770489,0.));
#10705=DIRECTION('',(0.,0.,-1.));
#10706=DIRECTION('center_axis',(0.,0.,-1.));
#10707=DIRECTION('ref_axis',(0.451531149059425,0.89225535662672,0.));
#10708=DIRECTION('',(0.,0.,1.));
#10709=DIRECTION('center_axis',(0.,0.,1.));
#10710=DIRECTION('ref_axis',(1.,0.,0.));
#10711=DIRECTION('center_axis',(0.297642701770488,-0.954677339252778,8.34111618675252E-15));
#10712=DIRECTION('ref_axis',(0.675058820430461,0.210465172792495,-0.707106781186873));
#10713=DIRECTION('center_axis',(0.,0.,1.));
#10714=DIRECTION('ref_axis',(0.98078528040323,0.195090322016128,0.));
#10715=DIRECTION('center_axis',(-0.0903532008192979,0.995909784619926,-4.26255569837723E-15));
#10716=DIRECTION('ref_axis',(0.995909784619926,0.0903532008192979,0.));
#10717=DIRECTION('center_axis',(0.,0.,-1.));
#10718=DIRECTION('ref_axis',(0.98078528040323,0.195090322016128,0.));
#10719=DIRECTION('center_axis',(0.,0.,1.));
#10720=DIRECTION('ref_axis',(1.,0.,0.));
#10721=DIRECTION('center_axis',(0.668726978140821,0.230261164325639,0.706954047240729));
#10722=DIRECTION('ref_axis',(0.675058820430748,0.210465172792608,-0.707106781186564));
#10723=DIRECTION('center_axis',(0.,0.,-1.));
#10724=DIRECTION('ref_axis',(0.758611729327344,-0.651542971819186,0.));
#10725=DIRECTION('center_axis',(0.,0.,1.));
#10726=DIRECTION('ref_axis',(0.0610485395324639,-0.998134798422013,0.));
#10727=DIRECTION('',(0.,0.,1.));
#10728=DIRECTION('center_axis',(0.,0.,-1.));
#10729=DIRECTION('ref_axis',(0.758611729327344,-0.651542971819186,0.));
#10730=DIRECTION('',(0.,0.,1.));
#10731=DIRECTION('center_axis',(0.,0.,1.));
#10732=DIRECTION('ref_axis',(1.,0.,0.));
#10733=DIRECTION('center_axis',(0.705940300646945,0.0431771584573878,0.706954047240729));
#10734=DIRECTION('ref_axis',(0.704214562154773,0.0638893610012492,-0.707106781186557));
#10735=DIRECTION('center_axis',(-0.325568154457157,0.945518575599317,0.));
#10736=DIRECTION('ref_axis',(-0.945518575599317,-0.325568154457157,0.));
#10737=DIRECTION('',(-0.945518575599317,-0.325568154457157,0.));
#10738=DIRECTION('',(0.,0.,-1.));
#10739=DIRECTION('center_axis',(0.668745884553811,0.230267674325702,0.706934042222451));
#10740=DIRECTION('ref_axis',(0.675450168198025,0.209205808295968,-0.707106781226492));
#10741=DIRECTION('center_axis',(0.,0.,1.));
#10742=DIRECTION('ref_axis',(-1.22464679914735E-16,1.,0.));
#10743=DIRECTION('center_axis',(0.,0.,-1.));
#10744=DIRECTION('ref_axis',(0.7283709698824,0.685182990326359,0.));
#10745=DIRECTION('center_axis',(0.705960259168078,0.0431783791728357,0.706934042218471));
#10746=DIRECTION('ref_axis',(0.0610485395348583,-0.998134798421867,0.));
#10747=DIRECTION('center_axis',(0.,0.,-1.));
#10748=DIRECTION('ref_axis',(-0.650835275062768,-0.759218970214767,0.));
#10749=DIRECTION('center_axis',(0.,0.,1.));
#10750=DIRECTION('ref_axis',(-0.995739542021004,-0.0922104357207051,0.));
#10751=DIRECTION('',(0.,0.,-1.));
#10752=DIRECTION('center_axis',(0.,0.,1.));
#10753=DIRECTION('ref_axis',(-0.650835275062768,-0.759218970214767,0.));
#10754=DIRECTION('',(0.,0.,1.));
#10755=DIRECTION('center_axis',(-0.983285552141983,0.149874793135581,0.10337828268743));
#10756=DIRECTION('ref_axis',(-0.182070104489541,-0.809411952245758,-0.558303473581241));
#10757=DIRECTION('center_axis',(0.0922104357205356,-0.995739542021019,0.));
#10758=DIRECTION('ref_axis',(-0.995739542021019,-0.0922104357205356,0.));
#10759=DIRECTION('center_axis',(0.,0.,1.));
#10760=DIRECTION('ref_axis',(1.,0.,0.));
#10761=DIRECTION('center_axis',(-0.295861691435932,0.955230788626848,0.));
#10762=DIRECTION('ref_axis',(-0.955230788626848,-0.295861691435932,0.));
#10763=DIRECTION('center_axis',(0.,0.,1.));
#10764=DIRECTION('ref_axis',(0.7283709698824,0.68518299032636,0.));
#10765=DIRECTION('center_axis',(0.,0.,-1.));
#10766=DIRECTION('ref_axis',(-1.22464679914735E-16,1.,0.));
#10767=DIRECTION('',(0.,0.,1.));
#10768=DIRECTION('center_axis',(0.,0.,-1.));
#10769=DIRECTION('ref_axis',(-1.22464679914735E-16,1.,0.));
#10770=DIRECTION('center_axis',(0.,0.,1.));
#10771=DIRECTION('ref_axis',(-0.891833911105312,0.45236299031044,0.));
#10772=DIRECTION('center_axis',(0.,0.,1.));
#10773=DIRECTION('ref_axis',(-0.325568154457155,0.945518575599317,0.));
#10774=DIRECTION('center_axis',(0.,0.,1.));
#10775=DIRECTION('ref_axis',(-0.891833911105312,0.45236299031044,0.));
#10776=DIRECTION('center_axis',(-0.878381935267412,-0.36899175842976,0.303793117115563));
#10777=DIRECTION('ref_axis',(-0.477959387182519,0.678123923410884,-0.558303473661002));
#10778=DIRECTION('center_axis',(0.,0.,-1.));
#10779=DIRECTION('ref_axis',(-0.310752868228356,-0.950490744241021,0.));
#10780=DIRECTION('center_axis',(0.,0.,1.));
#10781=DIRECTION('ref_axis',(-0.884655976543882,-0.466244359928557,0.));
#10782=DIRECTION('',(0.,0.,-1.));
#10783=DIRECTION('center_axis',(0.,0.,1.));
#10784=DIRECTION('ref_axis',(-0.310752868228356,-0.950490744241021,0.));
#10785=DIRECTION('center_axis',(-0.989932866001568,-0.116880087438602,-0.0798245950209947));
#10786=DIRECTION('ref_axis',(0.141537701019633,-0.81747434855234,-0.558303473613593));
#10787=DIRECTION('center_axis',(0.466244359928429,-0.88465597654395,0.));
#10788=DIRECTION('ref_axis',(-0.88465597654395,-0.466244359928429,0.));
#10789=DIRECTION('center_axis',(0.,0.,1.));
#10790=DIRECTION('ref_axis',(1.,0.,0.));
#10791=DIRECTION('center_axis',(-0.63889155806436,0.769296806852917,0.));
#10792=DIRECTION('ref_axis',(-0.769296806852917,-0.63889155806436,0.));
#10793=DIRECTION('center_axis',(0.,0.,1.));
#10794=DIRECTION('ref_axis',(0.7283709698824,0.68518299032636,0.));
#10795=DIRECTION('center_axis',(0.,0.,-1.));
#10796=DIRECTION('ref_axis',(-1.22464679914735E-16,1.,0.));
#10797=DIRECTION('',(0.,0.,1.));
#10798=DIRECTION('center_axis',(0.,0.,-1.));
#10799=DIRECTION('ref_axis',(-1.22464679914735E-16,1.,0.));
#10800=DIRECTION('center_axis',(0.,0.,-1.));
#10801=DIRECTION('ref_axis',(0.0766388458120499,-0.997058918676623,0.));
#10802=DIRECTION('center_axis',(0.,0.,1.));
#10803=DIRECTION('ref_axis',(-0.638891558064359,-0.769296806852918,0.));
#10804=DIRECTION('',(0.,0.,-1.));
#10805=DIRECTION('center_axis',(0.,0.,1.));
#10806=DIRECTION('ref_axis',(0.0766388458120499,-0.997058918676623,0.));
#10807=DIRECTION('center_axis',(-0.89622603347028,-0.347009661734487,-0.276338907128631));
#10808=DIRECTION('ref_axis',(0.443597674622085,-0.701083685745457,-0.558303473615778));
#10809=DIRECTION('center_axis',(0.76929680685283,-0.638891558064464,0.));
#10810=DIRECTION('ref_axis',(-0.638891558064464,-0.769296806852831,0.));
#10811=DIRECTION('center_axis',(0.,0.,1.));
#10812=DIRECTION('ref_axis',(1.,0.,0.));
#10813=DIRECTION('center_axis',(-0.884655976543887,0.466244359928549,0.));
#10814=DIRECTION('ref_axis',(-0.466244359928549,-0.884655976543887,0.));
#10815=DIRECTION('center_axis',(0.,0.,1.));
#10816=DIRECTION('ref_axis',(0.7283709698824,0.68518299032636,0.));
#10817=DIRECTION('center_axis',(0.,0.,-1.));
#10818=DIRECTION('ref_axis',(-1.22464679914735E-16,1.,0.));
#10819=DIRECTION('',(0.,0.,1.));
#10820=DIRECTION('center_axis',(0.,0.,-1.));
#10821=DIRECTION('ref_axis',(-1.22464679914735E-16,1.,0.));
#10822=DIRECTION('center_axis',(0.,0.,1.));
#10823=DIRECTION('ref_axis',(-0.997058918676623,0.0766388458120558,0.));
#10824=DIRECTION('center_axis',(0.,0.,1.));
#10825=DIRECTION('ref_axis',(-0.662620048215733,0.748955720789006,0.));
#10826=DIRECTION('center_axis',(0.,0.,1.));
#10827=DIRECTION('ref_axis',(-0.997058918676623,0.0766388458120558,0.));
#10828=DIRECTION('center_axis',(0.471793746209826,-0.298518725964726,-0.829636806853273));
#10829=DIRECTION('ref_axis',(-0.701083685767577,0.443597674516266,-0.558303473672079));
#10830=DIRECTION('center_axis',(0.,0.,1.));
#10831=DIRECTION('ref_axis',(-0.950490744241025,-0.310752868228345,0.));
#10832=DIRECTION('center_axis',(0.,0.,1.));
#10833=DIRECTION('ref_axis',(-0.898794046299167,0.438371146789078,0.));
#10834=DIRECTION('center_axis',(0.,0.,1.));
#10835=DIRECTION('ref_axis',(-0.950490744241025,-0.310752868228345,0.));
#10836=DIRECTION('center_axis',(0.550118756366201,-0.0952476908226175,-0.829636806854098));
#10837=DIRECTION('ref_axis',(-0.817474348531948,0.141537700911527,-0.558303473670858));
#10838=DIRECTION('center_axis',(0.,0.,1.));
#10839=DIRECTION('ref_axis',(-0.759218970214773,-0.650835275062761,0.));
#10840=DIRECTION('center_axis',(0.,0.,1.));
#10841=DIRECTION('ref_axis',(-0.998134798421867,0.0610485395348624,0.));
#10842=DIRECTION('center_axis',(0.,0.,1.));
#10843=DIRECTION('ref_axis',(-0.759218970214773,-0.650835275062761,0.));
#10844=DIRECTION('',(0.,0.,1.));
#10845=DIRECTION('center_axis',(0.544693172634848,0.122523941707271,-0.829636806918242));
#10846=DIRECTION('ref_axis',(-0.809411952250381,-0.182070104486485,-0.558303473575535));
#10847=DIRECTION('center_axis',(-0.995739542021003,0.0922104357207067,0.));
#10848=DIRECTION('ref_axis',(-0.0922104357207067,-0.995739542021003,0.));
#10849=DIRECTION('center_axis',(0.,0.,-1.));
#10850=DIRECTION('ref_axis',(0.452362990310427,-0.891833911105318,0.));
#10851=DIRECTION('center_axis',(0.,0.,1.));
#10852=DIRECTION('ref_axis',(-0.295861691435931,-0.955230788626848,0.));
#10853=DIRECTION('',(0.,0.,-1.));
#10854=DIRECTION('center_axis',(0.,0.,1.));
#10855=DIRECTION('ref_axis',(0.452362990310427,-0.891833911105318,0.));
#10856=DIRECTION('center_axis',(-0.45634299114457,0.321642414899292,-0.829636806904671));
#10857=DIRECTION('ref_axis',(0.678123923514532,-0.477959387111755,-0.558303473595689));
#10858=DIRECTION('center_axis',(0.955230788626801,-0.295861691436081,0.));
#10859=DIRECTION('ref_axis',(-0.295861691436081,-0.955230788626801,0.));
#10860=DIRECTION('center_axis',(0.,0.,1.));
#10861=DIRECTION('ref_axis',(1.,0.,0.));
#10862=DIRECTION('center_axis',(0.,0.,1.));
#10863=DIRECTION('ref_axis',(0.7283709698824,0.68518299032636,0.));
#10864=DIRECTION('center_axis',(0.,0.,-1.));
#10865=DIRECTION('ref_axis',(-1.22464679914735E-16,1.,0.));
#10866=DIRECTION('center_axis',(0.,0.,-1.));
#10867=DIRECTION('ref_axis',(-1.22464679914735E-16,1.,0.));
#10868=DIRECTION('center_axis',(-0.998134798421867,-0.061048539534857,0.));
#10869=DIRECTION('ref_axis',(0.061048539534857,-0.998134798421867,0.));
#10870=DIRECTION('',(0.061048539534857,-0.998134798421867,0.));
#10871=DIRECTION('center_axis',(0.,0.,1.));
#10872=DIRECTION('ref_axis',(-1.,-1.22464679914735E-16,0.));
#10873=DIRECTION('center_axis',(0.,0.,1.));
#10874=DIRECTION('ref_axis',(-0.898832493591837,-0.438292309382084,0.));
#10875=DIRECTION('center_axis',(0.,0.,-1.));
#10876=DIRECTION('ref_axis',(0.898832493591846,0.438292309382066,0.));
#10877=DIRECTION('center_axis',(0.,0.,1.));
#10878=DIRECTION('ref_axis',(0.515649491911966,-0.856799627387251,0.));
#10879=DIRECTION('',(0.85679962738724,0.515649491911983,0.));
#10880=DIRECTION('center_axis',(0.,0.,1.));
#10881=DIRECTION('ref_axis',(0.795129575020307,0.606439575661109,0.));
#10882=DIRECTION('center_axis',(0.,0.,-1.));
#10883=DIRECTION('ref_axis',(-0.79512957502035,-0.606439575661053,0.));
#10884=DIRECTION('center_axis',(0.,0.,1.));
#10885=DIRECTION('ref_axis',(-0.241229574197259,0.970468079089987,0.));
#10886=DIRECTION('',(-0.97046807908998,-0.241229574197285,0.));
#10887=DIRECTION('center_axis',(0.,0.,1.));
#10888=DIRECTION('ref_axis',(-1.,-1.22464679914735E-16,0.));
#10889=DIRECTION('center_axis',(0.,0.,-1.));
#10890=DIRECTION('ref_axis',(-0.133423978089009,-0.991059050748695,0.));
#10891=DIRECTION('center_axis',(0.,0.,1.));
#10892=DIRECTION('ref_axis',(-0.856799627387253,0.515649491911961,0.));
#10893=DIRECTION('',(-0.515649491911988,-0.856799627387237,0.));
#10894=DIRECTION('center_axis',(0.,0.,1.));
#10895=DIRECTION('ref_axis',(-0.325651087263639,-0.945490015475579,0.));
#10896=DIRECTION('center_axis',(0.,0.,-1.));
#10897=DIRECTION('ref_axis',(0.32565108726364,0.945490015475578,0.));
#10898=DIRECTION('center_axis',(0.,0.,1.));
#10899=DIRECTION('ref_axis',(0.970468079089982,-0.24122957419728,0.));
#10900=DIRECTION('',(0.241229574197295,0.970468079089978,0.));
#10901=DIRECTION('center_axis',(0.,0.,1.));
#10902=DIRECTION('ref_axis',(0.133423978089008,0.991059050748695,0.));
#10903=DIRECTION('center_axis',(0.,0.,1.));
#10904=DIRECTION('ref_axis',(-1.,-1.22464679914735E-16,0.));
#10905=DIRECTION('center_axis',(0.,0.,-1.));
#10906=DIRECTION('ref_axis',(-1.22464679914735E-16,1.,0.));
#10907=DIRECTION('center_axis',(0.,0.,-1.));
#10908=DIRECTION('ref_axis',(-4.85780463443264E-16,1.,0.));
#10909=DIRECTION('center_axis',(0.,0.,1.));
#10910=DIRECTION('ref_axis',(0.32565108726364,0.945490015475578,0.));
#10911=DIRECTION('',(0.,0.,-1.));
#10912=DIRECTION('center_axis',(0.,0.,-1.));
#10913=DIRECTION('ref_axis',(0.32565108726364,0.945490015475578,0.));
#10914=DIRECTION('',(0.,0.,-1.));
#10915=DIRECTION('center_axis',(0.,0.,1.));
#10916=DIRECTION('ref_axis',(0.970468079089982,-0.24122957419728,0.));
#10917=DIRECTION('center_axis',(0.,0.,1.));
#10918=DIRECTION('ref_axis',(0.970468079089982,-0.24122957419728,0.));
#10919=DIRECTION('',(0.,0.,-1.));
#10920=DIRECTION('center_axis',(0.970468079089978,-0.241229574197295,0.));
#10921=DIRECTION('ref_axis',(-0.241229574197295,-0.970468079089978,0.));
#10922=DIRECTION('',(0.241229574197295,0.970468079089978,0.));
#10923=DIRECTION('',(0.,0.,-1.));
#10924=DIRECTION('center_axis',(0.,0.,1.));
#10925=DIRECTION('ref_axis',(0.133423978089008,0.991059050748695,0.));
#10926=DIRECTION('center_axis',(0.,0.,1.));
#10927=DIRECTION('ref_axis',(0.133423978089008,0.991059050748695,0.));
#10928=DIRECTION('',(0.,0.,-1.));
#10929=DIRECTION('center_axis',(0.,0.,1.));
#10930=DIRECTION('ref_axis',(0.795129575020307,0.606439575661109,0.));
#10931=DIRECTION('',(0.,0.,-1.));
#10932=DIRECTION('center_axis',(0.,0.,1.));
#10933=DIRECTION('ref_axis',(0.795129575020307,0.606439575661109,0.));
#10934=DIRECTION('',(0.,0.,-1.));
#10935=DIRECTION('center_axis',(0.,0.,1.));
#10936=DIRECTION('ref_axis',(-0.79512957502035,-0.606439575661053,0.));
#10937=DIRECTION('center_axis',(0.,0.,-1.));
#10938=DIRECTION('ref_axis',(-0.79512957502035,-0.606439575661053,0.));
#10939=DIRECTION('',(0.,0.,-1.));
#10940=DIRECTION('center_axis',(0.,0.,1.));
#10941=DIRECTION('ref_axis',(-0.241229574197259,0.970468079089987,0.));
#10942=DIRECTION('center_axis',(0.,0.,1.));
#10943=DIRECTION('ref_axis',(-0.241229574197259,0.970468079089987,0.));
#10944=DIRECTION('',(0.,0.,-1.));
#10945=DIRECTION('center_axis',(-0.241229574197285,0.970468079089981,0.));
#10946=DIRECTION('ref_axis',(0.97046807908998,0.241229574197285,0.));
#10947=DIRECTION('',(-0.97046807908998,-0.241229574197285,0.));
#10948=DIRECTION('',(0.,0.,-1.));
#10949=DIRECTION('center_axis',(0.,0.,1.));
#10950=DIRECTION('ref_axis',(-0.133423978089009,-0.991059050748695,0.));
#10951=DIRECTION('center_axis',(0.,0.,-1.));
#10952=DIRECTION('ref_axis',(-0.133423978089009,-0.991059050748695,0.));
#10953=DIRECTION('',(0.,0.,-1.));
#10954=DIRECTION('center_axis',(0.,0.,1.));
#10955=DIRECTION('ref_axis',(-0.856799627387253,0.515649491911961,0.));
#10956=DIRECTION('center_axis',(0.,0.,1.));
#10957=DIRECTION('ref_axis',(-0.856799627387253,0.515649491911961,0.));
#10958=DIRECTION('',(0.,0.,-1.));
#10959=DIRECTION('center_axis',(-0.856799627387238,0.515649491911988,0.));
#10960=DIRECTION('ref_axis',(0.515649491911988,0.856799627387237,0.));
#10961=DIRECTION('',(-0.515649491911988,-0.856799627387237,0.));
#10962=DIRECTION('',(0.,0.,-1.));
#10963=DIRECTION('center_axis',(0.,0.,1.));
#10964=DIRECTION('ref_axis',(-0.325651087263639,-0.945490015475579,0.));
#10965=DIRECTION('center_axis',(0.,0.,1.));
#10966=DIRECTION('ref_axis',(-0.325651087263639,-0.945490015475579,0.));
#10967=DIRECTION('center_axis',(0.,0.,1.));
#10968=DIRECTION('ref_axis',(-0.898832493591837,-0.438292309382084,0.));
#10969=DIRECTION('center_axis',(0.,0.,1.));
#10970=DIRECTION('ref_axis',(-0.898832493591837,-0.438292309382084,0.));
#10971=DIRECTION('',(0.,0.,-1.));
#10972=DIRECTION('center_axis',(0.,0.,1.));
#10973=DIRECTION('ref_axis',(0.898832493591846,0.438292309382066,0.));
#10974=DIRECTION('center_axis',(0.,0.,-1.));
#10975=DIRECTION('ref_axis',(0.898832493591846,0.438292309382066,0.));
#10976=DIRECTION('',(0.,0.,-1.));
#10977=DIRECTION('center_axis',(0.,0.,1.));
#10978=DIRECTION('ref_axis',(0.515649491911966,-0.856799627387251,0.));
#10979=DIRECTION('center_axis',(0.,0.,1.));
#10980=DIRECTION('ref_axis',(0.515649491911966,-0.856799627387251,0.));
#10981=DIRECTION('',(0.,0.,-1.));
#10982=DIRECTION('center_axis',(0.515649491911983,-0.85679962738724,0.));
#10983=DIRECTION('ref_axis',(-0.85679962738724,-0.515649491911983,0.));
#10984=DIRECTION('',(0.85679962738724,0.515649491911983,0.));
#10985=DIRECTION('center_axis',(-0.0610485395348571,-0.998134798421867,
0.));
#10986=DIRECTION('ref_axis',(0.998134798421867,-0.0610485395348571,0.));
#10987=DIRECTION('',(0.998134798421867,-0.0610485395348571,0.));
#10988=DIRECTION('center_axis',(-0.0610485395348571,0.998134798421867,0.));
#10989=DIRECTION('ref_axis',(-0.998134798421867,-0.0610485395348571,0.));
#10990=DIRECTION('',(-0.998134798421867,-0.0610485395348571,0.));
#10991=DIRECTION('center_axis',(0.,0.,1.));
#10992=DIRECTION('ref_axis',(0.923879532511286,0.38268343236509,0.));
#10993=DIRECTION('center_axis',(0.,0.,-1.));
#10994=DIRECTION('ref_axis',(-1.22464679914735E-16,1.,0.));
#10995=DIRECTION('center_axis',(0.,0.,-1.));
#10996=DIRECTION('ref_axis',(-0.758611729327344,0.651542971819187,0.));
#10997=DIRECTION('',(0.998134798421867,0.0610485395348567,0.));
#10998=DIRECTION('center_axis',(0.,0.,1.));
#10999=DIRECTION('ref_axis',(0.650835275062768,0.759218970214767,0.));
#11000=DIRECTION('center_axis',(0.,0.,-1.));
#11001=DIRECTION('ref_axis',(0.,-1.,0.));
#11002=DIRECTION('center_axis',(0.,0.,1.));
#11003=DIRECTION('ref_axis',(0.891833911105312,-0.45236299031044,0.));
#11004=DIRECTION('',(0.945518575599317,0.325568154457157,0.));
#11005=DIRECTION('center_axis',(0.,0.,-1.));
#11006=DIRECTION('ref_axis',(-0.451531149059425,-0.89225535662672,0.));
#11007=DIRECTION('center_axis',(0.,0.,1.));
#11008=DIRECTION('ref_axis',(0.,-1.,0.));
#11009=DIRECTION('center_axis',(0.,0.,-1.));
#11010=DIRECTION('ref_axis',(-0.950200550637648,0.311639075803904,0.));
#11011=DIRECTION('',(0.898794046299167,0.438371146789078,0.));
#11012=DIRECTION('center_axis',(0.,0.,1.));
#11013=DIRECTION('ref_axis',(0.310752868228356,0.950490744241021,0.));
#11014=DIRECTION('center_axis',(0.,0.,-1.));
#11015=DIRECTION('ref_axis',(0.,-1.,0.));
#11016=DIRECTION('center_axis',(0.,0.,1.));
#11017=DIRECTION('ref_axis',(0.997058918676623,-0.0766388458120559,0.));
#11018=DIRECTION('',(0.748955720789002,0.662620048215737,0.));
#11019=DIRECTION('center_axis',(0.,0.,-1.));
#11020=DIRECTION('ref_axis',(-0.0757090444872545,-0.997129951702799,0.));
#11021=DIRECTION('center_axis',(0.,0.,1.));
#11022=DIRECTION('ref_axis',(0.,-1.,0.));
#11023=DIRECTION('center_axis',(0.,0.,-1.));
#11024=DIRECTION('ref_axis',(-0.997129951702801,-0.0757090444872296,0.));
#11025=DIRECTION('',(0.662620048215738,0.748955720789002,0.));
#11026=DIRECTION('center_axis',(0.,0.,1.));
#11027=DIRECTION('ref_axis',(-0.0766388458120498,0.997058918676623,0.));
#11028=DIRECTION('center_axis',(0.,0.,-1.));
#11029=DIRECTION('ref_axis',(0.,-1.,0.));
#11030=DIRECTION('center_axis',(0.,0.,1.));
#11031=DIRECTION('ref_axis',(0.950490744241025,0.310752868228345,0.));
#11032=DIRECTION('',(0.438371146789078,0.898794046299167,0.));
#11033=DIRECTION('center_axis',(0.,0.,-1.));
#11034=DIRECTION('ref_axis',(0.3116390758039,-0.950200550637649,0.));
#11035=DIRECTION('center_axis',(0.,0.,1.));
#11036=DIRECTION('ref_axis',(0.,-1.,0.));
#11037=DIRECTION('center_axis',(0.,0.,-1.));
#11038=DIRECTION('ref_axis',(-0.89225535662673,-0.451531149059406,0.));
#11039=DIRECTION('',(0.325568154457157,0.945518575599317,0.));
#11040=DIRECTION('center_axis',(0.,0.,1.));
#11041=DIRECTION('ref_axis',(-0.452362990310427,0.891833911105318,0.));
#11042=DIRECTION('center_axis',(0.,0.,-1.));
#11043=DIRECTION('ref_axis',(0.,-1.,0.));
#11044=DIRECTION('center_axis',(0.,0.,1.));
#11045=DIRECTION('ref_axis',(0.759218970214773,0.65083527506276,0.));
#11046=DIRECTION('',(0.0610485395348569,0.998134798421867,0.));
#11047=DIRECTION('center_axis',(0.,0.,-1.));
#11048=DIRECTION('ref_axis',(0.651542971819177,-0.758611729327352,0.));
#11049=DIRECTION('center_axis',(0.,0.,-1.));
#11050=DIRECTION('ref_axis',(0.,-1.,0.));
#11051=DIRECTION('center_axis',(0.,0.,1.));
#11052=DIRECTION('ref_axis',(-0.651542971819177,-0.758611729327352,0.));
#11053=DIRECTION('',(-0.0610485395348569,0.998134798421867,0.));
#11054=DIRECTION('center_axis',(0.,0.,-1.));
#11055=DIRECTION('ref_axis',(-0.759218970214773,0.65083527506276,0.));
#11056=DIRECTION('center_axis',(0.,0.,1.));
#11057=DIRECTION('ref_axis',(0.,-1.,0.));
#11058=DIRECTION('center_axis',(0.,0.,-1.));
#11059=DIRECTION('ref_axis',(0.452362990310427,0.891833911105318,0.));
#11060=DIRECTION('',(-0.325568154457157,0.945518575599317,0.));
#11061=DIRECTION('center_axis',(0.,0.,1.));
#11062=DIRECTION('ref_axis',(0.89225535662673,-0.451531149059406,0.));
#11063=DIRECTION('center_axis',(0.,0.,-1.));
#11064=DIRECTION('ref_axis',(0.,-1.,0.));
#11065=DIRECTION('center_axis',(0.,0.,1.));
#11066=DIRECTION('ref_axis',(-0.3116390758039,-0.950200550637649,0.));
#11067=DIRECTION('',(-0.438371146789078,0.898794046299167,0.));
#11068=DIRECTION('center_axis',(0.,0.,-1.));
#11069=DIRECTION('ref_axis',(-0.950490744241025,0.310752868228345,0.));
#11070=DIRECTION('center_axis',(0.,0.,1.));
#11071=DIRECTION('ref_axis',(0.,-1.,0.));
#11072=DIRECTION('center_axis',(0.,0.,-1.));
#11073=DIRECTION('ref_axis',(0.0766388458120498,0.997058918676623,0.));
#11074=DIRECTION('',(-0.662620048215738,0.748955720789002,0.));
#11075=DIRECTION('center_axis',(0.,0.,1.));
#11076=DIRECTION('ref_axis',(0.997129951702801,-0.0757090444872296,0.));
#11077=DIRECTION('center_axis',(0.,0.,-1.));
#11078=DIRECTION('ref_axis',(0.,-1.,0.));
#11079=DIRECTION('center_axis',(0.,0.,1.));
#11080=DIRECTION('ref_axis',(0.0757090444872545,-0.997129951702799,0.));
#11081=DIRECTION('',(-0.748955720789002,0.662620048215737,0.));
#11082=DIRECTION('center_axis',(0.,0.,-1.));
#11083=DIRECTION('ref_axis',(-0.997058918676623,-0.0766388458120559,0.));
#11084=DIRECTION('center_axis',(0.,0.,1.));
#11085=DIRECTION('ref_axis',(0.,-1.,0.));
#11086=DIRECTION('center_axis',(0.,0.,-1.));
#11087=DIRECTION('ref_axis',(-0.310752868228356,0.950490744241021,0.));
#11088=DIRECTION('',(-0.898794046299167,0.438371146789078,0.));
#11089=DIRECTION('center_axis',(0.,0.,1.));
#11090=DIRECTION('ref_axis',(0.950200550637648,0.311639075803904,0.));
#11091=DIRECTION('center_axis',(0.,0.,-1.));
#11092=DIRECTION('ref_axis',(0.,-1.,0.));
#11093=DIRECTION('center_axis',(0.,0.,1.));
#11094=DIRECTION('ref_axis',(0.451531149059425,-0.89225535662672,0.));
#11095=DIRECTION('',(-0.945518575599317,0.325568154457157,0.));
#11096=DIRECTION('center_axis',(0.,0.,-1.));
#11097=DIRECTION('ref_axis',(-0.891833911105312,-0.45236299031044,0.));
#11098=DIRECTION('center_axis',(0.,0.,1.));
#11099=DIRECTION('ref_axis',(0.,-1.,0.));
#11100=DIRECTION('center_axis',(0.,0.,-1.));
#11101=DIRECTION('ref_axis',(-0.650835275062768,0.759218970214767,0.));
#11102=DIRECTION('',(-0.998134798421867,0.0610485395348567,0.));
#11103=DIRECTION('center_axis',(0.,0.,1.));
#11104=DIRECTION('ref_axis',(0.758611729327344,0.651542971819187,0.));
#11105=DIRECTION('center_axis',(0.,0.,-1.));
#11106=DIRECTION('ref_axis',(0.,-1.,0.));
#11107=DIRECTION('center_axis',(0.,0.,1.));
#11108=DIRECTION('ref_axis',(-1.22464679914735E-16,1.,0.));
#11109=DIRECTION('center_axis',(0.,0.,1.));
#11110=DIRECTION('ref_axis',(-1.22464679914735E-16,1.,0.));
#11111=DIRECTION('center_axis',(0.,0.,1.));
#11112=DIRECTION('ref_axis',(-1.22464679914735E-16,1.,0.));
#11113=DIRECTION('center_axis',(0.,0.,1.));
#11114=DIRECTION('ref_axis',(-1.22464679914735E-16,1.,0.));
#11115=DIRECTION('center_axis',(0.,0.,1.));
#11116=DIRECTION('ref_axis',(-1.22464679914735E-16,1.,0.));
#11117=DIRECTION('center_axis',(0.,0.,-1.));
#11118=DIRECTION('ref_axis',(-1.22464679914735E-16,1.,0.));
#11119=DIRECTION('center_axis',(0.,0.,-1.));
#11120=DIRECTION('ref_axis',(-1.22464679914735E-16,1.,0.));
#11121=DIRECTION('center_axis',(0.,0.,-1.));
#11122=DIRECTION('ref_axis',(-1.22464679914735E-16,1.,0.));
#11123=DIRECTION('center_axis',(0.,0.,-1.));
#11124=DIRECTION('ref_axis',(0.,-1.,0.));
#11125=DIRECTION('center_axis',(0.364619252446343,-0.605848826643623,-0.707106781186558));
#11126=DIRECTION('ref_axis',(-0.888794300397409,0.,-0.45830632941416));
#11127=DIRECTION('',(-0.364619252446364,0.605848826643635,-0.707106781186537));
#11128=DIRECTION('',(-0.856799627387251,-0.515649491911965,0.));
#11129=DIRECTION('',(0.364619252446364,-0.605848826643635,0.707106781186537));
#11130=DIRECTION('',(0.856799627387251,0.515649491911965,0.));
#11131=DIRECTION('center_axis',(0.,0.,1.));
#11132=DIRECTION('ref_axis',(0.905391961445281,-0.424576725869739,0.));
#11133=DIRECTION('center_axis',(0.,0.,-1.));
#11134=DIRECTION('ref_axis',(0.905391961445281,-0.424576725869739,0.));
#11135=DIRECTION('',(0.698949485669974,0.107096295368618,0.707106781186545));
#11136=DIRECTION('center_axis',(0.,0.,1.));
#11137=DIRECTION('ref_axis',(0.905391961445281,-0.424576725869739,0.));
#11138=DIRECTION('center_axis',(0.,0.,-1.));
#11139=DIRECTION('ref_axis',(0.,-1.,0.));
#11140=DIRECTION('center_axis',(0.,0.,-1.));
#11141=DIRECTION('ref_axis',(0.,-1.,0.));
#11142=DIRECTION('center_axis',(0.,0.,1.));
#11143=DIRECTION('ref_axis',(0.,-1.,0.));
#11144=DIRECTION('',(-0.364619252446337,0.605848826643642,-0.707106781186545));
#11145=DIRECTION('center_axis',(0.,0.,-1.));
#11146=DIRECTION('ref_axis',(-1.,0.,0.));
#11147=DIRECTION('center_axis',(0.,0.,1.));
#11148=DIRECTION('ref_axis',(-1.,0.,0.));
#11149=DIRECTION('center_axis',(0.,0.,1.));
#11150=DIRECTION('ref_axis',(-0.923879532511287,-0.382683432365089,0.));
#11151=DIRECTION('',(0.,0.,-1.));
#11152=DIRECTION('center_axis',(0.,0.,1.));
#11153=DIRECTION('ref_axis',(-1.,0.,0.));
#11154=DIRECTION('',(0.,0.,1.));
#11155=DIRECTION('center_axis',(0.,0.,1.));
#11156=DIRECTION('ref_axis',(1.,0.,0.));
#11157=DIRECTION('',(0.,0.,-1.));
#11158=DIRECTION('center_axis',(0.,0.,-1.));
#11159=DIRECTION('ref_axis',(1.,0.,0.));
#11160=DIRECTION('',(0.,0.,-1.));
#11161=DIRECTION('center_axis',(0.515649491911965,-0.856799627387251,0.));
#11162=DIRECTION('ref_axis',(-0.856799627387251,-0.515649491911965,0.));
#11163=DIRECTION('',(0.856799627387251,0.515649491911965,0.));
#11164=DIRECTION('',(0.,0.,-1.));
#11165=DIRECTION('center_axis',(0.,0.,1.));
#11166=DIRECTION('ref_axis',(-0.424576725869739,0.905391961445281,0.));
#11167=DIRECTION('',(-0.107096295368673,-0.698949485669994,-0.707106781186517));
#11168=DIRECTION('center_axis',(0.,0.,-1.));
#11169=DIRECTION('ref_axis',(-0.424576725869739,0.905391961445281,0.));
#11170=DIRECTION('',(-0.60584882664364,0.364619252446338,0.707106781186546));
#11171=DIRECTION('center_axis',(0.,0.,1.));
#11172=DIRECTION('ref_axis',(-0.424576725869739,0.90539196144528,0.));
#11173=DIRECTION('center_axis',(-0.605848826643643,0.364619252446352,-0.707106781186537));
#11174=DIRECTION('ref_axis',(-0.759385376128603,0.,0.650641107310336));
#11175=DIRECTION('',(-0.605848826643617,0.364619252446346,0.707106781186562));
#11176=DIRECTION('',(-0.515649491911962,-0.856799627387253,0.));
#11177=DIRECTION('',(0.515649491911962,0.856799627387253,0.));
#11178=DIRECTION('',(-0.605848826643637,0.364619252446339,0.707106781186548));
#11179=DIRECTION('center_axis',(0.,0.,-1.));
#11180=DIRECTION('ref_axis',(1.,0.,0.));
#11181=DIRECTION('center_axis',(0.,0.,1.));
#11182=DIRECTION('ref_axis',(1.,0.,0.));
#11183=DIRECTION('center_axis',(-0.856799627387253,0.515649491911962,0.));
#11184=DIRECTION('ref_axis',(0.515649491911962,0.856799627387253,0.));
#11185=DIRECTION('',(0.,0.,1.));
#11186=DIRECTION('',(0.515649491911962,0.856799627387253,0.));
#11187=DIRECTION('',(0.,0.,-1.));
#11188=DIRECTION('center_axis',(0.,0.,1.));
#11189=DIRECTION('ref_axis',(-0.382683432365093,-0.923879532511286,0.));
#11190=DIRECTION('center_axis',(0.,0.,-1.));
#11191=DIRECTION('ref_axis',(1.,0.,0.));
#11192=DIRECTION('',(0.,0.,-1.));
#11193=DIRECTION('center_axis',(0.,0.,1.));
#11194=DIRECTION('ref_axis',(-1.,0.,0.));
#11195=DIRECTION('',(0.,0.,-1.));
#11196=DIRECTION('center_axis',(0.,0.,1.));
#11197=DIRECTION('ref_axis',(-1.,0.,0.));
#11198=DIRECTION('',(0.,0.,1.));
#11199=DIRECTION('center_axis',(-0.17057506773765,0.686224559649615,-0.707106781186539));
#11200=DIRECTION('ref_axis',(-0.972115399791972,0.,0.234502983962452));
#11201=DIRECTION('',(-0.170575067737667,0.686224559649629,0.707106781186521));
#11202=DIRECTION('',(-0.970468079089979,-0.241229574197291,0.));
#11203=DIRECTION('',(0.170575067737644,-0.686224559649599,-0.707106781186556));
#11204=DIRECTION('',(0.970468079089979,0.241229574197291,0.));
#11205=DIRECTION('center_axis',(0.,0.,1.));
#11206=DIRECTION('ref_axis',(0.339987713573266,0.940429877566224,0.));
#11207=DIRECTION('',(-0.569960437719231,-0.418503404328924,-0.70710678118655));
#11208=DIRECTION('center_axis',(0.,0.,-1.));
#11209=DIRECTION('ref_axis',(0.339987713573266,0.940429877566224,0.));
#11210=DIRECTION('center_axis',(0.,0.,1.));
#11211=DIRECTION('ref_axis',(0.339987713573266,0.940429877566224,0.));
#11212=DIRECTION('center_axis',(0.,0.,-1.));
#11213=DIRECTION('ref_axis',(0.,-1.,0.));
#11214=DIRECTION('center_axis',(0.,0.,-1.));
#11215=DIRECTION('ref_axis',(0.,-1.,0.));
#11216=DIRECTION('',(-0.418503404328936,-0.569960437719199,-0.707106781186569));
#11217=DIRECTION('center_axis',(0.,0.,1.));
#11218=DIRECTION('ref_axis',(0.,-1.,0.));
#11219=DIRECTION('center_axis',(0.,0.,1.));
#11220=DIRECTION('ref_axis',(0.940429877566222,0.339987713573271,0.));
#11221=DIRECTION('',(-0.686224559649616,0.17057506773764,-0.70710678118654));
#11222=DIRECTION('center_axis',(0.,0.,-1.));
#11223=DIRECTION('ref_axis',(0.940429877566222,0.339987713573271,0.));
#11224=DIRECTION('center_axis',(0.,0.,1.));
#11225=DIRECTION('ref_axis',(0.940429877566222,0.339987713573271,0.));
#11226=DIRECTION('center_axis',(0.686224559649601,-0.170575067737643,-0.707106781186555));
#11227=DIRECTION('ref_axis',(-0.717623784525451,0.,-0.696430975677682));
#11228=DIRECTION('',(-0.686224559649616,0.17057506773764,-0.70710678118654));
#11229=DIRECTION('',(-0.241229574197287,-0.97046807908998,0.));
#11230=DIRECTION('',(0.241229574197287,0.97046807908998,0.));
#11231=DIRECTION('',(-0.170575067737644,0.686224559649599,0.707106781186556));
#11232=DIRECTION('center_axis',(0.,0.,-1.));
#11233=DIRECTION('ref_axis',(1.,0.,0.));
#11234=DIRECTION('',(-0.686224559649616,0.17057506773764,-0.70710678118654));
#11235=DIRECTION('center_axis',(0.,0.,-1.));
#11236=DIRECTION('ref_axis',(-1.,0.,0.));
#11237=DIRECTION('center_axis',(0.97046807908998,-0.241229574197287,0.));
#11238=DIRECTION('ref_axis',(-0.241229574197287,-0.97046807908998,0.));
#11239=DIRECTION('',(0.241229574197287,0.97046807908998,0.));
#11240=DIRECTION('',(0.,0.,-1.));
#11241=DIRECTION('center_axis',(0.,0.,1.));
#11242=DIRECTION('ref_axis',(0.940429877566222,0.339987713573271,0.));
#11243=DIRECTION('center_axis',(0.,0.,-1.));
#11244=DIRECTION('ref_axis',(0.940429877566222,0.339987713573271,0.));
#11245=DIRECTION('',(0.,0.,1.));
#11246=DIRECTION('center_axis',(0.,0.,-1.));
#11247=DIRECTION('ref_axis',(0.,-1.,0.));
#11248=DIRECTION('center_axis',(0.,0.,-1.));
#11249=DIRECTION('ref_axis',(3.63315783528528E-16,-1.,0.));
#11250=DIRECTION('',(0.,0.,-1.));
#11251=DIRECTION('center_axis',(0.,0.,-1.));
#11252=DIRECTION('ref_axis',(0.339987713573266,0.940429877566224,0.));
#11253=DIRECTION('center_axis',(0.,0.,-1.));
#11254=DIRECTION('ref_axis',(0.339987713573266,0.940429877566224,0.));
#11255=DIRECTION('',(0.,0.,1.));
#11256=DIRECTION('center_axis',(0.,0.,1.));
#11257=DIRECTION('ref_axis',(-1.,0.,0.));
#11258=DIRECTION('',(-0.580666498095612,0.403517555986604,-0.707106781186531));
#11259=DIRECTION('',(-0.695923218577206,0.125263218245301,0.707106781186528));
#11260=DIRECTION('center_axis',(0.,0.,-1.));
#11261=DIRECTION('ref_axis',(-1.,0.,0.));
#11262=DIRECTION('center_axis',(0.,0.,-1.));
#11263=DIRECTION('ref_axis',(0.984184054082199,-0.177148942108969,0.));
#11264=DIRECTION('center_axis',(0.,0.,-1.));
#11265=DIRECTION('ref_axis',(0.984184054082199,-0.177148942108969,0.));
#11266=DIRECTION('',(-0.411682264944938,-0.574906699151963,0.707106781186548));
#11267=DIRECTION('center_axis',(0.,0.,1.));
#11268=DIRECTION('ref_axis',(0.984184054082199,-0.177148942108969,0.));
#11269=DIRECTION('center_axis',(0.,0.,-1.));
#11270=DIRECTION('ref_axis',(-0.821186436822466,0.570660000331915,0.));
#11271=DIRECTION('center_axis',(0.,0.,1.));
#11272=DIRECTION('ref_axis',(-0.821186436822466,0.570660000331915,0.));
#11273=DIRECTION('',(0.115417104283142,0.697623746756717,-0.707106781186558));
#11274=DIRECTION('center_axis',(0.,0.,-1.));
#11275=DIRECTION('ref_axis',(-0.821186436822466,0.570660000331915,0.));
#11276=DIRECTION('center_axis',(0.,0.,1.));
#11277=DIRECTION('ref_axis',(-1.,0.,0.));
#11278=DIRECTION('',(-0.574906699151969,-0.411682264944947,0.707106781186537));
#11279=DIRECTION('center_axis',(0.,0.,-1.));
#11280=DIRECTION('ref_axis',(-1.,0.,0.));
#11281=DIRECTION('center_axis',(0.,0.,1.));
#11282=DIRECTION('ref_axis',(-1.,0.,0.));
#11283=DIRECTION('center_axis',(0.,0.,-1.));
#11284=DIRECTION('ref_axis',(-0.177148942108967,0.9841840540822,0.));
#11285=DIRECTION('',(0.125263218245274,-0.695923218577184,0.707106781186554));
#11286=DIRECTION('center_axis',(0.,0.,1.));
#11287=DIRECTION('ref_axis',(-0.177148942108967,0.9841840540822,0.));
#11288=DIRECTION('center_axis',(0.,0.,-1.));
#11289=DIRECTION('ref_axis',(-0.177148942108967,0.9841840540822,0.));
#11290=DIRECTION('center_axis',(0.,0.,1.));
#11291=DIRECTION('ref_axis',(-1.,0.,0.));
#11292=DIRECTION('',(-0.403517555986629,0.58066649809561,0.707106781186519));
#11293=DIRECTION('center_axis',(0.,0.,-1.));
#11294=DIRECTION('ref_axis',(-1.,0.,0.));
#11295=DIRECTION('center_axis',(0.,0.,-1.));
#11296=DIRECTION('ref_axis',(0.570660000331916,-0.821186436822466,0.));
#11297=DIRECTION('center_axis',(0.,0.,-1.));
#11298=DIRECTION('ref_axis',(0.570660000331916,-0.821186436822466,0.));
#11299=DIRECTION('',(-0.697623746756735,-0.115417104283108,0.707106781186545));
#11300=DIRECTION('center_axis',(0.,0.,1.));
#11301=DIRECTION('ref_axis',(0.570660000331916,-0.821186436822466,0.));
#11302=DIRECTION('center_axis',(0.,0.,1.));
#11303=DIRECTION('ref_axis',(-1.,0.,0.));
#11304=DIRECTION('center_axis',(0.,0.,1.));
#11305=DIRECTION('ref_axis',(-1.,-1.22464679914735E-16,0.));
#11306=DIRECTION('center_axis',(0.,0.,1.));
#11307=DIRECTION('ref_axis',(-1.,0.,0.));
#11308=DIRECTION('center_axis',(0.,0.,-1.));
#11309=DIRECTION('ref_axis',(0.821186436822466,-0.570660000331915,0.));
#11310=DIRECTION('',(0.,0.,-1.));
#11311=DIRECTION('center_axis',(0.,0.,-1.));
#11312=DIRECTION('ref_axis',(0.821186436822466,-0.570660000331915,0.));
#11313=DIRECTION('center_axis',(0.,0.,1.));
#11314=DIRECTION('ref_axis',(-0.984184054082199,0.177148942108969,0.));
#11315=DIRECTION('center_axis',(0.,0.,-1.));
#11316=DIRECTION('ref_axis',(-0.984184054082199,0.177148942108969,0.));
#11317=DIRECTION('',(0.,0.,1.));
#11318=DIRECTION('center_axis',(0.,0.,-1.));
#11319=DIRECTION('ref_axis',(1.,0.,0.));
#11320=DIRECTION('center_axis',(0.,0.,-1.));
#11321=DIRECTION('ref_axis',(1.,0.,0.));
#11322=DIRECTION('',(0.,0.,-1.));
#11323=DIRECTION('center_axis',(0.,0.,-1.));
#11324=DIRECTION('ref_axis',(0.177148942108967,-0.9841840540822,0.));
#11325=DIRECTION('center_axis',(0.,0.,-1.));
#11326=DIRECTION('ref_axis',(0.177148942108967,-0.9841840540822,0.));
#11327=DIRECTION('center_axis',(0.,0.,1.));
#11328=DIRECTION('ref_axis',(-0.570660000331916,0.821186436822466,0.));
#11329=DIRECTION('center_axis',(0.,0.,-1.));
#11330=DIRECTION('ref_axis',(-0.570660000331916,0.821186436822466,0.));
#11331=DIRECTION('',(0.,0.,1.));
#11332=DIRECTION('center_axis',(0.,0.,-1.));
#11333=DIRECTION('ref_axis',(-1.,-1.22464679914735E-16,0.));
#11334=DIRECTION('center_axis',(0.,0.,-1.));
#11335=DIRECTION('ref_axis',(1.,0.,0.));
#11336=DIRECTION('center_axis',(0.,0.,1.));
#11337=DIRECTION('ref_axis',(-1.,0.,0.));
#11338=DIRECTION('center_axis',(0.,0.,1.));
#11339=DIRECTION('ref_axis',(-1.,0.,0.));
#11340=DIRECTION('',(0.,0.,-1.));
#11341=DIRECTION('center_axis',(0.,0.,-1.));
#11342=DIRECTION('ref_axis',(-1.,0.,0.));
#11343=DIRECTION('center_axis',(0.,0.,1.));
#11344=DIRECTION('ref_axis',(-1.,0.,0.));
#11345=DIRECTION('center_axis',(0.,0.,1.));
#11346=DIRECTION('ref_axis',(-1.,0.,0.));
#11347=DIRECTION('',(0.,0.,-1.));
#11348=DIRECTION('center_axis',(0.,0.,-1.));
#11349=DIRECTION('ref_axis',(-1.,0.,0.));
#11350=DIRECTION('center_axis',(0.,0.,-1.));
#11351=DIRECTION('ref_axis',(-0.424576725869739,0.905391961445281,0.));
#11352=DIRECTION('',(0.,0.,-1.));
#11353=DIRECTION('center_axis',(0.,0.,-1.));
#11354=DIRECTION('ref_axis',(-0.424576725869739,0.905391961445281,0.));
#11355=DIRECTION('center_axis',(-0.241229574197291,0.970468079089979,0.));
#11356=DIRECTION('ref_axis',(0.970468079089979,0.241229574197291,0.));
#11357=DIRECTION('',(0.970468079089979,0.241229574197291,0.));
#11358=DIRECTION('center_axis',(0.,0.,1.));
#11359=DIRECTION('ref_axis',(0.905391961445281,-0.424576725869739,0.));
#11360=DIRECTION('center_axis',(0.,0.,-1.));
#11361=DIRECTION('ref_axis',(0.905391961445281,-0.424576725869739,0.));
#11362=DIRECTION('',(0.,0.,1.));
#11363=DIRECTION('center_axis',(0.,0.,-1.));
#11364=DIRECTION('ref_axis',(0.,-1.,0.));
#11365=DIRECTION('center_axis',(0.,0.,-1.));
#11366=DIRECTION('ref_axis',(3.63315783528528E-16,-1.,0.));
#11367=DIRECTION('center_axis',(0.,0.,1.));
#11368=DIRECTION('ref_axis',(0.651542971819177,-0.758611729327352,0.));
#11369=DIRECTION('center_axis',(0.,0.,1.));
#11370=DIRECTION('ref_axis',(-0.0903532008193118,-0.995909784619925,0.));
#11371=DIRECTION('',(0.,0.,-1.));
#11372=DIRECTION('',(0.,0.,-1.));
#11373=DIRECTION('center_axis',(0.,0.,1.));
#11374=DIRECTION('ref_axis',(-1.,0.,0.));
#11375=DIRECTION('center_axis',(-0.995909784619925,0.0903532008193129,6.74649103340286E-16));
#11376=DIRECTION('ref_axis',(-0.0638893610012173,-0.704214562154461,-0.707106781186871));
#11377=DIRECTION('center_axis',(0.,0.,1.));
#11378=DIRECTION('ref_axis',(-0.195090322016129,-0.98078528040323,0.));
#11379=DIRECTION('center_axis',(0.954677339252779,-0.297642701770484,2.02394731002085E-15));
#11380=DIRECTION('ref_axis',(-0.297642701770484,-0.95467733925278,0.));
#11381=DIRECTION('center_axis',(0.,0.,-1.));
#11382=DIRECTION('ref_axis',(-0.195090322016129,-0.98078528040323,0.));
#11383=DIRECTION('center_axis',(0.,0.,1.));
#11384=DIRECTION('ref_axis',(-1.,0.,0.));
#11385=DIRECTION('center_axis',(-0.0431771584573878,-0.705940300646945,
0.706954047240729));
#11386=DIRECTION('ref_axis',(-0.0638893610012483,-0.704214562154788,-0.707106781186542));
#11387=DIRECTION('center_axis',(0.,0.,-1.));
#11388=DIRECTION('ref_axis',(-0.89225535662673,-0.451531149059406,0.));
#11389=DIRECTION('center_axis',(0.,0.,1.));
#11390=DIRECTION('ref_axis',(-0.945518575598534,0.325568154459431,0.));
#11391=DIRECTION('',(0.,0.,-1.));
#11392=DIRECTION('',(0.,0.,1.));
#11393=DIRECTION('center_axis',(0.,0.,1.));
#11394=DIRECTION('ref_axis',(-1.,0.,0.));
#11395=DIRECTION('center_axis',(-0.23026116432564,-0.668726978140821,0.706954047240729));
#11396=DIRECTION('ref_axis',(-0.210465172792595,-0.675058820430782,-0.707106781186536));
#11397=DIRECTION('center_axis',(-0.0431783791728381,-0.705960259168069,
0.706934042218479));
#11398=DIRECTION('ref_axis',(-0.0652026243901071,-0.704094182414922,-0.707106781230462));
#11399=DIRECTION('center_axis',(0.,0.,1.));
#11400=DIRECTION('ref_axis',(0.,-1.,0.));
#11401=DIRECTION('center_axis',(0.,0.,-1.));
#11402=DIRECTION('ref_axis',(-0.7283709698824,-0.685182990326359,0.));
#11403=DIRECTION('center_axis',(-0.230267674325692,-0.668745884553783,0.70693404222248));
#11404=DIRECTION('ref_axis',(-0.945518575599316,0.325568154457159,0.));
#11405=DIRECTION('center_axis',(0.945518575599317,-0.325568154457157,0.));
#11406=DIRECTION('ref_axis',(0.325568154457157,0.945518575599317,0.));
#11407=DIRECTION('',(0.,0.,1.));
#11408=DIRECTION('center_axis',(0.,0.,1.));
#11409=DIRECTION('ref_axis',(0.3116390758039,-0.950200550637649,0.));
#11410=DIRECTION('center_axis',(0.,0.,1.));
#11411=DIRECTION('ref_axis',(-0.464593647638174,-0.885523993223366,0.));
#11412=DIRECTION('',(0.,0.,-1.));
#11413=DIRECTION('',(0.,0.,1.));
#11414=DIRECTION('center_axis',(0.,0.,1.));
#11415=DIRECTION('ref_axis',(-1.,0.,0.));
#11416=DIRECTION('center_axis',(-0.885523993223366,0.464593647638174,3.49590899003598E-15));
#11417=DIRECTION('ref_axis',(-0.328517318741003,-0.626160020511354,-0.707106781186861));
#11418=DIRECTION('center_axis',(0.,0.,1.));
#11419=DIRECTION('ref_axis',(-0.555570233019603,-0.831469612302545,0.));
#11420=DIRECTION('center_axis',(0.768103923156037,-0.640325201153527,-1.7786203633516E-15));
#11421=DIRECTION('ref_axis',(-0.640325201153527,-0.768103923156037,0.));
#11422=DIRECTION('center_axis',(0.,0.,-1.));
#11423=DIRECTION('ref_axis',(-0.555570233019603,-0.831469612302545,0.));
#11424=DIRECTION('center_axis',(0.,0.,1.));
#11425=DIRECTION('ref_axis',(-1.,0.,0.));
#11426=DIRECTION('center_axis',(-0.310042150267194,-0.635680611744332,0.706954047240729));
#11427=DIRECTION('ref_axis',(-0.328517318741157,-0.62616002051163,-0.707106781186545));
#11428=DIRECTION('center_axis',(0.,0.,-1.));
#11429=DIRECTION('ref_axis',(-0.997129951702801,-0.0757090444872296,0.));
#11430=DIRECTION('center_axis',(0.,0.,1.));
#11431=DIRECTION('ref_axis',(-0.748955720787418,0.662620048217528,0.));
#11432=DIRECTION('',(0.,0.,-1.));
#11433=DIRECTION('',(0.,0.,1.));
#11434=DIRECTION('center_axis',(0.,0.,1.));
#11435=DIRECTION('ref_axis',(-1.,0.,0.));
#11436=DIRECTION('center_axis',(-0.46864431216274,-0.52970603523791,0.706954047240729));
#11437=DIRECTION('ref_axis',(-0.452778291900298,-0.543131492719603,-0.707106781186565));
#11438=DIRECTION('center_axis',(0.898794046299167,-0.438371146789078,0.));
#11439=DIRECTION('ref_axis',(0.438371146789078,0.898794046299167,0.));
#11440=DIRECTION('',(0.,0.,-1.));
#11441=DIRECTION('center_axis',(-0.310050915852671,-0.635698583857905,0.706934042227402));
#11442=DIRECTION('ref_axis',(-0.329684548579046,-0.625546240000482,-0.707106781221542));
#11443=DIRECTION('center_axis',(0.,0.,1.));
#11444=DIRECTION('ref_axis',(0.,-1.,0.));
#11445=DIRECTION('center_axis',(0.,0.,-1.));
#11446=DIRECTION('ref_axis',(-0.7283709698824,-0.685182990326359,0.));
#11447=DIRECTION('center_axis',(-0.468657561785907,-0.529721011212591,0.706934042227986));
#11448=DIRECTION('ref_axis',(-0.748955720788998,0.662620048215742,0.));
#11449=DIRECTION('center_axis',(0.748955720789002,-0.662620048215738,0.));
#11450=DIRECTION('ref_axis',(0.662620048215738,0.748955720789002,0.));
#11451=DIRECTION('',(0.,0.,1.));
#11452=DIRECTION('center_axis',(0.,0.,1.));
#11453=DIRECTION('ref_axis',(-0.0757090444872545,-0.997129951702799,0.));
#11454=DIRECTION('center_axis',(0.,0.,1.));
#11455=DIRECTION('ref_axis',(-0.768103923156028,-0.640325201153538,0.));
#11456=DIRECTION('',(0.,0.,-1.));
#11457=DIRECTION('',(0.,0.,1.));
#11458=DIRECTION('center_axis',(0.,0.,1.));
#11459=DIRECTION('ref_axis',(-1.,0.,0.));
#11460=DIRECTION('center_axis',(-0.640325201153542,0.768103923156024,1.01197365501042E-14));
#11461=DIRECTION('ref_axis',(-0.543131492719375,-0.452778291900099,-0.707106781186867));
#11462=DIRECTION('center_axis',(0.,0.,1.));
#11463=DIRECTION('ref_axis',(-0.831469612302545,-0.555570233019602,0.));
#11464=DIRECTION('center_axis',(0.464593647638178,-0.885523993223364,-1.67435641101724E-14));
#11465=DIRECTION('ref_axis',(-0.885523993223364,-0.464593647638178,0.));
#11466=DIRECTION('center_axis',(0.,0.,-1.));
#11467=DIRECTION('ref_axis',(-0.831469612302545,-0.555570233019602,0.));
#11468=DIRECTION('center_axis',(0.,0.,1.));
#11469=DIRECTION('ref_axis',(-1.,0.,0.));
#11470=DIRECTION('center_axis',(-0.52970603523791,-0.46864431216274,0.706954047240729));
#11471=DIRECTION('ref_axis',(-0.543131492719633,-0.45277829190032,-0.707106781186528));
#11472=DIRECTION('center_axis',(0.,0.,-1.));
#11473=DIRECTION('ref_axis',(-0.950200550637648,0.311639075803904,0.));
#11474=DIRECTION('center_axis',(0.,0.,1.));
#11475=DIRECTION('ref_axis',(-0.438371146786915,0.898794046300222,0.));
#11476=DIRECTION('',(0.,0.,-1.));
#11477=DIRECTION('',(0.,0.,1.));
#11478=DIRECTION('center_axis',(0.,0.,1.));
#11479=DIRECTION('ref_axis',(-1.,0.,0.));
#11480=DIRECTION('center_axis',(-0.635680611744332,-0.310042150267194,0.706954047240729));
#11481=DIRECTION('ref_axis',(-0.626160020511614,-0.328517318741136,-0.707106781186569));
#11482=DIRECTION('center_axis',(0.662620048215737,-0.748955720789002,0.));
#11483=DIRECTION('ref_axis',(0.748955720789002,0.662620048215737,0.));
#11484=DIRECTION('',(0.,0.,-1.));
#11485=DIRECTION('center_axis',(-0.529721011212584,-0.4686575617859,0.706934042227995));
#11486=DIRECTION('ref_axis',(-0.543974988844347,-0.451764553128223,-0.707106781220948));
#11487=DIRECTION('center_axis',(0.,0.,1.));
#11488=DIRECTION('ref_axis',(0.,-1.,0.));
#11489=DIRECTION('center_axis',(0.,0.,-1.));
#11490=DIRECTION('ref_axis',(-0.7283709698824,-0.685182990326359,0.));
#11491=DIRECTION('center_axis',(-0.635698583857918,-0.310050915852673,0.70693404222739));
#11492=DIRECTION('ref_axis',(-0.438371146789075,0.898794046299168,0.));
#11493=DIRECTION('center_axis',(0.438371146789078,-0.898794046299167,0.));
#11494=DIRECTION('ref_axis',(0.898794046299167,0.438371146789078,0.));
#11495=DIRECTION('',(0.,0.,1.));
#11496=DIRECTION('center_axis',(0.,0.,1.));
#11497=DIRECTION('ref_axis',(-0.451531149059425,-0.89225535662672,0.));
#11498=DIRECTION('center_axis',(0.,0.,1.));
#11499=DIRECTION('ref_axis',(-0.954677339252778,-0.297642701770489,0.));
#11500=DIRECTION('',(0.,0.,-1.));
#11501=DIRECTION('',(0.,0.,1.));
#11502=DIRECTION('center_axis',(0.,0.,1.));
#11503=DIRECTION('ref_axis',(-1.,0.,0.));
#11504=DIRECTION('center_axis',(-0.297642701770488,0.954677339252778,8.34111618675252E-15));
#11505=DIRECTION('ref_axis',(-0.675058820430461,-0.210465172792495,-0.707106781186873));
#11506=DIRECTION('center_axis',(0.,0.,1.));
#11507=DIRECTION('ref_axis',(-0.98078528040323,-0.195090322016128,0.));
#11508=DIRECTION('center_axis',(0.0903532008192977,-0.995909784619926,-4.26255569837723E-15));
#11509=DIRECTION('ref_axis',(-0.995909784619926,-0.0903532008192977,0.));
#11510=DIRECTION('center_axis',(0.,0.,-1.));
#11511=DIRECTION('ref_axis',(-0.98078528040323,-0.195090322016128,0.));
#11512=DIRECTION('center_axis',(0.,0.,1.));
#11513=DIRECTION('ref_axis',(-1.,0.,0.));
#11514=DIRECTION('center_axis',(-0.668726978140821,-0.230261164325639,0.706954047240729));
#11515=DIRECTION('ref_axis',(-0.675058820430748,-0.210465172792608,-0.707106781186564));
#11516=DIRECTION('center_axis',(0.,0.,-1.));
#11517=DIRECTION('ref_axis',(-0.758611729327344,0.651542971819187,0.));
#11518=DIRECTION('center_axis',(0.,0.,1.));
#11519=DIRECTION('ref_axis',(-0.0610485395324637,0.998134798422013,0.));
#11520=DIRECTION('',(0.,0.,-1.));
#11521=DIRECTION('',(0.,0.,1.));
#11522=DIRECTION('center_axis',(0.,0.,1.));
#11523=DIRECTION('ref_axis',(-1.,0.,0.));
#11524=DIRECTION('center_axis',(-0.705940300646945,-0.0431771584573877,
0.706954047240729));
#11525=DIRECTION('ref_axis',(-0.704214562154773,-0.0638893610012491,-0.707106781186557));
#11526=DIRECTION('center_axis',(0.325568154457157,-0.945518575599317,0.));
#11527=DIRECTION('ref_axis',(0.945518575599317,0.325568154457157,0.));
#11528=DIRECTION('',(0.,0.,-1.));
#11529=DIRECTION('center_axis',(-0.668745884553811,-0.230267674325701,0.706934042222451));
#11530=DIRECTION('ref_axis',(-0.675450168198025,-0.209205808295968,-0.707106781226492));
#11531=DIRECTION('center_axis',(0.,0.,1.));
#11532=DIRECTION('ref_axis',(0.,-1.,0.));
#11533=DIRECTION('center_axis',(0.,0.,-1.));
#11534=DIRECTION('ref_axis',(-0.7283709698824,-0.685182990326359,0.));
#11535=DIRECTION('center_axis',(-0.705960259168078,-0.0431783791728356,
0.706934042218471));
#11536=DIRECTION('ref_axis',(-0.0610485395348582,0.998134798421867,0.));
#11537=DIRECTION('center_axis',(0.0610485395348567,-0.998134798421867,0.));
#11538=DIRECTION('ref_axis',(0.998134798421867,0.0610485395348567,0.));
#11539=DIRECTION('',(0.,0.,1.));
#11540=DIRECTION('center_axis',(0.,0.,-1.));
#11541=DIRECTION('ref_axis',(0.650835275062768,0.759218970214767,0.));
#11542=DIRECTION('center_axis',(0.,0.,1.));
#11543=DIRECTION('ref_axis',(0.995739542021004,0.092210435720705,0.));
#11544=DIRECTION('',(0.,0.,-1.));
#11545=DIRECTION('center_axis',(0.983285552141983,-0.149874793135581,0.10337828268743));
#11546=DIRECTION('ref_axis',(0.182070104489541,0.809411952245758,-0.558303473581241));
#11547=DIRECTION('center_axis',(-0.0922104357205355,0.995739542021019,0.));
#11548=DIRECTION('ref_axis',(0.995739542021019,0.0922104357205355,0.));
#11549=DIRECTION('center_axis',(0.,0.,1.));
#11550=DIRECTION('ref_axis',(-1.,0.,0.));
#11551=DIRECTION('center_axis',(0.295861691435932,-0.955230788626848,0.));
#11552=DIRECTION('ref_axis',(0.955230788626848,0.295861691435932,0.));
#11553=DIRECTION('center_axis',(0.,0.,1.));
#11554=DIRECTION('ref_axis',(-0.7283709698824,-0.685182990326359,0.));
#11555=DIRECTION('center_axis',(0.,0.,-1.));
#11556=DIRECTION('ref_axis',(0.,-1.,0.));
#11557=DIRECTION('',(0.,0.,1.));
#11558=DIRECTION('center_axis',(0.,0.,1.));
#11559=DIRECTION('ref_axis',(0.891833911105312,-0.45236299031044,0.));
#11560=DIRECTION('center_axis',(0.,0.,1.));
#11561=DIRECTION('ref_axis',(0.325568154457155,-0.945518575599317,0.));
#11562=DIRECTION('center_axis',(0.878381935267407,0.368991758429772,0.303793117115561));
#11563=DIRECTION('ref_axis',(0.477959387182519,-0.678123923410884,-0.558303473661002));
#11564=DIRECTION('center_axis',(0.,0.,-1.));
#11565=DIRECTION('ref_axis',(0.310752868228356,0.950490744241021,0.));
#11566=DIRECTION('center_axis',(0.,0.,1.));
#11567=DIRECTION('ref_axis',(0.884655976543882,0.466244359928557,0.));
#11568=DIRECTION('',(0.,0.,-1.));
#11569=DIRECTION('center_axis',(0.989932866001567,0.116880087438616,-0.0798245950209946));
#11570=DIRECTION('ref_axis',(-0.141537701019632,0.817474348552345,-0.558303473613586));
#11571=DIRECTION('center_axis',(-0.466244359928428,0.88465597654395,0.));
#11572=DIRECTION('ref_axis',(0.88465597654395,0.466244359928428,0.));
#11573=DIRECTION('center_axis',(0.,0.,1.));
#11574=DIRECTION('ref_axis',(-1.,0.,0.));
#11575=DIRECTION('center_axis',(0.63889155806436,-0.769296806852917,0.));
#11576=DIRECTION('ref_axis',(0.769296806852917,0.63889155806436,0.));
#11577=DIRECTION('center_axis',(0.,0.,1.));
#11578=DIRECTION('ref_axis',(-0.7283709698824,-0.685182990326359,0.));
#11579=DIRECTION('center_axis',(0.,0.,-1.));
#11580=DIRECTION('ref_axis',(0.,-1.,0.));
#11581=DIRECTION('',(0.,0.,1.));
#11582=DIRECTION('center_axis',(0.,0.,-1.));
#11583=DIRECTION('ref_axis',(-0.0766388458120498,0.997058918676623,0.));
#11584=DIRECTION('center_axis',(0.,0.,1.));
#11585=DIRECTION('ref_axis',(0.638891558064359,0.769296806852918,0.));
#11586=DIRECTION('',(0.,0.,-1.));
#11587=DIRECTION('center_axis',(0.89622603347028,0.347009661734487,-0.276338907128631));
#11588=DIRECTION('ref_axis',(-0.443597674622085,0.701083685745457,-0.558303473615778));
#11589=DIRECTION('center_axis',(-0.76929680685283,0.638891558064465,0.));
#11590=DIRECTION('ref_axis',(0.638891558064465,0.76929680685283,0.));
#11591=DIRECTION('center_axis',(0.,0.,1.));
#11592=DIRECTION('ref_axis',(-1.,0.,0.));
#11593=DIRECTION('center_axis',(0.884655976543886,-0.466244359928549,0.));
#11594=DIRECTION('ref_axis',(0.466244359928549,0.884655976543886,0.));
#11595=DIRECTION('center_axis',(0.,0.,1.));
#11596=DIRECTION('ref_axis',(-0.7283709698824,-0.685182990326359,0.));
#11597=DIRECTION('center_axis',(0.,0.,-1.));
#11598=DIRECTION('ref_axis',(0.,-1.,0.));
#11599=DIRECTION('',(0.,0.,1.));
#11600=DIRECTION('center_axis',(0.,0.,1.));
#11601=DIRECTION('ref_axis',(0.997058918676623,-0.0766388458120559,0.));
#11602=DIRECTION('center_axis',(0.,0.,1.));
#11603=DIRECTION('ref_axis',(0.662620048215733,-0.748955720789007,0.));
#11604=DIRECTION('center_axis',(-0.471793746209826,0.298518725964726,-0.829636806853273));
#11605=DIRECTION('ref_axis',(0.701083685767582,-0.443597674516255,-0.558303473672083));
#11606=DIRECTION('center_axis',(0.,0.,1.));
#11607=DIRECTION('ref_axis',(0.950490744241025,0.310752868228345,0.));
#11608=DIRECTION('center_axis',(0.,0.,1.));
#11609=DIRECTION('ref_axis',(0.898794046299167,-0.438371146789078,0.));
#11610=DIRECTION('center_axis',(-0.550118756366202,0.0952476908226034,-0.829636806854099));
#11611=DIRECTION('ref_axis',(0.817474348531946,-0.141537700911541,-0.558303473670857));
#11612=DIRECTION('center_axis',(0.,0.,1.));
#11613=DIRECTION('ref_axis',(0.759218970214773,0.65083527506276,0.));
#11614=DIRECTION('center_axis',(0.,0.,1.));
#11615=DIRECTION('ref_axis',(0.998134798421867,-0.0610485395348625,0.));
#11616=DIRECTION('',(0.,0.,-1.));
#11617=DIRECTION('',(0.,0.,1.));
#11618=DIRECTION('center_axis',(-0.544693172634847,-0.122523941707285,-0.829636806918241));
#11619=DIRECTION('ref_axis',(0.809411952250381,0.182070104486485,-0.558303473575535));
#11620=DIRECTION('center_axis',(0.995739542021003,-0.0922104357207068,0.));
#11621=DIRECTION('ref_axis',(0.0922104357207068,0.995739542021003,0.));
#11622=DIRECTION('center_axis',(0.,0.,-1.));
#11623=DIRECTION('ref_axis',(-0.452362990310427,0.891833911105318,0.));
#11624=DIRECTION('center_axis',(0.,0.,1.));
#11625=DIRECTION('ref_axis',(0.295861691435931,0.955230788626848,0.));
#11626=DIRECTION('',(0.,0.,-1.));
#11627=DIRECTION('center_axis',(0.456342991144568,-0.321642414899305,-0.829636806904668));
#11628=DIRECTION('ref_axis',(-0.678123923514532,0.477959387111755,-0.558303473595689));
#11629=DIRECTION('center_axis',(-0.955230788626801,0.295861691436081,0.));
#11630=DIRECTION('ref_axis',(0.295861691436081,0.955230788626801,0.));
#11631=DIRECTION('center_axis',(0.,0.,1.));
#11632=DIRECTION('ref_axis',(-1.,0.,0.));
#11633=DIRECTION('center_axis',(0.,0.,1.));
#11634=DIRECTION('ref_axis',(-0.7283709698824,-0.685182990326359,0.));
#11635=DIRECTION('center_axis',(0.,0.,-1.));
#11636=DIRECTION('ref_axis',(0.,-1.,0.));
#11637=DIRECTION('center_axis',(0.,0.,1.));
#11638=DIRECTION('ref_axis',(1.,0.,0.));
#11639=DIRECTION('center_axis',(0.,0.,1.));
#11640=DIRECTION('ref_axis',(0.898832493591837,0.438292309382083,0.));
#11641=DIRECTION('center_axis',(0.,0.,-1.));
#11642=DIRECTION('ref_axis',(-0.898832493591846,-0.438292309382066,0.));
#11643=DIRECTION('center_axis',(0.,0.,1.));
#11644=DIRECTION('ref_axis',(-0.515649491911966,0.856799627387251,0.));
#11645=DIRECTION('',(-0.85679962738724,-0.515649491911983,0.));
#11646=DIRECTION('center_axis',(0.,0.,1.));
#11647=DIRECTION('ref_axis',(-0.795129575020307,-0.606439575661109,0.));
#11648=DIRECTION('center_axis',(0.,0.,-1.));
#11649=DIRECTION('ref_axis',(0.79512957502035,0.606439575661052,0.));
#11650=DIRECTION('center_axis',(0.,0.,1.));
#11651=DIRECTION('ref_axis',(0.241229574197258,-0.970468079089987,0.));
#11652=DIRECTION('',(0.970468079089981,0.241229574197285,0.));
#11653=DIRECTION('center_axis',(0.,0.,1.));
#11654=DIRECTION('ref_axis',(1.,0.,0.));
#11655=DIRECTION('center_axis',(0.,0.,-1.));
#11656=DIRECTION('ref_axis',(0.133423978089009,0.991059050748695,0.));
#11657=DIRECTION('center_axis',(0.,0.,1.));
#11658=DIRECTION('ref_axis',(0.856799627387253,-0.515649491911962,0.));
#11659=DIRECTION('',(0.515649491911988,0.856799627387237,0.));
#11660=DIRECTION('center_axis',(0.,0.,1.));
#11661=DIRECTION('ref_axis',(0.325651087263639,0.945490015475579,0.));
#11662=DIRECTION('center_axis',(0.,0.,-1.));
#11663=DIRECTION('ref_axis',(-0.32565108726364,-0.945490015475578,0.));
#11664=DIRECTION('center_axis',(0.,0.,1.));
#11665=DIRECTION('ref_axis',(-0.970468079089982,0.24122957419728,0.));
#11666=DIRECTION('',(-0.241229574197295,-0.970468079089978,0.));
#11667=DIRECTION('center_axis',(0.,0.,1.));
#11668=DIRECTION('ref_axis',(-0.133423978089008,-0.991059050748695,0.));
#11669=DIRECTION('center_axis',(0.,0.,1.));
#11670=DIRECTION('ref_axis',(1.,0.,0.));
#11671=DIRECTION('center_axis',(0.,0.,1.));
#11672=DIRECTION('ref_axis',(1.,0.,0.));
#11673=DIRECTION('center_axis',(0.,0.,1.));
#11674=DIRECTION('ref_axis',(-0.32565108726364,-0.945490015475578,0.));
#11675=DIRECTION('',(0.,0.,-1.));
#11676=DIRECTION('center_axis',(0.,0.,-1.));
#11677=DIRECTION('ref_axis',(-0.32565108726364,-0.945490015475578,0.));
#11678=DIRECTION('',(0.,0.,-1.));
#11679=DIRECTION('center_axis',(0.,0.,1.));
#11680=DIRECTION('ref_axis',(-0.970468079089982,0.24122957419728,0.));
#11681=DIRECTION('center_axis',(0.,0.,1.));
#11682=DIRECTION('ref_axis',(-0.970468079089982,0.24122957419728,0.));
#11683=DIRECTION('',(0.,0.,-1.));
#11684=DIRECTION('center_axis',(-0.970468079089978,0.241229574197295,0.));
#11685=DIRECTION('ref_axis',(0.241229574197295,0.970468079089978,0.));
#11686=DIRECTION('',(-0.241229574197295,-0.970468079089978,0.));
#11687=DIRECTION('',(0.,0.,-1.));
#11688=DIRECTION('center_axis',(0.,0.,1.));
#11689=DIRECTION('ref_axis',(-0.133423978089008,-0.991059050748695,0.));
#11690=DIRECTION('center_axis',(0.,0.,1.));
#11691=DIRECTION('ref_axis',(-0.133423978089008,-0.991059050748695,0.));
#11692=DIRECTION('',(0.,0.,-1.));
#11693=DIRECTION('center_axis',(0.,0.,1.));
#11694=DIRECTION('ref_axis',(-0.795129575020307,-0.606439575661109,0.));
#11695=DIRECTION('',(0.,0.,-1.));
#11696=DIRECTION('center_axis',(0.,0.,1.));
#11697=DIRECTION('ref_axis',(-0.795129575020307,-0.606439575661109,0.));
#11698=DIRECTION('',(0.,0.,-1.));
#11699=DIRECTION('center_axis',(0.,0.,1.));
#11700=DIRECTION('ref_axis',(0.79512957502035,0.606439575661052,0.));
#11701=DIRECTION('center_axis',(0.,0.,-1.));
#11702=DIRECTION('ref_axis',(0.79512957502035,0.606439575661052,0.));
#11703=DIRECTION('',(0.,0.,-1.));
#11704=DIRECTION('center_axis',(0.,0.,1.));
#11705=DIRECTION('ref_axis',(0.241229574197258,-0.970468079089987,0.));
#11706=DIRECTION('center_axis',(0.,0.,1.));
#11707=DIRECTION('ref_axis',(0.241229574197258,-0.970468079089987,0.));
#11708=DIRECTION('',(0.,0.,-1.));
#11709=DIRECTION('center_axis',(0.241229574197285,-0.970468079089981,0.));
#11710=DIRECTION('ref_axis',(-0.970468079089981,-0.241229574197285,0.));
#11711=DIRECTION('',(0.970468079089981,0.241229574197285,0.));
#11712=DIRECTION('',(0.,0.,-1.));
#11713=DIRECTION('center_axis',(0.,0.,1.));
#11714=DIRECTION('ref_axis',(0.133423978089009,0.991059050748695,0.));
#11715=DIRECTION('center_axis',(0.,0.,-1.));
#11716=DIRECTION('ref_axis',(0.133423978089009,0.991059050748695,0.));
#11717=DIRECTION('',(0.,0.,-1.));
#11718=DIRECTION('center_axis',(0.,0.,1.));
#11719=DIRECTION('ref_axis',(0.856799627387253,-0.515649491911962,0.));
#11720=DIRECTION('center_axis',(0.,0.,1.));
#11721=DIRECTION('ref_axis',(0.856799627387253,-0.515649491911962,0.));
#11722=DIRECTION('',(0.,0.,-1.));
#11723=DIRECTION('center_axis',(0.856799627387237,-0.515649491911988,0.));
#11724=DIRECTION('ref_axis',(-0.515649491911988,-0.856799627387237,0.));
#11725=DIRECTION('',(0.515649491911988,0.856799627387237,0.));
#11726=DIRECTION('',(0.,0.,-1.));
#11727=DIRECTION('center_axis',(0.,0.,1.));
#11728=DIRECTION('ref_axis',(0.325651087263639,0.945490015475579,0.));
#11729=DIRECTION('center_axis',(0.,0.,1.));
#11730=DIRECTION('ref_axis',(0.325651087263639,0.945490015475579,0.));
#11731=DIRECTION('center_axis',(0.,0.,1.));
#11732=DIRECTION('ref_axis',(0.898832493591837,0.438292309382083,0.));
#11733=DIRECTION('center_axis',(0.,0.,1.));
#11734=DIRECTION('ref_axis',(0.898832493591837,0.438292309382083,0.));
#11735=DIRECTION('',(0.,0.,-1.));
#11736=DIRECTION('center_axis',(0.,0.,1.));
#11737=DIRECTION('ref_axis',(-0.898832493591846,-0.438292309382066,0.));
#11738=DIRECTION('center_axis',(0.,0.,-1.));
#11739=DIRECTION('ref_axis',(-0.898832493591846,-0.438292309382066,0.));
#11740=DIRECTION('',(0.,0.,-1.));
#11741=DIRECTION('center_axis',(0.,0.,1.));
#11742=DIRECTION('ref_axis',(-0.515649491911966,0.856799627387251,0.));
#11743=DIRECTION('center_axis',(0.,0.,1.));
#11744=DIRECTION('ref_axis',(-0.515649491911966,0.856799627387251,0.));
#11745=DIRECTION('',(0.,0.,-1.));
#11746=DIRECTION('center_axis',(-0.515649491911983,0.85679962738724,0.));
#11747=DIRECTION('ref_axis',(0.85679962738724,0.515649491911983,0.));
#11748=DIRECTION('',(-0.85679962738724,-0.515649491911983,0.));
#11749=DIRECTION('center_axis',(0.364619252446343,0.605848826643623,0.707106781186558));
#11750=DIRECTION('ref_axis',(0.888794300397409,0.,-0.45830632941416));
#11751=DIRECTION('',(0.364619252446364,0.605848826643635,-0.707106781186537));
#11752=DIRECTION('',(-0.856799627387251,0.515649491911965,0.));
#11753=DIRECTION('',(-0.364619252446364,-0.605848826643635,0.707106781186537));
#11754=DIRECTION('',(0.856799627387251,-0.515649491911965,0.));
#11755=DIRECTION('center_axis',(0.,0.,1.));
#11756=DIRECTION('ref_axis',(-0.905391961445281,-0.424576725869739,0.));
#11757=DIRECTION('center_axis',(0.,0.,-1.));
#11758=DIRECTION('ref_axis',(-0.905391961445281,-0.424576725869739,0.));
#11759=DIRECTION('',(-0.698949485669974,0.107096295368618,0.707106781186545));
#11760=DIRECTION('center_axis',(0.,0.,1.));
#11761=DIRECTION('ref_axis',(-0.905391961445281,-0.424576725869739,0.));
#11762=DIRECTION('center_axis',(0.,0.,-1.));
#11763=DIRECTION('ref_axis',(0.,-1.,0.));
#11764=DIRECTION('center_axis',(0.,0.,-1.));
#11765=DIRECTION('ref_axis',(0.,-1.,0.));
#11766=DIRECTION('center_axis',(0.,0.,1.));
#11767=DIRECTION('ref_axis',(0.,-1.,0.));
#11768=DIRECTION('',(0.364619252446337,0.605848826643642,-0.707106781186545));
#11769=DIRECTION('center_axis',(0.,0.,-1.));
#11770=DIRECTION('ref_axis',(1.,0.,0.));
#11771=DIRECTION('center_axis',(0.,0.,-1.));
#11772=DIRECTION('ref_axis',(1.,0.,0.));
#11773=DIRECTION('center_axis',(0.,0.,-1.));
#11774=DIRECTION('ref_axis',(0.923879532511287,-0.382683432365089,0.));
#11775=DIRECTION('',(0.,0.,-1.));
#11776=DIRECTION('',(0.,0.,-1.));
#11777=DIRECTION('center_axis',(0.,0.,1.));
#11778=DIRECTION('ref_axis',(-1.,0.,0.));
#11779=DIRECTION('',(0.,0.,-1.));
#11780=DIRECTION('center_axis',(0.,0.,-1.));
#11781=DIRECTION('ref_axis',(-1.,0.,0.));
#11782=DIRECTION('',(0.,0.,1.));
#11783=DIRECTION('center_axis',(0.,0.,-1.));
#11784=DIRECTION('ref_axis',(1.,0.,0.));
#11785=DIRECTION('center_axis',(0.515649491911965,0.856799627387251,0.));
#11786=DIRECTION('ref_axis',(0.856799627387251,-0.515649491911965,0.));
#11787=DIRECTION('',(0.,0.,-1.));
#11788=DIRECTION('',(-0.856799627387251,0.515649491911965,0.));
#11789=DIRECTION('center_axis',(0.,0.,1.));
#11790=DIRECTION('ref_axis',(0.424576725869739,0.905391961445281,0.));
#11791=DIRECTION('',(0.107096295368673,-0.698949485669994,-0.707106781186517));
#11792=DIRECTION('center_axis',(0.,0.,-1.));
#11793=DIRECTION('ref_axis',(0.424576725869739,0.90539196144528,0.));
#11794=DIRECTION('',(0.60584882664364,0.364619252446338,0.707106781186546));
#11795=DIRECTION('center_axis',(0.,0.,1.));
#11796=DIRECTION('ref_axis',(0.424576725869739,0.905391961445281,0.));
#11797=DIRECTION('center_axis',(-0.605848826643643,-0.364619252446352,0.707106781186537));
#11798=DIRECTION('ref_axis',(0.759385376128603,0.,0.650641107310336));
#11799=DIRECTION('',(0.605848826643617,0.364619252446346,0.707106781186562));
#11800=DIRECTION('',(-0.515649491911962,0.856799627387253,0.));
#11801=DIRECTION('',(0.515649491911962,-0.856799627387253,0.));
#11802=DIRECTION('center_axis',(0.,0.,-1.));
#11803=DIRECTION('ref_axis',(0.,-1.,0.));
#11804=DIRECTION('center_axis',(0.,0.,-1.));
#11805=DIRECTION('ref_axis',(0.,-1.,0.));
#11806=DIRECTION('center_axis',(0.,0.,-1.));
#11807=DIRECTION('ref_axis',(0.,-1.,0.));
#11808=DIRECTION('',(0.605848826643637,0.364619252446339,0.707106781186548));
#11809=DIRECTION('center_axis',(0.,0.,-1.));
#11810=DIRECTION('ref_axis',(-1.,0.,0.));
#11811=DIRECTION('center_axis',(0.,0.,-1.));
#11812=DIRECTION('ref_axis',(-1.,0.,0.));
#11813=DIRECTION('center_axis',(-0.856799627387253,-0.515649491911962,0.));
#11814=DIRECTION('ref_axis',(-0.515649491911962,0.856799627387253,0.));
#11815=DIRECTION('',(0.,0.,-1.));
#11816=DIRECTION('',(-0.515649491911962,0.856799627387253,0.));
#11817=DIRECTION('',(0.,0.,1.));
#11818=DIRECTION('center_axis',(0.,0.,-1.));
#11819=DIRECTION('ref_axis',(0.382683432365093,-0.923879532511286,0.));
#11820=DIRECTION('',(0.,0.,1.));
#11821=DIRECTION('center_axis',(0.,0.,-1.));
#11822=DIRECTION('ref_axis',(1.,0.,0.));
#11823=DIRECTION('',(0.,0.,-1.));
#11824=DIRECTION('center_axis',(0.,0.,-1.));
#11825=DIRECTION('ref_axis',(1.,0.,0.));
#11826=DIRECTION('',(0.,0.,-1.));
#11827=DIRECTION('center_axis',(0.,0.,1.));
#11828=DIRECTION('ref_axis',(-1.,0.,0.));
#11829=DIRECTION('center_axis',(0.,0.,-1.));
#11830=DIRECTION('ref_axis',(-1.,0.,0.));
#11831=DIRECTION('center_axis',(0.,0.,-1.));
#11832=DIRECTION('ref_axis',(1.,0.,0.));
#11833=DIRECTION('center_axis',(0.,0.,1.));
#11834=DIRECTION('ref_axis',(-0.821186436822466,-0.570660000331915,0.));
#11835=DIRECTION('center_axis',(-0.17057506773765,-0.686224559649615,0.707106781186539));
#11836=DIRECTION('ref_axis',(0.972115399791972,0.,0.234502983962452));
#11837=DIRECTION('',(0.170575067737667,0.686224559649629,0.707106781186521));
#11838=DIRECTION('',(-0.970468079089979,0.241229574197291,0.));
#11839=DIRECTION('',(-0.170575067737644,-0.686224559649599,-0.707106781186556));
#11840=DIRECTION('',(0.970468079089979,-0.241229574197291,0.));
#11841=DIRECTION('center_axis',(0.,0.,1.));
#11842=DIRECTION('ref_axis',(-0.339987713573266,0.940429877566224,0.));
#11843=DIRECTION('',(0.569960437719231,-0.418503404328924,-0.70710678118655));
#11844=DIRECTION('center_axis',(0.,0.,-1.));
#11845=DIRECTION('ref_axis',(-0.339987713573266,0.940429877566224,0.));
#11846=DIRECTION('center_axis',(0.,0.,1.));
#11847=DIRECTION('ref_axis',(-0.339987713573266,0.940429877566224,0.));
#11848=DIRECTION('center_axis',(0.,0.,-1.));
#11849=DIRECTION('ref_axis',(0.,-1.,0.));
#11850=DIRECTION('center_axis',(0.,0.,-1.));
#11851=DIRECTION('ref_axis',(0.,-1.,0.));
#11852=DIRECTION('',(0.418503404328936,-0.569960437719199,-0.707106781186569));
#11853=DIRECTION('center_axis',(0.,0.,1.));
#11854=DIRECTION('ref_axis',(0.,-1.,0.));
#11855=DIRECTION('center_axis',(0.,0.,1.));
#11856=DIRECTION('ref_axis',(-0.940429877566222,0.339987713573271,0.));
#11857=DIRECTION('',(0.686224559649616,0.17057506773764,-0.70710678118654));
#11858=DIRECTION('center_axis',(0.,0.,-1.));
#11859=DIRECTION('ref_axis',(-0.940429877566222,0.339987713573271,0.));
#11860=DIRECTION('center_axis',(0.,0.,1.));
#11861=DIRECTION('ref_axis',(-0.940429877566222,0.339987713573271,0.));
#11862=DIRECTION('center_axis',(0.686224559649601,0.170575067737643,0.707106781186555));
#11863=DIRECTION('ref_axis',(0.717623784525451,0.,-0.696430975677682));
#11864=DIRECTION('',(0.686224559649616,0.17057506773764,-0.70710678118654));
#11865=DIRECTION('',(-0.241229574197287,0.97046807908998,0.));
#11866=DIRECTION('',(0.241229574197287,-0.97046807908998,0.));
#11867=DIRECTION('',(0.170575067737644,0.686224559649599,0.707106781186556));
#11868=DIRECTION('center_axis',(0.,0.,-1.));
#11869=DIRECTION('ref_axis',(-1.,0.,0.));
#11870=DIRECTION('',(0.686224559649616,0.17057506773764,-0.70710678118654));
#11871=DIRECTION('center_axis',(0.,0.,-1.));
#11872=DIRECTION('ref_axis',(1.,0.,0.));
#11873=DIRECTION('center_axis',(0.97046807908998,0.241229574197287,0.));
#11874=DIRECTION('ref_axis',(0.241229574197287,-0.97046807908998,0.));
#11875=DIRECTION('',(0.,0.,-1.));
#11876=DIRECTION('',(-0.241229574197287,0.97046807908998,0.));
#11877=DIRECTION('center_axis',(0.,0.,-1.));
#11878=DIRECTION('ref_axis',(-0.940429877566222,0.339987713573271,0.));
#11879=DIRECTION('',(0.,0.,1.));
#11880=DIRECTION('center_axis',(0.,0.,1.));
#11881=DIRECTION('ref_axis',(-0.940429877566222,0.339987713573271,0.));
#11882=DIRECTION('center_axis',(0.,0.,1.));
#11883=DIRECTION('ref_axis',(0.,-1.,0.));
#11884=DIRECTION('',(0.,0.,-1.));
#11885=DIRECTION('center_axis',(0.,0.,1.));
#11886=DIRECTION('ref_axis',(-3.63315783528528E-16,-1.,0.));
#11887=DIRECTION('center_axis',(0.,0.,1.));
#11888=DIRECTION('ref_axis',(-0.339987713573266,0.940429877566224,0.));
#11889=DIRECTION('',(0.,0.,1.));
#11890=DIRECTION('center_axis',(0.,0.,1.));
#11891=DIRECTION('ref_axis',(-0.339987713573266,0.940429877566224,0.));
#11892=DIRECTION('center_axis',(0.,0.,-1.));
#11893=DIRECTION('ref_axis',(0.,-1.,0.));
#11894=DIRECTION('center_axis',(0.,0.,-1.));
#11895=DIRECTION('ref_axis',(0.,-1.,0.));
#11896=DIRECTION('',(-8.65956056235493E-17,-0.707106781186547,0.707106781186547));
#11897=DIRECTION('center_axis',(0.,0.,-1.));
#11898=DIRECTION('ref_axis',(0.,-1.,0.));
#11899=DIRECTION('center_axis',(0.,0.,1.));
#11900=DIRECTION('ref_axis',(0.,-1.,0.));
#11901=DIRECTION('center_axis',(0.,0.,-1.));
#11902=DIRECTION('ref_axis',(0.,-1.,0.));
#11903=DIRECTION('',(0.,0.,-1.));
#11904=DIRECTION('center_axis',(0.,0.,1.));
#11905=DIRECTION('ref_axis',(0.,-1.,0.));
#11906=DIRECTION('',(8.65956056235493E-17,0.707106781186547,0.707106781186547));
#11907=DIRECTION('center_axis',(0.,0.,1.));
#11908=DIRECTION('ref_axis',(1.,0.,0.));
#11909=DIRECTION('',(0.580666498095612,0.403517555986604,-0.707106781186531));
#11910=DIRECTION('center_axis',(0.,0.,1.));
#11911=DIRECTION('ref_axis',(1.,0.,0.));
#11912=DIRECTION('',(0.695923218577206,0.125263218245301,0.707106781186528));
#11913=DIRECTION('center_axis',(0.,0.,-1.));
#11914=DIRECTION('ref_axis',(-0.984184054082199,-0.177148942108969,0.));
#11915=DIRECTION('center_axis',(0.,0.,-1.));
#11916=DIRECTION('ref_axis',(-0.984184054082199,-0.177148942108969,0.));
#11917=DIRECTION('',(0.411682264944938,-0.574906699151963,0.707106781186548));
#11918=DIRECTION('center_axis',(0.,0.,1.));
#11919=DIRECTION('ref_axis',(-0.984184054082199,-0.177148942108969,0.));
#11920=DIRECTION('center_axis',(0.,0.,-1.));
#11921=DIRECTION('ref_axis',(0.821186436822466,0.570660000331915,0.));
#11922=DIRECTION('center_axis',(0.,0.,1.));
#11923=DIRECTION('ref_axis',(0.821186436822466,0.570660000331915,0.));
#11924=DIRECTION('',(-0.115417104283142,0.697623746756717,-0.707106781186558));
#11925=DIRECTION('center_axis',(0.,0.,-1.));
#11926=DIRECTION('ref_axis',(0.821186436822466,0.570660000331915,0.));
#11927=DIRECTION('center_axis',(0.,0.,1.));
#11928=DIRECTION('ref_axis',(1.,0.,0.));
#11929=DIRECTION('',(0.574906699151969,-0.411682264944947,0.707106781186537));
#11930=DIRECTION('center_axis',(0.,0.,-1.));
#11931=DIRECTION('ref_axis',(1.,0.,0.));
#11932=DIRECTION('center_axis',(0.,0.,1.));
#11933=DIRECTION('ref_axis',(1.,0.,0.));
#11934=DIRECTION('center_axis',(0.,0.,1.));
#11935=DIRECTION('ref_axis',(1.,0.,0.));
#11936=DIRECTION('center_axis',(0.,0.,1.));
#11937=DIRECTION('ref_axis',(1.,0.,0.));
#11938=DIRECTION('center_axis',(0.,0.,-1.));
#11939=DIRECTION('ref_axis',(1.,0.,0.));
#11940=DIRECTION('center_axis',(0.,0.,-1.));
#11941=DIRECTION('ref_axis',(0.177148942108967,0.9841840540822,0.));
#11942=DIRECTION('',(-0.125263218245274,-0.695923218577184,0.707106781186554));
#11943=DIRECTION('center_axis',(0.,0.,1.));
#11944=DIRECTION('ref_axis',(0.177148942108967,0.9841840540822,0.));
#11945=DIRECTION('center_axis',(0.,0.,-1.));
#11946=DIRECTION('ref_axis',(0.177148942108967,0.9841840540822,0.));
#11947=DIRECTION('center_axis',(0.,0.,1.));
#11948=DIRECTION('ref_axis',(1.,0.,0.));
#11949=DIRECTION('center_axis',(0.,0.,1.));
#11950=DIRECTION('ref_axis',(1.,0.,0.));
#11951=DIRECTION('',(0.403517555986629,0.58066649809561,0.707106781186519));
#11952=DIRECTION('center_axis',(0.,0.,-1.));
#11953=DIRECTION('ref_axis',(-0.570660000331916,-0.821186436822466,0.));
#11954=DIRECTION('center_axis',(0.,0.,-1.));
#11955=DIRECTION('ref_axis',(-0.570660000331916,-0.821186436822466,0.));
#11956=DIRECTION('',(0.697623746756735,-0.115417104283108,0.707106781186545));
#11957=DIRECTION('center_axis',(0.,0.,1.));
#11958=DIRECTION('ref_axis',(-0.570660000331916,-0.821186436822466,0.));
#11959=DIRECTION('center_axis',(0.,0.,1.));
#11960=DIRECTION('ref_axis',(1.,0.,0.));
#11961=DIRECTION('center_axis',(0.,0.,1.));
#11962=DIRECTION('ref_axis',(1.,1.22464679914735E-16,0.));
#11963=DIRECTION('center_axis',(0.,0.,1.));
#11964=DIRECTION('ref_axis',(1.,0.,0.));
#11965=DIRECTION('center_axis',(0.,0.,1.));
#11966=DIRECTION('ref_axis',(-1.,0.,0.));
#11967=DIRECTION('',(0.,0.,-1.));
#11968=DIRECTION('center_axis',(0.,0.,1.));
#11969=DIRECTION('ref_axis',(-0.821186436822466,-0.570660000331915,0.));
#11970=DIRECTION('center_axis',(0.,0.,-1.));
#11971=DIRECTION('ref_axis',(0.984184054082199,0.177148942108969,0.));
#11972=DIRECTION('',(0.,0.,1.));
#11973=DIRECTION('center_axis',(0.,0.,1.));
#11974=DIRECTION('ref_axis',(0.984184054082199,0.177148942108969,0.));
#11975=DIRECTION('center_axis',(0.,0.,1.));
#11976=DIRECTION('ref_axis',(-1.,0.,0.));
#11977=DIRECTION('',(0.,0.,-1.));
#11978=DIRECTION('center_axis',(0.,0.,1.));
#11979=DIRECTION('ref_axis',(-1.,0.,0.));
#11980=DIRECTION('center_axis',(0.,0.,1.));
#11981=DIRECTION('ref_axis',(-0.177148942108967,-0.9841840540822,0.));
#11982=DIRECTION('center_axis',(0.,0.,1.));
#11983=DIRECTION('ref_axis',(-0.177148942108967,-0.9841840540822,0.));
#11984=DIRECTION('center_axis',(0.,0.,-1.));
#11985=DIRECTION('ref_axis',(0.570660000331916,0.821186436822466,0.));
#11986=DIRECTION('',(0.,0.,1.));
#11987=DIRECTION('center_axis',(0.,0.,1.));
#11988=DIRECTION('ref_axis',(0.570660000331916,0.821186436822466,0.));
#11989=DIRECTION('center_axis',(0.,0.,1.));
#11990=DIRECTION('ref_axis',(1.,-1.22464679914735E-16,0.));
#11991=DIRECTION('center_axis',(0.,0.,1.));
#11992=DIRECTION('ref_axis',(-1.,0.,0.));
#11993=DIRECTION('center_axis',(0.,0.,-1.));
#11994=DIRECTION('ref_axis',(1.,0.,0.));
#11995=DIRECTION('center_axis',(0.,0.,-1.));
#11996=DIRECTION('ref_axis',(1.,0.,0.));
#11997=DIRECTION('',(0.,0.,-1.));
#11998=DIRECTION('center_axis',(0.,0.,1.));
#11999=DIRECTION('ref_axis',(1.,0.,0.));
#12000=DIRECTION('center_axis',(0.,0.,-1.));
#12001=DIRECTION('ref_axis',(1.,0.,0.));
#12002=DIRECTION('center_axis',(0.,0.,-1.));
#12003=DIRECTION('ref_axis',(1.,0.,0.));
#12004=DIRECTION('',(0.,0.,-1.));
#12005=DIRECTION('center_axis',(0.,0.,1.));
#12006=DIRECTION('ref_axis',(1.,0.,0.));
#12007=DIRECTION('center_axis',(0.,0.,1.));
#12008=DIRECTION('ref_axis',(1.,0.,0.));
#12009=DIRECTION('center_axis',(0.,0.,-1.));
#12010=DIRECTION('ref_axis',(0.707106781186548,-0.707106781186547,0.));
#12011=DIRECTION('center_axis',(0.,0.,-1.));
#12012=DIRECTION('ref_axis',(0.707106781186548,-0.707106781186547,0.));
#12013=DIRECTION('center_axis',(0.,-1.,0.));
#12014=DIRECTION('ref_axis',(-1.,0.,0.));
#12015=DIRECTION('center_axis',(0.,0.,1.));
#12016=DIRECTION('ref_axis',(0.707106781186548,-0.707106781186547,0.));
#12017=DIRECTION('center_axis',(0.,0.,1.));
#12018=DIRECTION('ref_axis',(0.,-1.,0.));
#12019=DIRECTION('center_axis',(0.,0.,1.));
#12020=DIRECTION('ref_axis',(0.707106781186547,-0.707106781186548,0.));
#12021=DIRECTION('',(8.65956056235486E-17,-0.707106781186541,-0.707106781186554));
#12022=DIRECTION('center_axis',(0.,0.,1.));
#12023=DIRECTION('ref_axis',(0.707106781186547,-0.707106781186548,0.));
#12024=DIRECTION('center_axis',(0.,0.,-1.));
#12025=DIRECTION('ref_axis',(-1.,0.,0.));
#12026=DIRECTION('center_axis',(0.,0.,-1.));
#12027=DIRECTION('ref_axis',(0.707106781186548,-0.707106781186547,0.));
#12028=DIRECTION('center_axis',(0.,-1.,0.));
#12029=DIRECTION('ref_axis',(1.,0.,0.));
#12030=DIRECTION('center_axis',(0.,0.,1.));
#12031=DIRECTION('ref_axis',(-1.,0.,0.));
#12032=DIRECTION('center_axis',(0.,0.,1.));
#12033=DIRECTION('ref_axis',(0.424576725869739,0.905391961445281,0.));
#12034=DIRECTION('center_axis',(0.,0.,1.));
#12035=DIRECTION('ref_axis',(0.424576725869739,0.905391961445281,0.));
#12036=DIRECTION('',(0.,0.,-1.));
#12037=DIRECTION('center_axis',(-0.241229574197291,-0.970468079089979,0.));
#12038=DIRECTION('ref_axis',(-0.970468079089979,0.241229574197291,0.));
#12039=DIRECTION('',(-0.970468079089979,0.241229574197291,0.));
#12040=DIRECTION('center_axis',(0.,0.,-1.));
#12041=DIRECTION('ref_axis',(-0.905391961445281,-0.424576725869739,0.));
#12042=DIRECTION('',(0.,0.,1.));
#12043=DIRECTION('center_axis',(0.,0.,1.));
#12044=DIRECTION('ref_axis',(-0.905391961445281,-0.424576725869739,0.));
#12045=DIRECTION('center_axis',(0.,0.,1.));
#12046=DIRECTION('ref_axis',(0.,-1.,0.));
#12047=DIRECTION('center_axis',(0.,0.,1.));
#12048=DIRECTION('ref_axis',(-3.63315783528528E-16,-1.,0.));
#12049=DIRECTION('center_axis',(0.,0.,-1.));
#12050=DIRECTION('ref_axis',(-0.651542971819177,-0.758611729327352,0.));
#12051=DIRECTION('center_axis',(0.,0.,-1.));
#12052=DIRECTION('ref_axis',(0.0903532008193118,-0.995909784619925,0.));
#12053=DIRECTION('',(0.,0.,1.));
#12054=DIRECTION('',(0.,0.,-1.));
#12055=DIRECTION('center_axis',(0.,0.,1.));
#12056=DIRECTION('ref_axis',(1.,0.,0.));
#12057=DIRECTION('center_axis',(-0.995909784619925,-0.0903532008193129,
-6.74649103340286E-16));
#12058=DIRECTION('ref_axis',(0.0638893610012173,-0.704214562154461,-0.707106781186871));
#12059=DIRECTION('center_axis',(0.,0.,1.));
#12060=DIRECTION('ref_axis',(0.195090322016129,-0.98078528040323,0.));
#12061=DIRECTION('center_axis',(0.954677339252779,0.297642701770484,-2.02394731002085E-15));
#12062=DIRECTION('ref_axis',(0.297642701770484,-0.95467733925278,0.));
#12063=DIRECTION('center_axis',(0.,0.,-1.));
#12064=DIRECTION('ref_axis',(0.195090322016129,-0.98078528040323,0.));
#12065=DIRECTION('center_axis',(0.,0.,1.));
#12066=DIRECTION('ref_axis',(1.,0.,0.));
#12067=DIRECTION('center_axis',(-0.0431771584573878,0.705940300646945,-0.706954047240729));
#12068=DIRECTION('ref_axis',(0.0638893610012483,-0.704214562154788,-0.707106781186542));
#12069=DIRECTION('center_axis',(0.,0.,1.));
#12070=DIRECTION('ref_axis',(0.89225535662673,-0.451531149059406,0.));
#12071=DIRECTION('center_axis',(0.,0.,-1.));
#12072=DIRECTION('ref_axis',(0.945518575598534,0.325568154459431,0.));
#12073=DIRECTION('',(0.,0.,1.));
#12074=DIRECTION('',(0.,0.,-1.));
#12075=DIRECTION('center_axis',(0.,0.,1.));
#12076=DIRECTION('ref_axis',(1.,0.,0.));
#12077=DIRECTION('center_axis',(-0.23026116432564,0.668726978140821,-0.706954047240729));
#12078=DIRECTION('ref_axis',(0.210465172792595,-0.675058820430782,-0.707106781186536));
#12079=DIRECTION('center_axis',(0.998134798421867,0.0610485395348569,0.));
#12080=DIRECTION('ref_axis',(-0.0610485395348569,0.998134798421867,0.));
#12081=DIRECTION('',(0.,0.,-1.));
#12082=DIRECTION('center_axis',(-0.0431783791728381,0.705960259168069,-0.706934042218479));
#12083=DIRECTION('ref_axis',(0.0652026243901071,-0.704094182414922,-0.707106781230462));
#12084=DIRECTION('center_axis',(0.,0.,1.));
#12085=DIRECTION('ref_axis',(0.,-1.,0.));
#12086=DIRECTION('center_axis',(0.,0.,1.));
#12087=DIRECTION('ref_axis',(0.7283709698824,-0.685182990326359,0.));
#12088=DIRECTION('center_axis',(-0.230267674325692,0.668745884553783,-0.70693404222248));
#12089=DIRECTION('ref_axis',(0.945518575599316,0.325568154457159,0.));
#12090=DIRECTION('center_axis',(0.945518575599317,0.325568154457157,0.));
#12091=DIRECTION('ref_axis',(-0.325568154457157,0.945518575599317,0.));
#12092=DIRECTION('',(0.,0.,1.));
#12093=DIRECTION('center_axis',(0.,0.,-1.));
#12094=DIRECTION('ref_axis',(-0.3116390758039,-0.950200550637649,0.));
#12095=DIRECTION('center_axis',(0.,0.,-1.));
#12096=DIRECTION('ref_axis',(0.464593647638174,-0.885523993223366,0.));
#12097=DIRECTION('',(0.,0.,1.));
#12098=DIRECTION('',(0.,0.,-1.));
#12099=DIRECTION('center_axis',(0.,0.,1.));
#12100=DIRECTION('ref_axis',(1.,0.,0.));
#12101=DIRECTION('center_axis',(-0.885523993223366,-0.464593647638174,-3.49590899003598E-15));
#12102=DIRECTION('ref_axis',(0.328517318741003,-0.626160020511354,-0.707106781186861));
#12103=DIRECTION('center_axis',(0.,0.,1.));
#12104=DIRECTION('ref_axis',(0.555570233019603,-0.831469612302545,0.));
#12105=DIRECTION('center_axis',(0.768103923156037,0.640325201153527,1.7786203633516E-15));
#12106=DIRECTION('ref_axis',(0.640325201153527,-0.768103923156037,0.));
#12107=DIRECTION('center_axis',(0.,0.,-1.));
#12108=DIRECTION('ref_axis',(0.555570233019603,-0.831469612302545,0.));
#12109=DIRECTION('center_axis',(0.,0.,1.));
#12110=DIRECTION('ref_axis',(1.,0.,0.));
#12111=DIRECTION('center_axis',(-0.310042150267194,0.635680611744332,-0.706954047240729));
#12112=DIRECTION('ref_axis',(0.328517318741157,-0.62616002051163,-0.707106781186545));
#12113=DIRECTION('center_axis',(0.,0.,1.));
#12114=DIRECTION('ref_axis',(0.997129951702801,-0.0757090444872296,0.));
#12115=DIRECTION('center_axis',(0.,0.,-1.));
#12116=DIRECTION('ref_axis',(0.748955720787418,0.662620048217528,0.));
#12117=DIRECTION('',(0.,0.,1.));
#12118=DIRECTION('',(0.,0.,-1.));
#12119=DIRECTION('center_axis',(0.,0.,1.));
#12120=DIRECTION('ref_axis',(1.,0.,0.));
#12121=DIRECTION('center_axis',(-0.46864431216274,0.52970603523791,-0.706954047240729));
#12122=DIRECTION('ref_axis',(0.452778291900298,-0.543131492719603,-0.707106781186565));
#12123=DIRECTION('center_axis',(0.898794046299167,0.438371146789078,0.));
#12124=DIRECTION('ref_axis',(-0.438371146789078,0.898794046299167,0.));
#12125=DIRECTION('',(0.,0.,-1.));
#12126=DIRECTION('center_axis',(-0.310050915852671,0.635698583857905,-0.706934042227402));
#12127=DIRECTION('ref_axis',(0.329684548579046,-0.625546240000482,-0.707106781221542));
#12128=DIRECTION('center_axis',(0.,0.,1.));
#12129=DIRECTION('ref_axis',(0.,-1.,0.));
#12130=DIRECTION('center_axis',(0.,0.,1.));
#12131=DIRECTION('ref_axis',(0.7283709698824,-0.685182990326359,0.));
#12132=DIRECTION('center_axis',(-0.468657561785907,0.529721011212591,-0.706934042227986));
#12133=DIRECTION('ref_axis',(0.748955720788998,0.662620048215742,0.));
#12134=DIRECTION('center_axis',(0.748955720789002,0.662620048215738,0.));
#12135=DIRECTION('ref_axis',(-0.662620048215738,0.748955720789002,0.));
#12136=DIRECTION('',(0.,0.,1.));
#12137=DIRECTION('center_axis',(0.,0.,-1.));
#12138=DIRECTION('ref_axis',(0.0757090444872545,-0.997129951702799,0.));
#12139=DIRECTION('center_axis',(0.,0.,-1.));
#12140=DIRECTION('ref_axis',(0.768103923156028,-0.640325201153538,0.));
#12141=DIRECTION('',(0.,0.,1.));
#12142=DIRECTION('',(0.,0.,-1.));
#12143=DIRECTION('center_axis',(0.,0.,1.));
#12144=DIRECTION('ref_axis',(1.,0.,0.));
#12145=DIRECTION('center_axis',(-0.640325201153542,-0.768103923156024,-1.01197365501042E-14));
#12146=DIRECTION('ref_axis',(0.543131492719375,-0.452778291900099,-0.707106781186867));
#12147=DIRECTION('center_axis',(0.,0.,1.));
#12148=DIRECTION('ref_axis',(0.831469612302545,-0.555570233019602,0.));
#12149=DIRECTION('center_axis',(0.464593647638178,0.885523993223364,1.67435641101724E-14));
#12150=DIRECTION('ref_axis',(0.885523993223364,-0.464593647638178,0.));
#12151=DIRECTION('center_axis',(0.,0.,-1.));
#12152=DIRECTION('ref_axis',(0.831469612302545,-0.555570233019602,0.));
#12153=DIRECTION('center_axis',(0.,0.,1.));
#12154=DIRECTION('ref_axis',(1.,0.,0.));
#12155=DIRECTION('center_axis',(-0.52970603523791,0.46864431216274,-0.706954047240729));
#12156=DIRECTION('ref_axis',(0.543131492719633,-0.45277829190032,-0.707106781186528));
#12157=DIRECTION('center_axis',(0.,0.,1.));
#12158=DIRECTION('ref_axis',(0.950200550637648,0.311639075803904,0.));
#12159=DIRECTION('center_axis',(0.,0.,-1.));
#12160=DIRECTION('ref_axis',(0.438371146786915,0.898794046300222,0.));
#12161=DIRECTION('',(0.,0.,1.));
#12162=DIRECTION('',(0.,0.,-1.));
#12163=DIRECTION('center_axis',(0.,0.,1.));
#12164=DIRECTION('ref_axis',(1.,0.,0.));
#12165=DIRECTION('center_axis',(-0.635680611744332,0.310042150267194,-0.706954047240729));
#12166=DIRECTION('ref_axis',(0.626160020511614,-0.328517318741136,-0.707106781186569));
#12167=DIRECTION('center_axis',(0.662620048215737,0.748955720789002,0.));
#12168=DIRECTION('ref_axis',(-0.748955720789002,0.662620048215737,0.));
#12169=DIRECTION('',(0.,0.,-1.));
#12170=DIRECTION('center_axis',(-0.529721011212584,0.4686575617859,-0.706934042227995));
#12171=DIRECTION('ref_axis',(0.543974988844347,-0.451764553128223,-0.707106781220948));
#12172=DIRECTION('center_axis',(0.,0.,1.));
#12173=DIRECTION('ref_axis',(0.,-1.,0.));
#12174=DIRECTION('center_axis',(0.,0.,1.));
#12175=DIRECTION('ref_axis',(0.7283709698824,-0.685182990326359,0.));
#12176=DIRECTION('center_axis',(-0.635698583857918,0.310050915852673,-0.70693404222739));
#12177=DIRECTION('ref_axis',(0.438371146789075,0.898794046299168,0.));
#12178=DIRECTION('center_axis',(0.438371146789078,0.898794046299167,0.));
#12179=DIRECTION('ref_axis',(-0.898794046299167,0.438371146789078,0.));
#12180=DIRECTION('',(0.,0.,1.));
#12181=DIRECTION('center_axis',(0.,0.,-1.));
#12182=DIRECTION('ref_axis',(0.451531149059425,-0.89225535662672,0.));
#12183=DIRECTION('center_axis',(0.,0.,-1.));
#12184=DIRECTION('ref_axis',(0.954677339252778,-0.297642701770489,0.));
#12185=DIRECTION('',(0.,0.,1.));
#12186=DIRECTION('',(0.,0.,-1.));
#12187=DIRECTION('center_axis',(0.,0.,1.));
#12188=DIRECTION('ref_axis',(1.,0.,0.));
#12189=DIRECTION('center_axis',(-0.297642701770488,-0.954677339252778,-8.34111618675252E-15));
#12190=DIRECTION('ref_axis',(0.675058820430461,-0.210465172792495,-0.707106781186873));
#12191=DIRECTION('center_axis',(0.,0.,1.));
#12192=DIRECTION('ref_axis',(0.98078528040323,-0.195090322016128,0.));
#12193=DIRECTION('center_axis',(0.0903532008192977,0.995909784619926,4.26255569837723E-15));
#12194=DIRECTION('ref_axis',(0.995909784619926,-0.0903532008192977,0.));
#12195=DIRECTION('center_axis',(0.,0.,-1.));
#12196=DIRECTION('ref_axis',(0.98078528040323,-0.195090322016128,0.));
#12197=DIRECTION('center_axis',(0.,0.,1.));
#12198=DIRECTION('ref_axis',(1.,0.,0.));
#12199=DIRECTION('center_axis',(-0.668726978140821,0.230261164325639,-0.706954047240729));
#12200=DIRECTION('ref_axis',(0.675058820430748,-0.210465172792608,-0.707106781186564));
#12201=DIRECTION('center_axis',(0.,0.,1.));
#12202=DIRECTION('ref_axis',(0.758611729327344,0.651542971819187,0.));
#12203=DIRECTION('center_axis',(0.,0.,-1.));
#12204=DIRECTION('ref_axis',(0.0610485395324637,0.998134798422013,0.));
#12205=DIRECTION('',(0.,0.,1.));
#12206=DIRECTION('',(0.,0.,-1.));
#12207=DIRECTION('center_axis',(0.,0.,1.));
#12208=DIRECTION('ref_axis',(1.,0.,0.));
#12209=DIRECTION('center_axis',(-0.705940300646945,0.0431771584573877,-0.706954047240729));
#12210=DIRECTION('ref_axis',(0.704214562154773,-0.0638893610012491,-0.707106781186557));
#12211=DIRECTION('center_axis',(0.325568154457157,0.945518575599317,0.));
#12212=DIRECTION('ref_axis',(-0.945518575599317,0.325568154457157,0.));
#12213=DIRECTION('',(0.,0.,-1.));
#12214=DIRECTION('center_axis',(-0.668745884553811,0.230267674325701,-0.706934042222451));
#12215=DIRECTION('ref_axis',(0.675450168198025,-0.209205808295968,-0.707106781226492));
#12216=DIRECTION('center_axis',(0.,0.,1.));
#12217=DIRECTION('ref_axis',(0.,-1.,0.));
#12218=DIRECTION('center_axis',(0.,0.,1.));
#12219=DIRECTION('ref_axis',(0.7283709698824,-0.685182990326359,0.));
#12220=DIRECTION('center_axis',(-0.705960259168078,0.0431783791728356,-0.706934042218471));
#12221=DIRECTION('ref_axis',(0.0610485395348582,0.998134798421867,0.));
#12222=DIRECTION('center_axis',(0.0610485395348567,0.998134798421867,0.));
#12223=DIRECTION('ref_axis',(-0.998134798421867,0.0610485395348567,0.));
#12224=DIRECTION('',(0.,0.,1.));
#12225=DIRECTION('center_axis',(0.,0.,1.));
#12226=DIRECTION('ref_axis',(0.,-1.,0.));
#12227=DIRECTION('center_axis',(0.,0.,1.));
#12228=DIRECTION('ref_axis',(0.,-1.,0.));
#12229=DIRECTION('',(0.,0.,-1.));
#12230=DIRECTION('center_axis',(0.,0.,1.));
#12231=DIRECTION('ref_axis',(-0.650835275062768,0.759218970214767,0.));
#12232=DIRECTION('center_axis',(0.,0.,-1.));
#12233=DIRECTION('ref_axis',(-0.995739542021004,0.092210435720705,0.));
#12234=DIRECTION('',(0.,0.,-1.));
#12235=DIRECTION('center_axis',(-0.983285552141983,-0.149874793135581,0.10337828268743));
#12236=DIRECTION('ref_axis',(-0.182070104489541,0.809411952245758,-0.558303473581241));
#12237=DIRECTION('center_axis',(-0.0922104357205355,-0.995739542021019,
0.));
#12238=DIRECTION('ref_axis',(-0.995739542021019,0.0922104357205355,0.));
#12239=DIRECTION('center_axis',(0.,0.,1.));
#12240=DIRECTION('ref_axis',(1.,0.,0.));
#12241=DIRECTION('center_axis',(0.,0.,-1.));
#12242=DIRECTION('ref_axis',(0.7283709698824,-0.685182990326359,0.));
#12243=DIRECTION('center_axis',(0.295861691435932,0.955230788626848,0.));
#12244=DIRECTION('ref_axis',(-0.955230788626848,0.295861691435932,0.));
#12245=DIRECTION('center_axis',(0.,0.,1.));
#12246=DIRECTION('ref_axis',(0.,-1.,0.));
#12247=DIRECTION('',(0.,0.,1.));
#12248=DIRECTION('center_axis',(0.,0.,-1.));
#12249=DIRECTION('ref_axis',(-0.891833911105312,-0.45236299031044,0.));
#12250=DIRECTION('center_axis',(0.,0.,-1.));
#12251=DIRECTION('ref_axis',(-0.325568154457155,-0.945518575599317,0.));
#12252=DIRECTION('center_axis',(-0.878381935267407,0.368991758429772,0.303793117115561));
#12253=DIRECTION('ref_axis',(-0.477959387182519,-0.678123923410884,-0.558303473661002));
#12254=DIRECTION('center_axis',(0.,0.,1.));
#12255=DIRECTION('ref_axis',(-0.310752868228356,0.950490744241021,0.));
#12256=DIRECTION('center_axis',(0.,0.,-1.));
#12257=DIRECTION('ref_axis',(-0.884655976543882,0.466244359928557,0.));
#12258=DIRECTION('',(0.,0.,-1.));
#12259=DIRECTION('center_axis',(-0.989932866001567,0.116880087438616,-0.0798245950209946));
#12260=DIRECTION('ref_axis',(0.141537701019632,0.817474348552345,-0.558303473613586));
#12261=DIRECTION('center_axis',(-0.466244359928428,-0.88465597654395,0.));
#12262=DIRECTION('ref_axis',(-0.88465597654395,0.466244359928428,0.));
#12263=DIRECTION('center_axis',(0.,0.,1.));
#12264=DIRECTION('ref_axis',(1.,0.,0.));
#12265=DIRECTION('center_axis',(0.,0.,-1.));
#12266=DIRECTION('ref_axis',(0.7283709698824,-0.685182990326359,0.));
#12267=DIRECTION('center_axis',(0.63889155806436,0.769296806852917,0.));
#12268=DIRECTION('ref_axis',(-0.769296806852917,0.63889155806436,0.));
#12269=DIRECTION('center_axis',(0.,0.,1.));
#12270=DIRECTION('ref_axis',(0.,-1.,0.));
#12271=DIRECTION('',(0.,0.,1.));
#12272=DIRECTION('center_axis',(0.,0.,1.));
#12273=DIRECTION('ref_axis',(0.0766388458120498,0.997058918676623,0.));
#12274=DIRECTION('center_axis',(0.,0.,-1.));
#12275=DIRECTION('ref_axis',(-0.638891558064359,0.769296806852918,0.));
#12276=DIRECTION('',(0.,0.,-1.));
#12277=DIRECTION('center_axis',(-0.89622603347028,0.347009661734487,-0.276338907128631));
#12278=DIRECTION('ref_axis',(0.443597674622085,0.701083685745457,-0.558303473615778));
#12279=DIRECTION('center_axis',(-0.76929680685283,-0.638891558064465,0.));
#12280=DIRECTION('ref_axis',(-0.638891558064465,0.76929680685283,0.));
#12281=DIRECTION('center_axis',(0.,0.,1.));
#12282=DIRECTION('ref_axis',(1.,0.,0.));
#12283=DIRECTION('center_axis',(0.,0.,-1.));
#12284=DIRECTION('ref_axis',(0.7283709698824,-0.685182990326359,0.));
#12285=DIRECTION('center_axis',(0.884655976543886,0.466244359928549,0.));
#12286=DIRECTION('ref_axis',(-0.466244359928549,0.884655976543886,0.));
#12287=DIRECTION('center_axis',(0.,0.,1.));
#12288=DIRECTION('ref_axis',(0.,-1.,0.));
#12289=DIRECTION('',(0.,0.,1.));
#12290=DIRECTION('center_axis',(0.,0.,-1.));
#12291=DIRECTION('ref_axis',(-0.997058918676623,-0.0766388458120559,0.));
#12292=DIRECTION('center_axis',(0.,0.,-1.));
#12293=DIRECTION('ref_axis',(-0.662620048215733,-0.748955720789007,0.));
#12294=DIRECTION('center_axis',(0.471793746209826,0.298518725964726,-0.829636806853273));
#12295=DIRECTION('ref_axis',(-0.701083685767582,-0.443597674516255,-0.558303473672083));
#12296=DIRECTION('center_axis',(0.,0.,-1.));
#12297=DIRECTION('ref_axis',(-0.950490744241025,0.310752868228345,0.));
#12298=DIRECTION('center_axis',(0.,0.,-1.));
#12299=DIRECTION('ref_axis',(-0.898794046299167,-0.438371146789078,0.));
#12300=DIRECTION('center_axis',(0.550118756366202,0.0952476908226034,-0.829636806854099));
#12301=DIRECTION('ref_axis',(-0.817474348531946,-0.141537700911541,-0.558303473670857));
#12302=DIRECTION('center_axis',(0.,0.,-1.));
#12303=DIRECTION('ref_axis',(-0.759218970214773,0.65083527506276,0.));
#12304=DIRECTION('center_axis',(0.,0.,-1.));
#12305=DIRECTION('ref_axis',(-0.998134798421867,-0.0610485395348625,0.));
#12306=DIRECTION('',(0.,0.,1.));
#12307=DIRECTION('center_axis',(0.544693172634847,-0.122523941707285,-0.829636806918241));
#12308=DIRECTION('ref_axis',(-0.809411952250381,0.182070104486485,-0.558303473575535));
#12309=DIRECTION('center_axis',(0.995739542021003,0.0922104357207068,0.));
#12310=DIRECTION('ref_axis',(-0.0922104357207068,0.995739542021003,0.));
#12311=DIRECTION('center_axis',(0.,0.,1.));
#12312=DIRECTION('ref_axis',(0.452362990310427,0.891833911105318,0.));
#12313=DIRECTION('center_axis',(0.,0.,-1.));
#12314=DIRECTION('ref_axis',(-0.295861691435931,0.955230788626848,0.));
#12315=DIRECTION('',(0.,0.,-1.));
#12316=DIRECTION('center_axis',(-0.456342991144568,-0.321642414899305,-0.829636806904668));
#12317=DIRECTION('ref_axis',(0.678123923514532,0.477959387111755,-0.558303473595689));
#12318=DIRECTION('center_axis',(-0.955230788626801,-0.295861691436081,0.));
#12319=DIRECTION('ref_axis',(-0.295861691436081,0.955230788626801,0.));
#12320=DIRECTION('center_axis',(0.,0.,1.));
#12321=DIRECTION('ref_axis',(1.,0.,0.));
#12322=DIRECTION('center_axis',(0.,0.,-1.));
#12323=DIRECTION('ref_axis',(0.7283709698824,-0.685182990326359,0.));
#12324=DIRECTION('center_axis',(0.,0.,1.));
#12325=DIRECTION('ref_axis',(0.,-1.,0.));
#12326=DIRECTION('center_axis',(0.998134798421867,-0.0610485395348569,0.));
#12327=DIRECTION('ref_axis',(0.0610485395348569,0.998134798421867,0.));
#12328=DIRECTION('center_axis',(0.,0.,-1.));
#12329=DIRECTION('ref_axis',(-1.,0.,0.));
#12330=DIRECTION('center_axis',(0.,0.,-1.));
#12331=DIRECTION('ref_axis',(-0.898832493591837,0.438292309382083,0.));
#12332=DIRECTION('',(-0.970468079089981,0.241229574197285,0.));
#12333=DIRECTION('center_axis',(0.,0.,-1.));
#12334=DIRECTION('ref_axis',(-0.241229574197258,-0.970468079089987,0.));
#12335=DIRECTION('center_axis',(0.,0.,1.));
#12336=DIRECTION('ref_axis',(-0.79512957502035,0.606439575661052,0.));
#12337=DIRECTION('center_axis',(0.,0.,-1.));
#12338=DIRECTION('ref_axis',(0.795129575020307,-0.606439575661109,0.));
#12339=DIRECTION('',(0.85679962738724,-0.515649491911983,0.));
#12340=DIRECTION('center_axis',(0.,0.,-1.));
#12341=DIRECTION('ref_axis',(0.515649491911966,0.856799627387251,0.));
#12342=DIRECTION('center_axis',(0.,0.,1.));
#12343=DIRECTION('ref_axis',(0.898832493591846,-0.438292309382066,0.));
#12344=DIRECTION('center_axis',(0.,0.,-1.));
#12345=DIRECTION('ref_axis',(-1.,0.,0.));
#12346=DIRECTION('center_axis',(0.,0.,1.));
#12347=DIRECTION('ref_axis',(-0.133423978089009,0.991059050748695,0.));
#12348=DIRECTION('center_axis',(0.,0.,-1.));
#12349=DIRECTION('ref_axis',(0.133423978089008,-0.991059050748695,0.));
#12350=DIRECTION('',(0.241229574197295,-0.970468079089978,0.));
#12351=DIRECTION('center_axis',(0.,0.,-1.));
#12352=DIRECTION('ref_axis',(0.970468079089982,0.24122957419728,0.));
#12353=DIRECTION('center_axis',(0.,0.,1.));
#12354=DIRECTION('ref_axis',(0.32565108726364,-0.945490015475578,0.));
#12355=DIRECTION('center_axis',(0.,0.,-1.));
#12356=DIRECTION('ref_axis',(-0.325651087263639,0.945490015475579,0.));
#12357=DIRECTION('',(-0.515649491911988,0.856799627387237,0.));
#12358=DIRECTION('center_axis',(0.,0.,-1.));
#12359=DIRECTION('ref_axis',(-0.856799627387253,-0.515649491911962,0.));
#12360=DIRECTION('center_axis',(0.,0.,-1.));
#12361=DIRECTION('ref_axis',(-1.,0.,0.));
#12362=DIRECTION('center_axis',(0.,0.,-1.));
#12363=DIRECTION('ref_axis',(-1.,0.,0.));
#12364=DIRECTION('center_axis',(0.,0.,1.));
#12365=DIRECTION('ref_axis',(0.,-1.,0.));
#12366=DIRECTION('center_axis',(0.,0.,1.));
#12367=DIRECTION('ref_axis',(-3.63315783528528E-16,-1.,0.));
#12368=DIRECTION('center_axis',(0.,0.,-1.));
#12369=DIRECTION('ref_axis',(0.32565108726364,-0.945490015475578,0.));
#12370=DIRECTION('',(0.,0.,-1.));
#12371=DIRECTION('center_axis',(0.,0.,1.));
#12372=DIRECTION('ref_axis',(0.32565108726364,-0.945490015475578,0.));
#12373=DIRECTION('',(0.,0.,-1.));
#12374=DIRECTION('center_axis',(0.,0.,-1.));
#12375=DIRECTION('ref_axis',(0.970468079089982,0.24122957419728,0.));
#12376=DIRECTION('',(0.,0.,-1.));
#12377=DIRECTION('center_axis',(0.,0.,-1.));
#12378=DIRECTION('ref_axis',(0.970468079089982,0.24122957419728,0.));
#12379=DIRECTION('center_axis',(-0.970468079089978,-0.241229574197295,0.));
#12380=DIRECTION('ref_axis',(-0.241229574197295,0.970468079089978,0.));
#12381=DIRECTION('',(0.,0.,-1.));
#12382=DIRECTION('',(0.241229574197295,-0.970468079089978,0.));
#12383=DIRECTION('center_axis',(0.,0.,-1.));
#12384=DIRECTION('ref_axis',(0.133423978089008,-0.991059050748695,0.));
#12385=DIRECTION('',(0.,0.,-1.));
#12386=DIRECTION('center_axis',(0.,0.,-1.));
#12387=DIRECTION('ref_axis',(0.133423978089008,-0.991059050748695,0.));
#12388=DIRECTION('center_axis',(0.,0.,-1.));
#12389=DIRECTION('ref_axis',(0.795129575020307,-0.606439575661109,0.));
#12390=DIRECTION('',(0.,0.,-1.));
#12391=DIRECTION('center_axis',(0.,0.,-1.));
#12392=DIRECTION('ref_axis',(0.795129575020307,-0.606439575661109,0.));
#12393=DIRECTION('',(0.,0.,-1.));
#12394=DIRECTION('center_axis',(0.,0.,-1.));
#12395=DIRECTION('ref_axis',(-0.79512957502035,0.606439575661052,0.));
#12396=DIRECTION('',(0.,0.,-1.));
#12397=DIRECTION('center_axis',(0.,0.,1.));
#12398=DIRECTION('ref_axis',(-0.79512957502035,0.606439575661052,0.));
#12399=DIRECTION('center_axis',(0.,0.,-1.));
#12400=DIRECTION('ref_axis',(-0.241229574197258,-0.970468079089987,0.));
#12401=DIRECTION('',(0.,0.,-1.));
#12402=DIRECTION('center_axis',(0.,0.,-1.));
#12403=DIRECTION('ref_axis',(-0.241229574197258,-0.970468079089987,0.));
#12404=DIRECTION('center_axis',(0.241229574197285,0.970468079089981,0.));
#12405=DIRECTION('ref_axis',(0.970468079089981,-0.241229574197285,0.));
#12406=DIRECTION('',(0.,0.,-1.));
#12407=DIRECTION('',(-0.970468079089981,0.241229574197285,0.));
#12408=DIRECTION('center_axis',(0.,0.,-1.));
#12409=DIRECTION('ref_axis',(-0.133423978089009,0.991059050748695,0.));
#12410=DIRECTION('',(0.,0.,-1.));
#12411=DIRECTION('center_axis',(0.,0.,1.));
#12412=DIRECTION('ref_axis',(-0.133423978089009,0.991059050748695,0.));
#12413=DIRECTION('center_axis',(0.,0.,-1.));
#12414=DIRECTION('ref_axis',(-0.856799627387253,-0.515649491911962,0.));
#12415=DIRECTION('',(0.,0.,-1.));
#12416=DIRECTION('center_axis',(0.,0.,-1.));
#12417=DIRECTION('ref_axis',(-0.856799627387253,-0.515649491911962,0.));
#12418=DIRECTION('center_axis',(0.856799627387237,0.515649491911988,0.));
#12419=DIRECTION('ref_axis',(0.515649491911988,-0.856799627387237,0.));
#12420=DIRECTION('',(0.,0.,-1.));
#12421=DIRECTION('',(-0.515649491911988,0.856799627387237,0.));
#12422=DIRECTION('center_axis',(0.,0.,-1.));
#12423=DIRECTION('ref_axis',(-0.325651087263639,0.945490015475579,0.));
#12424=DIRECTION('center_axis',(0.,0.,-1.));
#12425=DIRECTION('ref_axis',(-0.325651087263639,0.945490015475579,0.));
#12426=DIRECTION('center_axis',(0.,0.,-1.));
#12427=DIRECTION('ref_axis',(-0.898832493591837,0.438292309382083,0.));
#12428=DIRECTION('',(0.,0.,-1.));
#12429=DIRECTION('center_axis',(0.,0.,-1.));
#12430=DIRECTION('ref_axis',(-0.898832493591837,0.438292309382083,0.));
#12431=DIRECTION('center_axis',(0.,0.,-1.));
#12432=DIRECTION('ref_axis',(0.898832493591846,-0.438292309382066,0.));
#12433=DIRECTION('',(0.,0.,-1.));
#12434=DIRECTION('center_axis',(0.,0.,1.));
#12435=DIRECTION('ref_axis',(0.898832493591846,-0.438292309382066,0.));
#12436=DIRECTION('center_axis',(0.,0.,-1.));
#12437=DIRECTION('ref_axis',(0.515649491911966,0.856799627387251,0.));
#12438=DIRECTION('',(0.,0.,-1.));
#12439=DIRECTION('center_axis',(0.,0.,-1.));
#12440=DIRECTION('ref_axis',(0.515649491911966,0.856799627387251,0.));
#12441=DIRECTION('center_axis',(-0.515649491911983,-0.85679962738724,0.));
#12442=DIRECTION('ref_axis',(-0.85679962738724,0.515649491911983,0.));
#12443=DIRECTION('',(0.85679962738724,-0.515649491911983,0.));
#12444=DIRECTION('center_axis',(0.,0.,-1.));
#12445=DIRECTION('ref_axis',(-1.,0.,0.));
#12446=DIRECTION('center_axis',(0.,0.,1.));
#12447=DIRECTION('ref_axis',(1.,0.,0.));
#12448=CARTESIAN_POINT('',(0.,0.,0.));
#12449=CARTESIAN_POINT('Origin',(-34.305263164063,140.31487380953,-221.617028224148));
#12450=CARTESIAN_POINT('',(-46.5584651402722,147.805957101547,-221.517028224148));
#12451=CARTESIAN_POINT('',(-46.6615950386546,147.63459717607,-221.717028224148));
#12452=CARTESIAN_POINT('',(-46.5584651402722,147.805957101547,-221.517028224148));
#12453=CARTESIAN_POINT('',(-38.5675494547091,142.763340980965,-221.717028224148));
#12454=CARTESIAN_POINT('',(-34.3568281132542,140.229193846792,-221.717028224148));
#12455=CARTESIAN_POINT('',(-38.4644195563267,142.934700906442,-221.517028224148));
#12456=CARTESIAN_POINT('',(-38.5675494547091,142.763340980965,-221.717028224148));
#12457=CARTESIAN_POINT('',(-34.2536982148718,140.400553772269,-221.517028224148));
#12458=CARTESIAN_POINT('Origin',(-40.5270175239746,139.507502396893,-221.617028224148));
#12459=CARTESIAN_POINT('',(-36.7708549241916,138.93196567001,-221.717028224148));
#12460=CARTESIAN_POINT('Origin',(-40.5270175239746,139.507502396893,-221.717028224148));
#12461=CARTESIAN_POINT('',(-36.5731621557819,138.901674263332,-221.517028224148));
#12462=CARTESIAN_POINT('',(-36.7708549241916,138.93196567001,-221.717028224148));
#12463=CARTESIAN_POINT('Origin',(-40.5270175239746,139.507502396893,-221.517028224148));
#12464=CARTESIAN_POINT('Ctrl Pts',(-47.4873899082745,148.365013816016,-221.517028224148));
#12465=CARTESIAN_POINT('Ctrl Pts',(-47.1777483189404,148.17866157786,-221.517028224148));
#12466=CARTESIAN_POINT('Ctrl Pts',(-46.8681067296063,147.992309339703,-221.517028224148));
#12467=CARTESIAN_POINT('Ctrl Pts',(-46.5584651402722,147.805957101547,-221.517028224148));
#12468=CARTESIAN_POINT('Ctrl Pts',(-47.5217665410686,148.307893840857,-221.583694890814));
#12469=CARTESIAN_POINT('Ctrl Pts',(-47.2121249517345,148.1215416027,-221.583694890814));
#12470=CARTESIAN_POINT('Ctrl Pts',(-46.9024833624005,147.935189364544,-221.583694890814));
#12471=CARTESIAN_POINT('Ctrl Pts',(-46.5928417730664,147.748837126388,-221.583694890814));
#12472=CARTESIAN_POINT('Ctrl Pts',(-47.5561431738627,148.250773865697,-221.650361557481));
#12473=CARTESIAN_POINT('Ctrl Pts',(-47.2465015845286,148.064421627541,-221.650361557481));
#12474=CARTESIAN_POINT('Ctrl Pts',(-46.9368599951946,147.878069389385,-221.650361557481));
#12475=CARTESIAN_POINT('Ctrl Pts',(-46.6272184058605,147.691717151229,-221.650361557481));
#12476=CARTESIAN_POINT('Ctrl Pts',(-47.5905198066569,148.193653890538,-221.717028224148));
#12477=CARTESIAN_POINT('Ctrl Pts',(-47.2808782173228,148.007301652382,-221.717028224148));
#12478=CARTESIAN_POINT('Ctrl Pts',(-46.9712366279887,147.820949414226,-221.717028224148));
#12479=CARTESIAN_POINT('Ctrl Pts',(-46.6615950386546,147.63459717607,-221.717028224148));
#12480=CARTESIAN_POINT('',(-47.4947408132728,148.35279960314,-221.531283847616));
#12481=CARTESIAN_POINT('Ctrl Pts',(-47.4947408104763,148.352799606193,-221.531283843558));
#12482=CARTESIAN_POINT('Ctrl Pts',(-47.4080201318916,148.287875976408,-221.542192911516));
#12483=CARTESIAN_POINT('Ctrl Pts',(-47.3228138498164,148.221337352036,-221.555266604025));
#12484=CARTESIAN_POINT('Ctrl Pts',(-47.2391577319042,148.153247714409,-221.570468545476));
#12485=CARTESIAN_POINT('Ctrl Pts',(-47.1533114702902,148.083375468471,-221.586068478577));
#12486=CARTESIAN_POINT('Ctrl Pts',(-47.0691986558303,148.011952195492,-221.603891182212));
#12487=CARTESIAN_POINT('Ctrl Pts',(-46.9868458965302,147.939058097728,-221.623881659524));
#12488=CARTESIAN_POINT('Ctrl Pts',(-46.8750186710599,147.840074836263,-221.651026829069));
#12489=CARTESIAN_POINT('Ctrl Pts',(-46.7665891789626,147.73851443932,-221.682132126819));
#12490=CARTESIAN_POINT('Ctrl Pts',(-46.6615950386546,147.63459717607,-221.717028224148));
#12491=CARTESIAN_POINT('',(-47.4873899082744,148.365013816016,-221.517028224148));
#12492=CARTESIAN_POINT('Ctrl Pts',(-46.5584651402722,147.805957101547,-221.517028224148));
#12493=CARTESIAN_POINT('Ctrl Pts',(-46.8681067296063,147.992309339703,-221.517028224148));
#12494=CARTESIAN_POINT('Ctrl Pts',(-47.1777483189404,148.17866157786,-221.517028224148));
#12495=CARTESIAN_POINT('Ctrl Pts',(-47.4873899082745,148.365013816016,-221.517028224148));
#12496=CARTESIAN_POINT('',(-47.4873899082744,148.365013816016,-221.517028224148));
#12497=CARTESIAN_POINT('Origin',(-45.270097093053,152.049252213781,-221.617028224148));
#12498=CARTESIAN_POINT('',(-47.7239350944803,148.518150535444,-221.517028224148));
#12499=CARTESIAN_POINT('Ctrl Pts',(-47.4947408132728,148.35279960314,-221.531283847616));
#12500=CARTESIAN_POINT('Ctrl Pts',(-47.5702010013549,148.409293043235,-221.521791296837));
#12501=CARTESIAN_POINT('Ctrl Pts',(-47.6466882516801,148.464470053934,-221.517028224148));
#12502=CARTESIAN_POINT('Ctrl Pts',(-47.7239350944803,148.518150535444,-221.517028224148));
#12503=CARTESIAN_POINT('Origin',(-45.270097093053,152.049252213781,-221.517028224148));
#12504=CARTESIAN_POINT('Origin',(-45.270097093053,152.049252213781,-218.717028224148));
#12505=CARTESIAN_POINT('',(-47.7239350944803,148.518150535444,-222.517028224148));
#12506=CARTESIAN_POINT('',(-47.7239350944803,148.518150535444,-218.717028224148));
#12507=CARTESIAN_POINT('',(-47.4873899082744,148.365013816016,-218.717028224148));
#12508=CARTESIAN_POINT('',(-47.4873899082744,148.365013816016,-218.717028224148));
#12509=CARTESIAN_POINT('',(-44.2328099240047,156.222264953868,-218.717028224148));
#12510=CARTESIAN_POINT('Origin',(-45.270097093053,152.049252213781,-218.717028224148));
#12511=CARTESIAN_POINT('',(-44.2328099240047,156.222264953868,-221.517028224148));
#12512=CARTESIAN_POINT('',(-44.2328099240047,156.222264953868,-218.717028224148));
#12513=CARTESIAN_POINT('',(-44.5083566419845,156.281243646334,-221.517028224148));
#12514=CARTESIAN_POINT('Origin',(-45.270097093053,152.049252213781,-221.517028224148));
#12515=CARTESIAN_POINT('',(-44.5083566419845,156.281243646334,-222.517028224148));
#12516=CARTESIAN_POINT('',(-44.5083566419845,156.281243646334,-218.717028224148));
#12517=CARTESIAN_POINT('Origin',(-45.270097093053,152.049252213781,-222.517028224148));
#12518=CARTESIAN_POINT('Origin',(-36.0795387398414,141.499403151889,-218.717028224148));
#12519=CARTESIAN_POINT('',(-38.4644195563267,142.934700906442,-218.717028224148));
#12520=CARTESIAN_POINT('',(-38.4644195563267,142.934700906442,-220.467028224148));
#12521=CARTESIAN_POINT('',(-47.4873899082745,148.365013816016,-218.717028224148));
#12522=CARTESIAN_POINT('Origin',(-6.20973836900193,173.824781551866,-221.617028224148));
#12523=CARTESIAN_POINT('',(-5.60391023544076,169.870926183673,-221.517028224148));
#12524=CARTESIAN_POINT('',(-5.63420164211882,170.068618952083,-221.717028224148));
#12525=CARTESIAN_POINT('',(-5.60391023544076,169.870926183673,-221.517028224148));
#12526=CARTESIAN_POINT('',(-9.46557695307349,171.865313482601,-221.717028224148));
#12527=CARTESIAN_POINT('Origin',(-6.20973836900193,173.824781551866,-221.717028224148));
#12528=CARTESIAN_POINT('',(-9.63693687855094,171.762183584218,-221.517028224148));
#12529=CARTESIAN_POINT('',(-9.46557695307349,171.865313482601,-221.717028224148));
#12530=CARTESIAN_POINT('Origin',(-6.20973836900193,173.824781551866,-221.517028224148));
#12531=CARTESIAN_POINT('Origin',(-10.4499151137024,173.306952776171,-221.617028224148));
#12532=CARTESIAN_POINT('',(-14.3368331481785,179.959359066546,-221.717028224148));
#12533=CARTESIAN_POINT('',(-14.5081930736559,179.856229168164,-221.517028224148));
#12534=CARTESIAN_POINT('',(-14.3368331481785,179.959359066546,-221.717028224148));
#12535=CARTESIAN_POINT('',(-10.5355950764411,173.25538782698,-221.517028224148));
#12536=CARTESIAN_POINT('',(-10.3642351509637,173.358517725362,-221.717028224148));
#12537=CARTESIAN_POINT('Ctrl Pts',(-14.8958898626468,180.888283834548,-221.717028224148));
#12538=CARTESIAN_POINT('Ctrl Pts',(-14.7095376244907,180.578642245214,-221.717028224148));
#12539=CARTESIAN_POINT('Ctrl Pts',(-14.5231853863346,180.26900065588,-221.717028224148));
#12540=CARTESIAN_POINT('Ctrl Pts',(-14.3368331481785,179.959359066546,-221.717028224148));
#12541=CARTESIAN_POINT('Ctrl Pts',(-14.9530098378059,180.853907201754,-221.650361557481));
#12542=CARTESIAN_POINT('Ctrl Pts',(-14.7666575996498,180.54426561242,-221.650361557481));
#12543=CARTESIAN_POINT('Ctrl Pts',(-14.5803053614937,180.234624023086,-221.650361557481));
#12544=CARTESIAN_POINT('Ctrl Pts',(-14.3939531233376,179.924982433752,-221.650361557481));
#12545=CARTESIAN_POINT('Ctrl Pts',(-15.0101298129651,180.81953056896,-221.583694890814));
#12546=CARTESIAN_POINT('Ctrl Pts',(-14.823777574809,180.509888979626,-221.583694890814));
#12547=CARTESIAN_POINT('Ctrl Pts',(-14.6374253366529,180.200247390292,-221.583694890814));
#12548=CARTESIAN_POINT('Ctrl Pts',(-14.4510730984968,179.890605800958,-221.583694890814));
#12549=CARTESIAN_POINT('Ctrl Pts',(-15.0672497881242,180.785153936166,-221.517028224148));
#12550=CARTESIAN_POINT('Ctrl Pts',(-14.8808975499681,180.475512346832,-221.517028224148));
#12551=CARTESIAN_POINT('Ctrl Pts',(-14.694545311812,180.165870757498,-221.517028224148));
#12552=CARTESIAN_POINT('Ctrl Pts',(-14.5081930736559,179.856229168164,-221.517028224148));
#12553=CARTESIAN_POINT('',(-15.0550355752483,180.792504841164,-221.531283847616));
#12554=CARTESIAN_POINT('Ctrl Pts',(-14.3368331481785,179.959359066546,-221.717028224148));
#12555=CARTESIAN_POINT('Ctrl Pts',(-14.4146046709306,180.037936522461,-221.69091203765));
#12556=CARTESIAN_POINT('Ctrl Pts',(-14.4910671633926,180.118449285687,-221.66691536805));
#12557=CARTESIAN_POINT('Ctrl Pts',(-14.5661271185437,180.200883216326,-221.645111040895));
#12558=CARTESIAN_POINT('Ctrl Pts',(-14.6807795782239,180.326799264235,-221.61180540229));
#12559=CARTESIAN_POINT('Ctrl Pts',(-14.7919655672175,180.456984652709,-221.58367131777));
#12560=CARTESIAN_POINT('Ctrl Pts',(-14.8993841629993,180.591342694901,-221.560916761121));
#12561=CARTESIAN_POINT('Ctrl Pts',(-14.9522443111197,180.657459608455,-221.549719358788));
#12562=CARTESIAN_POINT('Ctrl Pts',(-15.0041382432237,180.724519559407,-221.539836086734));
#12563=CARTESIAN_POINT('Ctrl Pts',(-15.0550355766683,180.792504839864,-221.531283845729));
#12564=CARTESIAN_POINT('',(-15.0672497881242,180.785153936166,-221.517028224148));
#12565=CARTESIAN_POINT('',(-14.8958898626467,180.888283834548,-221.717028224148));
#12566=CARTESIAN_POINT('Ctrl Pts',(-15.0672497881242,180.785153936166,-221.517028224148));
#12567=CARTESIAN_POINT('Ctrl Pts',(-14.8808975499681,180.475512346832,-221.517028224148));
#12568=CARTESIAN_POINT('Ctrl Pts',(-14.694545311812,180.165870757498,-221.517028224148));
#12569=CARTESIAN_POINT('Ctrl Pts',(-14.5081930736559,179.856229168164,-221.517028224148));
#12570=CARTESIAN_POINT('Origin',(-18.7514881858894,178.567861120945,-221.617028224148));
#12571=CARTESIAN_POINT('',(-15.2203865075528,181.021699122372,-221.517028224148));
#12572=CARTESIAN_POINT('Ctrl Pts',(-15.2203865075528,181.021699122372,-221.517028224148));
#12573=CARTESIAN_POINT('Ctrl Pts',(-15.1667060260429,180.944452279572,-221.517028224148));
#12574=CARTESIAN_POINT('Ctrl Pts',(-15.1115290153432,180.867965029246,-221.521791296837));
#12575=CARTESIAN_POINT('Ctrl Pts',(-15.0550355752483,180.792504841164,-221.531283847616));
#12576=CARTESIAN_POINT('Origin',(-18.7514881858894,178.567861120945,-221.517028224148));
#12577=CARTESIAN_POINT('Origin',(-15.0672497881242,180.785153936166,-218.717028224148));
#12578=CARTESIAN_POINT('',(-15.0672497881242,180.785153936166,-218.717028224148));
#12579=CARTESIAN_POINT('',(-15.0672497881242,180.785153936166,-218.717028224148));
#12580=CARTESIAN_POINT('',(-9.63693687855093,171.762183584218,-218.717028224148));
#12581=CARTESIAN_POINT('',(-15.0672497881242,180.785153936166,-218.717028224148));
#12582=CARTESIAN_POINT('',(-9.63693687855094,171.762183584218,-220.467028224148));
#12583=CARTESIAN_POINT('Origin',(-18.7514881858894,178.567861120945,-218.717028224148));
#12584=CARTESIAN_POINT('',(-15.2203865075528,181.021699122372,-222.517028224148));
#12585=CARTESIAN_POINT('',(-15.2203865075528,181.021699122372,-218.717028224148));
#12586=CARTESIAN_POINT('',(-22.9834796184428,177.806120669876,-222.517028224148));
#12587=CARTESIAN_POINT('Origin',(-18.7514881858894,178.567861120945,-222.517028224148));
#12588=CARTESIAN_POINT('',(-22.9834796184428,177.806120669876,-221.517028224148));
#12589=CARTESIAN_POINT('',(-22.9834796184428,177.806120669876,-218.717028224148));
#12590=CARTESIAN_POINT('',(-22.9245009259763,177.530573951896,-221.517028224148));
#12591=CARTESIAN_POINT('Origin',(-18.7514881858894,178.567861120945,-221.517028224148));
#12592=CARTESIAN_POINT('',(-22.9245009259763,177.530573951896,-218.717028224148));
#12593=CARTESIAN_POINT('',(-22.9245009259763,177.530573951896,-218.717028224148));
#12594=CARTESIAN_POINT('Origin',(-18.7514881858894,178.567861120945,-218.717028224148));
#12595=CARTESIAN_POINT('Origin',(-33.9249276410492,153.763074275251,-221.617028224148));
#12596=CARTESIAN_POINT('',(-43.1324022126303,156.154822360888,-221.717028224148));
#12597=CARTESIAN_POINT('',(-43.1806481274698,155.96072874507,-221.517028224148));
#12598=CARTESIAN_POINT('',(-43.1324022126303,156.154822360888,-221.717028224148));
#12599=CARTESIAN_POINT('',(-34.0127953193732,153.681872513884,-221.517028224148));
#12600=CARTESIAN_POINT('',(-33.949050598469,153.666027467342,-221.517028224148));
#12601=CARTESIAN_POINT('',(-33.9645494045337,153.875966129702,-221.717028224148));
#12602=CARTESIAN_POINT('',(-34.0127953193732,153.681872513884,-221.517028224148));
#12603=CARTESIAN_POINT('',(-33.9008046836295,153.86012108316,-221.717028224148));
#12604=CARTESIAN_POINT('Origin',(-33.047877022584,157.563744830244,-221.617028224148));
#12605=CARTESIAN_POINT('',(-29.8236938984295,155.196332069039,-221.517028224148));
#12606=CARTESIAN_POINT('',(-29.9849030546372,155.314702707099,-221.717028224148));
#12607=CARTESIAN_POINT('',(-29.8236938984295,155.196332069039,-221.517028224148));
#12608=CARTESIAN_POINT('Origin',(-33.047877022584,157.563744830244,-221.717028224148));
#12609=CARTESIAN_POINT('Origin',(-33.047877022584,157.563744830244,-221.517028224148));
#12610=CARTESIAN_POINT('Origin',(3.86487361925824E-14,133.297764027892,
-221.617028224148));
#12611=CARTESIAN_POINT('',(-21.8985680411477,163.121457926321,-221.517028224148));
#12612=CARTESIAN_POINT('Origin',(3.86487361925824E-14,133.297764027892,
-221.517028224148));
#12613=CARTESIAN_POINT('',(-22.016938679208,163.282667082529,-221.717028224148));
#12614=CARTESIAN_POINT('',(-21.8985680411477,163.121457926321,-221.517028224148));
#12615=CARTESIAN_POINT('Origin',(3.86487361925824E-14,133.297764027892,
-221.717028224148));
#12616=CARTESIAN_POINT('Origin',(-24.2659808023529,166.345641050476,-221.617028224148));
#12617=CARTESIAN_POINT('',(-20.384108485993,167.310559347265,-221.517028224148));
#12618=CARTESIAN_POINT('',(-20.578202101811,167.262313432425,-221.717028224148));
#12619=CARTESIAN_POINT('',(-20.384108485993,167.310559347265,-221.517028224148));
#12620=CARTESIAN_POINT('Origin',(-24.2659808023529,166.345641050476,-221.717028224148));
#12621=CARTESIAN_POINT('Origin',(-24.2659808023529,166.345641050476,-221.517028224148));
#12622=CARTESIAN_POINT('Origin',(-18.859385716172,160.762047280162,-221.617028224148));
#12623=CARTESIAN_POINT('',(-22.6629647171782,176.478412155361,-221.517028224148));
#12624=CARTESIAN_POINT('',(-22.8570583329962,176.430166240522,-221.717028224148));
#12625=CARTESIAN_POINT('',(-22.6629647171782,176.478412155361,-221.517028224148));
#12626=CARTESIAN_POINT('',(-18.956432524081,160.737924322743,-221.717028224148));
#12627=CARTESIAN_POINT('',(-18.762338908263,160.786170237582,-221.517028224148));
#12628=CARTESIAN_POINT('Ctrl Pts',(-43.1806481274698,155.96072874507,-221.517028224148));
#12629=CARTESIAN_POINT('Ctrl Pts',(-43.5313687263148,156.047907481336,-221.517028224148));
#12630=CARTESIAN_POINT('Ctrl Pts',(-43.8820893251597,156.135086217602,-221.517028224148));
#12631=CARTESIAN_POINT('Ctrl Pts',(-44.2328099240047,156.222264953868,-221.517028224148));
#12632=CARTESIAN_POINT('Ctrl Pts',(-43.1645661558566,156.025426617009,-221.583694890814));
#12633=CARTESIAN_POINT('Ctrl Pts',(-43.5152867547016,156.112605353275,-221.583694890814));
#12634=CARTESIAN_POINT('Ctrl Pts',(-43.8660073535466,156.199784089541,-221.583694890814));
#12635=CARTESIAN_POINT('Ctrl Pts',(-44.2167279523915,156.286962825807,-221.583694890814));
#12636=CARTESIAN_POINT('Ctrl Pts',(-43.1484841842435,156.090124488948,-221.650361557481));
#12637=CARTESIAN_POINT('Ctrl Pts',(-43.4992047830885,156.177303225214,-221.650361557481));
#12638=CARTESIAN_POINT('Ctrl Pts',(-43.8499253819334,156.26448196148,-221.650361557481));
#12639=CARTESIAN_POINT('Ctrl Pts',(-44.2006459807784,156.351660697746,-221.650361557481));
#12640=CARTESIAN_POINT('Ctrl Pts',(-43.1324022126303,156.154822360888,-221.717028224148));
#12641=CARTESIAN_POINT('Ctrl Pts',(-43.4831228114753,156.242001097154,-221.717028224148));
#12642=CARTESIAN_POINT('Ctrl Pts',(-43.8338434103203,156.32917983342,-221.717028224148));
#12643=CARTESIAN_POINT('Ctrl Pts',(-44.1845640091652,156.416358569686,-221.717028224148));
#12644=CARTESIAN_POINT('',(-44.2293710460255,156.236099581391,-221.531283847616));
#12645=CARTESIAN_POINT('Ctrl Pts',(-43.1324022126303,156.154822360888,-221.717028224148));
#12646=CARTESIAN_POINT('Ctrl Pts',(-43.2672945928745,156.155517691574,-221.685162988934));
#12647=CARTESIAN_POINT('Ctrl Pts',(-43.4028310191291,156.159628219531,-221.656456730711));
#12648=CARTESIAN_POINT('Ctrl Pts',(-43.5388728396298,156.167253541712,-221.631039552048));
#12649=CARTESIAN_POINT('Ctrl Pts',(-43.7686478012216,156.180132729191,-221.588109876236));
#12650=CARTESIAN_POINT('Ctrl Pts',(-43.9990450185446,156.202992872679,-221.554716293143));
#12651=CARTESIAN_POINT('Ctrl Pts',(-44.2293710460255,156.236099581391,-221.531283847616));
#12652=CARTESIAN_POINT('',(-44.1845640091652,156.416358569686,-221.717028224148));
#12653=CARTESIAN_POINT('Ctrl Pts',(-44.2328099240047,156.222264953868,-221.517028224148));
#12654=CARTESIAN_POINT('Ctrl Pts',(-43.8820893251597,156.135086217602,-221.517028224148));
#12655=CARTESIAN_POINT('Ctrl Pts',(-43.5313687263148,156.047907481336,-221.517028224148));
#12656=CARTESIAN_POINT('Ctrl Pts',(-43.1806481274698,155.96072874507,-221.517028224148));
#12657=CARTESIAN_POINT('Origin',(-45.270097093053,152.049252213781,-221.617028224148));
#12658=CARTESIAN_POINT('Ctrl Pts',(-44.5083566419845,156.281243646334,-221.517028224148));
#12659=CARTESIAN_POINT('Ctrl Pts',(-44.4157770431222,156.264579712458,-221.517028224148));
#12660=CARTESIAN_POINT('Ctrl Pts',(-44.3226763513116,156.24951109751,-221.521791296837));
#12661=CARTESIAN_POINT('Ctrl Pts',(-44.2293710460255,156.236099581391,-221.531283847616));
#12662=CARTESIAN_POINT('Ctrl Pts',(-22.9245009259763,177.530573951896,-221.517028224148));
#12663=CARTESIAN_POINT('Ctrl Pts',(-22.8373221897103,177.179853353051,-221.517028224148));
#12664=CARTESIAN_POINT('Ctrl Pts',(-22.7501434534442,176.829132754206,-221.517028224148));
#12665=CARTESIAN_POINT('Ctrl Pts',(-22.6629647171782,176.478412155361,-221.517028224148));
#12666=CARTESIAN_POINT('Ctrl Pts',(-22.9891987979156,177.514491980283,-221.583694890814));
#12667=CARTESIAN_POINT('Ctrl Pts',(-22.9020200616496,177.163771381438,-221.583694890814));
#12668=CARTESIAN_POINT('Ctrl Pts',(-22.8148413253836,176.813050782593,-221.583694890814));
#12669=CARTESIAN_POINT('Ctrl Pts',(-22.7276625891175,176.462330183748,-221.583694890814));
#12670=CARTESIAN_POINT('Ctrl Pts',(-23.053896669855,177.49841000867,-221.650361557481));
#12671=CARTESIAN_POINT('Ctrl Pts',(-22.9667179335889,177.147689409825,-221.650361557481));
#12672=CARTESIAN_POINT('Ctrl Pts',(-22.8795391973229,176.79696881098,-221.650361557481));
#12673=CARTESIAN_POINT('Ctrl Pts',(-22.7923604610569,176.446248212135,-221.650361557481));
#12674=CARTESIAN_POINT('Ctrl Pts',(-23.1185945417943,177.482328037057,-221.717028224148));
#12675=CARTESIAN_POINT('Ctrl Pts',(-23.0314158055283,177.131607438212,-221.717028224148));
#12676=CARTESIAN_POINT('Ctrl Pts',(-22.9442370692622,176.780886839367,-221.717028224148));
#12677=CARTESIAN_POINT('Ctrl Pts',(-22.8570583329962,176.430166240522,-221.717028224148));
#12678=CARTESIAN_POINT('',(-22.9383355534999,177.527135073917,-221.531283847616));
#12679=CARTESIAN_POINT('Ctrl Pts',(-22.9383355534999,177.527135073917,-221.531283847616));
#12680=CARTESIAN_POINT('Ctrl Pts',(-22.9082229095044,177.317638794041,-221.552597186232));
#12681=CARTESIAN_POINT('Ctrl Pts',(-22.886582288286,177.108048582135,-221.582155011702));
#12682=CARTESIAN_POINT('Ctrl Pts',(-22.8732221786182,176.898887291322,-221.619645340857));
#12683=CARTESIAN_POINT('Ctrl Pts',(-22.8631979023435,176.741950663014,-221.647774856739));
#12684=CARTESIAN_POINT('Ctrl Pts',(-22.8578597515245,176.585639391672,-221.680301253196));
#12685=CARTESIAN_POINT('Ctrl Pts',(-22.8570583329962,176.430166240522,-221.717028224148));
#12686=CARTESIAN_POINT('Ctrl Pts',(-22.6629647171782,176.478412155361,-221.517028224148));
#12687=CARTESIAN_POINT('Ctrl Pts',(-22.7501434534442,176.829132754206,-221.517028224148));
#12688=CARTESIAN_POINT('Ctrl Pts',(-22.8373221897103,177.179853353051,-221.517028224148));
#12689=CARTESIAN_POINT('Ctrl Pts',(-22.9245009259763,177.530573951896,-221.517028224148));
#12690=CARTESIAN_POINT('',(-22.9245009259763,177.530573951896,-221.517028224148));
#12691=CARTESIAN_POINT('Origin',(-18.7514881858894,178.567861120945,-221.617028224148));
#12692=CARTESIAN_POINT('Ctrl Pts',(-22.9383355534999,177.527135073917,-221.531283847616));
#12693=CARTESIAN_POINT('Ctrl Pts',(-22.9517470696186,177.620440379203,-221.521791296837));
#12694=CARTESIAN_POINT('Ctrl Pts',(-22.9668156845666,177.713541071014,-221.517028224148));
#12695=CARTESIAN_POINT('Ctrl Pts',(-22.9834796184428,177.806120669876,-221.517028224148));
#12696=CARTESIAN_POINT('Origin',(-19.7126518636011,164.60928517434,-218.717028224148));
#12697=CARTESIAN_POINT('',(-20.384108485993,167.310559347265,-218.717028224148));
#12698=CARTESIAN_POINT('',(-20.384108485993,167.310559347265,-220.467028224148));
#12699=CARTESIAN_POINT('',(-22.9245009259763,177.530573951896,-218.717028224148));
#12700=CARTESIAN_POINT('Origin',(-24.2659808023529,166.345641050476,-220.467028224148));
#12701=CARTESIAN_POINT('',(-21.8985680411477,163.121457926321,-218.717028224148));
#12702=CARTESIAN_POINT('',(-21.8985680411477,163.121457926321,-220.467028224148));
#12703=CARTESIAN_POINT('Origin',(-24.2659808023529,166.345641050476,-218.717028224148));
#12704=CARTESIAN_POINT('Origin',(3.86487361925824E-14,133.297764027892,
-220.467028224148));
#12705=CARTESIAN_POINT('',(-29.8236938984295,155.196332069039,-218.717028224148));
#12706=CARTESIAN_POINT('',(-29.8236938984295,155.196332069039,-220.467028224148));
#12707=CARTESIAN_POINT('Origin',(2.52060522020269E-14,133.297764027892,
-218.717028224148));
#12708=CARTESIAN_POINT('Origin',(-33.047877022584,157.563744830244,-220.467028224148));
#12709=CARTESIAN_POINT('',(-34.0127953193732,153.681872513884,-218.717028224148));
#12710=CARTESIAN_POINT('',(-34.0127953193732,153.681872513884,-220.467028224148));
#12711=CARTESIAN_POINT('Origin',(-33.047877022584,157.563744830244,-218.717028224148));
#12712=CARTESIAN_POINT('Origin',(-18.7514881858894,178.567861120945,-222.617028224148));
#12713=CARTESIAN_POINT('',(-15.3846237949173,180.907567122305,-222.717028224148));
#12714=CARTESIAN_POINT('',(-15.2203865075528,181.021699122372,-222.517028224148));
#12715=CARTESIAN_POINT('',(-22.7866428076264,177.841550458298,-222.717028224148));
#12716=CARTESIAN_POINT('Origin',(-18.7514881858894,178.567861120945,-222.717028224148));
#12717=CARTESIAN_POINT('',(-22.7866428076264,177.841550458298,-222.717028224148));
#12718=CARTESIAN_POINT('Origin',(-30.8569520511004,176.388929133004,-222.617028224148));
#12719=CARTESIAN_POINT('',(-26.082857582817,169.721994154477,-222.717028224148));
#12720=CARTESIAN_POINT('Origin',(-30.8569520511004,176.388929133004,-222.717028224148));
#12721=CARTESIAN_POINT('',(-26.1992989113117,169.884602324685,-222.517028224148));
#12722=CARTESIAN_POINT('',(-26.082857582817,169.721994154477,-222.717028224148));
#12723=CARTESIAN_POINT('Origin',(-30.8569520511004,176.388929133004,-222.517028224148));
#12724=CARTESIAN_POINT('Origin',(-8.65089501297305,185.586979125027,-222.617028224148));
#12725=CARTESIAN_POINT('',(-7.34509953931673,177.694267412252,-222.517028224148));
#12726=CARTESIAN_POINT('Origin',(-8.65089501297305,185.586979125027,-222.517028224148));
#12727=CARTESIAN_POINT('',(-7.31245465247532,177.496949619433,-222.717028224148));
#12728=CARTESIAN_POINT('',(-7.34509953931673,177.694267412252,-222.517028224148));
#12729=CARTESIAN_POINT('Origin',(-8.65089501297305,185.586979125027,-222.717028224148));
#12730=CARTESIAN_POINT('Origin',(3.40878363990282E-14,133.297764027892,
-222.617028224148));
#12731=CARTESIAN_POINT('',(-36.4242301265859,159.380621610708,-222.717028224148));
#12732=CARTESIAN_POINT('',(-36.5868382967938,159.497062939203,-222.517028224148));
#12733=CARTESIAN_POINT('',(-36.4242301265859,159.380621610708,-222.717028224148));
#12734=CARTESIAN_POINT('Origin',(3.40878363990282E-14,133.297764027892,
-222.517028224148));
#12735=CARTESIAN_POINT('Origin',(3.40878363990282E-14,133.297764027892,
-222.717028224148));
#12736=CARTESIAN_POINT('Origin',(-43.0911651051127,164.154716078992,-222.617028224148));
#12737=CARTESIAN_POINT('',(-44.5437864304063,156.084406835518,-222.717028224148));
#12738=CARTESIAN_POINT('',(-44.5437864304063,156.084406835518,-222.717028224148));
#12739=CARTESIAN_POINT('Origin',(-43.0911651051127,164.154716078992,-222.517028224148));
#12740=CARTESIAN_POINT('Origin',(-43.0911651051127,164.154716078992,-222.717028224148));
#12741=CARTESIAN_POINT('Origin',(-45.270097093053,152.049252213781,-222.617028224148));
#12742=CARTESIAN_POINT('',(-47.6098030944139,148.682387822809,-222.717028224148));
#12743=CARTESIAN_POINT('Origin',(-45.270097093053,152.049252213781,-222.717028224148));
#12744=CARTESIAN_POINT('',(-47.6098030944139,148.682387822809,-222.717028224148));
#12745=CARTESIAN_POINT('Origin',(-52.2892150971356,141.948659040865,-222.617028224148));
#12746=CARTESIAN_POINT('',(-44.199185591541,140.610218680367,-222.717028224148));
#12747=CARTESIAN_POINT('Origin',(-52.2892150971356,141.948659040865,-222.717028224148));
#12748=CARTESIAN_POINT('',(-44.3965033843604,140.642863567208,-222.517028224148));
#12749=CARTESIAN_POINT('',(-44.199185591541,140.610218680367,-222.717028224148));
#12750=CARTESIAN_POINT('Origin',(-52.2892150971356,141.948659040865,-222.517028224148));
#12751=CARTESIAN_POINT('Origin',(-8.65089501297305,185.586979125027,-218.717028224148));
#12752=CARTESIAN_POINT('',(-7.34509953931673,177.694267412252,-221.717028224148));
#12753=CARTESIAN_POINT('Origin',(-8.65089501297305,185.586979125027,-221.717028224148));
#12754=CARTESIAN_POINT('',(-7.34509953931673,177.694267412252,-218.717028224148));
#12755=CARTESIAN_POINT('Origin',(-30.8569520511004,176.388929133004,-218.717028224148));
#12756=CARTESIAN_POINT('',(-26.1992989113117,169.884602324685,-221.717028224148));
#12757=CARTESIAN_POINT('',(-26.1992989113117,169.884602324685,-218.717028224148));
#12758=CARTESIAN_POINT('Origin',(-30.8569520511004,176.388929133004,-221.717028224148));
#12759=CARTESIAN_POINT('Origin',(3.40878363990282E-14,133.297764027892,
-222.717028224148));
#12760=CARTESIAN_POINT('',(-36.5868382967938,159.497062939203,-221.717028224148));
#12761=CARTESIAN_POINT('',(-36.5868382967938,159.497062939203,-218.717028224148));
#12762=CARTESIAN_POINT('Origin',(3.40878363990282E-14,133.297764027892,
-221.717028224148));
#12763=CARTESIAN_POINT('Origin',(-43.0911651051127,164.154716078992,-218.717028224148));
#12764=CARTESIAN_POINT('Origin',(-43.0911651051127,164.154716078992,-221.717028224148));
#12765=CARTESIAN_POINT('Origin',(-52.2892150971356,141.948659040865,-218.717028224148));
#12766=CARTESIAN_POINT('',(-44.3965033843604,140.642863567208,-221.717028224148));
#12767=CARTESIAN_POINT('',(-44.3965033843604,140.642863567208,-218.717028224148));
#12768=CARTESIAN_POINT('Origin',(-52.2892150971356,141.948659040865,-221.717028224148));
#12769=CARTESIAN_POINT('Origin',(-45.270097093053,152.049252213781,-405.717028224148));
#12770=CARTESIAN_POINT('',(-43.145097093053,152.049252213781,-218.717028224148));
#12771=CARTESIAN_POINT('Origin',(-45.270097093053,152.049252213781,-218.717028224148));
#12772=CARTESIAN_POINT('',(-43.145097093053,152.049252213781,-222.717028224148));
#12773=CARTESIAN_POINT('',(-43.145097093053,152.049252213781,-405.717028224148));
#12774=CARTESIAN_POINT('Origin',(-45.270097093053,152.049252213781,-222.717028224148));
#12775=CARTESIAN_POINT('Origin',(-18.7514881858894,178.567861120945,-405.717028224148));
#12776=CARTESIAN_POINT('',(-16.6264881858894,178.567861120945,-218.717028224148));
#12777=CARTESIAN_POINT('Origin',(-18.7514881858894,178.567861120945,-218.717028224148));
#12778=CARTESIAN_POINT('',(-16.6264881858894,178.567861120945,-222.717028224148));
#12779=CARTESIAN_POINT('',(-16.6264881858894,178.567861120945,-405.717028224148));
#12780=CARTESIAN_POINT('Origin',(-18.7514881858894,178.567861120945,-222.717028224148));
#12781=CARTESIAN_POINT('Origin',(-6.20973836900193,173.824781551866,-220.467028224148));
#12782=CARTESIAN_POINT('',(-5.60391023544076,169.870926183673,-218.717028224148));
#12783=CARTESIAN_POINT('Origin',(-6.20973836900193,173.824781551866,-218.717028224148));
#12784=CARTESIAN_POINT('',(-5.60391023544076,169.870926183673,-220.467028224148));
#12785=CARTESIAN_POINT('Origin',(-44.2328099240047,156.222264953868,-218.717028224148));
#12786=CARTESIAN_POINT('',(-44.2328099240047,156.222264953868,-218.717028224148));
#12787=CARTESIAN_POINT('Origin',(-40.5270175239746,139.507502396893,-220.467028224148));
#12788=CARTESIAN_POINT('',(-36.5731621557819,138.901674263332,-218.717028224148));
#12789=CARTESIAN_POINT('',(-36.5731621557819,138.901674263332,-220.467028224148));
#12790=CARTESIAN_POINT('Origin',(-40.5270175239746,139.507502396893,-218.717028224148));
#12791=CARTESIAN_POINT('Origin',(-3.07471942388118,167.188573998508,-220.977078730486));
#12792=CARTESIAN_POINT('',(-3.16507262470049,168.184483783127,-222.792915674457));
#12793=CARTESIAN_POINT('',(-2.07658462545917,167.24962253804,-222.792915674457));
#12794=CARTESIAN_POINT('Origin',(-3.07471942388118,167.188573998508,-222.792915674457));
#12795=CARTESIAN_POINT('',(-2.07658462545932,167.249622538042,-221.247028224148));
#12796=CARTESIAN_POINT('',(-2.07658462545932,167.249622538042,-220.977078730486));
#12797=CARTESIAN_POINT('',(-3.16507262470049,168.184483783127,-221.247028224148));
#12798=CARTESIAN_POINT('Origin',(-3.07471942388118,167.188573998508,-221.247028224148));
#12799=CARTESIAN_POINT('',(-3.16507262470049,168.184483783127,-220.977078730486));
#12800=CARTESIAN_POINT('Origin',(3.86487361925824E-14,133.297764027892,
-222.792915674452));
#12801=CARTESIAN_POINT('',(-3.13860878488242,167.892788560662,-223.500022455639));
#12802=CARTESIAN_POINT('Origin',(-3.07471942388119,167.188573998508,-222.792915674452));
#12803=CARTESIAN_POINT('',(-10.4264238430201,166.740111221916,-222.792915674452));
#12804=CARTESIAN_POINT('Origin',(3.86487361925824E-14,133.297764027892,
-222.792915674452));
#12805=CARTESIAN_POINT('',(-10.3392463140421,166.460492703094,-223.500022455639));
#12806=CARTESIAN_POINT('Origin',(-10.1287811412496,165.785433882664,-222.792915674452));
#12807=CARTESIAN_POINT('Origin',(3.96389515221539E-14,133.297764027892,
-223.500022455639));
#12808=CARTESIAN_POINT('Origin',(-3.07471942388103,167.188573998505,-222.792915674455));
#12809=CARTESIAN_POINT('Origin',(-3.07471942388103,167.188573998505,-222.792915674455));
#12810=CARTESIAN_POINT('Origin',(-10.1287811412496,165.785433882664,-220.977078730486));
#12811=CARTESIAN_POINT('',(-11.0742997168481,165.459865728204,-222.792915674457));
#12812=CARTESIAN_POINT('Origin',(-10.1287811412496,165.785433882664,-222.792915674457));
#12813=CARTESIAN_POINT('',(-10.4264238430201,166.740111221916,-221.247028224148));
#12814=CARTESIAN_POINT('',(-10.4264238430201,166.740111221916,-220.977078730486));
#12815=CARTESIAN_POINT('',(-11.0742997168489,165.459865728206,-221.247028224148));
#12816=CARTESIAN_POINT('Origin',(-10.1287811412496,165.785433882664,-221.247028224148));
#12817=CARTESIAN_POINT('',(-11.0742997168489,165.459865728206,-220.977078730486));
#12818=CARTESIAN_POINT('Origin',(-10.1287811412496,165.785433882664,-222.792915674452));
#12819=CARTESIAN_POINT('Origin',(-10.1287811412496,165.785433882664,-222.792915674452));
#12820=CARTESIAN_POINT('Ctrl Pts',(-3.01593657946014,165.865523684701,-225.530022325405));
#12821=CARTESIAN_POINT('Ctrl Pts',(-3.05680018015034,166.541291469166,-224.853365570765));
#12822=CARTESIAN_POINT('Ctrl Pts',(-3.09769253170502,167.217045638182,-224.176698358465));
#12823=CARTESIAN_POINT('Ctrl Pts',(-3.13860878488241,167.892788560662,-223.500022455639));
#12824=CARTESIAN_POINT('Ctrl Pts',(-2.71345717679569,165.888772575764,-225.534764242783));
#12825=CARTESIAN_POINT('Ctrl Pts',(-2.75440045757083,166.564430591679,-224.858002589765));
#12826=CARTESIAN_POINT('Ctrl Pts',(-2.79536706579011,167.24009089432,-224.181246184127));
#12827=CARTESIAN_POINT('Ctrl Pts',(-2.83635395819525,167.915736885468,-223.504477685479));
#12828=CARTESIAN_POINT('Ctrl Pts',(-2.17347541911732,165.746693414749,-225.359899586374));
#12829=CARTESIAN_POINT('Ctrl Pts',(-2.2146797454865,166.422273925812,-224.683080155068));
#12830=CARTESIAN_POINT('Ctrl Pts',(-2.25589148654358,167.097850920961,-224.006258693741));
#12831=CARTESIAN_POINT('Ctrl Pts',(-2.29710916770953,167.773428707288,-223.329439242262));
#12832=CARTESIAN_POINT('Ctrl Pts',(-1.96241987692043,165.383045398966,-224.983861557665));
#12833=CARTESIAN_POINT('Ctrl Pts',(-2.00374748810626,166.058724967921,-224.307156346356));
#12834=CARTESIAN_POINT('Ctrl Pts',(-2.0450708898636,166.734395934895,-223.630442585483));
#12835=CARTESIAN_POINT('Ctrl Pts',(-2.08639749464014,167.410061530955,-222.953723923791));
#12836=CARTESIAN_POINT('Ctrl Pts',(-1.95259915664413,165.222478041777,-224.822915544219));
#12837=CARTESIAN_POINT('Ctrl Pts',(-1.99392824843099,165.898202719451,-224.146258789578));
#12838=CARTESIAN_POINT('Ctrl Pts',(-2.03525670210327,166.573916964044,-223.469591577278));
#12839=CARTESIAN_POINT('Ctrl Pts',(-2.0765846254593,167.249622538042,-222.792915674453));
#12840=CARTESIAN_POINT('',(-3.01593657945204,165.865523684614,-225.530022325405));
#12841=CARTESIAN_POINT('Ctrl Pts',(-3.13860878488241,167.892788560662,-223.500022455639));
#12842=CARTESIAN_POINT('Ctrl Pts',(-3.09769253170502,167.217045638182,-224.176698358465));
#12843=CARTESIAN_POINT('Ctrl Pts',(-3.05680018015034,166.541291469166,-224.853365570765));
#12844=CARTESIAN_POINT('Ctrl Pts',(-3.01593657946014,165.865523684701,-225.530022325405));
#12845=CARTESIAN_POINT('',(-1.95259915664411,165.222478041777,-224.822915544219));
#12846=CARTESIAN_POINT('Origin',(-2.95073395506598,165.161429502242,-224.822915544219));
#12847=CARTESIAN_POINT('Ctrl Pts',(-1.95259915664413,165.222478041777,-224.822915544219));
#12848=CARTESIAN_POINT('Ctrl Pts',(-1.99392824843099,165.898202719451,-224.146258789578));
#12849=CARTESIAN_POINT('Ctrl Pts',(-2.03525670210327,166.573916964044,-223.469591577278));
#12850=CARTESIAN_POINT('Ctrl Pts',(-2.0765846254593,167.249622538042,-222.792915674453));
#12851=CARTESIAN_POINT('Origin',(3.86487361925824E-14,133.297764027892,
-225.237129122738));
#12852=CARTESIAN_POINT('',(-9.67677997276503,164.540599556497,-225.530022325421));
#12853=CARTESIAN_POINT('Ctrl Pts',(-9.67677997278866,164.540599556573,-225.530022325421));
#12854=CARTESIAN_POINT('Ctrl Pts',(-9.89763206372895,165.180565404347,-224.853365570775));
#12855=CARTESIAN_POINT('Ctrl Pts',(-10.118452381927,165.820529675565,-224.17669835847));
#12856=CARTESIAN_POINT('Ctrl Pts',(-10.3392463140422,166.460492703094,-223.500022455639));
#12857=CARTESIAN_POINT('Origin',(4.07491745467791E-14,133.297764027892,
-225.530022325581));
#12858=CARTESIAN_POINT('Ctrl Pts',(-10.3392463140422,166.460492703094,-223.500022455639));
#12859=CARTESIAN_POINT('Ctrl Pts',(-10.118452381927,165.820529675565,-224.17669835847));
#12860=CARTESIAN_POINT('Ctrl Pts',(-9.89763206372895,165.180565404347,-224.853365570775));
#12861=CARTESIAN_POINT('Ctrl Pts',(-9.67677997278866,164.540599556573,-225.530022325421));
#12862=CARTESIAN_POINT('Ctrl Pts',(-10.6272753057249,166.366026276162,-223.504477685478));
#12863=CARTESIAN_POINT('Ctrl Pts',(-10.4065837297614,165.726125769045,-224.181246184132));
#12864=CARTESIAN_POINT('Ctrl Pts',(-10.1858679368824,165.086219802254,-224.858002589775));
#12865=CARTESIAN_POINT('Ctrl Pts',(-9.96513146734708,164.446324875148,-225.534764242798));
#12866=CARTESIAN_POINT('Ctrl Pts',(-11.0710130191992,166.028190503504,-223.329438963682));
#12867=CARTESIAN_POINT('Ctrl Pts',(-10.850560765103,165.38826469039,-224.006258415167));
#12868=CARTESIAN_POINT('Ctrl Pts',(-10.6301033243242,164.748341880812,-224.683079875427));
#12869=CARTESIAN_POINT('Ctrl Pts',(-10.4096376892932,164.108418661029,-225.359899306738));
#12870=CARTESIAN_POINT('Ctrl Pts',(-11.1266311523505,165.611847252435,-222.953723923791));
#12871=CARTESIAN_POINT('Ctrl Pts',(-10.9062459272188,164.971798630444,-223.630442585488));
#12872=CARTESIAN_POINT('Ctrl Pts',(-10.6858556875236,164.331746272118,-224.307156346367));
#12873=CARTESIAN_POINT('Ctrl Pts',(-10.4654660449972,163.691684355719,-224.983861557681));
#12874=CARTESIAN_POINT('Ctrl Pts',(-11.0742997168489,165.459865728206,-222.792915674452));
#12875=CARTESIAN_POINT('Ctrl Pts',(-10.8539004110311,164.819779666818,-223.469591577283));
#12876=CARTESIAN_POINT('Ctrl Pts',(-10.6334982770688,164.179685391902,-224.146258789589));
#12877=CARTESIAN_POINT('Ctrl Pts',(-10.4130927400802,163.53958123388,-224.822915544235));
#12878=CARTESIAN_POINT('',(-10.4130927400802,163.53958123388,-224.822915544235));
#12879=CARTESIAN_POINT('Ctrl Pts',(-11.0742997168489,165.459865728206,-222.792915674452));
#12880=CARTESIAN_POINT('Ctrl Pts',(-10.8539004110311,164.819779666818,-223.469591577283));
#12881=CARTESIAN_POINT('Ctrl Pts',(-10.6334982770688,164.179685391902,-224.146258789589));
#12882=CARTESIAN_POINT('Ctrl Pts',(-10.4130927400802,163.53958123388,-224.822915544235));
#12883=CARTESIAN_POINT('Origin',(-9.46757416448089,163.865149388337,-224.822915544235));
#12884=CARTESIAN_POINT('Origin',(-10.7437491022856,164.499877037769,-224.227078616399));
#12885=CARTESIAN_POINT('',(-10.4130927400282,163.539581233728,-221.247028224148));
#12886=CARTESIAN_POINT('',(-10.0838076623571,162.5832679293,-221.247028224148));
#12887=CARTESIAN_POINT('',(-10.4130927400282,163.539581233728,-224.227078616399));
#12888=CARTESIAN_POINT('Origin',(-15.8101218291271,163.432145517283,-220.977078730486));
#12889=CARTESIAN_POINT('',(-16.2747154767653,164.317669510506,-222.792915674457));
#12890=CARTESIAN_POINT('',(-14.9113277828269,163.87051666407,-222.792915674457));
#12891=CARTESIAN_POINT('Origin',(-15.8101218291271,163.432145517283,-222.792915674457));
#12892=CARTESIAN_POINT('',(-14.9113277828279,163.870516664072,-221.247028224148));
#12893=CARTESIAN_POINT('',(-14.9113277828279,163.870516664072,-220.977078730486));
#12894=CARTESIAN_POINT('',(-16.2747154767653,164.317669510506,-221.247028224148));
#12895=CARTESIAN_POINT('Origin',(-15.8101218291271,163.432145517283,-221.247028224148));
#12896=CARTESIAN_POINT('',(-16.2747154767653,164.317669510506,-220.977078730486));
#12897=CARTESIAN_POINT('Origin',(3.86487361925824E-14,133.297764027892,
-222.792915674452));
#12898=CARTESIAN_POINT('',(-16.1386391478681,164.058305537794,-223.500022455639));
#12899=CARTESIAN_POINT('Origin',(-15.8101218291271,163.432145517283,-222.792915674452));
#12900=CARTESIAN_POINT('',(-22.4305917964084,160.204444456047,-222.792915674452));
#12901=CARTESIAN_POINT('Origin',(3.86487361925824E-14,133.297764027892,
-222.792915674452));
#12902=CARTESIAN_POINT('',(-22.243044887155,159.979472025611,-223.500022455639));
#12903=CARTESIAN_POINT('Origin',(-21.7902665952548,159.436340532891,-222.792915674452));
#12904=CARTESIAN_POINT('Origin',(3.96389515221539E-14,133.297764027892,
-223.500022455639));
#12905=CARTESIAN_POINT('Origin',(-15.810121829126,163.43214551728,-222.792915674455));
#12906=CARTESIAN_POINT('Origin',(-15.810121829126,163.43214551728,-222.792915674455));
#12907=CARTESIAN_POINT('Origin',(-21.7902665952548,159.436340532891,-220.977078730486));
#12908=CARTESIAN_POINT('',(-22.5392223160423,158.773720484674,-222.792915674457));
#12909=CARTESIAN_POINT('Origin',(-21.7902665952548,159.436340532891,-222.792915674457));
#12910=CARTESIAN_POINT('',(-22.4305917964084,160.204444456047,-221.247028224148));
#12911=CARTESIAN_POINT('',(-22.4305917964084,160.204444456047,-220.977078730486));
#12912=CARTESIAN_POINT('',(-22.5392223160438,158.773720484675,-221.247028224148));
#12913=CARTESIAN_POINT('Origin',(-21.7902665952548,159.436340532891,-221.247028224148));
#12914=CARTESIAN_POINT('',(-22.5392223160438,158.773720484675,-220.977078730486));
#12915=CARTESIAN_POINT('Origin',(-21.7902665952548,159.436340532891,-222.792915674452));
#12916=CARTESIAN_POINT('Origin',(-21.7902665952548,159.436340532891,-222.792915674452));
#12917=CARTESIAN_POINT('Origin',(-14.4662478510406,162.957967570118,-224.227078616399));
#12918=CARTESIAN_POINT('',(-14.021025532053,162.045126539141,-224.822915544395));
#12919=CARTESIAN_POINT('Ctrl Pts',(-14.0210255321144,162.045126539267,-224.822915544255));
#12920=CARTESIAN_POINT('Ctrl Pts',(-14.3177972731048,162.653598779892,-224.146258789602));
#12921=CARTESIAN_POINT('Ctrl Pts',(-14.6145644319868,163.262061625802,-223.46959157729));
#12922=CARTESIAN_POINT('Ctrl Pts',(-14.9113277828278,163.870516664071,-222.792915674452));
#12923=CARTESIAN_POINT('',(-14.021025532053,162.045126539141,-221.247028224148));
#12924=CARTESIAN_POINT('',(-14.021025532053,162.045126539141,-224.227078616399));
#12925=CARTESIAN_POINT('',(-13.5776496209173,161.136071205276,-221.247028224148));
#12926=CARTESIAN_POINT('Ctrl Pts',(-15.2495041270089,162.232301632509,-225.530022325441));
#12927=CARTESIAN_POINT('Ctrl Pts',(-15.5458623065575,162.840991834347,-224.853365570788));
#12928=CARTESIAN_POINT('Ctrl Pts',(-15.8422418380342,163.44965845467,-224.176698358477));
#12929=CARTESIAN_POINT('Ctrl Pts',(-16.1386391478681,164.058305537794,-223.500022455639));
#12930=CARTESIAN_POINT('Ctrl Pts',(-14.9789465633115,162.369534663147,-225.534764242818));
#12931=CARTESIAN_POINT('Ctrl Pts',(-15.2753363510543,162.97809295982,-224.858002589789));
#12932=CARTESIAN_POINT('Ctrl Pts',(-15.5717485656371,163.586644442125,-224.181246184139));
#12933=CARTESIAN_POINT('Ctrl Pts',(-15.8681740435928,164.195174939913,-223.504477685478));
#12934=CARTESIAN_POINT('Ctrl Pts',(-14.4256975845977,162.444912004415,-225.359899154919));
#12935=CARTESIAN_POINT('Ctrl Pts',(-14.7222988871989,163.053298798118,-224.683079723601));
#12936=CARTESIAN_POINT('Ctrl Pts',(-15.0189056936024,163.661679508358,-224.006258263917));
#12937=CARTESIAN_POINT('Ctrl Pts',(-15.3155182917157,164.270058674073,-223.329438812425));
#12938=CARTESIAN_POINT('Ctrl Pts',(-14.091545161947,162.18971320722,-224.983861557701));
#12939=CARTESIAN_POINT('Ctrl Pts',(-14.3882982726812,162.798144339424,-224.30715634638));
#12940=CARTESIAN_POINT('Ctrl Pts',(-14.6850442025746,163.406569135312,-223.630442585495));
#12941=CARTESIAN_POINT('Ctrl Pts',(-14.9817910363122,164.014987743381,-222.953723923791));
#12942=CARTESIAN_POINT('Ctrl Pts',(-14.0210255321144,162.045126539267,-224.822915544255));
#12943=CARTESIAN_POINT('Ctrl Pts',(-14.3177972731048,162.653598779892,-224.146258789602));
#12944=CARTESIAN_POINT('Ctrl Pts',(-14.6145644319868,163.262061625802,-223.46959157729));
#12945=CARTESIAN_POINT('Ctrl Pts',(-14.9113277828278,163.870516664071,-222.792915674452));
#12946=CARTESIAN_POINT('',(-15.2495041269763,162.232301632448,-225.530022325441));
#12947=CARTESIAN_POINT('Ctrl Pts',(-16.1386391478681,164.058305537794,-223.500022455639));
#12948=CARTESIAN_POINT('Ctrl Pts',(-15.8422418380342,163.44965845467,-224.176698358477));
#12949=CARTESIAN_POINT('Ctrl Pts',(-15.5458623065575,162.840991834347,-224.853365570788));
#12950=CARTESIAN_POINT('Ctrl Pts',(-15.2495041270089,162.232301632509,-225.530022325441));
#12951=CARTESIAN_POINT('Origin',(-14.9198195784136,161.606755392478,-224.822915544255));
#12952=CARTESIAN_POINT('Origin',(3.86487361925824E-14,133.297764027892,
-225.237129122738));
#12953=CARTESIAN_POINT('',(-20.8962944943497,158.459236936159,-225.530022325444));
#12954=CARTESIAN_POINT('Ctrl Pts',(-20.8962944943936,158.459236936212,-225.530022325444));
#12955=CARTESIAN_POINT('Ctrl Pts',(-21.3452395481532,158.965971848276,-224.85336557079));
#12956=CARTESIAN_POINT('Ctrl Pts',(-21.7941546444047,159.472717462694,-224.176698358477));
#12957=CARTESIAN_POINT('Ctrl Pts',(-22.2430448871551,159.979472025611,-223.500022455639));
#12958=CARTESIAN_POINT('Origin',(4.07491745467791E-14,133.297764027892,
-225.530022325581));
#12959=CARTESIAN_POINT('Ctrl Pts',(-22.2430448871551,159.979472025611,-223.500022455639));
#12960=CARTESIAN_POINT('Ctrl Pts',(-21.7941546444047,159.472717462694,-224.176698358477));
#12961=CARTESIAN_POINT('Ctrl Pts',(-21.3452395481532,158.965971848276,-224.85336557079));
#12962=CARTESIAN_POINT('Ctrl Pts',(-20.8962944943936,158.459236936212,-225.530022325444));
#12963=CARTESIAN_POINT('Ctrl Pts',(-22.4729982408391,159.781972504101,-223.504477685478));
#12964=CARTESIAN_POINT('Ctrl Pts',(-22.0242264883679,159.27523653251,-224.18124618414));
#12965=CARTESIAN_POINT('Ctrl Pts',(-21.5754302730577,158.76850478425,-224.85800258979));
#12966=CARTESIAN_POINT('Ctrl Pts',(-21.1266191797123,158.261791147944,-225.534764242821));
#12967=CARTESIAN_POINT('Ctrl Pts',(-22.7536738136428,159.300041963655,-223.329438719983));
#12968=CARTESIAN_POINT('Ctrl Pts',(-22.3051134815608,158.793191027858,-224.006258171475));
#12969=CARTESIAN_POINT('Ctrl Pts',(-21.8565495055936,158.286344851846,-224.683079630804));
#12970=CARTESIAN_POINT('Ctrl Pts',(-21.4079778035647,157.779501432637,-225.359899062123));
#12971=CARTESIAN_POINT('Ctrl Pts',(-22.6457310695584,158.894106730871,-222.953723923791));
#12972=CARTESIAN_POINT('Ctrl Pts',(-22.1971856672425,158.387116683592,-223.630442585496));
#12973=CARTESIAN_POINT('Ctrl Pts',(-21.7486342022406,157.880125103381,-224.307156346381));
#12974=CARTESIAN_POINT('Ctrl Pts',(-21.3000796312343,157.373124464134,-224.983861557703));
#12975=CARTESIAN_POINT('Ctrl Pts',(-22.5392223160438,158.773720484675,-222.792915674452));
#12976=CARTESIAN_POINT('Ctrl Pts',(-22.0906495774329,158.266701236349,-223.469591577291));
#12977=CARTESIAN_POINT('Ctrl Pts',(-21.6420710827763,157.759675481996,-224.146258789603));
#12978=CARTESIAN_POINT('Ctrl Pts',(-21.1934856620324,157.252641899125,-224.822915544257));
#12979=CARTESIAN_POINT('',(-21.1934856620324,157.252641899125,-224.822915544257));
#12980=CARTESIAN_POINT('Ctrl Pts',(-22.5392223160438,158.773720484675,-222.792915674452));
#12981=CARTESIAN_POINT('Ctrl Pts',(-22.0906495774329,158.266701236349,-223.469591577291));
#12982=CARTESIAN_POINT('Ctrl Pts',(-21.6420710827763,157.759675481996,-224.146258789603));
#12983=CARTESIAN_POINT('Ctrl Pts',(-21.1934856620324,157.252641899125,-224.822915544257));
#12984=CARTESIAN_POINT('Origin',(-20.4445299412434,157.915261947341,-224.822915544257));
#12985=CARTESIAN_POINT('Origin',(-21.8664616017017,158.01330282589,-224.227078616399));
#12986=CARTESIAN_POINT('',(-21.1934856619412,157.252641899022,-221.247028224148));
#12987=CARTESIAN_POINT('',(-20.017764481062,155.923730848348,-221.247028224148));
#12988=CARTESIAN_POINT('',(-21.1934856619412,157.252641899022,-224.227078616399));
#12989=CARTESIAN_POINT('Origin',(-26.1385765049996,155.088030623146,-220.977078730486));
#12990=CARTESIAN_POINT('',(-26.9066804281557,155.7283558243,-222.792915674457));
#12991=CARTESIAN_POINT('',(-25.4759564567821,155.836986343934,-222.792915674457));
#12992=CARTESIAN_POINT('Origin',(-26.1385765049996,155.088030623146,-222.792915674457));
#12993=CARTESIAN_POINT('',(-25.4759564567839,155.836986343935,-221.247028224148));
#12994=CARTESIAN_POINT('',(-25.4759564567839,155.836986343935,-220.977078730486));
#12995=CARTESIAN_POINT('',(-26.9066804281557,155.7283558243,-221.247028224148));
#12996=CARTESIAN_POINT('Origin',(-26.1385765049996,155.088030623146,-221.247028224148));
#12997=CARTESIAN_POINT('',(-26.9066804281557,155.7283558243,-220.977078730486));
#12998=CARTESIAN_POINT('Origin',(3.86487361925824E-14,133.297764027892,
-222.792915674452));
#12999=CARTESIAN_POINT('',(-26.6817079977191,155.540808915047,-223.500022455639));
#13000=CARTESIAN_POINT('Origin',(-26.1385765049996,155.088030623146,-222.792915674452));
#13001=CARTESIAN_POINT('',(-31.0199054826144,149.572479504657,-222.792915674452));
#13002=CARTESIAN_POINT('Origin',(3.86487361925824E-14,133.297764027892,
-222.792915674452));
#13003=CARTESIAN_POINT('',(-30.7605415099025,149.43640317576,-223.500022455639));
#13004=CARTESIAN_POINT('Origin',(-30.1343814893911,149.107885857019,-222.792915674452));
#13005=CARTESIAN_POINT('Origin',(3.85287284975288E-14,133.297764027892,
-223.500022455639));
#13006=CARTESIAN_POINT('Origin',(-26.1385765049978,155.088030623145,-222.792915674455));
#13007=CARTESIAN_POINT('Origin',(-26.1385765049978,155.088030623145,-222.792915674455));
#13008=CARTESIAN_POINT('Origin',(-30.1343814893911,149.107885857019,-220.977078730486));
#13009=CARTESIAN_POINT('',(-30.572752636178,148.209091810718,-222.792915674457));
#13010=CARTESIAN_POINT('Origin',(-30.1343814893911,149.107885857019,-222.792915674457));
#13011=CARTESIAN_POINT('',(-31.0199054826145,149.572479504657,-221.247028224148));
#13012=CARTESIAN_POINT('',(-31.0199054826145,149.572479504657,-220.977078730486));
#13013=CARTESIAN_POINT('',(-30.5727526361802,148.209091810719,-221.247028224148));
#13014=CARTESIAN_POINT('Origin',(-30.1343814893911,149.107885857019,-221.247028224148));
#13015=CARTESIAN_POINT('',(-30.5727526361802,148.209091810719,-220.977078730486));
#13016=CARTESIAN_POINT('Origin',(-30.134381489391,149.107885857019,-222.792915674452));
#13017=CARTESIAN_POINT('Origin',(-30.134381489391,149.107885857019,-222.792915674452));
#13018=CARTESIAN_POINT('Origin',(-24.7155387979983,155.164225629593,-224.227078616399));
#13019=CARTESIAN_POINT('',(-23.9548778711305,154.491249689833,-224.822915544395));
#13020=CARTESIAN_POINT('Ctrl Pts',(-23.9548778712335,154.491249689924,-224.822915544257));
#13021=CARTESIAN_POINT('Ctrl Pts',(-24.461911454104,154.939835110668,-224.146258789604));
#13022=CARTESIAN_POINT('Ctrl Pts',(-24.9689372084569,155.388413605324,-223.469591577291));
#13023=CARTESIAN_POINT('Ctrl Pts',(-25.4759564567837,155.836986343935,-222.792915674453));
#13024=CARTESIAN_POINT('',(-23.9548778711305,154.491249689833,-221.247028224148));
#13025=CARTESIAN_POINT('',(-23.9548778711305,154.491249689833,-224.227078616399));
#13026=CARTESIAN_POINT('',(-22.1185450694085,152.866599666017,-221.247028224148));
#13027=CARTESIAN_POINT('Ctrl Pts',(-25.1614729083201,154.194058522285,-225.530022325444));
#13028=CARTESIAN_POINT('Ctrl Pts',(-25.6682078203841,154.643003576045,-224.85336557079));
#13029=CARTESIAN_POINT('Ctrl Pts',(-26.1749534348026,155.091918672296,-224.176698358477));
#13030=CARTESIAN_POINT('Ctrl Pts',(-26.681707997719,155.540808915046,-223.500022455639));
#13031=CARTESIAN_POINT('Ctrl Pts',(-24.9640271200522,154.424383207604,-225.534764242821));
#13032=CARTESIAN_POINT('Ctrl Pts',(-25.4707407563588,154.873194300949,-224.85800258979));
#13033=CARTESIAN_POINT('Ctrl Pts',(-25.9774725046182,155.321990516259,-224.18124618414));
#13034=CARTESIAN_POINT('Ctrl Pts',(-26.4842084762092,155.77076226873,-223.504477685479));
#13035=CARTESIAN_POINT('Ctrl Pts',(-24.4817374047451,154.705741831456,-225.359899062123));
#13036=CARTESIAN_POINT('Ctrl Pts',(-24.9885808239547,155.154313533485,-224.683079630804));
#13037=CARTESIAN_POINT('Ctrl Pts',(-25.495426999966,155.602877509452,-224.006258171475));
#13038=CARTESIAN_POINT('Ctrl Pts',(-26.0022779357636,156.051437841534,-223.329438719983));
#13039=CARTESIAN_POINT('Ctrl Pts',(-24.0753604362425,154.597843659126,-224.983861557704));
#13040=CARTESIAN_POINT('Ctrl Pts',(-24.5823610754892,155.046398230132,-224.307156346382));
#13041=CARTESIAN_POINT('Ctrl Pts',(-25.0893526557008,155.494949695134,-223.630442585496));
#13042=CARTESIAN_POINT('Ctrl Pts',(-25.5963427029795,155.94349509745,-222.953723923791));
#13043=CARTESIAN_POINT('Ctrl Pts',(-23.9548778712335,154.491249689924,-224.822915544257));
#13044=CARTESIAN_POINT('Ctrl Pts',(-24.461911454104,154.939835110668,-224.146258789604));
#13045=CARTESIAN_POINT('Ctrl Pts',(-24.9689372084569,155.388413605324,-223.469591577291));
#13046=CARTESIAN_POINT('Ctrl Pts',(-25.4759564567837,155.836986343935,-222.792915674453));
#13047=CARTESIAN_POINT('',(-25.1614729082672,154.194058522241,-225.530022325444));
#13048=CARTESIAN_POINT('Ctrl Pts',(-26.681707997719,155.540808915046,-223.500022455639));
#13049=CARTESIAN_POINT('Ctrl Pts',(-26.1749534348026,155.091918672296,-224.176698358477));
#13050=CARTESIAN_POINT('Ctrl Pts',(-25.6682078203841,154.643003576045,-224.85336557079));
#13051=CARTESIAN_POINT('Ctrl Pts',(-25.1614729083201,154.194058522285,-225.530022325444));
#13052=CARTESIAN_POINT('Origin',(-24.6174979194493,153.742293969135,-224.822915544257));
#13053=CARTESIAN_POINT('Origin',(3.86487361925824E-14,133.297764027892,
-225.237129122738));
#13054=CARTESIAN_POINT('',(-28.934537604556,148.547268154868,-225.530022325441));
#13055=CARTESIAN_POINT('Ctrl Pts',(-28.9345376046179,148.5472681549,-225.530022325441));
#13056=CARTESIAN_POINT('Ctrl Pts',(-29.5432278064557,148.843626334449,-224.853365570788));
#13057=CARTESIAN_POINT('Ctrl Pts',(-30.1518944267786,149.140005865926,-224.176698358476));
#13058=CARTESIAN_POINT('Ctrl Pts',(-30.7605415099027,149.43640317576,-223.500022455639));
#13059=CARTESIAN_POINT('Origin',(4.07491745467791E-14,133.297764027892,
-225.530022325581));
#13060=CARTESIAN_POINT('Ctrl Pts',(-30.7605415099027,149.43640317576,-223.500022455639));
#13061=CARTESIAN_POINT('Ctrl Pts',(-30.1518944267786,149.140005865926,-224.176698358476));
#13062=CARTESIAN_POINT('Ctrl Pts',(-29.5432278064557,148.843626334449,-224.853365570788));
#13063=CARTESIAN_POINT('Ctrl Pts',(-28.9345376046179,148.5472681549,-225.530022325441));
#13064=CARTESIAN_POINT('Ctrl Pts',(-30.8974109120218,149.165938071484,-223.504477685478));
#13065=CARTESIAN_POINT('Ctrl Pts',(-30.2888804142338,148.869512593529,-224.181246184139));
#13066=CARTESIAN_POINT('Ctrl Pts',(-29.6803289319286,148.573100378946,-224.858002589788));
#13067=CARTESIAN_POINT('Ctrl Pts',(-29.0717706352555,148.276710591203,-225.534764242818));
#13068=CARTESIAN_POINT('Ctrl Pts',(-30.9722946461813,148.613282319607,-223.329438812425));
#13069=CARTESIAN_POINT('Ctrl Pts',(-30.3639154804664,148.316669721494,-224.006258263917));
#13070=CARTESIAN_POINT('Ctrl Pts',(-29.7555347702262,148.02006291509,-224.683079723601));
#13071=CARTESIAN_POINT('Ctrl Pts',(-29.1471479765239,147.723461612489,-225.359899154919));
#13072=CARTESIAN_POINT('Ctrl Pts',(-30.7172237154893,148.279555064204,-222.953723923791));
#13073=CARTESIAN_POINT('Ctrl Pts',(-30.1088051074208,147.982808230466,-223.630442585495));
#13074=CARTESIAN_POINT('Ctrl Pts',(-29.5003803115327,147.686062300573,-224.30715634638));
#13075=CARTESIAN_POINT('Ctrl Pts',(-28.8919491793281,147.389309189839,-224.983861557701));
#13076=CARTESIAN_POINT('Ctrl Pts',(-30.5727526361801,148.209091810719,-222.792915674452));
#13077=CARTESIAN_POINT('Ctrl Pts',(-29.9642975979108,147.912328459878,-223.46959157729));
#13078=CARTESIAN_POINT('Ctrl Pts',(-29.3558347520004,147.615561300996,-224.146258789602));
#13079=CARTESIAN_POINT('Ctrl Pts',(-28.7473625113756,147.318789560006,-224.822915544255));
#13080=CARTESIAN_POINT('',(-28.7473625113755,147.318789560006,-224.822915544255));
#13081=CARTESIAN_POINT('Ctrl Pts',(-30.5727526361801,148.209091810719,-222.792915674452));
#13082=CARTESIAN_POINT('Ctrl Pts',(-29.9642975979108,147.912328459878,-223.46959157729));
#13083=CARTESIAN_POINT('Ctrl Pts',(-29.3558347520004,147.615561300996,-224.146258789602));
#13084=CARTESIAN_POINT('Ctrl Pts',(-28.7473625113756,147.318789560006,-224.822915544255));
#13085=CARTESIAN_POINT('Origin',(-28.3089913645865,148.217583606305,-224.822915544255));
#13086=CARTESIAN_POINT('Origin',(-29.6602035422267,147.764011878932,-224.227078616399));
#13087=CARTESIAN_POINT('',(-28.7473625112496,147.318789559945,-221.247028224148));
#13088=CARTESIAN_POINT('',(-24.5908774415227,145.291536337551,-221.247028224148));
#13089=CARTESIAN_POINT('',(-28.7473625112496,147.318789559945,-224.227078616399));
#13090=CARTESIAN_POINT('Origin',(-32.487669854772,143.426545169141,-220.977078730486));
#13091=CARTESIAN_POINT('',(-33.4423471940248,143.724187870912,-222.792915674457));
#13092=CARTESIAN_POINT('',(-32.1621017003126,144.37206374474,-222.792915674457));
#13093=CARTESIAN_POINT('Origin',(-32.487669854772,143.426545169141,-222.792915674457));
#13094=CARTESIAN_POINT('',(-32.1621017003149,144.37206374474,-221.247028224148));
#13095=CARTESIAN_POINT('',(-32.1621017003149,144.37206374474,-220.977078730486));
#13096=CARTESIAN_POINT('',(-33.4423471940248,143.724187870912,-221.247028224148));
#13097=CARTESIAN_POINT('Origin',(-32.487669854772,143.426545169141,-221.247028224148));
#13098=CARTESIAN_POINT('',(-33.4423471940248,143.724187870912,-220.977078730486));
#13099=CARTESIAN_POINT('Origin',(3.86487361925824E-14,133.297764027892,
-222.792915674452));
#13100=CARTESIAN_POINT('',(-33.1627286752026,143.637010341934,-223.500022455639));
#13101=CARTESIAN_POINT('Origin',(-32.487669854772,143.426545169141,-222.792915674452));
#13102=CARTESIAN_POINT('',(-34.8867197552359,136.462836652592,-222.792915674452));
#13103=CARTESIAN_POINT('Origin',(3.86487361925824E-14,133.297764027892,
-222.792915674452));
#13104=CARTESIAN_POINT('',(-34.5950245327706,136.436372812774,-223.500022455639));
#13105=CARTESIAN_POINT('Origin',(-33.890809970616,136.372483451773,-222.792915674452));
#13106=CARTESIAN_POINT('Origin',(3.85287284975288E-14,133.297764027892,
-223.500022455639));
#13107=CARTESIAN_POINT('Origin',(-32.4876698547697,143.42654516914,-222.792915674455));
#13108=CARTESIAN_POINT('Origin',(-32.4876698547697,143.42654516914,-222.792915674455));
#13109=CARTESIAN_POINT('Origin',(-33.890809970616,136.372483451773,-220.977078730486));
#13110=CARTESIAN_POINT('',(-33.9518585101485,135.374348653351,-222.792915674457));
#13111=CARTESIAN_POINT('Origin',(-33.890809970616,136.372483451773,-222.792915674457));
#13112=CARTESIAN_POINT('',(-34.8867197552359,136.462836652592,-221.247028224148));
#13113=CARTESIAN_POINT('',(-34.8867197552359,136.462836652592,-220.977078730486));
#13114=CARTESIAN_POINT('',(-33.9518585101509,135.374348653351,-221.247028224148));
#13115=CARTESIAN_POINT('Origin',(-33.890809970616,136.372483451773,-221.247028224148));
#13116=CARTESIAN_POINT('',(-33.9518585101508,135.374348653351,-220.977078730486));
#13117=CARTESIAN_POINT('Origin',(-33.890809970616,136.372483451773,-222.792915674452));
#13118=CARTESIAN_POINT('Origin',(-33.890809970616,136.372483451773,-222.792915674452));
#13119=CARTESIAN_POINT('Origin',(-31.2021130098779,144.041513130177,-224.227078616399));
#13120=CARTESIAN_POINT('',(-30.2418172058369,143.71085676792,-224.822915544395));
#13121=CARTESIAN_POINT('Ctrl Pts',(-30.2418172059881,143.710856767972,-224.822915544235));
#13122=CARTESIAN_POINT('Ctrl Pts',(-30.8819213640102,143.93126230496,-224.146258789589));
#13123=CARTESIAN_POINT('Ctrl Pts',(-31.5220156389262,144.151664438922,-223.469591577283));
#13124=CARTESIAN_POINT('Ctrl Pts',(-32.1621017003146,144.37206374474,-222.792915674453));
#13125=CARTESIAN_POINT('',(-30.2418172058369,143.71085676792,-221.247028224148));
#13126=CARTESIAN_POINT('',(-30.2418172058369,143.71085676792,-224.227078616399));
#13127=CARTESIAN_POINT('',(-24.6855901851501,141.797694378991,-221.247028224148));
#13128=CARTESIAN_POINT('Ctrl Pts',(-31.2428355286814,142.97454400068,-225.530022325421));
#13129=CARTESIAN_POINT('Ctrl Pts',(-31.8828013764553,143.19539609162,-224.853365570775));
#13130=CARTESIAN_POINT('Ctrl Pts',(-32.5227656476733,143.416216409818,-224.17669835847));
#13131=CARTESIAN_POINT('Ctrl Pts',(-33.1627286752025,143.637010341934,-223.500022455639));
#13132=CARTESIAN_POINT('Ctrl Pts',(-31.1485608472563,143.262895495239,-225.534764242798));
#13133=CARTESIAN_POINT('Ctrl Pts',(-31.7884557743623,143.483631964774,-224.858002589775));
#13134=CARTESIAN_POINT('Ctrl Pts',(-32.4283617411531,143.704347757653,-224.181246184133));
#13135=CARTESIAN_POINT('Ctrl Pts',(-33.0682622482705,143.925039333616,-223.504477685479));
#13136=CARTESIAN_POINT('Ctrl Pts',(-30.8106546331374,143.707401717185,-225.359899306738));
#13137=CARTESIAN_POINT('Ctrl Pts',(-31.4505778529205,143.927867352216,-224.683079875427));
#13138=CARTESIAN_POINT('Ctrl Pts',(-32.0905006624977,144.148324792994,-224.006258415167));
#13139=CARTESIAN_POINT('Ctrl Pts',(-32.7304264756123,144.368777047091,-223.329438963682));
#13140=CARTESIAN_POINT('Ctrl Pts',(-30.3939203278279,143.763230072889,-224.983861557681));
#13141=CARTESIAN_POINT('Ctrl Pts',(-31.0339822442268,143.983619715415,-224.307156346367));
#13142=CARTESIAN_POINT('Ctrl Pts',(-31.6740346025521,144.20400995511,-223.630442585489));
#13143=CARTESIAN_POINT('Ctrl Pts',(-32.3140832245427,144.424395180242,-222.953723923791));
#13144=CARTESIAN_POINT('Ctrl Pts',(-30.2418172059881,143.710856767972,-224.822915544235));
#13145=CARTESIAN_POINT('Ctrl Pts',(-30.8819213640102,143.93126230496,-224.146258789589));
#13146=CARTESIAN_POINT('Ctrl Pts',(-31.5220156389262,144.151664438922,-223.469591577283));
#13147=CARTESIAN_POINT('Ctrl Pts',(-32.1621017003146,144.37206374474,-222.792915674453));
#13148=CARTESIAN_POINT('',(-31.2428355286051,142.974544000657,-225.530022325421));
#13149=CARTESIAN_POINT('Ctrl Pts',(-33.1627286752025,143.637010341934,-223.500022455639));
#13150=CARTESIAN_POINT('Ctrl Pts',(-32.5227656476733,143.416216409818,-224.17669835847));
#13151=CARTESIAN_POINT('Ctrl Pts',(-31.8828013764553,143.19539609162,-224.853365570775));
#13152=CARTESIAN_POINT('Ctrl Pts',(-31.2428355286814,142.97454400068,-225.530022325421));
#13153=CARTESIAN_POINT('Origin',(-30.5673853604453,142.765338192372,-224.822915544235));
#13154=CARTESIAN_POINT('Origin',(3.86487361925824E-14,133.297764027892,
-225.237129122738));
#13155=CARTESIAN_POINT('',(-32.5677596567222,136.313700607344,-225.530022325405));
#13156=CARTESIAN_POINT('Ctrl Pts',(-32.5677596568096,136.313700607352,-225.530022325405));
#13157=CARTESIAN_POINT('Ctrl Pts',(-33.243527441275,136.354564208042,-224.853365570765));
#13158=CARTESIAN_POINT('Ctrl Pts',(-33.9192816102906,136.395456559597,-224.176698358465));
#13159=CARTESIAN_POINT('Ctrl Pts',(-34.5950245327707,136.436372812774,-223.500022455639));
#13160=CARTESIAN_POINT('Origin',(4.07491745467791E-14,133.297764027892,
-225.530022325581));
#13161=CARTESIAN_POINT('Ctrl Pts',(-34.5950245327707,136.436372812774,-223.500022455639));
#13162=CARTESIAN_POINT('Ctrl Pts',(-33.9192816102906,136.395456559597,-224.176698358465));
#13163=CARTESIAN_POINT('Ctrl Pts',(-33.243527441275,136.354564208042,-224.853365570765));
#13164=CARTESIAN_POINT('Ctrl Pts',(-32.5677596568096,136.313700607352,-225.530022325405));
#13165=CARTESIAN_POINT('Ctrl Pts',(-34.6179728575766,136.134117986087,-223.504477685478));
#13166=CARTESIAN_POINT('Ctrl Pts',(-33.9423268664287,136.093131093682,-224.181246184127));
#13167=CARTESIAN_POINT('Ctrl Pts',(-33.2666665637879,136.052164485462,-224.858002589765));
#13168=CARTESIAN_POINT('Ctrl Pts',(-32.5910085478722,136.011221204687,-225.534764242783));
#13169=CARTESIAN_POINT('Ctrl Pts',(-34.475664679397,135.594873195601,-223.329439242262));
#13170=CARTESIAN_POINT('Ctrl Pts',(-33.8000868930699,135.553655514435,-224.006258693741));
#13171=CARTESIAN_POINT('Ctrl Pts',(-33.1245098979211,135.512443773378,-224.683080155068));
#13172=CARTESIAN_POINT('Ctrl Pts',(-32.4489293868578,135.471239447009,-225.359899586374));
#13173=CARTESIAN_POINT('Ctrl Pts',(-34.1122975030634,135.384161522532,-222.953723923791));
#13174=CARTESIAN_POINT('Ctrl Pts',(-33.4366319070036,135.342834917755,-223.630442585483));
#13175=CARTESIAN_POINT('Ctrl Pts',(-32.7609609400301,135.301511515998,-224.307156346356));
#13176=CARTESIAN_POINT('Ctrl Pts',(-32.0852813710747,135.260183904812,-224.983861557665));
#13177=CARTESIAN_POINT('Ctrl Pts',(-33.9518585101508,135.374348653351,-222.792915674452));
#13178=CARTESIAN_POINT('Ctrl Pts',(-33.2761529361524,135.333020729995,-223.469591577278));
#13179=CARTESIAN_POINT('Ctrl Pts',(-32.6004386915597,135.291692276323,-224.146258789578));
#13180=CARTESIAN_POINT('Ctrl Pts',(-31.9247140138858,135.250363184536,-224.822915544219));
#13181=CARTESIAN_POINT('',(-31.9247140138858,135.250363184536,-224.822915544219));
#13182=CARTESIAN_POINT('Ctrl Pts',(-33.9518585101508,135.374348653351,-222.792915674452));
#13183=CARTESIAN_POINT('Ctrl Pts',(-33.2761529361524,135.333020729995,-223.469591577278));
#13184=CARTESIAN_POINT('Ctrl Pts',(-32.6004386915597,135.291692276323,-224.146258789578));
#13185=CARTESIAN_POINT('Ctrl Pts',(-31.9247140138858,135.250363184536,-224.822915544219));
#13186=CARTESIAN_POINT('Origin',(-31.863665474351,136.248497982958,-224.822915544219));
#13187=CARTESIAN_POINT('Origin',(-31.8636654741755,136.248497982947,-224.227078616399));
#13188=CARTESIAN_POINT('',(-30.8679259321545,136.156287547226,-224.822915544395));
#13189=CARTESIAN_POINT('Origin',(-31.8636654741755,136.248497982947,-224.822915544395));
#13190=CARTESIAN_POINT('',(-31.9247140137104,135.250363184525,-221.247028224148));
#13191=CARTESIAN_POINT('',(-31.9247140137104,135.250363184525,-224.227078616399));
#13192=CARTESIAN_POINT('',(-30.8679259321545,136.156287547226,-221.247028224148));
#13193=CARTESIAN_POINT('Origin',(-31.8636654741755,136.248497982947,-221.247028224148));
#13194=CARTESIAN_POINT('',(-30.8679259321545,136.156287547226,-224.227078616399));
#13195=CARTESIAN_POINT('Origin',(-31.8636654741761,136.248497982941,-224.822915544395));
#13196=CARTESIAN_POINT('Origin',(-31.8636654741761,136.248497982941,-224.822915544395));
#13197=CARTESIAN_POINT('Origin',(3.86487361925824E-14,133.297764027892,
-224.822915544395));
#13198=CARTESIAN_POINT('',(-29.6121545716673,142.469476500884,-224.822915544395));
#13199=CARTESIAN_POINT('Origin',(3.86487361925824E-14,133.297764027892,
-224.822915544395));
#13200=CARTESIAN_POINT('Origin',(-30.5673853602941,142.76533819232,-224.822915544395));
#13201=CARTESIAN_POINT('Origin',(3.86487361925824E-14,133.297764027892,
-224.227078616399));
#13202=CARTESIAN_POINT('',(-29.6121545716672,142.469476500884,-221.247028224148));
#13203=CARTESIAN_POINT('Origin',(3.86487361925824E-14,133.297764027892,
-221.247028224148));
#13204=CARTESIAN_POINT('',(-29.6121545716672,142.469476500884,-224.227078616399));
#13205=CARTESIAN_POINT('Origin',(-30.5673853602941,142.76533819232,-224.227078616399));
#13206=CARTESIAN_POINT('Origin',(-30.5673853602941,142.76533819232,-224.822915544395));
#13207=CARTESIAN_POINT('Origin',(-30.5673853602941,142.76533819232,-221.247028224148));
#13208=CARTESIAN_POINT('Origin',(-30.5673853602941,142.76533819232,-224.822915544395));
#13209=CARTESIAN_POINT('Origin',(-28.3089913644605,148.217583606244,-224.227078616399));
#13210=CARTESIAN_POINT('',(-27.4243353879167,147.751339246315,-224.822915544395));
#13211=CARTESIAN_POINT('Origin',(-28.3089913644605,148.217583606244,-224.822915544395));
#13212=CARTESIAN_POINT('',(-27.4243353879167,147.751339246315,-221.247028224148));
#13213=CARTESIAN_POINT('Origin',(-28.3089913644605,148.217583606244,-221.247028224148));
#13214=CARTESIAN_POINT('',(-27.4243353879167,147.751339246315,-224.227078616399));
#13215=CARTESIAN_POINT('Origin',(-28.3089913644626,148.21758360624,-224.822915544395));
#13216=CARTESIAN_POINT('Origin',(-28.3089913644626,148.21758360624,-224.822915544395));
#13217=CARTESIAN_POINT('Origin',(3.86487361925824E-14,133.297764027892,
-224.822915544395));
#13218=CARTESIAN_POINT('',(-23.8482011124933,153.103402410979,-224.822915544395));
#13219=CARTESIAN_POINT('Origin',(3.86487361925824E-14,133.297764027892,
-224.822915544395));
#13220=CARTESIAN_POINT('Origin',(-24.6174979193462,153.742293969044,-224.822915544395));
#13221=CARTESIAN_POINT('Origin',(3.86487361925824E-14,133.297764027892,
-224.227078616399));
#13222=CARTESIAN_POINT('',(-23.8482011124933,153.103402410979,-221.247028224148));
#13223=CARTESIAN_POINT('Origin',(3.86487361925824E-14,133.297764027892,
-221.247028224148));
#13224=CARTESIAN_POINT('',(-23.8482011124933,153.103402410979,-224.227078616399));
#13225=CARTESIAN_POINT('Origin',(-20.4445299411522,157.915261947238,-224.227078616399));
#13226=CARTESIAN_POINT('',(-19.8056383830878,157.145965140385,-224.822915544395));
#13227=CARTESIAN_POINT('Origin',(-20.4445299411522,157.915261947238,-224.822915544395));
#13228=CARTESIAN_POINT('',(-19.8056383830878,157.145965140385,-221.247028224148));
#13229=CARTESIAN_POINT('Origin',(-20.4445299411522,157.915261947238,-221.247028224148));
#13230=CARTESIAN_POINT('',(-19.8056383830878,157.145965140385,-224.227078616399));
#13231=CARTESIAN_POINT('Origin',(-20.4445299411555,157.915261947235,-224.822915544395));
#13232=CARTESIAN_POINT('Origin',(-20.4445299411555,157.915261947235,-224.822915544395));
#13233=CARTESIAN_POINT('Origin',(3.86487361925824E-14,133.297764027892,
-224.822915544395));
#13234=CARTESIAN_POINT('',(-14.4535752184236,160.722099415808,-224.822915544395));
#13235=CARTESIAN_POINT('Origin',(3.86487361925824E-14,133.297764027892,
-224.822915544395));
#13236=CARTESIAN_POINT('Origin',(-14.9198195783522,161.606755392352,-224.822915544395));
#13237=CARTESIAN_POINT('Origin',(3.86487361925824E-14,133.297764027892,
-224.227078616399));
#13238=CARTESIAN_POINT('',(-14.4535752184236,160.722099415808,-221.247028224148));
#13239=CARTESIAN_POINT('Origin',(3.86487361925824E-14,133.297764027892,
-221.247028224148));
#13240=CARTESIAN_POINT('',(-14.4535752184236,160.722099415808,-224.227078616399));
#13241=CARTESIAN_POINT('Origin',(-24.6174979193462,153.742293969044,-224.227078616399));
#13242=CARTESIAN_POINT('Origin',(-24.6174979193462,153.742293969044,-224.822915544395));
#13243=CARTESIAN_POINT('Origin',(-24.6174979193462,153.742293969044,-221.247028224148));
#13244=CARTESIAN_POINT('Origin',(-24.6174979193462,153.742293969044,-224.822915544395));
#13245=CARTESIAN_POINT('Origin',(-14.9198195783522,161.606755392352,-224.227078616399));
#13246=CARTESIAN_POINT('Origin',(-14.9198195783522,161.606755392352,-224.822915544395));
#13247=CARTESIAN_POINT('Origin',(-14.9198195783522,161.606755392352,-221.247028224148));
#13248=CARTESIAN_POINT('Origin',(-14.9198195783522,161.606755392352,-224.822915544395));
#13249=CARTESIAN_POINT('Origin',(-2.95073395505525,165.161429502067,-224.227078616399));
#13250=CARTESIAN_POINT('',(-2.85852351933454,164.165689960046,-224.822915544395));
#13251=CARTESIAN_POINT('Origin',(-2.95073395505525,165.161429502067,-224.822915544395));
#13252=CARTESIAN_POINT('',(-2.85852351933454,164.165689960046,-221.247028224148));
#13253=CARTESIAN_POINT('',(-2.85852351933454,164.165689960046,-224.227078616399));
#13254=CARTESIAN_POINT('',(-1.95259915663338,165.222478041602,-221.247028224148));
#13255=CARTESIAN_POINT('Origin',(-2.95073395505525,165.161429502067,-221.247028224148));
#13256=CARTESIAN_POINT('',(-1.95259915663339,165.222478041602,-224.227078616399));
#13257=CARTESIAN_POINT('Origin',(-2.95073395505525,165.161429502067,-224.822915544395));
#13258=CARTESIAN_POINT('Origin',(-2.95073395505525,165.161429502067,-224.822915544395));
#13259=CARTESIAN_POINT('Origin',(-9.46757416442885,163.865149388186,-224.227078616399));
#13260=CARTESIAN_POINT('',(-9.17171247299292,162.909918599559,-224.822915544395));
#13261=CARTESIAN_POINT('Origin',(-9.46757416442885,163.865149388186,-224.822915544395));
#13262=CARTESIAN_POINT('',(-9.17171247299291,162.909918599559,-221.247028224148));
#13263=CARTESIAN_POINT('Origin',(-9.46757416442885,163.865149388186,-221.247028224148));
#13264=CARTESIAN_POINT('',(-9.17171247299291,162.909918599559,-224.227078616399));
#13265=CARTESIAN_POINT('Origin',(-9.46757416443362,163.865149388184,-224.822915544395));
#13266=CARTESIAN_POINT('Origin',(-9.46757416443362,163.865149388184,-224.822915544395));
#13267=CARTESIAN_POINT('Origin',(3.86487361925824E-14,133.297764027892,
-224.822915544395));
#13268=CARTESIAN_POINT('Origin',(3.86487361925824E-14,133.297764027892,
-224.822915544395));
#13269=CARTESIAN_POINT('Origin',(3.86487361925824E-14,133.297764027892,
-224.227078616399));
#13270=CARTESIAN_POINT('Origin',(3.86487361925824E-14,133.297764027892,
-221.247028224148));
#13271=CARTESIAN_POINT('Origin',(-22.5,155.797764027892,-221.717028224148));
#13272=CARTESIAN_POINT('',(-34.5753416429758,151.245628354151,-221.717028224148));
#13273=CARTESIAN_POINT('',(-33.9177387235812,149.836867965679,-221.717028224148));
#13274=CARTESIAN_POINT('Origin',(-34.816571217173,150.275160275061,-221.717028224148));
#13275=CARTESIAN_POINT('',(-37.7941364483902,152.045725252821,-221.717028224148));
#13276=CARTESIAN_POINT('',(-29.4218534257011,149.964624068621,-221.717028224148));
#13277=CARTESIAN_POINT('',(-39.0264250733362,151.20868115182,-221.717028224148));
#13278=CARTESIAN_POINT('Origin',(-38.0353660225875,151.075257173731,-221.717028224148));
#13279=CARTESIAN_POINT('',(-40.2607807704248,148.228682887116,-221.717028224148));
#13280=CARTESIAN_POINT('Origin',(-45.270097093053,152.049252213781,-221.717028224148));
#13281=CARTESIAN_POINT('',(-39.9813006873165,146.765443684068,-221.717028224148));
#13282=CARTESIAN_POINT('Origin',(-39.4656511954045,147.622243311455,-221.717028224148));
#13283=CARTESIAN_POINT('',(-37.1395151105038,145.055165992567,-221.717028224148));
#13284=CARTESIAN_POINT('',(-35.5600173237196,144.104573572593,-221.717028224148));
#13285=CARTESIAN_POINT('',(-35.6783756031162,145.586314532691,-221.717028224148));
#13286=CARTESIAN_POINT('Origin',(-36.6238656185918,145.911965619955,-221.717028224148));
#13287=CARTESIAN_POINT('Origin',(3.40878363990282E-14,133.297764027892,
-221.717028224148));
#13288=CARTESIAN_POINT('Origin',(-22.5,155.797764027892,-221.717028224148));
#13289=CARTESIAN_POINT('',(-17.9109171239286,172.324189101228,-221.717028224148));
#13290=CARTESIAN_POINT('',(-14.9309188592247,173.558544798316,-221.717028224148));
#13291=CARTESIAN_POINT('Origin',(-18.7514881858894,178.567861120945,-221.717028224148));
#13292=CARTESIAN_POINT('',(-18.7479612249296,171.091900476282,-221.717028224148));
#13293=CARTESIAN_POINT('Origin',(-17.7774931458396,171.333130050479,-221.717028224148));
#13294=CARTESIAN_POINT('',(-17.9478643262591,167.873105670867,-221.717028224148));
#13295=CARTESIAN_POINT('',(-17.0669084900647,164.3290148563,-221.717028224148));
#13296=CARTESIAN_POINT('',(-16.5391039377871,167.215502751473,-221.717028224148));
#13297=CARTESIAN_POINT('Origin',(-16.9773962471692,168.114335245065,-221.717028224148));
#13298=CARTESIAN_POINT('',(-12.2885505047995,168.976139631008,-221.717028224148));
#13299=CARTESIAN_POINT('Origin',(3.40878363990282E-14,133.297764027892,
-221.717028224148));
#13300=CARTESIAN_POINT('',(-11.7574019646759,170.437279138395,-221.717028224148));
#13301=CARTESIAN_POINT('Origin',(-12.6142015920632,169.921629646483,-221.717028224148));
#13302=CARTESIAN_POINT('',(-13.4676796561763,173.279064715208,-221.717028224148));
#13303=CARTESIAN_POINT('',(-9.9516706989511,167.436888563205,-221.717028224148));
#13304=CARTESIAN_POINT('Origin',(-14.3244792835636,172.763415223296,-221.717028224148));
#13305=CARTESIAN_POINT('Origin',(-22.5,155.797764027892,-221.717028224148));
#13306=CARTESIAN_POINT('Origin',(3.40878363990282E-14,133.297764027892,
-218.717028224148));
#13307=CARTESIAN_POINT('',(-16.5391039377871,167.215502751473,-218.717028224148));
#13308=CARTESIAN_POINT('',(-16.5391039377871,167.215502751473,-218.717028224148));
#13309=CARTESIAN_POINT('',(-12.2885505047995,168.976139631008,-218.717028224148));
#13310=CARTESIAN_POINT('Origin',(3.40878363990282E-14,133.297764027892,
-218.717028224148));
#13311=CARTESIAN_POINT('',(-12.2885505047995,168.976139631008,-218.717028224148));
#13312=CARTESIAN_POINT('Origin',(-16.9773962471692,168.114335245065,-218.717028224148));
#13313=CARTESIAN_POINT('',(-17.9478643262591,167.873105670867,-218.717028224148));
#13314=CARTESIAN_POINT('',(-17.9478643262591,167.873105670867,-218.717028224148));
#13315=CARTESIAN_POINT('Origin',(-16.9773962471692,168.114335245065,-218.717028224148));
#13316=CARTESIAN_POINT('Origin',(-18.7479612249296,171.091900476282,-218.717028224148));
#13317=CARTESIAN_POINT('',(-18.7479612249296,171.091900476282,-218.717028224148));
#13318=CARTESIAN_POINT('',(-18.7479612249296,171.091900476282,-218.717028224148));
#13319=CARTESIAN_POINT('',(-17.9478643262591,167.873105670867,-218.717028224148));
#13320=CARTESIAN_POINT('Origin',(-17.7774931458396,171.333130050479,-218.717028224148));
#13321=CARTESIAN_POINT('',(-17.9109171239286,172.324189101228,-218.717028224148));
#13322=CARTESIAN_POINT('',(-17.9109171239286,172.324189101228,-218.717028224148));
#13323=CARTESIAN_POINT('Origin',(-17.7774931458396,171.333130050479,-218.717028224148));
#13324=CARTESIAN_POINT('Origin',(-39.4656511954045,147.622243311455,-218.717028224148));
#13325=CARTESIAN_POINT('',(-40.2607807704248,148.228682887116,-218.717028224148));
#13326=CARTESIAN_POINT('',(-40.2607807704248,148.228682887116,-218.717028224148));
#13327=CARTESIAN_POINT('',(-39.9813006873165,146.765443684068,-218.717028224148));
#13328=CARTESIAN_POINT('Origin',(-39.4656511954045,147.622243311455,-218.717028224148));
#13329=CARTESIAN_POINT('',(-39.9813006873165,146.765443684068,-218.717028224148));
#13330=CARTESIAN_POINT('Origin',(-45.270097093053,152.049252213781,-218.717028224148));
#13331=CARTESIAN_POINT('',(-39.0264250733362,151.20868115182,-218.717028224148));
#13332=CARTESIAN_POINT('',(-39.0264250733362,151.20868115182,-218.717028224148));
#13333=CARTESIAN_POINT('Origin',(-45.270097093053,152.049252213781,-218.717028224148));
#13334=CARTESIAN_POINT('Origin',(-38.0353660225875,151.075257173731,-218.717028224148));
#13335=CARTESIAN_POINT('',(-37.7941364483902,152.045725252821,-218.717028224148));
#13336=CARTESIAN_POINT('',(-37.7941364483902,152.045725252821,-218.717028224148));
#13337=CARTESIAN_POINT('Origin',(-38.0353660225875,151.075257173731,-218.717028224148));
#13338=CARTESIAN_POINT('Origin',(-34.5753416429758,151.245628354151,-218.717028224148));
#13339=CARTESIAN_POINT('',(-34.5753416429758,151.245628354151,-218.717028224148));
#13340=CARTESIAN_POINT('',(-34.5753416429758,151.245628354151,-218.717028224148));
#13341=CARTESIAN_POINT('',(-34.5753416429758,151.245628354151,-218.717028224148));
#13342=CARTESIAN_POINT('Origin',(-18.7514881858894,178.567861120945,-218.717028224148));
#13343=CARTESIAN_POINT('',(-14.9309188592247,173.558544798316,-218.717028224148));
#13344=CARTESIAN_POINT('',(-14.9309188592247,173.558544798316,-218.717028224148));
#13345=CARTESIAN_POINT('Origin',(-18.7514881858894,178.567861120945,-218.717028224148));
#13346=CARTESIAN_POINT('Origin',(-14.3244792835636,172.763415223296,-218.717028224148));
#13347=CARTESIAN_POINT('',(-13.4676796561763,173.279064715208,-218.717028224148));
#13348=CARTESIAN_POINT('',(-13.4676796561763,173.279064715208,-218.717028224148));
#13349=CARTESIAN_POINT('Origin',(-14.3244792835636,172.763415223296,-218.717028224148));
#13350=CARTESIAN_POINT('Origin',(-11.7574019646759,170.437279138395,-218.717028224148));
#13351=CARTESIAN_POINT('',(-11.7574019646759,170.437279138395,-218.717028224148));
#13352=CARTESIAN_POINT('',(-11.7574019646759,170.437279138395,-218.717028224148));
#13353=CARTESIAN_POINT('',(-13.4676796561763,173.279064715208,-218.717028224148));
#13354=CARTESIAN_POINT('Origin',(-12.6142015920632,169.921629646483,-218.717028224148));
#13355=CARTESIAN_POINT('Origin',(-12.6142015920632,169.921629646483,-218.717028224148));
#13356=CARTESIAN_POINT('Origin',(-34.816571217173,150.275160275061,-218.717028224148));
#13357=CARTESIAN_POINT('',(-33.9177387235812,149.836867965679,-218.717028224148));
#13358=CARTESIAN_POINT('',(-33.9177387235812,149.836867965679,-218.717028224148));
#13359=CARTESIAN_POINT('Origin',(-34.816571217173,150.275160275061,-218.717028224148));
#13360=CARTESIAN_POINT('Origin',(3.40878363990282E-14,133.297764027892,
-218.717028224148));
#13361=CARTESIAN_POINT('',(-35.6783756031162,145.586314532691,-218.717028224148));
#13362=CARTESIAN_POINT('',(-35.6783756031162,145.586314532691,-218.717028224148));
#13363=CARTESIAN_POINT('Origin',(3.40878363990282E-14,133.297764027892,
-218.717028224148));
#13364=CARTESIAN_POINT('Origin',(-36.6238656185918,145.911965619955,-218.717028224148));
#13365=CARTESIAN_POINT('',(-37.1395151105038,145.055165992567,-218.717028224148));
#13366=CARTESIAN_POINT('',(-37.1395151105038,145.055165992567,-218.717028224148));
#13367=CARTESIAN_POINT('Origin',(-36.6238656185918,145.911965619955,-218.717028224148));
#13368=CARTESIAN_POINT('Origin',(-39.9813006873165,146.765443684068,-218.717028224148));
#13369=CARTESIAN_POINT('',(-39.9813006873165,146.765443684068,-218.717028224148));
#13370=CARTESIAN_POINT('Origin',(34.3052631640631,140.31487380953,-221.617028224148));
#13371=CARTESIAN_POINT('',(46.5584651402723,147.805957101547,-221.517028224148));
#13372=CARTESIAN_POINT('',(46.6615950386547,147.63459717607,-221.717028224148));
#13373=CARTESIAN_POINT('',(46.5584651402723,147.805957101547,-221.517028224148));
#13374=CARTESIAN_POINT('',(38.4644195563268,142.934700906442,-221.517028224148));
#13375=CARTESIAN_POINT('',(34.2536982148719,140.400553772269,-221.517028224148));
#13376=CARTESIAN_POINT('',(38.5675494547092,142.763340980965,-221.717028224148));
#13377=CARTESIAN_POINT('',(38.5675494547092,142.763340980965,-221.717028224148));
#13378=CARTESIAN_POINT('',(34.3568281132543,140.229193846792,-221.717028224148));
#13379=CARTESIAN_POINT('Origin',(40.5270175239746,139.507502396893,-221.617028224148));
#13380=CARTESIAN_POINT('',(36.573162155782,138.901674263332,-221.517028224148));
#13381=CARTESIAN_POINT('Origin',(40.5270175239746,139.507502396893,-221.517028224148));
#13382=CARTESIAN_POINT('',(36.7708549241916,138.93196567001,-221.717028224148));
#13383=CARTESIAN_POINT('',(36.7708549241916,138.93196567001,-221.717028224148));
#13384=CARTESIAN_POINT('Origin',(40.5270175239746,139.507502396893,-221.717028224148));
#13385=CARTESIAN_POINT('Ctrl Pts',(47.4873899082745,148.365013816016,-221.517028224148));
#13386=CARTESIAN_POINT('Ctrl Pts',(47.1777483189404,148.17866157786,-221.517028224148));
#13387=CARTESIAN_POINT('Ctrl Pts',(46.8681067296064,147.992309339703,-221.517028224148));
#13388=CARTESIAN_POINT('Ctrl Pts',(46.5584651402723,147.805957101547,-221.517028224148));
#13389=CARTESIAN_POINT('Ctrl Pts',(47.5217665410687,148.307893840857,-221.583694890814));
#13390=CARTESIAN_POINT('Ctrl Pts',(47.2121249517346,148.1215416027,-221.583694890814));
#13391=CARTESIAN_POINT('Ctrl Pts',(46.9024833624005,147.935189364544,-221.583694890814));
#13392=CARTESIAN_POINT('Ctrl Pts',(46.5928417730664,147.748837126388,-221.583694890814));
#13393=CARTESIAN_POINT('Ctrl Pts',(47.5561431738628,148.250773865697,-221.650361557481));
#13394=CARTESIAN_POINT('Ctrl Pts',(47.2465015845287,148.064421627541,-221.650361557481));
#13395=CARTESIAN_POINT('Ctrl Pts',(46.9368599951946,147.878069389385,-221.650361557481));
#13396=CARTESIAN_POINT('Ctrl Pts',(46.6272184058606,147.691717151229,-221.650361557481));
#13397=CARTESIAN_POINT('Ctrl Pts',(47.5905198066569,148.193653890538,-221.717028224148));
#13398=CARTESIAN_POINT('Ctrl Pts',(47.2808782173228,148.007301652382,-221.717028224148));
#13399=CARTESIAN_POINT('Ctrl Pts',(46.9712366279888,147.820949414226,-221.717028224148));
#13400=CARTESIAN_POINT('Ctrl Pts',(46.6615950386547,147.63459717607,-221.717028224148));
#13401=CARTESIAN_POINT('',(47.4947408132729,148.35279960314,-221.531283847616));
#13402=CARTESIAN_POINT('Ctrl Pts',(47.4947408104764,148.352799606193,-221.531283843558));
#13403=CARTESIAN_POINT('Ctrl Pts',(47.4080201318916,148.287875976408,-221.542192911516));
#13404=CARTESIAN_POINT('Ctrl Pts',(47.3228138498164,148.221337352036,-221.555266604025));
#13405=CARTESIAN_POINT('Ctrl Pts',(47.2391577319042,148.153247714409,-221.570468545476));
#13406=CARTESIAN_POINT('Ctrl Pts',(47.1533114702903,148.083375468471,-221.586068478577));
#13407=CARTESIAN_POINT('Ctrl Pts',(47.0691986558304,148.011952195492,-221.603891182212));
#13408=CARTESIAN_POINT('Ctrl Pts',(46.9868458965303,147.939058097728,-221.623881659524));
#13409=CARTESIAN_POINT('Ctrl Pts',(46.87501867106,147.840074836263,-221.651026829069));
#13410=CARTESIAN_POINT('Ctrl Pts',(46.7665891789626,147.73851443932,-221.682132126819));
#13411=CARTESIAN_POINT('Ctrl Pts',(46.6615950386547,147.63459717607,-221.717028224148));
#13412=CARTESIAN_POINT('',(47.4873899082745,148.365013816016,-221.517028224148));
#13413=CARTESIAN_POINT('',(47.4873899082745,148.365013816016,-221.517028224148));
#13414=CARTESIAN_POINT('Ctrl Pts',(46.5584651402723,147.805957101547,-221.517028224148));
#13415=CARTESIAN_POINT('Ctrl Pts',(46.8681067296064,147.992309339703,-221.517028224148));
#13416=CARTESIAN_POINT('Ctrl Pts',(47.1777483189404,148.17866157786,-221.517028224148));
#13417=CARTESIAN_POINT('Ctrl Pts',(47.4873899082745,148.365013816016,-221.517028224148));
#13418=CARTESIAN_POINT('Origin',(45.2700970930531,152.049252213781,-221.617028224148));
#13419=CARTESIAN_POINT('',(47.7239350944803,148.518150535444,-221.517028224148));
#13420=CARTESIAN_POINT('Ctrl Pts',(47.4947408132729,148.35279960314,-221.531283847616));
#13421=CARTESIAN_POINT('Ctrl Pts',(47.5702010013549,148.409293043235,-221.521791296837));
#13422=CARTESIAN_POINT('Ctrl Pts',(47.6466882516802,148.464470053934,-221.517028224148));
#13423=CARTESIAN_POINT('Ctrl Pts',(47.7239350944804,148.518150535444,-221.517028224148));
#13424=CARTESIAN_POINT('Origin',(45.2700970930531,152.049252213781,-221.517028224148));
#13425=CARTESIAN_POINT('Origin',(45.2700970930531,152.049252213781,-218.717028224148));
#13426=CARTESIAN_POINT('',(47.7239350944803,148.518150535444,-222.517028224148));
#13427=CARTESIAN_POINT('',(47.7239350944803,148.518150535444,-218.717028224148));
#13428=CARTESIAN_POINT('',(44.5083566419845,156.281243646334,-222.517028224148));
#13429=CARTESIAN_POINT('Origin',(45.2700970930531,152.049252213781,-222.517028224148));
#13430=CARTESIAN_POINT('',(44.5083566419845,156.281243646334,-221.517028224148));
#13431=CARTESIAN_POINT('',(44.5083566419845,156.281243646334,-218.717028224148));
#13432=CARTESIAN_POINT('',(44.2328099240047,156.222264953868,-221.517028224148));
#13433=CARTESIAN_POINT('Origin',(45.2700970930531,152.049252213781,-221.517028224148));
#13434=CARTESIAN_POINT('',(44.2328099240047,156.222264953868,-218.717028224148));
#13435=CARTESIAN_POINT('',(44.2328099240047,156.222264953868,-218.717028224148));
#13436=CARTESIAN_POINT('',(47.4873899082745,148.365013816016,-218.717028224148));
#13437=CARTESIAN_POINT('Origin',(45.2700970930531,152.049252213781,-218.717028224148));
#13438=CARTESIAN_POINT('',(47.4873899082745,148.365013816016,-218.717028224148));
#13439=CARTESIAN_POINT('Origin',(36.0795387398414,141.499403151889,-218.717028224148));
#13440=CARTESIAN_POINT('',(38.4644195563268,142.934700906442,-218.717028224148));
#13441=CARTESIAN_POINT('',(47.4873899082745,148.365013816016,-218.717028224148));
#13442=CARTESIAN_POINT('',(38.4644195563268,142.934700906442,-220.467028224148));
#13443=CARTESIAN_POINT('Origin',(6.20973836900198,173.824781551866,-221.617028224148));
#13444=CARTESIAN_POINT('',(5.60391023544082,169.870926183673,-221.517028224148));
#13445=CARTESIAN_POINT('',(5.63420164211888,170.068618952083,-221.717028224148));
#13446=CARTESIAN_POINT('',(5.60391023544082,169.870926183673,-221.517028224148));
#13447=CARTESIAN_POINT('',(9.63693687855099,171.762183584218,-221.517028224148));
#13448=CARTESIAN_POINT('Origin',(6.20973836900198,173.824781551866,-221.517028224148));
#13449=CARTESIAN_POINT('',(9.46557695307354,171.865313482601,-221.717028224148));
#13450=CARTESIAN_POINT('',(9.46557695307354,171.865313482601,-221.717028224148));
#13451=CARTESIAN_POINT('Origin',(6.20973836900198,173.824781551866,-221.717028224148));
#13452=CARTESIAN_POINT('Origin',(10.4499151137025,173.306952776171,-221.617028224148));
#13453=CARTESIAN_POINT('',(14.3368331481785,179.959359066546,-221.717028224148));
#13454=CARTESIAN_POINT('',(14.508193073656,179.856229168164,-221.517028224148));
#13455=CARTESIAN_POINT('',(14.3368331481785,179.959359066546,-221.717028224148));
#13456=CARTESIAN_POINT('',(10.3642351509637,173.358517725362,-221.717028224148));
#13457=CARTESIAN_POINT('',(10.5355950764412,173.25538782698,-221.517028224148));
#13458=CARTESIAN_POINT('Origin',(2.95269366054739E-14,133.297764027892,
-221.617028224148));
#13459=CARTESIAN_POINT('Origin',(3.86487361925824E-14,133.297764027892,
-221.717028224148));
#13460=CARTESIAN_POINT('Origin',(2.95269366054739E-14,133.297764027892,
-221.517028224148));
#13461=CARTESIAN_POINT('Ctrl Pts',(14.8958898626468,180.888283834548,-221.717028224148));
#13462=CARTESIAN_POINT('Ctrl Pts',(14.7095376244907,180.578642245214,-221.717028224148));
#13463=CARTESIAN_POINT('Ctrl Pts',(14.5231853863346,180.26900065588,-221.717028224148));
#13464=CARTESIAN_POINT('Ctrl Pts',(14.3368331481785,179.959359066546,-221.717028224148));
#13465=CARTESIAN_POINT('Ctrl Pts',(14.953009837806,180.853907201754,-221.650361557481));
#13466=CARTESIAN_POINT('Ctrl Pts',(14.7666575996499,180.54426561242,-221.650361557481));
#13467=CARTESIAN_POINT('Ctrl Pts',(14.5803053614938,180.234624023086,-221.650361557481));
#13468=CARTESIAN_POINT('Ctrl Pts',(14.3939531233377,179.924982433752,-221.650361557481));
#13469=CARTESIAN_POINT('Ctrl Pts',(15.0101298129651,180.81953056896,-221.583694890814));
#13470=CARTESIAN_POINT('Ctrl Pts',(14.823777574809,180.509888979626,-221.583694890814));
#13471=CARTESIAN_POINT('Ctrl Pts',(14.6374253366529,180.200247390292,-221.583694890814));
#13472=CARTESIAN_POINT('Ctrl Pts',(14.4510730984968,179.890605800958,-221.583694890814));
#13473=CARTESIAN_POINT('Ctrl Pts',(15.0672497881243,180.785153936166,-221.517028224148));
#13474=CARTESIAN_POINT('Ctrl Pts',(14.8808975499682,180.475512346832,-221.517028224148));
#13475=CARTESIAN_POINT('Ctrl Pts',(14.6945453118121,180.165870757498,-221.517028224148));
#13476=CARTESIAN_POINT('Ctrl Pts',(14.508193073656,179.856229168164,-221.517028224148));
#13477=CARTESIAN_POINT('',(15.0550355752483,180.792504841164,-221.531283847616));
#13478=CARTESIAN_POINT('Ctrl Pts',(14.3368331481785,179.959359066546,-221.717028224148));
#13479=CARTESIAN_POINT('Ctrl Pts',(14.4146046709306,180.037936522461,-221.69091203765));
#13480=CARTESIAN_POINT('Ctrl Pts',(14.4910671633927,180.118449285687,-221.66691536805));
#13481=CARTESIAN_POINT('Ctrl Pts',(14.5661271185437,180.200883216326,-221.645111040895));
#13482=CARTESIAN_POINT('Ctrl Pts',(14.6807795782239,180.326799264235,-221.61180540229));
#13483=CARTESIAN_POINT('Ctrl Pts',(14.7919655672176,180.456984652709,-221.58367131777));
#13484=CARTESIAN_POINT('Ctrl Pts',(14.8993841629994,180.591342694901,-221.560916761121));
#13485=CARTESIAN_POINT('Ctrl Pts',(14.9522443111197,180.657459608455,-221.549719358788));
#13486=CARTESIAN_POINT('Ctrl Pts',(15.0041382432237,180.724519559407,-221.539836086734));
#13487=CARTESIAN_POINT('Ctrl Pts',(15.0550355766683,180.792504839864,-221.531283845729));
#13488=CARTESIAN_POINT('',(15.0672497881243,180.785153936166,-221.517028224148));
#13489=CARTESIAN_POINT('Ctrl Pts',(15.0672497881243,180.785153936166,-221.517028224148));
#13490=CARTESIAN_POINT('Ctrl Pts',(14.8808975499682,180.475512346832,-221.517028224148));
#13491=CARTESIAN_POINT('Ctrl Pts',(14.6945453118121,180.165870757498,-221.517028224148));
#13492=CARTESIAN_POINT('Ctrl Pts',(14.508193073656,179.856229168164,-221.517028224148));
#13493=CARTESIAN_POINT('',(14.8958898626468,180.888283834548,-221.717028224148));
#13494=CARTESIAN_POINT('Origin',(18.7514881858894,178.567861120945,-221.617028224148));
#13495=CARTESIAN_POINT('',(15.2203865075528,181.021699122372,-221.517028224148));
#13496=CARTESIAN_POINT('Ctrl Pts',(15.2203865075528,181.021699122372,-221.517028224148));
#13497=CARTESIAN_POINT('Ctrl Pts',(15.166706026043,180.944452279572,-221.517028224148));
#13498=CARTESIAN_POINT('Ctrl Pts',(15.1115290153433,180.867965029246,-221.521791296837));
#13499=CARTESIAN_POINT('Ctrl Pts',(15.0550355752483,180.792504841164,-221.531283847616));
#13500=CARTESIAN_POINT('Origin',(18.7514881858894,178.567861120945,-221.517028224148));
#13501=CARTESIAN_POINT('Origin',(15.0672497881243,180.785153936166,-218.717028224148));
#13502=CARTESIAN_POINT('',(9.63693687855099,171.762183584218,-218.717028224148));
#13503=CARTESIAN_POINT('',(9.63693687855099,171.762183584218,-220.467028224148));
#13504=CARTESIAN_POINT('',(15.0672497881243,180.785153936166,-218.717028224148));
#13505=CARTESIAN_POINT('',(15.0672497881243,180.785153936166,-218.717028224148));
#13506=CARTESIAN_POINT('',(15.0672497881243,180.785153936166,-218.717028224148));
#13507=CARTESIAN_POINT('Origin',(18.7514881858894,178.567861120945,-218.717028224148));
#13508=CARTESIAN_POINT('',(22.9245009259764,177.530573951896,-218.717028224148));
#13509=CARTESIAN_POINT('Origin',(18.7514881858894,178.567861120945,-218.717028224148));
#13510=CARTESIAN_POINT('',(22.9245009259764,177.530573951896,-221.517028224148));
#13511=CARTESIAN_POINT('',(22.9245009259764,177.530573951896,-218.717028224148));
#13512=CARTESIAN_POINT('',(22.9834796184429,177.806120669876,-221.517028224148));
#13513=CARTESIAN_POINT('Origin',(18.7514881858894,178.567861120945,-221.517028224148));
#13514=CARTESIAN_POINT('',(22.9834796184429,177.806120669876,-222.517028224148));
#13515=CARTESIAN_POINT('',(22.9834796184429,177.806120669876,-218.717028224148));
#13516=CARTESIAN_POINT('',(15.2203865075528,181.021699122372,-222.517028224148));
#13517=CARTESIAN_POINT('Origin',(18.7514881858894,178.567861120945,-222.517028224148));
#13518=CARTESIAN_POINT('',(15.2203865075528,181.021699122372,-218.717028224148));
#13519=CARTESIAN_POINT('Origin',(22.5,155.797764027892,-221.717028224148));
#13520=CARTESIAN_POINT('',(7.34509953931679,177.694267412252,-221.717028224148));
#13521=CARTESIAN_POINT('Origin',(8.6508950129731,185.586979125027,-221.717028224148));
#13522=CARTESIAN_POINT('Origin',(3.40878363990282E-14,133.297764027892,
-221.717028224148));
#13523=CARTESIAN_POINT('Origin',(33.9249276410493,153.763074275251,-221.617028224148));
#13524=CARTESIAN_POINT('',(43.1324022126304,156.154822360888,-221.717028224148));
#13525=CARTESIAN_POINT('',(43.1806481274699,155.96072874507,-221.517028224148));
#13526=CARTESIAN_POINT('',(43.1324022126304,156.154822360888,-221.717028224148));
#13527=CARTESIAN_POINT('',(33.9645494045338,153.875966129702,-221.717028224148));
#13528=CARTESIAN_POINT('',(33.9008046836296,153.86012108316,-221.717028224148));
#13529=CARTESIAN_POINT('',(34.0127953193733,153.681872513884,-221.517028224148));
#13530=CARTESIAN_POINT('',(34.0127953193733,153.681872513884,-221.517028224148));
#13531=CARTESIAN_POINT('',(33.949050598469,153.666027467342,-221.517028224148));
#13532=CARTESIAN_POINT('Origin',(33.0478770225841,157.563744830244,-221.617028224148));
#13533=CARTESIAN_POINT('',(29.8236938984296,155.196332069039,-221.517028224148));
#13534=CARTESIAN_POINT('',(29.9849030546373,155.314702707099,-221.717028224148));
#13535=CARTESIAN_POINT('',(29.8236938984296,155.196332069039,-221.517028224148));
#13536=CARTESIAN_POINT('Origin',(33.0478770225841,157.563744830244,-221.517028224148));
#13537=CARTESIAN_POINT('Origin',(33.0478770225841,157.563744830244,-221.717028224148));
#13538=CARTESIAN_POINT('Origin',(2.95269366054739E-14,133.297764027892,
-221.617028224148));
#13539=CARTESIAN_POINT('',(22.016938679208,163.282667082529,-221.717028224148));
#13540=CARTESIAN_POINT('Origin',(2.95269366054739E-14,133.297764027892,
-221.717028224148));
#13541=CARTESIAN_POINT('',(21.8985680411478,163.121457926321,-221.517028224148));
#13542=CARTESIAN_POINT('',(21.8985680411478,163.121457926321,-221.517028224148));
#13543=CARTESIAN_POINT('Origin',(2.95269366054739E-14,133.297764027892,
-221.517028224148));
#13544=CARTESIAN_POINT('Origin',(24.265980802353,166.345641050476,-221.617028224148));
#13545=CARTESIAN_POINT('',(20.384108485993,167.310559347265,-221.517028224148));
#13546=CARTESIAN_POINT('',(20.578202101811,167.262313432425,-221.717028224148));
#13547=CARTESIAN_POINT('',(20.384108485993,167.310559347265,-221.517028224148));
#13548=CARTESIAN_POINT('Origin',(24.265980802353,166.345641050476,-221.517028224148));
#13549=CARTESIAN_POINT('Origin',(24.265980802353,166.345641050476,-221.717028224148));
#13550=CARTESIAN_POINT('Origin',(18.8593857161721,160.762047280162,-221.617028224148));
#13551=CARTESIAN_POINT('',(22.6629647171783,176.478412155361,-221.517028224148));
#13552=CARTESIAN_POINT('',(22.8570583329963,176.430166240522,-221.717028224148));
#13553=CARTESIAN_POINT('',(22.6629647171783,176.478412155361,-221.517028224148));
#13554=CARTESIAN_POINT('',(18.7623389082631,160.786170237582,-221.517028224148));
#13555=CARTESIAN_POINT('',(18.9564325240811,160.737924322743,-221.717028224148));
#13556=CARTESIAN_POINT('Ctrl Pts',(43.1806481274699,155.96072874507,-221.517028224148));
#13557=CARTESIAN_POINT('Ctrl Pts',(43.5313687263148,156.047907481336,-221.517028224148));
#13558=CARTESIAN_POINT('Ctrl Pts',(43.8820893251598,156.135086217602,-221.517028224148));
#13559=CARTESIAN_POINT('Ctrl Pts',(44.2328099240047,156.222264953868,-221.517028224148));
#13560=CARTESIAN_POINT('Ctrl Pts',(43.1645661558567,156.025426617009,-221.583694890814));
#13561=CARTESIAN_POINT('Ctrl Pts',(43.5152867547017,156.112605353275,-221.583694890814));
#13562=CARTESIAN_POINT('Ctrl Pts',(43.8660073535466,156.199784089541,-221.583694890814));
#13563=CARTESIAN_POINT('Ctrl Pts',(44.2167279523916,156.286962825807,-221.583694890814));
#13564=CARTESIAN_POINT('Ctrl Pts',(43.1484841842435,156.090124488948,-221.650361557481));
#13565=CARTESIAN_POINT('Ctrl Pts',(43.4992047830885,156.177303225214,-221.650361557481));
#13566=CARTESIAN_POINT('Ctrl Pts',(43.8499253819335,156.26448196148,-221.650361557481));
#13567=CARTESIAN_POINT('Ctrl Pts',(44.2006459807784,156.351660697746,-221.650361557481));
#13568=CARTESIAN_POINT('Ctrl Pts',(43.1324022126304,156.154822360888,-221.717028224148));
#13569=CARTESIAN_POINT('Ctrl Pts',(43.4831228114754,156.242001097154,-221.717028224148));
#13570=CARTESIAN_POINT('Ctrl Pts',(43.8338434103203,156.32917983342,-221.717028224148));
#13571=CARTESIAN_POINT('Ctrl Pts',(44.1845640091653,156.416358569686,-221.717028224148));
#13572=CARTESIAN_POINT('',(44.2293710460255,156.236099581391,-221.531283847616));
#13573=CARTESIAN_POINT('Ctrl Pts',(43.1324022126304,156.154822360888,-221.717028224148));
#13574=CARTESIAN_POINT('Ctrl Pts',(43.2672945928745,156.155517691574,-221.685162988934));
#13575=CARTESIAN_POINT('Ctrl Pts',(43.4028310191292,156.159628219531,-221.656456730711));
#13576=CARTESIAN_POINT('Ctrl Pts',(43.5388728396299,156.167253541712,-221.631039552048));
#13577=CARTESIAN_POINT('Ctrl Pts',(43.7686478012217,156.180132729191,-221.588109876236));
#13578=CARTESIAN_POINT('Ctrl Pts',(43.9990450185447,156.202992872679,-221.554716293143));
#13579=CARTESIAN_POINT('Ctrl Pts',(44.2293710460255,156.236099581391,-221.531283847616));
#13580=CARTESIAN_POINT('Ctrl Pts',(44.2328099240047,156.222264953868,-221.517028224148));
#13581=CARTESIAN_POINT('Ctrl Pts',(43.8820893251598,156.135086217602,-221.517028224148));
#13582=CARTESIAN_POINT('Ctrl Pts',(43.5313687263148,156.047907481336,-221.517028224148));
#13583=CARTESIAN_POINT('Ctrl Pts',(43.1806481274699,155.96072874507,-221.517028224148));
#13584=CARTESIAN_POINT('',(44.1845640091653,156.416358569686,-221.717028224148));
#13585=CARTESIAN_POINT('Origin',(45.2700970930531,152.049252213781,-221.617028224148));
#13586=CARTESIAN_POINT('Ctrl Pts',(44.5083566419845,156.281243646334,-221.517028224148));
#13587=CARTESIAN_POINT('Ctrl Pts',(44.4157770431223,156.264579712458,-221.517028224148));
#13588=CARTESIAN_POINT('Ctrl Pts',(44.3226763513117,156.24951109751,-221.521791296837));
#13589=CARTESIAN_POINT('Ctrl Pts',(44.2293710460255,156.236099581391,-221.531283847616));
#13590=CARTESIAN_POINT('Ctrl Pts',(22.9245009259764,177.530573951896,-221.517028224148));
#13591=CARTESIAN_POINT('Ctrl Pts',(22.8373221897103,177.179853353051,-221.517028224148));
#13592=CARTESIAN_POINT('Ctrl Pts',(22.7501434534443,176.829132754206,-221.517028224148));
#13593=CARTESIAN_POINT('Ctrl Pts',(22.6629647171783,176.478412155361,-221.517028224148));
#13594=CARTESIAN_POINT('Ctrl Pts',(22.9891987979157,177.514491980283,-221.583694890814));
#13595=CARTESIAN_POINT('Ctrl Pts',(22.9020200616497,177.163771381438,-221.583694890814));
#13596=CARTESIAN_POINT('Ctrl Pts',(22.8148413253836,176.813050782593,-221.583694890814));
#13597=CARTESIAN_POINT('Ctrl Pts',(22.7276625891176,176.462330183748,-221.583694890814));
#13598=CARTESIAN_POINT('Ctrl Pts',(23.053896669855,177.49841000867,-221.650361557481));
#13599=CARTESIAN_POINT('Ctrl Pts',(22.966717933589,177.147689409825,-221.650361557481));
#13600=CARTESIAN_POINT('Ctrl Pts',(22.879539197323,176.79696881098,-221.650361557481));
#13601=CARTESIAN_POINT('Ctrl Pts',(22.7923604610569,176.446248212135,-221.650361557481));
#13602=CARTESIAN_POINT('Ctrl Pts',(23.1185945417944,177.482328037057,-221.717028224148));
#13603=CARTESIAN_POINT('Ctrl Pts',(23.0314158055283,177.131607438212,-221.717028224148));
#13604=CARTESIAN_POINT('Ctrl Pts',(22.9442370692623,176.780886839367,-221.717028224148));
#13605=CARTESIAN_POINT('Ctrl Pts',(22.8570583329963,176.430166240522,-221.717028224148));
#13606=CARTESIAN_POINT('',(22.9383355535,177.527135073917,-221.531283847616));
#13607=CARTESIAN_POINT('Ctrl Pts',(22.9383355535,177.527135073917,-221.531283847616));
#13608=CARTESIAN_POINT('Ctrl Pts',(22.9082229095044,177.317638794041,-221.552597186232));
#13609=CARTESIAN_POINT('Ctrl Pts',(22.8865822882861,177.108048582135,-221.582155011702));
#13610=CARTESIAN_POINT('Ctrl Pts',(22.8732221786182,176.898887291322,-221.619645340857));
#13611=CARTESIAN_POINT('Ctrl Pts',(22.8631979023435,176.741950663014,-221.647774856739));
#13612=CARTESIAN_POINT('Ctrl Pts',(22.8578597515246,176.585639391672,-221.680301253196));
#13613=CARTESIAN_POINT('Ctrl Pts',(22.8570583329963,176.430166240522,-221.717028224148));
#13614=CARTESIAN_POINT('',(22.9245009259764,177.530573951896,-221.517028224148));
#13615=CARTESIAN_POINT('Ctrl Pts',(22.6629647171783,176.478412155361,-221.517028224148));
#13616=CARTESIAN_POINT('Ctrl Pts',(22.7501434534443,176.829132754206,-221.517028224148));
#13617=CARTESIAN_POINT('Ctrl Pts',(22.8373221897103,177.179853353051,-221.517028224148));
#13618=CARTESIAN_POINT('Ctrl Pts',(22.9245009259764,177.530573951896,-221.517028224148));
#13619=CARTESIAN_POINT('Origin',(18.7514881858894,178.567861120945,-221.617028224148));
#13620=CARTESIAN_POINT('Ctrl Pts',(22.9383355535,177.527135073917,-221.531283847616));
#13621=CARTESIAN_POINT('Ctrl Pts',(22.9517470696187,177.620440379203,-221.521791296837));
#13622=CARTESIAN_POINT('Ctrl Pts',(22.9668156845666,177.713541071014,-221.517028224148));
#13623=CARTESIAN_POINT('Ctrl Pts',(22.9834796184429,177.806120669876,-221.517028224148));
#13624=CARTESIAN_POINT('Origin',(19.7126518636012,164.60928517434,-218.717028224148));
#13625=CARTESIAN_POINT('',(20.384108485993,167.310559347265,-218.717028224148));
#13626=CARTESIAN_POINT('',(22.9245009259764,177.530573951896,-218.717028224148));
#13627=CARTESIAN_POINT('',(20.384108485993,167.310559347265,-220.467028224148));
#13628=CARTESIAN_POINT('Origin',(24.265980802353,166.345641050476,-220.467028224148));
#13629=CARTESIAN_POINT('',(21.8985680411478,163.121457926321,-218.717028224148));
#13630=CARTESIAN_POINT('Origin',(24.265980802353,166.345641050476,-218.717028224148));
#13631=CARTESIAN_POINT('',(21.8985680411478,163.121457926321,-220.467028224148));
#13632=CARTESIAN_POINT('Origin',(2.95269366054739E-14,133.297764027892,
-220.467028224148));
#13633=CARTESIAN_POINT('',(29.8236938984296,155.196332069039,-218.717028224148));
#13634=CARTESIAN_POINT('Origin',(4.29696205960294E-14,133.297764027892,
-218.717028224148));
#13635=CARTESIAN_POINT('',(29.8236938984296,155.196332069039,-220.467028224148));
#13636=CARTESIAN_POINT('Origin',(33.0478770225841,157.563744830244,-220.467028224148));
#13637=CARTESIAN_POINT('',(34.0127953193733,153.681872513884,-218.717028224148));
#13638=CARTESIAN_POINT('Origin',(33.0478770225841,157.563744830244,-218.717028224148));
#13639=CARTESIAN_POINT('',(34.0127953193733,153.681872513884,-220.467028224148));
#13640=CARTESIAN_POINT('Origin',(18.7514881858894,178.567861120945,-222.617028224148));
#13641=CARTESIAN_POINT('',(15.3846237949173,180.907567122305,-222.717028224148));
#13642=CARTESIAN_POINT('',(15.2203865075528,181.021699122372,-222.517028224148));
#13643=CARTESIAN_POINT('',(22.7866428076264,177.841550458298,-222.717028224148));
#13644=CARTESIAN_POINT('',(22.7866428076264,177.841550458298,-222.717028224148));
#13645=CARTESIAN_POINT('Origin',(18.7514881858894,178.567861120945,-222.717028224148));
#13646=CARTESIAN_POINT('Origin',(30.8569520511005,176.388929133004,-222.617028224148));
#13647=CARTESIAN_POINT('',(26.1992989113117,169.884602324685,-222.517028224148));
#13648=CARTESIAN_POINT('Origin',(30.8569520511005,176.388929133004,-222.517028224148));
#13649=CARTESIAN_POINT('',(26.082857582817,169.721994154477,-222.717028224148));
#13650=CARTESIAN_POINT('',(26.082857582817,169.721994154477,-222.717028224148));
#13651=CARTESIAN_POINT('Origin',(30.8569520511005,176.388929133004,-222.717028224148));
#13652=CARTESIAN_POINT('Origin',(8.6508950129731,185.586979125027,-222.617028224148));
#13653=CARTESIAN_POINT('',(7.31245465247538,177.496949619433,-222.717028224148));
#13654=CARTESIAN_POINT('Origin',(8.6508950129731,185.586979125027,-222.717028224148));
#13655=CARTESIAN_POINT('',(7.34509953931679,177.694267412252,-222.517028224148));
#13656=CARTESIAN_POINT('',(7.34509953931679,177.694267412252,-222.517028224148));
#13657=CARTESIAN_POINT('Origin',(8.6508950129731,185.586979125027,-222.517028224148));
#13658=CARTESIAN_POINT('Origin',(3.40878363990282E-14,133.297764027892,
-222.617028224148));
#13659=CARTESIAN_POINT('',(36.4242301265859,159.380621610708,-222.717028224148));
#13660=CARTESIAN_POINT('',(36.5868382967939,159.497062939203,-222.517028224148));
#13661=CARTESIAN_POINT('',(36.4242301265859,159.380621610708,-222.717028224148));
#13662=CARTESIAN_POINT('Origin',(3.40878363990282E-14,133.297764027892,
-222.717028224148));
#13663=CARTESIAN_POINT('Origin',(3.40878363990282E-14,133.297764027892,
-222.517028224148));
#13664=CARTESIAN_POINT('Origin',(3.40878363990282E-14,133.297764027892,
-222.617028224148));
#13665=CARTESIAN_POINT('Origin',(3.40878363990282E-14,133.297764027892,
-222.717028224148));
#13666=CARTESIAN_POINT('Origin',(3.40878363990282E-14,133.297764027892,
-222.517028224148));
#13667=CARTESIAN_POINT('Origin',(43.0911651051128,164.154716078992,-222.617028224148));
#13668=CARTESIAN_POINT('',(44.5437864304063,156.084406835518,-222.717028224148));
#13669=CARTESIAN_POINT('',(44.5437864304063,156.084406835518,-222.717028224148));
#13670=CARTESIAN_POINT('Origin',(43.0911651051128,164.154716078992,-222.717028224148));
#13671=CARTESIAN_POINT('Origin',(43.0911651051128,164.154716078992,-222.517028224148));
#13672=CARTESIAN_POINT('Origin',(45.2700970930531,152.049252213781,-222.617028224148));
#13673=CARTESIAN_POINT('',(47.6098030944139,148.682387822809,-222.717028224148));
#13674=CARTESIAN_POINT('',(47.6098030944139,148.682387822809,-222.717028224148));
#13675=CARTESIAN_POINT('Origin',(45.2700970930531,152.049252213781,-222.717028224148));
#13676=CARTESIAN_POINT('Origin',(52.2892150971357,141.948659040865,-222.617028224148));
#13677=CARTESIAN_POINT('',(44.3965033843605,140.642863567208,-222.517028224148));
#13678=CARTESIAN_POINT('Origin',(52.2892150971357,141.948659040865,-222.517028224148));
#13679=CARTESIAN_POINT('',(44.1991855915411,140.610218680367,-222.717028224148));
#13680=CARTESIAN_POINT('',(44.1991855915411,140.610218680367,-222.717028224148));
#13681=CARTESIAN_POINT('Origin',(52.2892150971357,141.948659040865,-222.717028224148));
#13682=CARTESIAN_POINT('Origin',(3.40878363990282E-14,133.297764027892,
-222.717028224148));
#13683=CARTESIAN_POINT('',(7.34509953931679,177.694267412252,-218.717028224148));
#13684=CARTESIAN_POINT('Origin',(8.6508950129731,185.586979125027,-218.717028224148));
#13685=CARTESIAN_POINT('Origin',(30.8569520511005,176.388929133004,-218.717028224148));
#13686=CARTESIAN_POINT('',(26.1992989113117,169.884602324685,-221.717028224148));
#13687=CARTESIAN_POINT('Origin',(30.8569520511005,176.388929133004,-221.717028224148));
#13688=CARTESIAN_POINT('',(26.1992989113117,169.884602324685,-218.717028224148));
#13689=CARTESIAN_POINT('Origin',(3.40878363990282E-14,133.297764027892,
-222.717028224148));
#13690=CARTESIAN_POINT('',(36.5868382967939,159.497062939203,-221.717028224148));
#13691=CARTESIAN_POINT('Origin',(3.40878363990282E-14,133.297764027892,
-221.717028224148));
#13692=CARTESIAN_POINT('',(36.5868382967939,159.497062939203,-218.717028224148));
#13693=CARTESIAN_POINT('Origin',(43.0911651051128,164.154716078992,-218.717028224148));
#13694=CARTESIAN_POINT('Origin',(43.0911651051128,164.154716078992,-221.717028224148));
#13695=CARTESIAN_POINT('Origin',(52.2892150971357,141.948659040865,-218.717028224148));
#13696=CARTESIAN_POINT('',(44.3965033843605,140.642863567208,-221.717028224148));
#13697=CARTESIAN_POINT('Origin',(52.2892150971357,141.948659040865,-221.717028224148));
#13698=CARTESIAN_POINT('',(44.3965033843605,140.642863567208,-218.717028224148));
#13699=CARTESIAN_POINT('Origin',(45.2700970930531,152.049252213781,-405.717028224148));
#13700=CARTESIAN_POINT('',(43.1450970930531,152.049252213781,-218.717028224148));
#13701=CARTESIAN_POINT('Origin',(45.2700970930531,152.049252213781,-218.717028224148));
#13702=CARTESIAN_POINT('',(43.1450970930531,152.049252213781,-222.717028224148));
#13703=CARTESIAN_POINT('',(43.1450970930531,152.049252213781,-405.717028224148));
#13704=CARTESIAN_POINT('Origin',(45.2700970930531,152.049252213781,-222.717028224148));
#13705=CARTESIAN_POINT('Origin',(18.7514881858894,178.567861120945,-405.717028224148));
#13706=CARTESIAN_POINT('',(16.6264881858894,178.567861120945,-218.717028224148));
#13707=CARTESIAN_POINT('Origin',(18.7514881858894,178.567861120945,-218.717028224148));
#13708=CARTESIAN_POINT('',(16.6264881858894,178.567861120945,-222.717028224148));
#13709=CARTESIAN_POINT('',(16.6264881858894,178.567861120945,-405.717028224148));
#13710=CARTESIAN_POINT('Origin',(18.7514881858894,178.567861120945,-222.717028224148));
#13711=CARTESIAN_POINT('Origin',(6.20973836900198,173.824781551866,-220.467028224148));
#13712=CARTESIAN_POINT('',(5.60391023544082,169.870926183673,-218.717028224148));
#13713=CARTESIAN_POINT('',(5.60391023544082,169.870926183673,-220.467028224148));
#13714=CARTESIAN_POINT('Origin',(6.20973836900198,173.824781551866,-218.717028224148));
#13715=CARTESIAN_POINT('Origin',(44.2328099240047,156.222264953868,-218.717028224148));
#13716=CARTESIAN_POINT('',(44.2328099240047,156.222264953868,-218.717028224148));
#13717=CARTESIAN_POINT('Origin',(40.5270175239746,139.507502396893,-220.467028224148));
#13718=CARTESIAN_POINT('',(36.573162155782,138.901674263332,-218.717028224148));
#13719=CARTESIAN_POINT('Origin',(40.5270175239746,139.507502396893,-218.717028224148));
#13720=CARTESIAN_POINT('',(36.573162155782,138.901674263332,-220.467028224148));
#13721=CARTESIAN_POINT('Origin',(3.07471942388124,167.188573998508,-220.977078730486));
#13722=CARTESIAN_POINT('',(3.16507262470055,168.184483783127,-222.792915674457));
#13723=CARTESIAN_POINT('',(2.07658462545923,167.24962253804,-222.792915674457));
#13724=CARTESIAN_POINT('Origin',(3.07471942388124,167.188573998508,-222.792915674457));
#13725=CARTESIAN_POINT('',(3.16507262470055,168.184483783127,-221.247028224148));
#13726=CARTESIAN_POINT('',(3.16507262470055,168.184483783127,-220.977078730486));
#13727=CARTESIAN_POINT('',(2.07658462545938,167.249622538042,-221.247028224148));
#13728=CARTESIAN_POINT('Origin',(3.07471942388124,167.188573998508,-221.247028224148));
#13729=CARTESIAN_POINT('',(2.07658462545937,167.249622538042,-220.977078730486));
#13730=CARTESIAN_POINT('Origin',(2.95269366054739E-14,133.297764027892,
-222.792915674452));
#13731=CARTESIAN_POINT('',(3.13860878488248,167.892788560662,-223.500022455639));
#13732=CARTESIAN_POINT('Origin',(3.07471942388125,167.188573998508,-222.792915674452));
#13733=CARTESIAN_POINT('',(10.3392463140422,166.460492703094,-223.500022455639));
#13734=CARTESIAN_POINT('Origin',(2.85367212759024E-14,133.297764027892,
-223.500022455639));
#13735=CARTESIAN_POINT('',(10.4264238430201,166.740111221916,-222.792915674452));
#13736=CARTESIAN_POINT('Origin',(10.1287811412496,165.785433882664,-222.792915674452));
#13737=CARTESIAN_POINT('Origin',(2.95269366054739E-14,133.297764027892,
-222.792915674452));
#13738=CARTESIAN_POINT('Origin',(3.07471942388109,167.188573998505,-222.792915674455));
#13739=CARTESIAN_POINT('Origin',(3.07471942388109,167.188573998505,-222.792915674455));
#13740=CARTESIAN_POINT('Origin',(10.1287811412497,165.785433882664,-220.977078730486));
#13741=CARTESIAN_POINT('',(11.0742997168482,165.459865728204,-222.792915674457));
#13742=CARTESIAN_POINT('Origin',(10.1287811412497,165.785433882664,-222.792915674457));
#13743=CARTESIAN_POINT('',(11.074299716849,165.459865728206,-221.247028224148));
#13744=CARTESIAN_POINT('',(11.074299716849,165.459865728206,-220.977078730486));
#13745=CARTESIAN_POINT('',(10.4264238430201,166.740111221916,-221.247028224148));
#13746=CARTESIAN_POINT('Origin',(10.1287811412497,165.785433882664,-221.247028224148));
#13747=CARTESIAN_POINT('',(10.4264238430201,166.740111221916,-220.977078730486));
#13748=CARTESIAN_POINT('Origin',(10.1287811412496,165.785433882664,-222.792915674452));
#13749=CARTESIAN_POINT('Origin',(10.1287811412496,165.785433882664,-222.792915674452));
#13750=CARTESIAN_POINT('Origin',(2.01460180562528,166.236212391754,-224.227078616399));
#13751=CARTESIAN_POINT('',(1.95259915663344,165.222478041602,-221.247028224148));
#13752=CARTESIAN_POINT('',(1.84427756089219,163.451435606292,-221.247028224148));
#13753=CARTESIAN_POINT('',(1.95259915664417,165.222478041777,-224.822915544219));
#13754=CARTESIAN_POINT('',(1.95259915663344,165.222478041602,-224.227078616399));
#13755=CARTESIAN_POINT('Ctrl Pts',(1.95259915664419,165.222478041777,-224.822915544219));
#13756=CARTESIAN_POINT('Ctrl Pts',(1.99392824843105,165.898202719451,-224.146258789578));
#13757=CARTESIAN_POINT('Ctrl Pts',(2.03525670210333,166.573916964044,-223.469591577278));
#13758=CARTESIAN_POINT('Ctrl Pts',(2.07658462545936,167.249622538042,-222.792915674453));
#13759=CARTESIAN_POINT('Ctrl Pts',(3.0159365794602,165.865523684701,-225.530022325405));
#13760=CARTESIAN_POINT('Ctrl Pts',(3.0568001801504,166.541291469166,-224.853365570765));
#13761=CARTESIAN_POINT('Ctrl Pts',(3.09769253170508,167.217045638182,-224.176698358465));
#13762=CARTESIAN_POINT('Ctrl Pts',(3.13860878488247,167.892788560662,-223.500022455639));
#13763=CARTESIAN_POINT('Ctrl Pts',(2.71345717679575,165.888772575764,-225.534764242783));
#13764=CARTESIAN_POINT('Ctrl Pts',(2.75440045757089,166.564430591679,-224.858002589765));
#13765=CARTESIAN_POINT('Ctrl Pts',(2.79536706579017,167.24009089432,-224.181246184127));
#13766=CARTESIAN_POINT('Ctrl Pts',(2.83635395819531,167.915736885468,-223.504477685479));
#13767=CARTESIAN_POINT('Ctrl Pts',(2.17347541911738,165.746693414749,-225.359899586374));
#13768=CARTESIAN_POINT('Ctrl Pts',(2.21467974548656,166.422273925812,-224.683080155068));
#13769=CARTESIAN_POINT('Ctrl Pts',(2.25589148654364,167.097850920961,-224.006258693741));
#13770=CARTESIAN_POINT('Ctrl Pts',(2.29710916770959,167.773428707288,-223.329439242262));
#13771=CARTESIAN_POINT('Ctrl Pts',(1.96241987692049,165.383045398966,-224.983861557665));
#13772=CARTESIAN_POINT('Ctrl Pts',(2.00374748810632,166.058724967921,-224.307156346356));
#13773=CARTESIAN_POINT('Ctrl Pts',(2.04507088986366,166.734395934895,-223.630442585483));
#13774=CARTESIAN_POINT('Ctrl Pts',(2.0863974946402,167.410061530955,-222.953723923791));
#13775=CARTESIAN_POINT('Ctrl Pts',(1.95259915664419,165.222478041777,-224.822915544219));
#13776=CARTESIAN_POINT('Ctrl Pts',(1.99392824843105,165.898202719451,-224.146258789578));
#13777=CARTESIAN_POINT('Ctrl Pts',(2.03525670210333,166.573916964044,-223.469591577278));
#13778=CARTESIAN_POINT('Ctrl Pts',(2.07658462545936,167.249622538042,-222.792915674453));
#13779=CARTESIAN_POINT('',(3.0159365794521,165.865523684614,-225.530022325405));
#13780=CARTESIAN_POINT('Origin',(2.95073395506604,165.161429502242,-224.822915544219));
#13781=CARTESIAN_POINT('Ctrl Pts',(3.13860878488247,167.892788560662,-223.500022455639));
#13782=CARTESIAN_POINT('Ctrl Pts',(3.09769253170508,167.217045638182,-224.176698358465));
#13783=CARTESIAN_POINT('Ctrl Pts',(3.0568001801504,166.541291469166,-224.853365570765));
#13784=CARTESIAN_POINT('Ctrl Pts',(3.0159365794602,165.865523684701,-225.530022325405));
#13785=CARTESIAN_POINT('Origin',(2.95269366054739E-14,133.297764027892,
-225.237129122738));
#13786=CARTESIAN_POINT('',(9.67677997276509,164.540599556497,-225.530022325421));
#13787=CARTESIAN_POINT('Origin',(2.74264982512772E-14,133.297764027892,
-225.530022325581));
#13788=CARTESIAN_POINT('Ctrl Pts',(9.67677997278873,164.540599556573,-225.530022325421));
#13789=CARTESIAN_POINT('Ctrl Pts',(9.89763206372902,165.180565404347,-224.853365570775));
#13790=CARTESIAN_POINT('Ctrl Pts',(10.118452381927,165.820529675565,-224.17669835847));
#13791=CARTESIAN_POINT('Ctrl Pts',(10.3392463140422,166.460492703094,-223.500022455639));
#13792=CARTESIAN_POINT('Ctrl Pts',(10.3392463140422,166.460492703094,-223.500022455639));
#13793=CARTESIAN_POINT('Ctrl Pts',(10.118452381927,165.820529675565,-224.17669835847));
#13794=CARTESIAN_POINT('Ctrl Pts',(9.89763206372902,165.180565404347,-224.853365570775));
#13795=CARTESIAN_POINT('Ctrl Pts',(9.67677997278873,164.540599556573,-225.530022325421));
#13796=CARTESIAN_POINT('Ctrl Pts',(10.627275305725,166.366026276162,-223.504477685478));
#13797=CARTESIAN_POINT('Ctrl Pts',(10.4065837297614,165.726125769045,-224.181246184132));
#13798=CARTESIAN_POINT('Ctrl Pts',(10.1858679368825,165.086219802254,-224.858002589775));
#13799=CARTESIAN_POINT('Ctrl Pts',(9.96513146734715,164.446324875148,-225.534764242798));
#13800=CARTESIAN_POINT('Ctrl Pts',(11.0710130191993,166.028190503504,-223.329438963682));
#13801=CARTESIAN_POINT('Ctrl Pts',(10.8505607651031,165.38826469039,-224.006258415167));
#13802=CARTESIAN_POINT('Ctrl Pts',(10.6301033243242,164.748341880812,-224.683079875427));
#13803=CARTESIAN_POINT('Ctrl Pts',(10.4096376892933,164.108418661029,-225.359899306738));
#13804=CARTESIAN_POINT('Ctrl Pts',(11.1266311523506,165.611847252435,-222.953723923791));
#13805=CARTESIAN_POINT('Ctrl Pts',(10.9062459272189,164.971798630444,-223.630442585488));
#13806=CARTESIAN_POINT('Ctrl Pts',(10.6858556875237,164.331746272118,-224.307156346367));
#13807=CARTESIAN_POINT('Ctrl Pts',(10.4654660449973,163.691684355719,-224.983861557681));
#13808=CARTESIAN_POINT('Ctrl Pts',(11.074299716849,165.459865728206,-222.792915674452));
#13809=CARTESIAN_POINT('Ctrl Pts',(10.8539004110311,164.819779666818,-223.469591577283));
#13810=CARTESIAN_POINT('Ctrl Pts',(10.6334982770688,164.179685391902,-224.146258789589));
#13811=CARTESIAN_POINT('Ctrl Pts',(10.4130927400803,163.53958123388,-224.822915544235));
#13812=CARTESIAN_POINT('',(10.4130927400803,163.53958123388,-224.822915544235));
#13813=CARTESIAN_POINT('Origin',(9.46757416448095,163.865149388337,-224.822915544235));
#13814=CARTESIAN_POINT('Ctrl Pts',(11.074299716849,165.459865728206,-222.792915674452));
#13815=CARTESIAN_POINT('Ctrl Pts',(10.8539004110311,164.819779666818,-223.469591577283));
#13816=CARTESIAN_POINT('Ctrl Pts',(10.6334982770688,164.179685391902,-224.146258789589));
#13817=CARTESIAN_POINT('Ctrl Pts',(10.4130927400803,163.53958123388,-224.822915544235));
#13818=CARTESIAN_POINT('Origin',(10.7437491022857,164.499877037769,-224.227078616399));
#13819=CARTESIAN_POINT('',(10.4130927400282,163.539581233728,-221.247028224148));
#13820=CARTESIAN_POINT('',(10.4130927400282,163.539581233728,-224.227078616399));
#13821=CARTESIAN_POINT('',(10.0838076623571,162.5832679293,-221.247028224148));
#13822=CARTESIAN_POINT('Origin',(15.8101218291272,163.432145517283,-220.977078730486));
#13823=CARTESIAN_POINT('',(16.2747154767653,164.317669510506,-222.792915674457));
#13824=CARTESIAN_POINT('',(14.9113277828269,163.87051666407,-222.792915674457));
#13825=CARTESIAN_POINT('Origin',(15.8101218291272,163.432145517283,-222.792915674457));
#13826=CARTESIAN_POINT('',(16.2747154767653,164.317669510506,-221.247028224148));
#13827=CARTESIAN_POINT('',(16.2747154767653,164.317669510506,-220.977078730486));
#13828=CARTESIAN_POINT('',(14.911327782828,163.870516664072,-221.247028224148));
#13829=CARTESIAN_POINT('Origin',(15.8101218291272,163.432145517283,-221.247028224148));
#13830=CARTESIAN_POINT('',(14.911327782828,163.870516664072,-220.977078730486));
#13831=CARTESIAN_POINT('Origin',(2.95269366054739E-14,133.297764027892,
-222.792915674452));
#13832=CARTESIAN_POINT('',(16.1386391478682,164.058305537794,-223.500022455639));
#13833=CARTESIAN_POINT('Origin',(15.8101218291272,163.432145517283,-222.792915674452));
#13834=CARTESIAN_POINT('',(22.2430448871551,159.979472025611,-223.500022455639));
#13835=CARTESIAN_POINT('Origin',(2.85367212759024E-14,133.297764027892,
-223.500022455639));
#13836=CARTESIAN_POINT('',(22.4305917964084,160.204444456047,-222.792915674452));
#13837=CARTESIAN_POINT('Origin',(21.7902665952549,159.436340532891,-222.792915674452));
#13838=CARTESIAN_POINT('Origin',(2.95269366054739E-14,133.297764027892,
-222.792915674452));
#13839=CARTESIAN_POINT('Origin',(15.8101218291261,163.43214551728,-222.792915674455));
#13840=CARTESIAN_POINT('Origin',(15.8101218291261,163.43214551728,-222.792915674455));
#13841=CARTESIAN_POINT('Origin',(21.7902665952549,159.436340532891,-220.977078730486));
#13842=CARTESIAN_POINT('',(22.5392223160423,158.773720484674,-222.792915674457));
#13843=CARTESIAN_POINT('Origin',(21.7902665952549,159.436340532891,-222.792915674457));
#13844=CARTESIAN_POINT('',(22.5392223160439,158.773720484675,-221.247028224148));
#13845=CARTESIAN_POINT('',(22.5392223160439,158.773720484675,-220.977078730486));
#13846=CARTESIAN_POINT('',(22.4305917964084,160.204444456047,-221.247028224148));
#13847=CARTESIAN_POINT('Origin',(21.7902665952549,159.436340532891,-221.247028224148));
#13848=CARTESIAN_POINT('',(22.4305917964084,160.204444456047,-220.977078730486));
#13849=CARTESIAN_POINT('Origin',(21.7902665952549,159.436340532891,-222.792915674452));
#13850=CARTESIAN_POINT('Origin',(21.7902665952549,159.436340532891,-222.792915674452));
#13851=CARTESIAN_POINT('Origin',(14.4662478510406,162.957967570118,-224.227078616399));
#13852=CARTESIAN_POINT('',(14.0210255320531,162.045126539141,-221.247028224148));
#13853=CARTESIAN_POINT('',(13.5776496209174,161.136071205276,-221.247028224148));
#13854=CARTESIAN_POINT('',(14.0210255320531,162.045126539141,-224.822915544395));
#13855=CARTESIAN_POINT('',(14.0210255320531,162.045126539141,-224.227078616399));
#13856=CARTESIAN_POINT('Ctrl Pts',(14.0210255321145,162.045126539267,-224.822915544255));
#13857=CARTESIAN_POINT('Ctrl Pts',(14.3177972731048,162.653598779892,-224.146258789602));
#13858=CARTESIAN_POINT('Ctrl Pts',(14.6145644319869,163.262061625802,-223.46959157729));
#13859=CARTESIAN_POINT('Ctrl Pts',(14.9113277828279,163.870516664071,-222.792915674452));
#13860=CARTESIAN_POINT('Ctrl Pts',(15.249504127009,162.232301632509,-225.530022325441));
#13861=CARTESIAN_POINT('Ctrl Pts',(15.5458623065575,162.840991834347,-224.853365570788));
#13862=CARTESIAN_POINT('Ctrl Pts',(15.8422418380343,163.44965845467,-224.176698358477));
#13863=CARTESIAN_POINT('Ctrl Pts',(16.1386391478682,164.058305537794,-223.500022455639));
#13864=CARTESIAN_POINT('Ctrl Pts',(14.9789465633116,162.369534663147,-225.534764242818));
#13865=CARTESIAN_POINT('Ctrl Pts',(15.2753363510544,162.97809295982,-224.858002589789));
#13866=CARTESIAN_POINT('Ctrl Pts',(15.5717485656372,163.586644442125,-224.181246184139));
#13867=CARTESIAN_POINT('Ctrl Pts',(15.8681740435929,164.195174939913,-223.504477685478));
#13868=CARTESIAN_POINT('Ctrl Pts',(14.4256975845978,162.444912004415,-225.359899154919));
#13869=CARTESIAN_POINT('Ctrl Pts',(14.722298887199,163.053298798118,-224.683079723601));
#13870=CARTESIAN_POINT('Ctrl Pts',(15.0189056936025,163.661679508358,-224.006258263917));
#13871=CARTESIAN_POINT('Ctrl Pts',(15.3155182917157,164.270058674073,-223.329438812426));
#13872=CARTESIAN_POINT('Ctrl Pts',(14.0915451619471,162.18971320722,-224.983861557701));
#13873=CARTESIAN_POINT('Ctrl Pts',(14.3882982726812,162.798144339424,-224.30715634638));
#13874=CARTESIAN_POINT('Ctrl Pts',(14.6850442025747,163.406569135312,-223.630442585495));
#13875=CARTESIAN_POINT('Ctrl Pts',(14.9817910363122,164.014987743381,-222.953723923791));
#13876=CARTESIAN_POINT('Ctrl Pts',(14.0210255321145,162.045126539267,-224.822915544255));
#13877=CARTESIAN_POINT('Ctrl Pts',(14.3177972731048,162.653598779892,-224.146258789602));
#13878=CARTESIAN_POINT('Ctrl Pts',(14.6145644319869,163.262061625802,-223.46959157729));
#13879=CARTESIAN_POINT('Ctrl Pts',(14.9113277828279,163.870516664071,-222.792915674452));
#13880=CARTESIAN_POINT('',(15.2495041269763,162.232301632448,-225.530022325441));
#13881=CARTESIAN_POINT('Origin',(14.9198195784136,161.606755392478,-224.822915544255));
#13882=CARTESIAN_POINT('Ctrl Pts',(16.1386391478682,164.058305537794,-223.500022455639));
#13883=CARTESIAN_POINT('Ctrl Pts',(15.8422418380343,163.44965845467,-224.176698358477));
#13884=CARTESIAN_POINT('Ctrl Pts',(15.5458623065575,162.840991834347,-224.853365570788));
#13885=CARTESIAN_POINT('Ctrl Pts',(15.249504127009,162.232301632509,-225.530022325441));
#13886=CARTESIAN_POINT('Origin',(2.95269366054739E-14,133.297764027892,
-225.237129122738));
#13887=CARTESIAN_POINT('',(20.8962944943498,158.459236936159,-225.530022325444));
#13888=CARTESIAN_POINT('Origin',(2.74264982512772E-14,133.297764027892,
-225.530022325581));
#13889=CARTESIAN_POINT('Ctrl Pts',(20.8962944943937,158.459236936212,-225.530022325444));
#13890=CARTESIAN_POINT('Ctrl Pts',(21.3452395481533,158.965971848276,-224.85336557079));
#13891=CARTESIAN_POINT('Ctrl Pts',(21.7941546444047,159.472717462694,-224.176698358477));
#13892=CARTESIAN_POINT('Ctrl Pts',(22.2430448871552,159.979472025611,-223.500022455639));
#13893=CARTESIAN_POINT('Ctrl Pts',(22.2430448871552,159.979472025611,-223.500022455639));
#13894=CARTESIAN_POINT('Ctrl Pts',(21.7941546444047,159.472717462694,-224.176698358477));
#13895=CARTESIAN_POINT('Ctrl Pts',(21.3452395481533,158.965971848276,-224.85336557079));
#13896=CARTESIAN_POINT('Ctrl Pts',(20.8962944943937,158.459236936212,-225.530022325444));
#13897=CARTESIAN_POINT('Ctrl Pts',(22.4729982408391,159.781972504101,-223.504477685478));
#13898=CARTESIAN_POINT('Ctrl Pts',(22.024226488368,159.27523653251,-224.18124618414));
#13899=CARTESIAN_POINT('Ctrl Pts',(21.5754302730577,158.76850478425,-224.85800258979));
#13900=CARTESIAN_POINT('Ctrl Pts',(21.1266191797124,158.261791147944,-225.534764242821));
#13901=CARTESIAN_POINT('Ctrl Pts',(22.7536738136429,159.300041963655,-223.329438719983));
#13902=CARTESIAN_POINT('Ctrl Pts',(22.3051134815608,158.793191027858,-224.006258171475));
#13903=CARTESIAN_POINT('Ctrl Pts',(21.8565495055936,158.286344851846,-224.683079630804));
#13904=CARTESIAN_POINT('Ctrl Pts',(21.4079778035648,157.779501432637,-225.359899062123));
#13905=CARTESIAN_POINT('Ctrl Pts',(22.6457310695584,158.894106730871,-222.953723923791));
#13906=CARTESIAN_POINT('Ctrl Pts',(22.1971856672426,158.387116683593,-223.630442585496));
#13907=CARTESIAN_POINT('Ctrl Pts',(21.7486342022406,157.880125103381,-224.307156346381));
#13908=CARTESIAN_POINT('Ctrl Pts',(21.3000796312344,157.373124464134,-224.983861557703));
#13909=CARTESIAN_POINT('Ctrl Pts',(22.5392223160439,158.773720484675,-222.792915674452));
#13910=CARTESIAN_POINT('Ctrl Pts',(22.090649577433,158.266701236349,-223.469591577291));
#13911=CARTESIAN_POINT('Ctrl Pts',(21.6420710827764,157.759675481996,-224.146258789603));
#13912=CARTESIAN_POINT('Ctrl Pts',(21.1934856620325,157.252641899125,-224.822915544257));
#13913=CARTESIAN_POINT('',(21.1934856620325,157.252641899125,-224.822915544257));
#13914=CARTESIAN_POINT('Origin',(20.4445299412435,157.915261947341,-224.822915544257));
#13915=CARTESIAN_POINT('Ctrl Pts',(22.5392223160439,158.773720484675,-222.792915674452));
#13916=CARTESIAN_POINT('Ctrl Pts',(22.090649577433,158.266701236349,-223.469591577291));
#13917=CARTESIAN_POINT('Ctrl Pts',(21.6420710827764,157.759675481996,-224.146258789603));
#13918=CARTESIAN_POINT('Ctrl Pts',(21.1934856620325,157.252641899125,-224.822915544257));
#13919=CARTESIAN_POINT('Origin',(21.8664616017018,158.01330282589,-224.227078616399));
#13920=CARTESIAN_POINT('',(21.1934856619413,157.252641899022,-221.247028224148));
#13921=CARTESIAN_POINT('',(21.1934856619413,157.252641899022,-224.227078616399));
#13922=CARTESIAN_POINT('',(20.0177644810621,155.923730848348,-221.247028224148));
#13923=CARTESIAN_POINT('Origin',(26.1385765049997,155.088030623146,-220.977078730486));
#13924=CARTESIAN_POINT('',(26.9066804281557,155.7283558243,-222.792915674457));
#13925=CARTESIAN_POINT('',(25.4759564567822,155.836986343934,-222.792915674457));
#13926=CARTESIAN_POINT('Origin',(26.1385765049997,155.088030623146,-222.792915674457));
#13927=CARTESIAN_POINT('',(26.9066804281557,155.7283558243,-221.247028224148));
#13928=CARTESIAN_POINT('',(26.9066804281557,155.7283558243,-220.977078730486));
#13929=CARTESIAN_POINT('',(25.475956456784,155.836986343935,-221.247028224148));
#13930=CARTESIAN_POINT('Origin',(26.1385765049997,155.088030623146,-221.247028224148));
#13931=CARTESIAN_POINT('',(25.475956456784,155.836986343935,-220.977078730486));
#13932=CARTESIAN_POINT('Origin',(2.95269366054739E-14,133.297764027892,
-222.792915674452));
#13933=CARTESIAN_POINT('',(26.6817079977192,155.540808915047,-223.500022455639));
#13934=CARTESIAN_POINT('Origin',(26.1385765049997,155.088030623146,-222.792915674452));
#13935=CARTESIAN_POINT('',(30.7605415099026,149.43640317576,-223.500022455639));
#13936=CARTESIAN_POINT('Origin',(2.96469443005275E-14,133.297764027892,
-223.500022455639));
#13937=CARTESIAN_POINT('',(31.0199054826145,149.572479504657,-222.792915674452));
#13938=CARTESIAN_POINT('Origin',(30.1343814893911,149.107885857019,-222.792915674452));
#13939=CARTESIAN_POINT('Origin',(2.95269366054739E-14,133.297764027892,
-222.792915674452));
#13940=CARTESIAN_POINT('Origin',(26.1385765049978,155.088030623145,-222.792915674455));
#13941=CARTESIAN_POINT('Origin',(26.1385765049978,155.088030623145,-222.792915674455));
#13942=CARTESIAN_POINT('Origin',(30.1343814893911,149.107885857019,-220.977078730486));
#13943=CARTESIAN_POINT('',(30.5727526361781,148.209091810718,-222.792915674457));
#13944=CARTESIAN_POINT('Origin',(30.1343814893911,149.107885857019,-222.792915674457));
#13945=CARTESIAN_POINT('',(30.5727526361802,148.209091810719,-221.247028224148));
#13946=CARTESIAN_POINT('',(30.5727526361802,148.209091810719,-220.977078730486));
#13947=CARTESIAN_POINT('',(31.0199054826145,149.572479504657,-221.247028224148));
#13948=CARTESIAN_POINT('Origin',(30.1343814893911,149.107885857019,-221.247028224148));
#13949=CARTESIAN_POINT('',(31.0199054826145,149.572479504657,-220.977078730486));
#13950=CARTESIAN_POINT('Origin',(30.1343814893911,149.107885857019,-222.792915674452));
#13951=CARTESIAN_POINT('Origin',(30.1343814893911,149.107885857019,-222.792915674452));
#13952=CARTESIAN_POINT('Origin',(24.7155387979983,155.164225629593,-224.227078616399));
#13953=CARTESIAN_POINT('',(23.9548778711305,154.491249689833,-221.247028224148));
#13954=CARTESIAN_POINT('',(22.1185450694086,152.866599666017,-221.247028224148));
#13955=CARTESIAN_POINT('',(23.9548778711305,154.491249689833,-224.822915544395));
#13956=CARTESIAN_POINT('',(23.9548778711305,154.491249689833,-224.227078616399));
#13957=CARTESIAN_POINT('Ctrl Pts',(23.9548778712336,154.491249689924,-224.822915544257));
#13958=CARTESIAN_POINT('Ctrl Pts',(24.4619114541041,154.939835110668,-224.146258789604));
#13959=CARTESIAN_POINT('Ctrl Pts',(24.968937208457,155.388413605324,-223.469591577291));
#13960=CARTESIAN_POINT('Ctrl Pts',(25.4759564567837,155.836986343935,-222.792915674453));
#13961=CARTESIAN_POINT('Ctrl Pts',(25.1614729083201,154.194058522285,-225.530022325444));
#13962=CARTESIAN_POINT('Ctrl Pts',(25.6682078203842,154.643003576045,-224.85336557079));
#13963=CARTESIAN_POINT('Ctrl Pts',(26.1749534348026,155.091918672296,-224.176698358477));
#13964=CARTESIAN_POINT('Ctrl Pts',(26.6817079977191,155.540808915046,-223.500022455639));
#13965=CARTESIAN_POINT('Ctrl Pts',(24.9640271200522,154.424383207604,-225.534764242821));
#13966=CARTESIAN_POINT('Ctrl Pts',(25.4707407563588,154.873194300949,-224.85800258979));
#13967=CARTESIAN_POINT('Ctrl Pts',(25.9774725046183,155.321990516259,-224.18124618414));
#13968=CARTESIAN_POINT('Ctrl Pts',(26.4842084762093,155.77076226873,-223.504477685479));
#13969=CARTESIAN_POINT('Ctrl Pts',(24.4817374047451,154.705741831456,-225.359899062123));
#13970=CARTESIAN_POINT('Ctrl Pts',(24.9885808239547,155.154313533485,-224.683079630804));
#13971=CARTESIAN_POINT('Ctrl Pts',(25.4954269999661,155.602877509452,-224.006258171475));
#13972=CARTESIAN_POINT('Ctrl Pts',(26.0022779357637,156.051437841534,-223.329438719983));
#13973=CARTESIAN_POINT('Ctrl Pts',(24.0753604362425,154.597843659126,-224.983861557704));
#13974=CARTESIAN_POINT('Ctrl Pts',(24.5823610754893,155.046398230132,-224.307156346382));
#13975=CARTESIAN_POINT('Ctrl Pts',(25.0893526557009,155.494949695134,-223.630442585496));
#13976=CARTESIAN_POINT('Ctrl Pts',(25.5963427029796,155.94349509745,-222.953723923791));
#13977=CARTESIAN_POINT('Ctrl Pts',(23.9548778712336,154.491249689924,-224.822915544257));
#13978=CARTESIAN_POINT('Ctrl Pts',(24.4619114541041,154.939835110668,-224.146258789604));
#13979=CARTESIAN_POINT('Ctrl Pts',(24.968937208457,155.388413605324,-223.469591577291));
#13980=CARTESIAN_POINT('Ctrl Pts',(25.4759564567837,155.836986343935,-222.792915674453));
#13981=CARTESIAN_POINT('',(25.1614729082672,154.194058522241,-225.530022325444));
#13982=CARTESIAN_POINT('Origin',(24.6174979194493,153.742293969135,-224.822915544257));
#13983=CARTESIAN_POINT('Ctrl Pts',(26.6817079977191,155.540808915046,-223.500022455639));
#13984=CARTESIAN_POINT('Ctrl Pts',(26.1749534348026,155.091918672296,-224.176698358477));
#13985=CARTESIAN_POINT('Ctrl Pts',(25.6682078203842,154.643003576045,-224.85336557079));
#13986=CARTESIAN_POINT('Ctrl Pts',(25.1614729083201,154.194058522285,-225.530022325444));
#13987=CARTESIAN_POINT('Origin',(2.95269366054739E-14,133.297764027892,
-225.237129122738));
#13988=CARTESIAN_POINT('',(28.934537604556,148.547268154868,-225.530022325441));
#13989=CARTESIAN_POINT('Origin',(2.74264982512772E-14,133.297764027892,
-225.530022325581));
#13990=CARTESIAN_POINT('Ctrl Pts',(28.934537604618,148.5472681549,-225.530022325441));
#13991=CARTESIAN_POINT('Ctrl Pts',(29.5432278064558,148.843626334449,-224.853365570788));
#13992=CARTESIAN_POINT('Ctrl Pts',(30.1518944267787,149.140005865926,-224.176698358476));
#13993=CARTESIAN_POINT('Ctrl Pts',(30.7605415099028,149.43640317576,-223.500022455639));
#13994=CARTESIAN_POINT('Ctrl Pts',(30.7605415099028,149.43640317576,-223.500022455639));
#13995=CARTESIAN_POINT('Ctrl Pts',(30.1518944267787,149.140005865926,-224.176698358476));
#13996=CARTESIAN_POINT('Ctrl Pts',(29.5432278064558,148.843626334449,-224.853365570788));
#13997=CARTESIAN_POINT('Ctrl Pts',(28.934537604618,148.5472681549,-225.530022325441));
#13998=CARTESIAN_POINT('Ctrl Pts',(30.8974109120219,149.165938071484,-223.504477685478));
#13999=CARTESIAN_POINT('Ctrl Pts',(30.2888804142339,148.869512593529,-224.181246184139));
#14000=CARTESIAN_POINT('Ctrl Pts',(29.6803289319287,148.573100378946,-224.858002589788));
#14001=CARTESIAN_POINT('Ctrl Pts',(29.0717706352556,148.276710591203,-225.534764242818));
#14002=CARTESIAN_POINT('Ctrl Pts',(30.9722946461814,148.613282319607,-223.329438812425));
#14003=CARTESIAN_POINT('Ctrl Pts',(30.3639154804665,148.316669721494,-224.006258263917));
#14004=CARTESIAN_POINT('Ctrl Pts',(29.7555347702263,148.020062915091,-224.683079723601));
#14005=CARTESIAN_POINT('Ctrl Pts',(29.147147976524,147.723461612489,-225.359899154919));
#14006=CARTESIAN_POINT('Ctrl Pts',(30.7172237154894,148.279555064204,-222.953723923791));
#14007=CARTESIAN_POINT('Ctrl Pts',(30.1088051074208,147.982808230466,-223.630442585495));
#14008=CARTESIAN_POINT('Ctrl Pts',(29.5003803115328,147.686062300573,-224.30715634638));
#14009=CARTESIAN_POINT('Ctrl Pts',(28.8919491793282,147.389309189839,-224.983861557701));
#14010=CARTESIAN_POINT('Ctrl Pts',(30.5727526361802,148.209091810719,-222.792915674452));
#14011=CARTESIAN_POINT('Ctrl Pts',(29.9642975979109,147.912328459878,-223.46959157729));
#14012=CARTESIAN_POINT('Ctrl Pts',(29.3558347520004,147.615561300996,-224.146258789602));
#14013=CARTESIAN_POINT('Ctrl Pts',(28.7473625113756,147.318789560006,-224.822915544255));
#14014=CARTESIAN_POINT('',(28.7473625113756,147.318789560006,-224.822915544255));
#14015=CARTESIAN_POINT('Origin',(28.3089913645865,148.217583606305,-224.822915544255));
#14016=CARTESIAN_POINT('Ctrl Pts',(30.5727526361802,148.209091810719,-222.792915674452));
#14017=CARTESIAN_POINT('Ctrl Pts',(29.9642975979109,147.912328459878,-223.46959157729));
#14018=CARTESIAN_POINT('Ctrl Pts',(29.3558347520004,147.615561300996,-224.146258789602));
#14019=CARTESIAN_POINT('Ctrl Pts',(28.7473625113756,147.318789560006,-224.822915544255));
#14020=CARTESIAN_POINT('Origin',(29.6602035422268,147.764011878932,-224.227078616399));
#14021=CARTESIAN_POINT('',(28.7473625112497,147.318789559945,-221.247028224148));
#14022=CARTESIAN_POINT('',(28.7473625112497,147.318789559945,-224.227078616399));
#14023=CARTESIAN_POINT('',(24.5908774415228,145.291536337551,-221.247028224148));
#14024=CARTESIAN_POINT('Origin',(32.4876698547721,143.426545169141,-220.977078730486));
#14025=CARTESIAN_POINT('',(33.4423471940249,143.724187870912,-222.792915674457));
#14026=CARTESIAN_POINT('',(32.1621017003127,144.37206374474,-222.792915674457));
#14027=CARTESIAN_POINT('Origin',(32.4876698547721,143.426545169141,-222.792915674457));
#14028=CARTESIAN_POINT('',(33.4423471940249,143.724187870912,-221.247028224148));
#14029=CARTESIAN_POINT('',(33.4423471940249,143.724187870912,-220.977078730486));
#14030=CARTESIAN_POINT('',(32.1621017003149,144.37206374474,-221.247028224148));
#14031=CARTESIAN_POINT('Origin',(32.4876698547721,143.426545169141,-221.247028224148));
#14032=CARTESIAN_POINT('',(32.1621017003149,144.37206374474,-220.977078730486));
#14033=CARTESIAN_POINT('Origin',(2.95269366054739E-14,133.297764027892,
-222.792915674452));
#14034=CARTESIAN_POINT('',(33.1627286752027,143.637010341934,-223.500022455639));
#14035=CARTESIAN_POINT('Origin',(32.4876698547721,143.426545169141,-222.792915674452));
#14036=CARTESIAN_POINT('',(34.5950245327706,136.436372812774,-223.500022455639));
#14037=CARTESIAN_POINT('Origin',(2.96469443005275E-14,133.297764027892,
-223.500022455639));
#14038=CARTESIAN_POINT('',(34.886719755236,136.462836652592,-222.792915674452));
#14039=CARTESIAN_POINT('Origin',(33.8908099706161,136.372483451773,-222.792915674452));
#14040=CARTESIAN_POINT('Origin',(2.95269366054739E-14,133.297764027892,
-222.792915674452));
#14041=CARTESIAN_POINT('Origin',(32.4876698547698,143.42654516914,-222.792915674455));
#14042=CARTESIAN_POINT('Origin',(32.4876698547698,143.42654516914,-222.792915674455));
#14043=CARTESIAN_POINT('Origin',(33.8908099706161,136.372483451773,-220.977078730486));
#14044=CARTESIAN_POINT('',(33.9518585101485,135.374348653351,-222.792915674457));
#14045=CARTESIAN_POINT('Origin',(33.8908099706161,136.372483451773,-222.792915674457));
#14046=CARTESIAN_POINT('',(33.9518585101509,135.374348653351,-221.247028224148));
#14047=CARTESIAN_POINT('',(33.9518585101509,135.374348653351,-220.977078730486));
#14048=CARTESIAN_POINT('',(34.886719755236,136.462836652592,-221.247028224148));
#14049=CARTESIAN_POINT('Origin',(33.8908099706161,136.372483451773,-221.247028224148));
#14050=CARTESIAN_POINT('',(34.886719755236,136.462836652592,-220.977078730486));
#14051=CARTESIAN_POINT('Origin',(33.890809970616,136.372483451773,-222.792915674452));
#14052=CARTESIAN_POINT('Origin',(33.890809970616,136.372483451773,-222.792915674452));
#14053=CARTESIAN_POINT('Origin',(31.2021130098779,144.041513130177,-224.227078616399));
#14054=CARTESIAN_POINT('',(30.241817205837,143.71085676792,-221.247028224148));
#14055=CARTESIAN_POINT('',(24.6855901851501,141.797694378991,-221.247028224148));
#14056=CARTESIAN_POINT('',(30.241817205837,143.71085676792,-224.822915544395));
#14057=CARTESIAN_POINT('',(30.241817205837,143.71085676792,-224.227078616399));
#14058=CARTESIAN_POINT('Ctrl Pts',(30.2418172059881,143.710856767972,-224.822915544235));
#14059=CARTESIAN_POINT('Ctrl Pts',(30.8819213640102,143.93126230496,-224.146258789589));
#14060=CARTESIAN_POINT('Ctrl Pts',(31.5220156389263,144.151664438922,-223.469591577283));
#14061=CARTESIAN_POINT('Ctrl Pts',(32.1621017003146,144.37206374474,-222.792915674453));
#14062=CARTESIAN_POINT('Ctrl Pts',(31.2428355286815,142.97454400068,-225.530022325421));
#14063=CARTESIAN_POINT('Ctrl Pts',(31.8828013764554,143.19539609162,-224.853365570775));
#14064=CARTESIAN_POINT('Ctrl Pts',(32.5227656476734,143.416216409818,-224.17669835847));
#14065=CARTESIAN_POINT('Ctrl Pts',(33.1627286752026,143.637010341934,-223.500022455639));
#14066=CARTESIAN_POINT('Ctrl Pts',(31.1485608472564,143.262895495239,-225.534764242798));
#14067=CARTESIAN_POINT('Ctrl Pts',(31.7884557743623,143.483631964774,-224.858002589775));
#14068=CARTESIAN_POINT('Ctrl Pts',(32.4283617411532,143.704347757653,-224.181246184133));
#14069=CARTESIAN_POINT('Ctrl Pts',(33.0682622482706,143.925039333616,-223.504477685479));
#14070=CARTESIAN_POINT('Ctrl Pts',(30.8106546331375,143.707401717185,-225.359899306738));
#14071=CARTESIAN_POINT('Ctrl Pts',(31.4505778529205,143.927867352216,-224.683079875427));
#14072=CARTESIAN_POINT('Ctrl Pts',(32.0905006624978,144.148324792994,-224.006258415167));
#14073=CARTESIAN_POINT('Ctrl Pts',(32.7304264756123,144.368777047091,-223.329438963682));
#14074=CARTESIAN_POINT('Ctrl Pts',(30.393920327828,143.763230072889,-224.983861557681));
#14075=CARTESIAN_POINT('Ctrl Pts',(31.0339822442269,143.983619715415,-224.307156346367));
#14076=CARTESIAN_POINT('Ctrl Pts',(31.6740346025522,144.20400995511,-223.630442585489));
#14077=CARTESIAN_POINT('Ctrl Pts',(32.3140832245427,144.424395180242,-222.953723923791));
#14078=CARTESIAN_POINT('Ctrl Pts',(30.2418172059881,143.710856767972,-224.822915544235));
#14079=CARTESIAN_POINT('Ctrl Pts',(30.8819213640102,143.93126230496,-224.146258789589));
#14080=CARTESIAN_POINT('Ctrl Pts',(31.5220156389263,144.151664438922,-223.469591577283));
#14081=CARTESIAN_POINT('Ctrl Pts',(32.1621017003146,144.37206374474,-222.792915674453));
#14082=CARTESIAN_POINT('',(31.2428355286052,142.974544000657,-225.530022325421));
#14083=CARTESIAN_POINT('Origin',(30.5673853604453,142.765338192372,-224.822915544235));
#14084=CARTESIAN_POINT('Ctrl Pts',(33.1627286752026,143.637010341934,-223.500022455639));
#14085=CARTESIAN_POINT('Ctrl Pts',(32.5227656476734,143.416216409818,-224.17669835847));
#14086=CARTESIAN_POINT('Ctrl Pts',(31.8828013764554,143.19539609162,-224.853365570775));
#14087=CARTESIAN_POINT('Ctrl Pts',(31.2428355286815,142.97454400068,-225.530022325421));
#14088=CARTESIAN_POINT('Origin',(2.95269366054739E-14,133.297764027892,
-225.237129122738));
#14089=CARTESIAN_POINT('',(32.5677596567222,136.313700607344,-225.530022325405));
#14090=CARTESIAN_POINT('Origin',(2.74264982512772E-14,133.297764027892,
-225.530022325581));
#14091=CARTESIAN_POINT('Ctrl Pts',(32.5677596568097,136.313700607352,-225.530022325405));
#14092=CARTESIAN_POINT('Ctrl Pts',(33.2435274412751,136.354564208042,-224.853365570765));
#14093=CARTESIAN_POINT('Ctrl Pts',(33.9192816102907,136.395456559597,-224.176698358465));
#14094=CARTESIAN_POINT('Ctrl Pts',(34.5950245327708,136.436372812774,-223.500022455639));
#14095=CARTESIAN_POINT('Ctrl Pts',(34.5950245327708,136.436372812774,-223.500022455639));
#14096=CARTESIAN_POINT('Ctrl Pts',(33.9192816102907,136.395456559597,-224.176698358465));
#14097=CARTESIAN_POINT('Ctrl Pts',(33.2435274412751,136.354564208042,-224.853365570765));
#14098=CARTESIAN_POINT('Ctrl Pts',(32.5677596568097,136.313700607352,-225.530022325405));
#14099=CARTESIAN_POINT('Ctrl Pts',(34.6179728575767,136.134117986087,-223.504477685478));
#14100=CARTESIAN_POINT('Ctrl Pts',(33.9423268664288,136.093131093682,-224.181246184127));
#14101=CARTESIAN_POINT('Ctrl Pts',(33.266666563788,136.052164485462,-224.858002589765));
#14102=CARTESIAN_POINT('Ctrl Pts',(32.5910085478722,136.011221204687,-225.534764242783));
#14103=CARTESIAN_POINT('Ctrl Pts',(34.475664679397,135.594873195601,-223.329439242262));
#14104=CARTESIAN_POINT('Ctrl Pts',(33.80008689307,135.553655514435,-224.006258693741));
#14105=CARTESIAN_POINT('Ctrl Pts',(33.1245098979211,135.512443773378,-224.683080155068));
#14106=CARTESIAN_POINT('Ctrl Pts',(32.4489293868579,135.471239447009,-225.359899586374));
#14107=CARTESIAN_POINT('Ctrl Pts',(34.1122975030634,135.384161522532,-222.953723923791));
#14108=CARTESIAN_POINT('Ctrl Pts',(33.4366319070036,135.342834917755,-223.630442585483));
#14109=CARTESIAN_POINT('Ctrl Pts',(32.7609609400301,135.301511515998,-224.307156346356));
#14110=CARTESIAN_POINT('Ctrl Pts',(32.0852813710747,135.260183904812,-224.983861557665));
#14111=CARTESIAN_POINT('Ctrl Pts',(33.9518585101509,135.374348653351,-222.792915674452));
#14112=CARTESIAN_POINT('Ctrl Pts',(33.2761529361524,135.333020729995,-223.469591577278));
#14113=CARTESIAN_POINT('Ctrl Pts',(32.6004386915598,135.291692276323,-224.146258789578));
#14114=CARTESIAN_POINT('Ctrl Pts',(31.9247140138859,135.250363184536,-224.822915544219));
#14115=CARTESIAN_POINT('',(31.9247140138859,135.250363184536,-224.822915544219));
#14116=CARTESIAN_POINT('Origin',(31.8636654743511,136.248497982958,-224.822915544219));
#14117=CARTESIAN_POINT('Ctrl Pts',(33.9518585101509,135.374348653351,-222.792915674452));
#14118=CARTESIAN_POINT('Ctrl Pts',(33.2761529361524,135.333020729995,-223.469591577278));
#14119=CARTESIAN_POINT('Ctrl Pts',(32.6004386915598,135.291692276323,-224.146258789578));
#14120=CARTESIAN_POINT('Ctrl Pts',(31.9247140138859,135.250363184536,-224.822915544219));
#14121=CARTESIAN_POINT('Origin',(31.8636654741756,136.248497982947,-224.227078616399));
#14122=CARTESIAN_POINT('',(30.8679259321546,136.156287547226,-224.822915544395));
#14123=CARTESIAN_POINT('Origin',(31.8636654741756,136.248497982947,-224.822915544395));
#14124=CARTESIAN_POINT('',(30.8679259321546,136.156287547226,-221.247028224148));
#14125=CARTESIAN_POINT('',(30.8679259321546,136.156287547226,-224.227078616399));
#14126=CARTESIAN_POINT('',(31.9247140137105,135.250363184525,-221.247028224148));
#14127=CARTESIAN_POINT('Origin',(31.8636654741756,136.248497982947,-221.247028224148));
#14128=CARTESIAN_POINT('',(31.9247140137105,135.250363184525,-224.227078616399));
#14129=CARTESIAN_POINT('Origin',(31.8636654741761,136.248497982941,-224.822915544395));
#14130=CARTESIAN_POINT('Origin',(31.8636654741761,136.248497982941,-224.822915544395));
#14131=CARTESIAN_POINT('Origin',(2.95269366054739E-14,133.297764027892,
-224.822915544395));
#14132=CARTESIAN_POINT('',(29.6121545716673,142.469476500884,-224.822915544395));
#14133=CARTESIAN_POINT('Origin',(30.5673853602942,142.76533819232,-224.822915544395));
#14134=CARTESIAN_POINT('Origin',(2.95269366054739E-14,133.297764027892,
-224.822915544395));
#14135=CARTESIAN_POINT('Origin',(2.95269366054739E-14,133.297764027892,
-224.227078616399));
#14136=CARTESIAN_POINT('',(29.6121545716673,142.469476500884,-221.247028224148));
#14137=CARTESIAN_POINT('',(29.6121545716673,142.469476500884,-224.227078616399));
#14138=CARTESIAN_POINT('Origin',(2.95269366054739E-14,133.297764027892,
-221.247028224148));
#14139=CARTESIAN_POINT('Origin',(30.5673853602942,142.76533819232,-224.227078616399));
#14140=CARTESIAN_POINT('Origin',(30.5673853602942,142.76533819232,-224.822915544395));
#14141=CARTESIAN_POINT('Origin',(30.5673853602942,142.76533819232,-221.247028224148));
#14142=CARTESIAN_POINT('Origin',(30.5673853602942,142.76533819232,-224.822915544395));
#14143=CARTESIAN_POINT('Origin',(28.3089913644606,148.217583606244,-224.227078616399));
#14144=CARTESIAN_POINT('',(27.4243353879167,147.751339246315,-224.822915544395));
#14145=CARTESIAN_POINT('Origin',(28.3089913644606,148.217583606244,-224.822915544395));
#14146=CARTESIAN_POINT('',(27.4243353879167,147.751339246315,-221.247028224148));
#14147=CARTESIAN_POINT('',(27.4243353879167,147.751339246315,-224.227078616399));
#14148=CARTESIAN_POINT('Origin',(28.3089913644606,148.217583606244,-221.247028224148));
#14149=CARTESIAN_POINT('Origin',(28.3089913644627,148.21758360624,-224.822915544395));
#14150=CARTESIAN_POINT('Origin',(28.3089913644627,148.21758360624,-224.822915544395));
#14151=CARTESIAN_POINT('Origin',(2.95269366054739E-14,133.297764027892,
-224.822915544395));
#14152=CARTESIAN_POINT('',(23.8482011124933,153.103402410979,-224.822915544395));
#14153=CARTESIAN_POINT('Origin',(24.6174979193463,153.742293969044,-224.822915544395));
#14154=CARTESIAN_POINT('Origin',(2.95269366054739E-14,133.297764027892,
-224.822915544395));
#14155=CARTESIAN_POINT('Origin',(2.95269366054739E-14,133.297764027892,
-224.227078616399));
#14156=CARTESIAN_POINT('',(23.8482011124933,153.103402410979,-221.247028224148));
#14157=CARTESIAN_POINT('',(23.8482011124933,153.103402410979,-224.227078616399));
#14158=CARTESIAN_POINT('Origin',(2.95269366054739E-14,133.297764027892,
-221.247028224148));
#14159=CARTESIAN_POINT('Origin',(20.4445299411523,157.915261947238,-224.227078616399));
#14160=CARTESIAN_POINT('',(19.8056383830879,157.145965140385,-224.822915544395));
#14161=CARTESIAN_POINT('Origin',(20.4445299411523,157.915261947238,-224.822915544395));
#14162=CARTESIAN_POINT('',(19.8056383830879,157.145965140385,-221.247028224148));
#14163=CARTESIAN_POINT('',(19.8056383830879,157.145965140385,-224.227078616399));
#14164=CARTESIAN_POINT('Origin',(20.4445299411523,157.915261947238,-221.247028224148));
#14165=CARTESIAN_POINT('Origin',(20.4445299411556,157.915261947235,-224.822915544395));
#14166=CARTESIAN_POINT('Origin',(20.4445299411556,157.915261947235,-224.822915544395));
#14167=CARTESIAN_POINT('Origin',(2.95269366054739E-14,133.297764027892,
-224.822915544395));
#14168=CARTESIAN_POINT('',(14.4535752184237,160.722099415808,-224.822915544395));
#14169=CARTESIAN_POINT('Origin',(14.9198195783522,161.606755392352,-224.822915544395));
#14170=CARTESIAN_POINT('Origin',(2.95269366054739E-14,133.297764027892,
-224.822915544395));
#14171=CARTESIAN_POINT('Origin',(2.95269366054739E-14,133.297764027892,
-224.227078616399));
#14172=CARTESIAN_POINT('',(14.4535752184237,160.722099415808,-221.247028224148));
#14173=CARTESIAN_POINT('',(14.4535752184237,160.722099415808,-224.227078616399));
#14174=CARTESIAN_POINT('Origin',(2.95269366054739E-14,133.297764027892,
-221.247028224148));
#14175=CARTESIAN_POINT('Origin',(24.6174979193463,153.742293969044,-224.227078616399));
#14176=CARTESIAN_POINT('Origin',(24.6174979193463,153.742293969044,-224.822915544395));
#14177=CARTESIAN_POINT('Origin',(24.6174979193463,153.742293969044,-221.247028224148));
#14178=CARTESIAN_POINT('Origin',(24.6174979193463,153.742293969044,-224.822915544395));
#14179=CARTESIAN_POINT('Origin',(14.9198195783522,161.606755392352,-224.227078616399));
#14180=CARTESIAN_POINT('Origin',(14.9198195783522,161.606755392352,-224.822915544395));
#14181=CARTESIAN_POINT('Origin',(14.9198195783522,161.606755392352,-221.247028224148));
#14182=CARTESIAN_POINT('Origin',(14.9198195783522,161.606755392352,-224.822915544395));
#14183=CARTESIAN_POINT('Origin',(2.95073395505531,165.161429502067,-224.227078616399));
#14184=CARTESIAN_POINT('',(2.8585235193346,164.165689960046,-224.822915544395));
#14185=CARTESIAN_POINT('Origin',(2.95073395505531,165.161429502067,-224.822915544395));
#14186=CARTESIAN_POINT('',(2.8585235193346,164.165689960046,-221.247028224148));
#14187=CARTESIAN_POINT('Origin',(2.95073395505531,165.161429502067,-221.247028224148));
#14188=CARTESIAN_POINT('',(2.8585235193346,164.165689960046,-224.227078616399));
#14189=CARTESIAN_POINT('Origin',(2.95073395505531,165.161429502067,-224.822915544395));
#14190=CARTESIAN_POINT('Origin',(2.95073395505531,165.161429502067,-224.822915544395));
#14191=CARTESIAN_POINT('Origin',(9.46757416442891,163.865149388186,-224.227078616399));
#14192=CARTESIAN_POINT('',(9.17171247299298,162.909918599559,-224.822915544395));
#14193=CARTESIAN_POINT('Origin',(9.46757416442891,163.865149388186,-224.822915544395));
#14194=CARTESIAN_POINT('',(9.17171247299297,162.909918599559,-221.247028224148));
#14195=CARTESIAN_POINT('',(9.17171247299297,162.909918599559,-224.227078616399));
#14196=CARTESIAN_POINT('Origin',(9.46757416442891,163.865149388186,-221.247028224148));
#14197=CARTESIAN_POINT('Origin',(9.46757416443368,163.865149388184,-224.822915544395));
#14198=CARTESIAN_POINT('Origin',(9.46757416443368,163.865149388184,-224.822915544395));
#14199=CARTESIAN_POINT('Origin',(2.95269366054739E-14,133.297764027892,
-224.822915544395));
#14200=CARTESIAN_POINT('Origin',(2.95269366054739E-14,133.297764027892,
-224.822915544395));
#14201=CARTESIAN_POINT('Origin',(2.95269366054739E-14,133.297764027892,
-224.227078616399));
#14202=CARTESIAN_POINT('Origin',(2.95269366054739E-14,133.297764027892,
-221.247028224148));
#14203=CARTESIAN_POINT('Origin',(-2.01460180562523,166.236212391754,-224.227078616399));
#14204=CARTESIAN_POINT('',(-1.80291682891584,162.775193616094,-221.247028224148));
#14205=CARTESIAN_POINT('Origin',(22.5,155.797764027892,-221.717028224148));
#14206=CARTESIAN_POINT('',(34.5753416429759,151.245628354151,-221.717028224148));
#14207=CARTESIAN_POINT('',(33.9177387235813,149.836867965679,-221.717028224148));
#14208=CARTESIAN_POINT('Origin',(34.8165712171731,150.275160275061,-221.717028224148));
#14209=CARTESIAN_POINT('',(35.6783756031162,145.586314532691,-221.717028224148));
#14210=CARTESIAN_POINT('Origin',(3.40878363990282E-14,133.297764027892,
-221.717028224148));
#14211=CARTESIAN_POINT('',(37.1395151105038,145.055165992567,-221.717028224148));
#14212=CARTESIAN_POINT('Origin',(36.6238656185918,145.911965619955,-221.717028224148));
#14213=CARTESIAN_POINT('',(39.9813006873165,146.765443684068,-221.717028224148));
#14214=CARTESIAN_POINT('',(35.5600173237197,144.104573572593,-221.717028224148));
#14215=CARTESIAN_POINT('',(40.2607807704249,148.228682887116,-221.717028224148));
#14216=CARTESIAN_POINT('Origin',(39.4656511954046,147.622243311455,-221.717028224148));
#14217=CARTESIAN_POINT('',(39.0264250733362,151.20868115182,-221.717028224148));
#14218=CARTESIAN_POINT('Origin',(45.2700970930531,152.049252213781,-221.717028224148));
#14219=CARTESIAN_POINT('',(37.7941364483903,152.045725252821,-221.717028224148));
#14220=CARTESIAN_POINT('Origin',(38.0353660225875,151.075257173731,-221.717028224148));
#14221=CARTESIAN_POINT('',(29.4218534257012,149.964624068621,-221.717028224148));
#14222=CARTESIAN_POINT('Origin',(22.5,155.797764027892,-221.717028224148));
#14223=CARTESIAN_POINT('',(17.9109171239287,172.324189101228,-221.717028224148));
#14224=CARTESIAN_POINT('',(14.9309188592248,173.558544798316,-221.717028224148));
#14225=CARTESIAN_POINT('Origin',(18.7514881858894,178.567861120945,-221.717028224148));
#14226=CARTESIAN_POINT('',(13.4676796561764,173.279064715208,-221.717028224148));
#14227=CARTESIAN_POINT('Origin',(14.3244792835637,172.763415223296,-221.717028224148));
#14228=CARTESIAN_POINT('',(11.757401964676,170.437279138395,-221.717028224148));
#14229=CARTESIAN_POINT('',(9.95167069895116,167.436888563205,-221.717028224148));
#14230=CARTESIAN_POINT('',(12.2885505047996,168.976139631008,-221.717028224148));
#14231=CARTESIAN_POINT('Origin',(12.6142015920632,169.921629646483,-221.717028224148));
#14232=CARTESIAN_POINT('',(16.5391039377872,167.215502751473,-221.717028224148));
#14233=CARTESIAN_POINT('Origin',(3.40878363990282E-14,133.297764027892,
-221.717028224148));
#14234=CARTESIAN_POINT('',(17.9478643262592,167.873105670867,-221.717028224148));
#14235=CARTESIAN_POINT('Origin',(16.9773962471692,168.114335245065,-221.717028224148));
#14236=CARTESIAN_POINT('',(18.7479612249297,171.091900476282,-221.717028224148));
#14237=CARTESIAN_POINT('',(17.0669084900648,164.3290148563,-221.717028224148));
#14238=CARTESIAN_POINT('Origin',(17.7774931458397,171.333130050479,-221.717028224148));
#14239=CARTESIAN_POINT('Origin',(22.5,155.797764027892,-221.717028224148));
#14240=CARTESIAN_POINT('Origin',(2.95269366054739E-14,133.297764027892,
-220.467028224148));
#14241=CARTESIAN_POINT('Origin',(4.29696205960294E-14,133.297764027892,
-218.717028224148));
#14242=CARTESIAN_POINT('Origin',(3.40878363990282E-14,133.297764027892,
-218.717028224148));
#14243=CARTESIAN_POINT('',(12.2885505047996,168.976139631008,-218.717028224148));
#14244=CARTESIAN_POINT('',(12.2885505047996,168.976139631008,-218.717028224148));
#14245=CARTESIAN_POINT('',(16.5391039377872,167.215502751473,-218.717028224148));
#14246=CARTESIAN_POINT('Origin',(3.40878363990282E-14,133.297764027892,
-218.717028224148));
#14247=CARTESIAN_POINT('',(16.5391039377872,167.215502751473,-218.717028224148));
#14248=CARTESIAN_POINT('Origin',(16.9773962471692,168.114335245065,-218.717028224148));
#14249=CARTESIAN_POINT('',(17.9478643262592,167.873105670867,-218.717028224148));
#14250=CARTESIAN_POINT('Origin',(16.9773962471692,168.114335245065,-218.717028224148));
#14251=CARTESIAN_POINT('',(17.9478643262592,167.873105670867,-218.717028224148));
#14252=CARTESIAN_POINT('Origin',(18.7479612249296,171.091900476282,-218.717028224148));
#14253=CARTESIAN_POINT('',(18.7479612249297,171.091900476282,-218.717028224148));
#14254=CARTESIAN_POINT('',(17.9478643262592,167.873105670867,-218.717028224148));
#14255=CARTESIAN_POINT('',(18.7479612249297,171.091900476282,-218.717028224148));
#14256=CARTESIAN_POINT('Origin',(17.7774931458397,171.333130050479,-218.717028224148));
#14257=CARTESIAN_POINT('',(17.9109171239287,172.324189101228,-218.717028224148));
#14258=CARTESIAN_POINT('Origin',(17.7774931458397,171.333130050479,-218.717028224148));
#14259=CARTESIAN_POINT('',(17.9109171239287,172.324189101228,-218.717028224148));
#14260=CARTESIAN_POINT('Origin',(39.4656511954046,147.622243311455,-218.717028224148));
#14261=CARTESIAN_POINT('',(39.9813006873165,146.765443684068,-218.717028224148));
#14262=CARTESIAN_POINT('',(39.9813006873165,146.765443684068,-218.717028224148));
#14263=CARTESIAN_POINT('',(40.2607807704249,148.228682887116,-218.717028224148));
#14264=CARTESIAN_POINT('Origin',(39.4656511954046,147.622243311455,-218.717028224148));
#14265=CARTESIAN_POINT('',(40.2607807704249,148.228682887116,-218.717028224148));
#14266=CARTESIAN_POINT('Origin',(45.2700970930531,152.049252213781,-218.717028224148));
#14267=CARTESIAN_POINT('',(39.0264250733362,151.20868115182,-218.717028224148));
#14268=CARTESIAN_POINT('Origin',(45.2700970930531,152.049252213781,-218.717028224148));
#14269=CARTESIAN_POINT('',(39.0264250733362,151.20868115182,-218.717028224148));
#14270=CARTESIAN_POINT('Origin',(38.0353660225875,151.075257173731,-218.717028224148));
#14271=CARTESIAN_POINT('',(37.7941364483903,152.045725252821,-218.717028224148));
#14272=CARTESIAN_POINT('Origin',(38.0353660225875,151.075257173731,-218.717028224148));
#14273=CARTESIAN_POINT('',(37.7941364483903,152.045725252821,-218.717028224148));
#14274=CARTESIAN_POINT('Origin',(34.5753416429759,151.245628354151,-218.717028224148));
#14275=CARTESIAN_POINT('',(34.5753416429759,151.245628354151,-218.717028224148));
#14276=CARTESIAN_POINT('',(34.5753416429759,151.245628354151,-218.717028224148));
#14277=CARTESIAN_POINT('',(34.5753416429759,151.245628354151,-218.717028224148));
#14278=CARTESIAN_POINT('Origin',(18.7514881858894,178.567861120945,-218.717028224148));
#14279=CARTESIAN_POINT('',(14.9309188592248,173.558544798316,-218.717028224148));
#14280=CARTESIAN_POINT('Origin',(18.7514881858894,178.567861120945,-218.717028224148));
#14281=CARTESIAN_POINT('',(14.9309188592248,173.558544798316,-218.717028224148));
#14282=CARTESIAN_POINT('Origin',(14.3244792835637,172.763415223296,-218.717028224148));
#14283=CARTESIAN_POINT('',(13.4676796561764,173.279064715208,-218.717028224148));
#14284=CARTESIAN_POINT('Origin',(14.3244792835637,172.763415223296,-218.717028224148));
#14285=CARTESIAN_POINT('',(13.4676796561764,173.279064715208,-218.717028224148));
#14286=CARTESIAN_POINT('Origin',(11.757401964676,170.437279138395,-218.717028224148));
#14287=CARTESIAN_POINT('',(11.757401964676,170.437279138395,-218.717028224148));
#14288=CARTESIAN_POINT('',(13.4676796561764,173.279064715208,-218.717028224148));
#14289=CARTESIAN_POINT('',(11.757401964676,170.437279138395,-218.717028224148));
#14290=CARTESIAN_POINT('Origin',(12.6142015920632,169.921629646483,-218.717028224148));
#14291=CARTESIAN_POINT('Origin',(12.6142015920632,169.921629646483,-218.717028224148));
#14292=CARTESIAN_POINT('Origin',(34.8165712171731,150.275160275061,-218.717028224148));
#14293=CARTESIAN_POINT('',(33.9177387235813,149.836867965679,-218.717028224148));
#14294=CARTESIAN_POINT('Origin',(34.8165712171731,150.275160275061,-218.717028224148));
#14295=CARTESIAN_POINT('',(33.9177387235813,149.836867965679,-218.717028224148));
#14296=CARTESIAN_POINT('Origin',(3.40878363990282E-14,133.297764027892,
-218.717028224148));
#14297=CARTESIAN_POINT('',(35.6783756031162,145.586314532691,-218.717028224148));
#14298=CARTESIAN_POINT('Origin',(3.40878363990282E-14,133.297764027892,
-218.717028224148));
#14299=CARTESIAN_POINT('',(35.6783756031162,145.586314532691,-218.717028224148));
#14300=CARTESIAN_POINT('Origin',(36.6238656185918,145.911965619955,-218.717028224148));
#14301=CARTESIAN_POINT('',(37.1395151105038,145.055165992567,-218.717028224148));
#14302=CARTESIAN_POINT('Origin',(36.6238656185918,145.911965619955,-218.717028224148));
#14303=CARTESIAN_POINT('',(37.1395151105038,145.055165992567,-218.717028224148));
#14304=CARTESIAN_POINT('Origin',(39.9813006873165,146.765443684068,-218.717028224148));
#14305=CARTESIAN_POINT('',(39.9813006873165,146.765443684068,-218.717028224148));
#14306=CARTESIAN_POINT('Origin',(-32.9384483638623,135.312365833517,-224.227078616399));
#14307=CARTESIAN_POINT('',(-21.1811572931454,134.59325910576,-221.247028224148));
#14308=CARTESIAN_POINT('Origin',(32.9384483638624,135.312365833517,-224.227078616399));
#14309=CARTESIAN_POINT('',(21.1811572931455,134.59325910576,-221.247028224148));
#14310=CARTESIAN_POINT('Origin',(11.0978195385876,106.505257585064,-221.247028224148));
#14311=CARTESIAN_POINT('',(-34.8867197552359,130.132691403191,-221.247028224148));
#14312=CARTESIAN_POINT('Origin',(3.86487361925824E-14,133.297764027892,
-221.247028224148));
#14313=CARTESIAN_POINT('',(-33.9518585101509,131.221179402432,-221.247028224148));
#14314=CARTESIAN_POINT('Origin',(-33.890809970616,130.22304460401,-221.247028224148));
#14315=CARTESIAN_POINT('',(-31.9247140137104,131.345164871258,-221.247028224148));
#14316=CARTESIAN_POINT('',(-22.8137498773282,131.902415309936,-221.247028224148));
#14317=CARTESIAN_POINT('',(-30.8679259321545,130.439240508557,-221.247028224148));
#14318=CARTESIAN_POINT('Origin',(-31.8636654741755,130.347030072836,-221.247028224148));
#14319=CARTESIAN_POINT('',(-29.6121545716672,124.126051554899,-221.247028224148));
#14320=CARTESIAN_POINT('Origin',(4.00880365815593E-14,133.297764027892,
-221.247028224148));
#14321=CARTESIAN_POINT('',(-30.2418172058369,122.884671287863,-221.247028224148));
#14322=CARTESIAN_POINT('Origin',(-30.5673853602941,123.830189863463,-221.247028224148));
#14323=CARTESIAN_POINT('',(-32.1621017003149,122.223464311043,-221.247028224148));
#14324=CARTESIAN_POINT('',(-24.6855901851501,124.797833676792,-221.247028224148));
#14325=CARTESIAN_POINT('',(-33.4423471940248,122.871340184871,-221.247028224148));
#14326=CARTESIAN_POINT('Origin',(-32.487669854772,123.168982886642,-221.247028224148));
#14327=CARTESIAN_POINT('',(-31.0199054826144,117.023048551126,-221.247028224148));
#14328=CARTESIAN_POINT('Origin',(4.00880365815593E-14,133.297764027892,
-221.247028224148));
#14329=CARTESIAN_POINT('',(-30.5727526361802,118.386436245064,-221.247028224148));
#14330=CARTESIAN_POINT('Origin',(-30.1343814893911,117.487642198764,-221.247028224148));
#14331=CARTESIAN_POINT('',(-28.7473625112496,119.276738495838,-221.247028224148));
#14332=CARTESIAN_POINT('',(-24.5908774415227,121.303991718232,-221.247028224148));
#14333=CARTESIAN_POINT('',(-27.4243353879167,118.844188809468,-221.247028224148));
#14334=CARTESIAN_POINT('Origin',(-28.3089913644605,118.377944449539,-221.247028224148));
#14335=CARTESIAN_POINT('',(-23.8482011124933,113.492125644804,-221.247028224148));
#14336=CARTESIAN_POINT('Origin',(4.00880365815593E-14,133.297764027892,
-221.247028224148));
#14337=CARTESIAN_POINT('',(-23.9548778711305,112.10427836595,-221.247028224148));
#14338=CARTESIAN_POINT('Origin',(-24.6174979193462,112.853234086739,-221.247028224148));
#14339=CARTESIAN_POINT('',(-25.4759564567839,110.758541711848,-221.247028224148));
#14340=CARTESIAN_POINT('',(-22.1185450694085,113.728928389766,-221.247028224148));
#14341=CARTESIAN_POINT('',(-26.9066804281557,110.867172231483,-221.247028224148));
#14342=CARTESIAN_POINT('Origin',(-26.1385765049996,111.507497432637,-221.247028224148));
#14343=CARTESIAN_POINT('',(-22.4305917964084,106.391083599736,-221.247028224148));
#14344=CARTESIAN_POINT('Origin',(4.00880365815593E-14,133.297764027892,
-221.247028224148));
#14345=CARTESIAN_POINT('',(-22.5392223160438,107.821807571108,-221.247028224148));
#14346=CARTESIAN_POINT('Origin',(-21.7902665952548,107.159187522892,-221.247028224148));
#14347=CARTESIAN_POINT('',(-21.1934856619412,109.342886156761,-221.247028224148));
#14348=CARTESIAN_POINT('',(-20.017764481062,110.671797207435,-221.247028224148));
#14349=CARTESIAN_POINT('',(-19.8056383830878,109.449562915398,-221.247028224148));
#14350=CARTESIAN_POINT('Origin',(-20.4445299411522,108.680266108545,-221.247028224148));
#14351=CARTESIAN_POINT('',(-14.4535752184236,105.873428639975,-221.247028224148));
#14352=CARTESIAN_POINT('Origin',(4.00880365815593E-14,133.297764027892,
-221.247028224148));
#14353=CARTESIAN_POINT('',(-14.021025532053,104.550401516642,-221.247028224148));
#14354=CARTESIAN_POINT('Origin',(-14.9198195783522,104.988772663431,-221.247028224148));
#14355=CARTESIAN_POINT('',(-14.9113277828279,102.725011391711,-221.247028224148));
#14356=CARTESIAN_POINT('',(-13.5776496209173,105.459456850507,-221.247028224148));
#14357=CARTESIAN_POINT('',(-16.2747154767653,102.277858545277,-221.247028224148));
#14358=CARTESIAN_POINT('Origin',(-15.8101218291271,103.1633825385,-221.247028224148));
#14359=CARTESIAN_POINT('',(-10.4264238430201,99.8554168338667,-221.247028224148));
#14360=CARTESIAN_POINT('Origin',(4.00880365815593E-14,133.297764027892,
-221.247028224148));
#14361=CARTESIAN_POINT('',(-11.0742997168489,101.135662327577,-221.247028224148));
#14362=CARTESIAN_POINT('Origin',(-10.1287811412496,100.810094173119,-221.247028224148));
#14363=CARTESIAN_POINT('',(-10.4130927400282,103.055946822055,-221.247028224148));
#14364=CARTESIAN_POINT('',(-10.0838076623571,104.012260126483,-221.247028224148));
#14365=CARTESIAN_POINT('',(-9.17171247299291,103.685609456224,-221.247028224148));
#14366=CARTESIAN_POINT('Origin',(-9.46757416442884,102.730378667597,-221.247028224148));
#14367=CARTESIAN_POINT('',(-2.85852351933454,102.429838095737,-221.247028224148));
#14368=CARTESIAN_POINT('Origin',(4.00880365815593E-14,133.297764027892,
-221.247028224148));
#14369=CARTESIAN_POINT('',(-1.95259915663338,101.373050014181,-221.247028224148));
#14370=CARTESIAN_POINT('Origin',(-2.95073395505524,101.434098553716,-221.247028224148));
#14371=CARTESIAN_POINT('',(-2.07658462545931,99.3459055177406,-221.247028224148));
#14372=CARTESIAN_POINT('',(-1.80291682891583,103.820334439689,-221.247028224148));
#14373=CARTESIAN_POINT('',(-3.16507262470049,98.4110442726555,-221.247028224148));
#14374=CARTESIAN_POINT('Origin',(-3.07471942388118,99.4069540572755,-221.247028224148));
#14375=CARTESIAN_POINT('',(3.16507262470056,98.4110442726555,-221.247028224148));
#14376=CARTESIAN_POINT('Origin',(3.09662369944507E-14,133.297764027892,
-221.247028224148));
#14377=CARTESIAN_POINT('',(2.07658462545938,99.3459055177406,-221.247028224148));
#14378=CARTESIAN_POINT('Origin',(3.07471942388125,99.4069540572755,-221.247028224148));
#14379=CARTESIAN_POINT('',(1.95259915663345,101.373050014181,-221.247028224148));
#14380=CARTESIAN_POINT('',(1.8442775608922,103.144092449491,-221.247028224148));
#14381=CARTESIAN_POINT('',(2.85852351933461,102.429838095737,-221.247028224148));
#14382=CARTESIAN_POINT('Origin',(2.95073395505531,101.434098553716,-221.247028224148));
#14383=CARTESIAN_POINT('',(9.17171247299298,103.685609456224,-221.247028224148));
#14384=CARTESIAN_POINT('Origin',(3.09662369944507E-14,133.297764027892,
-221.247028224148));
#14385=CARTESIAN_POINT('',(10.4130927400282,103.055946822055,-221.247028224148));
#14386=CARTESIAN_POINT('Origin',(9.46757416442891,102.730378667597,-221.247028224148));
#14387=CARTESIAN_POINT('',(11.074299716849,101.135662327577,-221.247028224148));
#14388=CARTESIAN_POINT('',(10.0838076623571,104.012260126483,-221.247028224148));
#14389=CARTESIAN_POINT('',(10.4264238430201,99.8554168338667,-221.247028224148));
#14390=CARTESIAN_POINT('Origin',(10.1287811412497,100.810094173119,-221.247028224148));
#14391=CARTESIAN_POINT('',(16.2747154767653,102.277858545277,-221.247028224148));
#14392=CARTESIAN_POINT('Origin',(3.09662369944507E-14,133.297764027892,
-221.247028224148));
#14393=CARTESIAN_POINT('',(14.911327782828,102.725011391711,-221.247028224148));
#14394=CARTESIAN_POINT('Origin',(15.8101218291272,103.1633825385,-221.247028224148));
#14395=CARTESIAN_POINT('',(14.0210255320531,104.550401516642,-221.247028224148));
#14396=CARTESIAN_POINT('',(13.5776496209174,105.459456850507,-221.247028224148));
#14397=CARTESIAN_POINT('',(14.4535752184237,105.873428639975,-221.247028224148));
#14398=CARTESIAN_POINT('Origin',(14.9198195783522,104.988772663431,-221.247028224148));
#14399=CARTESIAN_POINT('',(19.8056383830879,109.449562915398,-221.247028224148));
#14400=CARTESIAN_POINT('Origin',(3.09662369944507E-14,133.297764027892,
-221.247028224148));
#14401=CARTESIAN_POINT('',(21.1934856619413,109.342886156761,-221.247028224148));
#14402=CARTESIAN_POINT('Origin',(20.4445299411523,108.680266108545,-221.247028224148));
#14403=CARTESIAN_POINT('',(22.5392223160439,107.821807571108,-221.247028224148));
#14404=CARTESIAN_POINT('',(20.0177644810621,110.671797207435,-221.247028224148));
#14405=CARTESIAN_POINT('',(22.4305917964084,106.391083599736,-221.247028224148));
#14406=CARTESIAN_POINT('Origin',(21.7902665952549,107.159187522892,-221.247028224148));
#14407=CARTESIAN_POINT('',(26.9066804281557,110.867172231483,-221.247028224148));
#14408=CARTESIAN_POINT('Origin',(3.09662369944507E-14,133.297764027892,
-221.247028224148));
#14409=CARTESIAN_POINT('',(25.475956456784,110.758541711848,-221.247028224148));
#14410=CARTESIAN_POINT('Origin',(26.1385765049997,111.507497432637,-221.247028224148));
#14411=CARTESIAN_POINT('',(23.9548778711305,112.10427836595,-221.247028224148));
#14412=CARTESIAN_POINT('',(22.1185450694086,113.728928389766,-221.247028224148));
#14413=CARTESIAN_POINT('',(23.8482011124933,113.492125644804,-221.247028224148));
#14414=CARTESIAN_POINT('Origin',(24.6174979193463,112.853234086739,-221.247028224148));
#14415=CARTESIAN_POINT('',(27.4243353879167,118.844188809468,-221.247028224148));
#14416=CARTESIAN_POINT('Origin',(3.09662369944507E-14,133.297764027892,
-221.247028224148));
#14417=CARTESIAN_POINT('',(28.7473625112497,119.276738495838,-221.247028224148));
#14418=CARTESIAN_POINT('Origin',(28.3089913644606,118.377944449539,-221.247028224148));
#14419=CARTESIAN_POINT('',(30.5727526361802,118.386436245064,-221.247028224148));
#14420=CARTESIAN_POINT('',(24.5908774415228,121.303991718232,-221.247028224148));
#14421=CARTESIAN_POINT('',(31.0199054826145,117.023048551126,-221.247028224148));
#14422=CARTESIAN_POINT('Origin',(30.1343814893912,117.487642198764,-221.247028224148));
#14423=CARTESIAN_POINT('',(33.4423471940249,122.871340184871,-221.247028224148));
#14424=CARTESIAN_POINT('Origin',(3.09662369944507E-14,133.297764027892,
-221.247028224148));
#14425=CARTESIAN_POINT('',(32.1621017003149,122.223464311043,-221.247028224148));
#14426=CARTESIAN_POINT('Origin',(32.4876698547721,123.168982886642,-221.247028224148));
#14427=CARTESIAN_POINT('',(30.241817205837,122.884671287863,-221.247028224148));
#14428=CARTESIAN_POINT('',(24.6855901851502,124.797833676792,-221.247028224148));
#14429=CARTESIAN_POINT('',(29.6121545716673,124.126051554899,-221.247028224148));
#14430=CARTESIAN_POINT('Origin',(30.5673853602942,123.830189863463,-221.247028224148));
#14431=CARTESIAN_POINT('',(30.8679259321546,130.439240508557,-221.247028224148));
#14432=CARTESIAN_POINT('Origin',(3.09662369944507E-14,133.297764027892,
-221.247028224148));
#14433=CARTESIAN_POINT('',(31.9247140137105,131.345164871258,-221.247028224148));
#14434=CARTESIAN_POINT('Origin',(31.8636654741756,130.347030072836,-221.247028224148));
#14435=CARTESIAN_POINT('',(33.9518585101509,131.221179402432,-221.247028224148));
#14436=CARTESIAN_POINT('',(22.8137498773282,131.902415309936,-221.247028224148));
#14437=CARTESIAN_POINT('',(34.886719755236,130.132691403191,-221.247028224148));
#14438=CARTESIAN_POINT('Origin',(33.8908099706161,130.22304460401,-221.247028224148));
#14439=CARTESIAN_POINT('Origin',(3.09662369944507E-14,133.297764027892,
-221.247028224148));
#14440=CARTESIAN_POINT('Origin',(2.95269366054739E-14,133.297764027892,
-221.247028224148));
#14441=CARTESIAN_POINT('Origin',(2.95269366054739E-14,133.297764027892,
-221.247028224148));
#14442=CARTESIAN_POINT('Origin',(2.95269366054739E-14,133.297764027892,
-221.247028224148));
#14443=CARTESIAN_POINT('',(2.66762992570375E-14,168.327764027892,-221.247028224148));
#14444=CARTESIAN_POINT('Origin',(2.95269366054739E-14,133.297764027892,
-221.247028224148));
#14445=CARTESIAN_POINT('Origin',(2.95269366054739E-14,133.297764027892,
-221.247028224148));
#14446=CARTESIAN_POINT('Origin',(3.86487361925824E-14,133.297764027892,
-221.247028224148));
#14447=CARTESIAN_POINT('Origin',(3.86487361925824E-14,133.297764027892,
-221.247028224148));
#14448=CARTESIAN_POINT('Origin',(3.86487361925824E-14,133.297764027892,
-221.247028224148));
#14449=CARTESIAN_POINT('',(3.45458795883584E-14,162.527764027892,-221.247028224148));
#14450=CARTESIAN_POINT('Origin',(4.00880365815593E-14,133.297764027892,
-221.247028224148));
#14451=CARTESIAN_POINT('Origin',(-34.305263164063,126.280654246253,-221.617028224148));
#14452=CARTESIAN_POINT('',(-46.5584651402722,118.789570954236,-221.517028224148));
#14453=CARTESIAN_POINT('',(-46.6615950386546,118.960930879713,-221.717028224148));
#14454=CARTESIAN_POINT('',(-46.5584651402722,118.789570954236,-221.517028224148));
#14455=CARTESIAN_POINT('',(-38.4644195563267,123.660827149341,-221.517028224148));
#14456=CARTESIAN_POINT('',(-34.2536982148718,126.194974283514,-221.517028224148));
#14457=CARTESIAN_POINT('',(-38.5675494547091,123.832187074818,-221.717028224148));
#14458=CARTESIAN_POINT('',(-38.5675494547091,123.832187074818,-221.717028224148));
#14459=CARTESIAN_POINT('',(-34.3568281132542,126.366334208991,-221.717028224148));
#14460=CARTESIAN_POINT('Origin',(-40.5270175239746,127.08802565889,-221.617028224148));
#14461=CARTESIAN_POINT('',(-36.5731621557819,127.693853792451,-221.517028224148));
#14462=CARTESIAN_POINT('Origin',(-40.5270175239746,127.08802565889,-221.517028224148));
#14463=CARTESIAN_POINT('',(-36.7708549241916,127.663562385773,-221.717028224148));
#14464=CARTESIAN_POINT('',(-36.7708549241916,127.663562385773,-221.717028224148));
#14465=CARTESIAN_POINT('Origin',(-40.5270175239746,127.08802565889,-221.717028224148));
#14466=CARTESIAN_POINT('Origin',(4.00880365815593E-14,133.297764027892,
-221.617028224148));
#14467=CARTESIAN_POINT('Origin',(4.00880365815593E-14,133.297764027892,
-221.717028224148));
#14468=CARTESIAN_POINT('Origin',(4.00880365815593E-14,133.297764027892,
-221.517028224148));
#14469=CARTESIAN_POINT('Ctrl Pts',(-47.4873899082745,118.230514239767,-221.517028224148));
#14470=CARTESIAN_POINT('Ctrl Pts',(-47.1777483189404,118.416866477923,-221.517028224148));
#14471=CARTESIAN_POINT('Ctrl Pts',(-46.8681067296063,118.60321871608,-221.517028224148));
#14472=CARTESIAN_POINT('Ctrl Pts',(-46.5584651402722,118.789570954236,-221.517028224148));
#14473=CARTESIAN_POINT('Ctrl Pts',(-47.5217665410686,118.287634214926,-221.583694890814));
#14474=CARTESIAN_POINT('Ctrl Pts',(-47.2121249517345,118.473986453083,-221.583694890814));
#14475=CARTESIAN_POINT('Ctrl Pts',(-46.9024833624005,118.660338691239,-221.583694890814));
#14476=CARTESIAN_POINT('Ctrl Pts',(-46.5928417730664,118.846690929395,-221.583694890814));
#14477=CARTESIAN_POINT('Ctrl Pts',(-47.5561431738627,118.344754190086,-221.650361557481));
#14478=CARTESIAN_POINT('Ctrl Pts',(-47.2465015845286,118.531106428242,-221.650361557481));
#14479=CARTESIAN_POINT('Ctrl Pts',(-46.9368599951946,118.717458666398,-221.650361557481));
#14480=CARTESIAN_POINT('Ctrl Pts',(-46.6272184058605,118.903810904554,-221.650361557481));
#14481=CARTESIAN_POINT('Ctrl Pts',(-47.5905198066569,118.401874165245,-221.717028224148));
#14482=CARTESIAN_POINT('Ctrl Pts',(-47.2808782173228,118.588226403401,-221.717028224148));
#14483=CARTESIAN_POINT('Ctrl Pts',(-46.9712366279887,118.774578641557,-221.717028224148));
#14484=CARTESIAN_POINT('Ctrl Pts',(-46.6615950386546,118.960930879713,-221.717028224148));
#14485=CARTESIAN_POINT('',(-47.4947408132728,118.242728452643,-221.531283847616));
#14486=CARTESIAN_POINT('Ctrl Pts',(-47.4947408104763,118.24272844959,-221.531283843558));
#14487=CARTESIAN_POINT('Ctrl Pts',(-47.4080201318916,118.307652079375,-221.542192911516));
#14488=CARTESIAN_POINT('Ctrl Pts',(-47.3228138498164,118.374190703747,-221.555266604025));
#14489=CARTESIAN_POINT('Ctrl Pts',(-47.2391577319042,118.442280341374,-221.570468545476));
#14490=CARTESIAN_POINT('Ctrl Pts',(-47.1533114702902,118.512152587312,-221.586068478577));
#14491=CARTESIAN_POINT('Ctrl Pts',(-47.0691986558303,118.583575860291,-221.603891182212));
#14492=CARTESIAN_POINT('Ctrl Pts',(-46.9868458965302,118.656469958055,-221.623881659524));
#14493=CARTESIAN_POINT('Ctrl Pts',(-46.8750186710599,118.75545321952,-221.651026829069));
#14494=CARTESIAN_POINT('Ctrl Pts',(-46.7665891789626,118.857013616463,-221.682132126819));
#14495=CARTESIAN_POINT('Ctrl Pts',(-46.6615950386546,118.960930879713,-221.717028224148));
#14496=CARTESIAN_POINT('',(-47.4873899082744,118.230514239767,-221.517028224148));
#14497=CARTESIAN_POINT('',(-47.4873899082744,118.230514239767,-221.517028224148));
#14498=CARTESIAN_POINT('Ctrl Pts',(-46.5584651402722,118.789570954236,-221.517028224148));
#14499=CARTESIAN_POINT('Ctrl Pts',(-46.8681067296063,118.60321871608,-221.517028224148));
#14500=CARTESIAN_POINT('Ctrl Pts',(-47.1777483189404,118.416866477923,-221.517028224148));
#14501=CARTESIAN_POINT('Ctrl Pts',(-47.4873899082745,118.230514239767,-221.517028224148));
#14502=CARTESIAN_POINT('Origin',(-45.270097093053,114.546275842002,-221.617028224148));
#14503=CARTESIAN_POINT('',(-47.7239350944803,118.077377520339,-221.517028224148));
#14504=CARTESIAN_POINT('Ctrl Pts',(-47.4947408132728,118.242728452643,-221.531283847616));
#14505=CARTESIAN_POINT('Ctrl Pts',(-47.5702010013549,118.186235012548,-221.521791296837));
#14506=CARTESIAN_POINT('Ctrl Pts',(-47.6466882516801,118.131058001849,-221.517028224148));
#14507=CARTESIAN_POINT('Ctrl Pts',(-47.7239350944803,118.077377520339,-221.517028224148));
#14508=CARTESIAN_POINT('Origin',(-45.270097093053,114.546275842002,-221.517028224148));
#14509=CARTESIAN_POINT('Origin',(-45.270097093053,114.546275842002,-218.717028224148));
#14510=CARTESIAN_POINT('',(-47.7239350944803,118.077377520339,-222.517028224148));
#14511=CARTESIAN_POINT('',(-47.7239350944803,118.077377520339,-218.717028224148));
#14512=CARTESIAN_POINT('',(-44.5083566419845,110.314284409449,-222.517028224148));
#14513=CARTESIAN_POINT('Origin',(-45.270097093053,114.546275842002,-222.517028224148));
#14514=CARTESIAN_POINT('',(-44.5083566419845,110.314284409449,-221.517028224148));
#14515=CARTESIAN_POINT('',(-44.5083566419845,110.314284409449,-218.717028224148));
#14516=CARTESIAN_POINT('',(-44.2328099240047,110.373263101915,-221.517028224148));
#14517=CARTESIAN_POINT('Origin',(-45.270097093053,114.546275842002,-221.517028224148));
#14518=CARTESIAN_POINT('',(-44.2328099240047,110.373263101915,-218.717028224148));
#14519=CARTESIAN_POINT('',(-44.2328099240047,110.373263101915,-218.717028224148));
#14520=CARTESIAN_POINT('',(-47.4873899082744,118.230514239767,-218.717028224148));
#14521=CARTESIAN_POINT('Origin',(-45.270097093053,114.546275842002,-218.717028224148));
#14522=CARTESIAN_POINT('',(-47.4873899082744,118.230514239767,-218.717028224148));
#14523=CARTESIAN_POINT('Origin',(-36.0795387398414,125.096124903894,-218.717028224148));
#14524=CARTESIAN_POINT('',(-38.4644195563267,123.660827149341,-218.717028224148));
#14525=CARTESIAN_POINT('',(-47.4873899082745,118.230514239767,-218.717028224148));
#14526=CARTESIAN_POINT('',(-38.4644195563267,123.660827149341,-220.467028224148));
#14527=CARTESIAN_POINT('Origin',(-6.20973836900192,92.7707465039169,-221.617028224148));
#14528=CARTESIAN_POINT('',(-5.60391023544075,96.7246018721096,-221.517028224148));
#14529=CARTESIAN_POINT('',(-5.63420164211881,96.5269091036999,-221.717028224148));
#14530=CARTESIAN_POINT('',(-5.60391023544075,96.7246018721096,-221.517028224148));
#14531=CARTESIAN_POINT('',(-9.63693687855093,94.8333444715647,-221.517028224148));
#14532=CARTESIAN_POINT('Origin',(-6.20973836900192,92.7707465039169,-221.517028224148));
#14533=CARTESIAN_POINT('',(-9.46557695307348,94.7302145731824,-221.717028224148));
#14534=CARTESIAN_POINT('',(-9.46557695307348,94.7302145731824,-221.717028224148));
#14535=CARTESIAN_POINT('Origin',(-6.20973836900192,92.7707465039169,-221.717028224148));
#14536=CARTESIAN_POINT('Origin',(-10.4499151137024,93.2885752796119,-221.617028224148));
#14537=CARTESIAN_POINT('',(-14.3368331481785,86.6361689892368,-221.717028224148));
#14538=CARTESIAN_POINT('',(-14.5081930736559,86.7392988876192,-221.517028224148));
#14539=CARTESIAN_POINT('',(-14.3368331481785,86.6361689892368,-221.717028224148));
#14540=CARTESIAN_POINT('',(-10.3642351509637,93.2370103304207,-221.717028224148));
#14541=CARTESIAN_POINT('',(-10.5355950764411,93.3401402288031,-221.517028224148));
#14542=CARTESIAN_POINT('Ctrl Pts',(-14.8958898626467,85.7072442212346,-221.717028224148));
#14543=CARTESIAN_POINT('Ctrl Pts',(-14.7095376244907,86.0168858105687,-221.717028224148));
#14544=CARTESIAN_POINT('Ctrl Pts',(-14.5231853863346,86.3265273999027,-221.717028224148));
#14545=CARTESIAN_POINT('Ctrl Pts',(-14.3368331481785,86.6361689892368,-221.717028224148));
#14546=CARTESIAN_POINT('Ctrl Pts',(-14.9530098378059,85.7416208540287,-221.650361557481));
#14547=CARTESIAN_POINT('Ctrl Pts',(-14.7666575996498,86.0512624433628,-221.650361557481));
#14548=CARTESIAN_POINT('Ctrl Pts',(-14.5803053614937,86.3609040326968,-221.650361557481));
#14549=CARTESIAN_POINT('Ctrl Pts',(-14.3939531233376,86.6705456220309,-221.650361557481));
#14550=CARTESIAN_POINT('Ctrl Pts',(-15.010129812965,85.7759974868229,-221.583694890814));
#14551=CARTESIAN_POINT('Ctrl Pts',(-14.823777574809,86.0856390761569,-221.583694890814));
#14552=CARTESIAN_POINT('Ctrl Pts',(-14.6374253366529,86.395280665491,-221.583694890814));
#14553=CARTESIAN_POINT('Ctrl Pts',(-14.4510730984968,86.704922254825,-221.583694890814));
#14554=CARTESIAN_POINT('Ctrl Pts',(-15.0672497881242,85.810374119617,-221.517028224148));
#14555=CARTESIAN_POINT('Ctrl Pts',(-14.8808975499681,86.120015708951,-221.517028224148));
#14556=CARTESIAN_POINT('Ctrl Pts',(-14.694545311812,86.4296572982851,-221.517028224148));
#14557=CARTESIAN_POINT('Ctrl Pts',(-14.5081930736559,86.7392988876192,-221.517028224148));
#14558=CARTESIAN_POINT('',(-15.0550355752483,85.8030232146186,-221.531283847616));
#14559=CARTESIAN_POINT('Ctrl Pts',(-14.3368331481785,86.6361689892368,-221.717028224148));
#14560=CARTESIAN_POINT('Ctrl Pts',(-14.4146046709306,86.5575915333222,-221.69091203765));
#14561=CARTESIAN_POINT('Ctrl Pts',(-14.4910671633926,86.4770787700958,-221.66691536805));
#14562=CARTESIAN_POINT('Ctrl Pts',(-14.5661271185437,86.3946448394569,-221.645111040895));
#14563=CARTESIAN_POINT('Ctrl Pts',(-14.6807795782239,86.2687287915479,-221.61180540229));
#14564=CARTESIAN_POINT('Ctrl Pts',(-14.7919655672175,86.1385434030738,-221.58367131777));
#14565=CARTESIAN_POINT('Ctrl Pts',(-14.8993841629993,86.0041853608821,-221.560916761121));
#14566=CARTESIAN_POINT('Ctrl Pts',(-14.9522443111196,85.9380684473279,-221.549719358788));
#14567=CARTESIAN_POINT('Ctrl Pts',(-15.0041382432237,85.8710084963756,-221.539836086734));
#14568=CARTESIAN_POINT('Ctrl Pts',(-15.0550355766682,85.8030232159191,-221.531283845729));
#14569=CARTESIAN_POINT('',(-15.0672497881242,85.810374119617,-221.517028224148));
#14570=CARTESIAN_POINT('Ctrl Pts',(-15.0672497881242,85.810374119617,-221.517028224148));
#14571=CARTESIAN_POINT('Ctrl Pts',(-14.8808975499681,86.120015708951,-221.517028224148));
#14572=CARTESIAN_POINT('Ctrl Pts',(-14.694545311812,86.4296572982851,-221.517028224148));
#14573=CARTESIAN_POINT('Ctrl Pts',(-14.5081930736559,86.7392988876192,-221.517028224148));
#14574=CARTESIAN_POINT('',(-14.8958898626467,85.7072442212346,-221.717028224148));
#14575=CARTESIAN_POINT('Origin',(-18.7514881858894,88.0276669348384,-221.617028224148));
#14576=CARTESIAN_POINT('',(-15.2203865075528,85.5738289334112,-221.517028224148));
#14577=CARTESIAN_POINT('Ctrl Pts',(-15.2203865075528,85.5738289334112,-221.517028224148));
#14578=CARTESIAN_POINT('Ctrl Pts',(-15.1667060260429,85.6510757762113,-221.517028224148));
#14579=CARTESIAN_POINT('Ctrl Pts',(-15.1115290153432,85.7275630265366,-221.521791296837));
#14580=CARTESIAN_POINT('Ctrl Pts',(-15.0550355752483,85.8030232146186,-221.531283847616));
#14581=CARTESIAN_POINT('Origin',(-18.7514881858894,88.0276669348384,-221.517028224148));
#14582=CARTESIAN_POINT('Origin',(-15.0672497881242,85.810374119617,-218.717028224148));
#14583=CARTESIAN_POINT('',(-9.63693687855093,94.8333444715647,-218.717028224148));
#14584=CARTESIAN_POINT('',(-9.63693687855093,94.8333444715647,-220.467028224148));
#14585=CARTESIAN_POINT('',(-15.0672497881242,85.810374119617,-218.717028224148));
#14586=CARTESIAN_POINT('',(-15.0672497881242,85.810374119617,-218.717028224148));
#14587=CARTESIAN_POINT('',(-15.0672497881242,85.810374119617,-218.717028224148));
#14588=CARTESIAN_POINT('Origin',(-18.7514881858894,88.0276669348384,-218.717028224148));
#14589=CARTESIAN_POINT('',(-22.9245009259763,89.0649541038868,-218.717028224148));
#14590=CARTESIAN_POINT('Origin',(-18.7514881858894,88.0276669348384,-218.717028224148));
#14591=CARTESIAN_POINT('',(-22.9245009259763,89.0649541038868,-221.517028224148));
#14592=CARTESIAN_POINT('',(-22.9245009259763,89.0649541038868,-218.717028224148));
#14593=CARTESIAN_POINT('',(-22.9834796184428,88.789407385907,-221.517028224148));
#14594=CARTESIAN_POINT('Origin',(-18.7514881858894,88.0276669348384,-221.517028224148));
#14595=CARTESIAN_POINT('',(-22.9834796184428,88.789407385907,-222.517028224148));
#14596=CARTESIAN_POINT('',(-22.9834796184428,88.789407385907,-218.717028224148));
#14597=CARTESIAN_POINT('',(-15.2203865075528,85.5738289334112,-222.517028224148));
#14598=CARTESIAN_POINT('Origin',(-18.7514881858894,88.0276669348384,-222.517028224148));
#14599=CARTESIAN_POINT('',(-15.2203865075528,85.5738289334112,-218.717028224148));
#14600=CARTESIAN_POINT('Origin',(-33.9249276410492,112.832453780532,-221.617028224148));
#14601=CARTESIAN_POINT('',(-43.1324022126303,110.440705694895,-221.717028224148));
#14602=CARTESIAN_POINT('',(-43.1806481274698,110.634799310713,-221.517028224148));
#14603=CARTESIAN_POINT('',(-43.1324022126303,110.440705694895,-221.717028224148));
#14604=CARTESIAN_POINT('',(-33.9645494045337,112.719561926081,-221.717028224148));
#14605=CARTESIAN_POINT('',(-33.9008046836295,112.735406972623,-221.717028224148));
#14606=CARTESIAN_POINT('',(-34.0127953193732,112.913655541899,-221.517028224148));
#14607=CARTESIAN_POINT('',(-34.0127953193732,112.913655541899,-221.517028224148));
#14608=CARTESIAN_POINT('',(-33.949050598469,112.929500588441,-221.517028224148));
#14609=CARTESIAN_POINT('Origin',(-33.047877022584,109.031783225539,-221.617028224148));
#14610=CARTESIAN_POINT('',(-29.8236938984295,111.399195986744,-221.517028224148));
#14611=CARTESIAN_POINT('',(-29.9849030546372,111.280825348684,-221.717028224148));
#14612=CARTESIAN_POINT('',(-29.8236938984295,111.399195986744,-221.517028224148));
#14613=CARTESIAN_POINT('Origin',(-33.047877022584,109.031783225539,-221.517028224148));
#14614=CARTESIAN_POINT('Origin',(-33.047877022584,109.031783225539,-221.717028224148));
#14615=CARTESIAN_POINT('Origin',(4.00880365815593E-14,133.297764027892,
-221.617028224148));
#14616=CARTESIAN_POINT('',(-22.016938679208,103.312860973254,-221.717028224148));
#14617=CARTESIAN_POINT('Origin',(4.00880365815593E-14,133.297764027892,
-221.717028224148));
#14618=CARTESIAN_POINT('',(-21.8985680411477,103.474070129462,-221.517028224148));
#14619=CARTESIAN_POINT('',(-21.8985680411477,103.474070129462,-221.517028224148));
#14620=CARTESIAN_POINT('Origin',(4.00880365815593E-14,133.297764027892,
-221.517028224148));
#14621=CARTESIAN_POINT('Origin',(-24.2659808023529,100.249887005307,-221.617028224148));
#14622=CARTESIAN_POINT('',(-20.384108485993,99.2849687085183,-221.517028224148));
#14623=CARTESIAN_POINT('',(-20.578202101811,99.3332146233578,-221.717028224148));
#14624=CARTESIAN_POINT('',(-20.384108485993,99.2849687085183,-221.517028224148));
#14625=CARTESIAN_POINT('Origin',(-24.2659808023529,100.249887005307,-221.517028224148));
#14626=CARTESIAN_POINT('Origin',(-24.2659808023529,100.249887005307,-221.717028224148));
#14627=CARTESIAN_POINT('Origin',(-18.859385716172,105.833480775621,-221.617028224148));
#14628=CARTESIAN_POINT('',(-22.6629647171782,90.1171159004217,-221.517028224148));
#14629=CARTESIAN_POINT('',(-22.8570583329962,90.1653618152612,-221.717028224148));
#14630=CARTESIAN_POINT('',(-22.6629647171782,90.1171159004217,-221.517028224148));
#14631=CARTESIAN_POINT('',(-18.762338908263,105.809357818201,-221.517028224148));
#14632=CARTESIAN_POINT('',(-18.956432524081,105.85760373304,-221.717028224148));
#14633=CARTESIAN_POINT('Ctrl Pts',(-43.1806481274698,110.634799310713,-221.517028224148));
#14634=CARTESIAN_POINT('Ctrl Pts',(-43.5313687263147,110.547620574447,-221.517028224148));
#14635=CARTESIAN_POINT('Ctrl Pts',(-43.8820893251597,110.460441838181,-221.517028224148));
#14636=CARTESIAN_POINT('Ctrl Pts',(-44.2328099240047,110.373263101915,-221.517028224148));
#14637=CARTESIAN_POINT('Ctrl Pts',(-43.1645661558566,110.570101438774,-221.583694890814));
#14638=CARTESIAN_POINT('Ctrl Pts',(-43.5152867547016,110.482922702508,-221.583694890814));
#14639=CARTESIAN_POINT('Ctrl Pts',(-43.8660073535466,110.395743966242,-221.583694890814));
#14640=CARTESIAN_POINT('Ctrl Pts',(-44.2167279523915,110.308565229976,-221.583694890814));
#14641=CARTESIAN_POINT('Ctrl Pts',(-43.1484841842435,110.505403566835,-221.650361557481));
#14642=CARTESIAN_POINT('Ctrl Pts',(-43.4992047830884,110.418224830569,-221.650361557481));
#14643=CARTESIAN_POINT('Ctrl Pts',(-43.8499253819334,110.331046094303,-221.650361557481));
#14644=CARTESIAN_POINT('Ctrl Pts',(-44.2006459807784,110.243867358037,-221.650361557481));
#14645=CARTESIAN_POINT('Ctrl Pts',(-43.1324022126303,110.440705694895,-221.717028224148));
#14646=CARTESIAN_POINT('Ctrl Pts',(-43.4831228114753,110.353526958629,-221.717028224148));
#14647=CARTESIAN_POINT('Ctrl Pts',(-43.8338434103202,110.266348222363,-221.717028224148));
#14648=CARTESIAN_POINT('Ctrl Pts',(-44.1845640091652,110.179169486097,-221.717028224148));
#14649=CARTESIAN_POINT('',(-44.2293710460255,110.359428474392,-221.531283847616));
#14650=CARTESIAN_POINT('Ctrl Pts',(-43.1324022126303,110.440705694895,-221.717028224148));
#14651=CARTESIAN_POINT('Ctrl Pts',(-43.2672945928745,110.440010364209,-221.685162988934));
#14652=CARTESIAN_POINT('Ctrl Pts',(-43.4028310191291,110.435899836252,-221.656456730711));
#14653=CARTESIAN_POINT('Ctrl Pts',(-43.5388728396298,110.428274514071,-221.631039552048));
#14654=CARTESIAN_POINT('Ctrl Pts',(-43.7686478012216,110.415395326592,-221.588109876236));
#14655=CARTESIAN_POINT('Ctrl Pts',(-43.9990450185446,110.392535183104,-221.554716293143));
#14656=CARTESIAN_POINT('Ctrl Pts',(-44.2293710460255,110.359428474392,-221.531283847616));
#14657=CARTESIAN_POINT('Ctrl Pts',(-44.2328099240047,110.373263101915,-221.517028224148));
#14658=CARTESIAN_POINT('Ctrl Pts',(-43.8820893251597,110.460441838181,-221.517028224148));
#14659=CARTESIAN_POINT('Ctrl Pts',(-43.5313687263147,110.547620574447,-221.517028224148));
#14660=CARTESIAN_POINT('Ctrl Pts',(-43.1806481274698,110.634799310713,-221.517028224148));
#14661=CARTESIAN_POINT('',(-44.1845640091652,110.179169486097,-221.717028224148));
#14662=CARTESIAN_POINT('Origin',(-45.270097093053,114.546275842002,-221.617028224148));
#14663=CARTESIAN_POINT('Ctrl Pts',(-44.5083566419845,110.314284409449,-221.517028224148));
#14664=CARTESIAN_POINT('Ctrl Pts',(-44.4157770431222,110.330948343325,-221.517028224148));
#14665=CARTESIAN_POINT('Ctrl Pts',(-44.3226763513116,110.346016958273,-221.521791296837));
#14666=CARTESIAN_POINT('Ctrl Pts',(-44.2293710460255,110.359428474392,-221.531283847616));
#14667=CARTESIAN_POINT('Ctrl Pts',(-22.9245009259763,89.0649541038868,-221.517028224148));
#14668=CARTESIAN_POINT('Ctrl Pts',(-22.8373221897103,89.4156747027317,-221.517028224148));
#14669=CARTESIAN_POINT('Ctrl Pts',(-22.7501434534442,89.7663953015767,-221.517028224148));
#14670=CARTESIAN_POINT('Ctrl Pts',(-22.6629647171782,90.1171159004217,-221.517028224148));
#14671=CARTESIAN_POINT('Ctrl Pts',(-22.9891987979156,89.0810360754999,-221.583694890814));
#14672=CARTESIAN_POINT('Ctrl Pts',(-22.9020200616496,89.4317566743449,-221.583694890814));
#14673=CARTESIAN_POINT('Ctrl Pts',(-22.8148413253836,89.7824772731899,-221.583694890814));
#14674=CARTESIAN_POINT('Ctrl Pts',(-22.7276625891175,90.1331978720349,-221.583694890814));
#14675=CARTESIAN_POINT('Ctrl Pts',(-23.053896669855,89.0971180471131,-221.650361557481));
#14676=CARTESIAN_POINT('Ctrl Pts',(-22.9667179335889,89.447838645958,-221.650361557481));
#14677=CARTESIAN_POINT('Ctrl Pts',(-22.8795391973229,89.798559244803,-221.650361557481));
#14678=CARTESIAN_POINT('Ctrl Pts',(-22.7923604610569,90.149279843648,-221.650361557481));
#14679=CARTESIAN_POINT('Ctrl Pts',(-23.1185945417943,89.1132000187262,-221.717028224148));
#14680=CARTESIAN_POINT('Ctrl Pts',(-23.0314158055283,89.4639206175712,-221.717028224148));
#14681=CARTESIAN_POINT('Ctrl Pts',(-22.9442370692622,89.8146412164162,-221.717028224148));
#14682=CARTESIAN_POINT('Ctrl Pts',(-22.8570583329962,90.1653618152612,-221.717028224148));
#14683=CARTESIAN_POINT('',(-22.9383355534999,89.068392981866,-221.531283847616));
#14684=CARTESIAN_POINT('Ctrl Pts',(-22.9383355534999,89.068392981866,-221.531283847616));
#14685=CARTESIAN_POINT('Ctrl Pts',(-22.9082229095043,89.2778892617423,-221.552597186232));
#14686=CARTESIAN_POINT('Ctrl Pts',(-22.886582288286,89.4874794736476,-221.582155011702));
#14687=CARTESIAN_POINT('Ctrl Pts',(-22.8732221786182,89.6966407644612,-221.619645340857));
#14688=CARTESIAN_POINT('Ctrl Pts',(-22.8631979023435,89.8535773927691,-221.647774856739));
#14689=CARTESIAN_POINT('Ctrl Pts',(-22.8578597515245,90.0098886641109,-221.680301253196));
#14690=CARTESIAN_POINT('Ctrl Pts',(-22.8570583329962,90.1653618152612,-221.717028224148));
#14691=CARTESIAN_POINT('',(-22.9245009259763,89.0649541038868,-221.517028224148));
#14692=CARTESIAN_POINT('Ctrl Pts',(-22.6629647171782,90.1171159004217,-221.517028224148));
#14693=CARTESIAN_POINT('Ctrl Pts',(-22.7501434534442,89.7663953015767,-221.517028224148));
#14694=CARTESIAN_POINT('Ctrl Pts',(-22.8373221897103,89.4156747027317,-221.517028224148));
#14695=CARTESIAN_POINT('Ctrl Pts',(-22.9245009259763,89.0649541038868,-221.517028224148));
#14696=CARTESIAN_POINT('Origin',(-18.7514881858894,88.0276669348384,-221.617028224148));
#14697=CARTESIAN_POINT('Ctrl Pts',(-22.9383355534999,89.068392981866,-221.531283847616));
#14698=CARTESIAN_POINT('Ctrl Pts',(-22.9517470696186,88.9750876765799,-221.521791296837));
#14699=CARTESIAN_POINT('Ctrl Pts',(-22.9668156845666,88.8819869847692,-221.517028224148));
#14700=CARTESIAN_POINT('Ctrl Pts',(-22.9834796184428,88.789407385907,-221.517028224148));
#14701=CARTESIAN_POINT('Origin',(-19.7126518636011,101.986242881443,-218.717028224148));
#14702=CARTESIAN_POINT('',(-20.384108485993,99.2849687085183,-218.717028224148));
#14703=CARTESIAN_POINT('',(-22.9245009259763,89.0649541038868,-218.717028224148));
#14704=CARTESIAN_POINT('',(-20.384108485993,99.2849687085183,-220.467028224148));
#14705=CARTESIAN_POINT('Origin',(-24.2659808023529,100.249887005307,-220.467028224148));
#14706=CARTESIAN_POINT('',(-21.8985680411477,103.474070129462,-218.717028224148));
#14707=CARTESIAN_POINT('Origin',(-24.2659808023529,100.249887005307,-218.717028224148));
#14708=CARTESIAN_POINT('',(-21.8985680411477,103.474070129462,-220.467028224148));
#14709=CARTESIAN_POINT('Origin',(4.00880365815593E-14,133.297764027892,
-220.467028224148));
#14710=CARTESIAN_POINT('',(-29.8236938984295,111.399195986744,-218.717028224148));
#14711=CARTESIAN_POINT('Origin',(2.66453525910038E-14,133.297764027891,
-218.717028224148));
#14712=CARTESIAN_POINT('',(-29.8236938984295,111.399195986744,-220.467028224148));
#14713=CARTESIAN_POINT('Origin',(-33.047877022584,109.031783225539,-220.467028224148));
#14714=CARTESIAN_POINT('',(-34.0127953193732,112.913655541899,-218.717028224148));
#14715=CARTESIAN_POINT('Origin',(-33.047877022584,109.031783225539,-218.717028224148));
#14716=CARTESIAN_POINT('',(-34.0127953193732,112.913655541899,-220.467028224148));
#14717=CARTESIAN_POINT('Origin',(-18.7514881858894,88.0276669348384,-222.617028224148));
#14718=CARTESIAN_POINT('',(-15.3846237949173,85.6879609334776,-222.717028224148));
#14719=CARTESIAN_POINT('',(-15.2203865075528,85.5738289334112,-222.517028224148));
#14720=CARTESIAN_POINT('',(-22.7866428076264,88.7539775974852,-222.717028224148));
#14721=CARTESIAN_POINT('',(-22.7866428076264,88.7539775974852,-222.717028224148));
#14722=CARTESIAN_POINT('Origin',(-18.7514881858894,88.0276669348384,-222.717028224148));
#14723=CARTESIAN_POINT('Origin',(-30.8569520511004,90.2065989227788,-222.617028224148));
#14724=CARTESIAN_POINT('',(-26.1992989113117,96.7109257310977,-222.517028224148));
#14725=CARTESIAN_POINT('Origin',(-30.8569520511004,90.2065989227788,-222.517028224148));
#14726=CARTESIAN_POINT('',(-26.082857582817,96.8735339013056,-222.717028224148));
#14727=CARTESIAN_POINT('',(-26.082857582817,96.8735339013056,-222.717028224148));
#14728=CARTESIAN_POINT('Origin',(-30.8569520511004,90.2065989227788,-222.717028224148));
#14729=CARTESIAN_POINT('Origin',(-8.65089501297304,81.0085489307559,-222.617028224148));
#14730=CARTESIAN_POINT('',(-7.31245465247532,89.0985784363504,-222.717028224148));
#14731=CARTESIAN_POINT('Origin',(-8.65089501297304,81.0085489307559,-222.717028224148));
#14732=CARTESIAN_POINT('',(-7.34509953931672,88.9012606435311,-222.517028224148));
#14733=CARTESIAN_POINT('',(-7.34509953931672,88.9012606435311,-222.517028224148));
#14734=CARTESIAN_POINT('Origin',(-8.65089501297304,81.0085489307559,-222.517028224148));
#14735=CARTESIAN_POINT('Origin',(3.5527136788005E-14,133.297764027892,-222.617028224148));
#14736=CARTESIAN_POINT('',(-36.4242301265859,107.214906445075,-222.717028224148));
#14737=CARTESIAN_POINT('',(-36.5868382967938,107.09846511658,-222.517028224148));
#14738=CARTESIAN_POINT('',(-36.4242301265859,107.214906445075,-222.717028224148));
#14739=CARTESIAN_POINT('Origin',(3.5527136788005E-14,133.297764027892,-222.717028224148));
#14740=CARTESIAN_POINT('Origin',(3.5527136788005E-14,133.297764027892,-222.517028224148));
#14741=CARTESIAN_POINT('Origin',(-43.0911651051127,102.440811976791,-222.617028224148));
#14742=CARTESIAN_POINT('',(-44.5437864304063,110.511121220265,-222.717028224148));
#14743=CARTESIAN_POINT('',(-44.5437864304063,110.511121220265,-222.717028224148));
#14744=CARTESIAN_POINT('Origin',(-43.0911651051127,102.440811976791,-222.717028224148));
#14745=CARTESIAN_POINT('Origin',(-43.0911651051127,102.440811976791,-222.517028224148));
#14746=CARTESIAN_POINT('Origin',(-45.270097093053,114.546275842002,-222.617028224148));
#14747=CARTESIAN_POINT('',(-47.6098030944139,117.913140232974,-222.717028224148));
#14748=CARTESIAN_POINT('',(-47.6098030944139,117.913140232974,-222.717028224148));
#14749=CARTESIAN_POINT('Origin',(-45.270097093053,114.546275842002,-222.717028224148));
#14750=CARTESIAN_POINT('Origin',(-52.2892150971356,124.646869014918,-222.617028224148));
#14751=CARTESIAN_POINT('',(-44.3965033843604,125.952664488575,-222.517028224148));
#14752=CARTESIAN_POINT('Origin',(-52.2892150971356,124.646869014918,-222.517028224148));
#14753=CARTESIAN_POINT('',(-44.199185591541,125.985309375416,-222.717028224148));
#14754=CARTESIAN_POINT('',(-44.199185591541,125.985309375416,-222.717028224148));
#14755=CARTESIAN_POINT('Origin',(-52.2892150971356,124.646869014918,-222.717028224148));
#14756=CARTESIAN_POINT('Origin',(3.5527136788005E-14,133.297764027892,-222.617028224148));
#14757=CARTESIAN_POINT('Origin',(3.40878363990282E-14,133.297764027892,
-222.717028224148));
#14758=CARTESIAN_POINT('Origin',(3.5527136788005E-14,133.297764027892,-222.517028224148));
#14759=CARTESIAN_POINT('Origin',(-8.65089501297304,81.0085489307559,-218.717028224148));
#14760=CARTESIAN_POINT('',(-7.34509953931673,88.901260643531,-221.717028224148));
#14761=CARTESIAN_POINT('',(-7.34509953931672,88.9012606435311,-218.717028224148));
#14762=CARTESIAN_POINT('Origin',(-8.65089501297304,81.0085489307559,-221.717028224148));
#14763=CARTESIAN_POINT('Origin',(-30.8569520511004,90.2065989227788,-218.717028224148));
#14764=CARTESIAN_POINT('',(-26.1992989113117,96.7109257310977,-221.717028224148));
#14765=CARTESIAN_POINT('Origin',(-30.8569520511004,90.2065989227788,-221.717028224148));
#14766=CARTESIAN_POINT('',(-26.1992989113117,96.7109257310977,-218.717028224148));
#14767=CARTESIAN_POINT('Origin',(3.5527136788005E-14,133.297764027892,-222.717028224148));
#14768=CARTESIAN_POINT('',(-36.5868382967938,107.09846511658,-221.717028224148));
#14769=CARTESIAN_POINT('Origin',(3.5527136788005E-14,133.297764027892,-221.717028224148));
#14770=CARTESIAN_POINT('',(-36.5868382967938,107.09846511658,-218.717028224148));
#14771=CARTESIAN_POINT('Origin',(-43.0911651051127,102.440811976791,-218.717028224148));
#14772=CARTESIAN_POINT('Origin',(-43.0911651051127,102.440811976791,-221.717028224148));
#14773=CARTESIAN_POINT('Origin',(-52.2892150971356,124.646869014918,-218.717028224148));
#14774=CARTESIAN_POINT('',(-44.3965033843604,125.952664488575,-221.717028224148));
#14775=CARTESIAN_POINT('Origin',(-52.2892150971356,124.646869014918,-221.717028224148));
#14776=CARTESIAN_POINT('',(-44.3965033843604,125.952664488575,-218.717028224148));
#14777=CARTESIAN_POINT('Origin',(3.5527136788005E-14,133.297764027892,-222.717028224148));
#14778=CARTESIAN_POINT('Origin',(3.5527136788005E-14,133.297764027892,-221.717028224148));
#14779=CARTESIAN_POINT('Origin',(-45.270097093053,114.546275842002,-405.717028224148));
#14780=CARTESIAN_POINT('',(-43.145097093053,114.546275842002,-218.717028224148));
#14781=CARTESIAN_POINT('Origin',(-45.270097093053,114.546275842002,-218.717028224148));
#14782=CARTESIAN_POINT('',(-43.145097093053,114.546275842002,-222.717028224148));
#14783=CARTESIAN_POINT('',(-43.145097093053,114.546275842002,-405.717028224148));
#14784=CARTESIAN_POINT('Origin',(-45.270097093053,114.546275842002,-222.717028224148));
#14785=CARTESIAN_POINT('Origin',(-18.7514881858894,88.0276669348384,-405.717028224148));
#14786=CARTESIAN_POINT('',(-16.6264881858894,88.0276669348384,-218.717028224148));
#14787=CARTESIAN_POINT('Origin',(-18.7514881858894,88.0276669348384,-218.717028224148));
#14788=CARTESIAN_POINT('',(-16.6264881858894,88.0276669348384,-222.717028224148));
#14789=CARTESIAN_POINT('',(-16.6264881858894,88.0276669348384,-405.717028224148));
#14790=CARTESIAN_POINT('Origin',(-18.7514881858894,88.0276669348384,-222.717028224148));
#14791=CARTESIAN_POINT('Origin',(-6.20973836900192,92.7707465039169,-220.467028224148));
#14792=CARTESIAN_POINT('',(-5.60391023544075,96.7246018721096,-218.717028224148));
#14793=CARTESIAN_POINT('',(-5.60391023544075,96.7246018721096,-220.467028224148));
#14794=CARTESIAN_POINT('Origin',(-6.20973836900192,92.7707465039169,-218.717028224148));
#14795=CARTESIAN_POINT('Origin',(-44.2328099240047,110.373263101915,-218.717028224148));
#14796=CARTESIAN_POINT('',(-44.2328099240047,110.373263101915,-218.717028224148));
#14797=CARTESIAN_POINT('Origin',(-40.5270175239746,127.08802565889,-220.467028224148));
#14798=CARTESIAN_POINT('',(-36.5731621557819,127.693853792451,-218.717028224148));
#14799=CARTESIAN_POINT('Origin',(-40.5270175239746,127.08802565889,-218.717028224148));
#14800=CARTESIAN_POINT('',(-36.5731621557819,127.693853792451,-220.467028224148));
#14801=CARTESIAN_POINT('Origin',(4.00880365815593E-14,133.297764027892,
-220.467028224148));
#14802=CARTESIAN_POINT('Origin',(2.66453525910038E-14,133.297764027891,
-218.717028224148));
#14803=CARTESIAN_POINT('Origin',(-3.07471942388118,99.4069540572755,-220.977078730486));
#14804=CARTESIAN_POINT('',(-3.16507262470049,98.4110442726555,-222.792915674457));
#14805=CARTESIAN_POINT('',(-2.07658462545916,99.345905517743,-222.792915674457));
#14806=CARTESIAN_POINT('Origin',(-3.07471942388118,99.4069540572755,-222.792915674457));
#14807=CARTESIAN_POINT('',(-3.16507262470049,98.4110442726555,-220.977078730486));
#14808=CARTESIAN_POINT('',(-2.07658462545932,99.3459055177406,-220.977078730486));
#14809=CARTESIAN_POINT('Origin',(4.00880365815593E-14,133.297764027892,
-222.792915674452));
#14810=CARTESIAN_POINT('',(-3.13860878488242,98.7027394951209,-223.500022455639));
#14811=CARTESIAN_POINT('Origin',(-3.07471942388119,99.4069540572755,-222.792915674452));
#14812=CARTESIAN_POINT('',(-10.3392463140421,100.135035352689,-223.500022455639));
#14813=CARTESIAN_POINT('Origin',(4.10782519111308E-14,133.297764027892,
-223.500022455639));
#14814=CARTESIAN_POINT('',(-10.42642384302,99.8554168338667,-222.792915674452));
#14815=CARTESIAN_POINT('Origin',(-10.1287811412496,100.810094173119,-222.792915674452));
#14816=CARTESIAN_POINT('Origin',(4.00880365815593E-14,133.297764027892,
-222.792915674452));
#14817=CARTESIAN_POINT('Origin',(-3.07471942388103,99.4069540572779,-222.792915674455));
#14818=CARTESIAN_POINT('Origin',(-3.07471942388103,99.4069540572779,-222.792915674455));
#14819=CARTESIAN_POINT('Origin',(-10.1287811412496,100.810094173119,-220.977078730486));
#14820=CARTESIAN_POINT('',(-11.0742997168481,101.135662327579,-222.792915674457));
#14821=CARTESIAN_POINT('Origin',(-10.1287811412496,100.810094173119,-222.792915674457));
#14822=CARTESIAN_POINT('',(-11.0742997168489,101.135662327577,-220.977078730486));
#14823=CARTESIAN_POINT('',(-10.4264238430201,99.8554168338667,-220.977078730486));
#14824=CARTESIAN_POINT('Origin',(-10.1287811412496,100.810094173119,-222.792915674452));
#14825=CARTESIAN_POINT('Origin',(-10.1287811412496,100.810094173119,-222.792915674452));
#14826=CARTESIAN_POINT('Ctrl Pts',(-3.01593657946013,100.730004371082,-225.530022325405));
#14827=CARTESIAN_POINT('Ctrl Pts',(-3.05680018015033,100.054236586617,-224.853365570765));
#14828=CARTESIAN_POINT('Ctrl Pts',(-3.09769253170501,99.3784824176011,-224.176698358465));
#14829=CARTESIAN_POINT('Ctrl Pts',(-3.1386087848824,98.702739495121,-223.500022455639));
#14830=CARTESIAN_POINT('Ctrl Pts',(-2.71345717679568,100.706755480019,-225.534764242783));
#14831=CARTESIAN_POINT('Ctrl Pts',(-2.75440045757082,100.031097464104,-224.858002589765));
#14832=CARTESIAN_POINT('Ctrl Pts',(-2.7953670657901,99.355437161463,-224.181246184127));
#14833=CARTESIAN_POINT('Ctrl Pts',(-2.83635395819524,98.6797911703152,-223.504477685479));
#14834=CARTESIAN_POINT('Ctrl Pts',(-2.17346943084031,100.84883052584,-225.359903330145));
#14835=CARTESIAN_POINT('Ctrl Pts',(-2.21467375720949,100.173250014777,-224.683083898839));
#14836=CARTESIAN_POINT('Ctrl Pts',(-2.25588551386252,99.4976730347448,-224.006262423158));
#14837=CARTESIAN_POINT('Ctrl Pts',(-2.29710319502847,98.8220952484178,-223.329442971678));
#14838=CARTESIAN_POINT('Ctrl Pts',(-1.96241987692042,101.212482656817,-224.983861557665));
#14839=CARTESIAN_POINT('Ctrl Pts',(-2.00374748810624,100.536803087862,-224.307156346356));
#14840=CARTESIAN_POINT('Ctrl Pts',(-2.04507088986359,99.8611321208881,-223.630442585483));
#14841=CARTESIAN_POINT('Ctrl Pts',(-2.08639749464012,99.1854665248284,-222.953723923791));
#14842=CARTESIAN_POINT('Ctrl Pts',(-1.95259915664411,101.373050014006,-224.822915544219));
#14843=CARTESIAN_POINT('Ctrl Pts',(-1.99392824843098,100.697325336332,-224.146258789578));
#14844=CARTESIAN_POINT('Ctrl Pts',(-2.03525670210325,100.021611091739,-223.469591577278));
#14845=CARTESIAN_POINT('Ctrl Pts',(-2.07658462545928,99.3459055177409,-222.792915674453));
#14846=CARTESIAN_POINT('',(-1.95259915664411,101.373050014006,-224.822915544219));
#14847=CARTESIAN_POINT('Ctrl Pts',(-1.95259915664411,101.373050014006,-224.822915544219));
#14848=CARTESIAN_POINT('Ctrl Pts',(-1.99392824843098,100.697325336332,-224.146258789578));
#14849=CARTESIAN_POINT('Ctrl Pts',(-2.03525670210325,100.021611091739,-223.469591577278));
#14850=CARTESIAN_POINT('Ctrl Pts',(-2.07658462545928,99.3459055177409,-222.792915674453));
#14851=CARTESIAN_POINT('',(-3.01593657945203,100.730004371169,-225.530022325405));
#14852=CARTESIAN_POINT('Origin',(-2.95073395506597,101.43409855354,-224.822915544219));
#14853=CARTESIAN_POINT('Ctrl Pts',(-3.1386087848824,98.702739495121,-223.500022455639));
#14854=CARTESIAN_POINT('Ctrl Pts',(-3.09769253170501,99.3784824176011,-224.176698358465));
#14855=CARTESIAN_POINT('Ctrl Pts',(-3.05680018015033,100.054236586617,-224.853365570765));
#14856=CARTESIAN_POINT('Ctrl Pts',(-3.01593657946013,100.730004371082,-225.530022325405));
#14857=CARTESIAN_POINT('Origin',(4.00880365815593E-14,133.297764027892,
-225.237129122738));
#14858=CARTESIAN_POINT('',(-9.67677997276503,102.054928499286,-225.530022325421));
#14859=CARTESIAN_POINT('Origin',(4.21884749357559E-14,133.297764027892,
-225.530022325581));
#14860=CARTESIAN_POINT('Ctrl Pts',(-9.67677997278865,102.05492849921,-225.530022325421));
#14861=CARTESIAN_POINT('Ctrl Pts',(-9.89763206372895,101.414962651436,-224.853365570775));
#14862=CARTESIAN_POINT('Ctrl Pts',(-10.118452381927,100.774998380218,-224.17669835847));
#14863=CARTESIAN_POINT('Ctrl Pts',(-10.3392463140422,100.135035352689,-223.500022455639));
#14864=CARTESIAN_POINT('Ctrl Pts',(-10.3392463140422,100.135035352689,-223.500022455639));
#14865=CARTESIAN_POINT('Ctrl Pts',(-10.118452381927,100.774998380218,-224.17669835847));
#14866=CARTESIAN_POINT('Ctrl Pts',(-9.89763206372895,101.414962651436,-224.853365570775));
#14867=CARTESIAN_POINT('Ctrl Pts',(-9.67677997278865,102.05492849921,-225.530022325421));
#14868=CARTESIAN_POINT('Ctrl Pts',(-10.6272753057249,100.229501779621,-223.504477685478));
#14869=CARTESIAN_POINT('Ctrl Pts',(-10.4065837297614,100.869402286738,-224.181246184132));
#14870=CARTESIAN_POINT('Ctrl Pts',(-10.1858679368824,101.509308253529,-224.858002589775));
#14871=CARTESIAN_POINT('Ctrl Pts',(-9.96513146734708,102.149203180635,-225.534764242799));
#14872=CARTESIAN_POINT('Ctrl Pts',(-11.0710194954287,100.567336179435,-223.329442371657));
#14873=CARTESIAN_POINT('Ctrl Pts',(-10.8505672413325,101.207261992549,-224.006261823142));
#14874=CARTESIAN_POINT('Ctrl Pts',(-10.6301098190069,101.847184794818,-224.683083296519));
#14875=CARTESIAN_POINT('Ctrl Pts',(-10.4096441839759,102.487108014602,-225.35990272783));
#14876=CARTESIAN_POINT('Ctrl Pts',(-11.1266311523505,100.983680803348,-222.953723923791));
#14877=CARTESIAN_POINT('Ctrl Pts',(-10.9062459272188,101.623729425339,-223.630442585488));
#14878=CARTESIAN_POINT('Ctrl Pts',(-10.6858556875236,102.263781783665,-224.307156346367));
#14879=CARTESIAN_POINT('Ctrl Pts',(-10.4654660449972,102.903843700064,-224.983861557681));
#14880=CARTESIAN_POINT('Ctrl Pts',(-11.0742997168489,101.135662327577,-222.792915674452));
#14881=CARTESIAN_POINT('Ctrl Pts',(-10.8539004110311,101.775748388965,-223.469591577283));
#14882=CARTESIAN_POINT('Ctrl Pts',(-10.6334982770688,102.415842663881,-224.146258789589));
#14883=CARTESIAN_POINT('Ctrl Pts',(-10.4130927400802,103.055946821903,-224.822915544235));
#14884=CARTESIAN_POINT('',(-10.4130927400802,103.055946821903,-224.822915544235));
#14885=CARTESIAN_POINT('Origin',(-9.46757416448088,102.730378667446,-224.822915544235));
#14886=CARTESIAN_POINT('Ctrl Pts',(-11.0742997168489,101.135662327577,-222.792915674452));
#14887=CARTESIAN_POINT('Ctrl Pts',(-10.8539004110311,101.775748388965,-223.469591577283));
#14888=CARTESIAN_POINT('Ctrl Pts',(-10.6334982770688,102.415842663881,-224.146258789589));
#14889=CARTESIAN_POINT('Ctrl Pts',(-10.4130927400802,103.055946821903,-224.822915544235));
#14890=CARTESIAN_POINT('Origin',(-10.7437491022856,102.095651018014,-224.227078616399));
#14891=CARTESIAN_POINT('',(-10.4130927400282,103.055946822055,-224.227078616399));
#14892=CARTESIAN_POINT('Origin',(-15.8101218291271,103.1633825385,-220.977078730486));
#14893=CARTESIAN_POINT('',(-16.2747154767653,102.277858545277,-222.792915674457));
#14894=CARTESIAN_POINT('',(-14.9113277828269,102.725011391713,-222.792915674457));
#14895=CARTESIAN_POINT('Origin',(-15.8101218291271,103.1633825385,-222.792915674457));
#14896=CARTESIAN_POINT('',(-16.2747154767653,102.277858545277,-220.977078730486));
#14897=CARTESIAN_POINT('',(-14.9113277828279,102.725011391711,-220.977078730486));
#14898=CARTESIAN_POINT('Origin',(4.00880365815593E-14,133.297764027892,
-222.792915674452));
#14899=CARTESIAN_POINT('',(-16.1386391478681,102.537222517989,-223.500022455639));
#14900=CARTESIAN_POINT('Origin',(-15.8101218291271,103.1633825385,-222.792915674452));
#14901=CARTESIAN_POINT('',(-22.243044887155,106.616056030172,-223.500022455639));
#14902=CARTESIAN_POINT('Origin',(4.10782519111308E-14,133.297764027891,
-223.500022455639));
#14903=CARTESIAN_POINT('',(-22.4305917964084,106.391083599736,-222.792915674452));
#14904=CARTESIAN_POINT('Origin',(-21.7902665952548,107.159187522892,-222.792915674452));
#14905=CARTESIAN_POINT('Origin',(4.00880365815593E-14,133.297764027892,
-222.792915674452));
#14906=CARTESIAN_POINT('Origin',(-15.810121829126,103.163382538503,-222.792915674455));
#14907=CARTESIAN_POINT('Origin',(-15.810121829126,103.163382538503,-222.792915674455));
#14908=CARTESIAN_POINT('Origin',(-21.7902665952548,107.159187522892,-220.977078730486));
#14909=CARTESIAN_POINT('',(-22.5392223160422,107.821807571109,-222.792915674457));
#14910=CARTESIAN_POINT('Origin',(-21.7902665952548,107.159187522892,-222.792915674457));
#14911=CARTESIAN_POINT('',(-22.5392223160438,107.821807571108,-220.977078730486));
#14912=CARTESIAN_POINT('',(-22.4305917964084,106.391083599736,-220.977078730486));
#14913=CARTESIAN_POINT('Origin',(-21.7902665952548,107.159187522892,-222.792915674452));
#14914=CARTESIAN_POINT('Origin',(-21.7902665952548,107.159187522892,-222.792915674452));
#14915=CARTESIAN_POINT('Origin',(-14.4662478510405,103.637560485665,-224.227078616399));
#14916=CARTESIAN_POINT('',(-14.021025532053,104.550401516642,-224.822915544395));
#14917=CARTESIAN_POINT('',(-14.021025532053,104.550401516642,-224.227078616399));
#14918=CARTESIAN_POINT('Ctrl Pts',(-14.0210255321144,104.550401516516,-224.822915544255));
#14919=CARTESIAN_POINT('Ctrl Pts',(-14.3177972731048,103.941929275891,-224.146258789602));
#14920=CARTESIAN_POINT('Ctrl Pts',(-14.6145644319868,103.333466429981,-223.46959157729));
#14921=CARTESIAN_POINT('Ctrl Pts',(-14.9113277828278,102.725011391712,-222.792915674453));
#14922=CARTESIAN_POINT('Ctrl Pts',(-15.2495041270089,104.363226423274,-225.530022325441));
#14923=CARTESIAN_POINT('Ctrl Pts',(-15.5458623065575,103.754536221436,-224.853365570788));
#14924=CARTESIAN_POINT('Ctrl Pts',(-15.8422418380342,103.145869601113,-224.176698358477));
#14925=CARTESIAN_POINT('Ctrl Pts',(-16.1386391478681,102.537222517989,-223.500022455639));
#14926=CARTESIAN_POINT('Ctrl Pts',(-14.9789465633115,104.225993392636,-225.534764242818));
#14927=CARTESIAN_POINT('Ctrl Pts',(-15.2753363510543,103.617435095963,-224.858002589788));
#14928=CARTESIAN_POINT('Ctrl Pts',(-15.5717485656371,103.008883613658,-224.181246184139));
#14929=CARTESIAN_POINT('Ctrl Pts',(-15.8681740435928,102.40035311587,-223.504477685479));
#14930=CARTESIAN_POINT('Ctrl Pts',(-14.425694266536,104.150610942552,-225.359902293682));
#14931=CARTESIAN_POINT('Ctrl Pts',(-14.7222955691372,103.54222414885,-224.683082862364));
#14932=CARTESIAN_POINT('Ctrl Pts',(-15.0189023827709,102.933843455323,-224.006261390645));
#14933=CARTESIAN_POINT('Ctrl Pts',(-15.3155149808841,102.325464289608,-223.329441939154));
#14934=CARTESIAN_POINT('Ctrl Pts',(-14.091545161947,104.405814848563,-224.983861557701));
#14935=CARTESIAN_POINT('Ctrl Pts',(-14.3882982726812,103.797383716359,-224.30715634638));
#14936=CARTESIAN_POINT('Ctrl Pts',(-14.6850442025746,103.188958920471,-223.630442585495));
#14937=CARTESIAN_POINT('Ctrl Pts',(-14.9817910363121,102.580540312402,-222.953723923791));
#14938=CARTESIAN_POINT('Ctrl Pts',(-14.0210255321144,104.550401516516,-224.822915544255));
#14939=CARTESIAN_POINT('Ctrl Pts',(-14.3177972731048,103.941929275891,-224.146258789602));
#14940=CARTESIAN_POINT('Ctrl Pts',(-14.6145644319868,103.333466429981,-223.46959157729));
#14941=CARTESIAN_POINT('Ctrl Pts',(-14.9113277828278,102.725011391712,-222.792915674453));
#14942=CARTESIAN_POINT('',(-15.2495041269763,104.363226423336,-225.530022325441));
#14943=CARTESIAN_POINT('Origin',(-14.9198195784136,104.988772663305,-224.822915544255));
#14944=CARTESIAN_POINT('Ctrl Pts',(-16.1386391478681,102.537222517989,-223.500022455639));
#14945=CARTESIAN_POINT('Ctrl Pts',(-15.8422418380342,103.145869601113,-224.176698358477));
#14946=CARTESIAN_POINT('Ctrl Pts',(-15.5458623065575,103.754536221436,-224.853365570788));
#14947=CARTESIAN_POINT('Ctrl Pts',(-15.2495041270089,104.363226423274,-225.530022325441));
#14948=CARTESIAN_POINT('Origin',(4.00880365815593E-14,133.297764027892,
-225.237129122738));
#14949=CARTESIAN_POINT('',(-20.8962944943497,108.136291119624,-225.530022325444));
#14950=CARTESIAN_POINT('Origin',(4.21884749357559E-14,133.297764027892,
-225.530022325581));
#14951=CARTESIAN_POINT('Ctrl Pts',(-20.8962944943937,108.136291119571,-225.530022325444));
#14952=CARTESIAN_POINT('Ctrl Pts',(-21.3452395481532,107.629556207507,-224.85336557079));
#14953=CARTESIAN_POINT('Ctrl Pts',(-21.7941546444046,107.122810593089,-224.176698358477));
#14954=CARTESIAN_POINT('Ctrl Pts',(-22.2430448871551,106.616056030172,-223.500022455639));
#14955=CARTESIAN_POINT('Ctrl Pts',(-22.2430448871551,106.616056030172,-223.500022455639));
#14956=CARTESIAN_POINT('Ctrl Pts',(-21.7941546444046,107.122810593089,-224.176698358477));
#14957=CARTESIAN_POINT('Ctrl Pts',(-21.3452395481532,107.629556207507,-224.85336557079));
#14958=CARTESIAN_POINT('Ctrl Pts',(-20.8962944943937,108.136291119571,-225.530022325444));
#14959=CARTESIAN_POINT('Ctrl Pts',(-22.4729982408391,106.813555551682,-223.504477685478));
#14960=CARTESIAN_POINT('Ctrl Pts',(-22.0242264883679,107.320291523273,-224.18124618414));
#14961=CARTESIAN_POINT('Ctrl Pts',(-21.5754302730577,107.827023271533,-224.85800258979));
#14962=CARTESIAN_POINT('Ctrl Pts',(-21.1266191797123,108.333736907839,-225.534764242821));
#14963=CARTESIAN_POINT('Ctrl Pts',(-22.7536787665924,107.29548701292,-223.329441313394));
#14964=CARTESIAN_POINT('Ctrl Pts',(-22.3051184345103,107.802337948717,-224.006260764886));
#14965=CARTESIAN_POINT('Ctrl Pts',(-21.8565544736452,108.309184124964,-224.683082234197));
#14966=CARTESIAN_POINT('Ctrl Pts',(-21.4079827716163,108.816027544174,-225.359901665516));
#14967=CARTESIAN_POINT('Ctrl Pts',(-22.6457310695583,107.701421324912,-222.953723923791));
#14968=CARTESIAN_POINT('Ctrl Pts',(-22.1971856672425,108.208411372191,-223.630442585496));
#14969=CARTESIAN_POINT('Ctrl Pts',(-21.7486342022406,108.715402952402,-224.307156346381));
#14970=CARTESIAN_POINT('Ctrl Pts',(-21.3000796312343,109.222403591649,-224.983861557703));
#14971=CARTESIAN_POINT('Ctrl Pts',(-22.5392223160438,107.821807571108,-222.792915674452));
#14972=CARTESIAN_POINT('Ctrl Pts',(-22.0906495774329,108.328826819434,-223.469591577291));
#14973=CARTESIAN_POINT('Ctrl Pts',(-21.6420710827763,108.835852573787,-224.146258789603));
#14974=CARTESIAN_POINT('Ctrl Pts',(-21.1934856620324,109.342886156658,-224.822915544257));
#14975=CARTESIAN_POINT('',(-21.1934856620324,109.342886156658,-224.822915544257));
#14976=CARTESIAN_POINT('Origin',(-20.4445299412434,108.680266108442,-224.822915544257));
#14977=CARTESIAN_POINT('Ctrl Pts',(-22.5392223160438,107.821807571108,-222.792915674452));
#14978=CARTESIAN_POINT('Ctrl Pts',(-22.0906495774329,108.328826819434,-223.469591577291));
#14979=CARTESIAN_POINT('Ctrl Pts',(-21.6420710827763,108.835852573787,-224.146258789603));
#14980=CARTESIAN_POINT('Ctrl Pts',(-21.1934856620324,109.342886156658,-224.822915544257));
#14981=CARTESIAN_POINT('Origin',(-21.8664616017017,108.582225229893,-224.227078616399));
#14982=CARTESIAN_POINT('',(-21.1934856619412,109.342886156761,-224.227078616399));
#14983=CARTESIAN_POINT('Origin',(-26.1385765049996,111.507497432637,-220.977078730486));
#14984=CARTESIAN_POINT('',(-26.9066804281557,110.867172231483,-222.792915674457));
#14985=CARTESIAN_POINT('',(-25.4759564567821,110.758541711849,-222.792915674457));
#14986=CARTESIAN_POINT('Origin',(-26.1385765049996,111.507497432637,-222.792915674457));
#14987=CARTESIAN_POINT('',(-26.9066804281557,110.867172231483,-220.977078730486));
#14988=CARTESIAN_POINT('',(-25.4759564567839,110.758541711848,-220.977078730486));
#14989=CARTESIAN_POINT('Origin',(4.00880365815593E-14,133.297764027892,
-222.792915674452));
#14990=CARTESIAN_POINT('',(-26.6817079977191,111.054719140736,-223.500022455639));
#14991=CARTESIAN_POINT('Origin',(-26.1385765049996,111.507497432637,-222.792915674452));
#14992=CARTESIAN_POINT('',(-30.7605415099025,117.159124880023,-223.500022455639));
#14993=CARTESIAN_POINT('Origin',(3.99680288865056E-14,133.297764027892,
-223.500022455639));
#14994=CARTESIAN_POINT('',(-31.0199054826144,117.023048551126,-222.792915674452));
#14995=CARTESIAN_POINT('Origin',(-30.1343814893911,117.487642198764,-222.792915674452));
#14996=CARTESIAN_POINT('Origin',(4.00880365815593E-14,133.297764027892,
-222.792915674452));
#14997=CARTESIAN_POINT('Origin',(-26.1385765049978,111.507497432638,-222.792915674455));
#14998=CARTESIAN_POINT('Origin',(-26.1385765049978,111.507497432638,-222.792915674455));
#14999=CARTESIAN_POINT('Origin',(-30.1343814893911,117.487642198764,-220.977078730486));
#15000=CARTESIAN_POINT('',(-30.572752636178,118.386436245065,-222.792915674457));
#15001=CARTESIAN_POINT('Origin',(-30.1343814893911,117.487642198764,-222.792915674457));
#15002=CARTESIAN_POINT('',(-30.5727526361802,118.386436245064,-220.977078730486));
#15003=CARTESIAN_POINT('',(-31.0199054826144,117.023048551126,-220.977078730486));
#15004=CARTESIAN_POINT('Origin',(-30.134381489391,117.487642198764,-222.792915674452));
#15005=CARTESIAN_POINT('Origin',(-30.134381489391,117.487642198764,-222.792915674452));
#15006=CARTESIAN_POINT('Origin',(-24.7155387979983,111.43130242619,-224.227078616399));
#15007=CARTESIAN_POINT('',(-23.9548778711305,112.10427836595,-224.822915544395));
#15008=CARTESIAN_POINT('',(-23.9548778711305,112.10427836595,-224.227078616399));
#15009=CARTESIAN_POINT('Ctrl Pts',(-23.9548778712335,112.104278365859,-224.822915544257));
#15010=CARTESIAN_POINT('Ctrl Pts',(-24.461911454104,111.655692945115,-224.146258789604));
#15011=CARTESIAN_POINT('Ctrl Pts',(-24.9689372084569,111.207114450459,-223.469591577291));
#15012=CARTESIAN_POINT('Ctrl Pts',(-25.4759564567837,110.758541711848,-222.792915674453));
#15013=CARTESIAN_POINT('Ctrl Pts',(-25.1614729083201,112.401469533498,-225.530022325444));
#15014=CARTESIAN_POINT('Ctrl Pts',(-25.6682078203841,111.952524479738,-224.85336557079));
#15015=CARTESIAN_POINT('Ctrl Pts',(-26.1749534348026,111.503609383487,-224.176698358477));
#15016=CARTESIAN_POINT('Ctrl Pts',(-26.681707997719,111.054719140737,-223.500022455639));
#15017=CARTESIAN_POINT('Ctrl Pts',(-24.9640271200522,112.171144848179,-225.534764242821));
#15018=CARTESIAN_POINT('Ctrl Pts',(-25.4707407563588,111.722333754834,-224.85800258979));
#15019=CARTESIAN_POINT('Ctrl Pts',(-25.9774725046182,111.273537539524,-224.18124618414));
#15020=CARTESIAN_POINT('Ctrl Pts',(-26.4842084762093,110.824765787053,-223.504477685479));
#15021=CARTESIAN_POINT('Ctrl Pts',(-24.4817366388342,111.889782092979,-225.359901227061));
#15022=CARTESIAN_POINT('Ctrl Pts',(-24.9885800580438,111.44121039095,-224.683081795742));
#15023=CARTESIAN_POINT('Ctrl Pts',(-25.4954262342511,110.992646427542,-224.006260328112));
#15024=CARTESIAN_POINT('Ctrl Pts',(-26.0022771700486,110.54408609546,-223.32944087662));
#15025=CARTESIAN_POINT('Ctrl Pts',(-24.0753604362425,111.997684396657,-224.983861557704));
#15026=CARTESIAN_POINT('Ctrl Pts',(-24.5823610754892,111.549129825651,-224.307156346382));
#15027=CARTESIAN_POINT('Ctrl Pts',(-25.0893526557008,111.100578360649,-223.630442585496));
#15028=CARTESIAN_POINT('Ctrl Pts',(-25.5963427029795,110.652032958333,-222.953723923791));
#15029=CARTESIAN_POINT('Ctrl Pts',(-23.9548778712335,112.104278365859,-224.822915544257));
#15030=CARTESIAN_POINT('Ctrl Pts',(-24.461911454104,111.655692945115,-224.146258789604));
#15031=CARTESIAN_POINT('Ctrl Pts',(-24.9689372084569,111.207114450459,-223.469591577291));
#15032=CARTESIAN_POINT('Ctrl Pts',(-25.4759564567837,110.758541711848,-222.792915674453));
#15033=CARTESIAN_POINT('',(-25.1614729082672,112.401469533542,-225.530022325444));
#15034=CARTESIAN_POINT('Origin',(-24.6174979194493,112.853234086648,-224.822915544257));
#15035=CARTESIAN_POINT('Ctrl Pts',(-26.681707997719,111.054719140737,-223.500022455639));
#15036=CARTESIAN_POINT('Ctrl Pts',(-26.1749534348026,111.503609383487,-224.176698358477));
#15037=CARTESIAN_POINT('Ctrl Pts',(-25.6682078203841,111.952524479738,-224.85336557079));
#15038=CARTESIAN_POINT('Ctrl Pts',(-25.1614729083201,112.401469533498,-225.530022325444));
#15039=CARTESIAN_POINT('Origin',(4.00880365815593E-14,133.297764027892,
-225.237129122738));
#15040=CARTESIAN_POINT('',(-28.934537604556,118.048259900915,-225.530022325441));
#15041=CARTESIAN_POINT('Origin',(4.21884749357559E-14,133.297764027892,
-225.530022325581));
#15042=CARTESIAN_POINT('Ctrl Pts',(-28.9345376046179,118.048259900883,-225.530022325441));
#15043=CARTESIAN_POINT('Ctrl Pts',(-29.5432278064557,117.751901721334,-224.853365570788));
#15044=CARTESIAN_POINT('Ctrl Pts',(-30.1518944267787,117.455522189857,-224.176698358476));
#15045=CARTESIAN_POINT('Ctrl Pts',(-30.7605415099027,117.159124880023,-223.500022455639));
#15046=CARTESIAN_POINT('Ctrl Pts',(-30.7605415099027,117.159124880023,-223.500022455639));
#15047=CARTESIAN_POINT('Ctrl Pts',(-30.1518944267787,117.455522189857,-224.176698358476));
#15048=CARTESIAN_POINT('Ctrl Pts',(-29.5432278064557,117.751901721334,-224.853365570788));
#15049=CARTESIAN_POINT('Ctrl Pts',(-28.9345376046179,118.048259900883,-225.530022325441));
#15050=CARTESIAN_POINT('Ctrl Pts',(-30.8974109120218,117.429589984299,-223.504477685478));
#15051=CARTESIAN_POINT('Ctrl Pts',(-30.2888804142338,117.726015462254,-224.181246184139));
#15052=CARTESIAN_POINT('Ctrl Pts',(-29.6803289319286,118.022427676837,-224.858002589788));
#15053=CARTESIAN_POINT('Ctrl Pts',(-29.0717706352556,118.31881746458,-225.534764242818));
#15054=CARTESIAN_POINT('Ctrl Pts',(-30.9722971047784,117.98224733473,-223.32944032209));
#15055=CARTESIAN_POINT('Ctrl Pts',(-30.3639179390636,118.278859932843,-224.006259773581));
#15056=CARTESIAN_POINT('Ctrl Pts',(-29.7555372368928,118.575466742738,-224.683081239076));
#15057=CARTESIAN_POINT('Ctrl Pts',(-29.1471504431905,118.872068045339,-225.359900670394));
#15058=CARTESIAN_POINT('Ctrl Pts',(-30.7172237154893,118.315972991579,-222.953723923791));
#15059=CARTESIAN_POINT('Ctrl Pts',(-30.1088051074207,118.612719825317,-223.630442585495));
#15060=CARTESIAN_POINT('Ctrl Pts',(-29.5003803115327,118.90946575521,-224.30715634638));
#15061=CARTESIAN_POINT('Ctrl Pts',(-28.8919491793281,119.206218865944,-224.983861557701));
#15062=CARTESIAN_POINT('Ctrl Pts',(-30.5727526361801,118.386436245064,-222.792915674452));
#15063=CARTESIAN_POINT('Ctrl Pts',(-29.9642975979108,118.683199595905,-223.46959157729));
#15064=CARTESIAN_POINT('Ctrl Pts',(-29.3558347520004,118.979966754787,-224.146258789602));
#15065=CARTESIAN_POINT('Ctrl Pts',(-28.7473625113756,119.276738495777,-224.822915544255));
#15066=CARTESIAN_POINT('',(-28.7473625113755,119.276738495777,-224.822915544255));
#15067=CARTESIAN_POINT('Origin',(-28.3089913645865,118.377944449478,-224.822915544255));
#15068=CARTESIAN_POINT('Ctrl Pts',(-30.5727526361801,118.386436245064,-222.792915674452));
#15069=CARTESIAN_POINT('Ctrl Pts',(-29.9642975979108,118.683199595905,-223.46959157729));
#15070=CARTESIAN_POINT('Ctrl Pts',(-29.3558347520004,118.979966754787,-224.146258789602));
#15071=CARTESIAN_POINT('Ctrl Pts',(-28.7473625113756,119.276738495777,-224.822915544255));
#15072=CARTESIAN_POINT('Origin',(-29.6602035422267,118.831516176851,-224.227078616399));
#15073=CARTESIAN_POINT('',(-28.7473625112496,119.276738495838,-224.227078616399));
#15074=CARTESIAN_POINT('Origin',(-32.487669854772,123.168982886642,-220.977078730486));
#15075=CARTESIAN_POINT('',(-33.4423471940248,122.871340184871,-222.792915674457));
#15076=CARTESIAN_POINT('',(-32.1621017003126,122.223464311043,-222.792915674457));
#15077=CARTESIAN_POINT('Origin',(-32.487669854772,123.168982886642,-222.792915674457));
#15078=CARTESIAN_POINT('',(-33.4423471940248,122.871340184871,-220.977078730486));
#15079=CARTESIAN_POINT('',(-32.1621017003149,122.223464311043,-220.977078730486));
#15080=CARTESIAN_POINT('Origin',(4.00880365815593E-14,133.297764027892,
-222.792915674452));
#15081=CARTESIAN_POINT('',(-33.1627286752026,122.958517713849,-223.500022455639));
#15082=CARTESIAN_POINT('Origin',(-32.487669854772,123.168982886642,-222.792915674452));
#15083=CARTESIAN_POINT('',(-34.5950245327706,130.159155243009,-223.500022455639));
#15084=CARTESIAN_POINT('Origin',(3.99680288865056E-14,133.297764027892,
-223.500022455639));
#15085=CARTESIAN_POINT('',(-34.8867197552359,130.132691403191,-222.792915674452));
#15086=CARTESIAN_POINT('Origin',(-33.890809970616,130.22304460401,-222.792915674452));
#15087=CARTESIAN_POINT('Origin',(4.00880365815593E-14,133.297764027892,
-222.792915674452));
#15088=CARTESIAN_POINT('Origin',(-32.4876698547697,123.168982886643,-222.792915674455));
#15089=CARTESIAN_POINT('Origin',(-32.4876698547697,123.168982886643,-222.792915674455));
#15090=CARTESIAN_POINT('Origin',(-33.890809970616,130.22304460401,-220.977078730486));
#15091=CARTESIAN_POINT('',(-33.9518585101485,131.221179402432,-222.792915674457));
#15092=CARTESIAN_POINT('Origin',(-33.890809970616,130.22304460401,-222.792915674457));
#15093=CARTESIAN_POINT('',(-33.9518585101509,131.221179402432,-220.977078730486));
#15094=CARTESIAN_POINT('',(-34.8867197552359,130.132691403191,-220.977078730486));
#15095=CARTESIAN_POINT('Origin',(-33.890809970616,130.22304460401,-222.792915674452));
#15096=CARTESIAN_POINT('Origin',(-33.890809970616,130.22304460401,-222.792915674452));
#15097=CARTESIAN_POINT('Origin',(-31.2021130098779,122.554014925606,-224.227078616399));
#15098=CARTESIAN_POINT('',(-30.2418172058369,122.884671287863,-224.822915544395));
#15099=CARTESIAN_POINT('',(-30.2418172058369,122.884671287863,-224.227078616399));
#15100=CARTESIAN_POINT('Ctrl Pts',(-30.2418172059881,122.884671287811,-224.822915544235));
#15101=CARTESIAN_POINT('Ctrl Pts',(-30.8819213640102,122.664265750823,-224.146258789589));
#15102=CARTESIAN_POINT('Ctrl Pts',(-31.5220156389262,122.443863616861,-223.469591577283));
#15103=CARTESIAN_POINT('Ctrl Pts',(-32.1621017003146,122.223464311043,-222.792915674453));
#15104=CARTESIAN_POINT('Ctrl Pts',(-31.2428355286814,123.620984055103,-225.530022325421));
#15105=CARTESIAN_POINT('Ctrl Pts',(-31.8828013764553,123.400131964163,-224.853365570775));
#15106=CARTESIAN_POINT('Ctrl Pts',(-32.5227656476734,123.179311645965,-224.17669835847));
#15107=CARTESIAN_POINT('Ctrl Pts',(-33.1627286752025,122.958517713849,-223.500022455639));
#15108=CARTESIAN_POINT('Ctrl Pts',(-31.1485608472563,123.332632560544,-225.534764242798));
#15109=CARTESIAN_POINT('Ctrl Pts',(-31.7884557743622,123.111896091009,-224.858002589775));
#15110=CARTESIAN_POINT('Ctrl Pts',(-32.4283617411531,122.89118029813,-224.181246184132));
#15111=CARTESIAN_POINT('Ctrl Pts',(-33.0682622482705,122.670488722167,-223.504477685479));
#15112=CARTESIAN_POINT('Ctrl Pts',(-30.8106550304425,122.888124468972,-225.359900291569));
#15113=CARTESIAN_POINT('Ctrl Pts',(-31.4505782502255,122.667658833941,-224.683080860258));
#15114=CARTESIAN_POINT('Ctrl Pts',(-32.0905010576989,122.447201398474,-224.006259396222));
#15115=CARTESIAN_POINT('Ctrl Pts',(-32.7304268708134,122.226749144378,-223.329439944737));
#15116=CARTESIAN_POINT('Ctrl Pts',(-30.3939203278279,122.832297982894,-224.983861557681));
#15117=CARTESIAN_POINT('Ctrl Pts',(-31.0339822442268,122.611908340368,-224.307156346367));
#15118=CARTESIAN_POINT('Ctrl Pts',(-31.6740346025522,122.391518100673,-223.630442585489));
#15119=CARTESIAN_POINT('Ctrl Pts',(-32.3140832245427,122.171132875541,-222.953723923791));
#15120=CARTESIAN_POINT('Ctrl Pts',(-30.2418172059881,122.884671287811,-224.822915544235));
#15121=CARTESIAN_POINT('Ctrl Pts',(-30.8819213640102,122.664265750823,-224.146258789589));
#15122=CARTESIAN_POINT('Ctrl Pts',(-31.5220156389262,122.443863616861,-223.469591577283));
#15123=CARTESIAN_POINT('Ctrl Pts',(-32.1621017003146,122.223464311043,-222.792915674453));
#15124=CARTESIAN_POINT('',(-31.2428355286051,123.620984055126,-225.530022325421));
#15125=CARTESIAN_POINT('Origin',(-30.5673853604452,123.830189863411,-224.822915544235));
#15126=CARTESIAN_POINT('Ctrl Pts',(-33.1627286752025,122.958517713849,-223.500022455639));
#15127=CARTESIAN_POINT('Ctrl Pts',(-32.5227656476734,123.179311645965,-224.17669835847));
#15128=CARTESIAN_POINT('Ctrl Pts',(-31.8828013764553,123.400131964163,-224.853365570775));
#15129=CARTESIAN_POINT('Ctrl Pts',(-31.2428355286814,123.620984055103,-225.530022325421));
#15130=CARTESIAN_POINT('Origin',(4.00880365815593E-14,133.297764027892,
-225.237129122738));
#15131=CARTESIAN_POINT('',(-32.5677596567222,130.281827448439,-225.530022325405));
#15132=CARTESIAN_POINT('Origin',(4.21884749357559E-14,133.297764027892,
-225.530022325581));
#15133=CARTESIAN_POINT('Ctrl Pts',(-32.5677596568096,130.281827448431,-225.530022325405));
#15134=CARTESIAN_POINT('Ctrl Pts',(-33.243527441275,130.240963847741,-224.853365570765));
#15135=CARTESIAN_POINT('Ctrl Pts',(-33.9192816102906,130.200071496186,-224.176698358465));
#15136=CARTESIAN_POINT('Ctrl Pts',(-34.5950245327707,130.159155243009,-223.500022455639));
#15137=CARTESIAN_POINT('Ctrl Pts',(-34.5950245327707,130.159155243009,-223.500022455639));
#15138=CARTESIAN_POINT('Ctrl Pts',(-33.9192816102906,130.200071496186,-224.176698358465));
#15139=CARTESIAN_POINT('Ctrl Pts',(-33.243527441275,130.240963847741,-224.853365570765));
#15140=CARTESIAN_POINT('Ctrl Pts',(-32.5677596568096,130.281827448431,-225.530022325405));
#15141=CARTESIAN_POINT('Ctrl Pts',(-34.6179728575766,130.461410069696,-223.504477685478));
#15142=CARTESIAN_POINT('Ctrl Pts',(-33.9423268664287,130.502396962101,-224.181246184127));
#15143=CARTESIAN_POINT('Ctrl Pts',(-33.2666665637879,130.543363570321,-224.858002589765));
#15144=CARTESIAN_POINT('Ctrl Pts',(-32.5910085478722,130.584306851096,-225.534764242783));
#15145=CARTESIAN_POINT('Ctrl Pts',(-34.4756649877992,131.000655309439,-223.329439522783));
#15146=CARTESIAN_POINT('Ctrl Pts',(-33.8000872014722,131.041872990605,-224.006258974263));
#15147=CARTESIAN_POINT('Ctrl Pts',(-33.1245102074604,131.083084732835,-224.683080436669));
#15148=CARTESIAN_POINT('Ctrl Pts',(-32.4489296963972,131.124289059204,-225.359899867975));
#15149=CARTESIAN_POINT('Ctrl Pts',(-34.1122975030634,131.211366533251,-222.953723923791));
#15150=CARTESIAN_POINT('Ctrl Pts',(-33.4366319070036,131.252693138028,-223.630442585483));
#15151=CARTESIAN_POINT('Ctrl Pts',(-32.7609609400301,131.294016539785,-224.307156346356));
#15152=CARTESIAN_POINT('Ctrl Pts',(-32.0852813710747,131.335344150971,-224.983861557665));
#15153=CARTESIAN_POINT('Ctrl Pts',(-33.9518585101508,131.221179402432,-222.792915674452));
#15154=CARTESIAN_POINT('Ctrl Pts',(-33.2761529361523,131.262507325788,-223.469591577278));
#15155=CARTESIAN_POINT('Ctrl Pts',(-32.6004386915597,131.30383577946,-224.146258789578));
#15156=CARTESIAN_POINT('Ctrl Pts',(-31.9247140138858,131.345164871247,-224.822915544219));
#15157=CARTESIAN_POINT('',(-31.9247140138858,131.345164871247,-224.822915544219));
#15158=CARTESIAN_POINT('Origin',(-31.863665474351,130.347030072826,-224.822915544219));
#15159=CARTESIAN_POINT('Ctrl Pts',(-33.9518585101508,131.221179402432,-222.792915674452));
#15160=CARTESIAN_POINT('Ctrl Pts',(-33.2761529361523,131.262507325788,-223.469591577278));
#15161=CARTESIAN_POINT('Ctrl Pts',(-32.6004386915597,131.30383577946,-224.146258789578));
#15162=CARTESIAN_POINT('Ctrl Pts',(-31.9247140138858,131.345164871247,-224.822915544219));
#15163=CARTESIAN_POINT('Origin',(-32.9384483638623,131.283162222266,-224.227078616399));
#15164=CARTESIAN_POINT('',(-31.9247140137104,131.345164871258,-224.227078616399));
#15165=CARTESIAN_POINT('Origin',(-31.8636654741755,130.347030072836,-224.227078616399));
#15166=CARTESIAN_POINT('',(-30.8679259321545,130.439240508557,-224.822915544395));
#15167=CARTESIAN_POINT('Origin',(-31.8636654741755,130.347030072836,-224.822915544395));
#15168=CARTESIAN_POINT('',(-30.8679259321545,130.439240508557,-224.227078616399));
#15169=CARTESIAN_POINT('Origin',(-31.8636654741761,130.347030072842,-224.822915544395));
#15170=CARTESIAN_POINT('Origin',(-31.8636654741761,130.347030072842,-224.822915544395));
#15171=CARTESIAN_POINT('Origin',(4.00880365815593E-14,133.297764027892,
-224.822915544395));
#15172=CARTESIAN_POINT('',(-29.6121545716672,124.126051554899,-224.822915544395));
#15173=CARTESIAN_POINT('Origin',(-30.5673853602941,123.830189863463,-224.822915544395));
#15174=CARTESIAN_POINT('Origin',(4.00880365815593E-14,133.297764027892,
-224.822915544395));
#15175=CARTESIAN_POINT('Origin',(4.00880365815593E-14,133.297764027892,
-224.227078616399));
#15176=CARTESIAN_POINT('',(-29.6121545716672,124.126051554899,-224.227078616399));
#15177=CARTESIAN_POINT('Origin',(-30.5673853602941,123.830189863463,-224.227078616399));
#15178=CARTESIAN_POINT('Origin',(-30.5673853602941,123.830189863463,-224.822915544395));
#15179=CARTESIAN_POINT('Origin',(-30.5673853602941,123.830189863463,-224.822915544395));
#15180=CARTESIAN_POINT('Origin',(-28.3089913644605,118.377944449539,-224.227078616399));
#15181=CARTESIAN_POINT('',(-27.4243353879167,118.844188809468,-224.822915544395));
#15182=CARTESIAN_POINT('Origin',(-28.3089913644605,118.377944449539,-224.822915544395));
#15183=CARTESIAN_POINT('',(-27.4243353879167,118.844188809468,-224.227078616399));
#15184=CARTESIAN_POINT('Origin',(-28.3089913644626,118.377944449543,-224.822915544395));
#15185=CARTESIAN_POINT('Origin',(-28.3089913644626,118.377944449543,-224.822915544395));
#15186=CARTESIAN_POINT('Origin',(4.00880365815593E-14,133.297764027892,
-224.822915544395));
#15187=CARTESIAN_POINT('',(-23.8482011124933,113.492125644804,-224.822915544395));
#15188=CARTESIAN_POINT('Origin',(-24.6174979193462,112.853234086739,-224.822915544395));
#15189=CARTESIAN_POINT('Origin',(4.00880365815593E-14,133.297764027892,
-224.822915544395));
#15190=CARTESIAN_POINT('Origin',(4.00880365815593E-14,133.297764027892,
-224.227078616399));
#15191=CARTESIAN_POINT('',(-23.8482011124933,113.492125644804,-224.227078616399));
#15192=CARTESIAN_POINT('Origin',(-20.4445299411522,108.680266108545,-224.227078616399));
#15193=CARTESIAN_POINT('',(-19.8056383830878,109.449562915398,-224.822915544395));
#15194=CARTESIAN_POINT('Origin',(-20.4445299411522,108.680266108545,-224.822915544395));
#15195=CARTESIAN_POINT('',(-19.8056383830878,109.449562915398,-224.227078616399));
#15196=CARTESIAN_POINT('Origin',(-20.4445299411555,108.680266108548,-224.822915544395));
#15197=CARTESIAN_POINT('Origin',(-20.4445299411555,108.680266108548,-224.822915544395));
#15198=CARTESIAN_POINT('Origin',(4.00880365815593E-14,133.297764027892,
-224.822915544395));
#15199=CARTESIAN_POINT('',(-14.4535752184236,105.873428639975,-224.822915544395));
#15200=CARTESIAN_POINT('Origin',(-14.9198195783522,104.988772663431,-224.822915544395));
#15201=CARTESIAN_POINT('Origin',(4.00880365815593E-14,133.297764027892,
-224.822915544395));
#15202=CARTESIAN_POINT('Origin',(4.00880365815593E-14,133.297764027892,
-224.227078616399));
#15203=CARTESIAN_POINT('',(-14.4535752184236,105.873428639975,-224.227078616399));
#15204=CARTESIAN_POINT('Origin',(-24.6174979193462,112.853234086739,-224.227078616399));
#15205=CARTESIAN_POINT('Origin',(-24.6174979193462,112.853234086739,-224.822915544395));
#15206=CARTESIAN_POINT('Origin',(-24.6174979193462,112.853234086739,-224.822915544395));
#15207=CARTESIAN_POINT('Origin',(-14.9198195783522,104.988772663431,-224.227078616399));
#15208=CARTESIAN_POINT('Origin',(-14.9198195783522,104.988772663431,-224.822915544395));
#15209=CARTESIAN_POINT('Origin',(-14.9198195783522,104.988772663431,-224.822915544395));
#15210=CARTESIAN_POINT('Origin',(-2.95073395505524,101.434098553716,-224.227078616399));
#15211=CARTESIAN_POINT('',(-2.85852351933454,102.429838095737,-224.822915544395));
#15212=CARTESIAN_POINT('Origin',(-2.95073395505524,101.434098553716,-224.822915544395));
#15213=CARTESIAN_POINT('',(-1.95259915663339,101.373050014181,-224.227078616399));
#15214=CARTESIAN_POINT('',(-2.85852351933454,102.429838095737,-224.227078616399));
#15215=CARTESIAN_POINT('Origin',(-2.95073395505524,101.434098553716,-224.822915544395));
#15216=CARTESIAN_POINT('Origin',(-2.95073395505524,101.434098553716,-224.822915544395));
#15217=CARTESIAN_POINT('Origin',(-9.46757416442884,102.730378667597,-224.227078616399));
#15218=CARTESIAN_POINT('',(-9.17171247299291,103.685609456224,-224.822915544395));
#15219=CARTESIAN_POINT('Origin',(-9.46757416442884,102.730378667597,-224.822915544395));
#15220=CARTESIAN_POINT('',(-9.17171247299291,103.685609456224,-224.227078616399));
#15221=CARTESIAN_POINT('Origin',(-9.46757416443362,102.730378667599,-224.822915544395));
#15222=CARTESIAN_POINT('Origin',(-9.46757416443362,102.730378667599,-224.822915544395));
#15223=CARTESIAN_POINT('Origin',(4.00880365815593E-14,133.297764027892,
-224.822915544395));
#15224=CARTESIAN_POINT('Origin',(4.00880365815593E-14,133.297764027892,
-224.822915544395));
#15225=CARTESIAN_POINT('Origin',(4.00880365815593E-14,133.297764027892,
-224.227078616399));
#15226=CARTESIAN_POINT('Origin',(-22.5,110.797764027892,-221.717028224148));
#15227=CARTESIAN_POINT('',(-34.5753416429758,115.349899701632,-221.717028224148));
#15228=CARTESIAN_POINT('',(-33.9177387235812,116.758660090104,-221.717028224148));
#15229=CARTESIAN_POINT('Origin',(-34.816571217173,116.320367780722,-221.717028224148));
#15230=CARTESIAN_POINT('',(-35.6783756031162,121.009213523092,-221.717028224148));
#15231=CARTESIAN_POINT('Origin',(3.5527136788005E-14,133.297764027892,-221.717028224148));
#15232=CARTESIAN_POINT('',(-37.1395151105038,121.540362063216,-221.717028224148));
#15233=CARTESIAN_POINT('Origin',(-36.6238656185918,120.683562435828,-221.717028224148));
#15234=CARTESIAN_POINT('',(-39.9813006873165,119.830084371715,-221.717028224148));
#15235=CARTESIAN_POINT('',(-35.5600173237196,122.49095448319,-221.717028224148));
#15236=CARTESIAN_POINT('',(-40.2607807704248,118.366845168667,-221.717028224148));
#15237=CARTESIAN_POINT('Origin',(-39.4656511954045,118.973284744328,-221.717028224148));
#15238=CARTESIAN_POINT('',(-39.0264250733362,115.386846903963,-221.717028224148));
#15239=CARTESIAN_POINT('Origin',(-45.270097093053,114.546275842002,-221.717028224148));
#15240=CARTESIAN_POINT('',(-37.7941364483902,114.549802802962,-221.717028224148));
#15241=CARTESIAN_POINT('Origin',(-38.0353660225875,115.520270882052,-221.717028224148));
#15242=CARTESIAN_POINT('',(-29.4218534257011,116.630903987162,-221.717028224148));
#15243=CARTESIAN_POINT('Origin',(-22.5,110.797764027892,-221.717028224148));
#15244=CARTESIAN_POINT('',(-17.9109171239286,94.2713389545552,-221.717028224148));
#15245=CARTESIAN_POINT('',(-14.9309188592247,93.0369832574666,-221.717028224148));
#15246=CARTESIAN_POINT('Origin',(-18.7514881858894,88.0276669348384,-221.717028224148));
#15247=CARTESIAN_POINT('',(-13.4676796561763,93.316463340575,-221.717028224148));
#15248=CARTESIAN_POINT('Origin',(-14.3244792835636,93.832112832487,-221.717028224148));
#15249=CARTESIAN_POINT('',(-11.7574019646759,96.1582489173877,-221.717028224148));
#15250=CARTESIAN_POINT('',(-9.95167069895109,99.1586394925781,-221.717028224148));
#15251=CARTESIAN_POINT('',(-12.2885505047995,97.6193884247753,-221.717028224148));
#15252=CARTESIAN_POINT('Origin',(-12.6142015920631,96.6738984092997,-221.717028224148));
#15253=CARTESIAN_POINT('',(-16.5391039377871,99.3800253043102,-221.717028224148));
#15254=CARTESIAN_POINT('Origin',(3.5527136788005E-14,133.297764027892,-221.717028224148));
#15255=CARTESIAN_POINT('',(-17.9478643262591,98.7224223849156,-221.717028224148));
#15256=CARTESIAN_POINT('Origin',(-16.9773962471691,98.4811928107184,-221.717028224148));
#15257=CARTESIAN_POINT('',(-18.7479612249296,95.5036275795013,-221.717028224148));
#15258=CARTESIAN_POINT('',(-17.0669084900647,102.266513199483,-221.717028224148));
#15259=CARTESIAN_POINT('Origin',(-17.7774931458396,95.262398005304,-221.717028224148));
#15260=CARTESIAN_POINT('Origin',(-22.5,110.797764027892,-221.717028224148));
#15261=CARTESIAN_POINT('Origin',(-22.5,110.797764027892,-221.717028224148));
#15262=CARTESIAN_POINT('Origin',(3.5527136788005E-14,133.297764027892,-218.717028224148));
#15263=CARTESIAN_POINT('',(-12.2885505047995,97.6193884247753,-218.717028224148));
#15264=CARTESIAN_POINT('',(-12.2885505047995,97.6193884247753,-218.717028224148));
#15265=CARTESIAN_POINT('',(-16.5391039377871,99.3800253043102,-218.717028224148));
#15266=CARTESIAN_POINT('Origin',(3.5527136788005E-14,133.297764027892,-218.717028224148));
#15267=CARTESIAN_POINT('',(-16.5391039377871,99.3800253043102,-218.717028224148));
#15268=CARTESIAN_POINT('Origin',(-16.9773962471691,98.4811928107184,-218.717028224148));
#15269=CARTESIAN_POINT('',(-17.9478643262591,98.7224223849156,-218.717028224148));
#15270=CARTESIAN_POINT('Origin',(-16.9773962471691,98.4811928107184,-218.717028224148));
#15271=CARTESIAN_POINT('',(-17.9478643262591,98.7224223849156,-218.717028224148));
#15272=CARTESIAN_POINT('Origin',(-18.7479612249296,95.5036275795013,-218.717028224148));
#15273=CARTESIAN_POINT('',(-18.7479612249296,95.5036275795013,-218.717028224148));
#15274=CARTESIAN_POINT('',(-17.9478643262591,98.7224223849156,-218.717028224148));
#15275=CARTESIAN_POINT('',(-18.7479612249296,95.5036275795013,-218.717028224148));
#15276=CARTESIAN_POINT('Origin',(-17.7774931458396,95.262398005304,-218.717028224148));
#15277=CARTESIAN_POINT('',(-17.9109171239286,94.2713389545552,-218.717028224148));
#15278=CARTESIAN_POINT('Origin',(-17.7774931458396,95.262398005304,-218.717028224148));
#15279=CARTESIAN_POINT('',(-17.9109171239286,94.2713389545552,-218.717028224148));
#15280=CARTESIAN_POINT('Origin',(-39.4656511954045,118.973284744328,-218.717028224148));
#15281=CARTESIAN_POINT('',(-39.9813006873165,119.830084371715,-218.717028224148));
#15282=CARTESIAN_POINT('',(-39.9813006873165,119.830084371715,-218.717028224148));
#15283=CARTESIAN_POINT('',(-40.2607807704248,118.366845168667,-218.717028224148));
#15284=CARTESIAN_POINT('Origin',(-39.4656511954045,118.973284744328,-218.717028224148));
#15285=CARTESIAN_POINT('',(-40.2607807704248,118.366845168667,-218.717028224148));
#15286=CARTESIAN_POINT('Origin',(-45.270097093053,114.546275842002,-218.717028224148));
#15287=CARTESIAN_POINT('',(-39.0264250733362,115.386846903963,-218.717028224148));
#15288=CARTESIAN_POINT('Origin',(-45.270097093053,114.546275842002,-218.717028224148));
#15289=CARTESIAN_POINT('',(-39.0264250733362,115.386846903963,-218.717028224148));
#15290=CARTESIAN_POINT('Origin',(-38.0353660225875,115.520270882052,-218.717028224148));
#15291=CARTESIAN_POINT('',(-37.7941364483902,114.549802802962,-218.717028224148));
#15292=CARTESIAN_POINT('Origin',(-38.0353660225875,115.520270882052,-218.717028224148));
#15293=CARTESIAN_POINT('',(-37.7941364483902,114.549802802962,-218.717028224148));
#15294=CARTESIAN_POINT('Origin',(-34.5753416429758,115.349899701632,-218.717028224148));
#15295=CARTESIAN_POINT('',(-34.5753416429758,115.349899701632,-218.717028224148));
#15296=CARTESIAN_POINT('',(-34.5753416429758,115.349899701632,-218.717028224148));
#15297=CARTESIAN_POINT('',(-34.5753416429758,115.349899701632,-218.717028224148));
#15298=CARTESIAN_POINT('Origin',(-18.7514881858894,88.0276669348384,-218.717028224148));
#15299=CARTESIAN_POINT('',(-14.9309188592247,93.0369832574666,-218.717028224148));
#15300=CARTESIAN_POINT('Origin',(-18.7514881858894,88.0276669348384,-218.717028224148));
#15301=CARTESIAN_POINT('',(-14.9309188592247,93.0369832574666,-218.717028224148));
#15302=CARTESIAN_POINT('Origin',(-14.3244792835636,93.832112832487,-218.717028224148));
#15303=CARTESIAN_POINT('',(-13.4676796561763,93.316463340575,-218.717028224148));
#15304=CARTESIAN_POINT('Origin',(-14.3244792835636,93.832112832487,-218.717028224148));
#15305=CARTESIAN_POINT('',(-13.4676796561763,93.316463340575,-218.717028224148));
#15306=CARTESIAN_POINT('Origin',(-11.7574019646759,96.1582489173877,-218.717028224148));
#15307=CARTESIAN_POINT('',(-11.7574019646759,96.1582489173877,-218.717028224148));
#15308=CARTESIAN_POINT('',(-13.4676796561763,93.316463340575,-218.717028224148));
#15309=CARTESIAN_POINT('',(-11.7574019646759,96.1582489173877,-218.717028224148));
#15310=CARTESIAN_POINT('Origin',(-12.6142015920631,96.6738984092997,-218.717028224148));
#15311=CARTESIAN_POINT('Origin',(-12.6142015920631,96.6738984092997,-218.717028224148));
#15312=CARTESIAN_POINT('Origin',(-34.816571217173,116.320367780722,-218.717028224148));
#15313=CARTESIAN_POINT('',(-33.9177387235812,116.758660090104,-218.717028224148));
#15314=CARTESIAN_POINT('Origin',(-34.816571217173,116.320367780722,-218.717028224148));
#15315=CARTESIAN_POINT('',(-33.9177387235812,116.758660090104,-218.717028224148));
#15316=CARTESIAN_POINT('Origin',(3.5527136788005E-14,133.297764027892,-218.717028224148));
#15317=CARTESIAN_POINT('',(-35.6783756031162,121.009213523092,-218.717028224148));
#15318=CARTESIAN_POINT('Origin',(3.5527136788005E-14,133.297764027892,-218.717028224148));
#15319=CARTESIAN_POINT('',(-35.6783756031162,121.009213523092,-218.717028224148));
#15320=CARTESIAN_POINT('Origin',(-36.6238656185918,120.683562435828,-218.717028224148));
#15321=CARTESIAN_POINT('',(-37.1395151105038,121.540362063216,-218.717028224148));
#15322=CARTESIAN_POINT('Origin',(-36.6238656185918,120.683562435828,-218.717028224148));
#15323=CARTESIAN_POINT('',(-37.1395151105038,121.540362063216,-218.717028224148));
#15324=CARTESIAN_POINT('Origin',(-39.9813006873165,119.830084371715,-218.717028224148));
#15325=CARTESIAN_POINT('',(-39.9813006873165,119.830084371715,-218.717028224148));
#15326=CARTESIAN_POINT('Origin',(34.3052631640631,126.280654246253,-221.617028224148));
#15327=CARTESIAN_POINT('',(46.5584651402723,118.789570954236,-221.517028224148));
#15328=CARTESIAN_POINT('',(46.6615950386547,118.960930879713,-221.717028224148));
#15329=CARTESIAN_POINT('',(46.5584651402723,118.789570954236,-221.517028224148));
#15330=CARTESIAN_POINT('',(38.5675494547092,123.832187074818,-221.717028224148));
#15331=CARTESIAN_POINT('',(34.3568281132543,126.366334208991,-221.717028224148));
#15332=CARTESIAN_POINT('',(38.4644195563268,123.660827149341,-221.517028224148));
#15333=CARTESIAN_POINT('',(38.5675494547092,123.832187074818,-221.717028224148));
#15334=CARTESIAN_POINT('',(34.2536982148719,126.194974283514,-221.517028224148));
#15335=CARTESIAN_POINT('Origin',(40.5270175239746,127.08802565889,-221.617028224148));
#15336=CARTESIAN_POINT('',(36.7708549241916,127.663562385773,-221.717028224148));
#15337=CARTESIAN_POINT('Origin',(40.5270175239746,127.08802565889,-221.717028224148));
#15338=CARTESIAN_POINT('',(36.573162155782,127.693853792451,-221.517028224148));
#15339=CARTESIAN_POINT('',(36.7708549241916,127.663562385773,-221.717028224148));
#15340=CARTESIAN_POINT('Origin',(40.5270175239746,127.08802565889,-221.517028224148));
#15341=CARTESIAN_POINT('Origin',(3.09662369944507E-14,133.297764027892,
-221.617028224148));
#15342=CARTESIAN_POINT('Origin',(3.09662369944507E-14,133.297764027892,
-221.517028224148));
#15343=CARTESIAN_POINT('Origin',(3.09662369944507E-14,133.297764027892,
-221.717028224148));
#15344=CARTESIAN_POINT('Ctrl Pts',(47.4873899082745,118.230514239767,-221.517028224148));
#15345=CARTESIAN_POINT('Ctrl Pts',(47.1777483189405,118.416866477923,-221.517028224148));
#15346=CARTESIAN_POINT('Ctrl Pts',(46.8681067296064,118.60321871608,-221.517028224148));
#15347=CARTESIAN_POINT('Ctrl Pts',(46.5584651402723,118.789570954236,-221.517028224148));
#15348=CARTESIAN_POINT('Ctrl Pts',(47.5217665410687,118.287634214926,-221.583694890814));
#15349=CARTESIAN_POINT('Ctrl Pts',(47.2121249517346,118.473986453083,-221.583694890814));
#15350=CARTESIAN_POINT('Ctrl Pts',(46.9024833624005,118.660338691239,-221.583694890814));
#15351=CARTESIAN_POINT('Ctrl Pts',(46.5928417730665,118.846690929395,-221.583694890814));
#15352=CARTESIAN_POINT('Ctrl Pts',(47.5561431738628,118.344754190086,-221.650361557481));
#15353=CARTESIAN_POINT('Ctrl Pts',(47.2465015845287,118.531106428242,-221.650361557481));
#15354=CARTESIAN_POINT('Ctrl Pts',(46.9368599951947,118.717458666398,-221.650361557481));
#15355=CARTESIAN_POINT('Ctrl Pts',(46.6272184058606,118.903810904554,-221.650361557481));
#15356=CARTESIAN_POINT('Ctrl Pts',(47.5905198066569,118.401874165245,-221.717028224148));
#15357=CARTESIAN_POINT('Ctrl Pts',(47.2808782173229,118.588226403401,-221.717028224148));
#15358=CARTESIAN_POINT('Ctrl Pts',(46.9712366279888,118.774578641557,-221.717028224148));
#15359=CARTESIAN_POINT('Ctrl Pts',(46.6615950386547,118.960930879713,-221.717028224148));
#15360=CARTESIAN_POINT('',(47.4947408132729,118.242728452643,-221.531283847616));
#15361=CARTESIAN_POINT('Ctrl Pts',(47.4947408104764,118.24272844959,-221.531283843558));
#15362=CARTESIAN_POINT('Ctrl Pts',(47.4080201318917,118.307652079375,-221.542192911516));
#15363=CARTESIAN_POINT('Ctrl Pts',(47.3228138498164,118.374190703747,-221.555266604025));
#15364=CARTESIAN_POINT('Ctrl Pts',(47.2391577319043,118.442280341374,-221.570468545476));
#15365=CARTESIAN_POINT('Ctrl Pts',(47.1533114702903,118.512152587312,-221.586068478577));
#15366=CARTESIAN_POINT('Ctrl Pts',(47.0691986558304,118.583575860291,-221.603891182212));
#15367=CARTESIAN_POINT('Ctrl Pts',(46.9868458965303,118.656469958055,-221.623881659524));
#15368=CARTESIAN_POINT('Ctrl Pts',(46.87501867106,118.75545321952,-221.651026829069));
#15369=CARTESIAN_POINT('Ctrl Pts',(46.7665891789626,118.857013616463,-221.682132126819));
#15370=CARTESIAN_POINT('Ctrl Pts',(46.6615950386547,118.960930879713,-221.717028224148));
#15371=CARTESIAN_POINT('',(47.4873899082745,118.230514239767,-221.517028224148));
#15372=CARTESIAN_POINT('Ctrl Pts',(46.5584651402723,118.789570954236,-221.517028224148));
#15373=CARTESIAN_POINT('Ctrl Pts',(46.8681067296064,118.60321871608,-221.517028224148));
#15374=CARTESIAN_POINT('Ctrl Pts',(47.1777483189405,118.416866477923,-221.517028224148));
#15375=CARTESIAN_POINT('Ctrl Pts',(47.4873899082745,118.230514239767,-221.517028224148));
#15376=CARTESIAN_POINT('',(47.4873899082745,118.230514239767,-221.517028224148));
#15377=CARTESIAN_POINT('Origin',(45.2700970930531,114.546275842002,-221.617028224148));
#15378=CARTESIAN_POINT('',(47.7239350944803,118.077377520339,-221.517028224148));
#15379=CARTESIAN_POINT('Ctrl Pts',(47.4947408132729,118.242728452643,-221.531283847616));
#15380=CARTESIAN_POINT('Ctrl Pts',(47.5702010013549,118.186235012548,-221.521791296837));
#15381=CARTESIAN_POINT('Ctrl Pts',(47.6466882516802,118.131058001849,-221.517028224148));
#15382=CARTESIAN_POINT('Ctrl Pts',(47.7239350944804,118.077377520339,-221.517028224148));
#15383=CARTESIAN_POINT('Origin',(45.2700970930531,114.546275842002,-221.517028224148));
#15384=CARTESIAN_POINT('Origin',(45.2700970930531,114.546275842002,-218.717028224148));
#15385=CARTESIAN_POINT('',(47.7239350944803,118.077377520339,-222.517028224148));
#15386=CARTESIAN_POINT('',(47.7239350944803,118.077377520339,-218.717028224148));
#15387=CARTESIAN_POINT('',(47.4873899082745,118.230514239767,-218.717028224148));
#15388=CARTESIAN_POINT('',(47.4873899082745,118.230514239767,-218.717028224148));
#15389=CARTESIAN_POINT('',(44.2328099240047,110.373263101915,-218.717028224148));
#15390=CARTESIAN_POINT('Origin',(45.2700970930531,114.546275842002,-218.717028224148));
#15391=CARTESIAN_POINT('',(44.2328099240047,110.373263101915,-221.517028224148));
#15392=CARTESIAN_POINT('',(44.2328099240047,110.373263101915,-218.717028224148));
#15393=CARTESIAN_POINT('',(44.5083566419845,110.314284409449,-221.517028224148));
#15394=CARTESIAN_POINT('Origin',(45.2700970930531,114.546275842002,-221.517028224148));
#15395=CARTESIAN_POINT('',(44.5083566419845,110.314284409449,-222.517028224148));
#15396=CARTESIAN_POINT('',(44.5083566419845,110.314284409449,-218.717028224148));
#15397=CARTESIAN_POINT('Origin',(45.2700970930531,114.546275842002,-222.517028224148));
#15398=CARTESIAN_POINT('Origin',(36.0795387398414,125.096124903894,-218.717028224148));
#15399=CARTESIAN_POINT('',(38.4644195563268,123.660827149341,-218.717028224148));
#15400=CARTESIAN_POINT('',(38.4644195563268,123.660827149341,-220.467028224148));
#15401=CARTESIAN_POINT('',(47.4873899082745,118.230514239767,-218.717028224148));
#15402=CARTESIAN_POINT('Origin',(6.20973836900199,92.7707465039169,-221.617028224148));
#15403=CARTESIAN_POINT('',(5.60391023544082,96.7246018721096,-221.517028224148));
#15404=CARTESIAN_POINT('',(5.63420164211888,96.5269091036999,-221.717028224148));
#15405=CARTESIAN_POINT('',(5.60391023544082,96.7246018721096,-221.517028224148));
#15406=CARTESIAN_POINT('',(9.46557695307355,94.7302145731824,-221.717028224148));
#15407=CARTESIAN_POINT('Origin',(6.20973836900199,92.7707465039169,-221.717028224148));
#15408=CARTESIAN_POINT('',(9.636936878551,94.8333444715647,-221.517028224148));
#15409=CARTESIAN_POINT('',(9.46557695307355,94.7302145731824,-221.717028224148));
#15410=CARTESIAN_POINT('Origin',(6.20973836900199,92.7707465039169,-221.517028224148));
#15411=CARTESIAN_POINT('Origin',(10.4499151137025,93.2885752796119,-221.617028224148));
#15412=CARTESIAN_POINT('',(14.3368331481786,86.6361689892368,-221.717028224148));
#15413=CARTESIAN_POINT('',(14.508193073656,86.7392988876192,-221.517028224148));
#15414=CARTESIAN_POINT('',(14.3368331481786,86.6361689892368,-221.717028224148));
#15415=CARTESIAN_POINT('',(10.5355950764412,93.3401402288031,-221.517028224148));
#15416=CARTESIAN_POINT('',(10.3642351509637,93.2370103304207,-221.717028224148));
#15417=CARTESIAN_POINT('Origin',(3.09662369944507E-14,133.297764027892,
-221.617028224148));
#15418=CARTESIAN_POINT('Origin',(4.00880365815593E-14,133.297764027892,
-221.717028224148));
#15419=CARTESIAN_POINT('Origin',(3.09662369944507E-14,133.297764027892,
-221.517028224148));
#15420=CARTESIAN_POINT('Ctrl Pts',(14.8958898626468,85.7072442212346,-221.717028224148));
#15421=CARTESIAN_POINT('Ctrl Pts',(14.7095376244907,86.0168858105687,-221.717028224148));
#15422=CARTESIAN_POINT('Ctrl Pts',(14.5231853863346,86.3265273999027,-221.717028224148));
#15423=CARTESIAN_POINT('Ctrl Pts',(14.3368331481785,86.6361689892368,-221.717028224148));
#15424=CARTESIAN_POINT('Ctrl Pts',(14.953009837806,85.7416208540287,-221.650361557481));
#15425=CARTESIAN_POINT('Ctrl Pts',(14.7666575996499,86.0512624433628,-221.650361557481));
#15426=CARTESIAN_POINT('Ctrl Pts',(14.5803053614938,86.3609040326968,-221.650361557481));
#15427=CARTESIAN_POINT('Ctrl Pts',(14.3939531233377,86.6705456220309,-221.650361557481));
#15428=CARTESIAN_POINT('Ctrl Pts',(15.0101298129651,85.7759974868229,-221.583694890814));
#15429=CARTESIAN_POINT('Ctrl Pts',(14.823777574809,86.0856390761569,-221.583694890814));
#15430=CARTESIAN_POINT('Ctrl Pts',(14.6374253366529,86.395280665491,-221.583694890814));
#15431=CARTESIAN_POINT('Ctrl Pts',(14.4510730984968,86.704922254825,-221.583694890814));
#15432=CARTESIAN_POINT('Ctrl Pts',(15.0672497881243,85.810374119617,-221.517028224148));
#15433=CARTESIAN_POINT('Ctrl Pts',(14.8808975499682,86.120015708951,-221.517028224148));
#15434=CARTESIAN_POINT('Ctrl Pts',(14.6945453118121,86.4296572982851,-221.517028224148));
#15435=CARTESIAN_POINT('Ctrl Pts',(14.508193073656,86.7392988876192,-221.517028224148));
#15436=CARTESIAN_POINT('',(15.0550355752483,85.8030232146186,-221.531283847616));
#15437=CARTESIAN_POINT('Ctrl Pts',(14.3368331481785,86.6361689892368,-221.717028224148));
#15438=CARTESIAN_POINT('Ctrl Pts',(14.4146046709306,86.5575915333222,-221.69091203765));
#15439=CARTESIAN_POINT('Ctrl Pts',(14.4910671633927,86.4770787700958,-221.66691536805));
#15440=CARTESIAN_POINT('Ctrl Pts',(14.5661271185438,86.3946448394569,-221.645111040895));
#15441=CARTESIAN_POINT('Ctrl Pts',(14.6807795782239,86.2687287915479,-221.61180540229));
#15442=CARTESIAN_POINT('Ctrl Pts',(14.7919655672176,86.1385434030738,-221.58367131777));
#15443=CARTESIAN_POINT('Ctrl Pts',(14.8993841629994,86.0041853608821,-221.560916761121));
#15444=CARTESIAN_POINT('Ctrl Pts',(14.9522443111197,85.9380684473279,-221.549719358788));
#15445=CARTESIAN_POINT('Ctrl Pts',(15.0041382432237,85.8710084963756,-221.539836086734));
#15446=CARTESIAN_POINT('Ctrl Pts',(15.0550355766683,85.8030232159191,-221.531283845729));
#15447=CARTESIAN_POINT('',(15.0672497881243,85.810374119617,-221.517028224148));
#15448=CARTESIAN_POINT('',(14.8958898626468,85.7072442212346,-221.717028224148));
#15449=CARTESIAN_POINT('Ctrl Pts',(15.0672497881243,85.810374119617,-221.517028224148));
#15450=CARTESIAN_POINT('Ctrl Pts',(14.8808975499682,86.120015708951,-221.517028224148));
#15451=CARTESIAN_POINT('Ctrl Pts',(14.6945453118121,86.4296572982851,-221.517028224148));
#15452=CARTESIAN_POINT('Ctrl Pts',(14.508193073656,86.7392988876192,-221.517028224148));
#15453=CARTESIAN_POINT('Origin',(18.7514881858894,88.0276669348384,-221.617028224148));
#15454=CARTESIAN_POINT('',(15.2203865075528,85.5738289334112,-221.517028224148));
#15455=CARTESIAN_POINT('Ctrl Pts',(15.2203865075528,85.5738289334112,-221.517028224148));
#15456=CARTESIAN_POINT('Ctrl Pts',(15.166706026043,85.6510757762113,-221.517028224148));
#15457=CARTESIAN_POINT('Ctrl Pts',(15.1115290153433,85.7275630265366,-221.521791296837));
#15458=CARTESIAN_POINT('Ctrl Pts',(15.0550355752483,85.8030232146186,-221.531283847616));
#15459=CARTESIAN_POINT('Origin',(18.7514881858894,88.0276669348384,-221.517028224148));
#15460=CARTESIAN_POINT('Origin',(15.0672497881243,85.810374119617,-218.717028224148));
#15461=CARTESIAN_POINT('',(15.0672497881243,85.810374119617,-218.717028224148));
#15462=CARTESIAN_POINT('',(15.0672497881243,85.810374119617,-218.717028224148));
#15463=CARTESIAN_POINT('',(9.636936878551,94.8333444715647,-218.717028224148));
#15464=CARTESIAN_POINT('',(15.0672497881243,85.810374119617,-218.717028224148));
#15465=CARTESIAN_POINT('',(9.636936878551,94.8333444715647,-220.467028224148));
#15466=CARTESIAN_POINT('Origin',(18.7514881858894,88.0276669348384,-218.717028224148));
#15467=CARTESIAN_POINT('',(15.2203865075528,85.5738289334112,-222.517028224148));
#15468=CARTESIAN_POINT('',(15.2203865075528,85.5738289334112,-218.717028224148));
#15469=CARTESIAN_POINT('',(22.9834796184429,88.789407385907,-222.517028224148));
#15470=CARTESIAN_POINT('Origin',(18.7514881858894,88.0276669348384,-222.517028224148));
#15471=CARTESIAN_POINT('',(22.9834796184429,88.789407385907,-221.517028224148));
#15472=CARTESIAN_POINT('',(22.9834796184429,88.789407385907,-218.717028224148));
#15473=CARTESIAN_POINT('',(22.9245009259764,89.0649541038868,-221.517028224148));
#15474=CARTESIAN_POINT('Origin',(18.7514881858894,88.0276669348384,-221.517028224148));
#15475=CARTESIAN_POINT('',(22.9245009259764,89.0649541038868,-218.717028224148));
#15476=CARTESIAN_POINT('',(22.9245009259764,89.0649541038868,-218.717028224148));
#15477=CARTESIAN_POINT('Origin',(18.7514881858894,88.0276669348384,-218.717028224148));
#15478=CARTESIAN_POINT('Origin',(22.5,110.797764027892,-221.717028224148));
#15479=CARTESIAN_POINT('',(7.3450995393168,88.901260643531,-221.717028224148));
#15480=CARTESIAN_POINT('Origin',(3.5527136788005E-14,133.297764027892,-221.717028224148));
#15481=CARTESIAN_POINT('Origin',(8.65089501297311,81.0085489307559,-221.717028224148));
#15482=CARTESIAN_POINT('Origin',(33.9249276410493,112.832453780532,-221.617028224148));
#15483=CARTESIAN_POINT('',(43.1324022126304,110.440705694895,-221.717028224148));
#15484=CARTESIAN_POINT('',(43.1806481274699,110.634799310713,-221.517028224148));
#15485=CARTESIAN_POINT('',(43.1324022126304,110.440705694895,-221.717028224148));
#15486=CARTESIAN_POINT('',(34.0127953193733,112.913655541899,-221.517028224148));
#15487=CARTESIAN_POINT('',(33.949050598469,112.929500588441,-221.517028224148));
#15488=CARTESIAN_POINT('',(33.9645494045338,112.719561926081,-221.717028224148));
#15489=CARTESIAN_POINT('',(34.0127953193733,112.913655541899,-221.517028224148));
#15490=CARTESIAN_POINT('',(33.9008046836296,112.735406972623,-221.717028224148));
#15491=CARTESIAN_POINT('Origin',(33.0478770225841,109.031783225539,-221.617028224148));
#15492=CARTESIAN_POINT('',(29.8236938984296,111.399195986744,-221.517028224148));
#15493=CARTESIAN_POINT('',(29.9849030546373,111.280825348684,-221.717028224148));
#15494=CARTESIAN_POINT('',(29.8236938984296,111.399195986744,-221.517028224148));
#15495=CARTESIAN_POINT('Origin',(33.0478770225841,109.031783225539,-221.717028224148));
#15496=CARTESIAN_POINT('Origin',(33.0478770225841,109.031783225539,-221.517028224148));
#15497=CARTESIAN_POINT('Origin',(3.09662369944507E-14,133.297764027892,
-221.617028224148));
#15498=CARTESIAN_POINT('',(21.8985680411478,103.474070129462,-221.517028224148));
#15499=CARTESIAN_POINT('Origin',(3.09662369944507E-14,133.297764027892,
-221.517028224148));
#15500=CARTESIAN_POINT('',(22.0169386792081,103.312860973254,-221.717028224148));
#15501=CARTESIAN_POINT('',(21.8985680411478,103.474070129462,-221.517028224148));
#15502=CARTESIAN_POINT('Origin',(3.09662369944507E-14,133.297764027892,
-221.717028224148));
#15503=CARTESIAN_POINT('Origin',(24.265980802353,100.249887005307,-221.617028224148));
#15504=CARTESIAN_POINT('',(20.3841084859931,99.2849687085183,-221.517028224148));
#15505=CARTESIAN_POINT('',(20.5782021018111,99.3332146233578,-221.717028224148));
#15506=CARTESIAN_POINT('',(20.3841084859931,99.2849687085183,-221.517028224148));
#15507=CARTESIAN_POINT('Origin',(24.265980802353,100.249887005307,-221.717028224148));
#15508=CARTESIAN_POINT('Origin',(24.265980802353,100.249887005307,-221.517028224148));
#15509=CARTESIAN_POINT('Origin',(18.8593857161721,105.833480775621,-221.617028224148));
#15510=CARTESIAN_POINT('',(22.6629647171783,90.1171159004217,-221.517028224148));
#15511=CARTESIAN_POINT('',(22.8570583329963,90.1653618152612,-221.717028224148));
#15512=CARTESIAN_POINT('',(22.6629647171783,90.1171159004217,-221.517028224148));
#15513=CARTESIAN_POINT('',(18.9564325240811,105.85760373304,-221.717028224148));
#15514=CARTESIAN_POINT('',(18.7623389082631,105.809357818201,-221.517028224148));
#15515=CARTESIAN_POINT('Ctrl Pts',(43.1806481274699,110.634799310713,-221.517028224148));
#15516=CARTESIAN_POINT('Ctrl Pts',(43.5313687263148,110.547620574447,-221.517028224148));
#15517=CARTESIAN_POINT('Ctrl Pts',(43.8820893251598,110.460441838181,-221.517028224148));
#15518=CARTESIAN_POINT('Ctrl Pts',(44.2328099240047,110.373263101915,-221.517028224148));
#15519=CARTESIAN_POINT('Ctrl Pts',(43.1645661558567,110.570101438774,-221.583694890814));
#15520=CARTESIAN_POINT('Ctrl Pts',(43.5152867547017,110.482922702508,-221.583694890814));
#15521=CARTESIAN_POINT('Ctrl Pts',(43.8660073535466,110.395743966242,-221.583694890814));
#15522=CARTESIAN_POINT('Ctrl Pts',(44.2167279523916,110.308565229976,-221.583694890814));
#15523=CARTESIAN_POINT('Ctrl Pts',(43.1484841842435,110.505403566835,-221.650361557481));
#15524=CARTESIAN_POINT('Ctrl Pts',(43.4992047830885,110.418224830569,-221.650361557481));
#15525=CARTESIAN_POINT('Ctrl Pts',(43.8499253819335,110.331046094303,-221.650361557481));
#15526=CARTESIAN_POINT('Ctrl Pts',(44.2006459807784,110.243867358037,-221.650361557481));
#15527=CARTESIAN_POINT('Ctrl Pts',(43.1324022126304,110.440705694895,-221.717028224148));
#15528=CARTESIAN_POINT('Ctrl Pts',(43.4831228114754,110.353526958629,-221.717028224148));
#15529=CARTESIAN_POINT('Ctrl Pts',(43.8338434103203,110.266348222363,-221.717028224148));
#15530=CARTESIAN_POINT('Ctrl Pts',(44.1845640091653,110.179169486097,-221.717028224148));
#15531=CARTESIAN_POINT('',(44.2293710460255,110.359428474392,-221.531283847616));
#15532=CARTESIAN_POINT('Ctrl Pts',(43.1324022126304,110.440705694895,-221.717028224148));
#15533=CARTESIAN_POINT('Ctrl Pts',(43.2672945928745,110.440010364209,-221.685162988934));
#15534=CARTESIAN_POINT('Ctrl Pts',(43.4028310191292,110.435899836252,-221.656456730711));
#15535=CARTESIAN_POINT('Ctrl Pts',(43.5388728396299,110.428274514071,-221.631039552048));
#15536=CARTESIAN_POINT('Ctrl Pts',(43.7686478012217,110.415395326592,-221.588109876236));
#15537=CARTESIAN_POINT('Ctrl Pts',(43.9990450185447,110.392535183104,-221.554716293143));
#15538=CARTESIAN_POINT('Ctrl Pts',(44.2293710460255,110.359428474392,-221.531283847616));
#15539=CARTESIAN_POINT('',(44.1845640091653,110.179169486097,-221.717028224148));
#15540=CARTESIAN_POINT('Ctrl Pts',(44.2328099240047,110.373263101915,-221.517028224148));
#15541=CARTESIAN_POINT('Ctrl Pts',(43.8820893251598,110.460441838181,-221.517028224148));
#15542=CARTESIAN_POINT('Ctrl Pts',(43.5313687263148,110.547620574447,-221.517028224148));
#15543=CARTESIAN_POINT('Ctrl Pts',(43.1806481274699,110.634799310713,-221.517028224148));
#15544=CARTESIAN_POINT('Origin',(45.2700970930531,114.546275842002,-221.617028224148));
#15545=CARTESIAN_POINT('Ctrl Pts',(44.5083566419845,110.314284409449,-221.517028224148));
#15546=CARTESIAN_POINT('Ctrl Pts',(44.4157770431223,110.330948343325,-221.517028224148));
#15547=CARTESIAN_POINT('Ctrl Pts',(44.3226763513117,110.346016958273,-221.521791296837));
#15548=CARTESIAN_POINT('Ctrl Pts',(44.2293710460255,110.359428474392,-221.531283847616));
#15549=CARTESIAN_POINT('Ctrl Pts',(22.9245009259764,89.0649541038868,-221.517028224148));
#15550=CARTESIAN_POINT('Ctrl Pts',(22.8373221897103,89.4156747027317,-221.517028224148));
#15551=CARTESIAN_POINT('Ctrl Pts',(22.7501434534443,89.7663953015767,-221.517028224148));
#15552=CARTESIAN_POINT('Ctrl Pts',(22.6629647171783,90.1171159004217,-221.517028224148));
#15553=CARTESIAN_POINT('Ctrl Pts',(22.9891987979157,89.0810360754999,-221.583694890814));
#15554=CARTESIAN_POINT('Ctrl Pts',(22.9020200616497,89.4317566743449,-221.583694890814));
#15555=CARTESIAN_POINT('Ctrl Pts',(22.8148413253836,89.7824772731899,-221.583694890814));
#15556=CARTESIAN_POINT('Ctrl Pts',(22.7276625891176,90.1331978720349,-221.583694890814));
#15557=CARTESIAN_POINT('Ctrl Pts',(23.053896669855,89.0971180471131,-221.650361557481));
#15558=CARTESIAN_POINT('Ctrl Pts',(22.966717933589,89.447838645958,-221.650361557481));
#15559=CARTESIAN_POINT('Ctrl Pts',(22.879539197323,89.798559244803,-221.650361557481));
#15560=CARTESIAN_POINT('Ctrl Pts',(22.7923604610569,90.149279843648,-221.650361557481));
#15561=CARTESIAN_POINT('Ctrl Pts',(23.1185945417944,89.1132000187262,-221.717028224148));
#15562=CARTESIAN_POINT('Ctrl Pts',(23.0314158055283,89.4639206175712,-221.717028224148));
#15563=CARTESIAN_POINT('Ctrl Pts',(22.9442370692623,89.8146412164162,-221.717028224148));
#15564=CARTESIAN_POINT('Ctrl Pts',(22.8570583329963,90.1653618152612,-221.717028224148));
#15565=CARTESIAN_POINT('',(22.9383355535,89.068392981866,-221.531283847616));
#15566=CARTESIAN_POINT('Ctrl Pts',(22.9383355535,89.068392981866,-221.531283847616));
#15567=CARTESIAN_POINT('Ctrl Pts',(22.9082229095044,89.2778892617423,-221.552597186232));
#15568=CARTESIAN_POINT('Ctrl Pts',(22.8865822882861,89.4874794736476,-221.582155011702));
#15569=CARTESIAN_POINT('Ctrl Pts',(22.8732221786182,89.6966407644612,-221.619645340857));
#15570=CARTESIAN_POINT('Ctrl Pts',(22.8631979023435,89.8535773927691,-221.647774856739));
#15571=CARTESIAN_POINT('Ctrl Pts',(22.8578597515246,90.0098886641109,-221.680301253196));
#15572=CARTESIAN_POINT('Ctrl Pts',(22.8570583329963,90.1653618152612,-221.717028224148));
#15573=CARTESIAN_POINT('Ctrl Pts',(22.6629647171783,90.1171159004217,-221.517028224148));
#15574=CARTESIAN_POINT('Ctrl Pts',(22.7501434534443,89.7663953015767,-221.517028224148));
#15575=CARTESIAN_POINT('Ctrl Pts',(22.8373221897103,89.4156747027317,-221.517028224148));
#15576=CARTESIAN_POINT('Ctrl Pts',(22.9245009259764,89.0649541038868,-221.517028224148));
#15577=CARTESIAN_POINT('',(22.9245009259764,89.0649541038868,-221.517028224148));
#15578=CARTESIAN_POINT('Origin',(18.7514881858894,88.0276669348384,-221.617028224148));
#15579=CARTESIAN_POINT('Ctrl Pts',(22.9383355535,89.068392981866,-221.531283847616));
#15580=CARTESIAN_POINT('Ctrl Pts',(22.9517470696187,88.9750876765799,-221.521791296837));
#15581=CARTESIAN_POINT('Ctrl Pts',(22.9668156845666,88.8819869847692,-221.517028224148));
#15582=CARTESIAN_POINT('Ctrl Pts',(22.9834796184429,88.789407385907,-221.517028224148));
#15583=CARTESIAN_POINT('Origin',(19.7126518636012,101.986242881443,-218.717028224148));
#15584=CARTESIAN_POINT('',(20.3841084859931,99.2849687085183,-218.717028224148));
#15585=CARTESIAN_POINT('',(20.3841084859931,99.2849687085183,-220.467028224148));
#15586=CARTESIAN_POINT('',(22.9245009259764,89.0649541038868,-218.717028224148));
#15587=CARTESIAN_POINT('Origin',(24.265980802353,100.249887005307,-220.467028224148));
#15588=CARTESIAN_POINT('',(21.8985680411478,103.474070129462,-218.717028224148));
#15589=CARTESIAN_POINT('',(21.8985680411478,103.474070129462,-220.467028224148));
#15590=CARTESIAN_POINT('Origin',(24.265980802353,100.249887005307,-218.717028224148));
#15591=CARTESIAN_POINT('Origin',(3.09662369944507E-14,133.297764027892,
-220.467028224148));
#15592=CARTESIAN_POINT('',(29.8236938984296,111.399195986744,-218.717028224148));
#15593=CARTESIAN_POINT('',(29.8236938984296,111.399195986744,-220.467028224148));
#15594=CARTESIAN_POINT('Origin',(4.44089209850063E-14,133.297764027891,
-218.717028224148));
#15595=CARTESIAN_POINT('Origin',(33.0478770225841,109.031783225539,-220.467028224148));
#15596=CARTESIAN_POINT('',(34.0127953193733,112.913655541899,-218.717028224148));
#15597=CARTESIAN_POINT('',(34.0127953193733,112.913655541899,-220.467028224148));
#15598=CARTESIAN_POINT('Origin',(33.0478770225841,109.031783225539,-218.717028224148));
#15599=CARTESIAN_POINT('Origin',(3.09662369944507E-14,133.297764027892,
-228.117028224148));
#15600=CARTESIAN_POINT('',(3.45458795883584E-14,162.527764027892,-228.217028224148));
#15601=CARTESIAN_POINT('Origin',(3.09662369944507E-14,133.297764027892,
-228.217028224148));
#15602=CARTESIAN_POINT('',(3.45213866523755E-14,162.327764027892,-228.017028224148));
#15603=CARTESIAN_POINT('',(3.4533633120367E-14,162.427764027891,-228.117028224148));
#15604=CARTESIAN_POINT('Origin',(4.00880365815593E-14,133.297764027892,
-228.017028224148));
#15605=CARTESIAN_POINT('Origin',(3.09662369944507E-14,133.297764027892,
-224.717028224148));
#15606=CARTESIAN_POINT('',(2.7411087336526E-14,162.327764027892,-221.447028224148));
#15607=CARTESIAN_POINT('Origin',(3.09662369944507E-14,133.297764027892,
-221.447028224148));
#15608=CARTESIAN_POINT('',(2.7411087336526E-14,162.327764027892,-224.717028224148));
#15609=CARTESIAN_POINT('Origin',(3.09662369944507E-14,133.297764027892,
-221.347028224148));
#15610=CARTESIAN_POINT('',(3.4533633120367E-14,162.427764027891,-221.347028224148));
#15611=CARTESIAN_POINT('Origin',(18.7514881858894,88.0276669348384,-222.617028224148));
#15612=CARTESIAN_POINT('',(15.3846237949173,85.6879609334776,-222.717028224148));
#15613=CARTESIAN_POINT('',(15.2203865075528,85.5738289334112,-222.517028224148));
#15614=CARTESIAN_POINT('',(22.7866428076265,88.7539775974852,-222.717028224148));
#15615=CARTESIAN_POINT('Origin',(18.7514881858894,88.0276669348384,-222.717028224148));
#15616=CARTESIAN_POINT('',(22.7866428076265,88.7539775974852,-222.717028224148));
#15617=CARTESIAN_POINT('Origin',(30.8569520511005,90.2065989227788,-222.617028224148));
#15618=CARTESIAN_POINT('',(26.082857582817,96.8735339013056,-222.717028224148));
#15619=CARTESIAN_POINT('Origin',(30.8569520511005,90.2065989227788,-222.717028224148));
#15620=CARTESIAN_POINT('',(26.1992989113117,96.7109257310977,-222.517028224148));
#15621=CARTESIAN_POINT('',(26.082857582817,96.8735339013056,-222.717028224148));
#15622=CARTESIAN_POINT('Origin',(30.8569520511005,90.2065989227788,-222.517028224148));
#15623=CARTESIAN_POINT('Origin',(8.65089501297311,81.0085489307559,-222.617028224148));
#15624=CARTESIAN_POINT('',(7.3450995393168,88.9012606435311,-222.517028224148));
#15625=CARTESIAN_POINT('Origin',(8.65089501297311,81.0085489307559,-222.517028224148));
#15626=CARTESIAN_POINT('',(7.31245465247539,89.0985784363504,-222.717028224148));
#15627=CARTESIAN_POINT('',(7.3450995393168,88.9012606435311,-222.517028224148));
#15628=CARTESIAN_POINT('Origin',(8.65089501297311,81.0085489307559,-222.717028224148));
#15629=CARTESIAN_POINT('Origin',(3.5527136788005E-14,133.297764027892,-222.617028224148));
#15630=CARTESIAN_POINT('',(36.4242301265859,107.214906445075,-222.717028224148));
#15631=CARTESIAN_POINT('',(36.5868382967939,107.09846511658,-222.517028224148));
#15632=CARTESIAN_POINT('',(36.4242301265859,107.214906445075,-222.717028224148));
#15633=CARTESIAN_POINT('Origin',(3.5527136788005E-14,133.297764027892,-222.517028224148));
#15634=CARTESIAN_POINT('Origin',(3.5527136788005E-14,133.297764027892,-222.717028224148));
#15635=CARTESIAN_POINT('Origin',(3.5527136788005E-14,133.297764027892,-222.617028224148));
#15636=CARTESIAN_POINT('Origin',(3.5527136788005E-14,133.297764027892,-222.717028224148));
#15637=CARTESIAN_POINT('Origin',(3.5527136788005E-14,133.297764027892,-222.517028224148));
#15638=CARTESIAN_POINT('Origin',(43.0911651051128,102.440811976791,-222.617028224148));
#15639=CARTESIAN_POINT('',(44.5437864304063,110.511121220265,-222.717028224148));
#15640=CARTESIAN_POINT('',(44.5437864304063,110.511121220265,-222.717028224148));
#15641=CARTESIAN_POINT('Origin',(43.0911651051128,102.440811976791,-222.517028224148));
#15642=CARTESIAN_POINT('Origin',(43.0911651051128,102.440811976791,-222.717028224148));
#15643=CARTESIAN_POINT('Origin',(45.2700970930531,114.546275842002,-222.617028224148));
#15644=CARTESIAN_POINT('',(47.6098030944139,117.913140232974,-222.717028224148));
#15645=CARTESIAN_POINT('Origin',(45.2700970930531,114.546275842002,-222.717028224148));
#15646=CARTESIAN_POINT('',(47.6098030944139,117.913140232974,-222.717028224148));
#15647=CARTESIAN_POINT('Origin',(52.2892150971357,124.646869014918,-222.617028224148));
#15648=CARTESIAN_POINT('',(44.1991855915411,125.985309375416,-222.717028224148));
#15649=CARTESIAN_POINT('Origin',(52.2892150971357,124.646869014918,-222.717028224148));
#15650=CARTESIAN_POINT('',(44.3965033843605,125.952664488575,-222.517028224148));
#15651=CARTESIAN_POINT('',(44.1991855915411,125.985309375416,-222.717028224148));
#15652=CARTESIAN_POINT('Origin',(52.2892150971357,124.646869014918,-222.517028224148));
#15653=CARTESIAN_POINT('Origin',(3.5527136788005E-14,133.297764027892,-222.617028224148));
#15654=CARTESIAN_POINT('Origin',(3.40878363990282E-14,133.297764027892,
-222.517028224148));
#15655=CARTESIAN_POINT('Origin',(3.5527136788005E-14,133.297764027892,-222.717028224148));
#15656=CARTESIAN_POINT('Origin',(3.5527136788005E-14,133.297764027892,-222.717028224148));
#15657=CARTESIAN_POINT('',(7.3450995393168,88.9012606435311,-218.717028224148));
#15658=CARTESIAN_POINT('Origin',(8.65089501297311,81.0085489307559,-218.717028224148));
#15659=CARTESIAN_POINT('Origin',(30.8569520511005,90.2065989227788,-218.717028224148));
#15660=CARTESIAN_POINT('',(26.1992989113118,96.7109257310977,-221.717028224148));
#15661=CARTESIAN_POINT('',(26.1992989113117,96.7109257310977,-218.717028224148));
#15662=CARTESIAN_POINT('Origin',(30.8569520511005,90.2065989227788,-221.717028224148));
#15663=CARTESIAN_POINT('Origin',(3.5527136788005E-14,133.297764027892,-222.717028224148));
#15664=CARTESIAN_POINT('',(36.5868382967939,107.09846511658,-221.717028224148));
#15665=CARTESIAN_POINT('',(36.5868382967939,107.09846511658,-218.717028224148));
#15666=CARTESIAN_POINT('Origin',(3.5527136788005E-14,133.297764027892,-221.717028224148));
#15667=CARTESIAN_POINT('Origin',(43.0911651051128,102.440811976791,-218.717028224148));
#15668=CARTESIAN_POINT('Origin',(43.0911651051128,102.440811976791,-221.717028224148));
#15669=CARTESIAN_POINT('Origin',(52.2892150971357,124.646869014918,-218.717028224148));
#15670=CARTESIAN_POINT('',(44.3965033843605,125.952664488575,-221.717028224148));
#15671=CARTESIAN_POINT('',(44.3965033843605,125.952664488575,-218.717028224148));
#15672=CARTESIAN_POINT('Origin',(52.2892150971357,124.646869014918,-221.717028224148));
#15673=CARTESIAN_POINT('Origin',(3.5527136788005E-14,133.297764027892,-222.717028224148));
#15674=CARTESIAN_POINT('Origin',(3.5527136788005E-14,133.297764027892,-221.717028224148));
#15675=CARTESIAN_POINT('Origin',(45.2700970930531,114.546275842002,-405.717028224148));
#15676=CARTESIAN_POINT('',(43.1450970930531,114.546275842002,-218.717028224148));
#15677=CARTESIAN_POINT('Origin',(45.2700970930531,114.546275842002,-218.717028224148));
#15678=CARTESIAN_POINT('',(43.1450970930531,114.546275842002,-222.717028224148));
#15679=CARTESIAN_POINT('',(43.1450970930531,114.546275842002,-405.717028224148));
#15680=CARTESIAN_POINT('Origin',(45.2700970930531,114.546275842002,-222.717028224148));
#15681=CARTESIAN_POINT('Origin',(18.7514881858894,88.0276669348384,-405.717028224148));
#15682=CARTESIAN_POINT('',(16.6264881858894,88.0276669348384,-218.717028224148));
#15683=CARTESIAN_POINT('Origin',(18.7514881858894,88.0276669348384,-218.717028224148));
#15684=CARTESIAN_POINT('',(16.6264881858894,88.0276669348384,-222.717028224148));
#15685=CARTESIAN_POINT('',(16.6264881858894,88.0276669348384,-405.717028224148));
#15686=CARTESIAN_POINT('Origin',(18.7514881858894,88.0276669348384,-222.717028224148));
#15687=CARTESIAN_POINT('Origin',(3.09662369944507E-14,133.297764027892,
-226.217028224148));
#15688=CARTESIAN_POINT('',(-32.5857864376269,133.297764027892,-227.631241786521));
#15689=CARTESIAN_POINT('',(2.69756290885968E-14,165.883550465518,-227.631241786521));
#15690=CARTESIAN_POINT('Origin',(3.10862446895044E-14,133.297764027892,
-227.631241786521));
#15691=CARTESIAN_POINT('Origin',(3.10862446895044E-14,133.297764027892,
-227.631241786521));
#15692=CARTESIAN_POINT('',(-31.1715728752537,133.297764027892,-228.217028224148));
#15693=CARTESIAN_POINT('Origin',(-31.1715728752537,133.297764027892,-226.217028224148));
#15694=CARTESIAN_POINT('Origin',(3.09662369944507E-14,133.297764027892,
-228.217028224148));
#15695=CARTESIAN_POINT('Origin',(3.09662369944507E-14,133.297764027892,
-225.217028224148));
#15696=CARTESIAN_POINT('',(2.64455496462305E-14,170.211977590264,-223.302814661775));
#15697=CARTESIAN_POINT('',(36.914213562373,133.297764027892,-223.302814661775));
#15698=CARTESIAN_POINT('Origin',(3.10862446895044E-14,133.297764027892,
-223.302814661775));
#15699=CARTESIAN_POINT('',(2.6679973197435E-14,168.297764027891,-225.217028224148));
#15700=CARTESIAN_POINT('Origin',(3.10862446895044E-14,133.297764027892,
-223.302814661775));
#15701=CARTESIAN_POINT('Origin',(3.09662369944507E-14,133.297764027892,
-224.717028224148));
#15702=CARTESIAN_POINT('',(38.3284271247461,133.297764027892,-222.717028224148));
#15703=CARTESIAN_POINT('Origin',(3.09662369944507E-14,133.297764027892,
-222.717028224148));
#15704=CARTESIAN_POINT('Origin',(38.3284271247461,133.297764027892,-224.717028224148));
#15705=CARTESIAN_POINT('Origin',(15.6265636549434,92.8569549081409,-222.717028224148));
#15706=CARTESIAN_POINT('Origin',(6.20973836900199,92.7707465039169,-220.467028224148));
#15707=CARTESIAN_POINT('',(5.60391023544082,96.7246018721096,-218.717028224148));
#15708=CARTESIAN_POINT('Origin',(6.20973836900199,92.7707465039169,-218.717028224148));
#15709=CARTESIAN_POINT('',(5.60391023544082,96.7246018721096,-220.467028224148));
#15710=CARTESIAN_POINT('Origin',(44.2328099240047,110.373263101915,-218.717028224148));
#15711=CARTESIAN_POINT('',(44.2328099240047,110.373263101915,-218.717028224148));
#15712=CARTESIAN_POINT('Origin',(40.5270175239746,127.08802565889,-220.467028224148));
#15713=CARTESIAN_POINT('',(36.573162155782,127.693853792451,-218.717028224148));
#15714=CARTESIAN_POINT('',(36.573162155782,127.693853792451,-220.467028224148));
#15715=CARTESIAN_POINT('Origin',(40.5270175239746,127.08802565889,-218.717028224148));
#15716=CARTESIAN_POINT('Origin',(3.09662369944507E-14,133.297764027892,
-220.467028224148));
#15717=CARTESIAN_POINT('Origin',(4.44089209850063E-14,133.297764027891,
-218.717028224148));
#15718=CARTESIAN_POINT('Origin',(3.07471942388125,99.4069540572755,-220.977078730486));
#15719=CARTESIAN_POINT('',(3.16507262470056,98.4110442726555,-222.792915674457));
#15720=CARTESIAN_POINT('',(2.07658462545923,99.345905517743,-222.792915674457));
#15721=CARTESIAN_POINT('Origin',(3.07471942388125,99.4069540572755,-222.792915674457));
#15722=CARTESIAN_POINT('',(2.07658462545938,99.3459055177406,-220.977078730486));
#15723=CARTESIAN_POINT('',(3.16507262470056,98.4110442726555,-220.977078730486));
#15724=CARTESIAN_POINT('Origin',(3.09662369944507E-14,133.297764027892,
-222.792915674452));
#15725=CARTESIAN_POINT('',(3.13860878488249,98.7027394951209,-223.500022455639));
#15726=CARTESIAN_POINT('Origin',(3.07471942388126,99.4069540572755,-222.792915674452));
#15727=CARTESIAN_POINT('',(10.4264238430201,99.8554168338667,-222.792915674452));
#15728=CARTESIAN_POINT('Origin',(3.09662369944507E-14,133.297764027892,
-222.792915674452));
#15729=CARTESIAN_POINT('',(10.3392463140422,100.135035352689,-223.500022455639));
#15730=CARTESIAN_POINT('Origin',(10.1287811412496,100.810094173119,-222.792915674452));
#15731=CARTESIAN_POINT('Origin',(2.99760216648792E-14,133.297764027892,
-223.500022455639));
#15732=CARTESIAN_POINT('Origin',(3.0747194238811,99.4069540572779,-222.792915674455));
#15733=CARTESIAN_POINT('Origin',(3.0747194238811,99.4069540572779,-222.792915674455));
#15734=CARTESIAN_POINT('Origin',(10.1287811412497,100.810094173119,-220.977078730486));
#15735=CARTESIAN_POINT('',(11.0742997168482,101.135662327579,-222.792915674457));
#15736=CARTESIAN_POINT('Origin',(10.1287811412497,100.810094173119,-222.792915674457));
#15737=CARTESIAN_POINT('',(10.4264238430201,99.8554168338667,-220.977078730486));
#15738=CARTESIAN_POINT('',(11.074299716849,101.135662327577,-220.977078730486));
#15739=CARTESIAN_POINT('Origin',(10.1287811412497,100.810094173119,-222.792915674452));
#15740=CARTESIAN_POINT('Origin',(10.1287811412497,100.810094173119,-222.792915674452));
#15741=CARTESIAN_POINT('Origin',(2.01460180562529,100.359315664029,-224.227078616399));
#15742=CARTESIAN_POINT('',(1.95259915664418,101.373050014006,-224.822915544219));
#15743=CARTESIAN_POINT('Ctrl Pts',(1.95259915664418,101.373050014006,-224.822915544219));
#15744=CARTESIAN_POINT('Ctrl Pts',(1.99392824843105,100.697325336332,-224.146258789578));
#15745=CARTESIAN_POINT('Ctrl Pts',(2.03525670210333,100.021611091739,-223.469591577278));
#15746=CARTESIAN_POINT('Ctrl Pts',(2.07658462545935,99.3459055177409,-222.792915674453));
#15747=CARTESIAN_POINT('',(1.95259915663345,101.373050014181,-224.227078616399));
#15748=CARTESIAN_POINT('Ctrl Pts',(3.0159365794602,100.730004371082,-225.530022325405));
#15749=CARTESIAN_POINT('Ctrl Pts',(3.0568001801504,100.054236586617,-224.853365570765));
#15750=CARTESIAN_POINT('Ctrl Pts',(3.09769253170508,99.3784824176011,-224.176698358465));
#15751=CARTESIAN_POINT('Ctrl Pts',(3.13860878488247,98.702739495121,-223.500022455639));
#15752=CARTESIAN_POINT('Ctrl Pts',(2.71345717679575,100.706755480019,-225.534764242783));
#15753=CARTESIAN_POINT('Ctrl Pts',(2.75440045757089,100.031097464104,-224.858002589765));
#15754=CARTESIAN_POINT('Ctrl Pts',(2.79536706579017,99.355437161463,-224.181246184127));
#15755=CARTESIAN_POINT('Ctrl Pts',(2.83635395819531,98.6797911703152,-223.504477685479));
#15756=CARTESIAN_POINT('Ctrl Pts',(2.17346943084038,100.84883052584,-225.359903330145));
#15757=CARTESIAN_POINT('Ctrl Pts',(2.21467375720957,100.173250014777,-224.683083898839));
#15758=CARTESIAN_POINT('Ctrl Pts',(2.25588551386259,99.4976730347448,-224.006262423158));
#15759=CARTESIAN_POINT('Ctrl Pts',(2.29710319502855,98.8220952484178,-223.329442971678));
#15760=CARTESIAN_POINT('Ctrl Pts',(1.96241987692049,101.212482656817,-224.983861557665));
#15761=CARTESIAN_POINT('Ctrl Pts',(2.00374748810631,100.536803087862,-224.307156346356));
#15762=CARTESIAN_POINT('Ctrl Pts',(2.04507088986366,99.8611321208881,-223.630442585483));
#15763=CARTESIAN_POINT('Ctrl Pts',(2.08639749464019,99.1854665248284,-222.953723923791));
#15764=CARTESIAN_POINT('Ctrl Pts',(1.95259915664418,101.373050014006,-224.822915544219));
#15765=CARTESIAN_POINT('Ctrl Pts',(1.99392824843105,100.697325336332,-224.146258789578));
#15766=CARTESIAN_POINT('Ctrl Pts',(2.03525670210333,100.021611091739,-223.469591577278));
#15767=CARTESIAN_POINT('Ctrl Pts',(2.07658462545935,99.3459055177409,-222.792915674453));
#15768=CARTESIAN_POINT('',(3.0159365794521,100.730004371169,-225.530022325405));
#15769=CARTESIAN_POINT('Ctrl Pts',(3.13860878488247,98.702739495121,-223.500022455639));
#15770=CARTESIAN_POINT('Ctrl Pts',(3.09769253170508,99.3784824176011,-224.176698358465));
#15771=CARTESIAN_POINT('Ctrl Pts',(3.0568001801504,100.054236586617,-224.853365570765));
#15772=CARTESIAN_POINT('Ctrl Pts',(3.0159365794602,100.730004371082,-225.530022325405));
#15773=CARTESIAN_POINT('Origin',(2.95073395506604,101.43409855354,-224.822915544219));
#15774=CARTESIAN_POINT('Origin',(3.09662369944507E-14,133.297764027892,
-225.237129122738));
#15775=CARTESIAN_POINT('',(9.6767799727651,102.054928499286,-225.530022325421));
#15776=CARTESIAN_POINT('Ctrl Pts',(9.67677997278873,102.05492849921,-225.530022325421));
#15777=CARTESIAN_POINT('Ctrl Pts',(9.89763206372902,101.414962651436,-224.853365570775));
#15778=CARTESIAN_POINT('Ctrl Pts',(10.1184523819271,100.774998380218,-224.17669835847));
#15779=CARTESIAN_POINT('Ctrl Pts',(10.3392463140423,100.135035352689,-223.500022455639));
#15780=CARTESIAN_POINT('Origin',(2.88657986402541E-14,133.297764027892,
-225.530022325581));
#15781=CARTESIAN_POINT('Ctrl Pts',(10.3392463140423,100.135035352689,-223.500022455639));
#15782=CARTESIAN_POINT('Ctrl Pts',(10.1184523819271,100.774998380218,-224.17669835847));
#15783=CARTESIAN_POINT('Ctrl Pts',(9.89763206372902,101.414962651436,-224.853365570775));
#15784=CARTESIAN_POINT('Ctrl Pts',(9.67677997278873,102.05492849921,-225.530022325421));
#15785=CARTESIAN_POINT('Ctrl Pts',(10.627275305725,100.229501779621,-223.504477685478));
#15786=CARTESIAN_POINT('Ctrl Pts',(10.4065837297614,100.869402286738,-224.181246184132));
#15787=CARTESIAN_POINT('Ctrl Pts',(10.1858679368825,101.509308253529,-224.858002589775));
#15788=CARTESIAN_POINT('Ctrl Pts',(9.96513146734715,102.149203180635,-225.534764242799));
#15789=CARTESIAN_POINT('Ctrl Pts',(11.0710194954287,100.567336179435,-223.329442371657));
#15790=CARTESIAN_POINT('Ctrl Pts',(10.8505672413326,101.207261992549,-224.006261823142));
#15791=CARTESIAN_POINT('Ctrl Pts',(10.6301098190069,101.847184794818,-224.683083296519));
#15792=CARTESIAN_POINT('Ctrl Pts',(10.409644183976,102.487108014601,-225.35990272783));
#15793=CARTESIAN_POINT('Ctrl Pts',(11.1266311523506,100.983680803348,-222.953723923791));
#15794=CARTESIAN_POINT('Ctrl Pts',(10.9062459272189,101.623729425339,-223.630442585488));
#15795=CARTESIAN_POINT('Ctrl Pts',(10.6858556875237,102.263781783665,-224.307156346367));
#15796=CARTESIAN_POINT('Ctrl Pts',(10.4654660449973,102.903843700064,-224.983861557681));
#15797=CARTESIAN_POINT('Ctrl Pts',(11.074299716849,101.135662327577,-222.792915674452));
#15798=CARTESIAN_POINT('Ctrl Pts',(10.8539004110311,101.775748388965,-223.469591577283));
#15799=CARTESIAN_POINT('Ctrl Pts',(10.6334982770688,102.415842663881,-224.146258789589));
#15800=CARTESIAN_POINT('Ctrl Pts',(10.4130927400803,103.055946821903,-224.822915544235));
#15801=CARTESIAN_POINT('',(10.4130927400803,103.055946821903,-224.822915544235));
#15802=CARTESIAN_POINT('Ctrl Pts',(11.074299716849,101.135662327577,-222.792915674452));
#15803=CARTESIAN_POINT('Ctrl Pts',(10.8539004110311,101.775748388965,-223.469591577283));
#15804=CARTESIAN_POINT('Ctrl Pts',(10.6334982770688,102.415842663881,-224.146258789589));
#15805=CARTESIAN_POINT('Ctrl Pts',(10.4130927400803,103.055946821903,-224.822915544235));
#15806=CARTESIAN_POINT('Origin',(9.46757416448095,102.730378667446,-224.822915544235));
#15807=CARTESIAN_POINT('Origin',(10.7437491022857,102.095651018014,-224.227078616399));
#15808=CARTESIAN_POINT('',(10.4130927400282,103.055946822055,-224.227078616399));
#15809=CARTESIAN_POINT('Origin',(15.8101218291272,103.1633825385,-220.977078730486));
#15810=CARTESIAN_POINT('',(16.2747154767653,102.277858545277,-222.792915674457));
#15811=CARTESIAN_POINT('',(14.9113277828269,102.725011391713,-222.792915674457));
#15812=CARTESIAN_POINT('Origin',(15.8101218291272,103.1633825385,-222.792915674457));
#15813=CARTESIAN_POINT('',(14.911327782828,102.725011391711,-220.977078730486));
#15814=CARTESIAN_POINT('',(16.2747154767653,102.277858545277,-220.977078730486));
#15815=CARTESIAN_POINT('Origin',(3.09662369944507E-14,133.297764027892,
-222.792915674452));
#15816=CARTESIAN_POINT('',(16.1386391478682,102.537222517989,-223.500022455639));
#15817=CARTESIAN_POINT('Origin',(15.8101218291272,103.1633825385,-222.792915674452));
#15818=CARTESIAN_POINT('',(22.4305917964084,106.391083599736,-222.792915674452));
#15819=CARTESIAN_POINT('Origin',(3.09662369944507E-14,133.297764027892,
-222.792915674452));
#15820=CARTESIAN_POINT('',(22.2430448871551,106.616056030172,-223.500022455639));
#15821=CARTESIAN_POINT('Origin',(21.7902665952549,107.159187522892,-222.792915674452));
#15822=CARTESIAN_POINT('Origin',(2.99760216648792E-14,133.297764027891,
-223.500022455639));
#15823=CARTESIAN_POINT('Origin',(15.8101218291261,103.163382538503,-222.792915674455));
#15824=CARTESIAN_POINT('Origin',(15.8101218291261,103.163382538503,-222.792915674455));
#15825=CARTESIAN_POINT('Origin',(21.7902665952549,107.159187522892,-220.977078730486));
#15826=CARTESIAN_POINT('',(22.5392223160423,107.821807571109,-222.792915674457));
#15827=CARTESIAN_POINT('Origin',(21.7902665952549,107.159187522892,-222.792915674457));
#15828=CARTESIAN_POINT('',(22.4305917964084,106.391083599736,-220.977078730486));
#15829=CARTESIAN_POINT('',(22.5392223160439,107.821807571108,-220.977078730486));
#15830=CARTESIAN_POINT('Origin',(21.7902665952549,107.159187522892,-222.792915674452));
#15831=CARTESIAN_POINT('Origin',(21.7902665952549,107.159187522892,-222.792915674452));
#15832=CARTESIAN_POINT('Origin',(14.4662478510406,103.637560485665,-224.227078616399));
#15833=CARTESIAN_POINT('',(14.0210255320531,104.550401516642,-224.822915544395));
#15834=CARTESIAN_POINT('Ctrl Pts',(14.0210255321145,104.550401516516,-224.822915544255));
#15835=CARTESIAN_POINT('Ctrl Pts',(14.3177972731048,103.941929275891,-224.146258789602));
#15836=CARTESIAN_POINT('Ctrl Pts',(14.6145644319869,103.333466429981,-223.46959157729));
#15837=CARTESIAN_POINT('Ctrl Pts',(14.9113277828278,102.725011391712,-222.792915674453));
#15838=CARTESIAN_POINT('',(14.0210255320531,104.550401516642,-224.227078616399));
#15839=CARTESIAN_POINT('Ctrl Pts',(15.249504127009,104.363226423274,-225.530022325441));
#15840=CARTESIAN_POINT('Ctrl Pts',(15.5458623065575,103.754536221436,-224.853365570788));
#15841=CARTESIAN_POINT('Ctrl Pts',(15.8422418380342,103.145869601113,-224.176698358477));
#15842=CARTESIAN_POINT('Ctrl Pts',(16.1386391478682,102.537222517989,-223.500022455639));
#15843=CARTESIAN_POINT('Ctrl Pts',(14.9789465633116,104.225993392636,-225.534764242818));
#15844=CARTESIAN_POINT('Ctrl Pts',(15.2753363510544,103.617435095963,-224.858002589788));
#15845=CARTESIAN_POINT('Ctrl Pts',(15.5717485656372,103.008883613658,-224.181246184139));
#15846=CARTESIAN_POINT('Ctrl Pts',(15.8681740435929,102.40035311587,-223.504477685479));
#15847=CARTESIAN_POINT('Ctrl Pts',(14.4256942665361,104.150610942552,-225.359902293682));
#15848=CARTESIAN_POINT('Ctrl Pts',(14.7222955691373,103.54222414885,-224.683082862364));
#15849=CARTESIAN_POINT('Ctrl Pts',(15.0189023827709,102.933843455323,-224.006261390645));
#15850=CARTESIAN_POINT('Ctrl Pts',(15.3155149808842,102.325464289608,-223.329441939154));
#15851=CARTESIAN_POINT('Ctrl Pts',(14.0915451619471,104.405814848563,-224.983861557701));
#15852=CARTESIAN_POINT('Ctrl Pts',(14.3882982726812,103.797383716359,-224.30715634638));
#15853=CARTESIAN_POINT('Ctrl Pts',(14.6850442025746,103.188958920471,-223.630442585495));
#15854=CARTESIAN_POINT('Ctrl Pts',(14.9817910363122,102.580540312402,-222.953723923791));
#15855=CARTESIAN_POINT('Ctrl Pts',(14.0210255321145,104.550401516516,-224.822915544255));
#15856=CARTESIAN_POINT('Ctrl Pts',(14.3177972731048,103.941929275891,-224.146258789602));
#15857=CARTESIAN_POINT('Ctrl Pts',(14.6145644319869,103.333466429981,-223.46959157729));
#15858=CARTESIAN_POINT('Ctrl Pts',(14.9113277828278,102.725011391712,-222.792915674453));
#15859=CARTESIAN_POINT('',(15.2495041269764,104.363226423336,-225.530022325441));
#15860=CARTESIAN_POINT('Ctrl Pts',(16.1386391478682,102.537222517989,-223.500022455639));
#15861=CARTESIAN_POINT('Ctrl Pts',(15.8422418380342,103.145869601113,-224.176698358477));
#15862=CARTESIAN_POINT('Ctrl Pts',(15.5458623065575,103.754536221436,-224.853365570788));
#15863=CARTESIAN_POINT('Ctrl Pts',(15.249504127009,104.363226423274,-225.530022325441));
#15864=CARTESIAN_POINT('Origin',(14.9198195784136,104.988772663305,-224.822915544255));
#15865=CARTESIAN_POINT('Origin',(3.09662369944507E-14,133.297764027892,
-225.237129122738));
#15866=CARTESIAN_POINT('',(20.8962944943498,108.136291119624,-225.530022325444));
#15867=CARTESIAN_POINT('Ctrl Pts',(20.8962944943937,108.136291119571,-225.530022325444));
#15868=CARTESIAN_POINT('Ctrl Pts',(21.3452395481533,107.629556207507,-224.85336557079));
#15869=CARTESIAN_POINT('Ctrl Pts',(21.7941546444047,107.122810593089,-224.176698358477));
#15870=CARTESIAN_POINT('Ctrl Pts',(22.2430448871552,106.616056030172,-223.500022455639));
#15871=CARTESIAN_POINT('Origin',(2.88657986402541E-14,133.297764027892,
-225.530022325581));
#15872=CARTESIAN_POINT('Ctrl Pts',(22.2430448871552,106.616056030172,-223.500022455639));
#15873=CARTESIAN_POINT('Ctrl Pts',(21.7941546444047,107.122810593089,-224.176698358477));
#15874=CARTESIAN_POINT('Ctrl Pts',(21.3452395481533,107.629556207507,-224.85336557079));
#15875=CARTESIAN_POINT('Ctrl Pts',(20.8962944943937,108.136291119571,-225.530022325444));
#15876=CARTESIAN_POINT('Ctrl Pts',(22.4729982408391,106.813555551682,-223.504477685478));
#15877=CARTESIAN_POINT('Ctrl Pts',(22.0242264883679,107.320291523273,-224.18124618414));
#15878=CARTESIAN_POINT('Ctrl Pts',(21.5754302730577,107.827023271533,-224.85800258979));
#15879=CARTESIAN_POINT('Ctrl Pts',(21.1266191797124,108.333736907839,-225.534764242821));
#15880=CARTESIAN_POINT('Ctrl Pts',(22.7536787665925,107.29548701292,-223.329441313394));
#15881=CARTESIAN_POINT('Ctrl Pts',(22.3051184345104,107.802337948717,-224.006260764886));
#15882=CARTESIAN_POINT('Ctrl Pts',(21.8565544736452,108.309184124964,-224.683082234197));
#15883=CARTESIAN_POINT('Ctrl Pts',(21.4079827716164,108.816027544174,-225.359901665516));
#15884=CARTESIAN_POINT('Ctrl Pts',(22.6457310695584,107.701421324912,-222.953723923791));
#15885=CARTESIAN_POINT('Ctrl Pts',(22.1971856672425,108.208411372191,-223.630442585496));
#15886=CARTESIAN_POINT('Ctrl Pts',(21.7486342022406,108.715402952402,-224.307156346381));
#15887=CARTESIAN_POINT('Ctrl Pts',(21.3000796312344,109.222403591649,-224.983861557703));
#15888=CARTESIAN_POINT('Ctrl Pts',(22.5392223160439,107.821807571108,-222.792915674452));
#15889=CARTESIAN_POINT('Ctrl Pts',(22.090649577433,108.328826819434,-223.469591577291));
#15890=CARTESIAN_POINT('Ctrl Pts',(21.6420710827764,108.835852573787,-224.146258789603));
#15891=CARTESIAN_POINT('Ctrl Pts',(21.1934856620325,109.342886156658,-224.822915544257));
#15892=CARTESIAN_POINT('',(21.1934856620325,109.342886156658,-224.822915544257));
#15893=CARTESIAN_POINT('Ctrl Pts',(22.5392223160439,107.821807571108,-222.792915674452));
#15894=CARTESIAN_POINT('Ctrl Pts',(22.090649577433,108.328826819434,-223.469591577291));
#15895=CARTESIAN_POINT('Ctrl Pts',(21.6420710827764,108.835852573787,-224.146258789603));
#15896=CARTESIAN_POINT('Ctrl Pts',(21.1934856620325,109.342886156658,-224.822915544257));
#15897=CARTESIAN_POINT('Origin',(20.4445299412435,108.680266108442,-224.822915544257));
#15898=CARTESIAN_POINT('Origin',(21.8664616017018,108.582225229893,-224.227078616399));
#15899=CARTESIAN_POINT('',(21.1934856619413,109.342886156761,-224.227078616399));
#15900=CARTESIAN_POINT('Origin',(26.1385765049997,111.507497432637,-220.977078730486));
#15901=CARTESIAN_POINT('',(26.9066804281557,110.867172231483,-222.792915674457));
#15902=CARTESIAN_POINT('',(25.4759564567822,110.758541711849,-222.792915674457));
#15903=CARTESIAN_POINT('Origin',(26.1385765049997,111.507497432637,-222.792915674457));
#15904=CARTESIAN_POINT('',(25.475956456784,110.758541711848,-220.977078730486));
#15905=CARTESIAN_POINT('',(26.9066804281557,110.867172231483,-220.977078730486));
#15906=CARTESIAN_POINT('Origin',(3.09662369944507E-14,133.297764027892,
-222.792915674452));
#15907=CARTESIAN_POINT('',(26.6817079977192,111.054719140736,-223.500022455639));
#15908=CARTESIAN_POINT('Origin',(26.1385765049997,111.507497432637,-222.792915674452));
#15909=CARTESIAN_POINT('',(31.0199054826145,117.023048551126,-222.792915674452));
#15910=CARTESIAN_POINT('Origin',(3.09662369944507E-14,133.297764027892,
-222.792915674452));
#15911=CARTESIAN_POINT('',(30.7605415099026,117.159124880023,-223.500022455639));
#15912=CARTESIAN_POINT('Origin',(30.1343814893911,117.487642198764,-222.792915674452));
#15913=CARTESIAN_POINT('Origin',(3.10862446895044E-14,133.297764027892,
-223.500022455639));
#15914=CARTESIAN_POINT('Origin',(26.1385765049979,111.507497432638,-222.792915674455));
#15915=CARTESIAN_POINT('Origin',(26.1385765049979,111.507497432638,-222.792915674455));
#15916=CARTESIAN_POINT('Origin',(30.1343814893912,117.487642198764,-220.977078730486));
#15917=CARTESIAN_POINT('',(30.5727526361781,118.386436245065,-222.792915674457));
#15918=CARTESIAN_POINT('Origin',(30.1343814893912,117.487642198764,-222.792915674457));
#15919=CARTESIAN_POINT('',(31.0199054826145,117.023048551126,-220.977078730486));
#15920=CARTESIAN_POINT('',(30.5727526361802,118.386436245064,-220.977078730486));
#15921=CARTESIAN_POINT('Origin',(30.1343814893911,117.487642198764,-222.792915674452));
#15922=CARTESIAN_POINT('Origin',(30.1343814893911,117.487642198764,-222.792915674452));
#15923=CARTESIAN_POINT('Origin',(24.7155387979983,111.43130242619,-224.227078616399));
#15924=CARTESIAN_POINT('',(23.9548778711305,112.10427836595,-224.822915544395));
#15925=CARTESIAN_POINT('Ctrl Pts',(23.9548778712336,112.104278365859,-224.822915544257));
#15926=CARTESIAN_POINT('Ctrl Pts',(24.4619114541041,111.655692945115,-224.146258789604));
#15927=CARTESIAN_POINT('Ctrl Pts',(24.968937208457,111.207114450459,-223.469591577291));
#15928=CARTESIAN_POINT('Ctrl Pts',(25.4759564567837,110.758541711848,-222.792915674453));
#15929=CARTESIAN_POINT('',(23.9548778711305,112.10427836595,-224.227078616399));
#15930=CARTESIAN_POINT('Ctrl Pts',(25.1614729083201,112.401469533498,-225.530022325444));
#15931=CARTESIAN_POINT('Ctrl Pts',(25.6682078203842,111.952524479738,-224.85336557079));
#15932=CARTESIAN_POINT('Ctrl Pts',(26.1749534348026,111.503609383487,-224.176698358477));
#15933=CARTESIAN_POINT('Ctrl Pts',(26.6817079977191,111.054719140737,-223.500022455639));
#15934=CARTESIAN_POINT('Ctrl Pts',(24.9640271200522,112.171144848179,-225.534764242821));
#15935=CARTESIAN_POINT('Ctrl Pts',(25.4707407563589,111.722333754834,-224.85800258979));
#15936=CARTESIAN_POINT('Ctrl Pts',(25.9774725046183,111.273537539524,-224.18124618414));
#15937=CARTESIAN_POINT('Ctrl Pts',(26.4842084762093,110.824765787053,-223.504477685479));
#15938=CARTESIAN_POINT('Ctrl Pts',(24.4817366388342,111.889782092979,-225.359901227061));
#15939=CARTESIAN_POINT('Ctrl Pts',(24.9885800580438,111.44121039095,-224.683081795742));
#15940=CARTESIAN_POINT('Ctrl Pts',(25.4954262342511,110.992646427542,-224.006260328112));
#15941=CARTESIAN_POINT('Ctrl Pts',(26.0022771700487,110.54408609546,-223.32944087662));
#15942=CARTESIAN_POINT('Ctrl Pts',(24.0753604362426,111.997684396657,-224.983861557704));
#15943=CARTESIAN_POINT('Ctrl Pts',(24.5823610754893,111.549129825651,-224.307156346382));
#15944=CARTESIAN_POINT('Ctrl Pts',(25.0893526557009,111.100578360649,-223.630442585496));
#15945=CARTESIAN_POINT('Ctrl Pts',(25.5963427029796,110.652032958333,-222.953723923791));
#15946=CARTESIAN_POINT('Ctrl Pts',(23.9548778712336,112.104278365859,-224.822915544257));
#15947=CARTESIAN_POINT('Ctrl Pts',(24.4619114541041,111.655692945115,-224.146258789604));
#15948=CARTESIAN_POINT('Ctrl Pts',(24.968937208457,111.207114450459,-223.469591577291));
#15949=CARTESIAN_POINT('Ctrl Pts',(25.4759564567837,110.758541711848,-222.792915674453));
#15950=CARTESIAN_POINT('',(25.1614729082672,112.401469533542,-225.530022325444));
#15951=CARTESIAN_POINT('Ctrl Pts',(26.6817079977191,111.054719140737,-223.500022455639));
#15952=CARTESIAN_POINT('Ctrl Pts',(26.1749534348026,111.503609383487,-224.176698358477));
#15953=CARTESIAN_POINT('Ctrl Pts',(25.6682078203842,111.952524479738,-224.85336557079));
#15954=CARTESIAN_POINT('Ctrl Pts',(25.1614729083201,112.401469533498,-225.530022325444));
#15955=CARTESIAN_POINT('Origin',(24.6174979194493,112.853234086648,-224.822915544257));
#15956=CARTESIAN_POINT('Origin',(3.09662369944507E-14,133.297764027892,
-225.237129122738));
#15957=CARTESIAN_POINT('',(28.934537604556,118.048259900915,-225.530022325441));
#15958=CARTESIAN_POINT('Ctrl Pts',(28.934537604618,118.048259900883,-225.530022325441));
#15959=CARTESIAN_POINT('Ctrl Pts',(29.5432278064558,117.751901721334,-224.853365570788));
#15960=CARTESIAN_POINT('Ctrl Pts',(30.1518944267787,117.455522189857,-224.176698358476));
#15961=CARTESIAN_POINT('Ctrl Pts',(30.7605415099028,117.159124880023,-223.500022455639));
#15962=CARTESIAN_POINT('Origin',(2.88657986402541E-14,133.297764027892,
-225.530022325581));
#15963=CARTESIAN_POINT('Ctrl Pts',(30.7605415099028,117.159124880023,-223.500022455639));
#15964=CARTESIAN_POINT('Ctrl Pts',(30.1518944267787,117.455522189857,-224.176698358476));
#15965=CARTESIAN_POINT('Ctrl Pts',(29.5432278064558,117.751901721334,-224.853365570788));
#15966=CARTESIAN_POINT('Ctrl Pts',(28.934537604618,118.048259900883,-225.530022325441));
#15967=CARTESIAN_POINT('Ctrl Pts',(30.8974109120219,117.429589984299,-223.504477685478));
#15968=CARTESIAN_POINT('Ctrl Pts',(30.2888804142339,117.726015462254,-224.181246184139));
#15969=CARTESIAN_POINT('Ctrl Pts',(29.6803289319287,118.022427676837,-224.858002589788));
#15970=CARTESIAN_POINT('Ctrl Pts',(29.0717706352556,118.31881746458,-225.534764242818));
#15971=CARTESIAN_POINT('Ctrl Pts',(30.9722971047785,117.98224733473,-223.32944032209));
#15972=CARTESIAN_POINT('Ctrl Pts',(30.3639179390637,118.278859932843,-224.006259773581));
#15973=CARTESIAN_POINT('Ctrl Pts',(29.7555372368929,118.575466742738,-224.683081239076));
#15974=CARTESIAN_POINT('Ctrl Pts',(29.1471504431906,118.872068045339,-225.359900670394));
#15975=CARTESIAN_POINT('Ctrl Pts',(30.7172237154894,118.315972991579,-222.953723923791));
#15976=CARTESIAN_POINT('Ctrl Pts',(30.1088051074208,118.612719825317,-223.630442585495));
#15977=CARTESIAN_POINT('Ctrl Pts',(29.5003803115327,118.90946575521,-224.30715634638));
#15978=CARTESIAN_POINT('Ctrl Pts',(28.8919491793282,119.206218865944,-224.983861557701));
#15979=CARTESIAN_POINT('Ctrl Pts',(30.5727526361802,118.386436245064,-222.792915674452));
#15980=CARTESIAN_POINT('Ctrl Pts',(29.9642975979109,118.683199595905,-223.46959157729));
#15981=CARTESIAN_POINT('Ctrl Pts',(29.3558347520004,118.979966754787,-224.146258789602));
#15982=CARTESIAN_POINT('Ctrl Pts',(28.7473625113756,119.276738495777,-224.822915544255));
#15983=CARTESIAN_POINT('',(28.7473625113756,119.276738495777,-224.822915544255));
#15984=CARTESIAN_POINT('Ctrl Pts',(30.5727526361802,118.386436245064,-222.792915674452));
#15985=CARTESIAN_POINT('Ctrl Pts',(29.9642975979109,118.683199595905,-223.46959157729));
#15986=CARTESIAN_POINT('Ctrl Pts',(29.3558347520004,118.979966754787,-224.146258789602));
#15987=CARTESIAN_POINT('Ctrl Pts',(28.7473625113756,119.276738495777,-224.822915544255));
#15988=CARTESIAN_POINT('Origin',(28.3089913645865,118.377944449478,-224.822915544255));
#15989=CARTESIAN_POINT('Origin',(29.6602035422268,118.831516176851,-224.227078616399));
#15990=CARTESIAN_POINT('',(28.7473625112497,119.276738495838,-224.227078616399));
#15991=CARTESIAN_POINT('Origin',(32.4876698547721,123.168982886642,-220.977078730486));
#15992=CARTESIAN_POINT('',(33.4423471940249,122.871340184871,-222.792915674457));
#15993=CARTESIAN_POINT('',(32.1621017003127,122.223464311043,-222.792915674457));
#15994=CARTESIAN_POINT('Origin',(32.4876698547721,123.168982886642,-222.792915674457));
#15995=CARTESIAN_POINT('',(32.162101700315,122.223464311043,-220.977078730486));
#15996=CARTESIAN_POINT('',(33.4423471940249,122.871340184871,-220.977078730486));
#15997=CARTESIAN_POINT('Origin',(3.09662369944507E-14,133.297764027892,
-222.792915674452));
#15998=CARTESIAN_POINT('',(33.1627286752027,122.958517713849,-223.500022455639));
#15999=CARTESIAN_POINT('Origin',(32.4876698547721,123.168982886642,-222.792915674452));
#16000=CARTESIAN_POINT('',(34.886719755236,130.132691403191,-222.792915674452));
#16001=CARTESIAN_POINT('Origin',(3.09662369944507E-14,133.297764027892,
-222.792915674452));
#16002=CARTESIAN_POINT('',(34.5950245327706,130.159155243009,-223.500022455639));
#16003=CARTESIAN_POINT('Origin',(33.8908099706161,130.22304460401,-222.792915674452));
#16004=CARTESIAN_POINT('Origin',(3.10862446895044E-14,133.297764027892,
-223.500022455639));
#16005=CARTESIAN_POINT('Origin',(32.4876698547698,123.168982886643,-222.792915674455));
#16006=CARTESIAN_POINT('Origin',(32.4876698547698,123.168982886643,-222.792915674455));
#16007=CARTESIAN_POINT('Origin',(33.8908099706161,130.22304460401,-220.977078730486));
#16008=CARTESIAN_POINT('',(33.9518585101485,131.221179402432,-222.792915674457));
#16009=CARTESIAN_POINT('Origin',(33.8908099706161,130.22304460401,-222.792915674457));
#16010=CARTESIAN_POINT('',(34.886719755236,130.132691403191,-220.977078730486));
#16011=CARTESIAN_POINT('',(33.9518585101509,131.221179402432,-220.977078730486));
#16012=CARTESIAN_POINT('Origin',(33.890809970616,130.22304460401,-222.792915674452));
#16013=CARTESIAN_POINT('Origin',(33.890809970616,130.22304460401,-222.792915674452));
#16014=CARTESIAN_POINT('Origin',(31.2021130098779,122.554014925606,-224.227078616399));
#16015=CARTESIAN_POINT('',(30.241817205837,122.884671287863,-224.822915544395));
#16016=CARTESIAN_POINT('Ctrl Pts',(30.2418172059882,122.884671287811,-224.822915544235));
#16017=CARTESIAN_POINT('Ctrl Pts',(30.8819213640103,122.664265750823,-224.146258789589));
#16018=CARTESIAN_POINT('Ctrl Pts',(31.5220156389263,122.443863616861,-223.469591577283));
#16019=CARTESIAN_POINT('Ctrl Pts',(32.1621017003147,122.223464311043,-222.792915674453));
#16020=CARTESIAN_POINT('',(30.241817205837,122.884671287863,-224.227078616399));
#16021=CARTESIAN_POINT('Ctrl Pts',(31.2428355286815,123.620984055103,-225.530022325421));
#16022=CARTESIAN_POINT('Ctrl Pts',(31.8828013764554,123.400131964163,-224.853365570775));
#16023=CARTESIAN_POINT('Ctrl Pts',(32.5227656476734,123.179311645965,-224.17669835847));
#16024=CARTESIAN_POINT('Ctrl Pts',(33.1627286752026,122.958517713849,-223.500022455639));
#16025=CARTESIAN_POINT('Ctrl Pts',(31.1485608472564,123.332632560544,-225.534764242798));
#16026=CARTESIAN_POINT('Ctrl Pts',(31.7884557743623,123.111896091009,-224.858002589775));
#16027=CARTESIAN_POINT('Ctrl Pts',(32.4283617411532,122.89118029813,-224.181246184133));
#16028=CARTESIAN_POINT('Ctrl Pts',(33.0682622482706,122.670488722167,-223.504477685479));
#16029=CARTESIAN_POINT('Ctrl Pts',(30.8106550304425,122.888124468972,-225.359900291569));
#16030=CARTESIAN_POINT('Ctrl Pts',(31.4505782502255,122.667658833941,-224.683080860258));
#16031=CARTESIAN_POINT('Ctrl Pts',(32.0905010576989,122.447201398474,-224.006259396222));
#16032=CARTESIAN_POINT('Ctrl Pts',(32.7304268708135,122.226749144378,-223.329439944737));
#16033=CARTESIAN_POINT('Ctrl Pts',(30.393920327828,122.832297982894,-224.983861557681));
#16034=CARTESIAN_POINT('Ctrl Pts',(31.0339822442269,122.611908340368,-224.307156346367));
#16035=CARTESIAN_POINT('Ctrl Pts',(31.6740346025522,122.391518100673,-223.630442585489));
#16036=CARTESIAN_POINT('Ctrl Pts',(32.3140832245428,122.171132875541,-222.953723923791));
#16037=CARTESIAN_POINT('Ctrl Pts',(30.2418172059882,122.884671287811,-224.822915544235));
#16038=CARTESIAN_POINT('Ctrl Pts',(30.8819213640103,122.664265750823,-224.146258789589));
#16039=CARTESIAN_POINT('Ctrl Pts',(31.5220156389263,122.443863616861,-223.469591577283));
#16040=CARTESIAN_POINT('Ctrl Pts',(32.1621017003147,122.223464311043,-222.792915674453));
#16041=CARTESIAN_POINT('',(31.2428355286052,123.620984055126,-225.530022325421));
#16042=CARTESIAN_POINT('Ctrl Pts',(33.1627286752026,122.958517713849,-223.500022455639));
#16043=CARTESIAN_POINT('Ctrl Pts',(32.5227656476734,123.179311645965,-224.17669835847));
#16044=CARTESIAN_POINT('Ctrl Pts',(31.8828013764554,123.400131964163,-224.853365570775));
#16045=CARTESIAN_POINT('Ctrl Pts',(31.2428355286815,123.620984055103,-225.530022325421));
#16046=CARTESIAN_POINT('Origin',(30.5673853604453,123.830189863411,-224.822915544235));
#16047=CARTESIAN_POINT('Origin',(3.09662369944507E-14,133.297764027892,
-225.237129122738));
#16048=CARTESIAN_POINT('',(32.5677596567222,130.281827448439,-225.530022325405));
#16049=CARTESIAN_POINT('Ctrl Pts',(32.5677596568097,130.281827448431,-225.530022325405));
#16050=CARTESIAN_POINT('Ctrl Pts',(33.2435274412751,130.240963847741,-224.853365570765));
#16051=CARTESIAN_POINT('Ctrl Pts',(33.9192816102907,130.200071496186,-224.176698358465));
#16052=CARTESIAN_POINT('Ctrl Pts',(34.5950245327708,130.159155243009,-223.500022455639));
#16053=CARTESIAN_POINT('Origin',(2.88657986402541E-14,133.297764027892,
-225.530022325581));
#16054=CARTESIAN_POINT('Ctrl Pts',(34.5950245327708,130.159155243009,-223.500022455639));
#16055=CARTESIAN_POINT('Ctrl Pts',(33.9192816102907,130.200071496186,-224.176698358465));
#16056=CARTESIAN_POINT('Ctrl Pts',(33.2435274412751,130.240963847741,-224.853365570765));
#16057=CARTESIAN_POINT('Ctrl Pts',(32.5677596568097,130.281827448431,-225.530022325405));
#16058=CARTESIAN_POINT('Ctrl Pts',(34.6179728575767,130.461410069696,-223.504477685478));
#16059=CARTESIAN_POINT('Ctrl Pts',(33.9423268664288,130.502396962101,-224.181246184127));
#16060=CARTESIAN_POINT('Ctrl Pts',(33.266666563788,130.543363570321,-224.858002589765));
#16061=CARTESIAN_POINT('Ctrl Pts',(32.5910085478722,130.584306851096,-225.534764242783));
#16062=CARTESIAN_POINT('Ctrl Pts',(34.4756649877993,131.000655309439,-223.329439522783));
#16063=CARTESIAN_POINT('Ctrl Pts',(33.8000872014722,131.041872990605,-224.006258974263));
#16064=CARTESIAN_POINT('Ctrl Pts',(33.1245102074605,131.083084732835,-224.683080436669));
#16065=CARTESIAN_POINT('Ctrl Pts',(32.4489296963972,131.124289059204,-225.359899867975));
#16066=CARTESIAN_POINT('Ctrl Pts',(34.1122975030634,131.211366533251,-222.953723923791));
#16067=CARTESIAN_POINT('Ctrl Pts',(33.4366319070036,131.252693138028,-223.630442585483));
#16068=CARTESIAN_POINT('Ctrl Pts',(32.7609609400301,131.294016539785,-224.307156346356));
#16069=CARTESIAN_POINT('Ctrl Pts',(32.0852813710747,131.335344150971,-224.983861557665));
#16070=CARTESIAN_POINT('Ctrl Pts',(33.9518585101509,131.221179402432,-222.792915674452));
#16071=CARTESIAN_POINT('Ctrl Pts',(33.2761529361524,131.262507325788,-223.469591577278));
#16072=CARTESIAN_POINT('Ctrl Pts',(32.6004386915598,131.30383577946,-224.146258789578));
#16073=CARTESIAN_POINT('Ctrl Pts',(31.9247140138859,131.345164871247,-224.822915544219));
#16074=CARTESIAN_POINT('',(31.9247140138859,131.345164871247,-224.822915544219));
#16075=CARTESIAN_POINT('Ctrl Pts',(33.9518585101509,131.221179402432,-222.792915674452));
#16076=CARTESIAN_POINT('Ctrl Pts',(33.2761529361524,131.262507325788,-223.469591577278));
#16077=CARTESIAN_POINT('Ctrl Pts',(32.6004386915598,131.30383577946,-224.146258789578));
#16078=CARTESIAN_POINT('Ctrl Pts',(31.9247140138859,131.345164871247,-224.822915544219));
#16079=CARTESIAN_POINT('Origin',(31.8636654743511,130.347030072826,-224.822915544219));
#16080=CARTESIAN_POINT('Origin',(32.9384483638624,131.283162222266,-224.227078616399));
#16081=CARTESIAN_POINT('',(31.9247140137105,131.345164871258,-224.227078616399));
#16082=CARTESIAN_POINT('Origin',(3.09662369944507E-14,133.297764027892,
-220.977078730486));
#16083=CARTESIAN_POINT('',(2.66762992570375E-14,168.327764027892,-218.717028224148));
#16084=CARTESIAN_POINT('Origin',(3.09662369944507E-14,133.297764027892,
-218.717028224148));
#16085=CARTESIAN_POINT('',(2.66762992570375E-14,168.327764027892,-220.977078730486));
#16086=CARTESIAN_POINT('Origin',(31.8636654741756,130.347030072836,-224.227078616399));
#16087=CARTESIAN_POINT('',(30.8679259321546,130.439240508557,-224.822915544395));
#16088=CARTESIAN_POINT('Origin',(31.8636654741756,130.347030072836,-224.822915544395));
#16089=CARTESIAN_POINT('',(30.8679259321546,130.439240508557,-224.227078616399));
#16090=CARTESIAN_POINT('Origin',(31.8636654741761,130.347030072842,-224.822915544395));
#16091=CARTESIAN_POINT('Origin',(31.8636654741761,130.347030072842,-224.822915544395));
#16092=CARTESIAN_POINT('Origin',(3.09662369944507E-14,133.297764027892,
-224.822915544395));
#16093=CARTESIAN_POINT('',(29.6121545716673,124.126051554899,-224.822915544395));
#16094=CARTESIAN_POINT('Origin',(3.09662369944507E-14,133.297764027892,
-224.822915544395));
#16095=CARTESIAN_POINT('Origin',(30.5673853602942,123.830189863463,-224.822915544395));
#16096=CARTESIAN_POINT('Origin',(3.09662369944507E-14,133.297764027892,
-224.227078616399));
#16097=CARTESIAN_POINT('',(29.6121545716673,124.126051554899,-224.227078616399));
#16098=CARTESIAN_POINT('Origin',(30.5673853602942,123.830189863463,-224.227078616399));
#16099=CARTESIAN_POINT('Origin',(30.5673853602942,123.830189863463,-224.822915544395));
#16100=CARTESIAN_POINT('Origin',(30.5673853602942,123.830189863463,-224.822915544395));
#16101=CARTESIAN_POINT('Origin',(28.3089913644606,118.377944449539,-224.227078616399));
#16102=CARTESIAN_POINT('',(27.4243353879167,118.844188809468,-224.822915544395));
#16103=CARTESIAN_POINT('Origin',(28.3089913644606,118.377944449539,-224.822915544395));
#16104=CARTESIAN_POINT('',(27.4243353879167,118.844188809468,-224.227078616399));
#16105=CARTESIAN_POINT('Origin',(28.3089913644627,118.377944449543,-224.822915544395));
#16106=CARTESIAN_POINT('Origin',(28.3089913644627,118.377944449543,-224.822915544395));
#16107=CARTESIAN_POINT('Origin',(3.09662369944507E-14,133.297764027892,
-224.822915544395));
#16108=CARTESIAN_POINT('',(23.8482011124933,113.492125644804,-224.822915544395));
#16109=CARTESIAN_POINT('Origin',(3.09662369944507E-14,133.297764027892,
-224.822915544395));
#16110=CARTESIAN_POINT('Origin',(24.6174979193463,112.853234086739,-224.822915544395));
#16111=CARTESIAN_POINT('Origin',(3.09662369944507E-14,133.297764027892,
-224.227078616399));
#16112=CARTESIAN_POINT('',(23.8482011124933,113.492125644804,-224.227078616399));
#16113=CARTESIAN_POINT('Origin',(20.4445299411523,108.680266108545,-224.227078616399));
#16114=CARTESIAN_POINT('',(19.8056383830879,109.449562915398,-224.822915544395));
#16115=CARTESIAN_POINT('Origin',(20.4445299411523,108.680266108545,-224.822915544395));
#16116=CARTESIAN_POINT('',(19.8056383830879,109.449562915398,-224.227078616399));
#16117=CARTESIAN_POINT('Origin',(20.4445299411556,108.680266108548,-224.822915544395));
#16118=CARTESIAN_POINT('Origin',(20.4445299411556,108.680266108548,-224.822915544395));
#16119=CARTESIAN_POINT('Origin',(3.09662369944507E-14,133.297764027892,
-224.822915544395));
#16120=CARTESIAN_POINT('',(14.4535752184237,105.873428639975,-224.822915544395));
#16121=CARTESIAN_POINT('Origin',(3.09662369944507E-14,133.297764027892,
-224.822915544395));
#16122=CARTESIAN_POINT('Origin',(14.9198195783522,104.988772663431,-224.822915544395));
#16123=CARTESIAN_POINT('Origin',(3.09662369944507E-14,133.297764027892,
-224.227078616399));
#16124=CARTESIAN_POINT('',(14.4535752184237,105.873428639975,-224.227078616399));
#16125=CARTESIAN_POINT('Origin',(24.6174979193463,112.853234086739,-224.227078616399));
#16126=CARTESIAN_POINT('Origin',(24.6174979193463,112.853234086739,-224.822915544395));
#16127=CARTESIAN_POINT('Origin',(24.6174979193463,112.853234086739,-224.822915544395));
#16128=CARTESIAN_POINT('Origin',(14.9198195783522,104.988772663431,-224.227078616399));
#16129=CARTESIAN_POINT('Origin',(14.9198195783522,104.988772663431,-224.822915544395));
#16130=CARTESIAN_POINT('Origin',(14.9198195783522,104.988772663431,-224.822915544395));
#16131=CARTESIAN_POINT('Origin',(2.95073395505531,101.434098553716,-224.227078616399));
#16132=CARTESIAN_POINT('',(2.85852351933461,102.429838095737,-224.822915544395));
#16133=CARTESIAN_POINT('Origin',(2.95073395505531,101.434098553716,-224.822915544395));
#16134=CARTESIAN_POINT('',(2.85852351933461,102.429838095737,-224.227078616399));
#16135=CARTESIAN_POINT('Origin',(2.95073395505532,101.434098553716,-224.822915544395));
#16136=CARTESIAN_POINT('Origin',(2.95073395505532,101.434098553716,-224.822915544395));
#16137=CARTESIAN_POINT('Origin',(9.46757416442891,102.730378667597,-224.227078616399));
#16138=CARTESIAN_POINT('',(9.17171247299298,103.685609456224,-224.822915544395));
#16139=CARTESIAN_POINT('Origin',(9.46757416442891,102.730378667597,-224.822915544395));
#16140=CARTESIAN_POINT('',(9.17171247299298,103.685609456224,-224.227078616399));
#16141=CARTESIAN_POINT('Origin',(9.46757416443369,102.730378667599,-224.822915544395));
#16142=CARTESIAN_POINT('Origin',(9.46757416443369,102.730378667599,-224.822915544395));
#16143=CARTESIAN_POINT('Origin',(3.09662369944507E-14,133.297764027892,
-224.822915544395));
#16144=CARTESIAN_POINT('Origin',(3.09662369944507E-14,133.297764027892,
-224.822915544395));
#16145=CARTESIAN_POINT('Origin',(3.09662369944507E-14,133.297764027892,
-224.227078616399));
#16146=CARTESIAN_POINT('Origin',(-2.01460180562522,100.359315664029,-224.227078616399));
#16147=CARTESIAN_POINT('Origin',(22.5,110.797764027892,-221.717028224148));
#16148=CARTESIAN_POINT('',(34.5753416429759,115.349899701632,-221.717028224148));
#16149=CARTESIAN_POINT('',(33.9177387235813,116.758660090104,-221.717028224148));
#16150=CARTESIAN_POINT('Origin',(34.8165712171731,116.320367780722,-221.717028224148));
#16151=CARTESIAN_POINT('',(37.7941364483903,114.549802802962,-221.717028224148));
#16152=CARTESIAN_POINT('',(29.4218534257012,116.630903987162,-221.717028224148));
#16153=CARTESIAN_POINT('',(39.0264250733362,115.386846903963,-221.717028224148));
#16154=CARTESIAN_POINT('Origin',(38.0353660225875,115.520270882052,-221.717028224148));
#16155=CARTESIAN_POINT('',(40.2607807704249,118.366845168667,-221.717028224148));
#16156=CARTESIAN_POINT('Origin',(45.2700970930531,114.546275842002,-221.717028224148));
#16157=CARTESIAN_POINT('',(39.9813006873165,119.830084371715,-221.717028224148));
#16158=CARTESIAN_POINT('Origin',(39.4656511954046,118.973284744328,-221.717028224148));
#16159=CARTESIAN_POINT('',(37.1395151105038,121.540362063216,-221.717028224148));
#16160=CARTESIAN_POINT('',(35.5600173237197,122.49095448319,-221.717028224148));
#16161=CARTESIAN_POINT('',(35.6783756031162,121.009213523092,-221.717028224148));
#16162=CARTESIAN_POINT('Origin',(36.6238656185919,120.683562435828,-221.717028224148));
#16163=CARTESIAN_POINT('Origin',(3.5527136788005E-14,133.297764027892,-221.717028224148));
#16164=CARTESIAN_POINT('Origin',(22.5,110.797764027892,-221.717028224148));
#16165=CARTESIAN_POINT('',(17.9109171239287,94.2713389545552,-221.717028224148));
#16166=CARTESIAN_POINT('',(14.9309188592248,93.0369832574666,-221.717028224148));
#16167=CARTESIAN_POINT('Origin',(18.7514881858894,88.0276669348384,-221.717028224148));
#16168=CARTESIAN_POINT('',(18.7479612249297,95.5036275795013,-221.717028224148));
#16169=CARTESIAN_POINT('Origin',(17.7774931458397,95.262398005304,-221.717028224148));
#16170=CARTESIAN_POINT('',(17.9478643262592,98.7224223849156,-221.717028224148));
#16171=CARTESIAN_POINT('',(17.0669084900648,102.266513199483,-221.717028224148));
#16172=CARTESIAN_POINT('',(16.5391039377872,99.3800253043102,-221.717028224148));
#16173=CARTESIAN_POINT('Origin',(16.9773962471692,98.4811928107184,-221.717028224148));
#16174=CARTESIAN_POINT('',(12.2885505047996,97.6193884247753,-221.717028224148));
#16175=CARTESIAN_POINT('Origin',(3.5527136788005E-14,133.297764027892,-221.717028224148));
#16176=CARTESIAN_POINT('',(11.757401964676,96.1582489173877,-221.717028224148));
#16177=CARTESIAN_POINT('Origin',(12.6142015920632,96.6738984092997,-221.717028224148));
#16178=CARTESIAN_POINT('',(13.4676796561764,93.316463340575,-221.717028224148));
#16179=CARTESIAN_POINT('',(9.95167069895117,99.1586394925781,-221.717028224148));
#16180=CARTESIAN_POINT('Origin',(14.3244792835637,93.832112832487,-221.717028224148));
#16181=CARTESIAN_POINT('Origin',(22.5,110.797764027892,-221.717028224148));
#16182=CARTESIAN_POINT('Origin',(22.5,110.797764027892,-221.717028224148));
#16183=CARTESIAN_POINT('Origin',(3.09662369944507E-14,133.297764027892,
-220.467028224148));
#16184=CARTESIAN_POINT('Origin',(4.44089209850063E-14,133.297764027891,
-218.717028224148));
#16185=CARTESIAN_POINT('Origin',(3.5527136788005E-14,133.297764027892,-218.717028224148));
#16186=CARTESIAN_POINT('',(16.5391039377872,99.3800253043102,-218.717028224148));
#16187=CARTESIAN_POINT('',(16.5391039377872,99.3800253043102,-218.717028224148));
#16188=CARTESIAN_POINT('',(12.2885505047996,97.6193884247753,-218.717028224148));
#16189=CARTESIAN_POINT('Origin',(3.5527136788005E-14,133.297764027892,-218.717028224148));
#16190=CARTESIAN_POINT('',(12.2885505047996,97.6193884247753,-218.717028224148));
#16191=CARTESIAN_POINT('Origin',(16.9773962471692,98.4811928107184,-218.717028224148));
#16192=CARTESIAN_POINT('',(17.9478643262592,98.7224223849156,-218.717028224148));
#16193=CARTESIAN_POINT('',(17.9478643262592,98.7224223849156,-218.717028224148));
#16194=CARTESIAN_POINT('Origin',(16.9773962471692,98.4811928107184,-218.717028224148));
#16195=CARTESIAN_POINT('Origin',(18.7479612249297,95.5036275795013,-218.717028224148));
#16196=CARTESIAN_POINT('',(18.7479612249297,95.5036275795013,-218.717028224148));
#16197=CARTESIAN_POINT('',(18.7479612249297,95.5036275795013,-218.717028224148));
#16198=CARTESIAN_POINT('',(17.9478643262592,98.7224223849156,-218.717028224148));
#16199=CARTESIAN_POINT('Origin',(17.7774931458397,95.262398005304,-218.717028224148));
#16200=CARTESIAN_POINT('',(17.9109171239287,94.2713389545552,-218.717028224148));
#16201=CARTESIAN_POINT('',(17.9109171239287,94.2713389545552,-218.717028224148));
#16202=CARTESIAN_POINT('Origin',(17.7774931458397,95.262398005304,-218.717028224148));
#16203=CARTESIAN_POINT('Origin',(39.4656511954046,118.973284744328,-218.717028224148));
#16204=CARTESIAN_POINT('',(40.2607807704249,118.366845168667,-218.717028224148));
#16205=CARTESIAN_POINT('',(40.2607807704249,118.366845168667,-218.717028224148));
#16206=CARTESIAN_POINT('',(39.9813006873165,119.830084371715,-218.717028224148));
#16207=CARTESIAN_POINT('Origin',(39.4656511954046,118.973284744328,-218.717028224148));
#16208=CARTESIAN_POINT('',(39.9813006873165,119.830084371715,-218.717028224148));
#16209=CARTESIAN_POINT('Origin',(45.2700970930531,114.546275842002,-218.717028224148));
#16210=CARTESIAN_POINT('',(39.0264250733362,115.386846903963,-218.717028224148));
#16211=CARTESIAN_POINT('',(39.0264250733362,115.386846903963,-218.717028224148));
#16212=CARTESIAN_POINT('Origin',(45.2700970930531,114.546275842002,-218.717028224148));
#16213=CARTESIAN_POINT('Origin',(38.0353660225875,115.520270882052,-218.717028224148));
#16214=CARTESIAN_POINT('',(37.7941364483903,114.549802802962,-218.717028224148));
#16215=CARTESIAN_POINT('',(37.7941364483903,114.549802802962,-218.717028224148));
#16216=CARTESIAN_POINT('Origin',(38.0353660225875,115.520270882052,-218.717028224148));
#16217=CARTESIAN_POINT('Origin',(34.5753416429759,115.349899701632,-218.717028224148));
#16218=CARTESIAN_POINT('',(34.5753416429759,115.349899701632,-218.717028224148));
#16219=CARTESIAN_POINT('',(34.5753416429759,115.349899701632,-218.717028224148));
#16220=CARTESIAN_POINT('',(34.5753416429759,115.349899701632,-218.717028224148));
#16221=CARTESIAN_POINT('Origin',(18.7514881858894,88.0276669348384,-218.717028224148));
#16222=CARTESIAN_POINT('',(14.9309188592248,93.0369832574666,-218.717028224148));
#16223=CARTESIAN_POINT('',(14.9309188592248,93.0369832574666,-218.717028224148));
#16224=CARTESIAN_POINT('Origin',(18.7514881858894,88.0276669348384,-218.717028224148));
#16225=CARTESIAN_POINT('Origin',(14.3244792835637,93.832112832487,-218.717028224148));
#16226=CARTESIAN_POINT('',(13.4676796561764,93.316463340575,-218.717028224148));
#16227=CARTESIAN_POINT('',(13.4676796561764,93.316463340575,-218.717028224148));
#16228=CARTESIAN_POINT('Origin',(14.3244792835637,93.832112832487,-218.717028224148));
#16229=CARTESIAN_POINT('Origin',(11.757401964676,96.1582489173877,-218.717028224148));
#16230=CARTESIAN_POINT('',(11.757401964676,96.1582489173877,-218.717028224148));
#16231=CARTESIAN_POINT('',(11.757401964676,96.1582489173877,-218.717028224148));
#16232=CARTESIAN_POINT('',(13.4676796561764,93.316463340575,-218.717028224148));
#16233=CARTESIAN_POINT('Origin',(12.6142015920632,96.6738984092997,-218.717028224148));
#16234=CARTESIAN_POINT('Origin',(12.6142015920632,96.6738984092997,-218.717028224148));
#16235=CARTESIAN_POINT('Origin',(34.8165712171731,116.320367780722,-218.717028224148));
#16236=CARTESIAN_POINT('',(33.9177387235813,116.758660090104,-218.717028224148));
#16237=CARTESIAN_POINT('',(33.9177387235813,116.758660090104,-218.717028224148));
#16238=CARTESIAN_POINT('Origin',(34.8165712171731,116.320367780722,-218.717028224148));
#16239=CARTESIAN_POINT('Origin',(3.5527136788005E-14,133.297764027892,-218.717028224148));
#16240=CARTESIAN_POINT('',(35.6783756031162,121.009213523092,-218.717028224148));
#16241=CARTESIAN_POINT('',(35.6783756031162,121.009213523092,-218.717028224148));
#16242=CARTESIAN_POINT('Origin',(3.5527136788005E-14,133.297764027892,-218.717028224148));
#16243=CARTESIAN_POINT('Origin',(36.6238656185919,120.683562435828,-218.717028224148));
#16244=CARTESIAN_POINT('',(37.1395151105038,121.540362063216,-218.717028224148));
#16245=CARTESIAN_POINT('',(37.1395151105038,121.540362063216,-218.717028224148));
#16246=CARTESIAN_POINT('Origin',(36.6238656185919,120.683562435828,-218.717028224148));
#16247=CARTESIAN_POINT('Origin',(39.9813006873165,119.830084371715,-218.717028224148));
#16248=CARTESIAN_POINT('',(39.9813006873165,119.830084371715,-218.717028224148));
#16249=CARTESIAN_POINT('Origin',(3.09662369944507E-14,101.297764027891,
-228.217028224148));
#16250=CARTESIAN_POINT('Origin',(3.09662369944507E-14,98.2977640278915,
-218.717028224148));
#16251=UNCERTAINTY_MEASURE_WITH_UNIT(LENGTH_MEASURE(0.01),#16255,
'DISTANCE_ACCURACY_VALUE',
'Maximum model space distance between geometric entities at asserted c
onnectivities');
#16252=UNCERTAINTY_MEASURE_WITH_UNIT(LENGTH_MEASURE(0.01),#16255,
'DISTANCE_ACCURACY_VALUE',
'Maximum model space distance between geometric entities at asserted c
onnectivities');
#16253=(
GEOMETRIC_REPRESENTATION_CONTEXT(3)
GLOBAL_UNCERTAINTY_ASSIGNED_CONTEXT((#16251))
GLOBAL_UNIT_ASSIGNED_CONTEXT((#16255,#16257,#16258))
REPRESENTATION_CONTEXT('','3D')
);
#16254=(
GEOMETRIC_REPRESENTATION_CONTEXT(3)
GLOBAL_UNCERTAINTY_ASSIGNED_CONTEXT((#16252))
GLOBAL_UNIT_ASSIGNED_CONTEXT((#16255,#16257,#16258))
REPRESENTATION_CONTEXT('','3D')
);
#16255=(
LENGTH_UNIT()
NAMED_UNIT(*)
SI_UNIT(.MILLI.,.METRE.)
);
#16256=(
LENGTH_UNIT()
NAMED_UNIT(*)
SI_UNIT($,.METRE.)
);
#16257=(
NAMED_UNIT(*)
PLANE_ANGLE_UNIT()
SI_UNIT($,.RADIAN.)
);
#16258=(
NAMED_UNIT(*)
SI_UNIT($,.STERADIAN.)
SOLID_ANGLE_UNIT()
);
#16259=SHAPE_DEFINITION_REPRESENTATION(#16260,#16261);
#16260=PRODUCT_DEFINITION_SHAPE('',$,#16263);
#16261=SHAPE_REPRESENTATION('',(#8517),#16253);
#16262=PRODUCT_DEFINITION_CONTEXT('part definition',#16267,'design');
#16263=PRODUCT_DEFINITION('CNC_leg03_x5_RS03_shaft_bearing_retainer',
'CNC_leg03_x5_RS03_shaft_bearing_retainer',#16264,#16262);
#16264=PRODUCT_DEFINITION_FORMATION('',$,#16269);
#16265=PRODUCT_RELATED_PRODUCT_CATEGORY(
'CNC_leg03_x5_RS03_shaft_bearing_retainer',
'CNC_leg03_x5_RS03_shaft_bearing_retainer',(#16269));
#16266=APPLICATION_PROTOCOL_DEFINITION('international standard',
'automotive_design',2009,#16267);
#16267=APPLICATION_CONTEXT(
'Core Data for Automotive Mechanical Design Process');
#16268=PRODUCT_CONTEXT('part definition',#16267,'mechanical');
#16269=PRODUCT('CNC_leg03_x5_RS03_shaft_bearing_retainer',
'CNC_leg03_x5_RS03_shaft_bearing_retainer',$,(#16268));
#16270=PRESENTATION_STYLE_ASSIGNMENT((#16272));
#16271=PRESENTATION_STYLE_ASSIGNMENT((#16273));
#16272=SURFACE_STYLE_USAGE(.BOTH.,#16274);
#16273=SURFACE_STYLE_USAGE(.BOTH.,#16275);
#16274=SURFACE_SIDE_STYLE('',(#16276));
#16275=SURFACE_SIDE_STYLE('',(#16277));
#16276=SURFACE_STYLE_FILL_AREA(#16278);
#16277=SURFACE_STYLE_FILL_AREA(#16279);
#16278=FILL_AREA_STYLE('Steel - Satin',(#16280));
#16279=FILL_AREA_STYLE('Aluminum - Satin',(#16281));
#16280=FILL_AREA_STYLE_COLOUR('Steel - Satin',#16282);
#16281=FILL_AREA_STYLE_COLOUR('Aluminum - Satin',#16283);
#16282=COLOUR_RGB('Steel - Satin',0.627450980392157,0.627450980392157,0.627450980392157);
#16283=COLOUR_RGB('Aluminum - Satin',0.96078431372549,0.96078431372549,
0.964705882352941);
ENDSEC;
END-ISO-10303-21;
