ISO-10303-21;
HEADER;
/* Generated by software containing ST-Developer
 * from STEP Tools, Inc. (www.steptools.com) 
 */

FILE_DESCRIPTION(
/* description */ ('NOT SPECIFIED'),
/* implementation_level */ '2;1');

FILE_NAME(
/* name */ '1_1_02_EB1201-501_1_1_1.step',
/* time_stamp */ '2026-09-19T16:54:26-04:00',
/* author */ (''),
/* organization */ (''),
/* preprocessor_version */ 'ST-DEVELOPER v20.2',
/* originating_system */ 'Autodesk Translation Framework v15.15.0.0',
/* authorisation */ '');

FILE_SCHEMA (('AUTOMOTIVE_DESIGN { 1 0 10303 214 3 1 1 }'));
ENDSEC;

DATA;
#10=MECHANICAL_DESIGN_GEOMETRIC_PRESENTATION_REPRESENTATION('',(#33,#34,
#35,#36,#37,#38,#39,#40,#41,#42,#43),#6130);
#11=SHAPE_REPRESENTATION_RELATIONSHIP('SRR','None',#6137,#12);
#12=ADVANCED_BREP_SHAPE_REPRESENTATION('',(#44),#6129);
#13=OPEN_SHELL('',(#3480));
#14=OPEN_SHELL('',(#3481));
#15=OPEN_SHELL('',(#3482));
#16=OPEN_SHELL('',(#3483));
#17=OPEN_SHELL('',(#3484));
#18=OPEN_SHELL('',(#3485));
#19=OPEN_SHELL('',(#3486));
#20=OPEN_SHELL('',(#3487));
#21=OPEN_SHELL('',(#3488));
#22=OPEN_SHELL('',(#3489));
#23=SHELL_BASED_SURFACE_MODEL('Body2',(#13));
#24=SHELL_BASED_SURFACE_MODEL('Body3',(#14));
#25=SHELL_BASED_SURFACE_MODEL('Body4',(#15));
#26=SHELL_BASED_SURFACE_MODEL('Body5',(#16));
#27=SHELL_BASED_SURFACE_MODEL('Body6',(#17));
#28=SHELL_BASED_SURFACE_MODEL('Body7',(#18));
#29=SHELL_BASED_SURFACE_MODEL('Body8',(#19));
#30=SHELL_BASED_SURFACE_MODEL('Body9',(#20));
#31=SHELL_BASED_SURFACE_MODEL('Body10',(#21));
#32=SHELL_BASED_SURFACE_MODEL('Body11',(#22));
#33=STYLED_ITEM('',(#6147),#44);
#34=STYLED_ITEM('',(#6146),#23);
#35=STYLED_ITEM('',(#6146),#24);
#36=STYLED_ITEM('',(#6146),#25);
#37=STYLED_ITEM('',(#6146),#26);
#38=STYLED_ITEM('',(#6146),#27);
#39=STYLED_ITEM('',(#6146),#28);
#40=STYLED_ITEM('',(#6146),#29);
#41=STYLED_ITEM('',(#6146),#30);
#42=STYLED_ITEM('',(#6146),#31);
#43=STYLED_ITEM('',(#6146),#32);
#44=MANIFOLD_SOLID_BREP('Body1',#3490);
#45=TOROIDAL_SURFACE('',#3769,51.7,2.);
#46=FACE_BOUND('',#400,.T.);
#47=FACE_BOUND('',#401,.T.);
#48=FACE_BOUND('',#402,.T.);
#49=FACE_BOUND('',#403,.T.);
#50=FACE_BOUND('',#404,.T.);
#51=FACE_BOUND('',#405,.T.);
#52=FACE_BOUND('',#406,.T.);
#53=FACE_BOUND('',#407,.T.);
#54=FACE_BOUND('',#408,.T.);
#55=FACE_BOUND('',#409,.T.);
#56=FACE_BOUND('',#410,.T.);
#57=FACE_BOUND('',#419,.T.);
#58=FACE_BOUND('',#420,.T.);
#59=FACE_BOUND('',#421,.T.);
#60=FACE_BOUND('',#422,.T.);
#61=FACE_BOUND('',#423,.T.);
#62=FACE_BOUND('',#424,.T.);
#63=FACE_BOUND('',#425,.T.);
#64=FACE_BOUND('',#426,.T.);
#65=FACE_BOUND('',#427,.T.);
#66=FACE_BOUND('',#428,.T.);
#67=FACE_BOUND('',#429,.T.);
#68=FACE_BOUND('',#430,.T.);
#69=FACE_BOUND('',#431,.T.);
#70=FACE_BOUND('',#517,.T.);
#71=FACE_BOUND('',#518,.T.);
#72=FACE_BOUND('',#519,.T.);
#73=FACE_BOUND('',#520,.T.);
#74=FACE_BOUND('',#521,.T.);
#75=FACE_BOUND('',#522,.T.);
#76=FACE_BOUND('',#523,.T.);
#77=FACE_BOUND('',#524,.T.);
#78=FACE_BOUND('',#525,.T.);
#79=FACE_BOUND('',#526,.T.);
#80=FACE_BOUND('',#533,.T.);
#81=FACE_BOUND('',#534,.T.);
#82=FACE_BOUND('',#535,.T.);
#83=FACE_BOUND('',#536,.T.);
#84=FACE_BOUND('',#537,.T.);
#85=FACE_BOUND('',#538,.T.);
#86=FACE_BOUND('',#539,.T.);
#87=FACE_BOUND('',#540,.T.);
#88=FACE_BOUND('',#541,.T.);
#89=FACE_BOUND('',#542,.T.);
#90=FACE_BOUND('',#543,.T.);
#91=FACE_BOUND('',#544,.T.);
#92=FACE_BOUND('',#545,.T.);
#93=FACE_BOUND('',#562,.T.);
#94=FACE_BOUND('',#563,.T.);
#95=FACE_BOUND('',#564,.T.);
#96=FACE_BOUND('',#565,.T.);
#97=FACE_BOUND('',#566,.T.);
#98=FACE_BOUND('',#567,.T.);
#99=FACE_BOUND('',#568,.T.);
#100=FACE_BOUND('',#569,.T.);
#101=FACE_BOUND('',#570,.T.);
#102=FACE_BOUND('',#571,.T.);
#103=FACE_BOUND('',#572,.T.);
#104=FACE_BOUND('',#573,.T.);
#105=FACE_BOUND('',#574,.T.);
#106=FACE_BOUND('',#577,.T.);
#107=FACE_BOUND('',#614,.T.);
#108=CONICAL_SURFACE('',#3535,1.975,0.785398163397448);
#109=CONICAL_SURFACE('',#3566,1.975,0.785398163397448);
#110=CONICAL_SURFACE('',#3596,1.975,0.785398163397448);
#111=CONICAL_SURFACE('',#3608,1.975,0.785398163397448);
#112=CONICAL_SURFACE('',#3622,1.875,0.785398163397448);
#113=CONICAL_SURFACE('',#3634,1.875,0.785398163397448);
#114=CONICAL_SURFACE('',#3646,1.875,0.785398163397448);
#115=CONICAL_SURFACE('',#3658,1.875,0.785398163397448);
#116=CONICAL_SURFACE('',#3670,1.875,0.785398163397448);
#117=CONICAL_SURFACE('',#3682,1.875,0.785398163397448);
#118=CONICAL_SURFACE('',#3694,1.875,0.785398163397448);
#119=CONICAL_SURFACE('',#3706,1.875,0.785398163397448);
#120=CONICAL_SURFACE('',#3739,5.278955249319,0.785398163397448);
#121=CONICAL_SURFACE('',#3740,48.69999997822,0.785398163680366);
#122=CONICAL_SURFACE('',#3765,5.278955303912,0.785398163397448);
#123=CONICAL_SURFACE('',#3783,1.975,0.785398163397448);
#124=CONICAL_SURFACE('',#3801,40.5,0.785398163397448);
#125=CONICAL_SURFACE('',#3805,47.19999991103,0.785398163397448);
#126=CONICAL_SURFACE('',#3808,1.975,0.785398163397448);
#127=CONICAL_SURFACE('',#3813,1.975,0.785398163397448);
#128=CONICAL_SURFACE('',#3818,1.975,0.785398163397448);
#129=CONICAL_SURFACE('',#3823,1.975,0.785398163397448);
#130=CONICAL_SURFACE('',#3828,1.975,0.785398163397448);
#131=CONICAL_SURFACE('',#3833,1.975,0.785398163397448);
#132=CONICAL_SURFACE('',#3838,1.975,0.785398163397448);
#133=CONICAL_SURFACE('',#3843,1.975,0.785398163397448);
#134=CONICAL_SURFACE('',#3848,1.975,0.785398163397448);
#135=CONICAL_SURFACE('',#3853,1.975,0.785398163397448);
#136=CONICAL_SURFACE('',#3858,1.975,0.785398163397448);
#137=PLANE('',#3531);
#138=PLANE('',#3534);
#139=PLANE('',#3538);
#140=PLANE('',#3539);
#141=PLANE('',#3540);
#142=PLANE('',#3564);
#143=PLANE('',#3565);
#144=PLANE('',#3571);
#145=PLANE('',#3572);
#146=PLANE('',#3573);
#147=PLANE('',#3575);
#148=PLANE('',#3600);
#149=PLANE('',#3601);
#150=PLANE('',#3602);
#151=PLANE('',#3604);
#152=PLANE('',#3605);
#153=PLANE('',#3612);
#154=PLANE('',#3613);
#155=PLANE('',#3614);
#156=PLANE('',#3616);
#157=PLANE('',#3617);
#158=PLANE('',#3626);
#159=PLANE('',#3627);
#160=PLANE('',#3628);
#161=PLANE('',#3630);
#162=PLANE('',#3631);
#163=PLANE('',#3638);
#164=PLANE('',#3639);
#165=PLANE('',#3640);
#166=PLANE('',#3642);
#167=PLANE('',#3643);
#168=PLANE('',#3650);
#169=PLANE('',#3651);
#170=PLANE('',#3652);
#171=PLANE('',#3654);
#172=PLANE('',#3655);
#173=PLANE('',#3662);
#174=PLANE('',#3663);
#175=PLANE('',#3664);
#176=PLANE('',#3666);
#177=PLANE('',#3667);
#178=PLANE('',#3674);
#179=PLANE('',#3675);
#180=PLANE('',#3676);
#181=PLANE('',#3678);
#182=PLANE('',#3679);
#183=PLANE('',#3686);
#184=PLANE('',#3687);
#185=PLANE('',#3688);
#186=PLANE('',#3690);
#187=PLANE('',#3691);
#188=PLANE('',#3698);
#189=PLANE('',#3699);
#190=PLANE('',#3700);
#191=PLANE('',#3702);
#192=PLANE('',#3703);
#193=PLANE('',#3710);
#194=PLANE('',#3711);
#195=PLANE('',#3712);
#196=PLANE('',#3714);
#197=PLANE('',#3715);
#198=PLANE('',#3716);
#199=PLANE('',#3719);
#200=PLANE('',#3736);
#201=PLANE('',#3745);
#202=PLANE('',#3762);
#203=PLANE('',#3773);
#204=PLANE('',#3780);
#205=PLANE('',#3787);
#206=PLANE('',#3803);
#207=PLANE('',#3863);
#208=PLANE('',#3877);
#209=FACE_OUTER_BOUND('',#393,.T.);
#210=FACE_OUTER_BOUND('',#394,.T.);
#211=FACE_OUTER_BOUND('',#395,.T.);
#212=FACE_OUTER_BOUND('',#396,.T.);
#213=FACE_OUTER_BOUND('',#397,.T.);
#214=FACE_OUTER_BOUND('',#398,.T.);
#215=FACE_OUTER_BOUND('',#399,.T.);
#216=FACE_OUTER_BOUND('',#411,.T.);
#217=FACE_OUTER_BOUND('',#412,.T.);
#218=FACE_OUTER_BOUND('',#413,.T.);
#219=FACE_OUTER_BOUND('',#414,.T.);
#220=FACE_OUTER_BOUND('',#415,.T.);
#221=FACE_OUTER_BOUND('',#416,.T.);
#222=FACE_OUTER_BOUND('',#417,.T.);
#223=FACE_OUTER_BOUND('',#418,.T.);
#224=FACE_OUTER_BOUND('',#432,.T.);
#225=FACE_OUTER_BOUND('',#433,.T.);
#226=FACE_OUTER_BOUND('',#434,.T.);
#227=FACE_OUTER_BOUND('',#435,.T.);
#228=FACE_OUTER_BOUND('',#436,.T.);
#229=FACE_OUTER_BOUND('',#437,.T.);
#230=FACE_OUTER_BOUND('',#438,.T.);
#231=FACE_OUTER_BOUND('',#439,.T.);
#232=FACE_OUTER_BOUND('',#440,.T.);
#233=FACE_OUTER_BOUND('',#441,.T.);
#234=FACE_OUTER_BOUND('',#442,.T.);
#235=FACE_OUTER_BOUND('',#443,.T.);
#236=FACE_OUTER_BOUND('',#444,.T.);
#237=FACE_OUTER_BOUND('',#445,.T.);
#238=FACE_OUTER_BOUND('',#446,.T.);
#239=FACE_OUTER_BOUND('',#447,.T.);
#240=FACE_OUTER_BOUND('',#448,.T.);
#241=FACE_OUTER_BOUND('',#449,.T.);
#242=FACE_OUTER_BOUND('',#450,.T.);
#243=FACE_OUTER_BOUND('',#451,.T.);
#244=FACE_OUTER_BOUND('',#452,.T.);
#245=FACE_OUTER_BOUND('',#453,.T.);
#246=FACE_OUTER_BOUND('',#454,.T.);
#247=FACE_OUTER_BOUND('',#455,.T.);
#248=FACE_OUTER_BOUND('',#456,.T.);
#249=FACE_OUTER_BOUND('',#457,.T.);
#250=FACE_OUTER_BOUND('',#458,.T.);
#251=FACE_OUTER_BOUND('',#459,.T.);
#252=FACE_OUTER_BOUND('',#460,.T.);
#253=FACE_OUTER_BOUND('',#461,.T.);
#254=FACE_OUTER_BOUND('',#462,.T.);
#255=FACE_OUTER_BOUND('',#463,.T.);
#256=FACE_OUTER_BOUND('',#464,.T.);
#257=FACE_OUTER_BOUND('',#465,.T.);
#258=FACE_OUTER_BOUND('',#466,.T.);
#259=FACE_OUTER_BOUND('',#467,.T.);
#260=FACE_OUTER_BOUND('',#468,.T.);
#261=FACE_OUTER_BOUND('',#469,.T.);
#262=FACE_OUTER_BOUND('',#470,.T.);
#263=FACE_OUTER_BOUND('',#471,.T.);
#264=FACE_OUTER_BOUND('',#472,.T.);
#265=FACE_OUTER_BOUND('',#473,.T.);
#266=FACE_OUTER_BOUND('',#474,.T.);
#267=FACE_OUTER_BOUND('',#475,.T.);
#268=FACE_OUTER_BOUND('',#476,.T.);
#269=FACE_OUTER_BOUND('',#477,.T.);
#270=FACE_OUTER_BOUND('',#478,.T.);
#271=FACE_OUTER_BOUND('',#479,.T.);
#272=FACE_OUTER_BOUND('',#480,.T.);
#273=FACE_OUTER_BOUND('',#481,.T.);
#274=FACE_OUTER_BOUND('',#482,.T.);
#275=FACE_OUTER_BOUND('',#483,.T.);
#276=FACE_OUTER_BOUND('',#484,.T.);
#277=FACE_OUTER_BOUND('',#485,.T.);
#278=FACE_OUTER_BOUND('',#486,.T.);
#279=FACE_OUTER_BOUND('',#487,.T.);
#280=FACE_OUTER_BOUND('',#488,.T.);
#281=FACE_OUTER_BOUND('',#489,.T.);
#282=FACE_OUTER_BOUND('',#490,.T.);
#283=FACE_OUTER_BOUND('',#491,.T.);
#284=FACE_OUTER_BOUND('',#492,.T.);
#285=FACE_OUTER_BOUND('',#493,.T.);
#286=FACE_OUTER_BOUND('',#494,.T.);
#287=FACE_OUTER_BOUND('',#495,.T.);
#288=FACE_OUTER_BOUND('',#496,.T.);
#289=FACE_OUTER_BOUND('',#497,.T.);
#290=FACE_OUTER_BOUND('',#498,.T.);
#291=FACE_OUTER_BOUND('',#499,.T.);
#292=FACE_OUTER_BOUND('',#500,.T.);
#293=FACE_OUTER_BOUND('',#501,.T.);
#294=FACE_OUTER_BOUND('',#502,.T.);
#295=FACE_OUTER_BOUND('',#503,.T.);
#296=FACE_OUTER_BOUND('',#504,.T.);
#297=FACE_OUTER_BOUND('',#505,.T.);
#298=FACE_OUTER_BOUND('',#506,.T.);
#299=FACE_OUTER_BOUND('',#507,.T.);
#300=FACE_OUTER_BOUND('',#508,.T.);
#301=FACE_OUTER_BOUND('',#509,.T.);
#302=FACE_OUTER_BOUND('',#510,.T.);
#303=FACE_OUTER_BOUND('',#511,.T.);
#304=FACE_OUTER_BOUND('',#512,.T.);
#305=FACE_OUTER_BOUND('',#513,.T.);
#306=FACE_OUTER_BOUND('',#514,.T.);
#307=FACE_OUTER_BOUND('',#515,.T.);
#308=FACE_OUTER_BOUND('',#516,.T.);
#309=FACE_OUTER_BOUND('',#527,.T.);
#310=FACE_OUTER_BOUND('',#528,.T.);
#311=FACE_OUTER_BOUND('',#529,.T.);
#312=FACE_OUTER_BOUND('',#530,.T.);
#313=FACE_OUTER_BOUND('',#531,.T.);
#314=FACE_OUTER_BOUND('',#532,.T.);
#315=FACE_OUTER_BOUND('',#546,.T.);
#316=FACE_OUTER_BOUND('',#547,.T.);
#317=FACE_OUTER_BOUND('',#548,.T.);
#318=FACE_OUTER_BOUND('',#549,.T.);
#319=FACE_OUTER_BOUND('',#550,.T.);
#320=FACE_OUTER_BOUND('',#551,.T.);
#321=FACE_OUTER_BOUND('',#552,.T.);
#322=FACE_OUTER_BOUND('',#553,.T.);
#323=FACE_OUTER_BOUND('',#554,.T.);
#324=FACE_OUTER_BOUND('',#555,.T.);
#325=FACE_OUTER_BOUND('',#556,.T.);
#326=FACE_OUTER_BOUND('',#557,.T.);
#327=FACE_OUTER_BOUND('',#558,.T.);
#328=FACE_OUTER_BOUND('',#559,.T.);
#329=FACE_OUTER_BOUND('',#560,.T.);
#330=FACE_OUTER_BOUND('',#561,.T.);
#331=FACE_OUTER_BOUND('',#575,.T.);
#332=FACE_OUTER_BOUND('',#576,.T.);
#333=FACE_OUTER_BOUND('',#578,.T.);
#334=FACE_OUTER_BOUND('',#579,.T.);
#335=FACE_OUTER_BOUND('',#580,.T.);
#336=FACE_OUTER_BOUND('',#581,.T.);
#337=FACE_OUTER_BOUND('',#582,.T.);
#338=FACE_OUTER_BOUND('',#583,.T.);
#339=FACE_OUTER_BOUND('',#584,.T.);
#340=FACE_OUTER_BOUND('',#585,.T.);
#341=FACE_OUTER_BOUND('',#586,.T.);
#342=FACE_OUTER_BOUND('',#587,.T.);
#343=FACE_OUTER_BOUND('',#588,.T.);
#344=FACE_OUTER_BOUND('',#589,.T.);
#345=FACE_OUTER_BOUND('',#590,.T.);
#346=FACE_OUTER_BOUND('',#591,.T.);
#347=FACE_OUTER_BOUND('',#592,.T.);
#348=FACE_OUTER_BOUND('',#593,.T.);
#349=FACE_OUTER_BOUND('',#594,.T.);
#350=FACE_OUTER_BOUND('',#595,.T.);
#351=FACE_OUTER_BOUND('',#596,.T.);
#352=FACE_OUTER_BOUND('',#597,.T.);
#353=FACE_OUTER_BOUND('',#598,.T.);
#354=FACE_OUTER_BOUND('',#599,.T.);
#355=FACE_OUTER_BOUND('',#600,.T.);
#356=FACE_OUTER_BOUND('',#601,.T.);
#357=FACE_OUTER_BOUND('',#602,.T.);
#358=FACE_OUTER_BOUND('',#603,.T.);
#359=FACE_OUTER_BOUND('',#604,.T.);
#360=FACE_OUTER_BOUND('',#605,.T.);
#361=FACE_OUTER_BOUND('',#606,.T.);
#362=FACE_OUTER_BOUND('',#607,.T.);
#363=FACE_OUTER_BOUND('',#608,.T.);
#364=FACE_OUTER_BOUND('',#609,.T.);
#365=FACE_OUTER_BOUND('',#610,.T.);
#366=FACE_OUTER_BOUND('',#611,.T.);
#367=FACE_OUTER_BOUND('',#612,.T.);
#368=FACE_OUTER_BOUND('',#613,.T.);
#369=FACE_OUTER_BOUND('',#615,.T.);
#370=FACE_OUTER_BOUND('',#616,.T.);
#371=FACE_OUTER_BOUND('',#617,.T.);
#372=FACE_OUTER_BOUND('',#618,.T.);
#373=FACE_OUTER_BOUND('',#619,.T.);
#374=FACE_OUTER_BOUND('',#620,.T.);
#375=FACE_OUTER_BOUND('',#621,.T.);
#376=FACE_OUTER_BOUND('',#622,.T.);
#377=FACE_OUTER_BOUND('',#623,.T.);
#378=FACE_OUTER_BOUND('',#624,.T.);
#379=FACE_OUTER_BOUND('',#625,.T.);
#380=FACE_OUTER_BOUND('',#626,.T.);
#381=FACE_OUTER_BOUND('',#627,.T.);
#382=FACE_OUTER_BOUND('',#628,.T.);
#383=FACE_OUTER_BOUND('',#629,.T.);
#384=FACE_OUTER_BOUND('',#630,.T.);
#385=FACE_OUTER_BOUND('',#631,.T.);
#386=FACE_OUTER_BOUND('',#632,.T.);
#387=FACE_OUTER_BOUND('',#633,.T.);
#388=FACE_OUTER_BOUND('',#634,.T.);
#389=FACE_OUTER_BOUND('',#635,.T.);
#390=FACE_OUTER_BOUND('',#636,.T.);
#391=FACE_OUTER_BOUND('',#637,.T.);
#392=FACE_OUTER_BOUND('',#638,.T.);
#393=EDGE_LOOP('',(#2228,#2229,#2230,#2231,#2232,#2233,#2234,#2235,#2236,
#2237,#2238,#2239,#2240,#2241,#2242,#2243,#2244,#2245,#2246,#2247,#2248,
#2249,#2250,#2251,#2252,#2253,#2254,#2255,#2256,#2257,#2258,#2259,#2260,
#2261,#2262,#2263,#2264,#2265,#2266,#2267,#2268,#2269,#2270,#2271,#2272,
#2273,#2274,#2275,#2276,#2277,#2278,#2279,#2280,#2281,#2282,#2283,#2284,
#2285,#2286,#2287,#2288,#2289,#2290,#2291,#2292,#2293,#2294,#2295,#2296,
#2297,#2298,#2299,#2300,#2301,#2302,#2303));
#394=EDGE_LOOP('',(#2304,#2305,#2306,#2307,#2308));
#395=EDGE_LOOP('',(#2309,#2310,#2311,#2312));
#396=EDGE_LOOP('',(#2313,#2314,#2315,#2316,#2317,#2318,#2319,#2320));
#397=EDGE_LOOP('',(#2321,#2322,#2323,#2324));
#398=EDGE_LOOP('',(#2325,#2326,#2327,#2328));
#399=EDGE_LOOP('',(#2329,#2330,#2331,#2332,#2333,#2334,#2335,#2336,#2337,
#2338,#2339,#2340,#2341,#2342,#2343,#2344,#2345,#2346,#2347,#2348,#2349,
#2350,#2351,#2352,#2353,#2354,#2355,#2356,#2357,#2358,#2359,#2360,#2361,
#2362,#2363,#2364,#2365,#2366,#2367,#2368,#2369,#2370,#2371,#2372,#2373,
#2374,#2375,#2376,#2377));
#400=EDGE_LOOP('',(#2378));
#401=EDGE_LOOP('',(#2379));
#402=EDGE_LOOP('',(#2380));
#403=EDGE_LOOP('',(#2381));
#404=EDGE_LOOP('',(#2382));
#405=EDGE_LOOP('',(#2383));
#406=EDGE_LOOP('',(#2384));
#407=EDGE_LOOP('',(#2385));
#408=EDGE_LOOP('',(#2386));
#409=EDGE_LOOP('',(#2387));
#410=EDGE_LOOP('',(#2388));
#411=EDGE_LOOP('',(#2389,#2390,#2391,#2392));
#412=EDGE_LOOP('',(#2393,#2394,#2395,#2396));
#413=EDGE_LOOP('',(#2397,#2398,#2399,#2400,#2401,#2402,#2403,#2404));
#414=EDGE_LOOP('',(#2405,#2406,#2407,#2408,#2409));
#415=EDGE_LOOP('',(#2410,#2411,#2412,#2413));
#416=EDGE_LOOP('',(#2414,#2415,#2416,#2417));
#417=EDGE_LOOP('',(#2418,#2419,#2420,#2421));
#418=EDGE_LOOP('',(#2422));
#419=EDGE_LOOP('',(#2423));
#420=EDGE_LOOP('',(#2424));
#421=EDGE_LOOP('',(#2425));
#422=EDGE_LOOP('',(#2426));
#423=EDGE_LOOP('',(#2427));
#424=EDGE_LOOP('',(#2428));
#425=EDGE_LOOP('',(#2429));
#426=EDGE_LOOP('',(#2430));
#427=EDGE_LOOP('',(#2431));
#428=EDGE_LOOP('',(#2432));
#429=EDGE_LOOP('',(#2433));
#430=EDGE_LOOP('',(#2434));
#431=EDGE_LOOP('',(#2435,#2436,#2437,#2438,#2439,#2440,#2441,#2442));
#432=EDGE_LOOP('',(#2443,#2444,#2445,#2446));
#433=EDGE_LOOP('',(#2447,#2448,#2449,#2450,#2451,#2452,#2453,#2454));
#434=EDGE_LOOP('',(#2455,#2456,#2457,#2458,#2459));
#435=EDGE_LOOP('',(#2460,#2461,#2462,#2463));
#436=EDGE_LOOP('',(#2464,#2465,#2466,#2467));
#437=EDGE_LOOP('',(#2468,#2469,#2470,#2471));
#438=EDGE_LOOP('',(#2472,#2473,#2474,#2475));
#439=EDGE_LOOP('',(#2476,#2477,#2478,#2479));
#440=EDGE_LOOP('',(#2480,#2481,#2482,#2483));
#441=EDGE_LOOP('',(#2484,#2485,#2486,#2487,#2488,#2489,#2490,#2491));
#442=EDGE_LOOP('',(#2492,#2493,#2494,#2495,#2496));
#443=EDGE_LOOP('',(#2497,#2498,#2499,#2500));
#444=EDGE_LOOP('',(#2501,#2502,#2503,#2504));
#445=EDGE_LOOP('',(#2505,#2506,#2507,#2508));
#446=EDGE_LOOP('',(#2509,#2510,#2511,#2512));
#447=EDGE_LOOP('',(#2513,#2514,#2515,#2516));
#448=EDGE_LOOP('',(#2517,#2518,#2519,#2520));
#449=EDGE_LOOP('',(#2521,#2522,#2523,#2524));
#450=EDGE_LOOP('',(#2525,#2526,#2527,#2528));
#451=EDGE_LOOP('',(#2529,#2530,#2531,#2532,#2533,#2534,#2535,#2536));
#452=EDGE_LOOP('',(#2537,#2538,#2539,#2540,#2541));
#453=EDGE_LOOP('',(#2542,#2543,#2544,#2545));
#454=EDGE_LOOP('',(#2546,#2547,#2548,#2549));
#455=EDGE_LOOP('',(#2550,#2551,#2552,#2553));
#456=EDGE_LOOP('',(#2554,#2555,#2556,#2557));
#457=EDGE_LOOP('',(#2558,#2559,#2560,#2561));
#458=EDGE_LOOP('',(#2562,#2563,#2564,#2565));
#459=EDGE_LOOP('',(#2566,#2567,#2568,#2569,#2570,#2571,#2572,#2573));
#460=EDGE_LOOP('',(#2574,#2575,#2576,#2577,#2578));
#461=EDGE_LOOP('',(#2579,#2580,#2581,#2582));
#462=EDGE_LOOP('',(#2583,#2584,#2585,#2586));
#463=EDGE_LOOP('',(#2587,#2588,#2589,#2590));
#464=EDGE_LOOP('',(#2591,#2592,#2593,#2594));
#465=EDGE_LOOP('',(#2595,#2596,#2597,#2598));
#466=EDGE_LOOP('',(#2599,#2600,#2601,#2602));
#467=EDGE_LOOP('',(#2603,#2604,#2605,#2606,#2607,#2608,#2609,#2610));
#468=EDGE_LOOP('',(#2611,#2612,#2613,#2614,#2615));
#469=EDGE_LOOP('',(#2616,#2617,#2618,#2619));
#470=EDGE_LOOP('',(#2620,#2621,#2622,#2623));
#471=EDGE_LOOP('',(#2624,#2625,#2626,#2627));
#472=EDGE_LOOP('',(#2628,#2629,#2630,#2631));
#473=EDGE_LOOP('',(#2632,#2633,#2634,#2635));
#474=EDGE_LOOP('',(#2636,#2637,#2638,#2639));
#475=EDGE_LOOP('',(#2640,#2641,#2642,#2643,#2644,#2645,#2646,#2647));
#476=EDGE_LOOP('',(#2648,#2649,#2650,#2651,#2652));
#477=EDGE_LOOP('',(#2653,#2654,#2655,#2656));
#478=EDGE_LOOP('',(#2657,#2658,#2659,#2660));
#479=EDGE_LOOP('',(#2661,#2662,#2663,#2664));
#480=EDGE_LOOP('',(#2665,#2666,#2667,#2668));
#481=EDGE_LOOP('',(#2669,#2670,#2671,#2672));
#482=EDGE_LOOP('',(#2673,#2674,#2675,#2676));
#483=EDGE_LOOP('',(#2677,#2678,#2679,#2680,#2681,#2682,#2683,#2684));
#484=EDGE_LOOP('',(#2685,#2686,#2687,#2688,#2689));
#485=EDGE_LOOP('',(#2690,#2691,#2692,#2693));
#486=EDGE_LOOP('',(#2694,#2695,#2696,#2697));
#487=EDGE_LOOP('',(#2698,#2699,#2700,#2701));
#488=EDGE_LOOP('',(#2702,#2703,#2704,#2705));
#489=EDGE_LOOP('',(#2706,#2707,#2708,#2709));
#490=EDGE_LOOP('',(#2710,#2711,#2712,#2713));
#491=EDGE_LOOP('',(#2714,#2715,#2716,#2717,#2718,#2719,#2720,#2721));
#492=EDGE_LOOP('',(#2722,#2723,#2724,#2725,#2726));
#493=EDGE_LOOP('',(#2727,#2728,#2729,#2730));
#494=EDGE_LOOP('',(#2731,#2732,#2733,#2734));
#495=EDGE_LOOP('',(#2735,#2736,#2737,#2738));
#496=EDGE_LOOP('',(#2739,#2740,#2741,#2742));
#497=EDGE_LOOP('',(#2743,#2744,#2745,#2746));
#498=EDGE_LOOP('',(#2747,#2748,#2749,#2750));
#499=EDGE_LOOP('',(#2751,#2752,#2753,#2754,#2755,#2756,#2757,#2758));
#500=EDGE_LOOP('',(#2759,#2760,#2761,#2762,#2763));
#501=EDGE_LOOP('',(#2764,#2765,#2766,#2767));
#502=EDGE_LOOP('',(#2768,#2769,#2770,#2771));
#503=EDGE_LOOP('',(#2772,#2773,#2774,#2775));
#504=EDGE_LOOP('',(#2776,#2777,#2778,#2779));
#505=EDGE_LOOP('',(#2780,#2781,#2782,#2783));
#506=EDGE_LOOP('',(#2784,#2785,#2786,#2787));
#507=EDGE_LOOP('',(#2788,#2789,#2790,#2791,#2792,#2793,#2794,#2795));
#508=EDGE_LOOP('',(#2796,#2797,#2798,#2799,#2800));
#509=EDGE_LOOP('',(#2801,#2802,#2803,#2804));
#510=EDGE_LOOP('',(#2805,#2806,#2807,#2808));
#511=EDGE_LOOP('',(#2809,#2810,#2811,#2812));
#512=EDGE_LOOP('',(#2813,#2814,#2815,#2816));
#513=EDGE_LOOP('',(#2817,#2818,#2819,#2820));
#514=EDGE_LOOP('',(#2821,#2822,#2823,#2824));
#515=EDGE_LOOP('',(#2825,#2826,#2827,#2828));
#516=EDGE_LOOP('',(#2829,#2830,#2831,#2832,#2833,#2834,#2835,#2836));
#517=EDGE_LOOP('',(#2837));
#518=EDGE_LOOP('',(#2838));
#519=EDGE_LOOP('',(#2839));
#520=EDGE_LOOP('',(#2840));
#521=EDGE_LOOP('',(#2841));
#522=EDGE_LOOP('',(#2842));
#523=EDGE_LOOP('',(#2843));
#524=EDGE_LOOP('',(#2844));
#525=EDGE_LOOP('',(#2845));
#526=EDGE_LOOP('',(#2846));
#527=EDGE_LOOP('',(#2847,#2848,#2849,#2850));
#528=EDGE_LOOP('',(#2851,#2852,#2853,#2854));
#529=EDGE_LOOP('',(#2855,#2856,#2857,#2858,#2859,#2860,#2861));
#530=EDGE_LOOP('',(#2862,#2863,#2864));
#531=EDGE_LOOP('',(#2865,#2866,#2867,#2868,#2869,#2870,#2871,#2872));
#532=EDGE_LOOP('',(#2873,#2874,#2875,#2876,#2877,#2878));
#533=EDGE_LOOP('',(#2879));
#534=EDGE_LOOP('',(#2880));
#535=EDGE_LOOP('',(#2881));
#536=EDGE_LOOP('',(#2882));
#537=EDGE_LOOP('',(#2883));
#538=EDGE_LOOP('',(#2884));
#539=EDGE_LOOP('',(#2885));
#540=EDGE_LOOP('',(#2886));
#541=EDGE_LOOP('',(#2887));
#542=EDGE_LOOP('',(#2888));
#543=EDGE_LOOP('',(#2889));
#544=EDGE_LOOP('',(#2890));
#545=EDGE_LOOP('',(#2891));
#546=EDGE_LOOP('',(#2892,#2893,#2894,#2895,#2896));
#547=EDGE_LOOP('',(#2897,#2898,#2899,#2900,#2901,#2902));
#548=EDGE_LOOP('',(#2903,#2904,#2905));
#549=EDGE_LOOP('',(#2906,#2907,#2908,#2909,#2910,#2911,#2912));
#550=EDGE_LOOP('',(#2913,#2914,#2915,#2916));
#551=EDGE_LOOP('',(#2917,#2918,#2919,#2920,#2921,#2922));
#552=EDGE_LOOP('',(#2923,#2924,#2925,#2926,#2927,#2928));
#553=EDGE_LOOP('',(#2929,#2930,#2931,#2932,#2933));
#554=EDGE_LOOP('',(#2934,#2935,#2936,#2937));
#555=EDGE_LOOP('',(#2938,#2939,#2940,#2941));
#556=EDGE_LOOP('',(#2942,#2943,#2944,#2945));
#557=EDGE_LOOP('',(#2946,#2947,#2948,#2949,#2950,#2951,#2952,#2953));
#558=EDGE_LOOP('',(#2954,#2955,#2956,#2957));
#559=EDGE_LOOP('',(#2958,#2959,#2960,#2961));
#560=EDGE_LOOP('',(#2962,#2963,#2964,#2965));
#561=EDGE_LOOP('',(#2966));
#562=EDGE_LOOP('',(#2967));
#563=EDGE_LOOP('',(#2968));
#564=EDGE_LOOP('',(#2969));
#565=EDGE_LOOP('',(#2970));
#566=EDGE_LOOP('',(#2971));
#567=EDGE_LOOP('',(#2972));
#568=EDGE_LOOP('',(#2973));
#569=EDGE_LOOP('',(#2974));
#570=EDGE_LOOP('',(#2975));
#571=EDGE_LOOP('',(#2976));
#572=EDGE_LOOP('',(#2977));
#573=EDGE_LOOP('',(#2978));
#574=EDGE_LOOP('',(#2979));
#575=EDGE_LOOP('',(#2980,#2981,#2982,#2983));
#576=EDGE_LOOP('',(#2984));
#577=EDGE_LOOP('',(#2985));
#578=EDGE_LOOP('',(#2986,#2987,#2988,#2989));
#579=EDGE_LOOP('',(#2990,#2991,#2992,#2993));
#580=EDGE_LOOP('',(#2994,#2995,#2996,#2997));
#581=EDGE_LOOP('',(#2998,#2999,#3000,#3001));
#582=EDGE_LOOP('',(#3002,#3003,#3004,#3005));
#583=EDGE_LOOP('',(#3006,#3007,#3008,#3009));
#584=EDGE_LOOP('',(#3010,#3011,#3012,#3013));
#585=EDGE_LOOP('',(#3014,#3015,#3016,#3017));
#586=EDGE_LOOP('',(#3018,#3019,#3020,#3021));
#587=EDGE_LOOP('',(#3022,#3023,#3024,#3025));
#588=EDGE_LOOP('',(#3026,#3027,#3028,#3029));
#589=EDGE_LOOP('',(#3030,#3031,#3032,#3033));
#590=EDGE_LOOP('',(#3034,#3035,#3036,#3037));
#591=EDGE_LOOP('',(#3038,#3039,#3040,#3041));
#592=EDGE_LOOP('',(#3042,#3043,#3044,#3045));
#593=EDGE_LOOP('',(#3046,#3047,#3048,#3049));
#594=EDGE_LOOP('',(#3050,#3051,#3052,#3053));
#595=EDGE_LOOP('',(#3054,#3055,#3056,#3057));
#596=EDGE_LOOP('',(#3058,#3059,#3060,#3061));
#597=EDGE_LOOP('',(#3062,#3063,#3064,#3065));
#598=EDGE_LOOP('',(#3066,#3067,#3068,#3069));
#599=EDGE_LOOP('',(#3070,#3071,#3072,#3073));
#600=EDGE_LOOP('',(#3074,#3075,#3076,#3077));
#601=EDGE_LOOP('',(#3078,#3079,#3080,#3081));
#602=EDGE_LOOP('',(#3082,#3083,#3084,#3085));
#603=EDGE_LOOP('',(#3086,#3087,#3088,#3089));
#604=EDGE_LOOP('',(#3090,#3091,#3092,#3093));
#605=EDGE_LOOP('',(#3094,#3095,#3096,#3097));
#606=EDGE_LOOP('',(#3098,#3099,#3100,#3101));
#607=EDGE_LOOP('',(#3102,#3103,#3104,#3105));
#608=EDGE_LOOP('',(#3106,#3107,#3108,#3109));
#609=EDGE_LOOP('',(#3110,#3111,#3112,#3113));
#610=EDGE_LOOP('',(#3114,#3115,#3116,#3117));
#611=EDGE_LOOP('',(#3118,#3119,#3120,#3121));
#612=EDGE_LOOP('',(#3122,#3123,#3124,#3125));
#613=EDGE_LOOP('',(#3126));
#614=EDGE_LOOP('',(#3127));
#615=EDGE_LOOP('',(#3128,#3129,#3130,#3131));
#616=EDGE_LOOP('',(#3132,#3133,#3134,#3135));
#617=EDGE_LOOP('',(#3136,#3137,#3138,#3139));
#618=EDGE_LOOP('',(#3140,#3141,#3142,#3143));
#619=EDGE_LOOP('',(#3144,#3145,#3146,#3147));
#620=EDGE_LOOP('',(#3148,#3149,#3150,#3151));
#621=EDGE_LOOP('',(#3152,#3153,#3154,#3155));
#622=EDGE_LOOP('',(#3156,#3157,#3158,#3159));
#623=EDGE_LOOP('',(#3160,#3161,#3162,#3163));
#624=EDGE_LOOP('',(#3164,#3165,#3166,#3167));
#625=EDGE_LOOP('',(#3168,#3169,#3170,#3171));
#626=EDGE_LOOP('',(#3172,#3173,#3174,#3175));
#627=EDGE_LOOP('',(#3176,#3177,#3178,#3179));
#628=EDGE_LOOP('',(#3180,#3181,#3182,#3183));
#629=EDGE_LOOP('',(#3184,#3185,#3186,#3187));
#630=EDGE_LOOP('',(#3188,#3189,#3190,#3191));
#631=EDGE_LOOP('',(#3192,#3193,#3194,#3195));
#632=EDGE_LOOP('',(#3196,#3197,#3198,#3199));
#633=EDGE_LOOP('',(#3200,#3201,#3202,#3203));
#634=EDGE_LOOP('',(#3204,#3205,#3206,#3207));
#635=EDGE_LOOP('',(#3208,#3209,#3210,#3211));
#636=EDGE_LOOP('',(#3212,#3213,#3214,#3215));
#637=EDGE_LOOP('',(#3216,#3217,#3218,#3219));
#638=EDGE_LOOP('',(#3220,#3221,#3222,#3223));
#639=B_SPLINE_CURVE_WITH_KNOTS('',3,(#4987,#4988,#4989,#4990),
 .UNSPECIFIED.,.F.,.F.,(4,4),(0.,1.),.UNSPECIFIED.);
#640=B_SPLINE_CURVE_WITH_KNOTS('',3,(#4994,#4995,#4996,#4997),
 .UNSPECIFIED.,.F.,.F.,(4,4),(0.,1.),.UNSPECIFIED.);
#641=B_SPLINE_CURVE_WITH_KNOTS('',3,(#5005,#5006,#5007,#5008),
 .UNSPECIFIED.,.F.,.F.,(4,4),(0.,1.),.UNSPECIFIED.);
#642=B_SPLINE_CURVE_WITH_KNOTS('',3,(#5012,#5013,#5014,#5015),
 .UNSPECIFIED.,.F.,.F.,(4,4),(0.,1.),.UNSPECIFIED.);
#643=B_SPLINE_CURVE_WITH_KNOTS('',3,(#5023,#5024,#5025,#5026),
 .UNSPECIFIED.,.F.,.F.,(4,4),(0.,1.),.UNSPECIFIED.);
#644=B_SPLINE_CURVE_WITH_KNOTS('',3,(#5030,#5031,#5032,#5033),
 .UNSPECIFIED.,.F.,.F.,(4,4),(0.,1.),.UNSPECIFIED.);
#645=B_SPLINE_CURVE_WITH_KNOTS('',3,(#5041,#5042,#5043,#5044),
 .UNSPECIFIED.,.F.,.F.,(4,4),(0.,1.),.UNSPECIFIED.);
#646=B_SPLINE_CURVE_WITH_KNOTS('',3,(#5048,#5049,#5050,#5051),
 .UNSPECIFIED.,.F.,.F.,(4,4),(0.,1.),.UNSPECIFIED.);
#647=B_SPLINE_CURVE_WITH_KNOTS('',3,(#5059,#5060,#5061,#5062),
 .UNSPECIFIED.,.F.,.F.,(4,4),(0.,1.),.UNSPECIFIED.);
#648=B_SPLINE_CURVE_WITH_KNOTS('',3,(#5066,#5067,#5068,#5069),
 .UNSPECIFIED.,.F.,.F.,(4,4),(0.,1.),.UNSPECIFIED.);
#649=B_SPLINE_CURVE_WITH_KNOTS('',3,(#5077,#5078,#5079,#5080),
 .UNSPECIFIED.,.F.,.F.,(4,4),(0.,1.),.UNSPECIFIED.);
#650=B_SPLINE_CURVE_WITH_KNOTS('',3,(#5084,#5085,#5086,#5087),
 .UNSPECIFIED.,.F.,.F.,(4,4),(0.,1.),.UNSPECIFIED.);
#651=B_SPLINE_CURVE_WITH_KNOTS('',3,(#5095,#5096,#5097,#5098),
 .UNSPECIFIED.,.F.,.F.,(4,4),(0.,1.),.UNSPECIFIED.);
#652=B_SPLINE_CURVE_WITH_KNOTS('',3,(#5102,#5103,#5104,#5105),
 .UNSPECIFIED.,.F.,.F.,(4,4),(0.,1.),.UNSPECIFIED.);
#653=B_SPLINE_CURVE_WITH_KNOTS('',3,(#5113,#5114,#5115,#5116),
 .UNSPECIFIED.,.F.,.F.,(4,4),(0.,1.),.UNSPECIFIED.);
#654=B_SPLINE_CURVE_WITH_KNOTS('',3,(#5120,#5121,#5122,#5123),
 .UNSPECIFIED.,.F.,.F.,(4,4),(0.,1.),.UNSPECIFIED.);
#655=B_SPLINE_CURVE_WITH_KNOTS('',3,(#5131,#5132,#5133,#5134),
 .UNSPECIFIED.,.F.,.F.,(4,4),(0.,1.),.UNSPECIFIED.);
#656=B_SPLINE_CURVE_WITH_KNOTS('',3,(#5138,#5139,#5140,#5141),
 .UNSPECIFIED.,.F.,.F.,(4,4),(0.,1.),.UNSPECIFIED.);
#657=B_SPLINE_CURVE_WITH_KNOTS('',3,(#5149,#5150,#5151,#5152),
 .UNSPECIFIED.,.F.,.F.,(4,4),(0.,1.),.UNSPECIFIED.);
#658=B_SPLINE_CURVE_WITH_KNOTS('',3,(#5156,#5157,#5158,#5159),
 .UNSPECIFIED.,.F.,.F.,(4,4),(0.,1.),.UNSPECIFIED.);
#659=B_SPLINE_CURVE_WITH_KNOTS('',3,(#5167,#5168,#5169,#5170),
 .UNSPECIFIED.,.F.,.F.,(4,4),(0.,1.),.UNSPECIFIED.);
#660=B_SPLINE_CURVE_WITH_KNOTS('',3,(#5174,#5175,#5176,#5177),
 .UNSPECIFIED.,.F.,.F.,(4,4),(0.,1.),.UNSPECIFIED.);
#661=B_SPLINE_CURVE_WITH_KNOTS('',3,(#5185,#5186,#5187,#5188),
 .UNSPECIFIED.,.F.,.F.,(4,4),(0.,1.),.UNSPECIFIED.);
#662=B_SPLINE_CURVE_WITH_KNOTS('',3,(#5192,#5193,#5194,#5195),
 .UNSPECIFIED.,.F.,.F.,(4,4),(0.,1.),.UNSPECIFIED.);
#663=B_SPLINE_CURVE_WITH_KNOTS('',3,(#5709,#5710,#5711,#5712,#5713,#5714,
#5715,#5716,#5717,#5718),.UNSPECIFIED.,.F.,.F.,(4,2,2,2,4),(-1.69359603730278,
-1.68761808824571,-1.55764993542997,-1.40194827470261,-1.3048341996427),
 .UNSPECIFIED.);
#664=B_SPLINE_CURVE_WITH_KNOTS('',3,(#5722,#5723,#5724,#5725,#5726,#5727,
#5728,#5729),.UNSPECIFIED.,.F.,.F.,(4,2,2,4),(-0.301095753004544,-0.241509561792277,
-0.18192337058001,-0.160018354648281),.UNSPECIFIED.);
#665=B_SPLINE_CURVE_WITH_KNOTS('',3,(#5738,#5739,#5740,#5741,#5742,#5743),
 .UNSPECIFIED.,.F.,.F.,(4,1,1,4),(0.,0.3333333333333,0.6666666666667,1.),
 .UNSPECIFIED.);
#666=B_SPLINE_CURVE_WITH_KNOTS('',3,(#5748,#5749,#5750,#5751,#5752,#5753,
#5754,#5755,#5756,#5757,#5758,#5759,#5760,#5761,#5762,#5763),
 .UNSPECIFIED.,.F.,.F.,(4,3,3,3,3,4),(1.32601322304448E-9,0.3333333333333,
0.602462103784084,0.6666666666667,0.935190817197221,0.999999999882831),
 .UNSPECIFIED.);
#667=B_SPLINE_CURVE_WITH_KNOTS('',3,(#5811,#5812,#5813,#5814,#5815,#5816,
#5817,#5818,#5819,#5820),.UNSPECIFIED.,.F.,.F.,(4,2,2,2,4),(-0.140801122645229,
-0.131405928830657,-0.100358992796105,-0.0713742862510225,-0.0537935428949289),
 .UNSPECIFIED.);
#668=B_SPLINE_CURVE_WITH_KNOTS('',3,(#5823,#5824,#5825,#5826,#5827,#5828,
#5829,#5830),.UNSPECIFIED.,.F.,.F.,(4,2,2,4),(-0.301095753001302,-0.241509561790391,
-0.18192337057948,-0.160018339364217),.UNSPECIFIED.);
#669=B_SPLINE_CURVE_WITH_KNOTS('',3,(#5834,#5835,#5836,#5837,#5838,#5839,
#5840,#5841,#5842,#5843),.UNSPECIFIED.,.F.,.F.,(4,2,2,2,4),(-0.520178863559819,
-0.423064824126935,-0.267363220521134,-0.137395115386829,-0.131417168624027),
 .UNSPECIFIED.);
#670=B_SPLINE_CURVE_WITH_KNOTS('',3,(#5849,#5850,#5851,#5852,#5853,#5854,
#5855,#5856),.UNSPECIFIED.,.F.,.F.,(4,2,2,4),(-0.509530290213524,-0.483645465392813,
-0.450421502277134,-0.422433638741604),.UNSPECIFIED.);
#671=LINE('',#4981,#926);
#672=LINE('',#4985,#927);
#673=LINE('',#4999,#928);
#674=LINE('',#5003,#929);
#675=LINE('',#5017,#930);
#676=LINE('',#5021,#931);
#677=LINE('',#5035,#932);
#678=LINE('',#5039,#933);
#679=LINE('',#5053,#934);
#680=LINE('',#5057,#935);
#681=LINE('',#5071,#936);
#682=LINE('',#5075,#937);
#683=LINE('',#5089,#938);
#684=LINE('',#5093,#939);
#685=LINE('',#5107,#940);
#686=LINE('',#5111,#941);
#687=LINE('',#5125,#942);
#688=LINE('',#5129,#943);
#689=LINE('',#5143,#944);
#690=LINE('',#5147,#945);
#691=LINE('',#5161,#946);
#692=LINE('',#5165,#947);
#693=LINE('',#5179,#948);
#694=LINE('',#5183,#949);
#695=LINE('',#5197,#950);
#696=LINE('',#5201,#951);
#697=LINE('',#5206,#952);
#698=LINE('',#5209,#953);
#699=LINE('',#5210,#954);
#700=LINE('',#5214,#955);
#701=LINE('',#5217,#956);
#702=LINE('',#5219,#957);
#703=LINE('',#5222,#958);
#704=LINE('',#5223,#959);
#705=LINE('',#5226,#960);
#706=LINE('',#5229,#961);
#707=LINE('',#5232,#962);
#708=LINE('',#5234,#963);
#709=LINE('',#5237,#964);
#710=LINE('',#5239,#965);
#711=LINE('',#5242,#966);
#712=LINE('',#5244,#967);
#713=LINE('',#5247,#968);
#714=LINE('',#5249,#969);
#715=LINE('',#5252,#970);
#716=LINE('',#5254,#971);
#717=LINE('',#5257,#972);
#718=LINE('',#5259,#973);
#719=LINE('',#5262,#974);
#720=LINE('',#5264,#975);
#721=LINE('',#5267,#976);
#722=LINE('',#5269,#977);
#723=LINE('',#5272,#978);
#724=LINE('',#5274,#979);
#725=LINE('',#5277,#980);
#726=LINE('',#5279,#981);
#727=LINE('',#5282,#982);
#728=LINE('',#5307,#983);
#729=LINE('',#5308,#984);
#730=LINE('',#5311,#985);
#731=LINE('',#5312,#986);
#732=LINE('',#5317,#987);
#733=LINE('',#5321,#988);
#734=LINE('',#5325,#989);
#735=LINE('',#5327,#990);
#736=LINE('',#5329,#991);
#737=LINE('',#5358,#992);
#738=LINE('',#5366,#993);
#739=LINE('',#5374,#994);
#740=LINE('',#5378,#995);
#741=LINE('',#5382,#996);
#742=LINE('',#5386,#997);
#743=LINE('',#5389,#998);
#744=LINE('',#5390,#999);
#745=LINE('',#5392,#1000);
#746=LINE('',#5394,#1001);
#747=LINE('',#5396,#1002);
#748=LINE('',#5398,#1003);
#749=LINE('',#5402,#1004);
#750=LINE('',#5406,#1005);
#751=LINE('',#5410,#1006);
#752=LINE('',#5414,#1007);
#753=LINE('',#5417,#1008);
#754=LINE('',#5418,#1009);
#755=LINE('',#5420,#1010);
#756=LINE('',#5422,#1011);
#757=LINE('',#5424,#1012);
#758=LINE('',#5426,#1013);
#759=LINE('',#5429,#1014);
#760=LINE('',#5431,#1015);
#761=LINE('',#5434,#1016);
#762=LINE('',#5438,#1017);
#763=LINE('',#5442,#1018);
#764=LINE('',#5446,#1019);
#765=LINE('',#5449,#1020);
#766=LINE('',#5450,#1021);
#767=LINE('',#5452,#1022);
#768=LINE('',#5454,#1023);
#769=LINE('',#5456,#1024);
#770=LINE('',#5458,#1025);
#771=LINE('',#5462,#1026);
#772=LINE('',#5466,#1027);
#773=LINE('',#5470,#1028);
#774=LINE('',#5474,#1029);
#775=LINE('',#5477,#1030);
#776=LINE('',#5478,#1031);
#777=LINE('',#5480,#1032);
#778=LINE('',#5482,#1033);
#779=LINE('',#5484,#1034);
#780=LINE('',#5486,#1035);
#781=LINE('',#5490,#1036);
#782=LINE('',#5494,#1037);
#783=LINE('',#5498,#1038);
#784=LINE('',#5502,#1039);
#785=LINE('',#5505,#1040);
#786=LINE('',#5506,#1041);
#787=LINE('',#5508,#1042);
#788=LINE('',#5510,#1043);
#789=LINE('',#5512,#1044);
#790=LINE('',#5514,#1045);
#791=LINE('',#5518,#1046);
#792=LINE('',#5522,#1047);
#793=LINE('',#5526,#1048);
#794=LINE('',#5530,#1049);
#795=LINE('',#5533,#1050);
#796=LINE('',#5534,#1051);
#797=LINE('',#5536,#1052);
#798=LINE('',#5538,#1053);
#799=LINE('',#5540,#1054);
#800=LINE('',#5542,#1055);
#801=LINE('',#5546,#1056);
#802=LINE('',#5550,#1057);
#803=LINE('',#5554,#1058);
#804=LINE('',#5558,#1059);
#805=LINE('',#5561,#1060);
#806=LINE('',#5562,#1061);
#807=LINE('',#5564,#1062);
#808=LINE('',#5566,#1063);
#809=LINE('',#5568,#1064);
#810=LINE('',#5570,#1065);
#811=LINE('',#5574,#1066);
#812=LINE('',#5578,#1067);
#813=LINE('',#5582,#1068);
#814=LINE('',#5586,#1069);
#815=LINE('',#5589,#1070);
#816=LINE('',#5590,#1071);
#817=LINE('',#5592,#1072);
#818=LINE('',#5594,#1073);
#819=LINE('',#5596,#1074);
#820=LINE('',#5598,#1075);
#821=LINE('',#5602,#1076);
#822=LINE('',#5606,#1077);
#823=LINE('',#5610,#1078);
#824=LINE('',#5614,#1079);
#825=LINE('',#5617,#1080);
#826=LINE('',#5618,#1081);
#827=LINE('',#5620,#1082);
#828=LINE('',#5622,#1083);
#829=LINE('',#5624,#1084);
#830=LINE('',#5626,#1085);
#831=LINE('',#5630,#1086);
#832=LINE('',#5634,#1087);
#833=LINE('',#5638,#1088);
#834=LINE('',#5642,#1089);
#835=LINE('',#5645,#1090);
#836=LINE('',#5646,#1091);
#837=LINE('',#5648,#1092);
#838=LINE('',#5650,#1093);
#839=LINE('',#5652,#1094);
#840=LINE('',#5654,#1095);
#841=LINE('',#5658,#1096);
#842=LINE('',#5660,#1097);
#843=LINE('',#5661,#1098);
#844=LINE('',#5664,#1099);
#845=LINE('',#5671,#1100);
#846=LINE('',#5699,#1101);
#847=LINE('',#5700,#1102);
#848=LINE('',#5702,#1103);
#849=LINE('',#5707,#1104);
#850=LINE('',#5719,#1105);
#851=LINE('',#5730,#1106);
#852=LINE('',#5745,#1107);
#853=LINE('',#5767,#1108);
#854=LINE('',#5774,#1109);
#855=LINE('',#5803,#1110);
#856=LINE('',#5805,#1111);
#857=LINE('',#5806,#1112);
#858=LINE('',#5822,#1113);
#859=LINE('',#5844,#1114);
#860=LINE('',#5860,#1115);
#861=LINE('',#5863,#1116);
#862=LINE('',#5864,#1117);
#863=LINE('',#5867,#1118);
#864=LINE('',#5871,#1119);
#865=LINE('',#5878,#1120);
#866=LINE('',#5882,#1121);
#867=LINE('',#5886,#1122);
#868=LINE('',#5918,#1123);
#869=LINE('',#5923,#1124);
#870=LINE('',#5927,#1125);
#871=LINE('',#5931,#1126);
#872=LINE('',#5933,#1127);
#873=LINE('',#5937,#1128);
#874=LINE('',#5941,#1129);
#875=LINE('',#5943,#1130);
#876=LINE('',#5947,#1131);
#877=LINE('',#5951,#1132);
#878=LINE('',#5953,#1133);
#879=LINE('',#5957,#1134);
#880=LINE('',#5961,#1135);
#881=LINE('',#5963,#1136);
#882=LINE('',#5967,#1137);
#883=LINE('',#5971,#1138);
#884=LINE('',#5973,#1139);
#885=LINE('',#5977,#1140);
#886=LINE('',#5981,#1141);
#887=LINE('',#5983,#1142);
#888=LINE('',#5987,#1143);
#889=LINE('',#5991,#1144);
#890=LINE('',#5993,#1145);
#891=LINE('',#5997,#1146);
#892=LINE('',#6001,#1147);
#893=LINE('',#6003,#1148);
#894=LINE('',#6007,#1149);
#895=LINE('',#6011,#1150);
#896=LINE('',#6013,#1151);
#897=LINE('',#6017,#1152);
#898=LINE('',#6021,#1153);
#899=LINE('',#6023,#1154);
#900=LINE('',#6027,#1155);
#901=LINE('',#6031,#1156);
#902=LINE('',#6033,#1157);
#903=LINE('',#6037,#1158);
#904=LINE('',#6042,#1159);
#905=LINE('',#6045,#1160);
#906=LINE('',#6047,#1161);
#907=LINE('',#6049,#1162);
#908=LINE('',#6051,#1163);
#909=LINE('',#6053,#1164);
#910=LINE('',#6055,#1165);
#911=LINE('',#6057,#1166);
#912=LINE('',#6059,#1167);
#913=LINE('',#6061,#1168);
#914=LINE('',#6063,#1169);
#915=LINE('',#6065,#1170);
#916=LINE('',#6071,#1171);
#917=LINE('',#6077,#1172);
#918=LINE('',#6083,#1173);
#919=LINE('',#6089,#1174);
#920=LINE('',#6095,#1175);
#921=LINE('',#6101,#1176);
#922=LINE('',#6107,#1177);
#923=LINE('',#6113,#1178);
#924=LINE('',#6119,#1179);
#925=LINE('',#6125,#1180);
#926=VECTOR('',#3915,60.);
#927=VECTOR('',#3918,0.3500000005312);
#928=VECTOR('',#3921,0.3500000003441);
#929=VECTOR('',#3924,0.3500000005325);
#930=VECTOR('',#3927,0.3500000003443);
#931=VECTOR('',#3930,0.3500000005322);
#932=VECTOR('',#3933,0.3500000003443);
#933=VECTOR('',#3936,0.3500000005313);
#934=VECTOR('',#3939,0.3500000003441);
#935=VECTOR('',#3942,0.3500000005325);
#936=VECTOR('',#3945,0.3500000003443);
#937=VECTOR('',#3948,0.3500000005322);
#938=VECTOR('',#3951,0.3500000003443);
#939=VECTOR('',#3954,0.3500000005301);
#940=VECTOR('',#3957,0.3500000003441);
#941=VECTOR('',#3960,0.3500000005325);
#942=VECTOR('',#3963,0.3500000003442);
#943=VECTOR('',#3966,0.3500000005322);
#944=VECTOR('',#3969,0.3500000003443);
#945=VECTOR('',#3972,0.3500000005313);
#946=VECTOR('',#3975,0.3500000003441);
#947=VECTOR('',#3978,0.3500000005325);
#948=VECTOR('',#3981,0.3500000003442);
#949=VECTOR('',#3984,0.3500000005322);
#950=VECTOR('',#3987,0.3500000003443);
#951=VECTOR('',#3992,2.3559004884549);
#952=VECTOR('',#3997,2.355900496786);
#953=VECTOR('',#4000,2.34789406390501);
#954=VECTOR('',#4001,0.282842712074906);
#955=VECTOR('',#4006,1.975);
#956=VECTOR('',#4009,0.282842712214503);
#957=VECTOR('',#4012,2.34789409305588);
#958=VECTOR('',#4015,0.3500000002583);
#959=VECTOR('',#4016,2.34789408033702);
#960=VECTOR('',#4019,2.34789408034907);
#961=VECTOR('',#4022,2.34789405253805);
#962=VECTOR('',#4025,2.34789405260307);
#963=VECTOR('',#4026,2.34789407074591);
#964=VECTOR('',#4029,2.34789405256002);
#965=VECTOR('',#4030,2.34789407066107);
#966=VECTOR('',#4033,2.34789405253805);
#967=VECTOR('',#4034,2.34789407065002);
#968=VECTOR('',#4037,2.34789405260307);
#969=VECTOR('',#4038,2.34789407074591);
#970=VECTOR('',#4041,2.34789405256002);
#971=VECTOR('',#4042,2.34789407066107);
#972=VECTOR('',#4045,2.34789405253805);
#973=VECTOR('',#4046,2.34789407065002);
#974=VECTOR('',#4049,2.34789405260307);
#975=VECTOR('',#4050,2.34789407074591);
#976=VECTOR('',#4053,2.34789405256002);
#977=VECTOR('',#4054,2.34789407066107);
#978=VECTOR('',#4057,2.34789405253805);
#979=VECTOR('',#4058,2.34789407065002);
#980=VECTOR('',#4061,2.34789405260307);
#981=VECTOR('',#4062,2.34789407074591);
#982=VECTOR('',#4065,2.34789405256002);
#983=VECTOR('',#4090,2.34789409304908);
#984=VECTOR('',#4091,0.3500000002583);
#985=VECTOR('',#4094,2.35590049674005);
#986=VECTOR('',#4095,0.282842712215987);
#987=VECTOR('',#4100,1.975);
#988=VECTOR('',#4103,0.282842712075385);
#989=VECTOR('',#4110,2.35590048846005);
#990=VECTOR('',#4113,2.34789406388796);
#991=VECTOR('',#4116,0.3500000003984);
#992=VECTOR('',#4145,1.43079115473601);
#993=VECTOR('',#4152,1.43079115460103);
#994=VECTOR('',#4161,1.45);
#995=VECTOR('',#4166,1.975);
#996=VECTOR('',#4169,0.282842712073994);
#997=VECTOR('',#4172,0.282842712213999);
#998=VECTOR('',#4177,2.35590048846896);
#999=VECTOR('',#4178,2.35590049673891);
#1000=VECTOR('',#4181,2.34789406389194);
#1001=VECTOR('',#4184,0.3500000003988);
#1002=VECTOR('',#4187,0.350000000258201);
#1003=VECTOR('',#4190,2.34789409189495);
#1004=VECTOR('',#4195,1.45);
#1005=VECTOR('',#4200,1.975);
#1006=VECTOR('',#4203,0.282842712073994);
#1007=VECTOR('',#4206,0.282842712213999);
#1008=VECTOR('',#4211,2.35590048846896);
#1009=VECTOR('',#4212,2.35590049673891);
#1010=VECTOR('',#4215,2.34789406389194);
#1011=VECTOR('',#4218,0.3500000003988);
#1012=VECTOR('',#4221,0.350000000258201);
#1013=VECTOR('',#4224,2.34789409189495);
#1014=VECTOR('',#4229,1.45);
#1015=VECTOR('',#4232,1.45);
#1016=VECTOR('',#4235,1.45);
#1017=VECTOR('',#4240,1.875);
#1018=VECTOR('',#4243,0.282842712074001);
#1019=VECTOR('',#4246,0.282842712213999);
#1020=VECTOR('',#4251,2.35590048870896);
#1021=VECTOR('',#4252,2.35590049673891);
#1022=VECTOR('',#4255,2.34789406389194);
#1023=VECTOR('',#4258,0.3500000003988);
#1024=VECTOR('',#4261,0.350000000258201);
#1025=VECTOR('',#4264,2.34789409189495);
#1026=VECTOR('',#4269,1.45);
#1027=VECTOR('',#4274,1.875);
#1028=VECTOR('',#4277,0.2828427120754);
#1029=VECTOR('',#4280,0.282842712215999);
#1030=VECTOR('',#4285,2.35590048870105);
#1031=VECTOR('',#4286,2.35590049674005);
#1032=VECTOR('',#4289,2.34789406388796);
#1033=VECTOR('',#4292,0.3500000003985);
#1034=VECTOR('',#4295,0.350000000258301);
#1035=VECTOR('',#4298,2.34789409188508);
#1036=VECTOR('',#4303,1.45);
#1037=VECTOR('',#4308,1.875);
#1038=VECTOR('',#4311,0.2828427120749);
#1039=VECTOR('',#4314,0.282842712214615);
#1040=VECTOR('',#4319,2.3559004887009);
#1041=VECTOR('',#4320,2.355900496786);
#1042=VECTOR('',#4323,2.34789406390501);
#1043=VECTOR('',#4326,0.3500000003985);
#1044=VECTOR('',#4329,0.350000000258301);
#1045=VECTOR('',#4332,2.34789409188997);
#1046=VECTOR('',#4337,1.45);
#1047=VECTOR('',#4342,1.875);
#1048=VECTOR('',#4345,0.282842712076205);
#1049=VECTOR('',#4348,0.282842712216001);
#1050=VECTOR('',#4353,2.35590048869907);
#1051=VECTOR('',#4354,2.35590049674005);
#1052=VECTOR('',#4357,2.34789406388796);
#1053=VECTOR('',#4360,0.3500000003979);
#1054=VECTOR('',#4363,0.350000000258301);
#1055=VECTOR('',#4366,2.34789409188508);
#1056=VECTOR('',#4371,1.45);
#1057=VECTOR('',#4376,1.875);
#1058=VECTOR('',#4379,0.28284271207489);
#1059=VECTOR('',#4382,0.282842712214507);
#1060=VECTOR('',#4387,2.3559004887009);
#1061=VECTOR('',#4388,2.355900496786);
#1062=VECTOR('',#4391,2.34789406390501);
#1063=VECTOR('',#4394,0.3500000003986);
#1064=VECTOR('',#4397,0.350000000258301);
#1065=VECTOR('',#4400,2.34789409188988);
#1066=VECTOR('',#4405,1.45);
#1067=VECTOR('',#4410,1.875);
#1068=VECTOR('',#4413,0.282842712074001);
#1069=VECTOR('',#4416,0.282842712213999);
#1070=VECTOR('',#4421,2.35590048870896);
#1071=VECTOR('',#4422,2.35590049673891);
#1072=VECTOR('',#4425,2.34789406389194);
#1073=VECTOR('',#4428,0.3500000003988);
#1074=VECTOR('',#4431,0.350000000258201);
#1075=VECTOR('',#4434,2.34789409189495);
#1076=VECTOR('',#4439,1.45);
#1077=VECTOR('',#4444,1.875);
#1078=VECTOR('',#4447,0.2828427120754);
#1079=VECTOR('',#4450,0.282842712215991);
#1080=VECTOR('',#4455,2.35590048870105);
#1081=VECTOR('',#4456,2.35590049674005);
#1082=VECTOR('',#4459,2.34789406388796);
#1083=VECTOR('',#4462,0.3500000003985);
#1084=VECTOR('',#4465,0.350000000258301);
#1085=VECTOR('',#4468,2.34789409188508);
#1086=VECTOR('',#4473,1.45);
#1087=VECTOR('',#4478,1.875);
#1088=VECTOR('',#4481,0.282842712074908);
#1089=VECTOR('',#4484,0.282842712214507);
#1090=VECTOR('',#4489,2.3559004887009);
#1091=VECTOR('',#4490,2.355900496786);
#1092=VECTOR('',#4493,2.34789406390501);
#1093=VECTOR('',#4496,0.3500000003986);
#1094=VECTOR('',#4499,0.350000000258301);
#1095=VECTOR('',#4502,2.34789409188988);
#1096=VECTOR('',#4507,2.);
#1097=VECTOR('',#4508,1.43079115474601);
#1098=VECTOR('',#4509,2.);
#1099=VECTOR('',#4512,2.);
#1100=VECTOR('',#4519,1.43079115459903);
#1101=VECTOR('',#4550,2.);
#1102=VECTOR('',#4551,2.);
#1103=VECTOR('',#4554,2.);
#1104=VECTOR('',#4559,0.9999999694221);
#1105=VECTOR('',#4560,2.276035462576);
#1106=VECTOR('',#4563,0.789004609214291);
#1107=VECTOR('',#4570,0.789004804575798);
#1108=VECTOR('',#4577,7.9649344546201);
#1109=VECTOR('',#4584,7.96493295663691);
#1110=VECTOR('',#4613,0.999999999616075);
#1111=VECTOR('',#4614,8.73985937409766);
#1112=VECTOR('',#4615,1.740920119327);
#1113=VECTOR('',#4620,2.276035462584);
#1114=VECTOR('',#4627,0.999999969422101);
#1115=VECTOR('',#4638,1.740920341076);
#1116=VECTOR('',#4641,8.7398576743599);
#1117=VECTOR('',#4642,1.00000000086697);
#1118=VECTOR('',#4645,1.);
#1119=VECTOR('',#4650,1.);
#1120=VECTOR('',#4661,1.45);
#1121=VECTOR('',#4666,1.975);
#1122=VECTOR('',#4671,2.5);
#1123=VECTOR('',#4706,40.5);
#1124=VECTOR('',#4713,47.19999991103);
#1125=VECTOR('',#4718,2.5);
#1126=VECTOR('',#4723,1.975);
#1127=VECTOR('',#4726,1.45);
#1128=VECTOR('',#4731,2.5);
#1129=VECTOR('',#4736,1.975);
#1130=VECTOR('',#4739,1.45);
#1131=VECTOR('',#4744,2.5);
#1132=VECTOR('',#4749,1.975);
#1133=VECTOR('',#4752,1.45);
#1134=VECTOR('',#4757,2.5);
#1135=VECTOR('',#4762,1.975);
#1136=VECTOR('',#4765,1.45);
#1137=VECTOR('',#4770,2.5);
#1138=VECTOR('',#4775,1.975);
#1139=VECTOR('',#4778,1.45);
#1140=VECTOR('',#4783,2.5);
#1141=VECTOR('',#4788,1.975);
#1142=VECTOR('',#4791,1.45);
#1143=VECTOR('',#4796,2.5);
#1144=VECTOR('',#4801,1.975);
#1145=VECTOR('',#4804,1.45);
#1146=VECTOR('',#4809,2.5);
#1147=VECTOR('',#4814,1.975);
#1148=VECTOR('',#4817,1.45);
#1149=VECTOR('',#4822,2.5);
#1150=VECTOR('',#4827,1.975);
#1151=VECTOR('',#4830,1.45);
#1152=VECTOR('',#4835,2.5);
#1153=VECTOR('',#4840,1.975);
#1154=VECTOR('',#4843,1.45);
#1155=VECTOR('',#4848,2.5);
#1156=VECTOR('',#4853,1.975);
#1157=VECTOR('',#4856,1.45);
#1158=VECTOR('',#4861,30.25);
#1159=VECTOR('',#4868,32.5);
#1160=VECTOR('',#4873,1.65);
#1161=VECTOR('',#4876,1.65);
#1162=VECTOR('',#4879,1.65);
#1163=VECTOR('',#4882,1.65);
#1164=VECTOR('',#4885,1.65);
#1165=VECTOR('',#4888,1.65);
#1166=VECTOR('',#4891,1.65);
#1167=VECTOR('',#4894,1.65);
#1168=VECTOR('',#4897,1.65);
#1169=VECTOR('',#4900,1.65);
#1170=VECTOR('',#4903,0.3500000003985);
#1171=VECTOR('',#4910,2.);
#1172=VECTOR('',#4917,2.);
#1173=VECTOR('',#4924,2.);
#1174=VECTOR('',#4931,2.);
#1175=VECTOR('',#4938,2.);
#1176=VECTOR('',#4945,2.);
#1177=VECTOR('',#4952,2.);
#1178=VECTOR('',#4959,2.);
#1179=VECTOR('',#4966,2.);
#1180=VECTOR('',#4973,2.);
#1181=CIRCLE('',#3505,60.);
#1182=CIRCLE('',#3506,60.);
#1183=CIRCLE('',#3507,60.);
#1184=CIRCLE('',#3508,60.);
#1185=CIRCLE('',#3509,60.);
#1186=CIRCLE('',#3510,60.);
#1187=CIRCLE('',#3511,60.);
#1188=CIRCLE('',#3512,60.);
#1189=CIRCLE('',#3513,60.);
#1190=CIRCLE('',#3514,60.);
#1191=CIRCLE('',#3515,60.);
#1192=CIRCLE('',#3516,60.);
#1193=CIRCLE('',#3517,60.);
#1194=CIRCLE('',#3518,60.);
#1195=CIRCLE('',#3519,60.);
#1196=CIRCLE('',#3520,60.);
#1197=CIRCLE('',#3521,60.);
#1198=CIRCLE('',#3522,60.);
#1199=CIRCLE('',#3523,60.);
#1200=CIRCLE('',#3524,60.);
#1201=CIRCLE('',#3525,60.);
#1202=CIRCLE('',#3526,60.);
#1203=CIRCLE('',#3527,60.);
#1204=CIRCLE('',#3528,60.);
#1205=CIRCLE('',#3529,60.);
#1206=CIRCLE('',#3530,60.);
#1207=CIRCLE('',#3532,2.3);
#1208=CIRCLE('',#3533,2.3);
#1209=CIRCLE('',#3536,1.45);
#1210=CIRCLE('',#3537,2.5);
#1211=CIRCLE('',#3541,2.5);
#1212=CIRCLE('',#3542,2.5);
#1213=CIRCLE('',#3543,2.5);
#1214=CIRCLE('',#3544,2.5);
#1215=CIRCLE('',#3545,2.5);
#1216=CIRCLE('',#3546,2.5);
#1217=CIRCLE('',#3547,2.5);
#1218=CIRCLE('',#3548,2.5);
#1219=CIRCLE('',#3549,2.5);
#1220=CIRCLE('',#3550,2.5);
#1221=CIRCLE('',#3551,2.5);
#1222=CIRCLE('',#3552,2.5);
#1223=CIRCLE('',#3553,1.65);
#1224=CIRCLE('',#3554,1.65);
#1225=CIRCLE('',#3555,1.65);
#1226=CIRCLE('',#3556,1.65);
#1227=CIRCLE('',#3557,1.65);
#1228=CIRCLE('',#3558,1.65);
#1229=CIRCLE('',#3559,1.65);
#1230=CIRCLE('',#3560,1.65);
#1231=CIRCLE('',#3561,1.65);
#1232=CIRCLE('',#3562,1.65);
#1233=CIRCLE('',#3563,47.69999991103);
#1234=CIRCLE('',#3567,1.45);
#1235=CIRCLE('',#3568,2.3);
#1236=CIRCLE('',#3569,2.5);
#1237=CIRCLE('',#3570,2.3);
#1238=CIRCLE('',#3576,1.45);
#1239=CIRCLE('',#3577,1.45);
#1240=CIRCLE('',#3578,1.45);
#1241=CIRCLE('',#3579,1.45);
#1242=CIRCLE('',#3580,1.45);
#1243=CIRCLE('',#3581,1.45);
#1244=CIRCLE('',#3582,1.45);
#1245=CIRCLE('',#3583,1.45);
#1246=CIRCLE('',#3584,1.45);
#1247=CIRCLE('',#3585,1.45);
#1248=CIRCLE('',#3586,1.45);
#1249=CIRCLE('',#3587,1.45);
#1250=CIRCLE('',#3588,5.);
#1251=CIRCLE('',#3589,51.7);
#1252=CIRCLE('',#3590,5.);
#1253=CIRCLE('',#3591,0.5);
#1254=CIRCLE('',#3592,55.5);
#1255=CIRCLE('',#3593,0.5);
#1256=CIRCLE('',#3595,1.45);
#1257=CIRCLE('',#3597,2.3);
#1258=CIRCLE('',#3598,2.5);
#1259=CIRCLE('',#3599,2.3);
#1260=CIRCLE('',#3607,1.45);
#1261=CIRCLE('',#3609,2.3);
#1262=CIRCLE('',#3610,2.5);
#1263=CIRCLE('',#3611,2.3);
#1264=CIRCLE('',#3621,1.45);
#1265=CIRCLE('',#3623,2.3);
#1266=CIRCLE('',#3624,2.5);
#1267=CIRCLE('',#3625,2.3);
#1268=CIRCLE('',#3633,1.45);
#1269=CIRCLE('',#3635,2.3);
#1270=CIRCLE('',#3636,2.5);
#1271=CIRCLE('',#3637,2.3);
#1272=CIRCLE('',#3645,1.45);
#1273=CIRCLE('',#3647,2.3);
#1274=CIRCLE('',#3648,2.5);
#1275=CIRCLE('',#3649,2.3);
#1276=CIRCLE('',#3657,1.45);
#1277=CIRCLE('',#3659,2.3);
#1278=CIRCLE('',#3660,2.5);
#1279=CIRCLE('',#3661,2.3);
#1280=CIRCLE('',#3669,1.45);
#1281=CIRCLE('',#3671,2.3);
#1282=CIRCLE('',#3672,2.5);
#1283=CIRCLE('',#3673,2.3);
#1284=CIRCLE('',#3681,1.45);
#1285=CIRCLE('',#3683,2.3);
#1286=CIRCLE('',#3684,2.5);
#1287=CIRCLE('',#3685,2.3);
#1288=CIRCLE('',#3693,1.45);
#1289=CIRCLE('',#3695,2.3);
#1290=CIRCLE('',#3696,2.5);
#1291=CIRCLE('',#3697,2.3);
#1292=CIRCLE('',#3705,1.45);
#1293=CIRCLE('',#3707,2.3);
#1294=CIRCLE('',#3708,2.5);
#1295=CIRCLE('',#3709,2.3);
#1296=CIRCLE('',#3718,0.5);
#1297=CIRCLE('',#3720,0.5);
#1298=CIRCLE('',#3721,5.);
#1299=CIRCLE('',#3722,49.7);
#1300=CIRCLE('',#3723,5.);
#1301=CIRCLE('',#3724,55.5);
#1302=CIRCLE('',#3725,1.65);
#1303=CIRCLE('',#3726,1.65);
#1304=CIRCLE('',#3727,1.65);
#1305=CIRCLE('',#3728,1.65);
#1306=CIRCLE('',#3729,1.65);
#1307=CIRCLE('',#3730,1.65);
#1308=CIRCLE('',#3731,1.65);
#1309=CIRCLE('',#3732,1.65);
#1310=CIRCLE('',#3733,1.65);
#1311=CIRCLE('',#3734,1.65);
#1312=CIRCLE('',#3738,5.);
#1313=CIRCLE('',#3741,47.69999994707);
#1314=CIRCLE('',#3742,1486.07246952709);
#1315=CIRCLE('',#3743,49.70000000936);
#1316=CIRCLE('',#3744,1486.0902730905);
#1317=CIRCLE('',#3746,2.);
#1318=CIRCLE('',#3747,37.5);
#1319=CIRCLE('',#3748,2.);
#1320=CIRCLE('',#3749,1.45);
#1321=CIRCLE('',#3750,1.45);
#1322=CIRCLE('',#3751,1.45);
#1323=CIRCLE('',#3752,1.45);
#1324=CIRCLE('',#3753,1.45);
#1325=CIRCLE('',#3754,1.45);
#1326=CIRCLE('',#3755,1.45);
#1327=CIRCLE('',#3756,1.45);
#1328=CIRCLE('',#3757,1.45);
#1329=CIRCLE('',#3758,1.45);
#1330=CIRCLE('',#3759,1.45);
#1331=CIRCLE('',#3760,1.45);
#1332=CIRCLE('',#3761,32.5);
#1333=CIRCLE('',#3764,2.);
#1334=CIRCLE('',#3766,5.);
#1335=CIRCLE('',#3770,49.7);
#1336=CIRCLE('',#3772,2.);
#1337=CIRCLE('',#3775,2.);
#1338=CIRCLE('',#3777,37.5);
#1339=CIRCLE('',#3779,2.);
#1340=CIRCLE('',#3782,1.45);
#1341=CIRCLE('',#3784,2.5);
#1342=CIRCLE('',#3786,2.5);
#1343=CIRCLE('',#3788,40.);
#1344=CIRCLE('',#3789,2.5);
#1345=CIRCLE('',#3790,2.5);
#1346=CIRCLE('',#3791,2.5);
#1347=CIRCLE('',#3792,2.5);
#1348=CIRCLE('',#3793,2.5);
#1349=CIRCLE('',#3794,2.5);
#1350=CIRCLE('',#3795,2.5);
#1351=CIRCLE('',#3796,2.5);
#1352=CIRCLE('',#3797,2.5);
#1353=CIRCLE('',#3798,2.5);
#1354=CIRCLE('',#3799,2.5);
#1355=CIRCLE('',#3800,30.25);
#1356=CIRCLE('',#3802,41.);
#1357=CIRCLE('',#3804,46.69999991103);
#1358=CIRCLE('',#3807,2.5);
#1359=CIRCLE('',#3809,1.45);
#1360=CIRCLE('',#3812,2.5);
#1361=CIRCLE('',#3814,1.45);
#1362=CIRCLE('',#3817,2.5);
#1363=CIRCLE('',#3819,1.45);
#1364=CIRCLE('',#3822,2.5);
#1365=CIRCLE('',#3824,1.45);
#1366=CIRCLE('',#3827,2.5);
#1367=CIRCLE('',#3829,1.45);
#1368=CIRCLE('',#3832,2.5);
#1369=CIRCLE('',#3834,1.45);
#1370=CIRCLE('',#3837,2.5);
#1371=CIRCLE('',#3839,1.45);
#1372=CIRCLE('',#3842,2.5);
#1373=CIRCLE('',#3844,1.45);
#1374=CIRCLE('',#3847,2.5);
#1375=CIRCLE('',#3849,1.45);
#1376=CIRCLE('',#3852,2.5);
#1377=CIRCLE('',#3854,1.45);
#1378=CIRCLE('',#3857,2.5);
#1379=CIRCLE('',#3859,1.45);
#1380=CIRCLE('',#3862,30.25);
#1381=CIRCLE('',#3864,32.5);
#1382=CIRCLE('',#3880,2.);
#1383=CIRCLE('',#3881,2.);
#1384=CIRCLE('',#3883,2.);
#1385=CIRCLE('',#3884,2.);
#1386=CIRCLE('',#3886,2.);
#1387=CIRCLE('',#3887,2.);
#1388=CIRCLE('',#3889,2.);
#1389=CIRCLE('',#3890,2.);
#1390=CIRCLE('',#3892,2.);
#1391=CIRCLE('',#3893,2.);
#1392=CIRCLE('',#3895,2.);
#1393=CIRCLE('',#3896,2.);
#1394=CIRCLE('',#3898,2.);
#1395=CIRCLE('',#3899,2.);
#1396=CIRCLE('',#3901,2.);
#1397=CIRCLE('',#3902,2.);
#1398=CIRCLE('',#3904,2.);
#1399=CIRCLE('',#3905,2.);
#1400=CIRCLE('',#3907,2.);
#1401=CIRCLE('',#3908,2.);
#1402=VERTEX_POINT('',#4978);
#1403=VERTEX_POINT('',#4980);
#1404=VERTEX_POINT('',#4982);
#1405=VERTEX_POINT('',#4984);
#1406=VERTEX_POINT('',#4986);
#1407=VERTEX_POINT('',#4991);
#1408=VERTEX_POINT('',#4993);
#1409=VERTEX_POINT('',#4998);
#1410=VERTEX_POINT('',#5000);
#1411=VERTEX_POINT('',#5002);
#1412=VERTEX_POINT('',#5004);
#1413=VERTEX_POINT('',#5009);
#1414=VERTEX_POINT('',#5011);
#1415=VERTEX_POINT('',#5016);
#1416=VERTEX_POINT('',#5018);
#1417=VERTEX_POINT('',#5020);
#1418=VERTEX_POINT('',#5022);
#1419=VERTEX_POINT('',#5027);
#1420=VERTEX_POINT('',#5029);
#1421=VERTEX_POINT('',#5034);
#1422=VERTEX_POINT('',#5036);
#1423=VERTEX_POINT('',#5038);
#1424=VERTEX_POINT('',#5040);
#1425=VERTEX_POINT('',#5045);
#1426=VERTEX_POINT('',#5047);
#1427=VERTEX_POINT('',#5052);
#1428=VERTEX_POINT('',#5054);
#1429=VERTEX_POINT('',#5056);
#1430=VERTEX_POINT('',#5058);
#1431=VERTEX_POINT('',#5063);
#1432=VERTEX_POINT('',#5065);
#1433=VERTEX_POINT('',#5070);
#1434=VERTEX_POINT('',#5072);
#1435=VERTEX_POINT('',#5074);
#1436=VERTEX_POINT('',#5076);
#1437=VERTEX_POINT('',#5081);
#1438=VERTEX_POINT('',#5083);
#1439=VERTEX_POINT('',#5088);
#1440=VERTEX_POINT('',#5090);
#1441=VERTEX_POINT('',#5092);
#1442=VERTEX_POINT('',#5094);
#1443=VERTEX_POINT('',#5099);
#1444=VERTEX_POINT('',#5101);
#1445=VERTEX_POINT('',#5106);
#1446=VERTEX_POINT('',#5108);
#1447=VERTEX_POINT('',#5110);
#1448=VERTEX_POINT('',#5112);
#1449=VERTEX_POINT('',#5117);
#1450=VERTEX_POINT('',#5119);
#1451=VERTEX_POINT('',#5124);
#1452=VERTEX_POINT('',#5126);
#1453=VERTEX_POINT('',#5128);
#1454=VERTEX_POINT('',#5130);
#1455=VERTEX_POINT('',#5135);
#1456=VERTEX_POINT('',#5137);
#1457=VERTEX_POINT('',#5142);
#1458=VERTEX_POINT('',#5144);
#1459=VERTEX_POINT('',#5146);
#1460=VERTEX_POINT('',#5148);
#1461=VERTEX_POINT('',#5153);
#1462=VERTEX_POINT('',#5155);
#1463=VERTEX_POINT('',#5160);
#1464=VERTEX_POINT('',#5162);
#1465=VERTEX_POINT('',#5164);
#1466=VERTEX_POINT('',#5166);
#1467=VERTEX_POINT('',#5171);
#1468=VERTEX_POINT('',#5173);
#1469=VERTEX_POINT('',#5178);
#1470=VERTEX_POINT('',#5180);
#1471=VERTEX_POINT('',#5182);
#1472=VERTEX_POINT('',#5184);
#1473=VERTEX_POINT('',#5189);
#1474=VERTEX_POINT('',#5191);
#1475=VERTEX_POINT('',#5196);
#1476=VERTEX_POINT('',#5200);
#1477=VERTEX_POINT('',#5202);
#1478=VERTEX_POINT('',#5204);
#1479=VERTEX_POINT('',#5208);
#1480=VERTEX_POINT('',#5212);
#1481=VERTEX_POINT('',#5215);
#1482=VERTEX_POINT('',#5221);
#1483=VERTEX_POINT('',#5225);
#1484=VERTEX_POINT('',#5227);
#1485=VERTEX_POINT('',#5230);
#1486=VERTEX_POINT('',#5233);
#1487=VERTEX_POINT('',#5235);
#1488=VERTEX_POINT('',#5238);
#1489=VERTEX_POINT('',#5240);
#1490=VERTEX_POINT('',#5243);
#1491=VERTEX_POINT('',#5245);
#1492=VERTEX_POINT('',#5248);
#1493=VERTEX_POINT('',#5250);
#1494=VERTEX_POINT('',#5253);
#1495=VERTEX_POINT('',#5255);
#1496=VERTEX_POINT('',#5258);
#1497=VERTEX_POINT('',#5260);
#1498=VERTEX_POINT('',#5263);
#1499=VERTEX_POINT('',#5265);
#1500=VERTEX_POINT('',#5268);
#1501=VERTEX_POINT('',#5270);
#1502=VERTEX_POINT('',#5273);
#1503=VERTEX_POINT('',#5275);
#1504=VERTEX_POINT('',#5278);
#1505=VERTEX_POINT('',#5280);
#1506=VERTEX_POINT('',#5283);
#1507=VERTEX_POINT('',#5285);
#1508=VERTEX_POINT('',#5287);
#1509=VERTEX_POINT('',#5289);
#1510=VERTEX_POINT('',#5291);
#1511=VERTEX_POINT('',#5293);
#1512=VERTEX_POINT('',#5295);
#1513=VERTEX_POINT('',#5297);
#1514=VERTEX_POINT('',#5299);
#1515=VERTEX_POINT('',#5301);
#1516=VERTEX_POINT('',#5303);
#1517=VERTEX_POINT('',#5306);
#1518=VERTEX_POINT('',#5310);
#1519=VERTEX_POINT('',#5314);
#1520=VERTEX_POINT('',#5316);
#1521=VERTEX_POINT('',#5318);
#1522=VERTEX_POINT('',#5320);
#1523=VERTEX_POINT('',#5332);
#1524=VERTEX_POINT('',#5334);
#1525=VERTEX_POINT('',#5336);
#1526=VERTEX_POINT('',#5338);
#1527=VERTEX_POINT('',#5340);
#1528=VERTEX_POINT('',#5342);
#1529=VERTEX_POINT('',#5344);
#1530=VERTEX_POINT('',#5346);
#1531=VERTEX_POINT('',#5348);
#1532=VERTEX_POINT('',#5350);
#1533=VERTEX_POINT('',#5352);
#1534=VERTEX_POINT('',#5354);
#1535=VERTEX_POINT('',#5356);
#1536=VERTEX_POINT('',#5357);
#1537=VERTEX_POINT('',#5359);
#1538=VERTEX_POINT('',#5361);
#1539=VERTEX_POINT('',#5363);
#1540=VERTEX_POINT('',#5365);
#1541=VERTEX_POINT('',#5367);
#1542=VERTEX_POINT('',#5369);
#1543=VERTEX_POINT('',#5373);
#1544=VERTEX_POINT('',#5377);
#1545=VERTEX_POINT('',#5379);
#1546=VERTEX_POINT('',#5381);
#1547=VERTEX_POINT('',#5383);
#1548=VERTEX_POINT('',#5385);
#1549=VERTEX_POINT('',#5401);
#1550=VERTEX_POINT('',#5405);
#1551=VERTEX_POINT('',#5407);
#1552=VERTEX_POINT('',#5409);
#1553=VERTEX_POINT('',#5411);
#1554=VERTEX_POINT('',#5413);
#1555=VERTEX_POINT('',#5433);
#1556=VERTEX_POINT('',#5437);
#1557=VERTEX_POINT('',#5439);
#1558=VERTEX_POINT('',#5441);
#1559=VERTEX_POINT('',#5443);
#1560=VERTEX_POINT('',#5445);
#1561=VERTEX_POINT('',#5461);
#1562=VERTEX_POINT('',#5465);
#1563=VERTEX_POINT('',#5467);
#1564=VERTEX_POINT('',#5469);
#1565=VERTEX_POINT('',#5471);
#1566=VERTEX_POINT('',#5473);
#1567=VERTEX_POINT('',#5489);
#1568=VERTEX_POINT('',#5493);
#1569=VERTEX_POINT('',#5495);
#1570=VERTEX_POINT('',#5497);
#1571=VERTEX_POINT('',#5499);
#1572=VERTEX_POINT('',#5501);
#1573=VERTEX_POINT('',#5517);
#1574=VERTEX_POINT('',#5521);
#1575=VERTEX_POINT('',#5523);
#1576=VERTEX_POINT('',#5525);
#1577=VERTEX_POINT('',#5527);
#1578=VERTEX_POINT('',#5529);
#1579=VERTEX_POINT('',#5545);
#1580=VERTEX_POINT('',#5549);
#1581=VERTEX_POINT('',#5551);
#1582=VERTEX_POINT('',#5553);
#1583=VERTEX_POINT('',#5555);
#1584=VERTEX_POINT('',#5557);
#1585=VERTEX_POINT('',#5573);
#1586=VERTEX_POINT('',#5577);
#1587=VERTEX_POINT('',#5579);
#1588=VERTEX_POINT('',#5581);
#1589=VERTEX_POINT('',#5583);
#1590=VERTEX_POINT('',#5585);
#1591=VERTEX_POINT('',#5601);
#1592=VERTEX_POINT('',#5605);
#1593=VERTEX_POINT('',#5607);
#1594=VERTEX_POINT('',#5609);
#1595=VERTEX_POINT('',#5611);
#1596=VERTEX_POINT('',#5613);
#1597=VERTEX_POINT('',#5629);
#1598=VERTEX_POINT('',#5633);
#1599=VERTEX_POINT('',#5635);
#1600=VERTEX_POINT('',#5637);
#1601=VERTEX_POINT('',#5639);
#1602=VERTEX_POINT('',#5641);
#1603=VERTEX_POINT('',#5657);
#1604=VERTEX_POINT('',#5659);
#1605=VERTEX_POINT('',#5663);
#1606=VERTEX_POINT('',#5667);
#1607=VERTEX_POINT('',#5668);
#1608=VERTEX_POINT('',#5670);
#1609=VERTEX_POINT('',#5672);
#1610=VERTEX_POINT('',#5674);
#1611=VERTEX_POINT('',#5678);
#1612=VERTEX_POINT('',#5680);
#1613=VERTEX_POINT('',#5682);
#1614=VERTEX_POINT('',#5684);
#1615=VERTEX_POINT('',#5686);
#1616=VERTEX_POINT('',#5688);
#1617=VERTEX_POINT('',#5690);
#1618=VERTEX_POINT('',#5692);
#1619=VERTEX_POINT('',#5694);
#1620=VERTEX_POINT('',#5696);
#1621=VERTEX_POINT('',#5704);
#1622=VERTEX_POINT('',#5705);
#1623=VERTEX_POINT('',#5708);
#1624=VERTEX_POINT('',#5721);
#1625=VERTEX_POINT('',#5732);
#1626=VERTEX_POINT('',#5733);
#1627=VERTEX_POINT('',#5735);
#1628=VERTEX_POINT('',#5737);
#1629=VERTEX_POINT('',#5744);
#1630=VERTEX_POINT('',#5747);
#1631=VERTEX_POINT('',#5766);
#1632=VERTEX_POINT('',#5768);
#1633=VERTEX_POINT('',#5770);
#1634=VERTEX_POINT('',#5772);
#1635=VERTEX_POINT('',#5775);
#1636=VERTEX_POINT('',#5777);
#1637=VERTEX_POINT('',#5779);
#1638=VERTEX_POINT('',#5781);
#1639=VERTEX_POINT('',#5783);
#1640=VERTEX_POINT('',#5785);
#1641=VERTEX_POINT('',#5787);
#1642=VERTEX_POINT('',#5789);
#1643=VERTEX_POINT('',#5791);
#1644=VERTEX_POINT('',#5793);
#1645=VERTEX_POINT('',#5795);
#1646=VERTEX_POINT('',#5797);
#1647=VERTEX_POINT('',#5799);
#1648=VERTEX_POINT('',#5802);
#1649=VERTEX_POINT('',#5804);
#1650=VERTEX_POINT('',#5808);
#1651=VERTEX_POINT('',#5810);
#1652=VERTEX_POINT('',#5821);
#1653=VERTEX_POINT('',#5847);
#1654=VERTEX_POINT('',#5858);
#1655=VERTEX_POINT('',#5862);
#1656=VERTEX_POINT('',#5866);
#1657=VERTEX_POINT('',#5870);
#1658=VERTEX_POINT('',#5877);
#1659=VERTEX_POINT('',#5881);
#1660=VERTEX_POINT('',#5885);
#1661=VERTEX_POINT('',#5889);
#1662=VERTEX_POINT('',#5891);
#1663=VERTEX_POINT('',#5893);
#1664=VERTEX_POINT('',#5895);
#1665=VERTEX_POINT('',#5897);
#1666=VERTEX_POINT('',#5899);
#1667=VERTEX_POINT('',#5901);
#1668=VERTEX_POINT('',#5903);
#1669=VERTEX_POINT('',#5905);
#1670=VERTEX_POINT('',#5907);
#1671=VERTEX_POINT('',#5909);
#1672=VERTEX_POINT('',#5911);
#1673=VERTEX_POINT('',#5913);
#1674=VERTEX_POINT('',#5916);
#1675=VERTEX_POINT('',#5920);
#1676=VERTEX_POINT('',#5925);
#1677=VERTEX_POINT('',#5929);
#1678=VERTEX_POINT('',#5935);
#1679=VERTEX_POINT('',#5939);
#1680=VERTEX_POINT('',#5945);
#1681=VERTEX_POINT('',#5949);
#1682=VERTEX_POINT('',#5955);
#1683=VERTEX_POINT('',#5959);
#1684=VERTEX_POINT('',#5965);
#1685=VERTEX_POINT('',#5969);
#1686=VERTEX_POINT('',#5975);
#1687=VERTEX_POINT('',#5979);
#1688=VERTEX_POINT('',#5985);
#1689=VERTEX_POINT('',#5989);
#1690=VERTEX_POINT('',#5995);
#1691=VERTEX_POINT('',#5999);
#1692=VERTEX_POINT('',#6005);
#1693=VERTEX_POINT('',#6009);
#1694=VERTEX_POINT('',#6015);
#1695=VERTEX_POINT('',#6019);
#1696=VERTEX_POINT('',#6025);
#1697=VERTEX_POINT('',#6029);
#1698=VERTEX_POINT('',#6035);
#1699=VERTEX_POINT('',#6039);
#1700=VERTEX_POINT('',#6068);
#1701=VERTEX_POINT('',#6070);
#1702=VERTEX_POINT('',#6074);
#1703=VERTEX_POINT('',#6076);
#1704=VERTEX_POINT('',#6080);
#1705=VERTEX_POINT('',#6082);
#1706=VERTEX_POINT('',#6086);
#1707=VERTEX_POINT('',#6088);
#1708=VERTEX_POINT('',#6092);
#1709=VERTEX_POINT('',#6094);
#1710=VERTEX_POINT('',#6098);
#1711=VERTEX_POINT('',#6100);
#1712=VERTEX_POINT('',#6104);
#1713=VERTEX_POINT('',#6106);
#1714=VERTEX_POINT('',#6110);
#1715=VERTEX_POINT('',#6112);
#1716=VERTEX_POINT('',#6116);
#1717=VERTEX_POINT('',#6118);
#1718=VERTEX_POINT('',#6122);
#1719=VERTEX_POINT('',#6124);
#1720=EDGE_CURVE('',#1402,#1402,#1181,.T.);
#1721=EDGE_CURVE('',#1402,#1403,#671,.T.);
#1722=EDGE_CURVE('',#1403,#1404,#1182,.T.);
#1723=EDGE_CURVE('',#1405,#1404,#672,.T.);
#1724=EDGE_CURVE('',#1406,#1405,#639,.T.);
#1725=EDGE_CURVE('',#1406,#1407,#1183,.T.);
#1726=EDGE_CURVE('',#1408,#1407,#640,.T.);
#1727=EDGE_CURVE('',#1409,#1408,#673,.T.);
#1728=EDGE_CURVE('',#1409,#1410,#1184,.T.);
#1729=EDGE_CURVE('',#1411,#1410,#674,.T.);
#1730=EDGE_CURVE('',#1412,#1411,#641,.T.);
#1731=EDGE_CURVE('',#1412,#1413,#1185,.T.);
#1732=EDGE_CURVE('',#1414,#1413,#642,.T.);
#1733=EDGE_CURVE('',#1415,#1414,#675,.T.);
#1734=EDGE_CURVE('',#1415,#1416,#1186,.T.);
#1735=EDGE_CURVE('',#1417,#1416,#676,.T.);
#1736=EDGE_CURVE('',#1418,#1417,#643,.T.);
#1737=EDGE_CURVE('',#1418,#1419,#1187,.T.);
#1738=EDGE_CURVE('',#1420,#1419,#644,.T.);
#1739=EDGE_CURVE('',#1421,#1420,#677,.T.);
#1740=EDGE_CURVE('',#1421,#1422,#1188,.T.);
#1741=EDGE_CURVE('',#1423,#1422,#678,.T.);
#1742=EDGE_CURVE('',#1424,#1423,#645,.T.);
#1743=EDGE_CURVE('',#1424,#1425,#1189,.T.);
#1744=EDGE_CURVE('',#1426,#1425,#646,.T.);
#1745=EDGE_CURVE('',#1427,#1426,#679,.T.);
#1746=EDGE_CURVE('',#1427,#1428,#1190,.T.);
#1747=EDGE_CURVE('',#1429,#1428,#680,.T.);
#1748=EDGE_CURVE('',#1430,#1429,#647,.T.);
#1749=EDGE_CURVE('',#1430,#1431,#1191,.T.);
#1750=EDGE_CURVE('',#1432,#1431,#648,.T.);
#1751=EDGE_CURVE('',#1433,#1432,#681,.T.);
#1752=EDGE_CURVE('',#1433,#1434,#1192,.T.);
#1753=EDGE_CURVE('',#1435,#1434,#682,.T.);
#1754=EDGE_CURVE('',#1436,#1435,#649,.T.);
#1755=EDGE_CURVE('',#1436,#1437,#1193,.T.);
#1756=EDGE_CURVE('',#1438,#1437,#650,.T.);
#1757=EDGE_CURVE('',#1439,#1438,#683,.T.);
#1758=EDGE_CURVE('',#1439,#1440,#1194,.T.);
#1759=EDGE_CURVE('',#1441,#1440,#684,.T.);
#1760=EDGE_CURVE('',#1442,#1441,#651,.T.);
#1761=EDGE_CURVE('',#1442,#1443,#1195,.T.);
#1762=EDGE_CURVE('',#1444,#1443,#652,.T.);
#1763=EDGE_CURVE('',#1445,#1444,#685,.T.);
#1764=EDGE_CURVE('',#1445,#1446,#1196,.T.);
#1765=EDGE_CURVE('',#1447,#1446,#686,.T.);
#1766=EDGE_CURVE('',#1448,#1447,#653,.T.);
#1767=EDGE_CURVE('',#1448,#1449,#1197,.T.);
#1768=EDGE_CURVE('',#1450,#1449,#654,.T.);
#1769=EDGE_CURVE('',#1451,#1450,#687,.T.);
#1770=EDGE_CURVE('',#1451,#1452,#1198,.T.);
#1771=EDGE_CURVE('',#1453,#1452,#688,.T.);
#1772=EDGE_CURVE('',#1454,#1453,#655,.T.);
#1773=EDGE_CURVE('',#1454,#1455,#1199,.T.);
#1774=EDGE_CURVE('',#1456,#1455,#656,.T.);
#1775=EDGE_CURVE('',#1457,#1456,#689,.T.);
#1776=EDGE_CURVE('',#1457,#1458,#1200,.T.);
#1777=EDGE_CURVE('',#1459,#1458,#690,.T.);
#1778=EDGE_CURVE('',#1460,#1459,#657,.T.);
#1779=EDGE_CURVE('',#1460,#1461,#1201,.T.);
#1780=EDGE_CURVE('',#1462,#1461,#658,.T.);
#1781=EDGE_CURVE('',#1463,#1462,#691,.T.);
#1782=EDGE_CURVE('',#1463,#1464,#1202,.T.);
#1783=EDGE_CURVE('',#1465,#1464,#692,.T.);
#1784=EDGE_CURVE('',#1466,#1465,#659,.T.);
#1785=EDGE_CURVE('',#1466,#1467,#1203,.T.);
#1786=EDGE_CURVE('',#1468,#1467,#660,.T.);
#1787=EDGE_CURVE('',#1469,#1468,#693,.T.);
#1788=EDGE_CURVE('',#1469,#1470,#1204,.T.);
#1789=EDGE_CURVE('',#1471,#1470,#694,.T.);
#1790=EDGE_CURVE('',#1472,#1471,#661,.T.);
#1791=EDGE_CURVE('',#1472,#1473,#1205,.T.);
#1792=EDGE_CURVE('',#1474,#1473,#662,.T.);
#1793=EDGE_CURVE('',#1475,#1474,#695,.T.);
#1794=EDGE_CURVE('',#1475,#1403,#1206,.T.);
#1795=EDGE_CURVE('',#1476,#1472,#696,.T.);
#1796=EDGE_CURVE('',#1477,#1476,#1207,.T.);
#1797=EDGE_CURVE('',#1478,#1477,#1208,.T.);
#1798=EDGE_CURVE('',#1473,#1478,#697,.T.);
#1799=EDGE_CURVE('',#1471,#1479,#698,.T.);
#1800=EDGE_CURVE('',#1479,#1476,#699,.T.);
#1801=EDGE_CURVE('',#1480,#1480,#1209,.T.);
#1802=EDGE_CURVE('',#1480,#1477,#700,.T.);
#1803=EDGE_CURVE('',#1481,#1479,#1210,.T.);
#1804=EDGE_CURVE('',#1478,#1481,#701,.T.);
#1805=EDGE_CURVE('',#1481,#1474,#702,.T.);
#1806=EDGE_CURVE('',#1481,#1482,#703,.T.);
#1807=EDGE_CURVE('',#1482,#1475,#704,.T.);
#1808=EDGE_CURVE('',#1483,#1409,#705,.T.);
#1809=EDGE_CURVE('',#1484,#1483,#1211,.T.);
#1810=EDGE_CURVE('',#1404,#1484,#706,.T.);
#1811=EDGE_CURVE('',#1485,#1482,#1212,.T.);
#1812=EDGE_CURVE('',#1470,#1485,#707,.T.);
#1813=EDGE_CURVE('',#1486,#1469,#708,.T.);
#1814=EDGE_CURVE('',#1487,#1486,#1213,.T.);
#1815=EDGE_CURVE('',#1464,#1487,#709,.T.);
#1816=EDGE_CURVE('',#1488,#1463,#710,.T.);
#1817=EDGE_CURVE('',#1489,#1488,#1214,.T.);
#1818=EDGE_CURVE('',#1458,#1489,#711,.T.);
#1819=EDGE_CURVE('',#1490,#1457,#712,.T.);
#1820=EDGE_CURVE('',#1491,#1490,#1215,.T.);
#1821=EDGE_CURVE('',#1452,#1491,#713,.T.);
#1822=EDGE_CURVE('',#1492,#1451,#714,.T.);
#1823=EDGE_CURVE('',#1493,#1492,#1216,.T.);
#1824=EDGE_CURVE('',#1446,#1493,#715,.T.);
#1825=EDGE_CURVE('',#1494,#1445,#716,.T.);
#1826=EDGE_CURVE('',#1495,#1494,#1217,.T.);
#1827=EDGE_CURVE('',#1440,#1495,#717,.T.);
#1828=EDGE_CURVE('',#1496,#1439,#718,.T.);
#1829=EDGE_CURVE('',#1497,#1496,#1218,.T.);
#1830=EDGE_CURVE('',#1434,#1497,#719,.T.);
#1831=EDGE_CURVE('',#1498,#1433,#720,.T.);
#1832=EDGE_CURVE('',#1499,#1498,#1219,.T.);
#1833=EDGE_CURVE('',#1428,#1499,#721,.T.);
#1834=EDGE_CURVE('',#1500,#1427,#722,.T.);
#1835=EDGE_CURVE('',#1501,#1500,#1220,.T.);
#1836=EDGE_CURVE('',#1422,#1501,#723,.T.);
#1837=EDGE_CURVE('',#1502,#1421,#724,.T.);
#1838=EDGE_CURVE('',#1503,#1502,#1221,.T.);
#1839=EDGE_CURVE('',#1416,#1503,#725,.T.);
#1840=EDGE_CURVE('',#1504,#1415,#726,.T.);
#1841=EDGE_CURVE('',#1505,#1504,#1222,.T.);
#1842=EDGE_CURVE('',#1410,#1505,#727,.T.);
#1843=EDGE_CURVE('',#1506,#1506,#1223,.T.);
#1844=EDGE_CURVE('',#1507,#1507,#1224,.T.);
#1845=EDGE_CURVE('',#1508,#1508,#1225,.T.);
#1846=EDGE_CURVE('',#1509,#1509,#1226,.T.);
#1847=EDGE_CURVE('',#1510,#1510,#1227,.T.);
#1848=EDGE_CURVE('',#1511,#1511,#1228,.T.);
#1849=EDGE_CURVE('',#1512,#1512,#1229,.T.);
#1850=EDGE_CURVE('',#1513,#1513,#1230,.T.);
#1851=EDGE_CURVE('',#1514,#1514,#1231,.T.);
#1852=EDGE_CURVE('',#1515,#1515,#1232,.T.);
#1853=EDGE_CURVE('',#1516,#1516,#1233,.T.);
#1854=EDGE_CURVE('',#1517,#1408,#728,.T.);
#1855=EDGE_CURVE('',#1517,#1483,#729,.T.);
#1856=EDGE_CURVE('',#1407,#1518,#730,.T.);
#1857=EDGE_CURVE('',#1518,#1517,#731,.T.);
#1858=EDGE_CURVE('',#1519,#1519,#1234,.T.);
#1859=EDGE_CURVE('',#1519,#1520,#732,.T.);
#1860=EDGE_CURVE('',#1520,#1521,#1235,.T.);
#1861=EDGE_CURVE('',#1522,#1521,#733,.T.);
#1862=EDGE_CURVE('',#1517,#1522,#1236,.T.);
#1863=EDGE_CURVE('',#1518,#1520,#1237,.T.);
#1864=EDGE_CURVE('',#1521,#1406,#734,.T.);
#1865=EDGE_CURVE('',#1405,#1522,#735,.T.);
#1866=EDGE_CURVE('',#1484,#1522,#736,.T.);
#1867=EDGE_CURVE('',#1523,#1523,#1238,.T.);
#1868=EDGE_CURVE('',#1524,#1524,#1239,.T.);
#1869=EDGE_CURVE('',#1525,#1525,#1240,.T.);
#1870=EDGE_CURVE('',#1526,#1526,#1241,.T.);
#1871=EDGE_CURVE('',#1527,#1527,#1242,.T.);
#1872=EDGE_CURVE('',#1528,#1528,#1243,.T.);
#1873=EDGE_CURVE('',#1529,#1529,#1244,.T.);
#1874=EDGE_CURVE('',#1530,#1530,#1245,.T.);
#1875=EDGE_CURVE('',#1531,#1531,#1246,.T.);
#1876=EDGE_CURVE('',#1532,#1532,#1247,.T.);
#1877=EDGE_CURVE('',#1533,#1533,#1248,.T.);
#1878=EDGE_CURVE('',#1534,#1534,#1249,.T.);
#1879=EDGE_CURVE('',#1535,#1536,#737,.T.);
#1880=EDGE_CURVE('',#1537,#1535,#1250,.T.);
#1881=EDGE_CURVE('',#1538,#1537,#1251,.T.);
#1882=EDGE_CURVE('',#1539,#1538,#1252,.T.);
#1883=EDGE_CURVE('',#1540,#1539,#738,.T.);
#1884=EDGE_CURVE('',#1541,#1540,#1253,.T.);
#1885=EDGE_CURVE('',#1542,#1541,#1254,.T.);
#1886=EDGE_CURVE('',#1536,#1542,#1255,.T.);
#1887=EDGE_CURVE('',#1523,#1543,#739,.T.);
#1888=EDGE_CURVE('',#1543,#1543,#1256,.T.);
#1889=EDGE_CURVE('',#1543,#1544,#740,.T.);
#1890=EDGE_CURVE('',#1544,#1545,#1257,.T.);
#1891=EDGE_CURVE('',#1546,#1545,#741,.T.);
#1892=EDGE_CURVE('',#1547,#1546,#1258,.T.);
#1893=EDGE_CURVE('',#1548,#1547,#742,.T.);
#1894=EDGE_CURVE('',#1548,#1544,#1259,.T.);
#1895=EDGE_CURVE('',#1545,#1412,#743,.T.);
#1896=EDGE_CURVE('',#1413,#1548,#744,.T.);
#1897=EDGE_CURVE('',#1411,#1546,#745,.T.);
#1898=EDGE_CURVE('',#1505,#1546,#746,.T.);
#1899=EDGE_CURVE('',#1547,#1504,#747,.T.);
#1900=EDGE_CURVE('',#1547,#1414,#748,.T.);
#1901=EDGE_CURVE('',#1524,#1549,#749,.T.);
#1902=EDGE_CURVE('',#1549,#1549,#1260,.T.);
#1903=EDGE_CURVE('',#1549,#1550,#750,.T.);
#1904=EDGE_CURVE('',#1550,#1551,#1261,.T.);
#1905=EDGE_CURVE('',#1552,#1551,#751,.T.);
#1906=EDGE_CURVE('',#1553,#1552,#1262,.T.);
#1907=EDGE_CURVE('',#1554,#1553,#752,.T.);
#1908=EDGE_CURVE('',#1554,#1550,#1263,.T.);
#1909=EDGE_CURVE('',#1551,#1448,#753,.T.);
#1910=EDGE_CURVE('',#1449,#1554,#754,.T.);
#1911=EDGE_CURVE('',#1447,#1552,#755,.T.);
#1912=EDGE_CURVE('',#1493,#1552,#756,.T.);
#1913=EDGE_CURVE('',#1553,#1492,#757,.T.);
#1914=EDGE_CURVE('',#1553,#1450,#758,.T.);
#1915=EDGE_CURVE('',#1525,#1519,#759,.T.);
#1916=EDGE_CURVE('',#1526,#1480,#760,.T.);
#1917=EDGE_CURVE('',#1527,#1555,#761,.T.);
#1918=EDGE_CURVE('',#1555,#1555,#1264,.T.);
#1919=EDGE_CURVE('',#1555,#1556,#762,.T.);
#1920=EDGE_CURVE('',#1556,#1557,#1265,.T.);
#1921=EDGE_CURVE('',#1558,#1557,#763,.T.);
#1922=EDGE_CURVE('',#1559,#1558,#1266,.T.);
#1923=EDGE_CURVE('',#1560,#1559,#764,.T.);
#1924=EDGE_CURVE('',#1560,#1556,#1267,.T.);
#1925=EDGE_CURVE('',#1557,#1466,#765,.T.);
#1926=EDGE_CURVE('',#1467,#1560,#766,.T.);
#1927=EDGE_CURVE('',#1465,#1558,#767,.T.);
#1928=EDGE_CURVE('',#1487,#1558,#768,.T.);
#1929=EDGE_CURVE('',#1559,#1486,#769,.T.);
#1930=EDGE_CURVE('',#1559,#1468,#770,.T.);
#1931=EDGE_CURVE('',#1528,#1561,#771,.T.);
#1932=EDGE_CURVE('',#1561,#1561,#1268,.T.);
#1933=EDGE_CURVE('',#1561,#1562,#772,.T.);
#1934=EDGE_CURVE('',#1562,#1563,#1269,.T.);
#1935=EDGE_CURVE('',#1564,#1563,#773,.T.);
#1936=EDGE_CURVE('',#1565,#1564,#1270,.T.);
#1937=EDGE_CURVE('',#1566,#1565,#774,.T.);
#1938=EDGE_CURVE('',#1566,#1562,#1271,.T.);
#1939=EDGE_CURVE('',#1563,#1460,#775,.T.);
#1940=EDGE_CURVE('',#1461,#1566,#776,.T.);
#1941=EDGE_CURVE('',#1459,#1564,#777,.T.);
#1942=EDGE_CURVE('',#1489,#1564,#778,.T.);
#1943=EDGE_CURVE('',#1565,#1488,#779,.T.);
#1944=EDGE_CURVE('',#1565,#1462,#780,.T.);
#1945=EDGE_CURVE('',#1529,#1567,#781,.T.);
#1946=EDGE_CURVE('',#1567,#1567,#1272,.T.);
#1947=EDGE_CURVE('',#1567,#1568,#782,.T.);
#1948=EDGE_CURVE('',#1568,#1569,#1273,.T.);
#1949=EDGE_CURVE('',#1570,#1569,#783,.T.);
#1950=EDGE_CURVE('',#1571,#1570,#1274,.T.);
#1951=EDGE_CURVE('',#1572,#1571,#784,.T.);
#1952=EDGE_CURVE('',#1572,#1568,#1275,.T.);
#1953=EDGE_CURVE('',#1569,#1454,#785,.T.);
#1954=EDGE_CURVE('',#1455,#1572,#786,.T.);
#1955=EDGE_CURVE('',#1453,#1570,#787,.T.);
#1956=EDGE_CURVE('',#1491,#1570,#788,.T.);
#1957=EDGE_CURVE('',#1571,#1490,#789,.T.);
#1958=EDGE_CURVE('',#1571,#1456,#790,.T.);
#1959=EDGE_CURVE('',#1530,#1573,#791,.T.);
#1960=EDGE_CURVE('',#1573,#1573,#1276,.T.);
#1961=EDGE_CURVE('',#1573,#1574,#792,.T.);
#1962=EDGE_CURVE('',#1574,#1575,#1277,.T.);
#1963=EDGE_CURVE('',#1576,#1575,#793,.T.);
#1964=EDGE_CURVE('',#1577,#1576,#1278,.T.);
#1965=EDGE_CURVE('',#1578,#1577,#794,.T.);
#1966=EDGE_CURVE('',#1578,#1574,#1279,.T.);
#1967=EDGE_CURVE('',#1575,#1442,#795,.T.);
#1968=EDGE_CURVE('',#1443,#1578,#796,.T.);
#1969=EDGE_CURVE('',#1441,#1576,#797,.T.);
#1970=EDGE_CURVE('',#1495,#1576,#798,.T.);
#1971=EDGE_CURVE('',#1577,#1494,#799,.T.);
#1972=EDGE_CURVE('',#1577,#1444,#800,.T.);
#1973=EDGE_CURVE('',#1531,#1579,#801,.T.);
#1974=EDGE_CURVE('',#1579,#1579,#1280,.T.);
#1975=EDGE_CURVE('',#1579,#1580,#802,.T.);
#1976=EDGE_CURVE('',#1580,#1581,#1281,.T.);
#1977=EDGE_CURVE('',#1582,#1581,#803,.T.);
#1978=EDGE_CURVE('',#1583,#1582,#1282,.T.);
#1979=EDGE_CURVE('',#1584,#1583,#804,.T.);
#1980=EDGE_CURVE('',#1584,#1580,#1283,.T.);
#1981=EDGE_CURVE('',#1581,#1436,#805,.T.);
#1982=EDGE_CURVE('',#1437,#1584,#806,.T.);
#1983=EDGE_CURVE('',#1435,#1582,#807,.T.);
#1984=EDGE_CURVE('',#1497,#1582,#808,.T.);
#1985=EDGE_CURVE('',#1583,#1496,#809,.T.);
#1986=EDGE_CURVE('',#1583,#1438,#810,.T.);
#1987=EDGE_CURVE('',#1532,#1585,#811,.T.);
#1988=EDGE_CURVE('',#1585,#1585,#1284,.T.);
#1989=EDGE_CURVE('',#1585,#1586,#812,.T.);
#1990=EDGE_CURVE('',#1586,#1587,#1285,.T.);
#1991=EDGE_CURVE('',#1588,#1587,#813,.T.);
#1992=EDGE_CURVE('',#1589,#1588,#1286,.T.);
#1993=EDGE_CURVE('',#1590,#1589,#814,.T.);
#1994=EDGE_CURVE('',#1590,#1586,#1287,.T.);
#1995=EDGE_CURVE('',#1587,#1430,#815,.T.);
#1996=EDGE_CURVE('',#1431,#1590,#816,.T.);
#1997=EDGE_CURVE('',#1429,#1588,#817,.T.);
#1998=EDGE_CURVE('',#1499,#1588,#818,.T.);
#1999=EDGE_CURVE('',#1589,#1498,#819,.T.);
#2000=EDGE_CURVE('',#1589,#1432,#820,.T.);
#2001=EDGE_CURVE('',#1533,#1591,#821,.T.);
#2002=EDGE_CURVE('',#1591,#1591,#1288,.T.);
#2003=EDGE_CURVE('',#1591,#1592,#822,.T.);
#2004=EDGE_CURVE('',#1592,#1593,#1289,.T.);
#2005=EDGE_CURVE('',#1594,#1593,#823,.T.);
#2006=EDGE_CURVE('',#1595,#1594,#1290,.T.);
#2007=EDGE_CURVE('',#1596,#1595,#824,.T.);
#2008=EDGE_CURVE('',#1596,#1592,#1291,.T.);
#2009=EDGE_CURVE('',#1593,#1424,#825,.T.);
#2010=EDGE_CURVE('',#1425,#1596,#826,.T.);
#2011=EDGE_CURVE('',#1423,#1594,#827,.T.);
#2012=EDGE_CURVE('',#1501,#1594,#828,.T.);
#2013=EDGE_CURVE('',#1595,#1500,#829,.T.);
#2014=EDGE_CURVE('',#1595,#1426,#830,.T.);
#2015=EDGE_CURVE('',#1534,#1597,#831,.T.);
#2016=EDGE_CURVE('',#1597,#1597,#1292,.T.);
#2017=EDGE_CURVE('',#1597,#1598,#832,.T.);
#2018=EDGE_CURVE('',#1598,#1599,#1293,.T.);
#2019=EDGE_CURVE('',#1600,#1599,#833,.T.);
#2020=EDGE_CURVE('',#1601,#1600,#1294,.T.);
#2021=EDGE_CURVE('',#1602,#1601,#834,.T.);
#2022=EDGE_CURVE('',#1602,#1598,#1295,.T.);
#2023=EDGE_CURVE('',#1599,#1418,#835,.T.);
#2024=EDGE_CURVE('',#1419,#1602,#836,.T.);
#2025=EDGE_CURVE('',#1417,#1600,#837,.T.);
#2026=EDGE_CURVE('',#1503,#1600,#838,.T.);
#2027=EDGE_CURVE('',#1601,#1502,#839,.T.);
#2028=EDGE_CURVE('',#1601,#1420,#840,.T.);
#2029=EDGE_CURVE('',#1536,#1603,#841,.T.);
#2030=EDGE_CURVE('',#1603,#1604,#842,.T.);
#2031=EDGE_CURVE('',#1604,#1535,#843,.T.);
#2032=EDGE_CURVE('',#1542,#1605,#844,.T.);
#2033=EDGE_CURVE('',#1605,#1603,#1296,.T.);
#2034=EDGE_CURVE('',#1606,#1607,#1297,.T.);
#2035=EDGE_CURVE('',#1608,#1606,#845,.T.);
#2036=EDGE_CURVE('',#1609,#1608,#1298,.T.);
#2037=EDGE_CURVE('',#1610,#1609,#1299,.T.);
#2038=EDGE_CURVE('',#1604,#1610,#1300,.T.);
#2039=EDGE_CURVE('',#1607,#1605,#1301,.T.);
#2040=EDGE_CURVE('',#1611,#1611,#1302,.T.);
#2041=EDGE_CURVE('',#1612,#1612,#1303,.T.);
#2042=EDGE_CURVE('',#1613,#1613,#1304,.T.);
#2043=EDGE_CURVE('',#1614,#1614,#1305,.T.);
#2044=EDGE_CURVE('',#1615,#1615,#1306,.T.);
#2045=EDGE_CURVE('',#1616,#1616,#1307,.T.);
#2046=EDGE_CURVE('',#1617,#1617,#1308,.T.);
#2047=EDGE_CURVE('',#1618,#1618,#1309,.T.);
#2048=EDGE_CURVE('',#1619,#1619,#1310,.T.);
#2049=EDGE_CURVE('',#1620,#1620,#1311,.T.);
#2050=EDGE_CURVE('',#1607,#1541,#846,.T.);
#2051=EDGE_CURVE('',#1606,#1540,#847,.T.);
#2052=EDGE_CURVE('',#1539,#1608,#848,.T.);
#2053=EDGE_CURVE('',#1621,#1622,#1312,.T.);
#2054=EDGE_CURVE('',#1622,#1609,#849,.T.);
#2055=EDGE_CURVE('',#1623,#1538,#663,.T.);
#2056=EDGE_CURVE('',#1621,#1623,#850,.T.);
#2057=EDGE_CURVE('',#1621,#1624,#664,.T.);
#2058=EDGE_CURVE('',#1622,#1624,#851,.T.);
#2059=EDGE_CURVE('',#1625,#1626,#1313,.T.);
#2060=EDGE_CURVE('',#1627,#1626,#1314,.T.);
#2061=EDGE_CURVE('',#1627,#1628,#665,.T.);
#2062=EDGE_CURVE('',#1628,#1629,#852,.T.);
#2063=EDGE_CURVE('',#1622,#1629,#1315,.T.);
#2064=EDGE_CURVE('',#1624,#1630,#666,.T.);
#2065=EDGE_CURVE('',#1625,#1630,#1316,.T.);
#2066=EDGE_CURVE('',#1631,#1625,#853,.T.);
#2067=EDGE_CURVE('',#1632,#1631,#1317,.T.);
#2068=EDGE_CURVE('',#1633,#1632,#1318,.T.);
#2069=EDGE_CURVE('',#1634,#1633,#1319,.T.);
#2070=EDGE_CURVE('',#1626,#1634,#854,.T.);
#2071=EDGE_CURVE('',#1635,#1635,#1320,.T.);
#2072=EDGE_CURVE('',#1636,#1636,#1321,.T.);
#2073=EDGE_CURVE('',#1637,#1637,#1322,.T.);
#2074=EDGE_CURVE('',#1638,#1638,#1323,.T.);
#2075=EDGE_CURVE('',#1639,#1639,#1324,.T.);
#2076=EDGE_CURVE('',#1640,#1640,#1325,.T.);
#2077=EDGE_CURVE('',#1641,#1641,#1326,.T.);
#2078=EDGE_CURVE('',#1642,#1642,#1327,.T.);
#2079=EDGE_CURVE('',#1643,#1643,#1328,.T.);
#2080=EDGE_CURVE('',#1644,#1644,#1329,.T.);
#2081=EDGE_CURVE('',#1645,#1645,#1330,.T.);
#2082=EDGE_CURVE('',#1646,#1646,#1331,.T.);
#2083=EDGE_CURVE('',#1647,#1647,#1332,.T.);
#2084=EDGE_CURVE('',#1634,#1648,#855,.T.);
#2085=EDGE_CURVE('',#1648,#1649,#856,.T.);
#2086=EDGE_CURVE('',#1649,#1627,#857,.T.);
#2087=EDGE_CURVE('',#1649,#1650,#1333,.T.);
#2088=EDGE_CURVE('',#1650,#1651,#667,.T.);
#2089=EDGE_CURVE('',#1651,#1652,#858,.T.);
#2090=EDGE_CURVE('',#1652,#1628,#668,.T.);
#2091=EDGE_CURVE('',#1629,#1652,#1334,.T.);
#2092=EDGE_CURVE('',#1537,#1651,#669,.T.);
#2093=EDGE_CURVE('',#1610,#1629,#859,.T.);
#2094=EDGE_CURVE('',#1650,#1653,#1335,.T.);
#2095=EDGE_CURVE('',#1623,#1653,#670,.T.);
#2096=EDGE_CURVE('',#1653,#1654,#1336,.T.);
#2097=EDGE_CURVE('',#1630,#1654,#860,.T.);
#2098=EDGE_CURVE('',#1654,#1655,#861,.T.);
#2099=EDGE_CURVE('',#1655,#1631,#862,.T.);
#2100=EDGE_CURVE('',#1632,#1656,#863,.T.);
#2101=EDGE_CURVE('',#1655,#1656,#1337,.T.);
#2102=EDGE_CURVE('',#1657,#1633,#864,.T.);
#2103=EDGE_CURVE('',#1656,#1657,#1338,.T.);
#2104=EDGE_CURVE('',#1657,#1648,#1339,.T.);
#2105=EDGE_CURVE('',#1635,#1658,#865,.T.);
#2106=EDGE_CURVE('',#1658,#1658,#1340,.T.);
#2107=EDGE_CURVE('',#1658,#1659,#866,.T.);
#2108=EDGE_CURVE('',#1659,#1659,#1341,.T.);
#2109=EDGE_CURVE('',#1659,#1660,#867,.T.);
#2110=EDGE_CURVE('',#1660,#1660,#1342,.T.);
#2111=EDGE_CURVE('',#1661,#1661,#1343,.T.);
#2112=EDGE_CURVE('',#1662,#1662,#1344,.T.);
#2113=EDGE_CURVE('',#1663,#1663,#1345,.T.);
#2114=EDGE_CURVE('',#1664,#1664,#1346,.T.);
#2115=EDGE_CURVE('',#1665,#1665,#1347,.T.);
#2116=EDGE_CURVE('',#1666,#1666,#1348,.T.);
#2117=EDGE_CURVE('',#1667,#1667,#1349,.T.);
#2118=EDGE_CURVE('',#1668,#1668,#1350,.T.);
#2119=EDGE_CURVE('',#1669,#1669,#1351,.T.);
#2120=EDGE_CURVE('',#1670,#1670,#1352,.T.);
#2121=EDGE_CURVE('',#1671,#1671,#1353,.T.);
#2122=EDGE_CURVE('',#1672,#1672,#1354,.T.);
#2123=EDGE_CURVE('',#1673,#1673,#1355,.T.);
#2124=EDGE_CURVE('',#1674,#1674,#1356,.T.);
#2125=EDGE_CURVE('',#1674,#1661,#868,.T.);
#2126=EDGE_CURVE('',#1675,#1675,#1357,.T.);
#2127=EDGE_CURVE('',#1675,#1516,#869,.T.);
#2128=EDGE_CURVE('',#1676,#1676,#1358,.T.);
#2129=EDGE_CURVE('',#1676,#1662,#870,.T.);
#2130=EDGE_CURVE('',#1677,#1677,#1359,.T.);
#2131=EDGE_CURVE('',#1677,#1676,#871,.T.);
#2132=EDGE_CURVE('',#1636,#1677,#872,.T.);
#2133=EDGE_CURVE('',#1678,#1678,#1360,.T.);
#2134=EDGE_CURVE('',#1678,#1663,#873,.T.);
#2135=EDGE_CURVE('',#1679,#1679,#1361,.T.);
#2136=EDGE_CURVE('',#1679,#1678,#874,.T.);
#2137=EDGE_CURVE('',#1637,#1679,#875,.T.);
#2138=EDGE_CURVE('',#1680,#1680,#1362,.T.);
#2139=EDGE_CURVE('',#1680,#1664,#876,.T.);
#2140=EDGE_CURVE('',#1681,#1681,#1363,.T.);
#2141=EDGE_CURVE('',#1681,#1680,#877,.T.);
#2142=EDGE_CURVE('',#1638,#1681,#878,.T.);
#2143=EDGE_CURVE('',#1682,#1682,#1364,.T.);
#2144=EDGE_CURVE('',#1682,#1665,#879,.T.);
#2145=EDGE_CURVE('',#1683,#1683,#1365,.T.);
#2146=EDGE_CURVE('',#1683,#1682,#880,.T.);
#2147=EDGE_CURVE('',#1639,#1683,#881,.T.);
#2148=EDGE_CURVE('',#1684,#1684,#1366,.T.);
#2149=EDGE_CURVE('',#1684,#1666,#882,.T.);
#2150=EDGE_CURVE('',#1685,#1685,#1367,.T.);
#2151=EDGE_CURVE('',#1685,#1684,#883,.T.);
#2152=EDGE_CURVE('',#1640,#1685,#884,.T.);
#2153=EDGE_CURVE('',#1686,#1686,#1368,.T.);
#2154=EDGE_CURVE('',#1686,#1667,#885,.T.);
#2155=EDGE_CURVE('',#1687,#1687,#1369,.T.);
#2156=EDGE_CURVE('',#1687,#1686,#886,.T.);
#2157=EDGE_CURVE('',#1641,#1687,#887,.T.);
#2158=EDGE_CURVE('',#1688,#1688,#1370,.T.);
#2159=EDGE_CURVE('',#1688,#1668,#888,.T.);
#2160=EDGE_CURVE('',#1689,#1689,#1371,.T.);
#2161=EDGE_CURVE('',#1689,#1688,#889,.T.);
#2162=EDGE_CURVE('',#1642,#1689,#890,.T.);
#2163=EDGE_CURVE('',#1690,#1690,#1372,.T.);
#2164=EDGE_CURVE('',#1690,#1669,#891,.T.);
#2165=EDGE_CURVE('',#1691,#1691,#1373,.T.);
#2166=EDGE_CURVE('',#1691,#1690,#892,.T.);
#2167=EDGE_CURVE('',#1643,#1691,#893,.T.);
#2168=EDGE_CURVE('',#1692,#1692,#1374,.T.);
#2169=EDGE_CURVE('',#1692,#1670,#894,.T.);
#2170=EDGE_CURVE('',#1693,#1693,#1375,.T.);
#2171=EDGE_CURVE('',#1693,#1692,#895,.T.);
#2172=EDGE_CURVE('',#1644,#1693,#896,.T.);
#2173=EDGE_CURVE('',#1694,#1694,#1376,.T.);
#2174=EDGE_CURVE('',#1694,#1671,#897,.T.);
#2175=EDGE_CURVE('',#1695,#1695,#1377,.T.);
#2176=EDGE_CURVE('',#1695,#1694,#898,.T.);
#2177=EDGE_CURVE('',#1645,#1695,#899,.T.);
#2178=EDGE_CURVE('',#1696,#1696,#1378,.T.);
#2179=EDGE_CURVE('',#1696,#1672,#900,.T.);
#2180=EDGE_CURVE('',#1697,#1697,#1379,.T.);
#2181=EDGE_CURVE('',#1697,#1696,#901,.T.);
#2182=EDGE_CURVE('',#1646,#1697,#902,.T.);
#2183=EDGE_CURVE('',#1698,#1698,#1380,.T.);
#2184=EDGE_CURVE('',#1698,#1673,#903,.T.);
#2185=EDGE_CURVE('',#1699,#1699,#1381,.T.);
#2186=EDGE_CURVE('',#1699,#1647,#904,.T.);
#2187=EDGE_CURVE('',#1611,#1507,#905,.T.);
#2188=EDGE_CURVE('',#1612,#1508,#906,.T.);
#2189=EDGE_CURVE('',#1613,#1509,#907,.T.);
#2190=EDGE_CURVE('',#1614,#1510,#908,.T.);
#2191=EDGE_CURVE('',#1615,#1511,#909,.T.);
#2192=EDGE_CURVE('',#1616,#1512,#910,.T.);
#2193=EDGE_CURVE('',#1617,#1513,#911,.T.);
#2194=EDGE_CURVE('',#1618,#1514,#912,.T.);
#2195=EDGE_CURVE('',#1619,#1515,#913,.T.);
#2196=EDGE_CURVE('',#1620,#1506,#914,.T.);
#2197=EDGE_CURVE('',#1485,#1479,#915,.T.);
#2198=EDGE_CURVE('',#1700,#1700,#1382,.T.);
#2199=EDGE_CURVE('',#1700,#1701,#916,.T.);
#2200=EDGE_CURVE('',#1701,#1701,#1383,.T.);
#2201=EDGE_CURVE('',#1702,#1702,#1384,.T.);
#2202=EDGE_CURVE('',#1702,#1703,#917,.T.);
#2203=EDGE_CURVE('',#1703,#1703,#1385,.T.);
#2204=EDGE_CURVE('',#1704,#1704,#1386,.T.);
#2205=EDGE_CURVE('',#1704,#1705,#918,.T.);
#2206=EDGE_CURVE('',#1705,#1705,#1387,.T.);
#2207=EDGE_CURVE('',#1706,#1706,#1388,.T.);
#2208=EDGE_CURVE('',#1706,#1707,#919,.T.);
#2209=EDGE_CURVE('',#1707,#1707,#1389,.T.);
#2210=EDGE_CURVE('',#1708,#1708,#1390,.T.);
#2211=EDGE_CURVE('',#1708,#1709,#920,.T.);
#2212=EDGE_CURVE('',#1709,#1709,#1391,.T.);
#2213=EDGE_CURVE('',#1710,#1710,#1392,.T.);
#2214=EDGE_CURVE('',#1710,#1711,#921,.T.);
#2215=EDGE_CURVE('',#1711,#1711,#1393,.T.);
#2216=EDGE_CURVE('',#1712,#1712,#1394,.T.);
#2217=EDGE_CURVE('',#1712,#1713,#922,.T.);
#2218=EDGE_CURVE('',#1713,#1713,#1395,.T.);
#2219=EDGE_CURVE('',#1714,#1714,#1396,.T.);
#2220=EDGE_CURVE('',#1714,#1715,#923,.T.);
#2221=EDGE_CURVE('',#1715,#1715,#1397,.T.);
#2222=EDGE_CURVE('',#1716,#1716,#1398,.T.);
#2223=EDGE_CURVE('',#1716,#1717,#924,.T.);
#2224=EDGE_CURVE('',#1717,#1717,#1399,.T.);
#2225=EDGE_CURVE('',#1718,#1718,#1400,.T.);
#2226=EDGE_CURVE('',#1718,#1719,#925,.T.);
#2227=EDGE_CURVE('',#1719,#1719,#1401,.T.);
#2228=ORIENTED_EDGE('',*,*,#1720,.T.);
#2229=ORIENTED_EDGE('',*,*,#1721,.T.);
#2230=ORIENTED_EDGE('',*,*,#1722,.T.);
#2231=ORIENTED_EDGE('',*,*,#1723,.F.);
#2232=ORIENTED_EDGE('',*,*,#1724,.F.);
#2233=ORIENTED_EDGE('',*,*,#1725,.T.);
#2234=ORIENTED_EDGE('',*,*,#1726,.F.);
#2235=ORIENTED_EDGE('',*,*,#1727,.F.);
#2236=ORIENTED_EDGE('',*,*,#1728,.T.);
#2237=ORIENTED_EDGE('',*,*,#1729,.F.);
#2238=ORIENTED_EDGE('',*,*,#1730,.F.);
#2239=ORIENTED_EDGE('',*,*,#1731,.T.);
#2240=ORIENTED_EDGE('',*,*,#1732,.F.);
#2241=ORIENTED_EDGE('',*,*,#1733,.F.);
#2242=ORIENTED_EDGE('',*,*,#1734,.T.);
#2243=ORIENTED_EDGE('',*,*,#1735,.F.);
#2244=ORIENTED_EDGE('',*,*,#1736,.F.);
#2245=ORIENTED_EDGE('',*,*,#1737,.T.);
#2246=ORIENTED_EDGE('',*,*,#1738,.F.);
#2247=ORIENTED_EDGE('',*,*,#1739,.F.);
#2248=ORIENTED_EDGE('',*,*,#1740,.T.);
#2249=ORIENTED_EDGE('',*,*,#1741,.F.);
#2250=ORIENTED_EDGE('',*,*,#1742,.F.);
#2251=ORIENTED_EDGE('',*,*,#1743,.T.);
#2252=ORIENTED_EDGE('',*,*,#1744,.F.);
#2253=ORIENTED_EDGE('',*,*,#1745,.F.);
#2254=ORIENTED_EDGE('',*,*,#1746,.T.);
#2255=ORIENTED_EDGE('',*,*,#1747,.F.);
#2256=ORIENTED_EDGE('',*,*,#1748,.F.);
#2257=ORIENTED_EDGE('',*,*,#1749,.T.);
#2258=ORIENTED_EDGE('',*,*,#1750,.F.);
#2259=ORIENTED_EDGE('',*,*,#1751,.F.);
#2260=ORIENTED_EDGE('',*,*,#1752,.T.);
#2261=ORIENTED_EDGE('',*,*,#1753,.F.);
#2262=ORIENTED_EDGE('',*,*,#1754,.F.);
#2263=ORIENTED_EDGE('',*,*,#1755,.T.);
#2264=ORIENTED_EDGE('',*,*,#1756,.F.);
#2265=ORIENTED_EDGE('',*,*,#1757,.F.);
#2266=ORIENTED_EDGE('',*,*,#1758,.T.);
#2267=ORIENTED_EDGE('',*,*,#1759,.F.);
#2268=ORIENTED_EDGE('',*,*,#1760,.F.);
#2269=ORIENTED_EDGE('',*,*,#1761,.T.);
#2270=ORIENTED_EDGE('',*,*,#1762,.F.);
#2271=ORIENTED_EDGE('',*,*,#1763,.F.);
#2272=ORIENTED_EDGE('',*,*,#1764,.T.);
#2273=ORIENTED_EDGE('',*,*,#1765,.F.);
#2274=ORIENTED_EDGE('',*,*,#1766,.F.);
#2275=ORIENTED_EDGE('',*,*,#1767,.T.);
#2276=ORIENTED_EDGE('',*,*,#1768,.F.);
#2277=ORIENTED_EDGE('',*,*,#1769,.F.);
#2278=ORIENTED_EDGE('',*,*,#1770,.T.);
#2279=ORIENTED_EDGE('',*,*,#1771,.F.);
#2280=ORIENTED_EDGE('',*,*,#1772,.F.);
#2281=ORIENTED_EDGE('',*,*,#1773,.T.);
#2282=ORIENTED_EDGE('',*,*,#1774,.F.);
#2283=ORIENTED_EDGE('',*,*,#1775,.F.);
#2284=ORIENTED_EDGE('',*,*,#1776,.T.);
#2285=ORIENTED_EDGE('',*,*,#1777,.F.);
#2286=ORIENTED_EDGE('',*,*,#1778,.F.);
#2287=ORIENTED_EDGE('',*,*,#1779,.T.);
#2288=ORIENTED_EDGE('',*,*,#1780,.F.);
#2289=ORIENTED_EDGE('',*,*,#1781,.F.);
#2290=ORIENTED_EDGE('',*,*,#1782,.T.);
#2291=ORIENTED_EDGE('',*,*,#1783,.F.);
#2292=ORIENTED_EDGE('',*,*,#1784,.F.);
#2293=ORIENTED_EDGE('',*,*,#1785,.T.);
#2294=ORIENTED_EDGE('',*,*,#1786,.F.);
#2295=ORIENTED_EDGE('',*,*,#1787,.F.);
#2296=ORIENTED_EDGE('',*,*,#1788,.T.);
#2297=ORIENTED_EDGE('',*,*,#1789,.F.);
#2298=ORIENTED_EDGE('',*,*,#1790,.F.);
#2299=ORIENTED_EDGE('',*,*,#1791,.T.);
#2300=ORIENTED_EDGE('',*,*,#1792,.F.);
#2301=ORIENTED_EDGE('',*,*,#1793,.F.);
#2302=ORIENTED_EDGE('',*,*,#1794,.T.);
#2303=ORIENTED_EDGE('',*,*,#1721,.F.);
#2304=ORIENTED_EDGE('',*,*,#1795,.F.);
#2305=ORIENTED_EDGE('',*,*,#1796,.F.);
#2306=ORIENTED_EDGE('',*,*,#1797,.F.);
#2307=ORIENTED_EDGE('',*,*,#1798,.F.);
#2308=ORIENTED_EDGE('',*,*,#1791,.F.);
#2309=ORIENTED_EDGE('',*,*,#1795,.T.);
#2310=ORIENTED_EDGE('',*,*,#1790,.T.);
#2311=ORIENTED_EDGE('',*,*,#1799,.T.);
#2312=ORIENTED_EDGE('',*,*,#1800,.T.);
#2313=ORIENTED_EDGE('',*,*,#1801,.F.);
#2314=ORIENTED_EDGE('',*,*,#1802,.T.);
#2315=ORIENTED_EDGE('',*,*,#1796,.T.);
#2316=ORIENTED_EDGE('',*,*,#1800,.F.);
#2317=ORIENTED_EDGE('',*,*,#1803,.F.);
#2318=ORIENTED_EDGE('',*,*,#1804,.F.);
#2319=ORIENTED_EDGE('',*,*,#1797,.T.);
#2320=ORIENTED_EDGE('',*,*,#1802,.F.);
#2321=ORIENTED_EDGE('',*,*,#1805,.T.);
#2322=ORIENTED_EDGE('',*,*,#1792,.T.);
#2323=ORIENTED_EDGE('',*,*,#1798,.T.);
#2324=ORIENTED_EDGE('',*,*,#1804,.T.);
#2325=ORIENTED_EDGE('',*,*,#1805,.F.);
#2326=ORIENTED_EDGE('',*,*,#1806,.T.);
#2327=ORIENTED_EDGE('',*,*,#1807,.T.);
#2328=ORIENTED_EDGE('',*,*,#1793,.T.);
#2329=ORIENTED_EDGE('',*,*,#1808,.F.);
#2330=ORIENTED_EDGE('',*,*,#1809,.F.);
#2331=ORIENTED_EDGE('',*,*,#1810,.F.);
#2332=ORIENTED_EDGE('',*,*,#1722,.F.);
#2333=ORIENTED_EDGE('',*,*,#1794,.F.);
#2334=ORIENTED_EDGE('',*,*,#1807,.F.);
#2335=ORIENTED_EDGE('',*,*,#1811,.F.);
#2336=ORIENTED_EDGE('',*,*,#1812,.F.);
#2337=ORIENTED_EDGE('',*,*,#1788,.F.);
#2338=ORIENTED_EDGE('',*,*,#1813,.F.);
#2339=ORIENTED_EDGE('',*,*,#1814,.F.);
#2340=ORIENTED_EDGE('',*,*,#1815,.F.);
#2341=ORIENTED_EDGE('',*,*,#1782,.F.);
#2342=ORIENTED_EDGE('',*,*,#1816,.F.);
#2343=ORIENTED_EDGE('',*,*,#1817,.F.);
#2344=ORIENTED_EDGE('',*,*,#1818,.F.);
#2345=ORIENTED_EDGE('',*,*,#1776,.F.);
#2346=ORIENTED_EDGE('',*,*,#1819,.F.);
#2347=ORIENTED_EDGE('',*,*,#1820,.F.);
#2348=ORIENTED_EDGE('',*,*,#1821,.F.);
#2349=ORIENTED_EDGE('',*,*,#1770,.F.);
#2350=ORIENTED_EDGE('',*,*,#1822,.F.);
#2351=ORIENTED_EDGE('',*,*,#1823,.F.);
#2352=ORIENTED_EDGE('',*,*,#1824,.F.);
#2353=ORIENTED_EDGE('',*,*,#1764,.F.);
#2354=ORIENTED_EDGE('',*,*,#1825,.F.);
#2355=ORIENTED_EDGE('',*,*,#1826,.F.);
#2356=ORIENTED_EDGE('',*,*,#1827,.F.);
#2357=ORIENTED_EDGE('',*,*,#1758,.F.);
#2358=ORIENTED_EDGE('',*,*,#1828,.F.);
#2359=ORIENTED_EDGE('',*,*,#1829,.F.);
#2360=ORIENTED_EDGE('',*,*,#1830,.F.);
#2361=ORIENTED_EDGE('',*,*,#1752,.F.);
#2362=ORIENTED_EDGE('',*,*,#1831,.F.);
#2363=ORIENTED_EDGE('',*,*,#1832,.F.);
#2364=ORIENTED_EDGE('',*,*,#1833,.F.);
#2365=ORIENTED_EDGE('',*,*,#1746,.F.);
#2366=ORIENTED_EDGE('',*,*,#1834,.F.);
#2367=ORIENTED_EDGE('',*,*,#1835,.F.);
#2368=ORIENTED_EDGE('',*,*,#1836,.F.);
#2369=ORIENTED_EDGE('',*,*,#1740,.F.);
#2370=ORIENTED_EDGE('',*,*,#1837,.F.);
#2371=ORIENTED_EDGE('',*,*,#1838,.F.);
#2372=ORIENTED_EDGE('',*,*,#1839,.F.);
#2373=ORIENTED_EDGE('',*,*,#1734,.F.);
#2374=ORIENTED_EDGE('',*,*,#1840,.F.);
#2375=ORIENTED_EDGE('',*,*,#1841,.F.);
#2376=ORIENTED_EDGE('',*,*,#1842,.F.);
#2377=ORIENTED_EDGE('',*,*,#1728,.F.);
#2378=ORIENTED_EDGE('',*,*,#1843,.F.);
#2379=ORIENTED_EDGE('',*,*,#1844,.F.);
#2380=ORIENTED_EDGE('',*,*,#1845,.F.);
#2381=ORIENTED_EDGE('',*,*,#1846,.F.);
#2382=ORIENTED_EDGE('',*,*,#1847,.F.);
#2383=ORIENTED_EDGE('',*,*,#1848,.F.);
#2384=ORIENTED_EDGE('',*,*,#1849,.F.);
#2385=ORIENTED_EDGE('',*,*,#1850,.F.);
#2386=ORIENTED_EDGE('',*,*,#1851,.F.);
#2387=ORIENTED_EDGE('',*,*,#1852,.F.);
#2388=ORIENTED_EDGE('',*,*,#1853,.F.);
#2389=ORIENTED_EDGE('',*,*,#1854,.F.);
#2390=ORIENTED_EDGE('',*,*,#1855,.T.);
#2391=ORIENTED_EDGE('',*,*,#1808,.T.);
#2392=ORIENTED_EDGE('',*,*,#1727,.T.);
#2393=ORIENTED_EDGE('',*,*,#1854,.T.);
#2394=ORIENTED_EDGE('',*,*,#1726,.T.);
#2395=ORIENTED_EDGE('',*,*,#1856,.T.);
#2396=ORIENTED_EDGE('',*,*,#1857,.T.);
#2397=ORIENTED_EDGE('',*,*,#1858,.F.);
#2398=ORIENTED_EDGE('',*,*,#1859,.T.);
#2399=ORIENTED_EDGE('',*,*,#1860,.T.);
#2400=ORIENTED_EDGE('',*,*,#1861,.F.);
#2401=ORIENTED_EDGE('',*,*,#1862,.F.);
#2402=ORIENTED_EDGE('',*,*,#1857,.F.);
#2403=ORIENTED_EDGE('',*,*,#1863,.T.);
#2404=ORIENTED_EDGE('',*,*,#1859,.F.);
#2405=ORIENTED_EDGE('',*,*,#1864,.F.);
#2406=ORIENTED_EDGE('',*,*,#1860,.F.);
#2407=ORIENTED_EDGE('',*,*,#1863,.F.);
#2408=ORIENTED_EDGE('',*,*,#1856,.F.);
#2409=ORIENTED_EDGE('',*,*,#1725,.F.);
#2410=ORIENTED_EDGE('',*,*,#1864,.T.);
#2411=ORIENTED_EDGE('',*,*,#1724,.T.);
#2412=ORIENTED_EDGE('',*,*,#1865,.T.);
#2413=ORIENTED_EDGE('',*,*,#1861,.T.);
#2414=ORIENTED_EDGE('',*,*,#1865,.F.);
#2415=ORIENTED_EDGE('',*,*,#1723,.T.);
#2416=ORIENTED_EDGE('',*,*,#1810,.T.);
#2417=ORIENTED_EDGE('',*,*,#1866,.T.);
#2418=ORIENTED_EDGE('',*,*,#1862,.T.);
#2419=ORIENTED_EDGE('',*,*,#1866,.F.);
#2420=ORIENTED_EDGE('',*,*,#1809,.T.);
#2421=ORIENTED_EDGE('',*,*,#1855,.F.);
#2422=ORIENTED_EDGE('',*,*,#1720,.F.);
#2423=ORIENTED_EDGE('',*,*,#1867,.F.);
#2424=ORIENTED_EDGE('',*,*,#1868,.F.);
#2425=ORIENTED_EDGE('',*,*,#1869,.F.);
#2426=ORIENTED_EDGE('',*,*,#1870,.F.);
#2427=ORIENTED_EDGE('',*,*,#1871,.F.);
#2428=ORIENTED_EDGE('',*,*,#1872,.F.);
#2429=ORIENTED_EDGE('',*,*,#1873,.F.);
#2430=ORIENTED_EDGE('',*,*,#1874,.F.);
#2431=ORIENTED_EDGE('',*,*,#1875,.F.);
#2432=ORIENTED_EDGE('',*,*,#1876,.F.);
#2433=ORIENTED_EDGE('',*,*,#1877,.F.);
#2434=ORIENTED_EDGE('',*,*,#1878,.F.);
#2435=ORIENTED_EDGE('',*,*,#1879,.F.);
#2436=ORIENTED_EDGE('',*,*,#1880,.F.);
#2437=ORIENTED_EDGE('',*,*,#1881,.F.);
#2438=ORIENTED_EDGE('',*,*,#1882,.F.);
#2439=ORIENTED_EDGE('',*,*,#1883,.F.);
#2440=ORIENTED_EDGE('',*,*,#1884,.F.);
#2441=ORIENTED_EDGE('',*,*,#1885,.F.);
#2442=ORIENTED_EDGE('',*,*,#1886,.F.);
#2443=ORIENTED_EDGE('',*,*,#1867,.T.);
#2444=ORIENTED_EDGE('',*,*,#1887,.T.);
#2445=ORIENTED_EDGE('',*,*,#1888,.T.);
#2446=ORIENTED_EDGE('',*,*,#1887,.F.);
#2447=ORIENTED_EDGE('',*,*,#1888,.F.);
#2448=ORIENTED_EDGE('',*,*,#1889,.T.);
#2449=ORIENTED_EDGE('',*,*,#1890,.T.);
#2450=ORIENTED_EDGE('',*,*,#1891,.F.);
#2451=ORIENTED_EDGE('',*,*,#1892,.F.);
#2452=ORIENTED_EDGE('',*,*,#1893,.F.);
#2453=ORIENTED_EDGE('',*,*,#1894,.T.);
#2454=ORIENTED_EDGE('',*,*,#1889,.F.);
#2455=ORIENTED_EDGE('',*,*,#1895,.F.);
#2456=ORIENTED_EDGE('',*,*,#1890,.F.);
#2457=ORIENTED_EDGE('',*,*,#1894,.F.);
#2458=ORIENTED_EDGE('',*,*,#1896,.F.);
#2459=ORIENTED_EDGE('',*,*,#1731,.F.);
#2460=ORIENTED_EDGE('',*,*,#1895,.T.);
#2461=ORIENTED_EDGE('',*,*,#1730,.T.);
#2462=ORIENTED_EDGE('',*,*,#1897,.T.);
#2463=ORIENTED_EDGE('',*,*,#1891,.T.);
#2464=ORIENTED_EDGE('',*,*,#1897,.F.);
#2465=ORIENTED_EDGE('',*,*,#1729,.T.);
#2466=ORIENTED_EDGE('',*,*,#1842,.T.);
#2467=ORIENTED_EDGE('',*,*,#1898,.T.);
#2468=ORIENTED_EDGE('',*,*,#1892,.T.);
#2469=ORIENTED_EDGE('',*,*,#1898,.F.);
#2470=ORIENTED_EDGE('',*,*,#1841,.T.);
#2471=ORIENTED_EDGE('',*,*,#1899,.F.);
#2472=ORIENTED_EDGE('',*,*,#1900,.F.);
#2473=ORIENTED_EDGE('',*,*,#1899,.T.);
#2474=ORIENTED_EDGE('',*,*,#1840,.T.);
#2475=ORIENTED_EDGE('',*,*,#1733,.T.);
#2476=ORIENTED_EDGE('',*,*,#1900,.T.);
#2477=ORIENTED_EDGE('',*,*,#1732,.T.);
#2478=ORIENTED_EDGE('',*,*,#1896,.T.);
#2479=ORIENTED_EDGE('',*,*,#1893,.T.);
#2480=ORIENTED_EDGE('',*,*,#1868,.T.);
#2481=ORIENTED_EDGE('',*,*,#1901,.T.);
#2482=ORIENTED_EDGE('',*,*,#1902,.T.);
#2483=ORIENTED_EDGE('',*,*,#1901,.F.);
#2484=ORIENTED_EDGE('',*,*,#1902,.F.);
#2485=ORIENTED_EDGE('',*,*,#1903,.T.);
#2486=ORIENTED_EDGE('',*,*,#1904,.T.);
#2487=ORIENTED_EDGE('',*,*,#1905,.F.);
#2488=ORIENTED_EDGE('',*,*,#1906,.F.);
#2489=ORIENTED_EDGE('',*,*,#1907,.F.);
#2490=ORIENTED_EDGE('',*,*,#1908,.T.);
#2491=ORIENTED_EDGE('',*,*,#1903,.F.);
#2492=ORIENTED_EDGE('',*,*,#1909,.F.);
#2493=ORIENTED_EDGE('',*,*,#1904,.F.);
#2494=ORIENTED_EDGE('',*,*,#1908,.F.);
#2495=ORIENTED_EDGE('',*,*,#1910,.F.);
#2496=ORIENTED_EDGE('',*,*,#1767,.F.);
#2497=ORIENTED_EDGE('',*,*,#1909,.T.);
#2498=ORIENTED_EDGE('',*,*,#1766,.T.);
#2499=ORIENTED_EDGE('',*,*,#1911,.T.);
#2500=ORIENTED_EDGE('',*,*,#1905,.T.);
#2501=ORIENTED_EDGE('',*,*,#1911,.F.);
#2502=ORIENTED_EDGE('',*,*,#1765,.T.);
#2503=ORIENTED_EDGE('',*,*,#1824,.T.);
#2504=ORIENTED_EDGE('',*,*,#1912,.T.);
#2505=ORIENTED_EDGE('',*,*,#1906,.T.);
#2506=ORIENTED_EDGE('',*,*,#1912,.F.);
#2507=ORIENTED_EDGE('',*,*,#1823,.T.);
#2508=ORIENTED_EDGE('',*,*,#1913,.F.);
#2509=ORIENTED_EDGE('',*,*,#1914,.F.);
#2510=ORIENTED_EDGE('',*,*,#1913,.T.);
#2511=ORIENTED_EDGE('',*,*,#1822,.T.);
#2512=ORIENTED_EDGE('',*,*,#1769,.T.);
#2513=ORIENTED_EDGE('',*,*,#1914,.T.);
#2514=ORIENTED_EDGE('',*,*,#1768,.T.);
#2515=ORIENTED_EDGE('',*,*,#1910,.T.);
#2516=ORIENTED_EDGE('',*,*,#1907,.T.);
#2517=ORIENTED_EDGE('',*,*,#1869,.T.);
#2518=ORIENTED_EDGE('',*,*,#1915,.T.);
#2519=ORIENTED_EDGE('',*,*,#1858,.T.);
#2520=ORIENTED_EDGE('',*,*,#1915,.F.);
#2521=ORIENTED_EDGE('',*,*,#1870,.T.);
#2522=ORIENTED_EDGE('',*,*,#1916,.T.);
#2523=ORIENTED_EDGE('',*,*,#1801,.T.);
#2524=ORIENTED_EDGE('',*,*,#1916,.F.);
#2525=ORIENTED_EDGE('',*,*,#1871,.T.);
#2526=ORIENTED_EDGE('',*,*,#1917,.T.);
#2527=ORIENTED_EDGE('',*,*,#1918,.T.);
#2528=ORIENTED_EDGE('',*,*,#1917,.F.);
#2529=ORIENTED_EDGE('',*,*,#1918,.F.);
#2530=ORIENTED_EDGE('',*,*,#1919,.T.);
#2531=ORIENTED_EDGE('',*,*,#1920,.T.);
#2532=ORIENTED_EDGE('',*,*,#1921,.F.);
#2533=ORIENTED_EDGE('',*,*,#1922,.F.);
#2534=ORIENTED_EDGE('',*,*,#1923,.F.);
#2535=ORIENTED_EDGE('',*,*,#1924,.T.);
#2536=ORIENTED_EDGE('',*,*,#1919,.F.);
#2537=ORIENTED_EDGE('',*,*,#1925,.F.);
#2538=ORIENTED_EDGE('',*,*,#1920,.F.);
#2539=ORIENTED_EDGE('',*,*,#1924,.F.);
#2540=ORIENTED_EDGE('',*,*,#1926,.F.);
#2541=ORIENTED_EDGE('',*,*,#1785,.F.);
#2542=ORIENTED_EDGE('',*,*,#1925,.T.);
#2543=ORIENTED_EDGE('',*,*,#1784,.T.);
#2544=ORIENTED_EDGE('',*,*,#1927,.T.);
#2545=ORIENTED_EDGE('',*,*,#1921,.T.);
#2546=ORIENTED_EDGE('',*,*,#1927,.F.);
#2547=ORIENTED_EDGE('',*,*,#1783,.T.);
#2548=ORIENTED_EDGE('',*,*,#1815,.T.);
#2549=ORIENTED_EDGE('',*,*,#1928,.T.);
#2550=ORIENTED_EDGE('',*,*,#1922,.T.);
#2551=ORIENTED_EDGE('',*,*,#1928,.F.);
#2552=ORIENTED_EDGE('',*,*,#1814,.T.);
#2553=ORIENTED_EDGE('',*,*,#1929,.F.);
#2554=ORIENTED_EDGE('',*,*,#1930,.F.);
#2555=ORIENTED_EDGE('',*,*,#1929,.T.);
#2556=ORIENTED_EDGE('',*,*,#1813,.T.);
#2557=ORIENTED_EDGE('',*,*,#1787,.T.);
#2558=ORIENTED_EDGE('',*,*,#1930,.T.);
#2559=ORIENTED_EDGE('',*,*,#1786,.T.);
#2560=ORIENTED_EDGE('',*,*,#1926,.T.);
#2561=ORIENTED_EDGE('',*,*,#1923,.T.);
#2562=ORIENTED_EDGE('',*,*,#1872,.T.);
#2563=ORIENTED_EDGE('',*,*,#1931,.T.);
#2564=ORIENTED_EDGE('',*,*,#1932,.T.);
#2565=ORIENTED_EDGE('',*,*,#1931,.F.);
#2566=ORIENTED_EDGE('',*,*,#1932,.F.);
#2567=ORIENTED_EDGE('',*,*,#1933,.T.);
#2568=ORIENTED_EDGE('',*,*,#1934,.T.);
#2569=ORIENTED_EDGE('',*,*,#1935,.F.);
#2570=ORIENTED_EDGE('',*,*,#1936,.F.);
#2571=ORIENTED_EDGE('',*,*,#1937,.F.);
#2572=ORIENTED_EDGE('',*,*,#1938,.T.);
#2573=ORIENTED_EDGE('',*,*,#1933,.F.);
#2574=ORIENTED_EDGE('',*,*,#1939,.F.);
#2575=ORIENTED_EDGE('',*,*,#1934,.F.);
#2576=ORIENTED_EDGE('',*,*,#1938,.F.);
#2577=ORIENTED_EDGE('',*,*,#1940,.F.);
#2578=ORIENTED_EDGE('',*,*,#1779,.F.);
#2579=ORIENTED_EDGE('',*,*,#1939,.T.);
#2580=ORIENTED_EDGE('',*,*,#1778,.T.);
#2581=ORIENTED_EDGE('',*,*,#1941,.T.);
#2582=ORIENTED_EDGE('',*,*,#1935,.T.);
#2583=ORIENTED_EDGE('',*,*,#1941,.F.);
#2584=ORIENTED_EDGE('',*,*,#1777,.T.);
#2585=ORIENTED_EDGE('',*,*,#1818,.T.);
#2586=ORIENTED_EDGE('',*,*,#1942,.T.);
#2587=ORIENTED_EDGE('',*,*,#1936,.T.);
#2588=ORIENTED_EDGE('',*,*,#1942,.F.);
#2589=ORIENTED_EDGE('',*,*,#1817,.T.);
#2590=ORIENTED_EDGE('',*,*,#1943,.F.);
#2591=ORIENTED_EDGE('',*,*,#1944,.F.);
#2592=ORIENTED_EDGE('',*,*,#1943,.T.);
#2593=ORIENTED_EDGE('',*,*,#1816,.T.);
#2594=ORIENTED_EDGE('',*,*,#1781,.T.);
#2595=ORIENTED_EDGE('',*,*,#1944,.T.);
#2596=ORIENTED_EDGE('',*,*,#1780,.T.);
#2597=ORIENTED_EDGE('',*,*,#1940,.T.);
#2598=ORIENTED_EDGE('',*,*,#1937,.T.);
#2599=ORIENTED_EDGE('',*,*,#1873,.T.);
#2600=ORIENTED_EDGE('',*,*,#1945,.T.);
#2601=ORIENTED_EDGE('',*,*,#1946,.T.);
#2602=ORIENTED_EDGE('',*,*,#1945,.F.);
#2603=ORIENTED_EDGE('',*,*,#1946,.F.);
#2604=ORIENTED_EDGE('',*,*,#1947,.T.);
#2605=ORIENTED_EDGE('',*,*,#1948,.T.);
#2606=ORIENTED_EDGE('',*,*,#1949,.F.);
#2607=ORIENTED_EDGE('',*,*,#1950,.F.);
#2608=ORIENTED_EDGE('',*,*,#1951,.F.);
#2609=ORIENTED_EDGE('',*,*,#1952,.T.);
#2610=ORIENTED_EDGE('',*,*,#1947,.F.);
#2611=ORIENTED_EDGE('',*,*,#1953,.F.);
#2612=ORIENTED_EDGE('',*,*,#1948,.F.);
#2613=ORIENTED_EDGE('',*,*,#1952,.F.);
#2614=ORIENTED_EDGE('',*,*,#1954,.F.);
#2615=ORIENTED_EDGE('',*,*,#1773,.F.);
#2616=ORIENTED_EDGE('',*,*,#1953,.T.);
#2617=ORIENTED_EDGE('',*,*,#1772,.T.);
#2618=ORIENTED_EDGE('',*,*,#1955,.T.);
#2619=ORIENTED_EDGE('',*,*,#1949,.T.);
#2620=ORIENTED_EDGE('',*,*,#1955,.F.);
#2621=ORIENTED_EDGE('',*,*,#1771,.T.);
#2622=ORIENTED_EDGE('',*,*,#1821,.T.);
#2623=ORIENTED_EDGE('',*,*,#1956,.T.);
#2624=ORIENTED_EDGE('',*,*,#1950,.T.);
#2625=ORIENTED_EDGE('',*,*,#1956,.F.);
#2626=ORIENTED_EDGE('',*,*,#1820,.T.);
#2627=ORIENTED_EDGE('',*,*,#1957,.F.);
#2628=ORIENTED_EDGE('',*,*,#1958,.F.);
#2629=ORIENTED_EDGE('',*,*,#1957,.T.);
#2630=ORIENTED_EDGE('',*,*,#1819,.T.);
#2631=ORIENTED_EDGE('',*,*,#1775,.T.);
#2632=ORIENTED_EDGE('',*,*,#1958,.T.);
#2633=ORIENTED_EDGE('',*,*,#1774,.T.);
#2634=ORIENTED_EDGE('',*,*,#1954,.T.);
#2635=ORIENTED_EDGE('',*,*,#1951,.T.);
#2636=ORIENTED_EDGE('',*,*,#1874,.T.);
#2637=ORIENTED_EDGE('',*,*,#1959,.T.);
#2638=ORIENTED_EDGE('',*,*,#1960,.T.);
#2639=ORIENTED_EDGE('',*,*,#1959,.F.);
#2640=ORIENTED_EDGE('',*,*,#1960,.F.);
#2641=ORIENTED_EDGE('',*,*,#1961,.T.);
#2642=ORIENTED_EDGE('',*,*,#1962,.T.);
#2643=ORIENTED_EDGE('',*,*,#1963,.F.);
#2644=ORIENTED_EDGE('',*,*,#1964,.F.);
#2645=ORIENTED_EDGE('',*,*,#1965,.F.);
#2646=ORIENTED_EDGE('',*,*,#1966,.T.);
#2647=ORIENTED_EDGE('',*,*,#1961,.F.);
#2648=ORIENTED_EDGE('',*,*,#1967,.F.);
#2649=ORIENTED_EDGE('',*,*,#1962,.F.);
#2650=ORIENTED_EDGE('',*,*,#1966,.F.);
#2651=ORIENTED_EDGE('',*,*,#1968,.F.);
#2652=ORIENTED_EDGE('',*,*,#1761,.F.);
#2653=ORIENTED_EDGE('',*,*,#1967,.T.);
#2654=ORIENTED_EDGE('',*,*,#1760,.T.);
#2655=ORIENTED_EDGE('',*,*,#1969,.T.);
#2656=ORIENTED_EDGE('',*,*,#1963,.T.);
#2657=ORIENTED_EDGE('',*,*,#1969,.F.);
#2658=ORIENTED_EDGE('',*,*,#1759,.T.);
#2659=ORIENTED_EDGE('',*,*,#1827,.T.);
#2660=ORIENTED_EDGE('',*,*,#1970,.T.);
#2661=ORIENTED_EDGE('',*,*,#1964,.T.);
#2662=ORIENTED_EDGE('',*,*,#1970,.F.);
#2663=ORIENTED_EDGE('',*,*,#1826,.T.);
#2664=ORIENTED_EDGE('',*,*,#1971,.F.);
#2665=ORIENTED_EDGE('',*,*,#1972,.F.);
#2666=ORIENTED_EDGE('',*,*,#1971,.T.);
#2667=ORIENTED_EDGE('',*,*,#1825,.T.);
#2668=ORIENTED_EDGE('',*,*,#1763,.T.);
#2669=ORIENTED_EDGE('',*,*,#1972,.T.);
#2670=ORIENTED_EDGE('',*,*,#1762,.T.);
#2671=ORIENTED_EDGE('',*,*,#1968,.T.);
#2672=ORIENTED_EDGE('',*,*,#1965,.T.);
#2673=ORIENTED_EDGE('',*,*,#1875,.T.);
#2674=ORIENTED_EDGE('',*,*,#1973,.T.);
#2675=ORIENTED_EDGE('',*,*,#1974,.T.);
#2676=ORIENTED_EDGE('',*,*,#1973,.F.);
#2677=ORIENTED_EDGE('',*,*,#1974,.F.);
#2678=ORIENTED_EDGE('',*,*,#1975,.T.);
#2679=ORIENTED_EDGE('',*,*,#1976,.T.);
#2680=ORIENTED_EDGE('',*,*,#1977,.F.);
#2681=ORIENTED_EDGE('',*,*,#1978,.F.);
#2682=ORIENTED_EDGE('',*,*,#1979,.F.);
#2683=ORIENTED_EDGE('',*,*,#1980,.T.);
#2684=ORIENTED_EDGE('',*,*,#1975,.F.);
#2685=ORIENTED_EDGE('',*,*,#1981,.F.);
#2686=ORIENTED_EDGE('',*,*,#1976,.F.);
#2687=ORIENTED_EDGE('',*,*,#1980,.F.);
#2688=ORIENTED_EDGE('',*,*,#1982,.F.);
#2689=ORIENTED_EDGE('',*,*,#1755,.F.);
#2690=ORIENTED_EDGE('',*,*,#1981,.T.);
#2691=ORIENTED_EDGE('',*,*,#1754,.T.);
#2692=ORIENTED_EDGE('',*,*,#1983,.T.);
#2693=ORIENTED_EDGE('',*,*,#1977,.T.);
#2694=ORIENTED_EDGE('',*,*,#1983,.F.);
#2695=ORIENTED_EDGE('',*,*,#1753,.T.);
#2696=ORIENTED_EDGE('',*,*,#1830,.T.);
#2697=ORIENTED_EDGE('',*,*,#1984,.T.);
#2698=ORIENTED_EDGE('',*,*,#1978,.T.);
#2699=ORIENTED_EDGE('',*,*,#1984,.F.);
#2700=ORIENTED_EDGE('',*,*,#1829,.T.);
#2701=ORIENTED_EDGE('',*,*,#1985,.F.);
#2702=ORIENTED_EDGE('',*,*,#1986,.F.);
#2703=ORIENTED_EDGE('',*,*,#1985,.T.);
#2704=ORIENTED_EDGE('',*,*,#1828,.T.);
#2705=ORIENTED_EDGE('',*,*,#1757,.T.);
#2706=ORIENTED_EDGE('',*,*,#1986,.T.);
#2707=ORIENTED_EDGE('',*,*,#1756,.T.);
#2708=ORIENTED_EDGE('',*,*,#1982,.T.);
#2709=ORIENTED_EDGE('',*,*,#1979,.T.);
#2710=ORIENTED_EDGE('',*,*,#1876,.T.);
#2711=ORIENTED_EDGE('',*,*,#1987,.T.);
#2712=ORIENTED_EDGE('',*,*,#1988,.T.);
#2713=ORIENTED_EDGE('',*,*,#1987,.F.);
#2714=ORIENTED_EDGE('',*,*,#1988,.F.);
#2715=ORIENTED_EDGE('',*,*,#1989,.T.);
#2716=ORIENTED_EDGE('',*,*,#1990,.T.);
#2717=ORIENTED_EDGE('',*,*,#1991,.F.);
#2718=ORIENTED_EDGE('',*,*,#1992,.F.);
#2719=ORIENTED_EDGE('',*,*,#1993,.F.);
#2720=ORIENTED_EDGE('',*,*,#1994,.T.);
#2721=ORIENTED_EDGE('',*,*,#1989,.F.);
#2722=ORIENTED_EDGE('',*,*,#1995,.F.);
#2723=ORIENTED_EDGE('',*,*,#1990,.F.);
#2724=ORIENTED_EDGE('',*,*,#1994,.F.);
#2725=ORIENTED_EDGE('',*,*,#1996,.F.);
#2726=ORIENTED_EDGE('',*,*,#1749,.F.);
#2727=ORIENTED_EDGE('',*,*,#1995,.T.);
#2728=ORIENTED_EDGE('',*,*,#1748,.T.);
#2729=ORIENTED_EDGE('',*,*,#1997,.T.);
#2730=ORIENTED_EDGE('',*,*,#1991,.T.);
#2731=ORIENTED_EDGE('',*,*,#1997,.F.);
#2732=ORIENTED_EDGE('',*,*,#1747,.T.);
#2733=ORIENTED_EDGE('',*,*,#1833,.T.);
#2734=ORIENTED_EDGE('',*,*,#1998,.T.);
#2735=ORIENTED_EDGE('',*,*,#1992,.T.);
#2736=ORIENTED_EDGE('',*,*,#1998,.F.);
#2737=ORIENTED_EDGE('',*,*,#1832,.T.);
#2738=ORIENTED_EDGE('',*,*,#1999,.F.);
#2739=ORIENTED_EDGE('',*,*,#2000,.F.);
#2740=ORIENTED_EDGE('',*,*,#1999,.T.);
#2741=ORIENTED_EDGE('',*,*,#1831,.T.);
#2742=ORIENTED_EDGE('',*,*,#1751,.T.);
#2743=ORIENTED_EDGE('',*,*,#2000,.T.);
#2744=ORIENTED_EDGE('',*,*,#1750,.T.);
#2745=ORIENTED_EDGE('',*,*,#1996,.T.);
#2746=ORIENTED_EDGE('',*,*,#1993,.T.);
#2747=ORIENTED_EDGE('',*,*,#1877,.T.);
#2748=ORIENTED_EDGE('',*,*,#2001,.T.);
#2749=ORIENTED_EDGE('',*,*,#2002,.T.);
#2750=ORIENTED_EDGE('',*,*,#2001,.F.);
#2751=ORIENTED_EDGE('',*,*,#2002,.F.);
#2752=ORIENTED_EDGE('',*,*,#2003,.T.);
#2753=ORIENTED_EDGE('',*,*,#2004,.T.);
#2754=ORIENTED_EDGE('',*,*,#2005,.F.);
#2755=ORIENTED_EDGE('',*,*,#2006,.F.);
#2756=ORIENTED_EDGE('',*,*,#2007,.F.);
#2757=ORIENTED_EDGE('',*,*,#2008,.T.);
#2758=ORIENTED_EDGE('',*,*,#2003,.F.);
#2759=ORIENTED_EDGE('',*,*,#2009,.F.);
#2760=ORIENTED_EDGE('',*,*,#2004,.F.);
#2761=ORIENTED_EDGE('',*,*,#2008,.F.);
#2762=ORIENTED_EDGE('',*,*,#2010,.F.);
#2763=ORIENTED_EDGE('',*,*,#1743,.F.);
#2764=ORIENTED_EDGE('',*,*,#2009,.T.);
#2765=ORIENTED_EDGE('',*,*,#1742,.T.);
#2766=ORIENTED_EDGE('',*,*,#2011,.T.);
#2767=ORIENTED_EDGE('',*,*,#2005,.T.);
#2768=ORIENTED_EDGE('',*,*,#2011,.F.);
#2769=ORIENTED_EDGE('',*,*,#1741,.T.);
#2770=ORIENTED_EDGE('',*,*,#1836,.T.);
#2771=ORIENTED_EDGE('',*,*,#2012,.T.);
#2772=ORIENTED_EDGE('',*,*,#2006,.T.);
#2773=ORIENTED_EDGE('',*,*,#2012,.F.);
#2774=ORIENTED_EDGE('',*,*,#1835,.T.);
#2775=ORIENTED_EDGE('',*,*,#2013,.F.);
#2776=ORIENTED_EDGE('',*,*,#2014,.F.);
#2777=ORIENTED_EDGE('',*,*,#2013,.T.);
#2778=ORIENTED_EDGE('',*,*,#1834,.T.);
#2779=ORIENTED_EDGE('',*,*,#1745,.T.);
#2780=ORIENTED_EDGE('',*,*,#2014,.T.);
#2781=ORIENTED_EDGE('',*,*,#1744,.T.);
#2782=ORIENTED_EDGE('',*,*,#2010,.T.);
#2783=ORIENTED_EDGE('',*,*,#2007,.T.);
#2784=ORIENTED_EDGE('',*,*,#1878,.T.);
#2785=ORIENTED_EDGE('',*,*,#2015,.T.);
#2786=ORIENTED_EDGE('',*,*,#2016,.T.);
#2787=ORIENTED_EDGE('',*,*,#2015,.F.);
#2788=ORIENTED_EDGE('',*,*,#2016,.F.);
#2789=ORIENTED_EDGE('',*,*,#2017,.T.);
#2790=ORIENTED_EDGE('',*,*,#2018,.T.);
#2791=ORIENTED_EDGE('',*,*,#2019,.F.);
#2792=ORIENTED_EDGE('',*,*,#2020,.F.);
#2793=ORIENTED_EDGE('',*,*,#2021,.F.);
#2794=ORIENTED_EDGE('',*,*,#2022,.T.);
#2795=ORIENTED_EDGE('',*,*,#2017,.F.);
#2796=ORIENTED_EDGE('',*,*,#2023,.F.);
#2797=ORIENTED_EDGE('',*,*,#2018,.F.);
#2798=ORIENTED_EDGE('',*,*,#2022,.F.);
#2799=ORIENTED_EDGE('',*,*,#2024,.F.);
#2800=ORIENTED_EDGE('',*,*,#1737,.F.);
#2801=ORIENTED_EDGE('',*,*,#2023,.T.);
#2802=ORIENTED_EDGE('',*,*,#1736,.T.);
#2803=ORIENTED_EDGE('',*,*,#2025,.T.);
#2804=ORIENTED_EDGE('',*,*,#2019,.T.);
#2805=ORIENTED_EDGE('',*,*,#2025,.F.);
#2806=ORIENTED_EDGE('',*,*,#1735,.T.);
#2807=ORIENTED_EDGE('',*,*,#1839,.T.);
#2808=ORIENTED_EDGE('',*,*,#2026,.T.);
#2809=ORIENTED_EDGE('',*,*,#2020,.T.);
#2810=ORIENTED_EDGE('',*,*,#2026,.F.);
#2811=ORIENTED_EDGE('',*,*,#1838,.T.);
#2812=ORIENTED_EDGE('',*,*,#2027,.F.);
#2813=ORIENTED_EDGE('',*,*,#2028,.F.);
#2814=ORIENTED_EDGE('',*,*,#2027,.T.);
#2815=ORIENTED_EDGE('',*,*,#1837,.T.);
#2816=ORIENTED_EDGE('',*,*,#1739,.T.);
#2817=ORIENTED_EDGE('',*,*,#2028,.T.);
#2818=ORIENTED_EDGE('',*,*,#1738,.T.);
#2819=ORIENTED_EDGE('',*,*,#2024,.T.);
#2820=ORIENTED_EDGE('',*,*,#2021,.T.);
#2821=ORIENTED_EDGE('',*,*,#2029,.T.);
#2822=ORIENTED_EDGE('',*,*,#2030,.T.);
#2823=ORIENTED_EDGE('',*,*,#2031,.T.);
#2824=ORIENTED_EDGE('',*,*,#1879,.T.);
#2825=ORIENTED_EDGE('',*,*,#2029,.F.);
#2826=ORIENTED_EDGE('',*,*,#1886,.T.);
#2827=ORIENTED_EDGE('',*,*,#2032,.T.);
#2828=ORIENTED_EDGE('',*,*,#2033,.T.);
#2829=ORIENTED_EDGE('',*,*,#2034,.F.);
#2830=ORIENTED_EDGE('',*,*,#2035,.F.);
#2831=ORIENTED_EDGE('',*,*,#2036,.F.);
#2832=ORIENTED_EDGE('',*,*,#2037,.F.);
#2833=ORIENTED_EDGE('',*,*,#2038,.F.);
#2834=ORIENTED_EDGE('',*,*,#2030,.F.);
#2835=ORIENTED_EDGE('',*,*,#2033,.F.);
#2836=ORIENTED_EDGE('',*,*,#2039,.F.);
#2837=ORIENTED_EDGE('',*,*,#2040,.F.);
#2838=ORIENTED_EDGE('',*,*,#2041,.F.);
#2839=ORIENTED_EDGE('',*,*,#2042,.F.);
#2840=ORIENTED_EDGE('',*,*,#2043,.F.);
#2841=ORIENTED_EDGE('',*,*,#2044,.F.);
#2842=ORIENTED_EDGE('',*,*,#2045,.F.);
#2843=ORIENTED_EDGE('',*,*,#2046,.F.);
#2844=ORIENTED_EDGE('',*,*,#2047,.F.);
#2845=ORIENTED_EDGE('',*,*,#2048,.F.);
#2846=ORIENTED_EDGE('',*,*,#2049,.F.);
#2847=ORIENTED_EDGE('',*,*,#2034,.T.);
#2848=ORIENTED_EDGE('',*,*,#2050,.T.);
#2849=ORIENTED_EDGE('',*,*,#1884,.T.);
#2850=ORIENTED_EDGE('',*,*,#2051,.F.);
#2851=ORIENTED_EDGE('',*,*,#2051,.T.);
#2852=ORIENTED_EDGE('',*,*,#1883,.T.);
#2853=ORIENTED_EDGE('',*,*,#2052,.T.);
#2854=ORIENTED_EDGE('',*,*,#2035,.T.);
#2855=ORIENTED_EDGE('',*,*,#2053,.T.);
#2856=ORIENTED_EDGE('',*,*,#2054,.T.);
#2857=ORIENTED_EDGE('',*,*,#2036,.T.);
#2858=ORIENTED_EDGE('',*,*,#2052,.F.);
#2859=ORIENTED_EDGE('',*,*,#1882,.T.);
#2860=ORIENTED_EDGE('',*,*,#2055,.F.);
#2861=ORIENTED_EDGE('',*,*,#2056,.F.);
#2862=ORIENTED_EDGE('',*,*,#2053,.F.);
#2863=ORIENTED_EDGE('',*,*,#2057,.T.);
#2864=ORIENTED_EDGE('',*,*,#2058,.F.);
#2865=ORIENTED_EDGE('',*,*,#2059,.T.);
#2866=ORIENTED_EDGE('',*,*,#2060,.F.);
#2867=ORIENTED_EDGE('',*,*,#2061,.T.);
#2868=ORIENTED_EDGE('',*,*,#2062,.T.);
#2869=ORIENTED_EDGE('',*,*,#2063,.F.);
#2870=ORIENTED_EDGE('',*,*,#2058,.T.);
#2871=ORIENTED_EDGE('',*,*,#2064,.T.);
#2872=ORIENTED_EDGE('',*,*,#2065,.F.);
#2873=ORIENTED_EDGE('',*,*,#2059,.F.);
#2874=ORIENTED_EDGE('',*,*,#2066,.F.);
#2875=ORIENTED_EDGE('',*,*,#2067,.F.);
#2876=ORIENTED_EDGE('',*,*,#2068,.F.);
#2877=ORIENTED_EDGE('',*,*,#2069,.F.);
#2878=ORIENTED_EDGE('',*,*,#2070,.F.);
#2879=ORIENTED_EDGE('',*,*,#2071,.F.);
#2880=ORIENTED_EDGE('',*,*,#2072,.F.);
#2881=ORIENTED_EDGE('',*,*,#2073,.F.);
#2882=ORIENTED_EDGE('',*,*,#2074,.F.);
#2883=ORIENTED_EDGE('',*,*,#2075,.F.);
#2884=ORIENTED_EDGE('',*,*,#2076,.F.);
#2885=ORIENTED_EDGE('',*,*,#2077,.F.);
#2886=ORIENTED_EDGE('',*,*,#2078,.F.);
#2887=ORIENTED_EDGE('',*,*,#2079,.F.);
#2888=ORIENTED_EDGE('',*,*,#2080,.F.);
#2889=ORIENTED_EDGE('',*,*,#2081,.F.);
#2890=ORIENTED_EDGE('',*,*,#2082,.F.);
#2891=ORIENTED_EDGE('',*,*,#2083,.F.);
#2892=ORIENTED_EDGE('',*,*,#2070,.T.);
#2893=ORIENTED_EDGE('',*,*,#2084,.T.);
#2894=ORIENTED_EDGE('',*,*,#2085,.T.);
#2895=ORIENTED_EDGE('',*,*,#2086,.T.);
#2896=ORIENTED_EDGE('',*,*,#2060,.T.);
#2897=ORIENTED_EDGE('',*,*,#2086,.F.);
#2898=ORIENTED_EDGE('',*,*,#2087,.T.);
#2899=ORIENTED_EDGE('',*,*,#2088,.T.);
#2900=ORIENTED_EDGE('',*,*,#2089,.T.);
#2901=ORIENTED_EDGE('',*,*,#2090,.T.);
#2902=ORIENTED_EDGE('',*,*,#2061,.F.);
#2903=ORIENTED_EDGE('',*,*,#2091,.F.);
#2904=ORIENTED_EDGE('',*,*,#2062,.F.);
#2905=ORIENTED_EDGE('',*,*,#2090,.F.);
#2906=ORIENTED_EDGE('',*,*,#2091,.T.);
#2907=ORIENTED_EDGE('',*,*,#2089,.F.);
#2908=ORIENTED_EDGE('',*,*,#2092,.F.);
#2909=ORIENTED_EDGE('',*,*,#1880,.T.);
#2910=ORIENTED_EDGE('',*,*,#2031,.F.);
#2911=ORIENTED_EDGE('',*,*,#2038,.T.);
#2912=ORIENTED_EDGE('',*,*,#2093,.T.);
#2913=ORIENTED_EDGE('',*,*,#2063,.T.);
#2914=ORIENTED_EDGE('',*,*,#2093,.F.);
#2915=ORIENTED_EDGE('',*,*,#2037,.T.);
#2916=ORIENTED_EDGE('',*,*,#2054,.F.);
#2917=ORIENTED_EDGE('',*,*,#2088,.F.);
#2918=ORIENTED_EDGE('',*,*,#2094,.T.);
#2919=ORIENTED_EDGE('',*,*,#2095,.F.);
#2920=ORIENTED_EDGE('',*,*,#2055,.T.);
#2921=ORIENTED_EDGE('',*,*,#1881,.T.);
#2922=ORIENTED_EDGE('',*,*,#2092,.T.);
#2923=ORIENTED_EDGE('',*,*,#2056,.T.);
#2924=ORIENTED_EDGE('',*,*,#2095,.T.);
#2925=ORIENTED_EDGE('',*,*,#2096,.T.);
#2926=ORIENTED_EDGE('',*,*,#2097,.F.);
#2927=ORIENTED_EDGE('',*,*,#2064,.F.);
#2928=ORIENTED_EDGE('',*,*,#2057,.F.);
#2929=ORIENTED_EDGE('',*,*,#2097,.T.);
#2930=ORIENTED_EDGE('',*,*,#2098,.T.);
#2931=ORIENTED_EDGE('',*,*,#2099,.T.);
#2932=ORIENTED_EDGE('',*,*,#2066,.T.);
#2933=ORIENTED_EDGE('',*,*,#2065,.T.);
#2934=ORIENTED_EDGE('',*,*,#2100,.F.);
#2935=ORIENTED_EDGE('',*,*,#2067,.T.);
#2936=ORIENTED_EDGE('',*,*,#2099,.F.);
#2937=ORIENTED_EDGE('',*,*,#2101,.T.);
#2938=ORIENTED_EDGE('',*,*,#2102,.T.);
#2939=ORIENTED_EDGE('',*,*,#2068,.T.);
#2940=ORIENTED_EDGE('',*,*,#2100,.T.);
#2941=ORIENTED_EDGE('',*,*,#2103,.T.);
#2942=ORIENTED_EDGE('',*,*,#2104,.T.);
#2943=ORIENTED_EDGE('',*,*,#2084,.F.);
#2944=ORIENTED_EDGE('',*,*,#2069,.T.);
#2945=ORIENTED_EDGE('',*,*,#2102,.F.);
#2946=ORIENTED_EDGE('',*,*,#2087,.F.);
#2947=ORIENTED_EDGE('',*,*,#2085,.F.);
#2948=ORIENTED_EDGE('',*,*,#2104,.F.);
#2949=ORIENTED_EDGE('',*,*,#2103,.F.);
#2950=ORIENTED_EDGE('',*,*,#2101,.F.);
#2951=ORIENTED_EDGE('',*,*,#2098,.F.);
#2952=ORIENTED_EDGE('',*,*,#2096,.F.);
#2953=ORIENTED_EDGE('',*,*,#2094,.F.);
#2954=ORIENTED_EDGE('',*,*,#2071,.T.);
#2955=ORIENTED_EDGE('',*,*,#2105,.T.);
#2956=ORIENTED_EDGE('',*,*,#2106,.T.);
#2957=ORIENTED_EDGE('',*,*,#2105,.F.);
#2958=ORIENTED_EDGE('',*,*,#2106,.F.);
#2959=ORIENTED_EDGE('',*,*,#2107,.T.);
#2960=ORIENTED_EDGE('',*,*,#2108,.F.);
#2961=ORIENTED_EDGE('',*,*,#2107,.F.);
#2962=ORIENTED_EDGE('',*,*,#2108,.T.);
#2963=ORIENTED_EDGE('',*,*,#2109,.T.);
#2964=ORIENTED_EDGE('',*,*,#2110,.T.);
#2965=ORIENTED_EDGE('',*,*,#2109,.F.);
#2966=ORIENTED_EDGE('',*,*,#2111,.F.);
#2967=ORIENTED_EDGE('',*,*,#2110,.F.);
#2968=ORIENTED_EDGE('',*,*,#2112,.F.);
#2969=ORIENTED_EDGE('',*,*,#2113,.F.);
#2970=ORIENTED_EDGE('',*,*,#2114,.F.);
#2971=ORIENTED_EDGE('',*,*,#2115,.F.);
#2972=ORIENTED_EDGE('',*,*,#2116,.F.);
#2973=ORIENTED_EDGE('',*,*,#2117,.F.);
#2974=ORIENTED_EDGE('',*,*,#2118,.F.);
#2975=ORIENTED_EDGE('',*,*,#2119,.F.);
#2976=ORIENTED_EDGE('',*,*,#2120,.F.);
#2977=ORIENTED_EDGE('',*,*,#2121,.F.);
#2978=ORIENTED_EDGE('',*,*,#2122,.F.);
#2979=ORIENTED_EDGE('',*,*,#2123,.F.);
#2980=ORIENTED_EDGE('',*,*,#2124,.T.);
#2981=ORIENTED_EDGE('',*,*,#2125,.T.);
#2982=ORIENTED_EDGE('',*,*,#2111,.T.);
#2983=ORIENTED_EDGE('',*,*,#2125,.F.);
#2984=ORIENTED_EDGE('',*,*,#2126,.F.);
#2985=ORIENTED_EDGE('',*,*,#2124,.F.);
#2986=ORIENTED_EDGE('',*,*,#2126,.T.);
#2987=ORIENTED_EDGE('',*,*,#2127,.T.);
#2988=ORIENTED_EDGE('',*,*,#1853,.T.);
#2989=ORIENTED_EDGE('',*,*,#2127,.F.);
#2990=ORIENTED_EDGE('',*,*,#2128,.T.);
#2991=ORIENTED_EDGE('',*,*,#2129,.T.);
#2992=ORIENTED_EDGE('',*,*,#2112,.T.);
#2993=ORIENTED_EDGE('',*,*,#2129,.F.);
#2994=ORIENTED_EDGE('',*,*,#2130,.F.);
#2995=ORIENTED_EDGE('',*,*,#2131,.T.);
#2996=ORIENTED_EDGE('',*,*,#2128,.F.);
#2997=ORIENTED_EDGE('',*,*,#2131,.F.);
#2998=ORIENTED_EDGE('',*,*,#2072,.T.);
#2999=ORIENTED_EDGE('',*,*,#2132,.T.);
#3000=ORIENTED_EDGE('',*,*,#2130,.T.);
#3001=ORIENTED_EDGE('',*,*,#2132,.F.);
#3002=ORIENTED_EDGE('',*,*,#2133,.T.);
#3003=ORIENTED_EDGE('',*,*,#2134,.T.);
#3004=ORIENTED_EDGE('',*,*,#2113,.T.);
#3005=ORIENTED_EDGE('',*,*,#2134,.F.);
#3006=ORIENTED_EDGE('',*,*,#2135,.F.);
#3007=ORIENTED_EDGE('',*,*,#2136,.T.);
#3008=ORIENTED_EDGE('',*,*,#2133,.F.);
#3009=ORIENTED_EDGE('',*,*,#2136,.F.);
#3010=ORIENTED_EDGE('',*,*,#2073,.T.);
#3011=ORIENTED_EDGE('',*,*,#2137,.T.);
#3012=ORIENTED_EDGE('',*,*,#2135,.T.);
#3013=ORIENTED_EDGE('',*,*,#2137,.F.);
#3014=ORIENTED_EDGE('',*,*,#2138,.T.);
#3015=ORIENTED_EDGE('',*,*,#2139,.T.);
#3016=ORIENTED_EDGE('',*,*,#2114,.T.);
#3017=ORIENTED_EDGE('',*,*,#2139,.F.);
#3018=ORIENTED_EDGE('',*,*,#2140,.F.);
#3019=ORIENTED_EDGE('',*,*,#2141,.T.);
#3020=ORIENTED_EDGE('',*,*,#2138,.F.);
#3021=ORIENTED_EDGE('',*,*,#2141,.F.);
#3022=ORIENTED_EDGE('',*,*,#2074,.T.);
#3023=ORIENTED_EDGE('',*,*,#2142,.T.);
#3024=ORIENTED_EDGE('',*,*,#2140,.T.);
#3025=ORIENTED_EDGE('',*,*,#2142,.F.);
#3026=ORIENTED_EDGE('',*,*,#2143,.T.);
#3027=ORIENTED_EDGE('',*,*,#2144,.T.);
#3028=ORIENTED_EDGE('',*,*,#2115,.T.);
#3029=ORIENTED_EDGE('',*,*,#2144,.F.);
#3030=ORIENTED_EDGE('',*,*,#2145,.F.);
#3031=ORIENTED_EDGE('',*,*,#2146,.T.);
#3032=ORIENTED_EDGE('',*,*,#2143,.F.);
#3033=ORIENTED_EDGE('',*,*,#2146,.F.);
#3034=ORIENTED_EDGE('',*,*,#2075,.T.);
#3035=ORIENTED_EDGE('',*,*,#2147,.T.);
#3036=ORIENTED_EDGE('',*,*,#2145,.T.);
#3037=ORIENTED_EDGE('',*,*,#2147,.F.);
#3038=ORIENTED_EDGE('',*,*,#2148,.T.);
#3039=ORIENTED_EDGE('',*,*,#2149,.T.);
#3040=ORIENTED_EDGE('',*,*,#2116,.T.);
#3041=ORIENTED_EDGE('',*,*,#2149,.F.);
#3042=ORIENTED_EDGE('',*,*,#2150,.F.);
#3043=ORIENTED_EDGE('',*,*,#2151,.T.);
#3044=ORIENTED_EDGE('',*,*,#2148,.F.);
#3045=ORIENTED_EDGE('',*,*,#2151,.F.);
#3046=ORIENTED_EDGE('',*,*,#2076,.T.);
#3047=ORIENTED_EDGE('',*,*,#2152,.T.);
#3048=ORIENTED_EDGE('',*,*,#2150,.T.);
#3049=ORIENTED_EDGE('',*,*,#2152,.F.);
#3050=ORIENTED_EDGE('',*,*,#2153,.T.);
#3051=ORIENTED_EDGE('',*,*,#2154,.T.);
#3052=ORIENTED_EDGE('',*,*,#2117,.T.);
#3053=ORIENTED_EDGE('',*,*,#2154,.F.);
#3054=ORIENTED_EDGE('',*,*,#2155,.F.);
#3055=ORIENTED_EDGE('',*,*,#2156,.T.);
#3056=ORIENTED_EDGE('',*,*,#2153,.F.);
#3057=ORIENTED_EDGE('',*,*,#2156,.F.);
#3058=ORIENTED_EDGE('',*,*,#2077,.T.);
#3059=ORIENTED_EDGE('',*,*,#2157,.T.);
#3060=ORIENTED_EDGE('',*,*,#2155,.T.);
#3061=ORIENTED_EDGE('',*,*,#2157,.F.);
#3062=ORIENTED_EDGE('',*,*,#2158,.T.);
#3063=ORIENTED_EDGE('',*,*,#2159,.T.);
#3064=ORIENTED_EDGE('',*,*,#2118,.T.);
#3065=ORIENTED_EDGE('',*,*,#2159,.F.);
#3066=ORIENTED_EDGE('',*,*,#2160,.F.);
#3067=ORIENTED_EDGE('',*,*,#2161,.T.);
#3068=ORIENTED_EDGE('',*,*,#2158,.F.);
#3069=ORIENTED_EDGE('',*,*,#2161,.F.);
#3070=ORIENTED_EDGE('',*,*,#2078,.T.);
#3071=ORIENTED_EDGE('',*,*,#2162,.T.);
#3072=ORIENTED_EDGE('',*,*,#2160,.T.);
#3073=ORIENTED_EDGE('',*,*,#2162,.F.);
#3074=ORIENTED_EDGE('',*,*,#2163,.T.);
#3075=ORIENTED_EDGE('',*,*,#2164,.T.);
#3076=ORIENTED_EDGE('',*,*,#2119,.T.);
#3077=ORIENTED_EDGE('',*,*,#2164,.F.);
#3078=ORIENTED_EDGE('',*,*,#2165,.F.);
#3079=ORIENTED_EDGE('',*,*,#2166,.T.);
#3080=ORIENTED_EDGE('',*,*,#2163,.F.);
#3081=ORIENTED_EDGE('',*,*,#2166,.F.);
#3082=ORIENTED_EDGE('',*,*,#2079,.T.);
#3083=ORIENTED_EDGE('',*,*,#2167,.T.);
#3084=ORIENTED_EDGE('',*,*,#2165,.T.);
#3085=ORIENTED_EDGE('',*,*,#2167,.F.);
#3086=ORIENTED_EDGE('',*,*,#2168,.T.);
#3087=ORIENTED_EDGE('',*,*,#2169,.T.);
#3088=ORIENTED_EDGE('',*,*,#2120,.T.);
#3089=ORIENTED_EDGE('',*,*,#2169,.F.);
#3090=ORIENTED_EDGE('',*,*,#2170,.F.);
#3091=ORIENTED_EDGE('',*,*,#2171,.T.);
#3092=ORIENTED_EDGE('',*,*,#2168,.F.);
#3093=ORIENTED_EDGE('',*,*,#2171,.F.);
#3094=ORIENTED_EDGE('',*,*,#2080,.T.);
#3095=ORIENTED_EDGE('',*,*,#2172,.T.);
#3096=ORIENTED_EDGE('',*,*,#2170,.T.);
#3097=ORIENTED_EDGE('',*,*,#2172,.F.);
#3098=ORIENTED_EDGE('',*,*,#2173,.T.);
#3099=ORIENTED_EDGE('',*,*,#2174,.T.);
#3100=ORIENTED_EDGE('',*,*,#2121,.T.);
#3101=ORIENTED_EDGE('',*,*,#2174,.F.);
#3102=ORIENTED_EDGE('',*,*,#2175,.F.);
#3103=ORIENTED_EDGE('',*,*,#2176,.T.);
#3104=ORIENTED_EDGE('',*,*,#2173,.F.);
#3105=ORIENTED_EDGE('',*,*,#2176,.F.);
#3106=ORIENTED_EDGE('',*,*,#2081,.T.);
#3107=ORIENTED_EDGE('',*,*,#2177,.T.);
#3108=ORIENTED_EDGE('',*,*,#2175,.T.);
#3109=ORIENTED_EDGE('',*,*,#2177,.F.);
#3110=ORIENTED_EDGE('',*,*,#2178,.T.);
#3111=ORIENTED_EDGE('',*,*,#2179,.T.);
#3112=ORIENTED_EDGE('',*,*,#2122,.T.);
#3113=ORIENTED_EDGE('',*,*,#2179,.F.);
#3114=ORIENTED_EDGE('',*,*,#2180,.F.);
#3115=ORIENTED_EDGE('',*,*,#2181,.T.);
#3116=ORIENTED_EDGE('',*,*,#2178,.F.);
#3117=ORIENTED_EDGE('',*,*,#2181,.F.);
#3118=ORIENTED_EDGE('',*,*,#2082,.T.);
#3119=ORIENTED_EDGE('',*,*,#2182,.T.);
#3120=ORIENTED_EDGE('',*,*,#2180,.T.);
#3121=ORIENTED_EDGE('',*,*,#2182,.F.);
#3122=ORIENTED_EDGE('',*,*,#2183,.F.);
#3123=ORIENTED_EDGE('',*,*,#2184,.T.);
#3124=ORIENTED_EDGE('',*,*,#2123,.T.);
#3125=ORIENTED_EDGE('',*,*,#2184,.F.);
#3126=ORIENTED_EDGE('',*,*,#2185,.F.);
#3127=ORIENTED_EDGE('',*,*,#2183,.T.);
#3128=ORIENTED_EDGE('',*,*,#2185,.T.);
#3129=ORIENTED_EDGE('',*,*,#2186,.T.);
#3130=ORIENTED_EDGE('',*,*,#2083,.T.);
#3131=ORIENTED_EDGE('',*,*,#2186,.F.);
#3132=ORIENTED_EDGE('',*,*,#2050,.F.);
#3133=ORIENTED_EDGE('',*,*,#2039,.T.);
#3134=ORIENTED_EDGE('',*,*,#2032,.F.);
#3135=ORIENTED_EDGE('',*,*,#1885,.T.);
#3136=ORIENTED_EDGE('',*,*,#2040,.T.);
#3137=ORIENTED_EDGE('',*,*,#2187,.T.);
#3138=ORIENTED_EDGE('',*,*,#1844,.T.);
#3139=ORIENTED_EDGE('',*,*,#2187,.F.);
#3140=ORIENTED_EDGE('',*,*,#2041,.T.);
#3141=ORIENTED_EDGE('',*,*,#2188,.T.);
#3142=ORIENTED_EDGE('',*,*,#1845,.T.);
#3143=ORIENTED_EDGE('',*,*,#2188,.F.);
#3144=ORIENTED_EDGE('',*,*,#2042,.T.);
#3145=ORIENTED_EDGE('',*,*,#2189,.T.);
#3146=ORIENTED_EDGE('',*,*,#1846,.T.);
#3147=ORIENTED_EDGE('',*,*,#2189,.F.);
#3148=ORIENTED_EDGE('',*,*,#2043,.T.);
#3149=ORIENTED_EDGE('',*,*,#2190,.T.);
#3150=ORIENTED_EDGE('',*,*,#1847,.T.);
#3151=ORIENTED_EDGE('',*,*,#2190,.F.);
#3152=ORIENTED_EDGE('',*,*,#2044,.T.);
#3153=ORIENTED_EDGE('',*,*,#2191,.T.);
#3154=ORIENTED_EDGE('',*,*,#1848,.T.);
#3155=ORIENTED_EDGE('',*,*,#2191,.F.);
#3156=ORIENTED_EDGE('',*,*,#2045,.T.);
#3157=ORIENTED_EDGE('',*,*,#2192,.T.);
#3158=ORIENTED_EDGE('',*,*,#1849,.T.);
#3159=ORIENTED_EDGE('',*,*,#2192,.F.);
#3160=ORIENTED_EDGE('',*,*,#2046,.T.);
#3161=ORIENTED_EDGE('',*,*,#2193,.T.);
#3162=ORIENTED_EDGE('',*,*,#1850,.T.);
#3163=ORIENTED_EDGE('',*,*,#2193,.F.);
#3164=ORIENTED_EDGE('',*,*,#2047,.T.);
#3165=ORIENTED_EDGE('',*,*,#2194,.T.);
#3166=ORIENTED_EDGE('',*,*,#1851,.T.);
#3167=ORIENTED_EDGE('',*,*,#2194,.F.);
#3168=ORIENTED_EDGE('',*,*,#2048,.T.);
#3169=ORIENTED_EDGE('',*,*,#2195,.T.);
#3170=ORIENTED_EDGE('',*,*,#1852,.T.);
#3171=ORIENTED_EDGE('',*,*,#2195,.F.);
#3172=ORIENTED_EDGE('',*,*,#2049,.T.);
#3173=ORIENTED_EDGE('',*,*,#2196,.T.);
#3174=ORIENTED_EDGE('',*,*,#1843,.T.);
#3175=ORIENTED_EDGE('',*,*,#2196,.F.);
#3176=ORIENTED_EDGE('',*,*,#1799,.F.);
#3177=ORIENTED_EDGE('',*,*,#1789,.T.);
#3178=ORIENTED_EDGE('',*,*,#1812,.T.);
#3179=ORIENTED_EDGE('',*,*,#2197,.T.);
#3180=ORIENTED_EDGE('',*,*,#1803,.T.);
#3181=ORIENTED_EDGE('',*,*,#2197,.F.);
#3182=ORIENTED_EDGE('',*,*,#1811,.T.);
#3183=ORIENTED_EDGE('',*,*,#1806,.F.);
#3184=ORIENTED_EDGE('',*,*,#2198,.F.);
#3185=ORIENTED_EDGE('',*,*,#2199,.T.);
#3186=ORIENTED_EDGE('',*,*,#2200,.F.);
#3187=ORIENTED_EDGE('',*,*,#2199,.F.);
#3188=ORIENTED_EDGE('',*,*,#2201,.F.);
#3189=ORIENTED_EDGE('',*,*,#2202,.T.);
#3190=ORIENTED_EDGE('',*,*,#2203,.F.);
#3191=ORIENTED_EDGE('',*,*,#2202,.F.);
#3192=ORIENTED_EDGE('',*,*,#2204,.F.);
#3193=ORIENTED_EDGE('',*,*,#2205,.T.);
#3194=ORIENTED_EDGE('',*,*,#2206,.F.);
#3195=ORIENTED_EDGE('',*,*,#2205,.F.);
#3196=ORIENTED_EDGE('',*,*,#2207,.F.);
#3197=ORIENTED_EDGE('',*,*,#2208,.T.);
#3198=ORIENTED_EDGE('',*,*,#2209,.F.);
#3199=ORIENTED_EDGE('',*,*,#2208,.F.);
#3200=ORIENTED_EDGE('',*,*,#2210,.F.);
#3201=ORIENTED_EDGE('',*,*,#2211,.T.);
#3202=ORIENTED_EDGE('',*,*,#2212,.F.);
#3203=ORIENTED_EDGE('',*,*,#2211,.F.);
#3204=ORIENTED_EDGE('',*,*,#2213,.F.);
#3205=ORIENTED_EDGE('',*,*,#2214,.T.);
#3206=ORIENTED_EDGE('',*,*,#2215,.F.);
#3207=ORIENTED_EDGE('',*,*,#2214,.F.);
#3208=ORIENTED_EDGE('',*,*,#2216,.F.);
#3209=ORIENTED_EDGE('',*,*,#2217,.T.);
#3210=ORIENTED_EDGE('',*,*,#2218,.F.);
#3211=ORIENTED_EDGE('',*,*,#2217,.F.);
#3212=ORIENTED_EDGE('',*,*,#2219,.F.);
#3213=ORIENTED_EDGE('',*,*,#2220,.T.);
#3214=ORIENTED_EDGE('',*,*,#2221,.F.);
#3215=ORIENTED_EDGE('',*,*,#2220,.F.);
#3216=ORIENTED_EDGE('',*,*,#2222,.F.);
#3217=ORIENTED_EDGE('',*,*,#2223,.T.);
#3218=ORIENTED_EDGE('',*,*,#2224,.F.);
#3219=ORIENTED_EDGE('',*,*,#2223,.F.);
#3220=ORIENTED_EDGE('',*,*,#2225,.F.);
#3221=ORIENTED_EDGE('',*,*,#2226,.T.);
#3222=ORIENTED_EDGE('',*,*,#2227,.F.);
#3223=ORIENTED_EDGE('',*,*,#2226,.F.);
#3224=CYLINDRICAL_SURFACE('',#3504,60.);
#3225=CYLINDRICAL_SURFACE('',#3574,2.5);
#3226=CYLINDRICAL_SURFACE('',#3594,1.45);
#3227=CYLINDRICAL_SURFACE('',#3603,2.5);
#3228=CYLINDRICAL_SURFACE('',#3606,1.45);
#3229=CYLINDRICAL_SURFACE('',#3615,2.5);
#3230=CYLINDRICAL_SURFACE('',#3618,1.45);
#3231=CYLINDRICAL_SURFACE('',#3619,1.45);
#3232=CYLINDRICAL_SURFACE('',#3620,1.45);
#3233=CYLINDRICAL_SURFACE('',#3629,2.5);
#3234=CYLINDRICAL_SURFACE('',#3632,1.45);
#3235=CYLINDRICAL_SURFACE('',#3641,2.5);
#3236=CYLINDRICAL_SURFACE('',#3644,1.45);
#3237=CYLINDRICAL_SURFACE('',#3653,2.5);
#3238=CYLINDRICAL_SURFACE('',#3656,1.45);
#3239=CYLINDRICAL_SURFACE('',#3665,2.5);
#3240=CYLINDRICAL_SURFACE('',#3668,1.45);
#3241=CYLINDRICAL_SURFACE('',#3677,2.5);
#3242=CYLINDRICAL_SURFACE('',#3680,1.45);
#3243=CYLINDRICAL_SURFACE('',#3689,2.5);
#3244=CYLINDRICAL_SURFACE('',#3692,1.45);
#3245=CYLINDRICAL_SURFACE('',#3701,2.5);
#3246=CYLINDRICAL_SURFACE('',#3704,1.45);
#3247=CYLINDRICAL_SURFACE('',#3713,2.5);
#3248=CYLINDRICAL_SURFACE('',#3717,0.5);
#3249=CYLINDRICAL_SURFACE('',#3735,0.5);
#3250=CYLINDRICAL_SURFACE('',#3737,5.);
#3251=CYLINDRICAL_SURFACE('',#3763,2.);
#3252=CYLINDRICAL_SURFACE('',#3767,5.);
#3253=CYLINDRICAL_SURFACE('',#3768,49.7);
#3254=CYLINDRICAL_SURFACE('',#3771,2.);
#3255=CYLINDRICAL_SURFACE('',#3774,2.);
#3256=CYLINDRICAL_SURFACE('',#3776,37.5);
#3257=CYLINDRICAL_SURFACE('',#3778,2.);
#3258=CYLINDRICAL_SURFACE('',#3781,1.45);
#3259=CYLINDRICAL_SURFACE('',#3785,2.5);
#3260=CYLINDRICAL_SURFACE('',#3806,2.5);
#3261=CYLINDRICAL_SURFACE('',#3810,1.45);
#3262=CYLINDRICAL_SURFACE('',#3811,2.5);
#3263=CYLINDRICAL_SURFACE('',#3815,1.45);
#3264=CYLINDRICAL_SURFACE('',#3816,2.5);
#3265=CYLINDRICAL_SURFACE('',#3820,1.45);
#3266=CYLINDRICAL_SURFACE('',#3821,2.5);
#3267=CYLINDRICAL_SURFACE('',#3825,1.45);
#3268=CYLINDRICAL_SURFACE('',#3826,2.5);
#3269=CYLINDRICAL_SURFACE('',#3830,1.45);
#3270=CYLINDRICAL_SURFACE('',#3831,2.5);
#3271=CYLINDRICAL_SURFACE('',#3835,1.45);
#3272=CYLINDRICAL_SURFACE('',#3836,2.5);
#3273=CYLINDRICAL_SURFACE('',#3840,1.45);
#3274=CYLINDRICAL_SURFACE('',#3841,2.5);
#3275=CYLINDRICAL_SURFACE('',#3845,1.45);
#3276=CYLINDRICAL_SURFACE('',#3846,2.5);
#3277=CYLINDRICAL_SURFACE('',#3850,1.45);
#3278=CYLINDRICAL_SURFACE('',#3851,2.5);
#3279=CYLINDRICAL_SURFACE('',#3855,1.45);
#3280=CYLINDRICAL_SURFACE('',#3856,2.5);
#3281=CYLINDRICAL_SURFACE('',#3860,1.45);
#3282=CYLINDRICAL_SURFACE('',#3861,30.25);
#3283=CYLINDRICAL_SURFACE('',#3865,32.5);
#3284=CYLINDRICAL_SURFACE('',#3866,55.5);
#3285=CYLINDRICAL_SURFACE('',#3867,1.65);
#3286=CYLINDRICAL_SURFACE('',#3868,1.65);
#3287=CYLINDRICAL_SURFACE('',#3869,1.65);
#3288=CYLINDRICAL_SURFACE('',#3870,1.65);
#3289=CYLINDRICAL_SURFACE('',#3871,1.65);
#3290=CYLINDRICAL_SURFACE('',#3872,1.65);
#3291=CYLINDRICAL_SURFACE('',#3873,1.65);
#3292=CYLINDRICAL_SURFACE('',#3874,1.65);
#3293=CYLINDRICAL_SURFACE('',#3875,1.65);
#3294=CYLINDRICAL_SURFACE('',#3876,1.65);
#3295=CYLINDRICAL_SURFACE('',#3878,2.5);
#3296=CYLINDRICAL_SURFACE('',#3879,2.);
#3297=CYLINDRICAL_SURFACE('',#3882,2.);
#3298=CYLINDRICAL_SURFACE('',#3885,2.);
#3299=CYLINDRICAL_SURFACE('',#3888,2.);
#3300=CYLINDRICAL_SURFACE('',#3891,2.);
#3301=CYLINDRICAL_SURFACE('',#3894,2.);
#3302=CYLINDRICAL_SURFACE('',#3897,2.);
#3303=CYLINDRICAL_SURFACE('',#3900,2.);
#3304=CYLINDRICAL_SURFACE('',#3903,2.);
#3305=CYLINDRICAL_SURFACE('',#3906,2.);
#3306=ADVANCED_FACE('',(#209),#3224,.T.);
#3307=ADVANCED_FACE('',(#210),#137,.T.);
#3308=ADVANCED_FACE('',(#211),#138,.T.);
#3309=ADVANCED_FACE('',(#212),#108,.F.);
#3310=ADVANCED_FACE('',(#213),#139,.T.);
#3311=ADVANCED_FACE('',(#214),#140,.F.);
#3312=ADVANCED_FACE('',(#215,#46,#47,#48,#49,#50,#51,#52,#53,#54,#55,#56),
#141,.T.);
#3313=ADVANCED_FACE('',(#216),#142,.F.);
#3314=ADVANCED_FACE('',(#217),#143,.T.);
#3315=ADVANCED_FACE('',(#218),#109,.F.);
#3316=ADVANCED_FACE('',(#219),#144,.T.);
#3317=ADVANCED_FACE('',(#220),#145,.T.);
#3318=ADVANCED_FACE('',(#221),#146,.F.);
#3319=ADVANCED_FACE('',(#222),#3225,.F.);
#3320=ADVANCED_FACE('',(#223,#57,#58,#59,#60,#61,#62,#63,#64,#65,#66,#67,
#68,#69),#147,.T.);
#3321=ADVANCED_FACE('',(#224),#3226,.F.);
#3322=ADVANCED_FACE('',(#225),#110,.F.);
#3323=ADVANCED_FACE('',(#226),#148,.T.);
#3324=ADVANCED_FACE('',(#227),#149,.T.);
#3325=ADVANCED_FACE('',(#228),#150,.F.);
#3326=ADVANCED_FACE('',(#229),#3227,.F.);
#3327=ADVANCED_FACE('',(#230),#151,.F.);
#3328=ADVANCED_FACE('',(#231),#152,.T.);
#3329=ADVANCED_FACE('',(#232),#3228,.F.);
#3330=ADVANCED_FACE('',(#233),#111,.F.);
#3331=ADVANCED_FACE('',(#234),#153,.T.);
#3332=ADVANCED_FACE('',(#235),#154,.T.);
#3333=ADVANCED_FACE('',(#236),#155,.F.);
#3334=ADVANCED_FACE('',(#237),#3229,.F.);
#3335=ADVANCED_FACE('',(#238),#156,.F.);
#3336=ADVANCED_FACE('',(#239),#157,.T.);
#3337=ADVANCED_FACE('',(#240),#3230,.F.);
#3338=ADVANCED_FACE('',(#241),#3231,.F.);
#3339=ADVANCED_FACE('',(#242),#3232,.F.);
#3340=ADVANCED_FACE('',(#243),#112,.F.);
#3341=ADVANCED_FACE('',(#244),#158,.T.);
#3342=ADVANCED_FACE('',(#245),#159,.T.);
#3343=ADVANCED_FACE('',(#246),#160,.F.);
#3344=ADVANCED_FACE('',(#247),#3233,.F.);
#3345=ADVANCED_FACE('',(#248),#161,.F.);
#3346=ADVANCED_FACE('',(#249),#162,.T.);
#3347=ADVANCED_FACE('',(#250),#3234,.F.);
#3348=ADVANCED_FACE('',(#251),#113,.F.);
#3349=ADVANCED_FACE('',(#252),#163,.T.);
#3350=ADVANCED_FACE('',(#253),#164,.T.);
#3351=ADVANCED_FACE('',(#254),#165,.F.);
#3352=ADVANCED_FACE('',(#255),#3235,.F.);
#3353=ADVANCED_FACE('',(#256),#166,.F.);
#3354=ADVANCED_FACE('',(#257),#167,.T.);
#3355=ADVANCED_FACE('',(#258),#3236,.F.);
#3356=ADVANCED_FACE('',(#259),#114,.F.);
#3357=ADVANCED_FACE('',(#260),#168,.T.);
#3358=ADVANCED_FACE('',(#261),#169,.T.);
#3359=ADVANCED_FACE('',(#262),#170,.F.);
#3360=ADVANCED_FACE('',(#263),#3237,.F.);
#3361=ADVANCED_FACE('',(#264),#171,.F.);
#3362=ADVANCED_FACE('',(#265),#172,.T.);
#3363=ADVANCED_FACE('',(#266),#3238,.F.);
#3364=ADVANCED_FACE('',(#267),#115,.F.);
#3365=ADVANCED_FACE('',(#268),#173,.T.);
#3366=ADVANCED_FACE('',(#269),#174,.T.);
#3367=ADVANCED_FACE('',(#270),#175,.F.);
#3368=ADVANCED_FACE('',(#271),#3239,.F.);
#3369=ADVANCED_FACE('',(#272),#176,.F.);
#3370=ADVANCED_FACE('',(#273),#177,.T.);
#3371=ADVANCED_FACE('',(#274),#3240,.F.);
#3372=ADVANCED_FACE('',(#275),#116,.F.);
#3373=ADVANCED_FACE('',(#276),#178,.T.);
#3374=ADVANCED_FACE('',(#277),#179,.T.);
#3375=ADVANCED_FACE('',(#278),#180,.F.);
#3376=ADVANCED_FACE('',(#279),#3241,.F.);
#3377=ADVANCED_FACE('',(#280),#181,.F.);
#3378=ADVANCED_FACE('',(#281),#182,.T.);
#3379=ADVANCED_FACE('',(#282),#3242,.F.);
#3380=ADVANCED_FACE('',(#283),#117,.F.);
#3381=ADVANCED_FACE('',(#284),#183,.T.);
#3382=ADVANCED_FACE('',(#285),#184,.T.);
#3383=ADVANCED_FACE('',(#286),#185,.F.);
#3384=ADVANCED_FACE('',(#287),#3243,.F.);
#3385=ADVANCED_FACE('',(#288),#186,.F.);
#3386=ADVANCED_FACE('',(#289),#187,.T.);
#3387=ADVANCED_FACE('',(#290),#3244,.F.);
#3388=ADVANCED_FACE('',(#291),#118,.F.);
#3389=ADVANCED_FACE('',(#292),#188,.T.);
#3390=ADVANCED_FACE('',(#293),#189,.T.);
#3391=ADVANCED_FACE('',(#294),#190,.F.);
#3392=ADVANCED_FACE('',(#295),#3245,.F.);
#3393=ADVANCED_FACE('',(#296),#191,.F.);
#3394=ADVANCED_FACE('',(#297),#192,.T.);
#3395=ADVANCED_FACE('',(#298),#3246,.F.);
#3396=ADVANCED_FACE('',(#299),#119,.F.);
#3397=ADVANCED_FACE('',(#300),#193,.T.);
#3398=ADVANCED_FACE('',(#301),#194,.T.);
#3399=ADVANCED_FACE('',(#302),#195,.F.);
#3400=ADVANCED_FACE('',(#303),#3247,.F.);
#3401=ADVANCED_FACE('',(#304),#196,.F.);
#3402=ADVANCED_FACE('',(#305),#197,.T.);
#3403=ADVANCED_FACE('',(#306),#198,.F.);
#3404=ADVANCED_FACE('',(#307),#3248,.T.);
#3405=ADVANCED_FACE('',(#308,#70,#71,#72,#73,#74,#75,#76,#77,#78,#79),#199,
 .T.);
#3406=ADVANCED_FACE('',(#309),#3249,.T.);
#3407=ADVANCED_FACE('',(#310),#200,.F.);
#3408=ADVANCED_FACE('',(#311),#3250,.T.);
#3409=ADVANCED_FACE('',(#312),#120,.T.);
#3410=ADVANCED_FACE('',(#313),#121,.F.);
#3411=ADVANCED_FACE('',(#314,#80,#81,#82,#83,#84,#85,#86,#87,#88,#89,#90,
#91,#92),#201,.F.);
#3412=ADVANCED_FACE('',(#315),#202,.T.);
#3413=ADVANCED_FACE('',(#316),#3251,.F.);
#3414=ADVANCED_FACE('',(#317),#122,.T.);
#3415=ADVANCED_FACE('',(#318),#3252,.T.);
#3416=ADVANCED_FACE('',(#319),#3253,.F.);
#3417=ADVANCED_FACE('',(#320),#45,.T.);
#3418=ADVANCED_FACE('',(#321),#3254,.F.);
#3419=ADVANCED_FACE('',(#322),#203,.T.);
#3420=ADVANCED_FACE('',(#323),#3255,.F.);
#3421=ADVANCED_FACE('',(#324),#3256,.T.);
#3422=ADVANCED_FACE('',(#325),#3257,.F.);
#3423=ADVANCED_FACE('',(#326),#204,.T.);
#3424=ADVANCED_FACE('',(#327),#3258,.F.);
#3425=ADVANCED_FACE('',(#328),#123,.F.);
#3426=ADVANCED_FACE('',(#329),#3259,.F.);
#3427=ADVANCED_FACE('',(#330,#93,#94,#95,#96,#97,#98,#99,#100,#101,#102,
#103,#104,#105),#205,.T.);
#3428=ADVANCED_FACE('',(#331),#124,.T.);
#3429=ADVANCED_FACE('',(#332,#106),#206,.T.);
#3430=ADVANCED_FACE('',(#333),#125,.F.);
#3431=ADVANCED_FACE('',(#334),#3260,.F.);
#3432=ADVANCED_FACE('',(#335),#126,.F.);
#3433=ADVANCED_FACE('',(#336),#3261,.F.);
#3434=ADVANCED_FACE('',(#337),#3262,.F.);
#3435=ADVANCED_FACE('',(#338),#127,.F.);
#3436=ADVANCED_FACE('',(#339),#3263,.F.);
#3437=ADVANCED_FACE('',(#340),#3264,.F.);
#3438=ADVANCED_FACE('',(#341),#128,.F.);
#3439=ADVANCED_FACE('',(#342),#3265,.F.);
#3440=ADVANCED_FACE('',(#343),#3266,.F.);
#3441=ADVANCED_FACE('',(#344),#129,.F.);
#3442=ADVANCED_FACE('',(#345),#3267,.F.);
#3443=ADVANCED_FACE('',(#346),#3268,.F.);
#3444=ADVANCED_FACE('',(#347),#130,.F.);
#3445=ADVANCED_FACE('',(#348),#3269,.F.);
#3446=ADVANCED_FACE('',(#349),#3270,.F.);
#3447=ADVANCED_FACE('',(#350),#131,.F.);
#3448=ADVANCED_FACE('',(#351),#3271,.F.);
#3449=ADVANCED_FACE('',(#352),#3272,.F.);
#3450=ADVANCED_FACE('',(#353),#132,.F.);
#3451=ADVANCED_FACE('',(#354),#3273,.F.);
#3452=ADVANCED_FACE('',(#355),#3274,.F.);
#3453=ADVANCED_FACE('',(#356),#133,.F.);
#3454=ADVANCED_FACE('',(#357),#3275,.F.);
#3455=ADVANCED_FACE('',(#358),#3276,.F.);
#3456=ADVANCED_FACE('',(#359),#134,.F.);
#3457=ADVANCED_FACE('',(#360),#3277,.F.);
#3458=ADVANCED_FACE('',(#361),#3278,.F.);
#3459=ADVANCED_FACE('',(#362),#135,.F.);
#3460=ADVANCED_FACE('',(#363),#3279,.F.);
#3461=ADVANCED_FACE('',(#364),#3280,.F.);
#3462=ADVANCED_FACE('',(#365),#136,.F.);
#3463=ADVANCED_FACE('',(#366),#3281,.F.);
#3464=ADVANCED_FACE('',(#367),#3282,.F.);
#3465=ADVANCED_FACE('',(#368,#107),#207,.T.);
#3466=ADVANCED_FACE('',(#369),#3283,.F.);
#3467=ADVANCED_FACE('',(#370),#3284,.T.);
#3468=ADVANCED_FACE('',(#371),#3285,.F.);
#3469=ADVANCED_FACE('',(#372),#3286,.F.);
#3470=ADVANCED_FACE('',(#373),#3287,.F.);
#3471=ADVANCED_FACE('',(#374),#3288,.F.);
#3472=ADVANCED_FACE('',(#375),#3289,.F.);
#3473=ADVANCED_FACE('',(#376),#3290,.F.);
#3474=ADVANCED_FACE('',(#377),#3291,.F.);
#3475=ADVANCED_FACE('',(#378),#3292,.F.);
#3476=ADVANCED_FACE('',(#379),#3293,.F.);
#3477=ADVANCED_FACE('',(#380),#3294,.F.);
#3478=ADVANCED_FACE('',(#381),#208,.F.);
#3479=ADVANCED_FACE('',(#382),#3295,.F.);
#3480=ADVANCED_FACE('',(#383),#3296,.F.);
#3481=ADVANCED_FACE('',(#384),#3297,.F.);
#3482=ADVANCED_FACE('',(#385),#3298,.F.);
#3483=ADVANCED_FACE('',(#386),#3299,.F.);
#3484=ADVANCED_FACE('',(#387),#3300,.F.);
#3485=ADVANCED_FACE('',(#388),#3301,.F.);
#3486=ADVANCED_FACE('',(#389),#3302,.F.);
#3487=ADVANCED_FACE('',(#390),#3303,.F.);
#3488=ADVANCED_FACE('',(#391),#3304,.F.);
#3489=ADVANCED_FACE('',(#392),#3305,.F.);
#3490=CLOSED_SHELL('',(#3306,#3307,#3308,#3309,#3310,#3311,#3312,#3313,
#3314,#3315,#3316,#3317,#3318,#3319,#3320,#3321,#3322,#3323,#3324,#3325,
#3326,#3327,#3328,#3329,#3330,#3331,#3332,#3333,#3334,#3335,#3336,#3337,
#3338,#3339,#3340,#3341,#3342,#3343,#3344,#3345,#3346,#3347,#3348,#3349,
#3350,#3351,#3352,#3353,#3354,#3355,#3356,#3357,#3358,#3359,#3360,#3361,
#3362,#3363,#3364,#3365,#3366,#3367,#3368,#3369,#3370,#3371,#3372,#3373,
#3374,#3375,#3376,#3377,#3378,#3379,#3380,#3381,#3382,#3383,#3384,#3385,
#3386,#3387,#3388,#3389,#3390,#3391,#3392,#3393,#3394,#3395,#3396,#3397,
#3398,#3399,#3400,#3401,#3402,#3403,#3404,#3405,#3406,#3407,#3408,#3409,
#3410,#3411,#3412,#3413,#3414,#3415,#3416,#3417,#3418,#3419,#3420,#3421,
#3422,#3423,#3424,#3425,#3426,#3427,#3428,#3429,#3430,#3431,#3432,#3433,
#3434,#3435,#3436,#3437,#3438,#3439,#3440,#3441,#3442,#3443,#3444,#3445,
#3446,#3447,#3448,#3449,#3450,#3451,#3452,#3453,#3454,#3455,#3456,#3457,
#3458,#3459,#3460,#3461,#3462,#3463,#3464,#3465,#3466,#3467,#3468,#3469,
#3470,#3471,#3472,#3473,#3474,#3475,#3476,#3477,#3478,#3479));
#3491=DERIVED_UNIT_ELEMENT(#3493,1.);
#3492=DERIVED_UNIT_ELEMENT(#6132,-3.);
#3493=(
MASS_UNIT()
NAMED_UNIT(*)
SI_UNIT(.KILO.,.GRAM.)
);
#3494=DERIVED_UNIT((#3491,#3492));
#3495=MEASURE_REPRESENTATION_ITEM('density measure',
POSITIVE_RATIO_MEASURE(7850.),#3494);
#3496=PROPERTY_DEFINITION_REPRESENTATION(#3501,#3498);
#3497=PROPERTY_DEFINITION_REPRESENTATION(#3502,#3499);
#3498=REPRESENTATION('material name',(#3500),#6129);
#3499=REPRESENTATION('density',(#3495),#6129);
#3500=DESCRIPTIVE_REPRESENTATION_ITEM('Steel','Steel');
#3501=PROPERTY_DEFINITION('material property','material name',#6139);
#3502=PROPERTY_DEFINITION('material property','density of part',#6139);
#3503=AXIS2_PLACEMENT_3D('',#4976,#3909,#3910);
#3504=AXIS2_PLACEMENT_3D('',#4977,#3911,#3912);
#3505=AXIS2_PLACEMENT_3D('',#4979,#3913,#3914);
#3506=AXIS2_PLACEMENT_3D('',#4983,#3916,#3917);
#3507=AXIS2_PLACEMENT_3D('',#4992,#3919,#3920);
#3508=AXIS2_PLACEMENT_3D('',#5001,#3922,#3923);
#3509=AXIS2_PLACEMENT_3D('',#5010,#3925,#3926);
#3510=AXIS2_PLACEMENT_3D('',#5019,#3928,#3929);
#3511=AXIS2_PLACEMENT_3D('',#5028,#3931,#3932);
#3512=AXIS2_PLACEMENT_3D('',#5037,#3934,#3935);
#3513=AXIS2_PLACEMENT_3D('',#5046,#3937,#3938);
#3514=AXIS2_PLACEMENT_3D('',#5055,#3940,#3941);
#3515=AXIS2_PLACEMENT_3D('',#5064,#3943,#3944);
#3516=AXIS2_PLACEMENT_3D('',#5073,#3946,#3947);
#3517=AXIS2_PLACEMENT_3D('',#5082,#3949,#3950);
#3518=AXIS2_PLACEMENT_3D('',#5091,#3952,#3953);
#3519=AXIS2_PLACEMENT_3D('',#5100,#3955,#3956);
#3520=AXIS2_PLACEMENT_3D('',#5109,#3958,#3959);
#3521=AXIS2_PLACEMENT_3D('',#5118,#3961,#3962);
#3522=AXIS2_PLACEMENT_3D('',#5127,#3964,#3965);
#3523=AXIS2_PLACEMENT_3D('',#5136,#3967,#3968);
#3524=AXIS2_PLACEMENT_3D('',#5145,#3970,#3971);
#3525=AXIS2_PLACEMENT_3D('',#5154,#3973,#3974);
#3526=AXIS2_PLACEMENT_3D('',#5163,#3976,#3977);
#3527=AXIS2_PLACEMENT_3D('',#5172,#3979,#3980);
#3528=AXIS2_PLACEMENT_3D('',#5181,#3982,#3983);
#3529=AXIS2_PLACEMENT_3D('',#5190,#3985,#3986);
#3530=AXIS2_PLACEMENT_3D('',#5198,#3988,#3989);
#3531=AXIS2_PLACEMENT_3D('',#5199,#3990,#3991);
#3532=AXIS2_PLACEMENT_3D('',#5203,#3993,#3994);
#3533=AXIS2_PLACEMENT_3D('',#5205,#3995,#3996);
#3534=AXIS2_PLACEMENT_3D('',#5207,#3998,#3999);
#3535=AXIS2_PLACEMENT_3D('',#5211,#4002,#4003);
#3536=AXIS2_PLACEMENT_3D('',#5213,#4004,#4005);
#3537=AXIS2_PLACEMENT_3D('',#5216,#4007,#4008);
#3538=AXIS2_PLACEMENT_3D('',#5218,#4010,#4011);
#3539=AXIS2_PLACEMENT_3D('',#5220,#4013,#4014);
#3540=AXIS2_PLACEMENT_3D('',#5224,#4017,#4018);
#3541=AXIS2_PLACEMENT_3D('',#5228,#4020,#4021);
#3542=AXIS2_PLACEMENT_3D('',#5231,#4023,#4024);
#3543=AXIS2_PLACEMENT_3D('',#5236,#4027,#4028);
#3544=AXIS2_PLACEMENT_3D('',#5241,#4031,#4032);
#3545=AXIS2_PLACEMENT_3D('',#5246,#4035,#4036);
#3546=AXIS2_PLACEMENT_3D('',#5251,#4039,#4040);
#3547=AXIS2_PLACEMENT_3D('',#5256,#4043,#4044);
#3548=AXIS2_PLACEMENT_3D('',#5261,#4047,#4048);
#3549=AXIS2_PLACEMENT_3D('',#5266,#4051,#4052);
#3550=AXIS2_PLACEMENT_3D('',#5271,#4055,#4056);
#3551=AXIS2_PLACEMENT_3D('',#5276,#4059,#4060);
#3552=AXIS2_PLACEMENT_3D('',#5281,#4063,#4064);
#3553=AXIS2_PLACEMENT_3D('',#5284,#4066,#4067);
#3554=AXIS2_PLACEMENT_3D('',#5286,#4068,#4069);
#3555=AXIS2_PLACEMENT_3D('',#5288,#4070,#4071);
#3556=AXIS2_PLACEMENT_3D('',#5290,#4072,#4073);
#3557=AXIS2_PLACEMENT_3D('',#5292,#4074,#4075);
#3558=AXIS2_PLACEMENT_3D('',#5294,#4076,#4077);
#3559=AXIS2_PLACEMENT_3D('',#5296,#4078,#4079);
#3560=AXIS2_PLACEMENT_3D('',#5298,#4080,#4081);
#3561=AXIS2_PLACEMENT_3D('',#5300,#4082,#4083);
#3562=AXIS2_PLACEMENT_3D('',#5302,#4084,#4085);
#3563=AXIS2_PLACEMENT_3D('',#5304,#4086,#4087);
#3564=AXIS2_PLACEMENT_3D('',#5305,#4088,#4089);
#3565=AXIS2_PLACEMENT_3D('',#5309,#4092,#4093);
#3566=AXIS2_PLACEMENT_3D('',#5313,#4096,#4097);
#3567=AXIS2_PLACEMENT_3D('',#5315,#4098,#4099);
#3568=AXIS2_PLACEMENT_3D('',#5319,#4101,#4102);
#3569=AXIS2_PLACEMENT_3D('',#5322,#4104,#4105);
#3570=AXIS2_PLACEMENT_3D('',#5323,#4106,#4107);
#3571=AXIS2_PLACEMENT_3D('',#5324,#4108,#4109);
#3572=AXIS2_PLACEMENT_3D('',#5326,#4111,#4112);
#3573=AXIS2_PLACEMENT_3D('',#5328,#4114,#4115);
#3574=AXIS2_PLACEMENT_3D('',#5330,#4117,#4118);
#3575=AXIS2_PLACEMENT_3D('',#5331,#4119,#4120);
#3576=AXIS2_PLACEMENT_3D('',#5333,#4121,#4122);
#3577=AXIS2_PLACEMENT_3D('',#5335,#4123,#4124);
#3578=AXIS2_PLACEMENT_3D('',#5337,#4125,#4126);
#3579=AXIS2_PLACEMENT_3D('',#5339,#4127,#4128);
#3580=AXIS2_PLACEMENT_3D('',#5341,#4129,#4130);
#3581=AXIS2_PLACEMENT_3D('',#5343,#4131,#4132);
#3582=AXIS2_PLACEMENT_3D('',#5345,#4133,#4134);
#3583=AXIS2_PLACEMENT_3D('',#5347,#4135,#4136);
#3584=AXIS2_PLACEMENT_3D('',#5349,#4137,#4138);
#3585=AXIS2_PLACEMENT_3D('',#5351,#4139,#4140);
#3586=AXIS2_PLACEMENT_3D('',#5353,#4141,#4142);
#3587=AXIS2_PLACEMENT_3D('',#5355,#4143,#4144);
#3588=AXIS2_PLACEMENT_3D('',#5360,#4146,#4147);
#3589=AXIS2_PLACEMENT_3D('',#5362,#4148,#4149);
#3590=AXIS2_PLACEMENT_3D('',#5364,#4150,#4151);
#3591=AXIS2_PLACEMENT_3D('',#5368,#4153,#4154);
#3592=AXIS2_PLACEMENT_3D('',#5370,#4155,#4156);
#3593=AXIS2_PLACEMENT_3D('',#5371,#4157,#4158);
#3594=AXIS2_PLACEMENT_3D('',#5372,#4159,#4160);
#3595=AXIS2_PLACEMENT_3D('',#5375,#4162,#4163);
#3596=AXIS2_PLACEMENT_3D('',#5376,#4164,#4165);
#3597=AXIS2_PLACEMENT_3D('',#5380,#4167,#4168);
#3598=AXIS2_PLACEMENT_3D('',#5384,#4170,#4171);
#3599=AXIS2_PLACEMENT_3D('',#5387,#4173,#4174);
#3600=AXIS2_PLACEMENT_3D('',#5388,#4175,#4176);
#3601=AXIS2_PLACEMENT_3D('',#5391,#4179,#4180);
#3602=AXIS2_PLACEMENT_3D('',#5393,#4182,#4183);
#3603=AXIS2_PLACEMENT_3D('',#5395,#4185,#4186);
#3604=AXIS2_PLACEMENT_3D('',#5397,#4188,#4189);
#3605=AXIS2_PLACEMENT_3D('',#5399,#4191,#4192);
#3606=AXIS2_PLACEMENT_3D('',#5400,#4193,#4194);
#3607=AXIS2_PLACEMENT_3D('',#5403,#4196,#4197);
#3608=AXIS2_PLACEMENT_3D('',#5404,#4198,#4199);
#3609=AXIS2_PLACEMENT_3D('',#5408,#4201,#4202);
#3610=AXIS2_PLACEMENT_3D('',#5412,#4204,#4205);
#3611=AXIS2_PLACEMENT_3D('',#5415,#4207,#4208);
#3612=AXIS2_PLACEMENT_3D('',#5416,#4209,#4210);
#3613=AXIS2_PLACEMENT_3D('',#5419,#4213,#4214);
#3614=AXIS2_PLACEMENT_3D('',#5421,#4216,#4217);
#3615=AXIS2_PLACEMENT_3D('',#5423,#4219,#4220);
#3616=AXIS2_PLACEMENT_3D('',#5425,#4222,#4223);
#3617=AXIS2_PLACEMENT_3D('',#5427,#4225,#4226);
#3618=AXIS2_PLACEMENT_3D('',#5428,#4227,#4228);
#3619=AXIS2_PLACEMENT_3D('',#5430,#4230,#4231);
#3620=AXIS2_PLACEMENT_3D('',#5432,#4233,#4234);
#3621=AXIS2_PLACEMENT_3D('',#5435,#4236,#4237);
#3622=AXIS2_PLACEMENT_3D('',#5436,#4238,#4239);
#3623=AXIS2_PLACEMENT_3D('',#5440,#4241,#4242);
#3624=AXIS2_PLACEMENT_3D('',#5444,#4244,#4245);
#3625=AXIS2_PLACEMENT_3D('',#5447,#4247,#4248);
#3626=AXIS2_PLACEMENT_3D('',#5448,#4249,#4250);
#3627=AXIS2_PLACEMENT_3D('',#5451,#4253,#4254);
#3628=AXIS2_PLACEMENT_3D('',#5453,#4256,#4257);
#3629=AXIS2_PLACEMENT_3D('',#5455,#4259,#4260);
#3630=AXIS2_PLACEMENT_3D('',#5457,#4262,#4263);
#3631=AXIS2_PLACEMENT_3D('',#5459,#4265,#4266);
#3632=AXIS2_PLACEMENT_3D('',#5460,#4267,#4268);
#3633=AXIS2_PLACEMENT_3D('',#5463,#4270,#4271);
#3634=AXIS2_PLACEMENT_3D('',#5464,#4272,#4273);
#3635=AXIS2_PLACEMENT_3D('',#5468,#4275,#4276);
#3636=AXIS2_PLACEMENT_3D('',#5472,#4278,#4279);
#3637=AXIS2_PLACEMENT_3D('',#5475,#4281,#4282);
#3638=AXIS2_PLACEMENT_3D('',#5476,#4283,#4284);
#3639=AXIS2_PLACEMENT_3D('',#5479,#4287,#4288);
#3640=AXIS2_PLACEMENT_3D('',#5481,#4290,#4291);
#3641=AXIS2_PLACEMENT_3D('',#5483,#4293,#4294);
#3642=AXIS2_PLACEMENT_3D('',#5485,#4296,#4297);
#3643=AXIS2_PLACEMENT_3D('',#5487,#4299,#4300);
#3644=AXIS2_PLACEMENT_3D('',#5488,#4301,#4302);
#3645=AXIS2_PLACEMENT_3D('',#5491,#4304,#4305);
#3646=AXIS2_PLACEMENT_3D('',#5492,#4306,#4307);
#3647=AXIS2_PLACEMENT_3D('',#5496,#4309,#4310);
#3648=AXIS2_PLACEMENT_3D('',#5500,#4312,#4313);
#3649=AXIS2_PLACEMENT_3D('',#5503,#4315,#4316);
#3650=AXIS2_PLACEMENT_3D('',#5504,#4317,#4318);
#3651=AXIS2_PLACEMENT_3D('',#5507,#4321,#4322);
#3652=AXIS2_PLACEMENT_3D('',#5509,#4324,#4325);
#3653=AXIS2_PLACEMENT_3D('',#5511,#4327,#4328);
#3654=AXIS2_PLACEMENT_3D('',#5513,#4330,#4331);
#3655=AXIS2_PLACEMENT_3D('',#5515,#4333,#4334);
#3656=AXIS2_PLACEMENT_3D('',#5516,#4335,#4336);
#3657=AXIS2_PLACEMENT_3D('',#5519,#4338,#4339);
#3658=AXIS2_PLACEMENT_3D('',#5520,#4340,#4341);
#3659=AXIS2_PLACEMENT_3D('',#5524,#4343,#4344);
#3660=AXIS2_PLACEMENT_3D('',#5528,#4346,#4347);
#3661=AXIS2_PLACEMENT_3D('',#5531,#4349,#4350);
#3662=AXIS2_PLACEMENT_3D('',#5532,#4351,#4352);
#3663=AXIS2_PLACEMENT_3D('',#5535,#4355,#4356);
#3664=AXIS2_PLACEMENT_3D('',#5537,#4358,#4359);
#3665=AXIS2_PLACEMENT_3D('',#5539,#4361,#4362);
#3666=AXIS2_PLACEMENT_3D('',#5541,#4364,#4365);
#3667=AXIS2_PLACEMENT_3D('',#5543,#4367,#4368);
#3668=AXIS2_PLACEMENT_3D('',#5544,#4369,#4370);
#3669=AXIS2_PLACEMENT_3D('',#5547,#4372,#4373);
#3670=AXIS2_PLACEMENT_3D('',#5548,#4374,#4375);
#3671=AXIS2_PLACEMENT_3D('',#5552,#4377,#4378);
#3672=AXIS2_PLACEMENT_3D('',#5556,#4380,#4381);
#3673=AXIS2_PLACEMENT_3D('',#5559,#4383,#4384);
#3674=AXIS2_PLACEMENT_3D('',#5560,#4385,#4386);
#3675=AXIS2_PLACEMENT_3D('',#5563,#4389,#4390);
#3676=AXIS2_PLACEMENT_3D('',#5565,#4392,#4393);
#3677=AXIS2_PLACEMENT_3D('',#5567,#4395,#4396);
#3678=AXIS2_PLACEMENT_3D('',#5569,#4398,#4399);
#3679=AXIS2_PLACEMENT_3D('',#5571,#4401,#4402);
#3680=AXIS2_PLACEMENT_3D('',#5572,#4403,#4404);
#3681=AXIS2_PLACEMENT_3D('',#5575,#4406,#4407);
#3682=AXIS2_PLACEMENT_3D('',#5576,#4408,#4409);
#3683=AXIS2_PLACEMENT_3D('',#5580,#4411,#4412);
#3684=AXIS2_PLACEMENT_3D('',#5584,#4414,#4415);
#3685=AXIS2_PLACEMENT_3D('',#5587,#4417,#4418);
#3686=AXIS2_PLACEMENT_3D('',#5588,#4419,#4420);
#3687=AXIS2_PLACEMENT_3D('',#5591,#4423,#4424);
#3688=AXIS2_PLACEMENT_3D('',#5593,#4426,#4427);
#3689=AXIS2_PLACEMENT_3D('',#5595,#4429,#4430);
#3690=AXIS2_PLACEMENT_3D('',#5597,#4432,#4433);
#3691=AXIS2_PLACEMENT_3D('',#5599,#4435,#4436);
#3692=AXIS2_PLACEMENT_3D('',#5600,#4437,#4438);
#3693=AXIS2_PLACEMENT_3D('',#5603,#4440,#4441);
#3694=AXIS2_PLACEMENT_3D('',#5604,#4442,#4443);
#3695=AXIS2_PLACEMENT_3D('',#5608,#4445,#4446);
#3696=AXIS2_PLACEMENT_3D('',#5612,#4448,#4449);
#3697=AXIS2_PLACEMENT_3D('',#5615,#4451,#4452);
#3698=AXIS2_PLACEMENT_3D('',#5616,#4453,#4454);
#3699=AXIS2_PLACEMENT_3D('',#5619,#4457,#4458);
#3700=AXIS2_PLACEMENT_3D('',#5621,#4460,#4461);
#3701=AXIS2_PLACEMENT_3D('',#5623,#4463,#4464);
#3702=AXIS2_PLACEMENT_3D('',#5625,#4466,#4467);
#3703=AXIS2_PLACEMENT_3D('',#5627,#4469,#4470);
#3704=AXIS2_PLACEMENT_3D('',#5628,#4471,#4472);
#3705=AXIS2_PLACEMENT_3D('',#5631,#4474,#4475);
#3706=AXIS2_PLACEMENT_3D('',#5632,#4476,#4477);
#3707=AXIS2_PLACEMENT_3D('',#5636,#4479,#4480);
#3708=AXIS2_PLACEMENT_3D('',#5640,#4482,#4483);
#3709=AXIS2_PLACEMENT_3D('',#5643,#4485,#4486);
#3710=AXIS2_PLACEMENT_3D('',#5644,#4487,#4488);
#3711=AXIS2_PLACEMENT_3D('',#5647,#4491,#4492);
#3712=AXIS2_PLACEMENT_3D('',#5649,#4494,#4495);
#3713=AXIS2_PLACEMENT_3D('',#5651,#4497,#4498);
#3714=AXIS2_PLACEMENT_3D('',#5653,#4500,#4501);
#3715=AXIS2_PLACEMENT_3D('',#5655,#4503,#4504);
#3716=AXIS2_PLACEMENT_3D('',#5656,#4505,#4506);
#3717=AXIS2_PLACEMENT_3D('',#5662,#4510,#4511);
#3718=AXIS2_PLACEMENT_3D('',#5665,#4513,#4514);
#3719=AXIS2_PLACEMENT_3D('',#5666,#4515,#4516);
#3720=AXIS2_PLACEMENT_3D('',#5669,#4517,#4518);
#3721=AXIS2_PLACEMENT_3D('',#5673,#4520,#4521);
#3722=AXIS2_PLACEMENT_3D('',#5675,#4522,#4523);
#3723=AXIS2_PLACEMENT_3D('',#5676,#4524,#4525);
#3724=AXIS2_PLACEMENT_3D('',#5677,#4526,#4527);
#3725=AXIS2_PLACEMENT_3D('',#5679,#4528,#4529);
#3726=AXIS2_PLACEMENT_3D('',#5681,#4530,#4531);
#3727=AXIS2_PLACEMENT_3D('',#5683,#4532,#4533);
#3728=AXIS2_PLACEMENT_3D('',#5685,#4534,#4535);
#3729=AXIS2_PLACEMENT_3D('',#5687,#4536,#4537);
#3730=AXIS2_PLACEMENT_3D('',#5689,#4538,#4539);
#3731=AXIS2_PLACEMENT_3D('',#5691,#4540,#4541);
#3732=AXIS2_PLACEMENT_3D('',#5693,#4542,#4543);
#3733=AXIS2_PLACEMENT_3D('',#5695,#4544,#4545);
#3734=AXIS2_PLACEMENT_3D('',#5697,#4546,#4547);
#3735=AXIS2_PLACEMENT_3D('',#5698,#4548,#4549);
#3736=AXIS2_PLACEMENT_3D('',#5701,#4552,#4553);
#3737=AXIS2_PLACEMENT_3D('',#5703,#4555,#4556);
#3738=AXIS2_PLACEMENT_3D('',#5706,#4557,#4558);
#3739=AXIS2_PLACEMENT_3D('',#5720,#4561,#4562);
#3740=AXIS2_PLACEMENT_3D('',#5731,#4564,#4565);
#3741=AXIS2_PLACEMENT_3D('',#5734,#4566,#4567);
#3742=AXIS2_PLACEMENT_3D('',#5736,#4568,#4569);
#3743=AXIS2_PLACEMENT_3D('',#5746,#4571,#4572);
#3744=AXIS2_PLACEMENT_3D('',#5764,#4573,#4574);
#3745=AXIS2_PLACEMENT_3D('',#5765,#4575,#4576);
#3746=AXIS2_PLACEMENT_3D('',#5769,#4578,#4579);
#3747=AXIS2_PLACEMENT_3D('',#5771,#4580,#4581);
#3748=AXIS2_PLACEMENT_3D('',#5773,#4582,#4583);
#3749=AXIS2_PLACEMENT_3D('',#5776,#4585,#4586);
#3750=AXIS2_PLACEMENT_3D('',#5778,#4587,#4588);
#3751=AXIS2_PLACEMENT_3D('',#5780,#4589,#4590);
#3752=AXIS2_PLACEMENT_3D('',#5782,#4591,#4592);
#3753=AXIS2_PLACEMENT_3D('',#5784,#4593,#4594);
#3754=AXIS2_PLACEMENT_3D('',#5786,#4595,#4596);
#3755=AXIS2_PLACEMENT_3D('',#5788,#4597,#4598);
#3756=AXIS2_PLACEMENT_3D('',#5790,#4599,#4600);
#3757=AXIS2_PLACEMENT_3D('',#5792,#4601,#4602);
#3758=AXIS2_PLACEMENT_3D('',#5794,#4603,#4604);
#3759=AXIS2_PLACEMENT_3D('',#5796,#4605,#4606);
#3760=AXIS2_PLACEMENT_3D('',#5798,#4607,#4608);
#3761=AXIS2_PLACEMENT_3D('',#5800,#4609,#4610);
#3762=AXIS2_PLACEMENT_3D('',#5801,#4611,#4612);
#3763=AXIS2_PLACEMENT_3D('',#5807,#4616,#4617);
#3764=AXIS2_PLACEMENT_3D('',#5809,#4618,#4619);
#3765=AXIS2_PLACEMENT_3D('',#5831,#4621,#4622);
#3766=AXIS2_PLACEMENT_3D('',#5832,#4623,#4624);
#3767=AXIS2_PLACEMENT_3D('',#5833,#4625,#4626);
#3768=AXIS2_PLACEMENT_3D('',#5845,#4628,#4629);
#3769=AXIS2_PLACEMENT_3D('',#5846,#4630,#4631);
#3770=AXIS2_PLACEMENT_3D('',#5848,#4632,#4633);
#3771=AXIS2_PLACEMENT_3D('',#5857,#4634,#4635);
#3772=AXIS2_PLACEMENT_3D('',#5859,#4636,#4637);
#3773=AXIS2_PLACEMENT_3D('',#5861,#4639,#4640);
#3774=AXIS2_PLACEMENT_3D('',#5865,#4643,#4644);
#3775=AXIS2_PLACEMENT_3D('',#5868,#4646,#4647);
#3776=AXIS2_PLACEMENT_3D('',#5869,#4648,#4649);
#3777=AXIS2_PLACEMENT_3D('',#5872,#4651,#4652);
#3778=AXIS2_PLACEMENT_3D('',#5873,#4653,#4654);
#3779=AXIS2_PLACEMENT_3D('',#5874,#4655,#4656);
#3780=AXIS2_PLACEMENT_3D('',#5875,#4657,#4658);
#3781=AXIS2_PLACEMENT_3D('',#5876,#4659,#4660);
#3782=AXIS2_PLACEMENT_3D('',#5879,#4662,#4663);
#3783=AXIS2_PLACEMENT_3D('',#5880,#4664,#4665);
#3784=AXIS2_PLACEMENT_3D('',#5883,#4667,#4668);
#3785=AXIS2_PLACEMENT_3D('',#5884,#4669,#4670);
#3786=AXIS2_PLACEMENT_3D('',#5887,#4672,#4673);
#3787=AXIS2_PLACEMENT_3D('',#5888,#4674,#4675);
#3788=AXIS2_PLACEMENT_3D('',#5890,#4676,#4677);
#3789=AXIS2_PLACEMENT_3D('',#5892,#4678,#4679);
#3790=AXIS2_PLACEMENT_3D('',#5894,#4680,#4681);
#3791=AXIS2_PLACEMENT_3D('',#5896,#4682,#4683);
#3792=AXIS2_PLACEMENT_3D('',#5898,#4684,#4685);
#3793=AXIS2_PLACEMENT_3D('',#5900,#4686,#4687);
#3794=AXIS2_PLACEMENT_3D('',#5902,#4688,#4689);
#3795=AXIS2_PLACEMENT_3D('',#5904,#4690,#4691);
#3796=AXIS2_PLACEMENT_3D('',#5906,#4692,#4693);
#3797=AXIS2_PLACEMENT_3D('',#5908,#4694,#4695);
#3798=AXIS2_PLACEMENT_3D('',#5910,#4696,#4697);
#3799=AXIS2_PLACEMENT_3D('',#5912,#4698,#4699);
#3800=AXIS2_PLACEMENT_3D('',#5914,#4700,#4701);
#3801=AXIS2_PLACEMENT_3D('',#5915,#4702,#4703);
#3802=AXIS2_PLACEMENT_3D('',#5917,#4704,#4705);
#3803=AXIS2_PLACEMENT_3D('',#5919,#4707,#4708);
#3804=AXIS2_PLACEMENT_3D('',#5921,#4709,#4710);
#3805=AXIS2_PLACEMENT_3D('',#5922,#4711,#4712);
#3806=AXIS2_PLACEMENT_3D('',#5924,#4714,#4715);
#3807=AXIS2_PLACEMENT_3D('',#5926,#4716,#4717);
#3808=AXIS2_PLACEMENT_3D('',#5928,#4719,#4720);
#3809=AXIS2_PLACEMENT_3D('',#5930,#4721,#4722);
#3810=AXIS2_PLACEMENT_3D('',#5932,#4724,#4725);
#3811=AXIS2_PLACEMENT_3D('',#5934,#4727,#4728);
#3812=AXIS2_PLACEMENT_3D('',#5936,#4729,#4730);
#3813=AXIS2_PLACEMENT_3D('',#5938,#4732,#4733);
#3814=AXIS2_PLACEMENT_3D('',#5940,#4734,#4735);
#3815=AXIS2_PLACEMENT_3D('',#5942,#4737,#4738);
#3816=AXIS2_PLACEMENT_3D('',#5944,#4740,#4741);
#3817=AXIS2_PLACEMENT_3D('',#5946,#4742,#4743);
#3818=AXIS2_PLACEMENT_3D('',#5948,#4745,#4746);
#3819=AXIS2_PLACEMENT_3D('',#5950,#4747,#4748);
#3820=AXIS2_PLACEMENT_3D('',#5952,#4750,#4751);
#3821=AXIS2_PLACEMENT_3D('',#5954,#4753,#4754);
#3822=AXIS2_PLACEMENT_3D('',#5956,#4755,#4756);
#3823=AXIS2_PLACEMENT_3D('',#5958,#4758,#4759);
#3824=AXIS2_PLACEMENT_3D('',#5960,#4760,#4761);
#3825=AXIS2_PLACEMENT_3D('',#5962,#4763,#4764);
#3826=AXIS2_PLACEMENT_3D('',#5964,#4766,#4767);
#3827=AXIS2_PLACEMENT_3D('',#5966,#4768,#4769);
#3828=AXIS2_PLACEMENT_3D('',#5968,#4771,#4772);
#3829=AXIS2_PLACEMENT_3D('',#5970,#4773,#4774);
#3830=AXIS2_PLACEMENT_3D('',#5972,#4776,#4777);
#3831=AXIS2_PLACEMENT_3D('',#5974,#4779,#4780);
#3832=AXIS2_PLACEMENT_3D('',#5976,#4781,#4782);
#3833=AXIS2_PLACEMENT_3D('',#5978,#4784,#4785);
#3834=AXIS2_PLACEMENT_3D('',#5980,#4786,#4787);
#3835=AXIS2_PLACEMENT_3D('',#5982,#4789,#4790);
#3836=AXIS2_PLACEMENT_3D('',#5984,#4792,#4793);
#3837=AXIS2_PLACEMENT_3D('',#5986,#4794,#4795);
#3838=AXIS2_PLACEMENT_3D('',#5988,#4797,#4798);
#3839=AXIS2_PLACEMENT_3D('',#5990,#4799,#4800);
#3840=AXIS2_PLACEMENT_3D('',#5992,#4802,#4803);
#3841=AXIS2_PLACEMENT_3D('',#5994,#4805,#4806);
#3842=AXIS2_PLACEMENT_3D('',#5996,#4807,#4808);
#3843=AXIS2_PLACEMENT_3D('',#5998,#4810,#4811);
#3844=AXIS2_PLACEMENT_3D('',#6000,#4812,#4813);
#3845=AXIS2_PLACEMENT_3D('',#6002,#4815,#4816);
#3846=AXIS2_PLACEMENT_3D('',#6004,#4818,#4819);
#3847=AXIS2_PLACEMENT_3D('',#6006,#4820,#4821);
#3848=AXIS2_PLACEMENT_3D('',#6008,#4823,#4824);
#3849=AXIS2_PLACEMENT_3D('',#6010,#4825,#4826);
#3850=AXIS2_PLACEMENT_3D('',#6012,#4828,#4829);
#3851=AXIS2_PLACEMENT_3D('',#6014,#4831,#4832);
#3852=AXIS2_PLACEMENT_3D('',#6016,#4833,#4834);
#3853=AXIS2_PLACEMENT_3D('',#6018,#4836,#4837);
#3854=AXIS2_PLACEMENT_3D('',#6020,#4838,#4839);
#3855=AXIS2_PLACEMENT_3D('',#6022,#4841,#4842);
#3856=AXIS2_PLACEMENT_3D('',#6024,#4844,#4845);
#3857=AXIS2_PLACEMENT_3D('',#6026,#4846,#4847);
#3858=AXIS2_PLACEMENT_3D('',#6028,#4849,#4850);
#3859=AXIS2_PLACEMENT_3D('',#6030,#4851,#4852);
#3860=AXIS2_PLACEMENT_3D('',#6032,#4854,#4855);
#3861=AXIS2_PLACEMENT_3D('',#6034,#4857,#4858);
#3862=AXIS2_PLACEMENT_3D('',#6036,#4859,#4860);
#3863=AXIS2_PLACEMENT_3D('',#6038,#4862,#4863);
#3864=AXIS2_PLACEMENT_3D('',#6040,#4864,#4865);
#3865=AXIS2_PLACEMENT_3D('',#6041,#4866,#4867);
#3866=AXIS2_PLACEMENT_3D('',#6043,#4869,#4870);
#3867=AXIS2_PLACEMENT_3D('',#6044,#4871,#4872);
#3868=AXIS2_PLACEMENT_3D('',#6046,#4874,#4875);
#3869=AXIS2_PLACEMENT_3D('',#6048,#4877,#4878);
#3870=AXIS2_PLACEMENT_3D('',#6050,#4880,#4881);
#3871=AXIS2_PLACEMENT_3D('',#6052,#4883,#4884);
#3872=AXIS2_PLACEMENT_3D('',#6054,#4886,#4887);
#3873=AXIS2_PLACEMENT_3D('',#6056,#4889,#4890);
#3874=AXIS2_PLACEMENT_3D('',#6058,#4892,#4893);
#3875=AXIS2_PLACEMENT_3D('',#6060,#4895,#4896);
#3876=AXIS2_PLACEMENT_3D('',#6062,#4898,#4899);
#3877=AXIS2_PLACEMENT_3D('',#6064,#4901,#4902);
#3878=AXIS2_PLACEMENT_3D('',#6066,#4904,#4905);
#3879=AXIS2_PLACEMENT_3D('',#6067,#4906,#4907);
#3880=AXIS2_PLACEMENT_3D('',#6069,#4908,#4909);
#3881=AXIS2_PLACEMENT_3D('',#6072,#4911,#4912);
#3882=AXIS2_PLACEMENT_3D('',#6073,#4913,#4914);
#3883=AXIS2_PLACEMENT_3D('',#6075,#4915,#4916);
#3884=AXIS2_PLACEMENT_3D('',#6078,#4918,#4919);
#3885=AXIS2_PLACEMENT_3D('',#6079,#4920,#4921);
#3886=AXIS2_PLACEMENT_3D('',#6081,#4922,#4923);
#3887=AXIS2_PLACEMENT_3D('',#6084,#4925,#4926);
#3888=AXIS2_PLACEMENT_3D('',#6085,#4927,#4928);
#3889=AXIS2_PLACEMENT_3D('',#6087,#4929,#4930);
#3890=AXIS2_PLACEMENT_3D('',#6090,#4932,#4933);
#3891=AXIS2_PLACEMENT_3D('',#6091,#4934,#4935);
#3892=AXIS2_PLACEMENT_3D('',#6093,#4936,#4937);
#3893=AXIS2_PLACEMENT_3D('',#6096,#4939,#4940);
#3894=AXIS2_PLACEMENT_3D('',#6097,#4941,#4942);
#3895=AXIS2_PLACEMENT_3D('',#6099,#4943,#4944);
#3896=AXIS2_PLACEMENT_3D('',#6102,#4946,#4947);
#3897=AXIS2_PLACEMENT_3D('',#6103,#4948,#4949);
#3898=AXIS2_PLACEMENT_3D('',#6105,#4950,#4951);
#3899=AXIS2_PLACEMENT_3D('',#6108,#4953,#4954);
#3900=AXIS2_PLACEMENT_3D('',#6109,#4955,#4956);
#3901=AXIS2_PLACEMENT_3D('',#6111,#4957,#4958);
#3902=AXIS2_PLACEMENT_3D('',#6114,#4960,#4961);
#3903=AXIS2_PLACEMENT_3D('',#6115,#4962,#4963);
#3904=AXIS2_PLACEMENT_3D('',#6117,#4964,#4965);
#3905=AXIS2_PLACEMENT_3D('',#6120,#4967,#4968);
#3906=AXIS2_PLACEMENT_3D('',#6121,#4969,#4970);
#3907=AXIS2_PLACEMENT_3D('',#6123,#4971,#4972);
#3908=AXIS2_PLACEMENT_3D('',#6126,#4974,#4975);
#3909=DIRECTION('axis',(0.,0.,1.));
#3910=DIRECTION('refdir',(1.,0.,0.));
#3911=DIRECTION('center_axis',(0.,0.,-1.));
#3912=DIRECTION('ref_axis',(-1.,0.,0.));
#3913=DIRECTION('center_axis',(0.,0.,1.));
#3914=DIRECTION('ref_axis',(1.,0.,0.));
#3915=DIRECTION('',(0.,0.,1.));
#3916=DIRECTION('center_axis',(0.,0.,-1.));
#3917=DIRECTION('ref_axis',(1.,0.,0.));
#3918=DIRECTION('',(2.612767141529E-11,6.334602674055E-10,1.));
#3919=DIRECTION('center_axis',(0.,0.,-1.));
#3920=DIRECTION('ref_axis',(0.997797853829331,-0.0663282963265321,0.));
#3921=DIRECTION('',(6.813089768189E-11,4.058721608776E-10,-1.));
#3922=DIRECTION('center_axis',(0.,0.,-1.));
#3923=DIRECTION('ref_axis',(0.989302867453825,-0.145876099645004,0.));
#3924=DIRECTION('',(3.368784611218E-10,5.333333766501E-10,1.));
#3925=DIRECTION('center_axis',(0.,0.,-1.));
#3926=DIRECTION('ref_axis',(0.830954141094589,-0.556340916523092,0.));
#3927=DIRECTION('',(2.580691213742E-10,3.100605483597E-10,-1.));
#3928=DIRECTION('center_axis',(0.,0.,-1.));
#3929=DIRECTION('ref_axis',(0.783823365429376,-0.620983841824381,0.));
#3930=DIRECTION('',(5.593798431819E-10,2.893939052246E-10,1.));
#3931=DIRECTION('center_axis',(0.,0.,-1.));
#3932=DIRECTION('ref_axis',(0.441456937306173,-0.897282437421046,0.));
#3933=DIRECTION('',(3.859871149062E-10,1.433672227143E-10,-1.));
#3934=DIRECTION('center_axis',(0.,0.,-1.));
#3935=DIRECTION('ref_axis',(0.368319025629308,-0.92969946507432,0.));
#3936=DIRECTION('',(6.334653427107E-10,-2.608706897331E-11,1.));
#3937=DIRECTION('center_axis',(0.,0.,-1.));
#3938=DIRECTION('ref_axis',(-0.0663282963265321,-0.997797853829331,0.));
#3939=DIRECTION('',(4.052834254686E-10,-6.800909035588E-11,-1.));
#3940=DIRECTION('center_axis',(0.,0.,-1.));
#3941=DIRECTION('ref_axis',(-0.145876099645004,-0.989302867453825,0.));
#3942=DIRECTION('',(5.332724729871E-10,-3.368378586798E-10,1.));
#3943=DIRECTION('center_axis',(0.,0.,-1.));
#3944=DIRECTION('ref_axis',(-0.556340916523092,-0.830954141094589,0.));
#3945=DIRECTION('',(3.100605483597E-10,-2.580691213742E-10,-1.));
#3946=DIRECTION('center_axis',(0.,0.,-1.));
#3947=DIRECTION('ref_axis',(-0.620983841824381,-0.783823365429376,0.));
#3948=DIRECTION('',(2.894345076665E-10,-5.594305962344E-10,1.));
#3949=DIRECTION('center_axis',(0.,0.,-1.));
#3950=DIRECTION('ref_axis',(-0.897282437421046,-0.441456937306173,0.));
#3951=DIRECTION('',(1.433266202723E-10,-3.859871149062E-10,-1.));
#3952=DIRECTION('center_axis',(0.,0.,-1.));
#3953=DIRECTION('ref_axis',(-1.,0.,0.));
#3954=DIRECTION('',(-2.608706897339E-11,-6.333574924762E-10,1.));
#3955=DIRECTION('center_axis',(0.,0.,-1.));
#3956=DIRECTION('ref_axis',(-0.99779785382933,0.066328296326552,0.));
#3957=DIRECTION('',(-6.800909035588E-11,-4.052783501633E-10,-1.));
#3958=DIRECTION('center_axis',(0.,0.,-1.));
#3959=DIRECTION('ref_axis',(-0.989302867453825,0.145876099645004,0.));
#3960=DIRECTION('',(-3.368784611218E-10,-5.333333766501E-10,1.));
#3961=DIRECTION('center_axis',(0.,0.,-1.));
#3962=DIRECTION('ref_axis',(-0.830954141094589,0.556340916523092,0.));
#3963=DIRECTION('',(-2.580285189322E-10,-3.100402471387E-10,-1.));
#3964=DIRECTION('center_axis',(0.,0.,-1.));
#3965=DIRECTION('ref_axis',(-0.783823365429376,0.620983841824381,0.));
#3966=DIRECTION('',(-5.594407468448E-10,-2.894345076665E-10,1.));
#3967=DIRECTION('center_axis',(0.,0.,-1.));
#3968=DIRECTION('ref_axis',(-0.441456937306173,0.897282437421046,0.));
#3969=DIRECTION('',(-3.860480185692E-10,-1.433875239353E-10,-1.));
#3970=DIRECTION('center_axis',(0.,0.,-1.));
#3971=DIRECTION('ref_axis',(-0.368319025629308,0.92969946507432,0.));
#3972=DIRECTION('',(-6.334653427107E-10,2.608706897331E-11,1.));
#3973=DIRECTION('center_axis',(0.,0.,-1.));
#3974=DIRECTION('ref_axis',(0.0663282963265321,0.997797853829331,0.));
#3975=DIRECTION('',(-4.052732748581E-10,6.800909035588E-11,-1.));
#3976=DIRECTION('center_axis',(0.,0.,-1.));
#3977=DIRECTION('ref_axis',(0.145876099645004,0.989302867453825,0.));
#3978=DIRECTION('',(-5.333333766501E-10,3.368784611218E-10,1.));
#3979=DIRECTION('center_axis',(0.,0.,-1.));
#3980=DIRECTION('ref_axis',(0.556340916523092,0.830954141094589,0.));
#3981=DIRECTION('',(-3.100199459177E-10,2.580488201533E-10,-1.));
#3982=DIRECTION('center_axis',(0.,0.,-1.));
#3983=DIRECTION('ref_axis',(0.620983841824381,0.783823365429376,0.));
#3984=DIRECTION('',(-2.894142064455E-10,5.594204456238E-10,1.));
#3985=DIRECTION('center_axis',(0.,0.,-1.));
#3986=DIRECTION('ref_axis',(0.897282437421046,0.441456937306173,0.));
#3987=DIRECTION('',(-1.442604764384E-10,3.88798834015E-10,-1.));
#3988=DIRECTION('center_axis',(0.,0.,-1.));
#3989=DIRECTION('ref_axis',(1.,0.,0.));
#3990=DIRECTION('center_axis',(0.,0.,1.));
#3991=DIRECTION('ref_axis',(0.500000000000017,0.866025403784429,0.));
#3992=DIRECTION('',(0.913545457643039,0.406736643074817,0.));
#3993=DIRECTION('center_axis',(0.,0.,1.));
#3994=DIRECTION('ref_axis',(0.406736643031101,-0.913545457662502,0.));
#3995=DIRECTION('center_axis',(0.,0.,1.));
#3996=DIRECTION('ref_axis',(0.406736643031101,-0.913545457662502,0.));
#3997=DIRECTION('',(-0.913545457643001,-0.406736643074901,0.));
#3998=DIRECTION('center_axis',(0.287606238475903,-0.645974188021207,0.707106781186607));
#3999=DIRECTION('ref_axis',(0.287606238475914,-0.645974188021333,-0.707106781186488));
#4000=DIRECTION('',(-0.913545457652797,-0.406736643052899,5.69229650725098E-11));
#4001=DIRECTION('',(0.287606220173094,-0.645974196619186,-0.707106780776385));
#4002=DIRECTION('center_axis',(0.,0.,1.));
#4003=DIRECTION('ref_axis',(-0.500000000000017,-0.866025403784429,0.));
#4004=DIRECTION('center_axis',(0.,0.,1.));
#4005=DIRECTION('ref_axis',(-0.500000000000017,-0.866025403784429,0.));
#4006=DIRECTION('',(0.353553390593285,0.612372435695788,0.707106781186548));
#4007=DIRECTION('center_axis',(0.,0.,-1.));
#4008=DIRECTION('ref_axis',(-0.500000000000017,-0.866025403784429,0.));
#4009=DIRECTION('',(0.287606189797197,-0.645974209984893,0.707106780921193));
#4010=DIRECTION('center_axis',(-0.287606238475905,0.645974188021311,0.707106781186512));
#4011=DIRECTION('ref_axis',(-0.287606238475913,0.645974188021229,-0.707106781186583));
#4012=DIRECTION('',(0.913545457636848,0.406736643088721,-3.66049665683319E-11));
#4013=DIRECTION('center_axis',(0.4067366430758,-0.913545457642601,0.));
#4014=DIRECTION('ref_axis',(0.913545457642601,0.4067366430758,0.));
#4015=DIRECTION('',(3.329968679292E-8,1.448594639997E-8,0.999999999999999));
#4016=DIRECTION('',(0.913545457643092,0.406736643074697,0.));
#4017=DIRECTION('center_axis',(0.,0.,1.));
#4018=DIRECTION('ref_axis',(1.,0.,0.));
#4019=DIRECTION('',(0.994521895368269,-0.104528463267697,0.));
#4020=DIRECTION('center_axis',(0.,0.,1.));
#4021=DIRECTION('ref_axis',(-0.866025403784386,-0.500000000000092,0.));
#4022=DIRECTION('',(-0.994521895368279,0.104528463267598,0.));
#4023=DIRECTION('center_axis',(0.,0.,1.));
#4024=DIRECTION('ref_axis',(-0.500000000000092,-0.866025403784386,0.));
#4025=DIRECTION('',(-0.913545457643274,-0.406736643074288,0.));
#4026=DIRECTION('',(0.587785252292222,0.80901699437513,0.));
#4027=DIRECTION('center_axis',(0.,0.,1.));
#4028=DIRECTION('ref_axis',(0.,-1.,0.));
#4029=DIRECTION('',(-0.587785252293096,-0.809016994374495,0.));
#4030=DIRECTION('',(0.104528463267697,0.994521895368269,0.));
#4031=DIRECTION('center_axis',(0.,0.,1.));
#4032=DIRECTION('ref_axis',(0.500000000000092,-0.866025403784386,0.));
#4033=DIRECTION('',(-0.104528463267598,-0.994521895368279,0.));
#4034=DIRECTION('',(-0.406736643074697,0.913545457643092,0.));
#4035=DIRECTION('center_axis',(0.,0.,1.));
#4036=DIRECTION('ref_axis',(0.866025403784386,-0.500000000000092,0.));
#4037=DIRECTION('',(0.406736643074288,-0.913545457643274,0.));
#4038=DIRECTION('',(-0.80901699437513,0.587785252292222,0.));
#4039=DIRECTION('center_axis',(0.,0.,1.));
#4040=DIRECTION('ref_axis',(1.,0.,0.));
#4041=DIRECTION('',(0.809016994374495,-0.587785252293096,0.));
#4042=DIRECTION('',(-0.994521895368269,0.104528463267697,0.));
#4043=DIRECTION('center_axis',(0.,0.,1.));
#4044=DIRECTION('ref_axis',(0.866025403784386,0.500000000000092,0.));
#4045=DIRECTION('',(0.994521895368279,-0.104528463267598,0.));
#4046=DIRECTION('',(-0.913545457643092,-0.406736643074697,0.));
#4047=DIRECTION('center_axis',(0.,0.,1.));
#4048=DIRECTION('ref_axis',(0.500000000000092,0.866025403784386,0.));
#4049=DIRECTION('',(0.913545457643274,0.406736643074288,0.));
#4050=DIRECTION('',(-0.587785252292222,-0.80901699437513,0.));
#4051=DIRECTION('center_axis',(0.,0.,1.));
#4052=DIRECTION('ref_axis',(0.,1.,0.));
#4053=DIRECTION('',(0.587785252293096,0.809016994374495,0.));
#4054=DIRECTION('',(-0.104528463267697,-0.994521895368269,0.));
#4055=DIRECTION('center_axis',(0.,0.,1.));
#4056=DIRECTION('ref_axis',(-0.500000000000092,0.866025403784386,0.));
#4057=DIRECTION('',(0.104528463267598,0.994521895368279,0.));
#4058=DIRECTION('',(0.406736643074697,-0.913545457643092,0.));
#4059=DIRECTION('center_axis',(0.,0.,1.));
#4060=DIRECTION('ref_axis',(-0.866025403784386,0.500000000000092,0.));
#4061=DIRECTION('',(-0.406736643074288,0.913545457643274,0.));
#4062=DIRECTION('',(0.80901699437513,-0.587785252292222,0.));
#4063=DIRECTION('center_axis',(0.,0.,1.));
#4064=DIRECTION('ref_axis',(-1.,0.,0.));
#4065=DIRECTION('',(-0.809016994374495,0.587785252293096,0.));
#4066=DIRECTION('center_axis',(0.,0.,1.));
#4067=DIRECTION('ref_axis',(-1.,0.,0.));
#4068=DIRECTION('center_axis',(0.,0.,1.));
#4069=DIRECTION('ref_axis',(-0.809016994375847,0.587785252291234,0.));
#4070=DIRECTION('center_axis',(0.,0.,1.));
#4071=DIRECTION('ref_axis',(-0.309016994375311,0.951056516295035,0.));
#4072=DIRECTION('center_axis',(0.,0.,1.));
#4073=DIRECTION('ref_axis',(0.309016994375101,0.951056516295104,0.));
#4074=DIRECTION('center_axis',(0.,0.,1.));
#4075=DIRECTION('ref_axis',(0.809016994375294,0.587785252291996,0.));
#4076=DIRECTION('center_axis',(0.,0.,1.));
#4077=DIRECTION('ref_axis',(1.,0.,0.));
#4078=DIRECTION('center_axis',(0.,0.,1.));
#4079=DIRECTION('ref_axis',(0.809016994375847,-0.587785252291234,0.));
#4080=DIRECTION('center_axis',(0.,0.,1.));
#4081=DIRECTION('ref_axis',(0.309016994375311,-0.951056516295035,0.));
#4082=DIRECTION('center_axis',(0.,0.,1.));
#4083=DIRECTION('ref_axis',(-0.309016994375101,-0.951056516295104,0.));
#4084=DIRECTION('center_axis',(0.,0.,1.));
#4085=DIRECTION('ref_axis',(-0.809016994375294,-0.587785252291996,0.));
#4086=DIRECTION('center_axis',(0.,0.,1.));
#4087=DIRECTION('ref_axis',(-1.,0.,0.));
#4088=DIRECTION('center_axis',(-0.104528463267697,-0.994521895368269,0.));
#4089=DIRECTION('ref_axis',(0.994521895368269,-0.104528463267697,0.));
#4090=DIRECTION('',(0.994521895369867,-0.104528463252496,-3.65453863252288E-11));
#4091=DIRECTION('',(3.602703402785E-8,-4.096476805538E-9,0.999999999999999));
#4092=DIRECTION('center_axis',(0.0739127852035727,0.703233176253426,0.707106781186526));
#4093=DIRECTION('ref_axis',(0.0739127852035681,0.703233176253382,-0.707106781186569));
#4094=DIRECTION('',(-0.994521895368279,0.104528463267598,0.));
#4095=DIRECTION('',(-0.0739128384864234,-0.703233170921533,0.707106780919633));
#4096=DIRECTION('center_axis',(0.,0.,1.));
#4097=DIRECTION('ref_axis',(-0.866025403784429,-0.500000000000017,0.));
#4098=DIRECTION('center_axis',(0.,0.,1.));
#4099=DIRECTION('ref_axis',(-0.866025403784429,-0.500000000000017,0.));
#4100=DIRECTION('',(0.612372435695788,0.353553390593286,0.707106781186547));
#4101=DIRECTION('center_axis',(0.,0.,1.));
#4102=DIRECTION('ref_axis',(-0.104528463264105,-0.994521895368646,0.));
#4103=DIRECTION('',(-0.0739128054324538,-0.703233174540336,-0.707106780775736));
#4104=DIRECTION('center_axis',(0.,0.,-1.));
#4105=DIRECTION('ref_axis',(-0.866025403784429,-0.500000000000017,0.));
#4106=DIRECTION('center_axis',(0.,0.,1.));
#4107=DIRECTION('ref_axis',(-0.104528463264105,-0.994521895368646,0.));
#4108=DIRECTION('center_axis',(0.,0.,1.));
#4109=DIRECTION('ref_axis',(0.866025403784429,0.500000000000017,0.));
#4110=DIRECTION('',(0.994521895368279,-0.104528463267598,0.));
#4111=DIRECTION('center_axis',(-0.0739127852035727,-0.703233176253426,0.707106781186526));
#4112=DIRECTION('ref_axis',(-0.0739127852035681,-0.703233176253382,-0.707106781186569));
#4113=DIRECTION('',(-0.994521895365819,0.104528463291002,5.65592418693511E-11));
#4114=DIRECTION('center_axis',(0.104528463267697,0.994521895368269,0.));
#4115=DIRECTION('ref_axis',(-0.994521895368269,0.104528463267697,0.));
#4116=DIRECTION('',(-3.226134022918E-8,2.913537344573E-9,-1.));
#4117=DIRECTION('center_axis',(0.,0.,1.));
#4118=DIRECTION('ref_axis',(-0.866025403784429,-0.500000000000017,0.));
#4119=DIRECTION('center_axis',(0.,0.,-1.));
#4120=DIRECTION('ref_axis',(-1.,0.,0.));
#4121=DIRECTION('center_axis',(0.,0.,-1.));
#4122=DIRECTION('ref_axis',(-1.,0.,0.));
#4123=DIRECTION('center_axis',(0.,0.,-1.));
#4124=DIRECTION('ref_axis',(1.,0.,0.));
#4125=DIRECTION('center_axis',(0.,0.,-1.));
#4126=DIRECTION('ref_axis',(0.866025403784429,0.500000000000017,0.));
#4127=DIRECTION('center_axis',(0.,0.,-1.));
#4128=DIRECTION('ref_axis',(0.500000000000017,0.866025403784429,0.));
#4129=DIRECTION('center_axis',(0.,0.,-1.));
#4130=DIRECTION('ref_axis',(0.,1.,0.));
#4131=DIRECTION('center_axis',(0.,0.,-1.));
#4132=DIRECTION('ref_axis',(-0.500000000000017,0.866025403784429,0.));
#4133=DIRECTION('center_axis',(0.,0.,-1.));
#4134=DIRECTION('ref_axis',(-0.866025403784429,0.500000000000017,0.));
#4135=DIRECTION('center_axis',(0.,0.,-1.));
#4136=DIRECTION('ref_axis',(-0.866025403784429,-0.500000000000017,0.));
#4137=DIRECTION('center_axis',(0.,0.,-1.));
#4138=DIRECTION('ref_axis',(-0.500000000000017,-0.866025403784429,0.));
#4139=DIRECTION('center_axis',(0.,0.,-1.));
#4140=DIRECTION('ref_axis',(0.,-1.,0.));
#4141=DIRECTION('center_axis',(0.,0.,-1.));
#4142=DIRECTION('ref_axis',(0.500000000000017,-0.866025403784429,0.));
#4143=DIRECTION('center_axis',(0.,0.,-1.));
#4144=DIRECTION('ref_axis',(0.866025403784429,-0.500000000000017,0.));
#4145=DIRECTION('',(-0.629320391048696,0.777145961457895,0.));
#4146=DIRECTION('center_axis',(0.,0.,-1.));
#4147=DIRECTION('ref_axis',(-0.476640639424182,-0.879098231626766,0.));
#4148=DIRECTION('center_axis',(0.,0.,-1.));
#4149=DIRECTION('ref_axis',(-0.77879508623942,0.627278417968716,0.));
#4150=DIRECTION('center_axis',(0.,0.,-1.));
#4151=DIRECTION('ref_axis',(0.777145961446219,0.629320391063115,0.));
#4152=DIRECTION('',(0.629320391050687,-0.777145961456283,0.));
#4153=DIRECTION('center_axis',(0.,0.,-1.));
#4154=DIRECTION('ref_axis',(-0.77203472939778,0.635580346300683,0.));
#4155=DIRECTION('center_axis',(0.,0.,-1.));
#4156=DIRECTION('ref_axis',(-1.,0.,0.));
#4157=DIRECTION('center_axis',(0.,0.,-1.));
#4158=DIRECTION('ref_axis',(-0.777145961463222,-0.629320391042118,0.));
#4159=DIRECTION('center_axis',(0.,0.,1.));
#4160=DIRECTION('ref_axis',(-1.,0.,0.));
#4161=DIRECTION('',(0.,0.,1.));
#4162=DIRECTION('center_axis',(0.,0.,1.));
#4163=DIRECTION('ref_axis',(-1.,0.,0.));
#4164=DIRECTION('center_axis',(0.,0.,1.));
#4165=DIRECTION('ref_axis',(-1.,0.,0.));
#4166=DIRECTION('',(0.707106781186548,8.65956056235493E-17,0.707106781186548));
#4167=DIRECTION('center_axis',(0.,0.,1.));
#4168=DIRECTION('ref_axis',(-0.587785252293905,-0.809016994373907,0.));
#4169=DIRECTION('',(-0.41562695445511,-0.572061391207113,-0.707106780776816));
#4170=DIRECTION('center_axis',(0.,0.,-1.));
#4171=DIRECTION('ref_axis',(-1.,0.,0.));
#4172=DIRECTION('',(-0.415626977956501,-0.572061373951902,0.707106780922802));
#4173=DIRECTION('center_axis',(0.,0.,1.));
#4174=DIRECTION('ref_axis',(-0.587785252293905,-0.809016994373907,0.));
#4175=DIRECTION('center_axis',(0.,0.,1.));
#4176=DIRECTION('ref_axis',(1.,0.,0.));
#4177=DIRECTION('',(0.809016994375212,-0.587785252292109,4.33551921082606E-14));
#4178=DIRECTION('',(-0.80901699437513,0.587785252292222,0.));
#4179=DIRECTION('center_axis',(-0.415626937777502,-0.572061402817703,0.707106781186504));
#4180=DIRECTION('ref_axis',(-0.415626937777498,-0.572061402817598,-0.707106781186591));
#4181=DIRECTION('',(-0.809016994360822,0.587785252311916,5.69581457882815E-11));
#4182=DIRECTION('center_axis',(0.587785252292513,0.809016994374918,0.));
#4183=DIRECTION('ref_axis',(-0.809016994374918,0.587785252292513,0.));
#4184=DIRECTION('',(-2.643795528692E-8,1.862367020381E-8,-1.));
#4185=DIRECTION('center_axis',(0.,0.,1.));
#4186=DIRECTION('ref_axis',(-1.,0.,0.));
#4187=DIRECTION('',(4.86887025575699E-8,-3.57435274765099E-8,0.999999999999998));
#4188=DIRECTION('center_axis',(-0.587785252292513,-0.809016994374918,0.));
#4189=DIRECTION('ref_axis',(0.809016994374918,-0.587785252292513,0.));
#4190=DIRECTION('',(0.809016994384218,-0.587785252279713,-3.66779760273508E-11));
#4191=DIRECTION('center_axis',(0.415626937777473,0.572061402817663,0.707106781186554));
#4192=DIRECTION('ref_axis',(0.41562693777748,0.572061402817673,-0.707106781186541));
#4193=DIRECTION('center_axis',(0.,0.,1.));
#4194=DIRECTION('ref_axis',(1.,0.,0.));
#4195=DIRECTION('',(0.,0.,1.));
#4196=DIRECTION('center_axis',(0.,0.,1.));
#4197=DIRECTION('ref_axis',(1.,0.,0.));
#4198=DIRECTION('center_axis',(0.,0.,1.));
#4199=DIRECTION('ref_axis',(1.,0.,0.));
#4200=DIRECTION('',(-0.707106781186548,-8.65956056235493E-17,0.707106781186548));
#4201=DIRECTION('center_axis',(0.,0.,1.));
#4202=DIRECTION('ref_axis',(0.587785252293905,0.809016994373907,0.));
#4203=DIRECTION('',(0.41562695445511,0.572061391207113,-0.707106780776816));
#4204=DIRECTION('center_axis',(0.,0.,-1.));
#4205=DIRECTION('ref_axis',(1.,0.,0.));
#4206=DIRECTION('',(0.415626977956501,0.572061373951902,0.707106780922802));
#4207=DIRECTION('center_axis',(0.,0.,1.));
#4208=DIRECTION('ref_axis',(0.587785252293905,0.809016994373907,0.));
#4209=DIRECTION('center_axis',(0.,0.,1.));
#4210=DIRECTION('ref_axis',(-1.,0.,0.));
#4211=DIRECTION('',(-0.809016994375212,0.587785252292109,4.33551921082606E-14));
#4212=DIRECTION('',(0.80901699437513,-0.587785252292222,-1.35720600905905E-14));
#4213=DIRECTION('center_axis',(0.415626937777502,0.572061402817703,0.707106781186504));
#4214=DIRECTION('ref_axis',(0.415626937777498,0.572061402817598,-0.707106781186591));
#4215=DIRECTION('',(0.809016994360822,-0.587785252311916,5.69566326392315E-11));
#4216=DIRECTION('center_axis',(-0.587785252292513,-0.809016994374918,0.));
#4217=DIRECTION('ref_axis',(0.809016994374918,-0.587785252292513,0.));
#4218=DIRECTION('',(2.643795528692E-8,-1.862367020381E-8,-1.));
#4219=DIRECTION('center_axis',(0.,0.,1.));
#4220=DIRECTION('ref_axis',(1.,0.,0.));
#4221=DIRECTION('',(-4.86886822563399E-8,3.57435680789499E-8,0.999999999999998));
#4222=DIRECTION('center_axis',(0.587785252292513,0.809016994374918,0.));
#4223=DIRECTION('ref_axis',(-0.809016994374918,0.587785252292513,0.));
#4224=DIRECTION('',(-0.809016994384218,0.587785252279713,-3.66624662497508E-11));
#4225=DIRECTION('center_axis',(-0.415626937777502,-0.572061402817703,0.707106781186504));
#4226=DIRECTION('ref_axis',(-0.415626937777498,-0.572061402817598,-0.707106781186591));
#4227=DIRECTION('center_axis',(0.,0.,1.));
#4228=DIRECTION('ref_axis',(-0.866025403784429,-0.500000000000017,0.));
#4229=DIRECTION('',(0.,0.,1.));
#4230=DIRECTION('center_axis',(0.,0.,1.));
#4231=DIRECTION('ref_axis',(-0.500000000000017,-0.866025403784429,0.));
#4232=DIRECTION('',(0.,0.,1.));
#4233=DIRECTION('center_axis',(0.,0.,1.));
#4234=DIRECTION('ref_axis',(0.,-1.,0.));
#4235=DIRECTION('',(0.,0.,1.));
#4236=DIRECTION('center_axis',(0.,0.,1.));
#4237=DIRECTION('ref_axis',(0.,-1.,0.));
#4238=DIRECTION('center_axis',(0.,0.,1.));
#4239=DIRECTION('ref_axis',(0.,-1.,0.));
#4240=DIRECTION('',(-8.65956056235493E-17,0.707106781186547,0.707106781186547));
#4241=DIRECTION('center_axis',(0.,0.,1.));
#4242=DIRECTION('ref_axis',(0.,1.,0.));
#4243=DIRECTION('',(0.572061390708299,-0.415626955141699,-0.707106780776798));
#4244=DIRECTION('center_axis',(0.,0.,-1.));
#4245=DIRECTION('ref_axis',(0.,-1.,0.));
#4246=DIRECTION('',(0.572061373951902,-0.415626977956501,0.707106780922802));
#4247=DIRECTION('center_axis',(0.,0.,1.));
#4248=DIRECTION('ref_axis',(0.,1.,0.));
#4249=DIRECTION('center_axis',(0.,0.,1.));
#4250=DIRECTION('ref_axis',(0.,1.,0.));
#4251=DIRECTION('',(0.587785252292109,0.809016994375212,4.33551921038507E-14));
#4252=DIRECTION('',(-0.587785252292222,-0.80901699437513,-1.35720600905905E-14));
#4253=DIRECTION('center_axis',(0.572061402817703,-0.415626937777502,0.707106781186504));
#4254=DIRECTION('ref_axis',(0.572061402817598,-0.415626937777498,-0.707106781186591));
#4255=DIRECTION('',(-0.587785252311916,-0.809016994360822,5.69545520592815E-11));
#4256=DIRECTION('center_axis',(-0.809016994374918,0.587785252292513,0.));
#4257=DIRECTION('ref_axis',(-0.587785252292513,-0.809016994374918,0.));
#4258=DIRECTION('',(-1.862367020381E-8,-2.643797558814E-8,-1.));
#4259=DIRECTION('center_axis',(0.,0.,1.));
#4260=DIRECTION('ref_axis',(0.,-1.,0.));
#4261=DIRECTION('',(3.57435680789499E-8,4.86886822563399E-8,0.999999999999998));
#4262=DIRECTION('center_axis',(0.809016994374918,-0.587785252292513,0.));
#4263=DIRECTION('ref_axis',(0.587785252292513,0.809016994374918,0.));
#4264=DIRECTION('',(0.587785252279713,0.809016994384218,-3.66588725207908E-11));
#4265=DIRECTION('center_axis',(-0.572061402817703,0.415626937777502,0.707106781186504));
#4266=DIRECTION('ref_axis',(-0.572061402817598,0.415626937777498,-0.707106781186591));
#4267=DIRECTION('center_axis',(0.,0.,1.));
#4268=DIRECTION('ref_axis',(0.500000000000017,-0.866025403784429,0.));
#4269=DIRECTION('',(0.,0.,1.));
#4270=DIRECTION('center_axis',(0.,0.,1.));
#4271=DIRECTION('ref_axis',(0.500000000000017,-0.866025403784429,0.));
#4272=DIRECTION('center_axis',(0.,0.,1.));
#4273=DIRECTION('ref_axis',(0.500000000000017,-0.866025403784429,0.));
#4274=DIRECTION('',(-0.353553390593286,0.612372435695788,0.707106781186547));
#4275=DIRECTION('center_axis',(0.,0.,1.));
#4276=DIRECTION('ref_axis',(-0.500000000000403,0.866025403784206,0.));
#4277=DIRECTION('',(0.703233174451201,-0.0739128062808501,-0.707106780775701));
#4278=DIRECTION('center_axis',(0.,0.,-1.));
#4279=DIRECTION('ref_axis',(0.500000000000017,-0.866025403784429,0.));
#4280=DIRECTION('',(0.703233171351702,-0.0739128343939303,0.707106780919602));
#4281=DIRECTION('center_axis',(0.,0.,1.));
#4282=DIRECTION('ref_axis',(-0.500000000000403,0.866025403784206,0.));
#4283=DIRECTION('center_axis',(0.,0.,1.));
#4284=DIRECTION('ref_axis',(-0.500000000000017,0.866025403784429,0.));
#4285=DIRECTION('',(0.104528463267598,0.994521895368279,0.));
#4286=DIRECTION('',(-0.104528463267598,-0.994521895368279,0.));
#4287=DIRECTION('center_axis',(0.703233176253426,-0.0739127852035727,0.707106781186526));
#4288=DIRECTION('ref_axis',(0.703233176253382,-0.0739127852035681,-0.707106781186569));
#4289=DIRECTION('',(-0.104528463291002,-0.994521895365819,5.65611333056711E-11));
#4290=DIRECTION('center_axis',(-0.994521895368269,0.104528463267697,0.));
#4291=DIRECTION('ref_axis',(-0.104528463267697,-0.994521895368269,0.));
#4292=DIRECTION('',(-2.913537344573E-9,-3.226129962674E-8,-1.));
#4293=DIRECTION('center_axis',(0.,0.,1.));
#4294=DIRECTION('ref_axis',(0.500000000000017,-0.866025403784429,0.));
#4295=DIRECTION('',(6.64162565723699E-9,6.02483193048799E-8,0.999999999999998));
#4296=DIRECTION('center_axis',(0.994521895368269,-0.104528463267697,0.));
#4297=DIRECTION('ref_axis',(0.104528463267697,0.994521895368269,0.));
#4298=DIRECTION('',(0.104528463252496,0.994521895369866,-3.65499257904488E-11));
#4299=DIRECTION('center_axis',(-0.703233176253376,0.0739127852035675,0.707106781186576));
#4300=DIRECTION('ref_axis',(-0.703233176253432,0.0739127852035733,-0.707106781186519));
#4301=DIRECTION('center_axis',(0.,0.,1.));
#4302=DIRECTION('ref_axis',(0.866025403784429,-0.500000000000017,0.));
#4303=DIRECTION('',(0.,0.,1.));
#4304=DIRECTION('center_axis',(0.,0.,1.));
#4305=DIRECTION('ref_axis',(0.866025403784429,-0.500000000000017,0.));
#4306=DIRECTION('center_axis',(0.,0.,1.));
#4307=DIRECTION('ref_axis',(0.866025403784429,-0.500000000000017,0.));
#4308=DIRECTION('',(-0.612372435695788,0.353553390593286,0.707106781186547));
#4309=DIRECTION('center_axis',(0.,0.,1.));
#4310=DIRECTION('ref_axis',(-0.866025403784026,0.500000000000715,0.));
#4311=DIRECTION('',(0.645974196973301,0.2876062193777,-0.707106780776401));
#4312=DIRECTION('center_axis',(0.,0.,-1.));
#4313=DIRECTION('ref_axis',(0.866025403784429,-0.500000000000017,0.));
#4314=DIRECTION('',(0.645974208308467,0.287606193562585,0.707106780921164));
#4315=DIRECTION('center_axis',(0.,0.,1.));
#4316=DIRECTION('ref_axis',(-0.866025403784026,0.500000000000715,0.));
#4317=DIRECTION('center_axis',(0.,0.,1.));
#4318=DIRECTION('ref_axis',(-0.866025403784429,0.500000000000017,0.));
#4319=DIRECTION('',(-0.406736643074817,0.913545457643039,0.));
#4320=DIRECTION('',(0.406736643074901,-0.913545457643001,1.206405341362E-14));
#4321=DIRECTION('center_axis',(0.645974188021207,0.287606238475903,0.707106781186607));
#4322=DIRECTION('ref_axis',(0.645974188021333,0.287606238475914,-0.707106781186488));
#4323=DIRECTION('',(0.406736643052899,-0.913545457652797,5.69188039126098E-11));
#4324=DIRECTION('center_axis',(-0.913545457642601,-0.4067366430758,0.));
#4325=DIRECTION('ref_axis',(0.4067366430758,-0.913545457642601,0.));
#4326=DIRECTION('',(1.354960332865E-8,-2.927255387131E-8,-1.));
#4327=DIRECTION('center_axis',(0.,0.,1.));
#4328=DIRECTION('ref_axis',(0.866025403784429,-0.500000000000017,0.));
#4329=DIRECTION('',(-2.439145011151E-8,5.55404661534199E-8,0.999999999999998));
#4330=DIRECTION('center_axis',(0.913545457642601,0.4067366430758,0.));
#4331=DIRECTION('ref_axis',(-0.4067366430758,0.913545457642601,0.));
#4332=DIRECTION('',(-0.406736643088805,0.913545457636811,-3.66102626081204E-11));
#4333=DIRECTION('center_axis',(-0.645974188021207,-0.287606238475903,0.707106781186607));
#4334=DIRECTION('ref_axis',(-0.645974188021296,-0.287606238475998,-0.707106781186488));
#4335=DIRECTION('center_axis',(0.,0.,1.));
#4336=DIRECTION('ref_axis',(0.866025403784429,0.500000000000017,0.));
#4337=DIRECTION('',(0.,0.,1.));
#4338=DIRECTION('center_axis',(0.,0.,1.));
#4339=DIRECTION('ref_axis',(0.866025403784429,0.500000000000017,0.));
#4340=DIRECTION('center_axis',(0.,0.,1.));
#4341=DIRECTION('ref_axis',(0.866025403784429,0.500000000000017,0.));
#4342=DIRECTION('',(-0.612372435695788,-0.353553390593286,0.707106781186547));
#4343=DIRECTION('center_axis',(0.,0.,1.));
#4344=DIRECTION('ref_axis',(-0.866025403784206,-0.500000000000403,0.));
#4345=DIRECTION('',(0.0739128062734788,0.703233174451888,-0.707106780775788));
#4346=DIRECTION('center_axis',(0.,0.,-1.));
#4347=DIRECTION('ref_axis',(0.866025403784429,0.500000000000017,0.));
#4348=DIRECTION('',(0.0739128343940297,0.703233171351697,0.707106780919597));
#4349=DIRECTION('center_axis',(0.,0.,1.));
#4350=DIRECTION('ref_axis',(-0.866025403784206,-0.500000000000403,0.));
#4351=DIRECTION('center_axis',(0.,0.,1.));
#4352=DIRECTION('ref_axis',(-0.866025403784429,-0.500000000000017,0.));
#4353=DIRECTION('',(-0.994521895368269,0.104528463267697,0.));
#4354=DIRECTION('',(0.994521895368279,-0.104528463267598,0.));
#4355=DIRECTION('center_axis',(0.0739127852035675,0.703233176253376,0.707106781186576));
#4356=DIRECTION('ref_axis',(0.0739127852035733,0.703233176253432,-0.707106781186519));
#4357=DIRECTION('',(0.994521895365819,-0.104528463291002,5.63245146225411E-11));
#4358=DIRECTION('center_axis',(-0.104528463267697,-0.994521895368269,0.));
#4359=DIRECTION('ref_axis',(0.994521895368269,-0.104528463267697,0.));
#4360=DIRECTION('',(3.226129962679E-8,-2.913618549462E-9,-1.));
#4361=DIRECTION('center_axis',(0.,0.,1.));
#4362=DIRECTION('ref_axis',(0.866025403784429,0.500000000000017,0.));
#4363=DIRECTION('',(-6.02482787024399E-8,6.64163073254199E-9,0.999999999999998));
#4364=DIRECTION('center_axis',(0.104528463267697,0.994521895368269,0.));
#4365=DIRECTION('ref_axis',(-0.994521895368269,0.104528463267697,0.));
#4366=DIRECTION('',(-0.994521895369866,0.104528463252496,-3.65493583595588E-11));
#4367=DIRECTION('center_axis',(-0.0739127852035727,-0.703233176253426,0.707106781186526));
#4368=DIRECTION('ref_axis',(-0.0739127852035681,-0.703233176253382,-0.707106781186569));
#4369=DIRECTION('center_axis',(0.,0.,1.));
#4370=DIRECTION('ref_axis',(0.500000000000017,0.866025403784429,0.));
#4371=DIRECTION('',(0.,0.,1.));
#4372=DIRECTION('center_axis',(0.,0.,1.));
#4373=DIRECTION('ref_axis',(0.500000000000017,0.866025403784429,0.));
#4374=DIRECTION('center_axis',(0.,0.,1.));
#4375=DIRECTION('ref_axis',(0.500000000000017,0.866025403784429,0.));
#4376=DIRECTION('',(-0.353553390593286,-0.612372435695788,0.707106781186547));
#4377=DIRECTION('center_axis',(0.,0.,1.));
#4378=DIRECTION('ref_axis',(-0.500000000000715,-0.866025403784026,0.));
#4379=DIRECTION('',(-0.287606219377811,0.645974196973224,-0.707106780776426));
#4380=DIRECTION('center_axis',(0.,0.,-1.));
#4381=DIRECTION('ref_axis',(0.500000000000017,0.866025403784429,0.));
#4382=DIRECTION('',(-0.287606193562493,0.645974208308485,0.707106780921184));
#4383=DIRECTION('center_axis',(0.,0.,1.));
#4384=DIRECTION('ref_axis',(-0.500000000000715,-0.866025403784026,0.));
#4385=DIRECTION('center_axis',(0.,0.,1.));
#4386=DIRECTION('ref_axis',(-0.500000000000017,-0.866025403784429,0.));
#4387=DIRECTION('',(-0.913545457643039,-0.406736643074817,2.58246144271511E-14));
#4388=DIRECTION('',(0.913545457643001,0.406736643074901,0.));
#4389=DIRECTION('center_axis',(-0.287606238475905,0.645974188021311,0.707106781186512));
#4390=DIRECTION('ref_axis',(-0.287606238475913,0.645974188021229,-0.707106781186583));
#4391=DIRECTION('',(0.913545457652797,0.406736643052899,5.69012135548698E-11));
#4392=DIRECTION('center_axis',(0.4067366430758,-0.913545457642601,0.));
#4393=DIRECTION('ref_axis',(0.913545457642601,0.4067366430758,0.));
#4394=DIRECTION('',(2.927255387131E-8,1.354960332865E-8,-1.));
#4395=DIRECTION('center_axis',(0.,0.,1.));
#4396=DIRECTION('ref_axis',(0.500000000000017,0.866025403784429,0.));
#4397=DIRECTION('',(-5.55405270570799E-8,-2.439136890662E-8,0.999999999999998));
#4398=DIRECTION('center_axis',(-0.4067366430758,0.913545457642601,0.));
#4399=DIRECTION('ref_axis',(-0.913545457642601,-0.4067366430758,0.));
#4400=DIRECTION('',(-0.913545457636848,-0.406736643088721,-3.66008054266619E-11));
#4401=DIRECTION('center_axis',(0.287606238475884,-0.645974188021265,0.707106781186562));
#4402=DIRECTION('ref_axis',(0.287606238475896,-0.645974188021291,-0.707106781186533));
#4403=DIRECTION('center_axis',(0.,0.,1.));
#4404=DIRECTION('ref_axis',(0.,1.,0.));
#4405=DIRECTION('',(0.,0.,1.));
#4406=DIRECTION('center_axis',(0.,0.,1.));
#4407=DIRECTION('ref_axis',(0.,1.,0.));
#4408=DIRECTION('center_axis',(0.,0.,1.));
#4409=DIRECTION('ref_axis',(0.,1.,0.));
#4410=DIRECTION('',(8.65956056235493E-17,-0.707106781186547,0.707106781186547));
#4411=DIRECTION('center_axis',(0.,0.,1.));
#4412=DIRECTION('ref_axis',(0.,-1.,0.));
#4413=DIRECTION('',(-0.572061390708299,0.415626955141699,-0.707106780776798));
#4414=DIRECTION('center_axis',(0.,0.,-1.));
#4415=DIRECTION('ref_axis',(0.,1.,0.));
#4416=DIRECTION('',(-0.572061373951902,0.415626977956501,0.707106780922802));
#4417=DIRECTION('center_axis',(0.,0.,1.));
#4418=DIRECTION('ref_axis',(0.,-1.,0.));
#4419=DIRECTION('center_axis',(0.,0.,1.));
#4420=DIRECTION('ref_axis',(0.,-1.,0.));
#4421=DIRECTION('',(-0.587785252292109,-0.809016994375212,5.54192455588308E-14));
#4422=DIRECTION('',(0.587785252292222,0.80901699437513,0.));
#4423=DIRECTION('center_axis',(-0.572061402817663,0.415626937777473,0.707106781186554));
#4424=DIRECTION('ref_axis',(-0.572061402817673,0.41562693777748,-0.707106781186541));
#4425=DIRECTION('',(0.587785252311916,0.809016994360822,5.69467971703915E-11));
#4426=DIRECTION('center_axis',(0.809016994374918,-0.587785252292513,0.));
#4427=DIRECTION('ref_axis',(0.587785252292513,0.809016994374918,0.));
#4428=DIRECTION('',(1.862364990259E-8,2.643801619058E-8,-1.));
#4429=DIRECTION('center_axis',(0.,0.,1.));
#4430=DIRECTION('ref_axis',(0.,1.,0.));
#4431=DIRECTION('',(-3.57435477777299E-8,-4.86887228587899E-8,0.999999999999998));
#4432=DIRECTION('center_axis',(-0.809016994374918,0.587785252292513,0.));
#4433=DIRECTION('ref_axis',(-0.587785252292513,-0.809016994374918,0.));
#4434=DIRECTION('',(-0.587785252279713,-0.809016994384218,-3.66785434582408E-11));
#4435=DIRECTION('center_axis',(0.572061402817663,-0.415626937777473,0.707106781186554));
#4436=DIRECTION('ref_axis',(0.572061402817673,-0.41562693777748,-0.707106781186541));
#4437=DIRECTION('center_axis',(0.,0.,1.));
#4438=DIRECTION('ref_axis',(-0.500000000000017,0.866025403784429,0.));
#4439=DIRECTION('',(0.,0.,1.));
#4440=DIRECTION('center_axis',(0.,0.,1.));
#4441=DIRECTION('ref_axis',(-0.500000000000017,0.866025403784429,0.));
#4442=DIRECTION('center_axis',(0.,0.,1.));
#4443=DIRECTION('ref_axis',(-0.500000000000017,0.866025403784429,0.));
#4444=DIRECTION('',(0.353553390593286,-0.612372435695788,0.707106781186547));
#4445=DIRECTION('center_axis',(0.,0.,1.));
#4446=DIRECTION('ref_axis',(0.500000000000403,-0.866025403784206,0.));
#4447=DIRECTION('',(-0.703233174451201,0.0739128062808501,-0.707106780775701));
#4448=DIRECTION('center_axis',(0.,0.,-1.));
#4449=DIRECTION('ref_axis',(-0.500000000000017,0.866025403784429,0.));
#4450=DIRECTION('',(-0.703233171351623,0.0739128343944824,0.707106780919623));
#4451=DIRECTION('center_axis',(0.,0.,1.));
#4452=DIRECTION('ref_axis',(0.500000000000403,-0.866025403784206,0.));
#4453=DIRECTION('center_axis',(0.,0.,1.));
#4454=DIRECTION('ref_axis',(0.500000000000017,-0.866025403784429,0.));
#4455=DIRECTION('',(-0.104528463267598,-0.994521895368279,0.));
#4456=DIRECTION('',(0.104528463267598,0.994521895368279,0.));
#4457=DIRECTION('center_axis',(-0.703233176253426,0.0739127852035727,0.707106781186526));
#4458=DIRECTION('ref_axis',(-0.703233176253382,0.0739127852035681,-0.707106781186569));
#4459=DIRECTION('',(0.104528463291002,0.994521895365819,5.65592418693511E-11));
#4460=DIRECTION('center_axis',(0.994521895368269,-0.104528463267697,0.));
#4461=DIRECTION('ref_axis',(0.104528463267697,0.994521895368269,0.));
#4462=DIRECTION('',(2.913537344573E-9,3.226134022918E-8,-1.));
#4463=DIRECTION('center_axis',(0.,0.,1.));
#4464=DIRECTION('ref_axis',(-0.500000000000017,0.866025403784429,0.));
#4465=DIRECTION('',(-6.64163580784699E-9,-6.02483599073199E-8,0.999999999999998));
#4466=DIRECTION('center_axis',(-0.994521895368269,0.104528463267697,0.));
#4467=DIRECTION('ref_axis',(-0.104528463267697,-0.994521895368269,0.));
#4468=DIRECTION('',(-0.104528463252496,-0.994521895369866,-3.65455754869688E-11));
#4469=DIRECTION('center_axis',(0.703233176253426,-0.0739127852035727,0.707106781186526));
#4470=DIRECTION('ref_axis',(0.703233176253382,-0.0739127852035681,-0.707106781186569));
#4471=DIRECTION('center_axis',(0.,0.,1.));
#4472=DIRECTION('ref_axis',(-0.866025403784429,0.500000000000017,0.));
#4473=DIRECTION('',(0.,0.,1.));
#4474=DIRECTION('center_axis',(0.,0.,1.));
#4475=DIRECTION('ref_axis',(-0.866025403784429,0.500000000000017,0.));
#4476=DIRECTION('center_axis',(0.,0.,1.));
#4477=DIRECTION('ref_axis',(-0.866025403784429,0.500000000000017,0.));
#4478=DIRECTION('',(0.612372435695788,-0.353553390593286,0.707106781186547));
#4479=DIRECTION('center_axis',(0.,0.,1.));
#4480=DIRECTION('ref_axis',(0.866025403784026,-0.500000000000715,0.));
#4481=DIRECTION('',(-0.645974196973282,-0.287606219377792,-0.707106780776381));
#4482=DIRECTION('center_axis',(0.,0.,-1.));
#4483=DIRECTION('ref_axis',(-0.866025403784429,0.500000000000017,0.));
#4484=DIRECTION('',(-0.645974208308485,-0.287606193562493,0.707106780921184));
#4485=DIRECTION('center_axis',(0.,0.,1.));
#4486=DIRECTION('ref_axis',(0.866025403784026,-0.500000000000715,0.));
#4487=DIRECTION('center_axis',(0.,0.,1.));
#4488=DIRECTION('ref_axis',(0.866025403784429,-0.500000000000017,0.));
#4489=DIRECTION('',(0.406736643074817,-0.913545457643039,2.80866244499712E-14));
#4490=DIRECTION('',(-0.406736643074901,0.913545457643001,0.));
#4491=DIRECTION('center_axis',(-0.645974188021207,-0.287606238475903,0.707106781186607));
#4492=DIRECTION('ref_axis',(-0.645974188021296,-0.287606238475998,-0.707106781186488));
#4493=DIRECTION('',(-0.406736643052899,0.913545457652797,5.69004569803498E-11));
#4494=DIRECTION('center_axis',(0.913545457642601,0.4067366430758,0.));
#4495=DIRECTION('ref_axis',(-0.4067366430758,0.913545457642601,0.));
#4496=DIRECTION('',(-1.354966423232E-8,2.927251326887E-8,-1.));
#4497=DIRECTION('center_axis',(0.,0.,1.));
#4498=DIRECTION('ref_axis',(-0.866025403784429,0.500000000000017,0.));
#4499=DIRECTION('',(2.439136890662E-8,-5.55405270570799E-8,0.999999999999998));
#4500=DIRECTION('center_axis',(-0.913545457642601,-0.4067366430758,0.));
#4501=DIRECTION('ref_axis',(0.4067366430758,-0.913545457642601,0.));
#4502=DIRECTION('',(0.406736643088721,-0.913545457636848,-3.66008054266619E-11));
#4503=DIRECTION('center_axis',(0.645974188021265,0.287606238475884,0.707106781186562));
#4504=DIRECTION('ref_axis',(0.645974188021291,0.287606238475896,-0.707106781186533));
#4505=DIRECTION('center_axis',(0.777145961457001,0.629320391049801,0.));
#4506=DIRECTION('ref_axis',(0.629320391049801,-0.777145961457001,0.));
#4507=DIRECTION('',(-9.361400543639E-13,1.012523398458E-12,-1.));
#4508=DIRECTION('',(0.629320391048696,-0.777145961457895,0.));
#4509=DIRECTION('',(-2.183142555623E-12,2.838618229362E-12,1.));
#4510=DIRECTION('center_axis',(0.,0.,1.));
#4511=DIRECTION('ref_axis',(-0.461176344828894,0.887308502703688,0.));
#4512=DIRECTION('',(-1.026734253173E-12,-5.364597654989E-13,-1.));
#4513=DIRECTION('center_axis',(0.,0.,1.));
#4514=DIRECTION('ref_axis',(-0.461176344799725,0.887308502718849,0.));
#4515=DIRECTION('center_axis',(0.,0.,-1.));
#4516=DIRECTION('ref_axis',(-1.,0.,0.));
#4517=DIRECTION('center_axis',(0.,0.,1.));
#4518=DIRECTION('ref_axis',(0.777145961545104,0.629320390941003,0.));
#4519=DIRECTION('',(-0.629320391050686,0.777145961456283,0.));
#4520=DIRECTION('center_axis',(0.,0.,1.));
#4521=DIRECTION('ref_axis',(0.823741149807038,-0.566966064341226,0.));
#4522=DIRECTION('center_axis',(0.,0.,-1.));
#4523=DIRECTION('ref_axis',(-1.,0.,0.));
#4524=DIRECTION('center_axis',(0.,0.,1.));
#4525=DIRECTION('ref_axis',(-0.777145961442907,-0.629320391067205,0.));
#4526=DIRECTION('center_axis',(0.,0.,1.));
#4527=DIRECTION('ref_axis',(1.,0.,0.));
#4528=DIRECTION('center_axis',(0.,0.,-1.));
#4529=DIRECTION('ref_axis',(0.809016994375506,-0.587785252291704,0.));
#4530=DIRECTION('center_axis',(0.,0.,-1.));
#4531=DIRECTION('ref_axis',(0.309016994375101,-0.951056516295104,0.));
#4532=DIRECTION('center_axis',(0.,0.,-1.));
#4533=DIRECTION('ref_axis',(-0.309016994375101,-0.951056516295104,0.));
#4534=DIRECTION('center_axis',(0.,0.,-1.));
#4535=DIRECTION('ref_axis',(-0.809016994375294,-0.587785252291996,0.));
#4536=DIRECTION('center_axis',(0.,0.,-1.));
#4537=DIRECTION('ref_axis',(-1.,0.,0.));
#4538=DIRECTION('center_axis',(0.,0.,-1.));
#4539=DIRECTION('ref_axis',(-0.809016994375506,0.587785252291704,0.));
#4540=DIRECTION('center_axis',(0.,0.,-1.));
#4541=DIRECTION('ref_axis',(-0.309016994375101,0.951056516295104,0.));
#4542=DIRECTION('center_axis',(0.,0.,-1.));
#4543=DIRECTION('ref_axis',(0.309016994375101,0.951056516295104,0.));
#4544=DIRECTION('center_axis',(0.,0.,-1.));
#4545=DIRECTION('ref_axis',(0.809016994375294,0.587785252291996,0.));
#4546=DIRECTION('center_axis',(0.,0.,-1.));
#4547=DIRECTION('ref_axis',(1.,0.,0.));
#4548=DIRECTION('center_axis',(0.,0.,-1.));
#4549=DIRECTION('ref_axis',(-0.772034729411737,0.63558034628373,0.));
#4550=DIRECTION('',(8.206768598029E-13,1.019628825816E-12,1.));
#4551=DIRECTION('',(-4.597211500368E-12,4.65050220555E-12,1.));
#4552=DIRECTION('center_axis',(-0.777145961457001,-0.629320391049801,0.));
#4553=DIRECTION('ref_axis',(-0.629320391049801,0.777145961457001,0.));
#4554=DIRECTION('',(4.05719902119E-12,-3.989697461293E-12,-1.));
#4555=DIRECTION('center_axis',(0.,0.,1.));
#4556=DIRECTION('ref_axis',(0.823741149821302,-0.566966064320501,0.));
#4557=DIRECTION('center_axis',(0.,0.,-1.));
#4558=DIRECTION('ref_axis',(0.928595277023915,-0.371094073637506,0.));
#4559=DIRECTION('',(-6.726708285129E-9,-2.753353185262E-11,-1.));
#4560=DIRECTION('',(-1.342392864262E-13,-1.754476255151E-12,1.));
#4561=DIRECTION('center_axis',(0.,0.,1.));
#4562=DIRECTION('ref_axis',(0.,-1.,0.));
#4563=DIRECTION('',(0.582472963609206,-0.400905541702804,0.707106776446308));
#4564=DIRECTION('center_axis',(0.,0.,-1.));
#4565=DIRECTION('ref_axis',(0.629320396263489,-0.777145957235039,0.));
#4566=DIRECTION('center_axis',(0.,0.,1.));
#4567=DIRECTION('ref_axis',(-0.830714677114579,0.556698414966686,0.));
#4568=DIRECTION('center_axis',(0.78130586908258,0.624109371072306,-0.00697365591674873));
#4569=DIRECTION('ref_axis',(-0.427222323883269,0.542906897694193,0.723002895161455));
#4570=DIRECTION('',(-0.271041869893701,0.653097438280201,-0.707106810090502));
#4571=DIRECTION('center_axis',(0.,0.,1.));
#4572=DIRECTION('ref_axis',(2.87233513338E-9,1.,0.));
#4573=DIRECTION('center_axis',(-0.77288735085982,-0.634504459187527,-0.00701670521215996));
#4574=DIRECTION('ref_axis',(-0.442592767246363,0.531130632077645,0.722503905906402));
#4575=DIRECTION('center_axis',(0.,0.,1.));
#4576=DIRECTION('ref_axis',(1.,0.,0.));
#4577=DIRECTION('',(-0.629320430196792,0.77714592975639,1.68827770659898E-13));
#4578=DIRECTION('center_axis',(0.,0.,-1.));
#4579=DIRECTION('ref_axis',(0.83688392350728,-0.547380396593687,0.));
#4580=DIRECTION('center_axis',(0.,0.,1.));
#4581=DIRECTION('ref_axis',(-0.361420870055185,0.932402785650361,0.));
#4582=DIRECTION('center_axis',(0.,0.,-1.));
#4583=DIRECTION('ref_axis',(0.776450242192808,0.630178563106307,0.));
#4584=DIRECTION('',(0.629320337953407,-0.777146004453609,-1.68233076555602E-13));
#4585=DIRECTION('center_axis',(0.,0.,-1.));
#4586=DIRECTION('ref_axis',(1.,0.,0.));
#4587=DIRECTION('center_axis',(0.,0.,-1.));
#4588=DIRECTION('ref_axis',(0.866025403784429,-0.500000000000017,0.));
#4589=DIRECTION('center_axis',(0.,0.,-1.));
#4590=DIRECTION('ref_axis',(0.500000000000017,-0.866025403784429,0.));
#4591=DIRECTION('center_axis',(0.,0.,-1.));
#4592=DIRECTION('ref_axis',(0.,-1.,0.));
#4593=DIRECTION('center_axis',(0.,0.,-1.));
#4594=DIRECTION('ref_axis',(-0.500000000000017,-0.866025403784429,0.));
#4595=DIRECTION('center_axis',(0.,0.,-1.));
#4596=DIRECTION('ref_axis',(-0.866025403784429,-0.500000000000017,0.));
#4597=DIRECTION('center_axis',(0.,0.,-1.));
#4598=DIRECTION('ref_axis',(-1.,0.,0.));
#4599=DIRECTION('center_axis',(0.,0.,-1.));
#4600=DIRECTION('ref_axis',(-0.866025403784429,0.500000000000017,0.));
#4601=DIRECTION('center_axis',(0.,0.,-1.));
#4602=DIRECTION('ref_axis',(-0.500000000000017,0.866025403784429,0.));
#4603=DIRECTION('center_axis',(0.,0.,-1.));
#4604=DIRECTION('ref_axis',(0.,1.,0.));
#4605=DIRECTION('center_axis',(0.,0.,-1.));
#4606=DIRECTION('ref_axis',(0.500000000000017,0.866025403784429,0.));
#4607=DIRECTION('center_axis',(0.,0.,-1.));
#4608=DIRECTION('ref_axis',(0.866025403784429,0.500000000000017,0.));
#4609=DIRECTION('center_axis',(0.,0.,-1.));
#4610=DIRECTION('ref_axis',(1.,0.,0.));
#4611=DIRECTION('center_axis',(-0.777145961457001,-0.629320391049801,0.));
#4612=DIRECTION('ref_axis',(-0.629320391049801,0.777145961457001,0.));
#4613=DIRECTION('',(1.18240948100303E-6,-1.24566272367103E-6,0.999999999998525));
#4614=DIRECTION('',(-0.629320355043125,0.777145990614631,0.));
#4615=DIRECTION('',(-2.480279340377E-11,2.906787800257E-11,-1.));
#4616=DIRECTION('center_axis',(0.,0.,-1.));
#4617=DIRECTION('ref_axis',(-0.169918963644899,0.985458038575892,0.));
#4618=DIRECTION('center_axis',(0.,0.,1.));
#4619=DIRECTION('ref_axis',(0.777145961520002,0.629320390972001,0.));
#4620=DIRECTION('',(1.062363469085E-11,1.523459808738E-12,-1.));
#4621=DIRECTION('center_axis',(0.,0.,1.));
#4622=DIRECTION('ref_axis',(0.,-1.,0.));
#4623=DIRECTION('center_axis',(0.,0.,-1.));
#4624=DIRECTION('ref_axis',(0.383311080257004,-0.923619302392609,0.));
#4625=DIRECTION('center_axis',(0.,0.,-1.));
#4626=DIRECTION('ref_axis',(0.383311080257004,-0.923619302392609,0.));
#4627=DIRECTION('',(-1.206276004887E-8,4.455049798737E-8,0.999999999999999));
#4628=DIRECTION('center_axis',(0.,0.,-1.));
#4629=DIRECTION('ref_axis',(0.629320390935468,-0.777145961549586,0.));
#4630=DIRECTION('center_axis',(0.,0.,-1.));
#4631=DIRECTION('ref_axis',(0.000933333197828078,-0.999999564444476,0.));
#4632=DIRECTION('center_axis',(0.,0.,1.));
#4633=DIRECTION('ref_axis',(-0.396665850135693,0.917963072969784,0.));
#4634=DIRECTION('center_axis',(0.,0.,1.));
#4635=DIRECTION('ref_axis',(-0.928595277023398,0.371094073638799,0.));
#4636=DIRECTION('center_axis',(0.,0.,1.));
#4637=DIRECTION('ref_axis',(-0.98424598040783,0.176804553253105,0.));
#4638=DIRECTION('',(8.99475616663E-10,-1.585070532556E-9,1.));
#4639=DIRECTION('center_axis',(0.777145961457001,0.629320391049801,0.));
#4640=DIRECTION('ref_axis',(0.629320391049801,-0.777145961457001,0.));
#4641=DIRECTION('',(0.629320439059007,-0.777145922579909,0.));
#4642=DIRECTION('',(9.72635084517725E-7,-1.41558438093104E-6,-0.999999999998525));
#4643=DIRECTION('center_axis',(0.,0.,-1.));
#4644=DIRECTION('ref_axis',(0.836883923511394,-0.547380396587396,0.));
#4645=DIRECTION('',(2.597033699203E-12,3.570477247195E-12,1.));
#4646=DIRECTION('center_axis',(0.,0.,1.));
#4647=DIRECTION('ref_axis',(-0.777840732254301,-0.628461450883101,0.));
#4648=DIRECTION('center_axis',(0.,0.,-1.));
#4649=DIRECTION('ref_axis',(-1.,0.,0.));
#4650=DIRECTION('',(4.847677814723E-12,2.508215857233E-12,-1.));
#4651=DIRECTION('center_axis',(0.,0.,-1.));
#4652=DIRECTION('ref_axis',(-0.83688392351144,0.547380396587326,0.));
#4653=DIRECTION('center_axis',(0.,0.,1.));
#4654=DIRECTION('ref_axis',(0.361420870055219,-0.932402785650348,0.));
#4655=DIRECTION('center_axis',(0.,0.,1.));
#4656=DIRECTION('ref_axis',(0.3614208700476,-0.932402785653301,0.));
#4657=DIRECTION('center_axis',(0.,0.,-1.));
#4658=DIRECTION('ref_axis',(-1.,0.,0.));
#4659=DIRECTION('center_axis',(0.,0.,1.));
#4660=DIRECTION('ref_axis',(-1.,0.,0.));
#4661=DIRECTION('',(0.,0.,1.));
#4662=DIRECTION('center_axis',(0.,0.,1.));
#4663=DIRECTION('ref_axis',(-1.,0.,0.));
#4664=DIRECTION('center_axis',(0.,0.,1.));
#4665=DIRECTION('ref_axis',(-1.,0.,0.));
#4666=DIRECTION('',(0.707106781186548,8.65956056235493E-17,0.707106781186548));
#4667=DIRECTION('center_axis',(0.,0.,-1.));
#4668=DIRECTION('ref_axis',(1.,0.,0.));
#4669=DIRECTION('center_axis',(0.,0.,1.));
#4670=DIRECTION('ref_axis',(-1.,0.,0.));
#4671=DIRECTION('',(0.,0.,1.));
#4672=DIRECTION('center_axis',(0.,0.,1.));
#4673=DIRECTION('ref_axis',(-1.,0.,0.));
#4674=DIRECTION('center_axis',(0.,0.,1.));
#4675=DIRECTION('ref_axis',(1.,0.,0.));
#4676=DIRECTION('center_axis',(0.,0.,-1.));
#4677=DIRECTION('ref_axis',(1.,0.,0.));
#4678=DIRECTION('center_axis',(0.,0.,1.));
#4679=DIRECTION('ref_axis',(-0.866025403784386,0.500000000000092,0.));
#4680=DIRECTION('center_axis',(0.,0.,1.));
#4681=DIRECTION('ref_axis',(-0.500000000000017,0.866025403784429,0.));
#4682=DIRECTION('center_axis',(0.,0.,1.));
#4683=DIRECTION('ref_axis',(0.,1.,0.));
#4684=DIRECTION('center_axis',(0.,0.,1.));
#4685=DIRECTION('ref_axis',(0.500000000000092,0.866025403784386,0.));
#4686=DIRECTION('center_axis',(0.,0.,1.));
#4687=DIRECTION('ref_axis',(0.866025403784429,0.500000000000017,0.));
#4688=DIRECTION('center_axis',(0.,0.,1.));
#4689=DIRECTION('ref_axis',(1.,0.,0.));
#4690=DIRECTION('center_axis',(0.,0.,1.));
#4691=DIRECTION('ref_axis',(0.866025403784386,-0.500000000000092,0.));
#4692=DIRECTION('center_axis',(0.,0.,1.));
#4693=DIRECTION('ref_axis',(0.500000000000017,-0.866025403784429,0.));
#4694=DIRECTION('center_axis',(0.,0.,1.));
#4695=DIRECTION('ref_axis',(0.,-1.,0.));
#4696=DIRECTION('center_axis',(0.,0.,1.));
#4697=DIRECTION('ref_axis',(-0.500000000000092,-0.866025403784386,0.));
#4698=DIRECTION('center_axis',(0.,0.,1.));
#4699=DIRECTION('ref_axis',(-0.866025403784429,-0.500000000000017,0.));
#4700=DIRECTION('center_axis',(0.,0.,1.));
#4701=DIRECTION('ref_axis',(1.,0.,0.));
#4702=DIRECTION('center_axis',(0.,0.,-1.));
#4703=DIRECTION('ref_axis',(0.,-1.,0.));
#4704=DIRECTION('center_axis',(0.,0.,1.));
#4705=DIRECTION('ref_axis',(-1.,0.,0.));
#4706=DIRECTION('',(-8.65956056235493E-17,-0.707106781186548,0.707106781186548));
#4707=DIRECTION('center_axis',(0.,0.,1.));
#4708=DIRECTION('ref_axis',(1.,0.,0.));
#4709=DIRECTION('center_axis',(0.,0.,-1.));
#4710=DIRECTION('ref_axis',(1.,0.,0.));
#4711=DIRECTION('center_axis',(0.,0.,1.));
#4712=DIRECTION('ref_axis',(0.,-1.,0.));
#4713=DIRECTION('',(-8.65956056235493E-17,0.707106781186548,0.707106781186548));
#4714=DIRECTION('center_axis',(0.,0.,1.));
#4715=DIRECTION('ref_axis',(-0.866025403784429,0.500000000000017,0.));
#4716=DIRECTION('center_axis',(0.,0.,-1.));
#4717=DIRECTION('ref_axis',(0.866025403784317,-0.50000000000021,0.));
#4718=DIRECTION('',(0.,0.,1.));
#4719=DIRECTION('center_axis',(0.,0.,1.));
#4720=DIRECTION('ref_axis',(-0.866025403784429,0.500000000000017,0.));
#4721=DIRECTION('center_axis',(0.,0.,1.));
#4722=DIRECTION('ref_axis',(0.866025403784832,-0.499999999999319,0.));
#4723=DIRECTION('',(0.612372435695788,-0.353553390593285,0.707106781186548));
#4724=DIRECTION('center_axis',(0.,0.,1.));
#4725=DIRECTION('ref_axis',(-0.866025403784429,0.500000000000017,0.));
#4726=DIRECTION('',(0.,0.,1.));
#4727=DIRECTION('center_axis',(0.,0.,1.));
#4728=DIRECTION('ref_axis',(-0.500000000000017,0.866025403784429,0.));
#4729=DIRECTION('center_axis',(0.,0.,-1.));
#4730=DIRECTION('ref_axis',(0.500000000000017,-0.866025403784429,0.));
#4731=DIRECTION('',(0.,0.,1.));
#4732=DIRECTION('center_axis',(0.,0.,1.));
#4733=DIRECTION('ref_axis',(-0.500000000000017,0.866025403784429,0.));
#4734=DIRECTION('center_axis',(0.,0.,1.));
#4735=DIRECTION('ref_axis',(0.500000000000092,-0.866025403784386,0.));
#4736=DIRECTION('',(0.353553390593286,-0.612372435695788,0.707106781186547));
#4737=DIRECTION('center_axis',(0.,0.,1.));
#4738=DIRECTION('ref_axis',(-0.500000000000017,0.866025403784429,0.));
#4739=DIRECTION('',(0.,0.,1.));
#4740=DIRECTION('center_axis',(0.,0.,1.));
#4741=DIRECTION('ref_axis',(0.,1.,0.));
#4742=DIRECTION('center_axis',(0.,0.,-1.));
#4743=DIRECTION('ref_axis',(0.,-1.,0.));
#4744=DIRECTION('',(0.,0.,1.));
#4745=DIRECTION('center_axis',(0.,0.,1.));
#4746=DIRECTION('ref_axis',(0.,1.,0.));
#4747=DIRECTION('center_axis',(0.,0.,1.));
#4748=DIRECTION('ref_axis',(0.,-1.,0.));
#4749=DIRECTION('',(8.65956056235493E-17,-0.707106781186548,0.707106781186548));
#4750=DIRECTION('center_axis',(0.,0.,1.));
#4751=DIRECTION('ref_axis',(0.,1.,0.));
#4752=DIRECTION('',(0.,0.,1.));
#4753=DIRECTION('center_axis',(0.,0.,1.));
#4754=DIRECTION('ref_axis',(0.500000000000017,0.866025403784429,0.));
#4755=DIRECTION('center_axis',(0.,0.,-1.));
#4756=DIRECTION('ref_axis',(-0.50000000000021,-0.866025403784317,0.));
#4757=DIRECTION('',(0.,0.,1.));
#4758=DIRECTION('center_axis',(0.,0.,1.));
#4759=DIRECTION('ref_axis',(0.500000000000017,0.866025403784429,0.));
#4760=DIRECTION('center_axis',(0.,0.,1.));
#4761=DIRECTION('ref_axis',(-0.499999999999319,-0.866025403784832,0.));
#4762=DIRECTION('',(-0.353553390593285,-0.612372435695788,0.707106781186548));
#4763=DIRECTION('center_axis',(0.,0.,1.));
#4764=DIRECTION('ref_axis',(0.500000000000017,0.866025403784429,0.));
#4765=DIRECTION('',(0.,0.,1.));
#4766=DIRECTION('center_axis',(0.,0.,1.));
#4767=DIRECTION('ref_axis',(0.866025403784429,0.500000000000017,0.));
#4768=DIRECTION('center_axis',(0.,0.,-1.));
#4769=DIRECTION('ref_axis',(-0.866025403784429,-0.500000000000017,0.));
#4770=DIRECTION('',(0.,0.,1.));
#4771=DIRECTION('center_axis',(0.,0.,1.));
#4772=DIRECTION('ref_axis',(0.866025403784429,0.500000000000017,0.));
#4773=DIRECTION('center_axis',(0.,0.,1.));
#4774=DIRECTION('ref_axis',(-0.866025403784386,-0.500000000000092,0.));
#4775=DIRECTION('',(-0.612372435695788,-0.353553390593286,0.707106781186547));
#4776=DIRECTION('center_axis',(0.,0.,1.));
#4777=DIRECTION('ref_axis',(0.866025403784429,0.500000000000017,0.));
#4778=DIRECTION('',(0.,0.,1.));
#4779=DIRECTION('center_axis',(0.,0.,1.));
#4780=DIRECTION('ref_axis',(1.,0.,0.));
#4781=DIRECTION('center_axis',(0.,0.,-1.));
#4782=DIRECTION('ref_axis',(-1.,0.,0.));
#4783=DIRECTION('',(0.,0.,1.));
#4784=DIRECTION('center_axis',(0.,0.,1.));
#4785=DIRECTION('ref_axis',(1.,0.,0.));
#4786=DIRECTION('center_axis',(0.,0.,1.));
#4787=DIRECTION('ref_axis',(-1.,0.,0.));
#4788=DIRECTION('',(-0.707106781186548,-8.65956056235493E-17,0.707106781186548));
#4789=DIRECTION('center_axis',(0.,0.,1.));
#4790=DIRECTION('ref_axis',(1.,0.,0.));
#4791=DIRECTION('',(0.,0.,1.));
#4792=DIRECTION('center_axis',(0.,0.,1.));
#4793=DIRECTION('ref_axis',(0.866025403784429,-0.500000000000017,0.));
#4794=DIRECTION('center_axis',(0.,0.,-1.));
#4795=DIRECTION('ref_axis',(-0.866025403784317,0.50000000000021,0.));
#4796=DIRECTION('',(0.,0.,1.));
#4797=DIRECTION('center_axis',(0.,0.,1.));
#4798=DIRECTION('ref_axis',(0.866025403784429,-0.500000000000017,0.));
#4799=DIRECTION('center_axis',(0.,0.,1.));
#4800=DIRECTION('ref_axis',(-0.866025403784832,0.499999999999319,0.));
#4801=DIRECTION('',(-0.612372435695788,0.353553390593285,0.707106781186548));
#4802=DIRECTION('center_axis',(0.,0.,1.));
#4803=DIRECTION('ref_axis',(0.866025403784429,-0.500000000000017,0.));
#4804=DIRECTION('',(0.,0.,1.));
#4805=DIRECTION('center_axis',(0.,0.,1.));
#4806=DIRECTION('ref_axis',(0.500000000000017,-0.866025403784429,0.));
#4807=DIRECTION('center_axis',(0.,0.,-1.));
#4808=DIRECTION('ref_axis',(-0.500000000000017,0.866025403784429,0.));
#4809=DIRECTION('',(0.,0.,1.));
#4810=DIRECTION('center_axis',(0.,0.,1.));
#4811=DIRECTION('ref_axis',(0.500000000000017,-0.866025403784429,0.));
#4812=DIRECTION('center_axis',(0.,0.,1.));
#4813=DIRECTION('ref_axis',(-0.500000000000092,0.866025403784386,0.));
#4814=DIRECTION('',(-0.353553390593286,0.612372435695788,0.707106781186547));
#4815=DIRECTION('center_axis',(0.,0.,1.));
#4816=DIRECTION('ref_axis',(0.500000000000017,-0.866025403784429,0.));
#4817=DIRECTION('',(0.,0.,1.));
#4818=DIRECTION('center_axis',(0.,0.,1.));
#4819=DIRECTION('ref_axis',(0.,-1.,0.));
#4820=DIRECTION('center_axis',(0.,0.,-1.));
#4821=DIRECTION('ref_axis',(0.,1.,0.));
#4822=DIRECTION('',(0.,0.,1.));
#4823=DIRECTION('center_axis',(0.,0.,1.));
#4824=DIRECTION('ref_axis',(0.,-1.,0.));
#4825=DIRECTION('center_axis',(0.,0.,1.));
#4826=DIRECTION('ref_axis',(0.,1.,0.));
#4827=DIRECTION('',(-8.65956056235493E-17,0.707106781186548,0.707106781186548));
#4828=DIRECTION('center_axis',(0.,0.,1.));
#4829=DIRECTION('ref_axis',(0.,-1.,0.));
#4830=DIRECTION('',(0.,0.,1.));
#4831=DIRECTION('center_axis',(0.,0.,1.));
#4832=DIRECTION('ref_axis',(-0.500000000000017,-0.866025403784429,0.));
#4833=DIRECTION('center_axis',(0.,0.,-1.));
#4834=DIRECTION('ref_axis',(0.50000000000021,0.866025403784317,0.));
#4835=DIRECTION('',(0.,0.,1.));
#4836=DIRECTION('center_axis',(0.,0.,1.));
#4837=DIRECTION('ref_axis',(-0.500000000000017,-0.866025403784429,0.));
#4838=DIRECTION('center_axis',(0.,0.,1.));
#4839=DIRECTION('ref_axis',(0.499999999999319,0.866025403784832,0.));
#4840=DIRECTION('',(0.353553390593285,0.612372435695788,0.707106781186548));
#4841=DIRECTION('center_axis',(0.,0.,1.));
#4842=DIRECTION('ref_axis',(-0.500000000000017,-0.866025403784429,0.));
#4843=DIRECTION('',(0.,0.,1.));
#4844=DIRECTION('center_axis',(0.,0.,1.));
#4845=DIRECTION('ref_axis',(-0.866025403784429,-0.500000000000017,0.));
#4846=DIRECTION('center_axis',(0.,0.,-1.));
#4847=DIRECTION('ref_axis',(0.866025403784429,0.500000000000017,0.));
#4848=DIRECTION('',(0.,0.,1.));
#4849=DIRECTION('center_axis',(0.,0.,1.));
#4850=DIRECTION('ref_axis',(-0.866025403784429,-0.500000000000017,0.));
#4851=DIRECTION('center_axis',(0.,0.,1.));
#4852=DIRECTION('ref_axis',(0.866025403784386,0.500000000000092,0.));
#4853=DIRECTION('',(0.612372435695788,0.353553390593286,0.707106781186547));
#4854=DIRECTION('center_axis',(0.,0.,1.));
#4855=DIRECTION('ref_axis',(-0.866025403784429,-0.500000000000017,0.));
#4856=DIRECTION('',(0.,0.,1.));
#4857=DIRECTION('center_axis',(0.,0.,1.));
#4858=DIRECTION('ref_axis',(1.,0.,0.));
#4859=DIRECTION('center_axis',(0.,0.,1.));
#4860=DIRECTION('ref_axis',(1.,0.,0.));
#4861=DIRECTION('',(0.,0.,1.));
#4862=DIRECTION('center_axis',(0.,0.,-1.));
#4863=DIRECTION('ref_axis',(-1.,0.,0.));
#4864=DIRECTION('center_axis',(0.,0.,1.));
#4865=DIRECTION('ref_axis',(-1.,0.,0.));
#4866=DIRECTION('center_axis',(0.,0.,-1.));
#4867=DIRECTION('ref_axis',(-1.,0.,0.));
#4868=DIRECTION('',(0.,0.,-1.));
#4869=DIRECTION('center_axis',(0.,0.,-1.));
#4870=DIRECTION('ref_axis',(0.62932039104976,-0.777145961457034,0.));
#4871=DIRECTION('center_axis',(0.,0.,1.));
#4872=DIRECTION('ref_axis',(-0.809016994374918,0.587785252292513,0.));
#4873=DIRECTION('',(0.,0.,1.));
#4874=DIRECTION('center_axis',(0.,0.,1.));
#4875=DIRECTION('ref_axis',(-0.309016994374891,0.951056516295172,0.));
#4876=DIRECTION('',(0.,0.,1.));
#4877=DIRECTION('center_axis',(0.,0.,1.));
#4878=DIRECTION('ref_axis',(0.309016994374891,0.951056516295172,0.));
#4879=DIRECTION('',(0.,0.,1.));
#4880=DIRECTION('center_axis',(0.,0.,1.));
#4881=DIRECTION('ref_axis',(0.809016994374918,0.587785252292513,0.));
#4882=DIRECTION('',(0.,0.,1.));
#4883=DIRECTION('center_axis',(0.,0.,1.));
#4884=DIRECTION('ref_axis',(1.,0.,0.));
#4885=DIRECTION('',(0.,0.,1.));
#4886=DIRECTION('center_axis',(0.,0.,1.));
#4887=DIRECTION('ref_axis',(0.809016994374918,-0.587785252292513,0.));
#4888=DIRECTION('',(0.,0.,1.));
#4889=DIRECTION('center_axis',(0.,0.,1.));
#4890=DIRECTION('ref_axis',(0.309016994374891,-0.951056516295172,0.));
#4891=DIRECTION('',(0.,0.,1.));
#4892=DIRECTION('center_axis',(0.,0.,1.));
#4893=DIRECTION('ref_axis',(-0.309016994374891,-0.951056516295172,0.));
#4894=DIRECTION('',(0.,0.,1.));
#4895=DIRECTION('center_axis',(0.,0.,1.));
#4896=DIRECTION('ref_axis',(-0.809016994374918,-0.587785252292513,0.));
#4897=DIRECTION('',(0.,0.,1.));
#4898=DIRECTION('center_axis',(0.,0.,1.));
#4899=DIRECTION('ref_axis',(-1.,0.,0.));
#4900=DIRECTION('',(0.,0.,1.));
#4901=DIRECTION('center_axis',(-0.4067366430758,0.913545457642601,0.));
#4902=DIRECTION('ref_axis',(-0.913545457642601,-0.4067366430758,0.));
#4903=DIRECTION('',(-2.927255387131E-8,-1.354960332865E-8,-1.));
#4904=DIRECTION('center_axis',(0.,0.,1.));
#4905=DIRECTION('ref_axis',(-0.500000000000017,-0.866025403784429,0.));
#4906=DIRECTION('center_axis',(0.,0.,1.));
#4907=DIRECTION('ref_axis',(-1.,0.,0.));
#4908=DIRECTION('center_axis',(0.,0.,1.));
#4909=DIRECTION('ref_axis',(-1.,0.,0.));
#4910=DIRECTION('',(0.,0.,1.));
#4911=DIRECTION('center_axis',(0.,0.,-1.));
#4912=DIRECTION('ref_axis',(1.,0.,0.));
#4913=DIRECTION('center_axis',(0.,0.,1.));
#4914=DIRECTION('ref_axis',(-0.809016994374918,0.587785252292513,0.));
#4915=DIRECTION('center_axis',(0.,0.,1.));
#4916=DIRECTION('ref_axis',(-0.809016994374918,0.587785252292513,0.));
#4917=DIRECTION('',(0.,0.,1.));
#4918=DIRECTION('center_axis',(0.,0.,-1.));
#4919=DIRECTION('ref_axis',(0.809016994373777,-0.587785252294084,0.));
#4920=DIRECTION('center_axis',(0.,0.,1.));
#4921=DIRECTION('ref_axis',(-0.309016994374891,0.951056516295172,0.));
#4922=DIRECTION('center_axis',(0.,0.,1.));
#4923=DIRECTION('ref_axis',(-0.309016994374891,0.951056516295172,0.));
#4924=DIRECTION('',(0.,0.,1.));
#4925=DIRECTION('center_axis',(0.,0.,-1.));
#4926=DIRECTION('ref_axis',(0.309016994375011,-0.951056516295133,0.));
#4927=DIRECTION('center_axis',(0.,0.,1.));
#4928=DIRECTION('ref_axis',(0.309016994374891,0.951056516295172,0.));
#4929=DIRECTION('center_axis',(0.,0.,1.));
#4930=DIRECTION('ref_axis',(0.309016994374891,0.951056516295172,0.));
#4931=DIRECTION('',(0.,0.,1.));
#4932=DIRECTION('center_axis',(0.,0.,-1.));
#4933=DIRECTION('ref_axis',(-0.309016994375011,-0.951056516295133,0.));
#4934=DIRECTION('center_axis',(0.,0.,1.));
#4935=DIRECTION('ref_axis',(0.809016994374918,0.587785252292513,0.));
#4936=DIRECTION('center_axis',(0.,0.,1.));
#4937=DIRECTION('ref_axis',(0.809016994374918,0.587785252292513,0.));
#4938=DIRECTION('',(0.,0.,1.));
#4939=DIRECTION('center_axis',(0.,0.,-1.));
#4940=DIRECTION('ref_axis',(-0.809016994375082,-0.587785252292287,0.));
#4941=DIRECTION('center_axis',(0.,0.,1.));
#4942=DIRECTION('ref_axis',(1.,0.,0.));
#4943=DIRECTION('center_axis',(0.,0.,1.));
#4944=DIRECTION('ref_axis',(1.,0.,0.));
#4945=DIRECTION('',(0.,0.,1.));
#4946=DIRECTION('center_axis',(0.,0.,-1.));
#4947=DIRECTION('ref_axis',(-1.,0.,0.));
#4948=DIRECTION('center_axis',(0.,0.,1.));
#4949=DIRECTION('ref_axis',(0.809016994374918,-0.587785252292513,0.));
#4950=DIRECTION('center_axis',(0.,0.,1.));
#4951=DIRECTION('ref_axis',(0.809016994374918,-0.587785252292513,0.));
#4952=DIRECTION('',(0.,0.,1.));
#4953=DIRECTION('center_axis',(0.,0.,-1.));
#4954=DIRECTION('ref_axis',(-0.809016994373777,0.587785252294084,0.));
#4955=DIRECTION('center_axis',(0.,0.,1.));
#4956=DIRECTION('ref_axis',(0.309016994374891,-0.951056516295172,0.));
#4957=DIRECTION('center_axis',(0.,0.,1.));
#4958=DIRECTION('ref_axis',(0.309016994374891,-0.951056516295172,0.));
#4959=DIRECTION('',(0.,0.,1.));
#4960=DIRECTION('center_axis',(0.,0.,-1.));
#4961=DIRECTION('ref_axis',(-0.309016994375011,0.951056516295133,0.));
#4962=DIRECTION('center_axis',(0.,0.,1.));
#4963=DIRECTION('ref_axis',(-0.309016994374891,-0.951056516295172,0.));
#4964=DIRECTION('center_axis',(0.,0.,1.));
#4965=DIRECTION('ref_axis',(-0.309016994374891,-0.951056516295172,0.));
#4966=DIRECTION('',(0.,0.,1.));
#4967=DIRECTION('center_axis',(0.,0.,-1.));
#4968=DIRECTION('ref_axis',(0.309016994375011,0.951056516295133,0.));
#4969=DIRECTION('center_axis',(0.,0.,1.));
#4970=DIRECTION('ref_axis',(-0.809016994374918,-0.587785252292513,0.));
#4971=DIRECTION('center_axis',(0.,0.,1.));
#4972=DIRECTION('ref_axis',(-0.809016994374918,-0.587785252292513,0.));
#4973=DIRECTION('',(0.,0.,1.));
#4974=DIRECTION('center_axis',(0.,0.,-1.));
#4975=DIRECTION('ref_axis',(0.809016994375082,0.587785252292287,0.));
#4976=CARTESIAN_POINT('',(0.,0.,0.));
#4977=CARTESIAN_POINT('Origin',(0.,0.,4.));
#4978=CARTESIAN_POINT('',(60.,-7.34788079488412E-15,-1.));
#4979=CARTESIAN_POINT('Origin',(0.,0.,-1.));
#4980=CARTESIAN_POINT('',(60.,-7.34788079488412E-15,4.));
#4981=CARTESIAN_POINT('',(60.,-7.34788079488412E-15,4.));
#4982=CARTESIAN_POINT('',(59.88081436357,-3.77995650186,4.));
#4983=CARTESIAN_POINT('Origin',(0.,0.,4.));
#4984=CARTESIAN_POINT('',(59.88081436356,-3.779956502082,3.649999999469));
#4985=CARTESIAN_POINT('',(59.88081436356,-3.779956502082,3.649999999469));
#4986=CARTESIAN_POINT('',(59.86787122976,-3.979697779592,3.45));
#4987=CARTESIAN_POINT('Ctrl Pts',(59.86787122976,-3.979697779592,3.45));
#4988=CARTESIAN_POINT('Ctrl Pts',(59.87229651647,-3.913126771115,3.516668893946));
#4989=CARTESIAN_POINT('Ctrl Pts',(59.87661090179,-3.846546346054,3.583335560539));
#4990=CARTESIAN_POINT('Ctrl Pts',(59.88081436353,-3.779956502524,3.649999999335));
#4991=CARTESIAN_POINT('',(59.38704029873,-8.554498498286,3.45));
#4992=CARTESIAN_POINT('Origin',(0.,0.,3.45));
#4993=CARTESIAN_POINT('',(59.35817204725,-8.75256597856,3.649999999656));
#4994=CARTESIAN_POINT('Ctrl Pts',(59.35817204729,-8.752565978275,3.649999999569));
#4995=CARTESIAN_POINT('Ctrl Pts',(59.36790524825,-8.686557333678,3.583335560695));
#4996=CARTESIAN_POINT('Ctrl Pts',(59.37752799136,-8.620534839424,3.516668894024));
#4997=CARTESIAN_POINT('Ctrl Pts',(59.38704029873,-8.554498498286,3.45));
#4998=CARTESIAN_POINT('',(59.35817204723,-8.752565978702,4.));
#4999=CARTESIAN_POINT('',(59.35817204723,-8.752565978702,4.));
#5000=CARTESIAN_POINT('',(49.96832818722,-33.2139455376,4.));
#5001=CARTESIAN_POINT('Origin',(0.,0.,4.));
#5002=CARTESIAN_POINT('',(49.96832818685,-33.21394553815,3.649999999334));
#5003=CARTESIAN_POINT('',(49.9683281871,-33.21394553778,3.649999999467));
#5004=CARTESIAN_POINT('',(49.85724846567,-33.38045499139,3.45));
#5005=CARTESIAN_POINT('Ctrl Pts',(49.85724846567,-33.38045499139,3.450000000002));
#5006=CARTESIAN_POINT('Ctrl Pts',(49.89436638062,-33.32501545025,3.516668893946));
#5007=CARTESIAN_POINT('Ctrl Pts',(49.93139296044,-33.26951230341,3.583335560539));
#5008=CARTESIAN_POINT('Ctrl Pts',(49.96832818685,-33.21394553815,3.649999999334));
#5009=CARTESIAN_POINT('',(47.15343630513,-37.10193316552,3.450000000002));
#5010=CARTESIAN_POINT('Origin',(0.,0.,3.45));
#5011=CARTESIAN_POINT('',(47.02940192585,-37.25903050936,3.649999999656));
#5012=CARTESIAN_POINT('Ctrl Pts',(47.02940192603,-37.25903050913,3.64999999957));
#5013=CARTESIAN_POINT('Ctrl Pts',(47.07083544761,-37.20673194652,3.583335560696));
#5014=CARTESIAN_POINT('Ctrl Pts',(47.11218023473,-37.15436616083,3.516668894025));
#5015=CARTESIAN_POINT('Ctrl Pts',(47.15343630513,-37.10193316552,3.450000000002));
#5016=CARTESIAN_POINT('',(47.02940192576,-37.25903050947,4.));
#5017=CARTESIAN_POINT('',(47.02940192576,-37.25903050947,4.));
#5018=CARTESIAN_POINT('',(26.66686882597,-53.74828468908,4.));
#5019=CARTESIAN_POINT('Origin',(0.,0.,4.));
#5020=CARTESIAN_POINT('',(26.66686882538,-53.74828468937,3.649999999336));
#5021=CARTESIAN_POINT('',(26.66686882578,-53.74828468918,3.649999999468));
#5022=CARTESIAN_POINT('',(26.48741623837,-53.83694624526,3.45));
#5023=CARTESIAN_POINT('Ctrl Pts',(26.48741623837,-53.83694624526,3.450000000001));
#5024=CARTESIAN_POINT('Ctrl Pts',(26.54728106622,-53.80749315173,3.516668893946));
#5025=CARTESIAN_POINT('Ctrl Pts',(26.60709859838,-53.77793930649,3.58333556054));
#5026=CARTESIAN_POINT('Ctrl Pts',(26.66686882538,-53.74828468937,3.649999999336));
#5027=CARTESIAN_POINT('',(22.28510713321,-55.70793480341,3.450000000002));
#5028=CARTESIAN_POINT('Origin',(0.,0.,3.45));
#5029=CARTESIAN_POINT('',(22.0991415379,-55.78196790441,3.649999999656));
#5030=CARTESIAN_POINT('Ctrl Pts',(22.09914153816,-55.7819679043,3.64999999957));
#5031=CARTESIAN_POINT('Ctrl Pts',(22.16117330173,-55.75739278129,3.583335560696));
#5032=CARTESIAN_POINT('Ctrl Pts',(22.22316183053,-55.73271507415,3.516668894025));
#5033=CARTESIAN_POINT('Ctrl Pts',(22.28510713321,-55.70793480341,3.450000000002));
#5034=CARTESIAN_POINT('',(22.09914153776,-55.78196790446,4.));
#5035=CARTESIAN_POINT('',(22.09914153776,-55.78196790446,4.));
#5036=CARTESIAN_POINT('',(-3.77995650186,-59.88081436357,4.));
#5037=CARTESIAN_POINT('Origin',(0.,0.,4.));
#5038=CARTESIAN_POINT('',(-3.779956502524,-59.88081436353,3.649999999335));
#5039=CARTESIAN_POINT('',(-3.779956502082,-59.88081436356,3.649999999469));
#5040=CARTESIAN_POINT('',(-3.979697779592,-59.86787122976,3.45));
#5041=CARTESIAN_POINT('Ctrl Pts',(-3.979697779592,-59.86787122976,3.45));
#5042=CARTESIAN_POINT('Ctrl Pts',(-3.913126771115,-59.87229651647,3.516668893946));
#5043=CARTESIAN_POINT('Ctrl Pts',(-3.846546346054,-59.87661090179,3.583335560539));
#5044=CARTESIAN_POINT('Ctrl Pts',(-3.779956502524,-59.88081436353,3.649999999335));
#5045=CARTESIAN_POINT('',(-8.554498498286,-59.38704029873,3.45));
#5046=CARTESIAN_POINT('Origin',(0.,0.,3.45));
#5047=CARTESIAN_POINT('',(-8.75256597856,-59.35817204725,3.649999999656));
#5048=CARTESIAN_POINT('Ctrl Pts',(-8.752565978275,-59.35817204729,3.649999999569));
#5049=CARTESIAN_POINT('Ctrl Pts',(-8.686557333678,-59.36790524825,3.583335560695));
#5050=CARTESIAN_POINT('Ctrl Pts',(-8.620534839424,-59.37752799136,3.516668894024));
#5051=CARTESIAN_POINT('Ctrl Pts',(-8.554498498286,-59.38704029873,3.45));
#5052=CARTESIAN_POINT('',(-8.752565978702,-59.35817204723,4.));
#5053=CARTESIAN_POINT('',(-8.752565978702,-59.35817204723,4.));
#5054=CARTESIAN_POINT('',(-33.2139455376,-49.96832818722,4.));
#5055=CARTESIAN_POINT('Origin',(0.,0.,4.));
#5056=CARTESIAN_POINT('',(-33.21394553815,-49.96832818685,3.649999999334));
#5057=CARTESIAN_POINT('',(-33.21394553778,-49.9683281871,3.649999999467));
#5058=CARTESIAN_POINT('',(-33.38045499139,-49.85724846567,3.45));
#5059=CARTESIAN_POINT('Ctrl Pts',(-33.38045499139,-49.85724846567,3.450000000002));
#5060=CARTESIAN_POINT('Ctrl Pts',(-33.32501545025,-49.89436638062,3.516668893946));
#5061=CARTESIAN_POINT('Ctrl Pts',(-33.26951230341,-49.93139296044,3.583335560539));
#5062=CARTESIAN_POINT('Ctrl Pts',(-33.21394553815,-49.96832818685,3.649999999334));
#5063=CARTESIAN_POINT('',(-37.10193316552,-47.15343630513,3.450000000002));
#5064=CARTESIAN_POINT('Origin',(0.,0.,3.45));
#5065=CARTESIAN_POINT('',(-37.25903050936,-47.02940192585,3.649999999656));
#5066=CARTESIAN_POINT('Ctrl Pts',(-37.25903050913,-47.02940192603,3.64999999957));
#5067=CARTESIAN_POINT('Ctrl Pts',(-37.20673194652,-47.07083544761,3.583335560696));
#5068=CARTESIAN_POINT('Ctrl Pts',(-37.15436616083,-47.11218023473,3.516668894025));
#5069=CARTESIAN_POINT('Ctrl Pts',(-37.10193316552,-47.15343630513,3.450000000002));
#5070=CARTESIAN_POINT('',(-37.25903050947,-47.02940192576,4.));
#5071=CARTESIAN_POINT('',(-37.25903050947,-47.02940192576,4.));
#5072=CARTESIAN_POINT('',(-53.74828468908,-26.66686882597,4.));
#5073=CARTESIAN_POINT('Origin',(0.,0.,4.));
#5074=CARTESIAN_POINT('',(-53.74828468937,-26.66686882538,3.649999999336));
#5075=CARTESIAN_POINT('',(-53.74828468918,-26.66686882578,3.649999999468));
#5076=CARTESIAN_POINT('',(-53.83694624526,-26.48741623837,3.45));
#5077=CARTESIAN_POINT('Ctrl Pts',(-53.83694624526,-26.48741623837,3.450000000001));
#5078=CARTESIAN_POINT('Ctrl Pts',(-53.80749315173,-26.54728106622,3.516668893946));
#5079=CARTESIAN_POINT('Ctrl Pts',(-53.77793930649,-26.60709859838,3.58333556054));
#5080=CARTESIAN_POINT('Ctrl Pts',(-53.74828468937,-26.66686882538,3.649999999336));
#5081=CARTESIAN_POINT('',(-55.70793480341,-22.28510713321,3.450000000002));
#5082=CARTESIAN_POINT('Origin',(0.,0.,3.45));
#5083=CARTESIAN_POINT('',(-55.78196790441,-22.0991415379,3.649999999656));
#5084=CARTESIAN_POINT('Ctrl Pts',(-55.7819679043,-22.09914153816,3.64999999957));
#5085=CARTESIAN_POINT('Ctrl Pts',(-55.75739278129,-22.16117330173,3.583335560696));
#5086=CARTESIAN_POINT('Ctrl Pts',(-55.73271507415,-22.22316183053,3.516668894025));
#5087=CARTESIAN_POINT('Ctrl Pts',(-55.70793480341,-22.28510713321,3.450000000002));
#5088=CARTESIAN_POINT('',(-55.78196790446,-22.09914153776,4.));
#5089=CARTESIAN_POINT('',(-55.78196790446,-22.09914153776,4.));
#5090=CARTESIAN_POINT('',(-59.88081436357,3.77995650186,4.));
#5091=CARTESIAN_POINT('Origin',(0.,0.,4.));
#5092=CARTESIAN_POINT('',(-59.88081436353,3.779956502524,3.649999999336));
#5093=CARTESIAN_POINT('',(-59.88081436356,3.779956502082,3.64999999947));
#5094=CARTESIAN_POINT('',(-59.86787122976,3.979697779593,3.45));
#5095=CARTESIAN_POINT('Ctrl Pts',(-59.86787122976,3.979697779593,3.45));
#5096=CARTESIAN_POINT('Ctrl Pts',(-59.87229651647,3.913126771116,3.516668893946));
#5097=CARTESIAN_POINT('Ctrl Pts',(-59.87661090179,3.846546346054,3.58333556054));
#5098=CARTESIAN_POINT('Ctrl Pts',(-59.88081436353,3.779956502524,3.649999999336));
#5099=CARTESIAN_POINT('',(-59.38704029873,8.554498498286,3.45));
#5100=CARTESIAN_POINT('Origin',(0.,0.,3.45));
#5101=CARTESIAN_POINT('',(-59.35817204725,8.75256597856,3.649999999656));
#5102=CARTESIAN_POINT('Ctrl Pts',(-59.35817204729,8.752565978275,3.649999999569));
#5103=CARTESIAN_POINT('Ctrl Pts',(-59.36790524825,8.686557333678,3.583335560695));
#5104=CARTESIAN_POINT('Ctrl Pts',(-59.37752799136,8.620534839424,3.516668894024));
#5105=CARTESIAN_POINT('Ctrl Pts',(-59.38704029873,8.554498498286,3.45));
#5106=CARTESIAN_POINT('',(-59.35817204723,8.752565978702,4.));
#5107=CARTESIAN_POINT('',(-59.35817204723,8.752565978702,4.));
#5108=CARTESIAN_POINT('',(-49.96832818722,33.2139455376,4.));
#5109=CARTESIAN_POINT('Origin',(0.,0.,4.));
#5110=CARTESIAN_POINT('',(-49.96832818685,33.21394553815,3.649999999334));
#5111=CARTESIAN_POINT('',(-49.9683281871,33.21394553778,3.649999999467));
#5112=CARTESIAN_POINT('',(-49.85724846567,33.38045499139,3.45));
#5113=CARTESIAN_POINT('Ctrl Pts',(-49.85724846567,33.38045499139,3.450000000002));
#5114=CARTESIAN_POINT('Ctrl Pts',(-49.89436638062,33.32501545025,3.516668893946));
#5115=CARTESIAN_POINT('Ctrl Pts',(-49.93139296044,33.26951230341,3.583335560539));
#5116=CARTESIAN_POINT('Ctrl Pts',(-49.96832818685,33.21394553815,3.649999999334));
#5117=CARTESIAN_POINT('',(-47.15343630513,37.10193316552,3.450000000002));
#5118=CARTESIAN_POINT('Origin',(0.,0.,3.45));
#5119=CARTESIAN_POINT('',(-47.02940192585,37.25903050936,3.649999999656));
#5120=CARTESIAN_POINT('Ctrl Pts',(-47.02940192603,37.25903050913,3.64999999957));
#5121=CARTESIAN_POINT('Ctrl Pts',(-47.07083544761,37.20673194652,3.583335560696));
#5122=CARTESIAN_POINT('Ctrl Pts',(-47.11218023473,37.15436616083,3.516668894025));
#5123=CARTESIAN_POINT('Ctrl Pts',(-47.15343630513,37.10193316552,3.450000000002));
#5124=CARTESIAN_POINT('',(-47.02940192576,37.25903050946,4.));
#5125=CARTESIAN_POINT('',(-47.02940192576,37.25903050947,4.));
#5126=CARTESIAN_POINT('',(-26.66686882597,53.74828468908,4.));
#5127=CARTESIAN_POINT('Origin',(0.,0.,4.));
#5128=CARTESIAN_POINT('',(-26.66686882538,53.74828468937,3.649999999336));
#5129=CARTESIAN_POINT('',(-26.66686882578,53.74828468918,3.649999999468));
#5130=CARTESIAN_POINT('',(-26.48741623837,53.83694624526,3.45));
#5131=CARTESIAN_POINT('Ctrl Pts',(-26.48741623837,53.83694624526,3.450000000001));
#5132=CARTESIAN_POINT('Ctrl Pts',(-26.54728106622,53.80749315173,3.516668893946));
#5133=CARTESIAN_POINT('Ctrl Pts',(-26.60709859838,53.77793930649,3.58333556054));
#5134=CARTESIAN_POINT('Ctrl Pts',(-26.66686882538,53.74828468937,3.649999999336));
#5135=CARTESIAN_POINT('',(-22.28510713321,55.70793480341,3.450000000002));
#5136=CARTESIAN_POINT('Origin',(0.,0.,3.45));
#5137=CARTESIAN_POINT('',(-22.0991415379,55.78196790441,3.649999999656));
#5138=CARTESIAN_POINT('Ctrl Pts',(-22.09914153816,55.7819679043,3.64999999957));
#5139=CARTESIAN_POINT('Ctrl Pts',(-22.16117330173,55.75739278129,3.583335560696));
#5140=CARTESIAN_POINT('Ctrl Pts',(-22.22316183053,55.73271507415,3.516668894025));
#5141=CARTESIAN_POINT('Ctrl Pts',(-22.28510713321,55.70793480341,3.450000000002));
#5142=CARTESIAN_POINT('',(-22.09914153776,55.78196790446,4.));
#5143=CARTESIAN_POINT('',(-22.09914153776,55.78196790446,4.));
#5144=CARTESIAN_POINT('',(3.77995650186,59.88081436357,4.));
#5145=CARTESIAN_POINT('Origin',(0.,0.,4.));
#5146=CARTESIAN_POINT('',(3.779956502524,59.88081436353,3.649999999335));
#5147=CARTESIAN_POINT('',(3.779956502082,59.88081436356,3.649999999469));
#5148=CARTESIAN_POINT('',(3.979697779592,59.86787122976,3.45));
#5149=CARTESIAN_POINT('Ctrl Pts',(3.979697779592,59.86787122976,3.45));
#5150=CARTESIAN_POINT('Ctrl Pts',(3.913126771115,59.87229651647,3.516668893946));
#5151=CARTESIAN_POINT('Ctrl Pts',(3.846546346054,59.87661090179,3.583335560539));
#5152=CARTESIAN_POINT('Ctrl Pts',(3.779956502524,59.88081436353,3.649999999335));
#5153=CARTESIAN_POINT('',(8.554498498286,59.38704029873,3.45));
#5154=CARTESIAN_POINT('Origin',(0.,0.,3.45));
#5155=CARTESIAN_POINT('',(8.75256597856,59.35817204725,3.649999999656));
#5156=CARTESIAN_POINT('Ctrl Pts',(8.752565978275,59.35817204729,3.649999999569));
#5157=CARTESIAN_POINT('Ctrl Pts',(8.686557333678,59.36790524825,3.583335560695));
#5158=CARTESIAN_POINT('Ctrl Pts',(8.620534839424,59.37752799136,3.516668894024));
#5159=CARTESIAN_POINT('Ctrl Pts',(8.554498498286,59.38704029873,3.45));
#5160=CARTESIAN_POINT('',(8.752565978702,59.35817204723,4.));
#5161=CARTESIAN_POINT('',(8.752565978702,59.35817204723,4.));
#5162=CARTESIAN_POINT('',(33.2139455376,49.96832818722,4.));
#5163=CARTESIAN_POINT('Origin',(0.,0.,4.));
#5164=CARTESIAN_POINT('',(33.21394553815,49.96832818685,3.649999999334));
#5165=CARTESIAN_POINT('',(33.21394553778,49.9683281871,3.649999999467));
#5166=CARTESIAN_POINT('',(33.38045499139,49.85724846567,3.45));
#5167=CARTESIAN_POINT('Ctrl Pts',(33.38045499139,49.85724846567,3.450000000002));
#5168=CARTESIAN_POINT('Ctrl Pts',(33.32501545025,49.89436638062,3.516668893946));
#5169=CARTESIAN_POINT('Ctrl Pts',(33.26951230341,49.93139296044,3.583335560539));
#5170=CARTESIAN_POINT('Ctrl Pts',(33.21394553815,49.96832818685,3.649999999334));
#5171=CARTESIAN_POINT('',(37.10193316552,47.15343630513,3.450000000002));
#5172=CARTESIAN_POINT('Origin',(0.,0.,3.45));
#5173=CARTESIAN_POINT('',(37.25903050936,47.02940192585,3.649999999656));
#5174=CARTESIAN_POINT('Ctrl Pts',(37.25903050913,47.02940192603,3.64999999957));
#5175=CARTESIAN_POINT('Ctrl Pts',(37.20673194652,47.07083544761,3.583335560696));
#5176=CARTESIAN_POINT('Ctrl Pts',(37.15436616083,47.11218023473,3.516668894025));
#5177=CARTESIAN_POINT('Ctrl Pts',(37.10193316552,47.15343630513,3.450000000002));
#5178=CARTESIAN_POINT('',(37.25903050946,47.02940192576,4.));
#5179=CARTESIAN_POINT('',(37.25903050947,47.02940192576,4.));
#5180=CARTESIAN_POINT('',(53.74828468908,26.66686882597,4.));
#5181=CARTESIAN_POINT('Origin',(0.,0.,4.));
#5182=CARTESIAN_POINT('',(53.74828468937,26.66686882538,3.649999999336));
#5183=CARTESIAN_POINT('',(53.74828468918,26.66686882578,3.649999999468));
#5184=CARTESIAN_POINT('',(53.83694624526,26.48741623837,3.45));
#5185=CARTESIAN_POINT('Ctrl Pts',(53.83694624526,26.48741623837,3.450000000001));
#5186=CARTESIAN_POINT('Ctrl Pts',(53.80749315173,26.54728106622,3.516668893946));
#5187=CARTESIAN_POINT('Ctrl Pts',(53.77793930649,26.60709859838,3.58333556054));
#5188=CARTESIAN_POINT('Ctrl Pts',(53.74828468937,26.66686882538,3.649999999336));
#5189=CARTESIAN_POINT('',(55.70793480341,22.28510713321,3.45));
#5190=CARTESIAN_POINT('Origin',(0.,0.,3.45));
#5191=CARTESIAN_POINT('',(55.78196790441,22.0991415379,3.649999999656));
#5192=CARTESIAN_POINT('Ctrl Pts',(55.7819679043,22.09914153816,3.64999999957));
#5193=CARTESIAN_POINT('Ctrl Pts',(55.75739278129,22.16117330173,3.583335560696));
#5194=CARTESIAN_POINT('Ctrl Pts',(55.73271507415,22.22316183053,3.516668894025));
#5195=CARTESIAN_POINT('Ctrl Pts',(55.70793480341,22.28510713321,3.450000000002));
#5196=CARTESIAN_POINT('',(55.78196790446,22.09914153776,4.));
#5197=CARTESIAN_POINT('',(55.78196790446,22.09914153776,4.));
#5198=CARTESIAN_POINT('Origin',(0.,0.,4.));
#5199=CARTESIAN_POINT('Origin',(0.,0.,3.45));
#5200=CARTESIAN_POINT('',(51.68472405537,25.52918518228,3.45));
#5201=CARTESIAN_POINT('',(51.68472405537,25.52918518228,3.45));
#5202=CARTESIAN_POINT('',(53.7702183602101,25.4198890698742,3.45));
#5203=CARTESIAN_POINT('Origin',(52.62021836021,23.42803064117,3.45));
#5204=CARTESIAN_POINT('',(53.55571260591,21.32687607373,3.450000000001));
#5205=CARTESIAN_POINT('Origin',(52.62021836021,23.42803064117,3.45));
#5206=CARTESIAN_POINT('',(55.70793480341,22.28510713321,3.450000000001));
#5207=CARTESIAN_POINT('Origin',(52.72016149889,26.09965526182,3.55));
#5208=CARTESIAN_POINT('',(51.60337673205,25.71189427598,3.649999999601));
#5209=CARTESIAN_POINT('',(53.74828468918,26.66686882578,3.649999999468));
#5210=CARTESIAN_POINT('',(51.60337673205,25.71189427598,3.649999999601));
#5211=CARTESIAN_POINT('Origin',(52.62021836021,23.42803064117,3.125));
#5212=CARTESIAN_POINT('',(53.34521836021,24.6837674766574,2.6));
#5213=CARTESIAN_POINT('Origin',(52.62021836021,23.42803064117,2.6));
#5214=CARTESIAN_POINT('',(53.60771836021,25.1384308136442,3.125));
#5215=CARTESIAN_POINT('',(53.63705992069,21.14416697616,3.649999999742));
#5216=CARTESIAN_POINT('Origin',(52.62021836021,23.42803064117,3.65));
#5217=CARTESIAN_POINT('',(53.55571260591,21.32687607373,3.450000000001));
#5218=CARTESIAN_POINT('Origin',(54.67249738566,21.71463706514,3.55));
#5219=CARTESIAN_POINT('',(53.63705992069,21.14416697616,3.649999999742));
#5220=CARTESIAN_POINT('Origin',(53.6370599679,21.14416699706,4.));
#5221=CARTESIAN_POINT('',(53.63705993234,21.14416698123,4.));
#5222=CARTESIAN_POINT('',(53.63705992069,21.14416697616,3.649999999742));
#5223=CARTESIAN_POINT('',(53.63705993234,21.14416698123,4.));
#5224=CARTESIAN_POINT('Origin',(0.,0.,4.));
#5225=CARTESIAN_POINT('',(57.02313997632,-8.507144218568,4.));
#5226=CARTESIAN_POINT('',(57.02313997632,-8.507144218568,4.));
#5227=CARTESIAN_POINT('',(57.54578232031,-3.534534744633,4.));
#5228=CARTESIAN_POINT('Origin',(57.28446117321,-6.020839484217,4.));
#5229=CARTESIAN_POINT('',(59.88081436357,-3.77995650186,4.));
#5230=CARTESIAN_POINT('',(51.6033767423,25.71189428072,4.));
#5231=CARTESIAN_POINT('Origin',(52.62021836021,23.42803064117,4.));
#5232=CARTESIAN_POINT('',(53.74828468908,26.66686882597,4.));
#5233=CARTESIAN_POINT('',(35.878973001741,45.1299157229113,4.));
#5234=CARTESIAN_POINT('',(35.87897300074,45.12991572154,4.));
#5235=CARTESIAN_POINT('',(31.83388803956,48.06884199771,4.));
#5236=CARTESIAN_POINT('Origin',(33.85643053205,46.599378876,4.));
#5237=CARTESIAN_POINT('',(33.2139455376,49.96832818722,4.));
#5238=CARTESIAN_POINT('',(8.50714421975898,57.0231399876497,4.));
#5239=CARTESIAN_POINT('',(8.50714421958,57.02313998595,4.));
#5240=CARTESIAN_POINT('',(3.534534744633,57.54578232031,4.));
#5241=CARTESIAN_POINT('Origin',(6.020839484217,57.28446117321,4.));
#5242=CARTESIAN_POINT('',(3.77995650186,59.88081436357,4.));
#5243=CARTESIAN_POINT('',(-21.1441669858655,53.6370599427528,4.));
#5244=CARTESIAN_POINT('',(-21.14416698517,53.63705994119,4.));
#5245=CARTESIAN_POINT('',(-25.71189428072,51.6033767423,4.));
#5246=CARTESIAN_POINT('Origin',(-23.42803064117,52.62021836021,4.));
#5247=CARTESIAN_POINT('',(-26.66686882597,53.74828468908,4.));
#5248=CARTESIAN_POINT('',(-45.1299157229113,35.878973001741,4.));
#5249=CARTESIAN_POINT('',(-45.12991572154,35.87897300074,4.));
#5250=CARTESIAN_POINT('',(-48.06884199771,31.83388803956,4.));
#5251=CARTESIAN_POINT('Origin',(-46.599378876,33.85643053205,4.));
#5252=CARTESIAN_POINT('',(-49.96832818722,33.2139455376,4.));
#5253=CARTESIAN_POINT('',(-57.0231399876497,8.50714421975898,4.));
#5254=CARTESIAN_POINT('',(-57.02313998595,8.50714421958,4.));
#5255=CARTESIAN_POINT('',(-57.54578232031,3.534534744633,4.));
#5256=CARTESIAN_POINT('Origin',(-57.28446117321,6.020839484217,4.));
#5257=CARTESIAN_POINT('',(-59.88081436357,3.77995650186,4.));
#5258=CARTESIAN_POINT('',(-53.6370599427529,-21.1441669858655,4.));
#5259=CARTESIAN_POINT('',(-53.63705994119,-21.14416698517,4.));
#5260=CARTESIAN_POINT('',(-51.6033767423,-25.71189428072,4.));
#5261=CARTESIAN_POINT('Origin',(-52.62021836021,-23.42803064117,4.));
#5262=CARTESIAN_POINT('',(-53.74828468908,-26.66686882597,4.));
#5263=CARTESIAN_POINT('',(-35.878973001741,-45.1299157229113,4.));
#5264=CARTESIAN_POINT('',(-35.87897300074,-45.12991572154,4.));
#5265=CARTESIAN_POINT('',(-31.83388803956,-48.06884199771,4.));
#5266=CARTESIAN_POINT('Origin',(-33.85643053205,-46.599378876,4.));
#5267=CARTESIAN_POINT('',(-33.2139455376,-49.96832818722,4.));
#5268=CARTESIAN_POINT('',(-8.50714421975898,-57.0231399876497,4.));
#5269=CARTESIAN_POINT('',(-8.50714421958,-57.02313998595,4.));
#5270=CARTESIAN_POINT('',(-3.534534744633,-57.54578232031,4.));
#5271=CARTESIAN_POINT('Origin',(-6.020839484217,-57.28446117321,4.));
#5272=CARTESIAN_POINT('',(-3.77995650186,-59.88081436357,4.));
#5273=CARTESIAN_POINT('',(21.1441669858655,-53.6370599427529,4.));
#5274=CARTESIAN_POINT('',(21.14416698517,-53.63705994119,4.));
#5275=CARTESIAN_POINT('',(25.71189428072,-51.6033767423,4.));
#5276=CARTESIAN_POINT('Origin',(23.42803064117,-52.62021836021,4.));
#5277=CARTESIAN_POINT('',(26.66686882597,-53.74828468908,4.));
#5278=CARTESIAN_POINT('',(45.1299157229113,-35.878973001741,4.));
#5279=CARTESIAN_POINT('',(45.12991572154,-35.87897300074,4.));
#5280=CARTESIAN_POINT('',(48.06884199771,-31.83388803956,4.));
#5281=CARTESIAN_POINT('Origin',(46.599378876,-33.85643053205,4.));
#5282=CARTESIAN_POINT('',(49.96832818722,-33.2139455376,4.));
#5283=CARTESIAN_POINT('',(44.52790070187,-31.1526183715,4.));
#5284=CARTESIAN_POINT('Origin',(42.87790070187,-31.1526183715,4.));
#5285=CARTESIAN_POINT('',(17.7127787425886,-51.3758410299226,4.));
#5286=CARTESIAN_POINT('Origin',(16.37790070187,-50.40599536364,4.));
#5287=CARTESIAN_POINT('',(-15.8680226611514,-51.975238615527,4.));
#5288=CARTESIAN_POINT('Origin',(-16.37790070187,-50.40599536364,4.));
#5289=CARTESIAN_POINT('',(-43.3877787425886,-32.721861623387,4.));
#5290=CARTESIAN_POINT('Origin',(-42.87790070187,-31.1526183715,4.));
#5291=CARTESIAN_POINT('',(-54.3348780407186,-0.969845666282185,4.));
#5292=CARTESIAN_POINT('Origin',(-53.,4.618527893211E-13,4.));
#5293=CARTESIAN_POINT('',(-44.52790070187,31.1526183715,4.));
#5294=CARTESIAN_POINT('Origin',(-42.87790070187,31.1526183715,4.));
#5295=CARTESIAN_POINT('',(-17.7127787425886,51.3758410299226,4.));
#5296=CARTESIAN_POINT('Origin',(-16.37790070187,50.40599536364,4.));
#5297=CARTESIAN_POINT('',(15.8680226611514,51.975238615527,4.));
#5298=CARTESIAN_POINT('Origin',(16.37790070187,50.40599536364,4.));
#5299=CARTESIAN_POINT('',(43.3877787425886,32.721861623387,4.));
#5300=CARTESIAN_POINT('Origin',(42.87790070187,31.1526183715,4.));
#5301=CARTESIAN_POINT('',(54.3348780407186,0.969845666282189,4.));
#5302=CARTESIAN_POINT('Origin',(53.,-4.583000633958E-13,4.));
#5303=CARTESIAN_POINT('',(-5.84156522103719E-15,47.6999999110303,3.999999999997));
#5304=CARTESIAN_POINT('Origin',(0.,2.728010953027E-13,3.999999999997));
#5305=CARTESIAN_POINT('Origin',(57.02314001504,-8.507144222638,4.));
#5306=CARTESIAN_POINT('',(57.02313996371,-8.507144217134,3.649999999742));
#5307=CARTESIAN_POINT('',(57.02313996371,-8.507144217134,3.649999999742));
#5308=CARTESIAN_POINT('',(57.02313996371,-8.507144217134,3.649999999742));
#5309=CARTESIAN_POINT('Origin',(58.20509015689,-8.530821360462,3.55));
#5310=CARTESIAN_POINT('',(57.04404567141,-8.30823983975,3.45));
#5311=CARTESIAN_POINT('',(59.38704029873,-8.554498498286,3.45));
#5312=CARTESIAN_POINT('',(57.04404567141,-8.30823983975,3.45));
#5313=CARTESIAN_POINT('Origin',(57.28446117321,-6.020839484217,3.125));
#5314=CARTESIAN_POINT('',(58.5401980086974,-5.29583948421698,2.6));
#5315=CARTESIAN_POINT('Origin',(57.28446117321,-6.020839484217,2.6));
#5316=CARTESIAN_POINT('',(59.2763196019142,-4.87083948421696,3.45));
#5317=CARTESIAN_POINT('',(58.9948613456842,-5.03333948421697,3.125));
#5318=CARTESIAN_POINT('',(57.52487661068,-3.733439121922,3.45));
#5319=CARTESIAN_POINT('Origin',(57.28446117321,-6.020839484217,3.45));
#5320=CARTESIAN_POINT('',(57.5457823097455,-3.53453474360961,3.649999999793));
#5321=CARTESIAN_POINT('',(57.54578230902,-3.534534743613,3.649999999602));
#5322=CARTESIAN_POINT('Origin',(57.28446117321,-6.020839484217,3.65));
#5323=CARTESIAN_POINT('Origin',(57.28446117321,-6.020839484217,3.45));
#5324=CARTESIAN_POINT('Origin',(0.,0.,3.45));
#5325=CARTESIAN_POINT('',(57.52487661068,-3.733439121922,3.45));
#5326=CARTESIAN_POINT('Origin',(58.70682678057,-3.757116262694,3.55));
#5327=CARTESIAN_POINT('',(59.88081436356,-3.779956502082,3.649999999469));
#5328=CARTESIAN_POINT('Origin',(60.58244640682,-3.853701001204,4.));
#5329=CARTESIAN_POINT('',(57.54578232031,-3.534534744633,4.));
#5330=CARTESIAN_POINT('Origin',(57.28446117321,-6.020839484217,-41.52931029247));
#5331=CARTESIAN_POINT('Origin',(0.,0.,-1.));
#5332=CARTESIAN_POINT('',(48.049378876,-33.85643053205,-1.));
#5333=CARTESIAN_POINT('Origin',(46.599378876,-33.85643053205,-1.));
#5334=CARTESIAN_POINT('',(-48.049378876,33.85643053205,-1.));
#5335=CARTESIAN_POINT('Origin',(-46.599378876,33.85643053205,-1.));
#5336=CARTESIAN_POINT('',(58.5401980087,-5.295839484217,-1.));
#5337=CARTESIAN_POINT('Origin',(57.28446117321,-6.020839484217,-1.));
#5338=CARTESIAN_POINT('',(53.34521836021,24.68376747666,-1.));
#5339=CARTESIAN_POINT('Origin',(52.62021836021,23.42803064117,-1.));
#5340=CARTESIAN_POINT('',(33.85643053205,48.049378876,-1.));
#5341=CARTESIAN_POINT('Origin',(33.85643053205,46.599378876,-1.));
#5342=CARTESIAN_POINT('',(5.295839484217,58.5401980087,-1.));
#5343=CARTESIAN_POINT('Origin',(6.020839484217,57.28446117321,-1.));
#5344=CARTESIAN_POINT('',(-24.68376747666,53.34521836021,-1.));
#5345=CARTESIAN_POINT('Origin',(-23.42803064117,52.62021836021,-1.));
#5346=CARTESIAN_POINT('',(-58.5401980087,5.295839484217,-1.));
#5347=CARTESIAN_POINT('Origin',(-57.28446117321,6.020839484217,-1.));
#5348=CARTESIAN_POINT('',(-53.34521836021,-24.68376747666,-1.));
#5349=CARTESIAN_POINT('Origin',(-52.62021836021,-23.42803064117,-1.));
#5350=CARTESIAN_POINT('',(-33.85643053205,-48.049378876,-1.));
#5351=CARTESIAN_POINT('Origin',(-33.85643053205,-46.599378876,-1.));
#5352=CARTESIAN_POINT('',(-5.295839484217,-58.5401980087,-1.));
#5353=CARTESIAN_POINT('Origin',(-6.020839484217,-57.28446117321,-1.));
#5354=CARTESIAN_POINT('',(24.68376747666,-53.34521836021,-1.));
#5355=CARTESIAN_POINT('Origin',(23.42803064117,-52.62021836021,-1.));
#5356=CARTESIAN_POINT('',(-24.85284589731,47.37537388558,-1.));
#5357=CARTESIAN_POINT('',(-25.75327194632,48.48730745318,-1.));
#5358=CARTESIAN_POINT('',(-24.85284589731,47.37537388558,-1.));
#5359=CARTESIAN_POINT('',(-23.35031928718,46.12648468274,-1.));
#5360=CARTESIAN_POINT('Origin',(-20.96711609006,50.52197584087,-1.));
#5361=CARTESIAN_POINT('',(-40.26370595858,32.43029420898,-1.));
#5362=CARTESIAN_POINT('Origin',(0.,0.,-1.));
#5363=CARTESIAN_POINT('',(-41.17291108798,34.15964567362,-1.));
#5364=CARTESIAN_POINT('Origin',(-45.05864089523,31.01304371833,-1.));
#5365=CARTESIAN_POINT('',(-42.0733371369,35.2715792411,-1.));
#5366=CARTESIAN_POINT('',(-42.0733371369,35.27157924111,-1.));
#5367=CARTESIAN_POINT('',(-42.84792748235,35.27470921875,-1.));
#5368=CARTESIAN_POINT('Origin',(-42.46191011765,34.9569190456,-1.));
#5369=CARTESIAN_POINT('',(-25.59528713798,49.24562190006,-1.));
#5370=CARTESIAN_POINT('Origin',(0.,0.,-1.));
#5371=CARTESIAN_POINT('Origin',(-25.36469896559,48.8019676487,-1.));
#5372=CARTESIAN_POINT('Origin',(46.599378876,-33.85643053205,-41.52931029247));
#5373=CARTESIAN_POINT('',(48.049378876,-33.85643053205,2.6));
#5374=CARTESIAN_POINT('',(48.049378876,-33.85643053205,-41.52931029247));
#5375=CARTESIAN_POINT('Origin',(46.599378876,-33.85643053205,2.6));
#5376=CARTESIAN_POINT('Origin',(46.599378876,-33.85643053205,3.125));
#5377=CARTESIAN_POINT('',(48.899378876,-33.85643053205,3.45));
#5378=CARTESIAN_POINT('',(48.574378876,-33.85643053205,3.125));
#5379=CARTESIAN_POINT('',(47.95128493344,-31.9956914284,3.45));
#5380=CARTESIAN_POINT('Origin',(46.599378876,-33.85643053205,3.45));
#5381=CARTESIAN_POINT('',(48.0688419890838,-31.8338880333976,3.64999999979312));
#5382=CARTESIAN_POINT('',(48.06884198845,-31.83388803304,3.649999999601));
#5383=CARTESIAN_POINT('',(45.12991570449,-35.87897298823,3.649999999742));
#5384=CARTESIAN_POINT('Origin',(46.599378876,-33.85643053205,3.65));
#5385=CARTESIAN_POINT('',(45.2474727673625,-35.7171695985051,3.45000000000023));
#5386=CARTESIAN_POINT('',(45.24747276621,-35.71716959767,3.450000000001));
#5387=CARTESIAN_POINT('Origin',(46.599378876,-33.85643053205,3.45));
#5388=CARTESIAN_POINT('Origin',(0.,0.,3.45));
#5389=CARTESIAN_POINT('',(47.95128493344,-31.9956914284,3.45));
#5390=CARTESIAN_POINT('',(47.15343630513,-37.10193316552,3.450000000001));
#5391=CARTESIAN_POINT('Origin',(48.9630452362,-32.60717151875,3.55));
#5392=CARTESIAN_POINT('',(49.9683281871,-33.21394553778,3.649999999467));
#5393=CARTESIAN_POINT('Origin',(50.53908711111,-33.62862616904,4.));
#5394=CARTESIAN_POINT('',(48.06884199771,-31.83388803956,4.));
#5395=CARTESIAN_POINT('Origin',(46.599378876,-33.85643053205,-41.52931029247));
#5396=CARTESIAN_POINT('',(45.12991570449,-35.87897298823,3.649999999742));
#5397=CARTESIAN_POINT('Origin',(45.12991574527,-35.87897301798,4.));
#5398=CARTESIAN_POINT('',(45.12991570449,-35.87897298823,3.649999999742));
#5399=CARTESIAN_POINT('Origin',(46.1416760252,-36.49045309175,3.55));
#5400=CARTESIAN_POINT('Origin',(-46.599378876,33.85643053205,-41.52931029247));
#5401=CARTESIAN_POINT('',(-48.049378876,33.85643053205,2.6));
#5402=CARTESIAN_POINT('',(-48.049378876,33.85643053205,-41.52931029247));
#5403=CARTESIAN_POINT('Origin',(-46.599378876,33.85643053205,2.6));
#5404=CARTESIAN_POINT('Origin',(-46.599378876,33.85643053205,3.125));
#5405=CARTESIAN_POINT('',(-48.899378876,33.85643053205,3.45));
#5406=CARTESIAN_POINT('',(-48.574378876,33.85643053205,3.125));
#5407=CARTESIAN_POINT('',(-47.95128493344,31.9956914284,3.45));
#5408=CARTESIAN_POINT('Origin',(-46.599378876,33.85643053205,3.45));
#5409=CARTESIAN_POINT('',(-48.0688419890838,31.8338880333976,3.64999999979312));
#5410=CARTESIAN_POINT('',(-48.06884198845,31.83388803304,3.649999999601));
#5411=CARTESIAN_POINT('',(-45.12991570449,35.87897298823,3.649999999742));
#5412=CARTESIAN_POINT('Origin',(-46.599378876,33.85643053205,3.65));
#5413=CARTESIAN_POINT('',(-45.2474727673625,35.7171695985051,3.45000000000021));
#5414=CARTESIAN_POINT('',(-45.24747276621,35.71716959767,3.450000000001));
#5415=CARTESIAN_POINT('Origin',(-46.599378876,33.85643053205,3.45));
#5416=CARTESIAN_POINT('Origin',(0.,0.,3.45));
#5417=CARTESIAN_POINT('',(-47.95128493344,31.9956914284,3.45));
#5418=CARTESIAN_POINT('',(-47.15343630513,37.10193316552,3.450000000001));
#5419=CARTESIAN_POINT('Origin',(-48.9630452362,32.60717151875,3.55));
#5420=CARTESIAN_POINT('',(-49.9683281871,33.21394553778,3.649999999467));
#5421=CARTESIAN_POINT('Origin',(-50.53908711111,33.62862616904,4.));
#5422=CARTESIAN_POINT('',(-48.06884199771,31.83388803956,4.));
#5423=CARTESIAN_POINT('Origin',(-46.599378876,33.85643053205,-41.52931029247));
#5424=CARTESIAN_POINT('',(-45.12991570449,35.87897298823,3.649999999742));
#5425=CARTESIAN_POINT('Origin',(-45.12991574527,35.87897301798,4.));
#5426=CARTESIAN_POINT('',(-45.12991570449,35.87897298823,3.649999999742));
#5427=CARTESIAN_POINT('Origin',(-46.1416760252,36.49045309175,3.55));
#5428=CARTESIAN_POINT('Origin',(57.28446117321,-6.020839484217,-41.52931029247));
#5429=CARTESIAN_POINT('',(58.5401980086974,-5.29583948421698,-41.52931029247));
#5430=CARTESIAN_POINT('Origin',(52.62021836021,23.42803064117,-41.52931029247));
#5431=CARTESIAN_POINT('',(53.34521836021,24.6837674766574,-41.52931029247));
#5432=CARTESIAN_POINT('Origin',(33.85643053205,46.599378876,-41.52931029247));
#5433=CARTESIAN_POINT('',(33.85643053205,48.049378876,2.6));
#5434=CARTESIAN_POINT('',(33.85643053205,48.049378876,-41.52931029247));
#5435=CARTESIAN_POINT('Origin',(33.85643053205,46.599378876,2.6));
#5436=CARTESIAN_POINT('Origin',(33.85643053205,46.599378876,3.025));
#5437=CARTESIAN_POINT('',(33.85643053205,48.899378876,3.45));
#5438=CARTESIAN_POINT('',(33.85643053205,48.474378876,3.025));
#5439=CARTESIAN_POINT('',(31.9956914290203,47.9512849342955,3.45000000000055));
#5440=CARTESIAN_POINT('Origin',(33.85643053205,46.599378876,3.45));
#5441=CARTESIAN_POINT('',(31.8338880333976,48.0688419890838,3.64999999979311));
#5442=CARTESIAN_POINT('',(31.83388803304,48.06884198845,3.649999999601));
#5443=CARTESIAN_POINT('',(35.87897298823,45.12991570449,3.649999999742));
#5444=CARTESIAN_POINT('Origin',(33.85643053205,46.599378876,3.65));
#5445=CARTESIAN_POINT('',(35.7171695985051,45.2474727673625,3.45000000000021));
#5446=CARTESIAN_POINT('',(35.71716959767,45.24747276621,3.450000000001));
#5447=CARTESIAN_POINT('Origin',(33.85643053205,46.599378876,3.45));
#5448=CARTESIAN_POINT('Origin',(0.,0.,3.45));
#5449=CARTESIAN_POINT('',(31.99569142826,47.95128493325,3.45));
#5450=CARTESIAN_POINT('',(37.10193316552,47.15343630513,3.450000000001));
#5451=CARTESIAN_POINT('Origin',(32.60717151875,48.9630452362,3.55));
#5452=CARTESIAN_POINT('',(33.21394553778,49.9683281871,3.649999999467));
#5453=CARTESIAN_POINT('Origin',(33.62862616904,50.53908711111,4.));
#5454=CARTESIAN_POINT('',(31.83388803956,48.06884199771,4.));
#5455=CARTESIAN_POINT('Origin',(33.85643053205,46.599378876,-41.52931029247));
#5456=CARTESIAN_POINT('',(35.87897298823,45.12991570449,3.649999999742));
#5457=CARTESIAN_POINT('Origin',(35.87897301798,45.12991574527,4.));
#5458=CARTESIAN_POINT('',(35.87897298823,45.12991570449,3.649999999742));
#5459=CARTESIAN_POINT('Origin',(36.49045309175,46.1416760252,3.55));
#5460=CARTESIAN_POINT('Origin',(6.020839484217,57.28446117321,-41.52931029247));
#5461=CARTESIAN_POINT('',(5.295839484219,58.5401980087,2.6));
#5462=CARTESIAN_POINT('',(5.29583948421698,58.5401980086974,-41.52931029247));
#5463=CARTESIAN_POINT('Origin',(6.020839484217,57.28446117321,2.6));
#5464=CARTESIAN_POINT('Origin',(6.020839484217,57.28446117321,3.025));
#5465=CARTESIAN_POINT('',(4.87083948421696,59.2763196019142,3.45));
#5466=CARTESIAN_POINT('',(5.08333948421697,58.9082588053058,3.025));
#5467=CARTESIAN_POINT('',(3.73343912203143,57.5248766117181,3.45000000000001));
#5468=CARTESIAN_POINT('Origin',(6.020839484217,57.28446117321,3.45));
#5469=CARTESIAN_POINT('',(3.53453474360961,57.5457823097455,3.649999999793));
#5470=CARTESIAN_POINT('',(3.534534743613,57.54578230902,3.649999999602));
#5471=CARTESIAN_POINT('',(8.507144217256,57.02313996486,3.649999999742));
#5472=CARTESIAN_POINT('Origin',(6.020839484217,57.28446117321,3.65));
#5473=CARTESIAN_POINT('',(8.30823983989901,57.044045672826,3.45000000000004));
#5474=CARTESIAN_POINT('',(8.30823983975,57.04404567141,3.45));
#5475=CARTESIAN_POINT('Origin',(6.020839484217,57.28446117321,3.45));
#5476=CARTESIAN_POINT('Origin',(0.,0.,3.45));
#5477=CARTESIAN_POINT('',(3.733439121897,57.52487661044,3.45));
#5478=CARTESIAN_POINT('',(8.554498498286,59.38704029873,3.45));
#5479=CARTESIAN_POINT('Origin',(3.757116262694,58.70682678057,3.55));
#5480=CARTESIAN_POINT('',(3.779956502082,59.88081436356,3.649999999469));
#5481=CARTESIAN_POINT('Origin',(3.853701001204,60.58244640682,4.));
#5482=CARTESIAN_POINT('',(3.534534744633,57.54578232031,4.));
#5483=CARTESIAN_POINT('Origin',(6.020839484217,57.28446117321,-41.52931029247));
#5484=CARTESIAN_POINT('',(8.507144217256,57.02313996486,3.649999999742));
#5485=CARTESIAN_POINT('Origin',(8.507144222638,57.02314001504,4.));
#5486=CARTESIAN_POINT('',(8.507144217256,57.02313996486,3.649999999742));
#5487=CARTESIAN_POINT('Origin',(8.530821360462,58.20509015689,3.55));
#5488=CARTESIAN_POINT('Origin',(-23.42803064117,52.62021836021,-41.52931029247));
#5489=CARTESIAN_POINT('',(-24.68376747666,53.34521836021,2.6));
#5490=CARTESIAN_POINT('',(-24.6837674766574,53.34521836021,-41.52931029247));
#5491=CARTESIAN_POINT('Origin',(-23.42803064117,52.62021836021,2.6));
#5492=CARTESIAN_POINT('Origin',(-23.42803064117,52.62021836021,3.025));
#5493=CARTESIAN_POINT('',(-25.4198890698742,53.77021836021,3.45));
#5494=CARTESIAN_POINT('',(-25.0518282732658,53.55771836021,3.025));
#5495=CARTESIAN_POINT('',(-25.5291851827006,51.6847240563222,3.44999999999964));
#5496=CARTESIAN_POINT('Origin',(-23.42803064117,52.62021836021,3.45));
#5497=CARTESIAN_POINT('',(-25.7118942763458,51.603376732676,3.64999999979274));
#5498=CARTESIAN_POINT('',(-25.71189427598,51.60337673205,3.649999999601));
#5499=CARTESIAN_POINT('',(-21.14416697663,53.63705992175,3.649999999742));
#5500=CARTESIAN_POINT('Origin',(-23.42803064117,52.62021836021,3.65));
#5501=CARTESIAN_POINT('',(-21.3268760743083,53.5557126072081,3.45000000000055));
#5502=CARTESIAN_POINT('',(-21.32687607373,53.55571260591,3.450000000001));
#5503=CARTESIAN_POINT('Origin',(-23.42803064117,52.62021836021,3.45));
#5504=CARTESIAN_POINT('Origin',(0.,0.,3.45));
#5505=CARTESIAN_POINT('',(-25.52918518218,51.68472405515,3.45));
#5506=CARTESIAN_POINT('',(-22.28510713321,55.70793480341,3.450000000001));
#5507=CARTESIAN_POINT('Origin',(-26.09965526182,52.72016149889,3.55));
#5508=CARTESIAN_POINT('',(-26.66686882578,53.74828468918,3.649999999468));
#5509=CARTESIAN_POINT('Origin',(-26.95382023778,54.39278811232,4.));
#5510=CARTESIAN_POINT('',(-25.71189428072,51.6033767423,4.));
#5511=CARTESIAN_POINT('Origin',(-23.42803064117,52.62021836021,-41.52931029247));
#5512=CARTESIAN_POINT('',(-21.14416697663,53.63705992175,3.649999999742));
#5513=CARTESIAN_POINT('Origin',(-21.14416699706,53.6370599679,4.));
#5514=CARTESIAN_POINT('',(-21.14416697663,53.63705992175,3.649999999742));
#5515=CARTESIAN_POINT('Origin',(-21.71463706514,54.67249738566,3.55));
#5516=CARTESIAN_POINT('Origin',(-57.28446117321,6.020839484217,-41.52931029247));
#5517=CARTESIAN_POINT('',(-58.5401980087,5.295839484219,2.6));
#5518=CARTESIAN_POINT('',(-58.5401980086974,5.29583948421698,-41.52931029247));
#5519=CARTESIAN_POINT('Origin',(-57.28446117321,6.020839484217,2.6));
#5520=CARTESIAN_POINT('Origin',(-57.28446117321,6.020839484217,3.025));
#5521=CARTESIAN_POINT('',(-59.2763196019142,4.87083948421696,3.45));
#5522=CARTESIAN_POINT('',(-58.9082588053058,5.08333948421697,3.025));
#5523=CARTESIAN_POINT('',(-57.5248766117188,3.73343912203149,3.45));
#5524=CARTESIAN_POINT('Origin',(-57.28446117321,6.020839484217,3.45));
#5525=CARTESIAN_POINT('',(-57.5457823097455,3.53453474360958,3.64999999979318));
#5526=CARTESIAN_POINT('',(-57.54578230902,3.534534743613,3.649999999602));
#5527=CARTESIAN_POINT('',(-57.02313996486,8.507144217256,3.649999999742));
#5528=CARTESIAN_POINT('Origin',(-57.28446117321,6.020839484217,3.65));
#5529=CARTESIAN_POINT('',(-57.044045672826,8.30823983989901,3.45000000000004));
#5530=CARTESIAN_POINT('',(-57.04404567141,8.30823983975,3.45));
#5531=CARTESIAN_POINT('Origin',(-57.28446117321,6.020839484217,3.45));
#5532=CARTESIAN_POINT('Origin',(0.,0.,3.45));
#5533=CARTESIAN_POINT('',(-57.52487661044,3.733439121897,3.45));
#5534=CARTESIAN_POINT('',(-59.38704029873,8.554498498286,3.45));
#5535=CARTESIAN_POINT('Origin',(-58.70682678057,3.757116262695,3.55));
#5536=CARTESIAN_POINT('',(-59.88081436356,3.779956502082,3.64999999947));
#5537=CARTESIAN_POINT('Origin',(-60.58244640682,3.853701001204,4.));
#5538=CARTESIAN_POINT('',(-57.54578232031,3.534534744633,4.));
#5539=CARTESIAN_POINT('Origin',(-57.28446117321,6.020839484217,-41.52931029247));
#5540=CARTESIAN_POINT('',(-57.02313996486,8.507144217256,3.649999999742));
#5541=CARTESIAN_POINT('Origin',(-57.02314001504,8.507144222638,4.));
#5542=CARTESIAN_POINT('',(-57.02313996486,8.507144217256,3.649999999742));
#5543=CARTESIAN_POINT('Origin',(-58.20509015689,8.530821360462,3.55));
#5544=CARTESIAN_POINT('Origin',(-52.62021836021,-23.42803064117,-41.52931029247));
#5545=CARTESIAN_POINT('',(-53.34521836021,-24.68376747666,2.6));
#5546=CARTESIAN_POINT('',(-53.34521836021,-24.6837674766574,-41.52931029247));
#5547=CARTESIAN_POINT('Origin',(-52.62021836021,-23.42803064117,2.6));
#5548=CARTESIAN_POINT('Origin',(-52.62021836021,-23.42803064117,3.025));
#5549=CARTESIAN_POINT('',(-53.77021836021,-25.4198890698742,3.45));
#5550=CARTESIAN_POINT('',(-53.55771836021,-25.0518282732658,3.025));
#5551=CARTESIAN_POINT('',(-51.6847240563222,-25.5291851827006,3.44999999999964));
#5552=CARTESIAN_POINT('Origin',(-52.62021836021,-23.42803064117,3.45));
#5553=CARTESIAN_POINT('',(-51.603376732676,-25.7118942763458,3.64999999979272));
#5554=CARTESIAN_POINT('',(-51.60337673205,-25.71189427598,3.649999999601));
#5555=CARTESIAN_POINT('',(-53.63705992175,-21.14416697663,3.649999999742));
#5556=CARTESIAN_POINT('Origin',(-52.62021836021,-23.42803064117,3.65));
#5557=CARTESIAN_POINT('',(-53.5557126072081,-21.3268760743083,3.45000000000054));
#5558=CARTESIAN_POINT('',(-53.55571260591,-21.32687607373,3.450000000001));
#5559=CARTESIAN_POINT('Origin',(-52.62021836021,-23.42803064117,3.45));
#5560=CARTESIAN_POINT('Origin',(0.,0.,3.45));
#5561=CARTESIAN_POINT('',(-51.68472405515,-25.52918518218,3.45));
#5562=CARTESIAN_POINT('',(-55.70793480341,-22.28510713321,3.450000000001));
#5563=CARTESIAN_POINT('Origin',(-52.72016149889,-26.09965526182,3.55));
#5564=CARTESIAN_POINT('',(-53.74828468918,-26.66686882578,3.649999999468));
#5565=CARTESIAN_POINT('Origin',(-54.39278811232,-26.95382023778,4.));
#5566=CARTESIAN_POINT('',(-51.6033767423,-25.71189428072,4.));
#5567=CARTESIAN_POINT('Origin',(-52.62021836021,-23.42803064117,-41.52931029247));
#5568=CARTESIAN_POINT('',(-53.63705992175,-21.14416697663,3.649999999742));
#5569=CARTESIAN_POINT('Origin',(-53.6370599679,-21.14416699706,4.));
#5570=CARTESIAN_POINT('',(-53.63705992175,-21.14416697663,3.649999999742));
#5571=CARTESIAN_POINT('Origin',(-54.67249738566,-21.71463706514,3.55));
#5572=CARTESIAN_POINT('Origin',(-33.85643053205,-46.599378876,-41.52931029247));
#5573=CARTESIAN_POINT('',(-33.85643053205,-48.049378876,2.6));
#5574=CARTESIAN_POINT('',(-33.85643053205,-48.049378876,-41.52931029247));
#5575=CARTESIAN_POINT('Origin',(-33.85643053205,-46.599378876,2.6));
#5576=CARTESIAN_POINT('Origin',(-33.85643053205,-46.599378876,3.025));
#5577=CARTESIAN_POINT('',(-33.85643053205,-48.899378876,3.45));
#5578=CARTESIAN_POINT('',(-33.85643053205,-48.474378876,3.025));
#5579=CARTESIAN_POINT('',(-31.9956914290203,-47.9512849342955,3.45000000000055));
#5580=CARTESIAN_POINT('Origin',(-33.85643053205,-46.599378876,3.45));
#5581=CARTESIAN_POINT('',(-31.8338880333976,-48.0688419890838,3.64999999979311));
#5582=CARTESIAN_POINT('',(-31.83388803304,-48.06884198845,3.649999999601));
#5583=CARTESIAN_POINT('',(-35.87897298823,-45.12991570449,3.649999999742));
#5584=CARTESIAN_POINT('Origin',(-33.85643053205,-46.599378876,3.65));
#5585=CARTESIAN_POINT('',(-35.7171695985051,-45.2474727673625,3.45000000000023));
#5586=CARTESIAN_POINT('',(-35.71716959767,-45.24747276621,3.450000000001));
#5587=CARTESIAN_POINT('Origin',(-33.85643053205,-46.599378876,3.45));
#5588=CARTESIAN_POINT('Origin',(0.,0.,3.45));
#5589=CARTESIAN_POINT('',(-31.99569142826,-47.95128493325,3.45));
#5590=CARTESIAN_POINT('',(-37.10193316552,-47.15343630513,3.450000000001));
#5591=CARTESIAN_POINT('Origin',(-32.60717151875,-48.9630452362,3.55));
#5592=CARTESIAN_POINT('',(-33.21394553778,-49.9683281871,3.649999999467));
#5593=CARTESIAN_POINT('Origin',(-33.62862616904,-50.53908711111,4.));
#5594=CARTESIAN_POINT('',(-31.83388803956,-48.06884199771,4.));
#5595=CARTESIAN_POINT('Origin',(-33.85643053205,-46.599378876,-41.52931029247));
#5596=CARTESIAN_POINT('',(-35.87897298823,-45.12991570449,3.649999999742));
#5597=CARTESIAN_POINT('Origin',(-35.87897301798,-45.12991574527,4.));
#5598=CARTESIAN_POINT('',(-35.87897298823,-45.12991570449,3.649999999742));
#5599=CARTESIAN_POINT('Origin',(-36.49045309175,-46.1416760252,3.55));
#5600=CARTESIAN_POINT('Origin',(-6.020839484217,-57.28446117321,-41.52931029247));
#5601=CARTESIAN_POINT('',(-5.295839484219,-58.5401980087,2.6));
#5602=CARTESIAN_POINT('',(-5.29583948421698,-58.5401980086974,-41.52931029247));
#5603=CARTESIAN_POINT('Origin',(-6.020839484217,-57.28446117321,2.6));
#5604=CARTESIAN_POINT('Origin',(-6.020839484217,-57.28446117321,3.025));
#5605=CARTESIAN_POINT('',(-4.87083948421696,-59.2763196019142,3.45));
#5606=CARTESIAN_POINT('',(-5.08333948421697,-58.9082588053058,3.025));
#5607=CARTESIAN_POINT('',(-3.73343912203143,-57.5248766117181,3.45000000000001));
#5608=CARTESIAN_POINT('Origin',(-6.020839484217,-57.28446117321,3.45));
#5609=CARTESIAN_POINT('',(-3.53453474360961,-57.5457823097455,3.649999999793));
#5610=CARTESIAN_POINT('',(-3.534534743613,-57.54578230902,3.649999999602));
#5611=CARTESIAN_POINT('',(-8.507144217256,-57.02313996486,3.649999999742));
#5612=CARTESIAN_POINT('Origin',(-6.020839484217,-57.28446117321,3.65));
#5613=CARTESIAN_POINT('',(-8.30823983989901,-57.044045672826,3.45000000000004));
#5614=CARTESIAN_POINT('',(-8.30823983975,-57.04404567141,3.45));
#5615=CARTESIAN_POINT('Origin',(-6.020839484217,-57.28446117321,3.45));
#5616=CARTESIAN_POINT('Origin',(0.,0.,3.45));
#5617=CARTESIAN_POINT('',(-3.733439121897,-57.52487661044,3.45));
#5618=CARTESIAN_POINT('',(-8.554498498286,-59.38704029873,3.45));
#5619=CARTESIAN_POINT('Origin',(-3.757116262694,-58.70682678057,3.55));
#5620=CARTESIAN_POINT('',(-3.779956502082,-59.88081436356,3.649999999469));
#5621=CARTESIAN_POINT('Origin',(-3.853701001204,-60.58244640682,4.));
#5622=CARTESIAN_POINT('',(-3.534534744633,-57.54578232031,4.));
#5623=CARTESIAN_POINT('Origin',(-6.020839484217,-57.28446117321,-41.52931029247));
#5624=CARTESIAN_POINT('',(-8.507144217256,-57.02313996486,3.649999999742));
#5625=CARTESIAN_POINT('Origin',(-8.507144222638,-57.02314001504,4.));
#5626=CARTESIAN_POINT('',(-8.507144217256,-57.02313996486,3.649999999742));
#5627=CARTESIAN_POINT('Origin',(-8.530821360462,-58.20509015689,3.55));
#5628=CARTESIAN_POINT('Origin',(23.42803064117,-52.62021836021,-41.52931029247));
#5629=CARTESIAN_POINT('',(24.68376747666,-53.34521836021,2.6));
#5630=CARTESIAN_POINT('',(24.6837674766574,-53.34521836021,-41.52931029247));
#5631=CARTESIAN_POINT('Origin',(23.42803064117,-52.62021836021,2.6));
#5632=CARTESIAN_POINT('Origin',(23.42803064117,-52.62021836021,3.025));
#5633=CARTESIAN_POINT('',(25.4198890698742,-53.77021836021,3.45));
#5634=CARTESIAN_POINT('',(25.0518282732658,-53.55771836021,3.025));
#5635=CARTESIAN_POINT('',(25.5291851827006,-51.6847240563222,3.44999999999964));
#5636=CARTESIAN_POINT('Origin',(23.42803064117,-52.62021836021,3.45));
#5637=CARTESIAN_POINT('',(25.7118942763458,-51.603376732676,3.64999999979272));
#5638=CARTESIAN_POINT('',(25.71189427598,-51.60337673205,3.649999999601));
#5639=CARTESIAN_POINT('',(21.14416697663,-53.63705992175,3.649999999742));
#5640=CARTESIAN_POINT('Origin',(23.42803064117,-52.62021836021,3.65));
#5641=CARTESIAN_POINT('',(21.3268760743083,-53.5557126072081,3.45000000000054));
#5642=CARTESIAN_POINT('',(21.32687607373,-53.55571260591,3.450000000001));
#5643=CARTESIAN_POINT('Origin',(23.42803064117,-52.62021836021,3.45));
#5644=CARTESIAN_POINT('Origin',(0.,0.,3.45));
#5645=CARTESIAN_POINT('',(25.52918518218,-51.68472405515,3.45));
#5646=CARTESIAN_POINT('',(22.28510713321,-55.70793480341,3.450000000001));
#5647=CARTESIAN_POINT('Origin',(26.09965526182,-52.72016149889,3.55));
#5648=CARTESIAN_POINT('',(26.66686882578,-53.74828468918,3.649999999468));
#5649=CARTESIAN_POINT('Origin',(26.95382023778,-54.39278811232,4.));
#5650=CARTESIAN_POINT('',(25.71189428072,-51.6033767423,4.));
#5651=CARTESIAN_POINT('Origin',(23.42803064117,-52.62021836021,-41.52931029247));
#5652=CARTESIAN_POINT('',(21.14416697663,-53.63705992175,3.649999999742));
#5653=CARTESIAN_POINT('Origin',(21.14416699706,-53.6370599679,4.));
#5654=CARTESIAN_POINT('',(21.14416697663,-53.63705992175,3.649999999742));
#5655=CARTESIAN_POINT('Origin',(21.71463706514,-54.67249738566,3.55));
#5656=CARTESIAN_POINT('Origin',(-26.13648529115,48.96053652305,-3.));
#5657=CARTESIAN_POINT('',(-25.75327194632,48.48730745318,-3.));
#5658=CARTESIAN_POINT('',(-25.75327194632,48.48730745318,-1.));
#5659=CARTESIAN_POINT('',(-24.85284589731,47.37537388558,-3.));
#5660=CARTESIAN_POINT('',(-25.75327194632,48.48730745318,-3.));
#5661=CARTESIAN_POINT('',(-24.85284589731,47.37537388558,-3.));
#5662=CARTESIAN_POINT('Origin',(-25.36469896559,48.8019676487,-12.1252));
#5663=CARTESIAN_POINT('',(-25.59528713799,49.24562190006,-3.));
#5664=CARTESIAN_POINT('',(-25.595287138,49.24562190006,-1.));
#5665=CARTESIAN_POINT('Origin',(-25.36469896559,48.8019676487,-3.));
#5666=CARTESIAN_POINT('Origin',(0.,0.,-3.));
#5667=CARTESIAN_POINT('',(-42.07333713688,35.27157924107,-3.));
#5668=CARTESIAN_POINT('',(-42.84792748235,35.27470921874,-3.));
#5669=CARTESIAN_POINT('Origin',(-42.46191011765,34.9569190456,-3.));
#5670=CARTESIAN_POINT('',(-41.17291108798,34.15964567362,-3.));
#5671=CARTESIAN_POINT('',(-41.17291108797,34.15964567361,-3.));
#5672=CARTESIAN_POINT('',(-40.93993514619,28.17821339662,-3.));
#5673=CARTESIAN_POINT('Origin',(-45.05864089523,31.01304371833,-3.));
#5674=CARTESIAN_POINT('',(-19.0505606771674,45.903879333728,-3.));
#5675=CARTESIAN_POINT('Origin',(0.,0.,-3.));
#5676=CARTESIAN_POINT('Origin',(-20.96711609006,50.52197584087,-3.));
#5677=CARTESIAN_POINT('Origin',(0.,0.,-3.));
#5678=CARTESIAN_POINT('',(17.7127787425886,-51.3758410299226,-3.));
#5679=CARTESIAN_POINT('Origin',(16.37790070187,-50.40599536364,-3.));
#5680=CARTESIAN_POINT('',(-15.8680226611514,-51.975238615527,-3.));
#5681=CARTESIAN_POINT('Origin',(-16.37790070187,-50.40599536364,-3.));
#5682=CARTESIAN_POINT('',(-43.3877787425886,-32.721861623387,-3.));
#5683=CARTESIAN_POINT('Origin',(-42.87790070187,-31.1526183715,-3.));
#5684=CARTESIAN_POINT('',(-54.3348780407186,-0.969845666282185,-3.));
#5685=CARTESIAN_POINT('Origin',(-53.,4.618527893211E-13,-3.));
#5686=CARTESIAN_POINT('',(-44.52790070187,31.1526183715,-3.));
#5687=CARTESIAN_POINT('Origin',(-42.87790070187,31.1526183715,-3.));
#5688=CARTESIAN_POINT('',(-17.7127787425886,51.3758410299226,-3.));
#5689=CARTESIAN_POINT('Origin',(-16.37790070187,50.40599536364,-3.));
#5690=CARTESIAN_POINT('',(15.8680226611514,51.975238615527,-3.));
#5691=CARTESIAN_POINT('Origin',(16.37790070187,50.40599536364,-3.));
#5692=CARTESIAN_POINT('',(43.3877787425886,32.721861623387,-3.));
#5693=CARTESIAN_POINT('Origin',(42.87790070187,31.1526183715,-3.));
#5694=CARTESIAN_POINT('',(54.3348780407186,0.969845666282189,-3.));
#5695=CARTESIAN_POINT('Origin',(53.,-4.583000633958E-13,-3.));
#5696=CARTESIAN_POINT('',(44.52790070187,-31.1526183715,-3.));
#5697=CARTESIAN_POINT('Origin',(42.87790070187,-31.1526183715,-3.));
#5698=CARTESIAN_POINT('Origin',(-42.46191011765,34.9569190456,13.1252));
#5699=CARTESIAN_POINT('',(-42.84792748235,35.27470921874,-3.));
#5700=CARTESIAN_POINT('',(-42.0733371369,35.2715792411,-3.));
#5701=CARTESIAN_POINT('Origin',(-38.73127460099,31.14447571855,-3.));
#5702=CARTESIAN_POINT('',(-41.17291108798,34.15964567362,-1.));
#5703=CARTESIAN_POINT('Origin',(-45.05864089523,31.01304371833,-12.1252));
#5704=CARTESIAN_POINT('',(-40.41566451011,29.15757335014,-2.));
#5705=CARTESIAN_POINT('',(-40.9399351371998,28.1782133941526,-2.00000002980147));
#5706=CARTESIAN_POINT('Origin',(-45.05864089523,31.01304371833,-2.));
#5707=CARTESIAN_POINT('',(-40.93993513935,28.17821339682,-2.000000030578));
#5708=CARTESIAN_POINT('',(-40.41566451011,29.15757335014,0.2760354625759));
#5709=CARTESIAN_POINT('Ctrl Pts',(-40.4156645101128,29.1575733501365,0.276035462568997));
#5710=CARTESIAN_POINT('Ctrl Pts',(-40.4093935398306,29.1732653102084,0.265489039598235));
#5711=CARTESIAN_POINT('Ctrl Pts',(-40.403198665071,29.1889977089392,0.254967133892612));
#5712=CARTESIAN_POINT('Ctrl Pts',(-40.2640607261226,29.5476823278273,0.0162728647910382));
#5713=CARTESIAN_POINT('Ctrl Pts',(-40.1656201447992,29.9139207429579,-0.202970143932384));
#5714=CARTESIAN_POINT('Ctrl Pts',(-40.0437999203561,30.7556469914532,-0.624469720776382));
#5715=CARTESIAN_POINT('Ctrl Pts',(-40.0438412106619,31.2056561004141,-0.797847151179885));
#5716=CARTESIAN_POINT('Ctrl Pts',(-40.1304836742928,31.8992484312023,-0.962217204143892));
#5717=CARTESIAN_POINT('Ctrl Pts',(-40.1860724868755,32.1676395490152,-0.9999999999997));
#5718=CARTESIAN_POINT('Ctrl Pts',(-40.2637059585756,32.4302942089813,-1.));
#5719=CARTESIAN_POINT('',(-40.41566451011,29.15757335014,-2.));
#5720=CARTESIAN_POINT('Origin',(-45.05864089523,31.01304371833,-1.721044750681));
#5721=CARTESIAN_POINT('',(-40.4803612849582,27.8618970838134,-1.44208951407391));
#5722=CARTESIAN_POINT('Ctrl Pts',(-40.4156645101072,29.1575733501366,-1.99999999999482));
#5723=CARTESIAN_POINT('Ctrl Pts',(-40.4893714515391,28.9731351643518,-1.99999999999511));
#5724=CARTESIAN_POINT('Ctrl Pts',(-40.5362141612276,28.7710326131772,-1.95548057861598));
#5725=CARTESIAN_POINT('Ctrl Pts',(-40.5676715099923,28.3827351687951,-1.79850515144543));
#5726=CARTESIAN_POINT('Ctrl Pts',(-40.5530707249532,28.1960034538109,-1.68753924021923));
#5727=CARTESIAN_POINT('Ctrl Pts',(-40.5108074864326,27.9772286949799,-1.5321742590762));
#5728=CARTESIAN_POINT('Ctrl Pts',(-40.4968333625898,27.9190933966495,-1.48808658050984));
#5729=CARTESIAN_POINT('Ctrl Pts',(-40.4803612883271,27.8618970981357,-1.44208949505798));
#5730=CARTESIAN_POINT('',(-40.93993513935,28.17821339682,-2.000000030578));
#5731=CARTESIAN_POINT('Origin',(2.347149941073E-7,2.8551014708E-7,-1.000000030575));
#5732=CARTESIAN_POINT('',(-39.6250898208656,26.5545146484118,-3.34706287377513E-10));
#5733=CARTESIAN_POINT('',(-17.7357155020309,44.2801807532744,1.29924651284721E-10));
#5734=CARTESIAN_POINT('Origin',(2.347149941073E-7,2.8551014708E-7,4.035882739117E-12));
#5735=CARTESIAN_POINT('',(-18.22339142162,44.88241035293,-0.7409201193273));
#5736=CARTESIAN_POINT('Origin',(617.147618388859,-762.518813426392,-1074.43469788765));
#5737=CARTESIAN_POINT('',(-18.8367073450318,45.3885823570833,-1.44208937361165));
#5738=CARTESIAN_POINT('Ctrl Pts',(-18.22339142162,44.88241035293,-0.7409201193273));
#5739=CARTESIAN_POINT('Ctrl Pts',(-18.28126286493,44.95387563372,-0.8289066399596));
#5740=CARTESIAN_POINT('Ctrl Pts',(-18.40522559931,45.0868134425,-0.9987518096363));
#5741=CARTESIAN_POINT('Ctrl Pts',(-18.61148181981,45.2557033937,-1.233216307472));
#5742=CARTESIAN_POINT('Ctrl Pts',(-18.76017379451,45.34777562923,-1.375063313607));
#5743=CARTESIAN_POINT('Ctrl Pts',(-18.83670735336,45.38858236091,-1.442089360068));
#5744=CARTESIAN_POINT('',(-19.0505607040589,45.9038794072391,-2.00000005157687));
#5745=CARTESIAN_POINT('',(-18.83670735336,45.38858236091,-1.442089360068));
#5746=CARTESIAN_POINT('Origin',(2.347149941073E-7,2.8551014708E-7,-2.000000061155));
#5747=CARTESIAN_POINT('',(-40.1127658879733,27.1567444327044,-0.740920341849485));
#5748=CARTESIAN_POINT('Ctrl Pts',(-40.4803612821478,27.8618970766794,-1.44208952395135));
#5749=CARTESIAN_POINT('Ctrl Pts',(-40.4562459127001,27.7781608216213,-1.3747490872689));
#5750=CARTESIAN_POINT('Ctrl Pts',(-40.4265534534775,27.6956389770639,-1.30359579684707));
#5751=CARTESIAN_POINT('Ctrl Pts',(-40.3913071336579,27.614933740811,-1.22895107486715));
#5752=CARTESIAN_POINT('Ctrl Pts',(-40.3628497373968,27.5497734375468,-1.16868394788611));
#5753=CARTESIAN_POINT('Ctrl Pts',(-40.3307756044568,27.4857976889272,-1.1061408521248));
#5754=CARTESIAN_POINT('Ctrl Pts',(-40.2950522362406,27.4232683363544,-1.0414267366211));
#5755=CARTESIAN_POINT('Ctrl Pts',(-40.2865299097826,27.4083510544058,-1.02598824785868));
#5756=CARTESIAN_POINT('Ctrl Pts',(-40.2777998000377,27.3935163024741,-1.01042619983435));
#5757=CARTESIAN_POINT('Ctrl Pts',(-40.268861308422,27.3787680580664,-0.994742017485422));
#5758=CARTESIAN_POINT('Ctrl Pts',(-40.2314776590309,27.3170861522394,-0.929145717893588));
#5759=CARTESIAN_POINT('Ctrl Pts',(-40.1904492610851,27.2569155425593,-0.861413067093082));
#5760=CARTESIAN_POINT('Ctrl Pts',(-40.1457617048788,27.1986199821005,-0.791721258980127));
#5761=CARTESIAN_POINT('Ctrl Pts',(-40.1349762169134,27.184550157766,-0.774900912971176));
#5762=CARTESIAN_POINT('Ctrl Pts',(-40.1239776349003,27.1705897864943,-0.757966443301012));
#5763=CARTESIAN_POINT('Ctrl Pts',(-40.1127658887898,27.156744432882,-0.740920341168152));
#5764=CARTESIAN_POINT('Origin',(617.620040458138,-762.151321638842,-1074.44694718021));
#5765=CARTESIAN_POINT('Origin',(0.,0.,0.));
#5766=CARTESIAN_POINT('',(-34.6125936340297,20.3645984274458,-2.88554418014273E-10));
#5767=CARTESIAN_POINT('',(-34.61259384518,20.36459825923,-8.656855972807E-10));
#5768=CARTESIAN_POINT('',(-31.38314713169,20.52676487201,0.));
#5769=CARTESIAN_POINT('Origin',(-33.0569149787,21.6215256652,0.));
#5770=CARTESIAN_POINT('',(-13.55328262707,34.96510446189,0.));
#5771=CARTESIAN_POINT('Origin',(0.,0.,0.));
#5772=CARTESIAN_POINT('',(-12.7232213743444,38.0902647846757,1.45384422506327E-10));
#5773=CARTESIAN_POINT('Origin',(-14.27612436718,36.82991003319,0.));
#5774=CARTESIAN_POINT('',(-17.7357154997,44.28018075041,3.867470417992E-10));
#5775=CARTESIAN_POINT('',(-19.12248383024,-28.31559480312,0.));
#5776=CARTESIAN_POINT('Origin',(-20.57248383024,-28.31559480312,0.));
#5777=CARTESIAN_POINT('',(-30.718354182,-14.96078250765,0.));
#5778=CARTESIAN_POINT('Origin',(-31.97409101749,-14.23578250765,0.));
#5779=CARTESIAN_POINT('',(-34.08326633789,2.402759378881,0.));
#5780=CARTESIAN_POINT('Origin',(-34.80826633789,3.658496214368,0.));
#5781=CARTESIAN_POINT('',(-28.31559480312,19.12248383024,0.));
#5782=CARTESIAN_POINT('Origin',(-28.31559480312,20.57248383024,0.));
#5783=CARTESIAN_POINT('',(-14.96078250765,30.718354182,0.));
#5784=CARTESIAN_POINT('Origin',(-14.23578250765,31.97409101749,0.));
#5785=CARTESIAN_POINT('',(2.402759378881,34.08326633789,0.));
#5786=CARTESIAN_POINT('Origin',(3.658496214368,34.80826633789,0.));
#5787=CARTESIAN_POINT('',(19.12248383024,28.31559480312,0.));
#5788=CARTESIAN_POINT('Origin',(20.57248383024,28.31559480312,0.));
#5789=CARTESIAN_POINT('',(30.718354182,14.96078250765,0.));
#5790=CARTESIAN_POINT('Origin',(31.97409101749,14.23578250765,0.));
#5791=CARTESIAN_POINT('',(34.08326633789,-2.402759378881,0.));
#5792=CARTESIAN_POINT('Origin',(34.80826633789,-3.658496214368,0.));
#5793=CARTESIAN_POINT('',(28.31559480312,-19.12248383024,0.));
#5794=CARTESIAN_POINT('Origin',(28.31559480312,-20.57248383024,0.));
#5795=CARTESIAN_POINT('',(14.96078250765,-30.718354182,0.));
#5796=CARTESIAN_POINT('Origin',(14.23578250765,-31.97409101749,0.));
#5797=CARTESIAN_POINT('',(-2.402759378881,-34.08326633789,0.));
#5798=CARTESIAN_POINT('Origin',(-3.658496214368,-34.80826633789,0.));
#5799=CARTESIAN_POINT('',(32.5,-3.9801020972289E-15,0.));
#5800=CARTESIAN_POINT('Origin',(0.,0.,0.));
#5801=CARTESIAN_POINT('Origin',(-10.92737907081,35.87258544687,1.));
#5802=CARTESIAN_POINT('',(-12.7232202262894,38.0902635109429,0.999999999999992));
#5803=CARTESIAN_POINT('',(-12.72322119965,38.09026492742,3.854070766233E-10));
#5804=CARTESIAN_POINT('',(-18.22339142158,44.88241035288,1.));
#5805=CARTESIAN_POINT('',(-12.72322001724,38.09026368176,1.));
#5806=CARTESIAN_POINT('',(-18.22339142158,44.88241035288,1.));
#5807=CARTESIAN_POINT('Origin',(-19.77768334455,43.62376957084,13.1252));
#5808=CARTESIAN_POINT('',(-19.71429275174,45.6227647266,1.));
#5809=CARTESIAN_POINT('Origin',(-19.77768334455,43.62376957084,1.));
#5810=CARTESIAN_POINT('',(-20.11752127183,45.59468564799,0.2760354625835));
#5811=CARTESIAN_POINT('Ctrl Pts',(-19.7142927517446,45.622764726598,1.));
#5812=CARTESIAN_POINT('Ctrl Pts',(-19.7142927517446,45.622764726598,0.968812096826556));
#5813=CARTESIAN_POINT('Ctrl Pts',(-19.7160060020532,45.622821279178,0.937592649813467));
#5814=CARTESIAN_POINT('Ctrl Pts',(-19.7308033806642,45.6232523596792,0.803709038186145));
#5815=CARTESIAN_POINT('Ctrl Pts',(-19.7607973984177,45.6242577443841,0.703939154339361));
#5816=CARTESIAN_POINT('Ctrl Pts',(-19.8522609066142,45.6228665697642,0.526193746425014));
#5817=CARTESIAN_POINT('Ctrl Pts',(-19.9105976391226,45.6205820771693,0.448958375106385));
#5818=CARTESIAN_POINT('Ctrl Pts',(-20.0227779326684,45.60915142134,0.342514559466004));
#5819=CARTESIAN_POINT('Ctrl Pts',(-20.0687770932302,45.6030904303251,0.306905636841281));
#5820=CARTESIAN_POINT('Ctrl Pts',(-20.1175212718321,45.5946856479931,0.276035462585968));
#5821=CARTESIAN_POINT('',(-20.11752127181,45.594685648,-2.));
#5822=CARTESIAN_POINT('',(-20.11752127183,45.59468564799,0.2760354625835));
#5823=CARTESIAN_POINT('Ctrl Pts',(-20.1175212718387,45.594685647992,-2.00000000000194));
#5824=CARTESIAN_POINT('Ctrl Pts',(-19.921788968111,45.62843506085,-1.99999999999782));
#5825=CARTESIAN_POINT('Ctrl Pts',(-19.7143636956041,45.6322346618135,-1.95548057862312));
#5826=CARTESIAN_POINT('Ctrl Pts',(-19.3280111314405,45.5822730138314,-1.79850515145259));
#5827=CARTESIAN_POINT('Ctrl Pts',(-19.1483956263526,45.5291675843849,-1.6875392402264));
#5828=CARTESIAN_POINT('Ctrl Pts',(-18.9431886037937,45.4423420527255,-1.53217422994402));
#5829=CARTESIAN_POINT('Ctrl Pts',(-18.8892290481183,45.4165862691824,-1.48808651899088));
#5830=CARTESIAN_POINT('Ctrl Pts',(-18.8367073281231,45.3885823474566,-1.44208939877974));
#5831=CARTESIAN_POINT('Origin',(-20.96711609006,50.52197584087,-1.721044696088));
#5832=CARTESIAN_POINT('Origin',(-20.96711609006,50.52197584087,-2.));
#5833=CARTESIAN_POINT('Origin',(-20.96711609006,50.52197584087,13.1252));
#5834=CARTESIAN_POINT('Ctrl Pts',(-23.3503192871818,46.1264846827367,-1.));
#5835=CARTESIAN_POINT('Ctrl Pts',(-23.1095451680791,45.9959387142007,-1.00000000000008));
#5836=CARTESIAN_POINT('Ctrl Pts',(-22.8585766041461,45.8857629994394,-0.962217204144202));
#5837=CARTESIAN_POINT('Ctrl Pts',(-22.1981549110096,45.6568079272837,-0.797847151179961));
#5838=CARTESIAN_POINT('Ctrl Pts',(-21.7579881655105,45.5632053845421,-0.624469720776859));
#5839=CARTESIAN_POINT('Ctrl Pts',(-20.9093278062375,45.5073588172692,-0.202970143933766));
#5840=CARTESIAN_POINT('Ctrl Pts',(-20.5306256314758,45.5275029875717,0.0162728647892417));
#5841=CARTESIAN_POINT('Ctrl Pts',(-20.1508507282354,45.5890257030926,0.254967133715097));
#5842=CARTESIAN_POINT('Ctrl Pts',(-20.1341741332534,45.5918142553558,0.265489039434806));
#5843=CARTESIAN_POINT('Ctrl Pts',(-20.1175212718339,45.5946856479908,0.276035462589475));
#5844=CARTESIAN_POINT('',(-19.05056067888,45.90387933302,-3.));
#5845=CARTESIAN_POINT('Origin',(0.,0.,-3.));
#5846=CARTESIAN_POINT('Origin',(0.,0.,1.));
#5847=CARTESIAN_POINT('',(-40.52696591688,28.76899430936,1.));
#5848=CARTESIAN_POINT('Origin',(0.,0.,1.));
#5849=CARTESIAN_POINT('Ctrl Pts',(-40.4156645101058,29.15757335014,0.276035462578314));
#5850=CARTESIAN_POINT('Ctrl Pts',(-40.4427022690268,29.0899162868272,0.321507156579269));
#5851=CARTESIAN_POINT('Ctrl Pts',(-40.463403823363,29.0273175171985,0.377061880883294));
#5852=CARTESIAN_POINT('Ctrl Pts',(-40.4995145534817,28.9028936349896,0.525233060411097));
#5853=CARTESIAN_POINT('Ctrl Pts',(-40.511354779188,28.848431200422,0.621508214184866));
#5854=CARTESIAN_POINT('Ctrl Pts',(-40.5244356735672,28.7840278881584,0.814468689615905));
#5855=CARTESIAN_POINT('Ctrl Pts',(-40.5269659168754,28.7689943093675,0.907010125838049));
#5856=CARTESIAN_POINT('Ctrl Pts',(-40.5269659168754,28.7689943093675,0.999999999999998));
#5857=CARTESIAN_POINT('Origin',(-38.55847395606,28.41538520286,-12.1252));
#5858=CARTESIAN_POINT('',(-40.11276588676,27.15674443037,1.));
#5859=CARTESIAN_POINT('Origin',(-38.55847395606,28.41538520286,1.));
#5860=CARTESIAN_POINT('',(-40.11276588833,27.15674443313,-0.7409203410757));
#5861=CARTESIAN_POINT('Origin',(-40.93993514612,28.17821339673,1.));
#5862=CARTESIAN_POINT('',(-34.6125946418755,20.3645998160174,1.));
#5863=CARTESIAN_POINT('',(-40.11276588676,27.15674443037,1.));
#5864=CARTESIAN_POINT('',(-34.61259481782,20.36459967482,1.));
#5865=CARTESIAN_POINT('Origin',(-33.0569149787,21.6215256652,13.1252));
#5866=CARTESIAN_POINT('',(-31.38314713168,20.52676487202,1.));
#5867=CARTESIAN_POINT('',(-31.38314713168,20.52676487202,0.));
#5868=CARTESIAN_POINT('Origin',(-33.0569149787,21.6215256652,1.));
#5869=CARTESIAN_POINT('Origin',(0.,0.,0.));
#5870=CARTESIAN_POINT('',(-13.55328262707,34.96510446189,1.));
#5871=CARTESIAN_POINT('',(-13.55328262707,34.96510446189,1.));
#5872=CARTESIAN_POINT('Origin',(0.,0.,1.));
#5873=CARTESIAN_POINT('Origin',(-14.27612436718,36.82991003319,-12.1252));
#5874=CARTESIAN_POINT('Origin',(-14.27612436718,36.82991003319,1.));
#5875=CARTESIAN_POINT('Origin',(0.,0.,1.));
#5876=CARTESIAN_POINT('Origin',(-20.57248383024,-28.31559480312,-3.214810292469));
#5877=CARTESIAN_POINT('',(-19.12248383024,-28.31559480312,2.6));
#5878=CARTESIAN_POINT('',(-19.12248383024,-28.31559480312,-3.214810292469));
#5879=CARTESIAN_POINT('Origin',(-20.57248383024,-28.31559480312,2.6));
#5880=CARTESIAN_POINT('Origin',(-20.57248383024,-28.31559480312,3.125));
#5881=CARTESIAN_POINT('',(-18.07248383024,-28.31559480312,3.65));
#5882=CARTESIAN_POINT('',(-18.59748383024,-28.31559480312,3.125));
#5883=CARTESIAN_POINT('Origin',(-20.57248383024,-28.31559480312,3.65));
#5884=CARTESIAN_POINT('Origin',(-20.57248383024,-28.31559480312,-3.214810292469));
#5885=CARTESIAN_POINT('',(-18.07248383024,-28.31559480312,4.));
#5886=CARTESIAN_POINT('',(-18.07248383024,-28.31559480312,-3.214810292469));
#5887=CARTESIAN_POINT('Origin',(-20.57248383024,-28.31559480312,4.));
#5888=CARTESIAN_POINT('Origin',(0.,0.,4.));
#5889=CARTESIAN_POINT('',(4.89858719658941E-15,40.,4.));
#5890=CARTESIAN_POINT('Origin',(0.,0.,4.));
#5891=CARTESIAN_POINT('',(-29.8090275080289,-15.48578250765,4.));
#5892=CARTESIAN_POINT('Origin',(-31.97409101749,-14.23578250765,4.));
#5893=CARTESIAN_POINT('',(-33.55826633789,1.49343270490693,4.));
#5894=CARTESIAN_POINT('Origin',(-34.80826633789,3.658496214368,4.));
#5895=CARTESIAN_POINT('',(-28.31559480312,18.07248383024,4.));
#5896=CARTESIAN_POINT('Origin',(-28.31559480312,20.57248383024,4.));
#5897=CARTESIAN_POINT('',(-15.48578250765,29.8090275080289,4.));
#5898=CARTESIAN_POINT('Origin',(-14.23578250765,31.97409101749,4.));
#5899=CARTESIAN_POINT('',(1.49343270490693,33.55826633789,4.));
#5900=CARTESIAN_POINT('Origin',(3.658496214368,34.80826633789,4.));
#5901=CARTESIAN_POINT('',(18.07248383024,28.31559480312,4.));
#5902=CARTESIAN_POINT('Origin',(20.57248383024,28.31559480312,4.));
#5903=CARTESIAN_POINT('',(29.8090275080289,15.48578250765,4.));
#5904=CARTESIAN_POINT('Origin',(31.97409101749,14.23578250765,4.));
#5905=CARTESIAN_POINT('',(33.55826633789,-1.49343270490693,4.));
#5906=CARTESIAN_POINT('Origin',(34.80826633789,-3.658496214368,4.));
#5907=CARTESIAN_POINT('',(28.31559480312,-18.07248383024,4.));
#5908=CARTESIAN_POINT('Origin',(28.31559480312,-20.57248383024,4.));
#5909=CARTESIAN_POINT('',(15.48578250765,-29.8090275080289,4.));
#5910=CARTESIAN_POINT('Origin',(14.23578250765,-31.97409101749,4.));
#5911=CARTESIAN_POINT('',(-1.49343270490693,-33.55826633789,4.));
#5912=CARTESIAN_POINT('Origin',(-3.658496214368,-34.80826633789,4.));
#5913=CARTESIAN_POINT('',(-30.25,-3.70455656742074E-15,4.));
#5914=CARTESIAN_POINT('Origin',(0.,0.,4.));
#5915=CARTESIAN_POINT('Origin',(0.,0.,3.5));
#5916=CARTESIAN_POINT('',(5.02105187650415E-15,41.,3.));
#5917=CARTESIAN_POINT('Origin',(0.,0.,3.));
#5918=CARTESIAN_POINT('',(4.95981953654678E-15,40.5,3.5));
#5919=CARTESIAN_POINT('Origin',(0.,0.,3.));
#5920=CARTESIAN_POINT('',(-5.71910054112246E-15,46.6999999110303,2.999999999997));
#5921=CARTESIAN_POINT('Origin',(0.,2.728010953027E-13,2.999999999997));
#5922=CARTESIAN_POINT('Origin',(0.,2.728010953027E-13,3.499999999997));
#5923=CARTESIAN_POINT('',(-5.78033288107982E-15,47.1999999110303,3.499999999997));
#5924=CARTESIAN_POINT('Origin',(-31.97409101749,-14.23578250765,-3.214810292469));
#5925=CARTESIAN_POINT('',(-29.8090275080289,-15.48578250765,3.65));
#5926=CARTESIAN_POINT('Origin',(-31.97409101749,-14.23578250765,3.65));
#5927=CARTESIAN_POINT('',(-29.8090275080289,-15.48578250765,-3.214810292469));
#5928=CARTESIAN_POINT('Origin',(-31.97409101749,-14.23578250765,3.125));
#5929=CARTESIAN_POINT('',(-30.718354182,-14.96078250765,2.6));
#5930=CARTESIAN_POINT('Origin',(-31.97409101749,-14.23578250765,2.6));
#5931=CARTESIAN_POINT('',(-30.2636908450158,-15.22328250765,3.125));
#5932=CARTESIAN_POINT('Origin',(-31.97409101749,-14.23578250765,-3.214810292469));
#5933=CARTESIAN_POINT('',(-30.7183541820026,-14.96078250765,-3.214810292469));
#5934=CARTESIAN_POINT('Origin',(-34.80826633789,3.658496214368,-3.214810292469));
#5935=CARTESIAN_POINT('',(-33.55826633789,1.49343270490693,3.65));
#5936=CARTESIAN_POINT('Origin',(-34.80826633789,3.658496214368,3.65));
#5937=CARTESIAN_POINT('',(-33.55826633789,1.49343270490693,-3.214810292469));
#5938=CARTESIAN_POINT('Origin',(-34.80826633789,3.658496214368,3.125));
#5939=CARTESIAN_POINT('',(-34.08326633789,2.402759378881,2.6));
#5940=CARTESIAN_POINT('Origin',(-34.80826633789,3.658496214368,2.6));
#5941=CARTESIAN_POINT('',(-33.82076633789,1.94809604189375,3.125));
#5942=CARTESIAN_POINT('Origin',(-34.80826633789,3.658496214368,-3.214810292469));
#5943=CARTESIAN_POINT('',(-34.08326633789,2.40275937888058,-3.214810292469));
#5944=CARTESIAN_POINT('Origin',(-28.31559480312,20.57248383024,-3.214810292469));
#5945=CARTESIAN_POINT('',(-28.31559480312,18.07248383024,3.65));
#5946=CARTESIAN_POINT('Origin',(-28.31559480312,20.57248383024,3.65));
#5947=CARTESIAN_POINT('',(-28.31559480312,18.07248383024,-3.214810292469));
#5948=CARTESIAN_POINT('Origin',(-28.31559480312,20.57248383024,3.125));
#5949=CARTESIAN_POINT('',(-28.31559480312,19.12248383024,2.6));
#5950=CARTESIAN_POINT('Origin',(-28.31559480312,20.57248383024,2.6));
#5951=CARTESIAN_POINT('',(-28.31559480312,18.59748383024,3.125));
#5952=CARTESIAN_POINT('Origin',(-28.31559480312,20.57248383024,-3.214810292469));
#5953=CARTESIAN_POINT('',(-28.31559480312,19.12248383024,-3.214810292469));
#5954=CARTESIAN_POINT('Origin',(-14.23578250765,31.97409101749,-3.214810292469));
#5955=CARTESIAN_POINT('',(-15.48578250765,29.8090275080289,3.65));
#5956=CARTESIAN_POINT('Origin',(-14.23578250765,31.97409101749,3.65));
#5957=CARTESIAN_POINT('',(-15.48578250765,29.8090275080289,-3.214810292469));
#5958=CARTESIAN_POINT('Origin',(-14.23578250765,31.97409101749,3.125));
#5959=CARTESIAN_POINT('',(-14.96078250765,30.718354182,2.6));
#5960=CARTESIAN_POINT('Origin',(-14.23578250765,31.97409101749,2.6));
#5961=CARTESIAN_POINT('',(-15.22328250765,30.2636908450158,3.125));
#5962=CARTESIAN_POINT('Origin',(-14.23578250765,31.97409101749,-3.214810292469));
#5963=CARTESIAN_POINT('',(-14.96078250765,30.7183541820026,-3.214810292469));
#5964=CARTESIAN_POINT('Origin',(3.658496214368,34.80826633789,-3.214810292469));
#5965=CARTESIAN_POINT('',(1.49343270490693,33.55826633789,3.65));
#5966=CARTESIAN_POINT('Origin',(3.658496214368,34.80826633789,3.65));
#5967=CARTESIAN_POINT('',(1.49343270490693,33.55826633789,-3.214810292469));
#5968=CARTESIAN_POINT('Origin',(3.658496214368,34.80826633789,3.125));
#5969=CARTESIAN_POINT('',(2.402759378881,34.08326633789,2.6));
#5970=CARTESIAN_POINT('Origin',(3.658496214368,34.80826633789,2.6));
#5971=CARTESIAN_POINT('',(1.94809604189375,33.82076633789,3.125));
#5972=CARTESIAN_POINT('Origin',(3.658496214368,34.80826633789,-3.214810292469));
#5973=CARTESIAN_POINT('',(2.40275937888058,34.08326633789,-3.214810292469));
#5974=CARTESIAN_POINT('Origin',(20.57248383024,28.31559480312,-3.214810292469));
#5975=CARTESIAN_POINT('',(18.07248383024,28.31559480312,3.65));
#5976=CARTESIAN_POINT('Origin',(20.57248383024,28.31559480312,3.65));
#5977=CARTESIAN_POINT('',(18.07248383024,28.31559480312,-3.214810292469));
#5978=CARTESIAN_POINT('Origin',(20.57248383024,28.31559480312,3.125));
#5979=CARTESIAN_POINT('',(19.12248383024,28.31559480312,2.6));
#5980=CARTESIAN_POINT('Origin',(20.57248383024,28.31559480312,2.6));
#5981=CARTESIAN_POINT('',(18.59748383024,28.31559480312,3.125));
#5982=CARTESIAN_POINT('Origin',(20.57248383024,28.31559480312,-3.214810292469));
#5983=CARTESIAN_POINT('',(19.12248383024,28.31559480312,-3.214810292469));
#5984=CARTESIAN_POINT('Origin',(31.97409101749,14.23578250765,-3.214810292469));
#5985=CARTESIAN_POINT('',(29.8090275080289,15.48578250765,3.65));
#5986=CARTESIAN_POINT('Origin',(31.97409101749,14.23578250765,3.65));
#5987=CARTESIAN_POINT('',(29.8090275080289,15.48578250765,-3.214810292469));
#5988=CARTESIAN_POINT('Origin',(31.97409101749,14.23578250765,3.125));
#5989=CARTESIAN_POINT('',(30.718354182,14.96078250765,2.6));
#5990=CARTESIAN_POINT('Origin',(31.97409101749,14.23578250765,2.6));
#5991=CARTESIAN_POINT('',(30.2636908450158,15.22328250765,3.125));
#5992=CARTESIAN_POINT('Origin',(31.97409101749,14.23578250765,-3.214810292469));
#5993=CARTESIAN_POINT('',(30.7183541820026,14.96078250765,-3.214810292469));
#5994=CARTESIAN_POINT('Origin',(34.80826633789,-3.658496214368,-3.214810292469));
#5995=CARTESIAN_POINT('',(33.55826633789,-1.49343270490693,3.65));
#5996=CARTESIAN_POINT('Origin',(34.80826633789,-3.658496214368,3.65));
#5997=CARTESIAN_POINT('',(33.55826633789,-1.49343270490693,-3.214810292469));
#5998=CARTESIAN_POINT('Origin',(34.80826633789,-3.658496214368,3.125));
#5999=CARTESIAN_POINT('',(34.08326633789,-2.402759378881,2.6));
#6000=CARTESIAN_POINT('Origin',(34.80826633789,-3.658496214368,2.6));
#6001=CARTESIAN_POINT('',(33.82076633789,-1.94809604189375,3.125));
#6002=CARTESIAN_POINT('Origin',(34.80826633789,-3.658496214368,-3.214810292469));
#6003=CARTESIAN_POINT('',(34.08326633789,-2.40275937888058,-3.214810292469));
#6004=CARTESIAN_POINT('Origin',(28.31559480312,-20.57248383024,-3.214810292469));
#6005=CARTESIAN_POINT('',(28.31559480312,-18.07248383024,3.65));
#6006=CARTESIAN_POINT('Origin',(28.31559480312,-20.57248383024,3.65));
#6007=CARTESIAN_POINT('',(28.31559480312,-18.07248383024,-3.214810292469));
#6008=CARTESIAN_POINT('Origin',(28.31559480312,-20.57248383024,3.125));
#6009=CARTESIAN_POINT('',(28.31559480312,-19.12248383024,2.6));
#6010=CARTESIAN_POINT('Origin',(28.31559480312,-20.57248383024,2.6));
#6011=CARTESIAN_POINT('',(28.31559480312,-18.59748383024,3.125));
#6012=CARTESIAN_POINT('Origin',(28.31559480312,-20.57248383024,-3.214810292469));
#6013=CARTESIAN_POINT('',(28.31559480312,-19.12248383024,-3.214810292469));
#6014=CARTESIAN_POINT('Origin',(14.23578250765,-31.97409101749,-3.214810292469));
#6015=CARTESIAN_POINT('',(15.48578250765,-29.8090275080289,3.65));
#6016=CARTESIAN_POINT('Origin',(14.23578250765,-31.97409101749,3.65));
#6017=CARTESIAN_POINT('',(15.48578250765,-29.8090275080289,-3.214810292469));
#6018=CARTESIAN_POINT('Origin',(14.23578250765,-31.97409101749,3.125));
#6019=CARTESIAN_POINT('',(14.96078250765,-30.718354182,2.6));
#6020=CARTESIAN_POINT('Origin',(14.23578250765,-31.97409101749,2.6));
#6021=CARTESIAN_POINT('',(15.22328250765,-30.2636908450158,3.125));
#6022=CARTESIAN_POINT('Origin',(14.23578250765,-31.97409101749,-3.214810292469));
#6023=CARTESIAN_POINT('',(14.96078250765,-30.7183541820026,-3.214810292469));
#6024=CARTESIAN_POINT('Origin',(-3.658496214368,-34.80826633789,-3.214810292469));
#6025=CARTESIAN_POINT('',(-1.49343270490693,-33.55826633789,3.65));
#6026=CARTESIAN_POINT('Origin',(-3.658496214368,-34.80826633789,3.65));
#6027=CARTESIAN_POINT('',(-1.49343270490693,-33.55826633789,-3.214810292469));
#6028=CARTESIAN_POINT('Origin',(-3.658496214368,-34.80826633789,3.125));
#6029=CARTESIAN_POINT('',(-2.402759378881,-34.08326633789,2.6));
#6030=CARTESIAN_POINT('Origin',(-3.658496214368,-34.80826633789,2.6));
#6031=CARTESIAN_POINT('',(-1.94809604189375,-33.82076633789,3.125));
#6032=CARTESIAN_POINT('Origin',(-3.658496214368,-34.80826633789,-3.214810292469));
#6033=CARTESIAN_POINT('',(-2.40275937888058,-34.08326633789,-3.214810292469));
#6034=CARTESIAN_POINT('Origin',(0.,0.,4.));
#6035=CARTESIAN_POINT('',(-30.25,-3.70455656742074E-15,2.));
#6036=CARTESIAN_POINT('Origin',(0.,0.,2.));
#6037=CARTESIAN_POINT('',(-30.25,-3.70455656742074E-15,4.));
#6038=CARTESIAN_POINT('Origin',(0.,0.,2.));
#6039=CARTESIAN_POINT('',(32.5,-3.9801020972289E-15,2.));
#6040=CARTESIAN_POINT('Origin',(0.,0.,2.));
#6041=CARTESIAN_POINT('Origin',(0.,0.,0.));
#6042=CARTESIAN_POINT('',(32.5,-3.9801020972289E-15,0.));
#6043=CARTESIAN_POINT('Origin',(0.,0.,1.));
#6044=CARTESIAN_POINT('Origin',(16.37790070187,-50.40599536364,-5.24));
#6045=CARTESIAN_POINT('',(17.7127787425886,-51.3758410299226,-5.24));
#6046=CARTESIAN_POINT('Origin',(-16.37790070187,-50.40599536364,-5.24));
#6047=CARTESIAN_POINT('',(-15.8680226611514,-51.975238615527,-5.24));
#6048=CARTESIAN_POINT('Origin',(-42.87790070187,-31.1526183715,-5.24));
#6049=CARTESIAN_POINT('',(-43.3877787425886,-32.721861623387,-5.24));
#6050=CARTESIAN_POINT('Origin',(-53.,4.618527893211E-13,-5.24));
#6051=CARTESIAN_POINT('',(-54.3348780407186,-0.969845666282185,-5.24));
#6052=CARTESIAN_POINT('Origin',(-42.87790070187,31.1526183715,-5.24));
#6053=CARTESIAN_POINT('',(-44.52790070187,31.1526183715,-5.24));
#6054=CARTESIAN_POINT('Origin',(-16.37790070187,50.40599536364,-5.24));
#6055=CARTESIAN_POINT('',(-17.7127787425886,51.3758410299226,-5.24));
#6056=CARTESIAN_POINT('Origin',(16.37790070187,50.40599536364,-5.24));
#6057=CARTESIAN_POINT('',(15.8680226611514,51.975238615527,-5.24));
#6058=CARTESIAN_POINT('Origin',(42.87790070187,31.1526183715,-5.24));
#6059=CARTESIAN_POINT('',(43.3877787425886,32.721861623387,-5.24));
#6060=CARTESIAN_POINT('Origin',(53.,-4.583000633958E-13,-5.24));
#6061=CARTESIAN_POINT('',(54.3348780407186,0.969845666282189,-5.24));
#6062=CARTESIAN_POINT('Origin',(42.87790070187,-31.1526183715,-5.24));
#6063=CARTESIAN_POINT('',(44.52790070187,-31.1526183715,-5.24));
#6064=CARTESIAN_POINT('Origin',(54.39278811232,26.95382023778,4.));
#6065=CARTESIAN_POINT('',(51.6033767423,25.71189428072,4.));
#6066=CARTESIAN_POINT('Origin',(52.62021836021,23.42803064117,-41.52931029247));
#6067=CARTESIAN_POINT('Origin',(42.87790070187,-31.1526183715,-5.24));
#6068=CARTESIAN_POINT('',(44.87790070187,-31.1526183715,-3.));
#6069=CARTESIAN_POINT('Origin',(42.87790070187,-31.1526183715,-3.));
#6070=CARTESIAN_POINT('',(44.87790070187,-31.1526183715,4.));
#6071=CARTESIAN_POINT('',(44.87790070187,-31.1526183715,-5.24));
#6072=CARTESIAN_POINT('Origin',(42.87790070187,-31.1526183715,4.));
#6073=CARTESIAN_POINT('Origin',(16.37790070187,-50.40599536364,-5.24));
#6074=CARTESIAN_POINT('',(17.9959346906198,-51.581565868225,-3.));
#6075=CARTESIAN_POINT('Origin',(16.37790070187,-50.40599536364,-3.));
#6076=CARTESIAN_POINT('',(17.9959346906198,-51.581565868225,4.));
#6077=CARTESIAN_POINT('',(17.9959346906198,-51.581565868225,-5.24));
#6078=CARTESIAN_POINT('Origin',(16.37790070187,-50.40599536364,4.));
#6079=CARTESIAN_POINT('Origin',(-16.37790070187,-50.40599536364,-5.24));
#6080=CARTESIAN_POINT('',(-15.7598667131202,-52.3081083962304,-3.));
#6081=CARTESIAN_POINT('Origin',(-16.37790070187,-50.40599536364,-3.));
#6082=CARTESIAN_POINT('',(-15.7598667131202,-52.3081083962304,4.));
#6083=CARTESIAN_POINT('',(-15.7598667131202,-52.3081083962304,-5.24));
#6084=CARTESIAN_POINT('Origin',(-16.37790070187,-50.40599536364,4.));
#6085=CARTESIAN_POINT('Origin',(-42.87790070187,-31.1526183715,-5.24));
#6086=CARTESIAN_POINT('',(-43.4959346906198,-33.0547314040903,-3.));
#6087=CARTESIAN_POINT('Origin',(-42.87790070187,-31.1526183715,-3.));
#6088=CARTESIAN_POINT('',(-43.4959346906198,-33.0547314040903,4.));
#6089=CARTESIAN_POINT('',(-43.4959346906198,-33.0547314040903,-5.24));
#6090=CARTESIAN_POINT('Origin',(-42.87790070187,-31.1526183715,4.));
#6091=CARTESIAN_POINT('Origin',(-53.,4.618527893211E-13,-5.24));
#6092=CARTESIAN_POINT('',(-54.6180339887498,-1.17557050458456,-3.));
#6093=CARTESIAN_POINT('Origin',(-53.,4.618527893211E-13,-3.));
#6094=CARTESIAN_POINT('',(-54.6180339887498,-1.17557050458456,4.));
#6095=CARTESIAN_POINT('',(-54.6180339887498,-1.17557050458456,-5.24));
#6096=CARTESIAN_POINT('Origin',(-53.,4.618527893211E-13,4.));
#6097=CARTESIAN_POINT('Origin',(-42.87790070187,31.1526183715,-5.24));
#6098=CARTESIAN_POINT('',(-44.87790070187,31.1526183715,-3.));
#6099=CARTESIAN_POINT('Origin',(-42.87790070187,31.1526183715,-3.));
#6100=CARTESIAN_POINT('',(-44.87790070187,31.1526183715,4.));
#6101=CARTESIAN_POINT('',(-44.87790070187,31.1526183715,-5.24));
#6102=CARTESIAN_POINT('Origin',(-42.87790070187,31.1526183715,4.));
#6103=CARTESIAN_POINT('Origin',(-16.37790070187,50.40599536364,-5.24));
#6104=CARTESIAN_POINT('',(-17.9959346906198,51.581565868225,-3.));
#6105=CARTESIAN_POINT('Origin',(-16.37790070187,50.40599536364,-3.));
#6106=CARTESIAN_POINT('',(-17.9959346906198,51.581565868225,4.));
#6107=CARTESIAN_POINT('',(-17.9959346906198,51.581565868225,-5.24));
#6108=CARTESIAN_POINT('Origin',(-16.37790070187,50.40599536364,4.));
#6109=CARTESIAN_POINT('Origin',(16.37790070187,50.40599536364,-5.24));
#6110=CARTESIAN_POINT('',(15.7598667131202,52.3081083962304,-3.));
#6111=CARTESIAN_POINT('Origin',(16.37790070187,50.40599536364,-3.));
#6112=CARTESIAN_POINT('',(15.7598667131202,52.3081083962304,4.));
#6113=CARTESIAN_POINT('',(15.7598667131202,52.3081083962304,-5.24));
#6114=CARTESIAN_POINT('Origin',(16.37790070187,50.40599536364,4.));
#6115=CARTESIAN_POINT('Origin',(42.87790070187,31.1526183715,-5.24));
#6116=CARTESIAN_POINT('',(43.4959346906198,33.0547314040903,-3.));
#6117=CARTESIAN_POINT('Origin',(42.87790070187,31.1526183715,-3.));
#6118=CARTESIAN_POINT('',(43.4959346906198,33.0547314040903,4.));
#6119=CARTESIAN_POINT('',(43.4959346906198,33.0547314040903,-5.24));
#6120=CARTESIAN_POINT('Origin',(42.87790070187,31.1526183715,4.));
#6121=CARTESIAN_POINT('Origin',(53.,-4.583000633958E-13,-5.24));
#6122=CARTESIAN_POINT('',(54.6180339887498,1.17557050458457,-3.));
#6123=CARTESIAN_POINT('Origin',(53.,-4.583000633958E-13,-3.));
#6124=CARTESIAN_POINT('',(54.6180339887498,1.17557050458457,4.));
#6125=CARTESIAN_POINT('',(54.6180339887498,1.17557050458457,-5.24));
#6126=CARTESIAN_POINT('Origin',(53.,-4.583000633958E-13,4.));
#6127=UNCERTAINTY_MEASURE_WITH_UNIT(LENGTH_MEASURE(0.01),#6131,
'DISTANCE_ACCURACY_VALUE',
'Maximum model space distance between geometric entities at asserted c
onnectivities');
#6128=UNCERTAINTY_MEASURE_WITH_UNIT(LENGTH_MEASURE(0.01),#6131,
'DISTANCE_ACCURACY_VALUE',
'Maximum model space distance between geometric entities at asserted c
onnectivities');
#6129=(
GEOMETRIC_REPRESENTATION_CONTEXT(3)
GLOBAL_UNCERTAINTY_ASSIGNED_CONTEXT((#6127))
GLOBAL_UNIT_ASSIGNED_CONTEXT((#6131,#6133,#6134))
REPRESENTATION_CONTEXT('','3D')
);
#6130=(
GEOMETRIC_REPRESENTATION_CONTEXT(3)
GLOBAL_UNCERTAINTY_ASSIGNED_CONTEXT((#6128))
GLOBAL_UNIT_ASSIGNED_CONTEXT((#6131,#6133,#6134))
REPRESENTATION_CONTEXT('','3D')
);
#6131=(
LENGTH_UNIT()
NAMED_UNIT(*)
SI_UNIT(.MILLI.,.METRE.)
);
#6132=(
LENGTH_UNIT()
NAMED_UNIT(*)
SI_UNIT($,.METRE.)
);
#6133=(
NAMED_UNIT(*)
PLANE_ANGLE_UNIT()
SI_UNIT($,.RADIAN.)
);
#6134=(
NAMED_UNIT(*)
SI_UNIT($,.STERADIAN.)
SOLID_ANGLE_UNIT()
);
#6135=SHAPE_DEFINITION_REPRESENTATION(#6136,#6137);
#6136=PRODUCT_DEFINITION_SHAPE('',$,#6139);
#6137=SHAPE_REPRESENTATION('',(#3503,#23,#24,#25,#26,#27,#28,#29,#30,#31,
#32),#6129);
#6138=PRODUCT_DEFINITION_CONTEXT('part definition',#6143,'design');
#6139=PRODUCT_DEFINITION('2026-09-19-16-54-25-871',
'1_1_02_EB1201-501_1_1_1',#6140,#6138);
#6140=PRODUCT_DEFINITION_FORMATION('',$,#6145);
#6141=PRODUCT_RELATED_PRODUCT_CATEGORY('1_1_02_EB1201-501_1_1_1',
'1_1_02_EB1201-501_1_1_1',(#6145));
#6142=APPLICATION_PROTOCOL_DEFINITION('international standard',
'automotive_design',2009,#6143);
#6143=APPLICATION_CONTEXT(
'Core Data for Automotive Mechanical Design Process');
#6144=PRODUCT_CONTEXT('part definition',#6143,'mechanical');
#6145=PRODUCT('2026-09-19-16-54-25-871','1_1_02_EB1201-501_1_1_1',
'NOT SPECIFIED',(#6144));
#6146=PRESENTATION_STYLE_ASSIGNMENT((#6148));
#6147=PRESENTATION_STYLE_ASSIGNMENT((#6149));
#6148=SURFACE_STYLE_USAGE(.BOTH.,#6150);
#6149=SURFACE_STYLE_USAGE(.BOTH.,#6151);
#6150=SURFACE_SIDE_STYLE('',(#6152));
#6151=SURFACE_SIDE_STYLE('',(#6153));
#6152=SURFACE_STYLE_FILL_AREA(#6154);
#6153=SURFACE_STYLE_FILL_AREA(#6155);
#6154=FILL_AREA_STYLE('Steel - Satin',(#6156));
#6155=FILL_AREA_STYLE('Aluminum - Satin',(#6157));
#6156=FILL_AREA_STYLE_COLOUR('Steel - Satin',#6158);
#6157=FILL_AREA_STYLE_COLOUR('Aluminum - Satin',#6159);
#6158=COLOUR_RGB('Steel - Satin',0.627450980392157,0.627450980392157,0.627450980392157);
#6159=COLOUR_RGB('Aluminum - Satin',0.96078431372549,0.96078431372549,0.964705882352941);
ENDSEC;
END-ISO-10303-21;
