ISO-10303-21;
HEADER;
/* Generated by software containing ST-Developer
 * from STEP Tools, Inc. (www.steptools.com) 
 */

FILE_DESCRIPTION(
/* description */ (''),
/* implementation_level */ '2;1');

FILE_NAME(
/* name */ 
'1_1_06_EB823-507_AF0_1_1_06_EB823-509_ASM_FL82BLW33-48V-35N.m_1__FL82
BLW33-48V-35N.m_1_.STEP~2.step',
/* time_stamp */ '2026-09-19T17:00:47-04:00',
/* author */ (''),
/* organization */ (''),
/* preprocessor_version */ 'ST-DEVELOPER v20.2',
/* originating_system */ 'Autodesk Translation Framework v15.15.0.0',
/* authorisation */ '');

FILE_SCHEMA (('AUTOMOTIVE_DESIGN { 1 0 10303 214 3 1 1 }'));
ENDSEC;

DATA;
#10=MECHANICAL_DESIGN_GEOMETRIC_PRESENTATION_REPRESENTATION('',(#13),#3782);
#11=SHAPE_REPRESENTATION_RELATIONSHIP('SRR','None',#3789,#12);
#12=ADVANCED_BREP_SHAPE_REPRESENTATION('',(#14),#3781);
#13=STYLED_ITEM('',(#3799),#14);
#14=MANIFOLD_SOLID_BREP('Body1',#2104);
#15=B_SPLINE_CURVE_WITH_KNOTS('',3,(#3311,#3312,#3313,#3314,#3315,#3316,
#3317,#3318,#3319,#3320),.UNSPECIFIED.,.F.,.F.,(4,2,2,2,4),(0.135927299945692,
0.14727940057207,0.158631501198449,0.169929109540958,0.171417392617762),
 .UNSPECIFIED.);
#16=B_SPLINE_CURVE_WITH_KNOTS('',3,(#3359,#3360,#3361,#3362,#3363,#3364,
#3365,#3366,#3367,#3368),.UNSPECIFIED.,.F.,.F.,(4,2,2,2,4),(-0.171417392617762,
-0.169929109540958,-0.158631501198449,-0.14727940057207,-0.135927299945692),
 .UNSPECIFIED.);
#17=CONICAL_SURFACE('',#2174,23.74999999934,0.785398163397299);
#18=CONICAL_SURFACE('',#2270,1.499999991023,0.785398163397299);
#19=CONICAL_SURFACE('',#2275,0.687851189029198,1.02974425867646);
#20=CONICAL_SURFACE('',#2276,1.499999991259,0.785398163397299);
#21=CONICAL_SURFACE('',#2281,0.687851189029198,1.02974425867646);
#22=CONICAL_SURFACE('',#2282,1.499999991023,0.785398163397299);
#23=CONICAL_SURFACE('',#2286,0.687851189029198,1.02974425867646);
#24=CONICAL_SURFACE('',#2287,1.499999991259,0.785398163397299);
#25=CONICAL_SURFACE('',#2292,0.687851189029198,1.02974425867646);
#26=CONICAL_SURFACE('',#2293,1.499999991023,0.785398163397299);
#27=CONICAL_SURFACE('',#2298,0.687851189029198,1.02974425867646);
#28=CONICAL_SURFACE('',#2299,1.499999991259,0.785398163397299);
#29=CONICAL_SURFACE('',#2304,0.687851189029198,1.02974425867646);
#30=CONICAL_SURFACE('',#2305,1.499999991023,0.785398163397299);
#31=CONICAL_SURFACE('',#2310,0.687851189029198,1.02974425867646);
#32=CONICAL_SURFACE('',#2311,1.499999991259,0.785398163397299);
#33=CONICAL_SURFACE('',#2316,0.687851189029198,1.02974425867646);
#34=CONICAL_SURFACE('',#2360,1.499999991023,0.785398163397299);
#35=CONICAL_SURFACE('',#2365,0.687851189029198,1.02974425867646);
#36=CONICAL_SURFACE('',#2366,1.499999991259,0.785398163397299);
#37=CONICAL_SURFACE('',#2371,0.687851189029198,1.02974425867646);
#38=CONICAL_SURFACE('',#2372,1.499999991023,0.785398163397299);
#39=CONICAL_SURFACE('',#2377,0.687851189029198,1.02974425867646);
#40=CONICAL_SURFACE('',#2378,1.499999991259,0.785398163397299);
#41=CONICAL_SURFACE('',#2383,0.687851189029198,1.02974425867646);
#42=CONICAL_SURFACE('',#2384,1.499999991023,0.785398163397299);
#43=CONICAL_SURFACE('',#2388,0.687851189029198,1.02974425867646);
#44=CONICAL_SURFACE('',#2389,1.499999991259,0.785398163397299);
#45=CONICAL_SURFACE('',#2394,0.687851189029198,1.02974425867646);
#46=CONICAL_SURFACE('',#2395,1.499999991023,0.785398163397299);
#47=CONICAL_SURFACE('',#2400,0.687851189029198,1.02974425867646);
#48=CONICAL_SURFACE('',#2401,1.499999991259,0.785398163397299);
#49=CONICAL_SURFACE('',#2406,0.687851189029198,1.02974425867646);
#50=CYLINDRICAL_SURFACE('',#2170,26.);
#51=CYLINDRICAL_SURFACE('',#2177,23.5);
#52=CYLINDRICAL_SURFACE('',#2181,24.24);
#53=CYLINDRICAL_SURFACE('',#2193,42.5);
#54=CYLINDRICAL_SURFACE('',#2195,0.5);
#55=CYLINDRICAL_SURFACE('',#2198,0.3);
#56=CYLINDRICAL_SURFACE('',#2203,38.7);
#57=CYLINDRICAL_SURFACE('',#2207,38.7);
#58=CYLINDRICAL_SURFACE('',#2210,0.3);
#59=CYLINDRICAL_SURFACE('',#2218,0.5);
#60=CYLINDRICAL_SURFACE('',#2220,0.500000000000001);
#61=CYLINDRICAL_SURFACE('',#2273,1.25);
#62=CYLINDRICAL_SURFACE('',#2279,1.25);
#63=CYLINDRICAL_SURFACE('',#2284,1.25);
#64=CYLINDRICAL_SURFACE('',#2290,1.25);
#65=CYLINDRICAL_SURFACE('',#2296,1.25);
#66=CYLINDRICAL_SURFACE('',#2302,1.25);
#67=CYLINDRICAL_SURFACE('',#2308,1.25);
#68=CYLINDRICAL_SURFACE('',#2314,1.25);
#69=CYLINDRICAL_SURFACE('',#2317,0.999999999999999);
#70=CYLINDRICAL_SURFACE('',#2319,1.);
#71=CYLINDRICAL_SURFACE('',#2320,41.);
#72=CYLINDRICAL_SURFACE('',#2321,41.);
#73=CYLINDRICAL_SURFACE('',#2322,41.);
#74=CYLINDRICAL_SURFACE('',#2323,41.);
#75=CYLINDRICAL_SURFACE('',#2324,41.);
#76=CYLINDRICAL_SURFACE('',#2325,41.);
#77=CYLINDRICAL_SURFACE('',#2326,41.);
#78=CYLINDRICAL_SURFACE('',#2327,41.);
#79=CYLINDRICAL_SURFACE('',#2328,41.);
#80=CYLINDRICAL_SURFACE('',#2329,2.);
#81=CYLINDRICAL_SURFACE('',#2330,3.);
#82=CYLINDRICAL_SURFACE('',#2331,2.);
#83=CYLINDRICAL_SURFACE('',#2332,2.);
#84=CYLINDRICAL_SURFACE('',#2333,3.);
#85=CYLINDRICAL_SURFACE('',#2334,2.);
#86=CYLINDRICAL_SURFACE('',#2335,2.);
#87=CYLINDRICAL_SURFACE('',#2336,3.);
#88=CYLINDRICAL_SURFACE('',#2337,2.);
#89=CYLINDRICAL_SURFACE('',#2338,2.);
#90=CYLINDRICAL_SURFACE('',#2339,3.);
#91=CYLINDRICAL_SURFACE('',#2340,2.);
#92=CYLINDRICAL_SURFACE('',#2341,2.);
#93=CYLINDRICAL_SURFACE('',#2342,3.);
#94=CYLINDRICAL_SURFACE('',#2343,2.);
#95=CYLINDRICAL_SURFACE('',#2344,2.);
#96=CYLINDRICAL_SURFACE('',#2345,3.);
#97=CYLINDRICAL_SURFACE('',#2346,2.);
#98=CYLINDRICAL_SURFACE('',#2347,2.);
#99=CYLINDRICAL_SURFACE('',#2348,3.);
#100=CYLINDRICAL_SURFACE('',#2349,2.);
#101=CYLINDRICAL_SURFACE('',#2350,2.);
#102=CYLINDRICAL_SURFACE('',#2351,3.);
#103=CYLINDRICAL_SURFACE('',#2352,2.);
#104=CYLINDRICAL_SURFACE('',#2353,1.);
#105=CYLINDRICAL_SURFACE('',#2355,1.);
#106=CYLINDRICAL_SURFACE('',#2356,43.5);
#107=CYLINDRICAL_SURFACE('',#2357,0.5);
#108=CYLINDRICAL_SURFACE('',#2359,38.5);
#109=CYLINDRICAL_SURFACE('',#2363,1.25);
#110=CYLINDRICAL_SURFACE('',#2369,1.25);
#111=CYLINDRICAL_SURFACE('',#2375,1.25);
#112=CYLINDRICAL_SURFACE('',#2381,1.25);
#113=CYLINDRICAL_SURFACE('',#2386,1.25);
#114=CYLINDRICAL_SURFACE('',#2392,1.25);
#115=CYLINDRICAL_SURFACE('',#2398,1.25);
#116=CYLINDRICAL_SURFACE('',#2404,1.25);
#117=CYLINDRICAL_SURFACE('',#2407,23.5);
#118=CYLINDRICAL_SURFACE('',#2408,38.7);
#119=TOROIDAL_SURFACE('',#2166,26.5,0.5);
#120=FACE_BOUND('',#263,.T.);
#121=FACE_BOUND('',#264,.T.);
#122=FACE_BOUND('',#265,.T.);
#123=FACE_BOUND('',#266,.T.);
#124=FACE_BOUND('',#267,.T.);
#125=FACE_BOUND('',#268,.T.);
#126=FACE_BOUND('',#269,.T.);
#127=FACE_BOUND('',#270,.T.);
#128=FACE_BOUND('',#271,.T.);
#129=FACE_BOUND('',#275,.T.);
#130=FACE_BOUND('',#279,.T.);
#131=FACE_BOUND('',#282,.T.);
#132=FACE_BOUND('',#284,.T.);
#133=FACE_BOUND('',#302,.T.);
#134=FACE_BOUND('',#303,.T.);
#135=FACE_BOUND('',#304,.T.);
#136=FACE_BOUND('',#305,.T.);
#137=FACE_BOUND('',#306,.T.);
#138=FACE_BOUND('',#307,.T.);
#139=FACE_BOUND('',#308,.T.);
#140=FACE_BOUND('',#309,.T.);
#141=FACE_BOUND('',#310,.T.);
#142=FACE_OUTER_BOUND('',#262,.T.);
#143=FACE_OUTER_BOUND('',#272,.T.);
#144=FACE_OUTER_BOUND('',#273,.T.);
#145=FACE_OUTER_BOUND('',#274,.T.);
#146=FACE_OUTER_BOUND('',#276,.T.);
#147=FACE_OUTER_BOUND('',#277,.T.);
#148=FACE_OUTER_BOUND('',#278,.T.);
#149=FACE_OUTER_BOUND('',#280,.T.);
#150=FACE_OUTER_BOUND('',#281,.T.);
#151=FACE_OUTER_BOUND('',#283,.T.);
#152=FACE_OUTER_BOUND('',#285,.T.);
#153=FACE_OUTER_BOUND('',#286,.T.);
#154=FACE_OUTER_BOUND('',#287,.T.);
#155=FACE_OUTER_BOUND('',#288,.T.);
#156=FACE_OUTER_BOUND('',#289,.T.);
#157=FACE_OUTER_BOUND('',#290,.T.);
#158=FACE_OUTER_BOUND('',#291,.T.);
#159=FACE_OUTER_BOUND('',#292,.T.);
#160=FACE_OUTER_BOUND('',#293,.T.);
#161=FACE_OUTER_BOUND('',#294,.T.);
#162=FACE_OUTER_BOUND('',#295,.T.);
#163=FACE_OUTER_BOUND('',#296,.T.);
#164=FACE_OUTER_BOUND('',#297,.T.);
#165=FACE_OUTER_BOUND('',#298,.T.);
#166=FACE_OUTER_BOUND('',#299,.T.);
#167=FACE_OUTER_BOUND('',#300,.T.);
#168=FACE_OUTER_BOUND('',#301,.T.);
#169=FACE_OUTER_BOUND('',#311,.T.);
#170=FACE_OUTER_BOUND('',#312,.T.);
#171=FACE_OUTER_BOUND('',#313,.T.);
#172=FACE_OUTER_BOUND('',#314,.T.);
#173=FACE_OUTER_BOUND('',#315,.T.);
#174=FACE_OUTER_BOUND('',#316,.T.);
#175=FACE_OUTER_BOUND('',#317,.T.);
#176=FACE_OUTER_BOUND('',#318,.T.);
#177=FACE_OUTER_BOUND('',#319,.T.);
#178=FACE_OUTER_BOUND('',#320,.T.);
#179=FACE_OUTER_BOUND('',#321,.T.);
#180=FACE_OUTER_BOUND('',#322,.T.);
#181=FACE_OUTER_BOUND('',#323,.T.);
#182=FACE_OUTER_BOUND('',#324,.T.);
#183=FACE_OUTER_BOUND('',#325,.T.);
#184=FACE_OUTER_BOUND('',#326,.T.);
#185=FACE_OUTER_BOUND('',#327,.T.);
#186=FACE_OUTER_BOUND('',#328,.T.);
#187=FACE_OUTER_BOUND('',#329,.T.);
#188=FACE_OUTER_BOUND('',#330,.T.);
#189=FACE_OUTER_BOUND('',#331,.T.);
#190=FACE_OUTER_BOUND('',#332,.T.);
#191=FACE_OUTER_BOUND('',#333,.T.);
#192=FACE_OUTER_BOUND('',#334,.T.);
#193=FACE_OUTER_BOUND('',#335,.T.);
#194=FACE_OUTER_BOUND('',#336,.T.);
#195=FACE_OUTER_BOUND('',#337,.T.);
#196=FACE_OUTER_BOUND('',#338,.T.);
#197=FACE_OUTER_BOUND('',#339,.T.);
#198=FACE_OUTER_BOUND('',#340,.T.);
#199=FACE_OUTER_BOUND('',#341,.T.);
#200=FACE_OUTER_BOUND('',#342,.T.);
#201=FACE_OUTER_BOUND('',#343,.T.);
#202=FACE_OUTER_BOUND('',#344,.T.);
#203=FACE_OUTER_BOUND('',#345,.T.);
#204=FACE_OUTER_BOUND('',#346,.T.);
#205=FACE_OUTER_BOUND('',#347,.T.);
#206=FACE_OUTER_BOUND('',#348,.T.);
#207=FACE_OUTER_BOUND('',#349,.T.);
#208=FACE_OUTER_BOUND('',#350,.T.);
#209=FACE_OUTER_BOUND('',#351,.T.);
#210=FACE_OUTER_BOUND('',#352,.T.);
#211=FACE_OUTER_BOUND('',#353,.T.);
#212=FACE_OUTER_BOUND('',#354,.T.);
#213=FACE_OUTER_BOUND('',#355,.T.);
#214=FACE_OUTER_BOUND('',#356,.T.);
#215=FACE_OUTER_BOUND('',#357,.T.);
#216=FACE_OUTER_BOUND('',#358,.T.);
#217=FACE_OUTER_BOUND('',#359,.T.);
#218=FACE_OUTER_BOUND('',#360,.T.);
#219=FACE_OUTER_BOUND('',#361,.T.);
#220=FACE_OUTER_BOUND('',#362,.T.);
#221=FACE_OUTER_BOUND('',#363,.T.);
#222=FACE_OUTER_BOUND('',#364,.T.);
#223=FACE_OUTER_BOUND('',#365,.T.);
#224=FACE_OUTER_BOUND('',#366,.T.);
#225=FACE_OUTER_BOUND('',#367,.T.);
#226=FACE_OUTER_BOUND('',#368,.T.);
#227=FACE_OUTER_BOUND('',#369,.T.);
#228=FACE_OUTER_BOUND('',#370,.T.);
#229=FACE_OUTER_BOUND('',#371,.T.);
#230=FACE_OUTER_BOUND('',#372,.T.);
#231=FACE_OUTER_BOUND('',#373,.T.);
#232=FACE_OUTER_BOUND('',#374,.T.);
#233=FACE_OUTER_BOUND('',#375,.T.);
#234=FACE_OUTER_BOUND('',#376,.T.);
#235=FACE_OUTER_BOUND('',#377,.T.);
#236=FACE_OUTER_BOUND('',#378,.T.);
#237=FACE_OUTER_BOUND('',#379,.T.);
#238=FACE_OUTER_BOUND('',#380,.T.);
#239=FACE_OUTER_BOUND('',#381,.T.);
#240=FACE_OUTER_BOUND('',#382,.T.);
#241=FACE_OUTER_BOUND('',#383,.T.);
#242=FACE_OUTER_BOUND('',#384,.T.);
#243=FACE_OUTER_BOUND('',#385,.T.);
#244=FACE_OUTER_BOUND('',#386,.T.);
#245=FACE_OUTER_BOUND('',#387,.T.);
#246=FACE_OUTER_BOUND('',#388,.T.);
#247=FACE_OUTER_BOUND('',#389,.T.);
#248=FACE_OUTER_BOUND('',#390,.T.);
#249=FACE_OUTER_BOUND('',#391,.T.);
#250=FACE_OUTER_BOUND('',#392,.T.);
#251=FACE_OUTER_BOUND('',#393,.T.);
#252=FACE_OUTER_BOUND('',#394,.T.);
#253=FACE_OUTER_BOUND('',#395,.T.);
#254=FACE_OUTER_BOUND('',#396,.T.);
#255=FACE_OUTER_BOUND('',#397,.T.);
#256=FACE_OUTER_BOUND('',#398,.T.);
#257=FACE_OUTER_BOUND('',#399,.T.);
#258=FACE_OUTER_BOUND('',#400,.T.);
#259=FACE_OUTER_BOUND('',#401,.T.);
#260=FACE_OUTER_BOUND('',#402,.T.);
#261=FACE_OUTER_BOUND('',#403,.T.);
#262=EDGE_LOOP('',(#1355,#1356,#1357,#1358,#1359,#1360,#1361,#1362,#1363,
#1364,#1365,#1366,#1367,#1368,#1369,#1370,#1371,#1372,#1373,#1374,#1375,
#1376,#1377,#1378,#1379,#1380,#1381,#1382,#1383,#1384,#1385,#1386,#1387,
#1388,#1389,#1390,#1391,#1392,#1393,#1394));
#263=EDGE_LOOP('',(#1395));
#264=EDGE_LOOP('',(#1396));
#265=EDGE_LOOP('',(#1397));
#266=EDGE_LOOP('',(#1398));
#267=EDGE_LOOP('',(#1399));
#268=EDGE_LOOP('',(#1400));
#269=EDGE_LOOP('',(#1401));
#270=EDGE_LOOP('',(#1402));
#271=EDGE_LOOP('',(#1403));
#272=EDGE_LOOP('',(#1404,#1405,#1406,#1407,#1408));
#273=EDGE_LOOP('',(#1409,#1410,#1411,#1412,#1413));
#274=EDGE_LOOP('',(#1414));
#275=EDGE_LOOP('',(#1415));
#276=EDGE_LOOP('',(#1416,#1417,#1418,#1419,#1420));
#277=EDGE_LOOP('',(#1421,#1422,#1423,#1424,#1425));
#278=EDGE_LOOP('',(#1426));
#279=EDGE_LOOP('',(#1427));
#280=EDGE_LOOP('',(#1428,#1429,#1430,#1431));
#281=EDGE_LOOP('',(#1432));
#282=EDGE_LOOP('',(#1433));
#283=EDGE_LOOP('',(#1434,#1435,#1436,#1437,#1438,#1439,#1440,#1441,#1442,
#1443,#1444,#1445));
#284=EDGE_LOOP('',(#1446));
#285=EDGE_LOOP('',(#1447,#1448,#1449,#1450));
#286=EDGE_LOOP('',(#1451,#1452,#1453,#1454));
#287=EDGE_LOOP('',(#1455,#1456,#1457,#1458,#1459,#1460));
#288=EDGE_LOOP('',(#1461,#1462,#1463,#1464,#1465));
#289=EDGE_LOOP('',(#1466,#1467,#1468,#1469,#1470));
#290=EDGE_LOOP('',(#1471,#1472,#1473,#1474,#1475,#1476));
#291=EDGE_LOOP('',(#1477,#1478,#1479));
#292=EDGE_LOOP('',(#1480,#1481,#1482,#1483,#1484,#1485));
#293=EDGE_LOOP('',(#1486,#1487,#1488));
#294=EDGE_LOOP('',(#1489,#1490,#1491,#1492,#1493,#1494));
#295=EDGE_LOOP('',(#1495,#1496,#1497,#1498,#1499));
#296=EDGE_LOOP('',(#1500,#1501,#1502,#1503,#1504));
#297=EDGE_LOOP('',(#1505,#1506,#1507,#1508,#1509));
#298=EDGE_LOOP('',(#1510,#1511,#1512,#1513));
#299=EDGE_LOOP('',(#1514,#1515,#1516,#1517,#1518,#1519));
#300=EDGE_LOOP('',(#1520,#1521,#1522,#1523));
#301=EDGE_LOOP('',(#1524,#1525,#1526,#1527,#1528,#1529,#1530,#1531,#1532,
#1533,#1534,#1535,#1536,#1537,#1538,#1539,#1540,#1541,#1542,#1543,#1544,
#1545,#1546,#1547,#1548,#1549,#1550,#1551,#1552,#1553,#1554,#1555,#1556,
#1557,#1558,#1559,#1560,#1561,#1562,#1563));
#302=EDGE_LOOP('',(#1564));
#303=EDGE_LOOP('',(#1565));
#304=EDGE_LOOP('',(#1566));
#305=EDGE_LOOP('',(#1567));
#306=EDGE_LOOP('',(#1568));
#307=EDGE_LOOP('',(#1569));
#308=EDGE_LOOP('',(#1570));
#309=EDGE_LOOP('',(#1571,#1572,#1573,#1574,#1575,#1576));
#310=EDGE_LOOP('',(#1577));
#311=EDGE_LOOP('',(#1578,#1579,#1580,#1581,#1582));
#312=EDGE_LOOP('',(#1583,#1584,#1585,#1586,#1587));
#313=EDGE_LOOP('',(#1588,#1589,#1590));
#314=EDGE_LOOP('',(#1591,#1592,#1593,#1594,#1595));
#315=EDGE_LOOP('',(#1596,#1597,#1598,#1599,#1600));
#316=EDGE_LOOP('',(#1601,#1602,#1603));
#317=EDGE_LOOP('',(#1604,#1605,#1606,#1607));
#318=EDGE_LOOP('',(#1608,#1609,#1610,#1611));
#319=EDGE_LOOP('',(#1612,#1613,#1614));
#320=EDGE_LOOP('',(#1615,#1616,#1617,#1618,#1619));
#321=EDGE_LOOP('',(#1620,#1621,#1622,#1623,#1624));
#322=EDGE_LOOP('',(#1625,#1626,#1627));
#323=EDGE_LOOP('',(#1628,#1629,#1630,#1631,#1632));
#324=EDGE_LOOP('',(#1633,#1634,#1635,#1636,#1637));
#325=EDGE_LOOP('',(#1638,#1639,#1640));
#326=EDGE_LOOP('',(#1641,#1642,#1643,#1644,#1645));
#327=EDGE_LOOP('',(#1646,#1647,#1648,#1649,#1650));
#328=EDGE_LOOP('',(#1651,#1652,#1653));
#329=EDGE_LOOP('',(#1654,#1655,#1656,#1657,#1658));
#330=EDGE_LOOP('',(#1659,#1660,#1661,#1662,#1663));
#331=EDGE_LOOP('',(#1664,#1665,#1666));
#332=EDGE_LOOP('',(#1667,#1668,#1669,#1670,#1671));
#333=EDGE_LOOP('',(#1672,#1673,#1674,#1675,#1676));
#334=EDGE_LOOP('',(#1677,#1678,#1679));
#335=EDGE_LOOP('',(#1680,#1681,#1682,#1683));
#336=EDGE_LOOP('',(#1684,#1685,#1686,#1687));
#337=EDGE_LOOP('',(#1688,#1689,#1690,#1691));
#338=EDGE_LOOP('',(#1692,#1693,#1694,#1695));
#339=EDGE_LOOP('',(#1696,#1697,#1698,#1699));
#340=EDGE_LOOP('',(#1700,#1701,#1702,#1703));
#341=EDGE_LOOP('',(#1704,#1705,#1706,#1707));
#342=EDGE_LOOP('',(#1708,#1709,#1710,#1711));
#343=EDGE_LOOP('',(#1712,#1713,#1714,#1715));
#344=EDGE_LOOP('',(#1716,#1717,#1718,#1719));
#345=EDGE_LOOP('',(#1720,#1721,#1722,#1723));
#346=EDGE_LOOP('',(#1724,#1725,#1726,#1727));
#347=EDGE_LOOP('',(#1728,#1729,#1730,#1731));
#348=EDGE_LOOP('',(#1732,#1733,#1734,#1735));
#349=EDGE_LOOP('',(#1736,#1737,#1738,#1739));
#350=EDGE_LOOP('',(#1740,#1741,#1742,#1743));
#351=EDGE_LOOP('',(#1744,#1745,#1746,#1747));
#352=EDGE_LOOP('',(#1748,#1749,#1750,#1751));
#353=EDGE_LOOP('',(#1752,#1753,#1754,#1755));
#354=EDGE_LOOP('',(#1756,#1757,#1758,#1759));
#355=EDGE_LOOP('',(#1760,#1761,#1762,#1763));
#356=EDGE_LOOP('',(#1764,#1765,#1766,#1767));
#357=EDGE_LOOP('',(#1768,#1769,#1770,#1771));
#358=EDGE_LOOP('',(#1772,#1773,#1774,#1775));
#359=EDGE_LOOP('',(#1776,#1777,#1778,#1779));
#360=EDGE_LOOP('',(#1780,#1781,#1782,#1783));
#361=EDGE_LOOP('',(#1784,#1785,#1786,#1787));
#362=EDGE_LOOP('',(#1788,#1789,#1790,#1791));
#363=EDGE_LOOP('',(#1792,#1793,#1794,#1795));
#364=EDGE_LOOP('',(#1796,#1797,#1798,#1799));
#365=EDGE_LOOP('',(#1800,#1801,#1802,#1803));
#366=EDGE_LOOP('',(#1804,#1805,#1806,#1807));
#367=EDGE_LOOP('',(#1808,#1809,#1810,#1811));
#368=EDGE_LOOP('',(#1812,#1813,#1814,#1815));
#369=EDGE_LOOP('',(#1816,#1817,#1818,#1819));
#370=EDGE_LOOP('',(#1820,#1821,#1822,#1823));
#371=EDGE_LOOP('',(#1824,#1825,#1826,#1827));
#372=EDGE_LOOP('',(#1828,#1829,#1830,#1831));
#373=EDGE_LOOP('',(#1832,#1833,#1834,#1835));
#374=EDGE_LOOP('',(#1836,#1837,#1838,#1839));
#375=EDGE_LOOP('',(#1840,#1841,#1842,#1843));
#376=EDGE_LOOP('',(#1844,#1845,#1846,#1847,#1848));
#377=EDGE_LOOP('',(#1849,#1850,#1851,#1852));
#378=EDGE_LOOP('',(#1853,#1854,#1855,#1856,#1857));
#379=EDGE_LOOP('',(#1858,#1859,#1860,#1861,#1862));
#380=EDGE_LOOP('',(#1863,#1864,#1865));
#381=EDGE_LOOP('',(#1866,#1867,#1868,#1869,#1870));
#382=EDGE_LOOP('',(#1871,#1872,#1873,#1874,#1875));
#383=EDGE_LOOP('',(#1876,#1877,#1878));
#384=EDGE_LOOP('',(#1879,#1880,#1881,#1882,#1883));
#385=EDGE_LOOP('',(#1884,#1885,#1886,#1887,#1888));
#386=EDGE_LOOP('',(#1889,#1890,#1891));
#387=EDGE_LOOP('',(#1892,#1893,#1894,#1895,#1896));
#388=EDGE_LOOP('',(#1897,#1898,#1899,#1900,#1901));
#389=EDGE_LOOP('',(#1902,#1903,#1904));
#390=EDGE_LOOP('',(#1905,#1906,#1907,#1908));
#391=EDGE_LOOP('',(#1909,#1910,#1911,#1912));
#392=EDGE_LOOP('',(#1913,#1914,#1915));
#393=EDGE_LOOP('',(#1916,#1917,#1918,#1919,#1920));
#394=EDGE_LOOP('',(#1921,#1922,#1923,#1924,#1925));
#395=EDGE_LOOP('',(#1926,#1927,#1928));
#396=EDGE_LOOP('',(#1929,#1930,#1931,#1932,#1933));
#397=EDGE_LOOP('',(#1934,#1935,#1936,#1937,#1938));
#398=EDGE_LOOP('',(#1939,#1940,#1941));
#399=EDGE_LOOP('',(#1942,#1943,#1944,#1945,#1946));
#400=EDGE_LOOP('',(#1947,#1948,#1949,#1950,#1951));
#401=EDGE_LOOP('',(#1952,#1953,#1954));
#402=EDGE_LOOP('',(#1955,#1956,#1957,#1958));
#403=EDGE_LOOP('',(#1959,#1960,#1961,#1962,#1963,#1964,#1965,#1966));
#404=LINE('',#3134,#537);
#405=LINE('',#3206,#538);
#406=LINE('',#3235,#539);
#407=LINE('',#3244,#540);
#408=LINE('',#3248,#541);
#409=LINE('',#3254,#542);
#410=LINE('',#3264,#543);
#411=LINE('',#3268,#544);
#412=LINE('',#3270,#545);
#413=LINE('',#3274,#546);
#414=LINE('',#3276,#547);
#415=LINE('',#3280,#548);
#416=LINE('',#3288,#549);
#417=LINE('',#3291,#550);
#418=LINE('',#3295,#551);
#419=LINE('',#3299,#552);
#420=LINE('',#3300,#553);
#421=LINE('',#3302,#554);
#422=LINE('',#3303,#555);
#423=LINE('',#3307,#556);
#424=LINE('',#3322,#557);
#425=LINE('',#3326,#558);
#426=LINE('',#3327,#559);
#427=LINE('',#3328,#560);
#428=LINE('',#3331,#561);
#429=LINE('',#3333,#562);
#430=LINE('',#3334,#563);
#431=LINE('',#3336,#564);
#432=LINE('',#3341,#565);
#433=LINE('',#3343,#566);
#434=LINE('',#3348,#567);
#435=LINE('',#3350,#568);
#436=LINE('',#3352,#569);
#437=LINE('',#3353,#570);
#438=LINE('',#3358,#571);
#439=LINE('',#3373,#572);
#440=LINE('',#3377,#573);
#441=LINE('',#3381,#574);
#442=LINE('',#3385,#575);
#443=LINE('',#3386,#576);
#444=LINE('',#3387,#577);
#445=LINE('',#3393,#578);
#446=LINE('',#3465,#579);
#447=LINE('',#3492,#580);
#448=LINE('',#3497,#581);
#449=LINE('',#3500,#582);
#450=LINE('',#3505,#583);
#451=LINE('',#3510,#584);
#452=LINE('',#3513,#585);
#453=LINE('',#3517,#586);
#454=LINE('',#3521,#587);
#455=LINE('',#3524,#588);
#456=LINE('',#3530,#589);
#457=LINE('',#3534,#590);
#458=LINE('',#3537,#591);
#459=LINE('',#3543,#592);
#460=LINE('',#3547,#593);
#461=LINE('',#3550,#594);
#462=LINE('',#3556,#595);
#463=LINE('',#3560,#596);
#464=LINE('',#3563,#597);
#465=LINE('',#3569,#598);
#466=LINE('',#3573,#599);
#467=LINE('',#3576,#600);
#468=LINE('',#3581,#601);
#469=LINE('',#3586,#602);
#470=LINE('',#3589,#603);
#471=LINE('',#3591,#604);
#472=LINE('',#3592,#605);
#473=LINE('',#3594,#606);
#474=LINE('',#3596,#607);
#475=LINE('',#3598,#608);
#476=LINE('',#3599,#609);
#477=LINE('',#3601,#610);
#478=LINE('',#3602,#611);
#479=LINE('',#3604,#612);
#480=LINE('',#3605,#613);
#481=LINE('',#3607,#614);
#482=LINE('',#3608,#615);
#483=LINE('',#3610,#616);
#484=LINE('',#3611,#617);
#485=LINE('',#3613,#618);
#486=LINE('',#3614,#619);
#487=LINE('',#3616,#620);
#488=LINE('',#3617,#621);
#489=LINE('',#3619,#622);
#490=LINE('',#3621,#623);
#491=LINE('',#3622,#624);
#492=LINE('',#3624,#625);
#493=LINE('',#3626,#626);
#494=LINE('',#3629,#627);
#495=LINE('',#3631,#628);
#496=LINE('',#3634,#629);
#497=LINE('',#3636,#630);
#498=LINE('',#3639,#631);
#499=LINE('',#3641,#632);
#500=LINE('',#3644,#633);
#501=LINE('',#3646,#634);
#502=LINE('',#3649,#635);
#503=LINE('',#3651,#636);
#504=LINE('',#3654,#637);
#505=LINE('',#3656,#638);
#506=LINE('',#3659,#639);
#507=LINE('',#3661,#640);
#508=LINE('',#3664,#641);
#509=LINE('',#3666,#642);
#510=LINE('',#3668,#643);
#511=LINE('',#3671,#644);
#512=LINE('',#3678,#645);
#513=LINE('',#3683,#646);
#514=LINE('',#3686,#647);
#515=LINE('',#3691,#648);
#516=LINE('',#3696,#649);
#517=LINE('',#3699,#650);
#518=LINE('',#3705,#651);
#519=LINE('',#3709,#652);
#520=LINE('',#3712,#653);
#521=LINE('',#3717,#654);
#522=LINE('',#3722,#655);
#523=LINE('',#3725,#656);
#524=LINE('',#3729,#657);
#525=LINE('',#3733,#658);
#526=LINE('',#3736,#659);
#527=LINE('',#3742,#660);
#528=LINE('',#3746,#661);
#529=LINE('',#3749,#662);
#530=LINE('',#3755,#663);
#531=LINE('',#3759,#664);
#532=LINE('',#3762,#665);
#533=LINE('',#3768,#666);
#534=LINE('',#3772,#667);
#535=LINE('',#3775,#668);
#536=LINE('',#3777,#669);
#537=VECTOR('',#2417,1000.);
#538=VECTOR('',#2488,1000.);
#539=VECTOR('',#2521,26.);
#540=VECTOR('',#2532,23.74999999934);
#541=VECTOR('',#2537,23.5);
#542=VECTOR('',#2544,24.24);
#543=VECTOR('',#2555,1000.);
#544=VECTOR('',#2558,1000.);
#545=VECTOR('',#2559,1000.);
#546=VECTOR('',#2562,1000.);
#547=VECTOR('',#2563,1000.);
#548=VECTOR('',#2566,1000.);
#549=VECTOR('',#2575,1000.);
#550=VECTOR('',#2578,1000.);
#551=VECTOR('',#2583,1000.);
#552=VECTOR('',#2586,1000.);
#553=VECTOR('',#2587,1000.);
#554=VECTOR('',#2588,1000.);
#555=VECTOR('',#2589,1000.);
#556=VECTOR('',#2592,1000.);
#557=VECTOR('',#2595,1000.);
#558=VECTOR('',#2600,1000.);
#559=VECTOR('',#2601,1000.);
#560=VECTOR('',#2602,1000.);
#561=VECTOR('',#2605,1000.);
#562=VECTOR('',#2606,1000.);
#563=VECTOR('',#2607,1000.);
#564=VECTOR('',#2610,10.);
#565=VECTOR('',#2615,1000.);
#566=VECTOR('',#2616,10.);
#567=VECTOR('',#2623,1000.);
#568=VECTOR('',#2626,1000.);
#569=VECTOR('',#2627,1000.);
#570=VECTOR('',#2628,1000.);
#571=VECTOR('',#2633,1000.);
#572=VECTOR('',#2638,1000.);
#573=VECTOR('',#2643,1000.);
#574=VECTOR('',#2650,1000.);
#575=VECTOR('',#2653,1000.);
#576=VECTOR('',#2654,1000.);
#577=VECTOR('',#2655,1000.);
#578=VECTOR('',#2662,1000.);
#579=VECTOR('',#2733,1000.);
#580=VECTOR('',#2762,1.499999991023);
#581=VECTOR('',#2769,1.25);
#582=VECTOR('',#2772,0.687851189029198);
#583=VECTOR('',#2777,1.499999991259);
#584=VECTOR('',#2784,1.25);
#585=VECTOR('',#2787,0.687851189029199);
#586=VECTOR('',#2792,1.499999991023);
#587=VECTOR('',#2797,1.25);
#588=VECTOR('',#2800,0.687851189029198);
#589=VECTOR('',#2807,1.499999991259);
#590=VECTOR('',#2812,1.25);
#591=VECTOR('',#2815,0.687851189029199);
#592=VECTOR('',#2822,1.499999991023);
#593=VECTOR('',#2827,1.25);
#594=VECTOR('',#2830,0.687851189029198);
#595=VECTOR('',#2837,1.499999991259);
#596=VECTOR('',#2842,1.25);
#597=VECTOR('',#2845,0.687851189029199);
#598=VECTOR('',#2852,1.499999991023);
#599=VECTOR('',#2857,1.25);
#600=VECTOR('',#2860,0.687851189029198);
#601=VECTOR('',#2865,1.499999991259);
#602=VECTOR('',#2872,1.25);
#603=VECTOR('',#2875,0.687851189029199);
#604=VECTOR('',#2878,1000.);
#605=VECTOR('',#2879,1000.);
#606=VECTOR('',#2882,1000.);
#607=VECTOR('',#2885,1000.);
#608=VECTOR('',#2888,1000.);
#609=VECTOR('',#2889,1000.);
#610=VECTOR('',#2892,1000.);
#611=VECTOR('',#2893,1000.);
#612=VECTOR('',#2896,1000.);
#613=VECTOR('',#2897,1000.);
#614=VECTOR('',#2900,1000.);
#615=VECTOR('',#2901,1000.);
#616=VECTOR('',#2904,1000.);
#617=VECTOR('',#2905,1000.);
#618=VECTOR('',#2908,1000.);
#619=VECTOR('',#2909,1000.);
#620=VECTOR('',#2912,1000.);
#621=VECTOR('',#2913,1000.);
#622=VECTOR('',#2916,1000.);
#623=VECTOR('',#2919,1000.);
#624=VECTOR('',#2920,1000.);
#625=VECTOR('',#2923,1000.);
#626=VECTOR('',#2926,1000.);
#627=VECTOR('',#2931,1000.);
#628=VECTOR('',#2934,1000.);
#629=VECTOR('',#2939,1000.);
#630=VECTOR('',#2942,1000.);
#631=VECTOR('',#2947,1000.);
#632=VECTOR('',#2950,1000.);
#633=VECTOR('',#2955,1000.);
#634=VECTOR('',#2958,1000.);
#635=VECTOR('',#2963,1000.);
#636=VECTOR('',#2966,1000.);
#637=VECTOR('',#2971,1000.);
#638=VECTOR('',#2974,1000.);
#639=VECTOR('',#2979,1000.);
#640=VECTOR('',#2982,1000.);
#641=VECTOR('',#2987,1000.);
#642=VECTOR('',#2990,1000.);
#643=VECTOR('',#2993,1000.);
#644=VECTOR('',#2998,1000.);
#645=VECTOR('',#3007,1.499999991023);
#646=VECTOR('',#3014,1.25);
#647=VECTOR('',#3017,0.687851189029198);
#648=VECTOR('',#3022,1.499999991259);
#649=VECTOR('',#3029,1.25);
#650=VECTOR('',#3032,0.687851189029198);
#651=VECTOR('',#3039,1.499999991023);
#652=VECTOR('',#3044,1.25);
#653=VECTOR('',#3047,0.687851189029198);
#654=VECTOR('',#3052,1.499999991259);
#655=VECTOR('',#3059,1.25);
#656=VECTOR('',#3062,0.687851189029198);
#657=VECTOR('',#3067,1.499999991023);
#658=VECTOR('',#3072,1.25);
#659=VECTOR('',#3075,0.687851189029198);
#660=VECTOR('',#3082,1.499999991259);
#661=VECTOR('',#3087,1.25);
#662=VECTOR('',#3090,0.687851189029198);
#663=VECTOR('',#3097,1.499999991023);
#664=VECTOR('',#3102,1.25);
#665=VECTOR('',#3105,0.687851189029198);
#666=VECTOR('',#3112,1.499999991259);
#667=VECTOR('',#3117,1.25);
#668=VECTOR('',#3120,0.687851189029198);
#669=VECTOR('',#3123,23.5);
#670=CIRCLE('',#2119,43.5);
#671=CIRCLE('',#2120,0.999999999999999);
#672=CIRCLE('',#2121,1.);
#673=CIRCLE('',#2122,41.);
#674=CIRCLE('',#2123,2.);
#675=CIRCLE('',#2124,3.);
#676=CIRCLE('',#2125,2.);
#677=CIRCLE('',#2126,41.);
#678=CIRCLE('',#2127,2.);
#679=CIRCLE('',#2128,3.);
#680=CIRCLE('',#2129,2.);
#681=CIRCLE('',#2130,41.);
#682=CIRCLE('',#2131,2.);
#683=CIRCLE('',#2132,3.);
#684=CIRCLE('',#2133,2.);
#685=CIRCLE('',#2134,41.);
#686=CIRCLE('',#2135,2.);
#687=CIRCLE('',#2136,3.);
#688=CIRCLE('',#2137,2.);
#689=CIRCLE('',#2138,41.);
#690=CIRCLE('',#2139,2.);
#691=CIRCLE('',#2140,3.);
#692=CIRCLE('',#2141,2.);
#693=CIRCLE('',#2142,41.);
#694=CIRCLE('',#2143,2.);
#695=CIRCLE('',#2144,3.);
#696=CIRCLE('',#2145,2.);
#697=CIRCLE('',#2146,41.);
#698=CIRCLE('',#2147,2.);
#699=CIRCLE('',#2148,3.);
#700=CIRCLE('',#2149,2.);
#701=CIRCLE('',#2150,41.);
#702=CIRCLE('',#2151,2.);
#703=CIRCLE('',#2152,3.);
#704=CIRCLE('',#2153,2.);
#705=CIRCLE('',#2154,41.);
#706=CIRCLE('',#2155,1.);
#707=CIRCLE('',#2156,1.);
#708=CIRCLE('',#2157,1.75);
#709=CIRCLE('',#2158,1.75);
#710=CIRCLE('',#2159,1.75);
#711=CIRCLE('',#2160,1.75);
#712=CIRCLE('',#2161,1.75);
#713=CIRCLE('',#2162,1.75);
#714=CIRCLE('',#2163,1.75);
#715=CIRCLE('',#2164,1.75);
#716=CIRCLE('',#2165,26.5);
#717=CIRCLE('',#2167,26.);
#718=CIRCLE('',#2168,26.);
#719=CIRCLE('',#2169,0.5);
#720=CIRCLE('',#2171,26.);
#721=CIRCLE('',#2173,24.);
#722=CIRCLE('',#2175,23.5);
#723=CIRCLE('',#2176,23.5);
#724=CIRCLE('',#2178,23.5);
#725=CIRCLE('',#2180,24.24);
#726=CIRCLE('',#2182,24.24);
#727=CIRCLE('',#2184,23.5);
#728=CIRCLE('',#2186,0.500000000000001);
#729=CIRCLE('',#2187,0.5);
#730=CIRCLE('',#2188,38.5);
#731=CIRCLE('',#2189,0.5);
#732=CIRCLE('',#2190,0.5);
#733=CIRCLE('',#2191,42.5);
#734=CIRCLE('',#2192,23.5);
#735=CIRCLE('',#2194,42.5);
#736=CIRCLE('',#2196,0.5);
#737=CIRCLE('',#2199,0.298945776098532);
#738=CIRCLE('',#2200,0.3);
#739=CIRCLE('',#2205,38.5);
#740=CIRCLE('',#2206,38.7);
#741=CIRCLE('',#2208,0.29894577609864);
#742=CIRCLE('',#2211,0.300000000000002);
#743=CIRCLE('',#2213,38.7);
#744=CIRCLE('',#2214,0.5);
#745=CIRCLE('',#2216,0.5);
#746=CIRCLE('',#2217,38.7);
#747=CIRCLE('',#2221,0.500000000000001);
#748=CIRCLE('',#2223,1.);
#749=CIRCLE('',#2224,41.);
#750=CIRCLE('',#2225,2.);
#751=CIRCLE('',#2226,3.);
#752=CIRCLE('',#2227,2.);
#753=CIRCLE('',#2228,41.);
#754=CIRCLE('',#2229,2.);
#755=CIRCLE('',#2230,3.);
#756=CIRCLE('',#2231,2.);
#757=CIRCLE('',#2232,41.);
#758=CIRCLE('',#2233,2.);
#759=CIRCLE('',#2234,3.);
#760=CIRCLE('',#2235,2.);
#761=CIRCLE('',#2236,41.);
#762=CIRCLE('',#2237,2.);
#763=CIRCLE('',#2238,3.);
#764=CIRCLE('',#2239,2.);
#765=CIRCLE('',#2240,41.);
#766=CIRCLE('',#2241,2.);
#767=CIRCLE('',#2242,3.);
#768=CIRCLE('',#2243,2.);
#769=CIRCLE('',#2244,41.);
#770=CIRCLE('',#2245,2.);
#771=CIRCLE('',#2246,3.);
#772=CIRCLE('',#2247,2.);
#773=CIRCLE('',#2248,41.);
#774=CIRCLE('',#2249,2.);
#775=CIRCLE('',#2250,3.);
#776=CIRCLE('',#2251,2.);
#777=CIRCLE('',#2252,41.);
#778=CIRCLE('',#2253,2.);
#779=CIRCLE('',#2254,3.);
#780=CIRCLE('',#2255,2.);
#781=CIRCLE('',#2256,41.);
#782=CIRCLE('',#2257,1.);
#783=CIRCLE('',#2258,1.);
#784=CIRCLE('',#2259,43.5);
#785=CIRCLE('',#2260,0.999999999999999);
#786=CIRCLE('',#2261,1.75);
#787=CIRCLE('',#2262,1.75);
#788=CIRCLE('',#2263,1.75);
#789=CIRCLE('',#2264,1.75);
#790=CIRCLE('',#2265,1.75);
#791=CIRCLE('',#2266,1.75);
#792=CIRCLE('',#2267,1.75);
#793=CIRCLE('',#2268,38.7);
#794=CIRCLE('',#2269,1.75);
#795=CIRCLE('',#2271,1.25);
#796=CIRCLE('',#2272,1.25);
#797=CIRCLE('',#2274,1.25);
#798=CIRCLE('',#2277,1.25);
#799=CIRCLE('',#2278,1.25);
#800=CIRCLE('',#2280,1.25);
#801=CIRCLE('',#2283,1.25);
#802=CIRCLE('',#2285,1.25);
#803=CIRCLE('',#2288,1.25);
#804=CIRCLE('',#2289,1.25);
#805=CIRCLE('',#2291,1.25);
#806=CIRCLE('',#2294,1.25);
#807=CIRCLE('',#2295,1.25);
#808=CIRCLE('',#2297,1.25);
#809=CIRCLE('',#2300,1.25);
#810=CIRCLE('',#2301,1.25);
#811=CIRCLE('',#2303,1.25);
#812=CIRCLE('',#2306,1.25);
#813=CIRCLE('',#2307,1.25);
#814=CIRCLE('',#2309,1.25);
#815=CIRCLE('',#2312,1.25);
#816=CIRCLE('',#2313,1.25);
#817=CIRCLE('',#2315,1.25);
#818=CIRCLE('',#2361,1.25);
#819=CIRCLE('',#2362,1.25);
#820=CIRCLE('',#2364,1.25);
#821=CIRCLE('',#2367,1.25);
#822=CIRCLE('',#2368,1.25);
#823=CIRCLE('',#2370,1.25);
#824=CIRCLE('',#2373,1.25);
#825=CIRCLE('',#2374,1.25);
#826=CIRCLE('',#2376,1.25);
#827=CIRCLE('',#2379,1.25);
#828=CIRCLE('',#2380,1.25);
#829=CIRCLE('',#2382,1.25);
#830=CIRCLE('',#2385,1.25);
#831=CIRCLE('',#2387,1.25);
#832=CIRCLE('',#2390,1.25);
#833=CIRCLE('',#2391,1.25);
#834=CIRCLE('',#2393,1.25);
#835=CIRCLE('',#2396,1.25);
#836=CIRCLE('',#2397,1.25);
#837=CIRCLE('',#2399,1.25);
#838=CIRCLE('',#2402,1.25);
#839=CIRCLE('',#2403,1.25);
#840=CIRCLE('',#2405,1.25);
#841=VERTEX_POINT('',#3128);
#842=VERTEX_POINT('',#3129);
#843=VERTEX_POINT('',#3131);
#844=VERTEX_POINT('',#3133);
#845=VERTEX_POINT('',#3135);
#846=VERTEX_POINT('',#3137);
#847=VERTEX_POINT('',#3139);
#848=VERTEX_POINT('',#3141);
#849=VERTEX_POINT('',#3143);
#850=VERTEX_POINT('',#3145);
#851=VERTEX_POINT('',#3147);
#852=VERTEX_POINT('',#3149);
#853=VERTEX_POINT('',#3151);
#854=VERTEX_POINT('',#3153);
#855=VERTEX_POINT('',#3155);
#856=VERTEX_POINT('',#3157);
#857=VERTEX_POINT('',#3159);
#858=VERTEX_POINT('',#3161);
#859=VERTEX_POINT('',#3163);
#860=VERTEX_POINT('',#3165);
#861=VERTEX_POINT('',#3167);
#862=VERTEX_POINT('',#3169);
#863=VERTEX_POINT('',#3171);
#864=VERTEX_POINT('',#3173);
#865=VERTEX_POINT('',#3175);
#866=VERTEX_POINT('',#3177);
#867=VERTEX_POINT('',#3179);
#868=VERTEX_POINT('',#3181);
#869=VERTEX_POINT('',#3183);
#870=VERTEX_POINT('',#3185);
#871=VERTEX_POINT('',#3187);
#872=VERTEX_POINT('',#3189);
#873=VERTEX_POINT('',#3191);
#874=VERTEX_POINT('',#3193);
#875=VERTEX_POINT('',#3195);
#876=VERTEX_POINT('',#3197);
#877=VERTEX_POINT('',#3199);
#878=VERTEX_POINT('',#3201);
#879=VERTEX_POINT('',#3203);
#880=VERTEX_POINT('',#3205);
#881=VERTEX_POINT('',#3208);
#882=VERTEX_POINT('',#3210);
#883=VERTEX_POINT('',#3212);
#884=VERTEX_POINT('',#3214);
#885=VERTEX_POINT('',#3216);
#886=VERTEX_POINT('',#3218);
#887=VERTEX_POINT('',#3220);
#888=VERTEX_POINT('',#3222);
#889=VERTEX_POINT('',#3224);
#890=VERTEX_POINT('',#3227);
#891=VERTEX_POINT('',#3228);
#892=VERTEX_POINT('',#3233);
#893=VERTEX_POINT('',#3237);
#894=VERTEX_POINT('',#3240);
#895=VERTEX_POINT('',#3241);
#896=VERTEX_POINT('',#3246);
#897=VERTEX_POINT('',#3250);
#898=VERTEX_POINT('',#3253);
#899=VERTEX_POINT('',#3257);
#900=VERTEX_POINT('',#3260);
#901=VERTEX_POINT('',#3261);
#902=VERTEX_POINT('',#3263);
#903=VERTEX_POINT('',#3265);
#904=VERTEX_POINT('',#3267);
#905=VERTEX_POINT('',#3269);
#906=VERTEX_POINT('',#3271);
#907=VERTEX_POINT('',#3273);
#908=VERTEX_POINT('',#3275);
#909=VERTEX_POINT('',#3277);
#910=VERTEX_POINT('',#3279);
#911=VERTEX_POINT('',#3281);
#912=VERTEX_POINT('',#3284);
#913=VERTEX_POINT('',#3287);
#914=VERTEX_POINT('',#3289);
#915=VERTEX_POINT('',#3293);
#916=VERTEX_POINT('',#3297);
#917=VERTEX_POINT('',#3298);
#918=VERTEX_POINT('',#3301);
#919=VERTEX_POINT('',#3305);
#920=VERTEX_POINT('',#3306);
#921=VERTEX_POINT('',#3308);
#922=VERTEX_POINT('',#3310);
#923=VERTEX_POINT('',#3321);
#924=VERTEX_POINT('',#3325);
#925=VERTEX_POINT('',#3330);
#926=VERTEX_POINT('',#3332);
#927=VERTEX_POINT('',#3338);
#928=VERTEX_POINT('',#3340);
#929=VERTEX_POINT('',#3342);
#930=VERTEX_POINT('',#3346);
#931=VERTEX_POINT('',#3351);
#932=VERTEX_POINT('',#3355);
#933=VERTEX_POINT('',#3357);
#934=VERTEX_POINT('',#3370);
#935=VERTEX_POINT('',#3372);
#936=VERTEX_POINT('',#3376);
#937=VERTEX_POINT('',#3383);
#938=VERTEX_POINT('',#3384);
#939=VERTEX_POINT('',#3391);
#940=VERTEX_POINT('',#3392);
#941=VERTEX_POINT('',#3394);
#942=VERTEX_POINT('',#3396);
#943=VERTEX_POINT('',#3398);
#944=VERTEX_POINT('',#3400);
#945=VERTEX_POINT('',#3402);
#946=VERTEX_POINT('',#3404);
#947=VERTEX_POINT('',#3406);
#948=VERTEX_POINT('',#3408);
#949=VERTEX_POINT('',#3410);
#950=VERTEX_POINT('',#3412);
#951=VERTEX_POINT('',#3414);
#952=VERTEX_POINT('',#3416);
#953=VERTEX_POINT('',#3418);
#954=VERTEX_POINT('',#3420);
#955=VERTEX_POINT('',#3422);
#956=VERTEX_POINT('',#3424);
#957=VERTEX_POINT('',#3426);
#958=VERTEX_POINT('',#3428);
#959=VERTEX_POINT('',#3430);
#960=VERTEX_POINT('',#3432);
#961=VERTEX_POINT('',#3434);
#962=VERTEX_POINT('',#3436);
#963=VERTEX_POINT('',#3438);
#964=VERTEX_POINT('',#3440);
#965=VERTEX_POINT('',#3442);
#966=VERTEX_POINT('',#3444);
#967=VERTEX_POINT('',#3446);
#968=VERTEX_POINT('',#3448);
#969=VERTEX_POINT('',#3450);
#970=VERTEX_POINT('',#3452);
#971=VERTEX_POINT('',#3454);
#972=VERTEX_POINT('',#3456);
#973=VERTEX_POINT('',#3458);
#974=VERTEX_POINT('',#3460);
#975=VERTEX_POINT('',#3462);
#976=VERTEX_POINT('',#3464);
#977=VERTEX_POINT('',#3466);
#978=VERTEX_POINT('',#3468);
#979=VERTEX_POINT('',#3471);
#980=VERTEX_POINT('',#3473);
#981=VERTEX_POINT('',#3475);
#982=VERTEX_POINT('',#3477);
#983=VERTEX_POINT('',#3479);
#984=VERTEX_POINT('',#3481);
#985=VERTEX_POINT('',#3483);
#986=VERTEX_POINT('',#3486);
#987=VERTEX_POINT('',#3489);
#988=VERTEX_POINT('',#3490);
#989=VERTEX_POINT('',#3495);
#990=VERTEX_POINT('',#3499);
#991=VERTEX_POINT('',#3502);
#992=VERTEX_POINT('',#3503);
#993=VERTEX_POINT('',#3508);
#994=VERTEX_POINT('',#3512);
#995=VERTEX_POINT('',#3515);
#996=VERTEX_POINT('',#3519);
#997=VERTEX_POINT('',#3523);
#998=VERTEX_POINT('',#3526);
#999=VERTEX_POINT('',#3527);
#1000=VERTEX_POINT('',#3532);
#1001=VERTEX_POINT('',#3536);
#1002=VERTEX_POINT('',#3539);
#1003=VERTEX_POINT('',#3540);
#1004=VERTEX_POINT('',#3545);
#1005=VERTEX_POINT('',#3549);
#1006=VERTEX_POINT('',#3552);
#1007=VERTEX_POINT('',#3553);
#1008=VERTEX_POINT('',#3558);
#1009=VERTEX_POINT('',#3562);
#1010=VERTEX_POINT('',#3565);
#1011=VERTEX_POINT('',#3566);
#1012=VERTEX_POINT('',#3571);
#1013=VERTEX_POINT('',#3575);
#1014=VERTEX_POINT('',#3578);
#1015=VERTEX_POINT('',#3579);
#1016=VERTEX_POINT('',#3584);
#1017=VERTEX_POINT('',#3588);
#1018=VERTEX_POINT('',#3675);
#1019=VERTEX_POINT('',#3676);
#1020=VERTEX_POINT('',#3681);
#1021=VERTEX_POINT('',#3685);
#1022=VERTEX_POINT('',#3688);
#1023=VERTEX_POINT('',#3689);
#1024=VERTEX_POINT('',#3694);
#1025=VERTEX_POINT('',#3698);
#1026=VERTEX_POINT('',#3701);
#1027=VERTEX_POINT('',#3702);
#1028=VERTEX_POINT('',#3707);
#1029=VERTEX_POINT('',#3711);
#1030=VERTEX_POINT('',#3714);
#1031=VERTEX_POINT('',#3715);
#1032=VERTEX_POINT('',#3720);
#1033=VERTEX_POINT('',#3724);
#1034=VERTEX_POINT('',#3727);
#1035=VERTEX_POINT('',#3731);
#1036=VERTEX_POINT('',#3735);
#1037=VERTEX_POINT('',#3738);
#1038=VERTEX_POINT('',#3739);
#1039=VERTEX_POINT('',#3744);
#1040=VERTEX_POINT('',#3748);
#1041=VERTEX_POINT('',#3751);
#1042=VERTEX_POINT('',#3752);
#1043=VERTEX_POINT('',#3757);
#1044=VERTEX_POINT('',#3761);
#1045=VERTEX_POINT('',#3764);
#1046=VERTEX_POINT('',#3765);
#1047=VERTEX_POINT('',#3770);
#1048=VERTEX_POINT('',#3774);
#1049=EDGE_CURVE('',#841,#842,#670,.T.);
#1050=EDGE_CURVE('',#842,#843,#671,.T.);
#1051=EDGE_CURVE('',#843,#844,#404,.T.);
#1052=EDGE_CURVE('',#844,#845,#672,.T.);
#1053=EDGE_CURVE('',#845,#846,#673,.T.);
#1054=EDGE_CURVE('',#846,#847,#674,.T.);
#1055=EDGE_CURVE('',#847,#848,#675,.T.);
#1056=EDGE_CURVE('',#848,#849,#676,.T.);
#1057=EDGE_CURVE('',#849,#850,#677,.T.);
#1058=EDGE_CURVE('',#850,#851,#678,.T.);
#1059=EDGE_CURVE('',#851,#852,#679,.T.);
#1060=EDGE_CURVE('',#852,#853,#680,.T.);
#1061=EDGE_CURVE('',#853,#854,#681,.T.);
#1062=EDGE_CURVE('',#854,#855,#682,.T.);
#1063=EDGE_CURVE('',#855,#856,#683,.T.);
#1064=EDGE_CURVE('',#856,#857,#684,.T.);
#1065=EDGE_CURVE('',#857,#858,#685,.T.);
#1066=EDGE_CURVE('',#858,#859,#686,.T.);
#1067=EDGE_CURVE('',#859,#860,#687,.T.);
#1068=EDGE_CURVE('',#860,#861,#688,.T.);
#1069=EDGE_CURVE('',#861,#862,#689,.T.);
#1070=EDGE_CURVE('',#862,#863,#690,.T.);
#1071=EDGE_CURVE('',#863,#864,#691,.T.);
#1072=EDGE_CURVE('',#864,#865,#692,.T.);
#1073=EDGE_CURVE('',#865,#866,#693,.T.);
#1074=EDGE_CURVE('',#866,#867,#694,.T.);
#1075=EDGE_CURVE('',#867,#868,#695,.T.);
#1076=EDGE_CURVE('',#868,#869,#696,.T.);
#1077=EDGE_CURVE('',#869,#870,#697,.T.);
#1078=EDGE_CURVE('',#870,#871,#698,.T.);
#1079=EDGE_CURVE('',#871,#872,#699,.T.);
#1080=EDGE_CURVE('',#872,#873,#700,.T.);
#1081=EDGE_CURVE('',#873,#874,#701,.T.);
#1082=EDGE_CURVE('',#874,#875,#702,.T.);
#1083=EDGE_CURVE('',#875,#876,#703,.T.);
#1084=EDGE_CURVE('',#876,#877,#704,.T.);
#1085=EDGE_CURVE('',#877,#878,#705,.T.);
#1086=EDGE_CURVE('',#878,#879,#706,.T.);
#1087=EDGE_CURVE('',#879,#880,#405,.T.);
#1088=EDGE_CURVE('',#880,#841,#707,.T.);
#1089=EDGE_CURVE('',#881,#881,#708,.T.);
#1090=EDGE_CURVE('',#882,#882,#709,.T.);
#1091=EDGE_CURVE('',#883,#883,#710,.T.);
#1092=EDGE_CURVE('',#884,#884,#711,.T.);
#1093=EDGE_CURVE('',#885,#885,#712,.T.);
#1094=EDGE_CURVE('',#886,#886,#713,.T.);
#1095=EDGE_CURVE('',#887,#887,#714,.T.);
#1096=EDGE_CURVE('',#888,#888,#715,.T.);
#1097=EDGE_CURVE('',#889,#889,#716,.T.);
#1098=EDGE_CURVE('',#890,#891,#717,.T.);
#1099=EDGE_CURVE('',#891,#890,#718,.T.);
#1100=EDGE_CURVE('',#891,#889,#719,.T.);
#1101=EDGE_CURVE('',#892,#892,#720,.T.);
#1102=EDGE_CURVE('',#892,#890,#406,.T.);
#1103=EDGE_CURVE('',#893,#893,#721,.T.);
#1104=EDGE_CURVE('',#894,#895,#722,.T.);
#1105=EDGE_CURVE('',#895,#894,#723,.T.);
#1106=EDGE_CURVE('',#894,#893,#407,.T.);
#1107=EDGE_CURVE('',#896,#896,#724,.T.);
#1108=EDGE_CURVE('',#896,#895,#408,.T.);
#1109=EDGE_CURVE('',#897,#897,#725,.T.);
#1110=EDGE_CURVE('',#897,#898,#409,.T.);
#1111=EDGE_CURVE('',#898,#898,#726,.T.);
#1112=EDGE_CURVE('',#899,#899,#727,.T.);
#1113=EDGE_CURVE('',#900,#901,#728,.T.);
#1114=EDGE_CURVE('',#901,#902,#410,.T.);
#1115=EDGE_CURVE('',#902,#903,#729,.T.);
#1116=EDGE_CURVE('',#903,#904,#411,.T.);
#1117=EDGE_CURVE('',#904,#905,#412,.T.);
#1118=EDGE_CURVE('',#905,#906,#730,.T.);
#1119=EDGE_CURVE('',#906,#907,#413,.T.);
#1120=EDGE_CURVE('',#907,#908,#414,.T.);
#1121=EDGE_CURVE('',#908,#909,#731,.T.);
#1122=EDGE_CURVE('',#909,#910,#415,.T.);
#1123=EDGE_CURVE('',#910,#911,#732,.T.);
#1124=EDGE_CURVE('',#911,#900,#733,.T.);
#1125=EDGE_CURVE('',#912,#912,#734,.T.);
#1126=EDGE_CURVE('',#913,#911,#416,.T.);
#1127=EDGE_CURVE('',#913,#914,#735,.T.);
#1128=EDGE_CURVE('',#914,#900,#417,.T.);
#1129=EDGE_CURVE('',#915,#914,#736,.T.);
#1130=EDGE_CURVE('',#915,#901,#418,.T.);
#1131=EDGE_CURVE('',#916,#917,#419,.T.);
#1132=EDGE_CURVE('',#917,#902,#420,.T.);
#1133=EDGE_CURVE('',#918,#915,#421,.T.);
#1134=EDGE_CURVE('',#916,#918,#422,.T.);
#1135=EDGE_CURVE('',#919,#920,#423,.T.);
#1136=EDGE_CURVE('',#921,#919,#737,.T.);
#1137=EDGE_CURVE('',#922,#921,#15,.T.);
#1138=EDGE_CURVE('',#922,#923,#424,.T.);
#1139=EDGE_CURVE('',#920,#923,#738,.T.);
#1140=EDGE_CURVE('',#923,#924,#425,.T.);
#1141=EDGE_CURVE('',#924,#908,#426,.T.);
#1142=EDGE_CURVE('',#920,#907,#427,.T.);
#1143=EDGE_CURVE('',#906,#925,#428,.T.);
#1144=EDGE_CURVE('',#925,#926,#429,.T.);
#1145=EDGE_CURVE('',#919,#926,#430,.T.);
#1146=EDGE_CURVE('',#921,#926,#431,.T.);
#1147=EDGE_CURVE('',#925,#927,#739,.T.);
#1148=EDGE_CURVE('',#927,#928,#432,.T.);
#1149=EDGE_CURVE('',#928,#929,#433,.T.);
#1150=EDGE_CURVE('',#929,#921,#740,.T.);
#1151=EDGE_CURVE('',#930,#929,#741,.T.);
#1152=EDGE_CURVE('',#930,#928,#434,.T.);
#1153=EDGE_CURVE('',#905,#927,#435,.T.);
#1154=EDGE_CURVE('',#931,#904,#436,.T.);
#1155=EDGE_CURVE('',#931,#930,#437,.T.);
#1156=EDGE_CURVE('',#932,#931,#742,.T.);
#1157=EDGE_CURVE('',#932,#933,#438,.T.);
#1158=EDGE_CURVE('',#929,#933,#16,.T.);
#1159=EDGE_CURVE('',#934,#922,#743,.T.);
#1160=EDGE_CURVE('',#935,#934,#439,.T.);
#1161=EDGE_CURVE('',#935,#924,#744,.T.);
#1162=EDGE_CURVE('',#936,#932,#440,.T.);
#1163=EDGE_CURVE('',#936,#917,#745,.T.);
#1164=EDGE_CURVE('',#933,#916,#746,.T.);
#1165=EDGE_CURVE('',#935,#909,#441,.T.);
#1166=EDGE_CURVE('',#937,#938,#442,.T.);
#1167=EDGE_CURVE('',#937,#910,#443,.T.);
#1168=EDGE_CURVE('',#934,#938,#444,.T.);
#1169=EDGE_CURVE('',#913,#937,#747,.T.);
#1170=EDGE_CURVE('',#939,#940,#445,.T.);
#1171=EDGE_CURVE('',#939,#941,#748,.T.);
#1172=EDGE_CURVE('',#941,#942,#749,.T.);
#1173=EDGE_CURVE('',#942,#943,#750,.T.);
#1174=EDGE_CURVE('',#944,#943,#751,.T.);
#1175=EDGE_CURVE('',#944,#945,#752,.T.);
#1176=EDGE_CURVE('',#945,#946,#753,.T.);
#1177=EDGE_CURVE('',#946,#947,#754,.T.);
#1178=EDGE_CURVE('',#948,#947,#755,.T.);
#1179=EDGE_CURVE('',#948,#949,#756,.T.);
#1180=EDGE_CURVE('',#949,#950,#757,.T.);
#1181=EDGE_CURVE('',#950,#951,#758,.T.);
#1182=EDGE_CURVE('',#952,#951,#759,.T.);
#1183=EDGE_CURVE('',#952,#953,#760,.T.);
#1184=EDGE_CURVE('',#953,#954,#761,.T.);
#1185=EDGE_CURVE('',#954,#955,#762,.T.);
#1186=EDGE_CURVE('',#956,#955,#763,.T.);
#1187=EDGE_CURVE('',#956,#957,#764,.T.);
#1188=EDGE_CURVE('',#957,#958,#765,.T.);
#1189=EDGE_CURVE('',#958,#959,#766,.T.);
#1190=EDGE_CURVE('',#960,#959,#767,.T.);
#1191=EDGE_CURVE('',#960,#961,#768,.T.);
#1192=EDGE_CURVE('',#961,#962,#769,.T.);
#1193=EDGE_CURVE('',#962,#963,#770,.T.);
#1194=EDGE_CURVE('',#964,#963,#771,.T.);
#1195=EDGE_CURVE('',#964,#965,#772,.T.);
#1196=EDGE_CURVE('',#965,#966,#773,.T.);
#1197=EDGE_CURVE('',#966,#967,#774,.T.);
#1198=EDGE_CURVE('',#968,#967,#775,.T.);
#1199=EDGE_CURVE('',#968,#969,#776,.T.);
#1200=EDGE_CURVE('',#969,#970,#777,.T.);
#1201=EDGE_CURVE('',#970,#971,#778,.T.);
#1202=EDGE_CURVE('',#972,#971,#779,.T.);
#1203=EDGE_CURVE('',#972,#973,#780,.T.);
#1204=EDGE_CURVE('',#973,#974,#781,.T.);
#1205=EDGE_CURVE('',#974,#975,#782,.T.);
#1206=EDGE_CURVE('',#976,#975,#446,.T.);
#1207=EDGE_CURVE('',#976,#977,#783,.T.);
#1208=EDGE_CURVE('',#978,#977,#784,.T.);
#1209=EDGE_CURVE('',#978,#940,#785,.T.);
#1210=EDGE_CURVE('',#979,#979,#786,.T.);
#1211=EDGE_CURVE('',#980,#980,#787,.T.);
#1212=EDGE_CURVE('',#981,#981,#788,.T.);
#1213=EDGE_CURVE('',#982,#982,#789,.T.);
#1214=EDGE_CURVE('',#983,#983,#790,.T.);
#1215=EDGE_CURVE('',#984,#984,#791,.T.);
#1216=EDGE_CURVE('',#985,#985,#792,.T.);
#1217=EDGE_CURVE('',#938,#918,#793,.T.);
#1218=EDGE_CURVE('',#986,#986,#794,.T.);
#1219=EDGE_CURVE('',#987,#988,#795,.T.);
#1220=EDGE_CURVE('',#988,#986,#447,.T.);
#1221=EDGE_CURVE('',#988,#987,#796,.T.);
#1222=EDGE_CURVE('',#989,#989,#797,.T.);
#1223=EDGE_CURVE('',#989,#987,#448,.T.);
#1224=EDGE_CURVE('',#990,#989,#449,.T.);
#1225=EDGE_CURVE('',#991,#992,#798,.T.);
#1226=EDGE_CURVE('',#992,#979,#450,.T.);
#1227=EDGE_CURVE('',#992,#991,#799,.T.);
#1228=EDGE_CURVE('',#993,#993,#800,.T.);
#1229=EDGE_CURVE('',#993,#991,#451,.T.);
#1230=EDGE_CURVE('',#994,#993,#452,.T.);
#1231=EDGE_CURVE('',#995,#995,#801,.T.);
#1232=EDGE_CURVE('',#995,#980,#453,.T.);
#1233=EDGE_CURVE('',#996,#996,#802,.T.);
#1234=EDGE_CURVE('',#996,#995,#454,.T.);
#1235=EDGE_CURVE('',#997,#996,#455,.T.);
#1236=EDGE_CURVE('',#998,#999,#803,.T.);
#1237=EDGE_CURVE('',#999,#998,#804,.T.);
#1238=EDGE_CURVE('',#998,#981,#456,.T.);
#1239=EDGE_CURVE('',#1000,#1000,#805,.T.);
#1240=EDGE_CURVE('',#1000,#999,#457,.T.);
#1241=EDGE_CURVE('',#1001,#1000,#458,.T.);
#1242=EDGE_CURVE('',#1002,#1003,#806,.T.);
#1243=EDGE_CURVE('',#1003,#1002,#807,.T.);
#1244=EDGE_CURVE('',#1002,#982,#459,.T.);
#1245=EDGE_CURVE('',#1004,#1004,#808,.T.);
#1246=EDGE_CURVE('',#1004,#1003,#460,.T.);
#1247=EDGE_CURVE('',#1005,#1004,#461,.T.);
#1248=EDGE_CURVE('',#1006,#1007,#809,.T.);
#1249=EDGE_CURVE('',#1007,#1006,#810,.T.);
#1250=EDGE_CURVE('',#1006,#983,#462,.T.);
#1251=EDGE_CURVE('',#1008,#1008,#811,.T.);
#1252=EDGE_CURVE('',#1008,#1007,#463,.T.);
#1253=EDGE_CURVE('',#1009,#1008,#464,.T.);
#1254=EDGE_CURVE('',#1010,#1011,#812,.T.);
#1255=EDGE_CURVE('',#1011,#1010,#813,.T.);
#1256=EDGE_CURVE('',#1010,#984,#465,.T.);
#1257=EDGE_CURVE('',#1012,#1012,#814,.T.);
#1258=EDGE_CURVE('',#1012,#1011,#466,.T.);
#1259=EDGE_CURVE('',#1013,#1012,#467,.T.);
#1260=EDGE_CURVE('',#1014,#1015,#815,.T.);
#1261=EDGE_CURVE('',#1015,#985,#468,.T.);
#1262=EDGE_CURVE('',#1015,#1014,#816,.T.);
#1263=EDGE_CURVE('',#1016,#1016,#817,.T.);
#1264=EDGE_CURVE('',#1016,#1014,#469,.T.);
#1265=EDGE_CURVE('',#1017,#1016,#470,.T.);
#1266=EDGE_CURVE('',#841,#978,#471,.T.);
#1267=EDGE_CURVE('',#880,#940,#472,.T.);
#1268=EDGE_CURVE('',#879,#939,#473,.T.);
#1269=EDGE_CURVE('',#878,#941,#474,.T.);
#1270=EDGE_CURVE('',#862,#957,#475,.T.);
#1271=EDGE_CURVE('',#958,#861,#476,.T.);
#1272=EDGE_CURVE('',#858,#961,#477,.T.);
#1273=EDGE_CURVE('',#962,#857,#478,.T.);
#1274=EDGE_CURVE('',#854,#965,#479,.T.);
#1275=EDGE_CURVE('',#966,#853,#480,.T.);
#1276=EDGE_CURVE('',#850,#969,#481,.T.);
#1277=EDGE_CURVE('',#970,#849,#482,.T.);
#1278=EDGE_CURVE('',#874,#945,#483,.T.);
#1279=EDGE_CURVE('',#946,#873,#484,.T.);
#1280=EDGE_CURVE('',#950,#869,#485,.T.);
#1281=EDGE_CURVE('',#870,#949,#486,.T.);
#1282=EDGE_CURVE('',#866,#953,#487,.T.);
#1283=EDGE_CURVE('',#954,#865,#488,.T.);
#1284=EDGE_CURVE('',#942,#877,#489,.T.);
#1285=EDGE_CURVE('',#846,#973,#490,.T.);
#1286=EDGE_CURVE('',#974,#845,#491,.T.);
#1287=EDGE_CURVE('',#959,#860,#492,.T.);
#1288=EDGE_CURVE('',#859,#960,#493,.T.);
#1289=EDGE_CURVE('',#863,#956,#494,.T.);
#1290=EDGE_CURVE('',#955,#864,#495,.T.);
#1291=EDGE_CURVE('',#963,#856,#496,.T.);
#1292=EDGE_CURVE('',#855,#964,#497,.T.);
#1293=EDGE_CURVE('',#967,#852,#498,.T.);
#1294=EDGE_CURVE('',#851,#968,#499,.T.);
#1295=EDGE_CURVE('',#971,#848,#500,.T.);
#1296=EDGE_CURVE('',#847,#972,#501,.T.);
#1297=EDGE_CURVE('',#947,#872,#502,.T.);
#1298=EDGE_CURVE('',#871,#948,#503,.T.);
#1299=EDGE_CURVE('',#875,#944,#504,.T.);
#1300=EDGE_CURVE('',#943,#876,#505,.T.);
#1301=EDGE_CURVE('',#951,#868,#506,.T.);
#1302=EDGE_CURVE('',#867,#952,#507,.T.);
#1303=EDGE_CURVE('',#975,#844,#508,.T.);
#1304=EDGE_CURVE('',#843,#976,#509,.T.);
#1305=EDGE_CURVE('',#842,#977,#510,.T.);
#1306=EDGE_CURVE('',#936,#903,#511,.T.);
#1307=EDGE_CURVE('',#1018,#1019,#818,.T.);
#1308=EDGE_CURVE('',#1019,#881,#512,.T.);
#1309=EDGE_CURVE('',#1019,#1018,#819,.T.);
#1310=EDGE_CURVE('',#1020,#1020,#820,.T.);
#1311=EDGE_CURVE('',#1020,#1018,#513,.T.);
#1312=EDGE_CURVE('',#1021,#1020,#514,.T.);
#1313=EDGE_CURVE('',#1022,#1023,#821,.T.);
#1314=EDGE_CURVE('',#1023,#882,#515,.T.);
#1315=EDGE_CURVE('',#1023,#1022,#822,.T.);
#1316=EDGE_CURVE('',#1024,#1024,#823,.T.);
#1317=EDGE_CURVE('',#1024,#1022,#516,.T.);
#1318=EDGE_CURVE('',#1025,#1024,#517,.T.);
#1319=EDGE_CURVE('',#1026,#1027,#824,.T.);
#1320=EDGE_CURVE('',#1027,#1026,#825,.T.);
#1321=EDGE_CURVE('',#1026,#883,#518,.T.);
#1322=EDGE_CURVE('',#1028,#1028,#826,.T.);
#1323=EDGE_CURVE('',#1028,#1027,#519,.T.);
#1324=EDGE_CURVE('',#1029,#1028,#520,.T.);
#1325=EDGE_CURVE('',#1030,#1031,#827,.T.);
#1326=EDGE_CURVE('',#1031,#884,#521,.T.);
#1327=EDGE_CURVE('',#1031,#1030,#828,.T.);
#1328=EDGE_CURVE('',#1032,#1032,#829,.T.);
#1329=EDGE_CURVE('',#1032,#1030,#522,.T.);
#1330=EDGE_CURVE('',#1033,#1032,#523,.T.);
#1331=EDGE_CURVE('',#1034,#1034,#830,.T.);
#1332=EDGE_CURVE('',#1034,#885,#524,.T.);
#1333=EDGE_CURVE('',#1035,#1035,#831,.T.);
#1334=EDGE_CURVE('',#1035,#1034,#525,.T.);
#1335=EDGE_CURVE('',#1036,#1035,#526,.T.);
#1336=EDGE_CURVE('',#1037,#1038,#832,.T.);
#1337=EDGE_CURVE('',#1038,#1037,#833,.T.);
#1338=EDGE_CURVE('',#1037,#886,#527,.T.);
#1339=EDGE_CURVE('',#1039,#1039,#834,.T.);
#1340=EDGE_CURVE('',#1039,#1038,#528,.T.);
#1341=EDGE_CURVE('',#1040,#1039,#529,.T.);
#1342=EDGE_CURVE('',#1041,#1042,#835,.T.);
#1343=EDGE_CURVE('',#1042,#1041,#836,.T.);
#1344=EDGE_CURVE('',#1041,#887,#530,.T.);
#1345=EDGE_CURVE('',#1043,#1043,#837,.T.);
#1346=EDGE_CURVE('',#1043,#1042,#531,.T.);
#1347=EDGE_CURVE('',#1044,#1043,#532,.T.);
#1348=EDGE_CURVE('',#1045,#1046,#838,.T.);
#1349=EDGE_CURVE('',#1046,#1045,#839,.T.);
#1350=EDGE_CURVE('',#1045,#888,#533,.T.);
#1351=EDGE_CURVE('',#1047,#1047,#840,.T.);
#1352=EDGE_CURVE('',#1047,#1046,#534,.T.);
#1353=EDGE_CURVE('',#1048,#1047,#535,.T.);
#1354=EDGE_CURVE('',#912,#899,#536,.T.);
#1355=ORIENTED_EDGE('',*,*,#1049,.T.);
#1356=ORIENTED_EDGE('',*,*,#1050,.T.);
#1357=ORIENTED_EDGE('',*,*,#1051,.T.);
#1358=ORIENTED_EDGE('',*,*,#1052,.T.);
#1359=ORIENTED_EDGE('',*,*,#1053,.T.);
#1360=ORIENTED_EDGE('',*,*,#1054,.T.);
#1361=ORIENTED_EDGE('',*,*,#1055,.T.);
#1362=ORIENTED_EDGE('',*,*,#1056,.T.);
#1363=ORIENTED_EDGE('',*,*,#1057,.T.);
#1364=ORIENTED_EDGE('',*,*,#1058,.T.);
#1365=ORIENTED_EDGE('',*,*,#1059,.T.);
#1366=ORIENTED_EDGE('',*,*,#1060,.T.);
#1367=ORIENTED_EDGE('',*,*,#1061,.T.);
#1368=ORIENTED_EDGE('',*,*,#1062,.T.);
#1369=ORIENTED_EDGE('',*,*,#1063,.T.);
#1370=ORIENTED_EDGE('',*,*,#1064,.T.);
#1371=ORIENTED_EDGE('',*,*,#1065,.T.);
#1372=ORIENTED_EDGE('',*,*,#1066,.T.);
#1373=ORIENTED_EDGE('',*,*,#1067,.T.);
#1374=ORIENTED_EDGE('',*,*,#1068,.T.);
#1375=ORIENTED_EDGE('',*,*,#1069,.T.);
#1376=ORIENTED_EDGE('',*,*,#1070,.T.);
#1377=ORIENTED_EDGE('',*,*,#1071,.T.);
#1378=ORIENTED_EDGE('',*,*,#1072,.T.);
#1379=ORIENTED_EDGE('',*,*,#1073,.T.);
#1380=ORIENTED_EDGE('',*,*,#1074,.T.);
#1381=ORIENTED_EDGE('',*,*,#1075,.T.);
#1382=ORIENTED_EDGE('',*,*,#1076,.T.);
#1383=ORIENTED_EDGE('',*,*,#1077,.T.);
#1384=ORIENTED_EDGE('',*,*,#1078,.T.);
#1385=ORIENTED_EDGE('',*,*,#1079,.T.);
#1386=ORIENTED_EDGE('',*,*,#1080,.T.);
#1387=ORIENTED_EDGE('',*,*,#1081,.T.);
#1388=ORIENTED_EDGE('',*,*,#1082,.T.);
#1389=ORIENTED_EDGE('',*,*,#1083,.T.);
#1390=ORIENTED_EDGE('',*,*,#1084,.T.);
#1391=ORIENTED_EDGE('',*,*,#1085,.T.);
#1392=ORIENTED_EDGE('',*,*,#1086,.T.);
#1393=ORIENTED_EDGE('',*,*,#1087,.T.);
#1394=ORIENTED_EDGE('',*,*,#1088,.T.);
#1395=ORIENTED_EDGE('',*,*,#1089,.T.);
#1396=ORIENTED_EDGE('',*,*,#1090,.T.);
#1397=ORIENTED_EDGE('',*,*,#1091,.T.);
#1398=ORIENTED_EDGE('',*,*,#1092,.T.);
#1399=ORIENTED_EDGE('',*,*,#1093,.T.);
#1400=ORIENTED_EDGE('',*,*,#1094,.T.);
#1401=ORIENTED_EDGE('',*,*,#1095,.T.);
#1402=ORIENTED_EDGE('',*,*,#1096,.T.);
#1403=ORIENTED_EDGE('',*,*,#1097,.F.);
#1404=ORIENTED_EDGE('',*,*,#1098,.F.);
#1405=ORIENTED_EDGE('',*,*,#1099,.F.);
#1406=ORIENTED_EDGE('',*,*,#1100,.T.);
#1407=ORIENTED_EDGE('',*,*,#1097,.T.);
#1408=ORIENTED_EDGE('',*,*,#1100,.F.);
#1409=ORIENTED_EDGE('',*,*,#1101,.F.);
#1410=ORIENTED_EDGE('',*,*,#1102,.T.);
#1411=ORIENTED_EDGE('',*,*,#1098,.T.);
#1412=ORIENTED_EDGE('',*,*,#1099,.T.);
#1413=ORIENTED_EDGE('',*,*,#1102,.F.);
#1414=ORIENTED_EDGE('',*,*,#1101,.T.);
#1415=ORIENTED_EDGE('',*,*,#1103,.T.);
#1416=ORIENTED_EDGE('',*,*,#1104,.T.);
#1417=ORIENTED_EDGE('',*,*,#1105,.T.);
#1418=ORIENTED_EDGE('',*,*,#1106,.T.);
#1419=ORIENTED_EDGE('',*,*,#1103,.F.);
#1420=ORIENTED_EDGE('',*,*,#1106,.F.);
#1421=ORIENTED_EDGE('',*,*,#1107,.F.);
#1422=ORIENTED_EDGE('',*,*,#1108,.T.);
#1423=ORIENTED_EDGE('',*,*,#1104,.F.);
#1424=ORIENTED_EDGE('',*,*,#1105,.F.);
#1425=ORIENTED_EDGE('',*,*,#1108,.F.);
#1426=ORIENTED_EDGE('',*,*,#1109,.T.);
#1427=ORIENTED_EDGE('',*,*,#1107,.T.);
#1428=ORIENTED_EDGE('',*,*,#1109,.F.);
#1429=ORIENTED_EDGE('',*,*,#1110,.T.);
#1430=ORIENTED_EDGE('',*,*,#1111,.F.);
#1431=ORIENTED_EDGE('',*,*,#1110,.F.);
#1432=ORIENTED_EDGE('',*,*,#1111,.T.);
#1433=ORIENTED_EDGE('',*,*,#1112,.F.);
#1434=ORIENTED_EDGE('',*,*,#1113,.T.);
#1435=ORIENTED_EDGE('',*,*,#1114,.T.);
#1436=ORIENTED_EDGE('',*,*,#1115,.T.);
#1437=ORIENTED_EDGE('',*,*,#1116,.T.);
#1438=ORIENTED_EDGE('',*,*,#1117,.T.);
#1439=ORIENTED_EDGE('',*,*,#1118,.T.);
#1440=ORIENTED_EDGE('',*,*,#1119,.T.);
#1441=ORIENTED_EDGE('',*,*,#1120,.T.);
#1442=ORIENTED_EDGE('',*,*,#1121,.T.);
#1443=ORIENTED_EDGE('',*,*,#1122,.T.);
#1444=ORIENTED_EDGE('',*,*,#1123,.T.);
#1445=ORIENTED_EDGE('',*,*,#1124,.T.);
#1446=ORIENTED_EDGE('',*,*,#1125,.T.);
#1447=ORIENTED_EDGE('',*,*,#1126,.F.);
#1448=ORIENTED_EDGE('',*,*,#1127,.T.);
#1449=ORIENTED_EDGE('',*,*,#1128,.T.);
#1450=ORIENTED_EDGE('',*,*,#1124,.F.);
#1451=ORIENTED_EDGE('',*,*,#1128,.F.);
#1452=ORIENTED_EDGE('',*,*,#1129,.F.);
#1453=ORIENTED_EDGE('',*,*,#1130,.T.);
#1454=ORIENTED_EDGE('',*,*,#1113,.F.);
#1455=ORIENTED_EDGE('',*,*,#1131,.T.);
#1456=ORIENTED_EDGE('',*,*,#1132,.T.);
#1457=ORIENTED_EDGE('',*,*,#1114,.F.);
#1458=ORIENTED_EDGE('',*,*,#1130,.F.);
#1459=ORIENTED_EDGE('',*,*,#1133,.F.);
#1460=ORIENTED_EDGE('',*,*,#1134,.F.);
#1461=ORIENTED_EDGE('',*,*,#1135,.F.);
#1462=ORIENTED_EDGE('',*,*,#1136,.F.);
#1463=ORIENTED_EDGE('',*,*,#1137,.F.);
#1464=ORIENTED_EDGE('',*,*,#1138,.T.);
#1465=ORIENTED_EDGE('',*,*,#1139,.F.);
#1466=ORIENTED_EDGE('',*,*,#1140,.T.);
#1467=ORIENTED_EDGE('',*,*,#1141,.T.);
#1468=ORIENTED_EDGE('',*,*,#1120,.F.);
#1469=ORIENTED_EDGE('',*,*,#1142,.F.);
#1470=ORIENTED_EDGE('',*,*,#1139,.T.);
#1471=ORIENTED_EDGE('',*,*,#1142,.T.);
#1472=ORIENTED_EDGE('',*,*,#1119,.F.);
#1473=ORIENTED_EDGE('',*,*,#1143,.T.);
#1474=ORIENTED_EDGE('',*,*,#1144,.T.);
#1475=ORIENTED_EDGE('',*,*,#1145,.F.);
#1476=ORIENTED_EDGE('',*,*,#1135,.T.);
#1477=ORIENTED_EDGE('',*,*,#1136,.T.);
#1478=ORIENTED_EDGE('',*,*,#1145,.T.);
#1479=ORIENTED_EDGE('',*,*,#1146,.F.);
#1480=ORIENTED_EDGE('',*,*,#1144,.F.);
#1481=ORIENTED_EDGE('',*,*,#1147,.T.);
#1482=ORIENTED_EDGE('',*,*,#1148,.T.);
#1483=ORIENTED_EDGE('',*,*,#1149,.T.);
#1484=ORIENTED_EDGE('',*,*,#1150,.T.);
#1485=ORIENTED_EDGE('',*,*,#1146,.T.);
#1486=ORIENTED_EDGE('',*,*,#1151,.T.);
#1487=ORIENTED_EDGE('',*,*,#1149,.F.);
#1488=ORIENTED_EDGE('',*,*,#1152,.F.);
#1489=ORIENTED_EDGE('',*,*,#1152,.T.);
#1490=ORIENTED_EDGE('',*,*,#1148,.F.);
#1491=ORIENTED_EDGE('',*,*,#1153,.F.);
#1492=ORIENTED_EDGE('',*,*,#1117,.F.);
#1493=ORIENTED_EDGE('',*,*,#1154,.F.);
#1494=ORIENTED_EDGE('',*,*,#1155,.T.);
#1495=ORIENTED_EDGE('',*,*,#1151,.F.);
#1496=ORIENTED_EDGE('',*,*,#1155,.F.);
#1497=ORIENTED_EDGE('',*,*,#1156,.F.);
#1498=ORIENTED_EDGE('',*,*,#1157,.T.);
#1499=ORIENTED_EDGE('',*,*,#1158,.F.);
#1500=ORIENTED_EDGE('',*,*,#1159,.F.);
#1501=ORIENTED_EDGE('',*,*,#1160,.F.);
#1502=ORIENTED_EDGE('',*,*,#1161,.T.);
#1503=ORIENTED_EDGE('',*,*,#1140,.F.);
#1504=ORIENTED_EDGE('',*,*,#1138,.F.);
#1505=ORIENTED_EDGE('',*,*,#1162,.F.);
#1506=ORIENTED_EDGE('',*,*,#1163,.T.);
#1507=ORIENTED_EDGE('',*,*,#1131,.F.);
#1508=ORIENTED_EDGE('',*,*,#1164,.F.);
#1509=ORIENTED_EDGE('',*,*,#1157,.F.);
#1510=ORIENTED_EDGE('',*,*,#1141,.F.);
#1511=ORIENTED_EDGE('',*,*,#1161,.F.);
#1512=ORIENTED_EDGE('',*,*,#1165,.T.);
#1513=ORIENTED_EDGE('',*,*,#1121,.F.);
#1514=ORIENTED_EDGE('',*,*,#1166,.F.);
#1515=ORIENTED_EDGE('',*,*,#1167,.T.);
#1516=ORIENTED_EDGE('',*,*,#1122,.F.);
#1517=ORIENTED_EDGE('',*,*,#1165,.F.);
#1518=ORIENTED_EDGE('',*,*,#1160,.T.);
#1519=ORIENTED_EDGE('',*,*,#1168,.T.);
#1520=ORIENTED_EDGE('',*,*,#1167,.F.);
#1521=ORIENTED_EDGE('',*,*,#1169,.F.);
#1522=ORIENTED_EDGE('',*,*,#1126,.T.);
#1523=ORIENTED_EDGE('',*,*,#1123,.F.);
#1524=ORIENTED_EDGE('',*,*,#1170,.F.);
#1525=ORIENTED_EDGE('',*,*,#1171,.T.);
#1526=ORIENTED_EDGE('',*,*,#1172,.T.);
#1527=ORIENTED_EDGE('',*,*,#1173,.T.);
#1528=ORIENTED_EDGE('',*,*,#1174,.F.);
#1529=ORIENTED_EDGE('',*,*,#1175,.T.);
#1530=ORIENTED_EDGE('',*,*,#1176,.T.);
#1531=ORIENTED_EDGE('',*,*,#1177,.T.);
#1532=ORIENTED_EDGE('',*,*,#1178,.F.);
#1533=ORIENTED_EDGE('',*,*,#1179,.T.);
#1534=ORIENTED_EDGE('',*,*,#1180,.T.);
#1535=ORIENTED_EDGE('',*,*,#1181,.T.);
#1536=ORIENTED_EDGE('',*,*,#1182,.F.);
#1537=ORIENTED_EDGE('',*,*,#1183,.T.);
#1538=ORIENTED_EDGE('',*,*,#1184,.T.);
#1539=ORIENTED_EDGE('',*,*,#1185,.T.);
#1540=ORIENTED_EDGE('',*,*,#1186,.F.);
#1541=ORIENTED_EDGE('',*,*,#1187,.T.);
#1542=ORIENTED_EDGE('',*,*,#1188,.T.);
#1543=ORIENTED_EDGE('',*,*,#1189,.T.);
#1544=ORIENTED_EDGE('',*,*,#1190,.F.);
#1545=ORIENTED_EDGE('',*,*,#1191,.T.);
#1546=ORIENTED_EDGE('',*,*,#1192,.T.);
#1547=ORIENTED_EDGE('',*,*,#1193,.T.);
#1548=ORIENTED_EDGE('',*,*,#1194,.F.);
#1549=ORIENTED_EDGE('',*,*,#1195,.T.);
#1550=ORIENTED_EDGE('',*,*,#1196,.T.);
#1551=ORIENTED_EDGE('',*,*,#1197,.T.);
#1552=ORIENTED_EDGE('',*,*,#1198,.F.);
#1553=ORIENTED_EDGE('',*,*,#1199,.T.);
#1554=ORIENTED_EDGE('',*,*,#1200,.T.);
#1555=ORIENTED_EDGE('',*,*,#1201,.T.);
#1556=ORIENTED_EDGE('',*,*,#1202,.F.);
#1557=ORIENTED_EDGE('',*,*,#1203,.T.);
#1558=ORIENTED_EDGE('',*,*,#1204,.T.);
#1559=ORIENTED_EDGE('',*,*,#1205,.T.);
#1560=ORIENTED_EDGE('',*,*,#1206,.F.);
#1561=ORIENTED_EDGE('',*,*,#1207,.T.);
#1562=ORIENTED_EDGE('',*,*,#1208,.F.);
#1563=ORIENTED_EDGE('',*,*,#1209,.T.);
#1564=ORIENTED_EDGE('',*,*,#1210,.T.);
#1565=ORIENTED_EDGE('',*,*,#1211,.T.);
#1566=ORIENTED_EDGE('',*,*,#1212,.T.);
#1567=ORIENTED_EDGE('',*,*,#1213,.T.);
#1568=ORIENTED_EDGE('',*,*,#1214,.T.);
#1569=ORIENTED_EDGE('',*,*,#1215,.T.);
#1570=ORIENTED_EDGE('',*,*,#1216,.T.);
#1571=ORIENTED_EDGE('',*,*,#1133,.T.);
#1572=ORIENTED_EDGE('',*,*,#1129,.T.);
#1573=ORIENTED_EDGE('',*,*,#1127,.F.);
#1574=ORIENTED_EDGE('',*,*,#1169,.T.);
#1575=ORIENTED_EDGE('',*,*,#1166,.T.);
#1576=ORIENTED_EDGE('',*,*,#1217,.T.);
#1577=ORIENTED_EDGE('',*,*,#1218,.T.);
#1578=ORIENTED_EDGE('',*,*,#1219,.T.);
#1579=ORIENTED_EDGE('',*,*,#1220,.T.);
#1580=ORIENTED_EDGE('',*,*,#1218,.F.);
#1581=ORIENTED_EDGE('',*,*,#1220,.F.);
#1582=ORIENTED_EDGE('',*,*,#1221,.T.);
#1583=ORIENTED_EDGE('',*,*,#1222,.T.);
#1584=ORIENTED_EDGE('',*,*,#1223,.T.);
#1585=ORIENTED_EDGE('',*,*,#1221,.F.);
#1586=ORIENTED_EDGE('',*,*,#1219,.F.);
#1587=ORIENTED_EDGE('',*,*,#1223,.F.);
#1588=ORIENTED_EDGE('',*,*,#1224,.T.);
#1589=ORIENTED_EDGE('',*,*,#1222,.F.);
#1590=ORIENTED_EDGE('',*,*,#1224,.F.);
#1591=ORIENTED_EDGE('',*,*,#1225,.T.);
#1592=ORIENTED_EDGE('',*,*,#1226,.T.);
#1593=ORIENTED_EDGE('',*,*,#1210,.F.);
#1594=ORIENTED_EDGE('',*,*,#1226,.F.);
#1595=ORIENTED_EDGE('',*,*,#1227,.T.);
#1596=ORIENTED_EDGE('',*,*,#1228,.F.);
#1597=ORIENTED_EDGE('',*,*,#1229,.T.);
#1598=ORIENTED_EDGE('',*,*,#1227,.F.);
#1599=ORIENTED_EDGE('',*,*,#1225,.F.);
#1600=ORIENTED_EDGE('',*,*,#1229,.F.);
#1601=ORIENTED_EDGE('',*,*,#1230,.T.);
#1602=ORIENTED_EDGE('',*,*,#1228,.T.);
#1603=ORIENTED_EDGE('',*,*,#1230,.F.);
#1604=ORIENTED_EDGE('',*,*,#1231,.T.);
#1605=ORIENTED_EDGE('',*,*,#1232,.T.);
#1606=ORIENTED_EDGE('',*,*,#1211,.F.);
#1607=ORIENTED_EDGE('',*,*,#1232,.F.);
#1608=ORIENTED_EDGE('',*,*,#1233,.F.);
#1609=ORIENTED_EDGE('',*,*,#1234,.T.);
#1610=ORIENTED_EDGE('',*,*,#1231,.F.);
#1611=ORIENTED_EDGE('',*,*,#1234,.F.);
#1612=ORIENTED_EDGE('',*,*,#1235,.T.);
#1613=ORIENTED_EDGE('',*,*,#1233,.T.);
#1614=ORIENTED_EDGE('',*,*,#1235,.F.);
#1615=ORIENTED_EDGE('',*,*,#1236,.T.);
#1616=ORIENTED_EDGE('',*,*,#1237,.T.);
#1617=ORIENTED_EDGE('',*,*,#1238,.T.);
#1618=ORIENTED_EDGE('',*,*,#1212,.F.);
#1619=ORIENTED_EDGE('',*,*,#1238,.F.);
#1620=ORIENTED_EDGE('',*,*,#1239,.F.);
#1621=ORIENTED_EDGE('',*,*,#1240,.T.);
#1622=ORIENTED_EDGE('',*,*,#1236,.F.);
#1623=ORIENTED_EDGE('',*,*,#1237,.F.);
#1624=ORIENTED_EDGE('',*,*,#1240,.F.);
#1625=ORIENTED_EDGE('',*,*,#1241,.T.);
#1626=ORIENTED_EDGE('',*,*,#1239,.T.);
#1627=ORIENTED_EDGE('',*,*,#1241,.F.);
#1628=ORIENTED_EDGE('',*,*,#1242,.T.);
#1629=ORIENTED_EDGE('',*,*,#1243,.T.);
#1630=ORIENTED_EDGE('',*,*,#1244,.T.);
#1631=ORIENTED_EDGE('',*,*,#1213,.F.);
#1632=ORIENTED_EDGE('',*,*,#1244,.F.);
#1633=ORIENTED_EDGE('',*,*,#1245,.F.);
#1634=ORIENTED_EDGE('',*,*,#1246,.T.);
#1635=ORIENTED_EDGE('',*,*,#1242,.F.);
#1636=ORIENTED_EDGE('',*,*,#1243,.F.);
#1637=ORIENTED_EDGE('',*,*,#1246,.F.);
#1638=ORIENTED_EDGE('',*,*,#1247,.T.);
#1639=ORIENTED_EDGE('',*,*,#1245,.T.);
#1640=ORIENTED_EDGE('',*,*,#1247,.F.);
#1641=ORIENTED_EDGE('',*,*,#1248,.T.);
#1642=ORIENTED_EDGE('',*,*,#1249,.T.);
#1643=ORIENTED_EDGE('',*,*,#1250,.T.);
#1644=ORIENTED_EDGE('',*,*,#1214,.F.);
#1645=ORIENTED_EDGE('',*,*,#1250,.F.);
#1646=ORIENTED_EDGE('',*,*,#1251,.T.);
#1647=ORIENTED_EDGE('',*,*,#1252,.T.);
#1648=ORIENTED_EDGE('',*,*,#1248,.F.);
#1649=ORIENTED_EDGE('',*,*,#1249,.F.);
#1650=ORIENTED_EDGE('',*,*,#1252,.F.);
#1651=ORIENTED_EDGE('',*,*,#1253,.T.);
#1652=ORIENTED_EDGE('',*,*,#1251,.F.);
#1653=ORIENTED_EDGE('',*,*,#1253,.F.);
#1654=ORIENTED_EDGE('',*,*,#1254,.T.);
#1655=ORIENTED_EDGE('',*,*,#1255,.T.);
#1656=ORIENTED_EDGE('',*,*,#1256,.T.);
#1657=ORIENTED_EDGE('',*,*,#1215,.F.);
#1658=ORIENTED_EDGE('',*,*,#1256,.F.);
#1659=ORIENTED_EDGE('',*,*,#1257,.T.);
#1660=ORIENTED_EDGE('',*,*,#1258,.T.);
#1661=ORIENTED_EDGE('',*,*,#1254,.F.);
#1662=ORIENTED_EDGE('',*,*,#1255,.F.);
#1663=ORIENTED_EDGE('',*,*,#1258,.F.);
#1664=ORIENTED_EDGE('',*,*,#1259,.T.);
#1665=ORIENTED_EDGE('',*,*,#1257,.F.);
#1666=ORIENTED_EDGE('',*,*,#1259,.F.);
#1667=ORIENTED_EDGE('',*,*,#1260,.T.);
#1668=ORIENTED_EDGE('',*,*,#1261,.T.);
#1669=ORIENTED_EDGE('',*,*,#1216,.F.);
#1670=ORIENTED_EDGE('',*,*,#1261,.F.);
#1671=ORIENTED_EDGE('',*,*,#1262,.T.);
#1672=ORIENTED_EDGE('',*,*,#1263,.T.);
#1673=ORIENTED_EDGE('',*,*,#1264,.T.);
#1674=ORIENTED_EDGE('',*,*,#1262,.F.);
#1675=ORIENTED_EDGE('',*,*,#1260,.F.);
#1676=ORIENTED_EDGE('',*,*,#1264,.F.);
#1677=ORIENTED_EDGE('',*,*,#1265,.T.);
#1678=ORIENTED_EDGE('',*,*,#1263,.F.);
#1679=ORIENTED_EDGE('',*,*,#1265,.F.);
#1680=ORIENTED_EDGE('',*,*,#1266,.F.);
#1681=ORIENTED_EDGE('',*,*,#1088,.F.);
#1682=ORIENTED_EDGE('',*,*,#1267,.T.);
#1683=ORIENTED_EDGE('',*,*,#1209,.F.);
#1684=ORIENTED_EDGE('',*,*,#1087,.F.);
#1685=ORIENTED_EDGE('',*,*,#1268,.T.);
#1686=ORIENTED_EDGE('',*,*,#1170,.T.);
#1687=ORIENTED_EDGE('',*,*,#1267,.F.);
#1688=ORIENTED_EDGE('',*,*,#1171,.F.);
#1689=ORIENTED_EDGE('',*,*,#1268,.F.);
#1690=ORIENTED_EDGE('',*,*,#1086,.F.);
#1691=ORIENTED_EDGE('',*,*,#1269,.T.);
#1692=ORIENTED_EDGE('',*,*,#1270,.F.);
#1693=ORIENTED_EDGE('',*,*,#1069,.F.);
#1694=ORIENTED_EDGE('',*,*,#1271,.F.);
#1695=ORIENTED_EDGE('',*,*,#1188,.F.);
#1696=ORIENTED_EDGE('',*,*,#1272,.F.);
#1697=ORIENTED_EDGE('',*,*,#1065,.F.);
#1698=ORIENTED_EDGE('',*,*,#1273,.F.);
#1699=ORIENTED_EDGE('',*,*,#1192,.F.);
#1700=ORIENTED_EDGE('',*,*,#1274,.F.);
#1701=ORIENTED_EDGE('',*,*,#1061,.F.);
#1702=ORIENTED_EDGE('',*,*,#1275,.F.);
#1703=ORIENTED_EDGE('',*,*,#1196,.F.);
#1704=ORIENTED_EDGE('',*,*,#1276,.F.);
#1705=ORIENTED_EDGE('',*,*,#1057,.F.);
#1706=ORIENTED_EDGE('',*,*,#1277,.F.);
#1707=ORIENTED_EDGE('',*,*,#1200,.F.);
#1708=ORIENTED_EDGE('',*,*,#1278,.F.);
#1709=ORIENTED_EDGE('',*,*,#1081,.F.);
#1710=ORIENTED_EDGE('',*,*,#1279,.F.);
#1711=ORIENTED_EDGE('',*,*,#1176,.F.);
#1712=ORIENTED_EDGE('',*,*,#1077,.F.);
#1713=ORIENTED_EDGE('',*,*,#1280,.F.);
#1714=ORIENTED_EDGE('',*,*,#1180,.F.);
#1715=ORIENTED_EDGE('',*,*,#1281,.F.);
#1716=ORIENTED_EDGE('',*,*,#1184,.F.);
#1717=ORIENTED_EDGE('',*,*,#1282,.F.);
#1718=ORIENTED_EDGE('',*,*,#1073,.F.);
#1719=ORIENTED_EDGE('',*,*,#1283,.F.);
#1720=ORIENTED_EDGE('',*,*,#1085,.F.);
#1721=ORIENTED_EDGE('',*,*,#1284,.F.);
#1722=ORIENTED_EDGE('',*,*,#1172,.F.);
#1723=ORIENTED_EDGE('',*,*,#1269,.F.);
#1724=ORIENTED_EDGE('',*,*,#1204,.F.);
#1725=ORIENTED_EDGE('',*,*,#1285,.F.);
#1726=ORIENTED_EDGE('',*,*,#1053,.F.);
#1727=ORIENTED_EDGE('',*,*,#1286,.F.);
#1728=ORIENTED_EDGE('',*,*,#1068,.F.);
#1729=ORIENTED_EDGE('',*,*,#1287,.F.);
#1730=ORIENTED_EDGE('',*,*,#1189,.F.);
#1731=ORIENTED_EDGE('',*,*,#1271,.T.);
#1732=ORIENTED_EDGE('',*,*,#1190,.T.);
#1733=ORIENTED_EDGE('',*,*,#1287,.T.);
#1734=ORIENTED_EDGE('',*,*,#1067,.F.);
#1735=ORIENTED_EDGE('',*,*,#1288,.T.);
#1736=ORIENTED_EDGE('',*,*,#1191,.F.);
#1737=ORIENTED_EDGE('',*,*,#1288,.F.);
#1738=ORIENTED_EDGE('',*,*,#1066,.F.);
#1739=ORIENTED_EDGE('',*,*,#1272,.T.);
#1740=ORIENTED_EDGE('',*,*,#1187,.F.);
#1741=ORIENTED_EDGE('',*,*,#1289,.F.);
#1742=ORIENTED_EDGE('',*,*,#1070,.F.);
#1743=ORIENTED_EDGE('',*,*,#1270,.T.);
#1744=ORIENTED_EDGE('',*,*,#1071,.F.);
#1745=ORIENTED_EDGE('',*,*,#1289,.T.);
#1746=ORIENTED_EDGE('',*,*,#1186,.T.);
#1747=ORIENTED_EDGE('',*,*,#1290,.T.);
#1748=ORIENTED_EDGE('',*,*,#1072,.F.);
#1749=ORIENTED_EDGE('',*,*,#1290,.F.);
#1750=ORIENTED_EDGE('',*,*,#1185,.F.);
#1751=ORIENTED_EDGE('',*,*,#1283,.T.);
#1752=ORIENTED_EDGE('',*,*,#1064,.F.);
#1753=ORIENTED_EDGE('',*,*,#1291,.F.);
#1754=ORIENTED_EDGE('',*,*,#1193,.F.);
#1755=ORIENTED_EDGE('',*,*,#1273,.T.);
#1756=ORIENTED_EDGE('',*,*,#1063,.F.);
#1757=ORIENTED_EDGE('',*,*,#1292,.T.);
#1758=ORIENTED_EDGE('',*,*,#1194,.T.);
#1759=ORIENTED_EDGE('',*,*,#1291,.T.);
#1760=ORIENTED_EDGE('',*,*,#1195,.F.);
#1761=ORIENTED_EDGE('',*,*,#1292,.F.);
#1762=ORIENTED_EDGE('',*,*,#1062,.F.);
#1763=ORIENTED_EDGE('',*,*,#1274,.T.);
#1764=ORIENTED_EDGE('',*,*,#1060,.F.);
#1765=ORIENTED_EDGE('',*,*,#1293,.F.);
#1766=ORIENTED_EDGE('',*,*,#1197,.F.);
#1767=ORIENTED_EDGE('',*,*,#1275,.T.);
#1768=ORIENTED_EDGE('',*,*,#1059,.F.);
#1769=ORIENTED_EDGE('',*,*,#1294,.T.);
#1770=ORIENTED_EDGE('',*,*,#1198,.T.);
#1771=ORIENTED_EDGE('',*,*,#1293,.T.);
#1772=ORIENTED_EDGE('',*,*,#1199,.F.);
#1773=ORIENTED_EDGE('',*,*,#1294,.F.);
#1774=ORIENTED_EDGE('',*,*,#1058,.F.);
#1775=ORIENTED_EDGE('',*,*,#1276,.T.);
#1776=ORIENTED_EDGE('',*,*,#1056,.F.);
#1777=ORIENTED_EDGE('',*,*,#1295,.F.);
#1778=ORIENTED_EDGE('',*,*,#1201,.F.);
#1779=ORIENTED_EDGE('',*,*,#1277,.T.);
#1780=ORIENTED_EDGE('',*,*,#1055,.F.);
#1781=ORIENTED_EDGE('',*,*,#1296,.T.);
#1782=ORIENTED_EDGE('',*,*,#1202,.T.);
#1783=ORIENTED_EDGE('',*,*,#1295,.T.);
#1784=ORIENTED_EDGE('',*,*,#1203,.F.);
#1785=ORIENTED_EDGE('',*,*,#1296,.F.);
#1786=ORIENTED_EDGE('',*,*,#1054,.F.);
#1787=ORIENTED_EDGE('',*,*,#1285,.T.);
#1788=ORIENTED_EDGE('',*,*,#1080,.F.);
#1789=ORIENTED_EDGE('',*,*,#1297,.F.);
#1790=ORIENTED_EDGE('',*,*,#1177,.F.);
#1791=ORIENTED_EDGE('',*,*,#1279,.T.);
#1792=ORIENTED_EDGE('',*,*,#1079,.F.);
#1793=ORIENTED_EDGE('',*,*,#1298,.T.);
#1794=ORIENTED_EDGE('',*,*,#1178,.T.);
#1795=ORIENTED_EDGE('',*,*,#1297,.T.);
#1796=ORIENTED_EDGE('',*,*,#1179,.F.);
#1797=ORIENTED_EDGE('',*,*,#1298,.F.);
#1798=ORIENTED_EDGE('',*,*,#1078,.F.);
#1799=ORIENTED_EDGE('',*,*,#1281,.T.);
#1800=ORIENTED_EDGE('',*,*,#1175,.F.);
#1801=ORIENTED_EDGE('',*,*,#1299,.F.);
#1802=ORIENTED_EDGE('',*,*,#1082,.F.);
#1803=ORIENTED_EDGE('',*,*,#1278,.T.);
#1804=ORIENTED_EDGE('',*,*,#1083,.F.);
#1805=ORIENTED_EDGE('',*,*,#1299,.T.);
#1806=ORIENTED_EDGE('',*,*,#1174,.T.);
#1807=ORIENTED_EDGE('',*,*,#1300,.T.);
#1808=ORIENTED_EDGE('',*,*,#1084,.F.);
#1809=ORIENTED_EDGE('',*,*,#1300,.F.);
#1810=ORIENTED_EDGE('',*,*,#1173,.F.);
#1811=ORIENTED_EDGE('',*,*,#1284,.T.);
#1812=ORIENTED_EDGE('',*,*,#1076,.F.);
#1813=ORIENTED_EDGE('',*,*,#1301,.F.);
#1814=ORIENTED_EDGE('',*,*,#1181,.F.);
#1815=ORIENTED_EDGE('',*,*,#1280,.T.);
#1816=ORIENTED_EDGE('',*,*,#1075,.F.);
#1817=ORIENTED_EDGE('',*,*,#1302,.T.);
#1818=ORIENTED_EDGE('',*,*,#1182,.T.);
#1819=ORIENTED_EDGE('',*,*,#1301,.T.);
#1820=ORIENTED_EDGE('',*,*,#1183,.F.);
#1821=ORIENTED_EDGE('',*,*,#1302,.F.);
#1822=ORIENTED_EDGE('',*,*,#1074,.F.);
#1823=ORIENTED_EDGE('',*,*,#1282,.T.);
#1824=ORIENTED_EDGE('',*,*,#1052,.F.);
#1825=ORIENTED_EDGE('',*,*,#1303,.F.);
#1826=ORIENTED_EDGE('',*,*,#1205,.F.);
#1827=ORIENTED_EDGE('',*,*,#1286,.T.);
#1828=ORIENTED_EDGE('',*,*,#1206,.T.);
#1829=ORIENTED_EDGE('',*,*,#1303,.T.);
#1830=ORIENTED_EDGE('',*,*,#1051,.F.);
#1831=ORIENTED_EDGE('',*,*,#1304,.T.);
#1832=ORIENTED_EDGE('',*,*,#1304,.F.);
#1833=ORIENTED_EDGE('',*,*,#1050,.F.);
#1834=ORIENTED_EDGE('',*,*,#1305,.T.);
#1835=ORIENTED_EDGE('',*,*,#1207,.F.);
#1836=ORIENTED_EDGE('',*,*,#1208,.T.);
#1837=ORIENTED_EDGE('',*,*,#1305,.F.);
#1838=ORIENTED_EDGE('',*,*,#1049,.F.);
#1839=ORIENTED_EDGE('',*,*,#1266,.T.);
#1840=ORIENTED_EDGE('',*,*,#1132,.F.);
#1841=ORIENTED_EDGE('',*,*,#1163,.F.);
#1842=ORIENTED_EDGE('',*,*,#1306,.T.);
#1843=ORIENTED_EDGE('',*,*,#1115,.F.);
#1844=ORIENTED_EDGE('',*,*,#1154,.T.);
#1845=ORIENTED_EDGE('',*,*,#1116,.F.);
#1846=ORIENTED_EDGE('',*,*,#1306,.F.);
#1847=ORIENTED_EDGE('',*,*,#1162,.T.);
#1848=ORIENTED_EDGE('',*,*,#1156,.T.);
#1849=ORIENTED_EDGE('',*,*,#1118,.F.);
#1850=ORIENTED_EDGE('',*,*,#1153,.T.);
#1851=ORIENTED_EDGE('',*,*,#1147,.F.);
#1852=ORIENTED_EDGE('',*,*,#1143,.F.);
#1853=ORIENTED_EDGE('',*,*,#1307,.T.);
#1854=ORIENTED_EDGE('',*,*,#1308,.T.);
#1855=ORIENTED_EDGE('',*,*,#1089,.F.);
#1856=ORIENTED_EDGE('',*,*,#1308,.F.);
#1857=ORIENTED_EDGE('',*,*,#1309,.T.);
#1858=ORIENTED_EDGE('',*,*,#1310,.T.);
#1859=ORIENTED_EDGE('',*,*,#1311,.T.);
#1860=ORIENTED_EDGE('',*,*,#1309,.F.);
#1861=ORIENTED_EDGE('',*,*,#1307,.F.);
#1862=ORIENTED_EDGE('',*,*,#1311,.F.);
#1863=ORIENTED_EDGE('',*,*,#1312,.T.);
#1864=ORIENTED_EDGE('',*,*,#1310,.F.);
#1865=ORIENTED_EDGE('',*,*,#1312,.F.);
#1866=ORIENTED_EDGE('',*,*,#1313,.T.);
#1867=ORIENTED_EDGE('',*,*,#1314,.T.);
#1868=ORIENTED_EDGE('',*,*,#1090,.F.);
#1869=ORIENTED_EDGE('',*,*,#1314,.F.);
#1870=ORIENTED_EDGE('',*,*,#1315,.T.);
#1871=ORIENTED_EDGE('',*,*,#1316,.F.);
#1872=ORIENTED_EDGE('',*,*,#1317,.T.);
#1873=ORIENTED_EDGE('',*,*,#1315,.F.);
#1874=ORIENTED_EDGE('',*,*,#1313,.F.);
#1875=ORIENTED_EDGE('',*,*,#1317,.F.);
#1876=ORIENTED_EDGE('',*,*,#1318,.T.);
#1877=ORIENTED_EDGE('',*,*,#1316,.T.);
#1878=ORIENTED_EDGE('',*,*,#1318,.F.);
#1879=ORIENTED_EDGE('',*,*,#1319,.T.);
#1880=ORIENTED_EDGE('',*,*,#1320,.T.);
#1881=ORIENTED_EDGE('',*,*,#1321,.T.);
#1882=ORIENTED_EDGE('',*,*,#1091,.F.);
#1883=ORIENTED_EDGE('',*,*,#1321,.F.);
#1884=ORIENTED_EDGE('',*,*,#1322,.T.);
#1885=ORIENTED_EDGE('',*,*,#1323,.T.);
#1886=ORIENTED_EDGE('',*,*,#1319,.F.);
#1887=ORIENTED_EDGE('',*,*,#1320,.F.);
#1888=ORIENTED_EDGE('',*,*,#1323,.F.);
#1889=ORIENTED_EDGE('',*,*,#1324,.T.);
#1890=ORIENTED_EDGE('',*,*,#1322,.F.);
#1891=ORIENTED_EDGE('',*,*,#1324,.F.);
#1892=ORIENTED_EDGE('',*,*,#1325,.T.);
#1893=ORIENTED_EDGE('',*,*,#1326,.T.);
#1894=ORIENTED_EDGE('',*,*,#1092,.F.);
#1895=ORIENTED_EDGE('',*,*,#1326,.F.);
#1896=ORIENTED_EDGE('',*,*,#1327,.T.);
#1897=ORIENTED_EDGE('',*,*,#1328,.T.);
#1898=ORIENTED_EDGE('',*,*,#1329,.T.);
#1899=ORIENTED_EDGE('',*,*,#1327,.F.);
#1900=ORIENTED_EDGE('',*,*,#1325,.F.);
#1901=ORIENTED_EDGE('',*,*,#1329,.F.);
#1902=ORIENTED_EDGE('',*,*,#1330,.T.);
#1903=ORIENTED_EDGE('',*,*,#1328,.F.);
#1904=ORIENTED_EDGE('',*,*,#1330,.F.);
#1905=ORIENTED_EDGE('',*,*,#1331,.T.);
#1906=ORIENTED_EDGE('',*,*,#1332,.T.);
#1907=ORIENTED_EDGE('',*,*,#1093,.F.);
#1908=ORIENTED_EDGE('',*,*,#1332,.F.);
#1909=ORIENTED_EDGE('',*,*,#1333,.T.);
#1910=ORIENTED_EDGE('',*,*,#1334,.T.);
#1911=ORIENTED_EDGE('',*,*,#1331,.F.);
#1912=ORIENTED_EDGE('',*,*,#1334,.F.);
#1913=ORIENTED_EDGE('',*,*,#1335,.T.);
#1914=ORIENTED_EDGE('',*,*,#1333,.F.);
#1915=ORIENTED_EDGE('',*,*,#1335,.F.);
#1916=ORIENTED_EDGE('',*,*,#1336,.T.);
#1917=ORIENTED_EDGE('',*,*,#1337,.T.);
#1918=ORIENTED_EDGE('',*,*,#1338,.T.);
#1919=ORIENTED_EDGE('',*,*,#1094,.F.);
#1920=ORIENTED_EDGE('',*,*,#1338,.F.);
#1921=ORIENTED_EDGE('',*,*,#1339,.T.);
#1922=ORIENTED_EDGE('',*,*,#1340,.T.);
#1923=ORIENTED_EDGE('',*,*,#1336,.F.);
#1924=ORIENTED_EDGE('',*,*,#1337,.F.);
#1925=ORIENTED_EDGE('',*,*,#1340,.F.);
#1926=ORIENTED_EDGE('',*,*,#1341,.T.);
#1927=ORIENTED_EDGE('',*,*,#1339,.F.);
#1928=ORIENTED_EDGE('',*,*,#1341,.F.);
#1929=ORIENTED_EDGE('',*,*,#1342,.T.);
#1930=ORIENTED_EDGE('',*,*,#1343,.T.);
#1931=ORIENTED_EDGE('',*,*,#1344,.T.);
#1932=ORIENTED_EDGE('',*,*,#1095,.F.);
#1933=ORIENTED_EDGE('',*,*,#1344,.F.);
#1934=ORIENTED_EDGE('',*,*,#1345,.T.);
#1935=ORIENTED_EDGE('',*,*,#1346,.T.);
#1936=ORIENTED_EDGE('',*,*,#1342,.F.);
#1937=ORIENTED_EDGE('',*,*,#1343,.F.);
#1938=ORIENTED_EDGE('',*,*,#1346,.F.);
#1939=ORIENTED_EDGE('',*,*,#1347,.T.);
#1940=ORIENTED_EDGE('',*,*,#1345,.F.);
#1941=ORIENTED_EDGE('',*,*,#1347,.F.);
#1942=ORIENTED_EDGE('',*,*,#1348,.T.);
#1943=ORIENTED_EDGE('',*,*,#1349,.T.);
#1944=ORIENTED_EDGE('',*,*,#1350,.T.);
#1945=ORIENTED_EDGE('',*,*,#1096,.F.);
#1946=ORIENTED_EDGE('',*,*,#1350,.F.);
#1947=ORIENTED_EDGE('',*,*,#1351,.F.);
#1948=ORIENTED_EDGE('',*,*,#1352,.T.);
#1949=ORIENTED_EDGE('',*,*,#1348,.F.);
#1950=ORIENTED_EDGE('',*,*,#1349,.F.);
#1951=ORIENTED_EDGE('',*,*,#1352,.F.);
#1952=ORIENTED_EDGE('',*,*,#1353,.T.);
#1953=ORIENTED_EDGE('',*,*,#1351,.T.);
#1954=ORIENTED_EDGE('',*,*,#1353,.F.);
#1955=ORIENTED_EDGE('',*,*,#1125,.F.);
#1956=ORIENTED_EDGE('',*,*,#1354,.T.);
#1957=ORIENTED_EDGE('',*,*,#1112,.T.);
#1958=ORIENTED_EDGE('',*,*,#1354,.F.);
#1959=ORIENTED_EDGE('',*,*,#1150,.F.);
#1960=ORIENTED_EDGE('',*,*,#1158,.T.);
#1961=ORIENTED_EDGE('',*,*,#1164,.T.);
#1962=ORIENTED_EDGE('',*,*,#1134,.T.);
#1963=ORIENTED_EDGE('',*,*,#1217,.F.);
#1964=ORIENTED_EDGE('',*,*,#1168,.F.);
#1965=ORIENTED_EDGE('',*,*,#1159,.T.);
#1966=ORIENTED_EDGE('',*,*,#1137,.T.);
#1967=PLANE('',#2118);
#1968=PLANE('',#2172);
#1969=PLANE('',#2179);
#1970=PLANE('',#2183);
#1971=PLANE('',#2185);
#1972=PLANE('',#2197);
#1973=PLANE('',#2201);
#1974=PLANE('',#2202);
#1975=PLANE('',#2204);
#1976=PLANE('',#2209);
#1977=PLANE('',#2212);
#1978=PLANE('',#2215);
#1979=PLANE('',#2219);
#1980=PLANE('',#2222);
#1981=PLANE('',#2318);
#1982=PLANE('',#2354);
#1983=PLANE('',#2358);
#1984=ADVANCED_FACE('',(#142,#120,#121,#122,#123,#124,#125,#126,#127,#128),
#1967,.F.);
#1985=ADVANCED_FACE('',(#143),#119,.F.);
#1986=ADVANCED_FACE('',(#144),#50,.T.);
#1987=ADVANCED_FACE('',(#145,#129),#1968,.T.);
#1988=ADVANCED_FACE('',(#146),#17,.F.);
#1989=ADVANCED_FACE('',(#147),#51,.F.);
#1990=ADVANCED_FACE('',(#148,#130),#1969,.T.);
#1991=ADVANCED_FACE('',(#149),#52,.F.);
#1992=ADVANCED_FACE('',(#150,#131),#1970,.F.);
#1993=ADVANCED_FACE('',(#151,#132),#1971,.T.);
#1994=ADVANCED_FACE('',(#152),#53,.F.);
#1995=ADVANCED_FACE('',(#153),#54,.F.);
#1996=ADVANCED_FACE('',(#154),#1972,.F.);
#1997=ADVANCED_FACE('',(#155),#55,.T.);
#1998=ADVANCED_FACE('',(#156),#1973,.F.);
#1999=ADVANCED_FACE('',(#157),#1974,.F.);
#2000=ADVANCED_FACE('',(#158),#56,.T.);
#2001=ADVANCED_FACE('',(#159),#1975,.T.);
#2002=ADVANCED_FACE('',(#160),#57,.T.);
#2003=ADVANCED_FACE('',(#161),#1976,.F.);
#2004=ADVANCED_FACE('',(#162),#58,.T.);
#2005=ADVANCED_FACE('',(#163),#1977,.T.);
#2006=ADVANCED_FACE('',(#164),#1978,.T.);
#2007=ADVANCED_FACE('',(#165),#59,.F.);
#2008=ADVANCED_FACE('',(#166),#1979,.F.);
#2009=ADVANCED_FACE('',(#167),#60,.F.);
#2010=ADVANCED_FACE('',(#168,#133,#134,#135,#136,#137,#138,#139,#140,#141),
#1980,.T.);
#2011=ADVANCED_FACE('',(#169),#18,.F.);
#2012=ADVANCED_FACE('',(#170),#61,.F.);
#2013=ADVANCED_FACE('',(#171),#19,.F.);
#2014=ADVANCED_FACE('',(#172),#20,.F.);
#2015=ADVANCED_FACE('',(#173),#62,.F.);
#2016=ADVANCED_FACE('',(#174),#21,.F.);
#2017=ADVANCED_FACE('',(#175),#22,.F.);
#2018=ADVANCED_FACE('',(#176),#63,.F.);
#2019=ADVANCED_FACE('',(#177),#23,.F.);
#2020=ADVANCED_FACE('',(#178),#24,.F.);
#2021=ADVANCED_FACE('',(#179),#64,.F.);
#2022=ADVANCED_FACE('',(#180),#25,.F.);
#2023=ADVANCED_FACE('',(#181),#26,.F.);
#2024=ADVANCED_FACE('',(#182),#65,.F.);
#2025=ADVANCED_FACE('',(#183),#27,.F.);
#2026=ADVANCED_FACE('',(#184),#28,.F.);
#2027=ADVANCED_FACE('',(#185),#66,.F.);
#2028=ADVANCED_FACE('',(#186),#29,.F.);
#2029=ADVANCED_FACE('',(#187),#30,.F.);
#2030=ADVANCED_FACE('',(#188),#67,.F.);
#2031=ADVANCED_FACE('',(#189),#31,.F.);
#2032=ADVANCED_FACE('',(#190),#32,.F.);
#2033=ADVANCED_FACE('',(#191),#68,.F.);
#2034=ADVANCED_FACE('',(#192),#33,.F.);
#2035=ADVANCED_FACE('',(#193),#69,.T.);
#2036=ADVANCED_FACE('',(#194),#1981,.T.);
#2037=ADVANCED_FACE('',(#195),#70,.F.);
#2038=ADVANCED_FACE('',(#196),#71,.T.);
#2039=ADVANCED_FACE('',(#197),#72,.T.);
#2040=ADVANCED_FACE('',(#198),#73,.T.);
#2041=ADVANCED_FACE('',(#199),#74,.T.);
#2042=ADVANCED_FACE('',(#200),#75,.T.);
#2043=ADVANCED_FACE('',(#201),#76,.T.);
#2044=ADVANCED_FACE('',(#202),#77,.T.);
#2045=ADVANCED_FACE('',(#203),#78,.T.);
#2046=ADVANCED_FACE('',(#204),#79,.T.);
#2047=ADVANCED_FACE('',(#205),#80,.F.);
#2048=ADVANCED_FACE('',(#206),#81,.T.);
#2049=ADVANCED_FACE('',(#207),#82,.F.);
#2050=ADVANCED_FACE('',(#208),#83,.F.);
#2051=ADVANCED_FACE('',(#209),#84,.T.);
#2052=ADVANCED_FACE('',(#210),#85,.F.);
#2053=ADVANCED_FACE('',(#211),#86,.F.);
#2054=ADVANCED_FACE('',(#212),#87,.T.);
#2055=ADVANCED_FACE('',(#213),#88,.F.);
#2056=ADVANCED_FACE('',(#214),#89,.F.);
#2057=ADVANCED_FACE('',(#215),#90,.T.);
#2058=ADVANCED_FACE('',(#216),#91,.F.);
#2059=ADVANCED_FACE('',(#217),#92,.F.);
#2060=ADVANCED_FACE('',(#218),#93,.T.);
#2061=ADVANCED_FACE('',(#219),#94,.F.);
#2062=ADVANCED_FACE('',(#220),#95,.F.);
#2063=ADVANCED_FACE('',(#221),#96,.T.);
#2064=ADVANCED_FACE('',(#222),#97,.F.);
#2065=ADVANCED_FACE('',(#223),#98,.F.);
#2066=ADVANCED_FACE('',(#224),#99,.T.);
#2067=ADVANCED_FACE('',(#225),#100,.F.);
#2068=ADVANCED_FACE('',(#226),#101,.F.);
#2069=ADVANCED_FACE('',(#227),#102,.T.);
#2070=ADVANCED_FACE('',(#228),#103,.F.);
#2071=ADVANCED_FACE('',(#229),#104,.F.);
#2072=ADVANCED_FACE('',(#230),#1982,.T.);
#2073=ADVANCED_FACE('',(#231),#105,.T.);
#2074=ADVANCED_FACE('',(#232),#106,.T.);
#2075=ADVANCED_FACE('',(#233),#107,.F.);
#2076=ADVANCED_FACE('',(#234),#1983,.F.);
#2077=ADVANCED_FACE('',(#235),#108,.F.);
#2078=ADVANCED_FACE('',(#236),#34,.F.);
#2079=ADVANCED_FACE('',(#237),#109,.F.);
#2080=ADVANCED_FACE('',(#238),#35,.F.);
#2081=ADVANCED_FACE('',(#239),#36,.F.);
#2082=ADVANCED_FACE('',(#240),#110,.F.);
#2083=ADVANCED_FACE('',(#241),#37,.F.);
#2084=ADVANCED_FACE('',(#242),#38,.F.);
#2085=ADVANCED_FACE('',(#243),#111,.F.);
#2086=ADVANCED_FACE('',(#244),#39,.F.);
#2087=ADVANCED_FACE('',(#245),#40,.F.);
#2088=ADVANCED_FACE('',(#246),#112,.F.);
#2089=ADVANCED_FACE('',(#247),#41,.F.);
#2090=ADVANCED_FACE('',(#248),#42,.F.);
#2091=ADVANCED_FACE('',(#249),#113,.F.);
#2092=ADVANCED_FACE('',(#250),#43,.F.);
#2093=ADVANCED_FACE('',(#251),#44,.F.);
#2094=ADVANCED_FACE('',(#252),#114,.F.);
#2095=ADVANCED_FACE('',(#253),#45,.F.);
#2096=ADVANCED_FACE('',(#254),#46,.F.);
#2097=ADVANCED_FACE('',(#255),#115,.F.);
#2098=ADVANCED_FACE('',(#256),#47,.F.);
#2099=ADVANCED_FACE('',(#257),#48,.F.);
#2100=ADVANCED_FACE('',(#258),#116,.F.);
#2101=ADVANCED_FACE('',(#259),#49,.F.);
#2102=ADVANCED_FACE('',(#260),#117,.F.);
#2103=ADVANCED_FACE('',(#261),#118,.F.);
#2104=CLOSED_SHELL('',(#1984,#1985,#1986,#1987,#1988,#1989,#1990,#1991,
#1992,#1993,#1994,#1995,#1996,#1997,#1998,#1999,#2000,#2001,#2002,#2003,
#2004,#2005,#2006,#2007,#2008,#2009,#2010,#2011,#2012,#2013,#2014,#2015,
#2016,#2017,#2018,#2019,#2020,#2021,#2022,#2023,#2024,#2025,#2026,#2027,
#2028,#2029,#2030,#2031,#2032,#2033,#2034,#2035,#2036,#2037,#2038,#2039,
#2040,#2041,#2042,#2043,#2044,#2045,#2046,#2047,#2048,#2049,#2050,#2051,
#2052,#2053,#2054,#2055,#2056,#2057,#2058,#2059,#2060,#2061,#2062,#2063,
#2064,#2065,#2066,#2067,#2068,#2069,#2070,#2071,#2072,#2073,#2074,#2075,
#2076,#2077,#2078,#2079,#2080,#2081,#2082,#2083,#2084,#2085,#2086,#2087,
#2088,#2089,#2090,#2091,#2092,#2093,#2094,#2095,#2096,#2097,#2098,#2099,
#2100,#2101,#2102,#2103));
#2105=DERIVED_UNIT_ELEMENT(#2107,1.);
#2106=DERIVED_UNIT_ELEMENT(#3784,-3.);
#2107=(
MASS_UNIT()
NAMED_UNIT(*)
SI_UNIT(.KILO.,.GRAM.)
);
#2108=DERIVED_UNIT((#2105,#2106));
#2109=MEASURE_REPRESENTATION_ITEM('density measure',
POSITIVE_RATIO_MEASURE(7850.),#2108);
#2110=PROPERTY_DEFINITION_REPRESENTATION(#2115,#2112);
#2111=PROPERTY_DEFINITION_REPRESENTATION(#2116,#2113);
#2112=REPRESENTATION('material name',(#2114),#3781);
#2113=REPRESENTATION('density',(#2109),#3781);
#2114=DESCRIPTIVE_REPRESENTATION_ITEM('Steel','Steel');
#2115=PROPERTY_DEFINITION('material property','material name',#3791);
#2116=PROPERTY_DEFINITION('material property','density of part',#3791);
#2117=AXIS2_PLACEMENT_3D('',#3126,#2409,#2410);
#2118=AXIS2_PLACEMENT_3D('',#3127,#2411,#2412);
#2119=AXIS2_PLACEMENT_3D('',#3130,#2413,#2414);
#2120=AXIS2_PLACEMENT_3D('',#3132,#2415,#2416);
#2121=AXIS2_PLACEMENT_3D('',#3136,#2418,#2419);
#2122=AXIS2_PLACEMENT_3D('',#3138,#2420,#2421);
#2123=AXIS2_PLACEMENT_3D('',#3140,#2422,#2423);
#2124=AXIS2_PLACEMENT_3D('',#3142,#2424,#2425);
#2125=AXIS2_PLACEMENT_3D('',#3144,#2426,#2427);
#2126=AXIS2_PLACEMENT_3D('',#3146,#2428,#2429);
#2127=AXIS2_PLACEMENT_3D('',#3148,#2430,#2431);
#2128=AXIS2_PLACEMENT_3D('',#3150,#2432,#2433);
#2129=AXIS2_PLACEMENT_3D('',#3152,#2434,#2435);
#2130=AXIS2_PLACEMENT_3D('',#3154,#2436,#2437);
#2131=AXIS2_PLACEMENT_3D('',#3156,#2438,#2439);
#2132=AXIS2_PLACEMENT_3D('',#3158,#2440,#2441);
#2133=AXIS2_PLACEMENT_3D('',#3160,#2442,#2443);
#2134=AXIS2_PLACEMENT_3D('',#3162,#2444,#2445);
#2135=AXIS2_PLACEMENT_3D('',#3164,#2446,#2447);
#2136=AXIS2_PLACEMENT_3D('',#3166,#2448,#2449);
#2137=AXIS2_PLACEMENT_3D('',#3168,#2450,#2451);
#2138=AXIS2_PLACEMENT_3D('',#3170,#2452,#2453);
#2139=AXIS2_PLACEMENT_3D('',#3172,#2454,#2455);
#2140=AXIS2_PLACEMENT_3D('',#3174,#2456,#2457);
#2141=AXIS2_PLACEMENT_3D('',#3176,#2458,#2459);
#2142=AXIS2_PLACEMENT_3D('',#3178,#2460,#2461);
#2143=AXIS2_PLACEMENT_3D('',#3180,#2462,#2463);
#2144=AXIS2_PLACEMENT_3D('',#3182,#2464,#2465);
#2145=AXIS2_PLACEMENT_3D('',#3184,#2466,#2467);
#2146=AXIS2_PLACEMENT_3D('',#3186,#2468,#2469);
#2147=AXIS2_PLACEMENT_3D('',#3188,#2470,#2471);
#2148=AXIS2_PLACEMENT_3D('',#3190,#2472,#2473);
#2149=AXIS2_PLACEMENT_3D('',#3192,#2474,#2475);
#2150=AXIS2_PLACEMENT_3D('',#3194,#2476,#2477);
#2151=AXIS2_PLACEMENT_3D('',#3196,#2478,#2479);
#2152=AXIS2_PLACEMENT_3D('',#3198,#2480,#2481);
#2153=AXIS2_PLACEMENT_3D('',#3200,#2482,#2483);
#2154=AXIS2_PLACEMENT_3D('',#3202,#2484,#2485);
#2155=AXIS2_PLACEMENT_3D('',#3204,#2486,#2487);
#2156=AXIS2_PLACEMENT_3D('',#3207,#2489,#2490);
#2157=AXIS2_PLACEMENT_3D('',#3209,#2491,#2492);
#2158=AXIS2_PLACEMENT_3D('',#3211,#2493,#2494);
#2159=AXIS2_PLACEMENT_3D('',#3213,#2495,#2496);
#2160=AXIS2_PLACEMENT_3D('',#3215,#2497,#2498);
#2161=AXIS2_PLACEMENT_3D('',#3217,#2499,#2500);
#2162=AXIS2_PLACEMENT_3D('',#3219,#2501,#2502);
#2163=AXIS2_PLACEMENT_3D('',#3221,#2503,#2504);
#2164=AXIS2_PLACEMENT_3D('',#3223,#2505,#2506);
#2165=AXIS2_PLACEMENT_3D('',#3225,#2507,#2508);
#2166=AXIS2_PLACEMENT_3D('',#3226,#2509,#2510);
#2167=AXIS2_PLACEMENT_3D('',#3229,#2511,#2512);
#2168=AXIS2_PLACEMENT_3D('',#3230,#2513,#2514);
#2169=AXIS2_PLACEMENT_3D('',#3231,#2515,#2516);
#2170=AXIS2_PLACEMENT_3D('',#3232,#2517,#2518);
#2171=AXIS2_PLACEMENT_3D('',#3234,#2519,#2520);
#2172=AXIS2_PLACEMENT_3D('',#3236,#2522,#2523);
#2173=AXIS2_PLACEMENT_3D('',#3238,#2524,#2525);
#2174=AXIS2_PLACEMENT_3D('',#3239,#2526,#2527);
#2175=AXIS2_PLACEMENT_3D('',#3242,#2528,#2529);
#2176=AXIS2_PLACEMENT_3D('',#3243,#2530,#2531);
#2177=AXIS2_PLACEMENT_3D('',#3245,#2533,#2534);
#2178=AXIS2_PLACEMENT_3D('',#3247,#2535,#2536);
#2179=AXIS2_PLACEMENT_3D('',#3249,#2538,#2539);
#2180=AXIS2_PLACEMENT_3D('',#3251,#2540,#2541);
#2181=AXIS2_PLACEMENT_3D('',#3252,#2542,#2543);
#2182=AXIS2_PLACEMENT_3D('',#3255,#2545,#2546);
#2183=AXIS2_PLACEMENT_3D('',#3256,#2547,#2548);
#2184=AXIS2_PLACEMENT_3D('',#3258,#2549,#2550);
#2185=AXIS2_PLACEMENT_3D('',#3259,#2551,#2552);
#2186=AXIS2_PLACEMENT_3D('',#3262,#2553,#2554);
#2187=AXIS2_PLACEMENT_3D('',#3266,#2556,#2557);
#2188=AXIS2_PLACEMENT_3D('',#3272,#2560,#2561);
#2189=AXIS2_PLACEMENT_3D('',#3278,#2564,#2565);
#2190=AXIS2_PLACEMENT_3D('',#3282,#2567,#2568);
#2191=AXIS2_PLACEMENT_3D('',#3283,#2569,#2570);
#2192=AXIS2_PLACEMENT_3D('',#3285,#2571,#2572);
#2193=AXIS2_PLACEMENT_3D('',#3286,#2573,#2574);
#2194=AXIS2_PLACEMENT_3D('',#3290,#2576,#2577);
#2195=AXIS2_PLACEMENT_3D('',#3292,#2579,#2580);
#2196=AXIS2_PLACEMENT_3D('',#3294,#2581,#2582);
#2197=AXIS2_PLACEMENT_3D('',#3296,#2584,#2585);
#2198=AXIS2_PLACEMENT_3D('',#3304,#2590,#2591);
#2199=AXIS2_PLACEMENT_3D('',#3309,#2593,#2594);
#2200=AXIS2_PLACEMENT_3D('',#3323,#2596,#2597);
#2201=AXIS2_PLACEMENT_3D('',#3324,#2598,#2599);
#2202=AXIS2_PLACEMENT_3D('',#3329,#2603,#2604);
#2203=AXIS2_PLACEMENT_3D('',#3335,#2608,#2609);
#2204=AXIS2_PLACEMENT_3D('',#3337,#2611,#2612);
#2205=AXIS2_PLACEMENT_3D('',#3339,#2613,#2614);
#2206=AXIS2_PLACEMENT_3D('',#3344,#2617,#2618);
#2207=AXIS2_PLACEMENT_3D('',#3345,#2619,#2620);
#2208=AXIS2_PLACEMENT_3D('',#3347,#2621,#2622);
#2209=AXIS2_PLACEMENT_3D('',#3349,#2624,#2625);
#2210=AXIS2_PLACEMENT_3D('',#3354,#2629,#2630);
#2211=AXIS2_PLACEMENT_3D('',#3356,#2631,#2632);
#2212=AXIS2_PLACEMENT_3D('',#3369,#2634,#2635);
#2213=AXIS2_PLACEMENT_3D('',#3371,#2636,#2637);
#2214=AXIS2_PLACEMENT_3D('',#3374,#2639,#2640);
#2215=AXIS2_PLACEMENT_3D('',#3375,#2641,#2642);
#2216=AXIS2_PLACEMENT_3D('',#3378,#2644,#2645);
#2217=AXIS2_PLACEMENT_3D('',#3379,#2646,#2647);
#2218=AXIS2_PLACEMENT_3D('',#3380,#2648,#2649);
#2219=AXIS2_PLACEMENT_3D('',#3382,#2651,#2652);
#2220=AXIS2_PLACEMENT_3D('',#3388,#2656,#2657);
#2221=AXIS2_PLACEMENT_3D('',#3389,#2658,#2659);
#2222=AXIS2_PLACEMENT_3D('',#3390,#2660,#2661);
#2223=AXIS2_PLACEMENT_3D('',#3395,#2663,#2664);
#2224=AXIS2_PLACEMENT_3D('',#3397,#2665,#2666);
#2225=AXIS2_PLACEMENT_3D('',#3399,#2667,#2668);
#2226=AXIS2_PLACEMENT_3D('',#3401,#2669,#2670);
#2227=AXIS2_PLACEMENT_3D('',#3403,#2671,#2672);
#2228=AXIS2_PLACEMENT_3D('',#3405,#2673,#2674);
#2229=AXIS2_PLACEMENT_3D('',#3407,#2675,#2676);
#2230=AXIS2_PLACEMENT_3D('',#3409,#2677,#2678);
#2231=AXIS2_PLACEMENT_3D('',#3411,#2679,#2680);
#2232=AXIS2_PLACEMENT_3D('',#3413,#2681,#2682);
#2233=AXIS2_PLACEMENT_3D('',#3415,#2683,#2684);
#2234=AXIS2_PLACEMENT_3D('',#3417,#2685,#2686);
#2235=AXIS2_PLACEMENT_3D('',#3419,#2687,#2688);
#2236=AXIS2_PLACEMENT_3D('',#3421,#2689,#2690);
#2237=AXIS2_PLACEMENT_3D('',#3423,#2691,#2692);
#2238=AXIS2_PLACEMENT_3D('',#3425,#2693,#2694);
#2239=AXIS2_PLACEMENT_3D('',#3427,#2695,#2696);
#2240=AXIS2_PLACEMENT_3D('',#3429,#2697,#2698);
#2241=AXIS2_PLACEMENT_3D('',#3431,#2699,#2700);
#2242=AXIS2_PLACEMENT_3D('',#3433,#2701,#2702);
#2243=AXIS2_PLACEMENT_3D('',#3435,#2703,#2704);
#2244=AXIS2_PLACEMENT_3D('',#3437,#2705,#2706);
#2245=AXIS2_PLACEMENT_3D('',#3439,#2707,#2708);
#2246=AXIS2_PLACEMENT_3D('',#3441,#2709,#2710);
#2247=AXIS2_PLACEMENT_3D('',#3443,#2711,#2712);
#2248=AXIS2_PLACEMENT_3D('',#3445,#2713,#2714);
#2249=AXIS2_PLACEMENT_3D('',#3447,#2715,#2716);
#2250=AXIS2_PLACEMENT_3D('',#3449,#2717,#2718);
#2251=AXIS2_PLACEMENT_3D('',#3451,#2719,#2720);
#2252=AXIS2_PLACEMENT_3D('',#3453,#2721,#2722);
#2253=AXIS2_PLACEMENT_3D('',#3455,#2723,#2724);
#2254=AXIS2_PLACEMENT_3D('',#3457,#2725,#2726);
#2255=AXIS2_PLACEMENT_3D('',#3459,#2727,#2728);
#2256=AXIS2_PLACEMENT_3D('',#3461,#2729,#2730);
#2257=AXIS2_PLACEMENT_3D('',#3463,#2731,#2732);
#2258=AXIS2_PLACEMENT_3D('',#3467,#2734,#2735);
#2259=AXIS2_PLACEMENT_3D('',#3469,#2736,#2737);
#2260=AXIS2_PLACEMENT_3D('',#3470,#2738,#2739);
#2261=AXIS2_PLACEMENT_3D('',#3472,#2740,#2741);
#2262=AXIS2_PLACEMENT_3D('',#3474,#2742,#2743);
#2263=AXIS2_PLACEMENT_3D('',#3476,#2744,#2745);
#2264=AXIS2_PLACEMENT_3D('',#3478,#2746,#2747);
#2265=AXIS2_PLACEMENT_3D('',#3480,#2748,#2749);
#2266=AXIS2_PLACEMENT_3D('',#3482,#2750,#2751);
#2267=AXIS2_PLACEMENT_3D('',#3484,#2752,#2753);
#2268=AXIS2_PLACEMENT_3D('',#3485,#2754,#2755);
#2269=AXIS2_PLACEMENT_3D('',#3487,#2756,#2757);
#2270=AXIS2_PLACEMENT_3D('',#3488,#2758,#2759);
#2271=AXIS2_PLACEMENT_3D('',#3491,#2760,#2761);
#2272=AXIS2_PLACEMENT_3D('',#3493,#2763,#2764);
#2273=AXIS2_PLACEMENT_3D('',#3494,#2765,#2766);
#2274=AXIS2_PLACEMENT_3D('',#3496,#2767,#2768);
#2275=AXIS2_PLACEMENT_3D('',#3498,#2770,#2771);
#2276=AXIS2_PLACEMENT_3D('',#3501,#2773,#2774);
#2277=AXIS2_PLACEMENT_3D('',#3504,#2775,#2776);
#2278=AXIS2_PLACEMENT_3D('',#3506,#2778,#2779);
#2279=AXIS2_PLACEMENT_3D('',#3507,#2780,#2781);
#2280=AXIS2_PLACEMENT_3D('',#3509,#2782,#2783);
#2281=AXIS2_PLACEMENT_3D('',#3511,#2785,#2786);
#2282=AXIS2_PLACEMENT_3D('',#3514,#2788,#2789);
#2283=AXIS2_PLACEMENT_3D('',#3516,#2790,#2791);
#2284=AXIS2_PLACEMENT_3D('',#3518,#2793,#2794);
#2285=AXIS2_PLACEMENT_3D('',#3520,#2795,#2796);
#2286=AXIS2_PLACEMENT_3D('',#3522,#2798,#2799);
#2287=AXIS2_PLACEMENT_3D('',#3525,#2801,#2802);
#2288=AXIS2_PLACEMENT_3D('',#3528,#2803,#2804);
#2289=AXIS2_PLACEMENT_3D('',#3529,#2805,#2806);
#2290=AXIS2_PLACEMENT_3D('',#3531,#2808,#2809);
#2291=AXIS2_PLACEMENT_3D('',#3533,#2810,#2811);
#2292=AXIS2_PLACEMENT_3D('',#3535,#2813,#2814);
#2293=AXIS2_PLACEMENT_3D('',#3538,#2816,#2817);
#2294=AXIS2_PLACEMENT_3D('',#3541,#2818,#2819);
#2295=AXIS2_PLACEMENT_3D('',#3542,#2820,#2821);
#2296=AXIS2_PLACEMENT_3D('',#3544,#2823,#2824);
#2297=AXIS2_PLACEMENT_3D('',#3546,#2825,#2826);
#2298=AXIS2_PLACEMENT_3D('',#3548,#2828,#2829);
#2299=AXIS2_PLACEMENT_3D('',#3551,#2831,#2832);
#2300=AXIS2_PLACEMENT_3D('',#3554,#2833,#2834);
#2301=AXIS2_PLACEMENT_3D('',#3555,#2835,#2836);
#2302=AXIS2_PLACEMENT_3D('',#3557,#2838,#2839);
#2303=AXIS2_PLACEMENT_3D('',#3559,#2840,#2841);
#2304=AXIS2_PLACEMENT_3D('',#3561,#2843,#2844);
#2305=AXIS2_PLACEMENT_3D('',#3564,#2846,#2847);
#2306=AXIS2_PLACEMENT_3D('',#3567,#2848,#2849);
#2307=AXIS2_PLACEMENT_3D('',#3568,#2850,#2851);
#2308=AXIS2_PLACEMENT_3D('',#3570,#2853,#2854);
#2309=AXIS2_PLACEMENT_3D('',#3572,#2855,#2856);
#2310=AXIS2_PLACEMENT_3D('',#3574,#2858,#2859);
#2311=AXIS2_PLACEMENT_3D('',#3577,#2861,#2862);
#2312=AXIS2_PLACEMENT_3D('',#3580,#2863,#2864);
#2313=AXIS2_PLACEMENT_3D('',#3582,#2866,#2867);
#2314=AXIS2_PLACEMENT_3D('',#3583,#2868,#2869);
#2315=AXIS2_PLACEMENT_3D('',#3585,#2870,#2871);
#2316=AXIS2_PLACEMENT_3D('',#3587,#2873,#2874);
#2317=AXIS2_PLACEMENT_3D('',#3590,#2876,#2877);
#2318=AXIS2_PLACEMENT_3D('',#3593,#2880,#2881);
#2319=AXIS2_PLACEMENT_3D('',#3595,#2883,#2884);
#2320=AXIS2_PLACEMENT_3D('',#3597,#2886,#2887);
#2321=AXIS2_PLACEMENT_3D('',#3600,#2890,#2891);
#2322=AXIS2_PLACEMENT_3D('',#3603,#2894,#2895);
#2323=AXIS2_PLACEMENT_3D('',#3606,#2898,#2899);
#2324=AXIS2_PLACEMENT_3D('',#3609,#2902,#2903);
#2325=AXIS2_PLACEMENT_3D('',#3612,#2906,#2907);
#2326=AXIS2_PLACEMENT_3D('',#3615,#2910,#2911);
#2327=AXIS2_PLACEMENT_3D('',#3618,#2914,#2915);
#2328=AXIS2_PLACEMENT_3D('',#3620,#2917,#2918);
#2329=AXIS2_PLACEMENT_3D('',#3623,#2921,#2922);
#2330=AXIS2_PLACEMENT_3D('',#3625,#2924,#2925);
#2331=AXIS2_PLACEMENT_3D('',#3627,#2927,#2928);
#2332=AXIS2_PLACEMENT_3D('',#3628,#2929,#2930);
#2333=AXIS2_PLACEMENT_3D('',#3630,#2932,#2933);
#2334=AXIS2_PLACEMENT_3D('',#3632,#2935,#2936);
#2335=AXIS2_PLACEMENT_3D('',#3633,#2937,#2938);
#2336=AXIS2_PLACEMENT_3D('',#3635,#2940,#2941);
#2337=AXIS2_PLACEMENT_3D('',#3637,#2943,#2944);
#2338=AXIS2_PLACEMENT_3D('',#3638,#2945,#2946);
#2339=AXIS2_PLACEMENT_3D('',#3640,#2948,#2949);
#2340=AXIS2_PLACEMENT_3D('',#3642,#2951,#2952);
#2341=AXIS2_PLACEMENT_3D('',#3643,#2953,#2954);
#2342=AXIS2_PLACEMENT_3D('',#3645,#2956,#2957);
#2343=AXIS2_PLACEMENT_3D('',#3647,#2959,#2960);
#2344=AXIS2_PLACEMENT_3D('',#3648,#2961,#2962);
#2345=AXIS2_PLACEMENT_3D('',#3650,#2964,#2965);
#2346=AXIS2_PLACEMENT_3D('',#3652,#2967,#2968);
#2347=AXIS2_PLACEMENT_3D('',#3653,#2969,#2970);
#2348=AXIS2_PLACEMENT_3D('',#3655,#2972,#2973);
#2349=AXIS2_PLACEMENT_3D('',#3657,#2975,#2976);
#2350=AXIS2_PLACEMENT_3D('',#3658,#2977,#2978);
#2351=AXIS2_PLACEMENT_3D('',#3660,#2980,#2981);
#2352=AXIS2_PLACEMENT_3D('',#3662,#2983,#2984);
#2353=AXIS2_PLACEMENT_3D('',#3663,#2985,#2986);
#2354=AXIS2_PLACEMENT_3D('',#3665,#2988,#2989);
#2355=AXIS2_PLACEMENT_3D('',#3667,#2991,#2992);
#2356=AXIS2_PLACEMENT_3D('',#3669,#2994,#2995);
#2357=AXIS2_PLACEMENT_3D('',#3670,#2996,#2997);
#2358=AXIS2_PLACEMENT_3D('',#3672,#2999,#3000);
#2359=AXIS2_PLACEMENT_3D('',#3673,#3001,#3002);
#2360=AXIS2_PLACEMENT_3D('',#3674,#3003,#3004);
#2361=AXIS2_PLACEMENT_3D('',#3677,#3005,#3006);
#2362=AXIS2_PLACEMENT_3D('',#3679,#3008,#3009);
#2363=AXIS2_PLACEMENT_3D('',#3680,#3010,#3011);
#2364=AXIS2_PLACEMENT_3D('',#3682,#3012,#3013);
#2365=AXIS2_PLACEMENT_3D('',#3684,#3015,#3016);
#2366=AXIS2_PLACEMENT_3D('',#3687,#3018,#3019);
#2367=AXIS2_PLACEMENT_3D('',#3690,#3020,#3021);
#2368=AXIS2_PLACEMENT_3D('',#3692,#3023,#3024);
#2369=AXIS2_PLACEMENT_3D('',#3693,#3025,#3026);
#2370=AXIS2_PLACEMENT_3D('',#3695,#3027,#3028);
#2371=AXIS2_PLACEMENT_3D('',#3697,#3030,#3031);
#2372=AXIS2_PLACEMENT_3D('',#3700,#3033,#3034);
#2373=AXIS2_PLACEMENT_3D('',#3703,#3035,#3036);
#2374=AXIS2_PLACEMENT_3D('',#3704,#3037,#3038);
#2375=AXIS2_PLACEMENT_3D('',#3706,#3040,#3041);
#2376=AXIS2_PLACEMENT_3D('',#3708,#3042,#3043);
#2377=AXIS2_PLACEMENT_3D('',#3710,#3045,#3046);
#2378=AXIS2_PLACEMENT_3D('',#3713,#3048,#3049);
#2379=AXIS2_PLACEMENT_3D('',#3716,#3050,#3051);
#2380=AXIS2_PLACEMENT_3D('',#3718,#3053,#3054);
#2381=AXIS2_PLACEMENT_3D('',#3719,#3055,#3056);
#2382=AXIS2_PLACEMENT_3D('',#3721,#3057,#3058);
#2383=AXIS2_PLACEMENT_3D('',#3723,#3060,#3061);
#2384=AXIS2_PLACEMENT_3D('',#3726,#3063,#3064);
#2385=AXIS2_PLACEMENT_3D('',#3728,#3065,#3066);
#2386=AXIS2_PLACEMENT_3D('',#3730,#3068,#3069);
#2387=AXIS2_PLACEMENT_3D('',#3732,#3070,#3071);
#2388=AXIS2_PLACEMENT_3D('',#3734,#3073,#3074);
#2389=AXIS2_PLACEMENT_3D('',#3737,#3076,#3077);
#2390=AXIS2_PLACEMENT_3D('',#3740,#3078,#3079);
#2391=AXIS2_PLACEMENT_3D('',#3741,#3080,#3081);
#2392=AXIS2_PLACEMENT_3D('',#3743,#3083,#3084);
#2393=AXIS2_PLACEMENT_3D('',#3745,#3085,#3086);
#2394=AXIS2_PLACEMENT_3D('',#3747,#3088,#3089);
#2395=AXIS2_PLACEMENT_3D('',#3750,#3091,#3092);
#2396=AXIS2_PLACEMENT_3D('',#3753,#3093,#3094);
#2397=AXIS2_PLACEMENT_3D('',#3754,#3095,#3096);
#2398=AXIS2_PLACEMENT_3D('',#3756,#3098,#3099);
#2399=AXIS2_PLACEMENT_3D('',#3758,#3100,#3101);
#2400=AXIS2_PLACEMENT_3D('',#3760,#3103,#3104);
#2401=AXIS2_PLACEMENT_3D('',#3763,#3106,#3107);
#2402=AXIS2_PLACEMENT_3D('',#3766,#3108,#3109);
#2403=AXIS2_PLACEMENT_3D('',#3767,#3110,#3111);
#2404=AXIS2_PLACEMENT_3D('',#3769,#3113,#3114);
#2405=AXIS2_PLACEMENT_3D('',#3771,#3115,#3116);
#2406=AXIS2_PLACEMENT_3D('',#3773,#3118,#3119);
#2407=AXIS2_PLACEMENT_3D('',#3776,#3121,#3122);
#2408=AXIS2_PLACEMENT_3D('',#3778,#3124,#3125);
#2409=DIRECTION('axis',(0.,0.,1.));
#2410=DIRECTION('refdir',(1.,0.,0.));
#2411=DIRECTION('center_axis',(0.,0.,1.));
#2412=DIRECTION('ref_axis',(1.,0.,0.));
#2413=DIRECTION('center_axis',(0.,0.,-1.));
#2414=DIRECTION('ref_axis',(-0.989984446419367,-0.141176470588195,0.));
#2415=DIRECTION('center_axis',(0.,0.,-1.));
#2416=DIRECTION('ref_axis',(-0.989984446419367,0.141176470588195,0.));
#2417=DIRECTION('',(1.,0.,0.));
#2418=DIRECTION('center_axis',(0.,0.,1.));
#2419=DIRECTION('ref_axis',(0.,-1.,0.));
#2420=DIRECTION('center_axis',(0.,0.,-1.));
#2421=DIRECTION('ref_axis',(-0.981691815623252,0.190476190476191,0.));
#2422=DIRECTION('center_axis',(0.,0.,1.));
#2423=DIRECTION('ref_axis',(0.960080922601542,-0.279722401778213,0.));
#2424=DIRECTION('center_axis',(0.,0.,-1.));
#2425=DIRECTION('ref_axis',(-0.680883767780788,-0.732391490101187,0.));
#2426=DIRECTION('center_axis',(0.,0.,1.));
#2427=DIRECTION('ref_axis',(-0.0364214597362717,-0.99933651853151,0.));
#2428=DIRECTION('center_axis',(0.,0.,-1.));
#2429=DIRECTION('ref_axis',(-0.876673338006549,0.481086123712227,0.));
#2430=DIRECTION('center_axis',(0.,0.,1.));
#2431=DIRECTION('ref_axis',(0.481086123712227,-0.876673338006548,0.));
#2432=DIRECTION('center_axis',(0.,0.,-1.));
#2433=DIRECTION('ref_axis',(-0.999336518531509,-0.0364214597362902,0.));
#2434=DIRECTION('center_axis',(0.,0.,1.));
#2435=DIRECTION('ref_axis',(-0.732391490101237,-0.680883767780735,0.));
#2436=DIRECTION('center_axis',(0.,0.,-1.));
#2437=DIRECTION('ref_axis',(-0.279722401778213,0.960080922601542,0.));
#2438=DIRECTION('center_axis',(0.,0.,1.));
#2439=DIRECTION('ref_axis',(-0.279722401778213,-0.960080922601542,0.));
#2440=DIRECTION('center_axis',(0.,0.,-1.));
#2441=DIRECTION('ref_axis',(-0.732391490101237,0.680883767780735,0.));
#2442=DIRECTION('center_axis',(0.,0.,1.));
#2443=DIRECTION('ref_axis',(-0.99933651853151,0.036421459736289,0.));
#2444=DIRECTION('center_axis',(0.,0.,-1.));
#2445=DIRECTION('ref_axis',(0.481086123712227,0.876673338006549,0.));
#2446=DIRECTION('center_axis',(0.,0.,1.));
#2447=DIRECTION('ref_axis',(-0.876673338006548,-0.481086123712227,0.));
#2448=DIRECTION('center_axis',(0.,0.,-1.));
#2449=DIRECTION('ref_axis',(-0.0364214597362902,0.999336518531509,0.));
#2450=DIRECTION('center_axis',(0.,0.,1.));
#2451=DIRECTION('ref_axis',(-0.680883767780631,0.732391490101334,0.));
#2452=DIRECTION('center_axis',(0.,0.,-1.));
#2453=DIRECTION('ref_axis',(0.960080922601542,0.279722401778213,0.));
#2454=DIRECTION('center_axis',(0.,0.,1.));
#2455=DIRECTION('ref_axis',(-0.960080922601542,0.279722401778213,0.));
#2456=DIRECTION('center_axis',(0.,0.,-1.));
#2457=DIRECTION('ref_axis',(0.680883767780684,0.732391490101284,0.));
#2458=DIRECTION('center_axis',(0.,0.,1.));
#2459=DIRECTION('ref_axis',(0.036421459736289,0.99933651853151,0.));
#2460=DIRECTION('center_axis',(0.,0.,-1.));
#2461=DIRECTION('ref_axis',(0.876673338006549,-0.481086123712227,0.));
#2462=DIRECTION('center_axis',(0.,0.,1.));
#2463=DIRECTION('ref_axis',(-0.481086123712227,0.876673338006548,0.));
#2464=DIRECTION('center_axis',(0.,0.,-1.));
#2465=DIRECTION('ref_axis',(0.999336518531509,0.0364214597362994,0.));
#2466=DIRECTION('center_axis',(0.,0.,1.));
#2467=DIRECTION('ref_axis',(0.732391490101282,0.680883767780686,0.));
#2468=DIRECTION('center_axis',(0.,0.,-1.));
#2469=DIRECTION('ref_axis',(0.279722401778213,-0.960080922601542,0.));
#2470=DIRECTION('center_axis',(0.,0.,1.));
#2471=DIRECTION('ref_axis',(0.279722401778213,0.960080922601542,0.));
#2472=DIRECTION('center_axis',(0.,0.,-1.));
#2473=DIRECTION('ref_axis',(0.732391490101237,-0.680883767780735,0.));
#2474=DIRECTION('center_axis',(0.,0.,1.));
#2475=DIRECTION('ref_axis',(0.99933651853151,-0.036421459736289,0.));
#2476=DIRECTION('center_axis',(0.,0.,-1.));
#2477=DIRECTION('ref_axis',(-0.481086123712227,-0.876673338006549,0.));
#2478=DIRECTION('center_axis',(0.,0.,1.));
#2479=DIRECTION('ref_axis',(0.876673338006548,0.481086123712227,0.));
#2480=DIRECTION('center_axis',(0.,0.,-1.));
#2481=DIRECTION('ref_axis',(0.0364214597362994,-0.999336518531509,0.));
#2482=DIRECTION('center_axis',(0.,0.,1.));
#2483=DIRECTION('ref_axis',(0.680883767780686,-0.732391490101282,0.));
#2484=DIRECTION('center_axis',(0.,0.,-1.));
#2485=DIRECTION('ref_axis',(-0.960080922601542,-0.279722401778213,0.));
#2486=DIRECTION('center_axis',(0.,0.,1.));
#2487=DIRECTION('ref_axis',(0.981691815623253,0.190476190476189,0.));
#2488=DIRECTION('',(-1.,0.,0.));
#2489=DIRECTION('center_axis',(0.,0.,-1.));
#2490=DIRECTION('ref_axis',(0.,-1.,0.));
#2491=DIRECTION('center_axis',(0.,0.,1.));
#2492=DIRECTION('ref_axis',(1.,0.,0.));
#2493=DIRECTION('center_axis',(0.,0.,1.));
#2494=DIRECTION('ref_axis',(-0.707106781186498,-0.707106781186597,0.));
#2495=DIRECTION('center_axis',(0.,0.,1.));
#2496=DIRECTION('ref_axis',(0.,1.,0.));
#2497=DIRECTION('center_axis',(0.,0.,1.));
#2498=DIRECTION('ref_axis',(0.707106781186548,-0.707106781186547,0.));
#2499=DIRECTION('center_axis',(0.,0.,1.));
#2500=DIRECTION('ref_axis',(0.,-1.,0.));
#2501=DIRECTION('center_axis',(0.,0.,1.));
#2502=DIRECTION('ref_axis',(-0.707106781186547,-0.707106781186548,0.));
#2503=DIRECTION('center_axis',(0.,0.,1.));
#2504=DIRECTION('ref_axis',(-1.,0.,0.));
#2505=DIRECTION('center_axis',(0.,0.,1.));
#2506=DIRECTION('ref_axis',(0.707106781186597,-0.707106781186498,0.));
#2507=DIRECTION('center_axis',(0.,0.,-1.));
#2508=DIRECTION('ref_axis',(0.,1.,0.));
#2509=DIRECTION('center_axis',(0.,0.,-1.));
#2510=DIRECTION('ref_axis',(0.00712658845068492,-0.999974605546088,0.));
#2511=DIRECTION('center_axis',(0.,0.,-1.));
#2512=DIRECTION('ref_axis',(0.,-1.,0.));
#2513=DIRECTION('center_axis',(0.,0.,-1.));
#2514=DIRECTION('ref_axis',(0.,-1.,0.));
#2515=DIRECTION('center_axis',(-0.999974605546088,-0.0071265884506848,0.));
#2516=DIRECTION('ref_axis',(-0.0071265884506848,0.999974605546088,0.));
#2517=DIRECTION('center_axis',(0.,0.,-1.));
#2518=DIRECTION('ref_axis',(0.,1.,0.));
#2519=DIRECTION('center_axis',(0.,0.,-1.));
#2520=DIRECTION('ref_axis',(0.,1.,0.));
#2521=DIRECTION('',(0.,0.,1.));
#2522=DIRECTION('center_axis',(0.,0.,-1.));
#2523=DIRECTION('ref_axis',(0.,-1.,0.));
#2524=DIRECTION('center_axis',(0.,0.,1.));
#2525=DIRECTION('ref_axis',(0.,1.,0.));
#2526=DIRECTION('center_axis',(0.,0.,-1.));
#2527=DIRECTION('ref_axis',(0.,-1.,0.));
#2528=DIRECTION('center_axis',(0.,0.,1.));
#2529=DIRECTION('ref_axis',(0.,-1.,0.));
#2530=DIRECTION('center_axis',(0.,0.,1.));
#2531=DIRECTION('ref_axis',(0.,-1.,0.));
#2532=DIRECTION('',(8.65956056235364E-17,0.707106781186442,-0.707106781186653));
#2533=DIRECTION('center_axis',(0.,0.,-1.));
#2534=DIRECTION('ref_axis',(0.,1.,0.));
#2535=DIRECTION('center_axis',(0.,0.,-1.));
#2536=DIRECTION('ref_axis',(0.,-1.,0.));
#2537=DIRECTION('',(0.,0.,-1.));
#2538=DIRECTION('center_axis',(0.,0.,1.));
#2539=DIRECTION('ref_axis',(1.,0.,0.));
#2540=DIRECTION('center_axis',(0.,0.,1.));
#2541=DIRECTION('ref_axis',(0.,1.,0.));
#2542=DIRECTION('center_axis',(0.,0.,1.));
#2543=DIRECTION('ref_axis',(0.,1.,0.));
#2544=DIRECTION('',(0.,0.,1.));
#2545=DIRECTION('center_axis',(0.,0.,-1.));
#2546=DIRECTION('ref_axis',(0.,1.,0.));
#2547=DIRECTION('center_axis',(0.,0.,1.));
#2548=DIRECTION('ref_axis',(1.,0.,0.));
#2549=DIRECTION('center_axis',(0.,0.,-1.));
#2550=DIRECTION('ref_axis',(0.,-1.,0.));
#2551=DIRECTION('center_axis',(0.,0.,1.));
#2552=DIRECTION('ref_axis',(1.,0.,0.));
#2553=DIRECTION('center_axis',(0.,0.,1.));
#2554=DIRECTION('ref_axis',(-0.991388659367706,-0.1309523809524,0.));
#2555=DIRECTION('',(1.,0.,0.));
#2556=DIRECTION('center_axis',(0.,0.,1.));
#2557=DIRECTION('ref_axis',(0.,-1.,0.));
#2558=DIRECTION('',(0.,1.,0.));
#2559=DIRECTION('',(1.,0.,0.));
#2560=DIRECTION('center_axis',(0.,0.,1.));
#2561=DIRECTION('ref_axis',(-0.996092890099884,-0.0883116883116886,0.));
#2562=DIRECTION('',(-1.,0.,0.));
#2563=DIRECTION('',(0.,1.,0.));
#2564=DIRECTION('center_axis',(0.,0.,1.));
#2565=DIRECTION('ref_axis',(1.,0.,0.));
#2566=DIRECTION('',(-1.,0.,0.));
#2567=DIRECTION('center_axis',(0.,0.,1.));
#2568=DIRECTION('ref_axis',(1.38777878078144E-14,1.,0.));
#2569=DIRECTION('center_axis',(0.,0.,1.));
#2570=DIRECTION('ref_axis',(-0.991388659367706,0.130952380952401,0.));
#2571=DIRECTION('center_axis',(0.,0.,-1.));
#2572=DIRECTION('ref_axis',(1.,0.,0.));
#2573=DIRECTION('center_axis',(0.,0.,1.));
#2574=DIRECTION('ref_axis',(0.,-1.,0.));
#2575=DIRECTION('',(0.,0.,-1.));
#2576=DIRECTION('center_axis',(0.,0.,1.));
#2577=DIRECTION('ref_axis',(-0.991388659367706,0.130952380952401,0.));
#2578=DIRECTION('',(0.,0.,-1.));
#2579=DIRECTION('center_axis',(0.,0.,-1.));
#2580=DIRECTION('ref_axis',(0.,-1.,0.));
#2581=DIRECTION('center_axis',(0.,0.,-1.));
#2582=DIRECTION('ref_axis',(0.,-1.,0.));
#2583=DIRECTION('',(0.,0.,-1.));
#2584=DIRECTION('center_axis',(0.,-1.,0.));
#2585=DIRECTION('ref_axis',(0.,0.,-1.));
#2586=DIRECTION('',(-1.,0.,0.));
#2587=DIRECTION('',(0.,0.,-1.));
#2588=DIRECTION('',(-1.,0.,0.));
#2589=DIRECTION('',(0.,0.,1.));
#2590=DIRECTION('center_axis',(-1.,0.,0.));
#2591=DIRECTION('ref_axis',(0.,-1.,0.));
#2592=DIRECTION('',(-1.,0.,0.));
#2593=DIRECTION('center_axis',(0.996099244104991,-0.0882399858278673,2.81879979267301E-5));
#2594=DIRECTION('ref_axis',(-0.0882399865592008,-0.996099244103684,2.58476509814839E-5));
#2595=DIRECTION('',(-1.,0.,0.));
#2596=DIRECTION('center_axis',(-1.,0.,0.));
#2597=DIRECTION('ref_axis',(0.,-1.,0.));
#2598=DIRECTION('center_axis',(1.,0.,0.));
#2599=DIRECTION('ref_axis',(0.,1.,0.));
#2600=DIRECTION('',(0.,1.,0.));
#2601=DIRECTION('',(0.,0.,-1.));
#2602=DIRECTION('',(0.,0.,-1.));
#2603=DIRECTION('center_axis',(0.,1.,0.));
#2604=DIRECTION('ref_axis',(1.,0.,0.));
#2605=DIRECTION('',(0.,0.,1.));
#2606=DIRECTION('',(-1.,2.654178533151E-14,0.));
#2607=DIRECTION('',(-1.42108547152E-13,1.86517468137E-13,1.));
#2608=DIRECTION('center_axis',(0.,0.,1.));
#2609=DIRECTION('ref_axis',(0.,1.,0.));
#2610=DIRECTION('',(-0.0880769698555666,-0.996113671917549,0.));
#2611=DIRECTION('center_axis',(0.,0.,1.));
#2612=DIRECTION('ref_axis',(1.,0.,0.));
#2613=DIRECTION('center_axis',(0.,0.,-1.));
#2614=DIRECTION('ref_axis',(-0.996092890099884,0.0883116883116886,0.));
#2615=DIRECTION('',(-1.,-1.548270811005E-14,0.));
#2616=DIRECTION('',(0.0880769698555666,-0.996113671917549,0.));
#2617=DIRECTION('center_axis',(0.,0.,1.));
#2618=DIRECTION('ref_axis',(-0.996094047036411,-0.088298637920551,0.));
#2619=DIRECTION('center_axis',(0.,0.,1.));
#2620=DIRECTION('ref_axis',(0.,1.,0.));
#2621=DIRECTION('center_axis',(0.996099244105341,0.0882399858239125,2.81879968890002E-5));
#2622=DIRECTION('ref_axis',(-0.0831652947505665,0.938706603374171,0.334534671642236));
#2623=DIRECTION('',(0.,-1.33226762955E-14,1.));
#2624=DIRECTION('center_axis',(0.,-1.,0.));
#2625=DIRECTION('ref_axis',(0.,0.,-1.));
#2626=DIRECTION('',(0.,0.,1.));
#2627=DIRECTION('',(0.,0.,-1.));
#2628=DIRECTION('',(1.,0.,0.));
#2629=DIRECTION('center_axis',(1.,0.,0.));
#2630=DIRECTION('ref_axis',(0.,1.,0.));
#2631=DIRECTION('center_axis',(-1.,0.,0.));
#2632=DIRECTION('ref_axis',(0.,-1.3010426069826E-14,1.));
#2633=DIRECTION('',(1.,0.,0.));
#2634=DIRECTION('center_axis',(0.,0.,1.));
#2635=DIRECTION('ref_axis',(1.,0.,0.));
#2636=DIRECTION('center_axis',(0.,0.,1.));
#2637=DIRECTION('ref_axis',(-0.987908387955997,0.1550387596899,0.));
#2638=DIRECTION('',(1.,0.,0.));
#2639=DIRECTION('center_axis',(0.,0.,-1.));
#2640=DIRECTION('ref_axis',(0.,1.,0.));
#2641=DIRECTION('center_axis',(0.,0.,1.));
#2642=DIRECTION('ref_axis',(1.,0.,0.));
#2643=DIRECTION('',(0.,1.,0.));
#2644=DIRECTION('center_axis',(0.,0.,-1.));
#2645=DIRECTION('ref_axis',(1.,0.,0.));
#2646=DIRECTION('center_axis',(0.,0.,1.));
#2647=DIRECTION('ref_axis',(-0.995419136137376,-0.0956072351421177,0.));
#2648=DIRECTION('center_axis',(0.,0.,-1.));
#2649=DIRECTION('ref_axis',(0.,1.,0.));
#2650=DIRECTION('',(0.,0.,-1.));
#2651=DIRECTION('center_axis',(0.,1.,0.));
#2652=DIRECTION('ref_axis',(1.,0.,0.));
#2653=DIRECTION('',(1.,0.,0.));
#2654=DIRECTION('',(0.,0.,-1.));
#2655=DIRECTION('',(0.,0.,1.));
#2656=DIRECTION('center_axis',(0.,0.,-1.));
#2657=DIRECTION('ref_axis',(-0.991388659367706,0.1309523809524,0.));
#2658=DIRECTION('center_axis',(0.,0.,-1.));
#2659=DIRECTION('ref_axis',(-0.991388659367706,0.1309523809524,0.));
#2660=DIRECTION('center_axis',(0.,0.,1.));
#2661=DIRECTION('ref_axis',(1.,0.,0.));
#2662=DIRECTION('',(-1.,0.,0.));
#2663=DIRECTION('center_axis',(0.,0.,-1.));
#2664=DIRECTION('ref_axis',(0.,1.,0.));
#2665=DIRECTION('center_axis',(0.,0.,1.));
#2666=DIRECTION('ref_axis',(-0.981691815623252,-0.190476190476191,0.));
#2667=DIRECTION('center_axis',(0.,0.,-1.));
#2668=DIRECTION('ref_axis',(0.960080922601542,0.279722401778213,0.));
#2669=DIRECTION('center_axis',(0.,0.,-1.));
#2670=DIRECTION('ref_axis',(0.0364214597362994,-0.999336518531509,0.));
#2671=DIRECTION('center_axis',(0.,0.,-1.));
#2672=DIRECTION('ref_axis',(-0.0364214597362717,0.99933651853151,0.));
#2673=DIRECTION('center_axis',(0.,0.,1.));
#2674=DIRECTION('ref_axis',(-0.876673338006549,-0.481086123712227,0.));
#2675=DIRECTION('center_axis',(0.,0.,-1.));
#2676=DIRECTION('ref_axis',(0.481086123712227,0.876673338006548,0.));
#2677=DIRECTION('center_axis',(0.,0.,-1.));
#2678=DIRECTION('ref_axis',(0.732391490101237,-0.680883767780735,0.));
#2679=DIRECTION('center_axis',(0.,0.,-1.));
#2680=DIRECTION('ref_axis',(-0.732391490101237,0.680883767780735,0.));
#2681=DIRECTION('center_axis',(0.,0.,1.));
#2682=DIRECTION('ref_axis',(-0.279722401778213,-0.960080922601542,0.));
#2683=DIRECTION('center_axis',(0.,0.,-1.));
#2684=DIRECTION('ref_axis',(-0.279722401778213,0.960080922601542,0.));
#2685=DIRECTION('center_axis',(0.,0.,-1.));
#2686=DIRECTION('ref_axis',(0.999336518531507,0.0364214597363711,0.));
#2687=DIRECTION('center_axis',(0.,0.,-1.));
#2688=DIRECTION('ref_axis',(-0.999336518531514,-0.0364214597361606,0.));
#2689=DIRECTION('center_axis',(0.,0.,1.));
#2690=DIRECTION('ref_axis',(0.481086123712227,-0.876673338006549,0.));
#2691=DIRECTION('center_axis',(0.,0.,-1.));
#2692=DIRECTION('ref_axis',(-0.876673338006548,0.481086123712227,0.));
#2693=DIRECTION('center_axis',(0.,0.,-1.));
#2694=DIRECTION('ref_axis',(0.680883767780684,0.732391490101284,0.));
#2695=DIRECTION('center_axis',(0.,0.,-1.));
#2696=DIRECTION('ref_axis',(-0.680883767780787,-0.732391490101188,0.));
#2697=DIRECTION('center_axis',(0.,0.,1.));
#2698=DIRECTION('ref_axis',(0.960080922601542,-0.279722401778213,0.));
#2699=DIRECTION('center_axis',(0.,0.,-1.));
#2700=DIRECTION('ref_axis',(-0.960080922601542,-0.279722401778213,0.));
#2701=DIRECTION('center_axis',(0.,0.,-1.));
#2702=DIRECTION('ref_axis',(-0.0364214597362902,0.999336518531509,0.));
#2703=DIRECTION('center_axis',(0.,0.,-1.));
#2704=DIRECTION('ref_axis',(0.036421459736289,-0.99933651853151,0.));
#2705=DIRECTION('center_axis',(0.,0.,1.));
#2706=DIRECTION('ref_axis',(0.876673338006549,0.481086123712227,0.));
#2707=DIRECTION('center_axis',(0.,0.,-1.));
#2708=DIRECTION('ref_axis',(-0.481086123712227,-0.876673338006548,0.));
#2709=DIRECTION('center_axis',(0.,0.,-1.));
#2710=DIRECTION('ref_axis',(-0.732391490101237,0.680883767780735,0.));
#2711=DIRECTION('center_axis',(0.,0.,-1.));
#2712=DIRECTION('ref_axis',(0.732391490101237,-0.680883767780735,0.));
#2713=DIRECTION('center_axis',(0.,0.,1.));
#2714=DIRECTION('ref_axis',(0.279722401778213,0.960080922601542,0.));
#2715=DIRECTION('center_axis',(0.,0.,-1.));
#2716=DIRECTION('ref_axis',(0.279722401778213,-0.960080922601542,0.));
#2717=DIRECTION('center_axis',(0.,0.,-1.));
#2718=DIRECTION('ref_axis',(-0.999336518531509,-0.0364214597362902,0.));
#2719=DIRECTION('center_axis',(0.,0.,-1.));
#2720=DIRECTION('ref_axis',(0.99933651853151,0.036421459736289,0.));
#2721=DIRECTION('center_axis',(0.,0.,1.));
#2722=DIRECTION('ref_axis',(-0.481086123712227,0.876673338006549,0.));
#2723=DIRECTION('center_axis',(0.,0.,-1.));
#2724=DIRECTION('ref_axis',(0.876673338006548,-0.481086123712227,0.));
#2725=DIRECTION('center_axis',(0.,0.,-1.));
#2726=DIRECTION('ref_axis',(-0.680883767780684,-0.732391490101284,0.));
#2727=DIRECTION('center_axis',(0.,0.,-1.));
#2728=DIRECTION('ref_axis',(0.680883767780839,0.732391490101141,0.));
#2729=DIRECTION('center_axis',(0.,0.,1.));
#2730=DIRECTION('ref_axis',(-0.960080922601542,0.279722401778213,0.));
#2731=DIRECTION('center_axis',(0.,0.,-1.));
#2732=DIRECTION('ref_axis',(0.981691815623253,-0.190476190476189,0.));
#2733=DIRECTION('',(1.,0.,0.));
#2734=DIRECTION('center_axis',(0.,0.,1.));
#2735=DIRECTION('ref_axis',(0.,1.,0.));
#2736=DIRECTION('center_axis',(0.,0.,-1.));
#2737=DIRECTION('ref_axis',(-0.989984446419367,-0.141176470588195,0.));
#2738=DIRECTION('center_axis',(0.,0.,1.));
#2739=DIRECTION('ref_axis',(-0.989984446419367,-0.141176470588195,0.));
#2740=DIRECTION('center_axis',(0.,0.,-1.));
#2741=DIRECTION('ref_axis',(0.707106781186547,0.707106781186548,0.));
#2742=DIRECTION('center_axis',(0.,0.,-1.));
#2743=DIRECTION('ref_axis',(0.,1.,0.));
#2744=DIRECTION('center_axis',(0.,0.,-1.));
#2745=DIRECTION('ref_axis',(-0.707106781186597,0.707106781186498,0.));
#2746=DIRECTION('center_axis',(0.,0.,-1.));
#2747=DIRECTION('ref_axis',(-1.,0.,0.));
#2748=DIRECTION('center_axis',(0.,0.,-1.));
#2749=DIRECTION('ref_axis',(0.707106781186547,0.707106781186548,0.));
#2750=DIRECTION('center_axis',(0.,0.,-1.));
#2751=DIRECTION('ref_axis',(0.,1.,0.));
#2752=DIRECTION('center_axis',(0.,0.,-1.));
#2753=DIRECTION('ref_axis',(-0.707106781186548,0.707106781186547,0.));
#2754=DIRECTION('center_axis',(0.,0.,-1.));
#2755=DIRECTION('ref_axis',(-0.987908387955997,0.1550387596899,0.));
#2756=DIRECTION('center_axis',(0.,0.,-1.));
#2757=DIRECTION('ref_axis',(-1.,0.,0.));
#2758=DIRECTION('center_axis',(0.,0.,1.));
#2759=DIRECTION('ref_axis',(0.,-1.,0.));
#2760=DIRECTION('center_axis',(0.,0.,-1.));
#2761=DIRECTION('ref_axis',(1.,0.,0.));
#2762=DIRECTION('',(-8.65956056235364E-17,0.707106781186442,0.707106781186653));
#2763=DIRECTION('center_axis',(0.,0.,-1.));
#2764=DIRECTION('ref_axis',(1.,0.,0.));
#2765=DIRECTION('center_axis',(0.,0.,1.));
#2766=DIRECTION('ref_axis',(-1.,0.,0.));
#2767=DIRECTION('center_axis',(0.,0.,-1.));
#2768=DIRECTION('ref_axis',(-1.,0.,0.));
#2769=DIRECTION('',(0.,0.,1.));
#2770=DIRECTION('center_axis',(0.,0.,1.));
#2771=DIRECTION('ref_axis',(-1.,0.,0.));
#2772=DIRECTION('',(0.857167300702012,1.0497271911385E-16,0.515038074910221));
#2773=DIRECTION('center_axis',(0.,0.,1.));
#2774=DIRECTION('ref_axis',(0.,-1.,0.));
#2775=DIRECTION('center_axis',(0.,0.,-1.));
#2776=DIRECTION('ref_axis',(-0.707106781186545,-0.70710678118655,0.));
#2777=DIRECTION('',(-8.65956056235364E-17,0.707106781186442,0.707106781186653));
#2778=DIRECTION('center_axis',(0.,0.,-1.));
#2779=DIRECTION('ref_axis',(-0.707106781186545,-0.70710678118655,0.));
#2780=DIRECTION('center_axis',(0.,0.,1.));
#2781=DIRECTION('ref_axis',(-0.707106781186545,-0.70710678118655,0.));
#2782=DIRECTION('center_axis',(0.,0.,1.));
#2783=DIRECTION('ref_axis',(-0.707106781186545,-0.70710678118655,0.));
#2784=DIRECTION('',(0.,0.,1.));
#2785=DIRECTION('center_axis',(0.,0.,1.));
#2786=DIRECTION('ref_axis',(-0.707106781186549,-0.707106781186546,0.));
#2787=DIRECTION('',(0.606108810937762,0.60610881093776,0.515038074910221));
#2788=DIRECTION('center_axis',(0.,0.,1.));
#2789=DIRECTION('ref_axis',(0.,-1.,0.));
#2790=DIRECTION('center_axis',(0.,0.,-1.));
#2791=DIRECTION('ref_axis',(0.,-1.,0.));
#2792=DIRECTION('',(-8.65956056235364E-17,0.707106781186442,0.707106781186653));
#2793=DIRECTION('center_axis',(0.,0.,1.));
#2794=DIRECTION('ref_axis',(0.,-1.,0.));
#2795=DIRECTION('center_axis',(0.,0.,1.));
#2796=DIRECTION('ref_axis',(0.,-1.,0.));
#2797=DIRECTION('',(0.,0.,1.));
#2798=DIRECTION('center_axis',(0.,0.,1.));
#2799=DIRECTION('ref_axis',(0.,-1.,0.));
#2800=DIRECTION('',(-1.0497271911385E-16,0.857167300702012,0.515038074910221));
#2801=DIRECTION('center_axis',(0.,0.,1.));
#2802=DIRECTION('ref_axis',(0.,-1.,0.));
#2803=DIRECTION('center_axis',(0.,0.,-1.));
#2804=DIRECTION('ref_axis',(0.70710678118655,-0.707106781186545,0.));
#2805=DIRECTION('center_axis',(0.,0.,-1.));
#2806=DIRECTION('ref_axis',(0.70710678118655,-0.707106781186545,0.));
#2807=DIRECTION('',(-8.65956056235364E-17,0.707106781186442,0.707106781186653));
#2808=DIRECTION('center_axis',(0.,0.,1.));
#2809=DIRECTION('ref_axis',(0.70710678118655,-0.707106781186545,0.));
#2810=DIRECTION('center_axis',(0.,0.,1.));
#2811=DIRECTION('ref_axis',(0.70710678118655,-0.707106781186545,0.));
#2812=DIRECTION('',(0.,0.,1.));
#2813=DIRECTION('center_axis',(0.,0.,1.));
#2814=DIRECTION('ref_axis',(0.707106781186546,-0.707106781186549,0.));
#2815=DIRECTION('',(-0.60610881093776,0.606108810937762,0.515038074910221));
#2816=DIRECTION('center_axis',(0.,0.,1.));
#2817=DIRECTION('ref_axis',(0.,-1.,0.));
#2818=DIRECTION('center_axis',(0.,0.,-1.));
#2819=DIRECTION('ref_axis',(1.,0.,0.));
#2820=DIRECTION('center_axis',(0.,0.,-1.));
#2821=DIRECTION('ref_axis',(1.,0.,0.));
#2822=DIRECTION('',(-8.65956056235364E-17,0.707106781186442,0.707106781186653));
#2823=DIRECTION('center_axis',(0.,0.,1.));
#2824=DIRECTION('ref_axis',(1.,0.,0.));
#2825=DIRECTION('center_axis',(0.,0.,1.));
#2826=DIRECTION('ref_axis',(1.,0.,0.));
#2827=DIRECTION('',(0.,0.,1.));
#2828=DIRECTION('center_axis',(0.,0.,1.));
#2829=DIRECTION('ref_axis',(1.,0.,0.));
#2830=DIRECTION('',(-0.857167300702012,-1.0497271911385E-16,0.515038074910221));
#2831=DIRECTION('center_axis',(0.,0.,1.));
#2832=DIRECTION('ref_axis',(0.,-1.,0.));
#2833=DIRECTION('center_axis',(0.,0.,-1.));
#2834=DIRECTION('ref_axis',(-0.707106781186545,-0.70710678118655,0.));
#2835=DIRECTION('center_axis',(0.,0.,-1.));
#2836=DIRECTION('ref_axis',(-0.707106781186545,-0.70710678118655,0.));
#2837=DIRECTION('',(-8.65956056235364E-17,0.707106781186442,0.707106781186653));
#2838=DIRECTION('center_axis',(0.,0.,1.));
#2839=DIRECTION('ref_axis',(0.707106781186545,0.70710678118655,0.));
#2840=DIRECTION('center_axis',(0.,0.,-1.));
#2841=DIRECTION('ref_axis',(0.707106781186545,0.70710678118655,0.));
#2842=DIRECTION('',(0.,0.,1.));
#2843=DIRECTION('center_axis',(0.,0.,1.));
#2844=DIRECTION('ref_axis',(0.707106781186549,0.707106781186546,0.));
#2845=DIRECTION('',(-0.606108810937762,-0.60610881093776,0.515038074910221));
#2846=DIRECTION('center_axis',(0.,0.,1.));
#2847=DIRECTION('ref_axis',(0.,-1.,0.));
#2848=DIRECTION('center_axis',(0.,0.,-1.));
#2849=DIRECTION('ref_axis',(0.,-1.,0.));
#2850=DIRECTION('center_axis',(0.,0.,-1.));
#2851=DIRECTION('ref_axis',(0.,-1.,0.));
#2852=DIRECTION('',(-8.65956056235364E-17,0.707106781186442,0.707106781186653));
#2853=DIRECTION('center_axis',(0.,0.,1.));
#2854=DIRECTION('ref_axis',(0.,1.,0.));
#2855=DIRECTION('center_axis',(0.,0.,-1.));
#2856=DIRECTION('ref_axis',(0.,1.,0.));
#2857=DIRECTION('',(0.,0.,1.));
#2858=DIRECTION('center_axis',(0.,0.,1.));
#2859=DIRECTION('ref_axis',(0.,1.,0.));
#2860=DIRECTION('',(1.0497271911385E-16,-0.857167300702012,0.515038074910221));
#2861=DIRECTION('center_axis',(0.,0.,1.));
#2862=DIRECTION('ref_axis',(0.,-1.,0.));
#2863=DIRECTION('center_axis',(0.,0.,-1.));
#2864=DIRECTION('ref_axis',(0.70710678118655,-0.707106781186545,0.));
#2865=DIRECTION('',(-8.65956056235364E-17,0.707106781186442,0.707106781186653));
#2866=DIRECTION('center_axis',(0.,0.,-1.));
#2867=DIRECTION('ref_axis',(0.70710678118655,-0.707106781186545,0.));
#2868=DIRECTION('center_axis',(0.,0.,1.));
#2869=DIRECTION('ref_axis',(-0.70710678118655,0.707106781186545,0.));
#2870=DIRECTION('center_axis',(0.,0.,-1.));
#2871=DIRECTION('ref_axis',(-0.70710678118655,0.707106781186545,0.));
#2872=DIRECTION('',(0.,0.,1.));
#2873=DIRECTION('center_axis',(0.,0.,1.));
#2874=DIRECTION('ref_axis',(-0.707106781186546,0.707106781186549,0.));
#2875=DIRECTION('',(0.60610881093776,-0.606108810937762,0.515038074910221));
#2876=DIRECTION('center_axis',(0.,0.,1.));
#2877=DIRECTION('ref_axis',(-0.989984446419367,-0.141176470588195,0.));
#2878=DIRECTION('',(0.,0.,1.));
#2879=DIRECTION('',(0.,0.,1.));
#2880=DIRECTION('center_axis',(0.,-1.,0.));
#2881=DIRECTION('ref_axis',(0.,0.,-1.));
#2882=DIRECTION('',(0.,0.,1.));
#2883=DIRECTION('center_axis',(0.,0.,1.));
#2884=DIRECTION('ref_axis',(0.981691815623253,0.190476190476189,0.));
#2885=DIRECTION('',(0.,0.,1.));
#2886=DIRECTION('center_axis',(0.,0.,1.));
#2887=DIRECTION('ref_axis',(0.,-1.,0.));
#2888=DIRECTION('',(0.,0.,1.));
#2889=DIRECTION('',(0.,0.,-1.));
#2890=DIRECTION('center_axis',(0.,0.,1.));
#2891=DIRECTION('ref_axis',(0.,-1.,0.));
#2892=DIRECTION('',(0.,0.,1.));
#2893=DIRECTION('',(0.,0.,-1.));
#2894=DIRECTION('center_axis',(0.,0.,1.));
#2895=DIRECTION('ref_axis',(1.22464679914735E-16,1.,0.));
#2896=DIRECTION('',(0.,0.,1.));
#2897=DIRECTION('',(0.,0.,-1.));
#2898=DIRECTION('center_axis',(0.,0.,1.));
#2899=DIRECTION('ref_axis',(0.,-1.,0.));
#2900=DIRECTION('',(0.,0.,1.));
#2901=DIRECTION('',(0.,0.,-1.));
#2902=DIRECTION('center_axis',(0.,0.,1.));
#2903=DIRECTION('ref_axis',(0.,-1.,0.));
#2904=DIRECTION('',(0.,0.,1.));
#2905=DIRECTION('',(0.,0.,-1.));
#2906=DIRECTION('center_axis',(0.,0.,1.));
#2907=DIRECTION('ref_axis',(0.,-1.,0.));
#2908=DIRECTION('',(0.,0.,-1.));
#2909=DIRECTION('',(0.,0.,1.));
#2910=DIRECTION('center_axis',(0.,0.,1.));
#2911=DIRECTION('ref_axis',(0.,-1.,0.));
#2912=DIRECTION('',(0.,0.,1.));
#2913=DIRECTION('',(0.,0.,-1.));
#2914=DIRECTION('center_axis',(0.,0.,1.));
#2915=DIRECTION('ref_axis',(0.,-1.,0.));
#2916=DIRECTION('',(0.,0.,-1.));
#2917=DIRECTION('center_axis',(0.,0.,1.));
#2918=DIRECTION('ref_axis',(0.,-1.,0.));
#2919=DIRECTION('',(0.,0.,1.));
#2920=DIRECTION('',(0.,0.,-1.));
#2921=DIRECTION('center_axis',(0.,0.,-1.));
#2922=DIRECTION('ref_axis',(-0.960080922601542,-0.279722401778213,0.));
#2923=DIRECTION('',(0.,0.,-1.));
#2924=DIRECTION('center_axis',(0.,0.,-1.));
#2925=DIRECTION('ref_axis',(0.923879532511115,0.382683432365504,0.));
#2926=DIRECTION('',(0.,0.,1.));
#2927=DIRECTION('center_axis',(0.,0.,1.));
#2928=DIRECTION('ref_axis',(-0.876673338006548,-0.481086123712227,0.));
#2929=DIRECTION('center_axis',(0.,0.,1.));
#2930=DIRECTION('ref_axis',(-0.960080922601542,0.279722401778213,0.));
#2931=DIRECTION('',(0.,0.,1.));
#2932=DIRECTION('center_axis',(0.,0.,-1.));
#2933=DIRECTION('ref_axis',(0.923879532511582,-0.382683432364376,0.));
#2934=DIRECTION('',(0.,0.,-1.));
#2935=DIRECTION('center_axis',(0.,0.,-1.));
#2936=DIRECTION('ref_axis',(-0.876673338006548,0.481086123712227,0.));
#2937=DIRECTION('center_axis',(0.,0.,-1.));
#2938=DIRECTION('ref_axis',(-0.481086123712227,-0.876673338006548,0.));
#2939=DIRECTION('',(0.,0.,-1.));
#2940=DIRECTION('center_axis',(0.,0.,-1.));
#2941=DIRECTION('ref_axis',(0.382683432364376,0.923879532511582,0.));
#2942=DIRECTION('',(0.,0.,1.));
#2943=DIRECTION('center_axis',(0.,0.,1.));
#2944=DIRECTION('ref_axis',(-0.279722401778213,-0.960080922601542,0.));
#2945=DIRECTION('center_axis',(0.,0.,-1.));
#2946=DIRECTION('ref_axis',(0.279722401778213,-0.960080922601542,0.));
#2947=DIRECTION('',(0.,0.,-1.));
#2948=DIRECTION('center_axis',(0.,0.,-1.));
#2949=DIRECTION('ref_axis',(-0.382683432364376,0.923879532511582,0.));
#2950=DIRECTION('',(0.,0.,1.));
#2951=DIRECTION('center_axis',(0.,0.,1.));
#2952=DIRECTION('ref_axis',(0.481086123712227,-0.876673338006548,0.));
#2953=DIRECTION('center_axis',(0.,0.,-1.));
#2954=DIRECTION('ref_axis',(0.876673338006548,-0.481086123712227,0.));
#2955=DIRECTION('',(0.,0.,-1.));
#2956=DIRECTION('center_axis',(0.,0.,-1.));
#2957=DIRECTION('ref_axis',(-0.923879532511582,0.382683432364376,0.));
#2958=DIRECTION('',(0.,0.,1.));
#2959=DIRECTION('center_axis',(0.,0.,1.));
#2960=DIRECTION('ref_axis',(0.960080922601542,-0.279722401778213,0.));
#2961=DIRECTION('center_axis',(0.,0.,-1.));
#2962=DIRECTION('ref_axis',(0.481086123712227,0.876673338006548,0.));
#2963=DIRECTION('',(0.,0.,-1.));
#2964=DIRECTION('center_axis',(0.,0.,-1.));
#2965=DIRECTION('ref_axis',(-0.382683432364376,-0.923879532511582,0.));
#2966=DIRECTION('',(0.,0.,1.));
#2967=DIRECTION('center_axis',(0.,0.,1.));
#2968=DIRECTION('ref_axis',(0.279722401778213,0.960080922601542,0.));
#2969=DIRECTION('center_axis',(0.,0.,1.));
#2970=DIRECTION('ref_axis',(0.876673338006548,0.481086123712227,0.));
#2971=DIRECTION('',(0.,0.,1.));
#2972=DIRECTION('center_axis',(0.,0.,-1.));
#2973=DIRECTION('ref_axis',(-0.923879532511582,-0.382683432364376,0.));
#2974=DIRECTION('',(0.,0.,-1.));
#2975=DIRECTION('center_axis',(0.,0.,-1.));
#2976=DIRECTION('ref_axis',(0.960080922601542,0.279722401778213,0.));
#2977=DIRECTION('center_axis',(0.,0.,-1.));
#2978=DIRECTION('ref_axis',(-0.279722401778213,0.960080922601542,0.));
#2979=DIRECTION('',(0.,0.,-1.));
#2980=DIRECTION('center_axis',(0.,0.,-1.));
#2981=DIRECTION('ref_axis',(0.382683432365503,-0.923879532511115,0.));
#2982=DIRECTION('',(0.,0.,1.));
#2983=DIRECTION('center_axis',(0.,0.,1.));
#2984=DIRECTION('ref_axis',(-0.481086123712227,0.876673338006548,0.));
#2985=DIRECTION('center_axis',(0.,0.,-1.));
#2986=DIRECTION('ref_axis',(0.981691815623253,-0.190476190476189,0.));
#2987=DIRECTION('',(0.,0.,-1.));
#2988=DIRECTION('center_axis',(0.,1.,0.));
#2989=DIRECTION('ref_axis',(1.,0.,0.));
#2990=DIRECTION('',(0.,0.,1.));
#2991=DIRECTION('center_axis',(0.,0.,1.));
#2992=DIRECTION('ref_axis',(0.,1.,0.));
#2993=DIRECTION('',(0.,0.,1.));
#2994=DIRECTION('center_axis',(0.,0.,-1.));
#2995=DIRECTION('ref_axis',(0.,1.,0.));
#2996=DIRECTION('center_axis',(0.,0.,-1.));
#2997=DIRECTION('ref_axis',(1.,0.,0.));
#2998=DIRECTION('',(0.,0.,-1.));
#2999=DIRECTION('center_axis',(1.,0.,0.));
#3000=DIRECTION('ref_axis',(0.,1.,0.));
#3001=DIRECTION('center_axis',(0.,0.,1.));
#3002=DIRECTION('ref_axis',(1.,-6.12323399573677E-17,0.));
#3003=DIRECTION('center_axis',(0.,0.,-1.));
#3004=DIRECTION('ref_axis',(0.,-1.,0.));
#3005=DIRECTION('center_axis',(0.,0.,1.));
#3006=DIRECTION('ref_axis',(-1.,0.,0.));
#3007=DIRECTION('',(8.65956056235364E-17,0.707106781186442,-0.707106781186653));
#3008=DIRECTION('center_axis',(0.,0.,1.));
#3009=DIRECTION('ref_axis',(-1.,0.,0.));
#3010=DIRECTION('center_axis',(0.,0.,-1.));
#3011=DIRECTION('ref_axis',(1.,0.,0.));
#3012=DIRECTION('center_axis',(0.,0.,1.));
#3013=DIRECTION('ref_axis',(1.,0.,0.));
#3014=DIRECTION('',(0.,0.,-1.));
#3015=DIRECTION('center_axis',(0.,0.,-1.));
#3016=DIRECTION('ref_axis',(1.,0.,0.));
#3017=DIRECTION('',(-0.857167300702012,1.0497271911385E-16,-0.515038074910221));
#3018=DIRECTION('center_axis',(0.,0.,-1.));
#3019=DIRECTION('ref_axis',(0.,-1.,0.));
#3020=DIRECTION('center_axis',(0.,0.,1.));
#3021=DIRECTION('ref_axis',(0.707106781186545,0.70710678118655,0.));
#3022=DIRECTION('',(8.65956056235364E-17,0.707106781186442,-0.707106781186653));
#3023=DIRECTION('center_axis',(0.,0.,1.));
#3024=DIRECTION('ref_axis',(0.707106781186545,0.70710678118655,0.));
#3025=DIRECTION('center_axis',(0.,0.,-1.));
#3026=DIRECTION('ref_axis',(0.707106781186545,0.70710678118655,0.));
#3027=DIRECTION('center_axis',(0.,0.,-1.));
#3028=DIRECTION('ref_axis',(0.707106781186545,0.70710678118655,0.));
#3029=DIRECTION('',(0.,0.,-1.));
#3030=DIRECTION('center_axis',(0.,0.,-1.));
#3031=DIRECTION('ref_axis',(0.707106781186549,0.707106781186546,0.));
#3032=DIRECTION('',(-0.606108810937762,-0.60610881093776,-0.515038074910221));
#3033=DIRECTION('center_axis',(0.,0.,-1.));
#3034=DIRECTION('ref_axis',(0.,-1.,0.));
#3035=DIRECTION('center_axis',(0.,0.,1.));
#3036=DIRECTION('ref_axis',(0.,-1.,0.));
#3037=DIRECTION('center_axis',(0.,0.,1.));
#3038=DIRECTION('ref_axis',(0.,-1.,0.));
#3039=DIRECTION('',(8.65956056235364E-17,0.707106781186442,-0.707106781186653));
#3040=DIRECTION('center_axis',(0.,0.,-1.));
#3041=DIRECTION('ref_axis',(0.,1.,0.));
#3042=DIRECTION('center_axis',(0.,0.,1.));
#3043=DIRECTION('ref_axis',(0.,1.,0.));
#3044=DIRECTION('',(0.,0.,-1.));
#3045=DIRECTION('center_axis',(0.,0.,-1.));
#3046=DIRECTION('ref_axis',(0.,1.,0.));
#3047=DIRECTION('',(-1.0497271911385E-16,-0.857167300702012,-0.515038074910221));
#3048=DIRECTION('center_axis',(0.,0.,-1.));
#3049=DIRECTION('ref_axis',(0.,-1.,0.));
#3050=DIRECTION('center_axis',(0.,0.,1.));
#3051=DIRECTION('ref_axis',(-0.70710678118655,0.707106781186545,0.));
#3052=DIRECTION('',(8.65956056235364E-17,0.707106781186442,-0.707106781186653));
#3053=DIRECTION('center_axis',(0.,0.,1.));
#3054=DIRECTION('ref_axis',(-0.70710678118655,0.707106781186545,0.));
#3055=DIRECTION('center_axis',(0.,0.,-1.));
#3056=DIRECTION('ref_axis',(0.70710678118655,-0.707106781186545,0.));
#3057=DIRECTION('center_axis',(0.,0.,1.));
#3058=DIRECTION('ref_axis',(0.70710678118655,-0.707106781186545,0.));
#3059=DIRECTION('',(0.,0.,-1.));
#3060=DIRECTION('center_axis',(0.,0.,-1.));
#3061=DIRECTION('ref_axis',(0.707106781186546,-0.707106781186549,0.));
#3062=DIRECTION('',(-0.60610881093776,0.606108810937762,-0.515038074910221));
#3063=DIRECTION('center_axis',(0.,0.,-1.));
#3064=DIRECTION('ref_axis',(0.,-1.,0.));
#3065=DIRECTION('center_axis',(0.,0.,1.));
#3066=DIRECTION('ref_axis',(0.,1.,0.));
#3067=DIRECTION('',(8.65956056235364E-17,0.707106781186442,-0.707106781186653));
#3068=DIRECTION('center_axis',(0.,0.,-1.));
#3069=DIRECTION('ref_axis',(0.,-1.,0.));
#3070=DIRECTION('center_axis',(0.,0.,1.));
#3071=DIRECTION('ref_axis',(0.,-1.,0.));
#3072=DIRECTION('',(0.,0.,-1.));
#3073=DIRECTION('center_axis',(0.,0.,-1.));
#3074=DIRECTION('ref_axis',(0.,-1.,0.));
#3075=DIRECTION('',(1.0497271911385E-16,0.857167300702012,-0.515038074910221));
#3076=DIRECTION('center_axis',(0.,0.,-1.));
#3077=DIRECTION('ref_axis',(0.,-1.,0.));
#3078=DIRECTION('center_axis',(0.,0.,1.));
#3079=DIRECTION('ref_axis',(0.707106781186545,0.70710678118655,0.));
#3080=DIRECTION('center_axis',(0.,0.,1.));
#3081=DIRECTION('ref_axis',(0.707106781186545,0.70710678118655,0.));
#3082=DIRECTION('',(8.65956056235364E-17,0.707106781186442,-0.707106781186653));
#3083=DIRECTION('center_axis',(0.,0.,-1.));
#3084=DIRECTION('ref_axis',(-0.707106781186545,-0.70710678118655,0.));
#3085=DIRECTION('center_axis',(0.,0.,1.));
#3086=DIRECTION('ref_axis',(-0.707106781186545,-0.70710678118655,0.));
#3087=DIRECTION('',(0.,0.,-1.));
#3088=DIRECTION('center_axis',(0.,0.,-1.));
#3089=DIRECTION('ref_axis',(-0.707106781186549,-0.707106781186546,0.));
#3090=DIRECTION('',(0.606108810937762,0.60610881093776,-0.515038074910221));
#3091=DIRECTION('center_axis',(0.,0.,-1.));
#3092=DIRECTION('ref_axis',(0.,-1.,0.));
#3093=DIRECTION('center_axis',(0.,0.,1.));
#3094=DIRECTION('ref_axis',(1.,0.,0.));
#3095=DIRECTION('center_axis',(0.,0.,1.));
#3096=DIRECTION('ref_axis',(1.,0.,0.));
#3097=DIRECTION('',(8.65956056235364E-17,0.707106781186442,-0.707106781186653));
#3098=DIRECTION('center_axis',(0.,0.,-1.));
#3099=DIRECTION('ref_axis',(-1.,0.,0.));
#3100=DIRECTION('center_axis',(0.,0.,1.));
#3101=DIRECTION('ref_axis',(-1.,0.,0.));
#3102=DIRECTION('',(0.,0.,-1.));
#3103=DIRECTION('center_axis',(0.,0.,-1.));
#3104=DIRECTION('ref_axis',(-1.,0.,0.));
#3105=DIRECTION('',(0.857167300702012,-1.0497271911385E-16,-0.515038074910221));
#3106=DIRECTION('center_axis',(0.,0.,-1.));
#3107=DIRECTION('ref_axis',(0.,-1.,0.));
#3108=DIRECTION('center_axis',(0.,0.,1.));
#3109=DIRECTION('ref_axis',(-0.70710678118655,0.707106781186545,0.));
#3110=DIRECTION('center_axis',(0.,0.,1.));
#3111=DIRECTION('ref_axis',(-0.70710678118655,0.707106781186545,0.));
#3112=DIRECTION('',(8.65956056235364E-17,0.707106781186442,-0.707106781186653));
#3113=DIRECTION('center_axis',(0.,0.,-1.));
#3114=DIRECTION('ref_axis',(-0.70710678118655,0.707106781186545,0.));
#3115=DIRECTION('center_axis',(0.,0.,-1.));
#3116=DIRECTION('ref_axis',(-0.70710678118655,0.707106781186545,0.));
#3117=DIRECTION('',(0.,0.,-1.));
#3118=DIRECTION('center_axis',(0.,0.,-1.));
#3119=DIRECTION('ref_axis',(-0.707106781186546,0.707106781186549,0.));
#3120=DIRECTION('',(0.60610881093776,-0.606108810937762,-0.515038074910221));
#3121=DIRECTION('center_axis',(0.,0.,-1.));
#3122=DIRECTION('ref_axis',(0.,1.,0.));
#3123=DIRECTION('',(0.,0.,-1.));
#3124=DIRECTION('center_axis',(0.,0.,1.));
#3125=DIRECTION('ref_axis',(1.,-1.83697019872103E-16,0.));
#3126=CARTESIAN_POINT('',(0.,0.,0.));
#3127=CARTESIAN_POINT('Origin',(0.,0.,0.));
#3128=CARTESIAN_POINT('',(-43.06432341924,-6.141176470588,0.));
#3129=CARTESIAN_POINT('',(-43.06432341924,6.141176470588,0.));
#3130=CARTESIAN_POINT('Origin',(0.,0.,0.));
#3131=CARTESIAN_POINT('',(-42.07433897282,7.,0.));
#3132=CARTESIAN_POINT('Origin',(-42.07433897282,6.,0.));
#3133=CARTESIAN_POINT('',(-41.23105625618,7.,0.));
#3134=CARTESIAN_POINT('',(-42.07433897282,7.,0.));
#3135=CARTESIAN_POINT('',(-40.24936444055,7.809523809524,0.));
#3136=CARTESIAN_POINT('Origin',(-41.23105625618,8.,0.));
#3137=CARTESIAN_POINT('',(-39.36331782666,11.46861847291,0.));
#3138=CARTESIAN_POINT('Origin',(0.,0.,0.));
#3139=CARTESIAN_POINT('',(-39.92171213631,13.49284625667,0.));
#3140=CARTESIAN_POINT('Origin',(-41.28347967187,12.02806327646,0.));
#3141=CARTESIAN_POINT('',(-37.76979645375,18.68803028256,0.));
#3142=CARTESIAN_POINT('Origin',(-37.87906083296,15.69002072697,0.));
#3143=CARTESIAN_POINT('',(-35.94360685827,19.7245310722,0.));
#3144=CARTESIAN_POINT('Origin',(-37.69695353428,20.68670331963,0.));
#3145=CARTESIAN_POINT('',(-19.7245310722,35.94360685827,0.));
#3146=CARTESIAN_POINT('Origin',(0.,0.,0.));
#3147=CARTESIAN_POINT('',(-18.68803028256,37.76979645375,0.));
#3148=CARTESIAN_POINT('Origin',(-20.68670331963,37.69695353428,0.));
#3149=CARTESIAN_POINT('',(-13.49284625666,39.92171213631,0.));
#3150=CARTESIAN_POINT('Origin',(-15.69002072697,37.87906083296,0.));
#3151=CARTESIAN_POINT('',(-11.46861847291,39.36331782666,0.));
#3152=CARTESIAN_POINT('Origin',(-12.02806327646,41.28347967187,0.));
#3153=CARTESIAN_POINT('',(11.46861847291,39.36331782666,0.));
#3154=CARTESIAN_POINT('Origin',(0.,0.,0.));
#3155=CARTESIAN_POINT('',(13.49284625666,39.9217121363,0.));
#3156=CARTESIAN_POINT('Origin',(12.02806327646,41.28347967187,0.));
#3157=CARTESIAN_POINT('',(18.68803028256,37.76979645375,0.));
#3158=CARTESIAN_POINT('Origin',(15.69002072697,37.87906083296,0.));
#3159=CARTESIAN_POINT('',(19.7245310722,35.94360685827,0.));
#3160=CARTESIAN_POINT('Origin',(20.68670331963,37.69695353428,0.));
#3161=CARTESIAN_POINT('',(35.94360685827,19.7245310722,0.));
#3162=CARTESIAN_POINT('Origin',(0.,0.,0.));
#3163=CARTESIAN_POINT('',(37.76979645375,18.68803028256,0.));
#3164=CARTESIAN_POINT('Origin',(37.69695353428,20.68670331963,0.));
#3165=CARTESIAN_POINT('',(39.92171213631,13.49284625667,0.));
#3166=CARTESIAN_POINT('Origin',(37.87906083296,15.69002072697,0.));
#3167=CARTESIAN_POINT('',(39.36331782666,11.46861847291,0.));
#3168=CARTESIAN_POINT('Origin',(41.28347967187,12.02806327646,0.));
#3169=CARTESIAN_POINT('',(39.36331782666,-11.46861847291,0.));
#3170=CARTESIAN_POINT('Origin',(0.,0.,0.));
#3171=CARTESIAN_POINT('',(39.9217121363,-13.49284625666,0.));
#3172=CARTESIAN_POINT('Origin',(41.28347967187,-12.02806327646,0.));
#3173=CARTESIAN_POINT('',(37.76979645375,-18.68803028256,0.));
#3174=CARTESIAN_POINT('Origin',(37.87906083296,-15.69002072697,0.));
#3175=CARTESIAN_POINT('',(35.94360685827,-19.7245310722,0.));
#3176=CARTESIAN_POINT('Origin',(37.69695353428,-20.68670331963,0.));
#3177=CARTESIAN_POINT('',(19.7245310722,-35.94360685827,0.));
#3178=CARTESIAN_POINT('Origin',(0.,0.,0.));
#3179=CARTESIAN_POINT('',(18.68803028256,-37.76979645375,0.));
#3180=CARTESIAN_POINT('Origin',(20.68670331963,-37.69695353428,0.));
#3181=CARTESIAN_POINT('',(13.49284625666,-39.92171213631,0.));
#3182=CARTESIAN_POINT('Origin',(15.69002072697,-37.87906083296,0.));
#3183=CARTESIAN_POINT('',(11.46861847291,-39.36331782666,0.));
#3184=CARTESIAN_POINT('Origin',(12.02806327646,-41.28347967187,0.));
#3185=CARTESIAN_POINT('',(-11.46861847291,-39.36331782666,0.));
#3186=CARTESIAN_POINT('Origin',(0.,0.,0.));
#3187=CARTESIAN_POINT('',(-13.49284625666,-39.9217121363,0.));
#3188=CARTESIAN_POINT('Origin',(-12.02806327646,-41.28347967187,0.));
#3189=CARTESIAN_POINT('',(-18.68803028256,-37.76979645375,0.));
#3190=CARTESIAN_POINT('Origin',(-15.69002072697,-37.87906083296,0.));
#3191=CARTESIAN_POINT('',(-19.7245310722,-35.94360685827,0.));
#3192=CARTESIAN_POINT('Origin',(-20.68670331963,-37.69695353428,0.));
#3193=CARTESIAN_POINT('',(-35.94360685827,-19.7245310722,0.));
#3194=CARTESIAN_POINT('Origin',(0.,0.,0.));
#3195=CARTESIAN_POINT('',(-37.76979645375,-18.68803028256,0.));
#3196=CARTESIAN_POINT('Origin',(-37.69695353428,-20.68670331963,0.));
#3197=CARTESIAN_POINT('',(-39.92171213631,-13.49284625666,0.));
#3198=CARTESIAN_POINT('Origin',(-37.87906083296,-15.69002072697,0.));
#3199=CARTESIAN_POINT('',(-39.36331782666,-11.46861847291,0.));
#3200=CARTESIAN_POINT('Origin',(-41.28347967187,-12.02806327646,0.));
#3201=CARTESIAN_POINT('',(-40.24936444055,-7.809523809524,0.));
#3202=CARTESIAN_POINT('Origin',(0.,0.,0.));
#3203=CARTESIAN_POINT('',(-41.23105625618,-7.,0.));
#3204=CARTESIAN_POINT('Origin',(-41.23105625618,-8.,0.));
#3205=CARTESIAN_POINT('',(-42.07433897282,-7.,0.));
#3206=CARTESIAN_POINT('',(-41.23105625618,-7.,0.));
#3207=CARTESIAN_POINT('Origin',(-42.07433897282,-6.,0.));
#3208=CARTESIAN_POINT('',(-37.87906083296,-13.9400207269699,1.12305997834738E-13));
#3209=CARTESIAN_POINT('Origin',(-37.87906083296,-15.69002072697,0.));
#3210=CARTESIAN_POINT('',(-15.69002072697,-36.1290608329601,-8.65280069817231E-14));
#3211=CARTESIAN_POINT('Origin',(-15.69002072697,-37.87906083296,0.));
#3212=CARTESIAN_POINT('',(15.69002072697,-36.12906083296,0.));
#3213=CARTESIAN_POINT('Origin',(15.69002072697,-37.87906083296,0.));
#3214=CARTESIAN_POINT('',(-37.87906083296,17.4400207269699,-8.80545636405827E-14));
#3215=CARTESIAN_POINT('Origin',(-37.87906083296,15.69002072697,0.));
#3216=CARTESIAN_POINT('',(-15.69002072697,39.6290608329601,1.12305997834738E-13));
#3217=CARTESIAN_POINT('Origin',(-15.69002072697,37.87906083296,0.));
#3218=CARTESIAN_POINT('',(15.69002072697,39.6290608329599,-8.8783147500493E-14));
#3219=CARTESIAN_POINT('Origin',(15.69002072697,37.87906083296,0.));
#3220=CARTESIAN_POINT('',(37.87906083296,17.4400207269701,1.10189635194047E-13));
#3221=CARTESIAN_POINT('Origin',(37.87906083296,15.69002072697,0.));
#3222=CARTESIAN_POINT('',(37.87906083296,-13.9400207269701,-8.71178129635553E-14));
#3223=CARTESIAN_POINT('Origin',(37.87906083296,-15.69002072697,0.));
#3224=CARTESIAN_POINT('',(-0.188854593943147,26.4993270469713,0.));
#3225=CARTESIAN_POINT('Origin',(0.,0.,0.));
#3226=CARTESIAN_POINT('Origin',(0.,0.,-0.5));
#3227=CARTESIAN_POINT('',(0.,-26.,-0.5));
#3228=CARTESIAN_POINT('',(-0.185291299717805,25.9993397441983,-0.5));
#3229=CARTESIAN_POINT('Origin',(0.,0.,-0.5));
#3230=CARTESIAN_POINT('Origin',(0.,0.,-0.5));
#3231=CARTESIAN_POINT('Origin',(-0.188854593943147,26.4993270469713,-0.5));
#3232=CARTESIAN_POINT('Origin',(0.,0.,0.));
#3233=CARTESIAN_POINT('',(-3.18408167778312E-15,-26.,-1.5));
#3234=CARTESIAN_POINT('Origin',(0.,0.,-1.5));
#3235=CARTESIAN_POINT('',(-3.18408167778312E-15,-26.,0.));
#3236=CARTESIAN_POINT('Origin',(0.,0.,-1.5));
#3237=CARTESIAN_POINT('',(0.,24.,-1.5));
#3238=CARTESIAN_POINT('Origin',(-1.226600329479E-13,0.,-1.5));
#3239=CARTESIAN_POINT('Origin',(0.,0.,-1.249999999338));
#3240=CARTESIAN_POINT('',(0.,23.5,-1.));
#3241=CARTESIAN_POINT('',(-2.87791997799628E-15,-23.5,-1.));
#3242=CARTESIAN_POINT('Origin',(0.,0.,-1.));
#3243=CARTESIAN_POINT('Origin',(0.,0.,-1.));
#3244=CARTESIAN_POINT('',(2.90853614789414E-15,23.74999999934,-1.249999999338));
#3245=CARTESIAN_POINT('Origin',(0.,0.,-1.5));
#3246=CARTESIAN_POINT('',(0.,-23.5,1.06));
#3247=CARTESIAN_POINT('Origin',(0.,0.,1.06));
#3248=CARTESIAN_POINT('',(-2.87791997799628E-15,-23.5,-1.5));
#3249=CARTESIAN_POINT('Origin',(0.,0.,1.06));
#3250=CARTESIAN_POINT('',(2.96854384113318E-15,-24.24,1.06));
#3251=CARTESIAN_POINT('Origin',(0.,0.,1.06));
#3252=CARTESIAN_POINT('Origin',(0.,0.,1.013));
#3253=CARTESIAN_POINT('',(2.96854384113318E-15,-24.24,2.));
#3254=CARTESIAN_POINT('',(2.96854384113318E-15,-24.24,1.013));
#3255=CARTESIAN_POINT('Origin',(0.,0.,2.));
#3256=CARTESIAN_POINT('Origin',(0.,0.,2.));
#3257=CARTESIAN_POINT('',(-2.87791997799628E-15,-23.5,2.));
#3258=CARTESIAN_POINT('Origin',(0.,0.,2.));
#3259=CARTESIAN_POINT('Origin',(0.,0.,2.5));
#3260=CARTESIAN_POINT('',(-42.13401802313,-5.565476190476,2.5));
#3261=CARTESIAN_POINT('',(-41.63832369344,-6.,2.5));
#3262=CARTESIAN_POINT('Origin',(-41.63832369344,-5.5,2.5));
#3263=CARTESIAN_POINT('',(-39.8,-6.,2.5));
#3264=CARTESIAN_POINT('',(-41.63832369344,-6.,2.5));
#3265=CARTESIAN_POINT('',(-39.3,-5.5,2.5));
#3266=CARTESIAN_POINT('Origin',(-39.8,-5.5,2.5));
#3267=CARTESIAN_POINT('',(-39.3,-3.4,2.5));
#3268=CARTESIAN_POINT('',(-39.3,-5.5,2.5));
#3269=CARTESIAN_POINT('',(-38.34957626885,-3.4,2.5));
#3270=CARTESIAN_POINT('',(-39.3,-3.4,2.5));
#3271=CARTESIAN_POINT('',(-38.34957626885,3.4,2.5));
#3272=CARTESIAN_POINT('Origin',(0.,0.,2.5));
#3273=CARTESIAN_POINT('',(-39.3,3.4,2.5));
#3274=CARTESIAN_POINT('',(-38.34957626885,3.4,2.5));
#3275=CARTESIAN_POINT('',(-39.3,5.5,2.5));
#3276=CARTESIAN_POINT('',(-39.3,3.4,2.5));
#3277=CARTESIAN_POINT('',(-39.8,6.,2.5));
#3278=CARTESIAN_POINT('Origin',(-39.8,5.5,2.5));
#3279=CARTESIAN_POINT('',(-41.63832369344,6.,2.5));
#3280=CARTESIAN_POINT('',(-39.8,6.,2.5));
#3281=CARTESIAN_POINT('',(-42.13401802313,5.565476190476,2.5));
#3282=CARTESIAN_POINT('Origin',(-41.63832369344,5.5,2.5));
#3283=CARTESIAN_POINT('Origin',(0.,0.,2.5));
#3284=CARTESIAN_POINT('',(-2.87791997799628E-15,-23.5,2.5));
#3285=CARTESIAN_POINT('Origin',(0.,0.,2.5));
#3286=CARTESIAN_POINT('Origin',(0.,0.,31.));
#3287=CARTESIAN_POINT('',(-42.13401802313,5.565476190476,31.));
#3288=CARTESIAN_POINT('',(-42.13401802313,5.565476190476,31.));
#3289=CARTESIAN_POINT('',(-42.13401802313,-5.565476190476,31.));
#3290=CARTESIAN_POINT('Origin',(0.,0.,31.));
#3291=CARTESIAN_POINT('',(-42.13401802313,-5.565476190476,31.));
#3292=CARTESIAN_POINT('Origin',(-41.63832369344,-5.5,73.36700000644));
#3293=CARTESIAN_POINT('',(-41.63832369344,-6.,31.));
#3294=CARTESIAN_POINT('Origin',(-41.63832369344,-5.5,31.));
#3295=CARTESIAN_POINT('',(-41.63832369344,-6.,31.));
#3296=CARTESIAN_POINT('Origin',(-42.07433897282,-6.,31.));
#3297=CARTESIAN_POINT('',(-38.2320546139,-6.,29.5));
#3298=CARTESIAN_POINT('',(-39.8,-6.,29.5));
#3299=CARTESIAN_POINT('',(-38.2320546139,-6.,29.5));
#3300=CARTESIAN_POINT('',(-39.8,-6.,29.5));
#3301=CARTESIAN_POINT('',(-38.2320546139,-6.,31.));
#3302=CARTESIAN_POINT('',(-38.2320546139,-6.,31.));
#3303=CARTESIAN_POINT('',(-38.2320546139,-6.,29.5));
#3304=CARTESIAN_POINT('Origin',(148.561896589,3.7,29.2));
#3305=CARTESIAN_POINT('',(-38.55035667799,3.4,29.2));
#3306=CARTESIAN_POINT('',(-39.3,3.4,29.2));
#3307=CARTESIAN_POINT('',(-38.55035667799,3.4,29.2));
#3308=CARTESIAN_POINT('',(-38.54883962031,3.417157287525,29.3));
#3309=CARTESIAN_POINT('Origin',(-38.5239777067251,3.69777966159974,29.1999922729539));
#3310=CARTESIAN_POINT('',(-38.52272056852,3.7,29.5));
#3311=CARTESIAN_POINT('Ctrl Pts',(-38.5227205685164,3.7,29.5));
#3312=CARTESIAN_POINT('Ctrl Pts',(-38.5263383783629,3.66233300600378,29.5));
#3313=CARTESIAN_POINT('Ctrl Pts',(-38.5301376329506,3.6221366770212,29.4924731979373));
#3314=CARTESIAN_POINT('Ctrl Pts',(-38.5370207401787,3.54815622431845,29.4618143166479));
#3315=CARTESIAN_POINT('Ctrl Pts',(-38.5401076917447,3.51437288683238,29.4386810360465));
#3316=CARTESIAN_POINT('Ctrl Pts',(-38.5449247146655,3.46113992006828,29.3853598296183));
#3317=CARTESIAN_POINT('Ctrl Pts',(-38.5469808788727,3.43809549066603,29.3516678517504));
#3318=CARTESIAN_POINT('Ctrl Pts',(-38.5485168834938,3.42079671560226,29.3098783059767));
#3319=CARTESIAN_POINT('Ctrl Pts',(-38.548684162053,3.41891100702885,29.3049602678128));
#3320=CARTESIAN_POINT('Ctrl Pts',(-38.5488396203091,3.41715728752533,29.2999999999999));
#3321=CARTESIAN_POINT('',(-39.3,3.7,29.5));
#3322=CARTESIAN_POINT('',(-38.52272056852,3.7,29.5));
#3323=CARTESIAN_POINT('Origin',(-39.3,3.7,29.2));
#3324=CARTESIAN_POINT('Origin',(-39.3,3.4,31.));
#3325=CARTESIAN_POINT('',(-39.3,5.5,29.5));
#3326=CARTESIAN_POINT('',(-39.3,3.7,29.5));
#3327=CARTESIAN_POINT('',(-39.3,5.5,29.5));
#3328=CARTESIAN_POINT('',(-39.3,3.4,29.2));
#3329=CARTESIAN_POINT('Origin',(-38.34957626885,3.4,31.));
#3330=CARTESIAN_POINT('',(-38.34957626885,3.4,29.3));
#3331=CARTESIAN_POINT('',(-38.34957626885,3.4,2.5));
#3332=CARTESIAN_POINT('',(-38.55035667799,3.4,29.3));
#3333=CARTESIAN_POINT('',(-38.34957626885,3.4,29.3));
#3334=CARTESIAN_POINT('',(-38.55035667799,3.4,29.2));
#3335=CARTESIAN_POINT('Origin',(0.,0.,31.));
#3336=CARTESIAN_POINT('',(-38.54883962031,3.417157287525,29.3));
#3337=CARTESIAN_POINT('Origin',(0.,0.,29.3));
#3338=CARTESIAN_POINT('',(-38.34957626885,-3.4,29.3));
#3339=CARTESIAN_POINT('Origin',(0.,0.,29.3));
#3340=CARTESIAN_POINT('',(-38.55035667799,-3.4,29.3));
#3341=CARTESIAN_POINT('',(-38.34957626885,-3.4,29.3));
#3342=CARTESIAN_POINT('',(-38.54883962031,-3.417157287525,29.3));
#3343=CARTESIAN_POINT('',(-38.55035667799,-3.4,29.3));
#3344=CARTESIAN_POINT('Origin',(0.,0.,29.3));
#3345=CARTESIAN_POINT('Origin',(0.,0.,31.));
#3346=CARTESIAN_POINT('',(-38.55035667799,-3.4,29.2));
#3347=CARTESIAN_POINT('Origin',(-38.5239777067263,-3.69777966159995,29.1999922729539));
#3348=CARTESIAN_POINT('',(-38.55035667799,-3.4,29.2));
#3349=CARTESIAN_POINT('Origin',(-39.3,-3.4,31.));
#3350=CARTESIAN_POINT('',(-38.34957626885,-3.4,2.5));
#3351=CARTESIAN_POINT('',(-39.3,-3.4,29.2));
#3352=CARTESIAN_POINT('',(-39.3,-3.4,29.2));
#3353=CARTESIAN_POINT('',(-39.3,-3.4,29.2));
#3354=CARTESIAN_POINT('Origin',(-153.7127928248,-3.7,29.2));
#3355=CARTESIAN_POINT('',(-39.3,-3.7,29.5));
#3356=CARTESIAN_POINT('Origin',(-39.3,-3.7,29.2));
#3357=CARTESIAN_POINT('',(-38.52272056852,-3.7,29.5));
#3358=CARTESIAN_POINT('',(-39.3,-3.7,29.5));
#3359=CARTESIAN_POINT('Ctrl Pts',(-38.5488396203091,-3.41715728752533,29.2999999999999));
#3360=CARTESIAN_POINT('Ctrl Pts',(-38.548684162053,-3.41891100702885,29.3049602678128));
#3361=CARTESIAN_POINT('Ctrl Pts',(-38.5485168834938,-3.42079671560226,29.3098783059767));
#3362=CARTESIAN_POINT('Ctrl Pts',(-38.5469808788727,-3.43809549066603,29.3516678517504));
#3363=CARTESIAN_POINT('Ctrl Pts',(-38.5449247146655,-3.46113992006828,29.3853598296183));
#3364=CARTESIAN_POINT('Ctrl Pts',(-38.5401076917447,-3.51437288683238,29.4386810360465));
#3365=CARTESIAN_POINT('Ctrl Pts',(-38.5370207401787,-3.54815622431846,29.4618143166479));
#3366=CARTESIAN_POINT('Ctrl Pts',(-38.5301376329506,-3.6221366770212,29.4924731979373));
#3367=CARTESIAN_POINT('Ctrl Pts',(-38.5263383783629,-3.66233300600378,29.5));
#3368=CARTESIAN_POINT('Ctrl Pts',(-38.5227205685164,-3.7,29.5));
#3369=CARTESIAN_POINT('Origin',(0.,0.,29.5));
#3370=CARTESIAN_POINT('',(-38.2320546139,6.,29.5));
#3371=CARTESIAN_POINT('Origin',(0.,0.,29.5));
#3372=CARTESIAN_POINT('',(-39.8,6.,29.5));
#3373=CARTESIAN_POINT('',(-39.8,6.,29.5));
#3374=CARTESIAN_POINT('Origin',(-39.8,5.5,29.5));
#3375=CARTESIAN_POINT('Origin',(0.,0.,29.5));
#3376=CARTESIAN_POINT('',(-39.3,-5.5,29.5));
#3377=CARTESIAN_POINT('',(-39.3,-5.5,29.5));
#3378=CARTESIAN_POINT('Origin',(-39.8,-5.5,29.5));
#3379=CARTESIAN_POINT('Origin',(0.,0.,29.5));
#3380=CARTESIAN_POINT('Origin',(-39.8,5.5,73.36700000644));
#3381=CARTESIAN_POINT('',(-39.8,6.,29.5));
#3382=CARTESIAN_POINT('Origin',(-39.3,6.,31.));
#3383=CARTESIAN_POINT('',(-41.63832369344,6.,31.));
#3384=CARTESIAN_POINT('',(-38.2320546139,6.,31.));
#3385=CARTESIAN_POINT('',(-41.63832369344,6.,31.));
#3386=CARTESIAN_POINT('',(-41.63832369344,6.,31.));
#3387=CARTESIAN_POINT('',(-38.2320546139,6.,29.5));
#3388=CARTESIAN_POINT('Origin',(-41.63832369344,5.5,73.36700000644));
#3389=CARTESIAN_POINT('Origin',(-41.63832369344,5.5,31.));
#3390=CARTESIAN_POINT('Origin',(0.,0.,31.));
#3391=CARTESIAN_POINT('',(-41.23105625618,-7.,31.));
#3392=CARTESIAN_POINT('',(-42.07433897282,-7.,31.));
#3393=CARTESIAN_POINT('',(-41.23105625618,-7.,31.));
#3394=CARTESIAN_POINT('',(-40.24936444055,-7.809523809524,31.));
#3395=CARTESIAN_POINT('Origin',(-41.23105625618,-8.,31.));
#3396=CARTESIAN_POINT('',(-39.36331782666,-11.46861847291,31.));
#3397=CARTESIAN_POINT('Origin',(0.,0.,31.));
#3398=CARTESIAN_POINT('',(-39.9217121363,-13.49284625666,31.));
#3399=CARTESIAN_POINT('Origin',(-41.28347967187,-12.02806327646,31.));
#3400=CARTESIAN_POINT('',(-37.76979645375,-18.68803028256,31.));
#3401=CARTESIAN_POINT('Origin',(-37.87906083296,-15.69002072697,31.));
#3402=CARTESIAN_POINT('',(-35.94360685827,-19.7245310722,31.));
#3403=CARTESIAN_POINT('Origin',(-37.69695353428,-20.68670331963,31.));
#3404=CARTESIAN_POINT('',(-19.7245310722,-35.94360685827,31.));
#3405=CARTESIAN_POINT('Origin',(0.,0.,31.));
#3406=CARTESIAN_POINT('',(-18.68803028256,-37.76979645375,31.));
#3407=CARTESIAN_POINT('Origin',(-20.68670331963,-37.69695353428,31.));
#3408=CARTESIAN_POINT('',(-13.49284625666,-39.9217121363,31.));
#3409=CARTESIAN_POINT('Origin',(-15.69002072697,-37.87906083296,31.));
#3410=CARTESIAN_POINT('',(-11.46861847291,-39.36331782666,31.));
#3411=CARTESIAN_POINT('Origin',(-12.02806327646,-41.28347967187,31.));
#3412=CARTESIAN_POINT('',(11.46861847291,-39.36331782666,31.));
#3413=CARTESIAN_POINT('Origin',(0.,0.,31.));
#3414=CARTESIAN_POINT('',(13.49284625666,-39.92171213631,31.));
#3415=CARTESIAN_POINT('Origin',(12.02806327646,-41.28347967187,31.));
#3416=CARTESIAN_POINT('',(18.68803028256,-37.76979645375,31.));
#3417=CARTESIAN_POINT('Origin',(15.69002072697,-37.87906083296,31.));
#3418=CARTESIAN_POINT('',(19.7245310722,-35.94360685827,31.));
#3419=CARTESIAN_POINT('Origin',(20.68670331963,-37.69695353428,31.));
#3420=CARTESIAN_POINT('',(35.94360685827,-19.7245310722,31.));
#3421=CARTESIAN_POINT('Origin',(0.,0.,31.));
#3422=CARTESIAN_POINT('',(37.76979645375,-18.68803028256,31.));
#3423=CARTESIAN_POINT('Origin',(37.69695353428,-20.68670331963,31.));
#3424=CARTESIAN_POINT('',(39.9217121363,-13.49284625666,31.));
#3425=CARTESIAN_POINT('Origin',(37.87906083296,-15.69002072697,31.));
#3426=CARTESIAN_POINT('',(39.36331782666,-11.46861847291,31.));
#3427=CARTESIAN_POINT('Origin',(41.28347967187,-12.02806327646,31.));
#3428=CARTESIAN_POINT('',(39.36331782666,11.46861847291,31.));
#3429=CARTESIAN_POINT('Origin',(0.,0.,31.));
#3430=CARTESIAN_POINT('',(39.92171213631,13.49284625666,31.));
#3431=CARTESIAN_POINT('Origin',(41.28347967187,12.02806327646,31.));
#3432=CARTESIAN_POINT('',(37.76979645375,18.68803028256,31.));
#3433=CARTESIAN_POINT('Origin',(37.87906083296,15.69002072697,31.));
#3434=CARTESIAN_POINT('',(35.94360685827,19.7245310722,31.));
#3435=CARTESIAN_POINT('Origin',(37.69695353428,20.68670331963,31.));
#3436=CARTESIAN_POINT('',(19.7245310722,35.94360685827,31.));
#3437=CARTESIAN_POINT('Origin',(0.,0.,31.));
#3438=CARTESIAN_POINT('',(18.68803028256,37.76979645375,31.));
#3439=CARTESIAN_POINT('Origin',(20.68670331963,37.69695353428,31.));
#3440=CARTESIAN_POINT('',(13.49284625666,39.9217121363,31.));
#3441=CARTESIAN_POINT('Origin',(15.69002072697,37.87906083296,31.));
#3442=CARTESIAN_POINT('',(11.46861847291,39.36331782666,31.));
#3443=CARTESIAN_POINT('Origin',(12.02806327646,41.28347967187,31.));
#3444=CARTESIAN_POINT('',(-11.46861847291,39.36331782666,31.));
#3445=CARTESIAN_POINT('Origin',(0.,0.,31.));
#3446=CARTESIAN_POINT('',(-13.49284625666,39.9217121363,31.));
#3447=CARTESIAN_POINT('Origin',(-12.02806327646,41.28347967187,31.));
#3448=CARTESIAN_POINT('',(-18.68803028256,37.76979645375,31.));
#3449=CARTESIAN_POINT('Origin',(-15.69002072697,37.87906083296,31.));
#3450=CARTESIAN_POINT('',(-19.7245310722,35.94360685827,31.));
#3451=CARTESIAN_POINT('Origin',(-20.68670331963,37.69695353428,31.));
#3452=CARTESIAN_POINT('',(-35.94360685827,19.7245310722,31.));
#3453=CARTESIAN_POINT('Origin',(0.,0.,31.));
#3454=CARTESIAN_POINT('',(-37.76979645375,18.68803028256,31.));
#3455=CARTESIAN_POINT('Origin',(-37.69695353428,20.68670331963,31.));
#3456=CARTESIAN_POINT('',(-39.9217121363,13.49284625666,31.));
#3457=CARTESIAN_POINT('Origin',(-37.87906083296,15.69002072697,31.));
#3458=CARTESIAN_POINT('',(-39.36331782666,11.46861847291,31.));
#3459=CARTESIAN_POINT('Origin',(-41.28347967187,12.02806327646,31.));
#3460=CARTESIAN_POINT('',(-40.24936444055,7.809523809524,31.));
#3461=CARTESIAN_POINT('Origin',(0.,0.,31.));
#3462=CARTESIAN_POINT('',(-41.23105625618,7.,31.));
#3463=CARTESIAN_POINT('Origin',(-41.23105625618,8.,31.));
#3464=CARTESIAN_POINT('',(-42.07433897282,7.,31.));
#3465=CARTESIAN_POINT('',(-42.07433897282,7.,31.));
#3466=CARTESIAN_POINT('',(-43.06432341924,6.141176470588,31.));
#3467=CARTESIAN_POINT('Origin',(-42.07433897282,6.,31.));
#3468=CARTESIAN_POINT('',(-43.06432341924,-6.141176470588,31.));
#3469=CARTESIAN_POINT('Origin',(0.,0.,31.));
#3470=CARTESIAN_POINT('Origin',(-42.07433897282,-6.,31.));
#3471=CARTESIAN_POINT('',(15.69002072697,39.6290608329595,31.0000000000005));
#3472=CARTESIAN_POINT('Origin',(15.69002072697,37.87906083296,31.));
#3473=CARTESIAN_POINT('',(-15.69002072697,39.62906083296,31.));
#3474=CARTESIAN_POINT('Origin',(-15.69002072697,37.87906083296,31.));
#3475=CARTESIAN_POINT('',(-37.87906083296,17.4400207269695,31.0000000000005));
#3476=CARTESIAN_POINT('Origin',(-37.87906083296,15.69002072697,31.));
#3477=CARTESIAN_POINT('',(-37.87906083296,-13.9400207269685,30.9999999999985));
#3478=CARTESIAN_POINT('Origin',(-37.87906083296,-15.69002072697,31.));
#3479=CARTESIAN_POINT('',(-15.69002072697,-36.1290608329605,31.0000000000005));
#3480=CARTESIAN_POINT('Origin',(-15.69002072697,-37.87906083296,31.));
#3481=CARTESIAN_POINT('',(15.69002072697,-36.12906083296,31.));
#3482=CARTESIAN_POINT('Origin',(15.69002072697,-37.87906083296,31.));
#3483=CARTESIAN_POINT('',(37.87906083296,-13.9400207269705,31.0000000000005));
#3484=CARTESIAN_POINT('Origin',(37.87906083296,-15.69002072697,31.));
#3485=CARTESIAN_POINT('Origin',(0.,0.,31.));
#3486=CARTESIAN_POINT('',(37.87906083296,17.4400207269715,30.9999999999985));
#3487=CARTESIAN_POINT('Origin',(37.87906083296,15.69002072697,31.));
#3488=CARTESIAN_POINT('Origin',(37.87906083296,15.69002072697,30.74999999102));
#3489=CARTESIAN_POINT('',(39.12906083296,15.69002072697,30.5));
#3490=CARTESIAN_POINT('',(37.87906083296,16.9400207269715,30.4999999999985));
#3491=CARTESIAN_POINT('Origin',(37.87906083296,15.69002072697,30.5));
#3492=CARTESIAN_POINT('',(37.87906083296,17.190020717993,30.74999999102));
#3493=CARTESIAN_POINT('Origin',(37.87906083296,15.69002072697,30.5));
#3494=CARTESIAN_POINT('Origin',(37.87906083296,15.69002072697,21.28637043753));
#3495=CARTESIAN_POINT('',(39.12906083296,15.69002072697,22.5));
#3496=CARTESIAN_POINT('Origin',(37.87906083296,15.69002072697,22.5));
#3497=CARTESIAN_POINT('',(39.12906083296,15.69002072697,21.28637043753));
#3498=CARTESIAN_POINT('Origin',(37.87906083296,15.69002072697,22.16222691745));
#3499=CARTESIAN_POINT('',(37.87906083296,15.69002072697,21.74892422622));
#3500=CARTESIAN_POINT('',(38.5669120219892,15.69002072697,22.16222691745));
#3501=CARTESIAN_POINT('Origin',(15.69002072697,37.87906083296,30.74999999126));
#3502=CARTESIAN_POINT('',(16.5739042034532,38.7629443094432,30.5));
#3503=CARTESIAN_POINT('',(15.69002072697,39.1290608329595,30.5000000000005));
#3504=CARTESIAN_POINT('Origin',(15.69002072697,37.87906083296,30.5));
#3505=CARTESIAN_POINT('',(15.69002072697,39.379060824219,30.74999999126));
#3506=CARTESIAN_POINT('Origin',(15.69002072697,37.87906083296,30.5));
#3507=CARTESIAN_POINT('Origin',(15.69002072697,37.87906083296,21.28637043753));
#3508=CARTESIAN_POINT('',(16.5739042034532,38.7629443094432,22.5));
#3509=CARTESIAN_POINT('Origin',(15.69002072697,37.87906083296,22.5));
#3510=CARTESIAN_POINT('',(16.5739042034532,38.7629443094432,21.28637043753));
#3511=CARTESIAN_POINT('Origin',(15.69002072697,37.87906083296,22.16222691745));
#3512=CARTESIAN_POINT('',(15.69002072697,37.87906083296,21.74892422622));
#3513=CARTESIAN_POINT('',(16.1764049671798,38.3654450731698,22.16222691745));
#3514=CARTESIAN_POINT('Origin',(-15.69002072697,37.87906083296,30.74999999102));
#3515=CARTESIAN_POINT('',(-15.69002072697,39.12906083296,30.5));
#3516=CARTESIAN_POINT('Origin',(-15.69002072697,37.87906083296,30.5));
#3517=CARTESIAN_POINT('',(-15.69002072697,39.379060823983,30.74999999102));
#3518=CARTESIAN_POINT('Origin',(-15.69002072697,37.87906083296,21.28637043753));
#3519=CARTESIAN_POINT('',(-15.69002072697,39.12906083296,22.5));
#3520=CARTESIAN_POINT('Origin',(-15.69002072697,37.87906083296,22.5));
#3521=CARTESIAN_POINT('',(-15.69002072697,39.12906083296,21.28637043753));
#3522=CARTESIAN_POINT('Origin',(-15.69002072697,37.87906083296,22.16222691745));
#3523=CARTESIAN_POINT('',(-15.69002072697,37.87906083296,21.74892422622));
#3524=CARTESIAN_POINT('',(-15.69002072697,38.5669120219892,22.16222691745));
#3525=CARTESIAN_POINT('Origin',(-37.87906083296,15.69002072697,30.74999999126));
#3526=CARTESIAN_POINT('',(-37.87906083296,16.9400207269695,30.5000000000005));
#3527=CARTESIAN_POINT('',(-38.7629443094432,16.5739042034532,30.5));
#3528=CARTESIAN_POINT('Origin',(-37.87906083296,15.69002072697,30.5));
#3529=CARTESIAN_POINT('Origin',(-37.87906083296,15.69002072697,30.5));
#3530=CARTESIAN_POINT('',(-37.87906083296,17.190020718229,30.74999999126));
#3531=CARTESIAN_POINT('Origin',(-37.87906083296,15.69002072697,21.28637043753));
#3532=CARTESIAN_POINT('',(-38.7629443094432,16.5739042034532,22.5));
#3533=CARTESIAN_POINT('Origin',(-37.87906083296,15.69002072697,22.5));
#3534=CARTESIAN_POINT('',(-38.7629443094432,16.5739042034532,21.28637043753));
#3535=CARTESIAN_POINT('Origin',(-37.87906083296,15.69002072697,22.16222691745));
#3536=CARTESIAN_POINT('',(-37.87906083296,15.69002072697,21.74892422622));
#3537=CARTESIAN_POINT('',(-38.3654450731698,16.1764049671798,22.16222691745));
#3538=CARTESIAN_POINT('Origin',(-37.87906083296,-15.69002072697,30.74999999102));
#3539=CARTESIAN_POINT('',(-37.87906083296,-14.4400207269685,30.4999999999985));
#3540=CARTESIAN_POINT('',(-39.12906083296,-15.69002072697,30.5));
#3541=CARTESIAN_POINT('Origin',(-37.87906083296,-15.69002072697,30.5));
#3542=CARTESIAN_POINT('Origin',(-37.87906083296,-15.69002072697,30.5));
#3543=CARTESIAN_POINT('',(-37.87906083296,-14.190020735947,30.74999999102));
#3544=CARTESIAN_POINT('Origin',(-37.87906083296,-15.69002072697,21.28637043753));
#3545=CARTESIAN_POINT('',(-39.12906083296,-15.69002072697,22.5));
#3546=CARTESIAN_POINT('Origin',(-37.87906083296,-15.69002072697,22.5));
#3547=CARTESIAN_POINT('',(-39.12906083296,-15.69002072697,21.28637043753));
#3548=CARTESIAN_POINT('Origin',(-37.87906083296,-15.69002072697,22.16222691745));
#3549=CARTESIAN_POINT('',(-37.87906083296,-15.69002072697,21.74892422622));
#3550=CARTESIAN_POINT('',(-38.5669120219892,-15.69002072697,22.16222691745));
#3551=CARTESIAN_POINT('Origin',(-15.69002072697,-37.87906083296,30.74999999126));
#3552=CARTESIAN_POINT('',(-15.69002072697,-36.6290608329605,30.5000000000005));
#3553=CARTESIAN_POINT('',(-16.5739042034532,-38.7629443094432,30.5));
#3554=CARTESIAN_POINT('Origin',(-15.69002072697,-37.87906083296,30.5));
#3555=CARTESIAN_POINT('Origin',(-15.69002072697,-37.87906083296,30.5));
#3556=CARTESIAN_POINT('',(-15.69002072697,-36.379060841701,30.74999999126));
#3557=CARTESIAN_POINT('Origin',(-15.69002072697,-37.87906083296,21.28637043753));
#3558=CARTESIAN_POINT('',(-16.57390420345,-38.76294430945,22.5));
#3559=CARTESIAN_POINT('Origin',(-15.69002072697,-37.87906083296,22.5));
#3560=CARTESIAN_POINT('',(-16.5739042034532,-38.7629443094432,21.28637043753));
#3561=CARTESIAN_POINT('Origin',(-15.69002072697,-37.87906083296,22.16222691745));
#3562=CARTESIAN_POINT('',(-15.69002072697,-37.87906083296,21.74892422622));
#3563=CARTESIAN_POINT('',(-16.1764049671798,-38.3654450731698,22.16222691745));
#3564=CARTESIAN_POINT('Origin',(15.69002072697,-37.87906083296,30.74999999102));
#3565=CARTESIAN_POINT('',(15.69002072697,-36.62906083296,30.5));
#3566=CARTESIAN_POINT('',(15.69002072697,-39.12906083296,30.5));
#3567=CARTESIAN_POINT('Origin',(15.69002072697,-37.87906083296,30.5));
#3568=CARTESIAN_POINT('Origin',(15.69002072697,-37.87906083296,30.5));
#3569=CARTESIAN_POINT('',(15.69002072697,-36.379060841937,30.74999999102));
#3570=CARTESIAN_POINT('Origin',(15.69002072697,-37.87906083296,21.28637043753));
#3571=CARTESIAN_POINT('',(15.69002072697,-39.12906083296,22.5));
#3572=CARTESIAN_POINT('Origin',(15.69002072697,-37.87906083296,22.5));
#3573=CARTESIAN_POINT('',(15.69002072697,-39.12906083296,21.28637043753));
#3574=CARTESIAN_POINT('Origin',(15.69002072697,-37.87906083296,22.16222691745));
#3575=CARTESIAN_POINT('',(15.69002072697,-37.87906083296,21.74892422622));
#3576=CARTESIAN_POINT('',(15.69002072697,-38.5669120219892,22.16222691745));
#3577=CARTESIAN_POINT('Origin',(37.87906083296,-15.69002072697,30.74999999126));
#3578=CARTESIAN_POINT('',(38.76294430945,-16.57390420345,30.5));
#3579=CARTESIAN_POINT('',(37.87906083296,-14.4400207269705,30.5000000000005));
#3580=CARTESIAN_POINT('Origin',(37.87906083296,-15.69002072697,30.5));
#3581=CARTESIAN_POINT('',(37.87906083296,-14.190020735711,30.74999999126));
#3582=CARTESIAN_POINT('Origin',(37.87906083296,-15.69002072697,30.5));
#3583=CARTESIAN_POINT('Origin',(37.87906083296,-15.69002072697,21.28637043753));
#3584=CARTESIAN_POINT('',(38.76294430945,-16.57390420345,22.5));
#3585=CARTESIAN_POINT('Origin',(37.87906083296,-15.69002072697,22.5));
#3586=CARTESIAN_POINT('',(38.7629443094432,-16.5739042034532,21.28637043753));
#3587=CARTESIAN_POINT('Origin',(37.87906083296,-15.69002072697,22.16222691745));
#3588=CARTESIAN_POINT('',(37.87906083296,-15.69002072697,21.74892422622));
#3589=CARTESIAN_POINT('',(38.3654450731698,-16.1764049671798,22.16222691745));
#3590=CARTESIAN_POINT('Origin',(-42.07433897282,-6.,-43.86700000365));
#3591=CARTESIAN_POINT('',(-43.06432341924,-6.141176470588,0.));
#3592=CARTESIAN_POINT('',(-42.07433897282,-7.,0.));
#3593=CARTESIAN_POINT('Origin',(-40.39801975345,-7.,0.));
#3594=CARTESIAN_POINT('',(-41.23105625618,-7.,0.));
#3595=CARTESIAN_POINT('Origin',(-41.23105625618,-8.,-43.86700000365));
#3596=CARTESIAN_POINT('',(-40.24936444055,-7.809523809524,0.));
#3597=CARTESIAN_POINT('Origin',(0.,0.,0.));
#3598=CARTESIAN_POINT('',(39.36331782666,-11.46861847291,0.));
#3599=CARTESIAN_POINT('',(39.36331782666,11.46861847291,31.));
#3600=CARTESIAN_POINT('Origin',(0.,0.,0.));
#3601=CARTESIAN_POINT('',(35.94360685827,19.7245310722,0.));
#3602=CARTESIAN_POINT('',(19.7245310722,35.94360685827,31.));
#3603=CARTESIAN_POINT('Origin',(0.,0.,0.));
#3604=CARTESIAN_POINT('',(11.46861847291,39.36331782666,0.));
#3605=CARTESIAN_POINT('',(-11.46861847291,39.36331782666,31.));
#3606=CARTESIAN_POINT('Origin',(0.,0.,0.));
#3607=CARTESIAN_POINT('',(-19.7245310722,35.94360685827,0.));
#3608=CARTESIAN_POINT('',(-35.94360685827,19.7245310722,31.));
#3609=CARTESIAN_POINT('Origin',(0.,0.,0.));
#3610=CARTESIAN_POINT('',(-35.94360685827,-19.7245310722,0.));
#3611=CARTESIAN_POINT('',(-19.7245310722,-35.94360685827,31.));
#3612=CARTESIAN_POINT('Origin',(0.,0.,0.));
#3613=CARTESIAN_POINT('',(11.46861847291,-39.36331782666,31.));
#3614=CARTESIAN_POINT('',(-11.46861847291,-39.36331782666,0.));
#3615=CARTESIAN_POINT('Origin',(0.,0.,0.));
#3616=CARTESIAN_POINT('',(19.7245310722,-35.94360685827,0.));
#3617=CARTESIAN_POINT('',(35.94360685827,-19.7245310722,31.));
#3618=CARTESIAN_POINT('Origin',(0.,0.,0.));
#3619=CARTESIAN_POINT('',(-39.36331782666,-11.46861847291,31.));
#3620=CARTESIAN_POINT('Origin',(0.,0.,0.));
#3621=CARTESIAN_POINT('',(-39.36331782666,11.46861847291,0.));
#3622=CARTESIAN_POINT('',(-40.24936444055,7.809523809524,31.));
#3623=CARTESIAN_POINT('Origin',(41.28347967187,12.02806327646,73.367));
#3624=CARTESIAN_POINT('',(39.92171213631,13.49284625666,31.));
#3625=CARTESIAN_POINT('Origin',(37.87906083296,15.69002072697,0.));
#3626=CARTESIAN_POINT('',(37.76979645375,18.68803028256,0.));
#3627=CARTESIAN_POINT('Origin',(37.69695353428,20.68670331963,-43.867));
#3628=CARTESIAN_POINT('Origin',(41.28347967187,-12.02806327646,-43.867));
#3629=CARTESIAN_POINT('',(39.9217121363,-13.49284625666,0.));
#3630=CARTESIAN_POINT('Origin',(37.87906083296,-15.69002072697,0.));
#3631=CARTESIAN_POINT('',(37.76979645375,-18.68803028256,31.));
#3632=CARTESIAN_POINT('Origin',(37.69695353428,-20.68670331963,73.367));
#3633=CARTESIAN_POINT('Origin',(20.68670331963,37.69695353428,73.367));
#3634=CARTESIAN_POINT('',(18.68803028256,37.76979645375,31.));
#3635=CARTESIAN_POINT('Origin',(15.69002072697,37.87906083296,0.));
#3636=CARTESIAN_POINT('',(13.49284625666,39.9217121363,0.));
#3637=CARTESIAN_POINT('Origin',(12.02806327646,41.28347967187,-43.867));
#3638=CARTESIAN_POINT('Origin',(-12.02806327646,41.28347967187,73.367));
#3639=CARTESIAN_POINT('',(-13.49284625666,39.9217121363,31.));
#3640=CARTESIAN_POINT('Origin',(-15.69002072697,37.87906083296,0.));
#3641=CARTESIAN_POINT('',(-18.68803028256,37.76979645375,0.));
#3642=CARTESIAN_POINT('Origin',(-20.68670331963,37.69695353428,-43.867));
#3643=CARTESIAN_POINT('Origin',(-37.69695353428,20.68670331963,73.367));
#3644=CARTESIAN_POINT('',(-37.76979645375,18.68803028256,31.));
#3645=CARTESIAN_POINT('Origin',(-37.87906083296,15.69002072697,0.));
#3646=CARTESIAN_POINT('',(-39.92171213631,13.49284625667,0.));
#3647=CARTESIAN_POINT('Origin',(-41.28347967187,12.02806327646,-43.867));
#3648=CARTESIAN_POINT('Origin',(-20.68670331963,-37.69695353428,73.367));
#3649=CARTESIAN_POINT('',(-18.68803028256,-37.76979645375,31.));
#3650=CARTESIAN_POINT('Origin',(-15.69002072697,-37.87906083296,0.));
#3651=CARTESIAN_POINT('',(-13.49284625666,-39.9217121363,0.));
#3652=CARTESIAN_POINT('Origin',(-12.02806327646,-41.28347967187,-43.867));
#3653=CARTESIAN_POINT('Origin',(-37.69695353428,-20.68670331963,-43.867));
#3654=CARTESIAN_POINT('',(-37.76979645375,-18.68803028256,0.));
#3655=CARTESIAN_POINT('Origin',(-37.87906083296,-15.69002072697,0.));
#3656=CARTESIAN_POINT('',(-39.9217121363,-13.49284625666,31.));
#3657=CARTESIAN_POINT('Origin',(-41.28347967187,-12.02806327646,73.367));
#3658=CARTESIAN_POINT('Origin',(12.02806327646,-41.28347967187,73.367));
#3659=CARTESIAN_POINT('',(13.49284625666,-39.92171213631,31.));
#3660=CARTESIAN_POINT('Origin',(15.69002072697,-37.87906083296,0.));
#3661=CARTESIAN_POINT('',(18.68803028256,-37.76979645375,0.));
#3662=CARTESIAN_POINT('Origin',(20.68670331963,-37.69695353428,-43.867));
#3663=CARTESIAN_POINT('Origin',(-41.23105625618,8.,73.36700000644));
#3664=CARTESIAN_POINT('',(-41.23105625618,7.,31.));
#3665=CARTESIAN_POINT('Origin',(-42.93308747342,7.,0.));
#3666=CARTESIAN_POINT('',(-42.07433897282,7.,0.));
#3667=CARTESIAN_POINT('Origin',(-42.07433897282,6.,-43.86700000365));
#3668=CARTESIAN_POINT('',(-43.06432341924,6.141176470588,0.));
#3669=CARTESIAN_POINT('Origin',(0.,0.,0.));
#3670=CARTESIAN_POINT('Origin',(-39.8,-5.5,73.36700000644));
#3671=CARTESIAN_POINT('',(-39.3,-5.5,29.5));
#3672=CARTESIAN_POINT('Origin',(-39.3,-5.,31.));
#3673=CARTESIAN_POINT('Origin',(0.,0.,31.));
#3674=CARTESIAN_POINT('Origin',(-37.87906083296,-15.69002072697,0.2500000089773));
#3675=CARTESIAN_POINT('',(-39.12906083296,-15.69002072697,0.5));
#3676=CARTESIAN_POINT('',(-37.87906083296,-14.4400207269698,0.500000000000189));
#3677=CARTESIAN_POINT('Origin',(-37.87906083296,-15.69002072697,0.5));
#3678=CARTESIAN_POINT('',(-37.87906083296,-14.190020735947,0.2500000089773));
#3679=CARTESIAN_POINT('Origin',(-37.87906083296,-15.69002072697,0.5));
#3680=CARTESIAN_POINT('Origin',(-37.87906083296,-15.69002072697,9.713629562474));
#3681=CARTESIAN_POINT('',(-39.12906083296,-15.69002072697,8.5));
#3682=CARTESIAN_POINT('Origin',(-37.87906083296,-15.69002072697,8.5));
#3683=CARTESIAN_POINT('',(-39.12906083296,-15.69002072697,9.713629562474));
#3684=CARTESIAN_POINT('Origin',(-37.87906083296,-15.69002072697,8.837773082546));
#3685=CARTESIAN_POINT('',(-37.87906083296,-15.69002072697,9.251075773784));
#3686=CARTESIAN_POINT('',(-38.5669120219892,-15.69002072697,8.837773082546));
#3687=CARTESIAN_POINT('Origin',(-15.69002072697,-37.87906083296,0.2500000087409));
#3688=CARTESIAN_POINT('',(-16.5739042034532,-38.7629443094432,0.5));
#3689=CARTESIAN_POINT('',(-15.69002072697,-36.62906083296,0.499999999999988));
#3690=CARTESIAN_POINT('Origin',(-15.69002072697,-37.87906083296,0.5));
#3691=CARTESIAN_POINT('',(-15.69002072697,-36.379060841701,0.2500000087409));
#3692=CARTESIAN_POINT('Origin',(-15.69002072697,-37.87906083296,0.5));
#3693=CARTESIAN_POINT('Origin',(-15.69002072697,-37.87906083296,9.713629562474));
#3694=CARTESIAN_POINT('',(-16.5739042034532,-38.7629443094432,8.5));
#3695=CARTESIAN_POINT('Origin',(-15.69002072697,-37.87906083296,8.5));
#3696=CARTESIAN_POINT('',(-16.5739042034532,-38.7629443094432,9.713629562474));
#3697=CARTESIAN_POINT('Origin',(-15.69002072697,-37.87906083296,8.837773082546));
#3698=CARTESIAN_POINT('',(-15.69002072697,-37.87906083296,9.251075773784));
#3699=CARTESIAN_POINT('',(-16.1764049671798,-38.3654450731698,8.837773082546));
#3700=CARTESIAN_POINT('Origin',(15.69002072697,-37.87906083296,0.2500000089773));
#3701=CARTESIAN_POINT('',(15.69002072697,-36.62906083296,0.5));
#3702=CARTESIAN_POINT('',(15.69002072697,-39.12906083296,0.5));
#3703=CARTESIAN_POINT('Origin',(15.69002072697,-37.87906083296,0.5));
#3704=CARTESIAN_POINT('Origin',(15.69002072697,-37.87906083296,0.5));
#3705=CARTESIAN_POINT('',(15.69002072697,-36.379060841937,0.2500000089773));
#3706=CARTESIAN_POINT('Origin',(15.69002072697,-37.87906083296,9.713629562474));
#3707=CARTESIAN_POINT('',(15.69002072697,-39.12906083296,8.5));
#3708=CARTESIAN_POINT('Origin',(15.69002072697,-37.87906083296,8.5));
#3709=CARTESIAN_POINT('',(15.69002072697,-39.12906083296,9.713629562474));
#3710=CARTESIAN_POINT('Origin',(15.69002072697,-37.87906083296,8.837773082546));
#3711=CARTESIAN_POINT('',(15.69002072697,-37.87906083296,9.251075773784));
#3712=CARTESIAN_POINT('',(15.69002072697,-38.5669120219892,8.837773082546));
#3713=CARTESIAN_POINT('Origin',(-37.87906083296,15.69002072697,0.2500000087409));
#3714=CARTESIAN_POINT('',(-38.76294430945,16.57390420345,0.5));
#3715=CARTESIAN_POINT('',(-37.87906083296,16.94002072697,0.499999999999988));
#3716=CARTESIAN_POINT('Origin',(-37.87906083296,15.69002072697,0.5));
#3717=CARTESIAN_POINT('',(-37.87906083296,17.190020718229,0.2500000087409));
#3718=CARTESIAN_POINT('Origin',(-37.87906083296,15.69002072697,0.5));
#3719=CARTESIAN_POINT('Origin',(-37.87906083296,15.69002072697,9.713629562474));
#3720=CARTESIAN_POINT('',(-38.76294430945,16.57390420345,8.5));
#3721=CARTESIAN_POINT('Origin',(-37.87906083296,15.69002072697,8.5));
#3722=CARTESIAN_POINT('',(-38.7629443094432,16.5739042034532,9.713629562474));
#3723=CARTESIAN_POINT('Origin',(-37.87906083296,15.69002072697,8.837773082546));
#3724=CARTESIAN_POINT('',(-37.87906083296,15.69002072697,9.251075773784));
#3725=CARTESIAN_POINT('',(-38.3654450731698,16.1764049671798,8.837773082546));
#3726=CARTESIAN_POINT('Origin',(-15.69002072697,37.87906083296,0.2500000089773));
#3727=CARTESIAN_POINT('',(-15.69002072697,39.1290608329602,0.500000000000189));
#3728=CARTESIAN_POINT('Origin',(-15.69002072697,37.87906083296,0.5));
#3729=CARTESIAN_POINT('',(-15.69002072697,39.379060823983,0.2500000089773));
#3730=CARTESIAN_POINT('Origin',(-15.69002072697,37.87906083296,9.713629562474));
#3731=CARTESIAN_POINT('',(-15.69002072697,39.12906083296,8.5));
#3732=CARTESIAN_POINT('Origin',(-15.69002072697,37.87906083296,8.5));
#3733=CARTESIAN_POINT('',(-15.69002072697,39.12906083296,9.713629562474));
#3734=CARTESIAN_POINT('Origin',(-15.69002072697,37.87906083296,8.837773082546));
#3735=CARTESIAN_POINT('',(-15.69002072697,37.87906083296,9.251075773784));
#3736=CARTESIAN_POINT('',(-15.69002072697,38.5669120219892,8.837773082546));
#3737=CARTESIAN_POINT('Origin',(15.69002072697,37.87906083296,0.2500000087409));
#3738=CARTESIAN_POINT('',(15.69002072697,39.12906083296,0.499999999999988));
#3739=CARTESIAN_POINT('',(16.5739042034532,38.7629443094432,0.5));
#3740=CARTESIAN_POINT('Origin',(15.69002072697,37.87906083296,0.5));
#3741=CARTESIAN_POINT('Origin',(15.69002072697,37.87906083296,0.5));
#3742=CARTESIAN_POINT('',(15.69002072697,39.379060824219,0.2500000087409));
#3743=CARTESIAN_POINT('Origin',(15.69002072697,37.87906083296,9.713629562474));
#3744=CARTESIAN_POINT('',(16.57390420345,38.76294430945,8.5));
#3745=CARTESIAN_POINT('Origin',(15.69002072697,37.87906083296,8.5));
#3746=CARTESIAN_POINT('',(16.5739042034532,38.7629443094432,9.713629562474));
#3747=CARTESIAN_POINT('Origin',(15.69002072697,37.87906083296,8.837773082546));
#3748=CARTESIAN_POINT('',(15.69002072697,37.87906083296,9.251075773784));
#3749=CARTESIAN_POINT('',(16.1764049671798,38.3654450731698,8.837773082546));
#3750=CARTESIAN_POINT('Origin',(37.87906083296,15.69002072697,0.2500000089773));
#3751=CARTESIAN_POINT('',(37.87906083296,16.9400207269702,0.500000000000187));
#3752=CARTESIAN_POINT('',(39.12906083296,15.69002072697,0.5));
#3753=CARTESIAN_POINT('Origin',(37.87906083296,15.69002072697,0.5));
#3754=CARTESIAN_POINT('Origin',(37.87906083296,15.69002072697,0.5));
#3755=CARTESIAN_POINT('',(37.87906083296,17.190020717993,0.2500000089773));
#3756=CARTESIAN_POINT('Origin',(37.87906083296,15.69002072697,9.713629562474));
#3757=CARTESIAN_POINT('',(39.12906083296,15.69002072697,8.5));
#3758=CARTESIAN_POINT('Origin',(37.87906083296,15.69002072697,8.5));
#3759=CARTESIAN_POINT('',(39.12906083296,15.69002072697,9.713629562474));
#3760=CARTESIAN_POINT('Origin',(37.87906083296,15.69002072697,8.837773082546));
#3761=CARTESIAN_POINT('',(37.87906083296,15.69002072697,9.251075773784));
#3762=CARTESIAN_POINT('',(38.5669120219892,15.69002072697,8.837773082546));
#3763=CARTESIAN_POINT('Origin',(37.87906083296,-15.69002072697,0.2500000087409));
#3764=CARTESIAN_POINT('',(37.87906083296,-14.44002072697,0.499999999999987));
#3765=CARTESIAN_POINT('',(38.7629443094432,-16.5739042034532,0.5));
#3766=CARTESIAN_POINT('Origin',(37.87906083296,-15.69002072697,0.5));
#3767=CARTESIAN_POINT('Origin',(37.87906083296,-15.69002072697,0.5));
#3768=CARTESIAN_POINT('',(37.87906083296,-14.190020735711,0.2500000087409));
#3769=CARTESIAN_POINT('Origin',(37.87906083296,-15.69002072697,9.713629562474));
#3770=CARTESIAN_POINT('',(38.7629443094432,-16.5739042034532,8.5));
#3771=CARTESIAN_POINT('Origin',(37.87906083296,-15.69002072697,8.5));
#3772=CARTESIAN_POINT('',(38.7629443094432,-16.5739042034532,9.713629562474));
#3773=CARTESIAN_POINT('Origin',(37.87906083296,-15.69002072697,8.837773082546));
#3774=CARTESIAN_POINT('',(37.87906083296,-15.69002072697,9.251075773784));
#3775=CARTESIAN_POINT('',(38.3654450731698,-16.1764049671798,8.837773082546));
#3776=CARTESIAN_POINT('Origin',(0.,0.,-1.5));
#3777=CARTESIAN_POINT('',(-2.87791997799628E-15,-23.5,-1.5));
#3778=CARTESIAN_POINT('Origin',(0.,0.,31.));
#3779=UNCERTAINTY_MEASURE_WITH_UNIT(LENGTH_MEASURE(0.01),#3783,
'DISTANCE_ACCURACY_VALUE',
'Maximum model space distance between geometric entities at asserted c
onnectivities');
#3780=UNCERTAINTY_MEASURE_WITH_UNIT(LENGTH_MEASURE(0.01),#3783,
'DISTANCE_ACCURACY_VALUE',
'Maximum model space distance between geometric entities at asserted c
onnectivities');
#3781=(
GEOMETRIC_REPRESENTATION_CONTEXT(3)
GLOBAL_UNCERTAINTY_ASSIGNED_CONTEXT((#3779))
GLOBAL_UNIT_ASSIGNED_CONTEXT((#3783,#3785,#3786))
REPRESENTATION_CONTEXT('','3D')
);
#3782=(
GEOMETRIC_REPRESENTATION_CONTEXT(3)
GLOBAL_UNCERTAINTY_ASSIGNED_CONTEXT((#3780))
GLOBAL_UNIT_ASSIGNED_CONTEXT((#3783,#3785,#3786))
REPRESENTATION_CONTEXT('','3D')
);
#3783=(
LENGTH_UNIT()
NAMED_UNIT(*)
SI_UNIT(.MILLI.,.METRE.)
);
#3784=(
LENGTH_UNIT()
NAMED_UNIT(*)
SI_UNIT($,.METRE.)
);
#3785=(
NAMED_UNIT(*)
PLANE_ANGLE_UNIT()
SI_UNIT($,.RADIAN.)
);
#3786=(
NAMED_UNIT(*)
SI_UNIT($,.STERADIAN.)
SOLID_ANGLE_UNIT()
);
#3787=SHAPE_DEFINITION_REPRESENTATION(#3788,#3789);
#3788=PRODUCT_DEFINITION_SHAPE('',$,#3791);
#3789=SHAPE_REPRESENTATION('',(#2117),#3781);
#3790=PRODUCT_DEFINITION_CONTEXT('part definition',#3795,'design');
#3791=PRODUCT_DEFINITION('2026-09-19-17-00-47-789',
'1_1_06_EB823-507_AF0^1_1_06_EB823-509_ASM_FL82BLW33-48V-35N.m(\X2\5F006A217248\X0\)
(1)_FL82BLW33-48V-35N.m(\X2\5F006A217248\X0\)(1).STEP',#3792,#3790);
#3792=PRODUCT_DEFINITION_FORMATION('',$,#3797);
#3793=PRODUCT_RELATED_PRODUCT_CATEGORY(
'1_1_06_EB823-507_AF0^1_1_06_EB823-509_ASM_FL82BLW33-48V-35N.m(\X2\5F006A217248\X0\)
(1)_FL82BLW33-48V-35N.m(\X2\5F006A217248\X0\)(1).STEP',
'1_1_06_EB823-507_AF0^1_1_06_EB823-509_ASM_FL82BLW33-48V-35N.m(\X2\5F006A217248\X0\)
(1)_FL82BLW33-48V-35N.m(\X2\5F006A217248\X0\)(1).STEP',(#3797));
#3794=APPLICATION_PROTOCOL_DEFINITION('international standard',
'automotive_design',2009,#3795);
#3795=APPLICATION_CONTEXT(
'Core Data for Automotive Mechanical Design Process');
#3796=PRODUCT_CONTEXT('part definition',#3795,'mechanical');
#3797=PRODUCT('2026-09-19-17-00-47-789',
'1_1_06_EB823-507_AF0^1_1_06_EB823-509_ASM_FL82BLW33-48V-35N.m(\X2\5F006A217248\X0\)
(1)_FL82BLW33-48V-35N.m(\X2\5F006A217248\X0\)(1).STEP',$,(#3796));
#3798=PRESENTATION_STYLE_ASSIGNMENT((#3800));
#3799=PRESENTATION_STYLE_ASSIGNMENT((#3801));
#3800=SURFACE_STYLE_USAGE(.BOTH.,#3802);
#3801=SURFACE_STYLE_USAGE(.BOTH.,#3803);
#3802=SURFACE_SIDE_STYLE('',(#3804));
#3803=SURFACE_SIDE_STYLE('',(#3805));
#3804=SURFACE_STYLE_FILL_AREA(#3806);
#3805=SURFACE_STYLE_FILL_AREA(#3807);
#3806=FILL_AREA_STYLE('Steel - Satin',(#3808));
#3807=FILL_AREA_STYLE('Opaque(255,255,255)',(#3809));
#3808=FILL_AREA_STYLE_COLOUR('Steel - Satin',#3810);
#3809=FILL_AREA_STYLE_COLOUR('Opaque(255,255,255)',#3811);
#3810=COLOUR_RGB('Steel - Satin',0.627450980392157,0.627450980392157,0.627450980392157);
#3811=COLOUR_RGB('Opaque(255,255,255)',1.,1.,1.);
ENDSEC;
END-ISO-10303-21;
