ISO-10303-21;
HEADER;
/* Generated by software containing ST-Developer
 * from STEP Tools, Inc. (www.steptools.com) 
 */

FILE_DESCRIPTION(
/* description */ (''),
/* implementation_level */ '2;1');

FILE_NAME(
/* name */ 
'1_1_02_EB461-502_FL46BLW10-48V-5N.m-DE_2__FL46BLW10-48V-5N.m-DE_2.ste
p',
/* time_stamp */ '2026-09-19T16:52:33-04:00',
/* author */ (''),
/* organization */ (''),
/* preprocessor_version */ 'ST-DEVELOPER v20.2',
/* originating_system */ 'Autodesk Translation Framework v15.15.0.0',
/* authorisation */ '');

FILE_SCHEMA (('AUTOMOTIVE_DESIGN { 1 0 10303 214 3 1 1 }'));
ENDSEC;

DATA;
#10=MECHANICAL_DESIGN_GEOMETRIC_PRESENTATION_REPRESENTATION('',(#13),#2954);
#11=SHAPE_REPRESENTATION_RELATIONSHIP('SRR','None',#2961,#12);
#12=ADVANCED_BREP_SHAPE_REPRESENTATION('',(#14),#2953);
#13=STYLED_ITEM('',(#2971),#14);
#14=MANIFOLD_SOLID_BREP('Body1',#1358);
#15=PLANE('',#1471);
#16=PLANE('',#1475);
#17=PLANE('',#1485);
#18=PLANE('',#1489);
#19=PLANE('',#1490);
#20=PLANE('',#1494);
#21=PLANE('',#1501);
#22=PLANE('',#1503);
#23=PLANE('',#1504);
#24=PLANE('',#1526);
#25=PLANE('',#1530);
#26=CONICAL_SURFACE('',#1388,0.04342358387558,1.02974425867646);
#27=CONICAL_SURFACE('',#1392,0.04342358387558,1.02974425867646);
#28=CONICAL_SURFACE('',#1396,0.04342358387558,1.02974425867646);
#29=CONICAL_SURFACE('',#1400,0.04342358387558,1.02974425867646);
#30=CONICAL_SURFACE('',#1404,0.04342358387558,1.02974425867646);
#31=CONICAL_SURFACE('',#1408,0.04342358387558,1.02974425867646);
#32=CONICAL_SURFACE('',#1412,0.04342358387558,1.02974425867646);
#33=CONICAL_SURFACE('',#1416,0.04342358387558,1.02974425867646);
#34=CONICAL_SURFACE('',#1425,0.0659235838755801,1.02974425867646);
#35=CONICAL_SURFACE('',#1431,0.06592358387558,1.02974425867646);
#36=CONICAL_SURFACE('',#1437,0.0659235838755801,1.02974425867646);
#37=CONICAL_SURFACE('',#1446,0.06592358387558,1.02974425867646);
#38=CONICAL_SURFACE('',#1452,0.0659235838755801,1.02974425867646);
#39=CONICAL_SURFACE('',#1458,0.06592358387558,1.02974425867646);
#40=CONICAL_SURFACE('',#1464,0.0659235838755801,1.02974425867646);
#41=CONICAL_SURFACE('',#1465,0.06592358387558,1.02974425867646);
#42=CONICAL_SURFACE('',#1507,2.134999999995,0.7853981633973);
#43=FACE_BOUND('',#179,.T.);
#44=FACE_BOUND('',#180,.T.);
#45=FACE_BOUND('',#181,.T.);
#46=FACE_BOUND('',#182,.T.);
#47=FACE_BOUND('',#226,.T.);
#48=FACE_BOUND('',#229,.T.);
#49=FACE_BOUND('',#231,.T.);
#50=FACE_BOUND('',#234,.T.);
#51=FACE_BOUND('',#239,.T.);
#52=FACE_BOUND('',#246,.T.);
#53=FACE_BOUND('',#247,.T.);
#54=FACE_BOUND('',#248,.T.);
#55=FACE_BOUND('',#249,.T.);
#56=FACE_BOUND('',#250,.T.);
#57=FACE_BOUND('',#251,.T.);
#58=FACE_BOUND('',#252,.T.);
#59=FACE_BOUND('',#253,.T.);
#60=FACE_BOUND('',#255,.T.);
#61=FACE_BOUND('',#256,.T.);
#62=FACE_BOUND('',#257,.T.);
#63=FACE_BOUND('',#258,.T.);
#64=FACE_BOUND('',#262,.T.);
#65=FACE_BOUND('',#265,.T.);
#66=FACE_BOUND('',#266,.T.);
#67=FACE_BOUND('',#267,.T.);
#68=FACE_BOUND('',#268,.T.);
#69=FACE_BOUND('',#269,.T.);
#70=FACE_BOUND('',#270,.T.);
#71=FACE_BOUND('',#271,.T.);
#72=FACE_BOUND('',#272,.T.);
#73=FACE_BOUND('',#273,.T.);
#74=FACE_BOUND('',#274,.T.);
#75=FACE_BOUND('',#275,.T.);
#76=FACE_BOUND('',#276,.T.);
#77=FACE_BOUND('',#277,.T.);
#78=FACE_BOUND('',#278,.T.);
#79=FACE_BOUND('',#279,.T.);
#80=FACE_BOUND('',#280,.T.);
#81=FACE_BOUND('',#281,.T.);
#82=B_SPLINE_CURVE_WITH_KNOTS('',3,(#1946,#1947,#1948,#1949,#1950,#1951,
#1952,#1953,#1954,#1955,#1956,#1957,#1958,#1959,#1960,#1961,#1962,#1963,
#1964,#1965,#1966,#1967,#1968,#1969,#1970,#1971,#1972,#1973,#1974,#1975,
#1976,#1977,#1978,#1979),.UNSPECIFIED.,.T.,.F.,(4,2,2,2,2,2,2,2,2,2,2,2,
2,2,2,2,4),(-0.482220109084252,-0.452081350666736,-0.421942592249221,-0.391803837031205,
-0.361665081813189,-0.331526326595172,-0.301387571377156,-0.271248812959641,
-0.241110054542126,-0.210971296124611,-0.180832537707095,-0.150693782489079,
-0.120555027271063,-0.0904162720530467,-0.0602775168350304,-0.0301387584175152,
0.),.UNSPECIFIED.);
#83=B_SPLINE_CURVE_WITH_KNOTS('',3,(#1981,#1982,#1983,#1984,#1985,#1986,
#1987,#1988,#1989,#1990,#1991,#1992,#1993,#1994,#1995,#1996,#1997,#1998,
#1999,#2000,#2001,#2002,#2003,#2004,#2005,#2006,#2007,#2008,#2009,#2010,
#2011,#2012,#2013,#2014),.UNSPECIFIED.,.T.,.F.,(4,2,2,2,2,2,2,2,2,2,2,2,
2,2,2,2,4),(-0.482220109084252,-0.452081350666736,-0.421942592249221,-0.391803837031205,
-0.361665081813189,-0.331526326595172,-0.301387571377156,-0.271248812959641,
-0.241110054542126,-0.210971296124611,-0.180832537707095,-0.150693782489079,
-0.120555027271063,-0.0904162720530467,-0.0602775168350305,-0.0301387584175152,
0.),.UNSPECIFIED.);
#84=B_SPLINE_CURVE_WITH_KNOTS('',3,(#2016,#2017,#2018,#2019,#2020,#2021,
#2022,#2023,#2024,#2025,#2026,#2027,#2028,#2029,#2030,#2031,#2032,#2033,
#2034,#2035,#2036,#2037,#2038,#2039,#2040,#2041,#2042,#2043,#2044,#2045,
#2046,#2047,#2048,#2049),.UNSPECIFIED.,.T.,.F.,(4,2,2,2,2,2,2,2,2,2,2,2,
2,2,2,2,4),(0.,0.0301387584175152,0.0602775168350305,0.0904162720530467,
0.120555027271063,0.150693782489079,0.180832537707096,0.210971296124611,
0.241110054542126,0.271248812959641,0.301387571377156,0.331526326595172,
0.361665081813189,0.391803837031205,0.421942592249221,0.452081350666736,
0.482220109084252),.UNSPECIFIED.);
#85=B_SPLINE_CURVE_WITH_KNOTS('',3,(#2051,#2052,#2053,#2054,#2055,#2056,
#2057,#2058,#2059,#2060,#2061,#2062,#2063,#2064,#2065,#2066,#2067,#2068,
#2069,#2070,#2071,#2072,#2073,#2074,#2075,#2076,#2077,#2078,#2079,#2080,
#2081,#2082,#2083,#2084),.UNSPECIFIED.,.T.,.F.,(4,2,2,2,2,2,2,2,2,2,2,2,
2,2,2,2,4),(0.,0.0301387584175152,0.0602775168350304,0.0904162720530467,
0.120555027271063,0.150693782489079,0.180832537707095,0.210971296124611,
0.241110054542126,0.271248812959641,0.301387571377156,0.331526326595172,
0.361665081813189,0.391803837031205,0.421942592249221,0.452081350666736,
0.482220109084252),.UNSPECIFIED.);
#86=B_SPLINE_CURVE_WITH_KNOTS('',3,(#2199,#2200,#2201,#2202,#2203,#2204,
#2205,#2206,#2207,#2208,#2209,#2210),.UNSPECIFIED.,.F.,.F.,(4,2,2,2,2,4),
(2.3816994925875,2.39366857342985,2.46499991694731,2.50198302924189,2.53896614153646,
2.58631521938317),.UNSPECIFIED.);
#87=B_SPLINE_CURVE_WITH_KNOTS('',3,(#2228,#2229,#2230,#2231,#2232,#2233,
#2234,#2235,#2236,#2237,#2238,#2239),.UNSPECIFIED.,.F.,.F.,(4,2,2,2,2,4),
(2.38169949258744,2.39366857342996,2.46499991694733,2.50198302924184,2.53896614153635,
2.58631521938321),.UNSPECIFIED.);
#88=B_SPLINE_CURVE_WITH_KNOTS('',3,(#2257,#2258,#2259,#2260,#2261,#2262,
#2263,#2264,#2265,#2266,#2267,#2268),.UNSPECIFIED.,.F.,.F.,(4,2,2,2,2,4),
(2.3816994925875,2.39366857342985,2.46499991694731,2.50198302924189,2.53896614153646,
2.58631521938317),.UNSPECIFIED.);
#89=B_SPLINE_CURVE_WITH_KNOTS('',3,(#2272,#2273,#2274,#2275,#2276,#2277,
#2278,#2279,#2280,#2281,#2282,#2283,#2284,#2285,#2286,#2287,#2288,#2289,
#2290,#2291,#2292,#2293,#2294,#2295,#2296,#2297,#2298,#2299,#2300,#2301,
#2302,#2303,#2304,#2305),.UNSPECIFIED.,.T.,.F.,(4,2,2,2,2,2,2,2,2,2,2,2,
2,2,2,2,4),(-0.482206709055517,-0.452068788764237,-0.421930868472957,-0.391792950132297,
-0.361655031791638,-0.331517113450979,-0.30137919511032,-0.271241274819039,
-0.241103354527759,-0.210965434236478,-0.180827513945198,-0.150689595604538,
-0.120551677263879,-0.09041375892322,-0.0602758405825608,-0.0301379202912804,
0.),.UNSPECIFIED.);
#90=B_SPLINE_CURVE_WITH_KNOTS('',3,(#2309,#2310,#2311,#2312,#2313,#2314,
#2315,#2316,#2317,#2318,#2319,#2320,#2321,#2322,#2323,#2324,#2325,#2326,
#2327,#2328,#2329,#2330,#2331,#2332,#2333,#2334,#2335,#2336,#2337,#2338,
#2339,#2340,#2341,#2342),.UNSPECIFIED.,.T.,.F.,(4,2,2,2,2,2,2,2,2,2,2,2,
2,2,2,2,4),(-0.482206709055517,-0.452068788764237,-0.421930868472956,-0.391792950132297,
-0.361655031791638,-0.331517113450979,-0.30137919511032,-0.271241274819039,
-0.241103354527759,-0.210965434236478,-0.180827513945198,-0.150689595604539,
-0.120551677263879,-0.0904137589232202,-0.060275840582561,-0.0301379202912805,
0.),.UNSPECIFIED.);
#91=B_SPLINE_CURVE_WITH_KNOTS('',3,(#2346,#2347,#2348,#2349,#2350,#2351,
#2352,#2353,#2354,#2355,#2356,#2357,#2358,#2359,#2360,#2361,#2362,#2363),
 .UNSPECIFIED.,.F.,.F.,(4,2,2,2,2,2,2,2,4),(-0.482220109084252,-0.452081350666736,
-0.421942592249221,-0.391803837031205,-0.361665081813189,-0.331526326595172,
-0.301387571377156,-0.271248812959641,-0.241110054542126),.UNSPECIFIED.);
#92=B_SPLINE_CURVE_WITH_KNOTS('',3,(#2364,#2365,#2366,#2367,#2368,#2369,
#2370,#2371,#2372,#2373,#2374,#2375,#2376,#2377,#2378,#2379,#2380,#2381),
 .UNSPECIFIED.,.F.,.F.,(4,2,2,2,2,2,2,2,4),(-0.241110054542126,-0.210971296124611,
-0.180832537707095,-0.150693782489079,-0.120555027271063,-0.0904162720530467,
-0.0602775168350304,-0.0301387584175152,0.),.UNSPECIFIED.);
#93=B_SPLINE_CURVE_WITH_KNOTS('',3,(#2384,#2385,#2386,#2387,#2388,#2389,
#2390,#2391,#2392,#2393,#2394,#2395,#2396,#2397,#2398,#2399,#2400,#2401,
#2402,#2403,#2404,#2405,#2406,#2407,#2408,#2409,#2410,#2411,#2412,#2413,
#2414,#2415,#2416,#2417),.UNSPECIFIED.,.T.,.F.,(4,2,2,2,2,2,2,2,2,2,2,2,
2,2,2,2,4),(-0.482206709055517,-0.452068788764237,-0.421930868472957,-0.391792950132297,
-0.361655031791638,-0.331517113450979,-0.30137919511032,-0.271241274819039,
-0.241103354527759,-0.210965434236478,-0.180827513945198,-0.150689595604538,
-0.120551677263879,-0.09041375892322,-0.0602758405825608,-0.0301379202912804,
0.),.UNSPECIFIED.);
#94=B_SPLINE_CURVE_WITH_KNOTS('',3,(#2436,#2437,#2438,#2439,#2440,#2441,
#2442,#2443),.UNSPECIFIED.,.F.,.F.,(4,2,2,4),(-2.58631521938307,-2.53896614153635,
-2.50198302924184,-2.48338158421601),.UNSPECIFIED.);
#95=B_SPLINE_CURVE_WITH_KNOTS('',3,(#2444,#2445,#2446,#2447,#2448,#2449,
#2450,#2451),.UNSPECIFIED.,.F.,.F.,(4,2,2,4),(-2.48338158421601,-2.46499991694733,
-2.39366857342996,-2.38169949258744),.UNSPECIFIED.);
#96=B_SPLINE_CURVE_WITH_KNOTS('',3,(#2469,#2470,#2471,#2472,#2473,#2474,
#2475,#2476,#2477,#2478,#2479,#2480),.UNSPECIFIED.,.F.,.F.,(4,2,2,2,2,4),
(2.3816994925875,2.39366857342985,2.46499991694731,2.50198302924189,2.53896614153646,
2.58631521938317),.UNSPECIFIED.);
#97=B_SPLINE_CURVE_WITH_KNOTS('',3,(#2498,#2499,#2500,#2501,#2502,#2503,
#2504,#2505,#2506,#2507,#2508,#2509),.UNSPECIFIED.,.F.,.F.,(4,2,2,2,2,4),
(2.38169949258744,2.39366857342996,2.46499991694733,2.50198302924184,2.53896614153635,
2.58631521938321),.UNSPECIFIED.);
#98=B_SPLINE_CURVE_WITH_KNOTS('',3,(#2527,#2528,#2529,#2530,#2531,#2532,
#2533,#2534,#2535,#2536,#2537,#2538),.UNSPECIFIED.,.F.,.F.,(4,2,2,2,2,4),
(2.3816994925875,2.39366857342985,2.46499991694731,2.50198302924189,2.53896614153646,
2.58631521938317),.UNSPECIFIED.);
#99=B_SPLINE_CURVE_WITH_KNOTS('',3,(#2546,#2547,#2548,#2549,#2550,#2551,
#2552,#2553,#2554,#2555,#2556,#2557),.UNSPECIFIED.,.F.,.F.,(4,2,2,2,2,4),
(-2.58631521938307,-2.53896614153635,-2.50198302924184,-2.46499991694733,
-2.39366857342996,-2.38169949258744),.UNSPECIFIED.);
#100=B_SPLINE_CURVE_WITH_KNOTS('',3,(#2635,#2636,#2637,#2638,#2639,#2640,
#2641,#2642,#2643,#2644,#2645,#2646,#2647,#2648,#2649,#2650,#2651,#2652),
 .UNSPECIFIED.,.F.,.F.,(4,2,2,2,2,2,2,2,4),(-0.482220109084252,-0.452081350666736,
-0.421942592249221,-0.391803837031205,-0.361665081813189,-0.331526326595172,
-0.301387571377156,-0.271248812959641,-0.241110054542126),.UNSPECIFIED.);
#101=B_SPLINE_CURVE_WITH_KNOTS('',3,(#2653,#2654,#2655,#2656,#2657,#2658,
#2659,#2660,#2661,#2662,#2663,#2664,#2665,#2666,#2667,#2668,#2669,#2670),
 .UNSPECIFIED.,.F.,.F.,(4,2,2,2,2,2,2,2,4),(-0.241110054542126,-0.210971296124611,
-0.180832537707095,-0.150693782489079,-0.120555027271063,-0.0904162720530467,
-0.0602775168350304,-0.0301387584175152,0.),.UNSPECIFIED.);
#102=B_SPLINE_CURVE_WITH_KNOTS('',3,(#2673,#2674,#2675,#2676,#2677,#2678,
#2679,#2680,#2681,#2682,#2683,#2684,#2685,#2686,#2687,#2688,#2689,#2690,
#2691,#2692,#2693,#2694,#2695,#2696,#2697,#2698,#2699,#2700,#2701,#2702,
#2703,#2704,#2705,#2706),.UNSPECIFIED.,.T.,.F.,(4,2,2,2,2,2,2,2,2,2,2,2,
2,2,2,2,4),(-0.482206709055517,-0.452068788764237,-0.421930868472957,-0.391792950132297,
-0.361655031791638,-0.331517113450979,-0.30137919511032,-0.271241274819039,
-0.241103354527759,-0.210965434236478,-0.180827513945198,-0.150689595604538,
-0.120551677263879,-0.09041375892322,-0.0602758405825608,-0.0301379202912804,
0.),.UNSPECIFIED.);
#103=B_SPLINE_CURVE_WITH_KNOTS('',3,(#2710,#2711,#2712,#2713,#2714,#2715,
#2716,#2717,#2718,#2719,#2720,#2721,#2722,#2723,#2724,#2725,#2726,#2727),
 .UNSPECIFIED.,.F.,.F.,(4,2,2,2,2,2,2,2,4),(-0.482220109084252,-0.452081350666736,
-0.421942592249221,-0.391803837031205,-0.361665081813189,-0.331526326595172,
-0.301387571377156,-0.271248812959641,-0.241110054542126),.UNSPECIFIED.);
#104=B_SPLINE_CURVE_WITH_KNOTS('',3,(#2728,#2729,#2730,#2731,#2732,#2733,
#2734,#2735,#2736,#2737,#2738,#2739,#2740,#2741,#2742,#2743,#2744,#2745),
 .UNSPECIFIED.,.F.,.F.,(4,2,2,2,2,2,2,2,4),(-0.241110054542126,-0.210971296124611,
-0.180832537707095,-0.150693782489079,-0.120555027271063,-0.0904162720530467,
-0.0602775168350305,-0.0301387584175152,0.),.UNSPECIFIED.);
#105=B_SPLINE_CURVE_WITH_KNOTS('',3,(#2748,#2749,#2750,#2751,#2752,#2753,
#2754,#2755,#2756,#2757,#2758,#2759,#2760,#2761,#2762,#2763,#2764,#2765,
#2766,#2767,#2768,#2769,#2770,#2771,#2772,#2773,#2774,#2775,#2776,#2777,
#2778,#2779,#2780,#2781),.UNSPECIFIED.,.T.,.F.,(4,2,2,2,2,2,2,2,2,2,2,2,
2,2,2,2,4),(-0.482206709055517,-0.452068788764237,-0.421930868472956,-0.391792950132297,
-0.361655031791638,-0.331517113450979,-0.30137919511032,-0.271241274819039,
-0.241103354527759,-0.210965434236478,-0.180827513945198,-0.150689595604539,
-0.120551677263879,-0.0904137589232202,-0.060275840582561,-0.0301379202912805,
0.),.UNSPECIFIED.);
#106=B_SPLINE_CURVE_WITH_KNOTS('',3,(#2785,#2786,#2787,#2788,#2789,#2790,
#2791,#2792,#2793,#2794,#2795,#2796,#2797,#2798,#2799,#2800,#2801,#2802,
#2803,#2804,#2805,#2806,#2807,#2808,#2809,#2810,#2811,#2812,#2813,#2814,
#2815,#2816,#2817,#2818),.UNSPECIFIED.,.T.,.F.,(4,2,2,2,2,2,2,2,2,2,2,2,
2,2,2,2,4),(-0.482206709055517,-0.452068788764237,-0.421930868472957,-0.391792950132297,
-0.361655031791638,-0.331517113450979,-0.30137919511032,-0.271241274819039,
-0.241103354527759,-0.210965434236478,-0.180827513945198,-0.150689595604538,
-0.120551677263879,-0.09041375892322,-0.0602758405825608,-0.0301379202912804,
0.),.UNSPECIFIED.);
#107=B_SPLINE_CURVE_WITH_KNOTS('',3,(#2823,#2824,#2825,#2826,#2827,#2828,
#2829,#2830,#2831,#2832,#2833,#2834,#2835,#2836,#2837,#2838,#2839,#2840),
 .UNSPECIFIED.,.F.,.F.,(4,2,2,2,2,2,2,2,4),(-0.241103354527759,-0.210965434236478,
-0.180827513945198,-0.150689595604539,-0.120551677263879,-0.0904137589232202,
-0.060275840582561,-0.0301379202912805,0.),.UNSPECIFIED.);
#108=B_SPLINE_CURVE_WITH_KNOTS('',3,(#2841,#2842,#2843,#2844,#2845,#2846,
#2847,#2848,#2849,#2850,#2851,#2852,#2853,#2854,#2855,#2856,#2857,#2858),
 .UNSPECIFIED.,.F.,.F.,(4,2,2,2,2,2,2,2,4),(-0.482206709055517,-0.452068788764237,
-0.421930868472956,-0.391792950132297,-0.361655031791638,-0.331517113450979,
-0.30137919511032,-0.271241274819039,-0.241103354527759),.UNSPECIFIED.);
#109=B_SPLINE_CURVE_WITH_KNOTS('',3,(#2870,#2871,#2872,#2873,#2874,#2875,
#2876,#2877,#2878,#2879,#2880,#2881,#2882,#2883,#2884,#2885,#2886,#2887,
#2888,#2889,#2890,#2891,#2892,#2893,#2894,#2895,#2896,#2897,#2898,#2899,
#2900,#2901,#2902,#2903),.UNSPECIFIED.,.T.,.F.,(4,2,2,2,2,2,2,2,2,2,2,2,
2,2,2,2,4),(-0.482206709055517,-0.452068788764237,-0.421930868472956,-0.391792950132297,
-0.361655031791638,-0.331517113450979,-0.30137919511032,-0.271241274819039,
-0.241103354527759,-0.210965434236478,-0.180827513945198,-0.150689595604539,
-0.120551677263879,-0.0904137589232202,-0.060275840582561,-0.0301379202912805,
0.),.UNSPECIFIED.);
#110=B_SPLINE_CURVE_WITH_KNOTS('',3,(#2906,#2907,#2908,#2909,#2910,#2911,
#2912,#2913,#2914,#2915,#2916,#2917,#2918,#2919,#2920,#2921,#2922,#2923,
#2924,#2925,#2926,#2927,#2928,#2929,#2930,#2931,#2932,#2933,#2934,#2935,
#2936,#2937,#2938,#2939),.UNSPECIFIED.,.T.,.F.,(4,2,2,2,2,2,2,2,2,2,2,2,
2,2,2,2,4),(0.,0.0301387584175152,0.0602775168350305,0.0904162720530467,
0.120555027271063,0.150693782489079,0.180832537707096,0.210971296124611,
0.241110054542126,0.271248812959641,0.301387571377156,0.331526326595172,
0.361665081813189,0.391803837031205,0.421942592249221,0.452081350666736,
0.482220109084252),.UNSPECIFIED.);
#111=FACE_OUTER_BOUND('',#177,.T.);
#112=FACE_OUTER_BOUND('',#178,.T.);
#113=FACE_OUTER_BOUND('',#183,.T.);
#114=FACE_OUTER_BOUND('',#184,.T.);
#115=FACE_OUTER_BOUND('',#185,.T.);
#116=FACE_OUTER_BOUND('',#186,.T.);
#117=FACE_OUTER_BOUND('',#187,.T.);
#118=FACE_OUTER_BOUND('',#188,.T.);
#119=FACE_OUTER_BOUND('',#189,.T.);
#120=FACE_OUTER_BOUND('',#190,.T.);
#121=FACE_OUTER_BOUND('',#191,.T.);
#122=FACE_OUTER_BOUND('',#192,.T.);
#123=FACE_OUTER_BOUND('',#193,.T.);
#124=FACE_OUTER_BOUND('',#194,.T.);
#125=FACE_OUTER_BOUND('',#195,.T.);
#126=FACE_OUTER_BOUND('',#196,.T.);
#127=FACE_OUTER_BOUND('',#197,.T.);
#128=FACE_OUTER_BOUND('',#198,.T.);
#129=FACE_OUTER_BOUND('',#199,.T.);
#130=FACE_OUTER_BOUND('',#200,.T.);
#131=FACE_OUTER_BOUND('',#201,.T.);
#132=FACE_OUTER_BOUND('',#202,.T.);
#133=FACE_OUTER_BOUND('',#203,.T.);
#134=FACE_OUTER_BOUND('',#204,.T.);
#135=FACE_OUTER_BOUND('',#205,.T.);
#136=FACE_OUTER_BOUND('',#206,.T.);
#137=FACE_OUTER_BOUND('',#207,.T.);
#138=FACE_OUTER_BOUND('',#208,.T.);
#139=FACE_OUTER_BOUND('',#209,.T.);
#140=FACE_OUTER_BOUND('',#210,.T.);
#141=FACE_OUTER_BOUND('',#211,.T.);
#142=FACE_OUTER_BOUND('',#212,.T.);
#143=FACE_OUTER_BOUND('',#213,.T.);
#144=FACE_OUTER_BOUND('',#214,.T.);
#145=FACE_OUTER_BOUND('',#215,.T.);
#146=FACE_OUTER_BOUND('',#216,.T.);
#147=FACE_OUTER_BOUND('',#217,.T.);
#148=FACE_OUTER_BOUND('',#218,.T.);
#149=FACE_OUTER_BOUND('',#219,.T.);
#150=FACE_OUTER_BOUND('',#220,.T.);
#151=FACE_OUTER_BOUND('',#221,.T.);
#152=FACE_OUTER_BOUND('',#222,.T.);
#153=FACE_OUTER_BOUND('',#223,.T.);
#154=FACE_OUTER_BOUND('',#224,.T.);
#155=FACE_OUTER_BOUND('',#225,.T.);
#156=FACE_OUTER_BOUND('',#227,.T.);
#157=FACE_OUTER_BOUND('',#228,.T.);
#158=FACE_OUTER_BOUND('',#230,.T.);
#159=FACE_OUTER_BOUND('',#232,.T.);
#160=FACE_OUTER_BOUND('',#233,.T.);
#161=FACE_OUTER_BOUND('',#235,.T.);
#162=FACE_OUTER_BOUND('',#236,.T.);
#163=FACE_OUTER_BOUND('',#237,.T.);
#164=FACE_OUTER_BOUND('',#238,.T.);
#165=FACE_OUTER_BOUND('',#240,.T.);
#166=FACE_OUTER_BOUND('',#241,.T.);
#167=FACE_OUTER_BOUND('',#242,.T.);
#168=FACE_OUTER_BOUND('',#243,.T.);
#169=FACE_OUTER_BOUND('',#244,.T.);
#170=FACE_OUTER_BOUND('',#245,.T.);
#171=FACE_OUTER_BOUND('',#254,.T.);
#172=FACE_OUTER_BOUND('',#259,.T.);
#173=FACE_OUTER_BOUND('',#260,.T.);
#174=FACE_OUTER_BOUND('',#261,.T.);
#175=FACE_OUTER_BOUND('',#263,.T.);
#176=FACE_OUTER_BOUND('',#264,.T.);
#177=EDGE_LOOP('',(#860,#861,#862,#863));
#178=EDGE_LOOP('',(#864,#865,#866,#867));
#179=EDGE_LOOP('',(#868));
#180=EDGE_LOOP('',(#869));
#181=EDGE_LOOP('',(#870));
#182=EDGE_LOOP('',(#871));
#183=EDGE_LOOP('',(#872,#873,#874,#875,#876,#877,#878,#879,#880,#881,#882,
#883));
#184=EDGE_LOOP('',(#884,#885,#886,#887));
#185=EDGE_LOOP('',(#888,#889,#890));
#186=EDGE_LOOP('',(#891,#892,#893,#894));
#187=EDGE_LOOP('',(#895,#896,#897));
#188=EDGE_LOOP('',(#898,#899,#900,#901));
#189=EDGE_LOOP('',(#902,#903,#904));
#190=EDGE_LOOP('',(#905,#906,#907,#908));
#191=EDGE_LOOP('',(#909,#910,#911));
#192=EDGE_LOOP('',(#912,#913,#914,#915));
#193=EDGE_LOOP('',(#916,#917,#918));
#194=EDGE_LOOP('',(#919,#920,#921,#922));
#195=EDGE_LOOP('',(#923,#924,#925));
#196=EDGE_LOOP('',(#926,#927,#928,#929));
#197=EDGE_LOOP('',(#930,#931,#932));
#198=EDGE_LOOP('',(#933,#934,#935,#936));
#199=EDGE_LOOP('',(#937,#938,#939));
#200=EDGE_LOOP('',(#940,#941,#942,#943));
#201=EDGE_LOOP('',(#944,#945,#946,#947,#948,#949,#950,#951));
#202=EDGE_LOOP('',(#952,#953,#954,#955,#956));
#203=EDGE_LOOP('',(#957,#958,#959,#960,#961,#962,#963,#964));
#204=EDGE_LOOP('',(#965,#966,#967,#968,#969));
#205=EDGE_LOOP('',(#970,#971,#972,#973,#974,#975,#976,#977));
#206=EDGE_LOOP('',(#978,#979,#980,#981,#982));
#207=EDGE_LOOP('',(#983,#984,#985,#986));
#208=EDGE_LOOP('',(#987,#988,#989,#990));
#209=EDGE_LOOP('',(#991,#992,#993,#994,#995));
#210=EDGE_LOOP('',(#996,#997,#998,#999,#1000,#1001,#1002,#1003));
#211=EDGE_LOOP('',(#1004,#1005,#1006,#1007,#1008,#1009));
#212=EDGE_LOOP('',(#1010,#1011,#1012,#1013,#1014,#1015,#1016,#1017));
#213=EDGE_LOOP('',(#1018,#1019,#1020,#1021,#1022));
#214=EDGE_LOOP('',(#1023,#1024,#1025,#1026,#1027,#1028,#1029,#1030));
#215=EDGE_LOOP('',(#1031,#1032,#1033,#1034,#1035));
#216=EDGE_LOOP('',(#1036,#1037,#1038,#1039,#1040,#1041,#1042,#1043));
#217=EDGE_LOOP('',(#1044,#1045,#1046,#1047,#1048));
#218=EDGE_LOOP('',(#1049,#1050,#1051,#1052,#1053));
#219=EDGE_LOOP('',(#1054,#1055,#1056,#1057,#1058,#1059,#1060,#1061));
#220=EDGE_LOOP('',(#1062,#1063,#1064,#1065));
#221=EDGE_LOOP('',(#1066,#1067,#1068,#1069));
#222=EDGE_LOOP('',(#1070,#1071,#1072,#1073));
#223=EDGE_LOOP('',(#1074,#1075,#1076,#1077));
#224=EDGE_LOOP('',(#1078,#1079,#1080,#1081));
#225=EDGE_LOOP('',(#1082));
#226=EDGE_LOOP('',(#1083));
#227=EDGE_LOOP('',(#1084,#1085,#1086,#1087));
#228=EDGE_LOOP('',(#1088));
#229=EDGE_LOOP('',(#1089));
#230=EDGE_LOOP('',(#1090));
#231=EDGE_LOOP('',(#1091));
#232=EDGE_LOOP('',(#1092,#1093,#1094,#1095));
#233=EDGE_LOOP('',(#1096,#1097,#1098,#1099));
#234=EDGE_LOOP('',(#1100));
#235=EDGE_LOOP('',(#1101,#1102,#1103,#1104,#1105,#1106,#1107,#1108,#1109,
#1110,#1111,#1112));
#236=EDGE_LOOP('',(#1113,#1114,#1115,#1116));
#237=EDGE_LOOP('',(#1117,#1118,#1119,#1120));
#238=EDGE_LOOP('',(#1121));
#239=EDGE_LOOP('',(#1122,#1123,#1124,#1125));
#240=EDGE_LOOP('',(#1126,#1127,#1128,#1129,#1130));
#241=EDGE_LOOP('',(#1131,#1132,#1133,#1134,#1135));
#242=EDGE_LOOP('',(#1136,#1137,#1138,#1139,#1140));
#243=EDGE_LOOP('',(#1141,#1142,#1143,#1144));
#244=EDGE_LOOP('',(#1145,#1146,#1147,#1148,#1149));
#245=EDGE_LOOP('',(#1150,#1151,#1152,#1153,#1154,#1155,#1156,#1157,#1158,
#1159,#1160,#1161,#1162,#1163,#1164,#1165,#1166,#1167,#1168,#1169,#1170,
#1171,#1172,#1173,#1174,#1175,#1176,#1177,#1178,#1179,#1180,#1181,#1182,
#1183,#1184,#1185,#1186));
#246=EDGE_LOOP('',(#1187));
#247=EDGE_LOOP('',(#1188));
#248=EDGE_LOOP('',(#1189));
#249=EDGE_LOOP('',(#1190));
#250=EDGE_LOOP('',(#1191,#1192));
#251=EDGE_LOOP('',(#1193));
#252=EDGE_LOOP('',(#1194));
#253=EDGE_LOOP('',(#1195));
#254=EDGE_LOOP('',(#1196,#1197,#1198,#1199));
#255=EDGE_LOOP('',(#1200,#1201));
#256=EDGE_LOOP('',(#1202));
#257=EDGE_LOOP('',(#1203,#1204));
#258=EDGE_LOOP('',(#1205,#1206));
#259=EDGE_LOOP('',(#1207,#1208,#1209,#1210));
#260=EDGE_LOOP('',(#1211,#1212,#1213,#1214));
#261=EDGE_LOOP('',(#1215));
#262=EDGE_LOOP('',(#1216,#1217,#1218,#1219,#1220,#1221,#1222,#1223,#1224,
#1225,#1226,#1227,#1228,#1229,#1230,#1231));
#263=EDGE_LOOP('',(#1232,#1233,#1234,#1235));
#264=EDGE_LOOP('',(#1236));
#265=EDGE_LOOP('',(#1237));
#266=EDGE_LOOP('',(#1238));
#267=EDGE_LOOP('',(#1239));
#268=EDGE_LOOP('',(#1240));
#269=EDGE_LOOP('',(#1241));
#270=EDGE_LOOP('',(#1242));
#271=EDGE_LOOP('',(#1243));
#272=EDGE_LOOP('',(#1244));
#273=EDGE_LOOP('',(#1245));
#274=EDGE_LOOP('',(#1246));
#275=EDGE_LOOP('',(#1247));
#276=EDGE_LOOP('',(#1248));
#277=EDGE_LOOP('',(#1249));
#278=EDGE_LOOP('',(#1250));
#279=EDGE_LOOP('',(#1251));
#280=EDGE_LOOP('',(#1252));
#281=EDGE_LOOP('',(#1253));
#282=LINE('',#1932,#357);
#283=LINE('',#1935,#358);
#284=LINE('',#1941,#359);
#285=LINE('',#1944,#360);
#286=LINE('',#2089,#361);
#287=LINE('',#2093,#362);
#288=LINE('',#2097,#363);
#289=LINE('',#2102,#364);
#290=LINE('',#2109,#365);
#291=LINE('',#2113,#366);
#292=LINE('',#2117,#367);
#293=LINE('',#2122,#368);
#294=LINE('',#2126,#369);
#295=LINE('',#2131,#370);
#296=LINE('',#2135,#371);
#297=LINE('',#2140,#372);
#298=LINE('',#2144,#373);
#299=LINE('',#2149,#374);
#300=LINE('',#2153,#375);
#301=LINE('',#2158,#376);
#302=LINE('',#2162,#377);
#303=LINE('',#2167,#378);
#304=LINE('',#2171,#379);
#305=LINE('',#2176,#380);
#306=LINE('',#2180,#381);
#307=LINE('',#2187,#382);
#308=LINE('',#2192,#383);
#309=LINE('',#2195,#384);
#310=LINE('',#2198,#385);
#311=LINE('',#2216,#386);
#312=LINE('',#2221,#387);
#313=LINE('',#2224,#388);
#314=LINE('',#2227,#389);
#315=LINE('',#2245,#390);
#316=LINE('',#2250,#391);
#317=LINE('',#2253,#392);
#318=LINE('',#2256,#393);
#319=LINE('',#2271,#394);
#320=LINE('',#2308,#395);
#321=LINE('',#2383,#396);
#322=LINE('',#2423,#397);
#323=LINE('',#2428,#398);
#324=LINE('',#2431,#399);
#325=LINE('',#2434,#400);
#326=LINE('',#2457,#401);
#327=LINE('',#2462,#402);
#328=LINE('',#2465,#403);
#329=LINE('',#2468,#404);
#330=LINE('',#2486,#405);
#331=LINE('',#2491,#406);
#332=LINE('',#2494,#407);
#333=LINE('',#2497,#408);
#334=LINE('',#2515,#409);
#335=LINE('',#2520,#410);
#336=LINE('',#2523,#411);
#337=LINE('',#2526,#412);
#338=LINE('',#2542,#413);
#339=LINE('',#2561,#414);
#340=LINE('',#2564,#415);
#341=LINE('',#2567,#416);
#342=LINE('',#2578,#417);
#343=LINE('',#2584,#418);
#344=LINE('',#2590,#419);
#345=LINE('',#2598,#420);
#346=LINE('',#2605,#421);
#347=LINE('',#2614,#422);
#348=LINE('',#2617,#423);
#349=LINE('',#2630,#424);
#350=LINE('',#2672,#425);
#351=LINE('',#2747,#426);
#352=LINE('',#2784,#427);
#353=LINE('',#2821,#428);
#354=LINE('',#2860,#429);
#355=LINE('',#2942,#430);
#356=LINE('',#2949,#431);
#357=VECTOR('',#1537,100.);
#358=VECTOR('',#1540,100.);
#359=VECTOR('',#1545,100.);
#360=VECTOR('',#1548,100.);
#361=VECTOR('',#1553,100.);
#362=VECTOR('',#1556,100.);
#363=VECTOR('',#1559,100.);
#364=VECTOR('',#1564,100.);
#365=VECTOR('',#1573,100.);
#366=VECTOR('',#1576,0.04342358387558);
#367=VECTOR('',#1581,0.0800000000000001);
#368=VECTOR('',#1586,0.04342358387558);
#369=VECTOR('',#1591,0.08);
#370=VECTOR('',#1596,0.04342358387558);
#371=VECTOR('',#1601,0.0800000000000001);
#372=VECTOR('',#1606,0.04342358387558);
#373=VECTOR('',#1611,0.08);
#374=VECTOR('',#1616,0.04342358387558);
#375=VECTOR('',#1621,0.0800000000000001);
#376=VECTOR('',#1626,0.04342358387558);
#377=VECTOR('',#1631,0.08);
#378=VECTOR('',#1636,0.04342358387558);
#379=VECTOR('',#1641,0.0800000000000001);
#380=VECTOR('',#1646,0.04342358387558);
#381=VECTOR('',#1651,0.08);
#382=VECTOR('',#1658,0.125);
#383=VECTOR('',#1663,100.);
#384=VECTOR('',#1666,100.);
#385=VECTOR('',#1669,0.0659235838755801);
#386=VECTOR('',#1674,0.125);
#387=VECTOR('',#1679,100.);
#388=VECTOR('',#1682,100.);
#389=VECTOR('',#1685,0.06592358387558);
#390=VECTOR('',#1690,0.125);
#391=VECTOR('',#1695,100.);
#392=VECTOR('',#1698,100.);
#393=VECTOR('',#1701,0.0659235838755801);
#394=VECTOR('',#1704,0.0800000000000001);
#395=VECTOR('',#1707,0.0800000000000001);
#396=VECTOR('',#1710,0.0800000000000001);
#397=VECTOR('',#1715,0.125);
#398=VECTOR('',#1720,100.);
#399=VECTOR('',#1723,100.);
#400=VECTOR('',#1726,0.06592358387558);
#401=VECTOR('',#1731,0.125);
#402=VECTOR('',#1736,100.);
#403=VECTOR('',#1739,100.);
#404=VECTOR('',#1742,0.0659235838755801);
#405=VECTOR('',#1747,0.125);
#406=VECTOR('',#1752,100.);
#407=VECTOR('',#1755,100.);
#408=VECTOR('',#1758,0.06592358387558);
#409=VECTOR('',#1763,0.125);
#410=VECTOR('',#1768,100.);
#411=VECTOR('',#1771,100.);
#412=VECTOR('',#1774,0.0659235838755801);
#413=VECTOR('',#1777,0.06592358387558);
#414=VECTOR('',#1784,0.125);
#415=VECTOR('',#1787,100.);
#416=VECTOR('',#1790,100.);
#417=VECTOR('',#1805,100.);
#418=VECTOR('',#1812,1.85);
#419=VECTOR('',#1819,1.85);
#420=VECTOR('',#1830,1.855);
#421=VECTOR('',#1839,1.75);
#422=VECTOR('',#1852,100.);
#423=VECTOR('',#1855,100.);
#424=VECTOR('',#1874,2.134999999995);
#425=VECTOR('',#1879,0.0800000000000001);
#426=VECTOR('',#1882,0.0800000000000001);
#427=VECTOR('',#1885,0.0800000000000001);
#428=VECTOR('',#1888,0.0800000000000001);
#429=VECTOR('',#1891,2.15);
#430=VECTOR('',#1914,0.0800000000000001);
#431=VECTOR('',#1923,2.3);
#432=CIRCLE('',#1373,1.9);
#433=CIRCLE('',#1374,1.9);
#434=CIRCLE('',#1376,1.9);
#435=CIRCLE('',#1377,1.9);
#436=CIRCLE('',#1379,0.1);
#437=CIRCLE('',#1380,0.1);
#438=CIRCLE('',#1381,0.1);
#439=CIRCLE('',#1382,0.1);
#440=CIRCLE('',#1383,0.0999999999999999);
#441=CIRCLE('',#1384,0.0999999999999999);
#442=CIRCLE('',#1386,1.91);
#443=CIRCLE('',#1387,1.91);
#444=CIRCLE('',#1389,0.0800000000000001);
#445=CIRCLE('',#1391,0.0800000000000001);
#446=CIRCLE('',#1393,0.08);
#447=CIRCLE('',#1395,0.08);
#448=CIRCLE('',#1397,0.0800000000000001);
#449=CIRCLE('',#1399,0.0800000000000001);
#450=CIRCLE('',#1401,0.08);
#451=CIRCLE('',#1403,0.08);
#452=CIRCLE('',#1405,0.0800000000000001);
#453=CIRCLE('',#1407,0.0800000000000001);
#454=CIRCLE('',#1409,0.08);
#455=CIRCLE('',#1411,0.08);
#456=CIRCLE('',#1413,0.0800000000000001);
#457=CIRCLE('',#1415,0.0800000000000001);
#458=CIRCLE('',#1417,0.08);
#459=CIRCLE('',#1419,0.08);
#460=CIRCLE('',#1421,0.125);
#461=CIRCLE('',#1422,0.125);
#462=CIRCLE('',#1423,0.125);
#463=CIRCLE('',#1424,0.125);
#464=CIRCLE('',#1427,0.125);
#465=CIRCLE('',#1428,0.125);
#466=CIRCLE('',#1429,0.125);
#467=CIRCLE('',#1430,0.125);
#468=CIRCLE('',#1433,0.125);
#469=CIRCLE('',#1434,0.125);
#470=CIRCLE('',#1435,0.125);
#471=CIRCLE('',#1436,0.125);
#472=CIRCLE('',#1442,0.125);
#473=CIRCLE('',#1443,0.125);
#474=CIRCLE('',#1444,0.125);
#475=CIRCLE('',#1445,0.125);
#476=CIRCLE('',#1448,0.125);
#477=CIRCLE('',#1449,0.125);
#478=CIRCLE('',#1450,0.125);
#479=CIRCLE('',#1451,0.125);
#480=CIRCLE('',#1454,0.125);
#481=CIRCLE('',#1455,0.125);
#482=CIRCLE('',#1456,0.125);
#483=CIRCLE('',#1457,0.125);
#484=CIRCLE('',#1460,0.125);
#485=CIRCLE('',#1461,0.125);
#486=CIRCLE('',#1462,0.125);
#487=CIRCLE('',#1463,0.125);
#488=CIRCLE('',#1466,0.125);
#489=CIRCLE('',#1467,0.125);
#490=CIRCLE('',#1469,0.125);
#491=CIRCLE('',#1470,0.125);
#492=CIRCLE('',#1472,1.91);
#493=CIRCLE('',#1473,0.0999999999999999);
#494=CIRCLE('',#1474,1.9);
#495=CIRCLE('',#1476,0.1);
#496=CIRCLE('',#1478,1.91);
#497=CIRCLE('',#1480,1.85);
#498=CIRCLE('',#1481,1.85);
#499=CIRCLE('',#1483,1.85);
#500=CIRCLE('',#1484,1.85);
#501=CIRCLE('',#1486,1.855);
#502=CIRCLE('',#1488,1.855);
#503=CIRCLE('',#1491,1.75);
#504=CIRCLE('',#1493,1.75);
#505=CIRCLE('',#1495,0.1);
#506=CIRCLE('',#1496,1.9);
#507=CIRCLE('',#1498,0.1);
#508=CIRCLE('',#1499,0.0999999999999999);
#509=CIRCLE('',#1500,0.1);
#510=CIRCLE('',#1502,1.9);
#511=CIRCLE('',#1505,2.12);
#512=CIRCLE('',#1506,1.9);
#513=CIRCLE('',#1508,2.15);
#514=CIRCLE('',#1509,2.15);
#515=CIRCLE('',#1515,2.15);
#516=CIRCLE('',#1516,2.15);
#517=CIRCLE('',#1517,2.15);
#518=CIRCLE('',#1518,2.15);
#519=CIRCLE('',#1519,2.15);
#520=CIRCLE('',#1520,2.15);
#521=CIRCLE('',#1521,2.15);
#522=CIRCLE('',#1522,2.15);
#523=CIRCLE('',#1527,2.3);
#524=CIRCLE('',#1529,2.3);
#525=VERTEX_POINT('',#1928);
#526=VERTEX_POINT('',#1929);
#527=VERTEX_POINT('',#1931);
#528=VERTEX_POINT('',#1933);
#529=VERTEX_POINT('',#1937);
#530=VERTEX_POINT('',#1938);
#531=VERTEX_POINT('',#1940);
#532=VERTEX_POINT('',#1942);
#533=VERTEX_POINT('',#1945);
#534=VERTEX_POINT('',#1980);
#535=VERTEX_POINT('',#2015);
#536=VERTEX_POINT('',#2050);
#537=VERTEX_POINT('',#2086);
#538=VERTEX_POINT('',#2088);
#539=VERTEX_POINT('',#2090);
#540=VERTEX_POINT('',#2092);
#541=VERTEX_POINT('',#2094);
#542=VERTEX_POINT('',#2096);
#543=VERTEX_POINT('',#2099);
#544=VERTEX_POINT('',#2101);
#545=VERTEX_POINT('',#2105);
#546=VERTEX_POINT('',#2107);
#547=VERTEX_POINT('',#2111);
#548=VERTEX_POINT('',#2112);
#549=VERTEX_POINT('',#2116);
#550=VERTEX_POINT('',#2120);
#551=VERTEX_POINT('',#2121);
#552=VERTEX_POINT('',#2125);
#553=VERTEX_POINT('',#2129);
#554=VERTEX_POINT('',#2130);
#555=VERTEX_POINT('',#2134);
#556=VERTEX_POINT('',#2138);
#557=VERTEX_POINT('',#2139);
#558=VERTEX_POINT('',#2143);
#559=VERTEX_POINT('',#2147);
#560=VERTEX_POINT('',#2148);
#561=VERTEX_POINT('',#2152);
#562=VERTEX_POINT('',#2156);
#563=VERTEX_POINT('',#2157);
#564=VERTEX_POINT('',#2161);
#565=VERTEX_POINT('',#2165);
#566=VERTEX_POINT('',#2166);
#567=VERTEX_POINT('',#2170);
#568=VERTEX_POINT('',#2174);
#569=VERTEX_POINT('',#2175);
#570=VERTEX_POINT('',#2179);
#571=VERTEX_POINT('',#2183);
#572=VERTEX_POINT('',#2184);
#573=VERTEX_POINT('',#2186);
#574=VERTEX_POINT('',#2189);
#575=VERTEX_POINT('',#2191);
#576=VERTEX_POINT('',#2193);
#577=VERTEX_POINT('',#2197);
#578=VERTEX_POINT('',#2212);
#579=VERTEX_POINT('',#2213);
#580=VERTEX_POINT('',#2215);
#581=VERTEX_POINT('',#2218);
#582=VERTEX_POINT('',#2220);
#583=VERTEX_POINT('',#2222);
#584=VERTEX_POINT('',#2226);
#585=VERTEX_POINT('',#2241);
#586=VERTEX_POINT('',#2242);
#587=VERTEX_POINT('',#2244);
#588=VERTEX_POINT('',#2247);
#589=VERTEX_POINT('',#2249);
#590=VERTEX_POINT('',#2251);
#591=VERTEX_POINT('',#2255);
#592=VERTEX_POINT('',#2270);
#593=VERTEX_POINT('',#2307);
#594=VERTEX_POINT('',#2344);
#595=VERTEX_POINT('',#2345);
#596=VERTEX_POINT('',#2382);
#597=VERTEX_POINT('',#2419);
#598=VERTEX_POINT('',#2420);
#599=VERTEX_POINT('',#2422);
#600=VERTEX_POINT('',#2425);
#601=VERTEX_POINT('',#2427);
#602=VERTEX_POINT('',#2429);
#603=VERTEX_POINT('',#2433);
#604=VERTEX_POINT('',#2435);
#605=VERTEX_POINT('',#2453);
#606=VERTEX_POINT('',#2454);
#607=VERTEX_POINT('',#2456);
#608=VERTEX_POINT('',#2459);
#609=VERTEX_POINT('',#2461);
#610=VERTEX_POINT('',#2463);
#611=VERTEX_POINT('',#2467);
#612=VERTEX_POINT('',#2482);
#613=VERTEX_POINT('',#2483);
#614=VERTEX_POINT('',#2485);
#615=VERTEX_POINT('',#2488);
#616=VERTEX_POINT('',#2490);
#617=VERTEX_POINT('',#2492);
#618=VERTEX_POINT('',#2496);
#619=VERTEX_POINT('',#2511);
#620=VERTEX_POINT('',#2512);
#621=VERTEX_POINT('',#2514);
#622=VERTEX_POINT('',#2517);
#623=VERTEX_POINT('',#2519);
#624=VERTEX_POINT('',#2521);
#625=VERTEX_POINT('',#2525);
#626=VERTEX_POINT('',#2540);
#627=VERTEX_POINT('',#2541);
#628=VERTEX_POINT('',#2543);
#629=VERTEX_POINT('',#2545);
#630=VERTEX_POINT('',#2560);
#631=VERTEX_POINT('',#2563);
#632=VERTEX_POINT('',#2565);
#633=VERTEX_POINT('',#2569);
#634=VERTEX_POINT('',#2571);
#635=VERTEX_POINT('',#2577);
#636=VERTEX_POINT('',#2581);
#637=VERTEX_POINT('',#2583);
#638=VERTEX_POINT('',#2587);
#639=VERTEX_POINT('',#2589);
#640=VERTEX_POINT('',#2593);
#641=VERTEX_POINT('',#2596);
#642=VERTEX_POINT('',#2601);
#643=VERTEX_POINT('',#2604);
#644=VERTEX_POINT('',#2608);
#645=VERTEX_POINT('',#2612);
#646=VERTEX_POINT('',#2615);
#647=VERTEX_POINT('',#2623);
#648=VERTEX_POINT('',#2627);
#649=VERTEX_POINT('',#2628);
#650=VERTEX_POINT('',#2633);
#651=VERTEX_POINT('',#2634);
#652=VERTEX_POINT('',#2671);
#653=VERTEX_POINT('',#2708);
#654=VERTEX_POINT('',#2709);
#655=VERTEX_POINT('',#2746);
#656=VERTEX_POINT('',#2783);
#657=VERTEX_POINT('',#2820);
#658=VERTEX_POINT('',#2822);
#659=VERTEX_POINT('',#2869);
#660=VERTEX_POINT('',#2905);
#661=VERTEX_POINT('',#2944);
#662=VERTEX_POINT('',#2947);
#663=EDGE_CURVE('',#525,#526,#432,.T.);
#664=EDGE_CURVE('',#525,#527,#282,.T.);
#665=EDGE_CURVE('',#527,#528,#433,.T.);
#666=EDGE_CURVE('',#526,#528,#283,.T.);
#667=EDGE_CURVE('',#529,#530,#434,.T.);
#668=EDGE_CURVE('',#529,#531,#284,.T.);
#669=EDGE_CURVE('',#532,#531,#435,.T.);
#670=EDGE_CURVE('',#530,#532,#285,.T.);
#671=EDGE_CURVE('',#533,#533,#82,.T.);
#672=EDGE_CURVE('',#534,#534,#83,.T.);
#673=EDGE_CURVE('',#535,#535,#84,.T.);
#674=EDGE_CURVE('',#536,#536,#85,.T.);
#675=EDGE_CURVE('',#537,#525,#436,.T.);
#676=EDGE_CURVE('',#537,#538,#286,.T.);
#677=EDGE_CURVE('',#538,#539,#437,.T.);
#678=EDGE_CURVE('',#539,#540,#287,.T.);
#679=EDGE_CURVE('',#541,#540,#438,.T.);
#680=EDGE_CURVE('',#541,#542,#288,.T.);
#681=EDGE_CURVE('',#531,#542,#439,.T.);
#682=EDGE_CURVE('',#543,#529,#440,.T.);
#683=EDGE_CURVE('',#544,#543,#289,.T.);
#684=EDGE_CURVE('',#544,#527,#441,.T.);
#685=EDGE_CURVE('',#544,#545,#442,.T.);
#686=EDGE_CURVE('',#546,#543,#443,.T.);
#687=EDGE_CURVE('',#545,#546,#290,.T.);
#688=EDGE_CURVE('',#547,#548,#291,.T.);
#689=EDGE_CURVE('',#548,#548,#444,.T.);
#690=EDGE_CURVE('',#548,#549,#292,.T.);
#691=EDGE_CURVE('',#549,#549,#445,.T.);
#692=EDGE_CURVE('',#550,#551,#293,.T.);
#693=EDGE_CURVE('',#551,#551,#446,.T.);
#694=EDGE_CURVE('',#551,#552,#294,.T.);
#695=EDGE_CURVE('',#552,#552,#447,.T.);
#696=EDGE_CURVE('',#553,#554,#295,.T.);
#697=EDGE_CURVE('',#554,#554,#448,.T.);
#698=EDGE_CURVE('',#554,#555,#296,.T.);
#699=EDGE_CURVE('',#555,#555,#449,.T.);
#700=EDGE_CURVE('',#556,#557,#297,.T.);
#701=EDGE_CURVE('',#557,#557,#450,.T.);
#702=EDGE_CURVE('',#557,#558,#298,.T.);
#703=EDGE_CURVE('',#558,#558,#451,.T.);
#704=EDGE_CURVE('',#559,#560,#299,.T.);
#705=EDGE_CURVE('',#560,#560,#452,.T.);
#706=EDGE_CURVE('',#560,#561,#300,.T.);
#707=EDGE_CURVE('',#561,#561,#453,.T.);
#708=EDGE_CURVE('',#562,#563,#301,.T.);
#709=EDGE_CURVE('',#563,#563,#454,.T.);
#710=EDGE_CURVE('',#563,#564,#302,.T.);
#711=EDGE_CURVE('',#564,#564,#455,.T.);
#712=EDGE_CURVE('',#565,#566,#303,.T.);
#713=EDGE_CURVE('',#566,#566,#456,.T.);
#714=EDGE_CURVE('',#566,#567,#304,.T.);
#715=EDGE_CURVE('',#567,#567,#457,.T.);
#716=EDGE_CURVE('',#568,#569,#305,.T.);
#717=EDGE_CURVE('',#569,#569,#458,.T.);
#718=EDGE_CURVE('',#569,#570,#306,.T.);
#719=EDGE_CURVE('',#570,#570,#459,.T.);
#720=EDGE_CURVE('',#571,#572,#460,.T.);
#721=EDGE_CURVE('',#572,#573,#307,.T.);
#722=EDGE_CURVE('',#573,#573,#461,.T.);
#723=EDGE_CURVE('',#572,#574,#462,.T.);
#724=EDGE_CURVE('',#575,#574,#308,.T.);
#725=EDGE_CURVE('',#576,#575,#463,.T.);
#726=EDGE_CURVE('',#576,#571,#309,.T.);
#727=EDGE_CURVE('',#577,#572,#310,.T.);
#728=EDGE_CURVE('',#574,#571,#86,.T.);
#729=EDGE_CURVE('',#578,#579,#464,.T.);
#730=EDGE_CURVE('',#579,#580,#311,.T.);
#731=EDGE_CURVE('',#580,#580,#465,.T.);
#732=EDGE_CURVE('',#579,#581,#466,.T.);
#733=EDGE_CURVE('',#582,#581,#312,.T.);
#734=EDGE_CURVE('',#583,#582,#467,.T.);
#735=EDGE_CURVE('',#583,#578,#313,.T.);
#736=EDGE_CURVE('',#584,#579,#314,.T.);
#737=EDGE_CURVE('',#581,#578,#87,.T.);
#738=EDGE_CURVE('',#585,#586,#468,.T.);
#739=EDGE_CURVE('',#586,#587,#315,.T.);
#740=EDGE_CURVE('',#587,#587,#469,.T.);
#741=EDGE_CURVE('',#586,#588,#470,.T.);
#742=EDGE_CURVE('',#589,#588,#316,.T.);
#743=EDGE_CURVE('',#590,#589,#471,.T.);
#744=EDGE_CURVE('',#590,#585,#317,.T.);
#745=EDGE_CURVE('',#591,#586,#318,.T.);
#746=EDGE_CURVE('',#588,#585,#88,.T.);
#747=EDGE_CURVE('',#536,#592,#319,.T.);
#748=EDGE_CURVE('',#592,#592,#89,.T.);
#749=EDGE_CURVE('',#535,#593,#320,.T.);
#750=EDGE_CURVE('',#593,#593,#90,.T.);
#751=EDGE_CURVE('',#594,#595,#91,.T.);
#752=EDGE_CURVE('',#595,#594,#92,.T.);
#753=EDGE_CURVE('',#595,#596,#321,.T.);
#754=EDGE_CURVE('',#596,#596,#93,.T.);
#755=EDGE_CURVE('',#597,#598,#472,.T.);
#756=EDGE_CURVE('',#598,#599,#322,.T.);
#757=EDGE_CURVE('',#599,#599,#473,.T.);
#758=EDGE_CURVE('',#598,#600,#474,.T.);
#759=EDGE_CURVE('',#601,#600,#323,.T.);
#760=EDGE_CURVE('',#602,#601,#475,.T.);
#761=EDGE_CURVE('',#602,#597,#324,.T.);
#762=EDGE_CURVE('',#603,#598,#325,.T.);
#763=EDGE_CURVE('',#604,#597,#94,.F.);
#764=EDGE_CURVE('',#600,#604,#95,.F.);
#765=EDGE_CURVE('',#605,#606,#476,.T.);
#766=EDGE_CURVE('',#606,#607,#326,.T.);
#767=EDGE_CURVE('',#607,#607,#477,.T.);
#768=EDGE_CURVE('',#606,#608,#478,.T.);
#769=EDGE_CURVE('',#609,#608,#327,.T.);
#770=EDGE_CURVE('',#610,#609,#479,.T.);
#771=EDGE_CURVE('',#610,#605,#328,.T.);
#772=EDGE_CURVE('',#611,#606,#329,.T.);
#773=EDGE_CURVE('',#608,#605,#96,.T.);
#774=EDGE_CURVE('',#612,#613,#480,.T.);
#775=EDGE_CURVE('',#613,#614,#330,.T.);
#776=EDGE_CURVE('',#614,#614,#481,.T.);
#777=EDGE_CURVE('',#613,#615,#482,.T.);
#778=EDGE_CURVE('',#616,#615,#331,.T.);
#779=EDGE_CURVE('',#617,#616,#483,.T.);
#780=EDGE_CURVE('',#617,#612,#332,.T.);
#781=EDGE_CURVE('',#618,#613,#333,.T.);
#782=EDGE_CURVE('',#615,#612,#97,.T.);
#783=EDGE_CURVE('',#619,#620,#484,.T.);
#784=EDGE_CURVE('',#620,#621,#334,.T.);
#785=EDGE_CURVE('',#621,#621,#485,.T.);
#786=EDGE_CURVE('',#620,#622,#486,.T.);
#787=EDGE_CURVE('',#623,#622,#335,.T.);
#788=EDGE_CURVE('',#624,#623,#487,.T.);
#789=EDGE_CURVE('',#624,#619,#336,.T.);
#790=EDGE_CURVE('',#625,#620,#337,.T.);
#791=EDGE_CURVE('',#622,#619,#98,.T.);
#792=EDGE_CURVE('',#626,#627,#338,.T.);
#793=EDGE_CURVE('',#628,#627,#488,.T.);
#794=EDGE_CURVE('',#629,#628,#99,.F.);
#795=EDGE_CURVE('',#627,#629,#489,.T.);
#796=EDGE_CURVE('',#627,#630,#339,.T.);
#797=EDGE_CURVE('',#630,#630,#490,.T.);
#798=EDGE_CURVE('',#631,#629,#340,.T.);
#799=EDGE_CURVE('',#632,#631,#491,.T.);
#800=EDGE_CURVE('',#632,#628,#341,.T.);
#801=EDGE_CURVE('',#540,#633,#492,.T.);
#802=EDGE_CURVE('',#633,#634,#493,.T.);
#803=EDGE_CURVE('',#634,#541,#494,.T.);
#804=EDGE_CURVE('',#530,#546,#495,.T.);
#805=EDGE_CURVE('',#635,#633,#342,.T.);
#806=EDGE_CURVE('',#635,#539,#496,.T.);
#807=EDGE_CURVE('',#636,#636,#497,.T.);
#808=EDGE_CURVE('',#636,#637,#343,.T.);
#809=EDGE_CURVE('',#637,#637,#498,.T.);
#810=EDGE_CURVE('',#638,#638,#499,.T.);
#811=EDGE_CURVE('',#638,#639,#344,.T.);
#812=EDGE_CURVE('',#639,#639,#500,.T.);
#813=EDGE_CURVE('',#640,#640,#501,.T.);
#814=EDGE_CURVE('',#641,#641,#502,.T.);
#815=EDGE_CURVE('',#641,#640,#345,.T.);
#816=EDGE_CURVE('',#642,#642,#503,.T.);
#817=EDGE_CURVE('',#642,#643,#346,.T.);
#818=EDGE_CURVE('',#643,#643,#504,.T.);
#819=EDGE_CURVE('',#526,#644,#505,.T.);
#820=EDGE_CURVE('',#644,#537,#506,.T.);
#821=EDGE_CURVE('',#645,#532,#507,.T.);
#822=EDGE_CURVE('',#634,#645,#347,.T.);
#823=EDGE_CURVE('',#635,#646,#508,.T.);
#824=EDGE_CURVE('',#644,#646,#348,.T.);
#825=EDGE_CURVE('',#528,#545,#509,.T.);
#826=EDGE_CURVE('',#646,#538,#510,.T.);
#827=EDGE_CURVE('',#647,#647,#511,.T.);
#828=EDGE_CURVE('',#542,#645,#512,.T.);
#829=EDGE_CURVE('',#648,#649,#513,.T.);
#830=EDGE_CURVE('',#648,#647,#349,.T.);
#831=EDGE_CURVE('',#649,#648,#514,.T.);
#832=EDGE_CURVE('',#650,#651,#100,.T.);
#833=EDGE_CURVE('',#651,#650,#101,.T.);
#834=EDGE_CURVE('',#651,#652,#350,.T.);
#835=EDGE_CURVE('',#652,#652,#102,.T.);
#836=EDGE_CURVE('',#653,#654,#103,.T.);
#837=EDGE_CURVE('',#654,#653,#104,.T.);
#838=EDGE_CURVE('',#654,#655,#351,.T.);
#839=EDGE_CURVE('',#655,#655,#105,.T.);
#840=EDGE_CURVE('',#533,#656,#352,.T.);
#841=EDGE_CURVE('',#656,#656,#106,.T.);
#842=EDGE_CURVE('',#534,#657,#353,.T.);
#843=EDGE_CURVE('',#657,#658,#107,.T.);
#844=EDGE_CURVE('',#658,#657,#108,.T.);
#845=EDGE_CURVE('',#649,#604,#354,.T.);
#846=EDGE_CURVE('',#609,#602,#515,.T.);
#847=EDGE_CURVE('',#616,#610,#516,.T.);
#848=EDGE_CURVE('',#623,#617,#517,.T.);
#849=EDGE_CURVE('',#631,#624,#518,.T.);
#850=EDGE_CURVE('',#575,#632,#519,.T.);
#851=EDGE_CURVE('',#582,#576,#520,.T.);
#852=EDGE_CURVE('',#589,#583,#521,.T.);
#853=EDGE_CURVE('',#601,#590,#522,.T.);
#854=EDGE_CURVE('',#659,#659,#109,.T.);
#855=EDGE_CURVE('',#660,#660,#110,.T.);
#856=EDGE_CURVE('',#660,#659,#355,.T.);
#857=EDGE_CURVE('',#661,#661,#523,.T.);
#858=EDGE_CURVE('',#662,#662,#524,.T.);
#859=EDGE_CURVE('',#662,#661,#356,.T.);
#860=ORIENTED_EDGE('',*,*,#663,.F.);
#861=ORIENTED_EDGE('',*,*,#664,.T.);
#862=ORIENTED_EDGE('',*,*,#665,.T.);
#863=ORIENTED_EDGE('',*,*,#666,.F.);
#864=ORIENTED_EDGE('',*,*,#667,.F.);
#865=ORIENTED_EDGE('',*,*,#668,.T.);
#866=ORIENTED_EDGE('',*,*,#669,.F.);
#867=ORIENTED_EDGE('',*,*,#670,.F.);
#868=ORIENTED_EDGE('',*,*,#671,.T.);
#869=ORIENTED_EDGE('',*,*,#672,.T.);
#870=ORIENTED_EDGE('',*,*,#673,.T.);
#871=ORIENTED_EDGE('',*,*,#674,.T.);
#872=ORIENTED_EDGE('',*,*,#675,.F.);
#873=ORIENTED_EDGE('',*,*,#676,.T.);
#874=ORIENTED_EDGE('',*,*,#677,.T.);
#875=ORIENTED_EDGE('',*,*,#678,.T.);
#876=ORIENTED_EDGE('',*,*,#679,.F.);
#877=ORIENTED_EDGE('',*,*,#680,.T.);
#878=ORIENTED_EDGE('',*,*,#681,.F.);
#879=ORIENTED_EDGE('',*,*,#668,.F.);
#880=ORIENTED_EDGE('',*,*,#682,.F.);
#881=ORIENTED_EDGE('',*,*,#683,.F.);
#882=ORIENTED_EDGE('',*,*,#684,.T.);
#883=ORIENTED_EDGE('',*,*,#664,.F.);
#884=ORIENTED_EDGE('',*,*,#685,.F.);
#885=ORIENTED_EDGE('',*,*,#683,.T.);
#886=ORIENTED_EDGE('',*,*,#686,.F.);
#887=ORIENTED_EDGE('',*,*,#687,.F.);
#888=ORIENTED_EDGE('',*,*,#688,.T.);
#889=ORIENTED_EDGE('',*,*,#689,.T.);
#890=ORIENTED_EDGE('',*,*,#688,.F.);
#891=ORIENTED_EDGE('',*,*,#689,.F.);
#892=ORIENTED_EDGE('',*,*,#690,.T.);
#893=ORIENTED_EDGE('',*,*,#691,.T.);
#894=ORIENTED_EDGE('',*,*,#690,.F.);
#895=ORIENTED_EDGE('',*,*,#692,.T.);
#896=ORIENTED_EDGE('',*,*,#693,.T.);
#897=ORIENTED_EDGE('',*,*,#692,.F.);
#898=ORIENTED_EDGE('',*,*,#693,.F.);
#899=ORIENTED_EDGE('',*,*,#694,.T.);
#900=ORIENTED_EDGE('',*,*,#695,.T.);
#901=ORIENTED_EDGE('',*,*,#694,.F.);
#902=ORIENTED_EDGE('',*,*,#696,.T.);
#903=ORIENTED_EDGE('',*,*,#697,.T.);
#904=ORIENTED_EDGE('',*,*,#696,.F.);
#905=ORIENTED_EDGE('',*,*,#697,.F.);
#906=ORIENTED_EDGE('',*,*,#698,.T.);
#907=ORIENTED_EDGE('',*,*,#699,.T.);
#908=ORIENTED_EDGE('',*,*,#698,.F.);
#909=ORIENTED_EDGE('',*,*,#700,.T.);
#910=ORIENTED_EDGE('',*,*,#701,.T.);
#911=ORIENTED_EDGE('',*,*,#700,.F.);
#912=ORIENTED_EDGE('',*,*,#701,.F.);
#913=ORIENTED_EDGE('',*,*,#702,.T.);
#914=ORIENTED_EDGE('',*,*,#703,.T.);
#915=ORIENTED_EDGE('',*,*,#702,.F.);
#916=ORIENTED_EDGE('',*,*,#704,.T.);
#917=ORIENTED_EDGE('',*,*,#705,.T.);
#918=ORIENTED_EDGE('',*,*,#704,.F.);
#919=ORIENTED_EDGE('',*,*,#705,.F.);
#920=ORIENTED_EDGE('',*,*,#706,.T.);
#921=ORIENTED_EDGE('',*,*,#707,.T.);
#922=ORIENTED_EDGE('',*,*,#706,.F.);
#923=ORIENTED_EDGE('',*,*,#708,.T.);
#924=ORIENTED_EDGE('',*,*,#709,.T.);
#925=ORIENTED_EDGE('',*,*,#708,.F.);
#926=ORIENTED_EDGE('',*,*,#709,.F.);
#927=ORIENTED_EDGE('',*,*,#710,.T.);
#928=ORIENTED_EDGE('',*,*,#711,.T.);
#929=ORIENTED_EDGE('',*,*,#710,.F.);
#930=ORIENTED_EDGE('',*,*,#712,.T.);
#931=ORIENTED_EDGE('',*,*,#713,.T.);
#932=ORIENTED_EDGE('',*,*,#712,.F.);
#933=ORIENTED_EDGE('',*,*,#713,.F.);
#934=ORIENTED_EDGE('',*,*,#714,.T.);
#935=ORIENTED_EDGE('',*,*,#715,.T.);
#936=ORIENTED_EDGE('',*,*,#714,.F.);
#937=ORIENTED_EDGE('',*,*,#716,.T.);
#938=ORIENTED_EDGE('',*,*,#717,.T.);
#939=ORIENTED_EDGE('',*,*,#716,.F.);
#940=ORIENTED_EDGE('',*,*,#717,.F.);
#941=ORIENTED_EDGE('',*,*,#718,.T.);
#942=ORIENTED_EDGE('',*,*,#719,.T.);
#943=ORIENTED_EDGE('',*,*,#718,.F.);
#944=ORIENTED_EDGE('',*,*,#720,.T.);
#945=ORIENTED_EDGE('',*,*,#721,.T.);
#946=ORIENTED_EDGE('',*,*,#722,.T.);
#947=ORIENTED_EDGE('',*,*,#721,.F.);
#948=ORIENTED_EDGE('',*,*,#723,.T.);
#949=ORIENTED_EDGE('',*,*,#724,.F.);
#950=ORIENTED_EDGE('',*,*,#725,.F.);
#951=ORIENTED_EDGE('',*,*,#726,.T.);
#952=ORIENTED_EDGE('',*,*,#727,.T.);
#953=ORIENTED_EDGE('',*,*,#720,.F.);
#954=ORIENTED_EDGE('',*,*,#728,.F.);
#955=ORIENTED_EDGE('',*,*,#723,.F.);
#956=ORIENTED_EDGE('',*,*,#727,.F.);
#957=ORIENTED_EDGE('',*,*,#729,.T.);
#958=ORIENTED_EDGE('',*,*,#730,.T.);
#959=ORIENTED_EDGE('',*,*,#731,.T.);
#960=ORIENTED_EDGE('',*,*,#730,.F.);
#961=ORIENTED_EDGE('',*,*,#732,.T.);
#962=ORIENTED_EDGE('',*,*,#733,.F.);
#963=ORIENTED_EDGE('',*,*,#734,.F.);
#964=ORIENTED_EDGE('',*,*,#735,.T.);
#965=ORIENTED_EDGE('',*,*,#736,.T.);
#966=ORIENTED_EDGE('',*,*,#729,.F.);
#967=ORIENTED_EDGE('',*,*,#737,.F.);
#968=ORIENTED_EDGE('',*,*,#732,.F.);
#969=ORIENTED_EDGE('',*,*,#736,.F.);
#970=ORIENTED_EDGE('',*,*,#738,.T.);
#971=ORIENTED_EDGE('',*,*,#739,.T.);
#972=ORIENTED_EDGE('',*,*,#740,.T.);
#973=ORIENTED_EDGE('',*,*,#739,.F.);
#974=ORIENTED_EDGE('',*,*,#741,.T.);
#975=ORIENTED_EDGE('',*,*,#742,.F.);
#976=ORIENTED_EDGE('',*,*,#743,.F.);
#977=ORIENTED_EDGE('',*,*,#744,.T.);
#978=ORIENTED_EDGE('',*,*,#745,.T.);
#979=ORIENTED_EDGE('',*,*,#738,.F.);
#980=ORIENTED_EDGE('',*,*,#746,.F.);
#981=ORIENTED_EDGE('',*,*,#741,.F.);
#982=ORIENTED_EDGE('',*,*,#745,.F.);
#983=ORIENTED_EDGE('',*,*,#674,.F.);
#984=ORIENTED_EDGE('',*,*,#747,.T.);
#985=ORIENTED_EDGE('',*,*,#748,.T.);
#986=ORIENTED_EDGE('',*,*,#747,.F.);
#987=ORIENTED_EDGE('',*,*,#673,.F.);
#988=ORIENTED_EDGE('',*,*,#749,.T.);
#989=ORIENTED_EDGE('',*,*,#750,.T.);
#990=ORIENTED_EDGE('',*,*,#749,.F.);
#991=ORIENTED_EDGE('',*,*,#751,.F.);
#992=ORIENTED_EDGE('',*,*,#752,.F.);
#993=ORIENTED_EDGE('',*,*,#753,.T.);
#994=ORIENTED_EDGE('',*,*,#754,.T.);
#995=ORIENTED_EDGE('',*,*,#753,.F.);
#996=ORIENTED_EDGE('',*,*,#755,.T.);
#997=ORIENTED_EDGE('',*,*,#756,.T.);
#998=ORIENTED_EDGE('',*,*,#757,.T.);
#999=ORIENTED_EDGE('',*,*,#756,.F.);
#1000=ORIENTED_EDGE('',*,*,#758,.T.);
#1001=ORIENTED_EDGE('',*,*,#759,.F.);
#1002=ORIENTED_EDGE('',*,*,#760,.F.);
#1003=ORIENTED_EDGE('',*,*,#761,.T.);
#1004=ORIENTED_EDGE('',*,*,#762,.T.);
#1005=ORIENTED_EDGE('',*,*,#755,.F.);
#1006=ORIENTED_EDGE('',*,*,#763,.F.);
#1007=ORIENTED_EDGE('',*,*,#764,.F.);
#1008=ORIENTED_EDGE('',*,*,#758,.F.);
#1009=ORIENTED_EDGE('',*,*,#762,.F.);
#1010=ORIENTED_EDGE('',*,*,#765,.T.);
#1011=ORIENTED_EDGE('',*,*,#766,.T.);
#1012=ORIENTED_EDGE('',*,*,#767,.T.);
#1013=ORIENTED_EDGE('',*,*,#766,.F.);
#1014=ORIENTED_EDGE('',*,*,#768,.T.);
#1015=ORIENTED_EDGE('',*,*,#769,.F.);
#1016=ORIENTED_EDGE('',*,*,#770,.F.);
#1017=ORIENTED_EDGE('',*,*,#771,.T.);
#1018=ORIENTED_EDGE('',*,*,#772,.T.);
#1019=ORIENTED_EDGE('',*,*,#765,.F.);
#1020=ORIENTED_EDGE('',*,*,#773,.F.);
#1021=ORIENTED_EDGE('',*,*,#768,.F.);
#1022=ORIENTED_EDGE('',*,*,#772,.F.);
#1023=ORIENTED_EDGE('',*,*,#774,.T.);
#1024=ORIENTED_EDGE('',*,*,#775,.T.);
#1025=ORIENTED_EDGE('',*,*,#776,.T.);
#1026=ORIENTED_EDGE('',*,*,#775,.F.);
#1027=ORIENTED_EDGE('',*,*,#777,.T.);
#1028=ORIENTED_EDGE('',*,*,#778,.F.);
#1029=ORIENTED_EDGE('',*,*,#779,.F.);
#1030=ORIENTED_EDGE('',*,*,#780,.T.);
#1031=ORIENTED_EDGE('',*,*,#781,.T.);
#1032=ORIENTED_EDGE('',*,*,#774,.F.);
#1033=ORIENTED_EDGE('',*,*,#782,.F.);
#1034=ORIENTED_EDGE('',*,*,#777,.F.);
#1035=ORIENTED_EDGE('',*,*,#781,.F.);
#1036=ORIENTED_EDGE('',*,*,#783,.T.);
#1037=ORIENTED_EDGE('',*,*,#784,.T.);
#1038=ORIENTED_EDGE('',*,*,#785,.T.);
#1039=ORIENTED_EDGE('',*,*,#784,.F.);
#1040=ORIENTED_EDGE('',*,*,#786,.T.);
#1041=ORIENTED_EDGE('',*,*,#787,.F.);
#1042=ORIENTED_EDGE('',*,*,#788,.F.);
#1043=ORIENTED_EDGE('',*,*,#789,.T.);
#1044=ORIENTED_EDGE('',*,*,#790,.T.);
#1045=ORIENTED_EDGE('',*,*,#783,.F.);
#1046=ORIENTED_EDGE('',*,*,#791,.F.);
#1047=ORIENTED_EDGE('',*,*,#786,.F.);
#1048=ORIENTED_EDGE('',*,*,#790,.F.);
#1049=ORIENTED_EDGE('',*,*,#792,.T.);
#1050=ORIENTED_EDGE('',*,*,#793,.F.);
#1051=ORIENTED_EDGE('',*,*,#794,.F.);
#1052=ORIENTED_EDGE('',*,*,#795,.F.);
#1053=ORIENTED_EDGE('',*,*,#792,.F.);
#1054=ORIENTED_EDGE('',*,*,#793,.T.);
#1055=ORIENTED_EDGE('',*,*,#796,.T.);
#1056=ORIENTED_EDGE('',*,*,#797,.T.);
#1057=ORIENTED_EDGE('',*,*,#796,.F.);
#1058=ORIENTED_EDGE('',*,*,#795,.T.);
#1059=ORIENTED_EDGE('',*,*,#798,.F.);
#1060=ORIENTED_EDGE('',*,*,#799,.F.);
#1061=ORIENTED_EDGE('',*,*,#800,.T.);
#1062=ORIENTED_EDGE('',*,*,#679,.T.);
#1063=ORIENTED_EDGE('',*,*,#801,.T.);
#1064=ORIENTED_EDGE('',*,*,#802,.T.);
#1065=ORIENTED_EDGE('',*,*,#803,.T.);
#1066=ORIENTED_EDGE('',*,*,#804,.T.);
#1067=ORIENTED_EDGE('',*,*,#686,.T.);
#1068=ORIENTED_EDGE('',*,*,#682,.T.);
#1069=ORIENTED_EDGE('',*,*,#667,.T.);
#1070=ORIENTED_EDGE('',*,*,#805,.T.);
#1071=ORIENTED_EDGE('',*,*,#801,.F.);
#1072=ORIENTED_EDGE('',*,*,#678,.F.);
#1073=ORIENTED_EDGE('',*,*,#806,.F.);
#1074=ORIENTED_EDGE('',*,*,#807,.F.);
#1075=ORIENTED_EDGE('',*,*,#808,.T.);
#1076=ORIENTED_EDGE('',*,*,#809,.T.);
#1077=ORIENTED_EDGE('',*,*,#808,.F.);
#1078=ORIENTED_EDGE('',*,*,#810,.F.);
#1079=ORIENTED_EDGE('',*,*,#811,.T.);
#1080=ORIENTED_EDGE('',*,*,#812,.T.);
#1081=ORIENTED_EDGE('',*,*,#811,.F.);
#1082=ORIENTED_EDGE('',*,*,#813,.F.);
#1083=ORIENTED_EDGE('',*,*,#807,.T.);
#1084=ORIENTED_EDGE('',*,*,#814,.F.);
#1085=ORIENTED_EDGE('',*,*,#815,.T.);
#1086=ORIENTED_EDGE('',*,*,#813,.T.);
#1087=ORIENTED_EDGE('',*,*,#815,.F.);
#1088=ORIENTED_EDGE('',*,*,#814,.T.);
#1089=ORIENTED_EDGE('',*,*,#812,.F.);
#1090=ORIENTED_EDGE('',*,*,#810,.T.);
#1091=ORIENTED_EDGE('',*,*,#816,.F.);
#1092=ORIENTED_EDGE('',*,*,#816,.T.);
#1093=ORIENTED_EDGE('',*,*,#817,.T.);
#1094=ORIENTED_EDGE('',*,*,#818,.T.);
#1095=ORIENTED_EDGE('',*,*,#817,.F.);
#1096=ORIENTED_EDGE('',*,*,#819,.T.);
#1097=ORIENTED_EDGE('',*,*,#820,.T.);
#1098=ORIENTED_EDGE('',*,*,#675,.T.);
#1099=ORIENTED_EDGE('',*,*,#663,.T.);
#1100=ORIENTED_EDGE('',*,*,#818,.F.);
#1101=ORIENTED_EDGE('',*,*,#687,.T.);
#1102=ORIENTED_EDGE('',*,*,#804,.F.);
#1103=ORIENTED_EDGE('',*,*,#670,.T.);
#1104=ORIENTED_EDGE('',*,*,#821,.F.);
#1105=ORIENTED_EDGE('',*,*,#822,.F.);
#1106=ORIENTED_EDGE('',*,*,#802,.F.);
#1107=ORIENTED_EDGE('',*,*,#805,.F.);
#1108=ORIENTED_EDGE('',*,*,#823,.T.);
#1109=ORIENTED_EDGE('',*,*,#824,.F.);
#1110=ORIENTED_EDGE('',*,*,#819,.F.);
#1111=ORIENTED_EDGE('',*,*,#666,.T.);
#1112=ORIENTED_EDGE('',*,*,#825,.T.);
#1113=ORIENTED_EDGE('',*,*,#823,.F.);
#1114=ORIENTED_EDGE('',*,*,#806,.T.);
#1115=ORIENTED_EDGE('',*,*,#677,.F.);
#1116=ORIENTED_EDGE('',*,*,#826,.F.);
#1117=ORIENTED_EDGE('',*,*,#684,.F.);
#1118=ORIENTED_EDGE('',*,*,#685,.T.);
#1119=ORIENTED_EDGE('',*,*,#825,.F.);
#1120=ORIENTED_EDGE('',*,*,#665,.F.);
#1121=ORIENTED_EDGE('',*,*,#827,.F.);
#1122=ORIENTED_EDGE('',*,*,#828,.T.);
#1123=ORIENTED_EDGE('',*,*,#821,.T.);
#1124=ORIENTED_EDGE('',*,*,#669,.T.);
#1125=ORIENTED_EDGE('',*,*,#681,.T.);
#1126=ORIENTED_EDGE('',*,*,#829,.F.);
#1127=ORIENTED_EDGE('',*,*,#830,.T.);
#1128=ORIENTED_EDGE('',*,*,#827,.T.);
#1129=ORIENTED_EDGE('',*,*,#830,.F.);
#1130=ORIENTED_EDGE('',*,*,#831,.F.);
#1131=ORIENTED_EDGE('',*,*,#832,.F.);
#1132=ORIENTED_EDGE('',*,*,#833,.F.);
#1133=ORIENTED_EDGE('',*,*,#834,.T.);
#1134=ORIENTED_EDGE('',*,*,#835,.T.);
#1135=ORIENTED_EDGE('',*,*,#834,.F.);
#1136=ORIENTED_EDGE('',*,*,#836,.F.);
#1137=ORIENTED_EDGE('',*,*,#837,.F.);
#1138=ORIENTED_EDGE('',*,*,#838,.T.);
#1139=ORIENTED_EDGE('',*,*,#839,.T.);
#1140=ORIENTED_EDGE('',*,*,#838,.F.);
#1141=ORIENTED_EDGE('',*,*,#671,.F.);
#1142=ORIENTED_EDGE('',*,*,#840,.T.);
#1143=ORIENTED_EDGE('',*,*,#841,.T.);
#1144=ORIENTED_EDGE('',*,*,#840,.F.);
#1145=ORIENTED_EDGE('',*,*,#672,.F.);
#1146=ORIENTED_EDGE('',*,*,#842,.T.);
#1147=ORIENTED_EDGE('',*,*,#843,.T.);
#1148=ORIENTED_EDGE('',*,*,#844,.T.);
#1149=ORIENTED_EDGE('',*,*,#842,.F.);
#1150=ORIENTED_EDGE('',*,*,#829,.T.);
#1151=ORIENTED_EDGE('',*,*,#845,.T.);
#1152=ORIENTED_EDGE('',*,*,#763,.T.);
#1153=ORIENTED_EDGE('',*,*,#761,.F.);
#1154=ORIENTED_EDGE('',*,*,#846,.F.);
#1155=ORIENTED_EDGE('',*,*,#769,.T.);
#1156=ORIENTED_EDGE('',*,*,#773,.T.);
#1157=ORIENTED_EDGE('',*,*,#771,.F.);
#1158=ORIENTED_EDGE('',*,*,#847,.F.);
#1159=ORIENTED_EDGE('',*,*,#778,.T.);
#1160=ORIENTED_EDGE('',*,*,#782,.T.);
#1161=ORIENTED_EDGE('',*,*,#780,.F.);
#1162=ORIENTED_EDGE('',*,*,#848,.F.);
#1163=ORIENTED_EDGE('',*,*,#787,.T.);
#1164=ORIENTED_EDGE('',*,*,#791,.T.);
#1165=ORIENTED_EDGE('',*,*,#789,.F.);
#1166=ORIENTED_EDGE('',*,*,#849,.F.);
#1167=ORIENTED_EDGE('',*,*,#798,.T.);
#1168=ORIENTED_EDGE('',*,*,#794,.T.);
#1169=ORIENTED_EDGE('',*,*,#800,.F.);
#1170=ORIENTED_EDGE('',*,*,#850,.F.);
#1171=ORIENTED_EDGE('',*,*,#724,.T.);
#1172=ORIENTED_EDGE('',*,*,#728,.T.);
#1173=ORIENTED_EDGE('',*,*,#726,.F.);
#1174=ORIENTED_EDGE('',*,*,#851,.F.);
#1175=ORIENTED_EDGE('',*,*,#733,.T.);
#1176=ORIENTED_EDGE('',*,*,#737,.T.);
#1177=ORIENTED_EDGE('',*,*,#735,.F.);
#1178=ORIENTED_EDGE('',*,*,#852,.F.);
#1179=ORIENTED_EDGE('',*,*,#742,.T.);
#1180=ORIENTED_EDGE('',*,*,#746,.T.);
#1181=ORIENTED_EDGE('',*,*,#744,.F.);
#1182=ORIENTED_EDGE('',*,*,#853,.F.);
#1183=ORIENTED_EDGE('',*,*,#759,.T.);
#1184=ORIENTED_EDGE('',*,*,#764,.T.);
#1185=ORIENTED_EDGE('',*,*,#845,.F.);
#1186=ORIENTED_EDGE('',*,*,#831,.T.);
#1187=ORIENTED_EDGE('',*,*,#754,.F.);
#1188=ORIENTED_EDGE('',*,*,#750,.F.);
#1189=ORIENTED_EDGE('',*,*,#748,.F.);
#1190=ORIENTED_EDGE('',*,*,#854,.F.);
#1191=ORIENTED_EDGE('',*,*,#844,.F.);
#1192=ORIENTED_EDGE('',*,*,#843,.F.);
#1193=ORIENTED_EDGE('',*,*,#835,.F.);
#1194=ORIENTED_EDGE('',*,*,#839,.F.);
#1195=ORIENTED_EDGE('',*,*,#841,.F.);
#1196=ORIENTED_EDGE('',*,*,#822,.T.);
#1197=ORIENTED_EDGE('',*,*,#828,.F.);
#1198=ORIENTED_EDGE('',*,*,#680,.F.);
#1199=ORIENTED_EDGE('',*,*,#803,.F.);
#1200=ORIENTED_EDGE('',*,*,#751,.T.);
#1201=ORIENTED_EDGE('',*,*,#752,.T.);
#1202=ORIENTED_EDGE('',*,*,#855,.T.);
#1203=ORIENTED_EDGE('',*,*,#836,.T.);
#1204=ORIENTED_EDGE('',*,*,#837,.T.);
#1205=ORIENTED_EDGE('',*,*,#832,.T.);
#1206=ORIENTED_EDGE('',*,*,#833,.T.);
#1207=ORIENTED_EDGE('',*,*,#676,.F.);
#1208=ORIENTED_EDGE('',*,*,#820,.F.);
#1209=ORIENTED_EDGE('',*,*,#824,.T.);
#1210=ORIENTED_EDGE('',*,*,#826,.T.);
#1211=ORIENTED_EDGE('',*,*,#855,.F.);
#1212=ORIENTED_EDGE('',*,*,#856,.T.);
#1213=ORIENTED_EDGE('',*,*,#854,.T.);
#1214=ORIENTED_EDGE('',*,*,#856,.F.);
#1215=ORIENTED_EDGE('',*,*,#857,.F.);
#1216=ORIENTED_EDGE('',*,*,#852,.T.);
#1217=ORIENTED_EDGE('',*,*,#734,.T.);
#1218=ORIENTED_EDGE('',*,*,#851,.T.);
#1219=ORIENTED_EDGE('',*,*,#725,.T.);
#1220=ORIENTED_EDGE('',*,*,#850,.T.);
#1221=ORIENTED_EDGE('',*,*,#799,.T.);
#1222=ORIENTED_EDGE('',*,*,#849,.T.);
#1223=ORIENTED_EDGE('',*,*,#788,.T.);
#1224=ORIENTED_EDGE('',*,*,#848,.T.);
#1225=ORIENTED_EDGE('',*,*,#779,.T.);
#1226=ORIENTED_EDGE('',*,*,#847,.T.);
#1227=ORIENTED_EDGE('',*,*,#770,.T.);
#1228=ORIENTED_EDGE('',*,*,#846,.T.);
#1229=ORIENTED_EDGE('',*,*,#760,.T.);
#1230=ORIENTED_EDGE('',*,*,#853,.T.);
#1231=ORIENTED_EDGE('',*,*,#743,.T.);
#1232=ORIENTED_EDGE('',*,*,#858,.F.);
#1233=ORIENTED_EDGE('',*,*,#859,.T.);
#1234=ORIENTED_EDGE('',*,*,#857,.T.);
#1235=ORIENTED_EDGE('',*,*,#859,.F.);
#1236=ORIENTED_EDGE('',*,*,#858,.T.);
#1237=ORIENTED_EDGE('',*,*,#691,.F.);
#1238=ORIENTED_EDGE('',*,*,#695,.F.);
#1239=ORIENTED_EDGE('',*,*,#699,.F.);
#1240=ORIENTED_EDGE('',*,*,#703,.F.);
#1241=ORIENTED_EDGE('',*,*,#707,.F.);
#1242=ORIENTED_EDGE('',*,*,#711,.F.);
#1243=ORIENTED_EDGE('',*,*,#715,.F.);
#1244=ORIENTED_EDGE('',*,*,#719,.F.);
#1245=ORIENTED_EDGE('',*,*,#740,.F.);
#1246=ORIENTED_EDGE('',*,*,#731,.F.);
#1247=ORIENTED_EDGE('',*,*,#722,.F.);
#1248=ORIENTED_EDGE('',*,*,#797,.F.);
#1249=ORIENTED_EDGE('',*,*,#785,.F.);
#1250=ORIENTED_EDGE('',*,*,#776,.F.);
#1251=ORIENTED_EDGE('',*,*,#767,.F.);
#1252=ORIENTED_EDGE('',*,*,#757,.F.);
#1253=ORIENTED_EDGE('',*,*,#809,.F.);
#1254=CYLINDRICAL_SURFACE('',#1372,1.9);
#1255=CYLINDRICAL_SURFACE('',#1375,1.9);
#1256=CYLINDRICAL_SURFACE('',#1378,0.1);
#1257=CYLINDRICAL_SURFACE('',#1385,1.91);
#1258=CYLINDRICAL_SURFACE('',#1390,0.0800000000000001);
#1259=CYLINDRICAL_SURFACE('',#1394,0.08);
#1260=CYLINDRICAL_SURFACE('',#1398,0.0800000000000001);
#1261=CYLINDRICAL_SURFACE('',#1402,0.08);
#1262=CYLINDRICAL_SURFACE('',#1406,0.0800000000000001);
#1263=CYLINDRICAL_SURFACE('',#1410,0.08);
#1264=CYLINDRICAL_SURFACE('',#1414,0.0800000000000001);
#1265=CYLINDRICAL_SURFACE('',#1418,0.08);
#1266=CYLINDRICAL_SURFACE('',#1420,0.125);
#1267=CYLINDRICAL_SURFACE('',#1426,0.125);
#1268=CYLINDRICAL_SURFACE('',#1432,0.125);
#1269=CYLINDRICAL_SURFACE('',#1438,0.0800000000000001);
#1270=CYLINDRICAL_SURFACE('',#1439,0.0800000000000001);
#1271=CYLINDRICAL_SURFACE('',#1440,0.0800000000000001);
#1272=CYLINDRICAL_SURFACE('',#1441,0.125);
#1273=CYLINDRICAL_SURFACE('',#1447,0.125);
#1274=CYLINDRICAL_SURFACE('',#1453,0.125);
#1275=CYLINDRICAL_SURFACE('',#1459,0.125);
#1276=CYLINDRICAL_SURFACE('',#1468,0.125);
#1277=CYLINDRICAL_SURFACE('',#1477,1.91);
#1278=CYLINDRICAL_SURFACE('',#1479,1.85);
#1279=CYLINDRICAL_SURFACE('',#1482,1.85);
#1280=CYLINDRICAL_SURFACE('',#1487,1.855);
#1281=CYLINDRICAL_SURFACE('',#1492,1.75);
#1282=CYLINDRICAL_SURFACE('',#1497,0.1);
#1283=CYLINDRICAL_SURFACE('',#1510,0.0800000000000001);
#1284=CYLINDRICAL_SURFACE('',#1511,0.0800000000000001);
#1285=CYLINDRICAL_SURFACE('',#1512,0.0800000000000001);
#1286=CYLINDRICAL_SURFACE('',#1513,0.0800000000000001);
#1287=CYLINDRICAL_SURFACE('',#1514,2.15);
#1288=CYLINDRICAL_SURFACE('',#1523,1.9);
#1289=CYLINDRICAL_SURFACE('',#1524,1.9);
#1290=CYLINDRICAL_SURFACE('',#1525,0.0800000000000001);
#1291=CYLINDRICAL_SURFACE('',#1528,2.3);
#1292=ADVANCED_FACE('',(#111),#1254,.F.);
#1293=ADVANCED_FACE('',(#112,#43,#44,#45,#46),#1255,.F.);
#1294=ADVANCED_FACE('',(#113),#1256,.F.);
#1295=ADVANCED_FACE('',(#114),#1257,.F.);
#1296=ADVANCED_FACE('',(#115),#26,.F.);
#1297=ADVANCED_FACE('',(#116),#1258,.F.);
#1298=ADVANCED_FACE('',(#117),#27,.F.);
#1299=ADVANCED_FACE('',(#118),#1259,.F.);
#1300=ADVANCED_FACE('',(#119),#28,.F.);
#1301=ADVANCED_FACE('',(#120),#1260,.F.);
#1302=ADVANCED_FACE('',(#121),#29,.F.);
#1303=ADVANCED_FACE('',(#122),#1261,.F.);
#1304=ADVANCED_FACE('',(#123),#30,.F.);
#1305=ADVANCED_FACE('',(#124),#1262,.F.);
#1306=ADVANCED_FACE('',(#125),#31,.F.);
#1307=ADVANCED_FACE('',(#126),#1263,.F.);
#1308=ADVANCED_FACE('',(#127),#32,.F.);
#1309=ADVANCED_FACE('',(#128),#1264,.F.);
#1310=ADVANCED_FACE('',(#129),#33,.F.);
#1311=ADVANCED_FACE('',(#130),#1265,.F.);
#1312=ADVANCED_FACE('',(#131),#1266,.F.);
#1313=ADVANCED_FACE('',(#132),#34,.F.);
#1314=ADVANCED_FACE('',(#133),#1267,.F.);
#1315=ADVANCED_FACE('',(#134),#35,.F.);
#1316=ADVANCED_FACE('',(#135),#1268,.F.);
#1317=ADVANCED_FACE('',(#136),#36,.F.);
#1318=ADVANCED_FACE('',(#137),#1269,.F.);
#1319=ADVANCED_FACE('',(#138),#1270,.F.);
#1320=ADVANCED_FACE('',(#139),#1271,.F.);
#1321=ADVANCED_FACE('',(#140),#1272,.F.);
#1322=ADVANCED_FACE('',(#141),#37,.F.);
#1323=ADVANCED_FACE('',(#142),#1273,.F.);
#1324=ADVANCED_FACE('',(#143),#38,.F.);
#1325=ADVANCED_FACE('',(#144),#1274,.F.);
#1326=ADVANCED_FACE('',(#145),#39,.F.);
#1327=ADVANCED_FACE('',(#146),#1275,.F.);
#1328=ADVANCED_FACE('',(#147),#40,.F.);
#1329=ADVANCED_FACE('',(#148),#41,.F.);
#1330=ADVANCED_FACE('',(#149),#1276,.F.);
#1331=ADVANCED_FACE('',(#150),#15,.F.);
#1332=ADVANCED_FACE('',(#151),#16,.F.);
#1333=ADVANCED_FACE('',(#152),#1277,.F.);
#1334=ADVANCED_FACE('',(#153),#1278,.F.);
#1335=ADVANCED_FACE('',(#154),#1279,.F.);
#1336=ADVANCED_FACE('',(#155,#47),#17,.F.);
#1337=ADVANCED_FACE('',(#156),#1280,.F.);
#1338=ADVANCED_FACE('',(#157,#48),#18,.T.);
#1339=ADVANCED_FACE('',(#158,#49),#19,.F.);
#1340=ADVANCED_FACE('',(#159),#1281,.F.);
#1341=ADVANCED_FACE('',(#160,#50),#20,.T.);
#1342=ADVANCED_FACE('',(#161),#1282,.F.);
#1343=ADVANCED_FACE('',(#162),#21,.T.);
#1344=ADVANCED_FACE('',(#163),#22,.T.);
#1345=ADVANCED_FACE('',(#164,#51),#23,.T.);
#1346=ADVANCED_FACE('',(#165),#42,.T.);
#1347=ADVANCED_FACE('',(#166),#1283,.F.);
#1348=ADVANCED_FACE('',(#167),#1284,.F.);
#1349=ADVANCED_FACE('',(#168),#1285,.F.);
#1350=ADVANCED_FACE('',(#169),#1286,.F.);
#1351=ADVANCED_FACE('',(#170,#52,#53,#54,#55,#56,#57,#58,#59),#1287,.T.);
#1352=ADVANCED_FACE('',(#171,#60,#61,#62,#63),#1288,.F.);
#1353=ADVANCED_FACE('',(#172),#1289,.F.);
#1354=ADVANCED_FACE('',(#173),#1290,.F.);
#1355=ADVANCED_FACE('',(#174,#64),#24,.T.);
#1356=ADVANCED_FACE('',(#175),#1291,.T.);
#1357=ADVANCED_FACE('',(#176,#65,#66,#67,#68,#69,#70,#71,#72,#73,#74,#75,
#76,#77,#78,#79,#80,#81),#25,.T.);
#1358=CLOSED_SHELL('',(#1292,#1293,#1294,#1295,#1296,#1297,#1298,#1299,
#1300,#1301,#1302,#1303,#1304,#1305,#1306,#1307,#1308,#1309,#1310,#1311,
#1312,#1313,#1314,#1315,#1316,#1317,#1318,#1319,#1320,#1321,#1322,#1323,
#1324,#1325,#1326,#1327,#1328,#1329,#1330,#1331,#1332,#1333,#1334,#1335,
#1336,#1337,#1338,#1339,#1340,#1341,#1342,#1343,#1344,#1345,#1346,#1347,
#1348,#1349,#1350,#1351,#1352,#1353,#1354,#1355,#1356,#1357));
#1359=DERIVED_UNIT_ELEMENT(#1361,1.);
#1360=DERIVED_UNIT_ELEMENT(#2956,-3.);
#1361=(
MASS_UNIT()
NAMED_UNIT(*)
SI_UNIT(.KILO.,.GRAM.)
);
#1362=DERIVED_UNIT((#1359,#1360));
#1363=MEASURE_REPRESENTATION_ITEM('density measure',
POSITIVE_RATIO_MEASURE(2700.),#1362);
#1364=PROPERTY_DEFINITION_REPRESENTATION(#1369,#1366);
#1365=PROPERTY_DEFINITION_REPRESENTATION(#1370,#1367);
#1366=REPRESENTATION('material name',(#1368),#2953);
#1367=REPRESENTATION('density',(#1363),#2953);
#1368=DESCRIPTIVE_REPRESENTATION_ITEM('Aluminum 6061','Aluminum 6061');
#1369=PROPERTY_DEFINITION('material property','material name',#2963);
#1370=PROPERTY_DEFINITION('material property','density of part',#2963);
#1371=AXIS2_PLACEMENT_3D('',#1926,#1531,#1532);
#1372=AXIS2_PLACEMENT_3D('',#1927,#1533,#1534);
#1373=AXIS2_PLACEMENT_3D('',#1930,#1535,#1536);
#1374=AXIS2_PLACEMENT_3D('',#1934,#1538,#1539);
#1375=AXIS2_PLACEMENT_3D('',#1936,#1541,#1542);
#1376=AXIS2_PLACEMENT_3D('',#1939,#1543,#1544);
#1377=AXIS2_PLACEMENT_3D('',#1943,#1546,#1547);
#1378=AXIS2_PLACEMENT_3D('',#2085,#1549,#1550);
#1379=AXIS2_PLACEMENT_3D('',#2087,#1551,#1552);
#1380=AXIS2_PLACEMENT_3D('',#2091,#1554,#1555);
#1381=AXIS2_PLACEMENT_3D('',#2095,#1557,#1558);
#1382=AXIS2_PLACEMENT_3D('',#2098,#1560,#1561);
#1383=AXIS2_PLACEMENT_3D('',#2100,#1562,#1563);
#1384=AXIS2_PLACEMENT_3D('',#2103,#1565,#1566);
#1385=AXIS2_PLACEMENT_3D('',#2104,#1567,#1568);
#1386=AXIS2_PLACEMENT_3D('',#2106,#1569,#1570);
#1387=AXIS2_PLACEMENT_3D('',#2108,#1571,#1572);
#1388=AXIS2_PLACEMENT_3D('',#2110,#1574,#1575);
#1389=AXIS2_PLACEMENT_3D('',#2114,#1577,#1578);
#1390=AXIS2_PLACEMENT_3D('',#2115,#1579,#1580);
#1391=AXIS2_PLACEMENT_3D('',#2118,#1582,#1583);
#1392=AXIS2_PLACEMENT_3D('',#2119,#1584,#1585);
#1393=AXIS2_PLACEMENT_3D('',#2123,#1587,#1588);
#1394=AXIS2_PLACEMENT_3D('',#2124,#1589,#1590);
#1395=AXIS2_PLACEMENT_3D('',#2127,#1592,#1593);
#1396=AXIS2_PLACEMENT_3D('',#2128,#1594,#1595);
#1397=AXIS2_PLACEMENT_3D('',#2132,#1597,#1598);
#1398=AXIS2_PLACEMENT_3D('',#2133,#1599,#1600);
#1399=AXIS2_PLACEMENT_3D('',#2136,#1602,#1603);
#1400=AXIS2_PLACEMENT_3D('',#2137,#1604,#1605);
#1401=AXIS2_PLACEMENT_3D('',#2141,#1607,#1608);
#1402=AXIS2_PLACEMENT_3D('',#2142,#1609,#1610);
#1403=AXIS2_PLACEMENT_3D('',#2145,#1612,#1613);
#1404=AXIS2_PLACEMENT_3D('',#2146,#1614,#1615);
#1405=AXIS2_PLACEMENT_3D('',#2150,#1617,#1618);
#1406=AXIS2_PLACEMENT_3D('',#2151,#1619,#1620);
#1407=AXIS2_PLACEMENT_3D('',#2154,#1622,#1623);
#1408=AXIS2_PLACEMENT_3D('',#2155,#1624,#1625);
#1409=AXIS2_PLACEMENT_3D('',#2159,#1627,#1628);
#1410=AXIS2_PLACEMENT_3D('',#2160,#1629,#1630);
#1411=AXIS2_PLACEMENT_3D('',#2163,#1632,#1633);
#1412=AXIS2_PLACEMENT_3D('',#2164,#1634,#1635);
#1413=AXIS2_PLACEMENT_3D('',#2168,#1637,#1638);
#1414=AXIS2_PLACEMENT_3D('',#2169,#1639,#1640);
#1415=AXIS2_PLACEMENT_3D('',#2172,#1642,#1643);
#1416=AXIS2_PLACEMENT_3D('',#2173,#1644,#1645);
#1417=AXIS2_PLACEMENT_3D('',#2177,#1647,#1648);
#1418=AXIS2_PLACEMENT_3D('',#2178,#1649,#1650);
#1419=AXIS2_PLACEMENT_3D('',#2181,#1652,#1653);
#1420=AXIS2_PLACEMENT_3D('',#2182,#1654,#1655);
#1421=AXIS2_PLACEMENT_3D('',#2185,#1656,#1657);
#1422=AXIS2_PLACEMENT_3D('',#2188,#1659,#1660);
#1423=AXIS2_PLACEMENT_3D('',#2190,#1661,#1662);
#1424=AXIS2_PLACEMENT_3D('',#2194,#1664,#1665);
#1425=AXIS2_PLACEMENT_3D('',#2196,#1667,#1668);
#1426=AXIS2_PLACEMENT_3D('',#2211,#1670,#1671);
#1427=AXIS2_PLACEMENT_3D('',#2214,#1672,#1673);
#1428=AXIS2_PLACEMENT_3D('',#2217,#1675,#1676);
#1429=AXIS2_PLACEMENT_3D('',#2219,#1677,#1678);
#1430=AXIS2_PLACEMENT_3D('',#2223,#1680,#1681);
#1431=AXIS2_PLACEMENT_3D('',#2225,#1683,#1684);
#1432=AXIS2_PLACEMENT_3D('',#2240,#1686,#1687);
#1433=AXIS2_PLACEMENT_3D('',#2243,#1688,#1689);
#1434=AXIS2_PLACEMENT_3D('',#2246,#1691,#1692);
#1435=AXIS2_PLACEMENT_3D('',#2248,#1693,#1694);
#1436=AXIS2_PLACEMENT_3D('',#2252,#1696,#1697);
#1437=AXIS2_PLACEMENT_3D('',#2254,#1699,#1700);
#1438=AXIS2_PLACEMENT_3D('',#2269,#1702,#1703);
#1439=AXIS2_PLACEMENT_3D('',#2306,#1705,#1706);
#1440=AXIS2_PLACEMENT_3D('',#2343,#1708,#1709);
#1441=AXIS2_PLACEMENT_3D('',#2418,#1711,#1712);
#1442=AXIS2_PLACEMENT_3D('',#2421,#1713,#1714);
#1443=AXIS2_PLACEMENT_3D('',#2424,#1716,#1717);
#1444=AXIS2_PLACEMENT_3D('',#2426,#1718,#1719);
#1445=AXIS2_PLACEMENT_3D('',#2430,#1721,#1722);
#1446=AXIS2_PLACEMENT_3D('',#2432,#1724,#1725);
#1447=AXIS2_PLACEMENT_3D('',#2452,#1727,#1728);
#1448=AXIS2_PLACEMENT_3D('',#2455,#1729,#1730);
#1449=AXIS2_PLACEMENT_3D('',#2458,#1732,#1733);
#1450=AXIS2_PLACEMENT_3D('',#2460,#1734,#1735);
#1451=AXIS2_PLACEMENT_3D('',#2464,#1737,#1738);
#1452=AXIS2_PLACEMENT_3D('',#2466,#1740,#1741);
#1453=AXIS2_PLACEMENT_3D('',#2481,#1743,#1744);
#1454=AXIS2_PLACEMENT_3D('',#2484,#1745,#1746);
#1455=AXIS2_PLACEMENT_3D('',#2487,#1748,#1749);
#1456=AXIS2_PLACEMENT_3D('',#2489,#1750,#1751);
#1457=AXIS2_PLACEMENT_3D('',#2493,#1753,#1754);
#1458=AXIS2_PLACEMENT_3D('',#2495,#1756,#1757);
#1459=AXIS2_PLACEMENT_3D('',#2510,#1759,#1760);
#1460=AXIS2_PLACEMENT_3D('',#2513,#1761,#1762);
#1461=AXIS2_PLACEMENT_3D('',#2516,#1764,#1765);
#1462=AXIS2_PLACEMENT_3D('',#2518,#1766,#1767);
#1463=AXIS2_PLACEMENT_3D('',#2522,#1769,#1770);
#1464=AXIS2_PLACEMENT_3D('',#2524,#1772,#1773);
#1465=AXIS2_PLACEMENT_3D('',#2539,#1775,#1776);
#1466=AXIS2_PLACEMENT_3D('',#2544,#1778,#1779);
#1467=AXIS2_PLACEMENT_3D('',#2558,#1780,#1781);
#1468=AXIS2_PLACEMENT_3D('',#2559,#1782,#1783);
#1469=AXIS2_PLACEMENT_3D('',#2562,#1785,#1786);
#1470=AXIS2_PLACEMENT_3D('',#2566,#1788,#1789);
#1471=AXIS2_PLACEMENT_3D('',#2568,#1791,#1792);
#1472=AXIS2_PLACEMENT_3D('',#2570,#1793,#1794);
#1473=AXIS2_PLACEMENT_3D('',#2572,#1795,#1796);
#1474=AXIS2_PLACEMENT_3D('',#2573,#1797,#1798);
#1475=AXIS2_PLACEMENT_3D('',#2574,#1799,#1800);
#1476=AXIS2_PLACEMENT_3D('',#2575,#1801,#1802);
#1477=AXIS2_PLACEMENT_3D('',#2576,#1803,#1804);
#1478=AXIS2_PLACEMENT_3D('',#2579,#1806,#1807);
#1479=AXIS2_PLACEMENT_3D('',#2580,#1808,#1809);
#1480=AXIS2_PLACEMENT_3D('',#2582,#1810,#1811);
#1481=AXIS2_PLACEMENT_3D('',#2585,#1813,#1814);
#1482=AXIS2_PLACEMENT_3D('',#2586,#1815,#1816);
#1483=AXIS2_PLACEMENT_3D('',#2588,#1817,#1818);
#1484=AXIS2_PLACEMENT_3D('',#2591,#1820,#1821);
#1485=AXIS2_PLACEMENT_3D('',#2592,#1822,#1823);
#1486=AXIS2_PLACEMENT_3D('',#2594,#1824,#1825);
#1487=AXIS2_PLACEMENT_3D('',#2595,#1826,#1827);
#1488=AXIS2_PLACEMENT_3D('',#2597,#1828,#1829);
#1489=AXIS2_PLACEMENT_3D('',#2599,#1831,#1832);
#1490=AXIS2_PLACEMENT_3D('',#2600,#1833,#1834);
#1491=AXIS2_PLACEMENT_3D('',#2602,#1835,#1836);
#1492=AXIS2_PLACEMENT_3D('',#2603,#1837,#1838);
#1493=AXIS2_PLACEMENT_3D('',#2606,#1840,#1841);
#1494=AXIS2_PLACEMENT_3D('',#2607,#1842,#1843);
#1495=AXIS2_PLACEMENT_3D('',#2609,#1844,#1845);
#1496=AXIS2_PLACEMENT_3D('',#2610,#1846,#1847);
#1497=AXIS2_PLACEMENT_3D('',#2611,#1848,#1849);
#1498=AXIS2_PLACEMENT_3D('',#2613,#1850,#1851);
#1499=AXIS2_PLACEMENT_3D('',#2616,#1853,#1854);
#1500=AXIS2_PLACEMENT_3D('',#2618,#1856,#1857);
#1501=AXIS2_PLACEMENT_3D('',#2619,#1858,#1859);
#1502=AXIS2_PLACEMENT_3D('',#2620,#1860,#1861);
#1503=AXIS2_PLACEMENT_3D('',#2621,#1862,#1863);
#1504=AXIS2_PLACEMENT_3D('',#2622,#1864,#1865);
#1505=AXIS2_PLACEMENT_3D('',#2624,#1866,#1867);
#1506=AXIS2_PLACEMENT_3D('',#2625,#1868,#1869);
#1507=AXIS2_PLACEMENT_3D('',#2626,#1870,#1871);
#1508=AXIS2_PLACEMENT_3D('',#2629,#1872,#1873);
#1509=AXIS2_PLACEMENT_3D('',#2631,#1875,#1876);
#1510=AXIS2_PLACEMENT_3D('',#2632,#1877,#1878);
#1511=AXIS2_PLACEMENT_3D('',#2707,#1880,#1881);
#1512=AXIS2_PLACEMENT_3D('',#2782,#1883,#1884);
#1513=AXIS2_PLACEMENT_3D('',#2819,#1886,#1887);
#1514=AXIS2_PLACEMENT_3D('',#2859,#1889,#1890);
#1515=AXIS2_PLACEMENT_3D('',#2861,#1892,#1893);
#1516=AXIS2_PLACEMENT_3D('',#2862,#1894,#1895);
#1517=AXIS2_PLACEMENT_3D('',#2863,#1896,#1897);
#1518=AXIS2_PLACEMENT_3D('',#2864,#1898,#1899);
#1519=AXIS2_PLACEMENT_3D('',#2865,#1900,#1901);
#1520=AXIS2_PLACEMENT_3D('',#2866,#1902,#1903);
#1521=AXIS2_PLACEMENT_3D('',#2867,#1904,#1905);
#1522=AXIS2_PLACEMENT_3D('',#2868,#1906,#1907);
#1523=AXIS2_PLACEMENT_3D('',#2904,#1908,#1909);
#1524=AXIS2_PLACEMENT_3D('',#2940,#1910,#1911);
#1525=AXIS2_PLACEMENT_3D('',#2941,#1912,#1913);
#1526=AXIS2_PLACEMENT_3D('',#2943,#1915,#1916);
#1527=AXIS2_PLACEMENT_3D('',#2945,#1917,#1918);
#1528=AXIS2_PLACEMENT_3D('',#2946,#1919,#1920);
#1529=AXIS2_PLACEMENT_3D('',#2948,#1921,#1922);
#1530=AXIS2_PLACEMENT_3D('',#2950,#1924,#1925);
#1531=DIRECTION('axis',(0.,0.,1.));
#1532=DIRECTION('refdir',(1.,0.,0.));
#1533=DIRECTION('center_axis',(0.,0.,-1.));
#1534=DIRECTION('ref_axis',(0.,1.,0.));
#1535=DIRECTION('center_axis',(0.,0.,-1.));
#1536=DIRECTION('ref_axis',(-0.989691207735241,-0.143217713051006,0.));
#1537=DIRECTION('',(0.,0.,-1.));
#1538=DIRECTION('center_axis',(0.,0.,-1.));
#1539=DIRECTION('ref_axis',(-0.989691207735241,-0.143217713051006,0.));
#1540=DIRECTION('',(0.,0.,-1.));
#1541=DIRECTION('center_axis',(0.,0.,-1.));
#1542=DIRECTION('ref_axis',(0.,1.,0.));
#1543=DIRECTION('center_axis',(0.,0.,-1.));
#1544=DIRECTION('ref_axis',(-0.989691207735241,-0.143217713051006,0.));
#1545=DIRECTION('',(0.,0.,-1.));
#1546=DIRECTION('center_axis',(0.,0.,1.));
#1547=DIRECTION('ref_axis',(0.969162496338796,0.246422514576799,0.));
#1548=DIRECTION('',(0.,0.,-1.));
#1549=DIRECTION('center_axis',(0.,0.,-1.));
#1550=DIRECTION('ref_axis',(0.,-1.,0.));
#1551=DIRECTION('center_axis',(0.,0.,-1.));
#1552=DIRECTION('ref_axis',(0.220832897224209,-0.975311658652537,0.));
#1553=DIRECTION('',(0.,0.,-1.));
#1554=DIRECTION('center_axis',(0.,0.,-1.));
#1555=DIRECTION('ref_axis',(0.220832897224209,-0.975311658652537,0.));
#1556=DIRECTION('',(0.,0.,-1.));
#1557=DIRECTION('center_axis',(0.,0.,-1.));
#1558=DIRECTION('ref_axis',(0.220832897224209,-0.975311658652537,0.));
#1559=DIRECTION('',(0.,0.,-1.));
#1560=DIRECTION('center_axis',(0.,0.,1.));
#1561=DIRECTION('ref_axis',(-0.1692126193082,0.985579570337605,0.));
#1562=DIRECTION('center_axis',(0.,0.,-1.));
#1563=DIRECTION('ref_axis',(-0.267082683557993,0.963673617021583,0.));
#1564=DIRECTION('',(0.,0.,-1.));
#1565=DIRECTION('center_axis',(0.,0.,-1.));
#1566=DIRECTION('ref_axis',(-0.267082683557993,0.963673617021583,0.));
#1567=DIRECTION('center_axis',(0.,0.,-1.));
#1568=DIRECTION('ref_axis',(-1.,0.,0.));
#1569=DIRECTION('center_axis',(0.,0.,-1.));
#1570=DIRECTION('ref_axis',(-0.989633665508865,-0.143614790643195,0.));
#1571=DIRECTION('center_axis',(0.,0.,1.));
#1572=DIRECTION('ref_axis',(0.969261289269502,0.2460336422598,0.));
#1573=DIRECTION('',(0.,0.,-1.));
#1574=DIRECTION('center_axis',(0.,0.,1.));
#1575=DIRECTION('ref_axis',(-0.707106781186545,-0.707106781186549,0.));
#1576=DIRECTION('',(0.606108810937759,0.606108810937763,0.515038074910221));
#1577=DIRECTION('center_axis',(0.,0.,1.));
#1578=DIRECTION('ref_axis',(-0.707106781186548,-0.707106781186548,0.));
#1579=DIRECTION('center_axis',(0.,0.,1.));
#1580=DIRECTION('ref_axis',(-0.707106781186548,-0.707106781186548,0.));
#1581=DIRECTION('',(0.,0.,1.));
#1582=DIRECTION('center_axis',(0.,0.,1.));
#1583=DIRECTION('ref_axis',(-0.707106781186548,-0.707106781186548,0.));
#1584=DIRECTION('center_axis',(0.,0.,1.));
#1585=DIRECTION('ref_axis',(0.,-1.,0.));
#1586=DIRECTION('',(-1.0497271911385E-16,0.857167300702012,0.515038074910221));
#1587=DIRECTION('center_axis',(0.,0.,1.));
#1588=DIRECTION('ref_axis',(0.,-1.,0.));
#1589=DIRECTION('center_axis',(0.,0.,1.));
#1590=DIRECTION('ref_axis',(0.,-1.,0.));
#1591=DIRECTION('',(0.,0.,1.));
#1592=DIRECTION('center_axis',(0.,0.,1.));
#1593=DIRECTION('ref_axis',(0.,-1.,0.));
#1594=DIRECTION('center_axis',(0.,0.,1.));
#1595=DIRECTION('ref_axis',(0.707106781186549,-0.707106781186545,0.));
#1596=DIRECTION('',(-0.606108810937763,0.606108810937759,0.515038074910221));
#1597=DIRECTION('center_axis',(0.,0.,1.));
#1598=DIRECTION('ref_axis',(0.707106781186548,-0.707106781186548,0.));
#1599=DIRECTION('center_axis',(0.,0.,1.));
#1600=DIRECTION('ref_axis',(0.707106781186548,-0.707106781186548,0.));
#1601=DIRECTION('',(0.,0.,1.));
#1602=DIRECTION('center_axis',(0.,0.,1.));
#1603=DIRECTION('ref_axis',(0.707106781186548,-0.707106781186548,0.));
#1604=DIRECTION('center_axis',(0.,0.,1.));
#1605=DIRECTION('ref_axis',(1.,0.,0.));
#1606=DIRECTION('',(-0.857167300702012,-1.0497271911385E-16,0.515038074910221));
#1607=DIRECTION('center_axis',(0.,0.,1.));
#1608=DIRECTION('ref_axis',(1.,0.,0.));
#1609=DIRECTION('center_axis',(0.,0.,1.));
#1610=DIRECTION('ref_axis',(1.,0.,0.));
#1611=DIRECTION('',(0.,0.,1.));
#1612=DIRECTION('center_axis',(0.,0.,1.));
#1613=DIRECTION('ref_axis',(1.,0.,0.));
#1614=DIRECTION('center_axis',(0.,0.,1.));
#1615=DIRECTION('ref_axis',(0.707106781186545,0.707106781186549,0.));
#1616=DIRECTION('',(-0.606108810937759,-0.606108810937763,0.515038074910221));
#1617=DIRECTION('center_axis',(0.,0.,1.));
#1618=DIRECTION('ref_axis',(0.707106781186548,0.707106781186548,0.));
#1619=DIRECTION('center_axis',(0.,0.,1.));
#1620=DIRECTION('ref_axis',(0.707106781186548,0.707106781186548,0.));
#1621=DIRECTION('',(0.,0.,1.));
#1622=DIRECTION('center_axis',(0.,0.,1.));
#1623=DIRECTION('ref_axis',(0.707106781186548,0.707106781186548,0.));
#1624=DIRECTION('center_axis',(0.,0.,1.));
#1625=DIRECTION('ref_axis',(0.,1.,0.));
#1626=DIRECTION('',(1.0497271911385E-16,-0.857167300702012,0.515038074910221));
#1627=DIRECTION('center_axis',(0.,0.,1.));
#1628=DIRECTION('ref_axis',(0.,1.,0.));
#1629=DIRECTION('center_axis',(0.,0.,1.));
#1630=DIRECTION('ref_axis',(0.,1.,0.));
#1631=DIRECTION('',(0.,0.,1.));
#1632=DIRECTION('center_axis',(0.,0.,1.));
#1633=DIRECTION('ref_axis',(0.,1.,0.));
#1634=DIRECTION('center_axis',(0.,0.,1.));
#1635=DIRECTION('ref_axis',(-0.707106781186549,0.707106781186545,0.));
#1636=DIRECTION('',(0.606108810937763,-0.606108810937759,0.515038074910221));
#1637=DIRECTION('center_axis',(0.,0.,1.));
#1638=DIRECTION('ref_axis',(-0.707106781186548,0.707106781186548,0.));
#1639=DIRECTION('center_axis',(0.,0.,1.));
#1640=DIRECTION('ref_axis',(-0.707106781186548,0.707106781186548,0.));
#1641=DIRECTION('',(0.,0.,1.));
#1642=DIRECTION('center_axis',(0.,0.,1.));
#1643=DIRECTION('ref_axis',(-0.707106781186548,0.707106781186548,0.));
#1644=DIRECTION('center_axis',(0.,0.,1.));
#1645=DIRECTION('ref_axis',(-1.,0.,0.));
#1646=DIRECTION('',(0.857167300702012,1.0497271911385E-16,0.515038074910221));
#1647=DIRECTION('center_axis',(0.,0.,1.));
#1648=DIRECTION('ref_axis',(-1.,0.,0.));
#1649=DIRECTION('center_axis',(0.,0.,1.));
#1650=DIRECTION('ref_axis',(-1.,0.,0.));
#1651=DIRECTION('',(0.,0.,1.));
#1652=DIRECTION('center_axis',(0.,0.,1.));
#1653=DIRECTION('ref_axis',(-1.,0.,0.));
#1654=DIRECTION('center_axis',(0.,0.,1.));
#1655=DIRECTION('ref_axis',(0.707106781186548,-0.707106781186548,0.));
#1656=DIRECTION('center_axis',(0.,0.,-1.));
#1657=DIRECTION('ref_axis',(0.707106781186548,-0.707106781186548,0.));
#1658=DIRECTION('',(0.,0.,1.));
#1659=DIRECTION('center_axis',(0.,0.,1.));
#1660=DIRECTION('ref_axis',(0.707106781186548,-0.707106781186548,0.));
#1661=DIRECTION('center_axis',(0.,0.,-1.));
#1662=DIRECTION('ref_axis',(0.707106781186548,-0.707106781186548,0.));
#1663=DIRECTION('',(0.,0.,-1.));
#1664=DIRECTION('center_axis',(0.,0.,1.));
#1665=DIRECTION('ref_axis',(0.986289642920923,-0.165023453687405,0.));
#1666=DIRECTION('',(0.,0.,-1.));
#1667=DIRECTION('center_axis',(0.,0.,1.));
#1668=DIRECTION('ref_axis',(0.707106781186548,-0.707106781186548,0.));
#1669=DIRECTION('',(-0.606108810937761,0.606108810937761,0.515038074910221));
#1670=DIRECTION('center_axis',(0.,0.,1.));
#1671=DIRECTION('ref_axis',(0.,-1.,0.));
#1672=DIRECTION('center_axis',(0.,0.,-1.));
#1673=DIRECTION('ref_axis',(0.,-1.,0.));
#1674=DIRECTION('',(0.,0.,1.));
#1675=DIRECTION('center_axis',(0.,0.,1.));
#1676=DIRECTION('ref_axis',(0.,-1.,0.));
#1677=DIRECTION('center_axis',(0.,0.,-1.));
#1678=DIRECTION('ref_axis',(0.,-1.,0.));
#1679=DIRECTION('',(0.,0.,-1.));
#1680=DIRECTION('center_axis',(0.,0.,1.));
#1681=DIRECTION('ref_axis',(0.580722891566299,-0.814101297880599,0.));
#1682=DIRECTION('',(0.,0.,-1.));
#1683=DIRECTION('center_axis',(0.,0.,1.));
#1684=DIRECTION('ref_axis',(0.,-1.,0.));
#1685=DIRECTION('',(-1.0497271911385E-16,0.857167300702012,0.515038074910221));
#1686=DIRECTION('center_axis',(0.,0.,1.));
#1687=DIRECTION('ref_axis',(-0.707106781186548,-0.707106781186548,0.));
#1688=DIRECTION('center_axis',(0.,0.,-1.));
#1689=DIRECTION('ref_axis',(-0.707106781186548,-0.707106781186548,0.));
#1690=DIRECTION('',(0.,0.,1.));
#1691=DIRECTION('center_axis',(0.,0.,1.));
#1692=DIRECTION('ref_axis',(-0.707106781186548,-0.707106781186548,0.));
#1693=DIRECTION('center_axis',(0.,0.,-1.));
#1694=DIRECTION('ref_axis',(-0.707106781186548,-0.707106781186548,0.));
#1695=DIRECTION('',(0.,0.,-1.));
#1696=DIRECTION('center_axis',(0.,0.,1.));
#1697=DIRECTION('ref_axis',(-0.165023453687405,-0.986289642920923,0.));
#1698=DIRECTION('',(0.,0.,-1.));
#1699=DIRECTION('center_axis',(0.,0.,1.));
#1700=DIRECTION('ref_axis',(-0.707106781186548,-0.707106781186548,0.));
#1701=DIRECTION('',(0.606108810937761,0.606108810937761,0.515038074910221));
#1702=DIRECTION('center_axis',(0.382683432365094,0.923879532511285,0.));
#1703=DIRECTION('ref_axis',(0.923879532511285,-0.382683432365094,0.));
#1704=DIRECTION('',(0.382683432365094,0.923879532511285,0.));
#1705=DIRECTION('center_axis',(0.923879532511285,0.382683432365094,0.));
#1706=DIRECTION('ref_axis',(0.382683432365094,-0.923879532511285,0.));
#1707=DIRECTION('',(0.923879532511285,0.382683432365094,0.));
#1708=DIRECTION('center_axis',(0.923879532511285,-0.382683432365094,0.));
#1709=DIRECTION('ref_axis',(-0.382683432365094,-0.923879532511285,0.));
#1710=DIRECTION('',(0.923879532511285,-0.382683432365094,0.));
#1711=DIRECTION('center_axis',(0.,0.,1.));
#1712=DIRECTION('ref_axis',(-1.,0.,0.));
#1713=DIRECTION('center_axis',(0.,0.,-1.));
#1714=DIRECTION('ref_axis',(-1.,0.,0.));
#1715=DIRECTION('',(0.,0.,1.));
#1716=DIRECTION('center_axis',(0.,0.,1.));
#1717=DIRECTION('ref_axis',(-1.,0.,0.));
#1718=DIRECTION('center_axis',(0.,0.,-1.));
#1719=DIRECTION('ref_axis',(-1.,0.,0.));
#1720=DIRECTION('',(0.,0.,-1.));
#1721=DIRECTION('center_axis',(0.,0.,1.));
#1722=DIRECTION('ref_axis',(-0.814101297880599,-0.580722891566299,0.));
#1723=DIRECTION('',(0.,0.,-1.));
#1724=DIRECTION('center_axis',(0.,0.,1.));
#1725=DIRECTION('ref_axis',(-1.,0.,0.));
#1726=DIRECTION('',(0.857167300702012,1.0497271911385E-16,0.515038074910221));
#1727=DIRECTION('center_axis',(0.,0.,1.));
#1728=DIRECTION('ref_axis',(-0.707106781186548,0.707106781186548,0.));
#1729=DIRECTION('center_axis',(0.,0.,-1.));
#1730=DIRECTION('ref_axis',(-0.707106781186548,0.707106781186548,0.));
#1731=DIRECTION('',(0.,0.,1.));
#1732=DIRECTION('center_axis',(0.,0.,1.));
#1733=DIRECTION('ref_axis',(-0.707106781186548,0.707106781186548,0.));
#1734=DIRECTION('center_axis',(0.,0.,-1.));
#1735=DIRECTION('ref_axis',(-0.707106781186548,0.707106781186548,0.));
#1736=DIRECTION('',(-1.42108547152E-14,1.42108547152E-14,-1.));
#1737=DIRECTION('center_axis',(0.,0.,1.));
#1738=DIRECTION('ref_axis',(-0.986289642920923,0.165023453687405,0.));
#1739=DIRECTION('',(0.,0.,-1.));
#1740=DIRECTION('center_axis',(0.,0.,1.));
#1741=DIRECTION('ref_axis',(-0.707106781186548,0.707106781186548,0.));
#1742=DIRECTION('',(0.606108810937761,-0.606108810937761,0.515038074910221));
#1743=DIRECTION('center_axis',(0.,0.,1.));
#1744=DIRECTION('ref_axis',(0.,1.,0.));
#1745=DIRECTION('center_axis',(0.,0.,-1.));
#1746=DIRECTION('ref_axis',(0.,1.,0.));
#1747=DIRECTION('',(0.,0.,1.));
#1748=DIRECTION('center_axis',(0.,0.,1.));
#1749=DIRECTION('ref_axis',(0.,1.,0.));
#1750=DIRECTION('center_axis',(0.,0.,-1.));
#1751=DIRECTION('ref_axis',(0.,1.,0.));
#1752=DIRECTION('',(0.,0.,-1.));
#1753=DIRECTION('center_axis',(0.,0.,1.));
#1754=DIRECTION('ref_axis',(-0.580722891566299,0.814101297880599,0.));
#1755=DIRECTION('',(0.,0.,-1.));
#1756=DIRECTION('center_axis',(0.,0.,1.));
#1757=DIRECTION('ref_axis',(0.,1.,0.));
#1758=DIRECTION('',(1.0497271911385E-16,-0.857167300702012,0.515038074910221));
#1759=DIRECTION('center_axis',(0.,0.,1.));
#1760=DIRECTION('ref_axis',(0.707106781186548,0.707106781186548,0.));
#1761=DIRECTION('center_axis',(0.,0.,-1.));
#1762=DIRECTION('ref_axis',(0.707106781186548,0.707106781186548,0.));
#1763=DIRECTION('',(0.,0.,1.));
#1764=DIRECTION('center_axis',(0.,0.,1.));
#1765=DIRECTION('ref_axis',(0.707106781186548,0.707106781186548,0.));
#1766=DIRECTION('center_axis',(0.,0.,-1.));
#1767=DIRECTION('ref_axis',(0.707106781186548,0.707106781186548,0.));
#1768=DIRECTION('',(0.,0.,-1.));
#1769=DIRECTION('center_axis',(0.,0.,1.));
#1770=DIRECTION('ref_axis',(0.165023453687405,0.986289642920923,0.));
#1771=DIRECTION('',(0.,0.,-1.));
#1772=DIRECTION('center_axis',(0.,0.,1.));
#1773=DIRECTION('ref_axis',(0.707106781186548,0.707106781186548,0.));
#1774=DIRECTION('',(-0.606108810937761,-0.606108810937761,0.515038074910221));
#1775=DIRECTION('center_axis',(0.,0.,1.));
#1776=DIRECTION('ref_axis',(1.,0.,0.));
#1777=DIRECTION('',(-0.857167300702012,-1.0497271911385E-16,0.515038074910221));
#1778=DIRECTION('center_axis',(0.,0.,-1.));
#1779=DIRECTION('ref_axis',(1.,0.,0.));
#1780=DIRECTION('center_axis',(0.,0.,-1.));
#1781=DIRECTION('ref_axis',(1.,0.,0.));
#1782=DIRECTION('center_axis',(0.,0.,1.));
#1783=DIRECTION('ref_axis',(1.,0.,0.));
#1784=DIRECTION('',(0.,0.,1.));
#1785=DIRECTION('center_axis',(0.,0.,1.));
#1786=DIRECTION('ref_axis',(1.,0.,0.));
#1787=DIRECTION('',(0.,0.,-1.));
#1788=DIRECTION('center_axis',(0.,0.,1.));
#1789=DIRECTION('ref_axis',(0.814101297880599,0.580722891566299,0.));
#1790=DIRECTION('',(0.,0.,-1.));
#1791=DIRECTION('center_axis',(0.,0.,-1.));
#1792=DIRECTION('ref_axis',(0.,-1.,0.));
#1793=DIRECTION('center_axis',(0.,0.,1.));
#1794=DIRECTION('ref_axis',(-0.969261289269502,-0.2460336422598,0.));
#1795=DIRECTION('center_axis',(0.,0.,-1.));
#1796=DIRECTION('ref_axis',(0.267082683557993,-0.963673617021583,0.));
#1797=DIRECTION('center_axis',(0.,0.,-1.));
#1798=DIRECTION('ref_axis',(0.989691207735241,0.143217713051006,0.));
#1799=DIRECTION('center_axis',(0.,0.,-1.));
#1800=DIRECTION('ref_axis',(0.,-1.,0.));
#1801=DIRECTION('center_axis',(0.,0.,-1.));
#1802=DIRECTION('ref_axis',(-0.220832897224209,0.975311658652537,0.));
#1803=DIRECTION('center_axis',(0.,0.,-1.));
#1804=DIRECTION('ref_axis',(0.195090322016111,-0.980785280403234,0.));
#1805=DIRECTION('',(0.,0.,-1.));
#1806=DIRECTION('center_axis',(0.,0.,-1.));
#1807=DIRECTION('ref_axis',(0.989633665508865,0.143614790643195,0.));
#1808=DIRECTION('center_axis',(0.,0.,1.));
#1809=DIRECTION('ref_axis',(0.,-1.,0.));
#1810=DIRECTION('center_axis',(0.,0.,1.));
#1811=DIRECTION('ref_axis',(0.,1.,0.));
#1812=DIRECTION('',(0.,0.,1.));
#1813=DIRECTION('center_axis',(0.,0.,1.));
#1814=DIRECTION('ref_axis',(0.,-1.,0.));
#1815=DIRECTION('center_axis',(0.,0.,1.));
#1816=DIRECTION('ref_axis',(0.,-1.,0.));
#1817=DIRECTION('center_axis',(0.,0.,1.));
#1818=DIRECTION('ref_axis',(0.,-1.,0.));
#1819=DIRECTION('',(0.,0.,1.));
#1820=DIRECTION('center_axis',(0.,0.,1.));
#1821=DIRECTION('ref_axis',(0.,1.,0.));
#1822=DIRECTION('center_axis',(0.,0.,1.));
#1823=DIRECTION('ref_axis',(1.,0.,0.));
#1824=DIRECTION('center_axis',(0.,0.,1.));
#1825=DIRECTION('ref_axis',(1.,0.,0.));
#1826=DIRECTION('center_axis',(0.,0.,1.));
#1827=DIRECTION('ref_axis',(-1.,0.,0.));
#1828=DIRECTION('center_axis',(0.,0.,1.));
#1829=DIRECTION('ref_axis',(-1.,0.,0.));
#1830=DIRECTION('',(0.,0.,1.));
#1831=DIRECTION('center_axis',(0.,0.,1.));
#1832=DIRECTION('ref_axis',(1.,0.,0.));
#1833=DIRECTION('center_axis',(0.,0.,-1.));
#1834=DIRECTION('ref_axis',(0.,-1.,0.));
#1835=DIRECTION('center_axis',(0.,0.,1.));
#1836=DIRECTION('ref_axis',(0.,-1.,0.));
#1837=DIRECTION('center_axis',(0.,0.,-1.));
#1838=DIRECTION('ref_axis',(0.,1.,0.));
#1839=DIRECTION('',(0.,0.,-1.));
#1840=DIRECTION('center_axis',(0.,0.,-1.));
#1841=DIRECTION('ref_axis',(0.,-1.,0.));
#1842=DIRECTION('center_axis',(0.,0.,-1.));
#1843=DIRECTION('ref_axis',(0.,-1.,0.));
#1844=DIRECTION('center_axis',(0.,0.,-1.));
#1845=DIRECTION('ref_axis',(-0.220832897224209,0.975311658652537,0.));
#1846=DIRECTION('center_axis',(0.,0.,-1.));
#1847=DIRECTION('ref_axis',(0.989691207735241,0.143217713051006,0.));
#1848=DIRECTION('center_axis',(0.,0.,-1.));
#1849=DIRECTION('ref_axis',(0.98078528040346,0.195090322014973,0.));
#1850=DIRECTION('center_axis',(0.,0.,1.));
#1851=DIRECTION('ref_axis',(0.1692126193082,-0.985579570337605,0.));
#1852=DIRECTION('',(0.,0.,-1.));
#1853=DIRECTION('center_axis',(0.,0.,-1.));
#1854=DIRECTION('ref_axis',(0.267082683557993,-0.963673617021583,0.));
#1855=DIRECTION('',(0.,0.,-1.));
#1856=DIRECTION('center_axis',(0.,0.,-1.));
#1857=DIRECTION('ref_axis',(-0.220832897224209,0.975311658652537,0.));
#1858=DIRECTION('center_axis',(0.,0.,-1.));
#1859=DIRECTION('ref_axis',(0.,-1.,0.));
#1860=DIRECTION('center_axis',(0.,0.,-1.));
#1861=DIRECTION('ref_axis',(0.989691207735241,0.143217713051006,0.));
#1862=DIRECTION('center_axis',(0.,0.,-1.));
#1863=DIRECTION('ref_axis',(0.,-1.,0.));
#1864=DIRECTION('center_axis',(0.,0.,-1.));
#1865=DIRECTION('ref_axis',(0.,-1.,0.));
#1866=DIRECTION('center_axis',(0.,0.,1.));
#1867=DIRECTION('ref_axis',(0.,-1.,0.));
#1868=DIRECTION('center_axis',(0.,0.,1.));
#1869=DIRECTION('ref_axis',(-0.969162496338796,-0.246422514576799,0.));
#1870=DIRECTION('center_axis',(0.,0.,1.));
#1871=DIRECTION('ref_axis',(0.,-1.,0.));
#1872=DIRECTION('center_axis',(0.,0.,1.));
#1873=DIRECTION('ref_axis',(0.,1.,0.));
#1874=DIRECTION('',(8.65956056235364E-17,-0.707106781186442,-0.707106781186652));
#1875=DIRECTION('center_axis',(0.,0.,1.));
#1876=DIRECTION('ref_axis',(0.,1.,0.));
#1877=DIRECTION('center_axis',(-0.382683432365094,-0.923879532511285,0.));
#1878=DIRECTION('ref_axis',(-0.923879532511285,0.382683432365094,0.));
#1879=DIRECTION('',(-0.382683432365094,-0.923879532511285,0.));
#1880=DIRECTION('center_axis',(-0.923879532511285,-0.382683432365094,0.));
#1881=DIRECTION('ref_axis',(-0.382683432365094,0.923879532511285,0.));
#1882=DIRECTION('',(-0.923879532511285,-0.382683432365094,0.));
#1883=DIRECTION('center_axis',(-0.923879532511285,0.382683432365094,0.));
#1884=DIRECTION('ref_axis',(0.382683432365094,0.923879532511285,0.));
#1885=DIRECTION('',(-0.923879532511285,0.382683432365094,0.));
#1886=DIRECTION('center_axis',(-0.382683432365094,0.923879532511285,0.));
#1887=DIRECTION('ref_axis',(0.923879532511285,0.382683432365094,0.));
#1888=DIRECTION('',(-0.382683432365094,0.923879532511285,0.));
#1889=DIRECTION('center_axis',(0.,0.,-1.));
#1890=DIRECTION('ref_axis',(0.,1.,0.));
#1891=DIRECTION('',(0.,0.,1.));
#1892=DIRECTION('center_axis',(0.,0.,1.));
#1893=DIRECTION('ref_axis',(-0.672845878721494,-0.739782686663793,0.));
#1894=DIRECTION('center_axis',(0.,0.,1.));
#1895=DIRECTION('ref_axis',(-0.99887923788176,-0.0473314708070081,0.));
#1896=DIRECTION('center_axis',(0.,0.,1.));
#1897=DIRECTION('ref_axis',(-0.739782686663793,0.672845878721494,0.));
#1898=DIRECTION('center_axis',(0.,0.,1.));
#1899=DIRECTION('ref_axis',(-0.0473314708070081,0.99887923788176,0.));
#1900=DIRECTION('center_axis',(0.,0.,1.));
#1901=DIRECTION('ref_axis',(0.672845878721494,0.739782686663793,0.));
#1902=DIRECTION('center_axis',(0.,0.,1.));
#1903=DIRECTION('ref_axis',(0.99887923788176,0.0473314708070081,0.));
#1904=DIRECTION('center_axis',(0.,0.,1.));
#1905=DIRECTION('ref_axis',(0.739782686663793,-0.672845878721494,0.));
#1906=DIRECTION('center_axis',(0.,0.,1.));
#1907=DIRECTION('ref_axis',(0.0473314708070081,-0.99887923788176,0.));
#1908=DIRECTION('center_axis',(0.,0.,-1.));
#1909=DIRECTION('ref_axis',(0.195090322016114,-0.980785280403233,0.));
#1910=DIRECTION('center_axis',(0.,0.,-1.));
#1911=DIRECTION('ref_axis',(0.195090322016114,-0.980785280403233,0.));
#1912=DIRECTION('center_axis',(0.382683432365094,-0.923879532511285,0.));
#1913=DIRECTION('ref_axis',(-0.923879532511285,-0.382683432365094,0.));
#1914=DIRECTION('',(0.382683432365094,-0.923879532511285,0.));
#1915=DIRECTION('center_axis',(0.,0.,-1.));
#1916=DIRECTION('ref_axis',(0.,-1.,0.));
#1917=DIRECTION('center_axis',(0.,0.,1.));
#1918=DIRECTION('ref_axis',(0.,1.,0.));
#1919=DIRECTION('center_axis',(0.,0.,1.));
#1920=DIRECTION('ref_axis',(0.,-1.,0.));
#1921=DIRECTION('center_axis',(0.,0.,1.));
#1922=DIRECTION('ref_axis',(0.,-1.,0.));
#1923=DIRECTION('',(0.,0.,-1.));
#1924=DIRECTION('center_axis',(0.,0.,1.));
#1925=DIRECTION('ref_axis',(1.,0.,0.));
#1926=CARTESIAN_POINT('',(0.,0.,0.));
#1927=CARTESIAN_POINT('Origin',(0.,0.,0.));
#1928=CARTESIAN_POINT('',(-1.880413294697,-0.2721136547969,0.625));
#1929=CARTESIAN_POINT('',(1.841408743044,0.4682027776959,0.625));
#1930=CARTESIAN_POINT('Origin',(0.,0.,0.625));
#1931=CARTESIAN_POINT('',(-1.880413294697,-0.2721136547969,0.545));
#1932=CARTESIAN_POINT('',(-1.880413294697,-0.2721136547969,0.625));
#1933=CARTESIAN_POINT('',(1.841408743044,0.4682027776959,0.545));
#1934=CARTESIAN_POINT('Origin',(0.,0.,0.545));
#1935=CARTESIAN_POINT('',(1.841408743044,0.4682027776959,0.625));
#1936=CARTESIAN_POINT('Origin',(0.,0.,0.));
#1937=CARTESIAN_POINT('',(-1.880413294697,-0.2721136547969,0.465));
#1938=CARTESIAN_POINT('',(1.841408743044,0.4682027776959,0.465));
#1939=CARTESIAN_POINT('Origin',(0.,0.,0.465));
#1940=CARTESIAN_POINT('',(-1.880413294697,-0.2721136547969,0.1));
#1941=CARTESIAN_POINT('',(-1.880413294697,-0.2721136547969,0.465));
#1942=CARTESIAN_POINT('',(1.841408743044,0.4682027776959,0.1));
#1943=CARTESIAN_POINT('Origin',(0.,0.,0.1));
#1944=CARTESIAN_POINT('',(1.841408743044,0.4682027776959,0.465));
#1945=CARTESIAN_POINT('',(-1.784429088472,0.6525433535146,0.25));
#1946=CARTESIAN_POINT('Ctrl Pts',(-1.7231997392932,0.800364078716593,0.25));
#1947=CARTESIAN_POINT('Ctrl Pts',(-1.7231997392932,0.800364078716593,0.239953747194162));
#1948=CARTESIAN_POINT('Ctrl Pts',(-1.72404942242072,0.798542597324049,0.229238674778162));
#1949=CARTESIAN_POINT('Ctrl Pts',(-1.72746755349056,0.791121066787393,0.209528679392036));
#1950=CARTESIAN_POINT('Ctrl Pts',(-1.73003175392027,0.7855193291074,0.200533655873508));
#1951=CARTESIAN_POINT('Ctrl Pts',(-1.73585842869326,0.772558089400155,0.186329259890607));
#1952=CARTESIAN_POINT('Ctrl Pts',(-1.73950876338827,0.764333963860251,0.180172651531314));
#1953=CARTESIAN_POINT('Ctrl Pts',(-1.74734491842926,0.746245859120165,0.172007988717151));
#1954=CARTESIAN_POINT('Ctrl Pts',(-1.75152657767337,0.736380047854253,0.17));
#1955=CARTESIAN_POINT('Ctrl Pts',(-1.7592156458694,0.717816995133392,0.17));
#1956=CARTESIAN_POINT('Ctrl Pts',(-1.76323494830931,0.707883933477239,0.172007988717151));
#1957=CARTESIAN_POINT('Ctrl Pts',(-1.77048417146193,0.689552713588802,0.180172651531314));
#1958=CARTESIAN_POINT('Ctrl Pts',(-1.77371832998408,0.681156202233765,0.186329259890607));
#1959=CARTESIAN_POINT('Ctrl Pts',(-1.77876322922991,0.667871140500436,0.200533655873507));
#1960=CARTESIAN_POINT('Ctrl Pts',(-1.7809110924177,0.662096950288319,0.209528679392036));
#1961=CARTESIAN_POINT('Ctrl Pts',(-1.78374192332848,0.6544321520606,0.229238674778161));
#1962=CARTESIAN_POINT('Ctrl Pts',(-1.78442908847162,0.652543353514793,0.239953747194162));
#1963=CARTESIAN_POINT('Ctrl Pts',(-1.78442908847162,0.652543353514793,0.260046252805838));
#1964=CARTESIAN_POINT('Ctrl Pts',(-1.78374192332848,0.6544321520606,0.270761325221838));
#1965=CARTESIAN_POINT('Ctrl Pts',(-1.7809110924177,0.662096950288319,0.290471320607964));
#1966=CARTESIAN_POINT('Ctrl Pts',(-1.77876322922991,0.667871140500436,0.299466344126492));
#1967=CARTESIAN_POINT('Ctrl Pts',(-1.77371832998408,0.681156202233765,0.313670740109393));
#1968=CARTESIAN_POINT('Ctrl Pts',(-1.77048417146193,0.689552713588802,0.319827348468686));
#1969=CARTESIAN_POINT('Ctrl Pts',(-1.76323494830931,0.707883933477239,0.327992011282849));
#1970=CARTESIAN_POINT('Ctrl Pts',(-1.7592156458694,0.717816995133392,0.33));
#1971=CARTESIAN_POINT('Ctrl Pts',(-1.75152657767337,0.736380047854253,0.33));
#1972=CARTESIAN_POINT('Ctrl Pts',(-1.74734491842926,0.746245859120165,0.327992011282849));
#1973=CARTESIAN_POINT('Ctrl Pts',(-1.73950876338827,0.764333963860251,0.319827348468686));
#1974=CARTESIAN_POINT('Ctrl Pts',(-1.73585842869326,0.772558089400155,0.313670740109393));
#1975=CARTESIAN_POINT('Ctrl Pts',(-1.73003175392027,0.7855193291074,0.299466344126492));
#1976=CARTESIAN_POINT('Ctrl Pts',(-1.72746755349056,0.791121066787393,0.290471320607964));
#1977=CARTESIAN_POINT('Ctrl Pts',(-1.72404942242072,0.798542597324049,0.270761325221838));
#1978=CARTESIAN_POINT('Ctrl Pts',(-1.7231997392932,0.800364078716593,0.260046252805838));
#1979=CARTESIAN_POINT('Ctrl Pts',(-1.7231997392932,0.800364078716593,0.25));
#1980=CARTESIAN_POINT('',(-0.8003640787164,1.723199739293,0.25));
#1981=CARTESIAN_POINT('Ctrl Pts',(-0.652543353514793,1.78442908847162,0.25));
#1982=CARTESIAN_POINT('Ctrl Pts',(-0.652543353514793,1.78442908847162,0.239953747194162));
#1983=CARTESIAN_POINT('Ctrl Pts',(-0.6544321520606,1.78374192332848,0.229238674778161));
#1984=CARTESIAN_POINT('Ctrl Pts',(-0.662096950288319,1.7809110924177,0.209528679392036));
#1985=CARTESIAN_POINT('Ctrl Pts',(-0.667871140500436,1.77876322922991,0.200533655873507));
#1986=CARTESIAN_POINT('Ctrl Pts',(-0.681156202233766,1.77371832998408,0.186329259890607));
#1987=CARTESIAN_POINT('Ctrl Pts',(-0.689552713588802,1.77048417146193,0.180172651531314));
#1988=CARTESIAN_POINT('Ctrl Pts',(-0.707883933477239,1.76323494830931,0.172007988717151));
#1989=CARTESIAN_POINT('Ctrl Pts',(-0.717816995133392,1.7592156458694,0.17));
#1990=CARTESIAN_POINT('Ctrl Pts',(-0.736380047854253,1.75152657767337,0.17));
#1991=CARTESIAN_POINT('Ctrl Pts',(-0.746245859120165,1.74734491842926,0.172007988717151));
#1992=CARTESIAN_POINT('Ctrl Pts',(-0.764333963860251,1.73950876338827,0.180172651531314));
#1993=CARTESIAN_POINT('Ctrl Pts',(-0.772558089400155,1.73585842869326,0.186329259890607));
#1994=CARTESIAN_POINT('Ctrl Pts',(-0.7855193291074,1.73003175392027,0.200533655873508));
#1995=CARTESIAN_POINT('Ctrl Pts',(-0.791121066787393,1.72746755349056,0.209528679392036));
#1996=CARTESIAN_POINT('Ctrl Pts',(-0.798542597324049,1.72404942242072,0.229238674778162));
#1997=CARTESIAN_POINT('Ctrl Pts',(-0.800364078716593,1.7231997392932,0.239953747194162));
#1998=CARTESIAN_POINT('Ctrl Pts',(-0.800364078716593,1.7231997392932,0.260046252805838));
#1999=CARTESIAN_POINT('Ctrl Pts',(-0.798542597324049,1.72404942242072,0.270761325221838));
#2000=CARTESIAN_POINT('Ctrl Pts',(-0.791121066787393,1.72746755349056,0.290471320607964));
#2001=CARTESIAN_POINT('Ctrl Pts',(-0.7855193291074,1.73003175392027,0.299466344126492));
#2002=CARTESIAN_POINT('Ctrl Pts',(-0.772558089400155,1.73585842869326,0.313670740109393));
#2003=CARTESIAN_POINT('Ctrl Pts',(-0.764333963860251,1.73950876338827,0.319827348468686));
#2004=CARTESIAN_POINT('Ctrl Pts',(-0.746245859120165,1.74734491842926,0.327992011282849));
#2005=CARTESIAN_POINT('Ctrl Pts',(-0.736380047854253,1.75152657767337,0.33));
#2006=CARTESIAN_POINT('Ctrl Pts',(-0.717816995133392,1.7592156458694,0.33));
#2007=CARTESIAN_POINT('Ctrl Pts',(-0.707883933477239,1.76323494830931,0.327992011282849));
#2008=CARTESIAN_POINT('Ctrl Pts',(-0.689552713588802,1.77048417146193,0.319827348468686));
#2009=CARTESIAN_POINT('Ctrl Pts',(-0.681156202233765,1.77371832998408,0.313670740109393));
#2010=CARTESIAN_POINT('Ctrl Pts',(-0.667871140500436,1.77876322922991,0.299466344126493));
#2011=CARTESIAN_POINT('Ctrl Pts',(-0.662096950288319,1.7809110924177,0.290471320607964));
#2012=CARTESIAN_POINT('Ctrl Pts',(-0.6544321520606,1.78374192332848,0.270761325221838));
#2013=CARTESIAN_POINT('Ctrl Pts',(-0.652543353514793,1.78442908847162,0.260046252805838));
#2014=CARTESIAN_POINT('Ctrl Pts',(-0.652543353514793,1.78442908847162,0.25));
#2015=CARTESIAN_POINT('',(1.723199739293,0.8003640787164,0.25));
#2016=CARTESIAN_POINT('Ctrl Pts',(1.78442908847162,0.652543353514793,0.25));
#2017=CARTESIAN_POINT('Ctrl Pts',(1.78442908847162,0.652543353514793,0.239953747194162));
#2018=CARTESIAN_POINT('Ctrl Pts',(1.78374192332848,0.6544321520606,0.229238674778161));
#2019=CARTESIAN_POINT('Ctrl Pts',(1.7809110924177,0.662096950288319,0.209528679392035));
#2020=CARTESIAN_POINT('Ctrl Pts',(1.77876322922991,0.667871140500436,0.200533655873507));
#2021=CARTESIAN_POINT('Ctrl Pts',(1.77371832998408,0.681156202233765,0.186329259890607));
#2022=CARTESIAN_POINT('Ctrl Pts',(1.77048417146193,0.689552713588802,0.180172651531314));
#2023=CARTESIAN_POINT('Ctrl Pts',(1.76323494830931,0.707883933477239,0.172007988717151));
#2024=CARTESIAN_POINT('Ctrl Pts',(1.7592156458694,0.717816995133392,0.17));
#2025=CARTESIAN_POINT('Ctrl Pts',(1.75152657767337,0.736380047854253,0.17));
#2026=CARTESIAN_POINT('Ctrl Pts',(1.74734491842926,0.746245859120165,0.172007988717151));
#2027=CARTESIAN_POINT('Ctrl Pts',(1.73950876338827,0.764333963860251,0.180172651531314));
#2028=CARTESIAN_POINT('Ctrl Pts',(1.73585842869326,0.772558089400155,0.186329259890607));
#2029=CARTESIAN_POINT('Ctrl Pts',(1.73003175392027,0.7855193291074,0.200533655873508));
#2030=CARTESIAN_POINT('Ctrl Pts',(1.72746755349056,0.791121066787393,0.209528679392036));
#2031=CARTESIAN_POINT('Ctrl Pts',(1.72404942242072,0.798542597324049,0.229238674778162));
#2032=CARTESIAN_POINT('Ctrl Pts',(1.7231997392932,0.800364078716593,0.239953747194162));
#2033=CARTESIAN_POINT('Ctrl Pts',(1.7231997392932,0.800364078716593,0.260046252805838));
#2034=CARTESIAN_POINT('Ctrl Pts',(1.72404942242072,0.798542597324049,0.270761325221838));
#2035=CARTESIAN_POINT('Ctrl Pts',(1.72746755349056,0.791121066787393,0.290471320607964));
#2036=CARTESIAN_POINT('Ctrl Pts',(1.73003175392027,0.7855193291074,0.299466344126492));
#2037=CARTESIAN_POINT('Ctrl Pts',(1.73585842869326,0.772558089400155,0.313670740109393));
#2038=CARTESIAN_POINT('Ctrl Pts',(1.73950876338827,0.764333963860251,0.319827348468686));
#2039=CARTESIAN_POINT('Ctrl Pts',(1.74734491842926,0.746245859120165,0.327992011282849));
#2040=CARTESIAN_POINT('Ctrl Pts',(1.75152657767337,0.736380047854253,0.33));
#2041=CARTESIAN_POINT('Ctrl Pts',(1.7592156458694,0.717816995133392,0.33));
#2042=CARTESIAN_POINT('Ctrl Pts',(1.76323494830931,0.707883933477239,0.327992011282849));
#2043=CARTESIAN_POINT('Ctrl Pts',(1.77048417146193,0.689552713588802,0.319827348468686));
#2044=CARTESIAN_POINT('Ctrl Pts',(1.77371832998408,0.681156202233765,0.313670740109393));
#2045=CARTESIAN_POINT('Ctrl Pts',(1.77876322922991,0.667871140500436,0.299466344126492));
#2046=CARTESIAN_POINT('Ctrl Pts',(1.7809110924177,0.662096950288319,0.290471320607965));
#2047=CARTESIAN_POINT('Ctrl Pts',(1.78374192332848,0.6544321520606,0.270761325221839));
#2048=CARTESIAN_POINT('Ctrl Pts',(1.78442908847162,0.652543353514793,0.260046252805838));
#2049=CARTESIAN_POINT('Ctrl Pts',(1.78442908847162,0.652543353514793,0.25));
#2050=CARTESIAN_POINT('',(0.6525433535146,1.784429088472,0.25));
#2051=CARTESIAN_POINT('Ctrl Pts',(0.800364078716593,1.7231997392932,0.25));
#2052=CARTESIAN_POINT('Ctrl Pts',(0.800364078716593,1.7231997392932,0.239953747194162));
#2053=CARTESIAN_POINT('Ctrl Pts',(0.798542597324049,1.72404942242072,0.229238674778162));
#2054=CARTESIAN_POINT('Ctrl Pts',(0.791121066787393,1.72746755349056,0.209528679392036));
#2055=CARTESIAN_POINT('Ctrl Pts',(0.7855193291074,1.73003175392027,0.200533655873508));
#2056=CARTESIAN_POINT('Ctrl Pts',(0.772558089400155,1.73585842869326,0.186329259890607));
#2057=CARTESIAN_POINT('Ctrl Pts',(0.764333963860251,1.73950876338827,0.180172651531314));
#2058=CARTESIAN_POINT('Ctrl Pts',(0.746245859120165,1.74734491842926,0.172007988717151));
#2059=CARTESIAN_POINT('Ctrl Pts',(0.736380047854253,1.75152657767337,0.17));
#2060=CARTESIAN_POINT('Ctrl Pts',(0.717816995133392,1.7592156458694,0.17));
#2061=CARTESIAN_POINT('Ctrl Pts',(0.707883933477239,1.76323494830931,0.172007988717151));
#2062=CARTESIAN_POINT('Ctrl Pts',(0.689552713588802,1.77048417146193,0.180172651531314));
#2063=CARTESIAN_POINT('Ctrl Pts',(0.681156202233765,1.77371832998408,0.186329259890607));
#2064=CARTESIAN_POINT('Ctrl Pts',(0.667871140500436,1.77876322922991,0.200533655873508));
#2065=CARTESIAN_POINT('Ctrl Pts',(0.662096950288319,1.7809110924177,0.209528679392036));
#2066=CARTESIAN_POINT('Ctrl Pts',(0.6544321520606,1.78374192332848,0.229238674778161));
#2067=CARTESIAN_POINT('Ctrl Pts',(0.652543353514793,1.78442908847162,0.239953747194162));
#2068=CARTESIAN_POINT('Ctrl Pts',(0.652543353514793,1.78442908847162,0.260046252805838));
#2069=CARTESIAN_POINT('Ctrl Pts',(0.6544321520606,1.78374192332848,0.270761325221838));
#2070=CARTESIAN_POINT('Ctrl Pts',(0.662096950288319,1.7809110924177,0.290471320607964));
#2071=CARTESIAN_POINT('Ctrl Pts',(0.667871140500436,1.77876322922991,0.299466344126493));
#2072=CARTESIAN_POINT('Ctrl Pts',(0.681156202233765,1.77371832998408,0.313670740109393));
#2073=CARTESIAN_POINT('Ctrl Pts',(0.689552713588802,1.77048417146193,0.319827348468686));
#2074=CARTESIAN_POINT('Ctrl Pts',(0.707883933477239,1.76323494830931,0.327992011282849));
#2075=CARTESIAN_POINT('Ctrl Pts',(0.717816995133392,1.7592156458694,0.33));
#2076=CARTESIAN_POINT('Ctrl Pts',(0.736380047854253,1.75152657767337,0.33));
#2077=CARTESIAN_POINT('Ctrl Pts',(0.746245859120165,1.74734491842926,0.327992011282849));
#2078=CARTESIAN_POINT('Ctrl Pts',(0.764333963860251,1.73950876338827,0.319827348468686));
#2079=CARTESIAN_POINT('Ctrl Pts',(0.772558089400155,1.73585842869326,0.313670740109393));
#2080=CARTESIAN_POINT('Ctrl Pts',(0.7855193291074,1.73003175392027,0.299466344126492));
#2081=CARTESIAN_POINT('Ctrl Pts',(0.791121066787393,1.72746755349056,0.290471320607964));
#2082=CARTESIAN_POINT('Ctrl Pts',(0.798542597324049,1.72404942242072,0.270761325221838));
#2083=CARTESIAN_POINT('Ctrl Pts',(0.800364078716593,1.7231997392932,0.260046252805838));
#2084=CARTESIAN_POINT('Ctrl Pts',(0.800364078716593,1.7231997392932,0.25));
#2085=CARTESIAN_POINT('Origin',(-1.863492032766,-0.3706716118306,0.1));
#2086=CARTESIAN_POINT('',(-1.841408743044,-0.4682027776959,0.625));
#2087=CARTESIAN_POINT('Origin',(-1.863492032766,-0.3706716118306,0.625));
#2088=CARTESIAN_POINT('',(-1.841408743044,-0.4682027776959,0.545));
#2089=CARTESIAN_POINT('',(-1.841408743044,-0.4682027776959,0.625));
#2090=CARTESIAN_POINT('',(-1.851289062505,-0.4699242567163,0.545));
#2091=CARTESIAN_POINT('Origin',(-1.863492032766,-0.3706716118306,0.545));
#2092=CARTESIAN_POINT('',(-1.851289062505,-0.4699242567163,0.465));
#2093=CARTESIAN_POINT('',(-1.851289062505,-0.4699242567163,0.545));
#2094=CARTESIAN_POINT('',(-1.841408743044,-0.4682027776959,0.465));
#2095=CARTESIAN_POINT('Origin',(-1.863492032766,-0.3706716118306,0.465));
#2096=CARTESIAN_POINT('',(-1.841408743044,-0.4682027776959,0.1));
#2097=CARTESIAN_POINT('',(-1.841408743044,-0.4682027776959,0.465));
#2098=CARTESIAN_POINT('Origin',(-1.863492032766,-0.3706716118306,0.1));
#2099=CARTESIAN_POINT('',(-1.890200301122,-0.2743042501285,0.465));
#2100=CARTESIAN_POINT('Origin',(-1.863492032766,-0.3706716118306,0.465));
#2101=CARTESIAN_POINT('',(-1.890200301122,-0.2743042501285,0.545));
#2102=CARTESIAN_POINT('',(-1.890200301122,-0.2743042501285,0.545));
#2103=CARTESIAN_POINT('Origin',(-1.863492032766,-0.3706716118306,0.545));
#2104=CARTESIAN_POINT('Origin',(0.,0.,0.545));
#2105=CARTESIAN_POINT('',(1.851289062505,0.4699242567163,0.545));
#2106=CARTESIAN_POINT('Origin',(0.,0.,0.545));
#2107=CARTESIAN_POINT('',(1.851289062505,0.4699242567163,0.465));
#2108=CARTESIAN_POINT('Origin',(0.,0.,0.465));
#2109=CARTESIAN_POINT('',(1.851289062505,0.4699242567163,0.545));
#2110=CARTESIAN_POINT('Origin',(1.917050029961,-0.7940681221576,0.5780226719657));
#2111=CARTESIAN_POINT('',(1.917050029961,-0.7940681221576,0.5519311504778));
#2112=CARTESIAN_POINT('',(1.97361857245591,-0.737499579662688,0.600000000000028));
#2113=CARTESIAN_POINT('',(1.94775514058285,-0.763363011535755,0.5780226719657));
#2114=CARTESIAN_POINT('Origin',(1.917050029961,-0.7940681221576,0.6));
#2115=CARTESIAN_POINT('Origin',(1.917050029961,-0.7940681221576,0.5295277080017));
#2116=CARTESIAN_POINT('',(1.973618572456,-0.7374995796626,1.));
#2117=CARTESIAN_POINT('',(1.97361857245592,-0.737499579662676,0.5295277080017));
#2118=CARTESIAN_POINT('Origin',(1.917050029961,-0.7940681221576,1.));
#2119=CARTESIAN_POINT('Origin',(1.917050029961,0.7940681221576,0.5780226719657));
#2120=CARTESIAN_POINT('',(1.917050029961,0.7940681221576,0.5519311504778));
#2121=CARTESIAN_POINT('',(1.917050029961,0.874068122157583,0.600000000000028));
#2122=CARTESIAN_POINT('',(1.917050029961,0.83749170603318,0.5780226719657));
#2123=CARTESIAN_POINT('Origin',(1.917050029961,0.7940681221576,0.6));
#2124=CARTESIAN_POINT('Origin',(1.917050029961,0.7940681221576,0.5295277080017));
#2125=CARTESIAN_POINT('',(1.917050029961,0.8740681221576,1.));
#2126=CARTESIAN_POINT('',(1.917050029961,0.8740681221576,0.5295277080017));
#2127=CARTESIAN_POINT('Origin',(1.917050029961,0.7940681221576,1.));
#2128=CARTESIAN_POINT('Origin',(0.7940681221576,1.917050029961,0.5780226719657));
#2129=CARTESIAN_POINT('',(0.7940681221576,1.917050029961,0.5519311504778));
#2130=CARTESIAN_POINT('',(0.737499579662688,1.97361857245591,0.600000000000028));
#2131=CARTESIAN_POINT('',(0.763363011535755,1.94775514058285,0.5780226719657));
#2132=CARTESIAN_POINT('Origin',(0.7940681221576,1.917050029961,0.6));
#2133=CARTESIAN_POINT('Origin',(0.7940681221576,1.917050029961,0.5295277080017));
#2134=CARTESIAN_POINT('',(0.7374995796626,1.973618572456,1.));
#2135=CARTESIAN_POINT('',(0.737499579662676,1.97361857245592,0.5295277080017));
#2136=CARTESIAN_POINT('Origin',(0.7940681221576,1.917050029961,1.));
#2137=CARTESIAN_POINT('Origin',(-0.7940681221576,1.917050029961,0.5780226719657));
#2138=CARTESIAN_POINT('',(-0.7940681221576,1.917050029961,0.5519311504778));
#2139=CARTESIAN_POINT('',(-0.874068122157583,1.917050029961,0.600000000000028));
#2140=CARTESIAN_POINT('',(-0.83749170603318,1.917050029961,0.5780226719657));
#2141=CARTESIAN_POINT('Origin',(-0.7940681221576,1.917050029961,0.6));
#2142=CARTESIAN_POINT('Origin',(-0.7940681221576,1.917050029961,0.5295277080017));
#2143=CARTESIAN_POINT('',(-0.8740681221576,1.917050029961,1.));
#2144=CARTESIAN_POINT('',(-0.8740681221576,1.917050029961,0.5295277080017));
#2145=CARTESIAN_POINT('Origin',(-0.7940681221576,1.917050029961,1.));
#2146=CARTESIAN_POINT('Origin',(-1.917050029961,0.7940681221576,0.5780226719657));
#2147=CARTESIAN_POINT('',(-1.917050029961,0.7940681221576,0.5519311504778));
#2148=CARTESIAN_POINT('',(-1.97361857245591,0.737499579662688,0.600000000000028));
#2149=CARTESIAN_POINT('',(-1.94775514058285,0.763363011535755,0.5780226719657));
#2150=CARTESIAN_POINT('Origin',(-1.917050029961,0.7940681221576,0.6));
#2151=CARTESIAN_POINT('Origin',(-1.917050029961,0.7940681221576,0.5295277080017));
#2152=CARTESIAN_POINT('',(-1.973618572456,0.7374995796626,1.));
#2153=CARTESIAN_POINT('',(-1.97361857245592,0.737499579662676,0.5295277080017));
#2154=CARTESIAN_POINT('Origin',(-1.917050029961,0.7940681221576,1.));
#2155=CARTESIAN_POINT('Origin',(-1.917050029961,-0.7940681221576,0.5780226719657));
#2156=CARTESIAN_POINT('',(-1.917050029961,-0.7940681221576,0.5519311504778));
#2157=CARTESIAN_POINT('',(-1.917050029961,-0.874068122157583,0.600000000000028));
#2158=CARTESIAN_POINT('',(-1.917050029961,-0.83749170603318,0.5780226719657));
#2159=CARTESIAN_POINT('Origin',(-1.917050029961,-0.7940681221576,0.6));
#2160=CARTESIAN_POINT('Origin',(-1.917050029961,-0.7940681221576,0.5295277080017));
#2161=CARTESIAN_POINT('',(-1.917050029961,-0.8740681221576,1.));
#2162=CARTESIAN_POINT('',(-1.917050029961,-0.8740681221576,0.5295277080017));
#2163=CARTESIAN_POINT('Origin',(-1.917050029961,-0.7940681221576,1.));
#2164=CARTESIAN_POINT('Origin',(-0.7940681221576,-1.917050029961,0.5780226719657));
#2165=CARTESIAN_POINT('',(-0.7940681221576,-1.917050029961,0.5519311504778));
#2166=CARTESIAN_POINT('',(-0.737499579662688,-1.97361857245591,0.600000000000028));
#2167=CARTESIAN_POINT('',(-0.763363011535755,-1.94775514058285,0.5780226719657));
#2168=CARTESIAN_POINT('Origin',(-0.7940681221576,-1.917050029961,0.6));
#2169=CARTESIAN_POINT('Origin',(-0.7940681221576,-1.917050029961,0.5295277080017));
#2170=CARTESIAN_POINT('',(-0.7374995796626,-1.973618572456,1.));
#2171=CARTESIAN_POINT('',(-0.737499579662676,-1.97361857245592,0.5295277080017));
#2172=CARTESIAN_POINT('Origin',(-0.7940681221576,-1.917050029961,1.));
#2173=CARTESIAN_POINT('Origin',(0.7940681221576,-1.917050029961,0.5780226719657));
#2174=CARTESIAN_POINT('',(0.7940681221576,-1.917050029961,0.5519311504778));
#2175=CARTESIAN_POINT('',(0.874068122157583,-1.917050029961,0.600000000000028));
#2176=CARTESIAN_POINT('',(0.83749170603318,-1.917050029961,0.5780226719657));
#2177=CARTESIAN_POINT('Origin',(0.7940681221576,-1.917050029961,0.6));
#2178=CARTESIAN_POINT('Origin',(0.7940681221576,-1.917050029961,0.5295277080017));
#2179=CARTESIAN_POINT('',(0.8740681221576,-1.917050029961,1.));
#2180=CARTESIAN_POINT('',(0.8740681221576,-1.917050029961,0.5295277080017));
#2181=CARTESIAN_POINT('Origin',(0.7940681221576,-1.917050029961,1.));
#2182=CARTESIAN_POINT('Origin',(1.467246570962,1.467246570962,0.3436370437526));
#2183=CARTESIAN_POINT('',(1.590532776327,1.446618639251,0.45));
#2184=CARTESIAN_POINT('',(1.37885822331368,1.55563491861032,0.45));
#2185=CARTESIAN_POINT('Origin',(1.467246570962,1.467246570962,0.45));
#2186=CARTESIAN_POINT('',(1.378858223314,1.55563491861,1.));
#2187=CARTESIAN_POINT('',(1.37885822331368,1.55563491861032,0.3436370437526));
#2188=CARTESIAN_POINT('Origin',(1.467246570962,1.467246570962,1.));
#2189=CARTESIAN_POINT('',(1.446618639251,1.590532776327,0.45));
#2190=CARTESIAN_POINT('Origin',(1.467246570962,1.467246570962,0.45));
#2191=CARTESIAN_POINT('',(1.446618639251,1.590532776327,0.55));
#2192=CARTESIAN_POINT('',(1.446618639251,1.590532776327,0.55));
#2193=CARTESIAN_POINT('',(1.590532776327,1.446618639251,0.55));
#2194=CARTESIAN_POINT('Origin',(1.467246570962,1.467246570962,0.55));
#2195=CARTESIAN_POINT('',(1.590532776327,1.446618639251,0.55));
#2196=CARTESIAN_POINT('Origin',(1.467246570962,1.467246570962,0.4145033080376));
#2197=CARTESIAN_POINT('',(1.467246570962,1.467246570962,0.3748924226216));
#2198=CARTESIAN_POINT('',(1.42063155776346,1.51386158416054,0.4145033080376));
#2199=CARTESIAN_POINT('Ctrl Pts',(1.4466186392512,1.59053277632717,0.450000000000081));
#2200=CARTESIAN_POINT('Ctrl Pts',(1.44952050976851,1.58789347203774,0.448148150468327));
#2201=CARTESIAN_POINT('Ctrl Pts',(1.45242956908513,1.58523310158082,0.446325368683392));
#2202=CARTESIAN_POINT('Ctrl Pts',(1.47268878685913,1.56660244521018,0.43393989296076));
#2203=CARTESIAN_POINT('Ctrl Pts',(1.49003238099972,1.55011536774311,0.424670767298694));
#2204=CARTESIAN_POINT('Ctrl Pts',(1.51552990889252,1.52506329589253,0.419588671886601));
#2205=CARTESIAN_POINT('Ctrl Pts',(1.52505249927037,1.51554931898729,0.419496348757416));
#2206=CARTESIAN_POINT('Ctrl Pts',(1.54357923220477,1.49667565544338,0.423442046204591));
#2207=CARTESIAN_POINT('Ctrl Pts',(1.55260589026751,1.48729613930913,0.427276821028616));
#2208=CARTESIAN_POINT('Ctrl Pts',(1.57082035845029,1.46807508329873,0.436710658977409));
#2209=CARTESIAN_POINT('Ctrl Pts',(1.58073456759445,1.4573916043685,0.443125154865176));
#2210=CARTESIAN_POINT('Ctrl Pts',(1.59053277632717,1.4466186392512,0.450000000000081));
#2211=CARTESIAN_POINT('Origin',(2.075,0.,0.3436370437526));
#2212=CARTESIAN_POINT('',(2.147590361446,-0.1017626622351,0.45));
#2213=CARTESIAN_POINT('',(2.075,0.125,0.45));
#2214=CARTESIAN_POINT('Origin',(2.075,0.,0.45));
#2215=CARTESIAN_POINT('',(2.075,0.125,1.));
#2216=CARTESIAN_POINT('',(2.075,0.125,0.3436370437526));
#2217=CARTESIAN_POINT('Origin',(2.075,0.,1.));
#2218=CARTESIAN_POINT('',(2.147590361446,0.1017626622351,0.45));
#2219=CARTESIAN_POINT('Origin',(2.075,0.,0.45));
#2220=CARTESIAN_POINT('',(2.147590361446,0.1017626622351,0.55));
#2221=CARTESIAN_POINT('',(2.147590361446,0.1017626622351,0.55));
#2222=CARTESIAN_POINT('',(2.147590361446,-0.1017626622351,0.55));
#2223=CARTESIAN_POINT('Origin',(2.075,0.,0.55));
#2224=CARTESIAN_POINT('',(2.147590361446,-0.1017626622351,0.55));
#2225=CARTESIAN_POINT('Origin',(2.075,0.,0.4145033080376));
#2226=CARTESIAN_POINT('',(2.075,0.,0.3748924226216));
#2227=CARTESIAN_POINT('',(2.075,0.06592358387558,0.4145033080376));
#2228=CARTESIAN_POINT('Ctrl Pts',(2.14759036144578,0.101762662235063,0.450000000000057));
#2229=CARTESIAN_POINT('Ctrl Pts',(2.14777602380603,0.0978444599534216,0.448148150468275));
#2230=CARTESIAN_POINT('Ctrl Pts',(2.14795187338513,0.0939062783931519,0.446325368683312));
#2231=CARTESIAN_POINT('Ctrl Pts',(2.14910344019703,0.0664069846659624,0.433939892960668));
#2232=CARTESIAN_POINT('Ctrl Pts',(2.14970908894507,0.0424850873601315,0.424670767298615));
#2233=CARTESIAN_POINT('Ctrl Pts',(2.15002407393324,0.00674112259537035,
0.419588671886529));
#2234=CARTESIAN_POINT('Ctrl Pts',(2.15003016457814,-0.00671976322099346,
0.419496348757343));
#2235=CARTESIAN_POINT('Ctrl Pts',(2.14978484759155,-0.0331658371898278,
0.423442046204512));
#2236=CARTESIAN_POINT('Ctrl Pts',(2.1495353392564,-0.0461809677802018,0.427276821028531));
#2237=CARTESIAN_POINT('Ctrl Pts',(2.14882357417762,-0.0726518807945013,
0.436710658977335));
#2238=CARTESIAN_POINT('Ctrl Pts',(2.14827961829533,-0.087216645708709,0.443125154865125));
#2239=CARTESIAN_POINT('Ctrl Pts',(2.14759036144578,-0.101762662235063,0.450000000000057));
#2240=CARTESIAN_POINT('Origin',(1.467246570962,-1.467246570962,0.3436370437526));
#2241=CARTESIAN_POINT('',(1.446618639251,-1.590532776327,0.45));
#2242=CARTESIAN_POINT('',(1.55563491861032,-1.37885822331368,0.45));
#2243=CARTESIAN_POINT('Origin',(1.467246570962,-1.467246570962,0.45));
#2244=CARTESIAN_POINT('',(1.55563491861,-1.378858223314,1.));
#2245=CARTESIAN_POINT('',(1.55563491861032,-1.37885822331368,0.3436370437526));
#2246=CARTESIAN_POINT('Origin',(1.467246570962,-1.467246570962,1.));
#2247=CARTESIAN_POINT('',(1.590532776327,-1.446618639251,0.45));
#2248=CARTESIAN_POINT('Origin',(1.467246570962,-1.467246570962,0.45));
#2249=CARTESIAN_POINT('',(1.590532776327,-1.446618639251,0.55));
#2250=CARTESIAN_POINT('',(1.590532776327,-1.446618639251,0.55));
#2251=CARTESIAN_POINT('',(1.446618639251,-1.590532776327,0.55));
#2252=CARTESIAN_POINT('Origin',(1.467246570962,-1.467246570962,0.55));
#2253=CARTESIAN_POINT('',(1.446618639251,-1.590532776327,0.55));
#2254=CARTESIAN_POINT('Origin',(1.467246570962,-1.467246570962,0.4145033080376));
#2255=CARTESIAN_POINT('',(1.467246570962,-1.467246570962,0.3748924226216));
#2256=CARTESIAN_POINT('',(1.51386158416054,-1.42063155776346,0.4145033080376));
#2257=CARTESIAN_POINT('Ctrl Pts',(1.59053277632717,-1.4466186392512,0.450000000000081));
#2258=CARTESIAN_POINT('Ctrl Pts',(1.58789347203774,-1.44952050976851,0.448148150468327));
#2259=CARTESIAN_POINT('Ctrl Pts',(1.58523310158082,-1.45242956908513,0.446325368683392));
#2260=CARTESIAN_POINT('Ctrl Pts',(1.56660244521018,-1.47268878685913,0.43393989296076));
#2261=CARTESIAN_POINT('Ctrl Pts',(1.55011536774311,-1.49003238099972,0.424670767298694));
#2262=CARTESIAN_POINT('Ctrl Pts',(1.52506329589253,-1.51552990889252,0.419588671886601));
#2263=CARTESIAN_POINT('Ctrl Pts',(1.51554931898729,-1.52505249927037,0.419496348757416));
#2264=CARTESIAN_POINT('Ctrl Pts',(1.49667565544338,-1.54357923220477,0.423442046204591));
#2265=CARTESIAN_POINT('Ctrl Pts',(1.48729613930913,-1.55260589026751,0.427276821028616));
#2266=CARTESIAN_POINT('Ctrl Pts',(1.46807508329873,-1.57082035845029,0.436710658977409));
#2267=CARTESIAN_POINT('Ctrl Pts',(1.4573916043685,-1.58073456759445,0.443125154865176));
#2268=CARTESIAN_POINT('Ctrl Pts',(1.4466186392512,-1.59053277632717,0.450000000000081));
#2269=CARTESIAN_POINT('Origin',(0.6105820197317,1.474075392977,0.25));
#2270=CARTESIAN_POINT('',(0.7482892443574,2.015580116686,0.25));
#2271=CARTESIAN_POINT('',(0.536671657130797,1.50469006756621,0.25));
#2272=CARTESIAN_POINT('Ctrl Pts',(0.896109969559357,1.95435076750729,0.25));
#2273=CARTESIAN_POINT('Ctrl Pts',(0.896109969559357,1.95435076750729,0.239954026569573));
#2274=CARTESIAN_POINT('Ctrl Pts',(0.894284667542022,1.95519094162657,0.229239074458443));
#2275=CARTESIAN_POINT('Ctrl Pts',(0.886849049669085,1.95857485124016,0.209529002169044));
#2276=CARTESIAN_POINT('Ctrl Pts',(0.881237236703468,1.96111483878699,0.200533803518011));
#2277=CARTESIAN_POINT('Ctrl Pts',(0.868256886127143,1.966896148237,0.186329111951828));
#2278=CARTESIAN_POINT('Ctrl Pts',(0.860022573211489,1.97052234572681,0.180172461334064));
#2279=CARTESIAN_POINT('Ctrl Pts',(0.841920259307693,1.97832439665717,0.172007879688856));
#2280=CARTESIAN_POINT('Ctrl Pts',(0.832050648220906,1.98249656755422,0.17));
#2281=CARTESIAN_POINT('Ctrl Pts',(0.813488110949286,1.99018542224418,0.17));
#2282=CARTESIAN_POINT('Ctrl Pts',(0.803559071688575,1.99421412083775,0.172007879688856));
#2283=CARTESIAN_POINT('Ctrl Pts',(0.785241919652009,2.00149750663428,0.180172461334064));
#2284=CARTESIAN_POINT('Ctrl Pts',(0.776855272315973,2.00475593630038,0.186329111951827));
#2285=CARTESIAN_POINT('Ctrl Pts',(0.763588775285035,2.00984642709884,0.200533803518011));
#2286=CARTESIAN_POINT('Ctrl Pts',(0.757824581863805,2.01201853568309,0.209529002169044));
#2287=CARTESIAN_POINT('Ctrl Pts',(0.75017402060885,2.01488352606866,0.229239074458443));
#2288=CARTESIAN_POINT('Ctrl Pts',(0.748289244357556,2.01558011668571,0.239954026569573));
#2289=CARTESIAN_POINT('Ctrl Pts',(0.748289244357556,2.01558011668571,0.260045973430427));
#2290=CARTESIAN_POINT('Ctrl Pts',(0.75017402060885,2.01488352606866,0.270760925541557));
#2291=CARTESIAN_POINT('Ctrl Pts',(0.757824581863805,2.01201853568309,0.290470997830956));
#2292=CARTESIAN_POINT('Ctrl Pts',(0.763588775285035,2.00984642709884,0.299466196481989));
#2293=CARTESIAN_POINT('Ctrl Pts',(0.776855272315973,2.00475593630038,0.313670888048173));
#2294=CARTESIAN_POINT('Ctrl Pts',(0.785241919652009,2.00149750663428,0.319827538665936));
#2295=CARTESIAN_POINT('Ctrl Pts',(0.803559071688575,1.99421412083775,0.327992120311144));
#2296=CARTESIAN_POINT('Ctrl Pts',(0.813488110949286,1.99018542224418,0.33));
#2297=CARTESIAN_POINT('Ctrl Pts',(0.832050648220906,1.98249656755422,0.33));
#2298=CARTESIAN_POINT('Ctrl Pts',(0.841920259307693,1.97832439665717,0.327992120311144));
#2299=CARTESIAN_POINT('Ctrl Pts',(0.860022573211489,1.97052234572681,0.319827538665936));
#2300=CARTESIAN_POINT('Ctrl Pts',(0.868256886127143,1.966896148237,0.313670888048172));
#2301=CARTESIAN_POINT('Ctrl Pts',(0.881237236703468,1.96111483878699,0.299466196481989));
#2302=CARTESIAN_POINT('Ctrl Pts',(0.886849049669085,1.95857485124016,0.290470997830956));
#2303=CARTESIAN_POINT('Ctrl Pts',(0.894284667542022,1.95519094162657,0.270760925541557));
#2304=CARTESIAN_POINT('Ctrl Pts',(0.896109969559357,1.95435076750729,0.260045973430427));
#2305=CARTESIAN_POINT('Ctrl Pts',(0.896109969559357,1.95435076750729,0.25));
#2306=CARTESIAN_POINT('Origin',(1.474075392977,0.6105820197317,0.25));
#2307=CARTESIAN_POINT('',(1.954350767507,0.8961099695592,0.25));
#2308=CARTESIAN_POINT('',(1.44346071838779,0.684492382332603,0.25));
#2309=CARTESIAN_POINT('Ctrl Pts',(2.01558011668571,0.748289244357556,0.25));
#2310=CARTESIAN_POINT('Ctrl Pts',(2.01558011668571,0.748289244357556,0.239954026569573));
#2311=CARTESIAN_POINT('Ctrl Pts',(2.01488352606866,0.75017402060885,0.229239074458443));
#2312=CARTESIAN_POINT('Ctrl Pts',(2.01201853568309,0.757824581863805,0.209529002169044));
#2313=CARTESIAN_POINT('Ctrl Pts',(2.00984642709884,0.763588775285035,0.200533803518011));
#2314=CARTESIAN_POINT('Ctrl Pts',(2.00475593630038,0.776855272315973,0.186329111951827));
#2315=CARTESIAN_POINT('Ctrl Pts',(2.00149750663428,0.785241919652009,0.180172461334064));
#2316=CARTESIAN_POINT('Ctrl Pts',(1.99421412083775,0.803559071688575,0.172007879688856));
#2317=CARTESIAN_POINT('Ctrl Pts',(1.99018542224418,0.813488110949286,0.17));
#2318=CARTESIAN_POINT('Ctrl Pts',(1.98249656755422,0.832050648220906,0.17));
#2319=CARTESIAN_POINT('Ctrl Pts',(1.97832439665717,0.841920259307693,0.172007879688856));
#2320=CARTESIAN_POINT('Ctrl Pts',(1.97052234572681,0.860022573211489,0.180172461334064));
#2321=CARTESIAN_POINT('Ctrl Pts',(1.966896148237,0.868256886127143,0.186329111951828));
#2322=CARTESIAN_POINT('Ctrl Pts',(1.96111483878699,0.881237236703468,0.200533803518011));
#2323=CARTESIAN_POINT('Ctrl Pts',(1.95857485124016,0.886849049669085,0.209529002169044));
#2324=CARTESIAN_POINT('Ctrl Pts',(1.95519094162657,0.894284667542022,0.229239074458443));
#2325=CARTESIAN_POINT('Ctrl Pts',(1.95435076750729,0.896109969559357,0.239954026569573));
#2326=CARTESIAN_POINT('Ctrl Pts',(1.95435076750729,0.896109969559357,0.260045973430427));
#2327=CARTESIAN_POINT('Ctrl Pts',(1.95519094162657,0.894284667542022,0.270760925541557));
#2328=CARTESIAN_POINT('Ctrl Pts',(1.95857485124016,0.886849049669085,0.290470997830956));
#2329=CARTESIAN_POINT('Ctrl Pts',(1.96111483878699,0.881237236703468,0.299466196481989));
#2330=CARTESIAN_POINT('Ctrl Pts',(1.966896148237,0.868256886127143,0.313670888048172));
#2331=CARTESIAN_POINT('Ctrl Pts',(1.97052234572681,0.860022573211489,0.319827538665936));
#2332=CARTESIAN_POINT('Ctrl Pts',(1.97832439665717,0.841920259307693,0.327992120311144));
#2333=CARTESIAN_POINT('Ctrl Pts',(1.98249656755422,0.832050648220906,0.33));
#2334=CARTESIAN_POINT('Ctrl Pts',(1.99018542224418,0.813488110949286,0.33));
#2335=CARTESIAN_POINT('Ctrl Pts',(1.99421412083775,0.803559071688575,0.327992120311144));
#2336=CARTESIAN_POINT('Ctrl Pts',(2.00149750663428,0.785241919652009,0.319827538665936));
#2337=CARTESIAN_POINT('Ctrl Pts',(2.00475593630038,0.776855272315973,0.313670888048173));
#2338=CARTESIAN_POINT('Ctrl Pts',(2.00984642709884,0.763588775285035,0.299466196481989));
#2339=CARTESIAN_POINT('Ctrl Pts',(2.01201853568309,0.757824581863805,0.290470997830956));
#2340=CARTESIAN_POINT('Ctrl Pts',(2.01488352606866,0.75017402060885,0.270760925541557));
#2341=CARTESIAN_POINT('Ctrl Pts',(2.01558011668571,0.748289244357556,0.260045973430427));
#2342=CARTESIAN_POINT('Ctrl Pts',(2.01558011668571,0.748289244357556,0.25));
#2343=CARTESIAN_POINT('Origin',(1.474075392977,-0.6105820197317,0.25));
#2344=CARTESIAN_POINT('',(1.723199739293,-0.8003640787164,0.25));
#2345=CARTESIAN_POINT('',(1.78442908847161,-0.652543353514788,0.25));
#2346=CARTESIAN_POINT('Ctrl Pts',(1.7231997392932,-0.800364078716593,0.25));
#2347=CARTESIAN_POINT('Ctrl Pts',(1.7231997392932,-0.800364078716593,0.239953747194162));
#2348=CARTESIAN_POINT('Ctrl Pts',(1.72404942242072,-0.798542597324049,0.229238674778162));
#2349=CARTESIAN_POINT('Ctrl Pts',(1.72746755349056,-0.791121066787393,0.209528679392036));
#2350=CARTESIAN_POINT('Ctrl Pts',(1.73003175392027,-0.7855193291074,0.200533655873508));
#2351=CARTESIAN_POINT('Ctrl Pts',(1.73585842869326,-0.772558089400155,0.186329259890607));
#2352=CARTESIAN_POINT('Ctrl Pts',(1.73950876338827,-0.764333963860251,0.180172651531314));
#2353=CARTESIAN_POINT('Ctrl Pts',(1.74734491842926,-0.746245859120165,0.172007988717151));
#2354=CARTESIAN_POINT('Ctrl Pts',(1.75152657767337,-0.736380047854253,0.17));
#2355=CARTESIAN_POINT('Ctrl Pts',(1.7592156458694,-0.717816995133392,0.17));
#2356=CARTESIAN_POINT('Ctrl Pts',(1.76323494830931,-0.707883933477239,0.172007988717151));
#2357=CARTESIAN_POINT('Ctrl Pts',(1.77048417146193,-0.689552713588802,0.180172651531314));
#2358=CARTESIAN_POINT('Ctrl Pts',(1.77371832998408,-0.681156202233765,0.186329259890607));
#2359=CARTESIAN_POINT('Ctrl Pts',(1.77876322922991,-0.667871140500436,0.200533655873507));
#2360=CARTESIAN_POINT('Ctrl Pts',(1.7809110924177,-0.662096950288319,0.209528679392036));
#2361=CARTESIAN_POINT('Ctrl Pts',(1.78374192332848,-0.6544321520606,0.229238674778161));
#2362=CARTESIAN_POINT('Ctrl Pts',(1.78442908847162,-0.652543353514793,0.239953747194162));
#2363=CARTESIAN_POINT('Ctrl Pts',(1.78442908847162,-0.652543353514793,0.25));
#2364=CARTESIAN_POINT('Ctrl Pts',(1.78442908847162,-0.652543353514793,0.25));
#2365=CARTESIAN_POINT('Ctrl Pts',(1.78442908847162,-0.652543353514793,0.260046252805838));
#2366=CARTESIAN_POINT('Ctrl Pts',(1.78374192332848,-0.6544321520606,0.270761325221838));
#2367=CARTESIAN_POINT('Ctrl Pts',(1.7809110924177,-0.662096950288319,0.290471320607964));
#2368=CARTESIAN_POINT('Ctrl Pts',(1.77876322922991,-0.667871140500436,0.299466344126492));
#2369=CARTESIAN_POINT('Ctrl Pts',(1.77371832998408,-0.681156202233765,0.313670740109393));
#2370=CARTESIAN_POINT('Ctrl Pts',(1.77048417146193,-0.689552713588802,0.319827348468686));
#2371=CARTESIAN_POINT('Ctrl Pts',(1.76323494830931,-0.707883933477239,0.327992011282849));
#2372=CARTESIAN_POINT('Ctrl Pts',(1.7592156458694,-0.717816995133392,0.33));
#2373=CARTESIAN_POINT('Ctrl Pts',(1.75152657767337,-0.736380047854253,0.33));
#2374=CARTESIAN_POINT('Ctrl Pts',(1.74734491842926,-0.746245859120165,0.327992011282849));
#2375=CARTESIAN_POINT('Ctrl Pts',(1.73950876338827,-0.764333963860251,0.319827348468686));
#2376=CARTESIAN_POINT('Ctrl Pts',(1.73585842869326,-0.772558089400155,0.313670740109393));
#2377=CARTESIAN_POINT('Ctrl Pts',(1.73003175392027,-0.7855193291074,0.299466344126492));
#2378=CARTESIAN_POINT('Ctrl Pts',(1.72746755349056,-0.791121066787393,0.290471320607964));
#2379=CARTESIAN_POINT('Ctrl Pts',(1.72404942242072,-0.798542597324049,0.270761325221838));
#2380=CARTESIAN_POINT('Ctrl Pts',(1.7231997392932,-0.800364078716593,0.260046252805838));
#2381=CARTESIAN_POINT('Ctrl Pts',(1.7231997392932,-0.800364078716593,0.25));
#2382=CARTESIAN_POINT('',(2.015580116686,-0.7482892443574,0.25));
#2383=CARTESIAN_POINT('',(1.50469006756621,-0.536671657130797,0.25));
#2384=CARTESIAN_POINT('Ctrl Pts',(1.95435076750729,-0.896109969559357,0.25));
#2385=CARTESIAN_POINT('Ctrl Pts',(1.95435076750729,-0.896109969559357,0.239954026569573));
#2386=CARTESIAN_POINT('Ctrl Pts',(1.95519094162657,-0.894284667542022,0.229239074458443));
#2387=CARTESIAN_POINT('Ctrl Pts',(1.95857485124016,-0.886849049669085,0.209529002169044));
#2388=CARTESIAN_POINT('Ctrl Pts',(1.96111483878699,-0.881237236703468,0.200533803518011));
#2389=CARTESIAN_POINT('Ctrl Pts',(1.966896148237,-0.868256886127143,0.186329111951828));
#2390=CARTESIAN_POINT('Ctrl Pts',(1.97052234572681,-0.860022573211489,0.180172461334064));
#2391=CARTESIAN_POINT('Ctrl Pts',(1.97832439665717,-0.841920259307693,0.172007879688856));
#2392=CARTESIAN_POINT('Ctrl Pts',(1.98249656755422,-0.832050648220906,0.17));
#2393=CARTESIAN_POINT('Ctrl Pts',(1.99018542224418,-0.813488110949286,0.17));
#2394=CARTESIAN_POINT('Ctrl Pts',(1.99421412083775,-0.803559071688575,0.172007879688856));
#2395=CARTESIAN_POINT('Ctrl Pts',(2.00149750663428,-0.785241919652009,0.180172461334064));
#2396=CARTESIAN_POINT('Ctrl Pts',(2.00475593630038,-0.776855272315973,0.186329111951827));
#2397=CARTESIAN_POINT('Ctrl Pts',(2.00984642709884,-0.763588775285035,0.200533803518011));
#2398=CARTESIAN_POINT('Ctrl Pts',(2.01201853568309,-0.757824581863805,0.209529002169044));
#2399=CARTESIAN_POINT('Ctrl Pts',(2.01488352606866,-0.75017402060885,0.229239074458443));
#2400=CARTESIAN_POINT('Ctrl Pts',(2.01558011668571,-0.748289244357556,0.239954026569573));
#2401=CARTESIAN_POINT('Ctrl Pts',(2.01558011668571,-0.748289244357556,0.260045973430427));
#2402=CARTESIAN_POINT('Ctrl Pts',(2.01488352606866,-0.75017402060885,0.270760925541557));
#2403=CARTESIAN_POINT('Ctrl Pts',(2.01201853568309,-0.757824581863805,0.290470997830956));
#2404=CARTESIAN_POINT('Ctrl Pts',(2.00984642709884,-0.763588775285035,0.299466196481989));
#2405=CARTESIAN_POINT('Ctrl Pts',(2.00475593630038,-0.776855272315973,0.313670888048173));
#2406=CARTESIAN_POINT('Ctrl Pts',(2.00149750663428,-0.785241919652009,0.319827538665936));
#2407=CARTESIAN_POINT('Ctrl Pts',(1.99421412083775,-0.803559071688575,0.327992120311144));
#2408=CARTESIAN_POINT('Ctrl Pts',(1.99018542224418,-0.813488110949286,0.33));
#2409=CARTESIAN_POINT('Ctrl Pts',(1.98249656755422,-0.832050648220906,0.33));
#2410=CARTESIAN_POINT('Ctrl Pts',(1.97832439665717,-0.841920259307693,0.327992120311144));
#2411=CARTESIAN_POINT('Ctrl Pts',(1.97052234572681,-0.860022573211489,0.319827538665936));
#2412=CARTESIAN_POINT('Ctrl Pts',(1.966896148237,-0.868256886127143,0.313670888048172));
#2413=CARTESIAN_POINT('Ctrl Pts',(1.96111483878699,-0.881237236703468,0.299466196481989));
#2414=CARTESIAN_POINT('Ctrl Pts',(1.95857485124016,-0.886849049669085,0.290470997830956));
#2415=CARTESIAN_POINT('Ctrl Pts',(1.95519094162657,-0.894284667542022,0.270760925541557));
#2416=CARTESIAN_POINT('Ctrl Pts',(1.95435076750729,-0.896109969559357,0.260045973430427));
#2417=CARTESIAN_POINT('Ctrl Pts',(1.95435076750729,-0.896109969559357,0.25));
#2418=CARTESIAN_POINT('Origin',(0.,-2.075,0.3436370437526));
#2419=CARTESIAN_POINT('',(-0.1017626622351,-2.147590361446,0.45));
#2420=CARTESIAN_POINT('',(0.125,-2.075,0.45));
#2421=CARTESIAN_POINT('Origin',(0.,-2.075,0.45));
#2422=CARTESIAN_POINT('',(0.125,-2.075,1.));
#2423=CARTESIAN_POINT('',(0.125,-2.075,0.3436370437526));
#2424=CARTESIAN_POINT('Origin',(0.,-2.075,1.));
#2425=CARTESIAN_POINT('',(0.1017626622351,-2.147590361446,0.45));
#2426=CARTESIAN_POINT('Origin',(0.,-2.075,0.45));
#2427=CARTESIAN_POINT('',(0.1017626622351,-2.147590361446,0.55));
#2428=CARTESIAN_POINT('',(0.1017626622351,-2.147590361446,0.55));
#2429=CARTESIAN_POINT('',(-0.1017626622351,-2.147590361446,0.55));
#2430=CARTESIAN_POINT('Origin',(0.,-2.075,0.55));
#2431=CARTESIAN_POINT('',(-0.1017626622351,-2.147590361446,0.55));
#2432=CARTESIAN_POINT('Origin',(0.,-2.075,0.4145033080376));
#2433=CARTESIAN_POINT('',(0.,-2.075,0.3748924226216));
#2434=CARTESIAN_POINT('',(0.06592358387558,-2.075,0.4145033080376));
#2435=CARTESIAN_POINT('',(-1.81956511711668E-16,-2.15,0.419956969048673));
#2436=CARTESIAN_POINT('Ctrl Pts',(-0.101762662234935,-2.14759036144579,
0.449999999999997));
#2437=CARTESIAN_POINT('Ctrl Pts',(-0.0872166457086239,-2.14827961829533,
0.443125154865088));
#2438=CARTESIAN_POINT('Ctrl Pts',(-0.0726518807944579,-2.14882357417763,
0.436710658977319));
#2439=CARTESIAN_POINT('Ctrl Pts',(-0.0461809677802018,-2.1495353392564,
0.427276821028531));
#2440=CARTESIAN_POINT('Ctrl Pts',(-0.0331658371898278,-2.14978484759155,
0.423442046204512));
#2441=CARTESIAN_POINT('Ctrl Pts',(-0.0132919917612379,-2.14996919978985,
0.420476911142671));
#2442=CARTESIAN_POINT('Ctrl Pts',(-0.00658102071801413,-2.15,0.419956969048673));
#2443=CARTESIAN_POINT('Ctrl Pts',(-2.46485032195217E-16,-2.15,0.419956969048673));
#2444=CARTESIAN_POINT('Ctrl Pts',(-2.46485032195217E-16,-2.15,0.419956969048673));
#2445=CARTESIAN_POINT('Ctrl Pts',(0.00650326536238827,-2.15,0.419956969048673));
#2446=CARTESIAN_POINT('Ctrl Pts',(0.0128796328301599,-2.14996997980612,
0.420461448449134));
#2447=CARTESIAN_POINT('Ctrl Pts',(0.0424850873601315,-2.14970908894507,
0.424670767298615));
#2448=CARTESIAN_POINT('Ctrl Pts',(0.0664069846659624,-2.14910344019703,
0.433939892960668));
#2449=CARTESIAN_POINT('Ctrl Pts',(0.0939062783931519,-2.14795187338513,
0.446325368683312));
#2450=CARTESIAN_POINT('Ctrl Pts',(0.0978444599534216,-2.14777602380603,
0.448148150468275));
#2451=CARTESIAN_POINT('Ctrl Pts',(0.101762662235063,-2.14759036144578,0.450000000000057));
#2452=CARTESIAN_POINT('Origin',(-1.467246570962,-1.467246570962,0.3436370437526));
#2453=CARTESIAN_POINT('',(-1.590532776327,-1.446618639251,0.45));
#2454=CARTESIAN_POINT('',(-1.37885822331368,-1.55563491861032,0.45));
#2455=CARTESIAN_POINT('Origin',(-1.467246570962,-1.467246570962,0.45));
#2456=CARTESIAN_POINT('',(-1.378858223314,-1.55563491861,1.));
#2457=CARTESIAN_POINT('',(-1.37885822331368,-1.55563491861032,0.3436370437526));
#2458=CARTESIAN_POINT('Origin',(-1.467246570962,-1.467246570962,1.));
#2459=CARTESIAN_POINT('',(-1.446618639251,-1.590532776327,0.45));
#2460=CARTESIAN_POINT('Origin',(-1.467246570962,-1.467246570962,0.45));
#2461=CARTESIAN_POINT('',(-1.446618639251,-1.590532776327,0.55));
#2462=CARTESIAN_POINT('',(-1.446618639251,-1.590532776327,0.55));
#2463=CARTESIAN_POINT('',(-1.590532776327,-1.446618639251,0.55));
#2464=CARTESIAN_POINT('Origin',(-1.467246570962,-1.467246570962,0.55));
#2465=CARTESIAN_POINT('',(-1.590532776327,-1.446618639251,0.55));
#2466=CARTESIAN_POINT('Origin',(-1.467246570962,-1.467246570962,0.4145033080376));
#2467=CARTESIAN_POINT('',(-1.467246570962,-1.467246570962,0.3748924226216));
#2468=CARTESIAN_POINT('',(-1.42063155776346,-1.51386158416054,0.4145033080376));
#2469=CARTESIAN_POINT('Ctrl Pts',(-1.4466186392512,-1.59053277632717,0.450000000000081));
#2470=CARTESIAN_POINT('Ctrl Pts',(-1.44952050976851,-1.58789347203774,0.448148150468327));
#2471=CARTESIAN_POINT('Ctrl Pts',(-1.45242956908513,-1.58523310158082,0.446325368683392));
#2472=CARTESIAN_POINT('Ctrl Pts',(-1.47268878685913,-1.56660244521018,0.43393989296076));
#2473=CARTESIAN_POINT('Ctrl Pts',(-1.49003238099972,-1.55011536774311,0.424670767298694));
#2474=CARTESIAN_POINT('Ctrl Pts',(-1.51552990889252,-1.52506329589253,0.419588671886601));
#2475=CARTESIAN_POINT('Ctrl Pts',(-1.52505249927037,-1.51554931898729,0.419496348757416));
#2476=CARTESIAN_POINT('Ctrl Pts',(-1.54357923220477,-1.49667565544338,0.423442046204591));
#2477=CARTESIAN_POINT('Ctrl Pts',(-1.55260589026751,-1.48729613930913,0.427276821028616));
#2478=CARTESIAN_POINT('Ctrl Pts',(-1.57082035845029,-1.46807508329873,0.436710658977409));
#2479=CARTESIAN_POINT('Ctrl Pts',(-1.58073456759445,-1.4573916043685,0.443125154865176));
#2480=CARTESIAN_POINT('Ctrl Pts',(-1.59053277632717,-1.4466186392512,0.450000000000081));
#2481=CARTESIAN_POINT('Origin',(-2.075,0.,0.3436370437526));
#2482=CARTESIAN_POINT('',(-2.147590361446,0.1017626622351,0.45));
#2483=CARTESIAN_POINT('',(-2.075,-0.125,0.45));
#2484=CARTESIAN_POINT('Origin',(-2.075,0.,0.45));
#2485=CARTESIAN_POINT('',(-2.075,-0.125,1.));
#2486=CARTESIAN_POINT('',(-2.075,-0.125,0.3436370437526));
#2487=CARTESIAN_POINT('Origin',(-2.075,0.,1.));
#2488=CARTESIAN_POINT('',(-2.147590361446,-0.1017626622351,0.45));
#2489=CARTESIAN_POINT('Origin',(-2.075,0.,0.45));
#2490=CARTESIAN_POINT('',(-2.147590361446,-0.1017626622351,0.55));
#2491=CARTESIAN_POINT('',(-2.147590361446,-0.1017626622351,0.55));
#2492=CARTESIAN_POINT('',(-2.147590361446,0.1017626622351,0.55));
#2493=CARTESIAN_POINT('Origin',(-2.075,0.,0.55));
#2494=CARTESIAN_POINT('',(-2.147590361446,0.1017626622351,0.55));
#2495=CARTESIAN_POINT('Origin',(-2.075,0.,0.4145033080376));
#2496=CARTESIAN_POINT('',(-2.075,0.,0.3748924226216));
#2497=CARTESIAN_POINT('',(-2.075,-0.06592358387558,0.4145033080376));
#2498=CARTESIAN_POINT('Ctrl Pts',(-2.14759036144578,-0.101762662235063,
0.450000000000057));
#2499=CARTESIAN_POINT('Ctrl Pts',(-2.14777602380603,-0.0978444599534216,
0.448148150468275));
#2500=CARTESIAN_POINT('Ctrl Pts',(-2.14795187338513,-0.0939062783931519,
0.446325368683312));
#2501=CARTESIAN_POINT('Ctrl Pts',(-2.14910344019703,-0.0664069846659624,
0.433939892960668));
#2502=CARTESIAN_POINT('Ctrl Pts',(-2.14970908894507,-0.0424850873601315,
0.424670767298615));
#2503=CARTESIAN_POINT('Ctrl Pts',(-2.15002407393324,-0.00674112259537035,
0.419588671886529));
#2504=CARTESIAN_POINT('Ctrl Pts',(-2.15003016457814,0.00671976322099346,
0.419496348757343));
#2505=CARTESIAN_POINT('Ctrl Pts',(-2.14978484759155,0.0331658371898278,
0.423442046204512));
#2506=CARTESIAN_POINT('Ctrl Pts',(-2.1495353392564,0.0461809677802018,0.427276821028531));
#2507=CARTESIAN_POINT('Ctrl Pts',(-2.14882357417762,0.0726518807945013,
0.436710658977335));
#2508=CARTESIAN_POINT('Ctrl Pts',(-2.14827961829533,0.087216645708709,0.443125154865125));
#2509=CARTESIAN_POINT('Ctrl Pts',(-2.14759036144578,0.101762662235063,0.450000000000057));
#2510=CARTESIAN_POINT('Origin',(-1.467246570962,1.467246570962,0.3436370437526));
#2511=CARTESIAN_POINT('',(-1.446618639251,1.590532776327,0.45));
#2512=CARTESIAN_POINT('',(-1.55563491861032,1.37885822331368,0.45));
#2513=CARTESIAN_POINT('Origin',(-1.467246570962,1.467246570962,0.45));
#2514=CARTESIAN_POINT('',(-1.55563491861,1.378858223314,1.));
#2515=CARTESIAN_POINT('',(-1.55563491861032,1.37885822331368,0.3436370437526));
#2516=CARTESIAN_POINT('Origin',(-1.467246570962,1.467246570962,1.));
#2517=CARTESIAN_POINT('',(-1.590532776327,1.446618639251,0.45));
#2518=CARTESIAN_POINT('Origin',(-1.467246570962,1.467246570962,0.45));
#2519=CARTESIAN_POINT('',(-1.590532776327,1.446618639251,0.55));
#2520=CARTESIAN_POINT('',(-1.590532776327,1.446618639251,0.55));
#2521=CARTESIAN_POINT('',(-1.446618639251,1.590532776327,0.55));
#2522=CARTESIAN_POINT('Origin',(-1.467246570962,1.467246570962,0.55));
#2523=CARTESIAN_POINT('',(-1.446618639251,1.590532776327,0.55));
#2524=CARTESIAN_POINT('Origin',(-1.467246570962,1.467246570962,0.4145033080376));
#2525=CARTESIAN_POINT('',(-1.467246570962,1.467246570962,0.3748924226216));
#2526=CARTESIAN_POINT('',(-1.51386158416054,1.42063155776346,0.4145033080376));
#2527=CARTESIAN_POINT('Ctrl Pts',(-1.59053277632717,1.4466186392512,0.450000000000081));
#2528=CARTESIAN_POINT('Ctrl Pts',(-1.58789347203774,1.44952050976851,0.448148150468327));
#2529=CARTESIAN_POINT('Ctrl Pts',(-1.58523310158082,1.45242956908513,0.446325368683392));
#2530=CARTESIAN_POINT('Ctrl Pts',(-1.56660244521018,1.47268878685913,0.43393989296076));
#2531=CARTESIAN_POINT('Ctrl Pts',(-1.55011536774311,1.49003238099972,0.424670767298694));
#2532=CARTESIAN_POINT('Ctrl Pts',(-1.52506329589253,1.51552990889252,0.419588671886601));
#2533=CARTESIAN_POINT('Ctrl Pts',(-1.51554931898729,1.52505249927037,0.419496348757416));
#2534=CARTESIAN_POINT('Ctrl Pts',(-1.49667565544338,1.54357923220477,0.423442046204591));
#2535=CARTESIAN_POINT('Ctrl Pts',(-1.48729613930913,1.55260589026751,0.427276821028616));
#2536=CARTESIAN_POINT('Ctrl Pts',(-1.46807508329873,1.57082035845029,0.436710658977409));
#2537=CARTESIAN_POINT('Ctrl Pts',(-1.4573916043685,1.58073456759445,0.443125154865176));
#2538=CARTESIAN_POINT('Ctrl Pts',(-1.4466186392512,1.59053277632717,0.450000000000081));
#2539=CARTESIAN_POINT('Origin',(0.,2.075,0.4145033080376));
#2540=CARTESIAN_POINT('',(0.,2.075,0.3748924226216));
#2541=CARTESIAN_POINT('',(-0.124999999999988,2.075,0.450000000000057));
#2542=CARTESIAN_POINT('',(-0.06592358387558,2.075,0.4145033080376));
#2543=CARTESIAN_POINT('',(0.1017626622351,2.147590361446,0.45));
#2544=CARTESIAN_POINT('Origin',(0.,2.075,0.45));
#2545=CARTESIAN_POINT('',(-0.1017626622351,2.147590361446,0.45));
#2546=CARTESIAN_POINT('Ctrl Pts',(0.101762662234935,2.14759036144579,0.449999999999997));
#2547=CARTESIAN_POINT('Ctrl Pts',(0.0872166457086239,2.14827961829533,0.443125154865088));
#2548=CARTESIAN_POINT('Ctrl Pts',(0.0726518807944579,2.14882357417763,0.436710658977319));
#2549=CARTESIAN_POINT('Ctrl Pts',(0.0461809677802018,2.1495353392564,0.427276821028531));
#2550=CARTESIAN_POINT('Ctrl Pts',(0.0331658371898278,2.14978484759155,0.423442046204512));
#2551=CARTESIAN_POINT('Ctrl Pts',(0.00671976322099346,2.15003016457814,
0.419496348757343));
#2552=CARTESIAN_POINT('Ctrl Pts',(-0.00674112259537035,2.15002407393324,
0.419588671886529));
#2553=CARTESIAN_POINT('Ctrl Pts',(-0.0424850873601315,2.14970908894507,
0.424670767298615));
#2554=CARTESIAN_POINT('Ctrl Pts',(-0.0664069846659624,2.14910344019703,
0.433939892960668));
#2555=CARTESIAN_POINT('Ctrl Pts',(-0.0939062783931519,2.14795187338513,
0.446325368683312));
#2556=CARTESIAN_POINT('Ctrl Pts',(-0.0978444599534216,2.14777602380603,
0.448148150468275));
#2557=CARTESIAN_POINT('Ctrl Pts',(-0.101762662235063,2.14759036144578,0.450000000000057));
#2558=CARTESIAN_POINT('Origin',(0.,2.075,0.45));
#2559=CARTESIAN_POINT('Origin',(0.,2.075,0.3436370437526));
#2560=CARTESIAN_POINT('',(-0.125,2.075,1.));
#2561=CARTESIAN_POINT('',(-0.125,2.075,0.3436370437526));
#2562=CARTESIAN_POINT('Origin',(0.,2.075,1.));
#2563=CARTESIAN_POINT('',(-0.1017626622351,2.147590361446,0.55));
#2564=CARTESIAN_POINT('',(-0.1017626622351,2.147590361446,0.55));
#2565=CARTESIAN_POINT('',(0.1017626622351,2.147590361446,0.55));
#2566=CARTESIAN_POINT('Origin',(0.,2.075,0.55));
#2567=CARTESIAN_POINT('',(0.1017626622351,2.147590361446,0.55));
#2568=CARTESIAN_POINT('Origin',(0.,0.,0.465));
#2569=CARTESIAN_POINT('',(1.890200301122,0.2743042501285,0.465));
#2570=CARTESIAN_POINT('Origin',(0.,0.,0.465));
#2571=CARTESIAN_POINT('',(1.880413294697,0.2721136547969,0.465));
#2572=CARTESIAN_POINT('Origin',(1.863492032766,0.3706716118306,0.465));
#2573=CARTESIAN_POINT('Origin',(0.,0.,0.465));
#2574=CARTESIAN_POINT('Origin',(0.,0.,0.465));
#2575=CARTESIAN_POINT('Origin',(1.863492032766,0.3706716118306,0.465));
#2576=CARTESIAN_POINT('Origin',(0.,0.,0.545));
#2577=CARTESIAN_POINT('',(1.890200301122,0.2743042501285,0.545));
#2578=CARTESIAN_POINT('',(1.890200301122,0.2743042501285,0.545));
#2579=CARTESIAN_POINT('Origin',(0.,0.,0.545));
#2580=CARTESIAN_POINT('Origin',(0.,0.,0.));
#2581=CARTESIAN_POINT('',(0.,1.85,0.93));
#2582=CARTESIAN_POINT('Origin',(0.,0.,0.93));
#2583=CARTESIAN_POINT('',(0.,1.85,1.));
#2584=CARTESIAN_POINT('',(-2.2655965784226E-16,1.85,0.));
#2585=CARTESIAN_POINT('Origin',(0.,0.,1.));
#2586=CARTESIAN_POINT('Origin',(0.,0.,0.));
#2587=CARTESIAN_POINT('',(-2.2655965784226E-16,1.85,0.7));
#2588=CARTESIAN_POINT('Origin',(0.,0.,0.7));
#2589=CARTESIAN_POINT('',(-2.2655965784226E-16,1.85,0.8));
#2590=CARTESIAN_POINT('',(-2.2655965784226E-16,1.85,0.));
#2591=CARTESIAN_POINT('Origin',(0.,0.,0.8));
#2592=CARTESIAN_POINT('Origin',(0.,0.,0.93));
#2593=CARTESIAN_POINT('',(1.855,2.27171981241834E-16,0.93));
#2594=CARTESIAN_POINT('Origin',(0.,0.,0.93));
#2595=CARTESIAN_POINT('Origin',(0.,0.,0.8));
#2596=CARTESIAN_POINT('',(1.855,2.27171981241834E-16,0.8));
#2597=CARTESIAN_POINT('Origin',(0.,0.,0.8));
#2598=CARTESIAN_POINT('',(1.855,2.27171981241834E-16,0.8));
#2599=CARTESIAN_POINT('Origin',(0.,0.,0.8));
#2600=CARTESIAN_POINT('Origin',(0.,0.,0.7));
#2601=CARTESIAN_POINT('',(-2.14313189850787E-16,-1.75,0.7));
#2602=CARTESIAN_POINT('Origin',(0.,0.,0.7));
#2603=CARTESIAN_POINT('Origin',(0.,0.,0.));
#2604=CARTESIAN_POINT('',(-2.14313189850787E-16,-1.75,0.625));
#2605=CARTESIAN_POINT('',(-2.14313189850787E-16,-1.75,0.));
#2606=CARTESIAN_POINT('Origin',(0.,0.,0.625));
#2607=CARTESIAN_POINT('Origin',(0.,0.,0.625));
#2608=CARTESIAN_POINT('',(1.880413294697,0.2721136547969,0.625));
#2609=CARTESIAN_POINT('Origin',(1.863492032766,0.3706716118306,0.625));
#2610=CARTESIAN_POINT('Origin',(0.,0.,0.625));
#2611=CARTESIAN_POINT('Origin',(1.863492032766,0.3706716118306,0.1));
#2612=CARTESIAN_POINT('',(1.880413294697,0.2721136547969,0.1));
#2613=CARTESIAN_POINT('Origin',(1.863492032766,0.3706716118306,0.1));
#2614=CARTESIAN_POINT('',(1.880413294697,0.2721136547969,0.465));
#2615=CARTESIAN_POINT('',(1.880413294697,0.2721136547969,0.545));
#2616=CARTESIAN_POINT('Origin',(1.863492032766,0.3706716118306,0.545));
#2617=CARTESIAN_POINT('',(1.880413294697,0.2721136547969,0.625));
#2618=CARTESIAN_POINT('Origin',(1.863492032766,0.3706716118306,0.545));
#2619=CARTESIAN_POINT('Origin',(0.,0.,0.545));
#2620=CARTESIAN_POINT('Origin',(0.,0.,0.545));
#2621=CARTESIAN_POINT('Origin',(0.,0.,0.545));
#2622=CARTESIAN_POINT('Origin',(0.,0.,0.1));
#2623=CARTESIAN_POINT('',(0.,2.12,0.1));
#2624=CARTESIAN_POINT('Origin',(0.,0.,0.1));
#2625=CARTESIAN_POINT('Origin',(0.,0.,0.1));
#2626=CARTESIAN_POINT('Origin',(0.,0.,0.1149999999952));
#2627=CARTESIAN_POINT('',(0.,2.15,0.13));
#2628=CARTESIAN_POINT('',(-2.63299061816681E-16,-2.15,0.13));
#2629=CARTESIAN_POINT('Origin',(0.,0.,0.13));
#2630=CARTESIAN_POINT('',(-2.61462091617348E-16,2.134999999995,0.1149999999952));
#2631=CARTESIAN_POINT('Origin',(0.,0.,0.13));
#2632=CARTESIAN_POINT('Origin',(-0.6105820197317,-1.474075392977,0.25));
#2633=CARTESIAN_POINT('',(-0.8003640787164,-1.723199739293,0.25));
#2634=CARTESIAN_POINT('',(-0.652543353514788,-1.78442908847161,0.25));
#2635=CARTESIAN_POINT('Ctrl Pts',(-0.800364078716593,-1.7231997392932,0.25));
#2636=CARTESIAN_POINT('Ctrl Pts',(-0.800364078716593,-1.7231997392932,0.239953747194162));
#2637=CARTESIAN_POINT('Ctrl Pts',(-0.798542597324049,-1.72404942242072,
0.229238674778162));
#2638=CARTESIAN_POINT('Ctrl Pts',(-0.791121066787393,-1.72746755349056,
0.209528679392036));
#2639=CARTESIAN_POINT('Ctrl Pts',(-0.7855193291074,-1.73003175392027,0.200533655873508));
#2640=CARTESIAN_POINT('Ctrl Pts',(-0.772558089400155,-1.73585842869326,
0.186329259890607));
#2641=CARTESIAN_POINT('Ctrl Pts',(-0.764333963860251,-1.73950876338827,
0.180172651531314));
#2642=CARTESIAN_POINT('Ctrl Pts',(-0.746245859120165,-1.74734491842926,
0.172007988717151));
#2643=CARTESIAN_POINT('Ctrl Pts',(-0.736380047854253,-1.75152657767337,
0.17));
#2644=CARTESIAN_POINT('Ctrl Pts',(-0.717816995133392,-1.7592156458694,0.17));
#2645=CARTESIAN_POINT('Ctrl Pts',(-0.707883933477239,-1.76323494830931,
0.172007988717151));
#2646=CARTESIAN_POINT('Ctrl Pts',(-0.689552713588802,-1.77048417146193,
0.180172651531314));
#2647=CARTESIAN_POINT('Ctrl Pts',(-0.681156202233765,-1.77371832998408,
0.186329259890607));
#2648=CARTESIAN_POINT('Ctrl Pts',(-0.667871140500436,-1.77876322922991,
0.200533655873507));
#2649=CARTESIAN_POINT('Ctrl Pts',(-0.662096950288319,-1.7809110924177,0.209528679392036));
#2650=CARTESIAN_POINT('Ctrl Pts',(-0.6544321520606,-1.78374192332848,0.229238674778161));
#2651=CARTESIAN_POINT('Ctrl Pts',(-0.652543353514793,-1.78442908847162,
0.239953747194162));
#2652=CARTESIAN_POINT('Ctrl Pts',(-0.652543353514793,-1.78442908847162,
0.25));
#2653=CARTESIAN_POINT('Ctrl Pts',(-0.652543353514793,-1.78442908847162,
0.25));
#2654=CARTESIAN_POINT('Ctrl Pts',(-0.652543353514793,-1.78442908847162,
0.260046252805838));
#2655=CARTESIAN_POINT('Ctrl Pts',(-0.6544321520606,-1.78374192332848,0.270761325221838));
#2656=CARTESIAN_POINT('Ctrl Pts',(-0.662096950288319,-1.7809110924177,0.290471320607964));
#2657=CARTESIAN_POINT('Ctrl Pts',(-0.667871140500436,-1.77876322922991,
0.299466344126492));
#2658=CARTESIAN_POINT('Ctrl Pts',(-0.681156202233765,-1.77371832998408,
0.313670740109393));
#2659=CARTESIAN_POINT('Ctrl Pts',(-0.689552713588802,-1.77048417146193,
0.319827348468686));
#2660=CARTESIAN_POINT('Ctrl Pts',(-0.707883933477239,-1.76323494830931,
0.327992011282849));
#2661=CARTESIAN_POINT('Ctrl Pts',(-0.717816995133392,-1.7592156458694,0.33));
#2662=CARTESIAN_POINT('Ctrl Pts',(-0.736380047854253,-1.75152657767337,
0.33));
#2663=CARTESIAN_POINT('Ctrl Pts',(-0.746245859120165,-1.74734491842926,
0.327992011282849));
#2664=CARTESIAN_POINT('Ctrl Pts',(-0.764333963860251,-1.73950876338827,
0.319827348468686));
#2665=CARTESIAN_POINT('Ctrl Pts',(-0.772558089400155,-1.73585842869326,
0.313670740109393));
#2666=CARTESIAN_POINT('Ctrl Pts',(-0.7855193291074,-1.73003175392027,0.299466344126492));
#2667=CARTESIAN_POINT('Ctrl Pts',(-0.791121066787393,-1.72746755349056,
0.290471320607964));
#2668=CARTESIAN_POINT('Ctrl Pts',(-0.798542597324049,-1.72404942242072,
0.270761325221838));
#2669=CARTESIAN_POINT('Ctrl Pts',(-0.800364078716593,-1.7231997392932,0.260046252805838));
#2670=CARTESIAN_POINT('Ctrl Pts',(-0.800364078716593,-1.7231997392932,0.25));
#2671=CARTESIAN_POINT('',(-0.7482892443574,-2.015580116686,0.25));
#2672=CARTESIAN_POINT('',(-0.536671657130797,-1.50469006756621,0.25));
#2673=CARTESIAN_POINT('Ctrl Pts',(-0.896109969559357,-1.95435076750729,
0.25));
#2674=CARTESIAN_POINT('Ctrl Pts',(-0.896109969559357,-1.95435076750729,
0.239954026569573));
#2675=CARTESIAN_POINT('Ctrl Pts',(-0.894284667542022,-1.95519094162657,
0.229239074458443));
#2676=CARTESIAN_POINT('Ctrl Pts',(-0.886849049669085,-1.95857485124016,
0.209529002169044));
#2677=CARTESIAN_POINT('Ctrl Pts',(-0.881237236703468,-1.96111483878699,
0.200533803518011));
#2678=CARTESIAN_POINT('Ctrl Pts',(-0.868256886127143,-1.966896148237,0.186329111951828));
#2679=CARTESIAN_POINT('Ctrl Pts',(-0.860022573211489,-1.97052234572681,
0.180172461334064));
#2680=CARTESIAN_POINT('Ctrl Pts',(-0.841920259307693,-1.97832439665717,
0.172007879688856));
#2681=CARTESIAN_POINT('Ctrl Pts',(-0.832050648220906,-1.98249656755422,
0.17));
#2682=CARTESIAN_POINT('Ctrl Pts',(-0.813488110949286,-1.99018542224418,
0.17));
#2683=CARTESIAN_POINT('Ctrl Pts',(-0.803559071688575,-1.99421412083775,
0.172007879688856));
#2684=CARTESIAN_POINT('Ctrl Pts',(-0.785241919652009,-2.00149750663428,
0.180172461334064));
#2685=CARTESIAN_POINT('Ctrl Pts',(-0.776855272315973,-2.00475593630038,
0.186329111951827));
#2686=CARTESIAN_POINT('Ctrl Pts',(-0.763588775285035,-2.00984642709884,
0.200533803518011));
#2687=CARTESIAN_POINT('Ctrl Pts',(-0.757824581863805,-2.01201853568309,
0.209529002169044));
#2688=CARTESIAN_POINT('Ctrl Pts',(-0.75017402060885,-2.01488352606866,0.229239074458443));
#2689=CARTESIAN_POINT('Ctrl Pts',(-0.748289244357556,-2.01558011668571,
0.239954026569573));
#2690=CARTESIAN_POINT('Ctrl Pts',(-0.748289244357556,-2.01558011668571,
0.260045973430427));
#2691=CARTESIAN_POINT('Ctrl Pts',(-0.75017402060885,-2.01488352606866,0.270760925541557));
#2692=CARTESIAN_POINT('Ctrl Pts',(-0.757824581863805,-2.01201853568309,
0.290470997830956));
#2693=CARTESIAN_POINT('Ctrl Pts',(-0.763588775285035,-2.00984642709884,
0.299466196481989));
#2694=CARTESIAN_POINT('Ctrl Pts',(-0.776855272315973,-2.00475593630038,
0.313670888048173));
#2695=CARTESIAN_POINT('Ctrl Pts',(-0.785241919652009,-2.00149750663428,
0.319827538665936));
#2696=CARTESIAN_POINT('Ctrl Pts',(-0.803559071688575,-1.99421412083775,
0.327992120311144));
#2697=CARTESIAN_POINT('Ctrl Pts',(-0.813488110949286,-1.99018542224418,
0.33));
#2698=CARTESIAN_POINT('Ctrl Pts',(-0.832050648220906,-1.98249656755422,
0.33));
#2699=CARTESIAN_POINT('Ctrl Pts',(-0.841920259307693,-1.97832439665717,
0.327992120311144));
#2700=CARTESIAN_POINT('Ctrl Pts',(-0.860022573211489,-1.97052234572681,
0.319827538665936));
#2701=CARTESIAN_POINT('Ctrl Pts',(-0.868256886127143,-1.966896148237,0.313670888048172));
#2702=CARTESIAN_POINT('Ctrl Pts',(-0.881237236703468,-1.96111483878699,
0.299466196481989));
#2703=CARTESIAN_POINT('Ctrl Pts',(-0.886849049669085,-1.95857485124016,
0.290470997830956));
#2704=CARTESIAN_POINT('Ctrl Pts',(-0.894284667542022,-1.95519094162657,
0.270760925541557));
#2705=CARTESIAN_POINT('Ctrl Pts',(-0.896109969559357,-1.95435076750729,
0.260045973430427));
#2706=CARTESIAN_POINT('Ctrl Pts',(-0.896109969559357,-1.95435076750729,
0.25));
#2707=CARTESIAN_POINT('Origin',(-1.474075392977,-0.6105820197317,0.25));
#2708=CARTESIAN_POINT('',(-1.784429088472,-0.6525433535146,0.25));
#2709=CARTESIAN_POINT('',(-1.7231997392932,-0.800364078716593,0.25));
#2710=CARTESIAN_POINT('Ctrl Pts',(-1.78442908847162,-0.652543353514793,
0.25));
#2711=CARTESIAN_POINT('Ctrl Pts',(-1.78442908847162,-0.652543353514793,
0.239953747194162));
#2712=CARTESIAN_POINT('Ctrl Pts',(-1.78374192332848,-0.6544321520606,0.229238674778161));
#2713=CARTESIAN_POINT('Ctrl Pts',(-1.7809110924177,-0.662096950288319,0.209528679392036));
#2714=CARTESIAN_POINT('Ctrl Pts',(-1.77876322922991,-0.667871140500436,
0.200533655873507));
#2715=CARTESIAN_POINT('Ctrl Pts',(-1.77371832998408,-0.681156202233766,
0.186329259890607));
#2716=CARTESIAN_POINT('Ctrl Pts',(-1.77048417146193,-0.689552713588802,
0.180172651531314));
#2717=CARTESIAN_POINT('Ctrl Pts',(-1.76323494830931,-0.707883933477239,
0.172007988717151));
#2718=CARTESIAN_POINT('Ctrl Pts',(-1.7592156458694,-0.717816995133392,0.17));
#2719=CARTESIAN_POINT('Ctrl Pts',(-1.75152657767337,-0.736380047854253,
0.17));
#2720=CARTESIAN_POINT('Ctrl Pts',(-1.74734491842926,-0.746245859120165,
0.172007988717151));
#2721=CARTESIAN_POINT('Ctrl Pts',(-1.73950876338827,-0.764333963860251,
0.180172651531314));
#2722=CARTESIAN_POINT('Ctrl Pts',(-1.73585842869326,-0.772558089400155,
0.186329259890607));
#2723=CARTESIAN_POINT('Ctrl Pts',(-1.73003175392027,-0.7855193291074,0.200533655873508));
#2724=CARTESIAN_POINT('Ctrl Pts',(-1.72746755349056,-0.791121066787393,
0.209528679392036));
#2725=CARTESIAN_POINT('Ctrl Pts',(-1.72404942242072,-0.798542597324049,
0.229238674778162));
#2726=CARTESIAN_POINT('Ctrl Pts',(-1.7231997392932,-0.800364078716593,0.239953747194162));
#2727=CARTESIAN_POINT('Ctrl Pts',(-1.7231997392932,-0.800364078716593,0.25));
#2728=CARTESIAN_POINT('Ctrl Pts',(-1.7231997392932,-0.800364078716593,0.25));
#2729=CARTESIAN_POINT('Ctrl Pts',(-1.7231997392932,-0.800364078716593,0.260046252805838));
#2730=CARTESIAN_POINT('Ctrl Pts',(-1.72404942242072,-0.798542597324049,
0.270761325221838));
#2731=CARTESIAN_POINT('Ctrl Pts',(-1.72746755349056,-0.791121066787393,
0.290471320607964));
#2732=CARTESIAN_POINT('Ctrl Pts',(-1.73003175392027,-0.7855193291074,0.299466344126492));
#2733=CARTESIAN_POINT('Ctrl Pts',(-1.73585842869326,-0.772558089400155,
0.313670740109393));
#2734=CARTESIAN_POINT('Ctrl Pts',(-1.73950876338827,-0.764333963860251,
0.319827348468686));
#2735=CARTESIAN_POINT('Ctrl Pts',(-1.74734491842926,-0.746245859120165,
0.327992011282849));
#2736=CARTESIAN_POINT('Ctrl Pts',(-1.75152657767337,-0.736380047854253,
0.33));
#2737=CARTESIAN_POINT('Ctrl Pts',(-1.7592156458694,-0.717816995133392,0.33));
#2738=CARTESIAN_POINT('Ctrl Pts',(-1.76323494830931,-0.707883933477239,
0.327992011282849));
#2739=CARTESIAN_POINT('Ctrl Pts',(-1.77048417146193,-0.689552713588802,
0.319827348468686));
#2740=CARTESIAN_POINT('Ctrl Pts',(-1.77371832998408,-0.681156202233765,
0.313670740109393));
#2741=CARTESIAN_POINT('Ctrl Pts',(-1.77876322922991,-0.667871140500436,
0.299466344126493));
#2742=CARTESIAN_POINT('Ctrl Pts',(-1.7809110924177,-0.662096950288319,0.290471320607964));
#2743=CARTESIAN_POINT('Ctrl Pts',(-1.78374192332848,-0.6544321520606,0.270761325221838));
#2744=CARTESIAN_POINT('Ctrl Pts',(-1.78442908847162,-0.652543353514793,
0.260046252805838));
#2745=CARTESIAN_POINT('Ctrl Pts',(-1.78442908847162,-0.652543353514793,
0.25));
#2746=CARTESIAN_POINT('',(-1.954350767507,-0.8961099695592,0.25));
#2747=CARTESIAN_POINT('',(-1.44346071838779,-0.684492382332603,0.25));
#2748=CARTESIAN_POINT('Ctrl Pts',(-2.01558011668571,-0.748289244357556,
0.25));
#2749=CARTESIAN_POINT('Ctrl Pts',(-2.01558011668571,-0.748289244357556,
0.239954026569573));
#2750=CARTESIAN_POINT('Ctrl Pts',(-2.01488352606866,-0.75017402060885,0.229239074458443));
#2751=CARTESIAN_POINT('Ctrl Pts',(-2.01201853568309,-0.757824581863805,
0.209529002169044));
#2752=CARTESIAN_POINT('Ctrl Pts',(-2.00984642709884,-0.763588775285035,
0.200533803518011));
#2753=CARTESIAN_POINT('Ctrl Pts',(-2.00475593630038,-0.776855272315973,
0.186329111951827));
#2754=CARTESIAN_POINT('Ctrl Pts',(-2.00149750663428,-0.785241919652009,
0.180172461334064));
#2755=CARTESIAN_POINT('Ctrl Pts',(-1.99421412083775,-0.803559071688575,
0.172007879688856));
#2756=CARTESIAN_POINT('Ctrl Pts',(-1.99018542224418,-0.813488110949286,
0.17));
#2757=CARTESIAN_POINT('Ctrl Pts',(-1.98249656755422,-0.832050648220906,
0.17));
#2758=CARTESIAN_POINT('Ctrl Pts',(-1.97832439665717,-0.841920259307693,
0.172007879688856));
#2759=CARTESIAN_POINT('Ctrl Pts',(-1.97052234572681,-0.860022573211489,
0.180172461334064));
#2760=CARTESIAN_POINT('Ctrl Pts',(-1.966896148237,-0.868256886127143,0.186329111951828));
#2761=CARTESIAN_POINT('Ctrl Pts',(-1.96111483878699,-0.881237236703468,
0.200533803518011));
#2762=CARTESIAN_POINT('Ctrl Pts',(-1.95857485124016,-0.886849049669085,
0.209529002169044));
#2763=CARTESIAN_POINT('Ctrl Pts',(-1.95519094162657,-0.894284667542022,
0.229239074458443));
#2764=CARTESIAN_POINT('Ctrl Pts',(-1.95435076750729,-0.896109969559357,
0.239954026569573));
#2765=CARTESIAN_POINT('Ctrl Pts',(-1.95435076750729,-0.896109969559357,
0.260045973430427));
#2766=CARTESIAN_POINT('Ctrl Pts',(-1.95519094162657,-0.894284667542022,
0.270760925541557));
#2767=CARTESIAN_POINT('Ctrl Pts',(-1.95857485124016,-0.886849049669085,
0.290470997830956));
#2768=CARTESIAN_POINT('Ctrl Pts',(-1.96111483878699,-0.881237236703468,
0.299466196481989));
#2769=CARTESIAN_POINT('Ctrl Pts',(-1.966896148237,-0.868256886127143,0.313670888048172));
#2770=CARTESIAN_POINT('Ctrl Pts',(-1.97052234572681,-0.860022573211489,
0.319827538665936));
#2771=CARTESIAN_POINT('Ctrl Pts',(-1.97832439665717,-0.841920259307693,
0.327992120311144));
#2772=CARTESIAN_POINT('Ctrl Pts',(-1.98249656755422,-0.832050648220906,
0.33));
#2773=CARTESIAN_POINT('Ctrl Pts',(-1.99018542224418,-0.813488110949286,
0.33));
#2774=CARTESIAN_POINT('Ctrl Pts',(-1.99421412083775,-0.803559071688575,
0.327992120311144));
#2775=CARTESIAN_POINT('Ctrl Pts',(-2.00149750663428,-0.785241919652009,
0.319827538665936));
#2776=CARTESIAN_POINT('Ctrl Pts',(-2.00475593630038,-0.776855272315973,
0.313670888048173));
#2777=CARTESIAN_POINT('Ctrl Pts',(-2.00984642709884,-0.763588775285035,
0.299466196481989));
#2778=CARTESIAN_POINT('Ctrl Pts',(-2.01201853568309,-0.757824581863805,
0.290470997830956));
#2779=CARTESIAN_POINT('Ctrl Pts',(-2.01488352606866,-0.75017402060885,0.270760925541557));
#2780=CARTESIAN_POINT('Ctrl Pts',(-2.01558011668571,-0.748289244357556,
0.260045973430427));
#2781=CARTESIAN_POINT('Ctrl Pts',(-2.01558011668571,-0.748289244357556,
0.25));
#2782=CARTESIAN_POINT('Origin',(-1.474075392977,0.6105820197317,0.25));
#2783=CARTESIAN_POINT('',(-2.015580116686,0.7482892443574,0.25));
#2784=CARTESIAN_POINT('',(-1.50469006756621,0.536671657130797,0.25));
#2785=CARTESIAN_POINT('Ctrl Pts',(-1.95435076750729,0.896109969559357,0.25));
#2786=CARTESIAN_POINT('Ctrl Pts',(-1.95435076750729,0.896109969559357,0.239954026569573));
#2787=CARTESIAN_POINT('Ctrl Pts',(-1.95519094162657,0.894284667542022,0.229239074458443));
#2788=CARTESIAN_POINT('Ctrl Pts',(-1.95857485124016,0.886849049669085,0.209529002169044));
#2789=CARTESIAN_POINT('Ctrl Pts',(-1.96111483878699,0.881237236703468,0.200533803518011));
#2790=CARTESIAN_POINT('Ctrl Pts',(-1.966896148237,0.868256886127143,0.186329111951828));
#2791=CARTESIAN_POINT('Ctrl Pts',(-1.97052234572681,0.860022573211489,0.180172461334064));
#2792=CARTESIAN_POINT('Ctrl Pts',(-1.97832439665717,0.841920259307693,0.172007879688856));
#2793=CARTESIAN_POINT('Ctrl Pts',(-1.98249656755422,0.832050648220906,0.17));
#2794=CARTESIAN_POINT('Ctrl Pts',(-1.99018542224418,0.813488110949286,0.17));
#2795=CARTESIAN_POINT('Ctrl Pts',(-1.99421412083775,0.803559071688575,0.172007879688856));
#2796=CARTESIAN_POINT('Ctrl Pts',(-2.00149750663428,0.785241919652009,0.180172461334064));
#2797=CARTESIAN_POINT('Ctrl Pts',(-2.00475593630038,0.776855272315973,0.186329111951827));
#2798=CARTESIAN_POINT('Ctrl Pts',(-2.00984642709884,0.763588775285035,0.200533803518011));
#2799=CARTESIAN_POINT('Ctrl Pts',(-2.01201853568309,0.757824581863805,0.209529002169044));
#2800=CARTESIAN_POINT('Ctrl Pts',(-2.01488352606866,0.75017402060885,0.229239074458443));
#2801=CARTESIAN_POINT('Ctrl Pts',(-2.01558011668571,0.748289244357556,0.239954026569573));
#2802=CARTESIAN_POINT('Ctrl Pts',(-2.01558011668571,0.748289244357556,0.260045973430427));
#2803=CARTESIAN_POINT('Ctrl Pts',(-2.01488352606866,0.75017402060885,0.270760925541557));
#2804=CARTESIAN_POINT('Ctrl Pts',(-2.01201853568309,0.757824581863805,0.290470997830956));
#2805=CARTESIAN_POINT('Ctrl Pts',(-2.00984642709884,0.763588775285035,0.299466196481989));
#2806=CARTESIAN_POINT('Ctrl Pts',(-2.00475593630038,0.776855272315973,0.313670888048173));
#2807=CARTESIAN_POINT('Ctrl Pts',(-2.00149750663428,0.785241919652009,0.319827538665936));
#2808=CARTESIAN_POINT('Ctrl Pts',(-1.99421412083775,0.803559071688575,0.327992120311144));
#2809=CARTESIAN_POINT('Ctrl Pts',(-1.99018542224418,0.813488110949286,0.33));
#2810=CARTESIAN_POINT('Ctrl Pts',(-1.98249656755422,0.832050648220906,0.33));
#2811=CARTESIAN_POINT('Ctrl Pts',(-1.97832439665717,0.841920259307693,0.327992120311144));
#2812=CARTESIAN_POINT('Ctrl Pts',(-1.97052234572681,0.860022573211489,0.319827538665936));
#2813=CARTESIAN_POINT('Ctrl Pts',(-1.966896148237,0.868256886127143,0.313670888048172));
#2814=CARTESIAN_POINT('Ctrl Pts',(-1.96111483878699,0.881237236703468,0.299466196481989));
#2815=CARTESIAN_POINT('Ctrl Pts',(-1.95857485124016,0.886849049669085,0.290470997830956));
#2816=CARTESIAN_POINT('Ctrl Pts',(-1.95519094162657,0.894284667542022,0.270760925541557));
#2817=CARTESIAN_POINT('Ctrl Pts',(-1.95435076750729,0.896109969559357,0.260045973430427));
#2818=CARTESIAN_POINT('Ctrl Pts',(-1.95435076750729,0.896109969559357,0.25));
#2819=CARTESIAN_POINT('Origin',(-0.6105820197317,1.474075392977,0.25));
#2820=CARTESIAN_POINT('',(-0.896109969559357,1.95435076750729,0.25));
#2821=CARTESIAN_POINT('',(-0.684492382332603,1.44346071838779,0.25));
#2822=CARTESIAN_POINT('',(-0.7482892443574,2.015580116686,0.25));
#2823=CARTESIAN_POINT('Ctrl Pts',(-0.896109969559357,1.95435076750729,0.25));
#2824=CARTESIAN_POINT('Ctrl Pts',(-0.896109969559357,1.95435076750729,0.260045973430427));
#2825=CARTESIAN_POINT('Ctrl Pts',(-0.894284667542022,1.95519094162657,0.270760925541557));
#2826=CARTESIAN_POINT('Ctrl Pts',(-0.886849049669085,1.95857485124016,0.290470997830956));
#2827=CARTESIAN_POINT('Ctrl Pts',(-0.881237236703468,1.96111483878699,0.299466196481989));
#2828=CARTESIAN_POINT('Ctrl Pts',(-0.868256886127143,1.966896148237,0.313670888048172));
#2829=CARTESIAN_POINT('Ctrl Pts',(-0.860022573211489,1.97052234572681,0.319827538665936));
#2830=CARTESIAN_POINT('Ctrl Pts',(-0.841920259307693,1.97832439665717,0.327992120311144));
#2831=CARTESIAN_POINT('Ctrl Pts',(-0.832050648220906,1.98249656755422,0.33));
#2832=CARTESIAN_POINT('Ctrl Pts',(-0.813488110949286,1.99018542224418,0.33));
#2833=CARTESIAN_POINT('Ctrl Pts',(-0.803559071688575,1.99421412083775,0.327992120311144));
#2834=CARTESIAN_POINT('Ctrl Pts',(-0.785241919652009,2.00149750663428,0.319827538665936));
#2835=CARTESIAN_POINT('Ctrl Pts',(-0.776855272315973,2.00475593630038,0.313670888048173));
#2836=CARTESIAN_POINT('Ctrl Pts',(-0.763588775285035,2.00984642709884,0.299466196481989));
#2837=CARTESIAN_POINT('Ctrl Pts',(-0.757824581863805,2.01201853568309,0.290470997830956));
#2838=CARTESIAN_POINT('Ctrl Pts',(-0.75017402060885,2.01488352606866,0.270760925541557));
#2839=CARTESIAN_POINT('Ctrl Pts',(-0.748289244357556,2.01558011668571,0.260045973430427));
#2840=CARTESIAN_POINT('Ctrl Pts',(-0.748289244357556,2.01558011668571,0.25));
#2841=CARTESIAN_POINT('Ctrl Pts',(-0.748289244357556,2.01558011668571,0.25));
#2842=CARTESIAN_POINT('Ctrl Pts',(-0.748289244357556,2.01558011668571,0.239954026569573));
#2843=CARTESIAN_POINT('Ctrl Pts',(-0.75017402060885,2.01488352606866,0.229239074458443));
#2844=CARTESIAN_POINT('Ctrl Pts',(-0.757824581863805,2.01201853568309,0.209529002169044));
#2845=CARTESIAN_POINT('Ctrl Pts',(-0.763588775285035,2.00984642709884,0.200533803518011));
#2846=CARTESIAN_POINT('Ctrl Pts',(-0.776855272315973,2.00475593630038,0.186329111951827));
#2847=CARTESIAN_POINT('Ctrl Pts',(-0.785241919652009,2.00149750663428,0.180172461334064));
#2848=CARTESIAN_POINT('Ctrl Pts',(-0.803559071688575,1.99421412083775,0.172007879688856));
#2849=CARTESIAN_POINT('Ctrl Pts',(-0.813488110949286,1.99018542224418,0.17));
#2850=CARTESIAN_POINT('Ctrl Pts',(-0.832050648220906,1.98249656755422,0.17));
#2851=CARTESIAN_POINT('Ctrl Pts',(-0.841920259307693,1.97832439665717,0.172007879688856));
#2852=CARTESIAN_POINT('Ctrl Pts',(-0.860022573211489,1.97052234572681,0.180172461334064));
#2853=CARTESIAN_POINT('Ctrl Pts',(-0.868256886127143,1.966896148237,0.186329111951828));
#2854=CARTESIAN_POINT('Ctrl Pts',(-0.881237236703468,1.96111483878699,0.200533803518011));
#2855=CARTESIAN_POINT('Ctrl Pts',(-0.886849049669085,1.95857485124016,0.209529002169044));
#2856=CARTESIAN_POINT('Ctrl Pts',(-0.894284667542022,1.95519094162657,0.229239074458443));
#2857=CARTESIAN_POINT('Ctrl Pts',(-0.896109969559357,1.95435076750729,0.239954026569573));
#2858=CARTESIAN_POINT('Ctrl Pts',(-0.896109969559357,1.95435076750729,0.25));
#2859=CARTESIAN_POINT('Origin',(0.,0.,0.));
#2860=CARTESIAN_POINT('',(-2.63299061816681E-16,-2.15,0.));
#2861=CARTESIAN_POINT('Origin',(0.,0.,0.55));
#2862=CARTESIAN_POINT('Origin',(0.,0.,0.55));
#2863=CARTESIAN_POINT('Origin',(0.,0.,0.55));
#2864=CARTESIAN_POINT('Origin',(0.,0.,0.55));
#2865=CARTESIAN_POINT('Origin',(0.,0.,0.55));
#2866=CARTESIAN_POINT('Origin',(0.,0.,0.55));
#2867=CARTESIAN_POINT('Origin',(0.,0.,0.55));
#2868=CARTESIAN_POINT('Origin',(0.,0.,0.55));
#2869=CARTESIAN_POINT('',(0.8961099695592,-1.954350767507,0.25));
#2870=CARTESIAN_POINT('Ctrl Pts',(0.748289244357556,-2.01558011668571,0.25));
#2871=CARTESIAN_POINT('Ctrl Pts',(0.748289244357556,-2.01558011668571,0.239954026569573));
#2872=CARTESIAN_POINT('Ctrl Pts',(0.75017402060885,-2.01488352606866,0.229239074458443));
#2873=CARTESIAN_POINT('Ctrl Pts',(0.757824581863805,-2.01201853568309,0.209529002169044));
#2874=CARTESIAN_POINT('Ctrl Pts',(0.763588775285035,-2.00984642709884,0.200533803518011));
#2875=CARTESIAN_POINT('Ctrl Pts',(0.776855272315973,-2.00475593630038,0.186329111951827));
#2876=CARTESIAN_POINT('Ctrl Pts',(0.785241919652009,-2.00149750663428,0.180172461334064));
#2877=CARTESIAN_POINT('Ctrl Pts',(0.803559071688575,-1.99421412083775,0.172007879688856));
#2878=CARTESIAN_POINT('Ctrl Pts',(0.813488110949286,-1.99018542224418,0.17));
#2879=CARTESIAN_POINT('Ctrl Pts',(0.832050648220906,-1.98249656755422,0.17));
#2880=CARTESIAN_POINT('Ctrl Pts',(0.841920259307693,-1.97832439665717,0.172007879688856));
#2881=CARTESIAN_POINT('Ctrl Pts',(0.860022573211489,-1.97052234572681,0.180172461334064));
#2882=CARTESIAN_POINT('Ctrl Pts',(0.868256886127143,-1.966896148237,0.186329111951828));
#2883=CARTESIAN_POINT('Ctrl Pts',(0.881237236703468,-1.96111483878699,0.200533803518011));
#2884=CARTESIAN_POINT('Ctrl Pts',(0.886849049669085,-1.95857485124016,0.209529002169044));
#2885=CARTESIAN_POINT('Ctrl Pts',(0.894284667542022,-1.95519094162657,0.229239074458443));
#2886=CARTESIAN_POINT('Ctrl Pts',(0.896109969559357,-1.95435076750729,0.239954026569573));
#2887=CARTESIAN_POINT('Ctrl Pts',(0.896109969559357,-1.95435076750729,0.260045973430427));
#2888=CARTESIAN_POINT('Ctrl Pts',(0.894284667542022,-1.95519094162657,0.270760925541557));
#2889=CARTESIAN_POINT('Ctrl Pts',(0.886849049669085,-1.95857485124016,0.290470997830956));
#2890=CARTESIAN_POINT('Ctrl Pts',(0.881237236703468,-1.96111483878699,0.299466196481989));
#2891=CARTESIAN_POINT('Ctrl Pts',(0.868256886127143,-1.966896148237,0.313670888048172));
#2892=CARTESIAN_POINT('Ctrl Pts',(0.860022573211489,-1.97052234572681,0.319827538665936));
#2893=CARTESIAN_POINT('Ctrl Pts',(0.841920259307693,-1.97832439665717,0.327992120311144));
#2894=CARTESIAN_POINT('Ctrl Pts',(0.832050648220906,-1.98249656755422,0.33));
#2895=CARTESIAN_POINT('Ctrl Pts',(0.813488110949286,-1.99018542224418,0.33));
#2896=CARTESIAN_POINT('Ctrl Pts',(0.803559071688575,-1.99421412083775,0.327992120311144));
#2897=CARTESIAN_POINT('Ctrl Pts',(0.785241919652009,-2.00149750663428,0.319827538665936));
#2898=CARTESIAN_POINT('Ctrl Pts',(0.776855272315973,-2.00475593630038,0.313670888048173));
#2899=CARTESIAN_POINT('Ctrl Pts',(0.763588775285035,-2.00984642709884,0.299466196481989));
#2900=CARTESIAN_POINT('Ctrl Pts',(0.757824581863805,-2.01201853568309,0.290470997830956));
#2901=CARTESIAN_POINT('Ctrl Pts',(0.75017402060885,-2.01488352606866,0.270760925541557));
#2902=CARTESIAN_POINT('Ctrl Pts',(0.748289244357556,-2.01558011668571,0.260045973430427));
#2903=CARTESIAN_POINT('Ctrl Pts',(0.748289244357556,-2.01558011668571,0.25));
#2904=CARTESIAN_POINT('Origin',(0.,0.,0.));
#2905=CARTESIAN_POINT('',(0.8003640787164,-1.723199739293,0.25));
#2906=CARTESIAN_POINT('Ctrl Pts',(0.652543353514793,-1.78442908847162,0.25));
#2907=CARTESIAN_POINT('Ctrl Pts',(0.652543353514793,-1.78442908847162,0.239953747194162));
#2908=CARTESIAN_POINT('Ctrl Pts',(0.6544321520606,-1.78374192332848,0.229238674778161));
#2909=CARTESIAN_POINT('Ctrl Pts',(0.662096950288319,-1.7809110924177,0.209528679392035));
#2910=CARTESIAN_POINT('Ctrl Pts',(0.667871140500436,-1.77876322922991,0.200533655873507));
#2911=CARTESIAN_POINT('Ctrl Pts',(0.681156202233765,-1.77371832998408,0.186329259890607));
#2912=CARTESIAN_POINT('Ctrl Pts',(0.689552713588802,-1.77048417146193,0.180172651531314));
#2913=CARTESIAN_POINT('Ctrl Pts',(0.707883933477239,-1.76323494830931,0.172007988717151));
#2914=CARTESIAN_POINT('Ctrl Pts',(0.717816995133392,-1.7592156458694,0.17));
#2915=CARTESIAN_POINT('Ctrl Pts',(0.736380047854253,-1.75152657767337,0.17));
#2916=CARTESIAN_POINT('Ctrl Pts',(0.746245859120165,-1.74734491842926,0.172007988717151));
#2917=CARTESIAN_POINT('Ctrl Pts',(0.764333963860251,-1.73950876338827,0.180172651531314));
#2918=CARTESIAN_POINT('Ctrl Pts',(0.772558089400155,-1.73585842869326,0.186329259890607));
#2919=CARTESIAN_POINT('Ctrl Pts',(0.7855193291074,-1.73003175392027,0.200533655873508));
#2920=CARTESIAN_POINT('Ctrl Pts',(0.791121066787393,-1.72746755349056,0.209528679392036));
#2921=CARTESIAN_POINT('Ctrl Pts',(0.798542597324049,-1.72404942242072,0.229238674778162));
#2922=CARTESIAN_POINT('Ctrl Pts',(0.800364078716593,-1.7231997392932,0.239953747194162));
#2923=CARTESIAN_POINT('Ctrl Pts',(0.800364078716593,-1.7231997392932,0.260046252805838));
#2924=CARTESIAN_POINT('Ctrl Pts',(0.798542597324049,-1.72404942242072,0.270761325221838));
#2925=CARTESIAN_POINT('Ctrl Pts',(0.791121066787393,-1.72746755349056,0.290471320607964));
#2926=CARTESIAN_POINT('Ctrl Pts',(0.7855193291074,-1.73003175392027,0.299466344126492));
#2927=CARTESIAN_POINT('Ctrl Pts',(0.772558089400155,-1.73585842869326,0.313670740109393));
#2928=CARTESIAN_POINT('Ctrl Pts',(0.764333963860251,-1.73950876338827,0.319827348468686));
#2929=CARTESIAN_POINT('Ctrl Pts',(0.746245859120165,-1.74734491842926,0.327992011282849));
#2930=CARTESIAN_POINT('Ctrl Pts',(0.736380047854253,-1.75152657767337,0.33));
#2931=CARTESIAN_POINT('Ctrl Pts',(0.717816995133392,-1.7592156458694,0.33));
#2932=CARTESIAN_POINT('Ctrl Pts',(0.707883933477239,-1.76323494830931,0.327992011282849));
#2933=CARTESIAN_POINT('Ctrl Pts',(0.689552713588802,-1.77048417146193,0.319827348468686));
#2934=CARTESIAN_POINT('Ctrl Pts',(0.681156202233765,-1.77371832998408,0.313670740109393));
#2935=CARTESIAN_POINT('Ctrl Pts',(0.667871140500436,-1.77876322922991,0.299466344126492));
#2936=CARTESIAN_POINT('Ctrl Pts',(0.662096950288319,-1.7809110924177,0.290471320607965));
#2937=CARTESIAN_POINT('Ctrl Pts',(0.6544321520606,-1.78374192332848,0.270761325221839));
#2938=CARTESIAN_POINT('Ctrl Pts',(0.652543353514793,-1.78442908847162,0.260046252805838));
#2939=CARTESIAN_POINT('Ctrl Pts',(0.652543353514793,-1.78442908847162,0.25));
#2940=CARTESIAN_POINT('Origin',(0.,0.,0.));
#2941=CARTESIAN_POINT('Origin',(0.6105820197317,-1.474075392977,0.25));
#2942=CARTESIAN_POINT('',(0.684492382332603,-1.44346071838779,0.25));
#2943=CARTESIAN_POINT('Origin',(0.,0.,0.55));
#2944=CARTESIAN_POINT('',(-2.81668763803891E-16,2.3,0.55));
#2945=CARTESIAN_POINT('Origin',(0.,0.,0.55));
#2946=CARTESIAN_POINT('Origin',(0.,0.,0.));
#2947=CARTESIAN_POINT('',(-2.81668763803891E-16,2.3,1.));
#2948=CARTESIAN_POINT('Origin',(0.,0.,1.));
#2949=CARTESIAN_POINT('',(-2.81668763803891E-16,2.3,0.));
#2950=CARTESIAN_POINT('Origin',(0.,0.,1.));
#2951=UNCERTAINTY_MEASURE_WITH_UNIT(LENGTH_MEASURE(0.001),#2955,
'DISTANCE_ACCURACY_VALUE',
'Maximum model space distance between geometric entities at asserted c
onnectivities');
#2952=UNCERTAINTY_MEASURE_WITH_UNIT(LENGTH_MEASURE(0.001),#2955,
'DISTANCE_ACCURACY_VALUE',
'Maximum model space distance between geometric entities at asserted c
onnectivities');
#2953=(
GEOMETRIC_REPRESENTATION_CONTEXT(3)
GLOBAL_UNCERTAINTY_ASSIGNED_CONTEXT((#2951))
GLOBAL_UNIT_ASSIGNED_CONTEXT((#2955,#2957,#2958))
REPRESENTATION_CONTEXT('','3D')
);
#2954=(
GEOMETRIC_REPRESENTATION_CONTEXT(3)
GLOBAL_UNCERTAINTY_ASSIGNED_CONTEXT((#2952))
GLOBAL_UNIT_ASSIGNED_CONTEXT((#2955,#2957,#2958))
REPRESENTATION_CONTEXT('','3D')
);
#2955=(
LENGTH_UNIT()
NAMED_UNIT(*)
SI_UNIT(.CENTI.,.METRE.)
);
#2956=(
LENGTH_UNIT()
NAMED_UNIT(*)
SI_UNIT($,.METRE.)
);
#2957=(
NAMED_UNIT(*)
PLANE_ANGLE_UNIT()
SI_UNIT($,.RADIAN.)
);
#2958=(
NAMED_UNIT(*)
SI_UNIT($,.STERADIAN.)
SOLID_ANGLE_UNIT()
);
#2959=SHAPE_DEFINITION_REPRESENTATION(#2960,#2961);
#2960=PRODUCT_DEFINITION_SHAPE('',$,#2963);
#2961=SHAPE_REPRESENTATION('',(#1371),#2953);
#2962=PRODUCT_DEFINITION_CONTEXT('part definition',#2967,'design');
#2963=PRODUCT_DEFINITION('2026-09-19-16-52-33-003',
'1_1_02_EB461-502^FL46BLW10-48V-5N.m-DE(2)_FL46BLW10-48V-5N.m-DE (2)',#2964,
#2962);
#2964=PRODUCT_DEFINITION_FORMATION('',$,#2969);
#2965=PRODUCT_RELATED_PRODUCT_CATEGORY(
'1_1_02_EB461-502^FL46BLW10-48V-5N.m-DE(2)_FL46BLW10-48V-5N.m-DE (2)',
'1_1_02_EB461-502^FL46BLW10-48V-5N.m-DE(2)_FL46BLW10-48V-5N.m-DE (2)',(#2969));
#2966=APPLICATION_PROTOCOL_DEFINITION('international standard',
'automotive_design',2009,#2967);
#2967=APPLICATION_CONTEXT(
'Core Data for Automotive Mechanical Design Process');
#2968=PRODUCT_CONTEXT('part definition',#2967,'mechanical');
#2969=PRODUCT('2026-09-19-16-52-33-003',
'1_1_02_EB461-502^FL46BLW10-48V-5N.m-DE(2)_FL46BLW10-48V-5N.m-DE (2)',$,
(#2968));
#2970=PRESENTATION_STYLE_ASSIGNMENT((#2972));
#2971=PRESENTATION_STYLE_ASSIGNMENT((#2973));
#2972=SURFACE_STYLE_USAGE(.BOTH.,#2974);
#2973=SURFACE_STYLE_USAGE(.BOTH.,#2975);
#2974=SURFACE_SIDE_STYLE('',(#2976));
#2975=SURFACE_SIDE_STYLE('',(#2977));
#2976=SURFACE_STYLE_FILL_AREA(#2978);
#2977=SURFACE_STYLE_FILL_AREA(#2979);
#2978=FILL_AREA_STYLE('Aluminum - Satin',(#2980));
#2979=FILL_AREA_STYLE('Opaque(255,255,255)',(#2981));
#2980=FILL_AREA_STYLE_COLOUR('Aluminum - Satin',#2982);
#2981=FILL_AREA_STYLE_COLOUR('Opaque(255,255,255)',#2983);
#2982=COLOUR_RGB('Aluminum - Satin',0.96078431372549,0.96078431372549,0.964705882352941);
#2983=COLOUR_RGB('Opaque(255,255,255)',1.,1.,1.);
ENDSEC;
END-ISO-10303-21;
