ISO-10303-21;
HEADER;
/* Generated by software containing ST-Developer
 * from STEP Tools, Inc. (www.steptools.com) 
 */

FILE_DESCRIPTION(
/* description */ ('NOT SPECIFIED'),
/* implementation_level */ '2;1');

FILE_NAME(
/* name */ '1_1_31_QT-942_1~2.step',
/* time_stamp */ '2026-09-19T17:00:39-04:00',
/* author */ (''),
/* organization */ (''),
/* preprocessor_version */ 'ST-DEVELOPER v20.2',
/* originating_system */ 'Autodesk Translation Framework v15.15.0.0',
/* authorisation */ '');

FILE_SCHEMA (('AUTOMOTIVE_DESIGN { 1 0 10303 214 3 1 1 }'));
ENDSEC;

DATA;
#10=MECHANICAL_DESIGN_GEOMETRIC_PRESENTATION_REPRESENTATION('',(#13),#6470);
#11=SHAPE_REPRESENTATION_RELATIONSHIP('SRR','None',#6477,#12);
#12=ADVANCED_BREP_SHAPE_REPRESENTATION('',(#14),#6469);
#13=STYLED_ITEM('',(#6487),#14);
#14=MANIFOLD_SOLID_BREP('Body1',#3585);
#15=CONICAL_SURFACE('',#3806,44.55,0.785398163397448);
#16=CONICAL_SURFACE('',#3894,0.9499999999999,0.785398163397448);
#17=CONICAL_SURFACE('',#3899,0.4724048867295,1.02974425867665);
#18=CONICAL_SURFACE('',#3911,0.9499999999999,0.785398163397448);
#19=CONICAL_SURFACE('',#3917,0.4724048867295,1.02974425867665);
#20=CONICAL_SURFACE('',#3920,0.95,0.785398163397448);
#21=CONICAL_SURFACE('',#3925,0.4724048867295,1.02974425867665);
#22=CONICAL_SURFACE('',#4001,5.75,0.785398163397448);
#23=CONICAL_SURFACE('',#4026,14.25,0.785398163397448);
#24=CONICAL_SURFACE('',#4051,1.5,0.785398163397448);
#25=CONICAL_SURFACE('',#4056,0.6974048867295,1.02974425867665);
#26=CONICAL_SURFACE('',#4061,1.5,0.785398163397448);
#27=CONICAL_SURFACE('',#4067,0.6974048867295,1.02974425867665);
#28=CONICAL_SURFACE('',#4072,1.5,0.785398163397448);
#29=CONICAL_SURFACE('',#4077,0.6974048867295,1.02974425867665);
#30=CONICAL_SURFACE('',#4080,0.95,0.785398163397448);
#31=CONICAL_SURFACE('',#4086,0.4724048867295,1.02974425867665);
#32=B_SPLINE_SURFACE_WITH_KNOTS('',3,3,((#5808,#5809,#5810,#5811),(#5812,
#5813,#5814,#5815),(#5816,#5817,#5818,#5819),(#5820,#5821,#5822,#5823),
(#5824,#5825,#5826,#5827),(#5828,#5829,#5830,#5831),(#5832,#5833,#5834,
#5835)),.UNSPECIFIED.,.F.,.F.,.F.,(4,1,1,1,4),(4,4),(-0.215098246435,0.,
0.5,1.,1.215098232225),(0.,0.9999826267467),.UNSPECIFIED.);
#33=B_SPLINE_SURFACE_WITH_KNOTS('',3,3,((#5845,#5846,#5847,#5848),(#5849,
#5850,#5851,#5852),(#5853,#5854,#5855,#5856),(#5857,#5858,#5859,#5860),
(#5861,#5862,#5863,#5864),(#5865,#5866,#5867,#5868),(#5869,#5870,#5871,
#5872)),.UNSPECIFIED.,.F.,.F.,.F.,(4,1,1,1,4),(4,4),(-0.2150981171529,0.,
0.5,1.,1.215098027717),(0.,0.9999831117187),.UNSPECIFIED.);
#34=B_SPLINE_CURVE_WITH_KNOTS('',3,(#5380,#5381,#5382,#5383,#5384,#5385,
#5386,#5387,#5388,#5389),.UNSPECIFIED.,.F.,.F.,(4,2,2,2,4),(-0.226022353584536,
-0.207187298294728,-0.18835224300492,-0.169517885236149,-0.150683527467378),
 .UNSPECIFIED.);
#35=B_SPLINE_CURVE_WITH_KNOTS('',3,(#5392,#5393,#5394,#5395,#5396,#5397,
#5398,#5399,#5400,#5401),.UNSPECIFIED.,.F.,.F.,(4,2,2,2,4),(1.00007613953838E-6,
0.0198454210830382,0.039387219213441,0.058928121506749,0.0787749833217968),
 .UNSPECIFIED.);
#36=B_SPLINE_CURVE_WITH_KNOTS('',3,(#5409,#5410,#5411,#5412,#5413,#5414,
#5415,#5416,#5417,#5418),.UNSPECIFIED.,.F.,.F.,(4,2,2,2,4),(0.150683527467379,
0.169517885235803,0.188352243004227,0.207187298293689,0.226022353583151),
 .UNSPECIFIED.);
#37=B_SPLINE_CURVE_WITH_KNOTS('',3,(#5873,#5874,#5875,#5876,#5877,#5878,
#5879,#5880,#5881,#5882),.UNSPECIFIED.,.F.,.F.,(4,2,2,2,4),(1.00000033956235E-6,
0.0198470107919021,0.0393870759975267,0.0589280370039138,0.0787726070782243),
 .UNSPECIFIED.);
#38=CYLINDRICAL_SURFACE('',#3630,0.5);
#39=CYLINDRICAL_SURFACE('',#3631,37.);
#40=CYLINDRICAL_SURFACE('',#3634,37.);
#41=CYLINDRICAL_SURFACE('',#3644,0.5);
#42=CYLINDRICAL_SURFACE('',#3646,37.);
#43=CYLINDRICAL_SURFACE('',#3653,38.);
#44=CYLINDRICAL_SURFACE('',#3709,2.);
#45=CYLINDRICAL_SURFACE('',#3711,2.);
#46=CYLINDRICAL_SURFACE('',#3713,46.5);
#47=CYLINDRICAL_SURFACE('',#3715,3.);
#48=CYLINDRICAL_SURFACE('',#3717,4.);
#49=CYLINDRICAL_SURFACE('',#3719,3.);
#50=CYLINDRICAL_SURFACE('',#3721,46.5);
#51=CYLINDRICAL_SURFACE('',#3723,3.);
#52=CYLINDRICAL_SURFACE('',#3725,4.);
#53=CYLINDRICAL_SURFACE('',#3727,3.);
#54=CYLINDRICAL_SURFACE('',#3729,46.5);
#55=CYLINDRICAL_SURFACE('',#3731,3.);
#56=CYLINDRICAL_SURFACE('',#3733,4.);
#57=CYLINDRICAL_SURFACE('',#3735,3.);
#58=CYLINDRICAL_SURFACE('',#3737,46.5);
#59=CYLINDRICAL_SURFACE('',#3739,3.);
#60=CYLINDRICAL_SURFACE('',#3741,4.);
#61=CYLINDRICAL_SURFACE('',#3743,3.);
#62=CYLINDRICAL_SURFACE('',#3745,46.5);
#63=CYLINDRICAL_SURFACE('',#3747,3.);
#64=CYLINDRICAL_SURFACE('',#3749,4.);
#65=CYLINDRICAL_SURFACE('',#3751,3.);
#66=CYLINDRICAL_SURFACE('',#3753,46.5);
#67=CYLINDRICAL_SURFACE('',#3755,3.);
#68=CYLINDRICAL_SURFACE('',#3757,4.);
#69=CYLINDRICAL_SURFACE('',#3759,3.);
#70=CYLINDRICAL_SURFACE('',#3761,46.5);
#71=CYLINDRICAL_SURFACE('',#3763,3.);
#72=CYLINDRICAL_SURFACE('',#3765,4.);
#73=CYLINDRICAL_SURFACE('',#3767,3.);
#74=CYLINDRICAL_SURFACE('',#3769,46.5);
#75=CYLINDRICAL_SURFACE('',#3771,3.);
#76=CYLINDRICAL_SURFACE('',#3773,4.);
#77=CYLINDRICAL_SURFACE('',#3775,3.);
#78=CYLINDRICAL_SURFACE('',#3777,46.5);
#79=CYLINDRICAL_SURFACE('',#3779,2.);
#80=CYLINDRICAL_SURFACE('',#3781,2.);
#81=CYLINDRICAL_SURFACE('',#3783,50.25);
#82=CYLINDRICAL_SURFACE('',#3796,2.1);
#83=CYLINDRICAL_SURFACE('',#3797,2.1);
#84=CYLINDRICAL_SURFACE('',#3798,2.1);
#85=CYLINDRICAL_SURFACE('',#3799,2.1);
#86=CYLINDRICAL_SURFACE('',#3800,2.1);
#87=CYLINDRICAL_SURFACE('',#3801,2.1);
#88=CYLINDRICAL_SURFACE('',#3802,2.1);
#89=CYLINDRICAL_SURFACE('',#3803,2.1);
#90=CYLINDRICAL_SURFACE('',#3804,44.8);
#91=CYLINDRICAL_SURFACE('',#3808,44.8);
#92=CYLINDRICAL_SURFACE('',#3810,0.5);
#93=CYLINDRICAL_SURFACE('',#3811,38.);
#94=CYLINDRICAL_SURFACE('',#3818,0.5);
#95=CYLINDRICAL_SURFACE('',#3820,2.4);
#96=CYLINDRICAL_SURFACE('',#3828,37.);
#97=CYLINDRICAL_SURFACE('',#3832,0.5);
#98=CYLINDRICAL_SURFACE('',#3835,2.4);
#99=CYLINDRICAL_SURFACE('',#3840,0.5);
#100=CYLINDRICAL_SURFACE('',#3843,37.);
#101=CYLINDRICAL_SURFACE('',#3846,0.5);
#102=CYLINDRICAL_SURFACE('',#3849,2.4);
#103=CYLINDRICAL_SURFACE('',#3854,0.5);
#104=CYLINDRICAL_SURFACE('',#3857,37.);
#105=CYLINDRICAL_SURFACE('',#3862,0.5);
#106=CYLINDRICAL_SURFACE('',#3865,2.4);
#107=CYLINDRICAL_SURFACE('',#3873,38.);
#108=CYLINDRICAL_SURFACE('',#3878,6.);
#109=CYLINDRICAL_SURFACE('',#3881,6.);
#110=CYLINDRICAL_SURFACE('',#3885,38.);
#111=CYLINDRICAL_SURFACE('',#3897,0.8);
#112=CYLINDRICAL_SURFACE('',#3903,6.);
#113=CYLINDRICAL_SURFACE('',#3906,6.);
#114=CYLINDRICAL_SURFACE('',#3914,0.8);
#115=CYLINDRICAL_SURFACE('',#3923,0.8);
#116=CYLINDRICAL_SURFACE('',#3926,0.5);
#117=CYLINDRICAL_SURFACE('',#3961,0.5);
#118=CYLINDRICAL_SURFACE('',#3963,32.5);
#119=CYLINDRICAL_SURFACE('',#3964,5.);
#120=CYLINDRICAL_SURFACE('',#3966,5.);
#121=CYLINDRICAL_SURFACE('',#3967,16.);
#122=CYLINDRICAL_SURFACE('',#3972,5.);
#123=CYLINDRICAL_SURFACE('',#3974,5.);
#124=CYLINDRICAL_SURFACE('',#3975,32.5);
#125=CYLINDRICAL_SURFACE('',#3976,5.);
#126=CYLINDRICAL_SURFACE('',#3978,5.);
#127=CYLINDRICAL_SURFACE('',#3979,2.);
#128=CYLINDRICAL_SURFACE('',#3985,7.);
#129=CYLINDRICAL_SURFACE('',#3986,2.);
#130=CYLINDRICAL_SURFACE('',#3987,4.6);
#131=CYLINDRICAL_SURFACE('',#3991,5.5);
#132=CYLINDRICAL_SURFACE('',#3995,5.53);
#133=CYLINDRICAL_SURFACE('',#3999,5.5);
#134=CYLINDRICAL_SURFACE('',#4008,7.);
#135=CYLINDRICAL_SURFACE('',#4009,2.);
#136=CYLINDRICAL_SURFACE('',#4010,2.);
#137=CYLINDRICAL_SURFACE('',#4011,12.);
#138=CYLINDRICAL_SURFACE('',#4015,14.);
#139=CYLINDRICAL_SURFACE('',#4019,14.1);
#140=CYLINDRICAL_SURFACE('',#4023,14.);
#141=CYLINDRICAL_SURFACE('',#4029,5.);
#142=CYLINDRICAL_SURFACE('',#4031,5.);
#143=CYLINDRICAL_SURFACE('',#4032,32.5);
#144=CYLINDRICAL_SURFACE('',#4033,5.);
#145=CYLINDRICAL_SURFACE('',#4035,5.);
#146=CYLINDRICAL_SURFACE('',#4036,5.);
#147=CYLINDRICAL_SURFACE('',#4038,5.);
#148=CYLINDRICAL_SURFACE('',#4039,32.5);
#149=CYLINDRICAL_SURFACE('',#4040,5.);
#150=CYLINDRICAL_SURFACE('',#4042,5.);
#151=CYLINDRICAL_SURFACE('',#4043,5.);
#152=CYLINDRICAL_SURFACE('',#4045,5.);
#153=CYLINDRICAL_SURFACE('',#4046,0.5);
#154=CYLINDRICAL_SURFACE('',#4047,3.);
#155=CYLINDRICAL_SURFACE('',#4054,1.25);
#156=CYLINDRICAL_SURFACE('',#4057,3.);
#157=CYLINDRICAL_SURFACE('',#4064,1.25);
#158=CYLINDRICAL_SURFACE('',#4068,3.);
#159=CYLINDRICAL_SURFACE('',#4075,1.25);
#160=CYLINDRICAL_SURFACE('',#4083,0.8);
#161=FACE_BOUND('',#396,.T.);
#162=FACE_BOUND('',#408,.T.);
#163=FACE_BOUND('',#409,.T.);
#164=FACE_BOUND('',#410,.T.);
#165=FACE_BOUND('',#411,.T.);
#166=FACE_BOUND('',#412,.T.);
#167=FACE_BOUND('',#413,.T.);
#168=FACE_BOUND('',#414,.T.);
#169=FACE_BOUND('',#415,.T.);
#170=FACE_BOUND('',#416,.T.);
#171=FACE_BOUND('',#456,.T.);
#172=FACE_BOUND('',#457,.T.);
#173=FACE_BOUND('',#458,.T.);
#174=FACE_BOUND('',#459,.T.);
#175=FACE_BOUND('',#460,.T.);
#176=FACE_BOUND('',#461,.T.);
#177=FACE_BOUND('',#462,.T.);
#178=FACE_BOUND('',#463,.T.);
#179=FACE_BOUND('',#464,.T.);
#180=FACE_BOUND('',#510,.T.);
#181=FACE_BOUND('',#522,.T.);
#182=FACE_BOUND('',#527,.T.);
#183=FACE_BOUND('',#533,.T.);
#184=FACE_BOUND('',#534,.T.);
#185=FACE_BOUND('',#535,.T.);
#186=FACE_BOUND('',#543,.T.);
#187=FACE_BOUND('',#544,.T.);
#188=FACE_BOUND('',#545,.T.);
#189=FACE_BOUND('',#555,.T.);
#190=FACE_BOUND('',#560,.T.);
#191=FACE_BOUND('',#563,.T.);
#192=FACE_BOUND('',#566,.T.);
#193=FACE_BOUND('',#570,.T.);
#194=FACE_BOUND('',#571,.T.);
#195=FACE_BOUND('',#577,.T.);
#196=FACE_BOUND('',#580,.T.);
#197=FACE_BOUND('',#583,.T.);
#198=FACE_BOUND('',#587,.T.);
#199=FACE_BOUND('',#608,.T.);
#200=FACE_BOUND('',#614,.T.);
#201=FACE_BOUND('',#620,.T.);
#202=FACE_BOUND('',#625,.T.);
#203=FACE_OUTER_BOUND('',#395,.T.);
#204=FACE_OUTER_BOUND('',#397,.T.);
#205=FACE_OUTER_BOUND('',#398,.T.);
#206=FACE_OUTER_BOUND('',#399,.T.);
#207=FACE_OUTER_BOUND('',#400,.T.);
#208=FACE_OUTER_BOUND('',#401,.T.);
#209=FACE_OUTER_BOUND('',#402,.T.);
#210=FACE_OUTER_BOUND('',#403,.T.);
#211=FACE_OUTER_BOUND('',#404,.T.);
#212=FACE_OUTER_BOUND('',#405,.T.);
#213=FACE_OUTER_BOUND('',#406,.T.);
#214=FACE_OUTER_BOUND('',#407,.T.);
#215=FACE_OUTER_BOUND('',#417,.T.);
#216=FACE_OUTER_BOUND('',#418,.T.);
#217=FACE_OUTER_BOUND('',#419,.T.);
#218=FACE_OUTER_BOUND('',#420,.T.);
#219=FACE_OUTER_BOUND('',#421,.T.);
#220=FACE_OUTER_BOUND('',#422,.T.);
#221=FACE_OUTER_BOUND('',#423,.T.);
#222=FACE_OUTER_BOUND('',#424,.T.);
#223=FACE_OUTER_BOUND('',#425,.T.);
#224=FACE_OUTER_BOUND('',#426,.T.);
#225=FACE_OUTER_BOUND('',#427,.T.);
#226=FACE_OUTER_BOUND('',#428,.T.);
#227=FACE_OUTER_BOUND('',#429,.T.);
#228=FACE_OUTER_BOUND('',#430,.T.);
#229=FACE_OUTER_BOUND('',#431,.T.);
#230=FACE_OUTER_BOUND('',#432,.T.);
#231=FACE_OUTER_BOUND('',#433,.T.);
#232=FACE_OUTER_BOUND('',#434,.T.);
#233=FACE_OUTER_BOUND('',#435,.T.);
#234=FACE_OUTER_BOUND('',#436,.T.);
#235=FACE_OUTER_BOUND('',#437,.T.);
#236=FACE_OUTER_BOUND('',#438,.T.);
#237=FACE_OUTER_BOUND('',#439,.T.);
#238=FACE_OUTER_BOUND('',#440,.T.);
#239=FACE_OUTER_BOUND('',#441,.T.);
#240=FACE_OUTER_BOUND('',#442,.T.);
#241=FACE_OUTER_BOUND('',#443,.T.);
#242=FACE_OUTER_BOUND('',#444,.T.);
#243=FACE_OUTER_BOUND('',#445,.T.);
#244=FACE_OUTER_BOUND('',#446,.T.);
#245=FACE_OUTER_BOUND('',#447,.T.);
#246=FACE_OUTER_BOUND('',#448,.T.);
#247=FACE_OUTER_BOUND('',#449,.T.);
#248=FACE_OUTER_BOUND('',#450,.T.);
#249=FACE_OUTER_BOUND('',#451,.T.);
#250=FACE_OUTER_BOUND('',#452,.T.);
#251=FACE_OUTER_BOUND('',#453,.T.);
#252=FACE_OUTER_BOUND('',#454,.T.);
#253=FACE_OUTER_BOUND('',#455,.T.);
#254=FACE_OUTER_BOUND('',#465,.T.);
#255=FACE_OUTER_BOUND('',#466,.T.);
#256=FACE_OUTER_BOUND('',#467,.T.);
#257=FACE_OUTER_BOUND('',#468,.T.);
#258=FACE_OUTER_BOUND('',#469,.T.);
#259=FACE_OUTER_BOUND('',#470,.T.);
#260=FACE_OUTER_BOUND('',#471,.T.);
#261=FACE_OUTER_BOUND('',#472,.T.);
#262=FACE_OUTER_BOUND('',#473,.T.);
#263=FACE_OUTER_BOUND('',#474,.T.);
#264=FACE_OUTER_BOUND('',#475,.T.);
#265=FACE_OUTER_BOUND('',#476,.T.);
#266=FACE_OUTER_BOUND('',#477,.T.);
#267=FACE_OUTER_BOUND('',#478,.T.);
#268=FACE_OUTER_BOUND('',#479,.T.);
#269=FACE_OUTER_BOUND('',#480,.T.);
#270=FACE_OUTER_BOUND('',#481,.T.);
#271=FACE_OUTER_BOUND('',#482,.T.);
#272=FACE_OUTER_BOUND('',#483,.T.);
#273=FACE_OUTER_BOUND('',#484,.T.);
#274=FACE_OUTER_BOUND('',#485,.T.);
#275=FACE_OUTER_BOUND('',#486,.T.);
#276=FACE_OUTER_BOUND('',#487,.T.);
#277=FACE_OUTER_BOUND('',#488,.T.);
#278=FACE_OUTER_BOUND('',#489,.T.);
#279=FACE_OUTER_BOUND('',#490,.T.);
#280=FACE_OUTER_BOUND('',#491,.T.);
#281=FACE_OUTER_BOUND('',#492,.T.);
#282=FACE_OUTER_BOUND('',#493,.T.);
#283=FACE_OUTER_BOUND('',#494,.T.);
#284=FACE_OUTER_BOUND('',#495,.T.);
#285=FACE_OUTER_BOUND('',#496,.T.);
#286=FACE_OUTER_BOUND('',#497,.T.);
#287=FACE_OUTER_BOUND('',#498,.T.);
#288=FACE_OUTER_BOUND('',#499,.T.);
#289=FACE_OUTER_BOUND('',#500,.T.);
#290=FACE_OUTER_BOUND('',#501,.T.);
#291=FACE_OUTER_BOUND('',#502,.T.);
#292=FACE_OUTER_BOUND('',#503,.T.);
#293=FACE_OUTER_BOUND('',#504,.T.);
#294=FACE_OUTER_BOUND('',#505,.T.);
#295=FACE_OUTER_BOUND('',#506,.T.);
#296=FACE_OUTER_BOUND('',#507,.T.);
#297=FACE_OUTER_BOUND('',#508,.T.);
#298=FACE_OUTER_BOUND('',#509,.T.);
#299=FACE_OUTER_BOUND('',#511,.T.);
#300=FACE_OUTER_BOUND('',#512,.T.);
#301=FACE_OUTER_BOUND('',#513,.T.);
#302=FACE_OUTER_BOUND('',#514,.T.);
#303=FACE_OUTER_BOUND('',#515,.T.);
#304=FACE_OUTER_BOUND('',#516,.T.);
#305=FACE_OUTER_BOUND('',#517,.T.);
#306=FACE_OUTER_BOUND('',#518,.T.);
#307=FACE_OUTER_BOUND('',#519,.T.);
#308=FACE_OUTER_BOUND('',#520,.T.);
#309=FACE_OUTER_BOUND('',#521,.T.);
#310=FACE_OUTER_BOUND('',#523,.T.);
#311=FACE_OUTER_BOUND('',#524,.T.);
#312=FACE_OUTER_BOUND('',#525,.T.);
#313=FACE_OUTER_BOUND('',#526,.T.);
#314=FACE_OUTER_BOUND('',#528,.T.);
#315=FACE_OUTER_BOUND('',#529,.T.);
#316=FACE_OUTER_BOUND('',#530,.T.);
#317=FACE_OUTER_BOUND('',#531,.T.);
#318=FACE_OUTER_BOUND('',#532,.T.);
#319=FACE_OUTER_BOUND('',#536,.T.);
#320=FACE_OUTER_BOUND('',#537,.T.);
#321=FACE_OUTER_BOUND('',#538,.T.);
#322=FACE_OUTER_BOUND('',#539,.T.);
#323=FACE_OUTER_BOUND('',#540,.T.);
#324=FACE_OUTER_BOUND('',#541,.T.);
#325=FACE_OUTER_BOUND('',#542,.T.);
#326=FACE_OUTER_BOUND('',#546,.T.);
#327=FACE_OUTER_BOUND('',#547,.T.);
#328=FACE_OUTER_BOUND('',#548,.T.);
#329=FACE_OUTER_BOUND('',#549,.T.);
#330=FACE_OUTER_BOUND('',#550,.T.);
#331=FACE_OUTER_BOUND('',#551,.T.);
#332=FACE_OUTER_BOUND('',#552,.T.);
#333=FACE_OUTER_BOUND('',#553,.T.);
#334=FACE_OUTER_BOUND('',#554,.T.);
#335=FACE_OUTER_BOUND('',#556,.T.);
#336=FACE_OUTER_BOUND('',#557,.T.);
#337=FACE_OUTER_BOUND('',#558,.T.);
#338=FACE_OUTER_BOUND('',#559,.T.);
#339=FACE_OUTER_BOUND('',#561,.T.);
#340=FACE_OUTER_BOUND('',#562,.T.);
#341=FACE_OUTER_BOUND('',#564,.T.);
#342=FACE_OUTER_BOUND('',#565,.T.);
#343=FACE_OUTER_BOUND('',#567,.T.);
#344=FACE_OUTER_BOUND('',#568,.T.);
#345=FACE_OUTER_BOUND('',#569,.T.);
#346=FACE_OUTER_BOUND('',#572,.T.);
#347=FACE_OUTER_BOUND('',#573,.T.);
#348=FACE_OUTER_BOUND('',#574,.T.);
#349=FACE_OUTER_BOUND('',#575,.T.);
#350=FACE_OUTER_BOUND('',#576,.T.);
#351=FACE_OUTER_BOUND('',#578,.T.);
#352=FACE_OUTER_BOUND('',#579,.T.);
#353=FACE_OUTER_BOUND('',#581,.T.);
#354=FACE_OUTER_BOUND('',#582,.T.);
#355=FACE_OUTER_BOUND('',#584,.T.);
#356=FACE_OUTER_BOUND('',#585,.T.);
#357=FACE_OUTER_BOUND('',#586,.T.);
#358=FACE_OUTER_BOUND('',#588,.T.);
#359=FACE_OUTER_BOUND('',#589,.T.);
#360=FACE_OUTER_BOUND('',#590,.T.);
#361=FACE_OUTER_BOUND('',#591,.T.);
#362=FACE_OUTER_BOUND('',#592,.T.);
#363=FACE_OUTER_BOUND('',#593,.T.);
#364=FACE_OUTER_BOUND('',#594,.T.);
#365=FACE_OUTER_BOUND('',#595,.T.);
#366=FACE_OUTER_BOUND('',#596,.T.);
#367=FACE_OUTER_BOUND('',#597,.T.);
#368=FACE_OUTER_BOUND('',#598,.T.);
#369=FACE_OUTER_BOUND('',#599,.T.);
#370=FACE_OUTER_BOUND('',#600,.T.);
#371=FACE_OUTER_BOUND('',#601,.T.);
#372=FACE_OUTER_BOUND('',#602,.T.);
#373=FACE_OUTER_BOUND('',#603,.T.);
#374=FACE_OUTER_BOUND('',#604,.T.);
#375=FACE_OUTER_BOUND('',#605,.T.);
#376=FACE_OUTER_BOUND('',#606,.T.);
#377=FACE_OUTER_BOUND('',#607,.T.);
#378=FACE_OUTER_BOUND('',#609,.T.);
#379=FACE_OUTER_BOUND('',#610,.T.);
#380=FACE_OUTER_BOUND('',#611,.T.);
#381=FACE_OUTER_BOUND('',#612,.T.);
#382=FACE_OUTER_BOUND('',#613,.T.);
#383=FACE_OUTER_BOUND('',#615,.T.);
#384=FACE_OUTER_BOUND('',#616,.T.);
#385=FACE_OUTER_BOUND('',#617,.T.);
#386=FACE_OUTER_BOUND('',#618,.T.);
#387=FACE_OUTER_BOUND('',#619,.T.);
#388=FACE_OUTER_BOUND('',#621,.T.);
#389=FACE_OUTER_BOUND('',#622,.T.);
#390=FACE_OUTER_BOUND('',#623,.T.);
#391=FACE_OUTER_BOUND('',#624,.T.);
#392=FACE_OUTER_BOUND('',#626,.T.);
#393=FACE_OUTER_BOUND('',#627,.T.);
#394=FACE_OUTER_BOUND('',#628,.T.);
#395=EDGE_LOOP('',(#2277,#2278,#2279,#2280));
#396=EDGE_LOOP('',(#2281,#2282,#2283,#2284,#2285,#2286,#2287,#2288,#2289,
#2290,#2291,#2292,#2293,#2294,#2295,#2296,#2297,#2298,#2299,#2300,#2301,
#2302,#2303,#2304,#2305,#2306,#2307,#2308,#2309,#2310,#2311,#2312,#2313,
#2314,#2315,#2316));
#397=EDGE_LOOP('',(#2317,#2318,#2319,#2320));
#398=EDGE_LOOP('',(#2321,#2322,#2323,#2324,#2325,#2326));
#399=EDGE_LOOP('',(#2327,#2328,#2329,#2330,#2331,#2332,#2333,#2334,#2335,
#2336));
#400=EDGE_LOOP('',(#2337,#2338,#2339,#2340,#2341,#2342));
#401=EDGE_LOOP('',(#2343,#2344,#2345,#2346,#2347,#2348,#2349,#2350,#2351));
#402=EDGE_LOOP('',(#2352,#2353,#2354,#2355));
#403=EDGE_LOOP('',(#2356,#2357,#2358,#2359,#2360,#2361));
#404=EDGE_LOOP('',(#2362,#2363,#2364,#2365,#2366,#2367,#2368,#2369,#2370,
#2371));
#405=EDGE_LOOP('',(#2372,#2373,#2374,#2375));
#406=EDGE_LOOP('',(#2376,#2377,#2378,#2379));
#407=EDGE_LOOP('',(#2380,#2381,#2382,#2383,#2384,#2385,#2386,#2387,#2388,
#2389,#2390,#2391,#2392,#2393,#2394,#2395,#2396,#2397,#2398,#2399,#2400,
#2401,#2402,#2403,#2404,#2405,#2406,#2407,#2408,#2409,#2410,#2411,#2412,
#2413,#2414,#2415,#2416,#2417));
#408=EDGE_LOOP('',(#2418));
#409=EDGE_LOOP('',(#2419));
#410=EDGE_LOOP('',(#2420));
#411=EDGE_LOOP('',(#2421));
#412=EDGE_LOOP('',(#2422));
#413=EDGE_LOOP('',(#2423));
#414=EDGE_LOOP('',(#2424));
#415=EDGE_LOOP('',(#2425));
#416=EDGE_LOOP('',(#2426,#2427,#2428,#2429,#2430,#2431,#2432,#2433,#2434,
#2435,#2436,#2437,#2438,#2439));
#417=EDGE_LOOP('',(#2440,#2441,#2442,#2443));
#418=EDGE_LOOP('',(#2444,#2445,#2446,#2447));
#419=EDGE_LOOP('',(#2448,#2449,#2450,#2451));
#420=EDGE_LOOP('',(#2452,#2453,#2454,#2455));
#421=EDGE_LOOP('',(#2456,#2457,#2458,#2459));
#422=EDGE_LOOP('',(#2460,#2461,#2462,#2463));
#423=EDGE_LOOP('',(#2464,#2465,#2466,#2467));
#424=EDGE_LOOP('',(#2468,#2469,#2470,#2471));
#425=EDGE_LOOP('',(#2472,#2473,#2474,#2475));
#426=EDGE_LOOP('',(#2476,#2477,#2478,#2479));
#427=EDGE_LOOP('',(#2480,#2481,#2482,#2483));
#428=EDGE_LOOP('',(#2484,#2485,#2486,#2487));
#429=EDGE_LOOP('',(#2488,#2489,#2490,#2491));
#430=EDGE_LOOP('',(#2492,#2493,#2494,#2495));
#431=EDGE_LOOP('',(#2496,#2497,#2498,#2499));
#432=EDGE_LOOP('',(#2500,#2501,#2502,#2503));
#433=EDGE_LOOP('',(#2504,#2505,#2506,#2507));
#434=EDGE_LOOP('',(#2508,#2509,#2510,#2511));
#435=EDGE_LOOP('',(#2512,#2513,#2514,#2515));
#436=EDGE_LOOP('',(#2516,#2517,#2518,#2519));
#437=EDGE_LOOP('',(#2520,#2521,#2522,#2523));
#438=EDGE_LOOP('',(#2524,#2525,#2526,#2527));
#439=EDGE_LOOP('',(#2528,#2529,#2530,#2531));
#440=EDGE_LOOP('',(#2532,#2533,#2534,#2535));
#441=EDGE_LOOP('',(#2536,#2537,#2538,#2539));
#442=EDGE_LOOP('',(#2540,#2541,#2542,#2543));
#443=EDGE_LOOP('',(#2544,#2545,#2546,#2547));
#444=EDGE_LOOP('',(#2548,#2549,#2550,#2551));
#445=EDGE_LOOP('',(#2552,#2553,#2554,#2555));
#446=EDGE_LOOP('',(#2556,#2557,#2558,#2559));
#447=EDGE_LOOP('',(#2560,#2561,#2562,#2563));
#448=EDGE_LOOP('',(#2564,#2565,#2566,#2567));
#449=EDGE_LOOP('',(#2568,#2569,#2570,#2571));
#450=EDGE_LOOP('',(#2572,#2573,#2574,#2575));
#451=EDGE_LOOP('',(#2576,#2577,#2578,#2579));
#452=EDGE_LOOP('',(#2580,#2581,#2582,#2583));
#453=EDGE_LOOP('',(#2584,#2585,#2586,#2587));
#454=EDGE_LOOP('',(#2588,#2589,#2590,#2591));
#455=EDGE_LOOP('',(#2592,#2593,#2594,#2595,#2596,#2597,#2598,#2599,#2600,
#2601,#2602,#2603,#2604,#2605,#2606,#2607,#2608,#2609,#2610,#2611,#2612,
#2613,#2614,#2615,#2616,#2617,#2618,#2619,#2620,#2621,#2622,#2623,#2624,
#2625,#2626,#2627,#2628,#2629));
#456=EDGE_LOOP('',(#2630));
#457=EDGE_LOOP('',(#2631));
#458=EDGE_LOOP('',(#2632));
#459=EDGE_LOOP('',(#2633));
#460=EDGE_LOOP('',(#2634));
#461=EDGE_LOOP('',(#2635));
#462=EDGE_LOOP('',(#2636));
#463=EDGE_LOOP('',(#2637));
#464=EDGE_LOOP('',(#2638,#2639,#2640,#2641,#2642,#2643));
#465=EDGE_LOOP('',(#2644,#2645,#2646,#2647));
#466=EDGE_LOOP('',(#2648,#2649,#2650,#2651));
#467=EDGE_LOOP('',(#2652,#2653,#2654,#2655));
#468=EDGE_LOOP('',(#2656,#2657,#2658,#2659));
#469=EDGE_LOOP('',(#2660,#2661,#2662,#2663));
#470=EDGE_LOOP('',(#2664,#2665,#2666,#2667));
#471=EDGE_LOOP('',(#2668,#2669,#2670,#2671));
#472=EDGE_LOOP('',(#2672,#2673,#2674,#2675));
#473=EDGE_LOOP('',(#2676,#2677,#2678,#2679));
#474=EDGE_LOOP('',(#2680,#2681,#2682,#2683));
#475=EDGE_LOOP('',(#2684,#2685,#2686));
#476=EDGE_LOOP('',(#2687,#2688,#2689,#2690));
#477=EDGE_LOOP('',(#2691,#2692,#2693,#2694));
#478=EDGE_LOOP('',(#2695,#2696,#2697,#2698));
#479=EDGE_LOOP('',(#2699,#2700,#2701));
#480=EDGE_LOOP('',(#2702,#2703,#2704,#2705));
#481=EDGE_LOOP('',(#2706,#2707,#2708,#2709,#2710,#2711,#2712,#2713));
#482=EDGE_LOOP('',(#2714,#2715,#2716,#2717,#2718));
#483=EDGE_LOOP('',(#2719,#2720,#2721,#2722));
#484=EDGE_LOOP('',(#2723,#2724,#2725,#2726,#2727,#2728,#2729,#2730));
#485=EDGE_LOOP('',(#2731,#2732,#2733,#2734,#2735));
#486=EDGE_LOOP('',(#2736,#2737,#2738,#2739,#2740,#2741));
#487=EDGE_LOOP('',(#2742,#2743,#2744,#2745,#2746,#2747,#2748,#2749));
#488=EDGE_LOOP('',(#2750,#2751,#2752,#2753));
#489=EDGE_LOOP('',(#2754,#2755,#2756,#2757,#2758,#2759,#2760,#2761));
#490=EDGE_LOOP('',(#2762,#2763,#2764,#2765));
#491=EDGE_LOOP('',(#2766,#2767,#2768,#2769));
#492=EDGE_LOOP('',(#2770,#2771,#2772,#2773));
#493=EDGE_LOOP('',(#2774,#2775,#2776,#2777,#2778,#2779,#2780,#2781));
#494=EDGE_LOOP('',(#2782,#2783,#2784,#2785));
#495=EDGE_LOOP('',(#2786,#2787,#2788,#2789,#2790,#2791,#2792,#2793));
#496=EDGE_LOOP('',(#2794,#2795,#2796,#2797));
#497=EDGE_LOOP('',(#2798,#2799,#2800,#2801,#2802,#2803,#2804,#2805));
#498=EDGE_LOOP('',(#2806,#2807,#2808,#2809,#2810));
#499=EDGE_LOOP('',(#2811,#2812,#2813,#2814,#2815,#2816,#2817,#2818));
#500=EDGE_LOOP('',(#2819,#2820,#2821,#2822,#2823,#2824));
#501=EDGE_LOOP('',(#2825,#2826,#2827,#2828,#2829));
#502=EDGE_LOOP('',(#2830,#2831,#2832,#2833));
#503=EDGE_LOOP('',(#2834,#2835,#2836,#2837));
#504=EDGE_LOOP('',(#2838,#2839,#2840,#2841));
#505=EDGE_LOOP('',(#2842,#2843,#2844,#2845,#2846,#2847));
#506=EDGE_LOOP('',(#2848,#2849,#2850,#2851,#2852,#2853));
#507=EDGE_LOOP('',(#2854,#2855,#2856,#2857,#2858,#2859,#2860,#2861,#2862,
#2863,#2864,#2865));
#508=EDGE_LOOP('',(#2866,#2867,#2868,#2869,#2870,#2871));
#509=EDGE_LOOP('',(#2872,#2873));
#510=EDGE_LOOP('',(#2874));
#511=EDGE_LOOP('',(#2875,#2876,#2877,#2878,#2879));
#512=EDGE_LOOP('',(#2880,#2881,#2882,#2883,#2884));
#513=EDGE_LOOP('',(#2885,#2886,#2887));
#514=EDGE_LOOP('',(#2888,#2889,#2890,#2891,#2892));
#515=EDGE_LOOP('',(#2893,#2894,#2895,#2896,#2897,#2898));
#516=EDGE_LOOP('',(#2899,#2900,#2901,#2902,#2903));
#517=EDGE_LOOP('',(#2904,#2905,#2906,#2907));
#518=EDGE_LOOP('',(#2908,#2909,#2910,#2911));
#519=EDGE_LOOP('',(#2912,#2913,#2914,#2915));
#520=EDGE_LOOP('',(#2916,#2917,#2918,#2919,#2920,#2921));
#521=EDGE_LOOP('',(#2922,#2923));
#522=EDGE_LOOP('',(#2924));
#523=EDGE_LOOP('',(#2925,#2926,#2927,#2928,#2929));
#524=EDGE_LOOP('',(#2930,#2931,#2932,#2933,#2934,#2935));
#525=EDGE_LOOP('',(#2936,#2937,#2938,#2939));
#526=EDGE_LOOP('',(#2940,#2941));
#527=EDGE_LOOP('',(#2942));
#528=EDGE_LOOP('',(#2943,#2944,#2945,#2946,#2947));
#529=EDGE_LOOP('',(#2948,#2949,#2950,#2951,#2952));
#530=EDGE_LOOP('',(#2953,#2954,#2955));
#531=EDGE_LOOP('',(#2956,#2957,#2958,#2959));
#532=EDGE_LOOP('',(#2960,#2961,#2962,#2963,#2964,#2965,#2966,#2967,#2968,
#2969,#2970,#2971,#2972,#2973,#2974,#2975,#2976,#2977,#2978,#2979,#2980,
#2981,#2982,#2983,#2984,#2985,#2986,#2987,#2988,#2989,#2990,#2991,#2992,
#2993,#2994,#2995,#2996,#2997,#2998,#2999,#3000,#3001,#3002,#3003,#3004,
#3005,#3006,#3007,#3008,#3009,#3010,#3011,#3012,#3013,#3014));
#533=EDGE_LOOP('',(#3015));
#534=EDGE_LOOP('',(#3016));
#535=EDGE_LOOP('',(#3017));
#536=EDGE_LOOP('',(#3018,#3019,#3020,#3021));
#537=EDGE_LOOP('',(#3022,#3023,#3024,#3025));
#538=EDGE_LOOP('',(#3026,#3027,#3028,#3029,#3030,#3031));
#539=EDGE_LOOP('',(#3032,#3033,#3034,#3035));
#540=EDGE_LOOP('',(#3036,#3037,#3038,#3039,#3040,#3041));
#541=EDGE_LOOP('',(#3042,#3043,#3044,#3045));
#542=EDGE_LOOP('',(#3046,#3047,#3048,#3049,#3050,#3051,#3052,#3053,#3054,
#3055,#3056,#3057,#3058,#3059,#3060,#3061));
#543=EDGE_LOOP('',(#3062,#3063,#3064,#3065));
#544=EDGE_LOOP('',(#3066,#3067,#3068,#3069));
#545=EDGE_LOOP('',(#3070,#3071,#3072,#3073));
#546=EDGE_LOOP('',(#3074,#3075,#3076,#3077));
#547=EDGE_LOOP('',(#3078,#3079,#3080,#3081));
#548=EDGE_LOOP('',(#3082,#3083,#3084,#3085));
#549=EDGE_LOOP('',(#3086,#3087,#3088,#3089));
#550=EDGE_LOOP('',(#3090,#3091,#3092,#3093));
#551=EDGE_LOOP('',(#3094,#3095,#3096,#3097));
#552=EDGE_LOOP('',(#3098,#3099,#3100,#3101));
#553=EDGE_LOOP('',(#3102,#3103,#3104,#3105));
#554=EDGE_LOOP('',(#3106,#3107,#3108,#3109,#3110));
#555=EDGE_LOOP('',(#3111));
#556=EDGE_LOOP('',(#3112,#3113,#3114,#3115));
#557=EDGE_LOOP('',(#3116,#3117,#3118,#3119));
#558=EDGE_LOOP('',(#3120,#3121,#3122,#3123));
#559=EDGE_LOOP('',(#3124));
#560=EDGE_LOOP('',(#3125));
#561=EDGE_LOOP('',(#3126,#3127,#3128,#3129));
#562=EDGE_LOOP('',(#3130));
#563=EDGE_LOOP('',(#3131));
#564=EDGE_LOOP('',(#3132,#3133,#3134,#3135));
#565=EDGE_LOOP('',(#3136));
#566=EDGE_LOOP('',(#3137));
#567=EDGE_LOOP('',(#3138,#3139,#3140,#3141));
#568=EDGE_LOOP('',(#3142,#3143,#3144,#3145));
#569=EDGE_LOOP('',(#3146,#3147,#3148,#3149));
#570=EDGE_LOOP('',(#3150));
#571=EDGE_LOOP('',(#3151));
#572=EDGE_LOOP('',(#3152,#3153,#3154,#3155));
#573=EDGE_LOOP('',(#3156,#3157,#3158,#3159));
#574=EDGE_LOOP('',(#3160,#3161,#3162,#3163));
#575=EDGE_LOOP('',(#3164,#3165,#3166,#3167));
#576=EDGE_LOOP('',(#3168));
#577=EDGE_LOOP('',(#3169));
#578=EDGE_LOOP('',(#3170,#3171,#3172,#3173));
#579=EDGE_LOOP('',(#3174));
#580=EDGE_LOOP('',(#3175));
#581=EDGE_LOOP('',(#3176,#3177,#3178,#3179));
#582=EDGE_LOOP('',(#3180));
#583=EDGE_LOOP('',(#3181));
#584=EDGE_LOOP('',(#3182,#3183,#3184,#3185,#3186));
#585=EDGE_LOOP('',(#3187,#3188,#3189,#3190,#3191));
#586=EDGE_LOOP('',(#3192));
#587=EDGE_LOOP('',(#3193));
#588=EDGE_LOOP('',(#3194,#3195,#3196,#3197));
#589=EDGE_LOOP('',(#3198,#3199,#3200,#3201));
#590=EDGE_LOOP('',(#3202,#3203,#3204,#3205));
#591=EDGE_LOOP('',(#3206,#3207,#3208,#3209));
#592=EDGE_LOOP('',(#3210,#3211,#3212,#3213));
#593=EDGE_LOOP('',(#3214,#3215,#3216,#3217));
#594=EDGE_LOOP('',(#3218,#3219,#3220,#3221));
#595=EDGE_LOOP('',(#3222,#3223,#3224,#3225));
#596=EDGE_LOOP('',(#3226,#3227,#3228,#3229));
#597=EDGE_LOOP('',(#3230,#3231,#3232,#3233));
#598=EDGE_LOOP('',(#3234,#3235,#3236,#3237));
#599=EDGE_LOOP('',(#3238,#3239,#3240,#3241));
#600=EDGE_LOOP('',(#3242,#3243,#3244,#3245));
#601=EDGE_LOOP('',(#3246,#3247,#3248,#3249));
#602=EDGE_LOOP('',(#3250,#3251,#3252,#3253));
#603=EDGE_LOOP('',(#3254,#3255,#3256,#3257));
#604=EDGE_LOOP('',(#3258,#3259,#3260,#3261));
#605=EDGE_LOOP('',(#3262,#3263,#3264,#3265));
#606=EDGE_LOOP('',(#3266,#3267,#3268,#3269));
#607=EDGE_LOOP('',(#3270));
#608=EDGE_LOOP('',(#3271));
#609=EDGE_LOOP('',(#3272,#3273,#3274,#3275,#3276));
#610=EDGE_LOOP('',(#3277,#3278,#3279,#3280,#3281));
#611=EDGE_LOOP('',(#3282,#3283,#3284));
#612=EDGE_LOOP('',(#3285,#3286,#3287,#3288));
#613=EDGE_LOOP('',(#3289));
#614=EDGE_LOOP('',(#3290));
#615=EDGE_LOOP('',(#3291,#3292,#3293,#3294,#3295));
#616=EDGE_LOOP('',(#3296,#3297,#3298,#3299,#3300,#3301));
#617=EDGE_LOOP('',(#3302,#3303,#3304,#3305));
#618=EDGE_LOOP('',(#3306,#3307,#3308,#3309));
#619=EDGE_LOOP('',(#3310));
#620=EDGE_LOOP('',(#3311));
#621=EDGE_LOOP('',(#3312,#3313,#3314,#3315,#3316));
#622=EDGE_LOOP('',(#3317,#3318,#3319,#3320,#3321));
#623=EDGE_LOOP('',(#3322,#3323,#3324));
#624=EDGE_LOOP('',(#3325,#3326));
#625=EDGE_LOOP('',(#3327));
#626=EDGE_LOOP('',(#3328,#3329,#3330,#3331,#3332));
#627=EDGE_LOOP('',(#3333,#3334,#3335,#3336,#3337,#3338));
#628=EDGE_LOOP('',(#3339,#3340,#3341,#3342));
#629=CIRCLE('',#3600,44.3);
#630=CIRCLE('',#3601,37.);
#631=CIRCLE('',#3602,32.5);
#632=CIRCLE('',#3603,5.);
#633=CIRCLE('',#3604,5.);
#634=CIRCLE('',#3605,16.);
#635=CIRCLE('',#3606,5.);
#636=CIRCLE('',#3607,5.);
#637=CIRCLE('',#3608,32.5);
#638=CIRCLE('',#3609,5.);
#639=CIRCLE('',#3610,5.);
#640=CIRCLE('',#3611,16.);
#641=CIRCLE('',#3612,2.);
#642=CIRCLE('',#3613,7.);
#643=CIRCLE('',#3614,2.);
#644=CIRCLE('',#3615,16.);
#645=CIRCLE('',#3616,5.);
#646=CIRCLE('',#3617,5.);
#647=CIRCLE('',#3618,32.5);
#648=CIRCLE('',#3619,5.);
#649=CIRCLE('',#3620,5.);
#650=CIRCLE('',#3621,16.);
#651=CIRCLE('',#3622,5.);
#652=CIRCLE('',#3623,5.);
#653=CIRCLE('',#3624,32.5);
#654=CIRCLE('',#3625,5.);
#655=CIRCLE('',#3626,5.);
#656=CIRCLE('',#3627,16.);
#657=CIRCLE('',#3628,5.);
#658=CIRCLE('',#3629,5.);
#659=CIRCLE('',#3632,37.);
#660=CIRCLE('',#3635,37.);
#661=CIRCLE('',#3636,37.);
#662=CIRCLE('',#3637,37.);
#663=CIRCLE('',#3639,0.5);
#664=CIRCLE('',#3640,37.);
#665=CIRCLE('',#3641,0.5);
#666=CIRCLE('',#3642,32.5);
#667=CIRCLE('',#3643,5.);
#668=CIRCLE('',#3645,0.5);
#669=CIRCLE('',#3647,37.);
#670=CIRCLE('',#3648,37.);
#671=CIRCLE('',#3651,38.);
#672=CIRCLE('',#3652,44.8);
#673=CIRCLE('',#3654,38.);
#674=CIRCLE('',#3656,2.);
#675=CIRCLE('',#3657,50.25);
#676=CIRCLE('',#3658,2.);
#677=CIRCLE('',#3659,2.);
#678=CIRCLE('',#3660,46.5);
#679=CIRCLE('',#3661,3.);
#680=CIRCLE('',#3662,4.);
#681=CIRCLE('',#3663,3.);
#682=CIRCLE('',#3664,46.5);
#683=CIRCLE('',#3665,3.);
#684=CIRCLE('',#3666,4.);
#685=CIRCLE('',#3667,3.);
#686=CIRCLE('',#3668,46.5);
#687=CIRCLE('',#3669,3.);
#688=CIRCLE('',#3670,4.);
#689=CIRCLE('',#3671,3.);
#690=CIRCLE('',#3672,46.5);
#691=CIRCLE('',#3673,3.);
#692=CIRCLE('',#3674,4.);
#693=CIRCLE('',#3675,3.);
#694=CIRCLE('',#3676,46.5);
#695=CIRCLE('',#3677,3.);
#696=CIRCLE('',#3678,4.);
#697=CIRCLE('',#3679,3.);
#698=CIRCLE('',#3680,46.5);
#699=CIRCLE('',#3681,3.);
#700=CIRCLE('',#3682,4.);
#701=CIRCLE('',#3683,3.);
#702=CIRCLE('',#3684,46.5);
#703=CIRCLE('',#3685,3.);
#704=CIRCLE('',#3686,4.);
#705=CIRCLE('',#3687,3.);
#706=CIRCLE('',#3688,46.5);
#707=CIRCLE('',#3689,3.);
#708=CIRCLE('',#3690,4.);
#709=CIRCLE('',#3691,3.);
#710=CIRCLE('',#3692,46.5);
#711=CIRCLE('',#3693,2.);
#712=CIRCLE('',#3694,2.1);
#713=CIRCLE('',#3695,2.1);
#714=CIRCLE('',#3696,2.1);
#715=CIRCLE('',#3697,2.1);
#716=CIRCLE('',#3698,2.1);
#717=CIRCLE('',#3699,2.1);
#718=CIRCLE('',#3700,2.1);
#719=CIRCLE('',#3701,2.1);
#720=CIRCLE('',#3702,38.);
#721=CIRCLE('',#3703,38.);
#722=CIRCLE('',#3704,6.);
#723=CIRCLE('',#3705,6.);
#724=CIRCLE('',#3706,38.);
#725=CIRCLE('',#3707,6.);
#726=CIRCLE('',#3708,6.);
#727=CIRCLE('',#3710,2.);
#728=CIRCLE('',#3712,2.);
#729=CIRCLE('',#3714,46.5);
#730=CIRCLE('',#3716,3.);
#731=CIRCLE('',#3718,4.);
#732=CIRCLE('',#3720,3.);
#733=CIRCLE('',#3722,46.5);
#734=CIRCLE('',#3724,3.);
#735=CIRCLE('',#3726,4.);
#736=CIRCLE('',#3728,3.);
#737=CIRCLE('',#3730,46.5);
#738=CIRCLE('',#3732,3.);
#739=CIRCLE('',#3734,4.);
#740=CIRCLE('',#3736,3.);
#741=CIRCLE('',#3738,46.5);
#742=CIRCLE('',#3740,3.);
#743=CIRCLE('',#3742,4.);
#744=CIRCLE('',#3744,3.);
#745=CIRCLE('',#3746,46.5);
#746=CIRCLE('',#3748,3.);
#747=CIRCLE('',#3750,4.);
#748=CIRCLE('',#3752,3.);
#749=CIRCLE('',#3754,46.5);
#750=CIRCLE('',#3756,3.);
#751=CIRCLE('',#3758,4.);
#752=CIRCLE('',#3760,3.);
#753=CIRCLE('',#3762,46.5);
#754=CIRCLE('',#3764,3.);
#755=CIRCLE('',#3766,4.);
#756=CIRCLE('',#3768,3.);
#757=CIRCLE('',#3770,46.5);
#758=CIRCLE('',#3772,3.);
#759=CIRCLE('',#3774,4.);
#760=CIRCLE('',#3776,3.);
#761=CIRCLE('',#3778,46.5);
#762=CIRCLE('',#3780,2.);
#763=CIRCLE('',#3782,2.);
#764=CIRCLE('',#3784,50.25);
#765=CIRCLE('',#3786,2.1);
#766=CIRCLE('',#3787,2.1);
#767=CIRCLE('',#3788,2.1);
#768=CIRCLE('',#3789,2.1);
#769=CIRCLE('',#3790,2.1);
#770=CIRCLE('',#3791,2.1);
#771=CIRCLE('',#3792,2.1);
#772=CIRCLE('',#3793,2.1);
#773=CIRCLE('',#3794,44.8);
#774=CIRCLE('',#3795,44.8);
#775=CIRCLE('',#3807,44.8);
#776=CIRCLE('',#3812,38.);
#777=CIRCLE('',#3813,38.);
#778=CIRCLE('',#3814,38.);
#779=CIRCLE('',#3816,2.4);
#780=CIRCLE('',#3817,0.5);
#781=CIRCLE('',#3819,0.5);
#782=CIRCLE('',#3821,2.4);
#783=CIRCLE('',#3822,2.4);
#784=CIRCLE('',#3823,2.4);
#785=CIRCLE('',#3825,37.);
#786=CIRCLE('',#3826,0.5);
#787=CIRCLE('',#3829,37.);
#788=CIRCLE('',#3830,37.);
#789=CIRCLE('',#3831,37.);
#790=CIRCLE('',#3833,0.5);
#791=CIRCLE('',#3834,0.5);
#792=CIRCLE('',#3836,2.4);
#793=CIRCLE('',#3837,2.4);
#794=CIRCLE('',#3838,2.4);
#795=CIRCLE('',#3839,2.4);
#796=CIRCLE('',#3841,0.5);
#797=CIRCLE('',#3842,0.5);
#798=CIRCLE('',#3844,37.);
#799=CIRCLE('',#3845,37.);
#800=CIRCLE('',#3847,0.5);
#801=CIRCLE('',#3848,0.5);
#802=CIRCLE('',#3850,2.4);
#803=CIRCLE('',#3851,2.4);
#804=CIRCLE('',#3852,2.4);
#805=CIRCLE('',#3853,2.4);
#806=CIRCLE('',#3855,0.5);
#807=CIRCLE('',#3856,0.5);
#808=CIRCLE('',#3858,37.);
#809=CIRCLE('',#3859,37.);
#810=CIRCLE('',#3860,37.);
#811=CIRCLE('',#3861,37.);
#812=CIRCLE('',#3863,0.5);
#813=CIRCLE('',#3864,0.5);
#814=CIRCLE('',#3866,2.4);
#815=CIRCLE('',#3867,2.4);
#816=CIRCLE('',#3868,2.4);
#817=CIRCLE('',#3869,2.4);
#818=CIRCLE('',#3871,0.5);
#819=CIRCLE('',#3872,38.);
#820=CIRCLE('',#3874,38.);
#821=CIRCLE('',#3875,38.);
#822=CIRCLE('',#3879,6.);
#823=CIRCLE('',#3882,6.);
#824=CIRCLE('',#3886,38.);
#825=CIRCLE('',#3887,38.);
#826=CIRCLE('',#3888,38.);
#827=CIRCLE('',#3889,38.);
#828=CIRCLE('',#3890,38.);
#829=CIRCLE('',#3893,1.1);
#830=CIRCLE('',#3895,0.7999999999999);
#831=CIRCLE('',#3896,0.7999999999999);
#832=CIRCLE('',#3898,0.8000000000002);
#833=CIRCLE('',#3904,6.);
#834=CIRCLE('',#3907,6.);
#835=CIRCLE('',#3910,1.1);
#836=CIRCLE('',#3912,0.7999999999999);
#837=CIRCLE('',#3913,0.7999999999999);
#838=CIRCLE('',#3915,0.8000000000002);
#839=CIRCLE('',#3916,0.8000000000002);
#840=CIRCLE('',#3919,1.1);
#841=CIRCLE('',#3921,0.8);
#842=CIRCLE('',#3922,0.8);
#843=CIRCLE('',#3924,0.8000000000002);
#844=CIRCLE('',#3927,0.5);
#845=CIRCLE('',#3929,0.5);
#846=CIRCLE('',#3930,5.);
#847=CIRCLE('',#3931,16.);
#848=CIRCLE('',#3932,5.);
#849=CIRCLE('',#3933,5.);
#850=CIRCLE('',#3934,32.5);
#851=CIRCLE('',#3935,5.);
#852=CIRCLE('',#3936,5.);
#853=CIRCLE('',#3937,16.);
#854=CIRCLE('',#3938,5.);
#855=CIRCLE('',#3939,5.);
#856=CIRCLE('',#3940,32.5);
#857=CIRCLE('',#3941,5.);
#858=CIRCLE('',#3942,5.);
#859=CIRCLE('',#3943,16.);
#860=CIRCLE('',#3944,2.);
#861=CIRCLE('',#3945,7.);
#862=CIRCLE('',#3946,2.);
#863=CIRCLE('',#3947,16.);
#864=CIRCLE('',#3948,5.);
#865=CIRCLE('',#3949,5.);
#866=CIRCLE('',#3950,32.5);
#867=CIRCLE('',#3951,5.);
#868=CIRCLE('',#3952,5.);
#869=CIRCLE('',#3953,16.);
#870=CIRCLE('',#3954,5.);
#871=CIRCLE('',#3955,5.);
#872=CIRCLE('',#3956,32.5);
#873=CIRCLE('',#3957,0.5);
#874=CIRCLE('',#3958,3.);
#875=CIRCLE('',#3959,3.);
#876=CIRCLE('',#3960,3.);
#877=CIRCLE('',#3968,16.);
#878=CIRCLE('',#3969,16.);
#879=CIRCLE('',#3970,16.);
#880=CIRCLE('',#3971,16.);
#881=CIRCLE('',#3980,2.);
#882=CIRCLE('',#3982,2.);
#883=CIRCLE('',#3983,7.);
#884=CIRCLE('',#3984,4.6);
#885=CIRCLE('',#3988,4.6);
#886=CIRCLE('',#3990,5.5);
#887=CIRCLE('',#3992,5.5);
#888=CIRCLE('',#3994,5.53);
#889=CIRCLE('',#3996,5.53);
#890=CIRCLE('',#3998,5.5);
#891=CIRCLE('',#4000,5.5);
#892=CIRCLE('',#4002,6.);
#893=CIRCLE('',#4004,7.);
#894=CIRCLE('',#4005,2.);
#895=CIRCLE('',#4006,2.);
#896=CIRCLE('',#4007,12.);
#897=CIRCLE('',#4012,12.);
#898=CIRCLE('',#4014,14.);
#899=CIRCLE('',#4016,14.);
#900=CIRCLE('',#4018,14.1);
#901=CIRCLE('',#4020,14.1);
#902=CIRCLE('',#4022,14.);
#903=CIRCLE('',#4024,14.);
#904=CIRCLE('',#4025,14.);
#905=CIRCLE('',#4027,14.5);
#906=CIRCLE('',#4048,3.);
#907=CIRCLE('',#4050,1.75);
#908=CIRCLE('',#4052,1.25);
#909=CIRCLE('',#4053,1.25);
#910=CIRCLE('',#4055,1.25);
#911=CIRCLE('',#4058,3.);
#912=CIRCLE('',#4060,1.75);
#913=CIRCLE('',#4062,1.25);
#914=CIRCLE('',#4063,1.25);
#915=CIRCLE('',#4065,1.25);
#916=CIRCLE('',#4066,1.25);
#917=CIRCLE('',#4069,3.);
#918=CIRCLE('',#4071,1.75);
#919=CIRCLE('',#4073,1.25);
#920=CIRCLE('',#4074,1.25);
#921=CIRCLE('',#4076,1.25);
#922=CIRCLE('',#4079,1.1);
#923=CIRCLE('',#4081,0.8);
#924=CIRCLE('',#4082,0.8);
#925=CIRCLE('',#4084,0.8000000000002);
#926=CIRCLE('',#4085,0.8000000000002);
#927=LINE('',#5300,#1158);
#928=LINE('',#5304,#1159);
#929=LINE('',#5312,#1160);
#930=LINE('',#5320,#1161);
#931=LINE('',#5328,#1162);
#932=LINE('',#5344,#1163);
#933=LINE('',#5352,#1164);
#934=LINE('',#5360,#1165);
#935=LINE('',#5368,#1166);
#936=LINE('',#5376,#1167);
#937=LINE('',#5391,#1168);
#938=LINE('',#5405,#1169);
#939=LINE('',#5408,#1170);
#940=LINE('',#5421,#1171);
#941=LINE('',#5423,#1172);
#942=LINE('',#5425,#1173);
#943=LINE('',#5427,#1174);
#944=LINE('',#5429,#1175);
#945=LINE('',#5431,#1176);
#946=LINE('',#5433,#1177);
#947=LINE('',#5435,#1178);
#948=LINE('',#5436,#1179);
#949=LINE('',#5441,#1180);
#950=LINE('',#5445,#1181);
#951=LINE('',#5455,#1182);
#952=LINE('',#5460,#1183);
#953=LINE('',#5463,#1184);
#954=LINE('',#5466,#1185);
#955=LINE('',#5469,#1186);
#956=LINE('',#5473,#1187);
#957=LINE('',#5478,#1188);
#958=LINE('',#5480,#1189);
#959=LINE('',#5482,#1190);
#960=LINE('',#5483,#1191);
#961=LINE('',#5485,#1192);
#962=LINE('',#5487,#1193);
#963=LINE('',#5488,#1194);
#964=LINE('',#5592,#1195);
#965=LINE('',#5596,#1196);
#966=LINE('',#5600,#1197);
#967=LINE('',#5604,#1198);
#968=LINE('',#5608,#1199);
#969=LINE('',#5611,#1200);
#970=LINE('',#5614,#1201);
#971=LINE('',#5617,#1202);
#972=LINE('',#5620,#1203);
#973=LINE('',#5624,#1204);
#974=LINE('',#5628,#1205);
#975=LINE('',#5632,#1206);
#976=LINE('',#5636,#1207);
#977=LINE('',#5640,#1208);
#978=LINE('',#5644,#1209);
#979=LINE('',#5648,#1210);
#980=LINE('',#5652,#1211);
#981=LINE('',#5656,#1212);
#982=LINE('',#5660,#1213);
#983=LINE('',#5664,#1214);
#984=LINE('',#5668,#1215);
#985=LINE('',#5672,#1216);
#986=LINE('',#5676,#1217);
#987=LINE('',#5680,#1218);
#988=LINE('',#5684,#1219);
#989=LINE('',#5688,#1220);
#990=LINE('',#5692,#1221);
#991=LINE('',#5696,#1222);
#992=LINE('',#5700,#1223);
#993=LINE('',#5704,#1224);
#994=LINE('',#5708,#1225);
#995=LINE('',#5712,#1226);
#996=LINE('',#5716,#1227);
#997=LINE('',#5720,#1228);
#998=LINE('',#5724,#1229);
#999=LINE('',#5728,#1230);
#1000=LINE('',#5732,#1231);
#1001=LINE('',#5736,#1232);
#1002=LINE('',#5740,#1233);
#1003=LINE('',#5744,#1234);
#1004=LINE('',#5748,#1235);
#1005=LINE('',#5752,#1236);
#1006=LINE('',#5756,#1237);
#1007=LINE('',#5760,#1238);
#1008=LINE('',#5782,#1239);
#1009=LINE('',#5785,#1240);
#1010=LINE('',#5788,#1241);
#1011=LINE('',#5790,#1242);
#1012=LINE('',#5792,#1243);
#1013=LINE('',#5794,#1244);
#1014=LINE('',#5796,#1245);
#1015=LINE('',#5798,#1246);
#1016=LINE('',#5800,#1247);
#1017=LINE('',#5802,#1248);
#1018=LINE('',#5806,#1249);
#1019=LINE('',#5807,#1250);
#1020=LINE('',#5836,#1251);
#1021=LINE('',#5840,#1252);
#1022=LINE('',#5842,#1253);
#1023=LINE('',#5844,#1254);
#1024=LINE('',#5886,#1255);
#1025=LINE('',#5890,#1256);
#1026=LINE('',#5894,#1257);
#1027=LINE('',#5902,#1258);
#1028=LINE('',#5908,#1259);
#1029=LINE('',#5913,#1260);
#1030=LINE('',#5919,#1261);
#1031=LINE('',#5921,#1262);
#1032=LINE('',#5922,#1263);
#1033=LINE('',#5926,#1264);
#1034=LINE('',#5929,#1265);
#1035=LINE('',#5933,#1266);
#1036=LINE('',#5938,#1267);
#1037=LINE('',#5944,#1268);
#1038=LINE('',#5949,#1269);
#1039=LINE('',#5953,#1270);
#1040=LINE('',#5958,#1271);
#1041=LINE('',#5964,#1272);
#1042=LINE('',#5970,#1273);
#1043=LINE('',#5976,#1274);
#1044=LINE('',#5981,#1275);
#1045=LINE('',#5985,#1276);
#1046=LINE('',#5990,#1277);
#1047=LINE('',#5996,#1278);
#1048=LINE('',#6001,#1279);
#1049=LINE('',#6005,#1280);
#1050=LINE('',#6010,#1281);
#1051=LINE('',#6018,#1282);
#1052=LINE('',#6023,#1283);
#1053=LINE('',#6026,#1284);
#1054=LINE('',#6034,#1285);
#1055=LINE('',#6037,#1286);
#1056=LINE('',#6038,#1287);
#1057=LINE('',#6039,#1288);
#1058=LINE('',#6044,#1289);
#1059=LINE('',#6047,#1290);
#1060=LINE('',#6048,#1291);
#1061=LINE('',#6052,#1292);
#1062=LINE('',#6055,#1293);
#1063=LINE('',#6056,#1294);
#1064=LINE('',#6057,#1295);
#1065=LINE('',#6063,#1296);
#1066=LINE('',#6075,#1297);
#1067=LINE('',#6080,#1298);
#1068=LINE('',#6083,#1299);
#1069=LINE('',#6086,#1300);
#1070=LINE('',#6088,#1301);
#1071=LINE('',#6089,#1302);
#1072=LINE('',#6094,#1303);
#1073=LINE('',#6097,#1304);
#1074=LINE('',#6098,#1305);
#1075=LINE('',#6109,#1306);
#1076=LINE('',#6113,#1307);
#1077=LINE('',#6119,#1308);
#1078=LINE('',#6127,#1309);
#1079=LINE('',#6132,#1310);
#1080=LINE('',#6135,#1311);
#1081=LINE('',#6141,#1312);
#1082=LINE('',#6149,#1313);
#1083=LINE('',#6157,#1314);
#1084=LINE('',#6165,#1315);
#1085=LINE('',#6173,#1316);
#1086=LINE('',#6189,#1317);
#1087=LINE('',#6197,#1318);
#1088=LINE('',#6205,#1319);
#1089=LINE('',#6211,#1320);
#1090=LINE('',#6220,#1321);
#1091=LINE('',#6222,#1322);
#1092=LINE('',#6224,#1323);
#1093=LINE('',#6225,#1324);
#1094=LINE('',#6227,#1325);
#1095=LINE('',#6229,#1326);
#1096=LINE('',#6231,#1327);
#1097=LINE('',#6233,#1328);
#1098=LINE('',#6235,#1329);
#1099=LINE('',#6238,#1330);
#1100=LINE('',#6239,#1331);
#1101=LINE('',#6241,#1332);
#1102=LINE('',#6245,#1333);
#1103=LINE('',#6249,#1334);
#1104=LINE('',#6250,#1335);
#1105=LINE('',#6251,#1336);
#1106=LINE('',#6252,#1337);
#1107=LINE('',#6253,#1338);
#1108=LINE('',#6254,#1339);
#1109=LINE('',#6256,#1340);
#1110=LINE('',#6258,#1341);
#1111=LINE('',#6260,#1342);
#1112=LINE('',#6262,#1343);
#1113=LINE('',#6264,#1344);
#1114=LINE('',#6266,#1345);
#1115=LINE('',#6271,#1346);
#1116=LINE('',#6279,#1347);
#1117=LINE('',#6283,#1348);
#1118=LINE('',#6290,#1349);
#1119=LINE('',#6298,#1350);
#1120=LINE('',#6304,#1351);
#1121=LINE('',#6308,#1352);
#1122=LINE('',#6319,#1353);
#1123=LINE('',#6320,#1354);
#1124=LINE('',#6326,#1355);
#1125=LINE('',#6332,#1356);
#1126=LINE('',#6339,#1357);
#1127=LINE('',#6346,#1358);
#1128=LINE('',#6352,#1359);
#1129=LINE('',#6356,#1360);
#1130=LINE('',#6358,#1361);
#1131=LINE('',#6360,#1362);
#1132=LINE('',#6362,#1363);
#1133=LINE('',#6364,#1364);
#1134=LINE('',#6366,#1365);
#1135=LINE('',#6369,#1366);
#1136=LINE('',#6371,#1367);
#1137=LINE('',#6373,#1368);
#1138=LINE('',#6375,#1369);
#1139=LINE('',#6377,#1370);
#1140=LINE('',#6379,#1371);
#1141=LINE('',#6382,#1372);
#1142=LINE('',#6384,#1373);
#1143=LINE('',#6390,#1374);
#1144=LINE('',#6398,#1375);
#1145=LINE('',#6403,#1376);
#1146=LINE('',#6406,#1377);
#1147=LINE('',#6410,#1378);
#1148=LINE('',#6418,#1379);
#1149=LINE('',#6422,#1380);
#1150=LINE('',#6428,#1381);
#1151=LINE('',#6432,#1382);
#1152=LINE('',#6440,#1383);
#1153=LINE('',#6445,#1384);
#1154=LINE('',#6448,#1385);
#1155=LINE('',#6456,#1386);
#1156=LINE('',#6460,#1387);
#1157=LINE('',#6466,#1388);
#1158=VECTOR('',#4091,7.30055677290594);
#1159=VECTOR('',#4094,7.30055677290604);
#1160=VECTOR('',#4101,6.64555651163909);
#1161=VECTOR('',#4108,6.64555651161076);
#1162=VECTOR('',#4115,6.64555651163976);
#1163=VECTOR('',#4130,6.64555651160978);
#1164=VECTOR('',#4137,6.64555651162198);
#1165=VECTOR('',#4144,6.64555651163298);
#1166=VECTOR('',#4151,6.64555651161078);
#1167=VECTOR('',#4158,6.64555651160802);
#1168=VECTOR('',#4163,7.29717823970292);
#1169=VECTOR('',#4166,0.8000000035453);
#1170=VECTOR('',#4169,0.8000000035453);
#1171=VECTOR('',#4172,3.7);
#1172=VECTOR('',#4173,7.29717823970269);
#1173=VECTOR('',#4174,1.50000000404);
#1174=VECTOR('',#4175,0.502821760295915);
#1175=VECTOR('',#4176,1.2);
#1176=VECTOR('',#4177,6.79999999999782);
#1177=VECTOR('',#4178,1.3);
#1178=VECTOR('',#4179,0.5);
#1179=VECTOR('',#4180,1.00000000000196);
#1180=VECTOR('',#4185,2.5);
#1181=VECTOR('',#4188,1.2);
#1182=VECTOR('',#4199,3.99657518178993);
#1183=VECTOR('',#4204,9.45494061580883);
#1184=VECTOR('',#4207,1.2);
#1185=VECTOR('',#4210,1.2);
#1186=VECTOR('',#4213,3.7);
#1187=VECTOR('',#4216,2.5);
#1188=VECTOR('',#4221,6.79999999999771);
#1189=VECTOR('',#4222,1.2);
#1190=VECTOR('',#4223,0.502821760297515);
#1191=VECTOR('',#4224,1.500000006832);
#1192=VECTOR('',#4225,1.00000000000201);
#1193=VECTOR('',#4226,0.5);
#1194=VECTOR('',#4227,1.3);
#1195=VECTOR('',#4336,10.);
#1196=VECTOR('',#4339,10.);
#1197=VECTOR('',#4342,10.);
#1198=VECTOR('',#4345,10.);
#1199=VECTOR('',#4348,10.);
#1200=VECTOR('',#4351,10.);
#1201=VECTOR('',#4354,2.5);
#1202=VECTOR('',#4357,2.5);
#1203=VECTOR('',#4360,2.5);
#1204=VECTOR('',#4365,2.5);
#1205=VECTOR('',#4370,2.5);
#1206=VECTOR('',#4375,2.5);
#1207=VECTOR('',#4380,2.5);
#1208=VECTOR('',#4385,2.5);
#1209=VECTOR('',#4390,2.5);
#1210=VECTOR('',#4395,2.5);
#1211=VECTOR('',#4400,2.5);
#1212=VECTOR('',#4405,2.5);
#1213=VECTOR('',#4410,2.5);
#1214=VECTOR('',#4415,2.5);
#1215=VECTOR('',#4420,2.5);
#1216=VECTOR('',#4425,2.5);
#1217=VECTOR('',#4430,2.5);
#1218=VECTOR('',#4435,2.5);
#1219=VECTOR('',#4440,2.5);
#1220=VECTOR('',#4445,2.5);
#1221=VECTOR('',#4450,2.5);
#1222=VECTOR('',#4455,2.5);
#1223=VECTOR('',#4460,2.5);
#1224=VECTOR('',#4465,2.5);
#1225=VECTOR('',#4470,2.5);
#1226=VECTOR('',#4475,2.5);
#1227=VECTOR('',#4480,2.5);
#1228=VECTOR('',#4485,2.5);
#1229=VECTOR('',#4490,2.5);
#1230=VECTOR('',#4495,2.5);
#1231=VECTOR('',#4500,2.5);
#1232=VECTOR('',#4505,2.5);
#1233=VECTOR('',#4510,2.5);
#1234=VECTOR('',#4515,2.5);
#1235=VECTOR('',#4520,2.5);
#1236=VECTOR('',#4525,2.5);
#1237=VECTOR('',#4530,2.5);
#1238=VECTOR('',#4535,2.5);
#1239=VECTOR('',#4560,0.711086020375292);
#1240=VECTOR('',#4563,0.711086020356034);
#1241=VECTOR('',#4568,2.1);
#1242=VECTOR('',#4571,2.1);
#1243=VECTOR('',#4574,2.1);
#1244=VECTOR('',#4577,2.1);
#1245=VECTOR('',#4580,2.1);
#1246=VECTOR('',#4583,2.1);
#1247=VECTOR('',#4586,2.1);
#1248=VECTOR('',#4589,2.1);
#1249=VECTOR('',#4594,1.500000001379);
#1250=VECTOR('',#4595,0.711086017155097);
#1251=VECTOR('',#4596,0.707106778244301);
#1252=VECTOR('',#4601,0.7071067783897);
#1253=VECTOR('',#4604,1.500000001377);
#1254=VECTOR('',#4607,0.71108601718359);
#1255=VECTOR('',#4612,0.5);
#1256=VECTOR('',#4615,5.5);
#1257=VECTOR('',#4618,5.5);
#1258=VECTOR('',#4629,2.5);
#1259=VECTOR('',#4636,2.5);
#1260=VECTOR('',#4643,1.077955886222);
#1261=VECTOR('',#4650,6.7);
#1262=VECTOR('',#4651,1.420912420912);
#1263=VECTOR('',#4652,6.2);
#1264=VECTOR('',#4655,2.5);
#1265=VECTOR('',#4658,2.5);
#1266=VECTOR('',#4661,6.2);
#1267=VECTOR('',#4666,2.5);
#1268=VECTOR('',#4673,2.5);
#1269=VECTOR('',#4678,5.5);
#1270=VECTOR('',#4681,5.5);
#1271=VECTOR('',#4686,2.5);
#1272=VECTOR('',#4693,2.5);
#1273=VECTOR('',#4700,2.5);
#1274=VECTOR('',#4707,2.5);
#1275=VECTOR('',#4712,5.5);
#1276=VECTOR('',#4715,5.5);
#1277=VECTOR('',#4720,2.5);
#1278=VECTOR('',#4727,2.5);
#1279=VECTOR('',#4732,6.2);
#1280=VECTOR('',#4735,6.2);
#1281=VECTOR('',#4740,2.5);
#1282=VECTOR('',#4749,2.5);
#1283=VECTOR('',#4754,5.5);
#1284=VECTOR('',#4757,5.5);
#1285=VECTOR('',#4770,0.5);
#1286=VECTOR('',#4773,1.420912420912);
#1287=VECTOR('',#4774,6.7);
#1288=VECTOR('',#4775,1.077955886223);
#1289=VECTOR('',#4782,6.7);
#1290=VECTOR('',#4785,21.);
#1291=VECTOR('',#4786,6.7);
#1292=VECTOR('',#4791,6.7);
#1293=VECTOR('',#4794,1.077955886222);
#1294=VECTOR('',#4795,0.5);
#1295=VECTOR('',#4796,1.420912420912);
#1296=VECTOR('',#4805,0.5);
#1297=VECTOR('',#4822,0.9499999999999);
#1298=VECTOR('',#4829,0.8);
#1299=VECTOR('',#4832,0.4724048867295);
#1300=VECTOR('',#4837,1.077955886223);
#1301=VECTOR('',#4838,1.420912420912);
#1302=VECTOR('',#4839,6.7);
#1303=VECTOR('',#4846,6.7);
#1304=VECTOR('',#4849,21.);
#1305=VECTOR('',#4850,6.7);
#1306=VECTOR('',#4865,0.9499999999999);
#1307=VECTOR('',#4870,0.8);
#1308=VECTOR('',#4877,0.4724048867295);
#1309=VECTOR('',#4886,0.95);
#1310=VECTOR('',#4893,0.8);
#1311=VECTOR('',#4896,0.4724048867295);
#1312=VECTOR('',#4905,16.10049712743);
#1313=VECTOR('',#4912,6.64555651161078);
#1314=VECTOR('',#4919,6.64555651163398);
#1315=VECTOR('',#4926,6.64555651162097);
#1316=VECTOR('',#4933,6.64555651161078);
#1317=VECTOR('',#4948,6.64555651163876);
#1318=VECTOR('',#4955,6.64555651161176);
#1319=VECTOR('',#4962,6.64555651163809);
#1320=VECTOR('',#4967,3.99657518179093);
#1321=VECTOR('',#4978,1.2);
#1322=VECTOR('',#4981,1.2);
#1323=VECTOR('',#4984,1.3);
#1324=VECTOR('',#4985,2.5);
#1325=VECTOR('',#4988,1.3);
#1326=VECTOR('',#4991,2.5);
#1327=VECTOR('',#4994,2.5);
#1328=VECTOR('',#4997,2.5);
#1329=VECTOR('',#4998,2.1);
#1330=VECTOR('',#5001,2.1);
#1331=VECTOR('',#5002,2.5);
#1332=VECTOR('',#5003,0.5);
#1333=VECTOR('',#5006,16.);
#1334=VECTOR('',#5011,0.5);
#1335=VECTOR('',#5012,2.5);
#1336=VECTOR('',#5013,2.5);
#1337=VECTOR('',#5014,2.5);
#1338=VECTOR('',#5015,2.5);
#1339=VECTOR('',#5016,2.5);
#1340=VECTOR('',#5019,2.5);
#1341=VECTOR('',#5022,2.5);
#1342=VECTOR('',#5025,2.5);
#1343=VECTOR('',#5028,2.5);
#1344=VECTOR('',#5031,2.5);
#1345=VECTOR('',#5034,2.5);
#1346=VECTOR('',#5041,0.5);
#1347=VECTOR('',#5052,0.5);
#1348=VECTOR('',#5057,4.6);
#1349=VECTOR('',#5066,5.5);
#1350=VECTOR('',#5077,5.53);
#1351=VECTOR('',#5084,5.5);
#1352=VECTOR('',#5089,5.75);
#1353=VECTOR('',#5104,2.1);
#1354=VECTOR('',#5105,2.1);
#1355=VECTOR('',#5114,12.);
#1356=VECTOR('',#5121,14.);
#1357=VECTOR('',#5130,14.1);
#1358=VECTOR('',#5139,14.);
#1359=VECTOR('',#5146,14.25);
#1360=VECTOR('',#5153,2.5);
#1361=VECTOR('',#5156,2.5);
#1362=VECTOR('',#5159,2.5);
#1363=VECTOR('',#5162,2.5);
#1364=VECTOR('',#5165,2.5);
#1365=VECTOR('',#5168,2.5);
#1366=VECTOR('',#5173,2.5);
#1367=VECTOR('',#5176,2.5);
#1368=VECTOR('',#5179,2.5);
#1369=VECTOR('',#5182,2.5);
#1370=VECTOR('',#5185,2.5);
#1371=VECTOR('',#5188,2.5);
#1372=VECTOR('',#5193,2.5);
#1373=VECTOR('',#5196,2.5);
#1374=VECTOR('',#5205,3.);
#1375=VECTOR('',#5214,1.5);
#1376=VECTOR('',#5221,1.25);
#1377=VECTOR('',#5224,0.6974048867295);
#1378=VECTOR('',#5229,3.);
#1379=VECTOR('',#5238,1.5);
#1380=VECTOR('',#5243,1.25);
#1381=VECTOR('',#5250,0.6974048867295);
#1382=VECTOR('',#5255,3.);
#1383=VECTOR('',#5264,1.5);
#1384=VECTOR('',#5271,1.25);
#1385=VECTOR('',#5274,0.6974048867295);
#1386=VECTOR('',#5283,0.95);
#1387=VECTOR('',#5288,0.8);
#1388=VECTOR('',#5295,0.4724048867295);
#1389=VERTEX_POINT('',#5298);
#1390=VERTEX_POINT('',#5299);
#1391=VERTEX_POINT('',#5301);
#1392=VERTEX_POINT('',#5303);
#1393=VERTEX_POINT('',#5306);
#1394=VERTEX_POINT('',#5307);
#1395=VERTEX_POINT('',#5309);
#1396=VERTEX_POINT('',#5311);
#1397=VERTEX_POINT('',#5313);
#1398=VERTEX_POINT('',#5315);
#1399=VERTEX_POINT('',#5317);
#1400=VERTEX_POINT('',#5319);
#1401=VERTEX_POINT('',#5321);
#1402=VERTEX_POINT('',#5323);
#1403=VERTEX_POINT('',#5325);
#1404=VERTEX_POINT('',#5327);
#1405=VERTEX_POINT('',#5329);
#1406=VERTEX_POINT('',#5331);
#1407=VERTEX_POINT('',#5333);
#1408=VERTEX_POINT('',#5335);
#1409=VERTEX_POINT('',#5337);
#1410=VERTEX_POINT('',#5339);
#1411=VERTEX_POINT('',#5341);
#1412=VERTEX_POINT('',#5343);
#1413=VERTEX_POINT('',#5345);
#1414=VERTEX_POINT('',#5347);
#1415=VERTEX_POINT('',#5349);
#1416=VERTEX_POINT('',#5351);
#1417=VERTEX_POINT('',#5353);
#1418=VERTEX_POINT('',#5355);
#1419=VERTEX_POINT('',#5357);
#1420=VERTEX_POINT('',#5359);
#1421=VERTEX_POINT('',#5361);
#1422=VERTEX_POINT('',#5363);
#1423=VERTEX_POINT('',#5365);
#1424=VERTEX_POINT('',#5367);
#1425=VERTEX_POINT('',#5369);
#1426=VERTEX_POINT('',#5371);
#1427=VERTEX_POINT('',#5373);
#1428=VERTEX_POINT('',#5375);
#1429=VERTEX_POINT('',#5379);
#1430=VERTEX_POINT('',#5390);
#1431=VERTEX_POINT('',#5403);
#1432=VERTEX_POINT('',#5404);
#1433=VERTEX_POINT('',#5406);
#1434=VERTEX_POINT('',#5420);
#1435=VERTEX_POINT('',#5422);
#1436=VERTEX_POINT('',#5424);
#1437=VERTEX_POINT('',#5426);
#1438=VERTEX_POINT('',#5428);
#1439=VERTEX_POINT('',#5430);
#1440=VERTEX_POINT('',#5432);
#1441=VERTEX_POINT('',#5434);
#1442=VERTEX_POINT('',#5438);
#1443=VERTEX_POINT('',#5440);
#1444=VERTEX_POINT('',#5442);
#1445=VERTEX_POINT('',#5444);
#1446=VERTEX_POINT('',#5448);
#1447=VERTEX_POINT('',#5449);
#1448=VERTEX_POINT('',#5452);
#1449=VERTEX_POINT('',#5454);
#1450=VERTEX_POINT('',#5456);
#1451=VERTEX_POINT('',#5458);
#1452=VERTEX_POINT('',#5462);
#1453=VERTEX_POINT('',#5464);
#1454=VERTEX_POINT('',#5468);
#1455=VERTEX_POINT('',#5470);
#1456=VERTEX_POINT('',#5472);
#1457=VERTEX_POINT('',#5476);
#1458=VERTEX_POINT('',#5477);
#1459=VERTEX_POINT('',#5479);
#1460=VERTEX_POINT('',#5481);
#1461=VERTEX_POINT('',#5484);
#1462=VERTEX_POINT('',#5486);
#1463=VERTEX_POINT('',#5495);
#1464=VERTEX_POINT('',#5496);
#1465=VERTEX_POINT('',#5498);
#1466=VERTEX_POINT('',#5500);
#1467=VERTEX_POINT('',#5502);
#1468=VERTEX_POINT('',#5504);
#1469=VERTEX_POINT('',#5506);
#1470=VERTEX_POINT('',#5508);
#1471=VERTEX_POINT('',#5510);
#1472=VERTEX_POINT('',#5512);
#1473=VERTEX_POINT('',#5514);
#1474=VERTEX_POINT('',#5516);
#1475=VERTEX_POINT('',#5518);
#1476=VERTEX_POINT('',#5520);
#1477=VERTEX_POINT('',#5522);
#1478=VERTEX_POINT('',#5524);
#1479=VERTEX_POINT('',#5526);
#1480=VERTEX_POINT('',#5528);
#1481=VERTEX_POINT('',#5530);
#1482=VERTEX_POINT('',#5532);
#1483=VERTEX_POINT('',#5534);
#1484=VERTEX_POINT('',#5536);
#1485=VERTEX_POINT('',#5538);
#1486=VERTEX_POINT('',#5540);
#1487=VERTEX_POINT('',#5542);
#1488=VERTEX_POINT('',#5544);
#1489=VERTEX_POINT('',#5546);
#1490=VERTEX_POINT('',#5548);
#1491=VERTEX_POINT('',#5550);
#1492=VERTEX_POINT('',#5552);
#1493=VERTEX_POINT('',#5554);
#1494=VERTEX_POINT('',#5556);
#1495=VERTEX_POINT('',#5558);
#1496=VERTEX_POINT('',#5560);
#1497=VERTEX_POINT('',#5562);
#1498=VERTEX_POINT('',#5564);
#1499=VERTEX_POINT('',#5566);
#1500=VERTEX_POINT('',#5568);
#1501=VERTEX_POINT('',#5571);
#1502=VERTEX_POINT('',#5573);
#1503=VERTEX_POINT('',#5575);
#1504=VERTEX_POINT('',#5577);
#1505=VERTEX_POINT('',#5579);
#1506=VERTEX_POINT('',#5581);
#1507=VERTEX_POINT('',#5583);
#1508=VERTEX_POINT('',#5585);
#1509=VERTEX_POINT('',#5587);
#1510=VERTEX_POINT('',#5589);
#1511=VERTEX_POINT('',#5591);
#1512=VERTEX_POINT('',#5593);
#1513=VERTEX_POINT('',#5595);
#1514=VERTEX_POINT('',#5597);
#1515=VERTEX_POINT('',#5599);
#1516=VERTEX_POINT('',#5601);
#1517=VERTEX_POINT('',#5603);
#1518=VERTEX_POINT('',#5605);
#1519=VERTEX_POINT('',#5607);
#1520=VERTEX_POINT('',#5609);
#1521=VERTEX_POINT('',#5613);
#1522=VERTEX_POINT('',#5615);
#1523=VERTEX_POINT('',#5619);
#1524=VERTEX_POINT('',#5623);
#1525=VERTEX_POINT('',#5627);
#1526=VERTEX_POINT('',#5631);
#1527=VERTEX_POINT('',#5635);
#1528=VERTEX_POINT('',#5639);
#1529=VERTEX_POINT('',#5643);
#1530=VERTEX_POINT('',#5647);
#1531=VERTEX_POINT('',#5651);
#1532=VERTEX_POINT('',#5655);
#1533=VERTEX_POINT('',#5659);
#1534=VERTEX_POINT('',#5663);
#1535=VERTEX_POINT('',#5667);
#1536=VERTEX_POINT('',#5671);
#1537=VERTEX_POINT('',#5675);
#1538=VERTEX_POINT('',#5679);
#1539=VERTEX_POINT('',#5683);
#1540=VERTEX_POINT('',#5687);
#1541=VERTEX_POINT('',#5691);
#1542=VERTEX_POINT('',#5695);
#1543=VERTEX_POINT('',#5699);
#1544=VERTEX_POINT('',#5703);
#1545=VERTEX_POINT('',#5707);
#1546=VERTEX_POINT('',#5711);
#1547=VERTEX_POINT('',#5715);
#1548=VERTEX_POINT('',#5719);
#1549=VERTEX_POINT('',#5723);
#1550=VERTEX_POINT('',#5727);
#1551=VERTEX_POINT('',#5731);
#1552=VERTEX_POINT('',#5735);
#1553=VERTEX_POINT('',#5739);
#1554=VERTEX_POINT('',#5743);
#1555=VERTEX_POINT('',#5747);
#1556=VERTEX_POINT('',#5751);
#1557=VERTEX_POINT('',#5755);
#1558=VERTEX_POINT('',#5759);
#1559=VERTEX_POINT('',#5765);
#1560=VERTEX_POINT('',#5767);
#1561=VERTEX_POINT('',#5769);
#1562=VERTEX_POINT('',#5771);
#1563=VERTEX_POINT('',#5773);
#1564=VERTEX_POINT('',#5775);
#1565=VERTEX_POINT('',#5777);
#1566=VERTEX_POINT('',#5779);
#1567=VERTEX_POINT('',#5781);
#1568=VERTEX_POINT('',#5783);
#1569=VERTEX_POINT('',#5805);
#1570=VERTEX_POINT('',#5838);
#1571=VERTEX_POINT('',#5885);
#1572=VERTEX_POINT('',#5887);
#1573=VERTEX_POINT('',#5889);
#1574=VERTEX_POINT('',#5891);
#1575=VERTEX_POINT('',#5893);
#1576=VERTEX_POINT('',#5897);
#1577=VERTEX_POINT('',#5901);
#1578=VERTEX_POINT('',#5905);
#1579=VERTEX_POINT('',#5907);
#1580=VERTEX_POINT('',#5912);
#1581=VERTEX_POINT('',#5914);
#1582=VERTEX_POINT('',#5918);
#1583=VERTEX_POINT('',#5920);
#1584=VERTEX_POINT('',#5924);
#1585=VERTEX_POINT('',#5925);
#1586=VERTEX_POINT('',#5927);
#1587=VERTEX_POINT('',#5930);
#1588=VERTEX_POINT('',#5932);
#1589=VERTEX_POINT('',#5936);
#1590=VERTEX_POINT('',#5937);
#1591=VERTEX_POINT('',#5942);
#1592=VERTEX_POINT('',#5943);
#1593=VERTEX_POINT('',#5946);
#1594=VERTEX_POINT('',#5948);
#1595=VERTEX_POINT('',#5950);
#1596=VERTEX_POINT('',#5952);
#1597=VERTEX_POINT('',#5956);
#1598=VERTEX_POINT('',#5957);
#1599=VERTEX_POINT('',#5962);
#1600=VERTEX_POINT('',#5963);
#1601=VERTEX_POINT('',#5968);
#1602=VERTEX_POINT('',#5969);
#1603=VERTEX_POINT('',#5974);
#1604=VERTEX_POINT('',#5975);
#1605=VERTEX_POINT('',#5978);
#1606=VERTEX_POINT('',#5980);
#1607=VERTEX_POINT('',#5982);
#1608=VERTEX_POINT('',#5984);
#1609=VERTEX_POINT('',#5988);
#1610=VERTEX_POINT('',#5989);
#1611=VERTEX_POINT('',#5994);
#1612=VERTEX_POINT('',#5995);
#1613=VERTEX_POINT('',#5998);
#1614=VERTEX_POINT('',#6000);
#1615=VERTEX_POINT('',#6002);
#1616=VERTEX_POINT('',#6004);
#1617=VERTEX_POINT('',#6008);
#1618=VERTEX_POINT('',#6009);
#1619=VERTEX_POINT('',#6014);
#1620=VERTEX_POINT('',#6015);
#1621=VERTEX_POINT('',#6017);
#1622=VERTEX_POINT('',#6020);
#1623=VERTEX_POINT('',#6022);
#1624=VERTEX_POINT('',#6024);
#1625=VERTEX_POINT('',#6032);
#1626=VERTEX_POINT('',#6036);
#1627=VERTEX_POINT('',#6042);
#1628=VERTEX_POINT('',#6046);
#1629=VERTEX_POINT('',#6050);
#1630=VERTEX_POINT('',#6054);
#1631=VERTEX_POINT('',#6061);
#1632=VERTEX_POINT('',#6069);
#1633=VERTEX_POINT('',#6072);
#1634=VERTEX_POINT('',#6073);
#1635=VERTEX_POINT('',#6078);
#1636=VERTEX_POINT('',#6082);
#1637=VERTEX_POINT('',#6087);
#1638=VERTEX_POINT('',#6092);
#1639=VERTEX_POINT('',#6096);
#1640=VERTEX_POINT('',#6103);
#1641=VERTEX_POINT('',#6106);
#1642=VERTEX_POINT('',#6107);
#1643=VERTEX_POINT('',#6112);
#1644=VERTEX_POINT('',#6114);
#1645=VERTEX_POINT('',#6118);
#1646=VERTEX_POINT('',#6121);
#1647=VERTEX_POINT('',#6124);
#1648=VERTEX_POINT('',#6125);
#1649=VERTEX_POINT('',#6130);
#1650=VERTEX_POINT('',#6134);
#1651=VERTEX_POINT('',#6140);
#1652=VERTEX_POINT('',#6142);
#1653=VERTEX_POINT('',#6144);
#1654=VERTEX_POINT('',#6146);
#1655=VERTEX_POINT('',#6148);
#1656=VERTEX_POINT('',#6150);
#1657=VERTEX_POINT('',#6152);
#1658=VERTEX_POINT('',#6154);
#1659=VERTEX_POINT('',#6156);
#1660=VERTEX_POINT('',#6158);
#1661=VERTEX_POINT('',#6160);
#1662=VERTEX_POINT('',#6162);
#1663=VERTEX_POINT('',#6164);
#1664=VERTEX_POINT('',#6166);
#1665=VERTEX_POINT('',#6168);
#1666=VERTEX_POINT('',#6170);
#1667=VERTEX_POINT('',#6172);
#1668=VERTEX_POINT('',#6174);
#1669=VERTEX_POINT('',#6176);
#1670=VERTEX_POINT('',#6178);
#1671=VERTEX_POINT('',#6180);
#1672=VERTEX_POINT('',#6182);
#1673=VERTEX_POINT('',#6184);
#1674=VERTEX_POINT('',#6186);
#1675=VERTEX_POINT('',#6188);
#1676=VERTEX_POINT('',#6190);
#1677=VERTEX_POINT('',#6192);
#1678=VERTEX_POINT('',#6194);
#1679=VERTEX_POINT('',#6196);
#1680=VERTEX_POINT('',#6198);
#1681=VERTEX_POINT('',#6200);
#1682=VERTEX_POINT('',#6202);
#1683=VERTEX_POINT('',#6204);
#1684=VERTEX_POINT('',#6206);
#1685=VERTEX_POINT('',#6208);
#1686=VERTEX_POINT('',#6210);
#1687=VERTEX_POINT('',#6213);
#1688=VERTEX_POINT('',#6215);
#1689=VERTEX_POINT('',#6217);
#1690=VERTEX_POINT('',#6234);
#1691=VERTEX_POINT('',#6236);
#1692=VERTEX_POINT('',#6240);
#1693=VERTEX_POINT('',#6242);
#1694=VERTEX_POINT('',#6244);
#1695=VERTEX_POINT('',#6247);
#1696=VERTEX_POINT('',#6269);
#1697=VERTEX_POINT('',#6273);
#1698=VERTEX_POINT('',#6276);
#1699=VERTEX_POINT('',#6282);
#1700=VERTEX_POINT('',#6286);
#1701=VERTEX_POINT('',#6289);
#1702=VERTEX_POINT('',#6293);
#1703=VERTEX_POINT('',#6296);
#1704=VERTEX_POINT('',#6300);
#1705=VERTEX_POINT('',#6303);
#1706=VERTEX_POINT('',#6307);
#1707=VERTEX_POINT('',#6311);
#1708=VERTEX_POINT('',#6312);
#1709=VERTEX_POINT('',#6316);
#1710=VERTEX_POINT('',#6324);
#1711=VERTEX_POINT('',#6328);
#1712=VERTEX_POINT('',#6331);
#1713=VERTEX_POINT('',#6335);
#1714=VERTEX_POINT('',#6338);
#1715=VERTEX_POINT('',#6342);
#1716=VERTEX_POINT('',#6345);
#1717=VERTEX_POINT('',#6347);
#1718=VERTEX_POINT('',#6351);
#1719=VERTEX_POINT('',#6388);
#1720=VERTEX_POINT('',#6392);
#1721=VERTEX_POINT('',#6395);
#1722=VERTEX_POINT('',#6396);
#1723=VERTEX_POINT('',#6401);
#1724=VERTEX_POINT('',#6405);
#1725=VERTEX_POINT('',#6408);
#1726=VERTEX_POINT('',#6412);
#1727=VERTEX_POINT('',#6415);
#1728=VERTEX_POINT('',#6416);
#1729=VERTEX_POINT('',#6421);
#1730=VERTEX_POINT('',#6423);
#1731=VERTEX_POINT('',#6427);
#1732=VERTEX_POINT('',#6430);
#1733=VERTEX_POINT('',#6434);
#1734=VERTEX_POINT('',#6437);
#1735=VERTEX_POINT('',#6438);
#1736=VERTEX_POINT('',#6443);
#1737=VERTEX_POINT('',#6447);
#1738=VERTEX_POINT('',#6450);
#1739=VERTEX_POINT('',#6453);
#1740=VERTEX_POINT('',#6454);
#1741=VERTEX_POINT('',#6459);
#1742=VERTEX_POINT('',#6461);
#1743=VERTEX_POINT('',#6465);
#1744=EDGE_CURVE('',#1389,#1390,#927,.T.);
#1745=EDGE_CURVE('',#1391,#1389,#629,.T.);
#1746=EDGE_CURVE('',#1392,#1391,#928,.T.);
#1747=EDGE_CURVE('',#1390,#1392,#630,.T.);
#1748=EDGE_CURVE('',#1393,#1394,#631,.T.);
#1749=EDGE_CURVE('',#1395,#1393,#632,.T.);
#1750=EDGE_CURVE('',#1396,#1395,#929,.T.);
#1751=EDGE_CURVE('',#1397,#1396,#633,.T.);
#1752=EDGE_CURVE('',#1398,#1397,#634,.T.);
#1753=EDGE_CURVE('',#1399,#1398,#635,.T.);
#1754=EDGE_CURVE('',#1400,#1399,#930,.T.);
#1755=EDGE_CURVE('',#1401,#1400,#636,.T.);
#1756=EDGE_CURVE('',#1402,#1401,#637,.T.);
#1757=EDGE_CURVE('',#1403,#1402,#638,.T.);
#1758=EDGE_CURVE('',#1404,#1403,#931,.T.);
#1759=EDGE_CURVE('',#1405,#1404,#639,.T.);
#1760=EDGE_CURVE('',#1406,#1405,#640,.T.);
#1761=EDGE_CURVE('',#1407,#1406,#641,.T.);
#1762=EDGE_CURVE('',#1408,#1407,#642,.T.);
#1763=EDGE_CURVE('',#1409,#1408,#643,.T.);
#1764=EDGE_CURVE('',#1410,#1409,#644,.T.);
#1765=EDGE_CURVE('',#1411,#1410,#645,.T.);
#1766=EDGE_CURVE('',#1412,#1411,#932,.T.);
#1767=EDGE_CURVE('',#1413,#1412,#646,.T.);
#1768=EDGE_CURVE('',#1414,#1413,#647,.T.);
#1769=EDGE_CURVE('',#1415,#1414,#648,.T.);
#1770=EDGE_CURVE('',#1416,#1415,#933,.T.);
#1771=EDGE_CURVE('',#1417,#1416,#649,.T.);
#1772=EDGE_CURVE('',#1418,#1417,#650,.T.);
#1773=EDGE_CURVE('',#1419,#1418,#651,.T.);
#1774=EDGE_CURVE('',#1420,#1419,#934,.T.);
#1775=EDGE_CURVE('',#1421,#1420,#652,.T.);
#1776=EDGE_CURVE('',#1422,#1421,#653,.T.);
#1777=EDGE_CURVE('',#1423,#1422,#654,.T.);
#1778=EDGE_CURVE('',#1424,#1423,#935,.T.);
#1779=EDGE_CURVE('',#1425,#1424,#655,.T.);
#1780=EDGE_CURVE('',#1426,#1425,#656,.T.);
#1781=EDGE_CURVE('',#1427,#1426,#657,.T.);
#1782=EDGE_CURVE('',#1428,#1427,#936,.T.);
#1783=EDGE_CURVE('',#1394,#1428,#658,.T.);
#1784=EDGE_CURVE('',#1390,#1429,#34,.T.);
#1785=EDGE_CURVE('',#1430,#1429,#937,.T.);
#1786=EDGE_CURVE('',#1430,#1389,#35,.T.);
#1787=EDGE_CURVE('',#1431,#1432,#938,.T.);
#1788=EDGE_CURVE('',#1431,#1433,#659,.T.);
#1789=EDGE_CURVE('',#1429,#1433,#939,.T.);
#1790=EDGE_CURVE('',#1432,#1392,#36,.T.);
#1791=EDGE_CURVE('',#1434,#1431,#940,.T.);
#1792=EDGE_CURVE('',#1432,#1435,#941,.T.);
#1793=EDGE_CURVE('',#1435,#1436,#942,.T.);
#1794=EDGE_CURVE('',#1436,#1437,#943,.T.);
#1795=EDGE_CURVE('',#1437,#1438,#944,.T.);
#1796=EDGE_CURVE('',#1438,#1439,#945,.T.);
#1797=EDGE_CURVE('',#1439,#1440,#946,.T.);
#1798=EDGE_CURVE('',#1440,#1441,#947,.T.);
#1799=EDGE_CURVE('',#1441,#1434,#948,.T.);
#1800=EDGE_CURVE('',#1434,#1442,#660,.T.);
#1801=EDGE_CURVE('',#1443,#1442,#949,.T.);
#1802=EDGE_CURVE('',#1443,#1444,#661,.T.);
#1803=EDGE_CURVE('',#1445,#1444,#950,.T.);
#1804=EDGE_CURVE('',#1445,#1431,#662,.T.);
#1805=EDGE_CURVE('',#1446,#1447,#663,.T.);
#1806=EDGE_CURVE('',#1433,#1446,#664,.T.);
#1807=EDGE_CURVE('',#1448,#1445,#665,.T.);
#1808=EDGE_CURVE('',#1449,#1448,#951,.T.);
#1809=EDGE_CURVE('',#1450,#1449,#666,.T.);
#1810=EDGE_CURVE('',#1451,#1450,#667,.T.);
#1811=EDGE_CURVE('',#1447,#1451,#952,.T.);
#1812=EDGE_CURVE('',#1452,#1447,#953,.T.);
#1813=EDGE_CURVE('',#1452,#1453,#668,.T.);
#1814=EDGE_CURVE('',#1446,#1453,#954,.T.);
#1815=EDGE_CURVE('',#1433,#1454,#955,.T.);
#1816=EDGE_CURVE('',#1453,#1455,#669,.T.);
#1817=EDGE_CURVE('',#1456,#1455,#956,.T.);
#1818=EDGE_CURVE('',#1456,#1454,#670,.T.);
#1819=EDGE_CURVE('',#1457,#1458,#957,.T.);
#1820=EDGE_CURVE('',#1458,#1459,#958,.T.);
#1821=EDGE_CURVE('',#1459,#1460,#959,.T.);
#1822=EDGE_CURVE('',#1460,#1430,#960,.T.);
#1823=EDGE_CURVE('',#1454,#1461,#961,.T.);
#1824=EDGE_CURVE('',#1461,#1462,#962,.T.);
#1825=EDGE_CURVE('',#1462,#1457,#963,.T.);
#1826=EDGE_CURVE('',#1439,#1457,#671,.T.);
#1827=EDGE_CURVE('',#1458,#1438,#672,.T.);
#1828=EDGE_CURVE('',#1462,#1440,#673,.T.);
#1829=EDGE_CURVE('',#1463,#1464,#674,.F.);
#1830=EDGE_CURVE('',#1465,#1463,#675,.F.);
#1831=EDGE_CURVE('',#1466,#1465,#676,.F.);
#1832=EDGE_CURVE('',#1467,#1466,#677,.T.);
#1833=EDGE_CURVE('',#1468,#1467,#678,.F.);
#1834=EDGE_CURVE('',#1469,#1468,#679,.T.);
#1835=EDGE_CURVE('',#1470,#1469,#680,.F.);
#1836=EDGE_CURVE('',#1471,#1470,#681,.T.);
#1837=EDGE_CURVE('',#1472,#1471,#682,.F.);
#1838=EDGE_CURVE('',#1473,#1472,#683,.T.);
#1839=EDGE_CURVE('',#1474,#1473,#684,.F.);
#1840=EDGE_CURVE('',#1475,#1474,#685,.T.);
#1841=EDGE_CURVE('',#1476,#1475,#686,.F.);
#1842=EDGE_CURVE('',#1477,#1476,#687,.T.);
#1843=EDGE_CURVE('',#1478,#1477,#688,.F.);
#1844=EDGE_CURVE('',#1479,#1478,#689,.T.);
#1845=EDGE_CURVE('',#1480,#1479,#690,.F.);
#1846=EDGE_CURVE('',#1481,#1480,#691,.T.);
#1847=EDGE_CURVE('',#1482,#1481,#692,.F.);
#1848=EDGE_CURVE('',#1483,#1482,#693,.T.);
#1849=EDGE_CURVE('',#1484,#1483,#694,.F.);
#1850=EDGE_CURVE('',#1485,#1484,#695,.T.);
#1851=EDGE_CURVE('',#1486,#1485,#696,.F.);
#1852=EDGE_CURVE('',#1487,#1486,#697,.T.);
#1853=EDGE_CURVE('',#1488,#1487,#698,.F.);
#1854=EDGE_CURVE('',#1489,#1488,#699,.T.);
#1855=EDGE_CURVE('',#1490,#1489,#700,.F.);
#1856=EDGE_CURVE('',#1491,#1490,#701,.T.);
#1857=EDGE_CURVE('',#1492,#1491,#702,.F.);
#1858=EDGE_CURVE('',#1493,#1492,#703,.T.);
#1859=EDGE_CURVE('',#1494,#1493,#704,.F.);
#1860=EDGE_CURVE('',#1495,#1494,#705,.T.);
#1861=EDGE_CURVE('',#1496,#1495,#706,.F.);
#1862=EDGE_CURVE('',#1497,#1496,#707,.T.);
#1863=EDGE_CURVE('',#1498,#1497,#708,.F.);
#1864=EDGE_CURVE('',#1499,#1498,#709,.T.);
#1865=EDGE_CURVE('',#1500,#1499,#710,.F.);
#1866=EDGE_CURVE('',#1464,#1500,#711,.T.);
#1867=EDGE_CURVE('',#1501,#1501,#712,.T.);
#1868=EDGE_CURVE('',#1502,#1502,#713,.T.);
#1869=EDGE_CURVE('',#1503,#1503,#714,.T.);
#1870=EDGE_CURVE('',#1504,#1504,#715,.T.);
#1871=EDGE_CURVE('',#1505,#1505,#716,.T.);
#1872=EDGE_CURVE('',#1506,#1506,#717,.T.);
#1873=EDGE_CURVE('',#1507,#1507,#718,.T.);
#1874=EDGE_CURVE('',#1508,#1508,#719,.T.);
#1875=EDGE_CURVE('',#1440,#1509,#720,.T.);
#1876=EDGE_CURVE('',#1510,#1462,#721,.T.);
#1877=EDGE_CURVE('',#1510,#1511,#964,.F.);
#1878=EDGE_CURVE('',#1512,#1511,#722,.T.);
#1879=EDGE_CURVE('',#1512,#1513,#965,.F.);
#1880=EDGE_CURVE('',#1514,#1513,#723,.T.);
#1881=EDGE_CURVE('',#1514,#1515,#966,.F.);
#1882=EDGE_CURVE('',#1516,#1515,#724,.T.);
#1883=EDGE_CURVE('',#1516,#1517,#967,.F.);
#1884=EDGE_CURVE('',#1518,#1517,#725,.T.);
#1885=EDGE_CURVE('',#1518,#1519,#968,.F.);
#1886=EDGE_CURVE('',#1520,#1519,#726,.T.);
#1887=EDGE_CURVE('',#1520,#1509,#969,.F.);
#1888=EDGE_CURVE('',#1521,#1464,#970,.T.);
#1889=EDGE_CURVE('',#1521,#1522,#727,.T.);
#1890=EDGE_CURVE('',#1463,#1522,#971,.T.);
#1891=EDGE_CURVE('',#1500,#1523,#972,.T.);
#1892=EDGE_CURVE('',#1523,#1521,#728,.T.);
#1893=EDGE_CURVE('',#1524,#1499,#973,.T.);
#1894=EDGE_CURVE('',#1524,#1523,#729,.T.);
#1895=EDGE_CURVE('',#1498,#1525,#974,.T.);
#1896=EDGE_CURVE('',#1525,#1524,#730,.T.);
#1897=EDGE_CURVE('',#1497,#1526,#975,.T.);
#1898=EDGE_CURVE('',#1526,#1525,#731,.T.);
#1899=EDGE_CURVE('',#1496,#1527,#976,.T.);
#1900=EDGE_CURVE('',#1527,#1526,#732,.T.);
#1901=EDGE_CURVE('',#1528,#1495,#977,.T.);
#1902=EDGE_CURVE('',#1528,#1527,#733,.T.);
#1903=EDGE_CURVE('',#1494,#1529,#978,.T.);
#1904=EDGE_CURVE('',#1529,#1528,#734,.T.);
#1905=EDGE_CURVE('',#1493,#1530,#979,.T.);
#1906=EDGE_CURVE('',#1530,#1529,#735,.T.);
#1907=EDGE_CURVE('',#1492,#1531,#980,.T.);
#1908=EDGE_CURVE('',#1531,#1530,#736,.T.);
#1909=EDGE_CURVE('',#1532,#1491,#981,.T.);
#1910=EDGE_CURVE('',#1532,#1531,#737,.T.);
#1911=EDGE_CURVE('',#1490,#1533,#982,.T.);
#1912=EDGE_CURVE('',#1533,#1532,#738,.T.);
#1913=EDGE_CURVE('',#1489,#1534,#983,.T.);
#1914=EDGE_CURVE('',#1534,#1533,#739,.T.);
#1915=EDGE_CURVE('',#1488,#1535,#984,.T.);
#1916=EDGE_CURVE('',#1535,#1534,#740,.T.);
#1917=EDGE_CURVE('',#1536,#1487,#985,.T.);
#1918=EDGE_CURVE('',#1536,#1535,#741,.T.);
#1919=EDGE_CURVE('',#1486,#1537,#986,.T.);
#1920=EDGE_CURVE('',#1537,#1536,#742,.T.);
#1921=EDGE_CURVE('',#1485,#1538,#987,.T.);
#1922=EDGE_CURVE('',#1538,#1537,#743,.T.);
#1923=EDGE_CURVE('',#1484,#1539,#988,.T.);
#1924=EDGE_CURVE('',#1539,#1538,#744,.T.);
#1925=EDGE_CURVE('',#1540,#1483,#989,.T.);
#1926=EDGE_CURVE('',#1540,#1539,#745,.T.);
#1927=EDGE_CURVE('',#1482,#1541,#990,.T.);
#1928=EDGE_CURVE('',#1541,#1540,#746,.T.);
#1929=EDGE_CURVE('',#1481,#1542,#991,.T.);
#1930=EDGE_CURVE('',#1542,#1541,#747,.T.);
#1931=EDGE_CURVE('',#1480,#1543,#992,.T.);
#1932=EDGE_CURVE('',#1543,#1542,#748,.T.);
#1933=EDGE_CURVE('',#1544,#1479,#993,.T.);
#1934=EDGE_CURVE('',#1544,#1543,#749,.T.);
#1935=EDGE_CURVE('',#1478,#1545,#994,.T.);
#1936=EDGE_CURVE('',#1545,#1544,#750,.T.);
#1937=EDGE_CURVE('',#1477,#1546,#995,.T.);
#1938=EDGE_CURVE('',#1546,#1545,#751,.T.);
#1939=EDGE_CURVE('',#1476,#1547,#996,.T.);
#1940=EDGE_CURVE('',#1547,#1546,#752,.T.);
#1941=EDGE_CURVE('',#1548,#1475,#997,.T.);
#1942=EDGE_CURVE('',#1548,#1547,#753,.T.);
#1943=EDGE_CURVE('',#1474,#1549,#998,.T.);
#1944=EDGE_CURVE('',#1549,#1548,#754,.T.);
#1945=EDGE_CURVE('',#1473,#1550,#999,.T.);
#1946=EDGE_CURVE('',#1550,#1549,#755,.T.);
#1947=EDGE_CURVE('',#1472,#1551,#1000,.T.);
#1948=EDGE_CURVE('',#1551,#1550,#756,.T.);
#1949=EDGE_CURVE('',#1552,#1471,#1001,.T.);
#1950=EDGE_CURVE('',#1552,#1551,#757,.T.);
#1951=EDGE_CURVE('',#1470,#1553,#1002,.T.);
#1952=EDGE_CURVE('',#1553,#1552,#758,.T.);
#1953=EDGE_CURVE('',#1469,#1554,#1003,.T.);
#1954=EDGE_CURVE('',#1554,#1553,#759,.T.);
#1955=EDGE_CURVE('',#1468,#1555,#1004,.T.);
#1956=EDGE_CURVE('',#1555,#1554,#760,.T.);
#1957=EDGE_CURVE('',#1467,#1556,#1005,.T.);
#1958=EDGE_CURVE('',#1556,#1555,#761,.T.);
#1959=EDGE_CURVE('',#1466,#1557,#1006,.T.);
#1960=EDGE_CURVE('',#1557,#1556,#762,.T.);
#1961=EDGE_CURVE('',#1465,#1558,#1007,.T.);
#1962=EDGE_CURVE('',#1558,#1557,#763,.T.);
#1963=EDGE_CURVE('',#1522,#1558,#764,.T.);
#1964=EDGE_CURVE('',#1559,#1559,#765,.T.);
#1965=EDGE_CURVE('',#1560,#1560,#766,.T.);
#1966=EDGE_CURVE('',#1561,#1561,#767,.T.);
#1967=EDGE_CURVE('',#1562,#1562,#768,.T.);
#1968=EDGE_CURVE('',#1563,#1563,#769,.T.);
#1969=EDGE_CURVE('',#1564,#1564,#770,.T.);
#1970=EDGE_CURVE('',#1565,#1565,#771,.T.);
#1971=EDGE_CURVE('',#1566,#1566,#772,.T.);
#1972=EDGE_CURVE('',#1567,#1436,#1008,.T.);
#1973=EDGE_CURVE('',#1568,#1567,#773,.T.);
#1974=EDGE_CURVE('',#1460,#1568,#1009,.T.);
#1975=EDGE_CURVE('',#1437,#1459,#774,.T.);
#1976=EDGE_CURVE('',#1506,#1559,#1010,.T.);
#1977=EDGE_CURVE('',#1505,#1560,#1011,.T.);
#1978=EDGE_CURVE('',#1504,#1561,#1012,.T.);
#1979=EDGE_CURVE('',#1503,#1562,#1013,.T.);
#1980=EDGE_CURVE('',#1502,#1563,#1014,.T.);
#1981=EDGE_CURVE('',#1501,#1564,#1015,.T.);
#1982=EDGE_CURVE('',#1508,#1565,#1016,.T.);
#1983=EDGE_CURVE('',#1507,#1566,#1017,.T.);
#1984=EDGE_CURVE('',#1568,#1569,#1018,.T.);
#1985=EDGE_CURVE('',#1569,#1430,#1019,.T.);
#1986=EDGE_CURVE('',#1389,#1569,#1020,.T.);
#1987=EDGE_CURVE('',#1570,#1569,#775,.T.);
#1988=EDGE_CURVE('',#1570,#1391,#1021,.T.);
#1989=EDGE_CURVE('',#1570,#1567,#1022,.T.);
#1990=EDGE_CURVE('',#1435,#1570,#1023,.T.);
#1991=EDGE_CURVE('',#1391,#1435,#37,.T.);
#1992=EDGE_CURVE('',#1571,#1509,#1024,.T.);
#1993=EDGE_CURVE('',#1571,#1572,#776,.T.);
#1994=EDGE_CURVE('',#1573,#1572,#1025,.T.);
#1995=EDGE_CURVE('',#1573,#1574,#777,.T.);
#1996=EDGE_CURVE('',#1574,#1575,#1026,.T.);
#1997=EDGE_CURVE('',#1575,#1441,#778,.T.);
#1998=EDGE_CURVE('',#1576,#1575,#779,.T.);
#1999=EDGE_CURVE('',#1442,#1576,#780,.T.);
#2000=EDGE_CURVE('',#1576,#1577,#1027,.T.);
#2001=EDGE_CURVE('',#1577,#1443,#781,.T.);
#2002=EDGE_CURVE('',#1572,#1578,#782,.T.);
#2003=EDGE_CURVE('',#1579,#1578,#1028,.T.);
#2004=EDGE_CURVE('',#1579,#1577,#783,.T.);
#2005=EDGE_CURVE('',#1574,#1573,#784,.T.);
#2006=EDGE_CURVE('',#1571,#1580,#1029,.T.);
#2007=EDGE_CURVE('',#1581,#1580,#785,.T.);
#2008=EDGE_CURVE('',#1578,#1581,#786,.T.);
#2009=EDGE_CURVE('',#1520,#1582,#1030,.T.);
#2010=EDGE_CURVE('',#1582,#1583,#1031,.T.);
#2011=EDGE_CURVE('',#1583,#1580,#1032,.T.);
#2012=EDGE_CURVE('',#1584,#1585,#1033,.T.);
#2013=EDGE_CURVE('',#1584,#1586,#787,.T.);
#2014=EDGE_CURVE('',#1581,#1586,#1034,.T.);
#2015=EDGE_CURVE('',#1583,#1587,#788,.T.);
#2016=EDGE_CURVE('',#1588,#1587,#1035,.T.);
#2017=EDGE_CURVE('',#1588,#1585,#789,.T.);
#2018=EDGE_CURVE('',#1589,#1590,#1036,.T.);
#2019=EDGE_CURVE('',#1590,#1584,#790,.T.);
#2020=EDGE_CURVE('',#1585,#1589,#791,.T.);
#2021=EDGE_CURVE('',#1591,#1592,#1037,.T.);
#2022=EDGE_CURVE('',#1591,#1590,#792,.T.);
#2023=EDGE_CURVE('',#1589,#1593,#793,.T.);
#2024=EDGE_CURVE('',#1594,#1593,#1038,.T.);
#2025=EDGE_CURVE('',#1594,#1595,#794,.T.);
#2026=EDGE_CURVE('',#1595,#1596,#1039,.T.);
#2027=EDGE_CURVE('',#1596,#1592,#795,.T.);
#2028=EDGE_CURVE('',#1597,#1598,#1040,.T.);
#2029=EDGE_CURVE('',#1598,#1591,#796,.T.);
#2030=EDGE_CURVE('',#1592,#1597,#797,.T.);
#2031=EDGE_CURVE('',#1599,#1600,#1041,.T.);
#2032=EDGE_CURVE('',#1599,#1598,#798,.T.);
#2033=EDGE_CURVE('',#1597,#1600,#799,.T.);
#2034=EDGE_CURVE('',#1601,#1602,#1042,.T.);
#2035=EDGE_CURVE('',#1602,#1599,#800,.T.);
#2036=EDGE_CURVE('',#1600,#1601,#801,.T.);
#2037=EDGE_CURVE('',#1603,#1604,#1043,.T.);
#2038=EDGE_CURVE('',#1603,#1602,#802,.T.);
#2039=EDGE_CURVE('',#1601,#1605,#803,.T.);
#2040=EDGE_CURVE('',#1606,#1605,#1044,.T.);
#2041=EDGE_CURVE('',#1606,#1607,#804,.T.);
#2042=EDGE_CURVE('',#1607,#1608,#1045,.T.);
#2043=EDGE_CURVE('',#1608,#1604,#805,.T.);
#2044=EDGE_CURVE('',#1609,#1610,#1046,.T.);
#2045=EDGE_CURVE('',#1610,#1603,#806,.T.);
#2046=EDGE_CURVE('',#1604,#1609,#807,.T.);
#2047=EDGE_CURVE('',#1611,#1612,#1047,.T.);
#2048=EDGE_CURVE('',#1611,#1610,#808,.T.);
#2049=EDGE_CURVE('',#1609,#1613,#809,.T.);
#2050=EDGE_CURVE('',#1614,#1613,#1048,.T.);
#2051=EDGE_CURVE('',#1614,#1615,#810,.T.);
#2052=EDGE_CURVE('',#1616,#1615,#1049,.T.);
#2053=EDGE_CURVE('',#1616,#1612,#811,.T.);
#2054=EDGE_CURVE('',#1617,#1618,#1050,.T.);
#2055=EDGE_CURVE('',#1618,#1611,#812,.T.);
#2056=EDGE_CURVE('',#1612,#1617,#813,.T.);
#2057=EDGE_CURVE('',#1619,#1620,#814,.T.);
#2058=EDGE_CURVE('',#1621,#1620,#1051,.T.);
#2059=EDGE_CURVE('',#1621,#1618,#815,.T.);
#2060=EDGE_CURVE('',#1617,#1622,#816,.T.);
#2061=EDGE_CURVE('',#1623,#1622,#1052,.T.);
#2062=EDGE_CURVE('',#1623,#1624,#817,.T.);
#2063=EDGE_CURVE('',#1624,#1619,#1053,.T.);
#2064=EDGE_CURVE('',#1620,#1456,#818,.T.);
#2065=EDGE_CURVE('',#1461,#1619,#819,.T.);
#2066=EDGE_CURVE('',#1624,#1623,#820,.T.);
#2067=EDGE_CURVE('',#1622,#1625,#821,.T.);
#2068=EDGE_CURVE('',#1510,#1625,#1054,.T.);
#2069=EDGE_CURVE('',#1615,#1626,#1055,.T.);
#2070=EDGE_CURVE('',#1626,#1511,#1056,.T.);
#2071=EDGE_CURVE('',#1625,#1616,#1057,.T.);
#2072=EDGE_CURVE('',#1626,#1627,#822,.T.);
#2073=EDGE_CURVE('',#1512,#1627,#1058,.T.);
#2074=EDGE_CURVE('',#1627,#1628,#1059,.T.);
#2075=EDGE_CURVE('',#1628,#1513,#1060,.T.);
#2076=EDGE_CURVE('',#1628,#1629,#823,.T.);
#2077=EDGE_CURVE('',#1514,#1629,#1061,.T.);
#2078=EDGE_CURVE('',#1630,#1613,#1062,.T.);
#2079=EDGE_CURVE('',#1630,#1515,#1063,.T.);
#2080=EDGE_CURVE('',#1629,#1614,#1064,.T.);
#2081=EDGE_CURVE('',#1595,#1594,#824,.T.);
#2082=EDGE_CURVE('',#1593,#1631,#825,.T.);
#2083=EDGE_CURVE('',#1516,#1631,#1065,.T.);
#2084=EDGE_CURVE('',#1630,#1608,#826,.T.);
#2085=EDGE_CURVE('',#1607,#1606,#827,.T.);
#2086=EDGE_CURVE('',#1605,#1596,#828,.T.);
#2087=EDGE_CURVE('',#1632,#1632,#829,.T.);
#2088=EDGE_CURVE('',#1633,#1634,#830,.T.);
#2089=EDGE_CURVE('',#1633,#1632,#1066,.T.);
#2090=EDGE_CURVE('',#1634,#1633,#831,.T.);
#2091=EDGE_CURVE('',#1635,#1635,#832,.T.);
#2092=EDGE_CURVE('',#1635,#1634,#1067,.T.);
#2093=EDGE_CURVE('',#1636,#1635,#1068,.T.);
#2094=EDGE_CURVE('',#1588,#1631,#1069,.T.);
#2095=EDGE_CURVE('',#1587,#1637,#1070,.T.);
#2096=EDGE_CURVE('',#1637,#1517,#1071,.T.);
#2097=EDGE_CURVE('',#1637,#1638,#833,.T.);
#2098=EDGE_CURVE('',#1518,#1638,#1072,.T.);
#2099=EDGE_CURVE('',#1638,#1639,#1073,.T.);
#2100=EDGE_CURVE('',#1639,#1519,#1074,.T.);
#2101=EDGE_CURVE('',#1639,#1582,#834,.T.);
#2102=EDGE_CURVE('',#1640,#1640,#835,.T.);
#2103=EDGE_CURVE('',#1641,#1642,#836,.T.);
#2104=EDGE_CURVE('',#1641,#1640,#1075,.T.);
#2105=EDGE_CURVE('',#1642,#1641,#837,.T.);
#2106=EDGE_CURVE('',#1642,#1643,#1076,.T.);
#2107=EDGE_CURVE('',#1643,#1644,#838,.T.);
#2108=EDGE_CURVE('',#1644,#1643,#839,.T.);
#2109=EDGE_CURVE('',#1645,#1644,#1077,.T.);
#2110=EDGE_CURVE('',#1646,#1646,#840,.T.);
#2111=EDGE_CURVE('',#1647,#1648,#841,.T.);
#2112=EDGE_CURVE('',#1647,#1646,#1078,.T.);
#2113=EDGE_CURVE('',#1648,#1647,#842,.T.);
#2114=EDGE_CURVE('',#1649,#1649,#843,.T.);
#2115=EDGE_CURVE('',#1649,#1648,#1079,.T.);
#2116=EDGE_CURVE('',#1650,#1649,#1080,.T.);
#2117=EDGE_CURVE('',#1455,#1621,#844,.T.);
#2118=EDGE_CURVE('',#1586,#1579,#845,.T.);
#2119=EDGE_CURVE('',#1651,#1452,#1081,.T.);
#2120=EDGE_CURVE('',#1652,#1651,#846,.T.);
#2121=EDGE_CURVE('',#1653,#1652,#847,.T.);
#2122=EDGE_CURVE('',#1654,#1653,#848,.T.);
#2123=EDGE_CURVE('',#1655,#1654,#1082,.T.);
#2124=EDGE_CURVE('',#1656,#1655,#849,.T.);
#2125=EDGE_CURVE('',#1657,#1656,#850,.T.);
#2126=EDGE_CURVE('',#1658,#1657,#851,.T.);
#2127=EDGE_CURVE('',#1659,#1658,#1083,.T.);
#2128=EDGE_CURVE('',#1660,#1659,#852,.T.);
#2129=EDGE_CURVE('',#1661,#1660,#853,.T.);
#2130=EDGE_CURVE('',#1662,#1661,#854,.T.);
#2131=EDGE_CURVE('',#1663,#1662,#1084,.T.);
#2132=EDGE_CURVE('',#1664,#1663,#855,.T.);
#2133=EDGE_CURVE('',#1665,#1664,#856,.T.);
#2134=EDGE_CURVE('',#1666,#1665,#857,.T.);
#2135=EDGE_CURVE('',#1667,#1666,#1085,.T.);
#2136=EDGE_CURVE('',#1668,#1667,#858,.T.);
#2137=EDGE_CURVE('',#1669,#1668,#859,.T.);
#2138=EDGE_CURVE('',#1670,#1669,#860,.T.);
#2139=EDGE_CURVE('',#1671,#1670,#861,.T.);
#2140=EDGE_CURVE('',#1672,#1671,#862,.T.);
#2141=EDGE_CURVE('',#1673,#1672,#863,.T.);
#2142=EDGE_CURVE('',#1674,#1673,#864,.T.);
#2143=EDGE_CURVE('',#1675,#1674,#1086,.T.);
#2144=EDGE_CURVE('',#1676,#1675,#865,.T.);
#2145=EDGE_CURVE('',#1677,#1676,#866,.T.);
#2146=EDGE_CURVE('',#1678,#1677,#867,.T.);
#2147=EDGE_CURVE('',#1679,#1678,#1087,.T.);
#2148=EDGE_CURVE('',#1680,#1679,#868,.T.);
#2149=EDGE_CURVE('',#1681,#1680,#869,.T.);
#2150=EDGE_CURVE('',#1682,#1681,#870,.T.);
#2151=EDGE_CURVE('',#1683,#1682,#1088,.T.);
#2152=EDGE_CURVE('',#1684,#1683,#871,.T.);
#2153=EDGE_CURVE('',#1685,#1684,#872,.T.);
#2154=EDGE_CURVE('',#1686,#1685,#1089,.T.);
#2155=EDGE_CURVE('',#1444,#1686,#873,.T.);
#2156=EDGE_CURVE('',#1687,#1687,#874,.T.);
#2157=EDGE_CURVE('',#1688,#1688,#875,.T.);
#2158=EDGE_CURVE('',#1689,#1689,#876,.T.);
#2159=EDGE_CURVE('',#1448,#1686,#1090,.T.);
#2160=EDGE_CURVE('',#1685,#1449,#1091,.T.);
#2161=EDGE_CURVE('',#1450,#1394,#1092,.T.);
#2162=EDGE_CURVE('',#1393,#1684,#1093,.T.);
#2163=EDGE_CURVE('',#1451,#1428,#1094,.T.);
#2164=EDGE_CURVE('',#1427,#1651,#1095,.T.);
#2165=EDGE_CURVE('',#1426,#1652,#1096,.T.);
#2166=EDGE_CURVE('',#1405,#1673,#1097,.T.);
#2167=EDGE_CURVE('',#1672,#1690,#1098,.T.);
#2168=EDGE_CURVE('',#1690,#1691,#877,.T.);
#2169=EDGE_CURVE('',#1691,#1669,#1099,.T.);
#2170=EDGE_CURVE('',#1410,#1668,#1100,.T.);
#2171=EDGE_CURVE('',#1692,#1409,#1101,.T.);
#2172=EDGE_CURVE('',#1692,#1693,#878,.T.);
#2173=EDGE_CURVE('',#1693,#1694,#1102,.T.);
#2174=EDGE_CURVE('',#1694,#1694,#879,.T.);
#2175=EDGE_CURVE('',#1693,#1695,#880,.T.);
#2176=EDGE_CURVE('',#1695,#1406,#1103,.T.);
#2177=EDGE_CURVE('',#1417,#1661,#1104,.T.);
#2178=EDGE_CURVE('',#1418,#1660,#1105,.T.);
#2179=EDGE_CURVE('',#1425,#1653,#1106,.T.);
#2180=EDGE_CURVE('',#1397,#1681,#1107,.T.);
#2181=EDGE_CURVE('',#1398,#1680,#1108,.T.);
#2182=EDGE_CURVE('',#1674,#1404,#1109,.T.);
#2183=EDGE_CURVE('',#1403,#1675,#1110,.T.);
#2184=EDGE_CURVE('',#1402,#1676,#1111,.T.);
#2185=EDGE_CURVE('',#1401,#1677,#1112,.T.);
#2186=EDGE_CURVE('',#1678,#1400,#1113,.T.);
#2187=EDGE_CURVE('',#1399,#1679,#1114,.T.);
#2188=EDGE_CURVE('',#1695,#1696,#881,.T.);
#2189=EDGE_CURVE('',#1696,#1407,#1115,.T.);
#2190=EDGE_CURVE('',#1697,#1692,#882,.T.);
#2191=EDGE_CURVE('',#1696,#1697,#883,.T.);
#2192=EDGE_CURVE('',#1698,#1698,#884,.T.);
#2193=EDGE_CURVE('',#1697,#1408,#1116,.T.);
#2194=EDGE_CURVE('',#1698,#1699,#1117,.T.);
#2195=EDGE_CURVE('',#1699,#1699,#885,.T.);
#2196=EDGE_CURVE('',#1700,#1700,#886,.T.);
#2197=EDGE_CURVE('',#1700,#1701,#1118,.T.);
#2198=EDGE_CURVE('',#1701,#1701,#887,.T.);
#2199=EDGE_CURVE('',#1702,#1702,#888,.T.);
#2200=EDGE_CURVE('',#1703,#1703,#889,.T.);
#2201=EDGE_CURVE('',#1703,#1702,#1119,.T.);
#2202=EDGE_CURVE('',#1704,#1704,#890,.T.);
#2203=EDGE_CURVE('',#1704,#1705,#1120,.T.);
#2204=EDGE_CURVE('',#1705,#1705,#891,.T.);
#2205=EDGE_CURVE('',#1705,#1706,#1121,.T.);
#2206=EDGE_CURVE('',#1706,#1706,#892,.T.);
#2207=EDGE_CURVE('',#1707,#1708,#893,.T.);
#2208=EDGE_CURVE('',#1691,#1707,#894,.T.);
#2209=EDGE_CURVE('',#1708,#1690,#895,.T.);
#2210=EDGE_CURVE('',#1709,#1709,#896,.T.);
#2211=EDGE_CURVE('',#1707,#1670,#1122,.T.);
#2212=EDGE_CURVE('',#1671,#1708,#1123,.T.);
#2213=EDGE_CURVE('',#1710,#1710,#897,.T.);
#2214=EDGE_CURVE('',#1710,#1709,#1124,.T.);
#2215=EDGE_CURVE('',#1711,#1711,#898,.T.);
#2216=EDGE_CURVE('',#1711,#1712,#1125,.T.);
#2217=EDGE_CURVE('',#1712,#1712,#899,.T.);
#2218=EDGE_CURVE('',#1713,#1713,#900,.T.);
#2219=EDGE_CURVE('',#1713,#1714,#1126,.T.);
#2220=EDGE_CURVE('',#1714,#1714,#901,.T.);
#2221=EDGE_CURVE('',#1715,#1715,#902,.T.);
#2222=EDGE_CURVE('',#1715,#1716,#1127,.T.);
#2223=EDGE_CURVE('',#1716,#1717,#903,.T.);
#2224=EDGE_CURVE('',#1717,#1716,#904,.T.);
#2225=EDGE_CURVE('',#1717,#1718,#1128,.T.);
#2226=EDGE_CURVE('',#1718,#1718,#905,.T.);
#2227=EDGE_CURVE('',#1419,#1659,#1129,.T.);
#2228=EDGE_CURVE('',#1658,#1420,#1130,.T.);
#2229=EDGE_CURVE('',#1421,#1657,#1131,.T.);
#2230=EDGE_CURVE('',#1422,#1656,#1132,.T.);
#2231=EDGE_CURVE('',#1423,#1655,#1133,.T.);
#2232=EDGE_CURVE('',#1654,#1424,#1134,.T.);
#2233=EDGE_CURVE('',#1662,#1416,#1135,.T.);
#2234=EDGE_CURVE('',#1415,#1663,#1136,.T.);
#2235=EDGE_CURVE('',#1414,#1664,#1137,.T.);
#2236=EDGE_CURVE('',#1413,#1665,#1138,.T.);
#2237=EDGE_CURVE('',#1666,#1412,#1139,.T.);
#2238=EDGE_CURVE('',#1411,#1667,#1140,.T.);
#2239=EDGE_CURVE('',#1682,#1396,#1141,.T.);
#2240=EDGE_CURVE('',#1395,#1683,#1142,.T.);
#2241=EDGE_CURVE('',#1719,#1719,#906,.T.);
#2242=EDGE_CURVE('',#1719,#1687,#1143,.T.);
#2243=EDGE_CURVE('',#1720,#1720,#907,.T.);
#2244=EDGE_CURVE('',#1721,#1722,#908,.T.);
#2245=EDGE_CURVE('',#1721,#1720,#1144,.T.);
#2246=EDGE_CURVE('',#1722,#1721,#909,.T.);
#2247=EDGE_CURVE('',#1723,#1723,#910,.T.);
#2248=EDGE_CURVE('',#1723,#1722,#1145,.T.);
#2249=EDGE_CURVE('',#1724,#1723,#1146,.T.);
#2250=EDGE_CURVE('',#1725,#1725,#911,.T.);
#2251=EDGE_CURVE('',#1725,#1688,#1147,.T.);
#2252=EDGE_CURVE('',#1726,#1726,#912,.T.);
#2253=EDGE_CURVE('',#1727,#1728,#913,.T.);
#2254=EDGE_CURVE('',#1727,#1726,#1148,.T.);
#2255=EDGE_CURVE('',#1728,#1727,#914,.T.);
#2256=EDGE_CURVE('',#1728,#1729,#1149,.T.);
#2257=EDGE_CURVE('',#1729,#1730,#915,.T.);
#2258=EDGE_CURVE('',#1730,#1729,#916,.T.);
#2259=EDGE_CURVE('',#1731,#1730,#1150,.T.);
#2260=EDGE_CURVE('',#1732,#1732,#917,.T.);
#2261=EDGE_CURVE('',#1732,#1689,#1151,.T.);
#2262=EDGE_CURVE('',#1733,#1733,#918,.T.);
#2263=EDGE_CURVE('',#1734,#1735,#919,.T.);
#2264=EDGE_CURVE('',#1734,#1733,#1152,.T.);
#2265=EDGE_CURVE('',#1735,#1734,#920,.T.);
#2266=EDGE_CURVE('',#1736,#1736,#921,.T.);
#2267=EDGE_CURVE('',#1736,#1735,#1153,.T.);
#2268=EDGE_CURVE('',#1737,#1736,#1154,.T.);
#2269=EDGE_CURVE('',#1738,#1738,#922,.T.);
#2270=EDGE_CURVE('',#1739,#1740,#923,.T.);
#2271=EDGE_CURVE('',#1739,#1738,#1155,.T.);
#2272=EDGE_CURVE('',#1740,#1739,#924,.T.);
#2273=EDGE_CURVE('',#1740,#1741,#1156,.T.);
#2274=EDGE_CURVE('',#1741,#1742,#925,.T.);
#2275=EDGE_CURVE('',#1742,#1741,#926,.T.);
#2276=EDGE_CURVE('',#1743,#1742,#1157,.T.);
#2277=ORIENTED_EDGE('',*,*,#1744,.F.);
#2278=ORIENTED_EDGE('',*,*,#1745,.F.);
#2279=ORIENTED_EDGE('',*,*,#1746,.F.);
#2280=ORIENTED_EDGE('',*,*,#1747,.F.);
#2281=ORIENTED_EDGE('',*,*,#1748,.F.);
#2282=ORIENTED_EDGE('',*,*,#1749,.F.);
#2283=ORIENTED_EDGE('',*,*,#1750,.F.);
#2284=ORIENTED_EDGE('',*,*,#1751,.F.);
#2285=ORIENTED_EDGE('',*,*,#1752,.F.);
#2286=ORIENTED_EDGE('',*,*,#1753,.F.);
#2287=ORIENTED_EDGE('',*,*,#1754,.F.);
#2288=ORIENTED_EDGE('',*,*,#1755,.F.);
#2289=ORIENTED_EDGE('',*,*,#1756,.F.);
#2290=ORIENTED_EDGE('',*,*,#1757,.F.);
#2291=ORIENTED_EDGE('',*,*,#1758,.F.);
#2292=ORIENTED_EDGE('',*,*,#1759,.F.);
#2293=ORIENTED_EDGE('',*,*,#1760,.F.);
#2294=ORIENTED_EDGE('',*,*,#1761,.F.);
#2295=ORIENTED_EDGE('',*,*,#1762,.F.);
#2296=ORIENTED_EDGE('',*,*,#1763,.F.);
#2297=ORIENTED_EDGE('',*,*,#1764,.F.);
#2298=ORIENTED_EDGE('',*,*,#1765,.F.);
#2299=ORIENTED_EDGE('',*,*,#1766,.F.);
#2300=ORIENTED_EDGE('',*,*,#1767,.F.);
#2301=ORIENTED_EDGE('',*,*,#1768,.F.);
#2302=ORIENTED_EDGE('',*,*,#1769,.F.);
#2303=ORIENTED_EDGE('',*,*,#1770,.F.);
#2304=ORIENTED_EDGE('',*,*,#1771,.F.);
#2305=ORIENTED_EDGE('',*,*,#1772,.F.);
#2306=ORIENTED_EDGE('',*,*,#1773,.F.);
#2307=ORIENTED_EDGE('',*,*,#1774,.F.);
#2308=ORIENTED_EDGE('',*,*,#1775,.F.);
#2309=ORIENTED_EDGE('',*,*,#1776,.F.);
#2310=ORIENTED_EDGE('',*,*,#1777,.F.);
#2311=ORIENTED_EDGE('',*,*,#1778,.F.);
#2312=ORIENTED_EDGE('',*,*,#1779,.F.);
#2313=ORIENTED_EDGE('',*,*,#1780,.F.);
#2314=ORIENTED_EDGE('',*,*,#1781,.F.);
#2315=ORIENTED_EDGE('',*,*,#1782,.F.);
#2316=ORIENTED_EDGE('',*,*,#1783,.F.);
#2317=ORIENTED_EDGE('',*,*,#1784,.T.);
#2318=ORIENTED_EDGE('',*,*,#1785,.F.);
#2319=ORIENTED_EDGE('',*,*,#1786,.T.);
#2320=ORIENTED_EDGE('',*,*,#1744,.T.);
#2321=ORIENTED_EDGE('',*,*,#1787,.F.);
#2322=ORIENTED_EDGE('',*,*,#1788,.T.);
#2323=ORIENTED_EDGE('',*,*,#1789,.F.);
#2324=ORIENTED_EDGE('',*,*,#1784,.F.);
#2325=ORIENTED_EDGE('',*,*,#1747,.T.);
#2326=ORIENTED_EDGE('',*,*,#1790,.F.);
#2327=ORIENTED_EDGE('',*,*,#1791,.T.);
#2328=ORIENTED_EDGE('',*,*,#1787,.T.);
#2329=ORIENTED_EDGE('',*,*,#1792,.T.);
#2330=ORIENTED_EDGE('',*,*,#1793,.T.);
#2331=ORIENTED_EDGE('',*,*,#1794,.T.);
#2332=ORIENTED_EDGE('',*,*,#1795,.T.);
#2333=ORIENTED_EDGE('',*,*,#1796,.T.);
#2334=ORIENTED_EDGE('',*,*,#1797,.T.);
#2335=ORIENTED_EDGE('',*,*,#1798,.T.);
#2336=ORIENTED_EDGE('',*,*,#1799,.T.);
#2337=ORIENTED_EDGE('',*,*,#1791,.F.);
#2338=ORIENTED_EDGE('',*,*,#1800,.T.);
#2339=ORIENTED_EDGE('',*,*,#1801,.F.);
#2340=ORIENTED_EDGE('',*,*,#1802,.T.);
#2341=ORIENTED_EDGE('',*,*,#1803,.F.);
#2342=ORIENTED_EDGE('',*,*,#1804,.T.);
#2343=ORIENTED_EDGE('',*,*,#1805,.F.);
#2344=ORIENTED_EDGE('',*,*,#1806,.F.);
#2345=ORIENTED_EDGE('',*,*,#1788,.F.);
#2346=ORIENTED_EDGE('',*,*,#1804,.F.);
#2347=ORIENTED_EDGE('',*,*,#1807,.F.);
#2348=ORIENTED_EDGE('',*,*,#1808,.F.);
#2349=ORIENTED_EDGE('',*,*,#1809,.F.);
#2350=ORIENTED_EDGE('',*,*,#1810,.F.);
#2351=ORIENTED_EDGE('',*,*,#1811,.F.);
#2352=ORIENTED_EDGE('',*,*,#1805,.T.);
#2353=ORIENTED_EDGE('',*,*,#1812,.F.);
#2354=ORIENTED_EDGE('',*,*,#1813,.T.);
#2355=ORIENTED_EDGE('',*,*,#1814,.F.);
#2356=ORIENTED_EDGE('',*,*,#1815,.F.);
#2357=ORIENTED_EDGE('',*,*,#1806,.T.);
#2358=ORIENTED_EDGE('',*,*,#1814,.T.);
#2359=ORIENTED_EDGE('',*,*,#1816,.T.);
#2360=ORIENTED_EDGE('',*,*,#1817,.F.);
#2361=ORIENTED_EDGE('',*,*,#1818,.T.);
#2362=ORIENTED_EDGE('',*,*,#1819,.T.);
#2363=ORIENTED_EDGE('',*,*,#1820,.T.);
#2364=ORIENTED_EDGE('',*,*,#1821,.T.);
#2365=ORIENTED_EDGE('',*,*,#1822,.T.);
#2366=ORIENTED_EDGE('',*,*,#1785,.T.);
#2367=ORIENTED_EDGE('',*,*,#1789,.T.);
#2368=ORIENTED_EDGE('',*,*,#1815,.T.);
#2369=ORIENTED_EDGE('',*,*,#1823,.T.);
#2370=ORIENTED_EDGE('',*,*,#1824,.T.);
#2371=ORIENTED_EDGE('',*,*,#1825,.T.);
#2372=ORIENTED_EDGE('',*,*,#1826,.F.);
#2373=ORIENTED_EDGE('',*,*,#1796,.F.);
#2374=ORIENTED_EDGE('',*,*,#1827,.F.);
#2375=ORIENTED_EDGE('',*,*,#1819,.F.);
#2376=ORIENTED_EDGE('',*,*,#1828,.T.);
#2377=ORIENTED_EDGE('',*,*,#1797,.F.);
#2378=ORIENTED_EDGE('',*,*,#1826,.T.);
#2379=ORIENTED_EDGE('',*,*,#1825,.F.);
#2380=ORIENTED_EDGE('',*,*,#1829,.F.);
#2381=ORIENTED_EDGE('',*,*,#1830,.F.);
#2382=ORIENTED_EDGE('',*,*,#1831,.F.);
#2383=ORIENTED_EDGE('',*,*,#1832,.F.);
#2384=ORIENTED_EDGE('',*,*,#1833,.F.);
#2385=ORIENTED_EDGE('',*,*,#1834,.F.);
#2386=ORIENTED_EDGE('',*,*,#1835,.F.);
#2387=ORIENTED_EDGE('',*,*,#1836,.F.);
#2388=ORIENTED_EDGE('',*,*,#1837,.F.);
#2389=ORIENTED_EDGE('',*,*,#1838,.F.);
#2390=ORIENTED_EDGE('',*,*,#1839,.F.);
#2391=ORIENTED_EDGE('',*,*,#1840,.F.);
#2392=ORIENTED_EDGE('',*,*,#1841,.F.);
#2393=ORIENTED_EDGE('',*,*,#1842,.F.);
#2394=ORIENTED_EDGE('',*,*,#1843,.F.);
#2395=ORIENTED_EDGE('',*,*,#1844,.F.);
#2396=ORIENTED_EDGE('',*,*,#1845,.F.);
#2397=ORIENTED_EDGE('',*,*,#1846,.F.);
#2398=ORIENTED_EDGE('',*,*,#1847,.F.);
#2399=ORIENTED_EDGE('',*,*,#1848,.F.);
#2400=ORIENTED_EDGE('',*,*,#1849,.F.);
#2401=ORIENTED_EDGE('',*,*,#1850,.F.);
#2402=ORIENTED_EDGE('',*,*,#1851,.F.);
#2403=ORIENTED_EDGE('',*,*,#1852,.F.);
#2404=ORIENTED_EDGE('',*,*,#1853,.F.);
#2405=ORIENTED_EDGE('',*,*,#1854,.F.);
#2406=ORIENTED_EDGE('',*,*,#1855,.F.);
#2407=ORIENTED_EDGE('',*,*,#1856,.F.);
#2408=ORIENTED_EDGE('',*,*,#1857,.F.);
#2409=ORIENTED_EDGE('',*,*,#1858,.F.);
#2410=ORIENTED_EDGE('',*,*,#1859,.F.);
#2411=ORIENTED_EDGE('',*,*,#1860,.F.);
#2412=ORIENTED_EDGE('',*,*,#1861,.F.);
#2413=ORIENTED_EDGE('',*,*,#1862,.F.);
#2414=ORIENTED_EDGE('',*,*,#1863,.F.);
#2415=ORIENTED_EDGE('',*,*,#1864,.F.);
#2416=ORIENTED_EDGE('',*,*,#1865,.F.);
#2417=ORIENTED_EDGE('',*,*,#1866,.F.);
#2418=ORIENTED_EDGE('',*,*,#1867,.F.);
#2419=ORIENTED_EDGE('',*,*,#1868,.F.);
#2420=ORIENTED_EDGE('',*,*,#1869,.F.);
#2421=ORIENTED_EDGE('',*,*,#1870,.F.);
#2422=ORIENTED_EDGE('',*,*,#1871,.F.);
#2423=ORIENTED_EDGE('',*,*,#1872,.F.);
#2424=ORIENTED_EDGE('',*,*,#1873,.F.);
#2425=ORIENTED_EDGE('',*,*,#1874,.F.);
#2426=ORIENTED_EDGE('',*,*,#1875,.F.);
#2427=ORIENTED_EDGE('',*,*,#1828,.F.);
#2428=ORIENTED_EDGE('',*,*,#1876,.F.);
#2429=ORIENTED_EDGE('',*,*,#1877,.T.);
#2430=ORIENTED_EDGE('',*,*,#1878,.F.);
#2431=ORIENTED_EDGE('',*,*,#1879,.T.);
#2432=ORIENTED_EDGE('',*,*,#1880,.F.);
#2433=ORIENTED_EDGE('',*,*,#1881,.T.);
#2434=ORIENTED_EDGE('',*,*,#1882,.F.);
#2435=ORIENTED_EDGE('',*,*,#1883,.T.);
#2436=ORIENTED_EDGE('',*,*,#1884,.F.);
#2437=ORIENTED_EDGE('',*,*,#1885,.T.);
#2438=ORIENTED_EDGE('',*,*,#1886,.F.);
#2439=ORIENTED_EDGE('',*,*,#1887,.T.);
#2440=ORIENTED_EDGE('',*,*,#1888,.F.);
#2441=ORIENTED_EDGE('',*,*,#1889,.T.);
#2442=ORIENTED_EDGE('',*,*,#1890,.F.);
#2443=ORIENTED_EDGE('',*,*,#1829,.T.);
#2444=ORIENTED_EDGE('',*,*,#1891,.T.);
#2445=ORIENTED_EDGE('',*,*,#1892,.T.);
#2446=ORIENTED_EDGE('',*,*,#1888,.T.);
#2447=ORIENTED_EDGE('',*,*,#1866,.T.);
#2448=ORIENTED_EDGE('',*,*,#1893,.F.);
#2449=ORIENTED_EDGE('',*,*,#1894,.T.);
#2450=ORIENTED_EDGE('',*,*,#1891,.F.);
#2451=ORIENTED_EDGE('',*,*,#1865,.T.);
#2452=ORIENTED_EDGE('',*,*,#1895,.T.);
#2453=ORIENTED_EDGE('',*,*,#1896,.T.);
#2454=ORIENTED_EDGE('',*,*,#1893,.T.);
#2455=ORIENTED_EDGE('',*,*,#1864,.T.);
#2456=ORIENTED_EDGE('',*,*,#1897,.T.);
#2457=ORIENTED_EDGE('',*,*,#1898,.T.);
#2458=ORIENTED_EDGE('',*,*,#1895,.F.);
#2459=ORIENTED_EDGE('',*,*,#1863,.T.);
#2460=ORIENTED_EDGE('',*,*,#1899,.T.);
#2461=ORIENTED_EDGE('',*,*,#1900,.T.);
#2462=ORIENTED_EDGE('',*,*,#1897,.F.);
#2463=ORIENTED_EDGE('',*,*,#1862,.T.);
#2464=ORIENTED_EDGE('',*,*,#1901,.F.);
#2465=ORIENTED_EDGE('',*,*,#1902,.T.);
#2466=ORIENTED_EDGE('',*,*,#1899,.F.);
#2467=ORIENTED_EDGE('',*,*,#1861,.T.);
#2468=ORIENTED_EDGE('',*,*,#1903,.T.);
#2469=ORIENTED_EDGE('',*,*,#1904,.T.);
#2470=ORIENTED_EDGE('',*,*,#1901,.T.);
#2471=ORIENTED_EDGE('',*,*,#1860,.T.);
#2472=ORIENTED_EDGE('',*,*,#1905,.T.);
#2473=ORIENTED_EDGE('',*,*,#1906,.T.);
#2474=ORIENTED_EDGE('',*,*,#1903,.F.);
#2475=ORIENTED_EDGE('',*,*,#1859,.T.);
#2476=ORIENTED_EDGE('',*,*,#1907,.T.);
#2477=ORIENTED_EDGE('',*,*,#1908,.T.);
#2478=ORIENTED_EDGE('',*,*,#1905,.F.);
#2479=ORIENTED_EDGE('',*,*,#1858,.T.);
#2480=ORIENTED_EDGE('',*,*,#1909,.F.);
#2481=ORIENTED_EDGE('',*,*,#1910,.T.);
#2482=ORIENTED_EDGE('',*,*,#1907,.F.);
#2483=ORIENTED_EDGE('',*,*,#1857,.T.);
#2484=ORIENTED_EDGE('',*,*,#1911,.T.);
#2485=ORIENTED_EDGE('',*,*,#1912,.T.);
#2486=ORIENTED_EDGE('',*,*,#1909,.T.);
#2487=ORIENTED_EDGE('',*,*,#1856,.T.);
#2488=ORIENTED_EDGE('',*,*,#1913,.T.);
#2489=ORIENTED_EDGE('',*,*,#1914,.T.);
#2490=ORIENTED_EDGE('',*,*,#1911,.F.);
#2491=ORIENTED_EDGE('',*,*,#1855,.T.);
#2492=ORIENTED_EDGE('',*,*,#1915,.T.);
#2493=ORIENTED_EDGE('',*,*,#1916,.T.);
#2494=ORIENTED_EDGE('',*,*,#1913,.F.);
#2495=ORIENTED_EDGE('',*,*,#1854,.T.);
#2496=ORIENTED_EDGE('',*,*,#1917,.F.);
#2497=ORIENTED_EDGE('',*,*,#1918,.T.);
#2498=ORIENTED_EDGE('',*,*,#1915,.F.);
#2499=ORIENTED_EDGE('',*,*,#1853,.T.);
#2500=ORIENTED_EDGE('',*,*,#1919,.T.);
#2501=ORIENTED_EDGE('',*,*,#1920,.T.);
#2502=ORIENTED_EDGE('',*,*,#1917,.T.);
#2503=ORIENTED_EDGE('',*,*,#1852,.T.);
#2504=ORIENTED_EDGE('',*,*,#1921,.T.);
#2505=ORIENTED_EDGE('',*,*,#1922,.T.);
#2506=ORIENTED_EDGE('',*,*,#1919,.F.);
#2507=ORIENTED_EDGE('',*,*,#1851,.T.);
#2508=ORIENTED_EDGE('',*,*,#1923,.T.);
#2509=ORIENTED_EDGE('',*,*,#1924,.T.);
#2510=ORIENTED_EDGE('',*,*,#1921,.F.);
#2511=ORIENTED_EDGE('',*,*,#1850,.T.);
#2512=ORIENTED_EDGE('',*,*,#1925,.F.);
#2513=ORIENTED_EDGE('',*,*,#1926,.T.);
#2514=ORIENTED_EDGE('',*,*,#1923,.F.);
#2515=ORIENTED_EDGE('',*,*,#1849,.T.);
#2516=ORIENTED_EDGE('',*,*,#1927,.T.);
#2517=ORIENTED_EDGE('',*,*,#1928,.T.);
#2518=ORIENTED_EDGE('',*,*,#1925,.T.);
#2519=ORIENTED_EDGE('',*,*,#1848,.T.);
#2520=ORIENTED_EDGE('',*,*,#1929,.T.);
#2521=ORIENTED_EDGE('',*,*,#1930,.T.);
#2522=ORIENTED_EDGE('',*,*,#1927,.F.);
#2523=ORIENTED_EDGE('',*,*,#1847,.T.);
#2524=ORIENTED_EDGE('',*,*,#1931,.T.);
#2525=ORIENTED_EDGE('',*,*,#1932,.T.);
#2526=ORIENTED_EDGE('',*,*,#1929,.F.);
#2527=ORIENTED_EDGE('',*,*,#1846,.T.);
#2528=ORIENTED_EDGE('',*,*,#1933,.F.);
#2529=ORIENTED_EDGE('',*,*,#1934,.T.);
#2530=ORIENTED_EDGE('',*,*,#1931,.F.);
#2531=ORIENTED_EDGE('',*,*,#1845,.T.);
#2532=ORIENTED_EDGE('',*,*,#1935,.T.);
#2533=ORIENTED_EDGE('',*,*,#1936,.T.);
#2534=ORIENTED_EDGE('',*,*,#1933,.T.);
#2535=ORIENTED_EDGE('',*,*,#1844,.T.);
#2536=ORIENTED_EDGE('',*,*,#1937,.T.);
#2537=ORIENTED_EDGE('',*,*,#1938,.T.);
#2538=ORIENTED_EDGE('',*,*,#1935,.F.);
#2539=ORIENTED_EDGE('',*,*,#1843,.T.);
#2540=ORIENTED_EDGE('',*,*,#1939,.T.);
#2541=ORIENTED_EDGE('',*,*,#1940,.T.);
#2542=ORIENTED_EDGE('',*,*,#1937,.F.);
#2543=ORIENTED_EDGE('',*,*,#1842,.T.);
#2544=ORIENTED_EDGE('',*,*,#1941,.F.);
#2545=ORIENTED_EDGE('',*,*,#1942,.T.);
#2546=ORIENTED_EDGE('',*,*,#1939,.F.);
#2547=ORIENTED_EDGE('',*,*,#1841,.T.);
#2548=ORIENTED_EDGE('',*,*,#1943,.T.);
#2549=ORIENTED_EDGE('',*,*,#1944,.T.);
#2550=ORIENTED_EDGE('',*,*,#1941,.T.);
#2551=ORIENTED_EDGE('',*,*,#1840,.T.);
#2552=ORIENTED_EDGE('',*,*,#1945,.T.);
#2553=ORIENTED_EDGE('',*,*,#1946,.T.);
#2554=ORIENTED_EDGE('',*,*,#1943,.F.);
#2555=ORIENTED_EDGE('',*,*,#1839,.T.);
#2556=ORIENTED_EDGE('',*,*,#1947,.T.);
#2557=ORIENTED_EDGE('',*,*,#1948,.T.);
#2558=ORIENTED_EDGE('',*,*,#1945,.F.);
#2559=ORIENTED_EDGE('',*,*,#1838,.T.);
#2560=ORIENTED_EDGE('',*,*,#1949,.F.);
#2561=ORIENTED_EDGE('',*,*,#1950,.T.);
#2562=ORIENTED_EDGE('',*,*,#1947,.F.);
#2563=ORIENTED_EDGE('',*,*,#1837,.T.);
#2564=ORIENTED_EDGE('',*,*,#1951,.T.);
#2565=ORIENTED_EDGE('',*,*,#1952,.T.);
#2566=ORIENTED_EDGE('',*,*,#1949,.T.);
#2567=ORIENTED_EDGE('',*,*,#1836,.T.);
#2568=ORIENTED_EDGE('',*,*,#1953,.T.);
#2569=ORIENTED_EDGE('',*,*,#1954,.T.);
#2570=ORIENTED_EDGE('',*,*,#1951,.F.);
#2571=ORIENTED_EDGE('',*,*,#1835,.T.);
#2572=ORIENTED_EDGE('',*,*,#1955,.T.);
#2573=ORIENTED_EDGE('',*,*,#1956,.T.);
#2574=ORIENTED_EDGE('',*,*,#1953,.F.);
#2575=ORIENTED_EDGE('',*,*,#1834,.T.);
#2576=ORIENTED_EDGE('',*,*,#1957,.T.);
#2577=ORIENTED_EDGE('',*,*,#1958,.T.);
#2578=ORIENTED_EDGE('',*,*,#1955,.F.);
#2579=ORIENTED_EDGE('',*,*,#1833,.T.);
#2580=ORIENTED_EDGE('',*,*,#1959,.T.);
#2581=ORIENTED_EDGE('',*,*,#1960,.T.);
#2582=ORIENTED_EDGE('',*,*,#1957,.F.);
#2583=ORIENTED_EDGE('',*,*,#1832,.T.);
#2584=ORIENTED_EDGE('',*,*,#1961,.T.);
#2585=ORIENTED_EDGE('',*,*,#1962,.T.);
#2586=ORIENTED_EDGE('',*,*,#1959,.F.);
#2587=ORIENTED_EDGE('',*,*,#1831,.T.);
#2588=ORIENTED_EDGE('',*,*,#1890,.T.);
#2589=ORIENTED_EDGE('',*,*,#1963,.T.);
#2590=ORIENTED_EDGE('',*,*,#1961,.F.);
#2591=ORIENTED_EDGE('',*,*,#1830,.T.);
#2592=ORIENTED_EDGE('',*,*,#1926,.F.);
#2593=ORIENTED_EDGE('',*,*,#1928,.F.);
#2594=ORIENTED_EDGE('',*,*,#1930,.F.);
#2595=ORIENTED_EDGE('',*,*,#1932,.F.);
#2596=ORIENTED_EDGE('',*,*,#1934,.F.);
#2597=ORIENTED_EDGE('',*,*,#1936,.F.);
#2598=ORIENTED_EDGE('',*,*,#1938,.F.);
#2599=ORIENTED_EDGE('',*,*,#1940,.F.);
#2600=ORIENTED_EDGE('',*,*,#1942,.F.);
#2601=ORIENTED_EDGE('',*,*,#1944,.F.);
#2602=ORIENTED_EDGE('',*,*,#1946,.F.);
#2603=ORIENTED_EDGE('',*,*,#1948,.F.);
#2604=ORIENTED_EDGE('',*,*,#1950,.F.);
#2605=ORIENTED_EDGE('',*,*,#1952,.F.);
#2606=ORIENTED_EDGE('',*,*,#1954,.F.);
#2607=ORIENTED_EDGE('',*,*,#1956,.F.);
#2608=ORIENTED_EDGE('',*,*,#1958,.F.);
#2609=ORIENTED_EDGE('',*,*,#1960,.F.);
#2610=ORIENTED_EDGE('',*,*,#1962,.F.);
#2611=ORIENTED_EDGE('',*,*,#1963,.F.);
#2612=ORIENTED_EDGE('',*,*,#1889,.F.);
#2613=ORIENTED_EDGE('',*,*,#1892,.F.);
#2614=ORIENTED_EDGE('',*,*,#1894,.F.);
#2615=ORIENTED_EDGE('',*,*,#1896,.F.);
#2616=ORIENTED_EDGE('',*,*,#1898,.F.);
#2617=ORIENTED_EDGE('',*,*,#1900,.F.);
#2618=ORIENTED_EDGE('',*,*,#1902,.F.);
#2619=ORIENTED_EDGE('',*,*,#1904,.F.);
#2620=ORIENTED_EDGE('',*,*,#1906,.F.);
#2621=ORIENTED_EDGE('',*,*,#1908,.F.);
#2622=ORIENTED_EDGE('',*,*,#1910,.F.);
#2623=ORIENTED_EDGE('',*,*,#1912,.F.);
#2624=ORIENTED_EDGE('',*,*,#1914,.F.);
#2625=ORIENTED_EDGE('',*,*,#1916,.F.);
#2626=ORIENTED_EDGE('',*,*,#1918,.F.);
#2627=ORIENTED_EDGE('',*,*,#1920,.F.);
#2628=ORIENTED_EDGE('',*,*,#1922,.F.);
#2629=ORIENTED_EDGE('',*,*,#1924,.F.);
#2630=ORIENTED_EDGE('',*,*,#1964,.F.);
#2631=ORIENTED_EDGE('',*,*,#1965,.F.);
#2632=ORIENTED_EDGE('',*,*,#1966,.F.);
#2633=ORIENTED_EDGE('',*,*,#1967,.F.);
#2634=ORIENTED_EDGE('',*,*,#1968,.F.);
#2635=ORIENTED_EDGE('',*,*,#1969,.F.);
#2636=ORIENTED_EDGE('',*,*,#1970,.F.);
#2637=ORIENTED_EDGE('',*,*,#1971,.F.);
#2638=ORIENTED_EDGE('',*,*,#1794,.F.);
#2639=ORIENTED_EDGE('',*,*,#1972,.F.);
#2640=ORIENTED_EDGE('',*,*,#1973,.F.);
#2641=ORIENTED_EDGE('',*,*,#1974,.F.);
#2642=ORIENTED_EDGE('',*,*,#1821,.F.);
#2643=ORIENTED_EDGE('',*,*,#1975,.F.);
#2644=ORIENTED_EDGE('',*,*,#1872,.T.);
#2645=ORIENTED_EDGE('',*,*,#1976,.T.);
#2646=ORIENTED_EDGE('',*,*,#1964,.T.);
#2647=ORIENTED_EDGE('',*,*,#1976,.F.);
#2648=ORIENTED_EDGE('',*,*,#1871,.T.);
#2649=ORIENTED_EDGE('',*,*,#1977,.T.);
#2650=ORIENTED_EDGE('',*,*,#1965,.T.);
#2651=ORIENTED_EDGE('',*,*,#1977,.F.);
#2652=ORIENTED_EDGE('',*,*,#1870,.T.);
#2653=ORIENTED_EDGE('',*,*,#1978,.T.);
#2654=ORIENTED_EDGE('',*,*,#1966,.T.);
#2655=ORIENTED_EDGE('',*,*,#1978,.F.);
#2656=ORIENTED_EDGE('',*,*,#1869,.T.);
#2657=ORIENTED_EDGE('',*,*,#1979,.T.);
#2658=ORIENTED_EDGE('',*,*,#1967,.T.);
#2659=ORIENTED_EDGE('',*,*,#1979,.F.);
#2660=ORIENTED_EDGE('',*,*,#1868,.T.);
#2661=ORIENTED_EDGE('',*,*,#1980,.T.);
#2662=ORIENTED_EDGE('',*,*,#1968,.T.);
#2663=ORIENTED_EDGE('',*,*,#1980,.F.);
#2664=ORIENTED_EDGE('',*,*,#1867,.T.);
#2665=ORIENTED_EDGE('',*,*,#1981,.T.);
#2666=ORIENTED_EDGE('',*,*,#1969,.T.);
#2667=ORIENTED_EDGE('',*,*,#1981,.F.);
#2668=ORIENTED_EDGE('',*,*,#1874,.T.);
#2669=ORIENTED_EDGE('',*,*,#1982,.T.);
#2670=ORIENTED_EDGE('',*,*,#1970,.T.);
#2671=ORIENTED_EDGE('',*,*,#1982,.F.);
#2672=ORIENTED_EDGE('',*,*,#1873,.T.);
#2673=ORIENTED_EDGE('',*,*,#1983,.T.);
#2674=ORIENTED_EDGE('',*,*,#1971,.T.);
#2675=ORIENTED_EDGE('',*,*,#1983,.F.);
#2676=ORIENTED_EDGE('',*,*,#1975,.T.);
#2677=ORIENTED_EDGE('',*,*,#1820,.F.);
#2678=ORIENTED_EDGE('',*,*,#1827,.T.);
#2679=ORIENTED_EDGE('',*,*,#1795,.F.);
#2680=ORIENTED_EDGE('',*,*,#1822,.F.);
#2681=ORIENTED_EDGE('',*,*,#1974,.T.);
#2682=ORIENTED_EDGE('',*,*,#1984,.T.);
#2683=ORIENTED_EDGE('',*,*,#1985,.T.);
#2684=ORIENTED_EDGE('',*,*,#1786,.F.);
#2685=ORIENTED_EDGE('',*,*,#1985,.F.);
#2686=ORIENTED_EDGE('',*,*,#1986,.F.);
#2687=ORIENTED_EDGE('',*,*,#1987,.F.);
#2688=ORIENTED_EDGE('',*,*,#1988,.T.);
#2689=ORIENTED_EDGE('',*,*,#1745,.T.);
#2690=ORIENTED_EDGE('',*,*,#1986,.T.);
#2691=ORIENTED_EDGE('',*,*,#1973,.T.);
#2692=ORIENTED_EDGE('',*,*,#1989,.F.);
#2693=ORIENTED_EDGE('',*,*,#1987,.T.);
#2694=ORIENTED_EDGE('',*,*,#1984,.F.);
#2695=ORIENTED_EDGE('',*,*,#1793,.F.);
#2696=ORIENTED_EDGE('',*,*,#1990,.T.);
#2697=ORIENTED_EDGE('',*,*,#1989,.T.);
#2698=ORIENTED_EDGE('',*,*,#1972,.T.);
#2699=ORIENTED_EDGE('',*,*,#1991,.F.);
#2700=ORIENTED_EDGE('',*,*,#1988,.F.);
#2701=ORIENTED_EDGE('',*,*,#1990,.F.);
#2702=ORIENTED_EDGE('',*,*,#1790,.T.);
#2703=ORIENTED_EDGE('',*,*,#1746,.T.);
#2704=ORIENTED_EDGE('',*,*,#1991,.T.);
#2705=ORIENTED_EDGE('',*,*,#1792,.F.);
#2706=ORIENTED_EDGE('',*,*,#1798,.F.);
#2707=ORIENTED_EDGE('',*,*,#1875,.T.);
#2708=ORIENTED_EDGE('',*,*,#1992,.F.);
#2709=ORIENTED_EDGE('',*,*,#1993,.T.);
#2710=ORIENTED_EDGE('',*,*,#1994,.F.);
#2711=ORIENTED_EDGE('',*,*,#1995,.T.);
#2712=ORIENTED_EDGE('',*,*,#1996,.T.);
#2713=ORIENTED_EDGE('',*,*,#1997,.T.);
#2714=ORIENTED_EDGE('',*,*,#1799,.F.);
#2715=ORIENTED_EDGE('',*,*,#1997,.F.);
#2716=ORIENTED_EDGE('',*,*,#1998,.F.);
#2717=ORIENTED_EDGE('',*,*,#1999,.F.);
#2718=ORIENTED_EDGE('',*,*,#1800,.F.);
#2719=ORIENTED_EDGE('',*,*,#2000,.T.);
#2720=ORIENTED_EDGE('',*,*,#2001,.T.);
#2721=ORIENTED_EDGE('',*,*,#1801,.T.);
#2722=ORIENTED_EDGE('',*,*,#1999,.T.);
#2723=ORIENTED_EDGE('',*,*,#2002,.T.);
#2724=ORIENTED_EDGE('',*,*,#2003,.F.);
#2725=ORIENTED_EDGE('',*,*,#2004,.T.);
#2726=ORIENTED_EDGE('',*,*,#2000,.F.);
#2727=ORIENTED_EDGE('',*,*,#1998,.T.);
#2728=ORIENTED_EDGE('',*,*,#1996,.F.);
#2729=ORIENTED_EDGE('',*,*,#2005,.T.);
#2730=ORIENTED_EDGE('',*,*,#1994,.T.);
#2731=ORIENTED_EDGE('',*,*,#2006,.T.);
#2732=ORIENTED_EDGE('',*,*,#2007,.F.);
#2733=ORIENTED_EDGE('',*,*,#2008,.F.);
#2734=ORIENTED_EDGE('',*,*,#2002,.F.);
#2735=ORIENTED_EDGE('',*,*,#1993,.F.);
#2736=ORIENTED_EDGE('',*,*,#2006,.F.);
#2737=ORIENTED_EDGE('',*,*,#1992,.T.);
#2738=ORIENTED_EDGE('',*,*,#1887,.F.);
#2739=ORIENTED_EDGE('',*,*,#2009,.T.);
#2740=ORIENTED_EDGE('',*,*,#2010,.T.);
#2741=ORIENTED_EDGE('',*,*,#2011,.T.);
#2742=ORIENTED_EDGE('',*,*,#2012,.F.);
#2743=ORIENTED_EDGE('',*,*,#2013,.T.);
#2744=ORIENTED_EDGE('',*,*,#2014,.F.);
#2745=ORIENTED_EDGE('',*,*,#2007,.T.);
#2746=ORIENTED_EDGE('',*,*,#2011,.F.);
#2747=ORIENTED_EDGE('',*,*,#2015,.T.);
#2748=ORIENTED_EDGE('',*,*,#2016,.F.);
#2749=ORIENTED_EDGE('',*,*,#2017,.T.);
#2750=ORIENTED_EDGE('',*,*,#2018,.T.);
#2751=ORIENTED_EDGE('',*,*,#2019,.T.);
#2752=ORIENTED_EDGE('',*,*,#2012,.T.);
#2753=ORIENTED_EDGE('',*,*,#2020,.T.);
#2754=ORIENTED_EDGE('',*,*,#2021,.F.);
#2755=ORIENTED_EDGE('',*,*,#2022,.T.);
#2756=ORIENTED_EDGE('',*,*,#2018,.F.);
#2757=ORIENTED_EDGE('',*,*,#2023,.T.);
#2758=ORIENTED_EDGE('',*,*,#2024,.F.);
#2759=ORIENTED_EDGE('',*,*,#2025,.T.);
#2760=ORIENTED_EDGE('',*,*,#2026,.T.);
#2761=ORIENTED_EDGE('',*,*,#2027,.T.);
#2762=ORIENTED_EDGE('',*,*,#2028,.T.);
#2763=ORIENTED_EDGE('',*,*,#2029,.T.);
#2764=ORIENTED_EDGE('',*,*,#2021,.T.);
#2765=ORIENTED_EDGE('',*,*,#2030,.T.);
#2766=ORIENTED_EDGE('',*,*,#2031,.F.);
#2767=ORIENTED_EDGE('',*,*,#2032,.T.);
#2768=ORIENTED_EDGE('',*,*,#2028,.F.);
#2769=ORIENTED_EDGE('',*,*,#2033,.T.);
#2770=ORIENTED_EDGE('',*,*,#2034,.T.);
#2771=ORIENTED_EDGE('',*,*,#2035,.T.);
#2772=ORIENTED_EDGE('',*,*,#2031,.T.);
#2773=ORIENTED_EDGE('',*,*,#2036,.T.);
#2774=ORIENTED_EDGE('',*,*,#2037,.F.);
#2775=ORIENTED_EDGE('',*,*,#2038,.T.);
#2776=ORIENTED_EDGE('',*,*,#2034,.F.);
#2777=ORIENTED_EDGE('',*,*,#2039,.T.);
#2778=ORIENTED_EDGE('',*,*,#2040,.F.);
#2779=ORIENTED_EDGE('',*,*,#2041,.T.);
#2780=ORIENTED_EDGE('',*,*,#2042,.T.);
#2781=ORIENTED_EDGE('',*,*,#2043,.T.);
#2782=ORIENTED_EDGE('',*,*,#2044,.T.);
#2783=ORIENTED_EDGE('',*,*,#2045,.T.);
#2784=ORIENTED_EDGE('',*,*,#2037,.T.);
#2785=ORIENTED_EDGE('',*,*,#2046,.T.);
#2786=ORIENTED_EDGE('',*,*,#2047,.F.);
#2787=ORIENTED_EDGE('',*,*,#2048,.T.);
#2788=ORIENTED_EDGE('',*,*,#2044,.F.);
#2789=ORIENTED_EDGE('',*,*,#2049,.T.);
#2790=ORIENTED_EDGE('',*,*,#2050,.F.);
#2791=ORIENTED_EDGE('',*,*,#2051,.T.);
#2792=ORIENTED_EDGE('',*,*,#2052,.F.);
#2793=ORIENTED_EDGE('',*,*,#2053,.T.);
#2794=ORIENTED_EDGE('',*,*,#2054,.T.);
#2795=ORIENTED_EDGE('',*,*,#2055,.T.);
#2796=ORIENTED_EDGE('',*,*,#2047,.T.);
#2797=ORIENTED_EDGE('',*,*,#2056,.T.);
#2798=ORIENTED_EDGE('',*,*,#2057,.T.);
#2799=ORIENTED_EDGE('',*,*,#2058,.F.);
#2800=ORIENTED_EDGE('',*,*,#2059,.T.);
#2801=ORIENTED_EDGE('',*,*,#2054,.F.);
#2802=ORIENTED_EDGE('',*,*,#2060,.T.);
#2803=ORIENTED_EDGE('',*,*,#2061,.F.);
#2804=ORIENTED_EDGE('',*,*,#2062,.T.);
#2805=ORIENTED_EDGE('',*,*,#2063,.T.);
#2806=ORIENTED_EDGE('',*,*,#1823,.F.);
#2807=ORIENTED_EDGE('',*,*,#1818,.F.);
#2808=ORIENTED_EDGE('',*,*,#2064,.F.);
#2809=ORIENTED_EDGE('',*,*,#2057,.F.);
#2810=ORIENTED_EDGE('',*,*,#2065,.F.);
#2811=ORIENTED_EDGE('',*,*,#1824,.F.);
#2812=ORIENTED_EDGE('',*,*,#2065,.T.);
#2813=ORIENTED_EDGE('',*,*,#2063,.F.);
#2814=ORIENTED_EDGE('',*,*,#2066,.T.);
#2815=ORIENTED_EDGE('',*,*,#2061,.T.);
#2816=ORIENTED_EDGE('',*,*,#2067,.T.);
#2817=ORIENTED_EDGE('',*,*,#2068,.F.);
#2818=ORIENTED_EDGE('',*,*,#1876,.T.);
#2819=ORIENTED_EDGE('',*,*,#2052,.T.);
#2820=ORIENTED_EDGE('',*,*,#2069,.T.);
#2821=ORIENTED_EDGE('',*,*,#2070,.T.);
#2822=ORIENTED_EDGE('',*,*,#1877,.F.);
#2823=ORIENTED_EDGE('',*,*,#2068,.T.);
#2824=ORIENTED_EDGE('',*,*,#2071,.T.);
#2825=ORIENTED_EDGE('',*,*,#2071,.F.);
#2826=ORIENTED_EDGE('',*,*,#2067,.F.);
#2827=ORIENTED_EDGE('',*,*,#2060,.F.);
#2828=ORIENTED_EDGE('',*,*,#2056,.F.);
#2829=ORIENTED_EDGE('',*,*,#2053,.F.);
#2830=ORIENTED_EDGE('',*,*,#1878,.T.);
#2831=ORIENTED_EDGE('',*,*,#2070,.F.);
#2832=ORIENTED_EDGE('',*,*,#2072,.T.);
#2833=ORIENTED_EDGE('',*,*,#2073,.F.);
#2834=ORIENTED_EDGE('',*,*,#1879,.F.);
#2835=ORIENTED_EDGE('',*,*,#2073,.T.);
#2836=ORIENTED_EDGE('',*,*,#2074,.T.);
#2837=ORIENTED_EDGE('',*,*,#2075,.T.);
#2838=ORIENTED_EDGE('',*,*,#1880,.T.);
#2839=ORIENTED_EDGE('',*,*,#2075,.F.);
#2840=ORIENTED_EDGE('',*,*,#2076,.T.);
#2841=ORIENTED_EDGE('',*,*,#2077,.F.);
#2842=ORIENTED_EDGE('',*,*,#2050,.T.);
#2843=ORIENTED_EDGE('',*,*,#2078,.F.);
#2844=ORIENTED_EDGE('',*,*,#2079,.T.);
#2845=ORIENTED_EDGE('',*,*,#1881,.F.);
#2846=ORIENTED_EDGE('',*,*,#2077,.T.);
#2847=ORIENTED_EDGE('',*,*,#2080,.T.);
#2848=ORIENTED_EDGE('',*,*,#2072,.F.);
#2849=ORIENTED_EDGE('',*,*,#2069,.F.);
#2850=ORIENTED_EDGE('',*,*,#2051,.F.);
#2851=ORIENTED_EDGE('',*,*,#2080,.F.);
#2852=ORIENTED_EDGE('',*,*,#2076,.F.);
#2853=ORIENTED_EDGE('',*,*,#2074,.F.);
#2854=ORIENTED_EDGE('',*,*,#2026,.F.);
#2855=ORIENTED_EDGE('',*,*,#2081,.T.);
#2856=ORIENTED_EDGE('',*,*,#2024,.T.);
#2857=ORIENTED_EDGE('',*,*,#2082,.T.);
#2858=ORIENTED_EDGE('',*,*,#2083,.F.);
#2859=ORIENTED_EDGE('',*,*,#1882,.T.);
#2860=ORIENTED_EDGE('',*,*,#2079,.F.);
#2861=ORIENTED_EDGE('',*,*,#2084,.T.);
#2862=ORIENTED_EDGE('',*,*,#2042,.F.);
#2863=ORIENTED_EDGE('',*,*,#2085,.T.);
#2864=ORIENTED_EDGE('',*,*,#2040,.T.);
#2865=ORIENTED_EDGE('',*,*,#2086,.T.);
#2866=ORIENTED_EDGE('',*,*,#2030,.F.);
#2867=ORIENTED_EDGE('',*,*,#2027,.F.);
#2868=ORIENTED_EDGE('',*,*,#2086,.F.);
#2869=ORIENTED_EDGE('',*,*,#2039,.F.);
#2870=ORIENTED_EDGE('',*,*,#2036,.F.);
#2871=ORIENTED_EDGE('',*,*,#2033,.F.);
#2872=ORIENTED_EDGE('',*,*,#2085,.F.);
#2873=ORIENTED_EDGE('',*,*,#2041,.F.);
#2874=ORIENTED_EDGE('',*,*,#2087,.F.);
#2875=ORIENTED_EDGE('',*,*,#2088,.F.);
#2876=ORIENTED_EDGE('',*,*,#2089,.T.);
#2877=ORIENTED_EDGE('',*,*,#2087,.T.);
#2878=ORIENTED_EDGE('',*,*,#2089,.F.);
#2879=ORIENTED_EDGE('',*,*,#2090,.F.);
#2880=ORIENTED_EDGE('',*,*,#2091,.T.);
#2881=ORIENTED_EDGE('',*,*,#2092,.T.);
#2882=ORIENTED_EDGE('',*,*,#2090,.T.);
#2883=ORIENTED_EDGE('',*,*,#2088,.T.);
#2884=ORIENTED_EDGE('',*,*,#2092,.F.);
#2885=ORIENTED_EDGE('',*,*,#2093,.T.);
#2886=ORIENTED_EDGE('',*,*,#2091,.F.);
#2887=ORIENTED_EDGE('',*,*,#2093,.F.);
#2888=ORIENTED_EDGE('',*,*,#2049,.F.);
#2889=ORIENTED_EDGE('',*,*,#2046,.F.);
#2890=ORIENTED_EDGE('',*,*,#2043,.F.);
#2891=ORIENTED_EDGE('',*,*,#2084,.F.);
#2892=ORIENTED_EDGE('',*,*,#2078,.T.);
#2893=ORIENTED_EDGE('',*,*,#2094,.F.);
#2894=ORIENTED_EDGE('',*,*,#2016,.T.);
#2895=ORIENTED_EDGE('',*,*,#2095,.T.);
#2896=ORIENTED_EDGE('',*,*,#2096,.T.);
#2897=ORIENTED_EDGE('',*,*,#1883,.F.);
#2898=ORIENTED_EDGE('',*,*,#2083,.T.);
#2899=ORIENTED_EDGE('',*,*,#2020,.F.);
#2900=ORIENTED_EDGE('',*,*,#2017,.F.);
#2901=ORIENTED_EDGE('',*,*,#2094,.T.);
#2902=ORIENTED_EDGE('',*,*,#2082,.F.);
#2903=ORIENTED_EDGE('',*,*,#2023,.F.);
#2904=ORIENTED_EDGE('',*,*,#1884,.T.);
#2905=ORIENTED_EDGE('',*,*,#2096,.F.);
#2906=ORIENTED_EDGE('',*,*,#2097,.T.);
#2907=ORIENTED_EDGE('',*,*,#2098,.F.);
#2908=ORIENTED_EDGE('',*,*,#1885,.F.);
#2909=ORIENTED_EDGE('',*,*,#2098,.T.);
#2910=ORIENTED_EDGE('',*,*,#2099,.T.);
#2911=ORIENTED_EDGE('',*,*,#2100,.T.);
#2912=ORIENTED_EDGE('',*,*,#1886,.T.);
#2913=ORIENTED_EDGE('',*,*,#2100,.F.);
#2914=ORIENTED_EDGE('',*,*,#2101,.T.);
#2915=ORIENTED_EDGE('',*,*,#2009,.F.);
#2916=ORIENTED_EDGE('',*,*,#2101,.F.);
#2917=ORIENTED_EDGE('',*,*,#2099,.F.);
#2918=ORIENTED_EDGE('',*,*,#2097,.F.);
#2919=ORIENTED_EDGE('',*,*,#2095,.F.);
#2920=ORIENTED_EDGE('',*,*,#2015,.F.);
#2921=ORIENTED_EDGE('',*,*,#2010,.F.);
#2922=ORIENTED_EDGE('',*,*,#2025,.F.);
#2923=ORIENTED_EDGE('',*,*,#2081,.F.);
#2924=ORIENTED_EDGE('',*,*,#2102,.F.);
#2925=ORIENTED_EDGE('',*,*,#2103,.F.);
#2926=ORIENTED_EDGE('',*,*,#2104,.T.);
#2927=ORIENTED_EDGE('',*,*,#2102,.T.);
#2928=ORIENTED_EDGE('',*,*,#2104,.F.);
#2929=ORIENTED_EDGE('',*,*,#2105,.F.);
#2930=ORIENTED_EDGE('',*,*,#2103,.T.);
#2931=ORIENTED_EDGE('',*,*,#2106,.T.);
#2932=ORIENTED_EDGE('',*,*,#2107,.T.);
#2933=ORIENTED_EDGE('',*,*,#2108,.T.);
#2934=ORIENTED_EDGE('',*,*,#2106,.F.);
#2935=ORIENTED_EDGE('',*,*,#2105,.T.);
#2936=ORIENTED_EDGE('',*,*,#2109,.T.);
#2937=ORIENTED_EDGE('',*,*,#2107,.F.);
#2938=ORIENTED_EDGE('',*,*,#2108,.F.);
#2939=ORIENTED_EDGE('',*,*,#2109,.F.);
#2940=ORIENTED_EDGE('',*,*,#2066,.F.);
#2941=ORIENTED_EDGE('',*,*,#2062,.F.);
#2942=ORIENTED_EDGE('',*,*,#2110,.F.);
#2943=ORIENTED_EDGE('',*,*,#2111,.F.);
#2944=ORIENTED_EDGE('',*,*,#2112,.T.);
#2945=ORIENTED_EDGE('',*,*,#2110,.T.);
#2946=ORIENTED_EDGE('',*,*,#2112,.F.);
#2947=ORIENTED_EDGE('',*,*,#2113,.F.);
#2948=ORIENTED_EDGE('',*,*,#2114,.T.);
#2949=ORIENTED_EDGE('',*,*,#2115,.T.);
#2950=ORIENTED_EDGE('',*,*,#2113,.T.);
#2951=ORIENTED_EDGE('',*,*,#2111,.T.);
#2952=ORIENTED_EDGE('',*,*,#2115,.F.);
#2953=ORIENTED_EDGE('',*,*,#2116,.T.);
#2954=ORIENTED_EDGE('',*,*,#2114,.F.);
#2955=ORIENTED_EDGE('',*,*,#2116,.F.);
#2956=ORIENTED_EDGE('',*,*,#1817,.T.);
#2957=ORIENTED_EDGE('',*,*,#2117,.T.);
#2958=ORIENTED_EDGE('',*,*,#2058,.T.);
#2959=ORIENTED_EDGE('',*,*,#2064,.T.);
#2960=ORIENTED_EDGE('',*,*,#1802,.F.);
#2961=ORIENTED_EDGE('',*,*,#2001,.F.);
#2962=ORIENTED_EDGE('',*,*,#2004,.F.);
#2963=ORIENTED_EDGE('',*,*,#2118,.F.);
#2964=ORIENTED_EDGE('',*,*,#2013,.F.);
#2965=ORIENTED_EDGE('',*,*,#2019,.F.);
#2966=ORIENTED_EDGE('',*,*,#2022,.F.);
#2967=ORIENTED_EDGE('',*,*,#2029,.F.);
#2968=ORIENTED_EDGE('',*,*,#2032,.F.);
#2969=ORIENTED_EDGE('',*,*,#2035,.F.);
#2970=ORIENTED_EDGE('',*,*,#2038,.F.);
#2971=ORIENTED_EDGE('',*,*,#2045,.F.);
#2972=ORIENTED_EDGE('',*,*,#2048,.F.);
#2973=ORIENTED_EDGE('',*,*,#2055,.F.);
#2974=ORIENTED_EDGE('',*,*,#2059,.F.);
#2975=ORIENTED_EDGE('',*,*,#2117,.F.);
#2976=ORIENTED_EDGE('',*,*,#1816,.F.);
#2977=ORIENTED_EDGE('',*,*,#1813,.F.);
#2978=ORIENTED_EDGE('',*,*,#2119,.F.);
#2979=ORIENTED_EDGE('',*,*,#2120,.F.);
#2980=ORIENTED_EDGE('',*,*,#2121,.F.);
#2981=ORIENTED_EDGE('',*,*,#2122,.F.);
#2982=ORIENTED_EDGE('',*,*,#2123,.F.);
#2983=ORIENTED_EDGE('',*,*,#2124,.F.);
#2984=ORIENTED_EDGE('',*,*,#2125,.F.);
#2985=ORIENTED_EDGE('',*,*,#2126,.F.);
#2986=ORIENTED_EDGE('',*,*,#2127,.F.);
#2987=ORIENTED_EDGE('',*,*,#2128,.F.);
#2988=ORIENTED_EDGE('',*,*,#2129,.F.);
#2989=ORIENTED_EDGE('',*,*,#2130,.F.);
#2990=ORIENTED_EDGE('',*,*,#2131,.F.);
#2991=ORIENTED_EDGE('',*,*,#2132,.F.);
#2992=ORIENTED_EDGE('',*,*,#2133,.F.);
#2993=ORIENTED_EDGE('',*,*,#2134,.F.);
#2994=ORIENTED_EDGE('',*,*,#2135,.F.);
#2995=ORIENTED_EDGE('',*,*,#2136,.F.);
#2996=ORIENTED_EDGE('',*,*,#2137,.F.);
#2997=ORIENTED_EDGE('',*,*,#2138,.F.);
#2998=ORIENTED_EDGE('',*,*,#2139,.F.);
#2999=ORIENTED_EDGE('',*,*,#2140,.F.);
#3000=ORIENTED_EDGE('',*,*,#2141,.F.);
#3001=ORIENTED_EDGE('',*,*,#2142,.F.);
#3002=ORIENTED_EDGE('',*,*,#2143,.F.);
#3003=ORIENTED_EDGE('',*,*,#2144,.F.);
#3004=ORIENTED_EDGE('',*,*,#2145,.F.);
#3005=ORIENTED_EDGE('',*,*,#2146,.F.);
#3006=ORIENTED_EDGE('',*,*,#2147,.F.);
#3007=ORIENTED_EDGE('',*,*,#2148,.F.);
#3008=ORIENTED_EDGE('',*,*,#2149,.F.);
#3009=ORIENTED_EDGE('',*,*,#2150,.F.);
#3010=ORIENTED_EDGE('',*,*,#2151,.F.);
#3011=ORIENTED_EDGE('',*,*,#2152,.F.);
#3012=ORIENTED_EDGE('',*,*,#2153,.F.);
#3013=ORIENTED_EDGE('',*,*,#2154,.F.);
#3014=ORIENTED_EDGE('',*,*,#2155,.F.);
#3015=ORIENTED_EDGE('',*,*,#2156,.F.);
#3016=ORIENTED_EDGE('',*,*,#2157,.F.);
#3017=ORIENTED_EDGE('',*,*,#2158,.F.);
#3018=ORIENTED_EDGE('',*,*,#1807,.T.);
#3019=ORIENTED_EDGE('',*,*,#1803,.T.);
#3020=ORIENTED_EDGE('',*,*,#2155,.T.);
#3021=ORIENTED_EDGE('',*,*,#2159,.F.);
#3022=ORIENTED_EDGE('',*,*,#2159,.T.);
#3023=ORIENTED_EDGE('',*,*,#2154,.T.);
#3024=ORIENTED_EDGE('',*,*,#2160,.T.);
#3025=ORIENTED_EDGE('',*,*,#1808,.T.);
#3026=ORIENTED_EDGE('',*,*,#2161,.F.);
#3027=ORIENTED_EDGE('',*,*,#1809,.T.);
#3028=ORIENTED_EDGE('',*,*,#2160,.F.);
#3029=ORIENTED_EDGE('',*,*,#2153,.T.);
#3030=ORIENTED_EDGE('',*,*,#2162,.F.);
#3031=ORIENTED_EDGE('',*,*,#1748,.T.);
#3032=ORIENTED_EDGE('',*,*,#2163,.F.);
#3033=ORIENTED_EDGE('',*,*,#1810,.T.);
#3034=ORIENTED_EDGE('',*,*,#2161,.T.);
#3035=ORIENTED_EDGE('',*,*,#1783,.T.);
#3036=ORIENTED_EDGE('',*,*,#1812,.T.);
#3037=ORIENTED_EDGE('',*,*,#1811,.T.);
#3038=ORIENTED_EDGE('',*,*,#2163,.T.);
#3039=ORIENTED_EDGE('',*,*,#1782,.T.);
#3040=ORIENTED_EDGE('',*,*,#2164,.T.);
#3041=ORIENTED_EDGE('',*,*,#2119,.T.);
#3042=ORIENTED_EDGE('',*,*,#2164,.F.);
#3043=ORIENTED_EDGE('',*,*,#1781,.T.);
#3044=ORIENTED_EDGE('',*,*,#2165,.T.);
#3045=ORIENTED_EDGE('',*,*,#2120,.T.);
#3046=ORIENTED_EDGE('',*,*,#2166,.T.);
#3047=ORIENTED_EDGE('',*,*,#2141,.T.);
#3048=ORIENTED_EDGE('',*,*,#2167,.T.);
#3049=ORIENTED_EDGE('',*,*,#2168,.T.);
#3050=ORIENTED_EDGE('',*,*,#2169,.T.);
#3051=ORIENTED_EDGE('',*,*,#2137,.T.);
#3052=ORIENTED_EDGE('',*,*,#2170,.F.);
#3053=ORIENTED_EDGE('',*,*,#1764,.T.);
#3054=ORIENTED_EDGE('',*,*,#2171,.F.);
#3055=ORIENTED_EDGE('',*,*,#2172,.T.);
#3056=ORIENTED_EDGE('',*,*,#2173,.T.);
#3057=ORIENTED_EDGE('',*,*,#2174,.T.);
#3058=ORIENTED_EDGE('',*,*,#2173,.F.);
#3059=ORIENTED_EDGE('',*,*,#2175,.T.);
#3060=ORIENTED_EDGE('',*,*,#2176,.T.);
#3061=ORIENTED_EDGE('',*,*,#1760,.T.);
#3062=ORIENTED_EDGE('',*,*,#1772,.T.);
#3063=ORIENTED_EDGE('',*,*,#2177,.T.);
#3064=ORIENTED_EDGE('',*,*,#2129,.T.);
#3065=ORIENTED_EDGE('',*,*,#2178,.F.);
#3066=ORIENTED_EDGE('',*,*,#2165,.F.);
#3067=ORIENTED_EDGE('',*,*,#1780,.T.);
#3068=ORIENTED_EDGE('',*,*,#2179,.T.);
#3069=ORIENTED_EDGE('',*,*,#2121,.T.);
#3070=ORIENTED_EDGE('',*,*,#2180,.T.);
#3071=ORIENTED_EDGE('',*,*,#2149,.T.);
#3072=ORIENTED_EDGE('',*,*,#2181,.F.);
#3073=ORIENTED_EDGE('',*,*,#1752,.T.);
#3074=ORIENTED_EDGE('',*,*,#2166,.F.);
#3075=ORIENTED_EDGE('',*,*,#1759,.T.);
#3076=ORIENTED_EDGE('',*,*,#2182,.F.);
#3077=ORIENTED_EDGE('',*,*,#2142,.T.);
#3078=ORIENTED_EDGE('',*,*,#2183,.T.);
#3079=ORIENTED_EDGE('',*,*,#2143,.T.);
#3080=ORIENTED_EDGE('',*,*,#2182,.T.);
#3081=ORIENTED_EDGE('',*,*,#1758,.T.);
#3082=ORIENTED_EDGE('',*,*,#2183,.F.);
#3083=ORIENTED_EDGE('',*,*,#1757,.T.);
#3084=ORIENTED_EDGE('',*,*,#2184,.T.);
#3085=ORIENTED_EDGE('',*,*,#2144,.T.);
#3086=ORIENTED_EDGE('',*,*,#2184,.F.);
#3087=ORIENTED_EDGE('',*,*,#1756,.T.);
#3088=ORIENTED_EDGE('',*,*,#2185,.T.);
#3089=ORIENTED_EDGE('',*,*,#2145,.T.);
#3090=ORIENTED_EDGE('',*,*,#2185,.F.);
#3091=ORIENTED_EDGE('',*,*,#1755,.T.);
#3092=ORIENTED_EDGE('',*,*,#2186,.F.);
#3093=ORIENTED_EDGE('',*,*,#2146,.T.);
#3094=ORIENTED_EDGE('',*,*,#2186,.T.);
#3095=ORIENTED_EDGE('',*,*,#1754,.T.);
#3096=ORIENTED_EDGE('',*,*,#2187,.T.);
#3097=ORIENTED_EDGE('',*,*,#2147,.T.);
#3098=ORIENTED_EDGE('',*,*,#2187,.F.);
#3099=ORIENTED_EDGE('',*,*,#1753,.T.);
#3100=ORIENTED_EDGE('',*,*,#2181,.T.);
#3101=ORIENTED_EDGE('',*,*,#2148,.T.);
#3102=ORIENTED_EDGE('',*,*,#2188,.T.);
#3103=ORIENTED_EDGE('',*,*,#2189,.T.);
#3104=ORIENTED_EDGE('',*,*,#1761,.T.);
#3105=ORIENTED_EDGE('',*,*,#2176,.F.);
#3106=ORIENTED_EDGE('',*,*,#2188,.F.);
#3107=ORIENTED_EDGE('',*,*,#2175,.F.);
#3108=ORIENTED_EDGE('',*,*,#2172,.F.);
#3109=ORIENTED_EDGE('',*,*,#2190,.F.);
#3110=ORIENTED_EDGE('',*,*,#2191,.F.);
#3111=ORIENTED_EDGE('',*,*,#2192,.F.);
#3112=ORIENTED_EDGE('',*,*,#2193,.T.);
#3113=ORIENTED_EDGE('',*,*,#1762,.T.);
#3114=ORIENTED_EDGE('',*,*,#2189,.F.);
#3115=ORIENTED_EDGE('',*,*,#2191,.T.);
#3116=ORIENTED_EDGE('',*,*,#2190,.T.);
#3117=ORIENTED_EDGE('',*,*,#2171,.T.);
#3118=ORIENTED_EDGE('',*,*,#1763,.T.);
#3119=ORIENTED_EDGE('',*,*,#2193,.F.);
#3120=ORIENTED_EDGE('',*,*,#2192,.T.);
#3121=ORIENTED_EDGE('',*,*,#2194,.T.);
#3122=ORIENTED_EDGE('',*,*,#2195,.T.);
#3123=ORIENTED_EDGE('',*,*,#2194,.F.);
#3124=ORIENTED_EDGE('',*,*,#2196,.F.);
#3125=ORIENTED_EDGE('',*,*,#2195,.F.);
#3126=ORIENTED_EDGE('',*,*,#2196,.T.);
#3127=ORIENTED_EDGE('',*,*,#2197,.T.);
#3128=ORIENTED_EDGE('',*,*,#2198,.T.);
#3129=ORIENTED_EDGE('',*,*,#2197,.F.);
#3130=ORIENTED_EDGE('',*,*,#2199,.F.);
#3131=ORIENTED_EDGE('',*,*,#2198,.F.);
#3132=ORIENTED_EDGE('',*,*,#2200,.T.);
#3133=ORIENTED_EDGE('',*,*,#2201,.T.);
#3134=ORIENTED_EDGE('',*,*,#2199,.T.);
#3135=ORIENTED_EDGE('',*,*,#2201,.F.);
#3136=ORIENTED_EDGE('',*,*,#2200,.F.);
#3137=ORIENTED_EDGE('',*,*,#2202,.F.);
#3138=ORIENTED_EDGE('',*,*,#2202,.T.);
#3139=ORIENTED_EDGE('',*,*,#2203,.T.);
#3140=ORIENTED_EDGE('',*,*,#2204,.T.);
#3141=ORIENTED_EDGE('',*,*,#2203,.F.);
#3142=ORIENTED_EDGE('',*,*,#2204,.F.);
#3143=ORIENTED_EDGE('',*,*,#2205,.T.);
#3144=ORIENTED_EDGE('',*,*,#2206,.T.);
#3145=ORIENTED_EDGE('',*,*,#2205,.F.);
#3146=ORIENTED_EDGE('',*,*,#2207,.F.);
#3147=ORIENTED_EDGE('',*,*,#2208,.F.);
#3148=ORIENTED_EDGE('',*,*,#2168,.F.);
#3149=ORIENTED_EDGE('',*,*,#2209,.F.);
#3150=ORIENTED_EDGE('',*,*,#2210,.F.);
#3151=ORIENTED_EDGE('',*,*,#2206,.F.);
#3152=ORIENTED_EDGE('',*,*,#2211,.F.);
#3153=ORIENTED_EDGE('',*,*,#2207,.T.);
#3154=ORIENTED_EDGE('',*,*,#2212,.F.);
#3155=ORIENTED_EDGE('',*,*,#2139,.T.);
#3156=ORIENTED_EDGE('',*,*,#2169,.F.);
#3157=ORIENTED_EDGE('',*,*,#2208,.T.);
#3158=ORIENTED_EDGE('',*,*,#2211,.T.);
#3159=ORIENTED_EDGE('',*,*,#2138,.T.);
#3160=ORIENTED_EDGE('',*,*,#2140,.T.);
#3161=ORIENTED_EDGE('',*,*,#2212,.T.);
#3162=ORIENTED_EDGE('',*,*,#2209,.T.);
#3163=ORIENTED_EDGE('',*,*,#2167,.F.);
#3164=ORIENTED_EDGE('',*,*,#2213,.T.);
#3165=ORIENTED_EDGE('',*,*,#2214,.T.);
#3166=ORIENTED_EDGE('',*,*,#2210,.T.);
#3167=ORIENTED_EDGE('',*,*,#2214,.F.);
#3168=ORIENTED_EDGE('',*,*,#2215,.F.);
#3169=ORIENTED_EDGE('',*,*,#2213,.F.);
#3170=ORIENTED_EDGE('',*,*,#2215,.T.);
#3171=ORIENTED_EDGE('',*,*,#2216,.T.);
#3172=ORIENTED_EDGE('',*,*,#2217,.T.);
#3173=ORIENTED_EDGE('',*,*,#2216,.F.);
#3174=ORIENTED_EDGE('',*,*,#2218,.F.);
#3175=ORIENTED_EDGE('',*,*,#2217,.F.);
#3176=ORIENTED_EDGE('',*,*,#2218,.T.);
#3177=ORIENTED_EDGE('',*,*,#2219,.T.);
#3178=ORIENTED_EDGE('',*,*,#2220,.T.);
#3179=ORIENTED_EDGE('',*,*,#2219,.F.);
#3180=ORIENTED_EDGE('',*,*,#2220,.F.);
#3181=ORIENTED_EDGE('',*,*,#2221,.F.);
#3182=ORIENTED_EDGE('',*,*,#2221,.T.);
#3183=ORIENTED_EDGE('',*,*,#2222,.T.);
#3184=ORIENTED_EDGE('',*,*,#2223,.T.);
#3185=ORIENTED_EDGE('',*,*,#2224,.T.);
#3186=ORIENTED_EDGE('',*,*,#2222,.F.);
#3187=ORIENTED_EDGE('',*,*,#2224,.F.);
#3188=ORIENTED_EDGE('',*,*,#2225,.T.);
#3189=ORIENTED_EDGE('',*,*,#2226,.T.);
#3190=ORIENTED_EDGE('',*,*,#2225,.F.);
#3191=ORIENTED_EDGE('',*,*,#2223,.F.);
#3192=ORIENTED_EDGE('',*,*,#2174,.F.);
#3193=ORIENTED_EDGE('',*,*,#2226,.F.);
#3194=ORIENTED_EDGE('',*,*,#2227,.F.);
#3195=ORIENTED_EDGE('',*,*,#1773,.T.);
#3196=ORIENTED_EDGE('',*,*,#2178,.T.);
#3197=ORIENTED_EDGE('',*,*,#2128,.T.);
#3198=ORIENTED_EDGE('',*,*,#2228,.T.);
#3199=ORIENTED_EDGE('',*,*,#1774,.T.);
#3200=ORIENTED_EDGE('',*,*,#2227,.T.);
#3201=ORIENTED_EDGE('',*,*,#2127,.T.);
#3202=ORIENTED_EDGE('',*,*,#2229,.F.);
#3203=ORIENTED_EDGE('',*,*,#1775,.T.);
#3204=ORIENTED_EDGE('',*,*,#2228,.F.);
#3205=ORIENTED_EDGE('',*,*,#2126,.T.);
#3206=ORIENTED_EDGE('',*,*,#2229,.T.);
#3207=ORIENTED_EDGE('',*,*,#2125,.T.);
#3208=ORIENTED_EDGE('',*,*,#2230,.F.);
#3209=ORIENTED_EDGE('',*,*,#1776,.T.);
#3210=ORIENTED_EDGE('',*,*,#2231,.F.);
#3211=ORIENTED_EDGE('',*,*,#1777,.T.);
#3212=ORIENTED_EDGE('',*,*,#2230,.T.);
#3213=ORIENTED_EDGE('',*,*,#2124,.T.);
#3214=ORIENTED_EDGE('',*,*,#2231,.T.);
#3215=ORIENTED_EDGE('',*,*,#2123,.T.);
#3216=ORIENTED_EDGE('',*,*,#2232,.T.);
#3217=ORIENTED_EDGE('',*,*,#1778,.T.);
#3218=ORIENTED_EDGE('',*,*,#2179,.F.);
#3219=ORIENTED_EDGE('',*,*,#1779,.T.);
#3220=ORIENTED_EDGE('',*,*,#2232,.F.);
#3221=ORIENTED_EDGE('',*,*,#2122,.T.);
#3222=ORIENTED_EDGE('',*,*,#2177,.F.);
#3223=ORIENTED_EDGE('',*,*,#1771,.T.);
#3224=ORIENTED_EDGE('',*,*,#2233,.F.);
#3225=ORIENTED_EDGE('',*,*,#2130,.T.);
#3226=ORIENTED_EDGE('',*,*,#2234,.T.);
#3227=ORIENTED_EDGE('',*,*,#2131,.T.);
#3228=ORIENTED_EDGE('',*,*,#2233,.T.);
#3229=ORIENTED_EDGE('',*,*,#1770,.T.);
#3230=ORIENTED_EDGE('',*,*,#2234,.F.);
#3231=ORIENTED_EDGE('',*,*,#1769,.T.);
#3232=ORIENTED_EDGE('',*,*,#2235,.T.);
#3233=ORIENTED_EDGE('',*,*,#2132,.T.);
#3234=ORIENTED_EDGE('',*,*,#2236,.T.);
#3235=ORIENTED_EDGE('',*,*,#2133,.T.);
#3236=ORIENTED_EDGE('',*,*,#2235,.F.);
#3237=ORIENTED_EDGE('',*,*,#1768,.T.);
#3238=ORIENTED_EDGE('',*,*,#2236,.F.);
#3239=ORIENTED_EDGE('',*,*,#1767,.T.);
#3240=ORIENTED_EDGE('',*,*,#2237,.F.);
#3241=ORIENTED_EDGE('',*,*,#2134,.T.);
#3242=ORIENTED_EDGE('',*,*,#2238,.T.);
#3243=ORIENTED_EDGE('',*,*,#2135,.T.);
#3244=ORIENTED_EDGE('',*,*,#2237,.T.);
#3245=ORIENTED_EDGE('',*,*,#1766,.T.);
#3246=ORIENTED_EDGE('',*,*,#2238,.F.);
#3247=ORIENTED_EDGE('',*,*,#1765,.T.);
#3248=ORIENTED_EDGE('',*,*,#2170,.T.);
#3249=ORIENTED_EDGE('',*,*,#2136,.T.);
#3250=ORIENTED_EDGE('',*,*,#2180,.F.);
#3251=ORIENTED_EDGE('',*,*,#1751,.T.);
#3252=ORIENTED_EDGE('',*,*,#2239,.F.);
#3253=ORIENTED_EDGE('',*,*,#2150,.T.);
#3254=ORIENTED_EDGE('',*,*,#2239,.T.);
#3255=ORIENTED_EDGE('',*,*,#1750,.T.);
#3256=ORIENTED_EDGE('',*,*,#2240,.T.);
#3257=ORIENTED_EDGE('',*,*,#2151,.T.);
#3258=ORIENTED_EDGE('',*,*,#2240,.F.);
#3259=ORIENTED_EDGE('',*,*,#1749,.T.);
#3260=ORIENTED_EDGE('',*,*,#2162,.T.);
#3261=ORIENTED_EDGE('',*,*,#2152,.T.);
#3262=ORIENTED_EDGE('',*,*,#2014,.T.);
#3263=ORIENTED_EDGE('',*,*,#2118,.T.);
#3264=ORIENTED_EDGE('',*,*,#2003,.T.);
#3265=ORIENTED_EDGE('',*,*,#2008,.T.);
#3266=ORIENTED_EDGE('',*,*,#2241,.T.);
#3267=ORIENTED_EDGE('',*,*,#2242,.T.);
#3268=ORIENTED_EDGE('',*,*,#2156,.T.);
#3269=ORIENTED_EDGE('',*,*,#2242,.F.);
#3270=ORIENTED_EDGE('',*,*,#2241,.F.);
#3271=ORIENTED_EDGE('',*,*,#2243,.F.);
#3272=ORIENTED_EDGE('',*,*,#2244,.F.);
#3273=ORIENTED_EDGE('',*,*,#2245,.T.);
#3274=ORIENTED_EDGE('',*,*,#2243,.T.);
#3275=ORIENTED_EDGE('',*,*,#2245,.F.);
#3276=ORIENTED_EDGE('',*,*,#2246,.F.);
#3277=ORIENTED_EDGE('',*,*,#2247,.T.);
#3278=ORIENTED_EDGE('',*,*,#2248,.T.);
#3279=ORIENTED_EDGE('',*,*,#2246,.T.);
#3280=ORIENTED_EDGE('',*,*,#2244,.T.);
#3281=ORIENTED_EDGE('',*,*,#2248,.F.);
#3282=ORIENTED_EDGE('',*,*,#2249,.T.);
#3283=ORIENTED_EDGE('',*,*,#2247,.F.);
#3284=ORIENTED_EDGE('',*,*,#2249,.F.);
#3285=ORIENTED_EDGE('',*,*,#2250,.T.);
#3286=ORIENTED_EDGE('',*,*,#2251,.T.);
#3287=ORIENTED_EDGE('',*,*,#2157,.T.);
#3288=ORIENTED_EDGE('',*,*,#2251,.F.);
#3289=ORIENTED_EDGE('',*,*,#2250,.F.);
#3290=ORIENTED_EDGE('',*,*,#2252,.F.);
#3291=ORIENTED_EDGE('',*,*,#2253,.F.);
#3292=ORIENTED_EDGE('',*,*,#2254,.T.);
#3293=ORIENTED_EDGE('',*,*,#2252,.T.);
#3294=ORIENTED_EDGE('',*,*,#2254,.F.);
#3295=ORIENTED_EDGE('',*,*,#2255,.F.);
#3296=ORIENTED_EDGE('',*,*,#2253,.T.);
#3297=ORIENTED_EDGE('',*,*,#2256,.T.);
#3298=ORIENTED_EDGE('',*,*,#2257,.T.);
#3299=ORIENTED_EDGE('',*,*,#2258,.T.);
#3300=ORIENTED_EDGE('',*,*,#2256,.F.);
#3301=ORIENTED_EDGE('',*,*,#2255,.T.);
#3302=ORIENTED_EDGE('',*,*,#2259,.T.);
#3303=ORIENTED_EDGE('',*,*,#2257,.F.);
#3304=ORIENTED_EDGE('',*,*,#2258,.F.);
#3305=ORIENTED_EDGE('',*,*,#2259,.F.);
#3306=ORIENTED_EDGE('',*,*,#2260,.T.);
#3307=ORIENTED_EDGE('',*,*,#2261,.T.);
#3308=ORIENTED_EDGE('',*,*,#2158,.T.);
#3309=ORIENTED_EDGE('',*,*,#2261,.F.);
#3310=ORIENTED_EDGE('',*,*,#2260,.F.);
#3311=ORIENTED_EDGE('',*,*,#2262,.F.);
#3312=ORIENTED_EDGE('',*,*,#2263,.F.);
#3313=ORIENTED_EDGE('',*,*,#2264,.T.);
#3314=ORIENTED_EDGE('',*,*,#2262,.T.);
#3315=ORIENTED_EDGE('',*,*,#2264,.F.);
#3316=ORIENTED_EDGE('',*,*,#2265,.F.);
#3317=ORIENTED_EDGE('',*,*,#2266,.T.);
#3318=ORIENTED_EDGE('',*,*,#2267,.T.);
#3319=ORIENTED_EDGE('',*,*,#2265,.T.);
#3320=ORIENTED_EDGE('',*,*,#2263,.T.);
#3321=ORIENTED_EDGE('',*,*,#2267,.F.);
#3322=ORIENTED_EDGE('',*,*,#2268,.T.);
#3323=ORIENTED_EDGE('',*,*,#2266,.F.);
#3324=ORIENTED_EDGE('',*,*,#2268,.F.);
#3325=ORIENTED_EDGE('',*,*,#1995,.F.);
#3326=ORIENTED_EDGE('',*,*,#2005,.F.);
#3327=ORIENTED_EDGE('',*,*,#2269,.F.);
#3328=ORIENTED_EDGE('',*,*,#2270,.F.);
#3329=ORIENTED_EDGE('',*,*,#2271,.T.);
#3330=ORIENTED_EDGE('',*,*,#2269,.T.);
#3331=ORIENTED_EDGE('',*,*,#2271,.F.);
#3332=ORIENTED_EDGE('',*,*,#2272,.F.);
#3333=ORIENTED_EDGE('',*,*,#2270,.T.);
#3334=ORIENTED_EDGE('',*,*,#2273,.T.);
#3335=ORIENTED_EDGE('',*,*,#2274,.T.);
#3336=ORIENTED_EDGE('',*,*,#2275,.T.);
#3337=ORIENTED_EDGE('',*,*,#2273,.F.);
#3338=ORIENTED_EDGE('',*,*,#2272,.T.);
#3339=ORIENTED_EDGE('',*,*,#2276,.T.);
#3340=ORIENTED_EDGE('',*,*,#2274,.F.);
#3341=ORIENTED_EDGE('',*,*,#2275,.F.);
#3342=ORIENTED_EDGE('',*,*,#2276,.F.);
#3343=PLANE('',#3599);
#3344=PLANE('',#3633);
#3345=PLANE('',#3638);
#3346=PLANE('',#3649);
#3347=PLANE('',#3650);
#3348=PLANE('',#3655);
#3349=PLANE('',#3785);
#3350=PLANE('',#3805);
#3351=PLANE('',#3809);
#3352=PLANE('',#3815);
#3353=PLANE('',#3824);
#3354=PLANE('',#3827);
#3355=PLANE('',#3870);
#3356=PLANE('',#3876);
#3357=PLANE('',#3877);
#3358=PLANE('',#3880);
#3359=PLANE('',#3883);
#3360=PLANE('',#3884);
#3361=PLANE('',#3891);
#3362=PLANE('',#3892);
#3363=PLANE('',#3900);
#3364=PLANE('',#3901);
#3365=PLANE('',#3902);
#3366=PLANE('',#3905);
#3367=PLANE('',#3908);
#3368=PLANE('',#3909);
#3369=PLANE('',#3918);
#3370=PLANE('',#3928);
#3371=PLANE('',#3962);
#3372=PLANE('',#3965);
#3373=PLANE('',#3973);
#3374=PLANE('',#3977);
#3375=PLANE('',#3981);
#3376=PLANE('',#3989);
#3377=PLANE('',#3993);
#3378=PLANE('',#3997);
#3379=PLANE('',#4003);
#3380=PLANE('',#4013);
#3381=PLANE('',#4017);
#3382=PLANE('',#4021);
#3383=PLANE('',#4028);
#3384=PLANE('',#4030);
#3385=PLANE('',#4034);
#3386=PLANE('',#4037);
#3387=PLANE('',#4041);
#3388=PLANE('',#4044);
#3389=PLANE('',#4049);
#3390=PLANE('',#4059);
#3391=PLANE('',#4070);
#3392=PLANE('',#4078);
#3393=ADVANCED_FACE('',(#203,#161),#3343,.T.);
#3394=ADVANCED_FACE('',(#204),#38,.T.);
#3395=ADVANCED_FACE('',(#205),#39,.T.);
#3396=ADVANCED_FACE('',(#206),#3344,.F.);
#3397=ADVANCED_FACE('',(#207),#40,.F.);
#3398=ADVANCED_FACE('',(#208),#3345,.F.);
#3399=ADVANCED_FACE('',(#209),#41,.F.);
#3400=ADVANCED_FACE('',(#210),#42,.F.);
#3401=ADVANCED_FACE('',(#211),#3346,.F.);
#3402=ADVANCED_FACE('',(#212),#3347,.T.);
#3403=ADVANCED_FACE('',(#213),#43,.F.);
#3404=ADVANCED_FACE('',(#214,#162,#163,#164,#165,#166,#167,#168,#169,#170),
#3348,.T.);
#3405=ADVANCED_FACE('',(#215),#44,.T.);
#3406=ADVANCED_FACE('',(#216),#45,.F.);
#3407=ADVANCED_FACE('',(#217),#46,.T.);
#3408=ADVANCED_FACE('',(#218),#47,.F.);
#3409=ADVANCED_FACE('',(#219),#48,.T.);
#3410=ADVANCED_FACE('',(#220),#49,.F.);
#3411=ADVANCED_FACE('',(#221),#50,.T.);
#3412=ADVANCED_FACE('',(#222),#51,.F.);
#3413=ADVANCED_FACE('',(#223),#52,.T.);
#3414=ADVANCED_FACE('',(#224),#53,.F.);
#3415=ADVANCED_FACE('',(#225),#54,.T.);
#3416=ADVANCED_FACE('',(#226),#55,.F.);
#3417=ADVANCED_FACE('',(#227),#56,.T.);
#3418=ADVANCED_FACE('',(#228),#57,.F.);
#3419=ADVANCED_FACE('',(#229),#58,.T.);
#3420=ADVANCED_FACE('',(#230),#59,.F.);
#3421=ADVANCED_FACE('',(#231),#60,.T.);
#3422=ADVANCED_FACE('',(#232),#61,.F.);
#3423=ADVANCED_FACE('',(#233),#62,.T.);
#3424=ADVANCED_FACE('',(#234),#63,.F.);
#3425=ADVANCED_FACE('',(#235),#64,.T.);
#3426=ADVANCED_FACE('',(#236),#65,.F.);
#3427=ADVANCED_FACE('',(#237),#66,.T.);
#3428=ADVANCED_FACE('',(#238),#67,.F.);
#3429=ADVANCED_FACE('',(#239),#68,.T.);
#3430=ADVANCED_FACE('',(#240),#69,.F.);
#3431=ADVANCED_FACE('',(#241),#70,.T.);
#3432=ADVANCED_FACE('',(#242),#71,.F.);
#3433=ADVANCED_FACE('',(#243),#72,.T.);
#3434=ADVANCED_FACE('',(#244),#73,.F.);
#3435=ADVANCED_FACE('',(#245),#74,.T.);
#3436=ADVANCED_FACE('',(#246),#75,.F.);
#3437=ADVANCED_FACE('',(#247),#76,.T.);
#3438=ADVANCED_FACE('',(#248),#77,.F.);
#3439=ADVANCED_FACE('',(#249),#78,.T.);
#3440=ADVANCED_FACE('',(#250),#79,.F.);
#3441=ADVANCED_FACE('',(#251),#80,.T.);
#3442=ADVANCED_FACE('',(#252),#81,.T.);
#3443=ADVANCED_FACE('',(#253,#171,#172,#173,#174,#175,#176,#177,#178,#179),
#3349,.T.);
#3444=ADVANCED_FACE('',(#254),#82,.F.);
#3445=ADVANCED_FACE('',(#255),#83,.F.);
#3446=ADVANCED_FACE('',(#256),#84,.F.);
#3447=ADVANCED_FACE('',(#257),#85,.F.);
#3448=ADVANCED_FACE('',(#258),#86,.F.);
#3449=ADVANCED_FACE('',(#259),#87,.F.);
#3450=ADVANCED_FACE('',(#260),#88,.F.);
#3451=ADVANCED_FACE('',(#261),#89,.F.);
#3452=ADVANCED_FACE('',(#262),#90,.F.);
#3453=ADVANCED_FACE('',(#263),#3350,.T.);
#3454=ADVANCED_FACE('',(#264),#32,.F.);
#3455=ADVANCED_FACE('',(#265),#15,.T.);
#3456=ADVANCED_FACE('',(#266),#91,.T.);
#3457=ADVANCED_FACE('',(#267),#3351,.T.);
#3458=ADVANCED_FACE('',(#268),#33,.F.);
#3459=ADVANCED_FACE('',(#269),#92,.T.);
#3460=ADVANCED_FACE('',(#270),#93,.T.);
#3461=ADVANCED_FACE('',(#271),#3352,.T.);
#3462=ADVANCED_FACE('',(#272),#94,.F.);
#3463=ADVANCED_FACE('',(#273),#95,.T.);
#3464=ADVANCED_FACE('',(#274),#3353,.T.);
#3465=ADVANCED_FACE('',(#275),#3354,.T.);
#3466=ADVANCED_FACE('',(#276),#96,.F.);
#3467=ADVANCED_FACE('',(#277),#97,.F.);
#3468=ADVANCED_FACE('',(#278),#98,.T.);
#3469=ADVANCED_FACE('',(#279),#99,.F.);
#3470=ADVANCED_FACE('',(#280),#100,.F.);
#3471=ADVANCED_FACE('',(#281),#101,.F.);
#3472=ADVANCED_FACE('',(#282),#102,.T.);
#3473=ADVANCED_FACE('',(#283),#103,.F.);
#3474=ADVANCED_FACE('',(#284),#104,.F.);
#3475=ADVANCED_FACE('',(#285),#105,.F.);
#3476=ADVANCED_FACE('',(#286),#106,.T.);
#3477=ADVANCED_FACE('',(#287),#3355,.T.);
#3478=ADVANCED_FACE('',(#288),#107,.T.);
#3479=ADVANCED_FACE('',(#289),#3356,.T.);
#3480=ADVANCED_FACE('',(#290),#3357,.T.);
#3481=ADVANCED_FACE('',(#291),#108,.T.);
#3482=ADVANCED_FACE('',(#292),#3358,.T.);
#3483=ADVANCED_FACE('',(#293),#109,.T.);
#3484=ADVANCED_FACE('',(#294),#3359,.T.);
#3485=ADVANCED_FACE('',(#295),#3360,.T.);
#3486=ADVANCED_FACE('',(#296),#110,.T.);
#3487=ADVANCED_FACE('',(#297),#3361,.T.);
#3488=ADVANCED_FACE('',(#298,#180),#3362,.T.);
#3489=ADVANCED_FACE('',(#299),#16,.F.);
#3490=ADVANCED_FACE('',(#300),#111,.F.);
#3491=ADVANCED_FACE('',(#301),#17,.F.);
#3492=ADVANCED_FACE('',(#302),#3363,.T.);
#3493=ADVANCED_FACE('',(#303),#3364,.T.);
#3494=ADVANCED_FACE('',(#304),#3365,.T.);
#3495=ADVANCED_FACE('',(#305),#112,.T.);
#3496=ADVANCED_FACE('',(#306),#3366,.T.);
#3497=ADVANCED_FACE('',(#307),#113,.T.);
#3498=ADVANCED_FACE('',(#308),#3367,.T.);
#3499=ADVANCED_FACE('',(#309,#181),#3368,.T.);
#3500=ADVANCED_FACE('',(#310),#18,.F.);
#3501=ADVANCED_FACE('',(#311),#114,.F.);
#3502=ADVANCED_FACE('',(#312),#19,.F.);
#3503=ADVANCED_FACE('',(#313,#182),#3369,.T.);
#3504=ADVANCED_FACE('',(#314),#20,.F.);
#3505=ADVANCED_FACE('',(#315),#115,.F.);
#3506=ADVANCED_FACE('',(#316),#21,.F.);
#3507=ADVANCED_FACE('',(#317),#116,.F.);
#3508=ADVANCED_FACE('',(#318,#183,#184,#185),#3370,.F.);
#3509=ADVANCED_FACE('',(#319),#117,.F.);
#3510=ADVANCED_FACE('',(#320),#3371,.F.);
#3511=ADVANCED_FACE('',(#321),#118,.F.);
#3512=ADVANCED_FACE('',(#322),#119,.F.);
#3513=ADVANCED_FACE('',(#323),#3372,.F.);
#3514=ADVANCED_FACE('',(#324),#120,.F.);
#3515=ADVANCED_FACE('',(#325,#186,#187,#188),#121,.T.);
#3516=ADVANCED_FACE('',(#326),#122,.F.);
#3517=ADVANCED_FACE('',(#327),#3373,.F.);
#3518=ADVANCED_FACE('',(#328),#123,.F.);
#3519=ADVANCED_FACE('',(#329),#124,.F.);
#3520=ADVANCED_FACE('',(#330),#125,.F.);
#3521=ADVANCED_FACE('',(#331),#3374,.F.);
#3522=ADVANCED_FACE('',(#332),#126,.F.);
#3523=ADVANCED_FACE('',(#333),#127,.F.);
#3524=ADVANCED_FACE('',(#334,#189),#3375,.T.);
#3525=ADVANCED_FACE('',(#335),#128,.T.);
#3526=ADVANCED_FACE('',(#336),#129,.F.);
#3527=ADVANCED_FACE('',(#337),#130,.F.);
#3528=ADVANCED_FACE('',(#338,#190),#3376,.T.);
#3529=ADVANCED_FACE('',(#339),#131,.F.);
#3530=ADVANCED_FACE('',(#340,#191),#3377,.F.);
#3531=ADVANCED_FACE('',(#341),#132,.F.);
#3532=ADVANCED_FACE('',(#342,#192),#3378,.T.);
#3533=ADVANCED_FACE('',(#343),#133,.F.);
#3534=ADVANCED_FACE('',(#344),#22,.F.);
#3535=ADVANCED_FACE('',(#345,#193,#194),#3379,.T.);
#3536=ADVANCED_FACE('',(#346),#134,.T.);
#3537=ADVANCED_FACE('',(#347),#135,.F.);
#3538=ADVANCED_FACE('',(#348),#136,.F.);
#3539=ADVANCED_FACE('',(#349),#137,.F.);
#3540=ADVANCED_FACE('',(#350,#195),#3380,.T.);
#3541=ADVANCED_FACE('',(#351),#138,.F.);
#3542=ADVANCED_FACE('',(#352,#196),#3381,.T.);
#3543=ADVANCED_FACE('',(#353),#139,.F.);
#3544=ADVANCED_FACE('',(#354,#197),#3382,.F.);
#3545=ADVANCED_FACE('',(#355),#140,.F.);
#3546=ADVANCED_FACE('',(#356),#23,.F.);
#3547=ADVANCED_FACE('',(#357,#198),#3383,.T.);
#3548=ADVANCED_FACE('',(#358),#141,.F.);
#3549=ADVANCED_FACE('',(#359),#3384,.F.);
#3550=ADVANCED_FACE('',(#360),#142,.F.);
#3551=ADVANCED_FACE('',(#361),#143,.F.);
#3552=ADVANCED_FACE('',(#362),#144,.F.);
#3553=ADVANCED_FACE('',(#363),#3385,.F.);
#3554=ADVANCED_FACE('',(#364),#145,.F.);
#3555=ADVANCED_FACE('',(#365),#146,.F.);
#3556=ADVANCED_FACE('',(#366),#3386,.F.);
#3557=ADVANCED_FACE('',(#367),#147,.F.);
#3558=ADVANCED_FACE('',(#368),#148,.F.);
#3559=ADVANCED_FACE('',(#369),#149,.F.);
#3560=ADVANCED_FACE('',(#370),#3387,.F.);
#3561=ADVANCED_FACE('',(#371),#150,.F.);
#3562=ADVANCED_FACE('',(#372),#151,.F.);
#3563=ADVANCED_FACE('',(#373),#3388,.F.);
#3564=ADVANCED_FACE('',(#374),#152,.F.);
#3565=ADVANCED_FACE('',(#375),#153,.F.);
#3566=ADVANCED_FACE('',(#376),#154,.T.);
#3567=ADVANCED_FACE('',(#377,#199),#3389,.T.);
#3568=ADVANCED_FACE('',(#378),#24,.F.);
#3569=ADVANCED_FACE('',(#379),#155,.F.);
#3570=ADVANCED_FACE('',(#380),#25,.F.);
#3571=ADVANCED_FACE('',(#381),#156,.T.);
#3572=ADVANCED_FACE('',(#382,#200),#3390,.T.);
#3573=ADVANCED_FACE('',(#383),#26,.F.);
#3574=ADVANCED_FACE('',(#384),#157,.F.);
#3575=ADVANCED_FACE('',(#385),#27,.F.);
#3576=ADVANCED_FACE('',(#386),#158,.T.);
#3577=ADVANCED_FACE('',(#387,#201),#3391,.T.);
#3578=ADVANCED_FACE('',(#388),#28,.F.);
#3579=ADVANCED_FACE('',(#389),#159,.F.);
#3580=ADVANCED_FACE('',(#390),#29,.F.);
#3581=ADVANCED_FACE('',(#391,#202),#3392,.T.);
#3582=ADVANCED_FACE('',(#392),#30,.F.);
#3583=ADVANCED_FACE('',(#393),#160,.F.);
#3584=ADVANCED_FACE('',(#394),#31,.F.);
#3585=CLOSED_SHELL('',(#3393,#3394,#3395,#3396,#3397,#3398,#3399,#3400,
#3401,#3402,#3403,#3404,#3405,#3406,#3407,#3408,#3409,#3410,#3411,#3412,
#3413,#3414,#3415,#3416,#3417,#3418,#3419,#3420,#3421,#3422,#3423,#3424,
#3425,#3426,#3427,#3428,#3429,#3430,#3431,#3432,#3433,#3434,#3435,#3436,
#3437,#3438,#3439,#3440,#3441,#3442,#3443,#3444,#3445,#3446,#3447,#3448,
#3449,#3450,#3451,#3452,#3453,#3454,#3455,#3456,#3457,#3458,#3459,#3460,
#3461,#3462,#3463,#3464,#3465,#3466,#3467,#3468,#3469,#3470,#3471,#3472,
#3473,#3474,#3475,#3476,#3477,#3478,#3479,#3480,#3481,#3482,#3483,#3484,
#3485,#3486,#3487,#3488,#3489,#3490,#3491,#3492,#3493,#3494,#3495,#3496,
#3497,#3498,#3499,#3500,#3501,#3502,#3503,#3504,#3505,#3506,#3507,#3508,
#3509,#3510,#3511,#3512,#3513,#3514,#3515,#3516,#3517,#3518,#3519,#3520,
#3521,#3522,#3523,#3524,#3525,#3526,#3527,#3528,#3529,#3530,#3531,#3532,
#3533,#3534,#3535,#3536,#3537,#3538,#3539,#3540,#3541,#3542,#3543,#3544,
#3545,#3546,#3547,#3548,#3549,#3550,#3551,#3552,#3553,#3554,#3555,#3556,
#3557,#3558,#3559,#3560,#3561,#3562,#3563,#3564,#3565,#3566,#3567,#3568,
#3569,#3570,#3571,#3572,#3573,#3574,#3575,#3576,#3577,#3578,#3579,#3580,
#3581,#3582,#3583,#3584));
#3586=DERIVED_UNIT_ELEMENT(#3588,1.);
#3587=DERIVED_UNIT_ELEMENT(#6472,-3.);
#3588=(
MASS_UNIT()
NAMED_UNIT(*)
SI_UNIT(.KILO.,.GRAM.)
);
#3589=DERIVED_UNIT((#3586,#3587));
#3590=MEASURE_REPRESENTATION_ITEM('density measure',
POSITIVE_RATIO_MEASURE(7850.),#3589);
#3591=PROPERTY_DEFINITION_REPRESENTATION(#3596,#3593);
#3592=PROPERTY_DEFINITION_REPRESENTATION(#3597,#3594);
#3593=REPRESENTATION('material name',(#3595),#6469);
#3594=REPRESENTATION('density',(#3590),#6469);
#3595=DESCRIPTIVE_REPRESENTATION_ITEM('Steel','Steel');
#3596=PROPERTY_DEFINITION('material property','material name',#6479);
#3597=PROPERTY_DEFINITION('material property','density of part',#6479);
#3598=AXIS2_PLACEMENT_3D('',#5296,#4087,#4088);
#3599=AXIS2_PLACEMENT_3D('',#5297,#4089,#4090);
#3600=AXIS2_PLACEMENT_3D('',#5302,#4092,#4093);
#3601=AXIS2_PLACEMENT_3D('',#5305,#4095,#4096);
#3602=AXIS2_PLACEMENT_3D('',#5308,#4097,#4098);
#3603=AXIS2_PLACEMENT_3D('',#5310,#4099,#4100);
#3604=AXIS2_PLACEMENT_3D('',#5314,#4102,#4103);
#3605=AXIS2_PLACEMENT_3D('',#5316,#4104,#4105);
#3606=AXIS2_PLACEMENT_3D('',#5318,#4106,#4107);
#3607=AXIS2_PLACEMENT_3D('',#5322,#4109,#4110);
#3608=AXIS2_PLACEMENT_3D('',#5324,#4111,#4112);
#3609=AXIS2_PLACEMENT_3D('',#5326,#4113,#4114);
#3610=AXIS2_PLACEMENT_3D('',#5330,#4116,#4117);
#3611=AXIS2_PLACEMENT_3D('',#5332,#4118,#4119);
#3612=AXIS2_PLACEMENT_3D('',#5334,#4120,#4121);
#3613=AXIS2_PLACEMENT_3D('',#5336,#4122,#4123);
#3614=AXIS2_PLACEMENT_3D('',#5338,#4124,#4125);
#3615=AXIS2_PLACEMENT_3D('',#5340,#4126,#4127);
#3616=AXIS2_PLACEMENT_3D('',#5342,#4128,#4129);
#3617=AXIS2_PLACEMENT_3D('',#5346,#4131,#4132);
#3618=AXIS2_PLACEMENT_3D('',#5348,#4133,#4134);
#3619=AXIS2_PLACEMENT_3D('',#5350,#4135,#4136);
#3620=AXIS2_PLACEMENT_3D('',#5354,#4138,#4139);
#3621=AXIS2_PLACEMENT_3D('',#5356,#4140,#4141);
#3622=AXIS2_PLACEMENT_3D('',#5358,#4142,#4143);
#3623=AXIS2_PLACEMENT_3D('',#5362,#4145,#4146);
#3624=AXIS2_PLACEMENT_3D('',#5364,#4147,#4148);
#3625=AXIS2_PLACEMENT_3D('',#5366,#4149,#4150);
#3626=AXIS2_PLACEMENT_3D('',#5370,#4152,#4153);
#3627=AXIS2_PLACEMENT_3D('',#5372,#4154,#4155);
#3628=AXIS2_PLACEMENT_3D('',#5374,#4156,#4157);
#3629=AXIS2_PLACEMENT_3D('',#5377,#4159,#4160);
#3630=AXIS2_PLACEMENT_3D('',#5378,#4161,#4162);
#3631=AXIS2_PLACEMENT_3D('',#5402,#4164,#4165);
#3632=AXIS2_PLACEMENT_3D('',#5407,#4167,#4168);
#3633=AXIS2_PLACEMENT_3D('',#5419,#4170,#4171);
#3634=AXIS2_PLACEMENT_3D('',#5437,#4181,#4182);
#3635=AXIS2_PLACEMENT_3D('',#5439,#4183,#4184);
#3636=AXIS2_PLACEMENT_3D('',#5443,#4186,#4187);
#3637=AXIS2_PLACEMENT_3D('',#5446,#4189,#4190);
#3638=AXIS2_PLACEMENT_3D('',#5447,#4191,#4192);
#3639=AXIS2_PLACEMENT_3D('',#5450,#4193,#4194);
#3640=AXIS2_PLACEMENT_3D('',#5451,#4195,#4196);
#3641=AXIS2_PLACEMENT_3D('',#5453,#4197,#4198);
#3642=AXIS2_PLACEMENT_3D('',#5457,#4200,#4201);
#3643=AXIS2_PLACEMENT_3D('',#5459,#4202,#4203);
#3644=AXIS2_PLACEMENT_3D('',#5461,#4205,#4206);
#3645=AXIS2_PLACEMENT_3D('',#5465,#4208,#4209);
#3646=AXIS2_PLACEMENT_3D('',#5467,#4211,#4212);
#3647=AXIS2_PLACEMENT_3D('',#5471,#4214,#4215);
#3648=AXIS2_PLACEMENT_3D('',#5474,#4217,#4218);
#3649=AXIS2_PLACEMENT_3D('',#5475,#4219,#4220);
#3650=AXIS2_PLACEMENT_3D('',#5489,#4228,#4229);
#3651=AXIS2_PLACEMENT_3D('',#5490,#4230,#4231);
#3652=AXIS2_PLACEMENT_3D('',#5491,#4232,#4233);
#3653=AXIS2_PLACEMENT_3D('',#5492,#4234,#4235);
#3654=AXIS2_PLACEMENT_3D('',#5493,#4236,#4237);
#3655=AXIS2_PLACEMENT_3D('',#5494,#4238,#4239);
#3656=AXIS2_PLACEMENT_3D('',#5497,#4240,#4241);
#3657=AXIS2_PLACEMENT_3D('',#5499,#4242,#4243);
#3658=AXIS2_PLACEMENT_3D('',#5501,#4244,#4245);
#3659=AXIS2_PLACEMENT_3D('',#5503,#4246,#4247);
#3660=AXIS2_PLACEMENT_3D('',#5505,#4248,#4249);
#3661=AXIS2_PLACEMENT_3D('',#5507,#4250,#4251);
#3662=AXIS2_PLACEMENT_3D('',#5509,#4252,#4253);
#3663=AXIS2_PLACEMENT_3D('',#5511,#4254,#4255);
#3664=AXIS2_PLACEMENT_3D('',#5513,#4256,#4257);
#3665=AXIS2_PLACEMENT_3D('',#5515,#4258,#4259);
#3666=AXIS2_PLACEMENT_3D('',#5517,#4260,#4261);
#3667=AXIS2_PLACEMENT_3D('',#5519,#4262,#4263);
#3668=AXIS2_PLACEMENT_3D('',#5521,#4264,#4265);
#3669=AXIS2_PLACEMENT_3D('',#5523,#4266,#4267);
#3670=AXIS2_PLACEMENT_3D('',#5525,#4268,#4269);
#3671=AXIS2_PLACEMENT_3D('',#5527,#4270,#4271);
#3672=AXIS2_PLACEMENT_3D('',#5529,#4272,#4273);
#3673=AXIS2_PLACEMENT_3D('',#5531,#4274,#4275);
#3674=AXIS2_PLACEMENT_3D('',#5533,#4276,#4277);
#3675=AXIS2_PLACEMENT_3D('',#5535,#4278,#4279);
#3676=AXIS2_PLACEMENT_3D('',#5537,#4280,#4281);
#3677=AXIS2_PLACEMENT_3D('',#5539,#4282,#4283);
#3678=AXIS2_PLACEMENT_3D('',#5541,#4284,#4285);
#3679=AXIS2_PLACEMENT_3D('',#5543,#4286,#4287);
#3680=AXIS2_PLACEMENT_3D('',#5545,#4288,#4289);
#3681=AXIS2_PLACEMENT_3D('',#5547,#4290,#4291);
#3682=AXIS2_PLACEMENT_3D('',#5549,#4292,#4293);
#3683=AXIS2_PLACEMENT_3D('',#5551,#4294,#4295);
#3684=AXIS2_PLACEMENT_3D('',#5553,#4296,#4297);
#3685=AXIS2_PLACEMENT_3D('',#5555,#4298,#4299);
#3686=AXIS2_PLACEMENT_3D('',#5557,#4300,#4301);
#3687=AXIS2_PLACEMENT_3D('',#5559,#4302,#4303);
#3688=AXIS2_PLACEMENT_3D('',#5561,#4304,#4305);
#3689=AXIS2_PLACEMENT_3D('',#5563,#4306,#4307);
#3690=AXIS2_PLACEMENT_3D('',#5565,#4308,#4309);
#3691=AXIS2_PLACEMENT_3D('',#5567,#4310,#4311);
#3692=AXIS2_PLACEMENT_3D('',#5569,#4312,#4313);
#3693=AXIS2_PLACEMENT_3D('',#5570,#4314,#4315);
#3694=AXIS2_PLACEMENT_3D('',#5572,#4316,#4317);
#3695=AXIS2_PLACEMENT_3D('',#5574,#4318,#4319);
#3696=AXIS2_PLACEMENT_3D('',#5576,#4320,#4321);
#3697=AXIS2_PLACEMENT_3D('',#5578,#4322,#4323);
#3698=AXIS2_PLACEMENT_3D('',#5580,#4324,#4325);
#3699=AXIS2_PLACEMENT_3D('',#5582,#4326,#4327);
#3700=AXIS2_PLACEMENT_3D('',#5584,#4328,#4329);
#3701=AXIS2_PLACEMENT_3D('',#5586,#4330,#4331);
#3702=AXIS2_PLACEMENT_3D('',#5588,#4332,#4333);
#3703=AXIS2_PLACEMENT_3D('',#5590,#4334,#4335);
#3704=AXIS2_PLACEMENT_3D('',#5594,#4337,#4338);
#3705=AXIS2_PLACEMENT_3D('',#5598,#4340,#4341);
#3706=AXIS2_PLACEMENT_3D('',#5602,#4343,#4344);
#3707=AXIS2_PLACEMENT_3D('',#5606,#4346,#4347);
#3708=AXIS2_PLACEMENT_3D('',#5610,#4349,#4350);
#3709=AXIS2_PLACEMENT_3D('',#5612,#4352,#4353);
#3710=AXIS2_PLACEMENT_3D('',#5616,#4355,#4356);
#3711=AXIS2_PLACEMENT_3D('',#5618,#4358,#4359);
#3712=AXIS2_PLACEMENT_3D('',#5621,#4361,#4362);
#3713=AXIS2_PLACEMENT_3D('',#5622,#4363,#4364);
#3714=AXIS2_PLACEMENT_3D('',#5625,#4366,#4367);
#3715=AXIS2_PLACEMENT_3D('',#5626,#4368,#4369);
#3716=AXIS2_PLACEMENT_3D('',#5629,#4371,#4372);
#3717=AXIS2_PLACEMENT_3D('',#5630,#4373,#4374);
#3718=AXIS2_PLACEMENT_3D('',#5633,#4376,#4377);
#3719=AXIS2_PLACEMENT_3D('',#5634,#4378,#4379);
#3720=AXIS2_PLACEMENT_3D('',#5637,#4381,#4382);
#3721=AXIS2_PLACEMENT_3D('',#5638,#4383,#4384);
#3722=AXIS2_PLACEMENT_3D('',#5641,#4386,#4387);
#3723=AXIS2_PLACEMENT_3D('',#5642,#4388,#4389);
#3724=AXIS2_PLACEMENT_3D('',#5645,#4391,#4392);
#3725=AXIS2_PLACEMENT_3D('',#5646,#4393,#4394);
#3726=AXIS2_PLACEMENT_3D('',#5649,#4396,#4397);
#3727=AXIS2_PLACEMENT_3D('',#5650,#4398,#4399);
#3728=AXIS2_PLACEMENT_3D('',#5653,#4401,#4402);
#3729=AXIS2_PLACEMENT_3D('',#5654,#4403,#4404);
#3730=AXIS2_PLACEMENT_3D('',#5657,#4406,#4407);
#3731=AXIS2_PLACEMENT_3D('',#5658,#4408,#4409);
#3732=AXIS2_PLACEMENT_3D('',#5661,#4411,#4412);
#3733=AXIS2_PLACEMENT_3D('',#5662,#4413,#4414);
#3734=AXIS2_PLACEMENT_3D('',#5665,#4416,#4417);
#3735=AXIS2_PLACEMENT_3D('',#5666,#4418,#4419);
#3736=AXIS2_PLACEMENT_3D('',#5669,#4421,#4422);
#3737=AXIS2_PLACEMENT_3D('',#5670,#4423,#4424);
#3738=AXIS2_PLACEMENT_3D('',#5673,#4426,#4427);
#3739=AXIS2_PLACEMENT_3D('',#5674,#4428,#4429);
#3740=AXIS2_PLACEMENT_3D('',#5677,#4431,#4432);
#3741=AXIS2_PLACEMENT_3D('',#5678,#4433,#4434);
#3742=AXIS2_PLACEMENT_3D('',#5681,#4436,#4437);
#3743=AXIS2_PLACEMENT_3D('',#5682,#4438,#4439);
#3744=AXIS2_PLACEMENT_3D('',#5685,#4441,#4442);
#3745=AXIS2_PLACEMENT_3D('',#5686,#4443,#4444);
#3746=AXIS2_PLACEMENT_3D('',#5689,#4446,#4447);
#3747=AXIS2_PLACEMENT_3D('',#5690,#4448,#4449);
#3748=AXIS2_PLACEMENT_3D('',#5693,#4451,#4452);
#3749=AXIS2_PLACEMENT_3D('',#5694,#4453,#4454);
#3750=AXIS2_PLACEMENT_3D('',#5697,#4456,#4457);
#3751=AXIS2_PLACEMENT_3D('',#5698,#4458,#4459);
#3752=AXIS2_PLACEMENT_3D('',#5701,#4461,#4462);
#3753=AXIS2_PLACEMENT_3D('',#5702,#4463,#4464);
#3754=AXIS2_PLACEMENT_3D('',#5705,#4466,#4467);
#3755=AXIS2_PLACEMENT_3D('',#5706,#4468,#4469);
#3756=AXIS2_PLACEMENT_3D('',#5709,#4471,#4472);
#3757=AXIS2_PLACEMENT_3D('',#5710,#4473,#4474);
#3758=AXIS2_PLACEMENT_3D('',#5713,#4476,#4477);
#3759=AXIS2_PLACEMENT_3D('',#5714,#4478,#4479);
#3760=AXIS2_PLACEMENT_3D('',#5717,#4481,#4482);
#3761=AXIS2_PLACEMENT_3D('',#5718,#4483,#4484);
#3762=AXIS2_PLACEMENT_3D('',#5721,#4486,#4487);
#3763=AXIS2_PLACEMENT_3D('',#5722,#4488,#4489);
#3764=AXIS2_PLACEMENT_3D('',#5725,#4491,#4492);
#3765=AXIS2_PLACEMENT_3D('',#5726,#4493,#4494);
#3766=AXIS2_PLACEMENT_3D('',#5729,#4496,#4497);
#3767=AXIS2_PLACEMENT_3D('',#5730,#4498,#4499);
#3768=AXIS2_PLACEMENT_3D('',#5733,#4501,#4502);
#3769=AXIS2_PLACEMENT_3D('',#5734,#4503,#4504);
#3770=AXIS2_PLACEMENT_3D('',#5737,#4506,#4507);
#3771=AXIS2_PLACEMENT_3D('',#5738,#4508,#4509);
#3772=AXIS2_PLACEMENT_3D('',#5741,#4511,#4512);
#3773=AXIS2_PLACEMENT_3D('',#5742,#4513,#4514);
#3774=AXIS2_PLACEMENT_3D('',#5745,#4516,#4517);
#3775=AXIS2_PLACEMENT_3D('',#5746,#4518,#4519);
#3776=AXIS2_PLACEMENT_3D('',#5749,#4521,#4522);
#3777=AXIS2_PLACEMENT_3D('',#5750,#4523,#4524);
#3778=AXIS2_PLACEMENT_3D('',#5753,#4526,#4527);
#3779=AXIS2_PLACEMENT_3D('',#5754,#4528,#4529);
#3780=AXIS2_PLACEMENT_3D('',#5757,#4531,#4532);
#3781=AXIS2_PLACEMENT_3D('',#5758,#4533,#4534);
#3782=AXIS2_PLACEMENT_3D('',#5761,#4536,#4537);
#3783=AXIS2_PLACEMENT_3D('',#5762,#4538,#4539);
#3784=AXIS2_PLACEMENT_3D('',#5763,#4540,#4541);
#3785=AXIS2_PLACEMENT_3D('',#5764,#4542,#4543);
#3786=AXIS2_PLACEMENT_3D('',#5766,#4544,#4545);
#3787=AXIS2_PLACEMENT_3D('',#5768,#4546,#4547);
#3788=AXIS2_PLACEMENT_3D('',#5770,#4548,#4549);
#3789=AXIS2_PLACEMENT_3D('',#5772,#4550,#4551);
#3790=AXIS2_PLACEMENT_3D('',#5774,#4552,#4553);
#3791=AXIS2_PLACEMENT_3D('',#5776,#4554,#4555);
#3792=AXIS2_PLACEMENT_3D('',#5778,#4556,#4557);
#3793=AXIS2_PLACEMENT_3D('',#5780,#4558,#4559);
#3794=AXIS2_PLACEMENT_3D('',#5784,#4561,#4562);
#3795=AXIS2_PLACEMENT_3D('',#5786,#4564,#4565);
#3796=AXIS2_PLACEMENT_3D('',#5787,#4566,#4567);
#3797=AXIS2_PLACEMENT_3D('',#5789,#4569,#4570);
#3798=AXIS2_PLACEMENT_3D('',#5791,#4572,#4573);
#3799=AXIS2_PLACEMENT_3D('',#5793,#4575,#4576);
#3800=AXIS2_PLACEMENT_3D('',#5795,#4578,#4579);
#3801=AXIS2_PLACEMENT_3D('',#5797,#4581,#4582);
#3802=AXIS2_PLACEMENT_3D('',#5799,#4584,#4585);
#3803=AXIS2_PLACEMENT_3D('',#5801,#4587,#4588);
#3804=AXIS2_PLACEMENT_3D('',#5803,#4590,#4591);
#3805=AXIS2_PLACEMENT_3D('',#5804,#4592,#4593);
#3806=AXIS2_PLACEMENT_3D('',#5837,#4597,#4598);
#3807=AXIS2_PLACEMENT_3D('',#5839,#4599,#4600);
#3808=AXIS2_PLACEMENT_3D('',#5841,#4602,#4603);
#3809=AXIS2_PLACEMENT_3D('',#5843,#4605,#4606);
#3810=AXIS2_PLACEMENT_3D('',#5883,#4608,#4609);
#3811=AXIS2_PLACEMENT_3D('',#5884,#4610,#4611);
#3812=AXIS2_PLACEMENT_3D('',#5888,#4613,#4614);
#3813=AXIS2_PLACEMENT_3D('',#5892,#4616,#4617);
#3814=AXIS2_PLACEMENT_3D('',#5895,#4619,#4620);
#3815=AXIS2_PLACEMENT_3D('',#5896,#4621,#4622);
#3816=AXIS2_PLACEMENT_3D('',#5898,#4623,#4624);
#3817=AXIS2_PLACEMENT_3D('',#5899,#4625,#4626);
#3818=AXIS2_PLACEMENT_3D('',#5900,#4627,#4628);
#3819=AXIS2_PLACEMENT_3D('',#5903,#4630,#4631);
#3820=AXIS2_PLACEMENT_3D('',#5904,#4632,#4633);
#3821=AXIS2_PLACEMENT_3D('',#5906,#4634,#4635);
#3822=AXIS2_PLACEMENT_3D('',#5909,#4637,#4638);
#3823=AXIS2_PLACEMENT_3D('',#5910,#4639,#4640);
#3824=AXIS2_PLACEMENT_3D('',#5911,#4641,#4642);
#3825=AXIS2_PLACEMENT_3D('',#5915,#4644,#4645);
#3826=AXIS2_PLACEMENT_3D('',#5916,#4646,#4647);
#3827=AXIS2_PLACEMENT_3D('',#5917,#4648,#4649);
#3828=AXIS2_PLACEMENT_3D('',#5923,#4653,#4654);
#3829=AXIS2_PLACEMENT_3D('',#5928,#4656,#4657);
#3830=AXIS2_PLACEMENT_3D('',#5931,#4659,#4660);
#3831=AXIS2_PLACEMENT_3D('',#5934,#4662,#4663);
#3832=AXIS2_PLACEMENT_3D('',#5935,#4664,#4665);
#3833=AXIS2_PLACEMENT_3D('',#5939,#4667,#4668);
#3834=AXIS2_PLACEMENT_3D('',#5940,#4669,#4670);
#3835=AXIS2_PLACEMENT_3D('',#5941,#4671,#4672);
#3836=AXIS2_PLACEMENT_3D('',#5945,#4674,#4675);
#3837=AXIS2_PLACEMENT_3D('',#5947,#4676,#4677);
#3838=AXIS2_PLACEMENT_3D('',#5951,#4679,#4680);
#3839=AXIS2_PLACEMENT_3D('',#5954,#4682,#4683);
#3840=AXIS2_PLACEMENT_3D('',#5955,#4684,#4685);
#3841=AXIS2_PLACEMENT_3D('',#5959,#4687,#4688);
#3842=AXIS2_PLACEMENT_3D('',#5960,#4689,#4690);
#3843=AXIS2_PLACEMENT_3D('',#5961,#4691,#4692);
#3844=AXIS2_PLACEMENT_3D('',#5965,#4694,#4695);
#3845=AXIS2_PLACEMENT_3D('',#5966,#4696,#4697);
#3846=AXIS2_PLACEMENT_3D('',#5967,#4698,#4699);
#3847=AXIS2_PLACEMENT_3D('',#5971,#4701,#4702);
#3848=AXIS2_PLACEMENT_3D('',#5972,#4703,#4704);
#3849=AXIS2_PLACEMENT_3D('',#5973,#4705,#4706);
#3850=AXIS2_PLACEMENT_3D('',#5977,#4708,#4709);
#3851=AXIS2_PLACEMENT_3D('',#5979,#4710,#4711);
#3852=AXIS2_PLACEMENT_3D('',#5983,#4713,#4714);
#3853=AXIS2_PLACEMENT_3D('',#5986,#4716,#4717);
#3854=AXIS2_PLACEMENT_3D('',#5987,#4718,#4719);
#3855=AXIS2_PLACEMENT_3D('',#5991,#4721,#4722);
#3856=AXIS2_PLACEMENT_3D('',#5992,#4723,#4724);
#3857=AXIS2_PLACEMENT_3D('',#5993,#4725,#4726);
#3858=AXIS2_PLACEMENT_3D('',#5997,#4728,#4729);
#3859=AXIS2_PLACEMENT_3D('',#5999,#4730,#4731);
#3860=AXIS2_PLACEMENT_3D('',#6003,#4733,#4734);
#3861=AXIS2_PLACEMENT_3D('',#6006,#4736,#4737);
#3862=AXIS2_PLACEMENT_3D('',#6007,#4738,#4739);
#3863=AXIS2_PLACEMENT_3D('',#6011,#4741,#4742);
#3864=AXIS2_PLACEMENT_3D('',#6012,#4743,#4744);
#3865=AXIS2_PLACEMENT_3D('',#6013,#4745,#4746);
#3866=AXIS2_PLACEMENT_3D('',#6016,#4747,#4748);
#3867=AXIS2_PLACEMENT_3D('',#6019,#4750,#4751);
#3868=AXIS2_PLACEMENT_3D('',#6021,#4752,#4753);
#3869=AXIS2_PLACEMENT_3D('',#6025,#4755,#4756);
#3870=AXIS2_PLACEMENT_3D('',#6027,#4758,#4759);
#3871=AXIS2_PLACEMENT_3D('',#6028,#4760,#4761);
#3872=AXIS2_PLACEMENT_3D('',#6029,#4762,#4763);
#3873=AXIS2_PLACEMENT_3D('',#6030,#4764,#4765);
#3874=AXIS2_PLACEMENT_3D('',#6031,#4766,#4767);
#3875=AXIS2_PLACEMENT_3D('',#6033,#4768,#4769);
#3876=AXIS2_PLACEMENT_3D('',#6035,#4771,#4772);
#3877=AXIS2_PLACEMENT_3D('',#6040,#4776,#4777);
#3878=AXIS2_PLACEMENT_3D('',#6041,#4778,#4779);
#3879=AXIS2_PLACEMENT_3D('',#6043,#4780,#4781);
#3880=AXIS2_PLACEMENT_3D('',#6045,#4783,#4784);
#3881=AXIS2_PLACEMENT_3D('',#6049,#4787,#4788);
#3882=AXIS2_PLACEMENT_3D('',#6051,#4789,#4790);
#3883=AXIS2_PLACEMENT_3D('',#6053,#4792,#4793);
#3884=AXIS2_PLACEMENT_3D('',#6058,#4797,#4798);
#3885=AXIS2_PLACEMENT_3D('',#6059,#4799,#4800);
#3886=AXIS2_PLACEMENT_3D('',#6060,#4801,#4802);
#3887=AXIS2_PLACEMENT_3D('',#6062,#4803,#4804);
#3888=AXIS2_PLACEMENT_3D('',#6064,#4806,#4807);
#3889=AXIS2_PLACEMENT_3D('',#6065,#4808,#4809);
#3890=AXIS2_PLACEMENT_3D('',#6066,#4810,#4811);
#3891=AXIS2_PLACEMENT_3D('',#6067,#4812,#4813);
#3892=AXIS2_PLACEMENT_3D('',#6068,#4814,#4815);
#3893=AXIS2_PLACEMENT_3D('',#6070,#4816,#4817);
#3894=AXIS2_PLACEMENT_3D('',#6071,#4818,#4819);
#3895=AXIS2_PLACEMENT_3D('',#6074,#4820,#4821);
#3896=AXIS2_PLACEMENT_3D('',#6076,#4823,#4824);
#3897=AXIS2_PLACEMENT_3D('',#6077,#4825,#4826);
#3898=AXIS2_PLACEMENT_3D('',#6079,#4827,#4828);
#3899=AXIS2_PLACEMENT_3D('',#6081,#4830,#4831);
#3900=AXIS2_PLACEMENT_3D('',#6084,#4833,#4834);
#3901=AXIS2_PLACEMENT_3D('',#6085,#4835,#4836);
#3902=AXIS2_PLACEMENT_3D('',#6090,#4840,#4841);
#3903=AXIS2_PLACEMENT_3D('',#6091,#4842,#4843);
#3904=AXIS2_PLACEMENT_3D('',#6093,#4844,#4845);
#3905=AXIS2_PLACEMENT_3D('',#6095,#4847,#4848);
#3906=AXIS2_PLACEMENT_3D('',#6099,#4851,#4852);
#3907=AXIS2_PLACEMENT_3D('',#6100,#4853,#4854);
#3908=AXIS2_PLACEMENT_3D('',#6101,#4855,#4856);
#3909=AXIS2_PLACEMENT_3D('',#6102,#4857,#4858);
#3910=AXIS2_PLACEMENT_3D('',#6104,#4859,#4860);
#3911=AXIS2_PLACEMENT_3D('',#6105,#4861,#4862);
#3912=AXIS2_PLACEMENT_3D('',#6108,#4863,#4864);
#3913=AXIS2_PLACEMENT_3D('',#6110,#4866,#4867);
#3914=AXIS2_PLACEMENT_3D('',#6111,#4868,#4869);
#3915=AXIS2_PLACEMENT_3D('',#6115,#4871,#4872);
#3916=AXIS2_PLACEMENT_3D('',#6116,#4873,#4874);
#3917=AXIS2_PLACEMENT_3D('',#6117,#4875,#4876);
#3918=AXIS2_PLACEMENT_3D('',#6120,#4878,#4879);
#3919=AXIS2_PLACEMENT_3D('',#6122,#4880,#4881);
#3920=AXIS2_PLACEMENT_3D('',#6123,#4882,#4883);
#3921=AXIS2_PLACEMENT_3D('',#6126,#4884,#4885);
#3922=AXIS2_PLACEMENT_3D('',#6128,#4887,#4888);
#3923=AXIS2_PLACEMENT_3D('',#6129,#4889,#4890);
#3924=AXIS2_PLACEMENT_3D('',#6131,#4891,#4892);
#3925=AXIS2_PLACEMENT_3D('',#6133,#4894,#4895);
#3926=AXIS2_PLACEMENT_3D('',#6136,#4897,#4898);
#3927=AXIS2_PLACEMENT_3D('',#6137,#4899,#4900);
#3928=AXIS2_PLACEMENT_3D('',#6138,#4901,#4902);
#3929=AXIS2_PLACEMENT_3D('',#6139,#4903,#4904);
#3930=AXIS2_PLACEMENT_3D('',#6143,#4906,#4907);
#3931=AXIS2_PLACEMENT_3D('',#6145,#4908,#4909);
#3932=AXIS2_PLACEMENT_3D('',#6147,#4910,#4911);
#3933=AXIS2_PLACEMENT_3D('',#6151,#4913,#4914);
#3934=AXIS2_PLACEMENT_3D('',#6153,#4915,#4916);
#3935=AXIS2_PLACEMENT_3D('',#6155,#4917,#4918);
#3936=AXIS2_PLACEMENT_3D('',#6159,#4920,#4921);
#3937=AXIS2_PLACEMENT_3D('',#6161,#4922,#4923);
#3938=AXIS2_PLACEMENT_3D('',#6163,#4924,#4925);
#3939=AXIS2_PLACEMENT_3D('',#6167,#4927,#4928);
#3940=AXIS2_PLACEMENT_3D('',#6169,#4929,#4930);
#3941=AXIS2_PLACEMENT_3D('',#6171,#4931,#4932);
#3942=AXIS2_PLACEMENT_3D('',#6175,#4934,#4935);
#3943=AXIS2_PLACEMENT_3D('',#6177,#4936,#4937);
#3944=AXIS2_PLACEMENT_3D('',#6179,#4938,#4939);
#3945=AXIS2_PLACEMENT_3D('',#6181,#4940,#4941);
#3946=AXIS2_PLACEMENT_3D('',#6183,#4942,#4943);
#3947=AXIS2_PLACEMENT_3D('',#6185,#4944,#4945);
#3948=AXIS2_PLACEMENT_3D('',#6187,#4946,#4947);
#3949=AXIS2_PLACEMENT_3D('',#6191,#4949,#4950);
#3950=AXIS2_PLACEMENT_3D('',#6193,#4951,#4952);
#3951=AXIS2_PLACEMENT_3D('',#6195,#4953,#4954);
#3952=AXIS2_PLACEMENT_3D('',#6199,#4956,#4957);
#3953=AXIS2_PLACEMENT_3D('',#6201,#4958,#4959);
#3954=AXIS2_PLACEMENT_3D('',#6203,#4960,#4961);
#3955=AXIS2_PLACEMENT_3D('',#6207,#4963,#4964);
#3956=AXIS2_PLACEMENT_3D('',#6209,#4965,#4966);
#3957=AXIS2_PLACEMENT_3D('',#6212,#4968,#4969);
#3958=AXIS2_PLACEMENT_3D('',#6214,#4970,#4971);
#3959=AXIS2_PLACEMENT_3D('',#6216,#4972,#4973);
#3960=AXIS2_PLACEMENT_3D('',#6218,#4974,#4975);
#3961=AXIS2_PLACEMENT_3D('',#6219,#4976,#4977);
#3962=AXIS2_PLACEMENT_3D('',#6221,#4979,#4980);
#3963=AXIS2_PLACEMENT_3D('',#6223,#4982,#4983);
#3964=AXIS2_PLACEMENT_3D('',#6226,#4986,#4987);
#3965=AXIS2_PLACEMENT_3D('',#6228,#4989,#4990);
#3966=AXIS2_PLACEMENT_3D('',#6230,#4992,#4993);
#3967=AXIS2_PLACEMENT_3D('',#6232,#4995,#4996);
#3968=AXIS2_PLACEMENT_3D('',#6237,#4999,#5000);
#3969=AXIS2_PLACEMENT_3D('',#6243,#5004,#5005);
#3970=AXIS2_PLACEMENT_3D('',#6246,#5007,#5008);
#3971=AXIS2_PLACEMENT_3D('',#6248,#5009,#5010);
#3972=AXIS2_PLACEMENT_3D('',#6255,#5017,#5018);
#3973=AXIS2_PLACEMENT_3D('',#6257,#5020,#5021);
#3974=AXIS2_PLACEMENT_3D('',#6259,#5023,#5024);
#3975=AXIS2_PLACEMENT_3D('',#6261,#5026,#5027);
#3976=AXIS2_PLACEMENT_3D('',#6263,#5029,#5030);
#3977=AXIS2_PLACEMENT_3D('',#6265,#5032,#5033);
#3978=AXIS2_PLACEMENT_3D('',#6267,#5035,#5036);
#3979=AXIS2_PLACEMENT_3D('',#6268,#5037,#5038);
#3980=AXIS2_PLACEMENT_3D('',#6270,#5039,#5040);
#3981=AXIS2_PLACEMENT_3D('',#6272,#5042,#5043);
#3982=AXIS2_PLACEMENT_3D('',#6274,#5044,#5045);
#3983=AXIS2_PLACEMENT_3D('',#6275,#5046,#5047);
#3984=AXIS2_PLACEMENT_3D('',#6277,#5048,#5049);
#3985=AXIS2_PLACEMENT_3D('',#6278,#5050,#5051);
#3986=AXIS2_PLACEMENT_3D('',#6280,#5053,#5054);
#3987=AXIS2_PLACEMENT_3D('',#6281,#5055,#5056);
#3988=AXIS2_PLACEMENT_3D('',#6284,#5058,#5059);
#3989=AXIS2_PLACEMENT_3D('',#6285,#5060,#5061);
#3990=AXIS2_PLACEMENT_3D('',#6287,#5062,#5063);
#3991=AXIS2_PLACEMENT_3D('',#6288,#5064,#5065);
#3992=AXIS2_PLACEMENT_3D('',#6291,#5067,#5068);
#3993=AXIS2_PLACEMENT_3D('',#6292,#5069,#5070);
#3994=AXIS2_PLACEMENT_3D('',#6294,#5071,#5072);
#3995=AXIS2_PLACEMENT_3D('',#6295,#5073,#5074);
#3996=AXIS2_PLACEMENT_3D('',#6297,#5075,#5076);
#3997=AXIS2_PLACEMENT_3D('',#6299,#5078,#5079);
#3998=AXIS2_PLACEMENT_3D('',#6301,#5080,#5081);
#3999=AXIS2_PLACEMENT_3D('',#6302,#5082,#5083);
#4000=AXIS2_PLACEMENT_3D('',#6305,#5085,#5086);
#4001=AXIS2_PLACEMENT_3D('',#6306,#5087,#5088);
#4002=AXIS2_PLACEMENT_3D('',#6309,#5090,#5091);
#4003=AXIS2_PLACEMENT_3D('',#6310,#5092,#5093);
#4004=AXIS2_PLACEMENT_3D('',#6313,#5094,#5095);
#4005=AXIS2_PLACEMENT_3D('',#6314,#5096,#5097);
#4006=AXIS2_PLACEMENT_3D('',#6315,#5098,#5099);
#4007=AXIS2_PLACEMENT_3D('',#6317,#5100,#5101);
#4008=AXIS2_PLACEMENT_3D('',#6318,#5102,#5103);
#4009=AXIS2_PLACEMENT_3D('',#6321,#5106,#5107);
#4010=AXIS2_PLACEMENT_3D('',#6322,#5108,#5109);
#4011=AXIS2_PLACEMENT_3D('',#6323,#5110,#5111);
#4012=AXIS2_PLACEMENT_3D('',#6325,#5112,#5113);
#4013=AXIS2_PLACEMENT_3D('',#6327,#5115,#5116);
#4014=AXIS2_PLACEMENT_3D('',#6329,#5117,#5118);
#4015=AXIS2_PLACEMENT_3D('',#6330,#5119,#5120);
#4016=AXIS2_PLACEMENT_3D('',#6333,#5122,#5123);
#4017=AXIS2_PLACEMENT_3D('',#6334,#5124,#5125);
#4018=AXIS2_PLACEMENT_3D('',#6336,#5126,#5127);
#4019=AXIS2_PLACEMENT_3D('',#6337,#5128,#5129);
#4020=AXIS2_PLACEMENT_3D('',#6340,#5131,#5132);
#4021=AXIS2_PLACEMENT_3D('',#6341,#5133,#5134);
#4022=AXIS2_PLACEMENT_3D('',#6343,#5135,#5136);
#4023=AXIS2_PLACEMENT_3D('',#6344,#5137,#5138);
#4024=AXIS2_PLACEMENT_3D('',#6348,#5140,#5141);
#4025=AXIS2_PLACEMENT_3D('',#6349,#5142,#5143);
#4026=AXIS2_PLACEMENT_3D('',#6350,#5144,#5145);
#4027=AXIS2_PLACEMENT_3D('',#6353,#5147,#5148);
#4028=AXIS2_PLACEMENT_3D('',#6354,#5149,#5150);
#4029=AXIS2_PLACEMENT_3D('',#6355,#5151,#5152);
#4030=AXIS2_PLACEMENT_3D('',#6357,#5154,#5155);
#4031=AXIS2_PLACEMENT_3D('',#6359,#5157,#5158);
#4032=AXIS2_PLACEMENT_3D('',#6361,#5160,#5161);
#4033=AXIS2_PLACEMENT_3D('',#6363,#5163,#5164);
#4034=AXIS2_PLACEMENT_3D('',#6365,#5166,#5167);
#4035=AXIS2_PLACEMENT_3D('',#6367,#5169,#5170);
#4036=AXIS2_PLACEMENT_3D('',#6368,#5171,#5172);
#4037=AXIS2_PLACEMENT_3D('',#6370,#5174,#5175);
#4038=AXIS2_PLACEMENT_3D('',#6372,#5177,#5178);
#4039=AXIS2_PLACEMENT_3D('',#6374,#5180,#5181);
#4040=AXIS2_PLACEMENT_3D('',#6376,#5183,#5184);
#4041=AXIS2_PLACEMENT_3D('',#6378,#5186,#5187);
#4042=AXIS2_PLACEMENT_3D('',#6380,#5189,#5190);
#4043=AXIS2_PLACEMENT_3D('',#6381,#5191,#5192);
#4044=AXIS2_PLACEMENT_3D('',#6383,#5194,#5195);
#4045=AXIS2_PLACEMENT_3D('',#6385,#5197,#5198);
#4046=AXIS2_PLACEMENT_3D('',#6386,#5199,#5200);
#4047=AXIS2_PLACEMENT_3D('',#6387,#5201,#5202);
#4048=AXIS2_PLACEMENT_3D('',#6389,#5203,#5204);
#4049=AXIS2_PLACEMENT_3D('',#6391,#5206,#5207);
#4050=AXIS2_PLACEMENT_3D('',#6393,#5208,#5209);
#4051=AXIS2_PLACEMENT_3D('',#6394,#5210,#5211);
#4052=AXIS2_PLACEMENT_3D('',#6397,#5212,#5213);
#4053=AXIS2_PLACEMENT_3D('',#6399,#5215,#5216);
#4054=AXIS2_PLACEMENT_3D('',#6400,#5217,#5218);
#4055=AXIS2_PLACEMENT_3D('',#6402,#5219,#5220);
#4056=AXIS2_PLACEMENT_3D('',#6404,#5222,#5223);
#4057=AXIS2_PLACEMENT_3D('',#6407,#5225,#5226);
#4058=AXIS2_PLACEMENT_3D('',#6409,#5227,#5228);
#4059=AXIS2_PLACEMENT_3D('',#6411,#5230,#5231);
#4060=AXIS2_PLACEMENT_3D('',#6413,#5232,#5233);
#4061=AXIS2_PLACEMENT_3D('',#6414,#5234,#5235);
#4062=AXIS2_PLACEMENT_3D('',#6417,#5236,#5237);
#4063=AXIS2_PLACEMENT_3D('',#6419,#5239,#5240);
#4064=AXIS2_PLACEMENT_3D('',#6420,#5241,#5242);
#4065=AXIS2_PLACEMENT_3D('',#6424,#5244,#5245);
#4066=AXIS2_PLACEMENT_3D('',#6425,#5246,#5247);
#4067=AXIS2_PLACEMENT_3D('',#6426,#5248,#5249);
#4068=AXIS2_PLACEMENT_3D('',#6429,#5251,#5252);
#4069=AXIS2_PLACEMENT_3D('',#6431,#5253,#5254);
#4070=AXIS2_PLACEMENT_3D('',#6433,#5256,#5257);
#4071=AXIS2_PLACEMENT_3D('',#6435,#5258,#5259);
#4072=AXIS2_PLACEMENT_3D('',#6436,#5260,#5261);
#4073=AXIS2_PLACEMENT_3D('',#6439,#5262,#5263);
#4074=AXIS2_PLACEMENT_3D('',#6441,#5265,#5266);
#4075=AXIS2_PLACEMENT_3D('',#6442,#5267,#5268);
#4076=AXIS2_PLACEMENT_3D('',#6444,#5269,#5270);
#4077=AXIS2_PLACEMENT_3D('',#6446,#5272,#5273);
#4078=AXIS2_PLACEMENT_3D('',#6449,#5275,#5276);
#4079=AXIS2_PLACEMENT_3D('',#6451,#5277,#5278);
#4080=AXIS2_PLACEMENT_3D('',#6452,#5279,#5280);
#4081=AXIS2_PLACEMENT_3D('',#6455,#5281,#5282);
#4082=AXIS2_PLACEMENT_3D('',#6457,#5284,#5285);
#4083=AXIS2_PLACEMENT_3D('',#6458,#5286,#5287);
#4084=AXIS2_PLACEMENT_3D('',#6462,#5289,#5290);
#4085=AXIS2_PLACEMENT_3D('',#6463,#5291,#5292);
#4086=AXIS2_PLACEMENT_3D('',#6464,#5293,#5294);
#4087=DIRECTION('axis',(0.,0.,1.));
#4088=DIRECTION('refdir',(1.,0.,0.));
#4089=DIRECTION('center_axis',(0.,0.,1.));
#4090=DIRECTION('ref_axis',(0.,-1.,0.));
#4091=DIRECTION('',(0.156434463208801,-0.987688340885208,1.79142874124601E-13));
#4092=DIRECTION('center_axis',(0.,0.,-1.));
#4093=DIRECTION('ref_axis',(-0.167572224627994,-0.985859802169266,0.));
#4094=DIRECTION('',(0.156434460838699,0.987688341260595,-1.25734574130899E-13));
#4095=DIRECTION('center_axis',(0.,0.,-1.));
#4096=DIRECTION('ref_axis',(0.,1.,0.));
#4097=DIRECTION('center_axis',(0.,0.,1.));
#4098=DIRECTION('ref_axis',(0.415079424218519,0.90978517881444,0.));
#4099=DIRECTION('center_axis',(0.,0.,1.));
#4100=DIRECTION('ref_axis',(0.819152044296511,-0.573576436340308,0.));
#4101=DIRECTION('',(0.573576436351192,0.819152044288889,0.));
#4102=DIRECTION('center_axis',(0.,0.,1.));
#4103=DIRECTION('ref_axis',(-0.362045216404503,-0.932160534070509,0.));
#4104=DIRECTION('center_axis',(0.,0.,1.));
#4105=DIRECTION('ref_axis',(0.973475767285777,0.228790145127295,0.));
#4106=DIRECTION('center_axis',(0.,0.,1.));
#4107=DIRECTION('ref_axis',(-0.453990499738023,0.891006524189144,0.));
#4108=DIRECTION('',(-0.891006524188332,-0.453990499739616,0.));
#4109=DIRECTION('center_axis',(0.,0.,1.));
#4110=DIRECTION('ref_axis',(0.958699102608504,0.284422275248701,0.));
#4111=DIRECTION('center_axis',(0.,0.,1.));
#4112=DIRECTION('ref_axis',(0.958699102607551,-0.284422275251915,0.));
#4113=DIRECTION('center_axis',(0.,0.,1.));
#4114=DIRECTION('ref_axis',(-0.453990499727423,-0.891006524194545,0.));
#4115=DIRECTION('',(0.891006524188332,-0.453990499739617,0.));
#4116=DIRECTION('center_axis',(0.,0.,1.));
#4117=DIRECTION('ref_axis',(-0.973475767285072,0.228790145130293,0.));
#4118=DIRECTION('center_axis',(0.,0.,1.));
#4119=DIRECTION('ref_axis',(0.396744014679119,-0.917929292928543,0.));
#4120=DIRECTION('center_axis',(0.,0.,-1.));
#4121=DIRECTION('ref_axis',(-0.793488029366397,-0.608585858570697,0.));
#4122=DIRECTION('center_axis',(0.,0.,1.));
#4123=DIRECTION('ref_axis',(0.79348802935476,-0.608585858585869,0.));
#4124=DIRECTION('center_axis',(0.,0.,-1.));
#4125=DIRECTION('ref_axis',(0.396744014664812,0.917929292934727,0.));
#4126=DIRECTION('center_axis',(0.,0.,1.));
#4127=DIRECTION('ref_axis',(-0.69181743076819,-0.72207246345869,0.));
#4128=DIRECTION('center_axis',(0.,0.,1.));
#4129=DIRECTION('ref_axis',(0.866025403786041,-0.499999999997224,0.));
#4130=DIRECTION('',(0.500000000000017,0.866025403784429,0.));
#4131=DIRECTION('center_axis',(0.,0.,1.));
#4132=DIRECTION('ref_axis',(-0.649125247346192,-0.76068154523279,0.));
#4133=DIRECTION('center_axis',(0.,0.,1.));
#4134=DIRECTION('ref_axis',(-0.879019556122404,-0.476785717020102,0.));
#4135=DIRECTION('center_axis',(0.,0.,1.));
#4136=DIRECTION('ref_axis',(-0.309016994374409,0.951056516295328,0.));
#4137=DIRECTION('',(-0.951056516295104,-0.309016994375101,0.));
#4138=DIRECTION('center_axis',(0.,0.,1.));
#4139=DIRECTION('ref_axis',(0.850130379456704,0.526572253280402,0.));
#4140=DIRECTION('center_axis',(0.,0.,1.));
#4141=DIRECTION('ref_axis',(-0.850130379457553,0.526572253279033,0.));
#4142=DIRECTION('center_axis',(0.,0.,1.));
#4143=DIRECTION('ref_axis',(-0.309016994364094,-0.95105651629868,0.));
#4144=DIRECTION('',(0.951056516295104,-0.309016994375101,0.));
#4145=DIRECTION('center_axis',(0.,0.,1.));
#4146=DIRECTION('ref_axis',(-0.879019556121209,0.476785717022305,0.));
#4147=DIRECTION('center_axis',(0.,0.,1.));
#4148=DIRECTION('ref_axis',(-0.6491252473429,0.760681545235599,0.));
#4149=DIRECTION('center_axis',(0.,0.,1.));
#4150=DIRECTION('ref_axis',(0.866025403782593,0.500000000003196,0.));
#4151=DIRECTION('',(-0.500000000000017,0.866025403784429,0.));
#4152=DIRECTION('center_axis',(0.,0.,1.));
#4153=DIRECTION('ref_axis',(0.6918174307639,-0.7220724634628,0.));
#4154=DIRECTION('center_axis',(0.,0.,1.));
#4155=DIRECTION('ref_axis',(0.,1.,0.));
#4156=DIRECTION('center_axis',(0.,0.,1.));
#4157=DIRECTION('ref_axis',(-0.978147600733732,-0.207911690818107,0.));
#4158=DIRECTION('',(0.207911690817799,-0.978147600733797,0.));
#4159=DIRECTION('center_axis',(0.,0.,1.));
#4160=DIRECTION('ref_axis',(-0.0266012349565093,0.999646124535472,0.));
#4161=DIRECTION('center_axis',(-0.156434465040207,0.987688340595142,0.));
#4162=DIRECTION('ref_axis',(0.,0.,1.));
#4163=DIRECTION('',(0.156434465040402,-0.987688340595111,-4.50401352007405E-10));
#4164=DIRECTION('center_axis',(0.,0.,1.));
#4165=DIRECTION('ref_axis',(2.67678172709185E-14,1.,0.));
#4166=DIRECTION('',(4.339861784027E-12,-9.414691207099E-13,1.));
#4167=DIRECTION('center_axis',(0.,0.,1.));
#4168=DIRECTION('ref_axis',(0.156434465040207,0.987688340595142,0.));
#4169=DIRECTION('',(-2.593480974031E-12,-1.776356831528E-13,-1.));
#4170=DIRECTION('center_axis',(0.987688340595142,-0.156434465040207,0.));
#4171=DIRECTION('ref_axis',(0.156434465040207,0.987688340595142,0.));
#4172=DIRECTION('',(0.,0.,1.));
#4173=DIRECTION('',(0.156434465040207,0.987688340595142,6.77967747921929E-11));
#4174=DIRECTION('',(-1.879977649968E-12,7.531752978771E-13,-1.));
#4175=DIRECTION('',(0.156434465039395,0.98768834059527,0.));
#4176=DIRECTION('',(-2.39808173319E-13,2.960594732334E-14,-1.));
#4177=DIRECTION('',(-0.156434465040304,-0.987688340595126,0.));
#4178=DIRECTION('',(-6.927791673661E-13,-2.24094247432E-13,-1.));
#4179=DIRECTION('',(1.758593271006E-12,3.410605131648E-13,-1.));
#4180=DIRECTION('',(-0.156434465039606,-0.987688340595237,0.));
#4181=DIRECTION('center_axis',(0.,0.,-1.));
#4182=DIRECTION('ref_axis',(0.,-1.,0.));
#4183=DIRECTION('center_axis',(0.,0.,-1.));
#4184=DIRECTION('ref_axis',(0.156434465040207,0.987688340595142,0.));
#4185=DIRECTION('',(-5.712763595511E-13,2.302158463863E-13,-1.));
#4186=DIRECTION('center_axis',(0.,0.,1.));
#4187=DIRECTION('ref_axis',(0.3743428579695,0.9272903669764,0.));
#4188=DIRECTION('',(7.179442225909E-13,-3.19744231092E-13,-1.));
#4189=DIRECTION('center_axis',(0.,0.,1.));
#4190=DIRECTION('ref_axis',(0.194492900130103,0.980903925876016,0.));
#4191=DIRECTION('center_axis',(0.,0.,1.));
#4192=DIRECTION('ref_axis',(0.,-1.,0.));
#4193=DIRECTION('center_axis',(0.,0.,1.));
#4194=DIRECTION('ref_axis',(-0.194492900155804,0.980903925870921,0.));
#4195=DIRECTION('center_axis',(0.,0.,1.));
#4196=DIRECTION('ref_axis',(-0.156434465040207,0.987688340595142,0.));
#4197=DIRECTION('center_axis',(0.,0.,1.));
#4198=DIRECTION('ref_axis',(0.978147600732692,-0.207911690822998,0.));
#4199=DIRECTION('',(0.207911690817704,0.978147600733817,0.));
#4200=DIRECTION('center_axis',(0.,0.,-1.));
#4201=DIRECTION('ref_axis',(0.,1.,0.));
#4202=DIRECTION('center_axis',(0.,0.,-1.));
#4203=DIRECTION('ref_axis',(-0.978147600734327,-0.207911690815306,0.));
#4204=DIRECTION('',(0.207911690817704,-0.978147600733817,0.));
#4205=DIRECTION('center_axis',(0.,0.,1.));
#4206=DIRECTION('ref_axis',(-0.194492900129699,0.980903925876097,0.));
#4207=DIRECTION('',(-6.217248937901E-14,2.84217094304E-13,1.));
#4208=DIRECTION('center_axis',(0.,0.,-1.));
#4209=DIRECTION('ref_axis',(-0.978147600732692,-0.207911690822998,0.));
#4210=DIRECTION('',(-7.09802587077E-13,-2.84217094304E-13,-1.));
#4211=DIRECTION('center_axis',(0.,0.,-1.));
#4212=DIRECTION('ref_axis',(0.,-1.,0.));
#4213=DIRECTION('',(0.,0.,-1.));
#4214=DIRECTION('center_axis',(0.,0.,1.));
#4215=DIRECTION('ref_axis',(-0.1944929001302,0.980903925875997,0.));
#4216=DIRECTION('',(4.199307568342E-13,1.307398633799E-13,1.));
#4217=DIRECTION('center_axis',(0.,0.,-1.));
#4218=DIRECTION('ref_axis',(-0.3743428579695,0.9272903669764,0.));
#4219=DIRECTION('center_axis',(-0.987688340595142,-0.156434465040207,0.));
#4220=DIRECTION('ref_axis',(0.156434465040207,-0.987688340595142,0.));
#4221=DIRECTION('',(-0.156434465040207,0.987688340595142,0.));
#4222=DIRECTION('',(0.,0.,1.));
#4223=DIRECTION('',(0.156434465039395,-0.98768834059527,0.));
#4224=DIRECTION('',(6.501466002593E-13,7.910709088765E-13,1.));
#4225=DIRECTION('',(-0.156434465039898,0.98768834059519,0.));
#4226=DIRECTION('',(1.749711486809E-12,-3.694822225953E-13,1.));
#4227=DIRECTION('',(-6.189920371141E-13,2.51422814192E-13,1.));
#4228=DIRECTION('center_axis',(0.,0.,1.));
#4229=DIRECTION('ref_axis',(0.,-1.,0.));
#4230=DIRECTION('center_axis',(0.,0.,1.));
#4231=DIRECTION('ref_axis',(0.156434465040207,0.987688340595142,0.));
#4232=DIRECTION('center_axis',(0.,0.,-1.));
#4233=DIRECTION('ref_axis',(0.,1.,0.));
#4234=DIRECTION('center_axis',(0.,0.,-1.));
#4235=DIRECTION('ref_axis',(7.6571373978539E-16,1.,0.));
#4236=DIRECTION('center_axis',(0.,0.,-1.));
#4237=DIRECTION('ref_axis',(0.,-1.,0.));
#4238=DIRECTION('center_axis',(0.,0.,-1.));
#4239=DIRECTION('ref_axis',(0.,-1.,0.));
#4240=DIRECTION('center_axis',(0.,0.,-1.));
#4241=DIRECTION('ref_axis',(-0.115520556208504,0.993305089634236,0.));
#4242=DIRECTION('center_axis',(0.,0.,-1.));
#4243=DIRECTION('ref_axis',(1.,0.,0.));
#4244=DIRECTION('center_axis',(0.,0.,-1.));
#4245=DIRECTION('ref_axis',(0.995531937007903,-0.0944254330002903,0.));
#4246=DIRECTION('center_axis',(0.,0.,-1.));
#4247=DIRECTION('ref_axis',(1.,0.,0.));
#4248=DIRECTION('center_axis',(0.,0.,-1.));
#4249=DIRECTION('ref_axis',(0.,-1.,0.));
#4250=DIRECTION('center_axis',(0.,0.,-1.));
#4251=DIRECTION('ref_axis',(-0.248188042848697,-0.968711874288188,0.));
#4252=DIRECTION('center_axis',(0.,0.,-1.));
#4253=DIRECTION('ref_axis',(-1.,0.,0.));
#4254=DIRECTION('center_axis',(0.,0.,-1.));
#4255=DIRECTION('ref_axis',(-0.509487287217411,-0.860478183432819,0.));
#4256=DIRECTION('center_axis',(0.,0.,-1.));
#4257=DIRECTION('ref_axis',(0.,-1.,0.));
#4258=DIRECTION('center_axis',(0.,0.,-1.));
#4259=DIRECTION('ref_axis',(-0.860478183432819,-0.509487287217411,0.));
#4260=DIRECTION('center_axis',(0.,0.,-1.));
#4261=DIRECTION('ref_axis',(-0.707106781186548,0.707106781186548,0.));
#4262=DIRECTION('center_axis',(0.,0.,-1.));
#4263=DIRECTION('ref_axis',(-0.968711874288188,-0.248188042848697,0.));
#4264=DIRECTION('center_axis',(0.,0.,-1.));
#4265=DIRECTION('ref_axis',(0.,-1.,0.));
#4266=DIRECTION('center_axis',(0.,0.,-1.));
#4267=DIRECTION('ref_axis',(-0.968711874288188,0.248188042848697,0.));
#4268=DIRECTION('center_axis',(0.,0.,-1.));
#4269=DIRECTION('ref_axis',(0.,1.,0.));
#4270=DIRECTION('center_axis',(0.,0.,-1.));
#4271=DIRECTION('ref_axis',(-0.860478183432819,0.509487287217411,0.));
#4272=DIRECTION('center_axis',(0.,0.,-1.));
#4273=DIRECTION('ref_axis',(0.,-1.,0.));
#4274=DIRECTION('center_axis',(0.,0.,-1.));
#4275=DIRECTION('ref_axis',(-0.509487287217411,0.860478183432819,0.));
#4276=DIRECTION('center_axis',(0.,0.,-1.));
#4277=DIRECTION('ref_axis',(0.707106781186548,0.707106781186548,0.));
#4278=DIRECTION('center_axis',(0.,0.,-1.));
#4279=DIRECTION('ref_axis',(-0.248188042848697,0.968711874288188,0.));
#4280=DIRECTION('center_axis',(0.,0.,-1.));
#4281=DIRECTION('ref_axis',(0.,-1.,0.));
#4282=DIRECTION('center_axis',(0.,0.,-1.));
#4283=DIRECTION('ref_axis',(0.248188042848697,0.968711874288188,0.));
#4284=DIRECTION('center_axis',(0.,0.,-1.));
#4285=DIRECTION('ref_axis',(1.,0.,0.));
#4286=DIRECTION('center_axis',(0.,0.,-1.));
#4287=DIRECTION('ref_axis',(0.509487287217411,0.860478183432819,0.));
#4288=DIRECTION('center_axis',(0.,0.,-1.));
#4289=DIRECTION('ref_axis',(0.,-1.,0.));
#4290=DIRECTION('center_axis',(0.,0.,-1.));
#4291=DIRECTION('ref_axis',(0.860478183432819,0.509487287217411,0.));
#4292=DIRECTION('center_axis',(0.,0.,-1.));
#4293=DIRECTION('ref_axis',(0.707106781186548,-0.707106781186548,0.));
#4294=DIRECTION('center_axis',(0.,0.,-1.));
#4295=DIRECTION('ref_axis',(0.968711874288188,0.248188042848697,0.));
#4296=DIRECTION('center_axis',(0.,0.,-1.));
#4297=DIRECTION('ref_axis',(0.,-1.,0.));
#4298=DIRECTION('center_axis',(0.,0.,-1.));
#4299=DIRECTION('ref_axis',(0.968711874288188,-0.248188042848697,0.));
#4300=DIRECTION('center_axis',(0.,0.,-1.));
#4301=DIRECTION('ref_axis',(0.,-1.,0.));
#4302=DIRECTION('center_axis',(0.,0.,-1.));
#4303=DIRECTION('ref_axis',(0.860478183432819,-0.509487287217411,0.));
#4304=DIRECTION('center_axis',(0.,0.,-1.));
#4305=DIRECTION('ref_axis',(0.,-1.,0.));
#4306=DIRECTION('center_axis',(0.,0.,-1.));
#4307=DIRECTION('ref_axis',(0.509487287217411,-0.860478183432819,0.));
#4308=DIRECTION('center_axis',(0.,0.,-1.));
#4309=DIRECTION('ref_axis',(-0.707106781186548,-0.707106781186548,0.));
#4310=DIRECTION('center_axis',(0.,0.,-1.));
#4311=DIRECTION('ref_axis',(0.248188042848697,-0.968711874288188,0.));
#4312=DIRECTION('center_axis',(0.,0.,-1.));
#4313=DIRECTION('ref_axis',(0.,-1.,0.));
#4314=DIRECTION('center_axis',(0.,0.,-1.));
#4315=DIRECTION('ref_axis',(1.,0.,0.));
#4316=DIRECTION('center_axis',(0.,0.,-1.));
#4317=DIRECTION('ref_axis',(-0.707106781186548,-0.707106781186548,0.));
#4318=DIRECTION('center_axis',(0.,0.,-1.));
#4319=DIRECTION('ref_axis',(-1.,0.,0.));
#4320=DIRECTION('center_axis',(0.,0.,-1.));
#4321=DIRECTION('ref_axis',(-0.707106781186548,0.707106781186548,0.));
#4322=DIRECTION('center_axis',(0.,0.,-1.));
#4323=DIRECTION('ref_axis',(0.,1.,0.));
#4324=DIRECTION('center_axis',(0.,0.,-1.));
#4325=DIRECTION('ref_axis',(0.707106781186548,0.707106781186548,0.));
#4326=DIRECTION('center_axis',(0.,0.,-1.));
#4327=DIRECTION('ref_axis',(1.,0.,0.));
#4328=DIRECTION('center_axis',(0.,0.,-1.));
#4329=DIRECTION('ref_axis',(0.707106781186548,-0.707106781186548,0.));
#4330=DIRECTION('center_axis',(0.,0.,-1.));
#4331=DIRECTION('ref_axis',(0.,-1.,0.));
#4332=DIRECTION('center_axis',(0.,0.,-1.));
#4333=DIRECTION('ref_axis',(0.,-1.,0.));
#4334=DIRECTION('center_axis',(0.,0.,-1.));
#4335=DIRECTION('ref_axis',(0.,-1.,0.));
#4336=DIRECTION('',(1.,0.,0.));
#4337=DIRECTION('center_axis',(0.,0.,-1.));
#4338=DIRECTION('ref_axis',(0.,-1.,0.));
#4339=DIRECTION('',(0.,1.,0.));
#4340=DIRECTION('center_axis',(0.,0.,-1.));
#4341=DIRECTION('ref_axis',(0.,-1.,0.));
#4342=DIRECTION('',(-1.,0.,0.));
#4343=DIRECTION('center_axis',(0.,0.,-1.));
#4344=DIRECTION('ref_axis',(0.,-1.,0.));
#4345=DIRECTION('',(-1.,0.,0.));
#4346=DIRECTION('center_axis',(0.,0.,-1.));
#4347=DIRECTION('ref_axis',(0.,-1.,0.));
#4348=DIRECTION('',(0.,-1.,0.));
#4349=DIRECTION('center_axis',(0.,0.,-1.));
#4350=DIRECTION('ref_axis',(0.,-1.,0.));
#4351=DIRECTION('',(1.,0.,0.));
#4352=DIRECTION('center_axis',(0.,0.,1.));
#4353=DIRECTION('ref_axis',(-0.115520556208504,0.993305089634236,0.));
#4354=DIRECTION('',(0.,-7.958078640513E-14,-1.));
#4355=DIRECTION('center_axis',(0.,0.,-1.));
#4356=DIRECTION('ref_axis',(-0.995531937007813,-0.0944254330012412,0.));
#4357=DIRECTION('',(-1.918465386552E-14,0.,1.));
#4358=DIRECTION('center_axis',(0.,0.,-1.));
#4359=DIRECTION('ref_axis',(1.,0.,0.));
#4360=DIRECTION('',(-5.471179065353E-14,-1.136868377216E-14,1.));
#4361=DIRECTION('center_axis',(0.,0.,1.));
#4362=DIRECTION('ref_axis',(0.197030816189898,-0.980397295728391,0.));
#4363=DIRECTION('center_axis',(0.,0.,1.));
#4364=DIRECTION('ref_axis',(0.,-1.,0.));
#4365=DIRECTION('',(3.815614491032E-13,9.094947017729E-14,-1.));
#4366=DIRECTION('center_axis',(0.,0.,-1.));
#4367=DIRECTION('ref_axis',(-0.248188042847804,0.968711874288416,0.));
#4368=DIRECTION('center_axis',(0.,0.,-1.));
#4369=DIRECTION('ref_axis',(0.248188042848697,-0.968711874288188,0.));
#4370=DIRECTION('',(8.043343768804E-13,-1.554667505843E-12,1.));
#4371=DIRECTION('center_axis',(0.,0.,1.));
#4372=DIRECTION('ref_axis',(-0.923740009273378,-0.383020097733291,0.));
#4373=DIRECTION('center_axis',(0.,0.,-1.));
#4374=DIRECTION('ref_axis',(-0.382683432359387,0.923879532513649,0.));
#4375=DIRECTION('',(0.,0.,1.));
#4376=DIRECTION('center_axis',(0.,0.,-1.));
#4377=DIRECTION('ref_axis',(-0.924018933070399,-0.382346716119599,0.));
#4378=DIRECTION('center_axis',(0.,0.,1.));
#4379=DIRECTION('ref_axis',(0.509487287217411,-0.860478183432819,0.));
#4380=DIRECTION('',(1.932676241267E-13,1.449507180951E-13,1.));
#4381=DIRECTION('center_axis',(0.,0.,1.));
#4382=DIRECTION('ref_axis',(0.509487287241407,-0.860478183418611,0.));
#4383=DIRECTION('center_axis',(0.,0.,1.));
#4384=DIRECTION('ref_axis',(0.,-1.,0.));
#4385=DIRECTION('',(-5.229594535194E-13,-7.460698725481E-13,-1.));
#4386=DIRECTION('center_axis',(0.,0.,-1.));
#4387=DIRECTION('ref_axis',(-0.86047818343371,0.509487287215906,0.));
#4388=DIRECTION('center_axis',(0.,0.,-1.));
#4389=DIRECTION('ref_axis',(0.860478183432819,-0.509487287217411,0.));
#4390=DIRECTION('',(-1.497824086982E-12,5.073275133327E-13,1.));
#4391=DIRECTION('center_axis',(0.,0.,1.));
#4392=DIRECTION('ref_axis',(-0.3823467161544,-0.924018933055999,0.));
#4393=DIRECTION('center_axis',(0.,0.,-1.));
#4394=DIRECTION('ref_axis',(-0.923879532526503,0.382683432328355,0.));
#4395=DIRECTION('',(1.42108547152E-14,0.,1.));
#4396=DIRECTION('center_axis',(0.,0.,-1.));
#4397=DIRECTION('ref_axis',(-0.383020097665787,-0.923740009301368,0.));
#4398=DIRECTION('center_axis',(0.,0.,1.));
#4399=DIRECTION('ref_axis',(0.968711874288188,-0.248188042848697,0.));
#4400=DIRECTION('',(-7.673861546209E-14,-5.883293852094E-13,1.));
#4401=DIRECTION('center_axis',(0.,0.,1.));
#4402=DIRECTION('ref_axis',(0.968711874281602,-0.248188042874401,0.));
#4403=DIRECTION('center_axis',(0.,0.,1.));
#4404=DIRECTION('ref_axis',(0.,-1.,0.));
#4405=DIRECTION('',(-2.046363078989E-13,1.257660642295E-12,-1.));
#4406=DIRECTION('center_axis',(0.,0.,-1.));
#4407=DIRECTION('ref_axis',(-0.968711874288597,-0.248188042847099,0.));
#4408=DIRECTION('center_axis',(0.,0.,-1.));
#4409=DIRECTION('ref_axis',(0.968711874288188,0.248188042848697,0.));
#4410=DIRECTION('',(2.06625827559E-12,1.017497197608E-12,1.));
#4411=DIRECTION('center_axis',(0.,0.,1.));
#4412=DIRECTION('ref_axis',(0.383020097734492,-0.92374000927288,0.));
#4413=DIRECTION('center_axis',(0.,0.,-1.));
#4414=DIRECTION('ref_axis',(-0.923879532513188,-0.382683432360499,0.));
#4415=DIRECTION('',(4.274625098333E-12,1.195132881548E-12,1.));
#4416=DIRECTION('center_axis',(0.,0.,-1.));
#4417=DIRECTION('ref_axis',(0.382346716125606,-0.924018933067914,0.));
#4418=DIRECTION('center_axis',(0.,0.,1.));
#4419=DIRECTION('ref_axis',(0.860478183432819,0.509487287217411,0.));
#4420=DIRECTION('',(-1.449507180951E-13,1.932676241267E-13,1.));
#4421=DIRECTION('center_axis',(0.,0.,1.));
#4422=DIRECTION('ref_axis',(0.860478183418611,0.509487287241407,0.));
#4423=DIRECTION('center_axis',(0.,0.,1.));
#4424=DIRECTION('ref_axis',(0.,-1.,0.));
#4425=DIRECTION('',(7.460698725481E-13,-5.229594535194E-13,-1.));
#4426=DIRECTION('center_axis',(0.,0.,-1.));
#4427=DIRECTION('ref_axis',(-0.509487287215906,-0.86047818343371,0.));
#4428=DIRECTION('center_axis',(0.,0.,-1.));
#4429=DIRECTION('ref_axis',(0.509487287217411,0.860478183432819,0.));
#4430=DIRECTION('',(-5.073275133327E-13,-1.500666257925E-12,1.));
#4431=DIRECTION('center_axis',(0.,0.,1.));
#4432=DIRECTION('ref_axis',(0.924018933055999,-0.3823467161544,0.));
#4433=DIRECTION('center_axis',(0.,0.,-1.));
#4434=DIRECTION('ref_axis',(-0.382683432329866,-0.923879532525877,0.));
#4435=DIRECTION('',(-5.002220859751E-13,-8.895995051716E-13,1.));
#4436=DIRECTION('center_axis',(0.,0.,-1.));
#4437=DIRECTION('ref_axis',(0.923740009300614,-0.383020097667606,0.));
#4438=DIRECTION('center_axis',(0.,0.,1.));
#4439=DIRECTION('ref_axis',(0.248188042848697,0.968711874288188,0.));
#4440=DIRECTION('',(2.84217094304E-13,-3.694822225953E-14,1.));
#4441=DIRECTION('center_axis',(0.,0.,1.));
#4442=DIRECTION('ref_axis',(0.248188042867399,0.968711874283396,0.));
#4443=DIRECTION('center_axis',(0.,0.,1.));
#4444=DIRECTION('ref_axis',(0.,-1.,0.));
#4445=DIRECTION('',(-7.709388682997E-13,-1.39266376209E-13,-1.));
#4446=DIRECTION('center_axis',(0.,0.,-1.));
#4447=DIRECTION('ref_axis',(0.248188042847499,-0.968711874288495,0.));
#4448=DIRECTION('center_axis',(0.,0.,-1.));
#4449=DIRECTION('ref_axis',(-0.248188042848697,0.968711874288188,0.));
#4450=DIRECTION('',(-8.185452315956E-13,1.583089215274E-12,1.));
#4451=DIRECTION('center_axis',(0.,0.,1.));
#4452=DIRECTION('ref_axis',(0.923740009273378,0.383020097733291,0.));
#4453=DIRECTION('center_axis',(0.,0.,-1.));
#4454=DIRECTION('ref_axis',(0.382683432359378,-0.923879532513653,0.));
#4455=DIRECTION('',(1.42108547152E-14,-4.547473508865E-14,1.));
#4456=DIRECTION('center_axis',(0.,0.,-1.));
#4457=DIRECTION('ref_axis',(0.924018933070399,0.382346716119599,0.));
#4458=DIRECTION('center_axis',(0.,0.,1.));
#4459=DIRECTION('ref_axis',(-0.509487287217411,0.860478183432819,0.));
#4460=DIRECTION('',(-1.051603248925E-13,-8.526512829121E-14,1.));
#4461=DIRECTION('center_axis',(0.,0.,1.));
#4462=DIRECTION('ref_axis',(-0.509487287241215,0.860478183418725,0.));
#4463=DIRECTION('center_axis',(0.,0.,1.));
#4464=DIRECTION('ref_axis',(0.,-1.,0.));
#4465=DIRECTION('',(5.229594535194E-13,7.460698725481E-13,-1.));
#4466=DIRECTION('center_axis',(0.,0.,-1.));
#4467=DIRECTION('ref_axis',(0.86047818343371,-0.509487287215906,0.));
#4468=DIRECTION('center_axis',(0.,0.,-1.));
#4469=DIRECTION('ref_axis',(-0.860478183432819,0.509487287217411,0.));
#4470=DIRECTION('',(1.61719526659E-12,-5.471179065353E-13,1.));
#4471=DIRECTION('center_axis',(0.,0.,1.));
#4472=DIRECTION('ref_axis',(0.3823467161544,0.924018933055999,0.));
#4473=DIRECTION('center_axis',(0.,0.,-1.));
#4474=DIRECTION('ref_axis',(0.923879532526503,-0.382683432328355,0.));
#4475=DIRECTION('',(1.236344360223E-12,-6.942002528376E-13,1.));
#4476=DIRECTION('center_axis',(0.,0.,-1.));
#4477=DIRECTION('ref_axis',(0.383020097665787,0.923740009301368,0.));
#4478=DIRECTION('center_axis',(0.,0.,1.));
#4479=DIRECTION('ref_axis',(-0.968711874288188,0.248188042848697,0.));
#4480=DIRECTION('',(7.673861546209E-14,5.883293852094E-13,1.));
#4481=DIRECTION('center_axis',(0.,0.,1.));
#4482=DIRECTION('ref_axis',(-0.968711874281602,0.248188042874401,0.));
#4483=DIRECTION('center_axis',(0.,0.,1.));
#4484=DIRECTION('ref_axis',(0.,-1.,0.));
#4485=DIRECTION('',(2.046363078989E-13,-1.25695009956E-12,-1.));
#4486=DIRECTION('center_axis',(0.,0.,-1.));
#4487=DIRECTION('ref_axis',(0.968711874288597,0.248188042847099,0.));
#4488=DIRECTION('center_axis',(0.,0.,-1.));
#4489=DIRECTION('ref_axis',(-0.968711874288188,-0.248188042848697,0.));
#4490=DIRECTION('',(-1.554667505843E-12,-8.022027486732E-13,1.));
#4491=DIRECTION('center_axis',(0.,0.,1.));
#4492=DIRECTION('ref_axis',(-0.383020097733291,0.923740009273378,0.));
#4493=DIRECTION('center_axis',(0.,0.,-1.));
#4494=DIRECTION('ref_axis',(0.923879532513626,0.382683432359443,0.));
#4495=DIRECTION('',(4.726530278276E-12,1.321609488514E-12,1.));
#4496=DIRECTION('center_axis',(0.,0.,-1.));
#4497=DIRECTION('ref_axis',(-0.382346716111191,0.924018933073878,0.));
#4498=DIRECTION('center_axis',(0.,0.,1.));
#4499=DIRECTION('ref_axis',(-0.860478183432819,-0.509487287217411,0.));
#4500=DIRECTION('',(1.477928890381E-13,-1.932676241267E-13,1.));
#4501=DIRECTION('center_axis',(0.,0.,1.));
#4502=DIRECTION('ref_axis',(-0.860478183418611,-0.509487287241407,0.));
#4503=DIRECTION('center_axis',(0.,0.,1.));
#4504=DIRECTION('ref_axis',(0.,-1.,0.));
#4505=DIRECTION('',(-7.460698725481E-13,5.229594535194E-13,-1.));
#4506=DIRECTION('center_axis',(0.,0.,-1.));
#4507=DIRECTION('ref_axis',(0.509487287215906,0.86047818343371,0.));
#4508=DIRECTION('center_axis',(0.,0.,-1.));
#4509=DIRECTION('ref_axis',(-0.509487287217411,-0.860478183432819,0.));
#4510=DIRECTION('',(5.471179065353E-13,1.614353095647E-12,1.));
#4511=DIRECTION('center_axis',(0.,0.,1.));
#4512=DIRECTION('ref_axis',(-0.924018933055999,0.3823467161544,0.));
#4513=DIRECTION('center_axis',(0.,0.,-1.));
#4514=DIRECTION('ref_axis',(0.382683432322137,0.923879532529078,0.));
#4515=DIRECTION('',(-3.97335497837E-12,-6.937739271962E-12,1.));
#4516=DIRECTION('center_axis',(0.,0.,-1.));
#4517=DIRECTION('ref_axis',(-0.923740009307051,0.38302009765208,0.));
#4518=DIRECTION('center_axis',(0.,0.,1.));
#4519=DIRECTION('ref_axis',(-0.248188042848697,-0.968711874288188,0.));
#4520=DIRECTION('',(-4.334310688137E-14,0.,1.));
#4521=DIRECTION('center_axis',(0.,0.,1.));
#4522=DIRECTION('ref_axis',(-0.248188042861689,-0.968711874284859,0.));
#4523=DIRECTION('center_axis',(0.,0.,1.));
#4524=DIRECTION('ref_axis',(0.,-1.,0.));
#4525=DIRECTION('',(-5.613287612505E-14,1.136868377216E-14,1.));
#4526=DIRECTION('center_axis',(0.,0.,-1.));
#4527=DIRECTION('ref_axis',(0.197030816187399,0.980397295728894,0.));
#4528=DIRECTION('center_axis',(0.,0.,-1.));
#4529=DIRECTION('ref_axis',(-0.802721903666169,-0.596353540590279,0.));
#4530=DIRECTION('',(0.,-7.673861546209E-14,1.));
#4531=DIRECTION('center_axis',(0.,0.,1.));
#4532=DIRECTION('ref_axis',(-0.995531937008077,0.0944254329984578,0.));
#4533=DIRECTION('center_axis',(0.,0.,1.));
#4534=DIRECTION('ref_axis',(0.995531937007903,-0.0944254330002903,0.));
#4535=DIRECTION('',(-1.918465386552E-14,0.,1.));
#4536=DIRECTION('center_axis',(0.,0.,-1.));
#4537=DIRECTION('ref_axis',(0.1155205562028,0.9933050896349,0.));
#4538=DIRECTION('center_axis',(0.,0.,-1.));
#4539=DIRECTION('ref_axis',(1.,0.,0.));
#4540=DIRECTION('center_axis',(0.,0.,-1.));
#4541=DIRECTION('ref_axis',(-0.115520556208295,0.99330508963426,0.));
#4542=DIRECTION('center_axis',(0.,0.,1.));
#4543=DIRECTION('ref_axis',(0.,-1.,0.));
#4544=DIRECTION('center_axis',(0.,0.,1.));
#4545=DIRECTION('ref_axis',(1.,0.,0.));
#4546=DIRECTION('center_axis',(0.,0.,1.));
#4547=DIRECTION('ref_axis',(0.707106781186548,0.707106781186548,0.));
#4548=DIRECTION('center_axis',(0.,0.,1.));
#4549=DIRECTION('ref_axis',(0.,1.,0.));
#4550=DIRECTION('center_axis',(0.,0.,1.));
#4551=DIRECTION('ref_axis',(-0.707106781186548,0.707106781186548,0.));
#4552=DIRECTION('center_axis',(0.,0.,1.));
#4553=DIRECTION('ref_axis',(-1.,0.,0.));
#4554=DIRECTION('center_axis',(0.,0.,1.));
#4555=DIRECTION('ref_axis',(-0.707106781186548,-0.707106781186548,0.));
#4556=DIRECTION('center_axis',(0.,0.,1.));
#4557=DIRECTION('ref_axis',(0.,-1.,0.));
#4558=DIRECTION('center_axis',(0.,0.,1.));
#4559=DIRECTION('ref_axis',(0.707106781186548,-0.707106781186548,0.));
#4560=DIRECTION('',(-0.812321233092609,-0.583210265913507,0.));
#4561=DIRECTION('center_axis',(0.,0.,1.));
#4562=DIRECTION('ref_axis',(0.,-1.,0.));
#4563=DIRECTION('',(-0.812321233084162,0.583210265925272,0.));
#4564=DIRECTION('center_axis',(0.,0.,1.));
#4565=DIRECTION('ref_axis',(0.,1.,0.));
#4566=DIRECTION('center_axis',(0.,0.,1.));
#4567=DIRECTION('ref_axis',(1.,0.,0.));
#4568=DIRECTION('',(0.,0.,1.));
#4569=DIRECTION('center_axis',(0.,0.,1.));
#4570=DIRECTION('ref_axis',(0.707106781186548,0.707106781186548,0.));
#4571=DIRECTION('',(0.,0.,1.));
#4572=DIRECTION('center_axis',(0.,0.,1.));
#4573=DIRECTION('ref_axis',(0.,1.,0.));
#4574=DIRECTION('',(0.,0.,1.));
#4575=DIRECTION('center_axis',(0.,0.,1.));
#4576=DIRECTION('ref_axis',(-0.707106781186548,0.707106781186548,0.));
#4577=DIRECTION('',(0.,0.,1.));
#4578=DIRECTION('center_axis',(0.,0.,1.));
#4579=DIRECTION('ref_axis',(-1.,0.,0.));
#4580=DIRECTION('',(0.,0.,1.));
#4581=DIRECTION('center_axis',(0.,0.,1.));
#4582=DIRECTION('ref_axis',(-0.707106781186548,-0.707106781186548,0.));
#4583=DIRECTION('',(0.,0.,1.));
#4584=DIRECTION('center_axis',(0.,0.,1.));
#4585=DIRECTION('ref_axis',(0.,-1.,0.));
#4586=DIRECTION('',(0.,0.,1.));
#4587=DIRECTION('center_axis',(0.,0.,1.));
#4588=DIRECTION('ref_axis',(0.707106781186548,-0.707106781186548,0.));
#4589=DIRECTION('',(0.,0.,1.));
#4590=DIRECTION('center_axis',(0.,0.,1.));
#4591=DIRECTION('ref_axis',(1.22464679914735E-16,1.,0.));
#4592=DIRECTION('center_axis',(0.583210260871001,0.812321236712902,0.));
#4593=DIRECTION('ref_axis',(0.812321236712902,-0.583210260871001,0.));
#4594=DIRECTION('',(3.426971888297E-9,1.114192589018E-9,1.));
#4595=DIRECTION('',(0.812321229513103,-0.583210270899202,7.66835239823203E-9));
#4596=DIRECTION('',(-0.1184914546237,0.697108150706199,-0.707106782176599));
#4597=DIRECTION('center_axis',(0.,0.,-1.));
#4598=DIRECTION('ref_axis',(0.,-1.,0.));
#4599=DIRECTION('center_axis',(0.,0.,-1.));
#4600=DIRECTION('ref_axis',(0.167572224218106,0.985859802238937,0.));
#4601=DIRECTION('',(-0.118491479118,-0.697108146687,0.7071067820344));
#4602=DIRECTION('center_axis',(0.,0.,1.));
#4603=DIRECTION('ref_axis',(0.,-1.,0.));
#4604=DIRECTION('',(3.415639323795E-9,-1.110914618535E-9,-1.));
#4605=DIRECTION('center_axis',(-0.583210260871001,0.812321236712902,0.));
#4606=DIRECTION('ref_axis',(-0.812321236712902,-0.583210260871001,0.));
#4607=DIRECTION('',(0.812321229529611,0.583210270876208,-3.74475738114705E-9));
#4608=DIRECTION('center_axis',(-0.156434465040207,-0.987688340595142,0.));
#4609=DIRECTION('ref_axis',(0.,0.,1.));
#4610=DIRECTION('center_axis',(0.,0.,-1.));
#4611=DIRECTION('ref_axis',(0.,-1.,0.));
#4612=DIRECTION('',(4.263256414561E-14,0.,1.));
#4613=DIRECTION('center_axis',(0.,0.,1.));
#4614=DIRECTION('ref_axis',(0.929659038560815,0.368421052631606,0.));
#4615=DIRECTION('',(-1.48568026568E-14,4.780014767841E-14,1.));
#4616=DIRECTION('center_axis',(0.,0.,1.));
#4617=DIRECTION('ref_axis',(0.478005580918193,0.878356798010387,0.));
#4618=DIRECTION('',(2.64838656056E-14,0.,1.));
#4619=DIRECTION('center_axis',(0.,0.,1.));
#4620=DIRECTION('ref_axis',(0.413815989635299,0.910360547652499,0.));
#4621=DIRECTION('center_axis',(0.,0.,-1.));
#4622=DIRECTION('ref_axis',(0.,-1.,0.));
#4623=DIRECTION('center_axis',(0.,0.,-1.));
#4624=DIRECTION('ref_axis',(-0.827450675140017,0.561538404929111,0.));
#4625=DIRECTION('center_axis',(0.,0.,-1.));
#4626=DIRECTION('ref_axis',(0.374342857997,0.927290366965299,0.));
#4627=DIRECTION('center_axis',(0.,0.,-1.));
#4628=DIRECTION('ref_axis',(0.374342857968915,0.927290366976636,0.));
#4629=DIRECTION('',(2.021430134391E-10,2.985615310536E-10,1.));
#4630=DIRECTION('center_axis',(0.,0.,1.));
#4631=DIRECTION('ref_axis',(0.82745067452964,-0.561538405828527,0.));
#4632=DIRECTION('center_axis',(0.,0.,-1.));
#4633=DIRECTION('ref_axis',(0.,-1.,0.));
#4634=DIRECTION('center_axis',(0.,0.,-1.));
#4635=DIRECTION('ref_axis',(0.87545450122588,0.483300544468289,0.));
#4636=DIRECTION('',(-1.131922999775E-10,-3.350379529365E-10,-1.));
#4637=DIRECTION('center_axis',(0.,0.,-1.));
#4638=DIRECTION('ref_axis',(0.946436758002004,-0.322889242779401,0.));
#4639=DIRECTION('center_axis',(0.,0.,1.));
#4640=DIRECTION('ref_axis',(-0.1408806940863,0.990026580468303,0.));
#4641=DIRECTION('center_axis',(0.,0.,-1.));
#4642=DIRECTION('ref_axis',(0.,-1.,0.));
#4643=DIRECTION('',(-1.,-4.202129232157E-13,0.));
#4644=DIRECTION('center_axis',(0.,0.,-1.));
#4645=DIRECTION('ref_axis',(0.515281859456981,0.857020772977269,0.));
#4646=DIRECTION('center_axis',(0.,0.,-1.));
#4647=DIRECTION('ref_axis',(-0.946436759756677,0.322889237636192,0.));
#4648=DIRECTION('center_axis',(0.,1.,0.));
#4649=DIRECTION('ref_axis',(1.,0.,0.));
#4650=DIRECTION('',(0.,0.,-1.));
#4651=DIRECTION('',(-1.,-3.850468885225E-13,0.));
#4652=DIRECTION('',(0.,0.,1.));
#4653=DIRECTION('center_axis',(0.,0.,-1.));
#4654=DIRECTION('ref_axis',(0.,-1.,0.));
#4655=DIRECTION('',(-3.097966327914E-13,-1.477928890381E-13,-1.));
#4656=DIRECTION('center_axis',(0.,0.,1.));
#4657=DIRECTION('ref_axis',(0.382946197326087,-0.923770647917268,0.));
#4658=DIRECTION('',(1.42108547152E-14,-2.273736754432E-14,1.));
#4659=DIRECTION('center_axis',(0.,0.,-1.));
#4660=DIRECTION('ref_axis',(0.925651015651002,0.378378378378401,0.));
#4661=DIRECTION('',(0.,0.,-1.));
#4662=DIRECTION('center_axis',(0.,0.,-1.));
#4663=DIRECTION('ref_axis',(0.925651015651002,-0.378378378378401,0.));
#4664=DIRECTION('center_axis',(0.,0.,-1.));
#4665=DIRECTION('ref_axis',(0.382946197325916,-0.923770647917339,0.));
#4666=DIRECTION('',(6.395310947482E-11,-3.525002512106E-10,1.));
#4667=DIRECTION('center_axis',(0.,0.,1.));
#4668=DIRECTION('ref_axis',(-0.98376703617655,-0.179450323299809,0.));
#4669=DIRECTION('center_axis',(0.,0.,-1.));
#4670=DIRECTION('ref_axis',(0.382946197327408,-0.92377064791672,0.));
#4671=DIRECTION('center_axis',(0.,0.,-1.));
#4672=DIRECTION('ref_axis',(-0.309016994376496,0.95105651629465,0.));
#4673=DIRECTION('',(-1.55432644533E-10,3.238824319851E-10,-1.));
#4674=DIRECTION('center_axis',(0.,0.,-1.));
#4675=DIRECTION('ref_axis',(-0.901362504337947,-0.433065394338574,0.));
#4676=DIRECTION('center_axis',(0.,0.,-1.));
#4677=DIRECTION('ref_axis',(0.98376703596957,0.179450324434495,0.));
#4678=DIRECTION('',(3.10055011968E-14,5.425962709441E-14,1.));
#4679=DIRECTION('center_axis',(0.,0.,1.));
#4680=DIRECTION('ref_axis',(0.7944020204913,-0.6073923195426,0.));
#4681=DIRECTION('',(-2.45460217808E-14,0.,1.));
#4682=DIRECTION('center_axis',(0.,0.,-1.));
#4683=DIRECTION('ref_axis',(-0.285668487160192,-0.958328500798973,0.));
#4684=DIRECTION('center_axis',(0.,0.,1.));
#4685=DIRECTION('ref_axis',(0.233168781778512,-0.972436280279549,0.));
#4686=DIRECTION('',(-5.258016244625E-14,-1.705302565824E-14,1.));
#4687=DIRECTION('center_axis',(0.,0.,1.));
#4688=DIRECTION('ref_axis',(0.233168781748109,-0.972436280286838,0.));
#4689=DIRECTION('center_axis',(0.,0.,-1.));
#4690=DIRECTION('ref_axis',(0.901362502015019,0.433065399173409,0.));
#4691=DIRECTION('center_axis',(0.,0.,-1.));
#4692=DIRECTION('ref_axis',(0.,-1.,0.));
#4693=DIRECTION('',(4.618527782441E-14,-1.705302565824E-14,-1.));
#4694=DIRECTION('center_axis',(0.,0.,1.));
#4695=DIRECTION('ref_axis',(-0.233168781778111,-0.972436280279645,0.));
#4696=DIRECTION('center_axis',(0.,0.,-1.));
#4697=DIRECTION('ref_axis',(0.233168781778111,-0.972436280279645,0.));
#4698=DIRECTION('center_axis',(0.,0.,-1.));
#4699=DIRECTION('ref_axis',(-0.233168781778512,-0.972436280279549,0.));
#4700=DIRECTION('',(-1.556138329306E-10,-3.240643309255E-10,1.));
#4701=DIRECTION('center_axis',(0.,0.,1.));
#4702=DIRECTION('ref_axis',(-0.901362504347361,0.433065394318981,0.));
#4703=DIRECTION('center_axis',(0.,0.,-1.));
#4704=DIRECTION('ref_axis',(-0.233168781748109,-0.972436280286838,0.));
#4705=DIRECTION('center_axis',(0.,0.,-1.));
#4706=DIRECTION('ref_axis',(0.309016994376496,0.95105651629465,0.));
#4707=DIRECTION('',(6.069029723221E-11,3.435076223468E-10,-1.));
#4708=DIRECTION('center_axis',(0.,0.,-1.));
#4709=DIRECTION('ref_axis',(-0.983767036164805,0.179450323364201,0.));
#4710=DIRECTION('center_axis',(0.,0.,-1.));
#4711=DIRECTION('ref_axis',(0.901362504824727,-0.433065393325413,0.));
#4712=DIRECTION('',(2.0993308102E-14,0.,1.));
#4713=DIRECTION('center_axis',(0.,0.,1.));
#4714=DIRECTION('ref_axis',(0.285668487160192,-0.958328500798973,0.));
#4715=DIRECTION('',(-2.87446834012E-14,4.909204356161E-14,1.));
#4716=DIRECTION('center_axis',(0.,0.,-1.));
#4717=DIRECTION('ref_axis',(-0.7944020204913,-0.6073923195426,0.));
#4718=DIRECTION('center_axis',(0.,0.,1.));
#4719=DIRECTION('ref_axis',(-0.382946197325916,-0.923770647917339,0.));
#4720=DIRECTION('',(3.609557097661E-13,-1.563194018672E-13,1.));
#4721=DIRECTION('center_axis',(0.,0.,1.));
#4722=DIRECTION('ref_axis',(-0.382946197327082,-0.923770647916856,0.));
#4723=DIRECTION('center_axis',(0.,0.,-1.));
#4724=DIRECTION('ref_axis',(0.983767037142638,-0.179450318003607,0.));
#4725=DIRECTION('center_axis',(0.,0.,-1.));
#4726=DIRECTION('ref_axis',(0.,-1.,0.));
#4727=DIRECTION('',(-1.563194018672E-14,-1.989519660128E-14,-1.));
#4728=DIRECTION('center_axis',(0.,0.,1.));
#4729=DIRECTION('ref_axis',(-0.515281859456981,0.857020772977269,0.));
#4730=DIRECTION('center_axis',(0.,0.,-1.));
#4731=DIRECTION('ref_axis',(-0.382946197326087,-0.923770647917268,0.));
#4732=DIRECTION('',(0.,0.,1.));
#4733=DIRECTION('center_axis',(0.,0.,-1.));
#4734=DIRECTION('ref_axis',(-0.925651015651002,-0.378378378378401,0.));
#4735=DIRECTION('',(0.,0.,-1.));
#4736=DIRECTION('center_axis',(0.,0.,-1.));
#4737=DIRECTION('ref_axis',(-0.925651015651002,0.378378378378401,0.));
#4738=DIRECTION('center_axis',(0.,0.,-1.));
#4739=DIRECTION('ref_axis',(-0.515281859456981,0.857020772977269,0.));
#4740=DIRECTION('',(-1.150738171418E-10,3.38282291068E-10,1.));
#4741=DIRECTION('center_axis',(0.,0.,1.));
#4742=DIRECTION('ref_axis',(0.946436758026062,0.322889242708887,0.));
#4743=DIRECTION('center_axis',(0.,0.,-1.));
#4744=DIRECTION('ref_axis',(-0.515281859458789,0.857020772976182,0.));
#4745=DIRECTION('center_axis',(0.,0.,-1.));
#4746=DIRECTION('ref_axis',(0.,-1.,0.));
#4747=DIRECTION('center_axis',(0.,0.,-1.));
#4748=DIRECTION('ref_axis',(0.140880694086497,0.990026580468276,0.));
#4749=DIRECTION('',(2.067288562557E-10,-3.082334387727E-10,-1.));
#4750=DIRECTION('center_axis',(0.,0.,-1.));
#4751=DIRECTION('ref_axis',(0.827450674489084,0.561538405888289,0.));
#4752=DIRECTION('center_axis',(0.,0.,-1.));
#4753=DIRECTION('ref_axis',(-0.946436757645184,-0.322889243825295,0.));
#4754=DIRECTION('',(1.67946464816E-14,5.555152297761E-14,1.));
#4755=DIRECTION('center_axis',(0.,0.,1.));
#4756=DIRECTION('ref_axis',(-0.875454501226031,0.483300544468017,0.));
#4757=DIRECTION('',(-2.19622300144E-14,0.,1.));
#4758=DIRECTION('center_axis',(0.,0.,-1.));
#4759=DIRECTION('ref_axis',(0.,-1.,0.));
#4760=DIRECTION('center_axis',(0.,0.,-1.));
#4761=DIRECTION('ref_axis',(-0.827450671491277,-0.561538410305684,0.));
#4762=DIRECTION('center_axis',(0.,0.,1.));
#4763=DIRECTION('ref_axis',(-0.156434465040207,0.987688340595142,0.));
#4764=DIRECTION('center_axis',(0.,0.,-1.));
#4765=DIRECTION('ref_axis',(0.,-1.,0.));
#4766=DIRECTION('center_axis',(0.,0.,1.));
#4767=DIRECTION('ref_axis',(-0.413815989635299,0.910360547652499,0.));
#4768=DIRECTION('center_axis',(0.,0.,1.));
#4769=DIRECTION('ref_axis',(-0.478005580918193,0.878356798010387,0.));
#4770=DIRECTION('',(-4.263256414561E-14,0.,-1.));
#4771=DIRECTION('center_axis',(0.,1.,0.));
#4772=DIRECTION('ref_axis',(1.,0.,0.));
#4773=DIRECTION('',(-1.,3.887973452289E-13,0.));
#4774=DIRECTION('',(0.,0.,1.));
#4775=DIRECTION('',(1.,-4.251566046652E-13,0.));
#4776=DIRECTION('center_axis',(0.,0.,-1.));
#4777=DIRECTION('ref_axis',(0.,-1.,0.));
#4778=DIRECTION('center_axis',(0.,0.,-1.));
#4779=DIRECTION('ref_axis',(0.,-1.,0.));
#4780=DIRECTION('center_axis',(0.,0.,1.));
#4781=DIRECTION('ref_axis',(-0.585478746350206,0.810687755903709,0.));
#4782=DIRECTION('',(0.,0.,-1.));
#4783=DIRECTION('center_axis',(-1.,0.,0.));
#4784=DIRECTION('ref_axis',(0.,1.,0.));
#4785=DIRECTION('',(0.,-1.,0.));
#4786=DIRECTION('',(0.,0.,1.));
#4787=DIRECTION('center_axis',(0.,0.,-1.));
#4788=DIRECTION('ref_axis',(0.,-1.,0.));
#4789=DIRECTION('center_axis',(0.,0.,1.));
#4790=DIRECTION('ref_axis',(-0.973812079683404,-0.227354422571201,0.));
#4791=DIRECTION('',(0.,0.,-1.));
#4792=DIRECTION('center_axis',(0.,-1.,0.));
#4793=DIRECTION('ref_axis',(-1.,0.,0.));
#4794=DIRECTION('',(1.,4.284523922983E-13,0.));
#4795=DIRECTION('',(-4.263256414561E-14,0.,1.));
#4796=DIRECTION('',(1.,3.887973452289E-13,0.));
#4797=DIRECTION('center_axis',(0.,0.,-1.));
#4798=DIRECTION('ref_axis',(0.,-1.,0.));
#4799=DIRECTION('center_axis',(0.,0.,-1.));
#4800=DIRECTION('ref_axis',(0.,-1.,0.));
#4801=DIRECTION('center_axis',(0.,0.,1.));
#4802=DIRECTION('ref_axis',(0.274710721797806,-0.961526920751223,0.));
#4803=DIRECTION('center_axis',(0.,0.,1.));
#4804=DIRECTION('ref_axis',(0.342925701228399,-0.939362530356098,0.));
#4805=DIRECTION('',(4.263256414561E-14,0.,-1.));
#4806=DIRECTION('center_axis',(0.,0.,1.));
#4807=DIRECTION('ref_axis',(-0.929659038560815,-0.368421052631606,0.));
#4808=DIRECTION('center_axis',(0.,0.,1.));
#4809=DIRECTION('ref_axis',(-0.342925701228399,-0.939362530356098,0.));
#4810=DIRECTION('center_axis',(0.,0.,1.));
#4811=DIRECTION('ref_axis',(-0.274710721797806,-0.961526920751223,0.));
#4812=DIRECTION('center_axis',(0.,0.,-1.));
#4813=DIRECTION('ref_axis',(0.,-1.,0.));
#4814=DIRECTION('center_axis',(0.,0.,-1.));
#4815=DIRECTION('ref_axis',(0.,-1.,0.));
#4816=DIRECTION('center_axis',(0.,0.,-1.));
#4817=DIRECTION('ref_axis',(-1.,0.,0.));
#4818=DIRECTION('center_axis',(0.,0.,-1.));
#4819=DIRECTION('ref_axis',(0.,-1.,0.));
#4820=DIRECTION('center_axis',(0.,0.,-1.));
#4821=DIRECTION('ref_axis',(0.,-1.,0.));
#4822=DIRECTION('',(8.65956056235493E-17,0.707106781186548,-0.707106781186548));
#4823=DIRECTION('center_axis',(0.,0.,-1.));
#4824=DIRECTION('ref_axis',(0.,-1.,0.));
#4825=DIRECTION('center_axis',(0.,0.,-1.));
#4826=DIRECTION('ref_axis',(1.,0.,0.));
#4827=DIRECTION('center_axis',(0.,0.,1.));
#4828=DIRECTION('ref_axis',(-1.,3.92965660012E-10,0.));
#4829=DIRECTION('',(0.,0.,-1.));
#4830=DIRECTION('center_axis',(0.,0.,-1.));
#4831=DIRECTION('ref_axis',(1.,0.,0.));
#4832=DIRECTION('',(-0.857167300702112,1.04972719113862E-16,-0.515038074910054));
#4833=DIRECTION('center_axis',(0.,0.,-1.));
#4834=DIRECTION('ref_axis',(0.,-1.,0.));
#4835=DIRECTION('center_axis',(0.,-1.,0.));
#4836=DIRECTION('ref_axis',(-1.,0.,0.));
#4837=DIRECTION('',(1.,-4.218608170322E-13,0.));
#4838=DIRECTION('',(1.,-3.86297040758E-13,0.));
#4839=DIRECTION('',(0.,0.,1.));
#4840=DIRECTION('center_axis',(0.,0.,-1.));
#4841=DIRECTION('ref_axis',(0.,-1.,0.));
#4842=DIRECTION('center_axis',(0.,0.,-1.));
#4843=DIRECTION('ref_axis',(0.,-1.,0.));
#4844=DIRECTION('center_axis',(0.,0.,1.));
#4845=DIRECTION('ref_axis',(0.585478746350206,-0.810687755903709,0.));
#4846=DIRECTION('',(0.,0.,-1.));
#4847=DIRECTION('center_axis',(1.,0.,0.));
#4848=DIRECTION('ref_axis',(0.,-1.,0.));
#4849=DIRECTION('',(0.,1.,0.));
#4850=DIRECTION('',(0.,0.,1.));
#4851=DIRECTION('center_axis',(0.,0.,-1.));
#4852=DIRECTION('ref_axis',(0.,-1.,0.));
#4853=DIRECTION('center_axis',(0.,0.,1.));
#4854=DIRECTION('ref_axis',(0.973812079683404,0.227354422571201,0.));
#4855=DIRECTION('center_axis',(0.,0.,-1.));
#4856=DIRECTION('ref_axis',(0.,-1.,0.));
#4857=DIRECTION('center_axis',(0.,0.,-1.));
#4858=DIRECTION('ref_axis',(0.,-1.,0.));
#4859=DIRECTION('center_axis',(0.,0.,-1.));
#4860=DIRECTION('ref_axis',(-1.,0.,0.));
#4861=DIRECTION('center_axis',(0.,0.,-1.));
#4862=DIRECTION('ref_axis',(0.,-1.,0.));
#4863=DIRECTION('center_axis',(0.,0.,-1.));
#4864=DIRECTION('ref_axis',(0.,-1.,0.));
#4865=DIRECTION('',(8.65956056235493E-17,0.707106781186548,-0.707106781186548));
#4866=DIRECTION('center_axis',(0.,0.,-1.));
#4867=DIRECTION('ref_axis',(0.,-1.,0.));
#4868=DIRECTION('center_axis',(0.,0.,1.));
#4869=DIRECTION('ref_axis',(-1.,0.,0.));
#4870=DIRECTION('',(0.,0.,1.));
#4871=DIRECTION('center_axis',(0.,0.,1.));
#4872=DIRECTION('ref_axis',(-1.,0.,0.));
#4873=DIRECTION('center_axis',(0.,0.,1.));
#4874=DIRECTION('ref_axis',(-1.,0.,0.));
#4875=DIRECTION('center_axis',(0.,0.,-1.));
#4876=DIRECTION('ref_axis',(1.,0.,0.));
#4877=DIRECTION('',(-0.857167300702112,1.04972719113862E-16,-0.515038074910054));
#4878=DIRECTION('center_axis',(0.,0.,-1.));
#4879=DIRECTION('ref_axis',(0.,-1.,0.));
#4880=DIRECTION('center_axis',(0.,0.,-1.));
#4881=DIRECTION('ref_axis',(-1.,0.,0.));
#4882=DIRECTION('center_axis',(0.,0.,-1.));
#4883=DIRECTION('ref_axis',(0.,-1.,0.));
#4884=DIRECTION('center_axis',(0.,0.,-1.));
#4885=DIRECTION('ref_axis',(0.,-1.,0.));
#4886=DIRECTION('',(8.65956056235493E-17,0.707106781186547,-0.707106781186547));
#4887=DIRECTION('center_axis',(0.,0.,-1.));
#4888=DIRECTION('ref_axis',(0.,-1.,0.));
#4889=DIRECTION('center_axis',(0.,0.,-1.));
#4890=DIRECTION('ref_axis',(1.,0.,0.));
#4891=DIRECTION('center_axis',(0.,0.,1.));
#4892=DIRECTION('ref_axis',(-1.,3.929567782278E-10,0.));
#4893=DIRECTION('',(0.,0.,-1.));
#4894=DIRECTION('center_axis',(0.,0.,-1.));
#4895=DIRECTION('ref_axis',(1.,0.,0.));
#4896=DIRECTION('',(-0.857167300702112,1.04972719113862E-16,-0.515038074910054));
#4897=DIRECTION('center_axis',(0.,0.,1.));
#4898=DIRECTION('ref_axis',(-0.374342857968915,0.927290366976636,0.));
#4899=DIRECTION('center_axis',(0.,0.,1.));
#4900=DIRECTION('ref_axis',(-0.374342857997706,0.927290366965014,0.));
#4901=DIRECTION('center_axis',(0.,0.,1.));
#4902=DIRECTION('ref_axis',(0.,-1.,0.));
#4903=DIRECTION('center_axis',(0.,0.,1.));
#4904=DIRECTION('ref_axis',(0.515281859458789,0.857020772976182,0.));
#4905=DIRECTION('',(-0.207911690817799,0.978147600733797,0.));
#4906=DIRECTION('center_axis',(0.,0.,-1.));
#4907=DIRECTION('ref_axis',(-0.0309597585420389,-0.999520631778563,0.));
#4908=DIRECTION('center_axis',(0.,0.,-1.));
#4909=DIRECTION('ref_axis',(0.,1.,0.));
#4910=DIRECTION('center_axis',(0.,0.,-1.));
#4911=DIRECTION('ref_axis',(0.866025403786221,0.499999999996912,0.));
#4912=DIRECTION('',(0.500000000000017,-0.866025403784429,0.));
#4913=DIRECTION('center_axis',(0.,0.,-1.));
#4914=DIRECTION('ref_axis',(-0.649125247346084,0.760681545232882,0.));
#4915=DIRECTION('center_axis',(0.,0.,-1.));
#4916=DIRECTION('ref_axis',(-0.879019556122404,0.476785717020102,0.));
#4917=DIRECTION('center_axis',(0.,0.,-1.));
#4918=DIRECTION('ref_axis',(-0.309016994377688,-0.951056516294263,0.));
#4919=DIRECTION('',(-0.951056516295104,0.309016994375101,0.));
#4920=DIRECTION('center_axis',(0.,0.,-1.));
#4921=DIRECTION('ref_axis',(0.850130379456749,-0.52657225328033,0.));
#4922=DIRECTION('center_axis',(0.,0.,-1.));
#4923=DIRECTION('ref_axis',(-0.850130379457508,-0.526572253279105,0.));
#4924=DIRECTION('center_axis',(0.,0.,-1.));
#4925=DIRECTION('ref_axis',(-0.309016994367402,0.951056516297605,0.));
#4926=DIRECTION('',(0.951056516295104,0.309016994375101,0.));
#4927=DIRECTION('center_axis',(0.,0.,-1.));
#4928=DIRECTION('ref_axis',(-0.879019556121315,-0.476785717022108,0.));
#4929=DIRECTION('center_axis',(0.,0.,-1.));
#4930=DIRECTION('ref_axis',(-0.6491252473429,-0.760681545235599,0.));
#4931=DIRECTION('center_axis',(0.,0.,-1.));
#4932=DIRECTION('ref_axis',(0.866025403782817,-0.50000000000281,0.));
#4933=DIRECTION('',(-0.500000000000017,-0.866025403784429,0.));
#4934=DIRECTION('center_axis',(0.,0.,-1.));
#4935=DIRECTION('ref_axis',(0.691817430763492,0.722072463463191,0.));
#4936=DIRECTION('center_axis',(0.,0.,-1.));
#4937=DIRECTION('ref_axis',(-0.396744014678793,-0.917929292928684,0.));
#4938=DIRECTION('center_axis',(0.,0.,1.));
#4939=DIRECTION('ref_axis',(0.793488029365836,-0.608585858571428,0.));
#4940=DIRECTION('center_axis',(0.,0.,-1.));
#4941=DIRECTION('ref_axis',(-1.,0.,0.));
#4942=DIRECTION('center_axis',(0.,0.,1.));
#4943=DIRECTION('ref_axis',(-0.39674401466181,0.917929292936024,0.));
#4944=DIRECTION('center_axis',(0.,0.,-1.));
#4945=DIRECTION('ref_axis',(0.973475767285777,-0.228790145127295,0.));
#4946=DIRECTION('center_axis',(0.,0.,-1.));
#4947=DIRECTION('ref_axis',(-0.453990499745593,-0.891006524185287,0.));
#4948=DIRECTION('',(-0.891006524188332,0.453990499739616,0.));
#4949=DIRECTION('center_axis',(0.,0.,-1.));
#4950=DIRECTION('ref_axis',(0.958699102608477,-0.284422275248793,0.));
#4951=DIRECTION('center_axis',(0.,0.,-1.));
#4952=DIRECTION('ref_axis',(0.958699102607559,0.284422275251888,0.));
#4953=DIRECTION('center_axis',(0.,0.,-1.));
#4954=DIRECTION('ref_axis',(-0.453990499735114,0.891006524190627,0.));
#4955=DIRECTION('',(0.891006524188332,0.453990499739617,0.));
#4956=DIRECTION('center_axis',(0.,0.,-1.));
#4957=DIRECTION('ref_axis',(-0.973475767285072,-0.228790145130293,0.));
#4958=DIRECTION('center_axis',(0.,0.,-1.));
#4959=DIRECTION('ref_axis',(0.362045216406009,0.932160534069924,0.));
#4960=DIRECTION('center_axis',(0.,0.,-1.));
#4961=DIRECTION('ref_axis',(0.819152044286136,-0.573576436355125,0.));
#4962=DIRECTION('',(-0.573576436351192,-0.819152044288889,0.));
#4963=DIRECTION('center_axis',(0.,0.,-1.));
#4964=DIRECTION('ref_axis',(0.415079424215017,0.909785178816038,0.));
#4965=DIRECTION('center_axis',(0.,0.,-1.));
#4966=DIRECTION('ref_axis',(0.207911690817704,0.978147600733818,0.));
#4967=DIRECTION('',(-0.207911690817704,-0.978147600733817,0.));
#4968=DIRECTION('center_axis',(0.,0.,-1.));
#4969=DIRECTION('ref_axis',(0.194492900161498,0.980903925869792,0.));
#4970=DIRECTION('center_axis',(0.,0.,-1.));
#4971=DIRECTION('ref_axis',(0.,-1.,0.));
#4972=DIRECTION('center_axis',(0.,0.,-1.));
#4973=DIRECTION('ref_axis',(0.,-1.,0.));
#4974=DIRECTION('center_axis',(0.,0.,-1.));
#4975=DIRECTION('ref_axis',(0.,-1.,0.));
#4976=DIRECTION('center_axis',(0.,0.,1.));
#4977=DIRECTION('ref_axis',(0.978147600733797,-0.207911690817799,0.));
#4978=DIRECTION('',(6.143234069593E-14,2.84217094304E-13,-1.));
#4979=DIRECTION('center_axis',(0.978147600733797,-0.207911690817799,0.));
#4980=DIRECTION('ref_axis',(-0.207911690817799,-0.978147600733797,0.));
#4981=DIRECTION('',(0.,-2.368475785867E-14,1.));
#4982=DIRECTION('center_axis',(0.,0.,-1.));
#4983=DIRECTION('ref_axis',(0.199367934417258,0.979924704620817,0.));
#4984=DIRECTION('',(2.365629060163E-14,0.,1.));
#4985=DIRECTION('',(-8.455458555545E-13,3.836930773105E-13,-1.));
#4986=DIRECTION('center_axis',(0.,0.,-1.));
#4987=DIRECTION('ref_axis',(-0.978147600733797,-0.207911690817799,0.));
#4988=DIRECTION('',(3.12912089402E-13,-3.396940848268E-12,1.));
#4989=DIRECTION('center_axis',(-0.978147600733797,-0.207911690817799,0.));
#4990=DIRECTION('ref_axis',(-0.207911690817799,0.978147600733797,0.));
#4991=DIRECTION('',(5.623945753541E-13,-1.647038061492E-12,-1.));
#4992=DIRECTION('center_axis',(0.,0.,1.));
#4993=DIRECTION('ref_axis',(-0.978147600733797,-0.207911690817799,0.));
#4994=DIRECTION('',(-1.738609256563E-14,0.,-1.));
#4995=DIRECTION('center_axis',(0.,0.,-1.));
#4996=DIRECTION('ref_axis',(0.,1.,0.));
#4997=DIRECTION('',(2.216893335572E-13,4.718003765447E-13,-1.));
#4998=DIRECTION('',(8.788736933985E-13,5.625129991434E-13,-1.));
#4999=DIRECTION('center_axis',(0.,0.,1.));
#5000=DIRECTION('ref_axis',(0.396744014679697,-0.917929292928293,0.));
#5001=DIRECTION('',(1.929038939168E-12,-1.198617924491E-12,1.));
#5002=DIRECTION('',(-3.083755473199E-13,0.,-1.));
#5003=DIRECTION('',(-2.742694960034E-12,2.945199639726E-12,-1.));
#5004=DIRECTION('center_axis',(0.,0.,1.));
#5005=DIRECTION('ref_axis',(-0.396744014678588,-0.917929292928773,0.));
#5006=DIRECTION('',(0.,0.,1.));
#5007=DIRECTION('center_axis',(0.,0.,-1.));
#5008=DIRECTION('ref_axis',(-1.,0.,0.));
#5009=DIRECTION('center_axis',(0.,0.,1.));
#5010=DIRECTION('ref_axis',(-0.396744014678588,-0.917929292928773,0.));
#5011=DIRECTION('',(3.531397396728E-12,3.87956333725E-12,-1.));
#5012=DIRECTION('',(-4.824585175811E-13,1.003286342893E-12,-1.));
#5013=DIRECTION('',(3.659295089165E-13,6.139089236967E-13,-1.));
#5014=DIRECTION('',(-3.062439191126E-13,-2.99138491755E-13,-1.));
#5015=DIRECTION('',(-4.405364961713E-14,1.492139745096E-14,-1.));
#5016=DIRECTION('',(-1.705302565824E-14,8.064660050877E-14,-1.));
#5017=DIRECTION('center_axis',(0.,0.,1.));
#5018=DIRECTION('ref_axis',(-0.97347576728561,0.228790145128002,0.));
#5019=DIRECTION('',(2.629008122312E-13,-1.342925770587E-13,1.));
#5020=DIRECTION('center_axis',(-0.453990499739497,-0.891006524188393,0.));
#5021=DIRECTION('ref_axis',(-0.891006524188394,0.453990499739497,0.));
#5022=DIRECTION('',(-5.783817869087E-13,2.941646926047E-13,-1.));
#5023=DIRECTION('center_axis',(0.,0.,1.));
#5024=DIRECTION('ref_axis',(-0.453990499739497,-0.891006524188393,0.));
#5025=DIRECTION('',(1.563194018672E-14,6.821210263297E-14,-1.));
#5026=DIRECTION('center_axis',(0.,0.,-1.));
#5027=DIRECTION('ref_axis',(0.,-1.,0.));
#5028=DIRECTION('',(-1.563194018672E-14,6.821210263297E-14,-1.));
#5029=DIRECTION('center_axis',(0.,0.,1.));
#5030=DIRECTION('ref_axis',(0.958699102607407,0.284422275252402,0.));
#5031=DIRECTION('',(-5.798028723802E-13,-2.955857780762E-13,1.));
#5032=DIRECTION('center_axis',(-0.453990499739497,0.891006524188393,0.));
#5033=DIRECTION('ref_axis',(0.891006524188394,0.453990499739497,0.));
#5034=DIRECTION('',(2.643218977028E-13,1.342925770587E-13,-1.));
#5035=DIRECTION('center_axis',(0.,0.,1.));
#5036=DIRECTION('ref_axis',(-0.453990499739497,0.891006524188393,0.));
#5037=DIRECTION('center_axis',(0.,0.,1.));
#5038=DIRECTION('ref_axis',(0.,1.,0.));
#5039=DIRECTION('center_axis',(0.,0.,1.));
#5040=DIRECTION('ref_axis',(-0.39674401466621,0.917929292934123,0.));
#5041=DIRECTION('',(-1.39266376209E-12,2.188471626141E-12,-1.));
#5042=DIRECTION('center_axis',(0.,0.,1.));
#5043=DIRECTION('ref_axis',(0.,1.,0.));
#5044=DIRECTION('center_axis',(0.,0.,1.));
#5045=DIRECTION('ref_axis',(0.793488029366567,-0.608585858570475,0.));
#5046=DIRECTION('center_axis',(0.,0.,-1.));
#5047=DIRECTION('ref_axis',(0.,-1.,0.));
#5048=DIRECTION('center_axis',(0.,0.,1.));
#5049=DIRECTION('ref_axis',(0.,-1.,0.));
#5050=DIRECTION('center_axis',(0.,0.,1.));
#5051=DIRECTION('ref_axis',(-1.22464679914735E-16,-1.,0.));
#5052=DIRECTION('',(-2.174260771426E-12,-3.609557097661E-12,-1.));
#5053=DIRECTION('center_axis',(0.,0.,1.));
#5054=DIRECTION('ref_axis',(0.,1.,0.));
#5055=DIRECTION('center_axis',(0.,0.,-1.));
#5056=DIRECTION('ref_axis',(0.,-1.,0.));
#5057=DIRECTION('',(0.,0.,-1.));
#5058=DIRECTION('center_axis',(0.,0.,-1.));
#5059=DIRECTION('ref_axis',(0.,1.,0.));
#5060=DIRECTION('center_axis',(0.,0.,-1.));
#5061=DIRECTION('ref_axis',(0.,-1.,0.));
#5062=DIRECTION('center_axis',(0.,0.,1.));
#5063=DIRECTION('ref_axis',(0.,1.,0.));
#5064=DIRECTION('center_axis',(0.,0.,-1.));
#5065=DIRECTION('ref_axis',(0.,-1.,0.));
#5066=DIRECTION('',(0.,0.,-1.));
#5067=DIRECTION('center_axis',(0.,0.,-1.));
#5068=DIRECTION('ref_axis',(0.,-1.,0.));
#5069=DIRECTION('center_axis',(0.,0.,1.));
#5070=DIRECTION('ref_axis',(0.,1.,0.));
#5071=DIRECTION('center_axis',(0.,0.,1.));
#5072=DIRECTION('ref_axis',(0.,1.,0.));
#5073=DIRECTION('center_axis',(0.,0.,1.));
#5074=DIRECTION('ref_axis',(0.,1.,0.));
#5075=DIRECTION('center_axis',(0.,0.,-1.));
#5076=DIRECTION('ref_axis',(0.,1.,0.));
#5077=DIRECTION('',(0.,0.,1.));
#5078=DIRECTION('center_axis',(0.,0.,1.));
#5079=DIRECTION('ref_axis',(0.,1.,0.));
#5080=DIRECTION('center_axis',(0.,0.,1.));
#5081=DIRECTION('ref_axis',(0.,1.,0.));
#5082=DIRECTION('center_axis',(0.,0.,-1.));
#5083=DIRECTION('ref_axis',(0.,-1.,0.));
#5084=DIRECTION('',(0.,0.,-1.));
#5085=DIRECTION('center_axis',(0.,0.,-1.));
#5086=DIRECTION('ref_axis',(0.,-1.,0.));
#5087=DIRECTION('center_axis',(0.,0.,-1.));
#5088=DIRECTION('ref_axis',(0.,-1.,0.));
#5089=DIRECTION('',(8.65956056235493E-17,0.707106781186548,-0.707106781186548));
#5090=DIRECTION('center_axis',(0.,0.,-1.));
#5091=DIRECTION('ref_axis',(0.,1.,0.));
#5092=DIRECTION('center_axis',(0.,0.,-1.));
#5093=DIRECTION('ref_axis',(0.,1.,0.));
#5094=DIRECTION('center_axis',(0.,0.,1.));
#5095=DIRECTION('ref_axis',(1.,0.,0.));
#5096=DIRECTION('center_axis',(0.,0.,-1.));
#5097=DIRECTION('ref_axis',(0.396744014658809,0.917929292937321,0.));
#5098=DIRECTION('center_axis',(0.,0.,-1.));
#5099=DIRECTION('ref_axis',(-0.793488029365836,-0.608585858571428,0.));
#5100=DIRECTION('center_axis',(0.,0.,-1.));
#5101=DIRECTION('ref_axis',(0.,1.,0.));
#5102=DIRECTION('center_axis',(0.,0.,-1.));
#5103=DIRECTION('ref_axis',(-1.83697019872103E-16,-1.,0.));
#5104=DIRECTION('',(3.573860784031E-13,5.667424201896E-13,1.));
#5105=DIRECTION('',(-3.573860784031E-13,5.684341886081E-13,-1.));
#5106=DIRECTION('center_axis',(0.,0.,-1.));
#5107=DIRECTION('ref_axis',(0.396744014677395,0.917929292929288,0.));
#5108=DIRECTION('center_axis',(0.,0.,1.));
#5109=DIRECTION('ref_axis',(-0.396744014677395,0.917929292929288,0.));
#5110=DIRECTION('center_axis',(0.,0.,-1.));
#5111=DIRECTION('ref_axis',(0.,1.,0.));
#5112=DIRECTION('center_axis',(0.,0.,1.));
#5113=DIRECTION('ref_axis',(0.,1.,0.));
#5114=DIRECTION('',(0.,0.,-1.));
#5115=DIRECTION('center_axis',(0.,0.,1.));
#5116=DIRECTION('ref_axis',(-1.,0.,0.));
#5117=DIRECTION('center_axis',(0.,0.,-1.));
#5118=DIRECTION('ref_axis',(1.,0.,0.));
#5119=DIRECTION('center_axis',(0.,0.,1.));
#5120=DIRECTION('ref_axis',(-1.,0.,0.));
#5121=DIRECTION('',(0.,0.,1.));
#5122=DIRECTION('center_axis',(0.,0.,1.));
#5123=DIRECTION('ref_axis',(-1.,0.,0.));
#5124=DIRECTION('center_axis',(0.,0.,1.));
#5125=DIRECTION('ref_axis',(0.,1.,0.));
#5126=DIRECTION('center_axis',(0.,0.,-1.));
#5127=DIRECTION('ref_axis',(0.,-1.,0.));
#5128=DIRECTION('center_axis',(0.,0.,1.));
#5129=DIRECTION('ref_axis',(0.,1.,0.));
#5130=DIRECTION('',(0.,0.,1.));
#5131=DIRECTION('center_axis',(0.,0.,1.));
#5132=DIRECTION('ref_axis',(0.,-1.,0.));
#5133=DIRECTION('center_axis',(0.,0.,1.));
#5134=DIRECTION('ref_axis',(0.,1.,0.));
#5135=DIRECTION('center_axis',(0.,0.,-1.));
#5136=DIRECTION('ref_axis',(1.,0.,0.));
#5137=DIRECTION('center_axis',(0.,0.,1.));
#5138=DIRECTION('ref_axis',(-1.,0.,0.));
#5139=DIRECTION('',(0.,0.,1.));
#5140=DIRECTION('center_axis',(0.,0.,1.));
#5141=DIRECTION('ref_axis',(1.,1.822425441763E-10,0.));
#5142=DIRECTION('center_axis',(0.,0.,1.));
#5143=DIRECTION('ref_axis',(1.,1.822425441763E-10,0.));
#5144=DIRECTION('center_axis',(0.,0.,1.));
#5145=DIRECTION('ref_axis',(0.,-1.,0.));
#5146=DIRECTION('',(-8.65956056235493E-17,0.707106781186547,0.707106781186547));
#5147=DIRECTION('center_axis',(0.,0.,1.));
#5148=DIRECTION('ref_axis',(1.,0.,0.));
#5149=DIRECTION('center_axis',(0.,0.,1.));
#5150=DIRECTION('ref_axis',(-1.,0.,0.));
#5151=DIRECTION('center_axis',(0.,0.,1.));
#5152=DIRECTION('ref_axis',(-0.309016994374891,-0.951056516295172,0.));
#5153=DIRECTION('',(-3.481659405224E-13,1.133315663537E-13,-1.));
#5154=DIRECTION('center_axis',(-0.309016994374891,-0.951056516295172,0.));
#5155=DIRECTION('ref_axis',(-0.951056516295172,0.309016994374891,0.));
#5156=DIRECTION('',(7.034373084025E-13,-2.28084218179E-13,1.));
#5157=DIRECTION('center_axis',(0.,0.,1.));
#5158=DIRECTION('ref_axis',(-0.879019556122617,0.476785717019709,0.));
#5159=DIRECTION('',(9.094947017729E-14,1.449507180951E-13,-1.));
#5160=DIRECTION('center_axis',(0.,0.,-1.));
#5161=DIRECTION('ref_axis',(0.,-1.,0.));
#5162=DIRECTION('',(4.973799150321E-14,4.973799150321E-14,-1.));
#5163=DIRECTION('center_axis',(0.,0.,1.));
#5164=DIRECTION('ref_axis',(0.866025403784429,0.500000000000017,0.));
#5165=DIRECTION('',(6.536993168993E-14,-1.136868377216E-13,-1.));
#5166=DIRECTION('center_axis',(0.866025403784429,0.500000000000017,0.));
#5167=DIRECTION('ref_axis',(0.500000000000017,-0.866025403784429,0.));
#5168=DIRECTION('',(6.750155989721E-14,-1.179500941362E-13,1.));
#5169=DIRECTION('center_axis',(0.,0.,1.));
#5170=DIRECTION('ref_axis',(0.691817430767015,-0.722072463459816,0.));
#5171=DIRECTION('center_axis',(0.,0.,1.));
#5172=DIRECTION('ref_axis',(0.850130379457128,0.526572253279717,0.));
#5173=DIRECTION('',(-3.481659405224E-13,-1.133315663537E-13,1.));
#5174=DIRECTION('center_axis',(-0.309016994374891,0.951056516295172,0.));
#5175=DIRECTION('ref_axis',(0.951056516295172,0.309016994374891,0.));
#5176=DIRECTION('',(7.02016222931E-13,2.273736754432E-13,-1.));
#5177=DIRECTION('center_axis',(0.,0.,1.));
#5178=DIRECTION('ref_axis',(-0.309016994374891,0.951056516295172,0.));
#5179=DIRECTION('',(-9.094947017729E-14,1.442401753593E-13,-1.));
#5180=DIRECTION('center_axis',(0.,0.,-1.));
#5181=DIRECTION('ref_axis',(0.,-1.,0.));
#5182=DIRECTION('',(-4.973799150321E-14,4.689582056017E-14,-1.));
#5183=DIRECTION('center_axis',(0.,0.,1.));
#5184=DIRECTION('ref_axis',(-0.649125247342306,-0.760681545236107,0.));
#5185=DIRECTION('',(6.679101716145E-14,1.151079231931E-13,1.));
#5186=DIRECTION('center_axis',(0.866025403784429,-0.500000000000017,0.));
#5187=DIRECTION('ref_axis',(-0.500000000000017,-0.866025403784429,0.));
#5188=DIRECTION('',(6.679101716145E-14,1.179500941362E-13,-1.));
#5189=DIRECTION('center_axis',(0.,0.,1.));
#5190=DIRECTION('ref_axis',(0.866025403784429,-0.500000000000017,0.));
#5191=DIRECTION('center_axis',(0.,0.,1.));
#5192=DIRECTION('ref_axis',(-0.362045216405681,-0.932160534070052,0.));
#5193=DIRECTION('',(-1.385558334732E-13,-1.975308805413E-13,1.));
#5194=DIRECTION('center_axis',(0.819152044289016,-0.573576436351011,0.));
#5195=DIRECTION('ref_axis',(-0.573576436351011,-0.819152044289016,0.));
#5196=DIRECTION('',(-9.379164112033E-14,-1.350031197944E-13,-1.));
#5197=DIRECTION('center_axis',(0.,0.,1.));
#5198=DIRECTION('ref_axis',(0.819152044289016,-0.573576436351011,0.));
#5199=DIRECTION('center_axis',(0.,0.,1.));
#5200=DIRECTION('ref_axis',(0.515281859456981,0.857020772977269,0.));
#5201=DIRECTION('center_axis',(0.,0.,-1.));
#5202=DIRECTION('ref_axis',(0.,-1.,0.));
#5203=DIRECTION('center_axis',(0.,0.,1.));
#5204=DIRECTION('ref_axis',(0.,-1.,0.));
#5205=DIRECTION('',(0.,0.,1.));
#5206=DIRECTION('center_axis',(0.,0.,-1.));
#5207=DIRECTION('ref_axis',(0.,-1.,0.));
#5208=DIRECTION('center_axis',(0.,0.,-1.));
#5209=DIRECTION('ref_axis',(-1.,0.,0.));
#5210=DIRECTION('center_axis',(0.,0.,-1.));
#5211=DIRECTION('ref_axis',(0.,-1.,0.));
#5212=DIRECTION('center_axis',(0.,0.,-1.));
#5213=DIRECTION('ref_axis',(0.,-1.,0.));
#5214=DIRECTION('',(8.65956056235493E-17,0.707106781186548,-0.707106781186548));
#5215=DIRECTION('center_axis',(0.,0.,-1.));
#5216=DIRECTION('ref_axis',(0.,-1.,0.));
#5217=DIRECTION('center_axis',(0.,0.,-1.));
#5218=DIRECTION('ref_axis',(1.,0.,0.));
#5219=DIRECTION('center_axis',(0.,0.,1.));
#5220=DIRECTION('ref_axis',(-1.,9.508826792625E-9,0.));
#5221=DIRECTION('',(0.,0.,-1.));
#5222=DIRECTION('center_axis',(0.,0.,-1.));
#5223=DIRECTION('ref_axis',(1.,0.,0.));
#5224=DIRECTION('',(-0.857167300702112,1.04972719113862E-16,-0.515038074910054));
#5225=DIRECTION('center_axis',(0.,0.,-1.));
#5226=DIRECTION('ref_axis',(0.,-1.,0.));
#5227=DIRECTION('center_axis',(0.,0.,1.));
#5228=DIRECTION('ref_axis',(0.,-1.,0.));
#5229=DIRECTION('',(0.,0.,1.));
#5230=DIRECTION('center_axis',(0.,0.,-1.));
#5231=DIRECTION('ref_axis',(0.,-1.,0.));
#5232=DIRECTION('center_axis',(0.,0.,-1.));
#5233=DIRECTION('ref_axis',(1.,0.,0.));
#5234=DIRECTION('center_axis',(0.,0.,-1.));
#5235=DIRECTION('ref_axis',(0.,-1.,0.));
#5236=DIRECTION('center_axis',(0.,0.,-1.));
#5237=DIRECTION('ref_axis',(0.,1.,0.));
#5238=DIRECTION('',(8.65956056235493E-17,0.707106781186548,-0.707106781186548));
#5239=DIRECTION('center_axis',(0.,0.,-1.));
#5240=DIRECTION('ref_axis',(0.,1.,0.));
#5241=DIRECTION('center_axis',(0.,0.,1.));
#5242=DIRECTION('ref_axis',(1.,0.,0.));
#5243=DIRECTION('',(0.,0.,1.));
#5244=DIRECTION('center_axis',(0.,0.,1.));
#5245=DIRECTION('ref_axis',(1.,0.,0.));
#5246=DIRECTION('center_axis',(0.,0.,1.));
#5247=DIRECTION('ref_axis',(1.,0.,0.));
#5248=DIRECTION('center_axis',(0.,0.,-1.));
#5249=DIRECTION('ref_axis',(-1.,0.,0.));
#5250=DIRECTION('',(0.857167300702112,-1.04972719113862E-16,-0.515038074910054));
#5251=DIRECTION('center_axis',(0.,0.,-1.));
#5252=DIRECTION('ref_axis',(0.,-1.,0.));
#5253=DIRECTION('center_axis',(0.,0.,1.));
#5254=DIRECTION('ref_axis',(0.,-1.,0.));
#5255=DIRECTION('',(0.,0.,1.));
#5256=DIRECTION('center_axis',(0.,0.,-1.));
#5257=DIRECTION('ref_axis',(0.,-1.,0.));
#5258=DIRECTION('center_axis',(0.,0.,-1.));
#5259=DIRECTION('ref_axis',(-1.,0.,0.));
#5260=DIRECTION('center_axis',(0.,0.,-1.));
#5261=DIRECTION('ref_axis',(0.,-1.,0.));
#5262=DIRECTION('center_axis',(0.,0.,-1.));
#5263=DIRECTION('ref_axis',(0.,-1.,0.));
#5264=DIRECTION('',(8.65956056235493E-17,0.707106781186548,-0.707106781186548));
#5265=DIRECTION('center_axis',(0.,0.,-1.));
#5266=DIRECTION('ref_axis',(0.,-1.,0.));
#5267=DIRECTION('center_axis',(0.,0.,-1.));
#5268=DIRECTION('ref_axis',(1.,0.,0.));
#5269=DIRECTION('center_axis',(0.,0.,1.));
#5270=DIRECTION('ref_axis',(-1.,9.508826437354E-9,0.));
#5271=DIRECTION('',(0.,0.,-1.));
#5272=DIRECTION('center_axis',(0.,0.,-1.));
#5273=DIRECTION('ref_axis',(1.,0.,0.));
#5274=DIRECTION('',(-0.857167300702112,1.04972719113862E-16,-0.515038074910054));
#5275=DIRECTION('center_axis',(0.,0.,-1.));
#5276=DIRECTION('ref_axis',(0.,-1.,0.));
#5277=DIRECTION('center_axis',(0.,0.,-1.));
#5278=DIRECTION('ref_axis',(-1.,0.,0.));
#5279=DIRECTION('center_axis',(0.,0.,-1.));
#5280=DIRECTION('ref_axis',(0.,-1.,0.));
#5281=DIRECTION('center_axis',(0.,0.,-1.));
#5282=DIRECTION('ref_axis',(0.,-1.,0.));
#5283=DIRECTION('',(8.65956056235493E-17,0.707106781186547,-0.707106781186547));
#5284=DIRECTION('center_axis',(0.,0.,-1.));
#5285=DIRECTION('ref_axis',(0.,-1.,0.));
#5286=DIRECTION('center_axis',(0.,0.,1.));
#5287=DIRECTION('ref_axis',(-1.,0.,0.));
#5288=DIRECTION('',(0.,0.,1.));
#5289=DIRECTION('center_axis',(0.,0.,1.));
#5290=DIRECTION('ref_axis',(-1.,0.,0.));
#5291=DIRECTION('center_axis',(0.,0.,1.));
#5292=DIRECTION('ref_axis',(-1.,0.,0.));
#5293=DIRECTION('center_axis',(0.,0.,-1.));
#5294=DIRECTION('ref_axis',(1.,0.,0.));
#5295=DIRECTION('',(-0.857167300702112,1.04972719113862E-16,-0.515038074910054));
#5296=CARTESIAN_POINT('',(0.,0.,0.));
#5297=CARTESIAN_POINT('Origin',(0.,0.,2.5));
#5298=CARTESIAN_POINT('',(-7.423449537736,43.67358923878,2.499999999999));
#5299=CARTESIAN_POINT('',(-6.28139085784,36.46291443221,2.5));
#5300=CARTESIAN_POINT('',(-7.423449537736,43.67358923878,2.499999999999));
#5301=CARTESIAN_POINT('',(7.423449520437,43.67358924152,2.499999999999));
#5302=CARTESIAN_POINT('Origin',(-7.114309141798E-13,4.263256414561E-12,
2.499999999995));
#5303=CARTESIAN_POINT('',(6.281390857842,36.46291443221,2.5));
#5304=CARTESIAN_POINT('',(6.281390857845,36.46291443221,2.5));
#5305=CARTESIAN_POINT('Origin',(0.,0.,2.5));
#5306=CARTESIAN_POINT('',(13.4900812871,29.56801831147,2.5));
#5307=CARTESIAN_POINT('',(-0.8645401362024,32.4884990474,2.5));
#5308=CARTESIAN_POINT('Origin',(0.,0.,2.5));
#5309=CARTESIAN_POINT('',(15.51044438748,22.15121023565,2.5));
#5310=CARTESIAN_POINT('Origin',(11.41468416602,25.01909241739,2.5));
#5311=CARTESIAN_POINT('',(11.69870976595,16.70748903369,2.5));
#5312=CARTESIAN_POINT('',(11.69870976596,16.70748903371,2.5));
#5313=CARTESIAN_POINT('',(5.792723462497,14.91456854512,2.5));
#5314=CARTESIAN_POINT('Origin',(7.602949544519,19.57537121547,2.5));
#5315=CARTESIAN_POINT('',(15.57561227657,3.660642322037,2.5));
#5316=CARTESIAN_POINT('Origin',(0.,0.,2.5));
#5317=CARTESIAN_POINT('',(18.1730386143,9.259625668633,2.5));
#5318=CARTESIAN_POINT('Origin',(20.442991113,4.804593047689,2.5));
#5319=CARTESIAN_POINT('',(24.09427282302,12.27664519039,2.5));
#5320=CARTESIAN_POINT('',(24.09427282301,12.27664519039,2.5));
#5321=CARTESIAN_POINT('',(31.15772083475,9.243723945687,2.5));
#5322=CARTESIAN_POINT('Origin',(26.3642253217,7.821612569442,2.5));
#5323=CARTESIAN_POINT('',(31.15772083474,-9.243723945687,2.5));
#5324=CARTESIAN_POINT('Origin',(0.,0.,2.5));
#5325=CARTESIAN_POINT('',(24.09427282302,-12.27664519039,2.5));
#5326=CARTESIAN_POINT('Origin',(26.3642253217,-7.821612569442,2.5));
#5327=CARTESIAN_POINT('',(18.17303861427,-9.259625668616,2.5));
#5328=CARTESIAN_POINT('',(18.17303861429,-9.259625668626,2.5));
#5329=CARTESIAN_POINT('',(15.57561227657,-3.660642322037,2.5));
#5330=CARTESIAN_POINT('Origin',(20.442991113,-4.804593047689,2.5));
#5331=CARTESIAN_POINT('',(6.347904234867,-14.68686868686,2.5));
#5332=CARTESIAN_POINT('Origin',(0.,0.,2.5));
#5333=CARTESIAN_POINT('',(5.554416205461,-17.73989898987,2.5));
#5334=CARTESIAN_POINT('Origin',(7.141392264193,-16.52272727273,2.5));
#5335=CARTESIAN_POINT('',(-5.554416205464,-17.73989898988,2.5));
#5336=CARTESIAN_POINT('Origin',(0.,-22.,2.5));
#5337=CARTESIAN_POINT('',(-6.347904234862,-14.68686868686,2.5));
#5338=CARTESIAN_POINT('Origin',(-7.141392264193,-16.52272727273,2.5));
#5339=CARTESIAN_POINT('',(-11.06907889229,-11.55315941534,2.5));
#5340=CARTESIAN_POINT('Origin',(0.,0.,2.5));
#5341=CARTESIAN_POINT('',(-10.19803902719,-17.66352173266,2.5));
#5342=CARTESIAN_POINT('Origin',(-14.52816604611,-15.16352173266,2.5));
#5343=CARTESIAN_POINT('',(-13.520817283,-23.418742494,2.5));
#5344=CARTESIAN_POINT('',(-13.52081728299,-23.41874249399,2.5));
#5345=CARTESIAN_POINT('',(-21.09657053864,-24.72215022016,2.5));
#5346=CARTESIAN_POINT('Origin',(-17.85094430191,-20.91874249399,2.5));
#5347=CARTESIAN_POINT('',(-28.56813557398,-15.49553580315,2.5));
#5348=CARTESIAN_POINT('Origin',(0.,1.035701655455E-14,2.5));
#5349=CARTESIAN_POINT('',(-25.71812276524,-8.356324636566,2.5));
#5350=CARTESIAN_POINT('Origin',(-24.17303779337,-13.11160721804,2.5));
#5351=CARTESIAN_POINT('',(-19.39782294044,-6.302734737383,2.5));
#5352=CARTESIAN_POINT('',(-19.39782294046,-6.302734737394,2.5));
#5353=CARTESIAN_POINT('',(-13.60208607132,-8.425156052469,2.5));
#5354=CARTESIAN_POINT('Origin',(-17.8527379686,-11.05801731887,2.5));
#5355=CARTESIAN_POINT('',(-13.60208607132,8.425156052464,2.5));
#5356=CARTESIAN_POINT('Origin',(0.,0.,2.5));
#5357=CARTESIAN_POINT('',(-19.39782294045,6.302734737391,2.5));
#5358=CARTESIAN_POINT('Origin',(-17.8527379686,11.05801731887,2.5));
#5359=CARTESIAN_POINT('',(-25.71812276525,8.356324636567,2.5));
#5360=CARTESIAN_POINT('',(-25.71812276525,8.356324636566,2.5));
#5361=CARTESIAN_POINT('',(-28.56813557398,15.49553580315,2.5));
#5362=CARTESIAN_POINT('Origin',(-24.17303779337,13.11160721804,2.5));
#5363=CARTESIAN_POINT('',(-21.09657053864,24.72215022015,2.5));
#5364=CARTESIAN_POINT('Origin',(0.,0.,2.5));
#5365=CARTESIAN_POINT('',(-13.52081728299,23.41874249399,2.5));
#5366=CARTESIAN_POINT('Origin',(-17.85094430191,20.91874249399,2.5));
#5367=CARTESIAN_POINT('',(-10.19803902718,17.66352173264,2.5));
#5368=CARTESIAN_POINT('',(-10.19803902719,17.66352173265,2.5));
#5369=CARTESIAN_POINT('',(-11.06907889229,11.55315941534,2.5));
#5370=CARTESIAN_POINT('Origin',(-14.52816604611,15.16352173266,2.5));
#5371=CARTESIAN_POINT('',(0.4953561366236,15.99233010846,2.5));
#5372=CARTESIAN_POINT('Origin',(0.,0.,2.5));
#5373=CARTESIAN_POINT('',(-4.240583074335,19.95037481326,2.5));
#5374=CARTESIAN_POINT('Origin',(0.6501549293337,20.98993326735,2.5));
#5375=CARTESIAN_POINT('',(-5.622271965089,26.45070997063,2.5));
#5376=CARTESIAN_POINT('',(-5.622271965089,26.45070997063,2.5));
#5377=CARTESIAN_POINT('Origin',(-0.7315339614198,27.49026842472,2.5));
#5378=CARTESIAN_POINT('Origin',(26.30765618124,-169.2962306726,2.));
#5379=CARTESIAN_POINT('',(-5.788075206487,36.54446860202,2.000000003545));
#5380=CARTESIAN_POINT('Ctrl Pts',(-6.28139085783612,36.4629144322158,2.5));
#5381=CARTESIAN_POINT('Ctrl Pts',(-6.21951869454012,36.4735730218249,2.5000000000006));
#5382=CARTESIAN_POINT('Ctrl Pts',(-6.15349235120208,36.4847684127202,2.48745436609164));
#5383=CARTESIAN_POINT('Ctrl Pts',(-6.03197918507018,36.5050547370772,2.43642833743047));
#5384=CARTESIAN_POINT('Ctrl Pts',(-5.97649389701232,36.5141546745844,2.39794786799453));
#5385=CARTESIAN_POINT('Ctrl Pts',(-5.88885468029209,36.5283911678153,2.30916055725844));
#5386=CARTESIAN_POINT('Ctrl Pts',(-5.85085908197105,36.534478221803,2.25293671414345));
#5387=CARTESIAN_POINT('Ctrl Pts',(-5.80046863195446,36.5425124284879,2.12974702939391));
#5388=CARTESIAN_POINT('Ctrl Pts',(-5.78807520648284,36.544468602021,2.06278119285758));
#5389=CARTESIAN_POINT('Ctrl Pts',(-5.78807520648284,36.544468602021,2.));
#5390=CARTESIAN_POINT('',(-6.92960538071564,43.751806468614,2.00000000607545));
#5391=CARTESIAN_POINT('',(-6.929605380719,43.75180646862,2.000000006832));
#5392=CARTESIAN_POINT('Ctrl Pts',(-6.92960538070973,43.7518064685944,2.0000000060754));
#5393=CARTESIAN_POINT('Ctrl Pts',(-6.92957770494863,43.7516317255779,2.06614861399177));
#5394=CARTESIAN_POINT('Ctrl Pts',(-6.94244944976094,43.7490223145122,2.13164878055063));
#5395=CARTESIAN_POINT('Ctrl Pts',(-6.99248605136221,43.7412016183888,2.25288119921217));
#5396=CARTESIAN_POINT('Ctrl Pts',(-7.02876080521846,43.7361017922799,2.3074981897604));
#5397=CARTESIAN_POINT('Ctrl Pts',(-7.11973508357315,43.7216928819641,2.39960647547521));
#5398=CARTESIAN_POINT('Ctrl Pts',(-7.17357646179375,43.7125171519909,2.43623096693935));
#5399=CARTESIAN_POINT('Ctrl Pts',(-7.29330216132389,43.6934468004187,2.48687881372448));
#5400=CARTESIAN_POINT('Ctrl Pts',(-7.35808121268576,43.6837614040729,2.49999999820991));
#5401=CARTESIAN_POINT('Ctrl Pts',(-7.42344953764257,43.6735892381796,2.5));
#5402=CARTESIAN_POINT('Origin',(0.,0.,2.5));
#5403=CARTESIAN_POINT('',(5.788075206489,36.54446860202,1.2));
#5404=CARTESIAN_POINT('',(5.788075206492,36.54446860202,2.000000003545));
#5405=CARTESIAN_POINT('',(5.788075206489,36.54446860202,1.2));
#5406=CARTESIAN_POINT('',(-5.788075206489,36.54446860202,1.2));
#5407=CARTESIAN_POINT('Origin',(0.,0.,1.2));
#5408=CARTESIAN_POINT('',(-5.788075206487,36.54446860202,2.000000003545));
#5409=CARTESIAN_POINT('Ctrl Pts',(5.78807520649848,36.5444686020185,2.));
#5410=CARTESIAN_POINT('Ctrl Pts',(5.78807520693812,36.5444686019489,2.06278119285758));
#5411=CARTESIAN_POINT('Ctrl Pts',(5.80046863197009,36.5425124284854,2.12974702939391));
#5412=CARTESIAN_POINT('Ctrl Pts',(5.85085908198668,36.5344782218005,2.25293671414345));
#5413=CARTESIAN_POINT('Ctrl Pts',(5.88885468030772,36.5283911678128,2.30916055725844));
#5414=CARTESIAN_POINT('Ctrl Pts',(5.97649389702794,36.5141546745818,2.39794786799453));
#5415=CARTESIAN_POINT('Ctrl Pts',(6.03197918508581,36.5050547370746,2.43642833743047));
#5416=CARTESIAN_POINT('Ctrl Pts',(6.15349235121769,36.4847684127175,2.48745436609164));
#5417=CARTESIAN_POINT('Ctrl Pts',(6.21951869455573,36.4735730218222,2.5));
#5418=CARTESIAN_POINT('Ctrl Pts',(6.28139085785172,36.4629144322131,2.5));
#5419=CARTESIAN_POINT('Origin',(5.788075206489,36.54446860202,2.5));
#5420=CARTESIAN_POINT('',(5.788075206489,36.54446860202,-2.5));
#5421=CARTESIAN_POINT('',(5.788075206489,36.54446860202,-2.5));
#5422=CARTESIAN_POINT('',(6.929605380723,43.75180646862,2.00000000404));
#5423=CARTESIAN_POINT('',(5.788075206492,36.54446860202,2.000000003545));
#5424=CARTESIAN_POINT('',(6.92960538072,43.75180646862,0.5));
#5425=CARTESIAN_POINT('',(6.929605380723,43.75180646862,2.00000000404));
#5426=CARTESIAN_POINT('',(7.008264033802,44.24843765866,0.5));
#5427=CARTESIAN_POINT('',(6.92960538072,43.75180646862,0.5));
#5428=CARTESIAN_POINT('',(7.008264033802,44.24843765866,-0.7));
#5429=CARTESIAN_POINT('',(7.008264033802,44.24843765866,0.5));
#5430=CARTESIAN_POINT('',(5.944509671529,37.53215694262,-0.7));
#5431=CARTESIAN_POINT('',(7.008264033802,44.24843765866,-0.7));
#5432=CARTESIAN_POINT('',(5.94450967152921,37.5321569426152,-2.1));
#5433=CARTESIAN_POINT('',(5.944509671529,37.53215694262,-0.7));
#5434=CARTESIAN_POINT('',(5.944509671529,37.53215694262,-2.5));
#5435=CARTESIAN_POINT('',(5.944509671528,37.53215694262,-2.));
#5436=CARTESIAN_POINT('',(5.944509671529,37.53215694262,-2.5));
#5437=CARTESIAN_POINT('Origin',(0.,0.,0.));
#5438=CARTESIAN_POINT('',(13.85068574486,34.30974357813,-2.5));
#5439=CARTESIAN_POINT('Origin',(0.,0.,-2.5));
#5440=CARTESIAN_POINT('',(13.85068574487,34.30974357813,0.));
#5441=CARTESIAN_POINT('',(13.85068574486,34.30974357813,0.));
#5442=CARTESIAN_POINT('',(7.196237304806,36.29344525742,0.));
#5443=CARTESIAN_POINT('Origin',(0.,0.,0.));
#5444=CARTESIAN_POINT('',(7.196237304813,36.29344525741,1.2));
#5445=CARTESIAN_POINT('',(7.196237304805,36.29344525742,1.2));
#5446=CARTESIAN_POINT('Origin',(0.,0.,1.2));
#5447=CARTESIAN_POINT('Origin',(0.,0.,1.2));
#5448=CARTESIAN_POINT('',(-7.196237304805,36.29344525742,1.2));
#5449=CARTESIAN_POINT('',(-7.588064655103,35.69903744907,1.2));
#5450=CARTESIAN_POINT('Origin',(-7.098990854736,35.80299329448,1.2));
#5451=CARTESIAN_POINT('Origin',(0.,0.,1.2));
#5452=CARTESIAN_POINT('',(7.588064655102,35.69903744907,1.2));
#5453=CARTESIAN_POINT('Origin',(7.098990854736,35.80299329448,1.2));
#5454=CARTESIAN_POINT('',(6.757129951576,31.78979702385,1.2));
#5455=CARTESIAN_POINT('',(6.757129951577,31.78979702385,1.2));
#5456=CARTESIAN_POINT('',(-0.8645401362024,32.4884990474,1.2));
#5457=CARTESIAN_POINT('Origin',(0.,0.,1.2));
#5458=CARTESIAN_POINT('',(-5.622271965089,26.45070997064,1.2));
#5459=CARTESIAN_POINT('Origin',(-0.7315339614198,27.49026842472,1.2));
#5460=CARTESIAN_POINT('',(-7.588064655103,35.69903744907,1.2));
#5461=CARTESIAN_POINT('Origin',(-7.098990854736,35.80299329448,-27.21112000337));
#5462=CARTESIAN_POINT('',(-7.588064655103,35.69903744907,0.));
#5463=CARTESIAN_POINT('',(-7.588064655103,35.69903744907,0.));
#5464=CARTESIAN_POINT('',(-7.196237304816,36.29344525741,0.));
#5465=CARTESIAN_POINT('Origin',(-7.098990854736,35.80299329448,1.06581410364E-14));
#5466=CARTESIAN_POINT('',(-7.196237304805,36.29344525742,1.2));
#5467=CARTESIAN_POINT('Origin',(0.,0.,0.));
#5468=CARTESIAN_POINT('',(-5.788075206489,36.54446860202,-2.5));
#5469=CARTESIAN_POINT('',(-5.788075206489,36.54446860202,1.2));
#5470=CARTESIAN_POINT('',(-13.85068574486,34.30974357813,0.));
#5471=CARTESIAN_POINT('Origin',(0.,0.,0.));
#5472=CARTESIAN_POINT('',(-13.85068574487,34.30974357813,-2.5));
#5473=CARTESIAN_POINT('',(-13.85068574486,34.30974357813,-2.5));
#5474=CARTESIAN_POINT('Origin',(0.,0.,-2.5));
#5475=CARTESIAN_POINT('Origin',(-7.007877123539,44.2459948034,2.5));
#5476=CARTESIAN_POINT('',(-5.944509671529,37.53215694262,-0.7));
#5477=CARTESIAN_POINT('',(-7.008264033802,44.24843765866,-0.7));
#5478=CARTESIAN_POINT('',(-5.944509671529,37.53215694262,-0.7));
#5479=CARTESIAN_POINT('',(-7.008264033802,44.24843765866,0.5));
#5480=CARTESIAN_POINT('',(-7.008264033802,44.24843765866,-0.7));
#5481=CARTESIAN_POINT('',(-6.92960538072,43.75180646862,0.5));
#5482=CARTESIAN_POINT('',(-7.008264033802,44.24843765866,0.5));
#5483=CARTESIAN_POINT('',(-6.92960538072,43.75180646862,0.5));
#5484=CARTESIAN_POINT('',(-5.944509671529,37.53215694262,-2.5));
#5485=CARTESIAN_POINT('',(-5.788075206489,36.54446860202,-2.5));
#5486=CARTESIAN_POINT('',(-5.94450967152911,37.5321569426153,-2.1));
#5487=CARTESIAN_POINT('',(-5.944509671529,37.53215694262,-2.5));
#5488=CARTESIAN_POINT('',(-5.944509671528,37.53215694262,-2.));
#5489=CARTESIAN_POINT('Origin',(0.,0.,-0.7));
#5490=CARTESIAN_POINT('Origin',(0.,1.361211155069E-13,-0.7));
#5491=CARTESIAN_POINT('Origin',(0.,0.,-0.7));
#5492=CARTESIAN_POINT('Origin',(0.,1.361211155069E-13,-2.5));
#5493=CARTESIAN_POINT('Origin',(0.,1.361211155069E-13,-2.1));
#5494=CARTESIAN_POINT('Origin',(0.,0.,-2.1));
#5495=CARTESIAN_POINT('',(-5.804907949473,49.91358075412,-2.1));
#5496=CARTESIAN_POINT('',(-7.564930711076,47.7381197088498,-2.1));
#5497=CARTESIAN_POINT('Origin',(-5.57386683706,47.92697057485,-2.1));
#5498=CARTESIAN_POINT('',(5.804907949473,49.91358075412,-2.1));
#5499=CARTESIAN_POINT('Origin',(0.,0.,-2.1));
#5500=CARTESIAN_POINT('',(7.564930711076,47.73811970885,-2.1));
#5501=CARTESIAN_POINT('Origin',(5.57386683706,47.92697057485,-2.1));
#5502=CARTESIAN_POINT('',(9.16193295271601,45.58847425139,-2.1));
#5503=CARTESIAN_POINT('Origin',(9.555994585092,47.54926884285,-2.1));
#5504=CARTESIAN_POINT('',(11.54074399245,45.04510215441,-2.1));
#5505=CARTESIAN_POINT('Origin',(0.,0.,-2.1));
#5506=CARTESIAN_POINT('',(15.0565281487604,46.8021774839307,-2.1));
#5507=CARTESIAN_POINT('Origin',(12.28530812101,47.95123777727,-2.1));
#5508=CARTESIAN_POINT('',(22.4475639180999,43.7407102283998,-2.1));
#5509=CARTESIAN_POINT('Origin',(18.75148818589,45.27009709305,-2.1));
#5510=CARTESIAN_POINT('',(23.6911588555881,40.0122355296414,-2.1));
#5511=CARTESIAN_POINT('Origin',(25.21962071726,42.59367007992,-2.1));
#5512=CARTESIAN_POINT('',(40.01223552964,23.69115885559,-2.1));
#5513=CARTESIAN_POINT('Origin',(0.,0.,-2.1));
#5514=CARTESIAN_POINT('',(43.7407102284695,22.4475639181199,-2.1));
#5515=CARTESIAN_POINT('Origin',(42.59367007992,25.21962071726,-2.1));
#5516=CARTESIAN_POINT('',(46.8021774840501,15.0565281488201,-2.1));
#5517=CARTESIAN_POINT('Origin',(45.27009709305,18.75148818589,-2.1));
#5518=CARTESIAN_POINT('',(45.0451021544105,11.5407439924367,-2.1));
#5519=CARTESIAN_POINT('Origin',(47.95123777727,12.28530812101,-2.1));
#5520=CARTESIAN_POINT('',(45.04510215441,-11.5407439924401,-2.1));
#5521=CARTESIAN_POINT('Origin',(0.,0.,-2.1));
#5522=CARTESIAN_POINT('',(46.8021774839299,-15.0565281487599,-2.1));
#5523=CARTESIAN_POINT('Origin',(47.95123777727,-12.28530812101,-2.1));
#5524=CARTESIAN_POINT('',(43.7407102283998,-22.4475639180999,-2.1));
#5525=CARTESIAN_POINT('Origin',(45.27009709305,-18.75148818589,-2.1));
#5526=CARTESIAN_POINT('',(40.0122355296414,-23.6911588555881,-2.1));
#5527=CARTESIAN_POINT('Origin',(42.59367007992,-25.21962071726,-2.1));
#5528=CARTESIAN_POINT('',(23.69115885559,-40.01223552964,-2.1));
#5529=CARTESIAN_POINT('Origin',(0.,0.,-2.1));
#5530=CARTESIAN_POINT('',(22.44756391812,-43.74071022847,-2.1));
#5531=CARTESIAN_POINT('Origin',(25.21962071726,-42.59367007992,-2.1));
#5532=CARTESIAN_POINT('',(15.0565281488201,-46.8021774840502,-2.1));
#5533=CARTESIAN_POINT('Origin',(18.75148818589,-45.27009709305,-2.1));
#5534=CARTESIAN_POINT('',(11.540743992438,-45.0451021544104,-2.1));
#5535=CARTESIAN_POINT('Origin',(12.28530812101,-47.95123777727,-2.1));
#5536=CARTESIAN_POINT('',(-11.54074399244,-45.04510215441,-2.1));
#5537=CARTESIAN_POINT('Origin',(0.,0.,-2.1));
#5538=CARTESIAN_POINT('',(-15.05652814876,-46.8021774839299,-2.1));
#5539=CARTESIAN_POINT('Origin',(-12.28530812101,-47.95123777727,-2.1));
#5540=CARTESIAN_POINT('',(-22.4475639180999,-43.7407102283998,-2.1));
#5541=CARTESIAN_POINT('Origin',(-18.75148818589,-45.27009709305,-2.1));
#5542=CARTESIAN_POINT('',(-23.6911588555881,-40.0122355296414,-2.1));
#5543=CARTESIAN_POINT('Origin',(-25.21962071726,-42.59367007992,-2.1));
#5544=CARTESIAN_POINT('',(-40.01223552964,-23.69115885559,-2.1));
#5545=CARTESIAN_POINT('Origin',(0.,0.,-2.1));
#5546=CARTESIAN_POINT('',(-43.7407102284704,-22.4475639181201,-2.1));
#5547=CARTESIAN_POINT('Origin',(-42.59367007992,-25.21962071726,-2.1));
#5548=CARTESIAN_POINT('',(-46.8021774840502,-15.0565281488201,-2.1));
#5549=CARTESIAN_POINT('Origin',(-45.27009709305,-18.75148818589,-2.1));
#5550=CARTESIAN_POINT('',(-45.0451021544105,-11.5407439924367,-2.1));
#5551=CARTESIAN_POINT('Origin',(-47.95123777727,-12.28530812101,-2.1));
#5552=CARTESIAN_POINT('',(-45.04510215441,11.5407439924401,-2.1));
#5553=CARTESIAN_POINT('Origin',(0.,0.,-2.1));
#5554=CARTESIAN_POINT('',(-46.80217748393,15.05652814876,-2.1));
#5555=CARTESIAN_POINT('Origin',(-47.95123777727,12.28530812101,-2.1));
#5556=CARTESIAN_POINT('',(-43.7407102283998,22.4475639180999,-2.1));
#5557=CARTESIAN_POINT('Origin',(-45.27009709305,18.75148818589,-2.1));
#5558=CARTESIAN_POINT('',(-40.0122355296414,23.6911588555881,-2.1));
#5559=CARTESIAN_POINT('Origin',(-42.59367007992,25.21962071726,-2.1));
#5560=CARTESIAN_POINT('',(-23.69115885559,40.01223552964,-2.1));
#5561=CARTESIAN_POINT('Origin',(0.,0.,-2.1));
#5562=CARTESIAN_POINT('',(-22.44756391812,43.74071022847,-2.1));
#5563=CARTESIAN_POINT('Origin',(-25.21962071726,42.59367007992,-2.1));
#5564=CARTESIAN_POINT('',(-15.0565281488201,46.8021774840501,-2.1));
#5565=CARTESIAN_POINT('Origin',(-18.75148818589,45.27009709305,-2.1));
#5566=CARTESIAN_POINT('',(-11.540743992449,45.0451021544102,-2.1));
#5567=CARTESIAN_POINT('Origin',(-12.28530812101,47.95123777727,-2.1));
#5568=CARTESIAN_POINT('',(-9.161932952716,45.58847425139,-2.1));
#5569=CARTESIAN_POINT('Origin',(0.,0.,-2.1));
#5570=CARTESIAN_POINT('Origin',(-9.555994585092,47.54926884285,-2.1));
#5571=CARTESIAN_POINT('',(-17.2665639453983,46.7550213335418,-2.1));
#5572=CARTESIAN_POINT('Origin',(-18.75148818589,45.27009709305,-2.1));
#5573=CARTESIAN_POINT('',(20.85148818589,45.27009709305,-2.1));
#5574=CARTESIAN_POINT('Origin',(18.75148818589,45.27009709305,-2.1));
#5575=CARTESIAN_POINT('',(46.7550213335418,17.2665639453983,-2.1));
#5576=CARTESIAN_POINT('Origin',(45.27009709305,18.75148818589,-2.1));
#5577=CARTESIAN_POINT('',(45.27009709305,-20.85148818589,-2.1));
#5578=CARTESIAN_POINT('Origin',(45.27009709305,-18.75148818589,-2.1));
#5579=CARTESIAN_POINT('',(17.2665639453983,-46.7550213335418,-2.1));
#5580=CARTESIAN_POINT('Origin',(18.75148818589,-45.27009709305,-2.1));
#5581=CARTESIAN_POINT('',(-20.85148818589,-45.27009709305,-2.1));
#5582=CARTESIAN_POINT('Origin',(-18.75148818589,-45.27009709305,-2.1));
#5583=CARTESIAN_POINT('',(-46.7550213335418,-17.2665639453983,-2.1));
#5584=CARTESIAN_POINT('Origin',(-45.27009709305,-18.75148818589,-2.1));
#5585=CARTESIAN_POINT('',(-45.27009709305,20.85148818589,-2.1));
#5586=CARTESIAN_POINT('Origin',(-45.27009709305,18.75148818589,-2.1));
#5587=CARTESIAN_POINT('',(35.32704346531,14.,-2.1));
#5588=CARTESIAN_POINT('Origin',(0.,0.,-2.1));
#5589=CARTESIAN_POINT('',(-35.32704346531,14.,-2.1));
#5590=CARTESIAN_POINT('Origin',(0.,0.,-2.1));
#5591=CARTESIAN_POINT('',(-35.67,14.,-2.1));
#5592=CARTESIAN_POINT('',(-17.835,14.,-2.1));
#5593=CARTESIAN_POINT('',(-38.,10.5,-2.1));
#5594=CARTESIAN_POINT('Origin',(-32.1571275219,9.135873464578,-2.1));
#5595=CARTESIAN_POINT('',(-38.,-10.5,-2.1));
#5596=CARTESIAN_POINT('',(-38.,-5.25,-2.1));
#5597=CARTESIAN_POINT('',(-35.67,-14.,-2.1));
#5598=CARTESIAN_POINT('Origin',(-32.1571275219,-9.135873464578,-2.1));
#5599=CARTESIAN_POINT('',(-35.32704346531,-14.,-2.1));
#5600=CARTESIAN_POINT('',(-17.124543789545,-14.,-2.1));
#5601=CARTESIAN_POINT('',(35.32704346531,-14.,-2.1));
#5602=CARTESIAN_POINT('Origin',(0.,0.,-2.1));
#5603=CARTESIAN_POINT('',(35.67,-14.,-2.1));
#5604=CARTESIAN_POINT('',(17.835,-14.,-2.1));
#5605=CARTESIAN_POINT('',(38.,-10.5,-2.1));
#5606=CARTESIAN_POINT('Origin',(32.1571275219,-9.135873464578,-2.1));
#5607=CARTESIAN_POINT('',(38.,10.5,-2.1));
#5608=CARTESIAN_POINT('',(38.,5.25,-2.1));
#5609=CARTESIAN_POINT('',(35.67,14.,-2.1));
#5610=CARTESIAN_POINT('Origin',(32.1571275219,9.135873464578,-2.1));
#5611=CARTESIAN_POINT('',(17.124543789545,14.,-2.1));
#5612=CARTESIAN_POINT('Origin',(-5.57386683706,47.92697057485,-12.00736));
#5613=CARTESIAN_POINT('',(-7.564930711076,47.73811970885,0.5));
#5614=CARTESIAN_POINT('',(-7.564930711076,47.73811970885,0.5));
#5615=CARTESIAN_POINT('',(-5.804907949473,49.91358075412,0.5));
#5616=CARTESIAN_POINT('Origin',(-5.57386683706,47.92697057485,0.5));
#5617=CARTESIAN_POINT('',(-5.804907949473,49.91358075412,-2.));
#5618=CARTESIAN_POINT('Origin',(-9.555994585092,47.54926884285,0.));
#5619=CARTESIAN_POINT('',(-9.161932952716,45.58847425139,0.5));
#5620=CARTESIAN_POINT('',(-9.161932952716,45.58847425139,-2.));
#5621=CARTESIAN_POINT('Origin',(-9.555994585092,47.54926884285,0.5));
#5622=CARTESIAN_POINT('Origin',(0.,0.,0.));
#5623=CARTESIAN_POINT('',(-11.54074399245,45.04510215441,0.5));
#5624=CARTESIAN_POINT('',(-11.54074399245,45.04510215441,0.5));
#5625=CARTESIAN_POINT('Origin',(0.,0.,0.5));
#5626=CARTESIAN_POINT('Origin',(-12.28530812101,47.95123777727,24.01112000114));
#5627=CARTESIAN_POINT('',(-15.05652814883,46.80217748407,0.5));
#5628=CARTESIAN_POINT('',(-15.05652814882,46.80217748405,-2.));
#5629=CARTESIAN_POINT('Origin',(-12.28530812101,47.95123777727,0.5));
#5630=CARTESIAN_POINT('Origin',(-18.75148818589,45.27009709305,0.));
#5631=CARTESIAN_POINT('',(-22.44756391817,43.74071022857,0.5));
#5632=CARTESIAN_POINT('',(-22.44756391812,43.74071022847,-2.));
#5633=CARTESIAN_POINT('Origin',(-18.75148818589,45.27009709305,0.5));
#5634=CARTESIAN_POINT('Origin',(-25.21962071726,42.59367007992,-27.21112000065));
#5635=CARTESIAN_POINT('',(-23.69115885559,40.01223552964,0.5));
#5636=CARTESIAN_POINT('',(-23.69115885559,40.01223552964,-2.));
#5637=CARTESIAN_POINT('Origin',(-25.21962071726,42.59367007992,0.5));
#5638=CARTESIAN_POINT('Origin',(0.,0.,0.));
#5639=CARTESIAN_POINT('',(-40.01223552964,23.69115885559,0.5));
#5640=CARTESIAN_POINT('',(-40.01223552964,23.69115885559,0.5));
#5641=CARTESIAN_POINT('Origin',(0.,0.,0.5));
#5642=CARTESIAN_POINT('Origin',(-42.59367007992,25.21962071726,24.01112000114));
#5643=CARTESIAN_POINT('',(-43.74071022838,22.44756391809,0.5));
#5644=CARTESIAN_POINT('',(-43.7407102284,22.4475639181,-2.));
#5645=CARTESIAN_POINT('Origin',(-42.59367007992,25.21962071726,0.5));
#5646=CARTESIAN_POINT('Origin',(-45.27009709305,18.75148818589,0.));
#5647=CARTESIAN_POINT('',(-46.80217748371,15.05652814868,0.5));
#5648=CARTESIAN_POINT('',(-46.80217748393,15.05652814876,-2.));
#5649=CARTESIAN_POINT('Origin',(-45.27009709305,18.75148818589,0.5));
#5650=CARTESIAN_POINT('Origin',(-47.95123777727,12.28530812101,-27.21112000065));
#5651=CARTESIAN_POINT('',(-45.04510215441,11.54074399244,0.5));
#5652=CARTESIAN_POINT('',(-45.04510215441,11.54074399244,-2.));
#5653=CARTESIAN_POINT('Origin',(-47.95123777727,12.28530812101,0.5));
#5654=CARTESIAN_POINT('Origin',(0.,0.,0.));
#5655=CARTESIAN_POINT('',(-45.04510215441,-11.54074399244,0.5));
#5656=CARTESIAN_POINT('',(-45.04510215441,-11.54074399244,0.5));
#5657=CARTESIAN_POINT('Origin',(0.,0.,0.5));
#5658=CARTESIAN_POINT('Origin',(-47.95123777727,-12.28530812101,24.01112000114));
#5659=CARTESIAN_POINT('',(-46.80217748407,-15.05652814883,0.5));
#5660=CARTESIAN_POINT('',(-46.80217748405,-15.05652814882,-2.));
#5661=CARTESIAN_POINT('Origin',(-47.95123777727,-12.28530812101,0.5));
#5662=CARTESIAN_POINT('Origin',(-45.27009709305,-18.75148818589,0.));
#5663=CARTESIAN_POINT('',(-43.74071022855,-22.44756391816,0.5));
#5664=CARTESIAN_POINT('',(-43.74071022847,-22.44756391812,-2.));
#5665=CARTESIAN_POINT('Origin',(-45.27009709305,-18.75148818589,0.5));
#5666=CARTESIAN_POINT('Origin',(-42.59367007992,-25.21962071726,-27.21112000065));
#5667=CARTESIAN_POINT('',(-40.01223552964,-23.69115885559,0.5));
#5668=CARTESIAN_POINT('',(-40.01223552964,-23.69115885559,-2.));
#5669=CARTESIAN_POINT('Origin',(-42.59367007992,-25.21962071726,0.5));
#5670=CARTESIAN_POINT('Origin',(0.,0.,0.));
#5671=CARTESIAN_POINT('',(-23.69115885559,-40.01223552964,0.5));
#5672=CARTESIAN_POINT('',(-23.69115885559,-40.01223552964,0.5));
#5673=CARTESIAN_POINT('Origin',(0.,0.,0.5));
#5674=CARTESIAN_POINT('Origin',(-25.21962071726,-42.59367007992,24.01112000114));
#5675=CARTESIAN_POINT('',(-22.44756391809,-43.74071022838,0.5));
#5676=CARTESIAN_POINT('',(-22.4475639181,-43.7407102284,-2.));
#5677=CARTESIAN_POINT('Origin',(-25.21962071726,-42.59367007992,0.5));
#5678=CARTESIAN_POINT('Origin',(-18.75148818589,-45.27009709305,0.));
#5679=CARTESIAN_POINT('',(-15.05652814869,-46.80217748372,0.5));
#5680=CARTESIAN_POINT('',(-15.05652814876,-46.80217748393,-2.));
#5681=CARTESIAN_POINT('Origin',(-18.75148818589,-45.27009709305,0.5));
#5682=CARTESIAN_POINT('Origin',(-12.28530812101,-47.95123777727,-27.21112000065));
#5683=CARTESIAN_POINT('',(-11.54074399244,-45.04510215441,0.5));
#5684=CARTESIAN_POINT('',(-11.54074399244,-45.04510215441,-2.));
#5685=CARTESIAN_POINT('Origin',(-12.28530812101,-47.95123777727,0.5));
#5686=CARTESIAN_POINT('Origin',(0.,0.,0.));
#5687=CARTESIAN_POINT('',(11.54074399244,-45.04510215441,0.5));
#5688=CARTESIAN_POINT('',(11.54074399244,-45.04510215441,0.5));
#5689=CARTESIAN_POINT('Origin',(0.,0.,0.5));
#5690=CARTESIAN_POINT('Origin',(12.28530812101,-47.95123777727,24.01112000114));
#5691=CARTESIAN_POINT('',(15.05652814883,-46.80217748407,0.5));
#5692=CARTESIAN_POINT('',(15.05652814882,-46.80217748405,-2.));
#5693=CARTESIAN_POINT('Origin',(12.28530812101,-47.95123777727,0.5));
#5694=CARTESIAN_POINT('Origin',(18.75148818589,-45.27009709305,0.));
#5695=CARTESIAN_POINT('',(22.44756391817,-43.74071022857,0.5));
#5696=CARTESIAN_POINT('',(22.44756391812,-43.74071022847,-2.));
#5697=CARTESIAN_POINT('Origin',(18.75148818589,-45.27009709305,0.5));
#5698=CARTESIAN_POINT('Origin',(25.21962071726,-42.59367007992,-27.21112000065));
#5699=CARTESIAN_POINT('',(23.69115885559,-40.01223552964,0.5));
#5700=CARTESIAN_POINT('',(23.69115885559,-40.01223552964,-2.));
#5701=CARTESIAN_POINT('Origin',(25.21962071726,-42.59367007992,0.5));
#5702=CARTESIAN_POINT('Origin',(0.,0.,0.));
#5703=CARTESIAN_POINT('',(40.01223552964,-23.69115885559,0.5));
#5704=CARTESIAN_POINT('',(40.01223552964,-23.69115885559,0.5));
#5705=CARTESIAN_POINT('Origin',(0.,0.,0.5));
#5706=CARTESIAN_POINT('Origin',(42.59367007992,-25.21962071726,24.01112000114));
#5707=CARTESIAN_POINT('',(43.74071022838,-22.44756391809,0.5));
#5708=CARTESIAN_POINT('',(43.7407102284,-22.4475639181,-2.));
#5709=CARTESIAN_POINT('Origin',(42.59367007992,-25.21962071726,0.5));
#5710=CARTESIAN_POINT('Origin',(45.27009709305,-18.75148818589,0.));
#5711=CARTESIAN_POINT('',(46.80217748371,-15.05652814868,0.5));
#5712=CARTESIAN_POINT('',(46.80217748393,-15.05652814876,-2.));
#5713=CARTESIAN_POINT('Origin',(45.27009709305,-18.75148818589,0.5));
#5714=CARTESIAN_POINT('Origin',(47.95123777727,-12.28530812101,-27.21112000065));
#5715=CARTESIAN_POINT('',(45.04510215441,-11.54074399244,0.5));
#5716=CARTESIAN_POINT('',(45.04510215441,-11.54074399244,-2.));
#5717=CARTESIAN_POINT('Origin',(47.95123777727,-12.28530812101,0.5));
#5718=CARTESIAN_POINT('Origin',(0.,0.,0.));
#5719=CARTESIAN_POINT('',(45.04510215441,11.54074399244,0.5));
#5720=CARTESIAN_POINT('',(45.04510215441,11.54074399244,0.5));
#5721=CARTESIAN_POINT('Origin',(0.,0.,0.5));
#5722=CARTESIAN_POINT('Origin',(47.95123777727,12.28530812101,24.01112000114));
#5723=CARTESIAN_POINT('',(46.80217748407,15.05652814883,0.5));
#5724=CARTESIAN_POINT('',(46.80217748405,15.05652814882,-2.));
#5725=CARTESIAN_POINT('Origin',(47.95123777727,12.28530812101,0.5));
#5726=CARTESIAN_POINT('Origin',(45.27009709305,18.75148818589,0.));
#5727=CARTESIAN_POINT('',(43.74071022861,22.44756391818,0.5));
#5728=CARTESIAN_POINT('',(43.74071022847,22.44756391812,-2.));
#5729=CARTESIAN_POINT('Origin',(45.27009709305,18.75148818589,0.5));
#5730=CARTESIAN_POINT('Origin',(42.59367007992,25.21962071726,-27.21112000065));
#5731=CARTESIAN_POINT('',(40.01223552964,23.69115885559,0.5));
#5732=CARTESIAN_POINT('',(40.01223552964,23.69115885559,-2.));
#5733=CARTESIAN_POINT('Origin',(42.59367007992,25.21962071726,0.5));
#5734=CARTESIAN_POINT('Origin',(0.,0.,0.));
#5735=CARTESIAN_POINT('',(23.69115885559,40.01223552964,0.5));
#5736=CARTESIAN_POINT('',(23.69115885559,40.01223552964,0.5));
#5737=CARTESIAN_POINT('Origin',(0.,0.,0.5));
#5738=CARTESIAN_POINT('Origin',(25.21962071726,42.59367007992,24.01112000114));
#5739=CARTESIAN_POINT('',(22.44756391809,43.74071022838,0.5));
#5740=CARTESIAN_POINT('',(22.4475639181,43.7407102284,-2.));
#5741=CARTESIAN_POINT('Origin',(25.21962071726,42.59367007992,0.5));
#5742=CARTESIAN_POINT('Origin',(18.75148818589,45.27009709305,0.));
#5743=CARTESIAN_POINT('',(15.05652814866,46.80217748366,0.5));
#5744=CARTESIAN_POINT('',(15.05652814876,46.80217748393,-2.));
#5745=CARTESIAN_POINT('Origin',(18.75148818589,45.27009709305,0.5));
#5746=CARTESIAN_POINT('Origin',(12.28530812101,47.95123777727,-27.21112000065));
#5747=CARTESIAN_POINT('',(11.54074399245,45.04510215441,0.5));
#5748=CARTESIAN_POINT('',(11.54074399245,45.04510215441,-2.));
#5749=CARTESIAN_POINT('Origin',(12.28530812101,47.95123777727,0.5));
#5750=CARTESIAN_POINT('Origin',(0.,0.,0.));
#5751=CARTESIAN_POINT('',(9.161932952716,45.58847425139,0.5));
#5752=CARTESIAN_POINT('',(9.161932952716,45.58847425139,-2.));
#5753=CARTESIAN_POINT('Origin',(0.,0.,0.5));
#5754=CARTESIAN_POINT('Origin',(9.555994585092,47.54926884285,0.));
#5755=CARTESIAN_POINT('',(7.564930711076,47.73811970885,0.5));
#5756=CARTESIAN_POINT('',(7.564930711076,47.73811970885,-2.));
#5757=CARTESIAN_POINT('Origin',(9.555994585092,47.54926884285,0.5));
#5758=CARTESIAN_POINT('Origin',(5.57386683706,47.92697057485,-12.00736));
#5759=CARTESIAN_POINT('',(5.804907949473,49.91358075412,0.5));
#5760=CARTESIAN_POINT('',(5.804907949473,49.91358075412,-2.));
#5761=CARTESIAN_POINT('Origin',(5.57386683706,47.92697057485,0.5));
#5762=CARTESIAN_POINT('Origin',(0.,0.,0.));
#5763=CARTESIAN_POINT('Origin',(0.,0.,0.5));
#5764=CARTESIAN_POINT('Origin',(0.,0.,0.5));
#5765=CARTESIAN_POINT('',(-20.85148818589,-45.27009709305,0.5));
#5766=CARTESIAN_POINT('Origin',(-18.75148818589,-45.27009709305,0.5));
#5767=CARTESIAN_POINT('',(17.2665639454,-46.75502133354,0.5));
#5768=CARTESIAN_POINT('Origin',(18.75148818589,-45.27009709305,0.5));
#5769=CARTESIAN_POINT('',(45.27009709305,-20.85148818589,0.5));
#5770=CARTESIAN_POINT('Origin',(45.27009709305,-18.75148818589,0.5));
#5771=CARTESIAN_POINT('',(46.75502133354,17.2665639454,0.5));
#5772=CARTESIAN_POINT('Origin',(45.27009709305,18.75148818589,0.5));
#5773=CARTESIAN_POINT('',(20.85148818589,45.27009709305,0.5));
#5774=CARTESIAN_POINT('Origin',(18.75148818589,45.27009709305,0.5));
#5775=CARTESIAN_POINT('',(-17.2665639454,46.75502133354,0.5));
#5776=CARTESIAN_POINT('Origin',(-18.75148818589,45.27009709305,0.5));
#5777=CARTESIAN_POINT('',(-45.27009709305,20.85148818589,0.5));
#5778=CARTESIAN_POINT('Origin',(-45.27009709305,18.75148818589,0.5));
#5779=CARTESIAN_POINT('',(-46.75502133354,-17.2665639454,0.5));
#5780=CARTESIAN_POINT('Origin',(-45.27009709305,-18.75148818589,0.5));
#5781=CARTESIAN_POINT('',(7.50723565519104,44.1665191371125,0.5));
#5782=CARTESIAN_POINT('',(7.507235653626,44.16651913565,0.5));
#5783=CARTESIAN_POINT('',(-7.50723565428793,44.1665191368934,0.5));
#5784=CARTESIAN_POINT('Origin',(0.,0.,0.5));
#5785=CARTESIAN_POINT('',(-6.92960538072,43.75180646862,0.5));
#5786=CARTESIAN_POINT('Origin',(0.,0.,0.5));
#5787=CARTESIAN_POINT('Origin',(-18.75148818589,-45.27009709305,0.));
#5788=CARTESIAN_POINT('',(-20.85148818589,-45.27009709305,0.));
#5789=CARTESIAN_POINT('Origin',(18.75148818589,-45.27009709305,1.332373371518E-14));
#5790=CARTESIAN_POINT('',(17.2665639453983,-46.7550213335418,1.332373371518E-14));
#5791=CARTESIAN_POINT('Origin',(45.27009709305,-18.75148818589,2.27450361759E-14));
#5792=CARTESIAN_POINT('',(45.27009709305,-20.85148818589,2.27450361759E-14));
#5793=CARTESIAN_POINT('Origin',(45.27009709305,18.75148818589,2.27450361759E-14));
#5794=CARTESIAN_POINT('',(46.7550213335418,17.2665639453983,2.27450361759E-14));
#5795=CARTESIAN_POINT('Origin',(18.75148818589,45.27009709305,1.332373371518E-14));
#5796=CARTESIAN_POINT('',(20.85148818589,45.27009709305,1.332373371518E-14));
#5797=CARTESIAN_POINT('Origin',(-18.75148818589,45.27009709305,0.));
#5798=CARTESIAN_POINT('',(-17.2665639453983,46.7550213335418,0.));
#5799=CARTESIAN_POINT('Origin',(-45.27009709305,18.75148818589,0.));
#5800=CARTESIAN_POINT('',(-45.27009709305,20.85148818589,0.));
#5801=CARTESIAN_POINT('Origin',(-45.27009709305,-18.75148818589,0.));
#5802=CARTESIAN_POINT('',(-46.7550213335418,-17.2665639453983,0.));
#5803=CARTESIAN_POINT('Origin',(0.,0.,0.5));
#5804=CARTESIAN_POINT('Origin',(-7.218420522025,43.9591628029,1.25));
#5805=CARTESIAN_POINT('',(-7.50723564933611,44.1665191384774,2.00000000042661));
#5806=CARTESIAN_POINT('',(-7.507235653604,44.16651913565,0.5));
#5807=CARTESIAN_POINT('',(-7.507235648464,44.16651913732,2.000000001379));
#5808=CARTESIAN_POINT('Ctrl Pts',(-7.507235663331,44.16651913718,2.));
#5809=CARTESIAN_POINT('Ctrl Pts',(-7.540238721833,43.95224307149,2.194813670006));
#5810=CARTESIAN_POINT('Ctrl Pts',(-7.573241780336,43.73796700581,2.389627340012));
#5811=CARTESIAN_POINT('Ctrl Pts',(-7.606244838838,43.52369094012,2.584441010018));
#5812=CARTESIAN_POINT('Ctrl Pts',(-7.507235663331,44.16651913718,2.));
#5813=CARTESIAN_POINT('Ctrl Pts',(-7.518567926669,43.95567538826,2.202522578036));
#5814=CARTESIAN_POINT('Ctrl Pts',(-7.529900190007,43.74483163933,2.405045156072));
#5815=CARTESIAN_POINT('Ctrl Pts',(-7.541232453345,43.53398789041,2.607567734107));
#5816=CARTESIAN_POINT('Ctrl Pts',(-7.507235663331,44.16651913718,2.));
#5817=CARTESIAN_POINT('Ctrl Pts',(-7.442176564148,43.96777459146,2.215915732832));
#5818=CARTESIAN_POINT('Ctrl Pts',(-7.377117464965,43.76903004573,2.431831465664));
#5819=CARTESIAN_POINT('Ctrl Pts',(-7.312058365781,43.57028550001,2.647747198496));
#5820=CARTESIAN_POINT('Ctrl Pts',(-7.507235663331,44.16651913718,2.));
#5821=CARTESIAN_POINT('Ctrl Pts',(-7.312792100889,43.98826707726,2.161834306075));
#5822=CARTESIAN_POINT('Ctrl Pts',(-7.118348538447,43.81001501733,2.323668612149));
#5823=CARTESIAN_POINT('Ctrl Pts',(-6.923904976005,43.63176295741,2.485502918224));
#5824=CARTESIAN_POINT('Ctrl Pts',(-7.507235663331,44.16651913718,2.));
#5825=CARTESIAN_POINT('Ctrl Pts',(-7.259376506858,43.99672727622,2.030837050741));
#5826=CARTESIAN_POINT('Ctrl Pts',(-7.011517350386,43.82693541526,2.061674101482));
#5827=CARTESIAN_POINT('Ctrl Pts',(-6.763658193913,43.6571435543,2.092511152222));
#5828=CARTESIAN_POINT('Ctrl Pts',(-7.507235663331,44.16651913718,2.));
#5829=CARTESIAN_POINT('Ctrl Pts',(-7.272604768551,43.99463212539,1.953493461813));
#5830=CARTESIAN_POINT('Ctrl Pts',(-7.037973873771,43.82274511361,1.906986923626));
#5831=CARTESIAN_POINT('Ctrl Pts',(-6.803342978992,43.65085810182,1.860480385439));
#5832=CARTESIAN_POINT('Ctrl Pts',(-7.507235663331,44.16651913718,2.));
#5833=CARTESIAN_POINT('Ctrl Pts',(-7.280218766144,43.99342618665,1.931552538738));
#5834=CARTESIAN_POINT('Ctrl Pts',(-7.053201868958,43.82033323611,1.863105077476));
#5835=CARTESIAN_POINT('Ctrl Pts',(-6.826184971771,43.64724028558,1.794657616214));
#5836=CARTESIAN_POINT('',(-7.423449537736,43.67358923878,2.499999999999));
#5837=CARTESIAN_POINT('Origin',(-7.114309141798E-13,4.263256414561E-12,
2.249999999994));
#5838=CARTESIAN_POINT('',(7.50723564937294,44.1665191384743,2.00000000042761));
#5839=CARTESIAN_POINT('Origin',(-7.114309141798E-13,4.263256414561E-12,
1.999999999993));
#5840=CARTESIAN_POINT('',(7.507235648503,44.16651913732,2.000000001377));
#5841=CARTESIAN_POINT('Origin',(0.,0.,2.5));
#5842=CARTESIAN_POINT('',(7.507235648503,44.16651913732,2.000000001377));
#5843=CARTESIAN_POINT('Origin',(7.218420522025,43.9591628029,1.25));
#5844=CARTESIAN_POINT('',(6.929605380723,43.75180646862,2.00000000404));
#5845=CARTESIAN_POINT('Ctrl Pts',(7.507235663331,44.16651913718,2.));
#5846=CARTESIAN_POINT('Ctrl Pts',(7.280218643826,43.99342610464,1.931552540756));
#5847=CARTESIAN_POINT('Ctrl Pts',(7.05320162432,43.82033307209,1.863105081512));
#5848=CARTESIAN_POINT('Ctrl Pts',(6.826184604815,43.64724003955,1.794657622268));
#5849=CARTESIAN_POINT('Ctrl Pts',(7.507235663331,44.16651913718,2.));
#5850=CARTESIAN_POINT('Ctrl Pts',(7.27260465053,43.9946320427,1.953493464127));
#5851=CARTESIAN_POINT('Ctrl Pts',(7.03797363773,43.82274494822,1.906986928255));
#5852=CARTESIAN_POINT('Ctrl Pts',(6.803342624929,43.65085785375,1.860480392382));
#5853=CARTESIAN_POINT('Ctrl Pts',(7.507235663331,44.16651913718,2.));
#5854=CARTESIAN_POINT('Ctrl Pts',(7.259376391677,43.99672719308,2.03083707813));
#5855=CARTESIAN_POINT('Ctrl Pts',(7.011517120023,43.82693524897,2.06167415626));
#5856=CARTESIAN_POINT('Ctrl Pts',(6.763657848369,43.65714330487,2.09251123439));
#5857=CARTESIAN_POINT('Ctrl Pts',(7.507235663331,44.16651913718,2.));
#5858=CARTESIAN_POINT('Ctrl Pts',(7.312792006616,43.9882669908,2.16183438453));
#5859=CARTESIAN_POINT('Ctrl Pts',(7.118348349901,43.81001484442,2.32366876906));
#5860=CARTESIAN_POINT('Ctrl Pts',(6.923904693187,43.63176269804,2.48550315359));
#5861=CARTESIAN_POINT('Ctrl Pts',(7.507235663331,44.16651913718,2.));
#5862=CARTESIAN_POINT('Ctrl Pts',(7.442176509257,43.96777449876,2.215915827873));
#5863=CARTESIAN_POINT('Ctrl Pts',(7.377117355183,43.76902986035,2.431831655746));
#5864=CARTESIAN_POINT('Ctrl Pts',(7.312058201109,43.57028522193,2.647747483619));
#5865=CARTESIAN_POINT('Ctrl Pts',(7.507235663331,44.16651913718,2.));
#5866=CARTESIAN_POINT('Ctrl Pts',(7.518567885478,43.9556752934,2.202522684395));
#5867=CARTESIAN_POINT('Ctrl Pts',(7.529900107625,43.74483144961,2.405045368789));
#5868=CARTESIAN_POINT('Ctrl Pts',(7.541232329772,43.53398760583,2.607568053184));
#5869=CARTESIAN_POINT('Ctrl Pts',(7.507235663331,44.16651913718,2.));
#5870=CARTESIAN_POINT('Ctrl Pts',(7.540238671733,43.95224297804,2.194813788003));
#5871=CARTESIAN_POINT('Ctrl Pts',(7.573241680135,43.73796681891,2.389627576005));
#5872=CARTESIAN_POINT('Ctrl Pts',(7.606244688537,43.52369065977,2.584441364008));
#5873=CARTESIAN_POINT('Ctrl Pts',(7.42344952033604,43.6735892408712,2.5));
#5874=CARTESIAN_POINT('Ctrl Pts',(7.35808119814286,43.6837614062903,2.49999999589048));
#5875=CARTESIAN_POINT('Ctrl Pts',(7.29330214990978,43.693446802265,2.48687881021952));
#5876=CARTESIAN_POINT('Ctrl Pts',(7.17357645381236,43.7125171533492,2.43623096223916));
#5877=CARTESIAN_POINT('Ctrl Pts',(7.11973507622589,43.7216928832163,2.39960646973918));
#5878=CARTESIAN_POINT('Ctrl Pts',(7.0287607994569,43.7361017931131,2.30749818219099));
#5879=CARTESIAN_POINT('Ctrl Pts',(6.99248604659375,43.7412016191118,2.25288119088361));
#5880=CARTESIAN_POINT('Ctrl Pts',(6.94244817786843,43.749022513388,2.13164569554171));
#5881=CARTESIAN_POINT('Ctrl Pts',(6.9295777032861,43.7516317167011,2.06615200798361));
#5882=CARTESIAN_POINT('Ctrl Pts',(6.92960538072828,43.7518064686104,2.00000000403998));
#5883=CARTESIAN_POINT('Origin',(29.01903481582,180.022748412,2.));
#5884=CARTESIAN_POINT('Origin',(0.,0.,0.));
#5885=CARTESIAN_POINT('',(35.32704346531,14.,-2.5));
#5886=CARTESIAN_POINT('',(35.32704346531,14.,-2.5));
#5887=CARTESIAN_POINT('',(18.16421207489,33.37755832439,-2.5));
#5888=CARTESIAN_POINT('Origin',(0.,0.,-2.5));
#5889=CARTESIAN_POINT('',(18.16421207489,33.37755832439,-8.));
#5890=CARTESIAN_POINT('',(18.1642120749,33.37755832439,-8.));
#5891=CARTESIAN_POINT('',(15.72500760614,34.59370081079,-8.));
#5892=CARTESIAN_POINT('Origin',(0.,0.,-8.));
#5893=CARTESIAN_POINT('',(15.72500760614,34.59370081079,-2.5));
#5894=CARTESIAN_POINT('',(15.72500760614,34.59370081079,-8.));
#5895=CARTESIAN_POINT('Origin',(0.,0.,-2.5));
#5896=CARTESIAN_POINT('Origin',(0.,0.,-2.5));
#5897=CARTESIAN_POINT('',(14.0772396518948,33.5653291899113,-2.5));
#5898=CARTESIAN_POINT('Origin',(16.06312127195,32.21763701767,-2.5));
#5899=CARTESIAN_POINT('Origin',(13.66351431587,33.84609839465,-2.5));
#5900=CARTESIAN_POINT('Origin',(13.66351431587,33.84609839465,24.01112000268));
#5901=CARTESIAN_POINT('',(14.07723965313,33.56532919174,0.));
#5902=CARTESIAN_POINT('',(14.07723965245,33.56532919073,-2.5));
#5903=CARTESIAN_POINT('Origin',(13.66351431587,33.84609839465,0.));
#5904=CARTESIAN_POINT('Origin',(16.06312127195,32.21763701767,0.));
#5905=CARTESIAN_POINT('',(18.3345694904626,31.442702832964,-2.5));
#5906=CARTESIAN_POINT('Origin',(16.06312127195,32.21763701767,-2.5));
#5907=CARTESIAN_POINT('',(18.33456949116,31.442702835,0.));
#5908=CARTESIAN_POINT('',(18.33456949107,31.44270283475,0.));
#5909=CARTESIAN_POINT('Origin',(16.06312127195,32.21763701767,0.));
#5910=CARTESIAN_POINT('Origin',(16.06312127195,32.21763701767,-8.));
#5911=CARTESIAN_POINT('Origin',(0.,0.,-2.5));
#5912=CARTESIAN_POINT('',(34.24908757909,14.,-2.5));
#5913=CARTESIAN_POINT('',(35.32704346531,14.,-2.5));
#5914=CARTESIAN_POINT('',(19.06542879991,31.70976860016,-2.5));
#5915=CARTESIAN_POINT('Origin',(0.,0.,-2.5));
#5916=CARTESIAN_POINT('Origin',(18.80778787018,31.28125821367,-2.5));
#5917=CARTESIAN_POINT('Origin',(34.24908757909,14.,0.));
#5918=CARTESIAN_POINT('',(35.67,14.,-8.7));
#5919=CARTESIAN_POINT('',(35.67,14.,-2.));
#5920=CARTESIAN_POINT('',(34.24908757909,14.,-8.7));
#5921=CARTESIAN_POINT('',(35.67,14.,-8.7));
#5922=CARTESIAN_POINT('',(34.24908757909,14.,-8.7));
#5923=CARTESIAN_POINT('Origin',(0.,0.,0.));
#5924=CARTESIAN_POINT('',(14.16900930106,-34.17951397294,0.));
#5925=CARTESIAN_POINT('',(14.16900930106,-34.17951397294,-2.5));
#5926=CARTESIAN_POINT('',(14.16900930106,-34.17951397294,0.));
#5927=CARTESIAN_POINT('',(19.06542879991,31.70976860016,0.));
#5928=CARTESIAN_POINT('Origin',(0.,0.,0.));
#5929=CARTESIAN_POINT('',(19.06542879991,31.70976860016,-2.5));
#5930=CARTESIAN_POINT('',(34.24908757909,-14.,-8.7));
#5931=CARTESIAN_POINT('Origin',(0.,0.,-8.7));
#5932=CARTESIAN_POINT('',(34.24908757909,-14.,-2.5));
#5933=CARTESIAN_POINT('',(34.24908757909,-14.,-2.5));
#5934=CARTESIAN_POINT('Origin',(0.,0.,-2.5));
#5935=CARTESIAN_POINT('Origin',(13.9775362024,-33.71762864898,24.01112000268));
#5936=CARTESIAN_POINT('',(13.4856526839192,-33.8073538084835,-2.5));
#5937=CARTESIAN_POINT('',(13.48565268426,-33.80735381035,0.));
#5938=CARTESIAN_POINT('',(13.4856526841,-33.80735380947,-2.5));
#5939=CARTESIAN_POINT('Origin',(13.9775362024,-33.71762864898,0.));
#5940=CARTESIAN_POINT('Origin',(13.9775362024,-33.71762864898,-2.5));
#5941=CARTESIAN_POINT('Origin',(11.1246117975,-34.23803458663,0.));
#5942=CARTESIAN_POINT('',(8.961341786958,-35.27739153277,0.));
#5943=CARTESIAN_POINT('',(8.96134178613742,-35.2773915310606,-2.5));
#5944=CARTESIAN_POINT('',(8.961341786958,-35.27739153277,0.));
#5945=CARTESIAN_POINT('Origin',(11.1246117975,-34.23803458663,0.));
#5946=CARTESIAN_POINT('',(13.03117664668,-35.69577615353,-2.5));
#5947=CARTESIAN_POINT('Origin',(11.1246117975,-34.23803458663,-2.5));
#5948=CARTESIAN_POINT('',(13.03117664668,-35.69577615353,-8.));
#5949=CARTESIAN_POINT('',(13.03117664668,-35.69577615353,-8.));
#5950=CARTESIAN_POINT('',(10.43900742832,-36.53802298855,-8.));
#5951=CARTESIAN_POINT('Origin',(11.1246117975,-34.23803458663,-8.));
#5952=CARTESIAN_POINT('',(10.43900742832,-36.53802298855,-2.5));
#5953=CARTESIAN_POINT('',(10.43900742832,-36.53802298855,-8.));
#5954=CARTESIAN_POINT('Origin',(11.1246117975,-34.23803458663,-2.5));
#5955=CARTESIAN_POINT('Origin',(8.510660534916,-35.4939242302,-27.21112000337));
#5956=CARTESIAN_POINT('',(8.627244925791,-35.98014237035,-2.5));
#5957=CARTESIAN_POINT('',(8.627244925801,-35.98014237034,0.));
#5958=CARTESIAN_POINT('',(8.627244925801,-35.98014237034,-2.5));
#5959=CARTESIAN_POINT('Origin',(8.510660534916,-35.4939242302,0.));
#5960=CARTESIAN_POINT('Origin',(8.510660534916,-35.4939242302,-2.5));
#5961=CARTESIAN_POINT('Origin',(0.,0.,0.));
#5962=CARTESIAN_POINT('',(-8.627244925801,-35.98014237034,0.));
#5963=CARTESIAN_POINT('',(-8.627244925801,-35.98014237034,-2.5));
#5964=CARTESIAN_POINT('',(-8.627244925801,-35.98014237034,0.));
#5965=CARTESIAN_POINT('Origin',(0.,0.,0.));
#5966=CARTESIAN_POINT('Origin',(0.,0.,-2.5));
#5967=CARTESIAN_POINT('Origin',(-8.510660534916,-35.4939242302,24.01112000268));
#5968=CARTESIAN_POINT('',(-8.96134178613649,-35.2773915310569,-2.5));
#5969=CARTESIAN_POINT('',(-8.961341787088,-35.27739153304,0.));
#5970=CARTESIAN_POINT('',(-8.961341786567,-35.27739153195,-2.5));
#5971=CARTESIAN_POINT('Origin',(-8.510660534916,-35.4939242302,0.));
#5972=CARTESIAN_POINT('Origin',(-8.510660534916,-35.4939242302,-2.5));
#5973=CARTESIAN_POINT('Origin',(-11.1246117975,-34.23803458663,0.));
#5974=CARTESIAN_POINT('',(-13.4856526843,-33.80735381056,0.));
#5975=CARTESIAN_POINT('',(-13.4856526839175,-33.8073538084741,-2.5));
#5976=CARTESIAN_POINT('',(-13.48565268425,-33.80735381032,0.));
#5977=CARTESIAN_POINT('Origin',(-11.1246117975,-34.23803458663,0.));
#5978=CARTESIAN_POINT('',(-10.43900742832,-36.53802298855,-2.5));
#5979=CARTESIAN_POINT('Origin',(-11.1246117975,-34.23803458663,-2.5));
#5980=CARTESIAN_POINT('',(-10.43900742832,-36.53802298855,-8.));
#5981=CARTESIAN_POINT('',(-10.43900742832,-36.53802298855,-8.));
#5982=CARTESIAN_POINT('',(-13.03117664668,-35.69577615353,-8.));
#5983=CARTESIAN_POINT('Origin',(-11.1246117975,-34.23803458663,-8.));
#5984=CARTESIAN_POINT('',(-13.03117664668,-35.69577615353,-2.5));
#5985=CARTESIAN_POINT('',(-13.03117664668,-35.69577615353,-8.));
#5986=CARTESIAN_POINT('Origin',(-11.1246117975,-34.23803458663,-2.5));
#5987=CARTESIAN_POINT('Origin',(-13.9775362024,-33.71762864898,-27.21112000337));
#5988=CARTESIAN_POINT('',(-14.16900930107,-34.17951397294,-2.5));
#5989=CARTESIAN_POINT('',(-14.16900930106,-34.17951397294,0.));
#5990=CARTESIAN_POINT('',(-14.16900930106,-34.17951397294,-2.5));
#5991=CARTESIAN_POINT('Origin',(-13.9775362024,-33.71762864898,0.));
#5992=CARTESIAN_POINT('Origin',(-13.9775362024,-33.71762864898,-2.5));
#5993=CARTESIAN_POINT('Origin',(0.,0.,0.));
#5994=CARTESIAN_POINT('',(-19.06542879991,31.70976860016,0.));
#5995=CARTESIAN_POINT('',(-19.06542879991,31.70976860016,-2.5));
#5996=CARTESIAN_POINT('',(-19.06542879991,31.70976860016,0.));
#5997=CARTESIAN_POINT('Origin',(0.,0.,0.));
#5998=CARTESIAN_POINT('',(-34.24908757909,-14.,-2.5));
#5999=CARTESIAN_POINT('Origin',(0.,0.,-2.5));
#6000=CARTESIAN_POINT('',(-34.24908757909,-14.,-8.7));
#6001=CARTESIAN_POINT('',(-34.24908757909,-14.,-8.7));
#6002=CARTESIAN_POINT('',(-34.24908757909,14.,-8.7));
#6003=CARTESIAN_POINT('Origin',(0.,0.,-8.7));
#6004=CARTESIAN_POINT('',(-34.24908757909,14.,-2.5));
#6005=CARTESIAN_POINT('',(-34.24908757909,14.,-2.5));
#6006=CARTESIAN_POINT('Origin',(0.,0.,-2.5));
#6007=CARTESIAN_POINT('Origin',(-18.80778787018,31.28125821367,24.01112000268));
#6008=CARTESIAN_POINT('',(-18.33456949079,31.44270283391,-2.5));
#6009=CARTESIAN_POINT('',(-18.33456949107,31.44270283476,0.));
#6010=CARTESIAN_POINT('',(-18.33456949079,31.44270283391,-2.5));
#6011=CARTESIAN_POINT('Origin',(-18.80778787018,31.28125821367,0.));
#6012=CARTESIAN_POINT('Origin',(-18.80778787018,31.28125821367,-2.5));
#6013=CARTESIAN_POINT('Origin',(-16.06312127195,32.21763701767,0.));
#6014=CARTESIAN_POINT('',(-15.72500760614,34.59370081079,-2.5));
#6015=CARTESIAN_POINT('',(-14.0772396518937,33.565329189908,-2.5));
#6016=CARTESIAN_POINT('Origin',(-16.06312127195,32.21763701767,-2.5));
#6017=CARTESIAN_POINT('',(-14.07723965318,33.5653291918,0.));
#6018=CARTESIAN_POINT('',(-14.07723965297,33.5653291915,0.));
#6019=CARTESIAN_POINT('Origin',(-16.06312127195,32.21763701767,0.));
#6020=CARTESIAN_POINT('',(-18.1642120749,33.37755832439,-2.5));
#6021=CARTESIAN_POINT('Origin',(-16.06312127195,32.21763701767,-2.5));
#6022=CARTESIAN_POINT('',(-18.16421207489,33.37755832439,-8.));
#6023=CARTESIAN_POINT('',(-18.1642120749,33.37755832439,-8.));
#6024=CARTESIAN_POINT('',(-15.72500760614,34.59370081079,-8.));
#6025=CARTESIAN_POINT('Origin',(-16.06312127195,32.21763701767,-8.));
#6026=CARTESIAN_POINT('',(-15.72500760614,34.59370081079,-8.));
#6027=CARTESIAN_POINT('Origin',(0.,0.,-2.5));
#6028=CARTESIAN_POINT('Origin',(-13.66351431587,33.84609839465,-2.5));
#6029=CARTESIAN_POINT('Origin',(0.,0.,-2.5));
#6030=CARTESIAN_POINT('Origin',(0.,0.,0.));
#6031=CARTESIAN_POINT('Origin',(0.,0.,-8.));
#6032=CARTESIAN_POINT('',(-35.32704346531,14.,-2.5));
#6033=CARTESIAN_POINT('Origin',(0.,0.,-2.5));
#6034=CARTESIAN_POINT('',(-35.32704346531,14.,-2.));
#6035=CARTESIAN_POINT('Origin',(-35.67,14.,0.));
#6036=CARTESIAN_POINT('',(-35.67,14.,-8.7));
#6037=CARTESIAN_POINT('',(-34.24908757909,14.,-8.7));
#6038=CARTESIAN_POINT('',(-35.67,14.,-8.7));
#6039=CARTESIAN_POINT('',(-35.32704346531,14.,-2.5));
#6040=CARTESIAN_POINT('Origin',(0.,0.,-2.5));
#6041=CARTESIAN_POINT('Origin',(-32.1571275219,9.135873464578,0.));
#6042=CARTESIAN_POINT('',(-38.,10.50000000001,-8.7));
#6043=CARTESIAN_POINT('Origin',(-32.1571275219,9.135873464578,-8.7));
#6044=CARTESIAN_POINT('',(-38.,10.5,-2.));
#6045=CARTESIAN_POINT('Origin',(-38.,-10.5,0.));
#6046=CARTESIAN_POINT('',(-38.,-10.5,-8.7));
#6047=CARTESIAN_POINT('',(-38.,10.5,-8.7));
#6048=CARTESIAN_POINT('',(-38.,-10.5,-8.7));
#6049=CARTESIAN_POINT('Origin',(-32.1571275219,-9.135873464578,0.));
#6050=CARTESIAN_POINT('',(-35.67,-14.,-8.7));
#6051=CARTESIAN_POINT('Origin',(-32.1571275219,-9.135873464578,-8.7));
#6052=CARTESIAN_POINT('',(-35.67,-14.,-2.));
#6053=CARTESIAN_POINT('Origin',(-34.24908757909,-14.,0.));
#6054=CARTESIAN_POINT('',(-35.32704346531,-14.,-2.5));
#6055=CARTESIAN_POINT('',(-35.32704346531,-14.,-2.5));
#6056=CARTESIAN_POINT('',(-35.32704346531,-14.,-2.5));
#6057=CARTESIAN_POINT('',(-35.67,-14.,-8.7));
#6058=CARTESIAN_POINT('Origin',(0.,0.,-8.7));
#6059=CARTESIAN_POINT('Origin',(0.,0.,0.));
#6060=CARTESIAN_POINT('Origin',(0.,0.,-8.));
#6061=CARTESIAN_POINT('',(35.32704346531,-14.,-2.5));
#6062=CARTESIAN_POINT('Origin',(0.,0.,-2.5));
#6063=CARTESIAN_POINT('',(35.32704346531,-14.,-2.));
#6064=CARTESIAN_POINT('Origin',(0.,0.,-2.5));
#6065=CARTESIAN_POINT('Origin',(0.,0.,-8.));
#6066=CARTESIAN_POINT('Origin',(0.,0.,-2.5));
#6067=CARTESIAN_POINT('Origin',(0.,0.,-2.5));
#6068=CARTESIAN_POINT('Origin',(0.,0.,-8.));
#6069=CARTESIAN_POINT('',(-11.1246117975,-33.13803458663,-8.));
#6070=CARTESIAN_POINT('Origin',(-11.1246117975,-34.23803458663,-8.));
#6071=CARTESIAN_POINT('Origin',(-11.1246117975,-34.23803458663,-7.85));
#6072=CARTESIAN_POINT('',(-11.1246117975,-33.43803458663,-7.7));
#6073=CARTESIAN_POINT('',(-11.9246117975,-34.23803458663,-7.7));
#6074=CARTESIAN_POINT('Origin',(-11.1246117975,-34.23803458663,-7.7));
#6075=CARTESIAN_POINT('',(-11.1246117975,-33.2880345866301,-7.85));
#6076=CARTESIAN_POINT('Origin',(-11.1246117975,-34.23803458663,-7.7));
#6077=CARTESIAN_POINT('Origin',(-11.1246117975,-34.23803458663,-1.720277080017));
#6078=CARTESIAN_POINT('',(-11.9246117975,-34.23803458663,-2.5));
#6079=CARTESIAN_POINT('Origin',(-11.1246117975,-34.23803458663,-2.5));
#6080=CARTESIAN_POINT('',(-11.9246117975,-34.23803458663,-1.720277080017));
#6081=CARTESIAN_POINT('Origin',(-11.1246117975,-34.23803458663,-2.303160997449));
#6082=CARTESIAN_POINT('',(-11.1246117975,-34.23803458663,-2.019311504778));
#6083=CARTESIAN_POINT('',(-11.5970166842295,-34.23803458663,-2.303160997449));
#6084=CARTESIAN_POINT('Origin',(0.,0.,-2.5));
#6085=CARTESIAN_POINT('Origin',(35.67,-14.,0.));
#6086=CARTESIAN_POINT('',(34.24908757909,-14.,-2.5));
#6087=CARTESIAN_POINT('',(35.67,-14.,-8.7));
#6088=CARTESIAN_POINT('',(34.24908757909,-14.,-8.7));
#6089=CARTESIAN_POINT('',(35.67,-14.,-8.7));
#6090=CARTESIAN_POINT('Origin',(0.,0.,-2.5));
#6091=CARTESIAN_POINT('Origin',(32.1571275219,-9.135873464578,0.));
#6092=CARTESIAN_POINT('',(38.,-10.50000000001,-8.7));
#6093=CARTESIAN_POINT('Origin',(32.1571275219,-9.135873464578,-8.7));
#6094=CARTESIAN_POINT('',(38.,-10.5,-2.));
#6095=CARTESIAN_POINT('Origin',(38.,10.5,0.));
#6096=CARTESIAN_POINT('',(38.,10.50000000001,-8.7));
#6097=CARTESIAN_POINT('',(38.,-10.5,-8.7));
#6098=CARTESIAN_POINT('',(38.,10.5,-8.7));
#6099=CARTESIAN_POINT('Origin',(32.1571275219,9.135873464578,0.));
#6100=CARTESIAN_POINT('Origin',(32.1571275219,9.135873464578,-8.7));
#6101=CARTESIAN_POINT('Origin',(0.,0.,-8.7));
#6102=CARTESIAN_POINT('Origin',(0.,0.,-8.));
#6103=CARTESIAN_POINT('',(11.1246117975,-33.13803458663,-8.));
#6104=CARTESIAN_POINT('Origin',(11.1246117975,-34.23803458663,-8.));
#6105=CARTESIAN_POINT('Origin',(11.1246117975,-34.23803458663,-7.85));
#6106=CARTESIAN_POINT('',(11.1246117975,-33.43803458663,-7.7));
#6107=CARTESIAN_POINT('',(11.9246117975,-34.23803458663,-7.7));
#6108=CARTESIAN_POINT('Origin',(11.1246117975,-34.23803458663,-7.7));
#6109=CARTESIAN_POINT('',(11.1246117975,-33.2880345866301,-7.85));
#6110=CARTESIAN_POINT('Origin',(11.1246117975,-34.23803458663,-7.7));
#6111=CARTESIAN_POINT('Origin',(11.1246117975,-34.23803458663,-1.720277080017));
#6112=CARTESIAN_POINT('',(11.9246117975,-34.23803458647,-2.5));
#6113=CARTESIAN_POINT('',(11.9246117975,-34.23803458663,-1.720277080017));
#6114=CARTESIAN_POINT('',(10.3246117974995,-34.23803458663,-2.49999999999944));
#6115=CARTESIAN_POINT('Origin',(11.1246117975,-34.23803458663,-2.5));
#6116=CARTESIAN_POINT('Origin',(11.1246117975,-34.23803458663,-2.5));
#6117=CARTESIAN_POINT('Origin',(11.1246117975,-34.23803458663,-2.303160997449));
#6118=CARTESIAN_POINT('',(11.1246117975,-34.23803458663,-2.019311504778));
#6119=CARTESIAN_POINT('',(10.6522069107705,-34.23803458663,-2.303160997449));
#6120=CARTESIAN_POINT('Origin',(0.,0.,-8.));
#6121=CARTESIAN_POINT('',(-16.06312127195,33.31763701767,-8.));
#6122=CARTESIAN_POINT('Origin',(-16.06312127195,32.21763701767,-8.));
#6123=CARTESIAN_POINT('Origin',(-16.06312127195,32.21763701767,-7.85));
#6124=CARTESIAN_POINT('',(-16.06312127195,33.01763701767,-7.7));
#6125=CARTESIAN_POINT('',(-16.86312127195,32.21763701767,-7.7));
#6126=CARTESIAN_POINT('Origin',(-16.06312127195,32.21763701767,-7.7));
#6127=CARTESIAN_POINT('',(-16.06312127195,33.16763701767,-7.85));
#6128=CARTESIAN_POINT('Origin',(-16.06312127195,32.21763701767,-7.7));
#6129=CARTESIAN_POINT('Origin',(-16.06312127195,32.21763701767,-1.720277080017));
#6130=CARTESIAN_POINT('',(-16.86312127195,32.21763701767,-2.5));
#6131=CARTESIAN_POINT('Origin',(-16.06312127195,32.21763701767,-2.5));
#6132=CARTESIAN_POINT('',(-16.86312127195,32.21763701767,-1.720277080017));
#6133=CARTESIAN_POINT('Origin',(-16.06312127195,32.21763701767,-2.303160997449));
#6134=CARTESIAN_POINT('',(-16.06312127195,32.21763701767,-2.019311504778));
#6135=CARTESIAN_POINT('',(-16.5355261586795,32.21763701767,-2.303160997449));
#6136=CARTESIAN_POINT('Origin',(-13.66351431587,33.84609839465,-27.21112000337));
#6137=CARTESIAN_POINT('Origin',(-13.66351431587,33.84609839465,0.));
#6138=CARTESIAN_POINT('Origin',(0.,0.,0.));
#6139=CARTESIAN_POINT('Origin',(18.80778787018,31.28125821367,0.));
#6140=CARTESIAN_POINT('',(-4.240583074332,19.95037481325,0.));
#6141=CARTESIAN_POINT('',(-4.240583074334,19.95037481326,0.));
#6142=CARTESIAN_POINT('',(0.4953561366235,15.99233010846,0.));
#6143=CARTESIAN_POINT('Origin',(0.6501549293337,20.98993326735,0.));
#6144=CARTESIAN_POINT('',(-11.06907889229,11.55315941534,0.));
#6145=CARTESIAN_POINT('Origin',(0.,0.,0.));
#6146=CARTESIAN_POINT('',(-10.19803902719,17.66352173265,0.));
#6147=CARTESIAN_POINT('Origin',(-14.52816604611,15.16352173266,0.));
#6148=CARTESIAN_POINT('',(-13.520817283,23.418742494,0.));
#6149=CARTESIAN_POINT('',(-13.52081728299,23.41874249399,0.));
#6150=CARTESIAN_POINT('',(-21.09657053864,24.72215022016,0.));
#6151=CARTESIAN_POINT('Origin',(-17.85094430191,20.91874249399,0.));
#6152=CARTESIAN_POINT('',(-28.56813557398,15.49553580315,0.));
#6153=CARTESIAN_POINT('Origin',(0.,0.,0.));
#6154=CARTESIAN_POINT('',(-25.71812276525,8.356324636567,0.));
#6155=CARTESIAN_POINT('Origin',(-24.17303779337,13.11160721804,0.));
#6156=CARTESIAN_POINT('',(-19.39782294042,6.302734737378,0.));
#6157=CARTESIAN_POINT('',(-19.39782294046,6.302734737392,0.));
#6158=CARTESIAN_POINT('',(-13.60208607132,8.425156052469,0.));
#6159=CARTESIAN_POINT('Origin',(-17.8527379686,11.05801731887,0.));
#6160=CARTESIAN_POINT('',(-13.60208607132,-8.425156052464,0.));
#6161=CARTESIAN_POINT('Origin',(0.,0.,0.));
#6162=CARTESIAN_POINT('',(-19.39782294046,-6.302734737394,0.));
#6163=CARTESIAN_POINT('Origin',(-17.8527379686,-11.05801731887,0.));
#6164=CARTESIAN_POINT('',(-25.71812276524,-8.356324636562,0.));
#6165=CARTESIAN_POINT('',(-25.71812276524,-8.356324636565,0.));
#6166=CARTESIAN_POINT('',(-28.56813557398,-15.49553580315,0.));
#6167=CARTESIAN_POINT('Origin',(-24.17303779337,-13.11160721804,0.));
#6168=CARTESIAN_POINT('',(-21.09657053864,-24.72215022015,0.));
#6169=CARTESIAN_POINT('Origin',(0.,1.035701655455E-14,0.));
#6170=CARTESIAN_POINT('',(-13.52081728299,-23.41874249399,0.));
#6171=CARTESIAN_POINT('Origin',(-17.85094430191,-20.91874249399,0.));
#6172=CARTESIAN_POINT('',(-10.19803902718,-17.66352173265,0.));
#6173=CARTESIAN_POINT('',(-10.19803902719,-17.66352173266,0.));
#6174=CARTESIAN_POINT('',(-11.06907889229,-11.55315941534,0.));
#6175=CARTESIAN_POINT('Origin',(-14.52816604611,-15.16352173266,0.));
#6176=CARTESIAN_POINT('',(-6.347904234862,-14.68686868686,0.));
#6177=CARTESIAN_POINT('Origin',(0.,0.,0.));
#6178=CARTESIAN_POINT('',(-5.554416205463,-17.73989898987,0.));
#6179=CARTESIAN_POINT('Origin',(-7.141392264193,-16.52272727273,0.));
#6180=CARTESIAN_POINT('',(5.554416205464,-17.73989898988,0.));
#6181=CARTESIAN_POINT('Origin',(0.,-22.,0.));
#6182=CARTESIAN_POINT('',(6.347904234868,-14.68686868686,0.));
#6183=CARTESIAN_POINT('Origin',(7.141392264193,-16.52272727273,0.));
#6184=CARTESIAN_POINT('',(15.57561227657,-3.660642322037,0.));
#6185=CARTESIAN_POINT('Origin',(0.,0.,0.));
#6186=CARTESIAN_POINT('',(18.17303861429,-9.259625668626,0.));
#6187=CARTESIAN_POINT('Origin',(20.442991113,-4.804593047689,0.));
#6188=CARTESIAN_POINT('',(24.09427282306,-12.27664519041,0.));
#6189=CARTESIAN_POINT('',(24.09427282302,-12.27664519039,0.));
#6190=CARTESIAN_POINT('',(31.15772083475,-9.243723945687,0.));
#6191=CARTESIAN_POINT('Origin',(26.3642253217,-7.821612569442,0.));
#6192=CARTESIAN_POINT('',(31.15772083474,9.243723945686,0.));
#6193=CARTESIAN_POINT('Origin',(0.,0.,0.));
#6194=CARTESIAN_POINT('',(24.09427282301,12.27664519039,0.));
#6195=CARTESIAN_POINT('Origin',(26.3642253217,7.821612569442,0.));
#6196=CARTESIAN_POINT('',(18.17303861431,9.259625668636,0.));
#6197=CARTESIAN_POINT('',(18.1730386143,9.259625668633,0.));
#6198=CARTESIAN_POINT('',(15.57561227657,3.660642322037,0.));
#6199=CARTESIAN_POINT('Origin',(20.442991113,4.804593047689,0.));
#6200=CARTESIAN_POINT('',(5.792723462496,14.91456854512,0.));
#6201=CARTESIAN_POINT('Origin',(0.,0.,0.));
#6202=CARTESIAN_POINT('',(11.69870976596,16.70748903371,0.));
#6203=CARTESIAN_POINT('Origin',(7.602949544519,19.57537121547,0.));
#6204=CARTESIAN_POINT('',(15.5104443875,22.15121023569,1.06581410364E-14));
#6205=CARTESIAN_POINT('',(15.51044438748,22.15121023565,0.));
#6206=CARTESIAN_POINT('',(13.4900812871,29.56801831147,0.));
#6207=CARTESIAN_POINT('Origin',(11.41468416602,25.01909241739,1.06581410364E-14));
#6208=CARTESIAN_POINT('',(6.757129951577,31.78979702385,0.));
#6209=CARTESIAN_POINT('Origin',(0.,0.,0.));
#6210=CARTESIAN_POINT('',(7.588064655103,35.69903744907,-1.06581410364E-14));
#6211=CARTESIAN_POINT('',(7.588064655103,35.69903744907,0.));
#6212=CARTESIAN_POINT('Origin',(7.098990854736,35.80299329448,-1.06581410364E-14));
#6213=CARTESIAN_POINT('',(24.75,24.265,0.));
#6214=CARTESIAN_POINT('Origin',(24.75,21.265,0.));
#6215=CARTESIAN_POINT('',(24.75,-18.265,0.));
#6216=CARTESIAN_POINT('Origin',(24.75,-21.265,0.));
#6217=CARTESIAN_POINT('',(-30.,1.,0.));
#6218=CARTESIAN_POINT('Origin',(-30.,-2.,0.));
#6219=CARTESIAN_POINT('Origin',(7.098990854736,35.80299329448,-27.21112000337));
#6220=CARTESIAN_POINT('',(7.588064655103,35.69903744907,1.2));
#6221=CARTESIAN_POINT('Origin',(7.692732560257,36.19146122715,0.));
#6222=CARTESIAN_POINT('',(6.757129951577,31.78979702385,0.));
#6223=CARTESIAN_POINT('Origin',(0.,0.,0.));
#6224=CARTESIAN_POINT('',(-0.8645401362164,32.4884990474,1.2));
#6225=CARTESIAN_POINT('',(13.49008128711,29.56801831147,2.5));
#6226=CARTESIAN_POINT('Origin',(-0.7315339614198,27.49026842472,24.01112000268));
#6227=CARTESIAN_POINT('',(-5.622271965089,26.45070997064,1.2));
#6228=CARTESIAN_POINT('Origin',(-3.326587053084,15.65036161174,0.));
#6229=CARTESIAN_POINT('',(-4.240583074335,19.95037481326,2.5));
#6230=CARTESIAN_POINT('Origin',(0.6501549293337,20.98993326735,-27.21112000337));
#6231=CARTESIAN_POINT('',(0.4953561366313,15.99233010846,2.5));
#6232=CARTESIAN_POINT('Origin',(0.,0.,0.));
#6233=CARTESIAN_POINT('',(15.57561227657,-3.660642322046,2.5));
#6234=CARTESIAN_POINT('',(6.347904234874,-14.68686868685,-2.1));
#6235=CARTESIAN_POINT('',(6.347904234848,-14.68686868686,0.));
#6236=CARTESIAN_POINT('',(-6.34790423485,-14.68686868686,-2.1));
#6237=CARTESIAN_POINT('Origin',(0.,0.,-2.1));
#6238=CARTESIAN_POINT('',(-6.34790423485,-14.68686868686,-2.1));
#6239=CARTESIAN_POINT('',(-11.06907889228,-11.55315941535,2.5));
#6240=CARTESIAN_POINT('',(-6.347904234857,-14.68686868686,3.));
#6241=CARTESIAN_POINT('',(-6.347904234846,-14.68686868687,3.));
#6242=CARTESIAN_POINT('',(-1.95943487863577E-15,-16.,3.));
#6243=CARTESIAN_POINT('Origin',(0.,0.,3.));
#6244=CARTESIAN_POINT('',(-1.95943487863577E-15,-16.,5.5));
#6245=CARTESIAN_POINT('',(-1.95943487863577E-15,-16.,0.));
#6246=CARTESIAN_POINT('Origin',(0.,0.,5.5));
#6247=CARTESIAN_POINT('',(6.347904234846,-14.68686868687,3.));
#6248=CARTESIAN_POINT('Origin',(0.,0.,3.));
#6249=CARTESIAN_POINT('',(6.347904234846,-14.68686868687,3.));
#6250=CARTESIAN_POINT('',(-13.60208607131,-8.425156052474,2.5));
#6251=CARTESIAN_POINT('',(-13.60208607131,8.425156052473,2.5));
#6252=CARTESIAN_POINT('',(-11.06907889228,11.55315941535,2.5));
#6253=CARTESIAN_POINT('',(5.792723462493,14.91456854512,2.5));
#6254=CARTESIAN_POINT('',(15.57561227657,3.660642322045,2.5));
#6255=CARTESIAN_POINT('Origin',(20.442991113,-4.804593047689,-27.21112000065));
#6256=CARTESIAN_POINT('',(18.17303861429,-9.259625668626,0.));
#6257=CARTESIAN_POINT('Origin',(28.95771203612,-14.75469124154,0.));
#6258=CARTESIAN_POINT('',(24.09427282302,-12.27664519039,2.5));
#6259=CARTESIAN_POINT('Origin',(26.3642253217,-7.821612569442,-27.21112000065));
#6260=CARTESIAN_POINT('',(31.15772083474,-9.243723945698,2.5));
#6261=CARTESIAN_POINT('Origin',(0.,0.,0.));
#6262=CARTESIAN_POINT('',(31.15772083474,9.243723945698,2.5));
#6263=CARTESIAN_POINT('Origin',(26.3642253217,7.821612569442,-27.21112000065));
#6264=CARTESIAN_POINT('',(24.09427282301,12.27664519039,0.));
#6265=CARTESIAN_POINT('Origin',(14.25610438701,7.263847995833,0.));
#6266=CARTESIAN_POINT('',(18.1730386143,9.259625668633,2.5));
#6267=CARTESIAN_POINT('Origin',(20.442991113,4.804593047689,-27.21112000065));
#6268=CARTESIAN_POINT('Origin',(7.141392264193,-16.52272727273,2.5));
#6269=CARTESIAN_POINT('',(5.554416205463,-17.73989898987,3.));
#6270=CARTESIAN_POINT('Origin',(7.141392264193,-16.52272727273,3.));
#6271=CARTESIAN_POINT('',(5.554416205478,-17.73989898989,3.));
#6272=CARTESIAN_POINT('Origin',(0.,0.,3.));
#6273=CARTESIAN_POINT('',(-5.554416205461,-17.73989898987,3.));
#6274=CARTESIAN_POINT('Origin',(-7.141392264193,-16.52272727273,3.));
#6275=CARTESIAN_POINT('Origin',(0.,-22.,3.));
#6276=CARTESIAN_POINT('',(5.63337527607783E-16,-17.4,3.));
#6277=CARTESIAN_POINT('Origin',(0.,-22.,3.));
#6278=CARTESIAN_POINT('Origin',(0.,-22.,2.5));
#6279=CARTESIAN_POINT('',(-5.554416205477,-17.73989898989,3.));
#6280=CARTESIAN_POINT('Origin',(-7.141392264193,-16.52272727273,2.5));
#6281=CARTESIAN_POINT('Origin',(0.,-22.,1.9));
#6282=CARTESIAN_POINT('',(5.63337527607783E-16,-17.4,1.9));
#6283=CARTESIAN_POINT('',(5.63337527607783E-16,-17.4,1.9));
#6284=CARTESIAN_POINT('Origin',(0.,-22.,1.9));
#6285=CARTESIAN_POINT('Origin',(0.,0.,1.9));
#6286=CARTESIAN_POINT('',(6.73555739531044E-16,-16.5,1.9));
#6287=CARTESIAN_POINT('Origin',(0.,-22.,1.9));
#6288=CARTESIAN_POINT('Origin',(0.,-22.,-2.1));
#6289=CARTESIAN_POINT('',(6.73555739531044E-16,-16.5,0.5));
#6290=CARTESIAN_POINT('',(6.73555739531044E-16,-16.5,-2.1));
#6291=CARTESIAN_POINT('Origin',(0.,-22.,0.5));
#6292=CARTESIAN_POINT('Origin',(0.,-22.,0.5));
#6293=CARTESIAN_POINT('',(0.,-27.53,0.5));
#6294=CARTESIAN_POINT('Origin',(0.,-22.,0.5));
#6295=CARTESIAN_POINT('Origin',(0.,-22.,-2.23));
#6296=CARTESIAN_POINT('',(0.,-27.53,-0.7));
#6297=CARTESIAN_POINT('Origin',(0.,-22.,-0.7));
#6298=CARTESIAN_POINT('',(6.77229679928486E-16,-27.53,-2.23));
#6299=CARTESIAN_POINT('Origin',(0.,-22.,-0.7));
#6300=CARTESIAN_POINT('',(0.,-16.5,-0.7));
#6301=CARTESIAN_POINT('Origin',(0.,-22.,-0.7));
#6302=CARTESIAN_POINT('Origin',(0.,-22.,-2.1));
#6303=CARTESIAN_POINT('',(-3.462830201105E-8,-16.5,-1.6));
#6304=CARTESIAN_POINT('',(6.73555739531044E-16,-16.5,-2.1));
#6305=CARTESIAN_POINT('Origin',(0.,-22.,-1.6));
#6306=CARTESIAN_POINT('Origin',(0.,-22.,-1.85));
#6307=CARTESIAN_POINT('',(0.,-16.,-2.1));
#6308=CARTESIAN_POINT('',(7.04171909509728E-16,-16.25,-1.85));
#6309=CARTESIAN_POINT('Origin',(0.,-22.,-2.1));
#6310=CARTESIAN_POINT('Origin',(0.,0.,-2.1));
#6311=CARTESIAN_POINT('',(-5.554416205465,-17.73989898988,-2.1));
#6312=CARTESIAN_POINT('',(5.554416205463,-17.73989898987,-2.1));
#6313=CARTESIAN_POINT('Origin',(0.,-22.,-2.1));
#6314=CARTESIAN_POINT('Origin',(-7.141392264193,-16.52272727273,-2.1));
#6315=CARTESIAN_POINT('Origin',(7.141392264193,-16.52272727273,-2.1));
#6316=CARTESIAN_POINT('',(0.,-12.,-2.1));
#6317=CARTESIAN_POINT('Origin',(0.,0.,-2.1));
#6318=CARTESIAN_POINT('Origin',(0.,-22.,0.));
#6319=CARTESIAN_POINT('',(-5.554416205478,-17.73989898989,-2.1));
#6320=CARTESIAN_POINT('',(5.554416205478,-17.73989898989,0.));
#6321=CARTESIAN_POINT('Origin',(-7.141392264193,-16.52272727273,24.01112));
#6322=CARTESIAN_POINT('Origin',(7.141392264193,-16.52272727273,-27.21112));
#6323=CARTESIAN_POINT('Origin',(0.,0.,-2.1));
#6324=CARTESIAN_POINT('',(0.,-12.,-1.));
#6325=CARTESIAN_POINT('Origin',(0.,0.,-1.));
#6326=CARTESIAN_POINT('',(-1.46957615897682E-15,-12.,-2.1));
#6327=CARTESIAN_POINT('Origin',(0.,0.,-1.));
#6328=CARTESIAN_POINT('',(14.,1.71450551880629E-15,-1.));
#6329=CARTESIAN_POINT('Origin',(0.,0.,-1.));
#6330=CARTESIAN_POINT('Origin',(0.,0.,5.5));
#6331=CARTESIAN_POINT('',(14.,1.71450551880629E-15,1.25));
#6332=CARTESIAN_POINT('',(14.,1.71450551880629E-15,5.5));
#6333=CARTESIAN_POINT('Origin',(0.,0.,1.25));
#6334=CARTESIAN_POINT('Origin',(0.,0.,1.25));
#6335=CARTESIAN_POINT('',(1.72675198679777E-15,-14.1,1.25));
#6336=CARTESIAN_POINT('Origin',(0.,0.,1.25));
#6337=CARTESIAN_POINT('Origin',(0.,0.,1.15));
#6338=CARTESIAN_POINT('',(1.72675198679777E-15,-14.1,3.25));
#6339=CARTESIAN_POINT('',(1.72675198679777E-15,-14.1,1.15));
#6340=CARTESIAN_POINT('Origin',(0.,0.,3.25));
#6341=CARTESIAN_POINT('Origin',(0.,0.,3.25));
#6342=CARTESIAN_POINT('',(14.,0.,3.25));
#6343=CARTESIAN_POINT('Origin',(0.,0.,3.25));
#6344=CARTESIAN_POINT('Origin',(0.,0.,5.5));
#6345=CARTESIAN_POINT('',(14.,1.71450551880629E-15,5.000000000002));
#6346=CARTESIAN_POINT('',(14.,1.71450551880629E-15,5.5));
#6347=CARTESIAN_POINT('',(0.,14.,5.000000000002));
#6348=CARTESIAN_POINT('Origin',(0.,4.972066004538E-14,5.000000000002));
#6349=CARTESIAN_POINT('Origin',(0.,4.972066004538E-14,5.000000000002));
#6350=CARTESIAN_POINT('Origin',(0.,4.972066004538E-14,5.250000000002));
#6351=CARTESIAN_POINT('',(0.,14.5,5.500000000002));
#6352=CARTESIAN_POINT('',(-1.74512168878498E-15,14.25,5.250000000002));
#6353=CARTESIAN_POINT('Origin',(0.,4.972066004538E-14,5.500000000002));
#6354=CARTESIAN_POINT('Origin',(0.,0.,5.5));
#6355=CARTESIAN_POINT('Origin',(-17.8527379686,11.05801731887,-27.21112000065));
#6356=CARTESIAN_POINT('',(-19.39782294045,6.302734737391,2.5));
#6357=CARTESIAN_POINT('Origin',(-15.21690426072,4.944271909999,0.));
#6358=CARTESIAN_POINT('',(-25.71812276525,8.356324636567,0.));
#6359=CARTESIAN_POINT('Origin',(-24.17303779337,13.11160721804,-27.21112000065));
#6360=CARTESIAN_POINT('',(-28.56813557398,15.49553580314,2.5));
#6361=CARTESIAN_POINT('Origin',(0.,0.,0.));
#6362=CARTESIAN_POINT('',(-21.09657053863,24.72215022017,2.5));
#6363=CARTESIAN_POINT('Origin',(-17.85094430191,20.91874249399,-27.21112000065));
#6364=CARTESIAN_POINT('',(-13.52081728299,23.41874249399,2.5));
#6365=CARTESIAN_POINT('Origin',(-16.25,28.14582562299,0.));
#6366=CARTESIAN_POINT('',(-10.19803902719,17.66352173265,0.));
#6367=CARTESIAN_POINT('Origin',(-14.52816604611,15.16352173266,-27.21112000065));
#6368=CARTESIAN_POINT('Origin',(-17.8527379686,-11.05801731887,-27.21112000065));
#6369=CARTESIAN_POINT('',(-19.39782294046,-6.302734737394,0.));
#6370=CARTESIAN_POINT('Origin',(-30.90933677959,-10.04305231719,0.));
#6371=CARTESIAN_POINT('',(-25.71812276524,-8.356324636566,2.5));
#6372=CARTESIAN_POINT('Origin',(-24.17303779337,-13.11160721804,-27.21112000065));
#6373=CARTESIAN_POINT('',(-28.56813557398,-15.49553580314,2.5));
#6374=CARTESIAN_POINT('Origin',(0.,1.035701655455E-14,0.));
#6375=CARTESIAN_POINT('',(-21.09657053863,-24.72215022017,2.5));
#6376=CARTESIAN_POINT('Origin',(-17.85094430191,-20.91874249399,-27.21112000065));
#6377=CARTESIAN_POINT('',(-13.52081728299,-23.41874249399,0.));
#6378=CARTESIAN_POINT('Origin',(-8.,-13.85640646055,0.));
#6379=CARTESIAN_POINT('',(-10.19803902719,-17.66352173266,2.5));
#6380=CARTESIAN_POINT('Origin',(-14.52816604611,-15.16352173266,-27.21112000065));
#6381=CARTESIAN_POINT('Origin',(7.602949544519,19.57537121547,-27.21112000337));
#6382=CARTESIAN_POINT('',(11.69870976596,16.70748903371,0.));
#6383=CARTESIAN_POINT('Origin',(18.64123418141,26.62244143939,0.));
#6384=CARTESIAN_POINT('',(15.51044438748,22.15121023565,2.5));
#6385=CARTESIAN_POINT('Origin',(11.41468416602,25.01909241739,-27.21112000337));
#6386=CARTESIAN_POINT('Origin',(18.80778787018,31.28125821367,-27.21112000337));
#6387=CARTESIAN_POINT('Origin',(24.75,21.265,0.));
#6388=CARTESIAN_POINT('',(24.75,24.265,-8.7));
#6389=CARTESIAN_POINT('Origin',(24.75,21.265,-8.7));
#6390=CARTESIAN_POINT('',(24.75,24.265,0.));
#6391=CARTESIAN_POINT('Origin',(0.,0.,-8.7));
#6392=CARTESIAN_POINT('',(24.75,23.015,-8.7));
#6393=CARTESIAN_POINT('Origin',(24.75,21.265,-8.7));
#6394=CARTESIAN_POINT('Origin',(24.75,21.265,-8.45));
#6395=CARTESIAN_POINT('',(24.75,22.515,-8.2));
#6396=CARTESIAN_POINT('',(23.5,21.265,-8.2));
#6397=CARTESIAN_POINT('Origin',(24.75,21.265,-8.2));
#6398=CARTESIAN_POINT('',(24.75,22.765,-8.45));
#6399=CARTESIAN_POINT('Origin',(24.75,21.265,-8.2));
#6400=CARTESIAN_POINT('Origin',(24.75,21.265,-1.611370437526));
#6401=CARTESIAN_POINT('',(23.5,21.265,-2.7));
#6402=CARTESIAN_POINT('Origin',(24.75,21.265,-2.7));
#6403=CARTESIAN_POINT('',(23.5,21.265,-1.611370437526));
#6404=CARTESIAN_POINT('Origin',(24.75,21.265,-2.367967358168));
#6405=CARTESIAN_POINT('',(24.75,21.265,-1.948924226215));
#6406=CARTESIAN_POINT('',(24.0525951132705,21.265,-2.367967358168));
#6407=CARTESIAN_POINT('Origin',(24.75,-21.265,0.));
#6408=CARTESIAN_POINT('',(24.75,-18.265,-8.7));
#6409=CARTESIAN_POINT('Origin',(24.75,-21.265,-8.7));
#6410=CARTESIAN_POINT('',(24.75,-18.265,0.));
#6411=CARTESIAN_POINT('Origin',(0.,0.,-8.7));
#6412=CARTESIAN_POINT('',(24.75,-19.515,-8.7));
#6413=CARTESIAN_POINT('Origin',(24.75,-21.265,-8.7));
#6414=CARTESIAN_POINT('Origin',(24.75,-21.265,-8.45));
#6415=CARTESIAN_POINT('',(24.75,-20.015,-8.2));
#6416=CARTESIAN_POINT('',(23.5,-21.265,-8.2));
#6417=CARTESIAN_POINT('Origin',(24.75,-21.265,-8.2));
#6418=CARTESIAN_POINT('',(24.75,-19.765,-8.45));
#6419=CARTESIAN_POINT('Origin',(24.75,-21.265,-8.2));
#6420=CARTESIAN_POINT('Origin',(24.75,-21.265,-1.611370437526));
#6421=CARTESIAN_POINT('',(23.5,-21.26500000594,-2.7));
#6422=CARTESIAN_POINT('',(23.5,-21.265,-1.611370437526));
#6423=CARTESIAN_POINT('',(26.0000000000003,-21.265,-2.6999999999995));
#6424=CARTESIAN_POINT('Origin',(24.75,-21.265,-2.7));
#6425=CARTESIAN_POINT('Origin',(24.75,-21.265,-2.7));
#6426=CARTESIAN_POINT('Origin',(24.75,-21.265,-2.367967358168));
#6427=CARTESIAN_POINT('',(24.75,-21.265,-1.948924226215));
#6428=CARTESIAN_POINT('',(25.4474048867295,-21.265,-2.367967358168));
#6429=CARTESIAN_POINT('Origin',(-30.,-2.,0.));
#6430=CARTESIAN_POINT('',(-30.,1.,-8.7));
#6431=CARTESIAN_POINT('Origin',(-30.,-2.,-8.7));
#6432=CARTESIAN_POINT('',(-30.,1.,0.));
#6433=CARTESIAN_POINT('Origin',(0.,0.,-8.7));
#6434=CARTESIAN_POINT('',(-30.,-0.25,-8.7));
#6435=CARTESIAN_POINT('Origin',(-30.,-2.,-8.7));
#6436=CARTESIAN_POINT('Origin',(-30.,-2.,-8.45));
#6437=CARTESIAN_POINT('',(-30.,-0.75,-8.2));
#6438=CARTESIAN_POINT('',(-31.25,-2.,-8.2));
#6439=CARTESIAN_POINT('Origin',(-30.,-2.,-8.2));
#6440=CARTESIAN_POINT('',(-30.,-0.5,-8.45));
#6441=CARTESIAN_POINT('Origin',(-30.,-2.,-8.2));
#6442=CARTESIAN_POINT('Origin',(-30.,-2.,-1.611370437526));
#6443=CARTESIAN_POINT('',(-31.25,-2.,-2.7));
#6444=CARTESIAN_POINT('Origin',(-30.,-2.,-2.7));
#6445=CARTESIAN_POINT('',(-31.25,-2.,-1.611370437526));
#6446=CARTESIAN_POINT('Origin',(-30.,-2.,-2.367967358168));
#6447=CARTESIAN_POINT('',(-30.,-2.,-1.948924226215));
#6448=CARTESIAN_POINT('',(-30.6974048867295,-2.,-2.367967358168));
#6449=CARTESIAN_POINT('Origin',(0.,0.,-8.));
#6450=CARTESIAN_POINT('',(16.06312127195,33.31763701767,-8.));
#6451=CARTESIAN_POINT('Origin',(16.06312127195,32.21763701767,-8.));
#6452=CARTESIAN_POINT('Origin',(16.06312127195,32.21763701767,-7.85));
#6453=CARTESIAN_POINT('',(16.06312127195,33.01763701767,-7.7));
#6454=CARTESIAN_POINT('',(16.86312127195,32.21763701767,-7.7));
#6455=CARTESIAN_POINT('Origin',(16.06312127195,32.21763701767,-7.7));
#6456=CARTESIAN_POINT('',(16.06312127195,33.16763701767,-7.85));
#6457=CARTESIAN_POINT('Origin',(16.06312127195,32.21763701767,-7.7));
#6458=CARTESIAN_POINT('Origin',(16.06312127195,32.21763701767,-1.720277080017));
#6459=CARTESIAN_POINT('',(16.86312127195,32.21763701783,-2.5));
#6460=CARTESIAN_POINT('',(16.86312127195,32.21763701767,-1.720277080017));
#6461=CARTESIAN_POINT('',(15.2631212719495,32.21763701767,-2.49999999999944));
#6462=CARTESIAN_POINT('Origin',(16.06312127195,32.21763701767,-2.5));
#6463=CARTESIAN_POINT('Origin',(16.06312127195,32.21763701767,-2.5));
#6464=CARTESIAN_POINT('Origin',(16.06312127195,32.21763701767,-2.303160997449));
#6465=CARTESIAN_POINT('',(16.06312127195,32.21763701767,-2.019311504778));
#6466=CARTESIAN_POINT('',(15.5907163852205,32.21763701767,-2.303160997449));
#6467=UNCERTAINTY_MEASURE_WITH_UNIT(LENGTH_MEASURE(0.01),#6471,
'DISTANCE_ACCURACY_VALUE',
'Maximum model space distance between geometric entities at asserted c
onnectivities');
#6468=UNCERTAINTY_MEASURE_WITH_UNIT(LENGTH_MEASURE(0.01),#6471,
'DISTANCE_ACCURACY_VALUE',
'Maximum model space distance between geometric entities at asserted c
onnectivities');
#6469=(
GEOMETRIC_REPRESENTATION_CONTEXT(3)
GLOBAL_UNCERTAINTY_ASSIGNED_CONTEXT((#6467))
GLOBAL_UNIT_ASSIGNED_CONTEXT((#6471,#6473,#6474))
REPRESENTATION_CONTEXT('','3D')
);
#6470=(
GEOMETRIC_REPRESENTATION_CONTEXT(3)
GLOBAL_UNCERTAINTY_ASSIGNED_CONTEXT((#6468))
GLOBAL_UNIT_ASSIGNED_CONTEXT((#6471,#6473,#6474))
REPRESENTATION_CONTEXT('','3D')
);
#6471=(
LENGTH_UNIT()
NAMED_UNIT(*)
SI_UNIT(.MILLI.,.METRE.)
);
#6472=(
LENGTH_UNIT()
NAMED_UNIT(*)
SI_UNIT($,.METRE.)
);
#6473=(
NAMED_UNIT(*)
PLANE_ANGLE_UNIT()
SI_UNIT($,.RADIAN.)
);
#6474=(
NAMED_UNIT(*)
SI_UNIT($,.STERADIAN.)
SOLID_ANGLE_UNIT()
);
#6475=SHAPE_DEFINITION_REPRESENTATION(#6476,#6477);
#6476=PRODUCT_DEFINITION_SHAPE('',$,#6479);
#6477=SHAPE_REPRESENTATION('',(#3598),#6469);
#6478=PRODUCT_DEFINITION_CONTEXT('part definition',#6483,'design');
#6479=PRODUCT_DEFINITION('2026-09-19-17-00-39-594','1_1_31_QT-942_1',#6480,
#6478);
#6480=PRODUCT_DEFINITION_FORMATION('',$,#6485);
#6481=PRODUCT_RELATED_PRODUCT_CATEGORY('1_1_31_QT-942_1',
'1_1_31_QT-942_1',(#6485));
#6482=APPLICATION_PROTOCOL_DEFINITION('international standard',
'automotive_design',2009,#6483);
#6483=APPLICATION_CONTEXT(
'Core Data for Automotive Mechanical Design Process');
#6484=PRODUCT_CONTEXT('part definition',#6483,'mechanical');
#6485=PRODUCT('2026-09-19-17-00-39-594','1_1_31_QT-942_1',
'NOT SPECIFIED',(#6484));
#6486=PRESENTATION_STYLE_ASSIGNMENT((#6488));
#6487=PRESENTATION_STYLE_ASSIGNMENT((#6489));
#6488=SURFACE_STYLE_USAGE(.BOTH.,#6490);
#6489=SURFACE_STYLE_USAGE(.BOTH.,#6491);
#6490=SURFACE_SIDE_STYLE('',(#6492));
#6491=SURFACE_SIDE_STYLE('',(#6493));
#6492=SURFACE_STYLE_FILL_AREA(#6494);
#6493=SURFACE_STYLE_FILL_AREA(#6495);
#6494=FILL_AREA_STYLE('Steel - Satin',(#6496));
#6495=FILL_AREA_STYLE('Aluminum - Satin',(#6497));
#6496=FILL_AREA_STYLE_COLOUR('Steel - Satin',#6498);
#6497=FILL_AREA_STYLE_COLOUR('Aluminum - Satin',#6499);
#6498=COLOUR_RGB('Steel - Satin',0.627450980392157,0.627450980392157,0.627450980392157);
#6499=COLOUR_RGB('Aluminum - Satin',0.96078431372549,0.96078431372549,0.964705882352941);
ENDSEC;
END-ISO-10303-21;
