ISO-10303-21;
HEADER;
/* Generated by software containing ST-Developer
 * from STEP Tools, Inc. (www.steptools.com) 
 */

FILE_DESCRIPTION(
/* description */ (''),
/* implementation_level */ '2;1');

FILE_NAME(
/* name */ 'Board.step',
/* time_stamp */ '2026-09-19T16:56:23-04:00',
/* author */ (''),
/* organization */ (''),
/* preprocessor_version */ 'ST-DEVELOPER v20.2',
/* originating_system */ 'Autodesk Translation Framework v15.15.0.0',
/* authorisation */ '');

FILE_SCHEMA (('AUTOMOTIVE_DESIGN { 1 0 10303 214 3 1 1 }'));
ENDSEC;

DATA;
#10=MECHANICAL_DESIGN_GEOMETRIC_PRESENTATION_REPRESENTATION('',(#13),#3116);
#11=SHAPE_REPRESENTATION_RELATIONSHIP('SRR','None',#3123,#12);
#12=ADVANCED_BREP_SHAPE_REPRESENTATION('',(#14),#3115);
#13=STYLED_ITEM('',(#3133),#14);
#14=MANIFOLD_SOLID_BREP('Body1',#1896);
#15=FACE_BOUND('',#363,.T.);
#16=FACE_BOUND('',#364,.T.);
#17=FACE_BOUND('',#365,.T.);
#18=FACE_BOUND('',#366,.T.);
#19=FACE_BOUND('',#367,.T.);
#20=FACE_BOUND('',#368,.T.);
#21=FACE_BOUND('',#369,.T.);
#22=FACE_BOUND('',#370,.T.);
#23=FACE_BOUND('',#371,.T.);
#24=FACE_BOUND('',#372,.T.);
#25=FACE_BOUND('',#373,.T.);
#26=FACE_BOUND('',#374,.T.);
#27=FACE_BOUND('',#375,.T.);
#28=FACE_BOUND('',#376,.T.);
#29=FACE_BOUND('',#377,.T.);
#30=FACE_BOUND('',#378,.T.);
#31=FACE_BOUND('',#379,.T.);
#32=FACE_BOUND('',#380,.T.);
#33=FACE_BOUND('',#381,.T.);
#34=FACE_BOUND('',#382,.T.);
#35=FACE_BOUND('',#383,.T.);
#36=FACE_BOUND('',#384,.T.);
#37=FACE_BOUND('',#385,.T.);
#38=FACE_BOUND('',#386,.T.);
#39=FACE_BOUND('',#387,.T.);
#40=FACE_BOUND('',#388,.T.);
#41=FACE_BOUND('',#389,.T.);
#42=FACE_BOUND('',#390,.T.);
#43=FACE_BOUND('',#391,.T.);
#44=FACE_BOUND('',#392,.T.);
#45=FACE_BOUND('',#394,.T.);
#46=FACE_BOUND('',#395,.T.);
#47=FACE_BOUND('',#396,.T.);
#48=FACE_BOUND('',#397,.T.);
#49=FACE_BOUND('',#398,.T.);
#50=FACE_BOUND('',#399,.T.);
#51=FACE_BOUND('',#400,.T.);
#52=FACE_BOUND('',#401,.T.);
#53=FACE_BOUND('',#402,.T.);
#54=FACE_BOUND('',#403,.T.);
#55=FACE_BOUND('',#404,.T.);
#56=FACE_BOUND('',#405,.T.);
#57=FACE_BOUND('',#406,.T.);
#58=FACE_BOUND('',#407,.T.);
#59=FACE_BOUND('',#408,.T.);
#60=FACE_BOUND('',#409,.T.);
#61=FACE_BOUND('',#410,.T.);
#62=FACE_BOUND('',#411,.T.);
#63=FACE_BOUND('',#412,.T.);
#64=FACE_BOUND('',#413,.T.);
#65=FACE_BOUND('',#414,.T.);
#66=FACE_BOUND('',#415,.T.);
#67=FACE_BOUND('',#416,.T.);
#68=FACE_BOUND('',#417,.T.);
#69=FACE_BOUND('',#418,.T.);
#70=FACE_BOUND('',#419,.T.);
#71=FACE_BOUND('',#420,.T.);
#72=FACE_BOUND('',#421,.T.);
#73=FACE_BOUND('',#422,.T.);
#74=FACE_BOUND('',#423,.T.);
#75=CIRCLE('',#1947,1.25000004);
#76=CIRCLE('',#1948,1.25000004);
#77=CIRCLE('',#1951,0.499999);
#78=CIRCLE('',#1952,0.499999);
#79=CIRCLE('',#1955,0.499999);
#80=CIRCLE('',#1956,0.499999);
#81=CIRCLE('',#1959,0.499999);
#82=CIRCLE('',#1960,0.499999);
#83=CIRCLE('',#1963,0.499999);
#84=CIRCLE('',#1964,0.499999);
#85=CIRCLE('',#1966,0.4445);
#86=CIRCLE('',#1967,0.4445);
#87=CIRCLE('',#1970,0.2499995);
#88=CIRCLE('',#1971,0.2499995);
#89=CIRCLE('',#1974,0.2499995);
#90=CIRCLE('',#1975,0.2499995);
#91=CIRCLE('',#1977,0.4445);
#92=CIRCLE('',#1978,0.4445);
#93=CIRCLE('',#1981,0.2499995);
#94=CIRCLE('',#1982,0.2499995);
#95=CIRCLE('',#1985,0.2499995);
#96=CIRCLE('',#1986,0.2499995);
#97=CIRCLE('',#1989,0.499999);
#98=CIRCLE('',#1990,0.499999);
#99=CIRCLE('',#1993,0.499999);
#100=CIRCLE('',#1994,0.499999);
#101=CIRCLE('',#1996,0.499999);
#102=CIRCLE('',#1997,0.499999);
#103=CIRCLE('',#1999,1.25000004);
#104=CIRCLE('',#2000,1.25000004);
#105=CIRCLE('',#2002,0.499999);
#106=CIRCLE('',#2003,0.499999);
#107=CIRCLE('',#2005,0.499999);
#108=CIRCLE('',#2006,0.499999);
#109=CIRCLE('',#2008,0.499999);
#110=CIRCLE('',#2009,0.499999);
#111=CIRCLE('',#2011,0.499999);
#112=CIRCLE('',#2012,0.499999);
#113=CIRCLE('',#2014,0.499999);
#114=CIRCLE('',#2015,0.499999);
#115=CIRCLE('',#2017,0.381);
#116=CIRCLE('',#2018,0.381);
#117=CIRCLE('',#2020,0.4445);
#118=CIRCLE('',#2021,0.4445);
#119=CIRCLE('',#2023,0.381);
#120=CIRCLE('',#2024,0.381);
#121=CIRCLE('',#2027,0.2499995);
#122=CIRCLE('',#2028,0.2499995);
#123=CIRCLE('',#2031,0.2499995);
#124=CIRCLE('',#2032,0.2499995);
#125=CIRCLE('',#2034,1.25000004);
#126=CIRCLE('',#2035,1.25000004);
#127=CIRCLE('',#2038,0.2499995);
#128=CIRCLE('',#2039,0.2499995);
#129=CIRCLE('',#2042,0.2499995);
#130=CIRCLE('',#2043,0.2499995);
#131=CIRCLE('',#2045,0.4445);
#132=CIRCLE('',#2046,0.4445);
#133=CIRCLE('',#2048,0.4445);
#134=CIRCLE('',#2049,0.4445);
#135=CIRCLE('',#2051,0.4445);
#136=CIRCLE('',#2052,0.4445);
#137=CIRCLE('',#2054,0.4445);
#138=CIRCLE('',#2055,0.4445);
#139=CIRCLE('',#2057,0.4445);
#140=CIRCLE('',#2058,0.4445);
#141=CIRCLE('',#2060,0.4445);
#142=CIRCLE('',#2061,0.4445);
#143=CIRCLE('',#2063,0.4445);
#144=CIRCLE('',#2064,0.4445);
#145=CIRCLE('',#2066,0.4445);
#146=CIRCLE('',#2067,0.4445);
#147=CIRCLE('',#2069,1.25000004);
#148=CIRCLE('',#2070,1.25000004);
#149=CYLINDRICAL_SURFACE('',#1946,1.25000004);
#150=CYLINDRICAL_SURFACE('',#1950,0.499999);
#151=CYLINDRICAL_SURFACE('',#1954,0.499999);
#152=CYLINDRICAL_SURFACE('',#1958,0.499999);
#153=CYLINDRICAL_SURFACE('',#1962,0.499999);
#154=CYLINDRICAL_SURFACE('',#1965,0.4445);
#155=CYLINDRICAL_SURFACE('',#1969,0.2499995);
#156=CYLINDRICAL_SURFACE('',#1973,0.2499995);
#157=CYLINDRICAL_SURFACE('',#1976,0.4445);
#158=CYLINDRICAL_SURFACE('',#1980,0.2499995);
#159=CYLINDRICAL_SURFACE('',#1984,0.2499995);
#160=CYLINDRICAL_SURFACE('',#1988,0.499999);
#161=CYLINDRICAL_SURFACE('',#1992,0.499999);
#162=CYLINDRICAL_SURFACE('',#1995,0.499999);
#163=CYLINDRICAL_SURFACE('',#1998,1.25000004);
#164=CYLINDRICAL_SURFACE('',#2001,0.499999);
#165=CYLINDRICAL_SURFACE('',#2004,0.499999);
#166=CYLINDRICAL_SURFACE('',#2007,0.499999);
#167=CYLINDRICAL_SURFACE('',#2010,0.499999);
#168=CYLINDRICAL_SURFACE('',#2013,0.499999);
#169=CYLINDRICAL_SURFACE('',#2016,0.381);
#170=CYLINDRICAL_SURFACE('',#2019,0.4445);
#171=CYLINDRICAL_SURFACE('',#2022,0.381);
#172=CYLINDRICAL_SURFACE('',#2026,0.2499995);
#173=CYLINDRICAL_SURFACE('',#2030,0.2499995);
#174=CYLINDRICAL_SURFACE('',#2033,1.25000004);
#175=CYLINDRICAL_SURFACE('',#2037,0.2499995);
#176=CYLINDRICAL_SURFACE('',#2041,0.2499995);
#177=CYLINDRICAL_SURFACE('',#2044,0.4445);
#178=CYLINDRICAL_SURFACE('',#2047,0.4445);
#179=CYLINDRICAL_SURFACE('',#2050,0.4445);
#180=CYLINDRICAL_SURFACE('',#2053,0.4445);
#181=CYLINDRICAL_SURFACE('',#2056,0.4445);
#182=CYLINDRICAL_SURFACE('',#2059,0.4445);
#183=CYLINDRICAL_SURFACE('',#2062,0.4445);
#184=CYLINDRICAL_SURFACE('',#2065,0.4445);
#185=CYLINDRICAL_SURFACE('',#2068,1.25000004);
#186=FACE_OUTER_BOUND('',#275,.T.);
#187=FACE_OUTER_BOUND('',#276,.T.);
#188=FACE_OUTER_BOUND('',#277,.T.);
#189=FACE_OUTER_BOUND('',#278,.T.);
#190=FACE_OUTER_BOUND('',#279,.T.);
#191=FACE_OUTER_BOUND('',#280,.T.);
#192=FACE_OUTER_BOUND('',#281,.T.);
#193=FACE_OUTER_BOUND('',#282,.T.);
#194=FACE_OUTER_BOUND('',#283,.T.);
#195=FACE_OUTER_BOUND('',#284,.T.);
#196=FACE_OUTER_BOUND('',#285,.T.);
#197=FACE_OUTER_BOUND('',#286,.T.);
#198=FACE_OUTER_BOUND('',#287,.T.);
#199=FACE_OUTER_BOUND('',#288,.T.);
#200=FACE_OUTER_BOUND('',#289,.T.);
#201=FACE_OUTER_BOUND('',#290,.T.);
#202=FACE_OUTER_BOUND('',#291,.T.);
#203=FACE_OUTER_BOUND('',#292,.T.);
#204=FACE_OUTER_BOUND('',#293,.T.);
#205=FACE_OUTER_BOUND('',#294,.T.);
#206=FACE_OUTER_BOUND('',#295,.T.);
#207=FACE_OUTER_BOUND('',#296,.T.);
#208=FACE_OUTER_BOUND('',#297,.T.);
#209=FACE_OUTER_BOUND('',#298,.T.);
#210=FACE_OUTER_BOUND('',#299,.T.);
#211=FACE_OUTER_BOUND('',#300,.T.);
#212=FACE_OUTER_BOUND('',#301,.T.);
#213=FACE_OUTER_BOUND('',#302,.T.);
#214=FACE_OUTER_BOUND('',#303,.T.);
#215=FACE_OUTER_BOUND('',#304,.T.);
#216=FACE_OUTER_BOUND('',#305,.T.);
#217=FACE_OUTER_BOUND('',#306,.T.);
#218=FACE_OUTER_BOUND('',#307,.T.);
#219=FACE_OUTER_BOUND('',#308,.T.);
#220=FACE_OUTER_BOUND('',#309,.T.);
#221=FACE_OUTER_BOUND('',#310,.T.);
#222=FACE_OUTER_BOUND('',#311,.T.);
#223=FACE_OUTER_BOUND('',#312,.T.);
#224=FACE_OUTER_BOUND('',#313,.T.);
#225=FACE_OUTER_BOUND('',#314,.T.);
#226=FACE_OUTER_BOUND('',#315,.T.);
#227=FACE_OUTER_BOUND('',#316,.T.);
#228=FACE_OUTER_BOUND('',#317,.T.);
#229=FACE_OUTER_BOUND('',#318,.T.);
#230=FACE_OUTER_BOUND('',#319,.T.);
#231=FACE_OUTER_BOUND('',#320,.T.);
#232=FACE_OUTER_BOUND('',#321,.T.);
#233=FACE_OUTER_BOUND('',#322,.T.);
#234=FACE_OUTER_BOUND('',#323,.T.);
#235=FACE_OUTER_BOUND('',#324,.T.);
#236=FACE_OUTER_BOUND('',#325,.T.);
#237=FACE_OUTER_BOUND('',#326,.T.);
#238=FACE_OUTER_BOUND('',#327,.T.);
#239=FACE_OUTER_BOUND('',#328,.T.);
#240=FACE_OUTER_BOUND('',#329,.T.);
#241=FACE_OUTER_BOUND('',#330,.T.);
#242=FACE_OUTER_BOUND('',#331,.T.);
#243=FACE_OUTER_BOUND('',#332,.T.);
#244=FACE_OUTER_BOUND('',#333,.T.);
#245=FACE_OUTER_BOUND('',#334,.T.);
#246=FACE_OUTER_BOUND('',#335,.T.);
#247=FACE_OUTER_BOUND('',#336,.T.);
#248=FACE_OUTER_BOUND('',#337,.T.);
#249=FACE_OUTER_BOUND('',#338,.T.);
#250=FACE_OUTER_BOUND('',#339,.T.);
#251=FACE_OUTER_BOUND('',#340,.T.);
#252=FACE_OUTER_BOUND('',#341,.T.);
#253=FACE_OUTER_BOUND('',#342,.T.);
#254=FACE_OUTER_BOUND('',#343,.T.);
#255=FACE_OUTER_BOUND('',#344,.T.);
#256=FACE_OUTER_BOUND('',#345,.T.);
#257=FACE_OUTER_BOUND('',#346,.T.);
#258=FACE_OUTER_BOUND('',#347,.T.);
#259=FACE_OUTER_BOUND('',#348,.T.);
#260=FACE_OUTER_BOUND('',#349,.T.);
#261=FACE_OUTER_BOUND('',#350,.T.);
#262=FACE_OUTER_BOUND('',#351,.T.);
#263=FACE_OUTER_BOUND('',#352,.T.);
#264=FACE_OUTER_BOUND('',#353,.T.);
#265=FACE_OUTER_BOUND('',#354,.T.);
#266=FACE_OUTER_BOUND('',#355,.T.);
#267=FACE_OUTER_BOUND('',#356,.T.);
#268=FACE_OUTER_BOUND('',#357,.T.);
#269=FACE_OUTER_BOUND('',#358,.T.);
#270=FACE_OUTER_BOUND('',#359,.T.);
#271=FACE_OUTER_BOUND('',#360,.T.);
#272=FACE_OUTER_BOUND('',#361,.T.);
#273=FACE_OUTER_BOUND('',#362,.T.);
#274=FACE_OUTER_BOUND('',#393,.T.);
#275=EDGE_LOOP('',(#1233,#1234,#1235,#1236));
#276=EDGE_LOOP('',(#1237,#1238,#1239,#1240));
#277=EDGE_LOOP('',(#1241,#1242,#1243,#1244));
#278=EDGE_LOOP('',(#1245,#1246,#1247,#1248));
#279=EDGE_LOOP('',(#1249,#1250,#1251,#1252));
#280=EDGE_LOOP('',(#1253,#1254,#1255,#1256));
#281=EDGE_LOOP('',(#1257,#1258,#1259,#1260));
#282=EDGE_LOOP('',(#1261,#1262,#1263,#1264));
#283=EDGE_LOOP('',(#1265,#1266,#1267,#1268));
#284=EDGE_LOOP('',(#1269,#1270,#1271,#1272));
#285=EDGE_LOOP('',(#1273,#1274,#1275,#1276));
#286=EDGE_LOOP('',(#1277,#1278,#1279,#1280));
#287=EDGE_LOOP('',(#1281,#1282,#1283,#1284));
#288=EDGE_LOOP('',(#1285,#1286,#1287,#1288));
#289=EDGE_LOOP('',(#1289,#1290,#1291,#1292));
#290=EDGE_LOOP('',(#1293,#1294,#1295,#1296));
#291=EDGE_LOOP('',(#1297,#1298,#1299,#1300));
#292=EDGE_LOOP('',(#1301,#1302,#1303,#1304));
#293=EDGE_LOOP('',(#1305,#1306,#1307,#1308));
#294=EDGE_LOOP('',(#1309,#1310,#1311,#1312));
#295=EDGE_LOOP('',(#1313,#1314,#1315,#1316));
#296=EDGE_LOOP('',(#1317,#1318,#1319,#1320));
#297=EDGE_LOOP('',(#1321,#1322,#1323,#1324));
#298=EDGE_LOOP('',(#1325,#1326,#1327,#1328));
#299=EDGE_LOOP('',(#1329,#1330,#1331,#1332));
#300=EDGE_LOOP('',(#1333,#1334,#1335,#1336));
#301=EDGE_LOOP('',(#1337,#1338,#1339,#1340));
#302=EDGE_LOOP('',(#1341,#1342,#1343,#1344));
#303=EDGE_LOOP('',(#1345,#1346,#1347,#1348));
#304=EDGE_LOOP('',(#1349,#1350,#1351,#1352));
#305=EDGE_LOOP('',(#1353,#1354,#1355,#1356));
#306=EDGE_LOOP('',(#1357,#1358,#1359,#1360));
#307=EDGE_LOOP('',(#1361,#1362,#1363,#1364));
#308=EDGE_LOOP('',(#1365,#1366,#1367,#1368));
#309=EDGE_LOOP('',(#1369,#1370,#1371,#1372));
#310=EDGE_LOOP('',(#1373,#1374,#1375,#1376));
#311=EDGE_LOOP('',(#1377,#1378,#1379,#1380));
#312=EDGE_LOOP('',(#1381,#1382,#1383,#1384));
#313=EDGE_LOOP('',(#1385,#1386,#1387,#1388));
#314=EDGE_LOOP('',(#1389,#1390,#1391,#1392));
#315=EDGE_LOOP('',(#1393,#1394,#1395,#1396));
#316=EDGE_LOOP('',(#1397,#1398,#1399,#1400));
#317=EDGE_LOOP('',(#1401,#1402,#1403,#1404));
#318=EDGE_LOOP('',(#1405,#1406,#1407,#1408));
#319=EDGE_LOOP('',(#1409,#1410,#1411,#1412));
#320=EDGE_LOOP('',(#1413,#1414,#1415,#1416));
#321=EDGE_LOOP('',(#1417,#1418,#1419,#1420));
#322=EDGE_LOOP('',(#1421,#1422,#1423,#1424));
#323=EDGE_LOOP('',(#1425,#1426,#1427,#1428));
#324=EDGE_LOOP('',(#1429,#1430,#1431,#1432));
#325=EDGE_LOOP('',(#1433,#1434,#1435,#1436));
#326=EDGE_LOOP('',(#1437,#1438,#1439,#1440));
#327=EDGE_LOOP('',(#1441,#1442,#1443,#1444));
#328=EDGE_LOOP('',(#1445,#1446,#1447,#1448));
#329=EDGE_LOOP('',(#1449,#1450,#1451,#1452));
#330=EDGE_LOOP('',(#1453,#1454,#1455,#1456));
#331=EDGE_LOOP('',(#1457,#1458,#1459,#1460));
#332=EDGE_LOOP('',(#1461,#1462,#1463,#1464));
#333=EDGE_LOOP('',(#1465,#1466,#1467,#1468));
#334=EDGE_LOOP('',(#1469,#1470,#1471,#1472));
#335=EDGE_LOOP('',(#1473,#1474,#1475,#1476));
#336=EDGE_LOOP('',(#1477,#1478,#1479,#1480));
#337=EDGE_LOOP('',(#1481,#1482,#1483,#1484));
#338=EDGE_LOOP('',(#1485,#1486,#1487,#1488));
#339=EDGE_LOOP('',(#1489,#1490,#1491,#1492));
#340=EDGE_LOOP('',(#1493,#1494,#1495,#1496));
#341=EDGE_LOOP('',(#1497,#1498,#1499,#1500));
#342=EDGE_LOOP('',(#1501,#1502,#1503,#1504));
#343=EDGE_LOOP('',(#1505,#1506,#1507,#1508));
#344=EDGE_LOOP('',(#1509,#1510,#1511,#1512));
#345=EDGE_LOOP('',(#1513,#1514,#1515,#1516));
#346=EDGE_LOOP('',(#1517,#1518,#1519,#1520));
#347=EDGE_LOOP('',(#1521,#1522,#1523,#1524));
#348=EDGE_LOOP('',(#1525,#1526,#1527,#1528));
#349=EDGE_LOOP('',(#1529,#1530,#1531,#1532));
#350=EDGE_LOOP('',(#1533,#1534,#1535,#1536));
#351=EDGE_LOOP('',(#1537,#1538,#1539,#1540));
#352=EDGE_LOOP('',(#1541,#1542,#1543,#1544));
#353=EDGE_LOOP('',(#1545,#1546,#1547,#1548));
#354=EDGE_LOOP('',(#1549,#1550,#1551,#1552));
#355=EDGE_LOOP('',(#1553,#1554,#1555,#1556));
#356=EDGE_LOOP('',(#1557,#1558,#1559,#1560));
#357=EDGE_LOOP('',(#1561,#1562,#1563,#1564));
#358=EDGE_LOOP('',(#1565,#1566,#1567,#1568));
#359=EDGE_LOOP('',(#1569,#1570,#1571,#1572));
#360=EDGE_LOOP('',(#1573,#1574,#1575,#1576));
#361=EDGE_LOOP('',(#1577,#1578,#1579,#1580));
#362=EDGE_LOOP('',(#1581,#1582,#1583,#1584,#1585,#1586,#1587,#1588,#1589,
#1590,#1591,#1592,#1593,#1594,#1595,#1596,#1597,#1598,#1599,#1600,#1601,
#1602,#1603,#1604,#1605,#1606,#1607,#1608,#1609,#1610,#1611,#1612,#1613,
#1614,#1615,#1616));
#363=EDGE_LOOP('',(#1617));
#364=EDGE_LOOP('',(#1618,#1619,#1620,#1621));
#365=EDGE_LOOP('',(#1622,#1623,#1624,#1625));
#366=EDGE_LOOP('',(#1626));
#367=EDGE_LOOP('',(#1627,#1628,#1629,#1630));
#368=EDGE_LOOP('',(#1631));
#369=EDGE_LOOP('',(#1632,#1633,#1634,#1635));
#370=EDGE_LOOP('',(#1636,#1637,#1638,#1639));
#371=EDGE_LOOP('',(#1640));
#372=EDGE_LOOP('',(#1641));
#373=EDGE_LOOP('',(#1642));
#374=EDGE_LOOP('',(#1643));
#375=EDGE_LOOP('',(#1644));
#376=EDGE_LOOP('',(#1645));
#377=EDGE_LOOP('',(#1646));
#378=EDGE_LOOP('',(#1647));
#379=EDGE_LOOP('',(#1648));
#380=EDGE_LOOP('',(#1649));
#381=EDGE_LOOP('',(#1650,#1651,#1652,#1653));
#382=EDGE_LOOP('',(#1654));
#383=EDGE_LOOP('',(#1655,#1656,#1657,#1658));
#384=EDGE_LOOP('',(#1659));
#385=EDGE_LOOP('',(#1660));
#386=EDGE_LOOP('',(#1661));
#387=EDGE_LOOP('',(#1662));
#388=EDGE_LOOP('',(#1663));
#389=EDGE_LOOP('',(#1664));
#390=EDGE_LOOP('',(#1665));
#391=EDGE_LOOP('',(#1666));
#392=EDGE_LOOP('',(#1667));
#393=EDGE_LOOP('',(#1668,#1669,#1670,#1671,#1672,#1673,#1674,#1675,#1676,
#1677,#1678,#1679,#1680,#1681,#1682,#1683,#1684,#1685,#1686,#1687,#1688,
#1689,#1690,#1691,#1692,#1693,#1694,#1695,#1696,#1697,#1698,#1699,#1700,
#1701,#1702,#1703));
#394=EDGE_LOOP('',(#1704));
#395=EDGE_LOOP('',(#1705,#1706,#1707,#1708));
#396=EDGE_LOOP('',(#1709,#1710,#1711,#1712));
#397=EDGE_LOOP('',(#1713));
#398=EDGE_LOOP('',(#1714,#1715,#1716,#1717));
#399=EDGE_LOOP('',(#1718));
#400=EDGE_LOOP('',(#1719,#1720,#1721,#1722));
#401=EDGE_LOOP('',(#1723,#1724,#1725,#1726));
#402=EDGE_LOOP('',(#1727));
#403=EDGE_LOOP('',(#1728));
#404=EDGE_LOOP('',(#1729));
#405=EDGE_LOOP('',(#1730));
#406=EDGE_LOOP('',(#1731));
#407=EDGE_LOOP('',(#1732));
#408=EDGE_LOOP('',(#1733));
#409=EDGE_LOOP('',(#1734));
#410=EDGE_LOOP('',(#1735));
#411=EDGE_LOOP('',(#1736));
#412=EDGE_LOOP('',(#1737,#1738,#1739,#1740));
#413=EDGE_LOOP('',(#1741));
#414=EDGE_LOOP('',(#1742,#1743,#1744,#1745));
#415=EDGE_LOOP('',(#1746));
#416=EDGE_LOOP('',(#1747));
#417=EDGE_LOOP('',(#1748));
#418=EDGE_LOOP('',(#1749));
#419=EDGE_LOOP('',(#1750));
#420=EDGE_LOOP('',(#1751));
#421=EDGE_LOOP('',(#1752));
#422=EDGE_LOOP('',(#1753));
#423=EDGE_LOOP('',(#1754));
#424=LINE('',#2592,#611);
#425=LINE('',#2594,#612);
#426=LINE('',#2596,#613);
#427=LINE('',#2597,#614);
#428=LINE('',#2600,#615);
#429=LINE('',#2602,#616);
#430=LINE('',#2603,#617);
#431=LINE('',#2606,#618);
#432=LINE('',#2608,#619);
#433=LINE('',#2609,#620);
#434=LINE('',#2612,#621);
#435=LINE('',#2614,#622);
#436=LINE('',#2615,#623);
#437=LINE('',#2618,#624);
#438=LINE('',#2620,#625);
#439=LINE('',#2621,#626);
#440=LINE('',#2624,#627);
#441=LINE('',#2626,#628);
#442=LINE('',#2627,#629);
#443=LINE('',#2630,#630);
#444=LINE('',#2632,#631);
#445=LINE('',#2633,#632);
#446=LINE('',#2636,#633);
#447=LINE('',#2638,#634);
#448=LINE('',#2639,#635);
#449=LINE('',#2642,#636);
#450=LINE('',#2644,#637);
#451=LINE('',#2645,#638);
#452=LINE('',#2648,#639);
#453=LINE('',#2650,#640);
#454=LINE('',#2651,#641);
#455=LINE('',#2654,#642);
#456=LINE('',#2656,#643);
#457=LINE('',#2657,#644);
#458=LINE('',#2660,#645);
#459=LINE('',#2662,#646);
#460=LINE('',#2663,#647);
#461=LINE('',#2666,#648);
#462=LINE('',#2668,#649);
#463=LINE('',#2669,#650);
#464=LINE('',#2672,#651);
#465=LINE('',#2674,#652);
#466=LINE('',#2675,#653);
#467=LINE('',#2678,#654);
#468=LINE('',#2680,#655);
#469=LINE('',#2681,#656);
#470=LINE('',#2684,#657);
#471=LINE('',#2686,#658);
#472=LINE('',#2687,#659);
#473=LINE('',#2690,#660);
#474=LINE('',#2692,#661);
#475=LINE('',#2693,#662);
#476=LINE('',#2696,#663);
#477=LINE('',#2698,#664);
#478=LINE('',#2699,#665);
#479=LINE('',#2702,#666);
#480=LINE('',#2704,#667);
#481=LINE('',#2705,#668);
#482=LINE('',#2708,#669);
#483=LINE('',#2710,#670);
#484=LINE('',#2711,#671);
#485=LINE('',#2714,#672);
#486=LINE('',#2716,#673);
#487=LINE('',#2717,#674);
#488=LINE('',#2720,#675);
#489=LINE('',#2722,#676);
#490=LINE('',#2723,#677);
#491=LINE('',#2726,#678);
#492=LINE('',#2728,#679);
#493=LINE('',#2729,#680);
#494=LINE('',#2732,#681);
#495=LINE('',#2734,#682);
#496=LINE('',#2735,#683);
#497=LINE('',#2738,#684);
#498=LINE('',#2740,#685);
#499=LINE('',#2741,#686);
#500=LINE('',#2744,#687);
#501=LINE('',#2746,#688);
#502=LINE('',#2747,#689);
#503=LINE('',#2750,#690);
#504=LINE('',#2752,#691);
#505=LINE('',#2753,#692);
#506=LINE('',#2756,#693);
#507=LINE('',#2758,#694);
#508=LINE('',#2759,#695);
#509=LINE('',#2762,#696);
#510=LINE('',#2764,#697);
#511=LINE('',#2765,#698);
#512=LINE('',#2768,#699);
#513=LINE('',#2770,#700);
#514=LINE('',#2771,#701);
#515=LINE('',#2774,#702);
#516=LINE('',#2776,#703);
#517=LINE('',#2777,#704);
#518=LINE('',#2780,#705);
#519=LINE('',#2782,#706);
#520=LINE('',#2783,#707);
#521=LINE('',#2786,#708);
#522=LINE('',#2788,#709);
#523=LINE('',#2789,#710);
#524=LINE('',#2792,#711);
#525=LINE('',#2794,#712);
#526=LINE('',#2795,#713);
#527=LINE('',#2798,#714);
#528=LINE('',#2800,#715);
#529=LINE('',#2801,#716);
#530=LINE('',#2803,#717);
#531=LINE('',#2804,#718);
#532=LINE('',#2809,#719);
#533=LINE('',#2814,#720);
#534=LINE('',#2816,#721);
#535=LINE('',#2818,#722);
#536=LINE('',#2819,#723);
#537=LINE('',#2824,#724);
#538=LINE('',#2828,#725);
#539=LINE('',#2830,#726);
#540=LINE('',#2831,#727);
#541=LINE('',#2838,#728);
#542=LINE('',#2840,#729);
#543=LINE('',#2842,#730);
#544=LINE('',#2843,#731);
#545=LINE('',#2848,#732);
#546=LINE('',#2852,#733);
#547=LINE('',#2854,#734);
#548=LINE('',#2855,#735);
#549=LINE('',#2863,#736);
#550=LINE('',#2868,#737);
#551=LINE('',#2870,#738);
#552=LINE('',#2872,#739);
#553=LINE('',#2873,#740);
#554=LINE('',#2878,#741);
#555=LINE('',#2882,#742);
#556=LINE('',#2884,#743);
#557=LINE('',#2885,#744);
#558=LINE('',#2893,#745);
#559=LINE('',#2898,#746);
#560=LINE('',#2900,#747);
#561=LINE('',#2902,#748);
#562=LINE('',#2903,#749);
#563=LINE('',#2908,#750);
#564=LINE('',#2912,#751);
#565=LINE('',#2914,#752);
#566=LINE('',#2915,#753);
#567=LINE('',#2922,#754);
#568=LINE('',#2924,#755);
#569=LINE('',#2926,#756);
#570=LINE('',#2927,#757);
#571=LINE('',#2932,#758);
#572=LINE('',#2936,#759);
#573=LINE('',#2938,#760);
#574=LINE('',#2939,#761);
#575=LINE('',#2947,#762);
#576=LINE('',#2953,#763);
#577=LINE('',#2959,#764);
#578=LINE('',#2965,#765);
#579=LINE('',#2971,#766);
#580=LINE('',#2977,#767);
#581=LINE('',#2983,#768);
#582=LINE('',#2989,#769);
#583=LINE('',#2995,#770);
#584=LINE('',#3001,#771);
#585=LINE('',#3006,#772);
#586=LINE('',#3008,#773);
#587=LINE('',#3010,#774);
#588=LINE('',#3011,#775);
#589=LINE('',#3016,#776);
#590=LINE('',#3020,#777);
#591=LINE('',#3022,#778);
#592=LINE('',#3023,#779);
#593=LINE('',#3031,#780);
#594=LINE('',#3036,#781);
#595=LINE('',#3038,#782);
#596=LINE('',#3040,#783);
#597=LINE('',#3041,#784);
#598=LINE('',#3046,#785);
#599=LINE('',#3050,#786);
#600=LINE('',#3052,#787);
#601=LINE('',#3053,#788);
#602=LINE('',#3061,#789);
#603=LINE('',#3067,#790);
#604=LINE('',#3073,#791);
#605=LINE('',#3079,#792);
#606=LINE('',#3085,#793);
#607=LINE('',#3091,#794);
#608=LINE('',#3097,#795);
#609=LINE('',#3103,#796);
#610=LINE('',#3109,#797);
#611=VECTOR('',#2077,1.);
#612=VECTOR('',#2078,0.999999999999886);
#613=VECTOR('',#2079,1.);
#614=VECTOR('',#2080,0.999999999999886);
#615=VECTOR('',#2083,0.999999999999558);
#616=VECTOR('',#2084,1.);
#617=VECTOR('',#2085,0.999999999999558);
#618=VECTOR('',#2088,0.999999999999845);
#619=VECTOR('',#2089,1.);
#620=VECTOR('',#2090,0.999999999999845);
#621=VECTOR('',#2093,1.00000000000051);
#622=VECTOR('',#2094,1.);
#623=VECTOR('',#2095,1.00000000000051);
#624=VECTOR('',#2098,1.00000000000051);
#625=VECTOR('',#2099,1.);
#626=VECTOR('',#2100,1.00000000000051);
#627=VECTOR('',#2103,0.999999999999845);
#628=VECTOR('',#2104,1.);
#629=VECTOR('',#2105,0.999999999999845);
#630=VECTOR('',#2108,0.999999999999558);
#631=VECTOR('',#2109,1.);
#632=VECTOR('',#2110,0.999999999999558);
#633=VECTOR('',#2113,0.99999999999998);
#634=VECTOR('',#2114,1.);
#635=VECTOR('',#2115,0.99999999999998);
#636=VECTOR('',#2118,1.00000000000043);
#637=VECTOR('',#2119,1.);
#638=VECTOR('',#2120,1.00000000000043);
#639=VECTOR('',#2123,0.999999999999888);
#640=VECTOR('',#2124,1.);
#641=VECTOR('',#2125,0.999999999999888);
#642=VECTOR('',#2128,0.999999999999558);
#643=VECTOR('',#2129,1.);
#644=VECTOR('',#2130,0.999999999999558);
#645=VECTOR('',#2133,0.999999999999845);
#646=VECTOR('',#2134,1.);
#647=VECTOR('',#2135,0.999999999999845);
#648=VECTOR('',#2138,1.00000000000051);
#649=VECTOR('',#2139,1.);
#650=VECTOR('',#2140,1.00000000000051);
#651=VECTOR('',#2143,1.00000000000051);
#652=VECTOR('',#2144,1.);
#653=VECTOR('',#2145,1.00000000000051);
#654=VECTOR('',#2148,0.999999999999845);
#655=VECTOR('',#2149,1.);
#656=VECTOR('',#2150,0.999999999999845);
#657=VECTOR('',#2153,0.999999999999558);
#658=VECTOR('',#2154,1.);
#659=VECTOR('',#2155,0.999999999999558);
#660=VECTOR('',#2158,1.00000000000044);
#661=VECTOR('',#2159,1.);
#662=VECTOR('',#2160,1.00000000000044);
#663=VECTOR('',#2163,1.00000000000002);
#664=VECTOR('',#2164,1.);
#665=VECTOR('',#2165,1.00000000000002);
#666=VECTOR('',#2168,0.999999999999886);
#667=VECTOR('',#2169,1.);
#668=VECTOR('',#2170,0.999999999999886);
#669=VECTOR('',#2173,0.999999999999558);
#670=VECTOR('',#2174,1.);
#671=VECTOR('',#2175,0.999999999999558);
#672=VECTOR('',#2178,0.999999999999845);
#673=VECTOR('',#2179,1.);
#674=VECTOR('',#2180,0.999999999999845);
#675=VECTOR('',#2183,1.00000000000051);
#676=VECTOR('',#2184,1.);
#677=VECTOR('',#2185,1.00000000000051);
#678=VECTOR('',#2188,1.00000000000051);
#679=VECTOR('',#2189,1.);
#680=VECTOR('',#2190,1.00000000000051);
#681=VECTOR('',#2193,0.999999999999845);
#682=VECTOR('',#2194,1.);
#683=VECTOR('',#2195,0.999999999999845);
#684=VECTOR('',#2198,0.999999999999558);
#685=VECTOR('',#2199,1.);
#686=VECTOR('',#2200,0.999999999999558);
#687=VECTOR('',#2203,1.00000000000044);
#688=VECTOR('',#2204,1.);
#689=VECTOR('',#2205,1.00000000000044);
#690=VECTOR('',#2208,1.00000000000028);
#691=VECTOR('',#2209,1.);
#692=VECTOR('',#2210,1.00000000000028);
#693=VECTOR('',#2213,0.999999999999888);
#694=VECTOR('',#2214,1.);
#695=VECTOR('',#2215,0.999999999999888);
#696=VECTOR('',#2218,0.999999999999558);
#697=VECTOR('',#2219,1.);
#698=VECTOR('',#2220,0.999999999999558);
#699=VECTOR('',#2223,0.999999999999845);
#700=VECTOR('',#2224,1.);
#701=VECTOR('',#2225,0.999999999999845);
#702=VECTOR('',#2228,1.00000000000051);
#703=VECTOR('',#2229,1.);
#704=VECTOR('',#2230,1.00000000000051);
#705=VECTOR('',#2233,1.00000000000051);
#706=VECTOR('',#2234,1.);
#707=VECTOR('',#2235,1.00000000000051);
#708=VECTOR('',#2238,0.999999999999845);
#709=VECTOR('',#2239,1.);
#710=VECTOR('',#2240,0.999999999999845);
#711=VECTOR('',#2243,0.999999999999558);
#712=VECTOR('',#2244,1.);
#713=VECTOR('',#2245,0.999999999999558);
#714=VECTOR('',#2248,1.00000000000044);
#715=VECTOR('',#2249,1.);
#716=VECTOR('',#2250,1.00000000000044);
#717=VECTOR('',#2253,1.00000000000002);
#718=VECTOR('',#2254,1.00000000000002);
#719=VECTOR('',#2259,1.25000004);
#720=VECTOR('',#2264,1.);
#721=VECTOR('',#2265,1.);
#722=VECTOR('',#2266,1.);
#723=VECTOR('',#2267,1.);
#724=VECTOR('',#2272,1.);
#725=VECTOR('',#2277,1.);
#726=VECTOR('',#2278,1.);
#727=VECTOR('',#2279,1.);
#728=VECTOR('',#2288,1.);
#729=VECTOR('',#2289,1.);
#730=VECTOR('',#2290,1.);
#731=VECTOR('',#2291,1.);
#732=VECTOR('',#2296,1.);
#733=VECTOR('',#2301,1.);
#734=VECTOR('',#2302,1.);
#735=VECTOR('',#2303,1.);
#736=VECTOR('',#2314,0.4445);
#737=VECTOR('',#2319,1.);
#738=VECTOR('',#2320,1.);
#739=VECTOR('',#2321,1.);
#740=VECTOR('',#2322,1.);
#741=VECTOR('',#2327,1.);
#742=VECTOR('',#2332,1.);
#743=VECTOR('',#2333,1.);
#744=VECTOR('',#2334,1.);
#745=VECTOR('',#2345,0.4445);
#746=VECTOR('',#2350,1.);
#747=VECTOR('',#2351,1.);
#748=VECTOR('',#2352,1.);
#749=VECTOR('',#2353,1.);
#750=VECTOR('',#2358,1.);
#751=VECTOR('',#2363,1.);
#752=VECTOR('',#2364,1.);
#753=VECTOR('',#2365,1.);
#754=VECTOR('',#2374,1.);
#755=VECTOR('',#2375,1.);
#756=VECTOR('',#2376,1.);
#757=VECTOR('',#2377,1.);
#758=VECTOR('',#2382,1.);
#759=VECTOR('',#2387,1.);
#760=VECTOR('',#2388,1.);
#761=VECTOR('',#2389,1.);
#762=VECTOR('',#2400,0.499999);
#763=VECTOR('',#2407,1.25000004);
#764=VECTOR('',#2414,0.499999);
#765=VECTOR('',#2421,0.499999);
#766=VECTOR('',#2428,0.499999);
#767=VECTOR('',#2435,0.499999);
#768=VECTOR('',#2442,0.499999);
#769=VECTOR('',#2449,0.381);
#770=VECTOR('',#2456,0.4445);
#771=VECTOR('',#2463,0.381);
#772=VECTOR('',#2468,1.);
#773=VECTOR('',#2469,1.);
#774=VECTOR('',#2470,1.);
#775=VECTOR('',#2471,1.);
#776=VECTOR('',#2476,1.);
#777=VECTOR('',#2481,1.);
#778=VECTOR('',#2482,1.);
#779=VECTOR('',#2483,1.);
#780=VECTOR('',#2494,1.25000004);
#781=VECTOR('',#2499,1.);
#782=VECTOR('',#2500,1.);
#783=VECTOR('',#2501,1.);
#784=VECTOR('',#2502,1.);
#785=VECTOR('',#2507,1.);
#786=VECTOR('',#2512,1.);
#787=VECTOR('',#2513,1.);
#788=VECTOR('',#2514,1.);
#789=VECTOR('',#2525,0.4445);
#790=VECTOR('',#2532,0.4445);
#791=VECTOR('',#2539,0.4445);
#792=VECTOR('',#2546,0.4445);
#793=VECTOR('',#2553,0.4445);
#794=VECTOR('',#2560,0.4445);
#795=VECTOR('',#2567,0.4445);
#796=VECTOR('',#2574,0.4445);
#797=VECTOR('',#2581,1.25000004);
#798=VERTEX_POINT('',#2590);
#799=VERTEX_POINT('',#2591);
#800=VERTEX_POINT('',#2593);
#801=VERTEX_POINT('',#2595);
#802=VERTEX_POINT('',#2599);
#803=VERTEX_POINT('',#2601);
#804=VERTEX_POINT('',#2605);
#805=VERTEX_POINT('',#2607);
#806=VERTEX_POINT('',#2611);
#807=VERTEX_POINT('',#2613);
#808=VERTEX_POINT('',#2617);
#809=VERTEX_POINT('',#2619);
#810=VERTEX_POINT('',#2623);
#811=VERTEX_POINT('',#2625);
#812=VERTEX_POINT('',#2629);
#813=VERTEX_POINT('',#2631);
#814=VERTEX_POINT('',#2635);
#815=VERTEX_POINT('',#2637);
#816=VERTEX_POINT('',#2641);
#817=VERTEX_POINT('',#2643);
#818=VERTEX_POINT('',#2647);
#819=VERTEX_POINT('',#2649);
#820=VERTEX_POINT('',#2653);
#821=VERTEX_POINT('',#2655);
#822=VERTEX_POINT('',#2659);
#823=VERTEX_POINT('',#2661);
#824=VERTEX_POINT('',#2665);
#825=VERTEX_POINT('',#2667);
#826=VERTEX_POINT('',#2671);
#827=VERTEX_POINT('',#2673);
#828=VERTEX_POINT('',#2677);
#829=VERTEX_POINT('',#2679);
#830=VERTEX_POINT('',#2683);
#831=VERTEX_POINT('',#2685);
#832=VERTEX_POINT('',#2689);
#833=VERTEX_POINT('',#2691);
#834=VERTEX_POINT('',#2695);
#835=VERTEX_POINT('',#2697);
#836=VERTEX_POINT('',#2701);
#837=VERTEX_POINT('',#2703);
#838=VERTEX_POINT('',#2707);
#839=VERTEX_POINT('',#2709);
#840=VERTEX_POINT('',#2713);
#841=VERTEX_POINT('',#2715);
#842=VERTEX_POINT('',#2719);
#843=VERTEX_POINT('',#2721);
#844=VERTEX_POINT('',#2725);
#845=VERTEX_POINT('',#2727);
#846=VERTEX_POINT('',#2731);
#847=VERTEX_POINT('',#2733);
#848=VERTEX_POINT('',#2737);
#849=VERTEX_POINT('',#2739);
#850=VERTEX_POINT('',#2743);
#851=VERTEX_POINT('',#2745);
#852=VERTEX_POINT('',#2749);
#853=VERTEX_POINT('',#2751);
#854=VERTEX_POINT('',#2755);
#855=VERTEX_POINT('',#2757);
#856=VERTEX_POINT('',#2761);
#857=VERTEX_POINT('',#2763);
#858=VERTEX_POINT('',#2767);
#859=VERTEX_POINT('',#2769);
#860=VERTEX_POINT('',#2773);
#861=VERTEX_POINT('',#2775);
#862=VERTEX_POINT('',#2779);
#863=VERTEX_POINT('',#2781);
#864=VERTEX_POINT('',#2785);
#865=VERTEX_POINT('',#2787);
#866=VERTEX_POINT('',#2791);
#867=VERTEX_POINT('',#2793);
#868=VERTEX_POINT('',#2797);
#869=VERTEX_POINT('',#2799);
#870=VERTEX_POINT('',#2806);
#871=VERTEX_POINT('',#2808);
#872=VERTEX_POINT('',#2812);
#873=VERTEX_POINT('',#2813);
#874=VERTEX_POINT('',#2815);
#875=VERTEX_POINT('',#2817);
#876=VERTEX_POINT('',#2821);
#877=VERTEX_POINT('',#2823);
#878=VERTEX_POINT('',#2827);
#879=VERTEX_POINT('',#2829);
#880=VERTEX_POINT('',#2836);
#881=VERTEX_POINT('',#2837);
#882=VERTEX_POINT('',#2839);
#883=VERTEX_POINT('',#2841);
#884=VERTEX_POINT('',#2845);
#885=VERTEX_POINT('',#2847);
#886=VERTEX_POINT('',#2851);
#887=VERTEX_POINT('',#2853);
#888=VERTEX_POINT('',#2860);
#889=VERTEX_POINT('',#2862);
#890=VERTEX_POINT('',#2866);
#891=VERTEX_POINT('',#2867);
#892=VERTEX_POINT('',#2869);
#893=VERTEX_POINT('',#2871);
#894=VERTEX_POINT('',#2875);
#895=VERTEX_POINT('',#2877);
#896=VERTEX_POINT('',#2881);
#897=VERTEX_POINT('',#2883);
#898=VERTEX_POINT('',#2890);
#899=VERTEX_POINT('',#2892);
#900=VERTEX_POINT('',#2896);
#901=VERTEX_POINT('',#2897);
#902=VERTEX_POINT('',#2899);
#903=VERTEX_POINT('',#2901);
#904=VERTEX_POINT('',#2905);
#905=VERTEX_POINT('',#2907);
#906=VERTEX_POINT('',#2911);
#907=VERTEX_POINT('',#2913);
#908=VERTEX_POINT('',#2920);
#909=VERTEX_POINT('',#2921);
#910=VERTEX_POINT('',#2923);
#911=VERTEX_POINT('',#2925);
#912=VERTEX_POINT('',#2929);
#913=VERTEX_POINT('',#2931);
#914=VERTEX_POINT('',#2935);
#915=VERTEX_POINT('',#2937);
#916=VERTEX_POINT('',#2944);
#917=VERTEX_POINT('',#2946);
#918=VERTEX_POINT('',#2950);
#919=VERTEX_POINT('',#2952);
#920=VERTEX_POINT('',#2956);
#921=VERTEX_POINT('',#2958);
#922=VERTEX_POINT('',#2962);
#923=VERTEX_POINT('',#2964);
#924=VERTEX_POINT('',#2968);
#925=VERTEX_POINT('',#2970);
#926=VERTEX_POINT('',#2974);
#927=VERTEX_POINT('',#2976);
#928=VERTEX_POINT('',#2980);
#929=VERTEX_POINT('',#2982);
#930=VERTEX_POINT('',#2986);
#931=VERTEX_POINT('',#2988);
#932=VERTEX_POINT('',#2992);
#933=VERTEX_POINT('',#2994);
#934=VERTEX_POINT('',#2998);
#935=VERTEX_POINT('',#3000);
#936=VERTEX_POINT('',#3004);
#937=VERTEX_POINT('',#3005);
#938=VERTEX_POINT('',#3007);
#939=VERTEX_POINT('',#3009);
#940=VERTEX_POINT('',#3013);
#941=VERTEX_POINT('',#3015);
#942=VERTEX_POINT('',#3019);
#943=VERTEX_POINT('',#3021);
#944=VERTEX_POINT('',#3028);
#945=VERTEX_POINT('',#3030);
#946=VERTEX_POINT('',#3034);
#947=VERTEX_POINT('',#3035);
#948=VERTEX_POINT('',#3037);
#949=VERTEX_POINT('',#3039);
#950=VERTEX_POINT('',#3043);
#951=VERTEX_POINT('',#3045);
#952=VERTEX_POINT('',#3049);
#953=VERTEX_POINT('',#3051);
#954=VERTEX_POINT('',#3058);
#955=VERTEX_POINT('',#3060);
#956=VERTEX_POINT('',#3064);
#957=VERTEX_POINT('',#3066);
#958=VERTEX_POINT('',#3070);
#959=VERTEX_POINT('',#3072);
#960=VERTEX_POINT('',#3076);
#961=VERTEX_POINT('',#3078);
#962=VERTEX_POINT('',#3082);
#963=VERTEX_POINT('',#3084);
#964=VERTEX_POINT('',#3088);
#965=VERTEX_POINT('',#3090);
#966=VERTEX_POINT('',#3094);
#967=VERTEX_POINT('',#3096);
#968=VERTEX_POINT('',#3100);
#969=VERTEX_POINT('',#3102);
#970=VERTEX_POINT('',#3106);
#971=VERTEX_POINT('',#3108);
#972=EDGE_CURVE('',#798,#799,#424,.T.);
#973=EDGE_CURVE('',#798,#800,#425,.T.);
#974=EDGE_CURVE('',#800,#801,#426,.T.);
#975=EDGE_CURVE('',#799,#801,#427,.T.);
#976=EDGE_CURVE('',#800,#802,#428,.T.);
#977=EDGE_CURVE('',#802,#803,#429,.T.);
#978=EDGE_CURVE('',#801,#803,#430,.T.);
#979=EDGE_CURVE('',#802,#804,#431,.T.);
#980=EDGE_CURVE('',#804,#805,#432,.T.);
#981=EDGE_CURVE('',#803,#805,#433,.T.);
#982=EDGE_CURVE('',#804,#806,#434,.T.);
#983=EDGE_CURVE('',#806,#807,#435,.T.);
#984=EDGE_CURVE('',#805,#807,#436,.T.);
#985=EDGE_CURVE('',#806,#808,#437,.T.);
#986=EDGE_CURVE('',#808,#809,#438,.T.);
#987=EDGE_CURVE('',#807,#809,#439,.T.);
#988=EDGE_CURVE('',#808,#810,#440,.T.);
#989=EDGE_CURVE('',#810,#811,#441,.T.);
#990=EDGE_CURVE('',#809,#811,#442,.T.);
#991=EDGE_CURVE('',#810,#812,#443,.T.);
#992=EDGE_CURVE('',#812,#813,#444,.T.);
#993=EDGE_CURVE('',#811,#813,#445,.T.);
#994=EDGE_CURVE('',#812,#814,#446,.T.);
#995=EDGE_CURVE('',#814,#815,#447,.T.);
#996=EDGE_CURVE('',#813,#815,#448,.T.);
#997=EDGE_CURVE('',#814,#816,#449,.T.);
#998=EDGE_CURVE('',#816,#817,#450,.T.);
#999=EDGE_CURVE('',#815,#817,#451,.T.);
#1000=EDGE_CURVE('',#816,#818,#452,.T.);
#1001=EDGE_CURVE('',#818,#819,#453,.T.);
#1002=EDGE_CURVE('',#817,#819,#454,.T.);
#1003=EDGE_CURVE('',#818,#820,#455,.T.);
#1004=EDGE_CURVE('',#820,#821,#456,.T.);
#1005=EDGE_CURVE('',#819,#821,#457,.T.);
#1006=EDGE_CURVE('',#820,#822,#458,.T.);
#1007=EDGE_CURVE('',#822,#823,#459,.T.);
#1008=EDGE_CURVE('',#821,#823,#460,.T.);
#1009=EDGE_CURVE('',#822,#824,#461,.T.);
#1010=EDGE_CURVE('',#824,#825,#462,.T.);
#1011=EDGE_CURVE('',#823,#825,#463,.T.);
#1012=EDGE_CURVE('',#824,#826,#464,.T.);
#1013=EDGE_CURVE('',#826,#827,#465,.T.);
#1014=EDGE_CURVE('',#825,#827,#466,.T.);
#1015=EDGE_CURVE('',#826,#828,#467,.T.);
#1016=EDGE_CURVE('',#828,#829,#468,.T.);
#1017=EDGE_CURVE('',#827,#829,#469,.T.);
#1018=EDGE_CURVE('',#828,#830,#470,.T.);
#1019=EDGE_CURVE('',#830,#831,#471,.T.);
#1020=EDGE_CURVE('',#829,#831,#472,.T.);
#1021=EDGE_CURVE('',#830,#832,#473,.T.);
#1022=EDGE_CURVE('',#832,#833,#474,.T.);
#1023=EDGE_CURVE('',#831,#833,#475,.T.);
#1024=EDGE_CURVE('',#832,#834,#476,.T.);
#1025=EDGE_CURVE('',#834,#835,#477,.T.);
#1026=EDGE_CURVE('',#833,#835,#478,.T.);
#1027=EDGE_CURVE('',#834,#836,#479,.T.);
#1028=EDGE_CURVE('',#836,#837,#480,.T.);
#1029=EDGE_CURVE('',#835,#837,#481,.T.);
#1030=EDGE_CURVE('',#836,#838,#482,.T.);
#1031=EDGE_CURVE('',#838,#839,#483,.T.);
#1032=EDGE_CURVE('',#837,#839,#484,.T.);
#1033=EDGE_CURVE('',#838,#840,#485,.T.);
#1034=EDGE_CURVE('',#840,#841,#486,.T.);
#1035=EDGE_CURVE('',#839,#841,#487,.T.);
#1036=EDGE_CURVE('',#840,#842,#488,.T.);
#1037=EDGE_CURVE('',#842,#843,#489,.T.);
#1038=EDGE_CURVE('',#841,#843,#490,.T.);
#1039=EDGE_CURVE('',#842,#844,#491,.T.);
#1040=EDGE_CURVE('',#844,#845,#492,.T.);
#1041=EDGE_CURVE('',#843,#845,#493,.T.);
#1042=EDGE_CURVE('',#844,#846,#494,.T.);
#1043=EDGE_CURVE('',#846,#847,#495,.T.);
#1044=EDGE_CURVE('',#845,#847,#496,.T.);
#1045=EDGE_CURVE('',#846,#848,#497,.T.);
#1046=EDGE_CURVE('',#848,#849,#498,.T.);
#1047=EDGE_CURVE('',#847,#849,#499,.T.);
#1048=EDGE_CURVE('',#848,#850,#500,.T.);
#1049=EDGE_CURVE('',#850,#851,#501,.T.);
#1050=EDGE_CURVE('',#849,#851,#502,.T.);
#1051=EDGE_CURVE('',#850,#852,#503,.T.);
#1052=EDGE_CURVE('',#852,#853,#504,.T.);
#1053=EDGE_CURVE('',#851,#853,#505,.T.);
#1054=EDGE_CURVE('',#852,#854,#506,.T.);
#1055=EDGE_CURVE('',#854,#855,#507,.T.);
#1056=EDGE_CURVE('',#853,#855,#508,.T.);
#1057=EDGE_CURVE('',#854,#856,#509,.T.);
#1058=EDGE_CURVE('',#856,#857,#510,.T.);
#1059=EDGE_CURVE('',#855,#857,#511,.T.);
#1060=EDGE_CURVE('',#856,#858,#512,.T.);
#1061=EDGE_CURVE('',#858,#859,#513,.T.);
#1062=EDGE_CURVE('',#857,#859,#514,.T.);
#1063=EDGE_CURVE('',#858,#860,#515,.T.);
#1064=EDGE_CURVE('',#860,#861,#516,.T.);
#1065=EDGE_CURVE('',#859,#861,#517,.T.);
#1066=EDGE_CURVE('',#860,#862,#518,.T.);
#1067=EDGE_CURVE('',#862,#863,#519,.T.);
#1068=EDGE_CURVE('',#861,#863,#520,.T.);
#1069=EDGE_CURVE('',#862,#864,#521,.T.);
#1070=EDGE_CURVE('',#864,#865,#522,.T.);
#1071=EDGE_CURVE('',#863,#865,#523,.T.);
#1072=EDGE_CURVE('',#864,#866,#524,.T.);
#1073=EDGE_CURVE('',#866,#867,#525,.T.);
#1074=EDGE_CURVE('',#865,#867,#526,.T.);
#1075=EDGE_CURVE('',#866,#868,#527,.T.);
#1076=EDGE_CURVE('',#868,#869,#528,.T.);
#1077=EDGE_CURVE('',#867,#869,#529,.T.);
#1078=EDGE_CURVE('',#868,#798,#530,.T.);
#1079=EDGE_CURVE('',#869,#799,#531,.T.);
#1080=EDGE_CURVE('',#870,#870,#75,.T.);
#1081=EDGE_CURVE('',#870,#871,#532,.T.);
#1082=EDGE_CURVE('',#871,#871,#76,.T.);
#1083=EDGE_CURVE('',#872,#873,#533,.T.);
#1084=EDGE_CURVE('',#873,#874,#534,.T.);
#1085=EDGE_CURVE('',#875,#874,#535,.T.);
#1086=EDGE_CURVE('',#872,#875,#536,.T.);
#1087=EDGE_CURVE('',#874,#876,#77,.T.);
#1088=EDGE_CURVE('',#877,#876,#537,.T.);
#1089=EDGE_CURVE('',#875,#877,#78,.T.);
#1090=EDGE_CURVE('',#876,#878,#538,.T.);
#1091=EDGE_CURVE('',#879,#878,#539,.T.);
#1092=EDGE_CURVE('',#877,#879,#540,.T.);
#1093=EDGE_CURVE('',#878,#873,#79,.T.);
#1094=EDGE_CURVE('',#879,#872,#80,.T.);
#1095=EDGE_CURVE('',#880,#881,#541,.T.);
#1096=EDGE_CURVE('',#881,#882,#542,.T.);
#1097=EDGE_CURVE('',#883,#882,#543,.T.);
#1098=EDGE_CURVE('',#880,#883,#544,.T.);
#1099=EDGE_CURVE('',#882,#884,#81,.T.);
#1100=EDGE_CURVE('',#885,#884,#545,.T.);
#1101=EDGE_CURVE('',#883,#885,#82,.T.);
#1102=EDGE_CURVE('',#884,#886,#546,.T.);
#1103=EDGE_CURVE('',#887,#886,#547,.T.);
#1104=EDGE_CURVE('',#885,#887,#548,.T.);
#1105=EDGE_CURVE('',#886,#881,#83,.T.);
#1106=EDGE_CURVE('',#887,#880,#84,.T.);
#1107=EDGE_CURVE('',#888,#888,#85,.T.);
#1108=EDGE_CURVE('',#888,#889,#549,.T.);
#1109=EDGE_CURVE('',#889,#889,#86,.T.);
#1110=EDGE_CURVE('',#890,#891,#550,.T.);
#1111=EDGE_CURVE('',#891,#892,#551,.T.);
#1112=EDGE_CURVE('',#893,#892,#552,.T.);
#1113=EDGE_CURVE('',#890,#893,#553,.T.);
#1114=EDGE_CURVE('',#892,#894,#87,.T.);
#1115=EDGE_CURVE('',#895,#894,#554,.T.);
#1116=EDGE_CURVE('',#893,#895,#88,.T.);
#1117=EDGE_CURVE('',#894,#896,#555,.T.);
#1118=EDGE_CURVE('',#897,#896,#556,.T.);
#1119=EDGE_CURVE('',#895,#897,#557,.T.);
#1120=EDGE_CURVE('',#896,#891,#89,.T.);
#1121=EDGE_CURVE('',#897,#890,#90,.T.);
#1122=EDGE_CURVE('',#898,#898,#91,.T.);
#1123=EDGE_CURVE('',#898,#899,#558,.T.);
#1124=EDGE_CURVE('',#899,#899,#92,.T.);
#1125=EDGE_CURVE('',#900,#901,#559,.T.);
#1126=EDGE_CURVE('',#901,#902,#560,.T.);
#1127=EDGE_CURVE('',#903,#902,#561,.T.);
#1128=EDGE_CURVE('',#900,#903,#562,.T.);
#1129=EDGE_CURVE('',#902,#904,#93,.T.);
#1130=EDGE_CURVE('',#905,#904,#563,.T.);
#1131=EDGE_CURVE('',#903,#905,#94,.T.);
#1132=EDGE_CURVE('',#904,#906,#564,.T.);
#1133=EDGE_CURVE('',#907,#906,#565,.T.);
#1134=EDGE_CURVE('',#905,#907,#566,.T.);
#1135=EDGE_CURVE('',#906,#901,#95,.T.);
#1136=EDGE_CURVE('',#907,#900,#96,.T.);
#1137=EDGE_CURVE('',#908,#909,#567,.T.);
#1138=EDGE_CURVE('',#909,#910,#568,.T.);
#1139=EDGE_CURVE('',#911,#910,#569,.T.);
#1140=EDGE_CURVE('',#908,#911,#570,.T.);
#1141=EDGE_CURVE('',#910,#912,#97,.T.);
#1142=EDGE_CURVE('',#913,#912,#571,.T.);
#1143=EDGE_CURVE('',#911,#913,#98,.T.);
#1144=EDGE_CURVE('',#912,#914,#572,.T.);
#1145=EDGE_CURVE('',#915,#914,#573,.T.);
#1146=EDGE_CURVE('',#913,#915,#574,.T.);
#1147=EDGE_CURVE('',#914,#909,#99,.T.);
#1148=EDGE_CURVE('',#915,#908,#100,.T.);
#1149=EDGE_CURVE('',#916,#916,#101,.T.);
#1150=EDGE_CURVE('',#916,#917,#575,.T.);
#1151=EDGE_CURVE('',#917,#917,#102,.T.);
#1152=EDGE_CURVE('',#918,#918,#103,.T.);
#1153=EDGE_CURVE('',#918,#919,#576,.T.);
#1154=EDGE_CURVE('',#919,#919,#104,.T.);
#1155=EDGE_CURVE('',#920,#920,#105,.T.);
#1156=EDGE_CURVE('',#920,#921,#577,.T.);
#1157=EDGE_CURVE('',#921,#921,#106,.T.);
#1158=EDGE_CURVE('',#922,#922,#107,.T.);
#1159=EDGE_CURVE('',#922,#923,#578,.T.);
#1160=EDGE_CURVE('',#923,#923,#108,.T.);
#1161=EDGE_CURVE('',#924,#924,#109,.T.);
#1162=EDGE_CURVE('',#924,#925,#579,.T.);
#1163=EDGE_CURVE('',#925,#925,#110,.T.);
#1164=EDGE_CURVE('',#926,#926,#111,.T.);
#1165=EDGE_CURVE('',#926,#927,#580,.T.);
#1166=EDGE_CURVE('',#927,#927,#112,.T.);
#1167=EDGE_CURVE('',#928,#928,#113,.T.);
#1168=EDGE_CURVE('',#928,#929,#581,.T.);
#1169=EDGE_CURVE('',#929,#929,#114,.T.);
#1170=EDGE_CURVE('',#930,#930,#115,.T.);
#1171=EDGE_CURVE('',#930,#931,#582,.T.);
#1172=EDGE_CURVE('',#931,#931,#116,.T.);
#1173=EDGE_CURVE('',#932,#932,#117,.T.);
#1174=EDGE_CURVE('',#932,#933,#583,.T.);
#1175=EDGE_CURVE('',#933,#933,#118,.T.);
#1176=EDGE_CURVE('',#934,#934,#119,.T.);
#1177=EDGE_CURVE('',#934,#935,#584,.T.);
#1178=EDGE_CURVE('',#935,#935,#120,.T.);
#1179=EDGE_CURVE('',#936,#937,#585,.T.);
#1180=EDGE_CURVE('',#937,#938,#586,.T.);
#1181=EDGE_CURVE('',#939,#938,#587,.T.);
#1182=EDGE_CURVE('',#936,#939,#588,.T.);
#1183=EDGE_CURVE('',#938,#940,#121,.T.);
#1184=EDGE_CURVE('',#941,#940,#589,.T.);
#1185=EDGE_CURVE('',#939,#941,#122,.T.);
#1186=EDGE_CURVE('',#940,#942,#590,.T.);
#1187=EDGE_CURVE('',#943,#942,#591,.T.);
#1188=EDGE_CURVE('',#941,#943,#592,.T.);
#1189=EDGE_CURVE('',#942,#937,#123,.T.);
#1190=EDGE_CURVE('',#943,#936,#124,.T.);
#1191=EDGE_CURVE('',#944,#944,#125,.T.);
#1192=EDGE_CURVE('',#944,#945,#593,.T.);
#1193=EDGE_CURVE('',#945,#945,#126,.T.);
#1194=EDGE_CURVE('',#946,#947,#594,.T.);
#1195=EDGE_CURVE('',#947,#948,#595,.T.);
#1196=EDGE_CURVE('',#949,#948,#596,.T.);
#1197=EDGE_CURVE('',#946,#949,#597,.T.);
#1198=EDGE_CURVE('',#948,#950,#127,.T.);
#1199=EDGE_CURVE('',#951,#950,#598,.T.);
#1200=EDGE_CURVE('',#949,#951,#128,.T.);
#1201=EDGE_CURVE('',#950,#952,#599,.T.);
#1202=EDGE_CURVE('',#953,#952,#600,.T.);
#1203=EDGE_CURVE('',#951,#953,#601,.T.);
#1204=EDGE_CURVE('',#952,#947,#129,.T.);
#1205=EDGE_CURVE('',#953,#946,#130,.T.);
#1206=EDGE_CURVE('',#954,#954,#131,.T.);
#1207=EDGE_CURVE('',#954,#955,#602,.T.);
#1208=EDGE_CURVE('',#955,#955,#132,.T.);
#1209=EDGE_CURVE('',#956,#956,#133,.T.);
#1210=EDGE_CURVE('',#956,#957,#603,.T.);
#1211=EDGE_CURVE('',#957,#957,#134,.T.);
#1212=EDGE_CURVE('',#958,#958,#135,.T.);
#1213=EDGE_CURVE('',#958,#959,#604,.T.);
#1214=EDGE_CURVE('',#959,#959,#136,.T.);
#1215=EDGE_CURVE('',#960,#960,#137,.T.);
#1216=EDGE_CURVE('',#960,#961,#605,.T.);
#1217=EDGE_CURVE('',#961,#961,#138,.T.);
#1218=EDGE_CURVE('',#962,#962,#139,.T.);
#1219=EDGE_CURVE('',#962,#963,#606,.T.);
#1220=EDGE_CURVE('',#963,#963,#140,.T.);
#1221=EDGE_CURVE('',#964,#964,#141,.T.);
#1222=EDGE_CURVE('',#964,#965,#607,.T.);
#1223=EDGE_CURVE('',#965,#965,#142,.T.);
#1224=EDGE_CURVE('',#966,#966,#143,.T.);
#1225=EDGE_CURVE('',#966,#967,#608,.T.);
#1226=EDGE_CURVE('',#967,#967,#144,.T.);
#1227=EDGE_CURVE('',#968,#968,#145,.T.);
#1228=EDGE_CURVE('',#968,#969,#609,.T.);
#1229=EDGE_CURVE('',#969,#969,#146,.T.);
#1230=EDGE_CURVE('',#970,#970,#147,.T.);
#1231=EDGE_CURVE('',#970,#971,#610,.T.);
#1232=EDGE_CURVE('',#971,#971,#148,.T.);
#1233=ORIENTED_EDGE('',*,*,#972,.F.);
#1234=ORIENTED_EDGE('',*,*,#973,.T.);
#1235=ORIENTED_EDGE('',*,*,#974,.T.);
#1236=ORIENTED_EDGE('',*,*,#975,.F.);
#1237=ORIENTED_EDGE('',*,*,#974,.F.);
#1238=ORIENTED_EDGE('',*,*,#976,.T.);
#1239=ORIENTED_EDGE('',*,*,#977,.T.);
#1240=ORIENTED_EDGE('',*,*,#978,.F.);
#1241=ORIENTED_EDGE('',*,*,#977,.F.);
#1242=ORIENTED_EDGE('',*,*,#979,.T.);
#1243=ORIENTED_EDGE('',*,*,#980,.T.);
#1244=ORIENTED_EDGE('',*,*,#981,.F.);
#1245=ORIENTED_EDGE('',*,*,#980,.F.);
#1246=ORIENTED_EDGE('',*,*,#982,.T.);
#1247=ORIENTED_EDGE('',*,*,#983,.T.);
#1248=ORIENTED_EDGE('',*,*,#984,.F.);
#1249=ORIENTED_EDGE('',*,*,#983,.F.);
#1250=ORIENTED_EDGE('',*,*,#985,.T.);
#1251=ORIENTED_EDGE('',*,*,#986,.T.);
#1252=ORIENTED_EDGE('',*,*,#987,.F.);
#1253=ORIENTED_EDGE('',*,*,#986,.F.);
#1254=ORIENTED_EDGE('',*,*,#988,.T.);
#1255=ORIENTED_EDGE('',*,*,#989,.T.);
#1256=ORIENTED_EDGE('',*,*,#990,.F.);
#1257=ORIENTED_EDGE('',*,*,#989,.F.);
#1258=ORIENTED_EDGE('',*,*,#991,.T.);
#1259=ORIENTED_EDGE('',*,*,#992,.T.);
#1260=ORIENTED_EDGE('',*,*,#993,.F.);
#1261=ORIENTED_EDGE('',*,*,#992,.F.);
#1262=ORIENTED_EDGE('',*,*,#994,.T.);
#1263=ORIENTED_EDGE('',*,*,#995,.T.);
#1264=ORIENTED_EDGE('',*,*,#996,.F.);
#1265=ORIENTED_EDGE('',*,*,#995,.F.);
#1266=ORIENTED_EDGE('',*,*,#997,.T.);
#1267=ORIENTED_EDGE('',*,*,#998,.T.);
#1268=ORIENTED_EDGE('',*,*,#999,.F.);
#1269=ORIENTED_EDGE('',*,*,#998,.F.);
#1270=ORIENTED_EDGE('',*,*,#1000,.T.);
#1271=ORIENTED_EDGE('',*,*,#1001,.T.);
#1272=ORIENTED_EDGE('',*,*,#1002,.F.);
#1273=ORIENTED_EDGE('',*,*,#1001,.F.);
#1274=ORIENTED_EDGE('',*,*,#1003,.T.);
#1275=ORIENTED_EDGE('',*,*,#1004,.T.);
#1276=ORIENTED_EDGE('',*,*,#1005,.F.);
#1277=ORIENTED_EDGE('',*,*,#1004,.F.);
#1278=ORIENTED_EDGE('',*,*,#1006,.T.);
#1279=ORIENTED_EDGE('',*,*,#1007,.T.);
#1280=ORIENTED_EDGE('',*,*,#1008,.F.);
#1281=ORIENTED_EDGE('',*,*,#1007,.F.);
#1282=ORIENTED_EDGE('',*,*,#1009,.T.);
#1283=ORIENTED_EDGE('',*,*,#1010,.T.);
#1284=ORIENTED_EDGE('',*,*,#1011,.F.);
#1285=ORIENTED_EDGE('',*,*,#1010,.F.);
#1286=ORIENTED_EDGE('',*,*,#1012,.T.);
#1287=ORIENTED_EDGE('',*,*,#1013,.T.);
#1288=ORIENTED_EDGE('',*,*,#1014,.F.);
#1289=ORIENTED_EDGE('',*,*,#1013,.F.);
#1290=ORIENTED_EDGE('',*,*,#1015,.T.);
#1291=ORIENTED_EDGE('',*,*,#1016,.T.);
#1292=ORIENTED_EDGE('',*,*,#1017,.F.);
#1293=ORIENTED_EDGE('',*,*,#1016,.F.);
#1294=ORIENTED_EDGE('',*,*,#1018,.T.);
#1295=ORIENTED_EDGE('',*,*,#1019,.T.);
#1296=ORIENTED_EDGE('',*,*,#1020,.F.);
#1297=ORIENTED_EDGE('',*,*,#1019,.F.);
#1298=ORIENTED_EDGE('',*,*,#1021,.T.);
#1299=ORIENTED_EDGE('',*,*,#1022,.T.);
#1300=ORIENTED_EDGE('',*,*,#1023,.F.);
#1301=ORIENTED_EDGE('',*,*,#1022,.F.);
#1302=ORIENTED_EDGE('',*,*,#1024,.T.);
#1303=ORIENTED_EDGE('',*,*,#1025,.T.);
#1304=ORIENTED_EDGE('',*,*,#1026,.F.);
#1305=ORIENTED_EDGE('',*,*,#1025,.F.);
#1306=ORIENTED_EDGE('',*,*,#1027,.T.);
#1307=ORIENTED_EDGE('',*,*,#1028,.T.);
#1308=ORIENTED_EDGE('',*,*,#1029,.F.);
#1309=ORIENTED_EDGE('',*,*,#1028,.F.);
#1310=ORIENTED_EDGE('',*,*,#1030,.T.);
#1311=ORIENTED_EDGE('',*,*,#1031,.T.);
#1312=ORIENTED_EDGE('',*,*,#1032,.F.);
#1313=ORIENTED_EDGE('',*,*,#1031,.F.);
#1314=ORIENTED_EDGE('',*,*,#1033,.T.);
#1315=ORIENTED_EDGE('',*,*,#1034,.T.);
#1316=ORIENTED_EDGE('',*,*,#1035,.F.);
#1317=ORIENTED_EDGE('',*,*,#1034,.F.);
#1318=ORIENTED_EDGE('',*,*,#1036,.T.);
#1319=ORIENTED_EDGE('',*,*,#1037,.T.);
#1320=ORIENTED_EDGE('',*,*,#1038,.F.);
#1321=ORIENTED_EDGE('',*,*,#1037,.F.);
#1322=ORIENTED_EDGE('',*,*,#1039,.T.);
#1323=ORIENTED_EDGE('',*,*,#1040,.T.);
#1324=ORIENTED_EDGE('',*,*,#1041,.F.);
#1325=ORIENTED_EDGE('',*,*,#1040,.F.);
#1326=ORIENTED_EDGE('',*,*,#1042,.T.);
#1327=ORIENTED_EDGE('',*,*,#1043,.T.);
#1328=ORIENTED_EDGE('',*,*,#1044,.F.);
#1329=ORIENTED_EDGE('',*,*,#1043,.F.);
#1330=ORIENTED_EDGE('',*,*,#1045,.T.);
#1331=ORIENTED_EDGE('',*,*,#1046,.T.);
#1332=ORIENTED_EDGE('',*,*,#1047,.F.);
#1333=ORIENTED_EDGE('',*,*,#1046,.F.);
#1334=ORIENTED_EDGE('',*,*,#1048,.T.);
#1335=ORIENTED_EDGE('',*,*,#1049,.T.);
#1336=ORIENTED_EDGE('',*,*,#1050,.F.);
#1337=ORIENTED_EDGE('',*,*,#1049,.F.);
#1338=ORIENTED_EDGE('',*,*,#1051,.T.);
#1339=ORIENTED_EDGE('',*,*,#1052,.T.);
#1340=ORIENTED_EDGE('',*,*,#1053,.F.);
#1341=ORIENTED_EDGE('',*,*,#1052,.F.);
#1342=ORIENTED_EDGE('',*,*,#1054,.T.);
#1343=ORIENTED_EDGE('',*,*,#1055,.T.);
#1344=ORIENTED_EDGE('',*,*,#1056,.F.);
#1345=ORIENTED_EDGE('',*,*,#1055,.F.);
#1346=ORIENTED_EDGE('',*,*,#1057,.T.);
#1347=ORIENTED_EDGE('',*,*,#1058,.T.);
#1348=ORIENTED_EDGE('',*,*,#1059,.F.);
#1349=ORIENTED_EDGE('',*,*,#1058,.F.);
#1350=ORIENTED_EDGE('',*,*,#1060,.T.);
#1351=ORIENTED_EDGE('',*,*,#1061,.T.);
#1352=ORIENTED_EDGE('',*,*,#1062,.F.);
#1353=ORIENTED_EDGE('',*,*,#1061,.F.);
#1354=ORIENTED_EDGE('',*,*,#1063,.T.);
#1355=ORIENTED_EDGE('',*,*,#1064,.T.);
#1356=ORIENTED_EDGE('',*,*,#1065,.F.);
#1357=ORIENTED_EDGE('',*,*,#1064,.F.);
#1358=ORIENTED_EDGE('',*,*,#1066,.T.);
#1359=ORIENTED_EDGE('',*,*,#1067,.T.);
#1360=ORIENTED_EDGE('',*,*,#1068,.F.);
#1361=ORIENTED_EDGE('',*,*,#1067,.F.);
#1362=ORIENTED_EDGE('',*,*,#1069,.T.);
#1363=ORIENTED_EDGE('',*,*,#1070,.T.);
#1364=ORIENTED_EDGE('',*,*,#1071,.F.);
#1365=ORIENTED_EDGE('',*,*,#1070,.F.);
#1366=ORIENTED_EDGE('',*,*,#1072,.T.);
#1367=ORIENTED_EDGE('',*,*,#1073,.T.);
#1368=ORIENTED_EDGE('',*,*,#1074,.F.);
#1369=ORIENTED_EDGE('',*,*,#1073,.F.);
#1370=ORIENTED_EDGE('',*,*,#1075,.T.);
#1371=ORIENTED_EDGE('',*,*,#1076,.T.);
#1372=ORIENTED_EDGE('',*,*,#1077,.F.);
#1373=ORIENTED_EDGE('',*,*,#1076,.F.);
#1374=ORIENTED_EDGE('',*,*,#1078,.T.);
#1375=ORIENTED_EDGE('',*,*,#972,.T.);
#1376=ORIENTED_EDGE('',*,*,#1079,.F.);
#1377=ORIENTED_EDGE('',*,*,#1080,.T.);
#1378=ORIENTED_EDGE('',*,*,#1081,.T.);
#1379=ORIENTED_EDGE('',*,*,#1082,.F.);
#1380=ORIENTED_EDGE('',*,*,#1081,.F.);
#1381=ORIENTED_EDGE('',*,*,#1083,.T.);
#1382=ORIENTED_EDGE('',*,*,#1084,.T.);
#1383=ORIENTED_EDGE('',*,*,#1085,.F.);
#1384=ORIENTED_EDGE('',*,*,#1086,.F.);
#1385=ORIENTED_EDGE('',*,*,#1085,.T.);
#1386=ORIENTED_EDGE('',*,*,#1087,.T.);
#1387=ORIENTED_EDGE('',*,*,#1088,.F.);
#1388=ORIENTED_EDGE('',*,*,#1089,.F.);
#1389=ORIENTED_EDGE('',*,*,#1088,.T.);
#1390=ORIENTED_EDGE('',*,*,#1090,.T.);
#1391=ORIENTED_EDGE('',*,*,#1091,.F.);
#1392=ORIENTED_EDGE('',*,*,#1092,.F.);
#1393=ORIENTED_EDGE('',*,*,#1091,.T.);
#1394=ORIENTED_EDGE('',*,*,#1093,.T.);
#1395=ORIENTED_EDGE('',*,*,#1083,.F.);
#1396=ORIENTED_EDGE('',*,*,#1094,.F.);
#1397=ORIENTED_EDGE('',*,*,#1095,.T.);
#1398=ORIENTED_EDGE('',*,*,#1096,.T.);
#1399=ORIENTED_EDGE('',*,*,#1097,.F.);
#1400=ORIENTED_EDGE('',*,*,#1098,.F.);
#1401=ORIENTED_EDGE('',*,*,#1097,.T.);
#1402=ORIENTED_EDGE('',*,*,#1099,.T.);
#1403=ORIENTED_EDGE('',*,*,#1100,.F.);
#1404=ORIENTED_EDGE('',*,*,#1101,.F.);
#1405=ORIENTED_EDGE('',*,*,#1100,.T.);
#1406=ORIENTED_EDGE('',*,*,#1102,.T.);
#1407=ORIENTED_EDGE('',*,*,#1103,.F.);
#1408=ORIENTED_EDGE('',*,*,#1104,.F.);
#1409=ORIENTED_EDGE('',*,*,#1103,.T.);
#1410=ORIENTED_EDGE('',*,*,#1105,.T.);
#1411=ORIENTED_EDGE('',*,*,#1095,.F.);
#1412=ORIENTED_EDGE('',*,*,#1106,.F.);
#1413=ORIENTED_EDGE('',*,*,#1107,.T.);
#1414=ORIENTED_EDGE('',*,*,#1108,.T.);
#1415=ORIENTED_EDGE('',*,*,#1109,.F.);
#1416=ORIENTED_EDGE('',*,*,#1108,.F.);
#1417=ORIENTED_EDGE('',*,*,#1110,.T.);
#1418=ORIENTED_EDGE('',*,*,#1111,.T.);
#1419=ORIENTED_EDGE('',*,*,#1112,.F.);
#1420=ORIENTED_EDGE('',*,*,#1113,.F.);
#1421=ORIENTED_EDGE('',*,*,#1112,.T.);
#1422=ORIENTED_EDGE('',*,*,#1114,.T.);
#1423=ORIENTED_EDGE('',*,*,#1115,.F.);
#1424=ORIENTED_EDGE('',*,*,#1116,.F.);
#1425=ORIENTED_EDGE('',*,*,#1115,.T.);
#1426=ORIENTED_EDGE('',*,*,#1117,.T.);
#1427=ORIENTED_EDGE('',*,*,#1118,.F.);
#1428=ORIENTED_EDGE('',*,*,#1119,.F.);
#1429=ORIENTED_EDGE('',*,*,#1118,.T.);
#1430=ORIENTED_EDGE('',*,*,#1120,.T.);
#1431=ORIENTED_EDGE('',*,*,#1110,.F.);
#1432=ORIENTED_EDGE('',*,*,#1121,.F.);
#1433=ORIENTED_EDGE('',*,*,#1122,.T.);
#1434=ORIENTED_EDGE('',*,*,#1123,.T.);
#1435=ORIENTED_EDGE('',*,*,#1124,.F.);
#1436=ORIENTED_EDGE('',*,*,#1123,.F.);
#1437=ORIENTED_EDGE('',*,*,#1125,.T.);
#1438=ORIENTED_EDGE('',*,*,#1126,.T.);
#1439=ORIENTED_EDGE('',*,*,#1127,.F.);
#1440=ORIENTED_EDGE('',*,*,#1128,.F.);
#1441=ORIENTED_EDGE('',*,*,#1127,.T.);
#1442=ORIENTED_EDGE('',*,*,#1129,.T.);
#1443=ORIENTED_EDGE('',*,*,#1130,.F.);
#1444=ORIENTED_EDGE('',*,*,#1131,.F.);
#1445=ORIENTED_EDGE('',*,*,#1130,.T.);
#1446=ORIENTED_EDGE('',*,*,#1132,.T.);
#1447=ORIENTED_EDGE('',*,*,#1133,.F.);
#1448=ORIENTED_EDGE('',*,*,#1134,.F.);
#1449=ORIENTED_EDGE('',*,*,#1133,.T.);
#1450=ORIENTED_EDGE('',*,*,#1135,.T.);
#1451=ORIENTED_EDGE('',*,*,#1125,.F.);
#1452=ORIENTED_EDGE('',*,*,#1136,.F.);
#1453=ORIENTED_EDGE('',*,*,#1137,.T.);
#1454=ORIENTED_EDGE('',*,*,#1138,.T.);
#1455=ORIENTED_EDGE('',*,*,#1139,.F.);
#1456=ORIENTED_EDGE('',*,*,#1140,.F.);
#1457=ORIENTED_EDGE('',*,*,#1139,.T.);
#1458=ORIENTED_EDGE('',*,*,#1141,.T.);
#1459=ORIENTED_EDGE('',*,*,#1142,.F.);
#1460=ORIENTED_EDGE('',*,*,#1143,.F.);
#1461=ORIENTED_EDGE('',*,*,#1142,.T.);
#1462=ORIENTED_EDGE('',*,*,#1144,.T.);
#1463=ORIENTED_EDGE('',*,*,#1145,.F.);
#1464=ORIENTED_EDGE('',*,*,#1146,.F.);
#1465=ORIENTED_EDGE('',*,*,#1145,.T.);
#1466=ORIENTED_EDGE('',*,*,#1147,.T.);
#1467=ORIENTED_EDGE('',*,*,#1137,.F.);
#1468=ORIENTED_EDGE('',*,*,#1148,.F.);
#1469=ORIENTED_EDGE('',*,*,#1149,.T.);
#1470=ORIENTED_EDGE('',*,*,#1150,.T.);
#1471=ORIENTED_EDGE('',*,*,#1151,.F.);
#1472=ORIENTED_EDGE('',*,*,#1150,.F.);
#1473=ORIENTED_EDGE('',*,*,#1152,.T.);
#1474=ORIENTED_EDGE('',*,*,#1153,.T.);
#1475=ORIENTED_EDGE('',*,*,#1154,.F.);
#1476=ORIENTED_EDGE('',*,*,#1153,.F.);
#1477=ORIENTED_EDGE('',*,*,#1155,.T.);
#1478=ORIENTED_EDGE('',*,*,#1156,.T.);
#1479=ORIENTED_EDGE('',*,*,#1157,.F.);
#1480=ORIENTED_EDGE('',*,*,#1156,.F.);
#1481=ORIENTED_EDGE('',*,*,#1158,.T.);
#1482=ORIENTED_EDGE('',*,*,#1159,.T.);
#1483=ORIENTED_EDGE('',*,*,#1160,.F.);
#1484=ORIENTED_EDGE('',*,*,#1159,.F.);
#1485=ORIENTED_EDGE('',*,*,#1161,.T.);
#1486=ORIENTED_EDGE('',*,*,#1162,.T.);
#1487=ORIENTED_EDGE('',*,*,#1163,.F.);
#1488=ORIENTED_EDGE('',*,*,#1162,.F.);
#1489=ORIENTED_EDGE('',*,*,#1164,.T.);
#1490=ORIENTED_EDGE('',*,*,#1165,.T.);
#1491=ORIENTED_EDGE('',*,*,#1166,.F.);
#1492=ORIENTED_EDGE('',*,*,#1165,.F.);
#1493=ORIENTED_EDGE('',*,*,#1167,.T.);
#1494=ORIENTED_EDGE('',*,*,#1168,.T.);
#1495=ORIENTED_EDGE('',*,*,#1169,.F.);
#1496=ORIENTED_EDGE('',*,*,#1168,.F.);
#1497=ORIENTED_EDGE('',*,*,#1170,.T.);
#1498=ORIENTED_EDGE('',*,*,#1171,.T.);
#1499=ORIENTED_EDGE('',*,*,#1172,.F.);
#1500=ORIENTED_EDGE('',*,*,#1171,.F.);
#1501=ORIENTED_EDGE('',*,*,#1173,.T.);
#1502=ORIENTED_EDGE('',*,*,#1174,.T.);
#1503=ORIENTED_EDGE('',*,*,#1175,.F.);
#1504=ORIENTED_EDGE('',*,*,#1174,.F.);
#1505=ORIENTED_EDGE('',*,*,#1176,.T.);
#1506=ORIENTED_EDGE('',*,*,#1177,.T.);
#1507=ORIENTED_EDGE('',*,*,#1178,.F.);
#1508=ORIENTED_EDGE('',*,*,#1177,.F.);
#1509=ORIENTED_EDGE('',*,*,#1179,.T.);
#1510=ORIENTED_EDGE('',*,*,#1180,.T.);
#1511=ORIENTED_EDGE('',*,*,#1181,.F.);
#1512=ORIENTED_EDGE('',*,*,#1182,.F.);
#1513=ORIENTED_EDGE('',*,*,#1181,.T.);
#1514=ORIENTED_EDGE('',*,*,#1183,.T.);
#1515=ORIENTED_EDGE('',*,*,#1184,.F.);
#1516=ORIENTED_EDGE('',*,*,#1185,.F.);
#1517=ORIENTED_EDGE('',*,*,#1184,.T.);
#1518=ORIENTED_EDGE('',*,*,#1186,.T.);
#1519=ORIENTED_EDGE('',*,*,#1187,.F.);
#1520=ORIENTED_EDGE('',*,*,#1188,.F.);
#1521=ORIENTED_EDGE('',*,*,#1187,.T.);
#1522=ORIENTED_EDGE('',*,*,#1189,.T.);
#1523=ORIENTED_EDGE('',*,*,#1179,.F.);
#1524=ORIENTED_EDGE('',*,*,#1190,.F.);
#1525=ORIENTED_EDGE('',*,*,#1191,.T.);
#1526=ORIENTED_EDGE('',*,*,#1192,.T.);
#1527=ORIENTED_EDGE('',*,*,#1193,.F.);
#1528=ORIENTED_EDGE('',*,*,#1192,.F.);
#1529=ORIENTED_EDGE('',*,*,#1194,.T.);
#1530=ORIENTED_EDGE('',*,*,#1195,.T.);
#1531=ORIENTED_EDGE('',*,*,#1196,.F.);
#1532=ORIENTED_EDGE('',*,*,#1197,.F.);
#1533=ORIENTED_EDGE('',*,*,#1196,.T.);
#1534=ORIENTED_EDGE('',*,*,#1198,.T.);
#1535=ORIENTED_EDGE('',*,*,#1199,.F.);
#1536=ORIENTED_EDGE('',*,*,#1200,.F.);
#1537=ORIENTED_EDGE('',*,*,#1199,.T.);
#1538=ORIENTED_EDGE('',*,*,#1201,.T.);
#1539=ORIENTED_EDGE('',*,*,#1202,.F.);
#1540=ORIENTED_EDGE('',*,*,#1203,.F.);
#1541=ORIENTED_EDGE('',*,*,#1202,.T.);
#1542=ORIENTED_EDGE('',*,*,#1204,.T.);
#1543=ORIENTED_EDGE('',*,*,#1194,.F.);
#1544=ORIENTED_EDGE('',*,*,#1205,.F.);
#1545=ORIENTED_EDGE('',*,*,#1206,.T.);
#1546=ORIENTED_EDGE('',*,*,#1207,.T.);
#1547=ORIENTED_EDGE('',*,*,#1208,.F.);
#1548=ORIENTED_EDGE('',*,*,#1207,.F.);
#1549=ORIENTED_EDGE('',*,*,#1209,.T.);
#1550=ORIENTED_EDGE('',*,*,#1210,.T.);
#1551=ORIENTED_EDGE('',*,*,#1211,.F.);
#1552=ORIENTED_EDGE('',*,*,#1210,.F.);
#1553=ORIENTED_EDGE('',*,*,#1212,.T.);
#1554=ORIENTED_EDGE('',*,*,#1213,.T.);
#1555=ORIENTED_EDGE('',*,*,#1214,.F.);
#1556=ORIENTED_EDGE('',*,*,#1213,.F.);
#1557=ORIENTED_EDGE('',*,*,#1215,.T.);
#1558=ORIENTED_EDGE('',*,*,#1216,.T.);
#1559=ORIENTED_EDGE('',*,*,#1217,.F.);
#1560=ORIENTED_EDGE('',*,*,#1216,.F.);
#1561=ORIENTED_EDGE('',*,*,#1218,.T.);
#1562=ORIENTED_EDGE('',*,*,#1219,.T.);
#1563=ORIENTED_EDGE('',*,*,#1220,.F.);
#1564=ORIENTED_EDGE('',*,*,#1219,.F.);
#1565=ORIENTED_EDGE('',*,*,#1221,.T.);
#1566=ORIENTED_EDGE('',*,*,#1222,.T.);
#1567=ORIENTED_EDGE('',*,*,#1223,.F.);
#1568=ORIENTED_EDGE('',*,*,#1222,.F.);
#1569=ORIENTED_EDGE('',*,*,#1224,.T.);
#1570=ORIENTED_EDGE('',*,*,#1225,.T.);
#1571=ORIENTED_EDGE('',*,*,#1226,.F.);
#1572=ORIENTED_EDGE('',*,*,#1225,.F.);
#1573=ORIENTED_EDGE('',*,*,#1227,.T.);
#1574=ORIENTED_EDGE('',*,*,#1228,.T.);
#1575=ORIENTED_EDGE('',*,*,#1229,.F.);
#1576=ORIENTED_EDGE('',*,*,#1228,.F.);
#1577=ORIENTED_EDGE('',*,*,#1230,.T.);
#1578=ORIENTED_EDGE('',*,*,#1231,.T.);
#1579=ORIENTED_EDGE('',*,*,#1232,.F.);
#1580=ORIENTED_EDGE('',*,*,#1231,.F.);
#1581=ORIENTED_EDGE('',*,*,#973,.F.);
#1582=ORIENTED_EDGE('',*,*,#1078,.F.);
#1583=ORIENTED_EDGE('',*,*,#1075,.F.);
#1584=ORIENTED_EDGE('',*,*,#1072,.F.);
#1585=ORIENTED_EDGE('',*,*,#1069,.F.);
#1586=ORIENTED_EDGE('',*,*,#1066,.F.);
#1587=ORIENTED_EDGE('',*,*,#1063,.F.);
#1588=ORIENTED_EDGE('',*,*,#1060,.F.);
#1589=ORIENTED_EDGE('',*,*,#1057,.F.);
#1590=ORIENTED_EDGE('',*,*,#1054,.F.);
#1591=ORIENTED_EDGE('',*,*,#1051,.F.);
#1592=ORIENTED_EDGE('',*,*,#1048,.F.);
#1593=ORIENTED_EDGE('',*,*,#1045,.F.);
#1594=ORIENTED_EDGE('',*,*,#1042,.F.);
#1595=ORIENTED_EDGE('',*,*,#1039,.F.);
#1596=ORIENTED_EDGE('',*,*,#1036,.F.);
#1597=ORIENTED_EDGE('',*,*,#1033,.F.);
#1598=ORIENTED_EDGE('',*,*,#1030,.F.);
#1599=ORIENTED_EDGE('',*,*,#1027,.F.);
#1600=ORIENTED_EDGE('',*,*,#1024,.F.);
#1601=ORIENTED_EDGE('',*,*,#1021,.F.);
#1602=ORIENTED_EDGE('',*,*,#1018,.F.);
#1603=ORIENTED_EDGE('',*,*,#1015,.F.);
#1604=ORIENTED_EDGE('',*,*,#1012,.F.);
#1605=ORIENTED_EDGE('',*,*,#1009,.F.);
#1606=ORIENTED_EDGE('',*,*,#1006,.F.);
#1607=ORIENTED_EDGE('',*,*,#1003,.F.);
#1608=ORIENTED_EDGE('',*,*,#1000,.F.);
#1609=ORIENTED_EDGE('',*,*,#997,.F.);
#1610=ORIENTED_EDGE('',*,*,#994,.F.);
#1611=ORIENTED_EDGE('',*,*,#991,.F.);
#1612=ORIENTED_EDGE('',*,*,#988,.F.);
#1613=ORIENTED_EDGE('',*,*,#985,.F.);
#1614=ORIENTED_EDGE('',*,*,#982,.F.);
#1615=ORIENTED_EDGE('',*,*,#979,.F.);
#1616=ORIENTED_EDGE('',*,*,#976,.F.);
#1617=ORIENTED_EDGE('',*,*,#1082,.T.);
#1618=ORIENTED_EDGE('',*,*,#1086,.T.);
#1619=ORIENTED_EDGE('',*,*,#1089,.T.);
#1620=ORIENTED_EDGE('',*,*,#1092,.T.);
#1621=ORIENTED_EDGE('',*,*,#1094,.T.);
#1622=ORIENTED_EDGE('',*,*,#1098,.T.);
#1623=ORIENTED_EDGE('',*,*,#1101,.T.);
#1624=ORIENTED_EDGE('',*,*,#1104,.T.);
#1625=ORIENTED_EDGE('',*,*,#1106,.T.);
#1626=ORIENTED_EDGE('',*,*,#1109,.T.);
#1627=ORIENTED_EDGE('',*,*,#1113,.T.);
#1628=ORIENTED_EDGE('',*,*,#1116,.T.);
#1629=ORIENTED_EDGE('',*,*,#1119,.T.);
#1630=ORIENTED_EDGE('',*,*,#1121,.T.);
#1631=ORIENTED_EDGE('',*,*,#1124,.T.);
#1632=ORIENTED_EDGE('',*,*,#1128,.T.);
#1633=ORIENTED_EDGE('',*,*,#1131,.T.);
#1634=ORIENTED_EDGE('',*,*,#1134,.T.);
#1635=ORIENTED_EDGE('',*,*,#1136,.T.);
#1636=ORIENTED_EDGE('',*,*,#1140,.T.);
#1637=ORIENTED_EDGE('',*,*,#1143,.T.);
#1638=ORIENTED_EDGE('',*,*,#1146,.T.);
#1639=ORIENTED_EDGE('',*,*,#1148,.T.);
#1640=ORIENTED_EDGE('',*,*,#1151,.T.);
#1641=ORIENTED_EDGE('',*,*,#1154,.T.);
#1642=ORIENTED_EDGE('',*,*,#1157,.T.);
#1643=ORIENTED_EDGE('',*,*,#1160,.T.);
#1644=ORIENTED_EDGE('',*,*,#1163,.T.);
#1645=ORIENTED_EDGE('',*,*,#1166,.T.);
#1646=ORIENTED_EDGE('',*,*,#1169,.T.);
#1647=ORIENTED_EDGE('',*,*,#1172,.T.);
#1648=ORIENTED_EDGE('',*,*,#1175,.T.);
#1649=ORIENTED_EDGE('',*,*,#1178,.T.);
#1650=ORIENTED_EDGE('',*,*,#1182,.T.);
#1651=ORIENTED_EDGE('',*,*,#1185,.T.);
#1652=ORIENTED_EDGE('',*,*,#1188,.T.);
#1653=ORIENTED_EDGE('',*,*,#1190,.T.);
#1654=ORIENTED_EDGE('',*,*,#1193,.T.);
#1655=ORIENTED_EDGE('',*,*,#1197,.T.);
#1656=ORIENTED_EDGE('',*,*,#1200,.T.);
#1657=ORIENTED_EDGE('',*,*,#1203,.T.);
#1658=ORIENTED_EDGE('',*,*,#1205,.T.);
#1659=ORIENTED_EDGE('',*,*,#1208,.T.);
#1660=ORIENTED_EDGE('',*,*,#1211,.T.);
#1661=ORIENTED_EDGE('',*,*,#1214,.T.);
#1662=ORIENTED_EDGE('',*,*,#1217,.T.);
#1663=ORIENTED_EDGE('',*,*,#1220,.T.);
#1664=ORIENTED_EDGE('',*,*,#1223,.T.);
#1665=ORIENTED_EDGE('',*,*,#1226,.T.);
#1666=ORIENTED_EDGE('',*,*,#1229,.T.);
#1667=ORIENTED_EDGE('',*,*,#1232,.T.);
#1668=ORIENTED_EDGE('',*,*,#975,.T.);
#1669=ORIENTED_EDGE('',*,*,#978,.T.);
#1670=ORIENTED_EDGE('',*,*,#981,.T.);
#1671=ORIENTED_EDGE('',*,*,#984,.T.);
#1672=ORIENTED_EDGE('',*,*,#987,.T.);
#1673=ORIENTED_EDGE('',*,*,#990,.T.);
#1674=ORIENTED_EDGE('',*,*,#993,.T.);
#1675=ORIENTED_EDGE('',*,*,#996,.T.);
#1676=ORIENTED_EDGE('',*,*,#999,.T.);
#1677=ORIENTED_EDGE('',*,*,#1002,.T.);
#1678=ORIENTED_EDGE('',*,*,#1005,.T.);
#1679=ORIENTED_EDGE('',*,*,#1008,.T.);
#1680=ORIENTED_EDGE('',*,*,#1011,.T.);
#1681=ORIENTED_EDGE('',*,*,#1014,.T.);
#1682=ORIENTED_EDGE('',*,*,#1017,.T.);
#1683=ORIENTED_EDGE('',*,*,#1020,.T.);
#1684=ORIENTED_EDGE('',*,*,#1023,.T.);
#1685=ORIENTED_EDGE('',*,*,#1026,.T.);
#1686=ORIENTED_EDGE('',*,*,#1029,.T.);
#1687=ORIENTED_EDGE('',*,*,#1032,.T.);
#1688=ORIENTED_EDGE('',*,*,#1035,.T.);
#1689=ORIENTED_EDGE('',*,*,#1038,.T.);
#1690=ORIENTED_EDGE('',*,*,#1041,.T.);
#1691=ORIENTED_EDGE('',*,*,#1044,.T.);
#1692=ORIENTED_EDGE('',*,*,#1047,.T.);
#1693=ORIENTED_EDGE('',*,*,#1050,.T.);
#1694=ORIENTED_EDGE('',*,*,#1053,.T.);
#1695=ORIENTED_EDGE('',*,*,#1056,.T.);
#1696=ORIENTED_EDGE('',*,*,#1059,.T.);
#1697=ORIENTED_EDGE('',*,*,#1062,.T.);
#1698=ORIENTED_EDGE('',*,*,#1065,.T.);
#1699=ORIENTED_EDGE('',*,*,#1068,.T.);
#1700=ORIENTED_EDGE('',*,*,#1071,.T.);
#1701=ORIENTED_EDGE('',*,*,#1074,.T.);
#1702=ORIENTED_EDGE('',*,*,#1077,.T.);
#1703=ORIENTED_EDGE('',*,*,#1079,.T.);
#1704=ORIENTED_EDGE('',*,*,#1080,.F.);
#1705=ORIENTED_EDGE('',*,*,#1084,.F.);
#1706=ORIENTED_EDGE('',*,*,#1093,.F.);
#1707=ORIENTED_EDGE('',*,*,#1090,.F.);
#1708=ORIENTED_EDGE('',*,*,#1087,.F.);
#1709=ORIENTED_EDGE('',*,*,#1096,.F.);
#1710=ORIENTED_EDGE('',*,*,#1105,.F.);
#1711=ORIENTED_EDGE('',*,*,#1102,.F.);
#1712=ORIENTED_EDGE('',*,*,#1099,.F.);
#1713=ORIENTED_EDGE('',*,*,#1107,.F.);
#1714=ORIENTED_EDGE('',*,*,#1111,.F.);
#1715=ORIENTED_EDGE('',*,*,#1120,.F.);
#1716=ORIENTED_EDGE('',*,*,#1117,.F.);
#1717=ORIENTED_EDGE('',*,*,#1114,.F.);
#1718=ORIENTED_EDGE('',*,*,#1122,.F.);
#1719=ORIENTED_EDGE('',*,*,#1126,.F.);
#1720=ORIENTED_EDGE('',*,*,#1135,.F.);
#1721=ORIENTED_EDGE('',*,*,#1132,.F.);
#1722=ORIENTED_EDGE('',*,*,#1129,.F.);
#1723=ORIENTED_EDGE('',*,*,#1138,.F.);
#1724=ORIENTED_EDGE('',*,*,#1147,.F.);
#1725=ORIENTED_EDGE('',*,*,#1144,.F.);
#1726=ORIENTED_EDGE('',*,*,#1141,.F.);
#1727=ORIENTED_EDGE('',*,*,#1149,.F.);
#1728=ORIENTED_EDGE('',*,*,#1152,.F.);
#1729=ORIENTED_EDGE('',*,*,#1155,.F.);
#1730=ORIENTED_EDGE('',*,*,#1158,.F.);
#1731=ORIENTED_EDGE('',*,*,#1161,.F.);
#1732=ORIENTED_EDGE('',*,*,#1164,.F.);
#1733=ORIENTED_EDGE('',*,*,#1167,.F.);
#1734=ORIENTED_EDGE('',*,*,#1170,.F.);
#1735=ORIENTED_EDGE('',*,*,#1173,.F.);
#1736=ORIENTED_EDGE('',*,*,#1176,.F.);
#1737=ORIENTED_EDGE('',*,*,#1180,.F.);
#1738=ORIENTED_EDGE('',*,*,#1189,.F.);
#1739=ORIENTED_EDGE('',*,*,#1186,.F.);
#1740=ORIENTED_EDGE('',*,*,#1183,.F.);
#1741=ORIENTED_EDGE('',*,*,#1191,.F.);
#1742=ORIENTED_EDGE('',*,*,#1195,.F.);
#1743=ORIENTED_EDGE('',*,*,#1204,.F.);
#1744=ORIENTED_EDGE('',*,*,#1201,.F.);
#1745=ORIENTED_EDGE('',*,*,#1198,.F.);
#1746=ORIENTED_EDGE('',*,*,#1206,.F.);
#1747=ORIENTED_EDGE('',*,*,#1209,.F.);
#1748=ORIENTED_EDGE('',*,*,#1212,.F.);
#1749=ORIENTED_EDGE('',*,*,#1215,.F.);
#1750=ORIENTED_EDGE('',*,*,#1218,.F.);
#1751=ORIENTED_EDGE('',*,*,#1221,.F.);
#1752=ORIENTED_EDGE('',*,*,#1224,.F.);
#1753=ORIENTED_EDGE('',*,*,#1227,.F.);
#1754=ORIENTED_EDGE('',*,*,#1230,.F.);
#1755=PLANE('',#1910);
#1756=PLANE('',#1911);
#1757=PLANE('',#1912);
#1758=PLANE('',#1913);
#1759=PLANE('',#1914);
#1760=PLANE('',#1915);
#1761=PLANE('',#1916);
#1762=PLANE('',#1917);
#1763=PLANE('',#1918);
#1764=PLANE('',#1919);
#1765=PLANE('',#1920);
#1766=PLANE('',#1921);
#1767=PLANE('',#1922);
#1768=PLANE('',#1923);
#1769=PLANE('',#1924);
#1770=PLANE('',#1925);
#1771=PLANE('',#1926);
#1772=PLANE('',#1927);
#1773=PLANE('',#1928);
#1774=PLANE('',#1929);
#1775=PLANE('',#1930);
#1776=PLANE('',#1931);
#1777=PLANE('',#1932);
#1778=PLANE('',#1933);
#1779=PLANE('',#1934);
#1780=PLANE('',#1935);
#1781=PLANE('',#1936);
#1782=PLANE('',#1937);
#1783=PLANE('',#1938);
#1784=PLANE('',#1939);
#1785=PLANE('',#1940);
#1786=PLANE('',#1941);
#1787=PLANE('',#1942);
#1788=PLANE('',#1943);
#1789=PLANE('',#1944);
#1790=PLANE('',#1945);
#1791=PLANE('',#1949);
#1792=PLANE('',#1953);
#1793=PLANE('',#1957);
#1794=PLANE('',#1961);
#1795=PLANE('',#1968);
#1796=PLANE('',#1972);
#1797=PLANE('',#1979);
#1798=PLANE('',#1983);
#1799=PLANE('',#1987);
#1800=PLANE('',#1991);
#1801=PLANE('',#2025);
#1802=PLANE('',#2029);
#1803=PLANE('',#2036);
#1804=PLANE('',#2040);
#1805=PLANE('',#2071);
#1806=PLANE('',#2072);
#1807=ADVANCED_FACE('',(#186),#1755,.F.);
#1808=ADVANCED_FACE('',(#187),#1756,.F.);
#1809=ADVANCED_FACE('',(#188),#1757,.F.);
#1810=ADVANCED_FACE('',(#189),#1758,.F.);
#1811=ADVANCED_FACE('',(#190),#1759,.F.);
#1812=ADVANCED_FACE('',(#191),#1760,.F.);
#1813=ADVANCED_FACE('',(#192),#1761,.F.);
#1814=ADVANCED_FACE('',(#193),#1762,.F.);
#1815=ADVANCED_FACE('',(#194),#1763,.F.);
#1816=ADVANCED_FACE('',(#195),#1764,.F.);
#1817=ADVANCED_FACE('',(#196),#1765,.F.);
#1818=ADVANCED_FACE('',(#197),#1766,.F.);
#1819=ADVANCED_FACE('',(#198),#1767,.F.);
#1820=ADVANCED_FACE('',(#199),#1768,.F.);
#1821=ADVANCED_FACE('',(#200),#1769,.F.);
#1822=ADVANCED_FACE('',(#201),#1770,.F.);
#1823=ADVANCED_FACE('',(#202),#1771,.F.);
#1824=ADVANCED_FACE('',(#203),#1772,.F.);
#1825=ADVANCED_FACE('',(#204),#1773,.F.);
#1826=ADVANCED_FACE('',(#205),#1774,.F.);
#1827=ADVANCED_FACE('',(#206),#1775,.F.);
#1828=ADVANCED_FACE('',(#207),#1776,.F.);
#1829=ADVANCED_FACE('',(#208),#1777,.F.);
#1830=ADVANCED_FACE('',(#209),#1778,.F.);
#1831=ADVANCED_FACE('',(#210),#1779,.F.);
#1832=ADVANCED_FACE('',(#211),#1780,.F.);
#1833=ADVANCED_FACE('',(#212),#1781,.F.);
#1834=ADVANCED_FACE('',(#213),#1782,.F.);
#1835=ADVANCED_FACE('',(#214),#1783,.F.);
#1836=ADVANCED_FACE('',(#215),#1784,.F.);
#1837=ADVANCED_FACE('',(#216),#1785,.F.);
#1838=ADVANCED_FACE('',(#217),#1786,.F.);
#1839=ADVANCED_FACE('',(#218),#1787,.F.);
#1840=ADVANCED_FACE('',(#219),#1788,.F.);
#1841=ADVANCED_FACE('',(#220),#1789,.F.);
#1842=ADVANCED_FACE('',(#221),#1790,.F.);
#1843=ADVANCED_FACE('',(#222),#149,.F.);
#1844=ADVANCED_FACE('',(#223),#1791,.T.);
#1845=ADVANCED_FACE('',(#224),#150,.F.);
#1846=ADVANCED_FACE('',(#225),#1792,.T.);
#1847=ADVANCED_FACE('',(#226),#151,.F.);
#1848=ADVANCED_FACE('',(#227),#1793,.T.);
#1849=ADVANCED_FACE('',(#228),#152,.F.);
#1850=ADVANCED_FACE('',(#229),#1794,.T.);
#1851=ADVANCED_FACE('',(#230),#153,.F.);
#1852=ADVANCED_FACE('',(#231),#154,.F.);
#1853=ADVANCED_FACE('',(#232),#1795,.T.);
#1854=ADVANCED_FACE('',(#233),#155,.F.);
#1855=ADVANCED_FACE('',(#234),#1796,.T.);
#1856=ADVANCED_FACE('',(#235),#156,.F.);
#1857=ADVANCED_FACE('',(#236),#157,.F.);
#1858=ADVANCED_FACE('',(#237),#1797,.T.);
#1859=ADVANCED_FACE('',(#238),#158,.F.);
#1860=ADVANCED_FACE('',(#239),#1798,.T.);
#1861=ADVANCED_FACE('',(#240),#159,.F.);
#1862=ADVANCED_FACE('',(#241),#1799,.T.);
#1863=ADVANCED_FACE('',(#242),#160,.F.);
#1864=ADVANCED_FACE('',(#243),#1800,.T.);
#1865=ADVANCED_FACE('',(#244),#161,.F.);
#1866=ADVANCED_FACE('',(#245),#162,.F.);
#1867=ADVANCED_FACE('',(#246),#163,.F.);
#1868=ADVANCED_FACE('',(#247),#164,.F.);
#1869=ADVANCED_FACE('',(#248),#165,.F.);
#1870=ADVANCED_FACE('',(#249),#166,.F.);
#1871=ADVANCED_FACE('',(#250),#167,.F.);
#1872=ADVANCED_FACE('',(#251),#168,.F.);
#1873=ADVANCED_FACE('',(#252),#169,.F.);
#1874=ADVANCED_FACE('',(#253),#170,.F.);
#1875=ADVANCED_FACE('',(#254),#171,.F.);
#1876=ADVANCED_FACE('',(#255),#1801,.T.);
#1877=ADVANCED_FACE('',(#256),#172,.F.);
#1878=ADVANCED_FACE('',(#257),#1802,.T.);
#1879=ADVANCED_FACE('',(#258),#173,.F.);
#1880=ADVANCED_FACE('',(#259),#174,.F.);
#1881=ADVANCED_FACE('',(#260),#1803,.T.);
#1882=ADVANCED_FACE('',(#261),#175,.F.);
#1883=ADVANCED_FACE('',(#262),#1804,.T.);
#1884=ADVANCED_FACE('',(#263),#176,.F.);
#1885=ADVANCED_FACE('',(#264),#177,.F.);
#1886=ADVANCED_FACE('',(#265),#178,.F.);
#1887=ADVANCED_FACE('',(#266),#179,.F.);
#1888=ADVANCED_FACE('',(#267),#180,.F.);
#1889=ADVANCED_FACE('',(#268),#181,.F.);
#1890=ADVANCED_FACE('',(#269),#182,.F.);
#1891=ADVANCED_FACE('',(#270),#183,.F.);
#1892=ADVANCED_FACE('',(#271),#184,.F.);
#1893=ADVANCED_FACE('',(#272),#185,.F.);
#1894=ADVANCED_FACE('',(#273,#15,#16,#17,#18,#19,#20,#21,#22,#23,#24,#25,
#26,#27,#28,#29,#30,#31,#32,#33,#34,#35,#36,#37,#38,#39,#40,#41,#42,#43,
#44),#1805,.T.);
#1895=ADVANCED_FACE('',(#274,#45,#46,#47,#48,#49,#50,#51,#52,#53,#54,#55,
#56,#57,#58,#59,#60,#61,#62,#63,#64,#65,#66,#67,#68,#69,#70,#71,#72,#73,
#74),#1806,.F.);
#1896=CLOSED_SHELL('',(#1807,#1808,#1809,#1810,#1811,#1812,#1813,#1814,
#1815,#1816,#1817,#1818,#1819,#1820,#1821,#1822,#1823,#1824,#1825,#1826,
#1827,#1828,#1829,#1830,#1831,#1832,#1833,#1834,#1835,#1836,#1837,#1838,
#1839,#1840,#1841,#1842,#1843,#1844,#1845,#1846,#1847,#1848,#1849,#1850,
#1851,#1852,#1853,#1854,#1855,#1856,#1857,#1858,#1859,#1860,#1861,#1862,
#1863,#1864,#1865,#1866,#1867,#1868,#1869,#1870,#1871,#1872,#1873,#1874,
#1875,#1876,#1877,#1878,#1879,#1880,#1881,#1882,#1883,#1884,#1885,#1886,
#1887,#1888,#1889,#1890,#1891,#1892,#1893,#1894,#1895));
#1897=DERIVED_UNIT_ELEMENT(#1899,1.);
#1898=DERIVED_UNIT_ELEMENT(#3118,-3.);
#1899=(
MASS_UNIT()
NAMED_UNIT(*)
SI_UNIT(.KILO.,.GRAM.)
);
#1900=DERIVED_UNIT((#1897,#1898));
#1901=MEASURE_REPRESENTATION_ITEM('density measure',
POSITIVE_RATIO_MEASURE(9991.22),#1900);
#1902=PROPERTY_DEFINITION_REPRESENTATION(#1907,#1904);
#1903=PROPERTY_DEFINITION_REPRESENTATION(#1908,#1905);
#1904=REPRESENTATION('material name',(#1906),#3115);
#1905=REPRESENTATION('density',(#1901),#3115);
#1906=DESCRIPTIVE_REPRESENTATION_ITEM('servo_board','servo_board');
#1907=PROPERTY_DEFINITION('material property','material name',#3125);
#1908=PROPERTY_DEFINITION('material property','density of part',#3125);
#1909=AXIS2_PLACEMENT_3D('',#2588,#2073,#2074);
#1910=AXIS2_PLACEMENT_3D('',#2589,#2075,#2076);
#1911=AXIS2_PLACEMENT_3D('',#2598,#2081,#2082);
#1912=AXIS2_PLACEMENT_3D('',#2604,#2086,#2087);
#1913=AXIS2_PLACEMENT_3D('',#2610,#2091,#2092);
#1914=AXIS2_PLACEMENT_3D('',#2616,#2096,#2097);
#1915=AXIS2_PLACEMENT_3D('',#2622,#2101,#2102);
#1916=AXIS2_PLACEMENT_3D('',#2628,#2106,#2107);
#1917=AXIS2_PLACEMENT_3D('',#2634,#2111,#2112);
#1918=AXIS2_PLACEMENT_3D('',#2640,#2116,#2117);
#1919=AXIS2_PLACEMENT_3D('',#2646,#2121,#2122);
#1920=AXIS2_PLACEMENT_3D('',#2652,#2126,#2127);
#1921=AXIS2_PLACEMENT_3D('',#2658,#2131,#2132);
#1922=AXIS2_PLACEMENT_3D('',#2664,#2136,#2137);
#1923=AXIS2_PLACEMENT_3D('',#2670,#2141,#2142);
#1924=AXIS2_PLACEMENT_3D('',#2676,#2146,#2147);
#1925=AXIS2_PLACEMENT_3D('',#2682,#2151,#2152);
#1926=AXIS2_PLACEMENT_3D('',#2688,#2156,#2157);
#1927=AXIS2_PLACEMENT_3D('',#2694,#2161,#2162);
#1928=AXIS2_PLACEMENT_3D('',#2700,#2166,#2167);
#1929=AXIS2_PLACEMENT_3D('',#2706,#2171,#2172);
#1930=AXIS2_PLACEMENT_3D('',#2712,#2176,#2177);
#1931=AXIS2_PLACEMENT_3D('',#2718,#2181,#2182);
#1932=AXIS2_PLACEMENT_3D('',#2724,#2186,#2187);
#1933=AXIS2_PLACEMENT_3D('',#2730,#2191,#2192);
#1934=AXIS2_PLACEMENT_3D('',#2736,#2196,#2197);
#1935=AXIS2_PLACEMENT_3D('',#2742,#2201,#2202);
#1936=AXIS2_PLACEMENT_3D('',#2748,#2206,#2207);
#1937=AXIS2_PLACEMENT_3D('',#2754,#2211,#2212);
#1938=AXIS2_PLACEMENT_3D('',#2760,#2216,#2217);
#1939=AXIS2_PLACEMENT_3D('',#2766,#2221,#2222);
#1940=AXIS2_PLACEMENT_3D('',#2772,#2226,#2227);
#1941=AXIS2_PLACEMENT_3D('',#2778,#2231,#2232);
#1942=AXIS2_PLACEMENT_3D('',#2784,#2236,#2237);
#1943=AXIS2_PLACEMENT_3D('',#2790,#2241,#2242);
#1944=AXIS2_PLACEMENT_3D('',#2796,#2246,#2247);
#1945=AXIS2_PLACEMENT_3D('',#2802,#2251,#2252);
#1946=AXIS2_PLACEMENT_3D('',#2805,#2255,#2256);
#1947=AXIS2_PLACEMENT_3D('',#2807,#2257,#2258);
#1948=AXIS2_PLACEMENT_3D('',#2810,#2260,#2261);
#1949=AXIS2_PLACEMENT_3D('',#2811,#2262,#2263);
#1950=AXIS2_PLACEMENT_3D('',#2820,#2268,#2269);
#1951=AXIS2_PLACEMENT_3D('',#2822,#2270,#2271);
#1952=AXIS2_PLACEMENT_3D('',#2825,#2273,#2274);
#1953=AXIS2_PLACEMENT_3D('',#2826,#2275,#2276);
#1954=AXIS2_PLACEMENT_3D('',#2832,#2280,#2281);
#1955=AXIS2_PLACEMENT_3D('',#2833,#2282,#2283);
#1956=AXIS2_PLACEMENT_3D('',#2834,#2284,#2285);
#1957=AXIS2_PLACEMENT_3D('',#2835,#2286,#2287);
#1958=AXIS2_PLACEMENT_3D('',#2844,#2292,#2293);
#1959=AXIS2_PLACEMENT_3D('',#2846,#2294,#2295);
#1960=AXIS2_PLACEMENT_3D('',#2849,#2297,#2298);
#1961=AXIS2_PLACEMENT_3D('',#2850,#2299,#2300);
#1962=AXIS2_PLACEMENT_3D('',#2856,#2304,#2305);
#1963=AXIS2_PLACEMENT_3D('',#2857,#2306,#2307);
#1964=AXIS2_PLACEMENT_3D('',#2858,#2308,#2309);
#1965=AXIS2_PLACEMENT_3D('',#2859,#2310,#2311);
#1966=AXIS2_PLACEMENT_3D('',#2861,#2312,#2313);
#1967=AXIS2_PLACEMENT_3D('',#2864,#2315,#2316);
#1968=AXIS2_PLACEMENT_3D('',#2865,#2317,#2318);
#1969=AXIS2_PLACEMENT_3D('',#2874,#2323,#2324);
#1970=AXIS2_PLACEMENT_3D('',#2876,#2325,#2326);
#1971=AXIS2_PLACEMENT_3D('',#2879,#2328,#2329);
#1972=AXIS2_PLACEMENT_3D('',#2880,#2330,#2331);
#1973=AXIS2_PLACEMENT_3D('',#2886,#2335,#2336);
#1974=AXIS2_PLACEMENT_3D('',#2887,#2337,#2338);
#1975=AXIS2_PLACEMENT_3D('',#2888,#2339,#2340);
#1976=AXIS2_PLACEMENT_3D('',#2889,#2341,#2342);
#1977=AXIS2_PLACEMENT_3D('',#2891,#2343,#2344);
#1978=AXIS2_PLACEMENT_3D('',#2894,#2346,#2347);
#1979=AXIS2_PLACEMENT_3D('',#2895,#2348,#2349);
#1980=AXIS2_PLACEMENT_3D('',#2904,#2354,#2355);
#1981=AXIS2_PLACEMENT_3D('',#2906,#2356,#2357);
#1982=AXIS2_PLACEMENT_3D('',#2909,#2359,#2360);
#1983=AXIS2_PLACEMENT_3D('',#2910,#2361,#2362);
#1984=AXIS2_PLACEMENT_3D('',#2916,#2366,#2367);
#1985=AXIS2_PLACEMENT_3D('',#2917,#2368,#2369);
#1986=AXIS2_PLACEMENT_3D('',#2918,#2370,#2371);
#1987=AXIS2_PLACEMENT_3D('',#2919,#2372,#2373);
#1988=AXIS2_PLACEMENT_3D('',#2928,#2378,#2379);
#1989=AXIS2_PLACEMENT_3D('',#2930,#2380,#2381);
#1990=AXIS2_PLACEMENT_3D('',#2933,#2383,#2384);
#1991=AXIS2_PLACEMENT_3D('',#2934,#2385,#2386);
#1992=AXIS2_PLACEMENT_3D('',#2940,#2390,#2391);
#1993=AXIS2_PLACEMENT_3D('',#2941,#2392,#2393);
#1994=AXIS2_PLACEMENT_3D('',#2942,#2394,#2395);
#1995=AXIS2_PLACEMENT_3D('',#2943,#2396,#2397);
#1996=AXIS2_PLACEMENT_3D('',#2945,#2398,#2399);
#1997=AXIS2_PLACEMENT_3D('',#2948,#2401,#2402);
#1998=AXIS2_PLACEMENT_3D('',#2949,#2403,#2404);
#1999=AXIS2_PLACEMENT_3D('',#2951,#2405,#2406);
#2000=AXIS2_PLACEMENT_3D('',#2954,#2408,#2409);
#2001=AXIS2_PLACEMENT_3D('',#2955,#2410,#2411);
#2002=AXIS2_PLACEMENT_3D('',#2957,#2412,#2413);
#2003=AXIS2_PLACEMENT_3D('',#2960,#2415,#2416);
#2004=AXIS2_PLACEMENT_3D('',#2961,#2417,#2418);
#2005=AXIS2_PLACEMENT_3D('',#2963,#2419,#2420);
#2006=AXIS2_PLACEMENT_3D('',#2966,#2422,#2423);
#2007=AXIS2_PLACEMENT_3D('',#2967,#2424,#2425);
#2008=AXIS2_PLACEMENT_3D('',#2969,#2426,#2427);
#2009=AXIS2_PLACEMENT_3D('',#2972,#2429,#2430);
#2010=AXIS2_PLACEMENT_3D('',#2973,#2431,#2432);
#2011=AXIS2_PLACEMENT_3D('',#2975,#2433,#2434);
#2012=AXIS2_PLACEMENT_3D('',#2978,#2436,#2437);
#2013=AXIS2_PLACEMENT_3D('',#2979,#2438,#2439);
#2014=AXIS2_PLACEMENT_3D('',#2981,#2440,#2441);
#2015=AXIS2_PLACEMENT_3D('',#2984,#2443,#2444);
#2016=AXIS2_PLACEMENT_3D('',#2985,#2445,#2446);
#2017=AXIS2_PLACEMENT_3D('',#2987,#2447,#2448);
#2018=AXIS2_PLACEMENT_3D('',#2990,#2450,#2451);
#2019=AXIS2_PLACEMENT_3D('',#2991,#2452,#2453);
#2020=AXIS2_PLACEMENT_3D('',#2993,#2454,#2455);
#2021=AXIS2_PLACEMENT_3D('',#2996,#2457,#2458);
#2022=AXIS2_PLACEMENT_3D('',#2997,#2459,#2460);
#2023=AXIS2_PLACEMENT_3D('',#2999,#2461,#2462);
#2024=AXIS2_PLACEMENT_3D('',#3002,#2464,#2465);
#2025=AXIS2_PLACEMENT_3D('',#3003,#2466,#2467);
#2026=AXIS2_PLACEMENT_3D('',#3012,#2472,#2473);
#2027=AXIS2_PLACEMENT_3D('',#3014,#2474,#2475);
#2028=AXIS2_PLACEMENT_3D('',#3017,#2477,#2478);
#2029=AXIS2_PLACEMENT_3D('',#3018,#2479,#2480);
#2030=AXIS2_PLACEMENT_3D('',#3024,#2484,#2485);
#2031=AXIS2_PLACEMENT_3D('',#3025,#2486,#2487);
#2032=AXIS2_PLACEMENT_3D('',#3026,#2488,#2489);
#2033=AXIS2_PLACEMENT_3D('',#3027,#2490,#2491);
#2034=AXIS2_PLACEMENT_3D('',#3029,#2492,#2493);
#2035=AXIS2_PLACEMENT_3D('',#3032,#2495,#2496);
#2036=AXIS2_PLACEMENT_3D('',#3033,#2497,#2498);
#2037=AXIS2_PLACEMENT_3D('',#3042,#2503,#2504);
#2038=AXIS2_PLACEMENT_3D('',#3044,#2505,#2506);
#2039=AXIS2_PLACEMENT_3D('',#3047,#2508,#2509);
#2040=AXIS2_PLACEMENT_3D('',#3048,#2510,#2511);
#2041=AXIS2_PLACEMENT_3D('',#3054,#2515,#2516);
#2042=AXIS2_PLACEMENT_3D('',#3055,#2517,#2518);
#2043=AXIS2_PLACEMENT_3D('',#3056,#2519,#2520);
#2044=AXIS2_PLACEMENT_3D('',#3057,#2521,#2522);
#2045=AXIS2_PLACEMENT_3D('',#3059,#2523,#2524);
#2046=AXIS2_PLACEMENT_3D('',#3062,#2526,#2527);
#2047=AXIS2_PLACEMENT_3D('',#3063,#2528,#2529);
#2048=AXIS2_PLACEMENT_3D('',#3065,#2530,#2531);
#2049=AXIS2_PLACEMENT_3D('',#3068,#2533,#2534);
#2050=AXIS2_PLACEMENT_3D('',#3069,#2535,#2536);
#2051=AXIS2_PLACEMENT_3D('',#3071,#2537,#2538);
#2052=AXIS2_PLACEMENT_3D('',#3074,#2540,#2541);
#2053=AXIS2_PLACEMENT_3D('',#3075,#2542,#2543);
#2054=AXIS2_PLACEMENT_3D('',#3077,#2544,#2545);
#2055=AXIS2_PLACEMENT_3D('',#3080,#2547,#2548);
#2056=AXIS2_PLACEMENT_3D('',#3081,#2549,#2550);
#2057=AXIS2_PLACEMENT_3D('',#3083,#2551,#2552);
#2058=AXIS2_PLACEMENT_3D('',#3086,#2554,#2555);
#2059=AXIS2_PLACEMENT_3D('',#3087,#2556,#2557);
#2060=AXIS2_PLACEMENT_3D('',#3089,#2558,#2559);
#2061=AXIS2_PLACEMENT_3D('',#3092,#2561,#2562);
#2062=AXIS2_PLACEMENT_3D('',#3093,#2563,#2564);
#2063=AXIS2_PLACEMENT_3D('',#3095,#2565,#2566);
#2064=AXIS2_PLACEMENT_3D('',#3098,#2568,#2569);
#2065=AXIS2_PLACEMENT_3D('',#3099,#2570,#2571);
#2066=AXIS2_PLACEMENT_3D('',#3101,#2572,#2573);
#2067=AXIS2_PLACEMENT_3D('',#3104,#2575,#2576);
#2068=AXIS2_PLACEMENT_3D('',#3105,#2577,#2578);
#2069=AXIS2_PLACEMENT_3D('',#3107,#2579,#2580);
#2070=AXIS2_PLACEMENT_3D('',#3110,#2582,#2583);
#2071=AXIS2_PLACEMENT_3D('',#3111,#2584,#2585);
#2072=AXIS2_PLACEMENT_3D('',#3112,#2586,#2587);
#2073=DIRECTION('axis',(0.,0.,1.));
#2074=DIRECTION('refdir',(1.,0.,0.));
#2075=DIRECTION('center_axis',(0.995184535889113,0.0980190773633911,0.));
#2076=DIRECTION('ref_axis',(0.0980190773633911,-0.995184535889113,0.));
#2077=DIRECTION('',(0.,0.,1.));
#2078=DIRECTION('',(0.0980190773633912,-0.995184535889113,0.));
#2079=DIRECTION('',(0.,0.,1.));
#2080=DIRECTION('',(0.0980190773633912,-0.995184535889113,0.));
#2081=DIRECTION('center_axis',(0.956941076330423,0.290282235818128,0.));
#2082=DIRECTION('ref_axis',(0.290282235818128,-0.956941076330423,0.));
#2083=DIRECTION('',(0.290282235818128,-0.956941076330423,0.));
#2084=DIRECTION('',(0.,0.,1.));
#2085=DIRECTION('',(0.290282235818128,-0.956941076330423,0.));
#2086=DIRECTION('center_axis',(0.881921243150137,0.471396776485073,0.));
#2087=DIRECTION('ref_axis',(0.471396776485073,-0.881921243150137,0.));
#2088=DIRECTION('',(0.471396776485073,-0.881921243150137,0.));
#2089=DIRECTION('',(0.,0.,1.));
#2090=DIRECTION('',(0.471396776485073,-0.881921243150137,0.));
#2091=DIRECTION('center_axis',(0.773012405361607,0.634390905638678,0.));
#2092=DIRECTION('ref_axis',(0.634390905638678,-0.773012405361607,0.));
#2093=DIRECTION('',(0.634390905638678,-0.773012405361608,0.));
#2094=DIRECTION('',(0.,0.,1.));
#2095=DIRECTION('',(0.634390905638678,-0.773012405361608,0.));
#2096=DIRECTION('center_axis',(0.634390905638678,0.773012405361607,0.));
#2097=DIRECTION('ref_axis',(0.773012405361607,-0.634390905638678,0.));
#2098=DIRECTION('',(0.773012405361608,-0.634390905638678,0.));
#2099=DIRECTION('',(0.,0.,1.));
#2100=DIRECTION('',(0.773012405361608,-0.634390905638678,0.));
#2101=DIRECTION('center_axis',(0.471396776485073,0.881921243150137,0.));
#2102=DIRECTION('ref_axis',(0.881921243150137,-0.471396776485073,0.));
#2103=DIRECTION('',(0.881921243150137,-0.471396776485073,0.));
#2104=DIRECTION('',(0.,0.,1.));
#2105=DIRECTION('',(0.881921243150137,-0.471396776485073,0.));
#2106=DIRECTION('center_axis',(0.290282235818128,0.956941076330423,0.));
#2107=DIRECTION('ref_axis',(0.956941076330423,-0.290282235818128,0.));
#2108=DIRECTION('',(0.956941076330423,-0.290282235818128,0.));
#2109=DIRECTION('',(0.,0.,1.));
#2110=DIRECTION('',(0.956941076330423,-0.290282235818128,0.));
#2111=DIRECTION('center_axis',(0.0735870503963715,0.99728879769802,0.));
#2112=DIRECTION('ref_axis',(0.99728879769802,-0.0735870503963715,0.));
#2113=DIRECTION('',(0.99728879769802,-0.0735870503963715,0.));
#2114=DIRECTION('',(0.,0.,1.));
#2115=DIRECTION('',(0.99728879769802,-0.0735870503963715,0.));
#2116=DIRECTION('center_axis',(0.00032690496260896,0.999999946566571,0.));
#2117=DIRECTION('ref_axis',(0.999999946566571,-0.00032690496260896,0.));
#2118=DIRECTION('',(0.999999946566571,-0.00032690496260896,0.));
#2119=DIRECTION('',(0.,0.,1.));
#2120=DIRECTION('',(0.999999946566571,-0.00032690496260896,0.));
#2121=DIRECTION('center_axis',(-0.098019077363411,0.995184535889111,0.));
#2122=DIRECTION('ref_axis',(0.995184535889111,0.098019077363411,0.));
#2123=DIRECTION('',(0.995184535889111,0.098019077363411,0.));
#2124=DIRECTION('',(0.,0.,1.));
#2125=DIRECTION('',(0.995184535889111,0.098019077363411,0.));
#2126=DIRECTION('center_axis',(-0.290282235818128,0.956941076330423,0.));
#2127=DIRECTION('ref_axis',(0.956941076330423,0.290282235818128,0.));
#2128=DIRECTION('',(0.956941076330423,0.290282235818128,0.));
#2129=DIRECTION('',(0.,0.,1.));
#2130=DIRECTION('',(0.956941076330423,0.290282235818128,0.));
#2131=DIRECTION('center_axis',(-0.471396776485073,0.881921243150137,0.));
#2132=DIRECTION('ref_axis',(0.881921243150137,0.471396776485073,0.));
#2133=DIRECTION('',(0.881921243150137,0.471396776485073,0.));
#2134=DIRECTION('',(0.,0.,1.));
#2135=DIRECTION('',(0.881921243150137,0.471396776485073,0.));
#2136=DIRECTION('center_axis',(-0.634390905638678,0.773012405361607,0.));
#2137=DIRECTION('ref_axis',(0.773012405361607,0.634390905638678,0.));
#2138=DIRECTION('',(0.773012405361608,0.634390905638678,0.));
#2139=DIRECTION('',(0.,0.,1.));
#2140=DIRECTION('',(0.773012405361608,0.634390905638678,0.));
#2141=DIRECTION('center_axis',(-0.773012405361607,0.634390905638678,0.));
#2142=DIRECTION('ref_axis',(0.634390905638678,0.773012405361607,0.));
#2143=DIRECTION('',(0.634390905638678,0.773012405361608,0.));
#2144=DIRECTION('',(0.,0.,1.));
#2145=DIRECTION('',(0.634390905638678,0.773012405361608,0.));
#2146=DIRECTION('center_axis',(-0.881921243150137,0.471396776485073,0.));
#2147=DIRECTION('ref_axis',(0.471396776485073,0.881921243150137,0.));
#2148=DIRECTION('',(0.471396776485073,0.881921243150137,0.));
#2149=DIRECTION('',(0.,0.,1.));
#2150=DIRECTION('',(0.471396776485073,0.881921243150137,0.));
#2151=DIRECTION('center_axis',(-0.956941076330423,0.290282235818128,0.));
#2152=DIRECTION('ref_axis',(0.290282235818128,0.956941076330423,0.));
#2153=DIRECTION('',(0.290282235818128,0.956941076330423,0.));
#2154=DIRECTION('',(0.,0.,1.));
#2155=DIRECTION('',(0.290282235818128,0.956941076330423,0.));
#2156=DIRECTION('center_axis',(-0.997286900772561,0.0736127539728076,0.));
#2157=DIRECTION('ref_axis',(0.0736127539728076,0.997286900772561,0.));
#2158=DIRECTION('',(0.0736127539728076,0.997286900772561,0.));
#2159=DIRECTION('',(0.,0.,1.));
#2160=DIRECTION('',(0.0736127539728076,0.997286900772561,0.));
#2161=DIRECTION('center_axis',(-0.999999906695984,0.000431981507677793,
0.));
#2162=DIRECTION('ref_axis',(0.000431981507677793,0.999999906695984,0.));
#2163=DIRECTION('',(0.000431981507677793,0.999999906695984,0.));
#2164=DIRECTION('',(0.,0.,1.));
#2165=DIRECTION('',(0.000431981507677793,0.999999906695984,0.));
#2166=DIRECTION('center_axis',(-0.995184535889113,-0.0980190773633911,0.));
#2167=DIRECTION('ref_axis',(-0.0980190773633911,0.995184535889113,0.));
#2168=DIRECTION('',(-0.0980190773633912,0.995184535889113,0.));
#2169=DIRECTION('',(0.,0.,1.));
#2170=DIRECTION('',(-0.0980190773633912,0.995184535889113,0.));
#2171=DIRECTION('center_axis',(-0.956941076330423,-0.290282235818128,0.));
#2172=DIRECTION('ref_axis',(-0.290282235818128,0.956941076330423,0.));
#2173=DIRECTION('',(-0.290282235818128,0.956941076330423,0.));
#2174=DIRECTION('',(0.,0.,1.));
#2175=DIRECTION('',(-0.290282235818128,0.956941076330423,0.));
#2176=DIRECTION('center_axis',(-0.881921243150137,-0.471396776485073,0.));
#2177=DIRECTION('ref_axis',(-0.471396776485073,0.881921243150137,0.));
#2178=DIRECTION('',(-0.471396776485073,0.881921243150137,0.));
#2179=DIRECTION('',(0.,0.,1.));
#2180=DIRECTION('',(-0.471396776485073,0.881921243150137,0.));
#2181=DIRECTION('center_axis',(-0.773012405361607,-0.634390905638678,0.));
#2182=DIRECTION('ref_axis',(-0.634390905638678,0.773012405361607,0.));
#2183=DIRECTION('',(-0.634390905638678,0.773012405361608,0.));
#2184=DIRECTION('',(0.,0.,1.));
#2185=DIRECTION('',(-0.634390905638678,0.773012405361608,0.));
#2186=DIRECTION('center_axis',(-0.634390905638678,-0.773012405361607,0.));
#2187=DIRECTION('ref_axis',(-0.773012405361607,0.634390905638678,0.));
#2188=DIRECTION('',(-0.773012405361608,0.634390905638678,0.));
#2189=DIRECTION('',(0.,0.,1.));
#2190=DIRECTION('',(-0.773012405361608,0.634390905638678,0.));
#2191=DIRECTION('center_axis',(-0.471396776485073,-0.881921243150137,0.));
#2192=DIRECTION('ref_axis',(-0.881921243150137,0.471396776485073,0.));
#2193=DIRECTION('',(-0.881921243150137,0.471396776485073,0.));
#2194=DIRECTION('',(0.,0.,1.));
#2195=DIRECTION('',(-0.881921243150137,0.471396776485073,0.));
#2196=DIRECTION('center_axis',(-0.290282235818128,-0.956941076330423,0.));
#2197=DIRECTION('ref_axis',(-0.956941076330423,0.290282235818128,0.));
#2198=DIRECTION('',(-0.956941076330423,0.290282235818128,0.));
#2199=DIRECTION('',(0.,0.,1.));
#2200=DIRECTION('',(-0.956941076330423,0.290282235818128,0.));
#2201=DIRECTION('center_axis',(-0.0736127539728175,-0.99728690077256,0.));
#2202=DIRECTION('ref_axis',(-0.99728690077256,0.0736127539728175,0.));
#2203=DIRECTION('',(-0.99728690077256,0.0736127539728175,0.));
#2204=DIRECTION('',(0.,0.,1.));
#2205=DIRECTION('',(-0.99728690077256,0.0736127539728175,0.));
#2206=DIRECTION('center_axis',(-0.000326561719299809,-0.99999994667872,
0.));
#2207=DIRECTION('ref_axis',(-0.99999994667872,0.000326561719299809,0.));
#2208=DIRECTION('',(-0.99999994667872,0.000326561719299809,0.));
#2209=DIRECTION('',(0.,0.,1.));
#2210=DIRECTION('',(-0.99999994667872,0.000326561719299809,0.));
#2211=DIRECTION('center_axis',(0.098019077363411,-0.995184535889111,0.));
#2212=DIRECTION('ref_axis',(-0.995184535889111,-0.098019077363411,0.));
#2213=DIRECTION('',(-0.995184535889111,-0.098019077363411,0.));
#2214=DIRECTION('',(0.,0.,1.));
#2215=DIRECTION('',(-0.995184535889111,-0.098019077363411,0.));
#2216=DIRECTION('center_axis',(0.290282235818128,-0.956941076330423,0.));
#2217=DIRECTION('ref_axis',(-0.956941076330423,-0.290282235818128,0.));
#2218=DIRECTION('',(-0.956941076330423,-0.290282235818128,0.));
#2219=DIRECTION('',(0.,0.,1.));
#2220=DIRECTION('',(-0.956941076330423,-0.290282235818128,0.));
#2221=DIRECTION('center_axis',(0.471396776485073,-0.881921243150137,0.));
#2222=DIRECTION('ref_axis',(-0.881921243150137,-0.471396776485073,0.));
#2223=DIRECTION('',(-0.881921243150137,-0.471396776485073,0.));
#2224=DIRECTION('',(0.,0.,1.));
#2225=DIRECTION('',(-0.881921243150137,-0.471396776485073,0.));
#2226=DIRECTION('center_axis',(0.634390905638678,-0.773012405361607,0.));
#2227=DIRECTION('ref_axis',(-0.773012405361607,-0.634390905638678,0.));
#2228=DIRECTION('',(-0.773012405361608,-0.634390905638678,0.));
#2229=DIRECTION('',(0.,0.,1.));
#2230=DIRECTION('',(-0.773012405361608,-0.634390905638678,0.));
#2231=DIRECTION('center_axis',(0.773012405361607,-0.634390905638678,0.));
#2232=DIRECTION('ref_axis',(-0.634390905638678,-0.773012405361607,0.));
#2233=DIRECTION('',(-0.634390905638678,-0.773012405361608,0.));
#2234=DIRECTION('',(0.,0.,1.));
#2235=DIRECTION('',(-0.634390905638678,-0.773012405361608,0.));
#2236=DIRECTION('center_axis',(0.881921243150137,-0.471396776485073,0.));
#2237=DIRECTION('ref_axis',(-0.471396776485073,-0.881921243150137,0.));
#2238=DIRECTION('',(-0.471396776485073,-0.881921243150137,0.));
#2239=DIRECTION('',(0.,0.,1.));
#2240=DIRECTION('',(-0.471396776485073,-0.881921243150137,0.));
#2241=DIRECTION('center_axis',(0.956941076330423,-0.290282235818128,0.));
#2242=DIRECTION('ref_axis',(-0.290282235818128,-0.956941076330423,0.));
#2243=DIRECTION('',(-0.290282235818128,-0.956941076330423,0.));
#2244=DIRECTION('',(0.,0.,1.));
#2245=DIRECTION('',(-0.290282235818128,-0.956941076330423,0.));
#2246=DIRECTION('center_axis',(0.997286900772561,-0.0736127539728076,0.));
#2247=DIRECTION('ref_axis',(-0.0736127539728076,-0.997286900772561,0.));
#2248=DIRECTION('',(-0.0736127539728076,-0.997286900772561,0.));
#2249=DIRECTION('',(0.,0.,1.));
#2250=DIRECTION('',(-0.0736127539728076,-0.997286900772561,0.));
#2251=DIRECTION('center_axis',(0.999999906695984,-0.000431981507677793,
0.));
#2252=DIRECTION('ref_axis',(-0.000431981507677793,-0.999999906695984,0.));
#2253=DIRECTION('',(-0.000431981507677793,-0.999999906695984,0.));
#2254=DIRECTION('',(-0.000431981507677793,-0.999999906695984,0.));
#2255=DIRECTION('center_axis',(0.,0.,-1.));
#2256=DIRECTION('ref_axis',(1.,0.,0.));
#2257=DIRECTION('center_axis',(0.,0.,1.));
#2258=DIRECTION('ref_axis',(1.,0.,0.));
#2259=DIRECTION('',(0.,0.,-1.));
#2260=DIRECTION('center_axis',(0.,0.,1.));
#2261=DIRECTION('ref_axis',(1.,0.,0.));
#2262=DIRECTION('center_axis',(0.,1.,0.));
#2263=DIRECTION('ref_axis',(1.,0.,0.));
#2264=DIRECTION('',(0.,0.,1.));
#2265=DIRECTION('',(1.,0.,0.));
#2266=DIRECTION('',(0.,0.,1.));
#2267=DIRECTION('',(1.,0.,0.));
#2268=DIRECTION('center_axis',(0.,0.,-1.));
#2269=DIRECTION('ref_axis',(-3.552720784242E-15,-1.,0.));
#2270=DIRECTION('center_axis',(0.,0.,1.));
#2271=DIRECTION('ref_axis',(-3.552720784242E-15,-1.,0.));
#2272=DIRECTION('',(0.,0.,1.));
#2273=DIRECTION('center_axis',(0.,0.,1.));
#2274=DIRECTION('ref_axis',(-3.552720784242E-15,-1.,0.));
#2275=DIRECTION('center_axis',(0.,-1.,0.));
#2276=DIRECTION('ref_axis',(-1.,0.,0.));
#2277=DIRECTION('',(-1.,0.,0.));
#2278=DIRECTION('',(0.,0.,1.));
#2279=DIRECTION('',(-1.,0.,0.));
#2280=DIRECTION('center_axis',(0.,0.,-1.));
#2281=DIRECTION('ref_axis',(3.552720784242E-15,1.,0.));
#2282=DIRECTION('center_axis',(0.,0.,1.));
#2283=DIRECTION('ref_axis',(3.552720784242E-15,1.,0.));
#2284=DIRECTION('center_axis',(0.,0.,1.));
#2285=DIRECTION('ref_axis',(3.552720784242E-15,1.,0.));
#2286=DIRECTION('center_axis',(-1.,0.,0.));
#2287=DIRECTION('ref_axis',(0.,1.,0.));
#2288=DIRECTION('',(0.,0.,1.));
#2289=DIRECTION('',(0.,1.,0.));
#2290=DIRECTION('',(0.,0.,1.));
#2291=DIRECTION('',(0.,1.,0.));
#2292=DIRECTION('center_axis',(0.,0.,-1.));
#2293=DIRECTION('ref_axis',(1.,1.421088313697E-14,0.));
#2294=DIRECTION('center_axis',(0.,0.,1.));
#2295=DIRECTION('ref_axis',(1.,1.421088313697E-14,0.));
#2296=DIRECTION('',(0.,0.,1.));
#2297=DIRECTION('center_axis',(0.,0.,1.));
#2298=DIRECTION('ref_axis',(1.,1.421088313697E-14,0.));
#2299=DIRECTION('center_axis',(1.,0.,0.));
#2300=DIRECTION('ref_axis',(0.,-1.,0.));
#2301=DIRECTION('',(0.,-1.,0.));
#2302=DIRECTION('',(0.,0.,1.));
#2303=DIRECTION('',(0.,-1.,0.));
#2304=DIRECTION('center_axis',(0.,0.,-1.));
#2305=DIRECTION('ref_axis',(-1.,-1.421088313697E-14,0.));
#2306=DIRECTION('center_axis',(0.,0.,1.));
#2307=DIRECTION('ref_axis',(-1.,-1.421088313697E-14,0.));
#2308=DIRECTION('center_axis',(0.,0.,1.));
#2309=DIRECTION('ref_axis',(-1.,-1.421088313697E-14,0.));
#2310=DIRECTION('center_axis',(0.,0.,-1.));
#2311=DIRECTION('ref_axis',(1.,0.,0.));
#2312=DIRECTION('center_axis',(0.,0.,1.));
#2313=DIRECTION('ref_axis',(1.,0.,0.));
#2314=DIRECTION('',(0.,0.,-1.));
#2315=DIRECTION('center_axis',(0.,0.,1.));
#2316=DIRECTION('ref_axis',(1.,0.,0.));
#2317=DIRECTION('center_axis',(-1.,0.,0.));
#2318=DIRECTION('ref_axis',(0.,1.,0.));
#2319=DIRECTION('',(0.,0.,1.));
#2320=DIRECTION('',(0.,1.,0.));
#2321=DIRECTION('',(0.,0.,1.));
#2322=DIRECTION('',(0.,1.,0.));
#2323=DIRECTION('center_axis',(0.,0.,-1.));
#2324=DIRECTION('ref_axis',(1.,0.,0.));
#2325=DIRECTION('center_axis',(0.,0.,1.));
#2326=DIRECTION('ref_axis',(1.,0.,0.));
#2327=DIRECTION('',(0.,0.,1.));
#2328=DIRECTION('center_axis',(0.,0.,1.));
#2329=DIRECTION('ref_axis',(1.,0.,0.));
#2330=DIRECTION('center_axis',(1.,0.,0.));
#2331=DIRECTION('ref_axis',(0.,-1.,0.));
#2332=DIRECTION('',(0.,-1.,0.));
#2333=DIRECTION('',(0.,0.,1.));
#2334=DIRECTION('',(0.,-1.,0.));
#2335=DIRECTION('center_axis',(0.,0.,-1.));
#2336=DIRECTION('ref_axis',(-1.,0.,0.));
#2337=DIRECTION('center_axis',(0.,0.,1.));
#2338=DIRECTION('ref_axis',(-1.,0.,0.));
#2339=DIRECTION('center_axis',(0.,0.,1.));
#2340=DIRECTION('ref_axis',(-1.,0.,0.));
#2341=DIRECTION('center_axis',(0.,0.,-1.));
#2342=DIRECTION('ref_axis',(1.,0.,0.));
#2343=DIRECTION('center_axis',(0.,0.,1.));
#2344=DIRECTION('ref_axis',(1.,0.,0.));
#2345=DIRECTION('',(0.,0.,-1.));
#2346=DIRECTION('center_axis',(0.,0.,1.));
#2347=DIRECTION('ref_axis',(1.,0.,0.));
#2348=DIRECTION('center_axis',(-1.,0.,0.));
#2349=DIRECTION('ref_axis',(0.,1.,0.));
#2350=DIRECTION('',(0.,0.,1.));
#2351=DIRECTION('',(0.,1.,0.));
#2352=DIRECTION('',(0.,0.,1.));
#2353=DIRECTION('',(0.,1.,0.));
#2354=DIRECTION('center_axis',(0.,0.,-1.));
#2355=DIRECTION('ref_axis',(1.,0.,0.));
#2356=DIRECTION('center_axis',(0.,0.,1.));
#2357=DIRECTION('ref_axis',(1.,0.,0.));
#2358=DIRECTION('',(0.,0.,1.));
#2359=DIRECTION('center_axis',(0.,0.,1.));
#2360=DIRECTION('ref_axis',(1.,0.,0.));
#2361=DIRECTION('center_axis',(1.,0.,0.));
#2362=DIRECTION('ref_axis',(0.,-1.,0.));
#2363=DIRECTION('',(0.,-1.,0.));
#2364=DIRECTION('',(0.,0.,1.));
#2365=DIRECTION('',(0.,-1.,0.));
#2366=DIRECTION('center_axis',(0.,0.,-1.));
#2367=DIRECTION('ref_axis',(-1.,-1.421088313697E-14,0.));
#2368=DIRECTION('center_axis',(0.,0.,1.));
#2369=DIRECTION('ref_axis',(-1.,-1.421088313697E-14,0.));
#2370=DIRECTION('center_axis',(0.,0.,1.));
#2371=DIRECTION('ref_axis',(-1.,-1.421088313697E-14,0.));
#2372=DIRECTION('center_axis',(0.,1.,0.));
#2373=DIRECTION('ref_axis',(1.,0.,0.));
#2374=DIRECTION('',(0.,0.,1.));
#2375=DIRECTION('',(1.,0.,0.));
#2376=DIRECTION('',(0.,0.,1.));
#2377=DIRECTION('',(1.,0.,0.));
#2378=DIRECTION('center_axis',(0.,0.,-1.));
#2379=DIRECTION('ref_axis',(0.,-1.,0.));
#2380=DIRECTION('center_axis',(0.,0.,1.));
#2381=DIRECTION('ref_axis',(0.,-1.,0.));
#2382=DIRECTION('',(0.,0.,1.));
#2383=DIRECTION('center_axis',(0.,0.,1.));
#2384=DIRECTION('ref_axis',(0.,-1.,0.));
#2385=DIRECTION('center_axis',(0.,-1.,0.));
#2386=DIRECTION('ref_axis',(-1.,0.,0.));
#2387=DIRECTION('',(-1.,0.,0.));
#2388=DIRECTION('',(0.,0.,1.));
#2389=DIRECTION('',(-1.,0.,0.));
#2390=DIRECTION('center_axis',(0.,0.,-1.));
#2391=DIRECTION('ref_axis',(0.,1.,0.));
#2392=DIRECTION('center_axis',(0.,0.,1.));
#2393=DIRECTION('ref_axis',(0.,1.,0.));
#2394=DIRECTION('center_axis',(0.,0.,1.));
#2395=DIRECTION('ref_axis',(0.,1.,0.));
#2396=DIRECTION('center_axis',(0.,0.,-1.));
#2397=DIRECTION('ref_axis',(1.,0.,0.));
#2398=DIRECTION('center_axis',(0.,0.,1.));
#2399=DIRECTION('ref_axis',(1.,0.,0.));
#2400=DIRECTION('',(0.,0.,-1.));
#2401=DIRECTION('center_axis',(0.,0.,1.));
#2402=DIRECTION('ref_axis',(1.,0.,0.));
#2403=DIRECTION('center_axis',(0.,0.,-1.));
#2404=DIRECTION('ref_axis',(1.,0.,0.));
#2405=DIRECTION('center_axis',(0.,0.,1.));
#2406=DIRECTION('ref_axis',(1.,0.,0.));
#2407=DIRECTION('',(0.,0.,-1.));
#2408=DIRECTION('center_axis',(0.,0.,1.));
#2409=DIRECTION('ref_axis',(1.,0.,0.));
#2410=DIRECTION('center_axis',(0.,0.,-1.));
#2411=DIRECTION('ref_axis',(1.,0.,0.));
#2412=DIRECTION('center_axis',(0.,0.,1.));
#2413=DIRECTION('ref_axis',(1.,0.,0.));
#2414=DIRECTION('',(0.,0.,-1.));
#2415=DIRECTION('center_axis',(0.,0.,1.));
#2416=DIRECTION('ref_axis',(1.,0.,0.));
#2417=DIRECTION('center_axis',(0.,0.,-1.));
#2418=DIRECTION('ref_axis',(1.,0.,0.));
#2419=DIRECTION('center_axis',(0.,0.,1.));
#2420=DIRECTION('ref_axis',(1.,0.,0.));
#2421=DIRECTION('',(0.,0.,-1.));
#2422=DIRECTION('center_axis',(0.,0.,1.));
#2423=DIRECTION('ref_axis',(1.,0.,0.));
#2424=DIRECTION('center_axis',(0.,0.,-1.));
#2425=DIRECTION('ref_axis',(1.,0.,0.));
#2426=DIRECTION('center_axis',(0.,0.,1.));
#2427=DIRECTION('ref_axis',(1.,0.,0.));
#2428=DIRECTION('',(0.,0.,-1.));
#2429=DIRECTION('center_axis',(0.,0.,1.));
#2430=DIRECTION('ref_axis',(1.,0.,0.));
#2431=DIRECTION('center_axis',(0.,0.,-1.));
#2432=DIRECTION('ref_axis',(1.,0.,0.));
#2433=DIRECTION('center_axis',(0.,0.,1.));
#2434=DIRECTION('ref_axis',(1.,0.,0.));
#2435=DIRECTION('',(0.,0.,-1.));
#2436=DIRECTION('center_axis',(0.,0.,1.));
#2437=DIRECTION('ref_axis',(1.,0.,0.));
#2438=DIRECTION('center_axis',(0.,0.,-1.));
#2439=DIRECTION('ref_axis',(1.,0.,0.));
#2440=DIRECTION('center_axis',(0.,0.,1.));
#2441=DIRECTION('ref_axis',(1.,0.,0.));
#2442=DIRECTION('',(0.,0.,-1.));
#2443=DIRECTION('center_axis',(0.,0.,1.));
#2444=DIRECTION('ref_axis',(1.,0.,0.));
#2445=DIRECTION('center_axis',(0.,0.,-1.));
#2446=DIRECTION('ref_axis',(1.,0.,0.));
#2447=DIRECTION('center_axis',(0.,0.,1.));
#2448=DIRECTION('ref_axis',(1.,0.,0.));
#2449=DIRECTION('',(0.,0.,-1.));
#2450=DIRECTION('center_axis',(0.,0.,1.));
#2451=DIRECTION('ref_axis',(1.,0.,0.));
#2452=DIRECTION('center_axis',(0.,0.,-1.));
#2453=DIRECTION('ref_axis',(1.,0.,0.));
#2454=DIRECTION('center_axis',(0.,0.,1.));
#2455=DIRECTION('ref_axis',(1.,0.,0.));
#2456=DIRECTION('',(0.,0.,-1.));
#2457=DIRECTION('center_axis',(0.,0.,1.));
#2458=DIRECTION('ref_axis',(1.,0.,0.));
#2459=DIRECTION('center_axis',(0.,0.,-1.));
#2460=DIRECTION('ref_axis',(1.,0.,0.));
#2461=DIRECTION('center_axis',(0.,0.,1.));
#2462=DIRECTION('ref_axis',(1.,0.,0.));
#2463=DIRECTION('',(0.,0.,-1.));
#2464=DIRECTION('center_axis',(0.,0.,1.));
#2465=DIRECTION('ref_axis',(1.,0.,0.));
#2466=DIRECTION('center_axis',(-1.,0.,0.));
#2467=DIRECTION('ref_axis',(0.,1.,0.));
#2468=DIRECTION('',(0.,0.,1.));
#2469=DIRECTION('',(0.,1.,0.));
#2470=DIRECTION('',(0.,0.,1.));
#2471=DIRECTION('',(0.,1.,0.));
#2472=DIRECTION('center_axis',(0.,0.,-1.));
#2473=DIRECTION('ref_axis',(1.,0.,0.));
#2474=DIRECTION('center_axis',(0.,0.,1.));
#2475=DIRECTION('ref_axis',(1.,0.,0.));
#2476=DIRECTION('',(0.,0.,1.));
#2477=DIRECTION('center_axis',(0.,0.,1.));
#2478=DIRECTION('ref_axis',(1.,0.,0.));
#2479=DIRECTION('center_axis',(1.,0.,0.));
#2480=DIRECTION('ref_axis',(0.,-1.,0.));
#2481=DIRECTION('',(0.,-1.,0.));
#2482=DIRECTION('',(0.,0.,1.));
#2483=DIRECTION('',(0.,-1.,0.));
#2484=DIRECTION('center_axis',(0.,0.,-1.));
#2485=DIRECTION('ref_axis',(-1.,0.,0.));
#2486=DIRECTION('center_axis',(0.,0.,1.));
#2487=DIRECTION('ref_axis',(-1.,0.,0.));
#2488=DIRECTION('center_axis',(0.,0.,1.));
#2489=DIRECTION('ref_axis',(-1.,0.,0.));
#2490=DIRECTION('center_axis',(0.,0.,-1.));
#2491=DIRECTION('ref_axis',(1.,0.,0.));
#2492=DIRECTION('center_axis',(0.,0.,1.));
#2493=DIRECTION('ref_axis',(1.,0.,0.));
#2494=DIRECTION('',(0.,0.,-1.));
#2495=DIRECTION('center_axis',(0.,0.,1.));
#2496=DIRECTION('ref_axis',(1.,0.,0.));
#2497=DIRECTION('center_axis',(-1.,0.,0.));
#2498=DIRECTION('ref_axis',(0.,1.,0.));
#2499=DIRECTION('',(0.,0.,1.));
#2500=DIRECTION('',(0.,1.,0.));
#2501=DIRECTION('',(0.,0.,1.));
#2502=DIRECTION('',(0.,1.,0.));
#2503=DIRECTION('center_axis',(0.,0.,-1.));
#2504=DIRECTION('ref_axis',(1.,0.,0.));
#2505=DIRECTION('center_axis',(0.,0.,1.));
#2506=DIRECTION('ref_axis',(1.,0.,0.));
#2507=DIRECTION('',(0.,0.,1.));
#2508=DIRECTION('center_axis',(0.,0.,1.));
#2509=DIRECTION('ref_axis',(1.,0.,0.));
#2510=DIRECTION('center_axis',(1.,0.,0.));
#2511=DIRECTION('ref_axis',(0.,-1.,0.));
#2512=DIRECTION('',(0.,-1.,0.));
#2513=DIRECTION('',(0.,0.,1.));
#2514=DIRECTION('',(0.,-1.,0.));
#2515=DIRECTION('center_axis',(0.,0.,-1.));
#2516=DIRECTION('ref_axis',(-1.,-1.421088313697E-14,0.));
#2517=DIRECTION('center_axis',(0.,0.,1.));
#2518=DIRECTION('ref_axis',(-1.,-1.421088313697E-14,0.));
#2519=DIRECTION('center_axis',(0.,0.,1.));
#2520=DIRECTION('ref_axis',(-1.,-1.421088313697E-14,0.));
#2521=DIRECTION('center_axis',(0.,0.,-1.));
#2522=DIRECTION('ref_axis',(1.,0.,0.));
#2523=DIRECTION('center_axis',(0.,0.,1.));
#2524=DIRECTION('ref_axis',(1.,0.,0.));
#2525=DIRECTION('',(0.,0.,-1.));
#2526=DIRECTION('center_axis',(0.,0.,1.));
#2527=DIRECTION('ref_axis',(1.,0.,0.));
#2528=DIRECTION('center_axis',(0.,0.,-1.));
#2529=DIRECTION('ref_axis',(1.,0.,0.));
#2530=DIRECTION('center_axis',(0.,0.,1.));
#2531=DIRECTION('ref_axis',(1.,0.,0.));
#2532=DIRECTION('',(0.,0.,-1.));
#2533=DIRECTION('center_axis',(0.,0.,1.));
#2534=DIRECTION('ref_axis',(1.,0.,0.));
#2535=DIRECTION('center_axis',(0.,0.,-1.));
#2536=DIRECTION('ref_axis',(1.,0.,0.));
#2537=DIRECTION('center_axis',(0.,0.,1.));
#2538=DIRECTION('ref_axis',(1.,0.,0.));
#2539=DIRECTION('',(0.,0.,-1.));
#2540=DIRECTION('center_axis',(0.,0.,1.));
#2541=DIRECTION('ref_axis',(1.,0.,0.));
#2542=DIRECTION('center_axis',(0.,0.,-1.));
#2543=DIRECTION('ref_axis',(1.,0.,0.));
#2544=DIRECTION('center_axis',(0.,0.,1.));
#2545=DIRECTION('ref_axis',(1.,0.,0.));
#2546=DIRECTION('',(0.,0.,-1.));
#2547=DIRECTION('center_axis',(0.,0.,1.));
#2548=DIRECTION('ref_axis',(1.,0.,0.));
#2549=DIRECTION('center_axis',(0.,0.,-1.));
#2550=DIRECTION('ref_axis',(1.,0.,0.));
#2551=DIRECTION('center_axis',(0.,0.,1.));
#2552=DIRECTION('ref_axis',(1.,0.,0.));
#2553=DIRECTION('',(0.,0.,-1.));
#2554=DIRECTION('center_axis',(0.,0.,1.));
#2555=DIRECTION('ref_axis',(1.,0.,0.));
#2556=DIRECTION('center_axis',(0.,0.,-1.));
#2557=DIRECTION('ref_axis',(1.,0.,0.));
#2558=DIRECTION('center_axis',(0.,0.,1.));
#2559=DIRECTION('ref_axis',(1.,0.,0.));
#2560=DIRECTION('',(0.,0.,-1.));
#2561=DIRECTION('center_axis',(0.,0.,1.));
#2562=DIRECTION('ref_axis',(1.,0.,0.));
#2563=DIRECTION('center_axis',(0.,0.,-1.));
#2564=DIRECTION('ref_axis',(1.,0.,0.));
#2565=DIRECTION('center_axis',(0.,0.,1.));
#2566=DIRECTION('ref_axis',(1.,0.,0.));
#2567=DIRECTION('',(0.,0.,-1.));
#2568=DIRECTION('center_axis',(0.,0.,1.));
#2569=DIRECTION('ref_axis',(1.,0.,0.));
#2570=DIRECTION('center_axis',(0.,0.,-1.));
#2571=DIRECTION('ref_axis',(1.,0.,0.));
#2572=DIRECTION('center_axis',(0.,0.,1.));
#2573=DIRECTION('ref_axis',(1.,0.,0.));
#2574=DIRECTION('',(0.,0.,-1.));
#2575=DIRECTION('center_axis',(0.,0.,1.));
#2576=DIRECTION('ref_axis',(1.,0.,0.));
#2577=DIRECTION('center_axis',(0.,0.,-1.));
#2578=DIRECTION('ref_axis',(1.,0.,0.));
#2579=DIRECTION('center_axis',(0.,0.,1.));
#2580=DIRECTION('ref_axis',(1.,0.,0.));
#2581=DIRECTION('',(0.,0.,-1.));
#2582=DIRECTION('center_axis',(0.,0.,1.));
#2583=DIRECTION('ref_axis',(1.,0.,0.));
#2584=DIRECTION('center_axis',(0.,0.,-1.));
#2585=DIRECTION('ref_axis',(-1.,0.,0.));
#2586=DIRECTION('center_axis',(0.,0.,-1.));
#2587=DIRECTION('ref_axis',(-1.,0.,0.));
#2588=CARTESIAN_POINT('',(0.,0.,0.));
#2589=CARTESIAN_POINT('Origin',(-0.01209548,2.49998738,0.));
#2590=CARTESIAN_POINT('',(-0.01209548,2.49998738,0.));
#2591=CARTESIAN_POINT('',(-0.01209548,2.49998738,1.59999934));
#2592=CARTESIAN_POINT('',(-0.01209548,2.49998738,0.));
#2593=CARTESIAN_POINT('',(0.03617467999999,2.009902,0.));
#2594=CARTESIAN_POINT('',(-0.01209548,2.49998738,0.));
#2595=CARTESIAN_POINT('',(0.03617467999999,2.009902,1.59999934));
#2596=CARTESIAN_POINT('',(0.03617467999999,2.009902,0.));
#2597=CARTESIAN_POINT('',(-0.01209548,2.49998738,1.59999934));
#2598=CARTESIAN_POINT('Origin',(0.03617467999999,2.009902,0.));
#2599=CARTESIAN_POINT('',(0.17912588,1.53865072,0.));
#2600=CARTESIAN_POINT('',(0.03617467999999,2.009902,0.));
#2601=CARTESIAN_POINT('',(0.17912588,1.53865072,1.59999934));
#2602=CARTESIAN_POINT('',(0.17912588,1.53865072,0.));
#2603=CARTESIAN_POINT('',(0.03617467999999,2.009902,1.59999934));
#2604=CARTESIAN_POINT('Origin',(0.17912588,1.53865072,0.));
#2605=CARTESIAN_POINT('',(0.41126918,1.1043412,0.));
#2606=CARTESIAN_POINT('',(0.17912588,1.53865072,0.));
#2607=CARTESIAN_POINT('',(0.41126918,1.1043412,1.59999934));
#2608=CARTESIAN_POINT('',(0.41126918,1.1043412,0.));
#2609=CARTESIAN_POINT('',(0.17912588,1.53865072,1.59999934));
#2610=CARTESIAN_POINT('Origin',(0.41126918,1.1043412,0.));
#2611=CARTESIAN_POINT('',(0.72367902,0.72366632,0.));
#2612=CARTESIAN_POINT('',(0.41126918,1.1043412,0.));
#2613=CARTESIAN_POINT('',(0.72367902,0.72366632,1.59999934));
#2614=CARTESIAN_POINT('',(0.72367902,0.72366632,0.));
#2615=CARTESIAN_POINT('',(0.41126918,1.1043412,1.59999934));
#2616=CARTESIAN_POINT('Origin',(0.72367902,0.72366632,0.));
#2617=CARTESIAN_POINT('',(1.1043539,0.41125648,0.));
#2618=CARTESIAN_POINT('',(0.72367902,0.72366632,0.));
#2619=CARTESIAN_POINT('',(1.1043539,0.41125648,1.59999934));
#2620=CARTESIAN_POINT('',(1.1043539,0.41125648,0.));
#2621=CARTESIAN_POINT('',(0.72367902,0.72366632,1.59999934));
#2622=CARTESIAN_POINT('Origin',(1.1043539,0.41125648,0.));
#2623=CARTESIAN_POINT('',(1.53866342,0.17911318,0.));
#2624=CARTESIAN_POINT('',(1.1043539,0.41125648,0.));
#2625=CARTESIAN_POINT('',(1.53866342,0.17911318,1.59999934));
#2626=CARTESIAN_POINT('',(1.53866342,0.17911318,0.));
#2627=CARTESIAN_POINT('',(1.1043539,0.41125648,1.59999934));
#2628=CARTESIAN_POINT('Origin',(1.53866342,0.17911318,0.));
#2629=CARTESIAN_POINT('',(2.0099147,0.03616198,0.));
#2630=CARTESIAN_POINT('',(1.53866342,0.17911318,0.));
#2631=CARTESIAN_POINT('',(2.0099147,0.03616198,1.59999934));
#2632=CARTESIAN_POINT('',(2.0099147,0.03616198,0.));
#2633=CARTESIAN_POINT('',(1.53866342,0.17911318,1.59999934));
#2634=CARTESIAN_POINT('Origin',(2.0099147,0.03616198,0.));
#2635=CARTESIAN_POINT('',(2.50000008,0.,0.));
#2636=CARTESIAN_POINT('',(2.0099147,0.03616198,0.));
#2637=CARTESIAN_POINT('',(2.50000008,0.,1.59999934));
#2638=CARTESIAN_POINT('',(2.50000008,0.,0.));
#2639=CARTESIAN_POINT('',(2.0099147,0.03616198,1.59999934));
#2640=CARTESIAN_POINT('Origin',(2.50000008,0.,0.));
#2641=CARTESIAN_POINT('',(39.49998704,-0.01209548,0.));
#2642=CARTESIAN_POINT('',(2.50000008,0.,0.));
#2643=CARTESIAN_POINT('',(39.49998704,-0.01209548,1.59999934));
#2644=CARTESIAN_POINT('',(39.49998704,-0.01209548,0.));
#2645=CARTESIAN_POINT('',(2.50000008,0.,1.59999934));
#2646=CARTESIAN_POINT('Origin',(39.49998704,-0.01209548,0.));
#2647=CARTESIAN_POINT('',(39.99007242,0.03617468,0.));
#2648=CARTESIAN_POINT('',(39.49998704,-0.01209548,0.));
#2649=CARTESIAN_POINT('',(39.99007242,0.03617468,1.59999934));
#2650=CARTESIAN_POINT('',(39.99007242,0.03617468,0.));
#2651=CARTESIAN_POINT('',(39.49998704,-0.01209548,1.59999934));
#2652=CARTESIAN_POINT('Origin',(39.99007242,0.03617468,0.));
#2653=CARTESIAN_POINT('',(40.4613237,0.17912588,0.));
#2654=CARTESIAN_POINT('',(39.99007242,0.03617468,0.));
#2655=CARTESIAN_POINT('',(40.4613237,0.17912588,1.59999934));
#2656=CARTESIAN_POINT('',(40.4613237,0.17912588,0.));
#2657=CARTESIAN_POINT('',(39.99007242,0.03617468,1.59999934));
#2658=CARTESIAN_POINT('Origin',(40.4613237,0.17912588,0.));
#2659=CARTESIAN_POINT('',(40.89563322,0.41126918,0.));
#2660=CARTESIAN_POINT('',(40.4613237,0.17912588,0.));
#2661=CARTESIAN_POINT('',(40.89563322,0.41126918,1.59999934));
#2662=CARTESIAN_POINT('',(40.89563322,0.41126918,0.));
#2663=CARTESIAN_POINT('',(40.4613237,0.17912588,1.59999934));
#2664=CARTESIAN_POINT('Origin',(40.89563322,0.41126918,0.));
#2665=CARTESIAN_POINT('',(41.2763081,0.72367902,0.));
#2666=CARTESIAN_POINT('',(40.89563322,0.41126918,0.));
#2667=CARTESIAN_POINT('',(41.2763081,0.72367902,1.59999934));
#2668=CARTESIAN_POINT('',(41.2763081,0.72367902,0.));
#2669=CARTESIAN_POINT('',(40.89563322,0.41126918,1.59999934));
#2670=CARTESIAN_POINT('Origin',(41.2763081,0.72367902,0.));
#2671=CARTESIAN_POINT('',(41.58871794,1.1043539,0.));
#2672=CARTESIAN_POINT('',(41.2763081,0.72367902,0.));
#2673=CARTESIAN_POINT('',(41.58871794,1.1043539,1.59999934));
#2674=CARTESIAN_POINT('',(41.58871794,1.1043539,0.));
#2675=CARTESIAN_POINT('',(41.2763081,0.72367902,1.59999934));
#2676=CARTESIAN_POINT('Origin',(41.58871794,1.1043539,0.));
#2677=CARTESIAN_POINT('',(41.82086124,1.53866342,0.));
#2678=CARTESIAN_POINT('',(41.58871794,1.1043539,0.));
#2679=CARTESIAN_POINT('',(41.82086124,1.53866342,1.59999934));
#2680=CARTESIAN_POINT('',(41.82086124,1.53866342,0.));
#2681=CARTESIAN_POINT('',(41.58871794,1.1043539,1.59999934));
#2682=CARTESIAN_POINT('Origin',(41.82086124,1.53866342,0.));
#2683=CARTESIAN_POINT('',(41.96381244,2.0099147,0.));
#2684=CARTESIAN_POINT('',(41.82086124,1.53866342,0.));
#2685=CARTESIAN_POINT('',(41.96381244,2.0099147,1.59999934));
#2686=CARTESIAN_POINT('',(41.96381244,2.0099147,0.));
#2687=CARTESIAN_POINT('',(41.82086124,1.53866342,1.59999934));
#2688=CARTESIAN_POINT('Origin',(41.96381244,2.0099147,0.));
#2689=CARTESIAN_POINT('',(41.99998712,2.50000008,0.));
#2690=CARTESIAN_POINT('',(41.96381244,2.0099147,0.));
#2691=CARTESIAN_POINT('',(41.99998712,2.50000008,1.59999934));
#2692=CARTESIAN_POINT('',(41.99998712,2.50000008,0.));
#2693=CARTESIAN_POINT('',(41.96381244,2.0099147,1.59999934));
#2694=CARTESIAN_POINT('Origin',(41.99998712,2.50000008,0.));
#2695=CARTESIAN_POINT('',(42.0120826,30.49999234,0.));
#2696=CARTESIAN_POINT('',(41.99998712,2.50000008,0.));
#2697=CARTESIAN_POINT('',(42.0120826,30.49999234,1.59999934));
#2698=CARTESIAN_POINT('',(42.0120826,30.49999234,0.));
#2699=CARTESIAN_POINT('',(41.99998712,2.50000008,1.59999934));
#2700=CARTESIAN_POINT('Origin',(42.0120826,30.49999234,0.));
#2701=CARTESIAN_POINT('',(41.96381244,30.99007772,0.));
#2702=CARTESIAN_POINT('',(42.0120826,30.49999234,0.));
#2703=CARTESIAN_POINT('',(41.96381244,30.99007772,1.59999934));
#2704=CARTESIAN_POINT('',(41.96381244,30.99007772,0.));
#2705=CARTESIAN_POINT('',(42.0120826,30.49999234,1.59999934));
#2706=CARTESIAN_POINT('Origin',(41.96381244,30.99007772,0.));
#2707=CARTESIAN_POINT('',(41.82086124,31.461329,0.));
#2708=CARTESIAN_POINT('',(41.96381244,30.99007772,0.));
#2709=CARTESIAN_POINT('',(41.82086124,31.461329,1.59999934));
#2710=CARTESIAN_POINT('',(41.82086124,31.461329,0.));
#2711=CARTESIAN_POINT('',(41.96381244,30.99007772,1.59999934));
#2712=CARTESIAN_POINT('Origin',(41.82086124,31.461329,0.));
#2713=CARTESIAN_POINT('',(41.58871794,31.89563852,0.));
#2714=CARTESIAN_POINT('',(41.82086124,31.461329,0.));
#2715=CARTESIAN_POINT('',(41.58871794,31.89563852,1.59999934));
#2716=CARTESIAN_POINT('',(41.58871794,31.89563852,0.));
#2717=CARTESIAN_POINT('',(41.82086124,31.461329,1.59999934));
#2718=CARTESIAN_POINT('Origin',(41.58871794,31.89563852,0.));
#2719=CARTESIAN_POINT('',(41.2763081,32.2763134,0.));
#2720=CARTESIAN_POINT('',(41.58871794,31.89563852,0.));
#2721=CARTESIAN_POINT('',(41.2763081,32.2763134,1.59999934));
#2722=CARTESIAN_POINT('',(41.2763081,32.2763134,0.));
#2723=CARTESIAN_POINT('',(41.58871794,31.89563852,1.59999934));
#2724=CARTESIAN_POINT('Origin',(41.2763081,32.2763134,0.));
#2725=CARTESIAN_POINT('',(40.89563322,32.58872324,0.));
#2726=CARTESIAN_POINT('',(41.2763081,32.2763134,0.));
#2727=CARTESIAN_POINT('',(40.89563322,32.58872324,1.59999934));
#2728=CARTESIAN_POINT('',(40.89563322,32.58872324,0.));
#2729=CARTESIAN_POINT('',(41.2763081,32.2763134,1.59999934));
#2730=CARTESIAN_POINT('Origin',(40.89563322,32.58872324,0.));
#2731=CARTESIAN_POINT('',(40.4613237,32.82086654,0.));
#2732=CARTESIAN_POINT('',(40.89563322,32.58872324,0.));
#2733=CARTESIAN_POINT('',(40.4613237,32.82086654,1.59999934));
#2734=CARTESIAN_POINT('',(40.4613237,32.82086654,0.));
#2735=CARTESIAN_POINT('',(40.89563322,32.58872324,1.59999934));
#2736=CARTESIAN_POINT('Origin',(40.4613237,32.82086654,0.));
#2737=CARTESIAN_POINT('',(39.99007242,32.96381774,0.));
#2738=CARTESIAN_POINT('',(40.4613237,32.82086654,0.));
#2739=CARTESIAN_POINT('',(39.99007242,32.96381774,1.59999934));
#2740=CARTESIAN_POINT('',(39.99007242,32.96381774,0.));
#2741=CARTESIAN_POINT('',(40.4613237,32.82086654,1.59999934));
#2742=CARTESIAN_POINT('Origin',(39.99007242,32.96381774,0.));
#2743=CARTESIAN_POINT('',(39.49998704,32.99999242,0.));
#2744=CARTESIAN_POINT('',(39.99007242,32.96381774,0.));
#2745=CARTESIAN_POINT('',(39.49998704,32.99999242,1.59999934));
#2746=CARTESIAN_POINT('',(39.49998704,32.99999242,0.));
#2747=CARTESIAN_POINT('',(39.99007242,32.96381774,1.59999934));
#2748=CARTESIAN_POINT('Origin',(39.49998704,32.99999242,0.));
#2749=CARTESIAN_POINT('',(2.50000008,33.0120752,0.));
#2750=CARTESIAN_POINT('',(39.49998704,32.99999242,0.));
#2751=CARTESIAN_POINT('',(2.50000008,33.0120752,1.59999934));
#2752=CARTESIAN_POINT('',(2.50000008,33.0120752,0.));
#2753=CARTESIAN_POINT('',(39.49998704,32.99999242,1.59999934));
#2754=CARTESIAN_POINT('Origin',(2.50000008,33.0120752,0.));
#2755=CARTESIAN_POINT('',(2.0099147,32.96380504,0.));
#2756=CARTESIAN_POINT('',(2.50000008,33.0120752,0.));
#2757=CARTESIAN_POINT('',(2.0099147,32.96380504,1.59999934));
#2758=CARTESIAN_POINT('',(2.0099147,32.96380504,0.));
#2759=CARTESIAN_POINT('',(2.50000008,33.0120752,1.59999934));
#2760=CARTESIAN_POINT('Origin',(2.0099147,32.96380504,0.));
#2761=CARTESIAN_POINT('',(1.53866342,32.82085384,0.));
#2762=CARTESIAN_POINT('',(2.0099147,32.96380504,0.));
#2763=CARTESIAN_POINT('',(1.53866342,32.82085384,1.59999934));
#2764=CARTESIAN_POINT('',(1.53866342,32.82085384,0.));
#2765=CARTESIAN_POINT('',(2.0099147,32.96380504,1.59999934));
#2766=CARTESIAN_POINT('Origin',(1.53866342,32.82085384,0.));
#2767=CARTESIAN_POINT('',(1.1043539,32.58871054,0.));
#2768=CARTESIAN_POINT('',(1.53866342,32.82085384,0.));
#2769=CARTESIAN_POINT('',(1.1043539,32.58871054,1.59999934));
#2770=CARTESIAN_POINT('',(1.1043539,32.58871054,0.));
#2771=CARTESIAN_POINT('',(1.53866342,32.82085384,1.59999934));
#2772=CARTESIAN_POINT('Origin',(1.1043539,32.58871054,0.));
#2773=CARTESIAN_POINT('',(0.72367902,32.2763007,0.));
#2774=CARTESIAN_POINT('',(1.1043539,32.58871054,0.));
#2775=CARTESIAN_POINT('',(0.72367902,32.2763007,1.59999934));
#2776=CARTESIAN_POINT('',(0.72367902,32.2763007,0.));
#2777=CARTESIAN_POINT('',(1.1043539,32.58871054,1.59999934));
#2778=CARTESIAN_POINT('Origin',(0.72367902,32.2763007,0.));
#2779=CARTESIAN_POINT('',(0.41126918,31.89562582,0.));
#2780=CARTESIAN_POINT('',(0.72367902,32.2763007,0.));
#2781=CARTESIAN_POINT('',(0.41126918,31.89562582,1.59999934));
#2782=CARTESIAN_POINT('',(0.41126918,31.89562582,0.));
#2783=CARTESIAN_POINT('',(0.72367902,32.2763007,1.59999934));
#2784=CARTESIAN_POINT('Origin',(0.41126918,31.89562582,0.));
#2785=CARTESIAN_POINT('',(0.17912588,31.4613163,0.));
#2786=CARTESIAN_POINT('',(0.41126918,31.89562582,0.));
#2787=CARTESIAN_POINT('',(0.17912588,31.4613163,1.59999934));
#2788=CARTESIAN_POINT('',(0.17912588,31.4613163,0.));
#2789=CARTESIAN_POINT('',(0.41126918,31.89562582,1.59999934));
#2790=CARTESIAN_POINT('Origin',(0.17912588,31.4613163,0.));
#2791=CARTESIAN_POINT('',(0.03617467999999,30.99006502,0.));
#2792=CARTESIAN_POINT('',(0.17912588,31.4613163,0.));
#2793=CARTESIAN_POINT('',(0.03617467999999,30.99006502,1.59999934));
#2794=CARTESIAN_POINT('',(0.03617467999999,30.99006502,0.));
#2795=CARTESIAN_POINT('',(0.17912588,31.4613163,1.59999934));
#2796=CARTESIAN_POINT('Origin',(0.03617467999999,30.99006502,0.));
#2797=CARTESIAN_POINT('',(0.,30.49997964,0.));
#2798=CARTESIAN_POINT('',(0.03617467999999,30.99006502,0.));
#2799=CARTESIAN_POINT('',(0.,30.49997964,1.59999934));
#2800=CARTESIAN_POINT('',(0.,30.49997964,0.));
#2801=CARTESIAN_POINT('',(0.03617467999999,30.99006502,1.59999934));
#2802=CARTESIAN_POINT('Origin',(0.,30.49997964,0.));
#2803=CARTESIAN_POINT('',(0.,30.49997964,0.));
#2804=CARTESIAN_POINT('',(0.,30.49997964,1.59999934));
#2805=CARTESIAN_POINT('Origin',(2.49998738,2.49998738,0.));
#2806=CARTESIAN_POINT('',(1.24998734,2.49998738,1.59999934));
#2807=CARTESIAN_POINT('Origin',(2.49998738,2.49998738,1.59999934));
#2808=CARTESIAN_POINT('',(1.24998734,2.49998738,0.));
#2809=CARTESIAN_POINT('',(1.24998734,2.49998738,0.));
#2810=CARTESIAN_POINT('Origin',(2.49998738,2.49998738,0.));
#2811=CARTESIAN_POINT('Origin',(8.7089996,6.36900174,0.));
#2812=CARTESIAN_POINT('',(8.7089996,6.36900174,0.));
#2813=CARTESIAN_POINT('',(8.7089996,6.36900174,1.59999934));
#2814=CARTESIAN_POINT('',(8.7089996,6.36900174,0.));
#2815=CARTESIAN_POINT('',(10.70900068,6.36900174,1.59999934));
#2816=CARTESIAN_POINT('',(8.7089996,6.36900174,1.59999934));
#2817=CARTESIAN_POINT('',(10.70900068,6.36900174,0.));
#2818=CARTESIAN_POINT('',(10.70900068,6.36900174,0.));
#2819=CARTESIAN_POINT('',(8.7089996,6.36900174,0.));
#2820=CARTESIAN_POINT('Origin',(10.70900068,6.86900074,0.));
#2821=CARTESIAN_POINT('',(10.70900068,7.36899974,1.59999934));
#2822=CARTESIAN_POINT('Origin',(10.70900068,6.86900074,1.59999934));
#2823=CARTESIAN_POINT('',(10.70900068,7.36899974,0.));
#2824=CARTESIAN_POINT('',(10.70900068,7.36899974,0.));
#2825=CARTESIAN_POINT('Origin',(10.70900068,6.86900074,0.));
#2826=CARTESIAN_POINT('Origin',(10.70900068,7.36899974,0.));
#2827=CARTESIAN_POINT('',(8.7089996,7.36899974,1.59999934));
#2828=CARTESIAN_POINT('',(10.70900068,7.36899974,1.59999934));
#2829=CARTESIAN_POINT('',(8.7089996,7.36899974,0.));
#2830=CARTESIAN_POINT('',(8.7089996,7.36899974,0.));
#2831=CARTESIAN_POINT('',(10.70900068,7.36899974,0.));
#2832=CARTESIAN_POINT('Origin',(8.7089996,6.86900074,0.));
#2833=CARTESIAN_POINT('Origin',(8.7089996,6.86900074,1.59999934));
#2834=CARTESIAN_POINT('Origin',(8.7089996,6.86900074,0.));
#2835=CARTESIAN_POINT('Origin',(15.00899716,9.11900132,0.));
#2836=CARTESIAN_POINT('',(15.00899716,9.11900132,0.));
#2837=CARTESIAN_POINT('',(15.00899716,9.11900132,1.59999934));
#2838=CARTESIAN_POINT('',(15.00899716,9.11900132,0.));
#2839=CARTESIAN_POINT('',(15.00899716,11.1190024,1.59999934));
#2840=CARTESIAN_POINT('',(15.00899716,9.11900132,1.59999934));
#2841=CARTESIAN_POINT('',(15.00899716,11.1190024,0.));
#2842=CARTESIAN_POINT('',(15.00899716,11.1190024,0.));
#2843=CARTESIAN_POINT('',(15.00899716,9.11900132,0.));
#2844=CARTESIAN_POINT('Origin',(14.50899816,11.1190024,0.));
#2845=CARTESIAN_POINT('',(14.00899916,11.1190024,1.59999934));
#2846=CARTESIAN_POINT('Origin',(14.50899816,11.1190024,1.59999934));
#2847=CARTESIAN_POINT('',(14.00899916,11.1190024,0.));
#2848=CARTESIAN_POINT('',(14.00899916,11.1190024,0.));
#2849=CARTESIAN_POINT('Origin',(14.50899816,11.1190024,0.));
#2850=CARTESIAN_POINT('Origin',(14.00899916,11.1190024,0.));
#2851=CARTESIAN_POINT('',(14.00899916,9.11900132,1.59999934));
#2852=CARTESIAN_POINT('',(14.00899916,11.1190024,1.59999934));
#2853=CARTESIAN_POINT('',(14.00899916,9.11900132,0.));
#2854=CARTESIAN_POINT('',(14.00899916,9.11900132,0.));
#2855=CARTESIAN_POINT('',(14.00899916,11.1190024,0.));
#2856=CARTESIAN_POINT('Origin',(14.50899816,9.11900132,0.));
#2857=CARTESIAN_POINT('Origin',(14.50899816,9.11900132,1.59999934));
#2858=CARTESIAN_POINT('Origin',(14.50899816,9.11900132,0.));
#2859=CARTESIAN_POINT('Origin',(19.04340108,2.7980005,0.));
#2860=CARTESIAN_POINT('',(18.59890108,2.7980005,1.59999934));
#2861=CARTESIAN_POINT('Origin',(19.04340108,2.7980005,1.59999934));
#2862=CARTESIAN_POINT('',(18.59890108,2.7980005,0.));
#2863=CARTESIAN_POINT('',(18.59890108,2.7980005,0.));
#2864=CARTESIAN_POINT('Origin',(19.04340108,2.7980005,0.));
#2865=CARTESIAN_POINT('Origin',(28.02497824,1.37750042,0.));
#2866=CARTESIAN_POINT('',(28.02497824,1.37750042,0.));
#2867=CARTESIAN_POINT('',(28.02497824,1.37750042,1.59999934));
#2868=CARTESIAN_POINT('',(28.02497824,1.37750042,0.));
#2869=CARTESIAN_POINT('',(28.02497824,2.17749882,1.59999934));
#2870=CARTESIAN_POINT('',(28.02497824,1.37750042,1.59999934));
#2871=CARTESIAN_POINT('',(28.02497824,2.17749882,0.));
#2872=CARTESIAN_POINT('',(28.02497824,2.17749882,0.));
#2873=CARTESIAN_POINT('',(28.02497824,1.37750042,0.));
#2874=CARTESIAN_POINT('Origin',(27.77497874,2.17749882,0.));
#2875=CARTESIAN_POINT('',(27.52497924,2.17749882,1.59999934));
#2876=CARTESIAN_POINT('Origin',(27.77497874,2.17749882,1.59999934));
#2877=CARTESIAN_POINT('',(27.52497924,2.17749882,0.));
#2878=CARTESIAN_POINT('',(27.52497924,2.17749882,0.));
#2879=CARTESIAN_POINT('Origin',(27.77497874,2.17749882,0.));
#2880=CARTESIAN_POINT('Origin',(27.52497924,2.17749882,0.));
#2881=CARTESIAN_POINT('',(27.52497924,1.37750042,1.59999934));
#2882=CARTESIAN_POINT('',(27.52497924,2.17749882,1.59999934));
#2883=CARTESIAN_POINT('',(27.52497924,1.37750042,0.));
#2884=CARTESIAN_POINT('',(27.52497924,1.37750042,0.));
#2885=CARTESIAN_POINT('',(27.52497924,2.17749882,0.));
#2886=CARTESIAN_POINT('Origin',(27.77497874,1.37750042,0.));
#2887=CARTESIAN_POINT('Origin',(27.77497874,1.37750042,1.59999934));
#2888=CARTESIAN_POINT('Origin',(27.77497874,1.37750042,0.));
#2889=CARTESIAN_POINT('Origin',(22.54860108,2.7980005,0.));
#2890=CARTESIAN_POINT('',(22.10410108,2.7980005,1.59999934));
#2891=CARTESIAN_POINT('Origin',(22.54860108,2.7980005,1.59999934));
#2892=CARTESIAN_POINT('',(22.10410108,2.7980005,0.));
#2893=CARTESIAN_POINT('',(22.10410108,2.7980005,0.));
#2894=CARTESIAN_POINT('Origin',(22.54860108,2.7980005,0.));
#2895=CARTESIAN_POINT('Origin',(28.02497824,5.35747722,0.));
#2896=CARTESIAN_POINT('',(28.02497824,5.35747722,0.));
#2897=CARTESIAN_POINT('',(28.02497824,5.35747722,1.59999934));
#2898=CARTESIAN_POINT('',(28.02497824,5.35747722,0.));
#2899=CARTESIAN_POINT('',(28.02497824,6.55747482,1.59999934));
#2900=CARTESIAN_POINT('',(28.02497824,5.35747722,1.59999934));
#2901=CARTESIAN_POINT('',(28.02497824,6.55747482,0.));
#2902=CARTESIAN_POINT('',(28.02497824,6.55747482,0.));
#2903=CARTESIAN_POINT('',(28.02497824,5.35747722,0.));
#2904=CARTESIAN_POINT('Origin',(27.77497874,6.55747482,0.));
#2905=CARTESIAN_POINT('',(27.52497924,6.55747482,1.59999934));
#2906=CARTESIAN_POINT('Origin',(27.77497874,6.55747482,1.59999934));
#2907=CARTESIAN_POINT('',(27.52497924,6.55747482,0.));
#2908=CARTESIAN_POINT('',(27.52497924,6.55747482,0.));
#2909=CARTESIAN_POINT('Origin',(27.77497874,6.55747482,0.));
#2910=CARTESIAN_POINT('Origin',(27.52497924,6.55747482,0.));
#2911=CARTESIAN_POINT('',(27.52497924,5.35747722,1.59999934));
#2912=CARTESIAN_POINT('',(27.52497924,6.55747482,1.59999934));
#2913=CARTESIAN_POINT('',(27.52497924,5.35747722,0.));
#2914=CARTESIAN_POINT('',(27.52497924,5.35747722,0.));
#2915=CARTESIAN_POINT('',(27.52497924,6.55747482,0.));
#2916=CARTESIAN_POINT('Origin',(27.77497874,5.35747722,0.));
#2917=CARTESIAN_POINT('Origin',(27.77497874,5.35747722,1.59999934));
#2918=CARTESIAN_POINT('Origin',(27.77497874,5.35747722,0.));
#2919=CARTESIAN_POINT('Origin',(8.8089994,12.61900194,0.));
#2920=CARTESIAN_POINT('',(8.8089994,12.61900194,0.));
#2921=CARTESIAN_POINT('',(8.8089994,12.61900194,1.59999934));
#2922=CARTESIAN_POINT('',(8.8089994,12.61900194,0.));
#2923=CARTESIAN_POINT('',(10.60900088,12.61900194,1.59999934));
#2924=CARTESIAN_POINT('',(8.8089994,12.61900194,1.59999934));
#2925=CARTESIAN_POINT('',(10.60900088,12.61900194,0.));
#2926=CARTESIAN_POINT('',(10.60900088,12.61900194,0.));
#2927=CARTESIAN_POINT('',(8.8089994,12.61900194,0.));
#2928=CARTESIAN_POINT('Origin',(10.60900088,13.11900094,0.));
#2929=CARTESIAN_POINT('',(10.60900088,13.61899994,1.59999934));
#2930=CARTESIAN_POINT('Origin',(10.60900088,13.11900094,1.59999934));
#2931=CARTESIAN_POINT('',(10.60900088,13.61899994,0.));
#2932=CARTESIAN_POINT('',(10.60900088,13.61899994,0.));
#2933=CARTESIAN_POINT('Origin',(10.60900088,13.11900094,0.));
#2934=CARTESIAN_POINT('Origin',(10.60900088,13.61899994,0.));
#2935=CARTESIAN_POINT('',(8.8089994,13.61899994,1.59999934));
#2936=CARTESIAN_POINT('',(10.60900088,13.61899994,1.59999934));
#2937=CARTESIAN_POINT('',(8.8089994,13.61899994,0.));
#2938=CARTESIAN_POINT('',(8.8089994,13.61899994,0.));
#2939=CARTESIAN_POINT('',(10.60900088,13.61899994,0.));
#2940=CARTESIAN_POINT('Origin',(8.8089994,13.11900094,0.));
#2941=CARTESIAN_POINT('Origin',(8.8089994,13.11900094,1.59999934));
#2942=CARTESIAN_POINT('Origin',(8.8089994,13.11900094,0.));
#2943=CARTESIAN_POINT('Origin',(10.53400738,30.88499284,0.));
#2944=CARTESIAN_POINT('',(10.03400838,30.88499284,1.59999934));
#2945=CARTESIAN_POINT('Origin',(10.53400738,30.88499284,1.59999934));
#2946=CARTESIAN_POINT('',(10.03400838,30.88499284,0.));
#2947=CARTESIAN_POINT('',(10.03400838,30.88499284,0.));
#2948=CARTESIAN_POINT('Origin',(10.53400738,30.88499284,0.));
#2949=CARTESIAN_POINT('Origin',(2.49998738,30.49999234,0.));
#2950=CARTESIAN_POINT('',(1.24998734,30.49999234,1.59999934));
#2951=CARTESIAN_POINT('Origin',(2.49998738,30.49999234,1.59999934));
#2952=CARTESIAN_POINT('',(1.24998734,30.49999234,0.));
#2953=CARTESIAN_POINT('',(1.24998734,30.49999234,0.));
#2954=CARTESIAN_POINT('Origin',(2.49998738,30.49999234,0.));
#2955=CARTESIAN_POINT('Origin',(8.03401238,30.88499284,0.));
#2956=CARTESIAN_POINT('',(7.53401338,30.88499284,1.59999934));
#2957=CARTESIAN_POINT('Origin',(8.03401238,30.88499284,1.59999934));
#2958=CARTESIAN_POINT('',(7.53401338,30.88499284,0.));
#2959=CARTESIAN_POINT('',(7.53401338,30.88499284,0.));
#2960=CARTESIAN_POINT('Origin',(8.03401238,30.88499284,0.));
#2961=CARTESIAN_POINT('Origin',(22.46799418,30.88499284,0.));
#2962=CARTESIAN_POINT('',(21.96799518,30.88499284,1.59999934));
#2963=CARTESIAN_POINT('Origin',(22.46799418,30.88499284,1.59999934));
#2964=CARTESIAN_POINT('',(21.96799518,30.88499284,0.));
#2965=CARTESIAN_POINT('',(21.96799518,30.88499284,0.));
#2966=CARTESIAN_POINT('Origin',(22.46799418,30.88499284,0.));
#2967=CARTESIAN_POINT('Origin',(24.96798918,30.88499284,0.));
#2968=CARTESIAN_POINT('',(24.46799018,30.88499284,1.59999934));
#2969=CARTESIAN_POINT('Origin',(24.96798918,30.88499284,1.59999934));
#2970=CARTESIAN_POINT('',(24.46799018,30.88499284,0.));
#2971=CARTESIAN_POINT('',(24.46799018,30.88499284,0.));
#2972=CARTESIAN_POINT('Origin',(24.96798918,30.88499284,0.));
#2973=CARTESIAN_POINT('Origin',(13.03400238,30.88499284,0.));
#2974=CARTESIAN_POINT('',(12.53400338,30.88499284,1.59999934));
#2975=CARTESIAN_POINT('Origin',(13.03400238,30.88499284,1.59999934));
#2976=CARTESIAN_POINT('',(12.53400338,30.88499284,0.));
#2977=CARTESIAN_POINT('',(12.53400338,30.88499284,0.));
#2978=CARTESIAN_POINT('Origin',(13.03400238,30.88499284,0.));
#2979=CARTESIAN_POINT('Origin',(19.96799918,30.88499284,0.));
#2980=CARTESIAN_POINT('',(19.46800018,30.88499284,1.59999934));
#2981=CARTESIAN_POINT('Origin',(19.96799918,30.88499284,1.59999934));
#2982=CARTESIAN_POINT('',(19.46800018,30.88499284,0.));
#2983=CARTESIAN_POINT('',(19.46800018,30.88499284,0.));
#2984=CARTESIAN_POINT('Origin',(19.96799918,30.88499284,0.));
#2985=CARTESIAN_POINT('Origin',(29.20999238,5.45749226,0.));
#2986=CARTESIAN_POINT('',(28.82899238,5.45749226,1.59999934));
#2987=CARTESIAN_POINT('Origin',(29.20999238,5.45749226,1.59999934));
#2988=CARTESIAN_POINT('',(28.82899238,5.45749226,0.));
#2989=CARTESIAN_POINT('',(28.82899238,5.45749226,0.));
#2990=CARTESIAN_POINT('Origin',(29.20999238,5.45749226,0.));
#2991=CARTESIAN_POINT('Origin',(34.35998462,15.86998858,0.));
#2992=CARTESIAN_POINT('',(33.91548462,15.86998858,1.59999934));
#2993=CARTESIAN_POINT('Origin',(34.35998462,15.86998858,1.59999934));
#2994=CARTESIAN_POINT('',(33.91548462,15.86998858,0.));
#2995=CARTESIAN_POINT('',(33.91548462,15.86998858,0.));
#2996=CARTESIAN_POINT('Origin',(34.35998462,15.86998858,0.));
#2997=CARTESIAN_POINT('Origin',(34.98999098,5.45749226,0.));
#2998=CARTESIAN_POINT('',(34.60899098,5.45749226,1.59999934));
#2999=CARTESIAN_POINT('Origin',(34.98999098,5.45749226,1.59999934));
#3000=CARTESIAN_POINT('',(34.60899098,5.45749226,0.));
#3001=CARTESIAN_POINT('',(34.60899098,5.45749226,0.));
#3002=CARTESIAN_POINT('Origin',(34.98999098,5.45749226,0.));
#3003=CARTESIAN_POINT('Origin',(36.67499904,1.37750042,0.));
#3004=CARTESIAN_POINT('',(36.67499904,1.37750042,0.));
#3005=CARTESIAN_POINT('',(36.67499904,1.37750042,1.59999934));
#3006=CARTESIAN_POINT('',(36.67499904,1.37750042,0.));
#3007=CARTESIAN_POINT('',(36.67499904,2.17749882,1.59999934));
#3008=CARTESIAN_POINT('',(36.67499904,1.37750042,1.59999934));
#3009=CARTESIAN_POINT('',(36.67499904,2.17749882,0.));
#3010=CARTESIAN_POINT('',(36.67499904,2.17749882,0.));
#3011=CARTESIAN_POINT('',(36.67499904,1.37750042,0.));
#3012=CARTESIAN_POINT('Origin',(36.42499954,2.17749882,0.));
#3013=CARTESIAN_POINT('',(36.17500004,2.17749882,1.59999934));
#3014=CARTESIAN_POINT('Origin',(36.42499954,2.17749882,1.59999934));
#3015=CARTESIAN_POINT('',(36.17500004,2.17749882,0.));
#3016=CARTESIAN_POINT('',(36.17500004,2.17749882,0.));
#3017=CARTESIAN_POINT('Origin',(36.42499954,2.17749882,0.));
#3018=CARTESIAN_POINT('Origin',(36.17500004,2.17749882,0.));
#3019=CARTESIAN_POINT('',(36.17500004,1.37750042,1.59999934));
#3020=CARTESIAN_POINT('',(36.17500004,2.17749882,1.59999934));
#3021=CARTESIAN_POINT('',(36.17500004,1.37750042,0.));
#3022=CARTESIAN_POINT('',(36.17500004,1.37750042,0.));
#3023=CARTESIAN_POINT('',(36.17500004,2.17749882,0.));
#3024=CARTESIAN_POINT('Origin',(36.42499954,1.37750042,0.));
#3025=CARTESIAN_POINT('Origin',(36.42499954,1.37750042,1.59999934));
#3026=CARTESIAN_POINT('Origin',(36.42499954,1.37750042,0.));
#3027=CARTESIAN_POINT('Origin',(39.49998958,2.49998738,0.));
#3028=CARTESIAN_POINT('',(38.24998954,2.49998738,1.59999934));
#3029=CARTESIAN_POINT('Origin',(39.49998958,2.49998738,1.59999934));
#3030=CARTESIAN_POINT('',(38.24998954,2.49998738,0.));
#3031=CARTESIAN_POINT('',(38.24998954,2.49998738,0.));
#3032=CARTESIAN_POINT('Origin',(39.49998958,2.49998738,0.));
#3033=CARTESIAN_POINT('Origin',(36.67499904,5.35747722,0.));
#3034=CARTESIAN_POINT('',(36.67499904,5.35747722,0.));
#3035=CARTESIAN_POINT('',(36.67499904,5.35747722,1.59999934));
#3036=CARTESIAN_POINT('',(36.67499904,5.35747722,0.));
#3037=CARTESIAN_POINT('',(36.67499904,6.55747482,1.59999934));
#3038=CARTESIAN_POINT('',(36.67499904,5.35747722,1.59999934));
#3039=CARTESIAN_POINT('',(36.67499904,6.55747482,0.));
#3040=CARTESIAN_POINT('',(36.67499904,6.55747482,0.));
#3041=CARTESIAN_POINT('',(36.67499904,5.35747722,0.));
#3042=CARTESIAN_POINT('Origin',(36.42499954,6.55747482,0.));
#3043=CARTESIAN_POINT('',(36.17500004,6.55747482,1.59999934));
#3044=CARTESIAN_POINT('Origin',(36.42499954,6.55747482,1.59999934));
#3045=CARTESIAN_POINT('',(36.17500004,6.55747482,0.));
#3046=CARTESIAN_POINT('',(36.17500004,6.55747482,0.));
#3047=CARTESIAN_POINT('Origin',(36.42499954,6.55747482,0.));
#3048=CARTESIAN_POINT('Origin',(36.17500004,6.55747482,0.));
#3049=CARTESIAN_POINT('',(36.17500004,5.35747722,1.59999934));
#3050=CARTESIAN_POINT('',(36.17500004,6.55747482,1.59999934));
#3051=CARTESIAN_POINT('',(36.17500004,5.35747722,0.));
#3052=CARTESIAN_POINT('',(36.17500004,5.35747722,0.));
#3053=CARTESIAN_POINT('',(36.17500004,6.55747482,0.));
#3054=CARTESIAN_POINT('Origin',(36.42499954,5.35747722,0.));
#3055=CARTESIAN_POINT('Origin',(36.42499954,5.35747722,1.59999934));
#3056=CARTESIAN_POINT('Origin',(36.42499954,5.35747722,0.));
#3057=CARTESIAN_POINT('Origin',(36.89998462,15.86998858,0.));
#3058=CARTESIAN_POINT('',(36.45548462,15.86998858,1.59999934));
#3059=CARTESIAN_POINT('Origin',(36.89998462,15.86998858,1.59999934));
#3060=CARTESIAN_POINT('',(36.45548462,15.86998858,0.));
#3061=CARTESIAN_POINT('',(36.45548462,15.86998858,0.));
#3062=CARTESIAN_POINT('Origin',(36.89998462,15.86998858,0.));
#3063=CARTESIAN_POINT('Origin',(34.35998462,20.94998858,0.));
#3064=CARTESIAN_POINT('',(33.91548462,20.94998858,1.59999934));
#3065=CARTESIAN_POINT('Origin',(34.35998462,20.94998858,1.59999934));
#3066=CARTESIAN_POINT('',(33.91548462,20.94998858,0.));
#3067=CARTESIAN_POINT('',(33.91548462,20.94998858,0.));
#3068=CARTESIAN_POINT('Origin',(34.35998462,20.94998858,0.));
#3069=CARTESIAN_POINT('Origin',(34.35998462,18.40998858,0.));
#3070=CARTESIAN_POINT('',(33.91548462,18.40998858,1.59999934));
#3071=CARTESIAN_POINT('Origin',(34.35998462,18.40998858,1.59999934));
#3072=CARTESIAN_POINT('',(33.91548462,18.40998858,0.));
#3073=CARTESIAN_POINT('',(33.91548462,18.40998858,0.));
#3074=CARTESIAN_POINT('Origin',(34.35998462,18.40998858,0.));
#3075=CARTESIAN_POINT('Origin',(30.55298944,31.41999304,0.));
#3076=CARTESIAN_POINT('',(30.10848944,31.41999304,1.59999934));
#3077=CARTESIAN_POINT('Origin',(30.55298944,31.41999304,1.59999934));
#3078=CARTESIAN_POINT('',(30.10848944,31.41999304,0.));
#3079=CARTESIAN_POINT('',(30.10848944,31.41999304,0.));
#3080=CARTESIAN_POINT('Origin',(30.55298944,31.41999304,0.));
#3081=CARTESIAN_POINT('Origin',(33.09298944,31.41999304,0.));
#3082=CARTESIAN_POINT('',(32.64848944,31.41999304,1.59999934));
#3083=CARTESIAN_POINT('Origin',(33.09298944,31.41999304,1.59999934));
#3084=CARTESIAN_POINT('',(32.64848944,31.41999304,0.));
#3085=CARTESIAN_POINT('',(32.64848944,31.41999304,0.));
#3086=CARTESIAN_POINT('Origin',(33.09298944,31.41999304,0.));
#3087=CARTESIAN_POINT('Origin',(36.89998462,20.94998858,0.));
#3088=CARTESIAN_POINT('',(36.45548462,20.94998858,1.59999934));
#3089=CARTESIAN_POINT('Origin',(36.89998462,20.94998858,1.59999934));
#3090=CARTESIAN_POINT('',(36.45548462,20.94998858,0.));
#3091=CARTESIAN_POINT('',(36.45548462,20.94998858,0.));
#3092=CARTESIAN_POINT('Origin',(36.89998462,20.94998858,0.));
#3093=CARTESIAN_POINT('Origin',(36.89998462,18.40998858,0.));
#3094=CARTESIAN_POINT('',(36.45548462,18.40998858,1.59999934));
#3095=CARTESIAN_POINT('Origin',(36.89998462,18.40998858,1.59999934));
#3096=CARTESIAN_POINT('',(36.45548462,18.40998858,0.));
#3097=CARTESIAN_POINT('',(36.45548462,18.40998858,0.));
#3098=CARTESIAN_POINT('Origin',(36.89998462,18.40998858,0.));
#3099=CARTESIAN_POINT('Origin',(35.63298944,31.41999304,0.));
#3100=CARTESIAN_POINT('',(35.18848944,31.41999304,1.59999934));
#3101=CARTESIAN_POINT('Origin',(35.63298944,31.41999304,1.59999934));
#3102=CARTESIAN_POINT('',(35.18848944,31.41999304,0.));
#3103=CARTESIAN_POINT('',(35.18848944,31.41999304,0.));
#3104=CARTESIAN_POINT('Origin',(35.63298944,31.41999304,0.));
#3105=CARTESIAN_POINT('Origin',(39.51198854,30.49999234,0.));
#3106=CARTESIAN_POINT('',(38.2619885,30.49999234,1.59999934));
#3107=CARTESIAN_POINT('Origin',(39.51198854,30.49999234,1.59999934));
#3108=CARTESIAN_POINT('',(38.2619885,30.49999234,0.));
#3109=CARTESIAN_POINT('',(38.2619885,30.49999234,0.));
#3110=CARTESIAN_POINT('Origin',(39.51198854,30.49999234,0.));
#3111=CARTESIAN_POINT('Origin',(-0.01209548,2.49998738,0.));
#3112=CARTESIAN_POINT('Origin',(-0.01209548,2.49998738,1.59999934));
#3113=UNCERTAINTY_MEASURE_WITH_UNIT(LENGTH_MEASURE(0.01),#3117,
'DISTANCE_ACCURACY_VALUE',
'Maximum model space distance between geometric entities at asserted c
onnectivities');
#3114=UNCERTAINTY_MEASURE_WITH_UNIT(LENGTH_MEASURE(0.01),#3117,
'DISTANCE_ACCURACY_VALUE',
'Maximum model space distance between geometric entities at asserted c
onnectivities');
#3115=(
GEOMETRIC_REPRESENTATION_CONTEXT(3)
GLOBAL_UNCERTAINTY_ASSIGNED_CONTEXT((#3113))
GLOBAL_UNIT_ASSIGNED_CONTEXT((#3117,#3119,#3120))
REPRESENTATION_CONTEXT('','3D')
);
#3116=(
GEOMETRIC_REPRESENTATION_CONTEXT(3)
GLOBAL_UNCERTAINTY_ASSIGNED_CONTEXT((#3114))
GLOBAL_UNIT_ASSIGNED_CONTEXT((#3117,#3119,#3120))
REPRESENTATION_CONTEXT('','3D')
);
#3117=(
LENGTH_UNIT()
NAMED_UNIT(*)
SI_UNIT(.MILLI.,.METRE.)
);
#3118=(
LENGTH_UNIT()
NAMED_UNIT(*)
SI_UNIT($,.METRE.)
);
#3119=(
NAMED_UNIT(*)
PLANE_ANGLE_UNIT()
SI_UNIT($,.RADIAN.)
);
#3120=(
NAMED_UNIT(*)
SI_UNIT($,.STERADIAN.)
SOLID_ANGLE_UNIT()
);
#3121=SHAPE_DEFINITION_REPRESENTATION(#3122,#3123);
#3122=PRODUCT_DEFINITION_SHAPE('',$,#3125);
#3123=SHAPE_REPRESENTATION('',(#1909),#3115);
#3124=PRODUCT_DEFINITION_CONTEXT('part definition',#3129,'design');
#3125=PRODUCT_DEFINITION('2026-09-19-16-56-23-071','Board',#3126,#3124);
#3126=PRODUCT_DEFINITION_FORMATION('',$,#3131);
#3127=PRODUCT_RELATED_PRODUCT_CATEGORY('Board','Board',(#3131));
#3128=APPLICATION_PROTOCOL_DEFINITION('international standard',
'automotive_design',2009,#3129);
#3129=APPLICATION_CONTEXT(
'Core Data for Automotive Mechanical Design Process');
#3130=PRODUCT_CONTEXT('part definition',#3129,'mechanical');
#3131=PRODUCT('2026-09-19-16-56-23-071','Board',$,(#3130));
#3132=PRESENTATION_STYLE_ASSIGNMENT((#3134));
#3133=PRESENTATION_STYLE_ASSIGNMENT((#3135));
#3134=SURFACE_STYLE_USAGE(.BOTH.,#3136);
#3135=SURFACE_STYLE_USAGE(.BOTH.,#3137);
#3136=SURFACE_SIDE_STYLE('',(#3138));
#3137=SURFACE_SIDE_STYLE('',(#3139));
#3138=SURFACE_STYLE_FILL_AREA(#3140);
#3139=SURFACE_STYLE_FILL_AREA(#3141);
#3140=FILL_AREA_STYLE('Iron - Polished',(#3142));
#3141=FILL_AREA_STYLE('Opaque(0,128,0)',(#3143));
#3142=FILL_AREA_STYLE_COLOUR('Iron - Polished',#3144);
#3143=FILL_AREA_STYLE_COLOUR('Opaque(0,128,0)',#3145);
#3144=COLOUR_RGB('Iron - Polished',0.749019607843137,0.741176470588235,
0.733333333333333);
#3145=COLOUR_RGB('Opaque(0,128,0)',0.,0.501960784313725,0.);
ENDSEC;
END-ISO-10303-21;
