ISO-10303-21;
HEADER;
/* Generated by software containing ST-Developer
 * from STEP Tools, Inc. (www.steptools.com) 
 */

FILE_DESCRIPTION(
/* description */ (''),
/* implementation_level */ '2;1');

FILE_NAME(
/* name */ 'R06-ROTOR~2.step',
/* time_stamp */ '2026-09-19T17:00:47-04:00',
/* author */ (''),
/* organization */ (''),
/* preprocessor_version */ 'ST-DEVELOPER v20.2',
/* originating_system */ 'Autodesk Translation Framework v15.15.0.0',
/* authorisation */ '');

FILE_SCHEMA (('AUTOMOTIVE_DESIGN { 1 0 10303 214 3 1 1 }'));
ENDSEC;

DATA;
#10=MECHANICAL_DESIGN_GEOMETRIC_PRESENTATION_REPRESENTATION('',(#13),#3513);
#11=SHAPE_REPRESENTATION_RELATIONSHIP('SRR','None',#3520,#12);
#12=ADVANCED_BREP_SHAPE_REPRESENTATION('',(#14),#3512);
#13=STYLED_ITEM('',(#3530),#14);
#14=MANIFOLD_SOLID_BREP('Body1',#1906);
#15=CONICAL_SURFACE('',#2000,2.149999997147,0.785398163397299);
#16=CONICAL_SURFACE('',#2019,2.149999997147,0.785398163397299);
#17=CONICAL_SURFACE('',#2022,2.149999997147,0.785398163397299);
#18=CONICAL_SURFACE('',#2025,2.149999997147,0.785398163397299);
#19=CONICAL_SURFACE('',#2032,2.149999997147,0.785398163397299);
#20=CONICAL_SURFACE('',#2040,2.149999997147,0.785398163397299);
#21=CONICAL_SURFACE('',#2045,1.499999996003,0.785398163397299);
#22=CONICAL_SURFACE('',#2057,17.25,0.785398163397299);
#23=CONICAL_SURFACE('',#2058,17.25,0.785398163397299);
#24=CONICAL_SURFACE('',#2059,17.25,0.785398163397299);
#25=CONICAL_SURFACE('',#2068,1.499999996003,0.785398163397299);
#26=CONICAL_SURFACE('',#2077,0.6524596627609,1.02974425867646);
#27=CONICAL_SURFACE('',#2084,1.499999996003,0.785398163397299);
#28=CONICAL_SURFACE('',#2089,0.652459662760899,1.02974425867646);
#29=CONICAL_SURFACE('',#2094,0.6524596627609,1.02974425867646);
#30=CONICAL_SURFACE('',#2095,8.249999999638,0.785398163397299);
#31=CONICAL_SURFACE('',#2107,7.249999999498,0.785398163397299);
#32=CONICAL_SURFACE('',#2153,1.899999997526,0.785398163397299);
#33=CONICAL_SURFACE('',#2158,0.8524596627609,1.02974425867646);
#34=CONICAL_SURFACE('',#2159,1.899999997526,0.785398163397299);
#35=CONICAL_SURFACE('',#2164,0.852459662760899,1.02974425867646);
#36=CONICAL_SURFACE('',#2165,1.899999997526,0.785398163397299);
#37=CONICAL_SURFACE('',#2170,0.8524596627609,1.02974425867646);
#38=CONICAL_SURFACE('',#2171,1.899999997526,0.785398163397299);
#39=CONICAL_SURFACE('',#2176,0.8524596627609,1.02974425867646);
#40=CONICAL_SURFACE('',#2177,1.899999997526,0.785398163397299);
#41=CONICAL_SURFACE('',#2182,0.852459662760899,1.02974425867646);
#42=CONICAL_SURFACE('',#2183,1.899999997526,0.785398163397299);
#43=CONICAL_SURFACE('',#2188,0.8524596627609,1.02974425867646);
#44=B_SPLINE_CURVE_WITH_KNOTS('',3,(#2961,#2962,#2963,#2964,#2965,#2966,
#2967,#2968,#2969,#2970,#2971,#2972,#2973,#2974,#2975,#2976),
 .UNSPECIFIED.,.F.,.F.,(4,3,3,3,3,4),(0.,0.316228769495192,0.3333333333333,
0.595600487830896,0.6666666666667,1.),.UNSPECIFIED.);
#45=B_SPLINE_CURVE_WITH_KNOTS('',3,(#3114,#3115,#3116,#3117,#3118,#3119),
 .UNSPECIFIED.,.F.,.F.,(4,2,4),(1.52997519628182,1.54138067622731,1.62837620178172),
 .UNSPECIFIED.);
#46=B_SPLINE_CURVE_WITH_KNOTS('',3,(#3122,#3123,#3124,#3125,#3126,#3127),
 .UNSPECIFIED.,.F.,.F.,(4,2,4),(1.80850463268234,1.89550015823647,1.90690563818244),
 .UNSPECIFIED.);
#47=B_SPLINE_CURVE_WITH_KNOTS('',3,(#3151,#3152,#3153,#3154,#3155,#3156,
#3157,#3158,#3159,#3160),.UNSPECIFIED.,.F.,.F.,(4,3,3,4),(0.,0.3333333333333,
0.6666666666667,1.),.UNSPECIFIED.);
#48=B_SPLINE_CURVE_WITH_KNOTS('',3,(#3162,#3163,#3164,#3165,#3166,#3167,
#3168,#3169,#3170,#3171),.UNSPECIFIED.,.F.,.F.,(4,3,3,4),(0.,0.3333333333333,
0.6666666666667,1.),.UNSPECIFIED.);
#49=B_SPLINE_CURVE_WITH_KNOTS('',3,(#3172,#3173,#3174,#3175,#3176,#3177,
#3178,#3179,#3180,#3181,#3182,#3183,#3184,#3185,#3186,#3187),
 .UNSPECIFIED.,.F.,.F.,(4,3,3,3,3,4),(0.,0.316228773208875,0.3333333333333,
0.595600487787786,0.6666666666667,1.),.UNSPECIFIED.);
#50=B_SPLINE_CURVE_WITH_KNOTS('',3,(#3189,#3190,#3191,#3192,#3193,#3194,
#3195,#3196,#3197,#3198),.UNSPECIFIED.,.F.,.F.,(4,3,3,4),(0.,0.3333333333333,
0.6666666666667,1.),.UNSPECIFIED.);
#51=B_SPLINE_CURVE_WITH_KNOTS('',3,(#3199,#3200,#3201,#3202,#3203,#3204,
#3205,#3206,#3207,#3208,#3209,#3210,#3211,#3212,#3213,#3214),
 .UNSPECIFIED.,.F.,.F.,(4,3,3,3,3,4),(0.,0.316228773258009,0.3333333333333,
0.595600488063662,0.6666666666667,1.),.UNSPECIFIED.);
#52=B_SPLINE_CURVE_WITH_KNOTS('',3,(#3229,#3230,#3231,#3232,#3233,#3234),
 .UNSPECIFIED.,.F.,.F.,(4,2,4),(1.52997519628134,1.54138067622731,1.62837620178144),
 .UNSPECIFIED.);
#53=B_SPLINE_CURVE_WITH_KNOTS('',3,(#3237,#3238,#3239,#3240,#3241,#3242),
 .UNSPECIFIED.,.F.,.F.,(4,2,4),(1.80850463268245,1.89550015823686,1.90690563818235),
 .UNSPECIFIED.);
#54=B_SPLINE_CURVE_WITH_KNOTS('',3,(#3275,#3276,#3277,#3278,#3279,#3280),
 .UNSPECIFIED.,.F.,.F.,(4,2,4),(1.5299751962813,1.54138067622672,1.62837620178168),
 .UNSPECIFIED.);
#55=B_SPLINE_CURVE_WITH_KNOTS('',3,(#3283,#3284,#3285,#3286,#3287,#3288),
 .UNSPECIFIED.,.F.,.F.,(4,2,4),(1.80850463268208,1.89550015823704,1.90690563818246),
 .UNSPECIFIED.);
#56=CYLINDRICAL_SURFACE('',#1950,18.5);
#57=CYLINDRICAL_SURFACE('',#1954,17.5);
#58=CYLINDRICAL_SURFACE('',#1970,2.);
#59=CYLINDRICAL_SURFACE('',#2003,2.);
#60=CYLINDRICAL_SURFACE('',#2007,1.25);
#61=CYLINDRICAL_SURFACE('',#2017,2.);
#62=CYLINDRICAL_SURFACE('',#2020,2.);
#63=CYLINDRICAL_SURFACE('',#2023,2.);
#64=CYLINDRICAL_SURFACE('',#2026,1.25);
#65=CYLINDRICAL_SURFACE('',#2030,2.);
#66=CYLINDRICAL_SURFACE('',#2033,1.25);
#67=CYLINDRICAL_SURFACE('',#2037,2.);
#68=CYLINDRICAL_SURFACE('',#2041,13.5);
#69=CYLINDRICAL_SURFACE('',#2043,13.5);
#70=CYLINDRICAL_SURFACE('',#2048,1.25);
#71=CYLINDRICAL_SURFACE('',#2056,2.);
#72=CYLINDRICAL_SURFACE('',#2060,2.);
#73=CYLINDRICAL_SURFACE('',#2062,10.5);
#74=CYLINDRICAL_SURFACE('',#2064,13.5);
#75=CYLINDRICAL_SURFACE('',#2066,13.5);
#76=CYLINDRICAL_SURFACE('',#2071,1.25);
#77=CYLINDRICAL_SURFACE('',#2078,10.5);
#78=CYLINDRICAL_SURFACE('',#2079,2.);
#79=CYLINDRICAL_SURFACE('',#2080,2.);
#80=CYLINDRICAL_SURFACE('',#2081,10.5);
#81=CYLINDRICAL_SURFACE('',#2082,13.5);
#82=CYLINDRICAL_SURFACE('',#2083,13.5);
#83=CYLINDRICAL_SURFACE('',#2087,1.25);
#84=CYLINDRICAL_SURFACE('',#2090,10.5);
#85=CYLINDRICAL_SURFACE('',#2091,2.);
#86=CYLINDRICAL_SURFACE('',#2092,10.5);
#87=CYLINDRICAL_SURFACE('',#2093,10.5);
#88=CYLINDRICAL_SURFACE('',#2097,8.);
#89=CYLINDRICAL_SURFACE('',#2101,5.);
#90=CYLINDRICAL_SURFACE('',#2105,7.);
#91=CYLINDRICAL_SURFACE('',#2108,9.);
#92=CYLINDRICAL_SURFACE('',#2110,1.);
#93=CYLINDRICAL_SURFACE('',#2117,1.);
#94=CYLINDRICAL_SURFACE('',#2118,15.);
#95=CYLINDRICAL_SURFACE('',#2119,1.);
#96=CYLINDRICAL_SURFACE('',#2121,0.999999999999999);
#97=CYLINDRICAL_SURFACE('',#2124,1.);
#98=CYLINDRICAL_SURFACE('',#2132,1.);
#99=CYLINDRICAL_SURFACE('',#2133,15.);
#100=CYLINDRICAL_SURFACE('',#2134,1.);
#101=CYLINDRICAL_SURFACE('',#2136,1.);
#102=CYLINDRICAL_SURFACE('',#2137,9.);
#103=CYLINDRICAL_SURFACE('',#2138,9.);
#104=CYLINDRICAL_SURFACE('',#2140,0.999999999999999);
#105=CYLINDRICAL_SURFACE('',#2147,0.999999999999999);
#106=CYLINDRICAL_SURFACE('',#2149,1.);
#107=CYLINDRICAL_SURFACE('',#2150,15.);
#108=CYLINDRICAL_SURFACE('',#2151,0.999999999999999);
#109=CYLINDRICAL_SURFACE('',#2156,1.65);
#110=CYLINDRICAL_SURFACE('',#2162,1.65);
#111=CYLINDRICAL_SURFACE('',#2168,1.65);
#112=CYLINDRICAL_SURFACE('',#2174,1.65);
#113=CYLINDRICAL_SURFACE('',#2180,1.65);
#114=CYLINDRICAL_SURFACE('',#2186,1.65);
#115=FACE_BOUND('',#465,.T.);
#116=FACE_BOUND('',#466,.T.);
#117=FACE_BOUND('',#467,.T.);
#118=FACE_BOUND('',#468,.T.);
#119=FACE_BOUND('',#469,.T.);
#120=FACE_BOUND('',#470,.T.);
#121=FACE_BOUND('',#471,.T.);
#122=FACE_BOUND('',#472,.T.);
#123=FACE_BOUND('',#473,.T.);
#124=FACE_BOUND('',#474,.T.);
#125=FACE_BOUND('',#475,.T.);
#126=FACE_BOUND('',#476,.T.);
#127=FACE_BOUND('',#477,.T.);
#128=FACE_BOUND('',#480,.T.);
#129=FACE_BOUND('',#485,.T.);
#130=FACE_BOUND('',#486,.T.);
#131=FACE_BOUND('',#487,.T.);
#132=FACE_BOUND('',#488,.T.);
#133=FACE_BOUND('',#492,.T.);
#134=FACE_BOUND('',#495,.T.);
#135=FACE_BOUND('',#497,.T.);
#136=FACE_BOUND('',#499,.T.);
#137=FACE_BOUND('',#508,.T.);
#138=FACE_BOUND('',#513,.T.);
#139=FACE_BOUND('',#550,.T.);
#140=FACE_BOUND('',#553,.T.);
#141=LINE('',#2843,#247);
#142=LINE('',#2851,#248);
#143=LINE('',#2863,#249);
#144=LINE('',#2870,#250);
#145=LINE('',#2875,#251);
#146=LINE('',#2883,#252);
#147=LINE('',#2910,#253);
#148=LINE('',#2919,#254);
#149=LINE('',#2923,#255);
#150=LINE('',#2926,#256);
#151=LINE('',#2930,#257);
#152=LINE('',#2934,#258);
#153=LINE('',#2938,#259);
#154=LINE('',#2941,#260);
#155=LINE('',#2958,#261);
#156=LINE('',#3035,#262);
#157=LINE('',#3040,#263);
#158=LINE('',#3047,#264);
#159=LINE('',#3063,#265);
#160=LINE('',#3066,#266);
#161=LINE('',#3069,#267);
#162=LINE('',#3072,#268);
#163=LINE('',#3075,#269);
#164=LINE('',#3078,#270);
#165=LINE('',#3081,#271);
#166=LINE('',#3088,#272);
#167=LINE('',#3091,#273);
#168=LINE('',#3094,#274);
#169=LINE('',#3101,#275);
#170=LINE('',#3106,#276);
#171=LINE('',#3109,#277);
#172=LINE('',#3113,#278);
#173=LINE('',#3129,#279);
#174=LINE('',#3132,#280);
#175=LINE('',#3140,#281);
#176=LINE('',#3150,#282);
#177=LINE('',#3219,#283);
#178=LINE('',#3223,#284);
#179=LINE('',#3228,#285);
#180=LINE('',#3244,#286);
#181=LINE('',#3247,#287);
#182=LINE('',#3255,#288);
#183=LINE('',#3263,#289);
#184=LINE('',#3265,#290);
#185=LINE('',#3268,#291);
#186=LINE('',#3270,#292);
#187=LINE('',#3272,#293);
#188=LINE('',#3274,#294);
#189=LINE('',#3289,#295);
#190=LINE('',#3297,#296);
#191=LINE('',#3300,#297);
#192=LINE('',#3303,#298);
#193=LINE('',#3308,#299);
#194=LINE('',#3312,#300);
#195=LINE('',#3316,#301);
#196=LINE('',#3323,#302);
#197=LINE('',#3329,#303);
#198=LINE('',#3332,#304);
#199=LINE('',#3337,#305);
#200=LINE('',#3338,#306);
#201=LINE('',#3341,#307);
#202=LINE('',#3350,#308);
#203=LINE('',#3353,#309);
#204=LINE('',#3356,#310);
#205=LINE('',#3357,#311);
#206=LINE('',#3359,#312);
#207=LINE('',#3361,#313);
#208=LINE('',#3363,#314);
#209=LINE('',#3369,#315);
#210=LINE('',#3370,#316);
#211=LINE('',#3371,#317);
#212=LINE('',#3374,#318);
#213=LINE('',#3382,#319);
#214=LINE('',#3389,#320);
#215=LINE('',#3391,#321);
#216=LINE('',#3393,#322);
#217=LINE('',#3395,#323);
#218=LINE('',#3397,#324);
#219=LINE('',#3403,#325);
#220=LINE('',#3404,#326);
#221=LINE('',#3407,#327);
#222=LINE('',#3411,#328);
#223=LINE('',#3419,#329);
#224=LINE('',#3422,#330);
#225=LINE('',#3424,#331);
#226=LINE('',#3426,#332);
#227=LINE('',#3428,#333);
#228=LINE('',#3430,#334);
#229=LINE('',#3436,#335);
#230=LINE('',#3441,#336);
#231=LINE('',#3444,#337);
#232=LINE('',#3449,#338);
#233=LINE('',#3454,#339);
#234=LINE('',#3457,#340);
#235=LINE('',#3463,#341);
#236=LINE('',#3467,#342);
#237=LINE('',#3470,#343);
#238=LINE('',#3476,#344);
#239=LINE('',#3480,#345);
#240=LINE('',#3483,#346);
#241=LINE('',#3489,#347);
#242=LINE('',#3493,#348);
#243=LINE('',#3496,#349);
#244=LINE('',#3501,#350);
#245=LINE('',#3506,#351);
#246=LINE('',#3509,#352);
#247=VECTOR('',#2197,1000.);
#248=VECTOR('',#2204,1000.);
#249=VECTOR('',#2215,1000.);
#250=VECTOR('',#2222,1000.);
#251=VECTOR('',#2225,1000.);
#252=VECTOR('',#2232,1000.);
#253=VECTOR('',#2261,18.5);
#254=VECTOR('',#2270,1000.);
#255=VECTOR('',#2273,1000.);
#256=VECTOR('',#2276,17.5);
#257=VECTOR('',#2279,1000.);
#258=VECTOR('',#2282,1000.);
#259=VECTOR('',#2285,1000.);
#260=VECTOR('',#2288,1000.);
#261=VECTOR('',#2307,1000.);
#262=VECTOR('',#2370,2.149999997147);
#263=VECTOR('',#2377,2.);
#264=VECTOR('',#2386,1.25);
#265=VECTOR('',#2405,2.);
#266=VECTOR('',#2410,2.149999997147);
#267=VECTOR('',#2413,2.);
#268=VECTOR('',#2418,2.149999997147);
#269=VECTOR('',#2421,2.);
#270=VECTOR('',#2426,2.149999997147);
#271=VECTOR('',#2429,1.25);
#272=VECTOR('',#2438,2.);
#273=VECTOR('',#2443,2.149999997147);
#274=VECTOR('',#2446,1.25);
#275=VECTOR('',#2455,2.);
#276=VECTOR('',#2462,2.149999997147);
#277=VECTOR('',#2465,1000.);
#278=VECTOR('',#2468,1000.);
#279=VECTOR('',#2471,1000.);
#280=VECTOR('',#2474,1000.);
#281=VECTOR('',#2485,1.25);
#282=VECTOR('',#2500,1000.);
#283=VECTOR('',#2511,1000.);
#284=VECTOR('',#2516,1000.);
#285=VECTOR('',#2521,1000.);
#286=VECTOR('',#2524,1000.);
#287=VECTOR('',#2527,1000.);
#288=VECTOR('',#2538,1.25);
#289=VECTOR('',#2549,0.6524596627609);
#290=VECTOR('',#2552,1000.);
#291=VECTOR('',#2557,1000.);
#292=VECTOR('',#2560,1000.);
#293=VECTOR('',#2563,1000.);
#294=VECTOR('',#2564,1000.);
#295=VECTOR('',#2567,1000.);
#296=VECTOR('',#2578,1.25);
#297=VECTOR('',#2581,0.652459662760899);
#298=VECTOR('',#2586,1000.);
#299=VECTOR('',#2593,0.6524596627609);
#300=VECTOR('',#2598,8.249999999638);
#301=VECTOR('',#2603,8.);
#302=VECTOR('',#2612,5.);
#303=VECTOR('',#2619,7.);
#304=VECTOR('',#2624,7.249999999498);
#305=VECTOR('',#2629,1000.);
#306=VECTOR('',#2630,1000.);
#307=VECTOR('',#2633,1000.);
#308=VECTOR('',#2642,1000.);
#309=VECTOR('',#2645,1000.);
#310=VECTOR('',#2650,1000.);
#311=VECTOR('',#2651,1000.);
#312=VECTOR('',#2654,1000.);
#313=VECTOR('',#2657,1000.);
#314=VECTOR('',#2660,1000.);
#315=VECTOR('',#2667,1000.);
#316=VECTOR('',#2668,1000.);
#317=VECTOR('',#2669,1000.);
#318=VECTOR('',#2672,1000.);
#319=VECTOR('',#2681,1000.);
#320=VECTOR('',#2690,1000.);
#321=VECTOR('',#2693,1000.);
#322=VECTOR('',#2696,1000.);
#323=VECTOR('',#2699,1000.);
#324=VECTOR('',#2702,1000.);
#325=VECTOR('',#2709,1000.);
#326=VECTOR('',#2710,1000.);
#327=VECTOR('',#2713,1000.);
#328=VECTOR('',#2718,1000.);
#329=VECTOR('',#2725,1000.);
#330=VECTOR('',#2730,1000.);
#331=VECTOR('',#2733,1000.);
#332=VECTOR('',#2736,1000.);
#333=VECTOR('',#2739,1000.);
#334=VECTOR('',#2742,1000.);
#335=VECTOR('',#2749,1.899999997526);
#336=VECTOR('',#2756,1.65);
#337=VECTOR('',#2759,0.8524596627609);
#338=VECTOR('',#2764,1.899999997526);
#339=VECTOR('',#2771,1.65);
#340=VECTOR('',#2774,0.852459662760899);
#341=VECTOR('',#2781,1.899999997526);
#342=VECTOR('',#2786,1.65);
#343=VECTOR('',#2789,0.8524596627609);
#344=VECTOR('',#2796,1.899999997526);
#345=VECTOR('',#2801,1.65);
#346=VECTOR('',#2804,0.8524596627609);
#347=VECTOR('',#2811,1.899999997526);
#348=VECTOR('',#2816,1.65);
#349=VECTOR('',#2819,0.852459662760899);
#350=VECTOR('',#2824,1.899999997526);
#351=VECTOR('',#2831,1.65);
#352=VECTOR('',#2834,0.8524596627609);
#353=FACE_OUTER_BOUND('',#464,.T.);
#354=FACE_OUTER_BOUND('',#478,.T.);
#355=FACE_OUTER_BOUND('',#479,.T.);
#356=FACE_OUTER_BOUND('',#481,.T.);
#357=FACE_OUTER_BOUND('',#482,.T.);
#358=FACE_OUTER_BOUND('',#483,.T.);
#359=FACE_OUTER_BOUND('',#484,.T.);
#360=FACE_OUTER_BOUND('',#489,.T.);
#361=FACE_OUTER_BOUND('',#490,.T.);
#362=FACE_OUTER_BOUND('',#491,.T.);
#363=FACE_OUTER_BOUND('',#493,.T.);
#364=FACE_OUTER_BOUND('',#494,.T.);
#365=FACE_OUTER_BOUND('',#496,.T.);
#366=FACE_OUTER_BOUND('',#498,.T.);
#367=FACE_OUTER_BOUND('',#500,.T.);
#368=FACE_OUTER_BOUND('',#501,.T.);
#369=FACE_OUTER_BOUND('',#502,.T.);
#370=FACE_OUTER_BOUND('',#503,.T.);
#371=FACE_OUTER_BOUND('',#504,.T.);
#372=FACE_OUTER_BOUND('',#505,.T.);
#373=FACE_OUTER_BOUND('',#506,.T.);
#374=FACE_OUTER_BOUND('',#507,.T.);
#375=FACE_OUTER_BOUND('',#509,.T.);
#376=FACE_OUTER_BOUND('',#510,.T.);
#377=FACE_OUTER_BOUND('',#511,.T.);
#378=FACE_OUTER_BOUND('',#512,.T.);
#379=FACE_OUTER_BOUND('',#514,.T.);
#380=FACE_OUTER_BOUND('',#515,.T.);
#381=FACE_OUTER_BOUND('',#516,.T.);
#382=FACE_OUTER_BOUND('',#517,.T.);
#383=FACE_OUTER_BOUND('',#518,.T.);
#384=FACE_OUTER_BOUND('',#519,.T.);
#385=FACE_OUTER_BOUND('',#520,.T.);
#386=FACE_OUTER_BOUND('',#521,.T.);
#387=FACE_OUTER_BOUND('',#522,.T.);
#388=FACE_OUTER_BOUND('',#523,.T.);
#389=FACE_OUTER_BOUND('',#524,.T.);
#390=FACE_OUTER_BOUND('',#525,.T.);
#391=FACE_OUTER_BOUND('',#526,.T.);
#392=FACE_OUTER_BOUND('',#527,.T.);
#393=FACE_OUTER_BOUND('',#528,.T.);
#394=FACE_OUTER_BOUND('',#529,.T.);
#395=FACE_OUTER_BOUND('',#530,.T.);
#396=FACE_OUTER_BOUND('',#531,.T.);
#397=FACE_OUTER_BOUND('',#532,.T.);
#398=FACE_OUTER_BOUND('',#533,.T.);
#399=FACE_OUTER_BOUND('',#534,.T.);
#400=FACE_OUTER_BOUND('',#535,.T.);
#401=FACE_OUTER_BOUND('',#536,.T.);
#402=FACE_OUTER_BOUND('',#537,.T.);
#403=FACE_OUTER_BOUND('',#538,.T.);
#404=FACE_OUTER_BOUND('',#539,.T.);
#405=FACE_OUTER_BOUND('',#540,.T.);
#406=FACE_OUTER_BOUND('',#541,.T.);
#407=FACE_OUTER_BOUND('',#542,.T.);
#408=FACE_OUTER_BOUND('',#543,.T.);
#409=FACE_OUTER_BOUND('',#544,.T.);
#410=FACE_OUTER_BOUND('',#545,.T.);
#411=FACE_OUTER_BOUND('',#546,.T.);
#412=FACE_OUTER_BOUND('',#547,.T.);
#413=FACE_OUTER_BOUND('',#548,.T.);
#414=FACE_OUTER_BOUND('',#549,.T.);
#415=FACE_OUTER_BOUND('',#551,.T.);
#416=FACE_OUTER_BOUND('',#552,.T.);
#417=FACE_OUTER_BOUND('',#554,.T.);
#418=FACE_OUTER_BOUND('',#555,.T.);
#419=FACE_OUTER_BOUND('',#556,.T.);
#420=FACE_OUTER_BOUND('',#557,.T.);
#421=FACE_OUTER_BOUND('',#558,.T.);
#422=FACE_OUTER_BOUND('',#559,.T.);
#423=FACE_OUTER_BOUND('',#560,.T.);
#424=FACE_OUTER_BOUND('',#561,.T.);
#425=FACE_OUTER_BOUND('',#562,.T.);
#426=FACE_OUTER_BOUND('',#563,.T.);
#427=FACE_OUTER_BOUND('',#564,.T.);
#428=FACE_OUTER_BOUND('',#565,.T.);
#429=FACE_OUTER_BOUND('',#566,.T.);
#430=FACE_OUTER_BOUND('',#567,.T.);
#431=FACE_OUTER_BOUND('',#568,.T.);
#432=FACE_OUTER_BOUND('',#569,.T.);
#433=FACE_OUTER_BOUND('',#570,.T.);
#434=FACE_OUTER_BOUND('',#571,.T.);
#435=FACE_OUTER_BOUND('',#572,.T.);
#436=FACE_OUTER_BOUND('',#573,.T.);
#437=FACE_OUTER_BOUND('',#574,.T.);
#438=FACE_OUTER_BOUND('',#575,.T.);
#439=FACE_OUTER_BOUND('',#576,.T.);
#440=FACE_OUTER_BOUND('',#577,.T.);
#441=FACE_OUTER_BOUND('',#578,.T.);
#442=FACE_OUTER_BOUND('',#579,.T.);
#443=FACE_OUTER_BOUND('',#580,.T.);
#444=FACE_OUTER_BOUND('',#581,.T.);
#445=FACE_OUTER_BOUND('',#582,.T.);
#446=FACE_OUTER_BOUND('',#583,.T.);
#447=FACE_OUTER_BOUND('',#584,.T.);
#448=FACE_OUTER_BOUND('',#585,.T.);
#449=FACE_OUTER_BOUND('',#586,.T.);
#450=FACE_OUTER_BOUND('',#587,.T.);
#451=FACE_OUTER_BOUND('',#588,.T.);
#452=FACE_OUTER_BOUND('',#589,.T.);
#453=FACE_OUTER_BOUND('',#590,.T.);
#454=FACE_OUTER_BOUND('',#591,.T.);
#455=FACE_OUTER_BOUND('',#592,.T.);
#456=FACE_OUTER_BOUND('',#593,.T.);
#457=FACE_OUTER_BOUND('',#594,.T.);
#458=FACE_OUTER_BOUND('',#595,.T.);
#459=FACE_OUTER_BOUND('',#596,.T.);
#460=FACE_OUTER_BOUND('',#597,.T.);
#461=FACE_OUTER_BOUND('',#598,.T.);
#462=FACE_OUTER_BOUND('',#599,.T.);
#463=FACE_OUTER_BOUND('',#600,.T.);
#464=EDGE_LOOP('',(#1220));
#465=EDGE_LOOP('',(#1221,#1222,#1223,#1224,#1225,#1226,#1227,#1228));
#466=EDGE_LOOP('',(#1229,#1230,#1231,#1232,#1233,#1234,#1235,#1236));
#467=EDGE_LOOP('',(#1237,#1238,#1239,#1240,#1241,#1242,#1243,#1244));
#468=EDGE_LOOP('',(#1245));
#469=EDGE_LOOP('',(#1246));
#470=EDGE_LOOP('',(#1247));
#471=EDGE_LOOP('',(#1248));
#472=EDGE_LOOP('',(#1249));
#473=EDGE_LOOP('',(#1250));
#474=EDGE_LOOP('',(#1251));
#475=EDGE_LOOP('',(#1252));
#476=EDGE_LOOP('',(#1253));
#477=EDGE_LOOP('',(#1254));
#478=EDGE_LOOP('',(#1255,#1256,#1257,#1258));
#479=EDGE_LOOP('',(#1259));
#480=EDGE_LOOP('',(#1260));
#481=EDGE_LOOP('',(#1261,#1262,#1263,#1264,#1265,#1266,#1267,#1268,#1269,
#1270,#1271,#1272,#1273,#1274,#1275,#1276));
#482=EDGE_LOOP('',(#1277,#1278,#1279,#1280,#1281,#1282,#1283,#1284));
#483=EDGE_LOOP('',(#1285,#1286,#1287,#1288,#1289));
#484=EDGE_LOOP('',(#1290,#1291,#1292,#1293,#1294,#1295,#1296,#1297,#1298,
#1299,#1300,#1301,#1302,#1303,#1304,#1305,#1306,#1307,#1308,#1309,#1310,
#1311,#1312,#1313));
#485=EDGE_LOOP('',(#1314));
#486=EDGE_LOOP('',(#1315));
#487=EDGE_LOOP('',(#1316));
#488=EDGE_LOOP('',(#1317));
#489=EDGE_LOOP('',(#1318,#1319,#1320,#1321,#1322));
#490=EDGE_LOOP('',(#1323,#1324,#1325,#1326,#1327));
#491=EDGE_LOOP('',(#1328));
#492=EDGE_LOOP('',(#1329));
#493=EDGE_LOOP('',(#1330,#1331,#1332,#1333));
#494=EDGE_LOOP('',(#1334));
#495=EDGE_LOOP('',(#1335));
#496=EDGE_LOOP('',(#1336));
#497=EDGE_LOOP('',(#1337));
#498=EDGE_LOOP('',(#1338));
#499=EDGE_LOOP('',(#1339));
#500=EDGE_LOOP('',(#1340,#1341,#1342,#1343));
#501=EDGE_LOOP('',(#1344,#1345,#1346,#1347));
#502=EDGE_LOOP('',(#1348,#1349,#1350,#1351));
#503=EDGE_LOOP('',(#1352,#1353,#1354,#1355));
#504=EDGE_LOOP('',(#1356,#1357,#1358,#1359));
#505=EDGE_LOOP('',(#1360,#1361,#1362,#1363));
#506=EDGE_LOOP('',(#1364,#1365,#1366,#1367));
#507=EDGE_LOOP('',(#1368));
#508=EDGE_LOOP('',(#1369));
#509=EDGE_LOOP('',(#1370,#1371,#1372,#1373));
#510=EDGE_LOOP('',(#1374,#1375,#1376,#1377));
#511=EDGE_LOOP('',(#1378,#1379,#1380,#1381));
#512=EDGE_LOOP('',(#1382));
#513=EDGE_LOOP('',(#1383));
#514=EDGE_LOOP('',(#1384,#1385,#1386,#1387,#1388));
#515=EDGE_LOOP('',(#1389,#1390,#1391,#1392,#1393));
#516=EDGE_LOOP('',(#1394,#1395,#1396,#1397,#1398));
#517=EDGE_LOOP('',(#1399,#1400,#1401,#1402,#1403));
#518=EDGE_LOOP('',(#1404,#1405,#1406,#1407,#1408));
#519=EDGE_LOOP('',(#1409,#1410,#1411,#1412,#1413,#1414,#1415,#1416));
#520=EDGE_LOOP('',(#1417,#1418,#1419,#1420,#1421,#1422,#1423,#1424));
#521=EDGE_LOOP('',(#1425,#1426,#1427,#1428,#1429));
#522=EDGE_LOOP('',(#1430,#1431,#1432,#1433));
#523=EDGE_LOOP('',(#1434,#1435,#1436,#1437));
#524=EDGE_LOOP('',(#1438,#1439,#1440,#1441,#1442));
#525=EDGE_LOOP('',(#1443,#1444,#1445,#1446,#1447));
#526=EDGE_LOOP('',(#1448,#1449,#1450,#1451));
#527=EDGE_LOOP('',(#1452,#1453,#1454,#1455,#1456));
#528=EDGE_LOOP('',(#1457,#1458,#1459,#1460,#1461));
#529=EDGE_LOOP('',(#1462,#1463,#1464,#1465,#1466));
#530=EDGE_LOOP('',(#1467,#1468,#1469,#1470,#1471,#1472,#1473,#1474));
#531=EDGE_LOOP('',(#1475,#1476,#1477,#1478,#1479,#1480,#1481,#1482));
#532=EDGE_LOOP('',(#1483,#1484,#1485));
#533=EDGE_LOOP('',(#1486,#1487,#1488,#1489));
#534=EDGE_LOOP('',(#1490,#1491,#1492,#1493,#1494));
#535=EDGE_LOOP('',(#1495,#1496,#1497,#1498,#1499));
#536=EDGE_LOOP('',(#1500,#1501,#1502,#1503));
#537=EDGE_LOOP('',(#1504,#1505,#1506,#1507,#1508));
#538=EDGE_LOOP('',(#1509,#1510,#1511,#1512,#1513));
#539=EDGE_LOOP('',(#1514,#1515,#1516,#1517,#1518));
#540=EDGE_LOOP('',(#1519,#1520,#1521,#1522,#1523,#1524,#1525,#1526));
#541=EDGE_LOOP('',(#1527,#1528,#1529));
#542=EDGE_LOOP('',(#1530,#1531,#1532,#1533));
#543=EDGE_LOOP('',(#1534,#1535,#1536,#1537,#1538));
#544=EDGE_LOOP('',(#1539,#1540,#1541,#1542));
#545=EDGE_LOOP('',(#1543,#1544,#1545,#1546));
#546=EDGE_LOOP('',(#1547,#1548,#1549));
#547=EDGE_LOOP('',(#1550,#1551,#1552,#1553));
#548=EDGE_LOOP('',(#1554,#1555,#1556,#1557));
#549=EDGE_LOOP('',(#1558));
#550=EDGE_LOOP('',(#1559));
#551=EDGE_LOOP('',(#1560,#1561,#1562,#1563));
#552=EDGE_LOOP('',(#1564));
#553=EDGE_LOOP('',(#1565));
#554=EDGE_LOOP('',(#1566,#1567,#1568,#1569));
#555=EDGE_LOOP('',(#1570,#1571,#1572,#1573));
#556=EDGE_LOOP('',(#1574,#1575,#1576,#1577));
#557=EDGE_LOOP('',(#1578,#1579,#1580,#1581));
#558=EDGE_LOOP('',(#1582,#1583,#1584,#1585,#1586,#1587,#1588,#1589));
#559=EDGE_LOOP('',(#1590,#1591,#1592,#1593));
#560=EDGE_LOOP('',(#1594,#1595,#1596,#1597));
#561=EDGE_LOOP('',(#1598,#1599,#1600,#1601));
#562=EDGE_LOOP('',(#1602,#1603,#1604,#1605));
#563=EDGE_LOOP('',(#1606,#1607,#1608,#1609));
#564=EDGE_LOOP('',(#1610,#1611,#1612,#1613));
#565=EDGE_LOOP('',(#1614,#1615,#1616,#1617));
#566=EDGE_LOOP('',(#1618,#1619,#1620,#1621));
#567=EDGE_LOOP('',(#1622,#1623,#1624,#1625,#1626,#1627,#1628,#1629));
#568=EDGE_LOOP('',(#1630,#1631,#1632,#1633));
#569=EDGE_LOOP('',(#1634,#1635,#1636,#1637));
#570=EDGE_LOOP('',(#1638,#1639,#1640,#1641));
#571=EDGE_LOOP('',(#1642,#1643,#1644,#1645));
#572=EDGE_LOOP('',(#1646,#1647,#1648,#1649));
#573=EDGE_LOOP('',(#1650,#1651,#1652,#1653));
#574=EDGE_LOOP('',(#1654,#1655,#1656,#1657));
#575=EDGE_LOOP('',(#1658,#1659,#1660,#1661));
#576=EDGE_LOOP('',(#1662,#1663,#1664,#1665,#1666,#1667,#1668,#1669));
#577=EDGE_LOOP('',(#1670,#1671,#1672,#1673));
#578=EDGE_LOOP('',(#1674,#1675,#1676,#1677));
#579=EDGE_LOOP('',(#1678,#1679,#1680,#1681));
#580=EDGE_LOOP('',(#1682,#1683,#1684,#1685));
#581=EDGE_LOOP('',(#1686,#1687,#1688,#1689));
#582=EDGE_LOOP('',(#1690,#1691,#1692,#1693));
#583=EDGE_LOOP('',(#1694,#1695,#1696,#1697,#1698));
#584=EDGE_LOOP('',(#1699,#1700,#1701,#1702,#1703));
#585=EDGE_LOOP('',(#1704,#1705,#1706));
#586=EDGE_LOOP('',(#1707,#1708,#1709,#1710,#1711));
#587=EDGE_LOOP('',(#1712,#1713,#1714,#1715,#1716));
#588=EDGE_LOOP('',(#1717,#1718,#1719));
#589=EDGE_LOOP('',(#1720,#1721,#1722,#1723,#1724));
#590=EDGE_LOOP('',(#1725,#1726,#1727,#1728,#1729));
#591=EDGE_LOOP('',(#1730,#1731,#1732));
#592=EDGE_LOOP('',(#1733,#1734,#1735,#1736,#1737));
#593=EDGE_LOOP('',(#1738,#1739,#1740,#1741,#1742));
#594=EDGE_LOOP('',(#1743,#1744,#1745));
#595=EDGE_LOOP('',(#1746,#1747,#1748,#1749,#1750));
#596=EDGE_LOOP('',(#1751,#1752,#1753,#1754,#1755));
#597=EDGE_LOOP('',(#1756,#1757,#1758));
#598=EDGE_LOOP('',(#1759,#1760,#1761,#1762,#1763));
#599=EDGE_LOOP('',(#1764,#1765,#1766,#1767,#1768));
#600=EDGE_LOOP('',(#1769,#1770,#1771));
#601=CIRCLE('',#1921,18.5);
#602=CIRCLE('',#1922,0.999999999999999);
#603=CIRCLE('',#1923,1.);
#604=CIRCLE('',#1924,15.);
#605=CIRCLE('',#1925,1.);
#606=CIRCLE('',#1926,1.);
#607=CIRCLE('',#1927,9.00000000000001);
#608=CIRCLE('',#1928,1.);
#609=CIRCLE('',#1929,15.);
#610=CIRCLE('',#1930,1.);
#611=CIRCLE('',#1931,1.);
#612=CIRCLE('',#1932,9.);
#613=CIRCLE('',#1933,1.);
#614=CIRCLE('',#1934,0.999999999999999);
#615=CIRCLE('',#1935,1.);
#616=CIRCLE('',#1936,15.);
#617=CIRCLE('',#1937,0.999999999999999);
#618=CIRCLE('',#1938,0.999999999999999);
#619=CIRCLE('',#1939,9.);
#620=CIRCLE('',#1940,2.15);
#621=CIRCLE('',#1941,2.15);
#622=CIRCLE('',#1942,2.15);
#623=CIRCLE('',#1943,2.15);
#624=CIRCLE('',#1944,2.15);
#625=CIRCLE('',#1945,2.15);
#626=CIRCLE('',#1946,2.3);
#627=CIRCLE('',#1947,2.3);
#628=CIRCLE('',#1948,2.3);
#629=CIRCLE('',#1949,7.5);
#630=CIRCLE('',#1951,18.5);
#631=CIRCLE('',#1953,17.5);
#632=CIRCLE('',#1955,17.5);
#633=CIRCLE('',#1956,17.5);
#634=CIRCLE('',#1957,17.5);
#635=CIRCLE('',#1958,17.5);
#636=CIRCLE('',#1959,17.5);
#637=CIRCLE('',#1960,17.5);
#638=CIRCLE('',#1961,17.5);
#639=CIRCLE('',#1963,2.);
#640=CIRCLE('',#1964,10.5);
#641=CIRCLE('',#1965,13.5);
#642=CIRCLE('',#1966,1.25);
#643=CIRCLE('',#1967,13.5);
#644=CIRCLE('',#1968,10.5);
#645=CIRCLE('',#1969,2.);
#646=CIRCLE('',#1971,2.);
#647=CIRCLE('',#1973,1.75);
#648=CIRCLE('',#1974,13.5);
#649=CIRCLE('',#1975,10.5);
#650=CIRCLE('',#1976,2.);
#651=CIRCLE('',#1977,17.);
#652=CIRCLE('',#1978,10.5);
#653=CIRCLE('',#1979,13.5);
#654=CIRCLE('',#1980,1.75);
#655=CIRCLE('',#1981,13.5);
#656=CIRCLE('',#1982,10.5);
#657=CIRCLE('',#1983,2.);
#658=CIRCLE('',#1984,17.);
#659=CIRCLE('',#1985,2.);
#660=CIRCLE('',#1986,10.5);
#661=CIRCLE('',#1987,13.5);
#662=CIRCLE('',#1988,1.75);
#663=CIRCLE('',#1989,13.5);
#664=CIRCLE('',#1990,10.5);
#665=CIRCLE('',#1991,2.);
#666=CIRCLE('',#1992,17.);
#667=CIRCLE('',#1993,2.);
#668=CIRCLE('',#1994,10.5);
#669=CIRCLE('',#1995,13.5);
#670=CIRCLE('',#1996,2.3);
#671=CIRCLE('',#1997,2.3);
#672=CIRCLE('',#1998,2.3);
#673=CIRCLE('',#1999,8.5);
#674=CIRCLE('',#2001,2.);
#675=CIRCLE('',#2002,2.);
#676=CIRCLE('',#2004,2.);
#677=CIRCLE('',#2006,1.25);
#678=CIRCLE('',#2008,1.25);
#679=CIRCLE('',#2010,2.);
#680=CIRCLE('',#2011,1.25);
#681=CIRCLE('',#2013,2.);
#682=CIRCLE('',#2014,1.25);
#683=CIRCLE('',#2016,2.);
#684=CIRCLE('',#2018,2.);
#685=CIRCLE('',#2021,2.);
#686=CIRCLE('',#2024,2.);
#687=CIRCLE('',#2027,1.25);
#688=CIRCLE('',#2029,2.);
#689=CIRCLE('',#2031,2.);
#690=CIRCLE('',#2034,1.25);
#691=CIRCLE('',#2036,2.);
#692=CIRCLE('',#2038,2.);
#693=CIRCLE('',#2039,2.);
#694=CIRCLE('',#2042,13.5);
#695=CIRCLE('',#2044,13.5);
#696=CIRCLE('',#2046,1.25);
#697=CIRCLE('',#2047,1.25);
#698=CIRCLE('',#2049,1.25);
#699=CIRCLE('',#2050,1.25);
#700=CIRCLE('',#2052,2.);
#701=CIRCLE('',#2053,10.5);
#702=CIRCLE('',#2054,10.5);
#703=CIRCLE('',#2055,2.);
#704=CIRCLE('',#2061,2.);
#705=CIRCLE('',#2063,10.5);
#706=CIRCLE('',#2065,13.5);
#707=CIRCLE('',#2067,13.5);
#708=CIRCLE('',#2069,1.25);
#709=CIRCLE('',#2070,1.25);
#710=CIRCLE('',#2072,1.25);
#711=CIRCLE('',#2073,1.25);
#712=CIRCLE('',#2075,2.);
#713=CIRCLE('',#2076,10.5);
#714=CIRCLE('',#2085,1.25);
#715=CIRCLE('',#2086,1.25);
#716=CIRCLE('',#2088,1.25);
#717=CIRCLE('',#2096,8.);
#718=CIRCLE('',#2098,8.);
#719=CIRCLE('',#2100,5.);
#720=CIRCLE('',#2102,5.);
#721=CIRCLE('',#2104,7.);
#722=CIRCLE('',#2106,7.);
#723=CIRCLE('',#2109,9.);
#724=CIRCLE('',#2111,1.);
#725=CIRCLE('',#2113,15.);
#726=CIRCLE('',#2114,1.);
#727=CIRCLE('',#2115,1.);
#728=CIRCLE('',#2116,1.);
#729=CIRCLE('',#2125,1.);
#730=CIRCLE('',#2127,9.00000000000001);
#731=CIRCLE('',#2128,0.999999999999999);
#732=CIRCLE('',#2129,1.);
#733=CIRCLE('',#2130,15.);
#734=CIRCLE('',#2131,1.);
#735=CIRCLE('',#2139,9.);
#736=CIRCLE('',#2141,0.999999999999999);
#737=CIRCLE('',#2143,1.);
#738=CIRCLE('',#2144,15.);
#739=CIRCLE('',#2145,0.999999999999999);
#740=CIRCLE('',#2146,0.999999999999999);
#741=CIRCLE('',#2154,1.65);
#742=CIRCLE('',#2155,1.65);
#743=CIRCLE('',#2157,1.65);
#744=CIRCLE('',#2160,1.65);
#745=CIRCLE('',#2161,1.65);
#746=CIRCLE('',#2163,1.65);
#747=CIRCLE('',#2166,1.65);
#748=CIRCLE('',#2167,1.65);
#749=CIRCLE('',#2169,1.65);
#750=CIRCLE('',#2172,1.65);
#751=CIRCLE('',#2173,1.65);
#752=CIRCLE('',#2175,1.65);
#753=CIRCLE('',#2178,1.65);
#754=CIRCLE('',#2179,1.65);
#755=CIRCLE('',#2181,1.65);
#756=CIRCLE('',#2184,1.65);
#757=CIRCLE('',#2185,1.65);
#758=CIRCLE('',#2187,1.65);
#759=VERTEX_POINT('',#2837);
#760=VERTEX_POINT('',#2839);
#761=VERTEX_POINT('',#2840);
#762=VERTEX_POINT('',#2842);
#763=VERTEX_POINT('',#2844);
#764=VERTEX_POINT('',#2846);
#765=VERTEX_POINT('',#2848);
#766=VERTEX_POINT('',#2850);
#767=VERTEX_POINT('',#2852);
#768=VERTEX_POINT('',#2855);
#769=VERTEX_POINT('',#2856);
#770=VERTEX_POINT('',#2858);
#771=VERTEX_POINT('',#2860);
#772=VERTEX_POINT('',#2862);
#773=VERTEX_POINT('',#2864);
#774=VERTEX_POINT('',#2866);
#775=VERTEX_POINT('',#2868);
#776=VERTEX_POINT('',#2871);
#777=VERTEX_POINT('',#2872);
#778=VERTEX_POINT('',#2874);
#779=VERTEX_POINT('',#2876);
#780=VERTEX_POINT('',#2878);
#781=VERTEX_POINT('',#2880);
#782=VERTEX_POINT('',#2882);
#783=VERTEX_POINT('',#2884);
#784=VERTEX_POINT('',#2887);
#785=VERTEX_POINT('',#2889);
#786=VERTEX_POINT('',#2891);
#787=VERTEX_POINT('',#2893);
#788=VERTEX_POINT('',#2895);
#789=VERTEX_POINT('',#2897);
#790=VERTEX_POINT('',#2899);
#791=VERTEX_POINT('',#2901);
#792=VERTEX_POINT('',#2903);
#793=VERTEX_POINT('',#2905);
#794=VERTEX_POINT('',#2908);
#795=VERTEX_POINT('',#2912);
#796=VERTEX_POINT('',#2915);
#797=VERTEX_POINT('',#2916);
#798=VERTEX_POINT('',#2918);
#799=VERTEX_POINT('',#2920);
#800=VERTEX_POINT('',#2922);
#801=VERTEX_POINT('',#2924);
#802=VERTEX_POINT('',#2927);
#803=VERTEX_POINT('',#2929);
#804=VERTEX_POINT('',#2931);
#805=VERTEX_POINT('',#2933);
#806=VERTEX_POINT('',#2935);
#807=VERTEX_POINT('',#2937);
#808=VERTEX_POINT('',#2939);
#809=VERTEX_POINT('',#2943);
#810=VERTEX_POINT('',#2945);
#811=VERTEX_POINT('',#2947);
#812=VERTEX_POINT('',#2949);
#813=VERTEX_POINT('',#2951);
#814=VERTEX_POINT('',#2953);
#815=VERTEX_POINT('',#2957);
#816=VERTEX_POINT('',#2959);
#817=VERTEX_POINT('',#2978);
#818=VERTEX_POINT('',#2979);
#819=VERTEX_POINT('',#2981);
#820=VERTEX_POINT('',#2983);
#821=VERTEX_POINT('',#2985);
#822=VERTEX_POINT('',#2988);
#823=VERTEX_POINT('',#2990);
#824=VERTEX_POINT('',#2992);
#825=VERTEX_POINT('',#2994);
#826=VERTEX_POINT('',#2996);
#827=VERTEX_POINT('',#2998);
#828=VERTEX_POINT('',#3000);
#829=VERTEX_POINT('',#3002);
#830=VERTEX_POINT('',#3004);
#831=VERTEX_POINT('',#3006);
#832=VERTEX_POINT('',#3008);
#833=VERTEX_POINT('',#3010);
#834=VERTEX_POINT('',#3012);
#835=VERTEX_POINT('',#3014);
#836=VERTEX_POINT('',#3016);
#837=VERTEX_POINT('',#3018);
#838=VERTEX_POINT('',#3020);
#839=VERTEX_POINT('',#3023);
#840=VERTEX_POINT('',#3025);
#841=VERTEX_POINT('',#3027);
#842=VERTEX_POINT('',#3029);
#843=VERTEX_POINT('',#3032);
#844=VERTEX_POINT('',#3033);
#845=VERTEX_POINT('',#3038);
#846=VERTEX_POINT('',#3042);
#847=VERTEX_POINT('',#3045);
#848=VERTEX_POINT('',#3049);
#849=VERTEX_POINT('',#3051);
#850=VERTEX_POINT('',#3054);
#851=VERTEX_POINT('',#3056);
#852=VERTEX_POINT('',#3059);
#853=VERTEX_POINT('',#3062);
#854=VERTEX_POINT('',#3068);
#855=VERTEX_POINT('',#3074);
#856=VERTEX_POINT('',#3080);
#857=VERTEX_POINT('',#3084);
#858=VERTEX_POINT('',#3087);
#859=VERTEX_POINT('',#3093);
#860=VERTEX_POINT('',#3097);
#861=VERTEX_POINT('',#3100);
#862=VERTEX_POINT('',#3102);
#863=VERTEX_POINT('',#3108);
#864=VERTEX_POINT('',#3110);
#865=VERTEX_POINT('',#3112);
#866=VERTEX_POINT('',#3121);
#867=VERTEX_POINT('',#3128);
#868=VERTEX_POINT('',#3130);
#869=VERTEX_POINT('',#3134);
#870=VERTEX_POINT('',#3138);
#871=VERTEX_POINT('',#3143);
#872=VERTEX_POINT('',#3146);
#873=VERTEX_POINT('',#3217);
#874=VERTEX_POINT('',#3221);
#875=VERTEX_POINT('',#3225);
#876=VERTEX_POINT('',#3227);
#877=VERTEX_POINT('',#3236);
#878=VERTEX_POINT('',#3243);
#879=VERTEX_POINT('',#3245);
#880=VERTEX_POINT('',#3249);
#881=VERTEX_POINT('',#3253);
#882=VERTEX_POINT('',#3258);
#883=VERTEX_POINT('',#3262);
#884=VERTEX_POINT('',#3273);
#885=VERTEX_POINT('',#3282);
#886=VERTEX_POINT('',#3291);
#887=VERTEX_POINT('',#3295);
#888=VERTEX_POINT('',#3299);
#889=VERTEX_POINT('',#3307);
#890=VERTEX_POINT('',#3310);
#891=VERTEX_POINT('',#3314);
#892=VERTEX_POINT('',#3318);
#893=VERTEX_POINT('',#3321);
#894=VERTEX_POINT('',#3325);
#895=VERTEX_POINT('',#3328);
#896=VERTEX_POINT('',#3334);
#897=VERTEX_POINT('',#3335);
#898=VERTEX_POINT('',#3340);
#899=VERTEX_POINT('',#3344);
#900=VERTEX_POINT('',#3345);
#901=VERTEX_POINT('',#3347);
#902=VERTEX_POINT('',#3349);
#903=VERTEX_POINT('',#3352);
#904=VERTEX_POINT('',#3367);
#905=VERTEX_POINT('',#3368);
#906=VERTEX_POINT('',#3373);
#907=VERTEX_POINT('',#3377);
#908=VERTEX_POINT('',#3379);
#909=VERTEX_POINT('',#3381);
#910=VERTEX_POINT('',#3383);
#911=VERTEX_POINT('',#3385);
#912=VERTEX_POINT('',#3400);
#913=VERTEX_POINT('',#3401);
#914=VERTEX_POINT('',#3406);
#915=VERTEX_POINT('',#3410);
#916=VERTEX_POINT('',#3412);
#917=VERTEX_POINT('',#3414);
#918=VERTEX_POINT('',#3416);
#919=VERTEX_POINT('',#3418);
#920=VERTEX_POINT('',#3433);
#921=VERTEX_POINT('',#3434);
#922=VERTEX_POINT('',#3439);
#923=VERTEX_POINT('',#3443);
#924=VERTEX_POINT('',#3446);
#925=VERTEX_POINT('',#3447);
#926=VERTEX_POINT('',#3452);
#927=VERTEX_POINT('',#3456);
#928=VERTEX_POINT('',#3459);
#929=VERTEX_POINT('',#3460);
#930=VERTEX_POINT('',#3465);
#931=VERTEX_POINT('',#3469);
#932=VERTEX_POINT('',#3472);
#933=VERTEX_POINT('',#3473);
#934=VERTEX_POINT('',#3478);
#935=VERTEX_POINT('',#3482);
#936=VERTEX_POINT('',#3485);
#937=VERTEX_POINT('',#3486);
#938=VERTEX_POINT('',#3491);
#939=VERTEX_POINT('',#3495);
#940=VERTEX_POINT('',#3498);
#941=VERTEX_POINT('',#3499);
#942=VERTEX_POINT('',#3504);
#943=VERTEX_POINT('',#3508);
#944=EDGE_CURVE('',#759,#759,#601,.T.);
#945=EDGE_CURVE('',#760,#761,#602,.T.);
#946=EDGE_CURVE('',#762,#761,#141,.T.);
#947=EDGE_CURVE('',#762,#763,#603,.T.);
#948=EDGE_CURVE('',#764,#763,#604,.T.);
#949=EDGE_CURVE('',#764,#765,#605,.T.);
#950=EDGE_CURVE('',#766,#765,#142,.T.);
#951=EDGE_CURVE('',#766,#767,#606,.T.);
#952=EDGE_CURVE('',#767,#760,#607,.T.);
#953=EDGE_CURVE('',#768,#769,#608,.T.);
#954=EDGE_CURVE('',#770,#769,#609,.T.);
#955=EDGE_CURVE('',#770,#771,#610,.T.);
#956=EDGE_CURVE('',#772,#771,#143,.T.);
#957=EDGE_CURVE('',#772,#773,#611,.T.);
#958=EDGE_CURVE('',#773,#774,#612,.T.);
#959=EDGE_CURVE('',#774,#775,#613,.T.);
#960=EDGE_CURVE('',#768,#775,#144,.T.);
#961=EDGE_CURVE('',#776,#777,#614,.T.);
#962=EDGE_CURVE('',#778,#777,#145,.T.);
#963=EDGE_CURVE('',#778,#779,#615,.T.);
#964=EDGE_CURVE('',#780,#779,#616,.T.);
#965=EDGE_CURVE('',#780,#781,#617,.T.);
#966=EDGE_CURVE('',#782,#781,#146,.T.);
#967=EDGE_CURVE('',#782,#783,#618,.T.);
#968=EDGE_CURVE('',#783,#776,#619,.T.);
#969=EDGE_CURVE('',#784,#784,#620,.T.);
#970=EDGE_CURVE('',#785,#785,#621,.T.);
#971=EDGE_CURVE('',#786,#786,#622,.T.);
#972=EDGE_CURVE('',#787,#787,#623,.T.);
#973=EDGE_CURVE('',#788,#788,#624,.T.);
#974=EDGE_CURVE('',#789,#789,#625,.T.);
#975=EDGE_CURVE('',#790,#790,#626,.T.);
#976=EDGE_CURVE('',#791,#791,#627,.T.);
#977=EDGE_CURVE('',#792,#792,#628,.T.);
#978=EDGE_CURVE('',#793,#793,#629,.T.);
#979=EDGE_CURVE('',#794,#794,#630,.T.);
#980=EDGE_CURVE('',#794,#759,#147,.T.);
#981=EDGE_CURVE('',#795,#795,#631,.T.);
#982=EDGE_CURVE('',#796,#797,#632,.T.);
#983=EDGE_CURVE('',#798,#796,#148,.T.);
#984=EDGE_CURVE('',#799,#798,#633,.T.);
#985=EDGE_CURVE('',#799,#800,#149,.T.);
#986=EDGE_CURVE('',#801,#800,#634,.T.);
#987=EDGE_CURVE('',#801,#795,#150,.T.);
#988=EDGE_CURVE('',#802,#801,#635,.T.);
#989=EDGE_CURVE('',#803,#802,#151,.T.);
#990=EDGE_CURVE('',#804,#803,#636,.T.);
#991=EDGE_CURVE('',#804,#805,#152,.T.);
#992=EDGE_CURVE('',#806,#805,#637,.T.);
#993=EDGE_CURVE('',#807,#806,#153,.T.);
#994=EDGE_CURVE('',#808,#807,#638,.T.);
#995=EDGE_CURVE('',#808,#797,#154,.T.);
#996=EDGE_CURVE('',#798,#809,#639,.T.);
#997=EDGE_CURVE('',#809,#810,#640,.T.);
#998=EDGE_CURVE('',#810,#811,#641,.T.);
#999=EDGE_CURVE('',#812,#811,#642,.T.);
#1000=EDGE_CURVE('',#812,#813,#643,.T.);
#1001=EDGE_CURVE('',#813,#814,#644,.T.);
#1002=EDGE_CURVE('',#814,#799,#645,.T.);
#1003=EDGE_CURVE('',#815,#814,#155,.T.);
#1004=EDGE_CURVE('',#815,#816,#646,.T.);
#1005=EDGE_CURVE('',#816,#800,#44,.T.);
#1006=EDGE_CURVE('',#817,#818,#647,.T.);
#1007=EDGE_CURVE('',#818,#819,#648,.T.);
#1008=EDGE_CURVE('',#819,#820,#649,.T.);
#1009=EDGE_CURVE('',#821,#820,#650,.T.);
#1010=EDGE_CURVE('',#821,#816,#651,.T.);
#1011=EDGE_CURVE('',#815,#822,#652,.T.);
#1012=EDGE_CURVE('',#822,#823,#653,.T.);
#1013=EDGE_CURVE('',#823,#824,#654,.T.);
#1014=EDGE_CURVE('',#824,#825,#655,.T.);
#1015=EDGE_CURVE('',#825,#826,#656,.T.);
#1016=EDGE_CURVE('',#827,#826,#657,.T.);
#1017=EDGE_CURVE('',#827,#828,#658,.T.);
#1018=EDGE_CURVE('',#829,#828,#659,.T.);
#1019=EDGE_CURVE('',#829,#830,#660,.T.);
#1020=EDGE_CURVE('',#830,#831,#661,.T.);
#1021=EDGE_CURVE('',#831,#832,#662,.T.);
#1022=EDGE_CURVE('',#832,#833,#663,.T.);
#1023=EDGE_CURVE('',#833,#834,#664,.T.);
#1024=EDGE_CURVE('',#835,#834,#665,.T.);
#1025=EDGE_CURVE('',#835,#836,#666,.T.);
#1026=EDGE_CURVE('',#837,#836,#667,.T.);
#1027=EDGE_CURVE('',#837,#838,#668,.T.);
#1028=EDGE_CURVE('',#838,#817,#669,.T.);
#1029=EDGE_CURVE('',#839,#839,#670,.T.);
#1030=EDGE_CURVE('',#840,#840,#671,.T.);
#1031=EDGE_CURVE('',#841,#841,#672,.T.);
#1032=EDGE_CURVE('',#842,#842,#673,.T.);
#1033=EDGE_CURVE('',#843,#844,#674,.T.);
#1034=EDGE_CURVE('',#844,#841,#156,.T.);
#1035=EDGE_CURVE('',#844,#843,#675,.T.);
#1036=EDGE_CURVE('',#845,#845,#676,.T.);
#1037=EDGE_CURVE('',#845,#843,#157,.T.);
#1038=EDGE_CURVE('',#846,#846,#677,.T.);
#1039=EDGE_CURVE('',#847,#847,#678,.T.);
#1040=EDGE_CURVE('',#847,#846,#158,.T.);
#1041=EDGE_CURVE('',#848,#848,#679,.T.);
#1042=EDGE_CURVE('',#849,#849,#680,.T.);
#1043=EDGE_CURVE('',#850,#850,#681,.T.);
#1044=EDGE_CURVE('',#851,#851,#682,.T.);
#1045=EDGE_CURVE('',#852,#852,#683,.T.);
#1046=EDGE_CURVE('',#848,#853,#159,.T.);
#1047=EDGE_CURVE('',#853,#853,#684,.T.);
#1048=EDGE_CURVE('',#853,#792,#160,.T.);
#1049=EDGE_CURVE('',#850,#854,#161,.T.);
#1050=EDGE_CURVE('',#854,#854,#685,.T.);
#1051=EDGE_CURVE('',#854,#790,#162,.T.);
#1052=EDGE_CURVE('',#852,#855,#163,.T.);
#1053=EDGE_CURVE('',#855,#855,#686,.T.);
#1054=EDGE_CURVE('',#855,#791,#164,.T.);
#1055=EDGE_CURVE('',#849,#856,#165,.T.);
#1056=EDGE_CURVE('',#856,#856,#687,.T.);
#1057=EDGE_CURVE('',#857,#857,#688,.T.);
#1058=EDGE_CURVE('',#857,#858,#166,.T.);
#1059=EDGE_CURVE('',#858,#858,#689,.T.);
#1060=EDGE_CURVE('',#858,#840,#167,.T.);
#1061=EDGE_CURVE('',#851,#859,#168,.T.);
#1062=EDGE_CURVE('',#859,#859,#690,.T.);
#1063=EDGE_CURVE('',#860,#860,#691,.T.);
#1064=EDGE_CURVE('',#860,#861,#169,.T.);
#1065=EDGE_CURVE('',#862,#861,#692,.T.);
#1066=EDGE_CURVE('',#861,#862,#693,.T.);
#1067=EDGE_CURVE('',#862,#839,#170,.T.);
#1068=EDGE_CURVE('',#838,#863,#171,.T.);
#1069=EDGE_CURVE('',#864,#863,#694,.T.);
#1070=EDGE_CURVE('',#864,#865,#172,.T.);
#1071=EDGE_CURVE('',#817,#865,#45,.T.);
#1072=EDGE_CURVE('',#866,#818,#46,.T.);
#1073=EDGE_CURVE('',#867,#866,#173,.T.);
#1074=EDGE_CURVE('',#868,#867,#695,.T.);
#1075=EDGE_CURVE('',#819,#868,#174,.T.);
#1076=EDGE_CURVE('',#865,#869,#696,.T.);
#1077=EDGE_CURVE('',#869,#866,#697,.T.);
#1078=EDGE_CURVE('',#870,#870,#698,.T.);
#1079=EDGE_CURVE('',#870,#869,#175,.T.);
#1080=EDGE_CURVE('',#864,#867,#699,.T.);
#1081=EDGE_CURVE('',#803,#871,#700,.T.);
#1082=EDGE_CURVE('',#871,#868,#701,.T.);
#1083=EDGE_CURVE('',#863,#872,#702,.T.);
#1084=EDGE_CURVE('',#872,#804,#703,.T.);
#1085=EDGE_CURVE('',#820,#871,#176,.T.);
#1086=EDGE_CURVE('',#802,#821,#47,.T.);
#1087=EDGE_CURVE('',#796,#827,#48,.T.);
#1088=EDGE_CURVE('',#828,#797,#49,.T.);
#1089=EDGE_CURVE('',#806,#835,#50,.T.);
#1090=EDGE_CURVE('',#836,#805,#51,.T.);
#1091=EDGE_CURVE('',#873,#808,#704,.T.);
#1092=EDGE_CURVE('',#829,#873,#177,.T.);
#1093=EDGE_CURVE('',#874,#873,#705,.T.);
#1094=EDGE_CURVE('',#830,#874,#178,.T.);
#1095=EDGE_CURVE('',#875,#874,#706,.T.);
#1096=EDGE_CURVE('',#875,#876,#179,.T.);
#1097=EDGE_CURVE('',#831,#876,#52,.T.);
#1098=EDGE_CURVE('',#877,#832,#53,.T.);
#1099=EDGE_CURVE('',#878,#877,#180,.T.);
#1100=EDGE_CURVE('',#879,#878,#707,.T.);
#1101=EDGE_CURVE('',#833,#879,#181,.T.);
#1102=EDGE_CURVE('',#876,#880,#708,.T.);
#1103=EDGE_CURVE('',#880,#877,#709,.T.);
#1104=EDGE_CURVE('',#881,#881,#710,.T.);
#1105=EDGE_CURVE('',#881,#880,#182,.T.);
#1106=EDGE_CURVE('',#875,#878,#711,.T.);
#1107=EDGE_CURVE('',#807,#882,#712,.T.);
#1108=EDGE_CURVE('',#882,#879,#713,.T.);
#1109=EDGE_CURVE('',#883,#881,#183,.T.);
#1110=EDGE_CURVE('',#834,#882,#184,.T.);
#1111=EDGE_CURVE('',#826,#809,#185,.T.);
#1112=EDGE_CURVE('',#825,#810,#186,.T.);
#1113=EDGE_CURVE('',#822,#813,#187,.T.);
#1114=EDGE_CURVE('',#812,#884,#188,.T.);
#1115=EDGE_CURVE('',#823,#884,#54,.T.);
#1116=EDGE_CURVE('',#885,#824,#55,.T.);
#1117=EDGE_CURVE('',#811,#885,#189,.T.);
#1118=EDGE_CURVE('',#884,#886,#714,.T.);
#1119=EDGE_CURVE('',#886,#885,#715,.T.);
#1120=EDGE_CURVE('',#887,#887,#716,.T.);
#1121=EDGE_CURVE('',#887,#886,#190,.T.);
#1122=EDGE_CURVE('',#888,#887,#191,.T.);
#1123=EDGE_CURVE('',#837,#872,#192,.T.);
#1124=EDGE_CURVE('',#889,#870,#193,.T.);
#1125=EDGE_CURVE('',#890,#890,#717,.T.);
#1126=EDGE_CURVE('',#890,#842,#194,.T.);
#1127=EDGE_CURVE('',#891,#891,#718,.T.);
#1128=EDGE_CURVE('',#891,#890,#195,.T.);
#1129=EDGE_CURVE('',#892,#892,#719,.T.);
#1130=EDGE_CURVE('',#893,#893,#720,.T.);
#1131=EDGE_CURVE('',#893,#892,#196,.T.);
#1132=EDGE_CURVE('',#894,#894,#721,.T.);
#1133=EDGE_CURVE('',#894,#895,#197,.T.);
#1134=EDGE_CURVE('',#895,#895,#722,.T.);
#1135=EDGE_CURVE('',#895,#793,#198,.T.);
#1136=EDGE_CURVE('',#896,#897,#723,.T.);
#1137=EDGE_CURVE('',#760,#896,#199,.T.);
#1138=EDGE_CURVE('',#767,#897,#200,.T.);
#1139=EDGE_CURVE('',#766,#898,#201,.T.);
#1140=EDGE_CURVE('',#897,#898,#724,.T.);
#1141=EDGE_CURVE('',#899,#900,#725,.T.);
#1142=EDGE_CURVE('',#900,#901,#726,.T.);
#1143=EDGE_CURVE('',#901,#902,#202,.T.);
#1144=EDGE_CURVE('',#902,#896,#727,.T.);
#1145=EDGE_CURVE('',#898,#903,#203,.T.);
#1146=EDGE_CURVE('',#903,#899,#728,.T.);
#1147=EDGE_CURVE('',#765,#903,#204,.T.);
#1148=EDGE_CURVE('',#764,#899,#205,.T.);
#1149=EDGE_CURVE('',#763,#900,#206,.T.);
#1150=EDGE_CURVE('',#762,#901,#207,.T.);
#1151=EDGE_CURVE('',#761,#902,#208,.T.);
#1152=EDGE_CURVE('',#904,#905,#209,.T.);
#1153=EDGE_CURVE('',#768,#904,#210,.T.);
#1154=EDGE_CURVE('',#775,#905,#211,.T.);
#1155=EDGE_CURVE('',#774,#906,#212,.T.);
#1156=EDGE_CURVE('',#905,#906,#729,.T.);
#1157=EDGE_CURVE('',#906,#907,#730,.T.);
#1158=EDGE_CURVE('',#907,#908,#731,.T.);
#1159=EDGE_CURVE('',#908,#909,#213,.T.);
#1160=EDGE_CURVE('',#909,#910,#732,.T.);
#1161=EDGE_CURVE('',#910,#911,#733,.T.);
#1162=EDGE_CURVE('',#911,#904,#734,.T.);
#1163=EDGE_CURVE('',#769,#911,#214,.T.);
#1164=EDGE_CURVE('',#770,#910,#215,.T.);
#1165=EDGE_CURVE('',#771,#909,#216,.T.);
#1166=EDGE_CURVE('',#772,#908,#217,.T.);
#1167=EDGE_CURVE('',#773,#907,#218,.T.);
#1168=EDGE_CURVE('',#912,#913,#735,.T.);
#1169=EDGE_CURVE('',#776,#912,#219,.T.);
#1170=EDGE_CURVE('',#783,#913,#220,.T.);
#1171=EDGE_CURVE('',#782,#914,#221,.T.);
#1172=EDGE_CURVE('',#913,#914,#736,.T.);
#1173=EDGE_CURVE('',#914,#915,#222,.T.);
#1174=EDGE_CURVE('',#915,#916,#737,.T.);
#1175=EDGE_CURVE('',#916,#917,#738,.T.);
#1176=EDGE_CURVE('',#917,#918,#739,.T.);
#1177=EDGE_CURVE('',#918,#919,#223,.T.);
#1178=EDGE_CURVE('',#919,#912,#740,.T.);
#1179=EDGE_CURVE('',#777,#919,#224,.T.);
#1180=EDGE_CURVE('',#778,#918,#225,.T.);
#1181=EDGE_CURVE('',#779,#917,#226,.T.);
#1182=EDGE_CURVE('',#780,#916,#227,.T.);
#1183=EDGE_CURVE('',#781,#915,#228,.T.);
#1184=EDGE_CURVE('',#920,#921,#741,.T.);
#1185=EDGE_CURVE('',#921,#784,#229,.T.);
#1186=EDGE_CURVE('',#921,#920,#742,.T.);
#1187=EDGE_CURVE('',#922,#922,#743,.T.);
#1188=EDGE_CURVE('',#922,#920,#230,.T.);
#1189=EDGE_CURVE('',#923,#922,#231,.T.);
#1190=EDGE_CURVE('',#924,#925,#744,.T.);
#1191=EDGE_CURVE('',#925,#785,#232,.T.);
#1192=EDGE_CURVE('',#925,#924,#745,.T.);
#1193=EDGE_CURVE('',#926,#926,#746,.T.);
#1194=EDGE_CURVE('',#926,#924,#233,.T.);
#1195=EDGE_CURVE('',#927,#926,#234,.T.);
#1196=EDGE_CURVE('',#928,#929,#747,.T.);
#1197=EDGE_CURVE('',#929,#928,#748,.T.);
#1198=EDGE_CURVE('',#928,#786,#235,.T.);
#1199=EDGE_CURVE('',#930,#930,#749,.T.);
#1200=EDGE_CURVE('',#930,#929,#236,.T.);
#1201=EDGE_CURVE('',#931,#930,#237,.T.);
#1202=EDGE_CURVE('',#932,#933,#750,.T.);
#1203=EDGE_CURVE('',#933,#932,#751,.T.);
#1204=EDGE_CURVE('',#932,#787,#238,.T.);
#1205=EDGE_CURVE('',#934,#934,#752,.T.);
#1206=EDGE_CURVE('',#934,#933,#239,.T.);
#1207=EDGE_CURVE('',#935,#934,#240,.T.);
#1208=EDGE_CURVE('',#936,#937,#753,.T.);
#1209=EDGE_CURVE('',#937,#936,#754,.T.);
#1210=EDGE_CURVE('',#936,#788,#241,.T.);
#1211=EDGE_CURVE('',#938,#938,#755,.T.);
#1212=EDGE_CURVE('',#938,#937,#242,.T.);
#1213=EDGE_CURVE('',#939,#938,#243,.T.);
#1214=EDGE_CURVE('',#940,#941,#756,.T.);
#1215=EDGE_CURVE('',#941,#789,#244,.T.);
#1216=EDGE_CURVE('',#941,#940,#757,.T.);
#1217=EDGE_CURVE('',#942,#942,#758,.T.);
#1218=EDGE_CURVE('',#942,#940,#245,.T.);
#1219=EDGE_CURVE('',#943,#942,#246,.T.);
#1220=ORIENTED_EDGE('',*,*,#944,.F.);
#1221=ORIENTED_EDGE('',*,*,#945,.T.);
#1222=ORIENTED_EDGE('',*,*,#946,.F.);
#1223=ORIENTED_EDGE('',*,*,#947,.T.);
#1224=ORIENTED_EDGE('',*,*,#948,.F.);
#1225=ORIENTED_EDGE('',*,*,#949,.T.);
#1226=ORIENTED_EDGE('',*,*,#950,.F.);
#1227=ORIENTED_EDGE('',*,*,#951,.T.);
#1228=ORIENTED_EDGE('',*,*,#952,.T.);
#1229=ORIENTED_EDGE('',*,*,#953,.T.);
#1230=ORIENTED_EDGE('',*,*,#954,.F.);
#1231=ORIENTED_EDGE('',*,*,#955,.T.);
#1232=ORIENTED_EDGE('',*,*,#956,.F.);
#1233=ORIENTED_EDGE('',*,*,#957,.T.);
#1234=ORIENTED_EDGE('',*,*,#958,.T.);
#1235=ORIENTED_EDGE('',*,*,#959,.T.);
#1236=ORIENTED_EDGE('',*,*,#960,.F.);
#1237=ORIENTED_EDGE('',*,*,#961,.T.);
#1238=ORIENTED_EDGE('',*,*,#962,.F.);
#1239=ORIENTED_EDGE('',*,*,#963,.T.);
#1240=ORIENTED_EDGE('',*,*,#964,.F.);
#1241=ORIENTED_EDGE('',*,*,#965,.T.);
#1242=ORIENTED_EDGE('',*,*,#966,.F.);
#1243=ORIENTED_EDGE('',*,*,#967,.T.);
#1244=ORIENTED_EDGE('',*,*,#968,.T.);
#1245=ORIENTED_EDGE('',*,*,#969,.T.);
#1246=ORIENTED_EDGE('',*,*,#970,.T.);
#1247=ORIENTED_EDGE('',*,*,#971,.T.);
#1248=ORIENTED_EDGE('',*,*,#972,.T.);
#1249=ORIENTED_EDGE('',*,*,#973,.T.);
#1250=ORIENTED_EDGE('',*,*,#974,.T.);
#1251=ORIENTED_EDGE('',*,*,#975,.T.);
#1252=ORIENTED_EDGE('',*,*,#976,.T.);
#1253=ORIENTED_EDGE('',*,*,#977,.T.);
#1254=ORIENTED_EDGE('',*,*,#978,.T.);
#1255=ORIENTED_EDGE('',*,*,#979,.F.);
#1256=ORIENTED_EDGE('',*,*,#980,.T.);
#1257=ORIENTED_EDGE('',*,*,#944,.T.);
#1258=ORIENTED_EDGE('',*,*,#980,.F.);
#1259=ORIENTED_EDGE('',*,*,#979,.T.);
#1260=ORIENTED_EDGE('',*,*,#981,.T.);
#1261=ORIENTED_EDGE('',*,*,#982,.F.);
#1262=ORIENTED_EDGE('',*,*,#983,.F.);
#1263=ORIENTED_EDGE('',*,*,#984,.F.);
#1264=ORIENTED_EDGE('',*,*,#985,.T.);
#1265=ORIENTED_EDGE('',*,*,#986,.F.);
#1266=ORIENTED_EDGE('',*,*,#987,.T.);
#1267=ORIENTED_EDGE('',*,*,#981,.F.);
#1268=ORIENTED_EDGE('',*,*,#987,.F.);
#1269=ORIENTED_EDGE('',*,*,#988,.F.);
#1270=ORIENTED_EDGE('',*,*,#989,.F.);
#1271=ORIENTED_EDGE('',*,*,#990,.F.);
#1272=ORIENTED_EDGE('',*,*,#991,.T.);
#1273=ORIENTED_EDGE('',*,*,#992,.F.);
#1274=ORIENTED_EDGE('',*,*,#993,.F.);
#1275=ORIENTED_EDGE('',*,*,#994,.F.);
#1276=ORIENTED_EDGE('',*,*,#995,.T.);
#1277=ORIENTED_EDGE('',*,*,#996,.T.);
#1278=ORIENTED_EDGE('',*,*,#997,.T.);
#1279=ORIENTED_EDGE('',*,*,#998,.T.);
#1280=ORIENTED_EDGE('',*,*,#999,.F.);
#1281=ORIENTED_EDGE('',*,*,#1000,.T.);
#1282=ORIENTED_EDGE('',*,*,#1001,.T.);
#1283=ORIENTED_EDGE('',*,*,#1002,.T.);
#1284=ORIENTED_EDGE('',*,*,#984,.T.);
#1285=ORIENTED_EDGE('',*,*,#1002,.F.);
#1286=ORIENTED_EDGE('',*,*,#1003,.F.);
#1287=ORIENTED_EDGE('',*,*,#1004,.T.);
#1288=ORIENTED_EDGE('',*,*,#1005,.T.);
#1289=ORIENTED_EDGE('',*,*,#985,.F.);
#1290=ORIENTED_EDGE('',*,*,#1006,.T.);
#1291=ORIENTED_EDGE('',*,*,#1007,.T.);
#1292=ORIENTED_EDGE('',*,*,#1008,.T.);
#1293=ORIENTED_EDGE('',*,*,#1009,.F.);
#1294=ORIENTED_EDGE('',*,*,#1010,.T.);
#1295=ORIENTED_EDGE('',*,*,#1004,.F.);
#1296=ORIENTED_EDGE('',*,*,#1011,.T.);
#1297=ORIENTED_EDGE('',*,*,#1012,.T.);
#1298=ORIENTED_EDGE('',*,*,#1013,.T.);
#1299=ORIENTED_EDGE('',*,*,#1014,.T.);
#1300=ORIENTED_EDGE('',*,*,#1015,.T.);
#1301=ORIENTED_EDGE('',*,*,#1016,.F.);
#1302=ORIENTED_EDGE('',*,*,#1017,.T.);
#1303=ORIENTED_EDGE('',*,*,#1018,.F.);
#1304=ORIENTED_EDGE('',*,*,#1019,.T.);
#1305=ORIENTED_EDGE('',*,*,#1020,.T.);
#1306=ORIENTED_EDGE('',*,*,#1021,.T.);
#1307=ORIENTED_EDGE('',*,*,#1022,.T.);
#1308=ORIENTED_EDGE('',*,*,#1023,.T.);
#1309=ORIENTED_EDGE('',*,*,#1024,.F.);
#1310=ORIENTED_EDGE('',*,*,#1025,.T.);
#1311=ORIENTED_EDGE('',*,*,#1026,.F.);
#1312=ORIENTED_EDGE('',*,*,#1027,.T.);
#1313=ORIENTED_EDGE('',*,*,#1028,.T.);
#1314=ORIENTED_EDGE('',*,*,#1029,.T.);
#1315=ORIENTED_EDGE('',*,*,#1030,.T.);
#1316=ORIENTED_EDGE('',*,*,#1031,.T.);
#1317=ORIENTED_EDGE('',*,*,#1032,.T.);
#1318=ORIENTED_EDGE('',*,*,#1033,.T.);
#1319=ORIENTED_EDGE('',*,*,#1034,.T.);
#1320=ORIENTED_EDGE('',*,*,#1031,.F.);
#1321=ORIENTED_EDGE('',*,*,#1034,.F.);
#1322=ORIENTED_EDGE('',*,*,#1035,.T.);
#1323=ORIENTED_EDGE('',*,*,#1036,.F.);
#1324=ORIENTED_EDGE('',*,*,#1037,.T.);
#1325=ORIENTED_EDGE('',*,*,#1035,.F.);
#1326=ORIENTED_EDGE('',*,*,#1033,.F.);
#1327=ORIENTED_EDGE('',*,*,#1037,.F.);
#1328=ORIENTED_EDGE('',*,*,#1036,.T.);
#1329=ORIENTED_EDGE('',*,*,#1038,.F.);
#1330=ORIENTED_EDGE('',*,*,#1039,.F.);
#1331=ORIENTED_EDGE('',*,*,#1040,.T.);
#1332=ORIENTED_EDGE('',*,*,#1038,.T.);
#1333=ORIENTED_EDGE('',*,*,#1040,.F.);
#1334=ORIENTED_EDGE('',*,*,#1041,.T.);
#1335=ORIENTED_EDGE('',*,*,#1042,.T.);
#1336=ORIENTED_EDGE('',*,*,#1043,.T.);
#1337=ORIENTED_EDGE('',*,*,#1044,.T.);
#1338=ORIENTED_EDGE('',*,*,#1045,.T.);
#1339=ORIENTED_EDGE('',*,*,#1039,.T.);
#1340=ORIENTED_EDGE('',*,*,#1041,.F.);
#1341=ORIENTED_EDGE('',*,*,#1046,.T.);
#1342=ORIENTED_EDGE('',*,*,#1047,.F.);
#1343=ORIENTED_EDGE('',*,*,#1046,.F.);
#1344=ORIENTED_EDGE('',*,*,#1047,.T.);
#1345=ORIENTED_EDGE('',*,*,#1048,.T.);
#1346=ORIENTED_EDGE('',*,*,#977,.F.);
#1347=ORIENTED_EDGE('',*,*,#1048,.F.);
#1348=ORIENTED_EDGE('',*,*,#1043,.F.);
#1349=ORIENTED_EDGE('',*,*,#1049,.T.);
#1350=ORIENTED_EDGE('',*,*,#1050,.F.);
#1351=ORIENTED_EDGE('',*,*,#1049,.F.);
#1352=ORIENTED_EDGE('',*,*,#1050,.T.);
#1353=ORIENTED_EDGE('',*,*,#1051,.T.);
#1354=ORIENTED_EDGE('',*,*,#975,.F.);
#1355=ORIENTED_EDGE('',*,*,#1051,.F.);
#1356=ORIENTED_EDGE('',*,*,#1045,.F.);
#1357=ORIENTED_EDGE('',*,*,#1052,.T.);
#1358=ORIENTED_EDGE('',*,*,#1053,.F.);
#1359=ORIENTED_EDGE('',*,*,#1052,.F.);
#1360=ORIENTED_EDGE('',*,*,#1053,.T.);
#1361=ORIENTED_EDGE('',*,*,#1054,.T.);
#1362=ORIENTED_EDGE('',*,*,#976,.F.);
#1363=ORIENTED_EDGE('',*,*,#1054,.F.);
#1364=ORIENTED_EDGE('',*,*,#1042,.F.);
#1365=ORIENTED_EDGE('',*,*,#1055,.T.);
#1366=ORIENTED_EDGE('',*,*,#1056,.T.);
#1367=ORIENTED_EDGE('',*,*,#1055,.F.);
#1368=ORIENTED_EDGE('',*,*,#1057,.T.);
#1369=ORIENTED_EDGE('',*,*,#1056,.F.);
#1370=ORIENTED_EDGE('',*,*,#1057,.F.);
#1371=ORIENTED_EDGE('',*,*,#1058,.T.);
#1372=ORIENTED_EDGE('',*,*,#1059,.F.);
#1373=ORIENTED_EDGE('',*,*,#1058,.F.);
#1374=ORIENTED_EDGE('',*,*,#1059,.T.);
#1375=ORIENTED_EDGE('',*,*,#1060,.T.);
#1376=ORIENTED_EDGE('',*,*,#1030,.F.);
#1377=ORIENTED_EDGE('',*,*,#1060,.F.);
#1378=ORIENTED_EDGE('',*,*,#1044,.F.);
#1379=ORIENTED_EDGE('',*,*,#1061,.T.);
#1380=ORIENTED_EDGE('',*,*,#1062,.T.);
#1381=ORIENTED_EDGE('',*,*,#1061,.F.);
#1382=ORIENTED_EDGE('',*,*,#1063,.T.);
#1383=ORIENTED_EDGE('',*,*,#1062,.F.);
#1384=ORIENTED_EDGE('',*,*,#1063,.F.);
#1385=ORIENTED_EDGE('',*,*,#1064,.T.);
#1386=ORIENTED_EDGE('',*,*,#1065,.F.);
#1387=ORIENTED_EDGE('',*,*,#1066,.F.);
#1388=ORIENTED_EDGE('',*,*,#1064,.F.);
#1389=ORIENTED_EDGE('',*,*,#1065,.T.);
#1390=ORIENTED_EDGE('',*,*,#1066,.T.);
#1391=ORIENTED_EDGE('',*,*,#1067,.T.);
#1392=ORIENTED_EDGE('',*,*,#1029,.F.);
#1393=ORIENTED_EDGE('',*,*,#1067,.F.);
#1394=ORIENTED_EDGE('',*,*,#1068,.T.);
#1395=ORIENTED_EDGE('',*,*,#1069,.F.);
#1396=ORIENTED_EDGE('',*,*,#1070,.T.);
#1397=ORIENTED_EDGE('',*,*,#1071,.F.);
#1398=ORIENTED_EDGE('',*,*,#1028,.F.);
#1399=ORIENTED_EDGE('',*,*,#1072,.F.);
#1400=ORIENTED_EDGE('',*,*,#1073,.F.);
#1401=ORIENTED_EDGE('',*,*,#1074,.F.);
#1402=ORIENTED_EDGE('',*,*,#1075,.F.);
#1403=ORIENTED_EDGE('',*,*,#1007,.F.);
#1404=ORIENTED_EDGE('',*,*,#1076,.T.);
#1405=ORIENTED_EDGE('',*,*,#1077,.T.);
#1406=ORIENTED_EDGE('',*,*,#1072,.T.);
#1407=ORIENTED_EDGE('',*,*,#1006,.F.);
#1408=ORIENTED_EDGE('',*,*,#1071,.T.);
#1409=ORIENTED_EDGE('',*,*,#1078,.F.);
#1410=ORIENTED_EDGE('',*,*,#1079,.T.);
#1411=ORIENTED_EDGE('',*,*,#1076,.F.);
#1412=ORIENTED_EDGE('',*,*,#1070,.F.);
#1413=ORIENTED_EDGE('',*,*,#1080,.T.);
#1414=ORIENTED_EDGE('',*,*,#1073,.T.);
#1415=ORIENTED_EDGE('',*,*,#1077,.F.);
#1416=ORIENTED_EDGE('',*,*,#1079,.F.);
#1417=ORIENTED_EDGE('',*,*,#1081,.T.);
#1418=ORIENTED_EDGE('',*,*,#1082,.T.);
#1419=ORIENTED_EDGE('',*,*,#1074,.T.);
#1420=ORIENTED_EDGE('',*,*,#1080,.F.);
#1421=ORIENTED_EDGE('',*,*,#1069,.T.);
#1422=ORIENTED_EDGE('',*,*,#1083,.T.);
#1423=ORIENTED_EDGE('',*,*,#1084,.T.);
#1424=ORIENTED_EDGE('',*,*,#990,.T.);
#1425=ORIENTED_EDGE('',*,*,#1085,.T.);
#1426=ORIENTED_EDGE('',*,*,#1081,.F.);
#1427=ORIENTED_EDGE('',*,*,#989,.T.);
#1428=ORIENTED_EDGE('',*,*,#1086,.T.);
#1429=ORIENTED_EDGE('',*,*,#1009,.T.);
#1430=ORIENTED_EDGE('',*,*,#1017,.F.);
#1431=ORIENTED_EDGE('',*,*,#1087,.F.);
#1432=ORIENTED_EDGE('',*,*,#982,.T.);
#1433=ORIENTED_EDGE('',*,*,#1088,.F.);
#1434=ORIENTED_EDGE('',*,*,#1025,.F.);
#1435=ORIENTED_EDGE('',*,*,#1089,.F.);
#1436=ORIENTED_EDGE('',*,*,#992,.T.);
#1437=ORIENTED_EDGE('',*,*,#1090,.F.);
#1438=ORIENTED_EDGE('',*,*,#988,.T.);
#1439=ORIENTED_EDGE('',*,*,#986,.T.);
#1440=ORIENTED_EDGE('',*,*,#1005,.F.);
#1441=ORIENTED_EDGE('',*,*,#1010,.F.);
#1442=ORIENTED_EDGE('',*,*,#1086,.F.);
#1443=ORIENTED_EDGE('',*,*,#1091,.F.);
#1444=ORIENTED_EDGE('',*,*,#1092,.F.);
#1445=ORIENTED_EDGE('',*,*,#1018,.T.);
#1446=ORIENTED_EDGE('',*,*,#1088,.T.);
#1447=ORIENTED_EDGE('',*,*,#995,.F.);
#1448=ORIENTED_EDGE('',*,*,#1092,.T.);
#1449=ORIENTED_EDGE('',*,*,#1093,.F.);
#1450=ORIENTED_EDGE('',*,*,#1094,.F.);
#1451=ORIENTED_EDGE('',*,*,#1019,.F.);
#1452=ORIENTED_EDGE('',*,*,#1094,.T.);
#1453=ORIENTED_EDGE('',*,*,#1095,.F.);
#1454=ORIENTED_EDGE('',*,*,#1096,.T.);
#1455=ORIENTED_EDGE('',*,*,#1097,.F.);
#1456=ORIENTED_EDGE('',*,*,#1020,.F.);
#1457=ORIENTED_EDGE('',*,*,#1098,.F.);
#1458=ORIENTED_EDGE('',*,*,#1099,.F.);
#1459=ORIENTED_EDGE('',*,*,#1100,.F.);
#1460=ORIENTED_EDGE('',*,*,#1101,.F.);
#1461=ORIENTED_EDGE('',*,*,#1022,.F.);
#1462=ORIENTED_EDGE('',*,*,#1097,.T.);
#1463=ORIENTED_EDGE('',*,*,#1102,.T.);
#1464=ORIENTED_EDGE('',*,*,#1103,.T.);
#1465=ORIENTED_EDGE('',*,*,#1098,.T.);
#1466=ORIENTED_EDGE('',*,*,#1021,.F.);
#1467=ORIENTED_EDGE('',*,*,#1104,.F.);
#1468=ORIENTED_EDGE('',*,*,#1105,.T.);
#1469=ORIENTED_EDGE('',*,*,#1102,.F.);
#1470=ORIENTED_EDGE('',*,*,#1096,.F.);
#1471=ORIENTED_EDGE('',*,*,#1106,.T.);
#1472=ORIENTED_EDGE('',*,*,#1099,.T.);
#1473=ORIENTED_EDGE('',*,*,#1103,.F.);
#1474=ORIENTED_EDGE('',*,*,#1105,.F.);
#1475=ORIENTED_EDGE('',*,*,#1107,.T.);
#1476=ORIENTED_EDGE('',*,*,#1108,.T.);
#1477=ORIENTED_EDGE('',*,*,#1100,.T.);
#1478=ORIENTED_EDGE('',*,*,#1106,.F.);
#1479=ORIENTED_EDGE('',*,*,#1095,.T.);
#1480=ORIENTED_EDGE('',*,*,#1093,.T.);
#1481=ORIENTED_EDGE('',*,*,#1091,.T.);
#1482=ORIENTED_EDGE('',*,*,#994,.T.);
#1483=ORIENTED_EDGE('',*,*,#1109,.T.);
#1484=ORIENTED_EDGE('',*,*,#1104,.T.);
#1485=ORIENTED_EDGE('',*,*,#1109,.F.);
#1486=ORIENTED_EDGE('',*,*,#1101,.T.);
#1487=ORIENTED_EDGE('',*,*,#1108,.F.);
#1488=ORIENTED_EDGE('',*,*,#1110,.F.);
#1489=ORIENTED_EDGE('',*,*,#1023,.F.);
#1490=ORIENTED_EDGE('',*,*,#1110,.T.);
#1491=ORIENTED_EDGE('',*,*,#1107,.F.);
#1492=ORIENTED_EDGE('',*,*,#993,.T.);
#1493=ORIENTED_EDGE('',*,*,#1089,.T.);
#1494=ORIENTED_EDGE('',*,*,#1024,.T.);
#1495=ORIENTED_EDGE('',*,*,#1111,.T.);
#1496=ORIENTED_EDGE('',*,*,#996,.F.);
#1497=ORIENTED_EDGE('',*,*,#983,.T.);
#1498=ORIENTED_EDGE('',*,*,#1087,.T.);
#1499=ORIENTED_EDGE('',*,*,#1016,.T.);
#1500=ORIENTED_EDGE('',*,*,#1112,.T.);
#1501=ORIENTED_EDGE('',*,*,#997,.F.);
#1502=ORIENTED_EDGE('',*,*,#1111,.F.);
#1503=ORIENTED_EDGE('',*,*,#1015,.F.);
#1504=ORIENTED_EDGE('',*,*,#1113,.T.);
#1505=ORIENTED_EDGE('',*,*,#1000,.F.);
#1506=ORIENTED_EDGE('',*,*,#1114,.T.);
#1507=ORIENTED_EDGE('',*,*,#1115,.F.);
#1508=ORIENTED_EDGE('',*,*,#1012,.F.);
#1509=ORIENTED_EDGE('',*,*,#1116,.F.);
#1510=ORIENTED_EDGE('',*,*,#1117,.F.);
#1511=ORIENTED_EDGE('',*,*,#998,.F.);
#1512=ORIENTED_EDGE('',*,*,#1112,.F.);
#1513=ORIENTED_EDGE('',*,*,#1014,.F.);
#1514=ORIENTED_EDGE('',*,*,#1116,.T.);
#1515=ORIENTED_EDGE('',*,*,#1013,.F.);
#1516=ORIENTED_EDGE('',*,*,#1115,.T.);
#1517=ORIENTED_EDGE('',*,*,#1118,.T.);
#1518=ORIENTED_EDGE('',*,*,#1119,.T.);
#1519=ORIENTED_EDGE('',*,*,#1120,.F.);
#1520=ORIENTED_EDGE('',*,*,#1121,.T.);
#1521=ORIENTED_EDGE('',*,*,#1118,.F.);
#1522=ORIENTED_EDGE('',*,*,#1114,.F.);
#1523=ORIENTED_EDGE('',*,*,#999,.T.);
#1524=ORIENTED_EDGE('',*,*,#1117,.T.);
#1525=ORIENTED_EDGE('',*,*,#1119,.F.);
#1526=ORIENTED_EDGE('',*,*,#1121,.F.);
#1527=ORIENTED_EDGE('',*,*,#1122,.T.);
#1528=ORIENTED_EDGE('',*,*,#1120,.T.);
#1529=ORIENTED_EDGE('',*,*,#1122,.F.);
#1530=ORIENTED_EDGE('',*,*,#1003,.T.);
#1531=ORIENTED_EDGE('',*,*,#1001,.F.);
#1532=ORIENTED_EDGE('',*,*,#1113,.F.);
#1533=ORIENTED_EDGE('',*,*,#1011,.F.);
#1534=ORIENTED_EDGE('',*,*,#1084,.F.);
#1535=ORIENTED_EDGE('',*,*,#1123,.F.);
#1536=ORIENTED_EDGE('',*,*,#1026,.T.);
#1537=ORIENTED_EDGE('',*,*,#1090,.T.);
#1538=ORIENTED_EDGE('',*,*,#991,.F.);
#1539=ORIENTED_EDGE('',*,*,#1123,.T.);
#1540=ORIENTED_EDGE('',*,*,#1083,.F.);
#1541=ORIENTED_EDGE('',*,*,#1068,.F.);
#1542=ORIENTED_EDGE('',*,*,#1027,.F.);
#1543=ORIENTED_EDGE('',*,*,#1075,.T.);
#1544=ORIENTED_EDGE('',*,*,#1082,.F.);
#1545=ORIENTED_EDGE('',*,*,#1085,.F.);
#1546=ORIENTED_EDGE('',*,*,#1008,.F.);
#1547=ORIENTED_EDGE('',*,*,#1124,.T.);
#1548=ORIENTED_EDGE('',*,*,#1078,.T.);
#1549=ORIENTED_EDGE('',*,*,#1124,.F.);
#1550=ORIENTED_EDGE('',*,*,#1125,.T.);
#1551=ORIENTED_EDGE('',*,*,#1126,.T.);
#1552=ORIENTED_EDGE('',*,*,#1032,.F.);
#1553=ORIENTED_EDGE('',*,*,#1126,.F.);
#1554=ORIENTED_EDGE('',*,*,#1127,.F.);
#1555=ORIENTED_EDGE('',*,*,#1128,.T.);
#1556=ORIENTED_EDGE('',*,*,#1125,.F.);
#1557=ORIENTED_EDGE('',*,*,#1128,.F.);
#1558=ORIENTED_EDGE('',*,*,#1127,.T.);
#1559=ORIENTED_EDGE('',*,*,#1129,.F.);
#1560=ORIENTED_EDGE('',*,*,#1130,.F.);
#1561=ORIENTED_EDGE('',*,*,#1131,.T.);
#1562=ORIENTED_EDGE('',*,*,#1129,.T.);
#1563=ORIENTED_EDGE('',*,*,#1131,.F.);
#1564=ORIENTED_EDGE('',*,*,#1132,.T.);
#1565=ORIENTED_EDGE('',*,*,#1130,.T.);
#1566=ORIENTED_EDGE('',*,*,#1132,.F.);
#1567=ORIENTED_EDGE('',*,*,#1133,.T.);
#1568=ORIENTED_EDGE('',*,*,#1134,.F.);
#1569=ORIENTED_EDGE('',*,*,#1133,.F.);
#1570=ORIENTED_EDGE('',*,*,#1134,.T.);
#1571=ORIENTED_EDGE('',*,*,#1135,.T.);
#1572=ORIENTED_EDGE('',*,*,#978,.F.);
#1573=ORIENTED_EDGE('',*,*,#1135,.F.);
#1574=ORIENTED_EDGE('',*,*,#1136,.F.);
#1575=ORIENTED_EDGE('',*,*,#1137,.F.);
#1576=ORIENTED_EDGE('',*,*,#952,.F.);
#1577=ORIENTED_EDGE('',*,*,#1138,.T.);
#1578=ORIENTED_EDGE('',*,*,#1138,.F.);
#1579=ORIENTED_EDGE('',*,*,#951,.F.);
#1580=ORIENTED_EDGE('',*,*,#1139,.T.);
#1581=ORIENTED_EDGE('',*,*,#1140,.F.);
#1582=ORIENTED_EDGE('',*,*,#1141,.T.);
#1583=ORIENTED_EDGE('',*,*,#1142,.T.);
#1584=ORIENTED_EDGE('',*,*,#1143,.T.);
#1585=ORIENTED_EDGE('',*,*,#1144,.T.);
#1586=ORIENTED_EDGE('',*,*,#1136,.T.);
#1587=ORIENTED_EDGE('',*,*,#1140,.T.);
#1588=ORIENTED_EDGE('',*,*,#1145,.T.);
#1589=ORIENTED_EDGE('',*,*,#1146,.T.);
#1590=ORIENTED_EDGE('',*,*,#1147,.F.);
#1591=ORIENTED_EDGE('',*,*,#949,.F.);
#1592=ORIENTED_EDGE('',*,*,#1148,.T.);
#1593=ORIENTED_EDGE('',*,*,#1146,.F.);
#1594=ORIENTED_EDGE('',*,*,#948,.T.);
#1595=ORIENTED_EDGE('',*,*,#1149,.T.);
#1596=ORIENTED_EDGE('',*,*,#1141,.F.);
#1597=ORIENTED_EDGE('',*,*,#1148,.F.);
#1598=ORIENTED_EDGE('',*,*,#1149,.F.);
#1599=ORIENTED_EDGE('',*,*,#947,.F.);
#1600=ORIENTED_EDGE('',*,*,#1150,.T.);
#1601=ORIENTED_EDGE('',*,*,#1142,.F.);
#1602=ORIENTED_EDGE('',*,*,#946,.T.);
#1603=ORIENTED_EDGE('',*,*,#1151,.T.);
#1604=ORIENTED_EDGE('',*,*,#1143,.F.);
#1605=ORIENTED_EDGE('',*,*,#1150,.F.);
#1606=ORIENTED_EDGE('',*,*,#1151,.F.);
#1607=ORIENTED_EDGE('',*,*,#945,.F.);
#1608=ORIENTED_EDGE('',*,*,#1137,.T.);
#1609=ORIENTED_EDGE('',*,*,#1144,.F.);
#1610=ORIENTED_EDGE('',*,*,#1145,.F.);
#1611=ORIENTED_EDGE('',*,*,#1139,.F.);
#1612=ORIENTED_EDGE('',*,*,#950,.T.);
#1613=ORIENTED_EDGE('',*,*,#1147,.T.);
#1614=ORIENTED_EDGE('',*,*,#1152,.F.);
#1615=ORIENTED_EDGE('',*,*,#1153,.F.);
#1616=ORIENTED_EDGE('',*,*,#960,.T.);
#1617=ORIENTED_EDGE('',*,*,#1154,.T.);
#1618=ORIENTED_EDGE('',*,*,#1154,.F.);
#1619=ORIENTED_EDGE('',*,*,#959,.F.);
#1620=ORIENTED_EDGE('',*,*,#1155,.T.);
#1621=ORIENTED_EDGE('',*,*,#1156,.F.);
#1622=ORIENTED_EDGE('',*,*,#1157,.T.);
#1623=ORIENTED_EDGE('',*,*,#1158,.T.);
#1624=ORIENTED_EDGE('',*,*,#1159,.T.);
#1625=ORIENTED_EDGE('',*,*,#1160,.T.);
#1626=ORIENTED_EDGE('',*,*,#1161,.T.);
#1627=ORIENTED_EDGE('',*,*,#1162,.T.);
#1628=ORIENTED_EDGE('',*,*,#1152,.T.);
#1629=ORIENTED_EDGE('',*,*,#1156,.T.);
#1630=ORIENTED_EDGE('',*,*,#1163,.F.);
#1631=ORIENTED_EDGE('',*,*,#953,.F.);
#1632=ORIENTED_EDGE('',*,*,#1153,.T.);
#1633=ORIENTED_EDGE('',*,*,#1162,.F.);
#1634=ORIENTED_EDGE('',*,*,#1161,.F.);
#1635=ORIENTED_EDGE('',*,*,#1164,.F.);
#1636=ORIENTED_EDGE('',*,*,#954,.T.);
#1637=ORIENTED_EDGE('',*,*,#1163,.T.);
#1638=ORIENTED_EDGE('',*,*,#1165,.F.);
#1639=ORIENTED_EDGE('',*,*,#955,.F.);
#1640=ORIENTED_EDGE('',*,*,#1164,.T.);
#1641=ORIENTED_EDGE('',*,*,#1160,.F.);
#1642=ORIENTED_EDGE('',*,*,#1159,.F.);
#1643=ORIENTED_EDGE('',*,*,#1166,.F.);
#1644=ORIENTED_EDGE('',*,*,#956,.T.);
#1645=ORIENTED_EDGE('',*,*,#1165,.T.);
#1646=ORIENTED_EDGE('',*,*,#1167,.F.);
#1647=ORIENTED_EDGE('',*,*,#957,.F.);
#1648=ORIENTED_EDGE('',*,*,#1166,.T.);
#1649=ORIENTED_EDGE('',*,*,#1158,.F.);
#1650=ORIENTED_EDGE('',*,*,#958,.F.);
#1651=ORIENTED_EDGE('',*,*,#1167,.T.);
#1652=ORIENTED_EDGE('',*,*,#1157,.F.);
#1653=ORIENTED_EDGE('',*,*,#1155,.F.);
#1654=ORIENTED_EDGE('',*,*,#1168,.F.);
#1655=ORIENTED_EDGE('',*,*,#1169,.F.);
#1656=ORIENTED_EDGE('',*,*,#968,.F.);
#1657=ORIENTED_EDGE('',*,*,#1170,.T.);
#1658=ORIENTED_EDGE('',*,*,#1170,.F.);
#1659=ORIENTED_EDGE('',*,*,#967,.F.);
#1660=ORIENTED_EDGE('',*,*,#1171,.T.);
#1661=ORIENTED_EDGE('',*,*,#1172,.F.);
#1662=ORIENTED_EDGE('',*,*,#1173,.T.);
#1663=ORIENTED_EDGE('',*,*,#1174,.T.);
#1664=ORIENTED_EDGE('',*,*,#1175,.T.);
#1665=ORIENTED_EDGE('',*,*,#1176,.T.);
#1666=ORIENTED_EDGE('',*,*,#1177,.T.);
#1667=ORIENTED_EDGE('',*,*,#1178,.T.);
#1668=ORIENTED_EDGE('',*,*,#1168,.T.);
#1669=ORIENTED_EDGE('',*,*,#1172,.T.);
#1670=ORIENTED_EDGE('',*,*,#1179,.F.);
#1671=ORIENTED_EDGE('',*,*,#961,.F.);
#1672=ORIENTED_EDGE('',*,*,#1169,.T.);
#1673=ORIENTED_EDGE('',*,*,#1178,.F.);
#1674=ORIENTED_EDGE('',*,*,#1177,.F.);
#1675=ORIENTED_EDGE('',*,*,#1180,.F.);
#1676=ORIENTED_EDGE('',*,*,#962,.T.);
#1677=ORIENTED_EDGE('',*,*,#1179,.T.);
#1678=ORIENTED_EDGE('',*,*,#1181,.F.);
#1679=ORIENTED_EDGE('',*,*,#963,.F.);
#1680=ORIENTED_EDGE('',*,*,#1180,.T.);
#1681=ORIENTED_EDGE('',*,*,#1176,.F.);
#1682=ORIENTED_EDGE('',*,*,#964,.T.);
#1683=ORIENTED_EDGE('',*,*,#1181,.T.);
#1684=ORIENTED_EDGE('',*,*,#1175,.F.);
#1685=ORIENTED_EDGE('',*,*,#1182,.F.);
#1686=ORIENTED_EDGE('',*,*,#1183,.F.);
#1687=ORIENTED_EDGE('',*,*,#965,.F.);
#1688=ORIENTED_EDGE('',*,*,#1182,.T.);
#1689=ORIENTED_EDGE('',*,*,#1174,.F.);
#1690=ORIENTED_EDGE('',*,*,#966,.T.);
#1691=ORIENTED_EDGE('',*,*,#1183,.T.);
#1692=ORIENTED_EDGE('',*,*,#1173,.F.);
#1693=ORIENTED_EDGE('',*,*,#1171,.F.);
#1694=ORIENTED_EDGE('',*,*,#1184,.T.);
#1695=ORIENTED_EDGE('',*,*,#1185,.T.);
#1696=ORIENTED_EDGE('',*,*,#969,.F.);
#1697=ORIENTED_EDGE('',*,*,#1185,.F.);
#1698=ORIENTED_EDGE('',*,*,#1186,.T.);
#1699=ORIENTED_EDGE('',*,*,#1187,.T.);
#1700=ORIENTED_EDGE('',*,*,#1188,.T.);
#1701=ORIENTED_EDGE('',*,*,#1186,.F.);
#1702=ORIENTED_EDGE('',*,*,#1184,.F.);
#1703=ORIENTED_EDGE('',*,*,#1188,.F.);
#1704=ORIENTED_EDGE('',*,*,#1189,.T.);
#1705=ORIENTED_EDGE('',*,*,#1187,.F.);
#1706=ORIENTED_EDGE('',*,*,#1189,.F.);
#1707=ORIENTED_EDGE('',*,*,#1190,.T.);
#1708=ORIENTED_EDGE('',*,*,#1191,.T.);
#1709=ORIENTED_EDGE('',*,*,#970,.F.);
#1710=ORIENTED_EDGE('',*,*,#1191,.F.);
#1711=ORIENTED_EDGE('',*,*,#1192,.T.);
#1712=ORIENTED_EDGE('',*,*,#1193,.F.);
#1713=ORIENTED_EDGE('',*,*,#1194,.T.);
#1714=ORIENTED_EDGE('',*,*,#1192,.F.);
#1715=ORIENTED_EDGE('',*,*,#1190,.F.);
#1716=ORIENTED_EDGE('',*,*,#1194,.F.);
#1717=ORIENTED_EDGE('',*,*,#1195,.T.);
#1718=ORIENTED_EDGE('',*,*,#1193,.T.);
#1719=ORIENTED_EDGE('',*,*,#1195,.F.);
#1720=ORIENTED_EDGE('',*,*,#1196,.T.);
#1721=ORIENTED_EDGE('',*,*,#1197,.T.);
#1722=ORIENTED_EDGE('',*,*,#1198,.T.);
#1723=ORIENTED_EDGE('',*,*,#971,.F.);
#1724=ORIENTED_EDGE('',*,*,#1198,.F.);
#1725=ORIENTED_EDGE('',*,*,#1199,.F.);
#1726=ORIENTED_EDGE('',*,*,#1200,.T.);
#1727=ORIENTED_EDGE('',*,*,#1196,.F.);
#1728=ORIENTED_EDGE('',*,*,#1197,.F.);
#1729=ORIENTED_EDGE('',*,*,#1200,.F.);
#1730=ORIENTED_EDGE('',*,*,#1201,.T.);
#1731=ORIENTED_EDGE('',*,*,#1199,.T.);
#1732=ORIENTED_EDGE('',*,*,#1201,.F.);
#1733=ORIENTED_EDGE('',*,*,#1202,.T.);
#1734=ORIENTED_EDGE('',*,*,#1203,.T.);
#1735=ORIENTED_EDGE('',*,*,#1204,.T.);
#1736=ORIENTED_EDGE('',*,*,#972,.F.);
#1737=ORIENTED_EDGE('',*,*,#1204,.F.);
#1738=ORIENTED_EDGE('',*,*,#1205,.F.);
#1739=ORIENTED_EDGE('',*,*,#1206,.T.);
#1740=ORIENTED_EDGE('',*,*,#1202,.F.);
#1741=ORIENTED_EDGE('',*,*,#1203,.F.);
#1742=ORIENTED_EDGE('',*,*,#1206,.F.);
#1743=ORIENTED_EDGE('',*,*,#1207,.T.);
#1744=ORIENTED_EDGE('',*,*,#1205,.T.);
#1745=ORIENTED_EDGE('',*,*,#1207,.F.);
#1746=ORIENTED_EDGE('',*,*,#1208,.T.);
#1747=ORIENTED_EDGE('',*,*,#1209,.T.);
#1748=ORIENTED_EDGE('',*,*,#1210,.T.);
#1749=ORIENTED_EDGE('',*,*,#973,.F.);
#1750=ORIENTED_EDGE('',*,*,#1210,.F.);
#1751=ORIENTED_EDGE('',*,*,#1211,.T.);
#1752=ORIENTED_EDGE('',*,*,#1212,.T.);
#1753=ORIENTED_EDGE('',*,*,#1208,.F.);
#1754=ORIENTED_EDGE('',*,*,#1209,.F.);
#1755=ORIENTED_EDGE('',*,*,#1212,.F.);
#1756=ORIENTED_EDGE('',*,*,#1213,.T.);
#1757=ORIENTED_EDGE('',*,*,#1211,.F.);
#1758=ORIENTED_EDGE('',*,*,#1213,.F.);
#1759=ORIENTED_EDGE('',*,*,#1214,.T.);
#1760=ORIENTED_EDGE('',*,*,#1215,.T.);
#1761=ORIENTED_EDGE('',*,*,#974,.F.);
#1762=ORIENTED_EDGE('',*,*,#1215,.F.);
#1763=ORIENTED_EDGE('',*,*,#1216,.T.);
#1764=ORIENTED_EDGE('',*,*,#1217,.T.);
#1765=ORIENTED_EDGE('',*,*,#1218,.T.);
#1766=ORIENTED_EDGE('',*,*,#1216,.F.);
#1767=ORIENTED_EDGE('',*,*,#1214,.F.);
#1768=ORIENTED_EDGE('',*,*,#1218,.F.);
#1769=ORIENTED_EDGE('',*,*,#1219,.T.);
#1770=ORIENTED_EDGE('',*,*,#1217,.F.);
#1771=ORIENTED_EDGE('',*,*,#1219,.F.);
#1772=PLANE('',#1920);
#1773=PLANE('',#1952);
#1774=PLANE('',#1962);
#1775=PLANE('',#1972);
#1776=PLANE('',#2005);
#1777=PLANE('',#2009);
#1778=PLANE('',#2012);
#1779=PLANE('',#2015);
#1780=PLANE('',#2028);
#1781=PLANE('',#2035);
#1782=PLANE('',#2051);
#1783=PLANE('',#2074);
#1784=PLANE('',#2099);
#1785=PLANE('',#2103);
#1786=PLANE('',#2112);
#1787=PLANE('',#2120);
#1788=PLANE('',#2122);
#1789=PLANE('',#2123);
#1790=PLANE('',#2126);
#1791=PLANE('',#2135);
#1792=PLANE('',#2142);
#1793=PLANE('',#2148);
#1794=PLANE('',#2152);
#1795=ADVANCED_FACE('',(#353,#115,#116,#117,#118,#119,#120,#121,#122,#123,
#124,#125,#126,#127),#1772,.F.);
#1796=ADVANCED_FACE('',(#354),#56,.T.);
#1797=ADVANCED_FACE('',(#355,#128),#1773,.T.);
#1798=ADVANCED_FACE('',(#356),#57,.T.);
#1799=ADVANCED_FACE('',(#357),#1774,.T.);
#1800=ADVANCED_FACE('',(#358),#58,.F.);
#1801=ADVANCED_FACE('',(#359,#129,#130,#131,#132),#1775,.T.);
#1802=ADVANCED_FACE('',(#360),#15,.F.);
#1803=ADVANCED_FACE('',(#361),#59,.F.);
#1804=ADVANCED_FACE('',(#362,#133),#1776,.T.);
#1805=ADVANCED_FACE('',(#363),#60,.F.);
#1806=ADVANCED_FACE('',(#364,#134),#1777,.T.);
#1807=ADVANCED_FACE('',(#365,#135),#1778,.T.);
#1808=ADVANCED_FACE('',(#366,#136),#1779,.T.);
#1809=ADVANCED_FACE('',(#367),#61,.F.);
#1810=ADVANCED_FACE('',(#368),#16,.F.);
#1811=ADVANCED_FACE('',(#369),#62,.F.);
#1812=ADVANCED_FACE('',(#370),#17,.F.);
#1813=ADVANCED_FACE('',(#371),#63,.F.);
#1814=ADVANCED_FACE('',(#372),#18,.F.);
#1815=ADVANCED_FACE('',(#373),#64,.F.);
#1816=ADVANCED_FACE('',(#374,#137),#1780,.T.);
#1817=ADVANCED_FACE('',(#375),#65,.F.);
#1818=ADVANCED_FACE('',(#376),#19,.F.);
#1819=ADVANCED_FACE('',(#377),#66,.F.);
#1820=ADVANCED_FACE('',(#378,#138),#1781,.T.);
#1821=ADVANCED_FACE('',(#379),#67,.F.);
#1822=ADVANCED_FACE('',(#380),#20,.F.);
#1823=ADVANCED_FACE('',(#381),#68,.T.);
#1824=ADVANCED_FACE('',(#382),#69,.T.);
#1825=ADVANCED_FACE('',(#383),#21,.F.);
#1826=ADVANCED_FACE('',(#384),#70,.F.);
#1827=ADVANCED_FACE('',(#385),#1782,.T.);
#1828=ADVANCED_FACE('',(#386),#71,.F.);
#1829=ADVANCED_FACE('',(#387),#22,.T.);
#1830=ADVANCED_FACE('',(#388),#23,.T.);
#1831=ADVANCED_FACE('',(#389),#24,.T.);
#1832=ADVANCED_FACE('',(#390),#72,.F.);
#1833=ADVANCED_FACE('',(#391),#73,.T.);
#1834=ADVANCED_FACE('',(#392),#74,.T.);
#1835=ADVANCED_FACE('',(#393),#75,.T.);
#1836=ADVANCED_FACE('',(#394),#25,.F.);
#1837=ADVANCED_FACE('',(#395),#76,.F.);
#1838=ADVANCED_FACE('',(#396),#1783,.T.);
#1839=ADVANCED_FACE('',(#397),#26,.F.);
#1840=ADVANCED_FACE('',(#398),#77,.T.);
#1841=ADVANCED_FACE('',(#399),#78,.F.);
#1842=ADVANCED_FACE('',(#400),#79,.F.);
#1843=ADVANCED_FACE('',(#401),#80,.T.);
#1844=ADVANCED_FACE('',(#402),#81,.T.);
#1845=ADVANCED_FACE('',(#403),#82,.T.);
#1846=ADVANCED_FACE('',(#404),#27,.F.);
#1847=ADVANCED_FACE('',(#405),#83,.F.);
#1848=ADVANCED_FACE('',(#406),#28,.F.);
#1849=ADVANCED_FACE('',(#407),#84,.T.);
#1850=ADVANCED_FACE('',(#408),#85,.F.);
#1851=ADVANCED_FACE('',(#409),#86,.T.);
#1852=ADVANCED_FACE('',(#410),#87,.T.);
#1853=ADVANCED_FACE('',(#411),#29,.F.);
#1854=ADVANCED_FACE('',(#412),#30,.F.);
#1855=ADVANCED_FACE('',(#413),#88,.F.);
#1856=ADVANCED_FACE('',(#414,#139),#1784,.T.);
#1857=ADVANCED_FACE('',(#415),#89,.F.);
#1858=ADVANCED_FACE('',(#416,#140),#1785,.T.);
#1859=ADVANCED_FACE('',(#417),#90,.F.);
#1860=ADVANCED_FACE('',(#418),#31,.F.);
#1861=ADVANCED_FACE('',(#419),#91,.T.);
#1862=ADVANCED_FACE('',(#420),#92,.F.);
#1863=ADVANCED_FACE('',(#421),#1786,.T.);
#1864=ADVANCED_FACE('',(#422),#93,.F.);
#1865=ADVANCED_FACE('',(#423),#94,.F.);
#1866=ADVANCED_FACE('',(#424),#95,.F.);
#1867=ADVANCED_FACE('',(#425),#1787,.F.);
#1868=ADVANCED_FACE('',(#426),#96,.F.);
#1869=ADVANCED_FACE('',(#427),#1788,.F.);
#1870=ADVANCED_FACE('',(#428),#1789,.F.);
#1871=ADVANCED_FACE('',(#429),#97,.F.);
#1872=ADVANCED_FACE('',(#430),#1790,.T.);
#1873=ADVANCED_FACE('',(#431),#98,.F.);
#1874=ADVANCED_FACE('',(#432),#99,.F.);
#1875=ADVANCED_FACE('',(#433),#100,.F.);
#1876=ADVANCED_FACE('',(#434),#1791,.F.);
#1877=ADVANCED_FACE('',(#435),#101,.F.);
#1878=ADVANCED_FACE('',(#436),#102,.T.);
#1879=ADVANCED_FACE('',(#437),#103,.T.);
#1880=ADVANCED_FACE('',(#438),#104,.F.);
#1881=ADVANCED_FACE('',(#439),#1792,.T.);
#1882=ADVANCED_FACE('',(#440),#105,.F.);
#1883=ADVANCED_FACE('',(#441),#1793,.F.);
#1884=ADVANCED_FACE('',(#442),#106,.F.);
#1885=ADVANCED_FACE('',(#443),#107,.F.);
#1886=ADVANCED_FACE('',(#444),#108,.F.);
#1887=ADVANCED_FACE('',(#445),#1794,.F.);
#1888=ADVANCED_FACE('',(#446),#32,.F.);
#1889=ADVANCED_FACE('',(#447),#109,.F.);
#1890=ADVANCED_FACE('',(#448),#33,.F.);
#1891=ADVANCED_FACE('',(#449),#34,.F.);
#1892=ADVANCED_FACE('',(#450),#110,.F.);
#1893=ADVANCED_FACE('',(#451),#35,.F.);
#1894=ADVANCED_FACE('',(#452),#36,.F.);
#1895=ADVANCED_FACE('',(#453),#111,.F.);
#1896=ADVANCED_FACE('',(#454),#37,.F.);
#1897=ADVANCED_FACE('',(#455),#38,.F.);
#1898=ADVANCED_FACE('',(#456),#112,.F.);
#1899=ADVANCED_FACE('',(#457),#39,.F.);
#1900=ADVANCED_FACE('',(#458),#40,.F.);
#1901=ADVANCED_FACE('',(#459),#113,.F.);
#1902=ADVANCED_FACE('',(#460),#41,.F.);
#1903=ADVANCED_FACE('',(#461),#42,.F.);
#1904=ADVANCED_FACE('',(#462),#114,.F.);
#1905=ADVANCED_FACE('',(#463),#43,.F.);
#1906=CLOSED_SHELL('',(#1795,#1796,#1797,#1798,#1799,#1800,#1801,#1802,
#1803,#1804,#1805,#1806,#1807,#1808,#1809,#1810,#1811,#1812,#1813,#1814,
#1815,#1816,#1817,#1818,#1819,#1820,#1821,#1822,#1823,#1824,#1825,#1826,
#1827,#1828,#1829,#1830,#1831,#1832,#1833,#1834,#1835,#1836,#1837,#1838,
#1839,#1840,#1841,#1842,#1843,#1844,#1845,#1846,#1847,#1848,#1849,#1850,
#1851,#1852,#1853,#1854,#1855,#1856,#1857,#1858,#1859,#1860,#1861,#1862,
#1863,#1864,#1865,#1866,#1867,#1868,#1869,#1870,#1871,#1872,#1873,#1874,
#1875,#1876,#1877,#1878,#1879,#1880,#1881,#1882,#1883,#1884,#1885,#1886,
#1887,#1888,#1889,#1890,#1891,#1892,#1893,#1894,#1895,#1896,#1897,#1898,
#1899,#1900,#1901,#1902,#1903,#1904,#1905));
#1907=DERIVED_UNIT_ELEMENT(#1909,1.);
#1908=DERIVED_UNIT_ELEMENT(#3515,-3.);
#1909=(
MASS_UNIT()
NAMED_UNIT(*)
SI_UNIT(.KILO.,.GRAM.)
);
#1910=DERIVED_UNIT((#1907,#1908));
#1911=MEASURE_REPRESENTATION_ITEM('density measure',
POSITIVE_RATIO_MEASURE(7850.),#1910);
#1912=PROPERTY_DEFINITION_REPRESENTATION(#1917,#1914);
#1913=PROPERTY_DEFINITION_REPRESENTATION(#1918,#1915);
#1914=REPRESENTATION('material name',(#1916),#3512);
#1915=REPRESENTATION('density',(#1911),#3512);
#1916=DESCRIPTIVE_REPRESENTATION_ITEM('Steel','Steel');
#1917=PROPERTY_DEFINITION('material property','material name',#3522);
#1918=PROPERTY_DEFINITION('material property','density of part',#3522);
#1919=AXIS2_PLACEMENT_3D('',#2835,#2189,#2190);
#1920=AXIS2_PLACEMENT_3D('',#2836,#2191,#2192);
#1921=AXIS2_PLACEMENT_3D('',#2838,#2193,#2194);
#1922=AXIS2_PLACEMENT_3D('',#2841,#2195,#2196);
#1923=AXIS2_PLACEMENT_3D('',#2845,#2198,#2199);
#1924=AXIS2_PLACEMENT_3D('',#2847,#2200,#2201);
#1925=AXIS2_PLACEMENT_3D('',#2849,#2202,#2203);
#1926=AXIS2_PLACEMENT_3D('',#2853,#2205,#2206);
#1927=AXIS2_PLACEMENT_3D('',#2854,#2207,#2208);
#1928=AXIS2_PLACEMENT_3D('',#2857,#2209,#2210);
#1929=AXIS2_PLACEMENT_3D('',#2859,#2211,#2212);
#1930=AXIS2_PLACEMENT_3D('',#2861,#2213,#2214);
#1931=AXIS2_PLACEMENT_3D('',#2865,#2216,#2217);
#1932=AXIS2_PLACEMENT_3D('',#2867,#2218,#2219);
#1933=AXIS2_PLACEMENT_3D('',#2869,#2220,#2221);
#1934=AXIS2_PLACEMENT_3D('',#2873,#2223,#2224);
#1935=AXIS2_PLACEMENT_3D('',#2877,#2226,#2227);
#1936=AXIS2_PLACEMENT_3D('',#2879,#2228,#2229);
#1937=AXIS2_PLACEMENT_3D('',#2881,#2230,#2231);
#1938=AXIS2_PLACEMENT_3D('',#2885,#2233,#2234);
#1939=AXIS2_PLACEMENT_3D('',#2886,#2235,#2236);
#1940=AXIS2_PLACEMENT_3D('',#2888,#2237,#2238);
#1941=AXIS2_PLACEMENT_3D('',#2890,#2239,#2240);
#1942=AXIS2_PLACEMENT_3D('',#2892,#2241,#2242);
#1943=AXIS2_PLACEMENT_3D('',#2894,#2243,#2244);
#1944=AXIS2_PLACEMENT_3D('',#2896,#2245,#2246);
#1945=AXIS2_PLACEMENT_3D('',#2898,#2247,#2248);
#1946=AXIS2_PLACEMENT_3D('',#2900,#2249,#2250);
#1947=AXIS2_PLACEMENT_3D('',#2902,#2251,#2252);
#1948=AXIS2_PLACEMENT_3D('',#2904,#2253,#2254);
#1949=AXIS2_PLACEMENT_3D('',#2906,#2255,#2256);
#1950=AXIS2_PLACEMENT_3D('',#2907,#2257,#2258);
#1951=AXIS2_PLACEMENT_3D('',#2909,#2259,#2260);
#1952=AXIS2_PLACEMENT_3D('',#2911,#2262,#2263);
#1953=AXIS2_PLACEMENT_3D('',#2913,#2264,#2265);
#1954=AXIS2_PLACEMENT_3D('',#2914,#2266,#2267);
#1955=AXIS2_PLACEMENT_3D('',#2917,#2268,#2269);
#1956=AXIS2_PLACEMENT_3D('',#2921,#2271,#2272);
#1957=AXIS2_PLACEMENT_3D('',#2925,#2274,#2275);
#1958=AXIS2_PLACEMENT_3D('',#2928,#2277,#2278);
#1959=AXIS2_PLACEMENT_3D('',#2932,#2280,#2281);
#1960=AXIS2_PLACEMENT_3D('',#2936,#2283,#2284);
#1961=AXIS2_PLACEMENT_3D('',#2940,#2286,#2287);
#1962=AXIS2_PLACEMENT_3D('',#2942,#2289,#2290);
#1963=AXIS2_PLACEMENT_3D('',#2944,#2291,#2292);
#1964=AXIS2_PLACEMENT_3D('',#2946,#2293,#2294);
#1965=AXIS2_PLACEMENT_3D('',#2948,#2295,#2296);
#1966=AXIS2_PLACEMENT_3D('',#2950,#2297,#2298);
#1967=AXIS2_PLACEMENT_3D('',#2952,#2299,#2300);
#1968=AXIS2_PLACEMENT_3D('',#2954,#2301,#2302);
#1969=AXIS2_PLACEMENT_3D('',#2955,#2303,#2304);
#1970=AXIS2_PLACEMENT_3D('',#2956,#2305,#2306);
#1971=AXIS2_PLACEMENT_3D('',#2960,#2308,#2309);
#1972=AXIS2_PLACEMENT_3D('',#2977,#2310,#2311);
#1973=AXIS2_PLACEMENT_3D('',#2980,#2312,#2313);
#1974=AXIS2_PLACEMENT_3D('',#2982,#2314,#2315);
#1975=AXIS2_PLACEMENT_3D('',#2984,#2316,#2317);
#1976=AXIS2_PLACEMENT_3D('',#2986,#2318,#2319);
#1977=AXIS2_PLACEMENT_3D('',#2987,#2320,#2321);
#1978=AXIS2_PLACEMENT_3D('',#2989,#2322,#2323);
#1979=AXIS2_PLACEMENT_3D('',#2991,#2324,#2325);
#1980=AXIS2_PLACEMENT_3D('',#2993,#2326,#2327);
#1981=AXIS2_PLACEMENT_3D('',#2995,#2328,#2329);
#1982=AXIS2_PLACEMENT_3D('',#2997,#2330,#2331);
#1983=AXIS2_PLACEMENT_3D('',#2999,#2332,#2333);
#1984=AXIS2_PLACEMENT_3D('',#3001,#2334,#2335);
#1985=AXIS2_PLACEMENT_3D('',#3003,#2336,#2337);
#1986=AXIS2_PLACEMENT_3D('',#3005,#2338,#2339);
#1987=AXIS2_PLACEMENT_3D('',#3007,#2340,#2341);
#1988=AXIS2_PLACEMENT_3D('',#3009,#2342,#2343);
#1989=AXIS2_PLACEMENT_3D('',#3011,#2344,#2345);
#1990=AXIS2_PLACEMENT_3D('',#3013,#2346,#2347);
#1991=AXIS2_PLACEMENT_3D('',#3015,#2348,#2349);
#1992=AXIS2_PLACEMENT_3D('',#3017,#2350,#2351);
#1993=AXIS2_PLACEMENT_3D('',#3019,#2352,#2353);
#1994=AXIS2_PLACEMENT_3D('',#3021,#2354,#2355);
#1995=AXIS2_PLACEMENT_3D('',#3022,#2356,#2357);
#1996=AXIS2_PLACEMENT_3D('',#3024,#2358,#2359);
#1997=AXIS2_PLACEMENT_3D('',#3026,#2360,#2361);
#1998=AXIS2_PLACEMENT_3D('',#3028,#2362,#2363);
#1999=AXIS2_PLACEMENT_3D('',#3030,#2364,#2365);
#2000=AXIS2_PLACEMENT_3D('',#3031,#2366,#2367);
#2001=AXIS2_PLACEMENT_3D('',#3034,#2368,#2369);
#2002=AXIS2_PLACEMENT_3D('',#3036,#2371,#2372);
#2003=AXIS2_PLACEMENT_3D('',#3037,#2373,#2374);
#2004=AXIS2_PLACEMENT_3D('',#3039,#2375,#2376);
#2005=AXIS2_PLACEMENT_3D('',#3041,#2378,#2379);
#2006=AXIS2_PLACEMENT_3D('',#3043,#2380,#2381);
#2007=AXIS2_PLACEMENT_3D('',#3044,#2382,#2383);
#2008=AXIS2_PLACEMENT_3D('',#3046,#2384,#2385);
#2009=AXIS2_PLACEMENT_3D('',#3048,#2387,#2388);
#2010=AXIS2_PLACEMENT_3D('',#3050,#2389,#2390);
#2011=AXIS2_PLACEMENT_3D('',#3052,#2391,#2392);
#2012=AXIS2_PLACEMENT_3D('',#3053,#2393,#2394);
#2013=AXIS2_PLACEMENT_3D('',#3055,#2395,#2396);
#2014=AXIS2_PLACEMENT_3D('',#3057,#2397,#2398);
#2015=AXIS2_PLACEMENT_3D('',#3058,#2399,#2400);
#2016=AXIS2_PLACEMENT_3D('',#3060,#2401,#2402);
#2017=AXIS2_PLACEMENT_3D('',#3061,#2403,#2404);
#2018=AXIS2_PLACEMENT_3D('',#3064,#2406,#2407);
#2019=AXIS2_PLACEMENT_3D('',#3065,#2408,#2409);
#2020=AXIS2_PLACEMENT_3D('',#3067,#2411,#2412);
#2021=AXIS2_PLACEMENT_3D('',#3070,#2414,#2415);
#2022=AXIS2_PLACEMENT_3D('',#3071,#2416,#2417);
#2023=AXIS2_PLACEMENT_3D('',#3073,#2419,#2420);
#2024=AXIS2_PLACEMENT_3D('',#3076,#2422,#2423);
#2025=AXIS2_PLACEMENT_3D('',#3077,#2424,#2425);
#2026=AXIS2_PLACEMENT_3D('',#3079,#2427,#2428);
#2027=AXIS2_PLACEMENT_3D('',#3082,#2430,#2431);
#2028=AXIS2_PLACEMENT_3D('',#3083,#2432,#2433);
#2029=AXIS2_PLACEMENT_3D('',#3085,#2434,#2435);
#2030=AXIS2_PLACEMENT_3D('',#3086,#2436,#2437);
#2031=AXIS2_PLACEMENT_3D('',#3089,#2439,#2440);
#2032=AXIS2_PLACEMENT_3D('',#3090,#2441,#2442);
#2033=AXIS2_PLACEMENT_3D('',#3092,#2444,#2445);
#2034=AXIS2_PLACEMENT_3D('',#3095,#2447,#2448);
#2035=AXIS2_PLACEMENT_3D('',#3096,#2449,#2450);
#2036=AXIS2_PLACEMENT_3D('',#3098,#2451,#2452);
#2037=AXIS2_PLACEMENT_3D('',#3099,#2453,#2454);
#2038=AXIS2_PLACEMENT_3D('',#3103,#2456,#2457);
#2039=AXIS2_PLACEMENT_3D('',#3104,#2458,#2459);
#2040=AXIS2_PLACEMENT_3D('',#3105,#2460,#2461);
#2041=AXIS2_PLACEMENT_3D('',#3107,#2463,#2464);
#2042=AXIS2_PLACEMENT_3D('',#3111,#2466,#2467);
#2043=AXIS2_PLACEMENT_3D('',#3120,#2469,#2470);
#2044=AXIS2_PLACEMENT_3D('',#3131,#2472,#2473);
#2045=AXIS2_PLACEMENT_3D('',#3133,#2475,#2476);
#2046=AXIS2_PLACEMENT_3D('',#3135,#2477,#2478);
#2047=AXIS2_PLACEMENT_3D('',#3136,#2479,#2480);
#2048=AXIS2_PLACEMENT_3D('',#3137,#2481,#2482);
#2049=AXIS2_PLACEMENT_3D('',#3139,#2483,#2484);
#2050=AXIS2_PLACEMENT_3D('',#3141,#2486,#2487);
#2051=AXIS2_PLACEMENT_3D('',#3142,#2488,#2489);
#2052=AXIS2_PLACEMENT_3D('',#3144,#2490,#2491);
#2053=AXIS2_PLACEMENT_3D('',#3145,#2492,#2493);
#2054=AXIS2_PLACEMENT_3D('',#3147,#2494,#2495);
#2055=AXIS2_PLACEMENT_3D('',#3148,#2496,#2497);
#2056=AXIS2_PLACEMENT_3D('',#3149,#2498,#2499);
#2057=AXIS2_PLACEMENT_3D('',#3161,#2501,#2502);
#2058=AXIS2_PLACEMENT_3D('',#3188,#2503,#2504);
#2059=AXIS2_PLACEMENT_3D('',#3215,#2505,#2506);
#2060=AXIS2_PLACEMENT_3D('',#3216,#2507,#2508);
#2061=AXIS2_PLACEMENT_3D('',#3218,#2509,#2510);
#2062=AXIS2_PLACEMENT_3D('',#3220,#2512,#2513);
#2063=AXIS2_PLACEMENT_3D('',#3222,#2514,#2515);
#2064=AXIS2_PLACEMENT_3D('',#3224,#2517,#2518);
#2065=AXIS2_PLACEMENT_3D('',#3226,#2519,#2520);
#2066=AXIS2_PLACEMENT_3D('',#3235,#2522,#2523);
#2067=AXIS2_PLACEMENT_3D('',#3246,#2525,#2526);
#2068=AXIS2_PLACEMENT_3D('',#3248,#2528,#2529);
#2069=AXIS2_PLACEMENT_3D('',#3250,#2530,#2531);
#2070=AXIS2_PLACEMENT_3D('',#3251,#2532,#2533);
#2071=AXIS2_PLACEMENT_3D('',#3252,#2534,#2535);
#2072=AXIS2_PLACEMENT_3D('',#3254,#2536,#2537);
#2073=AXIS2_PLACEMENT_3D('',#3256,#2539,#2540);
#2074=AXIS2_PLACEMENT_3D('',#3257,#2541,#2542);
#2075=AXIS2_PLACEMENT_3D('',#3259,#2543,#2544);
#2076=AXIS2_PLACEMENT_3D('',#3260,#2545,#2546);
#2077=AXIS2_PLACEMENT_3D('',#3261,#2547,#2548);
#2078=AXIS2_PLACEMENT_3D('',#3264,#2550,#2551);
#2079=AXIS2_PLACEMENT_3D('',#3266,#2553,#2554);
#2080=AXIS2_PLACEMENT_3D('',#3267,#2555,#2556);
#2081=AXIS2_PLACEMENT_3D('',#3269,#2558,#2559);
#2082=AXIS2_PLACEMENT_3D('',#3271,#2561,#2562);
#2083=AXIS2_PLACEMENT_3D('',#3281,#2565,#2566);
#2084=AXIS2_PLACEMENT_3D('',#3290,#2568,#2569);
#2085=AXIS2_PLACEMENT_3D('',#3292,#2570,#2571);
#2086=AXIS2_PLACEMENT_3D('',#3293,#2572,#2573);
#2087=AXIS2_PLACEMENT_3D('',#3294,#2574,#2575);
#2088=AXIS2_PLACEMENT_3D('',#3296,#2576,#2577);
#2089=AXIS2_PLACEMENT_3D('',#3298,#2579,#2580);
#2090=AXIS2_PLACEMENT_3D('',#3301,#2582,#2583);
#2091=AXIS2_PLACEMENT_3D('',#3302,#2584,#2585);
#2092=AXIS2_PLACEMENT_3D('',#3304,#2587,#2588);
#2093=AXIS2_PLACEMENT_3D('',#3305,#2589,#2590);
#2094=AXIS2_PLACEMENT_3D('',#3306,#2591,#2592);
#2095=AXIS2_PLACEMENT_3D('',#3309,#2594,#2595);
#2096=AXIS2_PLACEMENT_3D('',#3311,#2596,#2597);
#2097=AXIS2_PLACEMENT_3D('',#3313,#2599,#2600);
#2098=AXIS2_PLACEMENT_3D('',#3315,#2601,#2602);
#2099=AXIS2_PLACEMENT_3D('',#3317,#2604,#2605);
#2100=AXIS2_PLACEMENT_3D('',#3319,#2606,#2607);
#2101=AXIS2_PLACEMENT_3D('',#3320,#2608,#2609);
#2102=AXIS2_PLACEMENT_3D('',#3322,#2610,#2611);
#2103=AXIS2_PLACEMENT_3D('',#3324,#2613,#2614);
#2104=AXIS2_PLACEMENT_3D('',#3326,#2615,#2616);
#2105=AXIS2_PLACEMENT_3D('',#3327,#2617,#2618);
#2106=AXIS2_PLACEMENT_3D('',#3330,#2620,#2621);
#2107=AXIS2_PLACEMENT_3D('',#3331,#2622,#2623);
#2108=AXIS2_PLACEMENT_3D('',#3333,#2625,#2626);
#2109=AXIS2_PLACEMENT_3D('',#3336,#2627,#2628);
#2110=AXIS2_PLACEMENT_3D('',#3339,#2631,#2632);
#2111=AXIS2_PLACEMENT_3D('',#3342,#2634,#2635);
#2112=AXIS2_PLACEMENT_3D('',#3343,#2636,#2637);
#2113=AXIS2_PLACEMENT_3D('',#3346,#2638,#2639);
#2114=AXIS2_PLACEMENT_3D('',#3348,#2640,#2641);
#2115=AXIS2_PLACEMENT_3D('',#3351,#2643,#2644);
#2116=AXIS2_PLACEMENT_3D('',#3354,#2646,#2647);
#2117=AXIS2_PLACEMENT_3D('',#3355,#2648,#2649);
#2118=AXIS2_PLACEMENT_3D('',#3358,#2652,#2653);
#2119=AXIS2_PLACEMENT_3D('',#3360,#2655,#2656);
#2120=AXIS2_PLACEMENT_3D('',#3362,#2658,#2659);
#2121=AXIS2_PLACEMENT_3D('',#3364,#2661,#2662);
#2122=AXIS2_PLACEMENT_3D('',#3365,#2663,#2664);
#2123=AXIS2_PLACEMENT_3D('',#3366,#2665,#2666);
#2124=AXIS2_PLACEMENT_3D('',#3372,#2670,#2671);
#2125=AXIS2_PLACEMENT_3D('',#3375,#2673,#2674);
#2126=AXIS2_PLACEMENT_3D('',#3376,#2675,#2676);
#2127=AXIS2_PLACEMENT_3D('',#3378,#2677,#2678);
#2128=AXIS2_PLACEMENT_3D('',#3380,#2679,#2680);
#2129=AXIS2_PLACEMENT_3D('',#3384,#2682,#2683);
#2130=AXIS2_PLACEMENT_3D('',#3386,#2684,#2685);
#2131=AXIS2_PLACEMENT_3D('',#3387,#2686,#2687);
#2132=AXIS2_PLACEMENT_3D('',#3388,#2688,#2689);
#2133=AXIS2_PLACEMENT_3D('',#3390,#2691,#2692);
#2134=AXIS2_PLACEMENT_3D('',#3392,#2694,#2695);
#2135=AXIS2_PLACEMENT_3D('',#3394,#2697,#2698);
#2136=AXIS2_PLACEMENT_3D('',#3396,#2700,#2701);
#2137=AXIS2_PLACEMENT_3D('',#3398,#2703,#2704);
#2138=AXIS2_PLACEMENT_3D('',#3399,#2705,#2706);
#2139=AXIS2_PLACEMENT_3D('',#3402,#2707,#2708);
#2140=AXIS2_PLACEMENT_3D('',#3405,#2711,#2712);
#2141=AXIS2_PLACEMENT_3D('',#3408,#2714,#2715);
#2142=AXIS2_PLACEMENT_3D('',#3409,#2716,#2717);
#2143=AXIS2_PLACEMENT_3D('',#3413,#2719,#2720);
#2144=AXIS2_PLACEMENT_3D('',#3415,#2721,#2722);
#2145=AXIS2_PLACEMENT_3D('',#3417,#2723,#2724);
#2146=AXIS2_PLACEMENT_3D('',#3420,#2726,#2727);
#2147=AXIS2_PLACEMENT_3D('',#3421,#2728,#2729);
#2148=AXIS2_PLACEMENT_3D('',#3423,#2731,#2732);
#2149=AXIS2_PLACEMENT_3D('',#3425,#2734,#2735);
#2150=AXIS2_PLACEMENT_3D('',#3427,#2737,#2738);
#2151=AXIS2_PLACEMENT_3D('',#3429,#2740,#2741);
#2152=AXIS2_PLACEMENT_3D('',#3431,#2743,#2744);
#2153=AXIS2_PLACEMENT_3D('',#3432,#2745,#2746);
#2154=AXIS2_PLACEMENT_3D('',#3435,#2747,#2748);
#2155=AXIS2_PLACEMENT_3D('',#3437,#2750,#2751);
#2156=AXIS2_PLACEMENT_3D('',#3438,#2752,#2753);
#2157=AXIS2_PLACEMENT_3D('',#3440,#2754,#2755);
#2158=AXIS2_PLACEMENT_3D('',#3442,#2757,#2758);
#2159=AXIS2_PLACEMENT_3D('',#3445,#2760,#2761);
#2160=AXIS2_PLACEMENT_3D('',#3448,#2762,#2763);
#2161=AXIS2_PLACEMENT_3D('',#3450,#2765,#2766);
#2162=AXIS2_PLACEMENT_3D('',#3451,#2767,#2768);
#2163=AXIS2_PLACEMENT_3D('',#3453,#2769,#2770);
#2164=AXIS2_PLACEMENT_3D('',#3455,#2772,#2773);
#2165=AXIS2_PLACEMENT_3D('',#3458,#2775,#2776);
#2166=AXIS2_PLACEMENT_3D('',#3461,#2777,#2778);
#2167=AXIS2_PLACEMENT_3D('',#3462,#2779,#2780);
#2168=AXIS2_PLACEMENT_3D('',#3464,#2782,#2783);
#2169=AXIS2_PLACEMENT_3D('',#3466,#2784,#2785);
#2170=AXIS2_PLACEMENT_3D('',#3468,#2787,#2788);
#2171=AXIS2_PLACEMENT_3D('',#3471,#2790,#2791);
#2172=AXIS2_PLACEMENT_3D('',#3474,#2792,#2793);
#2173=AXIS2_PLACEMENT_3D('',#3475,#2794,#2795);
#2174=AXIS2_PLACEMENT_3D('',#3477,#2797,#2798);
#2175=AXIS2_PLACEMENT_3D('',#3479,#2799,#2800);
#2176=AXIS2_PLACEMENT_3D('',#3481,#2802,#2803);
#2177=AXIS2_PLACEMENT_3D('',#3484,#2805,#2806);
#2178=AXIS2_PLACEMENT_3D('',#3487,#2807,#2808);
#2179=AXIS2_PLACEMENT_3D('',#3488,#2809,#2810);
#2180=AXIS2_PLACEMENT_3D('',#3490,#2812,#2813);
#2181=AXIS2_PLACEMENT_3D('',#3492,#2814,#2815);
#2182=AXIS2_PLACEMENT_3D('',#3494,#2817,#2818);
#2183=AXIS2_PLACEMENT_3D('',#3497,#2820,#2821);
#2184=AXIS2_PLACEMENT_3D('',#3500,#2822,#2823);
#2185=AXIS2_PLACEMENT_3D('',#3502,#2825,#2826);
#2186=AXIS2_PLACEMENT_3D('',#3503,#2827,#2828);
#2187=AXIS2_PLACEMENT_3D('',#3505,#2829,#2830);
#2188=AXIS2_PLACEMENT_3D('',#3507,#2832,#2833);
#2189=DIRECTION('axis',(0.,0.,1.));
#2190=DIRECTION('refdir',(1.,0.,0.));
#2191=DIRECTION('center_axis',(0.,0.,1.));
#2192=DIRECTION('ref_axis',(1.,0.,0.));
#2193=DIRECTION('center_axis',(0.,0.,1.));
#2194=DIRECTION('ref_axis',(0.,1.,0.));
#2195=DIRECTION('center_axis',(0.,0.,1.));
#2196=DIRECTION('ref_axis',(-0.394570187846694,0.918865804599684,0.));
#2197=DIRECTION('',(-0.300705799504305,0.953716950748217,0.));
#2198=DIRECTION('center_axis',(0.,0.,1.));
#2199=DIRECTION('ref_axis',(-0.953716950748217,-0.300705799504305,0.));
#2200=DIRECTION('center_axis',(0.,0.,-1.));
#2201=DIRECTION('ref_axis',(0.621201892396761,-0.783650565547351,0.));
#2202=DIRECTION('center_axis',(0.,0.,1.));
#2203=DIRECTION('ref_axis',(0.621201892396761,-0.783650565547351,0.));
#2204=DIRECTION('',(0.675590207615694,-0.737277336810093,0.));
#2205=DIRECTION('center_axis',(0.,0.,1.));
#2206=DIRECTION('ref_axis',(0.737277336810093,0.675590207615694,0.));
#2207=DIRECTION('center_axis',(0.,0.,-1.));
#2208=DIRECTION('ref_axis',(0.598476035528792,-0.801140708551089,0.));
#2209=DIRECTION('center_axis',(0.,0.,1.));
#2210=DIRECTION('ref_axis',(0.737277336810093,-0.675590207615694,0.));
#2211=DIRECTION('center_axis',(0.,0.,-1.));
#2212=DIRECTION('ref_axis',(0.368060351255708,0.929801902468222,0.));
#2213=DIRECTION('center_axis',(0.,0.,1.));
#2214=DIRECTION('ref_axis',(0.368060351255707,0.929801902468222,0.));
#2215=DIRECTION('',(0.300705799504305,0.953716950748217,0.));
#2216=DIRECTION('center_axis',(0.,0.,1.));
#2217=DIRECTION('ref_axis',(-0.953716950748217,0.300705799504305,0.));
#2218=DIRECTION('center_axis',(0.,0.,-1.));
#2219=DIRECTION('ref_axis',(0.394570187846694,0.918865804599684,0.));
#2220=DIRECTION('center_axis',(0.,0.,1.));
#2221=DIRECTION('ref_axis',(-0.598476035528792,-0.801140708551089,0.));
#2222=DIRECTION('',(-0.675590207615694,-0.737277336810093,0.));
#2223=DIRECTION('center_axis',(0.,0.,1.));
#2224=DIRECTION('ref_axis',(0.993046223375502,-0.117725096048601,0.));
#2225=DIRECTION('',(0.976296007119932,-0.216439613938107,0.));
#2226=DIRECTION('center_axis',(0.,0.,1.));
#2227=DIRECTION('ref_axis',(0.216439613938108,0.976296007119932,0.));
#2228=DIRECTION('center_axis',(0.,0.,-1.));
#2229=DIRECTION('ref_axis',(-0.989262243652426,-0.146151336920904,0.));
#2230=DIRECTION('center_axis',(0.,0.,1.));
#2231=DIRECTION('ref_axis',(-0.989262243652426,-0.146151336920904,0.));
#2232=DIRECTION('',(-0.976296007119932,-0.216439613938107,0.));
#2233=DIRECTION('center_axis',(0.,0.,1.));
#2234=DIRECTION('ref_axis',(0.216439613938108,-0.976296007119932,0.));
#2235=DIRECTION('center_axis',(0.,0.,-1.));
#2236=DIRECTION('ref_axis',(-0.993046223375502,-0.1177250960486,0.));
#2237=DIRECTION('center_axis',(0.,0.,1.));
#2238=DIRECTION('ref_axis',(1.,0.,0.));
#2239=DIRECTION('center_axis',(0.,0.,1.));
#2240=DIRECTION('ref_axis',(-0.500000000000017,0.866025403784429,0.));
#2241=DIRECTION('center_axis',(0.,0.,1.));
#2242=DIRECTION('ref_axis',(0.500000000000017,0.866025403784429,0.));
#2243=DIRECTION('center_axis',(0.,0.,1.));
#2244=DIRECTION('ref_axis',(1.,0.,0.));
#2245=DIRECTION('center_axis',(0.,0.,1.));
#2246=DIRECTION('ref_axis',(-0.500000000000017,0.866025403784429,0.));
#2247=DIRECTION('center_axis',(0.,0.,1.));
#2248=DIRECTION('ref_axis',(0.500000000000017,0.866025403784429,0.));
#2249=DIRECTION('center_axis',(0.,0.,1.));
#2250=DIRECTION('ref_axis',(0.,1.,0.));
#2251=DIRECTION('center_axis',(0.,0.,1.));
#2252=DIRECTION('ref_axis',(0.,1.,0.));
#2253=DIRECTION('center_axis',(0.,0.,1.));
#2254=DIRECTION('ref_axis',(0.,1.,0.));
#2255=DIRECTION('center_axis',(0.,0.,1.));
#2256=DIRECTION('ref_axis',(0.,1.,0.));
#2257=DIRECTION('center_axis',(0.,0.,1.));
#2258=DIRECTION('ref_axis',(0.,-1.,0.));
#2259=DIRECTION('center_axis',(0.,0.,1.));
#2260=DIRECTION('ref_axis',(0.,1.,0.));
#2261=DIRECTION('',(0.,0.,-1.));
#2262=DIRECTION('center_axis',(0.,0.,1.));
#2263=DIRECTION('ref_axis',(1.,0.,0.));
#2264=DIRECTION('center_axis',(0.,0.,-1.));
#2265=DIRECTION('ref_axis',(0.,1.,0.));
#2266=DIRECTION('center_axis',(0.,0.,1.));
#2267=DIRECTION('ref_axis',(0.,-1.,0.));
#2268=DIRECTION('center_axis',(0.,0.,1.));
#2269=DIRECTION('ref_axis',(-0.95688650145043,-0.290462085894109,0.));
#2270=DIRECTION('',(0.,0.,1.));
#2271=DIRECTION('center_axis',(0.,0.,1.));
#2272=DIRECTION('ref_axis',(-0.95688650145043,0.290462085894109,0.));
#2273=DIRECTION('',(0.,0.,1.));
#2274=DIRECTION('center_axis',(0.,0.,1.));
#2275=DIRECTION('ref_axis',(0.,1.,0.));
#2276=DIRECTION('',(0.,0.,-1.));
#2277=DIRECTION('center_axis',(0.,0.,1.));
#2278=DIRECTION('ref_axis',(0.,1.,0.));
#2279=DIRECTION('',(0.,0.,1.));
#2280=DIRECTION('center_axis',(0.,0.,1.));
#2281=DIRECTION('ref_axis',(0.729990795945683,0.683456975847484,0.));
#2282=DIRECTION('',(0.,0.,1.));
#2283=DIRECTION('center_axis',(0.,0.,1.));
#2284=DIRECTION('ref_axis',(0.729990795945683,-0.683456975847484,0.));
#2285=DIRECTION('',(0.,0.,1.));
#2286=DIRECTION('center_axis',(0.,0.,1.));
#2287=DIRECTION('ref_axis',(0.226895705504709,-0.973919061741539,0.));
#2288=DIRECTION('',(0.,0.,1.));
#2289=DIRECTION('center_axis',(0.,0.,1.));
#2290=DIRECTION('ref_axis',(1.,0.,0.));
#2291=DIRECTION('center_axis',(0.,0.,1.));
#2292=DIRECTION('ref_axis',(-0.275515335050793,-0.961296676448977,0.));
#2293=DIRECTION('center_axis',(0.,0.,-1.));
#2294=DIRECTION('ref_axis',(-0.815158648422499,0.5792377559362,0.));
#2295=DIRECTION('center_axis',(0.,0.,-1.));
#2296=DIRECTION('ref_axis',(-0.97877962819675,-0.20491568858199,0.));
#2297=DIRECTION('center_axis',(0.,0.,1.));
#2298=DIRECTION('ref_axis',(-1.,0.,0.));
#2299=DIRECTION('center_axis',(0.,0.,-1.));
#2300=DIRECTION('ref_axis',(-0.998563218390805,0.0535863683878503,0.));
#2301=DIRECTION('center_axis',(0.,0.,-1.));
#2302=DIRECTION('ref_axis',(-0.686526188633914,-0.727105076532815,0.));
#2303=DIRECTION('center_axis',(0.,0.,1.));
#2304=DIRECTION('ref_axis',(0.815158648422499,0.5792377559362,0.));
#2305=DIRECTION('center_axis',(0.,0.,1.));
#2306=DIRECTION('ref_axis',(0.,1.,0.));
#2307=DIRECTION('',(0.,0.,-1.));
#2308=DIRECTION('center_axis',(0.,0.,1.));
#2309=DIRECTION('ref_axis',(0.815158648422499,0.5792377559362,0.));
#2310=DIRECTION('center_axis',(0.,0.,1.));
#2311=DIRECTION('ref_axis',(1.,0.,0.));
#2312=DIRECTION('center_axis',(0.,0.,-1.));
#2313=DIRECTION('ref_axis',(0.37882220742409,-0.925469467439277,0.));
#2314=DIRECTION('center_axis',(0.,0.,1.));
#2315=DIRECTION('ref_axis',(0.408588181285387,0.912718849434972,0.));
#2316=DIRECTION('center_axis',(0.,0.,1.));
#2317=DIRECTION('ref_axis',(0.972954561814997,0.230996581453899,0.));
#2318=DIRECTION('center_axis',(0.,0.,1.));
#2319=DIRECTION('ref_axis',(-0.865190234710726,0.501443773279915,0.));
#2320=DIRECTION('center_axis',(0.,0.,1.));
#2321=DIRECTION('ref_axis',(0.213517278036301,0.976939287765606,0.));
#2322=DIRECTION('center_axis',(0.,0.,1.));
#2323=DIRECTION('ref_axis',(-0.815158648422499,-0.5792377559362,0.));
#2324=DIRECTION('center_axis',(0.,0.,1.));
#2325=DIRECTION('ref_axis',(-0.97877962819675,0.20491568858199,0.));
#2326=DIRECTION('center_axis',(0.,0.,-1.));
#2327=DIRECTION('ref_axis',(0.612068965517209,0.790804388866611,0.));
#2328=DIRECTION('center_axis',(0.,0.,1.));
#2329=DIRECTION('ref_axis',(-0.99473180076628,-0.102511680038298,0.));
#2330=DIRECTION('center_axis',(0.,0.,1.));
#2331=DIRECTION('ref_axis',(-0.686526188633914,0.727105076532815,0.));
#2332=DIRECTION('center_axis',(0.,0.,1.));
#2333=DIRECTION('ref_axis',(-0.00166792887455053,-0.999998609005667,0.));
#2334=DIRECTION('center_axis',(0.,0.,1.));
#2335=DIRECTION('ref_axis',(-0.952812880178226,-0.303558256956509,0.));
#2336=DIRECTION('center_axis',(0.,0.,1.));
#2337=DIRECTION('ref_axis',(-0.909213935683081,0.416329219680391,0.));
#2338=DIRECTION('center_axis',(0.,0.,1.));
#2339=DIRECTION('ref_axis',(0.909213935683118,-0.416329219680309,0.));
#2340=DIRECTION('center_axis',(0.,0.,1.));
#2341=DIRECTION('ref_axis',(0.31192762215239,-0.950105867016069,0.));
#2342=DIRECTION('center_axis',(0.,0.,-1.));
#2343=DIRECTION('ref_axis',(-0.990891172941311,0.134665078572702,0.));
#2344=DIRECTION('center_axis',(0.,0.,1.));
#2345=DIRECTION('ref_axis',(0.586143619480905,-0.810207169396707,0.));
#2346=DIRECTION('center_axis',(0.,0.,1.));
#2347=DIRECTION('ref_axis',(-0.286428373181095,-0.958101657986683,0.));
#2348=DIRECTION('center_axis',(0.,0.,1.));
#2349=DIRECTION('ref_axis',(0.866858163585275,0.498554835725786,0.));
#2350=DIRECTION('center_axis',(0.,0.,1.));
#2351=DIRECTION('ref_axis',(0.739295602141895,-0.673381030809195,0.));
#2352=DIRECTION('center_axis',(0.,0.,1.));
#2353=DIRECTION('ref_axis',(0.0940552872606172,-0.995566975616569,0.));
#2354=DIRECTION('center_axis',(0.,0.,1.));
#2355=DIRECTION('ref_axis',(-0.0940552872606171,0.995566975616569,0.));
#2356=DIRECTION('center_axis',(0.,0.,1.));
#2357=DIRECTION('ref_axis',(0.666852006044316,0.745190178434118,0.));
#2358=DIRECTION('center_axis',(0.,0.,-1.));
#2359=DIRECTION('ref_axis',(-0.866025403784429,-0.500000000000017,0.));
#2360=DIRECTION('center_axis',(0.,0.,-1.));
#2361=DIRECTION('ref_axis',(0.,-1.,0.));
#2362=DIRECTION('center_axis',(0.,0.,-1.));
#2363=DIRECTION('ref_axis',(0.866025403784429,-0.500000000000017,0.));
#2364=DIRECTION('center_axis',(0.,0.,-1.));
#2365=DIRECTION('ref_axis',(0.,-1.,0.));
#2366=DIRECTION('center_axis',(0.,0.,1.));
#2367=DIRECTION('ref_axis',(0.,-1.,0.));
#2368=DIRECTION('center_axis',(0.,0.,-1.));
#2369=DIRECTION('ref_axis',(-0.866025403784429,0.500000000000017,0.));
#2370=DIRECTION('',(-8.65956056235364E-17,0.707106781186442,0.707106781186653));
#2371=DIRECTION('center_axis',(0.,0.,-1.));
#2372=DIRECTION('ref_axis',(-0.866025403784429,0.500000000000017,0.));
#2373=DIRECTION('center_axis',(0.,0.,1.));
#2374=DIRECTION('ref_axis',(-0.866025403784429,0.500000000000017,0.));
#2375=DIRECTION('center_axis',(0.,0.,1.));
#2376=DIRECTION('ref_axis',(-0.866025403784429,0.500000000000017,0.));
#2377=DIRECTION('',(0.,0.,1.));
#2378=DIRECTION('center_axis',(0.,0.,1.));
#2379=DIRECTION('ref_axis',(1.,0.,0.));
#2380=DIRECTION('center_axis',(0.,0.,1.));
#2381=DIRECTION('ref_axis',(0.,1.,0.));
#2382=DIRECTION('center_axis',(0.,0.,1.));
#2383=DIRECTION('ref_axis',(0.,-1.,0.));
#2384=DIRECTION('center_axis',(0.,0.,1.));
#2385=DIRECTION('ref_axis',(0.,1.,0.));
#2386=DIRECTION('',(0.,0.,1.));
#2387=DIRECTION('center_axis',(0.,0.,-1.));
#2388=DIRECTION('ref_axis',(0.,-1.,0.));
#2389=DIRECTION('center_axis',(0.,0.,-1.));
#2390=DIRECTION('ref_axis',(0.,1.,0.));
#2391=DIRECTION('center_axis',(0.,0.,1.));
#2392=DIRECTION('ref_axis',(0.,1.,0.));
#2393=DIRECTION('center_axis',(0.,0.,-1.));
#2394=DIRECTION('ref_axis',(0.,-1.,0.));
#2395=DIRECTION('center_axis',(0.,0.,-1.));
#2396=DIRECTION('ref_axis',(0.,1.,0.));
#2397=DIRECTION('center_axis',(0.,0.,1.));
#2398=DIRECTION('ref_axis',(0.,1.,0.));
#2399=DIRECTION('center_axis',(0.,0.,-1.));
#2400=DIRECTION('ref_axis',(0.,-1.,0.));
#2401=DIRECTION('center_axis',(0.,0.,-1.));
#2402=DIRECTION('ref_axis',(0.,1.,0.));
#2403=DIRECTION('center_axis',(0.,0.,-1.));
#2404=DIRECTION('ref_axis',(0.,-1.,0.));
#2405=DIRECTION('',(0.,0.,-1.));
#2406=DIRECTION('center_axis',(0.,0.,1.));
#2407=DIRECTION('ref_axis',(0.,-1.,0.));
#2408=DIRECTION('center_axis',(0.,0.,-1.));
#2409=DIRECTION('ref_axis',(0.,-1.,0.));
#2410=DIRECTION('',(8.65956056235364E-17,0.707106781186442,-0.707106781186653));
#2411=DIRECTION('center_axis',(0.,0.,-1.));
#2412=DIRECTION('ref_axis',(0.,-1.,0.));
#2413=DIRECTION('',(0.,0.,-1.));
#2414=DIRECTION('center_axis',(0.,0.,1.));
#2415=DIRECTION('ref_axis',(0.,-1.,0.));
#2416=DIRECTION('center_axis',(0.,0.,-1.));
#2417=DIRECTION('ref_axis',(0.,-1.,0.));
#2418=DIRECTION('',(8.65956056235364E-17,0.707106781186442,-0.707106781186653));
#2419=DIRECTION('center_axis',(0.,0.,-1.));
#2420=DIRECTION('ref_axis',(0.,-1.,0.));
#2421=DIRECTION('',(0.,0.,-1.));
#2422=DIRECTION('center_axis',(0.,0.,1.));
#2423=DIRECTION('ref_axis',(0.,-1.,0.));
#2424=DIRECTION('center_axis',(0.,0.,-1.));
#2425=DIRECTION('ref_axis',(0.,-1.,0.));
#2426=DIRECTION('',(8.65956056235364E-17,0.707106781186442,-0.707106781186653));
#2427=DIRECTION('center_axis',(0.,0.,1.));
#2428=DIRECTION('ref_axis',(0.,-1.,0.));
#2429=DIRECTION('',(0.,0.,1.));
#2430=DIRECTION('center_axis',(0.,0.,1.));
#2431=DIRECTION('ref_axis',(0.,-1.,0.));
#2432=DIRECTION('center_axis',(0.,0.,1.));
#2433=DIRECTION('ref_axis',(1.,0.,0.));
#2434=DIRECTION('center_axis',(0.,0.,1.));
#2435=DIRECTION('ref_axis',(0.,1.,0.));
#2436=DIRECTION('center_axis',(0.,0.,1.));
#2437=DIRECTION('ref_axis',(0.,-1.,0.));
#2438=DIRECTION('',(0.,0.,1.));
#2439=DIRECTION('center_axis',(0.,0.,-1.));
#2440=DIRECTION('ref_axis',(0.,-1.,0.));
#2441=DIRECTION('center_axis',(0.,0.,1.));
#2442=DIRECTION('ref_axis',(0.,-1.,0.));
#2443=DIRECTION('',(-8.65956056235364E-17,0.707106781186442,0.707106781186653));
#2444=DIRECTION('center_axis',(0.,0.,1.));
#2445=DIRECTION('ref_axis',(0.,-1.,0.));
#2446=DIRECTION('',(0.,0.,1.));
#2447=DIRECTION('center_axis',(0.,0.,1.));
#2448=DIRECTION('ref_axis',(0.,-1.,0.));
#2449=DIRECTION('center_axis',(0.,0.,1.));
#2450=DIRECTION('ref_axis',(1.,0.,0.));
#2451=DIRECTION('center_axis',(0.,0.,1.));
#2452=DIRECTION('ref_axis',(-0.866025403784429,-0.500000000000017,0.));
#2453=DIRECTION('center_axis',(0.,0.,1.));
#2454=DIRECTION('ref_axis',(0.866025403784429,0.500000000000017,0.));
#2455=DIRECTION('',(0.,0.,1.));
#2456=DIRECTION('center_axis',(0.,0.,-1.));
#2457=DIRECTION('ref_axis',(0.866025403784429,0.500000000000017,0.));
#2458=DIRECTION('center_axis',(0.,0.,-1.));
#2459=DIRECTION('ref_axis',(0.866025403784429,0.500000000000017,0.));
#2460=DIRECTION('center_axis',(0.,0.,1.));
#2461=DIRECTION('ref_axis',(0.,-1.,0.));
#2462=DIRECTION('',(-8.65956056235364E-17,0.707106781186442,0.707106781186653));
#2463=DIRECTION('center_axis',(0.,0.,1.));
#2464=DIRECTION('ref_axis',(0.866025403784429,-0.500000000000017,0.));
#2465=DIRECTION('',(0.,0.,-1.));
#2466=DIRECTION('center_axis',(0.,0.,-1.));
#2467=DIRECTION('ref_axis',(0.545688765515791,0.837987930217287,0.));
#2468=DIRECTION('',(0.,0.,1.));
#2469=DIRECTION('center_axis',(0.,0.,1.));
#2470=DIRECTION('ref_axis',(0.866025403784429,-0.500000000000017,0.));
#2471=DIRECTION('',(0.,0.,1.));
#2472=DIRECTION('center_axis',(0.,0.,-1.));
#2473=DIRECTION('ref_axis',(0.31192762215239,0.950105867016069,0.));
#2474=DIRECTION('',(0.,0.,-1.));
#2475=DIRECTION('center_axis',(0.,0.,1.));
#2476=DIRECTION('ref_axis',(0.,-1.,0.));
#2477=DIRECTION('center_axis',(0.,0.,-1.));
#2478=DIRECTION('ref_axis',(0.0934386675709775,-0.995625037553074,0.));
#2479=DIRECTION('center_axis',(0.,0.,-1.));
#2480=DIRECTION('ref_axis',(0.0934386675709775,-0.995625037553074,0.));
#2481=DIRECTION('center_axis',(0.,0.,1.));
#2482=DIRECTION('ref_axis',(0.500000000000017,0.866025403784429,0.));
#2483=DIRECTION('center_axis',(0.,0.,1.));
#2484=DIRECTION('ref_axis',(0.500000000000017,0.866025403784429,0.));
#2485=DIRECTION('',(0.,0.,1.));
#2486=DIRECTION('center_axis',(0.,0.,1.));
#2487=DIRECTION('ref_axis',(0.500000000000017,0.866025403784429,0.));
#2488=DIRECTION('center_axis',(0.,0.,1.));
#2489=DIRECTION('ref_axis',(1.,0.,0.));
#2490=DIRECTION('center_axis',(0.,0.,1.));
#2491=DIRECTION('ref_axis',(-0.694749674852911,0.719251617510711,0.));
#2492=DIRECTION('center_axis',(0.,0.,-1.));
#2493=DIRECTION('ref_axis',(0.909213935683118,0.416329219680309,0.));
#2494=DIRECTION('center_axis',(0.,0.,-1.));
#2495=DIRECTION('ref_axis',(-0.286428373181095,0.958101657986683,0.));
#2496=DIRECTION('center_axis',(0.,0.,1.));
#2497=DIRECTION('ref_axis',(0.0940552872605973,-0.995566975616571,0.));
#2498=DIRECTION('center_axis',(0.,0.,1.));
#2499=DIRECTION('ref_axis',(-0.982629520944032,0.185578082136073,0.));
#2500=DIRECTION('',(0.,0.,-1.));
#2501=DIRECTION('center_axis',(0.,0.,-1.));
#2502=DIRECTION('ref_axis',(0.,-1.,0.));
#2503=DIRECTION('center_axis',(0.,0.,-1.));
#2504=DIRECTION('ref_axis',(0.,-1.,0.));
#2505=DIRECTION('center_axis',(0.,0.,-1.));
#2506=DIRECTION('ref_axis',(-0.500000000000002,0.866025403784438,0.));
#2507=DIRECTION('center_axis',(0.,0.,1.));
#2508=DIRECTION('ref_axis',(-0.866025403784428,-0.500000000000018,0.));
#2509=DIRECTION('center_axis',(0.,0.,1.));
#2510=DIRECTION('ref_axis',(-0.909213935683081,0.416329219680391,0.));
#2511=DIRECTION('',(0.,0.,-1.));
#2512=DIRECTION('center_axis',(0.,0.,1.));
#2513=DIRECTION('ref_axis',(-0.866025403784429,-0.500000000000017,0.));
#2514=DIRECTION('center_axis',(0.,0.,-1.));
#2515=DIRECTION('ref_axis',(0.972954561814997,-0.230996581453899,0.));
#2516=DIRECTION('',(0.,0.,-1.));
#2517=DIRECTION('center_axis',(0.,0.,1.));
#2518=DIRECTION('ref_axis',(-0.866025403784429,-0.500000000000017,0.));
#2519=DIRECTION('center_axis',(0.,0.,-1.));
#2520=DIRECTION('ref_axis',(0.452874452874999,-0.891574298605097,0.));
#2521=DIRECTION('',(0.,0.,1.));
#2522=DIRECTION('center_axis',(0.,0.,1.));
#2523=DIRECTION('ref_axis',(-0.866025403784429,-0.500000000000017,0.));
#2524=DIRECTION('',(0.,0.,1.));
#2525=DIRECTION('center_axis',(0.,0.,-1.));
#2526=DIRECTION('ref_axis',(0.666852006044316,-0.745190178434118,0.));
#2527=DIRECTION('',(0.,0.,-1.));
#2528=DIRECTION('center_axis',(0.,0.,1.));
#2529=DIRECTION('ref_axis',(-0.500000000000418,0.866025403784197,0.));
#2530=DIRECTION('center_axis',(0.,0.,-1.));
#2531=DIRECTION('ref_axis',(-0.90895590895029,0.416892258964295,0.));
#2532=DIRECTION('center_axis',(0.,0.,-1.));
#2533=DIRECTION('ref_axis',(-0.90895590895029,0.416892258964295,0.));
#2534=DIRECTION('center_axis',(0.,0.,1.));
#2535=DIRECTION('ref_axis',(0.500000000000017,-0.866025403784429,0.));
#2536=DIRECTION('center_axis',(0.,0.,1.));
#2537=DIRECTION('ref_axis',(0.500000000000017,-0.866025403784429,0.));
#2538=DIRECTION('',(0.,0.,1.));
#2539=DIRECTION('center_axis',(0.,0.,1.));
#2540=DIRECTION('ref_axis',(0.500000000000017,-0.866025403784429,0.));
#2541=DIRECTION('center_axis',(0.,0.,1.));
#2542=DIRECTION('ref_axis',(1.,0.,0.));
#2543=DIRECTION('center_axis',(0.,0.,1.));
#2544=DIRECTION('ref_axis',(0.970265009903768,0.242045058938292,0.));
#2545=DIRECTION('center_axis',(0.,0.,-1.));
#2546=DIRECTION('ref_axis',(-0.0940552872606171,-0.995566975616569,0.));
#2547=DIRECTION('center_axis',(0.,0.,1.));
#2548=DIRECTION('ref_axis',(0.500000000000016,-0.86602540378443,0.));
#2549=DIRECTION('',(-0.42858365035102,0.74232865770127,0.515038074910221));
#2550=DIRECTION('center_axis',(0.,0.,1.));
#2551=DIRECTION('ref_axis',(-0.866025403784429,-0.500000000000017,0.));
#2552=DIRECTION('',(0.,0.,-1.));
#2553=DIRECTION('center_axis',(0.,0.,1.));
#2554=DIRECTION('ref_axis',(0.652030093988392,0.758193086577218,0.));
#2555=DIRECTION('center_axis',(0.,0.,1.));
#2556=DIRECTION('ref_axis',(0.330599426953915,-0.943771168715035,0.));
#2557=DIRECTION('',(0.,0.,-1.));
#2558=DIRECTION('center_axis',(0.,0.,1.));
#2559=DIRECTION('ref_axis',(0.,1.,0.));
#2560=DIRECTION('',(0.,0.,-1.));
#2561=DIRECTION('center_axis',(0.,0.,1.));
#2562=DIRECTION('ref_axis',(0.,1.,0.));
#2563=DIRECTION('',(0.,0.,-1.));
#2564=DIRECTION('',(0.,0.,1.));
#2565=DIRECTION('center_axis',(0.,0.,1.));
#2566=DIRECTION('ref_axis',(0.,1.,0.));
#2567=DIRECTION('',(0.,0.,1.));
#2568=DIRECTION('center_axis',(0.,0.,1.));
#2569=DIRECTION('ref_axis',(0.,-1.,0.));
#2570=DIRECTION('center_axis',(0.,0.,-1.));
#2571=DIRECTION('ref_axis',(0.815517241379293,0.578732778588795,0.));
#2572=DIRECTION('center_axis',(0.,0.,-1.));
#2573=DIRECTION('ref_axis',(0.815517241379293,0.578732778588795,0.));
#2574=DIRECTION('center_axis',(0.,0.,1.));
#2575=DIRECTION('ref_axis',(-1.,0.,0.));
#2576=DIRECTION('center_axis',(0.,0.,1.));
#2577=DIRECTION('ref_axis',(-1.,0.,0.));
#2578=DIRECTION('',(0.,0.,1.));
#2579=DIRECTION('center_axis',(0.,0.,1.));
#2580=DIRECTION('ref_axis',(-1.,0.,0.));
#2581=DIRECTION('',(0.857167300702012,1.0497271911385E-16,0.515038074910221));
#2582=DIRECTION('center_axis',(0.,0.,1.));
#2583=DIRECTION('ref_axis',(0.,1.,0.));
#2584=DIRECTION('center_axis',(0.,0.,1.));
#2585=DIRECTION('ref_axis',(0.866025403784429,-0.500000000000017,0.));
#2586=DIRECTION('',(0.,0.,-1.));
#2587=DIRECTION('center_axis',(0.,0.,1.));
#2588=DIRECTION('ref_axis',(0.866025403784429,-0.500000000000017,0.));
#2589=DIRECTION('center_axis',(0.,0.,1.));
#2590=DIRECTION('ref_axis',(0.866025403784429,-0.500000000000017,0.));
#2591=DIRECTION('center_axis',(0.,0.,1.));
#2592=DIRECTION('ref_axis',(0.500000000000016,0.86602540378443,0.));
#2593=DIRECTION('',(-0.428583650351019,-0.74232865770127,0.515038074910221));
#2594=DIRECTION('center_axis',(0.,0.,1.));
#2595=DIRECTION('ref_axis',(0.,-1.,0.));
#2596=DIRECTION('center_axis',(0.,0.,-1.));
#2597=DIRECTION('ref_axis',(0.,1.,0.));
#2598=DIRECTION('',(-8.65956056235364E-17,0.707106781186442,0.707106781186653));
#2599=DIRECTION('center_axis',(0.,0.,1.));
#2600=DIRECTION('ref_axis',(0.,-1.,0.));
#2601=DIRECTION('center_axis',(0.,0.,1.));
#2602=DIRECTION('ref_axis',(0.,1.,0.));
#2603=DIRECTION('',(0.,0.,1.));
#2604=DIRECTION('center_axis',(0.,0.,1.));
#2605=DIRECTION('ref_axis',(1.,0.,0.));
#2606=DIRECTION('center_axis',(0.,0.,1.));
#2607=DIRECTION('ref_axis',(0.,1.,0.));
#2608=DIRECTION('center_axis',(0.,0.,1.));
#2609=DIRECTION('ref_axis',(0.,-1.,0.));
#2610=DIRECTION('center_axis',(0.,0.,1.));
#2611=DIRECTION('ref_axis',(0.,1.,0.));
#2612=DIRECTION('',(0.,0.,1.));
#2613=DIRECTION('center_axis',(0.,0.,-1.));
#2614=DIRECTION('ref_axis',(0.,-1.,0.));
#2615=DIRECTION('center_axis',(0.,0.,-1.));
#2616=DIRECTION('ref_axis',(0.,1.,0.));
#2617=DIRECTION('center_axis',(0.,0.,-1.));
#2618=DIRECTION('ref_axis',(0.,-1.,0.));
#2619=DIRECTION('',(0.,0.,-1.));
#2620=DIRECTION('center_axis',(0.,0.,1.));
#2621=DIRECTION('ref_axis',(0.,-1.,0.));
#2622=DIRECTION('center_axis',(0.,0.,-1.));
#2623=DIRECTION('ref_axis',(0.,-1.,0.));
#2624=DIRECTION('',(8.65956056235364E-17,0.707106781186442,-0.707106781186653));
#2625=DIRECTION('center_axis',(0.,0.,-1.));
#2626=DIRECTION('ref_axis',(0.866025403784429,0.500000000000017,0.));
#2627=DIRECTION('center_axis',(0.,0.,1.));
#2628=DIRECTION('ref_axis',(0.394570187846694,-0.918865804599684,0.));
#2629=DIRECTION('',(0.,0.,1.));
#2630=DIRECTION('',(0.,0.,1.));
#2631=DIRECTION('center_axis',(0.,0.,1.));
#2632=DIRECTION('ref_axis',(0.737277336810093,0.675590207615694,0.));
#2633=DIRECTION('',(0.,0.,1.));
#2634=DIRECTION('center_axis',(0.,0.,-1.));
#2635=DIRECTION('ref_axis',(-0.598476035528792,0.801140708551089,0.));
#2636=DIRECTION('center_axis',(0.,0.,-1.));
#2637=DIRECTION('ref_axis',(0.,-1.,0.));
#2638=DIRECTION('center_axis',(0.,0.,-1.));
#2639=DIRECTION('ref_axis',(0.621201892396761,-0.783650565547351,0.));
#2640=DIRECTION('center_axis',(0.,0.,-1.));
#2641=DIRECTION('ref_axis',(0.368060351255707,-0.929801902468222,0.));
#2642=DIRECTION('',(-0.300705799504305,0.953716950748217,0.));
#2643=DIRECTION('center_axis',(0.,0.,-1.));
#2644=DIRECTION('ref_axis',(-0.953716950748217,-0.300705799504305,0.));
#2645=DIRECTION('',(0.675590207615694,-0.737277336810093,0.));
#2646=DIRECTION('center_axis',(0.,0.,-1.));
#2647=DIRECTION('ref_axis',(0.737277336810093,0.675590207615694,0.));
#2648=DIRECTION('center_axis',(0.,0.,1.));
#2649=DIRECTION('ref_axis',(0.621201892396761,-0.783650565547351,0.));
#2650=DIRECTION('',(0.,0.,1.));
#2651=DIRECTION('',(0.,0.,1.));
#2652=DIRECTION('center_axis',(0.,0.,-1.));
#2653=DIRECTION('ref_axis',(0.866025403784429,0.500000000000017,0.));
#2654=DIRECTION('',(0.,0.,1.));
#2655=DIRECTION('center_axis',(0.,0.,1.));
#2656=DIRECTION('ref_axis',(-0.953716950748217,-0.300705799504305,0.));
#2657=DIRECTION('',(0.,0.,1.));
#2658=DIRECTION('center_axis',(-0.953716950748217,-0.300705799504305,0.));
#2659=DIRECTION('ref_axis',(-0.300705799504305,0.953716950748217,0.));
#2660=DIRECTION('',(0.,0.,1.));
#2661=DIRECTION('center_axis',(0.,0.,1.));
#2662=DIRECTION('ref_axis',(-0.394570187846694,0.918865804599684,0.));
#2663=DIRECTION('center_axis',(0.737277336810093,0.675590207615694,0.));
#2664=DIRECTION('ref_axis',(0.,0.,-1.));
#2665=DIRECTION('center_axis',(0.737277336810093,-0.675590207615694,0.));
#2666=DIRECTION('ref_axis',(0.,0.,-1.));
#2667=DIRECTION('',(-0.675590207615694,-0.737277336810093,0.));
#2668=DIRECTION('',(0.,0.,1.));
#2669=DIRECTION('',(0.,0.,1.));
#2670=DIRECTION('center_axis',(0.,0.,1.));
#2671=DIRECTION('ref_axis',(-0.598476035528792,-0.801140708551089,0.));
#2672=DIRECTION('',(0.,0.,1.));
#2673=DIRECTION('center_axis',(0.,0.,-1.));
#2674=DIRECTION('ref_axis',(0.737277336810093,-0.675590207615694,0.));
#2675=DIRECTION('center_axis',(0.,0.,-1.));
#2676=DIRECTION('ref_axis',(0.,-1.,0.));
#2677=DIRECTION('center_axis',(0.,0.,1.));
#2678=DIRECTION('ref_axis',(0.598476035528792,0.801140708551089,0.));
#2679=DIRECTION('center_axis',(0.,0.,-1.));
#2680=DIRECTION('ref_axis',(-0.394570187846694,-0.918865804599684,0.));
#2681=DIRECTION('',(0.300705799504305,0.953716950748217,0.));
#2682=DIRECTION('center_axis',(0.,0.,-1.));
#2683=DIRECTION('ref_axis',(-0.953716950748217,0.300705799504305,0.));
#2684=DIRECTION('center_axis',(0.,0.,-1.));
#2685=DIRECTION('ref_axis',(0.368060351255708,0.929801902468222,0.));
#2686=DIRECTION('center_axis',(0.,0.,-1.));
#2687=DIRECTION('ref_axis',(0.621201892396761,0.783650565547351,0.));
#2688=DIRECTION('center_axis',(0.,0.,1.));
#2689=DIRECTION('ref_axis',(0.737277336810093,-0.675590207615694,0.));
#2690=DIRECTION('',(0.,0.,1.));
#2691=DIRECTION('center_axis',(0.,0.,-1.));
#2692=DIRECTION('ref_axis',(-0.866025403784429,0.500000000000017,0.));
#2693=DIRECTION('',(0.,0.,1.));
#2694=DIRECTION('center_axis',(0.,0.,1.));
#2695=DIRECTION('ref_axis',(0.368060351255707,0.929801902468222,0.));
#2696=DIRECTION('',(0.,0.,1.));
#2697=DIRECTION('center_axis',(-0.953716950748217,0.300705799504305,0.));
#2698=DIRECTION('ref_axis',(0.,0.,1.));
#2699=DIRECTION('',(0.,0.,1.));
#2700=DIRECTION('center_axis',(0.,0.,1.));
#2701=DIRECTION('ref_axis',(-0.953716950748217,0.300705799504305,0.));
#2702=DIRECTION('',(0.,0.,1.));
#2703=DIRECTION('center_axis',(0.,0.,-1.));
#2704=DIRECTION('ref_axis',(-0.866025403784429,0.500000000000017,0.));
#2705=DIRECTION('center_axis',(0.,0.,-1.));
#2706=DIRECTION('ref_axis',(0.,-1.,0.));
#2707=DIRECTION('center_axis',(0.,0.,1.));
#2708=DIRECTION('ref_axis',(-0.993046223375502,0.1177250960486,0.));
#2709=DIRECTION('',(0.,0.,1.));
#2710=DIRECTION('',(0.,0.,1.));
#2711=DIRECTION('center_axis',(0.,0.,1.));
#2712=DIRECTION('ref_axis',(0.216439613938108,-0.976296007119932,0.));
#2713=DIRECTION('',(0.,0.,1.));
#2714=DIRECTION('center_axis',(0.,0.,-1.));
#2715=DIRECTION('ref_axis',(0.993046223375502,0.117725096048601,0.));
#2716=DIRECTION('center_axis',(0.,0.,-1.));
#2717=DIRECTION('ref_axis',(0.,-1.,0.));
#2718=DIRECTION('',(-0.976296007119932,-0.216439613938107,0.));
#2719=DIRECTION('center_axis',(0.,0.,-1.));
#2720=DIRECTION('ref_axis',(0.216439613938108,-0.976296007119932,0.));
#2721=DIRECTION('center_axis',(0.,0.,-1.));
#2722=DIRECTION('ref_axis',(-0.989262243652426,-0.146151336920904,0.));
#2723=DIRECTION('center_axis',(0.,0.,-1.));
#2724=DIRECTION('ref_axis',(-0.989262243652426,0.146151336920904,0.));
#2725=DIRECTION('',(0.976296007119932,-0.216439613938107,0.));
#2726=DIRECTION('center_axis',(0.,0.,-1.));
#2727=DIRECTION('ref_axis',(0.216439613938108,0.976296007119932,0.));
#2728=DIRECTION('center_axis',(0.,0.,1.));
#2729=DIRECTION('ref_axis',(0.993046223375502,-0.117725096048601,0.));
#2730=DIRECTION('',(0.,0.,1.));
#2731=DIRECTION('center_axis',(0.216439613938107,0.976296007119932,0.));
#2732=DIRECTION('ref_axis',(0.,0.,-1.));
#2733=DIRECTION('',(0.,0.,1.));
#2734=DIRECTION('center_axis',(0.,0.,1.));
#2735=DIRECTION('ref_axis',(0.216439613938108,0.976296007119932,0.));
#2736=DIRECTION('',(0.,0.,1.));
#2737=DIRECTION('center_axis',(0.,0.,-1.));
#2738=DIRECTION('ref_axis',(0.,-1.,0.));
#2739=DIRECTION('',(0.,0.,1.));
#2740=DIRECTION('center_axis',(0.,0.,1.));
#2741=DIRECTION('ref_axis',(-0.989262243652426,-0.146151336920904,0.));
#2742=DIRECTION('',(0.,0.,1.));
#2743=DIRECTION('center_axis',(0.216439613938107,-0.976296007119932,0.));
#2744=DIRECTION('ref_axis',(0.,0.,-1.));
#2745=DIRECTION('center_axis',(0.,0.,-1.));
#2746=DIRECTION('ref_axis',(0.,-1.,0.));
#2747=DIRECTION('center_axis',(0.,0.,1.));
#2748=DIRECTION('ref_axis',(-1.,0.,0.));
#2749=DIRECTION('',(8.65956056235364E-17,0.707106781186442,-0.707106781186653));
#2750=DIRECTION('center_axis',(0.,0.,1.));
#2751=DIRECTION('ref_axis',(-1.,0.,0.));
#2752=DIRECTION('center_axis',(0.,0.,-1.));
#2753=DIRECTION('ref_axis',(1.,0.,0.));
#2754=DIRECTION('center_axis',(0.,0.,1.));
#2755=DIRECTION('ref_axis',(1.,0.,0.));
#2756=DIRECTION('',(0.,0.,-1.));
#2757=DIRECTION('center_axis',(0.,0.,-1.));
#2758=DIRECTION('ref_axis',(1.,0.,0.));
#2759=DIRECTION('',(-0.857167300702012,1.0497271911385E-16,-0.515038074910221));
#2760=DIRECTION('center_axis',(0.,0.,-1.));
#2761=DIRECTION('ref_axis',(0.,-1.,0.));
#2762=DIRECTION('center_axis',(0.,0.,1.));
#2763=DIRECTION('ref_axis',(0.500000000000017,-0.866025403784429,0.));
#2764=DIRECTION('',(8.65956056235364E-17,0.707106781186442,-0.707106781186653));
#2765=DIRECTION('center_axis',(0.,0.,1.));
#2766=DIRECTION('ref_axis',(0.500000000000017,-0.866025403784429,0.));
#2767=DIRECTION('center_axis',(0.,0.,-1.));
#2768=DIRECTION('ref_axis',(0.500000000000017,-0.866025403784429,0.));
#2769=DIRECTION('center_axis',(0.,0.,-1.));
#2770=DIRECTION('ref_axis',(0.500000000000017,-0.866025403784429,0.));
#2771=DIRECTION('',(0.,0.,-1.));
#2772=DIRECTION('center_axis',(0.,0.,-1.));
#2773=DIRECTION('ref_axis',(0.500000000000017,-0.866025403784429,0.));
#2774=DIRECTION('',(-0.428583650351021,0.742328657701269,-0.515038074910221));
#2775=DIRECTION('center_axis',(0.,0.,-1.));
#2776=DIRECTION('ref_axis',(0.,-1.,0.));
#2777=DIRECTION('center_axis',(0.,0.,1.));
#2778=DIRECTION('ref_axis',(-0.500000000000017,-0.866025403784428,0.));
#2779=DIRECTION('center_axis',(0.,0.,1.));
#2780=DIRECTION('ref_axis',(-0.500000000000017,-0.866025403784428,0.));
#2781=DIRECTION('',(8.65956056235364E-17,0.707106781186442,-0.707106781186653));
#2782=DIRECTION('center_axis',(0.,0.,-1.));
#2783=DIRECTION('ref_axis',(-0.500000000000017,-0.866025403784428,0.));
#2784=DIRECTION('center_axis',(0.,0.,-1.));
#2785=DIRECTION('ref_axis',(-0.500000000000017,-0.866025403784428,0.));
#2786=DIRECTION('',(0.,0.,-1.));
#2787=DIRECTION('center_axis',(0.,0.,-1.));
#2788=DIRECTION('ref_axis',(-0.500000000000017,-0.866025403784429,0.));
#2789=DIRECTION('',(0.428583650351021,0.742328657701269,-0.515038074910221));
#2790=DIRECTION('center_axis',(0.,0.,-1.));
#2791=DIRECTION('ref_axis',(0.,-1.,0.));
#2792=DIRECTION('center_axis',(0.,0.,1.));
#2793=DIRECTION('ref_axis',(-1.,0.,0.));
#2794=DIRECTION('center_axis',(0.,0.,1.));
#2795=DIRECTION('ref_axis',(-1.,0.,0.));
#2796=DIRECTION('',(8.65956056235364E-17,0.707106781186442,-0.707106781186653));
#2797=DIRECTION('center_axis',(0.,0.,-1.));
#2798=DIRECTION('ref_axis',(-1.,0.,0.));
#2799=DIRECTION('center_axis',(0.,0.,-1.));
#2800=DIRECTION('ref_axis',(-1.,0.,0.));
#2801=DIRECTION('',(0.,0.,-1.));
#2802=DIRECTION('center_axis',(0.,0.,-1.));
#2803=DIRECTION('ref_axis',(-1.,0.,0.));
#2804=DIRECTION('',(0.857167300702012,-1.0497271911385E-16,-0.515038074910221));
#2805=DIRECTION('center_axis',(0.,0.,-1.));
#2806=DIRECTION('ref_axis',(0.,-1.,0.));
#2807=DIRECTION('center_axis',(0.,0.,1.));
#2808=DIRECTION('ref_axis',(0.500000000000017,-0.866025403784429,0.));
#2809=DIRECTION('center_axis',(0.,0.,1.));
#2810=DIRECTION('ref_axis',(0.500000000000017,-0.866025403784429,0.));
#2811=DIRECTION('',(8.65956056235364E-17,0.707106781186442,-0.707106781186653));
#2812=DIRECTION('center_axis',(0.,0.,-1.));
#2813=DIRECTION('ref_axis',(-0.500000000000017,0.866025403784429,0.));
#2814=DIRECTION('center_axis',(0.,0.,1.));
#2815=DIRECTION('ref_axis',(-0.500000000000017,0.866025403784429,0.));
#2816=DIRECTION('',(0.,0.,-1.));
#2817=DIRECTION('center_axis',(0.,0.,-1.));
#2818=DIRECTION('ref_axis',(-0.500000000000017,0.866025403784429,0.));
#2819=DIRECTION('',(0.428583650351021,-0.742328657701269,-0.515038074910221));
#2820=DIRECTION('center_axis',(0.,0.,-1.));
#2821=DIRECTION('ref_axis',(0.,-1.,0.));
#2822=DIRECTION('center_axis',(0.,0.,1.));
#2823=DIRECTION('ref_axis',(-0.500000000000017,-0.866025403784428,0.));
#2824=DIRECTION('',(8.65956056235364E-17,0.707106781186442,-0.707106781186653));
#2825=DIRECTION('center_axis',(0.,0.,1.));
#2826=DIRECTION('ref_axis',(-0.500000000000017,-0.866025403784428,0.));
#2827=DIRECTION('center_axis',(0.,0.,-1.));
#2828=DIRECTION('ref_axis',(0.500000000000017,0.866025403784428,0.));
#2829=DIRECTION('center_axis',(0.,0.,1.));
#2830=DIRECTION('ref_axis',(0.500000000000017,0.866025403784428,0.));
#2831=DIRECTION('',(0.,0.,-1.));
#2832=DIRECTION('center_axis',(0.,0.,-1.));
#2833=DIRECTION('ref_axis',(0.500000000000017,0.866025403784429,0.));
#2834=DIRECTION('',(-0.428583650351021,-0.742328657701269,-0.515038074910221));
#2835=CARTESIAN_POINT('',(0.,0.,0.));
#2836=CARTESIAN_POINT('Origin',(0.,0.,0.));
#2837=CARTESIAN_POINT('',(0.,18.5,0.));
#2838=CARTESIAN_POINT('Origin',(0.,0.,0.));
#2839=CARTESIAN_POINT('',(3.55113169062,-8.269792241397,0.));
#2840=CARTESIAN_POINT('',(2.991984927719,-9.489363845501,0.));
#2841=CARTESIAN_POINT('Origin',(3.945701878467,-9.188658045997,0.));
#2842=CARTESIAN_POINT('',(4.199127966831,-13.31793243406,0.));
#2843=CARTESIAN_POINT('',(4.199127966831,-13.31793243406,0.));
#2844=CARTESIAN_POINT('',(5.520905268835,-13.94702853702,0.));
#2845=CARTESIAN_POINT('Origin',(5.152844917579,-13.01722663456,0.));
#2846=CARTESIAN_POINT('',(9.318028385951,-11.75475848321,0.));
#2847=CARTESIAN_POINT('Origin',(0.,0.,0.));
#2848=CARTESIAN_POINT('',(9.434103830365,-10.29551771005,0.));
#2849=CARTESIAN_POINT('Origin',(8.696826493555,-10.97110791766,0.));
#2850=CARTESIAN_POINT('',(6.722037692098,-7.335816877895,0.));
#2851=CARTESIAN_POINT('',(6.722037692098,-7.335816877895,0.));
#2852=CARTESIAN_POINT('',(5.386284319759,-7.21026637696,0.));
#2853=CARTESIAN_POINT('Origin',(5.984760355288,-8.011407085511,0.));
#2854=CARTESIAN_POINT('Origin',(0.,0.,0.));
#2855=CARTESIAN_POINT('',(9.434103830365,10.29551771005,0.));
#2856=CARTESIAN_POINT('',(9.318028385951,11.75475848321,0.));
#2857=CARTESIAN_POINT('Origin',(8.696826493555,10.97110791766,0.));
#2858=CARTESIAN_POINT('',(5.520905268835,13.94702853702,0.));
#2859=CARTESIAN_POINT('Origin',(0.,0.,0.));
#2860=CARTESIAN_POINT('',(4.199127966831,13.31793243406,0.));
#2861=CARTESIAN_POINT('Origin',(5.152844917579,13.01722663456,0.));
#2862=CARTESIAN_POINT('',(2.991984927719,9.489363845501,0.));
#2863=CARTESIAN_POINT('',(2.991984927719,9.489363845501,0.));
#2864=CARTESIAN_POINT('',(3.55113169062,8.269792241397,0.));
#2865=CARTESIAN_POINT('Origin',(3.945701878467,9.188658045997,0.));
#2866=CARTESIAN_POINT('',(5.386284319759,7.21026637696,0.));
#2867=CARTESIAN_POINT('Origin',(0.,0.,0.));
#2868=CARTESIAN_POINT('',(6.722037692098,7.335816877895,0.));
#2869=CARTESIAN_POINT('Origin',(5.984760355288,8.011407085511,0.));
#2870=CARTESIAN_POINT('',(9.434103830365,10.29551771005,0.));
#2871=CARTESIAN_POINT('',(-8.937416010379,1.059525864438,0.));
#2872=CARTESIAN_POINT('',(-9.714022619817,2.153546967606,0.));
#2873=CARTESIAN_POINT('Origin',(-9.930462233755,1.177250960486,0.));
#2874=CARTESIAN_POINT('',(-13.6332317972,3.022414724012,0.));
#2875=CARTESIAN_POINT('',(-13.6332317972,3.022414724012,0.));
#2876=CARTESIAN_POINT('',(-14.83893365479,2.192270053813,0.));
#2877=CARTESIAN_POINT('Origin',(-13.84967141113,2.046118716892,0.));
#2878=CARTESIAN_POINT('',(-14.83893365479,-2.192270053813,0.));
#2879=CARTESIAN_POINT('Origin',(0.,0.,0.));
#2880=CARTESIAN_POINT('',(-13.6332317972,-3.022414724012,0.));
#2881=CARTESIAN_POINT('Origin',(-13.84967141113,-2.046118716892,0.));
#2882=CARTESIAN_POINT('',(-9.714022619817,-2.153546967606,0.));
#2883=CARTESIAN_POINT('',(-9.714022619817,-2.153546967606,0.));
#2884=CARTESIAN_POINT('',(-8.937416010379,-1.059525864438,0.));
#2885=CARTESIAN_POINT('Origin',(-9.930462233755,-1.177250960486,0.));
#2886=CARTESIAN_POINT('Origin',(0.,0.,0.));
#2887=CARTESIAN_POINT('',(-10.40096509945,8.15500000000016,1.62508895229507E-13));
#2888=CARTESIAN_POINT('Origin',(-10.40096509945,6.005,0.));
#2889=CARTESIAN_POINT('',(2.63299061816701E-16,14.1600000000002,1.62578284168546E-13));
#2890=CARTESIAN_POINT('Origin',(0.,12.01,0.));
#2891=CARTESIAN_POINT('',(10.40096509945,8.15500000000016,1.62786450985664E-13));
#2892=CARTESIAN_POINT('Origin',(10.40096509945,6.005,0.));
#2893=CARTESIAN_POINT('',(10.40096509945,-3.85499999999984,1.62508895229507E-13));
#2894=CARTESIAN_POINT('Origin',(10.40096509945,-6.005,0.));
#2895=CARTESIAN_POINT('',(2.63299061816701E-16,-9.85999999999984,1.62543589699027E-13));
#2896=CARTESIAN_POINT('Origin',(0.,-12.01,0.));
#2897=CARTESIAN_POINT('',(-10.40096509945,-3.85499999999984,1.62751756516144E-13));
#2898=CARTESIAN_POINT('Origin',(-10.40096509945,-6.005,0.));
#2899=CARTESIAN_POINT('',(-6.005,12.70096509945,2.73912836856738E-14));
#2900=CARTESIAN_POINT('Origin',(-6.005,10.40096509945,0.));
#2901=CARTESIAN_POINT('',(-6.005,-8.10096509944997,2.73912836856738E-14));
#2902=CARTESIAN_POINT('Origin',(-6.005,-10.40096509945,0.));
#2903=CARTESIAN_POINT('',(12.01,2.30000000000003,2.73912836856738E-14));
#2904=CARTESIAN_POINT('Origin',(12.01,0.,0.));
#2905=CARTESIAN_POINT('',(9.18485099360486E-16,7.49999999999976,-2.37483643861225E-13));
#2906=CARTESIAN_POINT('Origin',(0.,0.,0.));
#2907=CARTESIAN_POINT('Origin',(0.,0.,0.));
#2908=CARTESIAN_POINT('',(0.,18.5,3.5));
#2909=CARTESIAN_POINT('Origin',(0.,0.,3.5));
#2910=CARTESIAN_POINT('',(-2.2655965784226E-15,18.5,0.));
#2911=CARTESIAN_POINT('Origin',(0.,0.,3.5));
#2912=CARTESIAN_POINT('',(-2.14313189850787E-15,17.5,3.5));
#2913=CARTESIAN_POINT('Origin',(0.,0.,3.5));
#2914=CARTESIAN_POINT('Origin',(0.,0.,10.5));
#2915=CARTESIAN_POINT('',(-16.74551377538,-5.083086503146,10.));
#2916=CARTESIAN_POINT('',(3.970674846333,-17.04358358048,10.));
#2917=CARTESIAN_POINT('Origin',(0.,0.,10.));
#2918=CARTESIAN_POINT('',(-16.74551377538,-5.083086503146,9.2));
#2919=CARTESIAN_POINT('',(-16.74551377538,-5.083086503146,9.2));
#2920=CARTESIAN_POINT('',(-16.74551377538,5.083086503146,9.2));
#2921=CARTESIAN_POINT('Origin',(0.,0.,9.2));
#2922=CARTESIAN_POINT('',(-16.74551377538,5.083086503146,10.));
#2923=CARTESIAN_POINT('',(-16.74551377538,5.083086503146,9.2));
#2924=CARTESIAN_POINT('',(-2.14313189850787E-15,17.5,10.));
#2925=CARTESIAN_POINT('Origin',(0.,0.,10.));
#2926=CARTESIAN_POINT('',(-2.14313189850787E-15,17.5,10.5));
#2927=CARTESIAN_POINT('',(3.970674846333,17.04358358048,10.));
#2928=CARTESIAN_POINT('Origin',(0.,0.,10.));
#2929=CARTESIAN_POINT('',(3.970674846333,17.04358358048,9.2));
#2930=CARTESIAN_POINT('',(3.970674846333,17.04358358048,9.2));
#2931=CARTESIAN_POINT('',(12.77483892905,11.96049707733,9.2));
#2932=CARTESIAN_POINT('Origin',(0.,0.,9.2));
#2933=CARTESIAN_POINT('',(12.77483892905,11.96049707733,10.));
#2934=CARTESIAN_POINT('',(12.77483892905,11.96049707733,9.2));
#2935=CARTESIAN_POINT('',(12.77483892905,-11.96049707733,10.));
#2936=CARTESIAN_POINT('Origin',(0.,0.,10.));
#2937=CARTESIAN_POINT('',(12.77483892905,-11.96049707733,9.2));
#2938=CARTESIAN_POINT('',(12.77483892905,-11.96049707733,9.2));
#2939=CARTESIAN_POINT('',(3.970674846333,-17.04358358048,9.2));
#2940=CARTESIAN_POINT('Origin',(0.,0.,9.2));
#2941=CARTESIAN_POINT('',(3.970674846333,-17.04358358048,9.2));
#2942=CARTESIAN_POINT('Origin',(0.,0.,9.2));
#2943=CARTESIAN_POINT('',(-14.56416580844,-4.318968662121,9.2));
#2944=CARTESIAN_POINT('Origin',(-16.19448310528,-3.160493150248,9.2));
#2945=CARTESIAN_POINT('',(-13.21352498066,-2.766361795857,9.2));
#2946=CARTESIAN_POINT('Origin',(-6.005,-10.40096509945,9.2));
#2947=CARTESIAN_POINT('',(-13.48060344828,-0.723415973236,9.2));
#2948=CARTESIAN_POINT('Origin',(0.,0.,9.2));
#2949=CARTESIAN_POINT('',(-13.48060344828,0.723415973236,9.2));
#2950=CARTESIAN_POINT('Origin',(-14.5,0.,9.2));
#2951=CARTESIAN_POINT('',(-13.21352498066,2.766361795857,9.2));
#2952=CARTESIAN_POINT('Origin',(0.,0.,9.2));
#2953=CARTESIAN_POINT('',(-14.56416580844,4.318968662121,9.2));
#2954=CARTESIAN_POINT('Origin',(-6.005,10.40096509945,9.2));
#2955=CARTESIAN_POINT('Origin',(-16.19448310528,3.160493150248,9.2));
#2956=CARTESIAN_POINT('Origin',(-16.19448310528,3.160493150248,10.5));
#2957=CARTESIAN_POINT('',(-14.56416580844,4.318968662121,10.5));
#2958=CARTESIAN_POINT('',(-14.56416580844,4.318968662121,10.5));
#2959=CARTESIAN_POINT('',(-16.19781896303,5.16049036826,10.5));
#2960=CARTESIAN_POINT('Origin',(-16.19448310528,3.160493150248,10.5));
#2961=CARTESIAN_POINT('Ctrl Pts',(-16.19781896303,5.16049036825933,10.5));
#2962=CARTESIAN_POINT('Ctrl Pts',(-16.2580126671207,5.16038996930253,10.4426771403745));
#2963=CARTESIAN_POINT('Ctrl Pts',(-16.3175916541258,5.15757704268926,10.3867322709625));
#2964=CARTESIAN_POINT('Ctrl Pts',(-16.3765051456276,5.15219292100355,10.3321515233145));
#2965=CARTESIAN_POINT('Ctrl Pts',(-16.3796917297512,5.15190169812325,10.3291992938764));
#2966=CARTESIAN_POINT('Ctrl Pts',(-16.3828763720598,5.15160294138872,10.3262510553709));
#2967=CARTESIAN_POINT('Ctrl Pts',(-16.386059066165,5.151296669235,10.3233068056033));
#2968=CARTESIAN_POINT('Ctrl Pts',(-16.4348598502417,5.1466005467838,10.2781621286633));
#2969=CARTESIAN_POINT('Ctrl Pts',(-16.4832016284806,5.14013332757201,10.2339552281366));
#2970=CARTESIAN_POINT('Ctrl Pts',(-16.53082116959,5.13200949725002,10.1908835546756));
#2971=CARTESIAN_POINT('Ctrl Pts',(-16.5437245727289,5.12980819385158,10.1792124811292));
#2972=CARTESIAN_POINT('Ctrl Pts',(-16.5565750517766,5.12748553238024,10.1676247605103));
#2973=CARTESIAN_POINT('Ctrl Pts',(-16.5693676252674,5.12504439586971,10.1561243212192));
#2974=CARTESIAN_POINT('Ctrl Pts',(-16.6293707270726,5.1135943336389,10.102181927995));
#2975=CARTESIAN_POINT('Ctrl Pts',(-16.6880989442393,5.09954205409765,10.05015976325));
#2976=CARTESIAN_POINT('Ctrl Pts',(-16.7455137753801,5.08308650314638,10.));
#2977=CARTESIAN_POINT('Origin',(0.,0.,10.5));
#2978=CARTESIAN_POINT('',(7.912938862992,10.93779678686,10.5));
#2979=CARTESIAN_POINT('',(5.515940447353,12.32170446737,10.5));
#2980=CARTESIAN_POINT('Origin',(7.25,12.55736835487,10.5));
#2981=CARTESIAN_POINT('',(4.211022899058,12.82642920472,10.5));
#2982=CARTESIAN_POINT('Origin',(0.,0.,10.5));
#2983=CARTESIAN_POINT('',(3.541746324673,14.77242190609,10.5));
#2984=CARTESIAN_POINT('Origin',(-6.005,10.40096509945,10.5));
#2985=CARTESIAN_POINT('',(3.629793726617,16.60796789202,10.5));
#2986=CARTESIAN_POINT('Origin',(5.360174196039,15.60508034546,10.5));
#2987=CARTESIAN_POINT('Origin',(0.,0.,10.5));
#2988=CARTESIAN_POINT('',(-13.21352498066,2.766361795857,10.5));
#2989=CARTESIAN_POINT('Origin',(-6.005,10.40096509945,10.5));
#2990=CARTESIAN_POINT('',(-13.42887931034,1.383907680517,10.5));
#2991=CARTESIAN_POINT('Origin',(0.,0.,10.5));
#2992=CARTESIAN_POINT('',(-13.42887931034,-1.383907680517,10.5));
#2993=CARTESIAN_POINT('Origin',(-14.5,0.,10.5));
#2994=CARTESIAN_POINT('',(-13.21352498066,-2.766361795857,10.5));
#2995=CARTESIAN_POINT('Origin',(0.,0.,10.5));
#2996=CARTESIAN_POINT('',(-14.56416580844,-4.318968662121,10.5));
#2997=CARTESIAN_POINT('Origin',(-6.005,-10.40096509945,10.5));
#2998=CARTESIAN_POINT('',(-16.19781896303,-5.16049036826,10.5));
#2999=CARTESIAN_POINT('Origin',(-16.19448310528,-3.160493150248,10.5));
#3000=CARTESIAN_POINT('',(3.629793726617,-16.60796789202,10.5));
#3001=CARTESIAN_POINT('Origin',(0.,0.,10.5));
#3002=CARTESIAN_POINT('',(3.541746324673,-14.77242190609,10.5));
#3003=CARTESIAN_POINT('Origin',(5.360174196039,-15.60508034546,10.5));
#3004=CARTESIAN_POINT('',(4.211022899058,-12.82642920472,10.5));
#3005=CARTESIAN_POINT('Origin',(-6.005,-10.40096509945,10.5));
#3006=CARTESIAN_POINT('',(5.515940447353,-12.32170446737,10.5));
#3007=CARTESIAN_POINT('Origin',(0.,0.,10.5));
#3008=CARTESIAN_POINT('',(7.912938862992,-10.93779678686,10.5));
#3009=CARTESIAN_POINT('Origin',(7.25,-12.55736835487,10.5));
#3010=CARTESIAN_POINT('',(9.002502081599,-10.06006740886,10.5));
#3011=CARTESIAN_POINT('Origin',(0.,0.,10.5));
#3012=CARTESIAN_POINT('',(11.02241948376,-10.45345324397,10.5));
#3013=CARTESIAN_POINT('Origin',(12.01,0.,10.5));
#3014=CARTESIAN_POINT('',(12.56802523641,-11.44747752376,10.5));
#3015=CARTESIAN_POINT('Origin',(10.83430890924,-12.44458719521,10.5));
#3016=CARTESIAN_POINT('',(12.56802523641,11.44747752376,10.5));
#3017=CARTESIAN_POINT('Origin',(0.,0.,10.5));
#3018=CARTESIAN_POINT('',(11.02241948376,10.45345324397,10.5));
#3019=CARTESIAN_POINT('Origin',(10.83430890924,12.44458719521,10.5));
#3020=CARTESIAN_POINT('',(9.002502081599,10.06006740886,10.5));
#3021=CARTESIAN_POINT('Origin',(12.01,0.,10.5));
#3022=CARTESIAN_POINT('Origin',(0.,0.,10.5));
#3023=CARTESIAN_POINT('',(-6.005,12.7009650994485,10.5000000000015));
#3024=CARTESIAN_POINT('Origin',(-6.005,10.40096509945,10.5));
#3025=CARTESIAN_POINT('',(12.01,2.29999999999848,10.5000000000015));
#3026=CARTESIAN_POINT('Origin',(12.01,0.,10.5));
#3027=CARTESIAN_POINT('',(-6.005,-8.10096509945152,10.5000000000015));
#3028=CARTESIAN_POINT('Origin',(-6.005,-10.40096509945,10.5));
#3029=CARTESIAN_POINT('',(-1.04094977927512E-15,8.49999999999897,10.500000000001));
#3030=CARTESIAN_POINT('Origin',(-1.66551964684E-14,0.,10.5));
#3031=CARTESIAN_POINT('Origin',(-6.005,-10.40096509945,10.34999999715));
#3032=CARTESIAN_POINT('',(-4.27294919243114,-11.40096509945,10.2));
#3033=CARTESIAN_POINT('',(-6.005,-8.40096509945148,10.2000000000015));
#3034=CARTESIAN_POINT('Origin',(-6.005,-10.40096509945,10.2));
#3035=CARTESIAN_POINT('',(-6.005,-8.250965102303,10.34999999715));
#3036=CARTESIAN_POINT('Origin',(-6.005,-10.40096509945,10.2));
#3037=CARTESIAN_POINT('Origin',(-6.005,-10.40096509945,10.5));
#3038=CARTESIAN_POINT('',(-4.27294919243114,-11.40096509945,6.5));
#3039=CARTESIAN_POINT('Origin',(-6.005,-10.40096509945,6.5));
#3040=CARTESIAN_POINT('',(-4.27294919243114,-11.40096509945,10.5));
#3041=CARTESIAN_POINT('Origin',(0.,0.,6.5));
#3042=CARTESIAN_POINT('',(-6.005,-9.150965099451,6.5));
#3043=CARTESIAN_POINT('Origin',(-6.005,-10.40096509945,6.5));
#3044=CARTESIAN_POINT('Origin',(-6.005,-10.40096509945,6.5));
#3045=CARTESIAN_POINT('',(-6.005,-9.150965099451,4.5));
#3046=CARTESIAN_POINT('Origin',(-6.005,-10.40096509945,4.5));
#3047=CARTESIAN_POINT('',(-6.005,-9.15096509945,6.5));
#3048=CARTESIAN_POINT('Origin',(0.,0.,4.5));
#3049=CARTESIAN_POINT('',(12.01,2.,4.5));
#3050=CARTESIAN_POINT('Origin',(12.01,0.,4.5));
#3051=CARTESIAN_POINT('',(12.01,1.25,4.5));
#3052=CARTESIAN_POINT('Origin',(12.01,0.,4.5));
#3053=CARTESIAN_POINT('Origin',(0.,0.,4.5));
#3054=CARTESIAN_POINT('',(-6.005,12.40096509945,4.5));
#3055=CARTESIAN_POINT('Origin',(-6.005,10.40096509945,4.5));
#3056=CARTESIAN_POINT('',(-6.005,11.65096509945,4.5));
#3057=CARTESIAN_POINT('Origin',(-6.005,10.40096509945,4.5));
#3058=CARTESIAN_POINT('Origin',(0.,0.,4.5));
#3059=CARTESIAN_POINT('',(-6.005,-8.40096509945,4.5));
#3060=CARTESIAN_POINT('Origin',(-6.005,-10.40096509945,4.5));
#3061=CARTESIAN_POINT('Origin',(12.01,0.,0.));
#3062=CARTESIAN_POINT('',(12.01,2.,0.3));
#3063=CARTESIAN_POINT('',(12.01,2.,0.));
#3064=CARTESIAN_POINT('Origin',(12.01,0.,0.3));
#3065=CARTESIAN_POINT('Origin',(12.01,0.,0.1500000028531));
#3066=CARTESIAN_POINT('',(12.01,2.149999997147,0.1500000028531));
#3067=CARTESIAN_POINT('Origin',(-6.005,10.40096509945,0.));
#3068=CARTESIAN_POINT('',(-6.005,12.40096509945,0.3));
#3069=CARTESIAN_POINT('',(-6.005,12.40096509945,0.));
#3070=CARTESIAN_POINT('Origin',(-6.005,10.40096509945,0.3));
#3071=CARTESIAN_POINT('Origin',(-6.005,10.40096509945,0.1500000028531));
#3072=CARTESIAN_POINT('',(-6.005,12.550965096597,0.1500000028531));
#3073=CARTESIAN_POINT('Origin',(-6.005,-10.40096509945,0.));
#3074=CARTESIAN_POINT('',(-6.005,-8.40096509945,0.3));
#3075=CARTESIAN_POINT('',(-6.005,-8.40096509945,0.));
#3076=CARTESIAN_POINT('Origin',(-6.005,-10.40096509945,0.3));
#3077=CARTESIAN_POINT('Origin',(-6.005,-10.40096509945,0.1500000028531));
#3078=CARTESIAN_POINT('',(-6.005,-8.250965102303,0.1500000028531));
#3079=CARTESIAN_POINT('Origin',(12.01,0.,6.5));
#3080=CARTESIAN_POINT('',(12.01,1.25,6.5));
#3081=CARTESIAN_POINT('',(12.01,1.25,6.5));
#3082=CARTESIAN_POINT('Origin',(12.01,0.,6.5));
#3083=CARTESIAN_POINT('Origin',(0.,0.,6.5));
#3084=CARTESIAN_POINT('',(12.01,2.,6.5));
#3085=CARTESIAN_POINT('Origin',(12.01,0.,6.5));
#3086=CARTESIAN_POINT('Origin',(12.01,0.,10.5));
#3087=CARTESIAN_POINT('',(12.01,2.,10.2));
#3088=CARTESIAN_POINT('',(12.01,2.,10.5));
#3089=CARTESIAN_POINT('Origin',(12.01,0.,10.2));
#3090=CARTESIAN_POINT('Origin',(12.01,0.,10.34999999715));
#3091=CARTESIAN_POINT('',(12.01,2.149999997147,10.34999999715));
#3092=CARTESIAN_POINT('Origin',(-6.005,10.40096509945,6.5));
#3093=CARTESIAN_POINT('',(-6.005,11.65096509945,6.5));
#3094=CARTESIAN_POINT('',(-6.005,11.65096509945,6.5));
#3095=CARTESIAN_POINT('Origin',(-6.005,10.40096509945,6.5));
#3096=CARTESIAN_POINT('Origin',(0.,0.,6.5));
#3097=CARTESIAN_POINT('',(-7.73705080756886,9.40096509944997,6.5));
#3098=CARTESIAN_POINT('Origin',(-6.005,10.40096509945,6.5));
#3099=CARTESIAN_POINT('Origin',(-6.005,10.40096509945,10.5));
#3100=CARTESIAN_POINT('',(-7.73705080756886,9.40096509944997,10.2));
#3101=CARTESIAN_POINT('',(-7.73705080756886,9.40096509944997,10.5));
#3102=CARTESIAN_POINT('',(-6.005,12.4009650994485,10.2000000000015));
#3103=CARTESIAN_POINT('Origin',(-6.005,10.40096509945,10.2));
#3104=CARTESIAN_POINT('Origin',(-6.005,10.40096509945,10.2));
#3105=CARTESIAN_POINT('Origin',(-6.005,10.40096509945,10.34999999715));
#3106=CARTESIAN_POINT('',(-6.005,12.550965096597,10.34999999715));
#3107=CARTESIAN_POINT('Origin',(0.,0.,10.5));
#3108=CARTESIAN_POINT('',(9.002502081599,10.06006740886,9.2));
#3109=CARTESIAN_POINT('',(9.002502081599,10.06006740886,10.5));
#3110=CARTESIAN_POINT('',(7.366798334464,11.31283705793,9.2));
#3111=CARTESIAN_POINT('Origin',(0.,0.,9.2));
#3112=CARTESIAN_POINT('',(7.366798334464,11.31283705793,10.));
#3113=CARTESIAN_POINT('',(7.366798334464,11.31283705793,9.2));
#3114=CARTESIAN_POINT('Ctrl Pts',(7.91293886299365,10.9377967868545,10.4999999999946));
#3115=CARTESIAN_POINT('Ctrl Pts',(7.89236073401471,10.952684015032,10.4784268726171));
#3116=CARTESIAN_POINT('Ctrl Pts',(7.87174102036932,10.9675118654411,10.4570502119409));
#3117=CARTESIAN_POINT('Ctrl Pts',(7.69346276654317,11.0949691465047,10.2743758209985));
#3118=CARTESIAN_POINT('Ctrl Pts',(7.53660910757372,11.2022581011147,10.1259620704065));
#3119=CARTESIAN_POINT('Ctrl Pts',(7.36679833446764,11.3128370579305,9.99999999999549));
#3120=CARTESIAN_POINT('Origin',(0.,0.,10.5));
#3121=CARTESIAN_POINT('',(6.113805113812,12.03625303117,10.));
#3122=CARTESIAN_POINT('Ctrl Pts',(6.11380511380981,12.0362530311702,9.99999999999673));
#3123=CARTESIAN_POINT('Ctrl Pts',(5.93313554153104,12.1280239961081,10.1259620704075));
#3124=CARTESIAN_POINT('Ctrl Pts',(5.76179375180915,12.210218772147,10.274375820999));
#3125=CARTESIAN_POINT('Ctrl Pts',(5.5622733815973,12.3008836283712,10.4570502119418));
#3126=CARTESIAN_POINT('Ctrl Pts',(5.53912222963585,12.3113268990028,10.4784268726189));
#3127=CARTESIAN_POINT('Ctrl Pts',(5.51594044735173,12.3217044673726,10.4999999999974));
#3128=CARTESIAN_POINT('',(6.113805113812,12.03625303117,9.2));
#3129=CARTESIAN_POINT('',(6.113805113812,12.03625303117,9.2));
#3130=CARTESIAN_POINT('',(4.211022899058,12.82642920472,9.2));
#3131=CARTESIAN_POINT('Origin',(0.,0.,9.2));
#3132=CARTESIAN_POINT('',(4.211022899058,12.82642920472,10.5));
#3133=CARTESIAN_POINT('Origin',(7.25,12.55736835487,10.249999996));
#3134=CARTESIAN_POINT('',(6.62499999999998,11.4748366001395,10.));
#3135=CARTESIAN_POINT('Origin',(7.25,12.55736835487,10.));
#3136=CARTESIAN_POINT('Origin',(7.25,12.55736835487,10.));
#3137=CARTESIAN_POINT('Origin',(7.25,12.55736835487,3.936370437526));
#3138=CARTESIAN_POINT('',(6.62499999999998,11.4748366001395,5.));
#3139=CARTESIAN_POINT('Origin',(7.25,12.55736835487,5.));
#3140=CARTESIAN_POINT('',(6.62499999999998,11.4748366001395,3.936370437526));
#3141=CARTESIAN_POINT('Origin',(7.25,12.55736835487,9.2));
#3142=CARTESIAN_POINT('Origin',(0.,0.,9.2));
#3143=CARTESIAN_POINT('',(3.541746324673,14.77242190609,9.2));
#3144=CARTESIAN_POINT('Origin',(5.360174196039,15.60508034546,9.2));
#3145=CARTESIAN_POINT('Origin',(-6.005,10.40096509945,9.2));
#3146=CARTESIAN_POINT('',(11.02241948376,10.45345324397,9.2));
#3147=CARTESIAN_POINT('Origin',(12.01,0.,9.2));
#3148=CARTESIAN_POINT('Origin',(10.83430890924,12.44458719521,9.2));
#3149=CARTESIAN_POINT('Origin',(5.360174196039,15.60508034546,10.5));
#3150=CARTESIAN_POINT('',(3.541746324673,14.77242190609,10.5));
#3151=CARTESIAN_POINT('Ctrl Pts',(3.97067484633238,17.0435835804807,10.));
#3152=CARTESIAN_POINT('Ctrl Pts',(3.92768606189075,17.0020592470123,10.05019531046));
#3153=CARTESIAN_POINT('Ctrl Pts',(3.88614102764946,16.9582053623244,10.10224093556));
#3154=CARTESIAN_POINT('Ctrl Pts',(3.84627853668674,16.9120309690852,10.1561062595167));
#3155=CARTESIAN_POINT('Ctrl Pts',(3.80641604572401,16.8658565758461,10.2099715834733));
#3156=CARTESIAN_POINT('Ctrl Pts',(3.76823858517117,16.8173593676783,10.2656566062867));
#3157=CARTESIAN_POINT('Ctrl Pts',(3.73206423626961,16.7666559817832,10.3230079386633));
#3158=CARTESIAN_POINT('Ctrl Pts',(3.69588988736806,16.7159525958882,10.38035927104));
#3159=CARTESIAN_POINT('Ctrl Pts',(3.66171528725246,16.6630452985203,10.43937691298));
#3160=CARTESIAN_POINT('Ctrl Pts',(3.62979372661748,16.6079678920197,10.5));
#3161=CARTESIAN_POINT('Origin',(0.,0.,10.25));
#3162=CARTESIAN_POINT('Ctrl Pts',(-16.7455137753801,-5.08308650314638,10.));
#3163=CARTESIAN_POINT('Ctrl Pts',(-16.6880582555094,-5.09955371581389,10.05019531046));
#3164=CARTESIAN_POINT('Ctrl Pts',(-16.6293071601906,-5.11360582852541,10.10224093556));
#3165=CARTESIAN_POINT('Ctrl Pts',(-16.5693877171591,-5.12504056173794,10.1561062595167));
#3166=CARTESIAN_POINT('Ctrl Pts',(-16.5094682741275,-5.13647529495047,10.2099715834733));
#3167=CARTESIAN_POINT('Ctrl Pts',(-16.4483797295679,-5.14528934155707,10.2656566062867));
#3168=CARTESIAN_POINT('Ctrl Pts',(-16.3863821348732,-5.15126555372389,10.3230079386633));
#3169=CARTESIAN_POINT('Ctrl Pts',(-16.3243845401786,-5.15724176589071,10.38035927104));
#3170=CARTESIAN_POINT('Ctrl Pts',(-16.26147817655,-5.16038418907125,10.43937691298));
#3171=CARTESIAN_POINT('Ctrl Pts',(-16.19781896303,-5.16049036825933,10.5));
#3172=CARTESIAN_POINT('Ctrl Pts',(3.62979372661748,-16.6079678920197,10.5));
#3173=CARTESIAN_POINT('Ctrl Pts',(3.65997752706113,-16.6600469700378,10.4426771397013));
#3174=CARTESIAN_POINT('Ctrl Pts',(3.69220308687218,-16.7102374235775,10.3867322696485));
#3175=CARTESIAN_POINT('Ctrl Pts',(3.72632261922558,-16.7585659435254,10.3321515213916));
#3176=CARTESIAN_POINT('Ctrl Pts',(3.72816811730166,-16.7611799943178,10.3291992925962));
#3177=CARTESIAN_POINT('Ctrl Pts',(3.73001916897694,-16.7637885965242,10.3262510547317));
#3178=CARTESIAN_POINT('Ctrl Pts',(3.73187575509203,-16.7663917538297,10.3233068056033));
#3179=CARTESIAN_POINT('Ctrl Pts',(3.760343108468,-16.8063064113332,10.2781621286708));
#3180=CARTESIAN_POINT('Ctrl Pts',(3.79011477371176,-16.8449380097406,10.2339552281511));
#3181=CARTESIAN_POINT('Ctrl Pts',(3.82095998769585,-16.8821158268913,10.1908835546968));
#3182=CARTESIAN_POINT('Ctrl Pts',(3.82931807393471,-16.8921898501119,10.1792124811433));
#3183=CARTESIAN_POINT('Ctrl Pts',(3.83775479730217,-16.9021573606885,10.1676247605172));
#3184=CARTESIAN_POINT('Ctrl Pts',(3.84626517028487,-16.9120154860619,10.1561243212192));
#3185=CARTESIAN_POINT('Ctrl Pts',(3.88618276595394,-16.9582546654155,10.102181927995));
#3186=CARTESIAN_POINT('Ctrl Pts',(3.92771650560016,-17.0020886536298,10.05015976325));
#3187=CARTESIAN_POINT('Ctrl Pts',(3.97067484633238,-17.0435835804807,10.));
#3188=CARTESIAN_POINT('Origin',(0.,0.,10.25));
#3189=CARTESIAN_POINT('Ctrl Pts',(12.7748389290469,-11.9604970773308,10.));
#3190=CARTESIAN_POINT('Ctrl Pts',(12.7603721936084,-11.9025055311905,10.05019531046));
#3191=CARTESIAN_POINT('Ctrl Pts',(12.7431661325355,-11.844599533796,10.10224093556));
#3192=CARTESIAN_POINT('Ctrl Pts',(12.7231091804683,-11.7869904073468,10.1561062595167));
#3193=CARTESIAN_POINT('Ctrl Pts',(12.703052228401,-11.7293812808975,10.2099715834733));
#3194=CARTESIAN_POINT('Ctrl Pts',(12.6801411443921,-11.6720700261237,10.2656566062867));
#3195=CARTESIAN_POINT('Ctrl Pts',(12.6543178986,-11.6153904280619,10.3230079386633));
#3196=CARTESIAN_POINT('Ctrl Pts',(12.6284946528079,-11.5587108300001,10.38035927104));
#3197=CARTESIAN_POINT('Ctrl Pts',(12.5997628892991,-11.5026611094506,10.43937691298));
#3198=CARTESIAN_POINT('Ctrl Pts',(12.5680252364111,-11.4474775237594,10.5));
#3199=CARTESIAN_POINT('Ctrl Pts',(12.5680252364111,11.4474775237594,10.5));
#3200=CARTESIAN_POINT('Ctrl Pts',(12.5980351407643,11.4996570007454,10.4426771396924));
#3201=CARTESIAN_POINT('Ctrl Pts',(12.625388568656,11.5526603809725,10.3867322696311));
#3202=CARTESIAN_POINT('Ctrl Pts',(12.6501825284845,11.6063730227385,10.3321515213662));
#3203=CARTESIAN_POINT('Ctrl Pts',(12.6515236138355,11.6092782963429,10.3291992925793));
#3204=CARTESIAN_POINT('Ctrl Pts',(12.6528572037731,11.6121856552123,10.3262510547232));
#3205=CARTESIAN_POINT('Ctrl Pts',(12.6541833110684,11.6150950845967,10.3233068056033));
#3206=CARTESIAN_POINT('Ctrl Pts',(12.6745167417831,11.6597058645976,10.2781621286233));
#3207=CARTESIAN_POINT('Ctrl Pts',(12.693086854788,11.7048046822626,10.2339552280581));
#3208=CARTESIAN_POINT('Ctrl Pts',(12.7098611819193,11.7501063297807,10.1908835545609));
#3209=CARTESIAN_POINT('Ctrl Pts',(12.7144064988084,11.7623816563531,10.1792124810533));
#3210=CARTESIAN_POINT('Ctrl Pts',(12.7188202544787,11.7746718283544,10.1676247604726));
#3211=CARTESIAN_POINT('Ctrl Pts',(12.7231024549778,11.7869710901918,10.1561243212192));
#3212=CARTESIAN_POINT('Ctrl Pts',(12.7431879611132,11.844660331775,10.102181927995));
#3213=CARTESIAN_POINT('Ctrl Pts',(12.7603824386326,11.9025465995295,10.05015976325));
#3214=CARTESIAN_POINT('Ctrl Pts',(12.7748389290469,11.9604970773308,10.));
#3215=CARTESIAN_POINT('Origin',(0.,0.,10.25));
#3216=CARTESIAN_POINT('Origin',(5.360174196039,-15.60508034546,10.5));
#3217=CARTESIAN_POINT('',(3.541746324673,-14.77242190609,9.2));
#3218=CARTESIAN_POINT('Origin',(5.360174196039,-15.60508034546,9.2));
#3219=CARTESIAN_POINT('',(3.541746324673,-14.77242190609,10.5));
#3220=CARTESIAN_POINT('Origin',(-6.005,-10.40096509945,10.5));
#3221=CARTESIAN_POINT('',(4.211022899058,-12.82642920472,9.2));
#3222=CARTESIAN_POINT('Origin',(-6.005,-10.40096509945,9.2));
#3223=CARTESIAN_POINT('',(4.211022899058,-12.82642920472,10.5));
#3224=CARTESIAN_POINT('Origin',(0.,0.,10.5));
#3225=CARTESIAN_POINT('',(6.113805113812,-12.03625303117,9.2));
#3226=CARTESIAN_POINT('Origin',(0.,0.,9.2));
#3227=CARTESIAN_POINT('',(6.113805113812,-12.03625303117,10.));
#3228=CARTESIAN_POINT('',(6.113805113812,-12.03625303117,9.2));
#3229=CARTESIAN_POINT('Ctrl Pts',(5.51594044735173,-12.3217044673726,10.4999999999974));
#3230=CARTESIAN_POINT('Ctrl Pts',(5.53912222963585,-12.3113268990028,10.4784268726189));
#3231=CARTESIAN_POINT('Ctrl Pts',(5.56227338159729,-12.3008836283712,10.4570502119418));
#3232=CARTESIAN_POINT('Ctrl Pts',(5.76179375180914,-12.210218772147,10.274375820999));
#3233=CARTESIAN_POINT('Ctrl Pts',(5.93313554153104,-12.1280239961081,10.1259620704075));
#3234=CARTESIAN_POINT('Ctrl Pts',(6.11380511380981,-12.0362530311702,9.99999999999673));
#3235=CARTESIAN_POINT('Origin',(0.,0.,10.5));
#3236=CARTESIAN_POINT('',(7.366798334464,-11.31283705793,10.));
#3237=CARTESIAN_POINT('Ctrl Pts',(7.36679833446764,-11.3128370579305,9.99999999999549));
#3238=CARTESIAN_POINT('Ctrl Pts',(7.53660910757372,-11.2022581011147,10.1259620704065));
#3239=CARTESIAN_POINT('Ctrl Pts',(7.69346276654317,-11.0949691465047,10.2743758209985));
#3240=CARTESIAN_POINT('Ctrl Pts',(7.87174102036931,-10.9675118654411,10.4570502119409));
#3241=CARTESIAN_POINT('Ctrl Pts',(7.89236073401471,-10.952684015032,10.4784268726171));
#3242=CARTESIAN_POINT('Ctrl Pts',(7.91293886299365,-10.9377967868545,10.4999999999946));
#3243=CARTESIAN_POINT('',(7.366798334464,-11.31283705793,9.2));
#3244=CARTESIAN_POINT('',(7.366798334464,-11.31283705793,9.2));
#3245=CARTESIAN_POINT('',(9.002502081599,-10.06006740886,9.2));
#3246=CARTESIAN_POINT('Origin',(0.,0.,9.2));
#3247=CARTESIAN_POINT('',(9.002502081599,-10.06006740886,10.5));
#3248=CARTESIAN_POINT('Origin',(7.25,-12.55736835487,10.249999996));
#3249=CARTESIAN_POINT('',(6.62499999999998,-11.4748366001395,10.));
#3250=CARTESIAN_POINT('Origin',(7.25,-12.55736835487,10.));
#3251=CARTESIAN_POINT('Origin',(7.25,-12.55736835487,10.));
#3252=CARTESIAN_POINT('Origin',(7.25,-12.55736835487,3.936370437526));
#3253=CARTESIAN_POINT('',(6.62499999999998,-11.4748366001395,5.));
#3254=CARTESIAN_POINT('Origin',(7.25,-12.55736835487,5.));
#3255=CARTESIAN_POINT('',(6.62499999999998,-11.4748366001395,3.936370437526));
#3256=CARTESIAN_POINT('Origin',(7.25,-12.55736835487,9.2));
#3257=CARTESIAN_POINT('Origin',(0.,0.,9.2));
#3258=CARTESIAN_POINT('',(11.02241948376,-10.45345324397,9.2));
#3259=CARTESIAN_POINT('Origin',(10.83430890924,-12.44458719521,9.2));
#3260=CARTESIAN_POINT('Origin',(12.01,0.,9.2));
#3261=CARTESIAN_POINT('Origin',(7.25,-12.55736835487,4.640961543073));
#3262=CARTESIAN_POINT('',(7.25,-12.55736835487,4.248924226216));
#3263=CARTESIAN_POINT('',(6.92377016861954,-11.9923217119744,4.640961543073));
#3264=CARTESIAN_POINT('Origin',(12.01,0.,10.5));
#3265=CARTESIAN_POINT('',(11.02241948376,-10.45345324397,10.5));
#3266=CARTESIAN_POINT('Origin',(10.83430890924,-12.44458719521,10.5));
#3267=CARTESIAN_POINT('Origin',(-16.19448310528,-3.160493150248,10.5));
#3268=CARTESIAN_POINT('',(-14.56416580844,-4.318968662121,10.5));
#3269=CARTESIAN_POINT('Origin',(-6.005,-10.40096509945,10.5));
#3270=CARTESIAN_POINT('',(-13.21352498066,-2.766361795857,10.5));
#3271=CARTESIAN_POINT('Origin',(0.,0.,10.5));
#3272=CARTESIAN_POINT('',(-13.21352498066,2.766361795857,10.5));
#3273=CARTESIAN_POINT('',(-13.48060344828,0.723415973236,10.));
#3274=CARTESIAN_POINT('',(-13.48060344828,0.723415973236,9.2));
#3275=CARTESIAN_POINT('Ctrl Pts',(-13.4288793103446,1.38390768051852,10.4999999999988));
#3276=CARTESIAN_POINT('Ctrl Pts',(-13.4314829636488,1.35864288397179,10.4784268726213));
#3277=CARTESIAN_POINT('Ctrl Pts',(-13.4340144019639,1.33337176293172,10.4570502119453));
#3278=CARTESIAN_POINT('Ctrl Pts',(-13.4552565183493,1.11524962564302,10.274375821002));
#3279=CARTESIAN_POINT('Ctrl Pts',(-13.4697446491024,0.925765894992713,10.1259620704092));
#3280=CARTESIAN_POINT('Ctrl Pts',(-13.4806034482758,0.723415973237205,9.9999999999977));
#3281=CARTESIAN_POINT('Origin',(0.,0.,10.5));
#3282=CARTESIAN_POINT('',(-13.48060344828,-0.723415973236,10.));
#3283=CARTESIAN_POINT('Ctrl Pts',(-13.4806034482758,-0.723415973237205,
9.9999999999977));
#3284=CARTESIAN_POINT('Ctrl Pts',(-13.4697446491024,-0.925765894992711,
10.1259620704092));
#3285=CARTESIAN_POINT('Ctrl Pts',(-13.4552565183493,-1.11524962564301,10.274375821002));
#3286=CARTESIAN_POINT('Ctrl Pts',(-13.4340144019639,-1.33337176293172,10.4570502119453));
#3287=CARTESIAN_POINT('Ctrl Pts',(-13.4314829636488,-1.35864288397179,10.4784268726213));
#3288=CARTESIAN_POINT('Ctrl Pts',(-13.4288793103446,-1.38390768051852,10.4999999999988));
#3289=CARTESIAN_POINT('',(-13.48060344828,-0.723415973236,9.2));
#3290=CARTESIAN_POINT('Origin',(-14.5,0.,10.249999996));
#3291=CARTESIAN_POINT('',(-13.25,1.53080849893419E-16,10.));
#3292=CARTESIAN_POINT('Origin',(-14.5,0.,10.));
#3293=CARTESIAN_POINT('Origin',(-14.5,0.,10.));
#3294=CARTESIAN_POINT('Origin',(-14.5,0.,3.936370437526));
#3295=CARTESIAN_POINT('',(-13.25,1.53080849893419E-16,5.));
#3296=CARTESIAN_POINT('Origin',(-14.5,0.,5.));
#3297=CARTESIAN_POINT('',(-13.25,1.53080849893419E-16,3.936370437526));
#3298=CARTESIAN_POINT('Origin',(-14.5,0.,4.640961543073));
#3299=CARTESIAN_POINT('',(-14.5,0.,4.248924226216));
#3300=CARTESIAN_POINT('',(-13.8475403372391,7.99032637572897E-17,4.640961543073));
#3301=CARTESIAN_POINT('Origin',(-6.005,10.40096509945,10.5));
#3302=CARTESIAN_POINT('Origin',(10.83430890924,12.44458719521,10.5));
#3303=CARTESIAN_POINT('',(11.02241948376,10.45345324397,10.5));
#3304=CARTESIAN_POINT('Origin',(12.01,0.,10.5));
#3305=CARTESIAN_POINT('Origin',(-6.005,10.40096509945,10.5));
#3306=CARTESIAN_POINT('Origin',(7.25,12.55736835487,4.640961543073));
#3307=CARTESIAN_POINT('',(7.25,12.55736835487,4.248924226216));
#3308=CARTESIAN_POINT('',(6.92377016861954,11.9923217119744,4.640961543073));
#3309=CARTESIAN_POINT('Origin',(0.,0.,10.24999999964));
#3310=CARTESIAN_POINT('',(-9.79717439317765E-16,7.99999999999904,10.000000000001));
#3311=CARTESIAN_POINT('Origin',(0.,0.,10.));
#3312=CARTESIAN_POINT('',(-1.01033360925223E-15,8.249999999638,10.24999999964));
#3313=CARTESIAN_POINT('Origin',(0.,0.,10.5));
#3314=CARTESIAN_POINT('',(0.,8.,4.7));
#3315=CARTESIAN_POINT('Origin',(0.,0.,4.7));
#3316=CARTESIAN_POINT('',(-9.79717439317883E-16,8.,10.5));
#3317=CARTESIAN_POINT('Origin',(0.,0.,4.7));
#3318=CARTESIAN_POINT('',(0.,5.,4.7));
#3319=CARTESIAN_POINT('Origin',(0.,0.,4.7));
#3320=CARTESIAN_POINT('Origin',(0.,0.,4.7));
#3321=CARTESIAN_POINT('',(0.,5.,3.));
#3322=CARTESIAN_POINT('Origin',(0.,0.,3.));
#3323=CARTESIAN_POINT('',(-6.12323399573677E-16,5.,4.7));
#3324=CARTESIAN_POINT('Origin',(0.,0.,3.));
#3325=CARTESIAN_POINT('',(8.57252759403147E-16,7.,3.));
#3326=CARTESIAN_POINT('Origin',(0.,0.,3.));
#3327=CARTESIAN_POINT('Origin',(0.,0.,0.));
#3328=CARTESIAN_POINT('',(8.57252759403147E-16,7.,0.5));
#3329=CARTESIAN_POINT('',(8.57252759403147E-16,7.,0.));
#3330=CARTESIAN_POINT('Origin',(0.,0.,0.5));
#3331=CARTESIAN_POINT('Origin',(0.,0.,0.2500000005016));
#3332=CARTESIAN_POINT('',(8.87868929320354E-16,7.249999999498,0.2500000005016));
#3333=CARTESIAN_POINT('Origin',(0.,0.,0.));
#3334=CARTESIAN_POINT('',(3.55113169062,-8.269792241397,3.));
#3335=CARTESIAN_POINT('',(5.386284319759,-7.21026637696,3.));
#3336=CARTESIAN_POINT('Origin',(0.,0.,3.));
#3337=CARTESIAN_POINT('',(3.55113169062,-8.269792241397,0.));
#3338=CARTESIAN_POINT('',(5.386284319759,-7.21026637696,0.));
#3339=CARTESIAN_POINT('Origin',(5.984760355288,-8.011407085511,-13.6878));
#3340=CARTESIAN_POINT('',(6.722037692098,-7.335816877895,3.));
#3341=CARTESIAN_POINT('',(6.722037692098,-7.335816877895,0.));
#3342=CARTESIAN_POINT('Origin',(5.984760355288,-8.011407085511,3.));
#3343=CARTESIAN_POINT('Origin',(0.,0.,3.));
#3344=CARTESIAN_POINT('',(9.318028385951,-11.75475848321,3.));
#3345=CARTESIAN_POINT('',(5.520905268835,-13.94702853702,3.));
#3346=CARTESIAN_POINT('Origin',(0.,0.,3.));
#3347=CARTESIAN_POINT('',(4.199127966831,-13.31793243406,3.));
#3348=CARTESIAN_POINT('Origin',(5.152844917579,-13.01722663456,3.));
#3349=CARTESIAN_POINT('',(2.991984927719,-9.489363845501,3.));
#3350=CARTESIAN_POINT('',(4.199127966831,-13.31793243406,3.));
#3351=CARTESIAN_POINT('Origin',(3.945701878467,-9.188658045997,3.));
#3352=CARTESIAN_POINT('',(9.434103830365,-10.29551771005,3.));
#3353=CARTESIAN_POINT('',(6.722037692098,-7.335816877895,3.));
#3354=CARTESIAN_POINT('Origin',(8.696826493555,-10.97110791766,3.));
#3355=CARTESIAN_POINT('Origin',(8.696826493555,-10.97110791766,-13.6878));
#3356=CARTESIAN_POINT('',(9.434103830365,-10.29551771005,0.));
#3357=CARTESIAN_POINT('',(9.318028385951,-11.75475848321,0.));
#3358=CARTESIAN_POINT('Origin',(0.,0.,0.));
#3359=CARTESIAN_POINT('',(5.520905268835,-13.94702853702,0.));
#3360=CARTESIAN_POINT('Origin',(5.152844917579,-13.01722663456,-13.6878));
#3361=CARTESIAN_POINT('',(4.199127966831,-13.31793243406,0.));
#3362=CARTESIAN_POINT('Origin',(4.510586992564,-14.30575426122,0.));
#3363=CARTESIAN_POINT('',(2.991984927719,-9.489363845501,0.));
#3364=CARTESIAN_POINT('Origin',(3.945701878467,-9.188658045997,-13.6878));
#3365=CARTESIAN_POINT('Origin',(6.080311868541,-6.635496031291,0.));
#3366=CARTESIAN_POINT('Origin',(10.13385311423,11.05916005215,0.));
#3367=CARTESIAN_POINT('',(9.434103830365,10.29551771005,3.));
#3368=CARTESIAN_POINT('',(6.722037692098,7.335816877895,3.));
#3369=CARTESIAN_POINT('',(9.434103830365,10.29551771005,3.));
#3370=CARTESIAN_POINT('',(9.434103830365,10.29551771005,0.));
#3371=CARTESIAN_POINT('',(6.722037692098,7.335816877895,0.));
#3372=CARTESIAN_POINT('Origin',(5.984760355288,8.011407085511,-13.6878));
#3373=CARTESIAN_POINT('',(5.386284319759,7.21026637696,3.));
#3374=CARTESIAN_POINT('',(5.386284319759,7.21026637696,0.));
#3375=CARTESIAN_POINT('Origin',(5.984760355288,8.011407085511,3.));
#3376=CARTESIAN_POINT('Origin',(0.,0.,3.));
#3377=CARTESIAN_POINT('',(3.55113169062,8.269792241397,3.));
#3378=CARTESIAN_POINT('Origin',(0.,0.,3.));
#3379=CARTESIAN_POINT('',(2.991984927719,9.489363845501,3.));
#3380=CARTESIAN_POINT('Origin',(3.945701878467,9.188658045997,3.));
#3381=CARTESIAN_POINT('',(4.199127966831,13.31793243406,3.));
#3382=CARTESIAN_POINT('',(2.991984927719,9.489363845501,3.));
#3383=CARTESIAN_POINT('',(5.520905268835,13.94702853702,3.));
#3384=CARTESIAN_POINT('Origin',(5.152844917579,13.01722663456,3.));
#3385=CARTESIAN_POINT('',(9.318028385951,11.75475848321,3.));
#3386=CARTESIAN_POINT('Origin',(0.,0.,3.));
#3387=CARTESIAN_POINT('Origin',(8.696826493555,10.97110791766,3.));
#3388=CARTESIAN_POINT('Origin',(8.696826493555,10.97110791766,-13.6878));
#3389=CARTESIAN_POINT('',(9.318028385951,11.75475848321,0.));
#3390=CARTESIAN_POINT('Origin',(0.,0.,0.));
#3391=CARTESIAN_POINT('',(5.520905268835,13.94702853702,0.));
#3392=CARTESIAN_POINT('Origin',(5.152844917579,13.01722663456,-13.6878));
#3393=CARTESIAN_POINT('',(4.199127966831,13.31793243406,0.));
#3394=CARTESIAN_POINT('Origin',(2.706352195538,8.583452556734,0.));
#3395=CARTESIAN_POINT('',(2.991984927719,9.489363845501,0.));
#3396=CARTESIAN_POINT('Origin',(3.945701878467,9.188658045997,-13.6878));
#3397=CARTESIAN_POINT('',(3.55113169062,8.269792241397,0.));
#3398=CARTESIAN_POINT('Origin',(0.,0.,0.));
#3399=CARTESIAN_POINT('Origin',(0.,0.,0.));
#3400=CARTESIAN_POINT('',(-8.937416010379,1.059525864438,3.));
#3401=CARTESIAN_POINT('',(-8.937416010379,-1.059525864438,3.));
#3402=CARTESIAN_POINT('Origin',(0.,0.,3.));
#3403=CARTESIAN_POINT('',(-8.937416010379,1.059525864438,0.));
#3404=CARTESIAN_POINT('',(-8.937416010379,-1.059525864438,0.));
#3405=CARTESIAN_POINT('Origin',(-9.930462233755,-1.177250960486,-13.6878));
#3406=CARTESIAN_POINT('',(-9.714022619817,-2.153546967606,3.));
#3407=CARTESIAN_POINT('',(-9.714022619817,-2.153546967606,0.));
#3408=CARTESIAN_POINT('Origin',(-9.930462233755,-1.177250960486,3.));
#3409=CARTESIAN_POINT('Origin',(0.,0.,3.));
#3410=CARTESIAN_POINT('',(-13.6332317972,-3.022414724012,3.));
#3411=CARTESIAN_POINT('',(-9.714022619817,-2.153546967606,3.));
#3412=CARTESIAN_POINT('',(-14.83893365479,-2.192270053813,3.));
#3413=CARTESIAN_POINT('Origin',(-13.84967141113,-2.046118716892,3.));
#3414=CARTESIAN_POINT('',(-14.83893365479,2.192270053813,3.));
#3415=CARTESIAN_POINT('Origin',(0.,0.,3.));
#3416=CARTESIAN_POINT('',(-13.6332317972,3.022414724012,3.));
#3417=CARTESIAN_POINT('Origin',(-13.84967141113,2.046118716892,3.));
#3418=CARTESIAN_POINT('',(-9.714022619817,2.153546967606,3.));
#3419=CARTESIAN_POINT('',(-13.6332317972,3.022414724012,3.));
#3420=CARTESIAN_POINT('Origin',(-9.930462233755,1.177250960486,3.));
#3421=CARTESIAN_POINT('Origin',(-9.930462233755,1.177250960486,-13.6878));
#3422=CARTESIAN_POINT('',(-9.714022619817,2.153546967606,0.));
#3423=CARTESIAN_POINT('Origin',(-14.6444401068,3.246594209072,0.));
#3424=CARTESIAN_POINT('',(-13.6332317972,3.022414724012,0.));
#3425=CARTESIAN_POINT('Origin',(-13.84967141113,2.046118716892,-13.6878));
#3426=CARTESIAN_POINT('',(-14.83893365479,2.192270053813,0.));
#3427=CARTESIAN_POINT('Origin',(0.,0.,0.));
#3428=CARTESIAN_POINT('',(-14.83893365479,-2.192270053813,0.));
#3429=CARTESIAN_POINT('Origin',(-13.84967141113,-2.046118716892,-13.6878));
#3430=CARTESIAN_POINT('',(-13.6332317972,-3.022414724012,0.));
#3431=CARTESIAN_POINT('Origin',(-8.786664064079,-1.947956525443,0.));
#3432=CARTESIAN_POINT('Origin',(-10.40096509945,6.005,0.2500000024744));
#3433=CARTESIAN_POINT('',(-12.05096509945,6.005,0.5));
#3434=CARTESIAN_POINT('',(-10.40096509945,7.65500000000024,0.500000000000238));
#3435=CARTESIAN_POINT('Origin',(-10.40096509945,6.005,0.5));
#3436=CARTESIAN_POINT('',(-10.40096509945,7.904999997526,0.2500000024744));
#3437=CARTESIAN_POINT('Origin',(-10.40096509945,6.005,0.5));
#3438=CARTESIAN_POINT('Origin',(-10.40096509945,6.005,8.390991022465));
#3439=CARTESIAN_POINT('',(-12.05096509945,6.005,7.));
#3440=CARTESIAN_POINT('Origin',(-10.40096509945,6.005,7.));
#3441=CARTESIAN_POINT('',(-12.05096509945,6.005,8.390991022465));
#3442=CARTESIAN_POINT('Origin',(-10.40096509945,6.005,7.479210580733));
#3443=CARTESIAN_POINT('',(-10.40096509945,6.005,7.991420021395));
#3444=CARTESIAN_POINT('',(-11.2534247622109,6.005,7.479210580733));
#3445=CARTESIAN_POINT('Origin',(0.,12.01,0.2500000024744));
#3446=CARTESIAN_POINT('',(-0.825000000000028,13.4389419162443,0.5));
#3447=CARTESIAN_POINT('',(2.02066721859342E-16,13.6600000000002,0.500000000000238));
#3448=CARTESIAN_POINT('Origin',(0.,12.01,0.5));
#3449=CARTESIAN_POINT('',(2.3268289153502E-16,13.909999997526,0.2500000024744));
#3450=CARTESIAN_POINT('Origin',(0.,12.01,0.5));
#3451=CARTESIAN_POINT('Origin',(0.,12.01,8.390991022465));
#3452=CARTESIAN_POINT('',(-0.825000000000028,13.4389419162443,7.));
#3453=CARTESIAN_POINT('Origin',(0.,12.01,7.));
#3454=CARTESIAN_POINT('',(-0.825000000000028,13.4389419162443,8.390991022465));
#3455=CARTESIAN_POINT('Origin',(0.,12.01,7.479210580733));
#3456=CARTESIAN_POINT('',(0.,12.01,7.991420021395));
#3457=CARTESIAN_POINT('',(-0.426229831380464,12.7482517236524,7.479210580733));
#3458=CARTESIAN_POINT('Origin',(10.40096509945,6.005,0.2500000024744));
#3459=CARTESIAN_POINT('',(10.40096509945,7.65500000000024,0.500000000000238));
#3460=CARTESIAN_POINT('',(11.22596509945,7.43394191624431,0.5));
#3461=CARTESIAN_POINT('Origin',(10.40096509945,6.005,0.5));
#3462=CARTESIAN_POINT('Origin',(10.40096509945,6.005,0.5));
#3463=CARTESIAN_POINT('',(10.40096509945,7.904999997526,0.2500000024744));
#3464=CARTESIAN_POINT('Origin',(10.40096509945,6.005,8.390991022465));
#3465=CARTESIAN_POINT('',(11.22596509945,7.43394191624431,7.));
#3466=CARTESIAN_POINT('Origin',(10.40096509945,6.005,7.));
#3467=CARTESIAN_POINT('',(11.22596509945,7.43394191624431,8.390991022465));
#3468=CARTESIAN_POINT('Origin',(10.40096509945,6.005,7.479210580733));
#3469=CARTESIAN_POINT('',(10.40096509945,6.005,7.991420021395));
#3470=CARTESIAN_POINT('',(10.8271949308305,6.74325172365245,7.479210580733));
#3471=CARTESIAN_POINT('Origin',(10.40096509945,-6.005,0.2500000024744));
#3472=CARTESIAN_POINT('',(10.40096509945,-4.35499999999976,0.500000000000238));
#3473=CARTESIAN_POINT('',(12.05096509945,-6.005,0.5));
#3474=CARTESIAN_POINT('Origin',(10.40096509945,-6.005,0.5));
#3475=CARTESIAN_POINT('Origin',(10.40096509945,-6.005,0.5));
#3476=CARTESIAN_POINT('',(10.40096509945,-4.105000002474,0.2500000024744));
#3477=CARTESIAN_POINT('Origin',(10.40096509945,-6.005,8.390991022465));
#3478=CARTESIAN_POINT('',(12.05096509945,-6.005,7.));
#3479=CARTESIAN_POINT('Origin',(10.40096509945,-6.005,7.));
#3480=CARTESIAN_POINT('',(12.05096509945,-6.005,8.390991022465));
#3481=CARTESIAN_POINT('Origin',(10.40096509945,-6.005,7.479210580733));
#3482=CARTESIAN_POINT('',(10.40096509945,-6.005,7.991420021395));
#3483=CARTESIAN_POINT('',(11.2534247622109,-6.005,7.479210580733));
#3484=CARTESIAN_POINT('Origin',(0.,-12.01,0.2500000024744));
#3485=CARTESIAN_POINT('',(2.02066721859342E-16,-10.3599999999998,0.500000000000238));
#3486=CARTESIAN_POINT('',(0.825000000000028,-13.4389419162443,0.5));
#3487=CARTESIAN_POINT('Origin',(0.,-12.01,0.5));
#3488=CARTESIAN_POINT('Origin',(0.,-12.01,0.5));
#3489=CARTESIAN_POINT('',(2.3268289153502E-16,-10.110000002474,0.2500000024744));
#3490=CARTESIAN_POINT('Origin',(0.,-12.01,8.390991022465));
#3491=CARTESIAN_POINT('',(0.825,-13.43894191624,7.));
#3492=CARTESIAN_POINT('Origin',(0.,-12.01,7.));
#3493=CARTESIAN_POINT('',(0.825000000000028,-13.4389419162443,8.390991022465));
#3494=CARTESIAN_POINT('Origin',(0.,-12.01,7.479210580733));
#3495=CARTESIAN_POINT('',(0.,-12.01,7.991420021395));
#3496=CARTESIAN_POINT('',(0.426229831380464,-12.7482517236524,7.479210580733));
#3497=CARTESIAN_POINT('Origin',(-10.40096509945,-6.005,0.2500000024744));
#3498=CARTESIAN_POINT('',(-11.22596509945,-7.433941916244,0.5));
#3499=CARTESIAN_POINT('',(-10.40096509945,-4.35499999999976,0.500000000000238));
#3500=CARTESIAN_POINT('Origin',(-10.40096509945,-6.005,0.5));
#3501=CARTESIAN_POINT('',(-10.40096509945,-4.105000002474,0.2500000024744));
#3502=CARTESIAN_POINT('Origin',(-10.40096509945,-6.005,0.5));
#3503=CARTESIAN_POINT('Origin',(-10.40096509945,-6.005,8.390991022465));
#3504=CARTESIAN_POINT('',(-11.22596509945,-7.433941916244,7.));
#3505=CARTESIAN_POINT('Origin',(-10.40096509945,-6.005,7.));
#3506=CARTESIAN_POINT('',(-11.22596509945,-7.43394191624431,8.390991022465));
#3507=CARTESIAN_POINT('Origin',(-10.40096509945,-6.005,7.479210580733));
#3508=CARTESIAN_POINT('',(-10.40096509945,-6.005,7.991420021395));
#3509=CARTESIAN_POINT('',(-10.8271949308305,-6.74325172365245,7.479210580733));
#3510=UNCERTAINTY_MEASURE_WITH_UNIT(LENGTH_MEASURE(0.01),#3514,
'DISTANCE_ACCURACY_VALUE',
'Maximum model space distance between geometric entities at asserted c
onnectivities');
#3511=UNCERTAINTY_MEASURE_WITH_UNIT(LENGTH_MEASURE(0.01),#3514,
'DISTANCE_ACCURACY_VALUE',
'Maximum model space distance between geometric entities at asserted c
onnectivities');
#3512=(
GEOMETRIC_REPRESENTATION_CONTEXT(3)
GLOBAL_UNCERTAINTY_ASSIGNED_CONTEXT((#3510))
GLOBAL_UNIT_ASSIGNED_CONTEXT((#3514,#3516,#3517))
REPRESENTATION_CONTEXT('','3D')
);
#3513=(
GEOMETRIC_REPRESENTATION_CONTEXT(3)
GLOBAL_UNCERTAINTY_ASSIGNED_CONTEXT((#3511))
GLOBAL_UNIT_ASSIGNED_CONTEXT((#3514,#3516,#3517))
REPRESENTATION_CONTEXT('','3D')
);
#3514=(
LENGTH_UNIT()
NAMED_UNIT(*)
SI_UNIT(.MILLI.,.METRE.)
);
#3515=(
LENGTH_UNIT()
NAMED_UNIT(*)
SI_UNIT($,.METRE.)
);
#3516=(
NAMED_UNIT(*)
PLANE_ANGLE_UNIT()
SI_UNIT($,.RADIAN.)
);
#3517=(
NAMED_UNIT(*)
SI_UNIT($,.STERADIAN.)
SOLID_ANGLE_UNIT()
);
#3518=SHAPE_DEFINITION_REPRESENTATION(#3519,#3520);
#3519=PRODUCT_DEFINITION_SHAPE('',$,#3522);
#3520=SHAPE_REPRESENTATION('',(#1919),#3512);
#3521=PRODUCT_DEFINITION_CONTEXT('part definition',#3526,'design');
#3522=PRODUCT_DEFINITION('2026-09-19-17-00-47-353','R06-ROTOR',#3523,#3521);
#3523=PRODUCT_DEFINITION_FORMATION('',$,#3528);
#3524=PRODUCT_RELATED_PRODUCT_CATEGORY('R06-ROTOR','R06-ROTOR',(#3528));
#3525=APPLICATION_PROTOCOL_DEFINITION('international standard',
'automotive_design',2009,#3526);
#3526=APPLICATION_CONTEXT(
'Core Data for Automotive Mechanical Design Process');
#3527=PRODUCT_CONTEXT('part definition',#3526,'mechanical');
#3528=PRODUCT('2026-09-19-17-00-47-353','R06-ROTOR',$,(#3527));
#3529=PRESENTATION_STYLE_ASSIGNMENT((#3531));
#3530=PRESENTATION_STYLE_ASSIGNMENT((#3532));
#3531=SURFACE_STYLE_USAGE(.BOTH.,#3533);
#3532=SURFACE_STYLE_USAGE(.BOTH.,#3534);
#3533=SURFACE_SIDE_STYLE('',(#3535));
#3534=SURFACE_SIDE_STYLE('',(#3536));
#3535=SURFACE_STYLE_FILL_AREA(#3537);
#3536=SURFACE_STYLE_FILL_AREA(#3538);
#3537=FILL_AREA_STYLE('Steel - Satin',(#3539));
#3538=FILL_AREA_STYLE('Opaque(255,255,255)',(#3540));
#3539=FILL_AREA_STYLE_COLOUR('Steel - Satin',#3541);
#3540=FILL_AREA_STYLE_COLOUR('Opaque(255,255,255)',#3542);
#3541=COLOUR_RGB('Steel - Satin',0.627450980392157,0.627450980392157,0.627450980392157);
#3542=COLOUR_RGB('Opaque(255,255,255)',1.,1.,1.);
ENDSEC;
END-ISO-10303-21;
