path,fusion_name,file_name,visible,m0,m1,m2,m3,m4,m5,m6,m7,m8,m9,m10,m11,m12,m13,m14,m15
body_LATEST:1+CNC_body01_x1_bottom_plate:1,CNC_body01_x1_bottom_plate,CNC_body01_x1_bottom_plate,True,1.000000,0.000000,0.000000,0.000000,0.000000,1.000000,0.000000,0.000000,0.000000,0.000000,1.000000,0.000000,0.000000,0.000000,0.000000,1.000000
body_LATEST:1+CNC_body02_x2_side_plate:1,CNC_body02_x2_side_plate,CNC_body02_x2_side_plate,True,1.000000,0.000000,0.000000,0.000000,0.000000,1.000000,0.000000,0.000000,0.000000,0.000000,1.000000,0.000000,0.000000,0.000000,0.000000,1.000000
body_LATEST:1+CNC_body02_x2_side_plate:2,CNC_body02_x2_side_plate,CNC_body02_x2_side_plate,True,-1.000000,0.000000,0.000000,-0.000000,-0.000000,-1.000000,0.000000,0.000000,0.000000,0.000000,1.000000,0.000000,0.000000,0.000000,0.000000,1.000000
body_LATEST:1+CNC_body03_x1_top_plate:1,CNC_body03_x1_top_plate,CNC_body03_x1_top_plate,True,-1.000000,0.000000,-0.000000,0.000000,0.000000,1.000000,0.000000,0.000000,0.000000,0.000000,-1.000000,41.200000,0.000000,0.000000,0.000000,1.000000
body_LATEST:1+3DP_body_05_x1_interior_plate:1+MINISFORUM AI X1:1,MINISFORUM AI X1,MINISFORUM_AI_X1,True,0.000000,0.000000,-1.000000,-0.400000,0.000000,1.000000,-0.000000,-0.000000,1.000000,0.000000,0.000000,13.325000,0.000000,0.000000,0.000000,1.000000
body_LATEST:1+3DP_body_05_x1_interior_plate:1+battery_zeee_10000mah:1,battery_zeee_10000mah,battery_zeee_10000mah,True,0.000000,1.000000,0.000000,-3.400000,-0.000000,0.000000,1.000000,-6.300000,1.000000,0.000000,0.000000,13.750000,0.000000,0.000000,0.000000,1.000000
body_LATEST:1+3DP_body_05_x1_interior_plate:1+battery_zeee_10000mah:2,battery_zeee_10000mah,battery_zeee_10000mah,True,0.000000,1.000000,0.000000,-3.400000,-0.000000,0.000000,1.000000,0.000000,1.000000,0.000000,0.000000,13.750000,0.000000,0.000000,0.000000,1.000000
body_LATEST:1+3DP_body_05_x1_interior_plate:1+battery_tester:1,battery_tester,battery_tester,True,0.000000,1.000000,0.000000,-3.325000,-1.000000,0.000000,0.000000,-4.825000,0.000000,0.000000,1.000000,27.400000,0.000000,0.000000,0.000000,1.000000
body_LATEST:1+3DP_body_05_x1_interior_plate:1+battery_tester:2,battery_tester,battery_tester,True,0.000000,-1.000000,0.000000,-2.000000,1.000000,0.000000,0.000000,4.825000,0.000000,0.000000,1.000000,27.400000,0.000000,0.000000,0.000000,1.000000
body_LATEST:1+3DP_body_05_x1_interior_plate:1+150A relay:1,150A relay,150A_relay,True,0.000000,-0.000000,-1.000000,-2.000000,1.000000,0.000000,0.000000,-0.000000,0.000000,-1.000000,0.000000,27.900000,0.000000,0.000000,0.000000,1.000000
body_LATEST:1+3DP_body_05_x1_interior_plate:1+power_block_casing:5+casing:1,casing,casing,True,0.000000,0.000000,1.000000,-1.410000,1.000000,-0.000000,-0.000000,0.000000,-0.000000,1.000000,0.000000,34.550000,0.000000,0.000000,0.000000,1.000000
body_LATEST:1+3DP_body_05_x1_interior_plate:1+power_block_casing:5+6x10-7holes:1+block:1,block,block,True,0.000000,0.000000,1.000000,-1.390000,-0.000000,1.000000,-0.000000,0.565000,-1.000000,-0.000000,0.000000,34.625000,0.000000,0.000000,0.000000,1.000000
body_LATEST:1+3DP_body_05_x1_interior_plate:1+power_block_casing:5+6x10-7holes:2+block:1,block,block,True,0.000000,0.000000,1.000000,-1.390000,0.000000,1.000000,-0.000000,-0.565000,-1.000000,0.000000,0.000000,34.625000,0.000000,0.000000,0.000000,1.000000
body_LATEST:1+3DP_body_05_x1_interior_plate:1+VEMONT USB-C Hub Long:1,VEMONT USB-C Hub Long,VEMONT_USB-C_Hub_Long,True,0.000000,-1.000000,-0.000000,-2.200000,-0.000000,-0.000000,1.000000,-7.175000,-1.000000,0.000000,-0.000000,17.500000,0.000000,0.000000,0.000000,1.000000
body_LATEST:1+3DP_body_05_x1_interior_plate:1+VEMONT USB-C Hub Long:2,VEMONT USB-C Hub Long,VEMONT_USB-C_Hub_Long,True,0.000000,-1.000000,0.000000,-2.200000,0.000000,0.000000,1.000000,7.175000,-1.000000,0.000000,0.000000,17.500000,0.000000,0.000000,0.000000,1.000000
body_LATEST:1+3DP_body_05_x1_interior_plate:1+power_block_long:2+casing:1,casing,casing,True,-1.000000,-0.000000,0.000000,-4.000000,0.000000,-1.000000,0.000000,0.000000,0.000000,0.000000,1.000000,3.000000,0.000000,0.000000,0.000000,1.000000
body_LATEST:1+3DP_body_05_x1_interior_plate:1+power_block_long:2+6x10-7holes:1+block:1,block,block,True,0.000000,1.000000,-0.000000,-4.000000,1.000000,-0.000000,-0.000000,-0.125000,-0.000000,0.000000,-1.000000,2.810000,0.000000,0.000000,0.000000,1.000000
body_LATEST:1+3DP_body_05_x1_interior_plate:1+power_block_long:2+6x10-7holes:2+block:1,block,block,True,0.000000,-1.000000,-0.000000,-4.000000,1.000000,0.000000,-0.000000,-0.125000,0.000000,0.000000,1.000000,3.010000,0.000000,0.000000,0.000000,1.000000
body_LATEST:1+3DP_body_05_x1_interior_plate:1+Vention USB Hub:1+Hub:1,Hub,Hub,True,0.000000,-0.000000,1.000000,5.130000,-1.000000,-0.000000,0.000000,5.925000,0.000000,-1.000000,-0.000000,2.325000,0.000000,0.000000,0.000000,1.000000
body_LATEST:1+3DP_body_05_x1_interior_plate:1+Vention USB Hub:1+USB Straight:1,USB Straight,USB_Straight,True,0.000000,1.000000,0.000000,5.130000,-1.000000,0.000000,0.000000,2.150000,0.000000,-0.000000,1.000000,3.837500,0.000000,0.000000,0.000000,1.000000
body_LATEST:1+3DP_body_05_x1_interior_plate:1+Vention USB Hub:1+USB Straight:2,USB Straight,USB_Straight,True,0.000000,1.000000,0.000000,5.130000,-1.000000,0.000000,0.000000,0.075000,0.000000,-0.000000,1.000000,3.837500,0.000000,0.000000,0.000000,1.000000
body_LATEST:1+3DP_body_05_x1_interior_plate:1+CAN_Isolated:1+USB-C Cable:1,USB-C Cable,USB-C_Cable,True,0.000000,0.000000,-1.000000,4.700000,-0.000000,-1.000000,0.000000,7.175000,-1.000000,0.000000,0.000000,22.250000,0.000000,0.000000,0.000000,1.000000
body_LATEST:1+3DP_body_05_x1_interior_plate:1+CAN_Isolated:1,CAN_Isolated,CAN_Isolated,True,-1.000000,0.000000,0.000000,-0.550000,0.000000,-0.000000,-1.000000,7.812500,0.000000,-1.000000,0.000000,22.250000,0.000000,0.000000,0.000000,1.000000
body_LATEST:1+3DP_body_05_x1_interior_plate:1+CAN_Isolated:2+USB-C Cable:1,USB-C Cable,USB-C_Cable,True,0.000000,0.000000,-1.000000,4.700000,-0.000000,-1.000000,0.000000,-7.175000,-1.000000,0.000000,0.000000,22.250000,0.000000,0.000000,0.000000,1.000000
body_LATEST:1+3DP_body_05_x1_interior_plate:1+CAN_Isolated:2,CAN_Isolated,CAN_Isolated,True,-1.000000,0.000000,0.000000,-0.550000,0.000000,-0.000000,-1.000000,-6.537500,0.000000,-1.000000,0.000000,22.250000,0.000000,0.000000,0.000000,1.000000
body_LATEST:1+3DP_body_05_x1_interior_plate:1+CAN_Isolated:3+USB-C Cable:1,USB-C Cable,USB-C_Cable,True,0.000000,-0.000000,-1.000000,4.275000,-0.000000,-1.000000,0.000000,5.712500,-1.000000,0.000000,-0.000000,3.000000,0.000000,0.000000,0.000000,1.000000
body_LATEST:1+3DP_body_05_x1_interior_plate:1+CAN_Isolated:3,CAN_Isolated,CAN_Isolated,True,-1.000000,0.000000,0.000000,-0.975000,0.000000,0.000000,-1.000000,6.350000,-0.000000,-1.000000,0.000000,3.000000,0.000000,0.000000,0.000000,1.000000
body_LATEST:1+3DP_body_05_x1_interior_plate:1+CAN_Isolated:4+USB-C Cable:1,USB-C Cable,USB-C_Cable,True,-0.000000,0.000000,-1.000000,4.275000,0.000000,1.000000,0.000000,-5.712500,1.000000,-0.000000,-0.000000,3.000000,0.000000,0.000000,0.000000,1.000000
body_LATEST:1+3DP_body_05_x1_interior_plate:1+CAN_Isolated:4,CAN_Isolated,CAN_Isolated,True,-1.000000,-0.000000,0.000000,-0.975000,0.000000,0.000000,1.000000,-6.350000,-0.000000,1.000000,0.000000,3.000000,0.000000,0.000000,0.000000,1.000000
body_LATEST:1+3DP_body_05_x1_interior_plate:1+USB-C Cable:1,USB-C Cable,USB-C_Cable,True,-0.000000,-0.000000,-1.000000,1.462500,0.000000,1.000000,-0.000000,-7.175000,1.000000,-0.000000,-0.000000,13.525000,0.000000,0.000000,0.000000,1.000000
body_LATEST:1+3DP_body_05_x1_interior_plate:1+USB-C Cable:2,USB-C Cable,USB-C_Cable,True,0.000000,-0.000000,-1.000000,1.462500,0.000000,1.000000,-0.000000,-7.175000,1.000000,-0.000000,0.000000,11.925000,0.000000,0.000000,0.000000,1.000000
body_LATEST:1+3DP_body_05_x1_interior_plate:1+USB-C Cable:3,USB-C Cable,USB-C_Cable,True,-0.000000,0.000000,-1.000000,1.462500,0.000000,1.000000,0.000000,7.175000,1.000000,-0.000000,0.000000,13.525000,0.000000,0.000000,0.000000,1.000000
body_LATEST:1+3DP_body_05_x1_interior_plate:1+USB-C Cable:4,USB-C Cable,USB-C_Cable,True,0.000000,0.000000,-1.000000,1.462500,-0.000000,1.000000,0.000000,7.175000,1.000000,-0.000000,-0.000000,11.925000,0.000000,0.000000,0.000000,1.000000
body_LATEST:1+3DP_body_05_x1_interior_plate:1+USB Straight:1,USB Straight,USB_Straight,True,-0.000000,-0.000000,1.000000,-0.412500,-0.000000,1.000000,0.000000,-7.175000,-1.000000,-0.000000,0.000000,10.350000,0.000000,0.000000,0.000000,1.000000
body_LATEST:1+3DP_body_05_x1_interior_plate:1+USB Straight:2,USB Straight,USB_Straight,True,-0.000000,-0.000000,1.000000,-0.412500,-0.000000,1.000000,0.000000,-7.175000,-1.000000,-0.000000,-0.000000,8.412500,0.000000,0.000000,0.000000,1.000000
body_LATEST:1+3DP_body_05_x1_interior_plate:1+USB Straight:3,USB Straight,USB_Straight,True,0.000000,-0.000000,1.000000,-0.412500,-0.000000,1.000000,0.000000,-7.175000,-1.000000,-0.000000,0.000000,6.475000,0.000000,0.000000,0.000000,1.000000
body_LATEST:1+3DP_body_05_x1_interior_plate:1+USB Straight:4,USB Straight,USB_Straight,True,0.000000,-0.000000,1.000000,-0.412500,-0.000000,1.000000,0.000000,-7.175000,-1.000000,-0.000000,-0.000000,4.537500,0.000000,0.000000,0.000000,1.000000
body_LATEST:1+3DP_body_05_x1_interior_plate:1+USB Straight:5,USB Straight,USB_Straight,True,-0.000000,-0.000000,1.000000,-0.412500,-0.000000,1.000000,0.000000,-7.175000,-1.000000,-0.000000,-0.000000,2.600000,0.000000,0.000000,0.000000,1.000000
body_LATEST:1+3DP_body_05_x1_interior_plate:1+USB Straight:6,USB Straight,USB_Straight,True,0.000000,0.000000,1.000000,-0.412500,0.000000,1.000000,-0.000000,7.175000,-1.000000,0.000000,0.000000,10.350000,0.000000,0.000000,0.000000,1.000000
body_LATEST:1+3DP_body_05_x1_interior_plate:1+USB Straight:7,USB Straight,USB_Straight,True,0.000000,0.000000,1.000000,-0.412500,0.000000,1.000000,-0.000000,7.175000,-1.000000,0.000000,-0.000000,8.412500,0.000000,0.000000,0.000000,1.000000
body_LATEST:1+3DP_body_05_x1_interior_plate:1+USB Straight:8,USB Straight,USB_Straight,True,-0.000000,0.000000,1.000000,-0.412500,0.000000,1.000000,-0.000000,7.175000,-1.000000,-0.000000,-0.000000,6.475000,0.000000,0.000000,0.000000,1.000000
body_LATEST:1+3DP_body_05_x1_interior_plate:1+USB Straight:9,USB Straight,USB_Straight,True,0.000000,0.000000,1.000000,-0.412500,0.000000,1.000000,-0.000000,7.175000,-1.000000,0.000000,0.000000,4.537500,0.000000,0.000000,0.000000,1.000000
body_LATEST:1+3DP_body_05_x1_interior_plate:1+USB Straight:10,USB Straight,USB_Straight,True,0.000000,0.000000,1.000000,-0.412500,0.000000,1.000000,-0.000000,7.175000,-1.000000,0.000000,0.000000,2.600000,0.000000,0.000000,0.000000,1.000000
body_LATEST:1+3DP_body_05_x1_interior_plate:1+USB Straight:11,USB Straight,USB_Straight,True,0.000000,-1.000000,-0.000000,2.350000,-1.000000,-0.000000,0.000000,0.000000,-0.000000,0.000000,-1.000000,6.915000,0.000000,0.000000,0.000000,1.000000
body_LATEST:1+3DP_body_05_x1_interior_plate:1+USB-C Cable:5,USB-C Cable,USB-C_Cable,True,0.000000,1.000000,0.000000,2.350000,-1.000000,0.000000,0.000000,-2.000000,0.000000,-0.000000,1.000000,4.915000,0.000000,0.000000,0.000000,1.000000
body_LATEST:1+3DP_body_05_x1_interior_plate:1+USB-C Cable:6,USB-C Cable,USB-C_Cable,True,0.000000,-1.000000,-0.000000,1.850000,-1.000000,-0.000000,0.000000,2.000000,-0.000000,0.000000,-1.000000,21.735000,0.000000,0.000000,0.000000,1.000000
body_LATEST:1+3DP_body_05_x1_interior_plate:1+CAN_Isolated:9+USB-C Cable:1,USB-C Cable,USB-C_Cable,True,-0.000000,0.000000,-1.000000,4.700000,-0.000000,-1.000000,-0.000000,7.175000,-1.000000,0.000000,0.000000,26.250000,0.000000,0.000000,0.000000,1.000000
body_LATEST:1+3DP_body_05_x1_interior_plate:1+CAN_Isolated:9,CAN_Isolated,CAN_Isolated,True,-1.000000,-0.000000,0.000000,-0.550000,-0.000000,-0.000000,-1.000000,7.812500,0.000000,-1.000000,-0.000000,26.250000,0.000000,0.000000,0.000000,1.000000
body_LATEST:1+3DP_body_05_x1_interior_plate:1+CAN_Isolated:10+USB-C Cable:1,USB-C Cable,USB-C_Cable,True,-0.000000,0.000000,-1.000000,4.700000,-0.000000,-1.000000,-0.000000,-7.175000,-1.000000,0.000000,0.000000,26.250000,0.000000,0.000000,0.000000,1.000000
body_LATEST:1+3DP_body_05_x1_interior_plate:1+CAN_Isolated:10,CAN_Isolated,CAN_Isolated,True,-1.000000,-0.000000,0.000000,-0.550000,-0.000000,-0.000000,-1.000000,-6.537500,0.000000,-1.000000,-0.000000,26.250000,0.000000,0.000000,0.000000,1.000000
body_LATEST:1+3DP_body_05_x1_interior_plate:1+lumped_wires:1,lumped_wires,lumped_wires,True,1.000000,-0.000000,-0.000000,0.600000,-0.000000,1.000000,-0.000000,0.018752,-0.000000,-0.000000,1.000000,0.119148,0.000000,0.000000,0.000000,1.000000
body_LATEST:1+3DP_body_05_x1_interior_plate:1+IMU_syd_dynamics_TM171:4+Component1:1,Component1,Component1,True,0.000000,-1.000000,0.000000,4.450000,1.000000,0.000000,-0.000000,0.000000,0.000000,0.000000,1.000000,41.200000,0.000000,0.000000,0.000000,1.000000
body_LATEST:1+3DP_body_05_x1_interior_plate:1+IMU_syd_dynamics_TM171:4+Component2:1,Component2,Component2,True,-0.000000,-1.000000,0.000000,4.950000,1.000000,-0.000000,-0.000000,0.000000,0.000000,0.000000,1.000000,41.200000,0.000000,0.000000,0.000000,1.000000
body_LATEST:1+3DP_body_05_x1_interior_plate:1,3DP_body_05_x1_interior_plate,3DP_body_05_x1_interior_plate,True,1.000000,0.000000,0.000000,0.000000,0.000000,1.000000,0.000000,0.000000,0.000000,0.000000,1.000000,0.000000,0.000000,0.000000,0.000000,1.000000
body_LATEST:1+CNC_body04_x4_front_plate:1,CNC_body04_x4_front_plate,CNC_body04_x4_front_plate,True,1.000000,0.000000,0.000000,0.000000,0.000000,1.000000,0.000000,0.000000,0.000000,0.000000,1.000000,0.000000,0.000000,0.000000,0.000000,1.000000
body_LATEST:1+CNC_body04_x4_front_plate:2,CNC_body04_x4_front_plate,CNC_body04_x4_front_plate,True,-1.000000,0.000000,0.000000,0.000000,0.000000,-1.000000,0.000000,0.000000,0.000000,0.000000,1.000000,-0.000000,0.000000,0.000000,0.000000,1.000000
body_LATEST:1+CNC_body04_x4_front_plate:3,CNC_body04_x4_front_plate,CNC_body04_x4_front_plate,True,-1.000000,0.000000,-0.000000,0.000000,0.000000,1.000000,0.000000,-0.000000,0.000000,0.000000,-1.000000,41.400000,0.000000,0.000000,0.000000,1.000000
body_LATEST:1+CNC_body04_x4_front_plate:4,CNC_body04_x4_front_plate,CNC_body04_x4_front_plate,True,1.000000,-0.000000,-0.000000,0.000000,-0.000000,-1.000000,-0.000000,0.000000,-0.000000,0.000000,-1.000000,41.400000,0.000000,0.000000,0.000000,1.000000
body_LATEST:1+3DP_body_06_x1_front_plate_fixed:1,3DP_body_06_x1_front_plate_fixed,3DP_body_06_x1_front_plate_fixed,True,1.000000,0.000000,0.000000,0.000000,0.000000,1.000000,0.000000,0.000000,0.000000,0.000000,1.000000,0.000000,0.000000,0.000000,0.000000,1.000000
body_LATEST:1+WIRES:1+Small Wires Midplate Rough:1,Small Wires Midplate Rough,Small_Wires_Midplate_Rough,True,1.000000,0.000000,0.000000,0.000000,0.000000,1.000000,0.000000,0.000000,0.000000,0.000000,1.000000,0.000000,0.000000,0.000000,0.000000,1.000000
body_LATEST:1+3DP_body_07_x1_front_plate_removable:1+magnet_1/2inD_1/16inT:9,magnet_1/2inD_1/16inT,magnet_1_2inD_1_16inT,True,0.000000,0.000000,-1.000000,6.308750,-0.000000,-1.000000,0.000000,7.129815,-1.000000,0.000000,0.000000,30.750000,0.000000,0.000000,0.000000,1.000000
body_LATEST:1+3DP_body_07_x1_front_plate_removable:1+magnet_1/2inD_1/16inT:10,magnet_1/2inD_1/16inT,magnet_1_2inD_1_16inT,True,0.000000,0.000000,1.000000,6.150000,-0.000000,1.000000,0.000000,7.129815,-1.000000,-0.000000,-0.000000,22.750000,0.000000,0.000000,0.000000,1.000000
body_LATEST:1+3DP_body_07_x1_front_plate_removable:1+magnet_1/2inD_1/16inT:11,magnet_1/2inD_1/16inT,magnet_1_2inD_1_16inT,True,0.000000,0.000000,1.000000,6.150000,-0.000000,1.000000,0.000000,7.129815,-1.000000,-0.000000,-0.000000,14.750000,0.000000,0.000000,0.000000,1.000000
body_LATEST:1+3DP_body_07_x1_front_plate_removable:1+magnet_1/2inD_1/16inT:12,magnet_1/2inD_1/16inT,magnet_1_2inD_1_16inT,True,0.000000,0.000000,1.000000,6.150000,-0.000000,1.000000,0.000000,7.129815,-1.000000,-0.000000,-0.000000,6.750000,0.000000,0.000000,0.000000,1.000000
body_LATEST:1+3DP_body_07_x1_front_plate_removable:1+magnet_1/2inD_1/16inT:13,magnet_1/2inD_1/16inT,magnet_1_2inD_1_16inT,True,0.000000,0.000000,1.000000,6.150000,-0.000000,1.000000,0.000000,-7.129815,-1.000000,-0.000000,-0.000000,30.750000,0.000000,0.000000,0.000000,1.000000
body_LATEST:1+3DP_body_07_x1_front_plate_removable:1+magnet_1/2inD_1/16inT:14,magnet_1/2inD_1/16inT,magnet_1_2inD_1_16inT,True,0.000000,0.000000,1.000000,6.150000,-0.000000,1.000000,0.000000,-7.129815,-1.000000,-0.000000,-0.000000,22.750000,0.000000,0.000000,0.000000,1.000000
body_LATEST:1+3DP_body_07_x1_front_plate_removable:1+magnet_1/2inD_1/16inT:15,magnet_1/2inD_1/16inT,magnet_1_2inD_1_16inT,True,0.000000,0.000000,1.000000,6.150000,-0.000000,1.000000,0.000000,-7.129815,-1.000000,-0.000000,-0.000000,14.750000,0.000000,0.000000,0.000000,1.000000
body_LATEST:1+3DP_body_07_x1_front_plate_removable:1+magnet_1/2inD_1/16inT:16,magnet_1/2inD_1/16inT,magnet_1_2inD_1_16inT,True,0.000000,0.000000,1.000000,6.150000,0.000000,1.000000,0.000000,-7.129815,-1.000000,-0.000000,-0.000000,6.750000,0.000000,0.000000,0.000000,1.000000
body_LATEST:1+3DP_body_07_x1_front_plate_removable:1,3DP_body_07_x1_front_plate_removable,3DP_body_07_x1_front_plate_removable,True,1.000000,0.000000,0.000000,0.000000,0.000000,1.000000,0.000000,0.000000,0.000000,0.000000,1.000000,0.000000,0.000000,0.000000,0.000000,1.000000
body_LATEST:1+3DP_body_08_x1_back_plate_fixed:1,3DP_body_08_x1_back_plate_fixed,3DP_body_08_x1_back_plate_fixed,True,1.000000,0.000000,0.000000,0.000000,0.000000,1.000000,0.000000,0.000000,0.000000,0.000000,1.000000,0.000000,0.000000,0.000000,0.000000,1.000000
body_LATEST:1+3DP_body_09_x1_back_plate_removable:1+magnet_1/2inD_1/16inT:1,magnet_1/2inD_1/16inT,magnet_1_2inD_1_16inT,True,0.000000,0.000000,1.000000,-6.308750,0.000000,1.000000,0.000000,-7.129815,-1.000000,0.000000,0.000000,6.750000,0.000000,0.000000,0.000000,1.000000
body_LATEST:1+3DP_body_09_x1_back_plate_removable:1+magnet_1/2inD_1/16inT:2,magnet_1/2inD_1/16inT,magnet_1_2inD_1_16inT,True,0.000000,0.000000,1.000000,-6.308750,0.000000,1.000000,0.000000,-7.129815,-1.000000,0.000000,0.000000,14.750000,0.000000,0.000000,0.000000,1.000000
body_LATEST:1+3DP_body_09_x1_back_plate_removable:1+magnet_1/2inD_1/16inT:3,magnet_1/2inD_1/16inT,magnet_1_2inD_1_16inT,True,0.000000,0.000000,1.000000,-6.308750,0.000000,1.000000,0.000000,-7.129815,-1.000000,0.000000,0.000000,22.750000,0.000000,0.000000,0.000000,1.000000
body_LATEST:1+3DP_body_09_x1_back_plate_removable:1+magnet_1/2inD_1/16inT:4,magnet_1/2inD_1/16inT,magnet_1_2inD_1_16inT,True,0.000000,0.000000,1.000000,-6.308750,0.000000,1.000000,0.000000,-7.129815,-1.000000,0.000000,0.000000,30.750000,0.000000,0.000000,0.000000,1.000000
body_LATEST:1+3DP_body_09_x1_back_plate_removable:1+magnet_1/2inD_1/16inT:5,magnet_1/2inD_1/16inT,magnet_1_2inD_1_16inT,True,0.000000,0.000000,1.000000,-6.308750,0.000000,1.000000,0.000000,7.129815,-1.000000,0.000000,0.000000,30.750000,0.000000,0.000000,0.000000,1.000000
body_LATEST:1+3DP_body_09_x1_back_plate_removable:1+magnet_1/2inD_1/16inT:6,magnet_1/2inD_1/16inT,magnet_1_2inD_1_16inT,True,0.000000,0.000000,1.000000,-6.308750,0.000000,1.000000,0.000000,7.129815,-1.000000,0.000000,0.000000,22.750000,0.000000,0.000000,0.000000,1.000000
body_LATEST:1+3DP_body_09_x1_back_plate_removable:1+magnet_1/2inD_1/16inT:7,magnet_1/2inD_1/16inT,magnet_1_2inD_1_16inT,True,0.000000,0.000000,1.000000,-6.308750,0.000000,1.000000,0.000000,7.129815,-1.000000,0.000000,0.000000,14.750000,0.000000,0.000000,0.000000,1.000000
body_LATEST:1+3DP_body_09_x1_back_plate_removable:1+magnet_1/2inD_1/16inT:8,magnet_1/2inD_1/16inT,magnet_1_2inD_1_16inT,True,0.000000,0.000000,1.000000,-6.308750,0.000000,1.000000,0.000000,7.129815,-1.000000,0.000000,0.000000,6.750000,0.000000,0.000000,0.000000,1.000000
body_LATEST:1+3DP_body_09_x1_back_plate_removable:1+magnet_1/2inD_1/16inT:18,magnet_1/2inD_1/16inT,magnet_1_2inD_1_16inT,True,0.000000,0.000000,1.000000,-6.308750,0.000000,1.000000,0.000000,3.000000,-1.000000,0.000000,0.000000,22.750000,0.000000,0.000000,0.000000,1.000000
body_LATEST:1+3DP_body_09_x1_back_plate_removable:1+magnet_1/2inD_1/16inT:23,magnet_1/2inD_1/16inT,magnet_1_2inD_1_16inT,True,0.000000,0.000000,1.000000,-6.308750,0.000000,1.000000,0.000000,-3.000000,-1.000000,0.000000,0.000000,22.750000,0.000000,0.000000,0.000000,1.000000
body_LATEST:1+3DP_body_09_x1_back_plate_removable:1+magnet_1/2inD_1/16inT:31,magnet_1/2inD_1/16inT,magnet_1_2inD_1_16inT,True,-0.000000,-0.000000,1.000000,-6.308750,0.000000,1.000000,-0.000000,3.000000,-1.000000,-0.000000,0.000000,14.750000,0.000000,0.000000,0.000000,1.000000
body_LATEST:1+3DP_body_09_x1_back_plate_removable:1+magnet_1/2inD_1/16inT:32,magnet_1/2inD_1/16inT,magnet_1_2inD_1_16inT,True,-0.000000,-0.000000,1.000000,-6.308750,0.000000,1.000000,-0.000000,-3.000000,-1.000000,-0.000000,0.000000,14.750000,0.000000,0.000000,0.000000,1.000000
body_LATEST:1+3DP_body_09_x1_back_plate_removable:1+magnet_1/2inD_1/16inT:33,magnet_1/2inD_1/16inT,magnet_1_2inD_1_16inT,True,-0.000000,-0.000000,1.000000,-6.308750,0.000000,1.000000,-0.000000,3.000000,-1.000000,-0.000000,0.000000,6.750000,0.000000,0.000000,0.000000,1.000000
body_LATEST:1+3DP_body_09_x1_back_plate_removable:1+magnet_1/2inD_1/16inT:34,magnet_1/2inD_1/16inT,magnet_1_2inD_1_16inT,True,-0.000000,-0.000000,1.000000,-6.308750,0.000000,1.000000,-0.000000,-3.000000,-1.000000,-0.000000,0.000000,6.750000,0.000000,0.000000,0.000000,1.000000
body_LATEST:1+3DP_body_09_x1_back_plate_removable:1,3DP_body_09_x1_back_plate_removable,3DP_body_09_x1_back_plate_removable,True,1.000000,0.000000,0.000000,0.000000,0.000000,1.000000,0.000000,0.000000,0.000000,0.000000,1.000000,0.000000,0.000000,0.000000,0.000000,1.000000
body_LATEST:1+BEARING:1+bearing_45x58x7_6809_5.4kN_40g:2+half-bearing-45x58x7_6809_5.4kN_40g:1,half-bearing-45x58x7_6809_5.4kN_40g,half-bearing-45x58x7_6809_5.4kN_40g,True,1.000000,0.000000,0.000000,-0.000000,0.000000,-0.000000,1.000000,8.650000,0.000000,-1.000000,-0.000000,34.750000,0.000000,0.000000,0.000000,1.000000
body_LATEST:1+BEARING:1+bearing_45x58x7_6809_5.4kN_40g:2+half-bearing-45x58x7_6809_5.4kN_40g:2,half-bearing-45x58x7_6809_5.4kN_40g,half-bearing-45x58x7_6809_5.4kN_40g,True,1.000000,0.000000,0.000000,-0.000000,0.000000,-0.000000,1.000000,8.650000,0.000000,-1.000000,-0.000000,34.750000,0.000000,0.000000,0.000000,1.000000
body_LATEST:1+BEARING:1+bearing_45x58x7_6809_5.4kN_40g:3+half-bearing-45x58x7_6809_5.4kN_40g:1,half-bearing-45x58x7_6809_5.4kN_40g,half-bearing-45x58x7_6809_5.4kN_40g,True,1.000000,0.000000,0.000000,-0.000000,0.000000,0.000000,-1.000000,-8.650000,-0.000000,1.000000,0.000000,34.750000,0.000000,0.000000,0.000000,1.000000
body_LATEST:1+BEARING:1+bearing_45x58x7_6809_5.4kN_40g:3+half-bearing-45x58x7_6809_5.4kN_40g:2,half-bearing-45x58x7_6809_5.4kN_40g,half-bearing-45x58x7_6809_5.4kN_40g,True,1.000000,0.000000,0.000000,-0.000000,0.000000,0.000000,-1.000000,-8.650000,-0.000000,1.000000,0.000000,34.750000,0.000000,0.000000,0.000000,1.000000
body_LATEST:1+Hexalobular Socket Pan Head Screw ISO 14583 - M3x10 Steel 4.6 Plain:1,Hexalobular Socket Pan Head Screw ISO 14583 - M3x10 Steel 4.6 Plain,Hexalobular_Socket_Pan_Head_Screw_ISO_14583_-_M3x10_Steel_4.6_Plain,True,-0.000000,-0.000000,1.000000,6.300000,-0.000000,1.000000,0.000000,3.000000,-1.000000,-0.000000,-0.000000,40.725000,0.000000,0.000000,0.000000,1.000000
body_LATEST:1+Hexalobular Socket Pan Head Screw ISO 14583 - M3x10 Steel 4.6 Plain:2,Hexalobular Socket Pan Head Screw ISO 14583 - M3x10 Steel 4.6 Plain,Hexalobular_Socket_Pan_Head_Screw_ISO_14583_-_M3x10_Steel_4.6_Plain,True,-0.000000,-0.000000,1.000000,6.300000,-0.000000,1.000000,0.000000,6.000000,-1.000000,-0.000000,-0.000000,40.725000,0.000000,0.000000,0.000000,1.000000
body_LATEST:1+Hexalobular Socket Pan Head Screw ISO 14583 - M3x10 Steel 4.6 Plain:3,Hexalobular Socket Pan Head Screw ISO 14583 - M3x10 Steel 4.6 Plain,Hexalobular_Socket_Pan_Head_Screw_ISO_14583_-_M3x10_Steel_4.6_Plain,True,-0.000000,0.000000,1.000000,6.300000,-0.000000,1.000000,-0.000000,-3.000000,-1.000000,-0.000000,-0.000000,40.725000,0.000000,0.000000,0.000000,1.000000
body_LATEST:1+Hexalobular Socket Pan Head Screw ISO 14583 - M3x10 Steel 4.6 Plain:4,Hexalobular Socket Pan Head Screw ISO 14583 - M3x10 Steel 4.6 Plain,Hexalobular_Socket_Pan_Head_Screw_ISO_14583_-_M3x10_Steel_4.6_Plain,True,-0.000000,0.000000,1.000000,6.300000,-0.000000,1.000000,-0.000000,-6.000000,-1.000000,-0.000000,-0.000000,40.725000,0.000000,0.000000,0.000000,1.000000
body_LATEST:1+Hexalobular Socket Pan Head Screw ISO 14583 - M3x10 Steel 4.6 Plain:5,Hexalobular Socket Pan Head Screw ISO 14583 - M3x10 Steel 4.6 Plain,Hexalobular_Socket_Pan_Head_Screw_ISO_14583_-_M3x10_Steel_4.6_Plain,True,-0.000000,-0.000000,1.000000,6.300000,-0.000000,1.000000,0.000000,0.000000,-1.000000,-0.000000,-0.000000,40.725000,0.000000,0.000000,0.000000,1.000000
body_LATEST:1+Hexalobular Socket Pan Head Screw ISO 14583 - M3x10 Steel 4.6 Plain:6,Hexalobular Socket Pan Head Screw ISO 14583 - M3x10 Steel 4.6 Plain,Hexalobular_Socket_Pan_Head_Screw_ISO_14583_-_M3x10_Steel_4.6_Plain,True,-0.000000,-0.000000,1.000000,5.850000,-0.000000,1.000000,0.000000,8.100000,-1.000000,-0.000000,-0.000000,37.400000,0.000000,0.000000,0.000000,1.000000
body_LATEST:1+Hexalobular Socket Pan Head Screw ISO 14583 - M3x10 Steel 4.6 Plain:7,Hexalobular Socket Pan Head Screw ISO 14583 - M3x10 Steel 4.6 Plain,Hexalobular_Socket_Pan_Head_Screw_ISO_14583_-_M3x10_Steel_4.6_Plain,True,-0.000000,-0.000000,1.000000,5.850000,-0.000000,1.000000,0.000000,8.100000,-1.000000,-0.000000,-0.000000,39.900000,0.000000,0.000000,0.000000,1.000000
body_LATEST:1+Hexalobular Socket Pan Head Screw ISO 14583 - M3x10 Steel 4.6 Plain:8,Hexalobular Socket Pan Head Screw ISO 14583 - M3x10 Steel 4.6 Plain,Hexalobular_Socket_Pan_Head_Screw_ISO_14583_-_M3x10_Steel_4.6_Plain,True,-0.000000,0.000000,1.000000,5.850000,-0.000000,1.000000,-0.000000,-8.100000,-1.000000,-0.000000,-0.000000,37.400000,0.000000,0.000000,0.000000,1.000000
body_LATEST:1+Hexalobular Socket Pan Head Screw ISO 14583 - M3x10 Steel 4.6 Plain:9,Hexalobular Socket Pan Head Screw ISO 14583 - M3x10 Steel 4.6 Plain,Hexalobular_Socket_Pan_Head_Screw_ISO_14583_-_M3x10_Steel_4.6_Plain,True,-0.000000,0.000000,1.000000,5.850000,-0.000000,1.000000,-0.000000,-8.100000,-1.000000,-0.000000,-0.000000,39.900000,0.000000,0.000000,0.000000,1.000000
body_LATEST:1+Hexalobular Socket Pan Head Screw ISO 14583 - M3x10 Steel 4.6 Plain:10,Hexalobular Socket Pan Head Screw ISO 14583 - M3x10 Steel 4.6 Plain,Hexalobular_Socket_Pan_Head_Screw_ISO_14583_-_M3x10_Steel_4.6_Plain,True,-0.000000,0.000000,-1.000000,-5.850000,0.000000,-1.000000,-0.000000,-8.100000,-1.000000,-0.000000,0.000000,37.400000,0.000000,0.000000,0.000000,1.000000
body_LATEST:1+Hexalobular Socket Pan Head Screw ISO 14583 - M3x10 Steel 4.6 Plain:11,Hexalobular Socket Pan Head Screw ISO 14583 - M3x10 Steel 4.6 Plain,Hexalobular_Socket_Pan_Head_Screw_ISO_14583_-_M3x10_Steel_4.6_Plain,True,-0.000000,0.000000,-1.000000,-5.850000,0.000000,-1.000000,-0.000000,-8.100000,-1.000000,-0.000000,0.000000,39.900000,0.000000,0.000000,0.000000,1.000000
body_LATEST:1+Hexalobular Socket Pan Head Screw ISO 14583 - M3x10 Steel 4.6 Plain:12,Hexalobular Socket Pan Head Screw ISO 14583 - M3x10 Steel 4.6 Plain,Hexalobular_Socket_Pan_Head_Screw_ISO_14583_-_M3x10_Steel_4.6_Plain,True,-0.000000,-0.000000,-1.000000,-5.850000,0.000000,-1.000000,0.000000,8.100000,-1.000000,-0.000000,0.000000,37.400000,0.000000,0.000000,0.000000,1.000000
body_LATEST:1+Hexalobular Socket Pan Head Screw ISO 14583 - M3x10 Steel 4.6 Plain:13,Hexalobular Socket Pan Head Screw ISO 14583 - M3x10 Steel 4.6 Plain,Hexalobular_Socket_Pan_Head_Screw_ISO_14583_-_M3x10_Steel_4.6_Plain,True,-0.000000,-0.000000,-1.000000,-5.850000,0.000000,-1.000000,0.000000,8.100000,-1.000000,-0.000000,0.000000,39.900000,0.000000,0.000000,0.000000,1.000000
body_LATEST:1+Hexalobular Socket Pan Head Screw ISO 14583 - M3x10 Steel 4.6 Plain:14,Hexalobular Socket Pan Head Screw ISO 14583 - M3x10 Steel 4.6 Plain,Hexalobular_Socket_Pan_Head_Screw_ISO_14583_-_M3x10_Steel_4.6_Plain,True,-0.000000,0.000000,-1.000000,-6.300000,0.000000,-1.000000,-0.000000,-3.000000,-1.000000,-0.000000,0.000000,40.725000,0.000000,0.000000,0.000000,1.000000
body_LATEST:1+Hexalobular Socket Pan Head Screw ISO 14583 - M3x10 Steel 4.6 Plain:15,Hexalobular Socket Pan Head Screw ISO 14583 - M3x10 Steel 4.6 Plain,Hexalobular_Socket_Pan_Head_Screw_ISO_14583_-_M3x10_Steel_4.6_Plain,True,-0.000000,0.000000,-1.000000,-6.300000,0.000000,-1.000000,-0.000000,-6.000000,-1.000000,-0.000000,0.000000,40.725000,0.000000,0.000000,0.000000,1.000000
body_LATEST:1+Hexalobular Socket Pan Head Screw ISO 14583 - M3x10 Steel 4.6 Plain:16,Hexalobular Socket Pan Head Screw ISO 14583 - M3x10 Steel 4.6 Plain,Hexalobular_Socket_Pan_Head_Screw_ISO_14583_-_M3x10_Steel_4.6_Plain,True,-0.000000,0.000000,-1.000000,-6.300000,0.000000,-1.000000,-0.000000,-0.000000,-1.000000,-0.000000,0.000000,40.725000,0.000000,0.000000,0.000000,1.000000
body_LATEST:1+Hexalobular Socket Pan Head Screw ISO 14583 - M3x10 Steel 4.6 Plain:17,Hexalobular Socket Pan Head Screw ISO 14583 - M3x10 Steel 4.6 Plain,Hexalobular_Socket_Pan_Head_Screw_ISO_14583_-_M3x10_Steel_4.6_Plain,True,-0.000000,-0.000000,-1.000000,-6.300000,0.000000,-1.000000,0.000000,3.000000,-1.000000,-0.000000,0.000000,40.725000,0.000000,0.000000,0.000000,1.000000
body_LATEST:1+Hexalobular Socket Pan Head Screw ISO 14583 - M3x10 Steel 4.6 Plain:18,Hexalobular Socket Pan Head Screw ISO 14583 - M3x10 Steel 4.6 Plain,Hexalobular_Socket_Pan_Head_Screw_ISO_14583_-_M3x10_Steel_4.6_Plain,True,-0.000000,-0.000000,-1.000000,-6.300000,0.000000,-1.000000,0.000000,6.000000,-1.000000,-0.000000,0.000000,40.725000,0.000000,0.000000,0.000000,1.000000
body_LATEST:1+Hexalobular Socket Pan Head Screw ISO 14583 - M3x10 Steel 4.6 Plain:19,Hexalobular Socket Pan Head Screw ISO 14583 - M3x10 Steel 4.6 Plain,Hexalobular_Socket_Pan_Head_Screw_ISO_14583_-_M3x10_Steel_4.6_Plain,True,-0.000000,-0.000000,-1.000000,-6.500000,0.000000,-1.000000,0.000000,-5.183333,-1.000000,-0.000000,0.000000,38.450000,0.000000,0.000000,0.000000,1.000000
body_LATEST:1+Hexalobular Socket Pan Head Screw ISO 14583 - M3x10 Steel 4.6 Plain:20,Hexalobular Socket Pan Head Screw ISO 14583 - M3x10 Steel 4.6 Plain,Hexalobular_Socket_Pan_Head_Screw_ISO_14583_-_M3x10_Steel_4.6_Plain,True,-0.000000,0.000000,-1.000000,-6.500000,0.000000,-1.000000,-0.000000,5.183333,-1.000000,-0.000000,0.000000,38.450000,0.000000,0.000000,0.000000,1.000000
body_LATEST:1+Hexalobular Socket Pan Head Screw ISO 14583 - M3x10 Steel 4.6 Plain:21,Hexalobular Socket Pan Head Screw ISO 14583 - M3x10 Steel 4.6 Plain,Hexalobular_Socket_Pan_Head_Screw_ISO_14583_-_M3x10_Steel_4.6_Plain,True,-0.000000,0.000000,-1.000000,-6.500000,0.000000,-1.000000,-0.000000,-0.000000,-1.000000,-0.000000,0.000000,38.482500,0.000000,0.000000,0.000000,1.000000
body_LATEST:1+Hexalobular Socket Pan Head Screw ISO 14583 - M3x10 Steel 4.6 Plain:22,Hexalobular Socket Pan Head Screw ISO 14583 - M3x10 Steel 4.6 Plain,Hexalobular_Socket_Pan_Head_Screw_ISO_14583_-_M3x10_Steel_4.6_Plain,True,0.000000,-0.000000,1.000000,6.300000,0.000000,-1.000000,-0.000000,-3.000000,1.000000,0.000000,0.000000,0.675000,0.000000,0.000000,0.000000,1.000000
body_LATEST:1+Hexalobular Socket Pan Head Screw ISO 14583 - M3x10 Steel 4.6 Plain:23,Hexalobular Socket Pan Head Screw ISO 14583 - M3x10 Steel 4.6 Plain,Hexalobular_Socket_Pan_Head_Screw_ISO_14583_-_M3x10_Steel_4.6_Plain,True,0.000000,-0.000000,1.000000,6.300000,0.000000,-1.000000,-0.000000,-6.000000,1.000000,0.000000,0.000000,0.675000,0.000000,0.000000,0.000000,1.000000
body_LATEST:1+Hexalobular Socket Pan Head Screw ISO 14583 - M3x10 Steel 4.6 Plain:24,Hexalobular Socket Pan Head Screw ISO 14583 - M3x10 Steel 4.6 Plain,Hexalobular_Socket_Pan_Head_Screw_ISO_14583_-_M3x10_Steel_4.6_Plain,True,0.000000,-0.000000,1.000000,6.300000,0.000000,-1.000000,-0.000000,-0.000000,1.000000,0.000000,0.000000,0.675000,0.000000,0.000000,0.000000,1.000000
body_LATEST:1+Hexalobular Socket Pan Head Screw ISO 14583 - M3x10 Steel 4.6 Plain:25,Hexalobular Socket Pan Head Screw ISO 14583 - M3x10 Steel 4.6 Plain,Hexalobular_Socket_Pan_Head_Screw_ISO_14583_-_M3x10_Steel_4.6_Plain,True,0.000000,-0.000000,1.000000,6.300000,0.000000,-1.000000,-0.000000,3.000000,1.000000,0.000000,0.000000,0.675000,0.000000,0.000000,0.000000,1.000000
body_LATEST:1+Hexalobular Socket Pan Head Screw ISO 14583 - M3x10 Steel 4.6 Plain:26,Hexalobular Socket Pan Head Screw ISO 14583 - M3x10 Steel 4.6 Plain,Hexalobular_Socket_Pan_Head_Screw_ISO_14583_-_M3x10_Steel_4.6_Plain,True,0.000000,-0.000000,1.000000,6.300000,0.000000,-1.000000,-0.000000,6.000000,1.000000,0.000000,0.000000,0.675000,0.000000,0.000000,0.000000,1.000000
body_LATEST:1+Hexalobular Socket Pan Head Screw ISO 14583 - M3x10 Steel 4.6 Plain:27,Hexalobular Socket Pan Head Screw ISO 14583 - M3x10 Steel 4.6 Plain,Hexalobular_Socket_Pan_Head_Screw_ISO_14583_-_M3x10_Steel_4.6_Plain,True,0.000000,-0.000000,1.000000,5.850000,0.000000,-1.000000,-0.000000,-8.100000,1.000000,0.000000,0.000000,4.000000,0.000000,0.000000,0.000000,1.000000
body_LATEST:1+Hexalobular Socket Pan Head Screw ISO 14583 - M3x10 Steel 4.6 Plain:28,Hexalobular Socket Pan Head Screw ISO 14583 - M3x10 Steel 4.6 Plain,Hexalobular_Socket_Pan_Head_Screw_ISO_14583_-_M3x10_Steel_4.6_Plain,True,0.000000,-0.000000,1.000000,5.850000,0.000000,-1.000000,-0.000000,-8.100000,1.000000,0.000000,0.000000,1.500000,0.000000,0.000000,0.000000,1.000000
body_LATEST:1+Hexalobular Socket Pan Head Screw ISO 14583 - M3x10 Steel 4.6 Plain:29,Hexalobular Socket Pan Head Screw ISO 14583 - M3x10 Steel 4.6 Plain,Hexalobular_Socket_Pan_Head_Screw_ISO_14583_-_M3x10_Steel_4.6_Plain,True,0.000000,-0.000000,1.000000,5.850000,0.000000,-1.000000,-0.000000,8.100000,1.000000,0.000000,0.000000,4.000000,0.000000,0.000000,0.000000,1.000000
body_LATEST:1+Hexalobular Socket Pan Head Screw ISO 14583 - M3x10 Steel 4.6 Plain:30,Hexalobular Socket Pan Head Screw ISO 14583 - M3x10 Steel 4.6 Plain,Hexalobular_Socket_Pan_Head_Screw_ISO_14583_-_M3x10_Steel_4.6_Plain,True,0.000000,-0.000000,1.000000,5.850000,0.000000,-1.000000,-0.000000,8.100000,1.000000,0.000000,0.000000,1.500000,0.000000,0.000000,0.000000,1.000000
body_LATEST:1+Hexalobular Socket Pan Head Screw ISO 14583 - M3x10 Steel 4.6 Plain:31,Hexalobular Socket Pan Head Screw ISO 14583 - M3x10 Steel 4.6 Plain,Hexalobular_Socket_Pan_Head_Screw_ISO_14583_-_M3x10_Steel_4.6_Plain,True,0.000000,0.000000,1.000000,6.500000,0.000000,-1.000000,0.000000,-5.183333,1.000000,0.000000,0.000000,2.950000,0.000000,0.000000,0.000000,1.000000
body_LATEST:1+Hexalobular Socket Pan Head Screw ISO 14583 - M3x10 Steel 4.6 Plain:32,Hexalobular Socket Pan Head Screw ISO 14583 - M3x10 Steel 4.6 Plain,Hexalobular_Socket_Pan_Head_Screw_ISO_14583_-_M3x10_Steel_4.6_Plain,True,0.000000,-0.000000,1.000000,6.500000,0.000000,-1.000000,-0.000000,5.183333,1.000000,0.000000,0.000000,2.950000,0.000000,0.000000,0.000000,1.000000
body_LATEST:1+Hexalobular Socket Pan Head Screw ISO 14583 - M3x10 Steel 4.6 Plain:33,Hexalobular Socket Pan Head Screw ISO 14583 - M3x10 Steel 4.6 Plain,Hexalobular_Socket_Pan_Head_Screw_ISO_14583_-_M3x10_Steel_4.6_Plain,True,0.000000,-0.000000,1.000000,6.500000,0.000000,-1.000000,-0.000000,0.000000,1.000000,0.000000,0.000000,2.917500,0.000000,0.000000,0.000000,1.000000
body_LATEST:1+Hexalobular Socket Pan Head Screw ISO 14583 - M3x10 Steel 4.6 Plain:34,Hexalobular Socket Pan Head Screw ISO 14583 - M3x10 Steel 4.6 Plain,Hexalobular_Socket_Pan_Head_Screw_ISO_14583_-_M3x10_Steel_4.6_Plain,True,0.000000,0.000000,-1.000000,-5.850000,0.000000,1.000000,0.000000,8.100000,1.000000,0.000000,0.000000,4.000000,0.000000,0.000000,0.000000,1.000000
body_LATEST:1+Hexalobular Socket Pan Head Screw ISO 14583 - M3x10 Steel 4.6 Plain:35,Hexalobular Socket Pan Head Screw ISO 14583 - M3x10 Steel 4.6 Plain,Hexalobular_Socket_Pan_Head_Screw_ISO_14583_-_M3x10_Steel_4.6_Plain,True,0.000000,0.000000,-1.000000,-5.850000,0.000000,1.000000,0.000000,-8.100000,1.000000,0.000000,0.000000,4.000000,0.000000,0.000000,0.000000,1.000000
body_LATEST:1+Hexalobular Socket Pan Head Screw ISO 14583 - M3x10 Steel 4.6 Plain:36,Hexalobular Socket Pan Head Screw ISO 14583 - M3x10 Steel 4.6 Plain,Hexalobular_Socket_Pan_Head_Screw_ISO_14583_-_M3x10_Steel_4.6_Plain,True,0.000000,0.000000,-1.000000,-5.850000,0.000000,1.000000,0.000000,-8.100000,1.000000,0.000000,0.000000,1.500000,0.000000,0.000000,0.000000,1.000000
body_LATEST:1+Hexalobular Socket Pan Head Screw ISO 14583 - M3x10 Steel 4.6 Plain:37,Hexalobular Socket Pan Head Screw ISO 14583 - M3x10 Steel 4.6 Plain,Hexalobular_Socket_Pan_Head_Screw_ISO_14583_-_M3x10_Steel_4.6_Plain,True,0.000000,0.000000,-1.000000,-5.850000,0.000000,1.000000,0.000000,8.100000,1.000000,0.000000,0.000000,1.500000,0.000000,0.000000,0.000000,1.000000
body_LATEST:1+Hexalobular Socket Pan Head Screw ISO 14583 - M3x10 Steel 4.6 Plain:38,Hexalobular Socket Pan Head Screw ISO 14583 - M3x10 Steel 4.6 Plain,Hexalobular_Socket_Pan_Head_Screw_ISO_14583_-_M3x10_Steel_4.6_Plain,True,0.000000,0.000000,-1.000000,-6.300000,0.000000,1.000000,0.000000,3.000000,1.000000,0.000000,0.000000,0.675000,0.000000,0.000000,0.000000,1.000000
body_LATEST:1+Hexalobular Socket Pan Head Screw ISO 14583 - M3x10 Steel 4.6 Plain:39,Hexalobular Socket Pan Head Screw ISO 14583 - M3x10 Steel 4.6 Plain,Hexalobular_Socket_Pan_Head_Screw_ISO_14583_-_M3x10_Steel_4.6_Plain,True,0.000000,0.000000,-1.000000,-6.300000,0.000000,1.000000,0.000000,0.000000,1.000000,0.000000,0.000000,0.675000,0.000000,0.000000,0.000000,1.000000
body_LATEST:1+Hexalobular Socket Pan Head Screw ISO 14583 - M3x10 Steel 4.6 Plain:40,Hexalobular Socket Pan Head Screw ISO 14583 - M3x10 Steel 4.6 Plain,Hexalobular_Socket_Pan_Head_Screw_ISO_14583_-_M3x10_Steel_4.6_Plain,True,0.000000,0.000000,-1.000000,-6.300000,0.000000,1.000000,0.000000,-3.000000,1.000000,0.000000,0.000000,0.675000,0.000000,0.000000,0.000000,1.000000
body_LATEST:1+Hexalobular Socket Pan Head Screw ISO 14583 - M3x10 Steel 4.6 Plain:41,Hexalobular Socket Pan Head Screw ISO 14583 - M3x10 Steel 4.6 Plain,Hexalobular_Socket_Pan_Head_Screw_ISO_14583_-_M3x10_Steel_4.6_Plain,True,0.000000,0.000000,-1.000000,-6.300000,0.000000,1.000000,0.000000,-6.000000,1.000000,0.000000,0.000000,0.675000,0.000000,0.000000,0.000000,1.000000
body_LATEST:1+Hexalobular Socket Pan Head Screw ISO 14583 - M3x10 Steel 4.6 Plain:42,Hexalobular Socket Pan Head Screw ISO 14583 - M3x10 Steel 4.6 Plain,Hexalobular_Socket_Pan_Head_Screw_ISO_14583_-_M3x10_Steel_4.6_Plain,True,0.000000,0.000000,-1.000000,-6.300000,0.000000,1.000000,0.000000,6.000000,1.000000,0.000000,0.000000,0.675000,0.000000,0.000000,0.000000,1.000000
body_LATEST:1+Hexalobular Socket Pan Head Screw ISO 14583 - M3x10 Steel 4.6 Plain:43,Hexalobular Socket Pan Head Screw ISO 14583 - M3x10 Steel 4.6 Plain,Hexalobular_Socket_Pan_Head_Screw_ISO_14583_-_M3x10_Steel_4.6_Plain,True,0.000000,0.000000,-1.000000,-6.500000,0.000000,1.000000,0.000000,0.000000,1.000000,0.000000,0.000000,2.917500,0.000000,0.000000,0.000000,1.000000
body_LATEST:1+Hexalobular Socket Pan Head Screw ISO 14583 - M3x10 Steel 4.6 Plain:44,Hexalobular Socket Pan Head Screw ISO 14583 - M3x10 Steel 4.6 Plain,Hexalobular_Socket_Pan_Head_Screw_ISO_14583_-_M3x10_Steel_4.6_Plain,True,0.000000,0.000000,-1.000000,-6.500000,0.000000,1.000000,0.000000,-5.183333,1.000000,0.000000,0.000000,2.950000,0.000000,0.000000,0.000000,1.000000
body_LATEST:1+Hexalobular Socket Pan Head Screw ISO 14583 - M3x10 Steel 4.6 Plain:45,Hexalobular Socket Pan Head Screw ISO 14583 - M3x10 Steel 4.6 Plain,Hexalobular_Socket_Pan_Head_Screw_ISO_14583_-_M3x10_Steel_4.6_Plain,True,0.000000,-0.000000,-1.000000,-6.500000,0.000000,1.000000,-0.000000,5.183333,1.000000,0.000000,0.000000,2.950000,0.000000,0.000000,0.000000,1.000000
body_LATEST:1+Hexalobular Socket Pan Head Screw ISO 14583 - M3x12 Steel 4.6 Plain:1,Hexalobular Socket Pan Head Screw ISO 14583 - M3x12 Steel 4.6 Plain,Hexalobular_Socket_Pan_Head_Screw_ISO_14583_-_M3x10_Steel_4.6_Plain,True,-1.000000,0.000000,0.000000,-1.000000,-0.000000,0.000000,-1.000000,-8.750000,0.000000,-1.000000,0.000000,0.675000,0.000000,0.000000,0.000000,1.000000
body_LATEST:1+Hexalobular Socket Pan Head Screw ISO 14583 - M3x12 Steel 4.6 Plain:2,Hexalobular Socket Pan Head Screw ISO 14583 - M3x12 Steel 4.6 Plain,Hexalobular_Socket_Pan_Head_Screw_ISO_14583_-_M3x10_Steel_4.6_Plain,True,-1.000000,-0.000000,0.000000,-3.500000,-0.000000,-0.000000,-1.000000,-8.750000,0.000000,-1.000000,0.000000,40.725000,0.000000,0.000000,0.000000,1.000000
body_LATEST:1+Hexalobular Socket Pan Head Screw ISO 14583 - M3x12 Steel 4.6 Plain:3,Hexalobular Socket Pan Head Screw ISO 14583 - M3x12 Steel 4.6 Plain,Hexalobular_Socket_Pan_Head_Screw_ISO_14583_-_M3x10_Steel_4.6_Plain,True,-1.000000,-0.000000,0.000000,-1.000000,-0.000000,-0.000000,-1.000000,-8.750000,0.000000,-1.000000,0.000000,40.725000,0.000000,0.000000,0.000000,1.000000
body_LATEST:1+Hexalobular Socket Pan Head Screw ISO 14583 - M3x12 Steel 4.6 Plain:4,Hexalobular Socket Pan Head Screw ISO 14583 - M3x12 Steel 4.6 Plain,Hexalobular_Socket_Pan_Head_Screw_ISO_14583_-_M3x10_Steel_4.6_Plain,True,-1.000000,-0.000000,0.000000,3.500000,-0.000000,-0.000000,-1.000000,-8.750000,0.000000,-1.000000,0.000000,0.675000,0.000000,0.000000,0.000000,1.000000
body_LATEST:1+Hexalobular Socket Pan Head Screw ISO 14583 - M3x12 Steel 4.6 Plain:5,Hexalobular Socket Pan Head Screw ISO 14583 - M3x12 Steel 4.6 Plain,Hexalobular_Socket_Pan_Head_Screw_ISO_14583_-_M3x10_Steel_4.6_Plain,True,-1.000000,-0.000000,0.000000,1.000000,-0.000000,-0.000000,-1.000000,-8.750000,0.000000,-1.000000,0.000000,0.675000,0.000000,0.000000,0.000000,1.000000
body_LATEST:1+Hexalobular Socket Pan Head Screw ISO 14583 - M3x12 Steel 4.6 Plain:6,Hexalobular Socket Pan Head Screw ISO 14583 - M3x12 Steel 4.6 Plain,Hexalobular_Socket_Pan_Head_Screw_ISO_14583_-_M3x10_Steel_4.6_Plain,True,-1.000000,0.000000,0.000000,3.500000,-0.000000,0.000000,-1.000000,-8.750000,0.000000,-1.000000,0.000000,40.725000,0.000000,0.000000,0.000000,1.000000
body_LATEST:1+Hexalobular Socket Pan Head Screw ISO 14583 - M3x12 Steel 4.6 Plain:7,Hexalobular Socket Pan Head Screw ISO 14583 - M3x12 Steel 4.6 Plain,Hexalobular_Socket_Pan_Head_Screw_ISO_14583_-_M3x10_Steel_4.6_Plain,True,-1.000000,0.000000,0.000000,1.000000,-0.000000,0.000000,-1.000000,-8.750000,0.000000,-1.000000,0.000000,40.725000,0.000000,0.000000,0.000000,1.000000
body_LATEST:1+Hexalobular Socket Pan Head Screw ISO 14583 - M3x12 Steel 4.6 Plain:8,Hexalobular Socket Pan Head Screw ISO 14583 - M3x12 Steel 4.6 Plain,Hexalobular_Socket_Pan_Head_Screw_ISO_14583_-_M3x10_Steel_4.6_Plain,True,-1.000000,0.000000,0.000000,-3.500000,-0.000000,0.000000,-1.000000,-8.750000,0.000000,-1.000000,0.000000,0.675000,0.000000,0.000000,0.000000,1.000000
body_LATEST:1+Hexalobular Socket Pan Head Screw ISO 14583 - M3x12 Steel 4.6 Plain:9,Hexalobular Socket Pan Head Screw ISO 14583 - M3x12 Steel 4.6 Plain,Hexalobular_Socket_Pan_Head_Screw_ISO_14583_-_M3x10_Steel_4.6_Plain,True,1.000000,0.000000,0.000000,3.500000,0.000000,0.000000,1.000000,8.750000,0.000000,-1.000000,0.000000,0.675000,0.000000,0.000000,0.000000,1.000000
body_LATEST:1+Hexalobular Socket Pan Head Screw ISO 14583 - M3x12 Steel 4.6 Plain:10,Hexalobular Socket Pan Head Screw ISO 14583 - M3x12 Steel 4.6 Plain,Hexalobular_Socket_Pan_Head_Screw_ISO_14583_-_M3x10_Steel_4.6_Plain,True,1.000000,0.000000,0.000000,1.000000,0.000000,0.000000,1.000000,8.750000,0.000000,-1.000000,0.000000,0.675000,0.000000,0.000000,0.000000,1.000000
body_LATEST:1+Hexalobular Socket Pan Head Screw ISO 14583 - M3x12 Steel 4.6 Plain:11,Hexalobular Socket Pan Head Screw ISO 14583 - M3x12 Steel 4.6 Plain,Hexalobular_Socket_Pan_Head_Screw_ISO_14583_-_M3x10_Steel_4.6_Plain,True,1.000000,0.000000,0.000000,3.500000,0.000000,0.000000,1.000000,8.750000,0.000000,-1.000000,0.000000,40.725000,0.000000,0.000000,0.000000,1.000000
body_LATEST:1+Hexalobular Socket Pan Head Screw ISO 14583 - M3x12 Steel 4.6 Plain:12,Hexalobular Socket Pan Head Screw ISO 14583 - M3x12 Steel 4.6 Plain,Hexalobular_Socket_Pan_Head_Screw_ISO_14583_-_M3x10_Steel_4.6_Plain,True,1.000000,0.000000,0.000000,1.000000,0.000000,0.000000,1.000000,8.750000,0.000000,-1.000000,0.000000,40.725000,0.000000,0.000000,0.000000,1.000000
body_LATEST:1+Hexalobular Socket Pan Head Screw ISO 14583 - M3x12 Steel 4.6 Plain:13,Hexalobular Socket Pan Head Screw ISO 14583 - M3x12 Steel 4.6 Plain,Hexalobular_Socket_Pan_Head_Screw_ISO_14583_-_M3x10_Steel_4.6_Plain,True,1.000000,0.000000,0.000000,-3.500000,0.000000,0.000000,1.000000,8.750000,0.000000,-1.000000,0.000000,0.675000,0.000000,0.000000,0.000000,1.000000
body_LATEST:1+Hexalobular Socket Pan Head Screw ISO 14583 - M3x12 Steel 4.6 Plain:14,Hexalobular Socket Pan Head Screw ISO 14583 - M3x12 Steel 4.6 Plain,Hexalobular_Socket_Pan_Head_Screw_ISO_14583_-_M3x10_Steel_4.6_Plain,True,1.000000,0.000000,0.000000,-1.000000,0.000000,0.000000,1.000000,8.750000,0.000000,-1.000000,0.000000,0.675000,0.000000,0.000000,0.000000,1.000000
body_LATEST:1+Hexalobular Socket Pan Head Screw ISO 14583 - M3x12 Steel 4.6 Plain:15,Hexalobular Socket Pan Head Screw ISO 14583 - M3x12 Steel 4.6 Plain,Hexalobular_Socket_Pan_Head_Screw_ISO_14583_-_M3x10_Steel_4.6_Plain,True,1.000000,0.000000,0.000000,-1.000000,0.000000,0.000000,1.000000,8.750000,0.000000,-1.000000,0.000000,40.725000,0.000000,0.000000,0.000000,1.000000
body_LATEST:1+Hexalobular Socket Pan Head Screw ISO 14583 - M3x12 Steel 4.6 Plain:16,Hexalobular Socket Pan Head Screw ISO 14583 - M3x12 Steel 4.6 Plain,Hexalobular_Socket_Pan_Head_Screw_ISO_14583_-_M3x10_Steel_4.6_Plain,True,1.000000,0.000000,0.000000,-3.500000,0.000000,0.000000,1.000000,8.750000,0.000000,-1.000000,0.000000,40.725000,0.000000,0.000000,0.000000,1.000000
body_LATEST:1+Hexalobular Socket Pan Head Screw ISO 14583 - M4x10 Steel 4.6 Plain:1,Hexalobular Socket Pan Head Screw ISO 14583 - M4x10 Steel 4.6 Plain,Hexalobular_Socket_Pan_Head_Screw_ISO_14583_-_M3x10_Steel_4.6_Plain,True,-1.000000,0.000000,0.000000,-1.875149,-0.000000,0.000000,-1.000000,-8.600000,0.000000,-1.000000,0.000000,30.222990,0.000000,0.000000,0.000000,1.000000
body_LATEST:1+Hexalobular Socket Pan Head Screw ISO 14583 - M4x10 Steel 4.6 Plain:2,Hexalobular Socket Pan Head Screw ISO 14583 - M4x10 Steel 4.6 Plain,Hexalobular_Socket_Pan_Head_Screw_ISO_14583_-_M3x10_Steel_4.6_Plain,True,-1.000000,0.000000,0.000000,-4.527010,-0.000000,0.000000,-1.000000,-8.600000,0.000000,-1.000000,0.000000,36.625149,0.000000,0.000000,0.000000,1.000000
body_LATEST:1+Hexalobular Socket Pan Head Screw ISO 14583 - M4x10 Steel 4.6 Plain:3,Hexalobular Socket Pan Head Screw ISO 14583 - M4x10 Steel 4.6 Plain,Hexalobular_Socket_Pan_Head_Screw_ISO_14583_-_M3x10_Steel_4.6_Plain,True,-1.000000,0.000000,0.000000,-1.875149,-0.000000,0.000000,-1.000000,-8.600000,0.000000,-1.000000,0.000000,39.277010,0.000000,0.000000,0.000000,1.000000
body_LATEST:1+Hexalobular Socket Pan Head Screw ISO 14583 - M4x10 Steel 4.6 Plain:4,Hexalobular Socket Pan Head Screw ISO 14583 - M4x10 Steel 4.6 Plain,Hexalobular_Socket_Pan_Head_Screw_ISO_14583_-_M3x10_Steel_4.6_Plain,True,-1.000000,-0.000000,0.000000,1.875149,-0.000000,-0.000000,-1.000000,-8.600000,0.000000,-1.000000,0.000000,30.222990,0.000000,0.000000,0.000000,1.000000
body_LATEST:1+Hexalobular Socket Pan Head Screw ISO 14583 - M4x10 Steel 4.6 Plain:5,Hexalobular Socket Pan Head Screw ISO 14583 - M4x10 Steel 4.6 Plain,Hexalobular_Socket_Pan_Head_Screw_ISO_14583_-_M3x10_Steel_4.6_Plain,True,-1.000000,-0.000000,0.000000,4.527010,-0.000000,-0.000000,-1.000000,-8.600000,0.000000,-1.000000,0.000000,36.625149,0.000000,0.000000,0.000000,1.000000
body_LATEST:1+Hexalobular Socket Pan Head Screw ISO 14583 - M4x10 Steel 4.6 Plain:6,Hexalobular Socket Pan Head Screw ISO 14583 - M4x10 Steel 4.6 Plain,Hexalobular_Socket_Pan_Head_Screw_ISO_14583_-_M3x10_Steel_4.6_Plain,True,-1.000000,-0.000000,0.000000,4.527010,-0.000000,-0.000000,-1.000000,-8.600000,0.000000,-1.000000,0.000000,32.874851,0.000000,0.000000,0.000000,1.000000
body_LATEST:1+Hexalobular Socket Pan Head Screw ISO 14583 - M4x10 Steel 4.6 Plain:7,Hexalobular Socket Pan Head Screw ISO 14583 - M4x10 Steel 4.6 Plain,Hexalobular_Socket_Pan_Head_Screw_ISO_14583_-_M3x10_Steel_4.6_Plain,True,-1.000000,-0.000000,0.000000,1.875149,-0.000000,-0.000000,-1.000000,-8.600000,0.000000,-1.000000,0.000000,39.277010,0.000000,0.000000,0.000000,1.000000
body_LATEST:1+Hexalobular Socket Pan Head Screw ISO 14583 - M4x10 Steel 4.6 Plain:8,Hexalobular Socket Pan Head Screw ISO 14583 - M4x10 Steel 4.6 Plain,Hexalobular_Socket_Pan_Head_Screw_ISO_14583_-_M3x10_Steel_4.6_Plain,True,-1.000000,0.000000,0.000000,-4.527010,-0.000000,0.000000,-1.000000,-8.600000,0.000000,-1.000000,0.000000,32.874851,0.000000,0.000000,0.000000,1.000000
body_LATEST:1+Hexalobular Socket Pan Head Screw ISO 14583 - M4x10 Steel 4.6 Plain:9,Hexalobular Socket Pan Head Screw ISO 14583 - M4x10 Steel 4.6 Plain,Hexalobular_Socket_Pan_Head_Screw_ISO_14583_-_M3x10_Steel_4.6_Plain,True,1.000000,0.000000,0.000000,1.875149,0.000000,0.000000,1.000000,8.600000,0.000000,-1.000000,0.000000,30.222990,0.000000,0.000000,0.000000,1.000000
body_LATEST:1+Hexalobular Socket Pan Head Screw ISO 14583 - M4x10 Steel 4.6 Plain:10,Hexalobular Socket Pan Head Screw ISO 14583 - M4x10 Steel 4.6 Plain,Hexalobular_Socket_Pan_Head_Screw_ISO_14583_-_M3x10_Steel_4.6_Plain,True,1.000000,0.000000,0.000000,4.527010,0.000000,0.000000,1.000000,8.600000,0.000000,-1.000000,0.000000,36.625149,0.000000,0.000000,0.000000,1.000000
body_LATEST:1+Hexalobular Socket Pan Head Screw ISO 14583 - M4x10 Steel 4.6 Plain:11,Hexalobular Socket Pan Head Screw ISO 14583 - M4x10 Steel 4.6 Plain,Hexalobular_Socket_Pan_Head_Screw_ISO_14583_-_M3x10_Steel_4.6_Plain,True,1.000000,0.000000,0.000000,4.527010,0.000000,0.000000,1.000000,8.600000,0.000000,-1.000000,0.000000,32.874851,0.000000,0.000000,0.000000,1.000000
body_LATEST:1+Hexalobular Socket Pan Head Screw ISO 14583 - M4x10 Steel 4.6 Plain:12,Hexalobular Socket Pan Head Screw ISO 14583 - M4x10 Steel 4.6 Plain,Hexalobular_Socket_Pan_Head_Screw_ISO_14583_-_M3x10_Steel_4.6_Plain,True,1.000000,0.000000,0.000000,1.875149,0.000000,0.000000,1.000000,8.600000,0.000000,-1.000000,0.000000,39.277010,0.000000,0.000000,0.000000,1.000000
body_LATEST:1+Hexalobular Socket Pan Head Screw ISO 14583 - M4x10 Steel 4.6 Plain:13,Hexalobular Socket Pan Head Screw ISO 14583 - M4x10 Steel 4.6 Plain,Hexalobular_Socket_Pan_Head_Screw_ISO_14583_-_M3x10_Steel_4.6_Plain,True,1.000000,0.000000,0.000000,-1.875149,0.000000,0.000000,1.000000,8.600000,0.000000,-1.000000,0.000000,30.222990,0.000000,0.000000,0.000000,1.000000
body_LATEST:1+Hexalobular Socket Pan Head Screw ISO 14583 - M4x10 Steel 4.6 Plain:14,Hexalobular Socket Pan Head Screw ISO 14583 - M4x10 Steel 4.6 Plain,Hexalobular_Socket_Pan_Head_Screw_ISO_14583_-_M3x10_Steel_4.6_Plain,True,1.000000,0.000000,0.000000,-4.527010,0.000000,0.000000,1.000000,8.600000,0.000000,-1.000000,0.000000,32.874851,0.000000,0.000000,0.000000,1.000000
body_LATEST:1+Hexalobular Socket Pan Head Screw ISO 14583 - M4x10 Steel 4.6 Plain:15,Hexalobular Socket Pan Head Screw ISO 14583 - M4x10 Steel 4.6 Plain,Hexalobular_Socket_Pan_Head_Screw_ISO_14583_-_M3x10_Steel_4.6_Plain,True,1.000000,0.000000,0.000000,-1.875149,0.000000,0.000000,1.000000,8.600000,0.000000,-1.000000,0.000000,39.277010,0.000000,0.000000,0.000000,1.000000
body_LATEST:1+Hexalobular Socket Pan Head Screw ISO 14583 - M4x10 Steel 4.6 Plain:16,Hexalobular Socket Pan Head Screw ISO 14583 - M4x10 Steel 4.6 Plain,Hexalobular_Socket_Pan_Head_Screw_ISO_14583_-_M3x10_Steel_4.6_Plain,True,1.000000,0.000000,0.000000,-4.527010,0.000000,0.000000,1.000000,8.600000,0.000000,-1.000000,0.000000,36.625149,0.000000,0.000000,0.000000,1.000000
body_LATEST:1+Hexalobular Socket Pan Head Screw ISO 14583 - M3x10 Steel 4.6 Plain:46,Hexalobular Socket Pan Head Screw ISO 14583 - M3x10 Steel 4.6 Plain,Hexalobular_Socket_Pan_Head_Screw_ISO_14583_-_M3x10_Steel_4.6_Plain,True,-1.000000,-0.000000,0.000000,2.250000,0.000000,-1.000000,-0.000000,8.625000,0.000000,-0.000000,1.000000,41.200000,0.000000,0.000000,0.000000,1.000000
body_LATEST:1+Hexalobular Socket Pan Head Screw ISO 14583 - M3x10 Steel 4.6 Plain:47,Hexalobular Socket Pan Head Screw ISO 14583 - M3x10 Steel 4.6 Plain,Hexalobular_Socket_Pan_Head_Screw_ISO_14583_-_M3x10_Steel_4.6_Plain,True,-1.000000,-0.000000,0.000000,0.000000,0.000000,-1.000000,-0.000000,8.625000,0.000000,0.000000,1.000000,41.200000,0.000000,0.000000,0.000000,1.000000
body_LATEST:1+Hexalobular Socket Pan Head Screw ISO 14583 - M3x10 Steel 4.6 Plain:48,Hexalobular Socket Pan Head Screw ISO 14583 - M3x10 Steel 4.6 Plain,Hexalobular_Socket_Pan_Head_Screw_ISO_14583_-_M3x10_Steel_4.6_Plain,True,-1.000000,-0.000000,0.000000,-4.750000,0.000000,-1.000000,-0.000000,8.625000,0.000000,0.000000,1.000000,41.200000,0.000000,0.000000,0.000000,1.000000
body_LATEST:1+Hexalobular Socket Pan Head Screw ISO 14583 - M3x10 Steel 4.6 Plain:49,Hexalobular Socket Pan Head Screw ISO 14583 - M3x10 Steel 4.6 Plain,Hexalobular_Socket_Pan_Head_Screw_ISO_14583_-_M3x10_Steel_4.6_Plain,True,-1.000000,-0.000000,0.000000,-2.250000,0.000000,-1.000000,-0.000000,8.625000,0.000000,0.000000,1.000000,41.200000,0.000000,0.000000,0.000000,1.000000
body_LATEST:1+Hexalobular Socket Pan Head Screw ISO 14583 - M3x10 Steel 4.6 Plain:50,Hexalobular Socket Pan Head Screw ISO 14583 - M3x10 Steel 4.6 Plain,Hexalobular_Socket_Pan_Head_Screw_ISO_14583_-_M3x10_Steel_4.6_Plain,True,-1.000000,-0.000000,0.000000,-2.250000,0.000000,-1.000000,-0.000000,-8.625000,0.000000,-0.000000,1.000000,41.200000,0.000000,0.000000,0.000000,1.000000
body_LATEST:1+Hexalobular Socket Pan Head Screw ISO 14583 - M3x10 Steel 4.6 Plain:51,Hexalobular Socket Pan Head Screw ISO 14583 - M3x10 Steel 4.6 Plain,Hexalobular_Socket_Pan_Head_Screw_ISO_14583_-_M3x10_Steel_4.6_Plain,True,-1.000000,-0.000000,0.000000,-4.750000,0.000000,-1.000000,-0.000000,-8.625000,0.000000,-0.000000,1.000000,41.200000,0.000000,0.000000,0.000000,1.000000
body_LATEST:1+Hexalobular Socket Pan Head Screw ISO 14583 - M3x10 Steel 4.6 Plain:52,Hexalobular Socket Pan Head Screw ISO 14583 - M3x10 Steel 4.6 Plain,Hexalobular_Socket_Pan_Head_Screw_ISO_14583_-_M3x10_Steel_4.6_Plain,True,-1.000000,-0.000000,0.000000,0.000000,0.000000,-1.000000,-0.000000,-8.625000,0.000000,-0.000000,1.000000,41.200000,0.000000,0.000000,0.000000,1.000000
body_LATEST:1+Hexalobular Socket Pan Head Screw ISO 14583 - M3x10 Steel 4.6 Plain:53,Hexalobular Socket Pan Head Screw ISO 14583 - M3x10 Steel 4.6 Plain,Hexalobular_Socket_Pan_Head_Screw_ISO_14583_-_M3x10_Steel_4.6_Plain,True,-1.000000,-0.000000,0.000000,4.750000,0.000000,-1.000000,-0.000000,-8.625000,0.000000,0.000000,1.000000,41.200000,0.000000,0.000000,0.000000,1.000000
body_LATEST:1+Hexalobular Socket Pan Head Screw ISO 14583 - M3x10 Steel 4.6 Plain:54,Hexalobular Socket Pan Head Screw ISO 14583 - M3x10 Steel 4.6 Plain,Hexalobular_Socket_Pan_Head_Screw_ISO_14583_-_M3x10_Steel_4.6_Plain,True,-1.000000,-0.000000,0.000000,2.250000,0.000000,-1.000000,-0.000000,-8.625000,0.000000,0.000000,1.000000,41.200000,0.000000,0.000000,0.000000,1.000000
body_LATEST:1+Hexalobular Socket Pan Head Screw ISO 14583 - M3x10 Steel 4.6 Plain:55,Hexalobular Socket Pan Head Screw ISO 14583 - M3x10 Steel 4.6 Plain,Hexalobular_Socket_Pan_Head_Screw_ISO_14583_-_M3x10_Steel_4.6_Plain,True,-1.000000,-0.000000,0.000000,4.750000,0.000000,-1.000000,-0.000000,8.625000,0.000000,-0.000000,1.000000,41.200000,0.000000,0.000000,0.000000,1.000000
body_LATEST:1+Hexalobular Socket Pan Head Screw ISO 14583 - M3x10 Steel 4.6 Plain:56,Hexalobular Socket Pan Head Screw ISO 14583 - M3x10 Steel 4.6 Plain,Hexalobular_Socket_Pan_Head_Screw_ISO_14583_-_M3x10_Steel_4.6_Plain,True,1.000000,0.000000,0.000000,2.250000,0.000000,-1.000000,-0.000000,-8.625000,0.000000,0.000000,-1.000000,0.000000,0.000000,0.000000,0.000000,1.000000
body_LATEST:1+Hexalobular Socket Pan Head Screw ISO 14583 - M3x10 Steel 4.6 Plain:57,Hexalobular Socket Pan Head Screw ISO 14583 - M3x10 Steel 4.6 Plain,Hexalobular_Socket_Pan_Head_Screw_ISO_14583_-_M3x10_Steel_4.6_Plain,True,1.000000,0.000000,0.000000,4.750000,0.000000,-1.000000,-0.000000,-8.625000,0.000000,0.000000,-1.000000,0.000000,0.000000,0.000000,0.000000,1.000000
body_LATEST:1+Hexalobular Socket Pan Head Screw ISO 14583 - M3x10 Steel 4.6 Plain:58,Hexalobular Socket Pan Head Screw ISO 14583 - M3x10 Steel 4.6 Plain,Hexalobular_Socket_Pan_Head_Screw_ISO_14583_-_M3x10_Steel_4.6_Plain,True,1.000000,0.000000,0.000000,2.250000,0.000000,-1.000000,0.000000,8.625000,0.000000,0.000000,-1.000000,0.000000,0.000000,0.000000,0.000000,1.000000
body_LATEST:1+Hexalobular Socket Pan Head Screw ISO 14583 - M3x10 Steel 4.6 Plain:59,Hexalobular Socket Pan Head Screw ISO 14583 - M3x10 Steel 4.6 Plain,Hexalobular_Socket_Pan_Head_Screw_ISO_14583_-_M3x10_Steel_4.6_Plain,True,1.000000,0.000000,0.000000,4.750000,0.000000,-1.000000,0.000000,8.625000,0.000000,0.000000,-1.000000,0.000000,0.000000,0.000000,0.000000,1.000000
body_LATEST:1+Hexalobular Socket Pan Head Screw ISO 14583 - M3x10 Steel 4.6 Plain:60,Hexalobular Socket Pan Head Screw ISO 14583 - M3x10 Steel 4.6 Plain,Hexalobular_Socket_Pan_Head_Screw_ISO_14583_-_M3x10_Steel_4.6_Plain,True,1.000000,0.000000,0.000000,-2.250000,0.000000,-1.000000,0.000000,-8.625000,0.000000,0.000000,-1.000000,0.000000,0.000000,0.000000,0.000000,1.000000
body_LATEST:1+Hexalobular Socket Pan Head Screw ISO 14583 - M3x10 Steel 4.6 Plain:61,Hexalobular Socket Pan Head Screw ISO 14583 - M3x10 Steel 4.6 Plain,Hexalobular_Socket_Pan_Head_Screw_ISO_14583_-_M3x10_Steel_4.6_Plain,True,1.000000,0.000000,0.000000,0.000000,0.000000,-1.000000,-0.000000,-8.625000,0.000000,0.000000,-1.000000,0.000000,0.000000,0.000000,0.000000,1.000000
body_LATEST:1+Hexalobular Socket Pan Head Screw ISO 14583 - M3x10 Steel 4.6 Plain:62,Hexalobular Socket Pan Head Screw ISO 14583 - M3x10 Steel 4.6 Plain,Hexalobular_Socket_Pan_Head_Screw_ISO_14583_-_M3x10_Steel_4.6_Plain,True,1.000000,0.000000,0.000000,-4.750000,0.000000,-1.000000,0.000000,-8.625000,0.000000,0.000000,-1.000000,0.000000,0.000000,0.000000,0.000000,1.000000
body_LATEST:1+Hexalobular Socket Pan Head Screw ISO 14583 - M3x10 Steel 4.6 Plain:63,Hexalobular Socket Pan Head Screw ISO 14583 - M3x10 Steel 4.6 Plain,Hexalobular_Socket_Pan_Head_Screw_ISO_14583_-_M3x10_Steel_4.6_Plain,True,1.000000,0.000000,0.000000,0.000000,0.000000,-1.000000,0.000000,8.625000,0.000000,0.000000,-1.000000,0.000000,0.000000,0.000000,0.000000,1.000000
body_LATEST:1+Hexalobular Socket Pan Head Screw ISO 14583 - M3x10 Steel 4.6 Plain:64,Hexalobular Socket Pan Head Screw ISO 14583 - M3x10 Steel 4.6 Plain,Hexalobular_Socket_Pan_Head_Screw_ISO_14583_-_M3x10_Steel_4.6_Plain,True,1.000000,0.000000,0.000000,-2.250000,0.000000,-1.000000,-0.000000,8.625000,0.000000,0.000000,-1.000000,0.000000,0.000000,0.000000,0.000000,1.000000
body_LATEST:1+Hexalobular Socket Pan Head Screw ISO 14583 - M3x10 Steel 4.6 Plain:65,Hexalobular Socket Pan Head Screw ISO 14583 - M3x10 Steel 4.6 Plain,Hexalobular_Socket_Pan_Head_Screw_ISO_14583_-_M3x10_Steel_4.6_Plain,True,1.000000,0.000000,0.000000,-4.750000,0.000000,-1.000000,-0.000000,8.625000,0.000000,0.000000,-1.000000,0.000000,0.000000,0.000000,0.000000,1.000000
body_LATEST:1+twincities_v2_nolock:1+schematics:1,schematics,schematics,False,1.000000,0.000000,0.000000,0.000000,0.000000,1.000000,0.000000,0.000000,0.000000,0.000000,1.000000,0.000000,0.000000,0.000000,0.000000,1.000000
body_LATEST:1+twincities_v2_nolock:1+robstride05 v16 (2):1+FL46BLW10-48V-5N.m-DE(2)^FL46BLW10-48V-5N.m-DE (2):1+1_1_06_EB463-507^FL46BLW10-48V-5N.m-DE(2)_FL46BLW10-48V-5N.m-DE (2):1,1_1_06_EB463-507^FL46BLW10-48V-5N.m-DE(2)_FL46BLW10-48V-5N.m-DE (2),1_1_06_EB463-507_FL46BLW10-48V-5N.m-DE_2__FL46BLW10-48V-5N.m-DE_2,True,-0.601815,0.798636,-0.000000,-0.000000,-0.798636,-0.601815,0.000000,-6.500000,-0.000000,0.000000,1.000000,50.550000,0.000000,0.000000,0.000000,1.000000
body_LATEST:1+twincities_v2_nolock:1+robstride05 v16 (2):1+FL46BLW10-48V-5N.m-DE(2)^FL46BLW10-48V-5N.m-DE (2):1+1_1_02_EB461-502^FL46BLW10-48V-5N.m-DE(2)_FL46BLW10-48V-5N.m-DE (2):1,1_1_02_EB461-502^FL46BLW10-48V-5N.m-DE(2)_FL46BLW10-48V-5N.m-DE (2),1_1_02_EB461-502_FL46BLW10-48V-5N.m-DE_2__FL46BLW10-48V-5N.m-DE_2,True,-0.250380,0.968148,-0.000000,-0.000000,-0.968148,-0.250380,0.000000,-6.500000,0.000000,0.000000,1.000000,52.350000,0.000000,0.000000,0.000000,1.000000
body_LATEST:1+twincities_v2_nolock:1+robstride05 v16 (2):1+FL46BLW10-48V-5N.m-DE(2)^FL46BLW10-48V-5N.m-DE (2):1+1_2_05_000438^FL46BLW10-48V-5N.m-DE(2)_FL46BLW10-48V-5N.m-DE (2):1,1_2_05_000438^FL46BLW10-48V-5N.m-DE(2)_FL46BLW10-48V-5N.m-DE (2),1_2_05_000438_FL46BLW10-48V-5N.m-DE_2__FL46BLW10-48V-5N.m-DE_2,True,0.601815,-0.798636,-0.000000,-1.254288,0.798636,0.601815,0.000000,-8.164496,0.000000,-0.000000,1.000000,52.600000,0.000000,0.000000,0.000000,1.000000
body_LATEST:1+twincities_v2_nolock:1+robstride05 v16 (2):1+FL46BLW10-48V-5N.m-DE(2)^FL46BLW10-48V-5N.m-DE (2):1+1_2_05_000438^FL46BLW10-48V-5N.m-DE(2)_FL46BLW10-48V-5N.m-DE (2):2,1_2_05_000438^FL46BLW10-48V-5N.m-DE(2)_FL46BLW10-48V-5N.m-DE (2),1_2_05_000438_FL46BLW10-48V-5N.m-DE_2__FL46BLW10-48V-5N.m-DE_2,True,-0.139173,-0.990268,-0.000000,0.290061,0.990268,-0.139173,0.000000,-8.563892,-0.000000,-0.000000,1.000000,52.600000,0.000000,0.000000,0.000000,1.000000
body_LATEST:1+twincities_v2_nolock:1+robstride05 v16 (2):1+FL46BLW10-48V-5N.m-DE(2)^FL46BLW10-48V-5N.m-DE (2):1+1_2_05_000438^FL46BLW10-48V-5N.m-DE(2)_FL46BLW10-48V-5N.m-DE (2):3,1_2_05_000438^FL46BLW10-48V-5N.m-DE(2)_FL46BLW10-48V-5N.m-DE (2),1_2_05_000438_FL46BLW10-48V-5N.m-DE_2__FL46BLW10-48V-5N.m-DE_2,True,-0.798636,-0.601815,-0.000000,1.664496,0.601815,-0.798636,0.000000,-7.754288,-0.000000,-0.000000,1.000000,52.600000,0.000000,0.000000,0.000000,1.000000
body_LATEST:1+twincities_v2_nolock:1+robstride05 v16 (2):1+FL46BLW10-48V-5N.m-DE(2)^FL46BLW10-48V-5N.m-DE (2):1+1_2_05_000438^FL46BLW10-48V-5N.m-DE(2)_FL46BLW10-48V-5N.m-DE (2):4,1_2_05_000438^FL46BLW10-48V-5N.m-DE(2)_FL46BLW10-48V-5N.m-DE (2),1_2_05_000438_FL46BLW10-48V-5N.m-DE_2__FL46BLW10-48V-5N.m-DE_2,True,-0.990268,0.139173,-0.000000,2.063892,-0.139173,-0.990268,0.000000,-6.209939,-0.000000,0.000000,1.000000,52.600000,0.000000,0.000000,0.000000,1.000000
body_LATEST:1+twincities_v2_nolock:1+robstride05 v16 (2):1+FL46BLW10-48V-5N.m-DE(2)^FL46BLW10-48V-5N.m-DE (2):1+1_2_05_000438^FL46BLW10-48V-5N.m-DE(2)_FL46BLW10-48V-5N.m-DE (2):5,1_2_05_000438^FL46BLW10-48V-5N.m-DE(2)_FL46BLW10-48V-5N.m-DE (2),1_2_05_000438_FL46BLW10-48V-5N.m-DE_2__FL46BLW10-48V-5N.m-DE_2,True,-0.601815,0.798636,-0.000000,1.254288,-0.798636,-0.601815,0.000000,-4.835504,-0.000000,0.000000,1.000000,52.600000,0.000000,0.000000,0.000000,1.000000
body_LATEST:1+twincities_v2_nolock:1+robstride05 v16 (2):1+FL46BLW10-48V-5N.m-DE(2)^FL46BLW10-48V-5N.m-DE (2):1+1_2_05_000438^FL46BLW10-48V-5N.m-DE(2)_FL46BLW10-48V-5N.m-DE (2):6,1_2_05_000438^FL46BLW10-48V-5N.m-DE(2)_FL46BLW10-48V-5N.m-DE (2),1_2_05_000438_FL46BLW10-48V-5N.m-DE_2__FL46BLW10-48V-5N.m-DE_2,True,0.139173,0.990268,-0.000000,-0.290061,-0.990268,0.139173,0.000000,-4.436108,0.000000,0.000000,1.000000,52.600000,0.000000,0.000000,0.000000,1.000000
body_LATEST:1+twincities_v2_nolock:1+robstride05 v16 (2):1+FL46BLW10-48V-5N.m-DE(2)^FL46BLW10-48V-5N.m-DE (2):1+1_2_05_000438^FL46BLW10-48V-5N.m-DE(2)_FL46BLW10-48V-5N.m-DE (2):7,1_2_05_000438^FL46BLW10-48V-5N.m-DE(2)_FL46BLW10-48V-5N.m-DE (2),1_2_05_000438_FL46BLW10-48V-5N.m-DE_2__FL46BLW10-48V-5N.m-DE_2,True,0.798636,0.601815,-0.000000,-1.664496,-0.601815,0.798636,0.000000,-5.245712,0.000000,0.000000,1.000000,52.600000,0.000000,0.000000,0.000000,1.000000
body_LATEST:1+twincities_v2_nolock:1+robstride05 v16 (2):1+FL46BLW10-48V-5N.m-DE(2)^FL46BLW10-48V-5N.m-DE (2):1+1_2_05_000438^FL46BLW10-48V-5N.m-DE(2)_FL46BLW10-48V-5N.m-DE (2):8,1_2_05_000438^FL46BLW10-48V-5N.m-DE(2)_FL46BLW10-48V-5N.m-DE (2),1_2_05_000438_FL46BLW10-48V-5N.m-DE_2__FL46BLW10-48V-5N.m-DE_2,True,0.990268,-0.139173,-0.000000,-2.063892,0.139173,0.990268,0.000000,-6.790061,0.000000,-0.000000,1.000000,52.600000,0.000000,0.000000,0.000000,1.000000
body_LATEST:1+twincities_v2_nolock:1+robstride05 v16 (2):1+FL46BLW10-48V-5N.m-DE(2)^FL46BLW10-48V-5N.m-DE (2):1+1_2_16_001425^FL46BLW10-48V-5N.m-DE(2)_FL46BLW10-48V-5N.m-DE (2):1,1_2_16_001425^FL46BLW10-48V-5N.m-DE(2)_FL46BLW10-48V-5N.m-DE (2),1_2_16_001425_FL46BLW10-48V-5N.m-DE_2__FL46BLW10-48V-5N.m-DE_2,True,-0.990271,-0.139152,-0.000000,2.554300,-0.139152,0.990271,0.000000,-8.867471,0.000000,0.000000,-1.000000,49.540000,0.000000,0.000000,0.000000,1.000000
body_LATEST:1+twincities_v2_nolock:1+robstride05 v16 (2):1+FL46BLW10-48V-5N.m-DE(2)^FL46BLW10-48V-5N.m-DE (2):1+1_1_06_EB463-509^FL46BLW10-48V-5N.m-DE(2)_FL46BLW10-48V-5N.m-DE (2):1,1_1_06_EB463-509^FL46BLW10-48V-5N.m-DE(2)_FL46BLW10-48V-5N.m-DE (2),1_1_06_EB463-509_FL46BLW10-48V-5N.m-DE_2__FL46BLW10-48V-5N.m-DE_2,True,-0.990268,0.139173,0.000000,-0.000000,-0.139173,-0.990268,0.000000,-6.500000,0.000000,0.000000,1.000000,49.200000,0.000000,0.000000,0.000000,1.000000
body_LATEST:1+twincities_v2_nolock:1+robstride05 v16 (2):1+FL46BLW10-48V-5N.m-DE(2)^FL46BLW10-48V-5N.m-DE (2):1+1_2_05_020051^FL46BLW10-48V-5N.m-DE(2)_FL46BLW10-48V-5N.m-DE (2):1,1_2_05_020051^FL46BLW10-48V-5N.m-DE(2)_FL46BLW10-48V-5N.m-DE (2),1_2_05_020051_FL46BLW10-48V-5N.m-DE_2__FL46BLW10-48V-5N.m-DE_2,True,-0.601815,0.798636,-0.000000,-1.113358,-0.798636,-0.601815,0.000000,-7.977476,-0.000000,0.000000,1.000000,50.040000,0.000000,0.000000,0.000000,1.000000
body_LATEST:1+twincities_v2_nolock:1+robstride05 v16 (2):1+FL46BLW10-48V-5N.m-DE(2)^FL46BLW10-48V-5N.m-DE (2):1+1_2_05_020051^FL46BLW10-48V-5N.m-DE(2)_FL46BLW10-48V-5N.m-DE (2):2,1_2_05_020051^FL46BLW10-48V-5N.m-DE(2)_FL46BLW10-48V-5N.m-DE (2),1_2_05_020051_FL46BLW10-48V-5N.m-DE_2__FL46BLW10-48V-5N.m-DE_2,True,0.956305,0.292372,-0.000000,1.769164,-0.292372,0.956305,0.000000,-7.040888,0.000000,-0.000000,1.000000,50.040000,0.000000,0.000000,0.000000,1.000000
body_LATEST:1+twincities_v2_nolock:1+robstride05 v16 (2):1+FL46BLW10-48V-5N.m-DE(2)^FL46BLW10-48V-5N.m-DE (2):1+1_2_05_020051^FL46BLW10-48V-5N.m-DE(2)_FL46BLW10-48V-5N.m-DE (2):3,1_2_05_020051^FL46BLW10-48V-5N.m-DE(2)_FL46BLW10-48V-5N.m-DE (2),1_2_05_020051_FL46BLW10-48V-5N.m-DE_2__FL46BLW10-48V-5N.m-DE_2,True,-0.956305,-0.292372,0.000000,-1.769164,0.292372,-0.956305,-0.000000,-5.959112,0.000000,-0.000000,1.000000,50.040000,0.000000,0.000000,0.000000,1.000000
body_LATEST:1+twincities_v2_nolock:1+robstride05 v16 (2):1+FL46BLW10-48V-5N.m-DE(2)^FL46BLW10-48V-5N.m-DE (2):1+1_2_05_000608^FL46BLW10-48V-5N.m-DE(2)_FL46BLW10-48V-5N.m-DE (2):1,1_2_05_000608^FL46BLW10-48V-5N.m-DE(2)_FL46BLW10-48V-5N.m-DE (2),1_2_05_000608_FL46BLW10-48V-5N.m-DE_2__FL46BLW10-48V-5N.m-DE_2,True,-0.000000,-0.601815,0.798636,-1.946555,0.000000,-0.798636,-0.601815,-7.058166,1.000000,-0.000000,0.000000,49.812178,0.000000,0.000000,0.000000,1.000000
body_LATEST:1+twincities_v2_nolock:1+robstride05 v16 (2):1+FL46BLW10-48V-5N.m-DE(2)^FL46BLW10-48V-5N.m-DE (2):1+1_2_05_000608^FL46BLW10-48V-5N.m-DE(2)_FL46BLW10-48V-5N.m-DE (2):2,1_2_05_000608^FL46BLW10-48V-5N.m-DE(2)_FL46BLW10-48V-5N.m-DE (2),1_2_05_000608_FL46BLW10-48V-5N.m-DE_2__FL46BLW10-48V-5N.m-DE_2,True,-0.000000,0.798636,0.601815,0.558166,0.000000,-0.601815,0.798636,-8.446555,1.000000,0.000000,0.000000,49.812178,0.000000,0.000000,0.000000,1.000000
body_LATEST:1+twincities_v2_nolock:1+robstride05 v16 (2):1+FL46BLW10-48V-5N.m-DE(2)^FL46BLW10-48V-5N.m-DE (2):1+1_2_05_000608^FL46BLW10-48V-5N.m-DE(2)_FL46BLW10-48V-5N.m-DE (2):3,1_2_05_000608^FL46BLW10-48V-5N.m-DE(2)_FL46BLW10-48V-5N.m-DE (2),1_2_05_000608_FL46BLW10-48V-5N.m-DE_2__FL46BLW10-48V-5N.m-DE_2,True,-0.000000,0.601815,-0.798636,1.946555,0.000000,0.798636,0.601815,-5.941834,1.000000,0.000000,-0.000000,49.812178,0.000000,0.000000,0.000000,1.000000
body_LATEST:1+twincities_v2_nolock:1+robstride05 v16 (2):1+FL46BLW10-48V-5N.m-DE(2)^FL46BLW10-48V-5N.m-DE (2):1+1_2_05_000608^FL46BLW10-48V-5N.m-DE(2)_FL46BLW10-48V-5N.m-DE (2):4,1_2_05_000608^FL46BLW10-48V-5N.m-DE(2)_FL46BLW10-48V-5N.m-DE (2),1_2_05_000608_FL46BLW10-48V-5N.m-DE_2__FL46BLW10-48V-5N.m-DE_2,True,-0.000000,-0.798636,-0.601815,-0.558166,0.000000,0.601815,-0.798636,-4.553445,1.000000,-0.000000,-0.000000,49.812178,0.000000,0.000000,0.000000,1.000000
body_LATEST:1+twincities_v2_nolock:1+robstride05 v16 (2):1+FL46BLW10-48V-5N.m-DE(2)^FL46BLW10-48V-5N.m-DE (2):1+1_1_31_EB463-510^FL46BLW10-48V-5N.m-DE(2)_FL46BLW10-48V-5N.m-DE (2):1,1_1_31_EB463-510^FL46BLW10-48V-5N.m-DE(2)_FL46BLW10-48V-5N.m-DE (2),1_1_31_EB463-510_FL46BLW10-48V-5N.m-DE_2__FL46BLW10-48V-5N.m-DE_2,True,-0.250380,0.968148,-0.000000,-0.000000,-0.968148,-0.250380,0.000000,-6.500000,0.000000,0.000000,1.000000,53.350000,0.000000,0.000000,0.000000,1.000000
body_LATEST:1+twincities_v2_nolock:1+robstride05 v16 (2):1+FL46BLW10-48V-5N.m-DE(2)^FL46BLW10-48V-5N.m-DE (2):1+1_2_05_000555^FL46BLW10-48V-5N.m-DE(2)_FL46BLW10-48V-5N.m-DE (2):1,1_2_05_000555^FL46BLW10-48V-5N.m-DE(2)_FL46BLW10-48V-5N.m-DE (2),1_2_05_000555_FL46BLW10-48V-5N.m-DE_2__FL46BLW10-48V-5N.m-DE_2,True,0.000000,0.601815,0.798636,-2.054806,-0.000000,0.798636,-0.601815,-6.788784,-1.000000,0.000000,0.000000,53.283000,0.000000,0.000000,0.000000,1.000000
body_LATEST:1+twincities_v2_nolock:1+robstride05 v16 (2):1+FL46BLW10-48V-5N.m-DE(2)^FL46BLW10-48V-5N.m-DE (2):1+1_2_05_000555^FL46BLW10-48V-5N.m-DE(2)_FL46BLW10-48V-5N.m-DE (2):2,1_2_05_000555^FL46BLW10-48V-5N.m-DE(2)_FL46BLW10-48V-5N.m-DE (2),1_2_05_000555_FL46BLW10-48V-5N.m-DE_2__FL46BLW10-48V-5N.m-DE_2,True,0.000000,-0.139173,0.990268,-1.248766,-0.000000,0.990268,0.139173,-8.157169,-1.000000,-0.000000,0.000000,53.283000,0.000000,0.000000,0.000000,1.000000
body_LATEST:1+twincities_v2_nolock:1+robstride05 v16 (2):1+FL46BLW10-48V-5N.m-DE(2)^FL46BLW10-48V-5N.m-DE (2):1+1_2_05_000555^FL46BLW10-48V-5N.m-DE(2)_FL46BLW10-48V-5N.m-DE (2):3,1_2_05_000555^FL46BLW10-48V-5N.m-DE(2)_FL46BLW10-48V-5N.m-DE (2),1_2_05_000555_FL46BLW10-48V-5N.m-DE_2__FL46BLW10-48V-5N.m-DE_2,True,0.000000,-0.798636,0.601815,0.288784,-0.000000,0.601815,0.798636,-8.554806,-1.000000,-0.000000,0.000000,53.283000,0.000000,0.000000,0.000000,1.000000
body_LATEST:1+twincities_v2_nolock:1+robstride05 v16 (2):1+FL46BLW10-48V-5N.m-DE(2)^FL46BLW10-48V-5N.m-DE (2):1+1_2_05_000555^FL46BLW10-48V-5N.m-DE(2)_FL46BLW10-48V-5N.m-DE (2):4,1_2_05_000555^FL46BLW10-48V-5N.m-DE(2)_FL46BLW10-48V-5N.m-DE (2),1_2_05_000555_FL46BLW10-48V-5N.m-DE_2__FL46BLW10-48V-5N.m-DE_2,True,0.000000,-0.990268,-0.139173,1.657169,-0.000000,-0.139173,0.990268,-7.748766,-1.000000,-0.000000,-0.000000,53.283000,0.000000,0.000000,0.000000,1.000000
body_LATEST:1+twincities_v2_nolock:1+robstride05 v16 (2):1+FL46BLW10-48V-5N.m-DE(2)^FL46BLW10-48V-5N.m-DE (2):1+1_2_05_000555^FL46BLW10-48V-5N.m-DE(2)_FL46BLW10-48V-5N.m-DE (2):5,1_2_05_000555^FL46BLW10-48V-5N.m-DE(2)_FL46BLW10-48V-5N.m-DE (2),1_2_05_000555_FL46BLW10-48V-5N.m-DE_2__FL46BLW10-48V-5N.m-DE_2,True,0.000000,-0.601815,-0.798636,2.054806,-0.000000,-0.798636,0.601815,-6.211216,-1.000000,-0.000000,-0.000000,53.283000,0.000000,0.000000,0.000000,1.000000
body_LATEST:1+twincities_v2_nolock:1+robstride05 v16 (2):1+FL46BLW10-48V-5N.m-DE(2)^FL46BLW10-48V-5N.m-DE (2):1+1_2_05_000555^FL46BLW10-48V-5N.m-DE(2)_FL46BLW10-48V-5N.m-DE (2):6,1_2_05_000555^FL46BLW10-48V-5N.m-DE(2)_FL46BLW10-48V-5N.m-DE (2),1_2_05_000555_FL46BLW10-48V-5N.m-DE_2__FL46BLW10-48V-5N.m-DE_2,True,0.000000,0.139173,-0.990268,1.248766,-0.000000,-0.990268,-0.139173,-4.842831,-1.000000,0.000000,-0.000000,53.283000,0.000000,0.000000,0.000000,1.000000
body_LATEST:1+twincities_v2_nolock:1+robstride05 v16 (2):1+FL46BLW10-48V-5N.m-DE(2)^FL46BLW10-48V-5N.m-DE (2):1+1_2_05_000555^FL46BLW10-48V-5N.m-DE(2)_FL46BLW10-48V-5N.m-DE (2):7,1_2_05_000555^FL46BLW10-48V-5N.m-DE(2)_FL46BLW10-48V-5N.m-DE (2),1_2_05_000555_FL46BLW10-48V-5N.m-DE_2__FL46BLW10-48V-5N.m-DE_2,True,0.000000,0.798636,-0.601815,-0.288784,-0.000000,-0.601815,-0.798636,-4.445194,-1.000000,0.000000,-0.000000,53.283000,0.000000,0.000000,0.000000,1.000000
body_LATEST:1+twincities_v2_nolock:1+robstride05 v16 (2):1+FL46BLW10-48V-5N.m-DE(2)^FL46BLW10-48V-5N.m-DE (2):1+1_2_05_000555^FL46BLW10-48V-5N.m-DE(2)_FL46BLW10-48V-5N.m-DE (2):8,1_2_05_000555^FL46BLW10-48V-5N.m-DE(2)_FL46BLW10-48V-5N.m-DE (2),1_2_05_000555_FL46BLW10-48V-5N.m-DE_2__FL46BLW10-48V-5N.m-DE_2,True,0.000000,0.990268,0.139173,-1.657169,-0.000000,0.139173,-0.990268,-5.251234,-1.000000,0.000000,0.000000,53.283000,0.000000,0.000000,0.000000,1.000000
body_LATEST:1+twincities_v2_nolock:1+robstride05 v16 (2):1+1_1_30_GR-2202_ASM^FL46BLW10-48V-5N.m-DE(2)_FL46BLW10-48V-5N.m-DE (2):1+1_1_30_GR-2202_ASM_1_ASM^1_1_30_GR-2202_ASM_FL46BLW10-48V-5N.m-DE(2)_FL46BLW10-48V-5N.m-DE (2):1+00MINI-_20250103_A0001_ASM_1_AS_ASM^1_1_30_GR-2202_ASM_1_ASM_1_1_30_GR-2202_ASM_FL46BLW10-48V-5N.m-DE(2)_FL46BLW10-48V-5N.m-DE (2):1+00MINI-000_ASM_1_ASM_1_ASM^00MINI-_20250103_A0001_ASM_1_AS_ASM_1_1_30_GR-2202_ASM_1_ASM_1_1_30_GR-2202_ASM_FL46BLW10-48V-5N.m-DE(2)_FL46BLW10-48V-5N.m-DE (2):1+1_21_121000022__610001_1_1^00MINI-000_ASM_1_ASM_1_ASM_00MINI-_20250103_A0001_ASM_1_AS_ASM_1_1_30_GR-2202_ASM_1_ASM_1_1_30_GR-2202_ASM_FL46BLW10-48V-5N.m-DE(2)_FL46BLW10-48V-5N.m-DE (2):1,1_21_121000022__610001_1_1^00MINI-000_ASM_1_ASM_1_ASM_00MINI-_20250103_A0001_ASM_1_AS_ASM_1_1_30_GR-2202_ASM_1_ASM_1_1_30_GR-2202_ASM_FL46BLW10-48V-5N.m-DE(2)_FL46BLW10-48V-5N.m-DE (2),1_21_121000022__610001_1_1_00MINI-000_ASM_1_ASM_1_ASM_00MINI-_20250103_A0001_ASM_1_AS_ASM_1_1_30_GR-2202_ASM_1_ASM_1_1_30_GR-2202_ASM_FL46BLW10-48V-5N.m-DE_2__FL46BLW10-48V-5N.m-DE_2,True,-0.000000,-0.500000,-0.866025,-0.000000,0.000000,0.866025,-0.500000,-6.500000,1.000000,-0.000000,-0.000000,53.300000,0.000000,0.000000,0.000000,1.000000
body_LATEST:1+twincities_v2_nolock:1+robstride05 v16 (2):1+1_1_30_GR-2202_ASM^FL46BLW10-48V-5N.m-DE(2)_FL46BLW10-48V-5N.m-DE (2):1+1_1_30_GR-2202_ASM_1_ASM^1_1_30_GR-2202_ASM_FL46BLW10-48V-5N.m-DE(2)_FL46BLW10-48V-5N.m-DE (2):1+00MINI-_20250103_A0001_ASM_1_AS_ASM^1_1_30_GR-2202_ASM_1_ASM_1_1_30_GR-2202_ASM_FL46BLW10-48V-5N.m-DE(2)_FL46BLW10-48V-5N.m-DE (2):1+00MINI-000_ASM_1_ASM_1_ASM^00MINI-_20250103_A0001_ASM_1_AS_ASM_1_1_30_GR-2202_ASM_1_ASM_1_1_30_GR-2202_ASM_FL46BLW10-48V-5N.m-DE(2)_FL46BLW10-48V-5N.m-DE (2):1+0001755650^00MINI-000_ASM_1_ASM_1_ASM_00MINI-_20250103_A0001_ASM_1_AS_ASM_1_1_30_GR-2202_ASM_1_ASM_1_1_30_GR-2202_ASM_FL46BLW10-48V-5N.m-DE(2)_FL46BLW10-48V-5N.m-DE (2):1,0001755650^00MINI-000_ASM_1_ASM_1_ASM_00MINI-_20250103_A0001_ASM_1_AS_ASM_1_1_30_GR-2202_ASM_1_ASM_1_1_30_GR-2202_ASM_FL46BLW10-48V-5N.m-DE(2)_FL46BLW10-48V-5N.m-DE (2),0001755650_00MINI-000_ASM_1_ASM_1_ASM_00MINI-_20250103_A0001_ASM_1_AS_ASM_1_1_30_GR-2202_ASM_1_ASM_1_1_30_GR-2202_ASM_FL46BLW10-48V-5N.m-DE_2__FL46BLW10-48V-5N.m-DE_2,True,-0.866025,-0.500000,0.000000,-0.000000,-0.500000,0.866025,-0.000000,-6.500000,-0.000000,-0.000000,-1.000000,53.490000,0.000000,0.000000,0.000000,1.000000
body_LATEST:1+twincities_v2_nolock:1+robstride05 v16 (2):1+1_1_30_GR-2202_ASM^FL46BLW10-48V-5N.m-DE(2)_FL46BLW10-48V-5N.m-DE (2):1+1_1_30_GR-2202_ASM_1_ASM^1_1_30_GR-2202_ASM_FL46BLW10-48V-5N.m-DE(2)_FL46BLW10-48V-5N.m-DE (2):1+00MINI-_20250103_A0001_ASM_1_AS_ASM^1_1_30_GR-2202_ASM_1_ASM_1_1_30_GR-2202_ASM_FL46BLW10-48V-5N.m-DE(2)_FL46BLW10-48V-5N.m-DE (2):1+00MINI-000_ASM_1_ASM_1_ASM^00MINI-_20250103_A0001_ASM_1_AS_ASM_1_1_30_GR-2202_ASM_1_ASM_1_1_30_GR-2202_ASM_FL46BLW10-48V-5N.m-DE(2)_FL46BLW10-48V-5N.m-DE (2):1+0001755652^00MINI-000_ASM_1_ASM_1_ASM_00MINI-_20250103_A0001_ASM_1_AS_ASM_1_1_30_GR-2202_ASM_1_ASM_1_1_30_GR-2202_ASM_FL46BLW10-48V-5N.m-DE(2)_FL46BLW10-48V-5N.m-DE (2):1,0001755652^00MINI-000_ASM_1_ASM_1_ASM_00MINI-_20250103_A0001_ASM_1_AS_ASM_1_1_30_GR-2202_ASM_1_ASM_1_1_30_GR-2202_ASM_FL46BLW10-48V-5N.m-DE(2)_FL46BLW10-48V-5N.m-DE (2),0001755652_00MINI-000_ASM_1_ASM_1_ASM_00MINI-_20250103_A0001_ASM_1_AS_ASM_1_1_30_GR-2202_ASM_1_ASM_1_1_30_GR-2202_ASM_FL46BLW10-48V-5N.m-DE_2__FL46BLW10-48V-5N.m-DE_2,True,-0.866025,-0.500000,0.000000,0.475000,-0.500000,0.866025,-0.000000,-5.677276,-0.000000,-0.000000,-1.000000,53.800000,0.000000,0.000000,0.000000,1.000000
body_LATEST:1+twincities_v2_nolock:1+robstride05 v16 (2):1+1_1_30_GR-2202_ASM^FL46BLW10-48V-5N.m-DE(2)_FL46BLW10-48V-5N.m-DE (2):1+1_1_30_GR-2202_ASM_1_ASM^1_1_30_GR-2202_ASM_FL46BLW10-48V-5N.m-DE(2)_FL46BLW10-48V-5N.m-DE (2):1+00MINI-_20250103_A0001_ASM_1_AS_ASM^1_1_30_GR-2202_ASM_1_ASM_1_1_30_GR-2202_ASM_FL46BLW10-48V-5N.m-DE(2)_FL46BLW10-48V-5N.m-DE (2):1+00MINI-000_ASM_1_ASM_1_ASM^00MINI-_20250103_A0001_ASM_1_AS_ASM_1_1_30_GR-2202_ASM_1_ASM_1_1_30_GR-2202_ASM_FL46BLW10-48V-5N.m-DE(2)_FL46BLW10-48V-5N.m-DE (2):1+6706__300001_1_1^00MINI-000_ASM_1_ASM_1_ASM_00MINI-_20250103_A0001_ASM_1_AS_ASM_1_1_30_GR-2202_ASM_1_ASM_1_1_30_GR-2202_ASM_FL46BLW10-48V-5N.m-DE(2)_FL46BLW10-48V-5N.m-DE (2):1,6706__300001_1_1^00MINI-000_ASM_1_ASM_1_ASM_00MINI-_20250103_A0001_ASM_1_AS_ASM_1_1_30_GR-2202_ASM_1_ASM_1_1_30_GR-2202_ASM_FL46BLW10-48V-5N.m-DE(2)_FL46BLW10-48V-5N.m-DE (2),6706__300001_1_1_00MINI-000_ASM_1_ASM_1_ASM_00MINI-_20250103_A0001_ASM_1_AS_ASM_1_1_30_GR-2202_ASM_1_ASM_1_1_30_GR-2202_ASM_FL46BLW10-48V-5N.m-DE_2__FL46BLW10-48V-5N.m-DE_2,True,-0.866025,-0.500000,0.000000,-0.000000,-0.500000,0.866025,-0.000000,-6.500000,-0.000000,-0.000000,-1.000000,53.450000,0.000000,0.000000,0.000000,1.000000
body_LATEST:1+twincities_v2_nolock:1+robstride05 v16 (2):1+1_1_30_GR-2202_ASM^FL46BLW10-48V-5N.m-DE(2)_FL46BLW10-48V-5N.m-DE (2):1+1_1_30_GR-2202_ASM_1_ASM^1_1_30_GR-2202_ASM_FL46BLW10-48V-5N.m-DE(2)_FL46BLW10-48V-5N.m-DE (2):1+0001755652^1_1_30_GR-2202_ASM_1_ASM_1_1_30_GR-2202_ASM_FL46BLW10-48V-5N.m-DE(2)_FL46BLW10-48V-5N.m-DE (2):1,0001755652^1_1_30_GR-2202_ASM_1_ASM_1_1_30_GR-2202_ASM_FL46BLW10-48V-5N.m-DE(2)_FL46BLW10-48V-5N.m-DE (2),0001755652_1_1_30_GR-2202_ASM_1_ASM_1_1_30_GR-2202_ASM_FL46BLW10-48V-5N.m-DE_2__FL46BLW10-48V-5N.m-DE_2,True,-0.866025,-0.500000,0.000000,-0.950000,-0.500000,0.866025,-0.000000,-6.500000,-0.000000,-0.000000,-1.000000,53.800000,0.000000,0.000000,0.000000,1.000000
body_LATEST:1+twincities_v2_nolock:1+robstride05 v16 (2):1+1_1_30_GR-2202_ASM^FL46BLW10-48V-5N.m-DE(2)_FL46BLW10-48V-5N.m-DE (2):1+1_1_30_GR-2202_ASM_1_ASM^1_1_30_GR-2202_ASM_FL46BLW10-48V-5N.m-DE(2)_FL46BLW10-48V-5N.m-DE (2):1+0001755652^1_1_30_GR-2202_ASM_1_ASM_1_1_30_GR-2202_ASM_FL46BLW10-48V-5N.m-DE(2)_FL46BLW10-48V-5N.m-DE (2):2,0001755652^1_1_30_GR-2202_ASM_1_ASM_1_1_30_GR-2202_ASM_FL46BLW10-48V-5N.m-DE(2)_FL46BLW10-48V-5N.m-DE (2),0001755652_1_1_30_GR-2202_ASM_1_ASM_1_1_30_GR-2202_ASM_FL46BLW10-48V-5N.m-DE_2__FL46BLW10-48V-5N.m-DE_2,True,-0.866025,-0.500000,0.000000,0.475000,-0.500000,0.866025,-0.000000,-7.322724,-0.000000,-0.000000,-1.000000,53.800000,0.000000,0.000000,0.000000,1.000000
body_LATEST:1+twincities_v2_nolock:1+robstride05 v16 (2):1+Component80:1,Component80,Component80,True,-0.601815,0.798636,-0.000000,-0.000000,-0.798636,-0.601815,0.000000,-6.500000,-0.000000,0.000000,1.000000,53.600000,0.000000,0.000000,0.000000,1.000000
body_LATEST:1+twincities_v2_nolock:1+gimbal_neck:1,gimbal_neck,gimbal_neck,True,1.000000,0.000000,0.000000,0.000000,0.000000,1.000000,0.000000,0.000000,0.000000,0.000000,1.000000,0.000000,0.000000,0.000000,0.000000,1.000000
body_LATEST:1+twincities_v2_nolock:1+gimbal_mount:1,gimbal_mount,gimbal_mount,True,1.000000,0.000000,0.000000,0.000000,0.000000,1.000000,0.000000,0.000000,0.000000,0.000000,1.000000,0.000000,0.000000,0.000000,0.000000,1.000000
body_LATEST:1+twincities_v2_nolock:1+robstride05 v16 (1):1+FL46BLW10-48V-5N.m-DE(2)^FL46BLW10-48V-5N.m-DE (1):1+1_1_06_EB463-507^FL46BLW10-48V-5N.m-DE(2)_FL46BLW10-48V-5N.m-DE (1):1,1_1_06_EB463-507^FL46BLW10-48V-5N.m-DE(2)_FL46BLW10-48V-5N.m-DE (1),1_1_06_EB463-507_FL46BLW10-48V-5N.m-DE_2__FL46BLW10-48V-5N.m-DE_1,True,-0.000000,1.000000,-0.000000,0.000000,-0.000000,0.000000,1.000000,-7.350000,1.000000,-0.000000,0.000000,62.550000,0.000000,0.000000,0.000000,1.000000
body_LATEST:1+twincities_v2_nolock:1+robstride05 v16 (1):1+FL46BLW10-48V-5N.m-DE(2)^FL46BLW10-48V-5N.m-DE (1):1+1_1_02_EB461-502^FL46BLW10-48V-5N.m-DE(2)_FL46BLW10-48V-5N.m-DE (1):1,1_1_02_EB461-502^FL46BLW10-48V-5N.m-DE(2)_FL46BLW10-48V-5N.m-DE (1),1_1_02_EB461-502_FL46BLW10-48V-5N.m-DE_2__FL46BLW10-48V-5N.m-DE_1,True,0.382683,0.923880,-0.000000,0.000000,-0.000000,0.000000,1.000000,-5.550000,0.923880,-0.382683,0.000000,62.550000,0.000000,0.000000,0.000000,1.000000
body_LATEST:1+twincities_v2_nolock:1+robstride05 v16 (1):1+FL46BLW10-48V-5N.m-DE(2)^FL46BLW10-48V-5N.m-DE (1):1+1_2_05_000438^FL46BLW10-48V-5N.m-DE(2)_FL46BLW10-48V-5N.m-DE (1):1,1_2_05_000438^FL46BLW10-48V-5N.m-DE(2)_FL46BLW10-48V-5N.m-DE (1),1_2_05_000438_FL46BLW10-48V-5N.m-DE_2__FL46BLW10-48V-5N.m-DE_1,True,0.000000,-1.000000,-0.000000,0.000000,0.000000,-0.000000,1.000000,-5.300000,-1.000000,0.000000,0.000000,64.634175,0.000000,0.000000,0.000000,1.000000
body_LATEST:1+twincities_v2_nolock:1+robstride05 v16 (1):1+FL46BLW10-48V-5N.m-DE(2)^FL46BLW10-48V-5N.m-DE (1):1+1_2_05_000438^FL46BLW10-48V-5N.m-DE(2)_FL46BLW10-48V-5N.m-DE (1):2,1_2_05_000438^FL46BLW10-48V-5N.m-DE(2)_FL46BLW10-48V-5N.m-DE (1),1_2_05_000438_FL46BLW10-48V-5N.m-DE_2__FL46BLW10-48V-5N.m-DE_1,True,-0.707107,-0.707107,-0.000000,1.473734,0.000000,-0.000000,1.000000,-5.300000,-0.707107,0.707107,0.000000,64.023734,0.000000,0.000000,0.000000,1.000000
body_LATEST:1+twincities_v2_nolock:1+robstride05 v16 (1):1+FL46BLW10-48V-5N.m-DE(2)^FL46BLW10-48V-5N.m-DE (1):1+1_2_05_000438^FL46BLW10-48V-5N.m-DE(2)_FL46BLW10-48V-5N.m-DE (1):3,1_2_05_000438^FL46BLW10-48V-5N.m-DE(2)_FL46BLW10-48V-5N.m-DE (1),1_2_05_000438_FL46BLW10-48V-5N.m-DE_2__FL46BLW10-48V-5N.m-DE_1,True,-1.000000,-0.000000,-0.000000,2.084175,-0.000000,-0.000000,1.000000,-5.300000,0.000000,1.000000,0.000000,62.550000,0.000000,0.000000,0.000000,1.000000
body_LATEST:1+twincities_v2_nolock:1+robstride05 v16 (1):1+FL46BLW10-48V-5N.m-DE(2)^FL46BLW10-48V-5N.m-DE (1):1+1_2_05_000438^FL46BLW10-48V-5N.m-DE(2)_FL46BLW10-48V-5N.m-DE (1):4,1_2_05_000438^FL46BLW10-48V-5N.m-DE(2)_FL46BLW10-48V-5N.m-DE (1),1_2_05_000438_FL46BLW10-48V-5N.m-DE_2__FL46BLW10-48V-5N.m-DE_1,True,-0.707107,0.707107,-0.000000,1.473734,-0.000000,-0.000000,1.000000,-5.300000,0.707107,0.707107,0.000000,61.076266,0.000000,0.000000,0.000000,1.000000
body_LATEST:1+twincities_v2_nolock:1+robstride05 v16 (1):1+FL46BLW10-48V-5N.m-DE(2)^FL46BLW10-48V-5N.m-DE (1):1+1_2_05_000438^FL46BLW10-48V-5N.m-DE(2)_FL46BLW10-48V-5N.m-DE (1):5,1_2_05_000438^FL46BLW10-48V-5N.m-DE(2)_FL46BLW10-48V-5N.m-DE (1),1_2_05_000438_FL46BLW10-48V-5N.m-DE_2__FL46BLW10-48V-5N.m-DE_1,True,-0.000000,1.000000,-0.000000,0.000000,-0.000000,0.000000,1.000000,-5.300000,1.000000,-0.000000,0.000000,60.465825,0.000000,0.000000,0.000000,1.000000
body_LATEST:1+twincities_v2_nolock:1+robstride05 v16 (1):1+FL46BLW10-48V-5N.m-DE(2)^FL46BLW10-48V-5N.m-DE (1):1+1_2_05_000438^FL46BLW10-48V-5N.m-DE(2)_FL46BLW10-48V-5N.m-DE (1):6,1_2_05_000438^FL46BLW10-48V-5N.m-DE(2)_FL46BLW10-48V-5N.m-DE (1),1_2_05_000438_FL46BLW10-48V-5N.m-DE_2__FL46BLW10-48V-5N.m-DE_1,True,0.707107,0.707107,-0.000000,-1.473734,-0.000000,0.000000,1.000000,-5.300000,0.707107,-0.707107,0.000000,61.076266,0.000000,0.000000,0.000000,1.000000
body_LATEST:1+twincities_v2_nolock:1+robstride05 v16 (1):1+FL46BLW10-48V-5N.m-DE(2)^FL46BLW10-48V-5N.m-DE (1):1+1_2_05_000438^FL46BLW10-48V-5N.m-DE(2)_FL46BLW10-48V-5N.m-DE (1):7,1_2_05_000438^FL46BLW10-48V-5N.m-DE(2)_FL46BLW10-48V-5N.m-DE (1),1_2_05_000438_FL46BLW10-48V-5N.m-DE_2__FL46BLW10-48V-5N.m-DE_1,True,1.000000,0.000000,-0.000000,-2.084175,0.000000,0.000000,1.000000,-5.300000,-0.000000,-1.000000,0.000000,62.550000,0.000000,0.000000,0.000000,1.000000
body_LATEST:1+twincities_v2_nolock:1+robstride05 v16 (1):1+FL46BLW10-48V-5N.m-DE(2)^FL46BLW10-48V-5N.m-DE (1):1+1_2_05_000438^FL46BLW10-48V-5N.m-DE(2)_FL46BLW10-48V-5N.m-DE (1):8,1_2_05_000438^FL46BLW10-48V-5N.m-DE(2)_FL46BLW10-48V-5N.m-DE (1),1_2_05_000438_FL46BLW10-48V-5N.m-DE_2__FL46BLW10-48V-5N.m-DE_1,True,0.707107,-0.707107,-0.000000,-1.473734,0.000000,0.000000,1.000000,-5.300000,-0.707107,-0.707107,0.000000,64.023734,0.000000,0.000000,0.000000,1.000000
body_LATEST:1+twincities_v2_nolock:1+robstride05 v16 (1):1+FL46BLW10-48V-5N.m-DE(2)^FL46BLW10-48V-5N.m-DE (1):1+1_2_16_001425^FL46BLW10-48V-5N.m-DE(2)_FL46BLW10-48V-5N.m-DE (1):1,1_2_16_001425^FL46BLW10-48V-5N.m-DE(2)_FL46BLW10-48V-5N.m-DE (1),1_2_16_001425_FL46BLW10-48V-5N.m-DE_2__FL46BLW10-48V-5N.m-DE_1,True,-0.707122,-0.707091,-0.000000,3.464734,0.000000,0.000000,-1.000000,-8.360000,0.707091,-0.707122,0.000000,62.903530,0.000000,0.000000,0.000000,1.000000
body_LATEST:1+twincities_v2_nolock:1+robstride05 v16 (1):1+FL46BLW10-48V-5N.m-DE(2)^FL46BLW10-48V-5N.m-DE (1):1+1_1_06_EB463-509^FL46BLW10-48V-5N.m-DE(2)_FL46BLW10-48V-5N.m-DE (1):1,1_1_06_EB463-509^FL46BLW10-48V-5N.m-DE(2)_FL46BLW10-48V-5N.m-DE (1),1_1_06_EB463-509_FL46BLW10-48V-5N.m-DE_2__FL46BLW10-48V-5N.m-DE_1,True,-0.707107,0.707107,-0.000000,0.000000,-0.000000,-0.000000,1.000000,-8.700000,0.707107,0.707107,0.000000,62.550000,0.000000,0.000000,0.000000,1.000000
body_LATEST:1+twincities_v2_nolock:1+robstride05 v16 (1):1+FL46BLW10-48V-5N.m-DE(2)^FL46BLW10-48V-5N.m-DE (1):1+1_2_05_020051^FL46BLW10-48V-5N.m-DE(2)_FL46BLW10-48V-5N.m-DE (1):1,1_2_05_020051^FL46BLW10-48V-5N.m-DE(2)_FL46BLW10-48V-5N.m-DE (1),1_2_05_020051_FL46BLW10-48V-5N.m-DE_2__FL46BLW10-48V-5N.m-DE_1,True,-0.000000,1.000000,-0.000000,0.000000,-0.000000,0.000000,1.000000,-7.860000,1.000000,-0.000000,0.000000,64.400000,0.000000,0.000000,0.000000,1.000000
body_LATEST:1+twincities_v2_nolock:1+robstride05 v16 (1):1+FL46BLW10-48V-5N.m-DE(2)^FL46BLW10-48V-5N.m-DE (1):1+1_2_05_020051^FL46BLW10-48V-5N.m-DE(2)_FL46BLW10-48V-5N.m-DE (1):2,1_2_05_020051^FL46BLW10-48V-5N.m-DE(2)_FL46BLW10-48V-5N.m-DE (1),1_2_05_020051_FL46BLW10-48V-5N.m-DE_2__FL46BLW10-48V-5N.m-DE_1,True,0.939693,-0.342020,-0.000000,1.738431,0.000000,-0.000000,1.000000,-7.860000,-0.342020,-0.939693,-0.000000,61.917263,0.000000,0.000000,0.000000,1.000000
body_LATEST:1+twincities_v2_nolock:1+robstride05 v16 (1):1+FL46BLW10-48V-5N.m-DE(2)^FL46BLW10-48V-5N.m-DE (1):1+1_2_05_020051^FL46BLW10-48V-5N.m-DE(2)_FL46BLW10-48V-5N.m-DE (1):3,1_2_05_020051^FL46BLW10-48V-5N.m-DE(2)_FL46BLW10-48V-5N.m-DE (1),1_2_05_020051_FL46BLW10-48V-5N.m-DE_2__FL46BLW10-48V-5N.m-DE_1,True,-0.939693,0.342020,0.000000,-1.738431,0.000000,-0.000000,1.000000,-7.860000,0.342020,0.939693,0.000000,63.182737,0.000000,0.000000,0.000000,1.000000
body_LATEST:1+twincities_v2_nolock:1+robstride05 v16 (1):1+FL46BLW10-48V-5N.m-DE(2)^FL46BLW10-48V-5N.m-DE (1):1+1_2_05_000608^FL46BLW10-48V-5N.m-DE(2)_FL46BLW10-48V-5N.m-DE (1):1,1_2_05_000608^FL46BLW10-48V-5N.m-DE(2)_FL46BLW10-48V-5N.m-DE (1),1_2_05_000608_FL46BLW10-48V-5N.m-DE_2__FL46BLW10-48V-5N.m-DE_1,True,-0.000000,-0.000000,1.000000,-1.218675,1.000000,-0.000000,0.000000,-8.087822,0.000000,1.000000,-0.000000,64.167237,0.000000,0.000000,0.000000,1.000000
body_LATEST:1+twincities_v2_nolock:1+robstride05 v16 (1):1+FL46BLW10-48V-5N.m-DE(2)^FL46BLW10-48V-5N.m-DE (1):1+1_2_05_000608^FL46BLW10-48V-5N.m-DE(2)_FL46BLW10-48V-5N.m-DE (1):2,1_2_05_000608^FL46BLW10-48V-5N.m-DE(2)_FL46BLW10-48V-5N.m-DE (1),1_2_05_000608_FL46BLW10-48V-5N.m-DE_2__FL46BLW10-48V-5N.m-DE_1,True,-0.000000,1.000000,0.000000,1.617237,1.000000,0.000000,0.000000,-8.087822,0.000000,-0.000000,-1.000000,63.768675,0.000000,0.000000,0.000000,1.000000
body_LATEST:1+twincities_v2_nolock:1+robstride05 v16 (1):1+FL46BLW10-48V-5N.m-DE(2)^FL46BLW10-48V-5N.m-DE (1):1+1_2_05_000608^FL46BLW10-48V-5N.m-DE(2)_FL46BLW10-48V-5N.m-DE (1):3,1_2_05_000608^FL46BLW10-48V-5N.m-DE(2)_FL46BLW10-48V-5N.m-DE (1),1_2_05_000608_FL46BLW10-48V-5N.m-DE_2__FL46BLW10-48V-5N.m-DE_1,True,-0.000000,0.000000,-1.000000,1.218675,1.000000,0.000000,-0.000000,-8.087822,0.000000,-1.000000,0.000000,60.932763,0.000000,0.000000,0.000000,1.000000
body_LATEST:1+twincities_v2_nolock:1+robstride05 v16 (1):1+FL46BLW10-48V-5N.m-DE(2)^FL46BLW10-48V-5N.m-DE (1):1+1_2_05_000608^FL46BLW10-48V-5N.m-DE(2)_FL46BLW10-48V-5N.m-DE (1):4,1_2_05_000608^FL46BLW10-48V-5N.m-DE(2)_FL46BLW10-48V-5N.m-DE (1),1_2_05_000608_FL46BLW10-48V-5N.m-DE_2__FL46BLW10-48V-5N.m-DE_1,True,-0.000000,-1.000000,-0.000000,-1.617237,1.000000,-0.000000,-0.000000,-8.087822,0.000000,0.000000,1.000000,61.331325,0.000000,0.000000,0.000000,1.000000
body_LATEST:1+twincities_v2_nolock:1+robstride05 v16 (1):1+FL46BLW10-48V-5N.m-DE(2)^FL46BLW10-48V-5N.m-DE (1):1+1_1_31_EB463-510^FL46BLW10-48V-5N.m-DE(2)_FL46BLW10-48V-5N.m-DE (1):1,1_1_31_EB463-510^FL46BLW10-48V-5N.m-DE(2)_FL46BLW10-48V-5N.m-DE (1),1_1_31_EB463-510_FL46BLW10-48V-5N.m-DE_2__FL46BLW10-48V-5N.m-DE_1,True,0.382683,0.923880,-0.000000,0.000000,-0.000000,0.000000,1.000000,-4.550000,0.923880,-0.382683,0.000000,62.550000,0.000000,0.000000,0.000000,1.000000
body_LATEST:1+twincities_v2_nolock:1+robstride05 v16 (1):1+FL46BLW10-48V-5N.m-DE(2)^FL46BLW10-48V-5N.m-DE (1):1+1_2_05_000555^FL46BLW10-48V-5N.m-DE(2)_FL46BLW10-48V-5N.m-DE (1):1,1_2_05_000555^FL46BLW10-48V-5N.m-DE(2)_FL46BLW10-48V-5N.m-DE (1),1_2_05_000555_FL46BLW10-48V-5N.m-DE_2__FL46BLW10-48V-5N.m-DE_1,True,0.000000,0.000000,1.000000,-1.467247,-1.000000,0.000000,0.000000,-4.617000,-0.000000,-1.000000,-0.000000,64.017247,0.000000,0.000000,0.000000,1.000000
body_LATEST:1+twincities_v2_nolock:1+robstride05 v16 (1):1+FL46BLW10-48V-5N.m-DE(2)^FL46BLW10-48V-5N.m-DE (1):1+1_2_05_000555^FL46BLW10-48V-5N.m-DE(2)_FL46BLW10-48V-5N.m-DE (1):2,1_2_05_000555^FL46BLW10-48V-5N.m-DE(2)_FL46BLW10-48V-5N.m-DE (1),1_2_05_000555_FL46BLW10-48V-5N.m-DE_2__FL46BLW10-48V-5N.m-DE_1,True,0.000000,-0.707107,0.707107,0.000000,-1.000000,0.000000,0.000000,-4.617000,-0.000000,-0.707107,-0.707107,64.625000,0.000000,0.000000,0.000000,1.000000
body_LATEST:1+twincities_v2_nolock:1+robstride05 v16 (1):1+FL46BLW10-48V-5N.m-DE(2)^FL46BLW10-48V-5N.m-DE (1):1+1_2_05_000555^FL46BLW10-48V-5N.m-DE(2)_FL46BLW10-48V-5N.m-DE (1):3,1_2_05_000555^FL46BLW10-48V-5N.m-DE(2)_FL46BLW10-48V-5N.m-DE (1),1_2_05_000555_FL46BLW10-48V-5N.m-DE_2__FL46BLW10-48V-5N.m-DE_1,True,0.000000,-1.000000,0.000000,1.467247,-1.000000,-0.000000,0.000000,-4.617000,-0.000000,0.000000,-1.000000,64.017247,0.000000,0.000000,0.000000,1.000000
body_LATEST:1+twincities_v2_nolock:1+robstride05 v16 (1):1+FL46BLW10-48V-5N.m-DE(2)^FL46BLW10-48V-5N.m-DE (1):1+1_2_05_000555^FL46BLW10-48V-5N.m-DE(2)_FL46BLW10-48V-5N.m-DE (1):4,1_2_05_000555^FL46BLW10-48V-5N.m-DE(2)_FL46BLW10-48V-5N.m-DE (1),1_2_05_000555_FL46BLW10-48V-5N.m-DE_2__FL46BLW10-48V-5N.m-DE_1,True,0.000000,-0.707107,-0.707107,2.075000,-1.000000,-0.000000,0.000000,-4.617000,-0.000000,0.707107,-0.707107,62.550000,0.000000,0.000000,0.000000,1.000000
body_LATEST:1+twincities_v2_nolock:1+robstride05 v16 (1):1+FL46BLW10-48V-5N.m-DE(2)^FL46BLW10-48V-5N.m-DE (1):1+1_2_05_000555^FL46BLW10-48V-5N.m-DE(2)_FL46BLW10-48V-5N.m-DE (1):5,1_2_05_000555^FL46BLW10-48V-5N.m-DE(2)_FL46BLW10-48V-5N.m-DE (1),1_2_05_000555_FL46BLW10-48V-5N.m-DE_2__FL46BLW10-48V-5N.m-DE_1,True,0.000000,-0.000000,-1.000000,1.467247,-1.000000,-0.000000,-0.000000,-4.617000,-0.000000,1.000000,0.000000,61.082753,0.000000,0.000000,0.000000,1.000000
body_LATEST:1+twincities_v2_nolock:1+robstride05 v16 (1):1+FL46BLW10-48V-5N.m-DE(2)^FL46BLW10-48V-5N.m-DE (1):1+1_2_05_000555^FL46BLW10-48V-5N.m-DE(2)_FL46BLW10-48V-5N.m-DE (1):6,1_2_05_000555^FL46BLW10-48V-5N.m-DE(2)_FL46BLW10-48V-5N.m-DE (1),1_2_05_000555_FL46BLW10-48V-5N.m-DE_2__FL46BLW10-48V-5N.m-DE_1,True,0.000000,0.707107,-0.707107,0.000000,-1.000000,-0.000000,-0.000000,-4.617000,-0.000000,0.707107,0.707107,60.475000,0.000000,0.000000,0.000000,1.000000
body_LATEST:1+twincities_v2_nolock:1+robstride05 v16 (1):1+FL46BLW10-48V-5N.m-DE(2)^FL46BLW10-48V-5N.m-DE (1):1+1_2_05_000555^FL46BLW10-48V-5N.m-DE(2)_FL46BLW10-48V-5N.m-DE (1):7,1_2_05_000555^FL46BLW10-48V-5N.m-DE(2)_FL46BLW10-48V-5N.m-DE (1),1_2_05_000555_FL46BLW10-48V-5N.m-DE_2__FL46BLW10-48V-5N.m-DE_1,True,0.000000,1.000000,-0.000000,-1.467247,-1.000000,0.000000,-0.000000,-4.617000,-0.000000,-0.000000,1.000000,61.082753,0.000000,0.000000,0.000000,1.000000
body_LATEST:1+twincities_v2_nolock:1+robstride05 v16 (1):1+FL46BLW10-48V-5N.m-DE(2)^FL46BLW10-48V-5N.m-DE (1):1+1_2_05_000555^FL46BLW10-48V-5N.m-DE(2)_FL46BLW10-48V-5N.m-DE (1):8,1_2_05_000555^FL46BLW10-48V-5N.m-DE(2)_FL46BLW10-48V-5N.m-DE (1),1_2_05_000555_FL46BLW10-48V-5N.m-DE_2__FL46BLW10-48V-5N.m-DE_1,True,0.000000,0.707107,0.707107,-2.075000,-1.000000,0.000000,-0.000000,-4.617000,-0.000000,-0.707107,0.707107,62.550000,0.000000,0.000000,0.000000,1.000000
body_LATEST:1+twincities_v2_nolock:1+robstride05 v16 (1):1+1_1_30_GR-2202_ASM^FL46BLW10-48V-5N.m-DE(2)_FL46BLW10-48V-5N.m-DE (1):1+1_1_30_GR-2202_ASM_1_ASM^1_1_30_GR-2202_ASM_FL46BLW10-48V-5N.m-DE(2)_FL46BLW10-48V-5N.m-DE (1):1+00MINI-_20250103_A0001_ASM_1_AS_ASM^1_1_30_GR-2202_ASM_1_ASM_1_1_30_GR-2202_ASM_FL46BLW10-48V-5N.m-DE(2)_FL46BLW10-48V-5N.m-DE (1):1+00MINI-000_ASM_1_ASM_1_ASM^00MINI-_20250103_A0001_ASM_1_AS_ASM_1_1_30_GR-2202_ASM_1_ASM_1_1_30_GR-2202_ASM_FL46BLW10-48V-5N.m-DE(2)_FL46BLW10-48V-5N.m-DE (1):1+1_21_121000022__610001_1_1^00MINI-000_ASM_1_ASM_1_ASM_00MINI-_20250103_A0001_ASM_1_AS_ASM_1_1_30_GR-2202_ASM_1_ASM_1_1_30_GR-2202_ASM_FL46BLW10-48V-5N.m-DE(2)_FL46BLW10-48V-5N.m-DE (1):1,1_21_121000022__610001_1_1^00MINI-000_ASM_1_ASM_1_ASM_00MINI-_20250103_A0001_ASM_1_AS_ASM_1_1_30_GR-2202_ASM_1_ASM_1_1_30_GR-2202_ASM_FL46BLW10-48V-5N.m-DE(2)_FL46BLW10-48V-5N.m-DE (1),1_21_121000022__610001_1_1_00MINI-000_ASM_1_ASM_1_ASM_00MINI-_20250103_A0001_ASM_1_AS_ASM_1_1_30_GR-2202_ASM_1_ASM_1_1_30_GR-2202_ASM_FL46BLW10-48V-5N.m-DE_2__FL46BLW10-48V-5N.m-DE_1,True,-0.000000,1.000000,0.000000,0.000000,1.000000,0.000000,0.000000,-4.600000,0.000000,0.000000,-1.000000,62.550000,0.000000,0.000000,0.000000,1.000000
body_LATEST:1+twincities_v2_nolock:1+robstride05 v16 (1):1+1_1_30_GR-2202_ASM^FL46BLW10-48V-5N.m-DE(2)_FL46BLW10-48V-5N.m-DE (1):1+1_1_30_GR-2202_ASM_1_ASM^1_1_30_GR-2202_ASM_FL46BLW10-48V-5N.m-DE(2)_FL46BLW10-48V-5N.m-DE (1):1+00MINI-_20250103_A0001_ASM_1_AS_ASM^1_1_30_GR-2202_ASM_1_ASM_1_1_30_GR-2202_ASM_FL46BLW10-48V-5N.m-DE(2)_FL46BLW10-48V-5N.m-DE (1):1+00MINI-000_ASM_1_ASM_1_ASM^00MINI-_20250103_A0001_ASM_1_AS_ASM_1_1_30_GR-2202_ASM_1_ASM_1_1_30_GR-2202_ASM_FL46BLW10-48V-5N.m-DE(2)_FL46BLW10-48V-5N.m-DE (1):1+0001755650^00MINI-000_ASM_1_ASM_1_ASM_00MINI-_20250103_A0001_ASM_1_AS_ASM_1_1_30_GR-2202_ASM_1_ASM_1_1_30_GR-2202_ASM_FL46BLW10-48V-5N.m-DE(2)_FL46BLW10-48V-5N.m-DE (1):1,0001755650^00MINI-000_ASM_1_ASM_1_ASM_00MINI-_20250103_A0001_ASM_1_AS_ASM_1_1_30_GR-2202_ASM_1_ASM_1_1_30_GR-2202_ASM_FL46BLW10-48V-5N.m-DE(2)_FL46BLW10-48V-5N.m-DE (1),0001755650_00MINI-000_ASM_1_ASM_1_ASM_00MINI-_20250103_A0001_ASM_1_AS_ASM_1_1_30_GR-2202_ASM_1_ASM_1_1_30_GR-2202_ASM_FL46BLW10-48V-5N.m-DE_2__FL46BLW10-48V-5N.m-DE_1,True,0.000000,1.000000,0.000000,0.000000,0.000000,0.000000,-1.000000,-4.410000,-1.000000,0.000000,-0.000000,62.550000,0.000000,0.000000,0.000000,1.000000
body_LATEST:1+twincities_v2_nolock:1+robstride05 v16 (1):1+1_1_30_GR-2202_ASM^FL46BLW10-48V-5N.m-DE(2)_FL46BLW10-48V-5N.m-DE (1):1+1_1_30_GR-2202_ASM_1_ASM^1_1_30_GR-2202_ASM_FL46BLW10-48V-5N.m-DE(2)_FL46BLW10-48V-5N.m-DE (1):1+00MINI-_20250103_A0001_ASM_1_AS_ASM^1_1_30_GR-2202_ASM_1_ASM_1_1_30_GR-2202_ASM_FL46BLW10-48V-5N.m-DE(2)_FL46BLW10-48V-5N.m-DE (1):1+00MINI-000_ASM_1_ASM_1_ASM^00MINI-_20250103_A0001_ASM_1_AS_ASM_1_1_30_GR-2202_ASM_1_ASM_1_1_30_GR-2202_ASM_FL46BLW10-48V-5N.m-DE(2)_FL46BLW10-48V-5N.m-DE (1):1+0001755652^00MINI-000_ASM_1_ASM_1_ASM_00MINI-_20250103_A0001_ASM_1_AS_ASM_1_1_30_GR-2202_ASM_1_ASM_1_1_30_GR-2202_ASM_FL46BLW10-48V-5N.m-DE(2)_FL46BLW10-48V-5N.m-DE (1):1,0001755652^00MINI-000_ASM_1_ASM_1_ASM_00MINI-_20250103_A0001_ASM_1_AS_ASM_1_1_30_GR-2202_ASM_1_ASM_1_1_30_GR-2202_ASM_FL46BLW10-48V-5N.m-DE(2)_FL46BLW10-48V-5N.m-DE (1),0001755652_00MINI-000_ASM_1_ASM_1_ASM_00MINI-_20250103_A0001_ASM_1_AS_ASM_1_1_30_GR-2202_ASM_1_ASM_1_1_30_GR-2202_ASM_FL46BLW10-48V-5N.m-DE_2__FL46BLW10-48V-5N.m-DE_1,True,0.000000,1.000000,0.000000,0.475000,0.000000,0.000000,-1.000000,-4.100000,-1.000000,0.000000,-0.000000,63.372724,0.000000,0.000000,0.000000,1.000000
body_LATEST:1+twincities_v2_nolock:1+robstride05 v16 (1):1+1_1_30_GR-2202_ASM^FL46BLW10-48V-5N.m-DE(2)_FL46BLW10-48V-5N.m-DE (1):1+1_1_30_GR-2202_ASM_1_ASM^1_1_30_GR-2202_ASM_FL46BLW10-48V-5N.m-DE(2)_FL46BLW10-48V-5N.m-DE (1):1+00MINI-_20250103_A0001_ASM_1_AS_ASM^1_1_30_GR-2202_ASM_1_ASM_1_1_30_GR-2202_ASM_FL46BLW10-48V-5N.m-DE(2)_FL46BLW10-48V-5N.m-DE (1):1+00MINI-000_ASM_1_ASM_1_ASM^00MINI-_20250103_A0001_ASM_1_AS_ASM_1_1_30_GR-2202_ASM_1_ASM_1_1_30_GR-2202_ASM_FL46BLW10-48V-5N.m-DE(2)_FL46BLW10-48V-5N.m-DE (1):1+6706__300001_1_1^00MINI-000_ASM_1_ASM_1_ASM_00MINI-_20250103_A0001_ASM_1_AS_ASM_1_1_30_GR-2202_ASM_1_ASM_1_1_30_GR-2202_ASM_FL46BLW10-48V-5N.m-DE(2)_FL46BLW10-48V-5N.m-DE (1):1,6706__300001_1_1^00MINI-000_ASM_1_ASM_1_ASM_00MINI-_20250103_A0001_ASM_1_AS_ASM_1_1_30_GR-2202_ASM_1_ASM_1_1_30_GR-2202_ASM_FL46BLW10-48V-5N.m-DE(2)_FL46BLW10-48V-5N.m-DE (1),6706__300001_1_1_00MINI-000_ASM_1_ASM_1_ASM_00MINI-_20250103_A0001_ASM_1_AS_ASM_1_1_30_GR-2202_ASM_1_ASM_1_1_30_GR-2202_ASM_FL46BLW10-48V-5N.m-DE_2__FL46BLW10-48V-5N.m-DE_1,True,0.000000,1.000000,0.000000,0.000000,0.000000,0.000000,-1.000000,-4.450000,-1.000000,0.000000,-0.000000,62.550000,0.000000,0.000000,0.000000,1.000000
body_LATEST:1+twincities_v2_nolock:1+robstride05 v16 (1):1+1_1_30_GR-2202_ASM^FL46BLW10-48V-5N.m-DE(2)_FL46BLW10-48V-5N.m-DE (1):1+1_1_30_GR-2202_ASM_1_ASM^1_1_30_GR-2202_ASM_FL46BLW10-48V-5N.m-DE(2)_FL46BLW10-48V-5N.m-DE (1):1+0001755652^1_1_30_GR-2202_ASM_1_ASM_1_1_30_GR-2202_ASM_FL46BLW10-48V-5N.m-DE(2)_FL46BLW10-48V-5N.m-DE (1):1,0001755652^1_1_30_GR-2202_ASM_1_ASM_1_1_30_GR-2202_ASM_FL46BLW10-48V-5N.m-DE(2)_FL46BLW10-48V-5N.m-DE (1),0001755652_1_1_30_GR-2202_ASM_1_ASM_1_1_30_GR-2202_ASM_FL46BLW10-48V-5N.m-DE_2__FL46BLW10-48V-5N.m-DE_1,True,0.000000,1.000000,0.000000,0.475000,0.000000,0.000000,-1.000000,-4.100000,-1.000000,0.000000,-0.000000,61.727276,0.000000,0.000000,0.000000,1.000000
body_LATEST:1+twincities_v2_nolock:1+robstride05 v16 (1):1+1_1_30_GR-2202_ASM^FL46BLW10-48V-5N.m-DE(2)_FL46BLW10-48V-5N.m-DE (1):1+1_1_30_GR-2202_ASM_1_ASM^1_1_30_GR-2202_ASM_FL46BLW10-48V-5N.m-DE(2)_FL46BLW10-48V-5N.m-DE (1):1+0001755652^1_1_30_GR-2202_ASM_1_ASM_1_1_30_GR-2202_ASM_FL46BLW10-48V-5N.m-DE(2)_FL46BLW10-48V-5N.m-DE (1):2,0001755652^1_1_30_GR-2202_ASM_1_ASM_1_1_30_GR-2202_ASM_FL46BLW10-48V-5N.m-DE(2)_FL46BLW10-48V-5N.m-DE (1),0001755652_1_1_30_GR-2202_ASM_1_ASM_1_1_30_GR-2202_ASM_FL46BLW10-48V-5N.m-DE_2__FL46BLW10-48V-5N.m-DE_1,True,0.000000,1.000000,0.000000,-0.950000,0.000000,0.000000,-1.000000,-4.100000,-1.000000,0.000000,-0.000000,62.550000,0.000000,0.000000,0.000000,1.000000
body_LATEST:1+twincities_v2_nolock:1+robstride05 v16 (1):1+Component59:1,Component59,Component59,True,0.000000,1.000000,-0.000000,0.000000,-0.000000,0.000000,1.000000,-4.300000,1.000000,-0.000000,0.000000,62.550000,0.000000,0.000000,0.000000,1.000000
body_LATEST:1+twincities_v2_nolock:1+IntelRealsense_D435_Multibody v9:1+Component31:1,Component31,Component31,False,0.000000,0.000000,-1.000000,-2.500000,-1.000000,-0.000000,-0.000000,-6.500000,-0.000000,1.000000,-0.000000,66.200000,0.000000,0.000000,0.000000,1.000000
body_LATEST:1+twincities_v2_nolock:1+IntelRealsense_D435_Multibody v9:1+Component32:1,Component32,Component32,True,0.000000,0.000000,-1.000000,-2.500000,-1.000000,-0.000000,-0.000000,-6.500000,-0.000000,1.000000,-0.000000,66.200000,0.000000,0.000000,0.000000,1.000000
body_LATEST:1+twincities_v2_nolock:1+IntelRealsense_D435_Multibody v9:1+Component33:1,Component33,Component33,True,0.000000,0.000000,-1.000000,-2.500000,-1.000000,-0.000000,-0.000000,-6.500000,-0.000000,1.000000,-0.000000,66.200000,0.000000,0.000000,0.000000,1.000000
body_LATEST:1+twincities_v2_nolock:1+IntelRealsense_D435_Multibody v9:1+Component34:1,Component34,Component34,True,0.000000,0.000000,-1.000000,-2.500000,-1.000000,-0.000000,-0.000000,-6.500000,-0.000000,1.000000,-0.000000,66.200000,0.000000,0.000000,0.000000,1.000000
body_LATEST:1+twincities_v2_nolock:1+IntelRealsense_D435_Multibody v9:1+Component35:1,Component35,Component35,True,0.000000,0.000000,-1.000000,-2.500000,-1.000000,-0.000000,-0.000000,-6.500000,-0.000000,1.000000,-0.000000,66.200000,0.000000,0.000000,0.000000,1.000000
body_LATEST:1+twincities_v2_nolock:1+IntelRealsense_D435_Multibody v9:1+Component36:1,Component36,Component36,True,0.000000,0.000000,-1.000000,-2.500000,-1.000000,-0.000000,-0.000000,-6.500000,-0.000000,1.000000,-0.000000,66.200000,0.000000,0.000000,0.000000,1.000000
body_LATEST:1+twincities_v2_nolock:1+IntelRealsense_D435_Multibody v9:1+Component37:1,Component37,Component37,True,0.000000,0.000000,-1.000000,-2.500000,-1.000000,-0.000000,-0.000000,-6.500000,-0.000000,1.000000,-0.000000,66.200000,0.000000,0.000000,0.000000,1.000000
body_LATEST:1+twincities_v2_nolock:1+IntelRealsense_D435_Multibody v9:1+glass:1,glass,glass,True,0.000000,0.000000,-1.000000,-2.500000,-1.000000,-0.000000,-0.000000,-6.500000,-0.000000,1.000000,-0.000000,66.200000,0.000000,0.000000,0.000000,1.000000
body_LATEST:1+twincities_v2_nolock:1+IntelRealsense_D435_Multibody v9:1,IntelRealsense_D435_Multibody v9,IntelRealsense_D435_Multibody,True,0.000000,0.000000,-1.000000,-2.500000,1.000000,0.000000,-0.000000,-6.500000,0.000000,-1.000000,-0.000000,66.200000,0.000000,0.000000,0.000000,1.000000
body_LATEST:1+twincities_v2_nolock:1+gimbal_arm:1+Component92:1,Component92,Component92,True,1.000000,0.000000,-0.000000,0.000000,0.000000,1.000000,-0.000000,0.000000,0.000000,0.000000,1.000000,-0.000000,0.000000,0.000000,0.000000,1.000000
body_LATEST:1+twincities_v2_nolock:1+gimbal_arm:1,gimbal_arm,gimbal_arm,True,1.000000,0.000000,-0.000000,0.000000,0.000000,1.000000,-0.000000,0.000000,0.000000,0.000000,1.000000,-0.000000,0.000000,0.000000,0.000000,1.000000
body_LATEST:1+twincities_v2_nolock:1+U-joint_type_C_adapter v3:1,U-joint_type_C_adapter v3,U-joint_type_C_adapter,True,1.000000,-0.000000,-0.000000,-0.670000,0.000000,-0.000000,-1.000000,-2.229676,0.000000,1.000000,-0.000000,65.585000,0.000000,0.000000,0.000000,1.000000
body_LATEST:1+twincities_v2_nolock:1+bearing:1,bearing,bearing,True,1.000000,-0.000000,0.000000,0.000000,0.000000,0.000000,-1.000000,-8.900000,0.000000,1.000000,0.000000,62.550000,0.000000,0.000000,0.000000,1.000000
body_LATEST:1+twincities_v2_nolock (1):1+schematics (1):1,schematics (1),schematics_1,False,-1.000000,-0.000000,0.000000,-0.000000,0.000000,-1.000000,-0.000000,0.000000,0.000000,0.000000,1.000000,0.000000,0.000000,0.000000,0.000000,1.000000
body_LATEST:1+twincities_v2_nolock (1):1+robstride05 v16 (2) (1):1+FL46BLW10-48V-5N.m-DE(2)^FL46BLW10-48V-5N.m-DE (2) (1):1+1_1_06_EB463-507^FL46BLW10-48V-5N.m-DE(2)_FL46BLW10-48V-5N.m-DE (2) (1):1,1_1_06_EB463-507^FL46BLW10-48V-5N.m-DE(2)_FL46BLW10-48V-5N.m-DE (2) (1),1_1_06_EB463-507_FL46BLW10-48V-5N.m-DE_2__FL46BLW10-48V-5N.m-DE_2_1,True,0.601815,-0.798636,0.000000,0.000000,0.798636,0.601815,-0.000000,6.500000,-0.000000,0.000000,1.000000,50.550000,0.000000,0.000000,0.000000,1.000000
body_LATEST:1+twincities_v2_nolock (1):1+robstride05 v16 (2) (1):1+FL46BLW10-48V-5N.m-DE(2)^FL46BLW10-48V-5N.m-DE (2) (1):1+1_1_02_EB461-502^FL46BLW10-48V-5N.m-DE(2)_FL46BLW10-48V-5N.m-DE (2) (1):1,1_1_02_EB461-502^FL46BLW10-48V-5N.m-DE(2)_FL46BLW10-48V-5N.m-DE (2) (1),1_1_02_EB461-502_FL46BLW10-48V-5N.m-DE_2__FL46BLW10-48V-5N.m-DE_2_1,True,0.250380,-0.968148,0.000000,0.000000,0.968148,0.250380,-0.000000,6.500000,-0.000000,0.000000,1.000000,52.350000,0.000000,0.000000,0.000000,1.000000
body_LATEST:1+twincities_v2_nolock (1):1+robstride05 v16 (2) (1):1+FL46BLW10-48V-5N.m-DE(2)^FL46BLW10-48V-5N.m-DE (2) (1):1+1_2_05_000438^FL46BLW10-48V-5N.m-DE(2)_FL46BLW10-48V-5N.m-DE (2) (1):1,1_2_05_000438^FL46BLW10-48V-5N.m-DE(2)_FL46BLW10-48V-5N.m-DE (2) (1),1_2_05_000438_FL46BLW10-48V-5N.m-DE_2__FL46BLW10-48V-5N.m-DE_2_1,True,-0.601815,0.798636,0.000000,1.254288,-0.798636,-0.601815,-0.000000,8.164496,0.000000,-0.000000,1.000000,52.600000,0.000000,0.000000,0.000000,1.000000
body_LATEST:1+twincities_v2_nolock (1):1+robstride05 v16 (2) (1):1+FL46BLW10-48V-5N.m-DE(2)^FL46BLW10-48V-5N.m-DE (2) (1):1+1_2_05_000438^FL46BLW10-48V-5N.m-DE(2)_FL46BLW10-48V-5N.m-DE (2) (1):2,1_2_05_000438^FL46BLW10-48V-5N.m-DE(2)_FL46BLW10-48V-5N.m-DE (2) (1),1_2_05_000438_FL46BLW10-48V-5N.m-DE_2__FL46BLW10-48V-5N.m-DE_2_1,True,0.139173,0.990268,0.000000,-0.290061,-0.990268,0.139173,-0.000000,8.563892,-0.000000,-0.000000,1.000000,52.600000,0.000000,0.000000,0.000000,1.000000
body_LATEST:1+twincities_v2_nolock (1):1+robstride05 v16 (2) (1):1+FL46BLW10-48V-5N.m-DE(2)^FL46BLW10-48V-5N.m-DE (2) (1):1+1_2_05_000438^FL46BLW10-48V-5N.m-DE(2)_FL46BLW10-48V-5N.m-DE (2) (1):3,1_2_05_000438^FL46BLW10-48V-5N.m-DE(2)_FL46BLW10-48V-5N.m-DE (2) (1),1_2_05_000438_FL46BLW10-48V-5N.m-DE_2__FL46BLW10-48V-5N.m-DE_2_1,True,0.798636,0.601815,0.000000,-1.664496,-0.601815,0.798636,-0.000000,7.754288,-0.000000,-0.000000,1.000000,52.600000,0.000000,0.000000,0.000000,1.000000
body_LATEST:1+twincities_v2_nolock (1):1+robstride05 v16 (2) (1):1+FL46BLW10-48V-5N.m-DE(2)^FL46BLW10-48V-5N.m-DE (2) (1):1+1_2_05_000438^FL46BLW10-48V-5N.m-DE(2)_FL46BLW10-48V-5N.m-DE (2) (1):4,1_2_05_000438^FL46BLW10-48V-5N.m-DE(2)_FL46BLW10-48V-5N.m-DE (2) (1),1_2_05_000438_FL46BLW10-48V-5N.m-DE_2__FL46BLW10-48V-5N.m-DE_2_1,True,0.990268,-0.139173,0.000000,-2.063892,0.139173,0.990268,-0.000000,6.209939,-0.000000,0.000000,1.000000,52.600000,0.000000,0.000000,0.000000,1.000000
body_LATEST:1+twincities_v2_nolock (1):1+robstride05 v16 (2) (1):1+FL46BLW10-48V-5N.m-DE(2)^FL46BLW10-48V-5N.m-DE (2) (1):1+1_2_05_000438^FL46BLW10-48V-5N.m-DE(2)_FL46BLW10-48V-5N.m-DE (2) (1):5,1_2_05_000438^FL46BLW10-48V-5N.m-DE(2)_FL46BLW10-48V-5N.m-DE (2) (1),1_2_05_000438_FL46BLW10-48V-5N.m-DE_2__FL46BLW10-48V-5N.m-DE_2_1,True,0.601815,-0.798636,0.000000,-1.254288,0.798636,0.601815,-0.000000,4.835504,-0.000000,0.000000,1.000000,52.600000,0.000000,0.000000,0.000000,1.000000
body_LATEST:1+twincities_v2_nolock (1):1+robstride05 v16 (2) (1):1+FL46BLW10-48V-5N.m-DE(2)^FL46BLW10-48V-5N.m-DE (2) (1):1+1_2_05_000438^FL46BLW10-48V-5N.m-DE(2)_FL46BLW10-48V-5N.m-DE (2) (1):6,1_2_05_000438^FL46BLW10-48V-5N.m-DE(2)_FL46BLW10-48V-5N.m-DE (2) (1),1_2_05_000438_FL46BLW10-48V-5N.m-DE_2__FL46BLW10-48V-5N.m-DE_2_1,True,-0.139173,-0.990268,0.000000,0.290061,0.990268,-0.139173,-0.000000,4.436108,0.000000,0.000000,1.000000,52.600000,0.000000,0.000000,0.000000,1.000000
body_LATEST:1+twincities_v2_nolock (1):1+robstride05 v16 (2) (1):1+FL46BLW10-48V-5N.m-DE(2)^FL46BLW10-48V-5N.m-DE (2) (1):1+1_2_05_000438^FL46BLW10-48V-5N.m-DE(2)_FL46BLW10-48V-5N.m-DE (2) (1):7,1_2_05_000438^FL46BLW10-48V-5N.m-DE(2)_FL46BLW10-48V-5N.m-DE (2) (1),1_2_05_000438_FL46BLW10-48V-5N.m-DE_2__FL46BLW10-48V-5N.m-DE_2_1,True,-0.798636,-0.601815,0.000000,1.664496,0.601815,-0.798636,-0.000000,5.245712,0.000000,0.000000,1.000000,52.600000,0.000000,0.000000,0.000000,1.000000
body_LATEST:1+twincities_v2_nolock (1):1+robstride05 v16 (2) (1):1+FL46BLW10-48V-5N.m-DE(2)^FL46BLW10-48V-5N.m-DE (2) (1):1+1_2_05_000438^FL46BLW10-48V-5N.m-DE(2)_FL46BLW10-48V-5N.m-DE (2) (1):8,1_2_05_000438^FL46BLW10-48V-5N.m-DE(2)_FL46BLW10-48V-5N.m-DE (2) (1),1_2_05_000438_FL46BLW10-48V-5N.m-DE_2__FL46BLW10-48V-5N.m-DE_2_1,True,-0.990268,0.139173,0.000000,2.063892,-0.139173,-0.990268,-0.000000,6.790061,0.000000,-0.000000,1.000000,52.600000,0.000000,0.000000,0.000000,1.000000
body_LATEST:1+twincities_v2_nolock (1):1+robstride05 v16 (2) (1):1+FL46BLW10-48V-5N.m-DE(2)^FL46BLW10-48V-5N.m-DE (2) (1):1+1_2_16_001425^FL46BLW10-48V-5N.m-DE(2)_FL46BLW10-48V-5N.m-DE (2) (1):1,1_2_16_001425^FL46BLW10-48V-5N.m-DE(2)_FL46BLW10-48V-5N.m-DE (2) (1),1_2_16_001425_FL46BLW10-48V-5N.m-DE_2__FL46BLW10-48V-5N.m-DE_2_1,True,0.990271,0.139152,0.000000,-2.554300,0.139152,-0.990271,-0.000000,8.867471,0.000000,0.000000,-1.000000,49.540000,0.000000,0.000000,0.000000,1.000000
body_LATEST:1+twincities_v2_nolock (1):1+robstride05 v16 (2) (1):1+FL46BLW10-48V-5N.m-DE(2)^FL46BLW10-48V-5N.m-DE (2) (1):1+1_1_06_EB463-509^FL46BLW10-48V-5N.m-DE(2)_FL46BLW10-48V-5N.m-DE (2) (1):1,1_1_06_EB463-509^FL46BLW10-48V-5N.m-DE(2)_FL46BLW10-48V-5N.m-DE (2) (1),1_1_06_EB463-509_FL46BLW10-48V-5N.m-DE_2__FL46BLW10-48V-5N.m-DE_2_1,True,0.990268,-0.139173,0.000000,0.000000,0.139173,0.990268,-0.000000,6.500000,-0.000000,0.000000,1.000000,49.200000,0.000000,0.000000,0.000000,1.000000
body_LATEST:1+twincities_v2_nolock (1):1+robstride05 v16 (2) (1):1+FL46BLW10-48V-5N.m-DE(2)^FL46BLW10-48V-5N.m-DE (2) (1):1+1_2_05_020051^FL46BLW10-48V-5N.m-DE(2)_FL46BLW10-48V-5N.m-DE (2) (1):1,1_2_05_020051^FL46BLW10-48V-5N.m-DE(2)_FL46BLW10-48V-5N.m-DE (2) (1),1_2_05_020051_FL46BLW10-48V-5N.m-DE_2__FL46BLW10-48V-5N.m-DE_2_1,True,0.601815,-0.798636,0.000000,1.113358,0.798636,0.601815,-0.000000,7.977476,-0.000000,0.000000,1.000000,50.040000,0.000000,0.000000,0.000000,1.000000
body_LATEST:1+twincities_v2_nolock (1):1+robstride05 v16 (2) (1):1+FL46BLW10-48V-5N.m-DE(2)^FL46BLW10-48V-5N.m-DE (2) (1):1+1_2_05_020051^FL46BLW10-48V-5N.m-DE(2)_FL46BLW10-48V-5N.m-DE (2) (1):2,1_2_05_020051^FL46BLW10-48V-5N.m-DE(2)_FL46BLW10-48V-5N.m-DE (2) (1),1_2_05_020051_FL46BLW10-48V-5N.m-DE_2__FL46BLW10-48V-5N.m-DE_2_1,True,-0.956305,-0.292372,0.000000,-1.769164,0.292372,-0.956305,-0.000000,7.040888,0.000000,-0.000000,1.000000,50.040000,0.000000,0.000000,0.000000,1.000000
body_LATEST:1+twincities_v2_nolock (1):1+robstride05 v16 (2) (1):1+FL46BLW10-48V-5N.m-DE(2)^FL46BLW10-48V-5N.m-DE (2) (1):1+1_2_05_020051^FL46BLW10-48V-5N.m-DE(2)_FL46BLW10-48V-5N.m-DE (2) (1):3,1_2_05_020051^FL46BLW10-48V-5N.m-DE(2)_FL46BLW10-48V-5N.m-DE (2) (1),1_2_05_020051_FL46BLW10-48V-5N.m-DE_2__FL46BLW10-48V-5N.m-DE_2_1,True,0.956305,0.292372,0.000000,1.769164,-0.292372,0.956305,0.000000,5.959112,0.000000,-0.000000,1.000000,50.040000,0.000000,0.000000,0.000000,1.000000
body_LATEST:1+twincities_v2_nolock (1):1+robstride05 v16 (2) (1):1+FL46BLW10-48V-5N.m-DE(2)^FL46BLW10-48V-5N.m-DE (2) (1):1+1_2_05_000608^FL46BLW10-48V-5N.m-DE(2)_FL46BLW10-48V-5N.m-DE (2) (1):1,1_2_05_000608^FL46BLW10-48V-5N.m-DE(2)_FL46BLW10-48V-5N.m-DE (2) (1),1_2_05_000608_FL46BLW10-48V-5N.m-DE_2__FL46BLW10-48V-5N.m-DE_2_1,True,0.000000,0.601815,-0.798636,1.946555,-0.000000,0.798636,0.601815,7.058166,1.000000,-0.000000,0.000000,49.812178,0.000000,0.000000,0.000000,1.000000
body_LATEST:1+twincities_v2_nolock (1):1+robstride05 v16 (2) (1):1+FL46BLW10-48V-5N.m-DE(2)^FL46BLW10-48V-5N.m-DE (2) (1):1+1_2_05_000608^FL46BLW10-48V-5N.m-DE(2)_FL46BLW10-48V-5N.m-DE (2) (1):2,1_2_05_000608^FL46BLW10-48V-5N.m-DE(2)_FL46BLW10-48V-5N.m-DE (2) (1),1_2_05_000608_FL46BLW10-48V-5N.m-DE_2__FL46BLW10-48V-5N.m-DE_2_1,True,0.000000,-0.798636,-0.601815,-0.558166,-0.000000,0.601815,-0.798636,8.446555,1.000000,0.000000,0.000000,49.812178,0.000000,0.000000,0.000000,1.000000
body_LATEST:1+twincities_v2_nolock (1):1+robstride05 v16 (2) (1):1+FL46BLW10-48V-5N.m-DE(2)^FL46BLW10-48V-5N.m-DE (2) (1):1+1_2_05_000608^FL46BLW10-48V-5N.m-DE(2)_FL46BLW10-48V-5N.m-DE (2) (1):3,1_2_05_000608^FL46BLW10-48V-5N.m-DE(2)_FL46BLW10-48V-5N.m-DE (2) (1),1_2_05_000608_FL46BLW10-48V-5N.m-DE_2__FL46BLW10-48V-5N.m-DE_2_1,True,0.000000,-0.601815,0.798636,-1.946555,-0.000000,-0.798636,-0.601815,5.941834,1.000000,0.000000,-0.000000,49.812178,0.000000,0.000000,0.000000,1.000000
body_LATEST:1+twincities_v2_nolock (1):1+robstride05 v16 (2) (1):1+FL46BLW10-48V-5N.m-DE(2)^FL46BLW10-48V-5N.m-DE (2) (1):1+1_2_05_000608^FL46BLW10-48V-5N.m-DE(2)_FL46BLW10-48V-5N.m-DE (2) (1):4,1_2_05_000608^FL46BLW10-48V-5N.m-DE(2)_FL46BLW10-48V-5N.m-DE (2) (1),1_2_05_000608_FL46BLW10-48V-5N.m-DE_2__FL46BLW10-48V-5N.m-DE_2_1,True,0.000000,0.798636,0.601815,0.558166,-0.000000,-0.601815,0.798636,4.553445,1.000000,-0.000000,-0.000000,49.812178,0.000000,0.000000,0.000000,1.000000
body_LATEST:1+twincities_v2_nolock (1):1+robstride05 v16 (2) (1):1+FL46BLW10-48V-5N.m-DE(2)^FL46BLW10-48V-5N.m-DE (2) (1):1+1_1_31_EB463-510^FL46BLW10-48V-5N.m-DE(2)_FL46BLW10-48V-5N.m-DE (2) (1):1,1_1_31_EB463-510^FL46BLW10-48V-5N.m-DE(2)_FL46BLW10-48V-5N.m-DE (2) (1),1_1_31_EB463-510_FL46BLW10-48V-5N.m-DE_2__FL46BLW10-48V-5N.m-DE_2_1,True,0.250380,-0.968148,0.000000,0.000000,0.968148,0.250380,-0.000000,6.500000,-0.000000,0.000000,1.000000,53.350000,0.000000,0.000000,0.000000,1.000000
body_LATEST:1+twincities_v2_nolock (1):1+robstride05 v16 (2) (1):1+FL46BLW10-48V-5N.m-DE(2)^FL46BLW10-48V-5N.m-DE (2) (1):1+1_2_05_000555^FL46BLW10-48V-5N.m-DE(2)_FL46BLW10-48V-5N.m-DE (2) (1):1,1_2_05_000555^FL46BLW10-48V-5N.m-DE(2)_FL46BLW10-48V-5N.m-DE (2) (1),1_2_05_000555_FL46BLW10-48V-5N.m-DE_2__FL46BLW10-48V-5N.m-DE_2_1,True,-0.000000,-0.601815,-0.798636,2.054806,0.000000,-0.798636,0.601815,6.788784,-1.000000,0.000000,0.000000,53.283000,0.000000,0.000000,0.000000,1.000000
body_LATEST:1+twincities_v2_nolock (1):1+robstride05 v16 (2) (1):1+FL46BLW10-48V-5N.m-DE(2)^FL46BLW10-48V-5N.m-DE (2) (1):1+1_2_05_000555^FL46BLW10-48V-5N.m-DE(2)_FL46BLW10-48V-5N.m-DE (2) (1):2,1_2_05_000555^FL46BLW10-48V-5N.m-DE(2)_FL46BLW10-48V-5N.m-DE (2) (1),1_2_05_000555_FL46BLW10-48V-5N.m-DE_2__FL46BLW10-48V-5N.m-DE_2_1,True,-0.000000,0.139173,-0.990268,1.248766,0.000000,-0.990268,-0.139173,8.157169,-1.000000,-0.000000,0.000000,53.283000,0.000000,0.000000,0.000000,1.000000
body_LATEST:1+twincities_v2_nolock (1):1+robstride05 v16 (2) (1):1+FL46BLW10-48V-5N.m-DE(2)^FL46BLW10-48V-5N.m-DE (2) (1):1+1_2_05_000555^FL46BLW10-48V-5N.m-DE(2)_FL46BLW10-48V-5N.m-DE (2) (1):3,1_2_05_000555^FL46BLW10-48V-5N.m-DE(2)_FL46BLW10-48V-5N.m-DE (2) (1),1_2_05_000555_FL46BLW10-48V-5N.m-DE_2__FL46BLW10-48V-5N.m-DE_2_1,True,-0.000000,0.798636,-0.601815,-0.288784,0.000000,-0.601815,-0.798636,8.554806,-1.000000,-0.000000,0.000000,53.283000,0.000000,0.000000,0.000000,1.000000
body_LATEST:1+twincities_v2_nolock (1):1+robstride05 v16 (2) (1):1+FL46BLW10-48V-5N.m-DE(2)^FL46BLW10-48V-5N.m-DE (2) (1):1+1_2_05_000555^FL46BLW10-48V-5N.m-DE(2)_FL46BLW10-48V-5N.m-DE (2) (1):4,1_2_05_000555^FL46BLW10-48V-5N.m-DE(2)_FL46BLW10-48V-5N.m-DE (2) (1),1_2_05_000555_FL46BLW10-48V-5N.m-DE_2__FL46BLW10-48V-5N.m-DE_2_1,True,-0.000000,0.990268,0.139173,-1.657169,0.000000,0.139173,-0.990268,7.748766,-1.000000,-0.000000,-0.000000,53.283000,0.000000,0.000000,0.000000,1.000000
body_LATEST:1+twincities_v2_nolock (1):1+robstride05 v16 (2) (1):1+FL46BLW10-48V-5N.m-DE(2)^FL46BLW10-48V-5N.m-DE (2) (1):1+1_2_05_000555^FL46BLW10-48V-5N.m-DE(2)_FL46BLW10-48V-5N.m-DE (2) (1):5,1_2_05_000555^FL46BLW10-48V-5N.m-DE(2)_FL46BLW10-48V-5N.m-DE (2) (1),1_2_05_000555_FL46BLW10-48V-5N.m-DE_2__FL46BLW10-48V-5N.m-DE_2_1,True,-0.000000,0.601815,0.798636,-2.054806,0.000000,0.798636,-0.601815,6.211216,-1.000000,-0.000000,-0.000000,53.283000,0.000000,0.000000,0.000000,1.000000
body_LATEST:1+twincities_v2_nolock (1):1+robstride05 v16 (2) (1):1+FL46BLW10-48V-5N.m-DE(2)^FL46BLW10-48V-5N.m-DE (2) (1):1+1_2_05_000555^FL46BLW10-48V-5N.m-DE(2)_FL46BLW10-48V-5N.m-DE (2) (1):6,1_2_05_000555^FL46BLW10-48V-5N.m-DE(2)_FL46BLW10-48V-5N.m-DE (2) (1),1_2_05_000555_FL46BLW10-48V-5N.m-DE_2__FL46BLW10-48V-5N.m-DE_2_1,True,-0.000000,-0.139173,0.990268,-1.248766,0.000000,0.990268,0.139173,4.842831,-1.000000,0.000000,-0.000000,53.283000,0.000000,0.000000,0.000000,1.000000
body_LATEST:1+twincities_v2_nolock (1):1+robstride05 v16 (2) (1):1+FL46BLW10-48V-5N.m-DE(2)^FL46BLW10-48V-5N.m-DE (2) (1):1+1_2_05_000555^FL46BLW10-48V-5N.m-DE(2)_FL46BLW10-48V-5N.m-DE (2) (1):7,1_2_05_000555^FL46BLW10-48V-5N.m-DE(2)_FL46BLW10-48V-5N.m-DE (2) (1),1_2_05_000555_FL46BLW10-48V-5N.m-DE_2__FL46BLW10-48V-5N.m-DE_2_1,True,-0.000000,-0.798636,0.601815,0.288784,0.000000,0.601815,0.798636,4.445194,-1.000000,0.000000,-0.000000,53.283000,0.000000,0.000000,0.000000,1.000000
body_LATEST:1+twincities_v2_nolock (1):1+robstride05 v16 (2) (1):1+FL46BLW10-48V-5N.m-DE(2)^FL46BLW10-48V-5N.m-DE (2) (1):1+1_2_05_000555^FL46BLW10-48V-5N.m-DE(2)_FL46BLW10-48V-5N.m-DE (2) (1):8,1_2_05_000555^FL46BLW10-48V-5N.m-DE(2)_FL46BLW10-48V-5N.m-DE (2) (1),1_2_05_000555_FL46BLW10-48V-5N.m-DE_2__FL46BLW10-48V-5N.m-DE_2_1,True,-0.000000,-0.990268,-0.139173,1.657169,0.000000,-0.139173,0.990268,5.251234,-1.000000,0.000000,0.000000,53.283000,0.000000,0.000000,0.000000,1.000000
body_LATEST:1+twincities_v2_nolock (1):1+robstride05 v16 (2) (1):1+1_1_30_GR-2202_ASM^FL46BLW10-48V-5N.m-DE(2)_FL46BLW10-48V-5N.m-DE (2) (1):1+1_1_30_GR-2202_ASM_1_ASM^1_1_30_GR-2202_ASM_FL46BLW10-48V-5N.m-DE(2)_FL46BLW10-48V-5N.m-DE (2) (1):1+00MINI-_20250103_A0001_ASM_1_AS_ASM^1_1_30_GR-2202_ASM_1_ASM_1_1_30_GR-2202_ASM_FL46BLW10-48V-5N.m-DE(2)_FL46BLW10-48V-5N.m-DE (2) (1):1+00MINI-000_ASM_1_ASM_1_ASM^00MINI-_20250103_A0001_ASM_1_AS_ASM_1_1_30_GR-2202_ASM_1_ASM_1_1_30_GR-2202_ASM_FL46BLW10-48V-5N.m-DE(2)_FL46BLW10-48V-5N.m-DE (2) (1):1+1_21_121000022__610001_1_1^00MINI-000_ASM_1_ASM_1_ASM_00MINI-_20250103_A0001_ASM_1_AS_ASM_1_1_30_GR-2202_ASM_1_ASM_1_1_30_GR-2202_ASM_FL46BLW10-48V-5N.m-DE(2)_FL46BLW10-48V-5N.m-DE (2) (1):1,1_21_121000022__610001_1_1^00MINI-000_ASM_1_ASM_1_ASM_00MINI-_20250103_A0001_ASM_1_AS_ASM_1_1_30_GR-2202_ASM_1_ASM_1_1_30_GR-2202_ASM_FL46BLW10-48V-5N.m-DE(2)_FL46BLW10-48V-5N.m-DE (2) (1),1_21_121000022__610001_1_1_00MINI-000_ASM_1_ASM_1_ASM_00MINI-_20250103_A0001_ASM_1_AS_ASM_1_1_30_GR-2202_ASM_1_ASM_1_1_30_GR-2202_ASM_FL46BLW10-48V-5N.m-DE_2__FL46BLW10-48V-5N.m-DE_2_1,True,0.000000,0.500000,0.866025,0.000000,-0.000000,-0.866025,0.500000,6.500000,1.000000,-0.000000,-0.000000,53.300000,0.000000,0.000000,0.000000,1.000000
body_LATEST:1+twincities_v2_nolock (1):1+robstride05 v16 (2) (1):1+1_1_30_GR-2202_ASM^FL46BLW10-48V-5N.m-DE(2)_FL46BLW10-48V-5N.m-DE (2) (1):1+1_1_30_GR-2202_ASM_1_ASM^1_1_30_GR-2202_ASM_FL46BLW10-48V-5N.m-DE(2)_FL46BLW10-48V-5N.m-DE (2) (1):1+00MINI-_20250103_A0001_ASM_1_AS_ASM^1_1_30_GR-2202_ASM_1_ASM_1_1_30_GR-2202_ASM_FL46BLW10-48V-5N.m-DE(2)_FL46BLW10-48V-5N.m-DE (2) (1):1+00MINI-000_ASM_1_ASM_1_ASM^00MINI-_20250103_A0001_ASM_1_AS_ASM_1_1_30_GR-2202_ASM_1_ASM_1_1_30_GR-2202_ASM_FL46BLW10-48V-5N.m-DE(2)_FL46BLW10-48V-5N.m-DE (2) (1):1+0001755650^00MINI-000_ASM_1_ASM_1_ASM_00MINI-_20250103_A0001_ASM_1_AS_ASM_1_1_30_GR-2202_ASM_1_ASM_1_1_30_GR-2202_ASM_FL46BLW10-48V-5N.m-DE(2)_FL46BLW10-48V-5N.m-DE (2) (1):1,0001755650^00MINI-000_ASM_1_ASM_1_ASM_00MINI-_20250103_A0001_ASM_1_AS_ASM_1_1_30_GR-2202_ASM_1_ASM_1_1_30_GR-2202_ASM_FL46BLW10-48V-5N.m-DE(2)_FL46BLW10-48V-5N.m-DE (2) (1),0001755650_00MINI-000_ASM_1_ASM_1_ASM_00MINI-_20250103_A0001_ASM_1_AS_ASM_1_1_30_GR-2202_ASM_1_ASM_1_1_30_GR-2202_ASM_FL46BLW10-48V-5N.m-DE_2__FL46BLW10-48V-5N.m-DE_2_1,True,0.866025,0.500000,-0.000000,0.000000,0.500000,-0.866025,0.000000,6.500000,-0.000000,-0.000000,-1.000000,53.490000,0.000000,0.000000,0.000000,1.000000
body_LATEST:1+twincities_v2_nolock (1):1+robstride05 v16 (2) (1):1+1_1_30_GR-2202_ASM^FL46BLW10-48V-5N.m-DE(2)_FL46BLW10-48V-5N.m-DE (2) (1):1+1_1_30_GR-2202_ASM_1_ASM^1_1_30_GR-2202_ASM_FL46BLW10-48V-5N.m-DE(2)_FL46BLW10-48V-5N.m-DE (2) (1):1+00MINI-_20250103_A0001_ASM_1_AS_ASM^1_1_30_GR-2202_ASM_1_ASM_1_1_30_GR-2202_ASM_FL46BLW10-48V-5N.m-DE(2)_FL46BLW10-48V-5N.m-DE (2) (1):1+00MINI-000_ASM_1_ASM_1_ASM^00MINI-_20250103_A0001_ASM_1_AS_ASM_1_1_30_GR-2202_ASM_1_ASM_1_1_30_GR-2202_ASM_FL46BLW10-48V-5N.m-DE(2)_FL46BLW10-48V-5N.m-DE (2) (1):1+0001755652^00MINI-000_ASM_1_ASM_1_ASM_00MINI-_20250103_A0001_ASM_1_AS_ASM_1_1_30_GR-2202_ASM_1_ASM_1_1_30_GR-2202_ASM_FL46BLW10-48V-5N.m-DE(2)_FL46BLW10-48V-5N.m-DE (2) (1):1,0001755652^00MINI-000_ASM_1_ASM_1_ASM_00MINI-_20250103_A0001_ASM_1_AS_ASM_1_1_30_GR-2202_ASM_1_ASM_1_1_30_GR-2202_ASM_FL46BLW10-48V-5N.m-DE(2)_FL46BLW10-48V-5N.m-DE (2) (1),0001755652_00MINI-000_ASM_1_ASM_1_ASM_00MINI-_20250103_A0001_ASM_1_AS_ASM_1_1_30_GR-2202_ASM_1_ASM_1_1_30_GR-2202_ASM_FL46BLW10-48V-5N.m-DE_2__FL46BLW10-48V-5N.m-DE_2_1,True,0.866025,0.500000,-0.000000,-0.475000,0.500000,-0.866025,0.000000,5.677276,-0.000000,-0.000000,-1.000000,53.800000,0.000000,0.000000,0.000000,1.000000
body_LATEST:1+twincities_v2_nolock (1):1+robstride05 v16 (2) (1):1+1_1_30_GR-2202_ASM^FL46BLW10-48V-5N.m-DE(2)_FL46BLW10-48V-5N.m-DE (2) (1):1+1_1_30_GR-2202_ASM_1_ASM^1_1_30_GR-2202_ASM_FL46BLW10-48V-5N.m-DE(2)_FL46BLW10-48V-5N.m-DE (2) (1):1+00MINI-_20250103_A0001_ASM_1_AS_ASM^1_1_30_GR-2202_ASM_1_ASM_1_1_30_GR-2202_ASM_FL46BLW10-48V-5N.m-DE(2)_FL46BLW10-48V-5N.m-DE (2) (1):1+00MINI-000_ASM_1_ASM_1_ASM^00MINI-_20250103_A0001_ASM_1_AS_ASM_1_1_30_GR-2202_ASM_1_ASM_1_1_30_GR-2202_ASM_FL46BLW10-48V-5N.m-DE(2)_FL46BLW10-48V-5N.m-DE (2) (1):1+6706__300001_1_1^00MINI-000_ASM_1_ASM_1_ASM_00MINI-_20250103_A0001_ASM_1_AS_ASM_1_1_30_GR-2202_ASM_1_ASM_1_1_30_GR-2202_ASM_FL46BLW10-48V-5N.m-DE(2)_FL46BLW10-48V-5N.m-DE (2) (1):1,6706__300001_1_1^00MINI-000_ASM_1_ASM_1_ASM_00MINI-_20250103_A0001_ASM_1_AS_ASM_1_1_30_GR-2202_ASM_1_ASM_1_1_30_GR-2202_ASM_FL46BLW10-48V-5N.m-DE(2)_FL46BLW10-48V-5N.m-DE (2) (1),6706__300001_1_1_00MINI-000_ASM_1_ASM_1_ASM_00MINI-_20250103_A0001_ASM_1_AS_ASM_1_1_30_GR-2202_ASM_1_ASM_1_1_30_GR-2202_ASM_FL46BLW10-48V-5N.m-DE_2__FL46BLW10-48V-5N.m-DE_2_1,True,0.866025,0.500000,-0.000000,0.000000,0.500000,-0.866025,0.000000,6.500000,-0.000000,-0.000000,-1.000000,53.450000,0.000000,0.000000,0.000000,1.000000
body_LATEST:1+twincities_v2_nolock (1):1+robstride05 v16 (2) (1):1+1_1_30_GR-2202_ASM^FL46BLW10-48V-5N.m-DE(2)_FL46BLW10-48V-5N.m-DE (2) (1):1+1_1_30_GR-2202_ASM_1_ASM^1_1_30_GR-2202_ASM_FL46BLW10-48V-5N.m-DE(2)_FL46BLW10-48V-5N.m-DE (2) (1):1+0001755652^1_1_30_GR-2202_ASM_1_ASM_1_1_30_GR-2202_ASM_FL46BLW10-48V-5N.m-DE(2)_FL46BLW10-48V-5N.m-DE (2) (1):1,0001755652^1_1_30_GR-2202_ASM_1_ASM_1_1_30_GR-2202_ASM_FL46BLW10-48V-5N.m-DE(2)_FL46BLW10-48V-5N.m-DE (2) (1),0001755652_1_1_30_GR-2202_ASM_1_ASM_1_1_30_GR-2202_ASM_FL46BLW10-48V-5N.m-DE_2__FL46BLW10-48V-5N.m-DE_2_1,True,0.866025,0.500000,-0.000000,0.950000,0.500000,-0.866025,0.000000,6.500000,-0.000000,-0.000000,-1.000000,53.800000,0.000000,0.000000,0.000000,1.000000
body_LATEST:1+twincities_v2_nolock (1):1+robstride05 v16 (2) (1):1+1_1_30_GR-2202_ASM^FL46BLW10-48V-5N.m-DE(2)_FL46BLW10-48V-5N.m-DE (2) (1):1+1_1_30_GR-2202_ASM_1_ASM^1_1_30_GR-2202_ASM_FL46BLW10-48V-5N.m-DE(2)_FL46BLW10-48V-5N.m-DE (2) (1):1+0001755652^1_1_30_GR-2202_ASM_1_ASM_1_1_30_GR-2202_ASM_FL46BLW10-48V-5N.m-DE(2)_FL46BLW10-48V-5N.m-DE (2) (1):2,0001755652^1_1_30_GR-2202_ASM_1_ASM_1_1_30_GR-2202_ASM_FL46BLW10-48V-5N.m-DE(2)_FL46BLW10-48V-5N.m-DE (2) (1),0001755652_1_1_30_GR-2202_ASM_1_ASM_1_1_30_GR-2202_ASM_FL46BLW10-48V-5N.m-DE_2__FL46BLW10-48V-5N.m-DE_2_1,True,0.866025,0.500000,-0.000000,-0.475000,0.500000,-0.866025,0.000000,7.322724,-0.000000,-0.000000,-1.000000,53.800000,0.000000,0.000000,0.000000,1.000000
body_LATEST:1+twincities_v2_nolock (1):1+robstride05 v16 (2) (1):1+Component80 (1):1,Component80 (1),Component80_1,True,0.601815,-0.798636,0.000000,0.000000,0.798636,0.601815,-0.000000,6.500000,-0.000000,0.000000,1.000000,53.600000,0.000000,0.000000,0.000000,1.000000
body_LATEST:1+twincities_v2_nolock (1):1+gimbal_neck (1):1,gimbal_neck (1),gimbal_neck_1,True,-1.000000,-0.000000,0.000000,-0.000000,0.000000,-1.000000,-0.000000,-0.000000,0.000000,-0.000000,1.000000,0.000000,0.000000,0.000000,0.000000,1.000000
body_LATEST:1+twincities_v2_nolock (1):1+gimbal_mount (1):1,gimbal_mount (1),gimbal_mount_1,True,-1.000000,-0.000000,0.000000,-0.000000,0.000000,-1.000000,-0.000000,0.000000,0.000000,0.000000,1.000000,0.000000,0.000000,0.000000,0.000000,1.000000
body_LATEST:1+twincities_v2_nolock (1):1+robstride05 v16 (1) (1):1+FL46BLW10-48V-5N.m-DE(2)^FL46BLW10-48V-5N.m-DE (1) (1):1+1_1_06_EB463-507^FL46BLW10-48V-5N.m-DE(2)_FL46BLW10-48V-5N.m-DE (1) (1):1,1_1_06_EB463-507^FL46BLW10-48V-5N.m-DE(2)_FL46BLW10-48V-5N.m-DE (1) (1),1_1_06_EB463-507_FL46BLW10-48V-5N.m-DE_2__FL46BLW10-48V-5N.m-DE_1_1,True,0.000000,-1.000000,0.000000,0.000000,0.000000,-0.000000,-1.000000,7.350000,1.000000,0.000000,0.000000,62.550000,0.000000,0.000000,0.000000,1.000000
body_LATEST:1+twincities_v2_nolock (1):1+robstride05 v16 (1) (1):1+FL46BLW10-48V-5N.m-DE(2)^FL46BLW10-48V-5N.m-DE (1) (1):1+1_1_02_EB461-502^FL46BLW10-48V-5N.m-DE(2)_FL46BLW10-48V-5N.m-DE (1) (1):1,1_1_02_EB461-502^FL46BLW10-48V-5N.m-DE(2)_FL46BLW10-48V-5N.m-DE (1) (1),1_1_02_EB461-502_FL46BLW10-48V-5N.m-DE_2__FL46BLW10-48V-5N.m-DE_1_1,True,-0.382683,-0.923880,0.000000,0.000000,0.000000,-0.000000,-1.000000,5.550000,0.923880,-0.382683,0.000000,62.550000,0.000000,0.000000,0.000000,1.000000
body_LATEST:1+twincities_v2_nolock (1):1+robstride05 v16 (1) (1):1+FL46BLW10-48V-5N.m-DE(2)^FL46BLW10-48V-5N.m-DE (1) (1):1+1_2_05_000438^FL46BLW10-48V-5N.m-DE(2)_FL46BLW10-48V-5N.m-DE (1) (1):1,1_2_05_000438^FL46BLW10-48V-5N.m-DE(2)_FL46BLW10-48V-5N.m-DE (1) (1),1_2_05_000438_FL46BLW10-48V-5N.m-DE_2__FL46BLW10-48V-5N.m-DE_1_1,True,-0.000000,1.000000,0.000000,0.000000,-0.000000,0.000000,-1.000000,5.300000,-1.000000,-0.000000,0.000000,64.634175,0.000000,0.000000,0.000000,1.000000
body_LATEST:1+twincities_v2_nolock (1):1+robstride05 v16 (1) (1):1+FL46BLW10-48V-5N.m-DE(2)^FL46BLW10-48V-5N.m-DE (1) (1):1+1_2_05_000438^FL46BLW10-48V-5N.m-DE(2)_FL46BLW10-48V-5N.m-DE (1) (1):2,1_2_05_000438^FL46BLW10-48V-5N.m-DE(2)_FL46BLW10-48V-5N.m-DE (1) (1),1_2_05_000438_FL46BLW10-48V-5N.m-DE_2__FL46BLW10-48V-5N.m-DE_1_1,True,0.707107,0.707107,0.000000,-1.473734,0.000000,0.000000,-1.000000,5.300000,-0.707107,0.707107,0.000000,64.023734,0.000000,0.000000,0.000000,1.000000
body_LATEST:1+twincities_v2_nolock (1):1+robstride05 v16 (1) (1):1+FL46BLW10-48V-5N.m-DE(2)^FL46BLW10-48V-5N.m-DE (1) (1):1+1_2_05_000438^FL46BLW10-48V-5N.m-DE(2)_FL46BLW10-48V-5N.m-DE (1) (1):3,1_2_05_000438^FL46BLW10-48V-5N.m-DE(2)_FL46BLW10-48V-5N.m-DE (1) (1),1_2_05_000438_FL46BLW10-48V-5N.m-DE_2__FL46BLW10-48V-5N.m-DE_1_1,True,1.000000,0.000000,0.000000,-2.084175,0.000000,0.000000,-1.000000,5.300000,-0.000000,1.000000,0.000000,62.550000,0.000000,0.000000,0.000000,1.000000
body_LATEST:1+twincities_v2_nolock (1):1+robstride05 v16 (1) (1):1+FL46BLW10-48V-5N.m-DE(2)^FL46BLW10-48V-5N.m-DE (1) (1):1+1_2_05_000438^FL46BLW10-48V-5N.m-DE(2)_FL46BLW10-48V-5N.m-DE (1) (1):4,1_2_05_000438^FL46BLW10-48V-5N.m-DE(2)_FL46BLW10-48V-5N.m-DE (1) (1),1_2_05_000438_FL46BLW10-48V-5N.m-DE_2__FL46BLW10-48V-5N.m-DE_1_1,True,0.707107,-0.707107,0.000000,-1.473734,0.000000,-0.000000,-1.000000,5.300000,0.707107,0.707107,0.000000,61.076266,0.000000,0.000000,0.000000,1.000000
body_LATEST:1+twincities_v2_nolock (1):1+robstride05 v16 (1) (1):1+FL46BLW10-48V-5N.m-DE(2)^FL46BLW10-48V-5N.m-DE (1) (1):1+1_2_05_000438^FL46BLW10-48V-5N.m-DE(2)_FL46BLW10-48V-5N.m-DE (1) (1):5,1_2_05_000438^FL46BLW10-48V-5N.m-DE(2)_FL46BLW10-48V-5N.m-DE (1) (1),1_2_05_000438_FL46BLW10-48V-5N.m-DE_2__FL46BLW10-48V-5N.m-DE_1_1,True,0.000000,-1.000000,0.000000,0.000000,0.000000,-0.000000,-1.000000,5.300000,1.000000,0.000000,0.000000,60.465825,0.000000,0.000000,0.000000,1.000000
body_LATEST:1+twincities_v2_nolock (1):1+robstride05 v16 (1) (1):1+FL46BLW10-48V-5N.m-DE(2)^FL46BLW10-48V-5N.m-DE (1) (1):1+1_2_05_000438^FL46BLW10-48V-5N.m-DE(2)_FL46BLW10-48V-5N.m-DE (1) (1):6,1_2_05_000438^FL46BLW10-48V-5N.m-DE(2)_FL46BLW10-48V-5N.m-DE (1) (1),1_2_05_000438_FL46BLW10-48V-5N.m-DE_2__FL46BLW10-48V-5N.m-DE_1_1,True,-0.707107,-0.707107,0.000000,1.473734,-0.000000,-0.000000,-1.000000,5.300000,0.707107,-0.707107,0.000000,61.076266,0.000000,0.000000,0.000000,1.000000
body_LATEST:1+twincities_v2_nolock (1):1+robstride05 v16 (1) (1):1+FL46BLW10-48V-5N.m-DE(2)^FL46BLW10-48V-5N.m-DE (1) (1):1+1_2_05_000438^FL46BLW10-48V-5N.m-DE(2)_FL46BLW10-48V-5N.m-DE (1) (1):7,1_2_05_000438^FL46BLW10-48V-5N.m-DE(2)_FL46BLW10-48V-5N.m-DE (1) (1),1_2_05_000438_FL46BLW10-48V-5N.m-DE_2__FL46BLW10-48V-5N.m-DE_1_1,True,-1.000000,-0.000000,0.000000,2.084175,-0.000000,-0.000000,-1.000000,5.300000,0.000000,-1.000000,0.000000,62.550000,0.000000,0.000000,0.000000,1.000000
body_LATEST:1+twincities_v2_nolock (1):1+robstride05 v16 (1) (1):1+FL46BLW10-48V-5N.m-DE(2)^FL46BLW10-48V-5N.m-DE (1) (1):1+1_2_05_000438^FL46BLW10-48V-5N.m-DE(2)_FL46BLW10-48V-5N.m-DE (1) (1):8,1_2_05_000438^FL46BLW10-48V-5N.m-DE(2)_FL46BLW10-48V-5N.m-DE (1) (1),1_2_05_000438_FL46BLW10-48V-5N.m-DE_2__FL46BLW10-48V-5N.m-DE_1_1,True,-0.707107,0.707107,0.000000,1.473734,-0.000000,0.000000,-1.000000,5.300000,-0.707107,-0.707107,0.000000,64.023734,0.000000,0.000000,0.000000,1.000000
body_LATEST:1+twincities_v2_nolock (1):1+robstride05 v16 (1) (1):1+FL46BLW10-48V-5N.m-DE(2)^FL46BLW10-48V-5N.m-DE (1) (1):1+1_2_16_001425^FL46BLW10-48V-5N.m-DE(2)_FL46BLW10-48V-5N.m-DE (1) (1):1,1_2_16_001425^FL46BLW10-48V-5N.m-DE(2)_FL46BLW10-48V-5N.m-DE (1) (1),1_2_16_001425_FL46BLW10-48V-5N.m-DE_2__FL46BLW10-48V-5N.m-DE_1_1,True,0.707122,0.707091,0.000000,-3.464734,-0.000000,-0.000000,1.000000,8.360000,0.707091,-0.707122,0.000000,62.903530,0.000000,0.000000,0.000000,1.000000
body_LATEST:1+twincities_v2_nolock (1):1+robstride05 v16 (1) (1):1+FL46BLW10-48V-5N.m-DE(2)^FL46BLW10-48V-5N.m-DE (1) (1):1+1_1_06_EB463-509^FL46BLW10-48V-5N.m-DE(2)_FL46BLW10-48V-5N.m-DE (1) (1):1,1_1_06_EB463-509^FL46BLW10-48V-5N.m-DE(2)_FL46BLW10-48V-5N.m-DE (1) (1),1_1_06_EB463-509_FL46BLW10-48V-5N.m-DE_2__FL46BLW10-48V-5N.m-DE_1_1,True,0.707107,-0.707107,-0.000000,0.000000,-0.000000,-0.000000,-1.000000,8.700000,0.707107,0.707107,-0.000000,62.550000,0.000000,0.000000,0.000000,1.000000
body_LATEST:1+twincities_v2_nolock (1):1+robstride05 v16 (1) (1):1+FL46BLW10-48V-5N.m-DE(2)^FL46BLW10-48V-5N.m-DE (1) (1):1+1_2_05_020051^FL46BLW10-48V-5N.m-DE(2)_FL46BLW10-48V-5N.m-DE (1) (1):1,1_2_05_020051^FL46BLW10-48V-5N.m-DE(2)_FL46BLW10-48V-5N.m-DE (1) (1),1_2_05_020051_FL46BLW10-48V-5N.m-DE_2__FL46BLW10-48V-5N.m-DE_1_1,True,0.000000,-1.000000,0.000000,0.000000,0.000000,-0.000000,-1.000000,7.860000,1.000000,0.000000,0.000000,64.400000,0.000000,0.000000,0.000000,1.000000
body_LATEST:1+twincities_v2_nolock (1):1+robstride05 v16 (1) (1):1+FL46BLW10-48V-5N.m-DE(2)^FL46BLW10-48V-5N.m-DE (1) (1):1+1_2_05_020051^FL46BLW10-48V-5N.m-DE(2)_FL46BLW10-48V-5N.m-DE (1) (1):2,1_2_05_020051^FL46BLW10-48V-5N.m-DE(2)_FL46BLW10-48V-5N.m-DE (1) (1),1_2_05_020051_FL46BLW10-48V-5N.m-DE_2__FL46BLW10-48V-5N.m-DE_1_1,True,-0.939693,0.342020,0.000000,-1.738431,-0.000000,0.000000,-1.000000,7.860000,-0.342020,-0.939693,-0.000000,61.917263,0.000000,0.000000,0.000000,1.000000
body_LATEST:1+twincities_v2_nolock (1):1+robstride05 v16 (1) (1):1+FL46BLW10-48V-5N.m-DE(2)^FL46BLW10-48V-5N.m-DE (1) (1):1+1_2_05_020051^FL46BLW10-48V-5N.m-DE(2)_FL46BLW10-48V-5N.m-DE (1) (1):3,1_2_05_020051^FL46BLW10-48V-5N.m-DE(2)_FL46BLW10-48V-5N.m-DE (1) (1),1_2_05_020051_FL46BLW10-48V-5N.m-DE_2__FL46BLW10-48V-5N.m-DE_1_1,True,0.939693,-0.342020,-0.000000,1.738431,-0.000000,0.000000,-1.000000,7.860000,0.342020,0.939693,0.000000,63.182737,0.000000,0.000000,0.000000,1.000000
body_LATEST:1+twincities_v2_nolock (1):1+robstride05 v16 (1) (1):1+FL46BLW10-48V-5N.m-DE(2)^FL46BLW10-48V-5N.m-DE (1) (1):1+1_2_05_000608^FL46BLW10-48V-5N.m-DE(2)_FL46BLW10-48V-5N.m-DE (1) (1):1,1_2_05_000608^FL46BLW10-48V-5N.m-DE(2)_FL46BLW10-48V-5N.m-DE (1) (1),1_2_05_000608_FL46BLW10-48V-5N.m-DE_2__FL46BLW10-48V-5N.m-DE_1_1,True,0.000000,0.000000,-1.000000,1.218675,-1.000000,0.000000,-0.000000,8.087822,0.000000,1.000000,0.000000,64.167237,0.000000,0.000000,0.000000,1.000000
body_LATEST:1+twincities_v2_nolock (1):1+robstride05 v16 (1) (1):1+FL46BLW10-48V-5N.m-DE(2)^FL46BLW10-48V-5N.m-DE (1) (1):1+1_2_05_000608^FL46BLW10-48V-5N.m-DE(2)_FL46BLW10-48V-5N.m-DE (1) (1):2,1_2_05_000608^FL46BLW10-48V-5N.m-DE(2)_FL46BLW10-48V-5N.m-DE (1) (1),1_2_05_000608_FL46BLW10-48V-5N.m-DE_2__FL46BLW10-48V-5N.m-DE_1_1,True,0.000000,-1.000000,-0.000000,-1.617237,-1.000000,-0.000000,-0.000000,8.087822,0.000000,0.000000,-1.000000,63.768675,0.000000,0.000000,0.000000,1.000000
body_LATEST:1+twincities_v2_nolock (1):1+robstride05 v16 (1) (1):1+FL46BLW10-48V-5N.m-DE(2)^FL46BLW10-48V-5N.m-DE (1) (1):1+1_2_05_000608^FL46BLW10-48V-5N.m-DE(2)_FL46BLW10-48V-5N.m-DE (1) (1):3,1_2_05_000608^FL46BLW10-48V-5N.m-DE(2)_FL46BLW10-48V-5N.m-DE (1) (1),1_2_05_000608_FL46BLW10-48V-5N.m-DE_2__FL46BLW10-48V-5N.m-DE_1_1,True,0.000000,-0.000000,1.000000,-1.218675,-1.000000,-0.000000,0.000000,8.087822,0.000000,-1.000000,-0.000000,60.932763,0.000000,0.000000,0.000000,1.000000
body_LATEST:1+twincities_v2_nolock (1):1+robstride05 v16 (1) (1):1+FL46BLW10-48V-5N.m-DE(2)^FL46BLW10-48V-5N.m-DE (1) (1):1+1_2_05_000608^FL46BLW10-48V-5N.m-DE(2)_FL46BLW10-48V-5N.m-DE (1) (1):4,1_2_05_000608^FL46BLW10-48V-5N.m-DE(2)_FL46BLW10-48V-5N.m-DE (1) (1),1_2_05_000608_FL46BLW10-48V-5N.m-DE_2__FL46BLW10-48V-5N.m-DE_1_1,True,0.000000,1.000000,0.000000,1.617237,-1.000000,0.000000,0.000000,8.087822,0.000000,-0.000000,1.000000,61.331325,0.000000,0.000000,0.000000,1.000000
body_LATEST:1+twincities_v2_nolock (1):1+robstride05 v16 (1) (1):1+FL46BLW10-48V-5N.m-DE(2)^FL46BLW10-48V-5N.m-DE (1) (1):1+1_1_31_EB463-510^FL46BLW10-48V-5N.m-DE(2)_FL46BLW10-48V-5N.m-DE (1) (1):1,1_1_31_EB463-510^FL46BLW10-48V-5N.m-DE(2)_FL46BLW10-48V-5N.m-DE (1) (1),1_1_31_EB463-510_FL46BLW10-48V-5N.m-DE_2__FL46BLW10-48V-5N.m-DE_1_1,True,-0.382683,-0.923880,0.000000,0.000000,0.000000,-0.000000,-1.000000,4.550000,0.923880,-0.382683,0.000000,62.550000,0.000000,0.000000,0.000000,1.000000
body_LATEST:1+twincities_v2_nolock (1):1+robstride05 v16 (1) (1):1+FL46BLW10-48V-5N.m-DE(2)^FL46BLW10-48V-5N.m-DE (1) (1):1+1_2_05_000555^FL46BLW10-48V-5N.m-DE(2)_FL46BLW10-48V-5N.m-DE (1) (1):1,1_2_05_000555^FL46BLW10-48V-5N.m-DE(2)_FL46BLW10-48V-5N.m-DE (1) (1),1_2_05_000555_FL46BLW10-48V-5N.m-DE_2__FL46BLW10-48V-5N.m-DE_1_1,True,-0.000000,-0.000000,-1.000000,1.467247,1.000000,-0.000000,-0.000000,4.617000,-0.000000,-1.000000,0.000000,64.017247,0.000000,0.000000,0.000000,1.000000
body_LATEST:1+twincities_v2_nolock (1):1+robstride05 v16 (1) (1):1+FL46BLW10-48V-5N.m-DE(2)^FL46BLW10-48V-5N.m-DE (1) (1):1+1_2_05_000555^FL46BLW10-48V-5N.m-DE(2)_FL46BLW10-48V-5N.m-DE (1) (1):2,1_2_05_000555^FL46BLW10-48V-5N.m-DE(2)_FL46BLW10-48V-5N.m-DE (1) (1),1_2_05_000555_FL46BLW10-48V-5N.m-DE_2__FL46BLW10-48V-5N.m-DE_1_1,True,-0.000000,0.707107,-0.707107,0.000000,1.000000,0.000000,-0.000000,4.617000,-0.000000,-0.707107,-0.707107,64.625000,0.000000,0.000000,0.000000,1.000000
body_LATEST:1+twincities_v2_nolock (1):1+robstride05 v16 (1) (1):1+FL46BLW10-48V-5N.m-DE(2)^FL46BLW10-48V-5N.m-DE (1) (1):1+1_2_05_000555^FL46BLW10-48V-5N.m-DE(2)_FL46BLW10-48V-5N.m-DE (1) (1):3,1_2_05_000555^FL46BLW10-48V-5N.m-DE(2)_FL46BLW10-48V-5N.m-DE (1) (1),1_2_05_000555_FL46BLW10-48V-5N.m-DE_2__FL46BLW10-48V-5N.m-DE_1_1,True,-0.000000,1.000000,-0.000000,-1.467247,1.000000,0.000000,-0.000000,4.617000,-0.000000,-0.000000,-1.000000,64.017247,0.000000,0.000000,0.000000,1.000000
body_LATEST:1+twincities_v2_nolock (1):1+robstride05 v16 (1) (1):1+FL46BLW10-48V-5N.m-DE(2)^FL46BLW10-48V-5N.m-DE (1) (1):1+1_2_05_000555^FL46BLW10-48V-5N.m-DE(2)_FL46BLW10-48V-5N.m-DE (1) (1):4,1_2_05_000555^FL46BLW10-48V-5N.m-DE(2)_FL46BLW10-48V-5N.m-DE (1) (1),1_2_05_000555_FL46BLW10-48V-5N.m-DE_2__FL46BLW10-48V-5N.m-DE_1_1,True,-0.000000,0.707107,0.707107,-2.075000,1.000000,0.000000,0.000000,4.617000,-0.000000,0.707107,-0.707107,62.550000,0.000000,0.000000,0.000000,1.000000
body_LATEST:1+twincities_v2_nolock (1):1+robstride05 v16 (1) (1):1+FL46BLW10-48V-5N.m-DE(2)^FL46BLW10-48V-5N.m-DE (1) (1):1+1_2_05_000555^FL46BLW10-48V-5N.m-DE(2)_FL46BLW10-48V-5N.m-DE (1) (1):5,1_2_05_000555^FL46BLW10-48V-5N.m-DE(2)_FL46BLW10-48V-5N.m-DE (1) (1),1_2_05_000555_FL46BLW10-48V-5N.m-DE_2__FL46BLW10-48V-5N.m-DE_1_1,True,-0.000000,0.000000,1.000000,-1.467247,1.000000,0.000000,0.000000,4.617000,-0.000000,1.000000,-0.000000,61.082753,0.000000,0.000000,0.000000,1.000000
body_LATEST:1+twincities_v2_nolock (1):1+robstride05 v16 (1) (1):1+FL46BLW10-48V-5N.m-DE(2)^FL46BLW10-48V-5N.m-DE (1) (1):1+1_2_05_000555^FL46BLW10-48V-5N.m-DE(2)_FL46BLW10-48V-5N.m-DE (1) (1):6,1_2_05_000555^FL46BLW10-48V-5N.m-DE(2)_FL46BLW10-48V-5N.m-DE (1) (1),1_2_05_000555_FL46BLW10-48V-5N.m-DE_2__FL46BLW10-48V-5N.m-DE_1_1,True,-0.000000,-0.707107,0.707107,0.000000,1.000000,-0.000000,0.000000,4.617000,-0.000000,0.707107,0.707107,60.475000,0.000000,0.000000,0.000000,1.000000
body_LATEST:1+twincities_v2_nolock (1):1+robstride05 v16 (1) (1):1+FL46BLW10-48V-5N.m-DE(2)^FL46BLW10-48V-5N.m-DE (1) (1):1+1_2_05_000555^FL46BLW10-48V-5N.m-DE(2)_FL46BLW10-48V-5N.m-DE (1) (1):7,1_2_05_000555^FL46BLW10-48V-5N.m-DE(2)_FL46BLW10-48V-5N.m-DE (1) (1),1_2_05_000555_FL46BLW10-48V-5N.m-DE_2__FL46BLW10-48V-5N.m-DE_1_1,True,-0.000000,-1.000000,0.000000,1.467247,1.000000,-0.000000,0.000000,4.617000,-0.000000,0.000000,1.000000,61.082753,0.000000,0.000000,0.000000,1.000000
body_LATEST:1+twincities_v2_nolock (1):1+robstride05 v16 (1) (1):1+FL46BLW10-48V-5N.m-DE(2)^FL46BLW10-48V-5N.m-DE (1) (1):1+1_2_05_000555^FL46BLW10-48V-5N.m-DE(2)_FL46BLW10-48V-5N.m-DE (1) (1):8,1_2_05_000555^FL46BLW10-48V-5N.m-DE(2)_FL46BLW10-48V-5N.m-DE (1) (1),1_2_05_000555_FL46BLW10-48V-5N.m-DE_2__FL46BLW10-48V-5N.m-DE_1_1,True,-0.000000,-0.707107,-0.707107,2.075000,1.000000,-0.000000,-0.000000,4.617000,-0.000000,-0.707107,0.707107,62.550000,0.000000,0.000000,0.000000,1.000000
body_LATEST:1+twincities_v2_nolock (1):1+robstride05 v16 (1) (1):1+1_1_30_GR-2202_ASM^FL46BLW10-48V-5N.m-DE(2)_FL46BLW10-48V-5N.m-DE (1) (1):1+1_1_30_GR-2202_ASM_1_ASM^1_1_30_GR-2202_ASM_FL46BLW10-48V-5N.m-DE(2)_FL46BLW10-48V-5N.m-DE (1) (1):1+00MINI-_20250103_A0001_ASM_1_AS_ASM^1_1_30_GR-2202_ASM_1_ASM_1_1_30_GR-2202_ASM_FL46BLW10-48V-5N.m-DE(2)_FL46BLW10-48V-5N.m-DE (1) (1):1+00MINI-000_ASM_1_ASM_1_ASM^00MINI-_20250103_A0001_ASM_1_AS_ASM_1_1_30_GR-2202_ASM_1_ASM_1_1_30_GR-2202_ASM_FL46BLW10-48V-5N.m-DE(2)_FL46BLW10-48V-5N.m-DE (1) (1):1+1_21_121000022__610001_1_1^00MINI-000_ASM_1_ASM_1_ASM_00MINI-_20250103_A0001_ASM_1_AS_ASM_1_1_30_GR-2202_ASM_1_ASM_1_1_30_GR-2202_ASM_FL46BLW10-48V-5N.m-DE(2)_FL46BLW10-48V-5N.m-DE (1) (1):1,1_21_121000022__610001_1_1^00MINI-000_ASM_1_ASM_1_ASM_00MINI-_20250103_A0001_ASM_1_AS_ASM_1_1_30_GR-2202_ASM_1_ASM_1_1_30_GR-2202_ASM_FL46BLW10-48V-5N.m-DE(2)_FL46BLW10-48V-5N.m-DE (1) (1),1_21_121000022__610001_1_1_00MINI-000_ASM_1_ASM_1_ASM_00MINI-_20250103_A0001_ASM_1_AS_ASM_1_1_30_GR-2202_ASM_1_ASM_1_1_30_GR-2202_ASM_FL46BLW10-48V-5N.m-DE_2__FL46BLW10-48V-5N.m-DE_1_1,True,0.000000,-1.000000,-0.000000,0.000000,-1.000000,-0.000000,-0.000000,4.600000,0.000000,0.000000,-1.000000,62.550000,0.000000,0.000000,0.000000,1.000000
body_LATEST:1+twincities_v2_nolock (1):1+robstride05 v16 (1) (1):1+1_1_30_GR-2202_ASM^FL46BLW10-48V-5N.m-DE(2)_FL46BLW10-48V-5N.m-DE (1) (1):1+1_1_30_GR-2202_ASM_1_ASM^1_1_30_GR-2202_ASM_FL46BLW10-48V-5N.m-DE(2)_FL46BLW10-48V-5N.m-DE (1) (1):1+00MINI-_20250103_A0001_ASM_1_AS_ASM^1_1_30_GR-2202_ASM_1_ASM_1_1_30_GR-2202_ASM_FL46BLW10-48V-5N.m-DE(2)_FL46BLW10-48V-5N.m-DE (1) (1):1+00MINI-000_ASM_1_ASM_1_ASM^00MINI-_20250103_A0001_ASM_1_AS_ASM_1_1_30_GR-2202_ASM_1_ASM_1_1_30_GR-2202_ASM_FL46BLW10-48V-5N.m-DE(2)_FL46BLW10-48V-5N.m-DE (1) (1):1+0001755650^00MINI-000_ASM_1_ASM_1_ASM_00MINI-_20250103_A0001_ASM_1_AS_ASM_1_1_30_GR-2202_ASM_1_ASM_1_1_30_GR-2202_ASM_FL46BLW10-48V-5N.m-DE(2)_FL46BLW10-48V-5N.m-DE (1) (1):1,0001755650^00MINI-000_ASM_1_ASM_1_ASM_00MINI-_20250103_A0001_ASM_1_AS_ASM_1_1_30_GR-2202_ASM_1_ASM_1_1_30_GR-2202_ASM_FL46BLW10-48V-5N.m-DE(2)_FL46BLW10-48V-5N.m-DE (1) (1),0001755650_00MINI-000_ASM_1_ASM_1_ASM_00MINI-_20250103_A0001_ASM_1_AS_ASM_1_1_30_GR-2202_ASM_1_ASM_1_1_30_GR-2202_ASM_FL46BLW10-48V-5N.m-DE_2__FL46BLW10-48V-5N.m-DE_1_1,True,-0.000000,-1.000000,-0.000000,0.000000,-0.000000,-0.000000,1.000000,4.410000,-1.000000,0.000000,-0.000000,62.550000,0.000000,0.000000,0.000000,1.000000
body_LATEST:1+twincities_v2_nolock (1):1+robstride05 v16 (1) (1):1+1_1_30_GR-2202_ASM^FL46BLW10-48V-5N.m-DE(2)_FL46BLW10-48V-5N.m-DE (1) (1):1+1_1_30_GR-2202_ASM_1_ASM^1_1_30_GR-2202_ASM_FL46BLW10-48V-5N.m-DE(2)_FL46BLW10-48V-5N.m-DE (1) (1):1+00MINI-_20250103_A0001_ASM_1_AS_ASM^1_1_30_GR-2202_ASM_1_ASM_1_1_30_GR-2202_ASM_FL46BLW10-48V-5N.m-DE(2)_FL46BLW10-48V-5N.m-DE (1) (1):1+00MINI-000_ASM_1_ASM_1_ASM^00MINI-_20250103_A0001_ASM_1_AS_ASM_1_1_30_GR-2202_ASM_1_ASM_1_1_30_GR-2202_ASM_FL46BLW10-48V-5N.m-DE(2)_FL46BLW10-48V-5N.m-DE (1) (1):1+0001755652^00MINI-000_ASM_1_ASM_1_ASM_00MINI-_20250103_A0001_ASM_1_AS_ASM_1_1_30_GR-2202_ASM_1_ASM_1_1_30_GR-2202_ASM_FL46BLW10-48V-5N.m-DE(2)_FL46BLW10-48V-5N.m-DE (1) (1):1,0001755652^00MINI-000_ASM_1_ASM_1_ASM_00MINI-_20250103_A0001_ASM_1_AS_ASM_1_1_30_GR-2202_ASM_1_ASM_1_1_30_GR-2202_ASM_FL46BLW10-48V-5N.m-DE(2)_FL46BLW10-48V-5N.m-DE (1) (1),0001755652_00MINI-000_ASM_1_ASM_1_ASM_00MINI-_20250103_A0001_ASM_1_AS_ASM_1_1_30_GR-2202_ASM_1_ASM_1_1_30_GR-2202_ASM_FL46BLW10-48V-5N.m-DE_2__FL46BLW10-48V-5N.m-DE_1_1,True,-0.000000,-1.000000,-0.000000,-0.475000,-0.000000,-0.000000,1.000000,4.100000,-1.000000,0.000000,-0.000000,63.372724,0.000000,0.000000,0.000000,1.000000
body_LATEST:1+twincities_v2_nolock (1):1+robstride05 v16 (1) (1):1+1_1_30_GR-2202_ASM^FL46BLW10-48V-5N.m-DE(2)_FL46BLW10-48V-5N.m-DE (1) (1):1+1_1_30_GR-2202_ASM_1_ASM^1_1_30_GR-2202_ASM_FL46BLW10-48V-5N.m-DE(2)_FL46BLW10-48V-5N.m-DE (1) (1):1+00MINI-_20250103_A0001_ASM_1_AS_ASM^1_1_30_GR-2202_ASM_1_ASM_1_1_30_GR-2202_ASM_FL46BLW10-48V-5N.m-DE(2)_FL46BLW10-48V-5N.m-DE (1) (1):1+00MINI-000_ASM_1_ASM_1_ASM^00MINI-_20250103_A0001_ASM_1_AS_ASM_1_1_30_GR-2202_ASM_1_ASM_1_1_30_GR-2202_ASM_FL46BLW10-48V-5N.m-DE(2)_FL46BLW10-48V-5N.m-DE (1) (1):1+6706__300001_1_1^00MINI-000_ASM_1_ASM_1_ASM_00MINI-_20250103_A0001_ASM_1_AS_ASM_1_1_30_GR-2202_ASM_1_ASM_1_1_30_GR-2202_ASM_FL46BLW10-48V-5N.m-DE(2)_FL46BLW10-48V-5N.m-DE (1) (1):1,6706__300001_1_1^00MINI-000_ASM_1_ASM_1_ASM_00MINI-_20250103_A0001_ASM_1_AS_ASM_1_1_30_GR-2202_ASM_1_ASM_1_1_30_GR-2202_ASM_FL46BLW10-48V-5N.m-DE(2)_FL46BLW10-48V-5N.m-DE (1) (1),6706__300001_1_1_00MINI-000_ASM_1_ASM_1_ASM_00MINI-_20250103_A0001_ASM_1_AS_ASM_1_1_30_GR-2202_ASM_1_ASM_1_1_30_GR-2202_ASM_FL46BLW10-48V-5N.m-DE_2__FL46BLW10-48V-5N.m-DE_1_1,True,-0.000000,-1.000000,-0.000000,0.000000,-0.000000,-0.000000,1.000000,4.450000,-1.000000,0.000000,-0.000000,62.550000,0.000000,0.000000,0.000000,1.000000
body_LATEST:1+twincities_v2_nolock (1):1+robstride05 v16 (1) (1):1+1_1_30_GR-2202_ASM^FL46BLW10-48V-5N.m-DE(2)_FL46BLW10-48V-5N.m-DE (1) (1):1+1_1_30_GR-2202_ASM_1_ASM^1_1_30_GR-2202_ASM_FL46BLW10-48V-5N.m-DE(2)_FL46BLW10-48V-5N.m-DE (1) (1):1+0001755652^1_1_30_GR-2202_ASM_1_ASM_1_1_30_GR-2202_ASM_FL46BLW10-48V-5N.m-DE(2)_FL46BLW10-48V-5N.m-DE (1) (1):1,0001755652^1_1_30_GR-2202_ASM_1_ASM_1_1_30_GR-2202_ASM_FL46BLW10-48V-5N.m-DE(2)_FL46BLW10-48V-5N.m-DE (1) (1),0001755652_1_1_30_GR-2202_ASM_1_ASM_1_1_30_GR-2202_ASM_FL46BLW10-48V-5N.m-DE_2__FL46BLW10-48V-5N.m-DE_1_1,True,-0.000000,-1.000000,-0.000000,-0.475000,-0.000000,-0.000000,1.000000,4.100000,-1.000000,0.000000,-0.000000,61.727276,0.000000,0.000000,0.000000,1.000000
body_LATEST:1+twincities_v2_nolock (1):1+robstride05 v16 (1) (1):1+1_1_30_GR-2202_ASM^FL46BLW10-48V-5N.m-DE(2)_FL46BLW10-48V-5N.m-DE (1) (1):1+1_1_30_GR-2202_ASM_1_ASM^1_1_30_GR-2202_ASM_FL46BLW10-48V-5N.m-DE(2)_FL46BLW10-48V-5N.m-DE (1) (1):1+0001755652^1_1_30_GR-2202_ASM_1_ASM_1_1_30_GR-2202_ASM_FL46BLW10-48V-5N.m-DE(2)_FL46BLW10-48V-5N.m-DE (1) (1):2,0001755652^1_1_30_GR-2202_ASM_1_ASM_1_1_30_GR-2202_ASM_FL46BLW10-48V-5N.m-DE(2)_FL46BLW10-48V-5N.m-DE (1) (1),0001755652_1_1_30_GR-2202_ASM_1_ASM_1_1_30_GR-2202_ASM_FL46BLW10-48V-5N.m-DE_2__FL46BLW10-48V-5N.m-DE_1_1,True,-0.000000,-1.000000,-0.000000,0.950000,-0.000000,-0.000000,1.000000,4.100000,-1.000000,0.000000,-0.000000,62.550000,0.000000,0.000000,0.000000,1.000000
body_LATEST:1+twincities_v2_nolock (1):1+robstride05 v16 (1) (1):1+Component59 (1):1,Component59 (1),Component59_1,True,0.000000,-1.000000,0.000000,0.000000,0.000000,-0.000000,-1.000000,4.300000,1.000000,0.000000,0.000000,62.550000,0.000000,0.000000,0.000000,1.000000
body_LATEST:1+twincities_v2_nolock (1):1+IntelRealsense_D435_Multibody v9 (1):1+Component31 (1):1,Component31 (1),Component31_1,False,-0.000000,0.000000,1.000000,2.500000,1.000000,0.000000,0.000000,6.500000,-0.000000,1.000000,-0.000000,66.200000,0.000000,0.000000,0.000000,1.000000
body_LATEST:1+twincities_v2_nolock (1):1+IntelRealsense_D435_Multibody v9 (1):1+Component32 (1):1,Component32 (1),Component32_1,True,-0.000000,0.000000,1.000000,2.500000,1.000000,0.000000,0.000000,6.500000,-0.000000,1.000000,-0.000000,66.200000,0.000000,0.000000,0.000000,1.000000
body_LATEST:1+twincities_v2_nolock (1):1+IntelRealsense_D435_Multibody v9 (1):1+Component33 (1):1,Component33 (1),Component33_1,True,-0.000000,0.000000,1.000000,2.500000,1.000000,0.000000,0.000000,6.500000,-0.000000,1.000000,-0.000000,66.200000,0.000000,0.000000,0.000000,1.000000
body_LATEST:1+twincities_v2_nolock (1):1+IntelRealsense_D435_Multibody v9 (1):1+Component34 (1):1,Component34 (1),Component34_1,True,-0.000000,0.000000,1.000000,2.500000,1.000000,0.000000,0.000000,6.500000,-0.000000,1.000000,-0.000000,66.200000,0.000000,0.000000,0.000000,1.000000
body_LATEST:1+twincities_v2_nolock (1):1+IntelRealsense_D435_Multibody v9 (1):1+Component35 (1):1,Component35 (1),Component35_1,True,-0.000000,0.000000,1.000000,2.500000,1.000000,0.000000,0.000000,6.500000,-0.000000,1.000000,-0.000000,66.200000,0.000000,0.000000,0.000000,1.000000
body_LATEST:1+twincities_v2_nolock (1):1+IntelRealsense_D435_Multibody v9 (1):1+Component36 (1):1,Component36 (1),Component36_1,True,-0.000000,0.000000,1.000000,2.500000,1.000000,0.000000,0.000000,6.500000,-0.000000,1.000000,-0.000000,66.200000,0.000000,0.000000,0.000000,1.000000
body_LATEST:1+twincities_v2_nolock (1):1+IntelRealsense_D435_Multibody v9 (1):1+Component37 (1):1,Component37 (1),Component37_1,True,-0.000000,0.000000,1.000000,2.500000,1.000000,0.000000,0.000000,6.500000,-0.000000,1.000000,-0.000000,66.200000,0.000000,0.000000,0.000000,1.000000
body_LATEST:1+twincities_v2_nolock (1):1+IntelRealsense_D435_Multibody v9 (1):1+glass (1):1,glass (1),glass_1,True,-0.000000,0.000000,1.000000,2.500000,1.000000,0.000000,0.000000,6.500000,-0.000000,1.000000,-0.000000,66.200000,0.000000,0.000000,0.000000,1.000000
body_LATEST:1+twincities_v2_nolock (1):1+IntelRealsense_D435_Multibody v9 (1):1,IntelRealsense_D435_Multibody v9 (1),IntelRealsense_D435_Multibody_v9_1,True,-0.000000,-0.000000,1.000000,2.500000,-1.000000,-0.000000,0.000000,6.500000,0.000000,-1.000000,-0.000000,66.200000,0.000000,0.000000,0.000000,1.000000
body_LATEST:1+twincities_v2_nolock (1):1+gimbal_arm (1):1+Component92 (1):1,Component92 (1),Component92_1,True,-1.000000,-0.000000,0.000000,0.000000,0.000000,-1.000000,0.000000,-0.000000,0.000000,0.000000,1.000000,0.000000,0.000000,0.000000,0.000000,1.000000
body_LATEST:1+twincities_v2_nolock (1):1+gimbal_arm (1):1,gimbal_arm (1),gimbal_arm_1,True,-1.000000,-0.000000,0.000000,0.000000,0.000000,-1.000000,0.000000,-0.000000,0.000000,0.000000,1.000000,0.000000,0.000000,0.000000,0.000000,1.000000
body_LATEST:1+twincities_v2_nolock (1):1+U-joint_type_C_adapter v3 (1):1,U-joint_type_C_adapter v3 (1),U-joint_type_C_adapter_v3_1,True,-1.000000,0.000000,0.000000,0.670000,0.000000,0.000000,1.000000,2.229676,0.000000,1.000000,-0.000000,65.585000,0.000000,0.000000,0.000000,1.000000
body_LATEST:1+twincities_v2_nolock (1):1+bearing (1):1,bearing (1),bearing_1,True,-1.000000,0.000000,-0.000000,0.000000,-0.000000,-0.000000,1.000000,8.900000,0.000000,1.000000,0.000000,62.550000,0.000000,0.000000,0.000000,1.000000
body_LATEST:1+Hexalobular Socket Pan Head Screw ISO 14583 - M3.5x10 Steel 4.6 Plain:1,Hexalobular Socket Pan Head Screw ISO 14583 - M3.5x10 Steel 4.6 Plain,Hexalobular_Socket_Pan_Head_Screw_ISO_14583_-_M3x10_Steel_4.6_Plain,True,0.000000,0.000000,-1.000000,-5.850000,0.000000,1.000000,0.000000,8.100000,1.000000,0.000000,0.000000,28.000000,0.000000,0.000000,0.000000,1.000000
body_LATEST:1+Hexalobular Socket Pan Head Screw ISO 14583 - M3.5x10 Steel 4.6 Plain:2,Hexalobular Socket Pan Head Screw ISO 14583 - M3.5x10 Steel 4.6 Plain,Hexalobular_Socket_Pan_Head_Screw_ISO_14583_-_M3x10_Steel_4.6_Plain,True,0.000000,0.000000,-1.000000,-5.850000,0.000000,1.000000,0.000000,-8.100000,1.000000,0.000000,0.000000,28.000000,0.000000,0.000000,0.000000,1.000000
body_LATEST:1+Hexalobular Socket Pan Head Screw ISO 14583 - M3.5x10 Steel 4.6 Plain:3,Hexalobular Socket Pan Head Screw ISO 14583 - M3.5x10 Steel 4.6 Plain,Hexalobular_Socket_Pan_Head_Screw_ISO_14583_-_M3x10_Steel_4.6_Plain,True,0.000000,0.000000,-1.000000,-5.850000,0.000000,1.000000,0.000000,-8.050000,1.000000,0.000000,0.000000,32.100000,0.000000,0.000000,0.000000,1.000000
body_LATEST:1+Hexalobular Socket Pan Head Screw ISO 14583 - M3.5x10 Steel 4.6 Plain:4,Hexalobular Socket Pan Head Screw ISO 14583 - M3.5x10 Steel 4.6 Plain,Hexalobular_Socket_Pan_Head_Screw_ISO_14583_-_M3x10_Steel_4.6_Plain,True,0.000000,0.000000,-1.000000,-5.850000,0.000000,1.000000,0.000000,8.050000,1.000000,0.000000,0.000000,32.100000,0.000000,0.000000,0.000000,1.000000
body_LATEST:1+Hexalobular Socket Pan Head Screw ISO 14583 - M3.5x10 Steel 4.6 Plain:5,Hexalobular Socket Pan Head Screw ISO 14583 - M3.5x10 Steel 4.6 Plain,Hexalobular_Socket_Pan_Head_Screw_ISO_14583_-_M3x10_Steel_4.6_Plain,True,0.000000,0.000000,-1.000000,-5.850000,0.000000,1.000000,0.000000,-8.100000,1.000000,0.000000,0.000000,24.000000,0.000000,0.000000,0.000000,1.000000
body_LATEST:1+Hexalobular Socket Pan Head Screw ISO 14583 - M3.5x10 Steel 4.6 Plain:6,Hexalobular Socket Pan Head Screw ISO 14583 - M3.5x10 Steel 4.6 Plain,Hexalobular_Socket_Pan_Head_Screw_ISO_14583_-_M3x10_Steel_4.6_Plain,True,0.000000,0.000000,-1.000000,-5.850000,0.000000,1.000000,0.000000,-8.100000,1.000000,0.000000,0.000000,16.000000,0.000000,0.000000,0.000000,1.000000
body_LATEST:1+Hexalobular Socket Pan Head Screw ISO 14583 - M3.5x10 Steel 4.6 Plain:7,Hexalobular Socket Pan Head Screw ISO 14583 - M3.5x10 Steel 4.6 Plain,Hexalobular_Socket_Pan_Head_Screw_ISO_14583_-_M3x10_Steel_4.6_Plain,True,0.000000,0.000000,-1.000000,-5.850000,0.000000,1.000000,0.000000,-8.100000,1.000000,0.000000,0.000000,8.000000,0.000000,0.000000,0.000000,1.000000
body_LATEST:1+Hexalobular Socket Pan Head Screw ISO 14583 - M3.5x10 Steel 4.6 Plain:8,Hexalobular Socket Pan Head Screw ISO 14583 - M3.5x10 Steel 4.6 Plain,Hexalobular_Socket_Pan_Head_Screw_ISO_14583_-_M3x10_Steel_4.6_Plain,True,0.000000,0.000000,-1.000000,-5.850000,0.000000,1.000000,0.000000,-8.100000,1.000000,0.000000,0.000000,12.000000,0.000000,0.000000,0.000000,1.000000
body_LATEST:1+Hexalobular Socket Pan Head Screw ISO 14583 - M3.5x10 Steel 4.6 Plain:9,Hexalobular Socket Pan Head Screw ISO 14583 - M3.5x10 Steel 4.6 Plain,Hexalobular_Socket_Pan_Head_Screw_ISO_14583_-_M3x10_Steel_4.6_Plain,True,0.000000,0.000000,-1.000000,-5.850000,0.000000,1.000000,0.000000,-8.100000,1.000000,0.000000,0.000000,20.000000,0.000000,0.000000,0.000000,1.000000
body_LATEST:1+Hexalobular Socket Pan Head Screw ISO 14583 - M3.5x10 Steel 4.6 Plain:10,Hexalobular Socket Pan Head Screw ISO 14583 - M3.5x10 Steel 4.6 Plain,Hexalobular_Socket_Pan_Head_Screw_ISO_14583_-_M3x10_Steel_4.6_Plain,True,0.000000,0.000000,-1.000000,-5.850000,0.000000,1.000000,0.000000,8.100000,1.000000,0.000000,0.000000,16.000000,0.000000,0.000000,0.000000,1.000000
body_LATEST:1+Hexalobular Socket Pan Head Screw ISO 14583 - M3.5x10 Steel 4.6 Plain:11,Hexalobular Socket Pan Head Screw ISO 14583 - M3.5x10 Steel 4.6 Plain,Hexalobular_Socket_Pan_Head_Screw_ISO_14583_-_M3x10_Steel_4.6_Plain,True,0.000000,0.000000,-1.000000,-5.850000,0.000000,1.000000,0.000000,8.100000,1.000000,0.000000,0.000000,8.000000,0.000000,0.000000,0.000000,1.000000
body_LATEST:1+Hexalobular Socket Pan Head Screw ISO 14583 - M3.5x10 Steel 4.6 Plain:12,Hexalobular Socket Pan Head Screw ISO 14583 - M3.5x10 Steel 4.6 Plain,Hexalobular_Socket_Pan_Head_Screw_ISO_14583_-_M3x10_Steel_4.6_Plain,True,0.000000,0.000000,-1.000000,-5.850000,0.000000,1.000000,0.000000,8.100000,1.000000,0.000000,0.000000,12.000000,0.000000,0.000000,0.000000,1.000000
body_LATEST:1+Hexalobular Socket Pan Head Screw ISO 14583 - M3.5x10 Steel 4.6 Plain:13,Hexalobular Socket Pan Head Screw ISO 14583 - M3.5x10 Steel 4.6 Plain,Hexalobular_Socket_Pan_Head_Screw_ISO_14583_-_M3x10_Steel_4.6_Plain,True,0.000000,0.000000,-1.000000,-5.850000,0.000000,1.000000,0.000000,8.100000,1.000000,0.000000,0.000000,20.000000,0.000000,0.000000,0.000000,1.000000
body_LATEST:1+Hexalobular Socket Pan Head Screw ISO 14583 - M3.5x10 Steel 4.6 Plain:14,Hexalobular Socket Pan Head Screw ISO 14583 - M3.5x10 Steel 4.6 Plain,Hexalobular_Socket_Pan_Head_Screw_ISO_14583_-_M3x10_Steel_4.6_Plain,True,0.000000,0.000000,-1.000000,-5.850000,0.000000,1.000000,0.000000,8.100000,1.000000,0.000000,0.000000,24.000000,0.000000,0.000000,0.000000,1.000000
body_LATEST:1+Hexalobular Socket Pan Head Screw ISO 14583 - M3.5x10 Steel 4.6 Plain:15,Hexalobular Socket Pan Head Screw ISO 14583 - M3.5x10 Steel 4.6 Plain,Hexalobular_Socket_Pan_Head_Screw_ISO_14583_-_M3x10_Steel_4.6_Plain,True,0.000000,0.000000,1.000000,5.850000,0.000000,-1.000000,0.000000,-8.050000,1.000000,0.000000,0.000000,32.100000,0.000000,0.000000,0.000000,1.000000
body_LATEST:1+Hexalobular Socket Pan Head Screw ISO 14583 - M3.5x10 Steel 4.6 Plain:16,Hexalobular Socket Pan Head Screw ISO 14583 - M3.5x10 Steel 4.6 Plain,Hexalobular_Socket_Pan_Head_Screw_ISO_14583_-_M3x10_Steel_4.6_Plain,True,0.000000,0.000000,1.000000,5.850000,0.000000,-1.000000,0.000000,-8.100000,1.000000,0.000000,0.000000,28.000000,0.000000,0.000000,0.000000,1.000000
body_LATEST:1+Hexalobular Socket Pan Head Screw ISO 14583 - M3.5x10 Steel 4.6 Plain:17,Hexalobular Socket Pan Head Screw ISO 14583 - M3.5x10 Steel 4.6 Plain,Hexalobular_Socket_Pan_Head_Screw_ISO_14583_-_M3x10_Steel_4.6_Plain,True,0.000000,-0.000000,1.000000,5.850000,0.000000,-1.000000,-0.000000,8.100000,1.000000,0.000000,0.000000,28.000000,0.000000,0.000000,0.000000,1.000000
body_LATEST:1+Hexalobular Socket Pan Head Screw ISO 14583 - M3.5x10 Steel 4.6 Plain:18,Hexalobular Socket Pan Head Screw ISO 14583 - M3.5x10 Steel 4.6 Plain,Hexalobular_Socket_Pan_Head_Screw_ISO_14583_-_M3x10_Steel_4.6_Plain,True,0.000000,-0.000000,1.000000,5.850000,0.000000,-1.000000,-0.000000,8.050000,1.000000,0.000000,0.000000,32.100000,0.000000,0.000000,0.000000,1.000000
body_LATEST:1+Hexalobular Socket Pan Head Screw ISO 14583 - M3.5x10 Steel 4.6 Plain:19,Hexalobular Socket Pan Head Screw ISO 14583 - M3.5x10 Steel 4.6 Plain,Hexalobular_Socket_Pan_Head_Screw_ISO_14583_-_M3x10_Steel_4.6_Plain,True,0.000000,-0.000000,1.000000,5.850000,0.000000,-1.000000,-0.000000,8.100000,1.000000,0.000000,0.000000,12.000000,0.000000,0.000000,0.000000,1.000000
body_LATEST:1+Hexalobular Socket Pan Head Screw ISO 14583 - M3.5x10 Steel 4.6 Plain:20,Hexalobular Socket Pan Head Screw ISO 14583 - M3.5x10 Steel 4.6 Plain,Hexalobular_Socket_Pan_Head_Screw_ISO_14583_-_M3x10_Steel_4.6_Plain,True,0.000000,-0.000000,1.000000,5.850000,0.000000,-1.000000,-0.000000,8.100000,1.000000,0.000000,0.000000,20.000000,0.000000,0.000000,0.000000,1.000000
body_LATEST:1+Hexalobular Socket Pan Head Screw ISO 14583 - M3.5x10 Steel 4.6 Plain:21,Hexalobular Socket Pan Head Screw ISO 14583 - M3.5x10 Steel 4.6 Plain,Hexalobular_Socket_Pan_Head_Screw_ISO_14583_-_M3x10_Steel_4.6_Plain,True,0.000000,-0.000000,1.000000,5.850000,0.000000,-1.000000,-0.000000,8.100000,1.000000,0.000000,0.000000,16.000000,0.000000,0.000000,0.000000,1.000000
body_LATEST:1+Hexalobular Socket Pan Head Screw ISO 14583 - M3.5x10 Steel 4.6 Plain:22,Hexalobular Socket Pan Head Screw ISO 14583 - M3.5x10 Steel 4.6 Plain,Hexalobular_Socket_Pan_Head_Screw_ISO_14583_-_M3x10_Steel_4.6_Plain,True,0.000000,-0.000000,1.000000,5.850000,0.000000,-1.000000,-0.000000,8.100000,1.000000,0.000000,0.000000,8.000000,0.000000,0.000000,0.000000,1.000000
body_LATEST:1+Hexalobular Socket Pan Head Screw ISO 14583 - M3.5x10 Steel 4.6 Plain:23,Hexalobular Socket Pan Head Screw ISO 14583 - M3.5x10 Steel 4.6 Plain,Hexalobular_Socket_Pan_Head_Screw_ISO_14583_-_M3x10_Steel_4.6_Plain,True,0.000000,0.000000,1.000000,5.850000,0.000000,-1.000000,0.000000,-8.100000,1.000000,0.000000,0.000000,12.000000,0.000000,0.000000,0.000000,1.000000
body_LATEST:1+Hexalobular Socket Pan Head Screw ISO 14583 - M3.5x10 Steel 4.6 Plain:24,Hexalobular Socket Pan Head Screw ISO 14583 - M3.5x10 Steel 4.6 Plain,Hexalobular_Socket_Pan_Head_Screw_ISO_14583_-_M3x10_Steel_4.6_Plain,True,0.000000,0.000000,1.000000,5.850000,0.000000,-1.000000,0.000000,-8.100000,1.000000,0.000000,0.000000,20.000000,0.000000,0.000000,0.000000,1.000000
body_LATEST:1+Hexalobular Socket Pan Head Screw ISO 14583 - M3.5x10 Steel 4.6 Plain:25,Hexalobular Socket Pan Head Screw ISO 14583 - M3.5x10 Steel 4.6 Plain,Hexalobular_Socket_Pan_Head_Screw_ISO_14583_-_M3x10_Steel_4.6_Plain,True,0.000000,0.000000,1.000000,5.850000,0.000000,-1.000000,0.000000,-8.100000,1.000000,0.000000,0.000000,24.000000,0.000000,0.000000,0.000000,1.000000
body_LATEST:1+Hexalobular Socket Pan Head Screw ISO 14583 - M3.5x10 Steel 4.6 Plain:26,Hexalobular Socket Pan Head Screw ISO 14583 - M3.5x10 Steel 4.6 Plain,Hexalobular_Socket_Pan_Head_Screw_ISO_14583_-_M3x10_Steel_4.6_Plain,True,0.000000,0.000000,1.000000,5.850000,0.000000,-1.000000,0.000000,-8.100000,1.000000,0.000000,0.000000,16.000000,0.000000,0.000000,0.000000,1.000000
body_LATEST:1+Hexalobular Socket Pan Head Screw ISO 14583 - M3.5x10 Steel 4.6 Plain:27,Hexalobular Socket Pan Head Screw ISO 14583 - M3.5x10 Steel 4.6 Plain,Hexalobular_Socket_Pan_Head_Screw_ISO_14583_-_M3x10_Steel_4.6_Plain,True,0.000000,0.000000,1.000000,5.850000,0.000000,-1.000000,0.000000,-8.100000,1.000000,0.000000,0.000000,8.000000,0.000000,0.000000,0.000000,1.000000
body_LATEST:1+Hexalobular Socket Pan Head Screw ISO 14583 - M3.5x10 Steel 4.6 Plain:28,Hexalobular Socket Pan Head Screw ISO 14583 - M3.5x10 Steel 4.6 Plain,Hexalobular_Socket_Pan_Head_Screw_ISO_14583_-_M3x10_Steel_4.6_Plain,True,0.000000,-0.000000,1.000000,5.850000,0.000000,-1.000000,-0.000000,8.100000,1.000000,0.000000,0.000000,24.000000,0.000000,0.000000,0.000000,1.000000
v2.1_lower_body_latest:1+Robstride 03 - no back cover:1+3_1_02_090_0073_ASM_1_1_ASM:1+1_1_06_EB903-534_ASM_1_1_ASM:1+1_1_06_EB903-537_1_1:1,1_1_06_EB903-537_1_1,1_1_06_EB903-537_1_1,True,1.000000,-0.000000,0.000000,0.000000,-0.000000,-1.000000,0.000000,-0.000000,0.000000,0.000000,-1.000000,0.140000,0.000000,0.000000,0.000000,1.000000
v2.1_lower_body_latest:1+Robstride 03 - no back cover:1+3_1_02_090_0073_ASM_1_1_ASM:1+1_2_04_680902_1_1:1,1_2_04_680902_1_1,1_2_04_680902_1_1,True,1.000000,-0.000000,0.000000,0.000000,-0.000000,-1.000000,0.000000,-0.000000,0.000000,0.000000,-1.000000,-2.460000,0.000000,0.000000,0.000000,1.000000
v2.1_lower_body_latest:1+Robstride 03 - no back cover:1+3_1_02_090_0073_ASM_1_1_ASM:1+1_2_04_635000_1_1:1,1_2_04_635000_1_1,1_2_04_635000_1_1,True,1.000000,0.000000,-0.000000,0.000000,-0.000000,0.000000,-1.000000,-0.000000,0.000000,1.000000,0.000000,-3.130000,0.000000,0.000000,0.000000,1.000000
v2.1_lower_body_latest:1+Robstride 03 - no back cover:1+3_1_02_090_0073_ASM_1_1_ASM:1+1_3_03_000357_1_1:1,1_3_03_000357_1_1,1_3_03_000357_1_1,True,1.000000,-0.000000,0.000000,0.000000,-0.000000,-1.000000,0.000000,-0.000000,0.000000,0.000000,-1.000000,-3.160000,0.000000,0.000000,0.000000,1.000000
v2.1_lower_body_latest:1+Robstride 03 - no back cover:1+3_1_02_090_0073_ASM_1_1_ASM:1+1_1_02_EB901-547_1_rotor:1,1_1_02_EB901-547_1_rotor,1_1_02_EB901-547_1_rotor,True,0.500000,0.866025,0.000000,0.000000,-0.866025,0.500000,0.000000,-0.000000,0.000000,0.000000,1.000000,-3.610000,0.000000,0.000000,0.000000,1.000000
v2.1_lower_body_latest:1+Robstride 03 - no back cover:1+3_1_02_090_0073_ASM_1_1_ASM:1+1_2_06_000004_AF0_1_1:1,1_2_06_000004_AF0_1_1,1_2_06_000004_AF0_1_1,True,1.000000,-0.000000,0.000000,0.000000,-0.000000,-1.000000,0.000000,-0.000000,0.000000,0.000000,-1.000000,-3.210000,0.000000,0.000000,0.000000,1.000000
v2.1_lower_body_latest:1+Robstride 03 - no back cover:1+3_1_02_090_0073_ASM_1_1_ASM:1+1_1_31_QT-942_1:1,1_1_31_QT-942_1,1_1_31_QT-942_1,True,0.000000,1.000000,0.000000,0.000000,1.000000,-0.000000,0.000000,-0.000000,0.000000,0.000000,-1.000000,0.390000,0.000000,0.000000,0.000000,1.000000
v2.1_lower_body_latest:1+Robstride 03 - no back cover:1+3_1_02_090_0073_ASM_1_1_ASM:1+1_2_05_130001_1_1:1,1_2_05_130001_1_1,1_2_05_130001_1_1,True,1.000000,0.000000,-0.000000,-0.200000,-0.000000,0.000000,-1.000000,-3.000000,0.000000,1.000000,0.000000,1.422578,0.000000,0.000000,0.000000,1.000000
v2.1_lower_body_latest:1+Robstride 03 - no back cover:1+3_1_02_090_0073_ASM_1_1_ASM:1+1_2_05_130001_1_1:2,1_2_05_130001_1_1,1_2_05_130001_1_1,True,1.000000,0.000000,-0.000000,2.126500,-0.000000,0.000000,-1.000000,2.475000,0.000000,1.000000,0.000000,1.422578,0.000000,0.000000,0.000000,1.000000
v2.1_lower_body_latest:1+Robstride 03 - no back cover:1+3_1_02_090_0073_ASM_1_1_ASM:1+1_2_05_130001_1_1:3,1_2_05_130001_1_1,1_2_05_130001_1_1,True,1.000000,0.000000,-0.000000,-2.126500,-0.000000,0.000000,-1.000000,2.475000,0.000000,1.000000,0.000000,1.422578,0.000000,0.000000,0.000000,1.000000
v2.1_lower_body_latest:1+Robstride 03 - no back cover:1+3_1_02_090_0073_ASM_1_1_ASM:1+PBC:1,PBC,PBC,True,1.000000,-0.000000,0.000000,0.000000,-0.000000,-1.000000,0.000000,-0.000000,0.000000,0.000000,-1.000000,-3.360000,0.000000,0.000000,0.000000,1.000000
v2.1_lower_body_latest:1+Robstride 03 - no back cover:1+3_1_02_090_0073_ASM_1_1_ASM:1+CORE:1,CORE,CORE,True,1.000000,-0.000000,0.000000,0.000000,-0.000000,-1.000000,0.000000,-0.000000,0.000000,0.000000,-1.000000,-3.360000,0.000000,0.000000,0.000000,1.000000
v2.1_lower_body_latest:1+hip_center:1+CNC_leg02_x7_RS03_shaft_coupler:1,CNC_leg02_x7_RS03_shaft_coupler,CNC_leg02_x7_RS03_shaft_coupler,True,-1.000000,-0.000000,0.000000,0.000000,0.000000,-1.000000,0.000000,13.329776,0.000000,0.000000,1.000000,18.511703,0.000000,0.000000,0.000000,1.000000
v2.1_lower_body_latest:1+hip_center:1+CNC_leg01_x2_hip_center_back:1,CNC_leg01_x2_hip_center_back,CNC_leg01_x2_hip_center_back,True,1.000000,-0.000000,-0.000000,0.000000,0.000000,1.000000,0.000000,-0.000000,0.000000,0.000000,1.000000,-10.160000,0.000000,0.000000,0.000000,1.000000
v2.1_lower_body_latest:1+CNC_leg03_x5_RS03_shaft_bearing_retainer:4,CNC_leg03_x5_RS03_shaft_bearing_retainer,CNC_leg03_x5_RS03_shaft_bearing_retainer,True,1.000000,0.000000,0.000000,0.000000,-0.000000,1.000000,0.000000,-13.329776,0.000000,0.000000,1.000000,18.511703,0.000000,0.000000,0.000000,1.000000
v2.1_lower_body_latest:1+CNC_leg01_x2_hip_center_back:2,CNC_leg01_x2_hip_center_back,CNC_leg01_x2_hip_center_back,True,-1.000000,-0.000000,-0.000000,0.000000,0.000000,-1.000000,0.000000,-0.000000,0.000000,0.000000,1.000000,-10.160000,0.000000,0.000000,0.000000,1.000000
v2.1_lower_body_latest:1+Robstride 03 - no back cover:2+3_1_02_090_0073_ASM_1_1_ASM:1+1_1_06_EB903-534_ASM_1_1_ASM:1+1_1_06_EB903-537_1_1:1,1_1_06_EB903-537_1_1,1_1_06_EB903-537_1_1,True,0.000000,-1.000000,0.000000,0.000000,-0.258819,0.000000,0.965926,2.376177,-0.965926,-0.000000,-0.258819,-10.796695,0.000000,0.000000,0.000000,1.000000
v2.1_lower_body_latest:1+Robstride 03 - no back cover:2+3_1_02_090_0073_ASM_1_1_ASM:1+1_2_04_680902_1_1:1,1_2_04_680902_1_1,1_2_04_680902_1_1,True,0.000000,-1.000000,0.000000,0.000000,-0.258819,0.000000,0.965926,4.887585,-0.965926,-0.000000,-0.258819,-11.469624,0.000000,0.000000,0.000000,1.000000
v2.1_lower_body_latest:1+Robstride 03 - no back cover:2+3_1_02_090_0073_ASM_1_1_ASM:1+1_2_04_635000_1_1:1,1_2_04_635000_1_1,1_2_04_635000_1_1,True,0.000000,-0.000000,-1.000000,0.000000,-0.258819,-0.965926,0.000000,5.534755,-0.965926,0.258819,-0.000000,-11.643033,0.000000,0.000000,0.000000,1.000000
v2.1_lower_body_latest:1+Robstride 03 - no back cover:2+3_1_02_090_0073_ASM_1_1_ASM:1+1_3_03_000357_1_1:1,1_3_03_000357_1_1,1_3_03_000357_1_1,True,0.000000,-1.000000,0.000000,0.000000,-0.258819,0.000000,0.965926,5.563733,-0.965926,-0.000000,-0.258819,-11.650798,0.000000,0.000000,0.000000,1.000000
v2.1_lower_body_latest:1+Robstride 03 - no back cover:2+3_1_02_090_0073_ASM_1_1_ASM:1+1_1_02_EB901-547_1_rotor:1,1_1_02_EB901-547_1_rotor,1_1_02_EB901-547_1_rotor,True,-0.866025,0.500000,-0.000000,0.000000,-0.129409,-0.224144,-0.965926,5.998399,-0.482963,-0.836516,0.258819,-11.767266,0.000000,0.000000,0.000000,1.000000
v2.1_lower_body_latest:1+Robstride 03 - no back cover:2+3_1_02_090_0073_ASM_1_1_ASM:1+1_2_06_000004_AF0_1_1:1,1_2_06_000004_AF0_1_1,1_2_06_000004_AF0_1_1,True,0.000000,-1.000000,0.000000,0.000000,-0.258819,0.000000,0.965926,5.612029,-0.965926,-0.000000,-0.258819,-11.663739,0.000000,0.000000,0.000000,1.000000
v2.1_lower_body_latest:1+Robstride 03 - no back cover:2+3_1_02_090_0073_ASM_1_1_ASM:1+1_1_31_QT-942_1:1,1_1_31_QT-942_1,1_1_31_QT-942_1,True,1.000000,0.000000,0.000000,0.000000,-0.000000,-0.258819,0.965926,2.134696,0.000000,-0.965926,-0.258819,-10.731990,0.000000,0.000000,0.000000,1.000000
v2.1_lower_body_latest:1+Robstride 03 - no back cover:2+3_1_02_090_0073_ASM_1_1_ASM:1+1_2_05_130001_1_1:1,1_2_05_130001_1_1,1_2_05_130001_1_1,True,0.000000,-0.000000,-1.000000,-3.000000,-0.258819,-0.965926,0.000000,1.189066,-0.965926,0.258819,-0.000000,-10.271554,0.000000,0.000000,0.000000,1.000000
v2.1_lower_body_latest:1+Robstride 03 - no back cover:2+3_1_02_090_0073_ASM_1_1_ASM:1+1_2_05_130001_1_1:2,1_2_05_130001_1_1,1_2_05_130001_1_1,True,0.000000,-0.000000,-1.000000,2.475000,-0.258819,-0.965926,0.000000,0.586924,-0.965926,0.258819,-0.000000,-12.518781,0.000000,0.000000,0.000000,1.000000
v2.1_lower_body_latest:1+Robstride 03 - no back cover:2+3_1_02_090_0073_ASM_1_1_ASM:1+1_2_05_130001_1_1:3,1_2_05_130001_1_1,1_2_05_130001_1_1,True,0.000000,-0.000000,-1.000000,2.475000,-0.258819,-0.965926,0.000000,1.687681,-0.965926,0.258819,-0.000000,-8.410698,0.000000,0.000000,0.000000,1.000000
v2.1_lower_body_latest:1+Robstride 03 - no back cover:2+3_1_02_090_0073_ASM_1_1_ASM:1+PBC:1,PBC,PBC,True,0.000000,-1.000000,0.000000,0.000000,-0.258819,0.000000,0.965926,5.756918,-0.965926,-0.000000,-0.258819,-11.702562,0.000000,0.000000,0.000000,1.000000
v2.1_lower_body_latest:1+Robstride 03 - no back cover:2+3_1_02_090_0073_ASM_1_1_ASM:1+CORE:1,CORE,CORE,True,0.000000,-1.000000,0.000000,0.000000,-0.258819,0.000000,0.965926,5.756918,-0.965926,-0.000000,-0.258819,-11.702562,0.000000,0.000000,0.000000,1.000000
v2.1_lower_body_latest:1+Robstride 03 - no back cover:3+3_1_02_090_0073_ASM_1_1_ASM:1+1_1_06_EB903-534_ASM_1_1_ASM:1+1_1_06_EB903-537_1_1:1,1_1_06_EB903-537_1_1,1_1_06_EB903-537_1_1,True,0.000000,1.000000,-0.000000,0.000000,0.258819,-0.000000,-0.965926,-2.376177,-0.965926,0.000000,-0.258819,-10.796695,0.000000,0.000000,0.000000,1.000000
v2.1_lower_body_latest:1+Robstride 03 - no back cover:3+3_1_02_090_0073_ASM_1_1_ASM:1+1_2_04_680902_1_1:1,1_2_04_680902_1_1,1_2_04_680902_1_1,True,0.000000,1.000000,-0.000000,0.000000,0.258819,-0.000000,-0.965926,-4.887585,-0.965926,0.000000,-0.258819,-11.469624,0.000000,0.000000,0.000000,1.000000
v2.1_lower_body_latest:1+Robstride 03 - no back cover:3+3_1_02_090_0073_ASM_1_1_ASM:1+1_2_04_635000_1_1:1,1_2_04_635000_1_1,1_2_04_635000_1_1,True,0.000000,0.000000,1.000000,0.000000,0.258819,0.965926,-0.000000,-5.534755,-0.965926,0.258819,0.000000,-11.643033,0.000000,0.000000,0.000000,1.000000
v2.1_lower_body_latest:1+Robstride 03 - no back cover:3+3_1_02_090_0073_ASM_1_1_ASM:1+1_3_03_000357_1_1:1,1_3_03_000357_1_1,1_3_03_000357_1_1,True,0.000000,1.000000,-0.000000,0.000000,0.258819,-0.000000,-0.965926,-5.563733,-0.965926,0.000000,-0.258819,-11.650798,0.000000,0.000000,0.000000,1.000000
v2.1_lower_body_latest:1+Robstride 03 - no back cover:3+3_1_02_090_0073_ASM_1_1_ASM:1+1_1_02_EB901-547_1_rotor:1,1_1_02_EB901-547_1_rotor,1_1_02_EB901-547_1_rotor,True,0.866025,-0.500000,0.000000,0.000000,0.129409,0.224144,0.965926,-5.998399,-0.482963,-0.836516,0.258819,-11.767266,0.000000,0.000000,0.000000,1.000000
v2.1_lower_body_latest:1+Robstride 03 - no back cover:3+3_1_02_090_0073_ASM_1_1_ASM:1+1_2_06_000004_AF0_1_1:1,1_2_06_000004_AF0_1_1,1_2_06_000004_AF0_1_1,True,0.000000,1.000000,-0.000000,0.000000,0.258819,-0.000000,-0.965926,-5.612029,-0.965926,0.000000,-0.258819,-11.663739,0.000000,0.000000,0.000000,1.000000
v2.1_lower_body_latest:1+Robstride 03 - no back cover:3+3_1_02_090_0073_ASM_1_1_ASM:1+1_1_31_QT-942_1:1,1_1_31_QT-942_1,1_1_31_QT-942_1,True,-1.000000,0.000000,-0.000000,0.000000,0.000000,0.258819,-0.965926,-2.134696,0.000000,-0.965926,-0.258819,-10.731990,0.000000,0.000000,0.000000,1.000000
v2.1_lower_body_latest:1+Robstride 03 - no back cover:3+3_1_02_090_0073_ASM_1_1_ASM:1+1_2_05_130001_1_1:1,1_2_05_130001_1_1,1_2_05_130001_1_1,True,0.000000,0.000000,1.000000,3.000000,0.258819,0.965926,-0.000000,-1.189066,-0.965926,0.258819,0.000000,-10.271554,0.000000,0.000000,0.000000,1.000000
v2.1_lower_body_latest:1+Robstride 03 - no back cover:3+3_1_02_090_0073_ASM_1_1_ASM:1+1_2_05_130001_1_1:2,1_2_05_130001_1_1,1_2_05_130001_1_1,True,0.000000,0.000000,1.000000,-2.475000,0.258819,0.965926,-0.000000,-0.586924,-0.965926,0.258819,0.000000,-12.518781,0.000000,0.000000,0.000000,1.000000
v2.1_lower_body_latest:1+Robstride 03 - no back cover:3+3_1_02_090_0073_ASM_1_1_ASM:1+1_2_05_130001_1_1:3,1_2_05_130001_1_1,1_2_05_130001_1_1,True,0.000000,0.000000,1.000000,-2.475000,0.258819,0.965926,-0.000000,-1.687681,-0.965926,0.258819,0.000000,-8.410698,0.000000,0.000000,0.000000,1.000000
v2.1_lower_body_latest:1+Robstride 03 - no back cover:3+3_1_02_090_0073_ASM_1_1_ASM:1+PBC:1,PBC,PBC,True,0.000000,1.000000,-0.000000,0.000000,0.258819,-0.000000,-0.965926,-5.756918,-0.965926,0.000000,-0.258819,-11.702562,0.000000,0.000000,0.000000,1.000000
v2.1_lower_body_latest:1+Robstride 03 - no back cover:3+3_1_02_090_0073_ASM_1_1_ASM:1+CORE:1,CORE,CORE,True,0.000000,1.000000,-0.000000,0.000000,0.258819,-0.000000,-0.965926,-5.756918,-0.965926,0.000000,-0.258819,-11.702562,0.000000,0.000000,0.000000,1.000000
v2.1_lower_body_latest:1+hip_pitch:hip_roll_L:1+CNC_leg03_x5_RS03_shaft_bearing_retainer:2,CNC_leg03_x5_RS03_shaft_bearing_retainer,CNC_leg03_x5_RS03_shaft_bearing_retainer,True,1.000000,0.000000,-0.000000,0.000000,-0.000000,0.258819,-0.965926,-18.819524,0.000000,0.965926,0.258819,-18.917325,0.000000,0.000000,0.000000,1.000000
v2.1_lower_body_latest:1+hip_pitch:hip_roll_L:1+CNC_leg02_x7_RS03_shaft_coupler:2,CNC_leg02_x7_RS03_shaft_coupler,CNC_leg02_x7_RS03_shaft_coupler,True,0.000000,-1.000000,-0.000000,13.329776,0.258819,0.000000,-0.965926,-15.369525,0.965926,0.000000,0.258819,-6.041750,0.000000,0.000000,0.000000,1.000000
v2.1_lower_body_latest:1+hip_pitch:hip_roll_L:1+CNC_leg04_x2_hip_roll_front_bearing_retainer:1,CNC_leg04_x2_hip_roll_front_bearing_retainer,CNC_leg04_x2_hip_roll_front_bearing_retainer,True,1.000000,-0.000000,-0.000000,0.000000,-0.000000,0.258819,-0.965926,-18.819524,0.000000,0.965926,0.258819,-18.917325,0.000000,0.000000,0.000000,1.000000
v2.1_lower_body_latest:1+hip_pitch:hip_roll_L:1+CNC_leg05_x2_hip_roll_back_bearing_retainer:1,CNC_leg05_x2_hip_roll_back_bearing_retainer,CNC_leg05_x2_hip_roll_back_bearing_retainer,True,1.000000,-0.000000,-0.000000,0.000000,-0.000000,0.258819,-0.965926,-18.819524,0.000000,0.965926,0.258819,-18.917325,0.000000,0.000000,0.000000,1.000000
v2.1_lower_body_latest:1+Robstride 03 - no back cover:6+3_1_02_090_0073_ASM_1_1_ASM:1+1_1_06_EB903-534_ASM_1_1_ASM:1+1_1_06_EB903-537_1_1:1,1_1_06_EB903-537_1_1,1_1_06_EB903-537_1_1,True,0.000000,-0.000000,1.000000,-0.880000,0.965926,0.258819,-0.000000,12.653628,-0.258819,0.965926,0.000000,-13.550529,0.000000,0.000000,0.000000,1.000000
v2.1_lower_body_latest:1+Robstride 03 - no back cover:6+3_1_02_090_0073_ASM_1_1_ASM:1+1_2_04_680902_1_1:1,1_2_04_680902_1_1,1_2_04_680902_1_1,True,0.000000,-0.000000,1.000000,1.720000,0.965926,0.258819,-0.000000,12.653628,-0.258819,0.965926,0.000000,-13.550529,0.000000,0.000000,0.000000,1.000000
v2.1_lower_body_latest:1+Robstride 03 - no back cover:6+3_1_02_090_0073_ASM_1_1_ASM:1+1_2_04_635000_1_1:1,1_2_04_635000_1_1,1_2_04_635000_1_1,True,0.000000,-1.000000,-0.000000,2.390000,0.965926,0.000000,0.258819,12.653628,-0.258819,-0.000000,0.965926,-13.550529,0.000000,0.000000,0.000000,1.000000
v2.1_lower_body_latest:1+Robstride 03 - no back cover:6+3_1_02_090_0073_ASM_1_1_ASM:1+1_3_03_000357_1_1:1,1_3_03_000357_1_1,1_3_03_000357_1_1,True,0.000000,-0.000000,1.000000,2.420000,0.965926,0.258819,-0.000000,12.653628,-0.258819,0.965926,0.000000,-13.550529,0.000000,0.000000,0.000000,1.000000
v2.1_lower_body_latest:1+Robstride 03 - no back cover:6+3_1_02_090_0073_ASM_1_1_ASM:1+1_1_02_EB901-547_1_rotor:1,1_1_02_EB901-547_1_rotor,1_1_02_EB901-547_1_rotor,True,0.000000,0.000000,-1.000000,2.870000,0.500000,0.866025,0.000000,12.653628,0.866025,-0.500000,0.000000,-13.550529,0.000000,0.000000,0.000000,1.000000
v2.1_lower_body_latest:1+Robstride 03 - no back cover:6+3_1_02_090_0073_ASM_1_1_ASM:1+1_2_06_000004_AF0_1_1:1,1_2_06_000004_AF0_1_1,1_2_06_000004_AF0_1_1,True,0.000000,-0.000000,1.000000,2.470000,0.965926,0.258819,-0.000000,12.653628,-0.258819,0.965926,0.000000,-13.550529,0.000000,0.000000,0.000000,1.000000
v2.1_lower_body_latest:1+Robstride 03 - no back cover:6+3_1_02_090_0073_ASM_1_1_ASM:1+1_1_31_QT-942_1:1,1_1_31_QT-942_1,1_1_31_QT-942_1,True,0.000000,0.000000,1.000000,-1.130000,-0.258819,0.965926,-0.000000,12.653628,-0.965926,-0.258819,0.000000,-13.550529,0.000000,0.000000,0.000000,1.000000
v2.1_lower_body_latest:1+Robstride 03 - no back cover:6+3_1_02_090_0073_ASM_1_1_ASM:1+1_2_05_130001_1_1:1,1_2_05_130001_1_1,1_2_05_130001_1_1,True,0.000000,-1.000000,-0.000000,-2.162578,0.965926,0.000000,0.258819,13.236900,-0.258819,-0.000000,0.965926,-10.600988,0.000000,0.000000,0.000000,1.000000
v2.1_lower_body_latest:1+Robstride 03 - no back cover:6+3_1_02_090_0073_ASM_1_1_ASM:1+1_2_05_130001_1_1:2,1_2_05_130001_1_1,1_2_05_130001_1_1,True,0.000000,-1.000000,-0.000000,-2.162578,0.965926,0.000000,0.258819,14.067093,-0.258819,-0.000000,0.965926,-16.491574,0.000000,0.000000,0.000000,1.000000
v2.1_lower_body_latest:1+Robstride 03 - no back cover:6+3_1_02_090_0073_ASM_1_1_ASM:1+1_2_05_130001_1_1:3,1_2_05_130001_1_1,1_2_05_130001_1_1,True,0.000000,-1.000000,-0.000000,-2.162578,0.965926,0.000000,0.258819,9.959010,-0.258819,-0.000000,0.965926,-15.390817,0.000000,0.000000,0.000000,1.000000
v2.1_lower_body_latest:1+Robstride 03 - no back cover:6+3_1_02_090_0073_ASM_1_1_ASM:1+PBC:1,PBC,PBC,True,0.000000,-0.000000,1.000000,2.620000,0.965926,0.258819,-0.000000,12.653628,-0.258819,0.965926,0.000000,-13.550529,0.000000,0.000000,0.000000,1.000000
v2.1_lower_body_latest:1+Robstride 03 - no back cover:6+3_1_02_090_0073_ASM_1_1_ASM:1+CORE:1,CORE,CORE,True,0.000000,-0.000000,1.000000,2.620000,0.965926,0.258819,-0.000000,12.653628,-0.258819,0.965926,0.000000,-13.550529,0.000000,0.000000,0.000000,1.000000
v2.1_lower_body_latest:1+hip_pitch:hip_roll_R:1+CNC_leg03_x5_RS03_shaft_bearing_retainer:3,CNC_leg03_x5_RS03_shaft_bearing_retainer,CNC_leg03_x5_RS03_shaft_bearing_retainer,True,1.000000,0.000000,0.000000,0.000000,-0.000000,0.258819,0.965926,11.919526,-0.000000,-0.965926,0.258819,6.833826,0.000000,0.000000,0.000000,1.000000
v2.1_lower_body_latest:1+hip_pitch:hip_roll_R:1+CNC_leg02_x7_RS03_shaft_coupler:3,CNC_leg02_x7_RS03_shaft_coupler,CNC_leg02_x7_RS03_shaft_coupler,True,-0.000000,1.000000,0.000000,-13.329776,-0.258819,-0.000000,0.965926,15.369525,0.965926,-0.000000,0.258819,-6.041750,0.000000,0.000000,0.000000,1.000000
v2.1_lower_body_latest:1+hip_pitch:hip_roll_R:1+CNC_leg04_x2_hip_roll_front_bearing_retainer:2,CNC_leg04_x2_hip_roll_front_bearing_retainer,CNC_leg04_x2_hip_roll_front_bearing_retainer,True,1.000000,0.000000,0.000000,0.000000,-0.000000,0.258819,0.965926,11.919222,-0.000000,-0.965926,0.258819,6.833745,0.000000,0.000000,0.000000,1.000000
v2.1_lower_body_latest:1+hip_pitch:hip_roll_R:1+CNC_leg05_x2_hip_roll_back_bearing_retainer:2,CNC_leg05_x2_hip_roll_back_bearing_retainer,CNC_leg05_x2_hip_roll_back_bearing_retainer,True,1.000000,-0.000000,-0.000000,0.000000,0.000000,0.258819,0.965926,11.919526,-0.000000,-0.965926,0.258819,6.833826,0.000000,0.000000,0.000000,1.000000
v2.1_lower_body_latest:1+Robstride 03 - no back cover:5+3_1_02_090_0073_ASM_1_1_ASM:1+1_1_06_EB903-534_ASM_1_1_ASM:1+1_1_06_EB903-537_1_1:1,1_1_06_EB903-537_1_1,1_1_06_EB903-537_1_1,True,-0.000000,0.000000,1.000000,-0.880000,-0.965926,0.258819,-0.000000,-12.653932,-0.258819,-0.965926,-0.000000,-13.550610,0.000000,0.000000,0.000000,1.000000
v2.1_lower_body_latest:1+Robstride 03 - no back cover:5+3_1_02_090_0073_ASM_1_1_ASM:1+1_2_04_680902_1_1:1,1_2_04_680902_1_1,1_2_04_680902_1_1,True,-0.000000,0.000000,1.000000,1.720000,-0.965926,0.258819,-0.000000,-12.653932,-0.258819,-0.965926,-0.000000,-13.550610,0.000000,0.000000,0.000000,1.000000
v2.1_lower_body_latest:1+Robstride 03 - no back cover:5+3_1_02_090_0073_ASM_1_1_ASM:1+1_2_04_635000_1_1:1,1_2_04_635000_1_1,1_2_04_635000_1_1,True,-0.000000,-1.000000,0.000000,2.390000,-0.965926,0.000000,0.258819,-12.653932,-0.258819,0.000000,-0.965926,-13.550610,0.000000,0.000000,0.000000,1.000000
v2.1_lower_body_latest:1+Robstride 03 - no back cover:5+3_1_02_090_0073_ASM_1_1_ASM:1+1_3_03_000357_1_1:1,1_3_03_000357_1_1,1_3_03_000357_1_1,True,-0.000000,0.000000,1.000000,2.420000,-0.965926,0.258819,-0.000000,-12.653932,-0.258819,-0.965926,-0.000000,-13.550610,0.000000,0.000000,0.000000,1.000000
v2.1_lower_body_latest:1+Robstride 03 - no back cover:5+3_1_02_090_0073_ASM_1_1_ASM:1+1_1_02_EB901-547_1_rotor:1,1_1_02_EB901-547_1_rotor,1_1_02_EB901-547_1_rotor,True,0.000000,-0.000000,-1.000000,2.870000,0.500000,-0.866025,0.000000,-12.653932,-0.866025,-0.500000,0.000000,-13.550610,0.000000,0.000000,0.000000,1.000000
v2.1_lower_body_latest:1+Robstride 03 - no back cover:5+3_1_02_090_0073_ASM_1_1_ASM:1+1_2_06_000004_AF0_1_1:1,1_2_06_000004_AF0_1_1,1_2_06_000004_AF0_1_1,True,-0.000000,0.000000,1.000000,2.470000,-0.965926,0.258819,-0.000000,-12.653932,-0.258819,-0.965926,-0.000000,-13.550610,0.000000,0.000000,0.000000,1.000000
v2.1_lower_body_latest:1+Robstride 03 - no back cover:5+3_1_02_090_0073_ASM_1_1_ASM:1+1_1_31_QT-942_1:1,1_1_31_QT-942_1,1_1_31_QT-942_1,True,-0.000000,-0.000000,1.000000,-1.130000,-0.258819,-0.965926,-0.000000,-12.653932,0.965926,-0.258819,-0.000000,-13.550610,0.000000,0.000000,0.000000,1.000000
v2.1_lower_body_latest:1+Robstride 03 - no back cover:5+3_1_02_090_0073_ASM_1_1_ASM:1+1_2_05_130001_1_1:1,1_2_05_130001_1_1,1_2_05_130001_1_1,True,-0.000000,-1.000000,0.000000,-2.162578,-0.965926,0.000000,0.258819,-11.684290,-0.258819,0.000000,-0.965926,-16.396624,0.000000,0.000000,0.000000,1.000000
v2.1_lower_body_latest:1+Robstride 03 - no back cover:5+3_1_02_090_0073_ASM_1_1_ASM:1+1_2_05_130001_1_1:2,1_2_05_130001_1_1,1_2_05_130001_1_1,True,-0.000000,-1.000000,0.000000,-2.162578,-0.965926,0.000000,0.258819,-15.348550,-0.258819,0.000000,-0.965926,-11.710323,0.000000,0.000000,0.000000,1.000000
v2.1_lower_body_latest:1+Robstride 03 - no back cover:5+3_1_02_090_0073_ASM_1_1_ASM:1+1_2_05_130001_1_1:3,1_2_05_130001_1_1,1_2_05_130001_1_1,True,-0.000000,-1.000000,0.000000,-2.162578,-0.965926,0.000000,0.258819,-11.240468,-0.258819,0.000000,-0.965926,-10.609565,0.000000,0.000000,0.000000,1.000000
v2.1_lower_body_latest:1+Robstride 03 - no back cover:5+3_1_02_090_0073_ASM_1_1_ASM:1+PBC:1,PBC,PBC,True,-0.000000,0.000000,1.000000,2.620000,-0.965926,0.258819,-0.000000,-12.653932,-0.258819,-0.965926,-0.000000,-13.550610,0.000000,0.000000,0.000000,1.000000
v2.1_lower_body_latest:1+Robstride 03 - no back cover:5+3_1_02_090_0073_ASM_1_1_ASM:1+CORE:1,CORE,CORE,True,-0.000000,0.000000,1.000000,2.620000,-0.965926,0.258819,-0.000000,-12.653932,-0.258819,-0.965926,-0.000000,-13.550610,0.000000,0.000000,0.000000,1.000000
v2.1_lower_body_latest:1+hip_roll:hip_yaw_L:1+CNC_leg06_x2_hip_roll_output_shaft:1,CNC_leg06_x2_hip_roll_output_shaft,CNC_leg06_x2_hip_roll_output_shaft,True,1.000000,0.000000,-0.000000,0.000000,-0.000000,1.000000,-0.000000,-0.000000,0.000000,0.000000,1.000000,-10.160000,0.000000,0.000000,0.000000,1.000000
v2.1_lower_body_latest:1+hip_roll:hip_yaw_L:1+CNC_leg07_x2_hip_roll_support_shaft:1,CNC_leg07_x2_hip_roll_support_shaft,CNC_leg07_x2_hip_roll_support_shaft,True,-1.000000,0.000000,-0.000000,0.000000,0.000000,1.000000,0.000000,-0.000000,0.000000,0.000000,-1.000000,-10.160000,0.000000,0.000000,0.000000,1.000000
v2.1_lower_body_latest:1+hip_roll:hip_yaw_R:1+CNC_leg06_x2_hip_roll_output_shaft:2,CNC_leg06_x2_hip_roll_output_shaft,CNC_leg06_x2_hip_roll_output_shaft,True,1.000000,-0.000000,0.000000,0.000000,-0.000000,1.000000,0.000000,-25.307560,-0.000000,-0.000000,1.000000,-10.160080,0.000000,0.000000,0.000000,1.000000
v2.1_lower_body_latest:1+hip_roll:hip_yaw_R:1+CNC_leg07_x2_hip_roll_support_shaft:2,CNC_leg07_x2_hip_roll_support_shaft,CNC_leg07_x2_hip_roll_support_shaft,True,-1.000000,-0.000000,-0.000000,0.000000,0.000000,1.000000,-0.000000,-25.307256,0.000000,-0.000000,-1.000000,-10.159999,0.000000,0.000000,0.000000,1.000000
v2.1_lower_body_latest:1+bearings:1+bearing_45x58x7_6809_5.4kN_40g:7+half-bearing-45x58x7_6809_5.4kN_40g:1,half-bearing-45x58x7_6809_5.4kN_40g,half-bearing-45x58x7_6809_5.4kN_40g,True,1.000000,0.000000,0.000000,0.000000,-0.000000,1.000000,0.000000,-0.000000,0.000000,0.000000,1.000000,-3.960000,0.000000,0.000000,0.000000,1.000000
v2.1_lower_body_latest:1+bearings:1+bearing_45x58x7_6809_5.4kN_40g:7+half-bearing-45x58x7_6809_5.4kN_40g:2,half-bearing-45x58x7_6809_5.4kN_40g,half-bearing-45x58x7_6809_5.4kN_40g,False,1.000000,0.000000,0.000000,0.000000,-0.000000,1.000000,0.000000,-0.000000,0.000000,0.000000,1.000000,-3.960000,0.000000,0.000000,0.000000,1.000000
v2.1_lower_body_latest:1+bearings:1+bearing_45x58x7_6809_5.4kN_40g:1+half-bearing-45x58x7_6809_5.4kN_40g:1,half-bearing-45x58x7_6809_5.4kN_40g,half-bearing-45x58x7_6809_5.4kN_40g,True,0.000000,1.000000,0.000000,0.000000,0.258819,-0.000000,0.965926,6.336473,0.965926,-0.000000,-0.258819,-11.857853,0.000000,0.000000,0.000000,1.000000
v2.1_lower_body_latest:1+bearings:1+bearing_45x58x7_6809_5.4kN_40g:1+half-bearing-45x58x7_6809_5.4kN_40g:2,half-bearing-45x58x7_6809_5.4kN_40g,half-bearing-45x58x7_6809_5.4kN_40g,False,0.000000,1.000000,0.000000,0.000000,0.258819,-0.000000,0.965926,6.336473,0.965926,-0.000000,-0.258819,-11.857853,0.000000,0.000000,0.000000,1.000000
v2.1_lower_body_latest:1+bearings:1+bearing_45x58x7_6809_5.4kN_40g:2+half-bearing-45x58x7_6809_5.4kN_40g:1,half-bearing-45x58x7_6809_5.4kN_40g,half-bearing-45x58x7_6809_5.4kN_40g,True,0.000000,0.000000,-1.000000,3.220000,0.866025,-0.500000,0.000000,12.653628,-0.500000,-0.866025,-0.000000,-13.550529,0.000000,0.000000,0.000000,1.000000
v2.1_lower_body_latest:1+bearings:1+bearing_45x58x7_6809_5.4kN_40g:2+half-bearing-45x58x7_6809_5.4kN_40g:2,half-bearing-45x58x7_6809_5.4kN_40g,half-bearing-45x58x7_6809_5.4kN_40g,True,0.000000,0.000000,-1.000000,3.220000,0.866025,-0.500000,0.000000,12.653628,-0.500000,-0.866025,-0.000000,-13.550529,0.000000,0.000000,0.000000,1.000000
v2.1_lower_body_latest:1+bearings:1+bearing_45x58x7_6809_5.4kN_40g:3+half-bearing-45x58x7_6809_5.4kN_40g:1,half-bearing-45x58x7_6809_5.4kN_40g,half-bearing-45x58x7_6809_5.4kN_40g,True,-0.000000,-0.000000,1.000000,-3.220000,0.258819,-0.965926,-0.000000,12.653628,0.965926,0.258819,0.000000,-13.550529,0.000000,0.000000,0.000000,1.000000
v2.1_lower_body_latest:1+bearings:1+bearing_45x58x7_6809_5.4kN_40g:3+half-bearing-45x58x7_6809_5.4kN_40g:2,half-bearing-45x58x7_6809_5.4kN_40g,half-bearing-45x58x7_6809_5.4kN_40g,True,-0.000000,-0.000000,1.000000,-3.220000,0.258819,-0.965926,-0.000000,12.653628,0.965926,0.258819,0.000000,-13.550529,0.000000,0.000000,0.000000,1.000000
v2.1_lower_body_latest:1+bearings:1+bearing_45x58x7_6809_5.4kN_40g:4+half-bearing-45x58x7_6809_5.4kN_40g:1,half-bearing-45x58x7_6809_5.4kN_40g,half-bearing-45x58x7_6809_5.4kN_40g,True,0.500000,0.866025,0.000000,0.000000,-0.224144,0.129409,0.965926,-6.336473,0.836516,-0.482963,0.258819,-11.857853,0.000000,0.000000,0.000000,1.000000
v2.1_lower_body_latest:1+bearings:1+bearing_45x58x7_6809_5.4kN_40g:4+half-bearing-45x58x7_6809_5.4kN_40g:2,half-bearing-45x58x7_6809_5.4kN_40g,half-bearing-45x58x7_6809_5.4kN_40g,False,0.500000,0.866025,0.000000,0.000000,-0.224144,0.129409,0.965926,-6.336473,0.836516,-0.482963,0.258819,-11.857853,0.000000,0.000000,0.000000,1.000000
v2.1_lower_body_latest:1+bearings:1+bearing_45x58x7_6809_5.4kN_40g:5+half-bearing-45x58x7_6809_5.4kN_40g:1,half-bearing-45x58x7_6809_5.4kN_40g,half-bearing-45x58x7_6809_5.4kN_40g,True,0.000000,-0.000000,1.000000,-3.220000,-0.258819,-0.965926,0.000000,-12.653628,0.965926,-0.258819,-0.000000,-13.550529,0.000000,0.000000,0.000000,1.000000
v2.1_lower_body_latest:1+bearings:1+bearing_45x58x7_6809_5.4kN_40g:5+half-bearing-45x58x7_6809_5.4kN_40g:2,half-bearing-45x58x7_6809_5.4kN_40g,half-bearing-45x58x7_6809_5.4kN_40g,False,0.000000,-0.000000,1.000000,-3.220000,-0.258819,-0.965926,0.000000,-12.653628,0.965926,-0.258819,-0.000000,-13.550529,0.000000,0.000000,0.000000,1.000000
v2.1_lower_body_latest:1+bearings:1+bearing_45x58x7_6809_5.4kN_40g:6+half-bearing-45x58x7_6809_5.4kN_40g:1,half-bearing-45x58x7_6809_5.4kN_40g,half-bearing-45x58x7_6809_5.4kN_40g,True,-0.000000,0.000000,-1.000000,3.220000,-0.258819,0.965926,0.000000,-12.653932,0.965926,0.258819,0.000000,-13.550610,0.000000,0.000000,0.000000,1.000000
v2.1_lower_body_latest:1+bearings:1+bearing_45x58x7_6809_5.4kN_40g:6+half-bearing-45x58x7_6809_5.4kN_40g:2,half-bearing-45x58x7_6809_5.4kN_40g,half-bearing-45x58x7_6809_5.4kN_40g,False,-0.000000,0.000000,-1.000000,3.220000,-0.258819,0.965926,0.000000,-12.653932,0.965926,0.258819,0.000000,-13.550610,0.000000,0.000000,0.000000,1.000000
v2.1_lower_body_latest:1+v2.1_lower_leg_R:1+CNC_leg13_x2_ankle_pitch_front:1,CNC_leg13_x2_ankle_pitch_front,CNC_leg13_x2_ankle_pitch_front,True,1.000000,0.000000,0.000000,0.000000,-0.000000,1.000000,0.000000,-25.983708,-0.000000,-0.000000,1.000000,-2.988907,0.000000,0.000000,0.000000,1.000000
v2.1_lower_body_latest:1+v2.1_lower_leg_R:1+CNC_leg14_x2_ankle_pitch_back:1,CNC_leg14_x2_ankle_pitch_back,CNC_leg14_x2_ankle_pitch_back,True,1.000000,0.000000,0.000000,0.000000,-0.000000,1.000000,0.000000,-25.983708,-0.000000,-0.000000,1.000000,-2.988907,0.000000,0.000000,0.000000,1.000000
v2.1_lower_body_latest:1+v2.1_lower_leg_R:1+Robstride 03 - no back cover:1+3_1_02_090_0073_ASM_1_1_ASM:1+1_1_06_EB903-534_ASM_1_1_ASM:1+1_1_06_EB903-537_1_1:1,1_1_06_EB903-537_1_1,1_1_06_EB903-537_1_1,True,-1.000000,0.000000,0.000000,0.000000,0.000000,0.000000,1.000000,-13.853935,0.000000,1.000000,-0.000000,-52.560611,0.000000,0.000000,0.000000,1.000000
v2.1_lower_body_latest:1+v2.1_lower_leg_R:1+Robstride 03 - no back cover:1+3_1_02_090_0073_ASM_1_1_ASM:1+1_2_04_680902_1_1:1,1_2_04_680902_1_1,1_2_04_680902_1_1,True,-1.000000,0.000000,0.000000,0.000000,0.000000,0.000000,1.000000,-11.253935,0.000000,1.000000,-0.000000,-52.560611,0.000000,0.000000,0.000000,1.000000
v2.1_lower_body_latest:1+v2.1_lower_leg_R:1+Robstride 03 - no back cover:1+3_1_02_090_0073_ASM_1_1_ASM:1+1_2_04_635000_1_1:1,1_2_04_635000_1_1,1_2_04_635000_1_1,True,-1.000000,-0.000000,0.000000,0.000000,0.000000,-1.000000,0.000000,-10.583935,0.000000,0.000000,1.000000,-52.560611,0.000000,0.000000,0.000000,1.000000
v2.1_lower_body_latest:1+v2.1_lower_leg_R:1+Robstride 03 - no back cover:1+3_1_02_090_0073_ASM_1_1_ASM:1+1_3_03_000357_1_1:1,1_3_03_000357_1_1,1_3_03_000357_1_1,True,-1.000000,0.000000,0.000000,0.000000,0.000000,0.000000,1.000000,-10.553935,0.000000,1.000000,-0.000000,-52.560611,0.000000,0.000000,0.000000,1.000000
v2.1_lower_body_latest:1+v2.1_lower_leg_R:1+Robstride 03 - no back cover:1+3_1_02_090_0073_ASM_1_1_ASM:1+1_1_02_EB901-547_1_rotor:1,1_1_02_EB901-547_1_rotor,1_1_02_EB901-547_1_rotor,True,0.500000,0.866025,-0.000000,0.000000,-0.000000,0.000000,-1.000000,-10.103935,-0.866025,0.500000,0.000000,-52.560611,0.000000,0.000000,0.000000,1.000000
v2.1_lower_body_latest:1+v2.1_lower_leg_R:1+Robstride 03 - no back cover:1+3_1_02_090_0073_ASM_1_1_ASM:1+1_2_06_000004_AF0_1_1:1,1_2_06_000004_AF0_1_1,1_2_06_000004_AF0_1_1,True,-1.000000,0.000000,0.000000,0.000000,0.000000,0.000000,1.000000,-10.503935,0.000000,1.000000,-0.000000,-52.560611,0.000000,0.000000,0.000000,1.000000
v2.1_lower_body_latest:1+v2.1_lower_leg_R:1+Robstride 03 - no back cover:1+3_1_02_090_0073_ASM_1_1_ASM:1+1_1_31_QT-942_1:1,1_1_31_QT-942_1,1_1_31_QT-942_1,True,-0.000000,-1.000000,0.000000,0.000000,-0.000000,0.000000,1.000000,-14.103935,-1.000000,0.000000,-0.000000,-52.560611,0.000000,0.000000,0.000000,1.000000
v2.1_lower_body_latest:1+v2.1_lower_leg_R:1+Robstride 03 - no back cover:1+3_1_02_090_0073_ASM_1_1_ASM:1+1_2_05_130001_1_1:1,1_2_05_130001_1_1,1_2_05_130001_1_1,True,-1.000000,-0.000000,0.000000,0.200000,0.000000,-1.000000,0.000000,-15.136513,0.000000,0.000000,1.000000,-49.560611,0.000000,0.000000,0.000000,1.000000
v2.1_lower_body_latest:1+v2.1_lower_leg_R:1+Robstride 03 - no back cover:1+3_1_02_090_0073_ASM_1_1_ASM:1+1_2_05_130001_1_1:2,1_2_05_130001_1_1,1_2_05_130001_1_1,True,-1.000000,-0.000000,0.000000,-2.126500,0.000000,-1.000000,0.000000,-15.136513,0.000000,0.000000,1.000000,-55.035611,0.000000,0.000000,0.000000,1.000000
v2.1_lower_body_latest:1+v2.1_lower_leg_R:1+Robstride 03 - no back cover:1+3_1_02_090_0073_ASM_1_1_ASM:1+1_2_05_130001_1_1:3,1_2_05_130001_1_1,1_2_05_130001_1_1,True,-1.000000,-0.000000,0.000000,2.126500,0.000000,-1.000000,0.000000,-15.136513,0.000000,0.000000,1.000000,-55.035611,0.000000,0.000000,0.000000,1.000000
v2.1_lower_body_latest:1+v2.1_lower_leg_R:1+Robstride 03 - no back cover:1+3_1_02_090_0073_ASM_1_1_ASM:1+PBC:1,PBC,PBC,True,-1.000000,0.000000,0.000000,0.000000,0.000000,0.000000,1.000000,-10.353935,0.000000,1.000000,-0.000000,-52.560611,0.000000,0.000000,0.000000,1.000000
v2.1_lower_body_latest:1+v2.1_lower_leg_R:1+Robstride 03 - no back cover:1+3_1_02_090_0073_ASM_1_1_ASM:1+CORE:1,CORE,CORE,True,-1.000000,0.000000,0.000000,0.000000,0.000000,0.000000,1.000000,-10.353935,0.000000,1.000000,-0.000000,-52.560611,0.000000,0.000000,0.000000,1.000000
v2.1_lower_body_latest:1+v2.1_lower_leg_R:1+Robstride 06-No Back Cover:1+R06:1+R06-ROTOR:1,R06-ROTOR,R06-ROTOR,True,-0.000000,0.000000,-1.000000,10.000000,-1.000000,0.000000,0.000000,-12.653935,0.000000,1.000000,0.000000,-52.560611,0.000000,0.000000,0.000000,1.000000
v2.1_lower_body_latest:1+v2.1_lower_leg_R:1+Robstride 06-No Back Cover:1+R06:1+MAIN:1+1_1_06_EB823-507_AF0^1_1_06_EB823-509_ASM_FL82BLW33-48V-35N.m(开模版)(1)_FL82BLW33-48V-35N.m(开模版)(1).STEP:1,1_1_06_EB823-507_AF0^1_1_06_EB823-509_ASM_FL82BLW33-48V-35N.m(开模版)(1)_FL82BLW33-48V-35N.m(开模版)(1).STEP,1_1_06_EB823-507_AF0_1_1_06_EB823-509_ASM_FL82BLW33-48V-35N.m_1__FL82BLW33-48V-35N.m_1_.STEP,True,-0.000000,0.000000,-1.000000,9.850000,-1.000000,0.000000,0.000000,-12.653935,0.000000,1.000000,0.000000,-52.560611,0.000000,0.000000,0.000000,1.000000
v2.1_lower_body_latest:1+v2.1_lower_leg_R:1+Robstride 06-No Back Cover:1+R06:1+1_1_31_QT-1040^FL82BLW33-48V-35N.m(开模版)(1)_FL82BLW33-48V-35N.m(开模版)(1).STEP:1,1_1_31_QT-1040^FL82BLW33-48V-35N.m(开模版)(1)_FL82BLW33-48V-35N.m(开模版)(1).STEP,1_1_31_QT-1040_FL82BLW33-48V-35N.m_1__FL82BLW33-48V-35N.m_1_.STEP,True,0.000000,-0.000000,1.000000,6.550000,0.000000,-1.000000,-0.000000,-12.653935,1.000000,0.000000,-0.000000,-52.560611,0.000000,0.000000,0.000000,1.000000
v2.1_lower_body_latest:1+v2.1_lower_leg_R:1+Robstride 06-No Back Cover:1+R06:1+weight:1,weight,weight,True,-0.000000,0.000000,-1.000000,9.850000,-1.000000,0.000000,0.000000,-12.653935,0.000000,1.000000,0.000000,-52.560611,0.000000,0.000000,0.000000,1.000000
v2.1_lower_body_latest:1+v2.1_lower_leg_R:1+Robstride 06-No Back Cover:1+R06:1+bearing_35x44x5_6707_1.6kN_15g:1+half-bearing_35x44x5_6707_1.6kN_15g:1,half-bearing_35x44x5_6707_1.6kN_15g,half-bearing_35x44x5_6707_1.6kN_15g,True,-0.000000,0.000000,-1.000000,9.350000,-1.000000,0.000000,0.000000,-12.653935,0.000000,1.000000,0.000000,-52.560611,0.000000,0.000000,0.000000,1.000000
v2.1_lower_body_latest:1+v2.1_lower_leg_R:1+Robstride 06-No Back Cover:1+R06:1+bearing_35x44x5_6707_1.6kN_15g:1+half-bearing_35x44x5_6707_1.6kN_15g:2,half-bearing_35x44x5_6707_1.6kN_15g,half-bearing_35x44x5_6707_1.6kN_15g,True,-0.000000,0.000000,-1.000000,9.350000,-1.000000,0.000000,0.000000,-12.653935,0.000000,1.000000,0.000000,-52.560611,0.000000,0.000000,0.000000,1.000000
v2.1_lower_body_latest:1+v2.1_lower_leg_R:1+foot_assembly:1+CNC_leg15_x2_RS06_shaft_bearing_retainer:1,CNC_leg15_x2_RS06_shaft_bearing_retainer,CNC_leg15_x2_RS06_shaft_bearing_retainer,True,1.000000,0.000000,0.000000,0.000000,-0.000000,1.000000,0.000000,-25.983708,-0.000000,-0.000000,1.000000,-2.988907,0.000000,0.000000,0.000000,1.000000
v2.1_lower_body_latest:1+v2.1_lower_leg_R:1+foot_assembly:1+CNC_leg16_x2_ankle_roll_output_shaft:1,CNC_leg16_x2_ankle_roll_output_shaft,CNC_leg16_x2_ankle_roll_output_shaft,True,1.000000,0.000000,0.000000,0.000000,-0.000000,1.000000,0.000000,-25.983708,-0.000000,-0.000000,1.000000,-2.988907,0.000000,0.000000,0.000000,1.000000
v2.1_lower_body_latest:1+v2.1_lower_leg_R:1+foot_assembly:1+CNC_leg17_x2_ankle_roll_support_shaft:1,CNC_leg17_x2_ankle_roll_support_shaft,CNC_leg17_x2_ankle_roll_support_shaft,True,-1.000000,0.000000,-0.000000,4.800000,0.000000,1.000000,-0.000000,-25.983708,0.000000,-0.000000,-1.000000,-2.988907,0.000000,0.000000,0.000000,1.000000
v2.1_lower_body_latest:1+v2.1_lower_leg_R:1+foot_assembly:1+CNC_leg18_x2_foot_plate:1+symmetric_sole:1,symmetric_sole,symmetric_sole,True,1.000000,0.000000,0.000000,0.000000,-0.000000,1.000000,0.000000,-25.983708,-0.000000,-0.000000,1.000000,-2.988907,0.000000,0.000000,0.000000,1.000000
v2.1_lower_body_latest:1+v2.1_lower_leg_R:1+foot_assembly:1+CNC_leg18_x2_foot_plate:1,CNC_leg18_x2_foot_plate,CNC_leg18_x2_foot_plate,True,1.000000,0.000000,0.000000,0.000000,-0.000000,1.000000,0.000000,-25.983708,-0.000000,-0.000000,1.000000,-2.988907,0.000000,0.000000,0.000000,1.000000
v2.1_lower_body_latest:1+v2.1_lower_leg_R:1+shanks:1+CNC_leg10_x2_lower_leg_output_shank:1,CNC_leg10_x2_lower_leg_output_shank,CNC_leg10_x2_lower_leg_output_shank,True,1.000000,0.000000,0.000000,0.000000,-0.000000,1.000000,0.000000,-25.983708,-0.000000,-0.000000,1.000000,-2.988907,0.000000,0.000000,0.000000,1.000000
v2.1_lower_body_latest:1+v2.1_lower_leg_R:1+shanks:1+CNC_leg11_x2_lower_leg_support_shank:1,CNC_leg11_x2_lower_leg_support_shank,CNC_leg11_x2_lower_leg_support_shank,True,1.000000,0.000000,0.000000,0.000000,-0.000000,1.000000,0.000000,-25.983708,-0.000000,-0.000000,1.000000,-2.988907,0.000000,0.000000,0.000000,1.000000
v2.1_lower_body_latest:1+v2.1_lower_leg_R:1+shanks:1+CNC_leg12_x4_lower_leg_bearing_cap:1,CNC_leg12_x4_lower_leg_bearing_cap,CNC_leg12_x4_lower_leg_bearing_cap,True,1.000000,0.000000,0.000000,0.000000,-0.000000,1.000000,0.000000,-25.983708,-0.000000,-0.000000,1.000000,-2.988907,0.000000,0.000000,0.000000,1.000000
v2.1_lower_body_latest:1+v2.1_lower_leg_R:1+shanks:1+CNC_leg12_x4_lower_leg_bearing_cap (1):1,CNC_leg12_x4_lower_leg_bearing_cap (1),CNC_leg12_x4_lower_leg_bearing_cap_1,True,1.000000,0.000000,0.000000,0.000000,-0.000000,1.000000,0.000000,-25.983713,-0.000000,-0.000000,1.000000,-82.632313,0.000000,0.000000,0.000000,1.000000
v2.1_lower_body_latest:1+v2.1_lower_leg_R:1+robstride04:1+120WAIGUAN0310_ASM_1_ASM:1+FL120BLW38-48V-120NM_ASM_1_ASM__ASM:1+3_1_02_120_0002_ASM_1_ASM_2_ASM_ASM:1+GP72-9_00_40N_M___20240216_ASM__ASM:1+1_21_121000046___61810_50__1_1_:1,1_21_121000046___61810_50__1_1_,1_21_121000046___61810_50__1_1,True,-0.000000,-0.500000,-0.866025,0.000000,-1.000000,0.000000,-0.000000,-10.703933,0.000000,0.866025,-0.500000,-33.060611,0.000000,0.000000,0.000000,1.000000
v2.1_lower_body_latest:1+v2.1_lower_leg_R:1+robstride04:1+120WAIGUAN0310_ASM_1_ASM:1+FL120BLW38-48V-120NM_ASM_1_ASM__ASM:1+3_1_02_120_0002_ASM_1_ASM_2_ASM_ASM:1+GP72-9_00_40N_M___20240216_ASM__ASM:1+1_21_121000047___7_1_1_1:1,1_21_121000047___7_1_1_1,1_21_121000047___7_1_1_1,True,-0.000000,-0.500000,-0.866025,0.000000,-1.000000,0.000000,-0.000000,-10.753931,0.000000,0.866025,-0.500000,-33.060611,0.000000,0.000000,0.000000,1.000000
v2.1_lower_body_latest:1+v2.1_lower_leg_R:1+robstride04:1+120WAIGUAN0310_ASM_1_ASM:1+FL120BLW38-48V-120NM_ASM_1_ASM__ASM:1+3_1_02_120_0002_ASM_1_ASM_2_ASM_ASM:1+GP72-9_00_40N_M___20240216_ASM__ASM:1+_PIS72-D6X_1_1_1:1,_PIS72-D6X_1_1_1,PIS72-D6X_1_1_1,True,0.963277,-0.268509,0.000000,1.552784,-0.000000,-0.000000,1.000000,-13.003933,-0.268509,-0.963277,-0.000000,-32.164111,0.000000,0.000000,0.000000,1.000000
v2.1_lower_body_latest:1+v2.1_lower_leg_R:1+robstride04:1+120WAIGUAN0310_ASM_1_ASM:1+FL120BLW38-48V-120NM_ASM_1_ASM__ASM:1+3_1_02_120_0002_ASM_1_ASM_2_ASM_ASM:1+GP72-9_00_40N_M___20240216_ASM__ASM:1+_PIS72-D6X_1_1_1:2,_PIS72-D6X_1_1_1,PIS72-D6X_1_1_1,True,-0.249103,0.968477,0.000000,-1.552783,0.000000,0.000000,1.000000,-13.003933,0.968477,0.249103,-0.000000,-32.164111,0.000000,0.000000,0.000000,1.000000
v2.1_lower_body_latest:1+v2.1_lower_leg_R:1+robstride04:1+120WAIGUAN0310_ASM_1_ASM:1+FL120BLW38-48V-120NM_ASM_1_ASM__ASM:1+3_1_02_120_0002_ASM_1_ASM_2_ASM_ASM:1+GP72-9_00_40N_M___20240216_ASM__ASM:1+_PIS72-D6X_1_1_1:3,_PIS72-D6X_1_1_1,PIS72-D6X_1_1_1,True,-0.714174,-0.699968,0.000000,0.000000,-0.000000,0.000000,1.000000,-13.003933,-0.699968,0.714174,-0.000000,-34.853611,0.000000,0.000000,0.000000,1.000000
v2.1_lower_body_latest:1+v2.1_lower_leg_R:1+robstride04:1+120WAIGUAN0310_ASM_1_ASM:1+FL120BLW38-48V-120NM_ASM_1_ASM__ASM:1+3_1_02_120_0002_ASM_1_ASM_2_ASM_ASM:1+GP72-9_00_40N_M___20240216_ASM__ASM:1+D19_1_1_1:1,D19_1_1_1,D19_1_1_1,True,-0.858469,-0.512866,0.000000,0.000000,-0.000000,0.000000,1.000000,-10.353931,-0.512866,0.858469,-0.000000,-33.060611,0.000000,0.000000,0.000000,1.000000
v2.1_lower_body_latest:1+v2.1_lower_leg_R:1+robstride04:1+120WAIGUAN0310_ASM_1_ASM:1+FL120BLW38-48V-120NM_ASM_1_ASM__ASM:1+3_1_02_120_0002_ASM_1_ASM_2_ASM_ASM:1+GP72-9_00_40N_M___20240216_ASM__ASM:1+ROTOR:1,ROTOR,ROTOR,True,0.500000,-0.000000,-0.866025,0.000000,-0.000000,-1.000000,-0.000000,-11.428933,-0.866025,0.000000,-0.500000,-33.060611,0.000000,0.000000,0.000000,1.000000
v2.1_lower_body_latest:1+v2.1_lower_leg_R:1+robstride04:1+120WAIGUAN0310_ASM_1_ASM:1+FL120BLW38-48V-120NM_ASM_1_ASM__ASM:1+3_1_02_120_0002_ASM_1_ASM_2_ASM_ASM:1+GP72-9_00_40N_M___20240216_ASM__ASM:1+ZYDQHJ_1_1_1:1,ZYDQHJ_1_1_1,ZYDQHJ_1_1_1,True,-0.866025,-0.500000,0.000000,0.000000,-0.000000,0.000000,1.000000,-10.353933,-0.500000,0.866025,-0.000000,-33.060611,0.000000,0.000000,0.000000,1.000000
v2.1_lower_body_latest:1+v2.1_lower_leg_R:1+robstride04:1+120WAIGUAN0310_ASM_1_ASM:1+FL120BLW38-48V-120NM_ASM_1_ASM__ASM:1+3_1_02_120_0002_ASM_1_ASM_2_ASM_ASM:1+1_1_02_EB1201-501_1_1_1:1,1_1_02_EB1201-501_1_1_1,1_1_02_EB1201-501_1_1_1,True,-0.809017,0.587785,0.000000,0.000000,0.000000,0.000000,1.000000,-10.553933,0.587785,0.809017,-0.000000,-33.060611,0.000000,0.000000,0.000000,1.000000
v2.1_lower_body_latest:1+v2.1_lower_leg_R:1+robstride04:1+120WAIGUAN0310_ASM_1_ASM:1+FL120BLW38-48V-120NM_ASM_1_ASM__ASM:1+3_1_02_120_0002_ASM_1_ASM_2_ASM_ASM:1+1_1_06_EB1203-503_1_1_1:1,1_1_06_EB1203-503_1_1_1,1_1_06_EB1203-503_1_1_1,True,-1.000000,-0.000000,0.000000,0.000000,0.000000,0.000000,1.000000,-13.923933,-0.000000,1.000000,-0.000000,-33.060611,0.000000,0.000000,0.000000,1.000000
v2.1_lower_body_latest:1+v2.1_lower_leg_R:1+robstride04:1+120WAIGUAN0310_ASM_1_ASM:1+FL120BLW38-48V-120NM_ASM_1_ASM__ASM:1+3_1_02_120_0002_ASM_1_ASM_2_ASM_ASM:1+1_2_05_025121_1_1_1:1,1_2_05_025121_1_1_1,1_2_05_025121_1_1_1,True,-0.000000,0.965926,0.258819,-5.760000,-1.000000,-0.000000,0.000000,-10.774933,0.000000,-0.258819,0.965926,-33.060611,0.000000,0.000000,0.000000,1.000000
v2.1_lower_body_latest:1+v2.1_lower_leg_R:1+robstride04:1+120WAIGUAN0310_ASM_1_ASM:1+FL120BLW38-48V-120NM_ASM_1_ASM__ASM:1+3_1_02_120_0002_ASM_1_ASM_2_ASM_ASM:1+1_2_05_025121_1_1_1:2,1_2_05_025121_1_1_1,1_2_05_025121_1_1_1,True,-0.000000,0.965926,0.258819,-4.988306,-1.000000,-0.000000,0.000000,-10.774934,0.000000,-0.258819,0.965926,-35.940611,0.000000,0.000000,0.000000,1.000000
v2.1_lower_body_latest:1+v2.1_lower_leg_R:1+robstride04:1+120WAIGUAN0310_ASM_1_ASM:1+FL120BLW38-48V-120NM_ASM_1_ASM__ASM:1+3_1_02_120_0002_ASM_1_ASM_2_ASM_ASM:1+1_2_05_025121_1_1_1:3,1_2_05_025121_1_1_1,1_2_05_025121_1_1_1,True,-0.000000,0.965926,0.258819,-2.880000,-1.000000,-0.000000,0.000000,-10.774934,0.000000,-0.258819,0.965926,-38.048917,0.000000,0.000000,0.000000,1.000000
v2.1_lower_body_latest:1+v2.1_lower_leg_R:1+robstride04:1+120WAIGUAN0310_ASM_1_ASM:1+FL120BLW38-48V-120NM_ASM_1_ASM__ASM:1+3_1_02_120_0002_ASM_1_ASM_2_ASM_ASM:1+1_2_05_025121_1_1_1:4,1_2_05_025121_1_1_1,1_2_05_025121_1_1_1,True,-0.000000,0.965926,0.258819,0.000000,-1.000000,-0.000000,0.000000,-10.774934,0.000000,-0.258819,0.965926,-38.820611,0.000000,0.000000,0.000000,1.000000
v2.1_lower_body_latest:1+v2.1_lower_leg_R:1+robstride04:1+120WAIGUAN0310_ASM_1_ASM:1+FL120BLW38-48V-120NM_ASM_1_ASM__ASM:1+3_1_02_120_0002_ASM_1_ASM_2_ASM_ASM:1+1_2_05_025121_1_1_1:5,1_2_05_025121_1_1_1,1_2_05_025121_1_1_1,True,-0.000000,0.965926,0.258819,2.880000,-1.000000,-0.000000,0.000000,-10.774934,0.000000,-0.258819,0.965926,-38.048917,0.000000,0.000000,0.000000,1.000000
v2.1_lower_body_latest:1+v2.1_lower_leg_R:1+robstride04:1+120WAIGUAN0310_ASM_1_ASM:1+FL120BLW38-48V-120NM_ASM_1_ASM__ASM:1+3_1_02_120_0002_ASM_1_ASM_2_ASM_ASM:1+1_2_05_025121_1_1_1:6,1_2_05_025121_1_1_1,1_2_05_025121_1_1_1,True,-0.000000,0.965926,0.258819,4.988307,-1.000000,-0.000000,0.000000,-10.774934,0.000000,-0.258819,0.965926,-35.940611,0.000000,0.000000,0.000000,1.000000
v2.1_lower_body_latest:1+v2.1_lower_leg_R:1+robstride04:1+120WAIGUAN0310_ASM_1_ASM:1+FL120BLW38-48V-120NM_ASM_1_ASM__ASM:1+3_1_02_120_0002_ASM_1_ASM_2_ASM_ASM:1+1_2_05_025121_1_1_1:7,1_2_05_025121_1_1_1,1_2_05_025121_1_1_1,True,-0.000000,0.965926,0.258819,5.760000,-1.000000,-0.000000,0.000000,-10.774933,0.000000,-0.258819,0.965926,-33.060611,0.000000,0.000000,0.000000,1.000000
v2.1_lower_body_latest:1+v2.1_lower_leg_R:1+robstride04:1+120WAIGUAN0310_ASM_1_ASM:1+FL120BLW38-48V-120NM_ASM_1_ASM__ASM:1+3_1_02_120_0002_ASM_1_ASM_2_ASM_ASM:1+1_2_05_025121_1_1_1:8,1_2_05_025121_1_1_1,1_2_05_025121_1_1_1,True,-0.000000,0.965926,0.258819,4.988307,-1.000000,-0.000000,0.000000,-10.774933,0.000000,-0.258819,0.965926,-30.180611,0.000000,0.000000,0.000000,1.000000
v2.1_lower_body_latest:1+v2.1_lower_leg_R:1+robstride04:1+120WAIGUAN0310_ASM_1_ASM:1+FL120BLW38-48V-120NM_ASM_1_ASM__ASM:1+3_1_02_120_0002_ASM_1_ASM_2_ASM_ASM:1+1_2_05_025121_1_1_1:9,1_2_05_025121_1_1_1,1_2_05_025121_1_1_1,True,-0.000000,0.965926,0.258819,2.880000,-1.000000,-0.000000,0.000000,-10.774933,0.000000,-0.258819,0.965926,-28.072305,0.000000,0.000000,0.000000,1.000000
v2.1_lower_body_latest:1+v2.1_lower_leg_R:1+robstride04:1+120WAIGUAN0310_ASM_1_ASM:1+FL120BLW38-48V-120NM_ASM_1_ASM__ASM:1+3_1_02_120_0002_ASM_1_ASM_2_ASM_ASM:1+1_2_05_025121_1_1_1:10,1_2_05_025121_1_1_1,1_2_05_025121_1_1_1,True,-0.000000,0.965926,0.258819,0.000000,-1.000000,-0.000000,0.000000,-10.774933,0.000000,-0.258819,0.965926,-27.300611,0.000000,0.000000,0.000000,1.000000
v2.1_lower_body_latest:1+v2.1_lower_leg_R:1+robstride04:1+120WAIGUAN0310_ASM_1_ASM:1+FL120BLW38-48V-120NM_ASM_1_ASM__ASM:1+3_1_02_120_0002_ASM_1_ASM_2_ASM_ASM:1+1_2_05_025121_1_1_1:11,1_2_05_025121_1_1_1,1_2_05_025121_1_1_1,True,-0.000000,0.965926,0.258819,-2.880000,-1.000000,-0.000000,0.000000,-10.774933,0.000000,-0.258819,0.965926,-28.072305,0.000000,0.000000,0.000000,1.000000
v2.1_lower_body_latest:1+v2.1_lower_leg_R:1+robstride04:1+120WAIGUAN0310_ASM_1_ASM:1+FL120BLW38-48V-120NM_ASM_1_ASM__ASM:1+3_1_02_120_0002_ASM_1_ASM_2_ASM_ASM:1+1_2_05_025121_1_1_1:12,1_2_05_025121_1_1_1,1_2_05_025121_1_1_1,True,-0.000000,0.965926,0.258819,-4.988306,-1.000000,-0.000000,0.000000,-10.774933,0.000000,-0.258819,0.965926,-30.180611,0.000000,0.000000,0.000000,1.000000
v2.1_lower_body_latest:1+v2.1_lower_leg_R:1+robstride04:1+120WAIGUAN0310_ASM_1_ASM:1+FL120BLW38-48V-120NM_ASM_1_ASM__ASM:1+3_1_02_120_0002_ASM_1_ASM_2_ASM_ASM:1+1_2_05_025081_1_1_1:1,1_2_05_025081_1_1_1,1_2_05_025081_1_1_1,True,0.000000,0.965926,0.258819,-1.750000,-1.000000,-0.000000,0.000000,-10.553933,0.000000,-0.258819,0.965926,-30.029522,0.000000,0.000000,0.000000,1.000000
v2.1_lower_body_latest:1+v2.1_lower_leg_R:1+robstride04:1+120WAIGUAN0310_ASM_1_ASM:1+FL120BLW38-48V-120NM_ASM_1_ASM__ASM:1+3_1_02_120_0002_ASM_1_ASM_2_ASM_ASM:1+1_2_05_025081_1_1_1:2,1_2_05_025081_1_1_1,1_2_05_025081_1_1_1,True,0.000000,0.965926,-0.258819,-3.031089,-1.000000,0.000000,0.000000,-10.553933,0.000000,0.258819,0.965926,-31.310611,0.000000,0.000000,0.000000,1.000000
v2.1_lower_body_latest:1+v2.1_lower_leg_R:1+robstride04:1+120WAIGUAN0310_ASM_1_ASM:1+FL120BLW38-48V-120NM_ASM_1_ASM__ASM:1+3_1_02_120_0002_ASM_1_ASM_2_ASM_ASM:1+1_2_05_025081_1_1_1:3,1_2_05_025081_1_1_1,1_2_05_025081_1_1_1,True,0.000000,0.707107,-0.707107,-3.500000,-1.000000,0.000000,0.000000,-10.553933,0.000000,0.707107,0.707107,-33.060611,0.000000,0.000000,0.000000,1.000000
v2.1_lower_body_latest:1+v2.1_lower_leg_R:1+robstride04:1+120WAIGUAN0310_ASM_1_ASM:1+FL120BLW38-48V-120NM_ASM_1_ASM__ASM:1+3_1_02_120_0002_ASM_1_ASM_2_ASM_ASM:1+1_2_05_025081_1_1_1:4,1_2_05_025081_1_1_1,1_2_05_025081_1_1_1,True,-0.000000,0.258819,-0.965926,-3.031089,-1.000000,0.000000,0.000000,-10.553933,0.000000,0.965926,0.258819,-34.810611,0.000000,0.000000,0.000000,1.000000
v2.1_lower_body_latest:1+v2.1_lower_leg_R:1+robstride04:1+120WAIGUAN0310_ASM_1_ASM:1+FL120BLW38-48V-120NM_ASM_1_ASM__ASM:1+3_1_02_120_0002_ASM_1_ASM_2_ASM_ASM:1+1_2_05_025081_1_1_1:5,1_2_05_025081_1_1_1,1_2_05_025081_1_1_1,True,-0.000000,-0.258819,-0.965926,-1.750000,-1.000000,0.000000,-0.000000,-10.553934,0.000000,0.965926,-0.258819,-36.091700,0.000000,0.000000,0.000000,1.000000
v2.1_lower_body_latest:1+v2.1_lower_leg_R:1+robstride04:1+120WAIGUAN0310_ASM_1_ASM:1+FL120BLW38-48V-120NM_ASM_1_ASM__ASM:1+3_1_02_120_0002_ASM_1_ASM_2_ASM_ASM:1+1_2_05_025081_1_1_1:6,1_2_05_025081_1_1_1,1_2_05_025081_1_1_1,True,-0.000000,-0.707107,-0.707107,0.000000,-1.000000,0.000000,-0.000000,-10.553934,0.000000,0.707107,-0.707107,-36.560611,0.000000,0.000000,0.000000,1.000000
v2.1_lower_body_latest:1+v2.1_lower_leg_R:1+robstride04:1+120WAIGUAN0310_ASM_1_ASM:1+FL120BLW38-48V-120NM_ASM_1_ASM__ASM:1+3_1_02_120_0002_ASM_1_ASM_2_ASM_ASM:1+1_2_05_025081_1_1_1:7,1_2_05_025081_1_1_1,1_2_05_025081_1_1_1,True,-0.000000,-0.965926,-0.258819,1.750000,-1.000000,0.000000,-0.000000,-10.553934,0.000000,0.258819,-0.965926,-36.091700,0.000000,0.000000,0.000000,1.000000
v2.1_lower_body_latest:1+v2.1_lower_leg_R:1+robstride04:1+120WAIGUAN0310_ASM_1_ASM:1+FL120BLW38-48V-120NM_ASM_1_ASM__ASM:1+3_1_02_120_0002_ASM_1_ASM_2_ASM_ASM:1+1_2_05_025081_1_1_1:8,1_2_05_025081_1_1_1,1_2_05_025081_1_1_1,True,-0.000000,-0.965926,0.258819,3.031089,-1.000000,-0.000000,-0.000000,-10.553933,0.000000,-0.258819,-0.965926,-34.810611,0.000000,0.000000,0.000000,1.000000
v2.1_lower_body_latest:1+v2.1_lower_leg_R:1+robstride04:1+120WAIGUAN0310_ASM_1_ASM:1+FL120BLW38-48V-120NM_ASM_1_ASM__ASM:1+3_1_02_120_0002_ASM_1_ASM_2_ASM_ASM:1+1_2_05_025081_1_1_1:9,1_2_05_025081_1_1_1,1_2_05_025081_1_1_1,True,-0.000000,-0.707107,0.707107,3.500000,-1.000000,-0.000000,-0.000000,-10.553933,0.000000,-0.707107,-0.707107,-33.060611,0.000000,0.000000,0.000000,1.000000
v2.1_lower_body_latest:1+v2.1_lower_leg_R:1+robstride04:1+120WAIGUAN0310_ASM_1_ASM:1+FL120BLW38-48V-120NM_ASM_1_ASM__ASM:1+3_1_02_120_0002_ASM_1_ASM_2_ASM_ASM:1+1_2_05_025081_1_1_1:10,1_2_05_025081_1_1_1,1_2_05_025081_1_1_1,True,0.000000,-0.258819,0.965926,3.031089,-1.000000,-0.000000,-0.000000,-10.553933,0.000000,-0.965926,-0.258819,-31.310611,0.000000,0.000000,0.000000,1.000000
v2.1_lower_body_latest:1+v2.1_lower_leg_R:1+robstride04:1+120WAIGUAN0310_ASM_1_ASM:1+FL120BLW38-48V-120NM_ASM_1_ASM__ASM:1+3_1_02_120_0002_ASM_1_ASM_2_ASM_ASM:1+1_2_05_025081_1_1_1:11,1_2_05_025081_1_1_1,1_2_05_025081_1_1_1,True,0.000000,0.258819,0.965926,1.750000,-1.000000,-0.000000,0.000000,-10.553933,0.000000,-0.965926,0.258819,-30.029522,0.000000,0.000000,0.000000,1.000000
v2.1_lower_body_latest:1+v2.1_lower_leg_R:1+robstride04:1+120WAIGUAN0310_ASM_1_ASM:1+FL120BLW38-48V-120NM_ASM_1_ASM__ASM:1+3_1_02_120_0002_ASM_1_ASM_2_ASM_ASM:1+1_2_05_025081_1_1_1:12,1_2_05_025081_1_1_1,1_2_05_025081_1_1_1,True,0.000000,0.707107,0.707107,0.000000,-1.000000,-0.000000,0.000000,-10.553933,0.000000,-0.707107,0.707107,-29.560611,0.000000,0.000000,0.000000,1.000000
v2.1_lower_body_latest:1+v2.1_lower_leg_R:1+robstride04:1+120WAIGUAN0310_ASM_1_ASM:1+FL120BLW38-48V-120NM_ASM_1_ASM__ASM:1+3_1_02_120_0002_ASM_1_ASM_2_ASM_ASM:1+1_2_04_618030_1_1_1:1,1_2_04_618030_1_1_1,1_2_04_618030_1_1_1,True,0.965926,0.000000,0.258819,0.000000,-0.000000,1.000000,0.000000,-13.753933,-0.258819,-0.000000,0.965926,-33.060611,0.000000,0.000000,0.000000,1.000000
v2.1_lower_body_latest:1+v2.1_lower_leg_R:1+robstride04:1+120WAIGUAN0310_ASM_1_ASM:1+FL120BLW38-48V-120NM_ASM_1_ASM__ASM:1+3_1_02_120_0002_ASM_1_ASM_2_ASM_ASM:1+1_2_04_694000_1_1_1:1,1_2_04_694000_1_1_1,1_2_04_694000_1_1_1,True,-0.965926,0.258819,0.000000,-2.200000,0.000000,0.000000,1.000000,-13.923933,0.258819,0.965926,-0.000000,-33.060611,0.000000,0.000000,0.000000,1.000000
v2.1_lower_body_latest:1+v2.1_lower_leg_R:1+robstride04:1+120WAIGUAN0310_ASM_1_ASM:1+FL120BLW38-48V-120NM_ASM_1_ASM__ASM:1+3_1_02_120_0002_ASM_1_ASM_2_ASM_ASM:1+1_1_31_EB1203-505_1_1_1:1,1_1_31_EB1203-505_1_1_1,1_1_31_EB1203-505_1_1_1,True,0.965926,0.258819,0.000000,0.077274,0.000000,-0.000000,1.000000,-14.053933,0.258819,-0.965926,-0.000000,-33.039905,0.000000,0.000000,0.000000,1.000000
v2.1_lower_body_latest:1+v2.1_lower_leg_R:1+robstride04:1+120WAIGUAN0310_ASM_1_ASM:1+FL120BLW38-48V-120NM_ASM_1_ASM__ASM:1+3_1_02_120_0002_ASM_1_ASM_2_ASM_ASM:1+1_2_05_000438_1_1_1:1,1_2_05_000438_1_1_1,1_2_05_000438_1_1_1,True,-0.965926,-0.258819,0.000000,5.714913,-0.000000,0.000000,1.000000,-13.663933,-0.258819,0.965926,-0.000000,-32.481758,0.000000,0.000000,0.000000,1.000000
v2.1_lower_body_latest:1+v2.1_lower_leg_R:1+robstride04:1+120WAIGUAN0310_ASM_1_ASM:1+FL120BLW38-48V-120NM_ASM_1_ASM__ASM:1+3_1_02_120_0002_ASM_1_ASM_2_ASM_ASM:1+1_2_05_000438_1_1_1:2,1_2_05_000438_1_1_1,1_2_05_000438_1_1_1,True,-0.965926,-0.258819,0.000000,5.714913,-0.000000,0.000000,1.000000,-10.913933,-0.258819,0.965926,-0.000000,-32.481759,0.000000,0.000000,0.000000,1.000000
v2.1_lower_body_latest:1+v2.1_lower_leg_R:1+robstride04:1+120WAIGUAN0310_ASM_1_ASM:1+FL120BLW38-48V-120NM_ASM_1_ASM__ASM:1+3_1_02_120_0002_ASM_1_ASM_2_ASM_ASM:1+1_2_05_000438_1_1_1:3,1_2_05_000438_1_1_1,1_2_05_000438_1_1_1,True,-0.965926,-0.258819,0.000000,5.238686,-0.000000,0.000000,1.000000,-13.663933,-0.258819,0.965926,-0.000000,-30.704455,0.000000,0.000000,0.000000,1.000000
v2.1_lower_body_latest:1+v2.1_lower_leg_R:1+robstride04:1+120WAIGUAN0310_ASM_1_ASM:1+FL120BLW38-48V-120NM_ASM_1_ASM__ASM:1+3_1_02_120_0002_ASM_1_ASM_2_ASM_ASM:1+1_2_05_000438_1_1_1:4,1_2_05_000438_1_1_1,1_2_05_000438_1_1_1,True,-0.965926,-0.258819,0.000000,5.238686,-0.000000,0.000000,1.000000,-10.913933,-0.258819,0.965926,-0.000000,-30.704455,0.000000,0.000000,0.000000,1.000000
v2.1_lower_body_latest:1+v2.1_lower_leg_R:1+robstride04:1+120WAIGUAN0310_ASM_1_ASM:1+FL120BLW38-48V-120NM_ASM_1_ASM__ASM:1+3_1_02_120_0002_ASM_1_ASM_2_ASM_ASM:1+1_2_05_QT-104_1_1_1:1,1_2_05_QT-104_1_1_1,1_2_05_QT-104_1_1_1,True,-0.965926,0.258819,0.000000,-0.931748,0.000000,0.000000,1.000000,-12.353934,0.258819,0.965926,-0.000000,-36.537944,0.000000,0.000000,0.000000,1.000000
v2.1_lower_body_latest:1+v2.1_lower_leg_R:1+robstride04:1+120WAIGUAN0310_ASM_1_ASM:1+FL120BLW38-48V-120NM_ASM_1_ASM__ASM:1+3_1_02_120_0002_ASM_1_ASM_2_ASM_ASM:1+DIANJIBAN-2_SW0001_1_ASM_2_ASM__ASM:1+DIANJIBAN-2_SW0001_1_1_2_1:1,DIANJIBAN-2_SW0001_1_1_2_1,DIANJIBAN-2_SW0001_1_1_2_1,True,-1.000000,0.000000,-0.000000,0.000000,-0.000000,-1.000000,0.000000,-14.683933,-0.000000,0.000000,1.000000,-33.060611,0.000000,0.000000,0.000000,1.000000
v2.1_lower_body_latest:1+v2.1_lower_leg_R:1+robstride04:1+120WAIGUAN0310_ASM_1_ASM:1+FL120BLW38-48V-120NM_ASM_1_ASM__ASM:1+3_1_02_120_0002_ASM_1_ASM_2_ASM_ASM:1+1_2_05_030050_1_1_1:1,1_2_05_030050_1_1_1,1_2_05_030050_1_1_1,True,-0.965926,0.000000,0.258819,0.000000,0.000000,-1.000000,0.000000,-14.743934,0.258819,0.000000,0.965926,-36.460611,0.000000,0.000000,0.000000,1.000000
v2.1_lower_body_latest:1+v2.1_lower_leg_R:1+robstride04:1+120WAIGUAN0310_ASM_1_ASM:1+FL120BLW38-48V-120NM_ASM_1_ASM__ASM:1+3_1_02_120_0002_ASM_1_ASM_2_ASM_ASM:1+1_2_05_030050_1_1_1:2,1_2_05_030050_1_1_1,1_2_05_030050_1_1_1,True,-0.965926,0.000000,0.258819,2.526693,0.000000,-1.000000,0.000000,-14.743933,0.258819,0.000000,0.965926,-30.785567,0.000000,0.000000,0.000000,1.000000
v2.1_lower_body_latest:1+v2.1_lower_leg_R:1+robstride04:1+120WAIGUAN0310_ASM_1_ASM:1+FL120BLW38-48V-120NM_ASM_1_ASM__ASM:1+3_1_02_120_0002_ASM_1_ASM_2_ASM_ASM:1+1_2_05_030050_1_1_1:3,1_2_05_030050_1_1_1,1_2_05_030050_1_1_1,True,-0.965926,0.000000,0.258819,-2.526692,0.000000,-1.000000,0.000000,-14.743933,0.258819,0.000000,0.965926,-30.785567,0.000000,0.000000,0.000000,1.000000
v2.1_lower_body_latest:1+v2.1_lower_leg_R:1+robstride04:1+120WAIGUAN0310_ASM_1_ASM:1+SR_1__1:1,SR_1__1,SR_1__1,True,-1.000000,-0.000000,-0.000000,0.000000,0.000000,-1.000000,0.000000,-14.683933,-0.000000,0.000000,1.000000,-33.058195,0.000000,0.000000,0.000000,1.000000
v2.1_lower_body_latest:1+v2.1_lower_leg_R:1+robstride04:1+Component26:1,Component26,Component26,True,-1.000000,-0.000000,0.000000,0.000000,0.000000,0.000000,1.000000,-10.153933,-0.000000,1.000000,-0.000000,-33.060611,0.000000,0.000000,0.000000,1.000000
v2.1_lower_body_latest:1+v2.1_lower_leg_R:1+knee_assembly:1+CNC_leg02_x7_RS03_shaft_coupler:1,CNC_leg02_x7_RS03_shaft_coupler,CNC_leg02_x7_RS03_shaft_coupler~2,True,1.000000,0.000000,0.000000,0.000000,-0.000000,1.000000,0.000000,-25.983708,-0.000000,-0.000000,1.000000,-2.988907,0.000000,0.000000,0.000000,1.000000
v2.1_lower_body_latest:1+v2.1_lower_leg_R:1+knee_assembly:1+CNC_leg08_x2_knee_front_bearing_retainer:1,CNC_leg08_x2_knee_front_bearing_retainer,CNC_leg08_x2_knee_front_bearing_retainer,True,1.000000,0.000000,0.000000,0.000000,-0.000000,1.000000,0.000000,-25.983708,-0.000000,-0.000000,1.000000,-2.988907,0.000000,0.000000,0.000000,1.000000
v2.1_lower_body_latest:1+v2.1_lower_leg_R:1+knee_assembly:1+CNC_leg09_x8_knee_back:1,CNC_leg09_x8_knee_back,CNC_leg09_x8_knee_back,True,1.000000,0.000000,0.000000,0.000000,-0.000000,1.000000,0.000000,-25.983708,-0.000000,-0.000000,1.000000,-2.988907,0.000000,0.000000,0.000000,1.000000
v2.1_lower_body_latest:1+v2.1_lower_leg_R:1+knee_assembly:1+CNC_leg03_x4_RS03_shaft_bearing_retainer:1,CNC_leg03_x4_RS03_shaft_bearing_retainer,CNC_leg03_x4_RS03_shaft_bearing_retainer,True,1.000000,0.000000,0.000000,0.000000,-0.000000,1.000000,0.000000,-25.983708,-0.000000,-0.000000,1.000000,-2.988907,0.000000,0.000000,0.000000,1.000000
v2.1_lower_body_latest:1+v2.1_lower_leg_R:1+Robstride 03 - full:1+3_1_02_090_0073_ASM_1_1_ASM:1+1_1_06_EB903-534_ASM_1_1_ASM:1+1_1_06_EB903-537_1_1:1,1_1_06_EB903-537_1_1,1_1_06_EB903-537_1_1,True,-1.000000,0.000000,-0.000000,0.000000,0.000000,1.000000,-0.000000,-12.653933,0.000000,-0.000000,-1.000000,-21.360611,0.000000,0.000000,0.000000,1.000000
v2.1_lower_body_latest:1+v2.1_lower_leg_R:1+Robstride 03 - full:1+3_1_02_090_0073_ASM_1_1_ASM:1+1_2_04_680902_1_1:1,1_2_04_680902_1_1,1_2_04_680902_1_1,True,-1.000000,0.000000,-0.000000,0.000000,0.000000,1.000000,-0.000000,-12.653933,0.000000,-0.000000,-1.000000,-23.960611,0.000000,0.000000,0.000000,1.000000
v2.1_lower_body_latest:1+v2.1_lower_leg_R:1+Robstride 03 - full:1+3_1_02_090_0073_ASM_1_1_ASM:1+1_2_04_635000_1_1:1,1_2_04_635000_1_1,1_2_04_635000_1_1,True,-1.000000,0.000000,0.000000,0.000000,0.000000,0.000000,1.000000,-12.653933,0.000000,1.000000,-0.000000,-24.630611,0.000000,0.000000,0.000000,1.000000
v2.1_lower_body_latest:1+v2.1_lower_leg_R:1+Robstride 03 - full:1+3_1_02_090_0073_ASM_1_1_ASM:1+1_3_03_000357_1_1:1,1_3_03_000357_1_1,1_3_03_000357_1_1,True,-1.000000,0.000000,-0.000000,0.000000,0.000000,1.000000,-0.000000,-12.653933,0.000000,-0.000000,-1.000000,-24.660611,0.000000,0.000000,0.000000,1.000000
v2.1_lower_body_latest:1+v2.1_lower_leg_R:1+Robstride 03 - full:1+3_1_02_090_0073_ASM_1_1_ASM:1+1_1_02_EB901-547_1_rotor:1,1_1_02_EB901-547_1_rotor,1_1_02_EB901-547_1_rotor,True,-0.500000,-0.866025,0.000000,0.000000,0.866025,-0.500000,0.000000,-12.653933,-0.000000,0.000000,1.000000,-25.110611,0.000000,0.000000,0.000000,1.000000
v2.1_lower_body_latest:1+v2.1_lower_leg_R:1+Robstride 03 - full:1+3_1_02_090_0073_ASM_1_1_ASM:1+1_2_06_000004_AF0_1_1:1,1_2_06_000004_AF0_1_1,1_2_06_000004_AF0_1_1,True,-1.000000,0.000000,-0.000000,0.000000,0.000000,1.000000,-0.000000,-12.653933,0.000000,-0.000000,-1.000000,-24.710611,0.000000,0.000000,0.000000,1.000000
v2.1_lower_body_latest:1+v2.1_lower_leg_R:1+Robstride 03 - full:1+3_1_02_090_0073_ASM_1_1_ASM:1+1_1_31_QT-942_1:1,1_1_31_QT-942_1,1_1_31_QT-942_1,True,-0.000000,-1.000000,-0.000000,0.000000,-1.000000,0.000000,-0.000000,-12.653933,0.000000,0.000000,-1.000000,-21.110611,0.000000,0.000000,0.000000,1.000000
v2.1_lower_body_latest:1+v2.1_lower_leg_R:1+Robstride 03 - full:1+3_1_02_090_0073_ASM_1_1_ASM:1+1_2_05_130001_1_1:1,1_2_05_130001_1_1,1_2_05_130001_1_1,True,-1.000000,0.000000,0.000000,0.200000,0.000000,0.000000,1.000000,-9.653933,0.000000,1.000000,-0.000000,-20.078033,0.000000,0.000000,0.000000,1.000000
v2.1_lower_body_latest:1+v2.1_lower_leg_R:1+Robstride 03 - full:1+3_1_02_090_0073_ASM_1_1_ASM:1+1_2_05_130001_1_1:2,1_2_05_130001_1_1,1_2_05_130001_1_1,True,-1.000000,0.000000,0.000000,-2.126500,0.000000,0.000000,1.000000,-15.128933,0.000000,1.000000,-0.000000,-20.078032,0.000000,0.000000,0.000000,1.000000
v2.1_lower_body_latest:1+v2.1_lower_leg_R:1+Robstride 03 - full:1+3_1_02_090_0073_ASM_1_1_ASM:1+1_2_05_130001_1_1:3,1_2_05_130001_1_1,1_2_05_130001_1_1,True,-1.000000,0.000000,0.000000,2.126500,0.000000,0.000000,1.000000,-15.128933,0.000000,1.000000,-0.000000,-20.078032,0.000000,0.000000,0.000000,1.000000
v2.1_lower_body_latest:1+v2.1_lower_leg_R:1+Robstride 03 - full:1+3_1_02_090_0073_ASM_1_1_ASM:1+PBC:1,PBC,PBC,True,-1.000000,0.000000,-0.000000,0.000000,0.000000,1.000000,-0.000000,-12.653933,0.000000,-0.000000,-1.000000,-24.860611,0.000000,0.000000,0.000000,1.000000
v2.1_lower_body_latest:1+v2.1_lower_leg_R:1+Robstride 03 - full:1+3_1_02_090_0073_ASM_1_1_ASM:1+CORE:1,CORE,CORE,True,-1.000000,0.000000,-0.000000,0.000000,0.000000,1.000000,-0.000000,-12.653933,0.000000,-0.000000,-1.000000,-24.860611,0.000000,0.000000,0.000000,1.000000
v2.1_lower_body_latest:1+v2.1_lower_leg_R:1+Robstride 03 - full:1+BACK_COVER1_1_06_EB903-538_1:1+1_2_05_140095_1_1:1,1_2_05_140095_1_1,1_2_05_140095_1_1,True,-0.000000,0.000000,1.000000,1.875149,-0.000000,1.000000,-0.000000,-17.180942,-1.000000,-0.000000,-0.000000,-20.910610,0.000000,0.000000,0.000000,1.000000
v2.1_lower_body_latest:1+v2.1_lower_leg_R:1+Robstride 03 - full:1+BACK_COVER1_1_06_EB903-538_1:1+1_2_05_140095_1_1:2,1_2_05_140095_1_1,1_2_05_140095_1_1,True,-0.000000,0.000000,1.000000,-1.875149,-0.000000,1.000000,-0.000000,-17.180942,-1.000000,-0.000000,-0.000000,-20.910610,0.000000,0.000000,0.000000,1.000000
v2.1_lower_body_latest:1+v2.1_lower_leg_R:1+Robstride 03 - full:1+BACK_COVER1_1_06_EB903-538_1:1+1_2_05_140095_1_1:3,1_2_05_140095_1_1,1_2_05_140095_1_1,True,-0.000000,0.000000,1.000000,-1.875149,-0.000000,1.000000,-0.000000,-8.126923,-1.000000,-0.000000,-0.000000,-20.910611,0.000000,0.000000,0.000000,1.000000
v2.1_lower_body_latest:1+v2.1_lower_leg_R:1+Robstride 03 - full:1+BACK_COVER1_1_06_EB903-538_1:1+1_2_05_140095_1_1:4,1_2_05_140095_1_1,1_2_05_140095_1_1,True,-0.000000,0.000000,1.000000,1.875149,-0.000000,1.000000,-0.000000,-8.126923,-1.000000,-0.000000,-0.000000,-20.910611,0.000000,0.000000,0.000000,1.000000
v2.1_lower_body_latest:1+v2.1_lower_leg_R:1+Robstride 03 - full:1+BACK_COVER1_1_06_EB903-538_1:1+1_2_05_020108_1_1:3,1_2_05_020108_1_1,1_2_05_020108_1_1,True,-0.000000,0.000000,1.000000,3.423804,-0.000000,1.000000,-0.000000,-13.766394,-1.000000,-0.000000,-0.000000,-20.150611,0.000000,0.000000,0.000000,1.000000
v2.1_lower_body_latest:1+v2.1_lower_leg_R:1+Robstride 03 - full:1+BACK_COVER1_1_06_EB903-538_1:1+1_2_05_020108_1_1:4,1_2_05_020108_1_1,1_2_05_020108_1_1,True,-0.000000,0.000000,1.000000,-3.221763,-0.000000,1.000000,-0.000000,-14.260245,-1.000000,-0.000000,-0.000000,-20.150611,0.000000,0.000000,0.000000,1.000000
v2.1_lower_body_latest:1+v2.1_lower_leg_R:1+Robstride 03 - full:1+BACK_COVER1_1_06_EB903-538_1:1+1_2_05_020108_1_1:2,1_2_05_020108_1_1,1_2_05_020108_1_1,True,-0.000000,0.000000,1.000000,-3.221763,-0.000000,1.000000,-0.000000,-11.047620,-1.000000,-0.000000,-0.000000,-20.150611,0.000000,0.000000,0.000000,1.000000
v2.1_lower_body_latest:1+v2.1_lower_leg_R:1+Robstride 03 - full:1+BACK_COVER1_1_06_EB903-538_1:1+1_2_05_020108_1_1:1,1_2_05_020108_1_1,1_2_05_020108_1_1,True,-0.000000,0.000000,1.000000,3.423804,-0.000000,1.000000,-0.000000,-11.541471,-1.000000,-0.000000,-0.000000,-20.152611,0.000000,0.000000,0.000000,1.000000
v2.1_lower_body_latest:1+v2.1_lower_leg_R:1+Robstride 03 - full:1+BACK_COVER1_1_06_EB903-538_1:1,BACK_COVER1_1_06_EB903-538_1,BACK_COVER1_1_06_EB903-538_1,True,-0.000000,-1.000000,-0.000000,0.000000,-1.000000,0.000000,-0.000000,-12.653932,0.000000,0.000000,-1.000000,-19.450611,0.000000,0.000000,0.000000,1.000000
v2.1_lower_body_latest:1+v2.1_lower_leg_R:1+bearings:1+bearing_45x58x7_6809_5.4kN_40g:1+half-bearing-45x58x7_6809_5.4kN_40g:1,half-bearing-45x58x7_6809_5.4kN_40g,half-bearing-45x58x7_6809_5.4kN_40g,True,1.000000,-0.000000,0.000000,0.000000,-0.000000,-0.000000,1.000000,-9.753935,-0.000000,-1.000000,-0.000000,-52.560611,0.000000,0.000000,0.000000,1.000000
v2.1_lower_body_latest:1+v2.1_lower_leg_R:1+bearings:1+bearing_45x58x7_6809_5.4kN_40g:1+half-bearing-45x58x7_6809_5.4kN_40g:2,half-bearing-45x58x7_6809_5.4kN_40g,half-bearing-45x58x7_6809_5.4kN_40g,True,1.000000,-0.000000,0.000000,0.000000,-0.000000,-0.000000,1.000000,-9.753935,-0.000000,-1.000000,-0.000000,-52.560611,0.000000,0.000000,0.000000,1.000000
v2.1_lower_body_latest:1+v2.1_lower_leg_R:1+bearings:1+bearing_35x47x7_6807_4.0kN_29g:1+half-bearing_35x47x7_6807_4.0kN_29g:1,half-bearing_35x47x7_6807_4.0kN_29g,half-bearing_35x47x7_6807_4.0kN_29g,True,0.000000,-0.000000,1.000000,10.350000,0.000000,-1.000000,-0.000000,-12.653935,1.000000,0.000000,-0.000000,-52.560611,0.000000,0.000000,0.000000,1.000000
v2.1_lower_body_latest:1+v2.1_lower_leg_R:1+bearings:1+bearing_35x47x7_6807_4.0kN_29g:1+half-bearing_35x47x7_6807_4.0kN_29g:2,half-bearing_35x47x7_6807_4.0kN_29g,half-bearing_35x47x7_6807_4.0kN_29g,True,0.000000,-0.000000,1.000000,10.350000,0.000000,-1.000000,-0.000000,-12.653935,1.000000,0.000000,-0.000000,-52.560611,0.000000,0.000000,0.000000,1.000000
v2.1_lower_body_latest:1+v2.1_lower_leg_R:1+bearings:1+bearing_35x47x7_6807_4.0kN_29g:2+half-bearing_35x47x7_6807_4.0kN_29g:1,half-bearing_35x47x7_6807_4.0kN_29g,half-bearing_35x47x7_6807_4.0kN_29g,True,0.000000,0.000000,-1.000000,-5.550000,0.000000,1.000000,0.000000,-12.653935,1.000000,-0.000000,0.000000,-52.560611,0.000000,0.000000,0.000000,1.000000
v2.1_lower_body_latest:1+v2.1_lower_leg_R:1+bearings:1+bearing_35x47x7_6807_4.0kN_29g:2+half-bearing_35x47x7_6807_4.0kN_29g:2,half-bearing_35x47x7_6807_4.0kN_29g,half-bearing_35x47x7_6807_4.0kN_29g,True,0.000000,0.000000,-1.000000,-5.550000,0.000000,1.000000,0.000000,-12.653935,1.000000,-0.000000,0.000000,-52.560611,0.000000,0.000000,0.000000,1.000000
v2.1_lower_body_latest:1+v2.1_lower_leg_R:1+bearings:1+bearing_35x44x5_6707_1.6kN_15g:1+half-bearing_35x44x5_6707_1.6kN_15g:1,half-bearing_35x44x5_6707_1.6kN_15g,half-bearing_35x44x5_6707_1.6kN_15g,True,1.000000,0.000000,-0.000000,0.000000,-0.000000,0.000000,-1.000000,-16.403935,-0.000000,1.000000,0.000000,-52.560610,0.000000,0.000000,0.000000,1.000000
v2.1_lower_body_latest:1+v2.1_lower_leg_R:1+bearings:1+bearing_35x44x5_6707_1.6kN_15g:1+half-bearing_35x44x5_6707_1.6kN_15g:2,half-bearing_35x44x5_6707_1.6kN_15g,half-bearing_35x44x5_6707_1.6kN_15g,True,1.000000,0.000000,-0.000000,0.000000,-0.000000,0.000000,-1.000000,-16.403935,-0.000000,1.000000,0.000000,-52.560610,0.000000,0.000000,0.000000,1.000000
v2.1_lower_body_latest:1+v2.1_lower_leg_R:1+bearings:1+bearing_35x44x5_6707_1.6kN_15g:2+half-bearing_35x44x5_6707_1.6kN_15g:1,half-bearing_35x44x5_6707_1.6kN_15g,half-bearing_35x44x5_6707_1.6kN_15g,True,1.000000,-0.000000,0.000000,0.000000,-0.000000,-0.000000,1.000000,-17.053935,-0.000000,-1.000000,-0.000000,-52.560610,0.000000,0.000000,0.000000,1.000000
v2.1_lower_body_latest:1+v2.1_lower_leg_R:1+bearings:1+bearing_35x44x5_6707_1.6kN_15g:2+half-bearing_35x44x5_6707_1.6kN_15g:2,half-bearing_35x44x5_6707_1.6kN_15g,half-bearing_35x44x5_6707_1.6kN_15g,True,1.000000,-0.000000,0.000000,0.000000,-0.000000,-0.000000,1.000000,-17.053935,-0.000000,-1.000000,-0.000000,-52.560610,0.000000,0.000000,0.000000,1.000000
v2.1_lower_body_latest:1+v2.1_lower_leg_R:1+bearings:1+bearing_35x44x5_6707_1.6kN_15g:3+half-bearing_35x44x5_6707_1.6kN_15g:1,half-bearing_35x44x5_6707_1.6kN_15g,half-bearing_35x44x5_6707_1.6kN_15g,True,1.000000,-0.000000,0.000000,0.000000,-0.000000,-0.000000,1.000000,-17.053933,-0.000000,-1.000000,-0.000000,-33.060610,0.000000,0.000000,0.000000,1.000000
v2.1_lower_body_latest:1+v2.1_lower_leg_R:1+bearings:1+bearing_35x44x5_6707_1.6kN_15g:3+half-bearing_35x44x5_6707_1.6kN_15g:2,half-bearing_35x44x5_6707_1.6kN_15g,half-bearing_35x44x5_6707_1.6kN_15g,True,1.000000,-0.000000,0.000000,0.000000,-0.000000,-0.000000,1.000000,-17.053933,-0.000000,-1.000000,-0.000000,-33.060610,0.000000,0.000000,0.000000,1.000000
v2.1_lower_body_latest:1+v2.1_lower_leg_R:1+bearings:1+bearing_35x44x5_6707_1.6kN_15g:4+half-bearing_35x44x5_6707_1.6kN_15g:1,half-bearing_35x44x5_6707_1.6kN_15g,half-bearing_35x44x5_6707_1.6kN_15g,True,1.000000,0.000000,-0.000000,0.000000,-0.000000,0.000000,-1.000000,-16.403933,-0.000000,1.000000,0.000000,-33.060610,0.000000,0.000000,0.000000,1.000000
v2.1_lower_body_latest:1+v2.1_lower_leg_R:1+bearings:1+bearing_35x44x5_6707_1.6kN_15g:4+half-bearing_35x44x5_6707_1.6kN_15g:2,half-bearing_35x44x5_6707_1.6kN_15g,half-bearing_35x44x5_6707_1.6kN_15g,True,1.000000,0.000000,-0.000000,0.000000,-0.000000,0.000000,-1.000000,-16.403933,-0.000000,1.000000,0.000000,-33.060610,0.000000,0.000000,0.000000,1.000000
v2.1_lower_body_latest:1+v2.1_lower_leg_R:1+bearings:1+bearing_50x65x7_6810_6.1kN_52g:1+half-bearing_50x65x7_6810_6.1kN_52g:1,half-bearing_50x65x7_6810_6.1kN_52g,half-bearing_50x65x7_6810_6.1kN_52g,True,1.000000,0.000000,-0.000000,0.000000,-0.000000,0.000000,-1.000000,-9.603933,-0.000000,1.000000,0.000000,-33.060611,0.000000,0.000000,0.000000,1.000000
v2.1_lower_body_latest:1+v2.1_lower_leg_R:1+bearings:1+bearing_50x65x7_6810_6.1kN_52g:1+half-bearing_50x65x7_6810_6.1kN_52g:2,half-bearing_50x65x7_6810_6.1kN_52g,half-bearing_50x65x7_6810_6.1kN_52g,True,1.000000,0.000000,-0.000000,0.000000,-0.000000,0.000000,-1.000000,-9.603933,-0.000000,1.000000,0.000000,-33.060611,0.000000,0.000000,0.000000,1.000000
v2.1_lower_body_latest:1+v2.1_lower_leg_R:1+bearings:1+bearing_45x58x7_6809_5.4kN_40g:2+half-bearing-45x58x7_6809_5.4kN_40g:1,half-bearing-45x58x7_6809_5.4kN_40g,half-bearing-45x58x7_6809_5.4kN_40g,True,1.000000,-0.000000,-0.000000,0.000000,-0.000000,-1.000000,-0.000000,-12.653933,-0.000000,0.000000,-1.000000,-25.463611,0.000000,0.000000,0.000000,1.000000
v2.1_lower_body_latest:1+v2.1_lower_leg_R:1+bearings:1+bearing_45x58x7_6809_5.4kN_40g:2+half-bearing-45x58x7_6809_5.4kN_40g:2,half-bearing-45x58x7_6809_5.4kN_40g,half-bearing-45x58x7_6809_5.4kN_40g,True,1.000000,-0.000000,-0.000000,0.000000,-0.000000,-1.000000,-0.000000,-12.653933,-0.000000,0.000000,-1.000000,-25.463611,0.000000,0.000000,0.000000,1.000000
v2.1_lower_body_latest:1+v2.1_lower_leg_R:1+Hexalobular Socket Pan Head Screw ISO 14583 - M5x10 Steel 4.6 Plain:7,Hexalobular Socket Pan Head Screw ISO 14583 - M5x10 Steel 4.6 Plain,Hexalobular_Socket_Pan_Head_Screw_ISO_14583_-_M3x10_Steel_4.6_Plain,True,1.000000,-0.000000,0.000000,-0.900000,-0.000000,-0.000000,1.000000,-9.653933,-0.000000,-1.000000,-0.000000,-34.619457,0.000000,0.000000,0.000000,1.000000
v2.1_lower_body_latest:1+v2.1_lower_leg_R:1+Hexalobular Socket Pan Head Screw ISO 14583 - M5x10 Steel 4.6 Plain:8,Hexalobular Socket Pan Head Screw ISO 14583 - M5x10 Steel 4.6 Plain,Hexalobular_Socket_Pan_Head_Screw_ISO_14583_-_M3x10_Steel_4.6_Plain,True,1.000000,-0.000000,0.000000,-1.800000,-0.000000,-0.000000,1.000000,-9.653933,-0.000000,-1.000000,-0.000000,-33.060611,0.000000,0.000000,0.000000,1.000000
v2.1_lower_body_latest:1+v2.1_lower_leg_R:1+Hexalobular Socket Pan Head Screw ISO 14583 - M5x10 Steel 4.6 Plain:9,Hexalobular Socket Pan Head Screw ISO 14583 - M5x10 Steel 4.6 Plain,Hexalobular_Socket_Pan_Head_Screw_ISO_14583_-_M3x10_Steel_4.6_Plain,True,1.000000,-0.000000,0.000000,-0.900000,-0.000000,-0.000000,1.000000,-9.653933,-0.000000,-1.000000,-0.000000,-31.501765,0.000000,0.000000,0.000000,1.000000
v2.1_lower_body_latest:1+v2.1_lower_leg_R:1+Hexalobular Socket Pan Head Screw ISO 14583 - M5x10 Steel 4.6 Plain:10,Hexalobular Socket Pan Head Screw ISO 14583 - M5x10 Steel 4.6 Plain,Hexalobular_Socket_Pan_Head_Screw_ISO_14583_-_M3x10_Steel_4.6_Plain,True,1.000000,-0.000000,0.000000,0.000000,-0.000000,-0.000000,1.000000,-9.653933,-0.000000,-1.000000,-0.000000,-31.260611,0.000000,0.000000,0.000000,1.000000
v2.1_lower_body_latest:1+v2.1_lower_leg_R:1+Hexalobular Socket Pan Head Screw ISO 14583 - M5x10 Steel 4.6 Plain:11,Hexalobular Socket Pan Head Screw ISO 14583 - M5x10 Steel 4.6 Plain,Hexalobular_Socket_Pan_Head_Screw_ISO_14583_-_M3x10_Steel_4.6_Plain,True,1.000000,-0.000000,0.000000,0.900000,-0.000000,-0.000000,1.000000,-9.653933,-0.000000,-1.000000,-0.000000,-31.501765,0.000000,0.000000,0.000000,1.000000
v2.1_lower_body_latest:1+v2.1_lower_leg_R:1+Hexalobular Socket Pan Head Screw ISO 14583 - M5x10 Steel 4.6 Plain:12,Hexalobular Socket Pan Head Screw ISO 14583 - M5x10 Steel 4.6 Plain,Hexalobular_Socket_Pan_Head_Screw_ISO_14583_-_M3x10_Steel_4.6_Plain,True,1.000000,-0.000000,0.000000,0.900000,-0.000000,-0.000000,1.000000,-9.653933,-0.000000,-1.000000,-0.000000,-34.619457,0.000000,0.000000,0.000000,1.000000
v2.1_lower_body_latest:1+v2.1_lower_leg_R:1+Hexalobular Socket Pan Head Screw ISO 14583 - M5x10 Steel 4.6 Plain:13,Hexalobular Socket Pan Head Screw ISO 14583 - M5x10 Steel 4.6 Plain,Hexalobular_Socket_Pan_Head_Screw_ISO_14583_-_M3x10_Steel_4.6_Plain,True,1.000000,-0.000000,0.000000,1.800000,-0.000000,-0.000000,1.000000,-9.653933,-0.000000,-1.000000,-0.000000,-33.060611,0.000000,0.000000,0.000000,1.000000
v2.1_lower_body_latest:1+v2.1_lower_leg_R:1+Hexalobular Socket Pan Head Screw ISO 14583 - M4x10 Steel 4.6 Plain:62,Hexalobular Socket Pan Head Screw ISO 14583 - M4x10 Steel 4.6 Plain,Hexalobular_Socket_Pan_Head_Screw_ISO_14583_-_M3x10_Steel_4.6_Plain,True,1.000000,-0.000000,0.000000,-4.287790,-0.000000,-0.000000,1.000000,-9.803934,-0.000000,-1.000000,-0.000000,-36.175873,0.000000,0.000000,0.000000,1.000000
v2.1_lower_body_latest:1+v2.1_lower_leg_R:1+Hexalobular Socket Pan Head Screw ISO 14583 - M4x10 Steel 4.6 Plain:63,Hexalobular Socket Pan Head Screw ISO 14583 - M4x10 Steel 4.6 Plain,Hexalobular_Socket_Pan_Head_Screw_ISO_14583_-_M3x10_Steel_4.6_Plain,True,1.000000,-0.000000,0.000000,-4.287790,-0.000000,-0.000000,1.000000,-9.803933,-0.000000,-1.000000,-0.000000,-29.945349,0.000000,0.000000,0.000000,1.000000
v2.1_lower_body_latest:1+v2.1_lower_leg_R:1+Hexalobular Socket Pan Head Screw ISO 14583 - M4x10 Steel 4.6 Plain:64,Hexalobular Socket Pan Head Screw ISO 14583 - M4x10 Steel 4.6 Plain,Hexalobular_Socket_Pan_Head_Screw_ISO_14583_-_M3x10_Steel_4.6_Plain,True,1.000000,-0.000000,0.000000,-1.637790,-0.000000,-0.000000,1.000000,-9.803933,-0.000000,-1.000000,-0.000000,-28.020011,0.000000,0.000000,0.000000,1.000000
v2.1_lower_body_latest:1+v2.1_lower_leg_R:1+Hexalobular Socket Pan Head Screw ISO 14583 - M4x10 Steel 4.6 Plain:65,Hexalobular Socket Pan Head Screw ISO 14583 - M4x10 Steel 4.6 Plain,Hexalobular_Socket_Pan_Head_Screw_ISO_14583_-_M3x10_Steel_4.6_Plain,True,1.000000,-0.000000,0.000000,-5.300000,-0.000000,-0.000000,1.000000,-9.803933,-0.000000,-1.000000,-0.000000,-33.060611,0.000000,0.000000,0.000000,1.000000
v2.1_lower_body_latest:1+v2.1_lower_leg_R:1+Hexalobular Socket Pan Head Screw ISO 14583 - M4x10 Steel 4.6 Plain:66,Hexalobular Socket Pan Head Screw ISO 14583 - M4x10 Steel 4.6 Plain,Hexalobular_Socket_Pan_Head_Screw_ISO_14583_-_M3x10_Steel_4.6_Plain,True,1.000000,-0.000000,0.000000,-1.637790,-0.000000,-0.000000,1.000000,-9.803934,-0.000000,-1.000000,-0.000000,-38.101210,0.000000,0.000000,0.000000,1.000000
v2.1_lower_body_latest:1+v2.1_lower_leg_R:1+Hexalobular Socket Pan Head Screw ISO 14583 - M4x10 Steel 4.6 Plain:67,Hexalobular Socket Pan Head Screw ISO 14583 - M4x10 Steel 4.6 Plain,Hexalobular_Socket_Pan_Head_Screw_ISO_14583_-_M3x10_Steel_4.6_Plain,True,1.000000,-0.000000,0.000000,4.287790,-0.000000,-0.000000,1.000000,-9.803934,-0.000000,-1.000000,-0.000000,-36.175873,0.000000,0.000000,0.000000,1.000000
v2.1_lower_body_latest:1+v2.1_lower_leg_R:1+Hexalobular Socket Pan Head Screw ISO 14583 - M4x10 Steel 4.6 Plain:68,Hexalobular Socket Pan Head Screw ISO 14583 - M4x10 Steel 4.6 Plain,Hexalobular_Socket_Pan_Head_Screw_ISO_14583_-_M3x10_Steel_4.6_Plain,True,1.000000,-0.000000,0.000000,4.287790,-0.000000,-0.000000,1.000000,-9.803933,-0.000000,-1.000000,-0.000000,-29.945349,0.000000,0.000000,0.000000,1.000000
v2.1_lower_body_latest:1+v2.1_lower_leg_R:1+Hexalobular Socket Pan Head Screw ISO 14583 - M4x10 Steel 4.6 Plain:69,Hexalobular Socket Pan Head Screw ISO 14583 - M4x10 Steel 4.6 Plain,Hexalobular_Socket_Pan_Head_Screw_ISO_14583_-_M3x10_Steel_4.6_Plain,True,1.000000,-0.000000,0.000000,5.300000,-0.000000,-0.000000,1.000000,-9.803933,-0.000000,-1.000000,-0.000000,-33.060611,0.000000,0.000000,0.000000,1.000000
v2.1_lower_body_latest:1+v2.1_lower_leg_R:1+Hexalobular Socket Pan Head Screw ISO 14583 - M4x10 Steel 4.6 Plain:70,Hexalobular Socket Pan Head Screw ISO 14583 - M4x10 Steel 4.6 Plain,Hexalobular_Socket_Pan_Head_Screw_ISO_14583_-_M3x10_Steel_4.6_Plain,True,1.000000,-0.000000,0.000000,1.637790,-0.000000,-0.000000,1.000000,-9.803934,-0.000000,-1.000000,-0.000000,-38.101210,0.000000,0.000000,0.000000,1.000000
v2.1_lower_body_latest:1+v2.1_lower_leg_R:1+Hexalobular Socket Pan Head Screw ISO 14583 - M4x10 Steel 4.6 Plain:71,Hexalobular Socket Pan Head Screw ISO 14583 - M4x10 Steel 4.6 Plain,Hexalobular_Socket_Pan_Head_Screw_ISO_14583_-_M3x10_Steel_4.6_Plain,True,1.000000,-0.000000,0.000000,1.637790,-0.000000,-0.000000,1.000000,-9.803933,-0.000000,-1.000000,-0.000000,-28.020011,0.000000,0.000000,0.000000,1.000000
v2.1_lower_body_latest:1+v2.1_lower_leg_R:1+Hexalobular Socket Pan Head Screw ISO 14583 - M4x10 Steel 4.6 Plain:72,Hexalobular Socket Pan Head Screw ISO 14583 - M4x10 Steel 4.6 Plain,Hexalobular_Socket_Pan_Head_Screw_ISO_14583_-_M3x10_Steel_4.6_Plain,True,1.000000,0.000000,-0.000000,-4.287790,-0.000000,0.000000,-1.000000,-14.453934,-0.000000,1.000000,0.000000,-36.175872,0.000000,0.000000,0.000000,1.000000
v2.1_lower_body_latest:1+v2.1_lower_leg_R:1+Hexalobular Socket Pan Head Screw ISO 14583 - M4x10 Steel 4.6 Plain:73,Hexalobular Socket Pan Head Screw ISO 14583 - M4x10 Steel 4.6 Plain,Hexalobular_Socket_Pan_Head_Screw_ISO_14583_-_M3x10_Steel_4.6_Plain,True,1.000000,0.000000,-0.000000,-4.287790,-0.000000,0.000000,-1.000000,-14.453933,-0.000000,1.000000,0.000000,-29.945349,0.000000,0.000000,0.000000,1.000000
v2.1_lower_body_latest:1+v2.1_lower_leg_R:1+Hexalobular Socket Pan Head Screw ISO 14583 - M4x10 Steel 4.6 Plain:74,Hexalobular Socket Pan Head Screw ISO 14583 - M4x10 Steel 4.6 Plain,Hexalobular_Socket_Pan_Head_Screw_ISO_14583_-_M3x10_Steel_4.6_Plain,True,1.000000,0.000000,-0.000000,-5.300000,-0.000000,0.000000,-1.000000,-14.453933,-0.000000,1.000000,0.000000,-33.060611,0.000000,0.000000,0.000000,1.000000
v2.1_lower_body_latest:1+v2.1_lower_leg_R:1+Hexalobular Socket Pan Head Screw ISO 14583 - M4x10 Steel 4.6 Plain:75,Hexalobular Socket Pan Head Screw ISO 14583 - M4x10 Steel 4.6 Plain,Hexalobular_Socket_Pan_Head_Screw_ISO_14583_-_M3x10_Steel_4.6_Plain,True,1.000000,0.000000,-0.000000,4.287790,-0.000000,0.000000,-1.000000,-14.453934,-0.000000,1.000000,0.000000,-36.175872,0.000000,0.000000,0.000000,1.000000
v2.1_lower_body_latest:1+v2.1_lower_leg_R:1+Hexalobular Socket Pan Head Screw ISO 14583 - M4x10 Steel 4.6 Plain:76,Hexalobular Socket Pan Head Screw ISO 14583 - M4x10 Steel 4.6 Plain,Hexalobular_Socket_Pan_Head_Screw_ISO_14583_-_M3x10_Steel_4.6_Plain,True,1.000000,0.000000,-0.000000,4.287790,-0.000000,0.000000,-1.000000,-14.453933,-0.000000,1.000000,0.000000,-29.945349,0.000000,0.000000,0.000000,1.000000
v2.1_lower_body_latest:1+v2.1_lower_leg_R:1+Hexalobular Socket Pan Head Screw ISO 14583 - M4x10 Steel 4.6 Plain:77,Hexalobular Socket Pan Head Screw ISO 14583 - M4x10 Steel 4.6 Plain,Hexalobular_Socket_Pan_Head_Screw_ISO_14583_-_M3x10_Steel_4.6_Plain,True,1.000000,0.000000,-0.000000,5.300000,-0.000000,0.000000,-1.000000,-14.453933,-0.000000,1.000000,0.000000,-33.060611,0.000000,0.000000,0.000000,1.000000
v2.1_lower_body_latest:1+v2.1_lower_leg_R:1+Hexalobular Socket Pan Head Screw ISO 14583 - M4x10 Steel 4.6 Plain:78,Hexalobular Socket Pan Head Screw ISO 14583 - M4x10 Steel 4.6 Plain,Hexalobular_Socket_Pan_Head_Screw_ISO_14583_-_M3x10_Steel_4.6_Plain,True,1.000000,-0.000000,-0.000000,-4.527009,-0.000000,-1.000000,-0.000000,-10.778784,-0.000000,0.000000,-1.000000,-25.260611,0.000000,0.000000,0.000000,1.000000
v2.1_lower_body_latest:1+v2.1_lower_leg_R:1+Hexalobular Socket Pan Head Screw ISO 14583 - M4x10 Steel 4.6 Plain:79,Hexalobular Socket Pan Head Screw ISO 14583 - M4x10 Steel 4.6 Plain,Hexalobular_Socket_Pan_Head_Screw_ISO_14583_-_M3x10_Steel_4.6_Plain,True,1.000000,-0.000000,-0.000000,-1.875149,-0.000000,-1.000000,-0.000000,-8.126923,-0.000000,0.000000,-1.000000,-25.260611,0.000000,0.000000,0.000000,1.000000
v2.1_lower_body_latest:1+v2.1_lower_leg_R:1+Hexalobular Socket Pan Head Screw ISO 14583 - M4x10 Steel 4.6 Plain:80,Hexalobular Socket Pan Head Screw ISO 14583 - M4x10 Steel 4.6 Plain,Hexalobular_Socket_Pan_Head_Screw_ISO_14583_-_M3x10_Steel_4.6_Plain,True,1.000000,-0.000000,-0.000000,4.527010,-0.000000,-1.000000,-0.000000,-10.778784,-0.000000,0.000000,-1.000000,-25.260611,0.000000,0.000000,0.000000,1.000000
v2.1_lower_body_latest:1+v2.1_lower_leg_R:1+Hexalobular Socket Pan Head Screw ISO 14583 - M4x10 Steel 4.6 Plain:81,Hexalobular Socket Pan Head Screw ISO 14583 - M4x10 Steel 4.6 Plain,Hexalobular_Socket_Pan_Head_Screw_ISO_14583_-_M3x10_Steel_4.6_Plain,True,1.000000,-0.000000,-0.000000,1.875149,-0.000000,-1.000000,-0.000000,-8.126923,-0.000000,0.000000,-1.000000,-25.260611,0.000000,0.000000,0.000000,1.000000
v2.1_lower_body_latest:1+v2.1_lower_leg_R:1+Hexalobular Socket Pan Head Screw ISO 14583 - M4x10 Steel 4.6 Plain:82,Hexalobular Socket Pan Head Screw ISO 14583 - M4x10 Steel 4.6 Plain,Hexalobular_Socket_Pan_Head_Screw_ISO_14583_-_M3x10_Steel_4.6_Plain,True,1.000000,-0.000000,-0.000000,-4.527009,-0.000000,-1.000000,-0.000000,-14.529082,-0.000000,0.000000,-1.000000,-25.260611,0.000000,0.000000,0.000000,1.000000
v2.1_lower_body_latest:1+v2.1_lower_leg_R:1+Hexalobular Socket Pan Head Screw ISO 14583 - M4x10 Steel 4.6 Plain:83,Hexalobular Socket Pan Head Screw ISO 14583 - M4x10 Steel 4.6 Plain,Hexalobular_Socket_Pan_Head_Screw_ISO_14583_-_M3x10_Steel_4.6_Plain,True,1.000000,-0.000000,-0.000000,-1.875149,-0.000000,-1.000000,-0.000000,-17.180943,-0.000000,0.000000,-1.000000,-25.260610,0.000000,0.000000,0.000000,1.000000
v2.1_lower_body_latest:1+v2.1_lower_leg_R:1+Hexalobular Socket Pan Head Screw ISO 14583 - M4x10 Steel 4.6 Plain:84,Hexalobular Socket Pan Head Screw ISO 14583 - M4x10 Steel 4.6 Plain,Hexalobular_Socket_Pan_Head_Screw_ISO_14583_-_M3x10_Steel_4.6_Plain,True,1.000000,-0.000000,-0.000000,1.875149,-0.000000,-1.000000,-0.000000,-17.180943,-0.000000,0.000000,-1.000000,-25.260610,0.000000,0.000000,0.000000,1.000000
v2.1_lower_body_latest:1+v2.1_lower_leg_R:1+Hexalobular Socket Pan Head Screw ISO 14583 - M4x10 Steel 4.6 Plain:85,Hexalobular Socket Pan Head Screw ISO 14583 - M4x10 Steel 4.6 Plain,Hexalobular_Socket_Pan_Head_Screw_ISO_14583_-_M3x10_Steel_4.6_Plain,True,1.000000,-0.000000,-0.000000,4.527010,-0.000000,-1.000000,-0.000000,-14.529082,-0.000000,0.000000,-1.000000,-25.260611,0.000000,0.000000,0.000000,1.000000
v2.1_lower_body_latest:1+v2.1_lower_leg_R:1+Hexalobular Socket Pan Head Screw ISO 14583 - M4x10 Steel 4.6 Plain:86,Hexalobular Socket Pan Head Screw ISO 14583 - M4x10 Steel 4.6 Plain,Hexalobular_Socket_Pan_Head_Screw_ISO_14583_-_M3x10_Steel_4.6_Plain,True,0.000000,-0.000000,1.000000,10.450000,0.000000,-1.000000,-0.000000,-13.254435,1.000000,0.000000,-0.000000,-53.600707,0.000000,0.000000,0.000000,1.000000
v2.1_lower_body_latest:1+v2.1_lower_leg_R:1+Hexalobular Socket Pan Head Screw ISO 14583 - M4x10 Steel 4.6 Plain:87,Hexalobular Socket Pan Head Screw ISO 14583 - M4x10 Steel 4.6 Plain,Hexalobular_Socket_Pan_Head_Screw_ISO_14583_-_M3x10_Steel_4.6_Plain,True,0.000000,-0.000000,1.000000,10.450000,0.000000,-1.000000,-0.000000,-13.854935,1.000000,0.000000,-0.000000,-52.560611,0.000000,0.000000,0.000000,1.000000
v2.1_lower_body_latest:1+v2.1_lower_leg_R:1+Hexalobular Socket Pan Head Screw ISO 14583 - M4x10 Steel 4.6 Plain:88,Hexalobular Socket Pan Head Screw ISO 14583 - M4x10 Steel 4.6 Plain,Hexalobular_Socket_Pan_Head_Screw_ISO_14583_-_M3x10_Steel_4.6_Plain,True,0.000000,-0.000000,1.000000,10.450000,0.000000,-1.000000,-0.000000,-12.053435,1.000000,0.000000,-0.000000,-51.520514,0.000000,0.000000,0.000000,1.000000
v2.1_lower_body_latest:1+v2.1_lower_leg_R:1+Hexalobular Socket Pan Head Screw ISO 14583 - M4x10 Steel 4.6 Plain:89,Hexalobular Socket Pan Head Screw ISO 14583 - M4x10 Steel 4.6 Plain,Hexalobular_Socket_Pan_Head_Screw_ISO_14583_-_M3x10_Steel_4.6_Plain,True,0.000000,-0.000000,1.000000,10.450000,0.000000,-1.000000,-0.000000,-12.053435,1.000000,0.000000,-0.000000,-53.600707,0.000000,0.000000,0.000000,1.000000
v2.1_lower_body_latest:1+v2.1_lower_leg_R:1+Hexalobular Socket Pan Head Screw ISO 14583 - M4x10 Steel 4.6 Plain:90,Hexalobular Socket Pan Head Screw ISO 14583 - M4x10 Steel 4.6 Plain,Hexalobular_Socket_Pan_Head_Screw_ISO_14583_-_M3x10_Steel_4.6_Plain,True,0.000000,-0.000000,1.000000,10.450000,0.000000,-1.000000,-0.000000,-11.452935,1.000000,0.000000,-0.000000,-52.560611,0.000000,0.000000,0.000000,1.000000
v2.1_lower_body_latest:1+v2.1_lower_leg_R:1+Hexalobular Socket Pan Head Screw ISO 14583 - M4x10 Steel 4.6 Plain:91,Hexalobular Socket Pan Head Screw ISO 14583 - M4x10 Steel 4.6 Plain,Hexalobular_Socket_Pan_Head_Screw_ISO_14583_-_M3x10_Steel_4.6_Plain,True,0.000000,-0.000000,1.000000,10.450000,0.000000,-1.000000,-0.000000,-13.254435,1.000000,0.000000,-0.000000,-51.520514,0.000000,0.000000,0.000000,1.000000
v2.1_lower_body_latest:1+v2.1_lower_leg_R:1+Hexalobular Socket Pan Head Screw ISO 14583 - M4x10 Steel 4.6 Plain:92,Hexalobular Socket Pan Head Screw ISO 14583 - M4x10 Steel 4.6 Plain,Hexalobular_Socket_Pan_Head_Screw_ISO_14583_-_M3x10_Steel_4.6_Plain,True,1.000000,0.000000,-0.000000,1.875149,-0.000000,0.000000,-1.000000,-14.603935,-0.000000,1.000000,0.000000,-57.087620,0.000000,0.000000,0.000000,1.000000
v2.1_lower_body_latest:1+v2.1_lower_leg_R:1+Hexalobular Socket Pan Head Screw ISO 14583 - M4x10 Steel 4.6 Plain:93,Hexalobular Socket Pan Head Screw ISO 14583 - M4x10 Steel 4.6 Plain,Hexalobular_Socket_Pan_Head_Screw_ISO_14583_-_M3x10_Steel_4.6_Plain,True,1.000000,0.000000,-0.000000,4.527010,-0.000000,0.000000,-1.000000,-14.603935,-0.000000,1.000000,0.000000,-54.435759,0.000000,0.000000,0.000000,1.000000
v2.1_lower_body_latest:1+v2.1_lower_leg_R:1+Hexalobular Socket Pan Head Screw ISO 14583 - M4x10 Steel 4.6 Plain:94,Hexalobular Socket Pan Head Screw ISO 14583 - M4x10 Steel 4.6 Plain,Hexalobular_Socket_Pan_Head_Screw_ISO_14583_-_M3x10_Steel_4.6_Plain,True,1.000000,0.000000,-0.000000,-4.527009,-0.000000,0.000000,-1.000000,-14.603935,-0.000000,1.000000,0.000000,-54.435759,0.000000,0.000000,0.000000,1.000000
v2.1_lower_body_latest:1+v2.1_lower_leg_R:1+Hexalobular Socket Pan Head Screw ISO 14583 - M4x10 Steel 4.6 Plain:95,Hexalobular Socket Pan Head Screw ISO 14583 - M4x10 Steel 4.6 Plain,Hexalobular_Socket_Pan_Head_Screw_ISO_14583_-_M3x10_Steel_4.6_Plain,True,1.000000,0.000000,-0.000000,-1.875149,-0.000000,0.000000,-1.000000,-14.603935,-0.000000,1.000000,0.000000,-57.087620,0.000000,0.000000,0.000000,1.000000
v2.1_lower_body_latest:1+v2.1_lower_leg_R:1+Hexalobular Socket Pan Head Screw ISO 14583 - M4x10 Steel 4.6 Plain:96,Hexalobular Socket Pan Head Screw ISO 14583 - M4x10 Steel 4.6 Plain,Hexalobular_Socket_Pan_Head_Screw_ISO_14583_-_M3x10_Steel_4.6_Plain,True,1.000000,0.000000,-0.000000,4.527010,-0.000000,0.000000,-1.000000,-14.603934,-0.000000,1.000000,0.000000,-50.685462,0.000000,0.000000,0.000000,1.000000
v2.1_lower_body_latest:1+v2.1_lower_leg_R:1+Hexalobular Socket Pan Head Screw ISO 14583 - M4x10 Steel 4.6 Plain:97,Hexalobular Socket Pan Head Screw ISO 14583 - M4x10 Steel 4.6 Plain,Hexalobular_Socket_Pan_Head_Screw_ISO_14583_-_M3x10_Steel_4.6_Plain,True,1.000000,0.000000,-0.000000,-4.527009,-0.000000,0.000000,-1.000000,-14.603934,-0.000000,1.000000,0.000000,-50.685462,0.000000,0.000000,0.000000,1.000000
v2.1_lower_body_latest:1+v2.1_lower_leg_R:1+Hexalobular Socket Pan Head Screw ISO 14583 - M4x10 Steel 4.6 Plain:98,Hexalobular Socket Pan Head Screw ISO 14583 - M4x10 Steel 4.6 Plain,Hexalobular_Socket_Pan_Head_Screw_ISO_14583_-_M3x10_Steel_4.6_Plain,True,1.000000,0.000000,-0.000000,-1.875149,-0.000000,0.000000,-1.000000,-14.603934,-0.000000,1.000000,0.000000,-48.033601,0.000000,0.000000,0.000000,1.000000
v2.1_lower_body_latest:1+v2.1_lower_leg_R:1+Hexalobular Socket Pan Head Screw ISO 14583 - M4x10 Steel 4.6 Plain:99,Hexalobular Socket Pan Head Screw ISO 14583 - M4x10 Steel 4.6 Plain,Hexalobular_Socket_Pan_Head_Screw_ISO_14583_-_M3x10_Steel_4.6_Plain,True,1.000000,0.000000,-0.000000,1.875149,-0.000000,0.000000,-1.000000,-14.603934,-0.000000,1.000000,0.000000,-48.033601,0.000000,0.000000,0.000000,1.000000
v2.1_lower_body_latest:1+v2.1_lower_leg_R:1+Hexalobular Socket Pan Head Screw ISO 14583 - M4x10 Steel 4.6 Plain:100,Hexalobular Socket Pan Head Screw ISO 14583 - M4x10 Steel 4.6 Plain,Hexalobular_Socket_Pan_Head_Screw_ISO_14583_-_M3x10_Steel_4.6_Plain,True,1.000000,-0.000000,0.000000,-1.875149,-0.000000,-0.000000,1.000000,-10.053935,-0.000000,-1.000000,-0.000000,-57.087621,0.000000,0.000000,0.000000,1.000000
v2.1_lower_body_latest:1+v2.1_lower_leg_R:1+Hexalobular Socket Pan Head Screw ISO 14583 - M4x10 Steel 4.6 Plain:101,Hexalobular Socket Pan Head Screw ISO 14583 - M4x10 Steel 4.6 Plain,Hexalobular_Socket_Pan_Head_Screw_ISO_14583_-_M3x10_Steel_4.6_Plain,True,1.000000,-0.000000,0.000000,4.527010,-0.000000,-0.000000,1.000000,-10.053935,-0.000000,-1.000000,-0.000000,-54.435760,0.000000,0.000000,0.000000,1.000000
v2.1_lower_body_latest:1+v2.1_lower_leg_R:1+Hexalobular Socket Pan Head Screw ISO 14583 - M4x10 Steel 4.6 Plain:102,Hexalobular Socket Pan Head Screw ISO 14583 - M4x10 Steel 4.6 Plain,Hexalobular_Socket_Pan_Head_Screw_ISO_14583_-_M3x10_Steel_4.6_Plain,True,1.000000,-0.000000,0.000000,1.875149,-0.000000,-0.000000,1.000000,-10.053935,-0.000000,-1.000000,-0.000000,-57.087621,0.000000,0.000000,0.000000,1.000000
v2.1_lower_body_latest:1+v2.1_lower_leg_R:1+Hexalobular Socket Pan Head Screw ISO 14583 - M4x10 Steel 4.6 Plain:103,Hexalobular Socket Pan Head Screw ISO 14583 - M4x10 Steel 4.6 Plain,Hexalobular_Socket_Pan_Head_Screw_ISO_14583_-_M3x10_Steel_4.6_Plain,True,1.000000,-0.000000,0.000000,-4.527009,-0.000000,-0.000000,1.000000,-10.053935,-0.000000,-1.000000,-0.000000,-54.435760,0.000000,0.000000,0.000000,1.000000
v2.1_lower_body_latest:1+v2.1_lower_leg_R:1+Hexalobular Socket Pan Head Screw ISO 14583 - M4x10 Steel 4.6 Plain:104,Hexalobular Socket Pan Head Screw ISO 14583 - M4x10 Steel 4.6 Plain,Hexalobular_Socket_Pan_Head_Screw_ISO_14583_-_M3x10_Steel_4.6_Plain,True,1.000000,-0.000000,0.000000,4.527010,-0.000000,-0.000000,1.000000,-10.053934,-0.000000,-1.000000,-0.000000,-50.685462,0.000000,0.000000,0.000000,1.000000
v2.1_lower_body_latest:1+v2.1_lower_leg_R:1+Hexalobular Socket Pan Head Screw ISO 14583 - M4x10 Steel 4.6 Plain:105,Hexalobular Socket Pan Head Screw ISO 14583 - M4x10 Steel 4.6 Plain,Hexalobular_Socket_Pan_Head_Screw_ISO_14583_-_M3x10_Steel_4.6_Plain,True,1.000000,-0.000000,0.000000,-4.527009,-0.000000,-0.000000,1.000000,-10.053934,-0.000000,-1.000000,-0.000000,-50.685462,0.000000,0.000000,0.000000,1.000000
v2.1_lower_body_latest:1+v2.1_lower_leg_R:1+Hexalobular Socket Pan Head Screw ISO 14583 - M4x10 Steel 4.6 Plain:106,Hexalobular Socket Pan Head Screw ISO 14583 - M4x10 Steel 4.6 Plain,Hexalobular_Socket_Pan_Head_Screw_ISO_14583_-_M3x10_Steel_4.6_Plain,True,1.000000,-0.000000,0.000000,-1.875149,-0.000000,-0.000000,1.000000,-10.053934,-0.000000,-1.000000,-0.000000,-48.033601,0.000000,0.000000,0.000000,1.000000
v2.1_lower_body_latest:1+v2.1_lower_leg_R:1+Hexalobular Socket Pan Head Screw ISO 14583 - M4x10 Steel 4.6 Plain:107,Hexalobular Socket Pan Head Screw ISO 14583 - M4x10 Steel 4.6 Plain,Hexalobular_Socket_Pan_Head_Screw_ISO_14583_-_M3x10_Steel_4.6_Plain,True,1.000000,-0.000000,0.000000,1.875149,-0.000000,-0.000000,1.000000,-10.053934,-0.000000,-1.000000,-0.000000,-48.033601,0.000000,0.000000,0.000000,1.000000
v2.1_lower_body_latest:1+v2.1_lower_leg_R:1+Hexalobular Socket Pan Head Screw ISO 14583 - M4x10 Steel 4.6 Plain:108,Hexalobular Socket Pan Head Screw ISO 14583 - M4x10 Steel 4.6 Plain,Hexalobular_Socket_Pan_Head_Screw_ISO_14583_-_M3x10_Steel_4.6_Plain,True,1.000000,-0.000000,0.000000,-0.759000,-0.000000,-0.000000,1.000000,-9.653935,-0.000000,-1.000000,-0.000000,-51.245984,0.000000,0.000000,0.000000,1.000000
v2.1_lower_body_latest:1+v2.1_lower_leg_R:1+Hexalobular Socket Pan Head Screw ISO 14583 - M4x10 Steel 4.6 Plain:116,Hexalobular Socket Pan Head Screw ISO 14583 - M4x10 Steel 4.6 Plain,Hexalobular_Socket_Pan_Head_Screw_ISO_14583_-_M3x10_Steel_4.6_Plain,True,1.000000,-0.000000,0.000000,-1.518000,-0.000000,-0.000000,1.000000,-9.653935,-0.000000,-1.000000,-0.000000,-52.560611,0.000000,0.000000,0.000000,1.000000
v2.1_lower_body_latest:1+v2.1_lower_leg_R:1+Hexalobular Socket Pan Head Screw ISO 14583 - M4x10 Steel 4.6 Plain:110,Hexalobular Socket Pan Head Screw ISO 14583 - M4x10 Steel 4.6 Plain,Hexalobular_Socket_Pan_Head_Screw_ISO_14583_-_M3x10_Steel_4.6_Plain,True,1.000000,-0.000000,0.000000,-0.759000,-0.000000,-0.000000,1.000000,-9.653935,-0.000000,-1.000000,-0.000000,-53.875238,0.000000,0.000000,0.000000,1.000000
v2.1_lower_body_latest:1+v2.1_lower_leg_R:1+Hexalobular Socket Pan Head Screw ISO 14583 - M4x10 Steel 4.6 Plain:111,Hexalobular Socket Pan Head Screw ISO 14583 - M4x10 Steel 4.6 Plain,Hexalobular_Socket_Pan_Head_Screw_ISO_14583_-_M3x10_Steel_4.6_Plain,True,1.000000,-0.000000,0.000000,0.759000,-0.000000,-0.000000,1.000000,-9.653935,-0.000000,-1.000000,-0.000000,-51.245984,0.000000,0.000000,0.000000,1.000000
v2.1_lower_body_latest:1+v2.1_lower_leg_R:1+Hexalobular Socket Pan Head Screw ISO 14583 - M4x10 Steel 4.6 Plain:117,Hexalobular Socket Pan Head Screw ISO 14583 - M4x10 Steel 4.6 Plain,Hexalobular_Socket_Pan_Head_Screw_ISO_14583_-_M3x10_Steel_4.6_Plain,True,1.000000,-0.000000,0.000000,0.759000,-0.000000,-0.000000,1.000000,-9.653935,-0.000000,-1.000000,-0.000000,-53.875238,0.000000,0.000000,0.000000,1.000000
v2.1_lower_body_latest:1+v2.1_lower_leg_R:1+Hexalobular Socket Pan Head Screw ISO 14583 - M4x10 Steel 4.6 Plain:113,Hexalobular Socket Pan Head Screw ISO 14583 - M4x10 Steel 4.6 Plain,Hexalobular_Socket_Pan_Head_Screw_ISO_14583_-_M3x10_Steel_4.6_Plain,True,1.000000,-0.000000,0.000000,1.518000,-0.000000,-0.000000,1.000000,-9.653935,-0.000000,-1.000000,-0.000000,-52.560611,0.000000,0.000000,0.000000,1.000000
v2.1_lower_body_latest:1+v2.1_lower_leg_R:1+Hexalobular Socket Pan Head Screw ISO 14583 - M4x10 Steel 4.6 Plain:114,Hexalobular Socket Pan Head Screw ISO 14583 - M4x10 Steel 4.6 Plain,Hexalobular_Socket_Pan_Head_Screw_ISO_14583_-_M3x10_Steel_4.6_Plain,True,1.000000,0.000000,-0.000000,-1.637790,-0.000000,0.000000,-1.000000,-14.453934,-0.000000,1.000000,0.000000,-38.101210,0.000000,0.000000,0.000000,1.000000
v2.1_lower_body_latest:1+v2.1_lower_leg_R:1+Hexalobular Socket Pan Head Screw ISO 14583 - M4x10 Steel 4.6 Plain:115,Hexalobular Socket Pan Head Screw ISO 14583 - M4x10 Steel 4.6 Plain,Hexalobular_Socket_Pan_Head_Screw_ISO_14583_-_M3x10_Steel_4.6_Plain,True,1.000000,0.000000,-0.000000,1.637790,-0.000000,0.000000,-1.000000,-14.453934,-0.000000,1.000000,0.000000,-38.101210,0.000000,0.000000,0.000000,1.000000
v2.1_lower_body_latest:1+v2.1_lower_leg_R:1+Hexalobular Socket Pan Head Screw ISO 14583 - M3x10 Steel 4.6 Plain:1,Hexalobular Socket Pan Head Screw ISO 14583 - M3x10 Steel 4.6 Plain,Hexalobular_Socket_Pan_Head_Screw_ISO_14583_-_M3x10_Steel_4.6_Plain,True,1.000000,0.000000,-0.000000,-1.800000,-0.000000,0.000000,-1.000000,-15.503933,-0.000000,1.000000,0.000000,-26.610611,0.000000,0.000000,0.000000,1.000000
v2.1_lower_body_latest:1+v2.1_lower_leg_R:1+Hexalobular Socket Pan Head Screw ISO 14583 - M3x10 Steel 4.6 Plain:2,Hexalobular Socket Pan Head Screw ISO 14583 - M3x10 Steel 4.6 Plain,Hexalobular_Socket_Pan_Head_Screw_ISO_14583_-_M3x10_Steel_4.6_Plain,True,1.000000,0.000000,-0.000000,1.800000,-0.000000,0.000000,-1.000000,-15.503933,-0.000000,1.000000,0.000000,-26.610611,0.000000,0.000000,0.000000,1.000000
v2.1_lower_body_latest:1+v2.1_lower_leg_R:1+Hexalobular Socket Pan Head Screw ISO 14583 - M3x10 Steel 4.6 Plain:3,Hexalobular Socket Pan Head Screw ISO 14583 - M3x10 Steel 4.6 Plain,Hexalobular_Socket_Pan_Head_Screw_ISO_14583_-_M3x10_Steel_4.6_Plain,True,1.000000,0.000000,-0.000000,0.600000,-0.000000,0.000000,-1.000000,-15.503933,-0.000000,1.000000,0.000000,-26.610611,0.000000,0.000000,0.000000,1.000000
v2.1_lower_body_latest:1+v2.1_lower_leg_R:1+Hexalobular Socket Pan Head Screw ISO 14583 - M3x10 Steel 4.6 Plain:4,Hexalobular Socket Pan Head Screw ISO 14583 - M3x10 Steel 4.6 Plain,Hexalobular_Socket_Pan_Head_Screw_ISO_14583_-_M3x10_Steel_4.6_Plain,True,1.000000,0.000000,-0.000000,-0.600000,-0.000000,0.000000,-1.000000,-15.503933,-0.000000,1.000000,0.000000,-26.610611,0.000000,0.000000,0.000000,1.000000
v2.1_lower_body_latest:1+v2.1_lower_leg_R:1+Hexalobular Socket Pan Head Screw ISO 14583 - M3x10 Steel 4.6 Plain:5,Hexalobular Socket Pan Head Screw ISO 14583 - M3x10 Steel 4.6 Plain,Hexalobular_Socket_Pan_Head_Screw_ISO_14583_-_M3x10_Steel_4.6_Plain,True,1.000000,-0.000000,0.000000,-0.600000,-0.000000,-0.000000,1.000000,-9.803933,-0.000000,-1.000000,-0.000000,-26.610611,0.000000,0.000000,0.000000,1.000000
v2.1_lower_body_latest:1+v2.1_lower_leg_R:1+Hexalobular Socket Pan Head Screw ISO 14583 - M3x10 Steel 4.6 Plain:6,Hexalobular Socket Pan Head Screw ISO 14583 - M3x10 Steel 4.6 Plain,Hexalobular_Socket_Pan_Head_Screw_ISO_14583_-_M3x10_Steel_4.6_Plain,True,1.000000,-0.000000,0.000000,0.600000,-0.000000,-0.000000,1.000000,-9.803933,-0.000000,-1.000000,-0.000000,-26.610611,0.000000,0.000000,0.000000,1.000000
v2.1_lower_body_latest:1+v2.1_lower_leg_R:1+Hexalobular Socket Pan Head Screw ISO 14583 - M3x10 Steel 4.6 Plain:7,Hexalobular Socket Pan Head Screw ISO 14583 - M3x10 Steel 4.6 Plain,Hexalobular_Socket_Pan_Head_Screw_ISO_14583_-_M3x10_Steel_4.6_Plain,True,1.000000,-0.000000,0.000000,1.800000,-0.000000,-0.000000,1.000000,-9.803933,-0.000000,-1.000000,-0.000000,-26.610611,0.000000,0.000000,0.000000,1.000000
v2.1_lower_body_latest:1+v2.1_lower_leg_R:1+Hexalobular Socket Pan Head Screw ISO 14583 - M3x10 Steel 4.6 Plain:8,Hexalobular Socket Pan Head Screw ISO 14583 - M3x10 Steel 4.6 Plain,Hexalobular_Socket_Pan_Head_Screw_ISO_14583_-_M3x10_Steel_4.6_Plain,True,1.000000,-0.000000,0.000000,-1.800000,-0.000000,-0.000000,1.000000,-9.803933,-0.000000,-1.000000,-0.000000,-26.610611,0.000000,0.000000,0.000000,1.000000
v2.1_lower_body_latest:1+v2.1_lower_leg_R:1+Hexalobular Socket Pan Head Screw ISO 14583 - M3x10 Steel 4.6 Plain:9,Hexalobular Socket Pan Head Screw ISO 14583 - M3x10 Steel 4.6 Plain,Hexalobular_Socket_Pan_Head_Screw_ISO_14583_-_M3x10_Steel_4.6_Plain,True,1.000000,-0.000000,-0.000000,-5.600000,-0.000000,-1.000000,-0.000000,-14.003935,-0.000000,0.000000,-1.000000,-58.610611,0.000000,0.000000,0.000000,1.000000
v2.1_lower_body_latest:1+v2.1_lower_leg_R:1+Hexalobular Socket Pan Head Screw ISO 14583 - M3x10 Steel 4.6 Plain:10,Hexalobular Socket Pan Head Screw ISO 14583 - M3x10 Steel 4.6 Plain,Hexalobular_Socket_Pan_Head_Screw_ISO_14583_-_M3x10_Steel_4.6_Plain,True,1.000000,-0.000000,-0.000000,10.400000,-0.000000,-1.000000,-0.000000,-14.003935,-0.000000,0.000000,-1.000000,-58.610611,0.000000,0.000000,0.000000,1.000000
v2.1_lower_body_latest:1+v2.1_lower_leg_R:1+Hexalobular Socket Pan Head Screw ISO 14583 - M3x10 Steel 4.6 Plain:11,Hexalobular Socket Pan Head Screw ISO 14583 - M3x10 Steel 4.6 Plain,Hexalobular_Socket_Pan_Head_Screw_ISO_14583_-_M3x10_Steel_4.6_Plain,True,1.000000,-0.000000,-0.000000,10.400000,-0.000000,-1.000000,-0.000000,-14.803935,-0.000000,0.000000,-1.000000,-58.610611,0.000000,0.000000,0.000000,1.000000
v2.1_lower_body_latest:1+v2.1_lower_leg_R:1+Hexalobular Socket Pan Head Screw ISO 14583 - M3x10 Steel 4.6 Plain:12,Hexalobular Socket Pan Head Screw ISO 14583 - M3x10 Steel 4.6 Plain,Hexalobular_Socket_Pan_Head_Screw_ISO_14583_-_M3x10_Steel_4.6_Plain,True,1.000000,-0.000000,-0.000000,-5.600000,-0.000000,-1.000000,-0.000000,-11.303935,-0.000000,0.000000,-1.000000,-58.610611,0.000000,0.000000,0.000000,1.000000
v2.1_lower_body_latest:1+v2.1_lower_leg_R:1+Hexalobular Socket Pan Head Screw ISO 14583 - M3x10 Steel 4.6 Plain:13,Hexalobular Socket Pan Head Screw ISO 14583 - M3x10 Steel 4.6 Plain,Hexalobular_Socket_Pan_Head_Screw_ISO_14583_-_M3x10_Steel_4.6_Plain,True,1.000000,-0.000000,-0.000000,-5.600000,-0.000000,-1.000000,-0.000000,-10.503935,-0.000000,0.000000,-1.000000,-58.610611,0.000000,0.000000,0.000000,1.000000
v2.1_lower_body_latest:1+v2.1_lower_leg_R:1+Hexalobular Socket Pan Head Screw ISO 14583 - M3x10 Steel 4.6 Plain:14,Hexalobular Socket Pan Head Screw ISO 14583 - M3x10 Steel 4.6 Plain,Hexalobular_Socket_Pan_Head_Screw_ISO_14583_-_M3x10_Steel_4.6_Plain,True,1.000000,-0.000000,-0.000000,10.400000,-0.000000,-1.000000,-0.000000,-11.303935,-0.000000,0.000000,-1.000000,-58.610611,0.000000,0.000000,0.000000,1.000000
v2.1_lower_body_latest:1+v2.1_lower_leg_R:1+Hexalobular Socket Pan Head Screw ISO 14583 - M3x10 Steel 4.6 Plain:15,Hexalobular Socket Pan Head Screw ISO 14583 - M3x10 Steel 4.6 Plain,Hexalobular_Socket_Pan_Head_Screw_ISO_14583_-_M3x10_Steel_4.6_Plain,True,1.000000,-0.000000,-0.000000,10.400000,-0.000000,-1.000000,-0.000000,-10.503935,-0.000000,0.000000,-1.000000,-58.610611,0.000000,0.000000,0.000000,1.000000
v2.1_lower_body_latest:1+v2.1_lower_leg_R:1+Hexalobular Socket Pan Head Screw ISO 14583 - M3x10 Steel 4.6 Plain:16,Hexalobular Socket Pan Head Screw ISO 14583 - M3x10 Steel 4.6 Plain,Hexalobular_Socket_Pan_Head_Screw_ISO_14583_-_M3x10_Steel_4.6_Plain,True,1.000000,-0.000000,-0.000000,-5.600000,-0.000000,-1.000000,-0.000000,-14.803935,-0.000000,0.000000,-1.000000,-58.610611,0.000000,0.000000,0.000000,1.000000
v2.1_lower_body_latest:1+v2.1_lower_leg_R:1+Hexalobular Socket Pan Head Screw ISO 14583 - M3x10 Steel 4.6 Plain:17,Hexalobular Socket Pan Head Screw ISO 14583 - M3x10 Steel 4.6 Plain,Hexalobular_Socket_Pan_Head_Screw_ISO_14583_-_M3x10_Steel_4.6_Plain,True,0.000000,-0.000000,1.000000,10.200000,0.000000,-1.000000,-0.000000,-14.222936,1.000000,0.000000,-0.000000,-48.772705,0.000000,0.000000,0.000000,1.000000
v2.1_lower_body_latest:1+v2.1_lower_leg_R:1+Hexalobular Socket Pan Head Screw ISO 14583 - M3x10 Steel 4.6 Plain:18,Hexalobular Socket Pan Head Screw ISO 14583 - M3x10 Steel 4.6 Plain,Hexalobular_Socket_Pan_Head_Screw_ISO_14583_-_M3x10_Steel_4.6_Plain,True,0.000000,-0.000000,1.000000,10.200000,0.000000,-1.000000,-0.000000,-16.441841,1.000000,0.000000,-0.000000,-54.129613,0.000000,0.000000,0.000000,1.000000
v2.1_lower_body_latest:1+v2.1_lower_leg_R:1+Hexalobular Socket Pan Head Screw ISO 14583 - M3x10 Steel 4.6 Plain:19,Hexalobular Socket Pan Head Screw ISO 14583 - M3x10 Steel 4.6 Plain,Hexalobular_Socket_Pan_Head_Screw_ISO_14583_-_M3x10_Steel_4.6_Plain,True,0.000000,-0.000000,1.000000,10.200000,0.000000,-1.000000,-0.000000,-14.222937,1.000000,0.000000,-0.000000,-56.348517,0.000000,0.000000,0.000000,1.000000
v2.1_lower_body_latest:1+v2.1_lower_leg_R:1+Hexalobular Socket Pan Head Screw ISO 14583 - M3x10 Steel 4.6 Plain:20,Hexalobular Socket Pan Head Screw ISO 14583 - M3x10 Steel 4.6 Plain,Hexalobular_Socket_Pan_Head_Screw_ISO_14583_-_M3x10_Steel_4.6_Plain,True,0.000000,-0.000000,1.000000,10.200000,0.000000,-1.000000,-0.000000,-8.866028,1.000000,0.000000,-0.000000,-50.991609,0.000000,0.000000,0.000000,1.000000
v2.1_lower_body_latest:1+v2.1_lower_leg_R:1+Hexalobular Socket Pan Head Screw ISO 14583 - M3x10 Steel 4.6 Plain:21,Hexalobular Socket Pan Head Screw ISO 14583 - M3x10 Steel 4.6 Plain,Hexalobular_Socket_Pan_Head_Screw_ISO_14583_-_M3x10_Steel_4.6_Plain,True,0.000000,-0.000000,1.000000,10.200000,0.000000,-1.000000,-0.000000,-11.084932,1.000000,0.000000,-0.000000,-48.772705,0.000000,0.000000,0.000000,1.000000
v2.1_lower_body_latest:1+v2.1_lower_leg_R:1+Hexalobular Socket Pan Head Screw ISO 14583 - M3x10 Steel 4.6 Plain:22,Hexalobular Socket Pan Head Screw ISO 14583 - M3x10 Steel 4.6 Plain,Hexalobular_Socket_Pan_Head_Screw_ISO_14583_-_M3x10_Steel_4.6_Plain,True,0.000000,-0.000000,1.000000,10.200000,0.000000,-1.000000,-0.000000,-8.866029,1.000000,0.000000,-0.000000,-54.129613,0.000000,0.000000,0.000000,1.000000
v2.1_lower_body_latest:1+v2.1_lower_leg_R:1+Hexalobular Socket Pan Head Screw ISO 14583 - M3x10 Steel 4.6 Plain:23,Hexalobular Socket Pan Head Screw ISO 14583 - M3x10 Steel 4.6 Plain,Hexalobular_Socket_Pan_Head_Screw_ISO_14583_-_M3x10_Steel_4.6_Plain,True,0.000000,-0.000000,1.000000,10.200000,0.000000,-1.000000,-0.000000,-11.084933,1.000000,0.000000,-0.000000,-56.348517,0.000000,0.000000,0.000000,1.000000
v2.1_lower_body_latest:1+v2.1_lower_leg_R:1+Hexalobular Socket Pan Head Screw ISO 14583 - M3x10 Steel 4.6 Plain:24,Hexalobular Socket Pan Head Screw ISO 14583 - M3x10 Steel 4.6 Plain,Hexalobular_Socket_Pan_Head_Screw_ISO_14583_-_M3x10_Steel_4.6_Plain,True,0.000000,-0.000000,1.000000,10.200000,0.000000,-1.000000,-0.000000,-16.441841,1.000000,0.000000,-0.000000,-50.991608,0.000000,0.000000,0.000000,1.000000
v2.1_lower_body_latest:1+v2.1_lower_leg_R:1+Hexalobular Socket Pan Head Screw ISO 14583 - M3x10 Steel 4.6 Plain:25,Hexalobular Socket Pan Head Screw ISO 14583 - M3x10 Steel 4.6 Plain,Hexalobular_Socket_Pan_Head_Screw_ISO_14583_-_M3x10_Steel_4.6_Plain,True,0.000000,0.000000,-1.000000,6.250000,0.000000,1.000000,0.000000,-16.441841,1.000000,-0.000000,0.000000,-54.129613,0.000000,0.000000,0.000000,1.000000
v2.1_lower_body_latest:1+v2.1_lower_leg_R:1+Hexalobular Socket Pan Head Screw ISO 14583 - M3x10 Steel 4.6 Plain:26,Hexalobular Socket Pan Head Screw ISO 14583 - M3x10 Steel 4.6 Plain,Hexalobular_Socket_Pan_Head_Screw_ISO_14583_-_M3x10_Steel_4.6_Plain,True,0.000000,0.000000,-1.000000,6.250000,0.000000,1.000000,0.000000,-14.222937,1.000000,-0.000000,0.000000,-56.348517,0.000000,0.000000,0.000000,1.000000
v2.1_lower_body_latest:1+v2.1_lower_leg_R:1+Hexalobular Socket Pan Head Screw ISO 14583 - M3x10 Steel 4.6 Plain:27,Hexalobular Socket Pan Head Screw ISO 14583 - M3x10 Steel 4.6 Plain,Hexalobular_Socket_Pan_Head_Screw_ISO_14583_-_M3x10_Steel_4.6_Plain,True,0.000000,0.000000,-1.000000,6.250000,0.000000,1.000000,0.000000,-14.222936,1.000000,-0.000000,0.000000,-48.772705,0.000000,0.000000,0.000000,1.000000
v2.1_lower_body_latest:1+v2.1_lower_leg_R:1+Hexalobular Socket Pan Head Screw ISO 14583 - M3x10 Steel 4.6 Plain:28,Hexalobular Socket Pan Head Screw ISO 14583 - M3x10 Steel 4.6 Plain,Hexalobular_Socket_Pan_Head_Screw_ISO_14583_-_M3x10_Steel_4.6_Plain,True,0.000000,0.000000,-1.000000,6.250000,0.000000,1.000000,0.000000,-16.441841,1.000000,-0.000000,0.000000,-50.991608,0.000000,0.000000,0.000000,1.000000
v2.1_lower_body_latest:1+v2.1_lower_leg_R:1+Hexalobular Socket Pan Head Screw ISO 14583 - M3x10 Steel 4.6 Plain:29,Hexalobular Socket Pan Head Screw ISO 14583 - M3x10 Steel 4.6 Plain,Hexalobular_Socket_Pan_Head_Screw_ISO_14583_-_M3x10_Steel_4.6_Plain,True,0.000000,0.000000,-1.000000,6.250000,0.000000,1.000000,0.000000,-11.084933,1.000000,-0.000000,0.000000,-56.348517,0.000000,0.000000,0.000000,1.000000
v2.1_lower_body_latest:1+v2.1_lower_leg_R:1+Hexalobular Socket Pan Head Screw ISO 14583 - M3x10 Steel 4.6 Plain:30,Hexalobular Socket Pan Head Screw ISO 14583 - M3x10 Steel 4.6 Plain,Hexalobular_Socket_Pan_Head_Screw_ISO_14583_-_M3x10_Steel_4.6_Plain,True,0.000000,0.000000,-1.000000,6.250000,0.000000,1.000000,0.000000,-8.866029,1.000000,-0.000000,0.000000,-54.129613,0.000000,0.000000,0.000000,1.000000
v2.1_lower_body_latest:1+v2.1_lower_leg_R:1+Hexalobular Socket Pan Head Screw ISO 14583 - M3x10 Steel 4.6 Plain:31,Hexalobular Socket Pan Head Screw ISO 14583 - M3x10 Steel 4.6 Plain,Hexalobular_Socket_Pan_Head_Screw_ISO_14583_-_M3x10_Steel_4.6_Plain,True,0.000000,0.000000,-1.000000,6.250000,0.000000,1.000000,0.000000,-11.084932,1.000000,-0.000000,0.000000,-48.772705,0.000000,0.000000,0.000000,1.000000
v2.1_lower_body_latest:1+v2.1_lower_leg_R:1+Hexalobular Socket Pan Head Screw ISO 14583 - M3x10 Steel 4.6 Plain:32,Hexalobular Socket Pan Head Screw ISO 14583 - M3x10 Steel 4.6 Plain,Hexalobular_Socket_Pan_Head_Screw_ISO_14583_-_M3x10_Steel_4.6_Plain,True,0.000000,0.000000,-1.000000,6.250000,0.000000,1.000000,0.000000,-8.866028,1.000000,-0.000000,0.000000,-50.991609,0.000000,0.000000,0.000000,1.000000
v2.1_lower_body_latest:1+v2.1_lower_leg_R:1+Hexalobular Socket Pan Head Screw ISO 14583 - M3x10 Steel 4.6 Plain:33,Hexalobular Socket Pan Head Screw ISO 14583 - M3x10 Steel 4.6 Plain,Hexalobular_Socket_Pan_Head_Screw_ISO_14583_-_M3x10_Steel_4.6_Plain,True,1.000000,0.000000,-0.000000,-5.325000,-0.000000,0.000000,-1.000000,-13.053935,-0.000000,1.000000,0.000000,-55.650611,0.000000,0.000000,0.000000,1.000000
v2.1_lower_body_latest:1+v2.1_lower_leg_R:1+Hexalobular Socket Pan Head Screw ISO 14583 - M3x10 Steel 4.6 Plain:34,Hexalobular Socket Pan Head Screw ISO 14583 - M3x10 Steel 4.6 Plain,Hexalobular_Socket_Pan_Head_Screw_ISO_14583_-_M3x10_Steel_4.6_Plain,True,1.000000,0.000000,-0.000000,-5.325000,-0.000000,0.000000,-1.000000,-13.053934,-0.000000,1.000000,0.000000,-49.470611,0.000000,0.000000,0.000000,1.000000
v2.1_lower_body_latest:1+v2.1_lower_leg_R:1+Hexalobular Socket Pan Head Screw ISO 14583 - M3x10 Steel 4.6 Plain:35,Hexalobular Socket Pan Head Screw ISO 14583 - M3x10 Steel 4.6 Plain,Hexalobular_Socket_Pan_Head_Screw_ISO_14583_-_M3x10_Steel_4.6_Plain,True,1.000000,0.000000,-0.000000,0.000000,-0.000000,0.000000,-1.000000,-17.603935,-0.000000,1.000000,0.000000,-53.960610,0.000000,0.000000,0.000000,1.000000
v2.1_lower_body_latest:1+v2.1_lower_leg_R:1+Hexalobular Socket Pan Head Screw ISO 14583 - M3x10 Steel 4.6 Plain:36,Hexalobular Socket Pan Head Screw ISO 14583 - M3x10 Steel 4.6 Plain,Hexalobular_Socket_Pan_Head_Screw_ISO_14583_-_M3x10_Steel_4.6_Plain,True,1.000000,0.000000,-0.000000,-1.400000,-0.000000,0.000000,-1.000000,-17.603935,-0.000000,1.000000,0.000000,-52.560610,0.000000,0.000000,0.000000,1.000000
v2.1_lower_body_latest:1+v2.1_lower_leg_R:1+Hexalobular Socket Pan Head Screw ISO 14583 - M3x10 Steel 4.6 Plain:37,Hexalobular Socket Pan Head Screw ISO 14583 - M3x10 Steel 4.6 Plain,Hexalobular_Socket_Pan_Head_Screw_ISO_14583_-_M3x10_Steel_4.6_Plain,True,1.000000,0.000000,-0.000000,1.400000,-0.000000,0.000000,-1.000000,-17.603935,-0.000000,1.000000,0.000000,-52.560610,0.000000,0.000000,0.000000,1.000000
v2.1_lower_body_latest:1+v2.1_lower_leg_R:1+Hexalobular Socket Pan Head Screw ISO 14583 - M3x10 Steel 4.6 Plain:38,Hexalobular Socket Pan Head Screw ISO 14583 - M3x10 Steel 4.6 Plain,Hexalobular_Socket_Pan_Head_Screw_ISO_14583_-_M3x10_Steel_4.6_Plain,True,1.000000,0.000000,-0.000000,0.000000,-0.000000,0.000000,-1.000000,-17.603935,-0.000000,1.000000,0.000000,-51.160610,0.000000,0.000000,0.000000,1.000000
v2.1_lower_body_latest:1+v2.1_lower_leg_R:1+Hexalobular Socket Pan Head Screw ISO 14583 - M3x10 Steel 4.6 Plain:39,Hexalobular Socket Pan Head Screw ISO 14583 - M3x10 Steel 4.6 Plain,Hexalobular_Socket_Pan_Head_Screw_ISO_14583_-_M3x10_Steel_4.6_Plain,True,1.000000,0.000000,-0.000000,0.000000,-0.000000,0.000000,-1.000000,-17.603933,-0.000000,1.000000,0.000000,-34.460610,0.000000,0.000000,0.000000,1.000000
v2.1_lower_body_latest:1+v2.1_lower_leg_R:1+Hexalobular Socket Pan Head Screw ISO 14583 - M3x10 Steel 4.6 Plain:40,Hexalobular Socket Pan Head Screw ISO 14583 - M3x10 Steel 4.6 Plain,Hexalobular_Socket_Pan_Head_Screw_ISO_14583_-_M3x10_Steel_4.6_Plain,True,1.000000,0.000000,-0.000000,-1.400000,-0.000000,0.000000,-1.000000,-17.603933,-0.000000,1.000000,0.000000,-33.060610,0.000000,0.000000,0.000000,1.000000
v2.1_lower_body_latest:1+v2.1_lower_leg_R:1+Hexalobular Socket Pan Head Screw ISO 14583 - M3x10 Steel 4.6 Plain:41,Hexalobular Socket Pan Head Screw ISO 14583 - M3x10 Steel 4.6 Plain,Hexalobular_Socket_Pan_Head_Screw_ISO_14583_-_M3x10_Steel_4.6_Plain,True,1.000000,0.000000,-0.000000,1.400000,-0.000000,0.000000,-1.000000,-17.603933,-0.000000,1.000000,0.000000,-33.060610,0.000000,0.000000,0.000000,1.000000
v2.1_lower_body_latest:1+v2.1_lower_leg_R:1+Hexalobular Socket Pan Head Screw ISO 14583 - M3x10 Steel 4.6 Plain:42,Hexalobular Socket Pan Head Screw ISO 14583 - M3x10 Steel 4.6 Plain,Hexalobular_Socket_Pan_Head_Screw_ISO_14583_-_M3x10_Steel_4.6_Plain,True,1.000000,0.000000,-0.000000,0.000000,-0.000000,0.000000,-1.000000,-17.603933,-0.000000,1.000000,0.000000,-31.660610,0.000000,0.000000,0.000000,1.000000
v2.1_lower_body_latest:1+v2.1_lower_leg_R:1+protections:1+foot_front:1,foot_front,foot_front,True,1.000000,0.000000,0.000000,0.000000,-0.000000,1.000000,0.000000,-25.983708,-0.000000,-0.000000,1.000000,-2.988907,0.000000,0.000000,0.000000,1.000000
v2.1_lower_body_latest:1+v2.1_lower_leg_R:1+protections:1+ankle_roll_motor:1+Component46:1,Component46,Component46,True,1.000000,0.000000,0.000000,0.000000,-0.000000,1.000000,0.000000,-25.983708,-0.000000,-0.000000,1.000000,-2.988907,0.000000,0.000000,0.000000,1.000000
v2.1_lower_body_latest:1+v2.1_lower_leg_R:1+protections:1+ankle_roll_motor:1+Component47:1,Component47,Component47,True,1.000000,0.000000,0.000000,0.000000,-0.000000,1.000000,0.000000,-25.983708,-0.000000,-0.000000,1.000000,-2.988907,0.000000,0.000000,0.000000,1.000000
v2.1_lower_body_latest:1+v2.1_lower_leg_R:1+protections:1+ankle_top_cover:1,ankle_top_cover,ankle_top_cover,False,1.000000,0.000000,0.000000,0.000000,0.000000,1.000000,0.000000,0.000000,0.000000,0.000000,1.000000,0.000000,0.000000,0.000000,0.000000,1.000000
v2.1_lower_body_latest:1+v2.1_lower_leg_R:1+protections:1+knee_motor:1+Component44:1,Component44,Component44,True,1.000000,0.000000,0.000000,0.000000,-0.000000,1.000000,0.000000,-25.983708,-0.000000,-0.000000,1.000000,-2.988907,0.000000,0.000000,0.000000,1.000000
v2.1_lower_body_latest:1+v2.1_lower_leg_R:1+protections:1+knee_motor:1+Component45:1,Component45,Component45,True,1.000000,0.000000,0.000000,0.000000,-0.000000,1.000000,0.000000,-25.983708,-0.000000,-0.000000,1.000000,-2.988907,0.000000,0.000000,0.000000,1.000000
v2.1_lower_body_latest:1+v2.1_lower_leg_R:1+protections:1+output_shank:1+cables:1,cables,cables,True,1.000000,-0.000000,-0.000000,0.450000,-0.000000,-1.000000,-0.000000,0.525840,-0.000000,0.000000,-1.000000,-82.632314,0.000000,0.000000,0.000000,1.000000
v2.1_lower_body_latest:1+v2.1_lower_leg_R:1+protections:1+output_shank:1+Component42:1,Component42,Component42,True,1.000000,0.000000,0.000000,0.000000,-0.000000,1.000000,0.000000,-25.983708,-0.000000,-0.000000,1.000000,-2.988907,0.000000,0.000000,0.000000,1.000000
v2.1_lower_body_latest:1+v2.1_lower_leg_R:1+protections:1+output_shank:1+Component43:1,Component43,Component43,True,1.000000,0.000000,0.000000,0.000000,-0.000000,1.000000,0.000000,-25.983708,-0.000000,-0.000000,1.000000,-2.988907,0.000000,0.000000,0.000000,1.000000
v2.1_lower_body_latest:1+v2.1_lower_leg_L_copy:1+Robstride 03 - no back cover:1+3_1_02_090_0073_ASM_1_1_ASM:1+1_1_06_EB903-534_ASM_1_1_ASM:1+1_1_06_EB903-537_1_1:1,1_1_06_EB903-537_1_1,1_1_06_EB903-537_1_1,True,-1.000000,0.000000,-0.000000,-0.000000,0.000000,0.000000,-1.000000,13.833628,-0.000000,-1.000000,-0.000000,-52.560530,0.000000,0.000000,0.000000,1.000000
v2.1_lower_body_latest:1+v2.1_lower_leg_L_copy:1+Robstride 03 - no back cover:1+3_1_02_090_0073_ASM_1_1_ASM:1+1_2_04_680902_1_1:1,1_2_04_680902_1_1,1_2_04_680902_1_1,True,-1.000000,0.000000,-0.000000,-0.000000,0.000000,0.000000,-1.000000,11.233628,-0.000000,-1.000000,-0.000000,-52.560530,0.000000,0.000000,0.000000,1.000000
v2.1_lower_body_latest:1+v2.1_lower_leg_L_copy:1+Robstride 03 - no back cover:1+3_1_02_090_0073_ASM_1_1_ASM:1+1_2_04_635000_1_1:1,1_2_04_635000_1_1,1_2_04_635000_1_1,True,-1.000000,0.000000,0.000000,-0.000000,0.000000,1.000000,0.000000,10.563628,-0.000000,0.000000,-1.000000,-52.560530,0.000000,0.000000,0.000000,1.000000
v2.1_lower_body_latest:1+v2.1_lower_leg_L_copy:1+Robstride 03 - no back cover:1+3_1_02_090_0073_ASM_1_1_ASM:1+1_3_03_000357_1_1:1,1_3_03_000357_1_1,1_3_03_000357_1_1,True,-1.000000,0.000000,-0.000000,-0.000000,0.000000,0.000000,-1.000000,10.533628,-0.000000,-1.000000,-0.000000,-52.560530,0.000000,0.000000,0.000000,1.000000
v2.1_lower_body_latest:1+v2.1_lower_leg_L_copy:1+Robstride 03 - no back cover:1+3_1_02_090_0073_ASM_1_1_ASM:1+1_1_02_EB901-547_1_rotor:1,1_1_02_EB901-547_1_rotor,1_1_02_EB901-547_1_rotor,True,-0.500000,-0.866025,0.000000,-0.000000,0.000000,-0.000000,1.000000,10.083628,-0.866025,0.500000,0.000000,-52.560530,0.000000,0.000000,0.000000,1.000000
v2.1_lower_body_latest:1+v2.1_lower_leg_L_copy:1+Robstride 03 - no back cover:1+3_1_02_090_0073_ASM_1_1_ASM:1+1_2_06_000004_AF0_1_1:1,1_2_06_000004_AF0_1_1,1_2_06_000004_AF0_1_1,True,-1.000000,0.000000,-0.000000,-0.000000,0.000000,0.000000,-1.000000,10.483628,-0.000000,-1.000000,-0.000000,-52.560530,0.000000,0.000000,0.000000,1.000000
v2.1_lower_body_latest:1+v2.1_lower_leg_L_copy:1+Robstride 03 - no back cover:1+3_1_02_090_0073_ASM_1_1_ASM:1+1_1_31_QT-942_1:1,1_1_31_QT-942_1,1_1_31_QT-942_1,True,-0.000000,-1.000000,-0.000000,-0.000000,-0.000000,0.000000,-1.000000,14.083628,1.000000,-0.000000,-0.000000,-52.560530,0.000000,0.000000,0.000000,1.000000
v2.1_lower_body_latest:1+v2.1_lower_leg_L_copy:1+Robstride 03 - no back cover:1+3_1_02_090_0073_ASM_1_1_ASM:1+1_2_05_130001_1_1:1,1_2_05_130001_1_1,1_2_05_130001_1_1,True,-1.000000,0.000000,0.000000,0.200000,0.000000,1.000000,0.000000,15.116206,-0.000000,0.000000,-1.000000,-55.560530,0.000000,0.000000,0.000000,1.000000
v2.1_lower_body_latest:1+v2.1_lower_leg_L_copy:1+Robstride 03 - no back cover:1+3_1_02_090_0073_ASM_1_1_ASM:1+1_2_05_130001_1_1:2,1_2_05_130001_1_1,1_2_05_130001_1_1,True,-1.000000,0.000000,0.000000,-2.126500,0.000000,1.000000,0.000000,15.116206,-0.000000,0.000000,-1.000000,-50.085530,0.000000,0.000000,0.000000,1.000000
v2.1_lower_body_latest:1+v2.1_lower_leg_L_copy:1+Robstride 03 - no back cover:1+3_1_02_090_0073_ASM_1_1_ASM:1+1_2_05_130001_1_1:3,1_2_05_130001_1_1,1_2_05_130001_1_1,True,-1.000000,0.000000,0.000000,2.126500,0.000000,1.000000,0.000000,15.116206,-0.000000,0.000000,-1.000000,-50.085530,0.000000,0.000000,0.000000,1.000000
v2.1_lower_body_latest:1+v2.1_lower_leg_L_copy:1+Robstride 03 - no back cover:1+3_1_02_090_0073_ASM_1_1_ASM:1+PBC:1,PBC,PBC,True,-1.000000,0.000000,-0.000000,-0.000000,0.000000,0.000000,-1.000000,10.333628,-0.000000,-1.000000,-0.000000,-52.560530,0.000000,0.000000,0.000000,1.000000
v2.1_lower_body_latest:1+v2.1_lower_leg_L_copy:1+Robstride 03 - no back cover:1+3_1_02_090_0073_ASM_1_1_ASM:1+CORE:1,CORE,CORE,True,-1.000000,0.000000,-0.000000,-0.000000,0.000000,0.000000,-1.000000,10.333628,-0.000000,-1.000000,-0.000000,-52.560530,0.000000,0.000000,0.000000,1.000000
v2.1_lower_body_latest:1+v2.1_lower_leg_L_copy:1+CNC_leg14_x2_ankle_pitch_back:1,CNC_leg14_x2_ankle_pitch_back,CNC_leg14_x2_ankle_pitch_back~2,True,1.000000,-0.000000,0.000000,-0.000000,-0.000000,-1.000000,0.000000,25.953405,0.000000,-0.000000,-1.000000,-102.132233,0.000000,0.000000,0.000000,1.000000
v2.1_lower_body_latest:1+v2.1_lower_leg_L_copy:1+CNC_leg13_x2_ankle_pitch_front:1,CNC_leg13_x2_ankle_pitch_front,CNC_leg13_x2_ankle_pitch_front~2,True,1.000000,-0.000000,-0.000000,-0.000000,-0.000000,-1.000000,0.000000,25.963405,-0.000000,-0.000000,-1.000000,-102.132233,0.000000,0.000000,0.000000,1.000000
v2.1_lower_body_latest:1+v2.1_lower_leg_L_copy:1+bearing_45x58x7_6809_5.4kN_40g:1+half-bearing-45x58x7_6809_5.4kN_40g:1,half-bearing-45x58x7_6809_5.4kN_40g,half-bearing-45x58x7_6809_5.4kN_40g,True,1.000000,0.000000,-0.000000,-0.000000,-0.000000,-0.000000,-1.000000,9.733628,-0.000000,1.000000,-0.000000,-52.560530,0.000000,0.000000,0.000000,1.000000
v2.1_lower_body_latest:1+v2.1_lower_leg_L_copy:1+bearing_45x58x7_6809_5.4kN_40g:1+half-bearing-45x58x7_6809_5.4kN_40g:2,half-bearing-45x58x7_6809_5.4kN_40g,half-bearing-45x58x7_6809_5.4kN_40g,True,1.000000,0.000000,-0.000000,-0.000000,-0.000000,-0.000000,-1.000000,9.733628,-0.000000,1.000000,-0.000000,-52.560530,0.000000,0.000000,0.000000,1.000000
v2.1_lower_body_latest:1+v2.1_lower_leg_L_copy:1+Robstride 06-No Back Cover:1+R06:1+R06-ROTOR:1,R06-ROTOR,R06-ROTOR,True,0.000000,0.000000,-1.000000,10.000000,1.000000,0.000000,0.000000,12.633628,0.000000,-1.000000,-0.000000,-52.560530,0.000000,0.000000,0.000000,1.000000
v2.1_lower_body_latest:1+v2.1_lower_leg_L_copy:1+Robstride 06-No Back Cover:1+R06:1+MAIN:1+1_1_06_EB823-507_AF0^1_1_06_EB823-509_ASM_FL82BLW33-48V-35N.m(开模版)(1)_FL82BLW33-48V-35N.m(开模版)(1).STEP:1,1_1_06_EB823-507_AF0^1_1_06_EB823-509_ASM_FL82BLW33-48V-35N.m(开模版)(1)_FL82BLW33-48V-35N.m(开模版)(1).STEP,1_1_06_EB823-507_AF0_1_1_06_EB823-509_ASM_FL82BLW33-48V-35N.m_1__FL82BLW33-48V-35N.m_1_.STEP,True,0.000000,0.000000,-1.000000,9.850000,1.000000,0.000000,0.000000,12.633628,0.000000,-1.000000,-0.000000,-52.560530,0.000000,0.000000,0.000000,1.000000
v2.1_lower_body_latest:1+v2.1_lower_leg_L_copy:1+Robstride 06-No Back Cover:1+R06:1+1_1_31_QT-1040^FL82BLW33-48V-35N.m(开模版)(1)_FL82BLW33-48V-35N.m(开模版)(1).STEP:1,1_1_31_QT-1040^FL82BLW33-48V-35N.m(开模版)(1)_FL82BLW33-48V-35N.m(开模版)(1).STEP,1_1_31_QT-1040_FL82BLW33-48V-35N.m_1__FL82BLW33-48V-35N.m_1_.STEP,True,0.000000,0.000000,1.000000,6.550000,0.000000,1.000000,-0.000000,12.633628,-1.000000,0.000000,0.000000,-52.560530,0.000000,0.000000,0.000000,1.000000
v2.1_lower_body_latest:1+v2.1_lower_leg_L_copy:1+Robstride 06-No Back Cover:1+R06:1+weight:1,weight,weight,True,0.000000,0.000000,-1.000000,9.850000,1.000000,0.000000,0.000000,12.633628,0.000000,-1.000000,-0.000000,-52.560530,0.000000,0.000000,0.000000,1.000000
v2.1_lower_body_latest:1+v2.1_lower_leg_L_copy:1+Robstride 06-No Back Cover:1+R06:1+bearing_35x44x5_6707_1.6kN_15g:1+half-bearing_35x44x5_6707_1.6kN_15g:1,half-bearing_35x44x5_6707_1.6kN_15g,half-bearing_35x44x5_6707_1.6kN_15g,True,0.000000,0.000000,-1.000000,9.350000,1.000000,0.000000,0.000000,12.633628,0.000000,-1.000000,-0.000000,-52.560530,0.000000,0.000000,0.000000,1.000000
v2.1_lower_body_latest:1+v2.1_lower_leg_L_copy:1+Robstride 06-No Back Cover:1+R06:1+bearing_35x44x5_6707_1.6kN_15g:1+half-bearing_35x44x5_6707_1.6kN_15g:2,half-bearing_35x44x5_6707_1.6kN_15g,half-bearing_35x44x5_6707_1.6kN_15g,False,0.000000,0.000000,-1.000000,9.350000,1.000000,0.000000,0.000000,12.633628,0.000000,-1.000000,-0.000000,-52.560530,0.000000,0.000000,0.000000,1.000000
v2.1_lower_body_latest:1+v2.1_lower_leg_L_copy:1+CNC_leg15_x2_RS06_shaft_bearing_retainer:1,CNC_leg15_x2_RS06_shaft_bearing_retainer,CNC_leg15_x2_RS06_shaft_bearing_retainer~2,True,1.000000,0.000000,0.000000,-0.000000,-0.000000,1.000000,-0.000000,-0.696148,-0.000000,0.000000,1.000000,-2.988827,0.000000,0.000000,0.000000,1.000000
v2.1_lower_body_latest:1+v2.1_lower_leg_L_copy:1+bearing_35x47x7_6807_4.0kN_29g:1+half-bearing_35x47x7_6807_4.0kN_29g:1,half-bearing_35x47x7_6807_4.0kN_29g,half-bearing_35x47x7_6807_4.0kN_29g,True,0.000000,-0.000000,1.000000,10.350000,-0.000000,-1.000000,-0.000000,12.633628,1.000000,-0.000000,-0.000000,-52.560530,0.000000,0.000000,0.000000,1.000000
v2.1_lower_body_latest:1+v2.1_lower_leg_L_copy:1+bearing_35x47x7_6807_4.0kN_29g:1+half-bearing_35x47x7_6807_4.0kN_29g:2,half-bearing_35x47x7_6807_4.0kN_29g,half-bearing_35x47x7_6807_4.0kN_29g,False,0.000000,-0.000000,1.000000,10.350000,-0.000000,-1.000000,-0.000000,12.633628,1.000000,-0.000000,-0.000000,-52.560530,0.000000,0.000000,0.000000,1.000000
v2.1_lower_body_latest:1+v2.1_lower_leg_L_copy:1+bearing_35x47x7_6807_4.0kN_29g:2+half-bearing_35x47x7_6807_4.0kN_29g:1,half-bearing_35x47x7_6807_4.0kN_29g,half-bearing_35x47x7_6807_4.0kN_29g,True,0.000000,0.000000,-1.000000,-5.550000,0.000000,-1.000000,-0.000000,12.623628,-1.000000,-0.000000,-0.000000,-52.560530,0.000000,0.000000,0.000000,1.000000
v2.1_lower_body_latest:1+v2.1_lower_leg_L_copy:1+bearing_35x47x7_6807_4.0kN_29g:2+half-bearing_35x47x7_6807_4.0kN_29g:2,half-bearing_35x47x7_6807_4.0kN_29g,half-bearing_35x47x7_6807_4.0kN_29g,False,0.000000,0.000000,-1.000000,-5.550000,0.000000,-1.000000,-0.000000,12.623628,-1.000000,-0.000000,-0.000000,-52.560530,0.000000,0.000000,0.000000,1.000000
v2.1_lower_body_latest:1+v2.1_lower_leg_L_copy:1+CNC_leg16_x2_ankle_roll_output_shaft:1,CNC_leg16_x2_ankle_roll_output_shaft,CNC_leg16_x2_ankle_roll_output_shaft~2,True,1.000000,0.000000,0.000000,-0.000000,-0.000000,1.000000,-0.000000,-0.696148,-0.000000,0.000000,1.000000,-2.988827,0.000000,0.000000,0.000000,1.000000
v2.1_lower_body_latest:1+v2.1_lower_leg_L_copy:1+CNC_leg18_x2_foot_plate:1+symmetric_sole:1,symmetric_sole,symmetric_sole~2,True,1.000000,0.000000,0.000000,-0.000000,-0.000000,1.000000,-0.000000,-0.696148,-0.000000,0.000000,1.000000,-2.988827,0.000000,0.000000,0.000000,1.000000
v2.1_lower_body_latest:1+v2.1_lower_leg_L_copy:1+CNC_leg18_x2_foot_plate:1,CNC_leg18_x2_foot_plate,CNC_leg18_x2_foot_plate~2,True,1.000000,0.000000,0.000000,-0.000000,-0.000000,1.000000,-0.000000,-0.696148,-0.000000,0.000000,1.000000,-2.988827,0.000000,0.000000,0.000000,1.000000
v2.1_lower_body_latest:1+v2.1_lower_leg_L_copy:1+CNC_leg17_x2_ankle_roll_support_shaft:1,CNC_leg17_x2_ankle_roll_support_shaft,CNC_leg17_x2_ankle_roll_support_shaft~2,True,-1.000000,0.000000,-0.000000,4.802250,0.000000,1.000000,0.000000,-0.696148,0.000000,0.000000,-1.000000,-2.991827,0.000000,0.000000,0.000000,1.000000
v2.1_lower_body_latest:1+v2.1_lower_leg_L_copy:1+CNC_leg10_x2_knee_output_shank:1,CNC_leg10_x2_knee_output_shank,CNC_leg10_x2_knee_output_shank,True,-1.000000,-0.000000,-0.000000,-0.000000,0.000000,-1.000000,-0.000000,25.983405,-0.000000,-0.000000,1.000000,-2.988827,0.000000,0.000000,0.000000,1.000000
v2.1_lower_body_latest:1+v2.1_lower_leg_L_copy:1+CNC_leg11_x2_knee_support_shank:1,CNC_leg11_x2_knee_support_shank,CNC_leg11_x2_knee_support_shank,True,-1.000000,-0.000000,-0.000000,-0.000000,0.000000,-1.000000,-0.000000,25.953405,-0.000000,-0.000000,1.000000,-2.988827,0.000000,0.000000,0.000000,1.000000
v2.1_lower_body_latest:1+v2.1_lower_leg_L_copy:1+bearing_35x44x5_6707_1.6kN_15g:5+half-bearing_35x44x5_6707_1.6kN_15g:1,half-bearing_35x44x5_6707_1.6kN_15g,half-bearing_35x44x5_6707_1.6kN_15g,True,1.000000,-0.000000,-0.000000,-0.000000,-0.000000,-0.000000,-1.000000,17.023628,0.000000,1.000000,-0.000000,-33.060530,0.000000,0.000000,0.000000,1.000000
v2.1_lower_body_latest:1+v2.1_lower_leg_L_copy:1+bearing_35x44x5_6707_1.6kN_15g:5+half-bearing_35x44x5_6707_1.6kN_15g:2,half-bearing_35x44x5_6707_1.6kN_15g,half-bearing_35x44x5_6707_1.6kN_15g,False,1.000000,-0.000000,-0.000000,-0.000000,-0.000000,-0.000000,-1.000000,17.023628,0.000000,1.000000,-0.000000,-33.060530,0.000000,0.000000,0.000000,1.000000
v2.1_lower_body_latest:1+v2.1_lower_leg_L_copy:1+bearing_35x44x5_6707_1.6kN_15g:6+half-bearing_35x44x5_6707_1.6kN_15g:1,half-bearing_35x44x5_6707_1.6kN_15g,half-bearing_35x44x5_6707_1.6kN_15g,True,1.000000,0.000000,0.000000,-0.000000,-0.000000,0.000000,1.000000,16.373628,0.000000,-1.000000,0.000000,-33.060530,0.000000,0.000000,0.000000,1.000000
v2.1_lower_body_latest:1+v2.1_lower_leg_L_copy:1+bearing_35x44x5_6707_1.6kN_15g:6+half-bearing_35x44x5_6707_1.6kN_15g:2,half-bearing_35x44x5_6707_1.6kN_15g,half-bearing_35x44x5_6707_1.6kN_15g,False,1.000000,0.000000,0.000000,-0.000000,-0.000000,0.000000,1.000000,16.373628,0.000000,-1.000000,0.000000,-33.060530,0.000000,0.000000,0.000000,1.000000
v2.1_lower_body_latest:1+v2.1_lower_leg_L_copy:1+bearing_35x44x5_6707_1.6kN_15g:7+half-bearing_35x44x5_6707_1.6kN_15g:1,half-bearing_35x44x5_6707_1.6kN_15g,half-bearing_35x44x5_6707_1.6kN_15g,True,1.000000,0.000000,-0.000000,-0.000000,-0.000000,-0.000000,-1.000000,17.023628,-0.000000,1.000000,-0.000000,-52.560530,0.000000,0.000000,0.000000,1.000000
v2.1_lower_body_latest:1+v2.1_lower_leg_L_copy:1+bearing_35x44x5_6707_1.6kN_15g:7+half-bearing_35x44x5_6707_1.6kN_15g:2,half-bearing_35x44x5_6707_1.6kN_15g,half-bearing_35x44x5_6707_1.6kN_15g,False,1.000000,0.000000,-0.000000,-0.000000,-0.000000,-0.000000,-1.000000,17.023628,-0.000000,1.000000,-0.000000,-52.560530,0.000000,0.000000,0.000000,1.000000
v2.1_lower_body_latest:1+v2.1_lower_leg_L_copy:1+bearing_35x44x5_6707_1.6kN_15g:8+half-bearing_35x44x5_6707_1.6kN_15g:1,half-bearing_35x44x5_6707_1.6kN_15g,half-bearing_35x44x5_6707_1.6kN_15g,True,-0.000000,-1.000000,-0.000000,-0.000000,0.000000,-0.000000,1.000000,16.373628,-1.000000,-0.000000,0.000000,-52.560530,0.000000,0.000000,0.000000,1.000000
v2.1_lower_body_latest:1+v2.1_lower_leg_L_copy:1+bearing_35x44x5_6707_1.6kN_15g:8+half-bearing_35x44x5_6707_1.6kN_15g:2,half-bearing_35x44x5_6707_1.6kN_15g,half-bearing_35x44x5_6707_1.6kN_15g,False,-0.000000,-1.000000,-0.000000,-0.000000,0.000000,-0.000000,1.000000,16.373628,-1.000000,-0.000000,0.000000,-52.560530,0.000000,0.000000,0.000000,1.000000
v2.1_lower_body_latest:1+v2.1_lower_leg_L_copy:1+CNC_leg12_x4_lower_leg_bearing_cap:1,CNC_leg12_x4_lower_leg_bearing_cap,CNC_leg12_x4_lower_leg_bearing_cap~2,True,1.000000,-0.000000,0.000000,-0.000000,-0.000000,-1.000000,0.000000,25.953405,0.000000,-0.000000,-1.000000,16.511173,0.000000,0.000000,0.000000,1.000000
v2.1_lower_body_latest:1+v2.1_lower_leg_L_copy:1+CNC_leg12_x4_lower_leg_bearing_cap:2,CNC_leg12_x4_lower_leg_bearing_cap,CNC_leg12_x4_lower_leg_bearing_cap~2,True,1.000000,-0.000000,-0.000000,-0.000000,-0.000000,-1.000000,0.000000,25.953405,-0.000000,-0.000000,-1.000000,-2.988827,0.000000,0.000000,0.000000,1.000000
v2.1_lower_body_latest:1+v2.1_lower_leg_L_copy:1+robstride04:1+120WAIGUAN0310_ASM_1_ASM:1+FL120BLW38-48V-120NM_ASM_1_ASM__ASM:1+3_1_02_120_0002_ASM_1_ASM_2_ASM_ASM:1+GP72-9_00_40N_M___20240216_ASM__ASM:1+1_21_121000046___61810_50__1_1_:1,1_21_121000046___61810_50__1_1_,1_21_121000046___61810_50__1_1,True,0.000000,-0.500000,-0.866025,-0.000000,1.000000,0.000000,-0.000000,10.703628,0.000000,-0.866025,0.500000,-33.060530,0.000000,0.000000,0.000000,1.000000
v2.1_lower_body_latest:1+v2.1_lower_leg_L_copy:1+robstride04:1+120WAIGUAN0310_ASM_1_ASM:1+FL120BLW38-48V-120NM_ASM_1_ASM__ASM:1+3_1_02_120_0002_ASM_1_ASM_2_ASM_ASM:1+GP72-9_00_40N_M___20240216_ASM__ASM:1+1_21_121000047___7_1_1_1:1,1_21_121000047___7_1_1_1,1_21_121000047___7_1_1_1,True,0.000000,-0.500000,-0.866025,-0.000000,1.000000,0.000000,-0.000000,10.753626,0.000000,-0.866025,0.500000,-33.060530,0.000000,0.000000,0.000000,1.000000
v2.1_lower_body_latest:1+v2.1_lower_leg_L_copy:1+robstride04:1+120WAIGUAN0310_ASM_1_ASM:1+FL120BLW38-48V-120NM_ASM_1_ASM__ASM:1+3_1_02_120_0002_ASM_1_ASM_2_ASM_ASM:1+GP72-9_00_40N_M___20240216_ASM__ASM:1+_PIS72-D6X_1_1_1:1,_PIS72-D6X_1_1_1,PIS72-D6X_1_1_1,True,0.963277,-0.268509,-0.000000,1.552784,-0.000000,-0.000000,-1.000000,13.003628,0.268509,0.963277,-0.000000,-33.957030,0.000000,0.000000,0.000000,1.000000
v2.1_lower_body_latest:1+v2.1_lower_leg_L_copy:1+robstride04:1+120WAIGUAN0310_ASM_1_ASM:1+FL120BLW38-48V-120NM_ASM_1_ASM__ASM:1+3_1_02_120_0002_ASM_1_ASM_2_ASM_ASM:1+GP72-9_00_40N_M___20240216_ASM__ASM:1+_PIS72-D6X_1_1_1:2,_PIS72-D6X_1_1_1,PIS72-D6X_1_1_1,True,-0.249103,0.968477,-0.000000,-1.552784,0.000000,0.000000,-1.000000,13.003628,-0.968477,-0.249103,-0.000000,-33.957030,0.000000,0.000000,0.000000,1.000000
v2.1_lower_body_latest:1+v2.1_lower_leg_L_copy:1+robstride04:1+120WAIGUAN0310_ASM_1_ASM:1+FL120BLW38-48V-120NM_ASM_1_ASM__ASM:1+3_1_02_120_0002_ASM_1_ASM_2_ASM_ASM:1+GP72-9_00_40N_M___20240216_ASM__ASM:1+_PIS72-D6X_1_1_1:3,_PIS72-D6X_1_1_1,PIS72-D6X_1_1_1,True,-0.714174,-0.699968,-0.000000,-0.000000,-0.000000,0.000000,-1.000000,13.003628,0.699968,-0.714174,-0.000000,-31.267530,0.000000,0.000000,0.000000,1.000000
v2.1_lower_body_latest:1+v2.1_lower_leg_L_copy:1+robstride04:1+120WAIGUAN0310_ASM_1_ASM:1+FL120BLW38-48V-120NM_ASM_1_ASM__ASM:1+3_1_02_120_0002_ASM_1_ASM_2_ASM_ASM:1+GP72-9_00_40N_M___20240216_ASM__ASM:1+D19_1_1_1:1,D19_1_1_1,D19_1_1_1,True,-0.858469,-0.512866,-0.000000,-0.000000,-0.000000,0.000000,-1.000000,10.353626,0.512866,-0.858469,-0.000000,-33.060530,0.000000,0.000000,0.000000,1.000000
v2.1_lower_body_latest:1+v2.1_lower_leg_L_copy:1+robstride04:1+120WAIGUAN0310_ASM_1_ASM:1+FL120BLW38-48V-120NM_ASM_1_ASM__ASM:1+3_1_02_120_0002_ASM_1_ASM_2_ASM_ASM:1+GP72-9_00_40N_M___20240216_ASM__ASM:1+ROTOR:1,ROTOR,ROTOR,True,0.500000,0.000000,-0.866025,-0.000000,-0.000000,1.000000,-0.000000,11.428628,0.866025,0.000000,0.500000,-33.060530,0.000000,0.000000,0.000000,1.000000
v2.1_lower_body_latest:1+v2.1_lower_leg_L_copy:1+robstride04:1+120WAIGUAN0310_ASM_1_ASM:1+FL120BLW38-48V-120NM_ASM_1_ASM__ASM:1+3_1_02_120_0002_ASM_1_ASM_2_ASM_ASM:1+GP72-9_00_40N_M___20240216_ASM__ASM:1+ZYDQHJ_1_1_1:1,ZYDQHJ_1_1_1,ZYDQHJ_1_1_1,True,-0.866025,-0.500000,-0.000000,-0.000000,-0.000000,0.000000,-1.000000,10.353628,0.500000,-0.866025,-0.000000,-33.060530,0.000000,0.000000,0.000000,1.000000
v2.1_lower_body_latest:1+v2.1_lower_leg_L_copy:1+robstride04:1+120WAIGUAN0310_ASM_1_ASM:1+FL120BLW38-48V-120NM_ASM_1_ASM__ASM:1+3_1_02_120_0002_ASM_1_ASM_2_ASM_ASM:1+1_1_02_EB1201-501_1_1_1:1,1_1_02_EB1201-501_1_1_1,1_1_02_EB1201-501_1_1_1,True,-0.809017,0.587785,-0.000000,-0.000000,0.000000,0.000000,-1.000000,10.553628,-0.587785,-0.809017,-0.000000,-33.060530,0.000000,0.000000,0.000000,1.000000
v2.1_lower_body_latest:1+v2.1_lower_leg_L_copy:1+robstride04:1+120WAIGUAN0310_ASM_1_ASM:1+FL120BLW38-48V-120NM_ASM_1_ASM__ASM:1+3_1_02_120_0002_ASM_1_ASM_2_ASM_ASM:1+1_1_06_EB1203-503_1_1_1:1,1_1_06_EB1203-503_1_1_1,1_1_06_EB1203-503_1_1_1,True,-1.000000,-0.000000,0.000000,-0.000000,-0.000000,0.000000,-1.000000,13.923628,0.000000,-1.000000,-0.000000,-33.060530,0.000000,0.000000,0.000000,1.000000
v2.1_lower_body_latest:1+v2.1_lower_leg_L_copy:1+robstride04:1+120WAIGUAN0310_ASM_1_ASM:1+FL120BLW38-48V-120NM_ASM_1_ASM__ASM:1+3_1_02_120_0002_ASM_1_ASM_2_ASM_ASM:1+1_2_05_025121_1_1_1:1,1_2_05_025121_1_1_1,1_2_05_025121_1_1_1,True,-0.000000,0.965926,0.258819,-5.760000,1.000000,-0.000000,0.000000,10.774628,0.000000,0.258819,-0.965926,-33.060530,0.000000,0.000000,0.000000,1.000000
v2.1_lower_body_latest:1+v2.1_lower_leg_L_copy:1+robstride04:1+120WAIGUAN0310_ASM_1_ASM:1+FL120BLW38-48V-120NM_ASM_1_ASM__ASM:1+3_1_02_120_0002_ASM_1_ASM_2_ASM_ASM:1+1_2_05_025121_1_1_1:2,1_2_05_025121_1_1_1,1_2_05_025121_1_1_1,True,-0.000000,0.965926,0.258819,-4.988306,1.000000,-0.000000,0.000000,10.774628,0.000000,0.258819,-0.965926,-30.180530,0.000000,0.000000,0.000000,1.000000
v2.1_lower_body_latest:1+v2.1_lower_leg_L_copy:1+robstride04:1+120WAIGUAN0310_ASM_1_ASM:1+FL120BLW38-48V-120NM_ASM_1_ASM__ASM:1+3_1_02_120_0002_ASM_1_ASM_2_ASM_ASM:1+1_2_05_025121_1_1_1:3,1_2_05_025121_1_1_1,1_2_05_025121_1_1_1,True,-0.000000,0.965926,0.258819,-2.880000,1.000000,-0.000000,0.000000,10.774628,0.000000,0.258819,-0.965926,-28.072224,0.000000,0.000000,0.000000,1.000000
v2.1_lower_body_latest:1+v2.1_lower_leg_L_copy:1+robstride04:1+120WAIGUAN0310_ASM_1_ASM:1+FL120BLW38-48V-120NM_ASM_1_ASM__ASM:1+3_1_02_120_0002_ASM_1_ASM_2_ASM_ASM:1+1_2_05_025121_1_1_1:4,1_2_05_025121_1_1_1,1_2_05_025121_1_1_1,True,-0.000000,0.965926,0.258819,-0.000000,1.000000,-0.000000,0.000000,10.774628,0.000000,0.258819,-0.965926,-27.300530,0.000000,0.000000,0.000000,1.000000
v2.1_lower_body_latest:1+v2.1_lower_leg_L_copy:1+robstride04:1+120WAIGUAN0310_ASM_1_ASM:1+FL120BLW38-48V-120NM_ASM_1_ASM__ASM:1+3_1_02_120_0002_ASM_1_ASM_2_ASM_ASM:1+1_2_05_025121_1_1_1:5,1_2_05_025121_1_1_1,1_2_05_025121_1_1_1,True,-0.000000,0.965926,0.258819,2.880000,1.000000,-0.000000,0.000000,10.774628,0.000000,0.258819,-0.965926,-28.072224,0.000000,0.000000,0.000000,1.000000
v2.1_lower_body_latest:1+v2.1_lower_leg_L_copy:1+robstride04:1+120WAIGUAN0310_ASM_1_ASM:1+FL120BLW38-48V-120NM_ASM_1_ASM__ASM:1+3_1_02_120_0002_ASM_1_ASM_2_ASM_ASM:1+1_2_05_025121_1_1_1:6,1_2_05_025121_1_1_1,1_2_05_025121_1_1_1,True,-0.000000,0.965926,0.258819,4.988306,1.000000,-0.000000,0.000000,10.774628,0.000000,0.258819,-0.965926,-30.180530,0.000000,0.000000,0.000000,1.000000
v2.1_lower_body_latest:1+v2.1_lower_leg_L_copy:1+robstride04:1+120WAIGUAN0310_ASM_1_ASM:1+FL120BLW38-48V-120NM_ASM_1_ASM__ASM:1+3_1_02_120_0002_ASM_1_ASM_2_ASM_ASM:1+1_2_05_025121_1_1_1:7,1_2_05_025121_1_1_1,1_2_05_025121_1_1_1,True,-0.000000,0.965926,0.258819,5.760000,1.000000,-0.000000,0.000000,10.774628,0.000000,0.258819,-0.965926,-33.060530,0.000000,0.000000,0.000000,1.000000
v2.1_lower_body_latest:1+v2.1_lower_leg_L_copy:1+robstride04:1+120WAIGUAN0310_ASM_1_ASM:1+FL120BLW38-48V-120NM_ASM_1_ASM__ASM:1+3_1_02_120_0002_ASM_1_ASM_2_ASM_ASM:1+1_2_05_025121_1_1_1:8,1_2_05_025121_1_1_1,1_2_05_025121_1_1_1,True,-0.000000,0.965926,0.258819,4.988306,1.000000,-0.000000,0.000000,10.774628,0.000000,0.258819,-0.965926,-35.940530,0.000000,0.000000,0.000000,1.000000
v2.1_lower_body_latest:1+v2.1_lower_leg_L_copy:1+robstride04:1+120WAIGUAN0310_ASM_1_ASM:1+FL120BLW38-48V-120NM_ASM_1_ASM__ASM:1+3_1_02_120_0002_ASM_1_ASM_2_ASM_ASM:1+1_2_05_025121_1_1_1:9,1_2_05_025121_1_1_1,1_2_05_025121_1_1_1,True,-0.000000,0.965926,0.258819,2.880000,1.000000,-0.000000,0.000000,10.774628,0.000000,0.258819,-0.965926,-38.048836,0.000000,0.000000,0.000000,1.000000
v2.1_lower_body_latest:1+v2.1_lower_leg_L_copy:1+robstride04:1+120WAIGUAN0310_ASM_1_ASM:1+FL120BLW38-48V-120NM_ASM_1_ASM__ASM:1+3_1_02_120_0002_ASM_1_ASM_2_ASM_ASM:1+1_2_05_025121_1_1_1:10,1_2_05_025121_1_1_1,1_2_05_025121_1_1_1,True,-0.000000,0.965926,0.258819,0.000000,1.000000,-0.000000,0.000000,10.774628,0.000000,0.258819,-0.965926,-38.820530,0.000000,0.000000,0.000000,1.000000
v2.1_lower_body_latest:1+v2.1_lower_leg_L_copy:1+robstride04:1+120WAIGUAN0310_ASM_1_ASM:1+FL120BLW38-48V-120NM_ASM_1_ASM__ASM:1+3_1_02_120_0002_ASM_1_ASM_2_ASM_ASM:1+1_2_05_025121_1_1_1:11,1_2_05_025121_1_1_1,1_2_05_025121_1_1_1,True,-0.000000,0.965926,0.258819,-2.880000,1.000000,-0.000000,0.000000,10.774628,0.000000,0.258819,-0.965926,-38.048836,0.000000,0.000000,0.000000,1.000000
v2.1_lower_body_latest:1+v2.1_lower_leg_L_copy:1+robstride04:1+120WAIGUAN0310_ASM_1_ASM:1+FL120BLW38-48V-120NM_ASM_1_ASM__ASM:1+3_1_02_120_0002_ASM_1_ASM_2_ASM_ASM:1+1_2_05_025121_1_1_1:12,1_2_05_025121_1_1_1,1_2_05_025121_1_1_1,True,-0.000000,0.965926,0.258819,-4.988306,1.000000,-0.000000,0.000000,10.774628,0.000000,0.258819,-0.965926,-35.940530,0.000000,0.000000,0.000000,1.000000
v2.1_lower_body_latest:1+v2.1_lower_leg_L_copy:1+robstride04:1+120WAIGUAN0310_ASM_1_ASM:1+FL120BLW38-48V-120NM_ASM_1_ASM__ASM:1+3_1_02_120_0002_ASM_1_ASM_2_ASM_ASM:1+1_2_05_025081_1_1_1:1,1_2_05_025081_1_1_1,1_2_05_025081_1_1_1,True,0.000000,0.965926,0.258819,-1.750000,1.000000,-0.000000,-0.000000,10.553628,-0.000000,0.258819,-0.965926,-36.091619,0.000000,0.000000,0.000000,1.000000
v2.1_lower_body_latest:1+v2.1_lower_leg_L_copy:1+robstride04:1+120WAIGUAN0310_ASM_1_ASM:1+FL120BLW38-48V-120NM_ASM_1_ASM__ASM:1+3_1_02_120_0002_ASM_1_ASM_2_ASM_ASM:1+1_2_05_025081_1_1_1:2,1_2_05_025081_1_1_1,1_2_05_025081_1_1_1,True,0.000000,0.965926,-0.258819,-3.031089,1.000000,-0.000000,-0.000000,10.553628,-0.000000,-0.258819,-0.965926,-34.810530,0.000000,0.000000,0.000000,1.000000
v2.1_lower_body_latest:1+v2.1_lower_leg_L_copy:1+robstride04:1+120WAIGUAN0310_ASM_1_ASM:1+FL120BLW38-48V-120NM_ASM_1_ASM__ASM:1+3_1_02_120_0002_ASM_1_ASM_2_ASM_ASM:1+1_2_05_025081_1_1_1:3,1_2_05_025081_1_1_1,1_2_05_025081_1_1_1,True,0.000000,0.707107,-0.707107,-3.500000,1.000000,-0.000000,-0.000000,10.553628,-0.000000,-0.707107,-0.707107,-33.060530,0.000000,0.000000,0.000000,1.000000
v2.1_lower_body_latest:1+v2.1_lower_leg_L_copy:1+robstride04:1+120WAIGUAN0310_ASM_1_ASM:1+FL120BLW38-48V-120NM_ASM_1_ASM__ASM:1+3_1_02_120_0002_ASM_1_ASM_2_ASM_ASM:1+1_2_05_025081_1_1_1:4,1_2_05_025081_1_1_1,1_2_05_025081_1_1_1,True,-0.000000,0.258819,-0.965926,-3.031089,1.000000,-0.000000,-0.000000,10.553628,-0.000000,-0.965926,-0.258819,-31.310530,0.000000,0.000000,0.000000,1.000000
v2.1_lower_body_latest:1+v2.1_lower_leg_L_copy:1+robstride04:1+120WAIGUAN0310_ASM_1_ASM:1+FL120BLW38-48V-120NM_ASM_1_ASM__ASM:1+3_1_02_120_0002_ASM_1_ASM_2_ASM_ASM:1+1_2_05_025081_1_1_1:5,1_2_05_025081_1_1_1,1_2_05_025081_1_1_1,True,-0.000000,-0.258819,-0.965926,-1.750000,1.000000,-0.000000,-0.000000,10.553628,-0.000000,-0.965926,0.258819,-30.029441,0.000000,0.000000,0.000000,1.000000
v2.1_lower_body_latest:1+v2.1_lower_leg_L_copy:1+robstride04:1+120WAIGUAN0310_ASM_1_ASM:1+FL120BLW38-48V-120NM_ASM_1_ASM__ASM:1+3_1_02_120_0002_ASM_1_ASM_2_ASM_ASM:1+1_2_05_025081_1_1_1:6,1_2_05_025081_1_1_1,1_2_05_025081_1_1_1,True,-0.000000,-0.707107,-0.707107,0.000000,1.000000,-0.000000,-0.000000,10.553628,-0.000000,-0.707107,0.707107,-29.560530,0.000000,0.000000,0.000000,1.000000
v2.1_lower_body_latest:1+v2.1_lower_leg_L_copy:1+robstride04:1+120WAIGUAN0310_ASM_1_ASM:1+FL120BLW38-48V-120NM_ASM_1_ASM__ASM:1+3_1_02_120_0002_ASM_1_ASM_2_ASM_ASM:1+1_2_05_025081_1_1_1:7,1_2_05_025081_1_1_1,1_2_05_025081_1_1_1,True,-0.000000,-0.965926,-0.258819,1.750000,1.000000,-0.000000,-0.000000,10.553628,0.000000,-0.258819,0.965926,-30.029441,0.000000,0.000000,0.000000,1.000000
v2.1_lower_body_latest:1+v2.1_lower_leg_L_copy:1+robstride04:1+120WAIGUAN0310_ASM_1_ASM:1+FL120BLW38-48V-120NM_ASM_1_ASM__ASM:1+3_1_02_120_0002_ASM_1_ASM_2_ASM_ASM:1+1_2_05_025081_1_1_1:8,1_2_05_025081_1_1_1,1_2_05_025081_1_1_1,True,-0.000000,-0.965926,0.258819,3.031089,1.000000,-0.000000,-0.000000,10.553628,0.000000,0.258819,0.965926,-31.310530,0.000000,0.000000,0.000000,1.000000
v2.1_lower_body_latest:1+v2.1_lower_leg_L_copy:1+robstride04:1+120WAIGUAN0310_ASM_1_ASM:1+FL120BLW38-48V-120NM_ASM_1_ASM__ASM:1+3_1_02_120_0002_ASM_1_ASM_2_ASM_ASM:1+1_2_05_025081_1_1_1:9,1_2_05_025081_1_1_1,1_2_05_025081_1_1_1,True,-0.000000,-0.707107,0.707107,3.500000,1.000000,-0.000000,-0.000000,10.553628,0.000000,0.707107,0.707107,-33.060530,0.000000,0.000000,0.000000,1.000000
v2.1_lower_body_latest:1+v2.1_lower_leg_L_copy:1+robstride04:1+120WAIGUAN0310_ASM_1_ASM:1+FL120BLW38-48V-120NM_ASM_1_ASM__ASM:1+3_1_02_120_0002_ASM_1_ASM_2_ASM_ASM:1+1_2_05_025081_1_1_1:10,1_2_05_025081_1_1_1,1_2_05_025081_1_1_1,True,0.000000,-0.258819,0.965926,3.031089,1.000000,-0.000000,-0.000000,10.553628,0.000000,0.965926,0.258819,-34.810530,0.000000,0.000000,0.000000,1.000000
v2.1_lower_body_latest:1+v2.1_lower_leg_L_copy:1+robstride04:1+120WAIGUAN0310_ASM_1_ASM:1+FL120BLW38-48V-120NM_ASM_1_ASM__ASM:1+3_1_02_120_0002_ASM_1_ASM_2_ASM_ASM:1+1_2_05_025081_1_1_1:11,1_2_05_025081_1_1_1,1_2_05_025081_1_1_1,True,0.000000,0.258819,0.965926,1.750000,1.000000,-0.000000,-0.000000,10.553628,0.000000,0.965926,-0.258819,-36.091619,0.000000,0.000000,0.000000,1.000000
v2.1_lower_body_latest:1+v2.1_lower_leg_L_copy:1+robstride04:1+120WAIGUAN0310_ASM_1_ASM:1+FL120BLW38-48V-120NM_ASM_1_ASM__ASM:1+3_1_02_120_0002_ASM_1_ASM_2_ASM_ASM:1+1_2_05_025081_1_1_1:12,1_2_05_025081_1_1_1,1_2_05_025081_1_1_1,True,0.000000,0.707107,0.707107,-0.000000,1.000000,-0.000000,-0.000000,10.553628,0.000000,0.707107,-0.707107,-36.560530,0.000000,0.000000,0.000000,1.000000
v2.1_lower_body_latest:1+v2.1_lower_leg_L_copy:1+robstride04:1+120WAIGUAN0310_ASM_1_ASM:1+FL120BLW38-48V-120NM_ASM_1_ASM__ASM:1+3_1_02_120_0002_ASM_1_ASM_2_ASM_ASM:1+1_2_04_618030_1_1_1:1,1_2_04_618030_1_1_1,1_2_04_618030_1_1_1,True,0.965926,0.000000,0.258819,-0.000000,-0.000000,-1.000000,0.000000,13.753628,0.258819,-0.000000,-0.965926,-33.060530,0.000000,0.000000,0.000000,1.000000
v2.1_lower_body_latest:1+v2.1_lower_leg_L_copy:1+robstride04:1+120WAIGUAN0310_ASM_1_ASM:1+FL120BLW38-48V-120NM_ASM_1_ASM__ASM:1+3_1_02_120_0002_ASM_1_ASM_2_ASM_ASM:1+1_2_04_694000_1_1_1:1,1_2_04_694000_1_1_1,1_2_04_694000_1_1_1,True,-0.965926,0.258819,0.000000,-2.200000,0.000000,0.000000,-1.000000,13.923628,-0.258819,-0.965926,-0.000000,-33.060530,0.000000,0.000000,0.000000,1.000000
v2.1_lower_body_latest:1+v2.1_lower_leg_L_copy:1+robstride04:1+120WAIGUAN0310_ASM_1_ASM:1+FL120BLW38-48V-120NM_ASM_1_ASM__ASM:1+3_1_02_120_0002_ASM_1_ASM_2_ASM_ASM:1+1_1_31_EB1203-505_1_1_1:1,1_1_31_EB1203-505_1_1_1,1_1_31_EB1203-505_1_1_1,True,0.965926,0.258819,0.000000,0.077274,0.000000,-0.000000,-1.000000,14.053628,-0.258819,0.965926,-0.000000,-33.081235,0.000000,0.000000,0.000000,1.000000
v2.1_lower_body_latest:1+v2.1_lower_leg_L_copy:1+robstride04:1+120WAIGUAN0310_ASM_1_ASM:1+FL120BLW38-48V-120NM_ASM_1_ASM__ASM:1+3_1_02_120_0002_ASM_1_ASM_2_ASM_ASM:1+1_2_05_000438_1_1_1:1,1_2_05_000438_1_1_1,1_2_05_000438_1_1_1,True,-0.965926,-0.258819,0.000000,5.714913,-0.000000,0.000000,-1.000000,13.663628,0.258819,-0.965926,-0.000000,-33.639382,0.000000,0.000000,0.000000,1.000000
v2.1_lower_body_latest:1+v2.1_lower_leg_L_copy:1+robstride04:1+120WAIGUAN0310_ASM_1_ASM:1+FL120BLW38-48V-120NM_ASM_1_ASM__ASM:1+3_1_02_120_0002_ASM_1_ASM_2_ASM_ASM:1+1_2_05_000438_1_1_1:2,1_2_05_000438_1_1_1,1_2_05_000438_1_1_1,True,-0.965926,-0.258819,0.000000,5.714913,-0.000000,0.000000,-1.000000,10.913628,0.258819,-0.965926,-0.000000,-33.639382,0.000000,0.000000,0.000000,1.000000
v2.1_lower_body_latest:1+v2.1_lower_leg_L_copy:1+robstride04:1+120WAIGUAN0310_ASM_1_ASM:1+FL120BLW38-48V-120NM_ASM_1_ASM__ASM:1+3_1_02_120_0002_ASM_1_ASM_2_ASM_ASM:1+1_2_05_000438_1_1_1:3,1_2_05_000438_1_1_1,1_2_05_000438_1_1_1,True,-0.965926,-0.258819,0.000000,5.238686,-0.000000,0.000000,-1.000000,13.663628,0.258819,-0.965926,-0.000000,-35.416686,0.000000,0.000000,0.000000,1.000000
v2.1_lower_body_latest:1+v2.1_lower_leg_L_copy:1+robstride04:1+120WAIGUAN0310_ASM_1_ASM:1+FL120BLW38-48V-120NM_ASM_1_ASM__ASM:1+3_1_02_120_0002_ASM_1_ASM_2_ASM_ASM:1+1_2_05_000438_1_1_1:4,1_2_05_000438_1_1_1,1_2_05_000438_1_1_1,True,-0.965926,-0.258819,0.000000,5.238686,-0.000000,0.000000,-1.000000,10.913628,0.258819,-0.965926,-0.000000,-35.416686,0.000000,0.000000,0.000000,1.000000
v2.1_lower_body_latest:1+v2.1_lower_leg_L_copy:1+robstride04:1+120WAIGUAN0310_ASM_1_ASM:1+FL120BLW38-48V-120NM_ASM_1_ASM__ASM:1+3_1_02_120_0002_ASM_1_ASM_2_ASM_ASM:1+1_2_05_QT-104_1_1_1:1,1_2_05_QT-104_1_1_1,1_2_05_QT-104_1_1_1,True,-0.965926,0.258819,0.000000,-0.931749,0.000000,0.000000,-1.000000,12.353628,-0.258819,-0.965926,-0.000000,-29.583197,0.000000,0.000000,0.000000,1.000000
v2.1_lower_body_latest:1+v2.1_lower_leg_L_copy:1+robstride04:1+120WAIGUAN0310_ASM_1_ASM:1+FL120BLW38-48V-120NM_ASM_1_ASM__ASM:1+3_1_02_120_0002_ASM_1_ASM_2_ASM_ASM:1+DIANJIBAN-2_SW0001_1_ASM_2_ASM__ASM:1+DIANJIBAN-2_SW0001_1_1_2_1:1,DIANJIBAN-2_SW0001_1_1_2_1,DIANJIBAN-2_SW0001_1_1_2_1,True,-1.000000,0.000000,-0.000000,0.000000,0.000000,1.000000,-0.000000,14.683628,0.000000,-0.000000,-1.000000,-33.060530,0.000000,0.000000,0.000000,1.000000
v2.1_lower_body_latest:1+v2.1_lower_leg_L_copy:1+robstride04:1+120WAIGUAN0310_ASM_1_ASM:1+FL120BLW38-48V-120NM_ASM_1_ASM__ASM:1+3_1_02_120_0002_ASM_1_ASM_2_ASM_ASM:1+1_2_05_030050_1_1_1:1,1_2_05_030050_1_1_1,1_2_05_030050_1_1_1,True,-0.965926,0.000000,0.258819,0.000000,0.000000,1.000000,-0.000000,14.743628,-0.258819,-0.000000,-0.965926,-29.660530,0.000000,0.000000,0.000000,1.000000
v2.1_lower_body_latest:1+v2.1_lower_leg_L_copy:1+robstride04:1+120WAIGUAN0310_ASM_1_ASM:1+FL120BLW38-48V-120NM_ASM_1_ASM__ASM:1+3_1_02_120_0002_ASM_1_ASM_2_ASM_ASM:1+1_2_05_030050_1_1_1:2,1_2_05_030050_1_1_1,1_2_05_030050_1_1_1,True,-0.965926,0.000000,0.258819,2.526692,0.000000,1.000000,-0.000000,14.743628,-0.258819,-0.000000,-0.965926,-35.335574,0.000000,0.000000,0.000000,1.000000
v2.1_lower_body_latest:1+v2.1_lower_leg_L_copy:1+robstride04:1+120WAIGUAN0310_ASM_1_ASM:1+FL120BLW38-48V-120NM_ASM_1_ASM__ASM:1+3_1_02_120_0002_ASM_1_ASM_2_ASM_ASM:1+1_2_05_030050_1_1_1:3,1_2_05_030050_1_1_1,1_2_05_030050_1_1_1,True,-0.965926,0.000000,0.258819,-2.526692,0.000000,1.000000,-0.000000,14.743628,-0.258819,-0.000000,-0.965926,-35.335574,0.000000,0.000000,0.000000,1.000000
v2.1_lower_body_latest:1+v2.1_lower_leg_L_copy:1+robstride04:1+120WAIGUAN0310_ASM_1_ASM:1+SR_1__1:1,SR_1__1,SR_1__1,True,-1.000000,-0.000000,-0.000000,-0.000000,-0.000000,1.000000,0.000000,14.683628,0.000000,0.000000,-1.000000,-33.062946,0.000000,0.000000,0.000000,1.000000
v2.1_lower_body_latest:1+v2.1_lower_leg_L_copy:1+robstride04:1+Component26:1,Component26,Component26,True,-1.000000,-0.000000,0.000000,-0.000000,-0.000000,0.000000,-1.000000,10.153628,0.000000,-1.000000,-0.000000,-33.060530,0.000000,0.000000,0.000000,1.000000
v2.1_lower_body_latest:1+v2.1_lower_leg_L_copy:1+CNC_leg08_x2_knee_front_bearing_retainer:1,CNC_leg08_x2_knee_front_bearing_retainer,CNC_leg08_x2_knee_front_bearing_retainer~2,True,-1.000000,-0.000000,0.000000,0.000000,0.000000,-1.000000,-0.000000,25.983405,0.000000,-0.000000,1.000000,-2.988827,0.000000,0.000000,0.000000,1.000000
v2.1_lower_body_latest:1+v2.1_lower_leg_L_copy:1+CNC_leg09_x2_knee_motor_back_cover:1,CNC_leg09_x2_knee_motor_back_cover,CNC_leg09_x2_knee_motor_back_cover,True,-1.000000,0.000000,0.000000,0.000000,-0.000000,-1.000000,-0.000000,25.983405,0.000000,-0.000000,1.000000,-2.988827,0.000000,0.000000,0.000000,1.000000
v2.1_lower_body_latest:1+v2.1_lower_leg_L_copy:1+bearing_50x65x7_6810_6.1kN_52g:1+half-bearing_50x65x7_6810_6.1kN_52g:1,half-bearing_50x65x7_6810_6.1kN_52g,half-bearing_50x65x7_6810_6.1kN_52g,False,1.000000,0.000000,-0.000000,-0.000000,-0.000000,-0.000000,-1.000000,9.603628,-0.000000,1.000000,-0.000000,-33.060530,0.000000,0.000000,0.000000,1.000000
v2.1_lower_body_latest:1+v2.1_lower_leg_L_copy:1+bearing_50x65x7_6810_6.1kN_52g:1+half-bearing_50x65x7_6810_6.1kN_52g:2,half-bearing_50x65x7_6810_6.1kN_52g,half-bearing_50x65x7_6810_6.1kN_52g,True,1.000000,0.000000,-0.000000,-0.000000,-0.000000,-0.000000,-1.000000,9.603628,-0.000000,1.000000,-0.000000,-33.060530,0.000000,0.000000,0.000000,1.000000
v2.1_lower_body_latest:1+v2.1_lower_leg_L_copy:1+CNC_leg02_x7_RS03_shaft_coupler:1,CNC_leg02_x7_RS03_shaft_coupler,CNC_leg02_x7_RS03_shaft_coupler,True,1.000000,-0.000000,0.000000,0.000000,0.000000,1.000000,-0.000000,-0.676148,-0.000000,0.000000,1.000000,-2.988827,0.000000,0.000000,0.000000,1.000000
v2.1_lower_body_latest:1+v2.1_lower_leg_L_copy:1+Robstride 03 - full:1+3_1_02_090_0073_ASM_1_1_ASM:1+1_1_06_EB903-534_ASM_1_1_ASM:1+1_1_06_EB903-537_1_1:1,1_1_06_EB903-537_1_1,1_1_06_EB903-537_1_1,True,-1.000000,-0.000000,-0.000000,0.000000,-0.000000,1.000000,0.000000,12.653628,-0.000000,0.000000,-1.000000,-21.360530,0.000000,0.000000,0.000000,1.000000
v2.1_lower_body_latest:1+v2.1_lower_leg_L_copy:1+Robstride 03 - full:1+3_1_02_090_0073_ASM_1_1_ASM:1+1_2_04_680902_1_1:1,1_2_04_680902_1_1,1_2_04_680902_1_1,True,-1.000000,-0.000000,-0.000000,0.000000,-0.000000,1.000000,0.000000,12.653628,-0.000000,0.000000,-1.000000,-23.960530,0.000000,0.000000,0.000000,1.000000
v2.1_lower_body_latest:1+v2.1_lower_leg_L_copy:1+Robstride 03 - full:1+3_1_02_090_0073_ASM_1_1_ASM:1+1_2_04_635000_1_1:1,1_2_04_635000_1_1,1_2_04_635000_1_1,True,-1.000000,0.000000,-0.000000,0.000000,-0.000000,-0.000000,1.000000,12.653628,-0.000000,1.000000,0.000000,-24.630530,0.000000,0.000000,0.000000,1.000000
v2.1_lower_body_latest:1+v2.1_lower_leg_L_copy:1+Robstride 03 - full:1+3_1_02_090_0073_ASM_1_1_ASM:1+1_3_03_000357_1_1:1,1_3_03_000357_1_1,1_3_03_000357_1_1,True,-1.000000,-0.000000,-0.000000,0.000000,-0.000000,1.000000,0.000000,12.653628,-0.000000,0.000000,-1.000000,-24.660530,0.000000,0.000000,0.000000,1.000000
v2.1_lower_body_latest:1+v2.1_lower_leg_L_copy:1+Robstride 03 - full:1+3_1_02_090_0073_ASM_1_1_ASM:1+1_1_02_EB901-547_1_rotor:1,1_1_02_EB901-547_1_rotor,1_1_02_EB901-547_1_rotor,True,-0.500000,-0.866025,0.000000,0.000000,0.866025,-0.500000,-0.000000,12.653628,0.000000,-0.000000,1.000000,-25.110530,0.000000,0.000000,0.000000,1.000000
v2.1_lower_body_latest:1+v2.1_lower_leg_L_copy:1+Robstride 03 - full:1+3_1_02_090_0073_ASM_1_1_ASM:1+1_2_06_000004_AF0_1_1:1,1_2_06_000004_AF0_1_1,1_2_06_000004_AF0_1_1,True,-1.000000,-0.000000,-0.000000,0.000000,-0.000000,1.000000,0.000000,12.653628,-0.000000,0.000000,-1.000000,-24.710530,0.000000,0.000000,0.000000,1.000000
v2.1_lower_body_latest:1+v2.1_lower_leg_L_copy:1+Robstride 03 - full:1+3_1_02_090_0073_ASM_1_1_ASM:1+1_1_31_QT-942_1:1,1_1_31_QT-942_1,1_1_31_QT-942_1,True,0.000000,-1.000000,0.000000,0.000000,-1.000000,-0.000000,0.000000,12.653628,-0.000000,0.000000,-1.000000,-21.110530,0.000000,0.000000,0.000000,1.000000
v2.1_lower_body_latest:1+v2.1_lower_leg_L_copy:1+Robstride 03 - full:1+3_1_02_090_0073_ASM_1_1_ASM:1+1_2_05_130001_1_1:1,1_2_05_130001_1_1,1_2_05_130001_1_1,True,-1.000000,0.000000,-0.000000,0.200000,-0.000000,-0.000000,1.000000,15.653628,-0.000000,1.000000,0.000000,-20.077952,0.000000,0.000000,0.000000,1.000000
v2.1_lower_body_latest:1+v2.1_lower_leg_L_copy:1+Robstride 03 - full:1+3_1_02_090_0073_ASM_1_1_ASM:1+1_2_05_130001_1_1:2,1_2_05_130001_1_1,1_2_05_130001_1_1,True,-1.000000,0.000000,-0.000000,-2.126500,-0.000000,-0.000000,1.000000,10.178628,-0.000000,1.000000,0.000000,-20.077952,0.000000,0.000000,0.000000,1.000000
v2.1_lower_body_latest:1+v2.1_lower_leg_L_copy:1+Robstride 03 - full:1+3_1_02_090_0073_ASM_1_1_ASM:1+1_2_05_130001_1_1:3,1_2_05_130001_1_1,1_2_05_130001_1_1,True,-1.000000,0.000000,-0.000000,2.126500,-0.000000,-0.000000,1.000000,10.178628,-0.000000,1.000000,0.000000,-20.077952,0.000000,0.000000,0.000000,1.000000
v2.1_lower_body_latest:1+v2.1_lower_leg_L_copy:1+Robstride 03 - full:1+3_1_02_090_0073_ASM_1_1_ASM:1+PBC:1,PBC,PBC,True,-1.000000,-0.000000,-0.000000,0.000000,-0.000000,1.000000,0.000000,12.653628,-0.000000,0.000000,-1.000000,-24.860530,0.000000,0.000000,0.000000,1.000000
v2.1_lower_body_latest:1+v2.1_lower_leg_L_copy:1+Robstride 03 - full:1+3_1_02_090_0073_ASM_1_1_ASM:1+CORE:1,CORE,CORE,True,-1.000000,-0.000000,-0.000000,0.000000,-0.000000,1.000000,0.000000,12.653628,-0.000000,0.000000,-1.000000,-24.860530,0.000000,0.000000,0.000000,1.000000
v2.1_lower_body_latest:1+v2.1_lower_leg_L_copy:1+Robstride 03 - full:1+BACK_COVER1_1_06_EB903-538_1:1+1_2_05_140095_1_1:1,1_2_05_140095_1_1,1_2_05_140095_1_1,True,0.000000,-0.000000,1.000000,1.875149,0.000000,1.000000,-0.000000,8.126619,-1.000000,0.000000,0.000000,-20.910530,0.000000,0.000000,0.000000,1.000000
v2.1_lower_body_latest:1+v2.1_lower_leg_L_copy:1+Robstride 03 - full:1+BACK_COVER1_1_06_EB903-538_1:1+1_2_05_140095_1_1:2,1_2_05_140095_1_1,1_2_05_140095_1_1,True,0.000000,-0.000000,1.000000,-1.875149,0.000000,1.000000,-0.000000,8.126619,-1.000000,0.000000,0.000000,-20.910530,0.000000,0.000000,0.000000,1.000000
v2.1_lower_body_latest:1+v2.1_lower_leg_L_copy:1+Robstride 03 - full:1+BACK_COVER1_1_06_EB903-538_1:1+1_2_05_140095_1_1:3,1_2_05_140095_1_1,1_2_05_140095_1_1,True,0.000000,-0.000000,1.000000,-1.875149,0.000000,1.000000,-0.000000,17.180638,-1.000000,0.000000,0.000000,-20.910530,0.000000,0.000000,0.000000,1.000000
v2.1_lower_body_latest:1+v2.1_lower_leg_L_copy:1+Robstride 03 - full:1+BACK_COVER1_1_06_EB903-538_1:1+1_2_05_140095_1_1:4,1_2_05_140095_1_1,1_2_05_140095_1_1,True,0.000000,-0.000000,1.000000,1.875149,0.000000,1.000000,-0.000000,17.180638,-1.000000,0.000000,0.000000,-20.910530,0.000000,0.000000,0.000000,1.000000
v2.1_lower_body_latest:1+v2.1_lower_leg_L_copy:1+Robstride 03 - full:1+BACK_COVER1_1_06_EB903-538_1:1+1_2_05_020108_1_1:3,1_2_05_020108_1_1,1_2_05_020108_1_1,True,0.000000,-0.000000,1.000000,3.423803,0.000000,1.000000,-0.000000,11.541167,-1.000000,0.000000,0.000000,-20.150530,0.000000,0.000000,0.000000,1.000000
v2.1_lower_body_latest:1+v2.1_lower_leg_L_copy:1+Robstride 03 - full:1+BACK_COVER1_1_06_EB903-538_1:1+1_2_05_020108_1_1:4,1_2_05_020108_1_1,1_2_05_020108_1_1,True,0.000000,-0.000000,1.000000,-3.221764,0.000000,1.000000,-0.000000,11.047316,-1.000000,0.000000,0.000000,-20.150530,0.000000,0.000000,0.000000,1.000000
v2.1_lower_body_latest:1+v2.1_lower_leg_L_copy:1+Robstride 03 - full:1+BACK_COVER1_1_06_EB903-538_1:1+1_2_05_020108_1_1:2,1_2_05_020108_1_1,1_2_05_020108_1_1,True,0.000000,-0.000000,1.000000,-3.221764,0.000000,1.000000,-0.000000,14.259940,-1.000000,0.000000,0.000000,-20.150530,0.000000,0.000000,0.000000,1.000000
v2.1_lower_body_latest:1+v2.1_lower_leg_L_copy:1+Robstride 03 - full:1+BACK_COVER1_1_06_EB903-538_1:1+1_2_05_020108_1_1:1,1_2_05_020108_1_1,1_2_05_020108_1_1,True,0.000000,-0.000000,1.000000,3.423803,0.000000,1.000000,-0.000000,13.766090,-1.000000,0.000000,0.000000,-20.152530,0.000000,0.000000,0.000000,1.000000
v2.1_lower_body_latest:1+v2.1_lower_leg_L_copy:1+Robstride 03 - full:1+BACK_COVER1_1_06_EB903-538_1:1,BACK_COVER1_1_06_EB903-538_1,BACK_COVER1_1_06_EB903-538_1,True,0.000000,-1.000000,0.000000,0.000000,-1.000000,-0.000000,0.000000,12.653628,-0.000000,0.000000,-1.000000,-19.450530,0.000000,0.000000,0.000000,1.000000
v2.1_lower_body_latest:1+v2.1_lower_leg_L_copy:1+CNC_leg03_x5_RS03_shaft_bearing_retainer:1,CNC_leg03_x5_RS03_shaft_bearing_retainer,CNC_leg03_x5_RS03_shaft_bearing_retainer,True,1.000000,-0.000000,0.000000,-0.000000,0.000000,1.000000,-0.000000,-0.696148,0.000000,0.000000,1.000000,-2.988827,0.000000,0.000000,0.000000,1.000000
v2.1_lower_body_latest:1+v2.1_lower_leg_L_copy:1+bearing_45x58x7_6809_5.4kN_40g:2+half-bearing-45x58x7_6809_5.4kN_40g:1,half-bearing-45x58x7_6809_5.4kN_40g,half-bearing-45x58x7_6809_5.4kN_40g,True,1.000000,0.000000,0.000000,-0.000000,0.000000,-1.000000,0.000000,12.633628,0.000000,-0.000000,-1.000000,-25.460530,0.000000,0.000000,0.000000,1.000000
v2.1_lower_body_latest:1+v2.1_lower_leg_L_copy:1+bearing_45x58x7_6809_5.4kN_40g:2+half-bearing-45x58x7_6809_5.4kN_40g:2,half-bearing-45x58x7_6809_5.4kN_40g,half-bearing-45x58x7_6809_5.4kN_40g,True,1.000000,0.000000,0.000000,-0.000000,0.000000,-1.000000,0.000000,12.633628,0.000000,-0.000000,-1.000000,-25.460530,0.000000,0.000000,0.000000,1.000000
v2.1_lower_body_latest:1+v2.1_lower_leg_L_copy:1+ankle_roll_structural_part_protection:1+foot_front:1,foot_front,foot_front~2,True,1.000000,0.000000,0.000000,-0.000000,-0.000000,1.000000,-0.000000,-0.696148,-0.000000,0.000000,1.000000,-2.988827,0.000000,0.000000,0.000000,1.000000
v2.1_lower_body_latest:1+v2.1_lower_leg_L_copy:1+ankle_roll_motor_protection:1+ankle_roll_motor:1+Component46:1,Component46,Component46~2,True,1.000000,-0.000000,0.000000,-0.000000,-0.000000,-1.000000,0.000000,25.963405,-0.000000,-0.000000,-1.000000,-102.132233,0.000000,0.000000,0.000000,1.000000
v2.1_lower_body_latest:1+v2.1_lower_leg_L_copy:1+ankle_roll_motor_protection:1+ankle_roll_motor:1+Component47:1,Component47,Component47~2,True,1.000000,-0.000000,0.000000,-0.000000,-0.000000,-1.000000,0.000000,25.963405,-0.000000,-0.000000,-1.000000,-102.132233,0.000000,0.000000,0.000000,1.000000
v2.1_lower_body_latest:1+v2.1_lower_leg_L_copy:1+knee_motor_protection:1+knee_motor:1+Component44:1,Component44,Component44~2,True,1.000000,0.000000,0.000000,0.000000,0.000000,1.000000,-0.000000,-1.776148,-0.000000,0.000000,1.000000,-2.988827,0.000000,0.000000,0.000000,1.000000
v2.1_lower_body_latest:1+v2.1_lower_leg_L_copy:1+knee_motor_protection:1+knee_motor:1+Component45:1,Component45,Component45~2,True,1.000000,0.000000,0.000000,0.000000,0.000000,1.000000,-0.000000,-1.776148,-0.000000,0.000000,1.000000,-2.988827,0.000000,0.000000,0.000000,1.000000
v2.1_lower_body_latest:1+v2.1_lower_leg_L_copy:1+Hexalobular Socket Pan Head Screw UNE-EN ISO 14583 - M3x10 Steel 4.6 Plain:1,Hexalobular Socket Pan Head Screw UNE-EN ISO 14583 - M3x10 Steel 4.6 Plain,Hexalobular_Socket_Pan_Head_Screw_ISO_14583_-_M3x10_Steel_4.6_Plain,True,-1.000000,-0.000000,-0.000000,0.600000,0.000000,0.000000,-1.000000,9.803628,0.000000,-1.000000,-0.000000,-26.610530,0.000000,0.000000,0.000000,1.000000
v2.1_lower_body_latest:1+v2.1_lower_leg_L_copy:1+Hexalobular Socket Pan Head Screw UNE-EN ISO 14583 - M3x10 Steel 4.6 Plain:2,Hexalobular Socket Pan Head Screw UNE-EN ISO 14583 - M3x10 Steel 4.6 Plain,Hexalobular_Socket_Pan_Head_Screw_ISO_14583_-_M3x10_Steel_4.6_Plain,True,-1.000000,-0.000000,-0.000000,1.800000,0.000000,0.000000,-1.000000,9.803628,0.000000,-1.000000,-0.000000,-26.610530,0.000000,0.000000,0.000000,1.000000
v2.1_lower_body_latest:1+v2.1_lower_leg_L_copy:1+Hexalobular Socket Pan Head Screw UNE-EN ISO 14583 - M3x10 Steel 4.6 Plain:3,Hexalobular Socket Pan Head Screw UNE-EN ISO 14583 - M3x10 Steel 4.6 Plain,Hexalobular_Socket_Pan_Head_Screw_ISO_14583_-_M3x10_Steel_4.6_Plain,True,-1.000000,-0.000000,-0.000000,-0.600000,0.000000,0.000000,-1.000000,9.803628,0.000000,-1.000000,-0.000000,-26.610530,0.000000,0.000000,0.000000,1.000000
v2.1_lower_body_latest:1+v2.1_lower_leg_L_copy:1+Hexalobular Socket Pan Head Screw UNE-EN ISO 14583 - M3x10 Steel 4.6 Plain:4,Hexalobular Socket Pan Head Screw UNE-EN ISO 14583 - M3x10 Steel 4.6 Plain,Hexalobular_Socket_Pan_Head_Screw_ISO_14583_-_M3x10_Steel_4.6_Plain,True,-1.000000,-0.000000,-0.000000,-1.800000,0.000000,0.000000,-1.000000,9.803628,0.000000,-1.000000,-0.000000,-26.610530,0.000000,0.000000,0.000000,1.000000
v2.1_lower_body_latest:1+v2.1_lower_leg_L_copy:1+Hexalobular Socket Pan Head Screw UNE-EN ISO 14583 - M3x10 Steel 4.6 Plain:5,Hexalobular Socket Pan Head Screw UNE-EN ISO 14583 - M3x10 Steel 4.6 Plain,Hexalobular_Socket_Pan_Head_Screw_ISO_14583_-_M3x10_Steel_4.6_Plain,True,-1.000000,0.000000,0.000000,0.600000,-0.000000,0.000000,1.000000,15.503628,0.000000,1.000000,0.000000,-26.610530,0.000000,0.000000,0.000000,1.000000
v2.1_lower_body_latest:1+v2.1_lower_leg_L_copy:1+Hexalobular Socket Pan Head Screw UNE-EN ISO 14583 - M3x10 Steel 4.6 Plain:6,Hexalobular Socket Pan Head Screw UNE-EN ISO 14583 - M3x10 Steel 4.6 Plain,Hexalobular_Socket_Pan_Head_Screw_ISO_14583_-_M3x10_Steel_4.6_Plain,True,-1.000000,0.000000,0.000000,-1.800000,-0.000000,0.000000,1.000000,15.503628,0.000000,1.000000,0.000000,-26.610530,0.000000,0.000000,0.000000,1.000000
v2.1_lower_body_latest:1+v2.1_lower_leg_L_copy:1+Hexalobular Socket Pan Head Screw UNE-EN ISO 14583 - M3x10 Steel 4.6 Plain:7,Hexalobular Socket Pan Head Screw UNE-EN ISO 14583 - M3x10 Steel 4.6 Plain,Hexalobular_Socket_Pan_Head_Screw_ISO_14583_-_M3x10_Steel_4.6_Plain,True,-1.000000,0.000000,0.000000,-0.600000,-0.000000,0.000000,1.000000,15.503628,0.000000,1.000000,0.000000,-26.610530,0.000000,0.000000,0.000000,1.000000
v2.1_lower_body_latest:1+v2.1_lower_leg_L_copy:1+Hexalobular Socket Pan Head Screw UNE-EN ISO 14583 - M3x10 Steel 4.6 Plain:8,Hexalobular Socket Pan Head Screw UNE-EN ISO 14583 - M3x10 Steel 4.6 Plain,Hexalobular_Socket_Pan_Head_Screw_ISO_14583_-_M3x10_Steel_4.6_Plain,True,-1.000000,0.000000,0.000000,1.800000,-0.000000,0.000000,1.000000,15.503628,0.000000,1.000000,0.000000,-26.610530,0.000000,0.000000,0.000000,1.000000
v2.1_lower_body_latest:1+v2.1_lower_leg_L_copy:1+Hexalobular Socket Pan Head Screw UNE-EN ISO 14583 - M3x10 Steel 4.6 Plain:9,Hexalobular Socket Pan Head Screw UNE-EN ISO 14583 - M3x10 Steel 4.6 Plain,Hexalobular_Socket_Pan_Head_Screw_ISO_14583_-_M3x10_Steel_4.6_Plain,True,1.000000,0.000000,0.000000,1.400000,-0.000000,0.000000,1.000000,17.573628,0.000000,-1.000000,0.000000,-33.060530,0.000000,0.000000,0.000000,1.000000
v2.1_lower_body_latest:1+v2.1_lower_leg_L_copy:1+Hexalobular Socket Pan Head Screw UNE-EN ISO 14583 - M3x10 Steel 4.6 Plain:10,Hexalobular Socket Pan Head Screw UNE-EN ISO 14583 - M3x10 Steel 4.6 Plain,Hexalobular_Socket_Pan_Head_Screw_ISO_14583_-_M3x10_Steel_4.6_Plain,True,1.000000,0.000000,0.000000,-0.000000,-0.000000,0.000000,1.000000,17.573628,0.000000,-1.000000,0.000000,-31.660530,0.000000,0.000000,0.000000,1.000000
v2.1_lower_body_latest:1+v2.1_lower_leg_L_copy:1+Hexalobular Socket Pan Head Screw UNE-EN ISO 14583 - M3x10 Steel 4.6 Plain:11,Hexalobular Socket Pan Head Screw UNE-EN ISO 14583 - M3x10 Steel 4.6 Plain,Hexalobular_Socket_Pan_Head_Screw_ISO_14583_-_M3x10_Steel_4.6_Plain,True,1.000000,0.000000,0.000000,-1.400000,-0.000000,0.000000,1.000000,17.573628,0.000000,-1.000000,0.000000,-33.060530,0.000000,0.000000,0.000000,1.000000
v2.1_lower_body_latest:1+v2.1_lower_leg_L_copy:1+Hexalobular Socket Pan Head Screw UNE-EN ISO 14583 - M3x10 Steel 4.6 Plain:12,Hexalobular Socket Pan Head Screw UNE-EN ISO 14583 - M3x10 Steel 4.6 Plain,Hexalobular_Socket_Pan_Head_Screw_ISO_14583_-_M3x10_Steel_4.6_Plain,True,1.000000,0.000000,0.000000,-0.000000,-0.000000,0.000000,1.000000,17.573628,0.000000,-1.000000,0.000000,-34.460530,0.000000,0.000000,0.000000,1.000000
v2.1_lower_body_latest:1+v2.1_lower_leg_L_copy:1+Hexalobular Socket Pan Head Screw UNE-EN ISO 14583 - M3x10 Steel 4.6 Plain:13,Hexalobular Socket Pan Head Screw UNE-EN ISO 14583 - M3x10 Steel 4.6 Plain,Hexalobular_Socket_Pan_Head_Screw_ISO_14583_-_M3x10_Steel_4.6_Plain,True,1.000000,-0.000000,0.000000,1.400000,-0.000000,0.000000,1.000000,17.573628,-0.000000,-1.000000,0.000000,-52.560530,0.000000,0.000000,0.000000,1.000000
v2.1_lower_body_latest:1+v2.1_lower_leg_L_copy:1+Hexalobular Socket Pan Head Screw UNE-EN ISO 14583 - M3x10 Steel 4.6 Plain:14,Hexalobular Socket Pan Head Screw UNE-EN ISO 14583 - M3x10 Steel 4.6 Plain,Hexalobular_Socket_Pan_Head_Screw_ISO_14583_-_M3x10_Steel_4.6_Plain,True,1.000000,-0.000000,0.000000,-0.000000,-0.000000,0.000000,1.000000,17.573628,-0.000000,-1.000000,0.000000,-51.160530,0.000000,0.000000,0.000000,1.000000
v2.1_lower_body_latest:1+v2.1_lower_leg_L_copy:1+Hexalobular Socket Pan Head Screw UNE-EN ISO 14583 - M3x10 Steel 4.6 Plain:15,Hexalobular Socket Pan Head Screw UNE-EN ISO 14583 - M3x10 Steel 4.6 Plain,Hexalobular_Socket_Pan_Head_Screw_ISO_14583_-_M3x10_Steel_4.6_Plain,True,1.000000,-0.000000,0.000000,-1.400000,-0.000000,0.000000,1.000000,17.573628,-0.000000,-1.000000,0.000000,-52.560530,0.000000,0.000000,0.000000,1.000000
v2.1_lower_body_latest:1+v2.1_lower_leg_L_copy:1+Hexalobular Socket Pan Head Screw UNE-EN ISO 14583 - M3x10 Steel 4.6 Plain:16,Hexalobular Socket Pan Head Screw UNE-EN ISO 14583 - M3x10 Steel 4.6 Plain,Hexalobular_Socket_Pan_Head_Screw_ISO_14583_-_M3x10_Steel_4.6_Plain,True,1.000000,-0.000000,0.000000,-0.000000,-0.000000,0.000000,1.000000,17.573628,-0.000000,-1.000000,0.000000,-53.960530,0.000000,0.000000,0.000000,1.000000
v2.1_lower_body_latest:1+v2.1_lower_leg_L_copy:1+Hexalobular Socket Pan Head Screw UNE-EN ISO 14583 - M3x10 Steel 4.6 Plain:17,Hexalobular Socket Pan Head Screw UNE-EN ISO 14583 - M3x10 Steel 4.6 Plain,Hexalobular_Socket_Pan_Head_Screw_ISO_14583_-_M3x10_Steel_4.6_Plain,True,1.000000,-0.000000,-0.000000,-5.600000,-0.000000,-1.000000,0.000000,10.483628,-0.000000,-0.000000,-1.000000,-58.610530,0.000000,0.000000,0.000000,1.000000
v2.1_lower_body_latest:1+v2.1_lower_leg_L_copy:1+Hexalobular Socket Pan Head Screw UNE-EN ISO 14583 - M3x10 Steel 4.6 Plain:18,Hexalobular Socket Pan Head Screw UNE-EN ISO 14583 - M3x10 Steel 4.6 Plain,Hexalobular_Socket_Pan_Head_Screw_ISO_14583_-_M3x10_Steel_4.6_Plain,True,1.000000,-0.000000,-0.000000,-5.600000,-0.000000,-1.000000,0.000000,11.283628,-0.000000,-0.000000,-1.000000,-58.610530,0.000000,0.000000,0.000000,1.000000
v2.1_lower_body_latest:1+v2.1_lower_leg_L_copy:1+Hexalobular Socket Pan Head Screw UNE-EN ISO 14583 - M3x10 Steel 4.6 Plain:19,Hexalobular Socket Pan Head Screw UNE-EN ISO 14583 - M3x10 Steel 4.6 Plain,Hexalobular_Socket_Pan_Head_Screw_ISO_14583_-_M3x10_Steel_4.6_Plain,True,1.000000,-0.000000,-0.000000,-5.600000,-0.000000,-1.000000,0.000000,14.783628,-0.000000,-0.000000,-1.000000,-58.610530,0.000000,0.000000,0.000000,1.000000
v2.1_lower_body_latest:1+v2.1_lower_leg_L_copy:1+Hexalobular Socket Pan Head Screw UNE-EN ISO 14583 - M3x10 Steel 4.6 Plain:20,Hexalobular Socket Pan Head Screw UNE-EN ISO 14583 - M3x10 Steel 4.6 Plain,Hexalobular_Socket_Pan_Head_Screw_ISO_14583_-_M3x10_Steel_4.6_Plain,True,1.000000,-0.000000,-0.000000,-5.600000,-0.000000,-1.000000,0.000000,13.983628,-0.000000,-0.000000,-1.000000,-58.610530,0.000000,0.000000,0.000000,1.000000
v2.1_lower_body_latest:1+v2.1_lower_leg_L_copy:1+Hexalobular Socket Pan Head Screw UNE-EN ISO 14583 - M3x10 Steel 4.6 Plain:21,Hexalobular Socket Pan Head Screw UNE-EN ISO 14583 - M3x10 Steel 4.6 Plain,Hexalobular_Socket_Pan_Head_Screw_ISO_14583_-_M3x10_Steel_4.6_Plain,True,1.000000,-0.000000,-0.000000,10.400000,-0.000000,-1.000000,0.000000,10.483628,-0.000000,-0.000000,-1.000000,-58.610530,0.000000,0.000000,0.000000,1.000000
v2.1_lower_body_latest:1+v2.1_lower_leg_L_copy:1+Hexalobular Socket Pan Head Screw UNE-EN ISO 14583 - M3x10 Steel 4.6 Plain:22,Hexalobular Socket Pan Head Screw UNE-EN ISO 14583 - M3x10 Steel 4.6 Plain,Hexalobular_Socket_Pan_Head_Screw_ISO_14583_-_M3x10_Steel_4.6_Plain,True,1.000000,-0.000000,-0.000000,10.400000,-0.000000,-1.000000,0.000000,11.283628,-0.000000,-0.000000,-1.000000,-58.610530,0.000000,0.000000,0.000000,1.000000
v2.1_lower_body_latest:1+v2.1_lower_leg_L_copy:1+Hexalobular Socket Pan Head Screw UNE-EN ISO 14583 - M3x10 Steel 4.6 Plain:23,Hexalobular Socket Pan Head Screw UNE-EN ISO 14583 - M3x10 Steel 4.6 Plain,Hexalobular_Socket_Pan_Head_Screw_ISO_14583_-_M3x10_Steel_4.6_Plain,True,1.000000,-0.000000,-0.000000,10.400000,-0.000000,-1.000000,0.000000,13.983628,-0.000000,-0.000000,-1.000000,-58.610530,0.000000,0.000000,0.000000,1.000000
v2.1_lower_body_latest:1+v2.1_lower_leg_L_copy:1+Hexalobular Socket Pan Head Screw UNE-EN ISO 14583 - M3x10 Steel 4.6 Plain:24,Hexalobular Socket Pan Head Screw UNE-EN ISO 14583 - M3x10 Steel 4.6 Plain,Hexalobular_Socket_Pan_Head_Screw_ISO_14583_-_M3x10_Steel_4.6_Plain,True,1.000000,-0.000000,-0.000000,10.400000,-0.000000,-1.000000,0.000000,14.783628,-0.000000,-0.000000,-1.000000,-58.610530,0.000000,0.000000,0.000000,1.000000
v2.1_lower_body_latest:1+v2.1_lower_leg_L_copy:1+Hexalobular Socket Pan Head Screw UNE-EN ISO 14583 - M4x10 Steel 4.6 Plain:1,Hexalobular Socket Pan Head Screw UNE-EN ISO 14583 - M4x10 Steel 4.6 Plain,Hexalobular_Socket_Pan_Head_Screw_ISO_14583_-_M3x10_Steel_4.6_Plain,True,-1.000000,-0.000000,-0.000000,4.287790,0.000000,0.000000,-1.000000,9.803628,0.000000,-1.000000,-0.000000,-36.175792,0.000000,0.000000,0.000000,1.000000
v2.1_lower_body_latest:1+v2.1_lower_leg_L_copy:1+Hexalobular Socket Pan Head Screw UNE-EN ISO 14583 - M4x10 Steel 4.6 Plain:2,Hexalobular Socket Pan Head Screw UNE-EN ISO 14583 - M4x10 Steel 4.6 Plain,Hexalobular_Socket_Pan_Head_Screw_ISO_14583_-_M3x10_Steel_4.6_Plain,True,-1.000000,-0.000000,-0.000000,4.287790,0.000000,0.000000,-1.000000,9.803628,0.000000,-1.000000,-0.000000,-29.945268,0.000000,0.000000,0.000000,1.000000
v2.1_lower_body_latest:1+v2.1_lower_leg_L_copy:1+Hexalobular Socket Pan Head Screw UNE-EN ISO 14583 - M4x10 Steel 4.6 Plain:3,Hexalobular Socket Pan Head Screw UNE-EN ISO 14583 - M4x10 Steel 4.6 Plain,Hexalobular_Socket_Pan_Head_Screw_ISO_14583_-_M3x10_Steel_4.6_Plain,True,-1.000000,-0.000000,-0.000000,5.300000,0.000000,0.000000,-1.000000,9.803628,0.000000,-1.000000,-0.000000,-33.060530,0.000000,0.000000,0.000000,1.000000
v2.1_lower_body_latest:1+v2.1_lower_leg_L_copy:1+Hexalobular Socket Pan Head Screw UNE-EN ISO 14583 - M4x10 Steel 4.6 Plain:4,Hexalobular Socket Pan Head Screw UNE-EN ISO 14583 - M4x10 Steel 4.6 Plain,Hexalobular_Socket_Pan_Head_Screw_ISO_14583_-_M3x10_Steel_4.6_Plain,True,-1.000000,-0.000000,-0.000000,1.637790,0.000000,0.000000,-1.000000,9.803628,0.000000,-1.000000,-0.000000,-38.101129,0.000000,0.000000,0.000000,1.000000
v2.1_lower_body_latest:1+v2.1_lower_leg_L_copy:1+Hexalobular Socket Pan Head Screw UNE-EN ISO 14583 - M4x10 Steel 4.6 Plain:5,Hexalobular Socket Pan Head Screw UNE-EN ISO 14583 - M4x10 Steel 4.6 Plain,Hexalobular_Socket_Pan_Head_Screw_ISO_14583_-_M3x10_Steel_4.6_Plain,True,-1.000000,-0.000000,-0.000000,-1.637790,0.000000,0.000000,-1.000000,9.803628,0.000000,-1.000000,-0.000000,-38.101129,0.000000,0.000000,0.000000,1.000000
v2.1_lower_body_latest:1+v2.1_lower_leg_L_copy:1+Hexalobular Socket Pan Head Screw UNE-EN ISO 14583 - M4x10 Steel 4.6 Plain:6,Hexalobular Socket Pan Head Screw UNE-EN ISO 14583 - M4x10 Steel 4.6 Plain,Hexalobular_Socket_Pan_Head_Screw_ISO_14583_-_M3x10_Steel_4.6_Plain,True,-1.000000,-0.000000,-0.000000,-5.300000,0.000000,0.000000,-1.000000,9.803628,0.000000,-1.000000,-0.000000,-33.060530,0.000000,0.000000,0.000000,1.000000
v2.1_lower_body_latest:1+v2.1_lower_leg_L_copy:1+Hexalobular Socket Pan Head Screw UNE-EN ISO 14583 - M4x10 Steel 4.6 Plain:7,Hexalobular Socket Pan Head Screw UNE-EN ISO 14583 - M4x10 Steel 4.6 Plain,Hexalobular_Socket_Pan_Head_Screw_ISO_14583_-_M3x10_Steel_4.6_Plain,True,-1.000000,-0.000000,-0.000000,-1.637790,0.000000,0.000000,-1.000000,9.803628,0.000000,-1.000000,-0.000000,-28.019930,0.000000,0.000000,0.000000,1.000000
v2.1_lower_body_latest:1+v2.1_lower_leg_L_copy:1+Hexalobular Socket Pan Head Screw UNE-EN ISO 14583 - M4x10 Steel 4.6 Plain:8,Hexalobular Socket Pan Head Screw UNE-EN ISO 14583 - M4x10 Steel 4.6 Plain,Hexalobular_Socket_Pan_Head_Screw_ISO_14583_-_M3x10_Steel_4.6_Plain,True,-1.000000,-0.000000,-0.000000,-4.287790,0.000000,0.000000,-1.000000,9.803628,0.000000,-1.000000,-0.000000,-29.945268,0.000000,0.000000,0.000000,1.000000
v2.1_lower_body_latest:1+v2.1_lower_leg_L_copy:1+Hexalobular Socket Pan Head Screw UNE-EN ISO 14583 - M4x10 Steel 4.6 Plain:9,Hexalobular Socket Pan Head Screw UNE-EN ISO 14583 - M4x10 Steel 4.6 Plain,Hexalobular_Socket_Pan_Head_Screw_ISO_14583_-_M3x10_Steel_4.6_Plain,True,-1.000000,-0.000000,-0.000000,-4.287790,0.000000,0.000000,-1.000000,9.803628,0.000000,-1.000000,-0.000000,-36.175792,0.000000,0.000000,0.000000,1.000000
v2.1_lower_body_latest:1+v2.1_lower_leg_L_copy:1+Hexalobular Socket Pan Head Screw UNE-EN ISO 14583 - M4x10 Steel 4.6 Plain:10,Hexalobular Socket Pan Head Screw UNE-EN ISO 14583 - M4x10 Steel 4.6 Plain,Hexalobular_Socket_Pan_Head_Screw_ISO_14583_-_M3x10_Steel_4.6_Plain,True,-1.000000,-0.000000,-0.000000,1.637790,0.000000,0.000000,-1.000000,9.803628,0.000000,-1.000000,-0.000000,-28.019930,0.000000,0.000000,0.000000,1.000000
v2.1_lower_body_latest:1+v2.1_lower_leg_L_copy:1+Hexalobular Socket Pan Head Screw UNE-EN ISO 14583 - M4x10 Steel 4.6 Plain:11,Hexalobular Socket Pan Head Screw UNE-EN ISO 14583 - M4x10 Steel 4.6 Plain,Hexalobular_Socket_Pan_Head_Screw_ISO_14583_-_M3x10_Steel_4.6_Plain,True,-1.000000,0.000000,0.000000,1.637790,-0.000000,0.000000,1.000000,14.453628,0.000000,1.000000,0.000000,-38.101129,0.000000,0.000000,0.000000,1.000000
v2.1_lower_body_latest:1+v2.1_lower_leg_L_copy:1+Hexalobular Socket Pan Head Screw UNE-EN ISO 14583 - M4x10 Steel 4.6 Plain:12,Hexalobular Socket Pan Head Screw UNE-EN ISO 14583 - M4x10 Steel 4.6 Plain,Hexalobular_Socket_Pan_Head_Screw_ISO_14583_-_M3x10_Steel_4.6_Plain,True,-1.000000,0.000000,0.000000,5.300000,-0.000000,0.000000,1.000000,14.453628,0.000000,1.000000,0.000000,-33.060530,0.000000,0.000000,0.000000,1.000000
v2.1_lower_body_latest:1+v2.1_lower_leg_L_copy:1+Hexalobular Socket Pan Head Screw UNE-EN ISO 14583 - M4x10 Steel 4.6 Plain:13,Hexalobular Socket Pan Head Screw UNE-EN ISO 14583 - M4x10 Steel 4.6 Plain,Hexalobular_Socket_Pan_Head_Screw_ISO_14583_-_M3x10_Steel_4.6_Plain,True,-1.000000,0.000000,0.000000,4.287790,-0.000000,0.000000,1.000000,14.453628,0.000000,1.000000,0.000000,-36.175792,0.000000,0.000000,0.000000,1.000000
v2.1_lower_body_latest:1+v2.1_lower_leg_L_copy:1+Hexalobular Socket Pan Head Screw UNE-EN ISO 14583 - M4x10 Steel 4.6 Plain:14,Hexalobular Socket Pan Head Screw UNE-EN ISO 14583 - M4x10 Steel 4.6 Plain,Hexalobular_Socket_Pan_Head_Screw_ISO_14583_-_M3x10_Steel_4.6_Plain,True,-1.000000,0.000000,0.000000,-1.637790,-0.000000,0.000000,1.000000,14.453628,0.000000,1.000000,0.000000,-38.101129,0.000000,0.000000,0.000000,1.000000
v2.1_lower_body_latest:1+v2.1_lower_leg_L_copy:1+Hexalobular Socket Pan Head Screw UNE-EN ISO 14583 - M4x10 Steel 4.6 Plain:15,Hexalobular Socket Pan Head Screw UNE-EN ISO 14583 - M4x10 Steel 4.6 Plain,Hexalobular_Socket_Pan_Head_Screw_ISO_14583_-_M3x10_Steel_4.6_Plain,True,-1.000000,0.000000,0.000000,-5.300000,-0.000000,0.000000,1.000000,14.453628,0.000000,1.000000,0.000000,-33.060530,0.000000,0.000000,0.000000,1.000000
v2.1_lower_body_latest:1+v2.1_lower_leg_L_copy:1+Hexalobular Socket Pan Head Screw UNE-EN ISO 14583 - M4x10 Steel 4.6 Plain:16,Hexalobular Socket Pan Head Screw UNE-EN ISO 14583 - M4x10 Steel 4.6 Plain,Hexalobular_Socket_Pan_Head_Screw_ISO_14583_-_M3x10_Steel_4.6_Plain,True,-1.000000,0.000000,0.000000,-4.287790,-0.000000,0.000000,1.000000,14.453628,0.000000,1.000000,0.000000,-29.945268,0.000000,0.000000,0.000000,1.000000
v2.1_lower_body_latest:1+v2.1_lower_leg_L_copy:1+Hexalobular Socket Pan Head Screw UNE-EN ISO 14583 - M4x10 Steel 4.6 Plain:17,Hexalobular Socket Pan Head Screw UNE-EN ISO 14583 - M4x10 Steel 4.6 Plain,Hexalobular_Socket_Pan_Head_Screw_ISO_14583_-_M3x10_Steel_4.6_Plain,True,-1.000000,0.000000,0.000000,-4.287790,-0.000000,0.000000,1.000000,14.453628,0.000000,1.000000,0.000000,-36.175792,0.000000,0.000000,0.000000,1.000000
v2.1_lower_body_latest:1+v2.1_lower_leg_L_copy:1+Hexalobular Socket Pan Head Screw UNE-EN ISO 14583 - M4x10 Steel 4.6 Plain:18,Hexalobular Socket Pan Head Screw UNE-EN ISO 14583 - M4x10 Steel 4.6 Plain,Hexalobular_Socket_Pan_Head_Screw_ISO_14583_-_M3x10_Steel_4.6_Plain,True,-1.000000,0.000000,0.000000,4.287790,-0.000000,0.000000,1.000000,14.453628,0.000000,1.000000,0.000000,-29.945268,0.000000,0.000000,0.000000,1.000000
v2.1_lower_body_latest:1+v2.1_lower_leg_L_copy:1+Hexalobular Socket Pan Head Screw UNE-EN ISO 14583 - M4x10 Steel 4.6 Plain:19,Hexalobular Socket Pan Head Screw UNE-EN ISO 14583 - M4x10 Steel 4.6 Plain,Hexalobular_Socket_Pan_Head_Screw_ISO_14583_-_M3x10_Steel_4.6_Plain,True,1.000000,0.000000,0.000000,1.875149,-0.000000,0.000000,1.000000,14.573628,0.000000,-1.000000,0.000000,-48.033520,0.000000,0.000000,0.000000,1.000000
v2.1_lower_body_latest:1+v2.1_lower_leg_L_copy:1+Hexalobular Socket Pan Head Screw UNE-EN ISO 14583 - M4x10 Steel 4.6 Plain:20,Hexalobular Socket Pan Head Screw UNE-EN ISO 14583 - M4x10 Steel 4.6 Plain,Hexalobular_Socket_Pan_Head_Screw_ISO_14583_-_M3x10_Steel_4.6_Plain,True,1.000000,0.000000,0.000000,4.527010,-0.000000,0.000000,1.000000,14.573628,0.000000,-1.000000,0.000000,-50.685381,0.000000,0.000000,0.000000,1.000000
v2.1_lower_body_latest:1+v2.1_lower_leg_L_copy:1+Hexalobular Socket Pan Head Screw UNE-EN ISO 14583 - M4x10 Steel 4.6 Plain:21,Hexalobular Socket Pan Head Screw UNE-EN ISO 14583 - M4x10 Steel 4.6 Plain,Hexalobular_Socket_Pan_Head_Screw_ISO_14583_-_M3x10_Steel_4.6_Plain,True,1.000000,0.000000,0.000000,-4.527010,-0.000000,0.000000,1.000000,14.573628,0.000000,-1.000000,0.000000,-50.685381,0.000000,0.000000,0.000000,1.000000
v2.1_lower_body_latest:1+v2.1_lower_leg_L_copy:1+Hexalobular Socket Pan Head Screw UNE-EN ISO 14583 - M4x10 Steel 4.6 Plain:22,Hexalobular Socket Pan Head Screw UNE-EN ISO 14583 - M4x10 Steel 4.6 Plain,Hexalobular_Socket_Pan_Head_Screw_ISO_14583_-_M3x10_Steel_4.6_Plain,True,1.000000,0.000000,0.000000,-1.875149,-0.000000,0.000000,1.000000,14.573628,0.000000,-1.000000,0.000000,-48.033520,0.000000,0.000000,0.000000,1.000000
v2.1_lower_body_latest:1+v2.1_lower_leg_L_copy:1+Hexalobular Socket Pan Head Screw UNE-EN ISO 14583 - M4x10 Steel 4.6 Plain:23,Hexalobular Socket Pan Head Screw UNE-EN ISO 14583 - M4x10 Steel 4.6 Plain,Hexalobular_Socket_Pan_Head_Screw_ISO_14583_-_M3x10_Steel_4.6_Plain,True,1.000000,0.000000,0.000000,4.527010,-0.000000,-0.000000,1.000000,14.573628,0.000000,-1.000000,-0.000000,-54.435679,0.000000,0.000000,0.000000,1.000000
v2.1_lower_body_latest:1+v2.1_lower_leg_L_copy:1+Hexalobular Socket Pan Head Screw UNE-EN ISO 14583 - M4x10 Steel 4.6 Plain:24,Hexalobular Socket Pan Head Screw UNE-EN ISO 14583 - M4x10 Steel 4.6 Plain,Hexalobular_Socket_Pan_Head_Screw_ISO_14583_-_M3x10_Steel_4.6_Plain,True,1.000000,0.000000,0.000000,-4.527010,-0.000000,-0.000000,1.000000,14.573628,0.000000,-1.000000,-0.000000,-54.435679,0.000000,0.000000,0.000000,1.000000
v2.1_lower_body_latest:1+v2.1_lower_leg_L_copy:1+Hexalobular Socket Pan Head Screw UNE-EN ISO 14583 - M4x10 Steel 4.6 Plain:25,Hexalobular Socket Pan Head Screw UNE-EN ISO 14583 - M4x10 Steel 4.6 Plain,Hexalobular_Socket_Pan_Head_Screw_ISO_14583_-_M3x10_Steel_4.6_Plain,True,1.000000,0.000000,0.000000,-1.875149,-0.000000,-0.000000,1.000000,14.573628,0.000000,-1.000000,-0.000000,-57.087540,0.000000,0.000000,0.000000,1.000000
v2.1_lower_body_latest:1+v2.1_lower_leg_L_copy:1+Hexalobular Socket Pan Head Screw UNE-EN ISO 14583 - M4x10 Steel 4.6 Plain:26,Hexalobular Socket Pan Head Screw UNE-EN ISO 14583 - M4x10 Steel 4.6 Plain,Hexalobular_Socket_Pan_Head_Screw_ISO_14583_-_M3x10_Steel_4.6_Plain,True,1.000000,0.000000,0.000000,1.875149,-0.000000,-0.000000,1.000000,14.573628,0.000000,-1.000000,-0.000000,-57.087540,0.000000,0.000000,0.000000,1.000000
v2.1_lower_body_latest:1+v2.1_lower_leg_L_copy:1+Hexalobular Socket Pan Head Screw UNE-EN ISO 14583 - M4x10 Steel 4.6 Plain:27,Hexalobular Socket Pan Head Screw UNE-EN ISO 14583 - M4x10 Steel 4.6 Plain,Hexalobular_Socket_Pan_Head_Screw_ISO_14583_-_M3x10_Steel_4.6_Plain,True,1.000000,-0.000000,-0.000000,-1.875149,-0.000000,0.000000,-1.000000,10.033628,-0.000000,1.000000,-0.000000,-48.033520,0.000000,0.000000,0.000000,1.000000
v2.1_lower_body_latest:1+v2.1_lower_leg_L_copy:1+Hexalobular Socket Pan Head Screw UNE-EN ISO 14583 - M4x10 Steel 4.6 Plain:28,Hexalobular Socket Pan Head Screw UNE-EN ISO 14583 - M4x10 Steel 4.6 Plain,Hexalobular_Socket_Pan_Head_Screw_ISO_14583_-_M3x10_Steel_4.6_Plain,True,1.000000,-0.000000,-0.000000,4.527010,-0.000000,0.000000,-1.000000,10.033628,-0.000000,1.000000,-0.000000,-50.685381,0.000000,0.000000,0.000000,1.000000
v2.1_lower_body_latest:1+v2.1_lower_leg_L_copy:1+Hexalobular Socket Pan Head Screw UNE-EN ISO 14583 - M4x10 Steel 4.6 Plain:29,Hexalobular Socket Pan Head Screw UNE-EN ISO 14583 - M4x10 Steel 4.6 Plain,Hexalobular_Socket_Pan_Head_Screw_ISO_14583_-_M3x10_Steel_4.6_Plain,True,1.000000,-0.000000,-0.000000,1.875149,-0.000000,0.000000,-1.000000,10.033628,-0.000000,1.000000,-0.000000,-48.033520,0.000000,0.000000,0.000000,1.000000
v2.1_lower_body_latest:1+v2.1_lower_leg_L_copy:1+Hexalobular Socket Pan Head Screw UNE-EN ISO 14583 - M4x10 Steel 4.6 Plain:30,Hexalobular Socket Pan Head Screw UNE-EN ISO 14583 - M4x10 Steel 4.6 Plain,Hexalobular_Socket_Pan_Head_Screw_ISO_14583_-_M3x10_Steel_4.6_Plain,True,1.000000,-0.000000,-0.000000,-4.527010,-0.000000,0.000000,-1.000000,10.033628,-0.000000,1.000000,-0.000000,-50.685381,0.000000,0.000000,0.000000,1.000000
v2.1_lower_body_latest:1+v2.1_lower_leg_L_copy:1+Hexalobular Socket Pan Head Screw UNE-EN ISO 14583 - M4x10 Steel 4.6 Plain:31,Hexalobular Socket Pan Head Screw UNE-EN ISO 14583 - M4x10 Steel 4.6 Plain,Hexalobular_Socket_Pan_Head_Screw_ISO_14583_-_M3x10_Steel_4.6_Plain,True,1.000000,-0.000000,-0.000000,4.527010,-0.000000,0.000000,-1.000000,10.033628,-0.000000,1.000000,-0.000000,-54.435679,0.000000,0.000000,0.000000,1.000000
v2.1_lower_body_latest:1+v2.1_lower_leg_L_copy:1+Hexalobular Socket Pan Head Screw UNE-EN ISO 14583 - M4x10 Steel 4.6 Plain:32,Hexalobular Socket Pan Head Screw UNE-EN ISO 14583 - M4x10 Steel 4.6 Plain,Hexalobular_Socket_Pan_Head_Screw_ISO_14583_-_M3x10_Steel_4.6_Plain,True,1.000000,-0.000000,-0.000000,-4.527010,-0.000000,0.000000,-1.000000,10.033628,-0.000000,1.000000,-0.000000,-54.435679,0.000000,0.000000,0.000000,1.000000
v2.1_lower_body_latest:1+v2.1_lower_leg_L_copy:1+Hexalobular Socket Pan Head Screw UNE-EN ISO 14583 - M4x10 Steel 4.6 Plain:33,Hexalobular Socket Pan Head Screw UNE-EN ISO 14583 - M4x10 Steel 4.6 Plain,Hexalobular_Socket_Pan_Head_Screw_ISO_14583_-_M3x10_Steel_4.6_Plain,True,1.000000,-0.000000,-0.000000,-1.875149,-0.000000,0.000000,-1.000000,10.033628,-0.000000,1.000000,-0.000000,-57.087540,0.000000,0.000000,0.000000,1.000000
v2.1_lower_body_latest:1+v2.1_lower_leg_L_copy:1+Hexalobular Socket Pan Head Screw UNE-EN ISO 14583 - M4x10 Steel 4.6 Plain:34,Hexalobular Socket Pan Head Screw UNE-EN ISO 14583 - M4x10 Steel 4.6 Plain,Hexalobular_Socket_Pan_Head_Screw_ISO_14583_-_M3x10_Steel_4.6_Plain,True,1.000000,-0.000000,-0.000000,1.875149,-0.000000,0.000000,-1.000000,10.033628,-0.000000,1.000000,-0.000000,-57.087540,0.000000,0.000000,0.000000,1.000000
v2.1_lower_body_latest:1+v2.1_lower_leg_L_copy:1+Hexalobular Socket Pan Head Screw UNE-EN ISO 14583 - M4x10 Steel 4.6 Plain:35,Hexalobular Socket Pan Head Screw UNE-EN ISO 14583 - M4x10 Steel 4.6 Plain,Hexalobular_Socket_Pan_Head_Screw_ISO_14583_-_M3x10_Steel_4.6_Plain,True,-1.000000,-0.000000,0.000000,1.518000,-0.000000,0.000000,-1.000000,9.653628,0.000000,-1.000000,-0.000000,-52.560530,0.000000,0.000000,0.000000,1.000000
v2.1_lower_body_latest:1+v2.1_lower_leg_L_copy:1+Hexalobular Socket Pan Head Screw UNE-EN ISO 14583 - M4x10 Steel 4.6 Plain:36,Hexalobular Socket Pan Head Screw UNE-EN ISO 14583 - M4x10 Steel 4.6 Plain,Hexalobular_Socket_Pan_Head_Screw_ISO_14583_-_M3x10_Steel_4.6_Plain,True,-1.000000,-0.000000,0.000000,0.759000,-0.000000,0.000000,-1.000000,9.653628,0.000000,-1.000000,-0.000000,-53.875156,0.000000,0.000000,0.000000,1.000000
v2.1_lower_body_latest:1+v2.1_lower_leg_L_copy:1+Hexalobular Socket Pan Head Screw UNE-EN ISO 14583 - M4x10 Steel 4.6 Plain:37,Hexalobular Socket Pan Head Screw UNE-EN ISO 14583 - M4x10 Steel 4.6 Plain,Hexalobular_Socket_Pan_Head_Screw_ISO_14583_-_M3x10_Steel_4.6_Plain,True,-1.000000,-0.000000,0.000000,-0.759000,-0.000000,0.000000,-1.000000,9.653628,0.000000,-1.000000,-0.000000,-51.245903,0.000000,0.000000,0.000000,1.000000
v2.1_lower_body_latest:1+v2.1_lower_leg_L_copy:1+Hexalobular Socket Pan Head Screw UNE-EN ISO 14583 - M4x10 Steel 4.6 Plain:38,Hexalobular Socket Pan Head Screw UNE-EN ISO 14583 - M4x10 Steel 4.6 Plain,Hexalobular_Socket_Pan_Head_Screw_ISO_14583_-_M3x10_Steel_4.6_Plain,True,-1.000000,-0.000000,0.000000,-1.518000,-0.000000,0.000000,-1.000000,9.653628,0.000000,-1.000000,-0.000000,-52.560530,0.000000,0.000000,0.000000,1.000000
v2.1_lower_body_latest:1+v2.1_lower_leg_L_copy:1+Hexalobular Socket Pan Head Screw UNE-EN ISO 14583 - M4x10 Steel 4.6 Plain:39,Hexalobular Socket Pan Head Screw UNE-EN ISO 14583 - M4x10 Steel 4.6 Plain,Hexalobular_Socket_Pan_Head_Screw_ISO_14583_-_M3x10_Steel_4.6_Plain,True,-1.000000,-0.000000,0.000000,-0.759000,-0.000000,0.000000,-1.000000,9.653628,0.000000,-1.000000,-0.000000,-53.875156,0.000000,0.000000,0.000000,1.000000
v2.1_lower_body_latest:1+v2.1_lower_leg_L_copy:1+Hexalobular Socket Pan Head Screw UNE-EN ISO 14583 - M4x10 Steel 4.6 Plain:40,Hexalobular Socket Pan Head Screw UNE-EN ISO 14583 - M4x10 Steel 4.6 Plain,Hexalobular_Socket_Pan_Head_Screw_ISO_14583_-_M3x10_Steel_4.6_Plain,True,-1.000000,-0.000000,0.000000,0.759000,-0.000000,0.000000,-1.000000,9.653628,0.000000,-1.000000,-0.000000,-51.245903,0.000000,0.000000,0.000000,1.000000
v2.1_lower_body_latest:1+v2.1_lower_leg_L_copy:1+Hexalobular Socket Pan Head Screw UNE-EN ISO 14583 - M3x10 Steel 4.6 Plain:25,Hexalobular Socket Pan Head Screw UNE-EN ISO 14583 - M3x10 Steel 4.6 Plain,Hexalobular_Socket_Pan_Head_Screw_ISO_14583_-_M3x10_Steel_4.6_Plain,True,1.000000,-0.000000,-0.000000,-5.325000,-0.000000,0.000000,-1.000000,12.233628,-0.000000,1.000000,-0.000000,-55.650530,0.000000,0.000000,0.000000,1.000000
v2.1_lower_body_latest:1+v2.1_lower_leg_L_copy:1+Hexalobular Socket Pan Head Screw UNE-EN ISO 14583 - M3x10 Steel 4.6 Plain:26,Hexalobular Socket Pan Head Screw UNE-EN ISO 14583 - M3x10 Steel 4.6 Plain,Hexalobular_Socket_Pan_Head_Screw_ISO_14583_-_M3x10_Steel_4.6_Plain,True,1.000000,-0.000000,-0.000000,-5.325000,-0.000000,0.000000,-1.000000,12.233628,-0.000000,1.000000,-0.000000,-49.470530,0.000000,0.000000,0.000000,1.000000
v2.1_lower_body_latest:1+v2.1_lower_leg_L_copy:1+Chamfered Bottom Hex Machine Screw Nut ANSI B18.6.3 - 3-56 Steel Grade 2H Plain:1,Chamfered Bottom Hex Machine Screw Nut ANSI B18.6.3 - 3-56 Steel Grade 2H Plain,Hexalobular_Socket_Pan_Head_Screw_ISO_14583_-_M3x10_Steel_4.6_Plain,True,1.000000,0.000000,-0.000000,-5.325000,-0.000000,-0.000000,1.000000,13.023628,-0.000000,-1.000000,-0.000000,-55.650530,0.000000,0.000000,0.000000,1.000000
v2.1_lower_body_latest:1+v2.1_lower_leg_L_copy:1+Chamfered Bottom Hex Machine Screw Nut ANSI B18.6.3 - 3-56 Steel Grade 2H Plain:2,Chamfered Bottom Hex Machine Screw Nut ANSI B18.6.3 - 3-56 Steel Grade 2H Plain,Hexalobular_Socket_Pan_Head_Screw_ISO_14583_-_M3x10_Steel_4.6_Plain,True,1.000000,0.000000,-0.000000,-5.325000,-0.000000,-0.000000,1.000000,13.023628,-0.000000,-1.000000,-0.000000,-49.470530,0.000000,0.000000,0.000000,1.000000
v2.1_lower_body_latest:1+v2.1_lower_leg_L_copy:1+Hexalobular Socket Pan Head Screw UNE-EN ISO 14583 - M4x10 Steel 4.6 Plain:41,Hexalobular Socket Pan Head Screw UNE-EN ISO 14583 - M4x10 Steel 4.6 Plain,Hexalobular_Socket_Pan_Head_Screw_ISO_14583_-_M3x10_Steel_4.6_Plain,True,0.000000,-0.000000,1.000000,10.450000,-0.000000,-1.000000,-0.000000,12.033128,1.000000,-0.000000,-0.000000,-53.600626,0.000000,0.000000,0.000000,1.000000
v2.1_lower_body_latest:1+v2.1_lower_leg_L_copy:1+Hexalobular Socket Pan Head Screw UNE-EN ISO 14583 - M4x10 Steel 4.6 Plain:42,Hexalobular Socket Pan Head Screw UNE-EN ISO 14583 - M4x10 Steel 4.6 Plain,Hexalobular_Socket_Pan_Head_Screw_ISO_14583_-_M3x10_Steel_4.6_Plain,True,0.000000,-0.000000,1.000000,10.450000,-0.000000,-1.000000,-0.000000,12.033128,1.000000,-0.000000,-0.000000,-51.520433,0.000000,0.000000,0.000000,1.000000
v2.1_lower_body_latest:1+v2.1_lower_leg_L_copy:1+Hexalobular Socket Pan Head Screw UNE-EN ISO 14583 - M4x10 Steel 4.6 Plain:43,Hexalobular Socket Pan Head Screw UNE-EN ISO 14583 - M4x10 Steel 4.6 Plain,Hexalobular_Socket_Pan_Head_Screw_ISO_14583_-_M3x10_Steel_4.6_Plain,True,0.000000,-0.000000,1.000000,10.450000,-0.000000,-1.000000,-0.000000,13.834628,1.000000,-0.000000,-0.000000,-52.560530,0.000000,0.000000,0.000000,1.000000
v2.1_lower_body_latest:1+v2.1_lower_leg_L_copy:1+Hexalobular Socket Pan Head Screw UNE-EN ISO 14583 - M4x10 Steel 4.6 Plain:44,Hexalobular Socket Pan Head Screw UNE-EN ISO 14583 - M4x10 Steel 4.6 Plain,Hexalobular_Socket_Pan_Head_Screw_ISO_14583_-_M3x10_Steel_4.6_Plain,True,0.000000,-0.000000,1.000000,10.450000,-0.000000,-1.000000,-0.000000,13.234128,1.000000,-0.000000,-0.000000,-53.600626,0.000000,0.000000,0.000000,1.000000
v2.1_lower_body_latest:1+v2.1_lower_leg_L_copy:1+Hexalobular Socket Pan Head Screw UNE-EN ISO 14583 - M4x10 Steel 4.6 Plain:45,Hexalobular Socket Pan Head Screw UNE-EN ISO 14583 - M4x10 Steel 4.6 Plain,Hexalobular_Socket_Pan_Head_Screw_ISO_14583_-_M3x10_Steel_4.6_Plain,True,0.000000,-0.000000,1.000000,10.450000,-0.000000,-1.000000,-0.000000,13.234128,1.000000,-0.000000,-0.000000,-51.520433,0.000000,0.000000,0.000000,1.000000
v2.1_lower_body_latest:1+v2.1_lower_leg_L_copy:1+Hexalobular Socket Pan Head Screw UNE-EN ISO 14583 - M4x10 Steel 4.6 Plain:46,Hexalobular Socket Pan Head Screw UNE-EN ISO 14583 - M4x10 Steel 4.6 Plain,Hexalobular_Socket_Pan_Head_Screw_ISO_14583_-_M3x10_Steel_4.6_Plain,True,0.000000,-0.000000,1.000000,10.450000,-0.000000,-1.000000,-0.000000,11.432628,1.000000,-0.000000,-0.000000,-52.560530,0.000000,0.000000,0.000000,1.000000
v2.1_lower_body_latest:1+v2.1_lower_leg_L_copy:1+Hexalobular Socket Pan Head Screw UNE-EN ISO 14583 - M4x10 Steel 4.6 Plain:47,Hexalobular Socket Pan Head Screw UNE-EN ISO 14583 - M4x10 Steel 4.6 Plain,Hexalobular_Socket_Pan_Head_Screw_ISO_14583_-_M3x10_Steel_4.6_Plain,True,1.000000,0.000000,-0.000000,-0.759000,0.000000,-1.000000,-0.000000,13.968255,-0.000000,-0.000000,-1.000000,-25.510530,0.000000,0.000000,0.000000,1.000000
v2.1_lower_body_latest:1+v2.1_lower_leg_L_copy:1+Hexalobular Socket Pan Head Screw UNE-EN ISO 14583 - M4x10 Steel 4.6 Plain:48,Hexalobular Socket Pan Head Screw UNE-EN ISO 14583 - M4x10 Steel 4.6 Plain,Hexalobular_Socket_Pan_Head_Screw_ISO_14583_-_M3x10_Steel_4.6_Plain,True,1.000000,0.000000,-0.000000,-0.759000,0.000000,-1.000000,-0.000000,11.339002,-0.000000,-0.000000,-1.000000,-25.510530,0.000000,0.000000,0.000000,1.000000
v2.1_lower_body_latest:1+v2.1_lower_leg_L_copy:1+Hexalobular Socket Pan Head Screw UNE-EN ISO 14583 - M4x10 Steel 4.6 Plain:49,Hexalobular Socket Pan Head Screw UNE-EN ISO 14583 - M4x10 Steel 4.6 Plain,Hexalobular_Socket_Pan_Head_Screw_ISO_14583_-_M3x10_Steel_4.6_Plain,True,1.000000,0.000000,-0.000000,0.759000,0.000000,-1.000000,-0.000000,13.968255,-0.000000,-0.000000,-1.000000,-25.510530,0.000000,0.000000,0.000000,1.000000
v2.1_lower_body_latest:1+v2.1_lower_leg_L_copy:1+Hexalobular Socket Pan Head Screw UNE-EN ISO 14583 - M4x10 Steel 4.6 Plain:50,Hexalobular Socket Pan Head Screw UNE-EN ISO 14583 - M4x10 Steel 4.6 Plain,Hexalobular_Socket_Pan_Head_Screw_ISO_14583_-_M3x10_Steel_4.6_Plain,True,1.000000,0.000000,-0.000000,0.759000,0.000000,-1.000000,-0.000000,11.339002,-0.000000,-0.000000,-1.000000,-25.510530,0.000000,0.000000,0.000000,1.000000
v2.1_lower_body_latest:1+v2.1_lower_leg_L_copy:1+Hexalobular Socket Pan Head Screw UNE-EN ISO 14583 - M4x10 Steel 4.6 Plain:51,Hexalobular Socket Pan Head Screw UNE-EN ISO 14583 - M4x10 Steel 4.6 Plain,Hexalobular_Socket_Pan_Head_Screw_ISO_14583_-_M3x10_Steel_4.6_Plain,True,1.000000,0.000000,-0.000000,1.518000,0.000000,-1.000000,-0.000000,12.653628,-0.000000,-0.000000,-1.000000,-25.510530,0.000000,0.000000,0.000000,1.000000
v2.1_lower_body_latest:1+v2.1_lower_leg_L_copy:1+Hexalobular Socket Pan Head Screw UNE-EN ISO 14583 - M4x10 Steel 4.6 Plain:52,Hexalobular Socket Pan Head Screw UNE-EN ISO 14583 - M4x10 Steel 4.6 Plain,Hexalobular_Socket_Pan_Head_Screw_ISO_14583_-_M3x10_Steel_4.6_Plain,True,1.000000,0.000000,-0.000000,-1.518000,0.000000,-1.000000,-0.000000,12.653628,-0.000000,-0.000000,-1.000000,-25.510530,0.000000,0.000000,0.000000,1.000000
v2.1_lower_body_latest:1+v2.1_lower_leg_L_copy:1+Hexalobular Socket Pan Head Screw UNE-EN ISO 14583 - M4x10 Steel 4.6 Plain:54,Hexalobular Socket Pan Head Screw UNE-EN ISO 14583 - M4x10 Steel 4.6 Plain,Hexalobular_Socket_Pan_Head_Screw_ISO_14583_-_M3x10_Steel_4.6_Plain,True,1.000000,0.000000,0.000000,-4.527010,0.000000,-1.000000,0.000000,14.508777,0.000000,-0.000000,-1.000000,-25.260530,0.000000,0.000000,0.000000,1.000000
v2.1_lower_body_latest:1+v2.1_lower_leg_L_copy:1+Hexalobular Socket Pan Head Screw UNE-EN ISO 14583 - M4x10 Steel 4.6 Plain:55,Hexalobular Socket Pan Head Screw UNE-EN ISO 14583 - M4x10 Steel 4.6 Plain,Hexalobular_Socket_Pan_Head_Screw_ISO_14583_-_M3x10_Steel_4.6_Plain,True,1.000000,0.000000,0.000000,-1.875149,0.000000,-1.000000,0.000000,17.160638,0.000000,-0.000000,-1.000000,-25.260530,0.000000,0.000000,0.000000,1.000000
v2.1_lower_body_latest:1+v2.1_lower_leg_L_copy:1+Hexalobular Socket Pan Head Screw UNE-EN ISO 14583 - M4x10 Steel 4.6 Plain:56,Hexalobular Socket Pan Head Screw UNE-EN ISO 14583 - M4x10 Steel 4.6 Plain,Hexalobular_Socket_Pan_Head_Screw_ISO_14583_-_M3x10_Steel_4.6_Plain,True,1.000000,0.000000,-0.000000,4.527010,0.000000,-1.000000,0.000000,14.508777,0.000000,-0.000000,-1.000000,-25.260530,0.000000,0.000000,0.000000,1.000000
v2.1_lower_body_latest:1+v2.1_lower_leg_L_copy:1+Hexalobular Socket Pan Head Screw UNE-EN ISO 14583 - M4x10 Steel 4.6 Plain:57,Hexalobular Socket Pan Head Screw UNE-EN ISO 14583 - M4x10 Steel 4.6 Plain,Hexalobular_Socket_Pan_Head_Screw_ISO_14583_-_M3x10_Steel_4.6_Plain,True,1.000000,0.000000,-0.000000,1.875149,0.000000,-1.000000,0.000000,17.160638,0.000000,-0.000000,-1.000000,-25.260530,0.000000,0.000000,0.000000,1.000000
v2.1_lower_body_latest:1+v2.1_lower_leg_L_copy:1+Hexalobular Socket Pan Head Screw UNE-EN ISO 14583 - M4x10 Steel 4.6 Plain:58,Hexalobular Socket Pan Head Screw UNE-EN ISO 14583 - M4x10 Steel 4.6 Plain,Hexalobular_Socket_Pan_Head_Screw_ISO_14583_-_M3x10_Steel_4.6_Plain,True,1.000000,0.000000,-0.000000,-4.527010,0.000000,-1.000000,0.000000,10.758480,0.000000,-0.000000,-1.000000,-25.260530,0.000000,0.000000,0.000000,1.000000
v2.1_lower_body_latest:1+v2.1_lower_leg_L_copy:1+Hexalobular Socket Pan Head Screw UNE-EN ISO 14583 - M4x10 Steel 4.6 Plain:59,Hexalobular Socket Pan Head Screw UNE-EN ISO 14583 - M4x10 Steel 4.6 Plain,Hexalobular_Socket_Pan_Head_Screw_ISO_14583_-_M3x10_Steel_4.6_Plain,True,1.000000,0.000000,-0.000000,-1.875149,0.000000,-1.000000,0.000000,8.106619,0.000000,-0.000000,-1.000000,-25.260530,0.000000,0.000000,0.000000,1.000000
v2.1_lower_body_latest:1+v2.1_lower_leg_L_copy:1+Hexalobular Socket Pan Head Screw UNE-EN ISO 14583 - M4x10 Steel 4.6 Plain:60,Hexalobular Socket Pan Head Screw UNE-EN ISO 14583 - M4x10 Steel 4.6 Plain,Hexalobular_Socket_Pan_Head_Screw_ISO_14583_-_M3x10_Steel_4.6_Plain,True,1.000000,0.000000,0.000000,1.875149,0.000000,-1.000000,0.000000,8.106619,0.000000,-0.000000,-1.000000,-25.260530,0.000000,0.000000,0.000000,1.000000
v2.1_lower_body_latest:1+v2.1_lower_leg_L_copy:1+Hexalobular Socket Pan Head Screw UNE-EN ISO 14583 - M4x10 Steel 4.6 Plain:61,Hexalobular Socket Pan Head Screw UNE-EN ISO 14583 - M4x10 Steel 4.6 Plain,Hexalobular_Socket_Pan_Head_Screw_ISO_14583_-_M3x10_Steel_4.6_Plain,True,1.000000,0.000000,0.000000,4.527010,0.000000,-1.000000,0.000000,10.758480,0.000000,-0.000000,-1.000000,-25.260530,0.000000,0.000000,0.000000,1.000000
v2.1_lower_body_latest:1+v2.1_lower_leg_L_copy:1+Hexalobular Socket Pan Head Screw UNE-EN ISO 14583 - M5x12 Steel 4.6 Plain:1,Hexalobular Socket Pan Head Screw UNE-EN ISO 14583 - M5x12 Steel 4.6 Plain,Hexalobular_Socket_Pan_Head_Screw_ISO_14583_-_M3x10_Steel_4.6_Plain,True,-1.000000,-0.000000,0.000000,1.800000,-0.000000,-0.000000,-1.000000,9.653628,0.000000,-1.000000,0.000000,-33.060530,0.000000,0.000000,0.000000,1.000000
v2.1_lower_body_latest:1+v2.1_lower_leg_L_copy:1+Hexalobular Socket Pan Head Screw UNE-EN ISO 14583 - M5x12 Steel 4.6 Plain:2,Hexalobular Socket Pan Head Screw UNE-EN ISO 14583 - M5x12 Steel 4.6 Plain,Hexalobular_Socket_Pan_Head_Screw_ISO_14583_-_M3x10_Steel_4.6_Plain,True,-1.000000,-0.000000,0.000000,0.900000,-0.000000,-0.000000,-1.000000,9.653628,0.000000,-1.000000,0.000000,-31.501684,0.000000,0.000000,0.000000,1.000000
v2.1_lower_body_latest:1+v2.1_lower_leg_L_copy:1+Hexalobular Socket Pan Head Screw UNE-EN ISO 14583 - M5x12 Steel 4.6 Plain:3,Hexalobular Socket Pan Head Screw UNE-EN ISO 14583 - M5x12 Steel 4.6 Plain,Hexalobular_Socket_Pan_Head_Screw_ISO_14583_-_M3x10_Steel_4.6_Plain,True,-1.000000,-0.000000,0.000000,-1.800000,-0.000000,-0.000000,-1.000000,9.653628,0.000000,-1.000000,0.000000,-33.060530,0.000000,0.000000,0.000000,1.000000
v2.1_lower_body_latest:1+v2.1_lower_leg_L_copy:1+Hexalobular Socket Pan Head Screw UNE-EN ISO 14583 - M5x12 Steel 4.6 Plain:4,Hexalobular Socket Pan Head Screw UNE-EN ISO 14583 - M5x12 Steel 4.6 Plain,Hexalobular_Socket_Pan_Head_Screw_ISO_14583_-_M3x10_Steel_4.6_Plain,True,-1.000000,-0.000000,0.000000,-0.900000,-0.000000,-0.000000,-1.000000,9.653628,0.000000,-1.000000,0.000000,-34.619376,0.000000,0.000000,0.000000,1.000000
v2.1_lower_body_latest:1+v2.1_lower_leg_L_copy:1+Hexalobular Socket Pan Head Screw UNE-EN ISO 14583 - M5x12 Steel 4.6 Plain:5,Hexalobular Socket Pan Head Screw UNE-EN ISO 14583 - M5x12 Steel 4.6 Plain,Hexalobular_Socket_Pan_Head_Screw_ISO_14583_-_M3x10_Steel_4.6_Plain,True,-1.000000,-0.000000,0.000000,-0.000000,-0.000000,-0.000000,-1.000000,9.653628,0.000000,-1.000000,0.000000,-31.260530,0.000000,0.000000,0.000000,1.000000
v2.1_lower_body_latest:1+v2.1_lower_leg_L_copy:1+Hexalobular Socket Pan Head Screw UNE-EN ISO 14583 - M5x12 Steel 4.6 Plain:6,Hexalobular Socket Pan Head Screw UNE-EN ISO 14583 - M5x12 Steel 4.6 Plain,Hexalobular_Socket_Pan_Head_Screw_ISO_14583_-_M3x10_Steel_4.6_Plain,True,-1.000000,-0.000000,0.000000,-0.900000,-0.000000,-0.000000,-1.000000,9.653628,0.000000,-1.000000,0.000000,-31.501684,0.000000,0.000000,0.000000,1.000000
v2.1_lower_body_latest:1+v2.1_lower_leg_L_copy:1+Hexalobular Socket Pan Head Screw UNE-EN ISO 14583 - M5x12 Steel 4.6 Plain:7,Hexalobular Socket Pan Head Screw UNE-EN ISO 14583 - M5x12 Steel 4.6 Plain,Hexalobular_Socket_Pan_Head_Screw_ISO_14583_-_M3x10_Steel_4.6_Plain,True,-1.000000,-0.000000,0.000000,0.900000,-0.000000,-0.000000,-1.000000,9.653628,0.000000,-1.000000,0.000000,-34.619376,0.000000,0.000000,0.000000,1.000000
v2.1_lower_body_latest:1+protections:1+hip_roll_motor:1+Component196:1,Component196,Component196,True,1.000000,-0.000000,0.000000,0.000000,-0.000000,1.000000,0.000000,-0.000000,-0.000000,-0.000000,1.000000,-10.160000,0.000000,0.000000,0.000000,1.000000
v2.1_lower_body_latest:1+protections:1+hip_roll_motor:1+Component197:1,Component197,Component197,True,1.000000,-0.000000,0.000000,0.000000,-0.000000,1.000000,0.000000,-0.000000,-0.000000,-0.000000,1.000000,-10.160000,0.000000,0.000000,0.000000,1.000000
v2.1_lower_body_latest:1+protections:1+hip_pitch_motor:1+Component194:1,Component194,Component194,True,1.000000,0.000000,-0.000000,0.000000,-0.000000,1.000000,-0.000000,-0.000000,0.000000,0.000000,1.000000,-10.160000,0.000000,0.000000,0.000000,1.000000
v2.1_lower_body_latest:1+protections:1+hip_pitch_motor:1+Component195:1,Component195,Component195,True,1.000000,0.000000,-0.000000,0.000000,-0.000000,1.000000,-0.000000,-0.000000,0.000000,0.000000,1.000000,-10.160000,0.000000,0.000000,0.000000,1.000000
v2.1_lower_body_latest:1+protections:1+hip_pitch_motor:2+Component194:1,Component194,Component194,True,1.000000,-0.000000,-0.000000,0.000000,-0.000000,0.258819,-0.965926,-12.653933,0.000000,0.965926,0.258819,-18.890611,0.000000,0.000000,0.000000,1.000000
v2.1_lower_body_latest:1+protections:1+hip_pitch_motor:2+Component195:1,Component195,Component195,True,1.000000,-0.000000,-0.000000,0.000000,-0.000000,0.258819,-0.965926,-12.653933,0.000000,0.965926,0.258819,-18.890611,0.000000,0.000000,0.000000,1.000000
v2.1_lower_body_latest:1+protections:1+hip_pitch_motor:4+Component194:1,Component194,Component194,True,0.000000,-0.258819,0.965926,0.000000,1.000000,-0.000000,-0.000000,12.653628,0.000000,0.965926,0.258819,-18.890530,0.000000,0.000000,0.000000,1.000000
v2.1_lower_body_latest:1+protections:1+hip_pitch_motor:4+Component195:1,Component195,Component195,True,0.000000,-0.258819,0.965926,0.000000,1.000000,-0.000000,-0.000000,12.653628,0.000000,0.965926,0.258819,-18.890530,0.000000,0.000000,0.000000,1.000000
v2.1_lower_body_latest:1+protections:1+hip_roll_motor:3+Component196:1,Component196,Component196,True,1.000000,-0.000000,-0.000000,-0.300000,-0.000000,-0.866025,-0.500000,-0.000304,-0.000000,0.500000,-0.866025,-10.159919,0.000000,0.000000,0.000000,1.000000
v2.1_lower_body_latest:1+protections:1+hip_roll_motor:3+Component197:1,Component197,Component197,True,1.000000,-0.000000,-0.000000,-0.300000,-0.000000,-0.866025,-0.500000,-0.000304,-0.000000,0.500000,-0.866025,-10.159919,0.000000,0.000000,0.000000,1.000000
v2.1_lower_body_latest:1+protections:1+hip_pitch_motor(Mirror):1+Component198:1,Component198,Component198,True,1.000000,0.000000,0.000000,0.000000,0.000000,-1.000000,0.000000,-0.000000,0.000000,-0.000000,-1.000000,-10.160000,0.000000,0.000000,0.000000,1.000000
v2.1_lower_body_latest:1+protections:1+hip_pitch_motor(Mirror):1+Component199:1,Component199,Component199,True,1.000000,0.000000,0.000000,0.000000,0.000000,-1.000000,0.000000,-0.000000,0.000000,-0.000000,-1.000000,-10.160000,0.000000,0.000000,0.000000,1.000000
v2.1_lower_body_latest:1+Hexalobular Socket Pan Head Screw ISO 14583 - M4x10 Steel 4.6 Plain:173,Hexalobular Socket Pan Head Screw ISO 14583 - M4x10 Steel 4.6 Plain,Hexalobular_Socket_Pan_Head_Screw_ISO_14583_-_M3x10_Steel_4.6_Plain,True,1.000000,0.000000,-0.000000,1.041889,0.000000,-0.000000,1.000000,0.300000,0.000000,-1.000000,-0.000000,-16.068847,0.000000,0.000000,0.000000,1.000000
v2.1_lower_body_latest:1+Hexalobular Socket Pan Head Screw ISO 14583 - M4x10 Steel 4.6 Plain:174,Hexalobular Socket Pan Head Screw ISO 14583 - M4x10 Steel 4.6 Plain,Hexalobular_Socket_Pan_Head_Screw_ISO_14583_-_M3x10_Steel_4.6_Plain,True,1.000000,0.000000,-0.000000,3.441459,0.000000,-0.000000,1.000000,0.300000,0.000000,-1.000000,-0.000000,-15.074913,0.000000,0.000000,0.000000,1.000000
v2.1_lower_body_latest:1+Hexalobular Socket Pan Head Screw ISO 14583 - M4x10 Steel 4.6 Plain:175,Hexalobular Socket Pan Head Screw ISO 14583 - M4x10 Steel 4.6 Plain,Hexalobular_Socket_Pan_Head_Screw_ISO_14583_-_M3x10_Steel_4.6_Plain,True,1.000000,0.000000,-0.000000,-3.441459,0.000000,0.000000,1.000000,0.300000,0.000000,-1.000000,0.000000,-15.074913,0.000000,0.000000,0.000000,1.000000
v2.1_lower_body_latest:1+Hexalobular Socket Pan Head Screw ISO 14583 - M4x10 Steel 4.6 Plain:176,Hexalobular Socket Pan Head Screw ISO 14583 - M4x10 Steel 4.6 Plain,Hexalobular_Socket_Pan_Head_Screw_ISO_14583_-_M3x10_Steel_4.6_Plain,True,1.000000,0.000000,-0.000000,-1.041889,0.000000,0.000000,1.000000,0.300000,0.000000,-1.000000,0.000000,-16.068847,0.000000,0.000000,0.000000,1.000000
v2.1_lower_body_latest:1+Hexalobular Socket Pan Head Screw ISO 14583 - M4x10 Steel 4.6 Plain:189,Hexalobular Socket Pan Head Screw ISO 14583 - M4x10 Steel 4.6 Plain,Hexalobular_Socket_Pan_Head_Screw_ISO_14583_-_M3x10_Steel_4.6_Plain,True,1.000000,-0.000000,0.000000,-4.527010,-0.000000,-1.000000,0.000000,1.875149,0.000000,0.000000,-1.000000,-3.760000,0.000000,0.000000,0.000000,1.000000
v2.1_lower_body_latest:1+Hexalobular Socket Pan Head Screw ISO 14583 - M4x10 Steel 4.6 Plain:190,Hexalobular Socket Pan Head Screw ISO 14583 - M4x10 Steel 4.6 Plain,Hexalobular_Socket_Pan_Head_Screw_ISO_14583_-_M3x10_Steel_4.6_Plain,True,1.000000,-0.000000,-0.000000,-1.875149,-0.000000,-1.000000,-0.000000,4.527010,0.000000,0.000000,-1.000000,-3.760000,0.000000,0.000000,0.000000,1.000000
v2.1_lower_body_latest:1+Hexalobular Socket Pan Head Screw ISO 14583 - M4x10 Steel 4.6 Plain:191,Hexalobular Socket Pan Head Screw ISO 14583 - M4x10 Steel 4.6 Plain,Hexalobular_Socket_Pan_Head_Screw_ISO_14583_-_M3x10_Steel_4.6_Plain,True,1.000000,-0.000000,0.000000,1.875149,-0.000000,-1.000000,0.000000,4.527010,0.000000,0.000000,-1.000000,-3.760000,0.000000,0.000000,0.000000,1.000000
v2.1_lower_body_latest:1+Hexalobular Socket Pan Head Screw ISO 14583 - M4x10 Steel 4.6 Plain:192,Hexalobular Socket Pan Head Screw ISO 14583 - M4x10 Steel 4.6 Plain,Hexalobular_Socket_Pan_Head_Screw_ISO_14583_-_M3x10_Steel_4.6_Plain,True,1.000000,-0.000000,0.000000,-4.527010,-0.000000,-1.000000,0.000000,-1.875149,0.000000,0.000000,-1.000000,-3.760000,0.000000,0.000000,0.000000,1.000000
v2.1_lower_body_latest:1+Hexalobular Socket Pan Head Screw ISO 14583 - M4x10 Steel 4.6 Plain:193,Hexalobular Socket Pan Head Screw ISO 14583 - M4x10 Steel 4.6 Plain,Hexalobular_Socket_Pan_Head_Screw_ISO_14583_-_M3x10_Steel_4.6_Plain,True,1.000000,-0.000000,0.000000,-1.875149,-0.000000,-1.000000,0.000000,-4.527010,0.000000,0.000000,-1.000000,-3.760000,0.000000,0.000000,0.000000,1.000000
v2.1_lower_body_latest:1+Hexalobular Socket Pan Head Screw ISO 14583 - M4x10 Steel 4.6 Plain:194,Hexalobular Socket Pan Head Screw ISO 14583 - M4x10 Steel 4.6 Plain,Hexalobular_Socket_Pan_Head_Screw_ISO_14583_-_M3x10_Steel_4.6_Plain,True,1.000000,-0.000000,0.000000,4.527010,-0.000000,-1.000000,0.000000,-1.875149,0.000000,0.000000,-1.000000,-3.760000,0.000000,0.000000,0.000000,1.000000
v2.1_lower_body_latest:1+Hexalobular Socket Pan Head Screw ISO 14583 - M4x10 Steel 4.6 Plain:195,Hexalobular Socket Pan Head Screw ISO 14583 - M4x10 Steel 4.6 Plain,Hexalobular_Socket_Pan_Head_Screw_ISO_14583_-_M3x10_Steel_4.6_Plain,True,1.000000,-0.000000,-0.000000,1.875149,-0.000000,-1.000000,-0.000000,-4.527010,0.000000,0.000000,-1.000000,-3.760000,0.000000,0.000000,0.000000,1.000000
v2.1_lower_body_latest:1+Hexalobular Socket Pan Head Screw ISO 14583 - M4x10 Steel 4.6 Plain:196,Hexalobular Socket Pan Head Screw ISO 14583 - M4x10 Steel 4.6 Plain,Hexalobular_Socket_Pan_Head_Screw_ISO_14583_-_M3x10_Steel_4.6_Plain,True,1.000000,-0.000000,0.000000,4.527010,-0.000000,-1.000000,0.000000,1.875149,0.000000,0.000000,-1.000000,-3.760000,0.000000,0.000000,0.000000,1.000000
v2.1_lower_body_latest:1+Hexalobular Socket Pan Head Screw ISO 14583 - M4x10 Steel 4.6 Plain:197,Hexalobular Socket Pan Head Screw ISO 14583 - M4x10 Steel 4.6 Plain,Hexalobular_Socket_Pan_Head_Screw_ISO_14583_-_M3x10_Steel_4.6_Plain,True,1.000000,-0.000000,0.000000,-1.875149,0.000000,0.258819,-0.965926,2.813750,0.000000,0.965926,0.258819,-6.227237,0.000000,0.000000,0.000000,1.000000
v2.1_lower_body_latest:1+Hexalobular Socket Pan Head Screw ISO 14583 - M4x10 Steel 4.6 Plain:198,Hexalobular Socket Pan Head Screw ISO 14583 - M4x10 Steel 4.6 Plain,Hexalobular_Socket_Pan_Head_Screw_ISO_14583_-_M3x10_Steel_4.6_Plain,True,1.000000,-0.000000,0.000000,-4.527010,0.000000,0.258819,-0.965926,1.156750,0.000000,0.965926,0.258819,-12.411247,0.000000,0.000000,0.000000,1.000000
v2.1_lower_body_latest:1+Hexalobular Socket Pan Head Screw ISO 14583 - M4x10 Steel 4.6 Plain:199,Hexalobular Socket Pan Head Screw ISO 14583 - M4x10 Steel 4.6 Plain,Hexalobular_Socket_Pan_Head_Screw_ISO_14583_-_M3x10_Steel_4.6_Plain,True,1.000000,-0.000000,0.000000,-4.527010,0.000000,0.258819,-0.965926,2.127398,0.000000,0.965926,0.258819,-8.788738,0.000000,0.000000,0.000000,1.000000
v2.1_lower_body_latest:1+Hexalobular Socket Pan Head Screw ISO 14583 - M4x10 Steel 4.6 Plain:200,Hexalobular Socket Pan Head Screw ISO 14583 - M4x10 Steel 4.6 Plain,Hexalobular_Socket_Pan_Head_Screw_ISO_14583_-_M3x10_Steel_4.6_Plain,True,1.000000,-0.000000,0.000000,4.527010,0.000000,0.258819,-0.965926,1.156750,0.000000,0.965926,0.258819,-12.411247,0.000000,0.000000,0.000000,1.000000
v2.1_lower_body_latest:1+Hexalobular Socket Pan Head Screw ISO 14583 - M4x10 Steel 4.6 Plain:201,Hexalobular Socket Pan Head Screw ISO 14583 - M4x10 Steel 4.6 Plain,Hexalobular_Socket_Pan_Head_Screw_ISO_14583_-_M3x10_Steel_4.6_Plain,True,1.000000,-0.000000,0.000000,1.875149,0.000000,0.258819,-0.965926,2.813750,0.000000,0.965926,0.258819,-6.227237,0.000000,0.000000,0.000000,1.000000
v2.1_lower_body_latest:1+Hexalobular Socket Pan Head Screw ISO 14583 - M4x10 Steel 4.6 Plain:202,Hexalobular Socket Pan Head Screw ISO 14583 - M4x10 Steel 4.6 Plain,Hexalobular_Socket_Pan_Head_Screw_ISO_14583_-_M3x10_Steel_4.6_Plain,True,1.000000,-0.000000,0.000000,1.875149,0.000000,0.258819,-0.965926,0.470398,0.000000,0.965926,0.258819,-14.972748,0.000000,0.000000,0.000000,1.000000
v2.1_lower_body_latest:1+Hexalobular Socket Pan Head Screw ISO 14583 - M4x10 Steel 4.6 Plain:203,Hexalobular Socket Pan Head Screw ISO 14583 - M4x10 Steel 4.6 Plain,Hexalobular_Socket_Pan_Head_Screw_ISO_14583_-_M3x10_Steel_4.6_Plain,True,1.000000,-0.000000,0.000000,-1.875149,0.000000,0.258819,-0.965926,0.470398,0.000000,0.965926,0.258819,-14.972748,0.000000,0.000000,0.000000,1.000000
v2.1_lower_body_latest:1+Hexalobular Socket Pan Head Screw ISO 14583 - M4x10 Steel 4.6 Plain:204,Hexalobular Socket Pan Head Screw ISO 14583 - M4x10 Steel 4.6 Plain,Hexalobular_Socket_Pan_Head_Screw_ISO_14583_-_M3x10_Steel_4.6_Plain,True,1.000000,-0.000000,0.000000,4.527010,0.000000,0.258819,-0.965926,2.127398,0.000000,0.965926,0.258819,-8.788738,0.000000,0.000000,0.000000,1.000000
v2.1_lower_body_latest:1+Hexalobular Socket Pan Head Screw ISO 14583 - M4x10 Steel 4.6 Plain:205,Hexalobular Socket Pan Head Screw ISO 14583 - M4x10 Steel 4.6 Plain,Hexalobular_Socket_Pan_Head_Screw_ISO_14583_-_M3x10_Steel_4.6_Plain,True,-1.000000,-0.000000,0.000000,1.875149,0.000000,-0.258819,0.965926,-2.813750,0.000000,0.965926,0.258819,-6.227237,0.000000,0.000000,0.000000,1.000000
v2.1_lower_body_latest:1+Hexalobular Socket Pan Head Screw ISO 14583 - M4x10 Steel 4.6 Plain:206,Hexalobular Socket Pan Head Screw ISO 14583 - M4x10 Steel 4.6 Plain,Hexalobular_Socket_Pan_Head_Screw_ISO_14583_-_M3x10_Steel_4.6_Plain,True,-1.000000,-0.000000,0.000000,4.527010,0.000000,-0.258819,0.965926,-1.156750,0.000000,0.965926,0.258819,-12.411247,0.000000,0.000000,0.000000,1.000000
v2.1_lower_body_latest:1+Hexalobular Socket Pan Head Screw ISO 14583 - M4x10 Steel 4.6 Plain:207,Hexalobular Socket Pan Head Screw ISO 14583 - M4x10 Steel 4.6 Plain,Hexalobular_Socket_Pan_Head_Screw_ISO_14583_-_M3x10_Steel_4.6_Plain,True,-1.000000,-0.000000,0.000000,-4.527010,0.000000,-0.258819,0.965926,-2.127398,0.000000,0.965926,0.258819,-8.788738,0.000000,0.000000,0.000000,1.000000
v2.1_lower_body_latest:1+Hexalobular Socket Pan Head Screw ISO 14583 - M4x10 Steel 4.6 Plain:208,Hexalobular Socket Pan Head Screw ISO 14583 - M4x10 Steel 4.6 Plain,Hexalobular_Socket_Pan_Head_Screw_ISO_14583_-_M3x10_Steel_4.6_Plain,True,-1.000000,-0.000000,0.000000,-4.527010,0.000000,-0.258819,0.965926,-1.156750,0.000000,0.965926,0.258819,-12.411247,0.000000,0.000000,0.000000,1.000000
v2.1_lower_body_latest:1+Hexalobular Socket Pan Head Screw ISO 14583 - M4x10 Steel 4.6 Plain:209,Hexalobular Socket Pan Head Screw ISO 14583 - M4x10 Steel 4.6 Plain,Hexalobular_Socket_Pan_Head_Screw_ISO_14583_-_M3x10_Steel_4.6_Plain,True,-1.000000,-0.000000,0.000000,-1.875149,0.000000,-0.258819,0.965926,-2.813750,0.000000,0.965926,0.258819,-6.227237,0.000000,0.000000,0.000000,1.000000
v2.1_lower_body_latest:1+Hexalobular Socket Pan Head Screw ISO 14583 - M4x10 Steel 4.6 Plain:210,Hexalobular Socket Pan Head Screw ISO 14583 - M4x10 Steel 4.6 Plain,Hexalobular_Socket_Pan_Head_Screw_ISO_14583_-_M3x10_Steel_4.6_Plain,True,-1.000000,-0.000000,0.000000,-1.875149,0.000000,-0.258819,0.965926,-0.470398,0.000000,0.965926,0.258819,-14.972748,0.000000,0.000000,0.000000,1.000000
v2.1_lower_body_latest:1+Hexalobular Socket Pan Head Screw ISO 14583 - M4x10 Steel 4.6 Plain:211,Hexalobular Socket Pan Head Screw ISO 14583 - M4x10 Steel 4.6 Plain,Hexalobular_Socket_Pan_Head_Screw_ISO_14583_-_M3x10_Steel_4.6_Plain,True,-1.000000,-0.000000,0.000000,1.875149,0.000000,-0.258819,0.965926,-0.470398,0.000000,0.965926,0.258819,-14.972748,0.000000,0.000000,0.000000,1.000000
v2.1_lower_body_latest:1+Hexalobular Socket Pan Head Screw ISO 14583 - M4x10 Steel 4.6 Plain:212,Hexalobular Socket Pan Head Screw ISO 14583 - M4x10 Steel 4.6 Plain,Hexalobular_Socket_Pan_Head_Screw_ISO_14583_-_M3x10_Steel_4.6_Plain,True,-1.000000,-0.000000,0.000000,4.527010,0.000000,-0.258819,0.965926,-2.127398,0.000000,0.965926,0.258819,-8.788738,0.000000,0.000000,0.000000,1.000000
v2.1_lower_body_latest:1+Hexalobular Socket Pan Head Screw ISO 14583 - M3x10 Steel 4.6 Plain:9,Hexalobular Socket Pan Head Screw ISO 14583 - M3x10 Steel 4.6 Plain,Hexalobular_Socket_Pan_Head_Screw_ISO_14583_-_M3x10_Steel_4.6_Plain,True,0.000000,-0.000000,1.000000,2.900000,0.965926,-0.258819,-0.000000,-7.602883,0.258819,0.965926,-0.000000,-11.576021,0.000000,0.000000,0.000000,1.000000
v2.1_lower_body_latest:1+Hexalobular Socket Pan Head Screw ISO 14583 - M3x10 Steel 4.6 Plain:10,Hexalobular Socket Pan Head Screw ISO 14583 - M3x10 Steel 4.6 Plain,Hexalobular_Socket_Pan_Head_Screw_ISO_14583_-_M3x10_Steel_4.6_Plain,True,0.000000,-0.000000,1.000000,2.900000,0.965926,-0.258819,-0.000000,-6.981718,0.258819,0.965926,-0.000000,-13.894243,0.000000,0.000000,0.000000,1.000000
v2.1_lower_body_latest:1+Hexalobular Socket Pan Head Screw ISO 14583 - M3x10 Steel 4.6 Plain:11,Hexalobular Socket Pan Head Screw ISO 14583 - M3x10 Steel 4.6 Plain,Hexalobular_Socket_Pan_Head_Screw_ISO_14583_-_M3x10_Steel_4.6_Plain,True,0.000000,-0.000000,1.000000,2.900000,0.965926,-0.258819,-0.000000,-7.292300,0.258819,0.965926,-0.000000,-12.735132,0.000000,0.000000,0.000000,1.000000
v2.1_lower_body_latest:1+Hexalobular Socket Pan Head Screw ISO 14583 - M3x10 Steel 4.6 Plain:12,Hexalobular Socket Pan Head Screw ISO 14583 - M3x10 Steel 4.6 Plain,Hexalobular_Socket_Pan_Head_Screw_ISO_14583_-_M3x10_Steel_4.6_Plain,True,0.000000,-0.000000,1.000000,2.900000,0.965926,-0.258819,-0.000000,-7.913466,0.258819,0.965926,-0.000000,-10.416910,0.000000,0.000000,0.000000,1.000000
v2.1_lower_body_latest:1+Hexalobular Socket Pan Head Screw ISO 14583 - M3x10 Steel 4.6 Plain:13,Hexalobular Socket Pan Head Screw ISO 14583 - M3x10 Steel 4.6 Plain,Hexalobular_Socket_Pan_Head_Screw_ISO_14583_-_M3x10_Steel_4.6_Plain,True,-0.000000,-0.000000,-1.000000,-2.900000,0.965926,0.258819,0.000000,-7.602580,0.258819,-0.965926,0.000000,-11.575939,0.000000,0.000000,0.000000,1.000000
v2.1_lower_body_latest:1+Hexalobular Socket Pan Head Screw ISO 14583 - M3x10 Steel 4.6 Plain:14,Hexalobular Socket Pan Head Screw ISO 14583 - M3x10 Steel 4.6 Plain,Hexalobular_Socket_Pan_Head_Screw_ISO_14583_-_M3x10_Steel_4.6_Plain,True,-0.000000,-0.000000,-1.000000,-2.900000,0.965926,0.258819,0.000000,-6.981414,0.258819,-0.965926,0.000000,-13.894161,0.000000,0.000000,0.000000,1.000000
v2.1_lower_body_latest:1+Hexalobular Socket Pan Head Screw ISO 14583 - M3x10 Steel 4.6 Plain:15,Hexalobular Socket Pan Head Screw ISO 14583 - M3x10 Steel 4.6 Plain,Hexalobular_Socket_Pan_Head_Screw_ISO_14583_-_M3x10_Steel_4.6_Plain,True,-0.000000,-0.000000,-1.000000,-2.900000,0.965926,0.258819,0.000000,-7.291997,0.258819,-0.965926,0.000000,-12.735050,0.000000,0.000000,0.000000,1.000000
v2.1_lower_body_latest:1+Hexalobular Socket Pan Head Screw ISO 14583 - M3x10 Steel 4.6 Plain:16,Hexalobular Socket Pan Head Screw ISO 14583 - M3x10 Steel 4.6 Plain,Hexalobular_Socket_Pan_Head_Screw_ISO_14583_-_M3x10_Steel_4.6_Plain,True,-0.000000,-0.000000,-1.000000,-2.900000,0.965926,0.258819,0.000000,-7.913162,0.258819,-0.965926,0.000000,-10.416828,0.000000,0.000000,0.000000,1.000000
v2.1_lower_body_latest:1+Hexalobular Socket Pan Head Screw ISO 14583 - M3x10 Steel 4.6 Plain:17,Hexalobular Socket Pan Head Screw ISO 14583 - M3x10 Steel 4.6 Plain,Hexalobular_Socket_Pan_Head_Screw_ISO_14583_-_M3x10_Steel_4.6_Plain,True,-0.000000,-0.000000,-1.000000,-2.900000,-0.965926,0.258819,-0.000000,7.291997,0.258819,0.965926,0.000000,-12.735050,0.000000,0.000000,0.000000,1.000000
v2.1_lower_body_latest:1+Hexalobular Socket Pan Head Screw ISO 14583 - M3x10 Steel 4.6 Plain:18,Hexalobular Socket Pan Head Screw ISO 14583 - M3x10 Steel 4.6 Plain,Hexalobular_Socket_Pan_Head_Screw_ISO_14583_-_M3x10_Steel_4.6_Plain,True,-0.000000,-0.000000,-1.000000,-2.900000,-0.965926,0.258819,-0.000000,6.981414,0.258819,0.965926,0.000000,-13.894161,0.000000,0.000000,0.000000,1.000000
v2.1_lower_body_latest:1+Hexalobular Socket Pan Head Screw ISO 14583 - M3x10 Steel 4.6 Plain:19,Hexalobular Socket Pan Head Screw ISO 14583 - M3x10 Steel 4.6 Plain,Hexalobular_Socket_Pan_Head_Screw_ISO_14583_-_M3x10_Steel_4.6_Plain,True,-0.000000,-0.000000,-1.000000,-2.900000,-0.965926,0.258819,-0.000000,7.602580,0.258819,0.965926,0.000000,-11.575939,0.000000,0.000000,0.000000,1.000000
v2.1_lower_body_latest:1+Hexalobular Socket Pan Head Screw ISO 14583 - M3x10 Steel 4.6 Plain:20,Hexalobular Socket Pan Head Screw ISO 14583 - M3x10 Steel 4.6 Plain,Hexalobular_Socket_Pan_Head_Screw_ISO_14583_-_M3x10_Steel_4.6_Plain,True,-0.000000,-0.000000,-1.000000,-2.900000,-0.965926,0.258819,-0.000000,7.913162,0.258819,0.965926,0.000000,-10.416828,0.000000,0.000000,0.000000,1.000000
v2.1_lower_body_latest:1+Hexalobular Socket Pan Head Screw ISO 14583 - M3x10 Steel 4.6 Plain:21,Hexalobular Socket Pan Head Screw ISO 14583 - M3x10 Steel 4.6 Plain,Hexalobular_Socket_Pan_Head_Screw_ISO_14583_-_M3x10_Steel_4.6_Plain,True,0.000000,0.000000,1.000000,2.900000,-0.965926,-0.258819,0.000000,6.981414,0.258819,-0.965926,0.000000,-13.894161,0.000000,0.000000,0.000000,1.000000
v2.1_lower_body_latest:1+Hexalobular Socket Pan Head Screw ISO 14583 - M3x10 Steel 4.6 Plain:22,Hexalobular Socket Pan Head Screw ISO 14583 - M3x10 Steel 4.6 Plain,Hexalobular_Socket_Pan_Head_Screw_ISO_14583_-_M3x10_Steel_4.6_Plain,True,0.000000,0.000000,1.000000,2.900000,-0.965926,-0.258819,0.000000,7.291997,0.258819,-0.965926,0.000000,-12.735050,0.000000,0.000000,0.000000,1.000000
v2.1_lower_body_latest:1+Hexalobular Socket Pan Head Screw ISO 14583 - M3x10 Steel 4.6 Plain:23,Hexalobular Socket Pan Head Screw ISO 14583 - M3x10 Steel 4.6 Plain,Hexalobular_Socket_Pan_Head_Screw_ISO_14583_-_M3x10_Steel_4.6_Plain,True,-0.000000,0.000000,1.000000,2.900000,-0.965926,-0.258819,0.000000,7.602580,0.258819,-0.965926,0.000000,-11.575939,0.000000,0.000000,0.000000,1.000000
v2.1_lower_body_latest:1+Hexalobular Socket Pan Head Screw ISO 14583 - M3x10 Steel 4.6 Plain:24,Hexalobular Socket Pan Head Screw ISO 14583 - M3x10 Steel 4.6 Plain,Hexalobular_Socket_Pan_Head_Screw_ISO_14583_-_M3x10_Steel_4.6_Plain,True,-0.000000,0.000000,1.000000,2.900000,-0.965926,-0.258819,0.000000,7.913162,0.258819,-0.965926,0.000000,-10.416828,0.000000,0.000000,0.000000,1.000000
v2.1_lower_body_latest:1+Hexalobular Socket Pan Head Screw ISO 14583 - M3x10 Steel 4.6 Plain:1,Hexalobular Socket Pan Head Screw ISO 14583 - M3x10 Steel 4.6 Plain,Hexalobular_Socket_Pan_Head_Screw_ISO_14583_-_M3x10_Steel_4.6_Plain,True,1.000000,0.000000,-0.000000,0.600000,0.000000,0.000000,1.000000,2.950000,0.000000,-1.000000,-0.000000,-5.110000,0.000000,0.000000,0.000000,1.000000
v2.1_lower_body_latest:1+Hexalobular Socket Pan Head Screw ISO 14583 - M3x10 Steel 4.6 Plain:2,Hexalobular Socket Pan Head Screw ISO 14583 - M3x10 Steel 4.6 Plain,Hexalobular_Socket_Pan_Head_Screw_ISO_14583_-_M3x10_Steel_4.6_Plain,True,1.000000,0.000000,-0.000000,-0.600000,0.000000,0.000000,1.000000,2.950000,0.000000,-1.000000,0.000000,-5.110000,0.000000,0.000000,0.000000,1.000000
v2.1_lower_body_latest:1+Hexalobular Socket Pan Head Screw ISO 14583 - M3x10 Steel 4.6 Plain:3,Hexalobular Socket Pan Head Screw ISO 14583 - M3x10 Steel 4.6 Plain,Hexalobular_Socket_Pan_Head_Screw_ISO_14583_-_M3x10_Steel_4.6_Plain,True,1.000000,0.000000,-0.000000,-1.800000,0.000000,0.000000,1.000000,2.950000,0.000000,-1.000000,0.000000,-5.110000,0.000000,0.000000,0.000000,1.000000
v2.1_lower_body_latest:1+Hexalobular Socket Pan Head Screw ISO 14583 - M3x10 Steel 4.6 Plain:4,Hexalobular Socket Pan Head Screw ISO 14583 - M3x10 Steel 4.6 Plain,Hexalobular_Socket_Pan_Head_Screw_ISO_14583_-_M3x10_Steel_4.6_Plain,True,1.000000,0.000000,-0.000000,1.800000,0.000000,0.000000,1.000000,2.950000,0.000000,-1.000000,-0.000000,-5.110000,0.000000,0.000000,0.000000,1.000000
v2.1_lower_body_latest:1+Hexalobular Socket Pan Head Screw ISO 14583 - M3x10 Steel 4.6 Plain:5,Hexalobular Socket Pan Head Screw ISO 14583 - M3x10 Steel 4.6 Plain,Hexalobular_Socket_Pan_Head_Screw_ISO_14583_-_M3x10_Steel_4.6_Plain,True,-1.000000,-0.000000,-0.000000,-0.600000,0.000000,0.000000,-1.000000,-2.950000,-0.000000,-1.000000,0.000000,-5.110000,0.000000,0.000000,0.000000,1.000000
v2.1_lower_body_latest:1+Hexalobular Socket Pan Head Screw ISO 14583 - M3x10 Steel 4.6 Plain:6,Hexalobular Socket Pan Head Screw ISO 14583 - M3x10 Steel 4.6 Plain,Hexalobular_Socket_Pan_Head_Screw_ISO_14583_-_M3x10_Steel_4.6_Plain,True,-1.000000,-0.000000,-0.000000,-1.800000,0.000000,0.000000,-1.000000,-2.950000,-0.000000,-1.000000,0.000000,-5.110000,0.000000,0.000000,0.000000,1.000000
v2.1_lower_body_latest:1+Hexalobular Socket Pan Head Screw ISO 14583 - M3x10 Steel 4.6 Plain:7,Hexalobular Socket Pan Head Screw ISO 14583 - M3x10 Steel 4.6 Plain,Hexalobular_Socket_Pan_Head_Screw_ISO_14583_-_M3x10_Steel_4.6_Plain,True,-1.000000,0.000000,-0.000000,0.600000,0.000000,0.000000,-1.000000,-2.950000,-0.000000,-1.000000,0.000000,-5.110000,0.000000,0.000000,0.000000,1.000000
v2.1_lower_body_latest:1+Hexalobular Socket Pan Head Screw ISO 14583 - M3x10 Steel 4.6 Plain:8,Hexalobular Socket Pan Head Screw ISO 14583 - M3x10 Steel 4.6 Plain,Hexalobular_Socket_Pan_Head_Screw_ISO_14583_-_M3x10_Steel_4.6_Plain,True,-1.000000,0.000000,-0.000000,1.800000,0.000000,0.000000,-1.000000,-2.950000,-0.000000,-1.000000,0.000000,-5.110000,0.000000,0.000000,0.000000,1.000000
v2.1_lower_body_latest:1+Hexalobular Socket Pan Head Screw ISO 14583 - M4x10 Steel 4.6 Plain:109,Hexalobular Socket Pan Head Screw ISO 14583 - M4x10 Steel 4.6 Plain,Hexalobular_Socket_Pan_Head_Screw_ISO_14583_-_M3x10_Steel_4.6_Plain,True,0.000000,-0.000000,1.000000,3.020000,0.965926,-0.258819,-0.000000,-12.014353,0.258819,0.965926,-0.000000,-8.692531,0.000000,0.000000,0.000000,1.000000
v2.1_lower_body_latest:1+Hexalobular Socket Pan Head Screw ISO 14583 - M4x10 Steel 4.6 Plain:110,Hexalobular Socket Pan Head Screw ISO 14583 - M4x10 Steel 4.6 Plain,Hexalobular_Socket_Pan_Head_Screw_ISO_14583_-_M3x10_Steel_4.6_Plain,True,0.000000,-0.000000,1.000000,3.020000,0.965926,-0.258819,-0.000000,-15.636863,0.258819,0.965926,-0.000000,-9.663179,0.000000,0.000000,0.000000,1.000000
v2.1_lower_body_latest:1+Hexalobular Socket Pan Head Screw ISO 14583 - M4x10 Steel 4.6 Plain:111,Hexalobular Socket Pan Head Screw ISO 14583 - M4x10 Steel 4.6 Plain,Hexalobular_Socket_Pan_Head_Screw_ISO_14583_-_M3x10_Steel_4.6_Plain,True,0.000000,-0.000000,1.000000,3.020000,0.965926,-0.258819,-0.000000,-17.512012,0.258819,0.965926,-0.000000,-12.911032,0.000000,0.000000,0.000000,1.000000
v2.1_lower_body_latest:1+Hexalobular Socket Pan Head Screw ISO 14583 - M4x10 Steel 4.6 Plain:112,Hexalobular Socket Pan Head Screw ISO 14583 - M4x10 Steel 4.6 Plain,Hexalobular_Socket_Pan_Head_Screw_ISO_14583_-_M3x10_Steel_4.6_Plain,True,0.000000,-0.000000,1.000000,3.020000,0.965926,-0.258819,-0.000000,-9.671001,0.258819,0.965926,-0.000000,-17.438042,0.000000,0.000000,0.000000,1.000000
v2.1_lower_body_latest:1+Hexalobular Socket Pan Head Screw ISO 14583 - M4x10 Steel 4.6 Plain:113,Hexalobular Socket Pan Head Screw ISO 14583 - M4x10 Steel 4.6 Plain,Hexalobular_Socket_Pan_Head_Screw_ISO_14583_-_M3x10_Steel_4.6_Plain,True,0.000000,-0.000000,1.000000,3.020000,0.965926,-0.258819,-0.000000,-13.293511,0.258819,0.965926,-0.000000,-18.408690,0.000000,0.000000,0.000000,1.000000
v2.1_lower_body_latest:1+Hexalobular Socket Pan Head Screw ISO 14583 - M4x10 Steel 4.6 Plain:114,Hexalobular Socket Pan Head Screw ISO 14583 - M4x10 Steel 4.6 Plain,Hexalobular_Socket_Pan_Head_Screw_ISO_14583_-_M3x10_Steel_4.6_Plain,True,0.000000,-0.000000,1.000000,3.020000,0.965926,-0.258819,-0.000000,-16.541364,0.258819,0.965926,-0.000000,-16.533541,0.000000,0.000000,0.000000,1.000000
v2.1_lower_body_latest:1+Hexalobular Socket Pan Head Screw ISO 14583 - M4x10 Steel 4.6 Plain:115,Hexalobular Socket Pan Head Screw ISO 14583 - M4x10 Steel 4.6 Plain,Hexalobular_Socket_Pan_Head_Screw_ISO_14583_-_M3x10_Steel_4.6_Plain,True,0.000000,-0.000000,1.000000,3.020000,0.965926,-0.258819,-0.000000,-7.795852,0.258819,0.965926,-0.000000,-14.190189,0.000000,0.000000,0.000000,1.000000
v2.1_lower_body_latest:1+Hexalobular Socket Pan Head Screw ISO 14583 - M4x10 Steel 4.6 Plain:116,Hexalobular Socket Pan Head Screw ISO 14583 - M4x10 Steel 4.6 Plain,Hexalobular_Socket_Pan_Head_Screw_ISO_14583_-_M3x10_Steel_4.6_Plain,True,0.000000,-0.000000,1.000000,3.020000,0.965926,-0.258819,-0.000000,-8.766500,0.258819,0.965926,-0.000000,-10.567680,0.000000,0.000000,0.000000,1.000000
v2.1_lower_body_latest:1+Hexalobular Socket Pan Head Screw ISO 14583 - M4x10 Steel 4.6 Plain:117,Hexalobular Socket Pan Head Screw ISO 14583 - M4x10 Steel 4.6 Plain,Hexalobular_Socket_Pan_Head_Screw_ISO_14583_-_M3x10_Steel_4.6_Plain,True,-0.000000,0.000000,1.000000,3.020000,-0.965926,-0.258819,-0.000000,9.670698,0.258819,-0.965926,0.000000,-17.437960,0.000000,0.000000,0.000000,1.000000
v2.1_lower_body_latest:1+Hexalobular Socket Pan Head Screw ISO 14583 - M4x10 Steel 4.6 Plain:118,Hexalobular Socket Pan Head Screw ISO 14583 - M4x10 Steel 4.6 Plain,Hexalobular_Socket_Pan_Head_Screw_ISO_14583_-_M3x10_Steel_4.6_Plain,True,-0.000000,0.000000,1.000000,3.020000,-0.965926,-0.258819,-0.000000,13.293207,0.258819,-0.965926,0.000000,-18.408608,0.000000,0.000000,0.000000,1.000000
v2.1_lower_body_latest:1+Hexalobular Socket Pan Head Screw ISO 14583 - M4x10 Steel 4.6 Plain:119,Hexalobular Socket Pan Head Screw ISO 14583 - M4x10 Steel 4.6 Plain,Hexalobular_Socket_Pan_Head_Screw_ISO_14583_-_M3x10_Steel_4.6_Plain,True,-0.000000,0.000000,1.000000,3.020000,-0.965926,-0.258819,-0.000000,16.541060,0.258819,-0.965926,0.000000,-16.533459,0.000000,0.000000,0.000000,1.000000
v2.1_lower_body_latest:1+Hexalobular Socket Pan Head Screw ISO 14583 - M4x10 Steel 4.6 Plain:120,Hexalobular Socket Pan Head Screw ISO 14583 - M4x10 Steel 4.6 Plain,Hexalobular_Socket_Pan_Head_Screw_ISO_14583_-_M3x10_Steel_4.6_Plain,True,-0.000000,0.000000,1.000000,3.020000,-0.965926,-0.258819,-0.000000,7.795549,0.258819,-0.965926,0.000000,-14.190107,0.000000,0.000000,0.000000,1.000000
v2.1_lower_body_latest:1+Hexalobular Socket Pan Head Screw ISO 14583 - M4x10 Steel 4.6 Plain:121,Hexalobular Socket Pan Head Screw ISO 14583 - M4x10 Steel 4.6 Plain,Hexalobular_Socket_Pan_Head_Screw_ISO_14583_-_M3x10_Steel_4.6_Plain,True,-0.000000,-0.000000,1.000000,3.020000,-0.965926,-0.258819,-0.000000,12.014050,0.258819,-0.965926,-0.000000,-8.692450,0.000000,0.000000,0.000000,1.000000
v2.1_lower_body_latest:1+Hexalobular Socket Pan Head Screw ISO 14583 - M4x10 Steel 4.6 Plain:122,Hexalobular Socket Pan Head Screw ISO 14583 - M4x10 Steel 4.6 Plain,Hexalobular_Socket_Pan_Head_Screw_ISO_14583_-_M3x10_Steel_4.6_Plain,True,-0.000000,-0.000000,1.000000,3.020000,-0.965926,-0.258819,-0.000000,15.636559,0.258819,-0.965926,-0.000000,-9.663098,0.000000,0.000000,0.000000,1.000000
v2.1_lower_body_latest:1+Hexalobular Socket Pan Head Screw ISO 14583 - M4x10 Steel 4.6 Plain:123,Hexalobular Socket Pan Head Screw ISO 14583 - M4x10 Steel 4.6 Plain,Hexalobular_Socket_Pan_Head_Screw_ISO_14583_-_M3x10_Steel_4.6_Plain,True,-0.000000,-0.000000,1.000000,3.020000,-0.965926,-0.258819,-0.000000,17.511708,0.258819,-0.965926,-0.000000,-12.910951,0.000000,0.000000,0.000000,1.000000
v2.1_lower_body_latest:1+Hexalobular Socket Pan Head Screw ISO 14583 - M4x10 Steel 4.6 Plain:124,Hexalobular Socket Pan Head Screw ISO 14583 - M4x10 Steel 4.6 Plain,Hexalobular_Socket_Pan_Head_Screw_ISO_14583_-_M3x10_Steel_4.6_Plain,True,-0.000000,-0.000000,1.000000,3.020000,-0.965926,-0.258819,-0.000000,8.766197,0.258819,-0.965926,-0.000000,-10.567599,0.000000,0.000000,0.000000,1.000000
v2.1_lower_body_latest:1+Hexalobular Socket Pan Head Screw ISO 14583 - M4x10 Steel 4.6 Plain:125,Hexalobular Socket Pan Head Screw ISO 14583 - M4x10 Steel 4.6 Plain,Hexalobular_Socket_Pan_Head_Screw_ISO_14583_-_M3x10_Steel_4.6_Plain,True,-0.000000,-0.000000,-1.000000,-1.730000,-0.965926,0.258819,-0.000000,9.670697,0.258819,0.965926,-0.000000,-17.437961,0.000000,0.000000,0.000000,1.000000
v2.1_lower_body_latest:1+Hexalobular Socket Pan Head Screw ISO 14583 - M4x10 Steel 4.6 Plain:126,Hexalobular Socket Pan Head Screw ISO 14583 - M4x10 Steel 4.6 Plain,Hexalobular_Socket_Pan_Head_Screw_ISO_14583_-_M3x10_Steel_4.6_Plain,True,-0.000000,0.000000,-1.000000,-1.730000,-0.965926,0.258819,0.000000,7.795548,0.258819,0.965926,0.000000,-14.190108,0.000000,0.000000,0.000000,1.000000
v2.1_lower_body_latest:1+Hexalobular Socket Pan Head Screw ISO 14583 - M4x10 Steel 4.6 Plain:127,Hexalobular Socket Pan Head Screw ISO 14583 - M4x10 Steel 4.6 Plain,Hexalobular_Socket_Pan_Head_Screw_ISO_14583_-_M3x10_Steel_4.6_Plain,True,-0.000000,-0.000000,-1.000000,-1.730000,-0.965926,0.258819,-0.000000,13.293207,0.258819,0.965926,-0.000000,-18.408609,0.000000,0.000000,0.000000,1.000000
v2.1_lower_body_latest:1+Hexalobular Socket Pan Head Screw ISO 14583 - M4x10 Steel 4.6 Plain:128,Hexalobular Socket Pan Head Screw ISO 14583 - M4x10 Steel 4.6 Plain,Hexalobular_Socket_Pan_Head_Screw_ISO_14583_-_M3x10_Steel_4.6_Plain,True,-0.000000,-0.000000,-1.000000,-1.730000,-0.965926,0.258819,-0.000000,16.541060,0.258819,0.965926,-0.000000,-16.533460,0.000000,0.000000,0.000000,1.000000
v2.1_lower_body_latest:1+Hexalobular Socket Pan Head Screw ISO 14583 - M4x10 Steel 4.6 Plain:129,Hexalobular Socket Pan Head Screw ISO 14583 - M4x10 Steel 4.6 Plain,Hexalobular_Socket_Pan_Head_Screw_ISO_14583_-_M3x10_Steel_4.6_Plain,True,-0.000000,0.000000,-1.000000,-1.730000,-0.965926,0.258819,0.000000,12.014050,0.258819,0.965926,0.000000,-8.692449,0.000000,0.000000,0.000000,1.000000
v2.1_lower_body_latest:1+Hexalobular Socket Pan Head Screw ISO 14583 - M4x10 Steel 4.6 Plain:130,Hexalobular Socket Pan Head Screw ISO 14583 - M4x10 Steel 4.6 Plain,Hexalobular_Socket_Pan_Head_Screw_ISO_14583_-_M3x10_Steel_4.6_Plain,True,-0.000000,0.000000,-1.000000,-1.730000,-0.965926,0.258819,0.000000,17.511708,0.258819,0.965926,0.000000,-12.910950,0.000000,0.000000,0.000000,1.000000
v2.1_lower_body_latest:1+Hexalobular Socket Pan Head Screw ISO 14583 - M4x10 Steel 4.6 Plain:131,Hexalobular Socket Pan Head Screw ISO 14583 - M4x10 Steel 4.6 Plain,Hexalobular_Socket_Pan_Head_Screw_ISO_14583_-_M3x10_Steel_4.6_Plain,True,-0.000000,-0.000000,-1.000000,-1.730000,-0.965926,0.258819,-0.000000,8.766197,0.258819,0.965926,-0.000000,-10.567598,0.000000,0.000000,0.000000,1.000000
v2.1_lower_body_latest:1+Hexalobular Socket Pan Head Screw ISO 14583 - M4x10 Steel 4.6 Plain:132,Hexalobular Socket Pan Head Screw ISO 14583 - M4x10 Steel 4.6 Plain,Hexalobular_Socket_Pan_Head_Screw_ISO_14583_-_M3x10_Steel_4.6_Plain,True,-0.000000,0.000000,-1.000000,-1.730000,-0.965926,0.258819,0.000000,15.636559,0.258819,0.965926,0.000000,-9.663097,0.000000,0.000000,0.000000,1.000000
v2.1_lower_body_latest:1+Hexalobular Socket Pan Head Screw ISO 14583 - M4x10 Steel 4.6 Plain:133,Hexalobular Socket Pan Head Screw ISO 14583 - M4x10 Steel 4.6 Plain,Hexalobular_Socket_Pan_Head_Screw_ISO_14583_-_M3x10_Steel_4.6_Plain,True,-0.000000,-0.000000,-1.000000,-1.730000,0.965926,0.258819,-0.000000,-8.766197,0.258819,-0.965926,0.000000,-10.567598,0.000000,0.000000,0.000000,1.000000
v2.1_lower_body_latest:1+Hexalobular Socket Pan Head Screw ISO 14583 - M4x10 Steel 4.6 Plain:134,Hexalobular Socket Pan Head Screw ISO 14583 - M4x10 Steel 4.6 Plain,Hexalobular_Socket_Pan_Head_Screw_ISO_14583_-_M3x10_Steel_4.6_Plain,True,-0.000000,-0.000000,-1.000000,-1.730000,0.965926,0.258819,-0.000000,-15.636559,0.258819,-0.965926,0.000000,-9.663097,0.000000,0.000000,0.000000,1.000000
v2.1_lower_body_latest:1+Hexalobular Socket Pan Head Screw ISO 14583 - M4x10 Steel 4.6 Plain:135,Hexalobular Socket Pan Head Screw ISO 14583 - M4x10 Steel 4.6 Plain,Hexalobular_Socket_Pan_Head_Screw_ISO_14583_-_M3x10_Steel_4.6_Plain,True,-0.000000,-0.000000,-1.000000,-1.730000,0.965926,0.258819,-0.000000,-17.511708,0.258819,-0.965926,0.000000,-12.910950,0.000000,0.000000,0.000000,1.000000
v2.1_lower_body_latest:1+Hexalobular Socket Pan Head Screw ISO 14583 - M4x10 Steel 4.6 Plain:136,Hexalobular Socket Pan Head Screw ISO 14583 - M4x10 Steel 4.6 Plain,Hexalobular_Socket_Pan_Head_Screw_ISO_14583_-_M3x10_Steel_4.6_Plain,True,-0.000000,-0.000000,-1.000000,-1.730000,0.965926,0.258819,-0.000000,-9.670697,0.258819,-0.965926,0.000000,-17.437961,0.000000,0.000000,0.000000,1.000000
v2.1_lower_body_latest:1+Hexalobular Socket Pan Head Screw ISO 14583 - M4x10 Steel 4.6 Plain:137,Hexalobular Socket Pan Head Screw ISO 14583 - M4x10 Steel 4.6 Plain,Hexalobular_Socket_Pan_Head_Screw_ISO_14583_-_M3x10_Steel_4.6_Plain,True,-0.000000,-0.000000,-1.000000,-1.730000,0.965926,0.258819,-0.000000,-13.293207,0.258819,-0.965926,0.000000,-18.408609,0.000000,0.000000,0.000000,1.000000
v2.1_lower_body_latest:1+Hexalobular Socket Pan Head Screw ISO 14583 - M4x10 Steel 4.6 Plain:138,Hexalobular Socket Pan Head Screw ISO 14583 - M4x10 Steel 4.6 Plain,Hexalobular_Socket_Pan_Head_Screw_ISO_14583_-_M3x10_Steel_4.6_Plain,True,-0.000000,-0.000000,-1.000000,-1.730000,0.965926,0.258819,-0.000000,-16.541060,0.258819,-0.965926,0.000000,-16.533460,0.000000,0.000000,0.000000,1.000000
v2.1_lower_body_latest:1+Hexalobular Socket Pan Head Screw ISO 14583 - M4x10 Steel 4.6 Plain:139,Hexalobular Socket Pan Head Screw ISO 14583 - M4x10 Steel 4.6 Plain,Hexalobular_Socket_Pan_Head_Screw_ISO_14583_-_M3x10_Steel_4.6_Plain,True,-0.000000,-0.000000,-1.000000,-1.730000,0.965926,0.258819,-0.000000,-7.795548,0.258819,-0.965926,0.000000,-14.190108,0.000000,0.000000,0.000000,1.000000
v2.1_lower_body_latest:1+Hexalobular Socket Pan Head Screw ISO 14583 - M4x10 Steel 4.6 Plain:140,Hexalobular Socket Pan Head Screw ISO 14583 - M4x10 Steel 4.6 Plain,Hexalobular_Socket_Pan_Head_Screw_ISO_14583_-_M3x10_Steel_4.6_Plain,True,-0.000000,-0.000000,-1.000000,-1.730000,0.965926,0.258819,-0.000000,-12.014050,0.258819,-0.965926,0.000000,-8.692449,0.000000,0.000000,0.000000,1.000000
v2.1_lower_body_latest:1+Hexalobular Socket Pan Head Screw ISO 14583 - M4x10 Steel 4.6 Plain:141,Hexalobular Socket Pan Head Screw ISO 14583 - M4x10 Steel 4.6 Plain,Hexalobular_Socket_Pan_Head_Screw_ISO_14583_-_M3x10_Steel_4.6_Plain,True,1.000000,-0.000000,0.000000,-4.527010,-0.000000,-0.258819,-0.965926,-5.657964,0.000000,0.965926,-0.258819,-13.617344,0.000000,0.000000,0.000000,1.000000
v2.1_lower_body_latest:1+Hexalobular Socket Pan Head Screw ISO 14583 - M4x10 Steel 4.6 Plain:142,Hexalobular Socket Pan Head Screw ISO 14583 - M4x10 Steel 4.6 Plain,Hexalobular_Socket_Pan_Head_Screw_ISO_14583_-_M3x10_Steel_4.6_Plain,True,1.000000,-0.000000,0.000000,-1.875149,-0.000000,-0.258819,-0.965926,-4.971612,0.000000,0.965926,-0.258819,-16.178845,0.000000,0.000000,0.000000,1.000000
v2.1_lower_body_latest:1+Hexalobular Socket Pan Head Screw ISO 14583 - M4x10 Steel 4.6 Plain:143,Hexalobular Socket Pan Head Screw ISO 14583 - M4x10 Steel 4.6 Plain,Hexalobular_Socket_Pan_Head_Screw_ISO_14583_-_M3x10_Steel_4.6_Plain,True,1.000000,-0.000000,0.000000,4.527010,-0.000000,-0.258819,-0.965926,-5.657964,0.000000,0.965926,-0.258819,-13.617344,0.000000,0.000000,0.000000,1.000000
v2.1_lower_body_latest:1+Hexalobular Socket Pan Head Screw ISO 14583 - M4x10 Steel 4.6 Plain:144,Hexalobular Socket Pan Head Screw ISO 14583 - M4x10 Steel 4.6 Plain,Hexalobular_Socket_Pan_Head_Screw_ISO_14583_-_M3x10_Steel_4.6_Plain,True,1.000000,-0.000000,0.000000,1.875149,-0.000000,-0.258819,-0.965926,-4.971612,0.000000,0.965926,-0.258819,-16.178845,0.000000,0.000000,0.000000,1.000000
v2.1_lower_body_latest:1+Hexalobular Socket Pan Head Screw ISO 14583 - M4x10 Steel 4.6 Plain:145,Hexalobular Socket Pan Head Screw ISO 14583 - M4x10 Steel 4.6 Plain,Hexalobular_Socket_Pan_Head_Screw_ISO_14583_-_M3x10_Steel_4.6_Plain,True,1.000000,-0.000000,0.000000,-4.527010,-0.000000,-0.258819,-0.965926,-6.628612,0.000000,0.965926,-0.258819,-9.994834,0.000000,0.000000,0.000000,1.000000
v2.1_lower_body_latest:1+Hexalobular Socket Pan Head Screw ISO 14583 - M4x10 Steel 4.6 Plain:146,Hexalobular Socket Pan Head Screw ISO 14583 - M4x10 Steel 4.6 Plain,Hexalobular_Socket_Pan_Head_Screw_ISO_14583_-_M3x10_Steel_4.6_Plain,True,1.000000,-0.000000,0.000000,4.527010,-0.000000,-0.258819,-0.965926,-6.628612,0.000000,0.965926,-0.258819,-9.994834,0.000000,0.000000,0.000000,1.000000
v2.1_lower_body_latest:1+Hexalobular Socket Pan Head Screw ISO 14583 - M4x10 Steel 4.6 Plain:147,Hexalobular Socket Pan Head Screw ISO 14583 - M4x10 Steel 4.6 Plain,Hexalobular_Socket_Pan_Head_Screw_ISO_14583_-_M3x10_Steel_4.6_Plain,True,1.000000,-0.000000,0.000000,1.875149,-0.000000,-0.258819,-0.965926,-7.314964,0.000000,0.965926,-0.258819,-7.433333,0.000000,0.000000,0.000000,1.000000
v2.1_lower_body_latest:1+Hexalobular Socket Pan Head Screw ISO 14583 - M4x10 Steel 4.6 Plain:148,Hexalobular Socket Pan Head Screw ISO 14583 - M4x10 Steel 4.6 Plain,Hexalobular_Socket_Pan_Head_Screw_ISO_14583_-_M3x10_Steel_4.6_Plain,True,1.000000,-0.000000,0.000000,-1.875149,-0.000000,-0.258819,-0.965926,-7.314964,0.000000,0.965926,-0.258819,-7.433333,0.000000,0.000000,0.000000,1.000000
v2.1_lower_body_latest:1+Hexalobular Socket Pan Head Screw ISO 14583 - M4x10 Steel 4.6 Plain:149,Hexalobular Socket Pan Head Screw ISO 14583 - M4x10 Steel 4.6 Plain,Hexalobular_Socket_Pan_Head_Screw_ISO_14583_-_M3x10_Steel_4.6_Plain,True,1.000000,-0.000000,0.000000,-1.875149,-0.000000,-0.258819,0.965926,7.314964,-0.000000,-0.965926,-0.258819,-7.433333,0.000000,0.000000,0.000000,1.000000
v2.1_lower_body_latest:1+Hexalobular Socket Pan Head Screw ISO 14583 - M4x10 Steel 4.6 Plain:150,Hexalobular Socket Pan Head Screw ISO 14583 - M4x10 Steel 4.6 Plain,Hexalobular_Socket_Pan_Head_Screw_ISO_14583_-_M3x10_Steel_4.6_Plain,True,1.000000,-0.000000,0.000000,4.527010,-0.000000,-0.258819,0.965926,6.628612,-0.000000,-0.965926,-0.258819,-9.994834,0.000000,0.000000,0.000000,1.000000
v2.1_lower_body_latest:1+Hexalobular Socket Pan Head Screw ISO 14583 - M4x10 Steel 4.6 Plain:151,Hexalobular Socket Pan Head Screw ISO 14583 - M4x10 Steel 4.6 Plain,Hexalobular_Socket_Pan_Head_Screw_ISO_14583_-_M3x10_Steel_4.6_Plain,True,1.000000,-0.000000,0.000000,1.875149,-0.000000,-0.258819,0.965926,7.314964,-0.000000,-0.965926,-0.258819,-7.433333,0.000000,0.000000,0.000000,1.000000
v2.1_lower_body_latest:1+Hexalobular Socket Pan Head Screw ISO 14583 - M4x10 Steel 4.6 Plain:152,Hexalobular Socket Pan Head Screw ISO 14583 - M4x10 Steel 4.6 Plain,Hexalobular_Socket_Pan_Head_Screw_ISO_14583_-_M3x10_Steel_4.6_Plain,True,1.000000,-0.000000,0.000000,-4.527010,-0.000000,-0.258819,0.965926,5.657964,-0.000000,-0.965926,-0.258819,-13.617344,0.000000,0.000000,0.000000,1.000000
v2.1_lower_body_latest:1+Hexalobular Socket Pan Head Screw ISO 14583 - M4x10 Steel 4.6 Plain:153,Hexalobular Socket Pan Head Screw ISO 14583 - M4x10 Steel 4.6 Plain,Hexalobular_Socket_Pan_Head_Screw_ISO_14583_-_M3x10_Steel_4.6_Plain,True,1.000000,-0.000000,0.000000,-1.875149,-0.000000,-0.258819,0.965926,4.971612,-0.000000,-0.965926,-0.258819,-16.178845,0.000000,0.000000,0.000000,1.000000
v2.1_lower_body_latest:1+Hexalobular Socket Pan Head Screw ISO 14583 - M4x10 Steel 4.6 Plain:154,Hexalobular Socket Pan Head Screw ISO 14583 - M4x10 Steel 4.6 Plain,Hexalobular_Socket_Pan_Head_Screw_ISO_14583_-_M3x10_Steel_4.6_Plain,True,1.000000,-0.000000,0.000000,4.527010,-0.000000,-0.258819,0.965926,5.657964,-0.000000,-0.965926,-0.258819,-13.617344,0.000000,0.000000,0.000000,1.000000
v2.1_lower_body_latest:1+Hexalobular Socket Pan Head Screw ISO 14583 - M4x10 Steel 4.6 Plain:155,Hexalobular Socket Pan Head Screw ISO 14583 - M4x10 Steel 4.6 Plain,Hexalobular_Socket_Pan_Head_Screw_ISO_14583_-_M3x10_Steel_4.6_Plain,True,1.000000,-0.000000,0.000000,1.875149,-0.000000,-0.258819,0.965926,4.971612,-0.000000,-0.965926,-0.258819,-16.178845,0.000000,0.000000,0.000000,1.000000
v2.1_lower_body_latest:1+Hexalobular Socket Pan Head Screw ISO 14583 - M4x10 Steel 4.6 Plain:156,Hexalobular Socket Pan Head Screw ISO 14583 - M4x10 Steel 4.6 Plain,Hexalobular_Socket_Pan_Head_Screw_ISO_14583_-_M3x10_Steel_4.6_Plain,True,1.000000,-0.000000,0.000000,-4.527010,-0.000000,-0.258819,0.965926,6.628612,-0.000000,-0.965926,-0.258819,-9.994834,0.000000,0.000000,0.000000,1.000000
v2.1_lower_body_latest:1+Hexalobular Socket Pan Head Screw ISO 14583 - M4x10 Steel 4.6 Plain:157,Hexalobular Socket Pan Head Screw ISO 14583 - M4x10 Steel 4.6 Plain,Hexalobular_Socket_Pan_Head_Screw_ISO_14583_-_M3x10_Steel_4.6_Plain,True,-1.000000,0.000000,0.000000,-1.875149,0.000000,-1.000000,0.000000,-8.126619,0.000000,0.000000,1.000000,-20.500530,0.000000,0.000000,0.000000,1.000000
v2.1_lower_body_latest:1+Hexalobular Socket Pan Head Screw ISO 14583 - M4x10 Steel 4.6 Plain:158,Hexalobular Socket Pan Head Screw ISO 14583 - M4x10 Steel 4.6 Plain,Hexalobular_Socket_Pan_Head_Screw_ISO_14583_-_M3x10_Steel_4.6_Plain,True,-1.000000,0.000000,0.000000,-4.527010,0.000000,-1.000000,0.000000,-10.778480,0.000000,0.000000,1.000000,-20.500529,0.000000,0.000000,0.000000,1.000000
v2.1_lower_body_latest:1+Hexalobular Socket Pan Head Screw ISO 14583 - M4x10 Steel 4.6 Plain:159,Hexalobular Socket Pan Head Screw ISO 14583 - M4x10 Steel 4.6 Plain,Hexalobular_Socket_Pan_Head_Screw_ISO_14583_-_M3x10_Steel_4.6_Plain,True,-1.000000,0.000000,0.000000,-4.527010,0.000000,-1.000000,0.000000,-14.528777,0.000000,0.000000,1.000000,-20.500529,0.000000,0.000000,0.000000,1.000000
v2.1_lower_body_latest:1+Hexalobular Socket Pan Head Screw ISO 14583 - M4x10 Steel 4.6 Plain:160,Hexalobular Socket Pan Head Screw ISO 14583 - M4x10 Steel 4.6 Plain,Hexalobular_Socket_Pan_Head_Screw_ISO_14583_-_M3x10_Steel_4.6_Plain,True,-1.000000,0.000000,0.000000,-1.875149,0.000000,-1.000000,0.000000,-17.180638,0.000000,0.000000,1.000000,-20.500529,0.000000,0.000000,0.000000,1.000000
v2.1_lower_body_latest:1+Hexalobular Socket Pan Head Screw ISO 14583 - M4x10 Steel 4.6 Plain:161,Hexalobular Socket Pan Head Screw ISO 14583 - M4x10 Steel 4.6 Plain,Hexalobular_Socket_Pan_Head_Screw_ISO_14583_-_M3x10_Steel_4.6_Plain,True,1.000000,-0.000000,0.000000,1.875149,-0.000000,1.000000,0.000000,-8.126923,-0.000000,-0.000000,1.000000,-20.500611,0.000000,0.000000,0.000000,1.000000
v2.1_lower_body_latest:1+Hexalobular Socket Pan Head Screw ISO 14583 - M4x10 Steel 4.6 Plain:162,Hexalobular Socket Pan Head Screw ISO 14583 - M4x10 Steel 4.6 Plain,Hexalobular_Socket_Pan_Head_Screw_ISO_14583_-_M3x10_Steel_4.6_Plain,True,1.000000,-0.000000,0.000000,4.527010,-0.000000,1.000000,0.000000,-10.778784,-0.000000,-0.000000,1.000000,-20.500611,0.000000,0.000000,0.000000,1.000000
v2.1_lower_body_latest:1+Hexalobular Socket Pan Head Screw ISO 14583 - M4x10 Steel 4.6 Plain:163,Hexalobular Socket Pan Head Screw ISO 14583 - M4x10 Steel 4.6 Plain,Hexalobular_Socket_Pan_Head_Screw_ISO_14583_-_M3x10_Steel_4.6_Plain,True,1.000000,-0.000000,0.000000,4.527010,-0.000000,1.000000,0.000000,-14.529081,-0.000000,-0.000000,1.000000,-20.500611,0.000000,0.000000,0.000000,1.000000
v2.1_lower_body_latest:1+Hexalobular Socket Pan Head Screw ISO 14583 - M4x10 Steel 4.6 Plain:164,Hexalobular Socket Pan Head Screw ISO 14583 - M4x10 Steel 4.6 Plain,Hexalobular_Socket_Pan_Head_Screw_ISO_14583_-_M3x10_Steel_4.6_Plain,True,1.000000,-0.000000,0.000000,1.875149,-0.000000,1.000000,0.000000,-17.180942,-0.000000,-0.000000,1.000000,-20.500610,0.000000,0.000000,0.000000,1.000000
v2.1_lower_body_latest:1+Hexalobular Socket Pan Head Screw ISO 14583 - M4x10 Steel 4.6 Plain:165,Hexalobular Socket Pan Head Screw ISO 14583 - M4x10 Steel 4.6 Plain,Hexalobular_Socket_Pan_Head_Screw_ISO_14583_-_M3x10_Steel_4.6_Plain,True,-1.000000,0.000000,0.000000,-1.875149,0.000000,-1.000000,-0.000000,17.180638,0.000000,-0.000000,1.000000,-20.500530,0.000000,0.000000,0.000000,1.000000
v2.1_lower_body_latest:1+Hexalobular Socket Pan Head Screw ISO 14583 - M4x10 Steel 4.6 Plain:166,Hexalobular Socket Pan Head Screw ISO 14583 - M4x10 Steel 4.6 Plain,Hexalobular_Socket_Pan_Head_Screw_ISO_14583_-_M3x10_Steel_4.6_Plain,True,-1.000000,0.000000,0.000000,-4.527010,0.000000,-1.000000,-0.000000,14.528777,0.000000,-0.000000,1.000000,-20.500530,0.000000,0.000000,0.000000,1.000000
v2.1_lower_body_latest:1+Hexalobular Socket Pan Head Screw ISO 14583 - M4x10 Steel 4.6 Plain:167,Hexalobular Socket Pan Head Screw ISO 14583 - M4x10 Steel 4.6 Plain,Hexalobular_Socket_Pan_Head_Screw_ISO_14583_-_M3x10_Steel_4.6_Plain,True,-1.000000,-0.000000,0.000000,-4.527010,0.000000,-1.000000,-0.000000,10.778480,0.000000,-0.000000,1.000000,-20.500530,0.000000,0.000000,0.000000,1.000000
v2.1_lower_body_latest:1+Hexalobular Socket Pan Head Screw ISO 14583 - M4x10 Steel 4.6 Plain:168,Hexalobular Socket Pan Head Screw ISO 14583 - M4x10 Steel 4.6 Plain,Hexalobular_Socket_Pan_Head_Screw_ISO_14583_-_M3x10_Steel_4.6_Plain,True,-1.000000,-0.000000,0.000000,-1.875149,0.000000,-1.000000,-0.000000,8.126619,0.000000,-0.000000,1.000000,-20.500530,0.000000,0.000000,0.000000,1.000000
v2.1_lower_body_latest:1+Hexalobular Socket Pan Head Screw ISO 14583 - M4x10 Steel 4.6 Plain:169,Hexalobular Socket Pan Head Screw ISO 14583 - M4x10 Steel 4.6 Plain,Hexalobular_Socket_Pan_Head_Screw_ISO_14583_-_M3x10_Steel_4.6_Plain,True,1.000000,0.000000,0.000000,1.875149,-0.000000,1.000000,-0.000000,17.180638,0.000000,0.000000,1.000000,-20.500530,0.000000,0.000000,0.000000,1.000000
v2.1_lower_body_latest:1+Hexalobular Socket Pan Head Screw ISO 14583 - M4x10 Steel 4.6 Plain:170,Hexalobular Socket Pan Head Screw ISO 14583 - M4x10 Steel 4.6 Plain,Hexalobular_Socket_Pan_Head_Screw_ISO_14583_-_M3x10_Steel_4.6_Plain,True,1.000000,0.000000,0.000000,4.527010,-0.000000,1.000000,-0.000000,14.528777,0.000000,0.000000,1.000000,-20.500530,0.000000,0.000000,0.000000,1.000000
v2.1_lower_body_latest:1+Hexalobular Socket Pan Head Screw ISO 14583 - M4x10 Steel 4.6 Plain:171,Hexalobular Socket Pan Head Screw ISO 14583 - M4x10 Steel 4.6 Plain,Hexalobular_Socket_Pan_Head_Screw_ISO_14583_-_M3x10_Steel_4.6_Plain,True,1.000000,0.000000,-0.000000,4.527010,-0.000000,1.000000,-0.000000,10.778480,0.000000,0.000000,1.000000,-20.500530,0.000000,0.000000,0.000000,1.000000
v2.1_lower_body_latest:1+Hexalobular Socket Pan Head Screw ISO 14583 - M4x10 Steel 4.6 Plain:172,Hexalobular Socket Pan Head Screw ISO 14583 - M4x10 Steel 4.6 Plain,Hexalobular_Socket_Pan_Head_Screw_ISO_14583_-_M3x10_Steel_4.6_Plain,True,1.000000,0.000000,-0.000000,1.875149,-0.000000,1.000000,-0.000000,8.126619,0.000000,0.000000,1.000000,-20.500530,0.000000,0.000000,0.000000,1.000000
v2.1_lower_body_latest:1+Hexalobular Socket Pan Head Screw ISO 14583 - M4x10 Steel 4.6 Plain:177,Hexalobular Socket Pan Head Screw ISO 14583 - M4x10 Steel 4.6 Plain,Hexalobular_Socket_Pan_Head_Screw_ISO_14583_-_M3x10_Steel_4.6_Plain,True,-0.000000,-0.000000,1.000000,3.270000,-0.000000,-1.000000,-0.000000,11.894628,1.000000,-0.000000,-0.000000,-12.235903,0.000000,0.000000,0.000000,1.000000
v2.1_lower_body_latest:1+Hexalobular Socket Pan Head Screw ISO 14583 - M4x10 Steel 4.6 Plain:178,Hexalobular Socket Pan Head Screw ISO 14583 - M4x10 Steel 4.6 Plain,Hexalobular_Socket_Pan_Head_Screw_ISO_14583_-_M3x10_Steel_4.6_Plain,True,-0.000000,-0.000000,1.000000,3.270000,-0.000000,-1.000000,-0.000000,13.412628,1.000000,-0.000000,0.000000,-14.865156,0.000000,0.000000,0.000000,1.000000
v2.1_lower_body_latest:1+Hexalobular Socket Pan Head Screw ISO 14583 - M4x10 Steel 4.6 Plain:179,Hexalobular Socket Pan Head Screw ISO 14583 - M4x10 Steel 4.6 Plain,Hexalobular_Socket_Pan_Head_Screw_ISO_14583_-_M3x10_Steel_4.6_Plain,True,-0.000000,-0.000000,1.000000,3.270000,-0.000000,-1.000000,-0.000000,14.171628,1.000000,-0.000000,-0.000000,-13.550529,0.000000,0.000000,0.000000,1.000000
v2.1_lower_body_latest:1+Hexalobular Socket Pan Head Screw ISO 14583 - M4x10 Steel 4.6 Plain:180,Hexalobular Socket Pan Head Screw ISO 14583 - M4x10 Steel 4.6 Plain,Hexalobular_Socket_Pan_Head_Screw_ISO_14583_-_M3x10_Steel_4.6_Plain,True,-0.000000,-0.000000,1.000000,3.270000,-0.000000,-1.000000,-0.000000,11.135628,1.000000,-0.000000,0.000000,-13.550529,0.000000,0.000000,0.000000,1.000000
v2.1_lower_body_latest:1+Hexalobular Socket Pan Head Screw ISO 14583 - M4x10 Steel 4.6 Plain:181,Hexalobular Socket Pan Head Screw ISO 14583 - M4x10 Steel 4.6 Plain,Hexalobular_Socket_Pan_Head_Screw_ISO_14583_-_M3x10_Steel_4.6_Plain,True,-0.000000,-0.000000,1.000000,3.270000,-0.000000,-1.000000,-0.000000,11.894628,1.000000,-0.000000,-0.000000,-14.865156,0.000000,0.000000,0.000000,1.000000
v2.1_lower_body_latest:1+Hexalobular Socket Pan Head Screw ISO 14583 - M4x10 Steel 4.6 Plain:182,Hexalobular Socket Pan Head Screw ISO 14583 - M4x10 Steel 4.6 Plain,Hexalobular_Socket_Pan_Head_Screw_ISO_14583_-_M3x10_Steel_4.6_Plain,True,-0.000000,-0.000000,1.000000,3.270000,-0.000000,-1.000000,-0.000000,13.412628,1.000000,-0.000000,-0.000000,-12.235903,0.000000,0.000000,0.000000,1.000000
v2.1_lower_body_latest:1+Hexalobular Socket Pan Head Screw ISO 14583 - M4x10 Steel 4.6 Plain:183,Hexalobular Socket Pan Head Screw ISO 14583 - M4x10 Steel 4.6 Plain,Hexalobular_Socket_Pan_Head_Screw_ISO_14583_-_M3x10_Steel_4.6_Plain,True,0.000000,0.000000,1.000000,3.270000,0.000000,-1.000000,-0.000000,-11.894932,1.000000,0.000000,-0.000000,-12.235984,0.000000,0.000000,0.000000,1.000000
v2.1_lower_body_latest:1+Hexalobular Socket Pan Head Screw ISO 14583 - M4x10 Steel 4.6 Plain:184,Hexalobular Socket Pan Head Screw ISO 14583 - M4x10 Steel 4.6 Plain,Hexalobular_Socket_Pan_Head_Screw_ISO_14583_-_M3x10_Steel_4.6_Plain,True,0.000000,0.000000,1.000000,3.270000,0.000000,-1.000000,-0.000000,-11.894932,1.000000,0.000000,-0.000000,-14.865237,0.000000,0.000000,0.000000,1.000000
v2.1_lower_body_latest:1+Hexalobular Socket Pan Head Screw ISO 14583 - M4x10 Steel 4.6 Plain:185,Hexalobular Socket Pan Head Screw ISO 14583 - M4x10 Steel 4.6 Plain,Hexalobular_Socket_Pan_Head_Screw_ISO_14583_-_M3x10_Steel_4.6_Plain,True,0.000000,0.000000,1.000000,3.270000,0.000000,-1.000000,-0.000000,-11.135932,1.000000,0.000000,-0.000000,-13.550610,0.000000,0.000000,0.000000,1.000000
v2.1_lower_body_latest:1+Hexalobular Socket Pan Head Screw ISO 14583 - M4x10 Steel 4.6 Plain:186,Hexalobular Socket Pan Head Screw ISO 14583 - M4x10 Steel 4.6 Plain,Hexalobular_Socket_Pan_Head_Screw_ISO_14583_-_M3x10_Steel_4.6_Plain,True,0.000000,0.000000,1.000000,3.270000,0.000000,-1.000000,-0.000000,-14.171932,1.000000,0.000000,-0.000000,-13.550610,0.000000,0.000000,0.000000,1.000000
v2.1_lower_body_latest:1+Hexalobular Socket Pan Head Screw ISO 14583 - M4x10 Steel 4.6 Plain:187,Hexalobular Socket Pan Head Screw ISO 14583 - M4x10 Steel 4.6 Plain,Hexalobular_Socket_Pan_Head_Screw_ISO_14583_-_M3x10_Steel_4.6_Plain,True,0.000000,0.000000,1.000000,3.270000,0.000000,-1.000000,-0.000000,-13.412932,1.000000,0.000000,-0.000000,-14.865237,0.000000,0.000000,0.000000,1.000000
v2.1_lower_body_latest:1+Hexalobular Socket Pan Head Screw ISO 14583 - M4x10 Steel 4.6 Plain:188,Hexalobular Socket Pan Head Screw ISO 14583 - M4x10 Steel 4.6 Plain,Hexalobular_Socket_Pan_Head_Screw_ISO_14583_-_M3x10_Steel_4.6_Plain,True,0.000000,0.000000,1.000000,3.270000,0.000000,-1.000000,-0.000000,-13.412932,1.000000,0.000000,-0.000000,-12.235984,0.000000,0.000000,0.000000,1.000000
v2.1_lower_body_latest:1+Hexalobular Socket Pan Head Screw ISO 14583 - M3x10 Steel 4.6 Plain:25,Hexalobular Socket Pan Head Screw ISO 14583 - M3x10 Steel 4.6 Plain,Hexalobular_Socket_Pan_Head_Screw_ISO_14583_-_M3x10_Steel_4.6_Plain,True,0.000000,-0.000000,1.000000,10.200000,-0.000000,-1.000000,-0.000000,11.064626,1.000000,-0.000000,-0.000000,-48.772624,0.000000,0.000000,0.000000,1.000000
v2.1_lower_body_latest:1+Hexalobular Socket Pan Head Screw ISO 14583 - M3x10 Steel 4.6 Plain:26,Hexalobular Socket Pan Head Screw ISO 14583 - M3x10 Steel 4.6 Plain,Hexalobular_Socket_Pan_Head_Screw_ISO_14583_-_M3x10_Steel_4.6_Plain,True,0.000000,-0.000000,1.000000,10.200000,-0.000000,-1.000000,-0.000000,8.845722,1.000000,-0.000000,-0.000000,-54.129532,0.000000,0.000000,0.000000,1.000000
v2.1_lower_body_latest:1+Hexalobular Socket Pan Head Screw ISO 14583 - M3x10 Steel 4.6 Plain:27,Hexalobular Socket Pan Head Screw ISO 14583 - M3x10 Steel 4.6 Plain,Hexalobular_Socket_Pan_Head_Screw_ISO_14583_-_M3x10_Steel_4.6_Plain,True,0.000000,-0.000000,1.000000,10.200000,-0.000000,-1.000000,-0.000000,11.064626,1.000000,-0.000000,-0.000000,-56.348436,0.000000,0.000000,0.000000,1.000000
v2.1_lower_body_latest:1+Hexalobular Socket Pan Head Screw ISO 14583 - M3x10 Steel 4.6 Plain:28,Hexalobular Socket Pan Head Screw ISO 14583 - M3x10 Steel 4.6 Plain,Hexalobular_Socket_Pan_Head_Screw_ISO_14583_-_M3x10_Steel_4.6_Plain,True,0.000000,-0.000000,1.000000,10.200000,-0.000000,-1.000000,-0.000000,16.421534,1.000000,-0.000000,-0.000000,-50.991528,0.000000,0.000000,0.000000,1.000000
v2.1_lower_body_latest:1+Hexalobular Socket Pan Head Screw ISO 14583 - M3x10 Steel 4.6 Plain:29,Hexalobular Socket Pan Head Screw ISO 14583 - M3x10 Steel 4.6 Plain,Hexalobular_Socket_Pan_Head_Screw_ISO_14583_-_M3x10_Steel_4.6_Plain,True,0.000000,-0.000000,1.000000,10.200000,-0.000000,-1.000000,-0.000000,14.202630,1.000000,-0.000000,-0.000000,-48.772624,0.000000,0.000000,0.000000,1.000000
v2.1_lower_body_latest:1+Hexalobular Socket Pan Head Screw ISO 14583 - M3x10 Steel 4.6 Plain:30,Hexalobular Socket Pan Head Screw ISO 14583 - M3x10 Steel 4.6 Plain,Hexalobular_Socket_Pan_Head_Screw_ISO_14583_-_M3x10_Steel_4.6_Plain,True,0.000000,-0.000000,1.000000,10.200000,-0.000000,-1.000000,-0.000000,16.421534,1.000000,-0.000000,-0.000000,-54.129532,0.000000,0.000000,0.000000,1.000000
v2.1_lower_body_latest:1+Hexalobular Socket Pan Head Screw ISO 14583 - M3x10 Steel 4.6 Plain:31,Hexalobular Socket Pan Head Screw ISO 14583 - M3x10 Steel 4.6 Plain,Hexalobular_Socket_Pan_Head_Screw_ISO_14583_-_M3x10_Steel_4.6_Plain,True,0.000000,-0.000000,1.000000,10.200000,-0.000000,-1.000000,-0.000000,14.202630,1.000000,-0.000000,-0.000000,-56.348436,0.000000,0.000000,0.000000,1.000000
v2.1_lower_body_latest:1+Hexalobular Socket Pan Head Screw ISO 14583 - M3x10 Steel 4.6 Plain:32,Hexalobular Socket Pan Head Screw ISO 14583 - M3x10 Steel 4.6 Plain,Hexalobular_Socket_Pan_Head_Screw_ISO_14583_-_M3x10_Steel_4.6_Plain,True,0.000000,-0.000000,1.000000,10.200000,-0.000000,-1.000000,-0.000000,8.845722,1.000000,-0.000000,-0.000000,-50.991528,0.000000,0.000000,0.000000,1.000000
v2.1_lower_body_latest:1+Hexalobular Socket Pan Head Screw ISO 14583 - M3x10 Steel 4.6 Plain:33,Hexalobular Socket Pan Head Screw ISO 14583 - M3x10 Steel 4.6 Plain,Hexalobular_Socket_Pan_Head_Screw_ISO_14583_-_M3x10_Steel_4.6_Plain,True,-0.000000,-0.000000,-1.000000,6.250000,0.000000,-1.000000,0.000000,11.064626,-1.000000,-0.000000,-0.000000,-48.772624,0.000000,0.000000,0.000000,1.000000
v2.1_lower_body_latest:1+Hexalobular Socket Pan Head Screw ISO 14583 - M3x10 Steel 4.6 Plain:34,Hexalobular Socket Pan Head Screw ISO 14583 - M3x10 Steel 4.6 Plain,Hexalobular_Socket_Pan_Head_Screw_ISO_14583_-_M3x10_Steel_4.6_Plain,True,-0.000000,-0.000000,-1.000000,6.250000,0.000000,-1.000000,0.000000,11.064626,-1.000000,-0.000000,-0.000000,-56.348436,0.000000,0.000000,0.000000,1.000000
v2.1_lower_body_latest:1+Hexalobular Socket Pan Head Screw ISO 14583 - M3x10 Steel 4.6 Plain:35,Hexalobular Socket Pan Head Screw ISO 14583 - M3x10 Steel 4.6 Plain,Hexalobular_Socket_Pan_Head_Screw_ISO_14583_-_M3x10_Steel_4.6_Plain,True,-0.000000,-0.000000,-1.000000,6.250000,0.000000,-1.000000,0.000000,8.845722,-1.000000,-0.000000,-0.000000,-54.129532,0.000000,0.000000,0.000000,1.000000
v2.1_lower_body_latest:1+Hexalobular Socket Pan Head Screw ISO 14583 - M3x10 Steel 4.6 Plain:36,Hexalobular Socket Pan Head Screw ISO 14583 - M3x10 Steel 4.6 Plain,Hexalobular_Socket_Pan_Head_Screw_ISO_14583_-_M3x10_Steel_4.6_Plain,True,-0.000000,-0.000000,-1.000000,6.250000,0.000000,-1.000000,0.000000,8.845722,-1.000000,-0.000000,-0.000000,-50.991528,0.000000,0.000000,0.000000,1.000000
v2.1_lower_body_latest:1+Hexalobular Socket Pan Head Screw ISO 14583 - M4x10 Steel 4.6 Plain:213,Hexalobular Socket Pan Head Screw ISO 14583 - M4x10 Steel 4.6 Plain,Hexalobular_Socket_Pan_Head_Screw_ISO_14583_-_M3x10_Steel_4.6_Plain,True,0.000000,1.000000,0.000000,1.314627,0.258819,-0.000000,0.965926,6.188326,0.965926,-0.000000,-0.258819,-12.603932,0.000000,0.000000,0.000000,1.000000
v2.1_lower_body_latest:1+Hexalobular Socket Pan Head Screw ISO 14583 - M4x10 Steel 4.6 Plain:214,Hexalobular Socket Pan Head Screw ISO 14583 - M4x10 Steel 4.6 Plain,Hexalobular_Socket_Pan_Head_Screw_ISO_14583_-_M3x10_Steel_4.6_Plain,True,0.000000,1.000000,0.000000,0.000000,0.258819,-0.000000,0.965926,5.991883,0.965926,-0.000000,-0.258819,-13.337069,0.000000,0.000000,0.000000,1.000000
v2.1_lower_body_latest:1+Hexalobular Socket Pan Head Screw ISO 14583 - M4x10 Steel 4.6 Plain:215,Hexalobular Socket Pan Head Screw ISO 14583 - M4x10 Steel 4.6 Plain,Hexalobular_Socket_Pan_Head_Screw_ISO_14583_-_M3x10_Steel_4.6_Plain,True,0.000000,1.000000,0.000000,-1.314627,0.258819,-0.000000,0.965926,6.581213,0.965926,-0.000000,-0.258819,-11.137656,0.000000,0.000000,0.000000,1.000000
v2.1_lower_body_latest:1+Hexalobular Socket Pan Head Screw ISO 14583 - M4x10 Steel 4.6 Plain:216,Hexalobular Socket Pan Head Screw ISO 14583 - M4x10 Steel 4.6 Plain,Hexalobular_Socket_Pan_Head_Screw_ISO_14583_-_M3x10_Steel_4.6_Plain,True,0.000000,1.000000,0.000000,1.314627,0.258819,-0.000000,0.965926,6.581213,0.965926,-0.000000,-0.258819,-11.137656,0.000000,0.000000,0.000000,1.000000
v2.1_lower_body_latest:1+Hexalobular Socket Pan Head Screw ISO 14583 - M4x10 Steel 4.6 Plain:217,Hexalobular Socket Pan Head Screw ISO 14583 - M4x10 Steel 4.6 Plain,Hexalobular_Socket_Pan_Head_Screw_ISO_14583_-_M3x10_Steel_4.6_Plain,True,0.000000,1.000000,0.000000,0.000000,0.258819,-0.000000,0.965926,6.777657,0.965926,-0.000000,-0.258819,-10.404518,0.000000,0.000000,0.000000,1.000000
v2.1_lower_body_latest:1+Hexalobular Socket Pan Head Screw ISO 14583 - M4x10 Steel 4.6 Plain:218,Hexalobular Socket Pan Head Screw ISO 14583 - M4x10 Steel 4.6 Plain,Hexalobular_Socket_Pan_Head_Screw_ISO_14583_-_M3x10_Steel_4.6_Plain,True,0.000000,1.000000,0.000000,-1.314627,0.258819,-0.000000,0.965926,6.188326,0.965926,-0.000000,-0.258819,-12.603932,0.000000,0.000000,0.000000,1.000000
v2.1_lower_body_latest:1+Hexalobular Socket Pan Head Screw ISO 14583 - M4x10 Steel 4.6 Plain:219,Hexalobular Socket Pan Head Screw ISO 14583 - M4x10 Steel 4.6 Plain,Hexalobular_Socket_Pan_Head_Screw_ISO_14583_-_M3x10_Steel_4.6_Plain,True,-0.000000,-1.000000,-0.000000,1.314627,-0.258819,0.000000,-0.965926,-6.188326,0.965926,0.000000,-0.258819,-12.603932,0.000000,0.000000,0.000000,1.000000
v2.1_lower_body_latest:1+Hexalobular Socket Pan Head Screw ISO 14583 - M4x10 Steel 4.6 Plain:220,Hexalobular Socket Pan Head Screw ISO 14583 - M4x10 Steel 4.6 Plain,Hexalobular_Socket_Pan_Head_Screw_ISO_14583_-_M3x10_Steel_4.6_Plain,True,-0.000000,-1.000000,-0.000000,0.000000,-0.258819,0.000000,-0.965926,-5.991883,0.965926,0.000000,-0.258819,-13.337069,0.000000,0.000000,0.000000,1.000000
v2.1_lower_body_latest:1+Hexalobular Socket Pan Head Screw ISO 14583 - M4x10 Steel 4.6 Plain:221,Hexalobular Socket Pan Head Screw ISO 14583 - M4x10 Steel 4.6 Plain,Hexalobular_Socket_Pan_Head_Screw_ISO_14583_-_M3x10_Steel_4.6_Plain,True,-0.000000,-1.000000,-0.000000,1.314627,-0.258819,0.000000,-0.965926,-6.581213,0.965926,0.000000,-0.258819,-11.137656,0.000000,0.000000,0.000000,1.000000
v2.1_lower_body_latest:1+Hexalobular Socket Pan Head Screw ISO 14583 - M4x10 Steel 4.6 Plain:222,Hexalobular Socket Pan Head Screw ISO 14583 - M4x10 Steel 4.6 Plain,Hexalobular_Socket_Pan_Head_Screw_ISO_14583_-_M3x10_Steel_4.6_Plain,True,-0.000000,-1.000000,-0.000000,-1.314627,-0.258819,0.000000,-0.965926,-6.581213,0.965926,0.000000,-0.258819,-11.137656,0.000000,0.000000,0.000000,1.000000
v2.1_lower_body_latest:1+Hexalobular Socket Pan Head Screw ISO 14583 - M4x10 Steel 4.6 Plain:223,Hexalobular Socket Pan Head Screw ISO 14583 - M4x10 Steel 4.6 Plain,Hexalobular_Socket_Pan_Head_Screw_ISO_14583_-_M3x10_Steel_4.6_Plain,True,-0.000000,-1.000000,-0.000000,0.000000,-0.258819,0.000000,-0.965926,-6.777657,0.965926,0.000000,-0.258819,-10.404518,0.000000,0.000000,0.000000,1.000000
v2.1_lower_body_latest:1+Hexalobular Socket Pan Head Screw ISO 14583 - M4x10 Steel 4.6 Plain:224,Hexalobular Socket Pan Head Screw ISO 14583 - M4x10 Steel 4.6 Plain,Hexalobular_Socket_Pan_Head_Screw_ISO_14583_-_M3x10_Steel_4.6_Plain,True,-0.000000,-1.000000,-0.000000,-1.314627,-0.258819,0.000000,-0.965926,-6.188326,0.965926,0.000000,-0.258819,-12.603932,0.000000,0.000000,0.000000,1.000000
dovetail_umi_gripper:1+FEETECH_HL_3915_Servo_Motor:1+HL-3608_ASM_121_ASM:1+DC15_A01_DUMMY_ASSY_IDLE_ASM_9__ASM:1+WJ-WK00-0413-MIDDLECASE_80:1,WJ-WK00-0413-MIDDLECASE_80,WJ-WK00-0413-MIDDLECASE_80,True,-1.000000,-0.000000,0.000000,-0.015000,-0.000000,0.965926,-0.258819,-31.346156,0.000000,-0.258819,-0.965926,-18.250539,0.000000,0.000000,0.000000,1.000000
dovetail_umi_gripper:1+FEETECH_HL_3915_Servo_Motor:1+HL-3608_ASM_121_ASM:1+DC15_A01_DUMMY_ASSY_IDLE_ASM_9__ASM:1+WJ-WK00-0412-TOPCABINET_74:1,WJ-WK00-0412-TOPCABINET_74,WJ-WK00-0412-TOPCABINET_74,True,-1.000000,-0.000000,0.000000,-0.015000,-0.000000,0.965926,-0.258819,-31.346156,0.000000,-0.258819,-0.965926,-18.250539,0.000000,0.000000,0.000000,1.000000
dovetail_umi_gripper:1+FEETECH_HL_3915_Servo_Motor:1+HL-3608_ASM_121_ASM:1+DC15_A01_DUMMY_ASSY_IDLE_ASM_9__ASM:1+WJ-WK00-414-BOTTOMCASE_48:1,WJ-WK00-414-BOTTOMCASE_48,WJ-WK00-414-BOTTOMCASE_48,True,-1.000000,-0.000000,0.000000,-0.015000,-0.000000,0.965926,-0.258819,-30.841459,0.000000,-0.258819,-0.965926,-16.366984,0.000000,0.000000,0.000000,1.000000
dovetail_umi_gripper:1+FEETECH_HL_3915_Servo_Motor:1+HL-3608_ASM_121_ASM:1+DC15_A01_DUMMY_ASSY_IDLE_ASM_9__ASM:1+PHS_1_7X20_5_DC10_3_3:1,PHS_1_7X20_5_DC10_3_3,PHS_1_7X20_5_DC10_3_3,True,1.000000,0.000000,-0.000000,-0.855000,0.000000,-0.258819,0.965926,-30.963253,-0.000000,-0.965926,-0.258819,-18.560193,0.000000,0.000000,0.000000,1.000000
dovetail_umi_gripper:1+FEETECH_HL_3915_Servo_Motor:1+HL-3608_ASM_121_ASM:1+DC15_A01_DUMMY_ASSY_IDLE_ASM_9__ASM:1+PHS_1_7X20_5_DC10_3_3:2,PHS_1_7X20_5_DC10_3_3,PHS_1_7X20_5_DC10_3_3,True,1.000000,0.000000,-0.000000,0.825000,0.000000,-0.258819,0.965926,-30.963253,-0.000000,-0.965926,-0.258819,-18.560193,0.000000,0.000000,0.000000,1.000000
dovetail_umi_gripper:1+FEETECH_HL_3915_Servo_Motor:1+HL-3608_ASM_121_ASM:1+DC15_A01_DUMMY_ASSY_IDLE_ASM_9__ASM:1+PHS_1_7X20_5_DC10_3_3:3,PHS_1_7X20_5_DC10_3_3,PHS_1_7X20_5_DC10_3_3,True,1.000000,0.000000,-0.000000,-0.505000,0.000000,-0.258819,0.965926,-33.609890,-0.000000,-0.965926,-0.258819,-17.851029,0.000000,0.000000,0.000000,1.000000
dovetail_umi_gripper:1+FEETECH_HL_3915_Servo_Motor:1+HL-3608_ASM_121_ASM:1+DC15_A01_DUMMY_ASSY_IDLE_ASM_9__ASM:1+PHS_1_7X20_5_DC10_3_3:4,PHS_1_7X20_5_DC10_3_3,PHS_1_7X20_5_DC10_3_3,True,1.000000,0.000000,-0.000000,0.825000,0.000000,-0.258819,0.965926,-33.271816,-0.000000,-0.965926,-0.258819,-17.941615,0.000000,0.000000,0.000000,1.000000
dovetail_umi_gripper:1+FEETECH_HL_3915_Servo_Motor:1+HL-3608_ASM_121_ASM:1+OUTGEAR_ASM_11_ASM:1+OUTPUTGEAR_40:1,OUTPUTGEAR_40,OUTPUTGEAR_40,True,1.000000,-0.000000,-0.000000,-0.015000,0.000000,0.965926,0.258819,-31.190865,-0.000000,-0.258819,0.965926,-17.670983,0.000000,0.000000,0.000000,1.000000
dovetail_umi_gripper:1+FEETECH_HL_3915_Servo_Motor:1+HL-3608_ASM_121_ASM:1+1215BLUSHMOTORASSEMBLY_ASM_18_ASM:1+125-3PINSEAT_1_ASM:1+MANIFOLD_SOLID_BREP_102855:1,MANIFOLD_SOLID_BREP_102855,MANIFOLD_SOLID_BREP_102855,True,-0.000000,1.000000,-0.000000,0.357459,0.258819,0.000000,0.965926,-31.849793,0.965926,-0.000000,-0.258819,-16.661027,0.000000,0.000000,0.000000,1.000000
dovetail_umi_gripper:1+FEETECH_HL_3915_Servo_Motor:1+HL-3608_ASM_121_ASM:1+1215BLUSHMOTORASSEMBLY_ASM_18_ASM:1+125-3PINSEAT_1_ASM:1+MANIFOLD_SOLID_BREP_102995:1,MANIFOLD_SOLID_BREP_102995,MANIFOLD_SOLID_BREP_102995,True,-0.000000,1.000000,-0.000000,0.357459,0.258819,0.000000,0.965926,-31.849793,0.965926,-0.000000,-0.258819,-16.661027,0.000000,0.000000,0.000000,1.000000
dovetail_umi_gripper:1+FEETECH_HL_3915_Servo_Motor:1+HL-3608_ASM_121_ASM:1+1215BLUSHMOTORASSEMBLY_ASM_18_ASM:1+125-3PINSEAT_1_ASM:1+MANIFOLD_SOLID_BREP_103135:1,MANIFOLD_SOLID_BREP_103135,MANIFOLD_SOLID_BREP_103135,True,-0.000000,1.000000,-0.000000,0.357459,0.258819,0.000000,0.965926,-31.849793,0.965926,-0.000000,-0.258819,-16.661027,0.000000,0.000000,0.000000,1.000000
dovetail_umi_gripper:1+FEETECH_HL_3915_Servo_Motor:1+HL-3608_ASM_121_ASM:1+1215BLUSHMOTORASSEMBLY_ASM_18_ASM:1+125-3PINSEAT_1_ASM:1+MANIFOLD_SOLID_BREP_103275:1,MANIFOLD_SOLID_BREP_103275,MANIFOLD_SOLID_BREP_103275,True,-0.000000,1.000000,-0.000000,0.357459,0.258819,0.000000,0.965926,-31.849793,0.965926,-0.000000,-0.258819,-16.661027,0.000000,0.000000,0.000000,1.000000
dovetail_umi_gripper:1+FEETECH_HL_3915_Servo_Motor:1+HL-3608_ASM_121_ASM:1+1215BLUSHMOTORASSEMBLY_ASM_18_ASM:1+125-3PINSEAT_1_ASM:2+MANIFOLD_SOLID_BREP_102855:1,MANIFOLD_SOLID_BREP_102855,MANIFOLD_SOLID_BREP_102855,True,-0.000000,-1.000000,0.000000,-0.387441,0.258819,-0.000000,-0.965926,-31.849793,0.965926,0.000000,0.258819,-16.661027,0.000000,0.000000,0.000000,1.000000
dovetail_umi_gripper:1+FEETECH_HL_3915_Servo_Motor:1+HL-3608_ASM_121_ASM:1+1215BLUSHMOTORASSEMBLY_ASM_18_ASM:1+125-3PINSEAT_1_ASM:2+MANIFOLD_SOLID_BREP_102995:1,MANIFOLD_SOLID_BREP_102995,MANIFOLD_SOLID_BREP_102995,True,-0.000000,-1.000000,0.000000,-0.387441,0.258819,-0.000000,-0.965926,-31.849793,0.965926,0.000000,0.258819,-16.661027,0.000000,0.000000,0.000000,1.000000
dovetail_umi_gripper:1+FEETECH_HL_3915_Servo_Motor:1+HL-3608_ASM_121_ASM:1+1215BLUSHMOTORASSEMBLY_ASM_18_ASM:1+125-3PINSEAT_1_ASM:2+MANIFOLD_SOLID_BREP_103135:1,MANIFOLD_SOLID_BREP_103135,MANIFOLD_SOLID_BREP_103135,True,-0.000000,-1.000000,0.000000,-0.387441,0.258819,-0.000000,-0.965926,-31.849793,0.965926,0.000000,0.258819,-16.661027,0.000000,0.000000,0.000000,1.000000
dovetail_umi_gripper:1+FEETECH_HL_3915_Servo_Motor:1+HL-3608_ASM_121_ASM:1+1215BLUSHMOTORASSEMBLY_ASM_18_ASM:1+125-3PINSEAT_1_ASM:2+MANIFOLD_SOLID_BREP_103275:1,MANIFOLD_SOLID_BREP_103275,MANIFOLD_SOLID_BREP_103275,True,-0.000000,-1.000000,0.000000,-0.387441,0.258819,-0.000000,-0.965926,-31.849793,0.965926,0.000000,0.258819,-16.661027,0.000000,0.000000,0.000000,1.000000
dovetail_umi_gripper:1+FEETECH_HL_3915_Servo_Motor:1+HL-3608_ASM_121_ASM:1+PCBA_1:1,PCBA_1,PCBA_1,True,0.000000,-1.000000,0.000000,-0.015000,-0.965926,-0.000000,-0.258819,-31.040750,0.258819,0.000000,-0.965926,-17.110746,0.000000,0.000000,0.000000,1.000000
dovetail_umi_gripper:1+FEETECH_HL_3915_Servo_Motor:1+HL-3608_ASM_121_ASM:1+WJ-BB00-0235_HORN_22:1,WJ-BB00-0235_HORN_22,WJ-BB00-0235_HORN_22,True,0.969244,0.000000,0.246100,-0.015000,-0.237715,-0.258819,0.936218,-31.439331,0.063695,-0.965926,-0.250859,-18.598272,0.000000,0.000000,0.000000,1.000000
dovetail_umi_gripper:1+FEETECH_HL_3915_Servo_Motor:1+HL-3608_ASM_121_ASM:1+M2-10-6_2:1,M2-10-6_2,M2-10-6_2,True,-1.000000,-0.000000,-0.000000,-0.665000,-0.000000,0.258819,0.965926,-31.040750,0.000000,0.965926,-0.258819,-17.110746,0.000000,0.000000,0.000000,1.000000
dovetail_umi_gripper:1+FEETECH_HL_3915_Servo_Motor:1+HL-3608_ASM_121_ASM:1+M2-4LOUSI_1:1,M2-4LOUSI_1,M2-4LOUSI_1,True,-1.000000,-0.000000,-0.000000,-0.665000,-0.000000,0.258819,0.965926,-30.913928,0.000000,0.965926,-0.258819,-16.637443,0.000000,0.000000,0.000000,1.000000
dovetail_umi_gripper:1+FEETECH_HL_3915_Servo_Motor:1+HL-3608_ASM_121_ASM:1+M2-10-6_2:2,M2-10-6_2,M2-10-6_2,True,-1.000000,-0.000000,-0.000000,0.635000,-0.000000,0.258819,0.965926,-31.040750,0.000000,0.965926,-0.258819,-17.110746,0.000000,0.000000,0.000000,1.000000
dovetail_umi_gripper:1+FEETECH_HL_3915_Servo_Motor:1+HL-3608_ASM_121_ASM:1+M2-4LOUSI_1:2,M2-4LOUSI_1,M2-4LOUSI_1,True,-1.000000,-0.000000,-0.000000,0.635000,-0.000000,0.258819,0.965926,-30.913928,0.000000,0.965926,-0.258819,-16.637443,0.000000,0.000000,0.000000,1.000000
dovetail_umi_gripper:1+FEETECH_HL_3915_Servo_Motor:1+HL-3608_ASM_121_ASM:1+MF85ZZ_1:1,MF85ZZ_1,MF85ZZ_1,True,-1.000000,-0.000000,-0.000000,-0.015000,-0.000000,0.258819,0.965926,-30.825930,0.000000,0.965926,-0.258819,-16.309028,0.000000,0.000000,0.000000,1.000000
dovetail_umi_gripper:1+double_helix_pinion_16teeth_6mm:1+Component9:1,Component9,Component9,True,0.969244,-0.246100,0.000000,-0.015000,-0.237715,-0.936218,-0.258819,-31.537682,0.063695,0.250859,-0.965926,-18.965324,0.000000,0.000000,0.000000,1.000000
dovetail_umi_gripper:1+rail:1,rail,rail,True,0.000000,-0.000000,1.000000,0.985000,-0.258819,0.965926,0.000000,-31.199177,-0.965926,-0.258819,-0.000000,-16.542893,0.000000,0.000000,0.000000,1.000000
dovetail_umi_gripper:1+custom_umi_gripper v6:1,custom_umi_gripper v6,custom_umi_gripper,True,-0.000000,-0.000000,1.000000,-1.714936,0.965926,0.258819,0.000000,-41.114193,-0.258819,0.965926,-0.000000,-30.168324,0.000000,0.000000,0.000000,1.000000
dovetail_umi_gripper:1+apriltag:1,apriltag,apriltag,True,0.000000,0.000000,-1.000000,-0.714871,-0.258819,-0.965926,-0.000000,-42.153491,-0.965926,0.258819,0.000000,-3.301077,0.000000,0.000000,0.000000,1.000000
dovetail_umi_gripper:1+custom_umi_gripper v6:3,custom_umi_gripper v6,custom_umi_gripper,True,0.000000,-0.000000,-1.000000,1.684936,-0.965926,0.258819,-0.000000,-28.947791,0.258819,0.965926,0.000000,-33.417948,0.000000,0.000000,0.000000,1.000000
dovetail_umi_gripper:1+rail:5,rail,rail,True,0.000000,0.000000,-1.000000,-1.015000,-0.258819,-0.965926,-0.000000,-30.719492,-0.965926,0.258819,0.000000,-16.671424,0.000000,0.000000,0.000000,1.000000
dovetail_umi_gripper:1+wareshare_st_servo_controller v7:1+Board:1,Board,Board,True,-0.000000,0.000000,1.000000,-0.565000,0.258819,-0.965926,0.000000,-26.590374,0.965926,0.258819,-0.000000,-19.820233,0.000000,0.000000,0.000000,1.000000
dovetail_umi_gripper:1+wareshare_st_servo_controller v7:1+C1:1+User_Library-0603_SMD_Capacitor:1,User_Library-0603_SMD_Capacitor,User_Library-0603_SMD_Capacitor,True,-0.000000,1.000000,-0.000000,-0.405000,0.965926,-0.000000,-0.258819,-27.112354,-0.258819,-0.000000,-0.965926,-17.035240,0.000000,0.000000,0.000000,1.000000
dovetail_umi_gripper:1+wareshare_st_servo_controller v7:1+C2:1+User_Library-0603_SMD_Capacitor:2,User_Library-0603_SMD_Capacitor,User_Library-0603_SMD_Capacitor,True,0.000000,1.000000,-0.000000,-0.405000,-0.258819,-0.000000,-0.965926,-27.591337,-0.965926,0.000000,0.258819,-16.813718,0.000000,0.000000,0.000000,1.000000
dovetail_umi_gripper:1+wareshare_st_servo_controller v7:1+C3:1+User_Library-0603_SMD_Capacitor:3,User_Library-0603_SMD_Capacitor,User_Library-0603_SMD_Capacitor,True,0.000000,1.000000,-0.000000,-0.405000,-0.258819,-0.000000,-0.965926,-28.021638,-0.965926,0.000000,0.258819,-17.532895,0.000000,0.000000,0.000000,1.000000
dovetail_umi_gripper:1+wareshare_st_servo_controller v7:1+C4:1+User_Library-0603_SMD_Capacitor:4,User_Library-0603_SMD_Capacitor,User_Library-0603_SMD_Capacitor,True,0.000000,1.000000,-0.000000,-0.405000,-0.965926,0.000000,0.258819,-28.380761,0.258819,0.000000,0.965926,-17.540201,0.000000,0.000000,0.000000,1.000000
dovetail_umi_gripper:1+wareshare_st_servo_controller v7:1+C5:1+User_Library-0603_SMD_Capacitor:5,User_Library-0603_SMD_Capacitor,User_Library-0603_SMD_Capacitor,True,-0.000000,1.000000,-0.000000,-0.405000,0.965926,-0.000000,-0.258819,-26.948004,-0.258819,-0.000000,-0.965926,-16.421878,0.000000,0.000000,0.000000,1.000000
dovetail_umi_gripper:1+wareshare_st_servo_controller v7:1+C7:1+C_0603:1+C_0603-7177_AF0_ASM:1+C_0603-683_AF0_ASM:1+2_1_200:1,2_1_200,2_1_200,True,0.000000,0.000000,1.000000,-0.402460,-0.965926,-0.258819,0.000000,-26.794827,0.258819,-0.965926,-0.000000,-15.850197,0.000000,0.000000,0.000000,1.000000
dovetail_umi_gripper:1+wareshare_st_servo_controller v7:1+C7:1+C_0603:1+C_0603-7177_AF0_ASM:1+C_0603-683_AF0_ASM:1+_1_1_20001:1,_1_1_20001,1_1_20001,True,0.000000,0.000000,1.000000,-0.402460,-0.965926,-0.258819,0.000000,-26.794827,0.258819,-0.965926,-0.000000,-15.850197,0.000000,0.000000,0.000000,1.000000
dovetail_umi_gripper:1+wareshare_st_servo_controller v7:1+C7:1+C_0603:1+C_0603-7177_AF0_ASM:1+C_0603-683_AF0_ASM:1+3_1_2_A:1,3_1_2_A,3_1_2_A,True,0.000000,0.000000,1.000000,-0.402460,-0.965926,-0.258819,0.000000,-26.794827,0.258819,-0.965926,-0.000000,-15.850197,0.000000,0.000000,0.000000,1.000000
dovetail_umi_gripper:1+wareshare_st_servo_controller v7:1+C6:1+User_Library-0603_SMD_Capacitor:6,User_Library-0603_SMD_Capacitor,User_Library-0603_SMD_Capacitor,True,0.000000,1.000000,-0.000000,-0.405000,-0.258819,-0.000000,-0.965926,-26.713013,-0.965926,0.000000,0.258819,-16.800598,0.000000,0.000000,0.000000,1.000000
dovetail_umi_gripper:1+wareshare_st_servo_controller v7:1+D2:1+SOD323:1,SOD323,SOD323,True,-0.000000,-0.000000,1.000000,-0.405000,0.965926,0.258819,0.000000,-28.495804,-0.258819,0.965926,-0.000000,-17.948287,0.000000,0.000000,0.000000,1.000000
dovetail_umi_gripper:1+wareshare_st_servo_controller v7:1+DC1:1+dc-005-5a-20:1,dc-005-5a-20,dc-005-5a-20,True,-0.000000,1.000000,-0.000000,0.145000,0.258819,0.000000,0.965926,-26.290207,0.965926,-0.000000,-0.258819,-18.895516,0.000000,0.000000,0.000000,1.000000
"dovetail_umi_gripper:1+wareshare_st_servo_controller v7:1+H1:1+User_Library-DG350-3,5-02P:1","User_Library-DG350-3,5-02P",User_Library-DG350-3_5-02P,True,-0.000000,0.000000,1.000000,-0.405000,0.258819,-0.965926,0.000000,-26.325979,0.965926,0.258819,-0.000000,-17.732850,0.000000,0.000000,0.000000,1.000000
dovetail_umi_gripper:1+wareshare_st_servo_controller v7:1+H3:1+X2564WV-03-N0SN:1,X2564WV-03-N0SN,X2564WV-03-N0SN,True,-0.000000,1.000000,-0.000000,-0.405000,0.258819,0.000000,0.965926,-28.992123,0.965926,-0.000000,-0.258819,-16.850617,0.000000,0.000000,0.000000,1.000000
dovetail_umi_gripper:1+wareshare_st_servo_controller v7:1+H5:1+X2564WV-03-N0SN:2,X2564WV-03-N0SN,X2564WV-03-N0SN,True,-0.000000,1.000000,-0.000000,-0.405000,0.258819,0.000000,0.965926,-29.300997,0.965926,-0.000000,-0.258819,-18.003352,0.000000,0.000000,0.000000,1.000000
dovetail_umi_gripper:1+wareshare_st_servo_controller v7:1+R2:1+R0603:1+R_0603-3615_AF0_ASM:1+R_0603-3601_AF0_ASM:1+_2_1_2_3_4_AF0:1,_2_1_2_3_4_AF0,2_1_2_3_4_AF0,True,-0.000000,-0.000000,1.000000,-0.405000,0.965926,0.258819,0.000000,-26.846608,-0.258819,0.965926,-0.000000,-16.043547,0.000000,0.000000,0.000000,1.000000
dovetail_umi_gripper:1+wareshare_st_servo_controller v7:1+R2:1+R0603:1+R_0603-3615_AF0_ASM:1+R_0603-3601_AF0_ASM:1+_7_1_2_AF0:1,_7_1_2_AF0,7_1_2_AF0,True,-0.000000,-0.000000,1.000000,-0.405000,0.965926,0.258819,0.000000,-26.846608,-0.258819,0.965926,-0.000000,-16.043547,0.000000,0.000000,0.000000,1.000000
dovetail_umi_gripper:1+wareshare_st_servo_controller v7:1+R2:1+R0603:1+R_0603-3615_AF0_ASM:1+R_0603-3601_AF0_ASM:1+5_1_2_3_400:1,5_1_2_3_400,5_1_2_3_400,True,-0.000000,-0.000000,1.000000,-0.405000,0.965926,0.258819,0.000000,-26.846608,-0.258819,0.965926,-0.000000,-16.043547,0.000000,0.000000,0.000000,1.000000
dovetail_umi_gripper:1+wareshare_st_servo_controller v7:1+R3:1+R0603:2+R_0603-3615_AF0_ASM:1+R_0603-3601_AF0_ASM:1+_2_1_2_3_4_AF0:1,_2_1_2_3_4_AF0,2_1_2_3_4_AF0,True,-0.000000,-0.000000,1.000000,-0.405000,0.965926,0.258819,0.000000,-26.898804,-0.258819,0.965926,-0.000000,-16.238343,0.000000,0.000000,0.000000,1.000000
dovetail_umi_gripper:1+wareshare_st_servo_controller v7:1+R3:1+R0603:2+R_0603-3615_AF0_ASM:1+R_0603-3601_AF0_ASM:1+_7_1_2_AF0:1,_7_1_2_AF0,7_1_2_AF0,True,-0.000000,-0.000000,1.000000,-0.405000,0.965926,0.258819,0.000000,-26.898804,-0.258819,0.965926,-0.000000,-16.238343,0.000000,0.000000,0.000000,1.000000
dovetail_umi_gripper:1+wareshare_st_servo_controller v7:1+R3:1+R0603:2+R_0603-3615_AF0_ASM:1+R_0603-3601_AF0_ASM:1+5_1_2_3_400:1,5_1_2_3_400,5_1_2_3_400,True,-0.000000,-0.000000,1.000000,-0.405000,0.965926,0.258819,0.000000,-26.898804,-0.258819,0.965926,-0.000000,-16.238343,0.000000,0.000000,0.000000,1.000000
dovetail_umi_gripper:1+wareshare_st_servo_controller v7:1+Type_C1:1+698b116-264-211:1+SOLID:1,SOLID,SOLID,True,-0.000000,1.000000,-0.000000,-1.554999,0.258819,0.000000,0.965926,-25.678111,0.965926,-0.000000,-0.258819,-18.400690,0.000000,0.000000,0.000000,1.000000
dovetail_umi_gripper:1+wareshare_st_servo_controller v7:1+Type_C1:1+698b116-264-211:1+SOLID (1):1,SOLID (1),SOLID_1,True,-0.000000,1.000000,-0.000000,-1.554999,0.258819,0.000000,0.965926,-25.678111,0.965926,-0.000000,-0.258819,-18.400690,0.000000,0.000000,0.000000,1.000000
dovetail_umi_gripper:1+wareshare_st_servo_controller v7:1+Type_C1:1+698b116-264-211:1+SOLID (2):1,SOLID (2),SOLID_2,True,-0.000000,1.000000,-0.000000,-1.554999,0.258819,0.000000,0.965926,-25.678111,0.965926,-0.000000,-0.258819,-18.400690,0.000000,0.000000,0.000000,1.000000
dovetail_umi_gripper:1+wareshare_st_servo_controller v7:1+Type_C1:1+698b116-264-211:1+SOLID (3):1,SOLID (3),SOLID_3,True,-0.000000,1.000000,-0.000000,-1.554999,0.258819,0.000000,0.965926,-25.678111,0.965926,-0.000000,-0.258819,-18.400690,0.000000,0.000000,0.000000,1.000000
dovetail_umi_gripper:1+wareshare_st_servo_controller v7:1+Type_C1:1+698b116-264-211:1+SOLID (4):1,SOLID (4),SOLID_4,True,-0.000000,1.000000,-0.000000,-1.554999,0.258819,0.000000,0.965926,-25.678111,0.965926,-0.000000,-0.258819,-18.400690,0.000000,0.000000,0.000000,1.000000
dovetail_umi_gripper:1+wareshare_st_servo_controller v7:1+Type_C1:1+698b116-264-211:1+SOLID (5):1,SOLID (5),SOLID_5,True,-0.000000,1.000000,-0.000000,-1.554999,0.258819,0.000000,0.965926,-25.678111,0.965926,-0.000000,-0.258819,-18.400690,0.000000,0.000000,0.000000,1.000000
dovetail_umi_gripper:1+wareshare_st_servo_controller v7:1+Type_C1:1+698b116-264-211:1+SOLID (6):1,SOLID (6),SOLID_6,True,-0.000000,1.000000,-0.000000,-1.554999,0.258819,0.000000,0.965926,-25.678111,0.965926,-0.000000,-0.258819,-18.400690,0.000000,0.000000,0.000000,1.000000
dovetail_umi_gripper:1+wareshare_st_servo_controller v7:1+Type_C1:1+698b116-264-211:1+SOLID (7):1,SOLID (7),SOLID_7,True,-0.000000,1.000000,-0.000000,-1.554999,0.258819,0.000000,0.965926,-25.678111,0.965926,-0.000000,-0.258819,-18.400690,0.000000,0.000000,0.000000,1.000000
dovetail_umi_gripper:1+wareshare_st_servo_controller v7:1+Type_C1:1+698b116-264-211:1+SOLID (8):1,SOLID (8),SOLID_8,True,-0.000000,1.000000,-0.000000,-1.554999,0.258819,0.000000,0.965926,-25.678111,0.965926,-0.000000,-0.258819,-18.400690,0.000000,0.000000,0.000000,1.000000
dovetail_umi_gripper:1+wareshare_st_servo_controller v7:1+Type_C1:1+698b116-264-211:1+SOLID (9):1,SOLID (9),SOLID_9,True,-0.000000,1.000000,-0.000000,-1.554999,0.258819,0.000000,0.965926,-25.678111,0.965926,-0.000000,-0.258819,-18.400690,0.000000,0.000000,0.000000,1.000000
dovetail_umi_gripper:1+wareshare_st_servo_controller v7:1+Type_C1:1+698b116-264-211:1+SOLID (10):1,SOLID (10),SOLID_10,True,-0.000000,1.000000,-0.000000,-1.554999,0.258819,0.000000,0.965926,-25.678111,0.965926,-0.000000,-0.258819,-18.400690,0.000000,0.000000,0.000000,1.000000
dovetail_umi_gripper:1+wareshare_st_servo_controller v7:1+Type_C1:1+698b116-264-211:1+SOLID (11):1,SOLID (11),SOLID_11,True,-0.000000,1.000000,-0.000000,-1.554999,0.258819,0.000000,0.965926,-25.678111,0.965926,-0.000000,-0.258819,-18.400690,0.000000,0.000000,0.000000,1.000000
dovetail_umi_gripper:1+wareshare_st_servo_controller v7:1+Type_C1:1+698b116-264-211:1+SOLID (12):1,SOLID (12),SOLID_12,True,-0.000000,1.000000,-0.000000,-1.554999,0.258819,0.000000,0.965926,-25.678111,0.965926,-0.000000,-0.258819,-18.400690,0.000000,0.000000,0.000000,1.000000
dovetail_umi_gripper:1+wareshare_st_servo_controller v7:1+Type_C1:1+698b116-264-211:1+SOLID (13):1,SOLID (13),SOLID_13,True,-0.000000,1.000000,-0.000000,-1.554999,0.258819,0.000000,0.965926,-25.678111,0.965926,-0.000000,-0.258819,-18.400690,0.000000,0.000000,0.000000,1.000000
dovetail_umi_gripper:1+wareshare_st_servo_controller v7:1+Type_C1:1+698b116-264-211:1+SOLID (14):1,SOLID (14),SOLID_14,True,-0.000000,1.000000,-0.000000,-1.554999,0.258819,0.000000,0.965926,-25.678111,0.965926,-0.000000,-0.258819,-18.400690,0.000000,0.000000,0.000000,1.000000
dovetail_umi_gripper:1+wareshare_st_servo_controller v7:1+Type_C1:1+698b116-264-211:1+SOLID (15):1,SOLID (15),SOLID_15,True,-0.000000,1.000000,-0.000000,-1.554999,0.258819,0.000000,0.965926,-25.678111,0.965926,-0.000000,-0.258819,-18.400690,0.000000,0.000000,0.000000,1.000000
dovetail_umi_gripper:1+wareshare_st_servo_controller v7:1+Type_C1:1+698b116-264-211:1+SOLID (16):1,SOLID (16),SOLID_16,True,-0.000000,1.000000,-0.000000,-1.554999,0.258819,0.000000,0.965926,-25.678111,0.965926,-0.000000,-0.258819,-18.400690,0.000000,0.000000,0.000000,1.000000
dovetail_umi_gripper:1+wareshare_st_servo_controller v7:1+Type_C1:1+698b116-264-211:1+SOLID (17):1,SOLID (17),SOLID_17,True,-0.000000,1.000000,-0.000000,-1.554999,0.258819,0.000000,0.965926,-25.678111,0.965926,-0.000000,-0.258819,-18.400690,0.000000,0.000000,0.000000,1.000000
dovetail_umi_gripper:1+wareshare_st_servo_controller v7:1+Type_C1:1+698b116-264-211:1+SOLID (18):1,SOLID (18),SOLID_18,True,-0.000000,1.000000,-0.000000,-1.554999,0.258819,0.000000,0.965926,-25.678111,0.965926,-0.000000,-0.258819,-18.400690,0.000000,0.000000,0.000000,1.000000
dovetail_umi_gripper:1+wareshare_st_servo_controller v7:1+Type_C1:1+698b116-264-211:1+SOLID (19):1,SOLID (19),SOLID_19,True,-0.000000,1.000000,-0.000000,-1.554999,0.258819,0.000000,0.965926,-25.678111,0.965926,-0.000000,-0.258819,-18.400690,0.000000,0.000000,0.000000,1.000000
dovetail_umi_gripper:1+wareshare_st_servo_controller v7:1+Type_C1:1+698b116-264-211:1+SOLID (20):1,SOLID (20),SOLID_20,True,-0.000000,1.000000,-0.000000,-1.554999,0.258819,0.000000,0.965926,-25.678111,0.965926,-0.000000,-0.258819,-18.400690,0.000000,0.000000,0.000000,1.000000
dovetail_umi_gripper:1+wareshare_st_servo_controller v7:1+Type_C1:1+698b116-264-211:1+SOLID (21):1,SOLID (21),SOLID_21,True,-0.000000,1.000000,-0.000000,-1.554999,0.258819,0.000000,0.965926,-25.678111,0.965926,-0.000000,-0.258819,-18.400690,0.000000,0.000000,0.000000,1.000000
dovetail_umi_gripper:1+wareshare_st_servo_controller v7:1+U1:1+User_Library-QFN-16:1,User_Library-QFN-16,User_Library-QFN-16,True,0.000000,0.000000,1.000000,-0.405000,-0.965926,-0.258819,0.000000,-27.029690,0.258819,-0.965926,-0.000000,-16.724849,0.000000,0.000000,0.000000,1.000000
dovetail_umi_gripper:1+wareshare_st_servo_controller v7:1+U2:1+TO-223:1+User_Library-TO-223_1_1:1,User_Library-TO-223_1_1,User_Library-TO-223_1_1,True,-0.000000,1.000000,-0.000000,-0.325000,0.965926,-0.000000,-0.258819,-28.083649,-0.258819,-0.000000,-0.965926,-16.884241,0.000000,0.000000,0.000000,1.000000
dovetail_umi_gripper:1+wareshare_st_servo_controller v7:1+U2:1+TO-223:1+User_Library-TO-223_2_1:1,User_Library-TO-223_2_1,User_Library-TO-223_2_1,True,-0.000000,1.000000,-0.000000,-0.325000,0.965926,-0.000000,-0.258819,-28.083649,-0.258819,-0.000000,-0.965926,-16.884241,0.000000,0.000000,0.000000,1.000000
dovetail_umi_gripper:1+wareshare_st_servo_controller v7:1+U2:1+TO-223:1+User_Library-TO-223_3_1:1,User_Library-TO-223_3_1,User_Library-TO-223_3_1,True,-0.000000,1.000000,-0.000000,-0.325000,0.965926,-0.000000,-0.258819,-28.083649,-0.258819,-0.000000,-0.965926,-16.884241,0.000000,0.000000,0.000000,1.000000
dovetail_umi_gripper:1+wareshare_st_servo_controller v7:1+U2:1+TO-223:1+User_Library-TO-223_4_1:1,User_Library-TO-223_4_1,User_Library-TO-223_4_1,True,-0.000000,1.000000,-0.000000,-0.325000,0.965926,-0.000000,-0.258819,-28.083649,-0.258819,-0.000000,-0.965926,-16.884241,0.000000,0.000000,0.000000,1.000000
dovetail_umi_gripper:1+wareshare_st_servo_controller v7:1+U2:1+TO-223:1+User_Library-TO-223_5_1:1,User_Library-TO-223_5_1,User_Library-TO-223_5_1,True,-0.000000,1.000000,-0.000000,-0.325000,0.965926,-0.000000,-0.258819,-28.083649,-0.258819,-0.000000,-0.965926,-16.884241,0.000000,0.000000,0.000000,1.000000
dovetail_umi_gripper:1+wareshare_st_servo_controller v7:1+C8:1+User_Library-0603_SMD_Capacitor:7,User_Library-0603_SMD_Capacitor,User_Library-0603_SMD_Capacitor,True,-0.000000,1.000000,-0.000000,-0.405000,0.965926,-0.000000,-0.258819,-28.332887,-0.258819,-0.000000,-0.965926,-17.361502,0.000000,0.000000,0.000000,1.000000
dovetail_umi_gripper:1+wareshare_st_servo_controller v7:1+C9:1+C_0603:2+C_0603-7177_AF0_ASM:1+C_0603-683_AF0_ASM:1+2_1_200:1,2_1_200,2_1_200,True,-0.000000,-0.000000,1.000000,-0.402460,0.965926,0.258819,0.000000,-28.442389,-0.258819,0.965926,-0.000000,-17.729655,0.000000,0.000000,0.000000,1.000000
dovetail_umi_gripper:1+wareshare_st_servo_controller v7:1+C9:1+C_0603:2+C_0603-7177_AF0_ASM:1+C_0603-683_AF0_ASM:1+_1_1_20001:1,_1_1_20001,1_1_20001,True,-0.000000,-0.000000,1.000000,-0.402460,0.965926,0.258819,0.000000,-28.442389,-0.258819,0.965926,-0.000000,-17.729655,0.000000,0.000000,0.000000,1.000000
dovetail_umi_gripper:1+wareshare_st_servo_controller v7:1+C9:1+C_0603:2+C_0603-7177_AF0_ASM:1+C_0603-683_AF0_ASM:1+3_1_2_A:1,3_1_2_A,3_1_2_A,True,-0.000000,-0.000000,1.000000,-0.402460,0.965926,0.258819,0.000000,-28.442389,-0.258819,0.965926,-0.000000,-17.729655,0.000000,0.000000,0.000000,1.000000
dovetail_umi_gripper:1+wareshare_st_servo_controller v7:1+C10:1+C_0603:3+C_0603-7177_AF0_ASM:1+C_0603-683_AF0_ASM:1+2_1_200:1,2_1_200,2_1_200,True,0.000000,0.000000,1.000000,-0.402460,-0.965926,-0.258819,0.000000,-28.194883,0.258819,-0.965926,-0.000000,-18.422853,0.000000,0.000000,0.000000,1.000000
dovetail_umi_gripper:1+wareshare_st_servo_controller v7:1+C10:1+C_0603:3+C_0603-7177_AF0_ASM:1+C_0603-683_AF0_ASM:1+_1_1_20001:1,_1_1_20001,1_1_20001,True,0.000000,0.000000,1.000000,-0.402460,-0.965926,-0.258819,0.000000,-28.194883,0.258819,-0.965926,-0.000000,-18.422853,0.000000,0.000000,0.000000,1.000000
dovetail_umi_gripper:1+wareshare_st_servo_controller v7:1+C10:1+C_0603:3+C_0603-7177_AF0_ASM:1+C_0603-683_AF0_ASM:1+3_1_2_A:1,3_1_2_A,3_1_2_A,True,0.000000,0.000000,1.000000,-0.402460,-0.965926,-0.258819,0.000000,-28.194883,0.258819,-0.965926,-0.000000,-18.422853,0.000000,0.000000,0.000000,1.000000
dovetail_umi_gripper:1+wareshare_st_servo_controller v7:1+M1:1+User_Library-sop-8:1,User_Library-sop-8,User_Library-sop-8,True,0.000000,-0.000000,1.000000,-0.405000,-0.258819,0.965926,0.000000,-27.219545,-0.965926,-0.258819,-0.000000,-17.475294,0.000000,0.000000,0.000000,1.000000
dovetail_umi_gripper:1+wareshare_st_servo_controller v7:1+Q1:1+SOT-23:1,SOT-23,SOT-23,True,-0.000000,1.000000,-0.000000,-0.405000,0.965926,-0.000000,-0.258819,-28.678814,-0.258819,-0.000000,-0.965926,-18.567511,0.000000,0.000000,0.000000,1.000000
dovetail_umi_gripper:1+wareshare_st_servo_controller v7:1+R4:1+R0603:3+R_0603-3615_AF0_ASM:1+R_0603-3601_AF0_ASM:1+_2_1_2_3_4_AF0:1,_2_1_2_3_4_AF0,2_1_2_3_4_AF0,True,-0.000000,0.000000,1.000000,-0.405000,0.258819,-0.965926,0.000000,-28.655216,0.965926,0.258819,-0.000000,-18.195433,0.000000,0.000000,0.000000,1.000000
dovetail_umi_gripper:1+wareshare_st_servo_controller v7:1+R4:1+R0603:3+R_0603-3615_AF0_ASM:1+R_0603-3601_AF0_ASM:1+_7_1_2_AF0:1,_7_1_2_AF0,7_1_2_AF0,True,-0.000000,0.000000,1.000000,-0.405000,0.258819,-0.965926,0.000000,-28.655216,0.965926,0.258819,-0.000000,-18.195433,0.000000,0.000000,0.000000,1.000000
dovetail_umi_gripper:1+wareshare_st_servo_controller v7:1+R4:1+R0603:3+R_0603-3615_AF0_ASM:1+R_0603-3601_AF0_ASM:1+5_1_2_3_400:1,5_1_2_3_400,5_1_2_3_400,True,-0.000000,0.000000,1.000000,-0.405000,0.258819,-0.965926,0.000000,-28.655216,0.965926,0.258819,-0.000000,-18.195433,0.000000,0.000000,0.000000,1.000000
dovetail_umi_gripper:1+wareshare_st_servo_controller v7:1+R5:1+R0603:4+R_0603-3615_AF0_ASM:1+R_0603-3601_AF0_ASM:1+_2_1_2_3_4_AF0:1,_2_1_2_3_4_AF0,2_1_2_3_4_AF0,True,0.000000,0.000000,1.000000,-0.405000,-0.965926,-0.258819,0.000000,-28.130072,0.258819,-0.965926,-0.000000,-17.813883,0.000000,0.000000,0.000000,1.000000
dovetail_umi_gripper:1+wareshare_st_servo_controller v7:1+R5:1+R0603:4+R_0603-3615_AF0_ASM:1+R_0603-3601_AF0_ASM:1+_7_1_2_AF0:1,_7_1_2_AF0,7_1_2_AF0,True,0.000000,0.000000,1.000000,-0.405000,-0.965926,-0.258819,0.000000,-28.130072,0.258819,-0.965926,-0.000000,-17.813883,0.000000,0.000000,0.000000,1.000000
dovetail_umi_gripper:1+wareshare_st_servo_controller v7:1+R5:1+R0603:4+R_0603-3615_AF0_ASM:1+R_0603-3601_AF0_ASM:1+5_1_2_3_400:1,5_1_2_3_400,5_1_2_3_400,True,0.000000,0.000000,1.000000,-0.405000,-0.965926,-0.258819,0.000000,-28.130072,0.258819,-0.965926,-0.000000,-17.813883,0.000000,0.000000,0.000000,1.000000
dovetail_umi_gripper:1+wareshare_st_servo_controller v7:1+R6:1+R0603:5+R_0603-3615_AF0_ASM:1+R_0603-3601_AF0_ASM:1+_2_1_2_3_4_AF0:1,_2_1_2_3_4_AF0,2_1_2_3_4_AF0,True,-0.000000,0.000000,1.000000,-0.405000,0.258819,-0.965926,0.000000,-28.510327,0.965926,0.258819,-0.000000,-18.234256,0.000000,0.000000,0.000000,1.000000
dovetail_umi_gripper:1+wareshare_st_servo_controller v7:1+R6:1+R0603:5+R_0603-3615_AF0_ASM:1+R_0603-3601_AF0_ASM:1+_7_1_2_AF0:1,_7_1_2_AF0,7_1_2_AF0,True,-0.000000,0.000000,1.000000,-0.405000,0.258819,-0.965926,0.000000,-28.510327,0.965926,0.258819,-0.000000,-18.234256,0.000000,0.000000,0.000000,1.000000
dovetail_umi_gripper:1+wareshare_st_servo_controller v7:1+R6:1+R0603:5+R_0603-3615_AF0_ASM:1+R_0603-3601_AF0_ASM:1+5_1_2_3_400:1,5_1_2_3_400,5_1_2_3_400,True,-0.000000,0.000000,1.000000,-0.405000,0.258819,-0.965926,0.000000,-28.510327,0.965926,0.258819,-0.000000,-18.234256,0.000000,0.000000,0.000000,1.000000
dovetail_umi_gripper:1+wareshare_st_servo_controller v7:1+R7:1+R0603:6+R_0603-3615_AF0_ASM:1+R_0603-3601_AF0_ASM:1+_2_1_2_3_4_AF0:1,_2_1_2_3_4_AF0,2_1_2_3_4_AF0,True,-0.000000,-0.000000,1.000000,-0.405000,0.965926,0.258819,0.000000,-28.760315,-0.258819,0.965926,-0.000000,-18.871783,0.000000,0.000000,0.000000,1.000000
dovetail_umi_gripper:1+wareshare_st_servo_controller v7:1+R7:1+R0603:6+R_0603-3615_AF0_ASM:1+R_0603-3601_AF0_ASM:1+_7_1_2_AF0:1,_7_1_2_AF0,7_1_2_AF0,True,-0.000000,-0.000000,1.000000,-0.405000,0.965926,0.258819,0.000000,-28.760315,-0.258819,0.965926,-0.000000,-18.871783,0.000000,0.000000,0.000000,1.000000
dovetail_umi_gripper:1+wareshare_st_servo_controller v7:1+R7:1+R0603:6+R_0603-3615_AF0_ASM:1+R_0603-3601_AF0_ASM:1+5_1_2_3_400:1,5_1_2_3_400,5_1_2_3_400,True,-0.000000,-0.000000,1.000000,-0.405000,0.965926,0.258819,0.000000,-28.760315,-0.258819,0.965926,-0.000000,-18.871783,0.000000,0.000000,0.000000,1.000000
dovetail_umi_gripper:1+wareshare_st_servo_controller v7:1+R8:1+R0603:7+R_0603-3615_AF0_ASM:1+R_0603-3601_AF0_ASM:1+_2_1_2_3_4_AF0:1,_2_1_2_3_4_AF0,2_1_2_3_4_AF0,True,0.000000,0.000000,1.000000,-0.405000,-0.965926,-0.258819,0.000000,-28.233717,0.258819,-0.965926,-0.000000,-18.567744,0.000000,0.000000,0.000000,1.000000
dovetail_umi_gripper:1+wareshare_st_servo_controller v7:1+R8:1+R0603:7+R_0603-3615_AF0_ASM:1+R_0603-3601_AF0_ASM:1+_7_1_2_AF0:1,_7_1_2_AF0,7_1_2_AF0,True,0.000000,0.000000,1.000000,-0.405000,-0.965926,-0.258819,0.000000,-28.233717,0.258819,-0.965926,-0.000000,-18.567744,0.000000,0.000000,0.000000,1.000000
dovetail_umi_gripper:1+wareshare_st_servo_controller v7:1+R8:1+R0603:7+R_0603-3615_AF0_ASM:1+R_0603-3601_AF0_ASM:1+5_1_2_3_400:1,5_1_2_3_400,5_1_2_3_400,True,0.000000,0.000000,1.000000,-0.405000,-0.965926,-0.258819,0.000000,-28.233717,0.258819,-0.965926,-0.000000,-18.567744,0.000000,0.000000,0.000000,1.000000
dovetail_umi_gripper:1+wareshare_st_servo_controller v7:1+U3:1+1653192640:1+Extruded:1,Extruded,Extruded,True,-0.000000,0.000000,1.000000,-0.405000,0.258819,-0.965926,0.000000,-28.225084,0.965926,0.258819,-0.000000,-18.172786,0.000000,0.000000,0.000000,1.000000
dovetail_umi_gripper:1+wareshare_st_servo_controller v7:1+U3:1+736125216:1+Extruded (1):1,Extruded (1),Extruded_1,True,-0.000000,0.000000,1.000000,-0.400500,0.258819,-0.965926,0.000000,-28.115675,0.965926,0.258819,-0.000000,-18.128316,0.000000,0.000000,0.000000,1.000000
dovetail_umi_gripper:1+wareshare_st_servo_controller v7:1+U3:1+1653192640:2+Extruded:1,Extruded,Extruded,True,-0.000000,0.000000,1.000000,-0.405000,0.258819,-0.965926,0.000000,-28.134306,0.965926,0.258819,-0.000000,-18.197110,0.000000,0.000000,0.000000,1.000000
dovetail_umi_gripper:1+wareshare_st_servo_controller v7:1+U3:1+1653192640:3+Extruded:1,Extruded,Extruded,True,-0.000000,0.000000,1.000000,-0.405000,0.258819,-0.965926,0.000000,-28.043529,0.965926,0.258819,-0.000000,-18.221434,0.000000,0.000000,0.000000,1.000000
dovetail_umi_gripper:1+wareshare_st_servo_controller v7:1+U3:1+1653192640:4+Extruded:1,Extruded,Extruded,True,-0.000000,0.000000,1.000000,-0.405000,0.258819,-0.965926,0.000000,-28.005120,0.965926,0.258819,-0.000000,-18.087903,0.000000,0.000000,0.000000,1.000000
dovetail_umi_gripper:1+wareshare_st_servo_controller v7:1+U3:1+1653192640:5+Extruded:1,Extruded,Extruded,True,-0.000000,0.000000,1.000000,-0.405000,0.258819,-0.965926,0.000000,-28.186675,0.965926,0.258819,-0.000000,-18.039255,0.000000,0.000000,0.000000,1.000000
dovetail_umi_gripper:1+wareshare_st_servo_controller v7:1+U4:1+1653192640:6+Extruded:1,Extruded,Extruded,True,-0.000000,0.000000,1.000000,-0.405000,0.258819,-0.965926,0.000000,-28.420492,0.965926,0.258819,-0.000000,-18.902059,0.000000,0.000000,0.000000,1.000000
dovetail_umi_gripper:1+wareshare_st_servo_controller v7:1+U4:1+1653192640:7+Extruded:1,Extruded,Extruded,True,-0.000000,0.000000,1.000000,-0.405000,0.258819,-0.965926,0.000000,-28.329714,0.965926,0.258819,-0.000000,-18.926383,0.000000,0.000000,0.000000,1.000000
dovetail_umi_gripper:1+wareshare_st_servo_controller v7:1+U4:1+1653192640:8+Extruded:1,Extruded,Extruded,True,-0.000000,0.000000,1.000000,-0.405000,0.258819,-0.965926,0.000000,-28.238937,0.965926,0.258819,-0.000000,-18.950707,0.000000,0.000000,0.000000,1.000000
dovetail_umi_gripper:1+wareshare_st_servo_controller v7:1+U4:1+1653192640:9+Extruded:1,Extruded,Extruded,True,-0.000000,0.000000,1.000000,-0.405000,0.258819,-0.965926,0.000000,-28.200528,0.965926,0.258819,-0.000000,-18.817177,0.000000,0.000000,0.000000,1.000000
dovetail_umi_gripper:1+wareshare_st_servo_controller v7:1+U4:1+1653192640:10+Extruded:1,Extruded,Extruded,True,-0.000000,0.000000,1.000000,-0.405000,0.258819,-0.965926,0.000000,-28.382084,0.965926,0.258819,-0.000000,-18.768529,0.000000,0.000000,0.000000,1.000000
dovetail_umi_gripper:1+wareshare_st_servo_controller v7:1+U4:1+736125216:2+Extruded (1):1,Extruded (1),Extruded_1,True,-0.000000,0.000000,1.000000,-0.400500,0.258819,-0.965926,0.000000,-28.311084,0.965926,0.258819,-0.000000,-18.857590,0.000000,0.000000,0.000000,1.000000
dovetail_umi_gripper:1+wareshare_st_servo_controller v7:1+D1:1+SOD323:2,SOD323,SOD323,True,-0.000000,-0.000000,1.000000,-0.405000,0.965926,0.258819,0.000000,-27.478183,-0.258819,0.965926,-0.000000,-17.801672,0.000000,0.000000,0.000000,1.000000
dovetail_umi_gripper:1+wareshare_st_servo_controller v7:1+H2:1+840721760:1+Extruded (2):1,Extruded (2),Extruded_2,True,-0.000000,0.000000,1.000000,-0.625000,0.258819,-0.965926,0.000000,-28.834630,0.965926,0.258819,-0.000000,-16.054238,0.000000,0.000000,0.000000,1.000000
dovetail_umi_gripper:1+wareshare_st_servo_controller v7:1+H2:1+840721632:1+Extruded (3):1,Extruded (3),Extruded_3,True,-0.000000,0.000000,1.000000,-0.405000,0.258819,-0.965926,0.000000,-28.800495,0.965926,0.258819,-0.000000,-15.930542,0.000000,0.000000,0.000000,1.000000
dovetail_umi_gripper:1+wareshare_st_servo_controller v7:1+H2:1+840721760:2+Extruded (2):1,Extruded (2),Extruded_2,True,-0.000000,0.000000,1.000000,-0.625000,0.258819,-0.965926,0.000000,-28.768890,0.965926,0.258819,-0.000000,-15.808892,0.000000,0.000000,0.000000,1.000000
dovetail_umi_gripper:1+wareshare_st_servo_controller v7:1+H2:1+840721760:3+Extruded (2):1,Extruded (2),Extruded_2,True,-0.000000,0.000000,1.000000,-0.625000,0.258819,-0.965926,0.000000,-28.768890,0.965926,0.258819,-0.000000,-15.808892,0.000000,0.000000,0.000000,1.000000
dovetail_umi_gripper:1+wareshare_st_servo_controller v7:1+H2:1+840721760:4+Extruded (2):1,Extruded (2),Extruded_2,True,-0.000000,0.000000,1.000000,-0.625000,0.258819,-0.965926,0.000000,-28.703150,0.965926,0.258819,-0.000000,-15.563547,0.000000,0.000000,0.000000,1.000000
dovetail_umi_gripper:1+wareshare_st_servo_controller v7:1+H2:1+840721632:2+Extruded (3):1,Extruded (3),Extruded_3,True,-0.000000,0.000000,1.000000,-0.405000,0.258819,-0.965926,0.000000,-28.734755,0.965926,0.258819,-0.000000,-15.685196,0.000000,0.000000,0.000000,1.000000
dovetail_umi_gripper:1+wareshare_st_servo_controller v7:1+R1:1+R0603:8+R_0603-3615_AF0_ASM:1+R_0603-3601_AF0_ASM:1+_2_1_2_3_4_AF0:1,_2_1_2_3_4_AF0,2_1_2_3_4_AF0,True,-0.000000,-0.000000,1.000000,-0.405000,0.965926,0.258819,0.000000,-27.135258,-0.258819,0.965926,-0.000000,-17.893544,0.000000,0.000000,0.000000,1.000000
dovetail_umi_gripper:1+wareshare_st_servo_controller v7:1+R1:1+R0603:8+R_0603-3615_AF0_ASM:1+R_0603-3601_AF0_ASM:1+_7_1_2_AF0:1,_7_1_2_AF0,7_1_2_AF0,True,-0.000000,-0.000000,1.000000,-0.405000,0.965926,0.258819,0.000000,-27.135258,-0.258819,0.965926,-0.000000,-17.893544,0.000000,0.000000,0.000000,1.000000
dovetail_umi_gripper:1+wareshare_st_servo_controller v7:1+R1:1+R0603:8+R_0603-3615_AF0_ASM:1+R_0603-3601_AF0_ASM:1+5_1_2_3_400:1,5_1_2_3_400,5_1_2_3_400,True,-0.000000,-0.000000,1.000000,-0.405000,0.965926,0.258819,0.000000,-27.135258,-0.258819,0.965926,-0.000000,-17.893544,0.000000,0.000000,0.000000,1.000000
dovetail_umi_gripper:1+wareshare_st_servo_controller v7:1+H4:1+1653246912:1+Extruded (4):1,Extruded (4),Extruded_4,True,-0.000000,0.000000,1.000000,-0.625000,0.258819,-0.965926,0.000000,-27.168343,0.965926,0.258819,-0.000000,-15.843628,0.000000,0.000000,0.000000,1.000000
dovetail_umi_gripper:1+wareshare_st_servo_controller v7:1+H4:1+840721760:5+Extruded (2):1,Extruded (2),Extruded_2,True,-0.000000,0.000000,1.000000,-0.625000,0.258819,-0.965926,0.000000,-27.724773,0.965926,0.258819,-0.000000,-15.957494,0.000000,0.000000,0.000000,1.000000
dovetail_umi_gripper:1+wareshare_st_servo_controller v7:1+H4:1+840721760:6+Extruded (2):1,Extruded (2),Extruded_2,True,-0.000000,0.000000,1.000000,-0.625000,0.258819,-0.965926,0.000000,-27.659033,0.965926,0.258819,-0.000000,-15.712148,0.000000,0.000000,0.000000,1.000000
dovetail_umi_gripper:1+wareshare_st_servo_controller v7:1+H4:1+840721760:7+Extruded (2):1,Extruded (2),Extruded_2,True,-0.000000,0.000000,1.000000,-0.625000,0.258819,-0.965926,0.000000,-27.479428,0.965926,0.258819,-0.000000,-16.023234,0.000000,0.000000,0.000000,1.000000
dovetail_umi_gripper:1+wareshare_st_servo_controller v7:1+H4:1+840721760:8+Extruded (2):1,Extruded (2),Extruded_2,True,-0.000000,0.000000,1.000000,-0.625000,0.258819,-0.965926,0.000000,-27.413688,0.965926,0.258819,-0.000000,-15.777888,0.000000,0.000000,0.000000,1.000000
dovetail_umi_gripper:1+wareshare_st_servo_controller v7:1+H4:1+840721760:9+Extruded (2):1,Extruded (2),Extruded_2,True,-0.000000,0.000000,1.000000,-0.625000,0.258819,-0.965926,0.000000,-27.234083,0.965926,0.258819,-0.000000,-16.088974,0.000000,0.000000,0.000000,1.000000
dovetail_umi_gripper:1+wareshare_st_servo_controller v7:1+H4:1+840721632:3+Extruded (3):1,Extruded (3),Extruded_3,True,-0.000000,0.000000,1.000000,-0.405000,0.258819,-0.965926,0.000000,-27.690638,0.965926,0.258819,-0.000000,-15.833798,0.000000,0.000000,0.000000,1.000000
dovetail_umi_gripper:1+wareshare_st_servo_controller v7:1+H4:1+840721632:4+Extruded (3):1,Extruded (3),Extruded_3,True,-0.000000,0.000000,1.000000,-0.405000,0.258819,-0.965926,0.000000,-27.445293,0.965926,0.258819,-0.000000,-15.899538,0.000000,0.000000,0.000000,1.000000
dovetail_umi_gripper:1+wareshare_st_servo_controller v7:1+H4:1+840721632:5+Extruded (3):1,Extruded (3),Extruded_3,True,-0.000000,0.000000,1.000000,-0.405000,0.258819,-0.965926,0.000000,-27.199947,0.965926,0.258819,-0.000000,-15.965279,0.000000,0.000000,0.000000,1.000000
dovetail_umi_gripper:1+wareshare_st_servo_controller v7:1+D3:1+SOD323:3,SOD323,SOD323,True,0.000000,-0.000000,1.000000,-0.405000,-0.258819,0.965926,0.000000,-27.805811,-0.965926,-0.258819,-0.000000,-17.594827,0.000000,0.000000,0.000000,1.000000
dovetail_umi_gripper:1+wareshare_st_servo_controller v7:1+D4:1+SOD323:4,SOD323,SOD323,True,-0.000000,0.000000,1.000000,-0.405000,0.258819,-0.965926,0.000000,-27.694519,0.965926,0.258819,-0.000000,-17.179480,0.000000,0.000000,0.000000,1.000000
dovetail_umi_gripper:1+wareshare_st_servo_controller v7:1+LED1:1+User_Library-LED_0603_R:1+User_Library-LED_0603_R_Pocket002:1,User_Library-LED_0603_R_Pocket002,User_Library-LED_0603_R_Pocket002,True,0.000000,0.000000,1.000000,-0.405000,-0.965926,-0.258819,0.000000,-26.471775,0.258819,-0.965926,-0.000000,-15.726432,0.000000,0.000000,0.000000,1.000000
dovetail_umi_gripper:1+wareshare_st_servo_controller v7:1+LED1:1+User_Library-LED_0603_R:1+User_Library-LED_0603_R_Pad004:1,User_Library-LED_0603_R_Pad004,User_Library-LED_0603_R_Pad004,True,0.000000,-0.000000,-1.000000,-0.405000,-0.965926,0.258819,-0.000000,-26.471775,0.258819,0.965926,0.000000,-15.726432,0.000000,0.000000,0.000000,1.000000
dovetail_umi_gripper:1+wareshare_st_servo_controller v7:1+LED1:1+User_Library-LED_0603_R:1+User_Library-LED_0603_R_Fillet:1,User_Library-LED_0603_R_Fillet,User_Library-LED_0603_R_Fillet,True,0.000000,0.000000,1.000000,-0.405000,-0.965926,-0.258819,0.000000,-26.471775,0.258819,-0.965926,-0.000000,-15.726432,0.000000,0.000000,0.000000,1.000000
dovetail_umi_gripper:1+wareshare_st_servo_controller v7:1+LED1:1+User_Library-LED_0603_R:1+User_Library-LED_0603_R_Pocket001:1,User_Library-LED_0603_R_Pocket001,User_Library-LED_0603_R_Pocket001,True,0.000000,0.000000,1.000000,-0.405000,-0.965926,-0.258819,0.000000,-26.471775,0.258819,-0.965926,-0.000000,-15.726432,0.000000,0.000000,0.000000,1.000000
dovetail_umi_gripper:1+wareshare_st_servo_controller v7:1+LED1:1+User_Library-LED_0603_R:1+User_Library-LED_0603_R_Pad:1,User_Library-LED_0603_R_Pad,User_Library-LED_0603_R_Pad,True,0.000000,0.000000,1.000000,-0.405000,-0.965926,-0.258819,0.000000,-26.471775,0.258819,-0.965926,-0.000000,-15.726432,0.000000,0.000000,0.000000,1.000000
dovetail_umi_gripper:1+wareshare_st_servo_controller v7:1+R9:1+R0603:9+R_0603-3615_AF0_ASM:1+R_0603-3601_AF0_ASM:1+_2_1_2_3_4_AF0:1,_2_1_2_3_4_AF0,2_1_2_3_4_AF0,True,-0.000000,-0.000000,1.000000,-0.405000,0.965926,0.258819,0.000000,-26.742219,-0.258819,0.965926,-0.000000,-15.653957,0.000000,0.000000,0.000000,1.000000
dovetail_umi_gripper:1+wareshare_st_servo_controller v7:1+R9:1+R0603:9+R_0603-3615_AF0_ASM:1+R_0603-3601_AF0_ASM:1+_7_1_2_AF0:1,_7_1_2_AF0,7_1_2_AF0,True,-0.000000,-0.000000,1.000000,-0.405000,0.965926,0.258819,0.000000,-26.742219,-0.258819,0.965926,-0.000000,-15.653957,0.000000,0.000000,0.000000,1.000000
dovetail_umi_gripper:1+wareshare_st_servo_controller v7:1+R9:1+R0603:9+R_0603-3615_AF0_ASM:1+R_0603-3601_AF0_ASM:1+5_1_2_3_400:1,5_1_2_3_400,5_1_2_3_400,True,-0.000000,-0.000000,1.000000,-0.405000,0.965926,0.258819,0.000000,-26.742219,-0.258819,0.965926,-0.000000,-15.653957,0.000000,0.000000,0.000000,1.000000
dovetail_umi_gripper:1+CNC_arm13_x2_RS05_shaft_coupler:1,CNC_arm13_x2_RS05_shaft_coupler,CNC_arm13_x2_RS05_shaft_coupler,False,1.000000,-0.000000,-0.000000,-0.015000,0.000000,0.965926,0.258819,-27.057476,-0.000000,-0.258819,0.965926,-1.665406,0.000000,0.000000,0.000000,1.000000
dovetail_umi_gripper:1+buck_converter_48_to_12:1,buck_converter_48_to_12,buck_converter_48_to_12,True,0.000000,-0.000000,1.000000,-0.815000,-0.258819,0.965926,0.000000,-35.293860,-0.965926,-0.258819,-0.000000,-15.210535,0.000000,0.000000,0.000000,1.000000
dovetail_umi_gripper:1+base:1+apriltag_holder:1,apriltag_holder,apriltag_holder,True,0.000000,-0.000000,1.000000,0.985000,-0.258819,0.965926,0.000000,-31.633843,-0.965926,-0.258819,-0.000000,-16.426425,0.000000,0.000000,0.000000,1.000000
dovetail_umi_gripper:1+base:1,base,base,True,0.000000,-0.000000,1.000000,0.985000,-0.258819,0.965926,0.000000,-31.633843,-0.965926,-0.258819,-0.000000,-16.426425,0.000000,0.000000,0.000000,1.000000
dovetail_umi_gripper:1+apriltag:2,apriltag,apriltag,True,0.000000,-0.000000,1.000000,4.484871,-0.258819,0.965926,0.000000,-14.646864,-0.965926,-0.258819,-0.000000,-10.791498,0.000000,0.000000,0.000000,1.000000
dovetail_umi_gripper:1+apriltag:3,apriltag,apriltag,True,0.000000,0.000000,-1.000000,-4.515000,-0.258819,-0.965926,-0.000000,-31.998536,-0.965926,0.258819,0.000000,-6.022088,0.000000,0.000000,0.000000,1.000000
dovetail_umi_gripper:1+apriltag:4,apriltag,apriltag,True,0.000000,-0.000000,1.000000,0.685000,-0.258819,0.965926,0.000000,-24.791854,-0.965926,-0.258819,-0.000000,-8.073157,0.000000,0.000000,0.000000,1.000000
dovetail_umi_gripper:1+apriltag_holder:2,apriltag_holder,apriltag_holder,True,0.000000,0.000000,-1.000000,-1.015000,-0.258819,-0.965926,-0.000000,-30.474732,-0.965926,0.258819,0.000000,-16.737008,0.000000,0.000000,0.000000,1.000000
dovetail_umi_gripper:1+apriltag:5,apriltag,apriltag,True,0.000000,0.000000,-1.000000,-5.064936,-0.258819,-0.965926,-0.000000,-34.861229,-0.965926,0.258819,0.000000,-0.266152,0.000000,0.000000,0.000000,1.000000
dovetail_umi_gripper:1+apriltag:6,apriltag,apriltag,True,0.000000,-0.000000,1.000000,5.034936,-0.258819,0.965926,0.000000,-17.474563,-0.965926,-0.258819,-0.000000,-4.924893,0.000000,0.000000,0.000000,1.000000
dovetail_umi_gripper:1+apriltag:7,apriltag,apriltag,True,0.000000,-0.000000,1.000000,5.034936,-0.258819,0.965926,0.000000,-19.599600,-0.965926,-0.258819,-0.000000,-4.355492,0.000000,0.000000,0.000000,1.000000
dovetail_umi_gripper:1+apriltag:8,apriltag,apriltag,True,0.000000,0.000000,-1.000000,-5.064936,-0.258819,-0.965926,-0.000000,-36.986265,-0.965926,0.258819,0.000000,0.303250,0.000000,0.000000,0.000000,1.000000
dovetail_umi_gripper:1,dovetail_umi_gripper,dovetail_umi_gripper,True,0.000000,-0.000000,1.000000,0.985000,-0.258819,0.965926,0.000000,-31.633843,-0.965926,-0.258819,-0.000000,-16.426425,0.000000,0.000000,0.000000,1.000000
dovetail_umi_gripper:2+FEETECH_HL_3915_Servo_Motor:1+HL-3608_ASM_121_ASM:1+DC15_A01_DUMMY_ASSY_IDLE_ASM_9__ASM:1+WJ-WK00-0413-MIDDLECASE_80:1,WJ-WK00-0413-MIDDLECASE_80,WJ-WK00-0413-MIDDLECASE_80,True,1.000000,0.000000,-0.000000,0.015000,0.000000,-0.965926,0.258819,31.346160,0.000000,-0.258819,-0.965926,-18.250537,0.000000,0.000000,0.000000,1.000000
dovetail_umi_gripper:2+FEETECH_HL_3915_Servo_Motor:1+HL-3608_ASM_121_ASM:1+DC15_A01_DUMMY_ASSY_IDLE_ASM_9__ASM:1+WJ-WK00-0412-TOPCABINET_74:1,WJ-WK00-0412-TOPCABINET_74,WJ-WK00-0412-TOPCABINET_74,True,1.000000,0.000000,-0.000000,0.015000,0.000000,-0.965926,0.258819,31.346160,0.000000,-0.258819,-0.965926,-18.250537,0.000000,0.000000,0.000000,1.000000
dovetail_umi_gripper:2+FEETECH_HL_3915_Servo_Motor:1+HL-3608_ASM_121_ASM:1+DC15_A01_DUMMY_ASSY_IDLE_ASM_9__ASM:1+WJ-WK00-414-BOTTOMCASE_48:1,WJ-WK00-414-BOTTOMCASE_48,WJ-WK00-414-BOTTOMCASE_48,True,1.000000,0.000000,-0.000000,0.015000,0.000000,-0.965926,0.258819,30.841463,0.000000,-0.258819,-0.965926,-16.366982,0.000000,0.000000,0.000000,1.000000
dovetail_umi_gripper:2+FEETECH_HL_3915_Servo_Motor:1+HL-3608_ASM_121_ASM:1+DC15_A01_DUMMY_ASSY_IDLE_ASM_9__ASM:1+PHS_1_7X20_5_DC10_3_3:1,PHS_1_7X20_5_DC10_3_3,PHS_1_7X20_5_DC10_3_3,True,-1.000000,-0.000000,0.000000,0.855000,-0.000000,0.258819,-0.965926,30.963257,-0.000000,-0.965926,-0.258819,-18.560191,0.000000,0.000000,0.000000,1.000000
dovetail_umi_gripper:2+FEETECH_HL_3915_Servo_Motor:1+HL-3608_ASM_121_ASM:1+DC15_A01_DUMMY_ASSY_IDLE_ASM_9__ASM:1+PHS_1_7X20_5_DC10_3_3:2,PHS_1_7X20_5_DC10_3_3,PHS_1_7X20_5_DC10_3_3,True,-1.000000,-0.000000,0.000000,-0.825000,-0.000000,0.258819,-0.965926,30.963257,-0.000000,-0.965926,-0.258819,-18.560191,0.000000,0.000000,0.000000,1.000000
dovetail_umi_gripper:2+FEETECH_HL_3915_Servo_Motor:1+HL-3608_ASM_121_ASM:1+DC15_A01_DUMMY_ASSY_IDLE_ASM_9__ASM:1+PHS_1_7X20_5_DC10_3_3:3,PHS_1_7X20_5_DC10_3_3,PHS_1_7X20_5_DC10_3_3,True,-1.000000,-0.000000,0.000000,0.505000,-0.000000,0.258819,-0.965926,33.609894,-0.000000,-0.965926,-0.258819,-17.851027,0.000000,0.000000,0.000000,1.000000
dovetail_umi_gripper:2+FEETECH_HL_3915_Servo_Motor:1+HL-3608_ASM_121_ASM:1+DC15_A01_DUMMY_ASSY_IDLE_ASM_9__ASM:1+PHS_1_7X20_5_DC10_3_3:4,PHS_1_7X20_5_DC10_3_3,PHS_1_7X20_5_DC10_3_3,True,-1.000000,-0.000000,0.000000,-0.825000,-0.000000,0.258819,-0.965926,33.271820,-0.000000,-0.965926,-0.258819,-17.941614,0.000000,0.000000,0.000000,1.000000
dovetail_umi_gripper:2+FEETECH_HL_3915_Servo_Motor:1+HL-3608_ASM_121_ASM:1+OUTGEAR_ASM_11_ASM:1+OUTPUTGEAR_40:1,OUTPUTGEAR_40,OUTPUTGEAR_40,True,-1.000000,0.000000,0.000000,0.015000,-0.000000,-0.965926,-0.258819,31.190868,-0.000000,-0.258819,0.965926,-17.670982,0.000000,0.000000,0.000000,1.000000
dovetail_umi_gripper:2+FEETECH_HL_3915_Servo_Motor:1+HL-3608_ASM_121_ASM:1+1215BLUSHMOTORASSEMBLY_ASM_18_ASM:1+125-3PINSEAT_1_ASM:1+MANIFOLD_SOLID_BREP_102855:1,MANIFOLD_SOLID_BREP_102855,MANIFOLD_SOLID_BREP_102855,True,0.000000,-1.000000,0.000000,-0.357459,-0.258819,-0.000000,-0.965926,31.849796,0.965926,-0.000000,-0.258819,-16.661025,0.000000,0.000000,0.000000,1.000000
dovetail_umi_gripper:2+FEETECH_HL_3915_Servo_Motor:1+HL-3608_ASM_121_ASM:1+1215BLUSHMOTORASSEMBLY_ASM_18_ASM:1+125-3PINSEAT_1_ASM:1+MANIFOLD_SOLID_BREP_102995:1,MANIFOLD_SOLID_BREP_102995,MANIFOLD_SOLID_BREP_102995,True,0.000000,-1.000000,0.000000,-0.357459,-0.258819,-0.000000,-0.965926,31.849796,0.965926,-0.000000,-0.258819,-16.661025,0.000000,0.000000,0.000000,1.000000
dovetail_umi_gripper:2+FEETECH_HL_3915_Servo_Motor:1+HL-3608_ASM_121_ASM:1+1215BLUSHMOTORASSEMBLY_ASM_18_ASM:1+125-3PINSEAT_1_ASM:1+MANIFOLD_SOLID_BREP_103135:1,MANIFOLD_SOLID_BREP_103135,MANIFOLD_SOLID_BREP_103135,True,0.000000,-1.000000,0.000000,-0.357459,-0.258819,-0.000000,-0.965926,31.849796,0.965926,-0.000000,-0.258819,-16.661025,0.000000,0.000000,0.000000,1.000000
dovetail_umi_gripper:2+FEETECH_HL_3915_Servo_Motor:1+HL-3608_ASM_121_ASM:1+1215BLUSHMOTORASSEMBLY_ASM_18_ASM:1+125-3PINSEAT_1_ASM:1+MANIFOLD_SOLID_BREP_103275:1,MANIFOLD_SOLID_BREP_103275,MANIFOLD_SOLID_BREP_103275,True,0.000000,-1.000000,0.000000,-0.357459,-0.258819,-0.000000,-0.965926,31.849796,0.965926,-0.000000,-0.258819,-16.661025,0.000000,0.000000,0.000000,1.000000
dovetail_umi_gripper:2+FEETECH_HL_3915_Servo_Motor:1+HL-3608_ASM_121_ASM:1+1215BLUSHMOTORASSEMBLY_ASM_18_ASM:1+125-3PINSEAT_1_ASM:2+MANIFOLD_SOLID_BREP_102855:1,MANIFOLD_SOLID_BREP_102855,MANIFOLD_SOLID_BREP_102855,True,0.000000,1.000000,-0.000000,0.387441,-0.258819,0.000000,0.965926,31.849796,0.965926,0.000000,0.258819,-16.661025,0.000000,0.000000,0.000000,1.000000
dovetail_umi_gripper:2+FEETECH_HL_3915_Servo_Motor:1+HL-3608_ASM_121_ASM:1+1215BLUSHMOTORASSEMBLY_ASM_18_ASM:1+125-3PINSEAT_1_ASM:2+MANIFOLD_SOLID_BREP_102995:1,MANIFOLD_SOLID_BREP_102995,MANIFOLD_SOLID_BREP_102995,True,0.000000,1.000000,-0.000000,0.387441,-0.258819,0.000000,0.965926,31.849796,0.965926,0.000000,0.258819,-16.661025,0.000000,0.000000,0.000000,1.000000
dovetail_umi_gripper:2+FEETECH_HL_3915_Servo_Motor:1+HL-3608_ASM_121_ASM:1+1215BLUSHMOTORASSEMBLY_ASM_18_ASM:1+125-3PINSEAT_1_ASM:2+MANIFOLD_SOLID_BREP_103135:1,MANIFOLD_SOLID_BREP_103135,MANIFOLD_SOLID_BREP_103135,True,0.000000,1.000000,-0.000000,0.387441,-0.258819,0.000000,0.965926,31.849796,0.965926,0.000000,0.258819,-16.661025,0.000000,0.000000,0.000000,1.000000
dovetail_umi_gripper:2+FEETECH_HL_3915_Servo_Motor:1+HL-3608_ASM_121_ASM:1+1215BLUSHMOTORASSEMBLY_ASM_18_ASM:1+125-3PINSEAT_1_ASM:2+MANIFOLD_SOLID_BREP_103275:1,MANIFOLD_SOLID_BREP_103275,MANIFOLD_SOLID_BREP_103275,True,0.000000,1.000000,-0.000000,0.387441,-0.258819,0.000000,0.965926,31.849796,0.965926,0.000000,0.258819,-16.661025,0.000000,0.000000,0.000000,1.000000
dovetail_umi_gripper:2+FEETECH_HL_3915_Servo_Motor:1+HL-3608_ASM_121_ASM:1+PCBA_1:1,PCBA_1,PCBA_1,True,-0.000000,1.000000,-0.000000,0.015000,0.965926,0.000000,0.258819,31.040753,0.258819,0.000000,-0.965926,-17.110745,0.000000,0.000000,0.000000,1.000000
dovetail_umi_gripper:2+FEETECH_HL_3915_Servo_Motor:1+HL-3608_ASM_121_ASM:1+WJ-BB00-0235_HORN_22:1,WJ-BB00-0235_HORN_22,WJ-BB00-0235_HORN_22,True,-0.969244,-0.000000,-0.246100,0.015000,0.237715,0.258819,-0.936218,31.439335,0.063695,-0.965926,-0.250859,-18.598271,0.000000,0.000000,0.000000,1.000000
dovetail_umi_gripper:2+FEETECH_HL_3915_Servo_Motor:1+HL-3608_ASM_121_ASM:1+M2-10-6_2:1,M2-10-6_2,M2-10-6_2,True,1.000000,0.000000,0.000000,0.665000,0.000000,-0.258819,-0.965926,31.040753,0.000000,0.965926,-0.258819,-17.110745,0.000000,0.000000,0.000000,1.000000
dovetail_umi_gripper:2+FEETECH_HL_3915_Servo_Motor:1+HL-3608_ASM_121_ASM:1+M2-4LOUSI_1:1,M2-4LOUSI_1,M2-4LOUSI_1,True,1.000000,0.000000,0.000000,0.665000,0.000000,-0.258819,-0.965926,30.913932,0.000000,0.965926,-0.258819,-16.637441,0.000000,0.000000,0.000000,1.000000
dovetail_umi_gripper:2+FEETECH_HL_3915_Servo_Motor:1+HL-3608_ASM_121_ASM:1+M2-10-6_2:2,M2-10-6_2,M2-10-6_2,True,1.000000,0.000000,0.000000,-0.635000,0.000000,-0.258819,-0.965926,31.040753,0.000000,0.965926,-0.258819,-17.110745,0.000000,0.000000,0.000000,1.000000
dovetail_umi_gripper:2+FEETECH_HL_3915_Servo_Motor:1+HL-3608_ASM_121_ASM:1+M2-4LOUSI_1:2,M2-4LOUSI_1,M2-4LOUSI_1,True,1.000000,0.000000,0.000000,-0.635000,0.000000,-0.258819,-0.965926,30.913932,0.000000,0.965926,-0.258819,-16.637441,0.000000,0.000000,0.000000,1.000000
dovetail_umi_gripper:2+FEETECH_HL_3915_Servo_Motor:1+HL-3608_ASM_121_ASM:1+MF85ZZ_1:1,MF85ZZ_1,MF85ZZ_1,True,1.000000,0.000000,0.000000,0.015000,0.000000,-0.258819,-0.965926,30.825933,0.000000,0.965926,-0.258819,-16.309026,0.000000,0.000000,0.000000,1.000000
dovetail_umi_gripper:2+double_helix_pinion_16teeth_6mm:1+Component9:1,Component9,Component9,True,-0.969244,0.246100,-0.000000,0.015000,0.237715,0.936218,0.258819,31.537686,0.063695,0.250859,-0.965926,-18.965323,0.000000,0.000000,0.000000,1.000000
dovetail_umi_gripper:2+rail:1,rail,rail,True,0.000000,0.000000,-1.000000,-0.985000,0.258819,-0.965926,-0.000000,31.199180,-0.965926,-0.258819,-0.000000,-16.542892,0.000000,0.000000,0.000000,1.000000
dovetail_umi_gripper:2+custom_umi_gripper v6:1,custom_umi_gripper v6,custom_umi_gripper,True,0.000000,0.000000,-1.000000,1.714936,-0.965926,-0.258819,-0.000000,41.114197,-0.258819,0.965926,-0.000000,-30.168322,0.000000,0.000000,0.000000,1.000000
dovetail_umi_gripper:2+apriltag:1,apriltag,apriltag,True,0.000000,-0.000000,1.000000,0.714871,0.258819,0.965926,0.000000,42.153494,-0.965926,0.258819,0.000000,-3.301074,0.000000,0.000000,0.000000,1.000000
dovetail_umi_gripper:2+custom_umi_gripper v6:3,custom_umi_gripper v6,custom_umi_gripper,True,-0.000000,0.000000,1.000000,-1.684936,0.965926,-0.258819,0.000000,28.947796,0.258819,0.965926,0.000000,-33.417946,0.000000,0.000000,0.000000,1.000000
dovetail_umi_gripper:2+rail:5,rail,rail,True,-0.000000,-0.000000,1.000000,1.015000,0.258819,0.965926,0.000000,30.719496,-0.965926,0.258819,0.000000,-16.671423,0.000000,0.000000,0.000000,1.000000
dovetail_umi_gripper:2+wareshare_st_servo_controller v7:1+Board:1,Board,Board,True,0.000000,-0.000000,-1.000000,0.565000,-0.258819,0.965926,-0.000000,26.590378,0.965926,0.258819,-0.000000,-19.820232,0.000000,0.000000,0.000000,1.000000
dovetail_umi_gripper:2+wareshare_st_servo_controller v7:1+C1:1+User_Library-0603_SMD_Capacitor:1,User_Library-0603_SMD_Capacitor,User_Library-0603_SMD_Capacitor,True,0.000000,-1.000000,0.000000,0.405000,-0.965926,0.000000,0.258819,27.112357,-0.258819,-0.000000,-0.965926,-17.035238,0.000000,0.000000,0.000000,1.000000
dovetail_umi_gripper:2+wareshare_st_servo_controller v7:1+C2:1+User_Library-0603_SMD_Capacitor:2,User_Library-0603_SMD_Capacitor,User_Library-0603_SMD_Capacitor,True,-0.000000,-1.000000,0.000000,0.405000,0.258819,0.000000,0.965926,27.591340,-0.965926,0.000000,0.258819,-16.813716,0.000000,0.000000,0.000000,1.000000
dovetail_umi_gripper:2+wareshare_st_servo_controller v7:1+C3:1+User_Library-0603_SMD_Capacitor:3,User_Library-0603_SMD_Capacitor,User_Library-0603_SMD_Capacitor,True,-0.000000,-1.000000,0.000000,0.405000,0.258819,0.000000,0.965926,28.021641,-0.965926,0.000000,0.258819,-17.532894,0.000000,0.000000,0.000000,1.000000
dovetail_umi_gripper:2+wareshare_st_servo_controller v7:1+C4:1+User_Library-0603_SMD_Capacitor:4,User_Library-0603_SMD_Capacitor,User_Library-0603_SMD_Capacitor,True,-0.000000,-1.000000,0.000000,0.405000,0.965926,-0.000000,-0.258819,28.380765,0.258819,0.000000,0.965926,-17.540200,0.000000,0.000000,0.000000,1.000000
dovetail_umi_gripper:2+wareshare_st_servo_controller v7:1+C5:1+User_Library-0603_SMD_Capacitor:5,User_Library-0603_SMD_Capacitor,User_Library-0603_SMD_Capacitor,True,0.000000,-1.000000,0.000000,0.405000,-0.965926,0.000000,0.258819,26.948008,-0.258819,-0.000000,-0.965926,-16.421876,0.000000,0.000000,0.000000,1.000000
dovetail_umi_gripper:2+wareshare_st_servo_controller v7:1+C7:1+C_0603:1+C_0603-7177_AF0_ASM:1+C_0603-683_AF0_ASM:1+2_1_200:1,2_1_200,2_1_200,True,-0.000000,-0.000000,-1.000000,0.402460,0.965926,0.258819,-0.000000,26.794831,0.258819,-0.965926,-0.000000,-15.850196,0.000000,0.000000,0.000000,1.000000
dovetail_umi_gripper:2+wareshare_st_servo_controller v7:1+C7:1+C_0603:1+C_0603-7177_AF0_ASM:1+C_0603-683_AF0_ASM:1+_1_1_20001:1,_1_1_20001,1_1_20001,True,-0.000000,-0.000000,-1.000000,0.402460,0.965926,0.258819,-0.000000,26.794831,0.258819,-0.965926,-0.000000,-15.850196,0.000000,0.000000,0.000000,1.000000
dovetail_umi_gripper:2+wareshare_st_servo_controller v7:1+C7:1+C_0603:1+C_0603-7177_AF0_ASM:1+C_0603-683_AF0_ASM:1+3_1_2_A:1,3_1_2_A,3_1_2_A,True,-0.000000,-0.000000,-1.000000,0.402460,0.965926,0.258819,-0.000000,26.794831,0.258819,-0.965926,-0.000000,-15.850196,0.000000,0.000000,0.000000,1.000000
dovetail_umi_gripper:2+wareshare_st_servo_controller v7:1+C6:1+User_Library-0603_SMD_Capacitor:6,User_Library-0603_SMD_Capacitor,User_Library-0603_SMD_Capacitor,True,-0.000000,-1.000000,0.000000,0.405000,0.258819,0.000000,0.965926,26.713017,-0.965926,0.000000,0.258819,-16.800597,0.000000,0.000000,0.000000,1.000000
dovetail_umi_gripper:2+wareshare_st_servo_controller v7:1+D2:1+SOD323:1,SOD323,SOD323,True,0.000000,0.000000,-1.000000,0.405000,-0.965926,-0.258819,-0.000000,28.495808,-0.258819,0.965926,-0.000000,-17.948286,0.000000,0.000000,0.000000,1.000000
dovetail_umi_gripper:2+wareshare_st_servo_controller v7:1+DC1:1+dc-005-5a-20:1,dc-005-5a-20,dc-005-5a-20,True,0.000000,-1.000000,0.000000,-0.145000,-0.258819,-0.000000,-0.965926,26.290211,0.965926,-0.000000,-0.258819,-18.895515,0.000000,0.000000,0.000000,1.000000
"dovetail_umi_gripper:2+wareshare_st_servo_controller v7:1+H1:1+User_Library-DG350-3,5-02P:1","User_Library-DG350-3,5-02P",User_Library-DG350-3_5-02P,True,0.000000,-0.000000,-1.000000,0.405000,-0.258819,0.965926,-0.000000,26.325982,0.965926,0.258819,-0.000000,-17.732849,0.000000,0.000000,0.000000,1.000000
dovetail_umi_gripper:2+wareshare_st_servo_controller v7:1+H3:1+X2564WV-03-N0SN:1,X2564WV-03-N0SN,X2564WV-03-N0SN,True,0.000000,-1.000000,0.000000,0.405000,-0.258819,-0.000000,-0.965926,28.992127,0.965926,-0.000000,-0.258819,-16.850615,0.000000,0.000000,0.000000,1.000000
dovetail_umi_gripper:2+wareshare_st_servo_controller v7:1+H5:1+X2564WV-03-N0SN:2,X2564WV-03-N0SN,X2564WV-03-N0SN,True,0.000000,-1.000000,0.000000,0.405000,-0.258819,-0.000000,-0.965926,29.301001,0.965926,-0.000000,-0.258819,-18.003350,0.000000,0.000000,0.000000,1.000000
dovetail_umi_gripper:2+wareshare_st_servo_controller v7:1+R2:1+R0603:1+R_0603-3615_AF0_ASM:1+R_0603-3601_AF0_ASM:1+_2_1_2_3_4_AF0:1,_2_1_2_3_4_AF0,2_1_2_3_4_AF0,True,0.000000,0.000000,-1.000000,0.405000,-0.965926,-0.258819,-0.000000,26.846612,-0.258819,0.965926,-0.000000,-16.043546,0.000000,0.000000,0.000000,1.000000
dovetail_umi_gripper:2+wareshare_st_servo_controller v7:1+R2:1+R0603:1+R_0603-3615_AF0_ASM:1+R_0603-3601_AF0_ASM:1+_7_1_2_AF0:1,_7_1_2_AF0,7_1_2_AF0,True,0.000000,0.000000,-1.000000,0.405000,-0.965926,-0.258819,-0.000000,26.846612,-0.258819,0.965926,-0.000000,-16.043546,0.000000,0.000000,0.000000,1.000000
dovetail_umi_gripper:2+wareshare_st_servo_controller v7:1+R2:1+R0603:1+R_0603-3615_AF0_ASM:1+R_0603-3601_AF0_ASM:1+5_1_2_3_400:1,5_1_2_3_400,5_1_2_3_400,True,0.000000,0.000000,-1.000000,0.405000,-0.965926,-0.258819,-0.000000,26.846612,-0.258819,0.965926,-0.000000,-16.043546,0.000000,0.000000,0.000000,1.000000
dovetail_umi_gripper:2+wareshare_st_servo_controller v7:1+R3:1+R0603:2+R_0603-3615_AF0_ASM:1+R_0603-3601_AF0_ASM:1+_2_1_2_3_4_AF0:1,_2_1_2_3_4_AF0,2_1_2_3_4_AF0,True,0.000000,0.000000,-1.000000,0.405000,-0.965926,-0.258819,-0.000000,26.898807,-0.258819,0.965926,-0.000000,-16.238342,0.000000,0.000000,0.000000,1.000000
dovetail_umi_gripper:2+wareshare_st_servo_controller v7:1+R3:1+R0603:2+R_0603-3615_AF0_ASM:1+R_0603-3601_AF0_ASM:1+_7_1_2_AF0:1,_7_1_2_AF0,7_1_2_AF0,True,0.000000,0.000000,-1.000000,0.405000,-0.965926,-0.258819,-0.000000,26.898807,-0.258819,0.965926,-0.000000,-16.238342,0.000000,0.000000,0.000000,1.000000
dovetail_umi_gripper:2+wareshare_st_servo_controller v7:1+R3:1+R0603:2+R_0603-3615_AF0_ASM:1+R_0603-3601_AF0_ASM:1+5_1_2_3_400:1,5_1_2_3_400,5_1_2_3_400,True,0.000000,0.000000,-1.000000,0.405000,-0.965926,-0.258819,-0.000000,26.898807,-0.258819,0.965926,-0.000000,-16.238342,0.000000,0.000000,0.000000,1.000000
dovetail_umi_gripper:2+wareshare_st_servo_controller v7:1+Type_C1:1+698b116-264-211:1+SOLID:1,SOLID,SOLID,True,0.000000,-1.000000,0.000000,1.554999,-0.258819,-0.000000,-0.965926,25.678115,0.965926,-0.000000,-0.258819,-18.400688,0.000000,0.000000,0.000000,1.000000
dovetail_umi_gripper:2+wareshare_st_servo_controller v7:1+Type_C1:1+698b116-264-211:1+SOLID (1):1,SOLID (1),SOLID_1,True,0.000000,-1.000000,0.000000,1.554999,-0.258819,-0.000000,-0.965926,25.678115,0.965926,-0.000000,-0.258819,-18.400688,0.000000,0.000000,0.000000,1.000000
dovetail_umi_gripper:2+wareshare_st_servo_controller v7:1+Type_C1:1+698b116-264-211:1+SOLID (2):1,SOLID (2),SOLID_2,True,0.000000,-1.000000,0.000000,1.554999,-0.258819,-0.000000,-0.965926,25.678115,0.965926,-0.000000,-0.258819,-18.400688,0.000000,0.000000,0.000000,1.000000
dovetail_umi_gripper:2+wareshare_st_servo_controller v7:1+Type_C1:1+698b116-264-211:1+SOLID (3):1,SOLID (3),SOLID_3,True,0.000000,-1.000000,0.000000,1.554999,-0.258819,-0.000000,-0.965926,25.678115,0.965926,-0.000000,-0.258819,-18.400688,0.000000,0.000000,0.000000,1.000000
dovetail_umi_gripper:2+wareshare_st_servo_controller v7:1+Type_C1:1+698b116-264-211:1+SOLID (4):1,SOLID (4),SOLID_4,True,0.000000,-1.000000,0.000000,1.554999,-0.258819,-0.000000,-0.965926,25.678115,0.965926,-0.000000,-0.258819,-18.400688,0.000000,0.000000,0.000000,1.000000
dovetail_umi_gripper:2+wareshare_st_servo_controller v7:1+Type_C1:1+698b116-264-211:1+SOLID (5):1,SOLID (5),SOLID_5,True,0.000000,-1.000000,0.000000,1.554999,-0.258819,-0.000000,-0.965926,25.678115,0.965926,-0.000000,-0.258819,-18.400688,0.000000,0.000000,0.000000,1.000000
dovetail_umi_gripper:2+wareshare_st_servo_controller v7:1+Type_C1:1+698b116-264-211:1+SOLID (6):1,SOLID (6),SOLID_6,True,0.000000,-1.000000,0.000000,1.554999,-0.258819,-0.000000,-0.965926,25.678115,0.965926,-0.000000,-0.258819,-18.400688,0.000000,0.000000,0.000000,1.000000
dovetail_umi_gripper:2+wareshare_st_servo_controller v7:1+Type_C1:1+698b116-264-211:1+SOLID (7):1,SOLID (7),SOLID_7,True,0.000000,-1.000000,0.000000,1.554999,-0.258819,-0.000000,-0.965926,25.678115,0.965926,-0.000000,-0.258819,-18.400688,0.000000,0.000000,0.000000,1.000000
dovetail_umi_gripper:2+wareshare_st_servo_controller v7:1+Type_C1:1+698b116-264-211:1+SOLID (8):1,SOLID (8),SOLID_8,True,0.000000,-1.000000,0.000000,1.554999,-0.258819,-0.000000,-0.965926,25.678115,0.965926,-0.000000,-0.258819,-18.400688,0.000000,0.000000,0.000000,1.000000
dovetail_umi_gripper:2+wareshare_st_servo_controller v7:1+Type_C1:1+698b116-264-211:1+SOLID (9):1,SOLID (9),SOLID_9,True,0.000000,-1.000000,0.000000,1.554999,-0.258819,-0.000000,-0.965926,25.678115,0.965926,-0.000000,-0.258819,-18.400688,0.000000,0.000000,0.000000,1.000000
dovetail_umi_gripper:2+wareshare_st_servo_controller v7:1+Type_C1:1+698b116-264-211:1+SOLID (10):1,SOLID (10),SOLID_10,True,0.000000,-1.000000,0.000000,1.554999,-0.258819,-0.000000,-0.965926,25.678115,0.965926,-0.000000,-0.258819,-18.400688,0.000000,0.000000,0.000000,1.000000
dovetail_umi_gripper:2+wareshare_st_servo_controller v7:1+Type_C1:1+698b116-264-211:1+SOLID (11):1,SOLID (11),SOLID_11,True,0.000000,-1.000000,0.000000,1.554999,-0.258819,-0.000000,-0.965926,25.678115,0.965926,-0.000000,-0.258819,-18.400688,0.000000,0.000000,0.000000,1.000000
dovetail_umi_gripper:2+wareshare_st_servo_controller v7:1+Type_C1:1+698b116-264-211:1+SOLID (12):1,SOLID (12),SOLID_12,True,0.000000,-1.000000,0.000000,1.554999,-0.258819,-0.000000,-0.965926,25.678115,0.965926,-0.000000,-0.258819,-18.400688,0.000000,0.000000,0.000000,1.000000
dovetail_umi_gripper:2+wareshare_st_servo_controller v7:1+Type_C1:1+698b116-264-211:1+SOLID (13):1,SOLID (13),SOLID_13,True,0.000000,-1.000000,0.000000,1.554999,-0.258819,-0.000000,-0.965926,25.678115,0.965926,-0.000000,-0.258819,-18.400688,0.000000,0.000000,0.000000,1.000000
dovetail_umi_gripper:2+wareshare_st_servo_controller v7:1+Type_C1:1+698b116-264-211:1+SOLID (14):1,SOLID (14),SOLID_14,True,0.000000,-1.000000,0.000000,1.554999,-0.258819,-0.000000,-0.965926,25.678115,0.965926,-0.000000,-0.258819,-18.400688,0.000000,0.000000,0.000000,1.000000
dovetail_umi_gripper:2+wareshare_st_servo_controller v7:1+Type_C1:1+698b116-264-211:1+SOLID (15):1,SOLID (15),SOLID_15,True,0.000000,-1.000000,0.000000,1.554999,-0.258819,-0.000000,-0.965926,25.678115,0.965926,-0.000000,-0.258819,-18.400688,0.000000,0.000000,0.000000,1.000000
dovetail_umi_gripper:2+wareshare_st_servo_controller v7:1+Type_C1:1+698b116-264-211:1+SOLID (16):1,SOLID (16),SOLID_16,True,0.000000,-1.000000,0.000000,1.554999,-0.258819,-0.000000,-0.965926,25.678115,0.965926,-0.000000,-0.258819,-18.400688,0.000000,0.000000,0.000000,1.000000
dovetail_umi_gripper:2+wareshare_st_servo_controller v7:1+Type_C1:1+698b116-264-211:1+SOLID (17):1,SOLID (17),SOLID_17,True,0.000000,-1.000000,0.000000,1.554999,-0.258819,-0.000000,-0.965926,25.678115,0.965926,-0.000000,-0.258819,-18.400688,0.000000,0.000000,0.000000,1.000000
dovetail_umi_gripper:2+wareshare_st_servo_controller v7:1+Type_C1:1+698b116-264-211:1+SOLID (18):1,SOLID (18),SOLID_18,True,0.000000,-1.000000,0.000000,1.554999,-0.258819,-0.000000,-0.965926,25.678115,0.965926,-0.000000,-0.258819,-18.400688,0.000000,0.000000,0.000000,1.000000
dovetail_umi_gripper:2+wareshare_st_servo_controller v7:1+Type_C1:1+698b116-264-211:1+SOLID (19):1,SOLID (19),SOLID_19,True,0.000000,-1.000000,0.000000,1.554999,-0.258819,-0.000000,-0.965926,25.678115,0.965926,-0.000000,-0.258819,-18.400688,0.000000,0.000000,0.000000,1.000000
dovetail_umi_gripper:2+wareshare_st_servo_controller v7:1+Type_C1:1+698b116-264-211:1+SOLID (20):1,SOLID (20),SOLID_20,True,0.000000,-1.000000,0.000000,1.554999,-0.258819,-0.000000,-0.965926,25.678115,0.965926,-0.000000,-0.258819,-18.400688,0.000000,0.000000,0.000000,1.000000
dovetail_umi_gripper:2+wareshare_st_servo_controller v7:1+Type_C1:1+698b116-264-211:1+SOLID (21):1,SOLID (21),SOLID_21,True,0.000000,-1.000000,0.000000,1.554999,-0.258819,-0.000000,-0.965926,25.678115,0.965926,-0.000000,-0.258819,-18.400688,0.000000,0.000000,0.000000,1.000000
dovetail_umi_gripper:2+wareshare_st_servo_controller v7:1+U1:1+User_Library-QFN-16:1,User_Library-QFN-16,User_Library-QFN-16,True,-0.000000,-0.000000,-1.000000,0.405000,0.965926,0.258819,-0.000000,27.029693,0.258819,-0.965926,-0.000000,-16.724847,0.000000,0.000000,0.000000,1.000000
dovetail_umi_gripper:2+wareshare_st_servo_controller v7:1+U2:1+TO-223:1+User_Library-TO-223_1_1:1,User_Library-TO-223_1_1,User_Library-TO-223_1_1,True,0.000000,-1.000000,0.000000,0.325000,-0.965926,0.000000,0.258819,28.083652,-0.258819,-0.000000,-0.965926,-16.884239,0.000000,0.000000,0.000000,1.000000
dovetail_umi_gripper:2+wareshare_st_servo_controller v7:1+U2:1+TO-223:1+User_Library-TO-223_2_1:1,User_Library-TO-223_2_1,User_Library-TO-223_2_1,True,0.000000,-1.000000,0.000000,0.325000,-0.965926,0.000000,0.258819,28.083652,-0.258819,-0.000000,-0.965926,-16.884239,0.000000,0.000000,0.000000,1.000000
dovetail_umi_gripper:2+wareshare_st_servo_controller v7:1+U2:1+TO-223:1+User_Library-TO-223_3_1:1,User_Library-TO-223_3_1,User_Library-TO-223_3_1,True,0.000000,-1.000000,0.000000,0.325000,-0.965926,0.000000,0.258819,28.083652,-0.258819,-0.000000,-0.965926,-16.884239,0.000000,0.000000,0.000000,1.000000
dovetail_umi_gripper:2+wareshare_st_servo_controller v7:1+U2:1+TO-223:1+User_Library-TO-223_4_1:1,User_Library-TO-223_4_1,User_Library-TO-223_4_1,True,0.000000,-1.000000,0.000000,0.325000,-0.965926,0.000000,0.258819,28.083652,-0.258819,-0.000000,-0.965926,-16.884239,0.000000,0.000000,0.000000,1.000000
dovetail_umi_gripper:2+wareshare_st_servo_controller v7:1+U2:1+TO-223:1+User_Library-TO-223_5_1:1,User_Library-TO-223_5_1,User_Library-TO-223_5_1,True,0.000000,-1.000000,0.000000,0.325000,-0.965926,0.000000,0.258819,28.083652,-0.258819,-0.000000,-0.965926,-16.884239,0.000000,0.000000,0.000000,1.000000
dovetail_umi_gripper:2+wareshare_st_servo_controller v7:1+C8:1+User_Library-0603_SMD_Capacitor:7,User_Library-0603_SMD_Capacitor,User_Library-0603_SMD_Capacitor,True,0.000000,-1.000000,0.000000,0.405000,-0.965926,0.000000,0.258819,28.332890,-0.258819,-0.000000,-0.965926,-17.361501,0.000000,0.000000,0.000000,1.000000
dovetail_umi_gripper:2+wareshare_st_servo_controller v7:1+C9:1+C_0603:2+C_0603-7177_AF0_ASM:1+C_0603-683_AF0_ASM:1+2_1_200:1,2_1_200,2_1_200,True,0.000000,0.000000,-1.000000,0.402460,-0.965926,-0.258819,-0.000000,28.442393,-0.258819,0.965926,-0.000000,-17.729653,0.000000,0.000000,0.000000,1.000000
dovetail_umi_gripper:2+wareshare_st_servo_controller v7:1+C9:1+C_0603:2+C_0603-7177_AF0_ASM:1+C_0603-683_AF0_ASM:1+_1_1_20001:1,_1_1_20001,1_1_20001,True,0.000000,0.000000,-1.000000,0.402460,-0.965926,-0.258819,-0.000000,28.442393,-0.258819,0.965926,-0.000000,-17.729653,0.000000,0.000000,0.000000,1.000000
dovetail_umi_gripper:2+wareshare_st_servo_controller v7:1+C9:1+C_0603:2+C_0603-7177_AF0_ASM:1+C_0603-683_AF0_ASM:1+3_1_2_A:1,3_1_2_A,3_1_2_A,True,0.000000,0.000000,-1.000000,0.402460,-0.965926,-0.258819,-0.000000,28.442393,-0.258819,0.965926,-0.000000,-17.729653,0.000000,0.000000,0.000000,1.000000
dovetail_umi_gripper:2+wareshare_st_servo_controller v7:1+C10:1+C_0603:3+C_0603-7177_AF0_ASM:1+C_0603-683_AF0_ASM:1+2_1_200:1,2_1_200,2_1_200,True,-0.000000,-0.000000,-1.000000,0.402460,0.965926,0.258819,-0.000000,28.194887,0.258819,-0.965926,-0.000000,-18.422852,0.000000,0.000000,0.000000,1.000000
dovetail_umi_gripper:2+wareshare_st_servo_controller v7:1+C10:1+C_0603:3+C_0603-7177_AF0_ASM:1+C_0603-683_AF0_ASM:1+_1_1_20001:1,_1_1_20001,1_1_20001,True,-0.000000,-0.000000,-1.000000,0.402460,0.965926,0.258819,-0.000000,28.194887,0.258819,-0.965926,-0.000000,-18.422852,0.000000,0.000000,0.000000,1.000000
dovetail_umi_gripper:2+wareshare_st_servo_controller v7:1+C10:1+C_0603:3+C_0603-7177_AF0_ASM:1+C_0603-683_AF0_ASM:1+3_1_2_A:1,3_1_2_A,3_1_2_A,True,-0.000000,-0.000000,-1.000000,0.402460,0.965926,0.258819,-0.000000,28.194887,0.258819,-0.965926,-0.000000,-18.422852,0.000000,0.000000,0.000000,1.000000
dovetail_umi_gripper:2+wareshare_st_servo_controller v7:1+M1:1+User_Library-sop-8:1,User_Library-sop-8,User_Library-sop-8,True,-0.000000,0.000000,-1.000000,0.405000,0.258819,-0.965926,-0.000000,27.219549,-0.965926,-0.258819,-0.000000,-17.475293,0.000000,0.000000,0.000000,1.000000
dovetail_umi_gripper:2+wareshare_st_servo_controller v7:1+Q1:1+SOT-23:1,SOT-23,SOT-23,True,0.000000,-1.000000,0.000000,0.405000,-0.965926,0.000000,0.258819,28.678818,-0.258819,-0.000000,-0.965926,-18.567510,0.000000,0.000000,0.000000,1.000000
dovetail_umi_gripper:2+wareshare_st_servo_controller v7:1+R4:1+R0603:3+R_0603-3615_AF0_ASM:1+R_0603-3601_AF0_ASM:1+_2_1_2_3_4_AF0:1,_2_1_2_3_4_AF0,2_1_2_3_4_AF0,True,0.000000,-0.000000,-1.000000,0.405000,-0.258819,0.965926,-0.000000,28.655220,0.965926,0.258819,-0.000000,-18.195432,0.000000,0.000000,0.000000,1.000000
dovetail_umi_gripper:2+wareshare_st_servo_controller v7:1+R4:1+R0603:3+R_0603-3615_AF0_ASM:1+R_0603-3601_AF0_ASM:1+_7_1_2_AF0:1,_7_1_2_AF0,7_1_2_AF0,True,0.000000,-0.000000,-1.000000,0.405000,-0.258819,0.965926,-0.000000,28.655220,0.965926,0.258819,-0.000000,-18.195432,0.000000,0.000000,0.000000,1.000000
dovetail_umi_gripper:2+wareshare_st_servo_controller v7:1+R4:1+R0603:3+R_0603-3615_AF0_ASM:1+R_0603-3601_AF0_ASM:1+5_1_2_3_400:1,5_1_2_3_400,5_1_2_3_400,True,0.000000,-0.000000,-1.000000,0.405000,-0.258819,0.965926,-0.000000,28.655220,0.965926,0.258819,-0.000000,-18.195432,0.000000,0.000000,0.000000,1.000000
dovetail_umi_gripper:2+wareshare_st_servo_controller v7:1+R5:1+R0603:4+R_0603-3615_AF0_ASM:1+R_0603-3601_AF0_ASM:1+_2_1_2_3_4_AF0:1,_2_1_2_3_4_AF0,2_1_2_3_4_AF0,True,-0.000000,-0.000000,-1.000000,0.405000,0.965926,0.258819,-0.000000,28.130076,0.258819,-0.965926,-0.000000,-17.813882,0.000000,0.000000,0.000000,1.000000
dovetail_umi_gripper:2+wareshare_st_servo_controller v7:1+R5:1+R0603:4+R_0603-3615_AF0_ASM:1+R_0603-3601_AF0_ASM:1+_7_1_2_AF0:1,_7_1_2_AF0,7_1_2_AF0,True,-0.000000,-0.000000,-1.000000,0.405000,0.965926,0.258819,-0.000000,28.130076,0.258819,-0.965926,-0.000000,-17.813882,0.000000,0.000000,0.000000,1.000000
dovetail_umi_gripper:2+wareshare_st_servo_controller v7:1+R5:1+R0603:4+R_0603-3615_AF0_ASM:1+R_0603-3601_AF0_ASM:1+5_1_2_3_400:1,5_1_2_3_400,5_1_2_3_400,True,-0.000000,-0.000000,-1.000000,0.405000,0.965926,0.258819,-0.000000,28.130076,0.258819,-0.965926,-0.000000,-17.813882,0.000000,0.000000,0.000000,1.000000
dovetail_umi_gripper:2+wareshare_st_servo_controller v7:1+R6:1+R0603:5+R_0603-3615_AF0_ASM:1+R_0603-3601_AF0_ASM:1+_2_1_2_3_4_AF0:1,_2_1_2_3_4_AF0,2_1_2_3_4_AF0,True,0.000000,-0.000000,-1.000000,0.405000,-0.258819,0.965926,-0.000000,28.510331,0.965926,0.258819,-0.000000,-18.234255,0.000000,0.000000,0.000000,1.000000
dovetail_umi_gripper:2+wareshare_st_servo_controller v7:1+R6:1+R0603:5+R_0603-3615_AF0_ASM:1+R_0603-3601_AF0_ASM:1+_7_1_2_AF0:1,_7_1_2_AF0,7_1_2_AF0,True,0.000000,-0.000000,-1.000000,0.405000,-0.258819,0.965926,-0.000000,28.510331,0.965926,0.258819,-0.000000,-18.234255,0.000000,0.000000,0.000000,1.000000
dovetail_umi_gripper:2+wareshare_st_servo_controller v7:1+R6:1+R0603:5+R_0603-3615_AF0_ASM:1+R_0603-3601_AF0_ASM:1+5_1_2_3_400:1,5_1_2_3_400,5_1_2_3_400,True,0.000000,-0.000000,-1.000000,0.405000,-0.258819,0.965926,-0.000000,28.510331,0.965926,0.258819,-0.000000,-18.234255,0.000000,0.000000,0.000000,1.000000
dovetail_umi_gripper:2+wareshare_st_servo_controller v7:1+R7:1+R0603:6+R_0603-3615_AF0_ASM:1+R_0603-3601_AF0_ASM:1+_2_1_2_3_4_AF0:1,_2_1_2_3_4_AF0,2_1_2_3_4_AF0,True,0.000000,0.000000,-1.000000,0.405000,-0.965926,-0.258819,-0.000000,28.760319,-0.258819,0.965926,-0.000000,-18.871781,0.000000,0.000000,0.000000,1.000000
dovetail_umi_gripper:2+wareshare_st_servo_controller v7:1+R7:1+R0603:6+R_0603-3615_AF0_ASM:1+R_0603-3601_AF0_ASM:1+_7_1_2_AF0:1,_7_1_2_AF0,7_1_2_AF0,True,0.000000,0.000000,-1.000000,0.405000,-0.965926,-0.258819,-0.000000,28.760319,-0.258819,0.965926,-0.000000,-18.871781,0.000000,0.000000,0.000000,1.000000
dovetail_umi_gripper:2+wareshare_st_servo_controller v7:1+R7:1+R0603:6+R_0603-3615_AF0_ASM:1+R_0603-3601_AF0_ASM:1+5_1_2_3_400:1,5_1_2_3_400,5_1_2_3_400,True,0.000000,0.000000,-1.000000,0.405000,-0.965926,-0.258819,-0.000000,28.760319,-0.258819,0.965926,-0.000000,-18.871781,0.000000,0.000000,0.000000,1.000000
dovetail_umi_gripper:2+wareshare_st_servo_controller v7:1+R8:1+R0603:7+R_0603-3615_AF0_ASM:1+R_0603-3601_AF0_ASM:1+_2_1_2_3_4_AF0:1,_2_1_2_3_4_AF0,2_1_2_3_4_AF0,True,-0.000000,-0.000000,-1.000000,0.405000,0.965926,0.258819,-0.000000,28.233721,0.258819,-0.965926,-0.000000,-18.567742,0.000000,0.000000,0.000000,1.000000
dovetail_umi_gripper:2+wareshare_st_servo_controller v7:1+R8:1+R0603:7+R_0603-3615_AF0_ASM:1+R_0603-3601_AF0_ASM:1+_7_1_2_AF0:1,_7_1_2_AF0,7_1_2_AF0,True,-0.000000,-0.000000,-1.000000,0.405000,0.965926,0.258819,-0.000000,28.233721,0.258819,-0.965926,-0.000000,-18.567742,0.000000,0.000000,0.000000,1.000000
dovetail_umi_gripper:2+wareshare_st_servo_controller v7:1+R8:1+R0603:7+R_0603-3615_AF0_ASM:1+R_0603-3601_AF0_ASM:1+5_1_2_3_400:1,5_1_2_3_400,5_1_2_3_400,True,-0.000000,-0.000000,-1.000000,0.405000,0.965926,0.258819,-0.000000,28.233721,0.258819,-0.965926,-0.000000,-18.567742,0.000000,0.000000,0.000000,1.000000
dovetail_umi_gripper:2+wareshare_st_servo_controller v7:1+U3:1+1653192640:1+Extruded:1,Extruded,Extruded,True,0.000000,-0.000000,-1.000000,0.405000,-0.258819,0.965926,-0.000000,28.225088,0.965926,0.258819,-0.000000,-18.172785,0.000000,0.000000,0.000000,1.000000
dovetail_umi_gripper:2+wareshare_st_servo_controller v7:1+U3:1+736125216:1+Extruded (1):1,Extruded (1),Extruded_1,True,0.000000,-0.000000,-1.000000,0.400500,-0.258819,0.965926,-0.000000,28.115679,0.965926,0.258819,-0.000000,-18.128314,0.000000,0.000000,0.000000,1.000000
dovetail_umi_gripper:2+wareshare_st_servo_controller v7:1+U3:1+1653192640:2+Extruded:1,Extruded,Extruded,True,0.000000,-0.000000,-1.000000,0.405000,-0.258819,0.965926,-0.000000,28.134310,0.965926,0.258819,-0.000000,-18.197109,0.000000,0.000000,0.000000,1.000000
dovetail_umi_gripper:2+wareshare_st_servo_controller v7:1+U3:1+1653192640:3+Extruded:1,Extruded,Extruded,True,0.000000,-0.000000,-1.000000,0.405000,-0.258819,0.965926,-0.000000,28.043532,0.965926,0.258819,-0.000000,-18.221432,0.000000,0.000000,0.000000,1.000000
dovetail_umi_gripper:2+wareshare_st_servo_controller v7:1+U3:1+1653192640:4+Extruded:1,Extruded,Extruded,True,0.000000,-0.000000,-1.000000,0.405000,-0.258819,0.965926,-0.000000,28.005124,0.965926,0.258819,-0.000000,-18.087901,0.000000,0.000000,0.000000,1.000000
dovetail_umi_gripper:2+wareshare_st_servo_controller v7:1+U3:1+1653192640:5+Extruded:1,Extruded,Extruded,True,0.000000,-0.000000,-1.000000,0.405000,-0.258819,0.965926,-0.000000,28.186679,0.965926,0.258819,-0.000000,-18.039254,0.000000,0.000000,0.000000,1.000000
dovetail_umi_gripper:2+wareshare_st_servo_controller v7:1+U4:1+1653192640:6+Extruded:1,Extruded,Extruded,True,0.000000,-0.000000,-1.000000,0.405000,-0.258819,0.965926,-0.000000,28.420496,0.965926,0.258819,-0.000000,-18.902058,0.000000,0.000000,0.000000,1.000000
dovetail_umi_gripper:2+wareshare_st_servo_controller v7:1+U4:1+1653192640:7+Extruded:1,Extruded,Extruded,True,0.000000,-0.000000,-1.000000,0.405000,-0.258819,0.965926,-0.000000,28.329718,0.965926,0.258819,-0.000000,-18.926381,0.000000,0.000000,0.000000,1.000000
dovetail_umi_gripper:2+wareshare_st_servo_controller v7:1+U4:1+1653192640:8+Extruded:1,Extruded,Extruded,True,0.000000,-0.000000,-1.000000,0.405000,-0.258819,0.965926,-0.000000,28.238940,0.965926,0.258819,-0.000000,-18.950705,0.000000,0.000000,0.000000,1.000000
dovetail_umi_gripper:2+wareshare_st_servo_controller v7:1+U4:1+1653192640:9+Extruded:1,Extruded,Extruded,True,0.000000,-0.000000,-1.000000,0.405000,-0.258819,0.965926,-0.000000,28.200532,0.965926,0.258819,-0.000000,-18.817176,0.000000,0.000000,0.000000,1.000000
dovetail_umi_gripper:2+wareshare_st_servo_controller v7:1+U4:1+1653192640:10+Extruded:1,Extruded,Extruded,True,0.000000,-0.000000,-1.000000,0.405000,-0.258819,0.965926,-0.000000,28.382088,0.965926,0.258819,-0.000000,-18.768528,0.000000,0.000000,0.000000,1.000000
dovetail_umi_gripper:2+wareshare_st_servo_controller v7:1+U4:1+736125216:2+Extruded (1):1,Extruded (1),Extruded_1,True,0.000000,-0.000000,-1.000000,0.400500,-0.258819,0.965926,-0.000000,28.311088,0.965926,0.258819,-0.000000,-18.857589,0.000000,0.000000,0.000000,1.000000
dovetail_umi_gripper:2+wareshare_st_servo_controller v7:1+D1:1+SOD323:2,SOD323,SOD323,True,0.000000,0.000000,-1.000000,0.405000,-0.965926,-0.258819,-0.000000,27.478187,-0.258819,0.965926,-0.000000,-17.801671,0.000000,0.000000,0.000000,1.000000
dovetail_umi_gripper:2+wareshare_st_servo_controller v7:1+H2:1+840721760:1+Extruded (2):1,Extruded (2),Extruded_2,True,0.000000,-0.000000,-1.000000,0.625000,-0.258819,0.965926,-0.000000,28.834634,0.965926,0.258819,-0.000000,-16.054236,0.000000,0.000000,0.000000,1.000000
dovetail_umi_gripper:2+wareshare_st_servo_controller v7:1+H2:1+840721632:1+Extruded (3):1,Extruded (3),Extruded_3,True,0.000000,-0.000000,-1.000000,0.405000,-0.258819,0.965926,-0.000000,28.800498,0.965926,0.258819,-0.000000,-15.930541,0.000000,0.000000,0.000000,1.000000
dovetail_umi_gripper:2+wareshare_st_servo_controller v7:1+H2:1+840721760:2+Extruded (2):1,Extruded (2),Extruded_2,True,0.000000,-0.000000,-1.000000,0.625000,-0.258819,0.965926,-0.000000,28.768894,0.965926,0.258819,-0.000000,-15.808890,0.000000,0.000000,0.000000,1.000000
dovetail_umi_gripper:2+wareshare_st_servo_controller v7:1+H2:1+840721760:3+Extruded (2):1,Extruded (2),Extruded_2,True,0.000000,-0.000000,-1.000000,0.625000,-0.258819,0.965926,-0.000000,28.768894,0.965926,0.258819,-0.000000,-15.808890,0.000000,0.000000,0.000000,1.000000
dovetail_umi_gripper:2+wareshare_st_servo_controller v7:1+H2:1+840721760:4+Extruded (2):1,Extruded (2),Extruded_2,True,0.000000,-0.000000,-1.000000,0.625000,-0.258819,0.965926,-0.000000,28.703154,0.965926,0.258819,-0.000000,-15.563546,0.000000,0.000000,0.000000,1.000000
dovetail_umi_gripper:2+wareshare_st_servo_controller v7:1+H2:1+840721632:2+Extruded (3):1,Extruded (3),Extruded_3,True,0.000000,-0.000000,-1.000000,0.405000,-0.258819,0.965926,-0.000000,28.734758,0.965926,0.258819,-0.000000,-15.685195,0.000000,0.000000,0.000000,1.000000
dovetail_umi_gripper:2+wareshare_st_servo_controller v7:1+R1:1+R0603:8+R_0603-3615_AF0_ASM:1+R_0603-3601_AF0_ASM:1+_2_1_2_3_4_AF0:1,_2_1_2_3_4_AF0,2_1_2_3_4_AF0,True,0.000000,0.000000,-1.000000,0.405000,-0.965926,-0.258819,-0.000000,27.135262,-0.258819,0.965926,-0.000000,-17.893543,0.000000,0.000000,0.000000,1.000000
dovetail_umi_gripper:2+wareshare_st_servo_controller v7:1+R1:1+R0603:8+R_0603-3615_AF0_ASM:1+R_0603-3601_AF0_ASM:1+_7_1_2_AF0:1,_7_1_2_AF0,7_1_2_AF0,True,0.000000,0.000000,-1.000000,0.405000,-0.965926,-0.258819,-0.000000,27.135262,-0.258819,0.965926,-0.000000,-17.893543,0.000000,0.000000,0.000000,1.000000
dovetail_umi_gripper:2+wareshare_st_servo_controller v7:1+R1:1+R0603:8+R_0603-3615_AF0_ASM:1+R_0603-3601_AF0_ASM:1+5_1_2_3_400:1,5_1_2_3_400,5_1_2_3_400,True,0.000000,0.000000,-1.000000,0.405000,-0.965926,-0.258819,-0.000000,27.135262,-0.258819,0.965926,-0.000000,-17.893543,0.000000,0.000000,0.000000,1.000000
dovetail_umi_gripper:2+wareshare_st_servo_controller v7:1+H4:1+1653246912:1+Extruded (4):1,Extruded (4),Extruded_4,True,0.000000,-0.000000,-1.000000,0.625000,-0.258819,0.965926,-0.000000,27.168347,0.965926,0.258819,-0.000000,-15.843627,0.000000,0.000000,0.000000,1.000000
dovetail_umi_gripper:2+wareshare_st_servo_controller v7:1+H4:1+840721760:5+Extruded (2):1,Extruded (2),Extruded_2,True,0.000000,-0.000000,-1.000000,0.625000,-0.258819,0.965926,-0.000000,27.724777,0.965926,0.258819,-0.000000,-15.957493,0.000000,0.000000,0.000000,1.000000
dovetail_umi_gripper:2+wareshare_st_servo_controller v7:1+H4:1+840721760:6+Extruded (2):1,Extruded (2),Extruded_2,True,0.000000,-0.000000,-1.000000,0.625000,-0.258819,0.965926,-0.000000,27.659037,0.965926,0.258819,-0.000000,-15.712147,0.000000,0.000000,0.000000,1.000000
dovetail_umi_gripper:2+wareshare_st_servo_controller v7:1+H4:1+840721760:7+Extruded (2):1,Extruded (2),Extruded_2,True,0.000000,-0.000000,-1.000000,0.625000,-0.258819,0.965926,-0.000000,27.479432,0.965926,0.258819,-0.000000,-16.023233,0.000000,0.000000,0.000000,1.000000
dovetail_umi_gripper:2+wareshare_st_servo_controller v7:1+H4:1+840721760:8+Extruded (2):1,Extruded (2),Extruded_2,True,0.000000,-0.000000,-1.000000,0.625000,-0.258819,0.965926,-0.000000,27.413691,0.965926,0.258819,-0.000000,-15.777887,0.000000,0.000000,0.000000,1.000000
dovetail_umi_gripper:2+wareshare_st_servo_controller v7:1+H4:1+840721760:9+Extruded (2):1,Extruded (2),Extruded_2,True,0.000000,-0.000000,-1.000000,0.625000,-0.258819,0.965926,-0.000000,27.234087,0.965926,0.258819,-0.000000,-16.088973,0.000000,0.000000,0.000000,1.000000
dovetail_umi_gripper:2+wareshare_st_servo_controller v7:1+H4:1+840721632:3+Extruded (3):1,Extruded (3),Extruded_3,True,0.000000,-0.000000,-1.000000,0.405000,-0.258819,0.965926,-0.000000,27.690641,0.965926,0.258819,-0.000000,-15.833797,0.000000,0.000000,0.000000,1.000000
dovetail_umi_gripper:2+wareshare_st_servo_controller v7:1+H4:1+840721632:4+Extruded (3):1,Extruded (3),Extruded_3,True,0.000000,-0.000000,-1.000000,0.405000,-0.258819,0.965926,-0.000000,27.445296,0.965926,0.258819,-0.000000,-15.899537,0.000000,0.000000,0.000000,1.000000
dovetail_umi_gripper:2+wareshare_st_servo_controller v7:1+H4:1+840721632:5+Extruded (3):1,Extruded (3),Extruded_3,True,0.000000,-0.000000,-1.000000,0.405000,-0.258819,0.965926,-0.000000,27.199951,0.965926,0.258819,-0.000000,-15.965277,0.000000,0.000000,0.000000,1.000000
dovetail_umi_gripper:2+wareshare_st_servo_controller v7:1+D3:1+SOD323:3,SOD323,SOD323,True,-0.000000,0.000000,-1.000000,0.405000,0.258819,-0.965926,-0.000000,27.805814,-0.965926,-0.258819,-0.000000,-17.594826,0.000000,0.000000,0.000000,1.000000
dovetail_umi_gripper:2+wareshare_st_servo_controller v7:1+D4:1+SOD323:4,SOD323,SOD323,True,0.000000,-0.000000,-1.000000,0.405000,-0.258819,0.965926,-0.000000,27.694522,0.965926,0.258819,-0.000000,-17.179479,0.000000,0.000000,0.000000,1.000000
dovetail_umi_gripper:2+wareshare_st_servo_controller v7:1+LED1:1+User_Library-LED_0603_R:1+User_Library-LED_0603_R_Pocket002:1,User_Library-LED_0603_R_Pocket002,User_Library-LED_0603_R_Pocket002,True,-0.000000,-0.000000,-1.000000,0.405000,0.965926,0.258819,-0.000000,26.471778,0.258819,-0.965926,-0.000000,-15.726431,0.000000,0.000000,0.000000,1.000000
dovetail_umi_gripper:2+wareshare_st_servo_controller v7:1+LED1:1+User_Library-LED_0603_R:1+User_Library-LED_0603_R_Pad004:1,User_Library-LED_0603_R_Pad004,User_Library-LED_0603_R_Pad004,True,-0.000000,0.000000,1.000000,0.405000,0.965926,-0.258819,0.000000,26.471778,0.258819,0.965926,0.000000,-15.726431,0.000000,0.000000,0.000000,1.000000
dovetail_umi_gripper:2+wareshare_st_servo_controller v7:1+LED1:1+User_Library-LED_0603_R:1+User_Library-LED_0603_R_Fillet:1,User_Library-LED_0603_R_Fillet,User_Library-LED_0603_R_Fillet,True,-0.000000,-0.000000,-1.000000,0.405000,0.965926,0.258819,-0.000000,26.471778,0.258819,-0.965926,-0.000000,-15.726431,0.000000,0.000000,0.000000,1.000000
dovetail_umi_gripper:2+wareshare_st_servo_controller v7:1+LED1:1+User_Library-LED_0603_R:1+User_Library-LED_0603_R_Pocket001:1,User_Library-LED_0603_R_Pocket001,User_Library-LED_0603_R_Pocket001,True,-0.000000,-0.000000,-1.000000,0.405000,0.965926,0.258819,-0.000000,26.471778,0.258819,-0.965926,-0.000000,-15.726431,0.000000,0.000000,0.000000,1.000000
dovetail_umi_gripper:2+wareshare_st_servo_controller v7:1+LED1:1+User_Library-LED_0603_R:1+User_Library-LED_0603_R_Pad:1,User_Library-LED_0603_R_Pad,User_Library-LED_0603_R_Pad,True,-0.000000,-0.000000,-1.000000,0.405000,0.965926,0.258819,-0.000000,26.471778,0.258819,-0.965926,-0.000000,-15.726431,0.000000,0.000000,0.000000,1.000000
dovetail_umi_gripper:2+wareshare_st_servo_controller v7:1+R9:1+R0603:9+R_0603-3615_AF0_ASM:1+R_0603-3601_AF0_ASM:1+_2_1_2_3_4_AF0:1,_2_1_2_3_4_AF0,2_1_2_3_4_AF0,True,0.000000,0.000000,-1.000000,0.405000,-0.965926,-0.258819,-0.000000,26.742223,-0.258819,0.965926,-0.000000,-15.653956,0.000000,0.000000,0.000000,1.000000
dovetail_umi_gripper:2+wareshare_st_servo_controller v7:1+R9:1+R0603:9+R_0603-3615_AF0_ASM:1+R_0603-3601_AF0_ASM:1+_7_1_2_AF0:1,_7_1_2_AF0,7_1_2_AF0,True,0.000000,0.000000,-1.000000,0.405000,-0.965926,-0.258819,-0.000000,26.742223,-0.258819,0.965926,-0.000000,-15.653956,0.000000,0.000000,0.000000,1.000000
dovetail_umi_gripper:2+wareshare_st_servo_controller v7:1+R9:1+R0603:9+R_0603-3615_AF0_ASM:1+R_0603-3601_AF0_ASM:1+5_1_2_3_400:1,5_1_2_3_400,5_1_2_3_400,True,0.000000,0.000000,-1.000000,0.405000,-0.965926,-0.258819,-0.000000,26.742223,-0.258819,0.965926,-0.000000,-15.653956,0.000000,0.000000,0.000000,1.000000
dovetail_umi_gripper:2+CNC_arm13_x2_RS05_shaft_coupler:1,CNC_arm13_x2_RS05_shaft_coupler,CNC_arm13_x2_RS05_shaft_coupler,False,-1.000000,0.000000,0.000000,0.015000,-0.000000,-0.965926,-0.258819,27.057478,-0.000000,-0.258819,0.965926,-1.665405,0.000000,0.000000,0.000000,1.000000
dovetail_umi_gripper:2+buck_converter_48_to_12:1,buck_converter_48_to_12,buck_converter_48_to_12,True,-0.000000,0.000000,-1.000000,0.815000,0.258819,-0.965926,-0.000000,35.293863,-0.965926,-0.258819,-0.000000,-15.210533,0.000000,0.000000,0.000000,1.000000
dovetail_umi_gripper:2+base:1+apriltag_holder:1,apriltag_holder,apriltag_holder,True,-0.000000,0.000000,-1.000000,-0.985000,0.258819,-0.965926,-0.000000,31.633847,-0.965926,-0.258819,-0.000000,-16.426423,0.000000,0.000000,0.000000,1.000000
dovetail_umi_gripper:2+base:1,base,base,True,-0.000000,0.000000,-1.000000,-0.985000,0.258819,-0.965926,-0.000000,31.633847,-0.965926,-0.258819,-0.000000,-16.426423,0.000000,0.000000,0.000000,1.000000
dovetail_umi_gripper:2+apriltag:2,apriltag,apriltag,True,-0.000000,0.000000,-1.000000,-4.484871,0.258819,-0.965926,-0.000000,14.646868,-0.965926,-0.258819,-0.000000,-10.791498,0.000000,0.000000,0.000000,1.000000
dovetail_umi_gripper:2+apriltag:3,apriltag,apriltag,True,-0.000000,-0.000000,1.000000,4.515000,0.258819,0.965926,0.000000,31.998538,-0.965926,0.258819,0.000000,-6.022086,0.000000,0.000000,0.000000,1.000000
dovetail_umi_gripper:2+apriltag:4,apriltag,apriltag,True,0.000000,0.000000,-1.000000,-0.685000,0.258819,-0.965926,-0.000000,24.791857,-0.965926,-0.258819,-0.000000,-8.073156,0.000000,0.000000,0.000000,1.000000
dovetail_umi_gripper:2+apriltag_holder:2,apriltag_holder,apriltag_holder,True,-0.000000,-0.000000,1.000000,1.015000,0.258819,0.965926,0.000000,30.474736,-0.965926,0.258819,0.000000,-16.737006,0.000000,0.000000,0.000000,1.000000
dovetail_umi_gripper:2+apriltag:5,apriltag,apriltag,True,-0.000000,-0.000000,1.000000,5.064936,0.258819,0.965926,0.000000,34.861231,-0.965926,0.258819,0.000000,-0.266150,0.000000,0.000000,0.000000,1.000000
dovetail_umi_gripper:2+apriltag:6,apriltag,apriltag,True,-0.000000,0.000000,-1.000000,-5.034936,0.258819,-0.965926,-0.000000,17.474566,-0.965926,-0.258819,-0.000000,-4.924893,0.000000,0.000000,0.000000,1.000000
dovetail_umi_gripper:2+apriltag:7,apriltag,apriltag,True,-0.000000,0.000000,-1.000000,-5.034936,0.258819,-0.965926,-0.000000,19.599603,-0.965926,-0.258819,-0.000000,-4.355491,0.000000,0.000000,0.000000,1.000000
dovetail_umi_gripper:2+apriltag:8,apriltag,apriltag,True,-0.000000,-0.000000,1.000000,5.064936,0.258819,0.965926,0.000000,36.986268,-0.965926,0.258819,0.000000,0.303252,0.000000,0.000000,0.000000,1.000000
dovetail_umi_gripper:2,dovetail_umi_gripper,dovetail_umi_gripper,True,-0.000000,0.000000,-1.000000,-0.985000,0.258819,-0.965926,-0.000000,31.633847,-0.965926,-0.258819,-0.000000,-16.426423,0.000000,0.000000,0.000000,1.000000
000_left_arm_long_wrist_latest:1+shoulder_pitch:shoulder_roll:2+CNC_arm01_x2_shoulder_roll_front_bearing_retainer:1,CNC_arm01_x2_shoulder_roll_front_bearing_retainer,CNC_arm01_x2_shoulder_roll_front_bearing_retainer,True,1.000000,0.000000,0.000000,0.000000,0.000000,-1.000000,0.000000,8.300000,0.000000,-0.000000,-1.000000,34.750000,0.000000,0.000000,0.000000,1.000000
000_left_arm_long_wrist_latest:1+shoulder_pitch:shoulder_roll:2+CNC_arm02_x2_shoulder_roll_back_bearing_retainer:1,CNC_arm02_x2_shoulder_roll_back_bearing_retainer,CNC_arm02_x2_shoulder_roll_back_bearing_retainer,True,1.000000,0.000000,0.000000,0.000000,0.000000,-1.000000,0.000000,8.300000,0.000000,-0.000000,-1.000000,34.750000,0.000000,0.000000,0.000000,1.000000
000_left_arm_long_wrist_latest:1+shoulder_pitch:shoulder_roll:2+CNC_leg02_x7_RS03_shaft_coupler:1,CNC_leg02_x7_RS03_shaft_coupler,CNC_leg02_x7_RS03_shaft_coupler~3,True,-0.000000,-1.000000,0.000000,13.329776,0.000000,-0.000000,-1.000000,-13.821703,1.000000,0.000000,0.000000,34.750001,0.000000,0.000000,0.000000,1.000000
000_left_arm_long_wrist_latest:1+shoulder_roll:shoulder_yaw:2+robstride_02-No_back_cover:1+02-3D-20211009(1).stp:1+3_1_02_067_0020_ASM_1_ASM.stp:1+1_2_16_001330_ASM_1_ASM.stp:1+PCBMODEL_ASM_1_ASM.stp:1+JRZS-J2_ASM_1_ASM.stp:1+CONN-TH_4P-XT30PW-M_ASM_1_ASM.stp:1+SOLID-183013_1.stp:1,SOLID-183013_1.stp,SOLID-183013_1.stp,True,0.770316,-0.637663,-0.000000,1.569111,-0.615935,-0.744068,0.258819,20.564061,-0.165039,-0.199372,-0.965926,29.827056,0.000000,0.000000,0.000000,1.000000
000_left_arm_long_wrist_latest:1+shoulder_roll:shoulder_yaw:2+robstride_02-No_back_cover:1+02-3D-20211009(1).stp:1+3_1_02_067_0020_ASM_1_ASM.stp:1+1_2_16_001330_ASM_1_ASM.stp:1+PCBMODEL_ASM_1_ASM.stp:1+JRZS-J1_ASM_1_ASM.stp:1+CONN-TH_4P-XT30PW-M_ASM_1_ASM.stp:2+SOLID-183013_1.stp:1,SOLID-183013_1.stp,SOLID-183013_1.stp,True,-0.770316,0.637663,-0.000000,-1.587325,0.615935,0.744068,0.258819,16.880918,0.165039,0.199372,-0.965926,28.840161,0.000000,0.000000,0.000000,1.000000
000_left_arm_long_wrist_latest:1+shoulder_roll:shoulder_yaw:2+robstride_02-No_back_cover:1+02-3D-20211009(1).stp:1+3_1_02_067_0020_ASM_1_ASM.stp:1+1_2_16_001330_ASM_1_ASM.stp:1+PCBMODEL_ASM_1_ASM.stp:1+BOARD-17_1.stp:1,BOARD-17_1.stp,BOARD-17_1.stp,True,0.770316,0.637663,0.000000,0.006835,-0.615935,0.744068,-0.258819,18.741092,-0.165039,0.199372,0.965926,29.338593,0.000000,0.000000,0.000000,1.000000
000_left_arm_long_wrist_latest:1+shoulder_roll:shoulder_yaw:2+robstride_02-No_back_cover:1+02-3D-20211009(1).stp:1+3_1_02_067_0020_ASM_1_ASM.stp:1+1_1_06_EB673-516_1.stp:1,1_1_06_EB673-516_1.stp,1_1_06_EB673-516_1.stp,True,0.808401,-0.588632,0.000000,-2.007974,0.568575,0.780855,-0.258819,12.861649,0.152349,0.209230,0.965926,26.469107,0.000000,0.000000,0.000000,1.000000
000_left_arm_long_wrist_latest:1+shoulder_roll:shoulder_yaw:2+robstride_02-No_back_cover:1+02-3D-20211009(1).stp:1+3_1_02_067_0020_ASM_1_ASM.stp:1+shaft 1_1_02_EB671-502_1.stp:1,shaft 1_1_02_EB671-502_1.stp,shaft_1_1_02_EB671-502_1.stp,True,-0.500000,0.866025,0.000000,0.000000,-0.836516,-0.482963,-0.258819,19.600901,-0.224144,-0.129410,0.965926,26.162919,0.000000,0.000000,0.000000,1.000000
000_left_arm_long_wrist_latest:1+shoulder_roll:shoulder_yaw:2+robstride_02-No_back_cover:1+02-3D-20211009(1).stp:1+3_1_02_067_0020_ASM_1_ASM.stp:1+1_1_04_EB672-503_1.stp:1,1_1_04_EB672-503_1.stp,1_1_04_EB672-503_1.stp,True,-0.642788,-0.766044,-0.000000,0.000000,-0.739942,0.620885,0.258819,18.995265,-0.198267,0.166366,-0.965926,28.423186,0.000000,0.000000,0.000000,1.000000
000_left_arm_long_wrist_latest:1+shoulder_roll:shoulder_yaw:2+robstride_02-No_back_cover:1+02-3D-20211009(1).stp:1+3_1_02_067_0020_ASM_1_ASM.stp:1+1_2_05_QT-647_1.stp:1,1_2_05_QT-647_1.stp,1_2_05_QT-647_1.stp,True,-0.808401,0.000000,-0.588632,0.771345,-0.568575,-0.258819,0.780855,20.090251,-0.152349,0.965926,0.209230,27.888365,0.000000,0.000000,0.000000,1.000000
000_left_arm_long_wrist_latest:1+shoulder_roll:shoulder_yaw:2+robstride_02-No_back_cover:1+02-3D-20211009(1).stp:1+3_1_02_067_0020_ASM_1_ASM.stp:1+1_2_05_QT-647_1.stp:2,1_2_05_QT-647_1.stp,1_2_05_QT-647_1.stp,True,0.913971,0.000000,-0.405780,-1.181769,-0.391953,-0.258819,-0.882828,19.403597,-0.105024,0.965926,-0.236553,27.704377,0.000000,0.000000,0.000000,1.000000
000_left_arm_long_wrist_latest:1+shoulder_roll:shoulder_yaw:2+robstride_02-No_back_cover:1+02-3D-20211009(1).stp:1+3_1_02_067_0020_ASM_1_ASM.stp:1+1_2_05_QT-647_1.stp:3,1_2_05_QT-647_1.stp,1_2_05_QT-647_1.stp,True,-0.105570,0.000000,0.994412,0.410424,0.960528,-0.258819,0.101973,18.113112,0.257373,0.965926,0.027323,27.358593,0.000000,0.000000,0.000000,1.000000
000_left_arm_long_wrist_latest:1+shoulder_roll:shoulder_yaw:2+robstride_02-No_back_cover:1+02-3D-20211009(1).stp:1+3_1_02_067_0020_ASM_1_ASM.stp:1+1_1_31_PL674-504_1.stp:1,1_1_31_PL674-504_1.stp,1_1_31_PL674-504_1.stp,True,-0.821351,0.570423,-0.000000,2.543140,0.550987,0.793364,0.258819,21.577052,0.147636,0.212581,-0.965926,28.804391,0.000000,0.000000,0.000000,1.000000
000_left_arm_long_wrist_latest:1+shoulder_roll:shoulder_yaw:2+robstride_02-No_back_cover:1+02-3D-20211009(1).stp:1+3_1_02_067_0020_ASM_1_ASM.stp:1+1_2_04_670601_1.stp:1,1_2_04_670601_1.stp,1_2_04_670601_1.stp,True,0.808401,-0.588632,0.000000,0.000000,0.568575,0.780855,-0.258819,19.719958,0.152349,0.209230,0.965926,25.718594,0.000000,0.000000,0.000000,1.000000
000_left_arm_long_wrist_latest:1+shoulder_roll:shoulder_yaw:2+robstride_02-No_back_cover:1+02-3D-20211009(1).stp:1+3_1_02_067_0020_ASM_1_ASM.stp:1+1_2_06_000392_1.stp:1,1_2_06_000392_1.stp,1_2_06_000392_1.stp,True,0.808401,-0.588632,0.000000,0.000000,0.568575,0.780855,-0.258819,19.736522,0.152349,0.209230,0.965926,25.656774,0.000000,0.000000,0.000000,1.000000
000_left_arm_long_wrist_latest:1+shoulder_roll:shoulder_yaw:2+robstride_02-No_back_cover:1+02-3D-20211009(1).stp:1+3_1_02_067_0020_ASM_1_ASM.stp:1+1_2_05_QT-170_1.stp:1,1_2_05_QT-170_1.stp,1_2_05_QT-170_1.stp,True,-0.808401,-0.588632,-0.000000,-1.992432,-0.568575,0.780855,0.258819,18.643441,-0.152349,0.209230,-0.965926,29.062528,0.000000,0.000000,0.000000,1.000000
000_left_arm_long_wrist_latest:1+shoulder_roll:shoulder_yaw:2+robstride_02-No_back_cover:1+02-3D-20211009(1).stp:1+3_1_02_067_0020_ASM_1_ASM.stp:1+1_2_05_QT-170_1.stp:2,1_2_05_QT-170_1.stp,1_2_05_QT-170_1.stp,True,-0.588632,0.808401,-0.000000,-0.174362,0.780855,0.568575,0.258819,20.736403,0.209230,0.152349,-0.965926,29.623335,0.000000,0.000000,0.000000,1.000000
000_left_arm_long_wrist_latest:1+shoulder_roll:shoulder_yaw:2+robstride_02-No_back_cover:1+02-3D-20211009(1).stp:1+3_1_02_067_0020_ASM_1_ASM.stp:1+1_2_05_QT-170_1.stp:3,1_2_05_QT-170_1.stp,1_2_05_QT-170_1.stp,True,0.808401,0.588632,-0.000000,1.992432,0.568575,-0.780855,0.258819,18.980282,0.152349,-0.209230,-0.965926,29.152784,0.000000,0.000000,0.000000,1.000000
000_left_arm_long_wrist_latest:1+shoulder_roll:shoulder_yaw:2+robstride_02-No_back_cover:1+02-3D-20211009(1).stp:1+3_1_02_067_0020_ASM_1_ASM.stp:1+1_2_05_QT-170_1.stp:4,1_2_05_QT-170_1.stp,1_2_05_QT-170_1.stp,True,0.588632,-0.808401,-0.000000,0.174362,-0.780855,-0.568575,0.258819,16.887320,-0.209230,-0.152349,-0.965926,28.591977,0.000000,0.000000,0.000000,1.000000
000_left_arm_long_wrist_latest:1+shoulder_roll:shoulder_yaw:2+robstride_02-No_back_cover:1+02-3D-20211009(1).stp:1+3_1_02_067_0020_ASM_1_ASM.stp:1+1_2_05_030080_1.stp:1,1_2_05_030080_1.stp,1_2_05_030080_1.stp,True,-0.808401,0.000000,-0.588632,-2.346175,-0.568575,-0.258819,0.780855,16.255653,-0.152349,0.965926,0.209230,27.844401,0.000000,0.000000,0.000000,1.000000
000_left_arm_long_wrist_latest:1+shoulder_roll:shoulder_yaw:2+robstride_02-No_back_cover:1+Component21:1,Component21,Component21,True,0.642788,0.766044,-0.000000,0.000000,0.739942,-0.620885,0.258819,19.681135,0.198267,-0.166366,-0.965926,25.863482,0.000000,0.000000,0.000000,1.000000
000_left_arm_long_wrist_latest:1+shoulder_roll:shoulder_yaw:2+3DP_arm05_x4_RS02_shaft_bearing_retainer:1,3DP_arm05_x4_RS02_shaft_bearing_retainer,3DP_arm05_x4_RS02_shaft_bearing_retainer,True,1.000000,0.000000,0.000000,0.000000,0.000000,0.965926,-0.258819,25.993332,-0.000000,0.258819,0.965926,37.079371,0.000000,0.000000,0.000000,1.000000
000_left_arm_long_wrist_latest:1+shoulder_roll:shoulder_yaw:2+CNC_arm10_x4_r03_back_cover:1,CNC_arm10_x4_r03_back_cover,CNC_arm10_x4_r03_back_cover,True,-1.000000,-0.000000,0.000000,0.000000,0.000000,-0.965926,-0.258819,8.606668,0.000000,-0.258819,0.965926,32.420629,0.000000,0.000000,0.000000,1.000000
000_left_arm_long_wrist_latest:1+shoulder_roll:shoulder_yaw:2+CNC_arm04_x4_shoulder_elbow_support_shaft:1,CNC_arm04_x4_shoulder_elbow_support_shaft,CNC_arm04_x4_shoulder_elbow_support_shaft,True,1.000000,0.000000,0.000000,0.000000,0.000000,0.965926,-0.258819,25.993332,-0.000000,0.258819,0.965926,37.079371,0.000000,0.000000,0.000000,1.000000
000_left_arm_long_wrist_latest:1+shoulder_roll:shoulder_yaw:2+CNC_arm03_x2_shoulder_roll_output_shaft:1,CNC_arm03_x2_shoulder_roll_output_shaft,CNC_arm03_x2_shoulder_roll_output_shaft,True,-1.000000,-0.000000,-0.000000,0.000000,-0.000000,0.965926,0.258819,25.993332,0.000000,0.258819,-0.965926,37.079371,0.000000,0.000000,0.000000,1.000000
000_left_arm_long_wrist_latest:1+shoulder_yaw:elbow:2+3DP_arm06_x4_RS02_shaft_coupler:1+Knurled Insert M3xH8:1,Knurled Insert M3xH8,Knurled_Insert_M3xH8,True,-1.000000,-0.000000,-0.000000,-1.500000,-0.000000,0.965926,0.258819,19.583431,-0.000000,0.258819,-0.965926,18.693897,0.000000,0.000000,0.000000,1.000000
000_left_arm_long_wrist_latest:1+shoulder_yaw:elbow:2+3DP_arm06_x4_RS02_shaft_coupler:1+Knurled Insert M3xH8:2,Knurled Insert M3xH8,Knurled_Insert_M3xH8,True,-1.000000,-0.000000,-0.000000,0.000000,-0.000000,0.965926,0.258819,19.583431,-0.000000,0.258819,-0.965926,18.693897,0.000000,0.000000,0.000000,1.000000
000_left_arm_long_wrist_latest:1+shoulder_yaw:elbow:2+3DP_arm06_x4_RS02_shaft_coupler:1+Knurled Insert M3xH8:3,Knurled Insert M3xH8,Knurled_Insert_M3xH8,True,-1.000000,-0.000000,-0.000000,1.500000,-0.000000,0.965926,0.258819,19.583431,-0.000000,0.258819,-0.965926,18.693897,0.000000,0.000000,0.000000,1.000000
000_left_arm_long_wrist_latest:1+shoulder_yaw:elbow:2+3DP_arm06_x4_RS02_shaft_coupler:1+Knurled Insert M3xH8:4,Knurled Insert M3xH8,Knurled_Insert_M3xH8,True,-1.000000,0.000000,0.000000,-1.500000,-0.000000,-0.965926,-0.258819,23.350542,-0.000000,-0.258819,0.965926,19.703291,0.000000,0.000000,0.000000,1.000000
000_left_arm_long_wrist_latest:1+shoulder_yaw:elbow:2+3DP_arm06_x4_RS02_shaft_coupler:1+Knurled Insert M3xH8:5,Knurled Insert M3xH8,Knurled_Insert_M3xH8,True,-1.000000,0.000000,0.000000,-0.000000,-0.000000,-0.965926,-0.258819,23.350542,-0.000000,-0.258819,0.965926,19.703291,0.000000,0.000000,0.000000,1.000000
000_left_arm_long_wrist_latest:1+shoulder_yaw:elbow:2+3DP_arm06_x4_RS02_shaft_coupler:1+Knurled Insert M3xH8:6,Knurled Insert M3xH8,Knurled_Insert_M3xH8,True,-1.000000,0.000000,0.000000,1.500000,-0.000000,-0.965926,-0.258819,23.350542,-0.000000,-0.258819,0.965926,19.703291,0.000000,0.000000,0.000000,1.000000
000_left_arm_long_wrist_latest:1+shoulder_yaw:elbow:2+3DP_arm06_x4_RS02_shaft_coupler:1,3DP_arm06_x4_RS02_shaft_coupler,3DP_arm06_x4_RS02_shaft_coupler,True,-1.000000,0.000000,0.000000,0.000000,-0.000000,-0.965926,-0.258819,8.606668,-0.000000,-0.258819,0.965926,32.420629,0.000000,0.000000,0.000000,1.000000
000_left_arm_long_wrist_latest:1+shoulder_yaw:elbow:2+CNC_arm07_x2_elbow_front_bearing_retainer:1,CNC_arm07_x2_elbow_front_bearing_retainer,CNC_arm07_x2_elbow_front_bearing_retainer,True,-1.000000,0.000000,0.000000,0.000000,-0.000000,-0.965926,-0.258819,8.606668,-0.000000,-0.258819,0.965926,32.420629,0.000000,0.000000,0.000000,1.000000
000_left_arm_long_wrist_latest:1+shoulder_yaw:elbow:2+CNC_arm08_x2_elbow_back_bearing_retainer:1,CNC_arm08_x2_elbow_back_bearing_retainer,CNC_arm08_x2_elbow_back_bearing_retainer,True,-1.000000,0.000000,0.000000,0.000000,-0.000000,-0.965926,-0.258819,8.606668,-0.000000,-0.258819,0.965926,32.420629,0.000000,0.000000,0.000000,1.000000
000_left_arm_long_wrist_latest:1+robstride_02-No_back_cover:4+02-3D-20211009(1).stp:1+3_1_02_067_0020_ASM_1_ASM.stp:1+1_2_16_001330_ASM_1_ASM.stp:1+PCBMODEL_ASM_1_ASM.stp:1+JRZS-J2_ASM_1_ASM.stp:1+CONN-TH_4P-XT30PW-M_ASM_1_ASM.stp:1+SOLID-183013_1.stp:1,SOLID-183013_1.stp,SOLID-183013_1.stp,True,-0.185285,-0.982685,-0.000000,2.403375,0.254338,-0.047955,0.965926,21.183891,-0.949201,0.178972,0.258819,13.880011,0.000000,0.000000,0.000000,1.000000
000_left_arm_long_wrist_latest:1+robstride_02-No_back_cover:4+02-3D-20211009(1).stp:1+3_1_02_067_0020_ASM_1_ASM.stp:1+1_2_16_001330_ASM_1_ASM.stp:1+PCBMODEL_ASM_1_ASM.stp:1+JRZS-J1_ASM_1_ASM.stp:1+CONN-TH_4P-XT30PW-M_ASM_1_ASM.stp:2+SOLID-183013_1.stp:1,SOLID-183013_1.stp,SOLID-183013_1.stp,True,0.185285,0.982685,-0.000000,-2.460925,-0.254338,0.047955,0.965926,20.946512,0.949201,-0.178972,0.258819,14.765923,0.000000,0.000000,0.000000,1.000000
000_left_arm_long_wrist_latest:1+robstride_02-No_back_cover:4+02-3D-20211009(1).stp:1+3_1_02_067_0020_ASM_1_ASM.stp:1+1_2_16_001330_ASM_1_ASM.stp:1+PCBMODEL_ASM_1_ASM.stp:1+BOARD-17_1.stp:1,BOARD-17_1.stp,BOARD-17_1.stp,True,-0.185285,0.982685,0.000000,-0.004208,0.254338,0.047955,-0.965926,21.066400,-0.949201,-0.178972,-0.258819,14.318493,0.000000,0.000000,0.000000,1.000000
000_left_arm_long_wrist_latest:1+robstride_02-No_back_cover:4+02-3D-20211009(1).stp:1+3_1_02_067_0020_ASM_1_ASM.stp:1+1_1_06_EB673-516_1.stp:1,1_1_06_EB673-516_1.stp,1_1_06_EB673-516_1.stp,True,0.906308,0.422618,0.000000,-6.599036,0.109382,-0.234570,-0.965926,22.621723,-0.408218,0.875426,-0.258819,13.343575,0.000000,0.000000,0.000000,1.000000
000_left_arm_long_wrist_latest:1+robstride_02-No_back_cover:4+02-3D-20211009(1).stp:1+3_1_02_067_0020_ASM_1_ASM.stp:1+shaft 1_1_02_EB671-502_1.stp:1,shaft 1_1_02_EB671-502_1.stp,shaft_1_1_02_EB671-502_1.stp,True,-0.754022,-0.656849,0.000000,-0.000000,-0.170005,0.195155,-0.965926,24.241673,0.634467,-0.728329,-0.258819,15.179799,0.000000,0.000000,0.000000,1.000000
000_left_arm_long_wrist_latest:1+robstride_02-No_back_cover:4+02-3D-20211009(1).stp:1+3_1_02_067_0020_ASM_1_ASM.stp:1+1_1_04_EB672-503_1.stp:1,1_1_04_EB672-503_1.stp,1_1_04_EB672-503_1.stp,True,-0.981427,0.191837,-0.000000,0.000000,-0.049651,-0.254012,0.965926,21.981406,0.185300,0.947986,0.258819,14.574162,0.000000,0.000000,0.000000,1.000000
000_left_arm_long_wrist_latest:1+robstride_02-No_back_cover:4+02-3D-20211009(1).stp:1+3_1_02_067_0020_ASM_1_ASM.stp:1+1_2_05_QT-647_1.stp:1,1_2_05_QT-647_1.stp,1_2_05_QT-647_1.stp,True,-0.906308,0.000000,0.422618,1.177712,-0.109382,-0.965926,-0.234570,22.813728,0.408218,-0.258819,0.875426,14.558857,0.000000,0.000000,0.000000,1.000000
000_left_arm_long_wrist_latest:1+robstride_02-No_back_cover:4+02-3D-20211009(1).stp:1+3_1_02_067_0020_ASM_1_ASM.stp:1+1_2_05_QT-647_1.stp:2,1_2_05_QT-647_1.stp,1_2_05_QT-647_1.stp,True,0.087156,0.000000,-0.996195,-0.389493,0.257834,-0.965926,0.022558,22.460379,-0.962250,-0.258819,-0.084186,15.877573,0.000000,0.000000,0.000000,1.000000
000_left_arm_long_wrist_latest:1+robstride_02-No_back_cover:4+02-3D-20211009(1).stp:1+3_1_02_067_0020_ASM_1_ASM.stp:1+1_2_05_QT-647_1.stp:3,1_2_05_QT-647_1.stp,1_2_05_QT-647_1.stp,True,0.819152,0.000000,0.573576,-0.788219,-0.148453,-0.965926,0.212012,22.988333,0.554032,-0.258819,-0.791240,13.907222,0.000000,0.000000,0.000000,1.000000
000_left_arm_long_wrist_latest:1+robstride_02-No_back_cover:4+02-3D-20211009(1).stp:1+3_1_02_067_0020_ASM_1_ASM.stp:1+1_1_31_PL674-504_1.stp:1,1_1_31_PL674-504_1.stp,1_1_31_PL674-504_1.stp,True,0.101746,0.994810,-0.000000,3.499356,-0.257476,0.026334,0.965926,22.522520,0.960913,-0.098280,0.258819,13.713810,0.000000,0.000000,0.000000,1.000000
000_left_arm_long_wrist_latest:1+robstride_02-No_back_cover:4+02-3D-20211009(1).stp:1+3_1_02_067_0020_ASM_1_ASM.stp:1+1_2_04_670601_1.stp:1,1_2_04_670601_1.stp,1_2_04_670601_1.stp,True,0.906308,0.422618,0.000000,-0.000000,0.109382,-0.234570,-0.965926,24.685998,-0.408218,0.875426,-0.258819,15.298855,0.000000,0.000000,0.000000,1.000000
000_left_arm_long_wrist_latest:1+robstride_02-No_back_cover:4+02-3D-20211009(1).stp:1+3_1_02_067_0020_ASM_1_ASM.stp:1+1_2_06_000392_1.stp:1,1_2_06_000392_1.stp,1_2_06_000392_1.stp,True,0.906308,0.422618,0.000000,-0.000000,0.109382,-0.234570,-0.965926,24.747818,-0.408218,0.875426,-0.258819,15.315420,0.000000,0.000000,0.000000,1.000000
000_left_arm_long_wrist_latest:1+robstride_02-No_back_cover:4+02-3D-20211009(1).stp:1+3_1_02_067_0020_ASM_1_ASM.stp:1+1_2_05_QT-170_1.stp:1,1_2_05_QT-170_1.stp,1_2_05_QT-170_1.stp,True,-0.906308,0.422618,-0.000000,-1.116713,-0.109382,-0.234570,0.965926,20.867488,0.408218,0.875426,0.258819,15.993479,0.000000,0.000000,0.000000,1.000000
000_left_arm_long_wrist_latest:1+robstride_02-No_back_cover:4+02-3D-20211009(1).stp:1+3_1_02_067_0020_ASM_1_ASM.stp:1+1_2_05_QT-170_1.stp:2,1_2_05_QT-170_1.stp,1_2_05_QT-170_1.stp,True,0.422618,0.906308,-0.000000,1.659258,-0.234570,0.109382,0.965926,21.007909,0.875426,-0.408218,0.258819,15.469421,0.000000,0.000000,0.000000,1.000000
000_left_arm_long_wrist_latest:1+robstride_02-No_back_cover:4+02-3D-20211009(1).stp:1+3_1_02_067_0020_ASM_1_ASM.stp:1+1_2_05_QT-170_1.stp:3,1_2_05_QT-170_1.stp,1_2_05_QT-170_1.stp,True,0.906308,-0.422618,-0.000000,1.116713,0.109382,0.234570,0.965926,21.726384,-0.408218,-0.875426,0.258819,12.788039,0.000000,0.000000,0.000000,1.000000
000_left_arm_long_wrist_latest:1+robstride_02-No_back_cover:4+02-3D-20211009(1).stp:1+3_1_02_067_0020_ASM_1_ASM.stp:1+1_2_05_QT-170_1.stp:4,1_2_05_QT-170_1.stp,1_2_05_QT-170_1.stp,True,-0.422618,-0.906308,-0.000000,-1.659258,0.234570,-0.109382,0.965926,21.585963,-0.875426,0.408218,0.258819,13.312096,0.000000,0.000000,0.000000,1.000000
000_left_arm_long_wrist_latest:1+robstride_02-No_back_cover:4+02-3D-20211009(1).stp:1+3_1_02_067_0020_ASM_1_ASM.stp:1+1_2_05_030080_1.stp:1,1_2_05_030080_1.stp,1_2_05_030080_1.stp,True,-0.906308,0.000000,0.422618,-3.582208,-0.109382,-0.965926,-0.234570,21.655291,0.408218,-0.258819,0.875426,15.211685,0.000000,0.000000,0.000000,1.000000
000_left_arm_long_wrist_latest:1+robstride_02-No_back_cover:4+Component21:1,Component21,Component21,True,0.981427,-0.191837,-0.000000,-0.000000,0.049651,0.254012,0.965926,24.541110,-0.185300,-0.947986,0.258819,15.260033,0.000000,0.000000,0.000000,1.000000
000_left_arm_long_wrist_latest:1+robstride_02-No_back_cover:5+02-3D-20211009(1).stp:1+3_1_02_067_0020_ASM_1_ASM.stp:1+1_2_16_001330_ASM_1_ASM.stp:1+PCBMODEL_ASM_1_ASM.stp:1+JRZS-J2_ASM_1_ASM.stp:1+CONN-TH_4P-XT30PW-M_ASM_1_ASM.stp:1+SOLID-183013_1.stp:1,SOLID-183013_1.stp,SOLID-183013_1.stp,True,-0.637663,-0.770316,-0.000000,1.878690,-0.744068,0.615935,0.258819,22.591296,-0.199372,0.165039,-0.965926,8.940035,0.000000,0.000000,0.000000,1.000000
000_left_arm_long_wrist_latest:1+robstride_02-No_back_cover:5+02-3D-20211009(1).stp:1+3_1_02_067_0020_ASM_1_ASM.stp:1+1_2_16_001330_ASM_1_ASM.stp:1+PCBMODEL_ASM_1_ASM.stp:1+JRZS-J1_ASM_1_ASM.stp:1+CONN-TH_4P-XT30PW-M_ASM_1_ASM.stp:2+SOLID-183013_1.stp:1,SOLID-183013_1.stp,SOLID-183013_1.stp,True,0.637663,0.770316,-0.000000,-1.934381,0.744068,-0.615935,0.258819,25.640179,0.199372,-0.165039,-0.965926,9.756981,0.000000,0.000000,0.000000,1.000000
000_left_arm_long_wrist_latest:1+robstride_02-No_back_cover:5+02-3D-20211009(1).stp:1+3_1_02_067_0020_ASM_1_ASM.stp:1+1_2_16_001330_ASM_1_ASM.stp:1+PCBMODEL_ASM_1_ASM.stp:1+BOARD-17_1.stp:1,BOARD-17_1.stp,BOARD-17_1.stp,True,-0.637663,0.770316,0.000000,-0.008588,-0.744068,-0.615935,-0.258819,24.100339,-0.199372,-0.165039,0.965926,9.344382,0.000000,0.000000,0.000000,1.000000
000_left_arm_long_wrist_latest:1+robstride_02-No_back_cover:5+02-3D-20211009(1).stp:1+3_1_02_067_0020_ASM_1_ASM.stp:1+1_1_06_EB673-516_1.stp:1,1_1_06_EB673-516_1.stp,1_1_06_EB673-516_1.stp,True,0.588632,0.808401,0.000000,-6.430371,-0.780855,0.568575,-0.258819,26.370019,-0.209230,0.152349,0.965926,8.658447,0.000000,0.000000,0.000000,1.000000
000_left_arm_long_wrist_latest:1+robstride_02-No_back_cover:5+02-3D-20211009(1).stp:1+3_1_02_067_0020_ASM_1_ASM.stp:1+shaft 1_1_02_EB671-502_1.stp:1,shaft 1_1_02_EB671-502_1.stp,shaft_1_1_02_EB671-502_1.stp,True,0.500000,-0.866025,0.000000,-0.000000,0.836516,0.482963,-0.258819,24.958456,0.224144,0.129410,0.965926,6.168255,0.000000,0.000000,0.000000,1.000000
000_left_arm_long_wrist_latest:1+robstride_02-No_back_cover:5+02-3D-20211009(1).stp:1+3_1_02_067_0020_ASM_1_ASM.stp:1+1_1_04_EB672-503_1.stp:1,1_1_04_EB672-503_1.stp,1_1_04_EB672-503_1.stp,True,-0.766044,0.642788,-0.000000,-0.000000,0.620885,0.739942,0.258819,24.352819,0.166366,0.198267,-0.965926,8.428521,0.000000,0.000000,0.000000,1.000000
000_left_arm_long_wrist_latest:1+robstride_02-No_back_cover:5+02-3D-20211009(1).stp:1+3_1_02_067_0020_ASM_1_ASM.stp:1+1_2_05_QT-647_1.stp:1,1_2_05_QT-647_1.stp,1_2_05_QT-647_1.stp,True,-0.588632,0.000000,0.808401,0.919253,0.780855,-0.258819,0.568575,23.814812,0.209230,0.965926,0.152349,7.456142,0.000000,0.000000,0.000000,1.000000
000_left_arm_long_wrist_latest:1+robstride_02-No_back_cover:5+02-3D-20211009(1).stp:1+3_1_02_067_0020_ASM_1_ASM.stp:1+1_2_05_QT-647_1.stp:2,1_2_05_QT-647_1.stp,1_2_05_QT-647_1.stp,True,-0.405780,0.000000,-0.913971,0.208378,-0.882828,-0.258819,0.391953,25.701376,-0.236553,0.965926,0.105024,7.961645,0.000000,0.000000,0.000000,1.000000
000_left_arm_long_wrist_latest:1+robstride_02-No_back_cover:5+02-3D-20211009(1).stp:1+3_1_02_067_0020_ASM_1_ASM.stp:1+1_2_05_QT-647_1.stp:3,1_2_05_QT-647_1.stp,1_2_05_QT-647_1.stp,True,0.994412,0.000000,0.105570,-1.127631,0.101973,-0.258819,-0.960528,24.163435,0.027323,0.965926,-0.257373,7.549555,0.000000,0.000000,0.000000,1.000000
000_left_arm_long_wrist_latest:1+robstride_02-No_back_cover:5+02-3D-20211009(1).stp:1+3_1_02_067_0020_ASM_1_ASM.stp:1+1_1_31_PL674-504_1.stp:1,1_1_31_PL674-504_1.stp,1_1_31_PL674-504_1.stp,True,0.570423,0.821351,-0.000000,2.592478,0.793364,-0.550987,0.258819,21.973981,0.212581,-0.147636,-0.965926,7.480531,0.000000,0.000000,0.000000,1.000000
000_left_arm_long_wrist_latest:1+robstride_02-No_back_cover:5+02-3D-20211009(1).stp:1+3_1_02_067_0020_ASM_1_ASM.stp:1+1_2_04_670601_1.stp:1,1_2_04_670601_1.stp,1_2_04_670601_1.stp,True,0.588632,0.808401,0.000000,-0.000000,-0.780855,0.568575,-0.258819,25.077512,-0.209230,0.152349,0.965926,5.723929,0.000000,0.000000,0.000000,1.000000
000_left_arm_long_wrist_latest:1+robstride_02-No_back_cover:5+02-3D-20211009(1).stp:1+3_1_02_067_0020_ASM_1_ASM.stp:1+1_2_06_000392_1.stp:1,1_2_06_000392_1.stp,1_2_06_000392_1.stp,True,0.588632,0.808401,0.000000,-0.000000,-0.780855,0.568575,-0.258819,25.094077,-0.209230,0.152349,0.965926,5.662110,0.000000,0.000000,0.000000,1.000000
000_left_arm_long_wrist_latest:1+robstride_02-No_back_cover:5+02-3D-20211009(1).stp:1+3_1_02_067_0020_ASM_1_ASM.stp:1+1_2_05_QT-170_1.stp:1,1_2_05_QT-170_1.stp,1_2_05_QT-170_1.stp,True,-0.588632,0.808401,-0.000000,-0.174362,0.780855,0.568575,0.258819,26.093957,0.209230,0.152349,-0.965926,9.628671,0.000000,0.000000,0.000000,1.000000
000_left_arm_long_wrist_latest:1+robstride_02-No_back_cover:5+02-3D-20211009(1).stp:1+3_1_02_067_0020_ASM_1_ASM.stp:1+1_2_05_QT-170_1.stp:2,1_2_05_QT-170_1.stp,1_2_05_QT-170_1.stp,True,0.808401,0.588632,-0.000000,1.992432,0.568575,-0.780855,0.258819,24.337836,0.152349,-0.209230,-0.965926,9.158120,0.000000,0.000000,0.000000,1.000000
000_left_arm_long_wrist_latest:1+robstride_02-No_back_cover:5+02-3D-20211009(1).stp:1+3_1_02_067_0020_ASM_1_ASM.stp:1+1_2_05_QT-170_1.stp:3,1_2_05_QT-170_1.stp,1_2_05_QT-170_1.stp,True,0.588632,-0.808401,-0.000000,0.174362,-0.780855,-0.568575,0.258819,22.244874,-0.209230,-0.152349,-0.965926,8.597312,0.000000,0.000000,0.000000,1.000000
000_left_arm_long_wrist_latest:1+robstride_02-No_back_cover:5+02-3D-20211009(1).stp:1+3_1_02_067_0020_ASM_1_ASM.stp:1+1_2_05_QT-170_1.stp:4,1_2_05_QT-170_1.stp,1_2_05_QT-170_1.stp,True,-0.808401,-0.588632,-0.000000,-1.992432,-0.568575,0.780855,0.258819,24.000995,-0.152349,0.209230,-0.965926,9.067863,0.000000,0.000000,0.000000,1.000000
000_left_arm_long_wrist_latest:1+robstride_02-No_back_cover:5+02-3D-20211009(1).stp:1+3_1_02_067_0020_ASM_1_ASM.stp:1+1_2_05_030080_1.stp:1,1_2_05_030080_1.stp,1_2_05_030080_1.stp,True,-0.588632,0.000000,0.808401,-2.796062,0.780855,-0.258819,0.568575,26.580227,0.209230,0.965926,0.152349,9.180645,0.000000,0.000000,0.000000,1.000000
000_left_arm_long_wrist_latest:1+robstride_02-No_back_cover:5+Component21:1,Component21,Component21,True,0.766044,-0.642788,-0.000000,-0.000000,-0.620885,-0.739942,0.258819,25.038689,-0.166366,-0.198267,-0.965926,5.868818,0.000000,0.000000,0.000000,1.000000
000_left_arm_long_wrist_latest:1+elbow:wrist_roll:2+CNC_arm09_x2_elbow_roll_output_shaft:1,CNC_arm09_x2_elbow_roll_output_shaft,CNC_arm09_x2_elbow_roll_output_shaft,True,-1.000000,0.000000,0.000000,0.000000,-0.000000,-0.965926,-0.258819,8.606668,-0.000000,-0.258819,0.965926,32.420629,0.000000,0.000000,0.000000,1.000000
000_left_arm_long_wrist_latest:1+elbow:wrist_roll:2+CNC_arm04_x4_shoulder_elbow_support_shaft:2,CNC_arm04_x4_shoulder_elbow_support_shaft,CNC_arm04_x4_shoulder_elbow_support_shaft,True,-0.000000,-1.000000,0.000000,-9.000000,0.965926,-0.000000,-0.258819,22.657554,0.258819,-0.000000,0.965926,14.755335,0.000000,0.000000,0.000000,1.000000
000_left_arm_long_wrist_latest:1+elbow:wrist_roll:2+3DP_arm05_x4_RS02_shaft_bearing_retainer:2,3DP_arm05_x4_RS02_shaft_bearing_retainer,3DP_arm05_x4_RS02_shaft_bearing_retainer,True,0.641985,-0.766717,0.000000,-6.900454,0.740592,0.620110,-0.258819,28.238544,0.198441,0.166158,0.965926,16.250757,0.000000,0.000000,0.000000,1.000000
000_left_arm_long_wrist_latest:1+elbow:wrist_roll:2+CNC_arm10_x4_r03_back_cover:2,CNC_arm10_x4_r03_back_cover,CNC_arm10_x4_r03_back_cover,True,-0.000000,-1.000000,0.000000,-9.000000,0.965926,-0.000000,-0.258819,22.657554,0.258819,-0.000000,0.965926,14.755335,0.000000,0.000000,0.000000,1.000000
000_left_arm_long_wrist_latest:1+bearings:2+bearing_35x44x5_6707_1.6kN_15g:2+half-bearing_35x44x5_6707_1.6kN_15g:1,half-bearing_35x44x5_6707_1.6kN_15g,half-bearing_35x44x5_6707_1.6kN_15g~2,True,0.000000,-0.000000,1.000000,2.725000,-0.000000,-1.000000,-0.000000,17.300000,1.000000,-0.000000,0.000000,34.750000,0.000000,0.000000,0.000000,1.000000
000_left_arm_long_wrist_latest:1+bearings:2+bearing_35x44x5_6707_1.6kN_15g:2+half-bearing_35x44x5_6707_1.6kN_15g:2,half-bearing_35x44x5_6707_1.6kN_15g,half-bearing_35x44x5_6707_1.6kN_15g~2,True,0.000000,-0.000000,1.000000,2.725000,-0.000000,-1.000000,-0.000000,17.300000,1.000000,-0.000000,0.000000,34.750000,0.000000,0.000000,0.000000,1.000000
000_left_arm_long_wrist_latest:1+bearings:2+bearing_35x44x5_6707_1.6kN_15g:3+half-bearing_35x44x5_6707_1.6kN_15g:1,half-bearing_35x44x5_6707_1.6kN_15g,half-bearing_35x44x5_6707_1.6kN_15g~2,True,-0.000000,-0.000000,1.000000,-2.725000,-0.000000,-1.000000,0.000000,17.300000,1.000000,0.000000,0.000000,34.750000,0.000000,0.000000,0.000000,1.000000
000_left_arm_long_wrist_latest:1+bearings:2+bearing_35x44x5_6707_1.6kN_15g:3+half-bearing_35x44x5_6707_1.6kN_15g:2,half-bearing_35x44x5_6707_1.6kN_15g,half-bearing_35x44x5_6707_1.6kN_15g~2,True,-0.000000,-0.000000,1.000000,-2.725000,-0.000000,-1.000000,0.000000,17.300000,1.000000,0.000000,0.000000,34.750000,0.000000,0.000000,0.000000,1.000000
000_left_arm_long_wrist_latest:1+bearings:2+bearing_35x44x5_6707_1.6kN_15g:4+half-bearing_35x44x5_6707_1.6kN_15g:1,half-bearing_35x44x5_6707_1.6kN_15g,half-bearing_35x44x5_6707_1.6kN_15g~2,True,1.000000,-0.000000,-0.000000,-0.000000,0.000000,-0.965926,0.258819,20.794057,-0.000000,-0.258819,-0.965926,21.710001,0.000000,0.000000,0.000000,1.000000
000_left_arm_long_wrist_latest:1+bearings:2+bearing_35x44x5_6707_1.6kN_15g:4+half-bearing_35x44x5_6707_1.6kN_15g:2,half-bearing_35x44x5_6707_1.6kN_15g,half-bearing_35x44x5_6707_1.6kN_15g~2,True,1.000000,-0.000000,-0.000000,-0.000000,0.000000,-0.965926,0.258819,20.794057,-0.000000,-0.258819,-0.965926,21.710001,0.000000,0.000000,0.000000,1.000000
000_left_arm_long_wrist_latest:1+bearings:2+bearing_35x44x5_6707_1.6kN_15g:5+half-bearing_35x44x5_6707_1.6kN_15g:1,half-bearing_35x44x5_6707_1.6kN_15g,half-bearing_35x44x5_6707_1.6kN_15g~2,True,-1.000000,0.000000,-0.000000,0.000000,-0.000000,-0.258819,0.965926,20.025406,-0.000000,0.965926,0.258819,14.050053,0.000000,0.000000,0.000000,1.000000
000_left_arm_long_wrist_latest:1+bearings:2+bearing_35x44x5_6707_1.6kN_15g:5+half-bearing_35x44x5_6707_1.6kN_15g:2,half-bearing_35x44x5_6707_1.6kN_15g,half-bearing_35x44x5_6707_1.6kN_15g~2,True,-1.000000,0.000000,-0.000000,0.000000,-0.000000,-0.258819,0.965926,20.025406,-0.000000,0.965926,0.258819,14.050053,0.000000,0.000000,0.000000,1.000000
000_left_arm_long_wrist_latest:1+bearings:2+bearing_35x44x5_6707_1.6kN_15g:6+half-bearing_35x44x5_6707_1.6kN_15g:1,half-bearing_35x44x5_6707_1.6kN_15g,half-bearing_35x44x5_6707_1.6kN_15g~2,True,-1.000000,0.000000,-0.000000,-0.000000,-0.000000,-0.258819,0.965926,25.289702,-0.000000,0.965926,0.258819,15.460617,0.000000,0.000000,0.000000,1.000000
000_left_arm_long_wrist_latest:1+bearings:2+bearing_35x44x5_6707_1.6kN_15g:6+half-bearing_35x44x5_6707_1.6kN_15g:2,half-bearing_35x44x5_6707_1.6kN_15g,half-bearing_35x44x5_6707_1.6kN_15g~2,True,-1.000000,0.000000,-0.000000,-0.000000,-0.000000,-0.258819,0.965926,25.289702,-0.000000,0.965926,0.258819,15.460617,0.000000,0.000000,0.000000,1.000000
000_left_arm_long_wrist_latest:1+bearings:2+bearing_35x44x5_6707_1.6kN_15g:7+half-bearing_35x44x5_6707_1.6kN_15g:1,half-bearing_35x44x5_6707_1.6kN_15g,half-bearing_35x44x5_6707_1.6kN_15g~2,True,0.641985,-0.766717,0.000000,-0.000000,0.740592,0.620110,-0.258819,26.151611,0.198441,0.166158,0.965926,1.715337,0.000000,0.000000,0.000000,1.000000
000_left_arm_long_wrist_latest:1+bearings:2+bearing_35x44x5_6707_1.6kN_15g:7+half-bearing_35x44x5_6707_1.6kN_15g:2,half-bearing_35x44x5_6707_1.6kN_15g,half-bearing_35x44x5_6707_1.6kN_15g~2,True,0.641985,-0.766717,0.000000,-0.000000,0.740592,0.620110,-0.258819,26.151611,0.198441,0.166158,0.965926,1.715337,0.000000,0.000000,0.000000,1.000000
000_left_arm_long_wrist_latest:1+Robstride 03 - full:1+3_1_02_090_0073_ASM_1_1_ASM:1+1_1_06_EB903-534_ASM_1_1_ASM:1+1_1_06_EB903-537_1_1:1,1_1_06_EB903-537_1_1,1_1_06_EB903-537_1_1~2,True,-1.000000,0.000000,-0.000000,-0.000000,0.000000,0.000000,1.000000,4.550000,0.000000,1.000000,-0.000000,34.750000,0.000000,0.000000,0.000000,1.000000
000_left_arm_long_wrist_latest:1+Robstride 03 - full:1+3_1_02_090_0073_ASM_1_1_ASM:1+1_2_04_680902_1_1:1,1_2_04_680902_1_1,1_2_04_680902_1_1~2,True,-1.000000,0.000000,-0.000000,0.000000,0.000000,0.000000,1.000000,7.150000,0.000000,1.000000,-0.000000,34.750000,0.000000,0.000000,0.000000,1.000000
000_left_arm_long_wrist_latest:1+Robstride 03 - full:1+3_1_02_090_0073_ASM_1_1_ASM:1+1_2_04_635000_1_1:1,1_2_04_635000_1_1,1_2_04_635000_1_1~2,True,-1.000000,0.000000,0.000000,0.000000,0.000000,-1.000000,0.000000,7.820000,0.000000,0.000000,1.000000,34.750000,0.000000,0.000000,0.000000,1.000000
000_left_arm_long_wrist_latest:1+Robstride 03 - full:1+3_1_02_090_0073_ASM_1_1_ASM:1+1_3_03_000357_1_1:1,1_3_03_000357_1_1,1_3_03_000357_1_1~2,True,-1.000000,0.000000,-0.000000,0.000000,0.000000,0.000000,1.000000,7.850000,0.000000,1.000000,-0.000000,34.750000,0.000000,0.000000,0.000000,1.000000
000_left_arm_long_wrist_latest:1+Robstride 03 - full:1+3_1_02_090_0073_ASM_1_1_ASM:1+1_1_02_EB901-547_1_rotor:1,1_1_02_EB901-547_1_rotor,1_1_02_EB901-547_1_rotor~2,True,-0.500000,-0.866025,0.000000,-0.000000,0.000000,-0.000000,-1.000000,8.300000,0.866025,-0.500000,0.000000,34.750000,0.000000,0.000000,0.000000,1.000000
000_left_arm_long_wrist_latest:1+Robstride 03 - full:1+3_1_02_090_0073_ASM_1_1_ASM:1+1_2_06_000004_AF0_1_1:1,1_2_06_000004_AF0_1_1,1_2_06_000004_AF0_1_1~2,True,-1.000000,0.000000,-0.000000,0.000000,0.000000,0.000000,1.000000,7.900000,0.000000,1.000000,-0.000000,34.750000,0.000000,0.000000,0.000000,1.000000
000_left_arm_long_wrist_latest:1+Robstride 03 - full:1+3_1_02_090_0073_ASM_1_1_ASM:1+1_1_31_QT-942_1:1,1_1_31_QT-942_1,1_1_31_QT-942_1~2,True,-0.000000,-1.000000,-0.000000,0.000000,-0.000000,0.000000,1.000000,4.300000,-1.000000,0.000000,-0.000000,34.750000,0.000000,0.000000,0.000000,1.000000
000_left_arm_long_wrist_latest:1+Robstride 03 - full:1+3_1_02_090_0073_ASM_1_1_ASM:1+1_2_05_130001_1_1:1,1_2_05_130001_1_1,1_2_05_130001_1_1~2,True,-1.000000,0.000000,0.000000,0.200000,0.000000,-1.000000,0.000000,3.267422,0.000000,0.000000,1.000000,37.750000,0.000000,0.000000,0.000000,1.000000
000_left_arm_long_wrist_latest:1+Robstride 03 - full:1+3_1_02_090_0073_ASM_1_1_ASM:1+1_2_05_130001_1_1:2,1_2_05_130001_1_1,1_2_05_130001_1_1~2,True,-1.000000,0.000000,0.000000,-2.126500,0.000000,-1.000000,0.000000,3.267422,0.000000,0.000000,1.000000,32.275000,0.000000,0.000000,0.000000,1.000000
000_left_arm_long_wrist_latest:1+Robstride 03 - full:1+3_1_02_090_0073_ASM_1_1_ASM:1+1_2_05_130001_1_1:3,1_2_05_130001_1_1,1_2_05_130001_1_1~2,True,-1.000000,0.000000,0.000000,2.126500,0.000000,-1.000000,0.000000,3.267422,0.000000,0.000000,1.000000,32.275000,0.000000,0.000000,0.000000,1.000000
000_left_arm_long_wrist_latest:1+Robstride 03 - full:1+3_1_02_090_0073_ASM_1_1_ASM:1+PBC:1,PBC,PBC~2,True,-1.000000,0.000000,-0.000000,0.000000,0.000000,0.000000,1.000000,8.050000,0.000000,1.000000,-0.000000,34.750000,0.000000,0.000000,0.000000,1.000000
000_left_arm_long_wrist_latest:1+Robstride 03 - full:1+3_1_02_090_0073_ASM_1_1_ASM:1+CORE:1,CORE,CORE~2,True,-1.000000,0.000000,-0.000000,0.000000,0.000000,0.000000,1.000000,8.050000,0.000000,1.000000,-0.000000,34.750000,0.000000,0.000000,0.000000,1.000000
000_left_arm_long_wrist_latest:1+Robstride 03 - full:1+BACK_COVER1_1_06_EB903-538_1:1+1_2_05_140095_1_1:1,1_2_05_140095_1_1,1_2_05_140095_1_1~2,True,-0.000000,0.000000,1.000000,1.875149,1.000000,0.000000,-0.000000,4.100000,-0.000000,1.000000,-0.000000,30.222991,0.000000,0.000000,0.000000,1.000000
000_left_arm_long_wrist_latest:1+Robstride 03 - full:1+BACK_COVER1_1_06_EB903-538_1:1+1_2_05_140095_1_1:2,1_2_05_140095_1_1,1_2_05_140095_1_1~2,True,-0.000000,0.000000,1.000000,-1.875149,1.000000,0.000000,-0.000000,4.100000,-0.000000,1.000000,-0.000000,30.222991,0.000000,0.000000,0.000000,1.000000
000_left_arm_long_wrist_latest:1+Robstride 03 - full:1+BACK_COVER1_1_06_EB903-538_1:1+1_2_05_140095_1_1:3,1_2_05_140095_1_1,1_2_05_140095_1_1~2,True,-0.000000,0.000000,1.000000,-1.875149,1.000000,0.000000,-0.000000,4.100000,-0.000000,1.000000,-0.000000,39.277010,0.000000,0.000000,0.000000,1.000000
000_left_arm_long_wrist_latest:1+Robstride 03 - full:1+BACK_COVER1_1_06_EB903-538_1:1+1_2_05_140095_1_1:4,1_2_05_140095_1_1,1_2_05_140095_1_1~2,True,-0.000000,0.000000,1.000000,1.875149,1.000000,0.000000,-0.000000,4.100000,-0.000000,1.000000,-0.000000,39.277010,0.000000,0.000000,0.000000,1.000000
000_left_arm_long_wrist_latest:1+Robstride 03 - full:1+BACK_COVER1_1_06_EB903-538_1:1+1_2_05_020108_1_1:1,1_2_05_020108_1_1,1_2_05_020108_1_1~2,True,-0.000000,0.000000,1.000000,3.423803,1.000000,0.000000,-0.000000,3.340000,-0.000000,1.000000,-0.000000,33.637539,0.000000,0.000000,0.000000,1.000000
000_left_arm_long_wrist_latest:1+Robstride 03 - full:1+BACK_COVER1_1_06_EB903-538_1:1+1_2_05_020108_1_1:2,1_2_05_020108_1_1,1_2_05_020108_1_1~2,True,-0.000000,0.000000,1.000000,-3.221764,1.000000,0.000000,-0.000000,3.340000,-0.000000,1.000000,-0.000000,33.143688,0.000000,0.000000,0.000000,1.000000
000_left_arm_long_wrist_latest:1+Robstride 03 - full:1+BACK_COVER1_1_06_EB903-538_1:1+1_2_05_020108_1_1:3,1_2_05_020108_1_1,1_2_05_020108_1_1~2,True,-0.000000,0.000000,1.000000,-3.221764,1.000000,0.000000,-0.000000,3.340000,-0.000000,1.000000,-0.000000,36.356312,0.000000,0.000000,0.000000,1.000000
000_left_arm_long_wrist_latest:1+Robstride 03 - full:1+BACK_COVER1_1_06_EB903-538_1:1+1_2_05_020108_1_1:4,1_2_05_020108_1_1,1_2_05_020108_1_1~2,True,-0.000000,0.000000,1.000000,3.423803,1.000000,0.000000,-0.000000,3.342000,-0.000000,1.000000,-0.000000,35.862461,0.000000,0.000000,0.000000,1.000000
000_left_arm_long_wrist_latest:1+Robstride 03 - full:1+BACK_COVER1_1_06_EB903-538_1:1,BACK_COVER1_1_06_EB903-538_1,BACK_COVER1_1_06_EB903-538_1~2,True,-0.000000,-1.000000,-0.000000,0.000000,-0.000000,0.000000,1.000000,2.640000,-1.000000,0.000000,-0.000000,34.750000,0.000000,0.000000,0.000000,1.000000
000_left_arm_long_wrist_latest:1+Robstride 06-No Back Cover:1+R06:1+R06-ROTOR:1,R06-ROTOR,R06-ROTOR~2,True,0.000000,-0.000000,-1.000000,2.475000,-0.866025,-0.500000,-0.000000,17.300000,-0.500000,0.866025,-0.000000,34.749999,0.000000,0.000000,0.000000,1.000000
000_left_arm_long_wrist_latest:1+Robstride 06-No Back Cover:1+R06:1+MAIN:1+1_1_06_EB823-507_AF0^1_1_06_EB823-509_ASM_FL82BLW33-48V-35N.m(开模版)(1)_FL82BLW33-48V-35N.m(开模版)(1).STEP:1,1_1_06_EB823-507_AF0^1_1_06_EB823-509_ASM_FL82BLW33-48V-35N.m(开模版)(1)_FL82BLW33-48V-35N.m(开模版)(1).STEP,1_1_06_EB823-507_AF0_1_1_06_EB823-509_ASM_FL82BLW33-48V-35N.m_1__FL82BLW33-48V-35N.m_1_.STEP~2,True,0.000000,-0.000000,-1.000000,2.325000,-1.000000,0.000000,-0.000000,17.300000,0.000000,1.000000,-0.000000,34.749999,0.000000,0.000000,0.000000,1.000000
000_left_arm_long_wrist_latest:1+Robstride 06-No Back Cover:1+R06:1+1_1_31_QT-1040^FL82BLW33-48V-35N.m(开模版)(1)_FL82BLW33-48V-35N.m(开模版)(1).STEP:1,1_1_31_QT-1040^FL82BLW33-48V-35N.m(开模版)(1)_FL82BLW33-48V-35N.m(开模版)(1).STEP,1_1_31_QT-1040_FL82BLW33-48V-35N.m_1__FL82BLW33-48V-35N.m_1_.STEP~2,True,-0.000000,0.000000,1.000000,-0.975000,0.000000,-1.000000,0.000000,17.300000,1.000000,0.000000,0.000000,34.749999,0.000000,0.000000,0.000000,1.000000
000_left_arm_long_wrist_latest:1+Robstride 06-No Back Cover:1+R06:1+weight:1,weight,weight~2,True,0.000000,-0.000000,-1.000000,2.325000,-1.000000,0.000000,-0.000000,17.300000,0.000000,1.000000,-0.000000,34.749999,0.000000,0.000000,0.000000,1.000000
000_left_arm_long_wrist_latest:1+Robstride 06-No Back Cover:1+R06:1+bearing_35x44x5_6707_1.6kN_15g:8+half-bearing_35x44x5_6707_1.6kN_15g:1,half-bearing_35x44x5_6707_1.6kN_15g,half-bearing_35x44x5_6707_1.6kN_15g~2,True,0.000000,-0.000000,-1.000000,1.825000,-1.000000,0.000000,-0.000000,17.300000,0.000000,1.000000,-0.000000,34.749999,0.000000,0.000000,0.000000,1.000000
000_left_arm_long_wrist_latest:1+Robstride 06-No Back Cover:1+R06:1+bearing_35x44x5_6707_1.6kN_15g:8+half-bearing_35x44x5_6707_1.6kN_15g:2,half-bearing_35x44x5_6707_1.6kN_15g,half-bearing_35x44x5_6707_1.6kN_15g~2,True,0.000000,-0.000000,-1.000000,1.825000,-1.000000,0.000000,-0.000000,17.300000,0.000000,1.000000,-0.000000,34.749999,0.000000,0.000000,0.000000,1.000000
000_left_arm_long_wrist_latest:1+001_left_wrist_long_latest:1+robstride00:1+FL57BLW12-24V-10N.m-DE.stp:1+1_1_30_GR-2087_ASM.stp:1+XXL-15547_ASM.stp:1+1_21_121000022__SGQZC619-4_4-.stp:1,1_21_121000022__SGQZC619-4_4-.stp,1_21_121000022__SGQZC619-4_4-.stp,True,-0.000000,0.500000,0.866025,0.000000,0.965926,-0.224144,0.129410,26.485787,0.258819,0.836516,-0.482963,-3.009156,0.000000,0.000000,0.000000,1.000000
000_left_arm_long_wrist_latest:1+001_left_wrist_long_latest:1+robstride00:1+FL57BLW12-24V-10N.m-DE.stp:1+1_1_30_GR-2087_ASM.stp:1+XXL-15547_ASM.stp:1+SGQZC__35.stp:1,SGQZC__35.stp,SGQZC__35.stp,True,-0.000000,0.500000,0.866025,0.000000,0.965926,-0.224144,0.129410,26.398713,0.258819,0.836516,-0.482963,-3.032487,0.000000,0.000000,0.000000,1.000000
000_left_arm_long_wrist_latest:1+001_left_wrist_long_latest:1+robstride00:1+FL57BLW12-24V-10N.m-DE.stp:1+10NM_PCB_2024-10-30_ASM_ASM_ASM.stp:1+10NM_PCB_2024-10-30_ASM_ASM_1_ASM.stp:1+10NM_PCB_2024-10-30_ASM_1_ASM_1_ASM.stp:1+10NM_PCB_2024-10-30_1_ASM_1_ASM_ASM.stp:1+VHZD-CN2_3D_KMMV03_2024-10-21_3_ASM.stp:1+CON_P4_11_438X3_2_HD_VHZD-CN2_2_ASM.stp:1+SOLID-17_CON_P4_11_438X3_2_HD_2.stp:1,SOLID-17_CON_P4_11_438X3_2_HD_2.stp,SOLID-17_CON_P4_11_438X3_2_HD_2.stp,True,0.866025,0.000000,-0.500000,-0.851603,0.129410,-0.965926,0.224144,30.799990,-0.482963,-0.258819,-0.836516,-3.543862,0.000000,0.000000,0.000000,1.000000
000_left_arm_long_wrist_latest:1+001_left_wrist_long_latest:1+robstride00:1+FL57BLW12-24V-10N.m-DE.stp:1+10NM_PCB_2024-10-30_ASM_ASM_ASM.stp:1+10NM_PCB_2024-10-30_ASM_ASM_1_ASM.stp:1+10NM_PCB_2024-10-30_ASM_1_ASM_1_ASM.stp:1+10NM_PCB_2024-10-30_1_ASM_1_ASM_ASM.stp:1+VHZD-CN1_3D_KMMV03_2024-10-21_3_ASM.stp:1+CON_P4_11_438X3_2_HD_STEP_ASM_2_ASM.stp:1+SOLID-17_CON_P4_11_438X3_2_HD_3.stp:1,SOLID-17_CON_P4_11_438X3_2_HD_3.stp,SOLID-17_CON_P4_11_438X3_2_HD_3.stp,True,-0.866025,0.000000,0.500000,0.848734,-0.129410,-0.965926,-0.224144,29.957137,0.482963,-0.258819,0.836516,-0.398291,0.000000,0.000000,0.000000,1.000000
000_left_arm_long_wrist_latest:1+001_left_wrist_long_latest:1+robstride00:1+FL57BLW12-24V-10N.m-DE.stp:1+10NM_PCB_2024-10-30_ASM_ASM_ASM.stp:1+10NM_PCB_2024-10-30_ASM_ASM_1_ASM.stp:1+10NM_PCB_2024-10-30_ASM_1_ASM_1_ASM.stp:1+10NM_PCB_2024-10-30_1_ASM_1_ASM_ASM.stp:1+BOARD_3D_KMMV03_2024-10-21_2__2.stp:1,BOARD_3D_KMMV03_2024-10-21_2__2.stp,BOARD_3D_KMMV03_2024-10-21_2__2.stp,True,0.866025,-0.500000,-0.000000,-0.000000,0.129410,0.224144,0.965926,30.301194,-0.482963,-0.836516,0.258819,-1.986820,0.000000,0.000000,0.000000,1.000000
000_left_arm_long_wrist_latest:1+001_left_wrist_long_latest:1+robstride00:1+FL57BLW12-24V-10N.m-DE.stp:1+1_1_06_EB573-643.stp:1,1_1_06_EB573-643.stp,1_1_06_EB573-643.stp,True,0.500000,0.866025,-0.000000,0.000000,-0.224144,0.129410,0.965926,26.534083,0.836516,-0.482963,0.258819,-2.996215,0.000000,0.000000,0.000000,1.000000
000_left_arm_long_wrist_latest:1+001_left_wrist_long_latest:1+robstride00:1+FL57BLW12-24V-10N.m-DE.stp:1+1_1_04_EB572-5105.stp:1,1_1_04_EB572-5105.stp,1_1_04_EB572-5105.stp,True,0.500000,-0.866025,0.000000,-0.000000,-0.224144,-0.129410,-0.965926,29.963120,0.836516,0.482963,-0.258819,-2.077407,0.000000,0.000000,0.000000,1.000000
000_left_arm_long_wrist_latest:1+001_left_wrist_long_latest:1+robstride00:1+FL57BLW12-24V-10N.m-DE.stp:1+1_2_04_000306.stp:1,1_2_04_000306.stp,1_2_04_000306.stp,True,-0.500000,-0.000000,0.866025,-1.238416,0.224144,0.965926,0.129410,29.343397,-0.836516,0.258819,-0.482963,-1.503239,0.000000,0.000000,0.000000,1.000000
000_left_arm_long_wrist_latest:1+001_left_wrist_long_latest:1+robstride00:1+FL57BLW12-24V-10N.m-DE.stp:1+1_1_02_EB571-960.stp:1,1_1_02_EB571-960.stp,1_1_02_EB571-960.stp,True,-0.500000,-0.000000,0.866025,0.000000,0.224144,0.965926,0.129410,26.051120,-0.836516,0.258819,-0.482963,-3.125624,0.000000,0.000000,0.000000,1.000000
000_left_arm_long_wrist_latest:1+001_left_wrist_long_latest:1+robstride00:1+FL57BLW12-24V-10N.m-DE.stp:1+1_2_05_020068.stp:1,1_2_05_020068.stp,1_2_05_020068.stp,True,0.000000,-0.866025,-0.500000,-2.268987,-0.965926,-0.129410,0.224144,29.334289,-0.258819,0.482963,-0.836516,-0.889690,0.000000,0.000000,0.000000,1.000000
000_left_arm_long_wrist_latest:1+001_left_wrist_long_latest:1+robstride00:1+FL57BLW12-24V-10N.m-DE.stp:1+1_1_14_PL574-570.stp:1,1_1_14_PL574-570.stp,1_1_14_PL574-570.stp,True,0.500000,0.866025,-0.000000,-0.000000,-0.224144,0.129410,0.965926,27.780127,0.836516,-0.482963,0.258819,-2.662338,0.000000,0.000000,0.000000,1.000000
000_left_arm_long_wrist_latest:1+001_left_wrist_long_latest:1+robstride00:1+FL57BLW12-24V-10N.m-DE.stp:1+1_2_05_025121.stp:1,1_2_05_025121.stp,1_2_05_025121.stp,True,0.000000,-0.500000,0.866025,-2.463111,-0.965926,0.224144,0.129410,30.568604,-0.258819,-0.836516,-0.482963,-2.598438,0.000000,0.000000,0.000000,1.000000
000_left_arm_long_wrist_latest:1+001_left_wrist_long_latest:1+robstride00:1+FL57BLW12-24V-10N.m-DE.stp:1+1_2_05_000314.stp:1,1_2_05_000314.stp,1_2_05_000314.stp,True,0.500000,0.000000,0.866025,-1.250000,-0.224144,-0.965926,0.129410,27.818887,0.836516,-0.258819,-0.482963,-4.893391,0.000000,0.000000,0.000000,1.000000
000_left_arm_long_wrist_latest:1+001_left_wrist_long_latest:1+robstride00:1+FL57BLW12-24V-10N.m-DE.stp:1+1_2_05_020068.stp:2,1_2_05_020068.stp,1_2_05_020068.stp,True,0.000000,-0.866025,-0.500000,-2.268987,-0.965926,-0.129410,0.224144,30.012395,-0.258819,0.482963,-0.836516,-3.420415,0.000000,0.000000,0.000000,1.000000
000_left_arm_long_wrist_latest:1+001_left_wrist_long_latest:1+robstride00:1+FL57BLW12-24V-10N.m-DE.stp:1+1_2_05_020068.stp:3,1_2_05_020068.stp,1_2_05_020068.stp,True,0.000000,-0.866025,-0.500000,-0.000000,-0.965926,-0.129410,0.224144,30.351448,-0.258819,0.482963,-0.836516,-4.685778,0.000000,0.000000,0.000000,1.000000
000_left_arm_long_wrist_latest:1+001_left_wrist_long_latest:1+robstride00:1+FL57BLW12-24V-10N.m-DE.stp:1+1_2_05_020068.stp:4,1_2_05_020068.stp,1_2_05_020068.stp,True,0.000000,-0.866025,-0.500000,1.310000,-0.965926,-0.129410,0.224144,30.260599,-0.258819,0.482963,-0.836516,-4.346725,0.000000,0.000000,0.000000,1.000000
000_left_arm_long_wrist_latest:1+001_left_wrist_long_latest:1+robstride00:1+FL57BLW12-24V-10N.m-DE.stp:1+1_2_05_020068.stp:5,1_2_05_020068.stp,1_2_05_020068.stp,True,0.000000,-0.866025,-0.500000,2.620000,-0.965926,-0.129410,0.224144,29.673342,-0.258819,0.482963,-0.836516,-2.155053,0.000000,0.000000,0.000000,1.000000
000_left_arm_long_wrist_latest:1+001_left_wrist_long_latest:1+robstride00:1+FL57BLW12-24V-10N.m-DE.stp:1+1_2_05_020068.stp:6,1_2_05_020068.stp,1_2_05_020068.stp,True,0.000000,-0.866025,-0.500000,2.268987,-0.965926,-0.129410,0.224144,29.334289,-0.258819,0.482963,-0.836516,-0.889690,0.000000,0.000000,0.000000,1.000000
000_left_arm_long_wrist_latest:1+001_left_wrist_long_latest:1+robstride00:1+FL57BLW12-24V-10N.m-DE.stp:1+1_2_05_020068.stp:7,1_2_05_020068.stp,1_2_05_020068.stp,True,0.000000,-0.866025,-0.500000,-0.000000,-0.965926,-0.129410,0.224144,28.995236,-0.258819,0.482963,-0.836516,0.375673,0.000000,0.000000,0.000000,1.000000
000_left_arm_long_wrist_latest:1+001_left_wrist_long_latest:1+robstride00:1+FL57BLW12-24V-10N.m-DE.stp:1+1_2_05_025121.stp:2,1_2_05_025121.stp,1_2_05_025121.stp,True,0.000000,-0.500000,0.866025,-0.659989,-0.965926,0.224144,0.129410,29.760286,-0.258819,-0.836516,-0.482963,0.418244,0.000000,0.000000,0.000000,1.000000
000_left_arm_long_wrist_latest:1+001_left_wrist_long_latest:1+robstride00:1+FL57BLW12-24V-10N.m-DE.stp:1+1_2_05_025121.stp:3,1_2_05_025121.stp,1_2_05_025121.stp,True,0.000000,-0.500000,0.866025,2.463111,-0.965926,0.224144,0.129410,30.226969,-0.258819,-0.836516,-0.482963,-1.323438,0.000000,0.000000,0.000000,1.000000
000_left_arm_long_wrist_latest:1+001_left_wrist_long_latest:1+robstride00:1+FL57BLW12-24V-10N.m-DE.stp:1+1_2_05_025121.stp:4,1_2_05_025121.stp,1_2_05_025121.stp,True,0.000000,-0.500000,0.866025,0.659989,-0.965926,0.224144,0.129410,31.035286,-0.258819,-0.836516,-0.482963,-4.340121,0.000000,0.000000,0.000000,1.000000
000_left_arm_long_wrist_latest:1+001_left_wrist_long_latest:1+robstride00:1+back_lid_1_1_06_EB573-642.stp:1,back_lid_1_1_06_EB573-642.stp,back_lid_1_1_06_EB573-642.stp,True,0.258819,-0.965926,-0.000000,-0.000000,0.250000,0.066987,0.965926,29.963120,-0.933013,-0.250000,0.258819,-2.077407,0.000000,0.000000,0.000000,1.000000
000_left_arm_long_wrist_latest:1+001_left_wrist_long_latest:1+robstride00:1+CORE:1,CORE,CORE~3,True,0.500000,-0.866025,0.000000,0.000000,-0.224144,-0.129410,-0.965926,26.051120,0.836516,0.482963,-0.258819,-3.125624,0.000000,0.000000,0.000000,1.000000
000_left_arm_long_wrist_latest:1+001_left_wrist_long_latest:1+robstride00:1+OUTPUT-SHAFT.stp:1,OUTPUT-SHAFT.stp,OUTPUT-SHAFT.stp,True,-0.000000,0.000000,1.000000,0.000000,0.965926,-0.258819,0.000000,25.954527,0.258819,0.965926,0.000000,-3.151506,0.000000,0.000000,0.000000,1.000000
000_left_arm_long_wrist_latest:1+001_left_wrist_long_latest:1+3DP_arm11_x2_wrist_roll:1,3DP_arm11_x2_wrist_roll,3DP_arm11_x2_wrist_roll,True,1.000000,-0.000000,0.000000,-0.000000,0.000000,0.965926,-0.258819,25.142217,0.000000,0.258819,0.965926,5.482447,0.000000,0.000000,0.000000,1.000000
000_left_arm_long_wrist_latest:1+001_left_wrist_long_latest:1+wrist_3-left:1+robstride05:1+FL46BLW10-48V-5N.m-DE(2)^FL46BLW10-48V-5N.m-DE:1+1_1_06_EB463-507^FL46BLW10-48V-5N.m-DE(2)_FL46BLW10-48V-5N.m-DE:1,1_1_06_EB463-507^FL46BLW10-48V-5N.m-DE(2)_FL46BLW10-48V-5N.m-DE,1_1_06_EB463-507_FL46BLW10-48V-5N.m-DE_2__FL46BLW10-48V-5N.m-DE,True,0.000000,0.000000,-1.000000,2.400000,-0.500000,-0.866025,-0.000000,29.011562,-0.866025,0.500000,-0.000000,-8.958145,0.000000,0.000000,0.000000,1.000000
000_left_arm_long_wrist_latest:1+001_left_wrist_long_latest:1+wrist_3-left:1+robstride05:1+FL46BLW10-48V-5N.m-DE(2)^FL46BLW10-48V-5N.m-DE:1+1_1_02_EB461-502^FL46BLW10-48V-5N.m-DE(2)_FL46BLW10-48V-5N.m-DE:1,1_1_02_EB461-502^FL46BLW10-48V-5N.m-DE(2)_FL46BLW10-48V-5N.m-DE,1_1_02_EB461-502_FL46BLW10-48V-5N.m-DE_2__FL46BLW10-48V-5N.m-DE,True,0.000000,0.000000,-1.000000,0.600000,-0.793353,-0.608761,-0.000000,29.011562,-0.608761,0.793353,-0.000000,-8.958145,0.000000,0.000000,0.000000,1.000000
000_left_arm_long_wrist_latest:1+001_left_wrist_long_latest:1+wrist_3-left:1+robstride05:1+FL46BLW10-48V-5N.m-DE(2)^FL46BLW10-48V-5N.m-DE:1+1_2_05_000438^FL46BLW10-48V-5N.m-DE(2)_FL46BLW10-48V-5N.m-DE:1,1_2_05_000438^FL46BLW10-48V-5N.m-DE(2)_FL46BLW10-48V-5N.m-DE,1_2_05_000438_FL46BLW10-48V-5N.m-DE_2__FL46BLW10-48V-5N.m-DE,True,-0.000000,-0.000000,-1.000000,0.350000,0.500000,0.866025,-0.000000,27.969475,0.866025,-0.500000,-0.000000,-10.763093,0.000000,0.000000,0.000000,1.000000
000_left_arm_long_wrist_latest:1+001_left_wrist_long_latest:1+wrist_3-left:1+robstride05:1+FL46BLW10-48V-5N.m-DE(2)^FL46BLW10-48V-5N.m-DE:1+1_2_16_001425^FL46BLW10-48V-5N.m-DE(2)_FL46BLW10-48V-5N.m-DE:1,1_2_16_001425^FL46BLW10-48V-5N.m-DE(2)_FL46BLW10-48V-5N.m-DE,1_2_16_001425_FL46BLW10-48V-5N.m-DE_2__FL46BLW10-48V-5N.m-DE,True,-0.000000,-0.000000,1.000000,3.410000,0.258840,0.965920,0.000000,25.834249,-0.965920,0.258840,-0.000000,-7.531944,0.000000,0.000000,0.000000,1.000000
000_left_arm_long_wrist_latest:1+001_left_wrist_long_latest:1+wrist_3-left:1+robstride05:1+FL46BLW10-48V-5N.m-DE(2)^FL46BLW10-48V-5N.m-DE:1+1_1_06_EB463-509^FL46BLW10-48V-5N.m-DE(2)_FL46BLW10-48V-5N.m-DE:1,1_1_06_EB463-509^FL46BLW10-48V-5N.m-DE(2)_FL46BLW10-48V-5N.m-DE,1_1_06_EB463-509_FL46BLW10-48V-5N.m-DE_2__FL46BLW10-48V-5N.m-DE,True,-0.000000,0.000000,-1.000000,3.750000,0.258819,-0.965926,-0.000000,29.011562,-0.965926,-0.258819,-0.000000,-8.958145,0.000000,0.000000,0.000000,1.000000
000_left_arm_long_wrist_latest:1+001_left_wrist_long_latest:1+wrist_3-left:1+robstride05:1+FL46BLW10-48V-5N.m-DE(2)^FL46BLW10-48V-5N.m-DE:1+1_2_05_020051^FL46BLW10-48V-5N.m-DE(2)_FL46BLW10-48V-5N.m-DE:1,1_2_05_020051^FL46BLW10-48V-5N.m-DE(2)_FL46BLW10-48V-5N.m-DE,1_2_05_020051_FL46BLW10-48V-5N.m-DE_2__FL46BLW10-48V-5N.m-DE,True,0.000000,0.000000,-1.000000,2.910000,-0.500000,-0.866025,-0.000000,28.086562,-0.866025,0.500000,-0.000000,-10.560292,0.000000,0.000000,0.000000,1.000000
000_left_arm_long_wrist_latest:1+001_left_wrist_long_latest:1+wrist_3-left:1+robstride05:1+FL46BLW10-48V-5N.m-DE(2)^FL46BLW10-48V-5N.m-DE:1+1_2_05_000608^FL46BLW10-48V-5N.m-DE(2)_FL46BLW10-48V-5N.m-DE:1,1_2_05_000608^FL46BLW10-48V-5N.m-DE(2)_FL46BLW10-48V-5N.m-DE,1_2_05_000608_FL46BLW10-48V-5N.m-DE_2__FL46BLW10-48V-5N.m-DE,True,-1.000000,0.000000,0.000000,3.137822,-0.000000,-0.500000,-0.866025,29.258348,-0.000000,-0.866025,0.500000,-10.968051,0.000000,0.000000,0.000000,1.000000
000_left_arm_long_wrist_latest:1+001_left_wrist_long_latest:1+wrist_3-left:1+robstride05:1+FL46BLW10-48V-5N.m-DE(2)^FL46BLW10-48V-5N.m-DE:1+1_1_31_EB463-510^FL46BLW10-48V-5N.m-DE(2)_FL46BLW10-48V-5N.m-DE:1,1_1_31_EB463-510^FL46BLW10-48V-5N.m-DE(2)_FL46BLW10-48V-5N.m-DE,1_1_31_EB463-510_FL46BLW10-48V-5N.m-DE_2__FL46BLW10-48V-5N.m-DE,True,0.000000,0.000000,-1.000000,-0.400000,-0.793353,-0.608761,-0.000000,29.011562,-0.608761,0.793353,-0.000000,-8.958145,0.000000,0.000000,0.000000,1.000000
000_left_arm_long_wrist_latest:1+001_left_wrist_long_latest:1+wrist_3-left:1+robstride05:1+FL46BLW10-48V-5N.m-DE(2)^FL46BLW10-48V-5N.m-DE:1+1_2_05_000555^FL46BLW10-48V-5N.m-DE(2)_FL46BLW10-48V-5N.m-DE:1,1_2_05_000555^FL46BLW10-48V-5N.m-DE(2)_FL46BLW10-48V-5N.m-DE,1_2_05_000555_FL46BLW10-48V-5N.m-DE_2__FL46BLW10-48V-5N.m-DE,True,1.000000,-0.000000,0.000000,-0.333000,0.000000,0.500000,-0.866025,29.548612,0.000000,0.866025,0.500000,-10.962441,0.000000,0.000000,0.000000,1.000000
000_left_arm_long_wrist_latest:1+001_left_wrist_long_latest:1+wrist_3-left:1+robstride05:1+FL46BLW10-48V-5N.m-DE(2)^FL46BLW10-48V-5N.m-DE:1+1_2_05_000438^FL46BLW10-48V-5N.m-DE(2)_FL46BLW10-48V-5N.m-DE:2,1_2_05_000438^FL46BLW10-48V-5N.m-DE(2)_FL46BLW10-48V-5N.m-DE,1_2_05_000438_FL46BLW10-48V-5N.m-DE_2__FL46BLW10-48V-5N.m-DE,True,-0.000000,-0.000000,-1.000000,0.350000,0.965926,0.258819,-0.000000,26.998404,0.258819,-0.965926,-0.000000,-9.497569,0.000000,0.000000,0.000000,1.000000
000_left_arm_long_wrist_latest:1+001_left_wrist_long_latest:1+wrist_3-left:1+robstride05:1+FL46BLW10-48V-5N.m-DE(2)^FL46BLW10-48V-5N.m-DE:1+1_2_05_000438^FL46BLW10-48V-5N.m-DE(2)_FL46BLW10-48V-5N.m-DE:3,1_2_05_000438^FL46BLW10-48V-5N.m-DE(2)_FL46BLW10-48V-5N.m-DE,1_2_05_000438_FL46BLW10-48V-5N.m-DE_2__FL46BLW10-48V-5N.m-DE,True,-0.000000,0.000000,-1.000000,0.350000,0.866025,-0.500000,-0.000000,27.206614,-0.500000,-0.866025,-0.000000,-7.916058,0.000000,0.000000,0.000000,1.000000
000_left_arm_long_wrist_latest:1+001_left_wrist_long_latest:1+wrist_3-left:1+robstride05:1+FL46BLW10-48V-5N.m-DE(2)^FL46BLW10-48V-5N.m-DE:1+1_2_05_000438^FL46BLW10-48V-5N.m-DE(2)_FL46BLW10-48V-5N.m-DE:4,1_2_05_000438^FL46BLW10-48V-5N.m-DE(2)_FL46BLW10-48V-5N.m-DE,1_2_05_000438_FL46BLW10-48V-5N.m-DE_2__FL46BLW10-48V-5N.m-DE,True,-0.000000,0.000000,-1.000000,0.350000,0.258819,-0.965926,-0.000000,28.472138,-0.965926,-0.258819,-0.000000,-6.944987,0.000000,0.000000,0.000000,1.000000
000_left_arm_long_wrist_latest:1+001_left_wrist_long_latest:1+wrist_3-left:1+robstride05:1+FL46BLW10-48V-5N.m-DE(2)^FL46BLW10-48V-5N.m-DE:1+1_2_05_000438^FL46BLW10-48V-5N.m-DE(2)_FL46BLW10-48V-5N.m-DE:5,1_2_05_000438^FL46BLW10-48V-5N.m-DE(2)_FL46BLW10-48V-5N.m-DE,1_2_05_000438_FL46BLW10-48V-5N.m-DE_2__FL46BLW10-48V-5N.m-DE,True,0.000000,0.000000,-1.000000,0.350000,-0.500000,-0.866025,-0.000000,30.053650,-0.866025,0.500000,-0.000000,-7.153197,0.000000,0.000000,0.000000,1.000000
000_left_arm_long_wrist_latest:1+001_left_wrist_long_latest:1+wrist_3-left:1+robstride05:1+FL46BLW10-48V-5N.m-DE(2)^FL46BLW10-48V-5N.m-DE:1+1_2_05_000438^FL46BLW10-48V-5N.m-DE(2)_FL46BLW10-48V-5N.m-DE:6,1_2_05_000438^FL46BLW10-48V-5N.m-DE(2)_FL46BLW10-48V-5N.m-DE,1_2_05_000438_FL46BLW10-48V-5N.m-DE_2__FL46BLW10-48V-5N.m-DE,True,0.000000,0.000000,-1.000000,0.350000,-0.965926,-0.258819,-0.000000,31.024720,-0.258819,0.965926,-0.000000,-8.418721,0.000000,0.000000,0.000000,1.000000
000_left_arm_long_wrist_latest:1+001_left_wrist_long_latest:1+wrist_3-left:1+robstride05:1+FL46BLW10-48V-5N.m-DE(2)^FL46BLW10-48V-5N.m-DE:1+1_2_05_000438^FL46BLW10-48V-5N.m-DE(2)_FL46BLW10-48V-5N.m-DE:7,1_2_05_000438^FL46BLW10-48V-5N.m-DE(2)_FL46BLW10-48V-5N.m-DE,1_2_05_000438_FL46BLW10-48V-5N.m-DE_2__FL46BLW10-48V-5N.m-DE,True,0.000000,-0.000000,-1.000000,0.350000,-0.866025,0.500000,-0.000000,30.816510,0.500000,0.866025,-0.000000,-10.000232,0.000000,0.000000,0.000000,1.000000
000_left_arm_long_wrist_latest:1+001_left_wrist_long_latest:1+wrist_3-left:1+robstride05:1+FL46BLW10-48V-5N.m-DE(2)^FL46BLW10-48V-5N.m-DE:1+1_2_05_000438^FL46BLW10-48V-5N.m-DE(2)_FL46BLW10-48V-5N.m-DE:8,1_2_05_000438^FL46BLW10-48V-5N.m-DE(2)_FL46BLW10-48V-5N.m-DE,1_2_05_000438_FL46BLW10-48V-5N.m-DE_2__FL46BLW10-48V-5N.m-DE,True,0.000000,-0.000000,-1.000000,0.350000,-0.258819,0.965926,-0.000000,29.550986,0.965926,0.258819,-0.000000,-10.971303,0.000000,0.000000,0.000000,1.000000
000_left_arm_long_wrist_latest:1+001_left_wrist_long_latest:1+wrist_3-left:1+robstride05:1+FL46BLW10-48V-5N.m-DE(2)^FL46BLW10-48V-5N.m-DE:1+1_2_05_020051^FL46BLW10-48V-5N.m-DE(2)_FL46BLW10-48V-5N.m-DE:2,1_2_05_020051^FL46BLW10-48V-5N.m-DE(2)_FL46BLW10-48V-5N.m-DE,1_2_05_020051_FL46BLW10-48V-5N.m-DE_2__FL46BLW10-48V-5N.m-DE,True,-0.000000,0.000000,-1.000000,2.910000,-0.642788,0.766044,0.000000,27.822405,0.766044,0.642788,0.000000,-7.540963,0.000000,0.000000,0.000000,1.000000
000_left_arm_long_wrist_latest:1+001_left_wrist_long_latest:1+wrist_3-left:1+robstride05:1+FL46BLW10-48V-5N.m-DE(2)^FL46BLW10-48V-5N.m-DE:1+1_2_05_020051^FL46BLW10-48V-5N.m-DE(2)_FL46BLW10-48V-5N.m-DE:3,1_2_05_020051^FL46BLW10-48V-5N.m-DE(2)_FL46BLW10-48V-5N.m-DE,1_2_05_020051_FL46BLW10-48V-5N.m-DE_2__FL46BLW10-48V-5N.m-DE,True,-0.000000,0.000000,-1.000000,2.910000,0.642788,-0.766044,-0.000000,30.200719,-0.766044,-0.642788,-0.000000,-10.375327,0.000000,0.000000,0.000000,1.000000
000_left_arm_long_wrist_latest:1+001_left_wrist_long_latest:1+wrist_3-left:1+robstride05:1+FL46BLW10-48V-5N.m-DE(2)^FL46BLW10-48V-5N.m-DE:1+1_2_05_000608^FL46BLW10-48V-5N.m-DE(2)_FL46BLW10-48V-5N.m-DE:2,1_2_05_000608^FL46BLW10-48V-5N.m-DE(2)_FL46BLW10-48V-5N.m-DE,1_2_05_000608_FL46BLW10-48V-5N.m-DE_2__FL46BLW10-48V-5N.m-DE,True,-1.000000,0.000000,-0.000000,3.137822,-0.000000,-0.866025,0.500000,27.001656,-0.000000,0.500000,0.866025,-9.204931,0.000000,0.000000,0.000000,1.000000
000_left_arm_long_wrist_latest:1+001_left_wrist_long_latest:1+wrist_3-left:1+robstride05:1+FL46BLW10-48V-5N.m-DE(2)^FL46BLW10-48V-5N.m-DE:1+1_2_05_000608^FL46BLW10-48V-5N.m-DE(2)_FL46BLW10-48V-5N.m-DE:3,1_2_05_000608^FL46BLW10-48V-5N.m-DE(2)_FL46BLW10-48V-5N.m-DE,1_2_05_000608_FL46BLW10-48V-5N.m-DE_2__FL46BLW10-48V-5N.m-DE,True,-1.000000,-0.000000,-0.000000,3.137822,-0.000000,0.500000,0.866025,28.764777,-0.000000,0.866025,-0.500000,-6.948239,0.000000,0.000000,0.000000,1.000000
000_left_arm_long_wrist_latest:1+001_left_wrist_long_latest:1+wrist_3-left:1+robstride05:1+FL46BLW10-48V-5N.m-DE(2)^FL46BLW10-48V-5N.m-DE:1+1_2_05_000608^FL46BLW10-48V-5N.m-DE(2)_FL46BLW10-48V-5N.m-DE:4,1_2_05_000608^FL46BLW10-48V-5N.m-DE(2)_FL46BLW10-48V-5N.m-DE,1_2_05_000608_FL46BLW10-48V-5N.m-DE_2__FL46BLW10-48V-5N.m-DE,True,-1.000000,-0.000000,0.000000,3.137822,-0.000000,0.866025,-0.500000,31.021468,-0.000000,-0.500000,-0.866025,-8.711360,0.000000,0.000000,0.000000,1.000000
000_left_arm_long_wrist_latest:1+001_left_wrist_long_latest:1+wrist_3-left:1+robstride05:1+FL46BLW10-48V-5N.m-DE(2)^FL46BLW10-48V-5N.m-DE:1+1_2_05_000555^FL46BLW10-48V-5N.m-DE(2)_FL46BLW10-48V-5N.m-DE:2,1_2_05_000555^FL46BLW10-48V-5N.m-DE(2)_FL46BLW10-48V-5N.m-DE,1_2_05_000555_FL46BLW10-48V-5N.m-DE_2__FL46BLW10-48V-5N.m-DE,True,1.000000,-0.000000,0.000000,-0.333000,0.000000,0.965926,-0.258819,27.974062,0.000000,0.258819,0.965926,-10.755148,0.000000,0.000000,0.000000,1.000000
000_left_arm_long_wrist_latest:1+001_left_wrist_long_latest:1+wrist_3-left:1+robstride05:1+FL46BLW10-48V-5N.m-DE(2)^FL46BLW10-48V-5N.m-DE:1+1_2_05_000555^FL46BLW10-48V-5N.m-DE(2)_FL46BLW10-48V-5N.m-DE:3,1_2_05_000555^FL46BLW10-48V-5N.m-DE(2)_FL46BLW10-48V-5N.m-DE,1_2_05_000555_FL46BLW10-48V-5N.m-DE_2__FL46BLW10-48V-5N.m-DE,True,1.000000,-0.000000,-0.000000,-0.333000,0.000000,0.866025,0.500000,27.007266,0.000000,-0.500000,0.866025,-9.495195,0.000000,0.000000,0.000000,1.000000
000_left_arm_long_wrist_latest:1+001_left_wrist_long_latest:1+wrist_3-left:1+robstride05:1+FL46BLW10-48V-5N.m-DE(2)^FL46BLW10-48V-5N.m-DE:1+1_2_05_000555^FL46BLW10-48V-5N.m-DE(2)_FL46BLW10-48V-5N.m-DE:4,1_2_05_000555^FL46BLW10-48V-5N.m-DE(2)_FL46BLW10-48V-5N.m-DE,1_2_05_000555_FL46BLW10-48V-5N.m-DE_2__FL46BLW10-48V-5N.m-DE,True,1.000000,-0.000000,-0.000000,-0.333000,0.000000,0.258819,0.965926,27.214559,0.000000,-0.965926,0.258819,-7.920645,0.000000,0.000000,0.000000,1.000000
000_left_arm_long_wrist_latest:1+001_left_wrist_long_latest:1+wrist_3-left:1+robstride05:1+FL46BLW10-48V-5N.m-DE(2)^FL46BLW10-48V-5N.m-DE:1+1_2_05_000555^FL46BLW10-48V-5N.m-DE(2)_FL46BLW10-48V-5N.m-DE:5,1_2_05_000555^FL46BLW10-48V-5N.m-DE(2)_FL46BLW10-48V-5N.m-DE,1_2_05_000555_FL46BLW10-48V-5N.m-DE_2__FL46BLW10-48V-5N.m-DE,True,1.000000,0.000000,-0.000000,-0.333000,0.000000,-0.500000,0.866025,28.474513,0.000000,-0.866025,-0.500000,-6.953849,0.000000,0.000000,0.000000,1.000000
000_left_arm_long_wrist_latest:1+001_left_wrist_long_latest:1+wrist_3-left:1+robstride05:1+FL46BLW10-48V-5N.m-DE(2)^FL46BLW10-48V-5N.m-DE:1+1_2_05_000555^FL46BLW10-48V-5N.m-DE(2)_FL46BLW10-48V-5N.m-DE:6,1_2_05_000555^FL46BLW10-48V-5N.m-DE(2)_FL46BLW10-48V-5N.m-DE,1_2_05_000555_FL46BLW10-48V-5N.m-DE_2__FL46BLW10-48V-5N.m-DE,True,1.000000,0.000000,-0.000000,-0.333000,0.000000,-0.965926,0.258819,30.049062,0.000000,-0.258819,-0.965926,-7.161142,0.000000,0.000000,0.000000,1.000000
000_left_arm_long_wrist_latest:1+001_left_wrist_long_latest:1+wrist_3-left:1+robstride05:1+FL46BLW10-48V-5N.m-DE(2)^FL46BLW10-48V-5N.m-DE:1+1_2_05_000555^FL46BLW10-48V-5N.m-DE(2)_FL46BLW10-48V-5N.m-DE:7,1_2_05_000555^FL46BLW10-48V-5N.m-DE(2)_FL46BLW10-48V-5N.m-DE,1_2_05_000555_FL46BLW10-48V-5N.m-DE_2__FL46BLW10-48V-5N.m-DE,True,1.000000,0.000000,0.000000,-0.333000,0.000000,-0.866025,-0.500000,31.015858,0.000000,0.500000,-0.866025,-8.421096,0.000000,0.000000,0.000000,1.000000
000_left_arm_long_wrist_latest:1+001_left_wrist_long_latest:1+wrist_3-left:1+robstride05:1+FL46BLW10-48V-5N.m-DE(2)^FL46BLW10-48V-5N.m-DE:1+1_2_05_000555^FL46BLW10-48V-5N.m-DE(2)_FL46BLW10-48V-5N.m-DE:8,1_2_05_000555^FL46BLW10-48V-5N.m-DE(2)_FL46BLW10-48V-5N.m-DE,1_2_05_000555_FL46BLW10-48V-5N.m-DE_2__FL46BLW10-48V-5N.m-DE,True,1.000000,0.000000,0.000000,-0.333000,0.000000,-0.258819,-0.965926,30.808565,0.000000,0.965926,-0.258819,-9.995645,0.000000,0.000000,0.000000,1.000000
000_left_arm_long_wrist_latest:1+001_left_wrist_long_latest:1+wrist_3-left:1+robstride05:1+1_1_30_GR-2202_ASM^FL46BLW10-48V-5N.m-DE(2)_FL46BLW10-48V-5N.m-DE:1+1_1_30_GR-2202_ASM_1_ASM^1_1_30_GR-2202_ASM_FL46BLW10-48V-5N.m-DE(2)_FL46BLW10-48V-5N.m-DE:1+00MINI-_20250103_A0001_ASM_1_AS_ASM^1_1_30_GR-2202_ASM_1_ASM_1_1_30_GR-2202_ASM_FL46BLW10-48V-5N.m-DE(2)_FL46BLW10-48V-5N.m-DE:1+00MINI-000_ASM_1_ASM_1_ASM^00MINI-_20250103_A0001_ASM_1_AS_ASM_1_1_30_GR-2202_ASM_1_ASM_1_1_30_GR-2202_ASM_FL46BLW10-48V-5N.m-DE(2)_FL46BLW10-48V-5N.m-DE:1+1_21_121000022__610001_1_1^00MINI-000_ASM_1_ASM_1_ASM_00MINI-_20250103_A0001_ASM_1_AS_ASM_1_1_30_GR-2202_ASM_1_ASM_1_1_30_GR-2202_ASM_FL46BLW10-48V-5N.m-DE(2)_FL46BLW10-48V-5N.m-DE:1,1_21_121000022__610001_1_1^00MINI-000_ASM_1_ASM_1_ASM_00MINI-_20250103_A0001_ASM_1_AS_ASM_1_1_30_GR-2202_ASM_1_ASM_1_1_30_GR-2202_ASM_FL46BLW10-48V-5N.m-DE(2)_FL46BLW10-48V-5N.m-DE,1_21_121000022__610001_1_1_00MINI-000_ASM_1_ASM_1_ASM_00MINI-_20250103_A0001_ASM_1_AS_ASM_1_1_30_GR-2202_ASM_1_ASM_1_1_30_GR-2202_ASM_FL46BLW10-48V-5N.m-DE_2__FL46BLW10-48V-5N.m-DE,True,-1.000000,0.000000,0.000000,-0.350000,-0.000000,-0.965926,-0.258819,29.011562,-0.000000,-0.258819,0.965926,-8.958145,0.000000,0.000000,0.000000,1.000000
000_left_arm_long_wrist_latest:1+001_left_wrist_long_latest:1+wrist_3-left:1+robstride05:1+1_1_30_GR-2202_ASM^FL46BLW10-48V-5N.m-DE(2)_FL46BLW10-48V-5N.m-DE:1+1_1_30_GR-2202_ASM_1_ASM^1_1_30_GR-2202_ASM_FL46BLW10-48V-5N.m-DE(2)_FL46BLW10-48V-5N.m-DE:1+00MINI-_20250103_A0001_ASM_1_AS_ASM^1_1_30_GR-2202_ASM_1_ASM_1_1_30_GR-2202_ASM_FL46BLW10-48V-5N.m-DE(2)_FL46BLW10-48V-5N.m-DE:1+00MINI-000_ASM_1_ASM_1_ASM^00MINI-_20250103_A0001_ASM_1_AS_ASM_1_1_30_GR-2202_ASM_1_ASM_1_1_30_GR-2202_ASM_FL46BLW10-48V-5N.m-DE(2)_FL46BLW10-48V-5N.m-DE:1+0001755650^00MINI-000_ASM_1_ASM_1_ASM_00MINI-_20250103_A0001_ASM_1_AS_ASM_1_1_30_GR-2202_ASM_1_ASM_1_1_30_GR-2202_ASM_FL46BLW10-48V-5N.m-DE(2)_FL46BLW10-48V-5N.m-DE:1,0001755650^00MINI-000_ASM_1_ASM_1_ASM_00MINI-_20250103_A0001_ASM_1_AS_ASM_1_1_30_GR-2202_ASM_1_ASM_1_1_30_GR-2202_ASM_FL46BLW10-48V-5N.m-DE(2)_FL46BLW10-48V-5N.m-DE,0001755650_00MINI-000_ASM_1_ASM_1_ASM_00MINI-_20250103_A0001_ASM_1_AS_ASM_1_1_30_GR-2202_ASM_1_ASM_1_1_30_GR-2202_ASM_FL46BLW10-48V-5N.m-DE_2__FL46BLW10-48V-5N.m-DE,True,0.000000,0.000000,1.000000,-0.540000,-0.258819,-0.965926,0.000000,29.011562,0.965926,-0.258819,0.000000,-8.958145,0.000000,0.000000,0.000000,1.000000
000_left_arm_long_wrist_latest:1+001_left_wrist_long_latest:1+wrist_3-left:1+robstride05:1+1_1_30_GR-2202_ASM^FL46BLW10-48V-5N.m-DE(2)_FL46BLW10-48V-5N.m-DE:1+1_1_30_GR-2202_ASM_1_ASM^1_1_30_GR-2202_ASM_FL46BLW10-48V-5N.m-DE(2)_FL46BLW10-48V-5N.m-DE:1+00MINI-_20250103_A0001_ASM_1_AS_ASM^1_1_30_GR-2202_ASM_1_ASM_1_1_30_GR-2202_ASM_FL46BLW10-48V-5N.m-DE(2)_FL46BLW10-48V-5N.m-DE:1+00MINI-000_ASM_1_ASM_1_ASM^00MINI-_20250103_A0001_ASM_1_AS_ASM_1_1_30_GR-2202_ASM_1_ASM_1_1_30_GR-2202_ASM_FL46BLW10-48V-5N.m-DE(2)_FL46BLW10-48V-5N.m-DE:1+0001755652^00MINI-000_ASM_1_ASM_1_ASM_00MINI-_20250103_A0001_ASM_1_AS_ASM_1_1_30_GR-2202_ASM_1_ASM_1_1_30_GR-2202_ASM_FL46BLW10-48V-5N.m-DE(2)_FL46BLW10-48V-5N.m-DE:1,0001755652^00MINI-000_ASM_1_ASM_1_ASM_00MINI-_20250103_A0001_ASM_1_AS_ASM_1_1_30_GR-2202_ASM_1_ASM_1_1_30_GR-2202_ASM_FL46BLW10-48V-5N.m-DE(2)_FL46BLW10-48V-5N.m-DE,0001755652_00MINI-000_ASM_1_ASM_1_ASM_00MINI-_20250103_A0001_ASM_1_AS_ASM_1_1_30_GR-2202_ASM_1_ASM_1_1_30_GR-2202_ASM_FL46BLW10-48V-5N.m-DE_2__FL46BLW10-48V-5N.m-DE,True,0.000000,0.000000,1.000000,-0.850000,-0.258819,-0.965926,0.000000,28.765684,0.965926,-0.258819,0.000000,-9.875775,0.000000,0.000000,0.000000,1.000000
000_left_arm_long_wrist_latest:1+001_left_wrist_long_latest:1+wrist_3-left:1+robstride05:1+1_1_30_GR-2202_ASM^FL46BLW10-48V-5N.m-DE(2)_FL46BLW10-48V-5N.m-DE:1+1_1_30_GR-2202_ASM_1_ASM^1_1_30_GR-2202_ASM_FL46BLW10-48V-5N.m-DE(2)_FL46BLW10-48V-5N.m-DE:1+00MINI-_20250103_A0001_ASM_1_AS_ASM^1_1_30_GR-2202_ASM_1_ASM_1_1_30_GR-2202_ASM_FL46BLW10-48V-5N.m-DE(2)_FL46BLW10-48V-5N.m-DE:1+00MINI-000_ASM_1_ASM_1_ASM^00MINI-_20250103_A0001_ASM_1_AS_ASM_1_1_30_GR-2202_ASM_1_ASM_1_1_30_GR-2202_ASM_FL46BLW10-48V-5N.m-DE(2)_FL46BLW10-48V-5N.m-DE:1+6706__300001_1_1^00MINI-000_ASM_1_ASM_1_ASM_00MINI-_20250103_A0001_ASM_1_AS_ASM_1_1_30_GR-2202_ASM_1_ASM_1_1_30_GR-2202_ASM_FL46BLW10-48V-5N.m-DE(2)_FL46BLW10-48V-5N.m-DE:1,6706__300001_1_1^00MINI-000_ASM_1_ASM_1_ASM_00MINI-_20250103_A0001_ASM_1_AS_ASM_1_1_30_GR-2202_ASM_1_ASM_1_1_30_GR-2202_ASM_FL46BLW10-48V-5N.m-DE(2)_FL46BLW10-48V-5N.m-DE,6706__300001_1_1_00MINI-000_ASM_1_ASM_1_ASM_00MINI-_20250103_A0001_ASM_1_AS_ASM_1_1_30_GR-2202_ASM_1_ASM_1_1_30_GR-2202_ASM_FL46BLW10-48V-5N.m-DE_2__FL46BLW10-48V-5N.m-DE,True,0.000000,0.000000,1.000000,-0.500000,-0.258819,-0.965926,0.000000,29.011562,0.965926,-0.258819,0.000000,-8.958145,0.000000,0.000000,0.000000,1.000000
000_left_arm_long_wrist_latest:1+001_left_wrist_long_latest:1+wrist_3-left:1+robstride05:1+1_1_30_GR-2202_ASM^FL46BLW10-48V-5N.m-DE(2)_FL46BLW10-48V-5N.m-DE:1+1_1_30_GR-2202_ASM_1_ASM^1_1_30_GR-2202_ASM_FL46BLW10-48V-5N.m-DE(2)_FL46BLW10-48V-5N.m-DE:1+0001755652^1_1_30_GR-2202_ASM_1_ASM_1_1_30_GR-2202_ASM_FL46BLW10-48V-5N.m-DE(2)_FL46BLW10-48V-5N.m-DE:1,0001755652^1_1_30_GR-2202_ASM_1_ASM_1_1_30_GR-2202_ASM_FL46BLW10-48V-5N.m-DE(2)_FL46BLW10-48V-5N.m-DE,0001755652_1_1_30_GR-2202_ASM_1_ASM_1_1_30_GR-2202_ASM_FL46BLW10-48V-5N.m-DE_2__FL46BLW10-48V-5N.m-DE,True,0.000000,0.000000,1.000000,-0.850000,-0.258819,-0.965926,0.000000,28.339811,0.965926,-0.258819,0.000000,-8.286394,0.000000,0.000000,0.000000,1.000000
000_left_arm_long_wrist_latest:1+001_left_wrist_long_latest:1+wrist_3-left:1+robstride05:1+1_1_30_GR-2202_ASM^FL46BLW10-48V-5N.m-DE(2)_FL46BLW10-48V-5N.m-DE:1+1_1_30_GR-2202_ASM_1_ASM^1_1_30_GR-2202_ASM_FL46BLW10-48V-5N.m-DE(2)_FL46BLW10-48V-5N.m-DE:1+0001755652^1_1_30_GR-2202_ASM_1_ASM_1_1_30_GR-2202_ASM_FL46BLW10-48V-5N.m-DE(2)_FL46BLW10-48V-5N.m-DE:2,0001755652^1_1_30_GR-2202_ASM_1_ASM_1_1_30_GR-2202_ASM_FL46BLW10-48V-5N.m-DE(2)_FL46BLW10-48V-5N.m-DE,0001755652_1_1_30_GR-2202_ASM_1_ASM_1_1_30_GR-2202_ASM_FL46BLW10-48V-5N.m-DE_2__FL46BLW10-48V-5N.m-DE,True,0.000000,0.000000,1.000000,-0.850000,-0.258819,-0.965926,0.000000,29.929192,0.965926,-0.258819,0.000000,-8.712267,0.000000,0.000000,0.000000,1.000000
000_left_arm_long_wrist_latest:1+001_left_wrist_long_latest:1+wrist_3-left:1+robstride05:1+Component20:1,Component20,Component20,True,0.000000,0.000000,-1.000000,-0.650000,-0.500000,-0.866025,-0.000000,29.011562,-0.866025,0.500000,-0.000000,-8.958145,0.000000,0.000000,0.000000,1.000000
000_left_arm_long_wrist_latest:1+001_left_wrist_long_latest:1+wrist_3-left:1+bearing_30x37x4_6706_0.9kN_8g:1+half-bearing_30x37x4_6706_0.9kN_8g:1,half-bearing_30x37x4_6706_0.9kN_8g,half-bearing_30x37x4_6706_0.9kN_8g,True,0.000000,-0.000000,-1.000000,-1.050000,-0.258819,0.965926,-0.000000,29.011562,0.965926,0.258819,-0.000000,-8.958145,0.000000,0.000000,0.000000,1.000000
000_left_arm_long_wrist_latest:1+001_left_wrist_long_latest:1+wrist_3-left:1+bearing_30x37x4_6706_0.9kN_8g:1+half-bearing_30x37x4_6706_0.9kN_8g:2,half-bearing_30x37x4_6706_0.9kN_8g,half-bearing_30x37x4_6706_0.9kN_8g,False,0.000000,-0.000000,-1.000000,-1.050000,-0.258819,0.965926,-0.000000,29.011562,0.965926,0.258819,-0.000000,-8.958145,0.000000,0.000000,0.000000,1.000000
000_left_arm_long_wrist_latest:1+001_left_wrist_long_latest:1+wrist_3-left:1+bearing_35x44x5_6707_1.6kN_15g:1+half-bearing_35x44x5_6707_1.6kN_15g:1,half-bearing_35x44x5_6707_1.6kN_15g,half-bearing_35x44x5_6707_1.6kN_15g,True,-0.000000,1.000000,0.000000,0.000000,0.258819,0.000000,-0.965926,25.713046,-0.965926,0.000000,-0.258819,-3.216211,0.000000,0.000000,0.000000,1.000000
000_left_arm_long_wrist_latest:1+001_left_wrist_long_latest:1+wrist_3-left:1+bearing_35x44x5_6707_1.6kN_15g:1+half-bearing_35x44x5_6707_1.6kN_15g:2,half-bearing_35x44x5_6707_1.6kN_15g,half-bearing_35x44x5_6707_1.6kN_15g,False,-0.000000,1.000000,0.000000,0.000000,0.258819,0.000000,-0.965926,25.713046,-0.965926,0.000000,-0.258819,-3.216211,0.000000,0.000000,0.000000,1.000000
000_left_arm_long_wrist_latest:1+001_left_wrist_long_latest:1+wrist_3-left:1+Component5:1,Component5,Component5,True,0.000000,1.000000,0.000000,9.000000,-0.965926,0.000000,-0.258819,17.300000,-0.258819,0.000000,0.965926,34.749999,0.000000,0.000000,0.000000,1.000000
000_left_arm_long_wrist_latest:1+001_left_wrist_long_latest:1+v15_right_end_effector_attachment:1,v15_right_end_effector_attachment,v15_right_end_effector_attachment,True,0.000000,1.000000,0.000000,9.000000,-0.965926,0.000000,-0.258819,17.300000,-0.258819,0.000000,0.965926,34.749999,0.000000,0.000000,0.000000,1.000000
000_left_arm_long_wrist_latest:1+Hexalobular Socket Pan Head Screw ISO 14583 - M3x10 Steel 4.6 Plain:2,Hexalobular Socket Pan Head Screw ISO 14583 - M3x10 Steel 4.6 Plain,Hexalobular_Socket_Pan_Head_Screw_ISO_14583_-_M3x10_Steel_4.6_Plain,True,0.000000,0.000000,-1.000000,-2.900000,0.000000,-1.000000,-0.000000,9.800000,-1.000000,-0.000000,-0.000000,36.550000,0.000000,0.000000,0.000000,1.000000
000_left_arm_long_wrist_latest:1+Hexalobular Socket Pan Head Screw ISO 14583 - M3x10 Steel 4.6 Plain:3,Hexalobular Socket Pan Head Screw ISO 14583 - M3x10 Steel 4.6 Plain,Hexalobular_Socket_Pan_Head_Screw_ISO_14583_-_M3x10_Steel_4.6_Plain,True,0.000000,0.000000,-1.000000,-2.900000,0.000000,-1.000000,-0.000000,9.800000,-1.000000,-0.000000,-0.000000,35.350000,0.000000,0.000000,0.000000,1.000000
000_left_arm_long_wrist_latest:1+Hexalobular Socket Pan Head Screw ISO 14583 - M3x10 Steel 4.6 Plain:4,Hexalobular Socket Pan Head Screw ISO 14583 - M3x10 Steel 4.6 Plain,Hexalobular_Socket_Pan_Head_Screw_ISO_14583_-_M3x10_Steel_4.6_Plain,True,0.000000,0.000000,-1.000000,-2.900000,0.000000,-1.000000,-0.000000,9.800000,-1.000000,-0.000000,-0.000000,34.150000,0.000000,0.000000,0.000000,1.000000
000_left_arm_long_wrist_latest:1+Hexalobular Socket Pan Head Screw ISO 14583 - M3x10 Steel 4.6 Plain:5,Hexalobular Socket Pan Head Screw ISO 14583 - M3x10 Steel 4.6 Plain,Hexalobular_Socket_Pan_Head_Screw_ISO_14583_-_M3x10_Steel_4.6_Plain,True,0.000000,0.000000,-1.000000,-2.900000,0.000000,-1.000000,-0.000000,9.800000,-1.000000,-0.000000,-0.000000,32.950000,0.000000,0.000000,0.000000,1.000000
000_left_arm_long_wrist_latest:1+Hexalobular Socket Pan Head Screw ISO 14583 - M3x10 Steel 4.6 Plain:6,Hexalobular Socket Pan Head Screw ISO 14583 - M3x10 Steel 4.6 Plain,Hexalobular_Socket_Pan_Head_Screw_ISO_14583_-_M3x10_Steel_4.6_Plain,True,0.000000,0.000000,-1.000000,-1.275000,0.000000,-1.000000,-0.000000,15.730998,-1.000000,-0.000000,-0.000000,38.537906,0.000000,0.000000,0.000000,1.000000
000_left_arm_long_wrist_latest:1+Hexalobular Socket Pan Head Screw ISO 14583 - M3x10 Steel 4.6 Plain:7,Hexalobular Socket Pan Head Screw ISO 14583 - M3x10 Steel 4.6 Plain,Hexalobular_Socket_Pan_Head_Screw_ISO_14583_-_M3x10_Steel_4.6_Plain,True,0.000000,0.000000,-1.000000,-1.275000,0.000000,-1.000000,-0.000000,13.512094,-1.000000,-0.000000,-0.000000,36.319002,0.000000,0.000000,0.000000,1.000000
000_left_arm_long_wrist_latest:1+Hexalobular Socket Pan Head Screw ISO 14583 - M3x10 Steel 4.6 Plain:8,Hexalobular Socket Pan Head Screw ISO 14583 - M3x10 Steel 4.6 Plain,Hexalobular_Socket_Pan_Head_Screw_ISO_14583_-_M3x10_Steel_4.6_Plain,True,0.000000,0.000000,-1.000000,-1.275000,0.000000,-1.000000,-0.000000,21.087906,-1.000000,-0.000000,-0.000000,36.319002,0.000000,0.000000,0.000000,1.000000
000_left_arm_long_wrist_latest:1+Hexalobular Socket Pan Head Screw ISO 14583 - M3x10 Steel 4.6 Plain:9,Hexalobular Socket Pan Head Screw ISO 14583 - M3x10 Steel 4.6 Plain,Hexalobular_Socket_Pan_Head_Screw_ISO_14583_-_M3x10_Steel_4.6_Plain,True,0.000000,0.000000,-1.000000,-1.275000,0.000000,-1.000000,-0.000000,18.869002,-1.000000,-0.000000,-0.000000,38.537906,0.000000,0.000000,0.000000,1.000000
000_left_arm_long_wrist_latest:1+Hexalobular Socket Pan Head Screw ISO 14583 - M3x10 Steel 4.6 Plain:10,Hexalobular Socket Pan Head Screw ISO 14583 - M3x10 Steel 4.6 Plain,Hexalobular_Socket_Pan_Head_Screw_ISO_14583_-_M3x10_Steel_4.6_Plain,True,0.000000,0.000000,-1.000000,-1.275000,0.000000,-1.000000,-0.000000,18.869002,-1.000000,-0.000000,-0.000000,30.962094,0.000000,0.000000,0.000000,1.000000
000_left_arm_long_wrist_latest:1+Hexalobular Socket Pan Head Screw ISO 14583 - M3x10 Steel 4.6 Plain:11,Hexalobular Socket Pan Head Screw ISO 14583 - M3x10 Steel 4.6 Plain,Hexalobular_Socket_Pan_Head_Screw_ISO_14583_-_M3x10_Steel_4.6_Plain,True,0.000000,0.000000,-1.000000,-1.275000,0.000000,-1.000000,-0.000000,15.730998,-1.000000,-0.000000,-0.000000,30.962094,0.000000,0.000000,0.000000,1.000000
000_left_arm_long_wrist_latest:1+Hexalobular Socket Pan Head Screw ISO 14583 - M3x10 Steel 4.6 Plain:12,Hexalobular Socket Pan Head Screw ISO 14583 - M3x10 Steel 4.6 Plain,Hexalobular_Socket_Pan_Head_Screw_ISO_14583_-_M3x10_Steel_4.6_Plain,True,0.000000,0.000000,-1.000000,-1.275000,0.000000,-1.000000,-0.000000,13.512094,-1.000000,-0.000000,-0.000000,33.180998,0.000000,0.000000,0.000000,1.000000
000_left_arm_long_wrist_latest:1+Hexalobular Socket Pan Head Screw ISO 14583 - M3x10 Steel 4.6 Plain:13,Hexalobular Socket Pan Head Screw ISO 14583 - M3x10 Steel 4.6 Plain,Hexalobular_Socket_Pan_Head_Screw_ISO_14583_-_M3x10_Steel_4.6_Plain,True,0.000000,0.000000,-1.000000,-1.275000,0.000000,-1.000000,-0.000000,21.087906,-1.000000,-0.000000,-0.000000,33.180998,0.000000,0.000000,0.000000,1.000000
000_left_arm_long_wrist_latest:1+Hexalobular Socket Pan Head Screw ISO 14583 - M3x10 Steel 4.6 Plain:22,Hexalobular Socket Pan Head Screw ISO 14583 - M3x10 Steel 4.6 Plain,Hexalobular_Socket_Pan_Head_Screw_ISO_14583_-_M3x10_Steel_4.6_Plain,True,0.000000,-0.000000,1.000000,2.900000,0.000000,1.000000,0.000000,9.800000,-1.000000,0.000000,0.000000,36.550000,0.000000,0.000000,0.000000,1.000000
000_left_arm_long_wrist_latest:1+Hexalobular Socket Pan Head Screw ISO 14583 - M3x10 Steel 4.6 Plain:23,Hexalobular Socket Pan Head Screw ISO 14583 - M3x10 Steel 4.6 Plain,Hexalobular_Socket_Pan_Head_Screw_ISO_14583_-_M3x10_Steel_4.6_Plain,True,0.000000,-0.000000,1.000000,2.900000,0.000000,1.000000,0.000000,9.800000,-1.000000,0.000000,0.000000,35.350000,0.000000,0.000000,0.000000,1.000000
000_left_arm_long_wrist_latest:1+Hexalobular Socket Pan Head Screw ISO 14583 - M3x10 Steel 4.6 Plain:24,Hexalobular Socket Pan Head Screw ISO 14583 - M3x10 Steel 4.6 Plain,Hexalobular_Socket_Pan_Head_Screw_ISO_14583_-_M3x10_Steel_4.6_Plain,True,0.000000,-0.000000,1.000000,2.900000,0.000000,1.000000,0.000000,9.800000,-1.000000,0.000000,0.000000,34.150000,0.000000,0.000000,0.000000,1.000000
000_left_arm_long_wrist_latest:1+Hexalobular Socket Pan Head Screw ISO 14583 - M3x10 Steel 4.6 Plain:25,Hexalobular Socket Pan Head Screw ISO 14583 - M3x10 Steel 4.6 Plain,Hexalobular_Socket_Pan_Head_Screw_ISO_14583_-_M3x10_Steel_4.6_Plain,True,0.000000,-0.000000,1.000000,2.900000,0.000000,1.000000,0.000000,9.800000,-1.000000,0.000000,0.000000,32.950000,0.000000,0.000000,0.000000,1.000000
000_left_arm_long_wrist_latest:1+Hexalobular Socket Pan Head Screw ISO 14583 - M3x10 Steel 4.6 Plain:26,Hexalobular Socket Pan Head Screw ISO 14583 - M3x10 Steel 4.6 Plain,Hexalobular_Socket_Pan_Head_Screw_ISO_14583_-_M3x10_Steel_4.6_Plain,True,0.000000,-0.000000,1.000000,2.675000,0.000000,1.000000,0.000000,15.730998,-1.000000,0.000000,0.000000,38.537906,0.000000,0.000000,0.000000,1.000000
000_left_arm_long_wrist_latest:1+Hexalobular Socket Pan Head Screw ISO 14583 - M3x10 Steel 4.6 Plain:27,Hexalobular Socket Pan Head Screw ISO 14583 - M3x10 Steel 4.6 Plain,Hexalobular_Socket_Pan_Head_Screw_ISO_14583_-_M3x10_Steel_4.6_Plain,True,0.000000,-0.000000,1.000000,2.675000,0.000000,1.000000,0.000000,21.087906,-1.000000,0.000000,0.000000,36.319002,0.000000,0.000000,0.000000,1.000000
000_left_arm_long_wrist_latest:1+Hexalobular Socket Pan Head Screw ISO 14583 - M3x10 Steel 4.6 Plain:28,Hexalobular Socket Pan Head Screw ISO 14583 - M3x10 Steel 4.6 Plain,Hexalobular_Socket_Pan_Head_Screw_ISO_14583_-_M3x10_Steel_4.6_Plain,True,0.000000,-0.000000,1.000000,2.675000,0.000000,1.000000,0.000000,18.869002,-1.000000,0.000000,0.000000,38.537906,0.000000,0.000000,0.000000,1.000000
000_left_arm_long_wrist_latest:1+Hexalobular Socket Pan Head Screw ISO 14583 - M3x10 Steel 4.6 Plain:29,Hexalobular Socket Pan Head Screw ISO 14583 - M3x10 Steel 4.6 Plain,Hexalobular_Socket_Pan_Head_Screw_ISO_14583_-_M3x10_Steel_4.6_Plain,True,0.000000,-0.000000,1.000000,2.675000,0.000000,1.000000,0.000000,13.512094,-1.000000,0.000000,0.000000,36.319002,0.000000,0.000000,0.000000,1.000000
000_left_arm_long_wrist_latest:1+Hexalobular Socket Pan Head Screw ISO 14583 - M3x10 Steel 4.6 Plain:30,Hexalobular Socket Pan Head Screw ISO 14583 - M3x10 Steel 4.6 Plain,Hexalobular_Socket_Pan_Head_Screw_ISO_14583_-_M3x10_Steel_4.6_Plain,True,0.000000,-0.000000,1.000000,2.675000,0.000000,1.000000,0.000000,15.730998,-1.000000,0.000000,0.000000,30.962094,0.000000,0.000000,0.000000,1.000000
000_left_arm_long_wrist_latest:1+Hexalobular Socket Pan Head Screw ISO 14583 - M3x10 Steel 4.6 Plain:31,Hexalobular Socket Pan Head Screw ISO 14583 - M3x10 Steel 4.6 Plain,Hexalobular_Socket_Pan_Head_Screw_ISO_14583_-_M3x10_Steel_4.6_Plain,True,0.000000,-0.000000,1.000000,2.675000,0.000000,1.000000,0.000000,18.869002,-1.000000,0.000000,0.000000,30.962094,0.000000,0.000000,0.000000,1.000000
000_left_arm_long_wrist_latest:1+Hexalobular Socket Pan Head Screw ISO 14583 - M3x10 Steel 4.6 Plain:32,Hexalobular Socket Pan Head Screw ISO 14583 - M3x10 Steel 4.6 Plain,Hexalobular_Socket_Pan_Head_Screw_ISO_14583_-_M3x10_Steel_4.6_Plain,True,0.000000,-0.000000,1.000000,2.675000,0.000000,1.000000,0.000000,13.512094,-1.000000,0.000000,0.000000,33.180998,0.000000,0.000000,0.000000,1.000000
000_left_arm_long_wrist_latest:1+Hexalobular Socket Pan Head Screw ISO 14583 - M3x10 Steel 4.6 Plain:33,Hexalobular Socket Pan Head Screw ISO 14583 - M3x10 Steel 4.6 Plain,Hexalobular_Socket_Pan_Head_Screw_ISO_14583_-_M3x10_Steel_4.6_Plain,True,0.000000,-0.000000,1.000000,2.675000,0.000000,1.000000,0.000000,21.087906,-1.000000,0.000000,0.000000,33.180998,0.000000,0.000000,0.000000,1.000000
000_left_arm_long_wrist_latest:1+Hexalobular Socket Pan Head Screw ISO 14583 - M3x10 Steel 4.6 Plain:34,Hexalobular Socket Pan Head Screw ISO 14583 - M3x10 Steel 4.6 Plain,Hexalobular_Socket_Pan_Head_Screw_ISO_14583_-_M3x10_Steel_4.6_Plain,True,-0.000000,-0.000000,1.000000,3.800000,0.258819,0.965926,0.000000,18.516450,-0.965926,0.258819,-0.000000,30.210149,0.000000,0.000000,0.000000,1.000000
000_left_arm_long_wrist_latest:1+Hexalobular Socket Pan Head Screw ISO 14583 - M3x10 Steel 4.6 Plain:35,Hexalobular Socket Pan Head Screw ISO 14583 - M3x10 Steel 4.6 Plain,Hexalobular_Socket_Pan_Head_Screw_ISO_14583_-_M3x10_Steel_4.6_Plain,True,-0.000000,-0.000000,1.000000,3.800000,0.258819,0.965926,0.000000,17.587180,-0.965926,0.258819,-0.000000,28.925875,0.000000,0.000000,0.000000,1.000000
000_left_arm_long_wrist_latest:1+Hexalobular Socket Pan Head Screw ISO 14583 - M3x10 Steel 4.6 Plain:36,Hexalobular Socket Pan Head Screw ISO 14583 - M3x10 Steel 4.6 Plain,Hexalobular_Socket_Pan_Head_Screw_ISO_14583_-_M3x10_Steel_4.6_Plain,True,-0.000000,-0.000000,1.000000,3.800000,0.258819,0.965926,0.000000,19.704538,-0.965926,0.258819,-0.000000,30.528496,0.000000,0.000000,0.000000,1.000000
000_left_arm_long_wrist_latest:1+Hexalobular Socket Pan Head Screw ISO 14583 - M3x10 Steel 4.6 Plain:37,Hexalobular Socket Pan Head Screw ISO 14583 - M3x10 Steel 4.6 Plain,Hexalobular_Socket_Pan_Head_Screw_ISO_14583_-_M3x10_Steel_4.6_Plain,True,-0.000000,-0.000000,1.000000,3.800000,0.258819,0.965926,0.000000,19.963357,-0.965926,0.258819,-0.000000,29.562570,0.000000,0.000000,0.000000,1.000000
000_left_arm_long_wrist_latest:1+Hexalobular Socket Pan Head Screw ISO 14583 - M3x10 Steel 4.6 Plain:38,Hexalobular Socket Pan Head Screw ISO 14583 - M3x10 Steel 4.6 Plain,Hexalobular_Socket_Pan_Head_Screw_ISO_14583_-_M3x10_Steel_4.6_Plain,True,-0.000000,-0.000000,1.000000,3.800000,0.258819,0.965926,0.000000,17.328361,-0.965926,0.258819,-0.000000,29.891801,0.000000,0.000000,0.000000,1.000000
000_left_arm_long_wrist_latest:1+Hexalobular Socket Pan Head Screw ISO 14583 - M3x10 Steel 4.6 Plain:39,Hexalobular Socket Pan Head Screw ISO 14583 - M3x10 Steel 4.6 Plain,Hexalobular_Socket_Pan_Head_Screw_ISO_14583_-_M3x10_Steel_4.6_Plain,True,0.000000,0.000000,-1.000000,-3.800000,-0.258819,0.965926,-0.000000,18.516450,0.965926,0.258819,0.000000,30.210149,0.000000,0.000000,0.000000,1.000000
000_left_arm_long_wrist_latest:1+Hexalobular Socket Pan Head Screw ISO 14583 - M3x10 Steel 4.6 Plain:40,Hexalobular Socket Pan Head Screw ISO 14583 - M3x10 Steel 4.6 Plain,Hexalobular_Socket_Pan_Head_Screw_ISO_14583_-_M3x10_Steel_4.6_Plain,True,0.000000,0.000000,-1.000000,-3.800000,-0.258819,0.965926,-0.000000,17.328361,0.965926,0.258819,0.000000,29.891801,0.000000,0.000000,0.000000,1.000000
000_left_arm_long_wrist_latest:1+Hexalobular Socket Pan Head Screw ISO 14583 - M3x10 Steel 4.6 Plain:41,Hexalobular Socket Pan Head Screw ISO 14583 - M3x10 Steel 4.6 Plain,Hexalobular_Socket_Pan_Head_Screw_ISO_14583_-_M3x10_Steel_4.6_Plain,True,0.000000,0.000000,-1.000000,-3.800000,-0.258819,0.965926,-0.000000,19.704538,0.965926,0.258819,0.000000,30.528496,0.000000,0.000000,0.000000,1.000000
000_left_arm_long_wrist_latest:1+Hexalobular Socket Pan Head Screw ISO 14583 - M3x10 Steel 4.6 Plain:42,Hexalobular Socket Pan Head Screw ISO 14583 - M3x10 Steel 4.6 Plain,Hexalobular_Socket_Pan_Head_Screw_ISO_14583_-_M3x10_Steel_4.6_Plain,True,0.000000,0.000000,-1.000000,-3.800000,-0.258819,0.965926,-0.000000,19.963357,0.965926,0.258819,0.000000,29.562570,0.000000,0.000000,0.000000,1.000000
000_left_arm_long_wrist_latest:1+Hexalobular Socket Pan Head Screw ISO 14583 - M3x10 Steel 4.6 Plain:43,Hexalobular Socket Pan Head Screw ISO 14583 - M3x10 Steel 4.6 Plain,Hexalobular_Socket_Pan_Head_Screw_ISO_14583_-_M3x10_Steel_4.6_Plain,True,0.000000,0.000000,-1.000000,-3.800000,-0.258819,0.965926,-0.000000,17.587180,0.965926,0.258819,0.000000,28.925875,0.000000,0.000000,0.000000,1.000000
000_left_arm_long_wrist_latest:1+Hexalobular Socket Pan Head Screw ISO 14583 - M3x10 Steel 4.6 Plain:44,Hexalobular Socket Pan Head Screw ISO 14583 - M3x10 Steel 4.6 Plain,Hexalobular_Socket_Pan_Head_Screw_ISO_14583_-_M3x10_Steel_4.6_Plain,True,-1.000000,-0.000000,0.000000,1.248374,0.000000,-0.965926,-0.258819,22.217686,0.000000,-0.258819,0.965926,29.648978,0.000000,0.000000,0.000000,1.000000
000_left_arm_long_wrist_latest:1+Hexalobular Socket Pan Head Screw ISO 14583 - M3x10 Steel 4.6 Plain:45,Hexalobular Socket Pan Head Screw ISO 14583 - M3x10 Steel 4.6 Plain,Hexalobular_Socket_Pan_Head_Screw_ISO_14583_-_M3x10_Steel_4.6_Plain,True,-1.000000,-0.000000,0.000000,-1.248374,0.000000,-0.965926,-0.258819,22.217686,0.000000,-0.258819,0.965926,29.648978,0.000000,0.000000,0.000000,1.000000
000_left_arm_long_wrist_latest:1+Hexalobular Socket Pan Head Screw ISO 14583 - M3x10 Steel 4.6 Plain:46,Hexalobular Socket Pan Head Screw ISO 14583 - M3x10 Steel 4.6 Plain,Hexalobular_Socket_Pan_Head_Screw_ISO_14583_-_M3x10_Steel_4.6_Plain,True,-1.000000,-0.000000,0.000000,-3.160993,0.000000,-0.965926,-0.258819,20.667493,0.000000,-0.258819,0.965926,29.233605,0.000000,0.000000,0.000000,1.000000
000_left_arm_long_wrist_latest:1+Hexalobular Socket Pan Head Screw ISO 14583 - M3x10 Steel 4.6 Plain:47,Hexalobular Socket Pan Head Screw ISO 14583 - M3x10 Steel 4.6 Plain,Hexalobular_Socket_Pan_Head_Screw_ISO_14583_-_M3x10_Steel_4.6_Plain,True,-1.000000,-0.000000,0.000000,3.594548,0.000000,-0.965926,-0.258819,18.292459,0.000000,-0.258819,0.965926,28.597216,0.000000,0.000000,0.000000,1.000000
000_left_arm_long_wrist_latest:1+Hexalobular Socket Pan Head Screw ISO 14583 - M3x10 Steel 4.6 Plain:48,Hexalobular Socket Pan Head Screw ISO 14583 - M3x10 Steel 4.6 Plain,Hexalobular_Socket_Pan_Head_Screw_ISO_14583_-_M3x10_Steel_4.6_Plain,True,-1.000000,-0.000000,0.000000,3.160993,0.000000,-0.965926,-0.258819,20.667493,0.000000,-0.258819,0.965926,29.233605,0.000000,0.000000,0.000000,1.000000
000_left_arm_long_wrist_latest:1+Hexalobular Socket Pan Head Screw ISO 14583 - M3x10 Steel 4.6 Plain:49,Hexalobular Socket Pan Head Screw ISO 14583 - M3x10 Steel 4.6 Plain,Hexalobular_Socket_Pan_Head_Screw_ISO_14583_-_M3x10_Steel_4.6_Plain,True,-1.000000,-0.000000,0.000000,2.346175,0.000000,-0.965926,-0.258819,16.203889,0.000000,-0.258819,0.965926,28.037586,0.000000,0.000000,0.000000,1.000000
000_left_arm_long_wrist_latest:1+Hexalobular Socket Pan Head Screw ISO 14583 - M3x10 Steel 4.6 Plain:50,Hexalobular Socket Pan Head Screw ISO 14583 - M3x10 Steel 4.6 Plain,Hexalobular_Socket_Pan_Head_Screw_ISO_14583_-_M3x10_Steel_4.6_Plain,True,-1.000000,-0.000000,0.000000,0.000000,0.000000,-0.965926,-0.258819,15.379049,0.000000,-0.258819,0.965926,27.816570,0.000000,0.000000,0.000000,1.000000
000_left_arm_long_wrist_latest:1+Hexalobular Socket Pan Head Screw ISO 14583 - M3x10 Steel 4.6 Plain:51,Hexalobular Socket Pan Head Screw ISO 14583 - M3x10 Steel 4.6 Plain,Hexalobular_Socket_Pan_Head_Screw_ISO_14583_-_M3x10_Steel_4.6_Plain,True,-1.000000,-0.000000,0.000000,-3.594548,0.000000,-0.965926,-0.258819,18.292459,0.000000,-0.258819,0.965926,28.597216,0.000000,0.000000,0.000000,1.000000
000_left_arm_long_wrist_latest:1+Hexalobular Socket Pan Head Screw ISO 14583 - M4x10 Steel 4.6 Plain:1,Hexalobular Socket Pan Head Screw ISO 14583 - M4x10 Steel 4.6 Plain,Hexalobular_Socket_Pan_Head_Screw_ISO_14583_-_M3x10_Steel_4.6_Plain,True,-1.000000,0.000000,-0.000000,0.600000,-0.000000,-0.258819,0.965926,25.631119,-0.000000,0.965926,0.258819,14.476209,0.000000,0.000000,0.000000,1.000000
000_left_arm_long_wrist_latest:1+Hexalobular Socket Pan Head Screw ISO 14583 - M4x10 Steel 4.6 Plain:2,Hexalobular Socket Pan Head Screw ISO 14583 - M4x10 Steel 4.6 Plain,Hexalobular_Socket_Pan_Head_Screw_ISO_14583_-_M3x10_Steel_4.6_Plain,True,-1.000000,0.000000,-0.000000,1.200000,-0.000000,-0.258819,0.965926,25.362147,-0.000000,0.965926,0.258819,15.480029,0.000000,0.000000,0.000000,1.000000
000_left_arm_long_wrist_latest:1+Hexalobular Socket Pan Head Screw ISO 14583 - M4x10 Steel 4.6 Plain:3,Hexalobular Socket Pan Head Screw ISO 14583 - M4x10 Steel 4.6 Plain,Hexalobular_Socket_Pan_Head_Screw_ISO_14583_-_M3x10_Steel_4.6_Plain,True,-1.000000,0.000000,-0.000000,0.600000,-0.000000,-0.258819,0.965926,25.093174,-0.000000,0.965926,0.258819,16.483848,0.000000,0.000000,0.000000,1.000000
000_left_arm_long_wrist_latest:1+Hexalobular Socket Pan Head Screw ISO 14583 - M4x10 Steel 4.6 Plain:4,Hexalobular Socket Pan Head Screw ISO 14583 - M4x10 Steel 4.6 Plain,Hexalobular_Socket_Pan_Head_Screw_ISO_14583_-_M3x10_Steel_4.6_Plain,True,-1.000000,0.000000,-0.000000,-0.600000,-0.000000,-0.258819,0.965926,25.631119,-0.000000,0.965926,0.258819,14.476209,0.000000,0.000000,0.000000,1.000000
000_left_arm_long_wrist_latest:1+Hexalobular Socket Pan Head Screw ISO 14583 - M4x10 Steel 4.6 Plain:5,Hexalobular Socket Pan Head Screw ISO 14583 - M4x10 Steel 4.6 Plain,Hexalobular_Socket_Pan_Head_Screw_ISO_14583_-_M3x10_Steel_4.6_Plain,True,-1.000000,0.000000,-0.000000,-1.200000,-0.000000,-0.258819,0.965926,25.362147,-0.000000,0.965926,0.258819,15.480029,0.000000,0.000000,0.000000,1.000000
000_left_arm_long_wrist_latest:1+Hexalobular Socket Pan Head Screw ISO 14583 - M4x10 Steel 4.6 Plain:6,Hexalobular Socket Pan Head Screw ISO 14583 - M4x10 Steel 4.6 Plain,Hexalobular_Socket_Pan_Head_Screw_ISO_14583_-_M3x10_Steel_4.6_Plain,True,-1.000000,0.000000,-0.000000,-0.600000,-0.000000,-0.258819,0.965926,25.093174,-0.000000,0.965926,0.258819,16.483848,0.000000,0.000000,0.000000,1.000000
000_left_arm_long_wrist_latest:1+Hexalobular Socket Pan Head Screw ISO 14583 - M4x10 Steel 4.6 Plain:7,Hexalobular Socket Pan Head Screw ISO 14583 - M4x10 Steel 4.6 Plain,Hexalobular_Socket_Pan_Head_Screw_ISO_14583_-_M3x10_Steel_4.6_Plain,True,-0.000000,0.000000,1.000000,2.975000,0.258819,0.965926,-0.000000,18.460077,-0.965926,0.258819,-0.000000,35.060842,0.000000,0.000000,0.000000,1.000000
000_left_arm_long_wrist_latest:1+Hexalobular Socket Pan Head Screw ISO 14583 - M4x10 Steel 4.6 Plain:8,Hexalobular Socket Pan Head Screw ISO 14583 - M4x10 Steel 4.6 Plain,Hexalobular_Socket_Pan_Head_Screw_ISO_14583_-_M3x10_Steel_4.6_Plain,True,-0.000000,0.000000,1.000000,2.975000,0.258819,0.965926,-0.000000,16.989158,-0.965926,0.258819,0.000000,33.589923,0.000000,0.000000,0.000000,1.000000
000_left_arm_long_wrist_latest:1+Hexalobular Socket Pan Head Screw ISO 14583 - M4x10 Steel 4.6 Plain:9,Hexalobular Socket Pan Head Screw ISO 14583 - M4x10 Steel 4.6 Plain,Hexalobular_Socket_Pan_Head_Screw_ISO_14583_-_M3x10_Steel_4.6_Plain,True,-0.000000,0.000000,1.000000,2.975000,0.258819,0.965926,-0.000000,18.149235,-0.965926,0.258819,-0.000000,33.900765,0.000000,0.000000,0.000000,1.000000
000_left_arm_long_wrist_latest:1+Hexalobular Socket Pan Head Screw ISO 14583 - M4x10 Steel 4.6 Plain:10,Hexalobular Socket Pan Head Screw ISO 14583 - M4x10 Steel 4.6 Plain,Hexalobular_Socket_Pan_Head_Screw_ISO_14583_-_M3x10_Steel_4.6_Plain,True,-0.000000,0.000000,1.000000,2.975000,0.258819,0.965926,-0.000000,16.139923,-0.965926,0.258819,0.000000,34.439158,0.000000,0.000000,0.000000,1.000000
000_left_arm_long_wrist_latest:1+Hexalobular Socket Pan Head Screw ISO 14583 - M4x10 Steel 4.6 Plain:11,Hexalobular Socket Pan Head Screw ISO 14583 - M4x10 Steel 4.6 Plain,Hexalobular_Socket_Pan_Head_Screw_ISO_14583_-_M3x10_Steel_4.6_Plain,True,-0.000000,-0.000000,1.000000,2.975000,0.258819,0.965926,0.000000,16.450765,-0.965926,0.258819,-0.000000,35.599235,0.000000,0.000000,0.000000,1.000000
000_left_arm_long_wrist_latest:1+Hexalobular Socket Pan Head Screw ISO 14583 - M4x10 Steel 4.6 Plain:12,Hexalobular Socket Pan Head Screw ISO 14583 - M4x10 Steel 4.6 Plain,Hexalobular_Socket_Pan_Head_Screw_ISO_14583_-_M3x10_Steel_4.6_Plain,True,-0.000000,-0.000000,1.000000,2.975000,0.258819,0.965926,0.000000,17.610842,-0.965926,0.258819,-0.000000,35.910077,0.000000,0.000000,0.000000,1.000000
000_left_arm_long_wrist_latest:1+Hexalobular Socket Pan Head Screw ISO 14583 - M4x10 Steel 4.6 Plain:13,Hexalobular Socket Pan Head Screw ISO 14583 - M4x10 Steel 4.6 Plain,Hexalobular_Socket_Pan_Head_Screw_ISO_14583_-_M3x10_Steel_4.6_Plain,True,0.000000,-0.000000,-1.000000,-1.300000,-0.965926,-0.258819,-0.000000,30.170673,-0.258819,0.965926,-0.000000,-9.268728,0.000000,0.000000,0.000000,1.000000
000_left_arm_long_wrist_latest:1+Hexalobular Socket Pan Head Screw ISO 14583 - M4x10 Steel 4.6 Plain:14,Hexalobular Socket Pan Head Screw ISO 14583 - M4x10 Steel 4.6 Plain,Hexalobular_Socket_Pan_Head_Screw_ISO_14583_-_M3x10_Steel_4.6_Plain,True,0.000000,-0.000000,-1.000000,-1.300000,-0.965926,-0.258819,-0.000000,29.322145,-0.258819,0.965926,-0.000000,-10.117256,0.000000,0.000000,0.000000,1.000000
000_left_arm_long_wrist_latest:1+Hexalobular Socket Pan Head Screw ISO 14583 - M4x10 Steel 4.6 Plain:15,Hexalobular Socket Pan Head Screw ISO 14583 - M4x10 Steel 4.6 Plain,Hexalobular_Socket_Pan_Head_Screw_ISO_14583_-_M3x10_Steel_4.6_Plain,True,0.000000,-0.000000,-1.000000,-1.300000,-0.965926,-0.258819,-0.000000,29.860090,-0.258819,0.965926,-0.000000,-8.109617,0.000000,0.000000,0.000000,1.000000
000_left_arm_long_wrist_latest:1+Hexalobular Socket Pan Head Screw ISO 14583 - M4x10 Steel 4.6 Plain:16,Hexalobular Socket Pan Head Screw ISO 14583 - M4x10 Steel 4.6 Plain,Hexalobular_Socket_Pan_Head_Screw_ISO_14583_-_M3x10_Steel_4.6_Plain,True,0.000000,-0.000000,-1.000000,-1.300000,-0.965926,-0.258819,-0.000000,27.852451,-0.258819,0.965926,-0.000000,-8.647562,0.000000,0.000000,0.000000,1.000000
000_left_arm_long_wrist_latest:1+Hexalobular Socket Pan Head Screw ISO 14583 - M4x10 Steel 4.6 Plain:17,Hexalobular Socket Pan Head Screw ISO 14583 - M4x10 Steel 4.6 Plain,Hexalobular_Socket_Pan_Head_Screw_ISO_14583_-_M3x10_Steel_4.6_Plain,True,0.000000,-0.000000,-1.000000,-1.300000,-0.965926,-0.258819,-0.000000,28.163034,-0.258819,0.965926,-0.000000,-9.806673,0.000000,0.000000,0.000000,1.000000
000_left_arm_long_wrist_latest:1+Hexalobular Socket Pan Head Screw ISO 14583 - M4x10 Steel 4.6 Plain:18,Hexalobular Socket Pan Head Screw ISO 14583 - M4x10 Steel 4.6 Plain,Hexalobular_Socket_Pan_Head_Screw_ISO_14583_-_M3x10_Steel_4.6_Plain,True,0.000000,-0.000000,-1.000000,-1.300000,-0.965926,-0.258819,-0.000000,28.700979,-0.258819,0.965926,-0.000000,-7.799034,0.000000,0.000000,0.000000,1.000000
000_left_arm_long_wrist_latest:1+Hexalobular Socket Pan Head Screw ISO 14583 - M3x10 Steel 4.6 Plain:52,Hexalobular Socket Pan Head Screw ISO 14583 - M3x10 Steel 4.6 Plain,Hexalobular_Socket_Pan_Head_Screw_ISO_14583_-_M3x10_Steel_4.6_Plain,True,-1.000000,-0.000000,0.000000,-2.346175,-0.000000,0.258819,-0.965926,20.823065,-0.000000,-0.965926,-0.258819,17.158482,0.000000,0.000000,0.000000,1.000000
000_left_arm_long_wrist_latest:1+Hexalobular Socket Pan Head Screw ISO 14583 - M3x10 Steel 4.6 Plain:53,Hexalobular Socket Pan Head Screw ISO 14583 - M3x10 Steel 4.6 Plain,Hexalobular_Socket_Pan_Head_Screw_ISO_14583_-_M3x10_Steel_4.6_Plain,True,-1.000000,-0.000000,0.000000,3.594548,-0.000000,0.258819,-0.965926,21.382696,-0.000000,-0.965926,-0.258819,15.069913,0.000000,0.000000,0.000000,1.000000
000_left_arm_long_wrist_latest:1+Hexalobular Socket Pan Head Screw ISO 14583 - M3x10 Steel 4.6 Plain:54,Hexalobular Socket Pan Head Screw ISO 14583 - M3x10 Steel 4.6 Plain,Hexalobular_Socket_Pan_Head_Screw_ISO_14583_-_M3x10_Steel_4.6_Plain,True,-1.000000,-0.000000,0.000000,-1.248374,-0.000000,0.258819,-0.965926,22.434457,-0.000000,-0.965926,-0.258819,11.144686,0.000000,0.000000,0.000000,1.000000
000_left_arm_long_wrist_latest:1+Hexalobular Socket Pan Head Screw ISO 14583 - M3x10 Steel 4.6 Plain:55,Hexalobular Socket Pan Head Screw ISO 14583 - M3x10 Steel 4.6 Plain,Hexalobular_Socket_Pan_Head_Screw_ISO_14583_-_M3x10_Steel_4.6_Plain,True,-1.000000,-0.000000,0.000000,3.160993,-0.000000,0.258819,-0.965926,22.019084,-0.000000,-0.965926,-0.258819,12.694879,0.000000,0.000000,0.000000,1.000000
000_left_arm_long_wrist_latest:1+Hexalobular Socket Pan Head Screw ISO 14583 - M3x10 Steel 4.6 Plain:56,Hexalobular Socket Pan Head Screw ISO 14583 - M3x10 Steel 4.6 Plain,Hexalobular_Socket_Pan_Head_Screw_ISO_14583_-_M3x10_Steel_4.6_Plain,True,-1.000000,-0.000000,0.000000,1.248374,-0.000000,0.258819,-0.965926,22.434457,-0.000000,-0.965926,-0.258819,11.144686,0.000000,0.000000,0.000000,1.000000
000_left_arm_long_wrist_latest:1+Hexalobular Socket Pan Head Screw ISO 14583 - M3x10 Steel 4.6 Plain:57,Hexalobular Socket Pan Head Screw ISO 14583 - M3x10 Steel 4.6 Plain,Hexalobular_Socket_Pan_Head_Screw_ISO_14583_-_M3x10_Steel_4.6_Plain,True,-1.000000,-0.000000,0.000000,-3.160993,-0.000000,0.258819,-0.965926,22.019084,-0.000000,-0.965926,-0.258819,12.694879,0.000000,0.000000,0.000000,1.000000
000_left_arm_long_wrist_latest:1+Hexalobular Socket Pan Head Screw ISO 14583 - M3x10 Steel 4.6 Plain:58,Hexalobular Socket Pan Head Screw ISO 14583 - M3x10 Steel 4.6 Plain,Hexalobular_Socket_Pan_Head_Screw_ISO_14583_-_M3x10_Steel_4.6_Plain,True,-1.000000,-0.000000,0.000000,-0.000000,-0.000000,0.258819,-0.965926,20.602050,-0.000000,-0.965926,-0.258819,17.983323,0.000000,0.000000,0.000000,1.000000
000_left_arm_long_wrist_latest:1+Hexalobular Socket Pan Head Screw ISO 14583 - M3x10 Steel 4.6 Plain:59,Hexalobular Socket Pan Head Screw ISO 14583 - M3x10 Steel 4.6 Plain,Hexalobular_Socket_Pan_Head_Screw_ISO_14583_-_M3x10_Steel_4.6_Plain,True,-1.000000,-0.000000,0.000000,2.346175,-0.000000,0.258819,-0.965926,20.823065,-0.000000,-0.965926,-0.258819,17.158482,0.000000,0.000000,0.000000,1.000000
000_left_arm_long_wrist_latest:1+Hexalobular Socket Pan Head Screw ISO 14583 - M3x10 Steel 4.6 Plain:60,Hexalobular Socket Pan Head Screw ISO 14583 - M3x10 Steel 4.6 Plain,Hexalobular_Socket_Pan_Head_Screw_ISO_14583_-_M3x10_Steel_4.6_Plain,True,-1.000000,-0.000000,0.000000,0.000000,-0.000000,0.258819,-0.965926,19.197061,-0.000000,-0.965926,-0.258819,18.590369,0.000000,0.000000,0.000000,1.000000
000_left_arm_long_wrist_latest:1+Hexalobular Socket Pan Head Screw ISO 14583 - M3x10 Steel 4.6 Plain:61,Hexalobular Socket Pan Head Screw ISO 14583 - M3x10 Steel 4.6 Plain,Hexalobular_Socket_Pan_Head_Screw_ISO_14583_-_M3x10_Steel_4.6_Plain,True,-1.000000,-0.000000,0.000000,-1.500000,-0.000000,0.258819,-0.965926,19.197061,-0.000000,-0.965926,-0.258819,18.590369,0.000000,0.000000,0.000000,1.000000
000_left_arm_long_wrist_latest:1+Hexalobular Socket Pan Head Screw ISO 14583 - M3x10 Steel 4.6 Plain:62,Hexalobular Socket Pan Head Screw ISO 14583 - M3x10 Steel 4.6 Plain,Hexalobular_Socket_Pan_Head_Screw_ISO_14583_-_M3x10_Steel_4.6_Plain,True,-1.000000,-0.000000,0.000000,1.500000,-0.000000,0.258819,-0.965926,19.197061,-0.000000,-0.965926,-0.258819,18.590369,0.000000,0.000000,0.000000,1.000000
000_left_arm_long_wrist_latest:1+Hexalobular Socket Pan Head Screw ISO 14583 - M3x10 Steel 4.6 Plain:63,Hexalobular Socket Pan Head Screw ISO 14583 - M3x10 Steel 4.6 Plain,Hexalobular_Socket_Pan_Head_Screw_ISO_14583_-_M3x10_Steel_4.6_Plain,True,-1.000000,0.000000,-0.000000,-0.000000,-0.000000,-0.258819,0.965926,23.736912,-0.000000,0.965926,0.258819,19.806819,0.000000,0.000000,0.000000,1.000000
000_left_arm_long_wrist_latest:1+Hexalobular Socket Pan Head Screw ISO 14583 - M3x10 Steel 4.6 Plain:64,Hexalobular Socket Pan Head Screw ISO 14583 - M3x10 Steel 4.6 Plain,Hexalobular_Socket_Pan_Head_Screw_ISO_14583_-_M3x10_Steel_4.6_Plain,True,-1.000000,0.000000,-0.000000,-1.500000,-0.000000,-0.258819,0.965926,23.736912,-0.000000,0.965926,0.258819,19.806819,0.000000,0.000000,0.000000,1.000000
000_left_arm_long_wrist_latest:1+Hexalobular Socket Pan Head Screw ISO 14583 - M3x10 Steel 4.6 Plain:65,Hexalobular Socket Pan Head Screw ISO 14583 - M3x10 Steel 4.6 Plain,Hexalobular_Socket_Pan_Head_Screw_ISO_14583_-_M3x10_Steel_4.6_Plain,True,-1.000000,0.000000,-0.000000,3.160993,-0.000000,-0.258819,0.965926,25.399825,-0.000000,0.965926,0.258819,13.600746,0.000000,0.000000,0.000000,1.000000
000_left_arm_long_wrist_latest:1+Hexalobular Socket Pan Head Screw ISO 14583 - M3x10 Steel 4.6 Plain:66,Hexalobular Socket Pan Head Screw ISO 14583 - M3x10 Steel 4.6 Plain,Hexalobular_Socket_Pan_Head_Screw_ISO_14583_-_M3x10_Steel_4.6_Plain,True,-1.000000,0.000000,-0.000000,2.346175,-0.000000,-0.258819,0.965926,24.203806,-0.000000,0.965926,0.258819,18.064349,0.000000,0.000000,0.000000,1.000000
000_left_arm_long_wrist_latest:1+Hexalobular Socket Pan Head Screw ISO 14583 - M3x10 Steel 4.6 Plain:67,Hexalobular Socket Pan Head Screw ISO 14583 - M3x10 Steel 4.6 Plain,Hexalobular_Socket_Pan_Head_Screw_ISO_14583_-_M3x10_Steel_4.6_Plain,True,-1.000000,0.000000,-0.000000,3.594548,-0.000000,-0.258819,0.965926,24.763436,-0.000000,0.965926,0.258819,15.975779,0.000000,0.000000,0.000000,1.000000
000_left_arm_long_wrist_latest:1+Hexalobular Socket Pan Head Screw ISO 14583 - M3x10 Steel 4.6 Plain:68,Hexalobular Socket Pan Head Screw ISO 14583 - M3x10 Steel 4.6 Plain,Hexalobular_Socket_Pan_Head_Screw_ISO_14583_-_M3x10_Steel_4.6_Plain,True,-1.000000,0.000000,-0.000000,1.248374,-0.000000,-0.258819,0.965926,25.815198,-0.000000,0.965926,0.258819,12.050552,0.000000,0.000000,0.000000,1.000000
000_left_arm_long_wrist_latest:1+Hexalobular Socket Pan Head Screw ISO 14583 - M3x10 Steel 4.6 Plain:69,Hexalobular Socket Pan Head Screw ISO 14583 - M3x10 Steel 4.6 Plain,Hexalobular_Socket_Pan_Head_Screw_ISO_14583_-_M3x10_Steel_4.6_Plain,True,-1.000000,0.000000,-0.000000,-0.000000,-0.000000,-0.258819,0.965926,23.982790,-0.000000,0.965926,0.258819,18.889189,0.000000,0.000000,0.000000,1.000000
000_left_arm_long_wrist_latest:1+Hexalobular Socket Pan Head Screw ISO 14583 - M3x10 Steel 4.6 Plain:70,Hexalobular Socket Pan Head Screw ISO 14583 - M3x10 Steel 4.6 Plain,Hexalobular_Socket_Pan_Head_Screw_ISO_14583_-_M3x10_Steel_4.6_Plain,True,-1.000000,0.000000,-0.000000,-1.248374,-0.000000,-0.258819,0.965926,25.815198,-0.000000,0.965926,0.258819,12.050552,0.000000,0.000000,0.000000,1.000000
000_left_arm_long_wrist_latest:1+Hexalobular Socket Pan Head Screw ISO 14583 - M3x10 Steel 4.6 Plain:71,Hexalobular Socket Pan Head Screw ISO 14583 - M3x10 Steel 4.6 Plain,Hexalobular_Socket_Pan_Head_Screw_ISO_14583_-_M3x10_Steel_4.6_Plain,True,-1.000000,0.000000,-0.000000,-3.594548,-0.000000,-0.258819,0.965926,24.763436,-0.000000,0.965926,0.258819,15.975779,0.000000,0.000000,0.000000,1.000000
000_left_arm_long_wrist_latest:1+Hexalobular Socket Pan Head Screw ISO 14583 - M3x10 Steel 4.6 Plain:72,Hexalobular Socket Pan Head Screw ISO 14583 - M3x10 Steel 4.6 Plain,Hexalobular_Socket_Pan_Head_Screw_ISO_14583_-_M3x10_Steel_4.6_Plain,True,-1.000000,0.000000,-0.000000,-2.346175,-0.000000,-0.258819,0.965926,24.203806,-0.000000,0.965926,0.258819,18.064349,0.000000,0.000000,0.000000,1.000000
000_left_arm_long_wrist_latest:1+Hexalobular Socket Pan Head Screw ISO 14583 - M3x10 Steel 4.6 Plain:73,Hexalobular Socket Pan Head Screw ISO 14583 - M3x10 Steel 4.6 Plain,Hexalobular_Socket_Pan_Head_Screw_ISO_14583_-_M3x10_Steel_4.6_Plain,True,-1.000000,0.000000,-0.000000,-3.160993,-0.000000,-0.258819,0.965926,25.399825,-0.000000,0.965926,0.258819,13.600746,0.000000,0.000000,0.000000,1.000000
000_left_arm_long_wrist_latest:1+Hexalobular Socket Pan Head Screw ISO 14583 - M3x10 Steel 4.6 Plain:74,Hexalobular Socket Pan Head Screw ISO 14583 - M3x10 Steel 4.6 Plain,Hexalobular_Socket_Pan_Head_Screw_ISO_14583_-_M3x10_Steel_4.6_Plain,True,-1.000000,0.000000,-0.000000,1.500000,-0.000000,-0.258819,0.965926,23.736912,-0.000000,0.965926,0.258819,19.806819,0.000000,0.000000,0.000000,1.000000
000_left_arm_long_wrist_latest:1+Hexalobular Socket Pan Head Screw ISO 14583 - M3x10 Steel 4.6 Plain:75,Hexalobular Socket Pan Head Screw ISO 14583 - M3x10 Steel 4.6 Plain,Hexalobular_Socket_Pan_Head_Screw_ISO_14583_-_M3x10_Steel_4.6_Plain,True,0.000000,-1.000000,0.000000,0.000000,-0.258819,-0.000000,-0.965926,20.203486,0.965926,-0.000000,-0.258819,9.231972,0.000000,0.000000,0.000000,1.000000
000_left_arm_long_wrist_latest:1+Hexalobular Socket Pan Head Screw ISO 14583 - M3x10 Steel 4.6 Plain:76,Hexalobular Socket Pan Head Screw ISO 14583 - M3x10 Steel 4.6 Plain,Hexalobular_Socket_Pan_Head_Screw_ISO_14583_-_M3x10_Steel_4.6_Plain,True,0.000000,-1.000000,0.000000,1.230000,-0.258819,-0.000000,-0.965926,20.462305,0.965926,-0.000000,-0.258819,8.266046,0.000000,0.000000,0.000000,1.000000
000_left_arm_long_wrist_latest:1+Hexalobular Socket Pan Head Screw ISO 14583 - M3x10 Steel 4.6 Plain:77,Hexalobular Socket Pan Head Screw ISO 14583 - M3x10 Steel 4.6 Plain,Hexalobular_Socket_Pan_Head_Screw_ISO_14583_-_M3x10_Steel_4.6_Plain,True,0.000000,-1.000000,0.000000,-1.230000,-0.258819,-0.000000,-0.965926,20.203486,0.965926,-0.000000,-0.258819,9.231972,0.000000,0.000000,0.000000,1.000000
000_left_arm_long_wrist_latest:1+Hexalobular Socket Pan Head Screw ISO 14583 - M3x10 Steel 4.6 Plain:78,Hexalobular Socket Pan Head Screw ISO 14583 - M3x10 Steel 4.6 Plain,Hexalobular_Socket_Pan_Head_Screw_ISO_14583_-_M3x10_Steel_4.6_Plain,True,0.000000,-1.000000,0.000000,-1.230000,-0.258819,-0.000000,-0.965926,20.462305,0.965926,-0.000000,-0.258819,8.266046,0.000000,0.000000,0.000000,1.000000
000_left_arm_long_wrist_latest:1+Hexalobular Socket Pan Head Screw ISO 14583 - M3x10 Steel 4.6 Plain:79,Hexalobular Socket Pan Head Screw ISO 14583 - M3x10 Steel 4.6 Plain,Hexalobular_Socket_Pan_Head_Screw_ISO_14583_-_M3x10_Steel_4.6_Plain,True,0.000000,-1.000000,0.000000,1.230000,-0.258819,-0.000000,-0.965926,20.203486,0.965926,-0.000000,-0.258819,9.231972,0.000000,0.000000,0.000000,1.000000
000_left_arm_long_wrist_latest:1+Hexalobular Socket Pan Head Screw ISO 14583 - M3x10 Steel 4.6 Plain:80,Hexalobular Socket Pan Head Screw ISO 14583 - M3x10 Steel 4.6 Plain,Hexalobular_Socket_Pan_Head_Screw_ISO_14583_-_M3x10_Steel_4.6_Plain,True,-0.000000,-1.000000,-0.000000,3.429878,0.965926,-0.000000,-0.258819,23.056396,0.258819,-0.000000,0.965926,8.443492,0.000000,0.000000,0.000000,1.000000
000_left_arm_long_wrist_latest:1+Hexalobular Socket Pan Head Screw ISO 14583 - M3x10 Steel 4.6 Plain:81,Hexalobular Socket Pan Head Screw ISO 14583 - M3x10 Steel 4.6 Plain,Hexalobular_Socket_Pan_Head_Screw_ISO_14583_-_M3x10_Steel_4.6_Plain,True,-0.000000,-1.000000,0.000000,1.825000,0.965926,-0.000000,-0.258819,27.315517,0.258819,-0.000000,0.965926,9.584720,0.000000,0.000000,0.000000,1.000000
000_left_arm_long_wrist_latest:1+Hexalobular Socket Pan Head Screw ISO 14583 - M3x10 Steel 4.6 Plain:82,Hexalobular Socket Pan Head Screw ISO 14583 - M3x10 Steel 4.6 Plain,Hexalobular_Socket_Pan_Head_Screw_ISO_14583_-_M3x10_Steel_4.6_Plain,True,-0.000000,-1.000000,-0.000000,-0.633816,0.965926,-0.000000,-0.258819,27.734299,0.258819,-0.000000,0.965926,9.696933,0.000000,0.000000,0.000000,1.000000
000_left_arm_long_wrist_latest:1+Hexalobular Socket Pan Head Screw ISO 14583 - M3x10 Steel 4.6 Plain:83,Hexalobular Socket Pan Head Screw ISO 14583 - M3x10 Steel 4.6 Plain,Hexalobular_Socket_Pan_Head_Screw_ISO_14583_-_M3x10_Steel_4.6_Plain,True,-0.000000,-1.000000,0.000000,-0.633816,0.965926,-0.000000,-0.258819,20.790165,0.258819,-0.000000,0.965926,7.836258,0.000000,0.000000,0.000000,1.000000
000_left_arm_long_wrist_latest:1+Hexalobular Socket Pan Head Screw ISO 14583 - M3x10 Steel 4.6 Plain:84,Hexalobular Socket Pan Head Screw ISO 14583 - M3x10 Steel 4.6 Plain,Hexalobular_Socket_Pan_Head_Screw_ISO_14583_-_M3x10_Steel_4.6_Plain,True,-0.000000,-1.000000,-0.000000,1.825000,0.965926,-0.000000,-0.258819,21.208948,0.258819,-0.000000,0.965926,7.948470,0.000000,0.000000,0.000000,1.000000
000_left_arm_long_wrist_latest:1+Hexalobular Socket Pan Head Screw ISO 14583 - M3x10 Steel 4.6 Plain:85,Hexalobular Socket Pan Head Screw ISO 14583 - M3x10 Steel 4.6 Plain,Hexalobular_Socket_Pan_Head_Screw_ISO_14583_-_M3x10_Steel_4.6_Plain,True,-0.000000,-1.000000,-0.000000,-2.796062,0.965926,-0.000000,-0.258819,21.996002,0.258819,-0.000000,0.965926,8.159361,0.000000,0.000000,0.000000,1.000000
000_left_arm_long_wrist_latest:1+Hexalobular Socket Pan Head Screw ISO 14583 - M3x10 Steel 4.6 Plain:86,Hexalobular Socket Pan Head Screw ISO 14583 - M3x10 Steel 4.6 Plain,Hexalobular_Socket_Pan_Head_Screw_ISO_14583_-_M3x10_Steel_4.6_Plain,True,-0.000000,-1.000000,-0.000000,-3.650000,0.965926,-0.000000,-0.258819,24.262232,0.258819,-0.000000,0.965926,8.766595,0.000000,0.000000,0.000000,1.000000
000_left_arm_long_wrist_latest:1+Hexalobular Socket Pan Head Screw ISO 14583 - M3x10 Steel 4.6 Plain:87,Hexalobular Socket Pan Head Screw ISO 14583 - M3x10 Steel 4.6 Plain,Hexalobular_Socket_Pan_Head_Screw_ISO_14583_-_M3x10_Steel_4.6_Plain,True,-0.000000,-1.000000,0.000000,3.429878,0.965926,-0.000000,-0.258819,25.468069,0.258819,-0.000000,0.965926,9.089698,0.000000,0.000000,0.000000,1.000000
000_left_arm_long_wrist_latest:1+Hexalobular Socket Pan Head Screw ISO 14583 - M3x10 Steel 4.6 Plain:88,Hexalobular Socket Pan Head Screw ISO 14583 - M3x10 Steel 4.6 Plain,Hexalobular_Socket_Pan_Head_Screw_ISO_14583_-_M3x10_Steel_4.6_Plain,True,-1.000000,0.000000,-0.000000,1.230000,-0.000000,-0.258819,0.965926,27.803341,-0.000000,0.965926,0.258819,10.233071,0.000000,0.000000,0.000000,1.000000
000_left_arm_long_wrist_latest:1+Hexalobular Socket Pan Head Screw ISO 14583 - M3x10 Steel 4.6 Plain:89,Hexalobular Socket Pan Head Screw ISO 14583 - M3x10 Steel 4.6 Plain,Hexalobular_Socket_Pan_Head_Screw_ISO_14583_-_M3x10_Steel_4.6_Plain,True,-1.000000,0.000000,-0.000000,-0.000000,-0.000000,-0.258819,0.965926,27.544522,-0.000000,0.965926,0.258819,11.198996,0.000000,0.000000,0.000000,1.000000
000_left_arm_long_wrist_latest:1+Hexalobular Socket Pan Head Screw ISO 14583 - M3x10 Steel 4.6 Plain:90,Hexalobular Socket Pan Head Screw ISO 14583 - M3x10 Steel 4.6 Plain,Hexalobular_Socket_Pan_Head_Screw_ISO_14583_-_M3x10_Steel_4.6_Plain,True,-1.000000,0.000000,-0.000000,-1.230000,-0.000000,-0.258819,0.965926,27.803341,-0.000000,0.965926,0.258819,10.233071,0.000000,0.000000,0.000000,1.000000
000_left_arm_long_wrist_latest:1+Hexalobular Socket Pan Head Screw ISO 14583 - M3x10 Steel 4.6 Plain:91,Hexalobular Socket Pan Head Screw ISO 14583 - M3x10 Steel 4.6 Plain,Hexalobular_Socket_Pan_Head_Screw_ISO_14583_-_M3x10_Steel_4.6_Plain,True,-1.000000,0.000000,-0.000000,-1.230000,-0.000000,-0.258819,0.965926,27.544522,-0.000000,0.965926,0.258819,11.198996,0.000000,0.000000,0.000000,1.000000
000_left_arm_long_wrist_latest:1+Hexalobular Socket Pan Head Screw ISO 14583 - M3x10 Steel 4.6 Plain:92,Hexalobular Socket Pan Head Screw ISO 14583 - M3x10 Steel 4.6 Plain,Hexalobular_Socket_Pan_Head_Screw_ISO_14583_-_M3x10_Steel_4.6_Plain,True,-1.000000,0.000000,-0.000000,1.230000,-0.000000,-0.258819,0.965926,27.544522,-0.000000,0.965926,0.258819,11.198996,0.000000,0.000000,0.000000,1.000000
000_left_arm_long_wrist_latest:1+Hexalobular Socket Pan Head Screw ISO 14583 - M3x10 Steel 4.6 Plain:93,Hexalobular Socket Pan Head Screw ISO 14583 - M3x10 Steel 4.6 Plain,Hexalobular_Socket_Pan_Head_Screw_ISO_14583_-_M3x10_Steel_4.6_Plain,True,1.000000,0.000000,0.000000,-2.500000,0.000000,-0.258819,-0.965926,25.471565,0.000000,0.965926,-0.258819,-3.280916,0.000000,0.000000,0.000000,1.000000
000_left_arm_long_wrist_latest:1+Hexalobular Socket Pan Head Screw ISO 14583 - M3x10 Steel 4.6 Plain:94,Hexalobular Socket Pan Head Screw ISO 14583 - M3x10 Steel 4.6 Plain,Hexalobular_Socket_Pan_Head_Screw_ISO_14583_-_M3x10_Steel_4.6_Plain,True,1.000000,0.000000,0.000000,-1.250000,0.000000,-0.258819,-0.965926,24.911205,0.000000,0.965926,-0.258819,-1.189625,0.000000,0.000000,0.000000,1.000000
000_left_arm_long_wrist_latest:1+Hexalobular Socket Pan Head Screw ISO 14583 - M3x10 Steel 4.6 Plain:95,Hexalobular Socket Pan Head Screw ISO 14583 - M3x10 Steel 4.6 Plain,Hexalobular_Socket_Pan_Head_Screw_ISO_14583_-_M3x10_Steel_4.6_Plain,True,1.000000,0.000000,0.000000,-1.250000,0.000000,-0.258819,-0.965926,26.031924,0.000000,0.965926,-0.258819,-5.372206,0.000000,0.000000,0.000000,1.000000
000_left_arm_long_wrist_latest:1+Hexalobular Socket Pan Head Screw ISO 14583 - M3x10 Steel 4.6 Plain:96,Hexalobular Socket Pan Head Screw ISO 14583 - M3x10 Steel 4.6 Plain,Hexalobular_Socket_Pan_Head_Screw_ISO_14583_-_M3x10_Steel_4.6_Plain,True,1.000000,0.000000,0.000000,1.250000,0.000000,-0.258819,-0.965926,24.911205,0.000000,0.965926,-0.258819,-1.189625,0.000000,0.000000,0.000000,1.000000
000_left_arm_long_wrist_latest:1+Hexalobular Socket Pan Head Screw ISO 14583 - M3x10 Steel 4.6 Plain:97,Hexalobular Socket Pan Head Screw ISO 14583 - M3x10 Steel 4.6 Plain,Hexalobular_Socket_Pan_Head_Screw_ISO_14583_-_M3x10_Steel_4.6_Plain,True,1.000000,0.000000,0.000000,1.250000,0.000000,-0.258819,-0.965926,26.031924,0.000000,0.965926,-0.258819,-5.372206,0.000000,0.000000,0.000000,1.000000
000_left_arm_long_wrist_latest:1+Hexalobular Socket Pan Head Screw ISO 14583 - M3x10 Steel 4.6 Plain:98,Hexalobular Socket Pan Head Screw ISO 14583 - M3x10 Steel 4.6 Plain,Hexalobular_Socket_Pan_Head_Screw_ISO_14583_-_M3x10_Steel_4.6_Plain,True,1.000000,0.000000,0.000000,2.500000,0.000000,-0.258819,-0.965926,25.471565,0.000000,0.965926,-0.258819,-3.280916,0.000000,0.000000,0.000000,1.000000
000_left_arm_long_wrist_latest:1+Hexalobular Socket Pan Head Screw ISO 14583 - M3x10 Steel 4.6 Plain:99,Hexalobular Socket Pan Head Screw ISO 14583 - M3x10 Steel 4.6 Plain,Hexalobular_Socket_Pan_Head_Screw_ISO_14583_-_M3x10_Steel_4.6_Plain,True,0.000000,0.000000,-1.000000,-1.250000,-0.965926,-0.258819,-0.000000,27.748382,-0.258819,0.965926,-0.000000,-7.311937,0.000000,0.000000,0.000000,1.000000
000_left_arm_long_wrist_latest:1+Hexalobular Socket Pan Head Screw ISO 14583 - M3x10 Steel 4.6 Plain:100,Hexalobular Socket Pan Head Screw ISO 14583 - M3x10 Steel 4.6 Plain,Hexalobular_Socket_Pan_Head_Screw_ISO_14583_-_M3x10_Steel_4.6_Plain,True,0.000000,0.000000,-1.000000,-1.250000,-0.965926,-0.258819,-0.000000,29.282404,-0.258819,0.965926,-0.000000,-6.900897,0.000000,0.000000,0.000000,1.000000
000_left_arm_long_wrist_latest:1+Hexalobular Socket Pan Head Screw ISO 14583 - M3x10 Steel 4.6 Plain:101,Hexalobular Socket Pan Head Screw ISO 14583 - M3x10 Steel 4.6 Plain,Hexalobular_Socket_Pan_Head_Screw_ISO_14583_-_M3x10_Steel_4.6_Plain,True,0.000000,0.000000,-1.000000,-1.250000,-0.965926,-0.258819,-0.000000,30.657770,-0.258819,0.965926,-0.000000,-7.694965,0.000000,0.000000,0.000000,1.000000
000_left_arm_long_wrist_latest:1+Hexalobular Socket Pan Head Screw ISO 14583 - M3x10 Steel 4.6 Plain:102,Hexalobular Socket Pan Head Screw ISO 14583 - M3x10 Steel 4.6 Plain,Hexalobular_Socket_Pan_Head_Screw_ISO_14583_-_M3x10_Steel_4.6_Plain,True,0.000000,0.000000,-1.000000,-1.250000,-0.965926,-0.258819,-0.000000,27.365354,-0.258819,0.965926,-0.000000,-10.221325,0.000000,0.000000,0.000000,1.000000
000_left_arm_long_wrist_latest:1+Hexalobular Socket Pan Head Screw ISO 14583 - M3x10 Steel 4.6 Plain:103,Hexalobular Socket Pan Head Screw ISO 14583 - M3x10 Steel 4.6 Plain,Hexalobular_Socket_Pan_Head_Screw_ISO_14583_-_M3x10_Steel_4.6_Plain,True,0.000000,0.000000,-1.000000,-1.250000,-0.965926,-0.258819,-0.000000,28.740720,-0.258819,0.965926,-0.000000,-11.015393,0.000000,0.000000,0.000000,1.000000
000_left_arm_long_wrist_latest:1+Hexalobular Socket Pan Head Screw ISO 14583 - M3x10 Steel 4.6 Plain:104,Hexalobular Socket Pan Head Screw ISO 14583 - M3x10 Steel 4.6 Plain,Hexalobular_Socket_Pan_Head_Screw_ISO_14583_-_M3x10_Steel_4.6_Plain,True,0.000000,0.000000,-1.000000,-1.250000,-0.965926,-0.258819,-0.000000,31.068810,-0.258819,0.965926,-0.000000,-9.228987,0.000000,0.000000,0.000000,1.000000
000_left_arm_long_wrist_latest:1+Hexalobular Socket Pan Head Screw ISO 14583 - M3x10 Steel 4.6 Plain:105,Hexalobular Socket Pan Head Screw ISO 14583 - M3x10 Steel 4.6 Plain,Hexalobular_Socket_Pan_Head_Screw_ISO_14583_-_M3x10_Steel_4.6_Plain,True,0.000000,0.000000,-1.000000,-1.250000,-0.965926,-0.258819,-0.000000,30.274742,-0.258819,0.965926,-0.000000,-10.604353,0.000000,0.000000,0.000000,1.000000
000_left_arm_long_wrist_latest:1+Hexalobular Socket Pan Head Screw ISO 14583 - M3x10 Steel 4.6 Plain:106,Hexalobular Socket Pan Head Screw ISO 14583 - M3x10 Steel 4.6 Plain,Hexalobular_Socket_Pan_Head_Screw_ISO_14583_-_M3x10_Steel_4.6_Plain,True,0.000000,0.000000,-1.000000,-1.250000,-0.965926,-0.258819,-0.000000,26.954314,-0.258819,0.965926,-0.000000,-8.687303,0.000000,0.000000,0.000000,1.000000
000_left_arm_long_wrist_latest:1+Hexalobular Socket Pan Head Screw ISO 14583 - M3x10 Steel 4.6 Plain:107,Hexalobular Socket Pan Head Screw ISO 14583 - M3x10 Steel 4.6 Plain,Hexalobular_Socket_Pan_Head_Screw_ISO_14583_-_M3x10_Steel_4.6_Plain,True,0.000000,-1.000000,0.000000,0.675000,-0.258819,-0.000000,-0.965926,25.580974,0.965926,-0.000000,-0.258819,-4.461976,0.000000,0.000000,0.000000,1.000000
000_left_arm_long_wrist_latest:1+Hexalobular Socket Pan Head Screw ISO 14583 - M3x10 Steel 4.6 Plain:108,Hexalobular Socket Pan Head Screw ISO 14583 - M3x10 Steel 4.6 Plain,Hexalobular_Socket_Pan_Head_Screw_ISO_14583_-_M3x10_Steel_4.6_Plain,True,0.000000,-1.000000,0.000000,0.675000,-0.258819,-0.000000,-0.965926,24.975785,0.965926,-0.000000,-0.258819,-2.203382,0.000000,0.000000,0.000000,1.000000
000_left_arm_long_wrist_latest:1+Hexalobular Socket Pan Head Screw ISO 14583 - M3x10 Steel 4.6 Plain:109,Hexalobular Socket Pan Head Screw ISO 14583 - M3x10 Steel 4.6 Plain,Hexalobular_Socket_Pan_Head_Screw_ISO_14583_-_M3x10_Steel_4.6_Plain,True,0.000000,-1.000000,0.000000,-0.675000,-0.258819,-0.000000,-0.965926,25.580974,0.965926,-0.000000,-0.258819,-4.461976,0.000000,0.000000,0.000000,1.000000
000_left_arm_long_wrist_latest:1+Hexalobular Socket Pan Head Screw ISO 14583 - M3x10 Steel 4.6 Plain:110,Hexalobular Socket Pan Head Screw ISO 14583 - M3x10 Steel 4.6 Plain,Hexalobular_Socket_Pan_Head_Screw_ISO_14583_-_M3x10_Steel_4.6_Plain,True,0.000000,-1.000000,0.000000,1.350000,-0.258819,-0.000000,-0.965926,25.278379,0.965926,-0.000000,-0.258819,-3.332679,0.000000,0.000000,0.000000,1.000000
000_left_arm_long_wrist_latest:1+Hexalobular Socket Pan Head Screw ISO 14583 - M3x10 Steel 4.6 Plain:111,Hexalobular Socket Pan Head Screw ISO 14583 - M3x10 Steel 4.6 Plain,Hexalobular_Socket_Pan_Head_Screw_ISO_14583_-_M3x10_Steel_4.6_Plain,True,0.000000,-1.000000,0.000000,-1.350000,-0.258819,-0.000000,-0.965926,25.278379,0.965926,-0.000000,-0.258819,-3.332679,0.000000,0.000000,0.000000,1.000000
000_left_arm_long_wrist_latest:1+Hexalobular Socket Pan Head Screw ISO 14583 - M3x10 Steel 4.6 Plain:112,Hexalobular Socket Pan Head Screw ISO 14583 - M3x10 Steel 4.6 Plain,Hexalobular_Socket_Pan_Head_Screw_ISO_14583_-_M3x10_Steel_4.6_Plain,True,0.000000,-1.000000,0.000000,-0.675000,-0.258819,-0.000000,-0.965926,24.975785,0.965926,-0.000000,-0.258819,-2.203382,0.000000,0.000000,0.000000,1.000000
000_left_arm_long_wrist_latest:1+Hexalobular Socket Pan Head Screw ISO 14583 - M4x10 Steel 4.6 Plain:19,Hexalobular Socket Pan Head Screw ISO 14583 - M4x10 Steel 4.6 Plain,Hexalobular_Socket_Pan_Head_Screw_ISO_14583_-_M3x10_Steel_4.6_Plain,True,1.000000,0.000000,-0.000000,-1.200000,0.000000,-0.965926,0.258819,25.284568,0.000000,-0.258819,-0.965926,4.951188,0.000000,0.000000,0.000000,1.000000
000_left_arm_long_wrist_latest:1+Hexalobular Socket Pan Head Screw ISO 14583 - M4x10 Steel 4.6 Plain:20,Hexalobular Socket Pan Head Screw ISO 14583 - M4x10 Steel 4.6 Plain,Hexalobular_Socket_Pan_Head_Screw_ISO_14583_-_M3x10_Steel_4.6_Plain,True,1.000000,0.000000,-0.000000,-0.600000,0.000000,-0.965926,0.258819,26.288387,0.000000,-0.258819,-0.965926,5.220161,0.000000,0.000000,0.000000,1.000000
000_left_arm_long_wrist_latest:1+Hexalobular Socket Pan Head Screw ISO 14583 - M4x10 Steel 4.6 Plain:21,Hexalobular Socket Pan Head Screw ISO 14583 - M4x10 Steel 4.6 Plain,Hexalobular_Socket_Pan_Head_Screw_ISO_14583_-_M3x10_Steel_4.6_Plain,True,1.000000,0.000000,-0.000000,0.600000,0.000000,-0.965926,0.258819,24.280748,0.000000,-0.258819,-0.965926,4.682216,0.000000,0.000000,0.000000,1.000000
000_left_arm_long_wrist_latest:1+Hexalobular Socket Pan Head Screw ISO 14583 - M4x10 Steel 4.6 Plain:22,Hexalobular Socket Pan Head Screw ISO 14583 - M4x10 Steel 4.6 Plain,Hexalobular_Socket_Pan_Head_Screw_ISO_14583_-_M3x10_Steel_4.6_Plain,True,1.000000,0.000000,-0.000000,1.200000,0.000000,-0.965926,0.258819,25.284568,0.000000,-0.258819,-0.965926,4.951188,0.000000,0.000000,0.000000,1.000000
000_left_arm_long_wrist_latest:1+Hexalobular Socket Pan Head Screw ISO 14583 - M4x10 Steel 4.6 Plain:23,Hexalobular Socket Pan Head Screw ISO 14583 - M4x10 Steel 4.6 Plain,Hexalobular_Socket_Pan_Head_Screw_ISO_14583_-_M3x10_Steel_4.6_Plain,True,1.000000,0.000000,-0.000000,0.600000,0.000000,-0.965926,0.258819,26.288387,0.000000,-0.258819,-0.965926,5.220161,0.000000,0.000000,0.000000,1.000000
000_left_arm_long_wrist_latest:1+Hexalobular Socket Pan Head Screw ISO 14583 - M4x10 Steel 4.6 Plain:24,Hexalobular Socket Pan Head Screw ISO 14583 - M4x10 Steel 4.6 Plain,Hexalobular_Socket_Pan_Head_Screw_ISO_14583_-_M3x10_Steel_4.6_Plain,True,1.000000,0.000000,-0.000000,-0.600000,0.000000,-0.965926,0.258819,24.280748,0.000000,-0.258819,-0.965926,4.682216,0.000000,0.000000,0.000000,1.000000
000_left_arm_long_wrist_latest:1+Hexalobular Socket Pan Head Screw ISO 14583 - M3x10 Steel 4.6 Plain:113,Hexalobular Socket Pan Head Screw ISO 14583 - M3x10 Steel 4.6 Plain,Hexalobular_Socket_Pan_Head_Screw_ISO_14583_-_M3x10_Steel_4.6_Plain,True,0.641985,0.766717,0.000000,-0.637580,0.740592,-0.620110,0.258819,28.639523,0.198441,-0.166158,-0.965926,6.316020,0.000000,0.000000,0.000000,1.000000
000_left_arm_long_wrist_latest:1+Hexalobular Socket Pan Head Screw ISO 14583 - M3x10 Steel 4.6 Plain:114,Hexalobular Socket Pan Head Screw ISO 14583 - M3x10 Steel 4.6 Plain,Hexalobular_Socket_Pan_Head_Screw_ISO_14583_-_M3x10_Steel_4.6_Plain,True,0.641985,0.766717,-0.000000,3.428569,0.740592,-0.620110,0.258819,26.377404,0.198441,-0.166158,-0.965926,5.709887,0.000000,0.000000,0.000000,1.000000
000_left_arm_long_wrist_latest:1+Hexalobular Socket Pan Head Screw ISO 14583 - M3x10 Steel 4.6 Plain:115,Hexalobular Socket Pan Head Screw ISO 14583 - M3x10 Steel 4.6 Plain,Hexalobular_Socket_Pan_Head_Screw_ISO_14583_-_M3x10_Steel_4.6_Plain,True,0.641985,0.766717,0.000000,3.431183,0.740592,-0.620110,0.258819,23.965733,0.198441,-0.166158,-0.965926,5.063682,0.000000,0.000000,0.000000,1.000000
000_left_arm_long_wrist_latest:1+Hexalobular Socket Pan Head Screw ISO 14583 - M3x10 Steel 4.6 Plain:116,Hexalobular Socket Pan Head Screw ISO 14583 - M3x10 Steel 4.6 Plain,Hexalobular_Socket_Pan_Head_Screw_ISO_14583_-_M3x10_Steel_4.6_Plain,True,0.641985,0.766717,-0.000000,1.821689,0.740592,-0.620110,0.258819,28.223228,0.198441,-0.166158,-0.965926,6.204474,0.000000,0.000000,0.000000,1.000000
000_left_arm_long_wrist_latest:1+Hexalobular Socket Pan Head Screw ISO 14583 - M3x10 Steel 4.6 Plain:117,Hexalobular Socket Pan Head Screw ISO 14583 - M3x10 Steel 4.6 Plain,Hexalobular_Socket_Pan_Head_Screw_ISO_14583_-_M3x10_Steel_4.6_Plain,True,0.641985,0.766717,-0.000000,1.828309,0.740592,-0.620110,0.258819,22.116662,0.198441,-0.166158,-0.965926,4.568225,0.000000,0.000000,0.000000,1.000000
000_left_arm_long_wrist_latest:1+Hexalobular Socket Pan Head Screw ISO 14583 - M3x10 Steel 4.6 Plain:118,Hexalobular Socket Pan Head Screw ISO 14583 - M3x10 Steel 4.6 Plain,Hexalobular_Socket_Pan_Head_Screw_ISO_14583_-_M3x10_Steel_4.6_Plain,True,0.641985,0.766717,-0.000000,-2.793604,0.740592,-0.620110,0.258819,22.899041,0.198441,-0.166158,-0.965926,4.777863,0.000000,0.000000,0.000000,1.000000
000_left_arm_long_wrist_latest:1+Hexalobular Socket Pan Head Screw ISO 14583 - M3x10 Steel 4.6 Plain:119,Hexalobular Socket Pan Head Screw ISO 14583 - M3x10 Steel 4.6 Plain,Hexalobular_Socket_Pan_Head_Screw_ISO_14583_-_M3x10_Steel_4.6_Plain,True,0.641985,0.766717,-0.000000,-0.630051,0.740592,-0.620110,0.258819,21.695393,0.198441,-0.166158,-0.965926,4.455346,0.000000,0.000000,0.000000,1.000000
000_left_arm_long_wrist_latest:1+Hexalobular Socket Pan Head Screw ISO 14583 - M3x10 Steel 4.6 Plain:120,Hexalobular Socket Pan Head Screw ISO 14583 - M3x10 Steel 4.6 Plain,Hexalobular_Socket_Pan_Head_Screw_ISO_14583_-_M3x10_Steel_4.6_Plain,True,0.641985,0.766717,-0.000000,-2.798518,0.740592,-0.620110,0.258819,27.431500,0.198441,-0.166158,-0.965926,5.992331,0.000000,0.000000,0.000000,1.000000
000_left_arm_long_wrist_latest:1+Hexalobular Socket Pan Head Screw ISO 14583 - M3x10 Steel 4.6 Plain:121,Hexalobular Socket Pan Head Screw ISO 14583 - M3x10 Steel 4.6 Plain,Hexalobular_Socket_Pan_Head_Screw_ISO_14583_-_M3x10_Steel_4.6_Plain,True,0.641985,0.766717,-0.000000,-3.649998,0.740592,-0.620110,0.258819,25.164407,0.198441,-0.166158,-0.965926,5.384866,0.000000,0.000000,0.000000,1.000000
000_left_arm_long_wrist_latest:1+Hexalobular Socket Pan Head Screw ISO 14583 - M4x10 Steel 4.6 Plain:25,Hexalobular Socket Pan Head Screw ISO 14583 - M4x10 Steel 4.6 Plain,Hexalobular_Socket_Pan_Head_Screw_ISO_14583_-_M3x10_Steel_4.6_Plain,True,-1.000000,-0.000000,-0.000000,0.600000,-0.000000,0.965926,0.258819,20.969656,-0.000000,0.258819,-0.965926,25.069937,0.000000,0.000000,0.000000,1.000000
000_left_arm_long_wrist_latest:1+Hexalobular Socket Pan Head Screw ISO 14583 - M4x10 Steel 4.6 Plain:26,Hexalobular Socket Pan Head Screw ISO 14583 - M4x10 Steel 4.6 Plain,Hexalobular_Socket_Pan_Head_Screw_ISO_14583_-_M3x10_Steel_4.6_Plain,True,-1.000000,-0.000000,-0.000000,1.200000,-0.000000,0.965926,0.258819,19.965836,-0.000000,0.258819,-0.965926,24.800964,0.000000,0.000000,0.000000,1.000000
000_left_arm_long_wrist_latest:1+Hexalobular Socket Pan Head Screw ISO 14583 - M4x10 Steel 4.6 Plain:27,Hexalobular Socket Pan Head Screw ISO 14583 - M4x10 Steel 4.6 Plain,Hexalobular_Socket_Pan_Head_Screw_ISO_14583_-_M3x10_Steel_4.6_Plain,True,-1.000000,-0.000000,-0.000000,-0.600000,-0.000000,0.965926,0.258819,20.969656,-0.000000,0.258819,-0.965926,25.069937,0.000000,0.000000,0.000000,1.000000
000_left_arm_long_wrist_latest:1+Hexalobular Socket Pan Head Screw ISO 14583 - M4x10 Steel 4.6 Plain:28,Hexalobular Socket Pan Head Screw ISO 14583 - M4x10 Steel 4.6 Plain,Hexalobular_Socket_Pan_Head_Screw_ISO_14583_-_M3x10_Steel_4.6_Plain,True,-1.000000,-0.000000,-0.000000,0.600000,-0.000000,0.965926,0.258819,18.962017,-0.000000,0.258819,-0.965926,24.531991,0.000000,0.000000,0.000000,1.000000
000_left_arm_long_wrist_latest:1+Hexalobular Socket Pan Head Screw ISO 14583 - M4x10 Steel 4.6 Plain:29,Hexalobular Socket Pan Head Screw ISO 14583 - M4x10 Steel 4.6 Plain,Hexalobular_Socket_Pan_Head_Screw_ISO_14583_-_M3x10_Steel_4.6_Plain,True,-1.000000,-0.000000,-0.000000,-0.600000,-0.000000,0.965926,0.258819,18.962017,-0.000000,0.258819,-0.965926,24.531991,0.000000,0.000000,0.000000,1.000000
000_left_arm_long_wrist_latest:1+Hexalobular Socket Pan Head Screw ISO 14583 - M4x10 Steel 4.6 Plain:30,Hexalobular Socket Pan Head Screw ISO 14583 - M4x10 Steel 4.6 Plain,Hexalobular_Socket_Pan_Head_Screw_ISO_14583_-_M3x10_Steel_4.6_Plain,True,-1.000000,-0.000000,-0.000000,-1.200000,-0.000000,0.965926,0.258819,19.965836,-0.000000,0.258819,-0.965926,24.800964,0.000000,0.000000,0.000000,1.000000
000_left_arm_long_wrist_latest:1+Hexalobular Socket Pan Head Screw ISO 14583 - M3x10 Steel 4.6 Plain:122,Hexalobular Socket Pan Head Screw ISO 14583 - M3x10 Steel 4.6 Plain,Hexalobular_Socket_Pan_Head_Screw_ISO_14583_-_M3x10_Steel_4.6_Plain,True,1.000000,-0.000000,0.000000,2.346175,0.000000,-0.965926,0.258819,22.511333,-0.000000,-0.258819,-0.965926,26.104194,0.000000,0.000000,0.000000,1.000000
000_left_arm_long_wrist_latest:1+Hexalobular Socket Pan Head Screw ISO 14583 - M3x10 Steel 4.6 Plain:123,Hexalobular Socket Pan Head Screw ISO 14583 - M3x10 Steel 4.6 Plain,Hexalobular_Socket_Pan_Head_Screw_ISO_14583_-_M3x10_Steel_4.6_Plain,True,1.000000,-0.000000,-0.000000,3.160993,0.000000,-0.965926,0.258819,18.047730,-0.000000,-0.258819,-0.965926,24.908175,0.000000,0.000000,0.000000,1.000000
000_left_arm_long_wrist_latest:1+Hexalobular Socket Pan Head Screw ISO 14583 - M3x10 Steel 4.6 Plain:124,Hexalobular Socket Pan Head Screw ISO 14583 - M3x10 Steel 4.6 Plain,Hexalobular_Socket_Pan_Head_Screw_ISO_14583_-_M3x10_Steel_4.6_Plain,True,1.000000,-0.000000,0.000000,1.248374,0.000000,-0.965926,0.258819,16.497537,-0.000000,-0.258819,-0.965926,24.492802,0.000000,0.000000,0.000000,1.000000
000_left_arm_long_wrist_latest:1+Hexalobular Socket Pan Head Screw ISO 14583 - M3x10 Steel 4.6 Plain:125,Hexalobular Socket Pan Head Screw ISO 14583 - M3x10 Steel 4.6 Plain,Hexalobular_Socket_Pan_Head_Screw_ISO_14583_-_M3x10_Steel_4.6_Plain,True,1.000000,-0.000000,-0.000000,3.594548,0.000000,-0.965926,0.258819,20.422764,-0.000000,-0.258819,-0.965926,25.544563,0.000000,0.000000,0.000000,1.000000
000_left_arm_long_wrist_latest:1+Hexalobular Socket Pan Head Screw ISO 14583 - M3x10 Steel 4.6 Plain:126,Hexalobular Socket Pan Head Screw ISO 14583 - M3x10 Steel 4.6 Plain,Hexalobular_Socket_Pan_Head_Screw_ISO_14583_-_M3x10_Steel_4.6_Plain,True,1.000000,-0.000000,-0.000000,-3.594548,0.000000,-0.965926,0.258819,20.422764,-0.000000,-0.258819,-0.965926,25.544563,0.000000,0.000000,0.000000,1.000000
000_left_arm_long_wrist_latest:1+Hexalobular Socket Pan Head Screw ISO 14583 - M3x10 Steel 4.6 Plain:127,Hexalobular Socket Pan Head Screw ISO 14583 - M3x10 Steel 4.6 Plain,Hexalobular_Socket_Pan_Head_Screw_ISO_14583_-_M3x10_Steel_4.6_Plain,True,1.000000,-0.000000,-0.000000,-3.160993,0.000000,-0.965926,0.258819,18.047730,-0.000000,-0.258819,-0.965926,24.908175,0.000000,0.000000,0.000000,1.000000
000_left_arm_long_wrist_latest:1+Hexalobular Socket Pan Head Screw ISO 14583 - M3x10 Steel 4.6 Plain:128,Hexalobular Socket Pan Head Screw ISO 14583 - M3x10 Steel 4.6 Plain,Hexalobular_Socket_Pan_Head_Screw_ISO_14583_-_M3x10_Steel_4.6_Plain,True,1.000000,-0.000000,-0.000000,-2.346175,0.000000,-0.965926,0.258819,22.511333,-0.000000,-0.258819,-0.965926,26.104194,0.000000,0.000000,0.000000,1.000000
000_left_arm_long_wrist_latest:1+Hexalobular Socket Pan Head Screw ISO 14583 - M3x10 Steel 4.6 Plain:129,Hexalobular Socket Pan Head Screw ISO 14583 - M3x10 Steel 4.6 Plain,Hexalobular_Socket_Pan_Head_Screw_ISO_14583_-_M3x10_Steel_4.6_Plain,True,1.000000,-0.000000,-0.000000,-0.000000,0.000000,-0.965926,0.258819,23.336174,-0.000000,-0.258819,-0.965926,26.325209,0.000000,0.000000,0.000000,1.000000
000_left_arm_long_wrist_latest:1+Hexalobular Socket Pan Head Screw ISO 14583 - M3x10 Steel 4.6 Plain:130,Hexalobular Socket Pan Head Screw ISO 14583 - M3x10 Steel 4.6 Plain,Hexalobular_Socket_Pan_Head_Screw_ISO_14583_-_M3x10_Steel_4.6_Plain,True,1.000000,-0.000000,-0.000000,-1.248374,0.000000,-0.965926,0.258819,16.497537,-0.000000,-0.258819,-0.965926,24.492802,0.000000,0.000000,0.000000,1.000000
000_left_arm_long_wrist_latest:1+protections:1+shoulder_pitch_protection:1+Component34:1,Component34,Component34~2,True,1.000000,0.000000,0.000000,0.000000,0.000000,-1.000000,0.000000,8.300000,0.000000,-0.000000,-1.000000,34.750000,0.000000,0.000000,0.000000,1.000000
000_left_arm_long_wrist_latest:1+protections:1+shoulder_pitch_protection:1+Component35:1,Component35,Component35~2,True,1.000000,0.000000,0.000000,0.000000,0.000000,-1.000000,0.000000,8.300000,0.000000,-0.000000,-1.000000,34.750000,0.000000,0.000000,0.000000,1.000000
000_left_arm_long_wrist_latest:1+protections:1+shoulder_yaw_protection:1+Component36:1,Component36,Component36~2,True,1.000000,-0.000000,0.000000,0.000000,0.000000,0.965926,-0.258819,25.993332,-0.000000,0.258819,0.965926,37.079371,0.000000,0.000000,0.000000,1.000000
000_left_arm_long_wrist_latest:1+protections:1+shoulder_yaw_protection:1+Component37:1,Component37,Component37~2,True,1.000000,-0.000000,0.000000,0.000000,0.000000,0.965926,-0.258819,25.993332,-0.000000,0.258819,0.965926,37.079371,0.000000,0.000000,0.000000,1.000000
000_left_arm_long_wrist_latest:1+protections:1+shoulder_yaw_protection:1,shoulder_yaw_protection,shoulder_yaw_protection,True,1.000000,-0.000000,0.000000,0.000000,0.000000,0.965926,-0.258819,25.993332,-0.000000,0.258819,0.965926,37.079371,0.000000,0.000000,0.000000,1.000000
000_left_arm_long_wrist_latest:1+protections:1+shoulder_yaw_protection:2+Component36:1,Component36,Component36~2,True,-0.000000,1.000000,0.000000,9.000000,-0.965926,-0.000000,-0.258819,22.657554,-0.258819,-0.000000,0.965926,14.755335,0.000000,0.000000,0.000000,1.000000
000_left_arm_long_wrist_latest:1+protections:1+shoulder_yaw_protection:2+Component37:1,Component37,Component37~2,True,-0.000000,1.000000,0.000000,9.000000,-0.965926,-0.000000,-0.258819,22.657554,-0.258819,-0.000000,0.965926,14.755335,0.000000,0.000000,0.000000,1.000000
000_left_arm_long_wrist_latest:1+protections:1+shoulder_yaw_protection:2,shoulder_yaw_protection,shoulder_yaw_protection,True,-0.000000,1.000000,0.000000,9.000000,-0.965926,-0.000000,-0.258819,22.657554,-0.258819,-0.000000,0.965926,14.755335,0.000000,0.000000,0.000000,1.000000
000_left_arm_long_wrist_latest:1+protections:1+elbow_motor_protection:1+Component38:1,Component38,Component38,True,-1.000000,-0.000000,0.000000,-0.000000,-0.000000,-0.965926,-0.258819,8.625986,0.000000,-0.258819,0.965926,32.425805,0.000000,0.000000,0.000000,1.000000
000_left_arm_long_wrist_latest:1+protections:1+elbow_motor_protection:1+Component39:1,Component39,Component39,True,-1.000000,-0.000000,0.000000,-0.000000,-0.000000,-0.965926,-0.258819,8.625986,0.000000,-0.258819,0.965926,32.425805,0.000000,0.000000,0.000000,1.000000
000_left_arm_long_wrist_latest:1+protections:1+shoulder_roll_shaft:1+Component40:1,Component40,Component40,True,1.000000,0.000000,0.000000,0.000000,0.000000,0.965926,-0.258819,25.993332,-0.000000,0.258819,0.965926,37.079371,0.000000,0.000000,0.000000,1.000000
000_left_arm_long_wrist_latest:1+protections:1+shoulder_roll_shaft:1+Component41:1,Component41,Component41,True,1.000000,0.000000,0.000000,0.000000,0.000000,0.965926,-0.258819,25.993332,-0.000000,0.258819,0.965926,37.079371,0.000000,0.000000,0.000000,1.000000
000_left_arm_long_wrist_latest:1+protections:1+elbow_shaft:1+Component42:1,Component42,Component42~2,True,-1.000000,-0.000000,0.000000,0.000000,0.000000,-0.965926,-0.258819,8.606668,0.000000,-0.258819,0.965926,32.420629,0.000000,0.000000,0.000000,1.000000
000_left_arm_long_wrist_latest:1+protections:1+elbow_shaft:1+Component43:1,Component43,Component43~2,True,-1.000000,-0.000000,0.000000,0.000000,0.000000,-0.965926,-0.258819,8.606668,0.000000,-0.258819,0.965926,32.420629,0.000000,0.000000,0.000000,1.000000
000_right_arm_long_wrist_latest:1+Robstride 03 - full:1+3_1_02_090_0073_ASM_1_1_ASM:1+1_1_06_EB903-534_ASM_1_1_ASM:1+1_1_06_EB903-537_1_1:1,1_1_06_EB903-537_1_1,1_1_06_EB903-537_1_1,True,-1.000000,-0.000000,0.000000,-0.000000,-0.000000,0.000000,-1.000000,-4.550000,0.000000,-1.000000,-0.000000,34.750000,0.000000,0.000000,0.000000,1.000000
000_right_arm_long_wrist_latest:1+Robstride 03 - full:1+3_1_02_090_0073_ASM_1_1_ASM:1+1_2_04_680902_1_1:1,1_2_04_680902_1_1,1_2_04_680902_1_1,True,-1.000000,-0.000000,0.000000,-0.000000,-0.000000,0.000000,-1.000000,-7.150000,0.000000,-1.000000,-0.000000,34.750000,0.000000,0.000000,0.000000,1.000000
000_right_arm_long_wrist_latest:1+Robstride 03 - full:1+3_1_02_090_0073_ASM_1_1_ASM:1+1_2_04_635000_1_1:1,1_2_04_635000_1_1,1_2_04_635000_1_1,True,-1.000000,-0.000000,-0.000000,-0.000000,-0.000000,1.000000,0.000000,-7.820000,0.000000,0.000000,-1.000000,34.750000,0.000000,0.000000,0.000000,1.000000
000_right_arm_long_wrist_latest:1+Robstride 03 - full:1+3_1_02_090_0073_ASM_1_1_ASM:1+1_3_03_000357_1_1:1,1_3_03_000357_1_1,1_3_03_000357_1_1,True,-1.000000,-0.000000,0.000000,-0.000000,-0.000000,0.000000,-1.000000,-7.850000,0.000000,-1.000000,-0.000000,34.750000,0.000000,0.000000,0.000000,1.000000
000_right_arm_long_wrist_latest:1+Robstride 03 - full:1+3_1_02_090_0073_ASM_1_1_ASM:1+1_1_02_EB901-547_1_rotor:1,1_1_02_EB901-547_1_rotor,1_1_02_EB901-547_1_rotor,True,-0.500000,-0.866025,-0.000000,-0.000000,0.000000,-0.000000,1.000000,-8.300000,-0.866025,0.500000,0.000000,34.750000,0.000000,0.000000,0.000000,1.000000
000_right_arm_long_wrist_latest:1+Robstride 03 - full:1+3_1_02_090_0073_ASM_1_1_ASM:1+1_2_06_000004_AF0_1_1:1,1_2_06_000004_AF0_1_1,1_2_06_000004_AF0_1_1,True,-1.000000,-0.000000,0.000000,-0.000000,-0.000000,0.000000,-1.000000,-7.900000,0.000000,-1.000000,-0.000000,34.750000,0.000000,0.000000,0.000000,1.000000
000_right_arm_long_wrist_latest:1+Robstride 03 - full:1+3_1_02_090_0073_ASM_1_1_ASM:1+1_1_31_QT-942_1:1,1_1_31_QT-942_1,1_1_31_QT-942_1,True,0.000000,-1.000000,0.000000,-0.000000,-0.000000,-0.000000,-1.000000,-4.300000,1.000000,0.000000,-0.000000,34.750000,0.000000,0.000000,0.000000,1.000000
000_right_arm_long_wrist_latest:1+Robstride 03 - full:1+3_1_02_090_0073_ASM_1_1_ASM:1+1_2_05_130001_1_1:1,1_2_05_130001_1_1,1_2_05_130001_1_1,True,-1.000000,-0.000000,-0.000000,0.200000,-0.000000,1.000000,0.000000,-3.267422,0.000000,0.000000,-1.000000,31.750000,0.000000,0.000000,0.000000,1.000000
000_right_arm_long_wrist_latest:1+Robstride 03 - full:1+3_1_02_090_0073_ASM_1_1_ASM:1+1_2_05_130001_1_1:2,1_2_05_130001_1_1,1_2_05_130001_1_1,True,-1.000000,-0.000000,-0.000000,-2.126500,-0.000000,1.000000,0.000000,-3.267422,0.000000,0.000000,-1.000000,37.225000,0.000000,0.000000,0.000000,1.000000
000_right_arm_long_wrist_latest:1+Robstride 03 - full:1+3_1_02_090_0073_ASM_1_1_ASM:1+1_2_05_130001_1_1:3,1_2_05_130001_1_1,1_2_05_130001_1_1,True,-1.000000,-0.000000,-0.000000,2.126500,-0.000000,1.000000,0.000000,-3.267422,0.000000,0.000000,-1.000000,37.225000,0.000000,0.000000,0.000000,1.000000
000_right_arm_long_wrist_latest:1+Robstride 03 - full:1+3_1_02_090_0073_ASM_1_1_ASM:1+PBC:1,PBC,PBC,True,-1.000000,-0.000000,0.000000,-0.000000,-0.000000,0.000000,-1.000000,-8.050000,0.000000,-1.000000,-0.000000,34.750000,0.000000,0.000000,0.000000,1.000000
000_right_arm_long_wrist_latest:1+Robstride 03 - full:1+3_1_02_090_0073_ASM_1_1_ASM:1+CORE:1,CORE,CORE,True,-1.000000,-0.000000,0.000000,-0.000000,-0.000000,0.000000,-1.000000,-8.050000,0.000000,-1.000000,-0.000000,34.750000,0.000000,0.000000,0.000000,1.000000
000_right_arm_long_wrist_latest:1+Robstride 03 - full:1+BACK_COVER1_1_06_EB903-538_1:1+1_2_05_140095_1_1:1,1_2_05_140095_1_1,1_2_05_140095_1_1,True,0.000000,-0.000000,1.000000,1.875149,-1.000000,0.000000,0.000000,-4.100000,-0.000000,-1.000000,-0.000000,39.277010,0.000000,0.000000,0.000000,1.000000
000_right_arm_long_wrist_latest:1+Robstride 03 - full:1+BACK_COVER1_1_06_EB903-538_1:1+1_2_05_140095_1_1:2,1_2_05_140095_1_1,1_2_05_140095_1_1,True,0.000000,-0.000000,1.000000,-1.875149,-1.000000,0.000000,0.000000,-4.100000,-0.000000,-1.000000,-0.000000,39.277010,0.000000,0.000000,0.000000,1.000000
000_right_arm_long_wrist_latest:1+Robstride 03 - full:1+BACK_COVER1_1_06_EB903-538_1:1+1_2_05_140095_1_1:3,1_2_05_140095_1_1,1_2_05_140095_1_1,True,0.000000,-0.000000,1.000000,-1.875149,-1.000000,0.000000,0.000000,-4.100000,-0.000000,-1.000000,-0.000000,30.222990,0.000000,0.000000,0.000000,1.000000
000_right_arm_long_wrist_latest:1+Robstride 03 - full:1+BACK_COVER1_1_06_EB903-538_1:1+1_2_05_140095_1_1:4,1_2_05_140095_1_1,1_2_05_140095_1_1,True,0.000000,-0.000000,1.000000,1.875149,-1.000000,0.000000,0.000000,-4.100000,-0.000000,-1.000000,-0.000000,30.222990,0.000000,0.000000,0.000000,1.000000
000_right_arm_long_wrist_latest:1+Robstride 03 - full:1+BACK_COVER1_1_06_EB903-538_1:1+1_2_05_020108_1_1:3,1_2_05_020108_1_1,1_2_05_020108_1_1,True,0.000000,-0.000000,1.000000,3.423803,-1.000000,0.000000,0.000000,-3.340000,-0.000000,-1.000000,-0.000000,35.862461,0.000000,0.000000,0.000000,1.000000
000_right_arm_long_wrist_latest:1+Robstride 03 - full:1+BACK_COVER1_1_06_EB903-538_1:1+1_2_05_020108_1_1:4,1_2_05_020108_1_1,1_2_05_020108_1_1,True,0.000000,-0.000000,1.000000,-3.221764,-1.000000,0.000000,0.000000,-3.340000,-0.000000,-1.000000,-0.000000,36.356312,0.000000,0.000000,0.000000,1.000000
000_right_arm_long_wrist_latest:1+Robstride 03 - full:1+BACK_COVER1_1_06_EB903-538_1:1+1_2_05_020108_1_1:2,1_2_05_020108_1_1,1_2_05_020108_1_1,True,0.000000,-0.000000,1.000000,-3.221764,-1.000000,0.000000,0.000000,-3.340000,-0.000000,-1.000000,-0.000000,33.143688,0.000000,0.000000,0.000000,1.000000
000_right_arm_long_wrist_latest:1+Robstride 03 - full:1+BACK_COVER1_1_06_EB903-538_1:1+1_2_05_020108_1_1:1,1_2_05_020108_1_1,1_2_05_020108_1_1,True,0.000000,-0.000000,1.000000,3.423803,-1.000000,0.000000,0.000000,-3.342000,-0.000000,-1.000000,-0.000000,33.637539,0.000000,0.000000,0.000000,1.000000
000_right_arm_long_wrist_latest:1+Robstride 03 - full:1+BACK_COVER1_1_06_EB903-538_1:1,BACK_COVER1_1_06_EB903-538_1,BACK_COVER1_1_06_EB903-538_1,True,0.000000,-1.000000,0.000000,-0.000000,-0.000000,-0.000000,-1.000000,-2.640000,1.000000,0.000000,-0.000000,34.750000,0.000000,0.000000,0.000000,1.000000
000_right_arm_long_wrist_latest:1+shoulder_pitch:shoulder_roll:1+CNC_leg02_x7_RS03_shaft_coupler:1,CNC_leg02_x7_RS03_shaft_coupler,CNC_leg02_x7_RS03_shaft_coupler,True,-0.000000,-1.000000,-0.000000,13.329776,0.000000,-0.000000,1.000000,13.821703,-1.000000,0.000000,0.000000,34.750000,0.000000,0.000000,0.000000,1.000000
000_right_arm_long_wrist_latest:1+shoulder_pitch:shoulder_roll:1+CNC_arm01_x2_shoulder_roll_front_bearing_retainer:1,CNC_arm01_x2_shoulder_roll_front_bearing_retainer,CNC_arm01_x2_shoulder_roll_front_bearing_retainer~2,True,1.000000,-0.000000,0.000000,-0.000000,0.000000,1.000000,-0.000000,-8.300000,-0.000000,0.000000,1.000000,34.750000,0.000000,0.000000,0.000000,1.000000
000_right_arm_long_wrist_latest:1+shoulder_pitch:shoulder_roll:1+CNC_arm02_x2_shoulder_roll_back_bearing_retainer:1,CNC_arm02_x2_shoulder_roll_back_bearing_retainer,CNC_arm02_x2_shoulder_roll_back_bearing_retainer~2,True,1.000000,-0.000000,0.000000,-0.000000,0.000000,1.000000,-0.000000,-8.300000,-0.000000,0.000000,1.000000,34.750000,0.000000,0.000000,0.000000,1.000000
000_right_arm_long_wrist_latest:1+Robstride 06-No Back Cover:1+R06:1+R06-ROTOR:1,R06-ROTOR,R06-ROTOR,True,-0.000000,-0.000000,-1.000000,2.475000,0.965926,0.258819,-0.000000,-17.300000,0.258819,-0.965926,0.000000,34.749999,0.000000,0.000000,0.000000,1.000000
000_right_arm_long_wrist_latest:1+Robstride 06-No Back Cover:1+R06:1+MAIN:1+1_1_06_EB823-507_AF0^1_1_06_EB823-509_ASM_FL82BLW33-48V-35N.m(开模版)(1)_FL82BLW33-48V-35N.m(开模版)(1).STEP:1,1_1_06_EB823-507_AF0^1_1_06_EB823-509_ASM_FL82BLW33-48V-35N.m(开模版)(1)_FL82BLW33-48V-35N.m(开模版)(1).STEP,1_1_06_EB823-507_AF0_1_1_06_EB823-509_ASM_FL82BLW33-48V-35N.m_1__FL82BLW33-48V-35N.m_1_.STEP,True,-0.000000,-0.000000,-1.000000,2.325000,1.000000,0.000000,-0.000000,-17.300000,0.000000,-1.000000,0.000000,34.749999,0.000000,0.000000,0.000000,1.000000
000_right_arm_long_wrist_latest:1+Robstride 06-No Back Cover:1+R06:1+1_1_31_QT-1040^FL82BLW33-48V-35N.m(开模版)(1)_FL82BLW33-48V-35N.m(开模版)(1).STEP:1,1_1_31_QT-1040^FL82BLW33-48V-35N.m(开模版)(1)_FL82BLW33-48V-35N.m(开模版)(1).STEP,1_1_31_QT-1040_FL82BLW33-48V-35N.m_1__FL82BLW33-48V-35N.m_1_.STEP,True,-0.000000,-0.000000,1.000000,-0.975000,0.000000,1.000000,0.000000,-17.300000,-1.000000,0.000000,-0.000000,34.749999,0.000000,0.000000,0.000000,1.000000
000_right_arm_long_wrist_latest:1+Robstride 06-No Back Cover:1+R06:1+weight:1,weight,weight,True,-0.000000,-0.000000,-1.000000,2.325000,1.000000,0.000000,-0.000000,-17.300000,0.000000,-1.000000,0.000000,34.749999,0.000000,0.000000,0.000000,1.000000
000_right_arm_long_wrist_latest:1+Robstride 06-No Back Cover:1+R06:1+bearing_35x44x5_6707_1.6kN_15g:1+half-bearing_35x44x5_6707_1.6kN_15g:1,half-bearing_35x44x5_6707_1.6kN_15g,half-bearing_35x44x5_6707_1.6kN_15g,True,-0.000000,-0.000000,-1.000000,1.825000,1.000000,0.000000,-0.000000,-17.300000,0.000000,-1.000000,0.000000,34.749999,0.000000,0.000000,0.000000,1.000000
000_right_arm_long_wrist_latest:1+Robstride 06-No Back Cover:1+R06:1+bearing_35x44x5_6707_1.6kN_15g:1+half-bearing_35x44x5_6707_1.6kN_15g:2,half-bearing_35x44x5_6707_1.6kN_15g,half-bearing_35x44x5_6707_1.6kN_15g,True,-0.000000,-0.000000,-1.000000,1.825000,1.000000,0.000000,-0.000000,-17.300000,0.000000,-1.000000,0.000000,34.749999,0.000000,0.000000,0.000000,1.000000
000_right_arm_long_wrist_latest:1+shoulder_roll:shoulder_yaw:1+robstride_02-No_back_cover:3+02-3D-20211009(1).stp:1+3_1_02_067_0020_ASM_1_ASM.stp:1+1_2_16_001330_ASM_1_ASM.stp:1+PCBMODEL_ASM_1_ASM.stp:1+JRZS-J2_ASM_1_ASM.stp:1+CONN-TH_4P-XT30PW-M_ASM_1_ASM.stp:1+SOLID-183013_1.stp:1,SOLID-183013_1.stp,SOLID-183013_1.stp~2,True,0.770316,-0.637663,-0.000000,1.569111,-0.615935,-0.744068,-0.258819,-16.934712,0.165039,0.199372,-0.965926,28.854574,0.000000,0.000000,0.000000,1.000000
000_right_arm_long_wrist_latest:1+shoulder_roll:shoulder_yaw:1+robstride_02-No_back_cover:3+02-3D-20211009(1).stp:1+3_1_02_067_0020_ASM_1_ASM.stp:1+1_2_16_001330_ASM_1_ASM.stp:1+PCBMODEL_ASM_1_ASM.stp:1+JRZS-J1_ASM_1_ASM.stp:1+CONN-TH_4P-XT30PW-M_ASM_1_ASM.stp:2+SOLID-183013_1.stp:1,SOLID-183013_1.stp,SOLID-183013_1.stp~2,True,-0.770316,0.637663,-0.000000,-1.587325,0.615935,0.744068,-0.258819,-20.617855,-0.165039,-0.199372,-0.965926,29.841469,0.000000,0.000000,0.000000,1.000000
000_right_arm_long_wrist_latest:1+shoulder_roll:shoulder_yaw:1+robstride_02-No_back_cover:3+02-3D-20211009(1).stp:1+3_1_02_067_0020_ASM_1_ASM.stp:1+1_2_16_001330_ASM_1_ASM.stp:1+PCBMODEL_ASM_1_ASM.stp:1+BOARD-17_1.stp:1,BOARD-17_1.stp,BOARD-17_1.stp~2,True,0.770316,0.637663,0.000000,0.006835,-0.615935,0.744068,0.258819,-18.757681,0.165039,-0.199372,0.965926,29.343037,0.000000,0.000000,0.000000,1.000000
000_right_arm_long_wrist_latest:1+shoulder_roll:shoulder_yaw:1+robstride_02-No_back_cover:3+02-3D-20211009(1).stp:1+3_1_02_067_0020_ASM_1_ASM.stp:1+1_1_06_EB673-516_1.stp:1,1_1_06_EB673-516_1.stp,1_1_06_EB673-516_1.stp~2,True,0.808401,-0.588632,0.000000,-2.007974,0.568575,0.780855,0.258819,-25.284171,-0.152349,-0.209230,0.965926,29.797710,0.000000,0.000000,0.000000,1.000000
000_right_arm_long_wrist_latest:1+shoulder_roll:shoulder_yaw:1+robstride_02-No_back_cover:3+02-3D-20211009(1).stp:1+3_1_02_067_0020_ASM_1_ASM.stp:1+shaft 1_1_02_EB671-502_1.stp:1,shaft 1_1_02_EB671-502_1.stp,shaft_1_1_02_EB671-502_1.stp~2,True,-0.939693,0.342020,0.000000,0.000000,-0.330366,-0.907673,0.258819,-19.600901,0.088521,0.243210,0.965926,26.162919,0.000000,0.000000,0.000000,1.000000
000_right_arm_long_wrist_latest:1+shoulder_roll:shoulder_yaw:1+robstride_02-No_back_cover:3+02-3D-20211009(1).stp:1+3_1_02_067_0020_ASM_1_ASM.stp:1+1_1_04_EB672-503_1.stp:1,1_1_04_EB672-503_1.stp,1_1_04_EB672-503_1.stp~2,True,-0.642788,-0.766044,-0.000000,0.000000,-0.739942,0.620885,-0.258819,-18.995264,0.198267,-0.166366,-0.965926,28.423185,0.000000,0.000000,0.000000,1.000000
000_right_arm_long_wrist_latest:1+shoulder_roll:shoulder_yaw:1+robstride_02-No_back_cover:3+02-3D-20211009(1).stp:1+3_1_02_067_0020_ASM_1_ASM.stp:1+1_2_05_QT-647_1.stp:1,1_2_05_QT-647_1.stp,1_2_05_QT-647_1.stp~2,True,-0.808401,0.000000,-0.588632,0.771345,-0.568575,0.258819,0.780855,-18.314389,0.152349,0.965926,-0.209230,27.412524,0.000000,0.000000,0.000000,1.000000
000_right_arm_long_wrist_latest:1+shoulder_roll:shoulder_yaw:1+robstride_02-No_back_cover:3+02-3D-20211009(1).stp:1+3_1_02_067_0020_ASM_1_ASM.stp:1+1_2_05_QT-647_1.stp:2,1_2_05_QT-647_1.stp,1_2_05_QT-647_1.stp~2,True,0.913971,0.000000,-0.405780,-1.181769,-0.391953,0.258819,-0.882828,-19.001042,0.105024,0.965926,0.236553,27.596512,0.000000,0.000000,0.000000,1.000000
000_right_arm_long_wrist_latest:1+shoulder_roll:shoulder_yaw:1+robstride_02-No_back_cover:3+02-3D-20211009(1).stp:1+3_1_02_067_0020_ASM_1_ASM.stp:1+1_2_05_QT-647_1.stp:3,1_2_05_QT-647_1.stp,1_2_05_QT-647_1.stp~2,True,-0.105570,0.000000,0.994412,0.410424,0.960528,0.258819,0.101973,-20.291528,-0.257373,0.965926,-0.027323,27.942297,0.000000,0.000000,0.000000,1.000000
000_right_arm_long_wrist_latest:1+shoulder_roll:shoulder_yaw:1+robstride_02-No_back_cover:3+02-3D-20211009(1).stp:1+3_1_02_067_0020_ASM_1_ASM.stp:1+1_1_31_PL674-504_1.stp:1,1_1_31_PL674-504_1.stp,1_1_31_PL674-504_1.stp~2,True,-0.821351,0.570423,-0.000000,2.543140,0.550987,0.793364,-0.258819,-16.568769,-0.147636,-0.212581,-0.965926,27.462425,0.000000,0.000000,0.000000,1.000000
000_right_arm_long_wrist_latest:1+shoulder_roll:shoulder_yaw:1+robstride_02-No_back_cover:3+02-3D-20211009(1).stp:1+3_1_02_067_0020_ASM_1_ASM.stp:1+1_2_04_670601_1.stp:1,1_2_04_670601_1.stp,1_2_04_670601_1.stp~2,True,0.808401,-0.588632,0.000000,0.000000,0.568575,0.780855,0.258819,-19.719957,-0.152349,-0.209230,0.965926,25.718593,0.000000,0.000000,0.000000,1.000000
000_right_arm_long_wrist_latest:1+shoulder_roll:shoulder_yaw:1+robstride_02-No_back_cover:3+02-3D-20211009(1).stp:1+3_1_02_067_0020_ASM_1_ASM.stp:1+1_2_06_000392_1.stp:1,1_2_06_000392_1.stp,1_2_06_000392_1.stp~2,True,0.808401,-0.588632,0.000000,0.000000,0.568575,0.780855,0.258819,-19.736522,-0.152349,-0.209230,0.965926,25.656774,0.000000,0.000000,0.000000,1.000000
000_right_arm_long_wrist_latest:1+shoulder_roll:shoulder_yaw:1+robstride_02-No_back_cover:3+02-3D-20211009(1).stp:1+3_1_02_067_0020_ASM_1_ASM.stp:1+1_2_05_QT-170_1.stp:1,1_2_05_QT-170_1.stp,1_2_05_QT-170_1.stp~2,True,-0.808401,-0.588632,-0.000000,-1.992432,-0.568575,0.780855,-0.258819,-18.980282,0.152349,-0.209230,-0.965926,29.152784,0.000000,0.000000,0.000000,1.000000
000_right_arm_long_wrist_latest:1+shoulder_roll:shoulder_yaw:1+robstride_02-No_back_cover:3+02-3D-20211009(1).stp:1+3_1_02_067_0020_ASM_1_ASM.stp:1+1_2_05_QT-170_1.stp:2,1_2_05_QT-170_1.stp,1_2_05_QT-170_1.stp~2,True,-0.588632,0.808401,-0.000000,-0.174362,0.780855,0.568575,-0.258819,-16.887320,-0.209230,-0.152349,-0.965926,28.591976,0.000000,0.000000,0.000000,1.000000
000_right_arm_long_wrist_latest:1+shoulder_roll:shoulder_yaw:1+robstride_02-No_back_cover:3+02-3D-20211009(1).stp:1+3_1_02_067_0020_ASM_1_ASM.stp:1+1_2_05_QT-170_1.stp:3,1_2_05_QT-170_1.stp,1_2_05_QT-170_1.stp~2,True,0.808401,0.588632,-0.000000,1.992432,0.568575,-0.780855,-0.258819,-18.643440,-0.152349,0.209230,-0.965926,29.062527,0.000000,0.000000,0.000000,1.000000
000_right_arm_long_wrist_latest:1+shoulder_roll:shoulder_yaw:1+robstride_02-No_back_cover:3+02-3D-20211009(1).stp:1+3_1_02_067_0020_ASM_1_ASM.stp:1+1_2_05_QT-170_1.stp:4,1_2_05_QT-170_1.stp,1_2_05_QT-170_1.stp~2,True,0.588632,-0.808401,-0.000000,0.174362,-0.780855,-0.568575,-0.258819,-20.736402,0.209230,0.152349,-0.965926,29.623335,0.000000,0.000000,0.000000,1.000000
000_right_arm_long_wrist_latest:1+shoulder_roll:shoulder_yaw:1+robstride_02-No_back_cover:3+02-3D-20211009(1).stp:1+3_1_02_067_0020_ASM_1_ASM.stp:1+1_2_05_030080_1.stp:1,1_2_05_030080_1.stp,1_2_05_030080_1.stp~2,True,-0.808401,0.000000,-0.588632,-2.346175,-0.568575,0.258819,0.780855,-21.657230,0.152349,0.965926,-0.209230,29.291748,0.000000,0.000000,0.000000,1.000000
000_right_arm_long_wrist_latest:1+shoulder_roll:shoulder_yaw:1+robstride_02-No_back_cover:3+Component21:1,Component21,Component21~2,True,0.642788,0.766044,-0.000000,0.000000,0.739942,-0.620885,-0.258819,-19.681135,-0.198267,0.166366,-0.965926,25.863482,0.000000,0.000000,0.000000,1.000000
000_right_arm_long_wrist_latest:1+shoulder_roll:shoulder_yaw:1+3DP_arm05_x4_RS02_shaft_bearing_retainer:1,3DP_arm05_x4_RS02_shaft_bearing_retainer,3DP_arm05_x4_RS02_shaft_bearing_retainer~2,True,1.000000,-0.000000,0.000000,0.000000,0.000000,0.965926,0.258819,-8.606667,-0.000000,-0.258819,0.965926,32.420629,0.000000,0.000000,0.000000,1.000000
000_right_arm_long_wrist_latest:1+shoulder_roll:shoulder_yaw:1+CNC_arm10_x4_r03_back_cover:1,CNC_arm10_x4_r03_back_cover,CNC_arm10_x4_r03_back_cover~2,True,-1.000000,-0.000000,0.000000,0.000000,0.000000,-0.965926,0.258819,-25.993333,0.000000,0.258819,0.965926,37.079370,0.000000,0.000000,0.000000,1.000000
000_right_arm_long_wrist_latest:1+shoulder_roll:shoulder_yaw:1+CNC_arm04_x4_shoulder_elbow_support_shaft:1,CNC_arm04_x4_shoulder_elbow_support_shaft,CNC_arm04_x4_shoulder_elbow_support_shaft~2,True,1.000000,-0.000000,0.000000,0.000000,0.000000,0.965926,0.258819,-8.606667,-0.000000,-0.258819,0.965926,32.420629,0.000000,0.000000,0.000000,1.000000
000_right_arm_long_wrist_latest:1+shoulder_roll:shoulder_yaw:1+CNC_arm03_x2_shoulder_roll_output_shaft:1,CNC_arm03_x2_shoulder_roll_output_shaft,CNC_arm03_x2_shoulder_roll_output_shaft~2,True,-1.000000,-0.000000,-0.000000,0.000000,0.000000,0.965926,-0.258819,-8.606667,0.000000,-0.258819,-0.965926,32.420629,0.000000,0.000000,0.000000,1.000000
000_right_arm_long_wrist_latest:1+shoulder_yaw:elbow:1+3DP_arm06_x4_RS02_shaft_coupler:1+Knurled Insert M3xH8:1,Knurled Insert M3xH8,Knurled_Insert_M3xH8~2,True,1.000000,-0.000000,-0.000000,1.500000,-0.000000,-0.965926,-0.258819,-19.583430,-0.000000,0.258819,-0.965926,18.693896,0.000000,0.000000,0.000000,1.000000
000_right_arm_long_wrist_latest:1+shoulder_yaw:elbow:1+3DP_arm06_x4_RS02_shaft_coupler:1+Knurled Insert M3xH8:2,Knurled Insert M3xH8,Knurled_Insert_M3xH8~2,True,1.000000,-0.000000,-0.000000,0.000000,-0.000000,-0.965926,-0.258819,-19.583430,-0.000000,0.258819,-0.965926,18.693896,0.000000,0.000000,0.000000,1.000000
000_right_arm_long_wrist_latest:1+shoulder_yaw:elbow:1+3DP_arm06_x4_RS02_shaft_coupler:1+Knurled Insert M3xH8:3,Knurled Insert M3xH8,Knurled_Insert_M3xH8~2,True,1.000000,-0.000000,-0.000000,-1.500000,-0.000000,-0.965926,-0.258819,-19.583430,-0.000000,0.258819,-0.965926,18.693896,0.000000,0.000000,0.000000,1.000000
000_right_arm_long_wrist_latest:1+shoulder_yaw:elbow:1+3DP_arm06_x4_RS02_shaft_coupler:1+Knurled Insert M3xH8:4,Knurled Insert M3xH8,Knurled_Insert_M3xH8~2,True,1.000000,-0.000000,0.000000,1.500000,0.000000,0.965926,0.258819,-23.350541,-0.000000,-0.258819,0.965926,19.703290,0.000000,0.000000,0.000000,1.000000
000_right_arm_long_wrist_latest:1+shoulder_yaw:elbow:1+3DP_arm06_x4_RS02_shaft_coupler:1+Knurled Insert M3xH8:5,Knurled Insert M3xH8,Knurled_Insert_M3xH8~2,True,1.000000,0.000000,-0.000000,0.000000,-0.000000,0.965926,0.258819,-23.350541,0.000000,-0.258819,0.965926,19.703290,0.000000,0.000000,0.000000,1.000000
000_right_arm_long_wrist_latest:1+shoulder_yaw:elbow:1+3DP_arm06_x4_RS02_shaft_coupler:1+Knurled Insert M3xH8:6,Knurled Insert M3xH8,Knurled_Insert_M3xH8~2,True,1.000000,-0.000000,0.000000,-1.500000,0.000000,0.965926,0.258819,-23.350541,-0.000000,-0.258819,0.965926,19.703290,0.000000,0.000000,0.000000,1.000000
000_right_arm_long_wrist_latest:1+shoulder_yaw:elbow:1+3DP_arm06_x4_RS02_shaft_coupler:1,3DP_arm06_x4_RS02_shaft_coupler,3DP_arm06_x4_RS02_shaft_coupler~2,True,1.000000,-0.000000,0.000000,0.000000,0.000000,0.965926,0.258819,-8.606667,-0.000000,-0.258819,0.965926,32.420629,0.000000,0.000000,0.000000,1.000000
000_right_arm_long_wrist_latest:1+shoulder_yaw:elbow:1+CNC_arm07_x2_elbow_front_bearing_retainer:1,CNC_arm07_x2_elbow_front_bearing_retainer,CNC_arm07_x2_elbow_front_bearing_retainer~2,True,1.000000,-0.000000,0.000000,0.000000,0.000000,0.965926,0.258819,-8.606667,-0.000000,-0.258819,0.965926,32.420629,0.000000,0.000000,0.000000,1.000000
000_right_arm_long_wrist_latest:1+shoulder_yaw:elbow:1+CNC_arm08_x2_elbow_back_bearing_retainer:1,CNC_arm08_x2_elbow_back_bearing_retainer,CNC_arm08_x2_elbow_back_bearing_retainer~2,True,1.000000,-0.000000,0.000000,0.000000,0.000000,0.965926,0.258819,-8.606667,-0.000000,-0.258819,0.965926,32.420629,0.000000,0.000000,0.000000,1.000000
000_right_arm_long_wrist_latest:1+robstride_02-No_back_cover:1+02-3D-20211009(1).stp:1+3_1_02_067_0020_ASM_1_ASM.stp:1+1_2_16_001330_ASM_1_ASM.stp:1+PCBMODEL_ASM_1_ASM.stp:1+JRZS-J2_ASM_1_ASM.stp:1+CONN-TH_4P-XT30PW-M_ASM_1_ASM.stp:1+SOLID-183013_1.stp:1,SOLID-183013_1.stp,SOLID-183013_1.stp~2,True,0.167074,0.985944,0.000000,-2.411549,-0.255181,0.043242,-0.965926,-21.172362,-0.952349,0.161381,0.258819,13.923033,0.000000,0.000000,0.000000,1.000000
000_right_arm_long_wrist_latest:1+robstride_02-No_back_cover:1+02-3D-20211009(1).stp:1+3_1_02_067_0020_ASM_1_ASM.stp:1+1_2_16_001330_ASM_1_ASM.stp:1+PCBMODEL_ASM_1_ASM.stp:1+JRZS-J1_ASM_1_ASM.stp:1+CONN-TH_4P-XT30PW-M_ASM_1_ASM.stp:2+SOLID-183013_1.stp:1,SOLID-183013_1.stp,SOLID-183013_1.stp~2,True,-0.167074,-0.985944,0.000000,2.468885,0.255181,-0.043242,-0.965926,-20.958313,0.952349,-0.161381,0.258819,14.721873,0.000000,0.000000,0.000000,1.000000
000_right_arm_long_wrist_latest:1+robstride_02-No_back_cover:1+02-3D-20211009(1).stp:1+3_1_02_067_0020_ASM_1_ASM.stp:1+1_2_16_001330_ASM_1_ASM.stp:1+PCBMODEL_ASM_1_ASM.stp:1+BOARD-17_1.stp:1,BOARD-17_1.stp,BOARD-17_1.stp~2,True,0.167074,-0.985944,-0.000000,0.004020,-0.255181,-0.043242,0.965926,-21.066419,-0.952349,-0.161381,-0.258819,14.318418,0.000000,0.000000,0.000000,1.000000
000_right_arm_long_wrist_latest:1+robstride_02-No_back_cover:1+02-3D-20211009(1).stp:1+3_1_02_067_0020_ASM_1_ASM.stp:1+1_1_06_EB673-516_1.stp:1,1_1_06_EB673-516_1.stp,1_1_06_EB673-516_1.stp~2,True,-0.913971,-0.405780,-0.000000,6.572852,-0.105024,0.236553,0.965926,-22.653257,-0.391953,0.882828,-0.258819,13.225879,0.000000,0.000000,0.000000,1.000000
000_right_arm_long_wrist_latest:1+robstride_02-No_back_cover:1+02-3D-20211009(1).stp:1+3_1_02_067_0020_ASM_1_ASM.stp:1+shaft 1_1_02_EB671-502_1.stp:1,shaft 1_1_02_EB671-502_1.stp,shaft_1_1_02_EB671-502_1.stp~2,True,0.766044,0.642788,-0.000000,0.000000,0.166366,-0.198267,0.965926,-24.241671,0.620885,-0.739942,-0.258819,15.179798,0.000000,0.000000,0.000000,1.000000
000_right_arm_long_wrist_latest:1+robstride_02-No_back_cover:1+02-3D-20211009(1).stp:1+3_1_02_067_0020_ASM_1_ASM.stp:1+1_1_04_EB672-503_1.stp:1,1_1_04_EB672-503_1.stp,1_1_04_EB672-503_1.stp~2,True,0.984808,-0.173648,0.000000,0.000000,0.044943,0.254887,-0.965926,-21.981405,0.167731,0.951251,0.258819,14.574161,0.000000,0.000000,0.000000,1.000000
000_right_arm_long_wrist_latest:1+robstride_02-No_back_cover:1+02-3D-20211009(1).stp:1+3_1_02_067_0020_ASM_1_ASM.stp:1+1_2_05_QT-647_1.stp:1,1_2_05_QT-647_1.stp,1_2_05_QT-647_1.stp~2,True,0.913971,-0.000000,-0.405780,-1.181769,0.105024,0.965926,0.236553,-22.808078,0.391953,-0.258819,0.882828,14.579939,0.000000,0.000000,0.000000,1.000000
000_right_arm_long_wrist_latest:1+robstride_02-No_back_cover:1+02-3D-20211009(1).stp:1+3_1_02_067_0020_ASM_1_ASM.stp:1+1_2_05_QT-647_1.stp:2,1_2_05_QT-647_1.stp,1_2_05_QT-647_1.stp~2,True,-0.105570,-0.000000,0.994412,0.410424,-0.257373,0.965926,-0.027323,-22.462293,-0.960528,-0.258819,-0.101973,15.870424,0.000000,0.000000,0.000000,1.000000
000_right_arm_long_wrist_latest:1+robstride_02-No_back_cover:1+02-3D-20211009(1).stp:1+3_1_02_067_0020_ASM_1_ASM.stp:1+1_2_05_QT-647_1.stp:3,1_2_05_QT-647_1.stp,1_2_05_QT-647_1.stp~2,True,-0.808401,-0.000000,-0.588632,0.771345,0.152349,0.965926,-0.209230,-22.992066,0.568575,-0.258819,-0.780855,13.893286,0.000000,0.000000,0.000000,1.000000
000_right_arm_long_wrist_latest:1+robstride_02-No_back_cover:1+02-3D-20211009(1).stp:1+3_1_02_067_0020_ASM_1_ASM.stp:1+1_1_31_PL674-504_1.stp:1,1_1_31_PL674-504_1.stp,1_1_31_PL674-504_1.stp~2,True,-0.083326,-0.996522,0.000000,-3.516721,0.257919,-0.021566,-0.965926,-22.505720,0.962567,-0.080486,0.258819,13.776500,0.000000,0.000000,0.000000,1.000000
000_right_arm_long_wrist_latest:1+robstride_02-No_back_cover:1+02-3D-20211009(1).stp:1+3_1_02_067_0020_ASM_1_ASM.stp:1+1_2_04_670601_1.stp:1,1_2_04_670601_1.stp,1_2_04_670601_1.stp~2,True,-0.913971,-0.405780,-0.000000,0.000000,-0.105024,0.236553,0.965926,-24.685997,-0.391953,0.882828,-0.258819,15.298854,0.000000,0.000000,0.000000,1.000000
000_right_arm_long_wrist_latest:1+robstride_02-No_back_cover:1+02-3D-20211009(1).stp:1+3_1_02_067_0020_ASM_1_ASM.stp:1+1_2_06_000392_1.stp:1,1_2_06_000392_1.stp,1_2_06_000392_1.stp~2,True,-0.913971,-0.405780,-0.000000,0.000000,-0.105024,0.236553,0.965926,-24.747816,-0.391953,0.882828,-0.258819,15.315419,0.000000,0.000000,0.000000,1.000000
000_right_arm_long_wrist_latest:1+robstride_02-No_back_cover:1+02-3D-20211009(1).stp:1+3_1_02_067_0020_ASM_1_ASM.stp:1+1_2_05_QT-170_1.stp:1,1_2_05_QT-170_1.stp,1_2_05_QT-170_1.stp~2,True,0.913971,-0.405780,0.000000,1.147218,0.105024,0.236553,-0.965926,-20.872907,0.391953,0.882828,0.258819,15.973249,0.000000,0.000000,0.000000,1.000000
000_right_arm_long_wrist_latest:1+robstride_02-No_back_cover:1+02-3D-20211009(1).stp:1+3_1_02_067_0020_ASM_1_ASM.stp:1+1_2_05_QT-170_1.stp:2,1_2_05_QT-170_1.stp,1_2_05_QT-170_1.stp~2,True,-0.405780,-0.913971,0.000000,-1.638316,0.236553,-0.105024,-0.965926,-21.000013,0.882828,-0.391953,0.258819,15.498885,0.000000,0.000000,0.000000,1.000000
000_right_arm_long_wrist_latest:1+robstride_02-No_back_cover:1+02-3D-20211009(1).stp:1+3_1_02_067_0020_ASM_1_ASM.stp:1+1_2_05_QT-170_1.stp:3,1_2_05_QT-170_1.stp,1_2_05_QT-170_1.stp~2,True,-0.913971,0.405780,0.000000,-1.147218,-0.105024,-0.236553,-0.965926,-21.720962,-0.391953,-0.882828,0.258819,12.808267,0.000000,0.000000,0.000000,1.000000
000_right_arm_long_wrist_latest:1+robstride_02-No_back_cover:1+02-3D-20211009(1).stp:1+3_1_02_067_0020_ASM_1_ASM.stp:1+1_2_05_QT-170_1.stp:4,1_2_05_QT-170_1.stp,1_2_05_QT-170_1.stp~2,True,0.405780,0.913971,0.000000,1.638316,-0.236553,0.105024,-0.965926,-21.593856,-0.882828,0.391953,0.258819,13.282631,0.000000,0.000000,0.000000,1.000000
000_right_arm_long_wrist_latest:1+robstride_02-No_back_cover:1+02-3D-20211009(1).stp:1+3_1_02_067_0020_ASM_1_ASM.stp:1+1_2_05_030080_1.stp:1,1_2_05_030080_1.stp,1_2_05_030080_1.stp~2,True,0.913971,-0.000000,-0.405780,3.594548,0.105024,0.965926,0.236553,-21.672472,0.391953,-0.258819,0.882828,15.147557,0.000000,0.000000,0.000000,1.000000
000_right_arm_long_wrist_latest:1+robstride_02-No_back_cover:1+Component21:1,Component21,Component21~2,True,-0.984808,0.173648,0.000000,0.000000,-0.044943,-0.254887,-0.965926,-24.541108,-0.167731,-0.951251,0.258819,15.260031,0.000000,0.000000,0.000000,1.000000
000_right_arm_long_wrist_latest:1+elbow:wrist_roll:1+CNC_arm09_x2_elbow_roll_output_shaft:1,CNC_arm09_x2_elbow_roll_output_shaft,CNC_arm09_x2_elbow_roll_output_shaft~2,True,1.000000,-0.000000,-0.000000,0.000000,0.000000,0.965926,0.258819,-8.606667,0.000000,-0.258819,0.965926,32.420629,0.000000,0.000000,0.000000,1.000000
000_right_arm_long_wrist_latest:1+elbow:wrist_roll:1+CNC_arm04_x4_shoulder_elbow_support_shaft:2,CNC_arm04_x4_shoulder_elbow_support_shaft,CNC_arm04_x4_shoulder_elbow_support_shaft~2,True,0.000000,1.000000,-0.000000,9.000000,-0.965926,0.000000,0.258819,-22.657553,0.258819,-0.000000,0.965926,14.755334,0.000000,0.000000,0.000000,1.000000
000_right_arm_long_wrist_latest:1+elbow:wrist_roll:1+3DP_arm05_x4_RS02_shaft_bearing_retainer:2,3DP_arm05_x4_RS02_shaft_bearing_retainer,3DP_arm05_x4_RS02_shaft_bearing_retainer~2,True,-0.808401,0.588632,-0.000000,5.297689,-0.568575,-0.780855,0.258819,-29.685252,0.152349,0.209230,0.965926,16.638400,0.000000,0.000000,0.000000,1.000000
000_right_arm_long_wrist_latest:1+elbow:wrist_roll:1+CNC_arm10_x4_r03_back_cover:3,CNC_arm10_x4_r03_back_cover,CNC_arm10_x4_r03_back_cover~2,True,0.000000,1.000000,0.000000,9.000000,-0.965926,0.000000,0.258819,-22.657553,0.258819,-0.000000,0.965926,14.755334,0.000000,0.000000,0.000000,1.000000
000_right_arm_long_wrist_latest:1+robstride_02-No_back_cover:2+02-3D-20211009(1).stp:1+3_1_02_067_0020_ASM_1_ASM.stp:1+1_2_16_001330_ASM_1_ASM.stp:1+PCBMODEL_ASM_1_ASM.stp:1+JRZS-J2_ASM_1_ASM.stp:1+CONN-TH_4P-XT30PW-M_ASM_1_ASM.stp:1+SOLID-183013_1.stp:1,SOLID-183013_1.stp,SOLID-183013_1.stp~2,True,0.637663,0.770316,0.000000,-1.878690,0.744068,-0.615935,-0.258819,-22.591294,-0.199372,0.165039,-0.965926,8.940034,0.000000,0.000000,0.000000,1.000000
000_right_arm_long_wrist_latest:1+robstride_02-No_back_cover:2+02-3D-20211009(1).stp:1+3_1_02_067_0020_ASM_1_ASM.stp:1+1_2_16_001330_ASM_1_ASM.stp:1+PCBMODEL_ASM_1_ASM.stp:1+JRZS-J1_ASM_1_ASM.stp:1+CONN-TH_4P-XT30PW-M_ASM_1_ASM.stp:2+SOLID-183013_1.stp:1,SOLID-183013_1.stp,SOLID-183013_1.stp~2,True,-0.637663,-0.770316,0.000000,1.934381,-0.744068,0.615935,-0.258819,-25.640178,0.199372,-0.165039,-0.965926,9.756980,0.000000,0.000000,0.000000,1.000000
000_right_arm_long_wrist_latest:1+robstride_02-No_back_cover:2+02-3D-20211009(1).stp:1+3_1_02_067_0020_ASM_1_ASM.stp:1+1_2_16_001330_ASM_1_ASM.stp:1+PCBMODEL_ASM_1_ASM.stp:1+BOARD-17_1.stp:1,BOARD-17_1.stp,BOARD-17_1.stp~2,True,0.637663,-0.770316,-0.000000,0.008588,0.744068,0.615935,0.258819,-24.100337,-0.199372,-0.165039,0.965926,9.344381,0.000000,0.000000,0.000000,1.000000
000_right_arm_long_wrist_latest:1+robstride_02-No_back_cover:2+02-3D-20211009(1).stp:1+3_1_02_067_0020_ASM_1_ASM.stp:1+1_1_06_EB673-516_1.stp:1,1_1_06_EB673-516_1.stp,1_1_06_EB673-516_1.stp~2,True,-0.588632,-0.808401,-0.000000,6.430371,0.780855,-0.568575,0.258819,-26.370017,-0.209230,0.152349,0.965926,8.658445,0.000000,0.000000,0.000000,1.000000
000_right_arm_long_wrist_latest:1+robstride_02-No_back_cover:2+02-3D-20211009(1).stp:1+3_1_02_067_0020_ASM_1_ASM.stp:1+shaft 1_1_02_EB671-502_1.stp:1,shaft 1_1_02_EB671-502_1.stp,shaft_1_1_02_EB671-502_1.stp~2,True,0.342020,0.939693,-0.000000,0.000000,-0.907673,0.330366,0.258819,-24.958454,0.243210,-0.088521,0.965926,6.168254,0.000000,0.000000,0.000000,1.000000
000_right_arm_long_wrist_latest:1+robstride_02-No_back_cover:2+02-3D-20211009(1).stp:1+3_1_02_067_0020_ASM_1_ASM.stp:1+1_1_04_EB672-503_1.stp:1,1_1_04_EB672-503_1.stp,1_1_04_EB672-503_1.stp~2,True,0.766044,-0.642788,0.000000,0.000000,-0.620885,-0.739942,-0.258819,-24.352817,0.166366,0.198267,-0.965926,8.428520,0.000000,0.000000,0.000000,1.000000
000_right_arm_long_wrist_latest:1+robstride_02-No_back_cover:2+02-3D-20211009(1).stp:1+3_1_02_067_0020_ASM_1_ASM.stp:1+1_2_05_QT-647_1.stp:1,1_2_05_QT-647_1.stp,1_2_05_QT-647_1.stp~2,True,0.588632,-0.000000,-0.808401,-0.919253,-0.780855,0.258819,-0.568575,-23.814810,0.209230,0.965926,0.152349,7.456141,0.000000,0.000000,0.000000,1.000000
000_right_arm_long_wrist_latest:1+robstride_02-No_back_cover:2+02-3D-20211009(1).stp:1+3_1_02_067_0020_ASM_1_ASM.stp:1+1_2_05_QT-647_1.stp:2,1_2_05_QT-647_1.stp,1_2_05_QT-647_1.stp~2,True,0.405780,-0.000000,0.913971,-0.208378,0.882828,0.258819,-0.391953,-25.701374,-0.236553,0.965926,0.105024,7.961644,0.000000,0.000000,0.000000,1.000000
000_right_arm_long_wrist_latest:1+robstride_02-No_back_cover:2+02-3D-20211009(1).stp:1+3_1_02_067_0020_ASM_1_ASM.stp:1+1_2_05_QT-647_1.stp:3,1_2_05_QT-647_1.stp,1_2_05_QT-647_1.stp~2,True,-0.994412,-0.000000,-0.105570,1.127631,-0.101973,0.258819,0.960528,-24.163433,0.027323,0.965926,-0.257373,7.549554,0.000000,0.000000,0.000000,1.000000
000_right_arm_long_wrist_latest:1+robstride_02-No_back_cover:2+02-3D-20211009(1).stp:1+3_1_02_067_0020_ASM_1_ASM.stp:1+1_1_31_PL674-504_1.stp:1,1_1_31_PL674-504_1.stp,1_1_31_PL674-504_1.stp~2,True,-0.570423,-0.821351,0.000000,-2.592478,-0.793364,0.550987,-0.258819,-21.973979,0.212581,-0.147636,-0.965926,7.480530,0.000000,0.000000,0.000000,1.000000
000_right_arm_long_wrist_latest:1+robstride_02-No_back_cover:2+02-3D-20211009(1).stp:1+3_1_02_067_0020_ASM_1_ASM.stp:1+1_2_04_670601_1.stp:1,1_2_04_670601_1.stp,1_2_04_670601_1.stp~2,True,-0.588632,-0.808401,-0.000000,0.000000,0.780855,-0.568575,0.258819,-25.077510,-0.209230,0.152349,0.965926,5.723928,0.000000,0.000000,0.000000,1.000000
000_right_arm_long_wrist_latest:1+robstride_02-No_back_cover:2+02-3D-20211009(1).stp:1+3_1_02_067_0020_ASM_1_ASM.stp:1+1_2_06_000392_1.stp:1,1_2_06_000392_1.stp,1_2_06_000392_1.stp~2,True,-0.588632,-0.808401,-0.000000,0.000000,0.780855,-0.568575,0.258819,-25.094075,-0.209230,0.152349,0.965926,5.662109,0.000000,0.000000,0.000000,1.000000
000_right_arm_long_wrist_latest:1+robstride_02-No_back_cover:2+02-3D-20211009(1).stp:1+3_1_02_067_0020_ASM_1_ASM.stp:1+1_2_05_QT-170_1.stp:1,1_2_05_QT-170_1.stp,1_2_05_QT-170_1.stp~2,True,0.588632,-0.808401,0.000000,0.174362,-0.780855,-0.568575,-0.258819,-26.093955,0.209230,0.152349,-0.965926,9.628670,0.000000,0.000000,0.000000,1.000000
000_right_arm_long_wrist_latest:1+robstride_02-No_back_cover:2+02-3D-20211009(1).stp:1+3_1_02_067_0020_ASM_1_ASM.stp:1+1_2_05_QT-170_1.stp:2,1_2_05_QT-170_1.stp,1_2_05_QT-170_1.stp~2,True,-0.808401,-0.588632,0.000000,-1.992432,-0.568575,0.780855,-0.258819,-24.337835,0.152349,-0.209230,-0.965926,9.158119,0.000000,0.000000,0.000000,1.000000
000_right_arm_long_wrist_latest:1+robstride_02-No_back_cover:2+02-3D-20211009(1).stp:1+3_1_02_067_0020_ASM_1_ASM.stp:1+1_2_05_QT-170_1.stp:3,1_2_05_QT-170_1.stp,1_2_05_QT-170_1.stp~2,True,-0.588632,0.808401,0.000000,-0.174362,0.780855,0.568575,-0.258819,-22.244873,-0.209230,-0.152349,-0.965926,8.597311,0.000000,0.000000,0.000000,1.000000
000_right_arm_long_wrist_latest:1+robstride_02-No_back_cover:2+02-3D-20211009(1).stp:1+3_1_02_067_0020_ASM_1_ASM.stp:1+1_2_05_QT-170_1.stp:4,1_2_05_QT-170_1.stp,1_2_05_QT-170_1.stp~2,True,0.808401,0.588632,0.000000,1.992432,0.568575,-0.780855,-0.258819,-24.000993,-0.152349,0.209230,-0.965926,9.067862,0.000000,0.000000,0.000000,1.000000
000_right_arm_long_wrist_latest:1+robstride_02-No_back_cover:2+02-3D-20211009(1).stp:1+3_1_02_067_0020_ASM_1_ASM.stp:1+1_2_05_030080_1.stp:1,1_2_05_030080_1.stp,1_2_05_030080_1.stp~2,True,0.588632,-0.000000,-0.808401,2.796062,-0.780855,0.258819,-0.568575,-26.580225,0.209230,0.965926,0.152349,9.180644,0.000000,0.000000,0.000000,1.000000
000_right_arm_long_wrist_latest:1+robstride_02-No_back_cover:2+Component21:1,Component21,Component21~2,True,-0.766044,0.642788,0.000000,0.000000,0.620885,0.739942,-0.258819,-25.038688,-0.166366,-0.198267,-0.965926,5.868817,0.000000,0.000000,0.000000,1.000000
000_right_arm_long_wrist_latest:1+bearings:1+bearing_35x44x5_6707_1.6kN_15g:1+half-bearing_35x44x5_6707_1.6kN_15g:1,half-bearing_35x44x5_6707_1.6kN_15g,half-bearing_35x44x5_6707_1.6kN_15g,True,-0.000000,-0.000000,1.000000,2.725000,-0.258819,0.965926,-0.000000,-17.300000,-0.965926,-0.258819,-0.000000,34.749999,0.000000,0.000000,0.000000,1.000000
000_right_arm_long_wrist_latest:1+bearings:1+bearing_35x44x5_6707_1.6kN_15g:1+half-bearing_35x44x5_6707_1.6kN_15g:2,half-bearing_35x44x5_6707_1.6kN_15g,half-bearing_35x44x5_6707_1.6kN_15g,True,-0.000000,-0.000000,1.000000,2.725000,-0.258819,0.965926,-0.000000,-17.300000,-0.965926,-0.258819,-0.000000,34.749999,0.000000,0.000000,0.000000,1.000000
000_right_arm_long_wrist_latest:1+bearings:1+bearing_35x44x5_6707_1.6kN_15g:2+half-bearing_35x44x5_6707_1.6kN_15g:1,half-bearing_35x44x5_6707_1.6kN_15g,half-bearing_35x44x5_6707_1.6kN_15g,True,-0.000000,-0.000000,1.000000,-2.725000,-0.258819,0.965926,0.000000,-17.300000,-0.965926,-0.258819,-0.000000,34.749999,0.000000,0.000000,0.000000,1.000000
000_right_arm_long_wrist_latest:1+bearings:1+bearing_35x44x5_6707_1.6kN_15g:2+half-bearing_35x44x5_6707_1.6kN_15g:2,half-bearing_35x44x5_6707_1.6kN_15g,half-bearing_35x44x5_6707_1.6kN_15g,True,-0.000000,-0.000000,1.000000,-2.725000,-0.258819,0.965926,-0.000000,-17.300000,-0.965926,-0.258819,-0.000000,34.749999,0.000000,0.000000,0.000000,1.000000
000_right_arm_long_wrist_latest:1+bearings:1+bearing_35x44x5_6707_1.6kN_15g:6+half-bearing_35x44x5_6707_1.6kN_15g:1,half-bearing_35x44x5_6707_1.6kN_15g,half-bearing_35x44x5_6707_1.6kN_15g,True,1.000000,0.000000,-0.000000,0.000000,0.000000,-0.965926,-0.258819,-20.794056,-0.000000,0.258819,-0.965926,21.710001,0.000000,0.000000,0.000000,1.000000
000_right_arm_long_wrist_latest:1+bearings:1+bearing_35x44x5_6707_1.6kN_15g:6+half-bearing_35x44x5_6707_1.6kN_15g:2,half-bearing_35x44x5_6707_1.6kN_15g,half-bearing_35x44x5_6707_1.6kN_15g,True,1.000000,0.000000,-0.000000,0.000000,0.000000,-0.965926,-0.258819,-20.794056,-0.000000,0.258819,-0.965926,21.710001,0.000000,0.000000,0.000000,1.000000
000_right_arm_long_wrist_latest:1+bearings:1+bearing_35x44x5_6707_1.6kN_15g:3+half-bearing_35x44x5_6707_1.6kN_15g:1,half-bearing_35x44x5_6707_1.6kN_15g,half-bearing_35x44x5_6707_1.6kN_15g,True,1.000000,0.000000,0.000000,0.000000,0.000000,0.258819,-0.965926,-20.025405,-0.000000,0.965926,0.258819,14.050053,0.000000,0.000000,0.000000,1.000000
000_right_arm_long_wrist_latest:1+bearings:1+bearing_35x44x5_6707_1.6kN_15g:3+half-bearing_35x44x5_6707_1.6kN_15g:2,half-bearing_35x44x5_6707_1.6kN_15g,half-bearing_35x44x5_6707_1.6kN_15g,True,1.000000,0.000000,0.000000,0.000000,0.000000,0.258819,-0.965926,-20.025405,-0.000000,0.965926,0.258819,14.050053,0.000000,0.000000,0.000000,1.000000
000_right_arm_long_wrist_latest:1+bearings:1+bearing_35x44x5_6707_1.6kN_15g:4+half-bearing_35x44x5_6707_1.6kN_15g:1,half-bearing_35x44x5_6707_1.6kN_15g,half-bearing_35x44x5_6707_1.6kN_15g,True,1.000000,0.000000,0.000000,0.000000,0.000000,0.258819,-0.965926,-25.289701,-0.000000,0.965926,0.258819,15.460616,0.000000,0.000000,0.000000,1.000000
000_right_arm_long_wrist_latest:1+bearings:1+bearing_35x44x5_6707_1.6kN_15g:4+half-bearing_35x44x5_6707_1.6kN_15g:2,half-bearing_35x44x5_6707_1.6kN_15g,half-bearing_35x44x5_6707_1.6kN_15g,True,1.000000,0.000000,0.000000,0.000000,0.000000,0.258819,-0.965926,-25.289701,-0.000000,0.965926,0.258819,15.460616,0.000000,0.000000,0.000000,1.000000
000_right_arm_long_wrist_latest:1+bearings:1+bearing_35x44x5_6707_1.6kN_15g:5+half-bearing_35x44x5_6707_1.6kN_15g:1,half-bearing_35x44x5_6707_1.6kN_15g,half-bearing_35x44x5_6707_1.6kN_15g,True,-0.808401,0.588632,-0.000000,0.000000,-0.568575,-0.780855,0.258819,-26.151609,0.152349,0.209230,0.965926,1.715336,0.000000,0.000000,0.000000,1.000000
000_right_arm_long_wrist_latest:1+bearings:1+bearing_35x44x5_6707_1.6kN_15g:5+half-bearing_35x44x5_6707_1.6kN_15g:2,half-bearing_35x44x5_6707_1.6kN_15g,half-bearing_35x44x5_6707_1.6kN_15g,True,-0.808401,0.588632,-0.000000,0.000000,-0.568575,-0.780855,0.258819,-26.151609,0.152349,0.209230,0.965926,1.715336,0.000000,0.000000,0.000000,1.000000
000_right_arm_long_wrist_latest:1+001_right_wrist_long_latest:1+3DP_arm11_x2_wrist_roll:1,3DP_arm11_x2_wrist_roll,3DP_arm11_x2_wrist_roll~2,True,-1.000000,0.000000,-0.000000,0.000000,-0.000000,-0.965926,0.258819,-25.142215,0.000000,0.258819,0.965926,5.482446,0.000000,0.000000,0.000000,1.000000
000_right_arm_long_wrist_latest:1+001_right_wrist_long_latest:1+robstride00:3+FL57BLW12-24V-10N.m-DE.stp:1+1_1_30_GR-2087_ASM.stp:1+XXL-15547_ASM.stp:1+1_21_121000022__SGQZC619-4_4-.stp:1,1_21_121000022__SGQZC619-4_4-.stp,1_21_121000022__SGQZC619-4_4-.stp,True,0.000000,-0.707107,0.707107,-0.000000,-0.965926,-0.183013,-0.183013,-26.485784,0.258819,-0.683013,-0.683013,-3.009157,0.000000,0.000000,0.000000,1.000000
000_right_arm_long_wrist_latest:1+001_right_wrist_long_latest:1+robstride00:3+FL57BLW12-24V-10N.m-DE.stp:1+1_1_30_GR-2087_ASM.stp:1+XXL-15547_ASM.stp:1+SGQZC__35.stp:1,SGQZC__35.stp,SGQZC__35.stp,True,0.000000,-0.707107,0.707107,-0.000000,-0.965926,-0.183013,-0.183013,-26.398710,0.258819,-0.683013,-0.683013,-3.032488,0.000000,0.000000,0.000000,1.000000
000_right_arm_long_wrist_latest:1+001_right_wrist_long_latest:1+robstride00:3+FL57BLW12-24V-10N.m-DE.stp:1+10NM_PCB_2024-10-30_ASM_ASM_ASM.stp:1+10NM_PCB_2024-10-30_ASM_ASM_1_ASM.stp:1+10NM_PCB_2024-10-30_ASM_1_ASM_1_ASM.stp:1+10NM_PCB_2024-10-30_1_ASM_1_ASM_ASM.stp:1+VHZD-CN2_3D_KMMV03_2024-10-21_3_ASM.stp:1+CON_P4_11_438X3_2_HD_VHZD-CN2_2_ASM.stp:1+SOLID-17_CON_P4_11_438X3_2_HD_2.stp:1,SOLID-17_CON_P4_11_438X3_2_HD_2.stp,SOLID-17_CON_P4_11_438X3_2_HD_2.stp,True,0.707107,-0.000000,0.707107,1.357027,-0.183013,0.965926,0.183013,-30.055017,-0.683013,-0.258819,0.683013,-0.763597,0.000000,0.000000,0.000000,1.000000
000_right_arm_long_wrist_latest:1+001_right_wrist_long_latest:1+robstride00:3+FL57BLW12-24V-10N.m-DE.stp:1+10NM_PCB_2024-10-30_ASM_ASM_ASM.stp:1+10NM_PCB_2024-10-30_ASM_ASM_1_ASM.stp:1+10NM_PCB_2024-10-30_ASM_1_ASM_1_ASM.stp:1+10NM_PCB_2024-10-30_1_ASM_1_ASM_ASM.stp:1+VHZD-CN1_3D_KMMV03_2024-10-21_3_ASM.stp:1+CON_P4_11_438X3_2_HD_STEP_ASM_2_ASM.stp:1+SOLID-17_CON_P4_11_438X3_2_HD_3.stp:1,SOLID-17_CON_P4_11_438X3_2_HD_3.stp,SOLID-17_CON_P4_11_438X3_2_HD_3.stp,True,-0.707107,-0.000000,-0.707107,-1.348463,0.183013,0.965926,-0.183013,-30.698248,0.683013,-0.258819,-0.683013,-3.164167,0.000000,0.000000,0.000000,1.000000
000_right_arm_long_wrist_latest:1+001_right_wrist_long_latest:1+robstride00:3+FL57BLW12-24V-10N.m-DE.stp:1+10NM_PCB_2024-10-30_ASM_ASM_ASM.stp:1+10NM_PCB_2024-10-30_ASM_ASM_1_ASM.stp:1+10NM_PCB_2024-10-30_ASM_1_ASM_1_ASM.stp:1+10NM_PCB_2024-10-30_1_ASM_1_ASM_ASM.stp:1+BOARD_3D_KMMV03_2024-10-21_2__2.stp:1,BOARD_3D_KMMV03_2024-10-21_2__2.stp,BOARD_3D_KMMV03_2024-10-21_2__2.stp,True,0.707107,0.707107,0.000000,0.000000,-0.183013,0.183013,-0.965926,-30.301191,-0.683013,0.683013,0.258819,-1.986822,0.000000,0.000000,0.000000,1.000000
000_right_arm_long_wrist_latest:1+001_right_wrist_long_latest:1+robstride00:3+FL57BLW12-24V-10N.m-DE.stp:1+1_1_06_EB573-643.stp:1,1_1_06_EB573-643.stp,1_1_06_EB573-643.stp,True,-0.707107,0.707107,0.000000,-0.000000,-0.183013,-0.183013,-0.965926,-26.534080,-0.683013,-0.683013,0.258819,-2.996216,0.000000,0.000000,0.000000,1.000000
000_right_arm_long_wrist_latest:1+001_right_wrist_long_latest:1+robstride00:3+FL57BLW12-24V-10N.m-DE.stp:1+1_1_04_EB572-5105.stp:1,1_1_04_EB572-5105.stp,1_1_04_EB572-5105.stp,True,-0.707107,-0.707107,-0.000000,0.000000,-0.183013,0.183013,0.965926,-29.963117,-0.683013,0.683013,-0.258819,-2.077408,0.000000,0.000000,0.000000,1.000000
000_right_arm_long_wrist_latest:1+001_right_wrist_long_latest:1+robstride00:3+FL57BLW12-24V-10N.m-DE.stp:1+1_2_04_000306.stp:1,1_2_04_000306.stp,1_2_04_000306.stp,True,0.707107,0.000000,0.707107,-1.011163,0.183013,-0.965926,-0.183013,-29.266743,0.683013,0.258819,-0.683013,-1.217169,0.000000,0.000000,0.000000,1.000000
000_right_arm_long_wrist_latest:1+001_right_wrist_long_latest:1+robstride00:3+FL57BLW12-24V-10N.m-DE.stp:1+1_1_02_EB571-960.stp:1,1_1_02_EB571-960.stp,1_1_02_EB571-960.stp,True,0.707107,0.000000,0.707107,-0.000000,0.183013,-0.965926,-0.183013,-26.051118,0.683013,0.258819,-0.683013,-3.125625,0.000000,0.000000,0.000000,1.000000
000_right_arm_long_wrist_latest:1+001_right_wrist_long_latest:1+robstride00:3+FL57BLW12-24V-10N.m-DE.stp:1+1_2_05_020068.stp:1,1_2_05_020068.stp,1_2_05_020068.stp,True,-0.000000,-0.707107,0.707107,-1.852620,0.965926,0.183013,0.183013,-29.193846,-0.258819,0.683013,0.683013,-0.365561,0.000000,0.000000,0.000000,1.000000
000_right_arm_long_wrist_latest:1+001_right_wrist_long_latest:1+robstride00:3+FL57BLW12-24V-10N.m-DE.stp:1+1_1_14_PL574-570.stp:1,1_1_14_PL574-570.stp,1_1_14_PL574-570.stp,True,-0.707107,0.707107,0.000000,0.000000,-0.183013,-0.183013,-0.965926,-27.780125,-0.683013,-0.683013,0.258819,-2.662339,0.000000,0.000000,0.000000,1.000000
000_right_arm_long_wrist_latest:1+001_right_wrist_long_latest:1+robstride00:3+FL57BLW12-24V-10N.m-DE.stp:1+1_2_05_025121.stp:1,1_2_05_025121.stp,1_2_05_025121.stp,True,-0.000000,0.707107,0.707107,0.000000,0.965926,0.183013,-0.183013,-29.737795,-0.258819,0.683013,-0.683013,0.502171,0.000000,0.000000,0.000000,1.000000
000_right_arm_long_wrist_latest:1+001_right_wrist_long_latest:1+robstride00:3+FL57BLW12-24V-10N.m-DE.stp:1+1_2_05_000314.stp:1,1_2_05_000314.stp,1_2_05_000314.stp,True,-0.707107,-0.000000,0.707107,1.767767,-0.183013,0.965926,-0.183013,-26.800993,-0.683013,-0.258819,-0.683013,-1.094570,0.000000,0.000000,0.000000,1.000000
000_right_arm_long_wrist_latest:1+001_right_wrist_long_latest:1+robstride00:3+FL57BLW12-24V-10N.m-DE.stp:1+1_2_05_020068.stp:2,1_2_05_020068.stp,1_2_05_020068.stp,True,-0.000000,-0.707107,0.707107,0.678106,0.965926,0.183013,0.183013,-29.018340,-0.258819,0.683013,0.683013,0.289439,0.000000,0.000000,0.000000,1.000000
000_right_arm_long_wrist_latest:1+001_right_wrist_long_latest:1+robstride00:3+FL57BLW12-24V-10N.m-DE.stp:1+1_2_05_020068.stp:3,1_2_05_020068.stp,1_2_05_020068.stp,True,-0.000000,-0.707107,0.707107,2.530726,0.965926,0.183013,0.183013,-29.497833,-0.258819,0.683013,0.683013,-1.500054,0.000000,0.000000,0.000000,1.000000
000_right_arm_long_wrist_latest:1+001_right_wrist_long_latest:1+robstride00:3+FL57BLW12-24V-10N.m-DE.stp:1+1_2_05_020068.stp:4,1_2_05_020068.stp,1_2_05_020068.stp,True,-0.000000,-0.707107,0.707107,2.530726,0.965926,0.183013,0.183013,-29.848846,-0.258819,0.683013,0.683013,-2.810054,0.000000,0.000000,0.000000,1.000000
000_right_arm_long_wrist_latest:1+001_right_wrist_long_latest:1+robstride00:3+FL57BLW12-24V-10N.m-DE.stp:1+1_2_05_020068.stp:5,1_2_05_020068.stp,1_2_05_020068.stp,True,-0.000000,-0.707107,0.707107,0.678106,0.965926,0.183013,0.183013,-30.328339,-0.258819,0.683013,0.683013,-4.599547,0.000000,0.000000,0.000000,1.000000
000_right_arm_long_wrist_latest:1+001_right_wrist_long_latest:1+robstride00:3+FL57BLW12-24V-10N.m-DE.stp:1+1_2_05_020068.stp:6,1_2_05_020068.stp,1_2_05_020068.stp,True,-0.000000,-0.707107,0.707107,-0.678106,0.965926,0.183013,0.183013,-30.328339,-0.258819,0.683013,0.683013,-4.599547,0.000000,0.000000,0.000000,1.000000
000_right_arm_long_wrist_latest:1+001_right_wrist_long_latest:1+robstride00:3+FL57BLW12-24V-10N.m-DE.stp:1+1_2_05_020068.stp:7,1_2_05_020068.stp,1_2_05_020068.stp,True,-0.000000,-0.707107,0.707107,-2.530726,0.965926,0.183013,0.183013,-29.848846,-0.258819,0.683013,0.683013,-2.810054,0.000000,0.000000,0.000000,1.000000
000_right_arm_long_wrist_latest:1+001_right_wrist_long_latest:1+robstride00:3+FL57BLW12-24V-10N.m-DE.stp:1+1_2_05_025121.stp:2,1_2_05_025121.stp,1_2_05_025121.stp,True,-0.000000,0.707107,0.707107,-2.550000,0.965926,0.183013,-0.183013,-30.397784,-0.258819,0.683013,-0.683013,-1.960940,0.000000,0.000000,0.000000,1.000000
000_right_arm_long_wrist_latest:1+001_right_wrist_long_latest:1+robstride00:3+FL57BLW12-24V-10N.m-DE.stp:1+1_2_05_025121.stp:3,1_2_05_025121.stp,1_2_05_025121.stp,True,-0.000000,0.707107,0.707107,0.000000,0.965926,0.183013,-0.183013,-31.057772,-0.258819,0.683013,-0.683013,-4.424051,0.000000,0.000000,0.000000,1.000000
000_right_arm_long_wrist_latest:1+001_right_wrist_long_latest:1+robstride00:3+FL57BLW12-24V-10N.m-DE.stp:1+1_2_05_025121.stp:4,1_2_05_025121.stp,1_2_05_025121.stp,True,-0.000000,0.707107,0.707107,2.550000,0.965926,0.183013,-0.183013,-30.397784,-0.258819,0.683013,-0.683013,-1.960940,0.000000,0.000000,0.000000,1.000000
000_right_arm_long_wrist_latest:1+001_right_wrist_long_latest:1+robstride00:3+back_lid_1_1_06_EB573-642.stp:1,back_lid_1_1_06_EB573-642.stp,back_lid_1_1_06_EB573-642.stp,True,1.000000,-0.000000,0.000000,0.000000,0.000000,0.258819,-0.965926,-29.963117,-0.000000,0.965926,0.258819,-2.077408,0.000000,0.000000,0.000000,1.000000
000_right_arm_long_wrist_latest:1+001_right_wrist_long_latest:1+robstride00:3+CORE:1,CORE,CORE~3,True,-0.707107,-0.707107,-0.000000,-0.000000,-0.183013,0.183013,0.965926,-26.051118,-0.683013,0.683013,-0.258819,-3.125625,0.000000,0.000000,0.000000,1.000000
000_right_arm_long_wrist_latest:1+001_right_wrist_long_latest:1+robstride00:3+OUTPUT-SHAFT.stp:1,OUTPUT-SHAFT.stp,OUTPUT-SHAFT.stp,True,0.000000,-0.707107,0.707107,-0.000000,-0.965926,-0.183013,-0.183013,-25.954525,0.258819,-0.683013,-0.683013,-3.151507,0.000000,0.000000,0.000000,1.000000
000_right_arm_long_wrist_latest:1+001_right_wrist_long_latest:1+wrist_3-right:1+robstride05:1+FL46BLW10-48V-5N.m-DE(2)^FL46BLW10-48V-5N.m-DE:1+1_1_06_EB463-507^FL46BLW10-48V-5N.m-DE(2)_FL46BLW10-48V-5N.m-DE:1,1_1_06_EB463-507^FL46BLW10-48V-5N.m-DE(2)_FL46BLW10-48V-5N.m-DE,1_1_06_EB463-507_FL46BLW10-48V-5N.m-DE_2__FL46BLW10-48V-5N.m-DE,True,0.000000,0.000000,-1.000000,2.400000,-0.866025,-0.500000,-0.000000,-29.011559,-0.500000,0.866025,0.000000,-8.958146,0.000000,0.000000,0.000000,1.000000
000_right_arm_long_wrist_latest:1+001_right_wrist_long_latest:1+wrist_3-right:1+robstride05:1+FL46BLW10-48V-5N.m-DE(2)^FL46BLW10-48V-5N.m-DE:1+1_1_02_EB461-502^FL46BLW10-48V-5N.m-DE(2)_FL46BLW10-48V-5N.m-DE:1,1_1_02_EB461-502^FL46BLW10-48V-5N.m-DE(2)_FL46BLW10-48V-5N.m-DE,1_1_02_EB461-502_FL46BLW10-48V-5N.m-DE_2__FL46BLW10-48V-5N.m-DE,True,0.000000,0.000000,-1.000000,0.600000,-0.991445,-0.130526,-0.000000,-29.011559,-0.130526,0.991445,0.000000,-8.958146,0.000000,0.000000,0.000000,1.000000
000_right_arm_long_wrist_latest:1+001_right_wrist_long_latest:1+wrist_3-right:1+robstride05:1+FL46BLW10-48V-5N.m-DE(2)^FL46BLW10-48V-5N.m-DE:1+1_2_05_000438^FL46BLW10-48V-5N.m-DE(2)_FL46BLW10-48V-5N.m-DE:1,1_2_05_000438^FL46BLW10-48V-5N.m-DE(2)_FL46BLW10-48V-5N.m-DE,1_2_05_000438_FL46BLW10-48V-5N.m-DE_2__FL46BLW10-48V-5N.m-DE,True,-0.000000,-0.000000,-1.000000,0.350000,0.866025,0.500000,-0.000000,-30.816507,0.500000,-0.866025,0.000000,-10.000234,0.000000,0.000000,0.000000,1.000000
000_right_arm_long_wrist_latest:1+001_right_wrist_long_latest:1+wrist_3-right:1+robstride05:1+FL46BLW10-48V-5N.m-DE(2)^FL46BLW10-48V-5N.m-DE:1+1_2_16_001425^FL46BLW10-48V-5N.m-DE(2)_FL46BLW10-48V-5N.m-DE:1,1_2_16_001425^FL46BLW10-48V-5N.m-DE(2)_FL46BLW10-48V-5N.m-DE,1_2_16_001425_FL46BLW10-48V-5N.m-DE_2__FL46BLW10-48V-5N.m-DE,True,-0.000000,-0.000000,1.000000,3.410000,-0.258798,0.965931,0.000000,-31.050093,-0.965931,-0.258798,-0.000000,-6.134364,0.000000,0.000000,0.000000,1.000000
000_right_arm_long_wrist_latest:1+001_right_wrist_long_latest:1+wrist_3-right:1+robstride05:1+FL46BLW10-48V-5N.m-DE(2)^FL46BLW10-48V-5N.m-DE:1+1_1_06_EB463-509^FL46BLW10-48V-5N.m-DE(2)_FL46BLW10-48V-5N.m-DE:1,1_1_06_EB463-509^FL46BLW10-48V-5N.m-DE(2)_FL46BLW10-48V-5N.m-DE,1_1_06_EB463-509_FL46BLW10-48V-5N.m-DE_2__FL46BLW10-48V-5N.m-DE,True,-0.000000,0.000000,-1.000000,3.750000,-0.258819,-0.965926,-0.000000,-29.011559,-0.965926,0.258819,0.000000,-8.958146,0.000000,0.000000,0.000000,1.000000
000_right_arm_long_wrist_latest:1+001_right_wrist_long_latest:1+wrist_3-right:1+robstride05:1+FL46BLW10-48V-5N.m-DE(2)^FL46BLW10-48V-5N.m-DE:1+1_2_05_020051^FL46BLW10-48V-5N.m-DE(2)_FL46BLW10-48V-5N.m-DE:1,1_2_05_020051^FL46BLW10-48V-5N.m-DE(2)_FL46BLW10-48V-5N.m-DE,1_2_05_020051_FL46BLW10-48V-5N.m-DE_2__FL46BLW10-48V-5N.m-DE,True,0.000000,0.000000,-1.000000,2.910000,-0.866025,-0.500000,-0.000000,-30.613706,-0.500000,0.866025,0.000000,-9.883147,0.000000,0.000000,0.000000,1.000000
000_right_arm_long_wrist_latest:1+001_right_wrist_long_latest:1+wrist_3-right:1+robstride05:1+FL46BLW10-48V-5N.m-DE(2)^FL46BLW10-48V-5N.m-DE:1+1_2_05_000608^FL46BLW10-48V-5N.m-DE(2)_FL46BLW10-48V-5N.m-DE:1,1_2_05_000608^FL46BLW10-48V-5N.m-DE(2)_FL46BLW10-48V-5N.m-DE,1_2_05_000608_FL46BLW10-48V-5N.m-DE_2__FL46BLW10-48V-5N.m-DE,True,-1.000000,0.000000,0.000000,3.137822,-0.000000,-0.866025,-0.500000,-29.802790,0.000000,-0.500000,0.866025,-10.822169,0.000000,0.000000,0.000000,1.000000
000_right_arm_long_wrist_latest:1+001_right_wrist_long_latest:1+wrist_3-right:1+robstride05:1+FL46BLW10-48V-5N.m-DE(2)^FL46BLW10-48V-5N.m-DE:1+1_1_31_EB463-510^FL46BLW10-48V-5N.m-DE(2)_FL46BLW10-48V-5N.m-DE:1,1_1_31_EB463-510^FL46BLW10-48V-5N.m-DE(2)_FL46BLW10-48V-5N.m-DE,1_1_31_EB463-510_FL46BLW10-48V-5N.m-DE_2__FL46BLW10-48V-5N.m-DE,True,0.000000,0.000000,-1.000000,-0.400000,-0.991445,-0.130526,-0.000000,-29.011559,-0.130526,0.991445,0.000000,-8.958146,0.000000,0.000000,0.000000,1.000000
000_right_arm_long_wrist_latest:1+001_right_wrist_long_latest:1+wrist_3-right:1+robstride05:1+FL46BLW10-48V-5N.m-DE(2)^FL46BLW10-48V-5N.m-DE:1+1_2_05_000555^FL46BLW10-48V-5N.m-DE(2)_FL46BLW10-48V-5N.m-DE:1,1_2_05_000555^FL46BLW10-48V-5N.m-DE(2)_FL46BLW10-48V-5N.m-DE,1_2_05_000555_FL46BLW10-48V-5N.m-DE_2__FL46BLW10-48V-5N.m-DE,True,1.000000,-0.000000,0.000000,-0.333000,0.000000,0.866025,-0.500000,-29.548609,-0.000000,0.500000,0.866025,-10.962443,0.000000,0.000000,0.000000,1.000000
000_right_arm_long_wrist_latest:1+001_right_wrist_long_latest:1+wrist_3-right:1+robstride05:1+FL46BLW10-48V-5N.m-DE(2)^FL46BLW10-48V-5N.m-DE:1+1_2_05_000438^FL46BLW10-48V-5N.m-DE(2)_FL46BLW10-48V-5N.m-DE:2,1_2_05_000438^FL46BLW10-48V-5N.m-DE(2)_FL46BLW10-48V-5N.m-DE,1_2_05_000438_FL46BLW10-48V-5N.m-DE_2__FL46BLW10-48V-5N.m-DE,True,-0.000000,0.000000,-1.000000,0.350000,0.965926,-0.258819,-0.000000,-31.024718,-0.258819,-0.965926,0.000000,-8.418722,0.000000,0.000000,0.000000,1.000000
000_right_arm_long_wrist_latest:1+001_right_wrist_long_latest:1+wrist_3-right:1+robstride05:1+FL46BLW10-48V-5N.m-DE(2)^FL46BLW10-48V-5N.m-DE:1+1_2_05_000438^FL46BLW10-48V-5N.m-DE(2)_FL46BLW10-48V-5N.m-DE:3,1_2_05_000438^FL46BLW10-48V-5N.m-DE(2)_FL46BLW10-48V-5N.m-DE,1_2_05_000438_FL46BLW10-48V-5N.m-DE_2__FL46BLW10-48V-5N.m-DE,True,-0.000000,0.000000,-1.000000,0.350000,0.500000,-0.866025,-0.000000,-30.053647,-0.866025,-0.500000,0.000000,-7.153198,0.000000,0.000000,0.000000,1.000000
000_right_arm_long_wrist_latest:1+001_right_wrist_long_latest:1+wrist_3-right:1+robstride05:1+FL46BLW10-48V-5N.m-DE(2)^FL46BLW10-48V-5N.m-DE:1+1_2_05_000438^FL46BLW10-48V-5N.m-DE(2)_FL46BLW10-48V-5N.m-DE:4,1_2_05_000438^FL46BLW10-48V-5N.m-DE(2)_FL46BLW10-48V-5N.m-DE,1_2_05_000438_FL46BLW10-48V-5N.m-DE_2__FL46BLW10-48V-5N.m-DE,True,0.000000,0.000000,-1.000000,0.350000,-0.258819,-0.965926,-0.000000,-28.472135,-0.965926,0.258819,0.000000,-6.944988,0.000000,0.000000,0.000000,1.000000
000_right_arm_long_wrist_latest:1+001_right_wrist_long_latest:1+wrist_3-right:1+robstride05:1+FL46BLW10-48V-5N.m-DE(2)^FL46BLW10-48V-5N.m-DE:1+1_2_05_000438^FL46BLW10-48V-5N.m-DE(2)_FL46BLW10-48V-5N.m-DE:5,1_2_05_000438^FL46BLW10-48V-5N.m-DE(2)_FL46BLW10-48V-5N.m-DE,1_2_05_000438_FL46BLW10-48V-5N.m-DE_2__FL46BLW10-48V-5N.m-DE,True,0.000000,0.000000,-1.000000,0.350000,-0.866025,-0.500000,-0.000000,-27.206611,-0.500000,0.866025,0.000000,-7.916059,0.000000,0.000000,0.000000,1.000000
000_right_arm_long_wrist_latest:1+001_right_wrist_long_latest:1+wrist_3-right:1+robstride05:1+FL46BLW10-48V-5N.m-DE(2)^FL46BLW10-48V-5N.m-DE:1+1_2_05_000438^FL46BLW10-48V-5N.m-DE(2)_FL46BLW10-48V-5N.m-DE:6,1_2_05_000438^FL46BLW10-48V-5N.m-DE(2)_FL46BLW10-48V-5N.m-DE,1_2_05_000438_FL46BLW10-48V-5N.m-DE_2__FL46BLW10-48V-5N.m-DE,True,0.000000,-0.000000,-1.000000,0.350000,-0.965926,0.258819,-0.000000,-26.998401,0.258819,0.965926,0.000000,-9.497570,0.000000,0.000000,0.000000,1.000000
000_right_arm_long_wrist_latest:1+001_right_wrist_long_latest:1+wrist_3-right:1+robstride05:1+FL46BLW10-48V-5N.m-DE(2)^FL46BLW10-48V-5N.m-DE:1+1_2_05_000438^FL46BLW10-48V-5N.m-DE(2)_FL46BLW10-48V-5N.m-DE:7,1_2_05_000438^FL46BLW10-48V-5N.m-DE(2)_FL46BLW10-48V-5N.m-DE,1_2_05_000438_FL46BLW10-48V-5N.m-DE_2__FL46BLW10-48V-5N.m-DE,True,0.000000,-0.000000,-1.000000,0.350000,-0.500000,0.866025,-0.000000,-27.969472,0.866025,0.500000,0.000000,-10.763095,0.000000,0.000000,0.000000,1.000000
000_right_arm_long_wrist_latest:1+001_right_wrist_long_latest:1+wrist_3-right:1+robstride05:1+FL46BLW10-48V-5N.m-DE(2)^FL46BLW10-48V-5N.m-DE:1+1_2_05_000438^FL46BLW10-48V-5N.m-DE(2)_FL46BLW10-48V-5N.m-DE:8,1_2_05_000438^FL46BLW10-48V-5N.m-DE(2)_FL46BLW10-48V-5N.m-DE,1_2_05_000438_FL46BLW10-48V-5N.m-DE_2__FL46BLW10-48V-5N.m-DE,True,-0.000000,-0.000000,-1.000000,0.350000,0.258819,0.965926,-0.000000,-29.550983,0.965926,-0.258819,0.000000,-10.971305,0.000000,0.000000,0.000000,1.000000
000_right_arm_long_wrist_latest:1+001_right_wrist_long_latest:1+wrist_3-right:1+robstride05:1+FL46BLW10-48V-5N.m-DE(2)^FL46BLW10-48V-5N.m-DE:1+1_2_05_020051^FL46BLW10-48V-5N.m-DE(2)_FL46BLW10-48V-5N.m-DE:2,1_2_05_020051^FL46BLW10-48V-5N.m-DE(2)_FL46BLW10-48V-5N.m-DE,1_2_05_020051_FL46BLW10-48V-5N.m-DE_2__FL46BLW10-48V-5N.m-DE,True,-0.000000,0.000000,-1.000000,2.910000,-0.173648,0.984808,0.000000,-29.332809,0.984808,0.173648,-0.000000,-7.136252,0.000000,0.000000,0.000000,1.000000
000_right_arm_long_wrist_latest:1+001_right_wrist_long_latest:1+wrist_3-right:1+robstride05:1+FL46BLW10-48V-5N.m-DE(2)^FL46BLW10-48V-5N.m-DE:1+1_2_05_020051^FL46BLW10-48V-5N.m-DE(2)_FL46BLW10-48V-5N.m-DE:3,1_2_05_020051^FL46BLW10-48V-5N.m-DE(2)_FL46BLW10-48V-5N.m-DE,1_2_05_020051_FL46BLW10-48V-5N.m-DE_2__FL46BLW10-48V-5N.m-DE,True,-0.000000,0.000000,-1.000000,2.910000,0.173648,-0.984808,-0.000000,-28.690310,-0.984808,-0.173648,0.000000,-10.780041,0.000000,0.000000,0.000000,1.000000
000_right_arm_long_wrist_latest:1+001_right_wrist_long_latest:1+wrist_3-right:1+robstride05:1+FL46BLW10-48V-5N.m-DE(2)^FL46BLW10-48V-5N.m-DE:1+1_2_05_000608^FL46BLW10-48V-5N.m-DE(2)_FL46BLW10-48V-5N.m-DE:2,1_2_05_000608^FL46BLW10-48V-5N.m-DE(2)_FL46BLW10-48V-5N.m-DE,1_2_05_000608_FL46BLW10-48V-5N.m-DE_2__FL46BLW10-48V-5N.m-DE,True,-1.000000,0.000000,-0.000000,3.137822,-0.000000,-0.500000,0.866025,-30.875582,0.000000,0.866025,0.500000,-8.166916,0.000000,0.000000,0.000000,1.000000
000_right_arm_long_wrist_latest:1+001_right_wrist_long_latest:1+wrist_3-right:1+robstride05:1+FL46BLW10-48V-5N.m-DE(2)^FL46BLW10-48V-5N.m-DE:1+1_2_05_000608^FL46BLW10-48V-5N.m-DE(2)_FL46BLW10-48V-5N.m-DE:3,1_2_05_000608^FL46BLW10-48V-5N.m-DE(2)_FL46BLW10-48V-5N.m-DE,1_2_05_000608_FL46BLW10-48V-5N.m-DE_2__FL46BLW10-48V-5N.m-DE,True,-1.000000,-0.000000,-0.000000,3.137822,-0.000000,0.866025,0.500000,-28.220329,0.000000,0.500000,-0.866025,-7.094124,0.000000,0.000000,0.000000,1.000000
000_right_arm_long_wrist_latest:1+001_right_wrist_long_latest:1+wrist_3-right:1+robstride05:1+FL46BLW10-48V-5N.m-DE(2)^FL46BLW10-48V-5N.m-DE:1+1_2_05_000608^FL46BLW10-48V-5N.m-DE(2)_FL46BLW10-48V-5N.m-DE:4,1_2_05_000608^FL46BLW10-48V-5N.m-DE(2)_FL46BLW10-48V-5N.m-DE,1_2_05_000608_FL46BLW10-48V-5N.m-DE_2__FL46BLW10-48V-5N.m-DE,True,-1.000000,-0.000000,0.000000,3.137822,-0.000000,0.500000,-0.866025,-27.147537,0.000000,-0.866025,-0.500000,-9.749377,0.000000,0.000000,0.000000,1.000000
000_right_arm_long_wrist_latest:1+001_right_wrist_long_latest:1+wrist_3-right:1+robstride05:1+FL46BLW10-48V-5N.m-DE(2)^FL46BLW10-48V-5N.m-DE:1+1_2_05_000555^FL46BLW10-48V-5N.m-DE(2)_FL46BLW10-48V-5N.m-DE:2,1_2_05_000555^FL46BLW10-48V-5N.m-DE(2)_FL46BLW10-48V-5N.m-DE,1_2_05_000555_FL46BLW10-48V-5N.m-DE_2__FL46BLW10-48V-5N.m-DE,True,1.000000,-0.000000,-0.000000,-0.333000,0.000000,0.965926,0.258819,-30.808562,-0.000000,-0.258819,0.965926,-9.995647,0.000000,0.000000,0.000000,1.000000
000_right_arm_long_wrist_latest:1+001_right_wrist_long_latest:1+wrist_3-right:1+robstride05:1+FL46BLW10-48V-5N.m-DE(2)^FL46BLW10-48V-5N.m-DE:1+1_2_05_000555^FL46BLW10-48V-5N.m-DE(2)_FL46BLW10-48V-5N.m-DE:3,1_2_05_000555^FL46BLW10-48V-5N.m-DE(2)_FL46BLW10-48V-5N.m-DE,1_2_05_000555_FL46BLW10-48V-5N.m-DE_2__FL46BLW10-48V-5N.m-DE,True,1.000000,-0.000000,-0.000000,-0.333000,0.000000,0.500000,0.866025,-31.015855,-0.000000,-0.866025,0.500000,-8.421097,0.000000,0.000000,0.000000,1.000000
000_right_arm_long_wrist_latest:1+001_right_wrist_long_latest:1+wrist_3-right:1+robstride05:1+FL46BLW10-48V-5N.m-DE(2)^FL46BLW10-48V-5N.m-DE:1+1_2_05_000555^FL46BLW10-48V-5N.m-DE(2)_FL46BLW10-48V-5N.m-DE:4,1_2_05_000555^FL46BLW10-48V-5N.m-DE(2)_FL46BLW10-48V-5N.m-DE,1_2_05_000555_FL46BLW10-48V-5N.m-DE_2__FL46BLW10-48V-5N.m-DE,True,1.000000,0.000000,-0.000000,-0.333000,0.000000,-0.258819,0.965926,-30.049059,-0.000000,-0.965926,-0.258819,-7.161144,0.000000,0.000000,0.000000,1.000000
000_right_arm_long_wrist_latest:1+001_right_wrist_long_latest:1+wrist_3-right:1+robstride05:1+FL46BLW10-48V-5N.m-DE(2)^FL46BLW10-48V-5N.m-DE:1+1_2_05_000555^FL46BLW10-48V-5N.m-DE(2)_FL46BLW10-48V-5N.m-DE:5,1_2_05_000555^FL46BLW10-48V-5N.m-DE(2)_FL46BLW10-48V-5N.m-DE,1_2_05_000555_FL46BLW10-48V-5N.m-DE_2__FL46BLW10-48V-5N.m-DE,True,1.000000,0.000000,-0.000000,-0.333000,0.000000,-0.866025,0.500000,-28.474510,-0.000000,-0.500000,-0.866025,-6.953850,0.000000,0.000000,0.000000,1.000000
000_right_arm_long_wrist_latest:1+001_right_wrist_long_latest:1+wrist_3-right:1+robstride05:1+FL46BLW10-48V-5N.m-DE(2)^FL46BLW10-48V-5N.m-DE:1+1_2_05_000555^FL46BLW10-48V-5N.m-DE(2)_FL46BLW10-48V-5N.m-DE:6,1_2_05_000555^FL46BLW10-48V-5N.m-DE(2)_FL46BLW10-48V-5N.m-DE,1_2_05_000555_FL46BLW10-48V-5N.m-DE_2__FL46BLW10-48V-5N.m-DE,True,1.000000,0.000000,0.000000,-0.333000,0.000000,-0.965926,-0.258819,-27.214557,-0.000000,0.258819,-0.965926,-7.920646,0.000000,0.000000,0.000000,1.000000
000_right_arm_long_wrist_latest:1+001_right_wrist_long_latest:1+wrist_3-right:1+robstride05:1+FL46BLW10-48V-5N.m-DE(2)^FL46BLW10-48V-5N.m-DE:1+1_2_05_000555^FL46BLW10-48V-5N.m-DE(2)_FL46BLW10-48V-5N.m-DE:7,1_2_05_000555^FL46BLW10-48V-5N.m-DE(2)_FL46BLW10-48V-5N.m-DE,1_2_05_000555_FL46BLW10-48V-5N.m-DE_2__FL46BLW10-48V-5N.m-DE,True,1.000000,0.000000,0.000000,-0.333000,0.000000,-0.500000,-0.866025,-27.007263,-0.000000,0.866025,-0.500000,-9.495196,0.000000,0.000000,0.000000,1.000000
000_right_arm_long_wrist_latest:1+001_right_wrist_long_latest:1+wrist_3-right:1+robstride05:1+FL46BLW10-48V-5N.m-DE(2)^FL46BLW10-48V-5N.m-DE:1+1_2_05_000555^FL46BLW10-48V-5N.m-DE(2)_FL46BLW10-48V-5N.m-DE:8,1_2_05_000555^FL46BLW10-48V-5N.m-DE(2)_FL46BLW10-48V-5N.m-DE,1_2_05_000555_FL46BLW10-48V-5N.m-DE_2__FL46BLW10-48V-5N.m-DE,True,1.000000,-0.000000,0.000000,-0.333000,0.000000,0.258819,-0.965926,-27.974059,-0.000000,0.965926,0.258819,-10.755149,0.000000,0.000000,0.000000,1.000000
000_right_arm_long_wrist_latest:1+001_right_wrist_long_latest:1+wrist_3-right:1+robstride05:1+1_1_30_GR-2202_ASM^FL46BLW10-48V-5N.m-DE(2)_FL46BLW10-48V-5N.m-DE:1+1_1_30_GR-2202_ASM_1_ASM^1_1_30_GR-2202_ASM_FL46BLW10-48V-5N.m-DE(2)_FL46BLW10-48V-5N.m-DE:1+00MINI-_20250103_A0001_ASM_1_AS_ASM^1_1_30_GR-2202_ASM_1_ASM_1_1_30_GR-2202_ASM_FL46BLW10-48V-5N.m-DE(2)_FL46BLW10-48V-5N.m-DE:1+00MINI-000_ASM_1_ASM_1_ASM^00MINI-_20250103_A0001_ASM_1_AS_ASM_1_1_30_GR-2202_ASM_1_ASM_1_1_30_GR-2202_ASM_FL46BLW10-48V-5N.m-DE(2)_FL46BLW10-48V-5N.m-DE:1+1_21_121000022__610001_1_1^00MINI-000_ASM_1_ASM_1_ASM_00MINI-_20250103_A0001_ASM_1_AS_ASM_1_1_30_GR-2202_ASM_1_ASM_1_1_30_GR-2202_ASM_FL46BLW10-48V-5N.m-DE(2)_FL46BLW10-48V-5N.m-DE:1,1_21_121000022__610001_1_1^00MINI-000_ASM_1_ASM_1_ASM_00MINI-_20250103_A0001_ASM_1_AS_ASM_1_1_30_GR-2202_ASM_1_ASM_1_1_30_GR-2202_ASM_FL46BLW10-48V-5N.m-DE(2)_FL46BLW10-48V-5N.m-DE,1_21_121000022__610001_1_1_00MINI-000_ASM_1_ASM_1_ASM_00MINI-_20250103_A0001_ASM_1_AS_ASM_1_1_30_GR-2202_ASM_1_ASM_1_1_30_GR-2202_ASM_FL46BLW10-48V-5N.m-DE_2__FL46BLW10-48V-5N.m-DE,True,-1.000000,0.000000,-0.000000,-0.350000,-0.000000,-0.500000,0.866025,-29.011559,0.000000,0.866025,0.500000,-8.958146,0.000000,0.000000,0.000000,1.000000
000_right_arm_long_wrist_latest:1+001_right_wrist_long_latest:1+wrist_3-right:1+robstride05:1+1_1_30_GR-2202_ASM^FL46BLW10-48V-5N.m-DE(2)_FL46BLW10-48V-5N.m-DE:1+1_1_30_GR-2202_ASM_1_ASM^1_1_30_GR-2202_ASM_FL46BLW10-48V-5N.m-DE(2)_FL46BLW10-48V-5N.m-DE:1+00MINI-_20250103_A0001_ASM_1_AS_ASM^1_1_30_GR-2202_ASM_1_ASM_1_1_30_GR-2202_ASM_FL46BLW10-48V-5N.m-DE(2)_FL46BLW10-48V-5N.m-DE:1+00MINI-000_ASM_1_ASM_1_ASM^00MINI-_20250103_A0001_ASM_1_AS_ASM_1_1_30_GR-2202_ASM_1_ASM_1_1_30_GR-2202_ASM_FL46BLW10-48V-5N.m-DE(2)_FL46BLW10-48V-5N.m-DE:1+0001755650^00MINI-000_ASM_1_ASM_1_ASM_00MINI-_20250103_A0001_ASM_1_AS_ASM_1_1_30_GR-2202_ASM_1_ASM_1_1_30_GR-2202_ASM_FL46BLW10-48V-5N.m-DE(2)_FL46BLW10-48V-5N.m-DE:1,0001755650^00MINI-000_ASM_1_ASM_1_ASM_00MINI-_20250103_A0001_ASM_1_AS_ASM_1_1_30_GR-2202_ASM_1_ASM_1_1_30_GR-2202_ASM_FL46BLW10-48V-5N.m-DE(2)_FL46BLW10-48V-5N.m-DE,0001755650_00MINI-000_ASM_1_ASM_1_ASM_00MINI-_20250103_A0001_ASM_1_AS_ASM_1_1_30_GR-2202_ASM_1_ASM_1_1_30_GR-2202_ASM_FL46BLW10-48V-5N.m-DE_2__FL46BLW10-48V-5N.m-DE,True,-0.000000,0.000000,1.000000,-0.540000,0.866025,-0.500000,0.000000,-29.011559,0.500000,0.866025,-0.000000,-8.958146,0.000000,0.000000,0.000000,1.000000
000_right_arm_long_wrist_latest:1+001_right_wrist_long_latest:1+wrist_3-right:1+robstride05:1+1_1_30_GR-2202_ASM^FL46BLW10-48V-5N.m-DE(2)_FL46BLW10-48V-5N.m-DE:1+1_1_30_GR-2202_ASM_1_ASM^1_1_30_GR-2202_ASM_FL46BLW10-48V-5N.m-DE(2)_FL46BLW10-48V-5N.m-DE:1+00MINI-_20250103_A0001_ASM_1_AS_ASM^1_1_30_GR-2202_ASM_1_ASM_1_1_30_GR-2202_ASM_FL46BLW10-48V-5N.m-DE(2)_FL46BLW10-48V-5N.m-DE:1+00MINI-000_ASM_1_ASM_1_ASM^00MINI-_20250103_A0001_ASM_1_AS_ASM_1_1_30_GR-2202_ASM_1_ASM_1_1_30_GR-2202_ASM_FL46BLW10-48V-5N.m-DE(2)_FL46BLW10-48V-5N.m-DE:1+0001755652^00MINI-000_ASM_1_ASM_1_ASM_00MINI-_20250103_A0001_ASM_1_AS_ASM_1_1_30_GR-2202_ASM_1_ASM_1_1_30_GR-2202_ASM_FL46BLW10-48V-5N.m-DE(2)_FL46BLW10-48V-5N.m-DE:1,0001755652^00MINI-000_ASM_1_ASM_1_ASM_00MINI-_20250103_A0001_ASM_1_AS_ASM_1_1_30_GR-2202_ASM_1_ASM_1_1_30_GR-2202_ASM_FL46BLW10-48V-5N.m-DE(2)_FL46BLW10-48V-5N.m-DE,0001755652_00MINI-000_ASM_1_ASM_1_ASM_00MINI-_20250103_A0001_ASM_1_AS_ASM_1_1_30_GR-2202_ASM_1_ASM_1_1_30_GR-2202_ASM_FL46BLW10-48V-5N.m-DE_2__FL46BLW10-48V-5N.m-DE,True,-0.000000,0.000000,1.000000,-0.850000,0.866025,-0.500000,0.000000,-29.961559,0.500000,0.866025,-0.000000,-8.958147,0.000000,0.000000,0.000000,1.000000
000_right_arm_long_wrist_latest:1+001_right_wrist_long_latest:1+wrist_3-right:1+robstride05:1+1_1_30_GR-2202_ASM^FL46BLW10-48V-5N.m-DE(2)_FL46BLW10-48V-5N.m-DE:1+1_1_30_GR-2202_ASM_1_ASM^1_1_30_GR-2202_ASM_FL46BLW10-48V-5N.m-DE(2)_FL46BLW10-48V-5N.m-DE:1+00MINI-_20250103_A0001_ASM_1_AS_ASM^1_1_30_GR-2202_ASM_1_ASM_1_1_30_GR-2202_ASM_FL46BLW10-48V-5N.m-DE(2)_FL46BLW10-48V-5N.m-DE:1+00MINI-000_ASM_1_ASM_1_ASM^00MINI-_20250103_A0001_ASM_1_AS_ASM_1_1_30_GR-2202_ASM_1_ASM_1_1_30_GR-2202_ASM_FL46BLW10-48V-5N.m-DE(2)_FL46BLW10-48V-5N.m-DE:1+6706__300001_1_1^00MINI-000_ASM_1_ASM_1_ASM_00MINI-_20250103_A0001_ASM_1_AS_ASM_1_1_30_GR-2202_ASM_1_ASM_1_1_30_GR-2202_ASM_FL46BLW10-48V-5N.m-DE(2)_FL46BLW10-48V-5N.m-DE:1,6706__300001_1_1^00MINI-000_ASM_1_ASM_1_ASM_00MINI-_20250103_A0001_ASM_1_AS_ASM_1_1_30_GR-2202_ASM_1_ASM_1_1_30_GR-2202_ASM_FL46BLW10-48V-5N.m-DE(2)_FL46BLW10-48V-5N.m-DE,6706__300001_1_1_00MINI-000_ASM_1_ASM_1_ASM_00MINI-_20250103_A0001_ASM_1_AS_ASM_1_1_30_GR-2202_ASM_1_ASM_1_1_30_GR-2202_ASM_FL46BLW10-48V-5N.m-DE_2__FL46BLW10-48V-5N.m-DE,True,-0.000000,0.000000,1.000000,-0.500000,0.866025,-0.500000,0.000000,-29.011559,0.500000,0.866025,-0.000000,-8.958146,0.000000,0.000000,0.000000,1.000000
000_right_arm_long_wrist_latest:1+001_right_wrist_long_latest:1+wrist_3-right:1+robstride05:1+1_1_30_GR-2202_ASM^FL46BLW10-48V-5N.m-DE(2)_FL46BLW10-48V-5N.m-DE:1+1_1_30_GR-2202_ASM_1_ASM^1_1_30_GR-2202_ASM_FL46BLW10-48V-5N.m-DE(2)_FL46BLW10-48V-5N.m-DE:1+0001755652^1_1_30_GR-2202_ASM_1_ASM_1_1_30_GR-2202_ASM_FL46BLW10-48V-5N.m-DE(2)_FL46BLW10-48V-5N.m-DE:1,0001755652^1_1_30_GR-2202_ASM_1_ASM_1_1_30_GR-2202_ASM_FL46BLW10-48V-5N.m-DE(2)_FL46BLW10-48V-5N.m-DE,0001755652_1_1_30_GR-2202_ASM_1_ASM_1_1_30_GR-2202_ASM_FL46BLW10-48V-5N.m-DE_2__FL46BLW10-48V-5N.m-DE,True,-0.000000,0.000000,1.000000,-0.850000,0.866025,-0.500000,0.000000,-28.536559,0.500000,0.866025,-0.000000,-8.135422,0.000000,0.000000,0.000000,1.000000
000_right_arm_long_wrist_latest:1+001_right_wrist_long_latest:1+wrist_3-right:1+robstride05:1+1_1_30_GR-2202_ASM^FL46BLW10-48V-5N.m-DE(2)_FL46BLW10-48V-5N.m-DE:1+1_1_30_GR-2202_ASM_1_ASM^1_1_30_GR-2202_ASM_FL46BLW10-48V-5N.m-DE(2)_FL46BLW10-48V-5N.m-DE:1+0001755652^1_1_30_GR-2202_ASM_1_ASM_1_1_30_GR-2202_ASM_FL46BLW10-48V-5N.m-DE(2)_FL46BLW10-48V-5N.m-DE:2,0001755652^1_1_30_GR-2202_ASM_1_ASM_1_1_30_GR-2202_ASM_FL46BLW10-48V-5N.m-DE(2)_FL46BLW10-48V-5N.m-DE,0001755652_1_1_30_GR-2202_ASM_1_ASM_1_1_30_GR-2202_ASM_FL46BLW10-48V-5N.m-DE_2__FL46BLW10-48V-5N.m-DE,True,-0.000000,0.000000,1.000000,-0.850000,0.866025,-0.500000,0.000000,-28.536559,0.500000,0.866025,-0.000000,-9.780871,0.000000,0.000000,0.000000,1.000000
000_right_arm_long_wrist_latest:1+001_right_wrist_long_latest:1+wrist_3-right:1+robstride05:1+Component20:1,Component20,Component20,True,0.000000,0.000000,-1.000000,-0.650000,-0.866025,-0.500000,-0.000000,-29.011559,-0.500000,0.866025,0.000000,-8.958146,0.000000,0.000000,0.000000,1.000000
000_right_arm_long_wrist_latest:1+001_right_wrist_long_latest:1+wrist_3-right:1+bearing_30x37x4_6706_0.9kN_8g:1+half-bearing_30x37x4_6706_0.9kN_8g:1,half-bearing_30x37x4_6706_0.9kN_8g,half-bearing_30x37x4_6706_0.9kN_8g,True,-0.000000,-0.000000,-1.000000,-1.050000,0.866025,0.500000,-0.000000,-29.011559,0.500000,-0.866025,0.000000,-8.958146,0.000000,0.000000,0.000000,1.000000
000_right_arm_long_wrist_latest:1+001_right_wrist_long_latest:1+wrist_3-right:1+bearing_30x37x4_6706_0.9kN_8g:1+half-bearing_30x37x4_6706_0.9kN_8g:2,half-bearing_30x37x4_6706_0.9kN_8g,half-bearing_30x37x4_6706_0.9kN_8g,False,-0.000000,-0.000000,-1.000000,-1.050000,0.866025,0.500000,-0.000000,-29.011559,0.500000,-0.866025,0.000000,-8.958146,0.000000,0.000000,0.000000,1.000000
000_right_arm_long_wrist_latest:1+001_right_wrist_long_latest:1+wrist_3-right:1+bearing_35x44x5_6707_1.6kN_15g:1+half-bearing_35x44x5_6707_1.6kN_15g:1,half-bearing_35x44x5_6707_1.6kN_15g,half-bearing_35x44x5_6707_1.6kN_15g,True,0.000000,1.000000,0.000000,-0.000000,-0.258819,0.000000,-0.965926,-25.713044,-0.965926,-0.000000,0.258819,-3.216212,0.000000,0.000000,0.000000,1.000000
000_right_arm_long_wrist_latest:1+001_right_wrist_long_latest:1+wrist_3-right:1+bearing_35x44x5_6707_1.6kN_15g:1+half-bearing_35x44x5_6707_1.6kN_15g:2,half-bearing_35x44x5_6707_1.6kN_15g,half-bearing_35x44x5_6707_1.6kN_15g,False,0.000000,1.000000,0.000000,-0.000000,-0.258819,0.000000,-0.965926,-25.713044,-0.965926,-0.000000,0.258819,-3.216212,0.000000,0.000000,0.000000,1.000000
000_right_arm_long_wrist_latest:1+001_right_wrist_long_latest:1+wrist_3-right:1+Component5:1,Component5,Component5,True,0.000000,1.000000,-0.000000,9.000000,-0.965926,0.000000,0.258819,-17.300000,0.258819,-0.000000,0.965926,34.749998,0.000000,0.000000,0.000000,1.000000
000_right_arm_long_wrist_latest:1+001_right_wrist_long_latest:1+v15_right_end_effector_attachment:1,v15_right_end_effector_attachment,v15_right_end_effector_attachment,True,0.000000,1.000000,0.000000,9.000000,-0.965926,0.000000,0.258819,-17.300000,0.258819,-0.000000,0.965926,34.749998,0.000000,0.000000,0.000000,1.000000
000_right_arm_long_wrist_latest:1+protections:1+shoulder_pitch_protection:1+Component34:1,Component34,Component34~3,True,1.000000,-0.000000,0.000000,-0.000000,0.000000,1.000000,-0.000000,-8.300000,-0.000000,0.000000,1.000000,34.750000,0.000000,0.000000,0.000000,1.000000
000_right_arm_long_wrist_latest:1+protections:1+shoulder_pitch_protection:1+Component35:1,Component35,Component35~3,True,1.000000,-0.000000,0.000000,-0.000000,0.000000,1.000000,-0.000000,-8.300000,-0.000000,0.000000,1.000000,34.750000,0.000000,0.000000,0.000000,1.000000
000_right_arm_long_wrist_latest:1+protections:1+shoulder_yaw_protection:1+Component36:1,Component36,Component36~3,True,1.000000,-0.000000,0.000000,0.000000,0.000000,0.965926,0.258819,-8.606667,-0.000000,-0.258819,0.965926,32.420629,0.000000,0.000000,0.000000,1.000000
000_right_arm_long_wrist_latest:1+protections:1+shoulder_yaw_protection:1+Component37:1,Component37,Component37~3,True,1.000000,-0.000000,0.000000,0.000000,0.000000,0.965926,0.258819,-8.606667,-0.000000,-0.258819,0.965926,32.420629,0.000000,0.000000,0.000000,1.000000
000_right_arm_long_wrist_latest:1+protections:1+shoulder_yaw_protection:1,shoulder_yaw_protection,shoulder_yaw_protection~2,True,1.000000,-0.000000,0.000000,0.000000,0.000000,0.965926,0.258819,-8.606667,-0.000000,-0.258819,0.965926,32.420629,0.000000,0.000000,0.000000,1.000000
000_right_arm_long_wrist_latest:1+protections:1+elbow_motor_protection:1+Component38:1,Component38,Component38~2,True,1.000000,-0.000000,0.000000,0.000000,0.000000,0.965926,0.258819,-8.606667,-0.000000,-0.258819,0.965926,32.420629,0.000000,0.000000,0.000000,1.000000
000_right_arm_long_wrist_latest:1+protections:1+elbow_motor_protection:1+Component39:1,Component39,Component39~2,True,1.000000,-0.000000,0.000000,0.000000,0.000000,0.965926,0.258819,-8.606667,-0.000000,-0.258819,0.965926,32.420629,0.000000,0.000000,0.000000,1.000000
000_right_arm_long_wrist_latest:1+protections:1+shoulder_roll_shaft:1+Component40:1,Component40,Component40~2,True,1.000000,-0.000000,0.000000,0.000000,-0.000000,0.965926,0.258819,-8.606667,-0.000000,-0.258819,0.965926,32.420629,0.000000,0.000000,0.000000,1.000000
000_right_arm_long_wrist_latest:1+protections:1+shoulder_roll_shaft:1+Component41:1,Component41,Component41~2,True,1.000000,-0.000000,0.000000,0.000000,-0.000000,0.965926,0.258819,-8.606667,-0.000000,-0.258819,0.965926,32.420629,0.000000,0.000000,0.000000,1.000000
000_right_arm_long_wrist_latest:1+protections:1+elbow_shaft:1+Component42:1,Component42,Component42~3,True,1.000000,-0.000000,-0.000000,0.000000,0.000000,0.965926,0.258819,-8.606667,0.000000,-0.258819,0.965926,32.420629,0.000000,0.000000,0.000000,1.000000
000_right_arm_long_wrist_latest:1+protections:1+elbow_shaft:1+Component43:1,Component43,Component43~3,True,1.000000,-0.000000,-0.000000,0.000000,0.000000,0.965926,0.258819,-8.606667,0.000000,-0.258819,0.965926,32.420629,0.000000,0.000000,0.000000,1.000000
000_right_arm_long_wrist_latest:1+protections:1+shoulder_yaw_protection:2+Component36:1,Component36,Component36~3,True,-0.000000,-1.000000,0.000000,-9.000000,0.965926,-0.000000,0.258819,-22.657553,-0.258819,0.000000,0.965926,14.755334,0.000000,0.000000,0.000000,1.000000
000_right_arm_long_wrist_latest:1+protections:1+shoulder_yaw_protection:2+Component37:1,Component37,Component37~3,True,-0.000000,-1.000000,0.000000,-9.000000,0.965926,-0.000000,0.258819,-22.657553,-0.258819,0.000000,0.965926,14.755334,0.000000,0.000000,0.000000,1.000000
000_right_arm_long_wrist_latest:1+protections:1+shoulder_yaw_protection:2,shoulder_yaw_protection,shoulder_yaw_protection~2,True,-0.000000,-1.000000,0.000000,-9.000000,0.965926,-0.000000,0.258819,-22.657553,-0.258819,0.000000,0.965926,14.755334,0.000000,0.000000,0.000000,1.000000
000_right_arm_long_wrist_latest:1+Hexalobular Socket Pan Head Screw ISO 14583 - M3x10 Steel 4.6 Plain:102,Hexalobular Socket Pan Head Screw ISO 14583 - M3x10 Steel 4.6 Plain,Hexalobular_Socket_Pan_Head_Screw_ISO_14583_-_M3x10_Steel_4.6_Plain,True,0.000000,0.000000,1.000000,2.900000,-0.000000,-1.000000,0.000000,-9.800000,1.000000,-0.000000,-0.000000,32.950000,0.000000,0.000000,0.000000,1.000000
000_right_arm_long_wrist_latest:1+Hexalobular Socket Pan Head Screw ISO 14583 - M3x10 Steel 4.6 Plain:103,Hexalobular Socket Pan Head Screw ISO 14583 - M3x10 Steel 4.6 Plain,Hexalobular_Socket_Pan_Head_Screw_ISO_14583_-_M3x10_Steel_4.6_Plain,True,0.000000,0.000000,1.000000,2.900000,-0.000000,-1.000000,0.000000,-9.800000,1.000000,-0.000000,-0.000000,34.150000,0.000000,0.000000,0.000000,1.000000
000_right_arm_long_wrist_latest:1+Hexalobular Socket Pan Head Screw ISO 14583 - M3x10 Steel 4.6 Plain:104,Hexalobular Socket Pan Head Screw ISO 14583 - M3x10 Steel 4.6 Plain,Hexalobular_Socket_Pan_Head_Screw_ISO_14583_-_M3x10_Steel_4.6_Plain,True,0.000000,0.000000,1.000000,2.900000,-0.000000,-1.000000,0.000000,-9.800000,1.000000,-0.000000,-0.000000,35.350000,0.000000,0.000000,0.000000,1.000000
000_right_arm_long_wrist_latest:1+Hexalobular Socket Pan Head Screw ISO 14583 - M3x10 Steel 4.6 Plain:105,Hexalobular Socket Pan Head Screw ISO 14583 - M3x10 Steel 4.6 Plain,Hexalobular_Socket_Pan_Head_Screw_ISO_14583_-_M3x10_Steel_4.6_Plain,True,0.000000,0.000000,1.000000,2.900000,-0.000000,-1.000000,0.000000,-9.800000,1.000000,-0.000000,-0.000000,36.550000,0.000000,0.000000,0.000000,1.000000
000_right_arm_long_wrist_latest:1+Hexalobular Socket Pan Head Screw ISO 14583 - M3x10 Steel 4.6 Plain:106,Hexalobular Socket Pan Head Screw ISO 14583 - M3x10 Steel 4.6 Plain,Hexalobular_Socket_Pan_Head_Screw_ISO_14583_-_M3x10_Steel_4.6_Plain,True,0.000000,-0.000000,-1.000000,-2.900000,-0.000000,1.000000,-0.000000,-9.800000,1.000000,0.000000,0.000000,32.950000,0.000000,0.000000,0.000000,1.000000
000_right_arm_long_wrist_latest:1+Hexalobular Socket Pan Head Screw ISO 14583 - M3x10 Steel 4.6 Plain:107,Hexalobular Socket Pan Head Screw ISO 14583 - M3x10 Steel 4.6 Plain,Hexalobular_Socket_Pan_Head_Screw_ISO_14583_-_M3x10_Steel_4.6_Plain,True,0.000000,-0.000000,-1.000000,-2.900000,-0.000000,1.000000,-0.000000,-9.800000,1.000000,0.000000,0.000000,34.150000,0.000000,0.000000,0.000000,1.000000
000_right_arm_long_wrist_latest:1+Hexalobular Socket Pan Head Screw ISO 14583 - M3x10 Steel 4.6 Plain:108,Hexalobular Socket Pan Head Screw ISO 14583 - M3x10 Steel 4.6 Plain,Hexalobular_Socket_Pan_Head_Screw_ISO_14583_-_M3x10_Steel_4.6_Plain,True,0.000000,-0.000000,-1.000000,-2.900000,-0.000000,1.000000,-0.000000,-9.800000,1.000000,0.000000,0.000000,35.350000,0.000000,0.000000,0.000000,1.000000
000_right_arm_long_wrist_latest:1+Hexalobular Socket Pan Head Screw ISO 14583 - M3x10 Steel 4.6 Plain:109,Hexalobular Socket Pan Head Screw ISO 14583 - M3x10 Steel 4.6 Plain,Hexalobular_Socket_Pan_Head_Screw_ISO_14583_-_M3x10_Steel_4.6_Plain,True,0.000000,-0.000000,-1.000000,-2.900000,-0.000000,1.000000,-0.000000,-9.800000,1.000000,0.000000,0.000000,36.550000,0.000000,0.000000,0.000000,1.000000
000_right_arm_long_wrist_latest:1+Hexalobular Socket Pan Head Screw ISO 14583 - M3x10 Steel 4.6 Plain:9,Hexalobular Socket Pan Head Screw ISO 14583 - M3x10 Steel 4.6 Plain,Hexalobular_Socket_Pan_Head_Screw_ISO_14583_-_M3x10_Steel_4.6_Plain,True,0.000000,-0.000000,-1.000000,-3.800000,0.258819,0.965926,0.000000,-17.587179,0.965926,-0.258819,0.000000,28.925875,0.000000,0.000000,0.000000,1.000000
000_right_arm_long_wrist_latest:1+Hexalobular Socket Pan Head Screw ISO 14583 - M3x10 Steel 4.6 Plain:10,Hexalobular Socket Pan Head Screw ISO 14583 - M3x10 Steel 4.6 Plain,Hexalobular_Socket_Pan_Head_Screw_ISO_14583_-_M3x10_Steel_4.6_Plain,True,0.000000,-0.000000,-1.000000,-3.800000,0.258819,0.965926,0.000000,-19.963357,0.965926,-0.258819,0.000000,29.562569,0.000000,0.000000,0.000000,1.000000
000_right_arm_long_wrist_latest:1+Hexalobular Socket Pan Head Screw ISO 14583 - M3x10 Steel 4.6 Plain:11,Hexalobular Socket Pan Head Screw ISO 14583 - M3x10 Steel 4.6 Plain,Hexalobular_Socket_Pan_Head_Screw_ISO_14583_-_M3x10_Steel_4.6_Plain,True,0.000000,-0.000000,-1.000000,-3.800000,0.258819,0.965926,0.000000,-19.704538,0.965926,-0.258819,0.000000,30.528495,0.000000,0.000000,0.000000,1.000000
000_right_arm_long_wrist_latest:1+Hexalobular Socket Pan Head Screw ISO 14583 - M3x10 Steel 4.6 Plain:12,Hexalobular Socket Pan Head Screw ISO 14583 - M3x10 Steel 4.6 Plain,Hexalobular_Socket_Pan_Head_Screw_ISO_14583_-_M3x10_Steel_4.6_Plain,True,0.000000,-0.000000,-1.000000,-3.800000,0.258819,0.965926,0.000000,-18.516449,0.965926,-0.258819,0.000000,30.210148,0.000000,0.000000,0.000000,1.000000
000_right_arm_long_wrist_latest:1+Hexalobular Socket Pan Head Screw ISO 14583 - M3x10 Steel 4.6 Plain:13,Hexalobular Socket Pan Head Screw ISO 14583 - M3x10 Steel 4.6 Plain,Hexalobular_Socket_Pan_Head_Screw_ISO_14583_-_M3x10_Steel_4.6_Plain,True,0.000000,-0.000000,-1.000000,-3.800000,0.258819,0.965926,0.000000,-17.328360,0.965926,-0.258819,0.000000,29.891801,0.000000,0.000000,0.000000,1.000000
000_right_arm_long_wrist_latest:1+Hexalobular Socket Pan Head Screw ISO 14583 - M3x10 Steel 4.6 Plain:14,Hexalobular Socket Pan Head Screw ISO 14583 - M3x10 Steel 4.6 Plain,Hexalobular_Socket_Pan_Head_Screw_ISO_14583_-_M3x10_Steel_4.6_Plain,True,-0.000000,-0.000000,1.000000,3.800000,-0.258819,0.965926,0.000000,-18.516449,-0.965926,-0.258819,-0.000000,30.210148,0.000000,0.000000,0.000000,1.000000
000_right_arm_long_wrist_latest:1+Hexalobular Socket Pan Head Screw ISO 14583 - M3x10 Steel 4.6 Plain:15,Hexalobular Socket Pan Head Screw ISO 14583 - M3x10 Steel 4.6 Plain,Hexalobular_Socket_Pan_Head_Screw_ISO_14583_-_M3x10_Steel_4.6_Plain,True,-0.000000,-0.000000,1.000000,3.800000,-0.258819,0.965926,0.000000,-19.704538,-0.965926,-0.258819,-0.000000,30.528495,0.000000,0.000000,0.000000,1.000000
000_right_arm_long_wrist_latest:1+Hexalobular Socket Pan Head Screw ISO 14583 - M3x10 Steel 4.6 Plain:16,Hexalobular Socket Pan Head Screw ISO 14583 - M3x10 Steel 4.6 Plain,Hexalobular_Socket_Pan_Head_Screw_ISO_14583_-_M3x10_Steel_4.6_Plain,True,-0.000000,-0.000000,1.000000,3.800000,-0.258819,0.965926,0.000000,-17.587179,-0.965926,-0.258819,-0.000000,28.925875,0.000000,0.000000,0.000000,1.000000
000_right_arm_long_wrist_latest:1+Hexalobular Socket Pan Head Screw ISO 14583 - M3x10 Steel 4.6 Plain:17,Hexalobular Socket Pan Head Screw ISO 14583 - M3x10 Steel 4.6 Plain,Hexalobular_Socket_Pan_Head_Screw_ISO_14583_-_M3x10_Steel_4.6_Plain,True,-0.000000,-0.000000,1.000000,3.800000,-0.258819,0.965926,0.000000,-17.328360,-0.965926,-0.258819,-0.000000,29.891801,0.000000,0.000000,0.000000,1.000000
000_right_arm_long_wrist_latest:1+Hexalobular Socket Pan Head Screw ISO 14583 - M3x10 Steel 4.6 Plain:18,Hexalobular Socket Pan Head Screw ISO 14583 - M3x10 Steel 4.6 Plain,Hexalobular_Socket_Pan_Head_Screw_ISO_14583_-_M3x10_Steel_4.6_Plain,True,-0.000000,-0.000000,1.000000,3.800000,-0.258819,0.965926,0.000000,-19.963357,-0.965926,-0.258819,-0.000000,29.562569,0.000000,0.000000,0.000000,1.000000
000_right_arm_long_wrist_latest:1+Hexalobular Socket Pan Head Screw ISO 14583 - M3x10 Steel 4.6 Plain:19,Hexalobular Socket Pan Head Screw ISO 14583 - M3x10 Steel 4.6 Plain,Hexalobular_Socket_Pan_Head_Screw_ISO_14583_-_M3x10_Steel_4.6_Plain,True,1.000000,-0.000000,0.000000,-1.230000,0.000000,0.258819,-0.965926,-27.544520,0.000000,0.965926,0.258819,11.198995,0.000000,0.000000,0.000000,1.000000
000_right_arm_long_wrist_latest:1+Hexalobular Socket Pan Head Screw ISO 14583 - M3x10 Steel 4.6 Plain:20,Hexalobular Socket Pan Head Screw ISO 14583 - M3x10 Steel 4.6 Plain,Hexalobular_Socket_Pan_Head_Screw_ISO_14583_-_M3x10_Steel_4.6_Plain,True,1.000000,-0.000000,0.000000,0.000000,0.000000,0.258819,-0.965926,-27.544520,0.000000,0.965926,0.258819,11.198995,0.000000,0.000000,0.000000,1.000000
000_right_arm_long_wrist_latest:1+Hexalobular Socket Pan Head Screw ISO 14583 - M3x10 Steel 4.6 Plain:21,Hexalobular Socket Pan Head Screw ISO 14583 - M3x10 Steel 4.6 Plain,Hexalobular_Socket_Pan_Head_Screw_ISO_14583_-_M3x10_Steel_4.6_Plain,True,1.000000,-0.000000,0.000000,1.230000,0.000000,0.258819,-0.965926,-27.803339,0.000000,0.965926,0.258819,10.233069,0.000000,0.000000,0.000000,1.000000
000_right_arm_long_wrist_latest:1+Hexalobular Socket Pan Head Screw ISO 14583 - M3x10 Steel 4.6 Plain:22,Hexalobular Socket Pan Head Screw ISO 14583 - M3x10 Steel 4.6 Plain,Hexalobular_Socket_Pan_Head_Screw_ISO_14583_-_M3x10_Steel_4.6_Plain,True,1.000000,-0.000000,0.000000,1.230000,0.000000,0.258819,-0.965926,-27.544520,0.000000,0.965926,0.258819,11.198995,0.000000,0.000000,0.000000,1.000000
000_right_arm_long_wrist_latest:1+Hexalobular Socket Pan Head Screw ISO 14583 - M3x10 Steel 4.6 Plain:23,Hexalobular Socket Pan Head Screw ISO 14583 - M3x10 Steel 4.6 Plain,Hexalobular_Socket_Pan_Head_Screw_ISO_14583_-_M3x10_Steel_4.6_Plain,True,1.000000,-0.000000,0.000000,-1.230000,0.000000,0.258819,-0.965926,-27.803339,0.000000,0.965926,0.258819,10.233069,0.000000,0.000000,0.000000,1.000000
000_right_arm_long_wrist_latest:1+Hexalobular Socket Pan Head Screw ISO 14583 - M3x10 Steel 4.6 Plain:24,Hexalobular Socket Pan Head Screw ISO 14583 - M3x10 Steel 4.6 Plain,Hexalobular_Socket_Pan_Head_Screw_ISO_14583_-_M3x10_Steel_4.6_Plain,True,1.000000,0.000000,0.000000,1.500000,0.000000,0.258819,-0.965926,-23.736911,-0.000000,0.965926,0.258819,19.806818,0.000000,0.000000,0.000000,1.000000
000_right_arm_long_wrist_latest:1+Hexalobular Socket Pan Head Screw ISO 14583 - M3x10 Steel 4.6 Plain:25,Hexalobular Socket Pan Head Screw ISO 14583 - M3x10 Steel 4.6 Plain,Hexalobular_Socket_Pan_Head_Screw_ISO_14583_-_M3x10_Steel_4.6_Plain,True,1.000000,0.000000,0.000000,0.000000,0.000000,0.258819,-0.965926,-23.736911,-0.000000,0.965926,0.258819,19.806818,0.000000,0.000000,0.000000,1.000000
000_right_arm_long_wrist_latest:1+Hexalobular Socket Pan Head Screw ISO 14583 - M3x10 Steel 4.6 Plain:26,Hexalobular Socket Pan Head Screw ISO 14583 - M3x10 Steel 4.6 Plain,Hexalobular_Socket_Pan_Head_Screw_ISO_14583_-_M3x10_Steel_4.6_Plain,True,1.000000,0.000000,0.000000,-1.500000,0.000000,0.258819,-0.965926,-23.736911,-0.000000,0.965926,0.258819,19.806818,0.000000,0.000000,0.000000,1.000000
000_right_arm_long_wrist_latest:1+Hexalobular Socket Pan Head Screw ISO 14583 - M3x10 Steel 4.6 Plain:27,Hexalobular Socket Pan Head Screw ISO 14583 - M3x10 Steel 4.6 Plain,Hexalobular_Socket_Pan_Head_Screw_ISO_14583_-_M3x10_Steel_4.6_Plain,True,1.000000,0.000000,0.000000,-3.160993,0.000000,0.258819,-0.965926,-25.399823,-0.000000,0.965926,0.258819,13.600744,0.000000,0.000000,0.000000,1.000000
000_right_arm_long_wrist_latest:1+Hexalobular Socket Pan Head Screw ISO 14583 - M3x10 Steel 4.6 Plain:28,Hexalobular Socket Pan Head Screw ISO 14583 - M3x10 Steel 4.6 Plain,Hexalobular_Socket_Pan_Head_Screw_ISO_14583_-_M3x10_Steel_4.6_Plain,True,1.000000,0.000000,0.000000,-3.594548,0.000000,0.258819,-0.965926,-24.763435,-0.000000,0.965926,0.258819,15.975778,0.000000,0.000000,0.000000,1.000000
000_right_arm_long_wrist_latest:1+Hexalobular Socket Pan Head Screw ISO 14583 - M3x10 Steel 4.6 Plain:29,Hexalobular Socket Pan Head Screw ISO 14583 - M3x10 Steel 4.6 Plain,Hexalobular_Socket_Pan_Head_Screw_ISO_14583_-_M3x10_Steel_4.6_Plain,True,1.000000,0.000000,0.000000,-1.248374,0.000000,0.258819,-0.965926,-25.815196,-0.000000,0.965926,0.258819,12.050551,0.000000,0.000000,0.000000,1.000000
000_right_arm_long_wrist_latest:1+Hexalobular Socket Pan Head Screw ISO 14583 - M3x10 Steel 4.6 Plain:30,Hexalobular Socket Pan Head Screw ISO 14583 - M3x10 Steel 4.6 Plain,Hexalobular_Socket_Pan_Head_Screw_ISO_14583_-_M3x10_Steel_4.6_Plain,True,1.000000,0.000000,0.000000,0.000000,0.000000,0.258819,-0.965926,-23.982789,-0.000000,0.965926,0.258819,18.889188,0.000000,0.000000,0.000000,1.000000
000_right_arm_long_wrist_latest:1+Hexalobular Socket Pan Head Screw ISO 14583 - M3x10 Steel 4.6 Plain:31,Hexalobular Socket Pan Head Screw ISO 14583 - M3x10 Steel 4.6 Plain,Hexalobular_Socket_Pan_Head_Screw_ISO_14583_-_M3x10_Steel_4.6_Plain,True,1.000000,0.000000,0.000000,3.160993,0.000000,0.258819,-0.965926,-25.399823,-0.000000,0.965926,0.258819,13.600744,0.000000,0.000000,0.000000,1.000000
000_right_arm_long_wrist_latest:1+Hexalobular Socket Pan Head Screw ISO 14583 - M3x10 Steel 4.6 Plain:32,Hexalobular Socket Pan Head Screw ISO 14583 - M3x10 Steel 4.6 Plain,Hexalobular_Socket_Pan_Head_Screw_ISO_14583_-_M3x10_Steel_4.6_Plain,True,1.000000,0.000000,0.000000,2.346175,0.000000,0.258819,-0.965926,-24.203805,-0.000000,0.965926,0.258819,18.064348,0.000000,0.000000,0.000000,1.000000
000_right_arm_long_wrist_latest:1+Hexalobular Socket Pan Head Screw ISO 14583 - M3x10 Steel 4.6 Plain:33,Hexalobular Socket Pan Head Screw ISO 14583 - M3x10 Steel 4.6 Plain,Hexalobular_Socket_Pan_Head_Screw_ISO_14583_-_M3x10_Steel_4.6_Plain,True,1.000000,0.000000,0.000000,3.594548,0.000000,0.258819,-0.965926,-24.763435,-0.000000,0.965926,0.258819,15.975778,0.000000,0.000000,0.000000,1.000000
000_right_arm_long_wrist_latest:1+Hexalobular Socket Pan Head Screw ISO 14583 - M3x10 Steel 4.6 Plain:34,Hexalobular Socket Pan Head Screw ISO 14583 - M3x10 Steel 4.6 Plain,Hexalobular_Socket_Pan_Head_Screw_ISO_14583_-_M3x10_Steel_4.6_Plain,True,1.000000,0.000000,0.000000,1.248374,0.000000,0.258819,-0.965926,-25.815196,-0.000000,0.965926,0.258819,12.050551,0.000000,0.000000,0.000000,1.000000
000_right_arm_long_wrist_latest:1+Hexalobular Socket Pan Head Screw ISO 14583 - M3x10 Steel 4.6 Plain:35,Hexalobular Socket Pan Head Screw ISO 14583 - M3x10 Steel 4.6 Plain,Hexalobular_Socket_Pan_Head_Screw_ISO_14583_-_M3x10_Steel_4.6_Plain,True,1.000000,0.000000,0.000000,-2.346175,0.000000,0.258819,-0.965926,-24.203805,-0.000000,0.965926,0.258819,18.064348,0.000000,0.000000,0.000000,1.000000
000_right_arm_long_wrist_latest:1+Hexalobular Socket Pan Head Screw ISO 14583 - M3x10 Steel 4.6 Plain:36,Hexalobular Socket Pan Head Screw ISO 14583 - M3x10 Steel 4.6 Plain,Hexalobular_Socket_Pan_Head_Screw_ISO_14583_-_M3x10_Steel_4.6_Plain,True,1.000000,-0.000000,-0.000000,-3.594548,0.000000,-0.258819,0.965926,-21.382695,-0.000000,-0.965926,-0.258819,15.069912,0.000000,0.000000,0.000000,1.000000
000_right_arm_long_wrist_latest:1+Hexalobular Socket Pan Head Screw ISO 14583 - M3x10 Steel 4.6 Plain:37,Hexalobular Socket Pan Head Screw ISO 14583 - M3x10 Steel 4.6 Plain,Hexalobular_Socket_Pan_Head_Screw_ISO_14583_-_M3x10_Steel_4.6_Plain,True,1.000000,-0.000000,-0.000000,2.346175,0.000000,-0.258819,0.965926,-20.823064,-0.000000,-0.965926,-0.258819,17.158481,0.000000,0.000000,0.000000,1.000000
000_right_arm_long_wrist_latest:1+Hexalobular Socket Pan Head Screw ISO 14583 - M3x10 Steel 4.6 Plain:38,Hexalobular Socket Pan Head Screw ISO 14583 - M3x10 Steel 4.6 Plain,Hexalobular_Socket_Pan_Head_Screw_ISO_14583_-_M3x10_Steel_4.6_Plain,True,1.000000,-0.000000,-0.000000,1.248374,0.000000,-0.258819,0.965926,-22.434456,-0.000000,-0.965926,-0.258819,11.144685,0.000000,0.000000,0.000000,1.000000
000_right_arm_long_wrist_latest:1+Hexalobular Socket Pan Head Screw ISO 14583 - M3x10 Steel 4.6 Plain:39,Hexalobular Socket Pan Head Screw ISO 14583 - M3x10 Steel 4.6 Plain,Hexalobular_Socket_Pan_Head_Screw_ISO_14583_-_M3x10_Steel_4.6_Plain,True,1.000000,-0.000000,-0.000000,-3.160993,0.000000,-0.258819,0.965926,-22.019083,-0.000000,-0.965926,-0.258819,12.694878,0.000000,0.000000,0.000000,1.000000
000_right_arm_long_wrist_latest:1+Hexalobular Socket Pan Head Screw ISO 14583 - M3x10 Steel 4.6 Plain:40,Hexalobular Socket Pan Head Screw ISO 14583 - M3x10 Steel 4.6 Plain,Hexalobular_Socket_Pan_Head_Screw_ISO_14583_-_M3x10_Steel_4.6_Plain,True,1.000000,-0.000000,-0.000000,-1.248374,0.000000,-0.258819,0.965926,-22.434456,-0.000000,-0.965926,-0.258819,11.144685,0.000000,0.000000,0.000000,1.000000
000_right_arm_long_wrist_latest:1+Hexalobular Socket Pan Head Screw ISO 14583 - M3x10 Steel 4.6 Plain:41,Hexalobular Socket Pan Head Screw ISO 14583 - M3x10 Steel 4.6 Plain,Hexalobular_Socket_Pan_Head_Screw_ISO_14583_-_M3x10_Steel_4.6_Plain,True,1.000000,-0.000000,-0.000000,3.160993,0.000000,-0.258819,0.965926,-22.019083,-0.000000,-0.965926,-0.258819,12.694878,0.000000,0.000000,0.000000,1.000000
000_right_arm_long_wrist_latest:1+Hexalobular Socket Pan Head Screw ISO 14583 - M3x10 Steel 4.6 Plain:42,Hexalobular Socket Pan Head Screw ISO 14583 - M3x10 Steel 4.6 Plain,Hexalobular_Socket_Pan_Head_Screw_ISO_14583_-_M3x10_Steel_4.6_Plain,True,1.000000,-0.000000,-0.000000,-2.346175,0.000000,-0.258819,0.965926,-20.823064,-0.000000,-0.965926,-0.258819,17.158481,0.000000,0.000000,0.000000,1.000000
000_right_arm_long_wrist_latest:1+Hexalobular Socket Pan Head Screw ISO 14583 - M3x10 Steel 4.6 Plain:43,Hexalobular Socket Pan Head Screw ISO 14583 - M3x10 Steel 4.6 Plain,Hexalobular_Socket_Pan_Head_Screw_ISO_14583_-_M3x10_Steel_4.6_Plain,True,1.000000,-0.000000,-0.000000,0.000000,0.000000,-0.258819,0.965926,-19.197060,-0.000000,-0.965926,-0.258819,18.590369,0.000000,0.000000,0.000000,1.000000
000_right_arm_long_wrist_latest:1+Hexalobular Socket Pan Head Screw ISO 14583 - M3x10 Steel 4.6 Plain:44,Hexalobular Socket Pan Head Screw ISO 14583 - M3x10 Steel 4.6 Plain,Hexalobular_Socket_Pan_Head_Screw_ISO_14583_-_M3x10_Steel_4.6_Plain,True,1.000000,-0.000000,-0.000000,1.500000,0.000000,-0.258819,0.965926,-19.197060,-0.000000,-0.965926,-0.258819,18.590369,0.000000,0.000000,0.000000,1.000000
000_right_arm_long_wrist_latest:1+Hexalobular Socket Pan Head Screw ISO 14583 - M3x10 Steel 4.6 Plain:45,Hexalobular Socket Pan Head Screw ISO 14583 - M3x10 Steel 4.6 Plain,Hexalobular_Socket_Pan_Head_Screw_ISO_14583_-_M3x10_Steel_4.6_Plain,True,1.000000,-0.000000,-0.000000,-1.500000,0.000000,-0.258819,0.965926,-19.197060,-0.000000,-0.965926,-0.258819,18.590369,0.000000,0.000000,0.000000,1.000000
000_right_arm_long_wrist_latest:1+Hexalobular Socket Pan Head Screw ISO 14583 - M3x10 Steel 4.6 Plain:46,Hexalobular Socket Pan Head Screw ISO 14583 - M3x10 Steel 4.6 Plain,Hexalobular_Socket_Pan_Head_Screw_ISO_14583_-_M3x10_Steel_4.6_Plain,True,1.000000,-0.000000,-0.000000,0.000000,0.000000,-0.258819,0.965926,-20.602049,-0.000000,-0.965926,-0.258819,17.983322,0.000000,0.000000,0.000000,1.000000
000_right_arm_long_wrist_latest:1+Hexalobular Socket Pan Head Screw ISO 14583 - M3x10 Steel 4.6 Plain:47,Hexalobular Socket Pan Head Screw ISO 14583 - M3x10 Steel 4.6 Plain,Hexalobular_Socket_Pan_Head_Screw_ISO_14583_-_M3x10_Steel_4.6_Plain,True,-0.000000,1.000000,-0.000000,-1.230000,0.258819,0.000000,0.965926,-20.203484,0.965926,-0.000000,-0.258819,9.231971,0.000000,0.000000,0.000000,1.000000
000_right_arm_long_wrist_latest:1+Hexalobular Socket Pan Head Screw ISO 14583 - M3x10 Steel 4.6 Plain:48,Hexalobular Socket Pan Head Screw ISO 14583 - M3x10 Steel 4.6 Plain,Hexalobular_Socket_Pan_Head_Screw_ISO_14583_-_M3x10_Steel_4.6_Plain,True,-0.000000,1.000000,-0.000000,1.230000,0.258819,0.000000,0.965926,-20.203484,0.965926,-0.000000,-0.258819,9.231971,0.000000,0.000000,0.000000,1.000000
000_right_arm_long_wrist_latest:1+Hexalobular Socket Pan Head Screw ISO 14583 - M3x10 Steel 4.6 Plain:49,Hexalobular Socket Pan Head Screw ISO 14583 - M3x10 Steel 4.6 Plain,Hexalobular_Socket_Pan_Head_Screw_ISO_14583_-_M3x10_Steel_4.6_Plain,True,-0.000000,1.000000,-0.000000,-0.000000,0.258819,0.000000,0.965926,-20.203484,0.965926,-0.000000,-0.258819,9.231971,0.000000,0.000000,0.000000,1.000000
000_right_arm_long_wrist_latest:1+Hexalobular Socket Pan Head Screw ISO 14583 - M3x10 Steel 4.6 Plain:50,Hexalobular Socket Pan Head Screw ISO 14583 - M3x10 Steel 4.6 Plain,Hexalobular_Socket_Pan_Head_Screw_ISO_14583_-_M3x10_Steel_4.6_Plain,True,-0.000000,1.000000,-0.000000,1.230000,0.258819,0.000000,0.965926,-20.462303,0.965926,-0.000000,-0.258819,8.266045,0.000000,0.000000,0.000000,1.000000
000_right_arm_long_wrist_latest:1+Hexalobular Socket Pan Head Screw ISO 14583 - M3x10 Steel 4.6 Plain:51,Hexalobular Socket Pan Head Screw ISO 14583 - M3x10 Steel 4.6 Plain,Hexalobular_Socket_Pan_Head_Screw_ISO_14583_-_M3x10_Steel_4.6_Plain,True,-0.000000,1.000000,-0.000000,-1.230000,0.258819,0.000000,0.965926,-20.462303,0.965926,-0.000000,-0.258819,8.266045,0.000000,0.000000,0.000000,1.000000
000_right_arm_long_wrist_latest:1+Hexalobular Socket Pan Head Screw ISO 14583 - M4x10 Steel 4.6 Plain:1,Hexalobular Socket Pan Head Screw ISO 14583 - M4x10 Steel 4.6 Plain,Hexalobular_Socket_Pan_Head_Screw_ISO_14583_-_M3x10_Steel_4.6_Plain,True,-0.000000,0.000000,1.000000,2.975000,-0.258819,0.965926,-0.000000,-16.139923,-0.965926,-0.258819,-0.000000,34.439158,0.000000,0.000000,0.000000,1.000000
000_right_arm_long_wrist_latest:1+Hexalobular Socket Pan Head Screw ISO 14583 - M4x10 Steel 4.6 Plain:2,Hexalobular Socket Pan Head Screw ISO 14583 - M4x10 Steel 4.6 Plain,Hexalobular_Socket_Pan_Head_Screw_ISO_14583_-_M3x10_Steel_4.6_Plain,True,-0.000000,0.000000,1.000000,2.975000,-0.258819,0.965926,-0.000000,-16.989158,-0.965926,-0.258819,-0.000000,33.589923,0.000000,0.000000,0.000000,1.000000
000_right_arm_long_wrist_latest:1+Hexalobular Socket Pan Head Screw ISO 14583 - M4x10 Steel 4.6 Plain:3,Hexalobular Socket Pan Head Screw ISO 14583 - M4x10 Steel 4.6 Plain,Hexalobular_Socket_Pan_Head_Screw_ISO_14583_-_M3x10_Steel_4.6_Plain,True,0.000000,0.000000,1.000000,2.975000,-0.258819,0.965926,-0.000000,-18.149235,-0.965926,-0.258819,0.000000,33.900764,0.000000,0.000000,0.000000,1.000000
000_right_arm_long_wrist_latest:1+Hexalobular Socket Pan Head Screw ISO 14583 - M4x10 Steel 4.6 Plain:4,Hexalobular Socket Pan Head Screw ISO 14583 - M4x10 Steel 4.6 Plain,Hexalobular_Socket_Pan_Head_Screw_ISO_14583_-_M3x10_Steel_4.6_Plain,True,0.000000,0.000000,1.000000,2.975000,-0.258819,0.965926,-0.000000,-18.460077,-0.965926,-0.258819,0.000000,35.060841,0.000000,0.000000,0.000000,1.000000
000_right_arm_long_wrist_latest:1+Hexalobular Socket Pan Head Screw ISO 14583 - M4x10 Steel 4.6 Plain:5,Hexalobular Socket Pan Head Screw ISO 14583 - M4x10 Steel 4.6 Plain,Hexalobular_Socket_Pan_Head_Screw_ISO_14583_-_M3x10_Steel_4.6_Plain,True,-0.000000,0.000000,1.000000,2.975000,-0.258819,0.965926,-0.000000,-17.610842,-0.965926,-0.258819,-0.000000,35.910076,0.000000,0.000000,0.000000,1.000000
000_right_arm_long_wrist_latest:1+Hexalobular Socket Pan Head Screw ISO 14583 - M4x10 Steel 4.6 Plain:6,Hexalobular Socket Pan Head Screw ISO 14583 - M4x10 Steel 4.6 Plain,Hexalobular_Socket_Pan_Head_Screw_ISO_14583_-_M3x10_Steel_4.6_Plain,True,-0.000000,0.000000,1.000000,2.975000,-0.258819,0.965926,-0.000000,-16.450765,-0.965926,-0.258819,-0.000000,35.599235,0.000000,0.000000,0.000000,1.000000
000_right_arm_long_wrist_latest:1+Hexalobular Socket Pan Head Screw ISO 14583 - M4x10 Steel 4.6 Plain:7,Hexalobular Socket Pan Head Screw ISO 14583 - M4x10 Steel 4.6 Plain,Hexalobular_Socket_Pan_Head_Screw_ISO_14583_-_M3x10_Steel_4.6_Plain,True,1.000000,0.000000,-0.000000,-0.600000,0.000000,-0.965926,-0.258819,-20.969655,-0.000000,0.258819,-0.965926,25.069936,0.000000,0.000000,0.000000,1.000000
000_right_arm_long_wrist_latest:1+Hexalobular Socket Pan Head Screw ISO 14583 - M4x10 Steel 4.6 Plain:8,Hexalobular Socket Pan Head Screw ISO 14583 - M4x10 Steel 4.6 Plain,Hexalobular_Socket_Pan_Head_Screw_ISO_14583_-_M3x10_Steel_4.6_Plain,True,1.000000,0.000000,-0.000000,-1.200000,0.000000,-0.965926,-0.258819,-19.965836,-0.000000,0.258819,-0.965926,24.800963,0.000000,0.000000,0.000000,1.000000
000_right_arm_long_wrist_latest:1+Hexalobular Socket Pan Head Screw ISO 14583 - M4x10 Steel 4.6 Plain:9,Hexalobular Socket Pan Head Screw ISO 14583 - M4x10 Steel 4.6 Plain,Hexalobular_Socket_Pan_Head_Screw_ISO_14583_-_M3x10_Steel_4.6_Plain,True,1.000000,0.000000,-0.000000,0.600000,0.000000,-0.965926,-0.258819,-20.969655,-0.000000,0.258819,-0.965926,25.069936,0.000000,0.000000,0.000000,1.000000
000_right_arm_long_wrist_latest:1+Hexalobular Socket Pan Head Screw ISO 14583 - M4x10 Steel 4.6 Plain:10,Hexalobular Socket Pan Head Screw ISO 14583 - M4x10 Steel 4.6 Plain,Hexalobular_Socket_Pan_Head_Screw_ISO_14583_-_M3x10_Steel_4.6_Plain,True,1.000000,0.000000,-0.000000,1.200000,0.000000,-0.965926,-0.258819,-19.965836,-0.000000,0.258819,-0.965926,24.800963,0.000000,0.000000,0.000000,1.000000
000_right_arm_long_wrist_latest:1+Hexalobular Socket Pan Head Screw ISO 14583 - M4x10 Steel 4.6 Plain:11,Hexalobular Socket Pan Head Screw ISO 14583 - M4x10 Steel 4.6 Plain,Hexalobular_Socket_Pan_Head_Screw_ISO_14583_-_M3x10_Steel_4.6_Plain,True,1.000000,0.000000,-0.000000,0.600000,0.000000,-0.965926,-0.258819,-18.962016,-0.000000,0.258819,-0.965926,24.531991,0.000000,0.000000,0.000000,1.000000
000_right_arm_long_wrist_latest:1+Hexalobular Socket Pan Head Screw ISO 14583 - M4x10 Steel 4.6 Plain:12,Hexalobular Socket Pan Head Screw ISO 14583 - M4x10 Steel 4.6 Plain,Hexalobular_Socket_Pan_Head_Screw_ISO_14583_-_M3x10_Steel_4.6_Plain,True,1.000000,0.000000,-0.000000,-0.600000,0.000000,-0.965926,-0.258819,-18.962016,-0.000000,0.258819,-0.965926,24.531991,0.000000,0.000000,0.000000,1.000000
000_right_arm_long_wrist_latest:1+Hexalobular Socket Pan Head Screw ISO 14583 - M4x10 Steel 4.6 Plain:19,Hexalobular Socket Pan Head Screw ISO 14583 - M4x10 Steel 4.6 Plain,Hexalobular_Socket_Pan_Head_Screw_ISO_14583_-_M3x10_Steel_4.6_Plain,True,-0.000000,1.000000,0.000000,-0.000000,0.000000,0.000000,-1.000000,-8.700000,-1.000000,-0.000000,-0.000000,36.268000,0.000000,0.000000,0.000000,1.000000
000_right_arm_long_wrist_latest:1+Hexalobular Socket Pan Head Screw ISO 14583 - M4x10 Steel 4.6 Plain:20,Hexalobular Socket Pan Head Screw ISO 14583 - M4x10 Steel 4.6 Plain,Hexalobular_Socket_Pan_Head_Screw_ISO_14583_-_M3x10_Steel_4.6_Plain,True,-0.000000,1.000000,0.000000,1.314627,0.000000,0.000000,-1.000000,-8.700000,-1.000000,-0.000000,-0.000000,35.509000,0.000000,0.000000,0.000000,1.000000
000_right_arm_long_wrist_latest:1+Hexalobular Socket Pan Head Screw ISO 14583 - M4x10 Steel 4.6 Plain:21,Hexalobular Socket Pan Head Screw ISO 14583 - M4x10 Steel 4.6 Plain,Hexalobular_Socket_Pan_Head_Screw_ISO_14583_-_M3x10_Steel_4.6_Plain,True,-0.000000,1.000000,0.000000,1.314627,0.000000,0.000000,-1.000000,-8.700000,-1.000000,-0.000000,-0.000000,33.991000,0.000000,0.000000,0.000000,1.000000
000_right_arm_long_wrist_latest:1+Hexalobular Socket Pan Head Screw ISO 14583 - M4x10 Steel 4.6 Plain:22,Hexalobular Socket Pan Head Screw ISO 14583 - M4x10 Steel 4.6 Plain,Hexalobular_Socket_Pan_Head_Screw_ISO_14583_-_M3x10_Steel_4.6_Plain,True,-0.000000,1.000000,0.000000,-1.314627,0.000000,0.000000,-1.000000,-8.700000,-1.000000,-0.000000,-0.000000,33.991000,0.000000,0.000000,0.000000,1.000000
000_right_arm_long_wrist_latest:1+Hexalobular Socket Pan Head Screw ISO 14583 - M4x10 Steel 4.6 Plain:23,Hexalobular Socket Pan Head Screw ISO 14583 - M4x10 Steel 4.6 Plain,Hexalobular_Socket_Pan_Head_Screw_ISO_14583_-_M3x10_Steel_4.6_Plain,True,-0.000000,1.000000,0.000000,-0.000000,0.000000,0.000000,-1.000000,-8.700000,-1.000000,-0.000000,-0.000000,33.232000,0.000000,0.000000,0.000000,1.000000
000_right_arm_long_wrist_latest:1+Hexalobular Socket Pan Head Screw ISO 14583 - M4x10 Steel 4.6 Plain:24,Hexalobular Socket Pan Head Screw ISO 14583 - M4x10 Steel 4.6 Plain,Hexalobular_Socket_Pan_Head_Screw_ISO_14583_-_M3x10_Steel_4.6_Plain,True,-0.000000,1.000000,0.000000,-1.314627,0.000000,0.000000,-1.000000,-8.700000,-1.000000,-0.000000,-0.000000,35.509000,0.000000,0.000000,0.000000,1.000000
000_right_arm_long_wrist_latest:1+Hexalobular Socket Pan Head Screw ISO 14583 - M3x10 Steel 4.6 Plain:52,Hexalobular Socket Pan Head Screw ISO 14583 - M3x10 Steel 4.6 Plain,Hexalobular_Socket_Pan_Head_Screw_ISO_14583_-_M3x10_Steel_4.6_Plain,True,-1.000000,-0.000000,0.000000,1.248374,0.000000,-0.965926,0.258819,-15.591670,0.000000,0.258819,0.965926,27.873542,0.000000,0.000000,0.000000,1.000000
000_right_arm_long_wrist_latest:1+Hexalobular Socket Pan Head Screw ISO 14583 - M3x10 Steel 4.6 Plain:53,Hexalobular Socket Pan Head Screw ISO 14583 - M3x10 Steel 4.6 Plain,Hexalobular_Socket_Pan_Head_Screw_ISO_14583_-_M3x10_Steel_4.6_Plain,True,-1.000000,-0.000000,0.000000,-3.160993,0.000000,-0.965926,0.258819,-17.141863,0.000000,0.258819,0.965926,28.288915,0.000000,0.000000,0.000000,1.000000
000_right_arm_long_wrist_latest:1+Hexalobular Socket Pan Head Screw ISO 14583 - M3x10 Steel 4.6 Plain:54,Hexalobular Socket Pan Head Screw ISO 14583 - M3x10 Steel 4.6 Plain,Hexalobular_Socket_Pan_Head_Screw_ISO_14583_-_M3x10_Steel_4.6_Plain,True,-1.000000,-0.000000,0.000000,-3.594548,0.000000,-0.965926,0.258819,-19.516897,0.000000,0.258819,0.965926,28.925303,0.000000,0.000000,0.000000,1.000000
000_right_arm_long_wrist_latest:1+Hexalobular Socket Pan Head Screw ISO 14583 - M3x10 Steel 4.6 Plain:55,Hexalobular Socket Pan Head Screw ISO 14583 - M3x10 Steel 4.6 Plain,Hexalobular_Socket_Pan_Head_Screw_ISO_14583_-_M3x10_Steel_4.6_Plain,True,-1.000000,-0.000000,0.000000,3.594548,0.000000,-0.965926,0.258819,-19.516897,0.000000,0.258819,0.965926,28.925303,0.000000,0.000000,0.000000,1.000000
000_right_arm_long_wrist_latest:1+Hexalobular Socket Pan Head Screw ISO 14583 - M3x10 Steel 4.6 Plain:56,Hexalobular Socket Pan Head Screw ISO 14583 - M3x10 Steel 4.6 Plain,Hexalobular_Socket_Pan_Head_Screw_ISO_14583_-_M3x10_Steel_4.6_Plain,True,-1.000000,-0.000000,0.000000,3.160993,0.000000,-0.965926,0.258819,-17.141863,0.000000,0.258819,0.965926,28.288915,0.000000,0.000000,0.000000,1.000000
000_right_arm_long_wrist_latest:1+Hexalobular Socket Pan Head Screw ISO 14583 - M3x10 Steel 4.6 Plain:57,Hexalobular Socket Pan Head Screw ISO 14583 - M3x10 Steel 4.6 Plain,Hexalobular_Socket_Pan_Head_Screw_ISO_14583_-_M3x10_Steel_4.6_Plain,True,-1.000000,-0.000000,0.000000,2.346175,0.000000,-0.965926,0.258819,-21.605466,0.000000,0.258819,0.965926,29.484933,0.000000,0.000000,0.000000,1.000000
000_right_arm_long_wrist_latest:1+Hexalobular Socket Pan Head Screw ISO 14583 - M3x10 Steel 4.6 Plain:58,Hexalobular Socket Pan Head Screw ISO 14583 - M3x10 Steel 4.6 Plain,Hexalobular_Socket_Pan_Head_Screw_ISO_14583_-_M3x10_Steel_4.6_Plain,True,-1.000000,-0.000000,0.000000,0.000000,0.000000,-0.965926,0.258819,-22.430307,0.000000,0.258819,0.965926,29.705948,0.000000,0.000000,0.000000,1.000000
000_right_arm_long_wrist_latest:1+Hexalobular Socket Pan Head Screw ISO 14583 - M3x10 Steel 4.6 Plain:59,Hexalobular Socket Pan Head Screw ISO 14583 - M3x10 Steel 4.6 Plain,Hexalobular_Socket_Pan_Head_Screw_ISO_14583_-_M3x10_Steel_4.6_Plain,True,-1.000000,-0.000000,0.000000,-1.248374,0.000000,-0.965926,0.258819,-15.591670,0.000000,0.258819,0.965926,27.873542,0.000000,0.000000,0.000000,1.000000
000_right_arm_long_wrist_latest:1+Hexalobular Socket Pan Head Screw ISO 14583 - M3x10 Steel 4.6 Plain:86,Hexalobular Socket Pan Head Screw ISO 14583 - M3x10 Steel 4.6 Plain,Hexalobular_Socket_Pan_Head_Screw_ISO_14583_-_M3x10_Steel_4.6_Plain,True,0.000000,0.000000,1.000000,2.675000,-0.000000,-1.000000,0.000000,-15.730998,1.000000,-0.000000,-0.000000,30.962093,0.000000,0.000000,0.000000,1.000000
000_right_arm_long_wrist_latest:1+Hexalobular Socket Pan Head Screw ISO 14583 - M3x10 Steel 4.6 Plain:87,Hexalobular Socket Pan Head Screw ISO 14583 - M3x10 Steel 4.6 Plain,Hexalobular_Socket_Pan_Head_Screw_ISO_14583_-_M3x10_Steel_4.6_Plain,True,0.000000,0.000000,1.000000,2.675000,-0.000000,-1.000000,0.000000,-21.087906,1.000000,-0.000000,-0.000000,33.180997,0.000000,0.000000,0.000000,1.000000
000_right_arm_long_wrist_latest:1+Hexalobular Socket Pan Head Screw ISO 14583 - M3x10 Steel 4.6 Plain:88,Hexalobular Socket Pan Head Screw ISO 14583 - M3x10 Steel 4.6 Plain,Hexalobular_Socket_Pan_Head_Screw_ISO_14583_-_M3x10_Steel_4.6_Plain,True,0.000000,0.000000,1.000000,2.675000,-0.000000,-1.000000,0.000000,-18.869002,1.000000,-0.000000,-0.000000,30.962093,0.000000,0.000000,0.000000,1.000000
000_right_arm_long_wrist_latest:1+Hexalobular Socket Pan Head Screw ISO 14583 - M3x10 Steel 4.6 Plain:89,Hexalobular Socket Pan Head Screw ISO 14583 - M3x10 Steel 4.6 Plain,Hexalobular_Socket_Pan_Head_Screw_ISO_14583_-_M3x10_Steel_4.6_Plain,True,0.000000,0.000000,1.000000,2.675000,-0.000000,-1.000000,0.000000,-13.512094,1.000000,-0.000000,-0.000000,33.180998,0.000000,0.000000,0.000000,1.000000
000_right_arm_long_wrist_latest:1+Hexalobular Socket Pan Head Screw ISO 14583 - M3x10 Steel 4.6 Plain:90,Hexalobular Socket Pan Head Screw ISO 14583 - M3x10 Steel 4.6 Plain,Hexalobular_Socket_Pan_Head_Screw_ISO_14583_-_M3x10_Steel_4.6_Plain,True,0.000000,0.000000,1.000000,2.675000,-0.000000,-1.000000,0.000000,-15.730998,1.000000,-0.000000,-0.000000,38.537906,0.000000,0.000000,0.000000,1.000000
000_right_arm_long_wrist_latest:1+Hexalobular Socket Pan Head Screw ISO 14583 - M3x10 Steel 4.6 Plain:91,Hexalobular Socket Pan Head Screw ISO 14583 - M3x10 Steel 4.6 Plain,Hexalobular_Socket_Pan_Head_Screw_ISO_14583_-_M3x10_Steel_4.6_Plain,True,0.000000,0.000000,1.000000,2.675000,-0.000000,-1.000000,0.000000,-18.869002,1.000000,-0.000000,-0.000000,38.537905,0.000000,0.000000,0.000000,1.000000
000_right_arm_long_wrist_latest:1+Hexalobular Socket Pan Head Screw ISO 14583 - M3x10 Steel 4.6 Plain:92,Hexalobular Socket Pan Head Screw ISO 14583 - M3x10 Steel 4.6 Plain,Hexalobular_Socket_Pan_Head_Screw_ISO_14583_-_M3x10_Steel_4.6_Plain,True,0.000000,0.000000,1.000000,2.675000,-0.000000,-1.000000,0.000000,-13.512094,1.000000,-0.000000,-0.000000,36.319002,0.000000,0.000000,0.000000,1.000000
000_right_arm_long_wrist_latest:1+Hexalobular Socket Pan Head Screw ISO 14583 - M3x10 Steel 4.6 Plain:93,Hexalobular Socket Pan Head Screw ISO 14583 - M3x10 Steel 4.6 Plain,Hexalobular_Socket_Pan_Head_Screw_ISO_14583_-_M3x10_Steel_4.6_Plain,True,0.000000,0.000000,1.000000,2.675000,-0.000000,-1.000000,0.000000,-21.087906,1.000000,-0.000000,-0.000000,36.319001,0.000000,0.000000,0.000000,1.000000
000_right_arm_long_wrist_latest:1+Hexalobular Socket Pan Head Screw ISO 14583 - M3x10 Steel 4.6 Plain:94,Hexalobular Socket Pan Head Screw ISO 14583 - M3x10 Steel 4.6 Plain,Hexalobular_Socket_Pan_Head_Screw_ISO_14583_-_M3x10_Steel_4.6_Plain,True,0.000000,-0.000000,-1.000000,-1.275000,-0.000000,1.000000,-0.000000,-15.730998,1.000000,0.000000,0.000000,30.962093,0.000000,0.000000,0.000000,1.000000
000_right_arm_long_wrist_latest:1+Hexalobular Socket Pan Head Screw ISO 14583 - M3x10 Steel 4.6 Plain:95,Hexalobular Socket Pan Head Screw ISO 14583 - M3x10 Steel 4.6 Plain,Hexalobular_Socket_Pan_Head_Screw_ISO_14583_-_M3x10_Steel_4.6_Plain,True,0.000000,-0.000000,-1.000000,-1.275000,-0.000000,1.000000,-0.000000,-13.512094,1.000000,0.000000,0.000000,33.180998,0.000000,0.000000,0.000000,1.000000
000_right_arm_long_wrist_latest:1+Hexalobular Socket Pan Head Screw ISO 14583 - M3x10 Steel 4.6 Plain:96,Hexalobular Socket Pan Head Screw ISO 14583 - M3x10 Steel 4.6 Plain,Hexalobular_Socket_Pan_Head_Screw_ISO_14583_-_M3x10_Steel_4.6_Plain,True,0.000000,-0.000000,-1.000000,-1.275000,-0.000000,1.000000,-0.000000,-21.087906,1.000000,0.000000,0.000000,33.180997,0.000000,0.000000,0.000000,1.000000
000_right_arm_long_wrist_latest:1+Hexalobular Socket Pan Head Screw ISO 14583 - M3x10 Steel 4.6 Plain:97,Hexalobular Socket Pan Head Screw ISO 14583 - M3x10 Steel 4.6 Plain,Hexalobular_Socket_Pan_Head_Screw_ISO_14583_-_M3x10_Steel_4.6_Plain,True,0.000000,-0.000000,-1.000000,-1.275000,-0.000000,1.000000,-0.000000,-18.869002,1.000000,0.000000,0.000000,30.962093,0.000000,0.000000,0.000000,1.000000
000_right_arm_long_wrist_latest:1+Hexalobular Socket Pan Head Screw ISO 14583 - M3x10 Steel 4.6 Plain:98,Hexalobular Socket Pan Head Screw ISO 14583 - M3x10 Steel 4.6 Plain,Hexalobular_Socket_Pan_Head_Screw_ISO_14583_-_M3x10_Steel_4.6_Plain,True,0.000000,-0.000000,-1.000000,-1.275000,-0.000000,1.000000,-0.000000,-21.087906,1.000000,0.000000,0.000000,36.319001,0.000000,0.000000,0.000000,1.000000
000_right_arm_long_wrist_latest:1+Hexalobular Socket Pan Head Screw ISO 14583 - M3x10 Steel 4.6 Plain:99,Hexalobular Socket Pan Head Screw ISO 14583 - M3x10 Steel 4.6 Plain,Hexalobular_Socket_Pan_Head_Screw_ISO_14583_-_M3x10_Steel_4.6_Plain,True,0.000000,-0.000000,-1.000000,-1.275000,-0.000000,1.000000,-0.000000,-15.730998,1.000000,0.000000,0.000000,38.537906,0.000000,0.000000,0.000000,1.000000
000_right_arm_long_wrist_latest:1+Hexalobular Socket Pan Head Screw ISO 14583 - M3x10 Steel 4.6 Plain:100,Hexalobular Socket Pan Head Screw ISO 14583 - M3x10 Steel 4.6 Plain,Hexalobular_Socket_Pan_Head_Screw_ISO_14583_-_M3x10_Steel_4.6_Plain,True,0.000000,-0.000000,-1.000000,-1.275000,-0.000000,1.000000,-0.000000,-13.512094,1.000000,0.000000,0.000000,36.319002,0.000000,0.000000,0.000000,1.000000
000_right_arm_long_wrist_latest:1+Hexalobular Socket Pan Head Screw ISO 14583 - M3x10 Steel 4.6 Plain:101,Hexalobular Socket Pan Head Screw ISO 14583 - M3x10 Steel 4.6 Plain,Hexalobular_Socket_Pan_Head_Screw_ISO_14583_-_M3x10_Steel_4.6_Plain,True,0.000000,-0.000000,-1.000000,-1.275000,-0.000000,1.000000,-0.000000,-18.869002,1.000000,0.000000,0.000000,38.537905,0.000000,0.000000,0.000000,1.000000
000_right_arm_long_wrist_latest:1+Hexalobular Socket Pan Head Screw ISO 14583 - M3x10 Steel 4.6 Plain:110,Hexalobular Socket Pan Head Screw ISO 14583 - M3x10 Steel 4.6 Plain,Hexalobular_Socket_Pan_Head_Screw_ISO_14583_-_M3x10_Steel_4.6_Plain,True,1.000000,0.000000,-0.000000,2.346175,0.000000,-0.965926,-0.258819,-17.109755,-0.000000,0.258819,-0.965926,24.656845,0.000000,0.000000,0.000000,1.000000
000_right_arm_long_wrist_latest:1+Hexalobular Socket Pan Head Screw ISO 14583 - M3x10 Steel 4.6 Plain:111,Hexalobular Socket Pan Head Screw ISO 14583 - M3x10 Steel 4.6 Plain,Hexalobular_Socket_Pan_Head_Screw_ISO_14583_-_M3x10_Steel_4.6_Plain,True,1.000000,0.000000,-0.000000,3.160993,0.000000,-0.965926,-0.258819,-21.573359,-0.000000,0.258819,-0.965926,25.852863,0.000000,0.000000,0.000000,1.000000
000_right_arm_long_wrist_latest:1+Hexalobular Socket Pan Head Screw ISO 14583 - M3x10 Steel 4.6 Plain:112,Hexalobular Socket Pan Head Screw ISO 14583 - M3x10 Steel 4.6 Plain,Hexalobular_Socket_Pan_Head_Screw_ISO_14583_-_M3x10_Steel_4.6_Plain,True,1.000000,0.000000,0.000000,1.248374,0.000000,-0.965926,-0.258819,-23.123552,-0.000000,0.258819,-0.965926,26.268236,0.000000,0.000000,0.000000,1.000000
000_right_arm_long_wrist_latest:1+Hexalobular Socket Pan Head Screw ISO 14583 - M3x10 Steel 4.6 Plain:113,Hexalobular Socket Pan Head Screw ISO 14583 - M3x10 Steel 4.6 Plain,Hexalobular_Socket_Pan_Head_Screw_ISO_14583_-_M3x10_Steel_4.6_Plain,True,1.000000,0.000000,-0.000000,-1.248374,0.000000,-0.965926,-0.258819,-23.123552,-0.000000,0.258819,-0.965926,26.268236,0.000000,0.000000,0.000000,1.000000
000_right_arm_long_wrist_latest:1+Hexalobular Socket Pan Head Screw ISO 14583 - M3x10 Steel 4.6 Plain:114,Hexalobular Socket Pan Head Screw ISO 14583 - M3x10 Steel 4.6 Plain,Hexalobular_Socket_Pan_Head_Screw_ISO_14583_-_M3x10_Steel_4.6_Plain,True,1.000000,0.000000,-0.000000,-3.594548,0.000000,-0.965926,-0.258819,-19.198325,-0.000000,0.258819,-0.965926,25.216475,0.000000,0.000000,0.000000,1.000000
000_right_arm_long_wrist_latest:1+Hexalobular Socket Pan Head Screw ISO 14583 - M3x10 Steel 4.6 Plain:115,Hexalobular Socket Pan Head Screw ISO 14583 - M3x10 Steel 4.6 Plain,Hexalobular_Socket_Pan_Head_Screw_ISO_14583_-_M3x10_Steel_4.6_Plain,True,1.000000,0.000000,-0.000000,-3.160993,0.000000,-0.965926,-0.258819,-21.573359,-0.000000,0.258819,-0.965926,25.852863,0.000000,0.000000,0.000000,1.000000
000_right_arm_long_wrist_latest:1+Hexalobular Socket Pan Head Screw ISO 14583 - M3x10 Steel 4.6 Plain:116,Hexalobular Socket Pan Head Screw ISO 14583 - M3x10 Steel 4.6 Plain,Hexalobular_Socket_Pan_Head_Screw_ISO_14583_-_M3x10_Steel_4.6_Plain,True,1.000000,0.000000,-0.000000,-2.346175,0.000000,-0.965926,-0.258819,-17.109755,-0.000000,0.258819,-0.965926,24.656845,0.000000,0.000000,0.000000,1.000000
000_right_arm_long_wrist_latest:1+Hexalobular Socket Pan Head Screw ISO 14583 - M3x10 Steel 4.6 Plain:117,Hexalobular Socket Pan Head Screw ISO 14583 - M3x10 Steel 4.6 Plain,Hexalobular_Socket_Pan_Head_Screw_ISO_14583_-_M3x10_Steel_4.6_Plain,True,1.000000,0.000000,-0.000000,0.000000,0.000000,-0.965926,-0.258819,-16.284915,-0.000000,0.258819,-0.965926,24.435829,0.000000,0.000000,0.000000,1.000000
000_right_arm_long_wrist_latest:1+Hexalobular Socket Pan Head Screw ISO 14583 - M3x10 Steel 4.6 Plain:118,Hexalobular Socket Pan Head Screw ISO 14583 - M3x10 Steel 4.6 Plain,Hexalobular_Socket_Pan_Head_Screw_ISO_14583_-_M3x10_Steel_4.6_Plain,True,1.000000,0.000000,-0.000000,3.594548,0.000000,-0.965926,-0.258819,-19.198325,-0.000000,0.258819,-0.965926,25.216475,0.000000,0.000000,0.000000,1.000000
000_right_arm_long_wrist_latest:1+Hexalobular Socket Pan Head Screw ISO 14583 - M3x10 Steel 4.6 Plain:119,Hexalobular Socket Pan Head Screw ISO 14583 - M3x10 Steel 4.6 Plain,Hexalobular_Socket_Pan_Head_Screw_ISO_14583_-_M3x10_Steel_4.6_Plain,True,-0.808401,-0.588632,-0.000000,-0.250798,-0.568575,0.780855,-0.258819,-28.685394,0.152349,-0.209230,-0.965926,6.328310,0.000000,0.000000,0.000000,1.000000
000_right_arm_long_wrist_latest:1+Hexalobular Socket Pan Head Screw ISO 14583 - M3x10 Steel 4.6 Plain:120,Hexalobular Socket Pan Head Screw ISO 14583 - M3x10 Steel 4.6 Plain,Hexalobular_Socket_Pan_Head_Screw_ISO_14583_-_M3x10_Steel_4.6_Plain,True,-0.808401,-0.588632,-0.000000,-3.028123,-0.568575,0.780855,-0.258819,-23.199652,0.152349,-0.209230,-0.965926,4.858411,0.000000,0.000000,0.000000,1.000000
000_right_arm_long_wrist_latest:1+Hexalobular Socket Pan Head Screw ISO 14583 - M3x10 Steel 4.6 Plain:121,Hexalobular Socket Pan Head Screw ISO 14583 - M3x10 Steel 4.6 Plain,Hexalobular_Socket_Pan_Head_Screw_ISO_14583_-_M3x10_Steel_4.6_Plain,True,-0.808401,-0.588632,-0.000000,-2.532752,-0.568575,0.780855,-0.258819,-27.706786,0.152349,-0.209230,-0.965926,6.066093,0.000000,0.000000,0.000000,1.000000
000_right_arm_long_wrist_latest:1+Hexalobular Socket Pan Head Screw ISO 14583 - M3x10 Steel 4.6 Plain:122,Hexalobular Socket Pan Head Screw ISO 14583 - M3x10 Steel 4.6 Plain,Hexalobular_Socket_Pan_Head_Screw_ISO_14583_-_M3x10_Steel_4.6_Plain,True,-0.808401,-0.588632,0.000000,-1.009750,-0.568575,0.780855,-0.258819,-21.780064,0.152349,-0.209230,-0.965926,4.478033,0.000000,0.000000,0.000000,1.000000
000_right_arm_long_wrist_latest:1+Hexalobular Socket Pan Head Screw ISO 14583 - M3x10 Steel 4.6 Plain:123,Hexalobular Socket Pan Head Screw ISO 14583 - M3x10 Steel 4.6 Plain,Hexalobular_Socket_Pan_Head_Screw_ISO_14583_-_M3x10_Steel_4.6_Plain,True,-0.808401,-0.588632,-0.000000,3.278921,-0.568575,0.780855,-0.258819,-23.619245,0.152349,-0.209230,-0.965926,4.970840,0.000000,0.000000,0.000000,1.000000
000_right_arm_long_wrist_latest:1+Hexalobular Socket Pan Head Screw ISO 14583 - M3x10 Steel 4.6 Plain:124,Hexalobular Socket Pan Head Screw ISO 14583 - M3x10 Steel 4.6 Plain,Hexalobular_Socket_Pan_Head_Screw_ISO_14583_-_M3x10_Steel_4.6_Plain,True,-0.808401,-0.588632,-0.000000,1.481096,-0.568575,0.780855,-0.258819,-21.945774,0.152349,-0.209230,-0.965926,4.522435,0.000000,0.000000,0.000000,1.000000
000_right_arm_long_wrist_latest:1+Hexalobular Socket Pan Head Screw ISO 14583 - M3x10 Steel 4.6 Plain:125,Hexalobular Socket Pan Head Screw ISO 14583 - M3x10 Steel 4.6 Plain,Hexalobular_Socket_Pan_Head_Screw_ISO_14583_-_M3x10_Steel_4.6_Plain,True,-0.808401,-0.588632,-0.000000,3.542502,-0.568575,0.780855,-0.258819,-26.017441,0.152349,-0.209230,-0.965926,5.613435,0.000000,0.000000,0.000000,1.000000
000_right_arm_long_wrist_latest:1+Hexalobular Socket Pan Head Screw ISO 14583 - M3x10 Steel 4.6 Plain:126,Hexalobular Socket Pan Head Screw ISO 14583 - M3x10 Steel 4.6 Plain,Hexalobular_Socket_Pan_Head_Screw_ISO_14583_-_M3x10_Steel_4.6_Plain,True,-0.808401,-0.588632,0.000000,2.148507,-0.568575,0.780855,-0.258819,-28.018219,0.152349,-0.209230,-0.965926,6.149542,0.000000,0.000000,0.000000,1.000000
000_right_arm_long_wrist_latest:1+Hexalobular Socket Pan Head Screw ISO 14583 - M3x10 Steel 4.6 Plain:127,Hexalobular Socket Pan Head Screw ISO 14583 - M3x10 Steel 4.6 Plain,Hexalobular_Socket_Pan_Head_Screw_ISO_14583_-_M3x10_Steel_4.6_Plain,True,-0.808401,-0.588632,-0.000000,-3.629603,-0.568575,0.780855,-0.258819,-25.540297,0.152349,-0.209230,-0.965926,5.485585,0.000000,0.000000,0.000000,1.000000
000_right_arm_long_wrist_latest:1+Hexalobular Socket Pan Head Screw ISO 14583 - M3x10 Steel 4.6 Plain:128,Hexalobular Socket Pan Head Screw ISO 14583 - M3x10 Steel 4.6 Plain,Hexalobular_Socket_Pan_Head_Screw_ISO_14583_-_M3x10_Steel_4.6_Plain,True,-1.000000,-0.000000,-0.000000,2.500000,-0.000000,0.258819,0.965926,-25.471562,0.000000,0.965926,-0.258819,-3.280917,0.000000,0.000000,0.000000,1.000000
000_right_arm_long_wrist_latest:1+Hexalobular Socket Pan Head Screw ISO 14583 - M3x10 Steel 4.6 Plain:129,Hexalobular Socket Pan Head Screw ISO 14583 - M3x10 Steel 4.6 Plain,Hexalobular_Socket_Pan_Head_Screw_ISO_14583_-_M3x10_Steel_4.6_Plain,True,-1.000000,-0.000000,-0.000000,1.250000,-0.000000,0.258819,0.965926,-24.911203,0.000000,0.965926,-0.258819,-1.189626,0.000000,0.000000,0.000000,1.000000
000_right_arm_long_wrist_latest:1+Hexalobular Socket Pan Head Screw ISO 14583 - M3x10 Steel 4.6 Plain:130,Hexalobular Socket Pan Head Screw ISO 14583 - M3x10 Steel 4.6 Plain,Hexalobular_Socket_Pan_Head_Screw_ISO_14583_-_M3x10_Steel_4.6_Plain,True,-1.000000,-0.000000,-0.000000,1.250000,-0.000000,0.258819,0.965926,-26.031922,0.000000,0.965926,-0.258819,-5.372207,0.000000,0.000000,0.000000,1.000000
000_right_arm_long_wrist_latest:1+Hexalobular Socket Pan Head Screw ISO 14583 - M3x10 Steel 4.6 Plain:131,Hexalobular Socket Pan Head Screw ISO 14583 - M3x10 Steel 4.6 Plain,Hexalobular_Socket_Pan_Head_Screw_ISO_14583_-_M3x10_Steel_4.6_Plain,True,-1.000000,-0.000000,-0.000000,-2.500000,-0.000000,0.258819,0.965926,-25.471562,0.000000,0.965926,-0.258819,-3.280917,0.000000,0.000000,0.000000,1.000000
000_right_arm_long_wrist_latest:1+Hexalobular Socket Pan Head Screw ISO 14583 - M3x10 Steel 4.6 Plain:132,Hexalobular Socket Pan Head Screw ISO 14583 - M3x10 Steel 4.6 Plain,Hexalobular_Socket_Pan_Head_Screw_ISO_14583_-_M3x10_Steel_4.6_Plain,True,-1.000000,-0.000000,-0.000000,-1.250000,-0.000000,0.258819,0.965926,-26.031922,0.000000,0.965926,-0.258819,-5.372207,0.000000,0.000000,0.000000,1.000000
000_right_arm_long_wrist_latest:1+Hexalobular Socket Pan Head Screw ISO 14583 - M3x10 Steel 4.6 Plain:133,Hexalobular Socket Pan Head Screw ISO 14583 - M3x10 Steel 4.6 Plain,Hexalobular_Socket_Pan_Head_Screw_ISO_14583_-_M3x10_Steel_4.6_Plain,True,-1.000000,-0.000000,-0.000000,-1.250000,-0.000000,0.258819,0.965926,-24.911203,0.000000,0.965926,-0.258819,-1.189626,0.000000,0.000000,0.000000,1.000000
000_right_arm_long_wrist_latest:1+Hexalobular Socket Pan Head Screw ISO 14583 - M4x10 Steel 4.6 Plain:25,Hexalobular Socket Pan Head Screw ISO 14583 - M4x10 Steel 4.6 Plain,Hexalobular_Socket_Pan_Head_Screw_ISO_14583_-_M3x10_Steel_4.6_Plain,True,0.000000,-0.000000,-1.000000,-1.300000,-0.965926,0.258819,-0.000000,-28.163031,0.258819,0.965926,-0.000000,-9.806675,0.000000,0.000000,0.000000,1.000000
000_right_arm_long_wrist_latest:1+Hexalobular Socket Pan Head Screw ISO 14583 - M4x10 Steel 4.6 Plain:26,Hexalobular Socket Pan Head Screw ISO 14583 - M4x10 Steel 4.6 Plain,Hexalobular_Socket_Pan_Head_Screw_ISO_14583_-_M3x10_Steel_4.6_Plain,True,0.000000,-0.000000,-1.000000,-1.300000,-0.965926,0.258819,-0.000000,-29.322142,0.258819,0.965926,-0.000000,-10.117258,0.000000,0.000000,0.000000,1.000000
000_right_arm_long_wrist_latest:1+Hexalobular Socket Pan Head Screw ISO 14583 - M4x10 Steel 4.6 Plain:27,Hexalobular Socket Pan Head Screw ISO 14583 - M4x10 Steel 4.6 Plain,Hexalobular_Socket_Pan_Head_Screw_ISO_14583_-_M3x10_Steel_4.6_Plain,True,0.000000,-0.000000,-1.000000,-1.300000,-0.965926,0.258819,-0.000000,-27.852448,0.258819,0.965926,-0.000000,-8.647564,0.000000,0.000000,0.000000,1.000000
000_right_arm_long_wrist_latest:1+Hexalobular Socket Pan Head Screw ISO 14583 - M4x10 Steel 4.6 Plain:28,Hexalobular Socket Pan Head Screw ISO 14583 - M4x10 Steel 4.6 Plain,Hexalobular_Socket_Pan_Head_Screw_ISO_14583_-_M3x10_Steel_4.6_Plain,True,0.000000,-0.000000,-1.000000,-1.300000,-0.965926,0.258819,-0.000000,-29.860087,0.258819,0.965926,-0.000000,-8.109618,0.000000,0.000000,0.000000,1.000000
000_right_arm_long_wrist_latest:1+Hexalobular Socket Pan Head Screw ISO 14583 - M4x10 Steel 4.6 Plain:29,Hexalobular Socket Pan Head Screw ISO 14583 - M4x10 Steel 4.6 Plain,Hexalobular_Socket_Pan_Head_Screw_ISO_14583_-_M3x10_Steel_4.6_Plain,True,0.000000,-0.000000,-1.000000,-1.300000,-0.965926,0.258819,-0.000000,-30.170670,0.258819,0.965926,-0.000000,-9.268729,0.000000,0.000000,0.000000,1.000000
000_right_arm_long_wrist_latest:1+Hexalobular Socket Pan Head Screw ISO 14583 - M4x10 Steel 4.6 Plain:30,Hexalobular Socket Pan Head Screw ISO 14583 - M4x10 Steel 4.6 Plain,Hexalobular_Socket_Pan_Head_Screw_ISO_14583_-_M3x10_Steel_4.6_Plain,True,0.000000,-0.000000,-1.000000,-1.300000,-0.965926,0.258819,-0.000000,-28.700976,0.258819,0.965926,-0.000000,-7.799036,0.000000,0.000000,0.000000,1.000000
000_right_arm_long_wrist_latest:1+Hexalobular Socket Pan Head Screw ISO 14583 - M3x10 Steel 4.6 Plain:148,Hexalobular Socket Pan Head Screw ISO 14583 - M3x10 Steel 4.6 Plain,Hexalobular_Socket_Pan_Head_Screw_ISO_14583_-_M3x10_Steel_4.6_Plain,True,0.000000,1.000000,0.000000,-3.429878,-0.965926,0.000000,0.258819,-23.056394,0.258819,-0.000000,0.965926,8.443491,0.000000,0.000000,0.000000,1.000000
000_right_arm_long_wrist_latest:1+Hexalobular Socket Pan Head Screw ISO 14583 - M3x10 Steel 4.6 Plain:149,Hexalobular Socket Pan Head Screw ISO 14583 - M3x10 Steel 4.6 Plain,Hexalobular_Socket_Pan_Head_Screw_ISO_14583_-_M3x10_Steel_4.6_Plain,True,0.000000,1.000000,0.000000,-3.429878,-0.965926,0.000000,0.258819,-25.468067,0.258819,-0.000000,0.965926,9.089697,0.000000,0.000000,0.000000,1.000000
000_right_arm_long_wrist_latest:1+Hexalobular Socket Pan Head Screw ISO 14583 - M3x10 Steel 4.6 Plain:150,Hexalobular Socket Pan Head Screw ISO 14583 - M3x10 Steel 4.6 Plain,Hexalobular_Socket_Pan_Head_Screw_ISO_14583_-_M3x10_Steel_4.6_Plain,True,0.000000,1.000000,0.000000,-1.825000,-0.965926,0.000000,0.258819,-27.315515,0.258819,-0.000000,0.965926,9.584719,0.000000,0.000000,0.000000,1.000000
000_right_arm_long_wrist_latest:1+Hexalobular Socket Pan Head Screw ISO 14583 - M3x10 Steel 4.6 Plain:151,Hexalobular Socket Pan Head Screw ISO 14583 - M3x10 Steel 4.6 Plain,Hexalobular_Socket_Pan_Head_Screw_ISO_14583_-_M3x10_Steel_4.6_Plain,True,0.000000,1.000000,0.000000,0.633816,-0.965926,0.000000,0.258819,-27.734298,0.258819,-0.000000,0.965926,9.696932,0.000000,0.000000,0.000000,1.000000
000_right_arm_long_wrist_latest:1+Hexalobular Socket Pan Head Screw ISO 14583 - M3x10 Steel 4.6 Plain:152,Hexalobular Socket Pan Head Screw ISO 14583 - M3x10 Steel 4.6 Plain,Hexalobular_Socket_Pan_Head_Screw_ISO_14583_-_M3x10_Steel_4.6_Plain,True,0.000000,1.000000,0.000000,0.633816,-0.965926,0.000000,0.258819,-20.790164,0.258819,-0.000000,0.965926,7.836257,0.000000,0.000000,0.000000,1.000000
000_right_arm_long_wrist_latest:1+Hexalobular Socket Pan Head Screw ISO 14583 - M3x10 Steel 4.6 Plain:153,Hexalobular Socket Pan Head Screw ISO 14583 - M3x10 Steel 4.6 Plain,Hexalobular_Socket_Pan_Head_Screw_ISO_14583_-_M3x10_Steel_4.6_Plain,True,0.000000,1.000000,0.000000,-1.825000,-0.965926,0.000000,0.258819,-21.208946,0.258819,-0.000000,0.965926,7.948469,0.000000,0.000000,0.000000,1.000000
000_right_arm_long_wrist_latest:1+Hexalobular Socket Pan Head Screw ISO 14583 - M3x10 Steel 4.6 Plain:154,Hexalobular Socket Pan Head Screw ISO 14583 - M3x10 Steel 4.6 Plain,Hexalobular_Socket_Pan_Head_Screw_ISO_14583_-_M3x10_Steel_4.6_Plain,True,0.000000,1.000000,0.000000,2.796062,-0.965926,0.000000,0.258819,-21.996000,0.258819,-0.000000,0.965926,8.159360,0.000000,0.000000,0.000000,1.000000
000_right_arm_long_wrist_latest:1+Hexalobular Socket Pan Head Screw ISO 14583 - M3x10 Steel 4.6 Plain:155,Hexalobular Socket Pan Head Screw ISO 14583 - M3x10 Steel 4.6 Plain,Hexalobular_Socket_Pan_Head_Screw_ISO_14583_-_M3x10_Steel_4.6_Plain,True,0.000000,1.000000,0.000000,3.650000,-0.965926,0.000000,0.258819,-24.262231,0.258819,-0.000000,0.965926,8.766594,0.000000,0.000000,0.000000,1.000000
000_right_arm_long_wrist_latest:1+Hexalobular Socket Pan Head Screw ISO 14583 - M3x10 Steel 4.6 Plain:156,Hexalobular Socket Pan Head Screw ISO 14583 - M3x10 Steel 4.6 Plain,Hexalobular_Socket_Pan_Head_Screw_ISO_14583_-_M3x10_Steel_4.6_Plain,True,-0.000000,1.000000,-0.000000,0.675000,0.258819,0.000000,0.965926,-25.580971,0.965926,-0.000000,-0.258819,-4.461977,0.000000,0.000000,0.000000,1.000000
000_right_arm_long_wrist_latest:1+Hexalobular Socket Pan Head Screw ISO 14583 - M3x10 Steel 4.6 Plain:157,Hexalobular Socket Pan Head Screw ISO 14583 - M3x10 Steel 4.6 Plain,Hexalobular_Socket_Pan_Head_Screw_ISO_14583_-_M3x10_Steel_4.6_Plain,True,-0.000000,1.000000,-0.000000,0.675000,0.258819,0.000000,0.965926,-24.975783,0.965926,-0.000000,-0.258819,-2.203383,0.000000,0.000000,0.000000,1.000000
000_right_arm_long_wrist_latest:1+Hexalobular Socket Pan Head Screw ISO 14583 - M3x10 Steel 4.6 Plain:158,Hexalobular Socket Pan Head Screw ISO 14583 - M3x10 Steel 4.6 Plain,Hexalobular_Socket_Pan_Head_Screw_ISO_14583_-_M3x10_Steel_4.6_Plain,True,-0.000000,1.000000,-0.000000,-0.675000,0.258819,0.000000,0.965926,-25.580971,0.965926,-0.000000,-0.258819,-4.461977,0.000000,0.000000,0.000000,1.000000
000_right_arm_long_wrist_latest:1+Hexalobular Socket Pan Head Screw ISO 14583 - M3x10 Steel 4.6 Plain:159,Hexalobular Socket Pan Head Screw ISO 14583 - M3x10 Steel 4.6 Plain,Hexalobular_Socket_Pan_Head_Screw_ISO_14583_-_M3x10_Steel_4.6_Plain,True,-0.000000,1.000000,-0.000000,1.350000,0.258819,0.000000,0.965926,-25.278377,0.965926,-0.000000,-0.258819,-3.332680,0.000000,0.000000,0.000000,1.000000
000_right_arm_long_wrist_latest:1+Hexalobular Socket Pan Head Screw ISO 14583 - M3x10 Steel 4.6 Plain:160,Hexalobular Socket Pan Head Screw ISO 14583 - M3x10 Steel 4.6 Plain,Hexalobular_Socket_Pan_Head_Screw_ISO_14583_-_M3x10_Steel_4.6_Plain,True,-0.000000,1.000000,-0.000000,-1.350000,0.258819,0.000000,0.965926,-25.278377,0.965926,-0.000000,-0.258819,-3.332680,0.000000,0.000000,0.000000,1.000000
000_right_arm_long_wrist_latest:1+Hexalobular Socket Pan Head Screw ISO 14583 - M3x10 Steel 4.6 Plain:161,Hexalobular Socket Pan Head Screw ISO 14583 - M3x10 Steel 4.6 Plain,Hexalobular_Socket_Pan_Head_Screw_ISO_14583_-_M3x10_Steel_4.6_Plain,True,-0.000000,1.000000,-0.000000,-0.675000,0.258819,0.000000,0.965926,-24.975783,0.965926,-0.000000,-0.258819,-2.203383,0.000000,0.000000,0.000000,1.000000
000_right_arm_long_wrist_latest:1+Hexalobular Socket Pan Head Screw ISO 14583 - M3x10 Steel 4.6 Plain:162,Hexalobular Socket Pan Head Screw ISO 14583 - M3x10 Steel 4.6 Plain,Hexalobular_Socket_Pan_Head_Screw_ISO_14583_-_M3x10_Steel_4.6_Plain,True,0.000000,-0.000000,-1.000000,-1.250000,-0.965926,0.258819,-0.000000,-29.282401,0.258819,0.965926,0.000000,-6.900898,0.000000,0.000000,0.000000,1.000000
000_right_arm_long_wrist_latest:1+Hexalobular Socket Pan Head Screw ISO 14583 - M3x10 Steel 4.6 Plain:163,Hexalobular Socket Pan Head Screw ISO 14583 - M3x10 Steel 4.6 Plain,Hexalobular_Socket_Pan_Head_Screw_ISO_14583_-_M3x10_Steel_4.6_Plain,True,0.000000,-0.000000,-1.000000,-1.250000,-0.965926,0.258819,-0.000000,-30.657767,0.258819,0.965926,0.000000,-7.694967,0.000000,0.000000,0.000000,1.000000
000_right_arm_long_wrist_latest:1+Hexalobular Socket Pan Head Screw ISO 14583 - M3x10 Steel 4.6 Plain:164,Hexalobular Socket Pan Head Screw ISO 14583 - M3x10 Steel 4.6 Plain,Hexalobular_Socket_Pan_Head_Screw_ISO_14583_-_M3x10_Steel_4.6_Plain,True,0.000000,-0.000000,-1.000000,-1.250000,-0.965926,0.258819,-0.000000,-26.954311,0.258819,0.965926,0.000000,-8.687305,0.000000,0.000000,0.000000,1.000000
000_right_arm_long_wrist_latest:1+Hexalobular Socket Pan Head Screw ISO 14583 - M3x10 Steel 4.6 Plain:165,Hexalobular Socket Pan Head Screw ISO 14583 - M3x10 Steel 4.6 Plain,Hexalobular_Socket_Pan_Head_Screw_ISO_14583_-_M3x10_Steel_4.6_Plain,True,0.000000,-0.000000,-1.000000,-1.250000,-0.965926,0.258819,-0.000000,-27.365351,0.258819,0.965926,0.000000,-10.221326,0.000000,0.000000,0.000000,1.000000
000_right_arm_long_wrist_latest:1+Hexalobular Socket Pan Head Screw ISO 14583 - M3x10 Steel 4.6 Plain:166,Hexalobular Socket Pan Head Screw ISO 14583 - M3x10 Steel 4.6 Plain,Hexalobular_Socket_Pan_Head_Screw_ISO_14583_-_M3x10_Steel_4.6_Plain,True,0.000000,-0.000000,-1.000000,-1.250000,-0.965926,0.258819,-0.000000,-28.740717,0.258819,0.965926,0.000000,-11.015395,0.000000,0.000000,0.000000,1.000000
000_right_arm_long_wrist_latest:1+Hexalobular Socket Pan Head Screw ISO 14583 - M3x10 Steel 4.6 Plain:167,Hexalobular Socket Pan Head Screw ISO 14583 - M3x10 Steel 4.6 Plain,Hexalobular_Socket_Pan_Head_Screw_ISO_14583_-_M3x10_Steel_4.6_Plain,True,0.000000,-0.000000,-1.000000,-1.250000,-0.965926,0.258819,-0.000000,-31.068807,0.258819,0.965926,0.000000,-9.228989,0.000000,0.000000,0.000000,1.000000
000_right_arm_long_wrist_latest:1+Hexalobular Socket Pan Head Screw ISO 14583 - M3x10 Steel 4.6 Plain:168,Hexalobular Socket Pan Head Screw ISO 14583 - M3x10 Steel 4.6 Plain,Hexalobular_Socket_Pan_Head_Screw_ISO_14583_-_M3x10_Steel_4.6_Plain,True,0.000000,-0.000000,-1.000000,-1.250000,-0.965926,0.258819,-0.000000,-30.274739,0.258819,0.965926,0.000000,-10.604355,0.000000,0.000000,0.000000,1.000000
000_right_arm_long_wrist_latest:1+Hexalobular Socket Pan Head Screw ISO 14583 - M3x10 Steel 4.6 Plain:169,Hexalobular Socket Pan Head Screw ISO 14583 - M3x10 Steel 4.6 Plain,Hexalobular_Socket_Pan_Head_Screw_ISO_14583_-_M3x10_Steel_4.6_Plain,True,0.000000,-0.000000,-1.000000,-1.250000,-0.965926,0.258819,-0.000000,-27.748379,0.258819,0.965926,0.000000,-7.311938,0.000000,0.000000,0.000000,1.000000
