fusion_name,file_name,kind,qty,bodies,children,material,mass_g,bbox_x_mm,bbox_y_mm,bbox_z_mm,linked,out_of_date,path,color_rgb,appearance,com_x_mm,com_y_mm,com_z_mm,ixx,iyy,izz,ixy,iyz,ixz
000_left_arm_long_wrist_latest,000_left_arm_long_wrist_latest,subassembly,1,0,163,,4610.3,112.1,664.2,541.6,True,,000_left_arm_long_wrist_latest:1,,,-1.245,-224.662,-0.129,404037571.1,3329885.8,404035926.7,-932253.8,-267716.2,7166.1
001_left_wrist_long_latest,001_left_wrist_long_latest,subassembly,1,0,4,,867.6,77.9,161.6,488.4,True,,000_left_arm_long_wrist_latest:1+001_left_wrist_long_latest:1,,,0.658,-0.1,-116.297,13490309.4,13510234.6,467538.3,2782.2,-23684.9,56320.5
3DP_arm11_x2_wrist_roll,3DP_arm11_x2_wrist_roll,part,1,1,0,Nylon 12 (with Formlabs Fuse 1 3D Printer),72.1,68.6,47.1,122.3,False,,000_left_arm_long_wrist_latest:1+001_left_wrist_long_latest:1+3DP_arm11_x2_wrist_roll:1,"63,63,63",Nylon 12 (with Formlabs Fuse 1 3D Printer),-0.0,-1.034,-61.501,361989.5,377134.9,34833.9,-0.0,-9663.5,-0.0
robstride00,robstride00,subassembly,2,0,4,,310.0,80.7,80.7,52.1,True,,000_left_arm_long_wrist_latest:1+001_left_wrist_long_latest:1+robstride00:1,,,-0.017,-0.237,-21.065,246834.5,246770.8,111235.4,-59.3,-1781.6,-42.4
CORE,CORE~3,part,2,1,0,core-material,177.5,43.2,43.2,31.0,False,,000_left_arm_long_wrist_latest:1+001_left_wrist_long_latest:1+robstride00:1+CORE:1,"160,160,160",Steel - Satin,-0.0,0.0,-21.088,111296.3,111296.3,41180.8,0.0,0.0,-0.0
FL57BLW12-24V-10N.m-DE.stp,FL57BLW12-24V-10N.m-DE.stp,subassembly,2,0,19,,106.5,57.0,57.0,51.1,False,,000_left_arm_long_wrist_latest:1+001_left_wrist_long_latest:1+robstride00:1+FL57BLW12-24V-10N.m-DE.stp:1,,,-0.048,0.692,14.405,78662.4,79251.7,60261.8,75.4,-1418.5,16.8
10NM_PCB_2024-10-30_ASM_ASM_ASM.stp,10NM_PCB_2024-10-30_ASM_ASM_ASM.stp,subassembly,2,0,1,,11.1,51.6,54.3,5.3,False,,000_left_arm_long_wrist_latest:1+001_left_wrist_long_latest:1+robstride00:1+FL57BLW12-24V-10N.m-DE.stp:1+10NM_PCB_2024-10-30_ASM_ASM_ASM.stp:1,,,-0.166,-0.017,0.797,3516.9,1068.5,4536.7,-44.1,0.1,1.5
10NM_PCB_2024-10-30_ASM_ASM_1_ASM.stp,10NM_PCB_2024-10-30_ASM_ASM_1_ASM.stp,subassembly,2,0,1,,11.1,51.6,54.3,5.3,False,,000_left_arm_long_wrist_latest:1+001_left_wrist_long_latest:1+robstride00:1+FL57BLW12-24V-10N.m-DE.stp:1+10NM_PCB_2024-10-30_ASM_ASM_ASM.stp:1+10NM_PCB_2024-10-30_ASM_ASM_1_ASM.stp:1,,,-0.166,-0.017,0.797,3516.9,1068.5,4536.7,-44.1,0.1,1.5
10NM_PCB_2024-10-30_ASM_1_ASM_1_ASM.stp,10NM_PCB_2024-10-30_ASM_1_ASM_1_ASM.stp,subassembly,2,0,1,,11.1,51.6,54.3,5.3,False,,000_left_arm_long_wrist_latest:1+001_left_wrist_long_latest:1+robstride00:1+FL57BLW12-24V-10N.m-DE.stp:1+10NM_PCB_2024-10-30_ASM_ASM_ASM.stp:1+10NM_PCB_2024-10-30_ASM_ASM_1_ASM.stp:1+10NM_PCB_2024-10-30_ASM_1_ASM_1_ASM.stp:1,,,-0.166,-0.017,0.797,3516.9,1068.5,4536.7,-44.1,0.1,1.5
10NM_PCB_2024-10-30_1_ASM_1_ASM_ASM.stp,10NM_PCB_2024-10-30_1_ASM_1_ASM_ASM.stp,subassembly,2,0,3,,11.1,51.6,54.3,5.3,False,,000_left_arm_long_wrist_latest:1+001_left_wrist_long_latest:1+robstride00:1+FL57BLW12-24V-10N.m-DE.stp:1+10NM_PCB_2024-10-30_ASM_ASM_ASM.stp:1+10NM_PCB_2024-10-30_ASM_ASM_1_ASM.stp:1+10NM_PCB_2024-10-30_ASM_1_ASM_1_ASM.stp:1+10NM_PCB_2024-10-30_1_ASM_1_ASM_ASM.stp:1,,,-0.166,-0.017,0.797,3516.9,1068.5,4536.7,-44.1,0.1,1.5
BOARD_3D_KMMV03_2024-10-21_2__2.stp,BOARD_3D_KMMV03_2024-10-21_2__2.stp,part,2,1,0,FR4,5.2,51.6,48.5,1.6,False,,000_left_arm_long_wrist_latest:1+001_left_wrist_long_latest:1+robstride00:1+FL57BLW12-24V-10N.m-DE.stp:1+10NM_PCB_2024-10-30_ASM_ASM_ASM.stp:1+10NM_PCB_2024-10-30_ASM_ASM_1_ASM.stp:1+10NM_PCB_2024-10-30_ASM_1_ASM_1_ASM.stp:1+10NM_PCB_2024-10-30_1_ASM_1_ASM_ASM.stp:1+BOARD_3D_KMMV03_2024-10-21_2__2.stp:1,"68,119,102",FR4,-0.365,-0.091,0.793,657.7,951.5,1600.4,8.1,0.4,1.5
VHZD-CN1_3D_KMMV03_2024-10-21_3_ASM.stp,VHZD-CN1_3D_KMMV03_2024-10-21_3_ASM.stp,subassembly,2,0,1,,2.9,15.5,5.2,11.3,False,,000_left_arm_long_wrist_latest:1+001_left_wrist_long_latest:1+robstride00:1+FL57BLW12-24V-10N.m-DE.stp:1+10NM_PCB_2024-10-30_ASM_ASM_ASM.stp:1+10NM_PCB_2024-10-30_ASM_ASM_1_ASM.stp:1+10NM_PCB_2024-10-30_ASM_1_ASM_1_ASM.stp:1+10NM_PCB_2024-10-30_1_ASM_1_ASM_ASM.stp:1+VHZD-CN1_3D_KMMV03_2024-10-21_3_ASM.stp:1,,,-0.439,-0.013,3.48,63.8,104.5,56.9,-0.1,0.2,0.1
CON_P4_11_438X3_2_HD_STEP_ASM_2_ASM.stp,CON_P4_11_438X3_2_HD_STEP_ASM_2_ASM.stp,subassembly,2,0,1,,2.9,15.5,5.2,11.3,False,,000_left_arm_long_wrist_latest:1+001_left_wrist_long_latest:1+robstride00:1+FL57BLW12-24V-10N.m-DE.stp:1+10NM_PCB_2024-10-30_ASM_ASM_ASM.stp:1+10NM_PCB_2024-10-30_ASM_ASM_1_ASM.stp:1+10NM_PCB_2024-10-30_ASM_1_ASM_1_ASM.stp:1+10NM_PCB_2024-10-30_1_ASM_1_ASM_ASM.stp:1+VHZD-CN1_3D_KMMV03_2024-10-21_3_ASM.stp:1+CON_P4_11_438X3_2_HD_STEP_ASM_2_ASM.stp:1,,,-0.439,-0.013,3.48,63.8,104.5,56.9,-0.1,0.2,0.1
SOLID-17_CON_P4_11_438X3_2_HD_3.stp,SOLID-17_CON_P4_11_438X3_2_HD_3.stp,part,2,1,0,Steel,2.9,15.5,5.2,11.3,False,,000_left_arm_long_wrist_latest:1+001_left_wrist_long_latest:1+robstride00:1+FL57BLW12-24V-10N.m-DE.stp:1+10NM_PCB_2024-10-30_ASM_ASM_ASM.stp:1+10NM_PCB_2024-10-30_ASM_ASM_1_ASM.stp:1+10NM_PCB_2024-10-30_ASM_1_ASM_1_ASM.stp:1+10NM_PCB_2024-10-30_1_ASM_1_ASM_ASM.stp:1+VHZD-CN1_3D_KMMV03_2024-10-21_3_ASM.stp:1+CON_P4_11_438X3_2_HD_STEP_ASM_2_ASM.stp:1+SOLID-17_CON_P4_11_438X3_2_HD_3.stp:1,"160,160,160",Steel - Satin,-0.439,-0.013,3.48,63.8,104.5,56.9,-0.1,0.2,0.1
VHZD-CN2_3D_KMMV03_2024-10-21_3_ASM.stp,VHZD-CN2_3D_KMMV03_2024-10-21_3_ASM.stp,subassembly,2,0,1,,2.9,15.5,5.2,11.3,False,,000_left_arm_long_wrist_latest:1+001_left_wrist_long_latest:1+robstride00:1+FL57BLW12-24V-10N.m-DE.stp:1+10NM_PCB_2024-10-30_ASM_ASM_ASM.stp:1+10NM_PCB_2024-10-30_ASM_ASM_1_ASM.stp:1+10NM_PCB_2024-10-30_ASM_1_ASM_1_ASM.stp:1+10NM_PCB_2024-10-30_1_ASM_1_ASM_ASM.stp:1+VHZD-CN2_3D_KMMV03_2024-10-21_3_ASM.stp:1,,,-0.439,-0.013,3.48,63.8,104.5,56.9,-0.1,0.2,0.1
CON_P4_11_438X3_2_HD_VHZD-CN2_2_ASM.stp,CON_P4_11_438X3_2_HD_VHZD-CN2_2_ASM.stp,subassembly,2,0,1,,2.9,15.5,5.2,11.3,False,,000_left_arm_long_wrist_latest:1+001_left_wrist_long_latest:1+robstride00:1+FL57BLW12-24V-10N.m-DE.stp:1+10NM_PCB_2024-10-30_ASM_ASM_ASM.stp:1+10NM_PCB_2024-10-30_ASM_ASM_1_ASM.stp:1+10NM_PCB_2024-10-30_ASM_1_ASM_1_ASM.stp:1+10NM_PCB_2024-10-30_1_ASM_1_ASM_ASM.stp:1+VHZD-CN2_3D_KMMV03_2024-10-21_3_ASM.stp:1+CON_P4_11_438X3_2_HD_VHZD-CN2_2_ASM.stp:1,,,-0.439,-0.013,3.48,63.8,104.5,56.9,-0.1,0.2,0.1
SOLID-17_CON_P4_11_438X3_2_HD_2.stp,SOLID-17_CON_P4_11_438X3_2_HD_2.stp,part,2,1,0,Steel,2.9,15.5,5.2,11.3,False,,000_left_arm_long_wrist_latest:1+001_left_wrist_long_latest:1+robstride00:1+FL57BLW12-24V-10N.m-DE.stp:1+10NM_PCB_2024-10-30_ASM_ASM_ASM.stp:1+10NM_PCB_2024-10-30_ASM_ASM_1_ASM.stp:1+10NM_PCB_2024-10-30_ASM_1_ASM_1_ASM.stp:1+10NM_PCB_2024-10-30_1_ASM_1_ASM_ASM.stp:1+VHZD-CN2_3D_KMMV03_2024-10-21_3_ASM.stp:1+CON_P4_11_438X3_2_HD_VHZD-CN2_2_ASM.stp:1+SOLID-17_CON_P4_11_438X3_2_HD_2.stp:1,"160,160,160",Steel - Satin,-0.439,-0.013,3.48,63.8,104.5,56.9,-0.1,0.2,0.1
1_1_02_EB571-960.stp,1_1_02_EB571-960.stp,part,2,7,0,Aluminum A356 T6; Steel,16.2,57.0,6.4,57.0,False,,000_left_arm_long_wrist_latest:1+001_left_wrist_long_latest:1+robstride00:1+FL57BLW12-24V-10N.m-DE.stp:1+1_1_02_EB571-960.stp:1,"245,245,246",Aluminum - Satin,0.0,2.994,0.0,5321.8,10131.2,5213.5,-0.0,-0.0,-31.3
1_1_04_EB572-5105.stp,1_1_04_EB572-5105.stp,part,2,9,0,Aluminum A356 T6; Steel,13.5,57.0,57.0,8.2,False,,000_left_arm_long_wrist_latest:1+001_left_wrist_long_latest:1+robstride00:1+FL57BLW12-24V-10N.m-DE.stp:1+1_1_04_EB572-5105.stp:1,"245,245,246",Aluminum - Satin,-0.0,0.365,2.938,3436.4,3598.6,6747.9,0.0,-6.8,0.0
1_1_06_EB573-643.stp,1_1_06_EB573-643.stp,part,2,14,0,Aluminum A356 T6; Steel,36.1,57.0,57.0,30.8,False,,000_left_arm_long_wrist_latest:1+001_left_wrist_long_latest:1+robstride00:1+FL57BLW12-24V-10N.m-DE.stp:1+1_1_06_EB573-643.stp:1,"245,245,246",Aluminum - Satin,0.0,0.986,13.696,22793.5,22179.5,26234.6,-0.0,-744.1,-0.0
1_1_14_PL574-570.stp,1_1_14_PL574-570.stp,part,2,1,0,Steel,2.0,12.5,2.2,17.9,False,,000_left_arm_long_wrist_latest:1+001_left_wrist_long_latest:1+robstride00:1+FL57BLW12-24V-10N.m-DE.stp:1+1_1_14_PL574-570.stp:1,"160,160,160",Steel - Satin,0.0,25.424,8.95,1492.4,240.3,1309.5,-0.0,-450.8,-0.0
1_1_30_GR-2087_ASM.stp,1_1_30_GR-2087_ASM.stp,subassembly,2,0,1,,22.3,5.5,44.0,44.0,False,,000_left_arm_long_wrist_latest:1+001_left_wrist_long_latest:1+robstride00:1+FL57BLW12-24V-10N.m-DE.stp:1+1_1_30_GR-2087_ASM.stp:1,,,13.322,15.228,33.558,38343.5,33126.6,13206.0,-4519.0,-11383.5,-9958.7
XXL-15547_ASM.stp,XXL-15547_ASM.stp,subassembly,2,0,2,,22.3,5.5,44.0,44.0,False,,000_left_arm_long_wrist_latest:1+001_left_wrist_long_latest:1+robstride00:1+FL57BLW12-24V-10N.m-DE.stp:1+1_1_30_GR-2087_ASM.stp:1+XXL-15547_ASM.stp:1,,,13.322,15.228,33.558,38343.5,33126.6,13206.0,-4519.0,-11383.5,-9958.7
1_21_121000022__SGQZC619-4_4-.stp,1_21_121000022__SGQZC619-4_4-.stp,part,2,1,0,Steel,1.9,4.0,11.0,11.0,False,,000_left_arm_long_wrist_latest:1+001_left_wrist_long_latest:1+robstride00:1+FL57BLW12-24V-10N.m-DE.stp:1+1_1_30_GR-2087_ASM.stp:1+XXL-15547_ASM.stp:1+1_21_121000022__SGQZC619-4_4-.stp:1,"160,160,160",Steel - Satin,-0.0,0.0,-0.0,34.2,19.4,19.4,-0.0,-0.0,0.0
SGQZC__35.stp,SGQZC__35.stp,part,2,1,0,Steel,20.4,5.0,44.0,44.0,False,,000_left_arm_long_wrist_latest:1+001_left_wrist_long_latest:1+robstride00:1+FL57BLW12-24V-10N.m-DE.stp:1+1_1_30_GR-2087_ASM.stp:1+XXL-15547_ASM.stp:1+SGQZC__35.stp:1,"160,160,160",Steel - Satin,-0.099,0.0,0.0,8057.5,4066.1,4066.1,0.0,0.0,0.0
1_2_04_000306.stp,1_2_04_000306.stp,part,2,1,0,Steel,0.9,9.0,2.4,9.0,False,,000_left_arm_long_wrist_latest:1+001_left_wrist_long_latest:1+robstride00:1+FL57BLW12-24V-10N.m-DE.stp:1+1_2_04_000306.stp:1,"160,160,160",Steel - Satin,0.0,1.283,0.0,7.2,10.8,7.2,-0.0,0.0,-0.0
1_2_05_000314.stp,1_2_05_000314.stp,part,2,1,0,Steel,0.2,2.3,6.0,2.5,False,,000_left_arm_long_wrist_latest:1+001_left_wrist_long_latest:1+robstride00:1+FL57BLW12-24V-10N.m-DE.stp:1+1_2_05_000314.stp:1,"160,160,160",Steel - Satin,-0.057,2.936,0.0,2.5,0.2,2.5,0.0,0.0,0.0
1_2_05_020068.stp,1_2_05_020068.stp,part,14,1,0,Steel,0.4,7.8,4.6,4.6,False,,000_left_arm_long_wrist_latest:1+001_left_wrist_long_latest:1+robstride00:1+FL57BLW12-24V-10N.m-DE.stp:1+1_2_05_020068.stp:1,"160,160,160",Steel - Satin,1.108,-0.0,-0.0,0.6,2.6,2.6,0.0,-0.0,0.0
1_2_05_025121.stp,1_2_05_025121.stp,part,8,1,0,Steel,0.4,12.2,4.7,4.7,False,,000_left_arm_long_wrist_latest:1+001_left_wrist_long_latest:1+robstride00:1+FL57BLW12-24V-10N.m-DE.stp:1+1_2_05_025121.stp:1,"160,160,160",Steel - Satin,-0.773,-0.0,-0.0,0.5,6.4,6.4,0.0,0.0,-0.0
OUTPUT-SHAFT.stp,OUTPUT-SHAFT.stp,part,2,1,0,Aluminum A356 T6,11.7,6.7,35.0,35.0,False,,000_left_arm_long_wrist_latest:1+001_left_wrist_long_latest:1+robstride00:1+OUTPUT-SHAFT.stp:1,"245,245,246",Aluminum - Satin,3.44,0.0,0.0,1997.7,1183.0,1183.0,0.0,0.0,-0.0
back_lid_1_1_06_EB573-642.stp,back_lid_1_1_06_EB573-642.stp,part,2,5,0,Aluminum A356 T6; Steel,14.4,57.0,57.0,10.5,False,,000_left_arm_long_wrist_latest:1+001_left_wrist_long_latest:1+robstride00:1+back_lid_1_1_06_EB573-642.stp:1,"245,245,246",Aluminum - Satin,-0.006,0.006,7.718,4897.3,4865.2,7795.0,326.5,-0.3,0.3
v15_right_end_effector_attachment,v15_right_end_effector_attachment,part,2,1,0,Nylon 12 (with Formlabs Fuse 1 3D Printer),130.2,66.0,55.5,98.0,True,,000_left_arm_long_wrist_latest:1+001_left_wrist_long_latest:1+v15_right_end_effector_attachment:1,"63,63,63",Nylon 12 (with Formlabs Fuse 1 3D Printer),0.0,-108.171,-472.592,30723945.5,29202007.5,1578026.4,0.5,-6629061.6,2.2
wrist_3-left,wrist_3-left,subassembly,2,0,4,,355.2,71.9,71.5,131.1,True,,000_left_arm_long_wrist_latest:1+001_left_wrist_long_latest:1+wrist_3-left:1,,,6.637,-81.903,-437.648,70793155.4,68454536.1,2567747.6,208665.2,-12694130.2,929138.4
Component5,Component5,part,2,1,0,Nylon 12 (with Formlabs Fuse 1 3D Printer),138.0,71.9,68.0,131.1,False,,000_left_arm_long_wrist_latest:1+001_left_wrist_long_latest:1+wrist_3-left:1+Component5:1,"63,63,63",Nylon 12 (with Formlabs Fuse 1 3D Printer),15.237,-87.054,-421.19,25712484.7,24727405.2,1160970.1,185730.7,-5051038.3,830005.9
bearing_30x37x4_6706_0.9kN_8g,bearing_30x37x4_6706_0.9kN_8g,subassembly,2,0,2,,8.2,37.1,37.1,4.1,True,,000_left_arm_long_wrist_latest:1+001_left_wrist_long_latest:1+wrist_3-left:1+bearing_30x37x4_6706_0.9kN_8g:1,,,0.0,-0.0,0.014,1184.6,1184.6,2343.3,0.0,-0.0,0.0
half-bearing_30x37x4_6706_0.9kN_8g,half-bearing_30x37x4_6706_0.9kN_8g,part,4,30,0,half steel,4.1,37.0,37.0,4.0,False,,000_left_arm_long_wrist_latest:1+001_left_wrist_long_latest:1+wrist_3-left:1+bearing_30x37x4_6706_0.9kN_8g:1+half-bearing_30x37x4_6706_0.9kN_8g:1,"160,160,160",Steel - Satin,0.0,-0.0,0.014,592.3,592.3,1171.6,0.0,-0.0,0.0
robstride05,robstride05,subassembly,2,0,3,,194.1,65.1,115.0,518.6,True,,000_left_arm_long_wrist_latest:1+001_left_wrist_long_latest:1+wrist_3-left:1+robstride05:1,,,0.007,-0.002,-19.669,123832.9,123753.3,42289.7,65.2,-17.2,65.9
1_1_30_GR-2202_ASM^FL46BLW10-48V-5N.m-DE(2)_FL46BLW10-48V-5N.m-DE,1_1_30_GR-2202_ASM_FL46BLW10-48V-5N.m-DE_2__FL46BLW10-48V-5N.m-DE,subassembly,2,0,1,,23.9,37.0,37.0,14.0,False,,000_left_arm_long_wrist_latest:1+001_left_wrist_long_latest:1+wrist_3-left:1+robstride05:1+1_1_30_GR-2202_ASM^FL46BLW10-48V-5N.m-DE(2)_FL46BLW10-48V-5N.m-DE:1,,,19.315,16.33,20.226,18430.3,20977.8,19596.3,-7552.3,-7908.9,-9354.4
1_1_30_GR-2202_ASM_1_ASM^1_1_30_GR-2202_ASM_FL46BLW10-48V-5N.m-DE(2)_FL46BLW10-48V-5N.m-DE,1_1_30_GR-2202_ASM_1_ASM_1_1_30_GR-2202_ASM_FL46BLW10-48V-5N.m-DE_2__FL46BLW10-48V-5N.m-DE,subassembly,2,0,3,,23.9,37.0,37.0,14.0,False,,000_left_arm_long_wrist_latest:1+001_left_wrist_long_latest:1+wrist_3-left:1+robstride05:1+1_1_30_GR-2202_ASM^FL46BLW10-48V-5N.m-DE(2)_FL46BLW10-48V-5N.m-DE:1+1_1_30_GR-2202_ASM_1_ASM^1_1_30_GR-2202_ASM_FL46BLW10-48V-5N.m-DE(2)_FL46BLW10-48V-5N.m-DE:1,,,19.315,16.33,20.226,18430.3,20977.8,19596.3,-7552.3,-7908.9,-9354.4
0001755652^1_1_30_GR-2202_ASM_1_ASM_1_1_30_GR-2202_ASM_FL46BLW10-48V-5N.m-DE(2)_FL46BLW10-48V-5N.m-DE,0001755652_1_1_30_GR-2202_ASM_1_ASM_1_1_30_GR-2202_ASM_FL46BLW10-48V-5N.m-DE_2__FL46BLW10-48V-5N.m-DE,part,4,1,0,Steel,1.4,4.0,4.0,14.0,False,,000_left_arm_long_wrist_latest:1+001_left_wrist_long_latest:1+wrist_3-left:1+robstride05:1+1_1_30_GR-2202_ASM^FL46BLW10-48V-5N.m-DE(2)_FL46BLW10-48V-5N.m-DE:1+1_1_30_GR-2202_ASM_1_ASM^1_1_30_GR-2202_ASM_FL46BLW10-48V-5N.m-DE(2)_FL46BLW10-48V-5N.m-DE:1+0001755652^1_1_30_GR-2202_ASM_1_ASM_1_1_30_GR-2202_ASM_FL46BLW10-48V-5N.m-DE(2)_FL46BLW10-48V-5N.m-DE:1,"255,255,255","Opaque(255,255,255)",-0.0,0.0,6.0,73.3,73.3,2.7,-0.0,0.0,0.0
00MINI-_20250103_A0001_ASM_1_AS_ASM^1_1_30_GR-2202_ASM_1_ASM_1_1_30_GR-2202_ASM_FL46BLW10-48V-5N.m-DE(2)_FL46BLW10-48V-5N.m-DE,00MINI-_20250103_A0001_ASM_1_AS_ASM_1_1_30_GR-2202_ASM_1_ASM_1_1_30_GR-2202_ASM_FL46BLW10-48V-5N.m-DE_2__FL46BLW10-48V-5N.m-DE,subassembly,2,0,1,,21.2,37.0,37.0,14.0,False,,000_left_arm_long_wrist_latest:1+001_left_wrist_long_latest:1+wrist_3-left:1+robstride05:1+1_1_30_GR-2202_ASM^FL46BLW10-48V-5N.m-DE(2)_FL46BLW10-48V-5N.m-DE:1+1_1_30_GR-2202_ASM_1_ASM^1_1_30_GR-2202_ASM_FL46BLW10-48V-5N.m-DE(2)_FL46BLW10-48V-5N.m-DE:1+00MINI-_20250103_A0001_ASM_1_AS_ASM^1_1_30_GR-2202_ASM_1_ASM_1_1_30_GR-2202_ASM_FL46BLW10-48V-5N.m-DE(2)_FL46BLW10-48V-5N.m-DE:1,,,18.78,16.639,20.136,16500.4,18165.5,17355.9,-6571.0,-7104.5,-8004.0
00MINI-000_ASM_1_ASM_1_ASM^00MINI-_20250103_A0001_ASM_1_AS_ASM_1_1_30_GR-2202_ASM_1_ASM_1_1_30_GR-2202_ASM_FL46BLW10-48V-5N.m-DE(2)_FL46BLW10-48V-5N.m-DE,00MINI-000_ASM_1_ASM_1_ASM_00MINI-_20250103_A0001_ASM_1_AS_ASM_1_1_30_GR-2202_ASM_1_ASM_1_1_30_GR-2202_ASM_FL46BLW10-48V-5N.m-DE_2__FL46BLW10-48V-5N.m-DE,subassembly,2,0,4,,21.2,37.0,37.0,14.0,False,,000_left_arm_long_wrist_latest:1+001_left_wrist_long_latest:1+wrist_3-left:1+robstride05:1+1_1_30_GR-2202_ASM^FL46BLW10-48V-5N.m-DE(2)_FL46BLW10-48V-5N.m-DE:1+1_1_30_GR-2202_ASM_1_ASM^1_1_30_GR-2202_ASM_FL46BLW10-48V-5N.m-DE(2)_FL46BLW10-48V-5N.m-DE:1+00MINI-_20250103_A0001_ASM_1_AS_ASM^1_1_30_GR-2202_ASM_1_ASM_1_1_30_GR-2202_ASM_FL46BLW10-48V-5N.m-DE(2)_FL46BLW10-48V-5N.m-DE:1+00MINI-000_ASM_1_ASM_1_ASM^00MINI-_20250103_A0001_ASM_1_AS_ASM_1_1_30_GR-2202_ASM_1_ASM_1_1_30_GR-2202_ASM_FL46BLW10-48V-5N.m-DE(2)_FL46BLW10-48V-5N.m-DE:1,,,18.78,16.639,20.136,16500.4,18165.5,17355.9,-6571.0,-7104.5,-8004.0
0001755650^00MINI-000_ASM_1_ASM_1_ASM_00MINI-_20250103_A0001_ASM_1_AS_ASM_1_1_30_GR-2202_ASM_1_ASM_1_1_30_GR-2202_ASM_FL46BLW10-48V-5N.m-DE(2)_FL46BLW10-48V-5N.m-DE,0001755650_00MINI-000_ASM_1_ASM_1_ASM_00MINI-_20250103_A0001_ASM_1_AS_ASM_1_1_30_GR-2202_ASM_1_ASM_1_1_30_GR-2202_ASM_FL46BLW10-48V-5N.m-DE_2__FL46BLW10-48V-5N.m-DE,part,2,1,0,Aluminum A356 T6,8.1,32.0,32.0,8.0,False,,000_left_arm_long_wrist_latest:1+001_left_wrist_long_latest:1+wrist_3-left:1+robstride05:1+1_1_30_GR-2202_ASM^FL46BLW10-48V-5N.m-DE(2)_FL46BLW10-48V-5N.m-DE:1+1_1_30_GR-2202_ASM_1_ASM^1_1_30_GR-2202_ASM_FL46BLW10-48V-5N.m-DE(2)_FL46BLW10-48V-5N.m-DE:1+00MINI-_20250103_A0001_ASM_1_AS_ASM^1_1_30_GR-2202_ASM_1_ASM_1_1_30_GR-2202_ASM_FL46BLW10-48V-5N.m-DE(2)_FL46BLW10-48V-5N.m-DE:1+00MINI-000_ASM_1_ASM_1_ASM^00MINI-_20250103_A0001_ASM_1_AS_ASM_1_1_30_GR-2202_ASM_1_ASM_1_1_30_GR-2202_ASM_FL46BLW10-48V-5N.m-DE(2)_FL46BLW10-48V-5N.m-DE:1+0001755650^00MINI-000_ASM_1_ASM_1_ASM_00MINI-_20250103_A0001_ASM_1_AS_ASM_1_1_30_GR-2202_ASM_1_ASM_1_1_30_GR-2202_ASM_FL46BLW10-48V-5N.m-DE(2)_FL46BLW10-48V-5N.m-DE:1,"255,255,255","Opaque(255,255,255)",0.0,0.0,1.672,581.2,581.2,1066.2,-0.0,-0.0,-0.0
0001755652^00MINI-000_ASM_1_ASM_1_ASM_00MINI-_20250103_A0001_ASM_1_AS_ASM_1_1_30_GR-2202_ASM_1_ASM_1_1_30_GR-2202_ASM_FL46BLW10-48V-5N.m-DE(2)_FL46BLW10-48V-5N.m-DE,0001755652_00MINI-000_ASM_1_ASM_1_ASM_00MINI-_20250103_A0001_ASM_1_AS_ASM_1_1_30_GR-2202_ASM_1_ASM_1_1_30_GR-2202_ASM_FL46BLW10-48V-5N.m-DE_2__FL46BLW10-48V-5N.m-DE,part,2,1,0,Steel,1.4,4.0,4.0,14.0,False,,000_left_arm_long_wrist_latest:1+001_left_wrist_long_latest:1+wrist_3-left:1+robstride05:1+1_1_30_GR-2202_ASM^FL46BLW10-48V-5N.m-DE(2)_FL46BLW10-48V-5N.m-DE:1+1_1_30_GR-2202_ASM_1_ASM^1_1_30_GR-2202_ASM_FL46BLW10-48V-5N.m-DE(2)_FL46BLW10-48V-5N.m-DE:1+00MINI-_20250103_A0001_ASM_1_AS_ASM^1_1_30_GR-2202_ASM_1_ASM_1_1_30_GR-2202_ASM_FL46BLW10-48V-5N.m-DE(2)_FL46BLW10-48V-5N.m-DE:1+00MINI-000_ASM_1_ASM_1_ASM^00MINI-_20250103_A0001_ASM_1_AS_ASM_1_1_30_GR-2202_ASM_1_ASM_1_1_30_GR-2202_ASM_FL46BLW10-48V-5N.m-DE(2)_FL46BLW10-48V-5N.m-DE:1+0001755652^00MINI-000_ASM_1_ASM_1_ASM_00MINI-_20250103_A0001_ASM_1_AS_ASM_1_1_30_GR-2202_ASM_1_ASM_1_1_30_GR-2202_ASM_FL46BLW10-48V-5N.m-DE(2)_FL46BLW10-48V-5N.m-DE:1,"255,255,255","Opaque(255,255,255)",-0.0,0.0,6.0,73.3,73.3,2.7,-0.0,0.0,0.0
1_21_121000022__610001_1_1^00MINI-000_ASM_1_ASM_1_ASM_00MINI-_20250103_A0001_ASM_1_AS_ASM_1_1_30_GR-2202_ASM_1_ASM_1_1_30_GR-2202_ASM_FL46BLW10-48V-5N.m-DE(2)_FL46BLW10-48V-5N.m-DE,1_21_121000022__610001_1_1_00MINI-000_ASM_1_ASM_1_ASM_00MINI-_20250103_A0001_ASM_1_AS_ASM_1_1_30_GR-2202_ASM_1_ASM_1_1_30_GR-2202_ASM_FL46BLW10-48V-5N.m-DE_2__FL46BLW10-48V-5N.m-DE,part,2,1,0,Steel,1.9,4.0,11.0,11.0,False,,000_left_arm_long_wrist_latest:1+001_left_wrist_long_latest:1+wrist_3-left:1+robstride05:1+1_1_30_GR-2202_ASM^FL46BLW10-48V-5N.m-DE(2)_FL46BLW10-48V-5N.m-DE:1+1_1_30_GR-2202_ASM_1_ASM^1_1_30_GR-2202_ASM_FL46BLW10-48V-5N.m-DE(2)_FL46BLW10-48V-5N.m-DE:1+00MINI-_20250103_A0001_ASM_1_AS_ASM^1_1_30_GR-2202_ASM_1_ASM_1_1_30_GR-2202_ASM_FL46BLW10-48V-5N.m-DE(2)_FL46BLW10-48V-5N.m-DE:1+00MINI-000_ASM_1_ASM_1_ASM^00MINI-_20250103_A0001_ASM_1_AS_ASM_1_1_30_GR-2202_ASM_1_ASM_1_1_30_GR-2202_ASM_FL46BLW10-48V-5N.m-DE(2)_FL46BLW10-48V-5N.m-DE:1+1_21_121000022__610001_1_1^00MINI-000_ASM_1_ASM_1_ASM_00MINI-_20250103_A0001_ASM_1_AS_ASM_1_1_30_GR-2202_ASM_1_ASM_1_1_30_GR-2202_ASM_FL46BLW10-48V-5N.m-DE(2)_FL46BLW10-48V-5N.m-DE:1,"255,255,255","Opaque(255,255,255)",0.0,0.0,-0.0,34.2,19.4,19.4,0.0,-0.0,0.0
6706__300001_1_1^00MINI-000_ASM_1_ASM_1_ASM_00MINI-_20250103_A0001_ASM_1_AS_ASM_1_1_30_GR-2202_ASM_1_ASM_1_1_30_GR-2202_ASM_FL46BLW10-48V-5N.m-DE(2)_FL46BLW10-48V-5N.m-DE,6706__300001_1_1_00MINI-000_ASM_1_ASM_1_ASM_00MINI-_20250103_A0001_ASM_1_AS_ASM_1_1_30_GR-2202_ASM_1_ASM_1_1_30_GR-2202_ASM_FL46BLW10-48V-5N.m-DE_2__FL46BLW10-48V-5N.m-DE,part,2,1,0,Steel,9.9,37.0,37.0,4.0,False,,000_left_arm_long_wrist_latest:1+001_left_wrist_long_latest:1+wrist_3-left:1+robstride05:1+1_1_30_GR-2202_ASM^FL46BLW10-48V-5N.m-DE(2)_FL46BLW10-48V-5N.m-DE:1+1_1_30_GR-2202_ASM_1_ASM^1_1_30_GR-2202_ASM_FL46BLW10-48V-5N.m-DE(2)_FL46BLW10-48V-5N.m-DE:1+00MINI-_20250103_A0001_ASM_1_AS_ASM^1_1_30_GR-2202_ASM_1_ASM_1_1_30_GR-2202_ASM_FL46BLW10-48V-5N.m-DE(2)_FL46BLW10-48V-5N.m-DE:1+00MINI-000_ASM_1_ASM_1_ASM^00MINI-_20250103_A0001_ASM_1_AS_ASM_1_1_30_GR-2202_ASM_1_ASM_1_1_30_GR-2202_ASM_FL46BLW10-48V-5N.m-DE(2)_FL46BLW10-48V-5N.m-DE:1+6706__300001_1_1^00MINI-000_ASM_1_ASM_1_ASM_00MINI-_20250103_A0001_ASM_1_AS_ASM_1_1_30_GR-2202_ASM_1_ASM_1_1_30_GR-2202_ASM_FL46BLW10-48V-5N.m-DE(2)_FL46BLW10-48V-5N.m-DE:1,"255,255,255","Opaque(255,255,255)",-0.0,0.0,2.0,1447.9,1447.9,2796.8,-0.0,-0.0,0.0
Component20,Component20,part,2,1,0,CORE,120.3,34.0,34.0,29.0,False,,000_left_arm_long_wrist_latest:1+001_left_wrist_long_latest:1+wrist_3-left:1+robstride05:1+Component20:1,"160,160,160",Steel - Satin,-0.0,0.0,-21.5,72747.5,72747.5,17387.2,0.0,-0.0,-0.0
FL46BLW10-48V-5N.m-DE(2)^FL46BLW10-48V-5N.m-DE,FL46BLW10-48V-5N.m-DE_2_FL46BLW10-48V-5N.m-DE,subassembly,2,0,28,,49.8,65.1,44.0,65.1,False,,000_left_arm_long_wrist_latest:1+001_left_wrist_long_latest:1+wrist_3-left:1+robstride05:1+FL46BLW10-48V-5N.m-DE(2)^FL46BLW10-48V-5N.m-DE:1,,,0.026,-0.008,7.386,24685.1,24605.4,20624.2,65.2,-4.3,25.7
1_1_02_EB461-502^FL46BLW10-48V-5N.m-DE(2)_FL46BLW10-48V-5N.m-DE,1_1_02_EB461-502_FL46BLW10-48V-5N.m-DE_2__FL46BLW10-48V-5N.m-DE,part,2,1,0,Aluminum A356 T6,10.0,46.0,46.0,9.0,False,,000_left_arm_long_wrist_latest:1+001_left_wrist_long_latest:1+wrist_3-left:1+robstride05:1+FL46BLW10-48V-5N.m-DE(2)^FL46BLW10-48V-5N.m-DE:1+1_1_02_EB461-502^FL46BLW10-48V-5N.m-DE(2)_FL46BLW10-48V-5N.m-DE:1,"255,255,255","Opaque(255,255,255)",-0.0,0.0,6.148,2579.9,2564.7,4262.4,3.2,-0.0,0.0
1_1_06_EB463-507^FL46BLW10-48V-5N.m-DE(2)_FL46BLW10-48V-5N.m-DE,1_1_06_EB463-507_FL46BLW10-48V-5N.m-DE_2__FL46BLW10-48V-5N.m-DE,part,2,1,0,Aluminum A356 T6,21.8,46.0,46.0,35.1,False,,000_left_arm_long_wrist_latest:1+001_left_wrist_long_latest:1+wrist_3-left:1+robstride05:1+FL46BLW10-48V-5N.m-DE(2)^FL46BLW10-48V-5N.m-DE:1+1_1_06_EB463-507^FL46BLW10-48V-5N.m-DE(2)_FL46BLW10-48V-5N.m-DE:1,"255,255,255","Opaque(255,255,255)",0.397,-0.004,4.762,7829.1,7648.9,10271.0,-0.2,1.5,52.4
1_1_06_EB463-509^FL46BLW10-48V-5N.m-DE(2)_FL46BLW10-48V-5N.m-DE,1_1_06_EB463-509_FL46BLW10-48V-5N.m-DE_2__FL46BLW10-48V-5N.m-DE,part,2,1,0,Aluminum A356 T6,6.3,46.0,46.0,4.7,False,,000_left_arm_long_wrist_latest:1+001_left_wrist_long_latest:1+wrist_3-left:1+robstride05:1+FL46BLW10-48V-5N.m-DE(2)^FL46BLW10-48V-5N.m-DE:1+1_1_06_EB463-509^FL46BLW10-48V-5N.m-DE(2)_FL46BLW10-48V-5N.m-DE:1,"255,255,255","Opaque(255,255,255)",0.14,0.01,1.113,1008.5,1018.3,1996.1,26.4,-0.2,-0.9
1_1_31_EB463-510^FL46BLW10-48V-5N.m-DE(2)_FL46BLW10-48V-5N.m-DE,1_1_31_EB463-510_FL46BLW10-48V-5N.m-DE_2__FL46BLW10-48V-5N.m-DE,part,2,1,0,Aluminum A356 T6,3.6,46.0,46.0,2.5,False,,000_left_arm_long_wrist_latest:1+001_left_wrist_long_latest:1+wrist_3-left:1+robstride05:1+FL46BLW10-48V-5N.m-DE(2)^FL46BLW10-48V-5N.m-DE:1+1_1_31_EB463-510^FL46BLW10-48V-5N.m-DE(2)_FL46BLW10-48V-5N.m-DE:1,"255,255,255","Opaque(255,255,255)",-0.0,0.0,1.277,760.4,760.4,1505.8,-0.0,-0.0,0.0
1_2_05_000438^FL46BLW10-48V-5N.m-DE(2)_FL46BLW10-48V-5N.m-DE,1_2_05_000438_FL46BLW10-48V-5N.m-DE_2__FL46BLW10-48V-5N.m-DE,part,16,1,0,Steel,0.1,4.1,3.8,3.8,False,,000_left_arm_long_wrist_latest:1+001_left_wrist_long_latest:1+wrist_3-left:1+robstride05:1+FL46BLW10-48V-5N.m-DE(2)^FL46BLW10-48V-5N.m-DE:1+1_2_05_000438^FL46BLW10-48V-5N.m-DE(2)_FL46BLW10-48V-5N.m-DE:1,"255,255,255","Opaque(255,255,255)",-0.488,0.001,0.0,0.1,0.2,0.2,-0.0,-0.0,-0.0
1_2_05_000555^FL46BLW10-48V-5N.m-DE(2)_FL46BLW10-48V-5N.m-DE,1_2_05_000555_FL46BLW10-48V-5N.m-DE_2__FL46BLW10-48V-5N.m-DE,part,16,1,0,Steel,0.1,6.1,3.8,3.8,False,,000_left_arm_long_wrist_latest:1+001_left_wrist_long_latest:1+wrist_3-left:1+robstride05:1+FL46BLW10-48V-5N.m-DE(2)^FL46BLW10-48V-5N.m-DE:1+1_2_05_000555^FL46BLW10-48V-5N.m-DE(2)_FL46BLW10-48V-5N.m-DE:1,"255,255,255","Opaque(255,255,255)",-0.592,0.001,-0.0,0.1,0.6,0.6,-0.0,-0.0,-0.0
1_2_05_000608^FL46BLW10-48V-5N.m-DE(2)_FL46BLW10-48V-5N.m-DE,1_2_05_000608_FL46BLW10-48V-5N.m-DE_2__FL46BLW10-48V-5N.m-DE,part,8,1,0,Steel,0.4,10.2,4.7,4.7,False,,000_left_arm_long_wrist_latest:1+001_left_wrist_long_latest:1+wrist_3-left:1+robstride05:1+FL46BLW10-48V-5N.m-DE(2)^FL46BLW10-48V-5N.m-DE:1+1_2_05_000608^FL46BLW10-48V-5N.m-DE(2)_FL46BLW10-48V-5N.m-DE:1,"255,255,255","Opaque(255,255,255)",-1.722,0.0,-0.0,0.4,4.9,4.9,-0.0,0.0,-0.0
1_2_05_020051^FL46BLW10-48V-5N.m-DE(2)_FL46BLW10-48V-5N.m-DE,1_2_05_020051_FL46BLW10-48V-5N.m-DE_2__FL46BLW10-48V-5N.m-DE,part,6,2,0,Steel,0.2,4.0,4.0,6.6,False,,000_left_arm_long_wrist_latest:1+001_left_wrist_long_latest:1+wrist_3-left:1+robstride05:1+FL46BLW10-48V-5N.m-DE(2)^FL46BLW10-48V-5N.m-DE:1+1_2_05_020051^FL46BLW10-48V-5N.m-DE(2)_FL46BLW10-48V-5N.m-DE:1,"255,255,255","Opaque(255,255,255)",-0.0,0.0,-3.983,4.7,4.7,0.3,-0.0,0.0,-0.0
1_2_16_001425^FL46BLW10-48V-5N.m-DE(2)_FL46BLW10-48V-5N.m-DE,1_2_16_001425_FL46BLW10-48V-5N.m-DE_2__FL46BLW10-48V-5N.m-DE,part,2,1,0,FR4,3.9,40.7,40.6,6.8,False,,000_left_arm_long_wrist_latest:1+001_left_wrist_long_latest:1+wrist_3-left:1+robstride05:1+FL46BLW10-48V-5N.m-DE(2)^FL46BLW10-48V-5N.m-DE:1+1_2_16_001425^FL46BLW10-48V-5N.m-DE(2)_FL46BLW10-48V-5N.m-DE:1,"255,255,255","Opaque(255,255,255)",19.711,29.194,-1.37,3736.4,1927.6,5631.1,-2162.8,179.1,81.4
Robstride 03 - full,Robstride_03_-_full,subassembly,1,0,2,,909.0,99.6,98.6,56.6,False,,000_left_arm_long_wrist_latest:1+Robstride 03 - full:1,,,0.102,-0.03,-20.905,1024933.6,1009853.8,931077.4,-184.3,-1172.6,2192.4
3_1_02_090_0073_ASM_1_1_ASM,3_1_02_090_0073_ASM_1_1_ASM~2,subassembly,1,0,12,,884.2,99.6,55.4,98.6,False,,000_left_arm_long_wrist_latest:1+Robstride 03 - full:1+3_1_02_090_0073_ASM_1_1_ASM:1,,,-0.112,22.685,0.031,1041492.7,895192.4,1036828.5,2721.7,-1238.4,-175.3
1_1_02_EB901-547_1_rotor,1_1_02_EB901-547_1_rotor~2,part,1,1,0,Aluminum A356 T6,37.1,47.0,47.0,11.5,False,,000_left_arm_long_wrist_latest:1+Robstride 03 - full:1+3_1_02_090_0073_ASM_1_1_ASM:1+1_1_02_EB901-547_1_rotor:1,"245,245,246",Aluminum - Satin,0.0,-0.0,5.605,7367.5,7367.5,11629.2,0.0,0.0,-0.0
1_1_06_EB903-534_ASM_1_1_ASM,1_1_06_EB903-534_ASM_1_1_ASM~2,subassembly,1,0,1,,153.6,99.5,98.6,39.5,False,,000_left_arm_long_wrist_latest:1+Robstride 03 - full:1+3_1_02_090_0073_ASM_1_1_ASM:1+1_1_06_EB903-534_ASM_1_1_ASM:1,,,0.601,-0.0,21.144,222298.1,226887.3,273286.0,-0.0,0.0,-1751.4
1_1_06_EB903-537_1_1,1_1_06_EB903-537_1_1~2,part,1,1,0,matching A356,153.6,99.5,98.6,39.5,False,,000_left_arm_long_wrist_latest:1+Robstride 03 - full:1+3_1_02_090_0073_ASM_1_1_ASM:1+1_1_06_EB903-534_ASM_1_1_ASM:1+1_1_06_EB903-537_1_1:1,"245,245,246",Aluminum - Satin,0.601,-0.0,21.144,222298.1,226887.3,273286.0,-0.0,0.0,-1751.4
1_1_31_QT-942_1,1_1_31_QT-942_1~2,part,1,1,0,matching A356,53.9,98.6,99.5,14.2,False,,000_left_arm_long_wrist_latest:1+Robstride 03 - full:1+3_1_02_090_0073_ASM_1_1_ASM:1+1_1_31_QT-942_1:1,"245,245,246",Aluminum - Satin,0.244,-1.392,0.028,36147.2,38010.6,73683.2,199.4,84.9,44.6
1_2_04_635000_1_1,1_2_04_635000_1_1~2,part,1,1,0,Steel,11.7,19.0,6.0,19.0,False,,000_left_arm_long_wrist_latest:1+Robstride 03 - full:1+3_1_02_090_0073_ASM_1_1_ASM:1+1_2_04_635000_1_1:1,"160,160,160",Steel - Satin,-0.001,2.999,-0.001,420.8,569.3,420.7,0.0,0.0,-0.0
1_2_04_680902_1_1,1_2_04_680902_1_1~2,part,1,1,0,Steel,52.1,58.0,58.0,7.0,False,,000_left_arm_long_wrist_latest:1+Robstride 03 - full:1+3_1_02_090_0073_ASM_1_1_ASM:1+1_2_04_680902_1_1:1,"160,160,160",Steel - Satin,-0.0,-0.0,3.5,18367.8,18367.9,35109.0,-0.0,0.0,0.0
1_2_05_130001_1_1,1_2_05_130001_1_1~2,part,3,1,0,Steel,0.7,5.6,8.4,5.6,False,,000_left_arm_long_wrist_latest:1+Robstride 03 - full:1+3_1_02_090_0073_ASM_1_1_ASM:1+1_2_05_130001_1_1:1,"160,160,160",Steel - Satin,0.0,-0.938,-0.0,5.3,1.8,5.3,0.0,-0.0,0.0
1_2_06_000004_AF0_1_1,1_2_06_000004_AF0_1_1~2,part,1,1,0,Steel,0.2,18.7,18.6,1.1,False,,000_left_arm_long_wrist_latest:1+Robstride 03 - full:1+3_1_02_090_0073_ASM_1_1_ASM:1+1_2_06_000004_AF0_1_1:1,"160,160,160",Steel - Satin,0.0,-0.0,-0.525,8.5,8.5,16.9,0.0,-0.0,0.0
1_3_03_000357_1_1,1_3_03_000357_1_1~2,part,1,1,0,Steel,4.2,60.5,60.6,0.8,False,,000_left_arm_long_wrist_latest:1+Robstride 03 - full:1+3_1_02_090_0073_ASM_1_1_ASM:1+1_3_03_000357_1_1:1,"160,160,160",Steel - Satin,1.542,-0.146,0.395,1775.3,1595.7,3369.3,-17.4,0.2,-2.6
CORE,CORE~2,part,1,1,0,core material,526.1,84.0,84.0,33.0,False,,000_left_arm_long_wrist_latest:1+Robstride 03 - full:1+3_1_02_090_0073_ASM_1_1_ASM:1+CORE:1,"25,25,25",Plastic - Matte (Black),-0.0,0.0,-20.968,497704.2,497704.2,469990.3,0.0,0.0,-0.0
PBC,PBC~2,part,1,7,0,FR4; Steel; Discrete Component,43.4,68.0,76.0,6.7,False,,000_left_arm_long_wrist_latest:1+Robstride 03 - full:1+3_1_02_090_0073_ASM_1_1_ASM:1+PBC:1,"68,119,102",FR4,1.759,0.0,-48.468,117899.3,111528.7,25439.8,-0.0,0.0,3779.2
BACK_COVER1_1_06_EB903-538_1,BACK_COVER1_1_06_EB903-538_1~2,mixed,1,1,8,back_cover_material,24.7,97.6,79.5,24.6,False,,000_left_arm_long_wrist_latest:1+Robstride 03 - full:1+BACK_COVER1_1_06_EB903-538_1:1,"70,68,76",Nylon 12 (with Formlabs Fuse 1 3D Printer),0.002,-0.224,7.426,15346.7,25762.2,35885.0,9.0,17.0,-0.3
1_2_05_020108_1_1,1_2_05_020108_1_1~2,part,4,1,0,Steel,0.4,12.1,3.8,3.8,False,,000_left_arm_long_wrist_latest:1+Robstride 03 - full:1+BACK_COVER1_1_06_EB903-538_1:1+1_2_05_020108_1_1:1,"160,160,160",Steel - Satin,-1.785,0.0,-0.02,0.4,6.1,6.1,-0.0,-0.0,0.0
1_2_05_140095_1_1,1_2_05_140095_1_1~2,part,4,2,0,Steel,2.0,14.0,7.0,7.0,False,,000_left_arm_long_wrist_latest:1+Robstride 03 - full:1+BACK_COVER1_1_06_EB903-538_1:1+1_2_05_140095_1_1:1,"160,160,160",Steel - Satin,1.437,0.0,-0.0,8.9,42.4,42.4,0.0,0.0,0.0
Robstride 06-No Back Cover,Robstride_06-No_Back_Cover~2,subassembly,1,0,1,,598.8,84.5,82.0,43.0,False,,000_left_arm_long_wrist_latest:1+Robstride 06-No Back Cover:1,,,0.076,-0.001,18.576,445723.5,445631.5,395350.1,-11.2,16.5,-1477.4
R06,R06~2,subassembly,1,0,5,,598.8,84.5,82.0,43.0,False,,000_left_arm_long_wrist_latest:1+Robstride 06-No Back Cover:1+R06:1,,,0.076,-0.001,18.576,445723.5,445631.5,395350.1,-11.2,16.5,-1477.4
1_1_31_QT-1040^FL82BLW33-48V-35N.m(开模版)(1)_FL82BLW33-48V-35N.m(开模版)(1).STEP,1_1_31_QT-1040_FL82BLW33-48V-35N.m_1__FL82BLW33-48V-35N.m_1_.STEP~2,part,1,9,0,matching A356,32.5,82.0,84.5,12.0,False,,000_left_arm_long_wrist_latest:1+Robstride 06-No Back Cover:1+R06:1+1_1_31_QT-1040^FL82BLW33-48V-35N.m(开模版)(1)_FL82BLW33-48V-35N.m(开模版)(1).STEP:1,"255,255,255","Opaque(255,255,255)",-0.016,1.125,0.439,15636.1,15533.3,30926.1,-11.3,-41.5,0.5
MAIN,MAIN~2,subassembly,1,0,1,,80.9,84.5,82.0,32.5,False,,000_left_arm_long_wrist_latest:1+Robstride 06-No Back Cover:1+R06:1+MAIN:1,,,0.11,0.0,11.671,77914.2,77719.4,117830.6,-0.0,-0.0,-310.8
1_1_06_EB823-507_AF0^1_1_06_EB823-509_ASM_FL82BLW33-48V-35N.m(开模版)(1)_FL82BLW33-48V-35N.m(开模版)(1).STEP,1_1_06_EB823-507_AF0_1_1_06_EB823-509_ASM_FL82BLW33-48V-35N.m_1__FL82BLW33-48V-35N.m_1_.STEP~2,part,1,1,0,matching A356,80.9,84.5,82.0,32.5,False,,000_left_arm_long_wrist_latest:1+Robstride 06-No Back Cover:1+R06:1+MAIN:1+1_1_06_EB823-507_AF0^1_1_06_EB823-509_ASM_FL82BLW33-48V-35N.m(开模版)(1)_FL82BLW33-48V-35N.m(开模版)(1).STEP:1,"255,255,255","Opaque(255,255,255)",0.11,0.0,11.671,77914.2,77719.4,117830.6,-0.0,-0.0,-310.8
R06-ROTOR,R06-ROTOR~2,part,1,1,0,matching A356,20.2,37.0,37.0,10.5,False,,000_left_arm_long_wrist_latest:1+Robstride 06-No Back Cover:1+R06:1+R06-ROTOR:1,"255,255,255","Opaque(255,255,255)",0.0,0.0,5.072,2622.0,2622.0,3843.3,-0.0,-0.0,-0.0
weight,weight~2,part,1,2,0,Steel; ABS Plastic,450.1,65.0,65.0,30.0,False,,000_left_arm_long_wrist_latest:1+Robstride 06-No Back Cover:1+R06:1+weight:1,"160,160,160",Steel - Satin,0.0,-0.0,19.932,312041.5,312041.5,236787.1,-0.0,0.0,-0.0
bearings,bearings~3,subassembly,1,0,6,,89.7,366.6,61.5,61.5,False,,000_left_arm_long_wrist_latest:1+bearings:2,,,148.5,-0.006,-27.244,135040.0,3416688.3,3350074.0,105.6,-13.7,363168.2
bearing_35x44x5_6707_1.6kN_15g,bearing_35x44x5_6707_1.6kN_15g~2,subassembly,7,0,2,,15.0,44.1,44.1,5.1,False,,000_left_arm_long_wrist_latest:1+bearings:2+bearing_35x44x5_6707_1.6kN_15g:2,,,0.0,0.0,0.017,3017.8,3017.8,5963.1,0.0,-0.0,-0.0
half-bearing_35x44x5_6707_1.6kN_15g,half-bearing_35x44x5_6707_1.6kN_15g~2,part,14,28,0,half-steel,7.5,44.0,44.0,5.0,False,,000_left_arm_long_wrist_latest:1+bearings:2+bearing_35x44x5_6707_1.6kN_15g:2+half-bearing_35x44x5_6707_1.6kN_15g:1,"160,160,160",Steel - Satin,0.0,0.0,0.017,1508.9,1508.9,2981.5,0.0,-0.0,-0.0
elbow:wrist_roll,elbow_wrist_roll,subassembly,1,0,4,,189.1,111.1,111.1,156.8,False,,000_left_arm_long_wrist_latest:1+elbow:wrist_roll:2,,,-0.002,-91.357,-267.67,15626503.8,13962078.1,1773967.4,-1524.7,-4609408.2,-108.6
CNC_arm09_x2_elbow_roll_output_shaft,CNC_arm09_x2_elbow_roll_output_shaft,part,1,1,0,Aluminum 6061,44.7,38.6,16.5,79.8,False,,000_left_arm_long_wrist_latest:1+elbow:wrist_roll:2+CNC_arm09_x2_elbow_roll_output_shaft:1,"245,245,246",Aluminum - Satin,0.0,-122.487,-225.104,2958230.8,2292501.6,677473.4,0.0,-1235055.6,0.0
protections,protections~3,subassembly,1,0,6,,106.7,87.6,90.8,348.6,False,,000_left_arm_long_wrist_latest:1+protections:1,,,1.813,-92.764,-125.676,4102127.2,3182623.7,1067230.7,19153.8,-1224243.4,-0.0
elbow_motor_protection,elbow_motor_protection,subassembly,1,0,2,,12.2,87.6,31.3,78.2,False,,000_left_arm_long_wrist_latest:1+protections:1+elbow_motor_protection:1,,,0.0,-96.73,-215.4,692009.5,588737.7,128429.4,0.0,-255194.9,0.0
Component38,Component38,part,1,1,0,elbow_protection,6.1,43.8,31.3,78.2,False,,000_left_arm_long_wrist_latest:1+protections:1+elbow_motor_protection:1+Component38:1,"0,0,0",Silicone (White),-29.965,-96.73,-215.4,346004.8,294368.8,64214.7,-17750.3,-127597.4,-38520.1
Component39,Component39,part,1,1,0,elbow_protection,6.1,43.8,31.3,78.2,False,,000_left_arm_long_wrist_latest:1+protections:1+elbow_motor_protection:1+Component39:1,"0,0,0",Silicone (White),29.965,-96.73,-215.4,346004.8,294368.8,64214.7,17750.3,-127597.4,38520.1
elbow_shaft,elbow_shaft,subassembly,1,0,2,,15.2,46.6,84.0,82.3,False,,000_left_arm_long_wrist_latest:1+protections:1+elbow_shaft:1,,,-0.0,-90.0,-225.555,930107.3,787245.2,149515.2,-0.0,-309490.6,-0.0
Component42,Component42~2,part,1,1,0,shoulder_protection,7.6,46.6,11.0,82.3,False,,000_left_arm_long_wrist_latest:1+protections:1+elbow_shaft:1+Component42:1,"0,0,0",Silicone (White),-0.0,-128.487,-225.555,517862.3,393622.6,127566.3,-0.0,-220970.9,-0.0
Component43,Component43~2,part,1,1,0,shoulder_protection,7.6,46.6,11.0,82.3,False,,000_left_arm_long_wrist_latest:1+protections:1+elbow_shaft:1+Component43:1,"0,0,0",Silicone (White),-0.0,-51.513,-225.555,412245.0,393622.6,21948.9,-0.0,-88519.8,-0.0
shoulder_pitch_protection,shoulder_pitch_protection,subassembly,1,0,2,,24.9,38.5,86.2,95.1,False,,000_left_arm_long_wrist_latest:1+protections:1+shoulder_pitch_protection:1,,,7.765,-98.529,-0.0,288146.4,34422.6,264684.0,19153.8,-0.0,0.0
Component34,Component34~2,part,1,1,0,measured_shoulder_protection,12.5,38.5,86.2,47.5,False,,000_left_arm_long_wrist_latest:1+protections:1+shoulder_pitch_protection:1+Component34:1,"0,0,0",Silicone (White),7.765,-98.529,-32.032,144073.2,17211.3,132342.0,9576.9,-37248.0,2978.4
Component35,Component35~2,part,1,1,0,measured_shoulder_protection,12.5,38.5,86.2,47.5,False,,000_left_arm_long_wrist_latest:1+protections:1+shoulder_pitch_protection:1+Component35:1,"0,0,0",Silicone (White),7.765,-98.529,32.032,144073.2,17211.3,132342.0,9576.9,37248.0,-2978.4
shoulder_roll_shaft,shoulder_roll_shaft,subassembly,1,0,2,,15.9,84.0,46.6,82.3,False,,000_left_arm_long_wrist_latest:1+protections:1+shoulder_roll_shaft:1,,,-0.0,-90.0,-18.369,146224.6,37455.1,155648.0,-0.0,-26262.6,-0.0
Component40,Component40,part,1,1,0,shoulder_protection,7.9,11.5,46.6,82.3,False,,000_left_arm_long_wrist_latest:1+protections:1+shoulder_roll_shaft:1+Component40:1,"0,0,0",Silicone (White),38.304,-90.0,-18.369,73112.3,18727.6,77824.0,27381.7,-13131.3,5645.6
Component41,Component41,part,1,1,0,shoulder_protection,7.9,11.5,46.6,82.3,False,,000_left_arm_long_wrist_latest:1+protections:1+shoulder_roll_shaft:1+Component41:1,"0,0,0",Silicone (White),-38.304,-90.0,-18.369,73112.3,18727.6,77824.0,-27381.7,-13131.3,-5645.6
shoulder_yaw_protection,shoulder_yaw_protection,mixed,2,12,2,shoulder_yaw_protection,19.2,86.5,86.5,32.0,False,,000_left_arm_long_wrist_latest:1+protections:1+shoulder_yaw_protection:1,"0,0,0",Silicone (White),-0.0,-90.0,-79.842,294530.2,139092.0,184477.0,-0.0,-137893.7,-0.0
Component36,Component36~2,part,2,1,0,shoulder_yaw_protection,8.3,43.3,86.5,32.0,False,,000_left_arm_long_wrist_latest:1+protections:1+shoulder_yaw_protection:1+Component36:1,"0,0,0",Silicone (White),-26.281,-90.0,-77.814,125615.9,58279.5,81493.0,-19663.0,-58218.9,-17002.4
Component37,Component37~2,part,2,1,0,shoulder_yaw_protection,8.3,43.3,86.5,32.0,False,,000_left_arm_long_wrist_latest:1+protections:1+shoulder_yaw_protection:1+Component37:1,"0,0,0",Silicone (White),26.281,-90.0,-77.814,125615.9,58279.5,81493.0,19663.0,-58218.9,17002.4
schematics,schematics~2,subassembly,1,0,5,,0.0,0.0,0.0,0.0,False,,000_left_arm_long_wrist_latest:1+schematics:2,,,0.0,0.0,0.0,0.0,0.0,0.0,0.0,0.0,0.0
robstride02_sketch,robstride02_sketch,empty,3,0,0,,0.0,0.0,0.0,0.0,False,,000_left_arm_long_wrist_latest:1+schematics:2+robstride02_sketch:1,,,,,,,,,,,
robstride03_cross_section,robstride03_cross_section~2,empty,1,0,0,,0.0,0.0,0.0,0.0,False,,000_left_arm_long_wrist_latest:1+schematics:2+robstride03_cross_section:1,,,,,,,,,,,
robstride06_cross_section,robstride06_cross_section~2,empty,1,0,0,,0.0,0.0,0.0,0.0,False,,000_left_arm_long_wrist_latest:1+schematics:2+robstride06_cross_section:1,,,,,,,,,,,
shoulder_pitch:shoulder_roll,shoulder_pitch_shoulder_roll,subassembly,1,0,3,,175.7,59.5,134.2,82.8,False,,000_left_arm_long_wrist_latest:1+shoulder_pitch:shoulder_roll:2,,,-0.323,-45.497,0.0,677784.8,139960.9,705438.1,-8766.3,0.3,0.1
CNC_arm01_x2_shoulder_roll_front_bearing_retainer,CNC_arm01_x2_shoulder_roll_front_bearing_retainer,part,1,1,0,Aluminum 6061,55.7,10.8,123.4,82.8,False,,000_left_arm_long_wrist_latest:1+shoulder_pitch:shoulder_roll:2+CNC_arm01_x2_shoulder_roll_front_bearing_retainer:1,"245,245,246",Aluminum - Satin,25.572,-56.991,-0.0,267408.9,55762.8,284854.4,81493.3,-0.0,0.0
CNC_arm02_x2_shoulder_roll_back_bearing_retainer,CNC_arm02_x2_shoulder_roll_back_bearing_retainer,part,1,1,0,Aluminum 6061,68.2,20.0,123.4,82.8,False,,000_left_arm_long_wrist_latest:1+shoulder_pitch:shoulder_roll:2+CNC_arm02_x2_shoulder_roll_back_bearing_retainer:1,"245,245,246",Aluminum - Satin,-21.699,-64.017,-0.0,392698.0,59270.9,401940.6,-90259.5,0.2,-0.0
CNC_leg02_x7_RS03_shaft_coupler,CNC_leg02_x7_RS03_shaft_coupler~3,part,1,1,0,Aluminum 6061,51.8,50.0,50.0,22.1,False,,000_left_arm_long_wrist_latest:1+shoulder_pitch:shoulder_roll:2+CNC_leg02_x7_RS03_shaft_coupler:1,"245,245,246",Aluminum - Satin,-0.0,133.298,-230.005,3678777.2,2756558.2,946181.0,1.6,1589620.4,-2.6
shoulder_roll:shoulder_yaw,shoulder_roll_shoulder_yaw,subassembly,1,0,5,,580.8,110.6,110.6,156.8,False,,000_left_arm_long_wrist_latest:1+shoulder_roll:shoulder_yaw:2,,,0.396,-89.759,-72.364,8328415.3,3732141.5,5138866.4,17649.6,-3772252.2,4293.2
3DP_arm05_x4_RS02_shaft_bearing_retainer,3DP_arm05_x4_RS02_shaft_bearing_retainer,part,2,1,0,Nylon 12 (with Formlabs Fuse 1 3D Printer),70.6,79.5,79.5,45.5,False,,000_left_arm_long_wrist_latest:1+shoulder_roll:shoulder_yaw:2+3DP_arm05_x4_RS02_shaft_bearing_retainer:1,"63,63,63",Nylon 12 (with Formlabs Fuse 1 3D Printer),-0.0,-89.999,-110.234,1473753.6,901703.5,631893.7,-0.0,-700663.4,-0.0
CNC_arm03_x2_shoulder_roll_output_shaft,CNC_arm03_x2_shoulder_roll_output_shaft,part,1,1,0,Aluminum 6061,42.2,16.1,38.6,79.8,False,,000_left_arm_long_wrist_latest:1+shoulder_roll:shoulder_yaw:2+CNC_arm03_x2_shoulder_roll_output_shaft:1,"245,245,246",Aluminum - Satin,-32.636,-90.0,18.112,381611.7,79613.5,393250.9,-124082.9,68863.1,26930.2
CNC_arm04_x4_shoulder_elbow_support_shaft,CNC_arm04_x4_shoulder_elbow_support_shaft,part,2,1,0,Aluminum 6061,35.0,13.3,38.6,79.8,False,,000_left_arm_long_wrist_latest:1+shoulder_roll:shoulder_yaw:2+CNC_arm04_x4_shoulder_elbow_support_shaft:1,"245,245,246",Aluminum - Satin,-34.172,-90.0,-21.807,322169.6,74698.0,329907.7,-107732.1,-68749.7,-26887.0
CNC_arm10_x4_r03_back_cover,CNC_arm10_x4_r03_back_cover,part,2,1,0,Aluminum 6061,38.7,78.5,78.5,20.0,False,,000_left_arm_long_wrist_latest:1+shoulder_roll:shoulder_yaw:2+CNC_arm10_x4_r03_back_cover:1,"245,245,246",Aluminum - Satin,0.026,-90.013,-54.574,444061.6,138993.9,350048.9,1572.3,-190080.1,63.2
robstride_02-No_back_cover,robstride_02-No_back_cover,subassembly,3,0,2,,394.2,95.1,95.1,43.2,False,,000_left_arm_long_wrist_latest:1+shoulder_roll:shoulder_yaw:2+robstride_02-No_back_cover:1,,,0.351,-0.132,-14.368,238885.5,248095.4,265807.5,65.6,-1339.6,1932.0
02-3D-20211009(1).stp,02-3D-20211009_1_.stp,subassembly,3,0,1,,112.9,95.1,95.1,43.2,False,,000_left_arm_long_wrist_latest:1+shoulder_roll:shoulder_yaw:2+robstride_02-No_back_cover:1+02-3D-20211009(1).stp:1,,,1.227,-0.46,-14.872,92356.1,101566.0,105277.9,65.6,-1339.6,1932.0
3_1_02_067_0020_ASM_1_ASM.stp,3_1_02_067_0020_ASM_1_ASM.stp,subassembly,3,0,15,,112.9,110.6,110.6,43.2,False,,000_left_arm_long_wrist_latest:1+shoulder_roll:shoulder_yaw:2+robstride_02-No_back_cover:1+02-3D-20211009(1).stp:1+3_1_02_067_0020_ASM_1_ASM.stp:1,,,-0.436,-88.765,17.128,995187.0,104243.5,994493.0,93.1,171879.9,1359.6
1_1_04_EB672-503_1.stp,1_1_04_EB672-503_1.stp,part,3,1,0,Aluminum A356 T6,21.4,78.5,78.5,12.0,False,,000_left_arm_long_wrist_latest:1+shoulder_roll:shoulder_yaw:2+robstride_02-No_back_cover:1+02-3D-20211009(1).stp:1+3_1_02_067_0020_ASM_1_ASM.stp:1+1_1_04_EB672-503_1.stp:1,"245,245,246",Aluminum - Satin,-1.515,2.434,-0.903,9021.4,8530.4,17398.7,-0.0,26.0,-20.1
1_1_06_EB673-516_1.stp,1_1_06_EB673-516_1.stp,part,3,19,0,Aluminum A356 T6; Steel,60.3,78.5,78.5,30.0,False,,000_left_arm_long_wrist_latest:1+shoulder_roll:shoulder_yaw:2+robstride_02-No_back_cover:1+02-3D-20211009(1).stp:1+3_1_02_067_0020_ASM_1_ASM.stp:1+1_1_06_EB673-516_1.stp:1,"245,245,246",Aluminum - Satin,55.831,40.597,-13.616,150655.7,242238.9,361373.2,-137403.3,33208.5,45392.6
1_1_31_PL674-504_1.stp,1_1_31_PL674-504_1.stp,part,3,1,0,Steel,0.9,6.0,5.0,19.8,False,,000_left_arm_long_wrist_latest:1+shoulder_roll:shoulder_yaw:2+robstride_02-No_back_cover:1+02-3D-20211009(1).stp:1+3_1_02_067_0020_ASM_1_ASM.stp:1+1_1_31_PL674-504_1.stp:1,"160,160,160",Steel - Satin,3.0,-0.84,7.516,87.9,96.9,12.5,2.3,2.5,-20.2
1_2_04_670601_1.stp,1_2_04_670601_1.stp,part,3,1,0,Steel,7.8,37.0,37.0,3.0,False,,000_left_arm_long_wrist_latest:1+shoulder_roll:shoulder_yaw:2+robstride_02-No_back_cover:1+02-3D-20211009(1).stp:1+3_1_02_067_0020_ASM_1_ASM.stp:1+1_2_04_670601_1.stp:1,"160,160,160",Steel - Satin,-0.0,0.0,1.638,1135.2,1135.2,2218.5,0.0,0.0,0.0
1_2_05_030080_1.stp,1_2_05_030080_1.stp,part,3,2,0,Steel,0.8,5.6,10.4,5.6,False,,000_left_arm_long_wrist_latest:1+shoulder_roll:shoulder_yaw:2+robstride_02-No_back_cover:1+02-3D-20211009(1).stp:1+3_1_02_067_0020_ASM_1_ASM.stp:1+1_2_05_030080_1.stp:1,"160,160,160",Steel - Satin,-0.0,-1.774,0.0,10.8,1.9,10.8,0.0,-0.0,0.0
1_2_05_QT-170_1.stp,1_2_05_QT-170_1.stp,part,12,2,0,Steel,0.2,4.0,4.0,5.6,False,,000_left_arm_long_wrist_latest:1+shoulder_roll:shoulder_yaw:2+robstride_02-No_back_cover:1+02-3D-20211009(1).stp:1+3_1_02_067_0020_ASM_1_ASM.stp:1+1_2_05_QT-170_1.stp:1,"160,160,160",Steel - Satin,0.0,-0.0,-3.389,3.1,3.1,0.3,0.0,-0.0,0.0
1_2_05_QT-647_1.stp,1_2_05_QT-647_1.stp,part,9,1,0,Steel,0.0,3.0,15.7,3.0,False,,000_left_arm_long_wrist_latest:1+shoulder_roll:shoulder_yaw:2+robstride_02-No_back_cover:1+02-3D-20211009(1).stp:1+3_1_02_067_0020_ASM_1_ASM.stp:1+1_2_05_QT-647_1.stp:1,"160,160,160",Steel - Satin,0.0,0.0,0.0,0.0,0.0,0.0,0.0,0.0,0.0
1_2_06_000392_1.stp,1_2_06_000392_1.stp,part,3,1,0,Steel,1.2,38.5,38.2,0.7,False,,000_left_arm_long_wrist_latest:1+shoulder_roll:shoulder_yaw:2+robstride_02-No_back_cover:1+02-3D-20211009(1).stp:1+3_1_02_067_0020_ASM_1_ASM.stp:1+1_2_06_000392_1.stp:1,"160,160,160",Steel - Satin,0.08,1.386,0.32,181.3,210.4,391.4,1.7,-0.5,-0.0
1_2_16_001330_ASM_1_ASM.stp,1_2_16_001330_ASM_1_ASM.stp,subassembly,3,0,1,,12.4,59.8,69.9,7.2,False,,000_left_arm_long_wrist_latest:1+shoulder_roll:shoulder_yaw:2+robstride_02-No_back_cover:1+02-3D-20211009(1).stp:1+3_1_02_067_0020_ASM_1_ASM.stp:1+1_2_16_001330_ASM_1_ASM.stp:1,,,0.032,-0.39,-0.443,5685.3,1830.5,7418.5,44.7,0.0,-0.3
PCBMODEL_ASM_1_ASM.stp,PCBMODEL_ASM_1_ASM.stp,subassembly,3,0,3,,12.4,59.8,69.9,7.2,False,,000_left_arm_long_wrist_latest:1+shoulder_roll:shoulder_yaw:2+robstride_02-No_back_cover:1+02-3D-20211009(1).stp:1+3_1_02_067_0020_ASM_1_ASM.stp:1+1_2_16_001330_ASM_1_ASM.stp:1+PCBMODEL_ASM_1_ASM.stp:1,,,0.032,-0.39,-0.443,5685.3,1830.5,7418.5,44.7,0.0,-0.3
BOARD-17_1.stp,BOARD-17_1.stp,part,3,1,0,FR4,7.7,59.8,57.3,1.6,False,,000_left_arm_long_wrist_latest:1+shoulder_roll:shoulder_yaw:2+robstride_02-No_back_cover:1+02-3D-20211009(1).stp:1+3_1_02_067_0020_ASM_1_ASM.stp:1+1_2_16_001330_ASM_1_ASM.stp:1+PCBMODEL_ASM_1_ASM.stp:1+BOARD-17_1.stp:1,"68,119,102",FR4,0.052,-0.475,0.793,1576.0,1712.2,3275.3,16.4,2.9,-0.3
JRZS-J1_ASM_1_ASM.stp,JRZS-J1_ASM_1_ASM.stp,subassembly,3,0,1,,2.4,15.5,12.6,7.2,False,,000_left_arm_long_wrist_latest:1+shoulder_roll:shoulder_yaw:2+robstride_02-No_back_cover:1+02-3D-20211009(1).stp:1+3_1_02_067_0020_ASM_1_ASM.stp:1+1_2_16_001330_ASM_1_ASM.stp:1+PCBMODEL_ASM_1_ASM.stp:1+JRZS-J1_ASM_1_ASM.stp:1,,,-0.266,-4.478,2.455,88.0,59.2,104.9,1.4,27.4,1.2
JRZS-J2_ASM_1_ASM.stp,JRZS-J2_ASM_1_ASM.stp,subassembly,3,0,1,,2.4,15.5,12.6,7.2,False,,000_left_arm_long_wrist_latest:1+shoulder_roll:shoulder_yaw:2+robstride_02-No_back_cover:1+02-3D-20211009(1).stp:1+3_1_02_067_0020_ASM_1_ASM.stp:1+1_2_16_001330_ASM_1_ASM.stp:1+PCBMODEL_ASM_1_ASM.stp:1+JRZS-J2_ASM_1_ASM.stp:1,,,-0.266,-4.478,2.455,88.0,59.2,104.9,1.4,27.4,1.2
CONN-TH_4P-XT30PW-M_ASM_1_ASM.stp,CONN-TH_4P-XT30PW-M_ASM_1_ASM.stp,subassembly,6,0,1,,2.4,15.5,12.6,7.2,False,,000_left_arm_long_wrist_latest:1+shoulder_roll:shoulder_yaw:2+robstride_02-No_back_cover:1+02-3D-20211009(1).stp:1+3_1_02_067_0020_ASM_1_ASM.stp:1+1_2_16_001330_ASM_1_ASM.stp:1+PCBMODEL_ASM_1_ASM.stp:1+JRZS-J2_ASM_1_ASM.stp:1+CONN-TH_4P-XT30PW-M_ASM_1_ASM.stp:1,,,-0.266,-4.478,2.455,88.0,59.2,104.9,1.4,27.4,1.2
SOLID-183013_1.stp,SOLID-183013_1.stp,part,6,1,0,Discrete Component,2.4,15.5,12.6,7.2,False,,000_left_arm_long_wrist_latest:1+shoulder_roll:shoulder_yaw:2+robstride_02-No_back_cover:1+02-3D-20211009(1).stp:1+3_1_02_067_0020_ASM_1_ASM.stp:1+1_2_16_001330_ASM_1_ASM.stp:1+PCBMODEL_ASM_1_ASM.stp:1+JRZS-J2_ASM_1_ASM.stp:1+CONN-TH_4P-XT30PW-M_ASM_1_ASM.stp:1+SOLID-183013_1.stp:1,"25,25,25",Plastic - Matte (Black),-0.266,-4.478,2.455,88.0,59.2,104.9,1.4,27.4,1.2
shaft 1_1_02_EB671-502_1.stp,shaft_1_1_02_EB671-502_1.stp,part,3,1,0,Aluminum A356 T6,7.3,30.0,30.0,5.5,False,,000_left_arm_long_wrist_latest:1+shoulder_roll:shoulder_yaw:2+robstride_02-No_back_cover:1+02-3D-20211009(1).stp:1+3_1_02_067_0020_ASM_1_ASM.stp:1+shaft 1_1_02_EB671-502_1.stp:1,"245,245,246",Aluminum - Satin,0.0,0.0,-4.316,624.2,624.2,939.6,0.0,0.0,0.0
Component21,Component21,part,3,1,0,core_material,281.3,68.0,68.0,24.0,False,,000_left_arm_long_wrist_latest:1+shoulder_roll:shoulder_yaw:2+robstride_02-No_back_cover:1+Component21:1,"237,206,195",Copper - Polished,-0.0,-0.0,-14.166,146529.4,146529.4,160529.6,-0.0,-0.0,-0.0
shoulder_yaw:elbow,shoulder_yaw_elbow,subassembly,1,0,3,,147.6,79.3,59.5,152.8,False,,000_left_arm_long_wrist_latest:1+shoulder_yaw:elbow:2,,,-0.018,-89.02,-168.325,5605752.7,4424127.9,1250371.7,-212.4,-2208384.1,57.7
3DP_arm06_x4_RS02_shaft_coupler,3DP_arm06_x4_RS02_shaft_coupler,mixed,1,1,6,Nylon 12 (with Formlabs Fuse 1 3D Printer),67.5,40.0,55.0,71.2,False,,000_left_arm_long_wrist_latest:1+shoulder_yaw:elbow:2+3DP_arm06_x4_RS02_shaft_coupler:1,"63,63,63",Nylon 12 (with Formlabs Fuse 1 3D Printer),-0.0,-90.0,-136.729,1845947.5,1296276.9,565571.6,-0.0,-830603.9,-0.0
Knurled Insert M3xH8,Knurled_Insert_M3xH8,part,6,1,0,Brass,0.5,4.2,8.5,4.2,False,,000_left_arm_long_wrist_latest:1+shoulder_yaw:elbow:2+3DP_arm06_x4_RS02_shaft_coupler:1+Knurled Insert M3xH8:1,"243,203,124",Brass - Polished,0.0,3.856,-0.0,10.4,1.3,10.4,0.0,0.0,-0.0
CNC_arm07_x2_elbow_front_bearing_retainer,CNC_arm07_x2_elbow_front_bearing_retainer,part,1,1,0,Aluminum 6061,33.6,79.3,15.3,90.7,False,,000_left_arm_long_wrist_latest:1+shoulder_yaw:elbow:2+CNC_arm07_x2_elbow_front_bearing_retainer:1,"245,245,246",Aluminum - Satin,-0.0,-112.251,-193.997,1711898.8,1299050.0,434744.4,-0.0,-732877.3,-0.0
CNC_arm08_x2_elbow_back_bearing_retainer,CNC_arm08_x2_elbow_back_bearing_retainer,part,1,1,0,Aluminum 6061,46.5,78.2,21.3,91.5,False,,000_left_arm_long_wrist_latest:1+shoulder_yaw:elbow:2+CNC_arm08_x2_elbow_back_bearing_retainer:1,"245,245,246",Aluminum - Satin,-0.056,-70.814,-195.613,2047906.4,1828800.9,250055.8,-212.4,-644902.8,57.7
000_right_arm_long_wrist_latest,000_right_arm_long_wrist_latest,subassembly,1,0,157,,4599.7,111.1,232.5,566.3,True,,000_right_arm_long_wrist_latest:1,,,0.766,-66.005,-157.968,270980082.2,241526603.1,32744056.2,322974.9,-65729893.6,65613.3
001_right_wrist_long_latest,001_right_wrist_long_latest,subassembly,1,0,4,,867.6,80.7,75.1,217.3,True,,000_right_arm_long_wrist_latest:1+001_right_wrist_long_latest:1,,,-0.652,-0.098,-116.305,13491426.7,13511463.8,467616.2,-2879.6,-23324.7,-55826.6
3DP_arm11_x2_wrist_roll,3DP_arm11_x2_wrist_roll~2,part,1,1,0,Nylon 12 (with Formlabs Fuse 1 3D Printer),72.1,68.6,47.1,122.3,False,,000_right_arm_long_wrist_latest:1+001_right_wrist_long_latest:1+3DP_arm11_x2_wrist_roll:1,"63,63,63",Nylon 12 (with Formlabs Fuse 1 3D Printer),-0.0,-1.034,-61.501,361989.5,377134.9,34833.9,-0.0,-9663.5,-0.0
bearings,bearings~4,subassembly,1,0,6,,89.7,301.0,137.1,102.3,False,,000_right_arm_long_wrist_latest:1+bearings:1,,,117.274,11.391,-35.703,358898.3,2292324.2,2242019.3,-121728.6,30918.6,307850.3
elbow:wrist_roll,elbow_wrist_roll~2,subassembly,1,0,4,,189.1,111.1,111.1,156.8,False,,000_right_arm_long_wrist_latest:1+elbow:wrist_roll:1,,,35.857,-106.09,-224.198,12314824.9,10752377.1,3629249.8,679988.3,-4734226.4,1643301.5
CNC_arm09_x2_elbow_roll_output_shaft,CNC_arm09_x2_elbow_roll_output_shaft~2,part,1,1,0,Aluminum 6061,44.7,38.6,16.5,79.8,False,,000_right_arm_long_wrist_latest:1+elbow:wrist_roll:1+CNC_arm09_x2_elbow_roll_output_shaft:1,"245,245,246",Aluminum - Satin,0.0,-122.487,-225.104,2958230.8,2292501.6,677473.4,0.0,-1235055.6,0.0
protections,protections~4,subassembly,1,0,6,,106.7,87.6,90.8,348.6,False,,000_right_arm_long_wrist_latest:1+protections:1,,,1.813,-92.764,-88.435,2645548.2,1726044.7,1067230.7,19153.8,-866735.6,-0.0
elbow_motor_protection,elbow_motor_protection~2,subassembly,1,0,2,,12.2,87.6,31.3,78.2,False,,000_right_arm_long_wrist_latest:1+protections:1+elbow_motor_protection:1,,,0.0,-96.73,-215.4,692009.5,588737.7,128429.4,0.0,-255194.9,0.0
Component38,Component38~2,part,1,1,0,elbow_protection,6.1,43.8,31.3,78.2,False,,000_right_arm_long_wrist_latest:1+protections:1+elbow_motor_protection:1+Component38:1,"0,0,0",Silicone (White),-29.965,-96.73,-215.4,346004.8,294368.8,64214.7,-17750.3,-127597.4,-38520.1
Component39,Component39~2,part,1,1,0,elbow_protection,6.1,43.8,31.3,78.2,False,,000_right_arm_long_wrist_latest:1+protections:1+elbow_motor_protection:1+Component39:1,"0,0,0",Silicone (White),29.965,-96.73,-215.4,346004.8,294368.8,64214.7,17750.3,-127597.4,38520.1
elbow_shaft,elbow_shaft~2,subassembly,1,0,2,,15.2,46.6,84.0,82.3,False,,000_right_arm_long_wrist_latest:1+protections:1+elbow_shaft:1,,,-0.0,-90.0,-225.555,930107.3,787245.2,149515.2,-0.0,-309490.6,-0.0
Component42,Component42~3,part,1,1,0,shoulder_protection,7.6,46.6,11.0,82.3,False,,000_right_arm_long_wrist_latest:1+protections:1+elbow_shaft:1+Component42:1,"0,0,0",Silicone (White),-0.0,-128.487,-225.555,517862.3,393622.6,127566.3,-0.0,-220970.9,-0.0
Component43,Component43~3,part,1,1,0,shoulder_protection,7.6,46.6,11.0,82.3,False,,000_right_arm_long_wrist_latest:1+protections:1+elbow_shaft:1+Component43:1,"0,0,0",Silicone (White),-0.0,-51.513,-225.555,412245.0,393622.6,21948.9,-0.0,-88519.8,-0.0
shoulder_pitch_protection,shoulder_pitch_protection~2,subassembly,1,0,2,,24.9,38.5,86.2,95.1,False,,000_right_arm_long_wrist_latest:1+protections:1+shoulder_pitch_protection:1,,,7.765,-98.529,-0.0,288146.4,34422.6,264684.0,19153.8,-0.0,0.0
Component34,Component34~3,part,1,1,0,measured_shoulder_protection,12.5,38.5,86.2,47.5,False,,000_right_arm_long_wrist_latest:1+protections:1+shoulder_pitch_protection:1+Component34:1,"0,0,0",Silicone (White),7.765,-98.529,-32.032,144073.2,17211.3,132342.0,9576.9,-37248.0,2978.4
Component35,Component35~3,part,1,1,0,measured_shoulder_protection,12.5,38.5,86.2,47.5,False,,000_right_arm_long_wrist_latest:1+protections:1+shoulder_pitch_protection:1+Component35:1,"0,0,0",Silicone (White),7.765,-98.529,32.032,144073.2,17211.3,132342.0,9576.9,37248.0,-2978.4
shoulder_roll_shaft,shoulder_roll_shaft~2,subassembly,1,0,2,,15.9,84.0,46.6,82.3,False,,000_right_arm_long_wrist_latest:1+protections:1+shoulder_roll_shaft:1,,,-0.0,-90.0,-18.369,146224.6,37455.1,155648.0,-0.0,-26262.6,-0.0
Component40,Component40~2,part,1,1,0,shoulder_protection,7.9,11.5,46.6,82.3,False,,000_right_arm_long_wrist_latest:1+protections:1+shoulder_roll_shaft:1+Component40:1,"0,0,0",Silicone (White),38.304,-90.0,-18.369,73112.3,18727.6,77824.0,27381.7,-13131.3,5645.6
Component41,Component41~2,part,1,1,0,shoulder_protection,7.9,11.5,46.6,82.3,False,,000_right_arm_long_wrist_latest:1+protections:1+shoulder_roll_shaft:1+Component41:1,"0,0,0",Silicone (White),-38.304,-90.0,-18.369,73112.3,18727.6,77824.0,-27381.7,-13131.3,-5645.6
shoulder_yaw_protection,shoulder_yaw_protection~2,mixed,2,12,2,shoulder_yaw_protection,19.2,86.5,86.5,32.0,False,,000_right_arm_long_wrist_latest:1+protections:1+shoulder_yaw_protection:1,"0,0,0",Silicone (White),-0.0,-90.0,-79.842,294530.2,139092.0,184477.0,-0.0,-137893.7,-0.0
Component36,Component36~3,part,2,1,0,shoulder_yaw_protection,8.3,43.3,86.5,32.0,False,,000_right_arm_long_wrist_latest:1+protections:1+shoulder_yaw_protection:1+Component36:1,"0,0,0",Silicone (White),-26.281,-90.0,-77.814,125615.9,58279.5,81493.0,-19663.0,-58218.9,-17002.4
Component37,Component37~3,part,2,1,0,shoulder_yaw_protection,8.3,43.3,86.5,32.0,False,,000_right_arm_long_wrist_latest:1+protections:1+shoulder_yaw_protection:1+Component37:1,"0,0,0",Silicone (White),26.281,-90.0,-77.814,125615.9,58279.5,81493.0,19663.0,-58218.9,17002.4
schematics,schematics~3,subassembly,1,0,5,,0.0,0.0,0.0,0.0,False,,000_right_arm_long_wrist_latest:1+schematics:1,,,0.0,0.0,0.0,0.0,0.0,0.0,0.0,0.0,0.0
shoulder_pitch:shoulder_roll,shoulder_pitch_shoulder_roll~2,subassembly,1,0,3,,175.7,59.5,134.2,82.8,False,,000_right_arm_long_wrist_latest:1+shoulder_pitch:shoulder_roll:1,,,-0.323,-3.576,-67.86,4338884.0,2871591.9,1632976.0,-8764.6,1589620.6,-2.6
CNC_arm01_x2_shoulder_roll_front_bearing_retainer,CNC_arm01_x2_shoulder_roll_front_bearing_retainer~2,part,1,1,0,Aluminum 6061,55.7,10.8,123.4,82.8,False,,000_right_arm_long_wrist_latest:1+shoulder_pitch:shoulder_roll:1+CNC_arm01_x2_shoulder_roll_front_bearing_retainer:1,"245,245,246",Aluminum - Satin,25.572,-56.991,-0.0,267408.9,55762.8,284854.4,81493.3,-0.0,0.0
CNC_arm02_x2_shoulder_roll_back_bearing_retainer,CNC_arm02_x2_shoulder_roll_back_bearing_retainer~2,part,1,1,0,Aluminum 6061,68.2,20.0,123.4,82.8,False,,000_right_arm_long_wrist_latest:1+shoulder_pitch:shoulder_roll:1+CNC_arm02_x2_shoulder_roll_back_bearing_retainer:1,"245,245,246",Aluminum - Satin,-21.699,-64.017,-0.0,392698.0,59270.9,401940.6,-90259.5,0.2,-0.0
shoulder_roll:shoulder_yaw,shoulder_roll_shoulder_yaw~2,subassembly,1,0,5,,580.8,110.6,110.6,156.8,False,,000_right_arm_long_wrist_latest:1+shoulder_roll:shoulder_yaw:1,,,0.076,-29.004,-50.644,3599983.0,2182605.4,1970908.6,17857.5,-1030132.1,-6269.4
3DP_arm05_x4_RS02_shaft_bearing_retainer,3DP_arm05_x4_RS02_shaft_bearing_retainer~2,part,2,1,0,Nylon 12 (with Formlabs Fuse 1 3D Printer),70.6,79.5,79.5,45.5,False,,000_right_arm_long_wrist_latest:1+shoulder_roll:shoulder_yaw:1+3DP_arm05_x4_RS02_shaft_bearing_retainer:1,"63,63,63",Nylon 12 (with Formlabs Fuse 1 3D Printer),-0.0,-89.999,-110.234,1473753.6,901703.5,631893.7,-0.0,-700663.4,-0.0
CNC_arm03_x2_shoulder_roll_output_shaft,CNC_arm03_x2_shoulder_roll_output_shaft~2,part,1,1,0,Aluminum 6061,42.2,16.1,38.6,79.8,False,,000_right_arm_long_wrist_latest:1+shoulder_roll:shoulder_yaw:1+CNC_arm03_x2_shoulder_roll_output_shaft:1,"245,245,246",Aluminum - Satin,-32.636,-90.0,18.112,381611.7,79613.5,393250.9,-124082.9,68863.1,26930.2
CNC_arm04_x4_shoulder_elbow_support_shaft,CNC_arm04_x4_shoulder_elbow_support_shaft~2,part,2,1,0,Aluminum 6061,35.0,13.3,38.6,79.8,False,,000_right_arm_long_wrist_latest:1+shoulder_roll:shoulder_yaw:1+CNC_arm04_x4_shoulder_elbow_support_shaft:1,"245,245,246",Aluminum - Satin,-34.172,-90.0,-21.807,322169.6,74698.0,329907.7,-107732.1,-68749.7,-26887.0
CNC_arm10_x4_r03_back_cover,CNC_arm10_x4_r03_back_cover~2,part,2,1,0,Aluminum 6061,38.7,78.5,78.5,20.0,False,,000_right_arm_long_wrist_latest:1+shoulder_roll:shoulder_yaw:1+CNC_arm10_x4_r03_back_cover:1,"245,245,246",Aluminum - Satin,0.026,-90.013,-54.574,444061.6,138993.9,350048.9,1572.3,-190080.1,63.2
robstride_02-No_back_cover,robstride_02-No_back_cover~2,subassembly,3,0,2,,394.2,135.7,121.8,43.7,True,,000_right_arm_long_wrist_latest:1+shoulder_roll:shoulder_yaw:1+robstride_02-No_back_cover:3,,,0.351,-0.132,-14.368,238885.5,248095.4,265807.5,65.6,-1339.6,1932.0
02-3D-20211009(1).stp,02-3D-20211009_1_.stp~2,subassembly,3,0,1,,112.9,95.1,95.1,43.2,False,,000_right_arm_long_wrist_latest:1+shoulder_roll:shoulder_yaw:1+robstride_02-No_back_cover:3+02-3D-20211009(1).stp:1,,,55.163,40.906,-8.628,265169.7,427794.0,637449.0,-256829.9,39317.1,53982.8
3_1_02_067_0020_ASM_1_ASM.stp,3_1_02_067_0020_ASM_1_ASM.stp~2,subassembly,3,0,15,,112.9,95.1,95.1,43.2,False,,000_right_arm_long_wrist_latest:1+shoulder_roll:shoulder_yaw:1+robstride_02-No_back_cover:3+02-3D-20211009(1).stp:1+3_1_02_067_0020_ASM_1_ASM.stp:1,,,55.163,40.906,-8.628,265169.7,427794.0,637449.0,-256829.9,39317.1,53982.8
1_1_04_EB672-503_1.stp,1_1_04_EB672-503_1.stp~2,part,3,1,0,Aluminum A356 T6,21.4,78.5,78.5,12.0,False,,000_right_arm_long_wrist_latest:1+shoulder_roll:shoulder_yaw:1+robstride_02-No_back_cover:3+02-3D-20211009(1).stp:1+3_1_02_067_0020_ASM_1_ASM.stp:1+1_1_04_EB672-503_1.stp:1,"245,245,246",Aluminum - Satin,-1.515,2.434,-0.903,9021.4,8530.4,17398.7,-0.0,26.0,-20.1
1_1_06_EB673-516_1.stp,1_1_06_EB673-516_1.stp~2,part,3,19,0,Aluminum A356 T6; Steel,60.3,78.5,78.5,30.0,False,,000_right_arm_long_wrist_latest:1+shoulder_roll:shoulder_yaw:1+robstride_02-No_back_cover:3+02-3D-20211009(1).stp:1+3_1_02_067_0020_ASM_1_ASM.stp:1+1_1_06_EB673-516_1.stp:1,"245,245,246",Aluminum - Satin,55.831,40.597,-13.616,150655.7,242238.9,361373.2,-137403.3,33208.5,45392.6
1_1_31_PL674-504_1.stp,1_1_31_PL674-504_1.stp~2,part,3,1,0,Steel,0.9,6.0,5.0,19.8,False,,000_right_arm_long_wrist_latest:1+shoulder_roll:shoulder_yaw:1+robstride_02-No_back_cover:3+02-3D-20211009(1).stp:1+3_1_02_067_0020_ASM_1_ASM.stp:1+1_1_31_PL674-504_1.stp:1,"160,160,160",Steel - Satin,3.0,-0.84,7.516,87.9,96.9,12.5,2.3,2.5,-20.2
1_2_04_670601_1.stp,1_2_04_670601_1.stp~2,part,3,1,0,Steel,7.8,37.0,37.0,3.0,False,,000_right_arm_long_wrist_latest:1+shoulder_roll:shoulder_yaw:1+robstride_02-No_back_cover:3+02-3D-20211009(1).stp:1+3_1_02_067_0020_ASM_1_ASM.stp:1+1_2_04_670601_1.stp:1,"160,160,160",Steel - Satin,-0.0,0.0,1.638,1135.2,1135.2,2218.5,0.0,0.0,0.0
1_2_05_030080_1.stp,1_2_05_030080_1.stp~2,part,3,2,0,Steel,0.8,5.6,10.4,5.6,False,,000_right_arm_long_wrist_latest:1+shoulder_roll:shoulder_yaw:1+robstride_02-No_back_cover:3+02-3D-20211009(1).stp:1+3_1_02_067_0020_ASM_1_ASM.stp:1+1_2_05_030080_1.stp:1,"160,160,160",Steel - Satin,-0.0,-1.774,0.0,10.8,1.9,10.8,0.0,-0.0,0.0
1_2_05_QT-170_1.stp,1_2_05_QT-170_1.stp~2,part,12,2,0,Steel,0.2,4.0,4.0,5.6,False,,000_right_arm_long_wrist_latest:1+shoulder_roll:shoulder_yaw:1+robstride_02-No_back_cover:3+02-3D-20211009(1).stp:1+3_1_02_067_0020_ASM_1_ASM.stp:1+1_2_05_QT-170_1.stp:1,"160,160,160",Steel - Satin,0.0,-0.0,-3.389,3.1,3.1,0.3,0.0,-0.0,0.0
1_2_05_QT-647_1.stp,1_2_05_QT-647_1.stp~2,part,9,1,0,Steel,0.0,3.0,15.7,3.0,False,,000_right_arm_long_wrist_latest:1+shoulder_roll:shoulder_yaw:1+robstride_02-No_back_cover:3+02-3D-20211009(1).stp:1+3_1_02_067_0020_ASM_1_ASM.stp:1+1_2_05_QT-647_1.stp:1,"160,160,160",Steel - Satin,0.0,0.0,0.0,0.0,0.0,0.0,0.0,0.0,0.0
1_2_06_000392_1.stp,1_2_06_000392_1.stp~2,part,3,1,0,Steel,1.2,38.5,38.2,0.7,False,,000_right_arm_long_wrist_latest:1+shoulder_roll:shoulder_yaw:1+robstride_02-No_back_cover:3+02-3D-20211009(1).stp:1+3_1_02_067_0020_ASM_1_ASM.stp:1+1_2_06_000392_1.stp:1,"160,160,160",Steel - Satin,0.08,1.386,0.32,181.3,210.4,391.4,1.7,-0.5,-0.0
1_2_16_001330_ASM_1_ASM.stp,1_2_16_001330_ASM_1_ASM.stp~2,subassembly,3,0,1,,12.4,59.8,69.9,7.2,False,,000_right_arm_long_wrist_latest:1+shoulder_roll:shoulder_yaw:1+robstride_02-No_back_cover:3+02-3D-20211009(1).stp:1+3_1_02_067_0020_ASM_1_ASM.stp:1+1_2_16_001330_ASM_1_ASM.stp:1,,,0.032,-0.39,-0.443,5685.3,1830.5,7418.5,44.7,0.0,-0.3
PCBMODEL_ASM_1_ASM.stp,PCBMODEL_ASM_1_ASM.stp~2,subassembly,3,0,3,,12.4,59.8,69.9,7.2,False,,000_right_arm_long_wrist_latest:1+shoulder_roll:shoulder_yaw:1+robstride_02-No_back_cover:3+02-3D-20211009(1).stp:1+3_1_02_067_0020_ASM_1_ASM.stp:1+1_2_16_001330_ASM_1_ASM.stp:1+PCBMODEL_ASM_1_ASM.stp:1,,,0.032,-0.39,-0.443,5685.3,1830.5,7418.5,44.7,0.0,-0.3
BOARD-17_1.stp,BOARD-17_1.stp~2,part,3,1,0,FR4,7.7,59.8,57.3,1.6,False,,000_right_arm_long_wrist_latest:1+shoulder_roll:shoulder_yaw:1+robstride_02-No_back_cover:3+02-3D-20211009(1).stp:1+3_1_02_067_0020_ASM_1_ASM.stp:1+1_2_16_001330_ASM_1_ASM.stp:1+PCBMODEL_ASM_1_ASM.stp:1+BOARD-17_1.stp:1,"68,119,102",FR4,0.052,-0.475,0.793,1576.0,1712.2,3275.3,16.4,2.9,-0.3
JRZS-J1_ASM_1_ASM.stp,JRZS-J1_ASM_1_ASM.stp~2,subassembly,3,0,1,,2.4,15.5,12.6,7.2,False,,000_right_arm_long_wrist_latest:1+shoulder_roll:shoulder_yaw:1+robstride_02-No_back_cover:3+02-3D-20211009(1).stp:1+3_1_02_067_0020_ASM_1_ASM.stp:1+1_2_16_001330_ASM_1_ASM.stp:1+PCBMODEL_ASM_1_ASM.stp:1+JRZS-J1_ASM_1_ASM.stp:1,,,-0.266,-4.478,2.455,88.0,59.2,104.9,1.4,27.4,1.2
JRZS-J2_ASM_1_ASM.stp,JRZS-J2_ASM_1_ASM.stp~2,subassembly,3,0,1,,2.4,15.5,12.6,7.2,False,,000_right_arm_long_wrist_latest:1+shoulder_roll:shoulder_yaw:1+robstride_02-No_back_cover:3+02-3D-20211009(1).stp:1+3_1_02_067_0020_ASM_1_ASM.stp:1+1_2_16_001330_ASM_1_ASM.stp:1+PCBMODEL_ASM_1_ASM.stp:1+JRZS-J2_ASM_1_ASM.stp:1,,,-0.266,-4.478,2.455,88.0,59.2,104.9,1.4,27.4,1.2
CONN-TH_4P-XT30PW-M_ASM_1_ASM.stp,CONN-TH_4P-XT30PW-M_ASM_1_ASM.stp~2,subassembly,6,0,1,,2.4,15.5,12.6,7.2,False,,000_right_arm_long_wrist_latest:1+shoulder_roll:shoulder_yaw:1+robstride_02-No_back_cover:3+02-3D-20211009(1).stp:1+3_1_02_067_0020_ASM_1_ASM.stp:1+1_2_16_001330_ASM_1_ASM.stp:1+PCBMODEL_ASM_1_ASM.stp:1+JRZS-J2_ASM_1_ASM.stp:1+CONN-TH_4P-XT30PW-M_ASM_1_ASM.stp:1,,,-0.266,-4.478,2.455,88.0,59.2,104.9,1.4,27.4,1.2
SOLID-183013_1.stp,SOLID-183013_1.stp~2,part,6,1,0,Discrete Component,2.4,15.5,12.6,7.2,False,,000_right_arm_long_wrist_latest:1+shoulder_roll:shoulder_yaw:1+robstride_02-No_back_cover:3+02-3D-20211009(1).stp:1+3_1_02_067_0020_ASM_1_ASM.stp:1+1_2_16_001330_ASM_1_ASM.stp:1+PCBMODEL_ASM_1_ASM.stp:1+JRZS-J2_ASM_1_ASM.stp:1+CONN-TH_4P-XT30PW-M_ASM_1_ASM.stp:1+SOLID-183013_1.stp:1,"25,25,25",Plastic - Matte (Black),-0.266,-4.478,2.455,88.0,59.2,104.9,1.4,27.4,1.2
shaft 1_1_02_EB671-502_1.stp,shaft_1_1_02_EB671-502_1.stp~2,part,3,1,0,Aluminum A356 T6,7.3,30.0,30.0,5.5,False,,000_right_arm_long_wrist_latest:1+shoulder_roll:shoulder_yaw:1+robstride_02-No_back_cover:3+02-3D-20211009(1).stp:1+3_1_02_067_0020_ASM_1_ASM.stp:1+shaft 1_1_02_EB671-502_1.stp:1,"245,245,246",Aluminum - Satin,0.0,0.0,-4.316,624.2,624.2,939.6,0.0,0.0,0.0
Component21,Component21~2,part,3,1,0,core_material,281.3,68.0,68.0,24.0,False,,000_right_arm_long_wrist_latest:1+shoulder_roll:shoulder_yaw:1+robstride_02-No_back_cover:3+Component21:1,"237,206,195",Copper - Polished,-0.0,-0.0,-14.166,146529.4,146529.4,160529.6,-0.0,-0.0,-0.0
shoulder_yaw:elbow,shoulder_yaw_elbow~2,subassembly,1,0,3,,147.6,79.3,59.5,152.8,False,,000_right_arm_long_wrist_latest:1+shoulder_yaw:elbow:1,,,0.234,-87.958,-167.624,5616719.3,4403770.2,1281962.3,3291.9,-2200913.8,5643.3
3DP_arm06_x4_RS02_shaft_coupler,3DP_arm06_x4_RS02_shaft_coupler~2,mixed,1,1,6,Nylon 12 (with Formlabs Fuse 1 3D Printer),67.5,40.0,55.0,71.2,False,,000_right_arm_long_wrist_latest:1+shoulder_yaw:elbow:1+3DP_arm06_x4_RS02_shaft_coupler:1,"63,63,63",Nylon 12 (with Formlabs Fuse 1 3D Printer),0.55,-87.676,-135.196,1856914.2,1275919.2,597162.1,3504.4,-823133.7,5585.6
Knurled Insert M3xH8,Knurled_Insert_M3xH8~2,part,6,1,0,Brass,0.5,4.2,8.5,4.2,True,,000_right_arm_long_wrist_latest:1+shoulder_yaw:elbow:1+3DP_arm06_x4_RS02_shaft_coupler:1+Knurled Insert M3xH8:1,"243,203,124",Brass - Polished,0.0,3.856,-0.0,10.4,1.3,10.4,0.0,0.0,-0.0
CNC_arm07_x2_elbow_front_bearing_retainer,CNC_arm07_x2_elbow_front_bearing_retainer~2,part,1,1,0,Aluminum 6061,33.6,79.3,15.3,90.7,False,,000_right_arm_long_wrist_latest:1+shoulder_yaw:elbow:1+CNC_arm07_x2_elbow_front_bearing_retainer:1,"245,245,246",Aluminum - Satin,-0.0,-112.251,-193.997,1711898.8,1299050.0,434744.4,-0.0,-732877.3,-0.0
CNC_arm08_x2_elbow_back_bearing_retainer,CNC_arm08_x2_elbow_back_bearing_retainer~2,part,1,1,0,Aluminum 6061,46.5,78.2,21.3,91.5,False,,000_right_arm_long_wrist_latest:1+shoulder_yaw:elbow:1+CNC_arm08_x2_elbow_back_bearing_retainer:1,"245,245,246",Aluminum - Satin,-0.056,-70.814,-195.613,2047906.4,1828800.9,250055.8,-212.4,-644902.8,57.7
body_LATEST,body_LATEST,subassembly,1,0,142,,7845.1,140.3,220.2,676.9,True,,body_LATEST:1,,,-8.817,0.031,233.367,699879829.0,685735640.6,32650722.2,-107796.6,-15159.5,8099509.6
3DP_body_05_x1_interior_plate,3DP_body_05_x1_interior_plate,mixed,1,1,36,PLA (for Bambu H2D) (1),4637.4,130.1,156.3,414.6,False,,body_LATEST:1+3DP_body_05_x1_interior_plate:1,"0,0,0",PAHT-CF (for Bambu H2D),4.884,-27.731,87.996,105488301.0,89673246.8,33326389.1,-1151129.8,3304170.1,-2887026.3
150A relay,150A_relay,part,1,1,0,ABS Plastic,87.6,80.0,74.0,45.6,True,,body_LATEST:1+3DP_body_05_x1_interior_plate:1+150A relay:1,"246,246,243",ABS (White),0.023,-4.691,15.769,61635.6,50789.9,54604.7,-263.0,6162.8,-85.9
CAN_Isolated,CAN_Isolated,mixed,6,1,1,ABS Plastic,33.3,65.0,32.0,37.0,True,,body_LATEST:1+3DP_body_05_x1_interior_plate:1+CAN_Isolated:1,"246,246,243",ABS (White),-7.213,0.0,6.375,4180.3,22979.6,23664.5,0.0,-0.0,1529.7
USB-C Cable,USB-C_Cable,part,12,1,0,USB C to A,5.4,12.5,7.0,37.0,True,,body_LATEST:1+3DP_body_05_x1_interior_plate:1+CAN_Isolated:1+USB-C Cable:1,"0,0,127",Steel - Satin,0.0,-0.0,7.099,726.7,762.7,68.0,-0.0,0.0,-0.0
IMU_syd_dynamics_TM171,IMU_syd_dynamics_TM171,subassembly,1,0,2,,24.1,34.0,65.0,12.6,True,,body_LATEST:1+3DP_body_05_x1_interior_plate:1+IMU_syd_dynamics_TM171:4,,,-1.33,4.381,5.478,6073.2,3017.2,6988.9,1003.0,-348.4,105.8
Component1,Component1,part,1,1,0,IMU,21.0,34.0,40.0,12.6,False,,body_LATEST:1+3DP_body_05_x1_interior_plate:1+IMU_syd_dynamics_TM171:4+Component1:1,"212,209,201",Platinum - Polished,-0.125,0.217,5.8,2563.8,2665.5,3212.5,43.3,-15.0,8.7
Component2,Component2,part,1,1,0,IMU,3.1,11.0,30.0,6.0,False,,body_LATEST:1+3DP_body_05_x1_interior_plate:1+IMU_syd_dynamics_TM171:4+Component2:1,"212,209,201",Platinum - Polished,-9.5,37.602,3.3,4597.0,351.6,4864.0,1106.8,-384.5,97.1
MINISFORUM AI X1,MINISFORUM_AI_X1,part,1,1,0,CUSTOM-600G,641.3,128.2,126.2,52.0,True,,body_LATEST:1+3DP_body_05_x1_interior_plate:1+MINISFORUM AI X1:1,"248,247,237",Nylon 6-6 (White),0.0,-0.004,-25.175,1375867.3,1402789.5,1701810.4,-0.0,-11.3,0.0
VEMONT USB-C Hub Long,VEMONT_USB-C_Hub_Long,part,2,1,0,USB HUB,62.9,172.0,32.8,12.5,True,,body_LATEST:1+3DP_body_05_x1_interior_plate:1+VEMONT USB-C Hub Long:1,"255,170,0",Steel - Satin,80.914,0.707,0.0,6162.6,557924.1,562385.8,-4400.2,-0.0,0.0
Vention USB Hub,Vention_USB_Hub,subassembly,1,0,3,,43.8,125.5,41.2,40.5,True,,body_LATEST:1+3DP_body_05_x1_interior_plate:1+Vention USB Hub:1,,,54.811,-4.499,0.005,7734.6,174608.1,181609.2,8933.6,-0.0,-23.7
Hub,Hub,part,1,1,0,PAHT-CF (for Bambu H2D) (1),33.0,125.5,24.3,10.6,False,,body_LATEST:1+3DP_body_05_x1_interior_plate:1+Vention USB Hub:1+Hub:1,"50,50,50",PAHT-CF (for Bambu H2D),56.992,0.787,0.006,1956.9,148345.6,149625.8,-1788.6,0.0,-23.7
USB Straight,USB_Straight,part,13,1,0,USB Straight,5.4,14.0,6.0,40.5,True,,body_LATEST:1+3DP_body_05_x1_interior_plate:1+Vention USB Hub:1+USB Straight:1,"0,0,127",Steel - Satin,-0.0,-0.0,5.581,749.8,813.0,91.7,0.0,0.0,0.0
battery_tester,battery_tester,part,2,1,0,ABS Plastic,16.0,28.5,13.3,40.0,True,,body_LATEST:1+3DP_body_05_x1_interior_plate:1+battery_tester:1,"246,246,243",ABS (White),0.0,6.625,-0.0,3071.8,3218.6,2020.8,0.0,0.0,-0.0
battery_zeee_10000mah,battery_zeee_10000mah,part,2,1,0,BATTERY,1095.6,174.0,49.6,64.1,True,,body_LATEST:1+3DP_body_05_x1_interior_plate:1+battery_zeee_10000mah:1,"115,115,115",Aluminum - Satin,0.035,-0.009,31.5,1667205.1,4054681.6,2824886.9,842.7,305.7,-1215.8
lumped_wires,lumped_wires,part,1,4,0,main wires; bottom wires; AWG 8,742.1,100.7,154.9,370.0,False,,body_LATEST:1+3DP_body_05_x1_interior_plate:1+lumped_wires:1,"237,206,195",Copper - Polished,3.833,-0.188,232.551,50553892.3,50239536.2,1772133.8,533.4,32361.0,-1796734.1
power_block_casing,power_block_casing,subassembly,2,0,3,,42.5,52.3,55.0,14.2,True,,body_LATEST:1+3DP_body_05_x1_interior_plate:1+power_block_casing:5,,,-0.0,0.2,4.952,11848.2,3141.9,11746.5,-0.0,-41.4,0.0
6x10-7holes,6x10-7holes,subassembly,4,0,1,,16.9,52.3,6.1,10.1,True,,body_LATEST:1+3DP_body_05_x1_interior_plate:1+power_block_casing:5+6x10-7holes:1,,,0.573,-0.0,4.792,627.8,4572.9,4056.3,0.0,0.0,-46.1
block,block,part,4,1,0,Steel,16.9,52.3,6.1,10.1,False,,body_LATEST:1+3DP_body_05_x1_interior_plate:1+power_block_casing:5+6x10-7holes:1+block:1,"160,160,160",Steel - Satin,0.573,-0.0,4.792,627.8,4572.9,4056.3,0.0,0.0,-46.1
casing,casing,part,2,1,0,ABS Plastic,8.7,21.4,55.0,14.2,False,,body_LATEST:1+3DP_body_05_x1_interior_plate:1+power_block_casing:5+casing:1,"246,246,243",ABS (White),-0.0,0.291,4.794,2646.1,738.7,2562.8,0.0,-10.7,0.0
3DP_body_06_x1_front_plate_fixed,3DP_body_06_x1_front_plate_fixed,part,1,2,0,ABS Plastic 60%infill,73.9,11.3,174.8,351.4,False,,body_LATEST:1+3DP_body_06_x1_front_plate_fixed:1,"32,32,32",ABS (White),60.047,-0.0,229.229,5163058.5,5095032.3,602215.0,0.0,0.0,-1021906.0
3DP_body_07_x1_front_plate_removable,3DP_body_07_x1_front_plate_removable,mixed,1,1,8,ABS Plastic 60%infill,96.9,5.0,157.9,254.7,False,,body_LATEST:1+3DP_body_07_x1_front_plate_removable:1,"32,32,32",ABS (White),60.44,25.544,199.453,5167556.4,4868997.1,1055034.2,-128839.1,-712223.6,-1193585.9
magnet_1/2inD_1/16inT,magnet_1_2inD_1_16inT,part,22,1,0,Steel,1.6,12.7,12.7,1.6,True,,body_LATEST:1+3DP_body_07_x1_front_plate_removable:1+magnet_1/2inD_1/16inT:9,"160,160,160",Steel - Satin,0.0,-0.0,0.794,17.2,17.2,31.8,0.0,0.0,-0.0
3DP_body_08_x1_back_plate_fixed,3DP_body_08_x1_back_plate_fixed,part,1,2,0,ABS Plastic 60%infill,73.2,11.3,174.8,332.7,False,,body_LATEST:1+3DP_body_08_x1_back_plate_fixed:1,"32,32,32",ABS (White),-60.005,0.0,235.619,5269271.2,5199034.6,598919.3,0.0,-0.0,1041221.3
3DP_body_09_x1_back_plate_removable,3DP_body_09_x1_back_plate_removable,mixed,1,1,14,ABS Plastic 60%infill,113.8,13.0,157.9,254.7,False,,body_LATEST:1+3DP_body_09_x1_back_plate_removable:1,"32,32,32",ABS (White),-58.001,-8.912,155.45,4067934.2,4060513.7,885395.1,51930.4,-58878.2,1138039.3
BEARING,BEARING,subassembly,1,0,2,,79.8,58.1,180.1,58.1,False,,body_LATEST:1+BEARING:1,,,0.0,0.022,400.0,13760513.8,12821704.5,993024.5,0.0,-715.9,-0.0
bearing_45x58x7_6809_5.4kN_40g,bearing_45x58x7_6809_5.4kN_40g,subassembly,13,0,2,,39.9,58.1,58.1,7.1,True,,body_LATEST:1+BEARING:1+bearing_45x58x7_6809_5.4kN_40g:2,,,0.0,-0.0,0.022,13741.6,13741.6,27107.6,-0.0,-0.0,0.0
half-bearing-45x58x7_6809_5.4kN_40g,half-bearing-45x58x7_6809_5.4kN_40g,part,26,26,0,half-steel,19.9,58.0,58.0,7.0,False,,body_LATEST:1+BEARING:1+bearing_45x58x7_6809_5.4kN_40g:2+half-bearing-45x58x7_6809_5.4kN_40g:1,"160,160,160",Steel - Satin,0.0,-0.0,0.022,6870.8,6870.8,13553.8,-0.0,-0.0,0.0
CNC_body01_x1_bottom_plate,CNC_body01_x1_bottom_plate,part,1,1,0,Aluminum 6061,215.4,130.0,180.0,10.2,False,,body_LATEST:1+CNC_body01_x1_bottom_plate:1,"245,245,246",Aluminum - Satin,0.0,0.0,5.389,709543.5,381085.1,1073969.7,0.0,-0.0,0.0
CNC_body02_x2_side_plate,CNC_body02_x2_side_plate,part,2,1,0,Aluminum 6061,411.7,107.5,12.0,407.0,False,,body_LATEST:1+CNC_body02_x2_side_plate:1,"245,245,246",Aluminum - Satin,0.0,85.698,206.887,27012368.4,24448980.9,3494300.6,-1.1,-7301565.3,-4.5
CNC_body03_x1_top_plate,CNC_body03_x1_top_plate,part,1,1,0,Aluminum 6061,163.4,130.0,180.0,8.0,False,,body_LATEST:1+CNC_body03_x1_top_plate:1,"245,245,246",Aluminum - Satin,-0.0,-0.0,2.795,518311.7,271621.5,785598.1,-0.4,-0.0,0.0
CNC_body04_x4_front_plate,CNC_body04_x4_front_plate,part,4,1,0,Aluminum 6061,48.3,11.3,174.8,46.5,False,,body_LATEST:1+CNC_body04_x4_front_plate:1,"245,245,246",Aluminum - Satin,61.395,-0.0,23.695,220638.2,217293.5,368664.9,0.0,0.0,-69972.1
Hexalobular Socket Pan Head Screw ISO 14583 - M3x10 Steel 4.6 Plain,Hexalobular_Socket_Pan_Head_Screw_ISO_14583_-_M3x10_Steel_4.6_Plain,part,771,1,0,"Steel 4.6, Plain",0.9,5.6,5.6,12.3,True,,body_LATEST:1+Hexalobular Socket Pan Head Screw ISO 14583 - M3x10 Steel 4.6 Plain:1,"160,160,160",Steel - Satin,-0.0,-0.0,-2.651,18.5,18.5,1.9,-0.0,-0.0,0.0
WIRES,WIRES,subassembly,1,0,2,,69.3,6.0,100.0,35.0,False,,body_LATEST:1+WIRES:1,,,-13.0,0.0,257.5,4659847.5,4614017.1,69669.6,0.0,-0.0,231981.7
8AWG_midplate,8AWG_midplate,empty,1,0,0,,0.0,0.0,0.0,0.0,False,,body_LATEST:1+WIRES:1+8AWG_midplate:1,,,,,,,,,,,
Small Wires Midplate Rough,Small_Wires_Midplate_Rough,part,1,1,0,AWG 8,69.3,6.0,100.0,35.0,False,,body_LATEST:1+WIRES:1+Small Wires Midplate Rough:1,"237,206,195",Copper - Polished,-13.0,0.0,257.5,4659847.5,4614017.1,69669.6,0.0,-0.0,231981.7
twincities_v2_nolock (1),twincities_v2_nolock_1,subassembly,1,0,9,,585.2,665.1,1200.0,764.5,False,,body_LATEST:1+twincities_v2_nolock (1):1,,,-1.285,-63.336,577.006,200120824.8,197707078.5,2574488.0,-51163.0,21386711.5,497775.6
IntelRealsense_D435_Multibody v9 (1),IntelRealsense_D435_Multibody_v9_1,mixed,1,3,8,Steel; Glass,71.0,1200.0,764.5,625.0,False,,body_LATEST:1+twincities_v2_nolock (1):1+IntelRealsense_D435_Multibody v9 (1):1,"255,255,255",Glass (Clear),-0.249,0.061,-13.088,18688.2,58431.6,45874.6,0.3,58.8,-78.3
Component31 (1),Component31_1,part,1,1,0,Steel,1.6,10.8,24.5,6.5,False,,body_LATEST:1+twincities_v2_nolock (1):1+IntelRealsense_D435_Multibody v9 (1):1+Component31 (1):1,"160,160,160",Steel - Satin,-39.231,-0.0,-21.558,809.4,3259.2,2553.4,-0.0,-0.0,-1368.7
Component32 (1),Component32_1,part,1,1,0,Steel,0.0,4.2,4.2,0.5,False,,body_LATEST:1+twincities_v2_nolock (1):1+IntelRealsense_D435_Multibody v9 (1):1+Component32 (1):1,"160,160,160",Steel - Satin,-11.5,0.0,-4.25,0.0,0.3,0.3,0.0,0.0,-0.1
Component33 (1),Component33_1,part,1,1,0,Steel,0.0,4.2,4.2,0.5,False,,body_LATEST:1+twincities_v2_nolock (1):1+IntelRealsense_D435_Multibody v9 (1):1+Component33 (1):1,"160,160,160",Steel - Satin,17.5,0.0,-4.25,0.0,0.7,0.6,-0.0,0.0,0.1
Component34 (1),Component34_1,part,1,1,0,Steel,0.0,8.2,8.2,0.5,False,,body_LATEST:1+twincities_v2_nolock (1):1+IntelRealsense_D435_Multibody v9 (1):1+Component34 (1):1,"160,160,160",Steel - Satin,17.5,-0.0,-4.25,0.1,1.3,1.3,0.0,-0.0,0.3
Component35 (1),Component35_1,part,1,1,0,Steel,68.5,90.1,25.3,25.0,False,,body_LATEST:1+twincities_v2_nolock (1):1+IntelRealsense_D435_Multibody v9 (1):1+Component35 (1):1,"160,160,160",Steel - Satin,1.183,-0.063,-13.047,17858.9,54732.8,42862.3,0.3,-58.8,1446.6
Component36 (1),Component36_1,part,1,1,0,Steel,0.0,2.2,2.2,0.5,False,,body_LATEST:1+twincities_v2_nolock (1):1+IntelRealsense_D435_Multibody v9 (1):1+Component36 (1):1,"160,160,160",Steel - Satin,17.5,0.0,-4.25,0.0,0.3,0.3,-0.0,0.0,0.1
Component37 (1),Component37_1,part,1,1,0,Steel,0.0,2.2,2.2,0.5,False,,body_LATEST:1+twincities_v2_nolock (1):1+IntelRealsense_D435_Multibody v9 (1):1+Component37 (1):1,"160,160,160",Steel - Satin,-11.5,0.0,-4.25,0.0,0.2,0.1,0.0,0.0,-0.0
glass (1),glass_1,part,1,1,0,Steel,0.8,82.0,17.0,0.4,False,,body_LATEST:1+twincities_v2_nolock (1):1+IntelRealsense_D435_Multibody v9 (1):1+glass (1):1,"160,160,160",Steel - Satin,0.0,0.0,-0.3,19.6,436.8,456.3,-0.0,0.0,0.0
U-joint_type_C_adapter v3 (1),U-joint_type_C_adapter_v3_1,part,1,1,0,Stainless Steel,8.0,24.8,12.3,14.4,False,,body_LATEST:1+twincities_v2_nolock (1):1+U-joint_type_C_adapter v3 (1):1,"203,203,203",Stainless Steel - Satin,13.348,6.15,5.177,710.2,2184.8,2247.2,-656.8,-254.7,-595.2
bearing (1),bearing_1,part,1,2,0,Steel,2.5,15.0,15.0,4.0,False,,body_LATEST:1+twincities_v2_nolock (1):1+bearing (1):1,"160,160,160",Steel - Satin,0.0,0.0,2.0,63.7,63.7,101.1,0.0,0.0,-0.0
gimbal_arm (1),gimbal_arm_1,mixed,1,1,1,Arm,26.0,35.0,74.0,61.5,False,,body_LATEST:1+twincities_v2_nolock (1):1+gimbal_arm (1):1,"25,25,25",Acetal Resin (White),1.616,-60.95,639.524,10745888.7,10633367.5,115199.5,2757.2,1013339.6,-27727.4
Component92 (1),Component92_1,part,1,1,0,Arm,9.5,35.0,70.0,61.5,False,,body_LATEST:1+twincities_v2_nolock (1):1+gimbal_arm (1):1+Component92 (1):1,"25,25,25",Acetal Resin (White),0.89,-87.911,639.051,3971699.9,3895934.1,76576.4,693.8,533656.8,-5581.3
gimbal_mount (1),gimbal_mount_1,part,1,1,0,Base,52.0,80.1,66.3,84.0,False,,body_LATEST:1+twincities_v2_nolock (1):1+gimbal_mount (1):1,"25,25,25",ABS (White),-0.0,-59.226,452.105,10852504.6,10673323.7,213682.8,-0.1,1396220.1,2.8
gimbal_neck (1),gimbal_neck_1,part,1,1,0,Neck,37.6,46.0,56.0,112.5,False,,body_LATEST:1+twincities_v2_nolock (1):1+gimbal_neck (1):1,"25,25,25",Plastic - Glossy (Black),0.001,-67.701,587.669,13212832.4,13036587.4,186246.9,4.0,1503061.9,-30.5
robstride05 v16 (1) (1),robstride05_v16_1_1,subassembly,1,0,3,,194.1,65.1,65.1,47.1,False,,body_LATEST:1+twincities_v2_nolock (1):1+robstride05 v16 (1) (1):1,,,0.007,-0.002,-19.669,123832.9,123753.3,42289.7,65.2,-17.2,65.9
1_1_30_GR-2202_ASM^FL46BLW10-48V-5N.m-DE(2)_FL46BLW10-48V-5N.m-DE (1) (1),1_1_30_GR-2202_ASM_FL46BLW10-48V-5N.m-DE_2__FL46BLW10-48V-5N.m-DE_1_1,subassembly,1,0,1,,23.9,37.0,37.0,14.0,False,,body_LATEST:1+twincities_v2_nolock (1):1+robstride05 v16 (1) (1):1+1_1_30_GR-2202_ASM^FL46BLW10-48V-5N.m-DE(2)_FL46BLW10-48V-5N.m-DE (1) (1):1,,,19.315,16.33,20.226,18430.3,20977.8,19596.3,-7552.3,-7908.9,-9354.4
1_1_30_GR-2202_ASM_1_ASM^1_1_30_GR-2202_ASM_FL46BLW10-48V-5N.m-DE(2)_FL46BLW10-48V-5N.m-DE (1) (1),1_1_30_GR-2202_ASM_1_ASM_1_1_30_GR-2202_ASM_FL46BLW10-48V-5N.m-DE_2__FL46BLW10-48V-5N.m-DE_1_1,subassembly,1,0,3,,23.9,37.0,37.0,14.0,False,,body_LATEST:1+twincities_v2_nolock (1):1+robstride05 v16 (1) (1):1+1_1_30_GR-2202_ASM^FL46BLW10-48V-5N.m-DE(2)_FL46BLW10-48V-5N.m-DE (1) (1):1+1_1_30_GR-2202_ASM_1_ASM^1_1_30_GR-2202_ASM_FL46BLW10-48V-5N.m-DE(2)_FL46BLW10-48V-5N.m-DE (1) (1):1,,,19.315,16.33,20.226,18430.3,20977.8,19596.3,-7552.3,-7908.9,-9354.4
0001755652^1_1_30_GR-2202_ASM_1_ASM_1_1_30_GR-2202_ASM_FL46BLW10-48V-5N.m-DE(2)_FL46BLW10-48V-5N.m-DE (1) (1),0001755652_1_1_30_GR-2202_ASM_1_ASM_1_1_30_GR-2202_ASM_FL46BLW10-48V-5N.m-DE_2__FL46BLW10-48V-5N.m-DE_1_1,part,2,1,0,Steel,1.4,4.0,4.0,14.0,False,,body_LATEST:1+twincities_v2_nolock (1):1+robstride05 v16 (1) (1):1+1_1_30_GR-2202_ASM^FL46BLW10-48V-5N.m-DE(2)_FL46BLW10-48V-5N.m-DE (1) (1):1+1_1_30_GR-2202_ASM_1_ASM^1_1_30_GR-2202_ASM_FL46BLW10-48V-5N.m-DE(2)_FL46BLW10-48V-5N.m-DE (1) (1):1+0001755652^1_1_30_GR-2202_ASM_1_ASM_1_1_30_GR-2202_ASM_FL46BLW10-48V-5N.m-DE(2)_FL46BLW10-48V-5N.m-DE (1) (1):1,"255,255,255","Opaque(255,255,255)",-0.0,0.0,6.0,73.3,73.3,2.7,-0.0,0.0,0.0
00MINI-_20250103_A0001_ASM_1_AS_ASM^1_1_30_GR-2202_ASM_1_ASM_1_1_30_GR-2202_ASM_FL46BLW10-48V-5N.m-DE(2)_FL46BLW10-48V-5N.m-DE (1) (1),00MINI-_20250103_A0001_ASM_1_AS_ASM_1_1_30_GR-2202_ASM_1_ASM_1_1_30_GR-2202_ASM_FL46BLW10-48V-5N.m-DE_2__FL46BLW10-48V-5N.m-DE_1_1,subassembly,1,0,1,,21.2,37.0,37.0,14.0,False,,body_LATEST:1+twincities_v2_nolock (1):1+robstride05 v16 (1) (1):1+1_1_30_GR-2202_ASM^FL46BLW10-48V-5N.m-DE(2)_FL46BLW10-48V-5N.m-DE (1) (1):1+1_1_30_GR-2202_ASM_1_ASM^1_1_30_GR-2202_ASM_FL46BLW10-48V-5N.m-DE(2)_FL46BLW10-48V-5N.m-DE (1) (1):1+00MINI-_20250103_A0001_ASM_1_AS_ASM^1_1_30_GR-2202_ASM_1_ASM_1_1_30_GR-2202_ASM_FL46BLW10-48V-5N.m-DE(2)_FL46BLW10-48V-5N.m-DE (1) (1):1,,,18.78,16.639,20.136,16500.4,18165.5,17355.9,-6571.0,-7104.5,-8004.0
00MINI-000_ASM_1_ASM_1_ASM^00MINI-_20250103_A0001_ASM_1_AS_ASM_1_1_30_GR-2202_ASM_1_ASM_1_1_30_GR-2202_ASM_FL46BLW10-48V-5N.m-DE(2)_FL46BLW10-48V-5N.m-DE (1) (1),00MINI-000_ASM_1_ASM_1_ASM_00MINI-_20250103_A0001_ASM_1_AS_ASM_1_1_30_GR-2202_ASM_1_ASM_1_1_30_GR-2202_ASM_FL46BLW10-48V-5N.m-DE_2__FL46BLW10-48V-5N.m-DE_1_1,subassembly,1,0,4,,21.2,37.0,37.0,14.0,False,,body_LATEST:1+twincities_v2_nolock (1):1+robstride05 v16 (1) (1):1+1_1_30_GR-2202_ASM^FL46BLW10-48V-5N.m-DE(2)_FL46BLW10-48V-5N.m-DE (1) (1):1+1_1_30_GR-2202_ASM_1_ASM^1_1_30_GR-2202_ASM_FL46BLW10-48V-5N.m-DE(2)_FL46BLW10-48V-5N.m-DE (1) (1):1+00MINI-_20250103_A0001_ASM_1_AS_ASM^1_1_30_GR-2202_ASM_1_ASM_1_1_30_GR-2202_ASM_FL46BLW10-48V-5N.m-DE(2)_FL46BLW10-48V-5N.m-DE (1) (1):1+00MINI-000_ASM_1_ASM_1_ASM^00MINI-_20250103_A0001_ASM_1_AS_ASM_1_1_30_GR-2202_ASM_1_ASM_1_1_30_GR-2202_ASM_FL46BLW10-48V-5N.m-DE(2)_FL46BLW10-48V-5N.m-DE (1) (1):1,,,18.78,16.639,20.136,16500.4,18165.5,17355.9,-6571.0,-7104.5,-8004.0
0001755650^00MINI-000_ASM_1_ASM_1_ASM_00MINI-_20250103_A0001_ASM_1_AS_ASM_1_1_30_GR-2202_ASM_1_ASM_1_1_30_GR-2202_ASM_FL46BLW10-48V-5N.m-DE(2)_FL46BLW10-48V-5N.m-DE (1) (1),0001755650_00MINI-000_ASM_1_ASM_1_ASM_00MINI-_20250103_A0001_ASM_1_AS_ASM_1_1_30_GR-2202_ASM_1_ASM_1_1_30_GR-2202_ASM_FL46BLW10-48V-5N.m-DE_2__FL46BLW10-48V-5N.m-DE_1_1,part,1,1,0,Aluminum A356 T6,8.1,32.0,32.0,8.0,False,,body_LATEST:1+twincities_v2_nolock (1):1+robstride05 v16 (1) (1):1+1_1_30_GR-2202_ASM^FL46BLW10-48V-5N.m-DE(2)_FL46BLW10-48V-5N.m-DE (1) (1):1+1_1_30_GR-2202_ASM_1_ASM^1_1_30_GR-2202_ASM_FL46BLW10-48V-5N.m-DE(2)_FL46BLW10-48V-5N.m-DE (1) (1):1+00MINI-_20250103_A0001_ASM_1_AS_ASM^1_1_30_GR-2202_ASM_1_ASM_1_1_30_GR-2202_ASM_FL46BLW10-48V-5N.m-DE(2)_FL46BLW10-48V-5N.m-DE (1) (1):1+00MINI-000_ASM_1_ASM_1_ASM^00MINI-_20250103_A0001_ASM_1_AS_ASM_1_1_30_GR-2202_ASM_1_ASM_1_1_30_GR-2202_ASM_FL46BLW10-48V-5N.m-DE(2)_FL46BLW10-48V-5N.m-DE (1) (1):1+0001755650^00MINI-000_ASM_1_ASM_1_ASM_00MINI-_20250103_A0001_ASM_1_AS_ASM_1_1_30_GR-2202_ASM_1_ASM_1_1_30_GR-2202_ASM_FL46BLW10-48V-5N.m-DE(2)_FL46BLW10-48V-5N.m-DE (1) (1):1,"255,255,255","Opaque(255,255,255)",0.0,0.0,1.672,581.2,581.2,1066.2,-0.0,-0.0,-0.0
0001755652^00MINI-000_ASM_1_ASM_1_ASM_00MINI-_20250103_A0001_ASM_1_AS_ASM_1_1_30_GR-2202_ASM_1_ASM_1_1_30_GR-2202_ASM_FL46BLW10-48V-5N.m-DE(2)_FL46BLW10-48V-5N.m-DE (1) (1),0001755652_00MINI-000_ASM_1_ASM_1_ASM_00MINI-_20250103_A0001_ASM_1_AS_ASM_1_1_30_GR-2202_ASM_1_ASM_1_1_30_GR-2202_ASM_FL46BLW10-48V-5N.m-DE_2__FL46BLW10-48V-5N.m-DE_1_1,part,1,1,0,Steel,1.4,4.0,4.0,14.0,False,,body_LATEST:1+twincities_v2_nolock (1):1+robstride05 v16 (1) (1):1+1_1_30_GR-2202_ASM^FL46BLW10-48V-5N.m-DE(2)_FL46BLW10-48V-5N.m-DE (1) (1):1+1_1_30_GR-2202_ASM_1_ASM^1_1_30_GR-2202_ASM_FL46BLW10-48V-5N.m-DE(2)_FL46BLW10-48V-5N.m-DE (1) (1):1+00MINI-_20250103_A0001_ASM_1_AS_ASM^1_1_30_GR-2202_ASM_1_ASM_1_1_30_GR-2202_ASM_FL46BLW10-48V-5N.m-DE(2)_FL46BLW10-48V-5N.m-DE (1) (1):1+00MINI-000_ASM_1_ASM_1_ASM^00MINI-_20250103_A0001_ASM_1_AS_ASM_1_1_30_GR-2202_ASM_1_ASM_1_1_30_GR-2202_ASM_FL46BLW10-48V-5N.m-DE(2)_FL46BLW10-48V-5N.m-DE (1) (1):1+0001755652^00MINI-000_ASM_1_ASM_1_ASM_00MINI-_20250103_A0001_ASM_1_AS_ASM_1_1_30_GR-2202_ASM_1_ASM_1_1_30_GR-2202_ASM_FL46BLW10-48V-5N.m-DE(2)_FL46BLW10-48V-5N.m-DE (1) (1):1,"255,255,255","Opaque(255,255,255)",-0.0,0.0,6.0,73.3,73.3,2.7,-0.0,0.0,0.0
1_21_121000022__610001_1_1^00MINI-000_ASM_1_ASM_1_ASM_00MINI-_20250103_A0001_ASM_1_AS_ASM_1_1_30_GR-2202_ASM_1_ASM_1_1_30_GR-2202_ASM_FL46BLW10-48V-5N.m-DE(2)_FL46BLW10-48V-5N.m-DE (1) (1),1_21_121000022__610001_1_1_00MINI-000_ASM_1_ASM_1_ASM_00MINI-_20250103_A0001_ASM_1_AS_ASM_1_1_30_GR-2202_ASM_1_ASM_1_1_30_GR-2202_ASM_FL46BLW10-48V-5N.m-DE_2__FL46BLW10-48V-5N.m-DE_1_1,part,1,1,0,Steel,1.9,4.0,11.0,11.0,False,,body_LATEST:1+twincities_v2_nolock (1):1+robstride05 v16 (1) (1):1+1_1_30_GR-2202_ASM^FL46BLW10-48V-5N.m-DE(2)_FL46BLW10-48V-5N.m-DE (1) (1):1+1_1_30_GR-2202_ASM_1_ASM^1_1_30_GR-2202_ASM_FL46BLW10-48V-5N.m-DE(2)_FL46BLW10-48V-5N.m-DE (1) (1):1+00MINI-_20250103_A0001_ASM_1_AS_ASM^1_1_30_GR-2202_ASM_1_ASM_1_1_30_GR-2202_ASM_FL46BLW10-48V-5N.m-DE(2)_FL46BLW10-48V-5N.m-DE (1) (1):1+00MINI-000_ASM_1_ASM_1_ASM^00MINI-_20250103_A0001_ASM_1_AS_ASM_1_1_30_GR-2202_ASM_1_ASM_1_1_30_GR-2202_ASM_FL46BLW10-48V-5N.m-DE(2)_FL46BLW10-48V-5N.m-DE (1) (1):1+1_21_121000022__610001_1_1^00MINI-000_ASM_1_ASM_1_ASM_00MINI-_20250103_A0001_ASM_1_AS_ASM_1_1_30_GR-2202_ASM_1_ASM_1_1_30_GR-2202_ASM_FL46BLW10-48V-5N.m-DE(2)_FL46BLW10-48V-5N.m-DE (1) (1):1,"255,255,255","Opaque(255,255,255)",0.0,0.0,-0.0,34.2,19.4,19.4,0.0,-0.0,0.0
6706__300001_1_1^00MINI-000_ASM_1_ASM_1_ASM_00MINI-_20250103_A0001_ASM_1_AS_ASM_1_1_30_GR-2202_ASM_1_ASM_1_1_30_GR-2202_ASM_FL46BLW10-48V-5N.m-DE(2)_FL46BLW10-48V-5N.m-DE (1) (1),6706__300001_1_1_00MINI-000_ASM_1_ASM_1_ASM_00MINI-_20250103_A0001_ASM_1_AS_ASM_1_1_30_GR-2202_ASM_1_ASM_1_1_30_GR-2202_ASM_FL46BLW10-48V-5N.m-DE_2__FL46BLW10-48V-5N.m-DE_1_1,part,1,1,0,Steel,9.9,37.0,37.0,4.0,False,,body_LATEST:1+twincities_v2_nolock (1):1+robstride05 v16 (1) (1):1+1_1_30_GR-2202_ASM^FL46BLW10-48V-5N.m-DE(2)_FL46BLW10-48V-5N.m-DE (1) (1):1+1_1_30_GR-2202_ASM_1_ASM^1_1_30_GR-2202_ASM_FL46BLW10-48V-5N.m-DE(2)_FL46BLW10-48V-5N.m-DE (1) (1):1+00MINI-_20250103_A0001_ASM_1_AS_ASM^1_1_30_GR-2202_ASM_1_ASM_1_1_30_GR-2202_ASM_FL46BLW10-48V-5N.m-DE(2)_FL46BLW10-48V-5N.m-DE (1) (1):1+00MINI-000_ASM_1_ASM_1_ASM^00MINI-_20250103_A0001_ASM_1_AS_ASM_1_1_30_GR-2202_ASM_1_ASM_1_1_30_GR-2202_ASM_FL46BLW10-48V-5N.m-DE(2)_FL46BLW10-48V-5N.m-DE (1) (1):1+6706__300001_1_1^00MINI-000_ASM_1_ASM_1_ASM_00MINI-_20250103_A0001_ASM_1_AS_ASM_1_1_30_GR-2202_ASM_1_ASM_1_1_30_GR-2202_ASM_FL46BLW10-48V-5N.m-DE(2)_FL46BLW10-48V-5N.m-DE (1) (1):1,"255,255,255","Opaque(255,255,255)",-0.0,0.0,2.0,1447.9,1447.9,2796.8,-0.0,-0.0,0.0
Component59 (1),Component59_1,part,1,1,0,CORE,120.3,34.0,34.0,29.0,False,,body_LATEST:1+twincities_v2_nolock (1):1+robstride05 v16 (1) (1):1+Component59 (1):1,"160,160,160",Steel - Satin,-0.0,0.0,-21.5,72747.5,72747.5,17387.2,0.0,-0.0,-0.0
FL46BLW10-48V-5N.m-DE(2)^FL46BLW10-48V-5N.m-DE (1) (1),FL46BLW10-48V-5N.m-DE_2_FL46BLW10-48V-5N.m-DE_1_1,subassembly,1,0,28,,49.8,65.1,65.1,44.0,False,,body_LATEST:1+twincities_v2_nolock (1):1+robstride05 v16 (1) (1):1+FL46BLW10-48V-5N.m-DE(2)^FL46BLW10-48V-5N.m-DE (1) (1):1,,,0.026,-0.008,-23.114,48575.3,48495.7,20624.2,65.2,-17.2,65.9
1_1_02_EB461-502^FL46BLW10-48V-5N.m-DE(2)_FL46BLW10-48V-5N.m-DE (1) (1),1_1_02_EB461-502_FL46BLW10-48V-5N.m-DE_2__FL46BLW10-48V-5N.m-DE_1_1,part,1,1,0,Aluminum A356 T6,10.0,46.0,46.0,9.0,False,,body_LATEST:1+twincities_v2_nolock (1):1+robstride05 v16 (1) (1):1+FL46BLW10-48V-5N.m-DE(2)^FL46BLW10-48V-5N.m-DE (1) (1):1+1_1_02_EB461-502^FL46BLW10-48V-5N.m-DE(2)_FL46BLW10-48V-5N.m-DE (1) (1):1,"255,255,255","Opaque(255,255,255)",-0.0,0.0,6.148,2579.9,2564.7,4262.4,3.2,-0.0,0.0
1_1_06_EB463-507^FL46BLW10-48V-5N.m-DE(2)_FL46BLW10-48V-5N.m-DE (1) (1),1_1_06_EB463-507_FL46BLW10-48V-5N.m-DE_2__FL46BLW10-48V-5N.m-DE_1_1,part,1,1,0,Aluminum A356 T6,21.8,46.0,46.0,35.1,False,,body_LATEST:1+twincities_v2_nolock (1):1+robstride05 v16 (1) (1):1+FL46BLW10-48V-5N.m-DE(2)^FL46BLW10-48V-5N.m-DE (1) (1):1+1_1_06_EB463-507^FL46BLW10-48V-5N.m-DE(2)_FL46BLW10-48V-5N.m-DE (1) (1):1,"255,255,255","Opaque(255,255,255)",0.397,-0.004,4.762,7829.1,7648.9,10271.0,-0.2,1.5,52.4
1_1_06_EB463-509^FL46BLW10-48V-5N.m-DE(2)_FL46BLW10-48V-5N.m-DE (1) (1),1_1_06_EB463-509_FL46BLW10-48V-5N.m-DE_2__FL46BLW10-48V-5N.m-DE_1_1,part,1,1,0,Aluminum A356 T6,6.3,46.0,46.0,4.7,False,,body_LATEST:1+twincities_v2_nolock (1):1+robstride05 v16 (1) (1):1+FL46BLW10-48V-5N.m-DE(2)^FL46BLW10-48V-5N.m-DE (1) (1):1+1_1_06_EB463-509^FL46BLW10-48V-5N.m-DE(2)_FL46BLW10-48V-5N.m-DE (1) (1):1,"255,255,255","Opaque(255,255,255)",0.14,0.01,1.113,1008.5,1018.3,1996.1,26.4,-0.2,-0.9
1_1_31_EB463-510^FL46BLW10-48V-5N.m-DE(2)_FL46BLW10-48V-5N.m-DE (1) (1),1_1_31_EB463-510_FL46BLW10-48V-5N.m-DE_2__FL46BLW10-48V-5N.m-DE_1_1,part,1,1,0,Aluminum A356 T6,3.6,46.0,46.0,2.5,False,,body_LATEST:1+twincities_v2_nolock (1):1+robstride05 v16 (1) (1):1+FL46BLW10-48V-5N.m-DE(2)^FL46BLW10-48V-5N.m-DE (1) (1):1+1_1_31_EB463-510^FL46BLW10-48V-5N.m-DE(2)_FL46BLW10-48V-5N.m-DE (1) (1):1,"255,255,255","Opaque(255,255,255)",-0.0,0.0,1.277,760.4,760.4,1505.8,-0.0,-0.0,0.0
1_2_05_000438^FL46BLW10-48V-5N.m-DE(2)_FL46BLW10-48V-5N.m-DE (1) (1),1_2_05_000438_FL46BLW10-48V-5N.m-DE_2__FL46BLW10-48V-5N.m-DE_1_1,part,8,1,0,Steel,0.1,4.1,3.8,3.8,False,,body_LATEST:1+twincities_v2_nolock (1):1+robstride05 v16 (1) (1):1+FL46BLW10-48V-5N.m-DE(2)^FL46BLW10-48V-5N.m-DE (1) (1):1+1_2_05_000438^FL46BLW10-48V-5N.m-DE(2)_FL46BLW10-48V-5N.m-DE (1) (1):1,"255,255,255","Opaque(255,255,255)",-0.488,0.001,0.0,0.1,0.2,0.2,-0.0,-0.0,-0.0
1_2_05_000555^FL46BLW10-48V-5N.m-DE(2)_FL46BLW10-48V-5N.m-DE (1) (1),1_2_05_000555_FL46BLW10-48V-5N.m-DE_2__FL46BLW10-48V-5N.m-DE_1_1,part,8,1,0,Steel,0.1,6.1,3.8,3.8,False,,body_LATEST:1+twincities_v2_nolock (1):1+robstride05 v16 (1) (1):1+FL46BLW10-48V-5N.m-DE(2)^FL46BLW10-48V-5N.m-DE (1) (1):1+1_2_05_000555^FL46BLW10-48V-5N.m-DE(2)_FL46BLW10-48V-5N.m-DE (1) (1):1,"255,255,255","Opaque(255,255,255)",-0.592,0.001,-0.0,0.1,0.6,0.6,-0.0,-0.0,-0.0
1_2_05_000608^FL46BLW10-48V-5N.m-DE(2)_FL46BLW10-48V-5N.m-DE (1) (1),1_2_05_000608_FL46BLW10-48V-5N.m-DE_2__FL46BLW10-48V-5N.m-DE_1_1,part,4,1,0,Steel,0.4,10.2,4.7,4.7,False,,body_LATEST:1+twincities_v2_nolock (1):1+robstride05 v16 (1) (1):1+FL46BLW10-48V-5N.m-DE(2)^FL46BLW10-48V-5N.m-DE (1) (1):1+1_2_05_000608^FL46BLW10-48V-5N.m-DE(2)_FL46BLW10-48V-5N.m-DE (1) (1):1,"255,255,255","Opaque(255,255,255)",-1.722,0.0,-0.0,0.4,4.9,4.9,-0.0,0.0,-0.0
1_2_05_020051^FL46BLW10-48V-5N.m-DE(2)_FL46BLW10-48V-5N.m-DE (1) (1),1_2_05_020051_FL46BLW10-48V-5N.m-DE_2__FL46BLW10-48V-5N.m-DE_1_1,part,3,2,0,Steel,0.2,4.0,4.0,6.6,False,,body_LATEST:1+twincities_v2_nolock (1):1+robstride05 v16 (1) (1):1+FL46BLW10-48V-5N.m-DE(2)^FL46BLW10-48V-5N.m-DE (1) (1):1+1_2_05_020051^FL46BLW10-48V-5N.m-DE(2)_FL46BLW10-48V-5N.m-DE (1) (1):1,"255,255,255","Opaque(255,255,255)",-0.0,0.0,-3.983,4.7,4.7,0.3,-0.0,0.0,-0.0
1_2_16_001425^FL46BLW10-48V-5N.m-DE(2)_FL46BLW10-48V-5N.m-DE (1) (1),1_2_16_001425_FL46BLW10-48V-5N.m-DE_2__FL46BLW10-48V-5N.m-DE_1_1,part,1,1,0,FR4,3.9,40.7,40.6,6.8,False,,body_LATEST:1+twincities_v2_nolock (1):1+robstride05 v16 (1) (1):1+FL46BLW10-48V-5N.m-DE(2)^FL46BLW10-48V-5N.m-DE (1) (1):1+1_2_16_001425^FL46BLW10-48V-5N.m-DE(2)_FL46BLW10-48V-5N.m-DE (1) (1):1,"255,255,255","Opaque(255,255,255)",19.711,29.194,-1.37,3736.4,1927.6,5631.1,-2162.8,179.1,81.4
robstride05 v16 (2) (1),robstride05_v16_2_1,subassembly,1,0,3,,194.1,65.1,65.1,47.1,False,,body_LATEST:1+twincities_v2_nolock (1):1+robstride05 v16 (2) (1):1,,,0.007,-0.002,-19.669,123832.9,123753.3,42289.7,65.2,-17.2,65.9
1_1_30_GR-2202_ASM^FL46BLW10-48V-5N.m-DE(2)_FL46BLW10-48V-5N.m-DE (2) (1),1_1_30_GR-2202_ASM_FL46BLW10-48V-5N.m-DE_2__FL46BLW10-48V-5N.m-DE_2_1,subassembly,1,0,1,,23.9,37.0,37.0,14.0,False,,body_LATEST:1+twincities_v2_nolock (1):1+robstride05 v16 (2) (1):1+1_1_30_GR-2202_ASM^FL46BLW10-48V-5N.m-DE(2)_FL46BLW10-48V-5N.m-DE (2) (1):1,,,19.315,16.33,20.226,18430.3,20977.8,19596.3,-7552.3,-7908.9,-9354.4
1_1_30_GR-2202_ASM_1_ASM^1_1_30_GR-2202_ASM_FL46BLW10-48V-5N.m-DE(2)_FL46BLW10-48V-5N.m-DE (2) (1),1_1_30_GR-2202_ASM_1_ASM_1_1_30_GR-2202_ASM_FL46BLW10-48V-5N.m-DE_2__FL46BLW10-48V-5N.m-DE_2_1,subassembly,1,0,3,,23.9,37.0,37.0,14.0,False,,body_LATEST:1+twincities_v2_nolock (1):1+robstride05 v16 (2) (1):1+1_1_30_GR-2202_ASM^FL46BLW10-48V-5N.m-DE(2)_FL46BLW10-48V-5N.m-DE (2) (1):1+1_1_30_GR-2202_ASM_1_ASM^1_1_30_GR-2202_ASM_FL46BLW10-48V-5N.m-DE(2)_FL46BLW10-48V-5N.m-DE (2) (1):1,,,19.315,16.33,20.226,18430.3,20977.8,19596.3,-7552.3,-7908.9,-9354.4
0001755652^1_1_30_GR-2202_ASM_1_ASM_1_1_30_GR-2202_ASM_FL46BLW10-48V-5N.m-DE(2)_FL46BLW10-48V-5N.m-DE (2) (1),0001755652_1_1_30_GR-2202_ASM_1_ASM_1_1_30_GR-2202_ASM_FL46BLW10-48V-5N.m-DE_2__FL46BLW10-48V-5N.m-DE_2_1,part,2,1,0,Steel,1.4,4.0,4.0,14.0,False,,body_LATEST:1+twincities_v2_nolock (1):1+robstride05 v16 (2) (1):1+1_1_30_GR-2202_ASM^FL46BLW10-48V-5N.m-DE(2)_FL46BLW10-48V-5N.m-DE (2) (1):1+1_1_30_GR-2202_ASM_1_ASM^1_1_30_GR-2202_ASM_FL46BLW10-48V-5N.m-DE(2)_FL46BLW10-48V-5N.m-DE (2) (1):1+0001755652^1_1_30_GR-2202_ASM_1_ASM_1_1_30_GR-2202_ASM_FL46BLW10-48V-5N.m-DE(2)_FL46BLW10-48V-5N.m-DE (2) (1):1,"255,255,255","Opaque(255,255,255)",-0.0,0.0,6.0,73.3,73.3,2.7,-0.0,0.0,0.0
00MINI-_20250103_A0001_ASM_1_AS_ASM^1_1_30_GR-2202_ASM_1_ASM_1_1_30_GR-2202_ASM_FL46BLW10-48V-5N.m-DE(2)_FL46BLW10-48V-5N.m-DE (2) (1),00MINI-_20250103_A0001_ASM_1_AS_ASM_1_1_30_GR-2202_ASM_1_ASM_1_1_30_GR-2202_ASM_FL46BLW10-48V-5N.m-DE_2__FL46BLW10-48V-5N.m-DE_2_1,subassembly,1,0,1,,21.2,37.0,37.0,14.0,False,,body_LATEST:1+twincities_v2_nolock (1):1+robstride05 v16 (2) (1):1+1_1_30_GR-2202_ASM^FL46BLW10-48V-5N.m-DE(2)_FL46BLW10-48V-5N.m-DE (2) (1):1+1_1_30_GR-2202_ASM_1_ASM^1_1_30_GR-2202_ASM_FL46BLW10-48V-5N.m-DE(2)_FL46BLW10-48V-5N.m-DE (2) (1):1+00MINI-_20250103_A0001_ASM_1_AS_ASM^1_1_30_GR-2202_ASM_1_ASM_1_1_30_GR-2202_ASM_FL46BLW10-48V-5N.m-DE(2)_FL46BLW10-48V-5N.m-DE (2) (1):1,,,18.78,16.639,20.136,16500.4,18165.5,17355.9,-6571.0,-7104.5,-8004.0
00MINI-000_ASM_1_ASM_1_ASM^00MINI-_20250103_A0001_ASM_1_AS_ASM_1_1_30_GR-2202_ASM_1_ASM_1_1_30_GR-2202_ASM_FL46BLW10-48V-5N.m-DE(2)_FL46BLW10-48V-5N.m-DE (2) (1),00MINI-000_ASM_1_ASM_1_ASM_00MINI-_20250103_A0001_ASM_1_AS_ASM_1_1_30_GR-2202_ASM_1_ASM_1_1_30_GR-2202_ASM_FL46BLW10-48V-5N.m-DE_2__FL46BLW10-48V-5N.m-DE_2_1,subassembly,1,0,4,,21.2,37.0,37.0,14.0,False,,body_LATEST:1+twincities_v2_nolock (1):1+robstride05 v16 (2) (1):1+1_1_30_GR-2202_ASM^FL46BLW10-48V-5N.m-DE(2)_FL46BLW10-48V-5N.m-DE (2) (1):1+1_1_30_GR-2202_ASM_1_ASM^1_1_30_GR-2202_ASM_FL46BLW10-48V-5N.m-DE(2)_FL46BLW10-48V-5N.m-DE (2) (1):1+00MINI-_20250103_A0001_ASM_1_AS_ASM^1_1_30_GR-2202_ASM_1_ASM_1_1_30_GR-2202_ASM_FL46BLW10-48V-5N.m-DE(2)_FL46BLW10-48V-5N.m-DE (2) (1):1+00MINI-000_ASM_1_ASM_1_ASM^00MINI-_20250103_A0001_ASM_1_AS_ASM_1_1_30_GR-2202_ASM_1_ASM_1_1_30_GR-2202_ASM_FL46BLW10-48V-5N.m-DE(2)_FL46BLW10-48V-5N.m-DE (2) (1):1,,,18.78,16.639,20.136,16500.4,18165.5,17355.9,-6571.0,-7104.5,-8004.0
0001755650^00MINI-000_ASM_1_ASM_1_ASM_00MINI-_20250103_A0001_ASM_1_AS_ASM_1_1_30_GR-2202_ASM_1_ASM_1_1_30_GR-2202_ASM_FL46BLW10-48V-5N.m-DE(2)_FL46BLW10-48V-5N.m-DE (2) (1),0001755650_00MINI-000_ASM_1_ASM_1_ASM_00MINI-_20250103_A0001_ASM_1_AS_ASM_1_1_30_GR-2202_ASM_1_ASM_1_1_30_GR-2202_ASM_FL46BLW10-48V-5N.m-DE_2__FL46BLW10-48V-5N.m-DE_2_1,part,1,1,0,Aluminum A356 T6,8.1,32.0,32.0,8.0,False,,body_LATEST:1+twincities_v2_nolock (1):1+robstride05 v16 (2) (1):1+1_1_30_GR-2202_ASM^FL46BLW10-48V-5N.m-DE(2)_FL46BLW10-48V-5N.m-DE (2) (1):1+1_1_30_GR-2202_ASM_1_ASM^1_1_30_GR-2202_ASM_FL46BLW10-48V-5N.m-DE(2)_FL46BLW10-48V-5N.m-DE (2) (1):1+00MINI-_20250103_A0001_ASM_1_AS_ASM^1_1_30_GR-2202_ASM_1_ASM_1_1_30_GR-2202_ASM_FL46BLW10-48V-5N.m-DE(2)_FL46BLW10-48V-5N.m-DE (2) (1):1+00MINI-000_ASM_1_ASM_1_ASM^00MINI-_20250103_A0001_ASM_1_AS_ASM_1_1_30_GR-2202_ASM_1_ASM_1_1_30_GR-2202_ASM_FL46BLW10-48V-5N.m-DE(2)_FL46BLW10-48V-5N.m-DE (2) (1):1+0001755650^00MINI-000_ASM_1_ASM_1_ASM_00MINI-_20250103_A0001_ASM_1_AS_ASM_1_1_30_GR-2202_ASM_1_ASM_1_1_30_GR-2202_ASM_FL46BLW10-48V-5N.m-DE(2)_FL46BLW10-48V-5N.m-DE (2) (1):1,"255,255,255","Opaque(255,255,255)",0.0,0.0,1.672,581.2,581.2,1066.2,-0.0,-0.0,-0.0
0001755652^00MINI-000_ASM_1_ASM_1_ASM_00MINI-_20250103_A0001_ASM_1_AS_ASM_1_1_30_GR-2202_ASM_1_ASM_1_1_30_GR-2202_ASM_FL46BLW10-48V-5N.m-DE(2)_FL46BLW10-48V-5N.m-DE (2) (1),0001755652_00MINI-000_ASM_1_ASM_1_ASM_00MINI-_20250103_A0001_ASM_1_AS_ASM_1_1_30_GR-2202_ASM_1_ASM_1_1_30_GR-2202_ASM_FL46BLW10-48V-5N.m-DE_2__FL46BLW10-48V-5N.m-DE_2_1,part,1,1,0,Steel,1.4,4.0,4.0,14.0,False,,body_LATEST:1+twincities_v2_nolock (1):1+robstride05 v16 (2) (1):1+1_1_30_GR-2202_ASM^FL46BLW10-48V-5N.m-DE(2)_FL46BLW10-48V-5N.m-DE (2) (1):1+1_1_30_GR-2202_ASM_1_ASM^1_1_30_GR-2202_ASM_FL46BLW10-48V-5N.m-DE(2)_FL46BLW10-48V-5N.m-DE (2) (1):1+00MINI-_20250103_A0001_ASM_1_AS_ASM^1_1_30_GR-2202_ASM_1_ASM_1_1_30_GR-2202_ASM_FL46BLW10-48V-5N.m-DE(2)_FL46BLW10-48V-5N.m-DE (2) (1):1+00MINI-000_ASM_1_ASM_1_ASM^00MINI-_20250103_A0001_ASM_1_AS_ASM_1_1_30_GR-2202_ASM_1_ASM_1_1_30_GR-2202_ASM_FL46BLW10-48V-5N.m-DE(2)_FL46BLW10-48V-5N.m-DE (2) (1):1+0001755652^00MINI-000_ASM_1_ASM_1_ASM_00MINI-_20250103_A0001_ASM_1_AS_ASM_1_1_30_GR-2202_ASM_1_ASM_1_1_30_GR-2202_ASM_FL46BLW10-48V-5N.m-DE(2)_FL46BLW10-48V-5N.m-DE (2) (1):1,"255,255,255","Opaque(255,255,255)",-0.0,0.0,6.0,73.3,73.3,2.7,-0.0,0.0,0.0
1_21_121000022__610001_1_1^00MINI-000_ASM_1_ASM_1_ASM_00MINI-_20250103_A0001_ASM_1_AS_ASM_1_1_30_GR-2202_ASM_1_ASM_1_1_30_GR-2202_ASM_FL46BLW10-48V-5N.m-DE(2)_FL46BLW10-48V-5N.m-DE (2) (1),1_21_121000022__610001_1_1_00MINI-000_ASM_1_ASM_1_ASM_00MINI-_20250103_A0001_ASM_1_AS_ASM_1_1_30_GR-2202_ASM_1_ASM_1_1_30_GR-2202_ASM_FL46BLW10-48V-5N.m-DE_2__FL46BLW10-48V-5N.m-DE_2_1,part,1,1,0,Steel,1.9,4.0,11.0,11.0,False,,body_LATEST:1+twincities_v2_nolock (1):1+robstride05 v16 (2) (1):1+1_1_30_GR-2202_ASM^FL46BLW10-48V-5N.m-DE(2)_FL46BLW10-48V-5N.m-DE (2) (1):1+1_1_30_GR-2202_ASM_1_ASM^1_1_30_GR-2202_ASM_FL46BLW10-48V-5N.m-DE(2)_FL46BLW10-48V-5N.m-DE (2) (1):1+00MINI-_20250103_A0001_ASM_1_AS_ASM^1_1_30_GR-2202_ASM_1_ASM_1_1_30_GR-2202_ASM_FL46BLW10-48V-5N.m-DE(2)_FL46BLW10-48V-5N.m-DE (2) (1):1+00MINI-000_ASM_1_ASM_1_ASM^00MINI-_20250103_A0001_ASM_1_AS_ASM_1_1_30_GR-2202_ASM_1_ASM_1_1_30_GR-2202_ASM_FL46BLW10-48V-5N.m-DE(2)_FL46BLW10-48V-5N.m-DE (2) (1):1+1_21_121000022__610001_1_1^00MINI-000_ASM_1_ASM_1_ASM_00MINI-_20250103_A0001_ASM_1_AS_ASM_1_1_30_GR-2202_ASM_1_ASM_1_1_30_GR-2202_ASM_FL46BLW10-48V-5N.m-DE(2)_FL46BLW10-48V-5N.m-DE (2) (1):1,"255,255,255","Opaque(255,255,255)",0.0,0.0,-0.0,34.2,19.4,19.4,0.0,-0.0,0.0
6706__300001_1_1^00MINI-000_ASM_1_ASM_1_ASM_00MINI-_20250103_A0001_ASM_1_AS_ASM_1_1_30_GR-2202_ASM_1_ASM_1_1_30_GR-2202_ASM_FL46BLW10-48V-5N.m-DE(2)_FL46BLW10-48V-5N.m-DE (2) (1),6706__300001_1_1_00MINI-000_ASM_1_ASM_1_ASM_00MINI-_20250103_A0001_ASM_1_AS_ASM_1_1_30_GR-2202_ASM_1_ASM_1_1_30_GR-2202_ASM_FL46BLW10-48V-5N.m-DE_2__FL46BLW10-48V-5N.m-DE_2_1,part,1,1,0,Steel,9.9,37.0,37.0,4.0,False,,body_LATEST:1+twincities_v2_nolock (1):1+robstride05 v16 (2) (1):1+1_1_30_GR-2202_ASM^FL46BLW10-48V-5N.m-DE(2)_FL46BLW10-48V-5N.m-DE (2) (1):1+1_1_30_GR-2202_ASM_1_ASM^1_1_30_GR-2202_ASM_FL46BLW10-48V-5N.m-DE(2)_FL46BLW10-48V-5N.m-DE (2) (1):1+00MINI-_20250103_A0001_ASM_1_AS_ASM^1_1_30_GR-2202_ASM_1_ASM_1_1_30_GR-2202_ASM_FL46BLW10-48V-5N.m-DE(2)_FL46BLW10-48V-5N.m-DE (2) (1):1+00MINI-000_ASM_1_ASM_1_ASM^00MINI-_20250103_A0001_ASM_1_AS_ASM_1_1_30_GR-2202_ASM_1_ASM_1_1_30_GR-2202_ASM_FL46BLW10-48V-5N.m-DE(2)_FL46BLW10-48V-5N.m-DE (2) (1):1+6706__300001_1_1^00MINI-000_ASM_1_ASM_1_ASM_00MINI-_20250103_A0001_ASM_1_AS_ASM_1_1_30_GR-2202_ASM_1_ASM_1_1_30_GR-2202_ASM_FL46BLW10-48V-5N.m-DE(2)_FL46BLW10-48V-5N.m-DE (2) (1):1,"255,255,255","Opaque(255,255,255)",-0.0,0.0,2.0,1447.9,1447.9,2796.8,-0.0,-0.0,0.0
Component80 (1),Component80_1,part,1,1,0,CORE,120.3,34.0,34.0,29.0,False,,body_LATEST:1+twincities_v2_nolock (1):1+robstride05 v16 (2) (1):1+Component80 (1):1,"160,160,160",Steel - Satin,-0.0,0.0,-21.5,72747.5,72747.5,17387.2,0.0,-0.0,-0.0
FL46BLW10-48V-5N.m-DE(2)^FL46BLW10-48V-5N.m-DE (2) (1),FL46BLW10-48V-5N.m-DE_2_FL46BLW10-48V-5N.m-DE_2_1,subassembly,1,0,28,,49.8,64.4,64.4,44.0,False,,body_LATEST:1+twincities_v2_nolock (1):1+robstride05 v16 (2) (1):1+FL46BLW10-48V-5N.m-DE(2)^FL46BLW10-48V-5N.m-DE (2) (1):1,,,-0.023,-65.016,62.886,429345.3,218964.1,231152.7,-53.1,203608.7,43.7
1_1_02_EB461-502^FL46BLW10-48V-5N.m-DE(2)_FL46BLW10-48V-5N.m-DE (2) (1),1_1_02_EB461-502_FL46BLW10-48V-5N.m-DE_2__FL46BLW10-48V-5N.m-DE_2_1,part,1,1,0,Aluminum A356 T6,10.0,46.0,46.0,9.0,False,,body_LATEST:1+twincities_v2_nolock (1):1+robstride05 v16 (2) (1):1+FL46BLW10-48V-5N.m-DE(2)^FL46BLW10-48V-5N.m-DE (2) (1):1+1_1_02_EB461-502^FL46BLW10-48V-5N.m-DE(2)_FL46BLW10-48V-5N.m-DE (2) (1):1,"255,255,255","Opaque(255,255,255)",-0.0,0.0,6.148,2579.9,2564.7,4262.4,3.2,-0.0,0.0
1_1_06_EB463-507^FL46BLW10-48V-5N.m-DE(2)_FL46BLW10-48V-5N.m-DE (2) (1),1_1_06_EB463-507_FL46BLW10-48V-5N.m-DE_2__FL46BLW10-48V-5N.m-DE_2_1,part,1,1,0,Aluminum A356 T6,21.8,46.0,46.0,35.1,False,,body_LATEST:1+twincities_v2_nolock (1):1+robstride05 v16 (2) (1):1+FL46BLW10-48V-5N.m-DE(2)^FL46BLW10-48V-5N.m-DE (2) (1):1+1_1_06_EB463-507^FL46BLW10-48V-5N.m-DE(2)_FL46BLW10-48V-5N.m-DE (2) (1):1,"255,255,255","Opaque(255,255,255)",0.397,-0.004,4.762,7829.1,7648.9,10271.0,-0.2,1.5,52.4
1_1_06_EB463-509^FL46BLW10-48V-5N.m-DE(2)_FL46BLW10-48V-5N.m-DE (2) (1),1_1_06_EB463-509_FL46BLW10-48V-5N.m-DE_2__FL46BLW10-48V-5N.m-DE_2_1,part,1,1,0,Aluminum A356 T6,6.3,46.0,46.0,4.7,False,,body_LATEST:1+twincities_v2_nolock (1):1+robstride05 v16 (2) (1):1+FL46BLW10-48V-5N.m-DE(2)^FL46BLW10-48V-5N.m-DE (2) (1):1+1_1_06_EB463-509^FL46BLW10-48V-5N.m-DE(2)_FL46BLW10-48V-5N.m-DE (2) (1):1,"255,255,255","Opaque(255,255,255)",0.14,0.01,1.113,1008.5,1018.3,1996.1,26.4,-0.2,-0.9
1_1_31_EB463-510^FL46BLW10-48V-5N.m-DE(2)_FL46BLW10-48V-5N.m-DE (2) (1),1_1_31_EB463-510_FL46BLW10-48V-5N.m-DE_2__FL46BLW10-48V-5N.m-DE_2_1,part,1,1,0,Aluminum A356 T6,3.6,46.0,46.0,2.5,False,,body_LATEST:1+twincities_v2_nolock (1):1+robstride05 v16 (2) (1):1+FL46BLW10-48V-5N.m-DE(2)^FL46BLW10-48V-5N.m-DE (2) (1):1+1_1_31_EB463-510^FL46BLW10-48V-5N.m-DE(2)_FL46BLW10-48V-5N.m-DE (2) (1):1,"255,255,255","Opaque(255,255,255)",-0.0,0.0,1.277,760.4,760.4,1505.8,-0.0,-0.0,0.0
1_2_05_000438^FL46BLW10-48V-5N.m-DE(2)_FL46BLW10-48V-5N.m-DE (2) (1),1_2_05_000438_FL46BLW10-48V-5N.m-DE_2__FL46BLW10-48V-5N.m-DE_2_1,part,8,1,0,Steel,0.1,4.1,3.8,3.8,False,,body_LATEST:1+twincities_v2_nolock (1):1+robstride05 v16 (2) (1):1+FL46BLW10-48V-5N.m-DE(2)^FL46BLW10-48V-5N.m-DE (2) (1):1+1_2_05_000438^FL46BLW10-48V-5N.m-DE(2)_FL46BLW10-48V-5N.m-DE (2) (1):1,"255,255,255","Opaque(255,255,255)",-0.488,0.001,0.0,0.1,0.2,0.2,-0.0,-0.0,-0.0
1_2_05_000555^FL46BLW10-48V-5N.m-DE(2)_FL46BLW10-48V-5N.m-DE (2) (1),1_2_05_000555_FL46BLW10-48V-5N.m-DE_2__FL46BLW10-48V-5N.m-DE_2_1,part,8,1,0,Steel,0.1,6.1,3.8,3.8,False,,body_LATEST:1+twincities_v2_nolock (1):1+robstride05 v16 (2) (1):1+FL46BLW10-48V-5N.m-DE(2)^FL46BLW10-48V-5N.m-DE (2) (1):1+1_2_05_000555^FL46BLW10-48V-5N.m-DE(2)_FL46BLW10-48V-5N.m-DE (2) (1):1,"255,255,255","Opaque(255,255,255)",-0.592,0.001,-0.0,0.1,0.6,0.6,-0.0,-0.0,-0.0
1_2_05_000608^FL46BLW10-48V-5N.m-DE(2)_FL46BLW10-48V-5N.m-DE (2) (1),1_2_05_000608_FL46BLW10-48V-5N.m-DE_2__FL46BLW10-48V-5N.m-DE_2_1,part,4,1,0,Steel,0.4,10.2,4.7,4.7,False,,body_LATEST:1+twincities_v2_nolock (1):1+robstride05 v16 (2) (1):1+FL46BLW10-48V-5N.m-DE(2)^FL46BLW10-48V-5N.m-DE (2) (1):1+1_2_05_000608^FL46BLW10-48V-5N.m-DE(2)_FL46BLW10-48V-5N.m-DE (2) (1):1,"255,255,255","Opaque(255,255,255)",-1.722,0.0,-0.0,0.4,4.9,4.9,-0.0,0.0,-0.0
1_2_05_020051^FL46BLW10-48V-5N.m-DE(2)_FL46BLW10-48V-5N.m-DE (2) (1),1_2_05_020051_FL46BLW10-48V-5N.m-DE_2__FL46BLW10-48V-5N.m-DE_2_1,part,3,2,0,Steel,0.2,4.0,4.0,6.6,False,,body_LATEST:1+twincities_v2_nolock (1):1+robstride05 v16 (2) (1):1+FL46BLW10-48V-5N.m-DE(2)^FL46BLW10-48V-5N.m-DE (2) (1):1+1_2_05_020051^FL46BLW10-48V-5N.m-DE(2)_FL46BLW10-48V-5N.m-DE (2) (1):1,"255,255,255","Opaque(255,255,255)",-0.0,0.0,-3.983,4.7,4.7,0.3,-0.0,0.0,-0.0
1_2_16_001425^FL46BLW10-48V-5N.m-DE(2)_FL46BLW10-48V-5N.m-DE (2) (1),1_2_16_001425_FL46BLW10-48V-5N.m-DE_2__FL46BLW10-48V-5N.m-DE_2_1,part,1,1,0,FR4,3.9,40.7,40.6,6.8,False,,body_LATEST:1+twincities_v2_nolock (1):1+robstride05 v16 (2) (1):1+FL46BLW10-48V-5N.m-DE(2)^FL46BLW10-48V-5N.m-DE (2) (1):1+1_2_16_001425^FL46BLW10-48V-5N.m-DE(2)_FL46BLW10-48V-5N.m-DE (2) (1):1,"255,255,255","Opaque(255,255,255)",19.711,29.194,-1.37,3736.4,1927.6,5631.1,-2162.8,179.1,81.4
schematics (1),schematics_1,mixed,1,1,2,Steel,0.0,0.0,0.0,0.0,False,,body_LATEST:1+twincities_v2_nolock (1):1+schematics (1):1,"160,160,160",Steel - Satin,0.0,0.0,0.0,0.0,0.0,0.0,0.0,0.0,0.0
robstride05_cross_section (1),robstride05_cross_section_1,empty,2,0,0,,0.0,0.0,0.0,0.0,False,,body_LATEST:1+twincities_v2_nolock (1):1+schematics (1):1+robstride05_cross_section (1):1,,,,,,,,,,,
twincities_v2_nolock,twincities_v2_nolock,subassembly,1,0,9,,585.2,80.1,90.1,262.6,False,,body_LATEST:1+twincities_v2_nolock:1,,,-1.285,-63.336,577.006,200120824.8,197707078.5,2574488.0,-51163.0,21386711.5,497775.6
IntelRealsense_D435_Multibody v9,IntelRealsense_D435_Multibody,mixed,1,3,8,Steel; Glass,71.0,1200.0,764.5,625.0,False,,body_LATEST:1+twincities_v2_nolock:1+IntelRealsense_D435_Multibody v9:1,"255,255,255",Glass (Clear),-0.249,0.061,-13.088,18688.2,58431.6,45874.6,0.3,58.8,-78.3
Component31,Component31,part,1,1,0,Steel,1.6,10.8,24.5,6.5,False,,body_LATEST:1+twincities_v2_nolock:1+IntelRealsense_D435_Multibody v9:1+Component31:1,"160,160,160",Steel - Satin,-39.231,-0.0,-21.558,809.4,3259.2,2553.4,-0.0,-0.0,-1368.7
Component32,Component32,part,1,1,0,Steel,0.0,4.2,4.2,0.5,False,,body_LATEST:1+twincities_v2_nolock:1+IntelRealsense_D435_Multibody v9:1+Component32:1,"160,160,160",Steel - Satin,-11.5,0.0,-4.25,0.0,0.3,0.3,0.0,0.0,-0.1
Component33,Component33,part,1,1,0,Steel,0.0,4.2,4.2,0.5,False,,body_LATEST:1+twincities_v2_nolock:1+IntelRealsense_D435_Multibody v9:1+Component33:1,"160,160,160",Steel - Satin,17.5,0.0,-4.25,0.0,0.7,0.6,-0.0,0.0,0.1
Component34,Component34,part,1,1,0,Steel,0.0,8.2,8.2,0.5,False,,body_LATEST:1+twincities_v2_nolock:1+IntelRealsense_D435_Multibody v9:1+Component34:1,"160,160,160",Steel - Satin,17.5,-0.0,-4.25,0.1,1.3,1.3,0.0,-0.0,0.3
Component35,Component35,part,1,1,0,Steel,68.5,90.1,25.3,25.0,False,,body_LATEST:1+twincities_v2_nolock:1+IntelRealsense_D435_Multibody v9:1+Component35:1,"160,160,160",Steel - Satin,1.183,-0.063,-13.047,17858.9,54732.8,42862.3,0.3,-58.8,1446.6
Component36,Component36,part,1,1,0,Steel,0.0,2.2,2.2,0.5,False,,body_LATEST:1+twincities_v2_nolock:1+IntelRealsense_D435_Multibody v9:1+Component36:1,"160,160,160",Steel - Satin,17.5,0.0,-4.25,0.0,0.3,0.3,-0.0,0.0,0.1
Component37,Component37,part,1,1,0,Steel,0.0,2.2,2.2,0.5,False,,body_LATEST:1+twincities_v2_nolock:1+IntelRealsense_D435_Multibody v9:1+Component37:1,"160,160,160",Steel - Satin,-11.5,0.0,-4.25,0.0,0.2,0.1,0.0,0.0,-0.0
glass,glass,part,1,1,0,Steel,0.8,82.0,17.0,0.4,False,,body_LATEST:1+twincities_v2_nolock:1+IntelRealsense_D435_Multibody v9:1+glass:1,"160,160,160",Steel - Satin,0.0,0.0,-0.3,19.6,436.8,456.3,-0.0,0.0,0.0
U-joint_type_C_adapter v3,U-joint_type_C_adapter,part,1,1,0,Stainless Steel,8.0,24.8,12.3,14.4,False,,body_LATEST:1+twincities_v2_nolock:1+U-joint_type_C_adapter v3:1,"203,203,203",Stainless Steel - Satin,13.348,6.15,5.177,710.2,2184.8,2247.2,-656.8,-254.7,-595.2
bearing,bearing,part,1,2,0,Steel,2.5,15.0,15.0,4.0,False,,body_LATEST:1+twincities_v2_nolock:1+bearing:1,"160,160,160",Steel - Satin,0.0,0.0,2.0,63.7,63.7,101.1,0.0,0.0,-0.0
gimbal_arm,gimbal_arm,mixed,1,1,1,Arm,26.0,35.0,74.0,61.5,False,,body_LATEST:1+twincities_v2_nolock:1+gimbal_arm:1,"25,25,25",Acetal Resin (White),1.616,-60.95,639.524,10745888.7,10633367.5,115199.5,2757.2,1013339.6,-27727.4
Component92,Component92,part,1,1,0,Arm,9.5,35.0,70.0,61.5,False,,body_LATEST:1+twincities_v2_nolock:1+gimbal_arm:1+Component92:1,"25,25,25",Acetal Resin (White),0.89,-87.911,639.051,3971699.9,3895934.1,76576.4,693.8,533656.8,-5581.3
gimbal_mount,gimbal_mount,part,1,1,0,Base,52.0,80.1,66.3,84.0,False,,body_LATEST:1+twincities_v2_nolock:1+gimbal_mount:1,"25,25,25",ABS (White),-0.0,-59.226,452.105,10852504.6,10673323.7,213682.8,-0.1,1396220.1,2.8
gimbal_neck,gimbal_neck,part,1,1,0,Neck,37.6,46.0,56.0,112.5,False,,body_LATEST:1+twincities_v2_nolock:1+gimbal_neck:1,"25,25,25",Plastic - Glossy (Black),0.001,-67.701,587.669,13212832.4,13036587.4,186246.9,4.0,1503061.9,-30.5
robstride05 v16 (1),robstride05_v16_1,subassembly,1,0,3,,194.1,65.1,65.1,47.1,False,,body_LATEST:1+twincities_v2_nolock:1+robstride05 v16 (1):1,,,0.007,-0.002,-19.669,123832.9,123753.3,42289.7,65.2,-17.2,65.9
1_1_30_GR-2202_ASM^FL46BLW10-48V-5N.m-DE(2)_FL46BLW10-48V-5N.m-DE (1),1_1_30_GR-2202_ASM_FL46BLW10-48V-5N.m-DE_2__FL46BLW10-48V-5N.m-DE_1,subassembly,1,0,1,,23.9,37.0,37.0,14.0,False,,body_LATEST:1+twincities_v2_nolock:1+robstride05 v16 (1):1+1_1_30_GR-2202_ASM^FL46BLW10-48V-5N.m-DE(2)_FL46BLW10-48V-5N.m-DE (1):1,,,19.315,16.33,20.226,18430.3,20977.8,19596.3,-7552.3,-7908.9,-9354.4
1_1_30_GR-2202_ASM_1_ASM^1_1_30_GR-2202_ASM_FL46BLW10-48V-5N.m-DE(2)_FL46BLW10-48V-5N.m-DE (1),1_1_30_GR-2202_ASM_1_ASM_1_1_30_GR-2202_ASM_FL46BLW10-48V-5N.m-DE_2__FL46BLW10-48V-5N.m-DE_1,subassembly,1,0,3,,23.9,37.0,37.0,14.0,False,,body_LATEST:1+twincities_v2_nolock:1+robstride05 v16 (1):1+1_1_30_GR-2202_ASM^FL46BLW10-48V-5N.m-DE(2)_FL46BLW10-48V-5N.m-DE (1):1+1_1_30_GR-2202_ASM_1_ASM^1_1_30_GR-2202_ASM_FL46BLW10-48V-5N.m-DE(2)_FL46BLW10-48V-5N.m-DE (1):1,,,19.315,16.33,20.226,18430.3,20977.8,19596.3,-7552.3,-7908.9,-9354.4
0001755652^1_1_30_GR-2202_ASM_1_ASM_1_1_30_GR-2202_ASM_FL46BLW10-48V-5N.m-DE(2)_FL46BLW10-48V-5N.m-DE (1),0001755652_1_1_30_GR-2202_ASM_1_ASM_1_1_30_GR-2202_ASM_FL46BLW10-48V-5N.m-DE_2__FL46BLW10-48V-5N.m-DE_1,part,2,1,0,Steel,1.4,4.0,4.0,14.0,False,,body_LATEST:1+twincities_v2_nolock:1+robstride05 v16 (1):1+1_1_30_GR-2202_ASM^FL46BLW10-48V-5N.m-DE(2)_FL46BLW10-48V-5N.m-DE (1):1+1_1_30_GR-2202_ASM_1_ASM^1_1_30_GR-2202_ASM_FL46BLW10-48V-5N.m-DE(2)_FL46BLW10-48V-5N.m-DE (1):1+0001755652^1_1_30_GR-2202_ASM_1_ASM_1_1_30_GR-2202_ASM_FL46BLW10-48V-5N.m-DE(2)_FL46BLW10-48V-5N.m-DE (1):1,"255,255,255","Opaque(255,255,255)",-0.0,0.0,6.0,73.3,73.3,2.7,-0.0,0.0,0.0
00MINI-_20250103_A0001_ASM_1_AS_ASM^1_1_30_GR-2202_ASM_1_ASM_1_1_30_GR-2202_ASM_FL46BLW10-48V-5N.m-DE(2)_FL46BLW10-48V-5N.m-DE (1),00MINI-_20250103_A0001_ASM_1_AS_ASM_1_1_30_GR-2202_ASM_1_ASM_1_1_30_GR-2202_ASM_FL46BLW10-48V-5N.m-DE_2__FL46BLW10-48V-5N.m-DE_1,subassembly,1,0,1,,21.2,37.0,37.0,14.0,False,,body_LATEST:1+twincities_v2_nolock:1+robstride05 v16 (1):1+1_1_30_GR-2202_ASM^FL46BLW10-48V-5N.m-DE(2)_FL46BLW10-48V-5N.m-DE (1):1+1_1_30_GR-2202_ASM_1_ASM^1_1_30_GR-2202_ASM_FL46BLW10-48V-5N.m-DE(2)_FL46BLW10-48V-5N.m-DE (1):1+00MINI-_20250103_A0001_ASM_1_AS_ASM^1_1_30_GR-2202_ASM_1_ASM_1_1_30_GR-2202_ASM_FL46BLW10-48V-5N.m-DE(2)_FL46BLW10-48V-5N.m-DE (1):1,,,18.78,16.639,20.136,16500.4,18165.5,17355.9,-6571.0,-7104.5,-8004.0
00MINI-000_ASM_1_ASM_1_ASM^00MINI-_20250103_A0001_ASM_1_AS_ASM_1_1_30_GR-2202_ASM_1_ASM_1_1_30_GR-2202_ASM_FL46BLW10-48V-5N.m-DE(2)_FL46BLW10-48V-5N.m-DE (1),00MINI-000_ASM_1_ASM_1_ASM_00MINI-_20250103_A0001_ASM_1_AS_ASM_1_1_30_GR-2202_ASM_1_ASM_1_1_30_GR-2202_ASM_FL46BLW10-48V-5N.m-DE_2__FL46BLW10-48V-5N.m-DE_1,subassembly,1,0,4,,21.2,37.0,37.0,14.0,False,,body_LATEST:1+twincities_v2_nolock:1+robstride05 v16 (1):1+1_1_30_GR-2202_ASM^FL46BLW10-48V-5N.m-DE(2)_FL46BLW10-48V-5N.m-DE (1):1+1_1_30_GR-2202_ASM_1_ASM^1_1_30_GR-2202_ASM_FL46BLW10-48V-5N.m-DE(2)_FL46BLW10-48V-5N.m-DE (1):1+00MINI-_20250103_A0001_ASM_1_AS_ASM^1_1_30_GR-2202_ASM_1_ASM_1_1_30_GR-2202_ASM_FL46BLW10-48V-5N.m-DE(2)_FL46BLW10-48V-5N.m-DE (1):1+00MINI-000_ASM_1_ASM_1_ASM^00MINI-_20250103_A0001_ASM_1_AS_ASM_1_1_30_GR-2202_ASM_1_ASM_1_1_30_GR-2202_ASM_FL46BLW10-48V-5N.m-DE(2)_FL46BLW10-48V-5N.m-DE (1):1,,,18.78,16.639,20.136,16500.4,18165.5,17355.9,-6571.0,-7104.5,-8004.0
0001755650^00MINI-000_ASM_1_ASM_1_ASM_00MINI-_20250103_A0001_ASM_1_AS_ASM_1_1_30_GR-2202_ASM_1_ASM_1_1_30_GR-2202_ASM_FL46BLW10-48V-5N.m-DE(2)_FL46BLW10-48V-5N.m-DE (1),0001755650_00MINI-000_ASM_1_ASM_1_ASM_00MINI-_20250103_A0001_ASM_1_AS_ASM_1_1_30_GR-2202_ASM_1_ASM_1_1_30_GR-2202_ASM_FL46BLW10-48V-5N.m-DE_2__FL46BLW10-48V-5N.m-DE_1,part,1,1,0,Aluminum A356 T6,8.1,32.0,32.0,8.0,False,,body_LATEST:1+twincities_v2_nolock:1+robstride05 v16 (1):1+1_1_30_GR-2202_ASM^FL46BLW10-48V-5N.m-DE(2)_FL46BLW10-48V-5N.m-DE (1):1+1_1_30_GR-2202_ASM_1_ASM^1_1_30_GR-2202_ASM_FL46BLW10-48V-5N.m-DE(2)_FL46BLW10-48V-5N.m-DE (1):1+00MINI-_20250103_A0001_ASM_1_AS_ASM^1_1_30_GR-2202_ASM_1_ASM_1_1_30_GR-2202_ASM_FL46BLW10-48V-5N.m-DE(2)_FL46BLW10-48V-5N.m-DE (1):1+00MINI-000_ASM_1_ASM_1_ASM^00MINI-_20250103_A0001_ASM_1_AS_ASM_1_1_30_GR-2202_ASM_1_ASM_1_1_30_GR-2202_ASM_FL46BLW10-48V-5N.m-DE(2)_FL46BLW10-48V-5N.m-DE (1):1+0001755650^00MINI-000_ASM_1_ASM_1_ASM_00MINI-_20250103_A0001_ASM_1_AS_ASM_1_1_30_GR-2202_ASM_1_ASM_1_1_30_GR-2202_ASM_FL46BLW10-48V-5N.m-DE(2)_FL46BLW10-48V-5N.m-DE (1):1,"255,255,255","Opaque(255,255,255)",0.0,0.0,1.672,581.2,581.2,1066.2,-0.0,-0.0,-0.0
0001755652^00MINI-000_ASM_1_ASM_1_ASM_00MINI-_20250103_A0001_ASM_1_AS_ASM_1_1_30_GR-2202_ASM_1_ASM_1_1_30_GR-2202_ASM_FL46BLW10-48V-5N.m-DE(2)_FL46BLW10-48V-5N.m-DE (1),0001755652_00MINI-000_ASM_1_ASM_1_ASM_00MINI-_20250103_A0001_ASM_1_AS_ASM_1_1_30_GR-2202_ASM_1_ASM_1_1_30_GR-2202_ASM_FL46BLW10-48V-5N.m-DE_2__FL46BLW10-48V-5N.m-DE_1,part,1,1,0,Steel,1.4,4.0,4.0,14.0,False,,body_LATEST:1+twincities_v2_nolock:1+robstride05 v16 (1):1+1_1_30_GR-2202_ASM^FL46BLW10-48V-5N.m-DE(2)_FL46BLW10-48V-5N.m-DE (1):1+1_1_30_GR-2202_ASM_1_ASM^1_1_30_GR-2202_ASM_FL46BLW10-48V-5N.m-DE(2)_FL46BLW10-48V-5N.m-DE (1):1+00MINI-_20250103_A0001_ASM_1_AS_ASM^1_1_30_GR-2202_ASM_1_ASM_1_1_30_GR-2202_ASM_FL46BLW10-48V-5N.m-DE(2)_FL46BLW10-48V-5N.m-DE (1):1+00MINI-000_ASM_1_ASM_1_ASM^00MINI-_20250103_A0001_ASM_1_AS_ASM_1_1_30_GR-2202_ASM_1_ASM_1_1_30_GR-2202_ASM_FL46BLW10-48V-5N.m-DE(2)_FL46BLW10-48V-5N.m-DE (1):1+0001755652^00MINI-000_ASM_1_ASM_1_ASM_00MINI-_20250103_A0001_ASM_1_AS_ASM_1_1_30_GR-2202_ASM_1_ASM_1_1_30_GR-2202_ASM_FL46BLW10-48V-5N.m-DE(2)_FL46BLW10-48V-5N.m-DE (1):1,"255,255,255","Opaque(255,255,255)",-0.0,0.0,6.0,73.3,73.3,2.7,-0.0,0.0,0.0
1_21_121000022__610001_1_1^00MINI-000_ASM_1_ASM_1_ASM_00MINI-_20250103_A0001_ASM_1_AS_ASM_1_1_30_GR-2202_ASM_1_ASM_1_1_30_GR-2202_ASM_FL46BLW10-48V-5N.m-DE(2)_FL46BLW10-48V-5N.m-DE (1),1_21_121000022__610001_1_1_00MINI-000_ASM_1_ASM_1_ASM_00MINI-_20250103_A0001_ASM_1_AS_ASM_1_1_30_GR-2202_ASM_1_ASM_1_1_30_GR-2202_ASM_FL46BLW10-48V-5N.m-DE_2__FL46BLW10-48V-5N.m-DE_1,part,1,1,0,Steel,1.9,4.0,11.0,11.0,False,,body_LATEST:1+twincities_v2_nolock:1+robstride05 v16 (1):1+1_1_30_GR-2202_ASM^FL46BLW10-48V-5N.m-DE(2)_FL46BLW10-48V-5N.m-DE (1):1+1_1_30_GR-2202_ASM_1_ASM^1_1_30_GR-2202_ASM_FL46BLW10-48V-5N.m-DE(2)_FL46BLW10-48V-5N.m-DE (1):1+00MINI-_20250103_A0001_ASM_1_AS_ASM^1_1_30_GR-2202_ASM_1_ASM_1_1_30_GR-2202_ASM_FL46BLW10-48V-5N.m-DE(2)_FL46BLW10-48V-5N.m-DE (1):1+00MINI-000_ASM_1_ASM_1_ASM^00MINI-_20250103_A0001_ASM_1_AS_ASM_1_1_30_GR-2202_ASM_1_ASM_1_1_30_GR-2202_ASM_FL46BLW10-48V-5N.m-DE(2)_FL46BLW10-48V-5N.m-DE (1):1+1_21_121000022__610001_1_1^00MINI-000_ASM_1_ASM_1_ASM_00MINI-_20250103_A0001_ASM_1_AS_ASM_1_1_30_GR-2202_ASM_1_ASM_1_1_30_GR-2202_ASM_FL46BLW10-48V-5N.m-DE(2)_FL46BLW10-48V-5N.m-DE (1):1,"255,255,255","Opaque(255,255,255)",0.0,0.0,-0.0,34.2,19.4,19.4,0.0,-0.0,0.0
6706__300001_1_1^00MINI-000_ASM_1_ASM_1_ASM_00MINI-_20250103_A0001_ASM_1_AS_ASM_1_1_30_GR-2202_ASM_1_ASM_1_1_30_GR-2202_ASM_FL46BLW10-48V-5N.m-DE(2)_FL46BLW10-48V-5N.m-DE (1),6706__300001_1_1_00MINI-000_ASM_1_ASM_1_ASM_00MINI-_20250103_A0001_ASM_1_AS_ASM_1_1_30_GR-2202_ASM_1_ASM_1_1_30_GR-2202_ASM_FL46BLW10-48V-5N.m-DE_2__FL46BLW10-48V-5N.m-DE_1,part,1,1,0,Steel,9.9,37.0,37.0,4.0,False,,body_LATEST:1+twincities_v2_nolock:1+robstride05 v16 (1):1+1_1_30_GR-2202_ASM^FL46BLW10-48V-5N.m-DE(2)_FL46BLW10-48V-5N.m-DE (1):1+1_1_30_GR-2202_ASM_1_ASM^1_1_30_GR-2202_ASM_FL46BLW10-48V-5N.m-DE(2)_FL46BLW10-48V-5N.m-DE (1):1+00MINI-_20250103_A0001_ASM_1_AS_ASM^1_1_30_GR-2202_ASM_1_ASM_1_1_30_GR-2202_ASM_FL46BLW10-48V-5N.m-DE(2)_FL46BLW10-48V-5N.m-DE (1):1+00MINI-000_ASM_1_ASM_1_ASM^00MINI-_20250103_A0001_ASM_1_AS_ASM_1_1_30_GR-2202_ASM_1_ASM_1_1_30_GR-2202_ASM_FL46BLW10-48V-5N.m-DE(2)_FL46BLW10-48V-5N.m-DE (1):1+6706__300001_1_1^00MINI-000_ASM_1_ASM_1_ASM_00MINI-_20250103_A0001_ASM_1_AS_ASM_1_1_30_GR-2202_ASM_1_ASM_1_1_30_GR-2202_ASM_FL46BLW10-48V-5N.m-DE(2)_FL46BLW10-48V-5N.m-DE (1):1,"255,255,255","Opaque(255,255,255)",-0.0,0.0,2.0,1447.9,1447.9,2796.8,-0.0,-0.0,0.0
Component59,Component59,part,1,1,0,CORE,120.3,34.0,34.0,29.0,False,,body_LATEST:1+twincities_v2_nolock:1+robstride05 v16 (1):1+Component59:1,"160,160,160",Steel - Satin,-0.0,0.0,-21.5,72747.5,72747.5,17387.2,0.0,-0.0,-0.0
FL46BLW10-48V-5N.m-DE(2)^FL46BLW10-48V-5N.m-DE (1),FL46BLW10-48V-5N.m-DE_2_FL46BLW10-48V-5N.m-DE_1,subassembly,1,0,28,,49.8,65.1,65.1,44.0,False,,body_LATEST:1+twincities_v2_nolock:1+robstride05 v16 (1):1+FL46BLW10-48V-5N.m-DE(2)^FL46BLW10-48V-5N.m-DE (1):1,,,0.026,-0.008,-23.114,48575.3,48495.7,20624.2,65.2,-17.2,65.9
1_1_02_EB461-502^FL46BLW10-48V-5N.m-DE(2)_FL46BLW10-48V-5N.m-DE (1),1_1_02_EB461-502_FL46BLW10-48V-5N.m-DE_2__FL46BLW10-48V-5N.m-DE_1,part,1,1,0,Aluminum A356 T6,10.0,46.0,46.0,9.0,False,,body_LATEST:1+twincities_v2_nolock:1+robstride05 v16 (1):1+FL46BLW10-48V-5N.m-DE(2)^FL46BLW10-48V-5N.m-DE (1):1+1_1_02_EB461-502^FL46BLW10-48V-5N.m-DE(2)_FL46BLW10-48V-5N.m-DE (1):1,"255,255,255","Opaque(255,255,255)",-0.0,0.0,6.148,2579.9,2564.7,4262.4,3.2,-0.0,0.0
1_1_06_EB463-507^FL46BLW10-48V-5N.m-DE(2)_FL46BLW10-48V-5N.m-DE (1),1_1_06_EB463-507_FL46BLW10-48V-5N.m-DE_2__FL46BLW10-48V-5N.m-DE_1,part,1,1,0,Aluminum A356 T6,21.8,46.0,46.0,35.1,False,,body_LATEST:1+twincities_v2_nolock:1+robstride05 v16 (1):1+FL46BLW10-48V-5N.m-DE(2)^FL46BLW10-48V-5N.m-DE (1):1+1_1_06_EB463-507^FL46BLW10-48V-5N.m-DE(2)_FL46BLW10-48V-5N.m-DE (1):1,"255,255,255","Opaque(255,255,255)",0.397,-0.004,4.762,7829.1,7648.9,10271.0,-0.2,1.5,52.4
1_1_06_EB463-509^FL46BLW10-48V-5N.m-DE(2)_FL46BLW10-48V-5N.m-DE (1),1_1_06_EB463-509_FL46BLW10-48V-5N.m-DE_2__FL46BLW10-48V-5N.m-DE_1,part,1,1,0,Aluminum A356 T6,6.3,46.0,46.0,4.7,False,,body_LATEST:1+twincities_v2_nolock:1+robstride05 v16 (1):1+FL46BLW10-48V-5N.m-DE(2)^FL46BLW10-48V-5N.m-DE (1):1+1_1_06_EB463-509^FL46BLW10-48V-5N.m-DE(2)_FL46BLW10-48V-5N.m-DE (1):1,"255,255,255","Opaque(255,255,255)",0.14,0.01,1.113,1008.5,1018.3,1996.1,26.4,-0.2,-0.9
1_1_31_EB463-510^FL46BLW10-48V-5N.m-DE(2)_FL46BLW10-48V-5N.m-DE (1),1_1_31_EB463-510_FL46BLW10-48V-5N.m-DE_2__FL46BLW10-48V-5N.m-DE_1,part,1,1,0,Aluminum A356 T6,3.6,46.0,46.0,2.5,False,,body_LATEST:1+twincities_v2_nolock:1+robstride05 v16 (1):1+FL46BLW10-48V-5N.m-DE(2)^FL46BLW10-48V-5N.m-DE (1):1+1_1_31_EB463-510^FL46BLW10-48V-5N.m-DE(2)_FL46BLW10-48V-5N.m-DE (1):1,"255,255,255","Opaque(255,255,255)",-0.0,0.0,1.277,760.4,760.4,1505.8,-0.0,-0.0,0.0
1_2_05_000438^FL46BLW10-48V-5N.m-DE(2)_FL46BLW10-48V-5N.m-DE (1),1_2_05_000438_FL46BLW10-48V-5N.m-DE_2__FL46BLW10-48V-5N.m-DE_1,part,8,1,0,Steel,0.1,4.1,3.8,3.8,False,,body_LATEST:1+twincities_v2_nolock:1+robstride05 v16 (1):1+FL46BLW10-48V-5N.m-DE(2)^FL46BLW10-48V-5N.m-DE (1):1+1_2_05_000438^FL46BLW10-48V-5N.m-DE(2)_FL46BLW10-48V-5N.m-DE (1):1,"255,255,255","Opaque(255,255,255)",-0.488,0.001,0.0,0.1,0.2,0.2,-0.0,-0.0,-0.0
1_2_05_000555^FL46BLW10-48V-5N.m-DE(2)_FL46BLW10-48V-5N.m-DE (1),1_2_05_000555_FL46BLW10-48V-5N.m-DE_2__FL46BLW10-48V-5N.m-DE_1,part,8,1,0,Steel,0.1,6.1,3.8,3.8,False,,body_LATEST:1+twincities_v2_nolock:1+robstride05 v16 (1):1+FL46BLW10-48V-5N.m-DE(2)^FL46BLW10-48V-5N.m-DE (1):1+1_2_05_000555^FL46BLW10-48V-5N.m-DE(2)_FL46BLW10-48V-5N.m-DE (1):1,"255,255,255","Opaque(255,255,255)",-0.592,0.001,-0.0,0.1,0.6,0.6,-0.0,-0.0,-0.0
1_2_05_000608^FL46BLW10-48V-5N.m-DE(2)_FL46BLW10-48V-5N.m-DE (1),1_2_05_000608_FL46BLW10-48V-5N.m-DE_2__FL46BLW10-48V-5N.m-DE_1,part,4,1,0,Steel,0.4,10.2,4.7,4.7,False,,body_LATEST:1+twincities_v2_nolock:1+robstride05 v16 (1):1+FL46BLW10-48V-5N.m-DE(2)^FL46BLW10-48V-5N.m-DE (1):1+1_2_05_000608^FL46BLW10-48V-5N.m-DE(2)_FL46BLW10-48V-5N.m-DE (1):1,"255,255,255","Opaque(255,255,255)",-1.722,0.0,-0.0,0.4,4.9,4.9,-0.0,0.0,-0.0
1_2_05_020051^FL46BLW10-48V-5N.m-DE(2)_FL46BLW10-48V-5N.m-DE (1),1_2_05_020051_FL46BLW10-48V-5N.m-DE_2__FL46BLW10-48V-5N.m-DE_1,part,3,2,0,Steel,0.2,4.0,4.0,6.6,False,,body_LATEST:1+twincities_v2_nolock:1+robstride05 v16 (1):1+FL46BLW10-48V-5N.m-DE(2)^FL46BLW10-48V-5N.m-DE (1):1+1_2_05_020051^FL46BLW10-48V-5N.m-DE(2)_FL46BLW10-48V-5N.m-DE (1):1,"255,255,255","Opaque(255,255,255)",-0.0,0.0,-3.983,4.7,4.7,0.3,-0.0,0.0,-0.0
1_2_16_001425^FL46BLW10-48V-5N.m-DE(2)_FL46BLW10-48V-5N.m-DE (1),1_2_16_001425_FL46BLW10-48V-5N.m-DE_2__FL46BLW10-48V-5N.m-DE_1,part,1,1,0,FR4,3.9,40.7,40.6,6.8,False,,body_LATEST:1+twincities_v2_nolock:1+robstride05 v16 (1):1+FL46BLW10-48V-5N.m-DE(2)^FL46BLW10-48V-5N.m-DE (1):1+1_2_16_001425^FL46BLW10-48V-5N.m-DE(2)_FL46BLW10-48V-5N.m-DE (1):1,"255,255,255","Opaque(255,255,255)",19.711,29.194,-1.37,3736.4,1927.6,5631.1,-2162.8,179.1,81.4
robstride05 v16 (2),robstride05_v16_2,subassembly,1,0,3,,194.1,65.1,65.1,47.1,False,,body_LATEST:1+twincities_v2_nolock:1+robstride05 v16 (2):1,,,0.007,-0.002,-19.669,123832.9,123753.3,42289.7,65.2,-17.2,65.9
1_1_30_GR-2202_ASM^FL46BLW10-48V-5N.m-DE(2)_FL46BLW10-48V-5N.m-DE (2),1_1_30_GR-2202_ASM_FL46BLW10-48V-5N.m-DE_2__FL46BLW10-48V-5N.m-DE_2,subassembly,1,0,1,,23.9,37.0,37.0,14.0,False,,body_LATEST:1+twincities_v2_nolock:1+robstride05 v16 (2):1+1_1_30_GR-2202_ASM^FL46BLW10-48V-5N.m-DE(2)_FL46BLW10-48V-5N.m-DE (2):1,,,19.315,16.33,20.226,18430.3,20977.8,19596.3,-7552.3,-7908.9,-9354.4
1_1_30_GR-2202_ASM_1_ASM^1_1_30_GR-2202_ASM_FL46BLW10-48V-5N.m-DE(2)_FL46BLW10-48V-5N.m-DE (2),1_1_30_GR-2202_ASM_1_ASM_1_1_30_GR-2202_ASM_FL46BLW10-48V-5N.m-DE_2__FL46BLW10-48V-5N.m-DE_2,subassembly,1,0,3,,23.9,37.0,37.0,14.0,False,,body_LATEST:1+twincities_v2_nolock:1+robstride05 v16 (2):1+1_1_30_GR-2202_ASM^FL46BLW10-48V-5N.m-DE(2)_FL46BLW10-48V-5N.m-DE (2):1+1_1_30_GR-2202_ASM_1_ASM^1_1_30_GR-2202_ASM_FL46BLW10-48V-5N.m-DE(2)_FL46BLW10-48V-5N.m-DE (2):1,,,19.315,16.33,20.226,18430.3,20977.8,19596.3,-7552.3,-7908.9,-9354.4
0001755652^1_1_30_GR-2202_ASM_1_ASM_1_1_30_GR-2202_ASM_FL46BLW10-48V-5N.m-DE(2)_FL46BLW10-48V-5N.m-DE (2),0001755652_1_1_30_GR-2202_ASM_1_ASM_1_1_30_GR-2202_ASM_FL46BLW10-48V-5N.m-DE_2__FL46BLW10-48V-5N.m-DE_2,part,2,1,0,Steel,1.4,4.0,4.0,14.0,False,,body_LATEST:1+twincities_v2_nolock:1+robstride05 v16 (2):1+1_1_30_GR-2202_ASM^FL46BLW10-48V-5N.m-DE(2)_FL46BLW10-48V-5N.m-DE (2):1+1_1_30_GR-2202_ASM_1_ASM^1_1_30_GR-2202_ASM_FL46BLW10-48V-5N.m-DE(2)_FL46BLW10-48V-5N.m-DE (2):1+0001755652^1_1_30_GR-2202_ASM_1_ASM_1_1_30_GR-2202_ASM_FL46BLW10-48V-5N.m-DE(2)_FL46BLW10-48V-5N.m-DE (2):1,"255,255,255","Opaque(255,255,255)",-0.0,0.0,6.0,73.3,73.3,2.7,-0.0,0.0,0.0
00MINI-_20250103_A0001_ASM_1_AS_ASM^1_1_30_GR-2202_ASM_1_ASM_1_1_30_GR-2202_ASM_FL46BLW10-48V-5N.m-DE(2)_FL46BLW10-48V-5N.m-DE (2),00MINI-_20250103_A0001_ASM_1_AS_ASM_1_1_30_GR-2202_ASM_1_ASM_1_1_30_GR-2202_ASM_FL46BLW10-48V-5N.m-DE_2__FL46BLW10-48V-5N.m-DE_2,subassembly,1,0,1,,21.2,37.0,37.0,14.0,False,,body_LATEST:1+twincities_v2_nolock:1+robstride05 v16 (2):1+1_1_30_GR-2202_ASM^FL46BLW10-48V-5N.m-DE(2)_FL46BLW10-48V-5N.m-DE (2):1+1_1_30_GR-2202_ASM_1_ASM^1_1_30_GR-2202_ASM_FL46BLW10-48V-5N.m-DE(2)_FL46BLW10-48V-5N.m-DE (2):1+00MINI-_20250103_A0001_ASM_1_AS_ASM^1_1_30_GR-2202_ASM_1_ASM_1_1_30_GR-2202_ASM_FL46BLW10-48V-5N.m-DE(2)_FL46BLW10-48V-5N.m-DE (2):1,,,18.78,16.639,20.136,16500.4,18165.5,17355.9,-6571.0,-7104.5,-8004.0
00MINI-000_ASM_1_ASM_1_ASM^00MINI-_20250103_A0001_ASM_1_AS_ASM_1_1_30_GR-2202_ASM_1_ASM_1_1_30_GR-2202_ASM_FL46BLW10-48V-5N.m-DE(2)_FL46BLW10-48V-5N.m-DE (2),00MINI-000_ASM_1_ASM_1_ASM_00MINI-_20250103_A0001_ASM_1_AS_ASM_1_1_30_GR-2202_ASM_1_ASM_1_1_30_GR-2202_ASM_FL46BLW10-48V-5N.m-DE_2__FL46BLW10-48V-5N.m-DE_2,subassembly,1,0,4,,21.2,37.0,37.0,14.0,False,,body_LATEST:1+twincities_v2_nolock:1+robstride05 v16 (2):1+1_1_30_GR-2202_ASM^FL46BLW10-48V-5N.m-DE(2)_FL46BLW10-48V-5N.m-DE (2):1+1_1_30_GR-2202_ASM_1_ASM^1_1_30_GR-2202_ASM_FL46BLW10-48V-5N.m-DE(2)_FL46BLW10-48V-5N.m-DE (2):1+00MINI-_20250103_A0001_ASM_1_AS_ASM^1_1_30_GR-2202_ASM_1_ASM_1_1_30_GR-2202_ASM_FL46BLW10-48V-5N.m-DE(2)_FL46BLW10-48V-5N.m-DE (2):1+00MINI-000_ASM_1_ASM_1_ASM^00MINI-_20250103_A0001_ASM_1_AS_ASM_1_1_30_GR-2202_ASM_1_ASM_1_1_30_GR-2202_ASM_FL46BLW10-48V-5N.m-DE(2)_FL46BLW10-48V-5N.m-DE (2):1,,,18.78,16.639,20.136,16500.4,18165.5,17355.9,-6571.0,-7104.5,-8004.0
0001755650^00MINI-000_ASM_1_ASM_1_ASM_00MINI-_20250103_A0001_ASM_1_AS_ASM_1_1_30_GR-2202_ASM_1_ASM_1_1_30_GR-2202_ASM_FL46BLW10-48V-5N.m-DE(2)_FL46BLW10-48V-5N.m-DE (2),0001755650_00MINI-000_ASM_1_ASM_1_ASM_00MINI-_20250103_A0001_ASM_1_AS_ASM_1_1_30_GR-2202_ASM_1_ASM_1_1_30_GR-2202_ASM_FL46BLW10-48V-5N.m-DE_2__FL46BLW10-48V-5N.m-DE_2,part,1,1,0,Aluminum A356 T6,8.1,32.0,32.0,8.0,False,,body_LATEST:1+twincities_v2_nolock:1+robstride05 v16 (2):1+1_1_30_GR-2202_ASM^FL46BLW10-48V-5N.m-DE(2)_FL46BLW10-48V-5N.m-DE (2):1+1_1_30_GR-2202_ASM_1_ASM^1_1_30_GR-2202_ASM_FL46BLW10-48V-5N.m-DE(2)_FL46BLW10-48V-5N.m-DE (2):1+00MINI-_20250103_A0001_ASM_1_AS_ASM^1_1_30_GR-2202_ASM_1_ASM_1_1_30_GR-2202_ASM_FL46BLW10-48V-5N.m-DE(2)_FL46BLW10-48V-5N.m-DE (2):1+00MINI-000_ASM_1_ASM_1_ASM^00MINI-_20250103_A0001_ASM_1_AS_ASM_1_1_30_GR-2202_ASM_1_ASM_1_1_30_GR-2202_ASM_FL46BLW10-48V-5N.m-DE(2)_FL46BLW10-48V-5N.m-DE (2):1+0001755650^00MINI-000_ASM_1_ASM_1_ASM_00MINI-_20250103_A0001_ASM_1_AS_ASM_1_1_30_GR-2202_ASM_1_ASM_1_1_30_GR-2202_ASM_FL46BLW10-48V-5N.m-DE(2)_FL46BLW10-48V-5N.m-DE (2):1,"255,255,255","Opaque(255,255,255)",0.0,0.0,1.672,581.2,581.2,1066.2,-0.0,-0.0,-0.0
0001755652^00MINI-000_ASM_1_ASM_1_ASM_00MINI-_20250103_A0001_ASM_1_AS_ASM_1_1_30_GR-2202_ASM_1_ASM_1_1_30_GR-2202_ASM_FL46BLW10-48V-5N.m-DE(2)_FL46BLW10-48V-5N.m-DE (2),0001755652_00MINI-000_ASM_1_ASM_1_ASM_00MINI-_20250103_A0001_ASM_1_AS_ASM_1_1_30_GR-2202_ASM_1_ASM_1_1_30_GR-2202_ASM_FL46BLW10-48V-5N.m-DE_2__FL46BLW10-48V-5N.m-DE_2,part,1,1,0,Steel,1.4,4.0,4.0,14.0,False,,body_LATEST:1+twincities_v2_nolock:1+robstride05 v16 (2):1+1_1_30_GR-2202_ASM^FL46BLW10-48V-5N.m-DE(2)_FL46BLW10-48V-5N.m-DE (2):1+1_1_30_GR-2202_ASM_1_ASM^1_1_30_GR-2202_ASM_FL46BLW10-48V-5N.m-DE(2)_FL46BLW10-48V-5N.m-DE (2):1+00MINI-_20250103_A0001_ASM_1_AS_ASM^1_1_30_GR-2202_ASM_1_ASM_1_1_30_GR-2202_ASM_FL46BLW10-48V-5N.m-DE(2)_FL46BLW10-48V-5N.m-DE (2):1+00MINI-000_ASM_1_ASM_1_ASM^00MINI-_20250103_A0001_ASM_1_AS_ASM_1_1_30_GR-2202_ASM_1_ASM_1_1_30_GR-2202_ASM_FL46BLW10-48V-5N.m-DE(2)_FL46BLW10-48V-5N.m-DE (2):1+0001755652^00MINI-000_ASM_1_ASM_1_ASM_00MINI-_20250103_A0001_ASM_1_AS_ASM_1_1_30_GR-2202_ASM_1_ASM_1_1_30_GR-2202_ASM_FL46BLW10-48V-5N.m-DE(2)_FL46BLW10-48V-5N.m-DE (2):1,"255,255,255","Opaque(255,255,255)",-0.0,0.0,6.0,73.3,73.3,2.7,-0.0,0.0,0.0
1_21_121000022__610001_1_1^00MINI-000_ASM_1_ASM_1_ASM_00MINI-_20250103_A0001_ASM_1_AS_ASM_1_1_30_GR-2202_ASM_1_ASM_1_1_30_GR-2202_ASM_FL46BLW10-48V-5N.m-DE(2)_FL46BLW10-48V-5N.m-DE (2),1_21_121000022__610001_1_1_00MINI-000_ASM_1_ASM_1_ASM_00MINI-_20250103_A0001_ASM_1_AS_ASM_1_1_30_GR-2202_ASM_1_ASM_1_1_30_GR-2202_ASM_FL46BLW10-48V-5N.m-DE_2__FL46BLW10-48V-5N.m-DE_2,part,1,1,0,Steel,1.9,4.0,11.0,11.0,False,,body_LATEST:1+twincities_v2_nolock:1+robstride05 v16 (2):1+1_1_30_GR-2202_ASM^FL46BLW10-48V-5N.m-DE(2)_FL46BLW10-48V-5N.m-DE (2):1+1_1_30_GR-2202_ASM_1_ASM^1_1_30_GR-2202_ASM_FL46BLW10-48V-5N.m-DE(2)_FL46BLW10-48V-5N.m-DE (2):1+00MINI-_20250103_A0001_ASM_1_AS_ASM^1_1_30_GR-2202_ASM_1_ASM_1_1_30_GR-2202_ASM_FL46BLW10-48V-5N.m-DE(2)_FL46BLW10-48V-5N.m-DE (2):1+00MINI-000_ASM_1_ASM_1_ASM^00MINI-_20250103_A0001_ASM_1_AS_ASM_1_1_30_GR-2202_ASM_1_ASM_1_1_30_GR-2202_ASM_FL46BLW10-48V-5N.m-DE(2)_FL46BLW10-48V-5N.m-DE (2):1+1_21_121000022__610001_1_1^00MINI-000_ASM_1_ASM_1_ASM_00MINI-_20250103_A0001_ASM_1_AS_ASM_1_1_30_GR-2202_ASM_1_ASM_1_1_30_GR-2202_ASM_FL46BLW10-48V-5N.m-DE(2)_FL46BLW10-48V-5N.m-DE (2):1,"255,255,255","Opaque(255,255,255)",0.0,0.0,-0.0,34.2,19.4,19.4,0.0,-0.0,0.0
6706__300001_1_1^00MINI-000_ASM_1_ASM_1_ASM_00MINI-_20250103_A0001_ASM_1_AS_ASM_1_1_30_GR-2202_ASM_1_ASM_1_1_30_GR-2202_ASM_FL46BLW10-48V-5N.m-DE(2)_FL46BLW10-48V-5N.m-DE (2),6706__300001_1_1_00MINI-000_ASM_1_ASM_1_ASM_00MINI-_20250103_A0001_ASM_1_AS_ASM_1_1_30_GR-2202_ASM_1_ASM_1_1_30_GR-2202_ASM_FL46BLW10-48V-5N.m-DE_2__FL46BLW10-48V-5N.m-DE_2,part,1,1,0,Steel,9.9,37.0,37.0,4.0,False,,body_LATEST:1+twincities_v2_nolock:1+robstride05 v16 (2):1+1_1_30_GR-2202_ASM^FL46BLW10-48V-5N.m-DE(2)_FL46BLW10-48V-5N.m-DE (2):1+1_1_30_GR-2202_ASM_1_ASM^1_1_30_GR-2202_ASM_FL46BLW10-48V-5N.m-DE(2)_FL46BLW10-48V-5N.m-DE (2):1+00MINI-_20250103_A0001_ASM_1_AS_ASM^1_1_30_GR-2202_ASM_1_ASM_1_1_30_GR-2202_ASM_FL46BLW10-48V-5N.m-DE(2)_FL46BLW10-48V-5N.m-DE (2):1+00MINI-000_ASM_1_ASM_1_ASM^00MINI-_20250103_A0001_ASM_1_AS_ASM_1_1_30_GR-2202_ASM_1_ASM_1_1_30_GR-2202_ASM_FL46BLW10-48V-5N.m-DE(2)_FL46BLW10-48V-5N.m-DE (2):1+6706__300001_1_1^00MINI-000_ASM_1_ASM_1_ASM_00MINI-_20250103_A0001_ASM_1_AS_ASM_1_1_30_GR-2202_ASM_1_ASM_1_1_30_GR-2202_ASM_FL46BLW10-48V-5N.m-DE(2)_FL46BLW10-48V-5N.m-DE (2):1,"255,255,255","Opaque(255,255,255)",-0.0,0.0,2.0,1447.9,1447.9,2796.8,-0.0,-0.0,0.0
Component80,Component80,part,1,1,0,CORE,120.3,34.0,34.0,29.0,False,,body_LATEST:1+twincities_v2_nolock:1+robstride05 v16 (2):1+Component80:1,"160,160,160",Steel - Satin,-0.0,0.0,-21.5,72747.5,72747.5,17387.2,0.0,-0.0,-0.0
FL46BLW10-48V-5N.m-DE(2)^FL46BLW10-48V-5N.m-DE (2),FL46BLW10-48V-5N.m-DE_2_FL46BLW10-48V-5N.m-DE_2,subassembly,1,0,28,,49.8,64.4,64.4,44.0,False,,body_LATEST:1+twincities_v2_nolock:1+robstride05 v16 (2):1+FL46BLW10-48V-5N.m-DE(2)^FL46BLW10-48V-5N.m-DE (2):1,,,-0.023,-65.016,62.886,429345.3,218964.1,231152.7,-53.1,203608.7,43.7
1_1_02_EB461-502^FL46BLW10-48V-5N.m-DE(2)_FL46BLW10-48V-5N.m-DE (2),1_1_02_EB461-502_FL46BLW10-48V-5N.m-DE_2__FL46BLW10-48V-5N.m-DE_2,part,1,1,0,Aluminum A356 T6,10.0,46.0,46.0,9.0,False,,body_LATEST:1+twincities_v2_nolock:1+robstride05 v16 (2):1+FL46BLW10-48V-5N.m-DE(2)^FL46BLW10-48V-5N.m-DE (2):1+1_1_02_EB461-502^FL46BLW10-48V-5N.m-DE(2)_FL46BLW10-48V-5N.m-DE (2):1,"255,255,255","Opaque(255,255,255)",-0.0,0.0,6.148,2579.9,2564.7,4262.4,3.2,-0.0,0.0
1_1_06_EB463-507^FL46BLW10-48V-5N.m-DE(2)_FL46BLW10-48V-5N.m-DE (2),1_1_06_EB463-507_FL46BLW10-48V-5N.m-DE_2__FL46BLW10-48V-5N.m-DE_2,part,1,1,0,Aluminum A356 T6,21.8,46.0,46.0,35.1,False,,body_LATEST:1+twincities_v2_nolock:1+robstride05 v16 (2):1+FL46BLW10-48V-5N.m-DE(2)^FL46BLW10-48V-5N.m-DE (2):1+1_1_06_EB463-507^FL46BLW10-48V-5N.m-DE(2)_FL46BLW10-48V-5N.m-DE (2):1,"255,255,255","Opaque(255,255,255)",0.397,-0.004,4.762,7829.1,7648.9,10271.0,-0.2,1.5,52.4
1_1_06_EB463-509^FL46BLW10-48V-5N.m-DE(2)_FL46BLW10-48V-5N.m-DE (2),1_1_06_EB463-509_FL46BLW10-48V-5N.m-DE_2__FL46BLW10-48V-5N.m-DE_2,part,1,1,0,Aluminum A356 T6,6.3,46.0,46.0,4.7,False,,body_LATEST:1+twincities_v2_nolock:1+robstride05 v16 (2):1+FL46BLW10-48V-5N.m-DE(2)^FL46BLW10-48V-5N.m-DE (2):1+1_1_06_EB463-509^FL46BLW10-48V-5N.m-DE(2)_FL46BLW10-48V-5N.m-DE (2):1,"255,255,255","Opaque(255,255,255)",0.14,0.01,1.113,1008.5,1018.3,1996.1,26.4,-0.2,-0.9
1_1_31_EB463-510^FL46BLW10-48V-5N.m-DE(2)_FL46BLW10-48V-5N.m-DE (2),1_1_31_EB463-510_FL46BLW10-48V-5N.m-DE_2__FL46BLW10-48V-5N.m-DE_2,part,1,1,0,Aluminum A356 T6,3.6,46.0,46.0,2.5,False,,body_LATEST:1+twincities_v2_nolock:1+robstride05 v16 (2):1+FL46BLW10-48V-5N.m-DE(2)^FL46BLW10-48V-5N.m-DE (2):1+1_1_31_EB463-510^FL46BLW10-48V-5N.m-DE(2)_FL46BLW10-48V-5N.m-DE (2):1,"255,255,255","Opaque(255,255,255)",-0.0,0.0,1.277,760.4,760.4,1505.8,-0.0,-0.0,0.0
1_2_05_000438^FL46BLW10-48V-5N.m-DE(2)_FL46BLW10-48V-5N.m-DE (2),1_2_05_000438_FL46BLW10-48V-5N.m-DE_2__FL46BLW10-48V-5N.m-DE_2,part,8,1,0,Steel,0.1,4.1,3.8,3.8,False,,body_LATEST:1+twincities_v2_nolock:1+robstride05 v16 (2):1+FL46BLW10-48V-5N.m-DE(2)^FL46BLW10-48V-5N.m-DE (2):1+1_2_05_000438^FL46BLW10-48V-5N.m-DE(2)_FL46BLW10-48V-5N.m-DE (2):1,"255,255,255","Opaque(255,255,255)",-0.488,0.001,0.0,0.1,0.2,0.2,-0.0,-0.0,-0.0
1_2_05_000555^FL46BLW10-48V-5N.m-DE(2)_FL46BLW10-48V-5N.m-DE (2),1_2_05_000555_FL46BLW10-48V-5N.m-DE_2__FL46BLW10-48V-5N.m-DE_2,part,8,1,0,Steel,0.1,6.1,3.8,3.8,False,,body_LATEST:1+twincities_v2_nolock:1+robstride05 v16 (2):1+FL46BLW10-48V-5N.m-DE(2)^FL46BLW10-48V-5N.m-DE (2):1+1_2_05_000555^FL46BLW10-48V-5N.m-DE(2)_FL46BLW10-48V-5N.m-DE (2):1,"255,255,255","Opaque(255,255,255)",-0.592,0.001,-0.0,0.1,0.6,0.6,-0.0,-0.0,-0.0
1_2_05_000608^FL46BLW10-48V-5N.m-DE(2)_FL46BLW10-48V-5N.m-DE (2),1_2_05_000608_FL46BLW10-48V-5N.m-DE_2__FL46BLW10-48V-5N.m-DE_2,part,4,1,0,Steel,0.4,10.2,4.7,4.7,False,,body_LATEST:1+twincities_v2_nolock:1+robstride05 v16 (2):1+FL46BLW10-48V-5N.m-DE(2)^FL46BLW10-48V-5N.m-DE (2):1+1_2_05_000608^FL46BLW10-48V-5N.m-DE(2)_FL46BLW10-48V-5N.m-DE (2):1,"255,255,255","Opaque(255,255,255)",-1.722,0.0,-0.0,0.4,4.9,4.9,-0.0,0.0,-0.0
1_2_05_020051^FL46BLW10-48V-5N.m-DE(2)_FL46BLW10-48V-5N.m-DE (2),1_2_05_020051_FL46BLW10-48V-5N.m-DE_2__FL46BLW10-48V-5N.m-DE_2,part,3,2,0,Steel,0.2,4.0,4.0,6.6,False,,body_LATEST:1+twincities_v2_nolock:1+robstride05 v16 (2):1+FL46BLW10-48V-5N.m-DE(2)^FL46BLW10-48V-5N.m-DE (2):1+1_2_05_020051^FL46BLW10-48V-5N.m-DE(2)_FL46BLW10-48V-5N.m-DE (2):1,"255,255,255","Opaque(255,255,255)",-0.0,0.0,-3.983,4.7,4.7,0.3,-0.0,0.0,-0.0
1_2_16_001425^FL46BLW10-48V-5N.m-DE(2)_FL46BLW10-48V-5N.m-DE (2),1_2_16_001425_FL46BLW10-48V-5N.m-DE_2__FL46BLW10-48V-5N.m-DE_2,part,1,1,0,FR4,3.9,40.7,40.6,6.8,False,,body_LATEST:1+twincities_v2_nolock:1+robstride05 v16 (2):1+FL46BLW10-48V-5N.m-DE(2)^FL46BLW10-48V-5N.m-DE (2):1+1_2_16_001425^FL46BLW10-48V-5N.m-DE(2)_FL46BLW10-48V-5N.m-DE (2):1,"255,255,255","Opaque(255,255,255)",19.711,29.194,-1.37,3736.4,1927.6,5631.1,-2162.8,179.1,81.4
schematics,schematics,mixed,1,1,2,Steel,0.0,125.0,125.0,200.0,False,,body_LATEST:1+twincities_v2_nolock:1+schematics:1,"160,160,160",Steel - Satin,0.0,0.0,0.0,0.0,0.0,0.0,0.0,0.0,0.0
robstride05_cross_section,robstride05_cross_section,empty,2,0,0,,0.0,0.0,0.0,0.0,False,,body_LATEST:1+twincities_v2_nolock:1+schematics:1+robstride05_cross_section:1,,,,,,,,,,,
dovetail_umi_gripper,dovetail_umi_gripper,mixed,2,1,20,rail,351.1,145.4,200.1,51.1,True,,dovetail_umi_gripper:1,"25,25,25",Plastic - Glossy (Black),19.478,9.565,-10.496,507062.7,589613.1,920377.4,-49019.5,2016.6,67922.3
CNC_arm13_x2_RS05_shaft_coupler,CNC_arm13_x2_RS05_shaft_coupler,part,2,1,0,Aluminum 6061,22.1,36.0,36.0,18.0,True,,dovetail_umi_gripper:1+CNC_arm13_x2_RS05_shaft_coupler:1,"245,245,246",Aluminum - Satin,0.0,-0.0,-130.999,381691.5,381991.0,5647.8,0.0,-0.1,0.0
FEETECH_HL_3915_Servo_Motor,FEETECH_HL_3915_Servo_Motor,subassembly,2,0,1,,37.0,20.0,34.0,28.7,True,,dovetail_umi_gripper:1+FEETECH_HL_3915_Servo_Motor:1,,,-0.008,-6.046,-5.562,8971.0,5155.0,6838.1,-4.5,-1308.4,-7.0
HL-3608_ASM_121_ASM,HL-3608_ASM_121_ASM,subassembly,2,0,10,,37.0,20.0,34.0,28.7,False,,dovetail_umi_gripper:1+FEETECH_HL_3915_Servo_Motor:1+HL-3608_ASM_121_ASM:1,,,-0.008,-6.046,-5.562,8971.0,5155.0,6838.1,-4.5,-1308.4,-7.0
1215BLUSHMOTORASSEMBLY_ASM_18_ASM,1215BLUSHMOTORASSEMBLY_ASM_18_ASM,subassembly,2,0,2,,0.6,16.9,5.8,5.6,False,,dovetail_umi_gripper:1+FEETECH_HL_3915_Servo_Motor:1+HL-3608_ASM_121_ASM:1+1215BLUSHMOTORASSEMBLY_ASM_18_ASM:1,,,171.141,159.355,-16.198,15354.2,17704.6,32743.1,-16318.3,1544.5,1658.7
125-3PINSEAT_1_ASM,125-3PINSEAT_1_ASM,subassembly,4,0,4,,0.3,5.6,4.7,5.8,False,,dovetail_umi_gripper:1+FEETECH_HL_3915_Servo_Motor:1+HL-3608_ASM_121_ASM:1+1215BLUSHMOTORASSEMBLY_ASM_18_ASM:1+125-3PINSEAT_1_ASM:1,,,0.098,2.128,-0.0,2.8,1.4,2.2,-0.0,0.0,0.0
MANIFOLD_SOLID_BREP_102855,MANIFOLD_SOLID_BREP_102855,part,4,1,0,0.057g/mm3,0.3,3.3,4.7,5.8,False,,dovetail_umi_gripper:1+FEETECH_HL_3915_Servo_Motor:1+HL-3608_ASM_121_ASM:1+1215BLUSHMOTORASSEMBLY_ASM_18_ASM:1+125-3PINSEAT_1_ASM:1+MANIFOLD_SOLID_BREP_102855:1,"160,160,160",Steel - Satin,0.014,2.191,-0.0,2.8,1.3,2.2,-0.0,0.0,0.0
MANIFOLD_SOLID_BREP_102995,MANIFOLD_SOLID_BREP_102995,part,4,1,0,0.057g/mm3,0.0,3.3,0.5,0.5,False,,dovetail_umi_gripper:1+FEETECH_HL_3915_Servo_Motor:1+HL-3608_ASM_121_ASM:1+1215BLUSHMOTORASSEMBLY_ASM_18_ASM:1+125-3PINSEAT_1_ASM:1+MANIFOLD_SOLID_BREP_102995:1,"160,160,160",Steel - Satin,2.291,0.5,-0.0,0.0,0.0,0.0,-0.0,0.0,0.0
MANIFOLD_SOLID_BREP_103135,MANIFOLD_SOLID_BREP_103135,part,4,1,0,0.057g/mm3,0.0,3.3,0.5,0.5,False,,dovetail_umi_gripper:1+FEETECH_HL_3915_Servo_Motor:1+HL-3608_ASM_121_ASM:1+1215BLUSHMOTORASSEMBLY_ASM_18_ASM:1+125-3PINSEAT_1_ASM:1+MANIFOLD_SOLID_BREP_103135:1,"160,160,160",Steel - Satin,2.291,0.5,-1.25,0.0,0.0,0.0,-0.0,0.0,0.0
MANIFOLD_SOLID_BREP_103275,MANIFOLD_SOLID_BREP_103275,part,4,1,0,0.057g/mm3,0.0,3.3,0.5,0.5,False,,dovetail_umi_gripper:1+FEETECH_HL_3915_Servo_Motor:1+HL-3608_ASM_121_ASM:1+1215BLUSHMOTORASSEMBLY_ASM_18_ASM:1+125-3PINSEAT_1_ASM:1+MANIFOLD_SOLID_BREP_103275:1,"160,160,160",Steel - Satin,2.291,0.5,1.25,0.0,0.0,0.0,-0.0,-0.0,-0.0
DC15_A01_DUMMY_ASSY_IDLE_ASM_9__ASM,DC15_A01_DUMMY_ASSY_IDLE_ASM_9__ASM,subassembly,2,0,7,,28.3,20.0,34.0,25.8,False,,dovetail_umi_gripper:1+FEETECH_HL_3915_Servo_Motor:1+HL-3608_ASM_121_ASM:1+DC15_A01_DUMMY_ASSY_IDLE_ASM_9__ASM:1,,,-0.01,-7.663,-5.991,8095.2,4276.3,6532.8,-4.5,-1218.1,-7.0
PHS_1_7X20_5_DC10_3_3,PHS_1_7X20_5_DC10_3_3,part,8,1,0,0.057g/mm3,0.2,2.8,21.3,2.8,False,,dovetail_umi_gripper:1+FEETECH_HL_3915_Servo_Motor:1+HL-3608_ASM_121_ASM:1+DC15_A01_DUMMY_ASSY_IDLE_ASM_9__ASM:1+PHS_1_7X20_5_DC10_3_3:1,"160,160,160",Steel - Satin,-0.0,-8.762,-0.0,26.3,0.1,26.3,-0.0,0.0,-0.0
WJ-WK00-0412-TOPCABINET_74,WJ-WK00-0412-TOPCABINET_74,part,2,1,0,0.057g/mm3,11.9,20.0,34.0,4.2,False,,dovetail_umi_gripper:1+FEETECH_HL_3915_Servo_Motor:1+HL-3608_ASM_121_ASM:1+DC15_A01_DUMMY_ASSY_IDLE_ASM_9__ASM:1+WJ-WK00-0412-TOPCABINET_74:1,"160,160,160",Steel - Satin,0.031,-8.029,1.734,1949.1,454.0,2307.9,5.3,165.5,-0.9
WJ-WK00-0413-MIDDLECASE_80,WJ-WK00-0413-MIDDLECASE_80,part,2,1,0,0.057g/mm3,9.0,20.0,34.0,15.0,False,,dovetail_umi_gripper:1+FEETECH_HL_3915_Servo_Motor:1+HL-3608_ASM_121_ASM:1+DC15_A01_DUMMY_ASSY_IDLE_ASM_9__ASM:1+WJ-WK00-0413-MIDDLECASE_80:1,"255,0,0","Opaque(255,0,0)",0.032,-7.5,-7.361,2565.5,1245.4,2506.6,3.8,-494.9,2.1
WJ-WK00-414-BOTTOMCASE_48,WJ-WK00-414-BOTTOMCASE_48,part,2,1,0,0.057g/mm3,6.6,20.0,34.0,7.7,False,,dovetail_umi_gripper:1+FEETECH_HL_3915_Servo_Motor:1+HL-3608_ASM_121_ASM:1+DC15_A01_DUMMY_ASSY_IDLE_ASM_9__ASM:1+WJ-WK00-414-BOTTOMCASE_48:1,"160,160,160",Steel - Satin,-0.028,-7.138,1.497,1185.5,334.9,1462.5,-2.6,73.8,0.4
M2-10-6_2,M2-10-6_2,part,4,1,0,0.057g/mm3,0.2,3.2,7.0,3.2,False,,dovetail_umi_gripper:1+FEETECH_HL_3915_Servo_Motor:1+HL-3608_ASM_121_ASM:1+M2-10-6_2:1,"160,160,160",Steel - Satin,-0.0,1.114,0.0,1.0,0.2,1.0,0.0,0.0,-0.0
M2-4LOUSI_1,M2-4LOUSI_1,part,4,1,0,0.057g/mm3,0.1,3.5,5.6,3.5,False,,dovetail_umi_gripper:1+FEETECH_HL_3915_Servo_Motor:1+HL-3608_ASM_121_ASM:1+M2-4LOUSI_1:1,"160,160,160",Steel - Satin,0.0,-0.655,-0.001,0.4,0.1,0.4,0.0,-0.0,0.0
MF85ZZ_1,MF85ZZ_1,part,2,1,0,0.057g/mm3,0.5,9.2,2.5,9.2,False,,dovetail_umi_gripper:1+FEETECH_HL_3915_Servo_Motor:1+HL-3608_ASM_121_ASM:1+MF85ZZ_1:1,"160,160,160",Steel - Satin,-0.0,0.512,0.0,3.3,5.8,3.3,-0.0,-0.0,0.0
OUTGEAR_ASM_11_ASM,OUTGEAR_ASM_11_ASM,subassembly,2,0,1,,3.1,16.3,16.3,12.1,False,,dovetail_umi_gripper:1+FEETECH_HL_3915_Servo_Motor:1+HL-3608_ASM_121_ASM:1+OUTGEAR_ASM_11_ASM:1,,,0.0,0.0,-3.398,97.5,97.5,80.7,0.0,-0.0,0.0
OUTPUTGEAR_40,OUTPUTGEAR_40,part,2,1,0,0.057g/mm3,3.1,16.3,16.3,12.1,False,,dovetail_umi_gripper:1+FEETECH_HL_3915_Servo_Motor:1+HL-3608_ASM_121_ASM:1+OUTGEAR_ASM_11_ASM:1+OUTPUTGEAR_40:1,"160,160,160",Steel - Satin,0.0,0.0,-3.398,97.5,97.5,80.7,0.0,-0.0,0.0
PCBA_1,PCBA_1,part,2,1,0,0.057g/mm3,1.3,13.0,16.2,2.7,False,,dovetail_umi_gripper:1+FEETECH_HL_3915_Servo_Motor:1+HL-3608_ASM_121_ASM:1+PCBA_1:1,"160,160,160",Steel - Satin,0.994,0.0,0.707,22.2,16.8,36.9,0.0,0.0,-0.6
WJ-BB00-0235_HORN_22,WJ-BB00-0235_HORN_22,part,2,1,0,0.057g/mm3,2.6,16.0,4.0,16.0,False,,dovetail_umi_gripper:1+FEETECH_HL_3915_Servo_Motor:1+HL-3608_ASM_121_ASM:1+WJ-BB00-0235_HORN_22:1,"160,160,160",Steel - Satin,-0.0,1.524,0.0,49.7,83.4,49.7,0.0,0.0,0.0
apriltag,apriltag,part,16,1,0,"Plastic, Opaque White",0.8,20.0,20.0,2.0,False,,dovetail_umi_gripper:1+apriltag:1,"199,145,29","Opaque(199,145,29)",143.0,-90.0,-25.999,6695.3,16080.6,21747.9,9781.2,-1778.4,2825.6
base,base,mixed,2,1,1,rail,76.7,48.8,129.0,48.0,False,,dovetail_umi_gripper:1+base:1,"25,25,25",Plastic - Glossy (Black),0.129,6.427,-8.983,127277.3,34584.8,126228.9,-1039.4,4406.8,675.1
apriltag_holder,apriltag_holder,part,4,1,0,rail,3.3,35.0,49.0,3.0,False,,dovetail_umi_gripper:1+base:1+apriltag_holder:1,"25,25,25",Plastic - Glossy (Black),-6.959,6.0,13.741,1428.2,1185.4,1376.0,136.3,-269.1,314.4
buck_converter_48_to_12,buck_converter_48_to_12,part,2,1,0,Steel,11.0,43.0,20.5,8.0,True,,dovetail_umi_gripper:1+buck_converter_48_to_12:1,"160,160,160",Steel - Satin,-2.903,0.686,2.2,418.7,1623.5,1836.8,81.8,-37.7,159.7
custom_umi_gripper v6,custom_umi_gripper,part,4,1,0,rail,30.2,25.8,84.3,40.0,False,,dovetail_umi_gripper:1+custom_umi_gripper v6:1,"25,25,25",Plastic - Glossy (Black),18.188,82.701,17.0,234140.8,23625.0,233501.3,-43848.1,-42510.4,-9349.3
double_helix_pinion_16teeth_6mm,double_helix_pinion_16teeth_6mm,subassembly,2,0,1,,1.3,18.0,18.0,9.5,True,,dovetail_umi_gripper:1+double_helix_pinion_16teeth_6mm:1,,,0.0,-0.0,2.421,35.1,35.1,43.6,0.0,0.0,-0.0
Component9,Component9,part,2,1,0,Nylon 12 (with Formlabs Fuse 1 3D Printer),1.3,18.0,18.0,9.5,False,,dovetail_umi_gripper:1+double_helix_pinion_16teeth_6mm:1+Component9:1,"63,63,63",Nylon 12 (with Formlabs Fuse 1 3D Printer),0.0,-0.0,2.421,35.1,35.1,43.6,0.0,0.0,-0.0
double_helix_rack_30teeth_6mm v2,double_helix_rack_30teeth_6mm,subassembly,2,0,1,,0.0,0.0,0.0,0.0,False,,dovetail_umi_gripper:1+double_helix_rack_30teeth_6mm v2:1,,,0.0,0.0,0.0,0.0,0.0,0.0,0.0,0.0,0.0
Component115,Component115,empty,2,0,0,,0.0,0.0,0.0,0.0,False,,dovetail_umi_gripper:1+double_helix_rack_30teeth_6mm v2:1+Component115:1,,,,,,,,,,,
rail,rail,part,4,1,0,rail,44.9,67.7,129.0,40.0,False,,dovetail_umi_gripper:1+rail:1,"25,25,25",Plastic - Glossy (Black),26.146,-15.373,0.721,87111.5,47097.5,123876.7,31872.9,-7809.9,3388.3
wareshare_st_servo_controller v7,wareshare_st_servo_controller,subassembly,2,0,38,,41.9,42.1,58.9,14.6,False,,dovetail_umi_gripper:1+wareshare_st_servo_controller v7:1,,,19.24,13.451,1.251,13117.8,20990.1,33267.6,-11108.7,-311.8,-688.0
Board,Board,part,2,1,0,servo_board,21.4,42.0,33.0,1.6,False,,dovetail_umi_gripper:1+wareshare_st_servo_controller v7:1+Board:1,"0,128,0","Opaque(0,128,0)",20.987,16.509,0.8,7737.9,12516.0,20217.4,-7410.3,-282.6,-359.2
C10,C10,subassembly,2,0,1,,0.0,0.9,1.6,0.9,False,,dovetail_umi_gripper:1+wareshare_st_servo_controller v7:1+C10:1,,,9.345,19.115,0.425,3.8,0.9,4.7,-1.9,-0.1,-0.0
C1,C1,subassembly,2,0,1,,0.0,0.8,1.6,0.3,False,,dovetail_umi_gripper:1+wareshare_st_servo_controller v7:1+C1:1,,,25.55,12.25,0.15,0.6,2.5,3.1,-1.2,-0.0,-0.0
User_Library-0603_SMD_Capacitor,User_Library-0603_SMD_Capacitor,part,14,1,0,servo_board,0.0,1.6,0.3,0.8,False,,dovetail_umi_gripper:1+wareshare_st_servo_controller v7:1+C1:1+User_Library-0603_SMD_Capacitor:1,"192,192,192","Opaque(192,192,192)",0.0,0.15,-0.0,0.0,0.0,0.0,-0.0,0.0,-0.0
C2,C2,subassembly,2,0,1,,0.0,1.6,0.8,0.3,False,,dovetail_umi_gripper:1+wareshare_st_servo_controller v7:1+C2:1,,,26.45,17.45,0.15,1.2,2.7,3.8,-1.8,-0.0,-0.0
C3,C3,subassembly,2,0,1,,0.0,1.6,0.8,0.3,False,,dovetail_umi_gripper:1+wareshare_st_servo_controller v7:1+C3:1,,,18.39,19.745,0.15,1.5,1.3,2.8,-1.4,-0.0,-0.0
C4,C4,subassembly,2,0,1,,0.0,0.8,1.6,0.3,False,,dovetail_umi_gripper:1+wareshare_st_servo_controller v7:1+C4:1,,,17.39,23.195,0.15,2.1,1.2,3.2,-1.5,-0.0,-0.0
C5,C5,subassembly,2,0,1,,0.0,0.8,1.6,0.3,False,,dovetail_umi_gripper:1+wareshare_st_servo_controller v7:1+C5:1,,,31.9,12.25,0.15,0.6,3.9,4.5,-1.5,-0.0,-0.0
C6,C6,subassembly,2,0,1,,0.0,1.6,0.8,0.3,False,,dovetail_umi_gripper:1+wareshare_st_servo_controller v7:1+C6:1,,,28.85,9.0,0.15,0.3,3.2,3.5,-1.0,-0.0,-0.0
C7,C7,subassembly,2,0,1,,0.0,0.9,1.6,0.9,False,,dovetail_umi_gripper:1+wareshare_st_servo_controller v7:1+C7:1,,,37.818,12.25,0.425,1.6,14.9,16.4,-4.8,-0.1,-0.2
C_0603,C_0603,subassembly,6,0,1,,0.0,1.6,0.9,0.9,False,,dovetail_umi_gripper:1+wareshare_st_servo_controller v7:1+C7:1+C_0603:1,,,-0.0,-0.0,0.4,0.0,0.0,0.0,0.0,0.0,-0.0
C_0603-7177_AF0_ASM,C_0603-7177_AF0_ASM,subassembly,6,0,1,,0.0,1.6,0.9,0.9,False,,dovetail_umi_gripper:1+wareshare_st_servo_controller v7:1+C7:1+C_0603:1+C_0603-7177_AF0_ASM:1,,,-0.0,-0.0,0.4,0.0,0.0,0.0,0.0,0.0,-0.0
C_0603-683_AF0_ASM,C_0603-683_AF0_ASM,subassembly,6,0,3,,0.0,1.6,0.9,0.9,False,,dovetail_umi_gripper:1+wareshare_st_servo_controller v7:1+C7:1+C_0603:1+C_0603-7177_AF0_ASM:1+C_0603-683_AF0_ASM:1,,,-0.0,-0.0,0.4,0.0,0.0,0.0,0.0,0.0,-0.0
2_1_200,2_1_200,part,6,1,0,servo_board,0.0,0.3,0.8,0.8,False,,dovetail_umi_gripper:1+wareshare_st_servo_controller v7:1+C7:1+C_0603:1+C_0603-7177_AF0_ASM:1+C_0603-683_AF0_ASM:1+2_1_200:1,"255,255,255","Opaque(255,255,255)",-0.65,0.0,0.4,0.0,0.0,0.0,0.0,0.0,0.0
3_1_2_A,3_1_2_A,part,6,1,0,servo_board,0.0,0.3,0.8,0.8,False,,dovetail_umi_gripper:1+wareshare_st_servo_controller v7:1+C7:1+C_0603:1+C_0603-7177_AF0_ASM:1+C_0603-683_AF0_ASM:1+3_1_2_A:1,"255,255,255","Opaque(255,255,255)",0.65,-0.0,0.4,0.0,0.0,0.0,0.0,-0.0,-0.0
_1_1_20001,1_1_20001,part,6,1,0,servo_board,0.0,1.0,0.8,0.8,False,,dovetail_umi_gripper:1+wareshare_st_servo_controller v7:1+C7:1+C_0603:1+C_0603-7177_AF0_ASM:1+C_0603-683_AF0_ASM:1+_1_1_20001:1,"255,255,255","Opaque(255,255,255)",0.0,-0.0,0.4,0.0,0.0,0.0,-0.0,0.0,-0.0
C8,C8,subassembly,2,0,1,,0.0,0.8,1.6,0.3,False,,dovetail_umi_gripper:1+wareshare_st_servo_controller v7:1+C8:1,,,19.24,23.195,0.15,2.1,1.4,3.5,-1.7,-0.0,-0.0
C9,C9,subassembly,2,0,1,,0.0,0.9,1.6,0.9,False,,dovetail_umi_gripper:1+wareshare_st_servo_controller v7:1+C9:1,,,15.4,23.3,0.425,5.6,2.5,8.1,-3.7,-0.1,-0.1
D1,D1,subassembly,2,0,1,,0.0,1.3,2.7,1.1,False,,dovetail_umi_gripper:1+wareshare_st_servo_controller v7:1+D1:1,,,17.2,13.8,0.563,4.2,6.5,10.7,-5.2,-0.2,-0.2
D2,D2,subassembly,2,0,1,,0.0,1.3,2.7,1.1,False,,dovetail_umi_gripper:1+wareshare_st_servo_controller v7:1+D2:1,,,13.15,23.25,0.563,11.9,3.8,15.7,-6.7,-0.3,-0.2
SOD323,SOD323,part,8,1,0,servo_board,0.0,2.7,1.3,1.1,False,,dovetail_umi_gripper:1+wareshare_st_servo_controller v7:1+D2:1+SOD323:1,"191,191,191","Opaque(191,191,191)",0.0,0.0,0.563,0.0,0.0,0.0,0.0,-0.0,-0.0
D3,D3,subassembly,2,0,1,,0.0,2.7,1.3,1.1,False,,dovetail_umi_gripper:1+wareshare_st_servo_controller v7:1+D3:1,,,18.35,17.5,0.563,6.8,7.4,14.2,-7.1,-0.2,-0.2
D4,D4,subassembly,2,0,1,,0.0,2.7,1.3,1.1,False,,dovetail_umi_gripper:1+wareshare_st_servo_controller v7:1+D4:1,,,22.65,17.5,0.563,6.8,11.3,18.0,-8.7,-0.2,-0.3
DC1,DC1,subassembly,2,0,1,,9.5,9.4,14.0,14.6,False,,dovetail_umi_gripper:1+wareshare_st_servo_controller v7:1+DC1:1,,,9.736,6.639,4.423,855.6,1246.1,1549.5,-616.0,-272.3,-408.6
dc-005-5a-20,dc-005-5a-20,part,2,1,0,servo_board,9.5,9.4,14.6,14.0,False,,dovetail_umi_gripper:1+wareshare_st_servo_controller v7:1+DC1:1+dc-005-5a-20:1,"191,189,187",Iron - Polished,0.027,-1.077,-7.145,746.8,713.8,168.9,1.5,-80.4,2.7
H1,H1,subassembly,2,0,1,,3.1,8.0,6.8,11.8,False,,dovetail_umi_gripper:1+wareshare_st_servo_controller v7:1+H1:1,,,20.85,3.114,4.077,109.8,1433.8,1404.6,-202.2,-37.9,-263.9
"User_Library-DG350-3,5-02P",User_Library-DG350-3_5-02P,part,2,5,0,servo_board,3.1,8.0,6.8,11.8,False,,"dovetail_umi_gripper:1+wareshare_st_servo_controller v7:1+H1:1+User_Library-DG350-3,5-02P:1","228,228,228","Opaque(228,228,228)",0.003,0.265,4.077,79.9,82.5,23.3,-0.4,-1.8,0.3
H2,H2,subassembly,2,0,6,,0.7,7.4,2.4,11.2,False,,dovetail_umi_gripper:1+wareshare_st_servo_controller v7:1+H2:1,,,33.113,31.416,2.356,655.8,729.6,1367.0,-681.4,-48.5,-51.1
840721632,840721632,subassembly,10,0,1,,0.1,4.9,2.3,1.1,False,,dovetail_umi_gripper:1+wareshare_st_servo_controller v7:1+H2:1+840721632:1,,,0.001,-0.021,0.55,0.1,0.3,0.3,-0.0,0.0,-0.0
Extruded (3),Extruded_3,part,10,1,0,servo_board,0.1,4.9,2.3,1.1,False,,dovetail_umi_gripper:1+wareshare_st_servo_controller v7:1+H2:1+840721632:1+Extruded (3):1,"50,53,67","Opaque(50,53,67)",0.001,-0.021,0.55,0.1,0.3,0.3,-0.0,0.0,-0.0
840721760,840721760,subassembly,18,0,1,,0.1,1.1,1.1,11.2,False,,dovetail_umi_gripper:1+wareshare_st_servo_controller v7:1+H2:1+840721760:1,,,-0.001,0.004,5.6,4.3,4.3,0.0,0.0,-0.0,0.0
Extruded (2),Extruded_2,part,18,1,0,servo_board,0.1,1.1,1.1,11.2,False,,dovetail_umi_gripper:1+wareshare_st_servo_controller v7:1+H2:1+840721760:1+Extruded (2):1,"201,201,201","Opaque(201,201,201)",-0.001,0.004,5.6,4.3,4.3,0.0,0.0,-0.0,0.0
H3,H3,subassembly,2,0,1,,1.5,10.0,4.7,9.4,False,,dovetail_umi_gripper:1+wareshare_st_servo_controller v7:1+H3:1,,,22.604,30.622,2.201,1390.8,773.8,2141.0,-1015.8,-98.9,-73.1
X2564WV-03-N0SN,X2564WV-03-N0SN,part,4,1,0,servo_board,1.5,10.0,9.4,4.7,False,,dovetail_umi_gripper:1+wareshare_st_servo_controller v7:1+H3:1+X2564WV-03-N0SN:1,"191,189,187",Iron - Polished,0.135,2.201,0.263,15.3,16.0,24.3,-0.6,-0.8,0.3
H4,H4,subassembly,2,0,9,,1.0,4.9,7.4,11.2,False,,dovetail_umi_gripper:1+wareshare_st_servo_controller v7:1+H4:1,,,35.65,18.406,2.356,351.1,1264.3,1587.7,-644.7,-42.6,-82.5
1653246912,1653246912,subassembly,2,0,1,,0.1,1.1,1.1,11.2,False,,dovetail_umi_gripper:1+wareshare_st_servo_controller v7:1+H4:1+1653246912:1,,,-0.001,0.004,5.6,4.3,4.3,0.0,0.0,-0.0,0.0
Extruded (4),Extruded_4,part,2,1,0,servo_board,0.1,1.1,1.1,11.2,False,,dovetail_umi_gripper:1+wareshare_st_servo_controller v7:1+H4:1+1653246912:1+Extruded (4):1,"200,200,200","Opaque(200,200,200)",-0.001,0.004,5.6,4.3,4.3,0.0,0.0,-0.0,0.0
H5,H5,subassembly,2,0,1,,1.5,10.0,4.7,9.4,False,,dovetail_umi_gripper:1+wareshare_st_servo_controller v7:1+H5:1,,,10.67,30.622,2.201,1390.8,191.3,1558.5,-479.6,-98.9,-34.6
LED1,LED1,subassembly,2,0,1,,0.0,0.8,1.6,0.6,False,,dovetail_umi_gripper:1+wareshare_st_servo_controller v7:1+LED1:1,,,39.85,9.516,0.275,0.4,7.0,7.4,-1.7,-0.0,-0.0
User_Library-LED_0603_R,User_Library-LED_0603_R,subassembly,2,0,5,,0.0,1.6,0.8,0.6,False,,dovetail_umi_gripper:1+wareshare_st_servo_controller v7:1+LED1:1+User_Library-LED_0603_R:1,,,0.067,-0.0,0.275,0.0,0.0,0.0,-0.0,0.0,-0.0
User_Library-LED_0603_R_Fillet,User_Library-LED_0603_R_Fillet,part,2,1,0,servo_board,0.0,1.0,0.7,0.4,False,,dovetail_umi_gripper:1+wareshare_st_servo_controller v7:1+LED1:1+User_Library-LED_0603_R:1+User_Library-LED_0603_R_Fillet:1,"216,0,0","Opaque(216,0,0)",0.0,-0.0,0.394,0.0,0.0,0.0,-0.0,0.0,-0.0
User_Library-LED_0603_R_Pad004,User_Library-LED_0603_R_Pad004,part,2,1,0,servo_board,0.0,0.4,0.8,0.0,False,,dovetail_umi_gripper:1+wareshare_st_servo_controller v7:1+LED1:1+User_Library-LED_0603_R:1+User_Library-LED_0603_R_Pad004:1,"0,170,0","Opaque(0,170,0)",0.0,0.0,0.0,0.0,0.0,0.0,0.0,0.0,0.0
User_Library-LED_0603_R_Pad,User_Library-LED_0603_R_Pad,part,2,1,0,servo_board,0.0,0.8,0.8,0.2,False,,dovetail_umi_gripper:1+wareshare_st_servo_controller v7:1+LED1:1+User_Library-LED_0603_R:1+User_Library-LED_0603_R_Pad:1,"204,204,204","Opaque(204,204,204)",0.0,0.0,0.1,0.0,0.0,0.0,0.0,0.0,0.0
User_Library-LED_0603_R_Pocket001,User_Library-LED_0603_R_Pocket001,part,2,1,0,servo_board,0.0,0.4,0.8,0.2,False,,dovetail_umi_gripper:1+wareshare_st_servo_controller v7:1+LED1:1+User_Library-LED_0603_R:1+User_Library-LED_0603_R_Pocket001:1,"199,145,29","Opaque(199,145,29)",0.572,0.0,0.1,0.0,0.0,0.0,0.0,0.0,-0.0
User_Library-LED_0603_R_Pocket002,User_Library-LED_0603_R_Pocket002,part,2,1,0,servo_board,0.0,0.4,0.8,0.2,False,,dovetail_umi_gripper:1+wareshare_st_servo_controller v7:1+LED1:1+User_Library-LED_0603_R:1+User_Library-LED_0603_R_Pocket002:1,"191,189,187",Iron - Polished,0.0,0.0,0.0,0.0,0.0,0.0,0.0,0.0,0.0
M1,M1,subassembly,2,0,1,,0.3,5.0,6.1,1.6,False,,dovetail_umi_gripper:1+wareshare_st_servo_controller v7:1+M1:1,,,21.019,12.144,0.824,41.9,124.5,166.0,-71.5,-2.8,-4.9
User_Library-sop-8,User_Library-sop-8,part,2,1,0,servo_board,0.3,5.0,6.1,1.6,False,,dovetail_umi_gripper:1+wareshare_st_servo_controller v7:1+M1:1+User_Library-sop-8:1,"51,51,51","Opaque(51,51,51)",0.003,0.002,0.824,0.6,0.8,0.9,0.0,-0.0,-0.0
Q1,Q1,subassembly,2,0,1,,0.1,3.0,3.0,1.3,False,,dovetail_umi_gripper:1+wareshare_st_servo_controller v7:1+Q1:1,,,6.712,23.415,0.635,35.2,2.9,38.1,-10.1,-1.0,-0.3
SOT-23,SOT-23,part,2,1,0,servo_board,0.1,3.0,1.3,3.0,False,,dovetail_umi_gripper:1+wareshare_st_servo_controller v7:1+Q1:1+SOT-23:1,"192,192,192","Opaque(192,192,192)",-0.0,0.635,-0.017,0.1,0.1,0.1,0.0,0.0,0.0
R1,R1,subassembly,2,0,1,,0.0,0.8,1.6,0.4,False,,dovetail_umi_gripper:1+wareshare_st_servo_controller v7:1+R1:1,,,17.2,10.25,0.199,0.5,1.5,2.0,-0.9,-0.0,-0.0
R2,R2,subassembly,2,0,1,,0.0,0.8,1.6,0.4,False,,dovetail_umi_gripper:1+wareshare_st_servo_controller v7:1+R2:1,,,35.817,12.25,0.199,0.8,6.5,7.3,-2.2,-0.0,-0.0
R0603,R0603,subassembly,18,0,1,,0.0,1.6,0.8,0.4,False,,dovetail_umi_gripper:1+wareshare_st_servo_controller v7:1+R2:1+R0603:1,,,0.0,-0.0,0.199,0.0,0.0,0.0,-0.0,-0.0,-0.0
R_0603-3615_AF0_ASM,R_0603-3615_AF0_ASM,subassembly,18,0,1,,0.0,1.6,0.8,0.4,False,,dovetail_umi_gripper:1+wareshare_st_servo_controller v7:1+R2:1+R0603:1+R_0603-3615_AF0_ASM:1,,,0.0,-0.0,0.199,0.0,0.0,0.0,-0.0,-0.0,-0.0
R_0603-3601_AF0_ASM,R_0603-3601_AF0_ASM,subassembly,18,0,3,,0.0,1.6,0.8,0.4,False,,dovetail_umi_gripper:1+wareshare_st_servo_controller v7:1+R2:1+R0603:1+R_0603-3615_AF0_ASM:1+R_0603-3601_AF0_ASM:1,,,0.0,-0.0,0.199,0.0,0.0,0.0,-0.0,-0.0,-0.0
5_1_2_3_400,5_1_2_3_400,part,18,1,0,servo_board,0.0,0.3,0.8,0.4,False,,dovetail_umi_gripper:1+wareshare_st_servo_controller v7:1+R2:1+R0603:1+R_0603-3615_AF0_ASM:1+R_0603-3601_AF0_ASM:1+5_1_2_3_400:1,"255,255,255","Opaque(255,255,255)",0.715,-0.0,0.194,0.0,0.0,0.0,-0.0,0.0,-0.0
_2_1_2_3_4_AF0,2_1_2_3_4_AF0,part,18,1,0,servo_board,0.0,0.3,0.8,0.4,False,,dovetail_umi_gripper:1+wareshare_st_servo_controller v7:1+R2:1+R0603:1+R_0603-3615_AF0_ASM:1+R_0603-3601_AF0_ASM:1+_2_1_2_3_4_AF0:1,"255,255,255","Opaque(255,255,255)",-0.715,-0.0,0.196,0.0,0.0,0.0,-0.0,0.0,0.0
_7_1_2_AF0,7_1_2_AF0,part,18,1,0,servo_board,0.0,1.5,0.8,0.4,False,,dovetail_umi_gripper:1+wareshare_st_servo_controller v7:1+R2:1+R0603:1+R_0603-3615_AF0_ASM:1+R_0603-3601_AF0_ASM:1+_7_1_2_AF0:1,"255,255,255","Opaque(255,255,255)",0.0,0.0,0.2,0.0,0.0,0.0,-0.0,-0.0,-0.0
R3,R3,subassembly,2,0,1,,0.0,0.8,1.6,0.4,False,,dovetail_umi_gripper:1+wareshare_st_servo_controller v7:1+R3:1,,,33.8,12.25,0.199,0.8,5.8,6.6,-2.1,-0.0,-0.0
R4,R4,subassembly,2,0,1,,0.0,1.6,0.8,0.4,False,,dovetail_umi_gripper:1+wareshare_st_servo_controller v7:1+R4:1,,,10.35,24.15,0.199,3.0,0.5,3.5,-1.3,-0.0,-0.0
R5,R5,subassembly,2,0,1,,0.0,0.8,1.6,0.4,False,,dovetail_umi_gripper:1+wareshare_st_servo_controller v7:1+R5:1,,,15.395,20.065,0.199,2.1,1.2,3.3,-1.6,-0.0,-0.0
R6,R6,subassembly,2,0,1,,0.0,1.6,0.8,0.4,False,,dovetail_umi_gripper:1+wareshare_st_servo_controller v7:1+R6:1,,,10.35,22.65,0.199,2.6,0.5,3.2,-1.2,-0.0,-0.0
R7,R7,subassembly,2,0,1,,0.0,0.8,1.6,0.4,False,,dovetail_umi_gripper:1+wareshare_st_servo_controller v7:1+R7:1,,,3.545,23.415,0.199,2.8,0.1,2.9,-0.4,-0.0,-0.0
R8,R8,subassembly,2,0,1,,0.0,0.8,1.6,0.4,False,,dovetail_umi_gripper:1+wareshare_st_servo_controller v7:1+R8:1,,,7.845,19.115,0.199,1.9,0.3,2.2,-0.8,-0.0,-0.0
R9,R9,subassembly,2,0,1,,0.0,0.8,1.6,0.4,False,,dovetail_umi_gripper:1+wareshare_st_servo_controller v7:1+R9:1,,,39.85,12.25,0.199,0.8,8.1,8.9,-2.5,-0.0,-0.0
Type_C1,Type_C1,subassembly,2,0,1,,2.2,9.6,32.7,4.2,False,,dovetail_umi_gripper:1+wareshare_st_servo_controller v7:1+Type_C1:1,,,32.109,-4.435,1.66,274.3,2324.6,2580.9,317.6,16.8,-118.8
698b116-264-211,698b116-264-211,subassembly,2,0,22,,2.2,9.6,4.2,32.7,False,,dovetail_umi_gripper:1+wareshare_st_servo_controller v7:1+Type_C1:1+698b116-264-211:1,,,16.036,13.16,-0.703,611.6,812.5,979.0,-470.6,20.3,25.1
SOLID (1),SOLID_1,part,2,1,0,servo_board,0.0,0.3,1.5,0.9,False,,dovetail_umi_gripper:1+wareshare_st_servo_controller v7:1+Type_C1:1+698b116-264-211:1+SOLID (1):1,"191,189,187",Iron - Polished,13.773,12.058,-11.442,0.2,0.2,0.2,-0.1,0.1,0.1
SOLID (10),SOLID_10,part,2,1,0,servo_board,0.0,0.3,0.3,5.7,False,,dovetail_umi_gripper:1+wareshare_st_servo_controller v7:1+Type_C1:1+698b116-264-211:1+SOLID (10):1,"191,189,187",Iron - Polished,15.787,12.884,-8.3,0.4,0.6,0.7,-0.4,0.2,0.2
SOLID (11),SOLID_11,part,2,1,0,servo_board,0.0,0.9,1.6,7.2,False,,dovetail_umi_gripper:1+wareshare_st_servo_controller v7:1+Type_C1:1+698b116-264-211:1+SOLID (11):1,"191,189,187",Iron - Polished,18.907,12.747,-8.896,0.9,1.6,1.9,-0.9,0.4,0.6
SOLID (12),SOLID_12,part,2,1,0,servo_board,0.0,0.4,2.0,6.8,False,,dovetail_umi_gripper:1+wareshare_st_servo_controller v7:1+Type_C1:1+698b116-264-211:1+SOLID (12):1,"191,189,187",Iron - Polished,17.302,13.18,-8.977,0.7,1.1,1.3,-0.6,0.3,0.4
SOLID (13),SOLID_13,part,2,1,0,servo_board,0.0,0.4,0.3,5.9,False,,dovetail_umi_gripper:1+wareshare_st_servo_controller v7:1+Type_C1:1+698b116-264-211:1+SOLID (13):1,"191,189,187",Iron - Polished,17.306,12.883,-8.148,0.5,0.8,1.0,-0.5,0.2,0.3
SOLID (14),SOLID_14,part,2,1,0,servo_board,0.0,0.4,2.0,6.8,False,,dovetail_umi_gripper:1+wareshare_st_servo_controller v7:1+Type_C1:1+698b116-264-211:1+SOLID (14):1,"191,189,187",Iron - Polished,14.787,13.204,-8.925,0.8,0.9,1.2,-0.6,0.4,0.4
SOLID (15),SOLID_15,part,2,1,0,servo_board,0.0,0.4,0.3,5.9,False,,dovetail_umi_gripper:1+wareshare_st_servo_controller v7:1+Type_C1:1+698b116-264-211:1+SOLID (15):1,"191,189,187",Iron - Polished,14.787,12.882,-8.175,0.6,0.7,0.9,-0.5,0.3,0.3
SOLID (16),SOLID_16,part,2,1,0,servo_board,0.0,0.9,1.6,7.2,False,,dovetail_umi_gripper:1+wareshare_st_servo_controller v7:1+Type_C1:1+698b116-264-211:1+SOLID (16):1,"191,189,187",Iron - Polished,13.165,12.745,-8.906,0.9,1.0,1.3,-0.6,0.4,0.4
SOLID (17),SOLID_17,part,2,1,0,servo_board,0.0,0.3,0.3,4.2,False,,dovetail_umi_gripper:1+wareshare_st_servo_controller v7:1+Type_C1:1+698b116-264-211:1+SOLID (17):1,"191,189,187",Iron - Polished,15.287,13.453,-7.552,0.3,0.4,0.5,-0.3,0.1,0.1
SOLID (18),SOLID_18,part,2,1,0,servo_board,0.0,0.3,0.3,4.2,False,,dovetail_umi_gripper:1+wareshare_st_servo_controller v7:1+Type_C1:1+698b116-264-211:1+SOLID (18):1,"191,189,187",Iron - Polished,16.787,13.453,-7.552,0.3,0.4,0.6,-0.3,0.1,0.2
SOLID (19),SOLID_19,part,2,1,0,servo_board,0.0,1.1,2.0,7.2,False,,dovetail_umi_gripper:1+wareshare_st_servo_controller v7:1+Type_C1:1+698b116-264-211:1+SOLID (19):1,"191,189,187",Iron - Polished,18.933,13.077,-9.516,1.3,2.3,2.7,-1.2,0.6,0.9
SOLID (2),SOLID_2,part,2,1,0,servo_board,0.0,0.3,1.5,0.9,False,,dovetail_umi_gripper:1+wareshare_st_servo_controller v7:1+Type_C1:1+698b116-264-211:1+SOLID (2):1,"191,189,187",Iron - Polished,18.301,12.058,-11.442,0.2,0.3,0.3,-0.1,0.1,0.1
SOLID (20),SOLID_20,part,2,1,0,servo_board,0.0,1.1,2.0,7.2,False,,dovetail_umi_gripper:1+wareshare_st_servo_controller v7:1+Type_C1:1+698b116-264-211:1+SOLID (20):1,"191,189,187",Iron - Polished,13.143,13.081,-9.501,1.3,1.3,1.7,-0.9,0.6,0.6
SOLID (21),SOLID_21,part,2,1,0,servo_board,1.5,9.6,4.2,32.6,False,,dovetail_umi_gripper:1+wareshare_st_servo_controller v7:1+Type_C1:1+698b116-264-211:1+SOLID (21):1,"191,189,187",Iron - Polished,16.037,13.205,3.213,429.6,566.8,675.3,-323.7,-64.2,-78.7
SOLID (3),SOLID_3,part,2,1,0,servo_board,0.0,0.3,1.5,0.9,False,,dovetail_umi_gripper:1+wareshare_st_servo_controller v7:1+Type_C1:1+698b116-264-211:1+SOLID (3):1,"191,189,187",Iron - Polished,14.287,12.084,-11.435,0.2,0.2,0.2,-0.1,0.1,0.1
SOLID (4),SOLID_4,part,2,1,0,servo_board,0.0,0.3,1.5,0.9,False,,dovetail_umi_gripper:1+wareshare_st_servo_controller v7:1+Type_C1:1+698b116-264-211:1+SOLID (4):1,"191,189,187",Iron - Polished,17.787,12.084,-11.435,0.2,0.2,0.3,-0.1,0.1,0.1
SOLID (5),SOLID_5,part,2,1,0,servo_board,0.0,0.3,2.0,6.6,False,,dovetail_umi_gripper:1+wareshare_st_servo_controller v7:1+Type_C1:1+698b116-264-211:1+SOLID (5):1,"191,189,187",Iron - Polished,15.787,13.133,-9.221,0.6,0.8,1.0,-0.5,0.3,0.4
SOLID (6),SOLID_6,part,2,1,0,servo_board,0.0,0.3,2.0,6.6,False,,dovetail_umi_gripper:1+wareshare_st_servo_controller v7:1+Type_C1:1+698b116-264-211:1+SOLID (6):1,"191,189,187",Iron - Polished,16.287,13.132,-9.223,0.6,0.9,1.1,-0.5,0.3,0.4
SOLID (7),SOLID_7,part,2,1,0,servo_board,0.0,0.3,1.6,6.6,False,,dovetail_umi_gripper:1+wareshare_st_servo_controller v7:1+Type_C1:1+698b116-264-211:1+SOLID (7):1,"191,189,187",Iron - Polished,15.287,12.691,-9.058,0.6,0.7,0.9,-0.4,0.3,0.3
SOLID (8),SOLID_8,part,2,1,0,servo_board,0.0,0.3,1.6,6.6,False,,dovetail_umi_gripper:1+wareshare_st_servo_controller v7:1+Type_C1:1+698b116-264-211:1+SOLID (8):1,"191,189,187",Iron - Polished,16.787,12.691,-9.058,0.6,0.8,1.0,-0.5,0.3,0.3
SOLID (9),SOLID_9,part,2,1,0,servo_board,0.0,0.3,0.3,5.7,False,,dovetail_umi_gripper:1+wareshare_st_servo_controller v7:1+Type_C1:1+698b116-264-211:1+SOLID (9):1,"191,189,187",Iron - Polished,16.287,12.884,-8.3,0.4,0.6,0.7,-0.4,0.2,0.2
SOLID,SOLID,part,2,1,0,servo_board,0.7,8.4,3.6,7.1,False,,dovetail_umi_gripper:1+wareshare_st_servo_controller v7:1+Type_C1:1+698b116-264-211:1+SOLID:1,"191,189,187",Iron - Polished,16.034,13.07,-9.249,170.3,229.9,284.1,-137.4,79.2,97.2
U1,U1,subassembly,2,0,1,,0.1,3.0,3.0,0.9,False,,dovetail_umi_gripper:1+wareshare_st_servo_controller v7:1+U1:1,,,28.763,12.254,0.454,12.1,66.3,78.3,-28.2,-0.4,-1.0
User_Library-QFN-16,User_Library-QFN-16,part,2,1,0,servo_board,0.1,3.0,3.0,0.9,False,,dovetail_umi_gripper:1+wareshare_st_servo_controller v7:1+U1:1+User_Library-QFN-16:1,"203,210,239","Opaque(203,210,239)",-0.001,-0.001,0.454,0.1,0.1,0.1,0.0,0.0,0.0
U2,U2,subassembly,2,0,1,,0.4,7.0,6.5,1.7,False,,dovetail_umi_gripper:1+wareshare_st_servo_controller v7:1+U2:1,,,24.526,22.023,0.761,175.0,216.1,390.5,-193.3,-6.0,-6.7
TO-223,TO-223,subassembly,2,0,5,,0.4,6.5,1.7,7.0,False,,dovetail_umi_gripper:1+wareshare_st_servo_controller v7:1+U2:1+TO-223:1,,,-0.0,-0.039,-0.032,0.6,1.6,1.2,-0.0,-0.0,0.0
User_Library-TO-223_1_1,User_Library-TO-223_1_1,part,2,1,0,servo_board,0.3,6.5,1.6,3.5,False,,dovetail_umi_gripper:1+wareshare_st_servo_controller v7:1+U2:1+TO-223:1+User_Library-TO-223_1_1:1,"64,64,64","Opaque(63,63,63)",-0.0,-0.0,-0.0,0.4,1.4,1.2,0.0,-0.0,-0.0
User_Library-TO-223_2_1,User_Library-TO-223_2_1,part,2,1,0,servo_board,0.0,3.1,0.8,1.8,False,,dovetail_umi_gripper:1+wareshare_st_servo_controller v7:1+U2:1+TO-223:1+User_Library-TO-223_2_1:1,"191,191,191","Opaque(191,191,191)",0.0,-0.493,-2.589,0.1,0.1,0.0,0.0,-0.0,-0.0
User_Library-TO-223_3_1,User_Library-TO-223_3_1,part,2,1,0,servo_board,0.0,0.8,0.8,1.8,False,,dovetail_umi_gripper:1+wareshare_st_servo_controller v7:1+U2:1+TO-223:1+User_Library-TO-223_3_1:1,"191,191,191","Opaque(191,191,191)",2.3,-0.492,2.589,0.0,0.0,0.0,0.0,0.0,-0.0
User_Library-TO-223_4_1,User_Library-TO-223_4_1,part,2,1,0,servo_board,0.0,0.8,0.8,1.8,False,,dovetail_umi_gripper:1+wareshare_st_servo_controller v7:1+U2:1+TO-223:1+User_Library-TO-223_4_1:1,"191,191,191","Opaque(191,191,191)",-0.0,-0.492,2.589,0.0,0.0,0.0,-0.0,0.0,0.0
User_Library-TO-223_5_1,User_Library-TO-223_5_1,part,2,1,0,servo_board,0.0,0.8,0.8,1.8,False,,dovetail_umi_gripper:1+wareshare_st_servo_controller v7:1+U2:1+TO-223:1+User_Library-TO-223_5_1:1,"191,191,191","Opaque(191,191,191)",-2.3,-0.492,2.589,0.0,0.0,0.0,-0.0,0.0,0.0
U3,U3,subassembly,2,0,6,,0.0,2.6,3.0,0.7,False,,dovetail_umi_gripper:1+wareshare_st_servo_controller v7:1+U3:1,,,12.377,19.114,0.338,11.5,4.8,16.3,-7.4,-0.2,-0.1
1653192640,1653192640,subassembly,20,0,1,,0.0,1.2,0.4,0.2,False,,dovetail_umi_gripper:1+wareshare_st_servo_controller v7:1+U3:1+1653192640:1,,,0.0,0.0,0.08,0.0,0.0,0.0,0.0,0.0,0.0
Extruded,Extruded,part,20,1,0,servo_board,0.0,1.2,0.4,0.2,False,,dovetail_umi_gripper:1+wareshare_st_servo_controller v7:1+U3:1+1653192640:1+Extruded:1,"195,207,205","Opaque(195,207,205)",0.0,0.0,0.08,0.0,0.0,0.0,0.0,0.0,0.0
736125216,736125216,subassembly,4,0,1,,0.0,1.4,3.0,0.7,False,,dovetail_umi_gripper:1+wareshare_st_servo_controller v7:1+U3:1+736125216:1,,,0.001,0.003,0.327,0.0,0.0,0.0,0.0,-0.0,-0.0
Extruded (1),Extruded_1,part,4,1,0,servo_board,0.0,1.4,3.0,0.7,False,,dovetail_umi_gripper:1+wareshare_st_servo_controller v7:1+U3:1+736125216:1+Extruded (1):1,"27,27,27","Opaque(27,27,27)",0.001,0.003,0.327,0.0,0.0,0.0,0.0,-0.0,-0.0
U4,U4,subassembly,2,0,6,,0.0,2.6,3.0,0.7,False,,dovetail_umi_gripper:1+wareshare_st_servo_controller v7:1+U4:1,,,4.827,19.114,0.338,11.5,0.7,12.3,-2.9,-0.2,-0.1
v2.1_lower_body_latest,v2.1_lower_body_latest,subassembly,1,0,173,,17512.0,235.1,395.2,667.7,True,,v2.1_lower_body_latest:1,,,7.472,-0.412,-196.116,1433044910.9,1223702672.3,255591792.0,69272.9,-1831164.8,51018457.3
CNC_leg03_x5_RS03_shaft_bearing_retainer,CNC_leg03_x5_RS03_shaft_bearing_retainer,part,4,1,0,Aluminum 6061,35.6,99.2,99.2,9.5,True,,v2.1_lower_body_latest:1+CNC_leg03_x5_RS03_shaft_bearing_retainer:4,"245,245,246",Aluminum - Satin,-0.0,133.298,-222.749,2427189.8,1793926.3,683986.5,-0.0,1058225.0,-0.0
Robstride 03 - no back cover,Robstride_03_-_no_back_cover,subassembly,10,0,1,,884.2,99.6,98.6,55.4,True,,v2.1_lower_body_latest:1+Robstride 03 - no back cover:1,,,0.112,-0.031,-20.185,946722.5,942058.3,895192.4,-175.3,-1170.3,2475.1
3_1_02_090_0073_ASM_1_1_ASM,3_1_02_090_0073_ASM_1_1_ASM,subassembly,10,0,12,,884.2,99.6,98.6,55.4,False,,v2.1_lower_body_latest:1+Robstride 03 - no back cover:1+3_1_02_090_0073_ASM_1_1_ASM:1,,,0.112,-0.031,-7.727,1002294.1,997629.9,895192.4,-175.3,-216.7,1693.2
1_1_02_EB901-547_1_rotor,1_1_02_EB901-547_1_rotor,part,10,1,0,Aluminum A356 T6,37.1,47.0,47.0,11.5,False,,v2.1_lower_body_latest:1+Robstride 03 - no back cover:1+3_1_02_090_0073_ASM_1_1_ASM:1+1_1_02_EB901-547_1_rotor:1,"245,245,246",Aluminum - Satin,0.0,-0.0,5.605,7367.5,7367.5,11629.2,0.0,0.0,-0.0
1_1_06_EB903-534_ASM_1_1_ASM,1_1_06_EB903-534_ASM_1_1_ASM,subassembly,10,0,1,,153.6,99.5,98.6,39.5,False,,v2.1_lower_body_latest:1+Robstride 03 - no back cover:1+3_1_02_090_0073_ASM_1_1_ASM:1+1_1_06_EB903-534_ASM_1_1_ASM:1,,,0.601,-0.0,21.144,222298.1,226887.3,273286.0,-0.0,0.0,-1751.4
1_1_06_EB903-537_1_1,1_1_06_EB903-537_1_1,part,10,1,0,matching A356,153.6,99.5,98.6,39.5,False,,v2.1_lower_body_latest:1+Robstride 03 - no back cover:1+3_1_02_090_0073_ASM_1_1_ASM:1+1_1_06_EB903-534_ASM_1_1_ASM:1+1_1_06_EB903-537_1_1:1,"245,245,246",Aluminum - Satin,0.601,-0.0,21.144,222298.1,226887.3,273286.0,-0.0,0.0,-1751.4
1_1_31_QT-942_1,1_1_31_QT-942_1,part,10,1,0,matching A356,53.9,98.6,99.5,14.2,False,,v2.1_lower_body_latest:1+Robstride 03 - no back cover:1+3_1_02_090_0073_ASM_1_1_ASM:1+1_1_31_QT-942_1:1,"245,245,246",Aluminum - Satin,0.244,-1.392,0.028,36147.2,38010.6,73683.2,199.4,84.9,44.6
1_2_04_635000_1_1,1_2_04_635000_1_1,part,10,1,0,Steel,11.7,19.0,6.0,19.0,False,,v2.1_lower_body_latest:1+Robstride 03 - no back cover:1+3_1_02_090_0073_ASM_1_1_ASM:1+1_2_04_635000_1_1:1,"160,160,160",Steel - Satin,-0.001,2.999,-0.001,420.8,569.3,420.7,0.0,0.0,-0.0
1_2_04_680902_1_1,1_2_04_680902_1_1,part,10,1,0,Steel,52.1,58.0,58.0,7.0,False,,v2.1_lower_body_latest:1+Robstride 03 - no back cover:1+3_1_02_090_0073_ASM_1_1_ASM:1+1_2_04_680902_1_1:1,"160,160,160",Steel - Satin,-0.0,-0.0,3.5,18367.8,18367.9,35109.0,-0.0,0.0,0.0
1_2_05_130001_1_1,1_2_05_130001_1_1,part,30,1,0,Steel,0.7,5.6,8.4,5.6,False,,v2.1_lower_body_latest:1+Robstride 03 - no back cover:1+3_1_02_090_0073_ASM_1_1_ASM:1+1_2_05_130001_1_1:1,"160,160,160",Steel - Satin,0.0,-0.938,-0.0,5.3,1.8,5.3,0.0,-0.0,0.0
1_2_06_000004_AF0_1_1,1_2_06_000004_AF0_1_1,part,10,1,0,Steel,0.2,18.7,18.6,1.1,False,,v2.1_lower_body_latest:1+Robstride 03 - no back cover:1+3_1_02_090_0073_ASM_1_1_ASM:1+1_2_06_000004_AF0_1_1:1,"160,160,160",Steel - Satin,0.0,-0.0,-0.525,8.5,8.5,16.9,0.0,-0.0,0.0
1_3_03_000357_1_1,1_3_03_000357_1_1,part,10,1,0,Steel,4.2,60.5,60.6,0.8,False,,v2.1_lower_body_latest:1+Robstride 03 - no back cover:1+3_1_02_090_0073_ASM_1_1_ASM:1+1_3_03_000357_1_1:1,"160,160,160",Steel - Satin,1.542,-0.146,0.395,1775.3,1595.7,3369.3,-17.4,0.2,-2.6
CORE,CORE,part,10,1,0,core material,526.1,84.0,84.0,33.0,False,,v2.1_lower_body_latest:1+Robstride 03 - no back cover:1+3_1_02_090_0073_ASM_1_1_ASM:1+CORE:1,"25,25,25",Plastic - Matte (Black),-0.0,0.0,-20.968,497704.2,497704.2,469990.3,0.0,0.0,-0.0
PBC,PBC,part,10,7,0,FR4; Steel; Discrete Component,43.4,68.0,76.0,6.7,False,,v2.1_lower_body_latest:1+Robstride 03 - no back cover:1+3_1_02_090_0073_ASM_1_1_ASM:1+PBC:1,"68,119,102",FR4,1.759,0.0,-48.468,117899.3,111528.7,25439.8,-0.0,0.0,3779.2
bearings,bearings,subassembly,1,0,7,,279.3,79.3,328.3,139.1,False,,v2.1_lower_body_latest:1+bearings:1,,,-5.618,1.437,1.924,113337.9,124872.8,202901.9,3155.6,527.6,-2063.4
hip_center,hip_center,subassembly,1,0,2,,123.8,99.2,57.6,132.8,False,,v2.1_lower_body_latest:1+hip_center:1,,,-0.181,65.632,-94.716,3829672.6,2924610.7,1020746.9,1.9,1555983.5,-1291.6
CNC_leg01_x2_hip_center_back,CNC_leg01_x2_hip_center_back,part,2,1,0,Aluminum 6061,71.9,99.2,35.6,122.2,False,,v2.1_lower_body_latest:1+hip_center:1+CNC_leg01_x2_hip_center_back:1,"245,245,246",Aluminum - Satin,-0.312,16.867,2.783,150895.5,168052.6,74565.9,0.3,-33636.9,-1289.0
CNC_leg02_x7_RS03_shaft_coupler,CNC_leg02_x7_RS03_shaft_coupler,part,5,1,0,Aluminum 6061,51.8,50.0,50.0,22.1,True,,v2.1_lower_body_latest:1+hip_center:1+CNC_leg02_x7_RS03_shaft_coupler:1,"245,245,246",Aluminum - Satin,-0.0,133.298,-230.005,3678777.2,2756558.2,946181.0,1.6,1589620.4,-2.6
hip_pitch:hip_roll_L,hip_pitch_hip_roll_L,subassembly,1,0,4,,217.5,99.2,99.2,121.3,False,,v2.1_lower_body_latest:1+hip_pitch:hip_roll_L:1,,,-0.855,133.298,-258.927,18848148.6,15002623.1,4110219.8,24774.5,7506369.1,-58709.7
CNC_leg04_x2_hip_roll_front_bearing_retainer,CNC_leg04_x2_hip_roll_front_bearing_retainer,part,2,1,0,Aluminum 6061,56.2,15.5,99.2,110.5,False,,v2.1_lower_body_latest:1+hip_pitch:hip_roll_L:1+CNC_leg04_x2_hip_roll_front_bearing_retainer:1,"245,245,246",Aluminum - Satin,29.0,133.298,-277.031,5406396.4,4422191.3,1079592.9,-217427.9,2077033.0,453727.9
CNC_leg05_x2_hip_roll_back_bearing_retainer,CNC_leg05_x2_hip_roll_back_bearing_retainer,part,2,1,0,Aluminum 6061,73.8,22.4,99.2,110.5,False,,v2.1_lower_body_latest:1+hip_pitch:hip_roll_L:1+CNC_leg05_x2_hip_roll_back_bearing_retainer:1,"245,245,246",Aluminum - Satin,-24.637,133.298,-282.935,7335785.2,6029947.3,1400459.4,242200.7,2781490.7,-512435.0
hip_pitch:hip_roll_R,hip_pitch_hip_roll_R,subassembly,1,0,4,,217.5,99.2,102.2,135.8,False,,v2.1_lower_body_latest:1+hip_pitch:hip_roll_R:1,,,-0.855,134.776,-260.378,19118848.3,15186822.8,4196719.8,23564.0,7639811.1,-22764.0
hip_roll:hip_yaw_L,hip_roll_hip_yaw_L,subassembly,1,0,2,,163.1,100.0,99.2,102.5,False,,v2.1_lower_body_latest:1+hip_roll:hip_yaw_L:1,,,0.502,126.536,-67.431,3566635.3,1117133.4,2904830.0,-10365.4,1391429.8,2772.5
CNC_leg06_x2_hip_roll_output_shaft,CNC_leg06_x2_hip_roll_output_shaft,part,2,1,0,Aluminum 6061,83.8,35.5,99.2,102.5,False,,v2.1_lower_body_latest:1+hip_roll:hip_yaw_L:1+CNC_leg06_x2_hip_roll_output_shaft:1,"245,245,246",Aluminum - Satin,36.467,126.536,-66.516,1822767.4,561429.0,1489264.1,-386792.9,705516.1,205867.6
CNC_leg07_x2_hip_roll_support_shaft,CNC_leg07_x2_hip_roll_support_shaft,part,2,1,0,Aluminum 6061,79.3,35.5,99.2,102.5,False,,v2.1_lower_body_latest:1+hip_roll:hip_yaw_L:1+CNC_leg07_x2_hip_roll_support_shaft:1,"245,245,246",Aluminum - Satin,37.537,126.536,68.399,1743868.0,555704.5,1415565.8,-376427.5,-685913.6,-203095.1
hip_roll:hip_yaw_R,hip_roll_hip_yaw_R,subassembly,1,0,2,,163.1,100.0,207.5,105.0,False,,v2.1_lower_body_latest:1+hip_roll:hip_yaw_R:1,,,0.502,-75.828,-66.848,2358689.1,1104236.3,1709780.9,332885.4,-829266.4,10210.7
protections,protections~2,subassembly,1,0,6,,352.6,133.4,395.2,226.6,False,,v2.1_lower_body_latest:1+protections:1,,,2.172,-13.171,-46.816,9737724.2,2765110.6,7704637.2,-45556.0,415279.3,27826.5
hip_pitch_motor(Mirror),hip_pitch_motor_Mirror,subassembly,1,0,2,,62.2,113.1,69.4,119.5,False,,v2.1_lower_body_latest:1+protections:1+hip_pitch_motor(Mirror):1,,,-0.006,-41.262,11.056,209998.4,170797.5,207195.5,-14.5,10507.7,3.4
Component198,Component198,part,1,1,0,hip3_protection,31.1,57.0,69.4,119.5,False,,v2.1_lower_body_latest:1+protections:1+hip_pitch_motor(Mirror):1+Component198:1,"0,0,0",ABS (White),-33.024,-41.262,11.056,105013.4,85412.1,103614.9,-42038.3,5254.4,11264.0
Component199,Component199,part,1,1,0,hip3_protection,31.1,57.0,69.4,119.5,False,,v2.1_lower_body_latest:1+protections:1+hip_pitch_motor(Mirror):1+Component199:1,"0,0,0",ABS (White),33.024,-41.263,11.057,104985.0,85385.4,103580.5,42023.8,5253.3,-11260.6
hip_pitch_motor,hip_pitch_motor,subassembly,3,0,2,,62.2,113.1,69.4,119.5,False,,v2.1_lower_body_latest:1+protections:1+hip_pitch_motor:1,,,-0.006,-41.262,-11.056,209998.4,170797.5,207195.5,-14.5,-10507.7,-3.4
Component194,Component194,part,3,1,0,hip3_protection,31.1,57.0,69.4,119.5,False,,v2.1_lower_body_latest:1+protections:1+hip_pitch_motor:1+Component194:1,"0,0,0",ABS (White),-33.024,-41.262,-11.056,105013.4,85412.0,103615.0,-42038.3,-5254.4,-11264.0
Component195,Component195,part,3,1,0,hip3_protection,31.1,57.0,69.4,119.5,False,,v2.1_lower_body_latest:1+protections:1+hip_pitch_motor:1+Component195:1,"0,0,0",ABS (White),33.024,-41.263,-11.057,104985.0,85385.5,103580.5,42023.8,-5253.3,11260.6
hip_roll_motor,hip_roll_motor,subassembly,2,0,2,,51.9,46.6,111.3,113.0,False,,v2.1_lower_body_latest:1+protections:1+hip_roll_motor:1,,,7.388,-135.991,-36.435,1166055.6,164387.3,1031690.9,52063.3,-250343.1,13949.6
Component196,Component196,part,2,1,0,hip2_protection,26.0,46.5,109.3,46.4,False,,v2.1_lower_body_latest:1+protections:1+hip_roll_motor:1+Component196:1,"0,0,0",ABS (White),7.388,-126.386,-72.286,582970.7,146962.9,451018.5,24257.2,-237354.5,13591.5
Component197,Component197,part,2,1,0,hip2_protection,26.0,46.5,97.3,71.1,False,,v2.1_lower_body_latest:1+protections:1+hip_roll_motor:1+Component197:1,"0,0,0",ABS (White),7.387,-145.594,-0.593,583084.9,17424.5,580672.5,27806.1,-12988.6,358.1
robstride03_cross_section,robstride03_cross_section,empty,22,0,0,,0.0,0.0,0.0,0.0,True,,v2.1_lower_body_latest:1+robstride03_cross_section:1,,,,,,,,,,,
robstride03_face,robstride03_face,empty,7,0,0,,0.0,0.0,0.0,0.0,True,,v2.1_lower_body_latest:1+robstride03_face:1,,,,,,,,,,,
v2.1_lower_leg_L_copy,v2.1_lower_leg_L_copy,subassembly,1,0,129,,5528.2,235.1,360.8,591.9,True,,v2.1_lower_body_latest:1+v2.1_lower_leg_L_copy:1,,,10.55,131.555,-370.544,941236827.5,852763295.1,108067232.5,-7781224.3,269601512.5,29051264.3
CNC_leg08_x2_knee_front_bearing_retainer,CNC_leg08_x2_knee_front_bearing_retainer~2,part,1,1,0,Aluminum 6061,55.8,114.6,15.0,126.2,True,,v2.1_lower_body_latest:1+v2.1_lower_leg_L_copy:1+CNC_leg08_x2_knee_front_bearing_retainer:1,"245,245,246",Aluminum - Satin,0.0,160.74,-285.662,6072325.8,4668241.3,1482148.0,-0.0,2565658.2,0.0
CNC_leg09_x2_knee_motor_back_cover,CNC_leg09_x2_knee_motor_back_cover,part,1,1,0,Aluminum 6061,102.9,114.6,32.5,126.2,True,,v2.1_lower_body_latest:1+v2.1_lower_leg_L_copy:1+CNC_leg09_x2_knee_motor_back_cover:1,"245,245,246",Aluminum - Satin,-0.0,105.999,-292.304,10053174.1,8968430.5,1237765.0,1.0,3186992.5,-3.4
CNC_leg10_x2_knee_output_shank,CNC_leg10_x2_knee_output_shank,part,1,1,0,Aluminum 6061,249.9,54.4,27.8,249.9,True,,v2.1_lower_body_latest:1+v2.1_lower_leg_L_copy:1+CNC_leg10_x2_knee_output_shank:1,"245,245,246",Aluminum - Satin,-0.0,174.065,-401.919,49410678.5,41890432.7,7651379.5,0.5,17482601.5,-0.9
CNC_leg11_x2_knee_support_shank,CNC_leg11_x2_knee_support_shank,part,1,1,0,Aluminum 6061,179.9,54.4,15.6,249.0,True,,v2.1_lower_body_latest:1+v2.1_lower_leg_L_copy:1+CNC_leg11_x2_knee_support_shank:1,"245,245,246",Aluminum - Satin,-0.0,88.494,-397.222,30660774.5,29300148.4,1463583.8,0.0,6322772.9,-0.1
CNC_leg12_x4_lower_leg_bearing_cap,CNC_leg12_x4_lower_leg_bearing_cap~2,part,2,1,0,Aluminum 6061,6.4,43.0,3.0,43.0,True,,v2.1_lower_body_latest:1+v2.1_lower_leg_L_copy:1+CNC_leg12_x4_lower_leg_bearing_cap:1,"245,245,246",Aluminum - Satin,0.0,85.21,495.717,1607607.3,1562462.9,47081.8,-0.0,-268241.9,-0.0
CNC_leg13_x2_ankle_pitch_front,CNC_leg13_x2_ankle_pitch_front~2,part,1,1,0,Aluminum 6061,67.8,124.5,41.4,99.2,True,,v2.1_lower_body_latest:1+v2.1_lower_leg_L_copy:1+CNC_leg13_x2_ankle_pitch_front:1,"245,245,246",Aluminum - Satin,4.881,157.549,-495.717,18400485.3,16831697.3,1806225.3,-58961.9,5298764.1,164150.5
CNC_leg14_x2_ankle_pitch_back,CNC_leg14_x2_ankle_pitch_back~2,part,1,1,0,Aluminum 6061,92.0,124.5,46.5,99.2,True,,v2.1_lower_body_latest:1+v2.1_lower_leg_L_copy:1+CNC_leg14_x2_ankle_pitch_back:1,"245,245,246",Aluminum - Satin,4.46,106.145,-495.727,23687223.6,22768237.5,1170073.3,-38700.0,4838746.0,203280.1
CNC_leg15_x2_RS06_shaft_bearing_retainer,CNC_leg15_x2_RS06_shaft_bearing_retainer~2,part,1,1,0,Aluminum 6061,23.5,8.5,82.8,82.8,True,,v2.1_lower_body_latest:1+v2.1_lower_leg_L_copy:1+CNC_leg15_x2_RS06_shaft_bearing_retainer:1,"245,245,246",Aluminum - Satin,101.727,133.298,-495.717,6207279.1,6021945.6,671285.3,-318268.2,1550929.1,1183598.0
CNC_leg16_x2_ankle_roll_output_shaft,CNC_leg16_x2_ankle_roll_output_shaft~2,part,1,1,0,Aluminum 6061,64.1,15.3,54.4,86.0,True,,v2.1_lower_body_latest:1+v2.1_lower_leg_L_copy:1+CNC_leg16_x2_ankle_roll_output_shaft:1,"245,245,246",Aluminum - Satin,107.739,133.298,-520.488,18544018.3,18135852.7,1897089.9,-920005.4,4444533.9,3593294.0
CNC_leg17_x2_ankle_roll_support_shaft,CNC_leg17_x2_ankle_roll_support_shaft~2,part,1,1,0,Aluminum 6061,59.0,12.7,54.4,86.0,True,,v2.1_lower_body_latest:1+v2.1_lower_leg_L_copy:1+CNC_leg17_x2_ankle_roll_support_shaft:1,"245,245,246",Aluminum - Satin,108.687,133.298,522.533,17203631.8,16838725.8,1759808.1,-854689.2,-4109091.7,-3349868.4
CNC_leg18_x2_foot_plate,CNC_leg18_x2_foot_plate~2,mixed,1,1,1,Aluminum 6061,202.0,235.0,72.1,102.0,True,,v2.1_lower_body_latest:1+v2.1_lower_leg_L_copy:1+CNC_leg18_x2_foot_plate:1,"245,245,246",Aluminum - Satin,-13.087,133.298,-547.648,64370566.3,61636742.9,4651168.1,352417.2,14747048.0,-1335063.3
symmetric_sole,symmetric_sole~2,part,1,1,0,foot_protection_USING,118.4,235.0,72.0,102.0,False,,v2.1_lower_body_latest:1+v2.1_lower_leg_L_copy:1+CNC_leg18_x2_foot_plate:1+symmetric_sole:1,"0,0,0",ABS (White),-39.298,133.298,-542.009,37023960.5,35526274.5,2843531.3,620025.1,8551630.9,-2450535.9
ankle_roll_motor_protection,ankle_roll_motor_protection,subassembly,1,0,1,,33.4,35.5,94.1,94.1,True,,v2.1_lower_body_latest:1+v2.1_lower_leg_L_copy:1+ankle_roll_motor_protection:1,,,86.329,133.304,-495.718,8858978.1,8488547.8,877873.9,-384194.7,2206123.2,1428709.5
ankle_roll_motor,ankle_roll_motor~2,subassembly,1,0,2,,33.4,35.5,94.1,94.1,False,,v2.1_lower_body_latest:1+v2.1_lower_leg_L_copy:1+ankle_roll_motor_protection:1+ankle_roll_motor:1,,,86.329,133.304,-495.718,8858978.1,8488547.8,877873.9,-384194.7,2206123.2,1428709.5
Component46,Component46~2,part,1,1,0,ANKLE_1_PROTECTION,16.7,35.5,94.0,47.0,False,,v2.1_lower_body_latest:1+v2.1_lower_leg_L_copy:1+ankle_roll_motor_protection:1+ankle_roll_motor:1+Component46:1,"0,0,0",ABS (White),86.329,133.304,-523.041,4882210.5,4696972.3,438984.7,-192117.6,1163988.3,753543.3
Component47,Component47~2,part,1,1,0,ANKLE_1_PROTECTION,16.7,35.5,94.0,47.0,False,,v2.1_lower_body_latest:1+v2.1_lower_leg_L_copy:1+ankle_roll_motor_protection:1+ankle_roll_motor:1+Component47:1,"0,0,0",ABS (White),86.33,133.304,-468.389,3976767.6,3791575.4,438889.2,-192077.2,1042134.9,675166.1
ankle_roll_structural_part_protection,ankle_roll_structural_part_protection,subassembly,1,0,1,,13.9,9.5,72.0,85.5,True,,v2.1_lower_body_latest:1+v2.1_lower_leg_L_copy:1+ankle_roll_structural_part_protection:1,,,113.85,133.298,-512.291,3908662.1,3835218.9,433829.9,-210885.6,948919.6,810576.4
foot_front,foot_front~2,part,1,1,0,foot_protection_USING,13.9,9.5,72.0,85.5,False,,v2.1_lower_body_latest:1+v2.1_lower_leg_L_copy:1+ankle_roll_structural_part_protection:1+foot_front:1,"0,0,0",ABS (White),113.85,133.298,-512.291,3908662.1,3835218.9,433829.9,-210885.6,948919.6,810576.4
foot_sole,foot_sole,empty,1,0,0,,0.0,0.0,0.0,0.0,True,,v2.1_lower_body_latest:1+v2.1_lower_leg_L_copy:1+foot_sole:1,,,,,,,,,,,
knee_motor_protection,knee_motor_protection,subassembly,1,0,1,,52.3,132.1,44.4,126.2,True,,v2.1_lower_body_latest:1+v2.1_lower_leg_L_copy:1+knee_motor_protection:1,,,0.002,141.466,-309.686,6156437.4,5209314.6,1168043.2,-12.0,2292815.2,26.5
knee_motor,knee_motor~2,subassembly,1,0,2,,52.3,132.1,44.4,126.2,False,,v2.1_lower_body_latest:1+v2.1_lower_leg_L_copy:1+knee_motor_protection:1+knee_motor:1,,,0.002,141.466,-309.686,6156437.4,5209314.6,1168043.2,-12.0,2292815.2,26.5
Component44,Component44~2,part,1,1,0,knee protection,26.2,66.0,44.4,126.1,False,,v2.1_lower_body_latest:1+v2.1_lower_leg_L_copy:1+knee_motor_protection:1+knee_motor:1+Component44:1,"0,0,0",ABS (White),-42.637,141.466,-309.686,3078249.7,2604683.3,584026.5,157206.6,1146418.7,-338311.0
Component45,Component45~2,part,1,1,0,knee protection,26.2,66.0,44.4,126.1,False,,v2.1_lower_body_latest:1+v2.1_lower_leg_L_copy:1+knee_motor_protection:1+knee_motor:1+Component45:1,"0,0,0",ABS (White),42.641,141.466,-309.686,3078187.7,2604631.3,584016.7,-157218.6,1146396.5,338337.6
lower_leg_output_shank_protection,lower_leg_output_shank_protection,empty,1,0,0,,0.0,0.0,0.0,0.0,True,,v2.1_lower_body_latest:1+v2.1_lower_leg_L_copy:1+lower_leg_output_shank_protection:1,,,,,,,,,,,
lower_leg_support_shank_protection,lower_leg_support_shank_protection,empty,1,0,0,,0.0,0.0,0.0,0.0,True,,v2.1_lower_body_latest:1+v2.1_lower_leg_L_copy:1+lower_leg_support_shank_protection:1,,,,,,,,,,,
v2.1_lower_leg_R,v2.1_lower_leg_R,subassembly,1,0,115,,5701.9,235.1,369.7,612.9,True,,v2.1_lower_body_latest:1+v2.1_lower_leg_R:1,,,10.43,134.788,-372.343,981692180.1,885111590.0,116488795.0,-7920905.8,285896824.6,29631571.6
CNC_leg13_x2_ankle_pitch_front,CNC_leg13_x2_ankle_pitch_front,part,1,1,0,Aluminum 6061,67.8,124.5,41.4,99.2,False,,v2.1_lower_body_latest:1+v2.1_lower_leg_R:1+CNC_leg13_x2_ankle_pitch_front:1,"245,245,246",Aluminum - Satin,4.881,157.549,-495.717,18400485.3,16831697.3,1806225.3,-58961.9,5298764.1,164150.5
CNC_leg14_x2_ankle_pitch_back,CNC_leg14_x2_ankle_pitch_back,part,1,1,0,Aluminum 6061,92.0,124.5,46.5,99.2,False,,v2.1_lower_body_latest:1+v2.1_lower_leg_R:1+CNC_leg14_x2_ankle_pitch_back:1,"245,245,246",Aluminum - Satin,4.46,106.145,-495.727,23687223.6,22768237.5,1170073.3,-38700.0,4838746.0,203280.1
BACK_COVER1_1_06_EB903-538_1,BACK_COVER1_1_06_EB903-538_1,mixed,3,1,8,back_cover_material,24.7,97.6,79.5,24.6,False,,v2.1_lower_body_latest:1+v2.1_lower_leg_R:1+Robstride 03 - full:1+BACK_COVER1_1_06_EB903-538_1:1,"70,68,76",Nylon 12 (with Formlabs Fuse 1 3D Printer),0.002,-0.224,7.426,15346.7,25762.2,35885.0,9.0,17.0,-0.3
1_2_05_020108_1_1,1_2_05_020108_1_1,part,12,1,0,Steel,0.4,12.1,3.8,3.8,False,,v2.1_lower_body_latest:1+v2.1_lower_leg_R:1+Robstride 03 - full:1+BACK_COVER1_1_06_EB903-538_1:1+1_2_05_020108_1_1:3,"160,160,160",Steel - Satin,-1.785,0.0,-0.02,0.4,6.1,6.1,-0.0,-0.0,0.0
1_2_05_140095_1_1,1_2_05_140095_1_1,part,12,2,0,Steel,2.0,14.0,7.0,7.0,False,,v2.1_lower_body_latest:1+v2.1_lower_leg_R:1+Robstride 03 - full:1+BACK_COVER1_1_06_EB903-538_1:1+1_2_05_140095_1_1:1,"160,160,160",Steel - Satin,1.437,0.0,-0.0,8.9,42.4,42.4,0.0,0.0,0.0
Robstride 06-No Back Cover,Robstride_06-No_Back_Cover,subassembly,3,0,1,,598.8,84.5,82.0,43.0,True,,v2.1_lower_body_latest:1+v2.1_lower_leg_R:1+Robstride 06-No Back Cover:1,,,0.076,-0.001,18.576,445723.5,445631.5,395350.1,-11.2,16.5,-1477.4
R06,R06,subassembly,3,0,5,,598.8,84.5,82.0,43.0,False,,v2.1_lower_body_latest:1+v2.1_lower_leg_R:1+Robstride 06-No Back Cover:1+R06:1,,,0.076,-0.001,18.576,445723.5,445631.5,395350.1,-11.2,16.5,-1477.4
1_1_31_QT-1040^FL82BLW33-48V-35N.m(开模版)(1)_FL82BLW33-48V-35N.m(开模版)(1).STEP,1_1_31_QT-1040_FL82BLW33-48V-35N.m_1__FL82BLW33-48V-35N.m_1_.STEP,part,3,9,0,matching A356,32.5,82.0,84.5,12.0,False,,v2.1_lower_body_latest:1+v2.1_lower_leg_R:1+Robstride 06-No Back Cover:1+R06:1+1_1_31_QT-1040^FL82BLW33-48V-35N.m(开模版)(1)_FL82BLW33-48V-35N.m(开模版)(1).STEP:1,"255,255,255","Opaque(255,255,255)",-0.016,1.125,0.439,15636.1,15533.3,30926.1,-11.3,-41.5,0.5
MAIN,MAIN,subassembly,3,0,1,,80.9,84.5,82.0,32.5,False,,v2.1_lower_body_latest:1+v2.1_lower_leg_R:1+Robstride 06-No Back Cover:1+R06:1+MAIN:1,,,0.11,0.0,11.671,77914.2,77719.4,117830.6,-0.0,-0.0,-310.8
1_1_06_EB823-507_AF0^1_1_06_EB823-509_ASM_FL82BLW33-48V-35N.m(开模版)(1)_FL82BLW33-48V-35N.m(开模版)(1).STEP,1_1_06_EB823-507_AF0_1_1_06_EB823-509_ASM_FL82BLW33-48V-35N.m_1__FL82BLW33-48V-35N.m_1_.STEP,part,3,1,0,matching A356,80.9,84.5,82.0,32.5,False,,v2.1_lower_body_latest:1+v2.1_lower_leg_R:1+Robstride 06-No Back Cover:1+R06:1+MAIN:1+1_1_06_EB823-507_AF0^1_1_06_EB823-509_ASM_FL82BLW33-48V-35N.m(开模版)(1)_FL82BLW33-48V-35N.m(开模版)(1).STEP:1,"255,255,255","Opaque(255,255,255)",0.11,0.0,11.671,77914.2,77719.4,117830.6,-0.0,-0.0,-310.8
R06-ROTOR,R06-ROTOR,part,3,1,0,matching A356,20.2,37.0,37.0,10.5,False,,v2.1_lower_body_latest:1+v2.1_lower_leg_R:1+Robstride 06-No Back Cover:1+R06:1+R06-ROTOR:1,"255,255,255","Opaque(255,255,255)",0.0,0.0,5.072,2622.0,2622.0,3843.3,-0.0,-0.0,-0.0
bearing_35x44x5_6707_1.6kN_15g,bearing_35x44x5_6707_1.6kN_15g,subassembly,19,0,2,,15.0,44.0,44.0,5.0,True,,v2.1_lower_body_latest:1+v2.1_lower_leg_R:1+Robstride 06-No Back Cover:1+R06:1+bearing_35x44x5_6707_1.6kN_15g:1,,,0.0,0.0,0.017,3017.8,3017.8,5963.1,0.0,-0.0,-0.0
half-bearing_35x44x5_6707_1.6kN_15g,half-bearing_35x44x5_6707_1.6kN_15g,part,38,28,0,half-steel,7.5,44.0,44.0,5.0,False,,v2.1_lower_body_latest:1+v2.1_lower_leg_R:1+Robstride 06-No Back Cover:1+R06:1+bearing_35x44x5_6707_1.6kN_15g:1+half-bearing_35x44x5_6707_1.6kN_15g:1,"160,160,160",Steel - Satin,0.0,0.0,0.017,1508.9,1508.9,2981.5,0.0,-0.0,-0.0
weight,weight,part,3,2,0,Steel; ABS Plastic,450.1,65.0,65.0,30.0,False,,v2.1_lower_body_latest:1+v2.1_lower_leg_R:1+Robstride 06-No Back Cover:1+R06:1+weight:1,"160,160,160",Steel - Satin,0.0,-0.0,19.932,312041.5,312041.5,236787.1,-0.0,0.0,-0.0
bearings,bearings~2,subassembly,1,0,9,,250.0,166.1,80.6,303.5,False,,v2.1_lower_body_latest:1+v2.1_lower_leg_R:1+bearings:1,,,0.0,0.0,0.011,74604.6,74604.4,147272.2,0.1,-0.0,-0.0
bearing_35x47x7_6807_4.0kN_29g,bearing_35x47x7_6807_4.0kN_29g,subassembly,4,0,2,,29.2,47.0,47.0,7.0,True,,v2.1_lower_body_latest:1+v2.1_lower_leg_R:1+bearings:1+bearing_35x47x7_6807_4.0kN_29g:1,,,0.0,-0.0,-0.0,6426.7,6426.7,12616.7,0.0,0.0,0.0
half-bearing_35x47x7_6807_4.0kN_29g,half-bearing_35x47x7_6807_4.0kN_29g,part,8,23,0,Steel_half_density,14.6,47.0,47.0,7.0,False,,v2.1_lower_body_latest:1+v2.1_lower_leg_R:1+bearings:1+bearing_35x47x7_6807_4.0kN_29g:1+half-bearing_35x47x7_6807_4.0kN_29g:1,"194,190,182",Steel - Satin,0.0,-0.0,-0.0,3213.4,3213.4,6308.3,0.0,0.0,0.0
bearing_50x65x7_6810_6.1kN_52g,bearing_50x65x7_6810_6.1kN_52g,subassembly,2,0,2,,52.0,65.0,65.0,7.0,True,,v2.1_lower_body_latest:1+v2.1_lower_leg_R:1+bearings:1+bearing_50x65x7_6810_6.1kN_52g:1,,,-0.0,-0.0,-0.0,22196.6,22196.7,43971.2,-0.0,-0.0,0.0
half-bearing_50x65x7_6810_6.1kN_52g,half-bearing_50x65x7_6810_6.1kN_52g,part,4,27,0,half-stainless steel,26.0,65.0,65.0,7.0,False,,v2.1_lower_body_latest:1+v2.1_lower_leg_R:1+bearings:1+bearing_50x65x7_6810_6.1kN_52g:1+half-bearing_50x65x7_6810_6.1kN_52g:1,"203,203,203",Stainless Steel - Satin,-0.0,-0.0,-0.0,11098.3,11098.3,21985.6,-0.0,-0.0,0.0
foot_assembly,foot_assembly,subassembly,1,0,4,,348.5,235.1,82.8,109.4,False,,v2.1_lower_body_latest:1+v2.1_lower_leg_R:1+foot_assembly:1,,,8.795,133.298,-534.908,106325495.5,102153649.2,8499733.6,-408629.2,24851602.7,1571628.1
CNC_leg15_x2_RS06_shaft_bearing_retainer,CNC_leg15_x2_RS06_shaft_bearing_retainer,part,1,1,0,Aluminum 6061,23.5,8.5,82.8,82.8,False,,v2.1_lower_body_latest:1+v2.1_lower_leg_R:1+foot_assembly:1+CNC_leg15_x2_RS06_shaft_bearing_retainer:1,"245,245,246",Aluminum - Satin,101.727,133.298,-495.717,6207279.1,6021945.6,671285.3,-318268.2,1550929.1,1183598.0
CNC_leg16_x2_ankle_roll_output_shaft,CNC_leg16_x2_ankle_roll_output_shaft,part,1,1,0,Aluminum 6061,64.1,15.3,54.4,86.0,False,,v2.1_lower_body_latest:1+v2.1_lower_leg_R:1+foot_assembly:1+CNC_leg16_x2_ankle_roll_output_shaft:1,"245,245,246",Aluminum - Satin,107.739,133.298,-520.488,18544018.3,18135852.7,1897089.9,-920005.4,4444533.9,3593294.0
CNC_leg17_x2_ankle_roll_support_shaft,CNC_leg17_x2_ankle_roll_support_shaft,part,1,1,0,Aluminum 6061,59.0,12.7,54.4,86.0,False,,v2.1_lower_body_latest:1+v2.1_lower_leg_R:1+foot_assembly:1+CNC_leg17_x2_ankle_roll_support_shaft:1,"245,245,246",Aluminum - Satin,108.687,133.298,522.533,17203631.8,16838725.8,1759808.1,-854689.2,-4109091.7,-3349868.4
CNC_leg18_x2_foot_plate,CNC_leg18_x2_foot_plate,mixed,1,1,1,Aluminum 6061,202.0,235.0,72.1,102.0,False,,v2.1_lower_body_latest:1+v2.1_lower_leg_R:1+foot_assembly:1+CNC_leg18_x2_foot_plate:1,"245,245,246",Aluminum - Satin,-13.087,133.298,-547.648,64370566.3,61636742.9,4651168.1,352417.2,14747048.0,-1335063.3
symmetric_sole,symmetric_sole,part,1,1,0,foot_protection_USING,118.4,235.0,72.0,102.0,False,,v2.1_lower_body_latest:1+v2.1_lower_leg_R:1+foot_assembly:1+CNC_leg18_x2_foot_plate:1+symmetric_sole:1,"0,0,0",ABS (White),-39.298,133.298,-542.009,37023960.5,35526274.5,2843531.3,620025.1,8551630.9,-2450535.9
knee_assembly,knee_assembly,subassembly,1,0,4,,246.2,114.6,99.2,137.0,False,,v2.1_lower_body_latest:1+v2.1_lower_leg_R:1+knee_assembly:1,,,-0.0,128.114,-267.611,22231466.9,18187156.3,4350080.5,2.6,8400496.1,-6.0
CNC_leg02_x7_RS03_shaft_coupler,CNC_leg02_x7_RS03_shaft_coupler~2,part,1,1,0,Aluminum 6061,51.8,50.0,50.0,22.1,False,,v2.1_lower_body_latest:1+v2.1_lower_leg_R:1+knee_assembly:1+CNC_leg02_x7_RS03_shaft_coupler:1,"245,245,246",Aluminum - Satin,-0.0,133.298,-230.005,3678777.2,2756558.2,946181.0,1.6,1589620.4,-2.6
CNC_leg03_x4_RS03_shaft_bearing_retainer,CNC_leg03_x4_RS03_shaft_bearing_retainer,part,1,1,0,Aluminum 6061,35.6,99.2,99.2,9.5,False,,v2.1_lower_body_latest:1+v2.1_lower_leg_R:1+knee_assembly:1+CNC_leg03_x4_RS03_shaft_bearing_retainer:1,"245,245,246",Aluminum - Satin,-0.0,133.298,-222.749,2427189.8,1793926.3,683986.5,-0.0,1058225.0,-0.0
CNC_leg08_x2_knee_front_bearing_retainer,CNC_leg08_x2_knee_front_bearing_retainer,part,1,1,0,Aluminum 6061,55.8,114.6,15.0,126.2,False,,v2.1_lower_body_latest:1+v2.1_lower_leg_R:1+knee_assembly:1+CNC_leg08_x2_knee_front_bearing_retainer:1,"245,245,246",Aluminum - Satin,0.0,160.74,-285.662,6072325.8,4668241.3,1482148.0,-0.0,2565658.2,0.0
CNC_leg09_x8_knee_back,CNC_leg09_x8_knee_back,part,1,1,0,Aluminum 6061,102.9,114.6,32.5,126.2,False,,v2.1_lower_body_latest:1+v2.1_lower_leg_R:1+knee_assembly:1+CNC_leg09_x8_knee_back:1,"245,245,246",Aluminum - Satin,-0.0,105.999,-292.304,10053174.1,8968430.5,1237765.0,1.0,3186992.5,-3.4
leg_schematics_latest,leg_schematics_latest,subassembly,2,0,12,,0.0,0.0,0.0,0.0,True,,v2.1_lower_body_latest:1+v2.1_lower_leg_R:1+leg_schematics_latest:1,,,0.0,0.0,0.0,0.0,0.0,0.0,0.0,0.0,0.0
robstride06_cross_section,robstride06_cross_section,empty,5,0,0,,0.0,0.0,0.0,0.0,True,,v2.1_lower_body_latest:1+v2.1_lower_leg_R:1+leg_schematics_latest:1+robstride06_cross_section:1,,,,,,,,,,,
protections,protections,subassembly,1,0,5,,272.6,183.6,121.1,309.2,False,,v2.1_lower_body_latest:1+v2.1_lower_leg_R:1+protections:1,,,16.011,135.683,-404.852,51658923.9,46882136.4,5991313.5,-576784.2,14894631.0,2199533.6
ankle_roll_motor,ankle_roll_motor,subassembly,1,0,2,,33.4,35.5,94.1,94.1,False,,v2.1_lower_body_latest:1+v2.1_lower_leg_R:1+protections:1+ankle_roll_motor:1,,,86.329,133.304,-495.718,8858978.1,8488547.8,877873.9,-384194.7,2206123.2,1428709.5
Component46,Component46,part,1,1,0,ANKLE_1_PROTECTION,16.7,35.5,94.0,47.0,False,,v2.1_lower_body_latest:1+v2.1_lower_leg_R:1+protections:1+ankle_roll_motor:1+Component46:1,"0,0,0",ABS (White),86.329,133.304,-523.041,4882210.5,4696972.3,438984.7,-192117.6,1163988.3,753543.3
Component47,Component47,part,1,1,0,ANKLE_1_PROTECTION,16.7,35.5,94.0,47.0,False,,v2.1_lower_body_latest:1+v2.1_lower_leg_R:1+protections:1+ankle_roll_motor:1+Component47:1,"0,0,0",ABS (White),86.33,133.304,-468.389,3976767.6,3791575.4,438889.2,-192077.2,1042134.9,675166.1
ankle_top_cover,ankle_top_cover,mixed,1,1,1,Steel,61.4,47.5,21.0,22.0,False,,v2.1_lower_body_latest:1+v2.1_lower_leg_R:1+protections:1+ankle_top_cover:1,"160,160,160",Steel - Satin,-0.0,118.746,-440.285,12782001.9,11926949.8,882594.3,0.0,3212255.1,-0.0
WIRES,WIRES~2,empty,1,0,0,,0.0,0.0,0.0,0.0,False,,v2.1_lower_body_latest:1+v2.1_lower_leg_R:1+protections:1+ankle_top_cover:1+WIRES:1,,,,,,,,,,,
foot_front,foot_front,part,1,1,0,foot_protection_USING,13.9,9.5,72.0,85.5,False,,v2.1_lower_body_latest:1+v2.1_lower_leg_R:1+protections:1+foot_front:1,"0,0,0",ABS (White),113.85,133.298,-512.291,3908662.1,3835218.9,433829.9,-210885.6,948919.6,810576.4
knee_motor,knee_motor,subassembly,1,0,2,,52.3,132.1,44.4,126.2,False,,v2.1_lower_body_latest:1+v2.1_lower_leg_R:1+protections:1+knee_motor:1,,,0.002,141.466,-309.686,6156437.4,5209314.6,1168043.2,-12.0,2292815.2,26.5
Component44,Component44,part,1,1,0,knee protection,26.2,66.0,44.4,126.1,False,,v2.1_lower_body_latest:1+v2.1_lower_leg_R:1+protections:1+knee_motor:1+Component44:1,"0,0,0",ABS (White),-42.637,141.466,-309.686,3078249.7,2604683.3,584026.5,157206.6,1146418.7,-338311.0
Component45,Component45,part,1,1,0,knee protection,26.2,66.0,44.4,126.1,False,,v2.1_lower_body_latest:1+v2.1_lower_leg_R:1+protections:1+knee_motor:1+Component45:1,"0,0,0",ABS (White),42.641,141.466,-309.686,3078187.7,2604631.3,584016.7,-157218.6,1146396.5,338337.6
output_shank,output_shank,subassembly,1,0,3,,111.5,66.1,121.1,261.0,False,,v2.1_lower_body_latest:1+v2.1_lower_leg_R:1+protections:1+output_shank:1,,,-0.894,143.311,-389.388,19952844.4,17422105.3,2628972.2,18308.1,6234518.0,-39778.8
Component42,Component42,part,1,1,0,shank protection,44.7,66.0,25.0,261.0,False,,v2.1_lower_body_latest:1+v2.1_lower_leg_R:1+protections:1+output_shank:1+Component42:1,"0,0,0",ABS (White),0.0,184.99,-387.205,8437288.0,6929085.7,1556894.4,-1.2,3202100.2,5.0
Component43,Component43,part,1,1,0,shank protection,44.7,66.0,25.0,261.0,False,,v2.1_lower_body_latest:1+v2.1_lower_leg_R:1+protections:1+output_shank:1+Component43:1,"0,0,0",ABS (White),-0.005,81.605,-387.202,7204591.9,6928686.9,324348.3,16.0,1413599.9,-149.6
cables,cables,part,1,2,0,Copper,22.1,7.0,3.0,175.0,False,,v2.1_lower_body_latest:1+v2.1_lower_leg_R:1+protections:1+output_shank:1+cables:1,"237,206,195",Copper - Polished,-4.5,183.798,-398.217,4310964.5,3564332.6,747729.5,18293.2,1618817.9,-39634.2
robstride04,robstride04,subassembly,2,0,2,,1438.3,167.7,203.0,404.5,True,,v2.1_lower_body_latest:1+v2.1_lower_leg_R:1+robstride04:1,,,0.108,-0.148,-20.163,1847580.5,1825449.1,2155007.9,-4868.7,-7349.7,458.7
120WAIGUAN0310_ASM_1_ASM,120WAIGUAN0310_ASM_1_ASM,subassembly,2,0,2,,559.8,167.7,54.9,167.7,False,,v2.1_lower_body_latest:1+v2.1_lower_leg_R:1+robstride04:1+120WAIGUAN0310_ASM_1_ASM:1,,,0.169,-0.44,5.06,700639.5,686341.8,1076463.8,-9749.3,-1062.1,-3825.0
FL120BLW38-48V-120NM_ASM_1_ASM__ASM,FL120BLW38-48V-120NM_ASM_1_ASM__ASM,subassembly,2,0,1,,555.8,167.7,54.6,167.7,False,,v2.1_lower_body_latest:1+v2.1_lower_leg_R:1+robstride04:1+120WAIGUAN0310_ASM_1_ASM:1+FL120BLW38-48V-120NM_ASM_1_ASM__ASM:1,,,0.105,-0.688,5.24,693901.9,684332.3,1070946.4,-8384.4,-3773.2,-4551.4
3_1_02_120_0002_ASM_1_ASM_2_ASM_ASM,3_1_02_120_0002_ASM_1_ASM_2_ASM_ASM,subassembly,2,0,39,,555.8,167.7,54.6,167.7,False,,v2.1_lower_body_latest:1+v2.1_lower_leg_R:1+robstride04:1+120WAIGUAN0310_ASM_1_ASM:1+FL120BLW38-48V-120NM_ASM_1_ASM__ASM:1+3_1_02_120_0002_ASM_1_ASM_2_ASM_ASM:1,,,0.105,-0.688,5.24,693901.9,684332.3,1070946.4,-8384.4,-3773.2,-4551.4
1_1_02_EB1201-501_1_1_1,1_1_02_EB1201-501_1_1_1,part,2,11,0,matching A356; Steel,99.2,120.0,120.0,7.0,False,,v2.1_lower_body_latest:1+v2.1_lower_leg_R:1+robstride04:1+120WAIGUAN0310_ASM_1_ASM:1+FL120BLW38-48V-120NM_ASM_1_ASM__ASM:1+3_1_02_120_0002_ASM_1_ASM_2_ASM_ASM:1+1_1_02_EB1201-501_1_1_1:1,"245,245,246",Aluminum - Satin,0.548,-0.677,1.31,120213.7,121047.4,240380.1,-1961.3,-45.6,37.0
1_1_06_EB1203-503_1_1_1,1_1_06_EB1203-503_1_1_1,part,2,34,0,matching A356; Steel,246.7,120.0,120.0,41.3,False,,v2.1_lower_body_latest:1+v2.1_lower_leg_R:1+robstride04:1+120WAIGUAN0310_ASM_1_ASM:1+FL120BLW38-48V-120NM_ASM_1_ASM__ASM:1+3_1_02_120_0002_ASM_1_ASM_2_ASM_ASM:1+1_1_06_EB1203-503_1_1_1:1,"245,245,246",Aluminum - Satin,1.716,-0.235,10.001,400599.1,376041.5,673857.0,-5494.9,1303.5,-5343.3
1_1_31_EB1203-505_1_1_1,1_1_31_EB1203-505_1_1_1,part,2,1,0,Steel,3.9,14.0,22.3,34.0,False,,v2.1_lower_body_latest:1+v2.1_lower_leg_R:1+robstride04:1+120WAIGUAN0310_ASM_1_ASM:1+FL120BLW38-48V-120NM_ASM_1_ASM__ASM:1+3_1_02_120_0002_ASM_1_ASM_2_ASM_ASM:1+1_1_31_EB1203-505_1_1_1:1,"160,160,160",Steel - Satin,56.532,-0.0,14.078,1372.7,13718.4,12628.0,0.0,0.0,-3163.1
1_2_04_618030_1_1_1,1_2_04_618030_1_1_1,part,2,1,0,Steel,10.8,26.0,5.0,26.0,False,,v2.1_lower_body_latest:1+v2.1_lower_leg_R:1+robstride04:1+120WAIGUAN0310_ASM_1_ASM:1+FL120BLW38-48V-120NM_ASM_1_ASM__ASM:1+3_1_02_120_0002_ASM_1_ASM_2_ASM_ASM:1+1_2_04_618030_1_1_1:1,"160,160,160",Steel - Satin,-0.011,2.497,-0.006,739.2,1306.5,739.5,0.0,0.0,-0.3
1_2_04_694000_1_1_1,1_2_04_694000_1_1_1,part,2,1,0,Steel,2.4,11.0,11.0,4.0,False,,v2.1_lower_body_latest:1+v2.1_lower_leg_R:1+robstride04:1+120WAIGUAN0310_ASM_1_ASM:1+FL120BLW38-48V-120NM_ASM_1_ASM__ASM:1+3_1_02_120_0002_ASM_1_ASM_2_ASM_ASM:1+1_2_04_694000_1_1_1:1,"160,160,160",Steel - Satin,-0.0,0.0,2.0,33.7,33.7,42.1,-0.0,-0.0,0.0
1_2_05_000438_1_1_1,1_2_05_000438_1_1_1,part,8,1,0,Steel,0.1,4.1,3.8,3.8,False,,v2.1_lower_body_latest:1+v2.1_lower_leg_R:1+robstride04:1+120WAIGUAN0310_ASM_1_ASM:1+FL120BLW38-48V-120NM_ASM_1_ASM__ASM:1+3_1_02_120_0002_ASM_1_ASM_2_ASM_ASM:1+1_2_05_000438_1_1_1:1,"160,160,160",Steel - Satin,-0.485,0.001,-0.0,0.1,0.2,0.2,-0.0,-0.0,-0.0
1_2_05_025081_1_1_1,1_2_05_025081_1_1_1,part,24,1,0,Steel,0.3,8.2,4.7,4.7,False,,v2.1_lower_body_latest:1+v2.1_lower_leg_R:1+robstride04:1+120WAIGUAN0310_ASM_1_ASM:1+FL120BLW38-48V-120NM_ASM_1_ASM__ASM:1+3_1_02_120_0002_ASM_1_ASM_2_ASM_ASM:1+1_2_05_025081_1_1_1:1,"160,160,160",Steel - Satin,-0.683,-0.001,0.0,0.4,2.2,2.2,0.0,0.0,-0.0
1_2_05_025121_1_1_1,1_2_05_025121_1_1_1,part,24,1,0,Steel,0.4,12.2,4.7,4.7,False,,v2.1_lower_body_latest:1+v2.1_lower_leg_R:1+robstride04:1+120WAIGUAN0310_ASM_1_ASM:1+FL120BLW38-48V-120NM_ASM_1_ASM__ASM:1+3_1_02_120_0002_ASM_1_ASM_2_ASM_ASM:1+1_2_05_025121_1_1_1:1,"160,160,160",Steel - Satin,-0.771,-0.0,0.001,0.5,6.4,6.4,0.0,0.0,-0.0
1_2_05_030050_1_1_1,1_2_05_030050_1_1_1,part,6,2,0,Steel,0.6,5.6,7.4,5.6,False,,v2.1_lower_body_latest:1+v2.1_lower_leg_R:1+robstride04:1+120WAIGUAN0310_ASM_1_ASM:1+FL120BLW38-48V-120NM_ASM_1_ASM__ASM:1+3_1_02_120_0002_ASM_1_ASM_2_ASM_ASM:1+1_2_05_030050_1_1_1:1,"160,160,160",Steel - Satin,0.0,-0.542,-0.0,3.6,1.7,3.6,0.0,-0.0,0.0
1_2_05_QT-104_1_1_1,1_2_05_QT-104_1_1_1,part,2,1,0,Steel,0.7,3.0,3.0,12.0,False,,v2.1_lower_body_latest:1+v2.1_lower_leg_R:1+robstride04:1+120WAIGUAN0310_ASM_1_ASM:1+FL120BLW38-48V-120NM_ASM_1_ASM__ASM:1+3_1_02_120_0002_ASM_1_ASM_2_ASM_ASM:1+1_2_05_QT-104_1_1_1:1,"160,160,160",Steel - Satin,0.0,0.0,6.076,32.0,32.0,0.7,-0.0,-0.0,-0.0
DIANJIBAN-2_SW0001_1_ASM_2_ASM__ASM,DIANJIBAN-2_SW0001_1_ASM_2_ASM__ASM,subassembly,2,0,1,,55.4,74.0,16.8,80.0,False,,v2.1_lower_body_latest:1+v2.1_lower_leg_R:1+robstride04:1+120WAIGUAN0310_ASM_1_ASM:1+FL120BLW38-48V-120NM_ASM_1_ASM__ASM:1+3_1_02_120_0002_ASM_1_ASM_2_ASM_ASM:1+DIANJIBAN-2_SW0001_1_ASM_2_ASM__ASM:1,,,-3.082,-0.982,-5.802,23344.4,45104.1,22594.0,-992.4,-320.9,-2132.1
DIANJIBAN-2_SW0001_1_1_2_1,DIANJIBAN-2_SW0001_1_1_2_1,part,2,1,0,Discrete Component,55.4,74.0,16.8,80.0,False,,v2.1_lower_body_latest:1+v2.1_lower_leg_R:1+robstride04:1+120WAIGUAN0310_ASM_1_ASM:1+FL120BLW38-48V-120NM_ASM_1_ASM__ASM:1+3_1_02_120_0002_ASM_1_ASM_2_ASM_ASM:1+DIANJIBAN-2_SW0001_1_ASM_2_ASM__ASM:1+DIANJIBAN-2_SW0001_1_1_2_1:1,"25,25,25",Plastic - Matte (Black),-3.082,-0.982,-5.802,23344.4,45104.1,22594.0,-992.4,-320.9,-2132.1
GP72-9_00_40N_M___20240216_ASM__ASM,GP72-9_00_40N_M___20240216_ASM__ASM,subassembly,2,0,8,,125.6,65.0,65.0,27.5,False,,v2.1_lower_body_latest:1+v2.1_lower_leg_R:1+robstride04:1+120WAIGUAN0310_ASM_1_ASM:1+FL120BLW38-48V-120NM_ASM_1_ASM__ASM:1+3_1_02_120_0002_ASM_1_ASM_2_ASM_ASM:1+GP72-9_00_40N_M___20240216_ASM__ASM:1,,,24.615,26.429,77.122,871792.9,860221.5,233913.4,-81691.3,-255937.8,-238379.6
1_21_121000046___61810_50__1_1_,1_21_121000046___61810_50__1_1,part,2,1,0,Steel,56.4,7.0,65.0,65.0,False,,v2.1_lower_body_latest:1+v2.1_lower_leg_R:1+robstride04:1+120WAIGUAN0310_ASM_1_ASM:1+FL120BLW38-48V-120NM_ASM_1_ASM__ASM:1+3_1_02_120_0002_ASM_1_ASM_2_ASM_ASM:1+GP72-9_00_40N_M___20240216_ASM__ASM:1+1_21_121000046___61810_50__1_1_:1,"160,160,160",Steel - Satin,-0.0,0.0,-0.0,47583.5,23999.1,23998.8,-0.0,-0.2,-0.0
1_21_121000047___7_1_1_1,1_21_121000047___7_1_1_1,part,2,1,0,Steel,8.5,6.0,19.0,19.0,False,,v2.1_lower_body_latest:1+v2.1_lower_leg_R:1+robstride04:1+120WAIGUAN0310_ASM_1_ASM:1+FL120BLW38-48V-120NM_ASM_1_ASM__ASM:1+3_1_02_120_0002_ASM_1_ASM_2_ASM_ASM:1+GP72-9_00_40N_M___20240216_ASM__ASM:1+1_21_121000047___7_1_1_1:1,"160,160,160",Steel - Satin,0.0,0.0,-0.0,458.4,252.6,252.5,-0.0,-0.0,0.0
D19_1_1_1,D19_1_1_1,part,2,1,0,Steel,0.2,18.7,18.6,1.1,False,,v2.1_lower_body_latest:1+v2.1_lower_leg_R:1+robstride04:1+120WAIGUAN0310_ASM_1_ASM:1+FL120BLW38-48V-120NM_ASM_1_ASM__ASM:1+3_1_02_120_0002_ASM_1_ASM_2_ASM_ASM:1+GP72-9_00_40N_M___20240216_ASM__ASM:1+D19_1_1_1:1,"160,160,160",Steel - Satin,0.0,0.0,-0.5,8.5,8.5,16.9,-0.0,0.0,0.0
ROTOR,ROTOR,part,2,1,0,matching A356,39.5,51.9,10.0,52.5,False,,v2.1_lower_body_latest:1+v2.1_lower_leg_R:1+robstride04:1+120WAIGUAN0310_ASM_1_ASM:1+FL120BLW38-48V-120NM_ASM_1_ASM__ASM:1+3_1_02_120_0002_ASM_1_ASM_2_ASM_ASM:1+GP72-9_00_40N_M___20240216_ASM__ASM:1+ROTOR:1,"245,245,246",Aluminum - Satin,-0.0,-8.151,-0.0,10125.0,14349.0,10125.0,-0.0,-0.0,-0.0
ZYDQHJ_1_1_1,ZYDQHJ_1_1_1,part,2,1,0,Steel,2.7,54.0,53.9,0.8,False,,v2.1_lower_body_latest:1+v2.1_lower_leg_R:1+robstride04:1+120WAIGUAN0310_ASM_1_ASM:1+FL120BLW38-48V-120NM_ASM_1_ASM__ASM:1+3_1_02_120_0002_ASM_1_ASM_2_ASM_ASM:1+GP72-9_00_40N_M___20240216_ASM__ASM:1+ZYDQHJ_1_1_1:1,"160,160,160",Steel - Satin,-0.0,-0.821,0.395,846.1,901.7,1746.7,0.0,0.9,0.0
_PIS72-D6X_1_1_1,PIS72-D6X_1_1_1,part,6,1,0,Steel,6.1,6.0,6.0,27.5,False,,v2.1_lower_body_latest:1+v2.1_lower_leg_R:1+robstride04:1+120WAIGUAN0310_ASM_1_ASM:1+FL120BLW38-48V-120NM_ASM_1_ASM__ASM:1+3_1_02_120_0002_ASM_1_ASM_2_ASM_ASM:1+GP72-9_00_40N_M___20240216_ASM__ASM:1+_PIS72-D6X_1_1_1:1,"160,160,160",Steel - Satin,-0.0,0.0,18.25,2428.4,2428.4,27.4,0.0,0.0,0.0
SR_1__1,SR_1__1,part,2,1,0,FR4,4.0,13.0,13.0,37.0,False,,v2.1_lower_body_latest:1+v2.1_lower_leg_R:1+robstride04:1+120WAIGUAN0310_ASM_1_ASM:1+SR_1__1:1,"68,119,102",FR4,-0.0,-0.4,35.15,5509.2,5510.6,56.5,-0.0,56.4,0.0
Component26,Component26,part,2,1,0,core material,878.6,100.0,100.0,33.0,False,,v2.1_lower_body_latest:1+v2.1_lower_leg_R:1+robstride04:1+Component26:1,"229,208,177",Steel - Satin,0.0,-0.0,-20.304,934774.5,934774.6,1078544.1,0.0,-0.0,-0.0
shanks,shanks,subassembly,1,0,4,,442.5,54.4,101.1,249.9,False,,v2.1_lower_body_latest:1+v2.1_lower_leg_R:1+shanks:1,,,-0.0,136.726,-399.903,82300416.3,73329255.6,9209126.9,0.5,24236340.1,-1.0
CNC_leg10_x2_lower_leg_output_shank,CNC_leg10_x2_lower_leg_output_shank,part,1,1,0,Aluminum 6061,249.9,54.4,27.8,249.9,False,,v2.1_lower_body_latest:1+v2.1_lower_leg_R:1+shanks:1+CNC_leg10_x2_lower_leg_output_shank:1,"245,245,246",Aluminum - Satin,-0.0,174.065,-401.919,49410678.5,41890432.7,7651379.5,0.5,17482601.5,-0.9
CNC_leg11_x2_lower_leg_support_shank,CNC_leg11_x2_lower_leg_support_shank,part,1,1,0,Aluminum 6061,179.9,54.4,15.6,249.0,False,,v2.1_lower_body_latest:1+v2.1_lower_leg_R:1+shanks:1+CNC_leg11_x2_lower_leg_support_shank:1,"245,245,246",Aluminum - Satin,-0.0,88.494,-397.222,30660774.5,29300148.4,1463583.8,0.0,6322772.9,-0.1
CNC_leg12_x4_lower_leg_bearing_cap (1),CNC_leg12_x4_lower_leg_bearing_cap_1,part,1,1,0,Aluminum 6061,6.4,43.0,3.0,43.0,False,,v2.1_lower_body_latest:1+v2.1_lower_leg_R:1+shanks:1+CNC_leg12_x4_lower_leg_bearing_cap (1):1,"245,245,246",Aluminum - Satin,0.0,85.21,495.717,1607607.3,1562462.9,47081.8,-0.0,-268241.9,-0.0
CNC_leg12_x4_lower_leg_bearing_cap,CNC_leg12_x4_lower_leg_bearing_cap,part,1,1,0,Aluminum 6061,6.4,43.0,3.0,43.0,False,,v2.1_lower_body_latest:1+v2.1_lower_leg_R:1+shanks:1+CNC_leg12_x4_lower_leg_bearing_cap:1,"245,245,246",Aluminum - Satin,0.0,85.21,-495.717,1607607.3,1562462.9,47081.8,-0.0,268241.9,0.0
