component,component_path,joint,kind,type,occurrence_one,occurrence_two,origin_x_mm,origin_y_mm,origin_z_mm,axis_x,axis_y,axis_z,min,max,value,units,min_deg,max_deg,value_deg,min_mm,max_mm,value_mm,is_suppressed,note
humanoid_2.1_latest,,Rigid 8,joint,rigid,v2.1_lower_body_latest:1+Robstride 03 - no back cover:1+3_1_02_090_0073_ASM_1_1_ASM:1+1_1_31_QT-942_1:1,body_LATEST:1+CNC_body01_x1_bottom_plate:1,45.27,18.751,6.0,,,,,,,,,,,,,,False,
humanoid_2.1_latest,,Rigid 12,joint,rigid,000_right_arm_long_wrist_latest:1+Robstride 03 - full:1+3_1_02_090_0073_ASM_1_1_ASM:1+1_1_06_EB903-534_ASM_1_1_ASM:1+1_1_06_EB903-537_1_1:1,body_LATEST:1+BEARING:1+bearing_45x58x7_6809_5.4kN_40g:3+half-bearing-45x58x7_6809_5.4kN_40g:2,-0.0,-83.0,347.5,,,,,,,,,,,,,,False,
humanoid_2.1_latest,,Rigid 13,joint,rigid,body_LATEST:1+BEARING:1+bearing_45x58x7_6809_5.4kN_40g:2+half-bearing-45x58x7_6809_5.4kN_40g:1,body_LATEST:1+CNC_body02_x2_side_plate:1,-0.0,90.0,347.5,,,,,,,,,,,,,,False,
humanoid_2.1_latest,,Rigid 14,joint,rigid,dovetail_umi_gripper:2+base:1,000_left_arm_long_wrist_latest:1+001_left_wrist_long_latest:1+v15_right_end_effector_attachment:1,-18.0,305.645,-147.537,,,,,,,,,,,,,,False,
humanoid_2.1_latest,,Rigid 15,joint,rigid,000_right_arm_long_wrist_latest:1+001_right_wrist_long_latest:1+v15_right_end_effector_attachment:1,dovetail_umi_gripper:1+base:1,18.0,-305.645,-147.537,,,,,,,,,,,,,,False,
power_block_casing,body_LATEST:1+3DP_body_05_x1_interior_plate:1+power_block_casing:5,Rigid 1,joint,rigid,6x10-7holes:1+block:1,casing:1,8.7,21.75,5.2,,,,,,,,,,,,,,False,
power_block_casing,body_LATEST:1+3DP_body_05_x1_interior_plate:1+power_block_casing:5,Rigid 2,joint,rigid,6x10-7holes:2+block:1,casing:1,-8.7,21.75,5.2,,,,,,,,,,,,,,False,
Vention USB Hub,body_LATEST:1+3DP_body_05_x1_interior_plate:1+Vention USB Hub:1,Rigid 1,joint,rigid,USB Straight:1,Hub:1,37.75,-1.625,-0.0,,,,,,,,,,,,,,False,
Vention USB Hub,body_LATEST:1+3DP_body_05_x1_interior_plate:1+Vention USB Hub:1,Rigid 2,joint,rigid,USB Straight:2,Hub:1,58.5,-1.625,-0.0,,,,,,,,,,,,,,False,
CAN_Isolated,body_LATEST:1+3DP_body_05_x1_interior_plate:1+CAN_Isolated:1,Rigid 1,joint,rigid,USB-C Cable:1,,-25.5,0.0,6.375,,,,,,,,,,,,,,False,
IMU_syd_dynamics_TM171,body_LATEST:1+3DP_body_05_x1_interior_plate:1+IMU_syd_dynamics_TM171:4,Rigid 1,joint,rigid,Component2:1,Component1:1,-9.5,15.0,3.3,,,,,,,,,,,,,,False,
3DP_body_05_x1_interior_plate,body_LATEST:1+3DP_body_05_x1_interior_plate:1,Rigid 4,joint,rigid,3DP_body_05_x1_interior_plate:1+battery_zeee_10000mah:2,3DP_body_05_x1_interior_plate:1+battery_zeee_10000mah:1,-34.0,-0.0,137.5,,,,,,,,,,,,,,False,
3DP_body_05_x1_interior_plate,body_LATEST:1+3DP_body_05_x1_interior_plate:1,Rigid 12,joint,rigid,3DP_body_05_x1_interior_plate:1+battery_zeee_10000mah:1,3DP_body_05_x1_interior_plate:1,-9.5,-31.5,55.0,,,,,,,,,,,,,,False,
3DP_body_05_x1_interior_plate,body_LATEST:1+3DP_body_05_x1_interior_plate:1,Rigid 22,joint,rigid,3DP_body_05_x1_interior_plate:1+150A relay:1,3DP_body_05_x1_interior_plate:1,-20.0,0.0,242.0,,,,,,,,,,,,,,False,
3DP_body_05_x1_interior_plate,body_LATEST:1+3DP_body_05_x1_interior_plate:1,Rigid 72,joint,rigid,3DP_body_05_x1_interior_plate:1+battery_tester:1,3DP_body_05_x1_interior_plate:1,-20.0,-62.5,294.0,,,,,,,,,,,,,,False,
3DP_body_05_x1_interior_plate,body_LATEST:1+3DP_body_05_x1_interior_plate:1,Rigid 73,joint,rigid,3DP_body_05_x1_interior_plate:1+battery_tester:2,3DP_body_05_x1_interior_plate:1,-20.0,62.5,294.0,,,,,,,,,,,,,,False,
3DP_body_05_x1_interior_plate,body_LATEST:1+3DP_body_05_x1_interior_plate:1,Rigid 74,joint,rigid,3DP_body_05_x1_interior_plate:1+power_block_casing:5+casing:1,3DP_body_05_x1_interior_plate:1,-9.0,-0.0,318.5,,,,,,,,,,,,,,False,
3DP_body_05_x1_interior_plate,body_LATEST:1+3DP_body_05_x1_interior_plate:1,Rigid 78,joint,rigid,3DP_body_05_x1_interior_plate:1+power_block_long:2+casing:1,3DP_body_05_x1_interior_plate:1,-45.1,0.0,42.0,,,,,,,,,,,,,,False,
3DP_body_05_x1_interior_plate,body_LATEST:1+3DP_body_05_x1_interior_plate:1,Rigid 79,joint,rigid,3DP_body_05_x1_interior_plate:1+VEMONT USB-C Hub Long:1,3DP_body_05_x1_interior_plate:1,-38.375,-71.75,15.0,,,,,,,,,,,,,,False,
3DP_body_05_x1_interior_plate,body_LATEST:1+3DP_body_05_x1_interior_plate:1,Rigid 81,joint,rigid,,3DP_body_05_x1_interior_plate:1,,,,,,,,,,,,,,,,,False,origin unreadable
3DP_body_05_x1_interior_plate,body_LATEST:1+3DP_body_05_x1_interior_plate:1,Rigid 84,joint,rigid,3DP_body_05_x1_interior_plate:1+VEMONT USB-C Hub Long:2,3DP_body_05_x1_interior_plate:1,-38.375,71.75,15.0,,,,,,,,,,,,,,False,
3DP_body_05_x1_interior_plate,body_LATEST:1+3DP_body_05_x1_interior_plate:1,Rigid 94,joint,rigid,3DP_body_05_x1_interior_plate:1+MINISFORUM AI X1:1,3DP_body_05_x1_interior_plate:1,-4.0,-0.0,133.25,,,,,,,,,,,,,,False,
3DP_body_05_x1_interior_plate,body_LATEST:1+3DP_body_05_x1_interior_plate:1,Rigid 95,joint,rigid,3DP_body_05_x1_interior_plate:1+VEMONT USB-C Hub Long:1,3DP_body_05_x1_interior_plate:1,-22.0,-65.5,10.0,,,,,,,,,,,,,,False,
3DP_body_05_x1_interior_plate,body_LATEST:1+3DP_body_05_x1_interior_plate:1,Rigid 96,joint,rigid,3DP_body_05_x1_interior_plate:1+VEMONT USB-C Hub Long:2,3DP_body_05_x1_interior_plate:1,-22.0,65.5,10.0,,,,,,,,,,,,,,False,
3DP_body_05_x1_interior_plate,body_LATEST:1+3DP_body_05_x1_interior_plate:1,Rigid 97,joint,rigid,3DP_body_05_x1_interior_plate:1+USB-C Cable:1,3DP_body_05_x1_interior_plate:1+VEMONT USB-C Hub Long:1,-12.375,-71.75,135.25,,,,,,,,,,,,,,False,
3DP_body_05_x1_interior_plate,body_LATEST:1+3DP_body_05_x1_interior_plate:1,Rigid 98,joint,rigid,3DP_body_05_x1_interior_plate:1+USB-C Cable:2,3DP_body_05_x1_interior_plate:1+VEMONT USB-C Hub Long:1,-12.375,-71.75,119.25,,,,,,,,,,,,,,False,
3DP_body_05_x1_interior_plate,body_LATEST:1+3DP_body_05_x1_interior_plate:1,Rigid 99,joint,rigid,3DP_body_05_x1_interior_plate:1+USB-C Cable:3,3DP_body_05_x1_interior_plate:1+VEMONT USB-C Hub Long:2,-12.375,71.75,135.25,,,,,,,,,,,,,,False,
3DP_body_05_x1_interior_plate,body_LATEST:1+3DP_body_05_x1_interior_plate:1,Rigid 100,joint,rigid,3DP_body_05_x1_interior_plate:1+USB-C Cable:4,3DP_body_05_x1_interior_plate:1+VEMONT USB-C Hub Long:2,-12.375,71.75,119.25,,,,,,,,,,,,,,False,
3DP_body_05_x1_interior_plate,body_LATEST:1+3DP_body_05_x1_interior_plate:1,Rigid 101,joint,rigid,3DP_body_05_x1_interior_plate:1+USB Straight:1,3DP_body_05_x1_interior_plate:1+VEMONT USB-C Hub Long:1,-17.625,-71.75,103.5,,,,,,,,,,,,,,False,
3DP_body_05_x1_interior_plate,body_LATEST:1+3DP_body_05_x1_interior_plate:1,Rigid 102,joint,rigid,3DP_body_05_x1_interior_plate:1+USB Straight:2,3DP_body_05_x1_interior_plate:1+VEMONT USB-C Hub Long:1,-17.625,-71.75,84.125,,,,,,,,,,,,,,False,
3DP_body_05_x1_interior_plate,body_LATEST:1+3DP_body_05_x1_interior_plate:1,Rigid 103,joint,rigid,3DP_body_05_x1_interior_plate:1+USB Straight:3,3DP_body_05_x1_interior_plate:1+VEMONT USB-C Hub Long:1,-17.625,-71.75,64.75,,,,,,,,,,,,,,False,
3DP_body_05_x1_interior_plate,body_LATEST:1+3DP_body_05_x1_interior_plate:1,Rigid 104,joint,rigid,3DP_body_05_x1_interior_plate:1+USB Straight:4,3DP_body_05_x1_interior_plate:1+VEMONT USB-C Hub Long:1,-17.625,-71.75,45.375,,,,,,,,,,,,,,False,
3DP_body_05_x1_interior_plate,body_LATEST:1+3DP_body_05_x1_interior_plate:1,Rigid 105,joint,rigid,3DP_body_05_x1_interior_plate:1+USB Straight:5,3DP_body_05_x1_interior_plate:1+VEMONT USB-C Hub Long:1,-17.625,-71.75,26.0,,,,,,,,,,,,,,False,
3DP_body_05_x1_interior_plate,body_LATEST:1+3DP_body_05_x1_interior_plate:1,Rigid 106,joint,rigid,3DP_body_05_x1_interior_plate:1+USB Straight:6,3DP_body_05_x1_interior_plate:1+VEMONT USB-C Hub Long:2,-17.625,71.75,103.5,,,,,,,,,,,,,,False,
3DP_body_05_x1_interior_plate,body_LATEST:1+3DP_body_05_x1_interior_plate:1,Rigid 107,joint,rigid,3DP_body_05_x1_interior_plate:1+USB Straight:7,3DP_body_05_x1_interior_plate:1+VEMONT USB-C Hub Long:2,-17.625,71.75,84.125,,,,,,,,,,,,,,False,
3DP_body_05_x1_interior_plate,body_LATEST:1+3DP_body_05_x1_interior_plate:1,Rigid 108,joint,rigid,3DP_body_05_x1_interior_plate:1+USB Straight:8,3DP_body_05_x1_interior_plate:1+VEMONT USB-C Hub Long:2,-17.625,71.75,64.75,,,,,,,,,,,,,,False,
3DP_body_05_x1_interior_plate,body_LATEST:1+3DP_body_05_x1_interior_plate:1,Rigid 109,joint,rigid,3DP_body_05_x1_interior_plate:1+USB Straight:9,3DP_body_05_x1_interior_plate:1+VEMONT USB-C Hub Long:2,-17.625,71.75,45.375,,,,,,,,,,,,,,False,
3DP_body_05_x1_interior_plate,body_LATEST:1+3DP_body_05_x1_interior_plate:1,Rigid 110,joint,rigid,3DP_body_05_x1_interior_plate:1+USB Straight:10,3DP_body_05_x1_interior_plate:1+VEMONT USB-C Hub Long:2,-17.625,71.75,26.0,,,,,,,,,,,,,,False,
3DP_body_05_x1_interior_plate,body_LATEST:1+3DP_body_05_x1_interior_plate:1,Rigid 111,joint,rigid,3DP_body_05_x1_interior_plate:1+USB-C Cable:5,3DP_body_05_x1_interior_plate:1+MINISFORUM AI X1:1,23.5,-20.0,76.15,,,,,,,,,,,,,,False,
3DP_body_05_x1_interior_plate,body_LATEST:1+3DP_body_05_x1_interior_plate:1,Rigid 112,joint,rigid,3DP_body_05_x1_interior_plate:1+USB Straight:11,3DP_body_05_x1_interior_plate:1+MINISFORUM AI X1:1,23.5,0.0,82.65,,,,,,,,,,,,,,False,
3DP_body_05_x1_interior_plate,body_LATEST:1+3DP_body_05_x1_interior_plate:1,Rigid 113,joint,rigid,3DP_body_05_x1_interior_plate:1+USB-C Cable:6,3DP_body_05_x1_interior_plate:1+MINISFORUM AI X1:1,18.5,20.0,190.35,,,,,,,,,,,,,,False,
3DP_body_05_x1_interior_plate,body_LATEST:1+3DP_body_05_x1_interior_plate:1,Rigid 114,joint,rigid,3DP_body_05_x1_interior_plate:1+CAN_Isolated:1,3DP_body_05_x1_interior_plate:1,-38.0,71.75,222.5,,,,,,,,,,,,,,False,
3DP_body_05_x1_interior_plate,body_LATEST:1+3DP_body_05_x1_interior_plate:1,Rigid 115,joint,rigid,3DP_body_05_x1_interior_plate:1+CAN_Isolated:2,3DP_body_05_x1_interior_plate:1,-38.0,-71.75,222.5,,,,,,,,,,,,,,False,
3DP_body_05_x1_interior_plate,body_LATEST:1+3DP_body_05_x1_interior_plate:1,Rigid 116,joint,rigid,3DP_body_05_x1_interior_plate:1+CAN_Isolated:3,3DP_body_05_x1_interior_plate:1,-9.75,63.5,30.0,,,,,,,,,,,,,,False,
3DP_body_05_x1_interior_plate,body_LATEST:1+3DP_body_05_x1_interior_plate:1,Rigid 117,joint,rigid,3DP_body_05_x1_interior_plate:1+CAN_Isolated:4,3DP_body_05_x1_interior_plate:1,-9.75,-63.5,30.0,,,,,,,,,,,,,,False,
3DP_body_05_x1_interior_plate,body_LATEST:1+3DP_body_05_x1_interior_plate:1,Rigid 119,joint,rigid,3DP_body_05_x1_interior_plate:1+Vention USB Hub:1+Hub:1,3DP_body_05_x1_interior_plate:1+MINISFORUM AI X1:1,46.0,0.0,23.25,,,,,,,,,,,,,,False,
3DP_body_05_x1_interior_plate,body_LATEST:1+3DP_body_05_x1_interior_plate:1,Rigid 120,joint,rigid,3DP_body_05_x1_interior_plate:1+CAN_Isolated:9,3DP_body_05_x1_interior_plate:1,-38.0,71.75,262.5,,,,,,,,,,,,,,False,
3DP_body_05_x1_interior_plate,body_LATEST:1+3DP_body_05_x1_interior_plate:1,Rigid 121,joint,rigid,3DP_body_05_x1_interior_plate:1+CAN_Isolated:10,3DP_body_05_x1_interior_plate:1,-38.0,-71.75,262.5,,,,,,,,,,,,,,False,
3DP_body_05_x1_interior_plate,body_LATEST:1+3DP_body_05_x1_interior_plate:1,Rigid 122,joint,rigid,3DP_body_05_x1_interior_plate:1+lumped_wires:1,3DP_body_05_x1_interior_plate:1+MINISFORUM AI X1:1,6.0,0.0,313.25,,,,,,,,,,,,,,False,
3DP_body_07_x1_front_plate_removable,body_LATEST:1+3DP_body_07_x1_front_plate_removable:1,Rigid 1,joint,rigid,3DP_body_07_x1_front_plate_removable:1+magnet_1/2inD_1/16inT:9,3DP_body_07_x1_front_plate_removable:1,61.5,71.298,307.5,,,,,,,,,,,,,,False,
3DP_body_07_x1_front_plate_removable,body_LATEST:1+3DP_body_07_x1_front_plate_removable:1,Rigid 2,joint,rigid,3DP_body_07_x1_front_plate_removable:1+magnet_1/2inD_1/16inT:10,3DP_body_07_x1_front_plate_removable:1,61.5,71.298,227.5,,,,,,,,,,,,,,False,
3DP_body_07_x1_front_plate_removable,body_LATEST:1+3DP_body_07_x1_front_plate_removable:1,Rigid 3,joint,rigid,3DP_body_07_x1_front_plate_removable:1+magnet_1/2inD_1/16inT:11,3DP_body_07_x1_front_plate_removable:1,61.5,71.298,147.5,,,,,,,,,,,,,,False,
3DP_body_07_x1_front_plate_removable,body_LATEST:1+3DP_body_07_x1_front_plate_removable:1,Rigid 4,joint,rigid,3DP_body_07_x1_front_plate_removable:1+magnet_1/2inD_1/16inT:12,3DP_body_07_x1_front_plate_removable:1,61.5,71.298,67.5,,,,,,,,,,,,,,False,
3DP_body_07_x1_front_plate_removable,body_LATEST:1+3DP_body_07_x1_front_plate_removable:1,Rigid 5,joint,rigid,3DP_body_07_x1_front_plate_removable:1+magnet_1/2inD_1/16inT:13,3DP_body_07_x1_front_plate_removable:1,61.5,-71.298,307.5,,,,,,,,,,,,,,False,
3DP_body_07_x1_front_plate_removable,body_LATEST:1+3DP_body_07_x1_front_plate_removable:1,Rigid 6,joint,rigid,3DP_body_07_x1_front_plate_removable:1+magnet_1/2inD_1/16inT:14,3DP_body_07_x1_front_plate_removable:1,61.5,-71.298,227.5,,,,,,,,,,,,,,False,
3DP_body_07_x1_front_plate_removable,body_LATEST:1+3DP_body_07_x1_front_plate_removable:1,Rigid 7,joint,rigid,3DP_body_07_x1_front_plate_removable:1+magnet_1/2inD_1/16inT:15,3DP_body_07_x1_front_plate_removable:1,61.5,-71.298,147.5,,,,,,,,,,,,,,False,
3DP_body_07_x1_front_plate_removable,body_LATEST:1+3DP_body_07_x1_front_plate_removable:1,Rigid 8,joint,rigid,3DP_body_07_x1_front_plate_removable:1+magnet_1/2inD_1/16inT:16,3DP_body_07_x1_front_plate_removable:1,61.5,-71.298,67.5,,,,,,,,,,,,,,False,
3DP_body_09_x1_back_plate_removable,body_LATEST:1+3DP_body_09_x1_back_plate_removable:1,Rigid 2,joint,rigid,3DP_body_09_x1_back_plate_removable:1+magnet_1/2inD_1/16inT:1,3DP_body_09_x1_back_plate_removable:1,-61.5,-71.298,67.5,,,,,,,,,,,,,,False,
3DP_body_09_x1_back_plate_removable,body_LATEST:1+3DP_body_09_x1_back_plate_removable:1,Rigid 3,joint,rigid,3DP_body_09_x1_back_plate_removable:1+magnet_1/2inD_1/16inT:2,3DP_body_09_x1_back_plate_removable:1,-61.5,-71.298,147.5,,,,,,,,,,,,,,False,
3DP_body_09_x1_back_plate_removable,body_LATEST:1+3DP_body_09_x1_back_plate_removable:1,Rigid 4,joint,rigid,3DP_body_09_x1_back_plate_removable:1+magnet_1/2inD_1/16inT:3,3DP_body_09_x1_back_plate_removable:1,-61.5,-71.298,227.5,,,,,,,,,,,,,,False,
3DP_body_09_x1_back_plate_removable,body_LATEST:1+3DP_body_09_x1_back_plate_removable:1,Rigid 5,joint,rigid,3DP_body_09_x1_back_plate_removable:1+magnet_1/2inD_1/16inT:4,3DP_body_09_x1_back_plate_removable:1,-61.5,-71.298,307.5,,,,,,,,,,,,,,False,
3DP_body_09_x1_back_plate_removable,body_LATEST:1+3DP_body_09_x1_back_plate_removable:1,Rigid 6,joint,rigid,3DP_body_09_x1_back_plate_removable:1+magnet_1/2inD_1/16inT:5,3DP_body_09_x1_back_plate_removable:1,-61.5,71.298,307.5,,,,,,,,,,,,,,False,
3DP_body_09_x1_back_plate_removable,body_LATEST:1+3DP_body_09_x1_back_plate_removable:1,Rigid 7,joint,rigid,3DP_body_09_x1_back_plate_removable:1+magnet_1/2inD_1/16inT:6,3DP_body_09_x1_back_plate_removable:1,-61.5,71.298,227.5,,,,,,,,,,,,,,False,
3DP_body_09_x1_back_plate_removable,body_LATEST:1+3DP_body_09_x1_back_plate_removable:1,Rigid 8,joint,rigid,3DP_body_09_x1_back_plate_removable:1+magnet_1/2inD_1/16inT:7,3DP_body_09_x1_back_plate_removable:1,-61.5,71.298,147.5,,,,,,,,,,,,,,False,
3DP_body_09_x1_back_plate_removable,body_LATEST:1+3DP_body_09_x1_back_plate_removable:1,Rigid 9,joint,rigid,3DP_body_09_x1_back_plate_removable:1+magnet_1/2inD_1/16inT:8,3DP_body_09_x1_back_plate_removable:1,-61.5,71.298,67.5,,,,,,,,,,,,,,False,
3DP_body_09_x1_back_plate_removable,body_LATEST:1+3DP_body_09_x1_back_plate_removable:1,Rigid 19,joint,rigid,3DP_body_09_x1_back_plate_removable:1+magnet_1/2inD_1/16inT:18,3DP_body_09_x1_back_plate_removable:1,-61.5,30.0,227.5,,,,,,,,,,,,,,False,
3DP_body_09_x1_back_plate_removable,body_LATEST:1+3DP_body_09_x1_back_plate_removable:1,Rigid 35,joint,rigid,3DP_body_09_x1_back_plate_removable:1+magnet_1/2inD_1/16inT:23,3DP_body_09_x1_back_plate_removable:1,-61.5,-30.0,227.5,,,,,,,,,,,,,,False,
3DP_body_09_x1_back_plate_removable,body_LATEST:1+3DP_body_09_x1_back_plate_removable:1,Rigid 36,joint,rigid,3DP_body_09_x1_back_plate_removable:1+magnet_1/2inD_1/16inT:31,3DP_body_09_x1_back_plate_removable:1,-61.5,30.0,147.5,,,,,,,,,,,,,,False,
3DP_body_09_x1_back_plate_removable,body_LATEST:1+3DP_body_09_x1_back_plate_removable:1,Rigid 37,joint,rigid,3DP_body_09_x1_back_plate_removable:1+magnet_1/2inD_1/16inT:32,3DP_body_09_x1_back_plate_removable:1,-61.5,-30.0,147.5,,,,,,,,,,,,,,False,
3DP_body_09_x1_back_plate_removable,body_LATEST:1+3DP_body_09_x1_back_plate_removable:1,Rigid 38,joint,rigid,3DP_body_09_x1_back_plate_removable:1+magnet_1/2inD_1/16inT:33,3DP_body_09_x1_back_plate_removable:1,-61.5,30.0,67.5,,,,,,,,,,,,,,False,
3DP_body_09_x1_back_plate_removable,body_LATEST:1+3DP_body_09_x1_back_plate_removable:1,Rigid 39,joint,rigid,3DP_body_09_x1_back_plate_removable:1+magnet_1/2inD_1/16inT:34,3DP_body_09_x1_back_plate_removable:1,-61.5,-30.0,67.5,,,,,,,,,,,,,,False,
bearing_45x58x7_6809_5.4kN_40g,body_LATEST:1+BEARING:1+bearing_45x58x7_6809_5.4kN_40g:2,Rigid 1,as_built,rigid,half-bearing-45x58x7_6809_5.4kN_40g:2,half-bearing-45x58x7_6809_5.4kN_40g:1,,,,,,,,,,,,,,,,,False,origin unreadable
schematics,body_LATEST:1+twincities_v2_nolock:1+schematics:1,Rigid 1,joint,rigid,twincities_v2_nolock:1+schematics:1+robstride05_cross_section:1,twincities_v2_nolock:1+schematics:1,,,,,,,,,,,,,,,,,False,origin unreadable
schematics,body_LATEST:1+twincities_v2_nolock:1+schematics:1,Rigid 2,joint,rigid,twincities_v2_nolock:1+schematics:1+robstride05_cross_section:2,twincities_v2_nolock:1+schematics:1,,,,,,,,,,,,,,,,,False,origin unreadable
robstride05 v16 (2),body_LATEST:1+twincities_v2_nolock:1+robstride05 v16 (2):1,Revolute 2,joint,revolute,twincities_v2_nolock:1+robstride05 v16 (2):1+1_1_30_GR-2202_ASM^FL46BLW10-48V-5N.m-DE(2)_FL46BLW10-48V-5N.m-DE (2):1,twincities_v2_nolock:1+robstride05 v16 (2):1+FL46BLW10-48V-5N.m-DE(2)^FL46BLW10-48V-5N.m-DE (2):1+1_1_06_EB463-507^FL46BLW10-48V-5N.m-DE(2)_FL46BLW10-48V-5N.m-DE (2):1,,,,-0.0,0.0,1.0,,,2.740167,rad,,,157.0,,,,False,origin unreadable
robstride05 v16 (2),body_LATEST:1+twincities_v2_nolock:1+robstride05 v16 (2):1,Rigid 1,joint,rigid,twincities_v2_nolock:1+robstride05 v16 (2):1+FL46BLW10-48V-5N.m-DE(2)^FL46BLW10-48V-5N.m-DE (2):1+1_1_31_EB463-510^FL46BLW10-48V-5N.m-DE(2)_FL46BLW10-48V-5N.m-DE (2):1,twincities_v2_nolock:1+robstride05 v16 (2):1,,,,,,,,,,,,,,,,,False,origin unreadable
robstride05 v16 (1),body_LATEST:1+twincities_v2_nolock:1+robstride05 v16 (1):1,Revolute 2,joint,revolute,twincities_v2_nolock:1+robstride05 v16 (1):1+1_1_30_GR-2202_ASM^FL46BLW10-48V-5N.m-DE(2)_FL46BLW10-48V-5N.m-DE (1):1,twincities_v2_nolock:1+robstride05 v16 (1):1+FL46BLW10-48V-5N.m-DE(2)^FL46BLW10-48V-5N.m-DE (1):1+1_1_06_EB463-507^FL46BLW10-48V-5N.m-DE(2)_FL46BLW10-48V-5N.m-DE (1):1,,,,-0.0,1.0,0.0,,,0.0,rad,,,0.0,,,,False,origin unreadable
robstride05 v16 (1),body_LATEST:1+twincities_v2_nolock:1+robstride05 v16 (1):1,Rigid 1,joint,rigid,twincities_v2_nolock:1+robstride05 v16 (1):1+FL46BLW10-48V-5N.m-DE(2)^FL46BLW10-48V-5N.m-DE (1):1+1_1_31_EB463-510^FL46BLW10-48V-5N.m-DE(2)_FL46BLW10-48V-5N.m-DE (1):1,twincities_v2_nolock:1+robstride05 v16 (1):1,,,,,,,,,,,,,,,,,False,origin unreadable
IntelRealsense_D435_Multibody v9,body_LATEST:1+twincities_v2_nolock:1+IntelRealsense_D435_Multibody v9:1,Rigid 2,joint,rigid,twincities_v2_nolock:1+IntelRealsense_D435_Multibody v9:1+Component35:1,twincities_v2_nolock:1+IntelRealsense_D435_Multibody v9:1,,,,,,,,,,,,,,,,,False,origin unreadable
twincities_v2_nolock,body_LATEST:1+twincities_v2_nolock:1,Rigid 2,joint,rigid,twincities_v2_nolock:1+schematics:1,twincities_v2_nolock:1,,,,,,,,,,,,,,,,,False,origin unreadable
twincities_v2_nolock,body_LATEST:1+twincities_v2_nolock:1,Rigid 3,joint,rigid,twincities_v2_nolock:1+robstride05 v16 (2):1+FL46BLW10-48V-5N.m-DE(2)^FL46BLW10-48V-5N.m-DE (2):1+1_1_06_EB463-509^FL46BLW10-48V-5N.m-DE(2)_FL46BLW10-48V-5N.m-DE (2):1,twincities_v2_nolock:1+schematics:1+robstride05_cross_section:1,,,,,,,,,,,,,,,,,False,origin unreadable
twincities_v2_nolock,body_LATEST:1+twincities_v2_nolock:1,Rigid 10,joint,rigid,twincities_v2_nolock:1+gimbal_mount:1,twincities_v2_nolock:1+schematics:1+robstride05_cross_section:1,,,,,,,,,,,,,,,,,False,origin unreadable
twincities_v2_nolock,body_LATEST:1+twincities_v2_nolock:1,Revolute 11,joint,revolute,twincities_v2_nolock:1+gimbal_neck:1,twincities_v2_nolock:1+robstride05 v16 (2):1+1_1_30_GR-2202_ASM^FL46BLW10-48V-5N.m-DE(2)_FL46BLW10-48V-5N.m-DE (2):1+1_1_30_GR-2202_ASM_1_ASM^1_1_30_GR-2202_ASM_FL46BLW10-48V-5N.m-DE(2)_FL46BLW10-48V-5N.m-DE (2):1+00MINI-_20250103_A0001_ASM_1_AS_ASM^1_1_30_GR-2202_ASM_1_ASM_1_1_30_GR-2202_ASM_FL46BLW10-48V-5N.m-DE(2)_FL46BLW10-48V-5N.m-DE (2):1+00MINI-000_ASM_1_ASM_1_ASM^00MINI-_20250103_A0001_ASM_1_AS_ASM_1_1_30_GR-2202_ASM_1_ASM_1_1_30_GR-2202_ASM_FL46BLW10-48V-5N.m-DE(2)_FL46BLW10-48V-5N.m-DE (2):1+0001755650^00MINI-000_ASM_1_ASM_1_ASM_00MINI-_20250103_A0001_ASM_1_AS_ASM_1_1_30_GR-2202_ASM_1_ASM_1_1_30_GR-2202_ASM_FL46BLW10-48V-5N.m-DE(2)_FL46BLW10-48V-5N.m-DE (2):1,,,,-0.0,0.0,1.0,,,5.759587,rad,,,330.0,,,,False,origin unreadable
twincities_v2_nolock,body_LATEST:1+twincities_v2_nolock:1,Revolute 12,joint,revolute,twincities_v2_nolock:1+gimbal_neck:1,twincities_v2_nolock:1+robstride05 v16 (2):1+1_1_30_GR-2202_ASM^FL46BLW10-48V-5N.m-DE(2)_FL46BLW10-48V-5N.m-DE (2):1+1_1_30_GR-2202_ASM_1_ASM^1_1_30_GR-2202_ASM_FL46BLW10-48V-5N.m-DE(2)_FL46BLW10-48V-5N.m-DE (2):1+00MINI-_20250103_A0001_ASM_1_AS_ASM^1_1_30_GR-2202_ASM_1_ASM_1_1_30_GR-2202_ASM_FL46BLW10-48V-5N.m-DE(2)_FL46BLW10-48V-5N.m-DE (2):1+00MINI-000_ASM_1_ASM_1_ASM^00MINI-_20250103_A0001_ASM_1_AS_ASM_1_1_30_GR-2202_ASM_1_ASM_1_1_30_GR-2202_ASM_FL46BLW10-48V-5N.m-DE(2)_FL46BLW10-48V-5N.m-DE (2):1+0001755650^00MINI-000_ASM_1_ASM_1_ASM_00MINI-_20250103_A0001_ASM_1_AS_ASM_1_1_30_GR-2202_ASM_1_ASM_1_1_30_GR-2202_ASM_FL46BLW10-48V-5N.m-DE(2)_FL46BLW10-48V-5N.m-DE (2):1,,,,-0.0,0.0,1.0,,,5.759587,rad,,,330.0,,,,False,origin unreadable
twincities_v2_nolock,body_LATEST:1+twincities_v2_nolock:1,Rigid 16,joint,rigid,twincities_v2_nolock:1+robstride05 v16 (1):1+FL46BLW10-48V-5N.m-DE(2)^FL46BLW10-48V-5N.m-DE (1):1+1_1_06_EB463-509^FL46BLW10-48V-5N.m-DE(2)_FL46BLW10-48V-5N.m-DE (1):1,twincities_v2_nolock:1+gimbal_neck:1,,,,,,,,,,,,,,,,,False,origin unreadable
twincities_v2_nolock,body_LATEST:1+twincities_v2_nolock:1,Rigid 17,joint,rigid,twincities_v2_nolock:1+IntelRealsense_D435_Multibody v9:1+Component35:1,twincities_v2_nolock:1+gimbal_arm:1+Component92:1,,,,,,,,,,,,,,,,,False,origin unreadable
twincities_v2_nolock,body_LATEST:1+twincities_v2_nolock:1,Rigid 18,joint,rigid,twincities_v2_nolock:1+gimbal_arm:1+Component92:1,twincities_v2_nolock:1+robstride05 v16 (1):1+1_1_30_GR-2202_ASM^FL46BLW10-48V-5N.m-DE(2)_FL46BLW10-48V-5N.m-DE (1):1+1_1_30_GR-2202_ASM_1_ASM^1_1_30_GR-2202_ASM_FL46BLW10-48V-5N.m-DE(2)_FL46BLW10-48V-5N.m-DE (1):1+00MINI-_20250103_A0001_ASM_1_AS_ASM^1_1_30_GR-2202_ASM_1_ASM_1_1_30_GR-2202_ASM_FL46BLW10-48V-5N.m-DE(2)_FL46BLW10-48V-5N.m-DE (1):1+00MINI-000_ASM_1_ASM_1_ASM^00MINI-_20250103_A0001_ASM_1_AS_ASM_1_1_30_GR-2202_ASM_1_ASM_1_1_30_GR-2202_ASM_FL46BLW10-48V-5N.m-DE(2)_FL46BLW10-48V-5N.m-DE (1):1+0001755650^00MINI-000_ASM_1_ASM_1_ASM_00MINI-_20250103_A0001_ASM_1_AS_ASM_1_1_30_GR-2202_ASM_1_ASM_1_1_30_GR-2202_ASM_FL46BLW10-48V-5N.m-DE(2)_FL46BLW10-48V-5N.m-DE (1):1,,,,,,,,,,,,,,,,,False,origin unreadable
twincities_v2_nolock,body_LATEST:1+twincities_v2_nolock:1,Rigid 19,joint,rigid,twincities_v2_nolock:1+U-joint_type_C_adapter v3:1,twincities_v2_nolock:1+IntelRealsense_D435_Multibody v9:1+Component35:1,,,,,,,,,,,,,,,,,False,origin unreadable
twincities_v2_nolock,body_LATEST:1+twincities_v2_nolock:1,Rigid 20,joint,rigid,twincities_v2_nolock:1+bearing:1,twincities_v2_nolock:1+gimbal_neck:1,,,,,,,,,,,,,,,,,False,origin unreadable
schematics (1),body_LATEST:1+twincities_v2_nolock (1):1+schematics (1):1,Rigid 1,joint,rigid,twincities_v2_nolock (1):1+schematics (1):1+robstride05_cross_section (1):1,twincities_v2_nolock (1):1+schematics (1):1,,,,,,,,,,,,,,,,,False,origin unreadable
schematics (1),body_LATEST:1+twincities_v2_nolock (1):1+schematics (1):1,Rigid 2,joint,rigid,twincities_v2_nolock (1):1+schematics (1):1+robstride05_cross_section (1):2,twincities_v2_nolock (1):1+schematics (1):1,,,,,,,,,,,,,,,,,False,origin unreadable
robstride05 v16 (2) (1),body_LATEST:1+twincities_v2_nolock (1):1+robstride05 v16 (2) (1):1,Revolute 2,joint,revolute,twincities_v2_nolock (1):1+robstride05 v16 (2) (1):1+1_1_30_GR-2202_ASM^FL46BLW10-48V-5N.m-DE(2)_FL46BLW10-48V-5N.m-DE (2) (1):1,twincities_v2_nolock (1):1+robstride05 v16 (2) (1):1+FL46BLW10-48V-5N.m-DE(2)^FL46BLW10-48V-5N.m-DE (2) (1):1+1_1_06_EB463-507^FL46BLW10-48V-5N.m-DE(2)_FL46BLW10-48V-5N.m-DE (2) (1):1,,,,0.0,-0.0,1.0,,,2.740167,rad,,,157.0,,,,False,origin unreadable
robstride05 v16 (2) (1),body_LATEST:1+twincities_v2_nolock (1):1+robstride05 v16 (2) (1):1,Rigid 1,joint,rigid,twincities_v2_nolock (1):1+robstride05 v16 (2) (1):1+FL46BLW10-48V-5N.m-DE(2)^FL46BLW10-48V-5N.m-DE (2) (1):1+1_1_31_EB463-510^FL46BLW10-48V-5N.m-DE(2)_FL46BLW10-48V-5N.m-DE (2) (1):1,twincities_v2_nolock (1):1+robstride05 v16 (2) (1):1,,,,,,,,,,,,,,,,,False,origin unreadable
robstride05 v16 (1) (1),body_LATEST:1+twincities_v2_nolock (1):1+robstride05 v16 (1) (1):1,Revolute 2,joint,revolute,twincities_v2_nolock (1):1+robstride05 v16 (1) (1):1+1_1_30_GR-2202_ASM^FL46BLW10-48V-5N.m-DE(2)_FL46BLW10-48V-5N.m-DE (1) (1):1,twincities_v2_nolock (1):1+robstride05 v16 (1) (1):1+FL46BLW10-48V-5N.m-DE(2)^FL46BLW10-48V-5N.m-DE (1) (1):1+1_1_06_EB463-507^FL46BLW10-48V-5N.m-DE(2)_FL46BLW10-48V-5N.m-DE (1) (1):1,,,,0.0,-1.0,0.0,,,0.0,rad,,,0.0,,,,False,origin unreadable
robstride05 v16 (1) (1),body_LATEST:1+twincities_v2_nolock (1):1+robstride05 v16 (1) (1):1,Rigid 1,joint,rigid,twincities_v2_nolock (1):1+robstride05 v16 (1) (1):1+FL46BLW10-48V-5N.m-DE(2)^FL46BLW10-48V-5N.m-DE (1) (1):1+1_1_31_EB463-510^FL46BLW10-48V-5N.m-DE(2)_FL46BLW10-48V-5N.m-DE (1) (1):1,twincities_v2_nolock (1):1+robstride05 v16 (1) (1):1,,,,,,,,,,,,,,,,,False,origin unreadable
IntelRealsense_D435_Multibody v9 (1),body_LATEST:1+twincities_v2_nolock (1):1+IntelRealsense_D435_Multibody v9 (1):1,Rigid 2,joint,rigid,twincities_v2_nolock (1):1+IntelRealsense_D435_Multibody v9 (1):1+Component35 (1):1,twincities_v2_nolock (1):1+IntelRealsense_D435_Multibody v9 (1):1,,,,,,,,,,,,,,,,,False,origin unreadable
twincities_v2_nolock (1),body_LATEST:1+twincities_v2_nolock (1):1,Rigid 2,joint,rigid,twincities_v2_nolock (1):1+schematics (1):1,twincities_v2_nolock (1):1,,,,,,,,,,,,,,,,,False,origin unreadable
twincities_v2_nolock (1),body_LATEST:1+twincities_v2_nolock (1):1,Rigid 3,joint,rigid,twincities_v2_nolock (1):1+robstride05 v16 (2) (1):1+FL46BLW10-48V-5N.m-DE(2)^FL46BLW10-48V-5N.m-DE (2) (1):1+1_1_06_EB463-509^FL46BLW10-48V-5N.m-DE(2)_FL46BLW10-48V-5N.m-DE (2) (1):1,twincities_v2_nolock (1):1+schematics (1):1+robstride05_cross_section (1):1,,,,,,,,,,,,,,,,,False,origin unreadable
twincities_v2_nolock (1),body_LATEST:1+twincities_v2_nolock (1):1,Rigid 10,joint,rigid,twincities_v2_nolock (1):1+gimbal_mount (1):1,twincities_v2_nolock (1):1+schematics (1):1+robstride05_cross_section (1):1,,,,,,,,,,,,,,,,,False,origin unreadable
twincities_v2_nolock (1),body_LATEST:1+twincities_v2_nolock (1):1,Revolute 11,joint,revolute,twincities_v2_nolock (1):1+gimbal_neck (1):1,twincities_v2_nolock (1):1+robstride05 v16 (2) (1):1+1_1_30_GR-2202_ASM^FL46BLW10-48V-5N.m-DE(2)_FL46BLW10-48V-5N.m-DE (2) (1):1+1_1_30_GR-2202_ASM_1_ASM^1_1_30_GR-2202_ASM_FL46BLW10-48V-5N.m-DE(2)_FL46BLW10-48V-5N.m-DE (2) (1):1+00MINI-_20250103_A0001_ASM_1_AS_ASM^1_1_30_GR-2202_ASM_1_ASM_1_1_30_GR-2202_ASM_FL46BLW10-48V-5N.m-DE(2)_FL46BLW10-48V-5N.m-DE (2) (1):1+00MINI-000_ASM_1_ASM_1_ASM^00MINI-_20250103_A0001_ASM_1_AS_ASM_1_1_30_GR-2202_ASM_1_ASM_1_1_30_GR-2202_ASM_FL46BLW10-48V-5N.m-DE(2)_FL46BLW10-48V-5N.m-DE (2) (1):1+0001755650^00MINI-000_ASM_1_ASM_1_ASM_00MINI-_20250103_A0001_ASM_1_AS_ASM_1_1_30_GR-2202_ASM_1_ASM_1_1_30_GR-2202_ASM_FL46BLW10-48V-5N.m-DE(2)_FL46BLW10-48V-5N.m-DE (2) (1):1,,,,0.0,-0.0,1.0,,,5.759587,rad,,,330.0,,,,False,origin unreadable
twincities_v2_nolock (1),body_LATEST:1+twincities_v2_nolock (1):1,Revolute 12,joint,revolute,twincities_v2_nolock (1):1+gimbal_neck (1):1,twincities_v2_nolock (1):1+robstride05 v16 (2) (1):1+1_1_30_GR-2202_ASM^FL46BLW10-48V-5N.m-DE(2)_FL46BLW10-48V-5N.m-DE (2) (1):1+1_1_30_GR-2202_ASM_1_ASM^1_1_30_GR-2202_ASM_FL46BLW10-48V-5N.m-DE(2)_FL46BLW10-48V-5N.m-DE (2) (1):1+00MINI-_20250103_A0001_ASM_1_AS_ASM^1_1_30_GR-2202_ASM_1_ASM_1_1_30_GR-2202_ASM_FL46BLW10-48V-5N.m-DE(2)_FL46BLW10-48V-5N.m-DE (2) (1):1+00MINI-000_ASM_1_ASM_1_ASM^00MINI-_20250103_A0001_ASM_1_AS_ASM_1_1_30_GR-2202_ASM_1_ASM_1_1_30_GR-2202_ASM_FL46BLW10-48V-5N.m-DE(2)_FL46BLW10-48V-5N.m-DE (2) (1):1+0001755650^00MINI-000_ASM_1_ASM_1_ASM_00MINI-_20250103_A0001_ASM_1_AS_ASM_1_1_30_GR-2202_ASM_1_ASM_1_1_30_GR-2202_ASM_FL46BLW10-48V-5N.m-DE(2)_FL46BLW10-48V-5N.m-DE (2) (1):1,,,,0.0,-0.0,1.0,,,5.759587,rad,,,330.0,,,,False,origin unreadable
twincities_v2_nolock (1),body_LATEST:1+twincities_v2_nolock (1):1,Rigid 16,joint,rigid,twincities_v2_nolock (1):1+robstride05 v16 (1) (1):1+FL46BLW10-48V-5N.m-DE(2)^FL46BLW10-48V-5N.m-DE (1) (1):1+1_1_06_EB463-509^FL46BLW10-48V-5N.m-DE(2)_FL46BLW10-48V-5N.m-DE (1) (1):1,twincities_v2_nolock (1):1+gimbal_neck (1):1,,,,,,,,,,,,,,,,,False,origin unreadable
twincities_v2_nolock (1),body_LATEST:1+twincities_v2_nolock (1):1,Rigid 17,joint,rigid,twincities_v2_nolock (1):1+IntelRealsense_D435_Multibody v9 (1):1+Component35 (1):1,twincities_v2_nolock (1):1+gimbal_arm (1):1+Component92 (1):1,,,,,,,,,,,,,,,,,False,origin unreadable
twincities_v2_nolock (1),body_LATEST:1+twincities_v2_nolock (1):1,Rigid 18,joint,rigid,twincities_v2_nolock (1):1+gimbal_arm (1):1+Component92 (1):1,twincities_v2_nolock (1):1+robstride05 v16 (1) (1):1+1_1_30_GR-2202_ASM^FL46BLW10-48V-5N.m-DE(2)_FL46BLW10-48V-5N.m-DE (1) (1):1+1_1_30_GR-2202_ASM_1_ASM^1_1_30_GR-2202_ASM_FL46BLW10-48V-5N.m-DE(2)_FL46BLW10-48V-5N.m-DE (1) (1):1+00MINI-_20250103_A0001_ASM_1_AS_ASM^1_1_30_GR-2202_ASM_1_ASM_1_1_30_GR-2202_ASM_FL46BLW10-48V-5N.m-DE(2)_FL46BLW10-48V-5N.m-DE (1) (1):1+00MINI-000_ASM_1_ASM_1_ASM^00MINI-_20250103_A0001_ASM_1_AS_ASM_1_1_30_GR-2202_ASM_1_ASM_1_1_30_GR-2202_ASM_FL46BLW10-48V-5N.m-DE(2)_FL46BLW10-48V-5N.m-DE (1) (1):1+0001755650^00MINI-000_ASM_1_ASM_1_ASM_00MINI-_20250103_A0001_ASM_1_AS_ASM_1_1_30_GR-2202_ASM_1_ASM_1_1_30_GR-2202_ASM_FL46BLW10-48V-5N.m-DE(2)_FL46BLW10-48V-5N.m-DE (1) (1):1,,,,,,,,,,,,,,,,,False,origin unreadable
twincities_v2_nolock (1),body_LATEST:1+twincities_v2_nolock (1):1,Rigid 19,joint,rigid,twincities_v2_nolock (1):1+U-joint_type_C_adapter v3 (1):1,twincities_v2_nolock (1):1+IntelRealsense_D435_Multibody v9 (1):1+Component35 (1):1,,,,,,,,,,,,,,,,,False,origin unreadable
twincities_v2_nolock (1),body_LATEST:1+twincities_v2_nolock (1):1,Rigid 20,joint,rigid,twincities_v2_nolock (1):1+bearing (1):1,twincities_v2_nolock (1):1+gimbal_neck (1):1,,,,,,,,,,,,,,,,,False,origin unreadable
body_LATEST,body_LATEST:1,Rigid 1,joint,rigid,CNC_body02_x2_side_plate:1,CNC_body01_x1_bottom_plate:1,-0.0,86.25,5.0,,,,,,,,,,,,,,False,
body_LATEST,body_LATEST:1,Rigid 48,joint,rigid,CNC_body03_x1_top_plate:1,CNC_body02_x2_side_plate:1,0.0,86.25,409.0,,,,,,,,,,,,,,False,
body_LATEST,body_LATEST:1,Rigid 85,joint,rigid,3DP_body_05_x1_interior_plate:1,CNC_body02_x2_side_plate:1,-42.0,78.0,240.0,,,,,,,,,,,,,,False,
body_LATEST,body_LATEST:1,Rigid 87,joint,rigid,CNC_body02_x2_side_plate:2,CNC_body01_x1_bottom_plate:1,-0.0,-86.25,5.0,,,,,,,,,,,,,,False,
body_LATEST,body_LATEST:1,Rigid 90,joint,rigid,BEARING:1+bearing_45x58x7_6809_5.4kN_40g:2+half-bearing-45x58x7_6809_5.4kN_40g:1,CNC_body02_x2_side_plate:1,-0.0,90.0,347.5,,,,,,,,,,,,,,False,
body_LATEST,body_LATEST:1,Rigid 91,joint,rigid,BEARING:1+bearing_45x58x7_6809_5.4kN_40g:3+half-bearing-45x58x7_6809_5.4kN_40g:1,CNC_body02_x2_side_plate:2,-0.0,-90.0,347.5,,,,,,,,,,,,,,False,
body_LATEST,body_LATEST:1,Rigid 97,joint,rigid,,CNC_body01_x1_bottom_plate:1,,,,,,,,,,,,,,,,,False,origin unreadable
body_LATEST,body_LATEST:1,Rigid 98,joint,rigid,CNC_body04_x4_front_plate:1,CNC_body01_x1_bottom_plate:1,60.0,-0.0,6.75,,,,,,,,,,,,,,False,
body_LATEST,body_LATEST:1,Rigid 100,joint,rigid,CNC_body04_x4_front_plate:2,CNC_body01_x1_bottom_plate:1,-60.0,0.0,6.75,,,,,,,,,,,,,,False,
body_LATEST,body_LATEST:1,Rigid 103,joint,rigid,CNC_body04_x4_front_plate:3,CNC_body03_x1_top_plate:1,-60.0,-0.0,407.25,,,,,,,,,,,,,,False,
body_LATEST,body_LATEST:1,Rigid 104,joint,rigid,CNC_body04_x4_front_plate:4,CNC_body03_x1_top_plate:1,60.0,0.0,407.25,,,,,,,,,,,,,,False,
body_LATEST,body_LATEST:1,Rigid 107,joint,rigid,Hexalobular Socket Pan Head Screw ISO 14583 - M3x10 Steel 4.6 Plain:1,CNC_body04_x4_front_plate:4,,,,,,,,,,,,,,,,,False,origin unreadable
body_LATEST,body_LATEST:1,Rigid 108,joint,rigid,Hexalobular Socket Pan Head Screw ISO 14583 - M3x10 Steel 4.6 Plain:2,CNC_body04_x4_front_plate:4,,,,,,,,,,,,,,,,,False,origin unreadable
body_LATEST,body_LATEST:1,Rigid 109,joint,rigid,Hexalobular Socket Pan Head Screw ISO 14583 - M3x10 Steel 4.6 Plain:3,CNC_body04_x4_front_plate:4,,,,,,,,,,,,,,,,,False,origin unreadable
body_LATEST,body_LATEST:1,Rigid 110,joint,rigid,Hexalobular Socket Pan Head Screw ISO 14583 - M3x10 Steel 4.6 Plain:4,CNC_body04_x4_front_plate:4,,,,,,,,,,,,,,,,,False,origin unreadable
body_LATEST,body_LATEST:1,Rigid 111,joint,rigid,Hexalobular Socket Pan Head Screw ISO 14583 - M3x10 Steel 4.6 Plain:5,CNC_body04_x4_front_plate:4,,,,,,,,,,,,,,,,,False,origin unreadable
body_LATEST,body_LATEST:1,Rigid 112,joint,rigid,Hexalobular Socket Pan Head Screw ISO 14583 - M3x10 Steel 4.6 Plain:6,CNC_body04_x4_front_plate:4,,,,,,,,,,,,,,,,,False,origin unreadable
body_LATEST,body_LATEST:1,Rigid 113,joint,rigid,Hexalobular Socket Pan Head Screw ISO 14583 - M3x10 Steel 4.6 Plain:7,CNC_body04_x4_front_plate:4,,,,,,,,,,,,,,,,,False,origin unreadable
body_LATEST,body_LATEST:1,Rigid 114,joint,rigid,Hexalobular Socket Pan Head Screw ISO 14583 - M3x10 Steel 4.6 Plain:8,CNC_body04_x4_front_plate:4,,,,,,,,,,,,,,,,,False,origin unreadable
body_LATEST,body_LATEST:1,Rigid 115,joint,rigid,Hexalobular Socket Pan Head Screw ISO 14583 - M3x10 Steel 4.6 Plain:9,CNC_body04_x4_front_plate:4,,,,,,,,,,,,,,,,,False,origin unreadable
body_LATEST,body_LATEST:1,Rigid 116,joint,rigid,Hexalobular Socket Pan Head Screw ISO 14583 - M3x10 Steel 4.6 Plain:10,CNC_body04_x4_front_plate:3,,,,,,,,,,,,,,,,,False,origin unreadable
body_LATEST,body_LATEST:1,Rigid 117,joint,rigid,Hexalobular Socket Pan Head Screw ISO 14583 - M3x10 Steel 4.6 Plain:11,CNC_body04_x4_front_plate:3,,,,,,,,,,,,,,,,,False,origin unreadable
body_LATEST,body_LATEST:1,Rigid 118,joint,rigid,Hexalobular Socket Pan Head Screw ISO 14583 - M3x10 Steel 4.6 Plain:12,CNC_body04_x4_front_plate:3,,,,,,,,,,,,,,,,,False,origin unreadable
body_LATEST,body_LATEST:1,Rigid 119,joint,rigid,Hexalobular Socket Pan Head Screw ISO 14583 - M3x10 Steel 4.6 Plain:13,CNC_body04_x4_front_plate:3,,,,,,,,,,,,,,,,,False,origin unreadable
body_LATEST,body_LATEST:1,Rigid 120,joint,rigid,Hexalobular Socket Pan Head Screw ISO 14583 - M3x10 Steel 4.6 Plain:14,CNC_body04_x4_front_plate:3,,,,,,,,,,,,,,,,,False,origin unreadable
body_LATEST,body_LATEST:1,Rigid 121,joint,rigid,Hexalobular Socket Pan Head Screw ISO 14583 - M3x10 Steel 4.6 Plain:15,CNC_body04_x4_front_plate:3,,,,,,,,,,,,,,,,,False,origin unreadable
body_LATEST,body_LATEST:1,Rigid 122,joint,rigid,Hexalobular Socket Pan Head Screw ISO 14583 - M3x10 Steel 4.6 Plain:16,CNC_body04_x4_front_plate:3,,,,,,,,,,,,,,,,,False,origin unreadable
body_LATEST,body_LATEST:1,Rigid 123,joint,rigid,Hexalobular Socket Pan Head Screw ISO 14583 - M3x10 Steel 4.6 Plain:17,CNC_body04_x4_front_plate:3,,,,,,,,,,,,,,,,,False,origin unreadable
body_LATEST,body_LATEST:1,Rigid 124,joint,rigid,Hexalobular Socket Pan Head Screw ISO 14583 - M3x10 Steel 4.6 Plain:18,CNC_body04_x4_front_plate:3,,,,,,,,,,,,,,,,,False,origin unreadable
body_LATEST,body_LATEST:1,Rigid 125,joint,rigid,Hexalobular Socket Pan Head Screw ISO 14583 - M3x10 Steel 4.6 Plain:19,CNC_body04_x4_front_plate:3,,,,,,,,,,,,,,,,,False,origin unreadable
body_LATEST,body_LATEST:1,Rigid 126,joint,rigid,Hexalobular Socket Pan Head Screw ISO 14583 - M3x10 Steel 4.6 Plain:20,CNC_body04_x4_front_plate:3,,,,,,,,,,,,,,,,,False,origin unreadable
body_LATEST,body_LATEST:1,Rigid 127,joint,rigid,Hexalobular Socket Pan Head Screw ISO 14583 - M3x10 Steel 4.6 Plain:21,CNC_body04_x4_front_plate:3,,,,,,,,,,,,,,,,,False,origin unreadable
body_LATEST,body_LATEST:1,Rigid 128,joint,rigid,Hexalobular Socket Pan Head Screw ISO 14583 - M3x10 Steel 4.6 Plain:22,CNC_body04_x4_front_plate:1,,,,,,,,,,,,,,,,,False,origin unreadable
body_LATEST,body_LATEST:1,Rigid 129,joint,rigid,Hexalobular Socket Pan Head Screw ISO 14583 - M3x10 Steel 4.6 Plain:23,CNC_body04_x4_front_plate:1,,,,,,,,,,,,,,,,,False,origin unreadable
body_LATEST,body_LATEST:1,Rigid 130,joint,rigid,Hexalobular Socket Pan Head Screw ISO 14583 - M3x10 Steel 4.6 Plain:24,CNC_body04_x4_front_plate:1,,,,,,,,,,,,,,,,,False,origin unreadable
body_LATEST,body_LATEST:1,Rigid 131,joint,rigid,Hexalobular Socket Pan Head Screw ISO 14583 - M3x10 Steel 4.6 Plain:25,CNC_body04_x4_front_plate:1,,,,,,,,,,,,,,,,,False,origin unreadable
body_LATEST,body_LATEST:1,Rigid 132,joint,rigid,Hexalobular Socket Pan Head Screw ISO 14583 - M3x10 Steel 4.6 Plain:26,CNC_body04_x4_front_plate:1,,,,,,,,,,,,,,,,,False,origin unreadable
body_LATEST,body_LATEST:1,Rigid 133,joint,rigid,Hexalobular Socket Pan Head Screw ISO 14583 - M3x10 Steel 4.6 Plain:27,CNC_body04_x4_front_plate:1,,,,,,,,,,,,,,,,,False,origin unreadable
body_LATEST,body_LATEST:1,Rigid 134,joint,rigid,Hexalobular Socket Pan Head Screw ISO 14583 - M3x10 Steel 4.6 Plain:28,CNC_body04_x4_front_plate:1,,,,,,,,,,,,,,,,,False,origin unreadable
body_LATEST,body_LATEST:1,Rigid 135,joint,rigid,Hexalobular Socket Pan Head Screw ISO 14583 - M3x10 Steel 4.6 Plain:29,CNC_body04_x4_front_plate:1,,,,,,,,,,,,,,,,,False,origin unreadable
body_LATEST,body_LATEST:1,Rigid 136,joint,rigid,Hexalobular Socket Pan Head Screw ISO 14583 - M3x10 Steel 4.6 Plain:30,CNC_body04_x4_front_plate:1,,,,,,,,,,,,,,,,,False,origin unreadable
body_LATEST,body_LATEST:1,Rigid 137,joint,rigid,Hexalobular Socket Pan Head Screw ISO 14583 - M3x10 Steel 4.6 Plain:31,CNC_body04_x4_front_plate:1,,,,,,,,,,,,,,,,,False,origin unreadable
body_LATEST,body_LATEST:1,Rigid 138,joint,rigid,Hexalobular Socket Pan Head Screw ISO 14583 - M3x10 Steel 4.6 Plain:32,CNC_body04_x4_front_plate:1,,,,,,,,,,,,,,,,,False,origin unreadable
body_LATEST,body_LATEST:1,Rigid 139,joint,rigid,Hexalobular Socket Pan Head Screw ISO 14583 - M3x10 Steel 4.6 Plain:33,CNC_body04_x4_front_plate:1,,,,,,,,,,,,,,,,,False,origin unreadable
body_LATEST,body_LATEST:1,Rigid 140,joint,rigid,Hexalobular Socket Pan Head Screw ISO 14583 - M3x10 Steel 4.6 Plain:34,CNC_body04_x4_front_plate:2,,,,,,,,,,,,,,,,,False,origin unreadable
body_LATEST,body_LATEST:1,Rigid 141,joint,rigid,Hexalobular Socket Pan Head Screw ISO 14583 - M3x10 Steel 4.6 Plain:35,CNC_body04_x4_front_plate:2,,,,,,,,,,,,,,,,,False,origin unreadable
body_LATEST,body_LATEST:1,Rigid 142,joint,rigid,Hexalobular Socket Pan Head Screw ISO 14583 - M3x10 Steel 4.6 Plain:36,CNC_body04_x4_front_plate:2,,,,,,,,,,,,,,,,,False,origin unreadable
body_LATEST,body_LATEST:1,Rigid 143,joint,rigid,Hexalobular Socket Pan Head Screw ISO 14583 - M3x10 Steel 4.6 Plain:37,CNC_body04_x4_front_plate:2,,,,,,,,,,,,,,,,,False,origin unreadable
body_LATEST,body_LATEST:1,Rigid 144,joint,rigid,Hexalobular Socket Pan Head Screw ISO 14583 - M3x10 Steel 4.6 Plain:38,CNC_body04_x4_front_plate:2,,,,,,,,,,,,,,,,,False,origin unreadable
body_LATEST,body_LATEST:1,Rigid 145,joint,rigid,Hexalobular Socket Pan Head Screw ISO 14583 - M3x10 Steel 4.6 Plain:39,CNC_body04_x4_front_plate:2,,,,,,,,,,,,,,,,,False,origin unreadable
body_LATEST,body_LATEST:1,Rigid 146,joint,rigid,Hexalobular Socket Pan Head Screw ISO 14583 - M3x10 Steel 4.6 Plain:40,CNC_body04_x4_front_plate:2,,,,,,,,,,,,,,,,,False,origin unreadable
body_LATEST,body_LATEST:1,Rigid 147,joint,rigid,Hexalobular Socket Pan Head Screw ISO 14583 - M3x10 Steel 4.6 Plain:41,CNC_body04_x4_front_plate:2,,,,,,,,,,,,,,,,,False,origin unreadable
body_LATEST,body_LATEST:1,Rigid 148,joint,rigid,Hexalobular Socket Pan Head Screw ISO 14583 - M3x10 Steel 4.6 Plain:42,CNC_body04_x4_front_plate:2,,,,,,,,,,,,,,,,,False,origin unreadable
body_LATEST,body_LATEST:1,Rigid 149,joint,rigid,Hexalobular Socket Pan Head Screw ISO 14583 - M3x10 Steel 4.6 Plain:43,CNC_body04_x4_front_plate:2,,,,,,,,,,,,,,,,,False,origin unreadable
body_LATEST,body_LATEST:1,Rigid 150,joint,rigid,Hexalobular Socket Pan Head Screw ISO 14583 - M3x10 Steel 4.6 Plain:44,CNC_body04_x4_front_plate:2,,,,,,,,,,,,,,,,,False,origin unreadable
body_LATEST,body_LATEST:1,Rigid 151,joint,rigid,Hexalobular Socket Pan Head Screw ISO 14583 - M3x10 Steel 4.6 Plain:45,CNC_body04_x4_front_plate:2,,,,,,,,,,,,,,,,,False,origin unreadable
body_LATEST,body_LATEST:1,Rigid 152,joint,rigid,Hexalobular Socket Pan Head Screw ISO 14583 - M3x12 Steel 4.6 Plain:1,CNC_body02_x2_side_plate:2,,,,,,,,,,,,,,,,,False,origin unreadable
body_LATEST,body_LATEST:1,Rigid 153,joint,rigid,Hexalobular Socket Pan Head Screw ISO 14583 - M3x12 Steel 4.6 Plain:2,CNC_body02_x2_side_plate:2,,,,,,,,,,,,,,,,,False,origin unreadable
body_LATEST,body_LATEST:1,Rigid 154,joint,rigid,Hexalobular Socket Pan Head Screw ISO 14583 - M3x12 Steel 4.6 Plain:3,CNC_body02_x2_side_plate:2,,,,,,,,,,,,,,,,,False,origin unreadable
body_LATEST,body_LATEST:1,Rigid 155,joint,rigid,Hexalobular Socket Pan Head Screw ISO 14583 - M3x12 Steel 4.6 Plain:4,CNC_body02_x2_side_plate:2,,,,,,,,,,,,,,,,,False,origin unreadable
body_LATEST,body_LATEST:1,Rigid 156,joint,rigid,Hexalobular Socket Pan Head Screw ISO 14583 - M3x12 Steel 4.6 Plain:5,CNC_body02_x2_side_plate:2,,,,,,,,,,,,,,,,,False,origin unreadable
body_LATEST,body_LATEST:1,Rigid 157,joint,rigid,Hexalobular Socket Pan Head Screw ISO 14583 - M3x12 Steel 4.6 Plain:6,CNC_body02_x2_side_plate:2,,,,,,,,,,,,,,,,,False,origin unreadable
body_LATEST,body_LATEST:1,Rigid 158,joint,rigid,Hexalobular Socket Pan Head Screw ISO 14583 - M3x12 Steel 4.6 Plain:7,CNC_body02_x2_side_plate:2,,,,,,,,,,,,,,,,,False,origin unreadable
body_LATEST,body_LATEST:1,Rigid 159,joint,rigid,Hexalobular Socket Pan Head Screw ISO 14583 - M3x12 Steel 4.6 Plain:8,CNC_body02_x2_side_plate:2,,,,,,,,,,,,,,,,,False,origin unreadable
body_LATEST,body_LATEST:1,Rigid 160,joint,rigid,Hexalobular Socket Pan Head Screw ISO 14583 - M3x12 Steel 4.6 Plain:9,CNC_body02_x2_side_plate:1,,,,,,,,,,,,,,,,,False,origin unreadable
body_LATEST,body_LATEST:1,Rigid 161,joint,rigid,Hexalobular Socket Pan Head Screw ISO 14583 - M3x12 Steel 4.6 Plain:10,CNC_body02_x2_side_plate:1,,,,,,,,,,,,,,,,,False,origin unreadable
body_LATEST,body_LATEST:1,Rigid 162,joint,rigid,Hexalobular Socket Pan Head Screw ISO 14583 - M3x12 Steel 4.6 Plain:11,CNC_body02_x2_side_plate:1,,,,,,,,,,,,,,,,,False,origin unreadable
body_LATEST,body_LATEST:1,Rigid 163,joint,rigid,Hexalobular Socket Pan Head Screw ISO 14583 - M3x12 Steel 4.6 Plain:12,CNC_body02_x2_side_plate:1,,,,,,,,,,,,,,,,,False,origin unreadable
body_LATEST,body_LATEST:1,Rigid 164,joint,rigid,Hexalobular Socket Pan Head Screw ISO 14583 - M3x12 Steel 4.6 Plain:13,CNC_body02_x2_side_plate:1,,,,,,,,,,,,,,,,,False,origin unreadable
body_LATEST,body_LATEST:1,Rigid 165,joint,rigid,Hexalobular Socket Pan Head Screw ISO 14583 - M3x12 Steel 4.6 Plain:14,CNC_body02_x2_side_plate:1,,,,,,,,,,,,,,,,,False,origin unreadable
body_LATEST,body_LATEST:1,Rigid 166,joint,rigid,Hexalobular Socket Pan Head Screw ISO 14583 - M3x12 Steel 4.6 Plain:15,CNC_body02_x2_side_plate:1,,,,,,,,,,,,,,,,,False,origin unreadable
body_LATEST,body_LATEST:1,Rigid 167,joint,rigid,Hexalobular Socket Pan Head Screw ISO 14583 - M3x12 Steel 4.6 Plain:16,CNC_body02_x2_side_plate:1,,,,,,,,,,,,,,,,,False,origin unreadable
body_LATEST,body_LATEST:1,Rigid 188,joint,rigid,Hexalobular Socket Pan Head Screw ISO 14583 - M4x10 Steel 4.6 Plain:1,CNC_body02_x2_side_plate:2,,,,,,,,,,,,,,,,,False,origin unreadable
body_LATEST,body_LATEST:1,Rigid 189,joint,rigid,Hexalobular Socket Pan Head Screw ISO 14583 - M4x10 Steel 4.6 Plain:2,CNC_body02_x2_side_plate:2,,,,,,,,,,,,,,,,,False,origin unreadable
body_LATEST,body_LATEST:1,Rigid 190,joint,rigid,Hexalobular Socket Pan Head Screw ISO 14583 - M4x10 Steel 4.6 Plain:3,CNC_body02_x2_side_plate:2,,,,,,,,,,,,,,,,,False,origin unreadable
body_LATEST,body_LATEST:1,Rigid 191,joint,rigid,Hexalobular Socket Pan Head Screw ISO 14583 - M4x10 Steel 4.6 Plain:4,CNC_body02_x2_side_plate:2,,,,,,,,,,,,,,,,,False,origin unreadable
body_LATEST,body_LATEST:1,Rigid 192,joint,rigid,Hexalobular Socket Pan Head Screw ISO 14583 - M4x10 Steel 4.6 Plain:5,CNC_body02_x2_side_plate:2,,,,,,,,,,,,,,,,,False,origin unreadable
body_LATEST,body_LATEST:1,Rigid 193,joint,rigid,Hexalobular Socket Pan Head Screw ISO 14583 - M4x10 Steel 4.6 Plain:6,CNC_body02_x2_side_plate:2,,,,,,,,,,,,,,,,,False,origin unreadable
body_LATEST,body_LATEST:1,Rigid 194,joint,rigid,Hexalobular Socket Pan Head Screw ISO 14583 - M4x10 Steel 4.6 Plain:7,CNC_body02_x2_side_plate:2,,,,,,,,,,,,,,,,,False,origin unreadable
body_LATEST,body_LATEST:1,Rigid 195,joint,rigid,Hexalobular Socket Pan Head Screw ISO 14583 - M4x10 Steel 4.6 Plain:8,CNC_body02_x2_side_plate:2,,,,,,,,,,,,,,,,,False,origin unreadable
body_LATEST,body_LATEST:1,Rigid 196,joint,rigid,Hexalobular Socket Pan Head Screw ISO 14583 - M4x10 Steel 4.6 Plain:9,CNC_body02_x2_side_plate:1,,,,,,,,,,,,,,,,,False,origin unreadable
body_LATEST,body_LATEST:1,Rigid 197,joint,rigid,Hexalobular Socket Pan Head Screw ISO 14583 - M4x10 Steel 4.6 Plain:10,CNC_body02_x2_side_plate:1,,,,,,,,,,,,,,,,,False,origin unreadable
body_LATEST,body_LATEST:1,Rigid 198,joint,rigid,Hexalobular Socket Pan Head Screw ISO 14583 - M4x10 Steel 4.6 Plain:11,CNC_body02_x2_side_plate:1,,,,,,,,,,,,,,,,,False,origin unreadable
body_LATEST,body_LATEST:1,Rigid 199,joint,rigid,Hexalobular Socket Pan Head Screw ISO 14583 - M4x10 Steel 4.6 Plain:12,CNC_body02_x2_side_plate:1,,,,,,,,,,,,,,,,,False,origin unreadable
body_LATEST,body_LATEST:1,Rigid 200,joint,rigid,Hexalobular Socket Pan Head Screw ISO 14583 - M4x10 Steel 4.6 Plain:13,CNC_body02_x2_side_plate:1,,,,,,,,,,,,,,,,,False,origin unreadable
body_LATEST,body_LATEST:1,Rigid 201,joint,rigid,Hexalobular Socket Pan Head Screw ISO 14583 - M4x10 Steel 4.6 Plain:14,CNC_body02_x2_side_plate:1,,,,,,,,,,,,,,,,,False,origin unreadable
body_LATEST,body_LATEST:1,Rigid 202,joint,rigid,Hexalobular Socket Pan Head Screw ISO 14583 - M4x10 Steel 4.6 Plain:15,CNC_body02_x2_side_plate:1,,,,,,,,,,,,,,,,,False,origin unreadable
body_LATEST,body_LATEST:1,Rigid 203,joint,rigid,Hexalobular Socket Pan Head Screw ISO 14583 - M4x10 Steel 4.6 Plain:16,CNC_body02_x2_side_plate:1,,,,,,,,,,,,,,,,,False,origin unreadable
body_LATEST,body_LATEST:1,Rigid 204,joint,rigid,Hexalobular Socket Pan Head Screw ISO 14583 - M3x10 Steel 4.6 Plain:46,CNC_body03_x1_top_plate:1,,,,,,,,,,,,,,,,,False,origin unreadable
body_LATEST,body_LATEST:1,Rigid 205,joint,rigid,Hexalobular Socket Pan Head Screw ISO 14583 - M3x10 Steel 4.6 Plain:47,CNC_body03_x1_top_plate:1,,,,,,,,,,,,,,,,,False,origin unreadable
body_LATEST,body_LATEST:1,Rigid 206,joint,rigid,Hexalobular Socket Pan Head Screw ISO 14583 - M3x10 Steel 4.6 Plain:48,CNC_body03_x1_top_plate:1,,,,,,,,,,,,,,,,,False,origin unreadable
body_LATEST,body_LATEST:1,Rigid 207,joint,rigid,Hexalobular Socket Pan Head Screw ISO 14583 - M3x10 Steel 4.6 Plain:49,CNC_body03_x1_top_plate:1,,,,,,,,,,,,,,,,,False,origin unreadable
body_LATEST,body_LATEST:1,Rigid 208,joint,rigid,Hexalobular Socket Pan Head Screw ISO 14583 - M3x10 Steel 4.6 Plain:50,CNC_body03_x1_top_plate:1,,,,,,,,,,,,,,,,,False,origin unreadable
body_LATEST,body_LATEST:1,Rigid 209,joint,rigid,Hexalobular Socket Pan Head Screw ISO 14583 - M3x10 Steel 4.6 Plain:51,CNC_body03_x1_top_plate:1,,,,,,,,,,,,,,,,,False,origin unreadable
body_LATEST,body_LATEST:1,Rigid 210,joint,rigid,Hexalobular Socket Pan Head Screw ISO 14583 - M3x10 Steel 4.6 Plain:52,CNC_body03_x1_top_plate:1,,,,,,,,,,,,,,,,,False,origin unreadable
body_LATEST,body_LATEST:1,Rigid 211,joint,rigid,Hexalobular Socket Pan Head Screw ISO 14583 - M3x10 Steel 4.6 Plain:53,CNC_body03_x1_top_plate:1,,,,,,,,,,,,,,,,,False,origin unreadable
body_LATEST,body_LATEST:1,Rigid 212,joint,rigid,Hexalobular Socket Pan Head Screw ISO 14583 - M3x10 Steel 4.6 Plain:54,CNC_body03_x1_top_plate:1,,,,,,,,,,,,,,,,,False,origin unreadable
body_LATEST,body_LATEST:1,Rigid 213,joint,rigid,Hexalobular Socket Pan Head Screw ISO 14583 - M3x10 Steel 4.6 Plain:55,CNC_body03_x1_top_plate:1,,,,,,,,,,,,,,,,,False,origin unreadable
body_LATEST,body_LATEST:1,Rigid 214,joint,rigid,Hexalobular Socket Pan Head Screw ISO 14583 - M3x10 Steel 4.6 Plain:56,CNC_body01_x1_bottom_plate:1,,,,,,,,,,,,,,,,,False,origin unreadable
body_LATEST,body_LATEST:1,Rigid 215,joint,rigid,Hexalobular Socket Pan Head Screw ISO 14583 - M3x10 Steel 4.6 Plain:57,CNC_body01_x1_bottom_plate:1,,,,,,,,,,,,,,,,,False,origin unreadable
body_LATEST,body_LATEST:1,Rigid 216,joint,rigid,Hexalobular Socket Pan Head Screw ISO 14583 - M3x10 Steel 4.6 Plain:58,CNC_body01_x1_bottom_plate:1,,,,,,,,,,,,,,,,,False,origin unreadable
body_LATEST,body_LATEST:1,Rigid 217,joint,rigid,Hexalobular Socket Pan Head Screw ISO 14583 - M3x10 Steel 4.6 Plain:59,CNC_body01_x1_bottom_plate:1,,,,,,,,,,,,,,,,,False,origin unreadable
body_LATEST,body_LATEST:1,Rigid 218,joint,rigid,Hexalobular Socket Pan Head Screw ISO 14583 - M3x10 Steel 4.6 Plain:60,CNC_body01_x1_bottom_plate:1,,,,,,,,,,,,,,,,,False,origin unreadable
body_LATEST,body_LATEST:1,Rigid 219,joint,rigid,Hexalobular Socket Pan Head Screw ISO 14583 - M3x10 Steel 4.6 Plain:61,CNC_body01_x1_bottom_plate:1,,,,,,,,,,,,,,,,,False,origin unreadable
body_LATEST,body_LATEST:1,Rigid 220,joint,rigid,Hexalobular Socket Pan Head Screw ISO 14583 - M3x10 Steel 4.6 Plain:62,CNC_body01_x1_bottom_plate:1,,,,,,,,,,,,,,,,,False,origin unreadable
body_LATEST,body_LATEST:1,Rigid 221,joint,rigid,Hexalobular Socket Pan Head Screw ISO 14583 - M3x10 Steel 4.6 Plain:63,CNC_body01_x1_bottom_plate:1,,,,,,,,,,,,,,,,,False,origin unreadable
body_LATEST,body_LATEST:1,Rigid 222,joint,rigid,Hexalobular Socket Pan Head Screw ISO 14583 - M3x10 Steel 4.6 Plain:64,CNC_body01_x1_bottom_plate:1,,,,,,,,,,,,,,,,,False,origin unreadable
body_LATEST,body_LATEST:1,Rigid 223,joint,rigid,Hexalobular Socket Pan Head Screw ISO 14583 - M3x10 Steel 4.6 Plain:65,CNC_body01_x1_bottom_plate:1,,,,,,,,,,,,,,,,,False,origin unreadable
body_LATEST,body_LATEST:1,Rigid 227,joint,rigid,3DP_body_08_x1_back_plate_fixed:1,CNC_body02_x2_side_plate:2,-53.75,-81.0,200.0,,,,,,,,,,,,,,False,
body_LATEST,body_LATEST:1,Rigid 228,joint,rigid,3DP_body_09_x1_back_plate_removable:1,3DP_body_08_x1_back_plate_fixed:1,-60.0,71.298,307.5,,,,,,,,,,,,,,False,
body_LATEST,body_LATEST:1,Rigid 229,joint,rigid,3DP_body_06_x1_front_plate_fixed:1,CNC_body02_x2_side_plate:1,53.75,80.5,321.0,,,,,,,,,,,,,,False,
body_LATEST,body_LATEST:1,Rigid 230,joint,rigid,3DP_body_07_x1_front_plate_removable:1,3DP_body_06_x1_front_plate_fixed:1,60.0,-71.298,307.5,,,,,,,,,,,,,,False,
body_LATEST,body_LATEST:1,Rigid 231,joint,rigid,,CNC_body02_x2_side_plate:2,,,,,,,,,,,,,,,,,False,origin unreadable
body_LATEST,body_LATEST:1,Rigid 232,joint,rigid,,CNC_body02_x2_side_plate:1,,,,,,,,,,,,,,,,,False,origin unreadable
body_LATEST,body_LATEST:1,Rigid 234,joint,rigid,,CNC_body03_x1_top_plate:1,,,,,,,,,,,,,,,,,False,origin unreadable
body_LATEST,body_LATEST:1,Rigid 235,joint,rigid,,CNC_body03_x1_top_plate:1,,,,,,,,,,,,,,,,,False,origin unreadable
body_LATEST,body_LATEST:1,Rigid 236,joint,rigid,,CNC_body03_x1_top_plate:1,,,,,,,,,,,,,,,,,False,origin unreadable
body_LATEST,body_LATEST:1,Rigid 237,joint,rigid,3DP_body_05_x1_interior_plate:1,CNC_body02_x2_side_plate:1,-45.5,78.0,10.0,,,,,,,,,,,,,,False,
body_LATEST,body_LATEST:1,Rigid 238,joint,rigid,,CNC_body03_x1_top_plate:1,,,,,,,,,,,,,,,,,False,origin unreadable
body_LATEST,body_LATEST:1,Rigid 239,joint,rigid,twincities_v2_nolock:1+gimbal_mount:1,Hexalobular Socket Pan Head Screw ISO 14583 - M3x10 Steel 4.6 Plain:50,-22.5,-86.25,412.0,,,,,,,,,,,,,,False,
body_LATEST,body_LATEST:1,Rigid 240,joint,rigid,twincities_v2_nolock (1):1+gimbal_mount (1):1,Hexalobular Socket Pan Head Screw ISO 14583 - M3x10 Steel 4.6 Plain:46,22.5,86.25,412.0,,,,,,,,,,,,,,False,
body_LATEST,body_LATEST:1,Rigid 281,joint,rigid,Hexalobular Socket Pan Head Screw ISO 14583 - M3.5x10 Steel 4.6 Plain:1,3DP_body_08_x1_back_plate_fixed:1,,,,,,,,,,,,,,,,,False,origin unreadable
body_LATEST,body_LATEST:1,Rigid 282,joint,rigid,Hexalobular Socket Pan Head Screw ISO 14583 - M3.5x10 Steel 4.6 Plain:2,3DP_body_08_x1_back_plate_fixed:1,,,,,,,,,,,,,,,,,False,origin unreadable
body_LATEST,body_LATEST:1,Rigid 283,joint,rigid,Hexalobular Socket Pan Head Screw ISO 14583 - M3.5x10 Steel 4.6 Plain:3,3DP_body_08_x1_back_plate_fixed:1,,,,,,,,,,,,,,,,,False,origin unreadable
body_LATEST,body_LATEST:1,Rigid 284,joint,rigid,Hexalobular Socket Pan Head Screw ISO 14583 - M3.5x10 Steel 4.6 Plain:4,3DP_body_08_x1_back_plate_fixed:1,,,,,,,,,,,,,,,,,False,origin unreadable
body_LATEST,body_LATEST:1,Rigid 285,joint,rigid,Hexalobular Socket Pan Head Screw ISO 14583 - M3.5x10 Steel 4.6 Plain:5,3DP_body_08_x1_back_plate_fixed:1,,,,,,,,,,,,,,,,,False,origin unreadable
body_LATEST,body_LATEST:1,Rigid 286,joint,rigid,Hexalobular Socket Pan Head Screw ISO 14583 - M3.5x10 Steel 4.6 Plain:6,3DP_body_08_x1_back_plate_fixed:1,,,,,,,,,,,,,,,,,False,origin unreadable
body_LATEST,body_LATEST:1,Rigid 287,joint,rigid,Hexalobular Socket Pan Head Screw ISO 14583 - M3.5x10 Steel 4.6 Plain:7,3DP_body_08_x1_back_plate_fixed:1,,,,,,,,,,,,,,,,,False,origin unreadable
body_LATEST,body_LATEST:1,Rigid 288,joint,rigid,Hexalobular Socket Pan Head Screw ISO 14583 - M3.5x10 Steel 4.6 Plain:8,3DP_body_08_x1_back_plate_fixed:1,,,,,,,,,,,,,,,,,False,origin unreadable
body_LATEST,body_LATEST:1,Rigid 289,joint,rigid,Hexalobular Socket Pan Head Screw ISO 14583 - M3.5x10 Steel 4.6 Plain:9,3DP_body_08_x1_back_plate_fixed:1,,,,,,,,,,,,,,,,,False,origin unreadable
body_LATEST,body_LATEST:1,Rigid 290,joint,rigid,Hexalobular Socket Pan Head Screw ISO 14583 - M3.5x10 Steel 4.6 Plain:10,3DP_body_08_x1_back_plate_fixed:1,,,,,,,,,,,,,,,,,False,origin unreadable
body_LATEST,body_LATEST:1,Rigid 291,joint,rigid,Hexalobular Socket Pan Head Screw ISO 14583 - M3.5x10 Steel 4.6 Plain:11,3DP_body_08_x1_back_plate_fixed:1,,,,,,,,,,,,,,,,,False,origin unreadable
body_LATEST,body_LATEST:1,Rigid 292,joint,rigid,Hexalobular Socket Pan Head Screw ISO 14583 - M3.5x10 Steel 4.6 Plain:12,3DP_body_08_x1_back_plate_fixed:1,,,,,,,,,,,,,,,,,False,origin unreadable
body_LATEST,body_LATEST:1,Rigid 293,joint,rigid,Hexalobular Socket Pan Head Screw ISO 14583 - M3.5x10 Steel 4.6 Plain:13,3DP_body_08_x1_back_plate_fixed:1,,,,,,,,,,,,,,,,,False,origin unreadable
body_LATEST,body_LATEST:1,Rigid 294,joint,rigid,Hexalobular Socket Pan Head Screw ISO 14583 - M3.5x10 Steel 4.6 Plain:14,3DP_body_08_x1_back_plate_fixed:1,,,,,,,,,,,,,,,,,False,origin unreadable
body_LATEST,body_LATEST:1,Rigid 295,joint,rigid,Hexalobular Socket Pan Head Screw ISO 14583 - M3.5x10 Steel 4.6 Plain:15,3DP_body_06_x1_front_plate_fixed:1,,,,,,,,,,,,,,,,,False,origin unreadable
body_LATEST,body_LATEST:1,Rigid 296,joint,rigid,Hexalobular Socket Pan Head Screw ISO 14583 - M3.5x10 Steel 4.6 Plain:16,3DP_body_06_x1_front_plate_fixed:1,,,,,,,,,,,,,,,,,False,origin unreadable
body_LATEST,body_LATEST:1,Rigid 297,joint,rigid,Hexalobular Socket Pan Head Screw ISO 14583 - M3.5x10 Steel 4.6 Plain:17,3DP_body_06_x1_front_plate_fixed:1,,,,,,,,,,,,,,,,,False,origin unreadable
body_LATEST,body_LATEST:1,Rigid 298,joint,rigid,Hexalobular Socket Pan Head Screw ISO 14583 - M3.5x10 Steel 4.6 Plain:18,3DP_body_06_x1_front_plate_fixed:1,,,,,,,,,,,,,,,,,False,origin unreadable
body_LATEST,body_LATEST:1,Rigid 299,joint,rigid,Hexalobular Socket Pan Head Screw ISO 14583 - M3.5x10 Steel 4.6 Plain:19,3DP_body_06_x1_front_plate_fixed:1,,,,,,,,,,,,,,,,,False,origin unreadable
body_LATEST,body_LATEST:1,Rigid 300,joint,rigid,Hexalobular Socket Pan Head Screw ISO 14583 - M3.5x10 Steel 4.6 Plain:20,3DP_body_06_x1_front_plate_fixed:1,,,,,,,,,,,,,,,,,False,origin unreadable
body_LATEST,body_LATEST:1,Rigid 301,joint,rigid,Hexalobular Socket Pan Head Screw ISO 14583 - M3.5x10 Steel 4.6 Plain:21,3DP_body_06_x1_front_plate_fixed:1,,,,,,,,,,,,,,,,,False,origin unreadable
body_LATEST,body_LATEST:1,Rigid 302,joint,rigid,Hexalobular Socket Pan Head Screw ISO 14583 - M3.5x10 Steel 4.6 Plain:22,3DP_body_06_x1_front_plate_fixed:1,,,,,,,,,,,,,,,,,False,origin unreadable
body_LATEST,body_LATEST:1,Rigid 303,joint,rigid,Hexalobular Socket Pan Head Screw ISO 14583 - M3.5x10 Steel 4.6 Plain:23,3DP_body_06_x1_front_plate_fixed:1,,,,,,,,,,,,,,,,,False,origin unreadable
body_LATEST,body_LATEST:1,Rigid 304,joint,rigid,Hexalobular Socket Pan Head Screw ISO 14583 - M3.5x10 Steel 4.6 Plain:24,3DP_body_06_x1_front_plate_fixed:1,,,,,,,,,,,,,,,,,False,origin unreadable
body_LATEST,body_LATEST:1,Rigid 305,joint,rigid,Hexalobular Socket Pan Head Screw ISO 14583 - M3.5x10 Steel 4.6 Plain:25,3DP_body_06_x1_front_plate_fixed:1,,,,,,,,,,,,,,,,,False,origin unreadable
body_LATEST,body_LATEST:1,Rigid 306,joint,rigid,Hexalobular Socket Pan Head Screw ISO 14583 - M3.5x10 Steel 4.6 Plain:26,3DP_body_06_x1_front_plate_fixed:1,,,,,,,,,,,,,,,,,False,origin unreadable
body_LATEST,body_LATEST:1,Rigid 307,joint,rigid,Hexalobular Socket Pan Head Screw ISO 14583 - M3.5x10 Steel 4.6 Plain:27,3DP_body_06_x1_front_plate_fixed:1,,,,,,,,,,,,,,,,,False,origin unreadable
body_LATEST,body_LATEST:1,Rigid 308,joint,rigid,Hexalobular Socket Pan Head Screw ISO 14583 - M3.5x10 Steel 4.6 Plain:28,3DP_body_06_x1_front_plate_fixed:1,,,,,,,,,,,,,,,,,False,origin unreadable
body_LATEST,body_LATEST:1,Rigid 309,joint,rigid,3DP_body_05_x1_interior_plate:1+IMU_syd_dynamics_TM171:4+Component1:1,CNC_body03_x1_top_plate:1,44.5,0.0,412.0,,,,,,,,,,,,,,False,
body_LATEST,body_LATEST:1,Rigid 226,as_built,rigid,,,,,,,,,,,,,,,,,,,False,origin unreadable
3_1_02_090_0073_ASM_1_1_ASM,v2.1_lower_body_latest:1+Robstride 03 - no back cover:1+3_1_02_090_0073_ASM_1_1_ASM:1,Rigid 6,joint,rigid,3_1_02_090_0073_ASM_1_1_ASM:1,3_1_02_090_0073_ASM_1_1_ASM:1,,,,,,,,,,,,,,,,,False,origin unreadable
3_1_02_090_0073_ASM_1_1_ASM,v2.1_lower_body_latest:1+Robstride 03 - no back cover:1+3_1_02_090_0073_ASM_1_1_ASM:1,Rigid 10,joint,rigid,3_1_02_090_0073_ASM_1_1_ASM:1,3_1_02_090_0073_ASM_1_1_ASM:1,,,,,,,,,,,,,,,,,False,origin unreadable
3_1_02_090_0073_ASM_1_1_ASM,v2.1_lower_body_latest:1+Robstride 03 - no back cover:1+3_1_02_090_0073_ASM_1_1_ASM:1,Rigid 11,joint,rigid,3_1_02_090_0073_ASM_1_1_ASM:1,3_1_02_090_0073_ASM_1_1_ASM:1,,,,,,,,,,,,,,,,,False,origin unreadable
3_1_02_090_0073_ASM_1_1_ASM,v2.1_lower_body_latest:1+Robstride 03 - no back cover:1+3_1_02_090_0073_ASM_1_1_ASM:1,Rigid 12,joint,rigid,3_1_02_090_0073_ASM_1_1_ASM:1,3_1_02_090_0073_ASM_1_1_ASM:1,,,,,,,,,,,,,,,,,False,origin unreadable
3_1_02_090_0073_ASM_1_1_ASM,v2.1_lower_body_latest:1+Robstride 03 - no back cover:1+3_1_02_090_0073_ASM_1_1_ASM:1,Rigid 13,joint,rigid,3_1_02_090_0073_ASM_1_1_ASM:1,3_1_02_090_0073_ASM_1_1_ASM:1,,,,,,,,,,,,,,,,,False,origin unreadable
3_1_02_090_0073_ASM_1_1_ASM,v2.1_lower_body_latest:1+Robstride 03 - no back cover:1+3_1_02_090_0073_ASM_1_1_ASM:1,Rigid 14,joint,rigid,3_1_02_090_0073_ASM_1_1_ASM:1,3_1_02_090_0073_ASM_1_1_ASM:1,,,,,,,,,,,,,,,,,False,origin unreadable
3_1_02_090_0073_ASM_1_1_ASM,v2.1_lower_body_latest:1+Robstride 03 - no back cover:1+3_1_02_090_0073_ASM_1_1_ASM:1,Rigid 15,joint,rigid,3_1_02_090_0073_ASM_1_1_ASM:1,3_1_02_090_0073_ASM_1_1_ASM:1,,,,,,,,,,,,,,,,,False,origin unreadable
3_1_02_090_0073_ASM_1_1_ASM,v2.1_lower_body_latest:1+Robstride 03 - no back cover:1+3_1_02_090_0073_ASM_1_1_ASM:1,Rigid 16,joint,rigid,3_1_02_090_0073_ASM_1_1_ASM:1,3_1_02_090_0073_ASM_1_1_ASM:1,,,,,,,,,,,,,,,,,False,origin unreadable
3_1_02_090_0073_ASM_1_1_ASM,v2.1_lower_body_latest:1+Robstride 03 - no back cover:1+3_1_02_090_0073_ASM_1_1_ASM:1,Rigid 17,joint,rigid,3_1_02_090_0073_ASM_1_1_ASM:1,3_1_02_090_0073_ASM_1_1_ASM:1,,,,,,,,,,,,,,,,,False,origin unreadable
Robstride 03 - no back cover,v2.1_lower_body_latest:1+Robstride 03 - no back cover:1,Rigid 2,joint,rigid,3_1_02_090_0073_ASM_1_1_ASM:1+1_1_06_EB903-534_ASM_1_1_ASM:1+1_1_06_EB903-537_1_1:1,,0.0,0.0,0.0,,,,,,,,,,,,,,False,
Robstride 03 - no back cover,v2.1_lower_body_latest:1+Robstride 03 - no back cover:1,Revolute 3,joint,revolute,3_1_02_090_0073_ASM_1_1_ASM:1+1_1_02_EB901-547_1_rotor:1,,0.0,0.0,2.5,0.0,0.0,1.0,,,0.0,rad,,,0.0,,,,False,
hip_center,v2.1_lower_body_latest:1+hip_center:1,Rigid 1,as_built,rigid,hip_center:1+CNC_leg01_x2_hip_center_back:1,hip_center:1+CNC_leg02_x7_RS03_shaft_coupler:1,,,,,,,,,,,,,,,,,False,origin unreadable
hip_pitch:hip_roll_L,v2.1_lower_body_latest:1+hip_pitch:hip_roll_L:1,Rigid 1,as_built,rigid,hip_pitch:hip_roll_L:1+CNC_leg04_x2_hip_roll_front_bearing_retainer:1,hip_pitch:hip_roll_L:1+CNC_leg02_x7_RS03_shaft_coupler:2,,,,,,,,,,,,,,,,,False,origin unreadable
hip_pitch:hip_roll_L,v2.1_lower_body_latest:1+hip_pitch:hip_roll_L:1,Rigid 2,as_built,rigid,hip_pitch:hip_roll_L:1+CNC_leg05_x2_hip_roll_back_bearing_retainer:1,hip_pitch:hip_roll_L:1+CNC_leg04_x2_hip_roll_front_bearing_retainer:1,,,,,,,,,,,,,,,,,False,origin unreadable
hip_pitch:hip_roll_R,v2.1_lower_body_latest:1+hip_pitch:hip_roll_R:1,Rigid 1,joint,rigid,hip_pitch:hip_roll_R:1+CNC_leg04_x2_hip_roll_front_bearing_retainer:2,hip_pitch:hip_roll_R:1+CNC_leg02_x7_RS03_shaft_coupler:3,25.0,-79.132,-2.568,,,,,,,,,,,,,,False,
hip_pitch:hip_roll_R,v2.1_lower_body_latest:1+hip_pitch:hip_roll_R:1,Rigid 2,joint,rigid,hip_pitch:hip_roll_R:1+CNC_leg05_x2_hip_roll_back_bearing_retainer:2,hip_pitch:hip_roll_R:1+CNC_leg02_x7_RS03_shaft_coupler:3,-25.0,-79.132,-2.568,,,,,,,,,,,,,,False,
hip_roll:hip_yaw_L,v2.1_lower_body_latest:1+hip_roll:hip_yaw_L:1,Rigid 1,as_built,rigid,hip_roll:hip_yaw_L:1+CNC_leg07_x2_hip_roll_support_shaft:1,hip_roll:hip_yaw_L:1+CNC_leg06_x2_hip_roll_output_shaft:1,,,,,,,,,,,,,,,,,False,origin unreadable
hip_roll:hip_yaw_R,v2.1_lower_body_latest:1+hip_roll:hip_yaw_R:1,Rigid 1,as_built,rigid,hip_roll:hip_yaw_R:1+CNC_leg07_x2_hip_roll_support_shaft:2,hip_roll:hip_yaw_R:1+CNC_leg06_x2_hip_roll_output_shaft:2,,,,,,,,,,,,,,,,,False,origin unreadable
leg_schematics_latest,v2.1_lower_body_latest:1+v2.1_lower_leg_R:1+leg_schematics_latest:1,Rigid 1,joint,rigid,robstride03_cross_section:2,,0.0,65.683,-87.6,,,,,,,,,,,,,,False,
leg_schematics_latest,v2.1_lower_body_latest:1+v2.1_lower_leg_R:1+leg_schematics_latest:1,Rigid 2,joint,rigid,robstride03_face:1,,0.0,133.298,-105.717,,,,,,,,,,,,,,False,
leg_schematics_latest,v2.1_lower_body_latest:1+v2.1_lower_leg_R:1+leg_schematics_latest:1,Rigid 3,joint,rigid,robstride03_cross_section:3,,0.0,133.298,-221.217,,,,,,,,,,,,,,False,
leg_schematics_latest,v2.1_lower_body_latest:1+v2.1_lower_leg_R:1+leg_schematics_latest:1,Rigid 4,joint,rigid,robstride04_cross_section:1,,0.0,158.798,-300.717,,,,,,,,,,,,,,False,
leg_schematics_latest,v2.1_lower_body_latest:1+v2.1_lower_leg_R:1+leg_schematics_latest:1,Rigid 5,joint,rigid,robstride03_cross_section:5,,0.0,158.798,-495.717,,,,,,,,,,,,,,False,
leg_schematics_latest,v2.1_lower_body_latest:1+v2.1_lower_leg_R:1+leg_schematics_latest:1,Rigid 6,joint,rigid,robstride02_face:1,,0.0,133.298,-495.717,,,,,,,,,,,,,,False,
leg_schematics_latest,v2.1_lower_body_latest:1+v2.1_lower_leg_R:1+leg_schematics_latest:1,Rigid 7,joint,rigid,robstride03_cross_section:6,,31.75,133.298,-105.717,,,,,,,,,,,,,,False,
leg_schematics_latest,v2.1_lower_body_latest:1+v2.1_lower_leg_R:1+leg_schematics_latest:1,Rigid 17,joint,rigid,robstride03_face:2,robstride02_face:1,0.0,133.298,-495.717,,,,,,,,,,,,,,False,
leg_schematics_latest,v2.1_lower_body_latest:1+v2.1_lower_leg_R:1+leg_schematics_latest:1,Rigid 19,joint,rigid,robstride03_cross_section:7,robstride03_cross_section:5,0.0,136.548,-495.717,,,,,,,,,,,,,,False,
leg_schematics_latest,v2.1_lower_body_latest:1+v2.1_lower_leg_R:1+leg_schematics_latest:1,Rigid 20,joint,rigid,robstride06_cross_section:1,,100.0,133.298,-495.717,,,,,,,,,,,,,,False,
leg_schematics_latest,v2.1_lower_body_latest:1+v2.1_lower_leg_R:1+leg_schematics_latest:1,Rigid 21,joint,rigid,robstride06_cross_section:2,,100.0,133.298,-495.717,,,,,,,,,,,,,,False,
bearing_35x44x5_6707_1.6kN_15g,v2.1_lower_body_latest:1+v2.1_lower_leg_R:1+Robstride 06-No Back Cover:1+R06:1+bearing_35x44x5_6707_1.6kN_15g:1,Rigid 1,joint,rigid,half-bearing_35x44x5_6707_1.6kN_15g:1,,0.0,0.0,-0.0,,,,,,,,,,,,,,False,
R06,v2.1_lower_body_latest:1+v2.1_lower_leg_R:1+Robstride 06-No Back Cover:1+R06:1,Revolute 2,as_built,revolute,R06:1+R06-ROTOR:1,R06:1+MAIN:1+1_1_06_EB823-507_AF0^1_1_06_EB823-509_ASM_FL82BLW33-48V-35N.m(tooling-version)(1)_FL82BLW33-48V-35N.m(tooling-version)(1).STEP:1,,,,0.0,0.0,1.0,,,0.0,rad,,,0.0,,,,False,origin unreadable
Robstride 06-No Back Cover,v2.1_lower_body_latest:1+v2.1_lower_leg_R:1+Robstride 06-No Back Cover:1,Rigid 1,joint,rigid,R06:1+MAIN:1+1_1_06_EB823-507_AF0^1_1_06_EB823-509_ASM_FL82BLW33-48V-35N.m(tooling-version)(1)_FL82BLW33-48V-35N.m(tooling-version)(1).STEP:1,,0.0,0.0,0.0,,,,,,,,,,,,,,False,
Robstride 06-No Back Cover,v2.1_lower_body_latest:1+v2.1_lower_leg_R:1+Robstride 06-No Back Cover:1,Rigid 3,joint,rigid,,,,,,,,,,,,,,,,,,,False,origin unreadable
CNC_leg18_x2_foot_plate,v2.1_lower_body_latest:1+v2.1_lower_leg_R:1+foot_assembly:1+CNC_leg18_x2_foot_plate:1,Rigid 1,as_built,rigid,foot_assembly:1+CNC_leg18_x2_foot_plate:1+symmetric_sole:1,foot_assembly:1+CNC_leg18_x2_foot_plate:1,,,,,,,,,,,,,,,,,False,origin unreadable
foot_assembly,v2.1_lower_body_latest:1+v2.1_lower_leg_R:1+foot_assembly:1,Rigid 1,as_built,rigid,foot_assembly:1+CNC_leg17_x2_ankle_roll_support_shaft:1,foot_assembly:1+CNC_leg18_x2_foot_plate:1,,,,,,,,,,,,,,,,,False,origin unreadable
foot_assembly,v2.1_lower_body_latest:1+v2.1_lower_leg_R:1+foot_assembly:1,Rigid 2,as_built,rigid,foot_assembly:1+CNC_leg16_x2_ankle_roll_output_shaft:1,foot_assembly:1+CNC_leg18_x2_foot_plate:1,,,,,,,,,,,,,,,,,False,origin unreadable
shanks,v2.1_lower_body_latest:1+v2.1_lower_leg_R:1+shanks:1,Rigid 1,as_built,rigid,shanks:1+CNC_leg11_x2_lower_leg_support_shank:1,shanks:1+CNC_leg10_x2_lower_leg_output_shank:1,,,,,,,,,,,,,,,,,False,origin unreadable
3_1_02_120_0002_ASM_1_ASM_2_ASM_ASM,v2.1_lower_body_latest:1+v2.1_lower_leg_R:1+robstride04:1+120WAIGUAN0310_ASM_1_ASM:1+FL120BLW38-48V-120NM_ASM_1_ASM__ASM:1+3_1_02_120_0002_ASM_1_ASM_2_ASM_ASM:1,Revolute 1,as_built,revolute,120WAIGUAN0310_ASM_1_ASM:1+FL120BLW38-48V-120NM_ASM_1_ASM__ASM:1+3_1_02_120_0002_ASM_1_ASM_2_ASM_ASM:1+GP72-9_00_40N_M___20240216_ASM__ASM:1+ROTOR:1,120WAIGUAN0310_ASM_1_ASM:1+FL120BLW38-48V-120NM_ASM_1_ASM__ASM:1+3_1_02_120_0002_ASM_1_ASM_2_ASM_ASM:1+1_1_02_EB1201-501_1_1_1:1,,,,0.0,0.0,1.0,,,0.0,rad,,,0.0,,,,False,origin unreadable
robstride04,v2.1_lower_body_latest:1+v2.1_lower_leg_R:1+robstride04:1,Rigid 1,joint,rigid,120WAIGUAN0310_ASM_1_ASM:1+FL120BLW38-48V-120NM_ASM_1_ASM__ASM:1+3_1_02_120_0002_ASM_1_ASM_2_ASM_ASM:1+1_1_06_EB1203-503_1_1_1:1,,0.0,-0.0,-39.0,,,,,,,,,,,,,,False,
knee_assembly,v2.1_lower_body_latest:1+v2.1_lower_leg_R:1+knee_assembly:1,Rigid 3,joint,rigid,,knee_assembly:1+CNC_leg02_x7_RS03_shaft_coupler:1,,,,,,,,,,,,,,,,,False,origin unreadable
knee_assembly,v2.1_lower_body_latest:1+v2.1_lower_leg_R:1+knee_assembly:1,Rigid 4,joint,rigid,,knee_assembly:1+CNC_leg02_x7_RS03_shaft_coupler:1,,,,,,,,,,,,,,,,,False,origin unreadable
knee_assembly,v2.1_lower_body_latest:1+v2.1_lower_leg_R:1+knee_assembly:1,Rigid 5,joint,rigid,,knee_assembly:1+CNC_leg02_x7_RS03_shaft_coupler:1,,,,,,,,,,,,,,,,,False,origin unreadable
knee_assembly,v2.1_lower_body_latest:1+v2.1_lower_leg_R:1+knee_assembly:1,Rigid 1,as_built,rigid,knee_assembly:1+CNC_leg08_x2_knee_front_bearing_retainer:1,knee_assembly:1+CNC_leg09_x8_knee_back:1,,,,,,,,,,,,,,,,,False,origin unreadable
knee_assembly,v2.1_lower_body_latest:1+v2.1_lower_leg_R:1+knee_assembly:1,Rigid 2,as_built,rigid,knee_assembly:1+CNC_leg02_x7_RS03_shaft_coupler:1,knee_assembly:1+CNC_leg08_x2_knee_front_bearing_retainer:1,,,,,,,,,,,,,,,,,False,origin unreadable
v2.1_lower_leg_R,v2.1_lower_body_latest:1+v2.1_lower_leg_R:1,Rigid 2,joint,rigid,Robstride 06-No Back Cover:1+R06:1+1_1_31_QT-1040^FL82BLW33-48V-35N.m(tooling-version)(1)_FL82BLW33-48V-35N.m(tooling-version)(1).STEP:1,CNC_leg13_x2_ankle_pitch_front:1,65.5,133.298,-495.717,,,,,,,,,,,,,,False,
v2.1_lower_leg_R,v2.1_lower_body_latest:1+v2.1_lower_leg_R:1,Rigid 20,joint,rigid,robstride04:1+120WAIGUAN0310_ASM_1_ASM:1+FL120BLW38-48V-120NM_ASM_1_ASM__ASM:1+3_1_02_120_0002_ASM_1_ASM_2_ASM_ASM:1+GP72-9_00_40N_M___20240216_ASM__ASM:1+ROTOR:1,shanks:1+CNC_leg10_x2_lower_leg_output_shank:1,0.0,158.798,-300.717,,,,,,,,,,,,,,False,
v2.1_lower_leg_R,v2.1_lower_body_latest:1+v2.1_lower_leg_R:1,Rigid 27,joint,rigid,Robstride 03 - full:1+3_1_02_090_0073_ASM_1_1_ASM:1+1_1_02_EB901-547_1_rotor:1,knee_assembly:1+CNC_leg02_x7_RS03_shaft_coupler:1,0.0,133.298,-221.217,,,,,,,,,,,,,,False,
v2.1_lower_leg_R,v2.1_lower_body_latest:1+v2.1_lower_leg_R:1,Rigid 158,joint,rigid,bearings:1+bearing_45x58x7_6809_5.4kN_40g:1+half-bearing-45x58x7_6809_5.4kN_40g:1,CNC_leg13_x2_ankle_pitch_front:1,0.0,165.798,-495.717,,,,,,,,,,,,,,False,
v2.1_lower_leg_R,v2.1_lower_body_latest:1+v2.1_lower_leg_R:1,Rigid 159,joint,rigid,bearings:1+bearing_35x47x7_6807_4.0kN_29g:1+half-bearing_35x47x7_6807_4.0kN_29g:1,foot_assembly:1+CNC_leg15_x2_RS06_shaft_bearing_retainer:1,107.0,133.298,-495.717,,,,,,,,,,,,,,False,
v2.1_lower_leg_R,v2.1_lower_body_latest:1+v2.1_lower_leg_R:1,Rigid 160,joint,rigid,bearings:1+bearing_35x47x7_6807_4.0kN_29g:2+half-bearing_35x47x7_6807_4.0kN_29g:1,CNC_leg14_x2_ankle_pitch_back:1,-59.0,133.298,-495.717,,,,,,,,,,,,,,False,
v2.1_lower_leg_R,v2.1_lower_body_latest:1+v2.1_lower_leg_R:1,Rigid 161,joint,rigid,bearings:1+bearing_35x44x5_6707_1.6kN_15g:1+half-bearing_35x44x5_6707_1.6kN_15g:1,shanks:1+CNC_leg11_x2_lower_leg_support_shank:1,0.0,93.298,-495.717,,,,,,,,,,,,,,False,
v2.1_lower_leg_R,v2.1_lower_body_latest:1+v2.1_lower_leg_R:1,Rigid 162,joint,rigid,bearings:1+bearing_35x44x5_6707_1.6kN_15g:2+half-bearing_35x44x5_6707_1.6kN_15g:1,shanks:1+CNC_leg11_x2_lower_leg_support_shank:1,0.0,91.798,-495.717,,,,,,,,,,,,,,False,
v2.1_lower_leg_R,v2.1_lower_body_latest:1+v2.1_lower_leg_R:1,Rigid 163,joint,rigid,bearings:1+bearing_35x44x5_6707_1.6kN_15g:3+half-bearing_35x44x5_6707_1.6kN_15g:1,shanks:1+CNC_leg11_x2_lower_leg_support_shank:1,0.0,91.798,-300.717,,,,,,,,,,,,,,False,
v2.1_lower_leg_R,v2.1_lower_body_latest:1+v2.1_lower_leg_R:1,Rigid 164,joint,rigid,bearings:1+bearing_35x44x5_6707_1.6kN_15g:4+half-bearing_35x44x5_6707_1.6kN_15g:1,shanks:1+CNC_leg11_x2_lower_leg_support_shank:1,0.0,93.298,-300.717,,,,,,,,,,,,,,False,
v2.1_lower_leg_R,v2.1_lower_body_latest:1+v2.1_lower_leg_R:1,Rigid 165,joint,rigid,bearings:1+bearing_50x65x7_6810_6.1kN_52g:1+half-bearing_50x65x7_6810_6.1kN_52g:1,knee_assembly:1+CNC_leg08_x2_knee_front_bearing_retainer:1,0.0,160.298,-300.717,,,,,,,,,,,,,,False,
v2.1_lower_leg_R,v2.1_lower_body_latest:1+v2.1_lower_leg_R:1,Rigid 166,joint,rigid,bearings:1+bearing_45x58x7_6809_5.4kN_40g:2+half-bearing-45x58x7_6809_5.4kN_40g:1,knee_assembly:1+CNC_leg03_x4_RS03_shaft_bearing_retainer:1,0.0,133.298,-221.247,,,,,,,,,,,,,,False,
v2.1_lower_leg_R,v2.1_lower_body_latest:1+v2.1_lower_leg_R:1,Rigid 187,joint,rigid,Robstride 03 - no back cover:1,CNC_leg13_x2_ankle_pitch_front:1,0.0,156.298,-495.717,,,,,,,,,,,,,,False,
v2.1_lower_leg_R,v2.1_lower_body_latest:1+v2.1_lower_leg_R:1,Rigid 280,joint,rigid,Hexalobular Socket Pan Head Screw ISO 14583 - M4x10 Steel 4.6 Plain:62,knee_assembly:1+CNC_leg08_x2_knee_front_bearing_retainer:1,,,,,,,,,,,,,,,,,False,origin unreadable
v2.1_lower_leg_R,v2.1_lower_body_latest:1+v2.1_lower_leg_R:1,Rigid 281,joint,rigid,Hexalobular Socket Pan Head Screw ISO 14583 - M4x10 Steel 4.6 Plain:63,knee_assembly:1+CNC_leg08_x2_knee_front_bearing_retainer:1,,,,,,,,,,,,,,,,,False,origin unreadable
v2.1_lower_leg_R,v2.1_lower_body_latest:1+v2.1_lower_leg_R:1,Rigid 282,joint,rigid,Hexalobular Socket Pan Head Screw ISO 14583 - M4x10 Steel 4.6 Plain:64,knee_assembly:1+CNC_leg08_x2_knee_front_bearing_retainer:1,,,,,,,,,,,,,,,,,False,origin unreadable
v2.1_lower_leg_R,v2.1_lower_body_latest:1+v2.1_lower_leg_R:1,Rigid 283,joint,rigid,Hexalobular Socket Pan Head Screw ISO 14583 - M4x10 Steel 4.6 Plain:65,knee_assembly:1+CNC_leg08_x2_knee_front_bearing_retainer:1,,,,,,,,,,,,,,,,,False,origin unreadable
v2.1_lower_leg_R,v2.1_lower_body_latest:1+v2.1_lower_leg_R:1,Rigid 284,joint,rigid,Hexalobular Socket Pan Head Screw ISO 14583 - M4x10 Steel 4.6 Plain:66,knee_assembly:1+CNC_leg08_x2_knee_front_bearing_retainer:1,,,,,,,,,,,,,,,,,False,origin unreadable
v2.1_lower_leg_R,v2.1_lower_body_latest:1+v2.1_lower_leg_R:1,Rigid 285,joint,rigid,Hexalobular Socket Pan Head Screw ISO 14583 - M4x10 Steel 4.6 Plain:67,knee_assembly:1+CNC_leg08_x2_knee_front_bearing_retainer:1,,,,,,,,,,,,,,,,,False,origin unreadable
v2.1_lower_leg_R,v2.1_lower_body_latest:1+v2.1_lower_leg_R:1,Rigid 286,joint,rigid,Hexalobular Socket Pan Head Screw ISO 14583 - M4x10 Steel 4.6 Plain:68,knee_assembly:1+CNC_leg08_x2_knee_front_bearing_retainer:1,,,,,,,,,,,,,,,,,False,origin unreadable
v2.1_lower_leg_R,v2.1_lower_body_latest:1+v2.1_lower_leg_R:1,Rigid 287,joint,rigid,Hexalobular Socket Pan Head Screw ISO 14583 - M4x10 Steel 4.6 Plain:69,knee_assembly:1+CNC_leg08_x2_knee_front_bearing_retainer:1,,,,,,,,,,,,,,,,,False,origin unreadable
v2.1_lower_leg_R,v2.1_lower_body_latest:1+v2.1_lower_leg_R:1,Rigid 288,joint,rigid,Hexalobular Socket Pan Head Screw ISO 14583 - M4x10 Steel 4.6 Plain:70,knee_assembly:1+CNC_leg08_x2_knee_front_bearing_retainer:1,,,,,,,,,,,,,,,,,False,origin unreadable
v2.1_lower_leg_R,v2.1_lower_body_latest:1+v2.1_lower_leg_R:1,Rigid 289,joint,rigid,Hexalobular Socket Pan Head Screw ISO 14583 - M4x10 Steel 4.6 Plain:71,knee_assembly:1+CNC_leg08_x2_knee_front_bearing_retainer:1,,,,,,,,,,,,,,,,,False,origin unreadable
v2.1_lower_leg_R,v2.1_lower_body_latest:1+v2.1_lower_leg_R:1,Rigid 290,joint,rigid,Hexalobular Socket Pan Head Screw ISO 14583 - M4x10 Steel 4.6 Plain:72,knee_assembly:1+CNC_leg09_x8_knee_back:1,,,,,,,,,,,,,,,,,False,origin unreadable
v2.1_lower_leg_R,v2.1_lower_body_latest:1+v2.1_lower_leg_R:1,Rigid 291,joint,rigid,Hexalobular Socket Pan Head Screw ISO 14583 - M4x10 Steel 4.6 Plain:73,knee_assembly:1+CNC_leg09_x8_knee_back:1,,,,,,,,,,,,,,,,,False,origin unreadable
v2.1_lower_leg_R,v2.1_lower_body_latest:1+v2.1_lower_leg_R:1,Rigid 292,joint,rigid,Hexalobular Socket Pan Head Screw ISO 14583 - M4x10 Steel 4.6 Plain:74,knee_assembly:1+CNC_leg09_x8_knee_back:1,,,,,,,,,,,,,,,,,False,origin unreadable
v2.1_lower_leg_R,v2.1_lower_body_latest:1+v2.1_lower_leg_R:1,Rigid 293,joint,rigid,Hexalobular Socket Pan Head Screw ISO 14583 - M4x10 Steel 4.6 Plain:75,knee_assembly:1+CNC_leg09_x8_knee_back:1,,,,,,,,,,,,,,,,,False,origin unreadable
v2.1_lower_leg_R,v2.1_lower_body_latest:1+v2.1_lower_leg_R:1,Rigid 294,joint,rigid,Hexalobular Socket Pan Head Screw ISO 14583 - M4x10 Steel 4.6 Plain:76,knee_assembly:1+CNC_leg09_x8_knee_back:1,,,,,,,,,,,,,,,,,False,origin unreadable
v2.1_lower_leg_R,v2.1_lower_body_latest:1+v2.1_lower_leg_R:1,Rigid 295,joint,rigid,Hexalobular Socket Pan Head Screw ISO 14583 - M4x10 Steel 4.6 Plain:77,knee_assembly:1+CNC_leg09_x8_knee_back:1,,,,,,,,,,,,,,,,,False,origin unreadable
v2.1_lower_leg_R,v2.1_lower_body_latest:1+v2.1_lower_leg_R:1,Rigid 296,joint,rigid,Hexalobular Socket Pan Head Screw ISO 14583 - M4x10 Steel 4.6 Plain:78,knee_assembly:1+CNC_leg03_x4_RS03_shaft_bearing_retainer:1,,,,,,,,,,,,,,,,,False,origin unreadable
v2.1_lower_leg_R,v2.1_lower_body_latest:1+v2.1_lower_leg_R:1,Rigid 297,joint,rigid,Hexalobular Socket Pan Head Screw ISO 14583 - M4x10 Steel 4.6 Plain:79,knee_assembly:1+CNC_leg03_x4_RS03_shaft_bearing_retainer:1,,,,,,,,,,,,,,,,,False,origin unreadable
v2.1_lower_leg_R,v2.1_lower_body_latest:1+v2.1_lower_leg_R:1,Rigid 298,joint,rigid,Hexalobular Socket Pan Head Screw ISO 14583 - M4x10 Steel 4.6 Plain:80,knee_assembly:1+CNC_leg03_x4_RS03_shaft_bearing_retainer:1,,,,,,,,,,,,,,,,,False,origin unreadable
v2.1_lower_leg_R,v2.1_lower_body_latest:1+v2.1_lower_leg_R:1,Rigid 299,joint,rigid,Hexalobular Socket Pan Head Screw ISO 14583 - M4x10 Steel 4.6 Plain:81,knee_assembly:1+CNC_leg03_x4_RS03_shaft_bearing_retainer:1,,,,,,,,,,,,,,,,,False,origin unreadable
v2.1_lower_leg_R,v2.1_lower_body_latest:1+v2.1_lower_leg_R:1,Rigid 300,joint,rigid,Hexalobular Socket Pan Head Screw ISO 14583 - M4x10 Steel 4.6 Plain:82,knee_assembly:1+CNC_leg03_x4_RS03_shaft_bearing_retainer:1,,,,,,,,,,,,,,,,,False,origin unreadable
v2.1_lower_leg_R,v2.1_lower_body_latest:1+v2.1_lower_leg_R:1,Rigid 301,joint,rigid,Hexalobular Socket Pan Head Screw ISO 14583 - M4x10 Steel 4.6 Plain:83,knee_assembly:1+CNC_leg03_x4_RS03_shaft_bearing_retainer:1,,,,,,,,,,,,,,,,,False,origin unreadable
v2.1_lower_leg_R,v2.1_lower_body_latest:1+v2.1_lower_leg_R:1,Rigid 302,joint,rigid,Hexalobular Socket Pan Head Screw ISO 14583 - M4x10 Steel 4.6 Plain:84,knee_assembly:1+CNC_leg03_x4_RS03_shaft_bearing_retainer:1,,,,,,,,,,,,,,,,,False,origin unreadable
v2.1_lower_leg_R,v2.1_lower_body_latest:1+v2.1_lower_leg_R:1,Rigid 303,joint,rigid,Hexalobular Socket Pan Head Screw ISO 14583 - M4x10 Steel 4.6 Plain:85,knee_assembly:1+CNC_leg03_x4_RS03_shaft_bearing_retainer:1,,,,,,,,,,,,,,,,,False,origin unreadable
v2.1_lower_leg_R,v2.1_lower_body_latest:1+v2.1_lower_leg_R:1,Rigid 304,joint,rigid,Hexalobular Socket Pan Head Screw ISO 14583 - M4x10 Steel 4.6 Plain:86,foot_assembly:1+CNC_leg16_x2_ankle_roll_output_shaft:1,,,,,,,,,,,,,,,,,False,origin unreadable
v2.1_lower_leg_R,v2.1_lower_body_latest:1+v2.1_lower_leg_R:1,Rigid 305,joint,rigid,Hexalobular Socket Pan Head Screw ISO 14583 - M4x10 Steel 4.6 Plain:87,foot_assembly:1+CNC_leg16_x2_ankle_roll_output_shaft:1,,,,,,,,,,,,,,,,,False,origin unreadable
v2.1_lower_leg_R,v2.1_lower_body_latest:1+v2.1_lower_leg_R:1,Rigid 306,joint,rigid,Hexalobular Socket Pan Head Screw ISO 14583 - M4x10 Steel 4.6 Plain:88,foot_assembly:1+CNC_leg16_x2_ankle_roll_output_shaft:1,,,,,,,,,,,,,,,,,False,origin unreadable
v2.1_lower_leg_R,v2.1_lower_body_latest:1+v2.1_lower_leg_R:1,Rigid 307,joint,rigid,Hexalobular Socket Pan Head Screw ISO 14583 - M4x10 Steel 4.6 Plain:89,foot_assembly:1+CNC_leg16_x2_ankle_roll_output_shaft:1,,,,,,,,,,,,,,,,,False,origin unreadable
v2.1_lower_leg_R,v2.1_lower_body_latest:1+v2.1_lower_leg_R:1,Rigid 308,joint,rigid,Hexalobular Socket Pan Head Screw ISO 14583 - M4x10 Steel 4.6 Plain:90,foot_assembly:1+CNC_leg16_x2_ankle_roll_output_shaft:1,,,,,,,,,,,,,,,,,False,origin unreadable
v2.1_lower_leg_R,v2.1_lower_body_latest:1+v2.1_lower_leg_R:1,Rigid 309,joint,rigid,Hexalobular Socket Pan Head Screw ISO 14583 - M4x10 Steel 4.6 Plain:91,foot_assembly:1+CNC_leg16_x2_ankle_roll_output_shaft:1,,,,,,,,,,,,,,,,,False,origin unreadable
v2.1_lower_leg_R,v2.1_lower_body_latest:1+v2.1_lower_leg_R:1,Rigid 310,joint,rigid,Hexalobular Socket Pan Head Screw ISO 14583 - M4x10 Steel 4.6 Plain:92,CNC_leg14_x2_ankle_pitch_back:1,,,,,,,,,,,,,,,,,False,origin unreadable
v2.1_lower_leg_R,v2.1_lower_body_latest:1+v2.1_lower_leg_R:1,Rigid 311,joint,rigid,Hexalobular Socket Pan Head Screw ISO 14583 - M4x10 Steel 4.6 Plain:93,CNC_leg14_x2_ankle_pitch_back:1,,,,,,,,,,,,,,,,,False,origin unreadable
v2.1_lower_leg_R,v2.1_lower_body_latest:1+v2.1_lower_leg_R:1,Rigid 312,joint,rigid,Hexalobular Socket Pan Head Screw ISO 14583 - M4x10 Steel 4.6 Plain:94,CNC_leg14_x2_ankle_pitch_back:1,,,,,,,,,,,,,,,,,False,origin unreadable
v2.1_lower_leg_R,v2.1_lower_body_latest:1+v2.1_lower_leg_R:1,Rigid 313,joint,rigid,Hexalobular Socket Pan Head Screw ISO 14583 - M4x10 Steel 4.6 Plain:95,CNC_leg14_x2_ankle_pitch_back:1,,,,,,,,,,,,,,,,,False,origin unreadable
v2.1_lower_leg_R,v2.1_lower_body_latest:1+v2.1_lower_leg_R:1,Rigid 314,joint,rigid,Hexalobular Socket Pan Head Screw ISO 14583 - M4x10 Steel 4.6 Plain:96,CNC_leg14_x2_ankle_pitch_back:1,,,,,,,,,,,,,,,,,False,origin unreadable
v2.1_lower_leg_R,v2.1_lower_body_latest:1+v2.1_lower_leg_R:1,Rigid 315,joint,rigid,Hexalobular Socket Pan Head Screw ISO 14583 - M4x10 Steel 4.6 Plain:97,CNC_leg14_x2_ankle_pitch_back:1,,,,,,,,,,,,,,,,,False,origin unreadable
v2.1_lower_leg_R,v2.1_lower_body_latest:1+v2.1_lower_leg_R:1,Rigid 316,joint,rigid,Hexalobular Socket Pan Head Screw ISO 14583 - M4x10 Steel 4.6 Plain:98,CNC_leg14_x2_ankle_pitch_back:1,,,,,,,,,,,,,,,,,False,origin unreadable
v2.1_lower_leg_R,v2.1_lower_body_latest:1+v2.1_lower_leg_R:1,Rigid 317,joint,rigid,Hexalobular Socket Pan Head Screw ISO 14583 - M4x10 Steel 4.6 Plain:99,CNC_leg14_x2_ankle_pitch_back:1,,,,,,,,,,,,,,,,,False,origin unreadable
v2.1_lower_leg_R,v2.1_lower_body_latest:1+v2.1_lower_leg_R:1,Rigid 318,joint,rigid,Hexalobular Socket Pan Head Screw ISO 14583 - M4x10 Steel 4.6 Plain:100,CNC_leg13_x2_ankle_pitch_front:1,,,,,,,,,,,,,,,,,False,origin unreadable
v2.1_lower_leg_R,v2.1_lower_body_latest:1+v2.1_lower_leg_R:1,Rigid 319,joint,rigid,Hexalobular Socket Pan Head Screw ISO 14583 - M4x10 Steel 4.6 Plain:101,CNC_leg13_x2_ankle_pitch_front:1,,,,,,,,,,,,,,,,,False,origin unreadable
v2.1_lower_leg_R,v2.1_lower_body_latest:1+v2.1_lower_leg_R:1,Rigid 320,joint,rigid,Hexalobular Socket Pan Head Screw ISO 14583 - M4x10 Steel 4.6 Plain:102,CNC_leg13_x2_ankle_pitch_front:1,,,,,,,,,,,,,,,,,False,origin unreadable
v2.1_lower_leg_R,v2.1_lower_body_latest:1+v2.1_lower_leg_R:1,Rigid 321,joint,rigid,Hexalobular Socket Pan Head Screw ISO 14583 - M4x10 Steel 4.6 Plain:103,CNC_leg13_x2_ankle_pitch_front:1,,,,,,,,,,,,,,,,,False,origin unreadable
v2.1_lower_leg_R,v2.1_lower_body_latest:1+v2.1_lower_leg_R:1,Rigid 322,joint,rigid,Hexalobular Socket Pan Head Screw ISO 14583 - M4x10 Steel 4.6 Plain:104,CNC_leg13_x2_ankle_pitch_front:1,,,,,,,,,,,,,,,,,False,origin unreadable
v2.1_lower_leg_R,v2.1_lower_body_latest:1+v2.1_lower_leg_R:1,Rigid 323,joint,rigid,Hexalobular Socket Pan Head Screw ISO 14583 - M4x10 Steel 4.6 Plain:105,CNC_leg13_x2_ankle_pitch_front:1,,,,,,,,,,,,,,,,,False,origin unreadable
v2.1_lower_leg_R,v2.1_lower_body_latest:1+v2.1_lower_leg_R:1,Rigid 324,joint,rigid,Hexalobular Socket Pan Head Screw ISO 14583 - M4x10 Steel 4.6 Plain:106,CNC_leg13_x2_ankle_pitch_front:1,,,,,,,,,,,,,,,,,False,origin unreadable
v2.1_lower_leg_R,v2.1_lower_body_latest:1+v2.1_lower_leg_R:1,Rigid 325,joint,rigid,Hexalobular Socket Pan Head Screw ISO 14583 - M4x10 Steel 4.6 Plain:107,CNC_leg13_x2_ankle_pitch_front:1,,,,,,,,,,,,,,,,,False,origin unreadable
v2.1_lower_leg_R,v2.1_lower_body_latest:1+v2.1_lower_leg_R:1,Rigid 326,joint,rigid,Hexalobular Socket Pan Head Screw ISO 14583 - M4x10 Steel 4.6 Plain:108,shanks:1+CNC_leg10_x2_lower_leg_output_shank:1,,,,,,,,,,,,,,,,,False,origin unreadable
v2.1_lower_leg_R,v2.1_lower_body_latest:1+v2.1_lower_leg_R:1,Rigid 329,joint,rigid,Hexalobular Socket Pan Head Screw ISO 14583 - M4x10 Steel 4.6 Plain:111,shanks:1+CNC_leg10_x2_lower_leg_output_shank:1,,,,,,,,,,,,,,,,,False,origin unreadable
v2.1_lower_leg_R,v2.1_lower_body_latest:1+v2.1_lower_leg_R:1,Rigid 331,joint,rigid,Hexalobular Socket Pan Head Screw ISO 14583 - M4x10 Steel 4.6 Plain:113,shanks:1+CNC_leg10_x2_lower_leg_output_shank:1,,,,,,,,,,,,,,,,,False,origin unreadable
v2.1_lower_leg_R,v2.1_lower_body_latest:1+v2.1_lower_leg_R:1,Rigid 332,joint,rigid,Hexalobular Socket Pan Head Screw ISO 14583 - M3x10 Steel 4.6 Plain:1,knee_assembly:1+CNC_leg09_x8_knee_back:1,,,,,,,,,,,,,,,,,False,origin unreadable
v2.1_lower_leg_R,v2.1_lower_body_latest:1+v2.1_lower_leg_R:1,Rigid 333,joint,rigid,Hexalobular Socket Pan Head Screw ISO 14583 - M3x10 Steel 4.6 Plain:2,knee_assembly:1+CNC_leg09_x8_knee_back:1,,,,,,,,,,,,,,,,,False,origin unreadable
v2.1_lower_leg_R,v2.1_lower_body_latest:1+v2.1_lower_leg_R:1,Rigid 334,joint,rigid,Hexalobular Socket Pan Head Screw ISO 14583 - M3x10 Steel 4.6 Plain:3,knee_assembly:1+CNC_leg09_x8_knee_back:1,,,,,,,,,,,,,,,,,False,origin unreadable
v2.1_lower_leg_R,v2.1_lower_body_latest:1+v2.1_lower_leg_R:1,Rigid 335,joint,rigid,Hexalobular Socket Pan Head Screw ISO 14583 - M3x10 Steel 4.6 Plain:4,knee_assembly:1+CNC_leg09_x8_knee_back:1,,,,,,,,,,,,,,,,,False,origin unreadable
v2.1_lower_leg_R,v2.1_lower_body_latest:1+v2.1_lower_leg_R:1,Rigid 336,joint,rigid,Hexalobular Socket Pan Head Screw ISO 14583 - M3x10 Steel 4.6 Plain:5,knee_assembly:1+CNC_leg08_x2_knee_front_bearing_retainer:1,,,,,,,,,,,,,,,,,False,origin unreadable
v2.1_lower_leg_R,v2.1_lower_body_latest:1+v2.1_lower_leg_R:1,Rigid 337,joint,rigid,Hexalobular Socket Pan Head Screw ISO 14583 - M3x10 Steel 4.6 Plain:6,knee_assembly:1+CNC_leg08_x2_knee_front_bearing_retainer:1,,,,,,,,,,,,,,,,,False,origin unreadable
v2.1_lower_leg_R,v2.1_lower_body_latest:1+v2.1_lower_leg_R:1,Rigid 338,joint,rigid,Hexalobular Socket Pan Head Screw ISO 14583 - M3x10 Steel 4.6 Plain:7,knee_assembly:1+CNC_leg08_x2_knee_front_bearing_retainer:1,,,,,,,,,,,,,,,,,False,origin unreadable
v2.1_lower_leg_R,v2.1_lower_body_latest:1+v2.1_lower_leg_R:1,Rigid 339,joint,rigid,Hexalobular Socket Pan Head Screw ISO 14583 - M3x10 Steel 4.6 Plain:8,knee_assembly:1+CNC_leg08_x2_knee_front_bearing_retainer:1,,,,,,,,,,,,,,,,,False,origin unreadable
v2.1_lower_leg_R,v2.1_lower_body_latest:1+v2.1_lower_leg_R:1,Rigid 341,joint,rigid,Hexalobular Socket Pan Head Screw ISO 14583 - M3x10 Steel 4.6 Plain:10,foot_assembly:1+CNC_leg18_x2_foot_plate:1,,,,,,,,,,,,,,,,,False,origin unreadable
v2.1_lower_leg_R,v2.1_lower_body_latest:1+v2.1_lower_leg_R:1,Rigid 342,joint,rigid,Hexalobular Socket Pan Head Screw ISO 14583 - M3x10 Steel 4.6 Plain:11,foot_assembly:1+CNC_leg18_x2_foot_plate:1,,,,,,,,,,,,,,,,,False,origin unreadable
v2.1_lower_leg_R,v2.1_lower_body_latest:1+v2.1_lower_leg_R:1,Rigid 343,joint,rigid,Hexalobular Socket Pan Head Screw ISO 14583 - M3x10 Steel 4.6 Plain:12,foot_assembly:1+CNC_leg18_x2_foot_plate:1,,,,,,,,,,,,,,,,,False,origin unreadable
v2.1_lower_leg_R,v2.1_lower_body_latest:1+v2.1_lower_leg_R:1,Rigid 344,joint,rigid,Hexalobular Socket Pan Head Screw ISO 14583 - M3x10 Steel 4.6 Plain:13,foot_assembly:1+CNC_leg18_x2_foot_plate:1,,,,,,,,,,,,,,,,,False,origin unreadable
v2.1_lower_leg_R,v2.1_lower_body_latest:1+v2.1_lower_leg_R:1,Rigid 345,joint,rigid,Hexalobular Socket Pan Head Screw ISO 14583 - M3x10 Steel 4.6 Plain:14,foot_assembly:1+CNC_leg18_x2_foot_plate:1,,,,,,,,,,,,,,,,,False,origin unreadable
v2.1_lower_leg_R,v2.1_lower_body_latest:1+v2.1_lower_leg_R:1,Rigid 346,joint,rigid,Hexalobular Socket Pan Head Screw ISO 14583 - M3x10 Steel 4.6 Plain:15,foot_assembly:1+CNC_leg18_x2_foot_plate:1,,,,,,,,,,,,,,,,,False,origin unreadable
v2.1_lower_leg_R,v2.1_lower_body_latest:1+v2.1_lower_leg_R:1,Rigid 348,joint,rigid,Hexalobular Socket Pan Head Screw ISO 14583 - M3x10 Steel 4.6 Plain:17,foot_assembly:1+CNC_leg15_x2_RS06_shaft_bearing_retainer:1,,,,,,,,,,,,,,,,,False,origin unreadable
v2.1_lower_leg_R,v2.1_lower_body_latest:1+v2.1_lower_leg_R:1,Rigid 349,joint,rigid,Hexalobular Socket Pan Head Screw ISO 14583 - M3x10 Steel 4.6 Plain:18,foot_assembly:1+CNC_leg15_x2_RS06_shaft_bearing_retainer:1,,,,,,,,,,,,,,,,,False,origin unreadable
v2.1_lower_leg_R,v2.1_lower_body_latest:1+v2.1_lower_leg_R:1,Rigid 350,joint,rigid,Hexalobular Socket Pan Head Screw ISO 14583 - M3x10 Steel 4.6 Plain:19,foot_assembly:1+CNC_leg15_x2_RS06_shaft_bearing_retainer:1,,,,,,,,,,,,,,,,,False,origin unreadable
v2.1_lower_leg_R,v2.1_lower_body_latest:1+v2.1_lower_leg_R:1,Rigid 351,joint,rigid,Hexalobular Socket Pan Head Screw ISO 14583 - M3x10 Steel 4.6 Plain:20,foot_assembly:1+CNC_leg15_x2_RS06_shaft_bearing_retainer:1,,,,,,,,,,,,,,,,,False,origin unreadable
v2.1_lower_leg_R,v2.1_lower_body_latest:1+v2.1_lower_leg_R:1,Rigid 352,joint,rigid,Hexalobular Socket Pan Head Screw ISO 14583 - M3x10 Steel 4.6 Plain:21,foot_assembly:1+CNC_leg15_x2_RS06_shaft_bearing_retainer:1,,,,,,,,,,,,,,,,,False,origin unreadable
v2.1_lower_leg_R,v2.1_lower_body_latest:1+v2.1_lower_leg_R:1,Rigid 353,joint,rigid,Hexalobular Socket Pan Head Screw ISO 14583 - M3x10 Steel 4.6 Plain:22,foot_assembly:1+CNC_leg15_x2_RS06_shaft_bearing_retainer:1,,,,,,,,,,,,,,,,,False,origin unreadable
v2.1_lower_leg_R,v2.1_lower_body_latest:1+v2.1_lower_leg_R:1,Rigid 354,joint,rigid,Hexalobular Socket Pan Head Screw ISO 14583 - M3x10 Steel 4.6 Plain:23,foot_assembly:1+CNC_leg15_x2_RS06_shaft_bearing_retainer:1,,,,,,,,,,,,,,,,,False,origin unreadable
v2.1_lower_leg_R,v2.1_lower_body_latest:1+v2.1_lower_leg_R:1,Rigid 355,joint,rigid,Hexalobular Socket Pan Head Screw ISO 14583 - M3x10 Steel 4.6 Plain:24,foot_assembly:1+CNC_leg15_x2_RS06_shaft_bearing_retainer:1,,,,,,,,,,,,,,,,,False,origin unreadable
v2.1_lower_leg_R,v2.1_lower_body_latest:1+v2.1_lower_leg_R:1,Rigid 356,joint,rigid,Hexalobular Socket Pan Head Screw ISO 14583 - M3x10 Steel 4.6 Plain:25,CNC_leg14_x2_ankle_pitch_back:1,,,,,,,,,,,,,,,,,False,origin unreadable
v2.1_lower_leg_R,v2.1_lower_body_latest:1+v2.1_lower_leg_R:1,Rigid 357,joint,rigid,Hexalobular Socket Pan Head Screw ISO 14583 - M3x10 Steel 4.6 Plain:26,CNC_leg14_x2_ankle_pitch_back:1,,,,,,,,,,,,,,,,,False,origin unreadable
v2.1_lower_leg_R,v2.1_lower_body_latest:1+v2.1_lower_leg_R:1,Rigid 358,joint,rigid,Hexalobular Socket Pan Head Screw ISO 14583 - M3x10 Steel 4.6 Plain:27,CNC_leg14_x2_ankle_pitch_back:1,,,,,,,,,,,,,,,,,False,origin unreadable
v2.1_lower_leg_R,v2.1_lower_body_latest:1+v2.1_lower_leg_R:1,Rigid 359,joint,rigid,Hexalobular Socket Pan Head Screw ISO 14583 - M3x10 Steel 4.6 Plain:28,CNC_leg14_x2_ankle_pitch_back:1,,,,,,,,,,,,,,,,,False,origin unreadable
v2.1_lower_leg_R,v2.1_lower_body_latest:1+v2.1_lower_leg_R:1,Rigid 360,joint,rigid,Hexalobular Socket Pan Head Screw ISO 14583 - M3x10 Steel 4.6 Plain:29,CNC_leg13_x2_ankle_pitch_front:1,,,,,,,,,,,,,,,,,False,origin unreadable
v2.1_lower_leg_R,v2.1_lower_body_latest:1+v2.1_lower_leg_R:1,Rigid 361,joint,rigid,Hexalobular Socket Pan Head Screw ISO 14583 - M3x10 Steel 4.6 Plain:30,CNC_leg13_x2_ankle_pitch_front:1,,,,,,,,,,,,,,,,,False,origin unreadable
v2.1_lower_leg_R,v2.1_lower_body_latest:1+v2.1_lower_leg_R:1,Rigid 362,joint,rigid,Hexalobular Socket Pan Head Screw ISO 14583 - M3x10 Steel 4.6 Plain:31,CNC_leg13_x2_ankle_pitch_front:1,,,,,,,,,,,,,,,,,False,origin unreadable
v2.1_lower_leg_R,v2.1_lower_body_latest:1+v2.1_lower_leg_R:1,Rigid 363,joint,rigid,Hexalobular Socket Pan Head Screw ISO 14583 - M3x10 Steel 4.6 Plain:32,CNC_leg13_x2_ankle_pitch_front:1,,,,,,,,,,,,,,,,,False,origin unreadable
v2.1_lower_leg_R,v2.1_lower_body_latest:1+v2.1_lower_leg_R:1,Rigid 364,joint,rigid,Hexalobular Socket Pan Head Screw ISO 14583 - M3x10 Steel 4.6 Plain:33,CNC_leg14_x2_ankle_pitch_back:1,,,,,,,,,,,,,,,,,False,origin unreadable
v2.1_lower_leg_R,v2.1_lower_body_latest:1+v2.1_lower_leg_R:1,Rigid 365,joint,rigid,Hexalobular Socket Pan Head Screw ISO 14583 - M3x10 Steel 4.6 Plain:34,CNC_leg14_x2_ankle_pitch_back:1,,,,,,,,,,,,,,,,,False,origin unreadable
v2.1_lower_leg_R,v2.1_lower_body_latest:1+v2.1_lower_leg_R:1,Rigid 366,joint,rigid,Hexalobular Socket Pan Head Screw ISO 14583 - M3x10 Steel 4.6 Plain:35,shanks:1+CNC_leg12_x4_lower_leg_bearing_cap:1,,,,,,,,,,,,,,,,,False,origin unreadable
v2.1_lower_leg_R,v2.1_lower_body_latest:1+v2.1_lower_leg_R:1,Rigid 367,joint,rigid,Hexalobular Socket Pan Head Screw ISO 14583 - M3x10 Steel 4.6 Plain:36,shanks:1+CNC_leg12_x4_lower_leg_bearing_cap:1,,,,,,,,,,,,,,,,,False,origin unreadable
v2.1_lower_leg_R,v2.1_lower_body_latest:1+v2.1_lower_leg_R:1,Rigid 368,joint,rigid,Hexalobular Socket Pan Head Screw ISO 14583 - M3x10 Steel 4.6 Plain:37,shanks:1+CNC_leg12_x4_lower_leg_bearing_cap:1,,,,,,,,,,,,,,,,,False,origin unreadable
v2.1_lower_leg_R,v2.1_lower_body_latest:1+v2.1_lower_leg_R:1,Rigid 369,joint,rigid,Hexalobular Socket Pan Head Screw ISO 14583 - M3x10 Steel 4.6 Plain:38,shanks:1+CNC_leg12_x4_lower_leg_bearing_cap:1,,,,,,,,,,,,,,,,,False,origin unreadable
v2.1_lower_leg_R,v2.1_lower_body_latest:1+v2.1_lower_leg_R:1,Rigid 370,joint,rigid,Hexalobular Socket Pan Head Screw ISO 14583 - M3x10 Steel 4.6 Plain:39,shanks:1+CNC_leg12_x4_lower_leg_bearing_cap (1):1,,,,,,,,,,,,,,,,,False,origin unreadable
v2.1_lower_leg_R,v2.1_lower_body_latest:1+v2.1_lower_leg_R:1,Rigid 371,joint,rigid,Hexalobular Socket Pan Head Screw ISO 14583 - M3x10 Steel 4.6 Plain:40,shanks:1+CNC_leg12_x4_lower_leg_bearing_cap (1):1,,,,,,,,,,,,,,,,,False,origin unreadable
v2.1_lower_leg_R,v2.1_lower_body_latest:1+v2.1_lower_leg_R:1,Rigid 372,joint,rigid,Hexalobular Socket Pan Head Screw ISO 14583 - M3x10 Steel 4.6 Plain:41,shanks:1+CNC_leg12_x4_lower_leg_bearing_cap (1):1,,,,,,,,,,,,,,,,,False,origin unreadable
v2.1_lower_leg_R,v2.1_lower_body_latest:1+v2.1_lower_leg_R:1,Rigid 373,joint,rigid,Hexalobular Socket Pan Head Screw ISO 14583 - M3x10 Steel 4.6 Plain:42,shanks:1+CNC_leg12_x4_lower_leg_bearing_cap (1):1,,,,,,,,,,,,,,,,,False,origin unreadable
v2.1_lower_leg_R,v2.1_lower_body_latest:1+v2.1_lower_leg_R:1,Rigid 374,joint,rigid,Hexalobular Socket Pan Head Screw ISO 14583 - M4x10 Steel 4.6 Plain:114,knee_assembly:1+CNC_leg09_x8_knee_back:1,,,,,,,,,,,,,,,,,False,origin unreadable
v2.1_lower_leg_R,v2.1_lower_body_latest:1+v2.1_lower_leg_R:1,Rigid 375,joint,rigid,Hexalobular Socket Pan Head Screw ISO 14583 - M4x10 Steel 4.6 Plain:115,knee_assembly:1+CNC_leg09_x8_knee_back:1,,,,,,,,,,,,,,,,,False,origin unreadable
v2.1_lower_leg_R,v2.1_lower_body_latest:1+v2.1_lower_leg_R:1,Revolute 376,joint,revolute,Robstride 03 - no back cover:1+3_1_02_090_0073_ASM_1_1_ASM:1+1_1_02_EB901-547_1_rotor:1,shanks:1+CNC_leg10_x2_lower_leg_output_shank:1,7.59,158.798,-482.571,0.0,1.0,0.0,,,5.759587,rad,,,330.0,,,,False,
v2.1_lower_leg_R,v2.1_lower_body_latest:1+v2.1_lower_leg_R:1,Rigid 377,joint,rigid,Hexalobular Socket Pan Head Screw ISO 14583 - M5x10 Steel 4.6 Plain:7,shanks:1+CNC_leg10_x2_lower_leg_output_shank:1,,,,,,,,,,,,,,,,,False,origin unreadable
v2.1_lower_leg_R,v2.1_lower_body_latest:1+v2.1_lower_leg_R:1,Rigid 379,joint,rigid,Hexalobular Socket Pan Head Screw ISO 14583 - M5x10 Steel 4.6 Plain:9,shanks:1+CNC_leg10_x2_lower_leg_output_shank:1,,,,,,,,,,,,,,,,,False,origin unreadable
v2.1_lower_leg_R,v2.1_lower_body_latest:1+v2.1_lower_leg_R:1,Rigid 380,joint,rigid,Hexalobular Socket Pan Head Screw ISO 14583 - M5x10 Steel 4.6 Plain:10,shanks:1+CNC_leg10_x2_lower_leg_output_shank:1,,,,,,,,,,,,,,,,,False,origin unreadable
v2.1_lower_leg_R,v2.1_lower_body_latest:1+v2.1_lower_leg_R:1,Rigid 381,joint,rigid,Hexalobular Socket Pan Head Screw ISO 14583 - M5x10 Steel 4.6 Plain:11,shanks:1+CNC_leg10_x2_lower_leg_output_shank:1,,,,,,,,,,,,,,,,,False,origin unreadable
v2.1_lower_leg_R,v2.1_lower_body_latest:1+v2.1_lower_leg_R:1,Rigid 382,joint,rigid,Hexalobular Socket Pan Head Screw ISO 14583 - M5x10 Steel 4.6 Plain:12,shanks:1+CNC_leg10_x2_lower_leg_output_shank:1,,,,,,,,,,,,,,,,,False,origin unreadable
v2.1_lower_leg_R,v2.1_lower_body_latest:1+v2.1_lower_leg_R:1,Rigid 385,joint,rigid,Hexalobular Socket Pan Head Screw ISO 14583 - M4x10 Steel 4.6 Plain:110,shanks:1+CNC_leg10_x2_lower_leg_output_shank:1,,,,,,,,,,,,,,,,,False,origin unreadable
v2.1_lower_leg_R,v2.1_lower_body_latest:1+v2.1_lower_leg_R:1,Rigid 386,joint,rigid,Hexalobular Socket Pan Head Screw ISO 14583 - M3x10 Steel 4.6 Plain:9,foot_assembly:1+CNC_leg18_x2_foot_plate:1,,,,,,,,,,,,,,,,,False,origin unreadable
v2.1_lower_leg_R,v2.1_lower_body_latest:1+v2.1_lower_leg_R:1,Rigid 387,joint,rigid,Hexalobular Socket Pan Head Screw ISO 14583 - M3x10 Steel 4.6 Plain:16,foot_assembly:1+CNC_leg18_x2_foot_plate:1,,,,,,,,,,,,,,,,,False,origin unreadable
v2.1_lower_leg_R,v2.1_lower_body_latest:1+v2.1_lower_leg_R:1,Rigid 388,joint,rigid,Hexalobular Socket Pan Head Screw ISO 14583 - M5x10 Steel 4.6 Plain:8,shanks:1+CNC_leg10_x2_lower_leg_output_shank:1,,,,,,,,,,,,,,,,,False,origin unreadable
v2.1_lower_leg_R,v2.1_lower_body_latest:1+v2.1_lower_leg_R:1,Rigid 389,joint,rigid,Hexalobular Socket Pan Head Screw ISO 14583 - M5x10 Steel 4.6 Plain:13,shanks:1+CNC_leg10_x2_lower_leg_output_shank:1,,,,,,,,,,,,,,,,,False,origin unreadable
v2.1_lower_leg_R,v2.1_lower_body_latest:1+v2.1_lower_leg_R:1,Rigid 390,joint,rigid,Hexalobular Socket Pan Head Screw ISO 14583 - M4x10 Steel 4.6 Plain:116,shanks:1+CNC_leg10_x2_lower_leg_output_shank:1,,,,,,,,,,,,,,,,,False,origin unreadable
v2.1_lower_leg_R,v2.1_lower_body_latest:1+v2.1_lower_leg_R:1,Rigid 391,joint,rigid,Hexalobular Socket Pan Head Screw ISO 14583 - M4x10 Steel 4.6 Plain:117,shanks:1+CNC_leg10_x2_lower_leg_output_shank:1,,,,,,,,,,,,,,,,,False,origin unreadable
v2.1_lower_leg_R,v2.1_lower_body_latest:1+v2.1_lower_leg_R:1,Rigid 398,joint,rigid,,protections:1+foot_front:1,,,,,,,,,,,,,,,,,False,origin unreadable
v2.1_lower_leg_R,v2.1_lower_body_latest:1+v2.1_lower_leg_R:1,Rigid 399,joint,rigid,,protections:1+foot_front:1,,,,,,,,,,,,,,,,,False,origin unreadable
v2.1_lower_leg_R,v2.1_lower_body_latest:1+v2.1_lower_leg_R:1,Rigid 402,joint,rigid,protections:1+output_shank:1+cables:1,shanks:1+CNC_leg11_x2_lower_leg_support_shank:1,2.0,82.798,-398.217,,,,,,,,,,,,,,False,
v2.1_lower_leg_R,v2.1_lower_body_latest:1+v2.1_lower_leg_R:1,Rigid 4,as_built,rigid,foot_assembly:1+CNC_leg15_x2_RS06_shaft_bearing_retainer:1,Robstride 06-No Back Cover:1+R06:1+MAIN:1+1_1_06_EB823-507_AF0^1_1_06_EB823-509_ASM_FL82BLW33-48V-35N.m(tooling-version)(1)_FL82BLW33-48V-35N.m(tooling-version)(1).STEP:1,,,,,,,,,,,,,,,,,False,origin unreadable
v2.1_lower_leg_R,v2.1_lower_body_latest:1+v2.1_lower_leg_R:1,Rigid 16,as_built,rigid,foot_assembly:1+CNC_leg16_x2_ankle_roll_output_shaft:1,Robstride 06-No Back Cover:1+R06:1+R06-ROTOR:1,,,,,,,,,,,,,,,,,False,origin unreadable
v2.1_lower_leg_R,v2.1_lower_body_latest:1+v2.1_lower_leg_R:1,Revolute 22,as_built,revolute,shanks:1+CNC_leg10_x2_lower_leg_output_shank:1,Robstride 03 - no back cover:1+3_1_02_090_0073_ASM_1_1_ASM:1+1_1_06_EB903-534_ASM_1_1_ASM:1+1_1_06_EB903-537_1_1:1,,,,0.0,-1.0,0.0,,,0.0,rad,,,0.0,,,,False,origin unreadable
v2.1_lower_leg_R,v2.1_lower_body_latest:1+v2.1_lower_leg_R:1,Rigid 28,as_built,rigid,knee_assembly:1+CNC_leg08_x2_knee_front_bearing_retainer:1,robstride04:1+120WAIGUAN0310_ASM_1_ASM:1+FL120BLW38-48V-120NM_ASM_1_ASM__ASM:1+3_1_02_120_0002_ASM_1_ASM_2_ASM_ASM:1+1_1_06_EB1203-503_1_1_1:1,,,,,,,,,,,,,,,,,False,origin unreadable
v2.1_lower_leg_R,v2.1_lower_body_latest:1+v2.1_lower_leg_R:1,Rigid 29,as_built,rigid,knee_assembly:1+CNC_leg08_x2_knee_front_bearing_retainer:1,robstride04:1+120WAIGUAN0310_ASM_1_ASM:1+FL120BLW38-48V-120NM_ASM_1_ASM__ASM:1+3_1_02_120_0002_ASM_1_ASM_2_ASM_ASM:1+1_1_02_EB1201-501_1_1_1:1,,,,,,,,,,,,,,,,,False,origin unreadable
v2.1_lower_leg_R,v2.1_lower_body_latest:1+v2.1_lower_leg_R:1,Rigid 30,as_built,rigid,knee_assembly:1+CNC_leg03_x4_RS03_shaft_bearing_retainer:1,Robstride 03 - full:1+3_1_02_090_0073_ASM_1_1_ASM:1+1_1_06_EB903-534_ASM_1_1_ASM:1+1_1_06_EB903-537_1_1:1,,,,,,,,,,,,,,,,,False,origin unreadable
v2.1_lower_leg_R,v2.1_lower_body_latest:1+v2.1_lower_leg_R:1,Rigid 141,as_built,rigid,shanks:1+CNC_leg12_x4_lower_leg_bearing_cap (1):1,robstride04:1+120WAIGUAN0310_ASM_1_ASM:1+FL120BLW38-48V-120NM_ASM_1_ASM__ASM:1+3_1_02_120_0002_ASM_1_ASM_2_ASM_ASM:1+1_1_06_EB1203-503_1_1_1:1,,,,,,,,,,,,,,,,,False,origin unreadable
v2.1_lower_leg_R,v2.1_lower_body_latest:1+v2.1_lower_leg_R:1,Rigid 142,as_built,rigid,shanks:1+CNC_leg12_x4_lower_leg_bearing_cap:1,CNC_leg14_x2_ankle_pitch_back:1,,,,,,,,,,,,,,,,,False,origin unreadable
v2.1_lower_leg_R,v2.1_lower_body_latest:1+v2.1_lower_leg_R:1,Rigid 143,as_built,rigid,CNC_leg14_x2_ankle_pitch_back:1,CNC_leg13_x2_ankle_pitch_front:1,,,,,,,,,,,,,,,,,False,origin unreadable
v2.1_lower_leg_R,v2.1_lower_body_latest:1+v2.1_lower_leg_R:1,Rigid 392,as_built,rigid,protections:1+foot_front:1,foot_assembly:1+CNC_leg16_x2_ankle_roll_output_shaft:1,,,,,,,,,,,,,,,,,False,origin unreadable
v2.1_lower_leg_R,v2.1_lower_body_latest:1+v2.1_lower_leg_R:1,Rigid 393,as_built,rigid,,,,,,,,,,,,,,,,,,,False,origin unreadable
v2.1_lower_leg_R,v2.1_lower_body_latest:1+v2.1_lower_leg_R:1,Rigid 394,as_built,rigid,protections:1+ankle_roll_motor:1,foot_assembly:1+CNC_leg15_x2_RS06_shaft_bearing_retainer:1,,,,,,,,,,,,,,,,,False,origin unreadable
v2.1_lower_leg_R,v2.1_lower_body_latest:1+v2.1_lower_leg_R:1,Rigid 395,as_built,rigid,protections:1+knee_motor:1,knee_assembly:1+CNC_leg08_x2_knee_front_bearing_retainer:1,,,,,,,,,,,,,,,,,False,origin unreadable
v2.1_lower_leg_R,v2.1_lower_body_latest:1+v2.1_lower_leg_R:1,Rigid 397,as_built,rigid,protections:1+output_shank:1,shanks:1+CNC_leg10_x2_lower_leg_output_shank:1,,,,,,,,,,,,,,,,,False,origin unreadable
CNC_leg18_x2_foot_plate,v2.1_lower_body_latest:1+v2.1_lower_leg_L_copy:1+CNC_leg18_x2_foot_plate:1,Rigid 1,joint,rigid,symmetric_sole:1,,,,,,,,,,,,,,,,,,False,origin unreadable
v2.1_lower_leg_L_copy,v2.1_lower_body_latest:1+v2.1_lower_leg_L_copy:1,Rigid 1,joint,rigid,Robstride 03 - no back cover:1+3_1_02_090_0073_ASM_1_1_ASM:1+1_1_06_EB903-534_ASM_1_1_ASM:1+1_1_06_EB903-537_1_1:1,leg_schematics_latest:1+robstride02_face:1,-0.0,107.798,-495.717,,,,,,,,,,,,,,False,
v2.1_lower_leg_L_copy,v2.1_lower_body_latest:1+v2.1_lower_leg_L_copy:1,Rigid 26,joint,rigid,bearing_45x58x7_6809_5.4kN_40g:1+half-bearing-45x58x7_6809_5.4kN_40g:1,CNC_leg13_x2_ankle_pitch_front:1,0.0,100.798,-495.717,,,,,,,,,,,,,,False,
v2.1_lower_leg_L_copy,v2.1_lower_body_latest:1+v2.1_lower_leg_L_copy:1,Rigid 27,joint,rigid,Robstride 06-No Back Cover:1+R06:1+1_1_31_QT-1040^FL82BLW33-48V-35N.m(tooling-version)(1)_FL82BLW33-48V-35N.m(tooling-version)(1).STEP:1,CNC_leg13_x2_ankle_pitch_front:1,65.5,133.298,-495.717,,,,,,,,,,,,,,False,
v2.1_lower_leg_L_copy,v2.1_lower_body_latest:1+v2.1_lower_leg_L_copy:1,Rigid 31,joint,rigid,CNC_leg17_x2_ankle_roll_support_shaft:1,CNC_leg18_x2_foot_plate:1,-55.985,133.298,-553.732,,,,,,,,,,,,,,False,
v2.1_lower_leg_L_copy,v2.1_lower_body_latest:1+v2.1_lower_leg_L_copy:1,Rigid 33,joint,rigid,bearing_35x47x7_6807_4.0kN_29g:1+half-bearing_35x47x7_6807_4.0kN_29g:1,CNC_leg15_x2_RS06_shaft_bearing_retainer:1,107.0,133.298,-495.717,,,,,,,,,,,,,,False,
v2.1_lower_leg_L_copy,v2.1_lower_body_latest:1+v2.1_lower_leg_L_copy:1,Rigid 34,joint,rigid,bearing_35x47x7_6807_4.0kN_29g:2+half-bearing_35x47x7_6807_4.0kN_29g:1,CNC_leg14_x2_ankle_pitch_back:1,-59.0,133.198,-495.717,,,,,,,,,,,,,,False,
v2.1_lower_leg_L_copy,v2.1_lower_body_latest:1+v2.1_lower_leg_L_copy:1,Rigid 36,joint,rigid,bearing_35x44x5_6707_1.6kN_15g:5+half-bearing_35x44x5_6707_1.6kN_15g:1,CNC_leg11_x2_knee_support_shank:1,0.0,174.698,-300.717,,,,,,,,,,,,,,False,
v2.1_lower_leg_L_copy,v2.1_lower_body_latest:1+v2.1_lower_leg_L_copy:1,Rigid 37,joint,rigid,bearing_35x44x5_6707_1.6kN_15g:6+half-bearing_35x44x5_6707_1.6kN_15g:1,CNC_leg11_x2_knee_support_shank:1,0.0,173.198,-300.717,,,,,,,,,,,,,,False,
v2.1_lower_leg_L_copy,v2.1_lower_body_latest:1+v2.1_lower_leg_L_copy:1,Rigid 38,joint,rigid,bearing_35x44x5_6707_1.6kN_15g:7+half-bearing_35x44x5_6707_1.6kN_15g:1,CNC_leg11_x2_knee_support_shank:1,0.0,174.698,-495.717,,,,,,,,,,,,,,False,
v2.1_lower_leg_L_copy,v2.1_lower_body_latest:1+v2.1_lower_leg_L_copy:1,Rigid 39,joint,rigid,bearing_35x44x5_6707_1.6kN_15g:8+half-bearing_35x44x5_6707_1.6kN_15g:1,CNC_leg11_x2_knee_support_shank:1,0.0,173.198,-495.717,,,,,,,,,,,,,,False,
v2.1_lower_leg_L_copy,v2.1_lower_body_latest:1+v2.1_lower_leg_L_copy:1,Rigid 40,joint,rigid,CNC_leg12_x4_lower_leg_bearing_cap:1,bearing_35x44x5_6707_1.6kN_15g:5+half-bearing_35x44x5_6707_1.6kN_15g:1,0.0,179.698,-300.717,,,,,,,,,,,,,,False,
v2.1_lower_leg_L_copy,v2.1_lower_body_latest:1+v2.1_lower_leg_L_copy:1,Rigid 41,joint,rigid,CNC_leg12_x4_lower_leg_bearing_cap:2,bearing_35x44x5_6707_1.6kN_15g:7+half-bearing_35x44x5_6707_1.6kN_15g:1,0.0,179.698,-495.717,,,,,,,,,,,,,,False,
v2.1_lower_leg_L_copy,v2.1_lower_body_latest:1+v2.1_lower_leg_L_copy:1,Rigid 43,joint,rigid,robstride04:1+120WAIGUAN0310_ASM_1_ASM:1+FL120BLW38-48V-120NM_ASM_1_ASM__ASM:1+3_1_02_120_0002_ASM_1_ASM_2_ASM_ASM:1+GP72-9_00_40N_M___20240216_ASM__ASM:1+ROTOR:1,CNC_leg10_x2_knee_output_shank:1,-0.0,107.998,-300.717,,,,,,,,,,,,,,False,
v2.1_lower_leg_L_copy,v2.1_lower_body_latest:1+v2.1_lower_leg_L_copy:1,Rigid 46,joint,rigid,bearing_50x65x7_6810_6.1kN_52g:1+half-bearing_50x65x7_6810_6.1kN_52g:1,CNC_leg08_x2_knee_front_bearing_retainer:1,0.0,99.498,-300.717,,,,,,,,,,,,,,False,
v2.1_lower_leg_L_copy,v2.1_lower_body_latest:1+v2.1_lower_leg_L_copy:1,Rigid 47,joint,rigid,Robstride 03 - full:1+3_1_02_090_0073_ASM_1_1_ASM:1+1_1_02_EB901-547_1_rotor:1,CNC_leg02_x7_RS03_shaft_coupler:1,0.0,133.498,-221.217,,,,,,,,,,,,,,False,
v2.1_lower_leg_L_copy,v2.1_lower_body_latest:1+v2.1_lower_leg_L_copy:1,Rigid 49,joint,rigid,bearing_45x58x7_6809_5.4kN_40g:2+half-bearing-45x58x7_6809_5.4kN_40g:1,CNC_leg03_x5_RS03_shaft_bearing_retainer:1,0.0,133.298,-228.217,,,,,,,,,,,,,,False,
v2.1_lower_leg_L_copy,v2.1_lower_body_latest:1+v2.1_lower_leg_L_copy:1,Rigid 174,joint,rigid,CNC_leg14_x2_ankle_pitch_back:1,Robstride 03 - no back cover:1+3_1_02_090_0073_ASM_1_1_ASM:1+1_1_31_QT-942_1:1,0.0,149.898,-495.717,,,,,,,,,,,,,,False,
v2.1_lower_leg_L_copy,v2.1_lower_body_latest:1+v2.1_lower_leg_L_copy:1,Rigid 175,joint,rigid,CNC_leg13_x2_ankle_pitch_front:1,Robstride 03 - no back cover:1+3_1_02_090_0073_ASM_1_1_ASM:1+1_1_06_EB903-534_ASM_1_1_ASM:1+1_1_06_EB903-537_1_1:1,0.0,110.298,-495.717,,,,,,,,,,,,,,False,
v2.1_lower_leg_L_copy,v2.1_lower_body_latest:1+v2.1_lower_leg_L_copy:1,Rigid 176,joint,rigid,CNC_leg10_x2_knee_output_shank:1,Robstride 03 - no back cover:1+3_1_02_090_0073_ASM_1_1_ASM:1+1_1_02_EB901-547_1_rotor:1,0.0,107.798,-495.717,,,,,,,,,,,,,,False,
v2.1_lower_leg_L_copy,v2.1_lower_body_latest:1+v2.1_lower_leg_L_copy:1,Revolute 177,joint,revolute,CNC_leg11_x2_knee_support_shank:1,CNC_leg14_x2_ankle_pitch_back:1,0.0,168.198,-495.717,0.0,-1.0,0.0,,,0.0,rad,,,0.0,,,,False,
v2.1_lower_leg_L_copy,v2.1_lower_body_latest:1+v2.1_lower_leg_L_copy:1,Rigid 178,joint,rigid,CNC_leg09_x2_knee_motor_back_cover:1,robstride04:1+120WAIGUAN0310_ASM_1_ASM:1+FL120BLW38-48V-120NM_ASM_1_ASM__ASM:1+3_1_02_120_0002_ASM_1_ASM_2_ASM_ASM:1+1_1_06_EB1203-503_1_1_1:1,0.0,147.498,-300.717,,,,,,,,,,,,,,False,
v2.1_lower_leg_L_copy,v2.1_lower_body_latest:1+v2.1_lower_leg_L_copy:1,Rigid 179,joint,rigid,CNC_leg08_x2_knee_front_bearing_retainer:1,robstride04:1+120WAIGUAN0310_ASM_1_ASM:1+FL120BLW38-48V-120NM_ASM_1_ASM__ASM:1+3_1_02_120_0002_ASM_1_ASM_2_ASM_ASM:1+1_1_02_EB1201-501_1_1_1:1,0.0,108.498,-300.717,,,,,,,,,,,,,,False,
v2.1_lower_leg_L_copy,v2.1_lower_body_latest:1+v2.1_lower_leg_L_copy:1,Rigid 180,joint,rigid,CNC_leg02_x7_RS03_shaft_coupler:1,CNC_leg09_x2_knee_motor_back_cover:1,0.0,158.498,-236.217,,,,,,,,,,,,,,False,
v2.1_lower_leg_L_copy,v2.1_lower_body_latest:1+v2.1_lower_leg_L_copy:1,Rigid 182,joint,rigid,Hexalobular Socket Pan Head Screw UNE-EN ISO 14583 - M3x10 Steel 4.6 Plain:1,CNC_leg08_x2_knee_front_bearing_retainer:1,,,,,,,,,,,,,,,,,False,origin unreadable
v2.1_lower_leg_L_copy,v2.1_lower_body_latest:1+v2.1_lower_leg_L_copy:1,Rigid 183,joint,rigid,Hexalobular Socket Pan Head Screw UNE-EN ISO 14583 - M3x10 Steel 4.6 Plain:2,CNC_leg08_x2_knee_front_bearing_retainer:1,,,,,,,,,,,,,,,,,False,origin unreadable
v2.1_lower_leg_L_copy,v2.1_lower_body_latest:1+v2.1_lower_leg_L_copy:1,Rigid 184,joint,rigid,Hexalobular Socket Pan Head Screw UNE-EN ISO 14583 - M3x10 Steel 4.6 Plain:3,CNC_leg08_x2_knee_front_bearing_retainer:1,,,,,,,,,,,,,,,,,False,origin unreadable
v2.1_lower_leg_L_copy,v2.1_lower_body_latest:1+v2.1_lower_leg_L_copy:1,Rigid 185,joint,rigid,Hexalobular Socket Pan Head Screw UNE-EN ISO 14583 - M3x10 Steel 4.6 Plain:4,CNC_leg08_x2_knee_front_bearing_retainer:1,,,,,,,,,,,,,,,,,False,origin unreadable
v2.1_lower_leg_L_copy,v2.1_lower_body_latest:1+v2.1_lower_leg_L_copy:1,Rigid 186,joint,rigid,Hexalobular Socket Pan Head Screw UNE-EN ISO 14583 - M3x10 Steel 4.6 Plain:5,CNC_leg09_x2_knee_motor_back_cover:1,,,,,,,,,,,,,,,,,False,origin unreadable
v2.1_lower_leg_L_copy,v2.1_lower_body_latest:1+v2.1_lower_leg_L_copy:1,Rigid 187,joint,rigid,Hexalobular Socket Pan Head Screw UNE-EN ISO 14583 - M3x10 Steel 4.6 Plain:6,CNC_leg09_x2_knee_motor_back_cover:1,,,,,,,,,,,,,,,,,False,origin unreadable
v2.1_lower_leg_L_copy,v2.1_lower_body_latest:1+v2.1_lower_leg_L_copy:1,Rigid 188,joint,rigid,Hexalobular Socket Pan Head Screw UNE-EN ISO 14583 - M3x10 Steel 4.6 Plain:7,CNC_leg09_x2_knee_motor_back_cover:1,,,,,,,,,,,,,,,,,False,origin unreadable
v2.1_lower_leg_L_copy,v2.1_lower_body_latest:1+v2.1_lower_leg_L_copy:1,Rigid 189,joint,rigid,Hexalobular Socket Pan Head Screw UNE-EN ISO 14583 - M3x10 Steel 4.6 Plain:8,CNC_leg09_x2_knee_motor_back_cover:1,,,,,,,,,,,,,,,,,False,origin unreadable
v2.1_lower_leg_L_copy,v2.1_lower_body_latest:1+v2.1_lower_leg_L_copy:1,Rigid 190,joint,rigid,Hexalobular Socket Pan Head Screw UNE-EN ISO 14583 - M3x10 Steel 4.6 Plain:9,CNC_leg12_x4_lower_leg_bearing_cap:1,,,,,,,,,,,,,,,,,False,origin unreadable
v2.1_lower_leg_L_copy,v2.1_lower_body_latest:1+v2.1_lower_leg_L_copy:1,Rigid 191,joint,rigid,Hexalobular Socket Pan Head Screw UNE-EN ISO 14583 - M3x10 Steel 4.6 Plain:10,CNC_leg12_x4_lower_leg_bearing_cap:1,,,,,,,,,,,,,,,,,False,origin unreadable
v2.1_lower_leg_L_copy,v2.1_lower_body_latest:1+v2.1_lower_leg_L_copy:1,Rigid 192,joint,rigid,Hexalobular Socket Pan Head Screw UNE-EN ISO 14583 - M3x10 Steel 4.6 Plain:11,CNC_leg12_x4_lower_leg_bearing_cap:1,,,,,,,,,,,,,,,,,False,origin unreadable
v2.1_lower_leg_L_copy,v2.1_lower_body_latest:1+v2.1_lower_leg_L_copy:1,Rigid 193,joint,rigid,Hexalobular Socket Pan Head Screw UNE-EN ISO 14583 - M3x10 Steel 4.6 Plain:12,CNC_leg12_x4_lower_leg_bearing_cap:1,,,,,,,,,,,,,,,,,False,origin unreadable
v2.1_lower_leg_L_copy,v2.1_lower_body_latest:1+v2.1_lower_leg_L_copy:1,Rigid 194,joint,rigid,Hexalobular Socket Pan Head Screw UNE-EN ISO 14583 - M3x10 Steel 4.6 Plain:13,CNC_leg12_x4_lower_leg_bearing_cap:2,,,,,,,,,,,,,,,,,False,origin unreadable
v2.1_lower_leg_L_copy,v2.1_lower_body_latest:1+v2.1_lower_leg_L_copy:1,Rigid 195,joint,rigid,Hexalobular Socket Pan Head Screw UNE-EN ISO 14583 - M3x10 Steel 4.6 Plain:14,CNC_leg12_x4_lower_leg_bearing_cap:2,,,,,,,,,,,,,,,,,False,origin unreadable
v2.1_lower_leg_L_copy,v2.1_lower_body_latest:1+v2.1_lower_leg_L_copy:1,Rigid 196,joint,rigid,Hexalobular Socket Pan Head Screw UNE-EN ISO 14583 - M3x10 Steel 4.6 Plain:15,CNC_leg12_x4_lower_leg_bearing_cap:2,,,,,,,,,,,,,,,,,False,origin unreadable
v2.1_lower_leg_L_copy,v2.1_lower_body_latest:1+v2.1_lower_leg_L_copy:1,Rigid 197,joint,rigid,Hexalobular Socket Pan Head Screw UNE-EN ISO 14583 - M3x10 Steel 4.6 Plain:16,CNC_leg12_x4_lower_leg_bearing_cap:2,,,,,,,,,,,,,,,,,False,origin unreadable
v2.1_lower_leg_L_copy,v2.1_lower_body_latest:1+v2.1_lower_leg_L_copy:1,Rigid 198,joint,rigid,Hexalobular Socket Pan Head Screw UNE-EN ISO 14583 - M3x10 Steel 4.6 Plain:17,CNC_leg18_x2_foot_plate:1,,,,,,,,,,,,,,,,,False,origin unreadable
v2.1_lower_leg_L_copy,v2.1_lower_body_latest:1+v2.1_lower_leg_L_copy:1,Rigid 199,joint,rigid,Hexalobular Socket Pan Head Screw UNE-EN ISO 14583 - M3x10 Steel 4.6 Plain:18,CNC_leg18_x2_foot_plate:1,,,,,,,,,,,,,,,,,False,origin unreadable
v2.1_lower_leg_L_copy,v2.1_lower_body_latest:1+v2.1_lower_leg_L_copy:1,Rigid 200,joint,rigid,Hexalobular Socket Pan Head Screw UNE-EN ISO 14583 - M3x10 Steel 4.6 Plain:19,CNC_leg18_x2_foot_plate:1,,,,,,,,,,,,,,,,,False,origin unreadable
v2.1_lower_leg_L_copy,v2.1_lower_body_latest:1+v2.1_lower_leg_L_copy:1,Rigid 201,joint,rigid,Hexalobular Socket Pan Head Screw UNE-EN ISO 14583 - M3x10 Steel 4.6 Plain:20,CNC_leg18_x2_foot_plate:1,,,,,,,,,,,,,,,,,False,origin unreadable
v2.1_lower_leg_L_copy,v2.1_lower_body_latest:1+v2.1_lower_leg_L_copy:1,Rigid 202,joint,rigid,Hexalobular Socket Pan Head Screw UNE-EN ISO 14583 - M3x10 Steel 4.6 Plain:21,CNC_leg18_x2_foot_plate:1,,,,,,,,,,,,,,,,,False,origin unreadable
v2.1_lower_leg_L_copy,v2.1_lower_body_latest:1+v2.1_lower_leg_L_copy:1,Rigid 203,joint,rigid,Hexalobular Socket Pan Head Screw UNE-EN ISO 14583 - M3x10 Steel 4.6 Plain:22,CNC_leg18_x2_foot_plate:1,,,,,,,,,,,,,,,,,False,origin unreadable
v2.1_lower_leg_L_copy,v2.1_lower_body_latest:1+v2.1_lower_leg_L_copy:1,Rigid 204,joint,rigid,Hexalobular Socket Pan Head Screw UNE-EN ISO 14583 - M3x10 Steel 4.6 Plain:23,CNC_leg18_x2_foot_plate:1,,,,,,,,,,,,,,,,,False,origin unreadable
v2.1_lower_leg_L_copy,v2.1_lower_body_latest:1+v2.1_lower_leg_L_copy:1,Rigid 205,joint,rigid,Hexalobular Socket Pan Head Screw UNE-EN ISO 14583 - M3x10 Steel 4.6 Plain:24,CNC_leg18_x2_foot_plate:1,,,,,,,,,,,,,,,,,False,origin unreadable
v2.1_lower_leg_L_copy,v2.1_lower_body_latest:1+v2.1_lower_leg_L_copy:1,Rigid 206,joint,rigid,Hexalobular Socket Pan Head Screw UNE-EN ISO 14583 - M4x10 Steel 4.6 Plain:1,CNC_leg08_x2_knee_front_bearing_retainer:1,,,,,,,,,,,,,,,,,False,origin unreadable
v2.1_lower_leg_L_copy,v2.1_lower_body_latest:1+v2.1_lower_leg_L_copy:1,Rigid 207,joint,rigid,Hexalobular Socket Pan Head Screw UNE-EN ISO 14583 - M4x10 Steel 4.6 Plain:2,CNC_leg08_x2_knee_front_bearing_retainer:1,,,,,,,,,,,,,,,,,False,origin unreadable
v2.1_lower_leg_L_copy,v2.1_lower_body_latest:1+v2.1_lower_leg_L_copy:1,Rigid 208,joint,rigid,Hexalobular Socket Pan Head Screw UNE-EN ISO 14583 - M4x10 Steel 4.6 Plain:3,CNC_leg08_x2_knee_front_bearing_retainer:1,,,,,,,,,,,,,,,,,False,origin unreadable
v2.1_lower_leg_L_copy,v2.1_lower_body_latest:1+v2.1_lower_leg_L_copy:1,Rigid 209,joint,rigid,Hexalobular Socket Pan Head Screw UNE-EN ISO 14583 - M4x10 Steel 4.6 Plain:4,CNC_leg08_x2_knee_front_bearing_retainer:1,,,,,,,,,,,,,,,,,False,origin unreadable
v2.1_lower_leg_L_copy,v2.1_lower_body_latest:1+v2.1_lower_leg_L_copy:1,Rigid 210,joint,rigid,Hexalobular Socket Pan Head Screw UNE-EN ISO 14583 - M4x10 Steel 4.6 Plain:5,CNC_leg08_x2_knee_front_bearing_retainer:1,,,,,,,,,,,,,,,,,False,origin unreadable
v2.1_lower_leg_L_copy,v2.1_lower_body_latest:1+v2.1_lower_leg_L_copy:1,Rigid 211,joint,rigid,Hexalobular Socket Pan Head Screw UNE-EN ISO 14583 - M4x10 Steel 4.6 Plain:6,CNC_leg08_x2_knee_front_bearing_retainer:1,,,,,,,,,,,,,,,,,False,origin unreadable
v2.1_lower_leg_L_copy,v2.1_lower_body_latest:1+v2.1_lower_leg_L_copy:1,Rigid 212,joint,rigid,Hexalobular Socket Pan Head Screw UNE-EN ISO 14583 - M4x10 Steel 4.6 Plain:7,CNC_leg08_x2_knee_front_bearing_retainer:1,,,,,,,,,,,,,,,,,False,origin unreadable
v2.1_lower_leg_L_copy,v2.1_lower_body_latest:1+v2.1_lower_leg_L_copy:1,Rigid 213,joint,rigid,Hexalobular Socket Pan Head Screw UNE-EN ISO 14583 - M4x10 Steel 4.6 Plain:8,CNC_leg08_x2_knee_front_bearing_retainer:1,,,,,,,,,,,,,,,,,False,origin unreadable
v2.1_lower_leg_L_copy,v2.1_lower_body_latest:1+v2.1_lower_leg_L_copy:1,Rigid 214,joint,rigid,Hexalobular Socket Pan Head Screw UNE-EN ISO 14583 - M4x10 Steel 4.6 Plain:9,CNC_leg08_x2_knee_front_bearing_retainer:1,,,,,,,,,,,,,,,,,False,origin unreadable
v2.1_lower_leg_L_copy,v2.1_lower_body_latest:1+v2.1_lower_leg_L_copy:1,Rigid 215,joint,rigid,Hexalobular Socket Pan Head Screw UNE-EN ISO 14583 - M4x10 Steel 4.6 Plain:10,CNC_leg08_x2_knee_front_bearing_retainer:1,,,,,,,,,,,,,,,,,False,origin unreadable
v2.1_lower_leg_L_copy,v2.1_lower_body_latest:1+v2.1_lower_leg_L_copy:1,Rigid 216,joint,rigid,Hexalobular Socket Pan Head Screw UNE-EN ISO 14583 - M4x10 Steel 4.6 Plain:11,CNC_leg09_x2_knee_motor_back_cover:1,,,,,,,,,,,,,,,,,False,origin unreadable
v2.1_lower_leg_L_copy,v2.1_lower_body_latest:1+v2.1_lower_leg_L_copy:1,Rigid 217,joint,rigid,Hexalobular Socket Pan Head Screw UNE-EN ISO 14583 - M4x10 Steel 4.6 Plain:12,CNC_leg09_x2_knee_motor_back_cover:1,,,,,,,,,,,,,,,,,False,origin unreadable
v2.1_lower_leg_L_copy,v2.1_lower_body_latest:1+v2.1_lower_leg_L_copy:1,Rigid 218,joint,rigid,Hexalobular Socket Pan Head Screw UNE-EN ISO 14583 - M4x10 Steel 4.6 Plain:13,CNC_leg09_x2_knee_motor_back_cover:1,,,,,,,,,,,,,,,,,False,origin unreadable
v2.1_lower_leg_L_copy,v2.1_lower_body_latest:1+v2.1_lower_leg_L_copy:1,Rigid 219,joint,rigid,Hexalobular Socket Pan Head Screw UNE-EN ISO 14583 - M4x10 Steel 4.6 Plain:14,CNC_leg09_x2_knee_motor_back_cover:1,,,,,,,,,,,,,,,,,False,origin unreadable
v2.1_lower_leg_L_copy,v2.1_lower_body_latest:1+v2.1_lower_leg_L_copy:1,Rigid 220,joint,rigid,Hexalobular Socket Pan Head Screw UNE-EN ISO 14583 - M4x10 Steel 4.6 Plain:15,CNC_leg09_x2_knee_motor_back_cover:1,,,,,,,,,,,,,,,,,False,origin unreadable
v2.1_lower_leg_L_copy,v2.1_lower_body_latest:1+v2.1_lower_leg_L_copy:1,Rigid 221,joint,rigid,Hexalobular Socket Pan Head Screw UNE-EN ISO 14583 - M4x10 Steel 4.6 Plain:16,CNC_leg09_x2_knee_motor_back_cover:1,,,,,,,,,,,,,,,,,False,origin unreadable
v2.1_lower_leg_L_copy,v2.1_lower_body_latest:1+v2.1_lower_leg_L_copy:1,Rigid 222,joint,rigid,Hexalobular Socket Pan Head Screw UNE-EN ISO 14583 - M4x10 Steel 4.6 Plain:17,CNC_leg09_x2_knee_motor_back_cover:1,,,,,,,,,,,,,,,,,False,origin unreadable
v2.1_lower_leg_L_copy,v2.1_lower_body_latest:1+v2.1_lower_leg_L_copy:1,Rigid 223,joint,rigid,Hexalobular Socket Pan Head Screw UNE-EN ISO 14583 - M4x10 Steel 4.6 Plain:18,CNC_leg09_x2_knee_motor_back_cover:1,,,,,,,,,,,,,,,,,False,origin unreadable
v2.1_lower_leg_L_copy,v2.1_lower_body_latest:1+v2.1_lower_leg_L_copy:1,Rigid 224,joint,rigid,Hexalobular Socket Pan Head Screw UNE-EN ISO 14583 - M4x10 Steel 4.6 Plain:19,CNC_leg14_x2_ankle_pitch_back:1,,,,,,,,,,,,,,,,,False,origin unreadable
v2.1_lower_leg_L_copy,v2.1_lower_body_latest:1+v2.1_lower_leg_L_copy:1,Rigid 225,joint,rigid,Hexalobular Socket Pan Head Screw UNE-EN ISO 14583 - M4x10 Steel 4.6 Plain:20,CNC_leg14_x2_ankle_pitch_back:1,,,,,,,,,,,,,,,,,False,origin unreadable
v2.1_lower_leg_L_copy,v2.1_lower_body_latest:1+v2.1_lower_leg_L_copy:1,Rigid 226,joint,rigid,Hexalobular Socket Pan Head Screw UNE-EN ISO 14583 - M4x10 Steel 4.6 Plain:21,CNC_leg14_x2_ankle_pitch_back:1,,,,,,,,,,,,,,,,,False,origin unreadable
v2.1_lower_leg_L_copy,v2.1_lower_body_latest:1+v2.1_lower_leg_L_copy:1,Rigid 227,joint,rigid,Hexalobular Socket Pan Head Screw UNE-EN ISO 14583 - M4x10 Steel 4.6 Plain:22,CNC_leg14_x2_ankle_pitch_back:1,,,,,,,,,,,,,,,,,False,origin unreadable
v2.1_lower_leg_L_copy,v2.1_lower_body_latest:1+v2.1_lower_leg_L_copy:1,Rigid 228,joint,rigid,Hexalobular Socket Pan Head Screw UNE-EN ISO 14583 - M4x10 Steel 4.6 Plain:23,CNC_leg14_x2_ankle_pitch_back:1,,,,,,,,,,,,,,,,,False,origin unreadable
v2.1_lower_leg_L_copy,v2.1_lower_body_latest:1+v2.1_lower_leg_L_copy:1,Rigid 229,joint,rigid,Hexalobular Socket Pan Head Screw UNE-EN ISO 14583 - M4x10 Steel 4.6 Plain:24,CNC_leg14_x2_ankle_pitch_back:1,,,,,,,,,,,,,,,,,False,origin unreadable
v2.1_lower_leg_L_copy,v2.1_lower_body_latest:1+v2.1_lower_leg_L_copy:1,Rigid 230,joint,rigid,Hexalobular Socket Pan Head Screw UNE-EN ISO 14583 - M4x10 Steel 4.6 Plain:25,CNC_leg14_x2_ankle_pitch_back:1,,,,,,,,,,,,,,,,,False,origin unreadable
v2.1_lower_leg_L_copy,v2.1_lower_body_latest:1+v2.1_lower_leg_L_copy:1,Rigid 231,joint,rigid,Hexalobular Socket Pan Head Screw UNE-EN ISO 14583 - M4x10 Steel 4.6 Plain:26,CNC_leg14_x2_ankle_pitch_back:1,,,,,,,,,,,,,,,,,False,origin unreadable
v2.1_lower_leg_L_copy,v2.1_lower_body_latest:1+v2.1_lower_leg_L_copy:1,Rigid 232,joint,rigid,Hexalobular Socket Pan Head Screw UNE-EN ISO 14583 - M4x10 Steel 4.6 Plain:27,CNC_leg13_x2_ankle_pitch_front:1,,,,,,,,,,,,,,,,,False,origin unreadable
v2.1_lower_leg_L_copy,v2.1_lower_body_latest:1+v2.1_lower_leg_L_copy:1,Rigid 233,joint,rigid,Hexalobular Socket Pan Head Screw UNE-EN ISO 14583 - M4x10 Steel 4.6 Plain:28,CNC_leg13_x2_ankle_pitch_front:1,,,,,,,,,,,,,,,,,False,origin unreadable
v2.1_lower_leg_L_copy,v2.1_lower_body_latest:1+v2.1_lower_leg_L_copy:1,Rigid 234,joint,rigid,Hexalobular Socket Pan Head Screw UNE-EN ISO 14583 - M4x10 Steel 4.6 Plain:29,CNC_leg13_x2_ankle_pitch_front:1,,,,,,,,,,,,,,,,,False,origin unreadable
v2.1_lower_leg_L_copy,v2.1_lower_body_latest:1+v2.1_lower_leg_L_copy:1,Rigid 235,joint,rigid,Hexalobular Socket Pan Head Screw UNE-EN ISO 14583 - M4x10 Steel 4.6 Plain:30,CNC_leg13_x2_ankle_pitch_front:1,,,,,,,,,,,,,,,,,False,origin unreadable
v2.1_lower_leg_L_copy,v2.1_lower_body_latest:1+v2.1_lower_leg_L_copy:1,Rigid 236,joint,rigid,Hexalobular Socket Pan Head Screw UNE-EN ISO 14583 - M4x10 Steel 4.6 Plain:31,CNC_leg13_x2_ankle_pitch_front:1,,,,,,,,,,,,,,,,,False,origin unreadable
v2.1_lower_leg_L_copy,v2.1_lower_body_latest:1+v2.1_lower_leg_L_copy:1,Rigid 237,joint,rigid,Hexalobular Socket Pan Head Screw UNE-EN ISO 14583 - M4x10 Steel 4.6 Plain:32,CNC_leg13_x2_ankle_pitch_front:1,,,,,,,,,,,,,,,,,False,origin unreadable
v2.1_lower_leg_L_copy,v2.1_lower_body_latest:1+v2.1_lower_leg_L_copy:1,Rigid 238,joint,rigid,Hexalobular Socket Pan Head Screw UNE-EN ISO 14583 - M4x10 Steel 4.6 Plain:33,CNC_leg13_x2_ankle_pitch_front:1,,,,,,,,,,,,,,,,,False,origin unreadable
v2.1_lower_leg_L_copy,v2.1_lower_body_latest:1+v2.1_lower_leg_L_copy:1,Rigid 239,joint,rigid,Hexalobular Socket Pan Head Screw UNE-EN ISO 14583 - M4x10 Steel 4.6 Plain:34,CNC_leg13_x2_ankle_pitch_front:1,,,,,,,,,,,,,,,,,False,origin unreadable
v2.1_lower_leg_L_copy,v2.1_lower_body_latest:1+v2.1_lower_leg_L_copy:1,Rigid 240,joint,rigid,Hexalobular Socket Pan Head Screw UNE-EN ISO 14583 - M4x10 Steel 4.6 Plain:35,CNC_leg10_x2_knee_output_shank:1,,,,,,,,,,,,,,,,,False,origin unreadable
v2.1_lower_leg_L_copy,v2.1_lower_body_latest:1+v2.1_lower_leg_L_copy:1,Rigid 241,joint,rigid,Hexalobular Socket Pan Head Screw UNE-EN ISO 14583 - M4x10 Steel 4.6 Plain:36,CNC_leg10_x2_knee_output_shank:1,,,,,,,,,,,,,,,,,False,origin unreadable
v2.1_lower_leg_L_copy,v2.1_lower_body_latest:1+v2.1_lower_leg_L_copy:1,Rigid 242,joint,rigid,Hexalobular Socket Pan Head Screw UNE-EN ISO 14583 - M4x10 Steel 4.6 Plain:37,CNC_leg10_x2_knee_output_shank:1,,,,,,,,,,,,,,,,,False,origin unreadable
v2.1_lower_leg_L_copy,v2.1_lower_body_latest:1+v2.1_lower_leg_L_copy:1,Rigid 243,joint,rigid,Hexalobular Socket Pan Head Screw UNE-EN ISO 14583 - M4x10 Steel 4.6 Plain:38,CNC_leg10_x2_knee_output_shank:1,,,,,,,,,,,,,,,,,False,origin unreadable
v2.1_lower_leg_L_copy,v2.1_lower_body_latest:1+v2.1_lower_leg_L_copy:1,Rigid 244,joint,rigid,Hexalobular Socket Pan Head Screw UNE-EN ISO 14583 - M4x10 Steel 4.6 Plain:39,CNC_leg10_x2_knee_output_shank:1,,,,,,,,,,,,,,,,,False,origin unreadable
v2.1_lower_leg_L_copy,v2.1_lower_body_latest:1+v2.1_lower_leg_L_copy:1,Rigid 245,joint,rigid,Hexalobular Socket Pan Head Screw UNE-EN ISO 14583 - M4x10 Steel 4.6 Plain:40,CNC_leg10_x2_knee_output_shank:1,,,,,,,,,,,,,,,,,False,origin unreadable
v2.1_lower_leg_L_copy,v2.1_lower_body_latest:1+v2.1_lower_leg_L_copy:1,Rigid 246,joint,rigid,Hexalobular Socket Pan Head Screw UNE-EN ISO 14583 - M3x10 Steel 4.6 Plain:25,CNC_leg13_x2_ankle_pitch_front:1,,,,,,,,,,,,,,,,,False,origin unreadable
v2.1_lower_leg_L_copy,v2.1_lower_body_latest:1+v2.1_lower_leg_L_copy:1,Rigid 247,joint,rigid,Hexalobular Socket Pan Head Screw UNE-EN ISO 14583 - M3x10 Steel 4.6 Plain:26,CNC_leg13_x2_ankle_pitch_front:1,,,,,,,,,,,,,,,,,False,origin unreadable
v2.1_lower_leg_L_copy,v2.1_lower_body_latest:1+v2.1_lower_leg_L_copy:1,Planar 248,joint,planar,Chamfered Bottom Hex Machine Screw Nut ANSI B18.6.3 - 3-56 Steel Grade 2H Plain:1,CNC_leg14_x2_ankle_pitch_back:1,,,,,,,,,0.0,rad,,,0.0,,,,False,origin unreadable
v2.1_lower_leg_L_copy,v2.1_lower_body_latest:1+v2.1_lower_leg_L_copy:1,Slider 249,joint,slider,Chamfered Bottom Hex Machine Screw Nut ANSI B18.6.3 - 3-56 Steel Grade 2H Plain:1,Hexalobular Socket Pan Head Screw UNE-EN ISO 14583 - M3x10 Steel 4.6 Plain:25,,,,0.0,1.0,-0.0,,,-2.3e-05,cm,,,,,,0.0,False,origin unreadable
v2.1_lower_leg_L_copy,v2.1_lower_body_latest:1+v2.1_lower_leg_L_copy:1,Planar 250,joint,planar,Chamfered Bottom Hex Machine Screw Nut ANSI B18.6.3 - 3-56 Steel Grade 2H Plain:2,CNC_leg14_x2_ankle_pitch_back:1,,,,,,,,,0.0,rad,,,0.0,,,,False,origin unreadable
v2.1_lower_leg_L_copy,v2.1_lower_body_latest:1+v2.1_lower_leg_L_copy:1,Slider 251,joint,slider,Chamfered Bottom Hex Machine Screw Nut ANSI B18.6.3 - 3-56 Steel Grade 2H Plain:2,Hexalobular Socket Pan Head Screw UNE-EN ISO 14583 - M3x10 Steel 4.6 Plain:26,,,,0.0,1.0,0.0,,,-2.3e-05,cm,,,,,,0.0,False,origin unreadable
v2.1_lower_leg_L_copy,v2.1_lower_body_latest:1+v2.1_lower_leg_L_copy:1,Rigid 252,joint,rigid,Hexalobular Socket Pan Head Screw UNE-EN ISO 14583 - M4x10 Steel 4.6 Plain:41,CNC_leg16_x2_ankle_roll_output_shaft:1,,,,,,,,,,,,,,,,,False,origin unreadable
v2.1_lower_leg_L_copy,v2.1_lower_body_latest:1+v2.1_lower_leg_L_copy:1,Rigid 253,joint,rigid,Hexalobular Socket Pan Head Screw UNE-EN ISO 14583 - M4x10 Steel 4.6 Plain:42,CNC_leg16_x2_ankle_roll_output_shaft:1,,,,,,,,,,,,,,,,,False,origin unreadable
v2.1_lower_leg_L_copy,v2.1_lower_body_latest:1+v2.1_lower_leg_L_copy:1,Rigid 254,joint,rigid,Hexalobular Socket Pan Head Screw UNE-EN ISO 14583 - M4x10 Steel 4.6 Plain:43,CNC_leg16_x2_ankle_roll_output_shaft:1,,,,,,,,,,,,,,,,,False,origin unreadable
v2.1_lower_leg_L_copy,v2.1_lower_body_latest:1+v2.1_lower_leg_L_copy:1,Rigid 255,joint,rigid,Hexalobular Socket Pan Head Screw UNE-EN ISO 14583 - M4x10 Steel 4.6 Plain:44,CNC_leg16_x2_ankle_roll_output_shaft:1,,,,,,,,,,,,,,,,,False,origin unreadable
v2.1_lower_leg_L_copy,v2.1_lower_body_latest:1+v2.1_lower_leg_L_copy:1,Rigid 256,joint,rigid,Hexalobular Socket Pan Head Screw UNE-EN ISO 14583 - M4x10 Steel 4.6 Plain:45,CNC_leg16_x2_ankle_roll_output_shaft:1,,,,,,,,,,,,,,,,,False,origin unreadable
v2.1_lower_leg_L_copy,v2.1_lower_body_latest:1+v2.1_lower_leg_L_copy:1,Rigid 257,joint,rigid,Hexalobular Socket Pan Head Screw UNE-EN ISO 14583 - M4x10 Steel 4.6 Plain:46,CNC_leg16_x2_ankle_roll_output_shaft:1,,,,,,,,,,,,,,,,,False,origin unreadable
v2.1_lower_leg_L_copy,v2.1_lower_body_latest:1+v2.1_lower_leg_L_copy:1,Rigid 258,joint,rigid,Hexalobular Socket Pan Head Screw UNE-EN ISO 14583 - M4x10 Steel 4.6 Plain:47,CNC_leg02_x7_RS03_shaft_coupler:1,,,,,,,,,,,,,,,,,False,origin unreadable
v2.1_lower_leg_L_copy,v2.1_lower_body_latest:1+v2.1_lower_leg_L_copy:1,Rigid 259,joint,rigid,Hexalobular Socket Pan Head Screw UNE-EN ISO 14583 - M4x10 Steel 4.6 Plain:48,CNC_leg02_x7_RS03_shaft_coupler:1,,,,,,,,,,,,,,,,,False,origin unreadable
v2.1_lower_leg_L_copy,v2.1_lower_body_latest:1+v2.1_lower_leg_L_copy:1,Rigid 260,joint,rigid,Hexalobular Socket Pan Head Screw UNE-EN ISO 14583 - M4x10 Steel 4.6 Plain:49,CNC_leg02_x7_RS03_shaft_coupler:1,,,,,,,,,,,,,,,,,False,origin unreadable
v2.1_lower_leg_L_copy,v2.1_lower_body_latest:1+v2.1_lower_leg_L_copy:1,Rigid 261,joint,rigid,Hexalobular Socket Pan Head Screw UNE-EN ISO 14583 - M4x10 Steel 4.6 Plain:50,CNC_leg02_x7_RS03_shaft_coupler:1,,,,,,,,,,,,,,,,,False,origin unreadable
v2.1_lower_leg_L_copy,v2.1_lower_body_latest:1+v2.1_lower_leg_L_copy:1,Rigid 262,joint,rigid,Hexalobular Socket Pan Head Screw UNE-EN ISO 14583 - M4x10 Steel 4.6 Plain:51,CNC_leg02_x7_RS03_shaft_coupler:1,,,,,,,,,,,,,,,,,False,origin unreadable
v2.1_lower_leg_L_copy,v2.1_lower_body_latest:1+v2.1_lower_leg_L_copy:1,Rigid 263,joint,rigid,Hexalobular Socket Pan Head Screw UNE-EN ISO 14583 - M4x10 Steel 4.6 Plain:52,CNC_leg02_x7_RS03_shaft_coupler:1,,,,,,,,,,,,,,,,,False,origin unreadable
v2.1_lower_leg_L_copy,v2.1_lower_body_latest:1+v2.1_lower_leg_L_copy:1,Rigid 266,joint,rigid,Hexalobular Socket Pan Head Screw UNE-EN ISO 14583 - M4x10 Steel 4.6 Plain:54,CNC_leg03_x5_RS03_shaft_bearing_retainer:1,,,,,,,,,,,,,,,,,False,origin unreadable
v2.1_lower_leg_L_copy,v2.1_lower_body_latest:1+v2.1_lower_leg_L_copy:1,Rigid 267,joint,rigid,Hexalobular Socket Pan Head Screw UNE-EN ISO 14583 - M4x10 Steel 4.6 Plain:55,CNC_leg03_x5_RS03_shaft_bearing_retainer:1,,,,,,,,,,,,,,,,,False,origin unreadable
v2.1_lower_leg_L_copy,v2.1_lower_body_latest:1+v2.1_lower_leg_L_copy:1,Rigid 268,joint,rigid,Hexalobular Socket Pan Head Screw UNE-EN ISO 14583 - M4x10 Steel 4.6 Plain:56,CNC_leg03_x5_RS03_shaft_bearing_retainer:1,,,,,,,,,,,,,,,,,False,origin unreadable
v2.1_lower_leg_L_copy,v2.1_lower_body_latest:1+v2.1_lower_leg_L_copy:1,Rigid 269,joint,rigid,Hexalobular Socket Pan Head Screw UNE-EN ISO 14583 - M4x10 Steel 4.6 Plain:57,CNC_leg03_x5_RS03_shaft_bearing_retainer:1,,,,,,,,,,,,,,,,,False,origin unreadable
v2.1_lower_leg_L_copy,v2.1_lower_body_latest:1+v2.1_lower_leg_L_copy:1,Rigid 270,joint,rigid,Hexalobular Socket Pan Head Screw UNE-EN ISO 14583 - M4x10 Steel 4.6 Plain:58,CNC_leg03_x5_RS03_shaft_bearing_retainer:1,,,,,,,,,,,,,,,,,False,origin unreadable
v2.1_lower_leg_L_copy,v2.1_lower_body_latest:1+v2.1_lower_leg_L_copy:1,Rigid 271,joint,rigid,Hexalobular Socket Pan Head Screw UNE-EN ISO 14583 - M4x10 Steel 4.6 Plain:59,CNC_leg03_x5_RS03_shaft_bearing_retainer:1,,,,,,,,,,,,,,,,,False,origin unreadable
v2.1_lower_leg_L_copy,v2.1_lower_body_latest:1+v2.1_lower_leg_L_copy:1,Rigid 272,joint,rigid,Hexalobular Socket Pan Head Screw UNE-EN ISO 14583 - M4x10 Steel 4.6 Plain:60,CNC_leg03_x5_RS03_shaft_bearing_retainer:1,,,,,,,,,,,,,,,,,False,origin unreadable
v2.1_lower_leg_L_copy,v2.1_lower_body_latest:1+v2.1_lower_leg_L_copy:1,Rigid 273,joint,rigid,Hexalobular Socket Pan Head Screw UNE-EN ISO 14583 - M4x10 Steel 4.6 Plain:61,CNC_leg03_x5_RS03_shaft_bearing_retainer:1,,,,,,,,,,,,,,,,,False,origin unreadable
v2.1_lower_leg_L_copy,v2.1_lower_body_latest:1+v2.1_lower_leg_L_copy:1,Rigid 274,joint,rigid,Hexalobular Socket Pan Head Screw UNE-EN ISO 14583 - M5x12 Steel 4.6 Plain:1,CNC_leg10_x2_knee_output_shank:1,,,,,,,,,,,,,,,,,False,origin unreadable
v2.1_lower_leg_L_copy,v2.1_lower_body_latest:1+v2.1_lower_leg_L_copy:1,Rigid 275,joint,rigid,Hexalobular Socket Pan Head Screw UNE-EN ISO 14583 - M5x12 Steel 4.6 Plain:2,CNC_leg10_x2_knee_output_shank:1,,,,,,,,,,,,,,,,,False,origin unreadable
v2.1_lower_leg_L_copy,v2.1_lower_body_latest:1+v2.1_lower_leg_L_copy:1,Rigid 276,joint,rigid,Hexalobular Socket Pan Head Screw UNE-EN ISO 14583 - M5x12 Steel 4.6 Plain:3,CNC_leg10_x2_knee_output_shank:1,,,,,,,,,,,,,,,,,False,origin unreadable
v2.1_lower_leg_L_copy,v2.1_lower_body_latest:1+v2.1_lower_leg_L_copy:1,Rigid 277,joint,rigid,Hexalobular Socket Pan Head Screw UNE-EN ISO 14583 - M5x12 Steel 4.6 Plain:4,CNC_leg10_x2_knee_output_shank:1,,,,,,,,,,,,,,,,,False,origin unreadable
v2.1_lower_leg_L_copy,v2.1_lower_body_latest:1+v2.1_lower_leg_L_copy:1,Rigid 278,joint,rigid,Hexalobular Socket Pan Head Screw UNE-EN ISO 14583 - M5x12 Steel 4.6 Plain:5,CNC_leg10_x2_knee_output_shank:1,,,,,,,,,,,,,,,,,False,origin unreadable
v2.1_lower_leg_L_copy,v2.1_lower_body_latest:1+v2.1_lower_leg_L_copy:1,Rigid 279,joint,rigid,Hexalobular Socket Pan Head Screw UNE-EN ISO 14583 - M5x12 Steel 4.6 Plain:6,CNC_leg10_x2_knee_output_shank:1,,,,,,,,,,,,,,,,,False,origin unreadable
v2.1_lower_leg_L_copy,v2.1_lower_body_latest:1+v2.1_lower_leg_L_copy:1,Rigid 280,joint,rigid,Hexalobular Socket Pan Head Screw UNE-EN ISO 14583 - M5x12 Steel 4.6 Plain:7,CNC_leg10_x2_knee_output_shank:1,,,,,,,,,,,,,,,,,False,origin unreadable
v2.1_lower_leg_L_copy,v2.1_lower_body_latest:1+v2.1_lower_leg_L_copy:1,Rigid 284,joint,rigid,ankle_roll_motor_protection:1+ankle_roll_motor:1,CNC_leg15_x2_RS06_shaft_bearing_retainer:1,,,,,,,,,,,,,,,,,False,origin unreadable
v2.1_lower_leg_L_copy,v2.1_lower_body_latest:1+v2.1_lower_leg_L_copy:1,Rigid 285,joint,rigid,knee_motor_protection:1+knee_motor:1,robstride04:1+120WAIGUAN0310_ASM_1_ASM:1+FL120BLW38-48V-120NM_ASM_1_ASM__ASM:1+3_1_02_120_0002_ASM_1_ASM_2_ASM_ASM:1+1_1_06_EB1203-503_1_1_1:1,,,,,,,,,,,,,,,,,False,origin unreadable
v2.1_lower_leg_L_copy,v2.1_lower_body_latest:1+v2.1_lower_leg_L_copy:1,Rigid 28,as_built,rigid,CNC_leg15_x2_RS06_shaft_bearing_retainer:1,Robstride 06-No Back Cover:1+R06:1+MAIN:1+1_1_06_EB823-507_AF0^1_1_06_EB823-509_ASM_FL82BLW33-48V-35N.m(tooling-version)(1)_FL82BLW33-48V-35N.m(tooling-version)(1).STEP:1,,,,,,,,,,,,,,,,,False,origin unreadable
v2.1_lower_leg_L_copy,v2.1_lower_body_latest:1+v2.1_lower_leg_L_copy:1,Rigid 30,as_built,rigid,CNC_leg16_x2_ankle_roll_output_shaft:1,Robstride 06-No Back Cover:1+R06:1+R06-ROTOR:1,,,,,,,,,,,,,,,,,False,origin unreadable
v2.1_lower_leg_L_copy,v2.1_lower_body_latest:1+v2.1_lower_leg_L_copy:1,Rigid 48,as_built,rigid,CNC_leg03_x5_RS03_shaft_bearing_retainer:1,Robstride 03 - full:1+3_1_02_090_0073_ASM_1_1_ASM:1+1_1_06_EB903-534_ASM_1_1_ASM:1+1_1_06_EB903-537_1_1:1,,,,,,,,,,,,,,,,,False,origin unreadable
v2.1_lower_leg_L_copy,v2.1_lower_body_latest:1+v2.1_lower_leg_L_copy:1,Rigid 181,as_built,rigid,CNC_leg11_x2_knee_support_shank:1,CNC_leg10_x2_knee_output_shank:1,,,,,,,,,,,,,,,,,False,origin unreadable
v2.1_lower_leg_L_copy,v2.1_lower_body_latest:1+v2.1_lower_leg_L_copy:1,Rigid 281,as_built,rigid,ankle_roll_structural_part_protection:1+foot_front:1,ankle_roll_structural_part_protection:1,,,,,,,,,,,,,,,,,False,origin unreadable
v2.1_lower_leg_L_copy,v2.1_lower_body_latest:1+v2.1_lower_leg_L_copy:1,Rigid 282,as_built,rigid,ankle_roll_structural_part_protection:1+foot_front:1,CNC_leg18_x2_foot_plate:1,,,,,,,,,,,,,,,,,False,origin unreadable
v2.1_lower_leg_L_copy,v2.1_lower_body_latest:1+v2.1_lower_leg_L_copy:1,Rigid 283,as_built,rigid,foot_sole:1,ankle_roll_structural_part_protection:1+foot_front:1,,,,,,,,,,,,,,,,,False,origin unreadable
v2.1_lower_leg_L_copy,v2.1_lower_body_latest:1+v2.1_lower_leg_L_copy:1,Rigid 286,as_built,rigid,lower_leg_output_shank_protection:1,CNC_leg11_x2_knee_support_shank:1,,,,,,,,,,,,,,,,,False,origin unreadable
v2.1_lower_leg_L_copy,v2.1_lower_body_latest:1+v2.1_lower_leg_L_copy:1,Rigid 287,as_built,rigid,CNC_leg10_x2_knee_output_shank:1,lower_leg_support_shank_protection:1,,,,,,,,,,,,,,,,,False,origin unreadable
v2.1_lower_leg_L_copy,v2.1_lower_body_latest:1+v2.1_lower_leg_L_copy:1,Rigid 289,as_built,rigid,CNC_leg18_x2_foot_plate:1+symmetric_sole:1,CNC_leg18_x2_foot_plate:1,,,,,,,,,,,,,,,,,False,origin unreadable
v2.1_lower_leg_L_copy,v2.1_lower_body_latest:1+v2.1_lower_leg_L_copy:1,Rigid 290,as_built,rigid,CNC_leg18_x2_foot_plate:1,CNC_leg16_x2_ankle_roll_output_shaft:1,,,,,,,,,,,,,,,,,False,origin unreadable
v2.1_lower_body_latest,v2.1_lower_body_latest:1,Rigid 1,joint,rigid,robstride03_cross_section:1,,0.0,0.0,65.5,,,,,,,,,,,,,,False,
v2.1_lower_body_latest,v2.1_lower_body_latest:1,Rigid 2,joint,rigid,robstride03_cross_section:2,,0.0,59.887,-16.047,,,,,,,,,,,,,,False,
v2.1_lower_body_latest,v2.1_lower_body_latest:1,Rigid 3,joint,rigid,robstride03_face:1,,0.0,126.536,-33.905,,,,,,,,,,,,,,False,
v2.1_lower_body_latest,v2.1_lower_body_latest:1,Rigid 4,joint,rigid,Robstride 03 - no back cover:1+3_1_02_090_0073_ASM_1_1_ASM:1+1_1_06_EB903-534_ASM_1_1_ASM:1+1_1_06_EB903-537_1_1:1,robstride03_cross_section:1,0.0,0.0,65.5,,,,,,,,,,,,,,False,
v2.1_lower_body_latest,v2.1_lower_body_latest:1,Rigid 8,joint,rigid,hip_center:1+CNC_leg02_x7_RS03_shaft_coupler:1,Robstride 03 - no back cover:1+3_1_02_090_0073_ASM_1_1_ASM:1+1_1_02_EB901-547_1_rotor:1,0.0,-0.0,65.5,,,,,,,,,,,,,,False,
v2.1_lower_body_latest,v2.1_lower_body_latest:1,Rigid 9,joint,rigid,Robstride 03 - no back cover:2+3_1_02_090_0073_ASM_1_1_ASM:1+1_1_31_QT-942_1:1,hip_center:1+CNC_leg01_x2_hip_center_back:1,-0.0,19.319,-5.176,,,,,,,,,,,,,,False,
v2.1_lower_body_latest,v2.1_lower_body_latest:1,Rigid 11,joint,rigid,hip_pitch:hip_roll_L:1+CNC_leg03_x5_RS03_shaft_bearing_retainer:2,Robstride 03 - no back cover:2+3_1_02_090_0073_ASM_1_1_ASM:1+1_1_06_EB903-534_ASM_1_1_ASM:1+1_1_06_EB903-537_1_1:1,0.0,57.569,-15.426,,,,,,,,,,,,,,False,
v2.1_lower_body_latest,v2.1_lower_body_latest:1,Revolute 12,joint,revolute,hip_pitch:hip_roll_L:1+CNC_leg02_x7_RS03_shaft_coupler:2,Robstride 03 - no back cover:2+3_1_02_090_0073_ASM_1_1_ASM:1+1_1_02_EB901-547_1_rotor:1,-0.0,59.984,-16.073,-0.0,-0.965926,0.258819,,,0.0,rad,,,0.0,,,,False,
v2.1_lower_body_latest,v2.1_lower_body_latest:1,Rigid 13,joint,rigid,robstride03_cross_section:3,,28.7,126.536,-33.905,,,,,,,,,,,,,,False,
v2.1_lower_body_latest,v2.1_lower_body_latest:1,Rigid 18,joint,rigid,hip_pitch:hip_roll_R:1+CNC_leg03_x5_RS03_shaft_bearing_retainer:3,Robstride 03 - no back cover:3+3_1_02_090_0073_ASM_1_1_ASM:1+1_1_06_EB903-534_ASM_1_1_ASM:1+1_1_06_EB903-537_1_1:1,0.0,-57.569,-15.426,,,,,,,,,,,,,,False,
v2.1_lower_body_latest,v2.1_lower_body_latest:1,Revolute 19,joint,revolute,hip_pitch:hip_roll_R:1+CNC_leg02_x7_RS03_shaft_coupler:3,Robstride 03 - no back cover:3+3_1_02_090_0073_ASM_1_1_ASM:1+1_1_02_EB901-547_1_rotor:1,0.0,-59.984,-16.073,0.0,0.965926,0.258819,,,0.0,rad,,,0.0,,,,False,
v2.1_lower_body_latest,v2.1_lower_body_latest:1,Rigid 20,joint,rigid,Robstride 03 - no back cover:5+3_1_02_090_0073_ASM_1_1_ASM:1+1_1_06_EB903-534_ASM_1_1_ASM:1+1_1_06_EB903-537_1_1:1,hip_pitch:hip_roll_R:1+CNC_leg04_x2_hip_roll_front_bearing_retainer:2,28.7,-126.539,-33.906,,,,,,,,,,,,,,False,
v2.1_lower_body_latest,v2.1_lower_body_latest:1,Rigid 25,joint,rigid,robstride03_cross_section:4,,0.0,126.536,-149.405,,,,,,,,,,,,,,False,
v2.1_lower_body_latest,v2.1_lower_body_latest:1,Rigid 176,joint,rigid,v2.1_lower_leg_R:1+Robstride 03 - full:1+3_1_02_090_0073_ASM_1_1_ASM:1+1_1_31_QT-942_1:1,hip_roll:hip_yaw_R:1+CNC_leg06_x2_hip_roll_output_shaft:2,0.0,-126.539,-107.406,,,,,,,,,,,,,,False,
v2.1_lower_body_latest,v2.1_lower_body_latest:1,Rigid 177,joint,rigid,Robstride 03 - no back cover:6+3_1_02_090_0073_ASM_1_1_ASM:1+1_1_06_EB903-534_ASM_1_1_ASM:1+1_1_06_EB903-537_1_1:1,hip_pitch:hip_roll_L:1+CNC_leg04_x2_hip_roll_front_bearing_retainer:1,28.7,126.536,-33.905,,,,,,,,,,,,,,False,
v2.1_lower_body_latest,v2.1_lower_body_latest:1,Revolute 206,joint,revolute,hip_roll:hip_yaw_R:1+CNC_leg06_x2_hip_roll_output_shaft:2,Robstride 03 - no back cover:5+3_1_02_090_0073_ASM_1_1_ASM:1+1_1_02_EB901-547_1_rotor:1,28.7,-126.539,-33.906,1.0,-0.0,-0.0,,,5.497787,rad,,,315.0,,,,False,
v2.1_lower_body_latest,v2.1_lower_body_latest:1,Rigid 207,joint,rigid,v2.1_lower_leg_L_copy:1+Robstride 03 - full:1+3_1_02_090_0073_ASM_1_1_ASM:1+1_1_31_QT-942_1:1,hip_roll:hip_yaw_L:1+CNC_leg06_x2_hip_roll_output_shaft:1,18.751,171.806,-107.405,,,,,,,,,,,,,,False,
v2.1_lower_body_latest,v2.1_lower_body_latest:1,Rigid 213,joint,rigid,hip_roll:hip_yaw_R:1+CNC_leg07_x2_hip_roll_support_shaft:2,hip_pitch:hip_roll_R:1+CNC_leg05_x2_hip_roll_back_bearing_retainer:2,-35.7,-126.536,-33.905,,,,,,,,,,,,,,False,
v2.1_lower_body_latest,v2.1_lower_body_latest:1,Rigid 214,joint,rigid,bearings:1+bearing_45x58x7_6809_5.4kN_40g:1+half-bearing-45x58x7_6809_5.4kN_40g:1,hip_pitch:hip_roll_L:1+CNC_leg02_x7_RS03_shaft_coupler:2,-0.0,66.745,-17.884,,,,,,,,,,,,,,False,
v2.1_lower_body_latest,v2.1_lower_body_latest:1,Rigid 215,joint,rigid,bearings:1+bearing_45x58x7_6809_5.4kN_40g:2+half-bearing-45x58x7_6809_5.4kN_40g:1,Robstride 03 - no back cover:6+3_1_02_090_0073_ASM_1_1_ASM:1+1_1_02_EB901-547_1_rotor:1,28.7,126.536,-33.905,,,,,,,,,,,,,,False,
v2.1_lower_body_latest,v2.1_lower_body_latest:1,Rigid 216,joint,rigid,bearings:1+bearing_45x58x7_6809_5.4kN_40g:3+half-bearing-45x58x7_6809_5.4kN_40g:1,hip_pitch:hip_roll_L:1+CNC_leg05_x2_hip_roll_back_bearing_retainer:1,-28.7,126.536,-33.905,,,,,,,,,,,,,,False,
v2.1_lower_body_latest,v2.1_lower_body_latest:1,Rigid 217,joint,rigid,bearings:1+bearing_45x58x7_6809_5.4kN_40g:4+half-bearing-45x58x7_6809_5.4kN_40g:1,Robstride 03 - no back cover:3+3_1_02_090_0073_ASM_1_1_ASM:1+1_1_02_EB901-547_1_rotor:1,0.0,-59.984,-16.073,,,,,,,,,,,,,,False,
v2.1_lower_body_latest,v2.1_lower_body_latest:1,Rigid 218,joint,rigid,bearings:1+bearing_45x58x7_6809_5.4kN_40g:5+half-bearing-45x58x7_6809_5.4kN_40g:1,hip_pitch:hip_roll_R:1+CNC_leg05_x2_hip_roll_back_bearing_retainer:2,-28.7,-126.536,-33.905,,,,,,,,,,,,,,False,
v2.1_lower_body_latest,v2.1_lower_body_latest:1,Rigid 219,joint,rigid,bearings:1+bearing_45x58x7_6809_5.4kN_40g:6+half-bearing-45x58x7_6809_5.4kN_40g:1,Robstride 03 - no back cover:5,28.7,-126.539,-33.906,,,,,,,,,,,,,,False,
v2.1_lower_body_latest,v2.1_lower_body_latest:1,Revolute 221,joint,revolute,hip_roll:hip_yaw_R:1+CNC_leg06_x2_hip_roll_output_shaft:2,Robstride 03 - no back cover:5,28.7,-126.539,-33.906,1.0,-0.0,-0.0,,,6.021386,rad,,,345.0,,,,False,
v2.1_lower_body_latest,v2.1_lower_body_latest:1,Rigid 330,joint,rigid,CNC_leg03_x5_RS03_shaft_bearing_retainer:4,Robstride 03 - no back cover:1+3_1_02_090_0073_ASM_1_1_ASM:1+1_1_06_EB903-534_ASM_1_1_ASM:1+1_1_06_EB903-537_1_1:1,0.0,0.0,68.0,,,,,,,,,,,,,,False,
v2.1_lower_body_latest,v2.1_lower_body_latest:1,Rigid 331,joint,rigid,bearings:1+bearing_45x58x7_6809_5.4kN_40g:7+half-bearing-45x58x7_6809_5.4kN_40g:1,Robstride 03 - no back cover:1+3_1_02_090_0073_ASM_1_1_ASM:1+1_1_06_EB903-534_ASM_1_1_ASM:1+1_1_06_EB903-537_1_1:1,0.0,0.0,65.5,,,,,,,,,,,,,,False,
v2.1_lower_body_latest,v2.1_lower_body_latest:1,Rigid 358,joint,rigid,Hexalobular Socket Pan Head Screw ISO 14583 - M4x10 Steel 4.6 Plain:109,hip_pitch:hip_roll_R:1+CNC_leg04_x2_hip_roll_front_bearing_retainer:2,,,,,,,,,,,,,,,,,False,origin unreadable
v2.1_lower_body_latest,v2.1_lower_body_latest:1,Rigid 359,joint,rigid,Hexalobular Socket Pan Head Screw ISO 14583 - M4x10 Steel 4.6 Plain:110,hip_pitch:hip_roll_R:1+CNC_leg04_x2_hip_roll_front_bearing_retainer:2,,,,,,,,,,,,,,,,,False,origin unreadable
v2.1_lower_body_latest,v2.1_lower_body_latest:1,Rigid 360,joint,rigid,Hexalobular Socket Pan Head Screw ISO 14583 - M4x10 Steel 4.6 Plain:111,hip_pitch:hip_roll_R:1+CNC_leg04_x2_hip_roll_front_bearing_retainer:2,,,,,,,,,,,,,,,,,False,origin unreadable
v2.1_lower_body_latest,v2.1_lower_body_latest:1,Rigid 361,joint,rigid,Hexalobular Socket Pan Head Screw ISO 14583 - M4x10 Steel 4.6 Plain:112,hip_pitch:hip_roll_R:1+CNC_leg04_x2_hip_roll_front_bearing_retainer:2,,,,,,,,,,,,,,,,,False,origin unreadable
v2.1_lower_body_latest,v2.1_lower_body_latest:1,Rigid 362,joint,rigid,Hexalobular Socket Pan Head Screw ISO 14583 - M4x10 Steel 4.6 Plain:113,hip_pitch:hip_roll_R:1+CNC_leg04_x2_hip_roll_front_bearing_retainer:2,,,,,,,,,,,,,,,,,False,origin unreadable
v2.1_lower_body_latest,v2.1_lower_body_latest:1,Rigid 363,joint,rigid,Hexalobular Socket Pan Head Screw ISO 14583 - M4x10 Steel 4.6 Plain:114,hip_pitch:hip_roll_R:1+CNC_leg04_x2_hip_roll_front_bearing_retainer:2,,,,,,,,,,,,,,,,,False,origin unreadable
v2.1_lower_body_latest,v2.1_lower_body_latest:1,Rigid 364,joint,rigid,Hexalobular Socket Pan Head Screw ISO 14583 - M4x10 Steel 4.6 Plain:115,hip_pitch:hip_roll_R:1+CNC_leg04_x2_hip_roll_front_bearing_retainer:2,,,,,,,,,,,,,,,,,False,origin unreadable
v2.1_lower_body_latest,v2.1_lower_body_latest:1,Rigid 365,joint,rigid,Hexalobular Socket Pan Head Screw ISO 14583 - M4x10 Steel 4.6 Plain:116,hip_pitch:hip_roll_R:1+CNC_leg04_x2_hip_roll_front_bearing_retainer:2,,,,,,,,,,,,,,,,,False,origin unreadable
v2.1_lower_body_latest,v2.1_lower_body_latest:1,Rigid 366,joint,rigid,Hexalobular Socket Pan Head Screw ISO 14583 - M4x10 Steel 4.6 Plain:117,hip_pitch:hip_roll_L:1+CNC_leg04_x2_hip_roll_front_bearing_retainer:1,,,,,,,,,,,,,,,,,False,origin unreadable
v2.1_lower_body_latest,v2.1_lower_body_latest:1,Rigid 367,joint,rigid,Hexalobular Socket Pan Head Screw ISO 14583 - M4x10 Steel 4.6 Plain:118,hip_pitch:hip_roll_L:1+CNC_leg04_x2_hip_roll_front_bearing_retainer:1,,,,,,,,,,,,,,,,,False,origin unreadable
v2.1_lower_body_latest,v2.1_lower_body_latest:1,Rigid 368,joint,rigid,Hexalobular Socket Pan Head Screw ISO 14583 - M4x10 Steel 4.6 Plain:119,hip_pitch:hip_roll_L:1+CNC_leg04_x2_hip_roll_front_bearing_retainer:1,,,,,,,,,,,,,,,,,False,origin unreadable
v2.1_lower_body_latest,v2.1_lower_body_latest:1,Rigid 369,joint,rigid,Hexalobular Socket Pan Head Screw ISO 14583 - M4x10 Steel 4.6 Plain:120,hip_pitch:hip_roll_L:1+CNC_leg04_x2_hip_roll_front_bearing_retainer:1,,,,,,,,,,,,,,,,,False,origin unreadable
v2.1_lower_body_latest,v2.1_lower_body_latest:1,Rigid 370,joint,rigid,Hexalobular Socket Pan Head Screw ISO 14583 - M4x10 Steel 4.6 Plain:121,hip_pitch:hip_roll_L:1+CNC_leg04_x2_hip_roll_front_bearing_retainer:1,,,,,,,,,,,,,,,,,False,origin unreadable
v2.1_lower_body_latest,v2.1_lower_body_latest:1,Rigid 371,joint,rigid,Hexalobular Socket Pan Head Screw ISO 14583 - M4x10 Steel 4.6 Plain:122,hip_pitch:hip_roll_L:1+CNC_leg04_x2_hip_roll_front_bearing_retainer:1,,,,,,,,,,,,,,,,,False,origin unreadable
v2.1_lower_body_latest,v2.1_lower_body_latest:1,Rigid 372,joint,rigid,Hexalobular Socket Pan Head Screw ISO 14583 - M4x10 Steel 4.6 Plain:123,hip_pitch:hip_roll_L:1+CNC_leg04_x2_hip_roll_front_bearing_retainer:1,,,,,,,,,,,,,,,,,False,origin unreadable
v2.1_lower_body_latest,v2.1_lower_body_latest:1,Rigid 373,joint,rigid,Hexalobular Socket Pan Head Screw ISO 14583 - M4x10 Steel 4.6 Plain:124,hip_pitch:hip_roll_L:1+CNC_leg04_x2_hip_roll_front_bearing_retainer:1,,,,,,,,,,,,,,,,,False,origin unreadable
v2.1_lower_body_latest,v2.1_lower_body_latest:1,Rigid 374,joint,rigid,Hexalobular Socket Pan Head Screw ISO 14583 - M4x10 Steel 4.6 Plain:125,hip_pitch:hip_roll_L:1+CNC_leg05_x2_hip_roll_back_bearing_retainer:1,,,,,,,,,,,,,,,,,False,origin unreadable
v2.1_lower_body_latest,v2.1_lower_body_latest:1,Rigid 375,joint,rigid,Hexalobular Socket Pan Head Screw ISO 14583 - M4x10 Steel 4.6 Plain:126,hip_pitch:hip_roll_L:1+CNC_leg05_x2_hip_roll_back_bearing_retainer:1,,,,,,,,,,,,,,,,,False,origin unreadable
v2.1_lower_body_latest,v2.1_lower_body_latest:1,Rigid 376,joint,rigid,Hexalobular Socket Pan Head Screw ISO 14583 - M4x10 Steel 4.6 Plain:127,hip_pitch:hip_roll_L:1+CNC_leg05_x2_hip_roll_back_bearing_retainer:1,,,,,,,,,,,,,,,,,False,origin unreadable
v2.1_lower_body_latest,v2.1_lower_body_latest:1,Rigid 377,joint,rigid,Hexalobular Socket Pan Head Screw ISO 14583 - M4x10 Steel 4.6 Plain:128,hip_pitch:hip_roll_L:1+CNC_leg05_x2_hip_roll_back_bearing_retainer:1,,,,,,,,,,,,,,,,,False,origin unreadable
v2.1_lower_body_latest,v2.1_lower_body_latest:1,Rigid 378,joint,rigid,Hexalobular Socket Pan Head Screw ISO 14583 - M4x10 Steel 4.6 Plain:129,hip_pitch:hip_roll_L:1+CNC_leg05_x2_hip_roll_back_bearing_retainer:1,,,,,,,,,,,,,,,,,False,origin unreadable
v2.1_lower_body_latest,v2.1_lower_body_latest:1,Rigid 379,joint,rigid,Hexalobular Socket Pan Head Screw ISO 14583 - M4x10 Steel 4.6 Plain:130,hip_pitch:hip_roll_L:1+CNC_leg05_x2_hip_roll_back_bearing_retainer:1,,,,,,,,,,,,,,,,,False,origin unreadable
v2.1_lower_body_latest,v2.1_lower_body_latest:1,Rigid 380,joint,rigid,Hexalobular Socket Pan Head Screw ISO 14583 - M4x10 Steel 4.6 Plain:131,hip_pitch:hip_roll_L:1+CNC_leg05_x2_hip_roll_back_bearing_retainer:1,,,,,,,,,,,,,,,,,False,origin unreadable
v2.1_lower_body_latest,v2.1_lower_body_latest:1,Rigid 381,joint,rigid,Hexalobular Socket Pan Head Screw ISO 14583 - M4x10 Steel 4.6 Plain:132,hip_pitch:hip_roll_L:1+CNC_leg05_x2_hip_roll_back_bearing_retainer:1,,,,,,,,,,,,,,,,,False,origin unreadable
v2.1_lower_body_latest,v2.1_lower_body_latest:1,Rigid 382,joint,rigid,Hexalobular Socket Pan Head Screw ISO 14583 - M4x10 Steel 4.6 Plain:133,hip_pitch:hip_roll_R:1+CNC_leg05_x2_hip_roll_back_bearing_retainer:2,,,,,,,,,,,,,,,,,False,origin unreadable
v2.1_lower_body_latest,v2.1_lower_body_latest:1,Rigid 383,joint,rigid,Hexalobular Socket Pan Head Screw ISO 14583 - M4x10 Steel 4.6 Plain:134,hip_pitch:hip_roll_R:1+CNC_leg05_x2_hip_roll_back_bearing_retainer:2,,,,,,,,,,,,,,,,,False,origin unreadable
v2.1_lower_body_latest,v2.1_lower_body_latest:1,Rigid 384,joint,rigid,Hexalobular Socket Pan Head Screw ISO 14583 - M4x10 Steel 4.6 Plain:135,hip_pitch:hip_roll_R:1+CNC_leg05_x2_hip_roll_back_bearing_retainer:2,,,,,,,,,,,,,,,,,False,origin unreadable
v2.1_lower_body_latest,v2.1_lower_body_latest:1,Rigid 385,joint,rigid,Hexalobular Socket Pan Head Screw ISO 14583 - M4x10 Steel 4.6 Plain:136,hip_pitch:hip_roll_R:1+CNC_leg05_x2_hip_roll_back_bearing_retainer:2,,,,,,,,,,,,,,,,,False,origin unreadable
v2.1_lower_body_latest,v2.1_lower_body_latest:1,Rigid 386,joint,rigid,Hexalobular Socket Pan Head Screw ISO 14583 - M4x10 Steel 4.6 Plain:137,hip_pitch:hip_roll_R:1+CNC_leg05_x2_hip_roll_back_bearing_retainer:2,,,,,,,,,,,,,,,,,False,origin unreadable
v2.1_lower_body_latest,v2.1_lower_body_latest:1,Rigid 387,joint,rigid,Hexalobular Socket Pan Head Screw ISO 14583 - M4x10 Steel 4.6 Plain:138,hip_pitch:hip_roll_R:1+CNC_leg05_x2_hip_roll_back_bearing_retainer:2,,,,,,,,,,,,,,,,,False,origin unreadable
v2.1_lower_body_latest,v2.1_lower_body_latest:1,Rigid 388,joint,rigid,Hexalobular Socket Pan Head Screw ISO 14583 - M4x10 Steel 4.6 Plain:139,hip_pitch:hip_roll_R:1+CNC_leg05_x2_hip_roll_back_bearing_retainer:2,,,,,,,,,,,,,,,,,False,origin unreadable
v2.1_lower_body_latest,v2.1_lower_body_latest:1,Rigid 389,joint,rigid,Hexalobular Socket Pan Head Screw ISO 14583 - M4x10 Steel 4.6 Plain:140,hip_pitch:hip_roll_R:1+CNC_leg05_x2_hip_roll_back_bearing_retainer:2,,,,,,,,,,,,,,,,,False,origin unreadable
v2.1_lower_body_latest,v2.1_lower_body_latest:1,Rigid 390,joint,rigid,Hexalobular Socket Pan Head Screw ISO 14583 - M4x10 Steel 4.6 Plain:141,hip_pitch:hip_roll_R:1+CNC_leg03_x5_RS03_shaft_bearing_retainer:3,,,,,,,,,,,,,,,,,False,origin unreadable
v2.1_lower_body_latest,v2.1_lower_body_latest:1,Rigid 391,joint,rigid,Hexalobular Socket Pan Head Screw ISO 14583 - M4x10 Steel 4.6 Plain:142,hip_pitch:hip_roll_R:1+CNC_leg03_x5_RS03_shaft_bearing_retainer:3,,,,,,,,,,,,,,,,,False,origin unreadable
v2.1_lower_body_latest,v2.1_lower_body_latest:1,Rigid 392,joint,rigid,Hexalobular Socket Pan Head Screw ISO 14583 - M4x10 Steel 4.6 Plain:143,hip_pitch:hip_roll_R:1+CNC_leg03_x5_RS03_shaft_bearing_retainer:3,,,,,,,,,,,,,,,,,False,origin unreadable
v2.1_lower_body_latest,v2.1_lower_body_latest:1,Rigid 393,joint,rigid,Hexalobular Socket Pan Head Screw ISO 14583 - M4x10 Steel 4.6 Plain:144,hip_pitch:hip_roll_R:1+CNC_leg03_x5_RS03_shaft_bearing_retainer:3,,,,,,,,,,,,,,,,,False,origin unreadable
v2.1_lower_body_latest,v2.1_lower_body_latest:1,Rigid 394,joint,rigid,Hexalobular Socket Pan Head Screw ISO 14583 - M4x10 Steel 4.6 Plain:145,hip_pitch:hip_roll_R:1+CNC_leg03_x5_RS03_shaft_bearing_retainer:3,,,,,,,,,,,,,,,,,False,origin unreadable
v2.1_lower_body_latest,v2.1_lower_body_latest:1,Rigid 395,joint,rigid,Hexalobular Socket Pan Head Screw ISO 14583 - M4x10 Steel 4.6 Plain:146,hip_pitch:hip_roll_R:1+CNC_leg03_x5_RS03_shaft_bearing_retainer:3,,,,,,,,,,,,,,,,,False,origin unreadable
v2.1_lower_body_latest,v2.1_lower_body_latest:1,Rigid 396,joint,rigid,Hexalobular Socket Pan Head Screw ISO 14583 - M4x10 Steel 4.6 Plain:147,hip_pitch:hip_roll_R:1+CNC_leg03_x5_RS03_shaft_bearing_retainer:3,,,,,,,,,,,,,,,,,False,origin unreadable
v2.1_lower_body_latest,v2.1_lower_body_latest:1,Rigid 397,joint,rigid,Hexalobular Socket Pan Head Screw ISO 14583 - M4x10 Steel 4.6 Plain:148,hip_pitch:hip_roll_R:1+CNC_leg03_x5_RS03_shaft_bearing_retainer:3,,,,,,,,,,,,,,,,,False,origin unreadable
v2.1_lower_body_latest,v2.1_lower_body_latest:1,Rigid 398,joint,rigid,Hexalobular Socket Pan Head Screw ISO 14583 - M4x10 Steel 4.6 Plain:149,hip_pitch:hip_roll_L:1+CNC_leg03_x5_RS03_shaft_bearing_retainer:2,,,,,,,,,,,,,,,,,False,origin unreadable
v2.1_lower_body_latest,v2.1_lower_body_latest:1,Rigid 399,joint,rigid,Hexalobular Socket Pan Head Screw ISO 14583 - M4x10 Steel 4.6 Plain:150,hip_pitch:hip_roll_L:1+CNC_leg03_x5_RS03_shaft_bearing_retainer:2,,,,,,,,,,,,,,,,,False,origin unreadable
v2.1_lower_body_latest,v2.1_lower_body_latest:1,Rigid 400,joint,rigid,Hexalobular Socket Pan Head Screw ISO 14583 - M4x10 Steel 4.6 Plain:151,hip_pitch:hip_roll_L:1+CNC_leg03_x5_RS03_shaft_bearing_retainer:2,,,,,,,,,,,,,,,,,False,origin unreadable
v2.1_lower_body_latest,v2.1_lower_body_latest:1,Rigid 401,joint,rigid,Hexalobular Socket Pan Head Screw ISO 14583 - M4x10 Steel 4.6 Plain:152,hip_pitch:hip_roll_L:1+CNC_leg03_x5_RS03_shaft_bearing_retainer:2,,,,,,,,,,,,,,,,,False,origin unreadable
v2.1_lower_body_latest,v2.1_lower_body_latest:1,Rigid 402,joint,rigid,Hexalobular Socket Pan Head Screw ISO 14583 - M4x10 Steel 4.6 Plain:153,hip_pitch:hip_roll_L:1+CNC_leg03_x5_RS03_shaft_bearing_retainer:2,,,,,,,,,,,,,,,,,False,origin unreadable
v2.1_lower_body_latest,v2.1_lower_body_latest:1,Rigid 403,joint,rigid,Hexalobular Socket Pan Head Screw ISO 14583 - M4x10 Steel 4.6 Plain:154,hip_pitch:hip_roll_L:1+CNC_leg03_x5_RS03_shaft_bearing_retainer:2,,,,,,,,,,,,,,,,,False,origin unreadable
v2.1_lower_body_latest,v2.1_lower_body_latest:1,Rigid 404,joint,rigid,Hexalobular Socket Pan Head Screw ISO 14583 - M4x10 Steel 4.6 Plain:155,hip_pitch:hip_roll_L:1+CNC_leg03_x5_RS03_shaft_bearing_retainer:2,,,,,,,,,,,,,,,,,False,origin unreadable
v2.1_lower_body_latest,v2.1_lower_body_latest:1,Rigid 405,joint,rigid,Hexalobular Socket Pan Head Screw ISO 14583 - M4x10 Steel 4.6 Plain:156,hip_pitch:hip_roll_L:1+CNC_leg03_x5_RS03_shaft_bearing_retainer:2,,,,,,,,,,,,,,,,,False,origin unreadable
v2.1_lower_body_latest,v2.1_lower_body_latest:1,Rigid 406,joint,rigid,Hexalobular Socket Pan Head Screw ISO 14583 - M4x10 Steel 4.6 Plain:157,hip_roll:hip_yaw_R:1+CNC_leg07_x2_hip_roll_support_shaft:2,,,,,,,,,,,,,,,,,False,origin unreadable
v2.1_lower_body_latest,v2.1_lower_body_latest:1,Rigid 407,joint,rigid,Hexalobular Socket Pan Head Screw ISO 14583 - M4x10 Steel 4.6 Plain:158,hip_roll:hip_yaw_R:1+CNC_leg07_x2_hip_roll_support_shaft:2,,,,,,,,,,,,,,,,,False,origin unreadable
v2.1_lower_body_latest,v2.1_lower_body_latest:1,Rigid 408,joint,rigid,Hexalobular Socket Pan Head Screw ISO 14583 - M4x10 Steel 4.6 Plain:159,hip_roll:hip_yaw_R:1+CNC_leg07_x2_hip_roll_support_shaft:2,,,,,,,,,,,,,,,,,False,origin unreadable
v2.1_lower_body_latest,v2.1_lower_body_latest:1,Rigid 409,joint,rigid,Hexalobular Socket Pan Head Screw ISO 14583 - M4x10 Steel 4.6 Plain:160,hip_roll:hip_yaw_R:1+CNC_leg07_x2_hip_roll_support_shaft:2,,,,,,,,,,,,,,,,,False,origin unreadable
v2.1_lower_body_latest,v2.1_lower_body_latest:1,Rigid 410,joint,rigid,Hexalobular Socket Pan Head Screw ISO 14583 - M4x10 Steel 4.6 Plain:161,hip_roll:hip_yaw_R:1+CNC_leg06_x2_hip_roll_output_shaft:2,,,,,,,,,,,,,,,,,False,origin unreadable
v2.1_lower_body_latest,v2.1_lower_body_latest:1,Rigid 411,joint,rigid,Hexalobular Socket Pan Head Screw ISO 14583 - M4x10 Steel 4.6 Plain:162,hip_roll:hip_yaw_R:1+CNC_leg06_x2_hip_roll_output_shaft:2,,,,,,,,,,,,,,,,,False,origin unreadable
v2.1_lower_body_latest,v2.1_lower_body_latest:1,Rigid 412,joint,rigid,Hexalobular Socket Pan Head Screw ISO 14583 - M4x10 Steel 4.6 Plain:163,hip_roll:hip_yaw_R:1+CNC_leg06_x2_hip_roll_output_shaft:2,,,,,,,,,,,,,,,,,False,origin unreadable
v2.1_lower_body_latest,v2.1_lower_body_latest:1,Rigid 413,joint,rigid,Hexalobular Socket Pan Head Screw ISO 14583 - M4x10 Steel 4.6 Plain:164,hip_roll:hip_yaw_R:1+CNC_leg06_x2_hip_roll_output_shaft:2,,,,,,,,,,,,,,,,,False,origin unreadable
v2.1_lower_body_latest,v2.1_lower_body_latest:1,Rigid 414,joint,rigid,Hexalobular Socket Pan Head Screw ISO 14583 - M4x10 Steel 4.6 Plain:165,hip_roll:hip_yaw_L:1+CNC_leg07_x2_hip_roll_support_shaft:1,,,,,,,,,,,,,,,,,False,origin unreadable
v2.1_lower_body_latest,v2.1_lower_body_latest:1,Rigid 415,joint,rigid,Hexalobular Socket Pan Head Screw ISO 14583 - M4x10 Steel 4.6 Plain:166,hip_roll:hip_yaw_L:1+CNC_leg07_x2_hip_roll_support_shaft:1,,,,,,,,,,,,,,,,,False,origin unreadable
v2.1_lower_body_latest,v2.1_lower_body_latest:1,Rigid 416,joint,rigid,Hexalobular Socket Pan Head Screw ISO 14583 - M4x10 Steel 4.6 Plain:167,hip_roll:hip_yaw_L:1+CNC_leg07_x2_hip_roll_support_shaft:1,,,,,,,,,,,,,,,,,False,origin unreadable
v2.1_lower_body_latest,v2.1_lower_body_latest:1,Rigid 417,joint,rigid,Hexalobular Socket Pan Head Screw ISO 14583 - M4x10 Steel 4.6 Plain:168,hip_roll:hip_yaw_L:1+CNC_leg07_x2_hip_roll_support_shaft:1,,,,,,,,,,,,,,,,,False,origin unreadable
v2.1_lower_body_latest,v2.1_lower_body_latest:1,Rigid 418,joint,rigid,Hexalobular Socket Pan Head Screw ISO 14583 - M4x10 Steel 4.6 Plain:169,hip_roll:hip_yaw_L:1+CNC_leg06_x2_hip_roll_output_shaft:1,,,,,,,,,,,,,,,,,False,origin unreadable
v2.1_lower_body_latest,v2.1_lower_body_latest:1,Rigid 419,joint,rigid,Hexalobular Socket Pan Head Screw ISO 14583 - M4x10 Steel 4.6 Plain:170,hip_roll:hip_yaw_L:1+CNC_leg06_x2_hip_roll_output_shaft:1,,,,,,,,,,,,,,,,,False,origin unreadable
v2.1_lower_body_latest,v2.1_lower_body_latest:1,Rigid 420,joint,rigid,Hexalobular Socket Pan Head Screw ISO 14583 - M4x10 Steel 4.6 Plain:171,hip_roll:hip_yaw_L:1+CNC_leg06_x2_hip_roll_output_shaft:1,,,,,,,,,,,,,,,,,False,origin unreadable
v2.1_lower_body_latest,v2.1_lower_body_latest:1,Rigid 421,joint,rigid,Hexalobular Socket Pan Head Screw ISO 14583 - M4x10 Steel 4.6 Plain:172,hip_roll:hip_yaw_L:1+CNC_leg06_x2_hip_roll_output_shaft:1,,,,,,,,,,,,,,,,,False,origin unreadable
v2.1_lower_body_latest,v2.1_lower_body_latest:1,Rigid 422,joint,rigid,Hexalobular Socket Pan Head Screw ISO 14583 - M4x10 Steel 4.6 Plain:173,hip_center:1+CNC_leg01_x2_hip_center_back:1,,,,,,,,,,,,,,,,,False,origin unreadable
v2.1_lower_body_latest,v2.1_lower_body_latest:1,Rigid 423,joint,rigid,Hexalobular Socket Pan Head Screw ISO 14583 - M4x10 Steel 4.6 Plain:174,hip_center:1+CNC_leg01_x2_hip_center_back:1,,,,,,,,,,,,,,,,,False,origin unreadable
v2.1_lower_body_latest,v2.1_lower_body_latest:1,Rigid 424,joint,rigid,Hexalobular Socket Pan Head Screw ISO 14583 - M4x10 Steel 4.6 Plain:175,hip_center:1+CNC_leg01_x2_hip_center_back:1,,,,,,,,,,,,,,,,,False,origin unreadable
v2.1_lower_body_latest,v2.1_lower_body_latest:1,Rigid 425,joint,rigid,Hexalobular Socket Pan Head Screw ISO 14583 - M4x10 Steel 4.6 Plain:176,hip_center:1+CNC_leg01_x2_hip_center_back:1,,,,,,,,,,,,,,,,,False,origin unreadable
v2.1_lower_body_latest,v2.1_lower_body_latest:1,Rigid 430,joint,rigid,CNC_leg01_x2_hip_center_back:2,hip_center:1+CNC_leg02_x7_RS03_shaft_coupler:1,18.0,-25.0,50.5,,,,,,,,,,,,,,False,
v2.1_lower_body_latest,v2.1_lower_body_latest:1,Rigid 431,joint,rigid,Robstride 03 - no back cover:3+3_1_02_090_0073_ASM_1_1_ASM:1+1_1_31_QT-942_1:1,CNC_leg01_x2_hip_center_back:2,-18.751,-7.602,-48.904,,,,,,,,,,,,,,False,
v2.1_lower_body_latest,v2.1_lower_body_latest:1,Revolute 433,joint,revolute,Robstride 03 - no back cover:6+3_1_02_090_0073_ASM_1_1_ASM:1+1_1_02_EB901-547_1_rotor:1,hip_roll:hip_yaw_L:1+CNC_leg06_x2_hip_roll_output_shaft:1,28.7,118.946,-47.052,1.0,0.0,0.0,,,5.759587,rad,,,330.0,,,,False,
v2.1_lower_body_latest,v2.1_lower_body_latest:1,Revolute 434,joint,revolute,Robstride 03 - no back cover:5+3_1_02_090_0073_ASM_1_1_ASM:1+1_1_02_EB901-547_1_rotor:1,hip_roll:hip_yaw_R:1+CNC_leg06_x2_hip_roll_output_shaft:2,28.7,-134.129,-47.052,1.0,-0.0,-0.0,,,0.523599,rad,,,30.0,,,,False,
v2.1_lower_body_latest,v2.1_lower_body_latest:1,Rigid 435,joint,rigid,Hexalobular Socket Pan Head Screw ISO 14583 - M4x10 Steel 4.6 Plain:177,hip_roll:hip_yaw_L:1+CNC_leg06_x2_hip_roll_output_shaft:1,,,,,,,,,,,,,,,,,False,origin unreadable
v2.1_lower_body_latest,v2.1_lower_body_latest:1,Rigid 436,joint,rigid,Hexalobular Socket Pan Head Screw ISO 14583 - M4x10 Steel 4.6 Plain:178,hip_roll:hip_yaw_L:1+CNC_leg06_x2_hip_roll_output_shaft:1,,,,,,,,,,,,,,,,,False,origin unreadable
v2.1_lower_body_latest,v2.1_lower_body_latest:1,Rigid 437,joint,rigid,Hexalobular Socket Pan Head Screw ISO 14583 - M4x10 Steel 4.6 Plain:179,hip_roll:hip_yaw_L:1+CNC_leg06_x2_hip_roll_output_shaft:1,,,,,,,,,,,,,,,,,False,origin unreadable
v2.1_lower_body_latest,v2.1_lower_body_latest:1,Rigid 438,joint,rigid,Hexalobular Socket Pan Head Screw ISO 14583 - M4x10 Steel 4.6 Plain:180,hip_roll:hip_yaw_L:1+CNC_leg06_x2_hip_roll_output_shaft:1,,,,,,,,,,,,,,,,,False,origin unreadable
v2.1_lower_body_latest,v2.1_lower_body_latest:1,Rigid 439,joint,rigid,Hexalobular Socket Pan Head Screw ISO 14583 - M4x10 Steel 4.6 Plain:181,hip_roll:hip_yaw_L:1+CNC_leg06_x2_hip_roll_output_shaft:1,,,,,,,,,,,,,,,,,False,origin unreadable
v2.1_lower_body_latest,v2.1_lower_body_latest:1,Rigid 440,joint,rigid,Hexalobular Socket Pan Head Screw ISO 14583 - M4x10 Steel 4.6 Plain:182,hip_roll:hip_yaw_L:1+CNC_leg06_x2_hip_roll_output_shaft:1,,,,,,,,,,,,,,,,,False,origin unreadable
v2.1_lower_body_latest,v2.1_lower_body_latest:1,Rigid 441,joint,rigid,Hexalobular Socket Pan Head Screw ISO 14583 - M4x10 Steel 4.6 Plain:183,hip_roll:hip_yaw_R:1+CNC_leg06_x2_hip_roll_output_shaft:2,,,,,,,,,,,,,,,,,False,origin unreadable
v2.1_lower_body_latest,v2.1_lower_body_latest:1,Rigid 442,joint,rigid,Hexalobular Socket Pan Head Screw ISO 14583 - M4x10 Steel 4.6 Plain:184,hip_roll:hip_yaw_R:1+CNC_leg06_x2_hip_roll_output_shaft:2,,,,,,,,,,,,,,,,,False,origin unreadable
v2.1_lower_body_latest,v2.1_lower_body_latest:1,Rigid 443,joint,rigid,Hexalobular Socket Pan Head Screw ISO 14583 - M4x10 Steel 4.6 Plain:185,hip_roll:hip_yaw_R:1+CNC_leg06_x2_hip_roll_output_shaft:2,,,,,,,,,,,,,,,,,False,origin unreadable
v2.1_lower_body_latest,v2.1_lower_body_latest:1,Rigid 444,joint,rigid,Hexalobular Socket Pan Head Screw ISO 14583 - M4x10 Steel 4.6 Plain:186,hip_roll:hip_yaw_R:1+CNC_leg06_x2_hip_roll_output_shaft:2,,,,,,,,,,,,,,,,,False,origin unreadable
v2.1_lower_body_latest,v2.1_lower_body_latest:1,Rigid 445,joint,rigid,Hexalobular Socket Pan Head Screw ISO 14583 - M4x10 Steel 4.6 Plain:187,hip_roll:hip_yaw_R:1+CNC_leg06_x2_hip_roll_output_shaft:2,,,,,,,,,,,,,,,,,False,origin unreadable
v2.1_lower_body_latest,v2.1_lower_body_latest:1,Rigid 446,joint,rigid,Hexalobular Socket Pan Head Screw ISO 14583 - M4x10 Steel 4.6 Plain:188,hip_roll:hip_yaw_R:1+CNC_leg06_x2_hip_roll_output_shaft:2,,,,,,,,,,,,,,,,,False,origin unreadable
v2.1_lower_body_latest,v2.1_lower_body_latest:1,Rigid 447,joint,rigid,Hexalobular Socket Pan Head Screw ISO 14583 - M4x10 Steel 4.6 Plain:189,CNC_leg03_x5_RS03_shaft_bearing_retainer:4,,,,,,,,,,,,,,,,,False,origin unreadable
v2.1_lower_body_latest,v2.1_lower_body_latest:1,Rigid 448,joint,rigid,Hexalobular Socket Pan Head Screw ISO 14583 - M4x10 Steel 4.6 Plain:190,CNC_leg03_x5_RS03_shaft_bearing_retainer:4,,,,,,,,,,,,,,,,,False,origin unreadable
v2.1_lower_body_latest,v2.1_lower_body_latest:1,Rigid 449,joint,rigid,Hexalobular Socket Pan Head Screw ISO 14583 - M4x10 Steel 4.6 Plain:191,CNC_leg03_x5_RS03_shaft_bearing_retainer:4,,,,,,,,,,,,,,,,,False,origin unreadable
v2.1_lower_body_latest,v2.1_lower_body_latest:1,Rigid 450,joint,rigid,Hexalobular Socket Pan Head Screw ISO 14583 - M4x10 Steel 4.6 Plain:192,CNC_leg03_x5_RS03_shaft_bearing_retainer:4,,,,,,,,,,,,,,,,,False,origin unreadable
v2.1_lower_body_latest,v2.1_lower_body_latest:1,Rigid 451,joint,rigid,Hexalobular Socket Pan Head Screw ISO 14583 - M4x10 Steel 4.6 Plain:193,CNC_leg03_x5_RS03_shaft_bearing_retainer:4,,,,,,,,,,,,,,,,,False,origin unreadable
v2.1_lower_body_latest,v2.1_lower_body_latest:1,Rigid 452,joint,rigid,Hexalobular Socket Pan Head Screw ISO 14583 - M4x10 Steel 4.6 Plain:194,CNC_leg03_x5_RS03_shaft_bearing_retainer:4,,,,,,,,,,,,,,,,,False,origin unreadable
v2.1_lower_body_latest,v2.1_lower_body_latest:1,Rigid 453,joint,rigid,Hexalobular Socket Pan Head Screw ISO 14583 - M4x10 Steel 4.6 Plain:195,CNC_leg03_x5_RS03_shaft_bearing_retainer:4,,,,,,,,,,,,,,,,,False,origin unreadable
v2.1_lower_body_latest,v2.1_lower_body_latest:1,Rigid 454,joint,rigid,Hexalobular Socket Pan Head Screw ISO 14583 - M4x10 Steel 4.6 Plain:196,CNC_leg03_x5_RS03_shaft_bearing_retainer:4,,,,,,,,,,,,,,,,,False,origin unreadable
v2.1_lower_body_latest,v2.1_lower_body_latest:1,Rigid 455,joint,rigid,Hexalobular Socket Pan Head Screw ISO 14583 - M4x10 Steel 4.6 Plain:197,hip_center:1+CNC_leg01_x2_hip_center_back:1,,,,,,,,,,,,,,,,,False,origin unreadable
v2.1_lower_body_latest,v2.1_lower_body_latest:1,Rigid 456,joint,rigid,Hexalobular Socket Pan Head Screw ISO 14583 - M4x10 Steel 4.6 Plain:198,hip_center:1+CNC_leg01_x2_hip_center_back:1,,,,,,,,,,,,,,,,,False,origin unreadable
v2.1_lower_body_latest,v2.1_lower_body_latest:1,Rigid 457,joint,rigid,Hexalobular Socket Pan Head Screw ISO 14583 - M4x10 Steel 4.6 Plain:199,hip_center:1+CNC_leg01_x2_hip_center_back:1,,,,,,,,,,,,,,,,,False,origin unreadable
v2.1_lower_body_latest,v2.1_lower_body_latest:1,Rigid 458,joint,rigid,Hexalobular Socket Pan Head Screw ISO 14583 - M4x10 Steel 4.6 Plain:200,hip_center:1+CNC_leg01_x2_hip_center_back:1,,,,,,,,,,,,,,,,,False,origin unreadable
v2.1_lower_body_latest,v2.1_lower_body_latest:1,Rigid 459,joint,rigid,Hexalobular Socket Pan Head Screw ISO 14583 - M4x10 Steel 4.6 Plain:201,hip_center:1+CNC_leg01_x2_hip_center_back:1,,,,,,,,,,,,,,,,,False,origin unreadable
v2.1_lower_body_latest,v2.1_lower_body_latest:1,Rigid 460,joint,rigid,Hexalobular Socket Pan Head Screw ISO 14583 - M4x10 Steel 4.6 Plain:202,hip_center:1+CNC_leg01_x2_hip_center_back:1,,,,,,,,,,,,,,,,,False,origin unreadable
v2.1_lower_body_latest,v2.1_lower_body_latest:1,Rigid 461,joint,rigid,Hexalobular Socket Pan Head Screw ISO 14583 - M4x10 Steel 4.6 Plain:203,hip_center:1+CNC_leg01_x2_hip_center_back:1,,,,,,,,,,,,,,,,,False,origin unreadable
v2.1_lower_body_latest,v2.1_lower_body_latest:1,Rigid 462,joint,rigid,Hexalobular Socket Pan Head Screw ISO 14583 - M4x10 Steel 4.6 Plain:204,hip_center:1+CNC_leg01_x2_hip_center_back:1,,,,,,,,,,,,,,,,,False,origin unreadable
v2.1_lower_body_latest,v2.1_lower_body_latest:1,Rigid 463,joint,rigid,Hexalobular Socket Pan Head Screw ISO 14583 - M4x10 Steel 4.6 Plain:205,CNC_leg01_x2_hip_center_back:2,,,,,,,,,,,,,,,,,False,origin unreadable
v2.1_lower_body_latest,v2.1_lower_body_latest:1,Rigid 464,joint,rigid,Hexalobular Socket Pan Head Screw ISO 14583 - M4x10 Steel 4.6 Plain:206,CNC_leg01_x2_hip_center_back:2,,,,,,,,,,,,,,,,,False,origin unreadable
v2.1_lower_body_latest,v2.1_lower_body_latest:1,Rigid 465,joint,rigid,Hexalobular Socket Pan Head Screw ISO 14583 - M4x10 Steel 4.6 Plain:207,CNC_leg01_x2_hip_center_back:2,,,,,,,,,,,,,,,,,False,origin unreadable
v2.1_lower_body_latest,v2.1_lower_body_latest:1,Rigid 466,joint,rigid,Hexalobular Socket Pan Head Screw ISO 14583 - M4x10 Steel 4.6 Plain:208,CNC_leg01_x2_hip_center_back:2,,,,,,,,,,,,,,,,,False,origin unreadable
v2.1_lower_body_latest,v2.1_lower_body_latest:1,Rigid 467,joint,rigid,Hexalobular Socket Pan Head Screw ISO 14583 - M4x10 Steel 4.6 Plain:209,CNC_leg01_x2_hip_center_back:2,,,,,,,,,,,,,,,,,False,origin unreadable
v2.1_lower_body_latest,v2.1_lower_body_latest:1,Rigid 468,joint,rigid,Hexalobular Socket Pan Head Screw ISO 14583 - M4x10 Steel 4.6 Plain:210,CNC_leg01_x2_hip_center_back:2,,,,,,,,,,,,,,,,,False,origin unreadable
v2.1_lower_body_latest,v2.1_lower_body_latest:1,Rigid 469,joint,rigid,Hexalobular Socket Pan Head Screw ISO 14583 - M4x10 Steel 4.6 Plain:211,CNC_leg01_x2_hip_center_back:2,,,,,,,,,,,,,,,,,False,origin unreadable
v2.1_lower_body_latest,v2.1_lower_body_latest:1,Rigid 470,joint,rigid,Hexalobular Socket Pan Head Screw ISO 14583 - M4x10 Steel 4.6 Plain:212,CNC_leg01_x2_hip_center_back:2,,,,,,,,,,,,,,,,,False,origin unreadable
v2.1_lower_body_latest,v2.1_lower_body_latest:1,Rigid 487,joint,rigid,Hexalobular Socket Pan Head Screw ISO 14583 - M3x10 Steel 4.6 Plain:1,hip_center:1+CNC_leg01_x2_hip_center_back:1,,,,,,,,,,,,,,,,,False,origin unreadable
v2.1_lower_body_latest,v2.1_lower_body_latest:1,Rigid 488,joint,rigid,Hexalobular Socket Pan Head Screw ISO 14583 - M3x10 Steel 4.6 Plain:2,hip_center:1+CNC_leg01_x2_hip_center_back:1,,,,,,,,,,,,,,,,,False,origin unreadable
v2.1_lower_body_latest,v2.1_lower_body_latest:1,Rigid 489,joint,rigid,Hexalobular Socket Pan Head Screw ISO 14583 - M3x10 Steel 4.6 Plain:3,hip_center:1+CNC_leg01_x2_hip_center_back:1,,,,,,,,,,,,,,,,,False,origin unreadable
v2.1_lower_body_latest,v2.1_lower_body_latest:1,Rigid 490,joint,rigid,Hexalobular Socket Pan Head Screw ISO 14583 - M3x10 Steel 4.6 Plain:4,hip_center:1+CNC_leg01_x2_hip_center_back:1,,,,,,,,,,,,,,,,,False,origin unreadable
v2.1_lower_body_latest,v2.1_lower_body_latest:1,Rigid 491,joint,rigid,Hexalobular Socket Pan Head Screw ISO 14583 - M3x10 Steel 4.6 Plain:5,CNC_leg01_x2_hip_center_back:2,,,,,,,,,,,,,,,,,False,origin unreadable
v2.1_lower_body_latest,v2.1_lower_body_latest:1,Rigid 492,joint,rigid,Hexalobular Socket Pan Head Screw ISO 14583 - M3x10 Steel 4.6 Plain:6,CNC_leg01_x2_hip_center_back:2,,,,,,,,,,,,,,,,,False,origin unreadable
v2.1_lower_body_latest,v2.1_lower_body_latest:1,Rigid 493,joint,rigid,Hexalobular Socket Pan Head Screw ISO 14583 - M3x10 Steel 4.6 Plain:7,CNC_leg01_x2_hip_center_back:2,,,,,,,,,,,,,,,,,False,origin unreadable
v2.1_lower_body_latest,v2.1_lower_body_latest:1,Rigid 494,joint,rigid,Hexalobular Socket Pan Head Screw ISO 14583 - M3x10 Steel 4.6 Plain:8,CNC_leg01_x2_hip_center_back:2,,,,,,,,,,,,,,,,,False,origin unreadable
v2.1_lower_body_latest,v2.1_lower_body_latest:1,Rigid 495,joint,rigid,Hexalobular Socket Pan Head Screw ISO 14583 - M3x10 Steel 4.6 Plain:9,hip_pitch:hip_roll_R:1+CNC_leg04_x2_hip_roll_front_bearing_retainer:2,,,,,,,,,,,,,,,,,False,origin unreadable
v2.1_lower_body_latest,v2.1_lower_body_latest:1,Rigid 496,joint,rigid,Hexalobular Socket Pan Head Screw ISO 14583 - M3x10 Steel 4.6 Plain:10,hip_pitch:hip_roll_R:1+CNC_leg04_x2_hip_roll_front_bearing_retainer:2,,,,,,,,,,,,,,,,,False,origin unreadable
v2.1_lower_body_latest,v2.1_lower_body_latest:1,Rigid 497,joint,rigid,Hexalobular Socket Pan Head Screw ISO 14583 - M3x10 Steel 4.6 Plain:11,hip_pitch:hip_roll_R:1+CNC_leg04_x2_hip_roll_front_bearing_retainer:2,,,,,,,,,,,,,,,,,False,origin unreadable
v2.1_lower_body_latest,v2.1_lower_body_latest:1,Rigid 498,joint,rigid,Hexalobular Socket Pan Head Screw ISO 14583 - M3x10 Steel 4.6 Plain:12,hip_pitch:hip_roll_R:1+CNC_leg04_x2_hip_roll_front_bearing_retainer:2,,,,,,,,,,,,,,,,,False,origin unreadable
v2.1_lower_body_latest,v2.1_lower_body_latest:1,Rigid 499,joint,rigid,Hexalobular Socket Pan Head Screw ISO 14583 - M3x10 Steel 4.6 Plain:13,hip_pitch:hip_roll_R:1+CNC_leg05_x2_hip_roll_back_bearing_retainer:2,,,,,,,,,,,,,,,,,False,origin unreadable
v2.1_lower_body_latest,v2.1_lower_body_latest:1,Rigid 500,joint,rigid,Hexalobular Socket Pan Head Screw ISO 14583 - M3x10 Steel 4.6 Plain:14,hip_pitch:hip_roll_R:1+CNC_leg05_x2_hip_roll_back_bearing_retainer:2,,,,,,,,,,,,,,,,,False,origin unreadable
v2.1_lower_body_latest,v2.1_lower_body_latest:1,Rigid 501,joint,rigid,Hexalobular Socket Pan Head Screw ISO 14583 - M3x10 Steel 4.6 Plain:15,hip_pitch:hip_roll_R:1+CNC_leg05_x2_hip_roll_back_bearing_retainer:2,,,,,,,,,,,,,,,,,False,origin unreadable
v2.1_lower_body_latest,v2.1_lower_body_latest:1,Rigid 502,joint,rigid,Hexalobular Socket Pan Head Screw ISO 14583 - M3x10 Steel 4.6 Plain:16,hip_pitch:hip_roll_R:1+CNC_leg05_x2_hip_roll_back_bearing_retainer:2,,,,,,,,,,,,,,,,,False,origin unreadable
v2.1_lower_body_latest,v2.1_lower_body_latest:1,Rigid 503,joint,rigid,Hexalobular Socket Pan Head Screw ISO 14583 - M3x10 Steel 4.6 Plain:17,hip_pitch:hip_roll_L:1+CNC_leg05_x2_hip_roll_back_bearing_retainer:1,,,,,,,,,,,,,,,,,False,origin unreadable
v2.1_lower_body_latest,v2.1_lower_body_latest:1,Rigid 504,joint,rigid,Hexalobular Socket Pan Head Screw ISO 14583 - M3x10 Steel 4.6 Plain:18,hip_pitch:hip_roll_L:1+CNC_leg05_x2_hip_roll_back_bearing_retainer:1,,,,,,,,,,,,,,,,,False,origin unreadable
v2.1_lower_body_latest,v2.1_lower_body_latest:1,Rigid 505,joint,rigid,Hexalobular Socket Pan Head Screw ISO 14583 - M3x10 Steel 4.6 Plain:19,hip_pitch:hip_roll_L:1+CNC_leg05_x2_hip_roll_back_bearing_retainer:1,,,,,,,,,,,,,,,,,False,origin unreadable
v2.1_lower_body_latest,v2.1_lower_body_latest:1,Rigid 506,joint,rigid,Hexalobular Socket Pan Head Screw ISO 14583 - M3x10 Steel 4.6 Plain:20,hip_pitch:hip_roll_L:1+CNC_leg05_x2_hip_roll_back_bearing_retainer:1,,,,,,,,,,,,,,,,,False,origin unreadable
v2.1_lower_body_latest,v2.1_lower_body_latest:1,Rigid 507,joint,rigid,Hexalobular Socket Pan Head Screw ISO 14583 - M3x10 Steel 4.6 Plain:21,hip_pitch:hip_roll_L:1+CNC_leg04_x2_hip_roll_front_bearing_retainer:1,,,,,,,,,,,,,,,,,False,origin unreadable
v2.1_lower_body_latest,v2.1_lower_body_latest:1,Rigid 508,joint,rigid,Hexalobular Socket Pan Head Screw ISO 14583 - M3x10 Steel 4.6 Plain:22,hip_pitch:hip_roll_L:1+CNC_leg04_x2_hip_roll_front_bearing_retainer:1,,,,,,,,,,,,,,,,,False,origin unreadable
v2.1_lower_body_latest,v2.1_lower_body_latest:1,Rigid 509,joint,rigid,Hexalobular Socket Pan Head Screw ISO 14583 - M3x10 Steel 4.6 Plain:23,hip_pitch:hip_roll_L:1+CNC_leg04_x2_hip_roll_front_bearing_retainer:1,,,,,,,,,,,,,,,,,False,origin unreadable
v2.1_lower_body_latest,v2.1_lower_body_latest:1,Rigid 510,joint,rigid,Hexalobular Socket Pan Head Screw ISO 14583 - M3x10 Steel 4.6 Plain:24,hip_pitch:hip_roll_L:1+CNC_leg04_x2_hip_roll_front_bearing_retainer:1,,,,,,,,,,,,,,,,,False,origin unreadable
v2.1_lower_body_latest,v2.1_lower_body_latest:1,Rigid 513,joint,rigid,protections:1+hip_pitch_motor:2,hip_roll:hip_yaw_R:1+CNC_leg06_x2_hip_roll_output_shaft:2,0.0,-126.539,-107.406,,,,,,,,,,,,,,False,
v2.1_lower_body_latest,v2.1_lower_body_latest:1,Rigid 516,joint,rigid,protections:1+hip_pitch_motor:4+Component194:1,v2.1_lower_leg_L_copy:1+Robstride 03 - full:1+3_1_02_090_0073_ASM_1_1_ASM:1+1_1_31_QT-942_1:1,,,,,,,,,,,,,,,,,False,origin unreadable
v2.1_lower_body_latest,v2.1_lower_body_latest:1,Rigid 518,joint,rigid,protections:1+hip_roll_motor:3+Component196:1,Robstride 03 - no back cover:6+3_1_02_090_0073_ASM_1_1_ASM:1+1_1_06_EB903-534_ASM_1_1_ASM:1+1_1_06_EB903-537_1_1:1,,,,,,,,,,,,,,,,,False,origin unreadable
v2.1_lower_body_latest,v2.1_lower_body_latest:1,Rigid 521,joint,rigid,Hexalobular Socket Pan Head Screw ISO 14583 - M3x10 Steel 4.6 Plain:25,v2.1_lower_leg_L_copy:1+CNC_leg15_x2_RS06_shaft_bearing_retainer:1,,,,,,,,,,,,,,,,,False,origin unreadable
v2.1_lower_body_latest,v2.1_lower_body_latest:1,Rigid 522,joint,rigid,Hexalobular Socket Pan Head Screw ISO 14583 - M3x10 Steel 4.6 Plain:26,v2.1_lower_leg_L_copy:1+CNC_leg15_x2_RS06_shaft_bearing_retainer:1,,,,,,,,,,,,,,,,,False,origin unreadable
v2.1_lower_body_latest,v2.1_lower_body_latest:1,Rigid 523,joint,rigid,Hexalobular Socket Pan Head Screw ISO 14583 - M3x10 Steel 4.6 Plain:27,v2.1_lower_leg_L_copy:1+CNC_leg15_x2_RS06_shaft_bearing_retainer:1,,,,,,,,,,,,,,,,,False,origin unreadable
v2.1_lower_body_latest,v2.1_lower_body_latest:1,Rigid 524,joint,rigid,Hexalobular Socket Pan Head Screw ISO 14583 - M3x10 Steel 4.6 Plain:28,v2.1_lower_leg_L_copy:1+CNC_leg15_x2_RS06_shaft_bearing_retainer:1,,,,,,,,,,,,,,,,,False,origin unreadable
v2.1_lower_body_latest,v2.1_lower_body_latest:1,Rigid 525,joint,rigid,Hexalobular Socket Pan Head Screw ISO 14583 - M3x10 Steel 4.6 Plain:29,v2.1_lower_leg_L_copy:1+CNC_leg15_x2_RS06_shaft_bearing_retainer:1,,,,,,,,,,,,,,,,,False,origin unreadable
v2.1_lower_body_latest,v2.1_lower_body_latest:1,Rigid 526,joint,rigid,Hexalobular Socket Pan Head Screw ISO 14583 - M3x10 Steel 4.6 Plain:30,v2.1_lower_leg_L_copy:1+CNC_leg15_x2_RS06_shaft_bearing_retainer:1,,,,,,,,,,,,,,,,,False,origin unreadable
v2.1_lower_body_latest,v2.1_lower_body_latest:1,Rigid 527,joint,rigid,Hexalobular Socket Pan Head Screw ISO 14583 - M3x10 Steel 4.6 Plain:31,v2.1_lower_leg_L_copy:1+CNC_leg15_x2_RS06_shaft_bearing_retainer:1,,,,,,,,,,,,,,,,,False,origin unreadable
v2.1_lower_body_latest,v2.1_lower_body_latest:1,Rigid 528,joint,rigid,Hexalobular Socket Pan Head Screw ISO 14583 - M3x10 Steel 4.6 Plain:32,v2.1_lower_leg_L_copy:1+CNC_leg15_x2_RS06_shaft_bearing_retainer:1,,,,,,,,,,,,,,,,,False,origin unreadable
v2.1_lower_body_latest,v2.1_lower_body_latest:1,Rigid 529,joint,rigid,Hexalobular Socket Pan Head Screw ISO 14583 - M3x10 Steel 4.6 Plain:33,v2.1_lower_leg_L_copy:1+CNC_leg13_x2_ankle_pitch_front:1,,,,,,,,,,,,,,,,,False,origin unreadable
v2.1_lower_body_latest,v2.1_lower_body_latest:1,Rigid 530,joint,rigid,Hexalobular Socket Pan Head Screw ISO 14583 - M3x10 Steel 4.6 Plain:34,v2.1_lower_leg_L_copy:1+CNC_leg13_x2_ankle_pitch_front:1,,,,,,,,,,,,,,,,,False,origin unreadable
v2.1_lower_body_latest,v2.1_lower_body_latest:1,Rigid 531,joint,rigid,Hexalobular Socket Pan Head Screw ISO 14583 - M3x10 Steel 4.6 Plain:35,v2.1_lower_leg_L_copy:1+CNC_leg13_x2_ankle_pitch_front:1,,,,,,,,,,,,,,,,,False,origin unreadable
v2.1_lower_body_latest,v2.1_lower_body_latest:1,Rigid 532,joint,rigid,Hexalobular Socket Pan Head Screw ISO 14583 - M3x10 Steel 4.6 Plain:36,v2.1_lower_leg_L_copy:1+CNC_leg13_x2_ankle_pitch_front:1,,,,,,,,,,,,,,,,,False,origin unreadable
v2.1_lower_body_latest,v2.1_lower_body_latest:1,Rigid 533,joint,rigid,Hexalobular Socket Pan Head Screw ISO 14583 - M4x10 Steel 4.6 Plain:213,hip_pitch:hip_roll_L:1+CNC_leg02_x7_RS03_shaft_coupler:2,,,,,,,,,,,,,,,,,False,origin unreadable
v2.1_lower_body_latest,v2.1_lower_body_latest:1,Rigid 534,joint,rigid,Hexalobular Socket Pan Head Screw ISO 14583 - M4x10 Steel 4.6 Plain:214,hip_pitch:hip_roll_L:1+CNC_leg02_x7_RS03_shaft_coupler:2,,,,,,,,,,,,,,,,,False,origin unreadable
v2.1_lower_body_latest,v2.1_lower_body_latest:1,Rigid 535,joint,rigid,Hexalobular Socket Pan Head Screw ISO 14583 - M4x10 Steel 4.6 Plain:215,hip_pitch:hip_roll_L:1+CNC_leg02_x7_RS03_shaft_coupler:2,,,,,,,,,,,,,,,,,False,origin unreadable
v2.1_lower_body_latest,v2.1_lower_body_latest:1,Rigid 536,joint,rigid,Hexalobular Socket Pan Head Screw ISO 14583 - M4x10 Steel 4.6 Plain:216,hip_pitch:hip_roll_L:1+CNC_leg02_x7_RS03_shaft_coupler:2,,,,,,,,,,,,,,,,,False,origin unreadable
v2.1_lower_body_latest,v2.1_lower_body_latest:1,Rigid 537,joint,rigid,Hexalobular Socket Pan Head Screw ISO 14583 - M4x10 Steel 4.6 Plain:217,hip_pitch:hip_roll_L:1+CNC_leg02_x7_RS03_shaft_coupler:2,,,,,,,,,,,,,,,,,False,origin unreadable
v2.1_lower_body_latest,v2.1_lower_body_latest:1,Rigid 538,joint,rigid,Hexalobular Socket Pan Head Screw ISO 14583 - M4x10 Steel 4.6 Plain:218,hip_pitch:hip_roll_L:1+CNC_leg02_x7_RS03_shaft_coupler:2,,,,,,,,,,,,,,,,,False,origin unreadable
v2.1_lower_body_latest,v2.1_lower_body_latest:1,Rigid 539,joint,rigid,Hexalobular Socket Pan Head Screw ISO 14583 - M4x10 Steel 4.6 Plain:219,hip_pitch:hip_roll_R:1+CNC_leg02_x7_RS03_shaft_coupler:3,,,,,,,,,,,,,,,,,False,origin unreadable
v2.1_lower_body_latest,v2.1_lower_body_latest:1,Rigid 540,joint,rigid,Hexalobular Socket Pan Head Screw ISO 14583 - M4x10 Steel 4.6 Plain:220,hip_pitch:hip_roll_R:1+CNC_leg02_x7_RS03_shaft_coupler:3,,,,,,,,,,,,,,,,,False,origin unreadable
v2.1_lower_body_latest,v2.1_lower_body_latest:1,Rigid 541,joint,rigid,Hexalobular Socket Pan Head Screw ISO 14583 - M4x10 Steel 4.6 Plain:221,hip_pitch:hip_roll_R:1+CNC_leg02_x7_RS03_shaft_coupler:3,,,,,,,,,,,,,,,,,False,origin unreadable
v2.1_lower_body_latest,v2.1_lower_body_latest:1,Rigid 542,joint,rigid,Hexalobular Socket Pan Head Screw ISO 14583 - M4x10 Steel 4.6 Plain:222,hip_pitch:hip_roll_R:1+CNC_leg02_x7_RS03_shaft_coupler:3,,,,,,,,,,,,,,,,,False,origin unreadable
v2.1_lower_body_latest,v2.1_lower_body_latest:1,Rigid 543,joint,rigid,Hexalobular Socket Pan Head Screw ISO 14583 - M4x10 Steel 4.6 Plain:223,hip_pitch:hip_roll_R:1+CNC_leg02_x7_RS03_shaft_coupler:3,,,,,,,,,,,,,,,,,False,origin unreadable
v2.1_lower_body_latest,v2.1_lower_body_latest:1,Rigid 544,joint,rigid,Hexalobular Socket Pan Head Screw ISO 14583 - M4x10 Steel 4.6 Plain:224,hip_pitch:hip_roll_R:1+CNC_leg02_x7_RS03_shaft_coupler:3,,,,,,,,,,,,,,,,,False,origin unreadable
v2.1_lower_body_latest,v2.1_lower_body_latest:1,Revolute 220,as_built,revolute,hip_roll:hip_yaw_L:1+CNC_leg07_x2_hip_roll_support_shaft:1,hip_pitch:hip_roll_L:1+CNC_leg05_x2_hip_roll_back_bearing_retainer:1,,,,-1.0,0.0,0.0,,,0.0,rad,,,0.0,,,,False,origin unreadable
v2.1_lower_body_latest,v2.1_lower_body_latest:1,Rigid 511,as_built,rigid,protections:1+hip_roll_motor:1,Robstride 03 - no back cover:5+3_1_02_090_0073_ASM_1_1_ASM:1+1_1_06_EB903-534_ASM_1_1_ASM:1+1_1_06_EB903-537_1_1:1,,,,,,,,,,,,,,,,,False,origin unreadable
v2.1_lower_body_latest,v2.1_lower_body_latest:1,Rigid 512,as_built,rigid,protections:1+hip_pitch_motor:1,hip_pitch:hip_roll_R:1+CNC_leg03_x5_RS03_shaft_bearing_retainer:3,,,,,,,,,,,,,,,,,False,origin unreadable
v2.1_lower_body_latest,v2.1_lower_body_latest:1,Rigid 520,as_built,rigid,protections:1+hip_pitch_motor(Mirror):1,Robstride 03 - no back cover:2+3_1_02_090_0073_ASM_1_1_ASM:1+PBC:1,,,,,,,,,,,,,,,,,False,origin unreadable
HL-3608_ASM_121_ASM,dovetail_umi_gripper:1+FEETECH_HL_3915_Servo_Motor:1+HL-3608_ASM_121_ASM:1,Revolute 2,as_built,revolute,HL-3608_ASM_121_ASM:1+WJ-BB00-0235_HORN_22:1,HL-3608_ASM_121_ASM:1+DC15_A01_DUMMY_ASSY_IDLE_ASM_9__ASM:1+WJ-WK00-0412-TOPCABINET_74:1,,,,0.0,0.0,1.0,,,0.0,rad,,,0.0,,,,False,origin unreadable
double_helix_pinion_16teeth_6mm,dovetail_umi_gripper:1+double_helix_pinion_16teeth_6mm:1,Rigid 3,joint,rigid,,,,,,,,,,,,,,,,,,,False,origin unreadable
double_helix_pinion_16teeth_6mm,dovetail_umi_gripper:1+double_helix_pinion_16teeth_6mm:1,Rigid 4,joint,rigid,Component9:1,,-0.0,0.0,-0.0,,,,,,,,,,,,,,False,
base,dovetail_umi_gripper:1+base:1,Rigid 1,joint,rigid,base:1+apriltag_holder:1,base:1,-18.925,6.0,12.5,,,,,,,,,,,,,,False,
dovetail_umi_gripper,dovetail_umi_gripper:1,Rigid 1,joint,rigid,FEETECH_HL_3915_Servo_Motor:1+HL-3608_ASM_121_ASM:1+DC15_A01_DUMMY_ASSY_IDLE_ASM_9__ASM:1+WJ-WK00-414-BOTTOMCASE_48:1,,-0.0,0.0,0.0,,,,,,,,,,,,,,False,
dovetail_umi_gripper,dovetail_umi_gripper:1,Rigid 2,joint,rigid,double_helix_pinion_16teeth_6mm:1+Component9:1,FEETECH_HL_3915_Servo_Motor:1+HL-3608_ASM_121_ASM:1+WJ-BB00-0235_HORN_22:1,23.275,7.5,-10.0,,,,,,,,,,,,,,False,
dovetail_umi_gripper,dovetail_umi_gripper:1,Slider 11,joint,slider,rail:1,,13.873,42.5,5.006,0.0,-1.0,0.0,-5.55,4.0,-5.55,cm,,,,-55.5,40.0,-55.5,False,
dovetail_umi_gripper,dovetail_umi_gripper:1,Rigid 32,joint,rigid,custom_umi_gripper v6:1,rail:1,37.273,-5.25,-9.999,,,,,,,,,,,,,,False,
dovetail_umi_gripper,dovetail_umi_gripper:1,Slider 33,joint,slider,rail:5,,13.873,-28.534,-25.006,0.0,1.0,0.0,,,-1.903394,cm,,,,,,-19.034,False,
dovetail_umi_gripper,dovetail_umi_gripper:1,Rigid 34,joint,rigid,custom_umi_gripper v6:3,rail:5,37.173,19.166,-10.001,,,,,,,,,,,,,,False,
dovetail_umi_gripper,dovetail_umi_gripper:1,Rigid 37,joint,rigid,CNC_arm13_x2_RS05_shaft_coupler:1,,-31.925,6.0,-10.0,,,,,,,,,,,,,,False,
dovetail_umi_gripper,dovetail_umi_gripper:1,Rigid 38,joint,rigid,buck_converter_48_to_12:1,,-2.272,-38.5,-18.0,,,,,,,,,,,,,,False,
dovetail_umi_gripper,dovetail_umi_gripper:1,Rigid 44,joint,rigid,wareshare_st_servo_controller v7:1+Board:1,base:1,-1.272,41.0,-15.5,,,,,,,,,,,,,,False,
dovetail_umi_gripper,dovetail_umi_gripper:1,Rigid 45,joint,rigid,double_helix_rack_30teeth_6mm v2:1+Component115:1,rail:1,,,,,,,,,,,,,,,,,False,origin unreadable
dovetail_umi_gripper,dovetail_umi_gripper:1,Rigid 46,joint,rigid,apriltag:1,rail:1,43.446,-10.083,8.001,,,,,,,,,,,,,,False,
dovetail_umi_gripper,dovetail_umi_gripper:1,Rigid 47,joint,rigid,apriltag:4,rail:1,44.605,-10.031,-27.999,,,,,,,,,,,,,,False,
dovetail_umi_gripper,dovetail_umi_gripper:1,Rigid 48,joint,rigid,apriltag:2,rail:5,44.605,23.997,7.999,,,,,,,,,,,,,,False,
dovetail_umi_gripper,dovetail_umi_gripper:1,Rigid 49,joint,rigid,apriltag:3,rail:5,43.446,24.049,-28.001,,,,,,,,,,,,,,False,
dovetail_umi_gripper,dovetail_umi_gripper:1,Rigid 51,joint,rigid,apriltag_holder:2,base:1,-18.925,6.0,-32.5,,,,,,,,,,,,,,False,
dovetail_umi_gripper,dovetail_umi_gripper:1,Rigid 52,joint,rigid,apriltag:8,apriltag_holder:2,-4.743,-5.0,-33.5,,,,,,,,,,,,,,False,
dovetail_umi_gripper,dovetail_umi_gripper:1,Rigid 53,joint,rigid,apriltag:5,apriltag_holder:2,-4.743,17.0,-33.5,,,,,,,,,,,,,,False,
dovetail_umi_gripper,dovetail_umi_gripper:1,Rigid 54,joint,rigid,apriltag:7,base:1+apriltag_holder:1,-4.743,-5.0,13.5,,,,,,,,,,,,,,False,
dovetail_umi_gripper,dovetail_umi_gripper:1,Rigid 55,joint,rigid,apriltag:6,base:1+apriltag_holder:1,-4.743,17.0,13.5,,,,,,,,,,,,,,False,
schematics,000_left_arm_long_wrist_latest:1+schematics:2,Rigid 1,joint,rigid,schematics:2+robstride03_cross_section:1,schematics:2,,,,,,,,,,,,,,,,,False,origin unreadable
schematics,000_left_arm_long_wrist_latest:1+schematics:2,Rigid 2,joint,rigid,schematics:2+robstride06_cross_section:1,schematics:2,,,,,,,,,,,,,,,,,False,origin unreadable
schematics,000_left_arm_long_wrist_latest:1+schematics:2,Rigid 3,joint,rigid,schematics:2+robstride02_sketch:1,schematics:2,,,,,,,,,,,,,,,,,False,origin unreadable
schematics,000_left_arm_long_wrist_latest:1+schematics:2,Rigid 4,joint,rigid,schematics:2+robstride02_sketch:2,schematics:2,,,,,,,,,,,,,,,,,False,origin unreadable
schematics,000_left_arm_long_wrist_latest:1+schematics:2,Rigid 5,joint,rigid,schematics:2+robstride02_sketch:3,schematics:2,,,,,,,,,,,,,,,,,False,origin unreadable
3_1_02_067_0020_ASM_1_ASM.stp,000_left_arm_long_wrist_latest:1+shoulder_roll:shoulder_yaw:2+robstride_02-No_back_cover:1+02-3D-20211009(1).stp:1+3_1_02_067_0020_ASM_1_ASM.stp:1,Revolute 1,joint,revolute,shoulder_roll:shoulder_yaw:2+robstride_02-No_back_cover:1+02-3D-20211009(1).stp:1+3_1_02_067_0020_ASM_1_ASM.stp:1+shaft 1_1_02_EB671-502_1.stp:1,shoulder_roll:shoulder_yaw:2+robstride_02-No_back_cover:1+02-3D-20211009(1).stp:1+3_1_02_067_0020_ASM_1_ASM.stp:1+1_1_06_EB673-516_1.stp:1,,,,-0.0,1.0,-0.0,,,-0.872665,rad,,,-50.0,,,,False,origin unreadable
robstride_02-No_back_cover,000_left_arm_long_wrist_latest:1+shoulder_roll:shoulder_yaw:2+robstride_02-No_back_cover:1,Rigid 3,joint,rigid,shoulder_roll:shoulder_yaw:2+robstride_02-No_back_cover:1,shoulder_roll:shoulder_yaw:2+robstride_02-No_back_cover:1,,,,,,,,,,,,,,,,,False,origin unreadable
robstride_02-No_back_cover,000_left_arm_long_wrist_latest:1+shoulder_roll:shoulder_yaw:2+robstride_02-No_back_cover:1,Rigid 4,joint,rigid,shoulder_roll:shoulder_yaw:2+robstride_02-No_back_cover:1,shoulder_roll:shoulder_yaw:2+robstride_02-No_back_cover:1,,,,,,,,,,,,,,,,,False,origin unreadable
robstride_02-No_back_cover,000_left_arm_long_wrist_latest:1+shoulder_roll:shoulder_yaw:2+robstride_02-No_back_cover:1,Rigid 3,joint,rigid,shoulder_roll:shoulder_yaw:2+robstride_02-No_back_cover:1+02-3D-20211009(1).stp:1+3_1_02_067_0020_ASM_1_ASM.stp:1+1_1_04_EB672-503_1.stp:1,shoulder_roll:shoulder_yaw:2+robstride_02-No_back_cover:1,,,,,,,,,,,,,,,,,False,origin unreadable
robstride_02-No_back_cover,000_left_arm_long_wrist_latest:1+shoulder_roll:shoulder_yaw:2+robstride_02-No_back_cover:1,Rigid 4,joint,rigid,shoulder_roll:shoulder_yaw:2+robstride_02-No_back_cover:1+Component21:1,shoulder_roll:shoulder_yaw:2+robstride_02-No_back_cover:1+02-3D-20211009(1).stp:1,,,,,,,,,,,,,,,,,False,origin unreadable
shoulder_roll:shoulder_yaw,000_left_arm_long_wrist_latest:1+shoulder_roll:shoulder_yaw:2,Rigid 5,joint,rigid,shoulder_roll:shoulder_yaw:2+robstride_02-No_back_cover:1,shoulder_roll:shoulder_yaw:2,,,,,,,,,,,,,,,,,False,origin unreadable
shoulder_roll:shoulder_yaw,000_left_arm_long_wrist_latest:1+shoulder_roll:shoulder_yaw:2,Rigid 21,joint,rigid,shoulder_roll:shoulder_yaw:2+CNC_arm10_x4_r03_back_cover:1,shoulder_roll:shoulder_yaw:2+robstride_02-No_back_cover:1+02-3D-20211009(1).stp:1+3_1_02_067_0020_ASM_1_ASM.stp:1+1_1_04_EB672-503_1.stp:1,,,,,,,,,,,,,,,,,False,origin unreadable
shoulder_roll:shoulder_yaw,000_left_arm_long_wrist_latest:1+shoulder_roll:shoulder_yaw:2,Rigid 20,joint,rigid,shoulder_roll:shoulder_yaw:2+CNC_arm03_x2_shoulder_roll_output_shaft:1,shoulder_roll:shoulder_yaw:2+CNC_arm04_x4_shoulder_elbow_support_shaft:1,,,,,,,,,,,,,,,,,False,origin unreadable
3DP_arm06_x4_RS02_shaft_coupler,000_left_arm_long_wrist_latest:1+shoulder_yaw:elbow:2+3DP_arm06_x4_RS02_shaft_coupler:1,Rigid 1,joint,rigid,shoulder_yaw:elbow:2+3DP_arm06_x4_RS02_shaft_coupler:1+Knurled Insert M3xH8:1,shoulder_yaw:elbow:2+3DP_arm06_x4_RS02_shaft_coupler:1,,,,,,,,,,,,,,,,,False,origin unreadable
3DP_arm06_x4_RS02_shaft_coupler,000_left_arm_long_wrist_latest:1+shoulder_yaw:elbow:2+3DP_arm06_x4_RS02_shaft_coupler:1,Rigid 2,joint,rigid,shoulder_yaw:elbow:2+3DP_arm06_x4_RS02_shaft_coupler:1+Knurled Insert M3xH8:2,shoulder_yaw:elbow:2+3DP_arm06_x4_RS02_shaft_coupler:1,,,,,,,,,,,,,,,,,False,origin unreadable
3DP_arm06_x4_RS02_shaft_coupler,000_left_arm_long_wrist_latest:1+shoulder_yaw:elbow:2+3DP_arm06_x4_RS02_shaft_coupler:1,Rigid 3,joint,rigid,shoulder_yaw:elbow:2+3DP_arm06_x4_RS02_shaft_coupler:1+Knurled Insert M3xH8:3,shoulder_yaw:elbow:2+3DP_arm06_x4_RS02_shaft_coupler:1,,,,,,,,,,,,,,,,,False,origin unreadable
3DP_arm06_x4_RS02_shaft_coupler,000_left_arm_long_wrist_latest:1+shoulder_yaw:elbow:2+3DP_arm06_x4_RS02_shaft_coupler:1,Rigid 4,joint,rigid,shoulder_yaw:elbow:2+3DP_arm06_x4_RS02_shaft_coupler:1+Knurled Insert M3xH8:4,shoulder_yaw:elbow:2+3DP_arm06_x4_RS02_shaft_coupler:1,,,,,,,,,,,,,,,,,False,origin unreadable
3DP_arm06_x4_RS02_shaft_coupler,000_left_arm_long_wrist_latest:1+shoulder_yaw:elbow:2+3DP_arm06_x4_RS02_shaft_coupler:1,Rigid 5,joint,rigid,shoulder_yaw:elbow:2+3DP_arm06_x4_RS02_shaft_coupler:1+Knurled Insert M3xH8:5,shoulder_yaw:elbow:2+3DP_arm06_x4_RS02_shaft_coupler:1,,,,,,,,,,,,,,,,,False,origin unreadable
3DP_arm06_x4_RS02_shaft_coupler,000_left_arm_long_wrist_latest:1+shoulder_yaw:elbow:2+3DP_arm06_x4_RS02_shaft_coupler:1,Rigid 6,joint,rigid,shoulder_yaw:elbow:2+3DP_arm06_x4_RS02_shaft_coupler:1+Knurled Insert M3xH8:6,shoulder_yaw:elbow:2+3DP_arm06_x4_RS02_shaft_coupler:1,,,,,,,,,,,,,,,,,False,origin unreadable
shoulder_yaw:elbow,000_left_arm_long_wrist_latest:1+shoulder_yaw:elbow:2,Rigid 1,joint,rigid,shoulder_yaw:elbow:2+CNC_arm07_x2_elbow_front_bearing_retainer:1,shoulder_yaw:elbow:2+CNC_arm08_x2_elbow_back_bearing_retainer:1,,,,,,,,,,,,,,,,,False,origin unreadable
shoulder_yaw:elbow,000_left_arm_long_wrist_latest:1+shoulder_yaw:elbow:2,Rigid 2,joint,rigid,shoulder_yaw:elbow:2+CNC_arm07_x2_elbow_front_bearing_retainer:1,shoulder_yaw:elbow:2+3DP_arm06_x4_RS02_shaft_coupler:1,,,,,,,,,,,,,,,,,False,origin unreadable
elbow:wrist_roll,000_left_arm_long_wrist_latest:1+elbow:wrist_roll:2,Rigid 7,joint,rigid,elbow:wrist_roll:2+CNC_arm10_x4_r03_back_cover:2,elbow:wrist_roll:2+CNC_arm09_x2_elbow_roll_output_shaft:1,,,,,,,,,,,,,,,,,False,origin unreadable
elbow:wrist_roll,000_left_arm_long_wrist_latest:1+elbow:wrist_roll:2,Rigid 8,joint,rigid,elbow:wrist_roll:2+CNC_arm10_x4_r03_back_cover:2,elbow:wrist_roll:2+CNC_arm04_x4_shoulder_elbow_support_shaft:2,,,,,,,,,,,,,,,,,False,origin unreadable
bearing_35x44x5_6707_1.6kN_15g,000_left_arm_long_wrist_latest:1+bearings:2+bearing_35x44x5_6707_1.6kN_15g:2,Rigid 1,joint,rigid,bearings:2+bearing_35x44x5_6707_1.6kN_15g:2+half-bearing_35x44x5_6707_1.6kN_15g:1,bearings:2+bearing_35x44x5_6707_1.6kN_15g:2,,,,,,,,,,,,,,,,,False,origin unreadable
BACK_COVER1_1_06_EB903-538_1,000_left_arm_long_wrist_latest:1+Robstride 03 - full:1+BACK_COVER1_1_06_EB903-538_1:1,Rigid 11,joint,rigid,Robstride 03 - full:1+BACK_COVER1_1_06_EB903-538_1:1+1_2_05_020108_1_1:1,Robstride 03 - full:1+BACK_COVER1_1_06_EB903-538_1:1,,,,,,,,,,,,,,,,,False,origin unreadable
BACK_COVER1_1_06_EB903-538_1,000_left_arm_long_wrist_latest:1+Robstride 03 - full:1+BACK_COVER1_1_06_EB903-538_1:1,Rigid 10,joint,rigid,Robstride 03 - full:1+BACK_COVER1_1_06_EB903-538_1:1+1_2_05_020108_1_1:2,Robstride 03 - full:1+BACK_COVER1_1_06_EB903-538_1:1,,,,,,,,,,,,,,,,,False,origin unreadable
BACK_COVER1_1_06_EB903-538_1,000_left_arm_long_wrist_latest:1+Robstride 03 - full:1+BACK_COVER1_1_06_EB903-538_1:1,Rigid 13,joint,rigid,Robstride 03 - full:1+BACK_COVER1_1_06_EB903-538_1:1+1_2_05_020108_1_1:3,Robstride 03 - full:1+BACK_COVER1_1_06_EB903-538_1:1,,,,,,,,,,,,,,,,,False,origin unreadable
BACK_COVER1_1_06_EB903-538_1,000_left_arm_long_wrist_latest:1+Robstride 03 - full:1+BACK_COVER1_1_06_EB903-538_1:1,Rigid 12,joint,rigid,Robstride 03 - full:1+BACK_COVER1_1_06_EB903-538_1:1+1_2_05_020108_1_1:4,Robstride 03 - full:1+BACK_COVER1_1_06_EB903-538_1:1,,,,,,,,,,,,,,,,,False,origin unreadable
Robstride 03 - full,000_left_arm_long_wrist_latest:1+Robstride 03 - full:1,Rigid 2,joint,rigid,Robstride 03 - full:1+3_1_02_090_0073_ASM_1_1_ASM:1+1_1_06_EB903-534_ASM_1_1_ASM:1+1_1_06_EB903-537_1_1:1,Robstride 03 - full:1,,,,,,,,,,,,,,,,,False,origin unreadable
Robstride 03 - full,000_left_arm_long_wrist_latest:1+Robstride 03 - full:1,Revolute 3,joint,revolute,Robstride 03 - full:1+3_1_02_090_0073_ASM_1_1_ASM:1+1_1_02_EB901-547_1_rotor:1,Robstride 03 - full:1,,,,-0.0,-1.0,0.0,,,0.0,rad,,,0.0,,,,False,origin unreadable
Robstride 03 - full,000_left_arm_long_wrist_latest:1+Robstride 03 - full:1,Rigid 6,joint,rigid,Robstride 03 - full:1+BACK_COVER1_1_06_EB903-538_1:1,Robstride 03 - full:1+3_1_02_090_0073_ASM_1_1_ASM:1+1_1_31_QT-942_1:1,,,,,,,,,,,,,,,,,False,origin unreadable
Robstride 03 - full,000_left_arm_long_wrist_latest:1+Robstride 03 - full:1,Rigid 14,joint,rigid,Robstride 03 - full:1+BACK_COVER1_1_06_EB903-538_1:1+1_2_05_140095_1_1:1,Robstride 03 - full:1+3_1_02_090_0073_ASM_1_1_ASM:1+1_1_31_QT-942_1:1,,,,,,,,,,,,,,,,,False,origin unreadable
Robstride 03 - full,000_left_arm_long_wrist_latest:1+Robstride 03 - full:1,Rigid 15,joint,rigid,Robstride 03 - full:1+BACK_COVER1_1_06_EB903-538_1:1+1_2_05_140095_1_1:2,Robstride 03 - full:1+3_1_02_090_0073_ASM_1_1_ASM:1+1_1_31_QT-942_1:1,,,,,,,,,,,,,,,,,False,origin unreadable
Robstride 03 - full,000_left_arm_long_wrist_latest:1+Robstride 03 - full:1,Rigid 16,joint,rigid,Robstride 03 - full:1+BACK_COVER1_1_06_EB903-538_1:1+1_2_05_140095_1_1:3,Robstride 03 - full:1+3_1_02_090_0073_ASM_1_1_ASM:1+1_1_31_QT-942_1:1,,,,,,,,,,,,,,,,,False,origin unreadable
Robstride 03 - full,000_left_arm_long_wrist_latest:1+Robstride 03 - full:1,Rigid 17,joint,rigid,Robstride 03 - full:1+BACK_COVER1_1_06_EB903-538_1:1+1_2_05_140095_1_1:4,Robstride 03 - full:1+3_1_02_090_0073_ASM_1_1_ASM:1+1_1_31_QT-942_1:1,,,,,,,,,,,,,,,,,False,origin unreadable
R06,000_left_arm_long_wrist_latest:1+Robstride 06-No Back Cover:1+R06:1,Revolute 2,joint,revolute,Robstride 06-No Back Cover:1+R06:1+R06-ROTOR:1,Robstride 06-No Back Cover:1+R06:1+MAIN:1+1_1_06_EB823-507_AF0^1_1_06_EB823-509_ASM_FL82BLW33-48V-35N.m(tooling-version)(1)_FL82BLW33-48V-35N.m(tooling-version)(1).STEP:1,,,,1.0,0.0,0.0,,,5.759587,rad,,,330.0,,,,False,origin unreadable
R06,000_left_arm_long_wrist_latest:1+Robstride 06-No Back Cover:1+R06:1,Rigid 3,joint,rigid,Robstride 06-No Back Cover:1+R06:1+bearing_35x44x5_6707_1.6kN_15g:8+half-bearing_35x44x5_6707_1.6kN_15g:1,Robstride 06-No Back Cover:1+R06:1+MAIN:1+1_1_06_EB823-507_AF0^1_1_06_EB823-509_ASM_FL82BLW33-48V-35N.m(tooling-version)(1)_FL82BLW33-48V-35N.m(tooling-version)(1).STEP:1,,,,,,,,,,,,,,,,,False,origin unreadable
Robstride 06-No Back Cover,000_left_arm_long_wrist_latest:1+Robstride 06-No Back Cover:1,Rigid 1,joint,rigid,Robstride 06-No Back Cover:1+R06:1+MAIN:1+1_1_06_EB823-507_AF0^1_1_06_EB823-509_ASM_FL82BLW33-48V-35N.m(tooling-version)(1)_FL82BLW33-48V-35N.m(tooling-version)(1).STEP:1,Robstride 06-No Back Cover:1,,,,,,,,,,,,,,,,,False,origin unreadable
FL57BLW12-24V-10N.m-DE.stp,000_left_arm_long_wrist_latest:1+001_left_wrist_long_latest:1+robstride00:1+FL57BLW12-24V-10N.m-DE.stp:1,Revolute 5,as_built,revolute,FL57BLW12-24V-10N.m-DE.stp:1,FL57BLW12-24V-10N.m-DE.stp:1,,,,0.0,-1.0,0.0,,,0.0,rad,,,0.0,,,,False,origin unreadable
robstride00,000_left_arm_long_wrist_latest:1+001_left_wrist_long_latest:1+robstride00:1,Rigid 2,joint,rigid,FL57BLW12-24V-10N.m-DE.stp:1+1_1_02_EB571-960.stp:1,,0.0,0.0,0.0,,,,,,,,,,,,,,False,
robstride00,000_left_arm_long_wrist_latest:1+001_left_wrist_long_latest:1+robstride00:1,Rigid 3,as_built,rigid,FL57BLW12-24V-10N.m-DE.stp:1,back_lid_1_1_06_EB573-642.stp:1,,,,,,,,,,,,,,,,,False,origin unreadable
robstride00,000_left_arm_long_wrist_latest:1+001_left_wrist_long_latest:1+robstride00:1,Rigid 4,as_built,rigid,CORE:1,FL57BLW12-24V-10N.m-DE.stp:1+1_1_06_EB573-643.stp:1,,,,,,,,,,,,,,,,,False,origin unreadable
FL46BLW10-48V-5N.m-DE(2)^FL46BLW10-48V-5N.m-DE,000_left_arm_long_wrist_latest:1+001_left_wrist_long_latest:1+wrist_3-left:1+robstride05:1+FL46BLW10-48V-5N.m-DE(2)^FL46BLW10-48V-5N.m-DE:1,Revolute 2,as_built,revolute,FL46BLW10-48V-5N.m-DE(2)^FL46BLW10-48V-5N.m-DE:1,FL46BLW10-48V-5N.m-DE(2)^FL46BLW10-48V-5N.m-DE:1,,,,0.0,0.0,1.0,,,0.0,rad,,,0.0,,,,False,origin unreadable
robstride05,000_left_arm_long_wrist_latest:1+001_left_wrist_long_latest:1+wrist_3-left:1+robstride05:1,Rigid 1,joint,rigid,FL46BLW10-48V-5N.m-DE(2)^FL46BLW10-48V-5N.m-DE:1+1_1_31_EB463-510^FL46BLW10-48V-5N.m-DE(2)_FL46BLW10-48V-5N.m-DE:1,,0.0,-0.0,0.0,,,,,,,,,,,,,,False,
bearing_30x37x4_6706_0.9kN_8g,000_left_arm_long_wrist_latest:1+001_left_wrist_long_latest:1+wrist_3-left:1+bearing_30x37x4_6706_0.9kN_8g:1,Rigid 1,joint,rigid,half-bearing_30x37x4_6706_0.9kN_8g:1,,0.0,0.0,-0.0,,,,,,,,,,,,,,False,
wrist_3-left,000_left_arm_long_wrist_latest:1+001_left_wrist_long_latest:1+wrist_3-left:1,Rigid 1,joint,rigid,robstride05:1+FL46BLW10-48V-5N.m-DE(2)^FL46BLW10-48V-5N.m-DE:1+1_1_31_EB463-510^FL46BLW10-48V-5N.m-DE(2)_FL46BLW10-48V-5N.m-DE:1,Component5:1,-0.0,-96.5,-452.5,,,,,,,,,,,,,,False,
wrist_3-left,000_left_arm_long_wrist_latest:1+001_left_wrist_long_latest:1+wrist_3-left:1,Rigid 2,joint,rigid,bearing_30x37x4_6706_0.9kN_8g:1+half-bearing_30x37x4_6706_0.9kN_8g:1,robstride05:1+1_1_30_GR-2202_ASM^FL46BLW10-48V-5N.m-DE(2)_FL46BLW10-48V-5N.m-DE:1+1_1_30_GR-2202_ASM_1_ASM^1_1_30_GR-2202_ASM_FL46BLW10-48V-5N.m-DE(2)_FL46BLW10-48V-5N.m-DE:1+00MINI-_20250103_A0001_ASM_1_AS_ASM^1_1_30_GR-2202_ASM_1_ASM_1_1_30_GR-2202_ASM_FL46BLW10-48V-5N.m-DE(2)_FL46BLW10-48V-5N.m-DE:1+00MINI-000_ASM_1_ASM_1_ASM^00MINI-_20250103_A0001_ASM_1_AS_ASM_1_1_30_GR-2202_ASM_1_ASM_1_1_30_GR-2202_ASM_FL46BLW10-48V-5N.m-DE(2)_FL46BLW10-48V-5N.m-DE:1+0001755650^00MINI-000_ASM_1_ASM_1_ASM_00MINI-_20250103_A0001_ASM_1_AS_ASM_1_1_30_GR-2202_ASM_1_ASM_1_1_30_GR-2202_ASM_FL46BLW10-48V-5N.m-DE(2)_FL46BLW10-48V-5N.m-DE:1,-0.0,-98.5,-452.5,,,,,,,,,,,,,,False,
wrist_3-left,000_left_arm_long_wrist_latest:1+001_left_wrist_long_latest:1+wrist_3-left:1,Rigid 3,joint,rigid,bearing_35x44x5_6707_1.6kN_15g:1+half-bearing_35x44x5_6707_1.6kN_15g:1,,14.5,-90.0,-388.5,,,,,,,,,,,,,,False,
wrist_3-left,000_left_arm_long_wrist_latest:1+001_left_wrist_long_latest:1+wrist_3-left:1,Rigid 4,joint,rigid,bearing_35x44x5_6707_1.6kN_15g:1+half-bearing_35x44x5_6707_1.6kN_15g:1,Component5:1,19.5,-90.0,-388.5,,,,,,,,,,,,,,False,
001_left_wrist_long_latest,000_left_arm_long_wrist_latest:1+001_left_wrist_long_latest:1,Rigid 1,joint,rigid,robstride00:1+FL57BLW12-24V-10N.m-DE.stp:1+1_1_02_EB571-960.stp:1,3DP_arm11_x2_wrist_roll:1,0.0,-13.5,-85.5,,,,,,,,,,,,,,False,
001_left_wrist_long_latest,000_left_arm_long_wrist_latest:1+001_left_wrist_long_latest:1,Rigid 2,joint,rigid,wrist_3-left:1+Component5:1,robstride00:1+OUTPUT-SHAFT.stp:1,-0.0,-14.5,-85.5,,,,,,,,,,,,,,False,
001_left_wrist_long_latest,000_left_arm_long_wrist_latest:1+001_left_wrist_long_latest:1,Rigid 3,joint,rigid,v15_right_end_effector_attachment:1,wrist_3-left:1+robstride05:1+1_1_30_GR-2202_ASM^FL46BLW10-48V-5N.m-DE(2)_FL46BLW10-48V-5N.m-DE:1+1_1_30_GR-2202_ASM_1_ASM^1_1_30_GR-2202_ASM_FL46BLW10-48V-5N.m-DE(2)_FL46BLW10-48V-5N.m-DE:1+00MINI-_20250103_A0001_ASM_1_AS_ASM^1_1_30_GR-2202_ASM_1_ASM_1_1_30_GR-2202_ASM_FL46BLW10-48V-5N.m-DE(2)_FL46BLW10-48V-5N.m-DE:1+00MINI-000_ASM_1_ASM_1_ASM^00MINI-_20250103_A0001_ASM_1_AS_ASM_1_1_30_GR-2202_ASM_1_ASM_1_1_30_GR-2202_ASM_FL46BLW10-48V-5N.m-DE(2)_FL46BLW10-48V-5N.m-DE:1+0001755650^00MINI-000_ASM_1_ASM_1_ASM_00MINI-_20250103_A0001_ASM_1_AS_ASM_1_1_30_GR-2202_ASM_1_ASM_1_1_30_GR-2202_ASM_FL46BLW10-48V-5N.m-DE(2)_FL46BLW10-48V-5N.m-DE:1,-6.5,0.0,-149.5,,,,,,,,,,,,,,False,
000_left_arm_long_wrist_latest,000_left_arm_long_wrist_latest:1,Revolute 1,joint,revolute,shoulder_roll:shoulder_yaw:2+CNC_arm03_x2_shoulder_roll_output_shaft:1,bearings:2+bearing_35x44x5_6707_1.6kN_15g:2+half-bearing_35x44x5_6707_1.6kN_15g:1,-29.75,-90.0,0.0,-1.0,-0.0,-0.0,,,1.570796,rad,,,90.0,,,,False,
000_left_arm_long_wrist_latest,000_left_arm_long_wrist_latest:1,Rigid 4,joint,rigid,bearings:2+bearing_35x44x5_6707_1.6kN_15g:2+half-bearing_35x44x5_6707_1.6kN_15g:1,shoulder_pitch:shoulder_roll:2+CNC_arm01_x2_shoulder_roll_front_bearing_retainer:1,-29.75,-90.0,0.0,,,,,,,,,,,,,,False,
000_left_arm_long_wrist_latest,000_left_arm_long_wrist_latest:1,Rigid 5,joint,rigid,bearings:2+bearing_35x44x5_6707_1.6kN_15g:3+half-bearing_35x44x5_6707_1.6kN_15g:1,shoulder_pitch:shoulder_roll:2+CNC_arm02_x2_shoulder_roll_back_bearing_retainer:1,29.75,-90.0,0.0,,,,,,,,,,,,,,False,
000_left_arm_long_wrist_latest,000_left_arm_long_wrist_latest:1,Rigid 6,joint,rigid,shoulder_yaw:elbow:2+CNC_arm07_x2_elbow_front_bearing_retainer:1,bearings:2+bearing_35x44x5_6707_1.6kN_15g:6+half-bearing_35x44x5_6707_1.6kN_15g:2,-29.75,-297.0,0.0,,,,,,,,,,,,,,False,
000_left_arm_long_wrist_latest,000_left_arm_long_wrist_latest:1,Rigid 7,joint,rigid,bearings:2+bearing_35x44x5_6707_1.6kN_15g:5+half-bearing_35x44x5_6707_1.6kN_15g:1,shoulder_yaw:elbow:2+CNC_arm08_x2_elbow_back_bearing_retainer:1,29.75,-297.0,0.0,,,,,,,,,,,,,,False,
000_left_arm_long_wrist_latest,000_left_arm_long_wrist_latest:1,Rigid 10,joint,rigid,bearings:2+bearing_35x44x5_6707_1.6kN_15g:4+half-bearing_35x44x5_6707_1.6kN_15g:2,shoulder_roll:shoulder_yaw:2+3DP_arm05_x4_RS02_shaft_bearing_retainer:1,0.0,-227.5,0.0,,,,,,,,,,,,,,False,
000_left_arm_long_wrist_latest,000_left_arm_long_wrist_latest:1,Revolute 11,joint,revolute,elbow:wrist_roll:2+CNC_arm09_x2_elbow_roll_output_shaft:1,bearings:2+bearing_35x44x5_6707_1.6kN_15g:6+half-bearing_35x44x5_6707_1.6kN_15g:2,-29.75,-297.0,0.0,-1.0,-0.0,-0.0,,,0.0,rad,,,0.0,,,,False,
000_left_arm_long_wrist_latest,000_left_arm_long_wrist_latest:1,Rigid 13,joint,rigid,bearings:2+bearing_35x44x5_6707_1.6kN_15g:7+half-bearing_35x44x5_6707_1.6kN_15g:1,elbow:wrist_roll:2+3DP_arm05_x4_RS02_shaft_bearing_retainer:2,0.0,-434.5,0.0,,,,,,,,,,,,,,False,
000_left_arm_long_wrist_latest,000_left_arm_long_wrist_latest:1,Rigid 17,joint,rigid,Hexalobular Socket Pan Head Screw ISO 14583 - M3x10 Steel 4.6 Plain:2,shoulder_pitch:shoulder_roll:2+CNC_arm02_x2_shoulder_roll_back_bearing_retainer:1,,,,,,,,,,,,,,,,,False,origin unreadable
000_left_arm_long_wrist_latest,000_left_arm_long_wrist_latest:1,Rigid 18,joint,rigid,Hexalobular Socket Pan Head Screw ISO 14583 - M3x10 Steel 4.6 Plain:3,shoulder_pitch:shoulder_roll:2+CNC_arm02_x2_shoulder_roll_back_bearing_retainer:1,,,,,,,,,,,,,,,,,False,origin unreadable
000_left_arm_long_wrist_latest,000_left_arm_long_wrist_latest:1,Rigid 19,joint,rigid,Hexalobular Socket Pan Head Screw ISO 14583 - M3x10 Steel 4.6 Plain:4,shoulder_pitch:shoulder_roll:2+CNC_arm02_x2_shoulder_roll_back_bearing_retainer:1,,,,,,,,,,,,,,,,,False,origin unreadable
000_left_arm_long_wrist_latest,000_left_arm_long_wrist_latest:1,Rigid 20,joint,rigid,Hexalobular Socket Pan Head Screw ISO 14583 - M3x10 Steel 4.6 Plain:5,shoulder_pitch:shoulder_roll:2+CNC_arm02_x2_shoulder_roll_back_bearing_retainer:1,,,,,,,,,,,,,,,,,False,origin unreadable
000_left_arm_long_wrist_latest,000_left_arm_long_wrist_latest:1,Rigid 21,joint,rigid,Hexalobular Socket Pan Head Screw ISO 14583 - M3x10 Steel 4.6 Plain:6,shoulder_pitch:shoulder_roll:2+CNC_arm02_x2_shoulder_roll_back_bearing_retainer:1,,,,,,,,,,,,,,,,,False,origin unreadable
000_left_arm_long_wrist_latest,000_left_arm_long_wrist_latest:1,Rigid 22,joint,rigid,Hexalobular Socket Pan Head Screw ISO 14583 - M3x10 Steel 4.6 Plain:7,shoulder_pitch:shoulder_roll:2+CNC_arm02_x2_shoulder_roll_back_bearing_retainer:1,,,,,,,,,,,,,,,,,False,origin unreadable
000_left_arm_long_wrist_latest,000_left_arm_long_wrist_latest:1,Rigid 23,joint,rigid,Hexalobular Socket Pan Head Screw ISO 14583 - M3x10 Steel 4.6 Plain:8,shoulder_pitch:shoulder_roll:2+CNC_arm02_x2_shoulder_roll_back_bearing_retainer:1,,,,,,,,,,,,,,,,,False,origin unreadable
000_left_arm_long_wrist_latest,000_left_arm_long_wrist_latest:1,Rigid 24,joint,rigid,Hexalobular Socket Pan Head Screw ISO 14583 - M3x10 Steel 4.6 Plain:9,shoulder_pitch:shoulder_roll:2+CNC_arm02_x2_shoulder_roll_back_bearing_retainer:1,,,,,,,,,,,,,,,,,False,origin unreadable
000_left_arm_long_wrist_latest,000_left_arm_long_wrist_latest:1,Rigid 25,joint,rigid,Hexalobular Socket Pan Head Screw ISO 14583 - M3x10 Steel 4.6 Plain:10,shoulder_pitch:shoulder_roll:2+CNC_arm02_x2_shoulder_roll_back_bearing_retainer:1,,,,,,,,,,,,,,,,,False,origin unreadable
000_left_arm_long_wrist_latest,000_left_arm_long_wrist_latest:1,Rigid 26,joint,rigid,Hexalobular Socket Pan Head Screw ISO 14583 - M3x10 Steel 4.6 Plain:11,shoulder_pitch:shoulder_roll:2+CNC_arm02_x2_shoulder_roll_back_bearing_retainer:1,,,,,,,,,,,,,,,,,False,origin unreadable
000_left_arm_long_wrist_latest,000_left_arm_long_wrist_latest:1,Rigid 27,joint,rigid,Hexalobular Socket Pan Head Screw ISO 14583 - M3x10 Steel 4.6 Plain:12,shoulder_pitch:shoulder_roll:2+CNC_arm02_x2_shoulder_roll_back_bearing_retainer:1,,,,,,,,,,,,,,,,,False,origin unreadable
000_left_arm_long_wrist_latest,000_left_arm_long_wrist_latest:1,Rigid 28,joint,rigid,Hexalobular Socket Pan Head Screw ISO 14583 - M3x10 Steel 4.6 Plain:13,shoulder_pitch:shoulder_roll:2+CNC_arm02_x2_shoulder_roll_back_bearing_retainer:1,,,,,,,,,,,,,,,,,False,origin unreadable
000_left_arm_long_wrist_latest,000_left_arm_long_wrist_latest:1,Rigid 37,joint,rigid,Hexalobular Socket Pan Head Screw ISO 14583 - M3x10 Steel 4.6 Plain:22,shoulder_pitch:shoulder_roll:2+CNC_arm01_x2_shoulder_roll_front_bearing_retainer:1,,,,,,,,,,,,,,,,,False,origin unreadable
000_left_arm_long_wrist_latest,000_left_arm_long_wrist_latest:1,Rigid 38,joint,rigid,Hexalobular Socket Pan Head Screw ISO 14583 - M3x10 Steel 4.6 Plain:23,shoulder_pitch:shoulder_roll:2+CNC_arm01_x2_shoulder_roll_front_bearing_retainer:1,,,,,,,,,,,,,,,,,False,origin unreadable
000_left_arm_long_wrist_latest,000_left_arm_long_wrist_latest:1,Rigid 39,joint,rigid,Hexalobular Socket Pan Head Screw ISO 14583 - M3x10 Steel 4.6 Plain:24,shoulder_pitch:shoulder_roll:2+CNC_arm01_x2_shoulder_roll_front_bearing_retainer:1,,,,,,,,,,,,,,,,,False,origin unreadable
000_left_arm_long_wrist_latest,000_left_arm_long_wrist_latest:1,Rigid 40,joint,rigid,Hexalobular Socket Pan Head Screw ISO 14583 - M3x10 Steel 4.6 Plain:25,shoulder_pitch:shoulder_roll:2+CNC_arm01_x2_shoulder_roll_front_bearing_retainer:1,,,,,,,,,,,,,,,,,False,origin unreadable
000_left_arm_long_wrist_latest,000_left_arm_long_wrist_latest:1,Rigid 41,joint,rigid,Hexalobular Socket Pan Head Screw ISO 14583 - M3x10 Steel 4.6 Plain:26,shoulder_pitch:shoulder_roll:2+CNC_arm01_x2_shoulder_roll_front_bearing_retainer:1,,,,,,,,,,,,,,,,,False,origin unreadable
000_left_arm_long_wrist_latest,000_left_arm_long_wrist_latest:1,Rigid 42,joint,rigid,Hexalobular Socket Pan Head Screw ISO 14583 - M3x10 Steel 4.6 Plain:27,shoulder_pitch:shoulder_roll:2+CNC_arm01_x2_shoulder_roll_front_bearing_retainer:1,,,,,,,,,,,,,,,,,False,origin unreadable
000_left_arm_long_wrist_latest,000_left_arm_long_wrist_latest:1,Rigid 43,joint,rigid,Hexalobular Socket Pan Head Screw ISO 14583 - M3x10 Steel 4.6 Plain:28,shoulder_pitch:shoulder_roll:2+CNC_arm01_x2_shoulder_roll_front_bearing_retainer:1,,,,,,,,,,,,,,,,,False,origin unreadable
000_left_arm_long_wrist_latest,000_left_arm_long_wrist_latest:1,Rigid 44,joint,rigid,Hexalobular Socket Pan Head Screw ISO 14583 - M3x10 Steel 4.6 Plain:29,shoulder_pitch:shoulder_roll:2+CNC_arm01_x2_shoulder_roll_front_bearing_retainer:1,,,,,,,,,,,,,,,,,False,origin unreadable
000_left_arm_long_wrist_latest,000_left_arm_long_wrist_latest:1,Rigid 45,joint,rigid,Hexalobular Socket Pan Head Screw ISO 14583 - M3x10 Steel 4.6 Plain:30,shoulder_pitch:shoulder_roll:2+CNC_arm01_x2_shoulder_roll_front_bearing_retainer:1,,,,,,,,,,,,,,,,,False,origin unreadable
000_left_arm_long_wrist_latest,000_left_arm_long_wrist_latest:1,Rigid 46,joint,rigid,Hexalobular Socket Pan Head Screw ISO 14583 - M3x10 Steel 4.6 Plain:31,shoulder_pitch:shoulder_roll:2+CNC_arm01_x2_shoulder_roll_front_bearing_retainer:1,,,,,,,,,,,,,,,,,False,origin unreadable
000_left_arm_long_wrist_latest,000_left_arm_long_wrist_latest:1,Rigid 47,joint,rigid,Hexalobular Socket Pan Head Screw ISO 14583 - M3x10 Steel 4.6 Plain:32,shoulder_pitch:shoulder_roll:2+CNC_arm01_x2_shoulder_roll_front_bearing_retainer:1,,,,,,,,,,,,,,,,,False,origin unreadable
000_left_arm_long_wrist_latest,000_left_arm_long_wrist_latest:1,Rigid 48,joint,rigid,Hexalobular Socket Pan Head Screw ISO 14583 - M3x10 Steel 4.6 Plain:33,shoulder_pitch:shoulder_roll:2+CNC_arm01_x2_shoulder_roll_front_bearing_retainer:1,,,,,,,,,,,,,,,,,False,origin unreadable
000_left_arm_long_wrist_latest,000_left_arm_long_wrist_latest:1,Rigid 49,joint,rigid,Hexalobular Socket Pan Head Screw ISO 14583 - M3x10 Steel 4.6 Plain:34,shoulder_roll:shoulder_yaw:2+CNC_arm03_x2_shoulder_roll_output_shaft:1,,,,,,,,,,,,,,,,,False,origin unreadable
000_left_arm_long_wrist_latest,000_left_arm_long_wrist_latest:1,Rigid 50,joint,rigid,Hexalobular Socket Pan Head Screw ISO 14583 - M3x10 Steel 4.6 Plain:35,shoulder_roll:shoulder_yaw:2+CNC_arm03_x2_shoulder_roll_output_shaft:1,,,,,,,,,,,,,,,,,False,origin unreadable
000_left_arm_long_wrist_latest,000_left_arm_long_wrist_latest:1,Rigid 51,joint,rigid,Hexalobular Socket Pan Head Screw ISO 14583 - M3x10 Steel 4.6 Plain:36,shoulder_roll:shoulder_yaw:2+CNC_arm03_x2_shoulder_roll_output_shaft:1,,,,,,,,,,,,,,,,,False,origin unreadable
000_left_arm_long_wrist_latest,000_left_arm_long_wrist_latest:1,Rigid 52,joint,rigid,Hexalobular Socket Pan Head Screw ISO 14583 - M3x10 Steel 4.6 Plain:37,shoulder_roll:shoulder_yaw:2+CNC_arm03_x2_shoulder_roll_output_shaft:1,,,,,,,,,,,,,,,,,False,origin unreadable
000_left_arm_long_wrist_latest,000_left_arm_long_wrist_latest:1,Rigid 53,joint,rigid,Hexalobular Socket Pan Head Screw ISO 14583 - M3x10 Steel 4.6 Plain:38,shoulder_roll:shoulder_yaw:2+CNC_arm03_x2_shoulder_roll_output_shaft:1,,,,,,,,,,,,,,,,,False,origin unreadable
000_left_arm_long_wrist_latest,000_left_arm_long_wrist_latest:1,Rigid 54,joint,rigid,Hexalobular Socket Pan Head Screw ISO 14583 - M3x10 Steel 4.6 Plain:39,shoulder_roll:shoulder_yaw:2+CNC_arm04_x4_shoulder_elbow_support_shaft:1,,,,,,,,,,,,,,,,,False,origin unreadable
000_left_arm_long_wrist_latest,000_left_arm_long_wrist_latest:1,Rigid 55,joint,rigid,Hexalobular Socket Pan Head Screw ISO 14583 - M3x10 Steel 4.6 Plain:40,shoulder_roll:shoulder_yaw:2+CNC_arm04_x4_shoulder_elbow_support_shaft:1,,,,,,,,,,,,,,,,,False,origin unreadable
000_left_arm_long_wrist_latest,000_left_arm_long_wrist_latest:1,Rigid 56,joint,rigid,Hexalobular Socket Pan Head Screw ISO 14583 - M3x10 Steel 4.6 Plain:41,shoulder_roll:shoulder_yaw:2+CNC_arm04_x4_shoulder_elbow_support_shaft:1,,,,,,,,,,,,,,,,,False,origin unreadable
000_left_arm_long_wrist_latest,000_left_arm_long_wrist_latest:1,Rigid 57,joint,rigid,Hexalobular Socket Pan Head Screw ISO 14583 - M3x10 Steel 4.6 Plain:42,shoulder_roll:shoulder_yaw:2+CNC_arm04_x4_shoulder_elbow_support_shaft:1,,,,,,,,,,,,,,,,,False,origin unreadable
000_left_arm_long_wrist_latest,000_left_arm_long_wrist_latest:1,Rigid 58,joint,rigid,Hexalobular Socket Pan Head Screw ISO 14583 - M3x10 Steel 4.6 Plain:43,shoulder_roll:shoulder_yaw:2+CNC_arm04_x4_shoulder_elbow_support_shaft:1,,,,,,,,,,,,,,,,,False,origin unreadable
000_left_arm_long_wrist_latest,000_left_arm_long_wrist_latest:1,Rigid 59,joint,rigid,Hexalobular Socket Pan Head Screw ISO 14583 - M3x10 Steel 4.6 Plain:44,shoulder_roll:shoulder_yaw:2+CNC_arm10_x4_r03_back_cover:1,,,,,,,,,,,,,,,,,False,origin unreadable
000_left_arm_long_wrist_latest,000_left_arm_long_wrist_latest:1,Rigid 60,joint,rigid,Hexalobular Socket Pan Head Screw ISO 14583 - M3x10 Steel 4.6 Plain:45,shoulder_roll:shoulder_yaw:2+CNC_arm10_x4_r03_back_cover:1,,,,,,,,,,,,,,,,,False,origin unreadable
000_left_arm_long_wrist_latest,000_left_arm_long_wrist_latest:1,Rigid 61,joint,rigid,Hexalobular Socket Pan Head Screw ISO 14583 - M3x10 Steel 4.6 Plain:46,shoulder_roll:shoulder_yaw:2+CNC_arm10_x4_r03_back_cover:1,,,,,,,,,,,,,,,,,False,origin unreadable
000_left_arm_long_wrist_latest,000_left_arm_long_wrist_latest:1,Rigid 62,joint,rigid,Hexalobular Socket Pan Head Screw ISO 14583 - M3x10 Steel 4.6 Plain:47,shoulder_roll:shoulder_yaw:2+CNC_arm10_x4_r03_back_cover:1,,,,,,,,,,,,,,,,,False,origin unreadable
000_left_arm_long_wrist_latest,000_left_arm_long_wrist_latest:1,Rigid 63,joint,rigid,Hexalobular Socket Pan Head Screw ISO 14583 - M3x10 Steel 4.6 Plain:48,shoulder_roll:shoulder_yaw:2+CNC_arm10_x4_r03_back_cover:1,,,,,,,,,,,,,,,,,False,origin unreadable
000_left_arm_long_wrist_latest,000_left_arm_long_wrist_latest:1,Rigid 64,joint,rigid,Hexalobular Socket Pan Head Screw ISO 14583 - M3x10 Steel 4.6 Plain:49,shoulder_roll:shoulder_yaw:2+CNC_arm10_x4_r03_back_cover:1,,,,,,,,,,,,,,,,,False,origin unreadable
000_left_arm_long_wrist_latest,000_left_arm_long_wrist_latest:1,Rigid 65,joint,rigid,Hexalobular Socket Pan Head Screw ISO 14583 - M3x10 Steel 4.6 Plain:50,shoulder_roll:shoulder_yaw:2+CNC_arm10_x4_r03_back_cover:1,,,,,,,,,,,,,,,,,False,origin unreadable
000_left_arm_long_wrist_latest,000_left_arm_long_wrist_latest:1,Rigid 66,joint,rigid,Hexalobular Socket Pan Head Screw ISO 14583 - M3x10 Steel 4.6 Plain:51,shoulder_roll:shoulder_yaw:2+CNC_arm10_x4_r03_back_cover:1,,,,,,,,,,,,,,,,,False,origin unreadable
000_left_arm_long_wrist_latest,000_left_arm_long_wrist_latest:1,Rigid 67,joint,rigid,Hexalobular Socket Pan Head Screw ISO 14583 - M4x10 Steel 4.6 Plain:1,elbow:wrist_roll:2+CNC_arm09_x2_elbow_roll_output_shaft:1,,,,,,,,,,,,,,,,,False,origin unreadable
000_left_arm_long_wrist_latest,000_left_arm_long_wrist_latest:1,Rigid 68,joint,rigid,Hexalobular Socket Pan Head Screw ISO 14583 - M4x10 Steel 4.6 Plain:2,elbow:wrist_roll:2+CNC_arm09_x2_elbow_roll_output_shaft:1,,,,,,,,,,,,,,,,,False,origin unreadable
000_left_arm_long_wrist_latest,000_left_arm_long_wrist_latest:1,Rigid 69,joint,rigid,Hexalobular Socket Pan Head Screw ISO 14583 - M4x10 Steel 4.6 Plain:3,elbow:wrist_roll:2+CNC_arm09_x2_elbow_roll_output_shaft:1,,,,,,,,,,,,,,,,,False,origin unreadable
000_left_arm_long_wrist_latest,000_left_arm_long_wrist_latest:1,Rigid 70,joint,rigid,Hexalobular Socket Pan Head Screw ISO 14583 - M4x10 Steel 4.6 Plain:4,elbow:wrist_roll:2+CNC_arm09_x2_elbow_roll_output_shaft:1,,,,,,,,,,,,,,,,,False,origin unreadable
000_left_arm_long_wrist_latest,000_left_arm_long_wrist_latest:1,Rigid 71,joint,rigid,Hexalobular Socket Pan Head Screw ISO 14583 - M4x10 Steel 4.6 Plain:5,elbow:wrist_roll:2+CNC_arm09_x2_elbow_roll_output_shaft:1,,,,,,,,,,,,,,,,,False,origin unreadable
000_left_arm_long_wrist_latest,000_left_arm_long_wrist_latest:1,Rigid 72,joint,rigid,Hexalobular Socket Pan Head Screw ISO 14583 - M4x10 Steel 4.6 Plain:6,elbow:wrist_roll:2+CNC_arm09_x2_elbow_roll_output_shaft:1,,,,,,,,,,,,,,,,,False,origin unreadable
000_left_arm_long_wrist_latest,000_left_arm_long_wrist_latest:1,Rigid 73,joint,rigid,Hexalobular Socket Pan Head Screw ISO 14583 - M4x10 Steel 4.6 Plain:7,shoulder_roll:shoulder_yaw:2+CNC_arm03_x2_shoulder_roll_output_shaft:1,,,,,,,,,,,,,,,,,False,origin unreadable
000_left_arm_long_wrist_latest,000_left_arm_long_wrist_latest:1,Rigid 74,joint,rigid,Hexalobular Socket Pan Head Screw ISO 14583 - M4x10 Steel 4.6 Plain:8,shoulder_roll:shoulder_yaw:2+CNC_arm03_x2_shoulder_roll_output_shaft:1,,,,,,,,,,,,,,,,,False,origin unreadable
000_left_arm_long_wrist_latest,000_left_arm_long_wrist_latest:1,Rigid 75,joint,rigid,Hexalobular Socket Pan Head Screw ISO 14583 - M4x10 Steel 4.6 Plain:9,shoulder_roll:shoulder_yaw:2+CNC_arm03_x2_shoulder_roll_output_shaft:1,,,,,,,,,,,,,,,,,False,origin unreadable
000_left_arm_long_wrist_latest,000_left_arm_long_wrist_latest:1,Rigid 76,joint,rigid,Hexalobular Socket Pan Head Screw ISO 14583 - M4x10 Steel 4.6 Plain:10,shoulder_roll:shoulder_yaw:2+CNC_arm03_x2_shoulder_roll_output_shaft:1,,,,,,,,,,,,,,,,,False,origin unreadable
000_left_arm_long_wrist_latest,000_left_arm_long_wrist_latest:1,Rigid 77,joint,rigid,Hexalobular Socket Pan Head Screw ISO 14583 - M4x10 Steel 4.6 Plain:11,shoulder_roll:shoulder_yaw:2+CNC_arm03_x2_shoulder_roll_output_shaft:1,,,,,,,,,,,,,,,,,False,origin unreadable
000_left_arm_long_wrist_latest,000_left_arm_long_wrist_latest:1,Rigid 78,joint,rigid,Hexalobular Socket Pan Head Screw ISO 14583 - M4x10 Steel 4.6 Plain:12,shoulder_roll:shoulder_yaw:2+CNC_arm03_x2_shoulder_roll_output_shaft:1,,,,,,,,,,,,,,,,,False,origin unreadable
000_left_arm_long_wrist_latest,000_left_arm_long_wrist_latest:1,Rigid 79,joint,rigid,Hexalobular Socket Pan Head Screw ISO 14583 - M4x10 Steel 4.6 Plain:13,001_left_wrist_long_latest:1+v15_right_end_effector_attachment:1,,,,,,,,,,,,,,,,,False,origin unreadable
000_left_arm_long_wrist_latest,000_left_arm_long_wrist_latest:1,Rigid 80,joint,rigid,Hexalobular Socket Pan Head Screw ISO 14583 - M4x10 Steel 4.6 Plain:14,001_left_wrist_long_latest:1+v15_right_end_effector_attachment:1,,,,,,,,,,,,,,,,,False,origin unreadable
000_left_arm_long_wrist_latest,000_left_arm_long_wrist_latest:1,Rigid 81,joint,rigid,Hexalobular Socket Pan Head Screw ISO 14583 - M4x10 Steel 4.6 Plain:15,001_left_wrist_long_latest:1+v15_right_end_effector_attachment:1,,,,,,,,,,,,,,,,,False,origin unreadable
000_left_arm_long_wrist_latest,000_left_arm_long_wrist_latest:1,Rigid 82,joint,rigid,Hexalobular Socket Pan Head Screw ISO 14583 - M4x10 Steel 4.6 Plain:16,001_left_wrist_long_latest:1+v15_right_end_effector_attachment:1,,,,,,,,,,,,,,,,,False,origin unreadable
000_left_arm_long_wrist_latest,000_left_arm_long_wrist_latest:1,Rigid 83,joint,rigid,Hexalobular Socket Pan Head Screw ISO 14583 - M4x10 Steel 4.6 Plain:17,001_left_wrist_long_latest:1+v15_right_end_effector_attachment:1,,,,,,,,,,,,,,,,,False,origin unreadable
000_left_arm_long_wrist_latest,000_left_arm_long_wrist_latest:1,Rigid 84,joint,rigid,Hexalobular Socket Pan Head Screw ISO 14583 - M4x10 Steel 4.6 Plain:18,001_left_wrist_long_latest:1+v15_right_end_effector_attachment:1,,,,,,,,,,,,,,,,,False,origin unreadable
000_left_arm_long_wrist_latest,000_left_arm_long_wrist_latest:1,Rigid 85,joint,rigid,Hexalobular Socket Pan Head Screw ISO 14583 - M3x10 Steel 4.6 Plain:52,shoulder_yaw:elbow:2+CNC_arm08_x2_elbow_back_bearing_retainer:1,,,,,,,,,,,,,,,,,False,origin unreadable
000_left_arm_long_wrist_latest,000_left_arm_long_wrist_latest:1,Rigid 86,joint,rigid,Hexalobular Socket Pan Head Screw ISO 14583 - M3x10 Steel 4.6 Plain:53,shoulder_yaw:elbow:2+CNC_arm08_x2_elbow_back_bearing_retainer:1,,,,,,,,,,,,,,,,,False,origin unreadable
000_left_arm_long_wrist_latest,000_left_arm_long_wrist_latest:1,Rigid 87,joint,rigid,Hexalobular Socket Pan Head Screw ISO 14583 - M3x10 Steel 4.6 Plain:54,shoulder_yaw:elbow:2+CNC_arm08_x2_elbow_back_bearing_retainer:1,,,,,,,,,,,,,,,,,False,origin unreadable
000_left_arm_long_wrist_latest,000_left_arm_long_wrist_latest:1,Rigid 88,joint,rigid,Hexalobular Socket Pan Head Screw ISO 14583 - M3x10 Steel 4.6 Plain:55,shoulder_yaw:elbow:2+CNC_arm08_x2_elbow_back_bearing_retainer:1,,,,,,,,,,,,,,,,,False,origin unreadable
000_left_arm_long_wrist_latest,000_left_arm_long_wrist_latest:1,Rigid 89,joint,rigid,Hexalobular Socket Pan Head Screw ISO 14583 - M3x10 Steel 4.6 Plain:56,shoulder_yaw:elbow:2+CNC_arm08_x2_elbow_back_bearing_retainer:1,,,,,,,,,,,,,,,,,False,origin unreadable
000_left_arm_long_wrist_latest,000_left_arm_long_wrist_latest:1,Rigid 90,joint,rigid,Hexalobular Socket Pan Head Screw ISO 14583 - M3x10 Steel 4.6 Plain:57,shoulder_yaw:elbow:2+CNC_arm08_x2_elbow_back_bearing_retainer:1,,,,,,,,,,,,,,,,,False,origin unreadable
000_left_arm_long_wrist_latest,000_left_arm_long_wrist_latest:1,Rigid 91,joint,rigid,Hexalobular Socket Pan Head Screw ISO 14583 - M3x10 Steel 4.6 Plain:58,shoulder_yaw:elbow:2+CNC_arm08_x2_elbow_back_bearing_retainer:1,,,,,,,,,,,,,,,,,False,origin unreadable
000_left_arm_long_wrist_latest,000_left_arm_long_wrist_latest:1,Rigid 92,joint,rigid,Hexalobular Socket Pan Head Screw ISO 14583 - M3x10 Steel 4.6 Plain:59,shoulder_yaw:elbow:2+CNC_arm08_x2_elbow_back_bearing_retainer:1,,,,,,,,,,,,,,,,,False,origin unreadable
000_left_arm_long_wrist_latest,000_left_arm_long_wrist_latest:1,Rigid 93,joint,rigid,Hexalobular Socket Pan Head Screw ISO 14583 - M3x10 Steel 4.6 Plain:60,shoulder_yaw:elbow:2+CNC_arm08_x2_elbow_back_bearing_retainer:1,,,,,,,,,,,,,,,,,False,origin unreadable
000_left_arm_long_wrist_latest,000_left_arm_long_wrist_latest:1,Rigid 94,joint,rigid,Hexalobular Socket Pan Head Screw ISO 14583 - M3x10 Steel 4.6 Plain:61,shoulder_yaw:elbow:2+CNC_arm08_x2_elbow_back_bearing_retainer:1,,,,,,,,,,,,,,,,,False,origin unreadable
000_left_arm_long_wrist_latest,000_left_arm_long_wrist_latest:1,Rigid 95,joint,rigid,Hexalobular Socket Pan Head Screw ISO 14583 - M3x10 Steel 4.6 Plain:62,shoulder_yaw:elbow:2+CNC_arm08_x2_elbow_back_bearing_retainer:1,,,,,,,,,,,,,,,,,False,origin unreadable
000_left_arm_long_wrist_latest,000_left_arm_long_wrist_latest:1,Rigid 96,joint,rigid,Hexalobular Socket Pan Head Screw ISO 14583 - M3x10 Steel 4.6 Plain:63,shoulder_yaw:elbow:2+CNC_arm07_x2_elbow_front_bearing_retainer:1,,,,,,,,,,,,,,,,,False,origin unreadable
000_left_arm_long_wrist_latest,000_left_arm_long_wrist_latest:1,Rigid 97,joint,rigid,Hexalobular Socket Pan Head Screw ISO 14583 - M3x10 Steel 4.6 Plain:64,shoulder_yaw:elbow:2+CNC_arm07_x2_elbow_front_bearing_retainer:1,,,,,,,,,,,,,,,,,False,origin unreadable
000_left_arm_long_wrist_latest,000_left_arm_long_wrist_latest:1,Rigid 98,joint,rigid,Hexalobular Socket Pan Head Screw ISO 14583 - M3x10 Steel 4.6 Plain:65,shoulder_yaw:elbow:2+CNC_arm07_x2_elbow_front_bearing_retainer:1,,,,,,,,,,,,,,,,,False,origin unreadable
000_left_arm_long_wrist_latest,000_left_arm_long_wrist_latest:1,Rigid 99,joint,rigid,Hexalobular Socket Pan Head Screw ISO 14583 - M3x10 Steel 4.6 Plain:66,shoulder_yaw:elbow:2+CNC_arm07_x2_elbow_front_bearing_retainer:1,,,,,,,,,,,,,,,,,False,origin unreadable
000_left_arm_long_wrist_latest,000_left_arm_long_wrist_latest:1,Rigid 100,joint,rigid,Hexalobular Socket Pan Head Screw ISO 14583 - M3x10 Steel 4.6 Plain:67,shoulder_yaw:elbow:2+CNC_arm07_x2_elbow_front_bearing_retainer:1,,,,,,,,,,,,,,,,,False,origin unreadable
000_left_arm_long_wrist_latest,000_left_arm_long_wrist_latest:1,Rigid 101,joint,rigid,Hexalobular Socket Pan Head Screw ISO 14583 - M3x10 Steel 4.6 Plain:68,shoulder_yaw:elbow:2+CNC_arm07_x2_elbow_front_bearing_retainer:1,,,,,,,,,,,,,,,,,False,origin unreadable
000_left_arm_long_wrist_latest,000_left_arm_long_wrist_latest:1,Rigid 102,joint,rigid,Hexalobular Socket Pan Head Screw ISO 14583 - M3x10 Steel 4.6 Plain:69,shoulder_yaw:elbow:2+CNC_arm07_x2_elbow_front_bearing_retainer:1,,,,,,,,,,,,,,,,,False,origin unreadable
000_left_arm_long_wrist_latest,000_left_arm_long_wrist_latest:1,Rigid 103,joint,rigid,Hexalobular Socket Pan Head Screw ISO 14583 - M3x10 Steel 4.6 Plain:70,shoulder_yaw:elbow:2+CNC_arm07_x2_elbow_front_bearing_retainer:1,,,,,,,,,,,,,,,,,False,origin unreadable
000_left_arm_long_wrist_latest,000_left_arm_long_wrist_latest:1,Rigid 104,joint,rigid,Hexalobular Socket Pan Head Screw ISO 14583 - M3x10 Steel 4.6 Plain:71,shoulder_yaw:elbow:2+CNC_arm07_x2_elbow_front_bearing_retainer:1,,,,,,,,,,,,,,,,,False,origin unreadable
000_left_arm_long_wrist_latest,000_left_arm_long_wrist_latest:1,Rigid 105,joint,rigid,Hexalobular Socket Pan Head Screw ISO 14583 - M3x10 Steel 4.6 Plain:72,shoulder_yaw:elbow:2+CNC_arm07_x2_elbow_front_bearing_retainer:1,,,,,,,,,,,,,,,,,False,origin unreadable
000_left_arm_long_wrist_latest,000_left_arm_long_wrist_latest:1,Rigid 106,joint,rigid,Hexalobular Socket Pan Head Screw ISO 14583 - M3x10 Steel 4.6 Plain:73,shoulder_yaw:elbow:2+CNC_arm07_x2_elbow_front_bearing_retainer:1,,,,,,,,,,,,,,,,,False,origin unreadable
000_left_arm_long_wrist_latest,000_left_arm_long_wrist_latest:1,Rigid 107,joint,rigid,Hexalobular Socket Pan Head Screw ISO 14583 - M3x10 Steel 4.6 Plain:74,shoulder_yaw:elbow:2+CNC_arm07_x2_elbow_front_bearing_retainer:1,,,,,,,,,,,,,,,,,False,origin unreadable
000_left_arm_long_wrist_latest,000_left_arm_long_wrist_latest:1,Rigid 108,joint,rigid,Hexalobular Socket Pan Head Screw ISO 14583 - M3x10 Steel 4.6 Plain:75,elbow:wrist_roll:2+CNC_arm04_x4_shoulder_elbow_support_shaft:2,,,,,,,,,,,,,,,,,False,origin unreadable
000_left_arm_long_wrist_latest,000_left_arm_long_wrist_latest:1,Rigid 109,joint,rigid,Hexalobular Socket Pan Head Screw ISO 14583 - M3x10 Steel 4.6 Plain:76,elbow:wrist_roll:2+CNC_arm04_x4_shoulder_elbow_support_shaft:2,,,,,,,,,,,,,,,,,False,origin unreadable
000_left_arm_long_wrist_latest,000_left_arm_long_wrist_latest:1,Rigid 110,joint,rigid,Hexalobular Socket Pan Head Screw ISO 14583 - M3x10 Steel 4.6 Plain:77,elbow:wrist_roll:2+CNC_arm04_x4_shoulder_elbow_support_shaft:2,,,,,,,,,,,,,,,,,False,origin unreadable
000_left_arm_long_wrist_latest,000_left_arm_long_wrist_latest:1,Rigid 111,joint,rigid,Hexalobular Socket Pan Head Screw ISO 14583 - M3x10 Steel 4.6 Plain:78,elbow:wrist_roll:2+CNC_arm04_x4_shoulder_elbow_support_shaft:2,,,,,,,,,,,,,,,,,False,origin unreadable
000_left_arm_long_wrist_latest,000_left_arm_long_wrist_latest:1,Rigid 112,joint,rigid,Hexalobular Socket Pan Head Screw ISO 14583 - M3x10 Steel 4.6 Plain:79,elbow:wrist_roll:2+CNC_arm04_x4_shoulder_elbow_support_shaft:2,,,,,,,,,,,,,,,,,False,origin unreadable
000_left_arm_long_wrist_latest,000_left_arm_long_wrist_latest:1,Rigid 113,joint,rigid,Hexalobular Socket Pan Head Screw ISO 14583 - M3x10 Steel 4.6 Plain:80,elbow:wrist_roll:2+CNC_arm10_x4_r03_back_cover:2,,,,,,,,,,,,,,,,,False,origin unreadable
000_left_arm_long_wrist_latest,000_left_arm_long_wrist_latest:1,Rigid 114,joint,rigid,Hexalobular Socket Pan Head Screw ISO 14583 - M3x10 Steel 4.6 Plain:81,elbow:wrist_roll:2+CNC_arm10_x4_r03_back_cover:2,,,,,,,,,,,,,,,,,False,origin unreadable
000_left_arm_long_wrist_latest,000_left_arm_long_wrist_latest:1,Rigid 115,joint,rigid,Hexalobular Socket Pan Head Screw ISO 14583 - M3x10 Steel 4.6 Plain:82,elbow:wrist_roll:2+CNC_arm10_x4_r03_back_cover:2,,,,,,,,,,,,,,,,,False,origin unreadable
000_left_arm_long_wrist_latest,000_left_arm_long_wrist_latest:1,Rigid 116,joint,rigid,Hexalobular Socket Pan Head Screw ISO 14583 - M3x10 Steel 4.6 Plain:83,elbow:wrist_roll:2+CNC_arm10_x4_r03_back_cover:2,,,,,,,,,,,,,,,,,False,origin unreadable
000_left_arm_long_wrist_latest,000_left_arm_long_wrist_latest:1,Rigid 117,joint,rigid,Hexalobular Socket Pan Head Screw ISO 14583 - M3x10 Steel 4.6 Plain:84,elbow:wrist_roll:2+CNC_arm10_x4_r03_back_cover:2,,,,,,,,,,,,,,,,,False,origin unreadable
000_left_arm_long_wrist_latest,000_left_arm_long_wrist_latest:1,Rigid 118,joint,rigid,Hexalobular Socket Pan Head Screw ISO 14583 - M3x10 Steel 4.6 Plain:85,elbow:wrist_roll:2+CNC_arm10_x4_r03_back_cover:2,,,,,,,,,,,,,,,,,False,origin unreadable
000_left_arm_long_wrist_latest,000_left_arm_long_wrist_latest:1,Rigid 119,joint,rigid,Hexalobular Socket Pan Head Screw ISO 14583 - M3x10 Steel 4.6 Plain:86,elbow:wrist_roll:2+CNC_arm10_x4_r03_back_cover:2,,,,,,,,,,,,,,,,,False,origin unreadable
000_left_arm_long_wrist_latest,000_left_arm_long_wrist_latest:1,Rigid 120,joint,rigid,Hexalobular Socket Pan Head Screw ISO 14583 - M3x10 Steel 4.6 Plain:87,elbow:wrist_roll:2+CNC_arm10_x4_r03_back_cover:2,,,,,,,,,,,,,,,,,False,origin unreadable
000_left_arm_long_wrist_latest,000_left_arm_long_wrist_latest:1,Rigid 121,joint,rigid,Hexalobular Socket Pan Head Screw ISO 14583 - M3x10 Steel 4.6 Plain:88,elbow:wrist_roll:2+CNC_arm09_x2_elbow_roll_output_shaft:1,,,,,,,,,,,,,,,,,False,origin unreadable
000_left_arm_long_wrist_latest,000_left_arm_long_wrist_latest:1,Rigid 122,joint,rigid,Hexalobular Socket Pan Head Screw ISO 14583 - M3x10 Steel 4.6 Plain:89,elbow:wrist_roll:2+CNC_arm09_x2_elbow_roll_output_shaft:1,,,,,,,,,,,,,,,,,False,origin unreadable
000_left_arm_long_wrist_latest,000_left_arm_long_wrist_latest:1,Rigid 123,joint,rigid,Hexalobular Socket Pan Head Screw ISO 14583 - M3x10 Steel 4.6 Plain:90,elbow:wrist_roll:2+CNC_arm09_x2_elbow_roll_output_shaft:1,,,,,,,,,,,,,,,,,False,origin unreadable
000_left_arm_long_wrist_latest,000_left_arm_long_wrist_latest:1,Rigid 124,joint,rigid,Hexalobular Socket Pan Head Screw ISO 14583 - M3x10 Steel 4.6 Plain:91,elbow:wrist_roll:2+CNC_arm09_x2_elbow_roll_output_shaft:1,,,,,,,,,,,,,,,,,False,origin unreadable
000_left_arm_long_wrist_latest,000_left_arm_long_wrist_latest:1,Rigid 125,joint,rigid,Hexalobular Socket Pan Head Screw ISO 14583 - M3x10 Steel 4.6 Plain:92,elbow:wrist_roll:2+CNC_arm09_x2_elbow_roll_output_shaft:1,,,,,,,,,,,,,,,,,False,origin unreadable
000_left_arm_long_wrist_latest,000_left_arm_long_wrist_latest:1,Rigid 126,joint,rigid,Hexalobular Socket Pan Head Screw ISO 14583 - M3x10 Steel 4.6 Plain:93,001_left_wrist_long_latest:1+3DP_arm11_x2_wrist_roll:1,,,,,,,,,,,,,,,,,False,origin unreadable
000_left_arm_long_wrist_latest,000_left_arm_long_wrist_latest:1,Rigid 127,joint,rigid,Hexalobular Socket Pan Head Screw ISO 14583 - M3x10 Steel 4.6 Plain:94,001_left_wrist_long_latest:1+3DP_arm11_x2_wrist_roll:1,,,,,,,,,,,,,,,,,False,origin unreadable
000_left_arm_long_wrist_latest,000_left_arm_long_wrist_latest:1,Rigid 128,joint,rigid,Hexalobular Socket Pan Head Screw ISO 14583 - M3x10 Steel 4.6 Plain:95,001_left_wrist_long_latest:1+3DP_arm11_x2_wrist_roll:1,,,,,,,,,,,,,,,,,False,origin unreadable
000_left_arm_long_wrist_latest,000_left_arm_long_wrist_latest:1,Rigid 129,joint,rigid,Hexalobular Socket Pan Head Screw ISO 14583 - M3x10 Steel 4.6 Plain:96,001_left_wrist_long_latest:1+3DP_arm11_x2_wrist_roll:1,,,,,,,,,,,,,,,,,False,origin unreadable
000_left_arm_long_wrist_latest,000_left_arm_long_wrist_latest:1,Rigid 130,joint,rigid,Hexalobular Socket Pan Head Screw ISO 14583 - M3x10 Steel 4.6 Plain:97,001_left_wrist_long_latest:1+3DP_arm11_x2_wrist_roll:1,,,,,,,,,,,,,,,,,False,origin unreadable
000_left_arm_long_wrist_latest,000_left_arm_long_wrist_latest:1,Rigid 131,joint,rigid,Hexalobular Socket Pan Head Screw ISO 14583 - M3x10 Steel 4.6 Plain:98,001_left_wrist_long_latest:1+3DP_arm11_x2_wrist_roll:1,,,,,,,,,,,,,,,,,False,origin unreadable
000_left_arm_long_wrist_latest,000_left_arm_long_wrist_latest:1,Rigid 132,joint,rigid,Hexalobular Socket Pan Head Screw ISO 14583 - M3x10 Steel 4.6 Plain:99,001_left_wrist_long_latest:1+wrist_3-left:1+Component5:1,,,,,,,,,,,,,,,,,False,origin unreadable
000_left_arm_long_wrist_latest,000_left_arm_long_wrist_latest:1,Rigid 133,joint,rigid,Hexalobular Socket Pan Head Screw ISO 14583 - M3x10 Steel 4.6 Plain:100,001_left_wrist_long_latest:1+wrist_3-left:1+Component5:1,,,,,,,,,,,,,,,,,False,origin unreadable
000_left_arm_long_wrist_latest,000_left_arm_long_wrist_latest:1,Rigid 134,joint,rigid,Hexalobular Socket Pan Head Screw ISO 14583 - M3x10 Steel 4.6 Plain:101,001_left_wrist_long_latest:1+wrist_3-left:1+Component5:1,,,,,,,,,,,,,,,,,False,origin unreadable
000_left_arm_long_wrist_latest,000_left_arm_long_wrist_latest:1,Rigid 135,joint,rigid,Hexalobular Socket Pan Head Screw ISO 14583 - M3x10 Steel 4.6 Plain:102,001_left_wrist_long_latest:1+wrist_3-left:1+Component5:1,,,,,,,,,,,,,,,,,False,origin unreadable
000_left_arm_long_wrist_latest,000_left_arm_long_wrist_latest:1,Rigid 136,joint,rigid,Hexalobular Socket Pan Head Screw ISO 14583 - M3x10 Steel 4.6 Plain:103,001_left_wrist_long_latest:1+wrist_3-left:1+Component5:1,,,,,,,,,,,,,,,,,False,origin unreadable
000_left_arm_long_wrist_latest,000_left_arm_long_wrist_latest:1,Rigid 137,joint,rigid,Hexalobular Socket Pan Head Screw ISO 14583 - M3x10 Steel 4.6 Plain:104,001_left_wrist_long_latest:1+wrist_3-left:1+Component5:1,,,,,,,,,,,,,,,,,False,origin unreadable
000_left_arm_long_wrist_latest,000_left_arm_long_wrist_latest:1,Rigid 138,joint,rigid,Hexalobular Socket Pan Head Screw ISO 14583 - M3x10 Steel 4.6 Plain:105,001_left_wrist_long_latest:1+wrist_3-left:1+Component5:1,,,,,,,,,,,,,,,,,False,origin unreadable
000_left_arm_long_wrist_latest,000_left_arm_long_wrist_latest:1,Rigid 139,joint,rigid,Hexalobular Socket Pan Head Screw ISO 14583 - M3x10 Steel 4.6 Plain:106,001_left_wrist_long_latest:1+wrist_3-left:1+Component5:1,,,,,,,,,,,,,,,,,False,origin unreadable
000_left_arm_long_wrist_latest,000_left_arm_long_wrist_latest:1,Rigid 140,joint,rigid,Hexalobular Socket Pan Head Screw ISO 14583 - M3x10 Steel 4.6 Plain:107,001_left_wrist_long_latest:1+wrist_3-left:1+Component5:1,,,,,,,,,,,,,,,,,False,origin unreadable
000_left_arm_long_wrist_latest,000_left_arm_long_wrist_latest:1,Rigid 141,joint,rigid,Hexalobular Socket Pan Head Screw ISO 14583 - M3x10 Steel 4.6 Plain:108,001_left_wrist_long_latest:1+wrist_3-left:1+Component5:1,,,,,,,,,,,,,,,,,False,origin unreadable
000_left_arm_long_wrist_latest,000_left_arm_long_wrist_latest:1,Rigid 142,joint,rigid,Hexalobular Socket Pan Head Screw ISO 14583 - M3x10 Steel 4.6 Plain:109,001_left_wrist_long_latest:1+wrist_3-left:1+Component5:1,,,,,,,,,,,,,,,,,False,origin unreadable
000_left_arm_long_wrist_latest,000_left_arm_long_wrist_latest:1,Rigid 143,joint,rigid,Hexalobular Socket Pan Head Screw ISO 14583 - M3x10 Steel 4.6 Plain:110,001_left_wrist_long_latest:1+wrist_3-left:1+Component5:1,,,,,,,,,,,,,,,,,False,origin unreadable
000_left_arm_long_wrist_latest,000_left_arm_long_wrist_latest:1,Rigid 144,joint,rigid,Hexalobular Socket Pan Head Screw ISO 14583 - M3x10 Steel 4.6 Plain:111,001_left_wrist_long_latest:1+wrist_3-left:1+Component5:1,,,,,,,,,,,,,,,,,False,origin unreadable
000_left_arm_long_wrist_latest,000_left_arm_long_wrist_latest:1,Rigid 145,joint,rigid,Hexalobular Socket Pan Head Screw ISO 14583 - M3x10 Steel 4.6 Plain:112,001_left_wrist_long_latest:1+wrist_3-left:1+Component5:1,,,,,,,,,,,,,,,,,False,origin unreadable
000_left_arm_long_wrist_latest,000_left_arm_long_wrist_latest:1,Rigid 146,joint,rigid,Hexalobular Socket Pan Head Screw ISO 14583 - M4x10 Steel 4.6 Plain:19,001_left_wrist_long_latest:1+3DP_arm11_x2_wrist_roll:1,,,,,,,,,,,,,,,,,False,origin unreadable
000_left_arm_long_wrist_latest,000_left_arm_long_wrist_latest:1,Rigid 147,joint,rigid,Hexalobular Socket Pan Head Screw ISO 14583 - M4x10 Steel 4.6 Plain:20,001_left_wrist_long_latest:1+3DP_arm11_x2_wrist_roll:1,,,,,,,,,,,,,,,,,False,origin unreadable
000_left_arm_long_wrist_latest,000_left_arm_long_wrist_latest:1,Rigid 148,joint,rigid,Hexalobular Socket Pan Head Screw ISO 14583 - M4x10 Steel 4.6 Plain:21,001_left_wrist_long_latest:1+3DP_arm11_x2_wrist_roll:1,,,,,,,,,,,,,,,,,False,origin unreadable
000_left_arm_long_wrist_latest,000_left_arm_long_wrist_latest:1,Rigid 149,joint,rigid,Hexalobular Socket Pan Head Screw ISO 14583 - M4x10 Steel 4.6 Plain:22,001_left_wrist_long_latest:1+3DP_arm11_x2_wrist_roll:1,,,,,,,,,,,,,,,,,False,origin unreadable
000_left_arm_long_wrist_latest,000_left_arm_long_wrist_latest:1,Rigid 150,joint,rigid,Hexalobular Socket Pan Head Screw ISO 14583 - M4x10 Steel 4.6 Plain:23,001_left_wrist_long_latest:1+3DP_arm11_x2_wrist_roll:1,,,,,,,,,,,,,,,,,False,origin unreadable
000_left_arm_long_wrist_latest,000_left_arm_long_wrist_latest:1,Rigid 151,joint,rigid,Hexalobular Socket Pan Head Screw ISO 14583 - M4x10 Steel 4.6 Plain:24,001_left_wrist_long_latest:1+3DP_arm11_x2_wrist_roll:1,,,,,,,,,,,,,,,,,False,origin unreadable
000_left_arm_long_wrist_latest,000_left_arm_long_wrist_latest:1,Rigid 152,joint,rigid,Hexalobular Socket Pan Head Screw ISO 14583 - M3x10 Steel 4.6 Plain:113,elbow:wrist_roll:2+3DP_arm05_x4_RS02_shaft_bearing_retainer:2,,,,,,,,,,,,,,,,,False,origin unreadable
000_left_arm_long_wrist_latest,000_left_arm_long_wrist_latest:1,Rigid 153,joint,rigid,Hexalobular Socket Pan Head Screw ISO 14583 - M3x10 Steel 4.6 Plain:114,elbow:wrist_roll:2+3DP_arm05_x4_RS02_shaft_bearing_retainer:2,,,,,,,,,,,,,,,,,False,origin unreadable
000_left_arm_long_wrist_latest,000_left_arm_long_wrist_latest:1,Rigid 154,joint,rigid,Hexalobular Socket Pan Head Screw ISO 14583 - M3x10 Steel 4.6 Plain:115,elbow:wrist_roll:2+3DP_arm05_x4_RS02_shaft_bearing_retainer:2,,,,,,,,,,,,,,,,,False,origin unreadable
000_left_arm_long_wrist_latest,000_left_arm_long_wrist_latest:1,Rigid 155,joint,rigid,Hexalobular Socket Pan Head Screw ISO 14583 - M3x10 Steel 4.6 Plain:116,elbow:wrist_roll:2+3DP_arm05_x4_RS02_shaft_bearing_retainer:2,,,,,,,,,,,,,,,,,False,origin unreadable
000_left_arm_long_wrist_latest,000_left_arm_long_wrist_latest:1,Rigid 156,joint,rigid,Hexalobular Socket Pan Head Screw ISO 14583 - M3x10 Steel 4.6 Plain:117,elbow:wrist_roll:2+3DP_arm05_x4_RS02_shaft_bearing_retainer:2,,,,,,,,,,,,,,,,,False,origin unreadable
000_left_arm_long_wrist_latest,000_left_arm_long_wrist_latest:1,Rigid 157,joint,rigid,Hexalobular Socket Pan Head Screw ISO 14583 - M3x10 Steel 4.6 Plain:118,elbow:wrist_roll:2+3DP_arm05_x4_RS02_shaft_bearing_retainer:2,,,,,,,,,,,,,,,,,False,origin unreadable
000_left_arm_long_wrist_latest,000_left_arm_long_wrist_latest:1,Rigid 158,joint,rigid,Hexalobular Socket Pan Head Screw ISO 14583 - M3x10 Steel 4.6 Plain:119,elbow:wrist_roll:2+3DP_arm05_x4_RS02_shaft_bearing_retainer:2,,,,,,,,,,,,,,,,,False,origin unreadable
000_left_arm_long_wrist_latest,000_left_arm_long_wrist_latest:1,Rigid 159,joint,rigid,Hexalobular Socket Pan Head Screw ISO 14583 - M3x10 Steel 4.6 Plain:120,elbow:wrist_roll:2+3DP_arm05_x4_RS02_shaft_bearing_retainer:2,,,,,,,,,,,,,,,,,False,origin unreadable
000_left_arm_long_wrist_latest,000_left_arm_long_wrist_latest:1,Rigid 160,joint,rigid,Hexalobular Socket Pan Head Screw ISO 14583 - M3x10 Steel 4.6 Plain:121,elbow:wrist_roll:2+3DP_arm05_x4_RS02_shaft_bearing_retainer:2,,,,,,,,,,,,,,,,,False,origin unreadable
000_left_arm_long_wrist_latest,000_left_arm_long_wrist_latest:1,Rigid 161,joint,rigid,Hexalobular Socket Pan Head Screw ISO 14583 - M4x10 Steel 4.6 Plain:25,shoulder_yaw:elbow:2+3DP_arm06_x4_RS02_shaft_coupler:1,,,,,,,,,,,,,,,,,False,origin unreadable
000_left_arm_long_wrist_latest,000_left_arm_long_wrist_latest:1,Rigid 162,joint,rigid,Hexalobular Socket Pan Head Screw ISO 14583 - M4x10 Steel 4.6 Plain:26,shoulder_yaw:elbow:2+3DP_arm06_x4_RS02_shaft_coupler:1,,,,,,,,,,,,,,,,,False,origin unreadable
000_left_arm_long_wrist_latest,000_left_arm_long_wrist_latest:1,Rigid 163,joint,rigid,Hexalobular Socket Pan Head Screw ISO 14583 - M4x10 Steel 4.6 Plain:27,shoulder_yaw:elbow:2+3DP_arm06_x4_RS02_shaft_coupler:1,,,,,,,,,,,,,,,,,False,origin unreadable
000_left_arm_long_wrist_latest,000_left_arm_long_wrist_latest:1,Rigid 164,joint,rigid,Hexalobular Socket Pan Head Screw ISO 14583 - M4x10 Steel 4.6 Plain:28,shoulder_yaw:elbow:2+3DP_arm06_x4_RS02_shaft_coupler:1,,,,,,,,,,,,,,,,,False,origin unreadable
000_left_arm_long_wrist_latest,000_left_arm_long_wrist_latest:1,Rigid 165,joint,rigid,Hexalobular Socket Pan Head Screw ISO 14583 - M4x10 Steel 4.6 Plain:29,shoulder_yaw:elbow:2+3DP_arm06_x4_RS02_shaft_coupler:1,,,,,,,,,,,,,,,,,False,origin unreadable
000_left_arm_long_wrist_latest,000_left_arm_long_wrist_latest:1,Rigid 166,joint,rigid,Hexalobular Socket Pan Head Screw ISO 14583 - M4x10 Steel 4.6 Plain:30,shoulder_yaw:elbow:2+3DP_arm06_x4_RS02_shaft_coupler:1,,,,,,,,,,,,,,,,,False,origin unreadable
000_left_arm_long_wrist_latest,000_left_arm_long_wrist_latest:1,Rigid 167,joint,rigid,Hexalobular Socket Pan Head Screw ISO 14583 - M3x10 Steel 4.6 Plain:122,shoulder_roll:shoulder_yaw:2+3DP_arm05_x4_RS02_shaft_bearing_retainer:1,,,,,,,,,,,,,,,,,False,origin unreadable
000_left_arm_long_wrist_latest,000_left_arm_long_wrist_latest:1,Rigid 168,joint,rigid,Hexalobular Socket Pan Head Screw ISO 14583 - M3x10 Steel 4.6 Plain:123,shoulder_roll:shoulder_yaw:2+3DP_arm05_x4_RS02_shaft_bearing_retainer:1,,,,,,,,,,,,,,,,,False,origin unreadable
000_left_arm_long_wrist_latest,000_left_arm_long_wrist_latest:1,Rigid 169,joint,rigid,Hexalobular Socket Pan Head Screw ISO 14583 - M3x10 Steel 4.6 Plain:124,shoulder_roll:shoulder_yaw:2+3DP_arm05_x4_RS02_shaft_bearing_retainer:1,,,,,,,,,,,,,,,,,False,origin unreadable
000_left_arm_long_wrist_latest,000_left_arm_long_wrist_latest:1,Rigid 170,joint,rigid,Hexalobular Socket Pan Head Screw ISO 14583 - M3x10 Steel 4.6 Plain:125,shoulder_roll:shoulder_yaw:2+3DP_arm05_x4_RS02_shaft_bearing_retainer:1,,,,,,,,,,,,,,,,,False,origin unreadable
000_left_arm_long_wrist_latest,000_left_arm_long_wrist_latest:1,Rigid 171,joint,rigid,Hexalobular Socket Pan Head Screw ISO 14583 - M3x10 Steel 4.6 Plain:126,shoulder_roll:shoulder_yaw:2+3DP_arm05_x4_RS02_shaft_bearing_retainer:1,,,,,,,,,,,,,,,,,False,origin unreadable
000_left_arm_long_wrist_latest,000_left_arm_long_wrist_latest:1,Rigid 172,joint,rigid,Hexalobular Socket Pan Head Screw ISO 14583 - M3x10 Steel 4.6 Plain:127,shoulder_roll:shoulder_yaw:2+3DP_arm05_x4_RS02_shaft_bearing_retainer:1,,,,,,,,,,,,,,,,,False,origin unreadable
000_left_arm_long_wrist_latest,000_left_arm_long_wrist_latest:1,Rigid 173,joint,rigid,Hexalobular Socket Pan Head Screw ISO 14583 - M3x10 Steel 4.6 Plain:128,shoulder_roll:shoulder_yaw:2+3DP_arm05_x4_RS02_shaft_bearing_retainer:1,,,,,,,,,,,,,,,,,False,origin unreadable
000_left_arm_long_wrist_latest,000_left_arm_long_wrist_latest:1,Rigid 174,joint,rigid,Hexalobular Socket Pan Head Screw ISO 14583 - M3x10 Steel 4.6 Plain:129,shoulder_roll:shoulder_yaw:2+3DP_arm05_x4_RS02_shaft_bearing_retainer:1,,,,,,,,,,,,,,,,,False,origin unreadable
000_left_arm_long_wrist_latest,000_left_arm_long_wrist_latest:1,Rigid 175,joint,rigid,Hexalobular Socket Pan Head Screw ISO 14583 - M3x10 Steel 4.6 Plain:130,shoulder_roll:shoulder_yaw:2+3DP_arm05_x4_RS02_shaft_bearing_retainer:1,,,,,,,,,,,,,,,,,False,origin unreadable
000_left_arm_long_wrist_latest,000_left_arm_long_wrist_latest:1,Rigid 176,joint,rigid,protections:1+shoulder_pitch_protection:1,shoulder_pitch:shoulder_roll:2+CNC_arm01_x2_shoulder_roll_front_bearing_retainer:1,,,,,,,,,,,,,,,,,False,origin unreadable
000_left_arm_long_wrist_latest,000_left_arm_long_wrist_latest:1,Rigid 177,joint,rigid,Hexalobular Socket Pan Head Screw ISO 14583 - M3x10 Steel 4.6 Plain:34,protections:1+shoulder_roll_shaft:1,-38.0,-137.0,0.0,,,,,,,,,,,,,,False,
000_left_arm_long_wrist_latest,000_left_arm_long_wrist_latest:1,Rigid 178,joint,rigid,protections:1+shoulder_yaw_protection:1,shoulder_roll:shoulder_yaw:2+CNC_arm10_x4_r03_back_cover:1,,,,,,,,,,,,,,,,,False,origin unreadable
000_left_arm_long_wrist_latest,000_left_arm_long_wrist_latest:1,Rigid 179,joint,rigid,protections:1+elbow_motor_protection:1,shoulder_yaw:elbow:2+CNC_arm07_x2_elbow_front_bearing_retainer:1,,,,,,,,,,,,,,,,,False,origin unreadable
000_left_arm_long_wrist_latest,000_left_arm_long_wrist_latest:1,Rigid 180,joint,rigid,protections:1+shoulder_yaw_protection:2,elbow:wrist_roll:2+CNC_arm10_x4_r03_back_cover:2,,,,,,,,,,,,,,,,,False,origin unreadable
000_left_arm_long_wrist_latest,000_left_arm_long_wrist_latest:1,Rigid 181,joint,rigid,protections:1+elbow_shaft:1,Hexalobular Socket Pan Head Screw ISO 14583 - M3x10 Steel 4.6 Plain:89,,,,,,,,,,,,,,,,,False,origin unreadable
000_left_arm_long_wrist_latest,000_left_arm_long_wrist_latest:1,Rigid 182,joint,rigid,Robstride 03 - full:1+3_1_02_090_0073_ASM_1_1_ASM:1+1_1_06_EB903-534_ASM_1_1_ASM:1+1_1_06_EB903-537_1_1:1,schematics:2+robstride03_cross_section:1,0.0,-0.0,-0.0,,,,,,,,,,,,,,False,
000_left_arm_long_wrist_latest,000_left_arm_long_wrist_latest:1,Rigid 183,joint,rigid,shoulder_pitch:shoulder_roll:2+CNC_leg02_x7_RS03_shaft_coupler:1,Robstride 03 - full:1+3_1_02_090_0073_ASM_1_1_ASM:1+1_1_02_EB901-547_1_rotor:1,-0.0,0.0,-0.0,,,,,,,,,,,,,,False,
000_left_arm_long_wrist_latest,000_left_arm_long_wrist_latest:1,Rigid 185,joint,rigid,Robstride 06-No Back Cover:1+R06:1+MAIN:1+1_1_06_EB823-507_AF0^1_1_06_EB823-509_ASM_FL82BLW33-48V-35N.m(tooling-version)(1)_FL82BLW33-48V-35N.m(tooling-version)(1).STEP:1,shoulder_pitch:shoulder_roll:2+CNC_arm01_x2_shoulder_roll_front_bearing_retainer:1,-23.25,-90.0,0.0,,,,,,,,,,,,,,False,
000_left_arm_long_wrist_latest,000_left_arm_long_wrist_latest:1,Rigid 186,joint,rigid,robstride_02-No_back_cover:4+02-3D-20211009(1).stp:1+3_1_02_067_0020_ASM_1_ASM.stp:1+1_1_06_EB673-516_1.stp:1,shoulder_yaw:elbow:2+CNC_arm07_x2_elbow_front_bearing_retainer:1,-19.5,-297.0,0.0,,,,,,,,,,,,,,False,
000_left_arm_long_wrist_latest,000_left_arm_long_wrist_latest:1,Rigid 187,joint,rigid,robstride_02-No_back_cover:5+02-3D-20211009(1).stp:1+3_1_02_067_0020_ASM_1_ASM.stp:1+1_1_04_EB672-503_1.stp:1,elbow:wrist_roll:2+CNC_arm10_x4_r03_back_cover:2,0.0,-361.0,0.0,,,,,,,,,,,,,,False,
000_left_arm_long_wrist_latest,000_left_arm_long_wrist_latest:1,Rigid 188,joint,rigid,elbow:wrist_roll:2+3DP_arm05_x4_RS02_shaft_bearing_retainer:2,robstride_02-No_back_cover:5+02-3D-20211009(1).stp:1+3_1_02_067_0020_ASM_1_ASM.stp:1+1_1_06_EB673-516_1.stp:1,0.0,-389.0,0.0,,,,,,,,,,,,,,False,
000_left_arm_long_wrist_latest,000_left_arm_long_wrist_latest:1,Rigid 189,joint,rigid,001_left_wrist_long_latest:1+3DP_arm11_x2_wrist_roll:1,robstride_02-No_back_cover:5+02-3D-20211009(1).stp:1+3_1_02_067_0020_ASM_1_ASM.stp:1+shaft 1_1_02_EB671-502_1.stp:1,0.0,-393.0,0.0,,,,,,,,,,,,,,False,
000_left_arm_long_wrist_latest,000_left_arm_long_wrist_latest:1,Rigid 190,joint,rigid,shoulder_yaw:elbow:2+3DP_arm06_x4_RS02_shaft_coupler:1,shoulder_roll:shoulder_yaw:2+robstride_02-No_back_cover:1+02-3D-20211009(1).stp:1+3_1_02_067_0020_ASM_1_ASM.stp:1+shaft 1_1_02_EB671-502_1.stp:1,0.0,-186.0,0.0,,,,,,,,,,,,,,False,
schematics,000_right_arm_long_wrist_latest:1+schematics:1,Rigid 1,joint,rigid,schematics:1+robstride03_cross_section:1,schematics:1,0.0,0.0,0.0,,,,,,,,,,,,,,False,
schematics,000_right_arm_long_wrist_latest:1+schematics:1,Rigid 2,joint,rigid,schematics:1+robstride06_cross_section:1,schematics:1,24.75,-90.0,0.0,,,,,,,,,,,,,,False,
schematics,000_right_arm_long_wrist_latest:1+schematics:1,Rigid 3,joint,rigid,schematics:1+robstride02_sketch:1,schematics:1,0.0,-90.0,-96.0,,,,,,,,,,,,,,False,
schematics,000_right_arm_long_wrist_latest:1+schematics:1,Rigid 4,joint,rigid,schematics:1+robstride02_sketch:2,schematics:1,0.0,-113.5,-207.0,,,,,,,,,,,,,,False,
schematics,000_right_arm_long_wrist_latest:1+schematics:1,Rigid 5,joint,rigid,schematics:1+robstride02_sketch:3,schematics:1,0.0,-90.0,-303.0,,,,,,,,,,,,,,False,
3_1_02_067_0020_ASM_1_ASM.stp,000_right_arm_long_wrist_latest:1+shoulder_roll:shoulder_yaw:1+robstride_02-No_back_cover:3+02-3D-20211009(1).stp:1+3_1_02_067_0020_ASM_1_ASM.stp:1,Revolute 1,as_built,revolute,02-3D-20211009(1).stp:1+3_1_02_067_0020_ASM_1_ASM.stp:1+shaft 1_1_02_EB671-502_1.stp:1,02-3D-20211009(1).stp:1+3_1_02_067_0020_ASM_1_ASM.stp:1+1_1_06_EB673-516_1.stp:1,,,,0.0,0.0,-1.0,,,0.0,rad,,,0.0,,,,False,origin unreadable
robstride_02-No_back_cover,000_right_arm_long_wrist_latest:1+shoulder_roll:shoulder_yaw:1+robstride_02-No_back_cover:3,Rigid 3,joint,rigid,02-3D-20211009(1).stp:1+3_1_02_067_0020_ASM_1_ASM.stp:1+1_1_04_EB672-503_1.stp:1,,0.0,0.0,-28.0,,,,,,,,,,,,,,False,
robstride_02-No_back_cover,000_right_arm_long_wrist_latest:1+shoulder_roll:shoulder_yaw:1+robstride_02-No_back_cover:3,Rigid 4,as_built,rigid,Component21:1,02-3D-20211009(1).stp:1,,,,,,,,,,,,,,,,,False,origin unreadable
shoulder_roll:shoulder_yaw,000_right_arm_long_wrist_latest:1+shoulder_roll:shoulder_yaw:1,Rigid 5,joint,rigid,shoulder_roll:shoulder_yaw:1+robstride_02-No_back_cover:3,shoulder_roll:shoulder_yaw:1,0.0,-90.0,-92.0,,,,,,,,,,,,,,False,
shoulder_roll:shoulder_yaw,000_right_arm_long_wrist_latest:1+shoulder_roll:shoulder_yaw:1,Rigid 21,joint,rigid,shoulder_roll:shoulder_yaw:1+CNC_arm10_x4_r03_back_cover:1,shoulder_roll:shoulder_yaw:1+robstride_02-No_back_cover:3+02-3D-20211009(1).stp:1+3_1_02_067_0020_ASM_1_ASM.stp:1+1_1_04_EB672-503_1.stp:1,-0.0,-90.0,-64.0,,,,,,,,,,,,,,False,
shoulder_roll:shoulder_yaw,000_right_arm_long_wrist_latest:1+shoulder_roll:shoulder_yaw:1,Rigid 20,as_built,rigid,shoulder_roll:shoulder_yaw:1+CNC_arm03_x2_shoulder_roll_output_shaft:1,shoulder_roll:shoulder_yaw:1+CNC_arm04_x4_shoulder_elbow_support_shaft:1,,,,,,,,,,,,,,,,,False,origin unreadable
3DP_arm06_x4_RS02_shaft_coupler,000_right_arm_long_wrist_latest:1+shoulder_yaw:elbow:1+3DP_arm06_x4_RS02_shaft_coupler:1,Rigid 1,joint,rigid,shoulder_yaw:elbow:1+3DP_arm06_x4_RS02_shaft_coupler:1+Knurled Insert M3xH8:1,shoulder_yaw:elbow:1+3DP_arm06_x4_RS02_shaft_coupler:1,15.0,-70.5,-161.0,,,,,,,,,,,,,,False,
3DP_arm06_x4_RS02_shaft_coupler,000_right_arm_long_wrist_latest:1+shoulder_yaw:elbow:1+3DP_arm06_x4_RS02_shaft_coupler:1,Rigid 2,joint,rigid,shoulder_yaw:elbow:1+3DP_arm06_x4_RS02_shaft_coupler:1+Knurled Insert M3xH8:2,shoulder_yaw:elbow:1+3DP_arm06_x4_RS02_shaft_coupler:1,0.0,-70.5,-161.0,,,,,,,,,,,,,,False,
3DP_arm06_x4_RS02_shaft_coupler,000_right_arm_long_wrist_latest:1+shoulder_yaw:elbow:1+3DP_arm06_x4_RS02_shaft_coupler:1,Rigid 3,joint,rigid,shoulder_yaw:elbow:1+3DP_arm06_x4_RS02_shaft_coupler:1+Knurled Insert M3xH8:3,shoulder_yaw:elbow:1+3DP_arm06_x4_RS02_shaft_coupler:1,-15.0,-70.5,-161.0,,,,,,,,,,,,,,False,
3DP_arm06_x4_RS02_shaft_coupler,000_right_arm_long_wrist_latest:1+shoulder_yaw:elbow:1+3DP_arm06_x4_RS02_shaft_coupler:1,Rigid 4,joint,rigid,shoulder_yaw:elbow:1+3DP_arm06_x4_RS02_shaft_coupler:1+Knurled Insert M3xH8:4,shoulder_yaw:elbow:1+3DP_arm06_x4_RS02_shaft_coupler:1,15.0,-109.5,-161.0,,,,,,,,,,,,,,False,
3DP_arm06_x4_RS02_shaft_coupler,000_right_arm_long_wrist_latest:1+shoulder_yaw:elbow:1+3DP_arm06_x4_RS02_shaft_coupler:1,Rigid 5,joint,rigid,shoulder_yaw:elbow:1+3DP_arm06_x4_RS02_shaft_coupler:1+Knurled Insert M3xH8:5,shoulder_yaw:elbow:1+3DP_arm06_x4_RS02_shaft_coupler:1,0.0,-109.5,-161.0,,,,,,,,,,,,,,False,
3DP_arm06_x4_RS02_shaft_coupler,000_right_arm_long_wrist_latest:1+shoulder_yaw:elbow:1+3DP_arm06_x4_RS02_shaft_coupler:1,Rigid 6,joint,rigid,shoulder_yaw:elbow:1+3DP_arm06_x4_RS02_shaft_coupler:1+Knurled Insert M3xH8:6,shoulder_yaw:elbow:1+3DP_arm06_x4_RS02_shaft_coupler:1,-15.0,-109.5,-161.0,,,,,,,,,,,,,,False,
shoulder_yaw:elbow,000_right_arm_long_wrist_latest:1+shoulder_yaw:elbow:1,Rigid 1,as_built,rigid,shoulder_yaw:elbow:1+CNC_arm07_x2_elbow_front_bearing_retainer:1,shoulder_yaw:elbow:1+CNC_arm08_x2_elbow_back_bearing_retainer:1,,,,,,,,,,,,,,,,,False,origin unreadable
shoulder_yaw:elbow,000_right_arm_long_wrist_latest:1+shoulder_yaw:elbow:1,Rigid 2,as_built,rigid,shoulder_yaw:elbow:1+CNC_arm07_x2_elbow_front_bearing_retainer:1,shoulder_yaw:elbow:1+3DP_arm06_x4_RS02_shaft_coupler:1,,,,,,,,,,,,,,,,,False,origin unreadable
elbow:wrist_roll,000_right_arm_long_wrist_latest:1+elbow:wrist_roll:1,Rigid 5,joint,rigid,,elbow:wrist_roll:1,0.0,-90.0,-64.0,,,,,,,,,,,,,,False,
elbow:wrist_roll,000_right_arm_long_wrist_latest:1+elbow:wrist_roll:1,Rigid 6,joint,rigid,elbow:wrist_roll:1+CNC_arm04_x4_shoulder_elbow_support_shaft:2,,0.0,-56.0,-254.0,,,,,,,,,,,,,,False,
elbow:wrist_roll,000_right_arm_long_wrist_latest:1+elbow:wrist_roll:1,Rigid 7,joint,rigid,elbow:wrist_roll:1+CNC_arm10_x4_r03_back_cover:3,elbow:wrist_roll:1+CNC_arm09_x2_elbow_roll_output_shaft:1,-0.0,-124.0,-254.0,,,,,,,,,,,,,,False,
elbow:wrist_roll,000_right_arm_long_wrist_latest:1+elbow:wrist_roll:1,Rigid 8,joint,rigid,elbow:wrist_roll:1+CNC_arm10_x4_r03_back_cover:3,elbow:wrist_roll:1+CNC_arm04_x4_shoulder_elbow_support_shaft:2,-0.0,-56.0,-254.0,,,,,,,,,,,,,,False,
001_right_wrist_long_latest,000_right_arm_long_wrist_latest:1+001_right_wrist_long_latest:1,Rigid 105,joint,rigid,robstride00:3,3DP_arm11_x2_wrist_roll:1,0.0,-14.5,-85.5,,,,,,,,,,,,,,False,
001_right_wrist_long_latest,000_right_arm_long_wrist_latest:1+001_right_wrist_long_latest:1,Rigid 116,joint,rigid,wrist_3-right:1+bearing_35x44x5_6707_1.6kN_15g:1+half-bearing_35x44x5_6707_1.6kN_15g:1,3DP_arm11_x2_wrist_roll:1,-0.0,-14.5,-85.5,,,,,,,,,,,,,,False,
001_right_wrist_long_latest,000_right_arm_long_wrist_latest:1+001_right_wrist_long_latest:1,Rigid 117,joint,rigid,v15_right_end_effector_attachment:1,wrist_3-right:1+Component5:1,12.5,-0.0,-149.5,,,,,,,,,,,,,,False,
000_right_arm_long_wrist_latest,000_right_arm_long_wrist_latest:1,Rigid 1,joint,rigid,Robstride 03 - full:1+3_1_02_090_0073_ASM_1_1_ASM:1+1_1_06_EB903-534_ASM_1_1_ASM:1+1_1_06_EB903-537_1_1:1,schematics:1+robstride03_cross_section:1,-0.0,0.0,0.0,,,,,,,,,,,,,,False,
000_right_arm_long_wrist_latest,000_right_arm_long_wrist_latest:1,Revolute 2,joint,revolute,shoulder_pitch:shoulder_roll:1+CNC_leg02_x7_RS03_shaft_coupler:1,Robstride 03 - full:1+3_1_02_090_0073_ASM_1_1_ASM:1+1_1_02_EB901-547_1_rotor:1,0.0,0.0,-0.0,0.0,1.0,-0.0,,,0.0,rad,,,0.0,,,,False,
000_right_arm_long_wrist_latest,000_right_arm_long_wrist_latest:1,Rigid 152,joint,rigid,bearings:1+bearing_35x44x5_6707_1.6kN_15g:1+half-bearing_35x44x5_6707_1.6kN_15g:1,shoulder_roll:shoulder_yaw:1+CNC_arm03_x2_shoulder_roll_output_shaft:1,29.75,-90.0,0.0,,,,,,,,,,,,,,False,
000_right_arm_long_wrist_latest,000_right_arm_long_wrist_latest:1,Rigid 154,joint,rigid,bearings:1+bearing_35x44x5_6707_1.6kN_15g:2+half-bearing_35x44x5_6707_1.6kN_15g:1,shoulder_roll:shoulder_yaw:1+CNC_arm04_x4_shoulder_elbow_support_shaft:1,-29.75,-90.0,0.0,,,,,,,,,,,,,,False,
000_right_arm_long_wrist_latest,000_right_arm_long_wrist_latest:1,Rigid 158,joint,rigid,bearings:1+bearing_35x44x5_6707_1.6kN_15g:6+half-bearing_35x44x5_6707_1.6kN_15g:1,shoulder_roll:shoulder_yaw:1+3DP_arm05_x4_RS02_shaft_bearing_retainer:1,0.0,-90.0,-132.5,,,,,,,,,,,,,,False,
000_right_arm_long_wrist_latest,000_right_arm_long_wrist_latest:1,Rigid 172,joint,rigid,Robstride 06-No Back Cover:1,shoulder_pitch:shoulder_roll:1+CNC_arm01_x2_shoulder_roll_front_bearing_retainer:1,23.25,-90.0,0.0,,,,,,,,,,,,,,False,
000_right_arm_long_wrist_latest,000_right_arm_long_wrist_latest:1,Rigid 176,joint,rigid,robstride_02-No_back_cover:2,elbow:wrist_roll:1,-0.0,-90.0,-299.0,,,,,,,,,,,,,,False,
000_right_arm_long_wrist_latest,000_right_arm_long_wrist_latest:1,Rigid 177,joint,rigid,robstride_02-No_back_cover:1,shoulder_yaw:elbow:1,0.0,-109.5,-207.0,,,,,,,,,,,,,,False,
000_right_arm_long_wrist_latest,000_right_arm_long_wrist_latest:1,Rigid 178,joint,rigid,elbow:wrist_roll:1+3DP_arm05_x4_RS02_shaft_bearing_retainer:2,robstride_02-No_back_cover:2,,,,,,,,,,,,,,,,,False,origin unreadable
000_right_arm_long_wrist_latest,000_right_arm_long_wrist_latest:1,Rigid 180,joint,rigid,bearings:1+bearing_35x44x5_6707_1.6kN_15g:3+half-bearing_35x44x5_6707_1.6kN_15g:1,shoulder_yaw:elbow:1+CNC_arm08_x2_elbow_back_bearing_retainer:1,-0.0,-65.25,-207.0,,,,,,,,,,,,,,False,
000_right_arm_long_wrist_latest,000_right_arm_long_wrist_latest:1,Rigid 181,joint,rigid,bearings:1+bearing_35x44x5_6707_1.6kN_15g:4+half-bearing_35x44x5_6707_1.6kN_15g:1,shoulder_yaw:elbow:1+CNC_arm07_x2_elbow_front_bearing_retainer:1,-0.0,-114.75,-207.0,,,,,,,,,,,,,,False,
000_right_arm_long_wrist_latest,000_right_arm_long_wrist_latest:1,Rigid 192,joint,rigid,Hexalobular Socket Pan Head Screw ISO 14583 - M3x10 Steel 4.6 Plain:9,shoulder_roll:shoulder_yaw:1+CNC_arm04_x4_shoulder_elbow_support_shaft:1,,,,,,,,,,,,,,,,,False,origin unreadable
000_right_arm_long_wrist_latest,000_right_arm_long_wrist_latest:1,Rigid 193,joint,rigid,Hexalobular Socket Pan Head Screw ISO 14583 - M3x10 Steel 4.6 Plain:10,shoulder_roll:shoulder_yaw:1+CNC_arm04_x4_shoulder_elbow_support_shaft:1,,,,,,,,,,,,,,,,,False,origin unreadable
000_right_arm_long_wrist_latest,000_right_arm_long_wrist_latest:1,Rigid 194,joint,rigid,Hexalobular Socket Pan Head Screw ISO 14583 - M3x10 Steel 4.6 Plain:11,shoulder_roll:shoulder_yaw:1+CNC_arm04_x4_shoulder_elbow_support_shaft:1,,,,,,,,,,,,,,,,,False,origin unreadable
000_right_arm_long_wrist_latest,000_right_arm_long_wrist_latest:1,Rigid 195,joint,rigid,Hexalobular Socket Pan Head Screw ISO 14583 - M3x10 Steel 4.6 Plain:12,shoulder_roll:shoulder_yaw:1+CNC_arm04_x4_shoulder_elbow_support_shaft:1,,,,,,,,,,,,,,,,,False,origin unreadable
000_right_arm_long_wrist_latest,000_right_arm_long_wrist_latest:1,Rigid 196,joint,rigid,Hexalobular Socket Pan Head Screw ISO 14583 - M3x10 Steel 4.6 Plain:13,shoulder_roll:shoulder_yaw:1+CNC_arm04_x4_shoulder_elbow_support_shaft:1,,,,,,,,,,,,,,,,,False,origin unreadable
000_right_arm_long_wrist_latest,000_right_arm_long_wrist_latest:1,Rigid 197,joint,rigid,Hexalobular Socket Pan Head Screw ISO 14583 - M3x10 Steel 4.6 Plain:14,shoulder_roll:shoulder_yaw:1+CNC_arm03_x2_shoulder_roll_output_shaft:1,,,,,,,,,,,,,,,,,False,origin unreadable
000_right_arm_long_wrist_latest,000_right_arm_long_wrist_latest:1,Rigid 198,joint,rigid,Hexalobular Socket Pan Head Screw ISO 14583 - M3x10 Steel 4.6 Plain:15,shoulder_roll:shoulder_yaw:1+CNC_arm03_x2_shoulder_roll_output_shaft:1,,,,,,,,,,,,,,,,,False,origin unreadable
000_right_arm_long_wrist_latest,000_right_arm_long_wrist_latest:1,Rigid 199,joint,rigid,Hexalobular Socket Pan Head Screw ISO 14583 - M3x10 Steel 4.6 Plain:16,shoulder_roll:shoulder_yaw:1+CNC_arm03_x2_shoulder_roll_output_shaft:1,,,,,,,,,,,,,,,,,False,origin unreadable
000_right_arm_long_wrist_latest,000_right_arm_long_wrist_latest:1,Rigid 200,joint,rigid,Hexalobular Socket Pan Head Screw ISO 14583 - M3x10 Steel 4.6 Plain:17,shoulder_roll:shoulder_yaw:1+CNC_arm03_x2_shoulder_roll_output_shaft:1,,,,,,,,,,,,,,,,,False,origin unreadable
000_right_arm_long_wrist_latest,000_right_arm_long_wrist_latest:1,Rigid 201,joint,rigid,Hexalobular Socket Pan Head Screw ISO 14583 - M3x10 Steel 4.6 Plain:18,shoulder_roll:shoulder_yaw:1+CNC_arm03_x2_shoulder_roll_output_shaft:1,,,,,,,,,,,,,,,,,False,origin unreadable
000_right_arm_long_wrist_latest,000_right_arm_long_wrist_latest:1,Rigid 202,joint,rigid,Hexalobular Socket Pan Head Screw ISO 14583 - M3x10 Steel 4.6 Plain:19,elbow:wrist_roll:1+CNC_arm09_x2_elbow_roll_output_shaft:1,,,,,,,,,,,,,,,,,False,origin unreadable
000_right_arm_long_wrist_latest,000_right_arm_long_wrist_latest:1,Rigid 203,joint,rigid,Hexalobular Socket Pan Head Screw ISO 14583 - M3x10 Steel 4.6 Plain:20,elbow:wrist_roll:1+CNC_arm09_x2_elbow_roll_output_shaft:1,,,,,,,,,,,,,,,,,False,origin unreadable
000_right_arm_long_wrist_latest,000_right_arm_long_wrist_latest:1,Rigid 204,joint,rigid,Hexalobular Socket Pan Head Screw ISO 14583 - M3x10 Steel 4.6 Plain:21,elbow:wrist_roll:1+CNC_arm09_x2_elbow_roll_output_shaft:1,,,,,,,,,,,,,,,,,False,origin unreadable
000_right_arm_long_wrist_latest,000_right_arm_long_wrist_latest:1,Rigid 205,joint,rigid,Hexalobular Socket Pan Head Screw ISO 14583 - M3x10 Steel 4.6 Plain:22,elbow:wrist_roll:1+CNC_arm09_x2_elbow_roll_output_shaft:1,,,,,,,,,,,,,,,,,False,origin unreadable
000_right_arm_long_wrist_latest,000_right_arm_long_wrist_latest:1,Rigid 206,joint,rigid,Hexalobular Socket Pan Head Screw ISO 14583 - M3x10 Steel 4.6 Plain:23,elbow:wrist_roll:1+CNC_arm09_x2_elbow_roll_output_shaft:1,,,,,,,,,,,,,,,,,False,origin unreadable
000_right_arm_long_wrist_latest,000_right_arm_long_wrist_latest:1,Rigid 210,joint,rigid,Hexalobular Socket Pan Head Screw ISO 14583 - M3x10 Steel 4.6 Plain:27,shoulder_yaw:elbow:1+CNC_arm07_x2_elbow_front_bearing_retainer:1,,,,,,,,,,,,,,,,,False,origin unreadable
000_right_arm_long_wrist_latest,000_right_arm_long_wrist_latest:1,Rigid 211,joint,rigid,Hexalobular Socket Pan Head Screw ISO 14583 - M3x10 Steel 4.6 Plain:28,shoulder_yaw:elbow:1+CNC_arm07_x2_elbow_front_bearing_retainer:1,,,,,,,,,,,,,,,,,False,origin unreadable
000_right_arm_long_wrist_latest,000_right_arm_long_wrist_latest:1,Rigid 212,joint,rigid,Hexalobular Socket Pan Head Screw ISO 14583 - M3x10 Steel 4.6 Plain:29,shoulder_yaw:elbow:1+CNC_arm07_x2_elbow_front_bearing_retainer:1,,,,,,,,,,,,,,,,,False,origin unreadable
000_right_arm_long_wrist_latest,000_right_arm_long_wrist_latest:1,Rigid 213,joint,rigid,Hexalobular Socket Pan Head Screw ISO 14583 - M3x10 Steel 4.6 Plain:30,shoulder_yaw:elbow:1+CNC_arm07_x2_elbow_front_bearing_retainer:1,,,,,,,,,,,,,,,,,False,origin unreadable
000_right_arm_long_wrist_latest,000_right_arm_long_wrist_latest:1,Rigid 214,joint,rigid,Hexalobular Socket Pan Head Screw ISO 14583 - M3x10 Steel 4.6 Plain:31,shoulder_yaw:elbow:1+CNC_arm07_x2_elbow_front_bearing_retainer:1,,,,,,,,,,,,,,,,,False,origin unreadable
000_right_arm_long_wrist_latest,000_right_arm_long_wrist_latest:1,Rigid 215,joint,rigid,Hexalobular Socket Pan Head Screw ISO 14583 - M3x10 Steel 4.6 Plain:32,shoulder_yaw:elbow:1+CNC_arm07_x2_elbow_front_bearing_retainer:1,,,,,,,,,,,,,,,,,False,origin unreadable
000_right_arm_long_wrist_latest,000_right_arm_long_wrist_latest:1,Rigid 216,joint,rigid,Hexalobular Socket Pan Head Screw ISO 14583 - M3x10 Steel 4.6 Plain:33,shoulder_yaw:elbow:1+CNC_arm07_x2_elbow_front_bearing_retainer:1,,,,,,,,,,,,,,,,,False,origin unreadable
000_right_arm_long_wrist_latest,000_right_arm_long_wrist_latest:1,Rigid 217,joint,rigid,Hexalobular Socket Pan Head Screw ISO 14583 - M3x10 Steel 4.6 Plain:34,shoulder_yaw:elbow:1+CNC_arm07_x2_elbow_front_bearing_retainer:1,,,,,,,,,,,,,,,,,False,origin unreadable
000_right_arm_long_wrist_latest,000_right_arm_long_wrist_latest:1,Rigid 218,joint,rigid,Hexalobular Socket Pan Head Screw ISO 14583 - M3x10 Steel 4.6 Plain:35,shoulder_yaw:elbow:1+CNC_arm07_x2_elbow_front_bearing_retainer:1,,,,,,,,,,,,,,,,,False,origin unreadable
000_right_arm_long_wrist_latest,000_right_arm_long_wrist_latest:1,Rigid 219,joint,rigid,Hexalobular Socket Pan Head Screw ISO 14583 - M3x10 Steel 4.6 Plain:36,shoulder_yaw:elbow:1+CNC_arm08_x2_elbow_back_bearing_retainer:1,,,,,,,,,,,,,,,,,False,origin unreadable
000_right_arm_long_wrist_latest,000_right_arm_long_wrist_latest:1,Rigid 220,joint,rigid,Hexalobular Socket Pan Head Screw ISO 14583 - M3x10 Steel 4.6 Plain:37,shoulder_yaw:elbow:1+CNC_arm08_x2_elbow_back_bearing_retainer:1,,,,,,,,,,,,,,,,,False,origin unreadable
000_right_arm_long_wrist_latest,000_right_arm_long_wrist_latest:1,Rigid 221,joint,rigid,Hexalobular Socket Pan Head Screw ISO 14583 - M3x10 Steel 4.6 Plain:38,shoulder_yaw:elbow:1+CNC_arm08_x2_elbow_back_bearing_retainer:1,,,,,,,,,,,,,,,,,False,origin unreadable
000_right_arm_long_wrist_latest,000_right_arm_long_wrist_latest:1,Rigid 222,joint,rigid,Hexalobular Socket Pan Head Screw ISO 14583 - M3x10 Steel 4.6 Plain:39,shoulder_yaw:elbow:1+CNC_arm08_x2_elbow_back_bearing_retainer:1,,,,,,,,,,,,,,,,,False,origin unreadable
000_right_arm_long_wrist_latest,000_right_arm_long_wrist_latest:1,Rigid 223,joint,rigid,Hexalobular Socket Pan Head Screw ISO 14583 - M3x10 Steel 4.6 Plain:40,shoulder_yaw:elbow:1+CNC_arm08_x2_elbow_back_bearing_retainer:1,,,,,,,,,,,,,,,,,False,origin unreadable
000_right_arm_long_wrist_latest,000_right_arm_long_wrist_latest:1,Rigid 224,joint,rigid,Hexalobular Socket Pan Head Screw ISO 14583 - M3x10 Steel 4.6 Plain:41,shoulder_yaw:elbow:1+CNC_arm08_x2_elbow_back_bearing_retainer:1,,,,,,,,,,,,,,,,,False,origin unreadable
000_right_arm_long_wrist_latest,000_right_arm_long_wrist_latest:1,Rigid 225,joint,rigid,Hexalobular Socket Pan Head Screw ISO 14583 - M3x10 Steel 4.6 Plain:42,shoulder_yaw:elbow:1+CNC_arm08_x2_elbow_back_bearing_retainer:1,,,,,,,,,,,,,,,,,False,origin unreadable
000_right_arm_long_wrist_latest,000_right_arm_long_wrist_latest:1,Rigid 229,joint,rigid,Hexalobular Socket Pan Head Screw ISO 14583 - M3x10 Steel 4.6 Plain:46,shoulder_yaw:elbow:1+CNC_arm08_x2_elbow_back_bearing_retainer:1,,,,,,,,,,,,,,,,,False,origin unreadable
000_right_arm_long_wrist_latest,000_right_arm_long_wrist_latest:1,Rigid 230,joint,rigid,Hexalobular Socket Pan Head Screw ISO 14583 - M3x10 Steel 4.6 Plain:47,elbow:wrist_roll:1+CNC_arm04_x4_shoulder_elbow_support_shaft:2,,,,,,,,,,,,,,,,,False,origin unreadable
000_right_arm_long_wrist_latest,000_right_arm_long_wrist_latest:1,Rigid 231,joint,rigid,Hexalobular Socket Pan Head Screw ISO 14583 - M3x10 Steel 4.6 Plain:48,elbow:wrist_roll:1+CNC_arm04_x4_shoulder_elbow_support_shaft:2,,,,,,,,,,,,,,,,,False,origin unreadable
000_right_arm_long_wrist_latest,000_right_arm_long_wrist_latest:1,Rigid 232,joint,rigid,Hexalobular Socket Pan Head Screw ISO 14583 - M3x10 Steel 4.6 Plain:49,elbow:wrist_roll:1+CNC_arm04_x4_shoulder_elbow_support_shaft:2,,,,,,,,,,,,,,,,,False,origin unreadable
000_right_arm_long_wrist_latest,000_right_arm_long_wrist_latest:1,Rigid 233,joint,rigid,Hexalobular Socket Pan Head Screw ISO 14583 - M3x10 Steel 4.6 Plain:50,elbow:wrist_roll:1+CNC_arm04_x4_shoulder_elbow_support_shaft:2,,,,,,,,,,,,,,,,,False,origin unreadable
000_right_arm_long_wrist_latest,000_right_arm_long_wrist_latest:1,Rigid 234,joint,rigid,Hexalobular Socket Pan Head Screw ISO 14583 - M3x10 Steel 4.6 Plain:51,elbow:wrist_roll:1+CNC_arm04_x4_shoulder_elbow_support_shaft:2,,,,,,,,,,,,,,,,,False,origin unreadable
000_right_arm_long_wrist_latest,000_right_arm_long_wrist_latest:1,Rigid 235,joint,rigid,Hexalobular Socket Pan Head Screw ISO 14583 - M4x10 Steel 4.6 Plain:1,shoulder_roll:shoulder_yaw:1+CNC_arm03_x2_shoulder_roll_output_shaft:1,,,,,,,,,,,,,,,,,False,origin unreadable
000_right_arm_long_wrist_latest,000_right_arm_long_wrist_latest:1,Rigid 236,joint,rigid,Hexalobular Socket Pan Head Screw ISO 14583 - M4x10 Steel 4.6 Plain:2,shoulder_roll:shoulder_yaw:1+CNC_arm03_x2_shoulder_roll_output_shaft:1,,,,,,,,,,,,,,,,,False,origin unreadable
000_right_arm_long_wrist_latest,000_right_arm_long_wrist_latest:1,Rigid 237,joint,rigid,Hexalobular Socket Pan Head Screw ISO 14583 - M4x10 Steel 4.6 Plain:3,shoulder_roll:shoulder_yaw:1+CNC_arm03_x2_shoulder_roll_output_shaft:1,,,,,,,,,,,,,,,,,False,origin unreadable
000_right_arm_long_wrist_latest,000_right_arm_long_wrist_latest:1,Rigid 238,joint,rigid,Hexalobular Socket Pan Head Screw ISO 14583 - M4x10 Steel 4.6 Plain:4,shoulder_roll:shoulder_yaw:1+CNC_arm03_x2_shoulder_roll_output_shaft:1,,,,,,,,,,,,,,,,,False,origin unreadable
000_right_arm_long_wrist_latest,000_right_arm_long_wrist_latest:1,Rigid 239,joint,rigid,Hexalobular Socket Pan Head Screw ISO 14583 - M4x10 Steel 4.6 Plain:5,shoulder_roll:shoulder_yaw:1+CNC_arm03_x2_shoulder_roll_output_shaft:1,,,,,,,,,,,,,,,,,False,origin unreadable
000_right_arm_long_wrist_latest,000_right_arm_long_wrist_latest:1,Rigid 240,joint,rigid,Hexalobular Socket Pan Head Screw ISO 14583 - M4x10 Steel 4.6 Plain:6,shoulder_roll:shoulder_yaw:1+CNC_arm03_x2_shoulder_roll_output_shaft:1,,,,,,,,,,,,,,,,,False,origin unreadable
000_right_arm_long_wrist_latest,000_right_arm_long_wrist_latest:1,Rigid 241,joint,rigid,Hexalobular Socket Pan Head Screw ISO 14583 - M4x10 Steel 4.6 Plain:7,shoulder_yaw:elbow:1+3DP_arm06_x4_RS02_shaft_coupler:1,,,,,,,,,,,,,,,,,False,origin unreadable
000_right_arm_long_wrist_latest,000_right_arm_long_wrist_latest:1,Rigid 242,joint,rigid,Hexalobular Socket Pan Head Screw ISO 14583 - M4x10 Steel 4.6 Plain:8,shoulder_yaw:elbow:1+3DP_arm06_x4_RS02_shaft_coupler:1,,,,,,,,,,,,,,,,,False,origin unreadable
000_right_arm_long_wrist_latest,000_right_arm_long_wrist_latest:1,Rigid 243,joint,rigid,Hexalobular Socket Pan Head Screw ISO 14583 - M4x10 Steel 4.6 Plain:9,shoulder_yaw:elbow:1+3DP_arm06_x4_RS02_shaft_coupler:1,,,,,,,,,,,,,,,,,False,origin unreadable
000_right_arm_long_wrist_latest,000_right_arm_long_wrist_latest:1,Rigid 244,joint,rigid,Hexalobular Socket Pan Head Screw ISO 14583 - M4x10 Steel 4.6 Plain:10,shoulder_yaw:elbow:1+3DP_arm06_x4_RS02_shaft_coupler:1,,,,,,,,,,,,,,,,,False,origin unreadable
000_right_arm_long_wrist_latest,000_right_arm_long_wrist_latest:1,Rigid 245,joint,rigid,Hexalobular Socket Pan Head Screw ISO 14583 - M4x10 Steel 4.6 Plain:11,shoulder_yaw:elbow:1+3DP_arm06_x4_RS02_shaft_coupler:1,,,,,,,,,,,,,,,,,False,origin unreadable
000_right_arm_long_wrist_latest,000_right_arm_long_wrist_latest:1,Rigid 246,joint,rigid,Hexalobular Socket Pan Head Screw ISO 14583 - M4x10 Steel 4.6 Plain:12,shoulder_yaw:elbow:1+3DP_arm06_x4_RS02_shaft_coupler:1,,,,,,,,,,,,,,,,,False,origin unreadable
000_right_arm_long_wrist_latest,000_right_arm_long_wrist_latest:1,Rigid 253,joint,rigid,Hexalobular Socket Pan Head Screw ISO 14583 - M4x10 Steel 4.6 Plain:19,shoulder_pitch:shoulder_roll:1+CNC_leg02_x7_RS03_shaft_coupler:1,,,,,,,,,,,,,,,,,False,origin unreadable
000_right_arm_long_wrist_latest,000_right_arm_long_wrist_latest:1,Rigid 254,joint,rigid,Hexalobular Socket Pan Head Screw ISO 14583 - M4x10 Steel 4.6 Plain:20,shoulder_pitch:shoulder_roll:1+CNC_leg02_x7_RS03_shaft_coupler:1,,,,,,,,,,,,,,,,,False,origin unreadable
000_right_arm_long_wrist_latest,000_right_arm_long_wrist_latest:1,Rigid 255,joint,rigid,Hexalobular Socket Pan Head Screw ISO 14583 - M4x10 Steel 4.6 Plain:21,shoulder_pitch:shoulder_roll:1+CNC_leg02_x7_RS03_shaft_coupler:1,,,,,,,,,,,,,,,,,False,origin unreadable
000_right_arm_long_wrist_latest,000_right_arm_long_wrist_latest:1,Rigid 256,joint,rigid,Hexalobular Socket Pan Head Screw ISO 14583 - M4x10 Steel 4.6 Plain:22,shoulder_pitch:shoulder_roll:1+CNC_leg02_x7_RS03_shaft_coupler:1,,,,,,,,,,,,,,,,,False,origin unreadable
000_right_arm_long_wrist_latest,000_right_arm_long_wrist_latest:1,Rigid 257,joint,rigid,Hexalobular Socket Pan Head Screw ISO 14583 - M4x10 Steel 4.6 Plain:23,shoulder_pitch:shoulder_roll:1+CNC_leg02_x7_RS03_shaft_coupler:1,,,,,,,,,,,,,,,,,False,origin unreadable
000_right_arm_long_wrist_latest,000_right_arm_long_wrist_latest:1,Rigid 258,joint,rigid,Hexalobular Socket Pan Head Screw ISO 14583 - M4x10 Steel 4.6 Plain:24,shoulder_pitch:shoulder_roll:1+CNC_leg02_x7_RS03_shaft_coupler:1,,,,,,,,,,,,,,,,,False,origin unreadable
000_right_arm_long_wrist_latest,000_right_arm_long_wrist_latest:1,Rigid 259,joint,rigid,Hexalobular Socket Pan Head Screw ISO 14583 - M3x10 Steel 4.6 Plain:52,shoulder_roll:shoulder_yaw:1+CNC_arm10_x4_r03_back_cover:1,,,,,,,,,,,,,,,,,False,origin unreadable
000_right_arm_long_wrist_latest,000_right_arm_long_wrist_latest:1,Rigid 260,joint,rigid,Hexalobular Socket Pan Head Screw ISO 14583 - M3x10 Steel 4.6 Plain:53,shoulder_roll:shoulder_yaw:1+CNC_arm10_x4_r03_back_cover:1,,,,,,,,,,,,,,,,,False,origin unreadable
000_right_arm_long_wrist_latest,000_right_arm_long_wrist_latest:1,Rigid 261,joint,rigid,Hexalobular Socket Pan Head Screw ISO 14583 - M3x10 Steel 4.6 Plain:54,shoulder_roll:shoulder_yaw:1+CNC_arm10_x4_r03_back_cover:1,,,,,,,,,,,,,,,,,False,origin unreadable
000_right_arm_long_wrist_latest,000_right_arm_long_wrist_latest:1,Rigid 262,joint,rigid,Hexalobular Socket Pan Head Screw ISO 14583 - M3x10 Steel 4.6 Plain:55,shoulder_roll:shoulder_yaw:1+CNC_arm10_x4_r03_back_cover:1,,,,,,,,,,,,,,,,,False,origin unreadable
000_right_arm_long_wrist_latest,000_right_arm_long_wrist_latest:1,Rigid 263,joint,rigid,Hexalobular Socket Pan Head Screw ISO 14583 - M3x10 Steel 4.6 Plain:56,shoulder_roll:shoulder_yaw:1+CNC_arm10_x4_r03_back_cover:1,,,,,,,,,,,,,,,,,False,origin unreadable
000_right_arm_long_wrist_latest,000_right_arm_long_wrist_latest:1,Rigid 264,joint,rigid,Hexalobular Socket Pan Head Screw ISO 14583 - M3x10 Steel 4.6 Plain:57,shoulder_roll:shoulder_yaw:1+CNC_arm10_x4_r03_back_cover:1,,,,,,,,,,,,,,,,,False,origin unreadable
000_right_arm_long_wrist_latest,000_right_arm_long_wrist_latest:1,Rigid 265,joint,rigid,Hexalobular Socket Pan Head Screw ISO 14583 - M3x10 Steel 4.6 Plain:58,shoulder_roll:shoulder_yaw:1+CNC_arm10_x4_r03_back_cover:1,,,,,,,,,,,,,,,,,False,origin unreadable
000_right_arm_long_wrist_latest,000_right_arm_long_wrist_latest:1,Rigid 266,joint,rigid,Hexalobular Socket Pan Head Screw ISO 14583 - M3x10 Steel 4.6 Plain:59,shoulder_roll:shoulder_yaw:1+CNC_arm10_x4_r03_back_cover:1,,,,,,,,,,,,,,,,,False,origin unreadable
000_right_arm_long_wrist_latest,000_right_arm_long_wrist_latest:1,Rigid 293,joint,rigid,Hexalobular Socket Pan Head Screw ISO 14583 - M3x10 Steel 4.6 Plain:86,shoulder_pitch:shoulder_roll:1+CNC_arm01_x2_shoulder_roll_front_bearing_retainer:1,,,,,,,,,,,,,,,,,False,origin unreadable
000_right_arm_long_wrist_latest,000_right_arm_long_wrist_latest:1,Rigid 294,joint,rigid,Hexalobular Socket Pan Head Screw ISO 14583 - M3x10 Steel 4.6 Plain:87,shoulder_pitch:shoulder_roll:1+CNC_arm01_x2_shoulder_roll_front_bearing_retainer:1,,,,,,,,,,,,,,,,,False,origin unreadable
000_right_arm_long_wrist_latest,000_right_arm_long_wrist_latest:1,Rigid 295,joint,rigid,Hexalobular Socket Pan Head Screw ISO 14583 - M3x10 Steel 4.6 Plain:88,shoulder_pitch:shoulder_roll:1+CNC_arm01_x2_shoulder_roll_front_bearing_retainer:1,,,,,,,,,,,,,,,,,False,origin unreadable
000_right_arm_long_wrist_latest,000_right_arm_long_wrist_latest:1,Rigid 296,joint,rigid,Hexalobular Socket Pan Head Screw ISO 14583 - M3x10 Steel 4.6 Plain:89,shoulder_pitch:shoulder_roll:1+CNC_arm01_x2_shoulder_roll_front_bearing_retainer:1,,,,,,,,,,,,,,,,,False,origin unreadable
000_right_arm_long_wrist_latest,000_right_arm_long_wrist_latest:1,Rigid 297,joint,rigid,Hexalobular Socket Pan Head Screw ISO 14583 - M3x10 Steel 4.6 Plain:90,shoulder_pitch:shoulder_roll:1+CNC_arm01_x2_shoulder_roll_front_bearing_retainer:1,,,,,,,,,,,,,,,,,False,origin unreadable
000_right_arm_long_wrist_latest,000_right_arm_long_wrist_latest:1,Rigid 298,joint,rigid,Hexalobular Socket Pan Head Screw ISO 14583 - M3x10 Steel 4.6 Plain:91,shoulder_pitch:shoulder_roll:1+CNC_arm01_x2_shoulder_roll_front_bearing_retainer:1,,,,,,,,,,,,,,,,,False,origin unreadable
000_right_arm_long_wrist_latest,000_right_arm_long_wrist_latest:1,Rigid 299,joint,rigid,Hexalobular Socket Pan Head Screw ISO 14583 - M3x10 Steel 4.6 Plain:92,shoulder_pitch:shoulder_roll:1+CNC_arm01_x2_shoulder_roll_front_bearing_retainer:1,,,,,,,,,,,,,,,,,False,origin unreadable
000_right_arm_long_wrist_latest,000_right_arm_long_wrist_latest:1,Rigid 300,joint,rigid,Hexalobular Socket Pan Head Screw ISO 14583 - M3x10 Steel 4.6 Plain:93,shoulder_pitch:shoulder_roll:1+CNC_arm01_x2_shoulder_roll_front_bearing_retainer:1,,,,,,,,,,,,,,,,,False,origin unreadable
000_right_arm_long_wrist_latest,000_right_arm_long_wrist_latest:1,Rigid 301,joint,rigid,Hexalobular Socket Pan Head Screw ISO 14583 - M3x10 Steel 4.6 Plain:94,shoulder_pitch:shoulder_roll:1+CNC_arm02_x2_shoulder_roll_back_bearing_retainer:1,,,,,,,,,,,,,,,,,False,origin unreadable
000_right_arm_long_wrist_latest,000_right_arm_long_wrist_latest:1,Rigid 302,joint,rigid,Hexalobular Socket Pan Head Screw ISO 14583 - M3x10 Steel 4.6 Plain:95,shoulder_pitch:shoulder_roll:1+CNC_arm02_x2_shoulder_roll_back_bearing_retainer:1,,,,,,,,,,,,,,,,,False,origin unreadable
000_right_arm_long_wrist_latest,000_right_arm_long_wrist_latest:1,Rigid 303,joint,rigid,Hexalobular Socket Pan Head Screw ISO 14583 - M3x10 Steel 4.6 Plain:96,shoulder_pitch:shoulder_roll:1+CNC_arm02_x2_shoulder_roll_back_bearing_retainer:1,,,,,,,,,,,,,,,,,False,origin unreadable
000_right_arm_long_wrist_latest,000_right_arm_long_wrist_latest:1,Rigid 304,joint,rigid,Hexalobular Socket Pan Head Screw ISO 14583 - M3x10 Steel 4.6 Plain:97,shoulder_pitch:shoulder_roll:1+CNC_arm02_x2_shoulder_roll_back_bearing_retainer:1,,,,,,,,,,,,,,,,,False,origin unreadable
000_right_arm_long_wrist_latest,000_right_arm_long_wrist_latest:1,Rigid 305,joint,rigid,Hexalobular Socket Pan Head Screw ISO 14583 - M3x10 Steel 4.6 Plain:98,shoulder_pitch:shoulder_roll:1+CNC_arm02_x2_shoulder_roll_back_bearing_retainer:1,,,,,,,,,,,,,,,,,False,origin unreadable
000_right_arm_long_wrist_latest,000_right_arm_long_wrist_latest:1,Rigid 306,joint,rigid,Hexalobular Socket Pan Head Screw ISO 14583 - M3x10 Steel 4.6 Plain:99,shoulder_pitch:shoulder_roll:1+CNC_arm02_x2_shoulder_roll_back_bearing_retainer:1,,,,,,,,,,,,,,,,,False,origin unreadable
000_right_arm_long_wrist_latest,000_right_arm_long_wrist_latest:1,Rigid 307,joint,rigid,Hexalobular Socket Pan Head Screw ISO 14583 - M3x10 Steel 4.6 Plain:100,shoulder_pitch:shoulder_roll:1+CNC_arm02_x2_shoulder_roll_back_bearing_retainer:1,,,,,,,,,,,,,,,,,False,origin unreadable
000_right_arm_long_wrist_latest,000_right_arm_long_wrist_latest:1,Rigid 308,joint,rigid,Hexalobular Socket Pan Head Screw ISO 14583 - M3x10 Steel 4.6 Plain:101,shoulder_pitch:shoulder_roll:1+CNC_arm02_x2_shoulder_roll_back_bearing_retainer:1,,,,,,,,,,,,,,,,,False,origin unreadable
000_right_arm_long_wrist_latest,000_right_arm_long_wrist_latest:1,Rigid 315,joint,rigid,bearings:1+bearing_35x44x5_6707_1.6kN_15g:5+half-bearing_35x44x5_6707_1.6kN_15g:1,elbow:wrist_roll:1+3DP_arm05_x4_RS02_shaft_bearing_retainer:2,-0.0,-90.0,-339.5,,,,,,,,,,,,,,False,
000_right_arm_long_wrist_latest,000_right_arm_long_wrist_latest:1,Revolute 319,joint,revolute,Robstride 06-No Back Cover:1+R06:1+R06-ROTOR:1,shoulder_roll:shoulder_yaw:1+CNC_arm03_x2_shoulder_roll_output_shaft:1,24.75,-96.005,10.401,1.0,0.0,0.0,,,0.0,rad,,,0.0,,,,False,
000_right_arm_long_wrist_latest,000_right_arm_long_wrist_latest:1,Rigid 325,joint,rigid,Hexalobular Socket Pan Head Screw ISO 14583 - M3x10 Steel 4.6 Plain:102,shoulder_pitch:shoulder_roll:1+CNC_arm01_x2_shoulder_roll_front_bearing_retainer:1,,,,,,,,,,,,,,,,,False,origin unreadable
000_right_arm_long_wrist_latest,000_right_arm_long_wrist_latest:1,Rigid 326,joint,rigid,Hexalobular Socket Pan Head Screw ISO 14583 - M3x10 Steel 4.6 Plain:103,shoulder_pitch:shoulder_roll:1+CNC_arm01_x2_shoulder_roll_front_bearing_retainer:1,,,,,,,,,,,,,,,,,False,origin unreadable
000_right_arm_long_wrist_latest,000_right_arm_long_wrist_latest:1,Rigid 327,joint,rigid,Hexalobular Socket Pan Head Screw ISO 14583 - M3x10 Steel 4.6 Plain:104,shoulder_pitch:shoulder_roll:1+CNC_arm01_x2_shoulder_roll_front_bearing_retainer:1,,,,,,,,,,,,,,,,,False,origin unreadable
000_right_arm_long_wrist_latest,000_right_arm_long_wrist_latest:1,Rigid 328,joint,rigid,Hexalobular Socket Pan Head Screw ISO 14583 - M3x10 Steel 4.6 Plain:105,shoulder_pitch:shoulder_roll:1+CNC_arm01_x2_shoulder_roll_front_bearing_retainer:1,,,,,,,,,,,,,,,,,False,origin unreadable
000_right_arm_long_wrist_latest,000_right_arm_long_wrist_latest:1,Rigid 329,joint,rigid,Hexalobular Socket Pan Head Screw ISO 14583 - M3x10 Steel 4.6 Plain:106,shoulder_pitch:shoulder_roll:1+CNC_arm02_x2_shoulder_roll_back_bearing_retainer:1,,,,,,,,,,,,,,,,,False,origin unreadable
000_right_arm_long_wrist_latest,000_right_arm_long_wrist_latest:1,Rigid 330,joint,rigid,Hexalobular Socket Pan Head Screw ISO 14583 - M3x10 Steel 4.6 Plain:107,shoulder_pitch:shoulder_roll:1+CNC_arm02_x2_shoulder_roll_back_bearing_retainer:1,,,,,,,,,,,,,,,,,False,origin unreadable
000_right_arm_long_wrist_latest,000_right_arm_long_wrist_latest:1,Rigid 331,joint,rigid,Hexalobular Socket Pan Head Screw ISO 14583 - M3x10 Steel 4.6 Plain:108,shoulder_pitch:shoulder_roll:1+CNC_arm02_x2_shoulder_roll_back_bearing_retainer:1,,,,,,,,,,,,,,,,,False,origin unreadable
000_right_arm_long_wrist_latest,000_right_arm_long_wrist_latest:1,Rigid 332,joint,rigid,Hexalobular Socket Pan Head Screw ISO 14583 - M3x10 Steel 4.6 Plain:109,shoulder_pitch:shoulder_roll:1+CNC_arm02_x2_shoulder_roll_back_bearing_retainer:1,,,,,,,,,,,,,,,,,False,origin unreadable
000_right_arm_long_wrist_latest,000_right_arm_long_wrist_latest:1,Rigid 335,joint,rigid,protections:1+shoulder_yaw_protection:2+Component36:1,,,,,,,,,,,,,,,,,,False,origin unreadable
000_right_arm_long_wrist_latest,000_right_arm_long_wrist_latest:1,Revolute 342,joint,revolute,001_right_wrist_long_latest:1+3DP_arm11_x2_wrist_roll:1,robstride_02-No_back_cover:2+02-3D-20211009(1).stp:1+3_1_02_067_0020_ASM_1_ASM.stp:1+shaft 1_1_02_EB671-502_1.stp:1,0.0,-90.0,-303.0,-0.0,-0.0,-1.0,,,0.0,rad,,,0.0,,,,False,
000_right_arm_long_wrist_latest,000_right_arm_long_wrist_latest:1,Rigid 343,joint,rigid,elbow:wrist_roll:1+3DP_arm05_x4_RS02_shaft_bearing_retainer:2,robstride_02-No_back_cover:2+02-3D-20211009(1).stp:1+3_1_02_067_0020_ASM_1_ASM.stp:1+1_1_06_EB673-516_1.stp:1,-0.0,-90.0,-299.0,,,,,,,,,,,,,,False,
000_right_arm_long_wrist_latest,000_right_arm_long_wrist_latest:1,Rigid 344,joint,rigid,bearings:1+bearing_35x44x5_6707_1.6kN_15g:5+half-bearing_35x44x5_6707_1.6kN_15g:1,elbow:wrist_roll:1+3DP_arm05_x4_RS02_shaft_bearing_retainer:2,-0.0,-90.0,-339.5,,,,,,,,,,,,,,False,
000_right_arm_long_wrist_latest,000_right_arm_long_wrist_latest:1,Rigid 345,joint,rigid,Hexalobular Socket Pan Head Screw ISO 14583 - M3x10 Steel 4.6 Plain:24,shoulder_yaw:elbow:1+CNC_arm07_x2_elbow_front_bearing_retainer:1,,,,,,,,,,,,,,,,,False,origin unreadable
000_right_arm_long_wrist_latest,000_right_arm_long_wrist_latest:1,Rigid 346,joint,rigid,Hexalobular Socket Pan Head Screw ISO 14583 - M3x10 Steel 4.6 Plain:25,shoulder_yaw:elbow:1+CNC_arm07_x2_elbow_front_bearing_retainer:1,,,,,,,,,,,,,,,,,False,origin unreadable
000_right_arm_long_wrist_latest,000_right_arm_long_wrist_latest:1,Rigid 347,joint,rigid,Hexalobular Socket Pan Head Screw ISO 14583 - M3x10 Steel 4.6 Plain:26,shoulder_yaw:elbow:1+CNC_arm07_x2_elbow_front_bearing_retainer:1,,,,,,,,,,,,,,,,,False,origin unreadable
000_right_arm_long_wrist_latest,000_right_arm_long_wrist_latest:1,Rigid 348,joint,rigid,Hexalobular Socket Pan Head Screw ISO 14583 - M3x10 Steel 4.6 Plain:43,shoulder_yaw:elbow:1+CNC_arm08_x2_elbow_back_bearing_retainer:1,,,,,,,,,,,,,,,,,False,origin unreadable
000_right_arm_long_wrist_latest,000_right_arm_long_wrist_latest:1,Rigid 349,joint,rigid,Hexalobular Socket Pan Head Screw ISO 14583 - M3x10 Steel 4.6 Plain:44,shoulder_yaw:elbow:1+CNC_arm08_x2_elbow_back_bearing_retainer:1,,,,,,,,,,,,,,,,,False,origin unreadable
000_right_arm_long_wrist_latest,000_right_arm_long_wrist_latest:1,Rigid 350,joint,rigid,Hexalobular Socket Pan Head Screw ISO 14583 - M3x10 Steel 4.6 Plain:45,shoulder_yaw:elbow:1+CNC_arm08_x2_elbow_back_bearing_retainer:1,,,,,,,,,,,,,,,,,False,origin unreadable
000_right_arm_long_wrist_latest,000_right_arm_long_wrist_latest:1,Rigid 351,joint,rigid,Hexalobular Socket Pan Head Screw ISO 14583 - M3x10 Steel 4.6 Plain:110,shoulder_roll:shoulder_yaw:1+3DP_arm05_x4_RS02_shaft_bearing_retainer:1,,,,,,,,,,,,,,,,,False,origin unreadable
000_right_arm_long_wrist_latest,000_right_arm_long_wrist_latest:1,Rigid 352,joint,rigid,Hexalobular Socket Pan Head Screw ISO 14583 - M3x10 Steel 4.6 Plain:111,shoulder_roll:shoulder_yaw:1+3DP_arm05_x4_RS02_shaft_bearing_retainer:1,,,,,,,,,,,,,,,,,False,origin unreadable
000_right_arm_long_wrist_latest,000_right_arm_long_wrist_latest:1,Rigid 353,joint,rigid,Hexalobular Socket Pan Head Screw ISO 14583 - M3x10 Steel 4.6 Plain:112,shoulder_roll:shoulder_yaw:1+3DP_arm05_x4_RS02_shaft_bearing_retainer:1,,,,,,,,,,,,,,,,,False,origin unreadable
000_right_arm_long_wrist_latest,000_right_arm_long_wrist_latest:1,Rigid 354,joint,rigid,Hexalobular Socket Pan Head Screw ISO 14583 - M3x10 Steel 4.6 Plain:113,shoulder_roll:shoulder_yaw:1+3DP_arm05_x4_RS02_shaft_bearing_retainer:1,,,,,,,,,,,,,,,,,False,origin unreadable
000_right_arm_long_wrist_latest,000_right_arm_long_wrist_latest:1,Rigid 355,joint,rigid,Hexalobular Socket Pan Head Screw ISO 14583 - M3x10 Steel 4.6 Plain:114,shoulder_roll:shoulder_yaw:1+3DP_arm05_x4_RS02_shaft_bearing_retainer:1,,,,,,,,,,,,,,,,,False,origin unreadable
000_right_arm_long_wrist_latest,000_right_arm_long_wrist_latest:1,Rigid 356,joint,rigid,Hexalobular Socket Pan Head Screw ISO 14583 - M3x10 Steel 4.6 Plain:115,shoulder_roll:shoulder_yaw:1+3DP_arm05_x4_RS02_shaft_bearing_retainer:1,,,,,,,,,,,,,,,,,False,origin unreadable
000_right_arm_long_wrist_latest,000_right_arm_long_wrist_latest:1,Rigid 357,joint,rigid,Hexalobular Socket Pan Head Screw ISO 14583 - M3x10 Steel 4.6 Plain:116,shoulder_roll:shoulder_yaw:1+3DP_arm05_x4_RS02_shaft_bearing_retainer:1,,,,,,,,,,,,,,,,,False,origin unreadable
000_right_arm_long_wrist_latest,000_right_arm_long_wrist_latest:1,Rigid 358,joint,rigid,Hexalobular Socket Pan Head Screw ISO 14583 - M3x10 Steel 4.6 Plain:117,shoulder_roll:shoulder_yaw:1+3DP_arm05_x4_RS02_shaft_bearing_retainer:1,,,,,,,,,,,,,,,,,False,origin unreadable
000_right_arm_long_wrist_latest,000_right_arm_long_wrist_latest:1,Rigid 359,joint,rigid,Hexalobular Socket Pan Head Screw ISO 14583 - M3x10 Steel 4.6 Plain:118,shoulder_roll:shoulder_yaw:1+3DP_arm05_x4_RS02_shaft_bearing_retainer:1,,,,,,,,,,,,,,,,,False,origin unreadable
000_right_arm_long_wrist_latest,000_right_arm_long_wrist_latest:1,Rigid 360,joint,rigid,Hexalobular Socket Pan Head Screw ISO 14583 - M3x10 Steel 4.6 Plain:119,elbow:wrist_roll:1+3DP_arm05_x4_RS02_shaft_bearing_retainer:2,,,,,,,,,,,,,,,,,False,origin unreadable
000_right_arm_long_wrist_latest,000_right_arm_long_wrist_latest:1,Rigid 361,joint,rigid,Hexalobular Socket Pan Head Screw ISO 14583 - M3x10 Steel 4.6 Plain:120,elbow:wrist_roll:1+3DP_arm05_x4_RS02_shaft_bearing_retainer:2,,,,,,,,,,,,,,,,,False,origin unreadable
000_right_arm_long_wrist_latest,000_right_arm_long_wrist_latest:1,Rigid 362,joint,rigid,Hexalobular Socket Pan Head Screw ISO 14583 - M3x10 Steel 4.6 Plain:121,elbow:wrist_roll:1+3DP_arm05_x4_RS02_shaft_bearing_retainer:2,,,,,,,,,,,,,,,,,False,origin unreadable
000_right_arm_long_wrist_latest,000_right_arm_long_wrist_latest:1,Rigid 363,joint,rigid,Hexalobular Socket Pan Head Screw ISO 14583 - M3x10 Steel 4.6 Plain:122,elbow:wrist_roll:1+3DP_arm05_x4_RS02_shaft_bearing_retainer:2,,,,,,,,,,,,,,,,,False,origin unreadable
000_right_arm_long_wrist_latest,000_right_arm_long_wrist_latest:1,Rigid 364,joint,rigid,Hexalobular Socket Pan Head Screw ISO 14583 - M3x10 Steel 4.6 Plain:123,elbow:wrist_roll:1+3DP_arm05_x4_RS02_shaft_bearing_retainer:2,,,,,,,,,,,,,,,,,False,origin unreadable
000_right_arm_long_wrist_latest,000_right_arm_long_wrist_latest:1,Rigid 365,joint,rigid,Hexalobular Socket Pan Head Screw ISO 14583 - M3x10 Steel 4.6 Plain:124,elbow:wrist_roll:1+3DP_arm05_x4_RS02_shaft_bearing_retainer:2,,,,,,,,,,,,,,,,,False,origin unreadable
000_right_arm_long_wrist_latest,000_right_arm_long_wrist_latest:1,Rigid 366,joint,rigid,Hexalobular Socket Pan Head Screw ISO 14583 - M3x10 Steel 4.6 Plain:125,elbow:wrist_roll:1+3DP_arm05_x4_RS02_shaft_bearing_retainer:2,,,,,,,,,,,,,,,,,False,origin unreadable
000_right_arm_long_wrist_latest,000_right_arm_long_wrist_latest:1,Rigid 367,joint,rigid,Hexalobular Socket Pan Head Screw ISO 14583 - M3x10 Steel 4.6 Plain:126,elbow:wrist_roll:1+3DP_arm05_x4_RS02_shaft_bearing_retainer:2,,,,,,,,,,,,,,,,,False,origin unreadable
000_right_arm_long_wrist_latest,000_right_arm_long_wrist_latest:1,Rigid 368,joint,rigid,Hexalobular Socket Pan Head Screw ISO 14583 - M3x10 Steel 4.6 Plain:127,elbow:wrist_roll:1+3DP_arm05_x4_RS02_shaft_bearing_retainer:2,,,,,,,,,,,,,,,,,False,origin unreadable
000_right_arm_long_wrist_latest,000_right_arm_long_wrist_latest:1,Rigid 369,joint,rigid,Hexalobular Socket Pan Head Screw ISO 14583 - M3x10 Steel 4.6 Plain:128,001_right_wrist_long_latest:1+3DP_arm11_x2_wrist_roll:1,,,,,,,,,,,,,,,,,False,origin unreadable
000_right_arm_long_wrist_latest,000_right_arm_long_wrist_latest:1,Rigid 370,joint,rigid,Hexalobular Socket Pan Head Screw ISO 14583 - M3x10 Steel 4.6 Plain:129,001_right_wrist_long_latest:1+3DP_arm11_x2_wrist_roll:1,,,,,,,,,,,,,,,,,False,origin unreadable
000_right_arm_long_wrist_latest,000_right_arm_long_wrist_latest:1,Rigid 371,joint,rigid,Hexalobular Socket Pan Head Screw ISO 14583 - M3x10 Steel 4.6 Plain:130,001_right_wrist_long_latest:1+3DP_arm11_x2_wrist_roll:1,,,,,,,,,,,,,,,,,False,origin unreadable
000_right_arm_long_wrist_latest,000_right_arm_long_wrist_latest:1,Rigid 372,joint,rigid,Hexalobular Socket Pan Head Screw ISO 14583 - M3x10 Steel 4.6 Plain:131,001_right_wrist_long_latest:1+3DP_arm11_x2_wrist_roll:1,,,,,,,,,,,,,,,,,False,origin unreadable
000_right_arm_long_wrist_latest,000_right_arm_long_wrist_latest:1,Rigid 373,joint,rigid,Hexalobular Socket Pan Head Screw ISO 14583 - M3x10 Steel 4.6 Plain:132,001_right_wrist_long_latest:1+3DP_arm11_x2_wrist_roll:1,,,,,,,,,,,,,,,,,False,origin unreadable
000_right_arm_long_wrist_latest,000_right_arm_long_wrist_latest:1,Rigid 374,joint,rigid,Hexalobular Socket Pan Head Screw ISO 14583 - M3x10 Steel 4.6 Plain:133,001_right_wrist_long_latest:1+3DP_arm11_x2_wrist_roll:1,,,,,,,,,,,,,,,,,False,origin unreadable
000_right_arm_long_wrist_latest,000_right_arm_long_wrist_latest:1,Rigid 403,joint,rigid,Hexalobular Socket Pan Head Screw ISO 14583 - M4x10 Steel 4.6 Plain:25,001_right_wrist_long_latest:1+v15_right_end_effector_attachment:1,,,,,,,,,,,,,,,,,False,origin unreadable
000_right_arm_long_wrist_latest,000_right_arm_long_wrist_latest:1,Rigid 404,joint,rigid,Hexalobular Socket Pan Head Screw ISO 14583 - M4x10 Steel 4.6 Plain:26,001_right_wrist_long_latest:1+v15_right_end_effector_attachment:1,,,,,,,,,,,,,,,,,False,origin unreadable
000_right_arm_long_wrist_latest,000_right_arm_long_wrist_latest:1,Rigid 405,joint,rigid,Hexalobular Socket Pan Head Screw ISO 14583 - M4x10 Steel 4.6 Plain:27,001_right_wrist_long_latest:1+v15_right_end_effector_attachment:1,,,,,,,,,,,,,,,,,False,origin unreadable
000_right_arm_long_wrist_latest,000_right_arm_long_wrist_latest:1,Rigid 406,joint,rigid,Hexalobular Socket Pan Head Screw ISO 14583 - M4x10 Steel 4.6 Plain:28,001_right_wrist_long_latest:1+v15_right_end_effector_attachment:1,,,,,,,,,,,,,,,,,False,origin unreadable
000_right_arm_long_wrist_latest,000_right_arm_long_wrist_latest:1,Rigid 407,joint,rigid,Hexalobular Socket Pan Head Screw ISO 14583 - M4x10 Steel 4.6 Plain:29,001_right_wrist_long_latest:1+v15_right_end_effector_attachment:1,,,,,,,,,,,,,,,,,False,origin unreadable
000_right_arm_long_wrist_latest,000_right_arm_long_wrist_latest:1,Rigid 408,joint,rigid,Hexalobular Socket Pan Head Screw ISO 14583 - M4x10 Steel 4.6 Plain:30,001_right_wrist_long_latest:1+v15_right_end_effector_attachment:1,,,,,,,,,,,,,,,,,False,origin unreadable
000_right_arm_long_wrist_latest,000_right_arm_long_wrist_latest:1,Rigid 409,joint,rigid,Hexalobular Socket Pan Head Screw ISO 14583 - M3x10 Steel 4.6 Plain:148,elbow:wrist_roll:1+CNC_arm10_x4_r03_back_cover:3,,,,,,,,,,,,,,,,,False,origin unreadable
000_right_arm_long_wrist_latest,000_right_arm_long_wrist_latest:1,Rigid 410,joint,rigid,Hexalobular Socket Pan Head Screw ISO 14583 - M3x10 Steel 4.6 Plain:149,elbow:wrist_roll:1+CNC_arm10_x4_r03_back_cover:3,,,,,,,,,,,,,,,,,False,origin unreadable
000_right_arm_long_wrist_latest,000_right_arm_long_wrist_latest:1,Rigid 411,joint,rigid,Hexalobular Socket Pan Head Screw ISO 14583 - M3x10 Steel 4.6 Plain:150,elbow:wrist_roll:1+CNC_arm10_x4_r03_back_cover:3,,,,,,,,,,,,,,,,,False,origin unreadable
000_right_arm_long_wrist_latest,000_right_arm_long_wrist_latest:1,Rigid 412,joint,rigid,Hexalobular Socket Pan Head Screw ISO 14583 - M3x10 Steel 4.6 Plain:151,elbow:wrist_roll:1+CNC_arm10_x4_r03_back_cover:3,,,,,,,,,,,,,,,,,False,origin unreadable
000_right_arm_long_wrist_latest,000_right_arm_long_wrist_latest:1,Rigid 413,joint,rigid,Hexalobular Socket Pan Head Screw ISO 14583 - M3x10 Steel 4.6 Plain:152,elbow:wrist_roll:1+CNC_arm10_x4_r03_back_cover:3,,,,,,,,,,,,,,,,,False,origin unreadable
000_right_arm_long_wrist_latest,000_right_arm_long_wrist_latest:1,Rigid 414,joint,rigid,Hexalobular Socket Pan Head Screw ISO 14583 - M3x10 Steel 4.6 Plain:153,elbow:wrist_roll:1+CNC_arm10_x4_r03_back_cover:3,,,,,,,,,,,,,,,,,False,origin unreadable
000_right_arm_long_wrist_latest,000_right_arm_long_wrist_latest:1,Rigid 415,joint,rigid,Hexalobular Socket Pan Head Screw ISO 14583 - M3x10 Steel 4.6 Plain:154,elbow:wrist_roll:1+CNC_arm10_x4_r03_back_cover:3,,,,,,,,,,,,,,,,,False,origin unreadable
000_right_arm_long_wrist_latest,000_right_arm_long_wrist_latest:1,Rigid 416,joint,rigid,Hexalobular Socket Pan Head Screw ISO 14583 - M3x10 Steel 4.6 Plain:155,elbow:wrist_roll:1+CNC_arm10_x4_r03_back_cover:3,,,,,,,,,,,,,,,,,False,origin unreadable
000_right_arm_long_wrist_latest,000_right_arm_long_wrist_latest:1,Rigid 417,joint,rigid,protections:1+shoulder_yaw_protection:2+Component36:1,elbow:wrist_roll:1+CNC_arm10_x4_r03_back_cover:3,,,,,,,,,,,,,,,,,False,origin unreadable
000_right_arm_long_wrist_latest,000_right_arm_long_wrist_latest:1,Rigid 418,joint,rigid,Hexalobular Socket Pan Head Screw ISO 14583 - M3x10 Steel 4.6 Plain:156,001_right_wrist_long_latest:1+wrist_3-right:1+Component5:1,,,,,,,,,,,,,,,,,False,origin unreadable
000_right_arm_long_wrist_latest,000_right_arm_long_wrist_latest:1,Rigid 419,joint,rigid,Hexalobular Socket Pan Head Screw ISO 14583 - M3x10 Steel 4.6 Plain:157,001_right_wrist_long_latest:1+wrist_3-right:1+Component5:1,,,,,,,,,,,,,,,,,False,origin unreadable
000_right_arm_long_wrist_latest,000_right_arm_long_wrist_latest:1,Rigid 420,joint,rigid,Hexalobular Socket Pan Head Screw ISO 14583 - M3x10 Steel 4.6 Plain:158,001_right_wrist_long_latest:1+wrist_3-right:1+Component5:1,,,,,,,,,,,,,,,,,False,origin unreadable
000_right_arm_long_wrist_latest,000_right_arm_long_wrist_latest:1,Rigid 421,joint,rigid,Hexalobular Socket Pan Head Screw ISO 14583 - M3x10 Steel 4.6 Plain:159,001_right_wrist_long_latest:1+wrist_3-right:1+Component5:1,,,,,,,,,,,,,,,,,False,origin unreadable
000_right_arm_long_wrist_latest,000_right_arm_long_wrist_latest:1,Rigid 422,joint,rigid,Hexalobular Socket Pan Head Screw ISO 14583 - M3x10 Steel 4.6 Plain:160,001_right_wrist_long_latest:1+wrist_3-right:1+Component5:1,,,,,,,,,,,,,,,,,False,origin unreadable
000_right_arm_long_wrist_latest,000_right_arm_long_wrist_latest:1,Rigid 423,joint,rigid,Hexalobular Socket Pan Head Screw ISO 14583 - M3x10 Steel 4.6 Plain:161,001_right_wrist_long_latest:1+wrist_3-right:1+Component5:1,,,,,,,,,,,,,,,,,False,origin unreadable
000_right_arm_long_wrist_latest,000_right_arm_long_wrist_latest:1,Rigid 424,joint,rigid,Hexalobular Socket Pan Head Screw ISO 14583 - M3x10 Steel 4.6 Plain:162,001_right_wrist_long_latest:1+wrist_3-right:1+Component5:1,,,,,,,,,,,,,,,,,False,origin unreadable
000_right_arm_long_wrist_latest,000_right_arm_long_wrist_latest:1,Rigid 425,joint,rigid,Hexalobular Socket Pan Head Screw ISO 14583 - M3x10 Steel 4.6 Plain:163,001_right_wrist_long_latest:1+wrist_3-right:1+Component5:1,,,,,,,,,,,,,,,,,False,origin unreadable
000_right_arm_long_wrist_latest,000_right_arm_long_wrist_latest:1,Rigid 426,joint,rigid,Hexalobular Socket Pan Head Screw ISO 14583 - M3x10 Steel 4.6 Plain:164,001_right_wrist_long_latest:1+wrist_3-right:1+Component5:1,,,,,,,,,,,,,,,,,False,origin unreadable
000_right_arm_long_wrist_latest,000_right_arm_long_wrist_latest:1,Rigid 427,joint,rigid,Hexalobular Socket Pan Head Screw ISO 14583 - M3x10 Steel 4.6 Plain:165,001_right_wrist_long_latest:1+wrist_3-right:1+Component5:1,,,,,,,,,,,,,,,,,False,origin unreadable
000_right_arm_long_wrist_latest,000_right_arm_long_wrist_latest:1,Rigid 428,joint,rigid,Hexalobular Socket Pan Head Screw ISO 14583 - M3x10 Steel 4.6 Plain:166,001_right_wrist_long_latest:1+wrist_3-right:1+Component5:1,,,,,,,,,,,,,,,,,False,origin unreadable
000_right_arm_long_wrist_latest,000_right_arm_long_wrist_latest:1,Rigid 429,joint,rigid,Hexalobular Socket Pan Head Screw ISO 14583 - M3x10 Steel 4.6 Plain:167,001_right_wrist_long_latest:1+wrist_3-right:1+Component5:1,,,,,,,,,,,,,,,,,False,origin unreadable
000_right_arm_long_wrist_latest,000_right_arm_long_wrist_latest:1,Rigid 430,joint,rigid,Hexalobular Socket Pan Head Screw ISO 14583 - M3x10 Steel 4.6 Plain:168,001_right_wrist_long_latest:1+wrist_3-right:1+Component5:1,,,,,,,,,,,,,,,,,False,origin unreadable
000_right_arm_long_wrist_latest,000_right_arm_long_wrist_latest:1,Rigid 431,joint,rigid,Hexalobular Socket Pan Head Screw ISO 14583 - M3x10 Steel 4.6 Plain:169,001_right_wrist_long_latest:1+wrist_3-right:1+Component5:1,,,,,,,,,,,,,,,,,False,origin unreadable
000_right_arm_long_wrist_latest,000_right_arm_long_wrist_latest:1,Revolute 171,as_built,revolute,shoulder_roll:shoulder_yaw:1,shoulder_pitch:shoulder_roll:1+CNC_arm02_x2_shoulder_roll_back_bearing_retainer:1,,,,1.0,0.0,0.0,,,0.0,rad,,,0.0,,,,False,origin unreadable
000_right_arm_long_wrist_latest,000_right_arm_long_wrist_latest:1,Revolute 174,as_built,revolute,shoulder_roll:shoulder_yaw:1+CNC_arm04_x4_shoulder_elbow_support_shaft:1,shoulder_pitch:shoulder_roll:1+CNC_arm02_x2_shoulder_roll_back_bearing_retainer:1,,,,1.0,-0.0,0.0,,,0.0,rad,,,0.0,,,,False,origin unreadable
000_right_arm_long_wrist_latest,000_right_arm_long_wrist_latest:1,Revolute 182,as_built,revolute,shoulder_yaw:elbow:1+3DP_arm06_x4_RS02_shaft_coupler:1,shoulder_roll:shoulder_yaw:1+3DP_arm05_x4_RS02_shaft_bearing_retainer:1,,,,0.0,0.0,-1.0,,,0.0,rad,,,0.0,,,,False,origin unreadable
000_right_arm_long_wrist_latest,000_right_arm_long_wrist_latest:1,Revolute 183,as_built,revolute,elbow:wrist_roll:1+CNC_arm09_x2_elbow_roll_output_shaft:1,shoulder_yaw:elbow:1+CNC_arm07_x2_elbow_front_bearing_retainer:1,,,,-0.0,1.0,-0.0,,,0.0,rad,,,0.0,,,,False,origin unreadable
000_right_arm_long_wrist_latest,000_right_arm_long_wrist_latest:1,Rigid 336,as_built,rigid,protections:1+elbow_motor_protection:1,robstride_02-No_back_cover:1+02-3D-20211009(1).stp:1+3_1_02_067_0020_ASM_1_ASM.stp:1+1_1_06_EB673-516_1.stp:1,,,,,,,,,,,,,,,,,False,origin unreadable
000_right_arm_long_wrist_latest,000_right_arm_long_wrist_latest:1,Rigid 337,as_built,rigid,protections:1+shoulder_yaw_protection:1,shoulder_roll:shoulder_yaw:1+robstride_02-No_back_cover:3+02-3D-20211009(1).stp:1+3_1_02_067_0020_ASM_1_ASM.stp:1+1_1_06_EB673-516_1.stp:1,,,,,,,,,,,,,,,,,False,origin unreadable
000_right_arm_long_wrist_latest,000_right_arm_long_wrist_latest:1,Rigid 338,as_built,rigid,protections:1+shoulder_pitch_protection:1,Robstride 06-No Back Cover:1+R06:1+MAIN:1+1_1_06_EB823-507_AF0^1_1_06_EB823-509_ASM_FL82BLW33-48V-35N.m(tooling-version)(1)_FL82BLW33-48V-35N.m(tooling-version)(1).STEP:1,,,,,,,,,,,,,,,,,False,origin unreadable
000_right_arm_long_wrist_latest,000_right_arm_long_wrist_latest:1,Rigid 339,as_built,rigid,protections:1+elbow_shaft:1,elbow:wrist_roll:1+CNC_arm09_x2_elbow_roll_output_shaft:1,,,,,,,,,,,,,,,,,False,origin unreadable
000_right_arm_long_wrist_latest,000_right_arm_long_wrist_latest:1,Rigid 340,as_built,rigid,protections:1+shoulder_roll_shaft:1,shoulder_roll:shoulder_yaw:1+CNC_arm03_x2_shoulder_roll_output_shaft:1,,,,,,,,,,,,,,,,,False,origin unreadable
